filament_id,segmentation_rle
20110120105534Ch_1,TjZQ21no13M2M2N10O1000N11000O011O0KIbPN6]o17N3K3010O10N2L4M201OITQN^Okn1a09O0O3000N201O0JZOTQNe0kn1^OTQN`0mn1BQQN<nn1=N101000EYQNZOjn1f08O11O^OjPN:Wo1BlPN>[o11O01000O01N1M3M3M4NVXSk1
20110120105534Ch_2,T`Rh21^PV10`okN4N00002N0O10O10O0IJdPN7Zo1KePN6Zo1KdPN8Yo1<L1O01CjPNOUo11kPN1So1?N10O2L3N3L4O1O1O1O1O1O10O010O00100O010O10O11O1N10000O1O1O2M200O10O1]OgPN<`o1O0O2O00O10O1O101O10O002O0000O02OO10000O10O1O001O010O01O001O0001O01O000O1O1O100000001O001O00001N10001NW^WP1
20110130110334Ch_1,h^Tc21oPP27hnQN6J3N001O100gPNAon1j0O1N001O01000O4L21O1NO3N2N000001O010OO11O001O5LO0000O101OO10O101O12N000112J010O001O001O00100O2N2O0O10O11O1O1N11N2N100001N10O01O10O01O01O01O100O001O1O100O0001O010O010O0010O001O010O1O1O100O01O2O0O1O1O0100O001OO100000001O00100O000100O010O1O10O010O0000001O3O11MO2O2M010O100O1O000100O100O1O100O1N2O001N2O1O1O011N2N1O1O2N2MP\_P1
20110214175414Mh_1,T[fZ21SRj08cmWO1N3M2O2M3L3N2O2O001oNWOiRNi0Vm1YOhRNi0Vm1YOhRNh0Wm1[OfRNg0Ym1ZOfRNf0Zm1[OeRNe0[m1\OcRNf0\m1\O[RNEIP1lm1]OWRNk0im1g0OZOXRNUOgm1j0\RNTOcm1l0aRNRO^m1n0eRNoN[m1P1gRNoNYm1P1hRNPOWm1P1lRNoNSm1P1nRNPORm1m0RSNROnl1m0TSNROll1n0USNoNll1R1USNmNkl1T1VSNjNkl1U1Q1O10O3N01XOZQN3hn1I\QN4en1J_QN3bn1LaQN0an1ObQNN`n10aQNNan11h0Nmcaa1
20110214175414Mh_2,UXge21bQh1:QnYN4M3M100N200O1N2N1O2OO0010O100O10000001O0010N01O1M4M2O2O0O2N101O01O01O1O10O10O100O1000O0100O10O010000000O11N10000O1000001O0000000000O100000000000000000001O00001O01O01O010O001O010O1O01O010O010O1O2O0O1O001O01O1O0000000O1000000000O100O2MTgTQ1
20110214175414Mh_3,R^fb21^Pf10`o[N2M3O001O1O00001O00001O001O00000000O0100000000000000000001O00001O01O00010O00010O01O010O010O0100O01000O010O010000O100O10O0010O0000000000001O000000000001O01O01O001O010O00100O10O01O01O010O010O001`PNDZo1<dPNG\o1>00010O001O001O001O0000001O00001O00001O001O100O1O2N1N3MZ`gS1
20110214175414Mh_4,g[[g27jm15WRNG\18Yl1GeRN9k02^l1DkRN9f04]l1CPSN8b05]l1CRSN8a06[l1CTSN8a05ol1JSSN6Vl1BYSN8b05Tl1C[SN8a05kl1JWSN6gl1KYSN5gl1I\SN6bl1J`SN6^l1IgSN5Xl1JkSN5Tl1JoSN5Pl1JSTN5lk1KVTN4ik1LYTN3fk1M[TN4ck1L_TN3`k1LbTN5\k1KeTN7\j1IaVN7^i1HeVN8Yi1HhVN8`l10gLHjVN9Ti1GmVN:Ri1FnVN:Qi1FoVN;Qi1EUTN0Z2<_i1DSWN;mh1EVTN0^2;[i1EXTN0]2;ji1EWVN;Yi1EXTN0a2:Wi1FWTN1c28Vi1GWTN1d27ci1H_VN7Ri1IXTN0h25Qi1KWTN0j21Qi1OTTN1Uo1OkPN0Vo10jPN0bo11COkPN1Uo1OjPN1Wo1OiPN1bo11DNjPN1Wo1OiPN1Wo1OiPN1Wo1OiPN0do10D0gPN0Zo10fPN0Zo10;0ZPN0fo1000PP40PPL00000000000UgVT1
20110329082654Uh_1,f]Tm01bQ`12XnaN4N1O2N2N1O100O010O0100O010O1O10O0100O10O01000O010O10O0001O01O010O1O0010O010O010O01O100O10O01000000000O1000O10O10O10000O10O100O01000O0100O10000O01000000O01000O010000O0101N10000O10O010O010O010O010O100O1000000001N10001O0O2O001O1O1O00010O00O101N7Hjaei2
20110329082654Uh_2,f^TR21lPf03mn[O6K2O1N111O1010O3N0O1N2O0000O010O00010OO0101O00000O100001O2N1000000O0100O103mPNICK[n1=kQN>mm1l0O4L0O1001N2iNRRN8Qn1UO_RNj0]n1M2K6L5K5G\PN0W^mi1
20110329082654Uh_3,PVoT11kQf01Qn[O=B9cPNCin1m0M2N3M2M7J3L4L4L4L4M2N1N100O01ZObRNkN^m1b0hRNROO9Ym1;`RN]OS1K`l1i0_11OO2M3M2O2N2N1O101O0O2O1N2O1O1O1O0100O10O2N]ibg2
20110329082654Uh_4,falW11cP^19QocN4M2N100000O100000000O101N100000001O10O1O01O1O100O1O010O00010O01O01O010O010O01000O100O010O10O10000O10O10O010O1000000O10O010O0001O1O010O0010O0010O10O011N101N1O01O0010O000000010O1O01O010O0001O00001O1O2N3MW\Y`2
20110329082654Uh_5,YVga21fQV13UnkN2M4N001O1O00000010O1O100001N1O1O1O1O001O2N1O0000000000000O1000O10O010O00EhPN0Vo10lPNOTo12lPNMTo13mPNMRo12PQNMPo13RQNKnn14UQNIhn1;=2M20001O0001O0O101O000010O001O1O001O00010O1O1O100O01O10O01O1O1O1O1O010O2O000O100O1O100O1O1O1O101LYiVW1
20110329082654Uh_6,ekd[21dPR13VooN3N101O1]PNH\o1>01O00O100O100O2OO1000001O010O00010O0010O00O101N2O2M4M1O1O06K2NO10O01O2N2O1N4L3N2M2OO4M00O010ZQNQOYn1o0dQNUO\n1l0`QNVO`n1U11O000O2N1O2N2M4_OSQNCOMXo1:a0IeRW_1
20110329082654Uh_7,jR[W26io12O2N2O00000000001O00O02O0O2O0001N2O0O1002N001O2OO000010bQNCVm1=gRNEZm1<aRNGam18[RNKfm15WRNMjm13TRNMnm15nQNLSn16hQNLXn16eQNK\n1k03N3L3L5L3M2G:Iikje1
20110329082654Uh_8,S\i_11ePn04UoSO6J2N2N2O001N2O0O1O101N2N2N2M3O4L001O03M2N101O000O2O1N2N2N1O1@gPN7Yo1IhPN6Xo1IhPN7Yo1IgPN7Zo1HfPN8Zo1HfPN9Yo1EjPN:_o1O0010O001O00000001N100000001O0000000O1000000O100O2N1NcbV[2
20110329082654Uh_9,`dZb11iPl03SoUO1O00000000100O0000001O001O001O00010O00000001O000000O1000O10O10O0100O010O10O01O0000O10000O1001O00O110O000O20O0100O010000O10O1000001O000O011O1N1OX[WX2
20110408083214Th_1,`Uc\11SSn04dlSO4N2M101O100O1O1O1N100101N1O000O1O2O1O010O1000000O100010O0000010O1O001O1O010O00000000O101O0O20O00001O0010O001O00000002N001O00O010O1O100O100O2N2MPjl]2
20110408083214Th_2,afTj01jTn06mjSO8E=D6L;C4N3L3N4L3K4N2NXO\RNWObm1h0jRNnNTm1R1SSNhNll1Y1l001M5L2L5M10I71N11NnNYQNP1kn100O00101O2M3N1N2O1O1O1O01N1O2M2N3L4N1N2010O1O2O0O101N101O2N2N2N3N1N2N3L3MVXoP3
20110408083214Th_3,[iVW31mQ`00omA3`PNNQo14=1L5K6H6K4oPNWOgn1U1J8C;J5N2N1N2O010001M8F9E8J4N4N8I3M1M6ISUaf0
20110408083214Th_4,V_`\11ZQ>7WnC9M3L4L5K4M2M\O\QN1cn1LbQN3[n1KlQN3Rn1MPRN4mm1KVRN5im1JYRN5gm1J\RN5cm1J_RN8]m1HeRN9Xm1GkRN;Pm1EUSN9hl1HYSN8el1I]SN6al1KbSN3\l1MeSN3Zl1MfSN3[l1LeSN5[l1KdSN5]l1JdSN3_l1LbSN1al1MVbYa2
20110408083214Th_5,fgTg25jo12N1O001O001O001N2O1O1M2M4N2O0O2N1010OnQNYOll1h0RSN\Ojl1f0TSNDbl1>]SNC`l1`0]SNDal1=]SNEbl1<\SNGcl19\SNIcl18[SNIcl1;YSNFel1a0USNA^l1V2J6H8O1O02O0000O02N1O2M3G9ZMlSN[1Yl1bNkSNZ1Yl1`NmSN\1Vl1aNPTNY1fm1B7L4HjPNAWo1=7O100O2O3L6JjXYU1
20110408083214Th_6,d[cX167MWo1`0N2N1O100O010O01OO20OO101O0000000000O101O1O100O1O100O010O10O01O1O0000000O10O10O10O1O2O001N10O2O00O2N011N1O1O1O100N21O001N1O2O1H8M7Edo99WPF4_OGVQN<fn1JVQN5ln1MRQN2on1OPQNORo12oPNKRo1KQQN0O1Qo1MTQN1M0nn1OWQN1Qo1NPQN3on1MRQN4mn1KTQN5kn1LUQN4jn1LWQN3in1MXQN2gn1OZQN0fn1O[QNOhn10XQN1hn1OXQN1hn10VQN0kn10TQN0mn1OSQN1mn1ORQN2nn1NQQN0So10lPN0Uo10jPN0Vo10kPN0Uo10jPN1Vo1OjPN0Vo11jPNOVo11jPNOWo10hPN0Yo10gPN0Yo10gPN0Yo11:0]PNOYo10gPN0Yo10gPN0Zo10:000]PN0Wo10<00010O000000000PP20ooM1]PNOYo11gPNOXo11hPNOWo12iPNOVo11kPNOTo11lPNOTo11mPNNSo13lPNNSo12mPNNSo13lPNNSo12mPNNSo12mPNOSo10mPN0To1OnPNNSo12mPNNTo11mPNOSo10mPN0So10lPN0bo10O1O0oo1OeiR^2
20110408083214Th_7,Wi`n11bP`03WoA4M3O2N4L3M3dQN\OWm1g0dRN[O\m1i0^RNXOcm1LkQNn09WOUn1h0gQNZO^n1b0_QN_Ocn1`0[QNAgn1k05L3L5L0O1O2L4M2O0O10O102N1002N1M3N2NgTon1
20110408083214Th_8,aiVc21mo16L1N2O1O1O0010O0100O1O001N2M3M2O2N1O2N2O1N2O2N2N1O1O2O001N2O0O2O000O3O0O0O2O0O1O5K11OO01O1O2N1N1O1N2M3F:N200O1O010O1O2O0O1O1O1O1OO1100O1O2M2OG_OUQN>ln1FRQN1Wm1K`TN6WN0Tm1LgTN5UNOol1MnTN6RNMol1MQUN5PNOll1NSUN5PNMll1NUUN6oMHol11SUN=nj1CjTN1UN;Rm1EgTNLXNd0Pm1@hTNK\Na0ll1DZUN4fj1JiTNMfN8al1IiTNOjN5_l1KfTN0mN4]l1LoSN0A062[l1NnSN1^O0;OVl14RTNNYO0`0NRl15YTN1lNMj0Mlk18eTN1Wl1HXU<OnlC001O0O1I5bM:eTNFbk1JoRN1[11]l1N_SN1gl10SSN0Um14]RNNlm1NPRN0Un11cQNMA1Qo1O\QN0A4eo1LjXcU1
20110408083214Th_9,VfjW2=bo110001O0010O1O1O1N1O2O1O100O010O01O0100O0100O10O1O1O2NZY]f1
20110408083214Th_10,P`lQ11iPf03Qo[O1O2M2O1O101O1000O10O1000003^QNDZm1=dRNE[m1<bRNF_m18aRNJ_m15^RNMdm14oQNCH=Zn10kQNDJ<^n11eQNDL:cn12^QN5dn1a03M3M5L1N3M4M3M3M2N3M3Jo^Wk2
20110408083214Th_11,`cnW31hPd08nn]O6K3M3M20O0010O002N2O100O11O10O1N1010O1O1O0O1O1OO05L1N2O0N2O17I01N0001001OO2N00O201M4KjXed0
20110408083214Th_12,eifj01eQ<0bnC0fna00dRF0_nI2O1NNUn;OkQD1hU[S3
20110408083214Th_13,bhPb21lPR13PooN2NLWPN2oo1Mbom00\PRO000PP`00PP@2O010RP2NPPN0SP80fQF1[l1OcSN4Un1O1OXNNcSN1Vn1OYN0`SN0al10^SN0bl11]SNOYn11XNO`SN2_l10^SN1dl1NWXaY1
20110408083214Th_14,S]dj11dPh27ToYM1O001N10010O00001O00001O00100O1O100O01O1O001O001O001O010O10O01000O2O1N100O0100O01O010O1O0000100O0001O00001O00000O2N1O1O11O01O1O1O1N1001N0O20001N11O01O1O001N1O101O0000001O1O10002N1O00001N101N2N2O1N2N010O100000O2O1O10O0000001OO10O10O01O01O010O1O1O010O2N2O1N3N00O10O10O100000O10O100O100O1000O01000O00100N102O1N3N1N2O0O1O1O1O1N4L]_[h1
20110424064534Lh_1,`jbl165N[o1>M2N2O1O1O1O001O0000100O2O0O1PQNTOkn1S1N000002M2N2O0O100O001O000O101N2O001O001O1O1O1O1O001O1O10O0010O0001O001O0010O01O1O1O1O010O10O00010O0100O01O1O1O11O<D1O001O0O3UQNSO]n1Z1N2N100O1O10O00001O001O1O1mNTRNOnm1OVRNMlm11WRNMjm10]RNGhm17T1KmSYm1
20110424064534Lh_2,nifk11dPh01UoYO7LKaPNN^o119O1OXQ<1enC6L3L4M20BbPN9eo10N1O6J2M0001O0O2O0O100000O01O010N2N2N2N2N2N200N2O1O1000XTeP2
20110424064534Lh_3,Y^jU11`Qd19Tn]N5L5J6K5J3M4M2N4L2O0O10001N101O100O1O103L4L3MgNYRN:fm1D^RN;bm1CaRN<^m1BeRN>Zm1AjRN=Vm1AoRN=WO^O\m13`SNk0al1POdSNP1jm1L1N101N1O01O1O2O0O2N2N1O2N100OYO^QN1bn1M_QN4`n1KbQN6]n1HeQN9Zn1FgQN:Yn1DiQN=Un1ClQN>Sn1AnQN?Rn1]OSRNb0gn1N2O001O1O001O1O1O01O000010O011O00O1000O1O00100O0000O100010O010O1O1O000O001O1O001O01O1O001O001O00010O1O010O1O1N10000001N2O1M6Hj[Ua2
20110424064534Lh_4,i\Yk01^Pn04\oSO8I2N3M2N2N1O2O0O1O1O100O11O8H2N10OO2O0000001O001O001O00000O10O0100O10O0100O10O100000O10O100O010O010O010O001O10O001O00001N3N1O1NQafo2
20110424064534Lh_5,i]Th01nPh0;enYO4M3M8I1O2N2O0O3N0012M10N3WQNmN_n1_1L1O222L1NeNfQNn0in1>_O2O3K2N11OO1O1O2N0014J2O2_N\RN`0gm1ZO]RNe0an1M3N3M1O001O00011O3L10001OO0100O1O1N3KQ]gS3
20110424064534Lh_6,gXed11YT\14`keN5M1O1O001O001O00010O000001O0000O0100O0010O01OO2O0010N20O0001O01O010O1N2O1N2O010O1O100O1O1O0010O010O010O0000O1O100O01O1001O0O1O1O1N3N0O2O0000O10000000O01O1000001N2L301O1O0001O02OO010O1G9M3001H9I8L\fhS2
20110424064534Lh_7,`fX=1WR<4^mE;G4C>K4M4K8D=PRNSNam1Z2L3M107Ia0@1N1OXMgSNj1Wl1oMTTNT2kl11O10N3L2N2N3L6XNTRNQ1bn1K7I3Kf0YO`Ua`3
20110424064534Lh_8,ZkVP21oo10O2O010O01O010O010O100000ePNOgn10ZQN8]n1HoQN1lm1OURN1jm1OVRN1km3OYRN1[o=O]oK0PPF010lN0TRN3lm1MVRN2bm10`QNOP1Ocm15V1MkSUm1
20110424064534Lh_9,P`Ri01ePd06[P\OOim1OnQN9Rn1F^QNO1b0an1c07I4L3Mb0_O2N4L1NVn50jQJ0\P80ooE0Zo11`PN1co12hQ:Lan;2h\QS3
20110429120534Ch_1,ndVS25jo12M3O1O1O20001OO1O1O1O10000000O10O01O1O1O0000O10000010O0000010OO2O10O0000011N100O002OO02N1N3N3L2OO1O2O1O1O1N2O001O1O0O2O000O10000000O010O001O1O1O001O1O1O11N1O2B`PN8go1KUXeg1
20110429120534Ch_2,Y`Po28go13M4M:F2N1N2O00O2N1O2N10000100O0100O10O1000100O1O1N4M02M1O1O0O2O1O1O0010O01001O000O2O1O100N101N100O3N001N2O11N10O0O102N2M1O10000010O9F2O2OO14K001O0O011N2N2O0O1O1N2N3J6KU]ek0
20110429120534Ch_3,gfhP11hP:3QoG8H5N21O0110O0O000O0100O001O0:F2N5L9KOO4L16H2L`0_O8C[PNNhU[m2
20110429120534Ch_4,kY]]21bTh07UkYO2N1001O0001O001N2N101N2O00O1O10O1O100N3M2L4O1O1O10O01O00OH62M40_MXOiUNj0Vj1]O_UNh0`j1_O_TN]1ak1jNfSN[O5m1Xl1[12O3M<ROWSNmMml1i1[SNUNil1i0PSN@>Del1g0RSN^O`0Gel1d0j1N1N3M3N2O1N01N10Omc^^1
20110429120534Ch_5,_bje21[Pl05_oUO2L5N2N2N00O4B]PN8go1O1O1OO10000O101N010O10O2O002N0O10O100O1O0O2O010N11O100O1O00000010O000000000000000O100000000001O000001O000001O1O001O1O100O001Nn[kT1
20110429120534Ch_6,Pjna08co17H:F:H5N1O1O1O1O2O00O1O01L4N1O1M4J6I6M3L5M3K5JSOPSNUOkl1m0ZSNROal1P1dSNnNZl1R1iSNmNUl1R1oSNmNPl1R1STNlNmk1S1VTNlNhk1U1[TNhNfk1<iSN^Oh00`k1`0lSN\Oh01\k1c0aUNXOaj1h0T2WOWQNl0en1:L3O1N01E;O1O110N2N3D<M4L3NaYkZ3
20110429120534Ch_7,fXQe16io12N2N100O010O000O1O2L4L4G8N2OM101K41010N2M2K6M5N1O2M4MSiVY2
20110429120534Ch_8,gddm21WQT11fnmN2N3N1O1O010O01O1O10O2O0001N02N6J1O01O0O101O001O0O2O1N1O1000000000O1O1O1O10000O0100O2O0O100000000O1O1ON3O01O01O001O010O00001O0F:O2N20O000O2L3M4J5O11O001O010O010000O2O1O1NlZkk0
20110429120534Ch_9,[cl[21XPh02eoYO3M2M3O3L1O010O00O101C`PN8eo1O2OO1O1O000010O00001O00100O10O010O0001O01O001O01O000000010O10O010O1O1O1O010O001O01O1N3N1N2Oa[g_1
20110429120534Ch_10,Q[_m06io12N100O11O00O1O0O100O20O010OO1O2O1O10000000O10000O100O1000O001N2L3O2N2L4N2O0100M3O1O0010O1O1O10001OM302XOmPN`0Zo1000010O4L1N2O1N2N103KWe`n2
20110429120534Ch_11,Xj\X21`Sh00dlWO2co17N2O0O2M2O0000000100000N4K4M3BVO`QNn0Pn1i0N1LOVO`NjRNL>]1BdNVm1b0kRNn0]m1j01N1O2N1M3I7K5I8O1IgQNfNZn1Z17ZObQNG_n16eQNI[n16gQNJYn10RRNJoRcd1
20110429120534Ch_12,edP:2R24]NO4MQUV23TjkM4K6K3WG@QbNa0o]1_OoaNc0ff11L4N2O001N11O11N102M101O001N1O1O2N1O1O2N1O01O1N1_ObQN_Oan1>a0O1000001O0O11O00000O2OO10O00020OO1001N10001O01OO100O1O101O000O2O001000O2O3L100000O1OO101O1N2I7L5L_o17[PN4L3N2M2KCRQN2kn1O[QNM`n16a05ePN@mn1T1FoNcQNh0Vn1YOQRNe0lm1XO^RNc0_m1[OkRN?]n1M2M3M3N20bNKRSN4nl1LRSN3nl1NQSN2ol1OPSN1Pm1OQSN1ml1MWSN2[n10\NN[SN3al1McSN1Tl14RTNKik14]TNLak13bTNMZk13W22N01NPRN3Tl1LnSNOaNO]m10TTN1dNOSm11YTNOXl10gSN2Xl1OgSN0Zl11eSNO[l11fSNNYl15kRN:^OAfm18jRN;\O]Oim1:kRN0dm11\RNMdm1NcQNNl0Oem10eRNNZm11iRNNXm11[R26inMJ6OQP20E1aYoZ3
20110429120534Ch_13,ehb:1`U\30]jeL1C1hPN1]o174KXo=KmPB10OO1eoe0Obo[O1hPN01O10O1000O1000100001O3NO0000O0O1mPNL[n14eQNL[n15dQNK]n15aQNKfn10SQN4Zo110MC1RQNOhn10h0O1OfPN0`n17bQNJZn16hQNJWn12\QN22Kcn10\QN3JN^o14gPNLTo10ePN0mo;0koE0001ORP40PPL000PP20PPN0lo70TPH10O10O1000O10oo10_O0SQL0on14kPNLXo14ePNL`o12[PN0ho1OQVi[3
20110429120534Ch_14,ied^17io12M2O0O101N2O00001O001O000O101O00@hPN9Xo1EmPN7_o100O1000O100000O10000O10O100O2O1O2M3N01O0O1O2H7NZYe^2
20110429120534Ch_15,ZefW12no12N1O011N10O010O001O10O1O0O1O100011N10O003N0O2O1O001000O02O2`PNJon1d0002L4L3L:BiYoe2
20110529063154Uh_1,ZbS^11lPV31RokL2L4N1O0O2O1O1O001O1O1O1O100O1O2N011N1O2O0O100O100O100O10000O01000000O2OO010000O100O10O100O01O010O01O01O01O00001O1O000010O01O1O001O100O1O0100000O01001N011O001OO11N011OO010O100O100O1O101O0O100000O0100O0100O010O010O010O10O10O02N100O001O1O010O0010O01O001O0010O010O01O100O01O10O01O001O0O10001O1O001O001O0O2O001O1O0000010O00010O01O010O00100O001O2O0O1O10O0100O1O00100O001O001O0000001O0O10000O10001O00000001O00010O0100O1O10O01O0001O01O00001O001O001O001O1O1N3N1O^Y^P2
20110529063154Uh_2,Pcfi14jo13N2N0100001O0O103M3N0O0O101O0O101O00001N100O100O1O010O10O010O0010O01O01O1O010O10O0100O10O10O010000O01000O10000O10OO2IjPNCWo1;800M3O2J7Me]UR2
20110529063154Uh_3,a`c]26io14M001O0O1O2O0O101O0O2O001O001O001O001O000001O01O0001O01O0010O10O0010O00010O01O00001O00001O00000000000000O1000O1O100JXOSQNh0mn1ZOQQNg0on15O100O01KSQNWOln1i060000O101O001N101O0O10000O10O10O10O10O01O01O10O01O010O1O1O1O01000O10000O0100001O001N100O3K4IP`Z[1
20110529063154Uh_4,YceT26go16K5M2M2O3M1N3N2N010O1O010O000001O001O00001O00001O0O10000000000O10O1000000000O1000000O10O0100O2O0OH@RQN`0ln1CSQN=mn1CTQN;mn1DTQN<kn1EUQN:ln1FUQN9jn1GXQN8hn1GZQNLI5mn10aQNN]n15cQNKYn18jQNFVn1:kQNDTn1=h00O0010OO02N2O010O001000O0100O10O0100O100000000000O10000O100000O10O010O01O001O000001O1O1O010O10O0100O100N2O1O001O10O01O1O1O00001O100O0100O0100O01O10000000O10O\O^OlQNb0Wn1]OgQNb0]n1\OaQNe0_n1\O_QNc0dn1\O[QNd0fn1]OXQNc0in1^OSQNd0on160O101N101N1DjPNMXo12hPNMYo13gPNK\o14dPNL\o14dPNL]o1;001O0O10000O2N10000O2O001N101O001OYOKcQN6\n1JdQN6To10XOJdQN7So1O01O010O0001O000O10000O1000O0100O100OVONhQN2Wn1NiQN2Wn1NjQN2Ro100O1O01K0ZPNOfo160O1O010O1O1O0100XOMcQN1_n1O`QN2`n1N`QN1an1O_QN1an1O^QN1cn1O]QN1bn1O_QN0bn10]QN0dn10\QN0cn10^QN0bn10]QN0Zo10O00100O00010O001\ONYQN2hn1NWQN3hn1MYQN2hn1NXQN1in1OVQN2in1OWQN0jn10VQNOkn11TQNOmn10a010001O001O01O0NUPN1i_^[1
20110529063154Uh_5,eYgj18go12O1O0000100O10001O5J02OO100O00001O000000O010O001O100O001O1N1O2N20O1O100O100O01000000M_PNGao19`PNF`o1940010O01O002N01O2M2N2NXffQ2
20110529063154Uh_6,]idU31XPb02bo_O7L1O001N100000000000001O001O1O001O00001O0000000000O100O10000O1L4N2O10000O10O03K`VWg0
20110529063154Uh_7,]PkW11aPb06bo]OJ53Qo12nPN<kn1=WQNRO\n10\QNP13SOan1^1H6KO1O0O20001O2N3N0O2O3M0O10001N1O3POUQNe0Xo1K:G2M1O3Lamje2
20110529063154Uh_8,eagS21_QP10]nQO120ePN0fn1O\QN1cn1O`QN1]n1OdQN6Ro11OOO01O1O001O0O100N20ooa00Vo]O0fQN0Zn10fQN0Zn10fQN0Yn11gQNOYn11fQN0Zn10fQN0Yn10hQN0Wn11iQN0Vn10jQN0Vn10jQN0lm12_QNNe00jm15aQNJd02im16cQNHd02hm17dQNGd03fm17gQNEc04fm18fQNDc05gm17_RNHam19_RNGam1:_RNDbm1?a0AXQNa0fn1CVQN?in13WQN[Oin1c0ZQN\Ofn1d0ZQN]Odn1d0[QN]Oen1b0\QN^Odn1b0\QN_Ocn1`0]QNBan1?^QN@KJfn1e0`QN^Ofn1?]QN@dn1<_QNDbn1<^QNCdn1:]QNGcn19]QNFdn19\QNGfn17[QNHfn18YQNIhn14XQNNhn12VQNOln10SQNOon10RQNMD0]o11W^jf1
20110529063154Uh_9,ZZkn21YPd03PP\OOVo17dPNKZo1?O0010O00001O0001O2M2jPNYOQo1k001O0100O0100O01O00001O0O10000O1O11OO2N100O1O2K4O2O0O2O0O2N2KYPNNjdjm0
20110531070514Th_1,^b\f01nP\12mneN3N2O2N1O001O0O100001N101002N1N1000000O3N2M3N3N2M2O1O3PQNQOhn1T12N1O1N4M0O1O20O22M1O00N0001N1O1O1O1N2N2N2O1O001O0010O000LFcPN9\o1IcPN7\o170001O010O1O01O100O100O3N0010N101N2O0O3M4M?nPNjN[n1_1O01N2O0N2H9XOWQN2bo1JYYeR3
20110531070514Th_2,Yc_S27ho13M3M2O2M3M2N2O1kPNYOon1l002N1O0100O0010O1O100O10UOWQN>Vo100O2O2N0000O002N002N1O2N2M2O1O2N001O1O010O14K1000O0100O01O0O2O1O2N1O1O1O1O0101N3N1N3N0O1O1O001O0002N1O000001O0001O0001O1O1000O000100O010O00000001N101O00O10100O100100O00O0101N1O1O002M1N200O2N2O1O1O0105K2M1O4N0O2O0O4L1N3M5L0O0101N001O00010O00001O001O000O2O1O2N1N2O1O1O10O007J0O0010O10O00100O00010O1O3M2OO01O100O100O1O100O01O0010O3M1N100M4LkXb`1
20110531070514Th_3,XWog01aRf03Zm[O10001N10000000O01000O1000001O0000O010O100O1O001O0O2N2N1O1K5O1N2N0]OAgQNa0Zn1?3OO02O000N2N2N4H8C=M[h^T3
20110531070514Th_4,lZ^P16eo16M4M2N3N2N101O001O2N2N1O6J3N1O01N0001O1:E1O1O2N12N2O000N00O20OO02N2PQNQOln1U1L3N4K2O0O1O2N1O10O1O2N2N1O100O100O1O1000010OO0aQNhNWn1W1gQNPOUn1P1iQNROWn1\104L00iNPRN>nm1]OYRNb0gm1YObRNc0]m1[OgRNd0Ym1YOjRNf0Yn11O300M100O01O0O1O2N102NO0010O0010100NjPN\OQo1k0N11OO0100102M3N5K2N2M000000O101M3M2N3M3N1N4M1O2N1O1O2M8Ic_Wh2
20110531070514Th_5,maV[21dQh13WnYN2O1N1000000O1000000000000000O100000O100O1N2O100O1O10000O01O1O100O100O1000001N10000000000000000O1000000000000O100O100000O1M3O100000O100O10O2O0000000O1O101O0000000000O11N10001N100O2N101N10001O0O101O0GZOWQNh0gn1[OVQNf0in19O10N1O2O0N3O1O10O01000O1000O01OO2M3G801O1M3O1O4L1O2O000O1Of]iZ1
20110531070514Th_6,UcUe22lo15L2N1O2N2O001O1O1O0O1O10002N1O1O01O1O001O00101N01O10O01O1O100O01O001O00010O000001O01O000000000000O0100O02O1OIhPNFXo1:hPNFfn1OfQNb0Zn1_OeQNa0Qn1^OhQN26`0om1BjQNN7`0nm1DjQNL8?nm1GjQNJ6`0Pn1GhQNJ8?Pn10PRNOQn12nQNMSn15kQNIWn19gQNF[n1:dQNE]n1<aQNDan1l01N2O1O101O0O1000000O100O100SOXQNa0in1^OhQN2To1O001O1O0O2Oh\RU1
20110531070514Th_7,\bj\17ho13M3O0O2O1000O100O10O2O12N0O00O0001O0001O3M5L2N1O1N4L010020WOQQN;\o1M102M5J^[o`2
20110603123034Ch_1,^j`d01dPl03WoUO3N2N2N>C0O3M1002O1N2N2N2N2N01000O01O001N3N3M1N11O1N201N2O3M1N10O10O001O00100O1O0O10O100O1O010O00O1O2O1O1O01O10O01O100000O2O0O3M2M[R_V3
20110603123034Ch_2,bVSk11[Sf10cl[N2N100O100O01000O1O001O1O1O000010O10O001N1O1000OO2O001O001O010O1M3M2L40O10O0O20000O1O20O2N2N2M3O1O000O100O2OO10N1100000000OO3N1O2O2N3Kjhnn1
20110603123034Ch_3,[cRh12mo13L5L3M2N2N2N2N2M4M2O0O10000001O1N10000O10000O10O1000O100001O000000000kPNWOSo1i0mPNWOSo1i011lPNWOQo1i0oPNWOQo1l00001O00010O10O00000100O10O010O100O1000O001O2O0010O001O00000O110N10001O001O1N10001O10O04K2O2N1O000O2OgPNLfn14VQN1hn10UQN1ln1b01N2O0O1O1O002N001O1O101N1O2O0O10000O1000000000O10O01O10O01O1O01O001O001O1O1O0O2N101N10001O10O010O1O10O10O01000O010O100O0100O10O0100O10O10O010000O010O00001O01O102M2N1O010O1O1O001OVY_l1
20110603123034Ch_4,R^Pg01SQT13fnmN9JO2N100000O1O2O1O0O2O1O001O1O0N3M3N2M4N2M2O1O1N1000O2N1POUQNk0Qo1N100O1O0000O2N2O2O1N101O0001O002M2O01000O101O0O1O1N2O10001O1O000000O2O1O4Mf0mPNaNXn1e1NO101N3L4M2M2N3C=IlPN\OXo1;;M4Lh_iR3
20110603123034Ch_5,^WUU11TRX19_miN4M3M2N1N102M2L4M02O10O1O120O01001N1O010OA\QNAfn1<a0O001O0001O1O1O1O001O10O010O2N010O11O00001O0O010001O001O00000000000000000O100000O101O001O01N7J00O1O20O10O010O100O1O0100O10^PNHZo1`00O010O2N1O2N2N2N3G\gfc2
20110603123034Ch_6,_Yde12gQn33SnSL3L3L6M2cPNHmn1f000000O1000000O1000000O10O10O010000001O001O001O001O1O1O1O2M2O010O2OO1O011N00010O2O20OO0O3N2M1O1O01O001N2O00001N10001N10000O10001N1000000O10O1000000O1000001O0O1000000O101O000O1000001O002N1O1O4L3N6J2M1012M0O1O1O1O1O1O1N2O001N2O1O1N101O00001O0O2O2N2N1O100000O01000O01011M1O2O;D100O001O01O001O1O001O1O000010O001O10O000010O0000VOSQNa0mn1^OTQNb0ln1^OUQNa0mn1[OVQNd0To1O0115LM5K6LjPNDen1;ZQNGen1:XQNIhn15XQNMgn1JTQN246gn1GVQN228hn1FVQN308jn1d0O000O101O0000000000O101N10002M101O2O0O1O01O1O1O2O2M0010000O010O10O100O0010O0001O1O01000O0103L01O001O01O01O1O002N001O2N1O1000O3N9G5J2N4L3N2M01O1O1O010O0O2O1N1N3O1N3M4L4L2M3N5@b`ae1
20110603123034Ch_7,oaXe01oPh00nnYO6K3O1O3\QNFZm1?_RNCbm1>[RNAhm1`0l02O3oQNCVl1m0WSNXOhl1h0USNZOnl1d0oRN_OUm1=iRNFWm19fRNKZm12fRN0[m1NeRN3\m1KRSNHnl16TSNIml15USNJkl14XSNKil12ZSNNgl1K]SN6Vn13N2N2OO7JO10O1O001O00O101O0012M10O0O1O1O20O1N;EhXQW3
20110603123034Ch_8,ZWaR21_Sf01Zl[O5N2K4A?O1M1101O0O0O1O201O1O1M3N01N3O00N300O0M3O2O001O100O1O2O0O01000000O200O1000O000O002N101O001N1O102MSh^i1
20110603123034Ch_9,T\jP21PP200000O001O00010O001O2O11N2N001Oe00\o30ooK110N011\Ph0NcoWO000QP20PPN0PP20ooM000QP40ooK1O000000010VP4OYoK2bQNNmm12SRNNlm12URNNkm12URNNlm10XQN1co10\PN0h0Oom11YQN2f0MQn11S10UQNOfm12ZRNNfm11[RN0dm10]RNOcm11]RNObm12^RNNbm12^RNNbm12W1O000010O00002N001O2O0O10O001OTQNMkm13WRNMhm13ZRNKfm14ZRNLgm13ZRNMfm13T10O0101N01O100O001O01O101O1N01000O10QP60noI0RP40PPN0noM010010O00QP40noK1O00000100O1000eQN0dl11[SN0dl10]SNOdl11[SNOel11ZSNOhl11WSNOjl11c1O_QN0Sm10_10011000m0O_^ee1
20110603123034Ch_10,aXQe11fQf02Wn[O2N1O00001O0000000O10000O1O001O1N1O10O100O2OOO200000O1O1N201J5N2OO002O1L4L4N201O001O1O2MVg^W2
20110603123034Ch_11,P`Vb02[QX14]niN?B4L2O1001O1O10O01O2N3M1O1N2O1O1N1N2N2N3L8OI5L2O0001O4K\P60coI3N2M2L3N3M3N3O1OMhPNBUo1;QQNBon1<TQNCRo17oPNLQo10RQN0kn1OZQNNen12\QNNbn13_QNN^n13dQNL[n15hQNJVn15ZRNKWm15iRNKYm15eRN1QOJkm18PSN6Ym1DfRN9^m1G_RN9bm1I\RN7gm1HWRNf0[m1[OcRNg0]m1YOaRNi0_m1VO_RN`0^OE=HTm13nRN=FImm1LVRN5=IIMSm1c0\SN_O_m13hRNMgn1O0106JKYPNNoo1OO10O10O0PP20ooM1cPNOkn10VQN0kn11RQN0on1OQQN0on10QQN0`o1000dXYW3
20110603123034Ch_12,bZZh11_QZ12]ngN3K34L0O100N101O10noe11RPZNO00^P`05do]OMho16O00O0O100N1NackR2
20110603123034Ch_13,gcjR11kPd06nn]O2N101NO2O0002N4L;E2L4N?B4N2NeNfQNQ1gn1OM49FO13MOO000O>B2M3N0001O102M5K2N01N1N4K3K5M4JgWQj2
20110603123034Ch_14,oeTQ21jP^10UocN0QP20ooM0QP20ooM0010O00J0\PN1do1O[PN1jo10LOYPN1ho131NVY[l1
20110706164014Mh_1,Vnjh21gPb07mn_O7K6L5J6J3O2M4L3NlNiQNb0Wn1WOTRNc0hn10ON2OOO10000O1N1000O1N2O1O1O10O1O1O1O0O1001O0001O1O1O2K[oTT1
20110706164014Mh_2,ioXi21XPb00ho_O40M10dPn0OZoQO00000O0110O00000001O0EOdPN3fnVT1
20110706164014Mh_3,\[YZ27go14L4N0O1O1O00100ON2O101ON2N2O2OO100O2NO1O11O0101O1O100O103M1N00EnPNJon18RQNGmn1:WQNAhn1a0:1O001O0O101O01O1O0N2N200O2OO1N2100001O010O01M301O0O2O000O1O0010O0010O01O10O3N4K4LRgl`1
20110706164014Mh_4,Zcfd21_Pb05Zo_O3N2M2O2M102N1007J0O10O0O101O1O01OePNF3N`n1<YQN8en1HYQN9hn1?1M2O1O1O1N2N3A?100OO10O100000O2N100O2M3MQ[UX1
20110811121534Ch_1,[dRm01hUP23RjQN3M2O1O1O1O1O1O0010O0010O010O010O0100000000000O2O00O0100O01O1O00001O001O1O00010O10000O100O100O10O100O00100O0010O0100O101N0100000O1O0010O000010OO20N1O1M3M3O00J70O100O10000000000O10O10O20OO1N10100O10O00O1O2N2N1N2O11OO020O00OHYOZQNi0Un1g011O01O0010001O1O2N2N3L2O2L3N101M4N1N2N2N1O3JaZ]h2
20110811121534Ch_2,`\bo01cPT10YomN5L2O2N101O0000000O1O100O101O01001N1O2N1O0O1000O0100000010O00001O000001O0000001O1O2NO10O101O0000O103dPN]OUo1h0O001O0002N1O0O2O001N2O1N2O0O10000O1O100O100000000000001001OO01000000001N2N1O1O1O001O0O3NXbYi2
20110811121534Ch_3,Tljj27ho12M2N2N1O00M401O0O2O001O010O0100O010O10O01O00000O1O1O1000010O010000O00101M2O1O2NkTcR1
20110811121534Ch_4,`hb\31RQf01in[O5M2N1O2N1O2O1O010YQNDhm1M_QN=h0Gkm19TRNHlm19QRNIom19lQNJTn18iQNJWn16eQNM\n14^QN0bn1g0^RNhN]l1W1aSNkN_l1U1SSNkN^O9^m1k0SSNkN@=\m1?gRNVO7f0Rm13iRNXOKn0[m1LfRN?Ym1U1O1O3N1N111O0VSNXMZl1i0[SNQ12`Ncl1U3HO100O01010O3L01OaMeSNY1Zl1cNSTNT1nk1iNVTNAANLi0]l1^OTUNEbNk0\l1[ObUNc0bj1XOaUNg0ll10001N1O1O6J5GTS[?
20110811121534Ch_5,lVmR31WRd02cm]O3O1O010O0O101O0O0100000O1O2N10O100000O01ON3J600O010O100O2M201N1OJoPN_ORo1`08N101O1O010O1O2M2M5Mehdi0
20110811121534Ch_6,ZcbU31dS<7QlE3M2O001SODVRN<im1ISRN7nm1KoQN5om1OoQN1Qn10hQN7Wn1LeQN5\n1N`QN2gm1BiRNT1nl1\OlRNc0Sm1ChRN>Wm1CiRN;Xm1DdRNVO4k0^m1N_RNWO5c0am1>_RN_Oem1a0YRN^Ojm1b0URN]OQn1`0lQN@^n1_ObQNX1gn1K4L4L10O0LWOWQN0M`0co1EP[Uh0
20110811121534Ch_7,Z^di01hPn04RoSO3M3N4K3N1N2O1O10O01O0100O1O1000O6J3M1O1000O001O1O001O03N0014K1O02N0VRNZOZl1d0cSN@]l1`0`SNBbl1=[SNEgl19WSNHml18oRNHUm16iRNH\m17aRNJbm15\RNKfm17TRNJPn18iQNJYn1m02N3L5K5K4L4L2N3M2N101N10000000O2N2O0001O1O5Cg_UQ3
20110811121534Ch_8,^`Qd26<Mln1f0N2O000O010001O0O2O000O01K4O1O10001O2M2OUOXQN`0fn1A[QN?cn1D\QN=`n1F_QN;`n1F`QN:_n1F`QN<`n1a0010O001O001O001N10000O110OO11N1N2JWQNUOin1j070N2001O1O5L000000O100O1O1O10O100O100O2N101M110O1O1O1O000O2L5NRaTW1
20110811121534Ch_9,hcVP2245[o1<L3N2N2N3N1O2M100O101O0O1O10000O10O1000O1O001N11M201001O00O2N`QN[Oim1b0WRN@hm1`0WRNBjm1?QRNBPn1W11O101O02OO5L2M3OO1N001111L10OO7J7nNTQNa0Yo1L10O3M2N4L2OO011N00100L4O11Nn0ROQOmQN9lm1HPRNa0im1S1I02N004L2N2N0090I5L0M2ObN]RN=bm1\OiRNa0Tm1]OPSNf0kl1WOYSNm0cl1oNcSNQ1[l1nNgSNQ1Xl1mNmSNR1Rl1lNTTNP1mk1mNWTNQ1]m1N3N2M2O1N3NjMYOTUNf0lj1ZOUUNc0Vm1F:K]W_i1
20110811121534Ch_10,_cW^24jo13N1O2N2N1O2N2N1O2O0O2N2O1N2O1N3N1O00000O010O00010O010O1000000O01000O010O100O10O10O1O0100^OXQNKhn15ZQNIfn18[QNFfn19[QNEgn1;[QNBfn1=?0IBlPN>So1710C^O[QNc0cn1@\QN`0cn1A\QN`0an1D^QN;bn1F^QN:an1F`QNKnn16PQNKPo15PQNKPo15PQNKon17QQNInn19QQNEPo1c03N110000O2O0O010O100O010N11O000M3M4O010O0000O1K5O2N1N]OUQN6\o1N2O0O10O01O1000O0100O001O00000000101N100O101N10TOLlQN3Sn1MoQN3nn110O01O1O001O001N101O0O11M2M30OOjNLcRN6]m1J]RN0UO7\o1700000001OOWOBTRN<nm1DRRN;om1EQRN;om1EQRN:om1FRRN:nm1FRRN9nm1GSRN7nm1ISRN5mn1OROLQRN3Qn1MoQN3Pn1NoQN2Rn1NnQN1Sn1OlQN1Un10iQN0Yn1OgQN0\n1OaQN1a_hW1
20110811121534Ch_11,`\gZ11ZQd02cn]O2M101O010O01O0010OO11OO1001O0O10000O1N101N100O2O1N1O2M1N3M12O0O20O10ElPNHWo18801O1N2N2OWcPb2
20110811121534Ch_12,[ePa01TSb03ml]O5Uo1b0M3M2N2O1N2N1O2M1O1O0N3dQNiNom1g0QRN@3Jhm1b0[RNBOLdm1a0aRN_ON0`m1`0eRN\OO3Zm1a0`SN[O`l1d0]1O01N12O010O00L4N2O11M3N3N4L4LoYY\3
20110811121534Ch_13,gXSa21^WZ40`hgK1N11NcPP11]ooNOoo30QPN000gnM0dRN0fn10iN0`RN0`m10_RN0am30WQN000VQN1cm11\RNOdm11[RN0dm12\RNMdm13\RNMcm15\RNKdm16[RNJ[m11lQN6h0H]m16fQN5k0E_m1g0]RNZOcm1g0[RNYOfm1h0YRNXOgm1i0XRNVOjm1j0URNVOkm1k0d00BZOcQNf0Sn1i0N3N8HN2EQRNeNom1[1URNaNlm1_1URN`Nkm1a193L6K10CRRNhNmm1V1WRNhNim1k0RRNXO6Kjm1l0QRNYO6Jhm1n0QRNXO9Ggm1Q1PRNXO]n1h0cQNYO\n1g0eQNXO[n1h0gQNVOYn1j0hQNUOXn1k0iQNSOXn1m0jQNPOXn1m0>N20010N1O11OO00L4011N0O3N20OO1000100OO20O10O000001O0N2L4O100O1O20N02O0O101O00O0100OJEjPN;Vo1611OO1O11O1O1O1O1O100O001O1N2N2O2N01O11O00N2N3N101M2O1N200N20O0100O010000O1O0100O1O0O1O2O1O100000000O00100O00001N10001O2MleXo0
20110811121534Ch_14,^iPn01iPP10VoQO10O0000000000oo10ho[10XPbN00000UVen2
20110811121534Ch_15,Rahn11ePl02WoUO3M2N2M3N2N1N200N102O000O101O1O1O@kPN7Ro1IPQN6Po1IQQN8nn1HRQN8nn1GTQN8ln1HUQN7kn1HXQN6hn1JYQN5gn1J[QN5fn1JZQN6fn1H\QN8Vo100000001O000000000010OO101O0O11O00001O00010O00001O10O01O00001O0O10000O100001F_PN2jo1Ng]Sl1
20110811121534Ch_16,UdVP21RoY10kPhN1O1O020O001O1[QNL^m14bRNN\m12cRNO]m12aRNO`m12]RN1am1O_RN4]m1OdRNLBKYm18k112H^Qh0OhnWO3SQR1MQoQO0VZSk1
20110811121534Ch_17,cjRY28ho12M4M2M8I24K4L11N1O00O1O1N2M2O2O00000O100001O0O10001O000O2O01G^PN4bo1I_PN8go1M00JJbPN6\o1McPN3\o1NePN1[o11bPN0^o1900000HbPNN_o10aPN1_o181O1O5J010O1LiTgc1
20110811121534Ch_18,e^ni01gPf00Wo[O32Mcog00\PXO00000UP>0joA101O1N4NMnP`0L]oC0loK000d__R3
20110819131834Ch_1,\jPo11iP`18nnaN1N2N2O001N101O10O00010O0010O01O001O1O1O000001O0000001O001O001O2N1O1O1O100O1O100O02N1001O01O01O1O001N2N1O1O1O1O2N1O1O10010N02000OO20001N2N3N0N3O1M20OO2O01O00001N102N1O001O1O1O01O3N0N2O1N3M1O1N2O2L3M3KYRUi1
20110819131834Ch_2,_eXd01^UT17iimNg0D`0Cf0SRNoMbl1m2I7I5K5K3M4K4L4M3N1N2N2M3N[NoTN`Nlj1X1hUNaNQj1b1UVN[Nji1Q1VUN[NT1c0di1Q1SWNnNlh1o0YWNPOhh1j0_WNSOah1j0dWNUO\h1e0mWNXOTh1f0oWNWORh1h0RXNTOog1k0UXNQOlg1n0c30001O0000010N1010N11N1@WQNJin14[QNIen18]QNEen1:`001O000O110O10O01N1O1001O000O2M3O010O000001O002N1N1O2MRP4MUPLOTYkU3
20110819131834Ch_3,lhnd01_Q`00YnA1gQN3hl1Me1OaPn00nQ\O0UmE0lPN1Uo11gPN0Yo1;0O5KfScX3
20110819131834Ch_4,RclZ11_Rd15Ym]N3N2O0O2N1O101O0O100O100000000O10000O1O100O1O1O1O1O100O100O100O10O010O10O01000ON3IkPN@Wo1`05N11O10O0100O1O2O1N3M2N2O0O2O0O1O100O10O100N101O1N1M4K4N2O100000O10000O101O00000001O010O00100O001N2O00100O010O10O01O100O10O01O100O0100O10O1000000O1000000O101N2M\\i[2
20110819131834Ch_5,jeRQ31gP`02RoAd0^O:G3N2M2O2O000>E0N2N002N1O10N10O100N1O2O1O1N2O1N2O0O01000O1O1O1O1N2NfWUl0
20110819131834Ch_6,ahSe13io15N100O2N100O1O100O100O100O2O0O1O100N2O1O1M3N2N2M3N200O1O10O01000O1000000001O000000001O0001O1O001O003M001O001O001GoPN_OTo1`0601O01O01O0000000000010O0001ePN]OWo1g0O1O0001O0KjPNAUo1?lPN@To1`0lPN@To1`0mPN_OSo1a0mPN_OSo1a0nPN_OQo1a0oPN_OQo1a0oPN_OQo1a0oPN_OQo1a0oPN_OQo1a0oPN_OQo1a0oPN_OQo1b0nPN^OQo1c0nPN^ORo1b0nPN_OQo1a0nPN@Ro1g00000000000000O1N2O2N1O1O10000000000000O100000000001O001N101O010O001O1O00001O000010O000010O0001O010O01O010O0111N0O101N1O100O0001O010O1O00001O001O000O2O2N1O0O2O3KWWno1
20110819131834Ch_7,ge`T11no12N4UPNJeo1:M3O1N100O1O1O1O10O0100O1000O01000IgPNGXo1:iPNEWo1;iPNEWo1;hPNFXo1:hPNFXo1:hPNFWo1;iPNDXo1a0100O1N200O1000OO200000000O10001O0000000O2O000000010O000001O0O10000O1000001O0O3N1O010O0010O0000001O101N000000001O0000000000000000000000000001O01O00000000000010O0000001O00001N1000001O0O1000000000O1000O01AjPN4Vo1JmPN5Ro1KPQN3Qo1MoPN3Qo1LQQN2Po1MQQN3nn1MSQN3mn1MTQN1mn1OSQN1ln1OUQN1kn1OUQN1]o100O^O0VQN0jn10VQN0jn10VQN0]o10\O0c01O00010N11O1O0000010O10O010O010oo10QPN0oo10QPN0O010dPN0gn10YQN2fn1NXQN3hn1MYQN2gn1NZQN1gn1OXQN2gn1NZQN2en1O[QN0fn1O[QN1dn1O^QN0an11g0O000010O010O0oo90QPJ0PPL0lPN0Zn10aQN4^n1M`QN6^n1KaQN5_n1LaQN0bn11^QNMdn13\QNMdn12]QNNcn12]QNNcn12]QNNcn11^QNOcn10^QNObn11^QNObn11^QNOcn10]QN1bn1O^QN1cn1O\QN1Zo1O[O0[QN1Yo10\OO[QN0fn10YQN1Zo10]OOWQN2jn1NUQN3[o101NAORQN2^o1O010O00001O00C0lPN0ao1000o[k\2
20110819131834Ch_8,U^cP16ho15M4L1O0100O1O000001O0O1O10O010O0100O2O2N2N2N001eQNXO]m1j0]RN\Oam1b11N1O5K2N1O0O2N2O1M4L3M3L5M2N4L3K7DWadl2
20110827141254Bh_1,ZlbR25ko12M2O1O2N001O1O1O00100O1O00001O0010O00100O2N2N1O010O01O1O1O0001O010O001O01O0000010O000100O00100O0010O01O0100O1O10O01O01O000O10001O000000000000000000O1O101O0O100001O4MO00O01O2M2O1N2O1O10O10000O101O001O0O01O100O1O1000001O00001O001O0010O100O1O2N1O100O1001O000O010O010O10O11N102M100O011O001O1O1O2M2O1O102MO2O003M310N1L2N1O0O2N5K6I[QUc1
20110827141254Bh_2,bi\\3?ao11N3M2N1O2O101O0O2O1N5L1O1O002O00O1O2N11N1O00000000110O0OO3N1O001O00001O1O01O2O0O01010OO2O0000O10O110N110O0O2N20O0000002lPNXOjn1o0010OiQNmN`m1R1\RNTOfm1c11N0O2O7G8I2N0OO202TRNnNfl1T1WSNnNhl1T1TSNoNll1R1oRNQORm1F^RNS1>WO]m1j0]RNXOem1k0TRNWOom1Z15L5K2O0O102N2N2M3M3M2M2O1O2M2N9H5I6KZQ[=
20110827141254Bh_3,]g`b11cPj03YoWO2N1O1O1O1O10001OO100O1O100O2OO001O010O100O102N00O01000O10O10O10O2OO10000010O1O001O0000101N1O1O1O2O10OjPN@jn1l0ON4L3N1M4J:FWVoX2
20110827141254Bh_4,Wmhn11WPb04do_O1O000O10100O1O001O00100000000O2O00O10O1000000000000O110O002N01O1N100N3N3LeQYn1
20110827141254Bh_5,ilRY21no10001000000000000000_PR10eoYO0loC001001O_Qd00bn[O3NNO00000O00000O0UQUc1
20110912142254Bh_1,jbj\21SQ\25eneM5L2N3N1N10O1000O10O100000001O000O100001O000000010O000100O01O010O10O00100O10000O100000O10O10000O0100O1O100O10O100O2O1N2O2M11O000O1O102M2N2O3M0001N10O10O2N1O1001N10O010O000010O001O0001O0001O000010O01O1O1N2O001O1O1O001O010O000100O1O1O2N2N2O0O100O100O010O10O1000O10O10001O00001O001O001O0O10000000O10001O000O101O0000O02O000000000O1010O00O100O1O1O1O1O3M1NaXiU1
20110912142254Bh_2,Wbkf16ho13N0O1O1EFoPN<on1KjPN7Uo1:AZOeQNe0Yn1BbQN>`n1EZQN<gn1=1N2O2O1M4M2O2M2O1O1O1O2N1O100O3M1O010O2O1L7JP_PW2
20110912142254Bh_3,damT24jo13N2N101N001O1O10O01O001O100O001000O10O1000O10O100O0100O0100O000100O001O0100O00O100001O00O02M2O100O01NHEPQN:Qo1HmPN7To1:0O11O01O0000O1O110N1000O101O00OO2N2N20ON11H8O3N0100O10100O0O10001O001N101N2O1N1O2O00100O1O00100O1O10O01O1O1O2M2O2N10O0O001H801M1N3N10011NO2100O0010000O1000O010000O01000001N101N2O001O000000O1000000001O00001O0000O2O00000O2O000O1O2O0000010O01O0O2O001N101O001N10001N100000000000100O00001N2O001O1N3LYb^^1
20110912142254Bh_4,^clf01nPR15jnoN6J4M7I3N4L4L1010O7J1N1O2N2M4M100O1000N10010O0000O10000O010O01O1O7I;E2N3M2_QNhNVn1b1O01eNnQNf0Sn1TOVRNh0bn107J0000O2O1OOO1002N2N3L2O01O000000O1O100O0000000001O0001N2N1O2M3L\X[S3
20110912142254Bh_5,`XjW21USb05^l_O:I7J5L2O1N2O1O1O1O1N3QOROeRNS1Vm1WOdRNj0Um1U1L3N3N1N3O2N2O3M;F1O2NhMfSNi0^l1iNPTNQ1Tl1eNVTNV1lk1gNWTNX1kk1cNZTNZ1Ym1K6J5M5K3M2N2M2O001N2N4M3L5J[ckd1
20110912142254Bh_6,o\a[21ZPd10coeN0RPH000010ORP20noW10PPfN0O0QP80QPJ0bPj00]oSO0010OC0jPN0co1001COhPN2Xo1OgPN1Yo1OgPN1Zo1OePN1[o10cPN1^o10^PN2co144L4KVbX^1
20110912142254Bh_7,ZdW_11PRn19bmSN6L4M1O2N1QQN\Obn1R1O001O01O1O2OO0001O01O01O1O1O1O1O1O10O1O000001O00000001O1O001O01O00000O1000000000000O10O10000001O00000003M000001O00001O0O2M2O2ZOjPN?Wo1@kPN>mn1EcQN0[n16dQNE^n1>SQNBZo1>fPNC70en1>UQNA62dn1>UQN@63dn1=aQNC_n1=`QNCan1=_QNAbn1`0^QN@an1a0^QN^Ocn1d0:2O2jPNYOPo1o0M0O10O10O1O02O001CSQNDnn1;TQNCmn1=TQNBln1>VQN_Ojn1a0;0O1000000000O1001O0O2O0O2O1O1N101N102N1O1O0000000000O1O1O[OWOURNh0lm1YORRNf0om1]OlQNb0Xn1@aQNGOi0an1a000100O1O1O2N1@ZQNBkn1<>L5K8FlZjU2
20110912142254Bh_8,idRh05QP2LaPP20]ooM0O11O01O1VPNNfo12_Z[U3
20110912142254Bh_9,enl`23go1:J101N11O10XOEkQN:Qn10iQN0Tn15kQNKUn16hQNLWn19`QNL`n1k0O01O013M2M1O2O1N3M3M3M2N3L8I2N100O2N3L^QS]1
20110912142254Bh_10,bamT2241bo1NaPN1^o1OdPN1Zo1OgPN1Yo1OhPN0Wo10iPN1co1O10no50RPJ0_o10_P40RPJ0YPP10VoQO0`PN000aPN0on10QQN0_o10^o30SQJ0nn10=22O010ON3hPNLgn12e0NXok00ZQZO0XoM0UoK3oQNMQn12o0O2Oo00QO0ho=0VPD0m`Xe1
20110912142254Bh_11,ebhe11cQT24VnmM3N1O1O100O2N1O1O010O1O010O0001O1O00000001O001O01O0010OO20O10O10O01000O0100000O0100001O0O101O010O100O101N1O1O100O1O1O001O11O0O2O000O1O000000O1O100O1001O1O1O1O4M0O10O001O1O1O1O1O1O100O3N1N1O010O11O4K2O3M1O0O10000O100O100O10RQNCWn1=hQNFWn19hQNHXn19gQNHXn18gQNIYn18fQNHZn19bQNK]n16aQNK`n19XQNKgn1g0100O1O1O2O0O1O1O2N001N2O1O001O1O10O010O0101O002N1O02NO1O01O100O0010O1O1N2O2DWZUn1
20110912142254Bh_12,UUWa01UQ83dnI9H6J4K9D:K2N2M2M3N2O01M2O3H7M3M4UO]QN3Ui^]3
20111015063134Lh_1,fhRm01mo17J5K2N2O001O001N100O10O1001N100O2N100010O001O001N3M2O00100O01cPNAXo1d001N1O0N3M3N[OQQN<4[Odn17[QN=0^Ocn13aQNf0]n1ZOeQNe0\n1WOgQNi0in1O1O1O2O1N3M1O1O100O10O01O001O01O01O0000000000JDhPN=So1;O001O00001N1M3O01IRQN[Oon1c0800N1N3O1O100O100O10O0O20O001O0O2O01N1010K`PNJ_o16cPNI]o176O101N2NXW[l2
20111015063134Lh_2,PdfS21mo13N2O1O0000001O0000001O0000001O000000000000000001O010O00001O01O00010O010O1O01O01O1O010O1O001O1O1O1N1O2O1O_OiPN9Wo1HhPN9Wo1GiPN9Wo1HhPN9Wo1IgPN7Yo19O001O001O0001O00001O1O00101N001O100O1O1O1O001N102M1010O1000O0100O1O0010000O100O3M10O01O1O010O000000010O000000000000010O000001O0000001O0000000000000O100000001O0000000000000001O00001O00000010O0O10000000000O2O01O0000000001O0001O01O01O000010O01O01O01O0001O0001O01O01O01O00010O0010O1O0010O000010O0001O001O001O001O000002N010O000001O001O10O000001O001000O01O002M2JWPN3lo1O0OSZ[]1
20111015063134Lh_3,QUo<1]Qh12_nYN2OO2O00_PN3on1MhPNO26Uo1LhPNO17Wo1JhPN<Xo1EgPN;Yo151^OgPN=^o1O001O010O10O0100O010M200010O00100O100O10000O1LBfPN?Xo15O10O10O0001O100O010O01O0100N2O1O1O100O0O2O001O0100O100O100O1000000O10OO3N1O101O1O001N1O2O0O10000O10O02O0000001O1O1O100O[ORQN8nn1HRQN9mn1GTQN9kn1FVQNJO:jn1LYQNF0>fn1L`QN5_n1KbQN4]n1NXQNE8=_n12`QNN`n12aQNN^n11iQNIWn17kQNGVn17lQNHUn15mQNKTn13mQNNRn10PRN0Qn1LSRN3mn100O2O^iRZ3
20111015063134Lh_4,oT[j01oPd04\n]O0lPN7nn1LPQN:kn1HSQN:ln1FTQN;kn1ETQN=kn1CTQN?kn1_OUQNc0kn1\OUQNf0in190011N2N1O1O3LZOeQNJZn14iQNLUn13oQNKQn1MfQND<?om1KXRN4hm1KYRN4im1IZRN5in101O001O0001O2N010O1O000001O1N2O3N0O001N2NXiXR3
20111015063134Lh_5,QbUT21mo14N001O001O1O4L0O101O0000O1000ePNGkn1=UQNCjn1>UQNDjn1=UQNCkn1=UQNCkn1>TQNBln1?SQNAmn1a0QQN_Oon1b0PQN^OPo1b0QQN[OQo1e05000000O1000000O10000000O100O1000000000O10000O1N3M2000ePN@Vo1`0jPN@Vo1`050010O0000O10O100N2O1O1O010O0010O010O010O1O100M300001N1O1O2O0O10000O100O0010O001O001O01O0O101O1O010O0001O0010O0100000O010O3Ln^`d1
20111015063134Lh_6,XjXU17ho13O0O102N5K2N1N1000O100O3N2N00O3N0O000000100O202M3M4OOXQNUOWn1j0gQNWO[n1i0bQNWOan1Q14N3N2O0O5L06I3M51J1N2M3M6K3L2O6J1O0000000000000001O0001O0001O1O0O2O000001N1M4M3MWSYf2
20111015063134Lh_7,_dZl11lo15N2N1000O1O000000000000aNNoRN3Qm1OlRN1Um10iRN2Wm1NhRN2Ym1OdRN3[m1NcRN2_m1N_RN2cm1NXRN5jm1LRRN6om1JmQN7Vn1IgQN8[n1IbQN6`n1L]QN3fn1MWQN3ln1>2N4K4N3L3M4M3I\PNMQ\aQ2
20111015063134Lh_8,hg\e18Xn1IUSN9gl1KTRNM82M8gm1?nQN4Rn1l00O2N1O1L5gNfQNe0an1YOjQN4`n1KgQNNZn11l0NoYgY2
20111015063134Lh_9,[b^n21^Ph15[oYN101O2N2N011N1O1000O4M0O100O001O010O00010O000000010O100O01000O010O01O010O0010O1O010O0010O000000000000000000OHMePN3Zo1NfPN2Zo1NePN3[o1NdPN2[o10dPNO]o11cPNO\o12dPNN[o14dPNL[o15ePNK[o15ePNKZo16fPNIZo18fPNHYo19gPNGYo19gPNFYo1;gPNEYo1;gPNEXo1<hPNDXo1b0O1O1O01MiPN]OVo1d0jPN\OVo1g000O2O0O2O001O001O100O2N3M1O1O3NO011N1O1O00103L1O001O001O00100O100O10O10O1O010O1O001O00001O2N2N1N2O3M2M10010O1O4Ln[[g0
20111015063134Lh_10,Yg^j01hQn20XnSM0\O0VQN0jn10WQN0\o100000O1001O01O01O01O01O01O0WOOcQN1Vo10XOO`QN2bn1N[QN4dn1M[QN3fn1LZQN4gn1LYQN4gn1LXQN5gn1KZQN1AOUo10g01iPNO]n11dQN0Zn10fQN0Yn1OjQN1So10YOO^QN4\n1OcQN0[n14l0M3L100000hPN0^n12i00O2M1fPNKhn15WQNKin16WQNJin16VQNJmn14b0MaPNOQo10nPN0Ro10nPN1Ro1OmPN1So1OnPN0Ro10nPN0Ro11mPN0Ro10nPN0So1OmPN0To10lPN0To10lPN0To10lPN0Po10dPN2=N`n12QRNNnm12RRNNVn10j00kPN0Yn11gQNOYn11k0OfP42WoK02OO1N110001O001O0010O010O00000O1001O0100KN\PN1do11[PNOeo15kPNK`n16_QNL`n13aQNM^n1MiQN2Vog03ioYO2N2N3N1O2O02N2N000004K1O10O001AgPN7Wo1HlPN7To1IlPN8^o11CGRQN8mn1HXQN3]o1OZON\QN1Zo1O10YO0\QN0en10[QN0en10ZQN0gn12WQNNjn13b0O1N10O0SP:0jPF2VO0NOO011TPNNno10M1nNOTRN1lm11SRNNnm12QRNNQn15kQNLVn12PRN2fm1M]RN0em1NY14NM00O1O4M1gPNIfn15YQNKkn17oPNISo16lPNJWo13iPNMXo12hPNNZo10fPN0Zo10fPN0Zo10fPN0Zo10fPN0eo1010O0D0hPN0Yo10fPN0Zo10fPN0Zo10gPN0Xo10<0ZP:1coE0RS[f2
20111015063134Lh_11,nTo;1^Q\30encL1go140O010O2O000O0100aPNMQo12PQNNon13nPN0Ro1OnPN2Ro1MnPN4Ro1LnPNOF2]o1NmPN1G0ho10GOkPN1bo1O100000A0nPN0nn13SQNMln10fPN2]P:N`oG00010O010O100O100N2O1OLYPNOho1050O1N1101OLOTPf00RPZO0O000SPf00no]O0ooK0TP60moI0ZO0ZQN1en1O\QN1cn10]QNObn12nPNOao13[PNMgo151O5KZP20hoM5J0VOKjQN4Wn1LiQN2Xn1OhQN0Yn1Ol01TPN0fo150O100O2O000O101NjPX41VogK1GOaPN1]o13aPNNZo16ePNKZo17dPNJPo1NUQNa0jn1@UQN203in1I[QN034nn1JXQN2gn1N[QN1en1O\QN1Zo1OWO0cQN0Zn10hQN0Uo30ooM4NO10O0dNMjRN3Um1MnRN0jm15`03MJbPN0To11fPN1fo132NSQNKcm10oQN1`01`m13kRNNTm11mRNOVm1NjRN2Wn1MiPN3bo110O2M10eo;0\PD020RP80QinQ3
20111015063134Lh_12,majg01ZP>3aoC2O7fPNDbn1=\QNEcn1=XQNGgn19VQNJin1g000O1000O1O2M3M20O1O02O5J1O2N10O1O1000O1O2CbPN6_o1HcPN6do1000001N101N]]aU3
20111015063134Lh_13,Q^gP21lo14N10O01O001O001O010O1N1001O00000O11O100N3N100O000001N1O10000O2O00001N2O0010O02N1O2Nobbl1
20111017113714Th_1,iiVf13ko14M2M3N1O2G9N1jPNXOSo1l0O1N2O1001O7I2N1O2N001N3N001OO10010N10000O10O10O010O3N000O0010O01OO10I@nPN`0Qo180000O0010O0010000O100001O01O1O10O01O1O0010O010O10O10O010O010O00010O000010O001O0001O01O000000010O1O1O01O0001O1O1O1O1O1O001O001O001O1O100O1O1O1O1N3MjT]R2
20111017113714Th_2,d`\\21aR>4bmA=ln1o0\O8H5A?J4L4K20iNbSNfNll1R1T1J6K6M3N1N2O1N2O1O1O2O1O1O00010N2N4Hi^]a1
20111017113714Th_3,`TYj26ho14M4L4K4M3M2N1O2N2N2N1O2O0O1O1N3O0O1N2O2N:F5K3L2lNQNVTNP2dk1ZNWTNh1fk1iNjSNX1Ul1Z1O10O1O1O1N2N2N2N2M2N3M4F;WOeRNfN`m1R1nRNaNWm1]1h0NO0104K1N003M3N3L3M3M5Ld0\OUmTR1
20111017113714Th_4,^^RU11[P`0:YoA4M3M1O1O1O1O100009HO01O002OO1000O02M2O1O0000O010O1O1O10O01O001O0N5KS`Wh2
20111017113714Th_5,e_Sg21QRl10PnSN6do17L2N10000O101O01N1000O10000O10000O10O0100000000O0100O100O010O1O10O010000O101N100O1O01000O00000100O10O1000H8O2N100O10000000O10001O1O1O0O1000O010000O100O100O0010O00010O10O01O1O010O01O1O100O10O100O10000O01O0100O000100ON2O1O10O100010O01O00100O10O11N100O1O001O1O010O2N1O2N100O1O101Ml_Xn0
20111017113714Th_6,mifb01bP`05WoA2O1N101O01OO100O010O100O100O2O0O10MaPND_o1=2OO101O010O0100O1O100O1O010000000O115FlU[Z3
20111017113714Th_7,`cdl21ePf12Wo[N2N1O2O0O10001N1O10000000000000000000001O000000001O00001O001O00001O0001O0001O00010O00010O0000000O2O0000000000001O000000001O0O10001O00000000O10O01000000001O0O2O00000000O1O1N2O1M4O000O2O000010O01O10O00100O2N010O101N1O1O100O1O010O010O100O001O01O001O00001O1O0O101O1N2EbPN1`o1LcPN3go1MT[Wi0
20111017113714Th_8,k^cj11\P<0aoE5M2N1O1O1N2O1000O1101OO10O1O5L1N4L1O1O100:E4K3M2N1Nb_ZS2
20111017113714Th_9,iPQm16jo11O0O2O1O2N1O1O0O2O000O100O2O3M2N1O000O1O01ON20OO11O2O2N2N3N2N2N1O3N0O2N102MRo`P2
20111017113714Th_10,TU]Z31jQb05om_O3]OOQQN3nn10nPN3Qo1>O10000O2O0O1O2M2O1O1N2I7K5O00100O0000O2N2N210M3N4L3M3N4L3L3N2N1N2M4Kjibb0
20111017113714Th_11,]nTa15jo12O1N2N01000O10000O1000000OO2N1O2O10O0100O010O010O10O10O10O10000O1N2O1O0O2N101OO1O1O2N2O1O1O101O1O0O3MYRc[2
20111017113714Th_12,\_Qh01aQj05XnWO2N2L4N1O100O1N2O001N101O0100O10000001O0O1O1O1O001O0100O001O00O10001O1O0001O0100O010O1OISQN]Omn1><O10001O0O2O100O1O001O1O2N1O2NY`ZS3
20111017113714Th_13,mWka21[P:6]oG2O1N10001SQNHPn18hQN1Wn1OZQNH2b0cn1d00O1O1N2G9E;N2N2M3N2O1O2Ohg`\1
20111017113714Th_14,oUQf14ko14K3O1N101O0010O00000000001O01O010O10O00002N10O10001O00000000002N1O1O1N101N2N2N3M3M10110O18F3L1O1O1O1O2N2M2N3Keh^V2
20111017113714Th_15,Qn\d27ho11O3L3O001N10O100100O2O0002N00O4L2O0O32L2M2O0O1N2O4K3MZQkY1
20111017113714Th_16,\cbk21hPh20VoYM0000010O01000O0PP60QPJ000000000000000PP<0PPD0000000000000QP20ooM000QP4000ooK0000000cP:0]oE0QP40ooK0[O0ZQN0fn10[QN0dn10\QN0Zo1000Yo50gPJ000gPN0bn10^QN0Xo1010000000noa01PP^O1M2@LVQN4[o1O01ALRQN3^o1O10BNoPN1`o1001BNmPN1So1OmPN1bo10AOnPN0co30_o10cP`00noE0noE000gPN0bn11]QNOdn11[QNOen11ZQN0gn1OYQN1gn10XQN1hn1OVQN2jn1OkPN013To1MhPN331To16iPNLWo1>0100O0:F01O0001O001O1N2O00010O1O01O0001O00000016IBbPN<co1N00O001O00000O100O100LCdPN>\o13O100O100000000O10O001O1M3O1O001N110O001O100H\PN3eo1M\PN0fo1O\PNOfZ[e0
20111114063134Lh_1,]_e_24lo11O1O1O1O000000000O10000000000O1000000O100O10O1000O10O10000O1000000000O100000000N2N2O1O1O10000000O1000000O0100O10000O100O100O01000O1010O0O101O1O1N10001N1000000O010000O010O0010O10O10O01O001O001O0O200O1O010O1O001O0001O00001N2O0OJ7E;O1O11O00001O00001O001O1O1O001O001O00001N101O1N1O1N2000N1N2O11O001OO0N30N2000O2O0L5M3OOM140O11O0FWQN_Ogn1`0^QN\Odn1;c0O2O1O5L2N2MhdbU1
20111114063134Lh_2,m[\i01iPn13RoSN8YPNJUo1b0O2jPNXOPo1n0N2N1N2O011N0O2O001O0O2O001O000100O04L2OO000M3N201N101N10100O5K1O2N4L1O010O2O0O10001O0000O100O15K00O1O02O01O02N1O0O010O01O0100O002OO01O01O100O010000O00O2O001O1O002N101N110O015JO10000O1O1O1O1O2N001O0001O1O1O01O010O01O0000O1O1O100O1O1O1O100O101O00001OO100000O1O2O0O1O101O0O2O0O2Nm`gk2
20111114063134Lh_3,]\US11oRR20kloM6M2N2N2N2N2O10O000JfPNGWo1;70O1FFjPN?Uo16B]O`QNc0^n1A_QNa0_n1`000010O0N210O1O1O101N101N2O000O100IRQN\Oon1a0TQN]Omn1b09O1O1O100O1000000000O1000O0100000O001N2N201O00000010O00000010O000000000000001O00000O10000000000000000O10O1000001N100O10O01O100O100O00100O001O1O1000O01O010O10O1O01000O100O10N11NdPN@\o1`0dPN@\o1`020000O2O0O100O10O10O1000001O0O10001O1O1O000000010O00001N1000001Mibh`2
20111114063134Lh_4,bUQY31kTX10QkiN6K3O1N1N101O00001O000N2N102N010O10O10000O2O0O02O0M4M2O10001N20O0100O01O0O1N200000O1N1J6O10100001OO11N100010OO1000OO0011OO2M30O1O000O3N1O10O2N10O1M3O100O1000O1N3N1O1O1O2O0N3N101M2N4M3L3Jfij?
20111114063134Lh_5,k`Xh21aQX21\niM1N2N1O2O0O20O010O010O0000O2O00100ONKJePN7[o1610O010O100O00100O10O010O010O001O001M3K41000O10000O10O100000001O00000000000000000000O100000001O000000000010O0000000010O000001O01O00000O1000001O01O01O0000010O010O1O]PNMYo14fPNMYo13gPNMZo12fPNOYo11fPN0Zo10fPN1Yo1OgPN1Yo1OgPN1Zo1NfPN2Zo1NfPN2Zo1NfPN2[o1MdPN4]o1JdPN7bo11O1N10000O1O1O1O10O0100000O1O10O010000O10000000001N1N2O2N101N2N^P20coM1N2O0000001O01O01ZPNM]o13cPNM]o14aPNN^o13`PNN`o1900001O0000001N10000N2O2N2Nh]cj0
20111114063134Lh_6,Ud`\21kRR33mloL4N200O1O001O010IGePN:[o151O000N3O1N10001O01O010O001O1O001O010O010OL40100000O010O01O001O0010O01O01O010O001O0010O01O010O010O100O010O100O0100O010O1O010O1O0010000O1000000O10000O0100000O1000000000000000O10000O10000O001O10000O100O10O10000O10000O100000000O101O01O000000000001O00001O011N5K_O2PQNNnn15QQNLnn14SQNKln16?1O001N10000000001O000000001O001O001O001O1O1O1O1O00001O0010O001O001O00000000010O02N010O1O2O0O1O0010O01O00010O00010O101N4M0SQNVOcn1j0YQNZOgn1P1O011OO0101N20O1O9IN001OO20O0O10WOXQN:gn1EZQN:gn1DZQN=fn1@_QN>an1_OcQN?Qo1N1O10O0100O3M1N5LoXgQ1
20111114063134Lh_7,deXc13jo15N1N2N2N2M3O1O1O010O0010O01O010O01001N1001N1O2N101N11O0O1000O01O0100O1O100O1O10001O002NN2O100O10000O0100O010O010O010O01O000010O0010O01O00100O0001O010O1O1O1O1O1O2N1O0000O1O100O100O100001O0001O01001N6K0O010O1000O100O10O010O010O01O001002N0O01O10O0010000O01000000]PNH]o1>O10O01O01O0000010O001O0000000O100000000000001O2N001O010O001000O01O100O0010O0100O00100O1O1O010O1N101O1N`WYQ2
20111114063134Lh_8,jbhY29do13N1O1J5F:O01N000M5L400M4M20O11O1N1100000O2O001N2O00001O001O1O100O2NT_Qd1
20111114063134Lh_9,Q]]g01dP`05ToA:H1O02O0O2N1O10O010O10002O5I1TQN@Wn1l0ZQNYOdn1Y1JO00140L000O0002O11L4L5L;D3M3L4L5JW`lU3
20111114063134Lh_10,V`lQ12bQ`4O[naK4aPNLnn1d0N101O10O0001O01O001O00000000001O0O1000100O0O101O000001O00010O1O1O1O1O001O10O01O002N001O001O0001O000O2O00000O101N1O100O2O001O0O2O00010O0000000010O00001O1O1O2N100O1O100O200O2N01N100000O2O00O20N010O2O0O100O01_OnPN5on1JSQN6ln1IWQN5jn1H^QN3bn1KaQN=Un1BmQN>jn12O0101\OdPN?_o11N010O100O010O002N101N010O10000014K01O1O000000001O002M0010O00001O001N2O1O1O000O101O0O11O0001O001O00001O011N001O10O0100000010OO100O0010000O011N001O100O0010O000000000000000O10O10000O10EdPN2\o1KiPN3Wo1MjPN2Uo1NmPN1So1NoPN1Qo1NQQN2_o1O1000O01O010O0010O010O010TP>0QPL0joE0QP20ooM0io=1kP6OonA0lPH0bo10O000QP20ooM0QP20ooM0010O00010O001000000000dXgW2
20111114063134Lh_11,ddbn01bP`07SoA5M3M10AbPN=ao1O1011ON20O2N00OO1016KCJnPN7nn1IUQN7jn1EZQN<Uo11O1O2O02N3NOO1O21ZPNF`o1a0L1OO1N3K;ETYin2
20111114063134Lh_12,]SS`12_o11lPN1Qo12hPNMN2Vo1c00O01O100lPN[Oln1f0TQN[Ojn1n000O1O0O20O010O01OO2N2ZOUQN7jn1IXQN5in1KXQNEM:ln10\QNMgn12YQNNhn1OZQN1hn1MYQN3in1JWQN6Zo1O010O001O00O20O1O1O1O2MWm\]2
20111114063134Lh_13,kSSQ31XZl28[eUM7J6L1N3N1N2O1N0001N20O010O01010O0O2OO2N1O00101N2O0N200100O1O1O0001O00OO2M40N0010O100O11OO100N2O001001N001N210N1O0001N21ON20O02O00O01O10O100O10010N011N010O101O001OO11N02N20OO010010O000O02O000O010000O10BePN9Yo1FmPN7Ro1HQQN6Po1JQQN4on1LRQN3nn1LSQN5ln1KUQN4ln1KTQN6Zo101O@KVQN5jn1KVQN6Yo1O002OOO21OO001O10O100O11O010O0000010O10OO20RONnQN0Qo11ROOlQN2on11N20O100O10O0000O20kn3NU10RPL001O00000O0bP>OZnK0UQF0jo31UPNOQPN1O101TQNNim12VRNNjm13URNMlm13SRNMom13PRNLRn13lQN0Sn11kQNOWn10iQN0Wn11fQN0\n1ObQN2`n1O]QN1en10WQN1ln1NnPN6To1:2K4Lhid?
20111114063134Lh_14,Phn`01YPf02co[O3ZPNOYo1<PQNA_n1>bQNC]n1<cQNFCLen1<iQNMXn13gQNLZn15eQNI^n18`QNGcn1;ZQNDhn1;WQNEkn1;SQNEnn1;RQNDPo1;oPNETo19kPNGXo19dPNH]o1=101O2N2M10OO10O1O1O010O1000000000000O1O01O1M30O10000OF_PN7fo1N1O1O3LnV[[3
20111122063134Lh_1,WcXU14ko13N2O10O00O100O1O11O0O10O0010O0100O100O010O1O001O1O0010O000100O1O100O2N1nPN\Ogn1f0RQNAkn1k0O1O01O0000001N100O1O1O2N1O2N1O101N2O1O001O100O010O010O01O101N100O10O01O0100O010O2N002N010O100O10O1000000O011O001N2O001N01O1O001O10O01O100O1O001O10O01O010O10O01O0100000O10O10O1O10O10O0010001O0O20O0000002N1N2O2M6K00O100N2N3M4K4LjYWa2
20111122063134Lh_2,UWm`21lRR13oloN2N2N1O2N100O1O1O1O001O10O010O010O1O1O1O010O10O01O1O001O01OO11O000N20000O2N1N3N101M2O010N101ON3000000N3N10001O10O10O0MGFSQN9mn1LoPN3Ro1>N110O10O1O1N201N2N1O1O1O2O1N2O0O3LUhPY1
20111122063134Lh_3,kfVc23ho17M2O001O100O13M1O0O010O1O0010O0001O00001O00001O00000010O00001O010O000000010O00010O01O00000001O00001O001O00000010O1O0100O101N10000O1000000000O1O100O1O100O010O001O10O010O01O010O2N001NoWQW1
20111122063134Lh_4,an\h11iQZ14RngN2N3N10N2Mao93[PF4N1O2N2OOO2O0O1O101O0010000O2N01O1O0000O1000000O4kPNYOin1Q1O1O00O10N2001N1O2M2N2K51N4hRNWOSk1m0hTNUOXk1m0lSNPOH3]l1R1aSNUOIMn3G]d1[1bWNKb1PO=M^f1g2QYNdM7Lhf1_2oXNkMPO@8;jg1V2nXNmNSOoNPh1S2nXNPOmNPOWh1o1kXNSOiNPO_h1k1hXNXOcNPOgh1g1eXN:_g1D`XN;eg1A[XN>Qh1WOnWNi0Vh1UOiWNk0Zh1ROeWNm0ah1POWVN]Ni0c2Ti1\OhVNe0[i1ZOcVNf0ai1XO]VNh0gi1VOWVNj0mi1TOQVNl0Rj1SOkUNn0Xj1SObUNo0`j1W23M1O3M3L7I`0YNaTNPNdk1i1aTNTNbk1f1kTNPNYk1k1QUNjMVk1[1X2G8G7K4L5M3Jkl`P2
20111122063134Lh_5,^cnj01UQh13fnYN2O1O0O100001O0001O010O0010O01O100O1O001O001O000O101N2O001O10O02N01O0000O11O0O1O3L3N2001O0O10O0101O000O100O101O2M1000O010O1O0100000001O00O100O1O11O002N4L2N100O1N20O0O101N2O2N1O1O01[RNAhk1=STNJkk16STNLmk14RTNLPl13oSNMQl14nSNMSl13jSNOVl12TSNBI<Tm12PSNEKIO2Wm1h0`RND_n1P1gQNaNLO90Wm1_1`RN^O[m1d102OO0O3N1O4eMbRNk1lm1YNTRN41;^n1ZOnQNb0ln1L3LkVWl2
20111122063134Lh_6,hgl^11XPd02do]O2O2N101N10001O01O1O000000O0100O01O010000O1O10O0100O01O010O0100000O10O10O010O010O010O000100O1O2MoV]]2
20111122063134Lh_7,bjbT32mo13N1N2O2N1O3M5K2N101N1O10106KO4K10O0O7J001O1OO2oNQQNn0So1OO02N1N2O002N5K3M000O2N2O1N10O0010O001O1O001O0O2NbSYh0
20111122063134Lh_8,ddPV21kPT21SomM1N2O2N002O2M2N101N2N2O0O1O11007IO030NO00O1003M11O1O2M4M1M4N21N2L0001OO1O2N2N3N2N03M00000010O0O2O_OoPN2Po1JUQN5kn1JWQN6hn1IZQN7en1H\QN9dn1E^QN;bn1C_QN>Qo12N1N2N2O1N1O1O1O1O10000OGPQNCQo1<PQNDon1=RQNBmn1=WQNAin1==0100O10O0010O00010O1O1O001O0001O01O100O10O010000000O10000000000O0N3O100000000000O101O0O2O1O001NhPNJin15WQNMhn11YQN0gn1M[QN4Xo1001O1O000000000000001O01O010O010O010O10O1O100O001O010O1N1001O001N2O1M4MaWk]1
20111122063134Lh_9,Thhb02`Pd00\o]O6YPNNWo1>mPN@fn1a0UQNFin1j0N4M5K3M10O2N1lNgQN=Ro1M0O2N010O1O2M2O1O101O0O10000O10010O00O1O1O1O1O01H^PN1ho1000O1O10O100O1N`UiY3
20111122063134Lh_10,_eVX21kPd10Yo]N0c00ZO034LL00XPn00iWic1
20111122063134Lh_11,k[[c12mo13N001O000000000000000000000000000000001O00000000000000000000000000000000001O0O1000000O0100000O010O010O100O010000O0100O10O10O0BGWQN7jn1KUQN4ln1MRQN3nn1OQQN0Po10PQN0Po11nPNOSo12lPNNSo13lPNNTo13kPNLTo16kPNKTo17jPNIVo1a0O01O001J600M3N1000010O01O0001O00100O10000000000000000O100000000000O100000O100000O01000000O10000O1000000O2O000O1000000O101N2O]ePT2
20111122063134Lh_12,`jji01ZP8:YoI4N2O2N6K12M0000011M2N001N4M3L4KSTkT3
20111122063134Lh_13,kmhh11bPP13WoQO7J5L3N1O1O1O1O101N2O2N10O1O000OQQNXOgn1k0TQNVOmn1P1O1O1O00O10000N2N2O1N2O00100O101O1N2L3O1O2N6J3K3O100O100O001O0O1001O000000002N011ONUP_R2
20111122063134Lh_14,\i^b01[Pf02foYO0eo19N001OO2OO12N2O3N4K3O[P\10cocN000ko50TPL0VP20G0QPL0^UgY3
20111122063134Lh_15,Y[Sb11no12SPN3eo1L\PN7ao1I_PN8`o1H`PN9_o141O2O0O1O2O0O11N2OO1000O01O10OK\PNNeo10^PNOao11_PNOao11`PNNao11_PN0`o10`PNObo10^PN0io10000000000000000000000000QPn00ooQO000PP<0oc^Y2
20111122063134Lh_16,m]WT31jQj05omWO2O2N1O1O3L2O0N2000000O0O101O100O100O2O000O1L4N3M2O2O0N2@POmQNS1Qn1POmQNQ1Sn1POlQNo0Tn1?OO20O101O000O01000000O1N2O1O100CfQNiNen1V13O101N1N4M3N6ZOiPNJ17ho1Jm`Zg0
20111124153054Bh_1,_d^a11mPT1?cnmN2N2O1O001N110O01000100O1O11N001O1O01N001O01O0000000O0100O100O01001N100O13M00005ePN\Oon1l0O4L2O1O10O9G2M4M5J1O1O00001O00001O001O01O000010O00000O2O0O1O2MkVkX2
20111124153054Bh_2,SbdW14l1Nok17iSN3Ql10kSN5Ql1MmSN7ok1LnSN7Ql1InSN8Rl1HmSN:Rl1GlSN:Tl1GjSN;Ul1EkSN;Ul1DlSN<Tl1DkSN=Tl1CmSN=Sl1ClSN>Tl1BkSN?Tl1BkSN?Ul1BiSN?Vl1ChSN>Xl1BgSN?Yl1BeSN>[l1DdSN:^l1G`SN8bl1JYSN6il1LSSN3Qm1OlRNK[m17`RNHdm1;VRNFkm1U13O1M3O1O1OG\NXRNc1hm1:005\NVRNi0_m1oNkRNKIT1Ym1TOnRNHJR1Um1[O^SNd0`l1_O`SN?]l1FcSN9Zl1JgSN4Ul11lSNMSl13PTNJQl15STNFnk1;UTN@mk1`0[TNVOfk1k0g1O1010O1N200O1O101N2O1N2O1O101N011N2O1O1O10O001O2N2M2N7H7J4K4M3^OdPN9fo1Jf^Wc2
20111124153054Bh_3,YcXo12mo12O0O2O001O0O2O001N2O001N101O1O00001O001O0010O000010O0100O00010O10O0001O010O0010O010O0001O010O0010O10O10O00100O1O1O010O100O0010O0100O01000O010O101O002M011O0O100O10O01O10O0100O10O0001O010O0000010O0000010O00001O000010O0000000000000O10000010O000010O001O01O01O001O010O001O00001O10O01O00010O00010O01O010O00100O010O01O010O0010O01O0010O01O001O001O1O1O0000100O010O0010O10O010O1O1O001O1O2O0O1O1O1O1O1O2N1OYZYd1
20111124153054Bh_4,jhX[17ho17I4M4J4M3N3M1O1O2N1O2N1000001O001008G3L3N1N2O002N1O1N2O100O2N000O11OO0100O010O0010O001N10000010O00O100O10O1000O0100O010O1O1O01O0O2N20O01O011N2OlUU`2
20111124153054Bh_5,lnhg21\SX19YliN5J3J6M4L3M3M3M4M3L4L4M3M2M3dNWNXTNQ2gk1TNSTNn1mk1UNlSNn1Vl1UNcSNm1^l1k01N20O1[SNUMSl1^3N011hSN[L[l1h3KNO`LjSNV3Wl1cLXTNT3Zl10N6K2N2N1O1N200O00XNfSNKYl1K`TNF`k16hTNFXk17SUNAmj1:`UN^Odj12kUNKZj1FQVN:ll1N1000O0010O0O1000010O00010O0000002F^PN1]jPS1
20111124153054Bh_6,ncfg16io14K3O0O3N1O1O1O6J1O2N1O010O00011N01O01O0002N000100O0100O01O01O001O00001O00001O001O101N1O2N1O1O101N001001N100O10001O0O11O01OO110O001O1O1O2M3N1O9LJ5K3L4M1O1O1O1O1N2O0010000000O2OO02OO10001O00011N1O1O100N112M010O2N1O011O0O003M6J3N0O202N7I2O7NK002N1M?C4I2O0O3N0N3O3L2M2O1O1O001O00001O0O101O000O2N2M4LgUon1
20111124153054Bh_7,a[QV21lP<4inE8N3M1F@kPN14`0Po1EmPN=Qo1;N3M3L4M100100O110O1O0O001N4L3N;D4L2N2N1O4K4L^bhg1
20111124153054Bh_8,mg^\21YPl03boUO3N2N1O1O1O001O0010O010O1O001O00100O100O10O010O10O02O000O100O1000O01O010O100O1O011N010O10O010N3N010O1O2O0O001O1O001N2O1NiVk^1
20111124153054Bh_9,km`g23lo14M5K2M101O1O11N1000000O100001N103M00O2O02fPN_OPo1l0N2N01O1UOUQN>Vo12M3M3OO1O2N1O1N2O1N001O2N1N2O1N2O2N3LUPcU1
20111128175514Mh_1,ebVo21[QX23_niM?B`0@3M1O1O5K3M3N1N2O2N1N3NoNSRN0lm1L]RN0am10bRNN^m11dRNO[m1OiRN0Vm1OlRN0Tm1NoRN1Qm1JVSN4jl1JZSNOkl11WSNGol19\100O10000001O000000001O001O1O1O010O1O001O001O1O010O1O1O1O00001O1O00001O00000000O10000000001O010O010O101O1O0O1000O010O010000O011OO02OO1000000O2O001O1O1N2O001N01011M5M4L1000N10OO101O1O000O101O0O100O1010O1O1O1O102L3O1M2O11N102M2N3M2N1O01O03N1N1O1000O01O2O2M1N1O011N100O2N1O1O2L5LWX[d0
20111128175514Mh_2,Tblo21PRb12fm_NN80UQN1fm1O]RN3^m1McRN5Zm1KgRN8Um1HPSN5nl1KUSN5hl1K[SN6bl1J_SN7^l1IdSN8Zl1HhSN8Vl1HkSN8Sl1HPTN8nk1HQSN602nl1HnRN3A0?6gm1IoQN089fm1EWRN13;bm1E]RN10;`m1CeRN0J?kl1APTN0TO`0kl1@STN0POa0ll1_OnRN0m00ROg0Rm1YOYTN0]No0on11100O1O010N10001O01OO100001O00101O020_QNVOfm1k0oQN^ORn1Z1OOiMYNUVNg1Tl1NeM[N\VNc1Qi1]NUUN0S2Z1[i1fNlVNS1Ti1mNoVNo0Sl10mLQOSWNn0lh1SOWWNk0hh1TO]WNh0ch1XO_WNf0`h1ZObWNe0]h1[OfWNd0kk10dK\O[YNd0df1\O^YNc0af1]O`YNc0_f1]OcYNc0[f1]OlUN0R3c0Qg1]OiYNc0Uf1]OlYNc0Sf1]OoYNc0oe1]ORZNc0hj1N1O100O1O100000O100O1O010O1O0O10001O00000010O0O011N102M6H6KPV[h0
20111128175514Mh_3,l^^b21aRh02XmYO7J7K5K2M4M3M3M2POXOeRNk0Xm1YO^RNP1_m1UO[RNP1am1k0M2N3M1O1O001N1000000O101NgNVSN_Oil1;_SNCal18dSNH\l15gSNLXl13iSNMWl12jSN1Sl1OmSN33VOdj1g0YUN5G_Ooj1;\UN9[OCYk13\UN`1ej1_N[UNc1dj1\N\UNd1ej1ZN\UNf1fj1WN\UNh1fj1UN[UNk1^l1O1O1O1O3M2L8I6I4L4M2M4L4K7lNTQN94KS\_Y1
20111128175514Mh_4,W`Pm16io12M2O2O0O2O000000000000000O101O000000001O01O00001O1O1O1O10O010000O1O100O0100O01O10O10O10O010000O010O10O010O01000O0100O010000O10O10O02N1O2N0Ol^an1
20111128175514Mh_5,_^RR11hP^15oncN4N3M101O001O0O100000O010O010O1O001O1O1O1000000010O2N10O0100O01003M1OO010O10O02N1O101O00O100O0100O001000O01O010O0001000O011OO10000O001O00100O00011N1O100O001O100O100O2O0O2OEkPNJUo1a00000O10O10O10O10O010O01O1^OkPN8To1GnPN8^o1O1O1O2N1O1MS_ge2
20111128175514Mh_6,gdh\11cPT16VomN2M2O10O01O1O10000O100O100O01O1001N101O1gPN_OPo1j0O2N001O1N1001O000O1O4L3N001N3N0O2O0N3N010O100002OO000001OO02O002M100O01O10000O00100O01O10000O01O10O01O1O1O1O1O1O2M2N_XS]2
20111128175514Mh_7,fg^k21kPX16jniN8K4M4L3M2N2N2N2O010N20N2O8H1O010O0011OO1O00001N101O00O100001O000000010O0000000000100O010O000001O0O20O000000O10O1000000O2O1O0O2N100O1000O01O010O01O100O100O010O01O10O010O01N2N1O2M3NeTcm0
20111128175514Mh_8,SU]W21VPd03fo]O3M1O1O1O1O001O1O0100O10O010O010O010O0010O100O10O010O10O01O10O001O01O01O1O001O1O0O2O00002LSjRe1
20111128175514Mh_9,a`jX21]Q<2_nE2N2N2O2M2N1N2O1N2N2[O]OkQNd0Un1_OgQNc0Yn1^OcQNd0^n1_O^QNb0bn1<2N2M2N3O001O2N3M1O2M3LS_Se1
20111128175514Mh_10,bebX21oQj02jmWO6jN3RRN2lm13lQN1Sn12dQN5\n1h00O2O0O4L4PO\QN=en1^OaQN`0Qo1O1011N2L4M2N1N10000001O1N3N3L103L2O00001O0O2N12N01OO110O102M1O010O1O0O010O010O01O1O1O2M3M7GdVob1
20111128175514Mh_11,YgPS31bPl02ZoUO4L43J102M1OoP`10So_N0PP20PPN000RP20]oM0bP41noKO00c00]O10O01O0001O00O010O0do33dPJN^o14]PNLfo161ORVWh0
20111208173814Mh_1,edVb24ho17N1O1N2O10000000O1O101N01O1O1N101O1N110N2O1O1O010O00O2OO10O100O100O1O1000000O100O101O00001O1O000001O012M1O2N4M2M1O000001O1O0O2N100O100O1O100O010O10O10O100000001O001N11N100000000001O100O1O10O001O00O10010O001O2M2N2N1N]WoV1
20111208173814Mh_2,jXc_11nT^23kjcM3N201N1O2O0000O01000000O100000000O100000001O0O1000001O00000O00100O1O1O100O10O10O100000O010O1O00010O010OO100000001OO101N100O100001O001O00001O01OO110O001O000O2O0O101O1O0N3N00100N2O1O011O00000000O10O100O10O2N1O100O101O00000000M3O00O101000O110N11N1O2N1M3O100O02O000O1010O01OO20O01O00100O0100000O100O100O1O100O10000O100O10O010OO2O0O2O1O01000O10O10O100O1O2O0O1O1O2O0N3O1MVf^R2
20111208173814Mh_3,mbjo01hPR24SooM1O2N3M3M2N2N2O2N1O0000000O01000O001000O10O10O01000O10O10O2OO01O2OO03M100O100O2N010O1O01O010O01O01O01O0001O10O0010O0010O01O0010O0100O10O0100O10O0101N102M100O010O10O10O01O1O1O102M1O2M2O1O1O001O010O00010O01O00010O001O010O1O10O01O010O01O010O0100O010O01O010O01O010O00100O01O010O001O1O001O2N00101N00101N`Ygd2
20111208173814Mh_4,md\h25ko15K4M4L4K4L2O100011M4M1N5L001O3L1O00001OO1000000O02OO20O00010O22L5J3OO000010O0011OO1O4L4N2N01N2M4L3M7H3LlWYT1
20111208173814Mh_5,[^VT22lo13O001N100O101O00000001N101O001O1N100O10O2O001N3N3M1O001O000O2O001O00001O1O0000000O2O00000000001O0O101O0O1O2O000O1000010O0000000000000000000000000000000000O10001N1002N1O100O1O1O1O1O001O0000000O1000000O10O0100O100O1O10000000O01000000000010O0000000000000000000000O101O0O100O2O0O10001O001N2O0O2O1O002N1O1O1O2]OdPN?_o1O01ePNHln19RQNImn18QQNKmn1f0N102M10O0100O10O1O00010O001O0000001O00001N100000001O0000001O001O01O01O0010O01O0100O10000O010O10O0100O01O01O00010O01O01O01O100O0010O010000O010O011N01000O010010N2O000O1000000O010000O11O00000000012M1O2O0O1O11OO0000O10001O000O100O101O0O10O10O1010N11O000010100N2N10000O3OOO00000O1001OO1000002M2O1N2N3M2M4L4KT]]X1
20111208173814Mh_6,j]Rf23lo13N1O001N10001O000O100O100O2O00001O0000001O000O101O00001N1000001O0O101O00000000O100000O10O100O00100O1O1O1000000001O00010O1O000010O01O0100O10O10O0100O010O010O000100000O010O01O10O01O100O1O1O1O1O1O3M2N6JUP6OloI1O1O1O0O1010O01O001O2N00100O010O1O2N001N2O1O1O1O9F3N1O3M1O2N1O1O1O2N1O002N1N2O001O1O0000000O11O000O101N100O3N1O1O110O00QRNjNSm1V1kRNkNWm1T1hRNnNWm1R1gRNoNZm1R1dRNoN]m1Q1`RNPO`m1Q1_RNPOam1Q1]RNPOdm1o0ZRNROfm1S1TRNnNmm1b11O1O1O1O001O1O1O1O1O2M2O1N3N1N2O1O1N3M2N2N2K8J4H7K5O2Lf_Ym0
20111208173814Mh_7,moP_21oPn01mnSO3N2L4N10001O1O0O010N3O000O10O010001O00000000000000001O000000001O001O1RRN^O]l1b0RSN_O^O1_m1`0QSND\ONcm1>oRNE^ONbm1`0lRNCANbm1c0jRNMWm15fRNK[m17`RNKam1Z10O1O1N2L4O1O2O0O1O101N1O1N3K4C>N20001N0YOTQN:[o1N1N3N2M3N2L`nd[1
20111208173814Mh_8,RWSc22io1;I5J3N2N2O1O0O2O000O1O001O000O10000O01N21L102M3OO000O3M3O101O1O00100O00100O10O100O010000O0010O01O1M3M3N2N3N3Jcj\Y1
20111208173814Mh_9,]ddY21^Qd22^n]M2O2N2N2O0O101N10101N2N011N1O002O2M2M101O2M11O100O002N1O0O3N2N1O0000100O0010O00010O100O0010OO1100O12M01O10O0001O1N10001OO1000000O0110OO02O0000000001O000O2O1O010O01OO100000O1001N0100O10000O101N100O1O010O1O1O010O0010O01O01O00001O00001O1O001O001O010O001O010O1O01O010O001O00001O001O001O0O1010O001O001SMGQVN9Tj1DjUN<Zj1AeUN?]j1AbUN>_j1B`UN>Qm101O001O010O1O00100O001O100O1O01O1O2N2O2M2O0O1O010O001O010O001O1O00001O0O100O0100O0O2O1O1O1O010O1O1O101N2N2N5JaUeV1
20111208173814Mh_10,Yid_21\Pl11coUN1N10O2OO010O01O10O0QP20[Ph10foYN0noK010O1O001O00001O1O00000O10KWPN3lo1OhoY1NZPfN100O000001O010O010O0010O0QP40fP>0VoA0RPL000mo70boG0SQN0jn14`02dPNJkn18SQNImn18QQNHPo1<jPNFVo1a01O2N1O2N2H_PNKfo12nUWV1
20111208173814Mh_11,[aZ>52M0O_QP2=mmQN6Gb0B4M3K5N2O0O2O001L3JXNSRNi1lm1YNSRNh1km17O101N10001N1000001O1O00001O1O01jNfRNEYm18mRNFSm17PSNIol15TSNKll12VSNOil1OZSN0fl1K`SN5`l1HcSN7]l1GeSN9\l1DgSN;Yl1CjSN<Xl1_OkSNa0jm101O000010O000001O000000000O2O001O010O10O1000001O2N2N000O2O001OO1000O010000O01O03O0N2O1N100O100O1O10O000100O001O0001O0000001O00001N100O100O010O100O10O010000O1000O10O10001O000000000O1000000000000000O1N3N1N2O1O2N101N101N1O1O2NmZQV3
20111208173814Mh_12,g^R[11fUX13PjiN:H5L3N2N2N2O0O1O1000000O10O2N100O1M4O0001N110N10001M20000M2N3N1_MnNUVNm0Qj1UOnUNk0Sj1UOlUNl0Tj1UOlUNi0Uj1WOkUNg0Vj1ZOjUNd0Xj1\OhUNc0Xj1_OgUN`0Zj1AdUN?\j1BcUN>^j1BaUN>`j1C^UN<dj1D[UN<ej1EYUN=fj1EXUN<hj1DVUN>ij1CTUN?mj1BQUN>Qk1AkTNb0Vk1_OgTNa0[k1_ObTNb0`k1^O_TNb0ak1@]TN`0dk1@[TN`0fk1@WTNa0kk1_OmSNh0Tl1XOjSNh0Xl1XOfSNi0[l1WOcSNj0_l1UO[SNP1gl1oNUSNU1ll1kNmRNZ1Tm1hNhRNY1Zm1e02N2O0N201M3N101M4M2O1M4M2M4K4K6I8J6K8HW_Y^2
20111208173814Mh_13,ialm12mo12O2N1O100O10010O1O01000O001O0001O2N010O000O1001O00O100O1O3LW]UP2
20111208173814Mh_14,X\Vi11SQ^42incK2N2O0O2O0O2O000O1000000000000O10000000000O1000000000000000001O00001O00000001O00001O00000010O01O000001O0001O00000000001O000000001O0000010O0000001O02N001O001O1O010O001O00001O00010O3NO02O3L101O1N10O10O01O10O0000IlPNBUo1;nPNDRo1<nPNDRo1<oPNCRo1;oPNEQo1;oPNEQo1:PQNFPo1:QQNEPo1:PQNFPo1:PQNFPo1:PQNFPo1:PQNFQo1:mPNFTo1:lPNFTo1;kPNEVo1:jPNFVo1;iPNEWo1<gPNEYo1;gPNEYo1;fPNF[o1NdPN81J[o1NePN62L\o14dPNL\o14ePNK[o14hPNKXo14:01O00001O0O101O00000000000000000O1000PP20PPN00000O01000iPb10Wo]N1O0VOOdQN2Uo13OO0O10SOMlQN2Tn1NmQN2Rn1NoQN1Qn1OPRN0Pn10P10QQN0nm10Q10000000O01000O10O010O10O010XQn23cnQMM40O1joo1OYPTN0TP<0loA0k`m^1
20111216103234Ch_1,bfl[24io14N2N1O1O001O00O100000O2O001O001O1O1O000bNA[SN?el1CYSN=Tl1EPSNOk0=Tl1JlRNIh0LTOc0Xm1KiRNHi0b0_l1FfRNKj0>al16\SNKdl17YSNJhl18USNIjl19TSNHkl1`0lRNBSm1a0gRNCXm1c1OFoRNgMPm1W2=O2M3M3O1O2L3L3J7K4M200XO_QN3bn1JbQN3an1JcQN3_n1KhQNOZn1LkQN2Vn1MlQN1Un1NQ1Nl\e`1
20111216103234Ch_2,]ild01ZPV12cokN1O1O001O1O011N1O1O001O1N1O2N1O1O0100O1L4O001O100O1O100O10010O0O1N3NQPl0OPPTO2O1O2VPNKeo1:N10O02N13M10O01OO1000O01O010000O11O000O10O100O1O1O2MdUmT3
20111216103234Ch_3,Z^fY11fT>:jjC9I5M3L4K5L4J]OaQNNZn13mQNKnm15VRNK_m1;fRNDPm1b0VSN]Oij1DVVNn0VO_Oaj11_UN@YOQ1j0]Ocj12jTNT1e0jNej1Q2_UNnMdj1l1_UNTNcj1e1bUN\N^j1_1fUN`N^j1l0SVNTOni1f0WVNZOhi1d0[VN\Odi1`0aVN@]i1?eVNAZi1>iVNBUi1=oVNAnh1?VWN@gh1`0_WN]O_h1b0eWN]O\h1?hWN@Wh1?lWN_OYh1;eckc2
20111216103234Ch_4,mdRd1b0Xo1:I4L4L4M3O2MXOeQNOYn1KTRNOjm10\RNMcm12aRNL^m13dRNM[m11iRNNVm11kRN0Sm10oRN0ol11SSNNll12USNMjl12YSNNel12]SNMbl13`SNM^l13cSNM]l12dSNO\l1OfSN0Zl1OgSN2Wl1OjSN1Tl10lSN0Sl1OPTN1ok1NRTN2nk1LUTN3lm1000010O10O00000kYcY2
20111216103234Ch_5,c\eb272Jco1820N2N:F5L4L2N2O1O0OZO[QN4dn1JaQN5\n1KhQN3Vn1NnQNOPn11SRNNkm13VRNMhm12ZRNOam14aRNK^m13gRNLXm12kRNNTm10oRNOQm10QSNOQm1MRSN2_n1O_bh[1
20111216103234Ch_6,Y[^f11bP\10\oeN3M2O1O1N100010O000010O00010O00010O00001O00001O1O001O3M2N1N2O0000O1O1O000N201000000000O10000000000000O01000010O1O2OO1N1O2O00000001O1O100O2N103L1O1O00000010N102N1O1O1O001N102M2O2O0011N2N0001N011N001O001O010O0O2O1N3MWc]Q2
20111216103234Ch_7,_`Ra26io12L4O0O101N1O1O2O001N2O1O1N1O1O1O0100O10O01O10O001O01OO0O210N2O100O1O010O2O000O1001O000O2O1O000O2O000O2O000000001O000010O0001O01OO2O000010O01O1O0100O2OO01O001O1O010O0000O100100O10O001O2]OhPN:bo1M6J100O01O0001O01O01O1O100000O00010O01O0011N2N0010O11O0O002O0O2O000O1O1000O010O010O001O100O001O100O1O1N3N[^gU1
20111216103234Ch_8,hge_1<co12BESQN>hn1GTQN=in1?2NO001HPO[QNT1cn1501N10001O0000gNdQNo0\n1POeQNo0[n1QOfQNn0[n1QOgQNn0Xn1QOkQNm0en1O1O001O00001O0001O0010O0000001[OoPN9Qo1GoPN:Qo1CQQN=Xo11O2O000010O010O101N3_OaPN;eo1M1O1O\OJ^QN6bn1K]QN4dn1L\QN3To15O002O1N10N2N1000000O2000O1N3N1O01000O010000O101O00000000000000000000000000000000O2N1O1O1O1O100001O1N2N5K2O3K4MmWZY2
20111216103234Ch_9,ZbZ`01WQj09^nWO2N4L5J5K5K4N2M4N<E3N002L=C2M5L1N5K2OiMmRNc1km1N0O2N4POPRNFPn15URNKmm1NYRN0nn1O2M01OO01O1O2M2O1N4M3L20O1N2M3M3L4N1O01O2O001O01000O01N2N3LYY[[3
20111216103234Ch_10,kYob01]P\12`oeN1O1O1O100O1O1O1N2O001O00010O2O0M3O1O1O000010O01O01O1O1O014K1O101N1O1O001O010O000001O000010O000001N10O010000O01000O10O10O100O0O110O1000O101O5KIKcPN5\o1MdPN2\o1NcPN3]o1LcPN6]o1IcPN7co110O001O01N10001N1O3N1N2N200O01@dPN;`o11O100O100001O2N1O1O22L2M2O000002N2B_PN7ho1L4LSdbT3
20111216103234Ch_11,Yd\Y17ho15K6L3L1105M0OOO010O2O2M4MO000011O0O1O1O0O100O1O01YZod2
20111216103234Ch_12,PZ_c01WPR10PPPO0A0_PN1_o1ObPN0^o1090ooa00QP^O00000QP20PP20PPL0VPZ20WeVU3
20111216174914Mh_1,jfh^26ho14K4L4M2O1O1O1O100O1TM\O\VNc0ci1_O\VNa0fi1_OYVN`0hi1DSVN<oi1DPVN;Qj1GlUN9Uj1IiUN7Vj1KhUN5Yj1MdUN3]j1NaUN2`j1N`UN1aj11\UNNej14YUNLgj16VUNKkj16RUNJPk17cSNWOl0c0bk1S1mSNnNTl1Z1_SNiNbl1Z21O1O1O100O1O2N1O0O2O1N2O1O1M3N2N2N2N2O2M3N2M3L5K6I5M3M2M3N1O2N2N2N2N2N2M4J7I]\o\1
20111216174914Mh_2,P_Pa21YQV20fnkM1N2N2O2L3O0O2N2O2M2O1O1N101O0O2O0O100O1O1O100O1O100O10O01O100O1O010O0100O010O10O01O100O1O100000000000001O0000000000O1000001O000000000000000000000000O100000000000010O01O00010O001O001O100O3NO010ZOVQN5jn1IYQN5hn1I[QN6fn1F^QN:an1DaQN;`n1CbQN<_n1BcQN>Po1O1000000O0100O10O10O010O0100O100O1O10O1000O1O00100O1000O010O10O010O00010O010O0100O010O000100O01O01O00100O00100O1O1O001O001O1NV^[R1
20111216174914Mh_3,ohPg01bPV12ZokN2N101N100O101O00000O100000001O000000O100000O2O0000000O01000O100O10O10O0100O1O100O10O010000O10000001O0000001O001O00100O2N10O01O10O2O1O00000O10O100000000O1000000000O101N1O2N1O1O1O2N3LhUQR3
20111216174914Mh_4,a[od21RQ<9`nE8L1N3O001M2N2N101O0_O]OdQNd0[n1b0O00001OO2O01O]OfQN_O[n1`0jQN[OXn1c0d0M3N2N1N4JQdnX1
20111216174914Mh_5,U[\i11jPb10Ro_N6K3M4N1O000O10000MAdPN`0[o13000000O100O2OO100001O000O101O00001O000O1000O10001O00000O2O001O001O0O20O010O01O01O1O10O01O2N1O2N100O1O2N1O1O001O1O01O001O010O00100O1O100O3N00000O0010O01O1OO1001O01O01O2OO0001O1O0000001O1O1O0O2O0O2O1N\cSn1
20111216174914Mh_6,ef[_11]Qd11_n]N4J6BFjPNc0ln1>N2M3O2M2O0O2O0O10000O1000000000O100O1QOeQN9\n1EhQN8Xn1GjQN9Vn1ElQN:Un1A^QNL>d0ln1O00010O01O00001O00010O00000010O00001O001O0O2O1O1O1O1O001O001O001O0000O2O000O10O10O100O1O1O00100O10000O100000O010000O100O1O1O010N2O010O010O100O2N1O1O2O00001O00000001O010O0O2O001N2N1O3M2EePNN]o1IePN4hW^W2
20111216174914Mh_7,ZTaY21dP>5mPBNbl19VSNNgl16TSNKjl1d0hRN]OWm1h0bRNZO_m1j0[RNYOdm1e1L1O2N3L2O2N1O1O000101N4iM_RNf1Pn1M2O1O2EjQNfN[n1S1jQNjN_n13\QNd0Yo1K4K5HciXd1
20111216174914Mh_8,efmo11iPP28knQN4M2O101N1O1O100O2N100N200O1O2O000O10001O01O0000100WOPQN`0Qo1]ORQN3K9\o1FdPN;\o1DdPN<ao1O0001OO1H^PN2bo1N^PN2bo1N_PN0bo116001N100O2O00001O0000000000000O1000001N101O001O001O001O2fPN]OSo1d0kPN^OTo1g001O01O0000000000001O00001O0000001N10001N1O10000O101N100O01000O01O1000000O01000O100O2O0000000000000000001O01O00000000000000001O000O1O101M2O2N100O101LZPNKho134M]XRe1
20120107063134Lh_1,VnVh11^Qh02^nYO6K2N001O2O000O2O0N2N2O2M2N101O2M2O1N1O2]OQOQRNQ1nm1VOiQNo0Un1DlQNIRn16RRNJlm15VRNLhm13ZRNNdm11aRNN\m11jRNLTm11QSNNml12VSNMil11ZSN0cl10_SN0al1N`SN4_l1IdSN8^l1AfSNa0lm18IO3M3M1N2O1N1O1O0O2O0O3M3L3LfnjS2
20120107063134Lh_2,\b\<2b1=VSn1NhlQNKWl1g0WSN@cl1e0XSN_Ocl1h0PSNBll1l1G9K5M2N3M3M4K>C3L3N3M2N3C<M3N2O1N2O1O1N3M3K4H70iNPVN`Lni1[3`VN^L^i1^3nVN[LRi1c3YWNPLkh1n3d1N2O1O00100O11OO100O2L3M3K5L3TOaSNYN`l1c1iSNWNWl1f1QTNUNok1j1WTNPNjk1n1U1M20O03NO02H8J5O2O002N001O2N1N2N2O2N1O11O001O10O1000O01O001N1O2M2O2N101N2O1O1O02N10O10N11O001N100O2N1N3O1O1N10100O10O010000O1O1N3Koo9OR\eY3
20120107063134Lh_3,PeXg11_PV17WokN8I2O1O2fPN^OSo1h01O3L3M1O001O1O1N2O001O1O100000010OO1000000O100000O3N00000O10O010O2N5K2O3L100O01O0000O0100O2O0O1O2N0O2O1N200O100O10O01000000O1000000000001N1O2O0Olo9OUPF1`YWR2
20120107063134Lh_4,aYVh11XRj04bmWO3M3L`0A2N2N1O1O0O2O101N2M4M4K5K4I6H8L4M4L4M2M5L2M4NWN[SN9cl1\OoSN>Pl1]OXTNa0gk1]O^TNa0bk1\OdTNb0Zk1]OkTN?Uk1@lTNa0Tk1[OPUNe0Pk1YOQUNh0oj1VOSUNj0lj1UOVUNl0jj1oN\UNT1hl11NO02O14J00O10O1O1O1O1O001N2O1M3M4M2O2M2O1O0O3M3MSbQS2
20120107063134Lh_5,e_h^11gP<;bnE<N10101O1001N2N1O3N12ePNAmn1k0N10N2O2M3M6I5K2O1N2N2M5Ja^Y_2
20120107063134Lh_6,hW[f11bWV28ThkM1O2N1O2N2O0O2N2O1M200O1N20O1ObM]OaUNb0_j1A_UN=cj1F[UN8fj1JYUN3hj1OXUNMij16YUNEgj1?Z23N2N3M2O2M2O2O02OCmNjQNS1Un1mNkQNU1Sn1kNPRNT1nm1mNVRNR15oNgl1NZSNS1GSOnl1J\SNV1@ROPn1^12NTO[N^SNd1`l1jNUSNV1il1lNWSNS1hl1nNXSNS1dl1PO\SNP1bl1RO_SNm0Xl1\OhSNd0Ul1]OnSNb0ok1^OWTN?hk1@]TN<Rk1fN^TNl0d0<jj1PO^TNa0n0;dj1YOYTN;W1:`j1^OUTN8`15[j1?jUNYOZj1g0iUNUOYj1k0UVNdNni1[1\200O1N2N2K[QNoNen1P1\QNRObn1m0`QNSO`n1l0_QNWO_n1i0aQNWO_n1i0aQNXO^n1i0`QNXO`n1U1O011N1O2N0O10N200O2N1O100O1O100N2O1O1O000O2M3M3O1N101O10O002O0O2N1O1M4N1000O010O1OOH:O000O10O1L3O2O101O10O10O0001O1N2O1O1N200O1O001N2N2O1O2M2O100O1O1O100O100N102O0N4Lcflm1
20120107063134Lh_7,j\RY11gPn03ToSO3L2M4N2O1O1N1001O0010001N3N00000O100O01O00001O01O001O100000O2O00000000001O010O00O10O0010O1100O01N1O2O]PNG^o1>1O01O8G10O1O100O012M4M3M2M6Ib`ia2
20120107063134Lh_8,VgR\32`RZ13VmgN7K3M3N100O200O00000O010O101O10O10000001O0O2O1N2O1O1dUNVO_e1m0]ZNWO_e1l0_ZNWO^e1k0`ZNVO^e1m0`ZNUO^e1m0aZNSO_e1n0_ZNTO_e1n0_ZNRObe1n0^ZNSObe1n0\ZNTOae1n0_ZNTO^e1m0bZNRO^e1P1`ZNoNbe1R1]ZNmNce1V1YZNkNge1W1UZNkNle1V1ZWNVNe1d0Tg1V1RWN[Ng1`0Wg1X1mVN[Nj1?Xg1Z1jVNYNl1>Yg1\1gVNWNP2>Yg1\1cVNYNU2:Wg1c1]VNVNZ28Yg1\2bXNgM\g1^2]XNdMcg1`2WXNaMig1a2SXNcMlg1d2jWN^MWh1d2dWN_M\h1a2bWN`M_h1a2\WNcMdh1`2RWNfMoh1f2_VN_Mci1]43N2M10002N0010O01O1O1O1N3N5K4K4L4L3L5L5H6J7ZOdTNXLgk1^3d0J5B`SNUMgl1i2;L`0B2AZRNaNhm1X1_RNbNem1X1g0UORUk<
20120107063134Lh_9,Pona05io13M4M2N100O2O0N2M3N2M3L4O1O00OO2K6M3N2N2O2M3MnNhQN`0Wn1]OSRN<nm1BYRN8hm1E\RN9em1F^RN7bm1IaRN1am10aRNLam14U101O010O1O1N3NdRe[3
20120107063134Lh_10,U^iP11UQ>0bnC:^OFSQN2K;Xo18H\OQQNg0ln1[ORQNh07_OQn1k0jQNXOTn1Z100O10O1N2O1M3M3O1]O`QNEan17eQNG\n1K_QNO75[n1JbQNM4;Vo10JBkPN=Uo1CkPN=To1CmPN=\o1O1O0O2O001O0O2N[`hl2
20120107063134Lh_11,UcRU31VPT11homN2N1N101O001O010O00010O010O00010O0010O10O010O010O010O001O010O10O01O010O01O01O1O001O001O00000O10O01M102O0100000000O101O001N2O1O1O1O0100O1O010O01O1O001O001000O0100O100O001O2Mm[[d0
20120107063134Lh_12,Q\[i11ncdV2
20120111191454Bh_1,l]`j01ZQR12bnoN2M3N3H9J5L5M3M3N1O3M2N1O11O002N20M02N12:D2M11N10O1O3M1O2N1O1N2O0O10001O1OO10000O010O010O0001011N00O010O1O0010O101O001N103MO2O2M2O1O^PND_o1`002M4M0100O000N2N3M1O4J6KZ]]o2
20120111191454Bh_2,dZRa11`QX20\niM6L3L4M1O3N1ZQNCfm1>YRNI`m19]RNN]m14aRNM]m17`RNK^m1<[RNEdm1\1O100O1O1000O10O10O001N10001O1O1O1O100O2O1O1O0O2O1O001O1O1O001000000O1O010O10O01O10O1O0100]NeQNa1^n14J2N1O00010O10O02N100O010O2OO10O01O0010O00010O01O1O10O00010O010O01O000O2N1O101N1O2O0O2N1O2N100O2N1O101N100O2O001ROVQNNO`0ln1@]QN?cn1_O_QN3D8\o1HdPN8\o1GePN9Zo1HfPN8Zo1HePN9Yo1IfPN8Zo17001O01O001O00001O0001O0000001O001O1O001000O2N1O001O1O1O1O1O1VQNVO\n1Y1N1N3N1O1O1O1O0001O1N2N2N2M3M2O2N1EZQN[Ohn1;c0O2N101N1O100N4LTb]Q2
20120111191454Bh_3,`bXP21RVd12gi]N6E:M2N3L3J6]OUOnQNm0Qn1UOlQNm0Rn1b0O001bN\N_TNe1`k1]N]TNe1bk1^NSTNk1kk1ZNmSNl12mMSk1>]TNo1=fMSk1U3jTNoLTk1S3jTNoLTk1S3jTNnLUk1T3iTNmLcj1CbUN\4\j1gK`UN\4_j1fK^UN[4bj1a00000100O010iM^UNYMJ]1hj1X1kUNhNSj1`0`UNXNb0Y1li11]UN^Nc1c1mh1JaWN7]h1FgWN:Xh1DYXNMgg1OfXNJXg12nXNLQg12XYNHhf1GlYN6Tf1GPZN8oe1HUZNHfKMWj19T510O0010O00O1000O02OO11OO20O100O10000O1O1O1O01000O0100N200O0010O1000001O00001O1O1N2NT\gh1
20120111191454Bh_4,bc\k27go14L3N101O10O0010OO2O00001O0102N3M10O0O011N10020N00000000000O2O0001O2N1N2O2O0O010O10O002N2O1N1001OO001000O005LO0101OO00001O0105hPNUOon1V1H10001M1000O101N2N2N3M2N4L2N3N0O3M4K4KQY[o0
20120111191454Bh_5,_khU21^Pj00`oWO2O004K3N3M2^QND\m1?_RNE_m1g0RRN^Olm1d0PRN_OPn1a0nQNAQn1X1O1O0001O0N3IhQNbN\n1Z17M3AYQNAjn19`QN]Oen1b0>N4M001O01O00100O0100O0101O000001N101N1O10O100O01O2N100O010000O00100O00001O0001O00002O2M3LhRUe1
20120111191454Bh_6,c`l]21\Pl02`oUO2N2O0000001O010O0000001O01O01O00010O0100000O01O010O01O100O100O1O010O010000O1002N001OO11O2M2O0O100N1O2O003N@iPN5Wo1GnPN8So1FPQN9Po1ERQN:[o100O101N2IWPN3`][]1
20120111191454Bh_7,Xfnd01ZP<1coE2N200O1O1O100O2O0O2O2N1O100O00104L8IN0O00100O1N2O1M3LjXmX3
20120111191454Bh_8,^fkc134Obo1:L3O0000000000O10000001O00CdPN6co1001O001O0O1000000O1O1IDjPN=Uo17O2M3O1O0000000010O0001O010O01003M00O1O001O0O1YOmPNa0To1]OnPNb0Yo1O0O010O2O1N2O000O1O100O1O10000O100O1O10000O101O000O101OWYTW2
20120111191454Bh_9,hYd]21mQd34lm]L4M1O3M2O001O1O1N2O00100O11O00O002O1N1O100O001O1O001O2O0O100O1O11N10O001O0001O1O001O0N3O1O3K3O0O3N1O00010O1N2O0O2N1KaPb0Lho]O2M1O3N000N4M2O2N4L3M2O0O0001000O011OO020N2O0O011O0O0102M002O0O1O11OO0100O1O100000O010O10O0110N01000000001OO100O0010O11O03OOOO2O2N0O2N4MO01O1N2O1N2O1O1O001:FO0212K01000O1O1000O00100O101N3M1000O1O00011OO0020OO0020O00O1O10O0100O0011N01O01000O01O1000O03M011O0O0010O001000O001O010O010O1000O103L2O1OO2N2N3M1O5K3M1O2N4M1N11O001O6LN0003NO01O012OO00O20ON2010M0200O01N0210OO106I1N011O0O10O011O1N:F1O1O0BmPNMWo1Oj]Qn0
20120111191454Bh_10,QY\Y21XQf24bn[M3M3M2N1O2O4J3N2M3O000O100001O001O2O000O1O00001O000001N100100O00100O1O1O0010O0001000O0101OO01002M101N000101N1O1000O012M1000O0100O1O001O10O01O010O000100O0010000O1000OEnPNHRo16RQNHon16RQNKmn14VQNJkn14WQNLin13WQNNhn12YQNMhn12YQNNgn11ZQNOen10]QNOcn11]QN0cn1O^QN0bn11^QNNbn12_QNO_n13`QNM_n14aQNL^n14bQNM^n12dQNM\n13eQNL\n12eQNOZn10gQNOYn12gQNNYn11gQN0Xn10iQN0Wn1OjQN1Un1OkQN2Tn1NmQN3Qn1MQRN2nm1ORRN0nm10SRN0mm10SRN0lm10URN0jm10WRNOjm12TRNOkm12URNMkm13URNNkm11VRNNjm12VRNNjm12VRNNkm12TRNOkm12TRNNlm12TRNMnm13QRNMom13oQNOQn12nQNMTn13kQNLVn17eQNK\n15cQNJ^n16aQNK_n17_QNIan18^QNIbn16^QNJbn13bQNM^n12bQNO^n1NcQN3]n1McQN4So12N2J5O11O010O00001O00000F`PN4`o1LbPN3]o1LdPN4]o1JfPN4Zo1LfPN5Yo1KgPN6Wo1ImPN5`o1101]OI[QN6bn1JaQN4^n1LdQN3[n1NeQN1\n1NdQN2Uo10XONcQN2]n1NcQN2\n1NdQN3\n1MeQN1[n10dQN1\n1NfQN1Yn11eQNO]n11bQNNan10^QN1an1O`QN0an11g00fPN0cn1O^QN0bn11f00jPN0\n10fQNOYn12gQNNYn11hQNOWn11m01OOmPNOXn11l00kPNOZn11eQNO\n11k0OO10O10PP2010noM0100000RP40noK0O10O\bkV1
20120115063134Lh_1,hXng11_Qh11bnWN0io16I7J7J4O0N2O2M2O1O1O1O010O1O100O1O0000010O1ON3O00100O0100001N10001O001O001O00010O001O00001O00001O001O010O0010O0001O00001O001O00100O001000O01O3M100O1O0010O02O000O010O1O1O010O0000000001O01O000100O00010O10O010000O10O10000O2OO11N10O1O1O001O00000000000001N4M0O2N1O3MQeQn1
20120115063134Lh_2,^bjR11iPT22RomM3N101N101O0O1O100O10O010000O1000000O0100O100N2O1O1O10000000001O01O010O100O10O13M0O10O1O010O1O0001O01O100O001O10O00001O010O00010O00010O001O01O0000010O00010O010O01O0001O02O0O1000001O1N110OO2O1O000O010O11N010O100O010O010O01O10O100O010O001O000001O000000000000001O00001O00001N11O003NO010O10O00000001O000010O010O010O01O1O10O01O2L3NR[i`2
20120115063134Lh_3,QXcQ11XPP11doQO5M2O0O1O2O0O01000O0100O010O1O100O1O010O01O10O10O010O1O01000O010O0010O100O010O00001O00O010000O01O010O01O10O10O010O1O0001O1O00100O10O100000000O10001N1O2N2N[g`h2
20120115063134Lh_4,Qd`f12lo15K4N2M;F2N2N100O2O1O00YOPQN>Qo1]OXQN=Wo10O0001N1B`PN:do10O01O101O1N1001N1O010O1O010O00010O0010O0103M0000O010O10O0010O010O000010O010O00010O00010O010O01O2O0O10O0001O00001N1O101O2MRZ_T2
20120115063134Lh_5,b]hl11jQd14Pn]N3]OKWQN7cn15SQNN`n1P1O10000O001O2O0O1O100O1001O1O2N2N1O1O2N000O2O010O01O01O0O2N1O1O00100O1000O20O000O1O10001N1O1O1O:F2N1O1O1O10O2O0000O10O100O10O10O10O01O10O01O0010O00010O100O010O1000O2O0O2O0O2O11N0O2O0O101N2N100O0100000O2N1N4KW^kj1
20120115063134Lh_6,ehZc01]Uh01\jYO9J3K5I6[L\OiWNj0Sh1[OgWNh0Yh1[O]WNl0ch1UOXWNP1ih1nNUWNT1lh1kNRWNW1Ri1cNoVN_1ek14D;I8VORN[SNU2bl1g0N1N2O2M2O1NjNmSNcNQl1\1UTNaNik1]1_TN^N_k1`1iTN[NTk1g1QUNUNoj1k1VUNoMkj1P2c1QOaRN[Ocm1b0`0mNQRNR1om1POoQNo0Sn1SOjQNn0Vn1UOfQNk0Zn1=1M3[OjQN^OXn19k001N1100001O1O1O000001O0001N2O002KZV]X3
20120115063134Lh_7,lRS?1\Un08YjSO4M2N2N1N2O1M3M10002O0O2N2O2M3M3H8ZOgN^RN_1\m1f0J6N2O02O01N01O1O000O@?L3O011O201O1O100O2N1ORNhSN7Ul1GSTN@ADZl1i0`TN\O[OGSl1n0iTNROYONmk1P1hUNjNYj1W1f1`00O3G9M4M3L4M3O1M4M2N2O2N1N2L4M3M4M2NPlj[3
20120115063134Lh_8,nobc21PQ`0:dnA3M4L0FATQN`0hn1FUQN;jn1>M3001O10O02N104L2NO101N100O2O00O1O1N2O<D2N1O00100N3M3M_nhY1
20120115063134Lh_9,_c\b01mYl17deUN4OO2O1K6M201OO2B<IO31:GYnc01aRZONbn1j0O1O2[RNWOSl1k0jSNQO[l1b0bRNFR1F]l1e0cRNCo0H^l1g0eRN^On0I\l1l0iRNWOZn1k0<2L4nQNSOnl1P1iRNVOVm1m0jRNQOVm1R1hRNnNVm1U1kRNhNVm1Z1jRNdNVm1^1jRNbNQm1d1nRNZNPm1k1oRNTNPm1o1oRNoMPm1T2<2MTOk02M2L5L4O2O0M4N1O2O1M2N3N2M4L40O1N200N3N1O010O00O101N101O1O0002M201M2N2M2O2L4M2O2M2O2M4L4L3M3L5L3N3N1N2O1O2M3N2K6KfZWU3
20120115063134Lh_10,agTY31WRX17`miN4L3M2M2N101O000001O1N2O101O0O1000O100O2N1O100N11O010001N4L3M2M4M<E0O100N3N101M3iQN]Nlm1o1ZSNoMWk1T2eTNPNYk1R2dTNQNZk1P2eTNQNZk1o1eTNRN[k1n1cTNUN]k1j1aTNYN^k1<RTN2`0C]k1:VTN3:E`k17YTN26H`k17[TN2KOik10]TN1G1lk1N^TN2A4Pl1J`TNf0_OkNRl15jTNn0XOdNTl1=fTNn0hk1QOZTNo0ek1oN^TNQ1ak1nN`TNS1`k1kNcTNT1]k1jNeTNV1[k1fNjTNX1Qm1O000001O001N2O1N1O1N301N000001O4dNlQNc0Vn1YOlQNg0Vn1TOmQNk0en1N2M5JYTY`0
20120115063134Lh_11,[\Ve12lo13N1O1O10001O00001N100O101O0O10000O2O01O00010O01000O01O10O010O0100O01O0010O01O1N101O1O001N2N101M[P`0Ogo_O3N1O001O001N101O1N10001O001O00000001O1O100O001O000100O1O001000O11OO10O10O20N110N101O0O100O100O10O00100O1O1N5LZQP2OdnoM<XO^OYQNe00YOdn1o06@TQNNln1N`QNHNMVn50kRJ0Rm11^10`QNOQm11PSNOol11SSNOkl12USNNjl12WSNNhl12YSNNgl12YSNNgl11e10eQNOgl11XSNOil11VSNOjl13TSNMll15RSNKnl16QSNKml17RSNHUm14iRNLWm14iRNLXm13gRNM\m12cRNO\m11eRNN[m13dRNM^m11Y10100O01O0UQNOfm11YRNOln110OmN0VRN0km10URN1jm1OVRN1im1OV10N11ORQN0jm11URNOlm11S1OO2PQNNom12PRNNQn12nQNNSn12lQNNVn1:`QNFan1;]QNEen1:ZQNFjn17UQNJnn13QQNMSo10mPN0So1O`000000^PN0So10mPN0bo10@0oPN0ao10_O0PQN1on10QQNOPo10QQN0nn11QQN0nn10SQNOnn10SQN0ln11SQNOnn10SQN0ln10TQN0ln10UQN0kn10TQN1kn1OUQN2jn1NWQN2in1NVQN2jn1OVQN0kn10TQN1kn1OVQN1jn1OUQN2kn1NUQN2jn1OVQN1jn1NXQN1gn10YQN1en1O]QNOdn11\QN0bn10`QNN`n13g02M1jPNJcn15\QNKen14ZQNLin12WQNNin13UQNMln14RQNLQo12`0O^PNOTo10m^Wk1
20120218152654Bh_1,dZVe11ePZ10XogN3N4M1N1001O0001OO200O01O01O0100O01001N1000001N2O1O1O1O000001O0001O010N2O1O000001O01O0010N101O0O10010OO0101OO1000O11OO10000001N2O1O1N5L1N2O00000000O2N1O1O2N1O1O1O1O1O2N3L3L5J[boS2
20120218152654Bh_2,Yenn15jo11O2O00001N10001O0000001O01O00000000001N100010O01O001O001O000010O00001O001O010O00001O00000010O000000010O000100O0010O010O01O10O01O01000O10O0010O1O1O100O010O1O001O00001O0000000010O0000010O100O1O2N100O2N1O2N1O1O1NfY]j1
20120218152654Bh_3,fYeb22no11O1O001O001O001O01O01O01O01O01O10O01O01O010O001O10O01O010O10O0100O1O010O10O0100O00010O1O01O0001O01O000001O000O10000000O100000000O1000O1000O10000O10O10O0100O1000O010000O10O1000O1000000O1000O1000O100O100O10O0100O001N@dPN?\o130O10O100O010O10000O00001O000000O2O010O1O01000N2O1O10O010000O0100O1000O10O0100O10000O10O01O1N110O1O1O1O1OofVS1
20120218152654Bh_4,][gS21]Pn02_oSO3M3M2O1O001O0010OO101O1O2M3N4L5K7H3N0010O0001O01O001O2O2M1O2N1O1O1O1N101O1O1M2O2O1N2O0O100010O0001O0001O01O0001O1O010O00001OO2O1O002M2O7FXcnf1
20120218152654Bh_5,Y^lk01fRX30XmiL3M2N2O1O0O2N101N1O2O0000001O00000000001N10000O1O100O0010000O01000000O10N2O0O2OM310N110O1O010O10O10O10000O1000O1000O010000O100000000O100O010000O10O10O100O100O010O1O010O10000001O0O10000O101N100O100O100O10000O01000O10O00100O001O10O0100O01000O10O010000000O010000O1O1O1O1000000O10001O001O00000O2O0O1O2N1M4N2N2O[P>1coA2O0O2O1N1O2N2HDiPN=So1IjPN8Vo1901O000OCkPN1Uo1OkPN1Uo1>N10000O10000O10001N10000O1000O01O100O1O10O10O10O0010OM4O1O010O1L310O100O01N1010OO02N1O11OO200O1O1000000O10000000000000001N10000O101N1O101N1O2O003Kn`Ua2
20120218152654Bh_6,o_fa11hTf00]g[O7\WNN_h16[WNNch15[WNLdh15ZWNNdh13[WNMfh13XWN0fh10YWN2gh1NWWN3jh1MSWN5mh1KQWN7oh1JPWN6Pi1KnVN6Ri1KiVN9Wi1HfVN:Zi1F\VNd0di1[OcTNMa0R1lj1QO_TN46X1[k1dNWTNk2ik1f00O101O0O2N2M2D=L4M3@_SN]Mdl1`2`0M3L5lMbRN`1Qn1M7I5F9N1O1J7N5I7@dPNNl\oZ2
20120218152654Bh_7,UYlS21^Pn06ZoSO4M1N2O000000010O00001O00001O001O1O1O@dPN<\o1DdPN=[o1CePN>Yo1DiPN:Vo1FkPN:To1EmPN<Ro1CPQN=on1CQQN>Xo11O001N2O10O11O0O3N0000000000000O01O1O2O0O00001O010O001O010O1O001O001O001O1O2M2N5KWemf1
20120218152654Bh_8,TfgQ21XP\12doeN3M2O001N101O001O001N11O0001O0000000001O00010O001O0010O01O100O0010O010O000010O000000010O000001O0001O000001O000000000O100000001N100000000000000001N100000O10O1O1O100000000000010O0000010O0010O01O010O1O001O1O1O1O1MSYXf1
20120218152654Bh_9,V^bm21cPT11YomN3M3N2N1O1O2N2N101O1O1O001O001O001O001O1O000O101O00001O000O1000O1O100O100N200O10000O1000001O000001O0000010O000100O100O100O10O010O10O010000O100O010O00001O001OO2O0010OO2O1O001N2O1DWaek0
20120218152654Bh_10,feSo11bPb40jo]K0Uo11=O`PN0So10lPN0To10lPN0To10>0_PN0Ro10nPN0ao100001AOmPN1ao1010O000COkPN1bo11CNkPN1bo10DOiPN1Xo1OhPN1Wo10hPN0Yo1OgPN1Zo1OfPN0Zo10fPN1Yo10gPNOZo10fPN0Zo10fPN0Zo10gPN0Xo11gPNOZo10fPN0Zo10fPN0Zo10fPN0Zo10<0O0[PN0Zo10fPN0Zo10;0QP20ooM000000000000000ook00^PRO0Vo10jPN0Vo10jPN0Vo10jPN0co10O1O1DNiPN3Wo1MiPN2Xo1NhPN2Xo1NhPN2Xo1NhPN2Xo1NhPN2Xo1NhPN2Xo1NiPN1Wo10hPN0Xo10hPN0Xo10hPN0Xo10iPNOWo12hPNNXo12hPNNXo13hPNMVo14jPNLVo15iPNKWo15:1O1O0O2O1O1O1O1^PND]o1`0000O10O1000000000000000O1000000000001O0000001N100000001N101O1G]PN2io101OfoY2OZPfM101N101O0lPNNZn13dQNN\n12dQNO[n13aQNO_n14]QNNbn13\QNNcn15ZQNLfn15YQNKgn16WQNLhn1f001N1000001O001O0000001O00000000001O000O10001O0100O0010001N100O101N8I0O00100O10O0001O0001O0000000000001O0000000000000000000000001N100000000O10000000000000000000000000001O000000000000000O1000000000000000O100000000O101O0O1000001^OSQNNnn11TQNNmn11TQNNln11VQNNkn11VQNNmn1NVQNOln1O[Y^Y1
20120402105814Th_1,bRSP21]QV2:VnkM2O1O1O1O0O1H80000000O110O2M3O2M3M100O100000O100000O1000O1000000001O0O1000000000O0100O10O10O100001O010O2O0O1O1O1O1O00000000000001O11O000000O100O011OO01O102M1O01O000SQNJPn16cQN9[n1HcQN:]n1e001N1000\OeQNBZn1>hQNAXn1>iQNAXn16^QNG:4Xn12aQNI84Wn12cQNH86Vn1MeQNK87Un1JYRN5jn1O001O1O1O1OYP<2eoC1O1O001O001O0000001O0000000001O04L1O100O001O10O01O10O010O1O2N000100O0001O2D^PN6go1O2N2LciXd1
20120402105814Th_2,Ua\g01QRj18dmWN4E<I7K3_Ob0M3M3N2N15[NQRNn0dn1NO03M6J3M5K1O1N100O2O0O3M010O10O1O010O1O000001O000O2N101O1O01O10O01O2N1O010O00000001O000O1000O2O000O10000O1000000000O1000O100000O100O1O10O01O101N10000100O01000O2O1O4K2O2N1N3O0O1O01O1N2O1N2O1O4L1N2OO01000O2O0000000001O000O10O1O1M30O0100O0001O1O1O1O1NXZYn2
20120402105814Th_3,SZcm21ZPd05`o]O1O0O3N01O0100O10O1O101N100O010O010O0101N2O1O00000000O100O1000000003M2M2O1O1N02O2M3M3L]dPo0
20120402105814Th_4,mZmV342MYo1i0H6J7J3M2O2M2M4NROnQN1Pn1LWRN2fm1L`RN6[m1IhRN8Tm1HPSN8ll1HXSN8al1L`SN7Zl1JiSN8Sl1FWTN6ik1C`TN;ak1ZOhTNg0Zm1N2N1N2N1O003L6KgcZg0
20120402105814Th_5,^cbX12mo1101O001O10O01O001000O010O0001O010O0100O01O1O1O010O000O101O0000000O0100M201O10O10O10O10O01000O010O10000O010000000000O1000O010000000000000000000000000000002M3Na\]b2
20120402105814Th_6,mTmn01dQj03VnWO3N1O1O2N4L2N2N2N1O1N2O1N2O1O10DRQNFmn19WQNEin1:YQNEgn19\QNEdn1;^QNDbn1;b0N010000O2O0010O1O1000000O1O10O11N1O101N1O10O10O0100O00001N1O2O001O000001O1N3Mhj^l2
20120402105814Th_7,lbhV11aPf11[o[N20NVPNOio10XPN0ho10YPN0fo10ZPN0fo10[PN0do1061VPNOco11^PNOao11_PNObo10_PN0`o11`PNO`o11_PNObo10_PN0ao10^PN0bo10^PN0bo10_PN0`o10`PN0ao10?0A080VPN0bo1070QP40ooK000:0[o30[PL000;0YO0<0YPN1eo1OI0aPN1_o1OaPN0ho10G0aPN0`o10`PN0ho10G0aPN0ho10G090XPN0ho10O10O10H0_PN1ho100000000O100000O0100000000000000001O00001O0000001N1KM]PN4co14010O01O0O2O01O0010O010O01O1O010O1O]PNI_o16`PNJao15^PNLco1900002M1O01O01O00000001O00HZPN7do1J^PN4bo1M^PN2co1M^PN3ao1M`PN3`o1LaPN3fo12OO1N3Nd[g_2
20120402105814Th_8,U[nd11SP>8doC1O1O1O10O100O1O1N1O100000O101O000001O1OO1O1O11O0O2O003L`diX2
20120402105814Th_9,QZWQ31XPj01eoWO2O3M10O01000O010O01O1O001O1O010O10O01O01O010O0O10000O1O1001O1O1N100O100OO2O00010O2O0O100O010O2O00O01000O0010O0010O100O01O1O2Mjeni0
20120402164214Mh_1,lYom22lo14N1O2N2N1000000001O1O0O10000O100O1O01000O010O01O010O0010O010O02O0O2O001N10O100000000O100O10000O01000000O100O11OO0110OO10001O0000010O3M1O10O00002N0O2N3M3LQdTm0
20120402164214Mh_2,]RgS21WQT25bnmM2N1M4K400O100000000010O001O01O01O01O000000000000O100000000O2O00001O00001O00001O00010O000000010O01O010O1O010O10O00010O01000O100O010O10O10O11N:G1O2M1O01O1O001O1O1O002OO02O1N2O05K0000O10O10O10O01O100O10VQN^OVn1`0hQNDXn1:gQNHZn16fQNK\n12cQN1]n1LdQN4bn1E^QN=Qo13M4K4J5N2O00100O010O00010O000O2O0O2O1O001O000000G]QNTOdn1j0:O1O1O1O1O1O1O001O1O1O1O1O100O2O0O101N2N3LZj``1
20120402164214Mh_3,_bdi01mPn14lnSN4K5L3M3O1O1O2N2N100001O1O2M6K0O10000O1O100O10O01O010O00010O00000010O0001O00010O000010O01O000001O0N3N2O1O010O001O001O0000001O000O100000O10O1000O10000O101N1O1O1N200O10000010O100O1O104K2O1O2M101O00O11O0O1001O00000O2O0O1O101N2O3L3N1O00O010O100O10O0100O11N01001OO0100O010000O010O10000O10O101N10O0100O1O1O1O2M3MPZij2
20120402164214Mh_4,hYYZ11TQj16enWN1N4M3M1O1O1O001O001O00001O000000000001O00001O001O1O2N1O1O0001O00000000000000000O101O000O10000O10O00100O001O10O010O0000010O010O000001O0000100O0000O110O0100O10O10O010O001O100O0100000000000O1000O100000O0100O010O10000O100O1000O10O0100O1O1O1O010O1O1O1O1O2N2Ojel[2
20120402164214Mh_5,^ZQW31aQb06Wn_O2O000010O000000oNJXRN6fm1NXRN3fm1=kQNCUn1?hQNBXn1c0bQN_O\n1T1O1O0010000001O1O3L4M1O0000O02OO02YOWQN3jn1J`QNNan10bQNN_n11cQNM_n11dQNK^n13eQNJ_n12mdPf0
20120405130014Th_1,\bTm11[QT32anmL10000O100O01000O10O1000000O0100O1O10000O10O100000000001O00000000000O10001O001O001O0010O01O01000O2O000000O2O000100O0000O1001OO10O11OO10O10O1000000000O01O010000000O110O2M101O001O1O010N11O001O1OO11O0O10000O11OO100000000O11N1000O010O010O100O10O02O10OO11OO1100O001O002M200O2N2O2M1O5L0N110O0000O1O2N1O2N1O1O1N1O2O1O21OO0O120N4NO0OO11O01O0000000000O11O000O01000O10O01000O010O010O01O0100O01O01O1O0O101O0O101O0O100000O0O2O0O10O02O010O1O2N100M3N3O0N20QXka1
20120405130014Th_2,S_\g1d0Yo16ZO@bQNi0Un1e0L4L4K`0B3M9G2OcN\SNAal19kSNCRl1:TTNEjk1OWSNVO^1h0Wk1^O]SN2l1>dj1AaSNKS2c0Yj1CTVN9ki1HWVN8ei1J\VN5di1J^VN7bi1DaVN=al13M1O01N100O3OO00O21ON3O11M001O1OO11OO100O01O010O0101O0O1O1O1010N10O100000000000000O100O1O0010O010O2O000001O00O101O01O01O00010O01O1O1OO101N100O11N2N2O1N10O0O11O1O1O10O010O000000000O2O0001O002N001N10O10001O0O1O0100000O01O100O2NW\WP2
20120405130014Th_3,Q_hl01bP`20\oaM2O2N001N2O001O1O0010O0001O000001O00001O0001O010O01O010O000000000001O000O2O1O00001O00102M1bPN_O[o1d0O10O01O0H[OUQNe0in1^OVQNb0jn1_OUQNa0jn1@UQNa0kn1@TQN`0mn19001O000O2M2O3N2N0O101O0O4M001O00000000000O1000O1N2M@ePNa0Zo12100O100O101N10000000000O100O100000001O00O10000O1O2O0O100000001O0000000000000000001O0O100000001OO01000O10000O100O10000001O001O001O000001N2O001N101O000O101O000000000010O0001O000000010O00001O0010O000100O00100O10O1000O1O00001O001O1O1Nl_Yd2
20120405130014Th_4,g[Rd11dSX37blkLJ[P42`oIM08NJO2`NLmQN1g01Um1N`SN2Zl1OjSN1hk1N_RN5V1KB2Ql1NVSN096[1LSOOZl14nTNKgN2Sl16[UNJ^N0Vl13aUNNYNMTl13iUNORN0Rl10oUN0PNNhn11YQN0en10g0OO110O000fPNOen12e0O1O100010N2oPR1NZoA0goA1boIOjPN0co1011QP2O`oM0mPN0bo10B0kPN0co100010O001@OoPN0ao11_OOPQN0Ro10nPN0Qo10a00]PN0So11lPN0So11lPNNUo11lPN0So10>0aPNOPo11`0O02_PNNQo13mPNMTo14=0\PNLYo14:O]PNMYo12hPNNXo13gPNMYo14fPNLZo15ePNK\o15dPNK[o15ePNK\o15dPNK\o14dPNL]o13cPNM^o12bPNN_o11aPNO_o11aPNO_o10cPN0[o11ePNO[o11ePN0Zo11ePNO\o10dPN0\o12bPNN^o12bPNN^o13`PNN`o12`PNN`o11aPNO`o10`PN0`o10aPNO_o11aPNO_o10bPN0^o1ObPN2]o1OcPN0^o10bPN0^o10bPNO_o10aPN1_o1O`PN2`o1N`PN2`o1N_PN2bo1O\PN2do141000O10O1000O10I\PN1eo1N\PN2do1N\PN2do1N\PN2io10JN^PN1ho10KO]PN1co1O]PN1io1O001000oo10QPN0000000000000O01000000000SPh01moWO0O010BOkPN1co11N0CNmPN4Po1MPQN3Po1LRQN3nn1MRQN3nn1MRQN3nn1MRQN8hn1IWQN8jn1HUQN8kn1HUQN8ln1GUQN7ln1JTQN4nn1KRQN4on1LQQN3^o101O2N010O1000QP40Z[Wk1
20120405130014Th_5,n]Ub11TRf13gm[N2O1N3`PNHTo1:iPNIUo1c0N1O101O000O1O010O01O001O000O2O00000001O000O01O1JkPN_OXo1?5DhPNOYo10<O1Ooo10noM0WPN2go14O1O100O10O1000O100N1O2O100000O010O10000000O0100O1O0010O10O010001O0001O0O10O100O10O10O00O2N101O01O1O1N1O200O001O100O0001N1010O2O1N2N1N3M3L4N100O1O100O010O01O0O2F:N2N2O1L4M3N201N2M^aTT2
20120405130014Th_6,YTeW31[P`02_oA6NO00O10000001O01YPNHco1`0K3N1N2N8H3MGUQN_Oin1a0WQN_Oin1a0VQN@kn1j01O1O1O1O0O2N100O2N4GiPNBYo1;8N2O2N1LPkde0
20120405130014Th_7,ZYQW21nQh21omYM3M101N10001O001O000010O01O01O00001O000010O0000000000000000000001O01O000000001O00001O00001O000000000000001O00000000001O000O1O1M3O1O100O1O001M3O1O10O10O10000O0100O100O100O2O0O0BiPN5Wo1JkPN4Vo1LjPN3Vo1MkPN2Vo1NkPN0Vo1OkPN1To1OnPNNTo12lPNJWo16:0000O10000O010O100N2O1O0010QPd02lo[O100GN`PNO03`o13^PNMbo190O100001N2O0O2O1N4M00000000000001O00000O1CePN5\o1HgPN7Yo1IhPN6Yo1GjPN7ao1N2Lgo70\PH0O1O1N20000001O3M00O010N200O1O010OO1010000O10O2K400O100O100O1000000000000001O001O001O1N101NQf^Y1
20120405130014Th_8,k\[o21\QT17\nmN2M3N011]PNC`o1b0L2OO000010O01O0O101O001O000000O010O0O10010L3O011E^OVQNb0kn191O0010002M1N3N0O1JjPNCVo1=7N11000O110O100O00O0010OLGbPN8\o17O101N1100O1O2O1N101O00001N100O100O1O0O2N2Kkbfj0
20120405130014Th_9,c\h`11oo10nSj69kkUI35IOO2OO100O010O11N01O02OWOMbQN2_n1ObQN0]n10dQNO\n12i0O11iPNN]n12cQNN^n11bQNO^n12aQNN^n14aQNL`n14^QNMcn13f00fPNLhn13WQN1en1N^QN0cn11ZQNOgn10ZQNOgn10ZQNOfn11YQN0hn1OYQN0fn11YQNOgn12YQNNfn13YQNMhn12YQNNgn11YQN0fn11ZQNOfn10ZQN0gn10YQN0hn10WQNOjn11UQN0kn10TQN1ln1OSQN1on1NRQN1nn10QQNOao30`oM0oPN0Qo10oPN0Qo10oPN1Po1OPQN1Po1OPQN1on10QQNOQo10`0000O1O1^PNNUo11>O01^PN0So10nPNORo10nPN1Ro1OoPN0Ro30nPL0Po11PQNOQo11nPN0Qo1OPQN1ao10OObo31^PLO11N110O00000000O10O10O0100O2O01O0O2N00QP2000ooM1O100O1O0^PNMWo13;O`PNNTo12<1O2aPNKPo16PQNJPo16PQNJon14fPNM;OPo11UQNO^o1000000000oo10QPN0O010E0fPN0Zo10fPN0Zo10ePN1Zo10fPNOZo12ePNO[o11ePNO[o11ePNN[o12fPNNZo12ePNO[o11ePNO[o11ePNN\o11ePNO[o11dPN0\o10dPN0\o10dPN0[o11ePNN\o12dPNN[o12ePNO[o11dPNO]o10dPN0[o11ePNO[o11dPNO]o11bPN1]o1OcPN1]o1OcPN0^o10aPN1_o1OaPN1`o1MaPN2`o1N`PN1ho1O10oo50QPd00SPTO1jo13O1001O_PNLF0]o1e0L010O11OO12M10000O105J100O1O000000000000001O001O1O00002OO010000O10O10O0100000001O01O@JWQN3\o110O\OMZQN4dn1M]QN3bn1M_QN2an1N_QN2an1O_QN0an1O`QN0an11^QNObn11^QNObn12]QNNcn13\QNLfn12[QNNen13ZQNMgn12XQNOhn11XQNNin12WQNNin12VQNNkn12a01001O0000O1cPNMln13b0N10000O10XQT14fnkNO1O2OO0]o?OePB0noM00000TYUf1
20120405130014Th_10,V[iY23lo101O010O1000001O0000kd`e1
20120512063234Lh_1,RSWP11WUR25`joM6L3M4L2K4N2L4K5J5N2G6N4J4111K30200O01N02O1N1^OmQNVOWn1f0c0M3O1O1N2001O0000000O001O101N101N2O0O110O0001O100O3M2O0000001N101O1O1O001O00O2O0O1O100000001O0O010O10O01O00100O001O10O1O0000N2L5O000000M3M2O20O10O2O0N20000O2N1O2O100O2N10O10O1O10O01O1O10000O1000OO1O2N11N4N001N10001O0O10000001000O10O1000O10000O100000O100N2O1N101N3N1N^kjc2
20120512063234Lh_2,`^WY26io12N2O1N2O00001O01O10O01O0001O000001O000000O10000O1000O0100N2000000O01000O1O100O1O1O010ON2O101N10000O101N101O001000O1O0O101O100O100OO2N2M2010O00100JHcPN8]o16O010O010O001N1O20O1O1O1O101N100O1000000O0100N101O01O000000100O0010000O10O10000000O100O100N2O1O10001O00000000000000000001O00001O001O1O2N1O1O001N1000001N100000000001O1O02N1O000O1000O01000O1000000O1000000O1O1L5M9HPc^[1
20120512063234Lh_3,PhbR31lPl02PoUO6I6K2O1O1O2O1O1O03NO000O010O101N1002N3M000001O00000O11N10000O10001O0100O01O01O1N2OO100O101O010O0O100010O11OO100N3O1N3M31102MM7H3L8FQT[h0
20120512063234Lh_4,S\gh11eRd14Um]N3L4M3N:E3M2M3O1N10000O01O0010O1000000010O001O1O001O0O2N100O100O100O100O1O100O100000000000001O1O1O1O0000N110O0100O10O10O01O001N1O2L4L301N2O10O01O10O01O1O0010O101N2M3N1O100O001O1N10100N10O100O10000ON3N3L2O02M202O0O101O001O001O0100O010O0O1N201M3O1M3O1O011N1O2L[c`m1
20120512063234Lh_5,h[gk21SRT16dmmN4M3M2N5H6L4K4J6M3N1G:L4M3K6L4L6L1N200O\ObRNgN`m1f0cRNlN5=gm1BURN6d07gn1N2O0000001O000O001O001O0102N000O00000O010O1O1O1O101O0O1O2N1L5N1O100O0100BPQNLQo11RQNMon12SQNMnn11SQNOnn10SQNOPo1LRQN3]o11O2N1N2O1000000101N3N1M2O0O2Nf`Tn0
20120512063234Lh_6,h[Wl21UR`02cmA7NIaPNN]o11gPNOWo10XQ>0UmG0nQJ0[RN1Zk10[21bRNNmj12UUNNjj13VUNMkj11f2O^20_M0m`dQ1
20120512063234Lh_7,W^Vf21eQ^12TncN7F8N3L4M2N3M2N2N2O1O1O11N2O1N3O1O10M4M3L2O09IO1N1O1O1O000O1O0O1N2O2N100003M3M3N1O1O1O2O0O1O0001O033L1M3NO01O0000O100000000O2O00O02N101O1OTQNROfn1o0VQNSOkn1R1OO1O2N1O2M3N1O00N30O1O11SQN^OYn1c0cQN@`n1D`QNV1en1O1O1N2N2N101O1N5L1N2O0O100O01000O1000001O1N3M3L4M5Jc\[Q1
20120512063234Lh_8,bgPm27fo15L7I:F9H4K6I5L3M2O1OiNdRNL\m12hRNKXm14lRNGWm17Z1N3JXYmQ1
20120512063234Lh_9,jeoP21ePP21XoQN6J2O0M4bPNEUo1=iPNCWo1c0001O2]OdPN>_o101O0001O01O01O001O000000010O01O1O10O2O1N1O2N010O0001O1O1O010O10O10O010O01O6K0O100O0PQNXOin1f0WQN\Oin1c0XQN]Ogn1b0ZQN^Ogn1`0[QN_Oen1?^QN@bn1?a0N1O1OQQNE[n1;e00QQNDZn1<eQNE[n1;eQNGZn18fQNHZn18fQNIYn17fQNJZn16fQNJZn17eQNI[n18cQNJ]n17aQNI`n16_QNKan16^QNJcn15\QNLdn15[QNKen15ZQNLfn14ZQNMen14YQNLhn15VQNLjn14VQNLjn15TQNKln1e000001N100O1O1O1O2O000O101O00001O00001N2[OfPNb0_o1M1O1O2N1O1O10O0000000EHnPN8Ro1HnPN8Ro1GPQN8\o100000O10000O10001O0000000001O0100O01O1N100O1O101O00001O1O00001N10nWdc1
20120512063234Lh_10,hkT_22lo15M100O100O100010OO2O00000O01O100O1O00010O10O01000O100O100O010O011N7J4K2O00O010O1O4L3L3N5ITSo]1
20120512063234Lh_11,naZZ21\Q<4]nE2O001N1O2M2M4M2O00000100O1N2M201O00010N3O1N3Kl]ic1
20120528063154Uh_1,PUUU21dVT22QimM=G5L3G8M3L4N2O1O2ON2N2N2O1O1K4O2N1N30O001O1OO1000N2O3M2N1O2M200O]O[QNOcn1NPRNCRn1<i01N101OO20OO1010O00001N100000001O0001O01O0000000000010O00O11O0010O001O1O0O10001O01OO2O010O010O0O1000010O01O010O01O0010O1000O10O10O10O01000O01O10O0100O01O0100O000100N101N10100O0010O010O001000O010O1O0O200O010O01O00000000002N2N2M4LciZ_1
20120528063154Uh_2,`[o_25io14K4M2N2N1O1000O11O0O100O1O10O0O2OO100O20O0O1O0110O000100O1O01O10O100N20O000010O01O0100000001N101O00100O01000O10O010O01O1000O0100O1O100O1O01000000O010000000000O100000000O10O1000000000000000O01000O101N1O1O1NVg`Y1
20120528063154Uh_3,e^[^12mo13N1N2N2O1\PNH^o1>O1O1O1O0001O000000001O001O000010O01O002OO01O001O1O1O001O1O01O01O00000001O000O101N10001N2O1O0O100O10O0K6O0010O010O00100O1O001N1N200O010O010O10N11M3N2O2O0O2O0001O0M4L4N2N101O0O2O0O2O0000O11O01O10O0100O10O10000O1O1O100O1000000001N10001O001O001O001O00100O000010O003N1N2M3N1O2N1N[bdX2
20120528063154Uh_4,QTWe01^Pf12^o[N2O1N2O1O0O2O00003M1N101N10000000O1JcPNH^o1760000000001O000010O01O0100O1O0001000O10001O001OO101OO0100O100O1O10000000000O11O2N1O0O1000O100O100O1O1O100N3N\j^T3
20120528063154Uh_5,UW_S22lo13N2O1O000001O0000010O00000010O1O002OO00100O10000O01000O100O11OO10O2O1O3L1001N2N2N2LUhji1
20120528063154Uh_6,mcPo11dP>2XoC3CNgPN3Xo10ePN1\o1901O100O010O1O01000000011N2N1O0101N2N001O4K2N2N1N3N1O1NgZan1
20120528063154Uh_7,ei\U32lo15M2N1O01000O1001O0001O000O010O2N002N1O101N20N100O2N100O1O1O2N1O100000O3O0N11N010O1O001O0O2O2MYUcg0
20120528063154Uh_8,h`PU23lo14L2O1N3N0O2O1O1O001N2O1O1O00001O1O001O0000000000000000000000000O101O0000010O001O10O00100O1O1O2N00100O0010O00100O01O1O01O011N1O002N1O010O10O01O1O010O0010O01O10O0100O0010O01000O01000O105J10O0100O002O0O002N1O2O1N1O100O1O00100O0010O00010O0010O01O01O010O0001O01O01O000010O00010000O1000O100O001O1O010O1O1O1O1O2NT][a1
20120528063154Uh_9,dcbn11gPR12aooNNH00000O0]O0WQN0]o10O101O0[ON[QN2en1N[QN2en1O\QN0dn1Og0000hPN0`n10`QN0_n12_QNNdn11ZQNOgn10YQN2fn1NYQN5gn1LTQN5[o12N3L4M001N21N2O2M101N2O0O0010O0010O01O010O10O1000O101O0000O0100O10000O1001O1M2N4LaY[l1
20120528063154Uh_10,l\]b11dPf10Qo[O0ZPPO000PPV10QPPO0?1_oIOYbjX2
20120528063154Uh_11,Ya`Z21YQh10gn[N0PPN0B0jPN0do30ooM0do10iPL0Vo10jPN0Wo50iPJ0Vo10^P60ooI0QP20PPN0O010000000]P20boM0P]ia1
20120606063154Uh_1,\kj^1?Vo1?D;I6M3L5L3M2M3N2M2N3MQO\RNGbm18eRNDXm1=kRNAUm1>QSN^Oml1b0XSN[Ofl1e0]SNZOal1f0bSNXO^l1f0eSNZOZl1c0kSN\OTl1a0oSN_OQl1?RTNAlk1>WTNAhk1?ZTNAbk1a0_TN_O]k1d0eTN[OYk1g0gTNYOUk1j0lTNVORk1k0PUNTOmj1o0SUNQOkj1o0WUNQOhj1o0ZUNPOdj1Q1]UNnNbj1S1`UNlN_j1S1eUNiN\j1V1V21O01N2N2O2N2O1O1O1N2N101N2OWNJhSN7Yl1KcSN7\l1LaSN4`l1M_SN3`l1OoRNWO1j0Rm1OjRN[O2f0Tm10hRN[O4e0Um11dRN\O5d0Xm1=gRNDYm1;gRNEZm1;fRNEZm1:fRNG[m19dRNF]m1:dRNE\m1:dRNG]m17dRNI[m18dRNI\m16eRNI\m17dRNI\m16dRNJ^m15bRNJ^m16bRNJ`m14aRNK`m13bRNK`m14bRNJ_m14cRNK_m13bRNL_m12cRNL_m13bRNL_m12bRNN_m11aRNN`m12aRNM`m12`RNNam12]RNNem12ZRNOgm10XRN0im10VRN0km10SRN1nm1OoQN3Rn1MkQN5Vn1LfQN3^n1e04M3M2N3K6J5K9E\WmZ2
20120606063154Uh_2,VlR_11aP\10^oeN000000000F0dPN0`m10[TN0ek10TTN0ZN0`m11XTN0TN1bm10\TN3dk1L_TN0bk11mWg^2
20120606063154Uh_3,]\go01cQf03Wn[O5L2O2M101O1O1O0001O0000000000O2N1]O_OfQNb0Wn1G_QN<bn1a0EiNeQN30U1[n19001O100O2O000O2N1O2O0O100O1O1O2N1N2N10102L3N2O0O2N3_OgPN7co1O2L3N^bZl2
20120606063154Uh_4,jVim21iRh04llYO8J5N10001YO]OnQNd0Sn1\OkQNe0em1^OhRNb0Pm1IlRN8Rm1KlRN5Sm1N\RN_O3d0`m1O\RN^O3c0`m1?\RNBcm1]101O01O010O10O1O[O\RNPOcm1i0kRNPOVm1i0SSNUOll1k0VSNROll1m0T1O1N101N2O1N2M30O01O1O10001O01O010O1O100O2O01O0O4L1O1O2N1N4JThlm0
20120606063154Uh_5,UWYn21oPd00gn]O3\PN2]o17ePNFVo14?N2N2O1O00lo=0TPD0PP20QPL0eP`00[o_O00000[o30ePL00010O010010O12NO1O10O000Shlm0
20120622063154Uh_1,`eRl16eo16N2M3N100O00100O010VO^O^QN4a0<Tn1FlQN9Un1IhQN7Yn1KdQN5^n1L_QN5an1M\QN3en1d0000O1000000O2O000000000O10001O1N101O001O10OO2O1O00001O00000100O0000000000O100O2O0000000000001O001O1O001O100O100O0100O1O01O01O01O01O010O0010O10O0100O010O0100O01O010O010O10O02OO10O100O10000O10O100O100O0101O00O010000O0010O001O1O0010O01O10O01O010O010O0010O01O0010O01O1O001fPN[OWo1h0O100O1O1O1O00100O1O1O10O01O1O00001O01O0000001O00001N101N101N101O001O1O0010O010O01O1O001O10O01O1O001O1O1O001O1O1O1O2N2M4LkXcf1
20120622063154Uh_2,kg^d11VQb14dn_N4M4L8H102N1O2OO110O11hPN\OPo1k0OO3O0O002VOlPNb0\o1M2O10O00O100O20N00001O1O1O001O001O3N000001N1O1O100O10O1O3L3N2N010O1O01O2O1O02N00N2N4L302L1N20OL_PNI`o1<100OO101O00O4M01O0O1O00000000000O1000O0100O100O0100000O01000000O1O1O1O10O02O1N2O1O2MaRUS2
20120622063154Uh_3,SPgT31nXT25jfmM3O2M2N2O1O2M3N1O2N101O000O010O01OO2O0O01000O1O1O010N2N010N110O0kNXOgRNV1Wm1oNdRNS1\m1QO^RNQ1am1f020OO10N10010O02O00O1O0L3002N2I7O0O0NH7L521F:O2M201N1N2001O1N200O1O2N1M4N110M2N2J6L5K5@PRNkNTn1T1QRNgNPn1X1<O1O1O10OO2O01I4201O001N002OO1010N1N4O01OO10O1L400O010N102N1O101OO2O0O1O2O00001O1O1N200O1000000O10O10O1O1O1O2N1O100N4K3M4J8KkmT`0
20120622063154Uh_4,^[Wd11iPX15mniN6M101N100001N100000001O0000O101O0000000000001O001O010O1O0010O01O00100O001O10O01O010O0100000000O10O12N4K2O00O101N1O2N4M1N2O1O2M3N5K2N1[QNkN]n1]12L7I9H7H2O0O2O2M1O2M3N1Nea^U2
20120622063154Uh_5,kclj11jQl04PnUO2M3L3O2NCfPN6co1OBJSQN5]o1O0000O1`NKUSN5kl1LTSN3ml1NQSN3ol1MQSN2Pm1MeQNOW16Um1KmRN4Tm1LnRNOUm11]110O001O00O100001O10O0000000QQ<1nnC1O100N100000O1O12N2N101OO000000000N1O2NeZ]P2
20120622063154Uh_6,Zbl?1oo10UQZ20ineM3O1]PNMWo14gPNOXo11cPN<Uo19N100O1O1O100O100OUOSQNe0Uo100OO2O001N100000001O1OO2O001N1000002N1O4L4L00000O10O02OO2OO10O010O010O0100000O010O0010O01O001O1O1O01O01O00000O11O0O10001O001N101O1O10O10O1O10O001O01O01O00000010O0001O01O1O1O100O11O1N101N1O0010O010O10O01O100O0010O1O1O001O100O010O00100O000000000000000001O001O001O1O1O0010O000010O0001O000000000000O10O1000001O01O00000000010O00001N5L1O1O1N2NWYUR3
20120622063154Uh_7,ak\\11hP>4RoC6K1N2O0N3M3M2O1O101M2O2M2O2O00100O11O1O3L5L2M2N1O2M102N2HbSYa2
20120622063154Uh_8,e]ld22lo15L3M3M2O0O101O0O10001OO10000000000O100O1O1O1000000O10O10000000O1001O00000EFPQN:on1GQQN9nn1IQQN7on1IQQN8nn1HSQN7mn1JRQN6nn1JRQN6nn1KQQN6nn1KQQN5on1LnPNF0?Ro1JnPN9Qo1;01O001O0000010O001O00001O01O000010O0001O010O001O000O2O001O001O001N1000010O00000000000001O0001O000000000000000O1000000000000O1000000O100000000000000MhPN^OXo1b0hPN^OXo1b0hPN^OXo1e001O00001O1O001O1O00001O010O0000000000000O100000000000000000O10000O100000000O10001N100O10000010O0000001O010O0000001O0000000000000000000000000001O00000O2O01O01O001O10O0001FePNM\o11fPNNZo12fPNNZo12fPNM\o12cPNO]o11cPN0ONVo1d0O5K1O2N2N002N00001O000001O0000000O100O1O010O100O10O01000OO2LRQNUOon1j04000O10000000O10000O2O00000O101O00001O001O001O1O1O0O2O00001O001O00001O00001OkPNEen1:[QNHdn18\QNIdn16\QNJdn16\QNKen11]QN1an1O^QN3bn1J`QN7`n1GaQN:Ro11O1O001O1O00010O100O1O1O001N2O0O1O1O2O0O100K5O100O1001O8H1O1N101O0O101O0O2O0N3N5IPaSf0
20120707070914Th_1,ecSP24jo13YOK`QN7Wn14eQNMZn16cQNK\n19\QNMcn1j0M3M3N1O001O1N2O0O100OO1001MGnQNhNRn1V1SRNhNmm1W1VRNfNkm1Y1?O000001O00PO`QN`0an1@`QN?bn1XO[QN41f0in1YOVQN31:in1CUQN41:kn1BSQNj0ln1UOVQNi0kn1WOUQNi0jn1XOWQNd0jm1_OmRNMYOc0jm1BlRNJ[Ob0jm1InRN7Sm1LiRN4Xm1NfRN2Zm10cRN3[m1NdRN2\m1O_RN5bm1JVRN>jm1BURN=nm1CoQN>Rn1g02O1N100O100N2O1O10O000010O2N2O1O0000O1O0HeNkQN\1Tn180@a04L2M1N2M30O1000O10OO2L3M4L31O101O1NYO^NRSNb1ll1hNiRNZ1Wm1h0@]MbSNd2Yl1c0010O0O2O1N2N2N2O1O001N2O00000O2N2N110O1N101OO00100001O1O1O2N1N2N2N1E^RNVNfm1g1:01M3O100M3M3O0N3N1000101O1O1iN]QNn0ln1N1O1N1@WQNHln15YQNHgn17b0N3N3LdaVf1
20120707070914Th_2,\W[`11bSV30\lkL2N1O100O10000O10000O10000O10000O1000000O10001O00O100000000O010000000O010O1000O10O100O0100O100O100O1O10001N2O0O2O1O0000000001O000000O10000000J60000N2O0010000O10O10O1O10O01O10O010000000O00100O1O100O001O1000O010O100O010O1O100O010O0100O100O00100O0100O0100O00100O100O0100O10O01O010O010N110O0010O00100O0010000O010O010O10O1000O01O10O001O010IFgPN:Zo1GdPN:\o14010O01000O01000000000O10000O1000000O01000000O100O100O100O10O01000O100O1000000O100000000000001O000000000010O000001O000O10000000000000000O01000O100O001O0010O001O0001000O10000O10000O01000O100O01000O01HcPNL^o14cPNK]o139O101N1OfgVk1
20120707070914Th_3,bXgd01[Pl04_oUO3M2O2\PNF^o1?00013ONO0001O1O0001N101N101O0O1O010O1O1O1O0010O0001O00001O00000000O1000000O1000000O010O01O0001L30001OO10K500L32O1O4G9Imf\V3
20120707070914Th_4,d]Yh01bS>2XlC4M3M2M3M3O1N2N100000O0HkPNGVo19810O1O1O1OoMNTTN3kk16kSNKVl17hSNJXl1<`SNEbl1=ZSNDhl1<USNDol1d0eRN\Obm1a0PRNIUn1n05K4K5K5L6G?B]`TU3
20120707070914Th_5,nbjV16io14L2O001O10O2N3N0O0100O1003M01N10O0100O1O0100O010O010O10O2O0O1aPNFWo1;ePNG[o1?1O0O110O001O1O1O1O001O0O100N2O100O0100O10O01O010O02N2NZ\[e2
20120707070914Th_6,]\k`11UXR45agoK9J3N000O101N101O01O00001O0O10000O1000000000O1O1O01000O0010O1O10O02O0O1O100O100O1O1O10000O1000O10000O1000O10000O1000000O101O0O10001O00000O0100BLoPN5Po1NnPN1So14fPNNYo1=10O000001O1O1O01O00000G^OTQNb0ln1@QQNa0nn19O1O100O1O10000O1O0100000O1IoN^QNQ1bn17O1O1O100O1O1000O10O10000000O100O10000N110O1O100O1O100N200O1O1O1N101O0O101O1O01O10O0001O1O10O0100O1O101O0O2O0O2O0000000000000000000000001O001O00001O00K`QNkN_n1S1dQNlN[n1?`QN3in1EbQN7^n1IeQN4\n1KhQNM\n14h0O00100000000O100O10O01O000Noo7O\PN4doI1HMcPN1^o11aPNN31Ro11kPNM41So12iPNLbo14]PNNco11]PNOco10^PN1`o10`PN0`o10_PN1`o17RQNEXn1;f01O0010L4H8OYo;0hPD0fQN0cl11\SN0dl10[SN0fl10ZSNOgl10YSN1Zn1010O00100000O1O10O00001_O`05CbPNNRn1NYSN0ol10RSN0_n10oo10QPN0oo30oo10QPJ010]n_21TaXe1
20120707070914Th_7,[gkQ21mo14M2O0N3O1O1O1O001O2N3M3M1O5K1O010O00101N10000O10O2OO010000O100O01O01O00011N001O3M2N1O001O0000000000000O100O1000000O1000001O01O0000DbPN7]o1IcPN7]o1IcPN7]o160O10001O0000001O01O0000001O00000000001O00000000000000000000000000000000000000001O00000O100000000000000000000001O0000001O000000001O01N1000000000000010O00000000O1000000000000000000O100000O10000000001O00000000010OO10000O1O10000O100O2O000KYOoPNi0Qo13O10000O1000000O1O2N1000000O10001O00010O0000O101O001O001O001O01O01O000010O01O1O001O000000O1O1000000O2O0JPO\QNP1dn1QOZQNP1en16O1O100O1000000O10000O10000001O001O002N1O0O2O001N4TOTQN0O4mn1IXQN1L6ln1IYQNOL8ln1GZQNOK9mn1FaQN9_n1GaQN9So1O1N3N2McWj\1
20120707070914Th_8,_dkd1;bo1LdPN0To1NUQNNin12ZQNMdn14\QNLdn14\QNMcn12^QNNbn12_QNMbn11_QNOan11`QNNan11_QN0`n11_QNNbn12^QNNcn11]QNOcn12\QNNen11ZQN0gn1OYQN0hn10XQN0hn10WQN1in1OWQN1in1OWQN0jn10VQN0in11WQNOin11WQNOhn11d0Oe00fN1[QNO^n18bQNH]n18cQNI\n17eQNH[n19dQNH[n19dQNG]n19cQNF^n19g0O3L3M000000000000000000O100O010O10O100000001O00001OVoS21iPlM0000Ofo33WPL2O2NL[PNNco126O1O00010O0010O1000O10001O00000000loW10koA0j]^P2
20120707070914Th_9,ah^\11gPb04So_O3O1N1O3BJkPN9So1;O1O5K2N03O0O21OOO11N2O001O1N1O2N0O2O1N2N2N1N2O2N1O001N2O0O1O2NcUc`2
20120707070914Th_10,ScTf21bPf06Uo[O4H7N3N2N4M2M9LSOVQN;nn1^OUQNb0Uo10OO01N2N1001O1O100000001N10102M1O100O2N1O1O2OO010O100000O1O2N1N^[aV1
20120707070914Th_11,aVmY32mo13OO000001O000O10000000000000010O00001O001O000O1001O01000000000O100O1O01O2N1O1O1O101N11O0000O1O1O1O1O101N101N2O1O110OO2OO1N10BkPN0Uo1NmPN1To1NlPN3Uo1JmPN5`o1O0O105IPhda0
20120707070914Th_12,iWSo11\Qh20hm]O0jPlM001O1O010bPNNmn13`00ZPNM_o13`PNN`o12`PNMao14]PNMco13\PNNco1701O0100O100O3N2M2N1Oig`j1
20120707070914Th_13,TSe`11gWP30WhQM0WPN1co1O]PN1bo1O_PN1ao1O_PN1ao1O_PN1`o1OaPN0_o11aPNO_o11aPNO_o10bPN0^o10bPN0]o11cPNO]o10dPN0\o10dPN0\o10dPN0fo10E0fPN0Zo10fPN0Zo10fPN0Yo10hPN0Wo11iPNOWo11=O00\PN0Xo10hPN0Xo10hPN0Xo10<000[PN0Yo10<0000000oo10QPN000oo10PPN1000O010O01O0010O1O10O10O10PP>0PPB00000oo30QPL000_PN2on1Oa0000000O10O100000O10O1[PNOZo12fPNNZo11fPNOZo12ePNN\o129O[PNO]o11cPNO]o11cPNO]o11cPNO]o11cPNO]o10cPN1\o1OePN1Zo10fPN0Zo1OgPN1Xo1OiPN1Wo1OiPN1Vo1OjPN2Uo1NlPN1To1OmPN1So1OmPN0So11lPN0To1OmPN0To10kPN1Uo1OkPN0Vo10iPN1co10O1O10O010NGOfPN2do1OFOgPN1do10DOiPN1Vo1OjPN2bo1O10O010COjPN1co1O10O010B0lPN0bo1000O010O010O000no50foK0<0oo10QPL0^PN0To31^PN0O0`PNOSo11mPNORo11nPN0Qo11oPNOon12RQNMon13PQNMnn16<2O001O1O0001O100I]PN0do10]PNNdo125O10O01000dPNOin10d0000WgXQ2
20120707070914Th_14,We\]11bPf11[o[N:G100O0100002N0001O0O10001N100O1O1000O010O10O01O01O000000001O0010O010O1000000000O01O10OO2O100O1O1O0O1O100O10O101O0O2O1N1010O100O00000001N1000000O1000001O0000KL^PN5ao1L_PN3ao1M`PN2`o1O_PN2`o1700010O1O1O01O010O0010O0010O0010O01O1O010O00010O0001O000O10000010O0001L301O100O2N100O2MfXmX2
20120710063134Lh_1,Yjni11fQ`06\n_OO\o1`0J5K6J5K6I<A`0B8J5L4M5JiMZSNZ1bl1eNcSN]1Wl1bNnSN]1ok1bNRTN8]O8_l1AUTN0G;Sl1DWTNJO`0lk1CVTNJ4`0gk1DVTNK8=ck1FWTNI<>]k1HjUN4Xj1HlUN6mi1F^VN9bi1H_VN7`i1JaVN5_i1KaVN4`i1LaVN1ai1OY3O1NoTcS2
20120710063134Lh_2,deZf01RSd13dl]N9J8I9G4M2M3L3M4L3N2N2O1LYOPRNFmm1:XRNChm1;^RNAam1?cRN^O\m1`0lRNZOTm1f0S10O1N3O001O0000MRQNUOnn1j04O10O100O1010O001O1O1N101N101N2O1O1O000010O010O0010O0100O10O10O010O10O010N200O1O10000001O010O001O1O001O00000001O01O0001O0000000000001N1O2O001N2O001O0010O10O01000000O0100000O0100O010O00001N2O0O3MPYWP3
20120710063134Lh_3,Ze^d01`S`30blaL1TPN1do155J10OO10O0_n10SSL0^n1000TN5cSNK[l13iSNMUl12mSNNRl13nSNNPl12QSNM21kl13QSNMmm17SRNJlm17TRNHmm17TRNHmm16n01001O1O00TQNKom14PRNLQn14nQNLTn13lQNMTn12n0OoPNOTn10mQN0Po50ToM0jQL0Xn10fQN0Uo10O100O1000O^OOXQN2Zo1O110O010O010O01000O10O010O10O1O010OO20O01O10000001O001O010O1O0010O0000000\O0XQN0]o30ooM0\O0XQN0hn10XQN0hn10XQN0hn10XQN0[o70PPJ1@OQQN1_o1O01COkPN1bo10DOiPN1co10100OD0hPN1do100OD0iPN1Vo1OjPN0Vo10jPN1Vo1OjPN2Uo1NkPN1Uo10kPN0Uo1OkPN2Uo1NkPN1Vo1OiPN2Vo1NkPN1Uo10jPN0Wo1OiPN1Wo1OiPN1Xo1OfPN2[o1NdPN1]o1ObPN22ORo10iPN152Po14oPNMRo11oPNOSo1OmPN3Ro1KnPN6^o10010000O01012L1O010O100O1O001O00010O01O01O01O10O02O001O00001OO10000O1O011N001O0100O00002OO10000O110OO020O0010O1N101O0O100O0100O0010O01O010O10O0001000O01O0010O0010O01O1O100O100000O001O1O00001O0010O00102M2O0O100O2O0O012M10000002N1O0011N0001O0O3M4M1N3NO01O2N1O8HXUkg2
20120710063134Lh_4,e]mb11USn04elSO2N2N2N1O100O1O0O1010O00O100O1L4K5J6N2O100O1O1O00100OE<K5N201N1O1O101O00O1O0OO3O100O100O101O0O1O2O00O1000010O0001O001O001N110O101NhaPX2
20120710063134Lh_5,Pe_n11ZP\11coeN2N2O1O8H1O00001O01O01O01O01O00010O1O01O10O01O10O10O010O2O0O010O0000001N1000000000000001O0001O0001O00100O2_PNB\o1c0N001O0000000000O100O10001O0000000000000O100O100O10000AaPN=_o1CaPN=bo1O1O01OO10000000001N10000O1N2O1O2N2NPZji1
20120710063134Lh_6,jbg^13mo11O2N1O000010O00001O010O001O0000010O0100O001O00001O00001O00010O0001O0001O001O001O0000001O00000000000000001O0O10O10000000O10000000O10O1O1O0O2O1O1O00010N200O010O1O1000000O10O100K4O2O1O100O10000JaPNJ`o156O2N`]P[2
20120710063134Lh_7,WcnV11kPn02QoSO1N3O000N2N2O1O001000001N1000000O100O2O0O1O1O2N101N100001O000000001O00000O2O0O100O2O1O00001O1O001O00001O00001O00000010O0010O0100O2O1N0001O1O1O2N001N2O1O4Kf[Wc2
20120710063134Lh_8,X]Sb11\UZ11ajgNO11O0oN8kQNIQn1;oQNDnm1a0PRN_Oim1i0VRNXOkm1h0gQN^ONJ\n1g0dQNH]n16aQNL`n1j0BcNYRN]1em1eN[RN[15cNll12PSNW1DgN?1ll12QSNV1EgN=0nl12QSNX1DfN<0ol12RSNX1CfNkm12aRNY1DeN;0Pm12QSNd0FNfm1^OeRN<O5Zm1@gRN;10BBbm15lRN94KRm1KnRN8Qn1ETRN9jn1O1N2J6O1000O010iN0V10nPN0Wn10dQN2_n1N_QN1dn1O\QN1dn10ZQN0hn1OWQN0\o1010@0QQN0nn11RQNOnn10SQN0kn11a0OcPN0on10PQN0^o30RPN0O101O0O2N100000O11OO2L3000000001O1N200O1JKaPN5_o1L_PN1eo151N1O2MiahW2
20120710063134Lh_9,giVU12no12O00001O0O0000O100OnPd1NUo[N010O10O0001O001KOYPN1ho1300000000001O001N10WUWg2
20120710063134Lh_10,aVWY11dQ\21UneM5O2LH^PN8ao1401N10000O10000O10000O1000EcPN2]o1NdPN2\o1NePN0\o1OePN1[o1OfPN0Yo11gPNNZo12fPNMZo13gPNMYo13:0O10O0100O010O100O1000O01000O1O010O1000O0100O10O0100O010O000100O0100O10O010000O10O10O1000O1000O01000O010000O100000O01000000O1000O10O100000000O1000000O2O001O00001O000O101O0000000000000010O00000010O01O001O011N1O01O00010O0010O0001O010O100O01O01O01O0010O000010O0001O100O01O1O010O010O01O1O100O00001O010O00100O1O1O010O0000000001O000CfPN3[o1MfPN2Zo1NfPN2Zo1MhPN2Yo1MjPN0Vo1OmPNO]gXX2
20120730072014Th_1,nghm01SQd17dn]N9[PNBWo1e0N2OAnPN57AF5]n14hQNi0Wn1VOkQNi0Un1WOlQNh0Tn1XOmQNf0Tn1ZOmQNd0Tn1\OmQNc0Sn1]OmQN3G0^n1LlQN3GO^n1NkQN3KJ[n13kQN2bn1M`QN2`n1NaQN2^n1NcQN2\n1NeQN1Zn10iQNNVn12kQNMTn14mQNJTn16k000O100O010O0001O000001O01O00100O100O1O10O1O010O10000000000000O1000O10O100000O1000001O001O0001O0000000000000000000000001O01O0011N01O100O001O001O10O01O010O010O0001O01O010O01O10O010000O10000O5L1cPNDSo1l0I2N4M0OL5K:A<E`Veh2
20120730072014Th_2,RRm[22mo1101O0O1O1O101O0O1O2AGTQN:an1E]QN309bn1F]QN209bn1E^QN7K4gn1F]QN7K5fn1E^QNh0cn1YO[QNh0dn1YO[QNg0en1:1N101O00000000000001O001O1O1O0010O00000G\QNUOen1j0]QNUOdn1i0^QNVObn1j0^QNVOcn1a0XQNA7Lbn1b0YQN@Ro1`06101O0000000000O100000000001O0000000001N1000000IdPNJ\o16dPNJ\o16dPNJ\o16ePNIZo18fPNG[o1:dPNF\o1?001M2O100000000000O01N1100O10O01CDVQN;jn1GTQN:ln1FSQN;mn1GoPN;Qo1:00001O0000000O2O000O1AjPN3Xo1LiPN2Xo1MmPNOTo10nPNMSo12?O1O1NTol\1
20120730072014Th_3,TkZc11iPb10Uo_N3N001O00101N1O01O010O00001O00001O000001O00001O1O001O001O1O000000000O100O10000000O100O10000O00100O10O0100O0O20O1O1O100O1000O1000000O1000O10O10000O100O10O10O10000000O10000O10O10O0100O10O1O010O010O100000O100O0001O1000O01000000000O100O100O2O1O1N2O`T]S2
20120730072014Th_4,lcVY21bQ:8nmG7O1L3O2M00N4M3O01O1M21N00O0103O1N2O3Lj[We1
20120730072014Th_5,kSWg11VQb11hn_N1N2O1N2O001O00001O001N2M3N4L2N1O2N10001N10000O2N1O2O1N2N2N1O2OA\QNH_n15eQNH\n17fQNIYn16hQNNTn11nQN0Pn10QRNOom11SRNNlm12VRNLjm14YRNIgm19XRNFim1;VRNDjm1>VRN@@IVn1i0YRNBgm1>ZRN@fm1`0^RN\Obm1d0^RN]O`m1d0nQNVO=6dm1e0mQNWO>6cm1i0]RNYOam1g0`RNYO_m1c0gRN]OVm1c0mRN_Ool1a0USN\Ojl1e0XSNYOhl1f0YSNYOgl1h0YSNWOgl1i0YSNWOgl1j0YSNUOgl1k0YSNVOgl1j0YSNVOfl1j0[SNVOel1j0[SNVOel1i0\SNWOdl1h0]SNXObl1h0^SNXObl1i0^SNWOal1j0^SNWObl1i0^SNWObl1j0\SNWOcl1j0\SNVOel1j0XSNYOhl1g0USN[Oll1e0RSN]Ool1b0oRN@Qm1?oRNARm1?mRNATm1>mRNATm1>mRNBRm1>PSN@Qm1a0nRN^ORm1b0mRN_OSm1b0lRN^OUm1b0iRN_OWm1c0eRN_O\m1b0`RN@am1a0URNGkm1W11N1L5N1O2O3M1000O1004K2N3N8H2N1O5K1O0O2M8B9MWiXP2
20120730072014Th_6,R^]n13lo11O2O000000000000001O01O00000000000000O100O100000O10O1O0100O010O10O0000010O000001O01O00001O010O001O1O00001O0O1O1000O2M3N3Nlbfm1
20120730072014Th_7,mRef11PR\21mmeM1[PNN\o12ePNNZo12fPNNZo12fPNOYo11hPNNXo12hPNOWo11jPNNVo11lPNORo10?00000lP`00ZoI0\oE2;4M2N1O2OL4M3N2O3O1001O0O1N000010NRP6OPPJ0QP200000PPN0O010O000010000001O0001O00001lNNVRN4im1LWRN4im1LVRN7hm1IWRN:fn11POE[RN:dm1F\RN;en1OoNF]RN:fn11O00FTQj0OVoUO1jNOZRN2fm1NYRN6hm1JSRN7kn11N2M3cPNHo2KoL1[k1Q1bWNXO]h1i0aWNZOXh1m0dWNWO_h1f0\WN\Oih1a0TWNAoh1=oVNBWi1;eVNG_i17_VNKbi14\VNMgi11WVN0li1NQVN3Rj1MlUN3Wj1KhUN4Zj1McUN0bj12ZUNNij11VUNNkj13QUNNRk12lTNMWk13hTNK[k15cTNK^k16`TNIck17[TNHhk18VTNHlk17RTNHRl18kSNIXl17dSNJ^l19\SNFil1=QSNDPm1>hRNF[m19_RNKcm1U13N3M2L5M3N1O2L4N2O2M3M4M<D3M5Jlg`m1
20120730072014Th_8,e\UY21kSd70Sl]H1O1000O0100000O0100000000001NePP14onoN0aPN1^o1:N1000001O001O1O100O0001O2N1O1O0000000LaPNF_o1:cPNE]o1:41O2N2N2L4N100N20O10O0100O1O100O1O2N101O0O2O001O1O1N100OUOKmQN5Rn1MmQN3Sn1MmQN3Rn1NmQN3Sn1MlQN3Tn1NkQN3Un1NiQN3Vn1OhQN3Wn1NhQN2Xn1NgQN6F_OZn1=nQN=om1CQRN>nm1EmQN=Sn1EkQN<Tn1EjQN<Vn1f01000O010000O010O1O1O10O0100000000eNlQNj0Tn1SOoQNm0Qn1ROPRNn0an1O1O0010O0N3O0FPOeQNQ1Xn1;2OO0101O1O6K0O2O0O100O1O1O010O01O0O2O0OK700O100O010O100N101O0N2000O1FZO[QNf0cn1@YQN`0gn1<O1O010000M4O010O000000000L302OO0101OON3000O010O01L32O01000001N2EkPNIVo11`0NWbhR1
20120730072014Th_9,dZY`12ko17L4L6K3O0jRN]Okj1c0RUN@nj1a0mTNAUk1c0bTN_Oak1k0PTNWOTl1m0cSNUOcl1j0PSN\OUm1e17H8G9H8H5K8H4I7Igc\^2
20120730072014Th_10,``li21ZRf01cm[O2N2N1O2eNImQN3>5cm1KlQN3?2fm1LiQN:9Kmm1d0oQN]Oom1i0hQN[OXn1W1O1O1O11N2M3N1eNeQNo0]n1oNjQN4J8`n1BiQN2J:^n1CVRN;jm1FXRN8hm1IXRN5im1LWRN3hm11VRNNdm18\RNHdm18]RNHbm18_RNI_m17aRNJ^m13gRNLXm13kRNKUm14oRNHRm18[100001O1O1O00N2O1O2M4Lo^eR1
20120730072014Th_11,X[YP21Wlc00hS^O0\Q<0Xm50[Q^O2O101UQNLkm15nQNKQo30`g^m1
20120730072014Th_12,Q^cP21no10QbXo1
20120730072014Th_13,Ujh[23lo12O2N100001O000O100O01O0001O010O010O01O001O010O00101N101N10000001N1O1000O0100O000M4O01O1O01000O01000O100O010O0010O010O0001O01O001O00001NiTm_1
20120730072014Th_14,[Wan11mTf09^j[O?I4L4L5L3O[ObQNH_n14gQNH[n15iQNIUn15l0N0O2N4O0O1O00So1NhQN0dn=0Yfbn1
20120730072014Th_15,Qfa`11SQh24fnYM3M3^PNJWo1b0L3O000O100000001O000O010001NQQNYOgn1g0XQN[Ogn1o001O1O001O00001O000000mN\QNONf0en1ZOeQNf0Zn1ZOgQNf0in100000010O0000]OXOnQNi0Qn1WOPRNi0mm1YOSRNj0im1WOWRNj0hm1VOXRNj0hm1VOWRNl0gm1UOXRNn0fm1ROZRNn0fm1ROZRNo0em1QO[RNP1em1oNZRNR1fm1mN[RNS1gm1kNZRNOAR1Un1oN]RNR1Xn1001O0O2O001N101O1N2O010O001O10O01O0010O00010O100O1O100O002O1OO01O0000005K00000000GoNcQNQ1]n1oNdQNP1[n1ROdQNn0[n1SOeQNl0\n1TOeQNk0[n1UOfQNj0Zn1UOhQN1Ha0an1\OiQN0Hd0`n1ZOPRNf0fn1O000O2O00gPN]OUo1h0000O1O0O1O2O00001O0EdPN2]o1MdPN2\o1MePN3\o1LdPN4\o1LdPN4\o1KePN5\o1JdPN6\o1JdPN6co101O000000001O01000O100O00000000000000O10001N10000^PNH[o19ePNGZo1:fPNGYo1:fPNIWo17iPNIWo17jPNHVo18jPNIUo18jPNHVo18jPNHVo19iPNGWo1:hPNFXo1a0001O00001N10000000001O0000001O000000001OO100000000O2O0O1O01000O1000000000001O0O10000O10000O1001ZOiPNa0\o1N10001N8I1N3N2N`VPo1
20120813063134Lh_1,kcZ`11nPf10on[N5M0O3N1N101O1N1O2N1N200O1O100000O100000010O00001O0001O0001O010O001N101O00100O1O10O01O010O010O01O0100O010O1001O0O10000O100O1000O01000O1O101N100O2O0O010O10O0100O010O10O011OO01O100O1O100O010O10O100O10000O2OO1001O00O11O00000000001O0O010000O1O100O001O1N1001O001O1O1O2MVYeU2
20120813063134Lh_2,m_ZU11iQj30SnWL4N2O0O1O2O0O1O101N2N1000000000000001O0000000000O1000001O0000000000001O000O101O000O2O001O00001O1O01O01O01O010O1O10O01O1O010O10001N100O10O01000O01O10O100dPN_OYo1`0gPN@Yo1?gPNBYo1c02OO00011N000O011N1O1O2N2N1O1O1O100O0010O1O1O1O1O001O001O010O01O010QQNXOdn1h0\QNYOdn1f0[QN\Odn1d0\QNYOKOin1j0YQN[Ohn1n01O0O2N5QOSQN0N<^o1O2O0O1000001O000O101N2N2NaP<O`oC4M1ePNJjn16VQNJkn15TQNKmn15SQNKnn14QQNL`o12O1M2L41O1N200O2N101O00gPNNen11[QNOen11[QNOen11[QNOfn10[QN0dn11[QNOfn10ZQN0fn10ZQN0fn11YQNOhn10XQN0hn10d0000ePN0gn10XQN0in30d00aPL0ln10TQN0mn10RQN0_o1010_O0PQN0Qo10nPN0So10mPN0Ro10nPN0So10lPN0To10?0]PN0To10?0O000_PN0So10?0O010]PN0To11?OO10O10O10O10PP20ZP`00fo]O0ZPN0fo30eoM0e00F0E0dPN0go10O10O0020N010QP20ooM0QP20noM0C0kPN0To10>1^PNOSo12>0^PNOSo12mPNMTo13lPNMTo13kPNNUo13jPNLVo14kPNLUo14kPNMSo15lPNKTo15lPNKTo14mPNMQo15nPNKRo15nPNJTo15lPNKTo15lPNKTo15lPNKZo1OfPN1[o1OdPN1[o10dPN1\o1NePN3Yo1NgPN2Xo1OhPN1Xo1NiPN2Vo1NkPN1Uo10kPNOUo11kPN0To10mPNOSo11nPNNSo10nPN0ao1000mXoU2
20120813063134Lh_3,f^YQ21\P`00aoA4M2O2N10O010002bPNHon1:nPNGRo1d0001N2O001N100O100O100000100O3N0O00010O10OO1O001O001O2Mg_jk1
20120813063134Lh_4,VU]e21iTb03Qk_O4M4N0O1cLIoVN8oh1KoVN6Pi1JPWN6oh1MoVN2Pi10PWN0nh13QWNMjh1;SWNEkh1?QUNWOT19ki1f0kTNWOU13Qj1h0gTNYOS1OWj1k0bTNZOS1L\j1j0_TN]OG_O73>8Uk1j0]TN4<SOXk1j0[TN56UOak1f0XTNU1jk1kNWTNS1lk1jNTTNU1Vl1aNlSN\1bl1WN^SNi1hl1PNYSNP2Ym101O3M5M1N2N3O1ZOmQN\OVn1c0QRNTOSn1`0R1E7JjgfW1
20120813063134Lh_5,X\a_18fo15J4M3N1O1O1O2N10O1L4N2O001N20O001N2K5O1O00001N1O00M40001O1L4N2M3O2N100O10O1O00001O100O10O1O1N2O1O1O1O2LQeT]2
20120813063134Lh_6,X\_T21RRh22_mYM1ePN1[o1;O1O001O100O10000O10O10O01O10O01O1O2N2O1N1O1O001O00000001O001O001N101O000O2N10001N10001O0001O1O1O1O1O1O1N11O000000010O0000O110O000000001N2O0O2O0010N1O1N2O1O1O100N2O1O0O2O001O00O2O0O2O1O1O1N101O0M4O0O1O01M4N100010O01O1O1O1O010O010O00100OCdPN7ho1J^o9NbPF201N2O1O2O0O100O1O100hPNDkn1=TQNDln1<TQNDln1<SQNEmn1<RQNDnn1=QQNBPo1?81O2N1O1O0000001O01O2N1O1O1O0O2O001N1O3G0O72O0UPNMho1600000001O1O0O2N101O1N101N10001O0O101O01O1O1O2N4L1N2N2O2Mjb^\1
20120813063134Lh_7,PZcQ21dRj05RmWO9H5G9K4K3O20OOO1N3L5H7N3N1O2N2M2O2O1OmNH`RN8_m1J`RN6`m1J_RN6cm1I\RN8dm1H[RN9fm1GYRN8gm1JVRN7km1JSRN7mm1ISRN6nm1KQRN3Rn1LmQN5Sn1KlQN5Vn1KiQN5Wn1MgQN2Zn1OdQN2]n1NaQN2`n1O^QN1cn10[QN1fn1OXQN1in10VQN0kn10SQN0on1OPQN2Po1OnPN1So1=1O1O1O100O1O100O100N2O1N3K4O1O2NWeji1
20120813063134Lh_8,SZYU28fo13L201O1O001J5N10L5O10001OO0010M2O3N011N110O01000O1O0100000O100O100O1O`PNMTo14fPNJ13Yo12gPNNMO^o10lPN0TfZh1
20120813063134Lh_9,m`fV11jPf10So[N4N1N1O2O00O0100O100O10K\PNNdo1O`PN0`o1ObPN0^o10bPN0]o10dPNO]o10:0O00010kPb40Wo_K0O0RPf00noWO000O10O10O010O0010O00010O010OY]c_2
20120813063134Lh_10,kcbQ31ePX13VoiN3M1O100O1O2N1O1O00100O010O0100O0100000000000000000001O001O001O010O3N0O010ePN]OWo1g000O1O100O1O0010O01O010O0oPNTOon1o0O1O0010O00LPOXQNP1gn1HXQNBin1=XQNBhn1>XQNBin1<YQNCgn1<ZQNDfn1<ZQNDgn1:[QNDgn1:ZQNFgn19ZQNFgn1:XQNEjn1;RQNAO2on1>RQN@00on1`0PQN@Vo1`0jPN@Wo1a0gPN_OZo1a04NbPNA\o1?cPNB]o1=dPNB]o1>bPNC]o1`0100000005J01O00010O01O1O1O2N1MiZYg0
20120813063134Lh_11,TahW11k^Wh2
20120930063534Lh_1,^QU]27fo18J5L6I5L3K4M2O2M2M4M3M4K3N2M2O0O101N2N2MjN[RN8cm1EeRN9Wm1GmRN9ol1GVSN=bl1CaSN`0Xl1@mSNa0mk1_OXTNa0bk1@cTN`0Wk1AmTN`0lj1AXUNa0bj1AbUN?Vj1DoUN;mi1FWVN:ei1FfVN3Wi1KQWN3jh1L]WN2_h1MiWNOUh1MSXN2jg1L[XN4bg1JdXN3[g1JkXN5Sg1IRYN5lf1JYYN4ff1J^YN4af1LaYN4^f1LcYN3]f1McYN4\f1MdYN2\f1NdYN2\f1MdYN5[f1KdYN6\f1HeYN9[f1_OlYNc0hj10000000001O3N4K5L1O0O100O2O5J1OQk^^1
20120930063534Lh_2,gmhc27go13N2N1O100O10000O001O001O0O2N10100O001O010O1000O1000O10O2O000O101O0O2O001O1O00001O0000100O01O10O02O001N2O0O1000000O11OO010001O1N2O0O2O1N1O10O10O20O00O0101O0000000O01000000O11OO01000001O1O1O1O01O0001O00001N10001O001O001O00001O010O01O00001O4K3N1N002N2M2O2LnoVT1
20120930063534Lh_3,\XWn11\Pd05^o]O1O2N002O0000O10O100000000001O00000O10O11N100001O00O11O1O1O2N2cPNCQo1j0MO1O1O1O2N2M3L4K8Goe`n1
20120930063534Lh_4,oiRc11_P`00^oA5L4^PNMQo1c0O1N3N2M2O1013K4L2M3O2M2N1O01O01N1000001O001O0010OO101O00O10O1O2N3LkSSZ2
20120930063534Lh_5,dchh01iP^11PocN6N2N2O1O001O001O0000001O1O100O1O1O1O10000O1O1000O1000O0100O1O100O2N10O0101N010000O1O100O00101N1O2O0O3M7J2M4M0O2N1O2O0O1O102M2O1N1000O100kNgQNb0Yn1XOTRN`0mm1^OVRNa0km1[OYRNc0dn1O1N1O1O10OO2O01O000O0101O001O0O2N2O001O1O2L]Yko2
20120930063534Lh_6,Xi\a11ePj04RoWO6M3N10O00010O010O01O1000O0B`PN=`o1200O0100O100O2K]PNJco13bPNL^o11fPN4So1K]QNOYn12hQNNWn11lQNORn11o0OSQN0jm11WRNOhm12YRNNem17VRNIkm1:QRNFPn11^QNO?1`n1O_QN1cn1OZQN1gn10WQN0jn10UQN1kn1NVQN1]o11]ONTQN2^o1000_ONSQN2nn1NQQN1Po1OPQN1Qo1OnPN0bo10B0l00B0C0iPN0Wo10iPN0do10O00000I0]PN1^SUZ2
20120930063534Lh_7,Tfcd11dPd01Uo]O9J5L3N1O2M2O001O010O1O100O1N1001O0010O1O010O01O1O0100O1O2O3L2O2L3M3O0N3N10001ObNaQNZ1dn1N1O4M1N1O1O2N1N3M6[OjPNO0KfWdW2
20120930063534Lh_8,QW[P31_RV15YmkN3N2N1O101N10O01O001N1O1100O00000O2O000ON4O01O010OL@gPNc0Uo16O000001N1O2N200O2N1O001O100O01O100O10O01O010O00O2N1O10O1O101M2OO1101O100O01O0O2M3O010O10000O100O010O1O100O10001N10000O10001O1N101N\hdh0
20120930063534Lh_9,oR[Q11gP^12_oaNO\o1<01O0N3O0001O0O10000O100O10O10O100O10000O1000O0100000000000000O1000O11O000000001O0000001O10O0001O0001O10O01O10O02O00000O100O001000000000O0102hPNDgn1<XQNEhn1;VQNGjn1:TQNGkn1<QQNFPo1d00100000100O01011N0100O2M102M2N4K2O1N:CZjVg2
20120930063534Lh_10,aQS]23QP22O2MOXOKeQN3Vn1MoQN0om11TRN0gm1O]RN1`m1ObRN2[m1OgRN0Vm11lRN0Rm1NRSN2jl1OYSN1dl1O`SNO]l11fSNOXl11jSNOTl10nSN1Pl1OPTN2nk1NSTN4kk1LVTN4hk1LZTN5hm12eNLgRN<ok1BfSNOXO7Q1:Pm1FPSN;gk1^O^TN6O8ml1GVSN4Zk1GnTN4I5Rk1HXUN5F0mj1MdUN2_O1hj1LmUN4\ONbj1NoTNN;460Zj1NWUNN;64MUj1MnVN8lNKhl17XSNHhl1`0QSN@Sj1N`WNf0[N[ORm1e0lRN\Ooj1NQVNi0lNXOnj1OcVNd0^N]Ojj1OmVNd0YN\OQn15lQNKej12nWN3ih1K_WN4\h1MgWN4Th1KRXN4eLLaj10lXN4cLLen12ZQNOfn10[QNOni10TZN2mKNoi10TZN2mKOni1OUZN1oK0ji10WZNOPL2hi1OoZN1Qe1OP[N0Pe16PZNI[L2fi10RZNNXL2To11O1O001YOKbQN5_n1N\QN3en10WQNOnn1NQQN1Qo1NnPN2ai1Oc[NNlJ3`i1Oe[NNjJ3^i13j[NIgJ4\i16l[NLbJO[i1;U\NE_J0Zi1=X\NJfc17\\NHcc18`\NF^c1;d\NB\c1=i\N@Wc1a0j\N]OVc1c0S60O101OO1O1M40N0110N11O001OO2O100O100000000O0010N1O10O11N20AjPN4Uo1KnPN3Ro1MPQN1Po1OQQN0Po1OQQN1nn10RQN0nn1OSQN1mn1OSQN0mn11SQNOln11TQNOln11UQNNln11TQN0kn10VQNOin12WQNNjn10XQN0fn10[QN0en10\QN0dn10e00gPN0cn10^QN0Xo10ZO0^QN0an10`QN0`n10h00gPN0bn10^QN0bn10]Q20dnM0\QN0dn10\QN0dn10[QN1Zo10\OOYQN0[o10_O0TQN0^o10_O0RQN0on10PQN0Po10PQN0`o10A0nPN0ao1000co10kPL0Zoe00YP\O0QP20PP20PPL0N200O010O10O1O0OaP80UoI0ZPN100O10O0100001O\PNOXo11=OQP40ooK000QP2010]PL0Qo10oPN0Ro30fQn00inoN000_O0PQN0So10>1SPaT1
20120930063534Lh_11,ibnc21kPR15knoN5N3M2N3M2N100O2O1N200O1O2O1N1O1O1O1O01O010YOTQN8ln1GUQN:<Ajm15iQN;;Dkm1OkQN=5IPn1IlQN=2NPn1EoQN=0ORn1@QRN`0M1^n1O`QN3`n1M_QN4an1e0010O010O1O100O000O2L3N3M3N2N2O1O2N1O2O1O10O01O00010O01O000O1000O10O11N101N2N1O2N1N2O2M4K]ZWV1
20120930063534Lh_12,S`kg01VQV13enkN4M2N1N101N100N2L4O1O100O01O00100O01000O100O10O10O1000O100000000000O2O1N2O001N1000000O10O11O00O100O1O1O010O10001N1I7L40000000O1O2O0OQQNXOkn1e0:M2N2N2O000O010000000000000O010O00010000O10O2N100O1O4M[_PQ3
20120930063534Lh_13,Y_Xb21YQf02cn[O2N2O1N101N10O01O10O001N200O1O010O01O1O0010O01O010O1N100O2M2N3N1O2O2N101O0O2O0000DnPNJSo13QQNKon13TQNLln13VQNLkn13VQNLjn14VQNMin13XQNMin11WQNOkn1OVQN1]o1Ne_kY1
20121024073354Uh_1,XbXZ11XQ^13bncN3M3N1O2O1N8JO010O00O1O02M3N1O2N1000000010N2O103L1O20O0O200O2N00100O1O1O0002N10000O0O1000O11OO11O0O10O010O11O2O1N1O100O0011b0AL22L0O1O2N2OoNcQNg0Rn1oNkQNO8R1bn1O1O1O1O2ROQQNf0Vo1O10O03NO1O1O1N2O010OO1O00001N2O000O101O0O2L4K7KcXQ^2
20121024073354Uh_2,VlXZ11QS>2ilC4L3M3O1M2N3J6M3M3O000O1kN^OZRNV1bm1e0O1O1O02O1K5H:M8H8H5mNXQNf0Qo10000@PQN0Qo1MUQNNln1M[QN0\o1LgQ[c2
20121024073354Uh_3,][cb21mTf05lj[O4K2O1O1O100O010OO1000O101O0dLAYWN?eh1C[WN=Tl1O10O0F;O0XMYOTVNk0li1VOPVNm0Pj1TOnUNm0Sj1TOhUNm0[j1UO[UNl0lj1VOnTNj0Tk1YOiTNg0Xk1[OeTNc0_k1_O_TN<ek1FYTN9hk1IVTN6jk1NoSN5Sl10fSN1Zl16]SNLcl1g12N201Mf0ZO4L6I6K6K8mNYQN=do1_OcahY1
20121024073354Uh_4,aPSg11\Rn01bmSO3L6K1O10O010O1O010O1O001O1O000010O00010O0000O10000000O01000000O010000O1O10O01O10O01O1N1O100O2E:00N20O10N2M3CVO^QNQ1^n19J34O2O0WOcQNO^n1NlQNAE1bn19n0K6MQolS2
20121024073354Uh_5,l[QS31`Rl00\mUO8J1O000O1000N20O0000001N100O2N10100O01O100N11O011N101N010000O1010OO110O001O0000001O0001O01O1O001O100O1O100O000100O10O10O100000O1O2O1N1Odchg0
20121024073354Uh_6,SeXh21dPn02XoSO2M3L4O1O4L1O1000O1O2N2M3N001O01O10O001O0002OO000001O1N1O2GClPN?Ro1EkPN<So1:N2N4M1O3N0O0010O00100O1O02OO100O1O10VQNPOcn1o0[QNUO2J\n1Z1bQNjN\n1m0cQN^O]n1?fQNAYn1?gQNAYn1>hQNBXn1>hQNBWn1`0hQNWONK`n1o0`QNUOen1S12M2N2O1O1N2O3K3O2_OkPN3ho1HTY[R1
20121024073354Uh_7,Q\[]23mo100001O0B1fPNMO2[o12dPNM11[o18dPNI[o17dPNJ\o1=00001O000000000O10001N101N101O0O10O1000000O1000O100O100000001O0O1010O01O00001O00001O000000001O0000O100ILbPN4^o1MaPN3_o1MaPN3^o1OaPN1^o10bPN0]o12bPNN]o13bPNN]o13cPNM]o1;0001O0O1O2O0I\OQQNe0on17N1000000O10O1[OPQN70@Qo1i04O100O101N101O1N100O2O0O2O001N2O1O1O00001O01O0001O0000000O101N1O101N1OadR[1
20121024073354Uh_8,abmn05ko10O3N1O0O2O000O2N100O101OO10000O1O100O100N200O1O01O001O1N1N3N2N110O010000O1O101N100O100000000001N100O1O100O1O0010000O2OO0100OO11OO20O0100O010O100O100O100O101N1O2FbPNN^o70WPJ4O1O1O001O1O100O1O1O0100O010O1O0010O010O01O01O100O001N101HFgPN=Wo1601O10O010O101N100O100N200O001O00L31001N100O20OO200O010O10000000O101N1O1N2O001O1N110O0O200N200O10OO2OI7L4M30000010O1000001N101N2O0O2O0O1O1O1O010O10OO200N11N0N4N101O01O1O1O2L4N4Kjn;:gPD7N101O1O1N2lPNYOon1n0L3O1N100000O1N2O1N2O1O1O1L5I6O1O2M3N3JgbVb2
20121024073354Uh_9,hmTo11dPb00Yo_O4N0O2O000000001N100L5N1O101N2O1O001O10O0BfPN7Yo1HiPN8Wo1GjPN:Uo1DlPN>[o10O102O_OcPN?_o1O0O001O100O2N002N1N2N3NmPgm1
20121024073354Uh_10,XSUh11PP20PP20PP20E0ePN0\oM0bPN0go1000QP20ooM0PP60PPJ000oo30ho70WPH000QPL000O0oo10nmM2UTNOlk13P21gQNKdl16b12L3hQNEjl1<\12O0RQNEVn1>dQNA`n1d0VQNZOQo1j001O000lQNUOVO0hm1k0W10O2OH8O1O01000O1O1N2O1O101N100000000O1000000O1000000O1000O0100O10000O010000O10O01O10O1O010O100O1O001000001O0O1O1NUP_P2
20121024073354Uh_11,hnho21WP88_oI3N2N10101O3M0O010O000O05L3L2M[Pon0
20121125063154Uh_1,Wh`V31SW^18dhcN102N1000OO10000100O000001N11OO0001O00O2M201M2O1001N1O3N100O10O0001O010O0010O1O01O1M20N2O1O1cIDU]N=kb1GQ]N9ob1Kk\N7Tc1Mb\N:^c1G_\N;bc1F[\N;fc1EW\N=ic1FS\N;nc1Eo[N=Rd1Dl[N;Wd1Dg[N=Zd1Dd[N;^d1F`[N9cd1JX[N6hd1NT[N2nd1NnZN6Qe1JmZN7Se1LfZN7]e1H_ZN;be1FYZNDRL4hi18PZNHYLC1Mki1g0bYN0cLXO\j1f0mXN5]g1KaXN7_g1I^XN9bg1G\XN:gg1GUXN:lg1ERXN;Rh1ClWN]OVMg0oj1LjWN[OZMg0Pk1NcWNYO_Mg0Rk10[WN[OdMc0Uk13QWN]OhM?[k16fVN^OnM<`k1<VVN6mi1>YUNEmj1<hTNG]k1:^TNFik1:oSNHSl1S22M3M3L3N>B8H1N2N2N4I6K7I6K7F8Ic0\O]Rca0
20121125063154Uh_2,\^WU11`RP13YmQO5K3O2N100OO10LCgPN=Xo1EfPN;Zo16000O010O01O10O01O010O01O001O1O00O1O2O0O2O0000O10OO1100010O1O10O01O01M2001N2ODFSQN:nn1;0O101O1O1O1N2O1O1O1O1N101O001O1O1O1O100O1O1O1O100O1O1O3KUajd2
20121125063154Uh_3,d]S^21\R^13_mcN1N2O1O001O1O10000O00100O10000O0100O10O01O010O010O001O0000010O00O2M201O1O1O001N1100N2O1O1O0010OO11O1N2O00100O1000O10O1O1O100OO2O1O1N101O01O1O1O1N200O1O001000O0100O10000O01000O10O01O10O100O100O100O100O2N100O1O1O001O1N2O1O1O1N2O1O2O1N2NjaRY1
20121125063154Uh_4,X[QP27go13N2N1O1O1000O10O0100O100O10O1O1O0O1000O10O0001O1O10O100O11O0O01O01O2O010O001O1O01O1O0M4O00O11OO200O00100O100O1O1N201N1N2NXfRl1
20121125063154Uh_5,SXWl11iVR41TioK2M4M2O000001O01O000001O0001O00000000001O000O10000O10000O100O100O1000000O1000O100000O10O1000000O101O000O1O10000O010O10O01O10O00010O010O01O010O00O101O01O01N01100O010O10O0100O1O010O00100O0100O10O10O1O1000O010O1O100O1000O0100000O1O100O1000O00100O1O000010O01O0001O100O01O010000O010O01O001O1N1O2O0O2N2O0N1O0O3M4N1K311O100O1O1O1001O0M3N2N3O0O1N2K501O0000L2101O2O00O0100001O0O02O000010OO2O1O1N2O1O1O010O10O010O010O001ON2O101O01OO200O010O0O101O1O1N3M3N^o?1`P@201N1O1O1O100O100O100O10000000000O100000O1000O1000O1O1O10O01O010O10000O0100000000000000000000010O01O10O01O01O2O0O1O001O1O001NUfX]1
20121125063154Uh_6,QV[d21gQl01VnUO101O01O01O002N01O010O0010O000010O00000000O2O000000O01O10O010O010O010O010O00000001M20000N2O1BHTQN9kn1KoPN7Po1<O110OO3N2N2CnPNJVo1NQjVW1
20121125063154Uh_7,RZ[S38ho12N2O1O00O2N1OO1O1O1N2N1L3O2J5O2L30OM3K5ML8O1M310O1C?M2N100010O100O01O10O0000O100O10O110O02N2JShdi0
20121125063154Uh_8,b\ig11]P`12`oaN1O1VPNLeo190O01O1O10O00010O000O1010O00000000000000000000O2O0001O001O2O1N010000O10000001O1N20OO2O00102ON2OO000000000002M100O2O0O100000O02OO010O01O1O0010O000001O010O1O010O000010O000010O00000000O2O001O000001O01O000000000001O1J]ajo1
20121125063154Uh_9,kSa]24Yo11SQN3jn13mPN2Ro1>ZOXOcQN3ON4h0Yn1f0O0N102O10N2O2K5N3I:J9I;E2LhlXa1
20121125063154Uh_10,WbeU21no11O101N00100O0101O00000001O1O00001O001O00001O000O1000000O10000O10000N2O00100O10O10O01O100O1O10O01O10O010O1000O010O0100O01O1O0100O01000O01000O1000O100000O1O010002N000O0010O10O1O0100L301O010O100O1000000O10O010000O0001O1M3N200O001O1O010O1O100NJ0`PNO`o1450O10O100O0100O1O00010O001O100O0010ON201O01O0O200O10000O10OO1010M20010OH_PN2ao1N`PN1`o1NbPN1go10FOdPN1fo100O1000D0;0]PN0do10000000B0k00Uo10kPL0Uo11<0_PNOUo11jPNOWo10jPN0Uo11jPNOWo10jPN0Vo10iPN0Wo10iPN1Wo1OhPN1Xo1OhPN2bo1010DNiPN2bo110O00100O10O010O10OO2O0000000oo1NTPNO1000O010000000O0100000mo50RPJ0O100@ORQN0on10RQN0mn10a00O1PP2OQPN0oo50PP20QPL0PPN0iP20^nK0j00iPN0^n10i000000QP40cPJ0hn10d000000aPN0^o10no10RPN1OOoo10gaZY1
20121125063154Uh_11,n[Qm23lo12O000O101O00001O0O1000000O10001N101O0O101O00000010O0000001O0001O01O0000O10000O2O000000000001O001N101N1O100O10000O10O100MG_PN8ao1J^PN6ao15MCcPN<^o13O02O0O2N1O1ON2O02O010O1O1O2N3Kbdlm0
20121125063154Uh_12,``mX11nRd41nl]K3N2N100O2O0O2O001N1000001O000001O00000001O01O00000000000000001O001O000O101O00000O100001O000000001O000000000000000O100O0O20O01KCgPN=Wo1FgPN:Zo16O0100O10001N1O100O1O101N100O100O1O1O100O1O1N4Mno71eoG0iPN1Uo12ePNLO3[o13dPNLO2\o1>O1O10O0100O0001O10O010O00100O00100O10O10000001O1O01O0000000O010O01O01O001K5O0GcPNO_o11cPNM]o13dPNK\o1670000000000000O1000000O1O100O0100000O1000O1000O0100000O10O010000O100N110O100O001LAgPN>Zo1301000O010O010O010O01O100O10000O0100000O1000O10000000000000001O000000001O000000000000000000001O000001O010O001O00001O01O0000000O10001O00000000000O101O1O001N101O0O100O1O1O110O0000001O00010O00000010O01O00010O0001O01O01O000001O1O001O1O1OU^ho1
20121125063154Uh_13,a`ci03lo12N101O001O1N101O00O11O00003M1N101O001O001O002N001O1O10O01O000100O100O1O10O01O2N010O00001O01O001O0010O010O1O2OO001O0O101O0O10001N1000001N1000000000000000O2O001N101O1O1O0010O2N0001O0000000O2O00000O101O1O001O001O000000O10000HDlPN;To1FlPN:To1GkPN9To1HkPN9Uo1GkPN9Uo1GkPN9Uo1GkPN8Vo1GkPN9Uo1GkPN:To1EmPN;So1EmPN;So1DoPN<Zo100001O00000O10000O1JCiPN=Vo1EhPN;Xo17000000O0100O10000000001O0O1000000EePNH16Zo12hPNNXo12hPNNXo11iPNOWo11iPNOWo11jPNOUo11kPNOUo11kPNOUo11kPNOUo11lPNNTo12lPNNTo12lPNNTo11mPNOSo11nPNNRo12nPNMSo13nPNKSo15<00000O102M1M301N10O100001OO11O0001O000000001O0000001OO10000O1O1OIePNJ\o13iPNKWo12lPNNon11gPN1fo10ZPNOfo12ZPNNeo161OfPNJln11gPN2=Mln10iPN1;Oln10e00O1ePNOgn10e00dPN0gn10dP20no50hPF0Zo10VO6d01N1K4O1100O101O0000SQNEVn1:iQNGXn18iQNHXn17hQNJWn16jQNHWn19hQNHXn18gQNIXn18hQNGXn19hQNHWn19hQNGWn1:jQNEWn18kQNISn18mQNFTn1<jQNEWn1;hQNEXn1O^QN1Yo1OZ10QO0ko70UPH000Zo10[QL1Zo100O1001OO1000PP20O0QPN0PP20PPN001JOZPN2ho122MTafd2
20121203063334Lh_1,bebT21kP\13nneN5L3O1O2N10000O100000O1000O100000001O5K3M100O01O0001O0000000002N0O101O000O2N1O100010O110N2O1N00000100O0O100O2N1O1000hPNDkn1j0O0012M1N1O10O01N100N3O1M201O001O00001O000001O000O1000001O00001O010O01O001O1O0O3M2MRWgc1
20121203063334Lh_2,RbYn11eQ`18QnaN2L5M2N3L3N1O2[QNWOPn1j0mQNZOQn1h0lQN[OSn1e0lQN]ORn1e0mQN\OQn1e0mQN]OSn1d0kQN]OTn1d0lQN\OSn1g0iQN\OTn1X101O1H8M20100O100000O2O000O2O1O1N2O1O001N2N2N1O2N100O1O1O100O000010000O10000O1000001O0O10000O010O1000O000O001O100010O100O2O0O1O10OO201N101O1O001N3N1O001N101O0O1O1O1000000O100000O010000O1O100O101N2EfPNM[o10kPNKZo11Y]lh1
20121203063334Lh_3,iceV11RSd31jl]L4JL[PN6do14N10001O0010O01O1O010O00100O010O00010O010O01O01O0001O000001O00000000O100000001O0000000O1000000O100O101O000O2O0O1O2O1N`oY22_PfM1^PNJWo18gPNJXo18cPNL[o1=01N1000O10000O10O100000001O0O100000001O000000000O10001O00O10000M3M3O1O10000O001O01O00010O1O1O0100000O1000000O10000000O10O10000000O10O1000O0100000O10000O100O10000O100O10O1000O100O1O100O0001N1100O0100O010O1N1M4N2O1YO\ORRNc0mm1AoQNa0Pn1AnQN`0Qn1AnQN`0Qn1BnQN>Rn1ClQN>Sn1DjQN>Vn1CiQN=Vn1EgQN=Yn1DeQN=[n1d0000O1000001O00001O1O1O001O2N1O1O1O1O1O001N1O101N1M5L2O2N3K4N2N2N101N2O2M2N2OdZ`U2
20121203063334Lh_4,jcbd21hPh05QoYO4L3N1O100O1O1O010O02OO00001O0010000O010O2N2O2N1O011N2O10O3M100O0010SQNDRn1a0dQNEZn1S1N100O01O1N6K4K5K5K4M3M5L1N1O200N2L3O3L[XUW1
20121203063334Lh_5,^]Yd11RQR1:cnoN1N100O1O1O1000000O100000O100000001O0O11O000O010O001O00001O010O01O10O01O010O01N11O01O001O001O01O00001O1O100O10O0100000000O100O2O000O1000001O0O2O001NVbnU2
20121203063334Lh_6,QdUb11ZRT40dmmK0C0=10O00oo30`PJ0So30^PN010O0mn_10]QPO0hoA0ooM0QP20oPN0QN1kQN0Ro1000ZOO\QN3fn1MXQN4in1LUQN5ln1KRQN5]o10OMINiPN1ao1O20aZbU2
20121203063334Lh_7,Pa]]22no11N2O2M2O1O1ZOL^QN5Zn13eQNMZn15eQNLXn17gQNIYn19eQNGZn1;eQNEZn1<fQNDYn1`0dQN@\n1c0aQN]O^n1R1O2N2O1O000OO20O2N2O2N2N1O2O001O001O1O1O1O1O1O1O1O001O000O10O00O01O100O2O0O2M3O1O101O001O001O1O1O1N2O000O2N100O10O01ROeQN7[n1HfQN7[n1HfQN7[n1HfQNGN3^n15eQNG10[n19cQNHmn16TQNJln15UQNKkn15UQNKkn14VQNLkn11XQNNin1OYQN0in1NZQN0]o1N0On_P]1
20121203063334Lh_8,WcjP11jPf03Po[O4N2M101N2O1N101O0O101N1N3M2O1N2O102M2O1O4L1O10O010O101O0kNVQNR1jn1nNZQNo0nn1M1O1O1N4M1O3M2N2N001O1O1O1O1O2M[[ak2
20121203063334Lh_9,cdYg15jo13MN\PNL>Oan14i0O1O^PNNWo12kPNOMOln12XQNOJOd00_m11URN0c0OWm12WRN3=K\m11YRN1=NZm11ZRNO=0Zm10ZSN0fl10ZSN1el1OZSN2fl1NZSN2Zn1000]NNXSN2hl1NXSN2[n100000_NOSSN1^n1ObNOoRN1Rm10lRN0Vm1OiRN1Xm1OgRN1Ym10fRN0[m10dRN0]m1OcRN0^m11aRNO`m10_RN1am1O^RN1dm1O[RN1em1OZRN2fm1OWRN3jm1LURN4mm1MPRN4Pn1MnQN3Un1LiQN5Xn1KgQN4Zn1MeQN3\n1MbQN3`n1M_QN2bn1OYQN4in1KTQNNG1[o14kPNNWo12gPNN[o12cPNO]o1:1N2O001N2N2O1Nfo]3L]PbL2O100O10000O101O00000000000oNMURN3jm1OURN1im13TRNNkm14SRNLmm16RRNJlm1:RRNFnm1:QRNGnm1LhQN184Pn1JjQN156Pn1GPRN2M9Rn1ESRN2I:Tn1CVRN1E=ln1CRQN>nn1CPQN>Qo1BnPN6MMUo1NmPN22ORo16QQNIon16SQNInn16SQNImn15UQNKhm10lRN3]OLfm12nRN2\OLem12RSNN^m12X10O1mom0MXPTO0ooM100O001hQNNal11g1000fQNOfl10YSN1gl1OYSN0hl10WSN1[n10001000O0100O010O10`n10`QN00000O1_QNOSm10_10^QN0Sm11mRNORm12nRNNRm11nRNORm11nRN0_n110000001O010O001O01O01OO20O010O1O1000O0nN0VRN0jm11URNOkm11S10PQNOom11P11O0PQNNRn12mQNNTn12kQNOVn10jQN0Vn10jQNOWn11iQNOWn11hQN0Xn10hQNOYn11gQNOYn11gQNOYn10gQN0Zn10fQN0Zn10k00jPN0\n10j00000001O1\PNOWo11fPN1\o11`PNMco181N1O1O1O2NR]`h1
20121203063334Lh_10,gjbg11_Pd02[o]O5M3N1O1N1100O100000000O11OO010001N01000O10O100000O01000O01O100O100O1001O1O0000001O1O1000O2M3M2NaSgT2
20121203063334Lh_11,PeiP21no70QPJ0oo70PPL000QPL000oo10PPN0000100O0001OZN0^SN0bl10]SN1cl1O]SN0dl10[SN0Zn110000O010O10O0010O010O0100O10O1000O10O010O001O000010O0000010O000010O01O0001000O001000O10O001000O10O10O0PP40SoM0nPN00000O100O10000O100O1cPNOin14SQNOkn13UQNMin16UQNIkn19TQNHkn19TQNFmn1;RQNEnn1=PQNDPo1e0010O1O10O10O001000O000100O010O1O00100O0010000O10O100000000O001000000O1000O01O100O1O1O1M20001O0OO3F9O1010OO20O1O1O01000O1O0100O01O10000O01000N10001O000001M2O200O1O1O01O000000101N1O102M101N1O]OPQN9on1GRQN8nn1GTQN8ln1HVQN6jn1IXQN7hn1HYQN7hn1HYQN7gn1IZQN6gn1IYQN7hn1HYQN6gn1KYQN5fn1LZQN4dn1N\QN1en1O[QN1hn1LXQN4jm1HiRN1]O7im1HYSN8fl1H\SN8bl1H`SN7`l1IaSN6^l1KbSN6]l1JcSN6]l1IbSN:\l1GdSN9[l1GgSN9Xl1FjSN:Ul1FmSN9Rl1GPTN8lm101O001O00PNJWTN5ik1KXTN4hk1LYTN3gk1MZTN2fk1N[TN1km1Ojm10VRN0000000O010O0VR20jmM0O101N1N3O0010O1O100O1O1OUNNjSN2Vl1OiSN0Yl10eSN0\l11cSNO]l11cSNO^l10aSN0al10]SN1cl1O]SN0dl10[SN0fl10ZSN0Zn10SO0lQN0Sn11lQNNUn13jQNNUn12jQNOVn1NWad]1
20121203063334Lh_12,Shbl01jP`0;hnA9H4M2N3M1N1O3N0O3M2N2N2M3N2N2N2O1NoNhQN<Xn1g0O00O10002_NhQNW1Xn1eNRRNT1an1mNXQNf0To1L6K2N3M2M3LSVkP3
20121203063334Lh_13,nXmP31hVZ15PigN4L4M3N1O2N1O2jLCeVN=Xi1HfVN9Wi1IiVN6Wi1KiVN4Vi1OiVN0Wi11iVNNWi14gVNLYi16fVNJZi18PUNYO?`0aj1=iTNVOb0`0ej1`0bTNSOd0`0jj1>`TNUOb0?nj1=^TNWO`0?Rk1:\TN[O><Vk1:XTNA=6[k1_1_TNcNbk1`1XTNbNhk1k21O0O100O1N2iMnSN?Sl1\OYTN<hk1A`TN9ak1DkTN1Wk1HTUN1oj1JYUNMmj11VUNKmj13WUNHlj16XUNGij16\UNHdj16`UNHaj15cUNH`j12gUNIPio0OWTRO6L3K4K5L3M2O1001O1O1O100N2N2O2O000O100O1000O100001N2N2N3L4LbeTh0
20121206063154Uh_1,bjZ\37fo17J3M3N100O10O2N11O1O1O002O2NO1000O0010OQQN@^n1T1N0000003NO3M2N2M4M9G2N02nPNXOgn1T1L11O2N10O100O7KM3M3M4M1N1N3L4L4L5H_S]`0
20121206063154Uh_2,UWgi05io12O1O2N1N2O1O0O100001O0O11N10010O1O00100O1O01O010O00100O10O01O1O100O010O10O100O100O10000O0100000O010O10000O10O0100O1O100O100000O110OO2O1O1O0O1O1O2M201N100O101O0000001O1O001O001O1O0010O02OO01000O10O002N1O002N1O1O0O2O0O\OdQNF[n1:gQNEXn1;kQNCTn1;PRNDPn11gQNH;6nm10jQNG<6km12mQND99km1N\1MYjln2
20121206063154Uh_3,_hRS22ko16L3N1N2N2O001N2N3M2N2N3L4N1O6I4M1O1O00001O00O3N114K2N3L100O100O2N2OOO2O1N100N3N1O1N2M3O100O1N110O1O01O0010O01O001O010OO2N3K`Woh1
20121206063154Uh_4,]efb01VQb10gn_N3N3M1O1O2N2O0O1O001O1O1O1O100O1000000O100O10O1O010O1O0010O01O001O1O010O1O010O10O010O10O10O01000O010000O10000000000000O10001O0000010O00001O001O002N001O00000O100000O101O0O2O0O2N2O000O010000000O0100000O1000O10O100O0100O010O10O1000O01000000O2O0M3K_ZQT3
20121206063154Uh_5,j`ka11mPh10QoYN1UPN3co16N2N2O00000000000000O100O1O1O1000O010000O10O0100000O0100O001O100O0100000O1000O1000O1000GLePN5[o1701000O1000000O0100000000000000000001N100000001O0000001O001O1O000010O0002O0O02O000001O0O101O0000O1O011N2N3N1N001O1O1O1O1O4L001O000O101O1O0Ol]RU2
20121206063154Uh_6,cVS\11dPX20YoiM3VPN1_o1:N101O2O1ePN_OUo1f00O10O01O010O2O2M1O010O000100001N20O1O0O1000O100O010O1O001O0010O0010O0010O0100O100O10O01O0010O0001O0001O00000001O01O00000100O1O001O01O0001O0001O00000010O01O001O01O000001O0000001O00001O00010O00001O0000001O00001O01O01O00001O000001O00000000000000000001O001O000000000O10O001O001O10O01O10O0100O010O00001O01O010O1O0100O001O1O00100O1O1O2M3N2LhgfV2
20121206063154Uh_7,[XYh11VPh00goYO100N2egfV2
20121206063154Uh_8,UhlQ11VPb03eo_O2O1O1O00001O001O0000000000010O10O10000O1O010000O10O010O010O1O0010O10O01000O001O1O2NQWkj2
20121206063154Uh_9,SdaW12lo12O2M2O1O2O000EGnPN:Qo1HnPN8Ro1HnPN8Ro1HnPN8Ro1HnPN8Ro1GPQN8Po1HPQN8\o10000000001OO100OO2O1N2O0100O1L4O100O1O10000O1O101O0O10000O1000O1000O10000000O10000O10O1000O10O1L3O200O0010O10O0010O1O10000O010O10OO100001O010O010O00100O10O0100O1O001O0K6N1O01O1000O011O00001O10O010O100O100O10000O100O100O101O0O100O101N10000O100O2OO010O01O1O001O1OL320M201O1O001O0O2HZOUQNg0jn18O010000O10000O1O2O0000000O2O1O2N3M1O1N2O1O001O1N100000000O101O0000000000OH`PN2`o1MaPNN3N[o14;O1O010000000000000000000000_PNMUo13kPNMUo13kPNMUo12kPNOUo11kPNNVo12jPNNVo12iPNOWo11iPNOWo10iPN1Wo1OiPN1Wo1OiPN1Wo1OiPN0Wo10iPN1Wo1OiPN0Xo10gPN1Yo1NgPN2Zo1NePN3[o1MePN2\o1NcPN3\o1MePN2\o1NdPN1]o1OcPN1\o10cPN1]o1OcPN1]o1OcPN1\o1OePN1[o1OePN1Zo10ePN1Yo11gPNNWo15iPNKYo12hPNNdo110O10O1000000O10000000000000001O0001O01O00002OO01O00010O01O10O0010O00002N10O0100OZOM`QN3`n1MaQN1_n10aQN0_n1ObQN1^n1OcQN0\n11k0O0000VP60koI0N0RP20ooM000S^fU2
20121206063154Uh_10,lddd21gPd15Ro]N5K3N2N2O0O2O0O3N1O000001O1O1N101O2N001O010O010O000001N3N0000O10O010000O10O1000O10000O010O00100O1O001O1O001O001O00001O01O00000000010O000010O0101N001O011N001O01000O1O01000O10000000004K10O10000O002N010O1O001O10O10O010O000010O01O1O3L3NiW]R1
20121206063154Uh_11,S]Sf01eQP15TnQO2N1O100O1000000O100O01000O0010O0100000O01000000000O100000O1O10O010N110O01000O010O01O010O010O1O01O010O01O010O001O00001O0M3O010O0100N201N1O2K6M3LcbZT3
20121206063154Uh_12,h]ge21]P`02_oA2N2N101O001O000O1O1O1000000000O1001N10O10O02OO10O100O01000O001N200N2O1O2MUb\W1
20121206063154Uh_13,XYPd21\Qf07Zn[O6D:L3M5J5M3N3L3N6KO01N1O2M2O0OClQNkN4KPn1X1oQNiNZn1V1hQNiNYn1V19000000100O0O3NWO`QN2_n1NfQNOYn10kQNMTn14mQNKRn15QRNJnm16TRNHkm18[RNCem1;_RNCam1<bRNB^m1=S10000O100000000O2O010O1O100O1N3N3KPfmW1
20121216154954Bh_1,TdUo11YQ`11dnaN3M3M3M2O1N1O2O1M2N3L3N3M2O2N1O2N101O0O2O1N2O001O2N1N101O0010TOmQNJSn10TRNOlm1MWRN4im1IZRN7fm1F\RN:fn10O110N001O10O1O0100O00010O1N1010O0001O010O01O00100O1O1O1O10O0001O010O10O00010O010O1O010O1O1O1O010O1O001O1O00010O000001O001O001O1O1O1O001O00001O1O1O1O1N2N6JlXVh1
20121216154954Bh_2,o]hR21TRV32gmkL3N3L2N4N0O2L3N3M2O1N3N1O1O2N1O2N101M3O0O2N2N2O1N2O1O0O2O001O001O00001O00001O000O10000000000O10000O10O00100O00100O1O10O01O1O100O1O10000O10O1000001O000O100000001O0O10O1000000000000000000001O00001O001O001O0010O01O010O00001O01O0001O01O0001O0010O000001O010O1O00100O100O1O1O0010O02N010O0010O10O011N101N101N100O1O100O00100O0010O01O001O100O00100O00001O010O00100O1O1O100O100O2OO02O0O011N01bMoRNl1Qm1QNQSNo1Qm1mMRSNS2nl1kMTSNU2\m1O2O1N1^NVRNl0mm1QOTRNn0nm1PORRNP1Pn1nNoQNT1Pn1>2N0O2O1O0O2N102M101N10002M3N1N2N1O100O100O2O000O2O000O2O001N101O00001O001O001N2O002N1O3M00100O003L102K4LT^SZ1
20121216154954Bh_3,feTS11lPZ25lngM4M101N101O0000001O000000O101O0000001O0001O0000001O0000100O00011N01000O101O00001O00001OO0101O0O10000O101N101O0O10O10O100O10O010O010OmPNWOPo1i0oPNXOPo1l010O01O100O001O10O01O001O1N101O0N3M3O1O1O1O1O11O7I4L1O00001O1N11OO10O10000O2OO11N6K1O1N101N11OO011OO10000O01000O0100000O0100O01000O010O1O002N001O1O10O01O1O1O2N1OZVWa2
20121216154954Bh_4,ZgPQ11fP\12VoeN2O2M2O1N2O1N1010O01O001O00010O0100000O110O1O1O1O00O10001O0000O02O0000001O00O109G1O1O1O1O000000O2O000O2O1O1O2N100O2N1O1O0O2O0O1O100O010O10O01O010O1000O01000O010O010O01O01O01O001O010O001O2N1O1O^Uag2
20121216154954Bh_5,Yl^b21`P`05UoA7N2O0N101O1O4M4YQNZOjm1i0oQN\OPn1e0lQN_OTn1X1N0100O2M3N2N2N2N1O1O1O1O001O001N1O1HTQN]Okn1b0ZQNYOhn1e0WQN]Ojn1`0=M9G_RkZ1
20121216154954Bh_6,knlQ11^Pf01]o[O6L2O1O1O001O1O1O010O1O001O1O001O1O010O100011N1O3M0O1001N2cPNBUo1f0N2O0O010O0100O1O1O1O001O1O1N2N110N101O1O2N1N3KioPj2
20121216154954Bh_7,\j`_31WQP1;XnQO:J4L3N2M4M102N1O2M5M1N100002M1O101N001002M2O4L004L1O0O10O00011M3O2M3M2O1N03OOO011O1O2M2O3L3O0O1O1O00000001O0O1O1O3M3M3M2N2N2M4L3M5K3M3M1O2L6JSPo:
20121216154954Bh_8,g\S[36ho13O1N2N2O0O1O1N3M2M3O1O1O10O01000O00010O00010O001N20O01O00010O00O2L3O2O00000001O0O1O1000001O0000O011M2O1O10000010O10O01O001O0010O01N101O1N101O000000O001O2N100001O0000O1000100O000100O001N200N2O2N1O1N3M2N3N2M4KleZ>
20121216154954Bh_9,cjl_31lPd03`o[OMQo10a00\Q<1inCO_N0mRN0Qm10PSN0Pm10PSN0Pm10a12N00010N02O1O^11eNOM31NO1NO1O0000QP21QP2OooK0ZQU=
20121216154954Bh_10,\iPR11YPP31goQM00O0000PP20gP\20XoaM010O00000I0^PN1bo1O]PN1do1O[PN1fo132N^U]g2
20121216154954Bh_11,X^`Q11lPP32PoQM2O2M101O0O2O000O10001O0O10000000000O10000000000O1000O010000O1O100000O10O100000000000O10000000000O100O100O100O1000001N1000001O0O100000000001O000001O00000O0100001O00000000ZPNIco17]PNIbo18]PNJbo1:0001N10001N1N2O1O101N10000O2O0000001O001O00001O00001O01O01O00000000000001N10000O1000000GkPNGUo18mPNGSo19nPNESo1:RQNBnn1>:N201N10000000000O2O0O3M1O2NXPNOco10^PN1go110001O0000000O2O010O0000000000001O00000000001O0O10001O0001O0001O0O100O2O0O100O2O00000O1000001O000O1000001O000000000O2O00O1000000O10001O0O10001N101O001N100O1N3NRao\2
20121216154954Bh_12,V[me01[PP26]oQN5L1O1O1O100O1O10O001O010O00010O0000001O0000001O00001O00001O0O10000000000000000000000000000000O1000000000O010000O01000O10000000001O00000000000000000000001O0000000000000000000000000001O000000000O10000000000000O01000O2O00O010000000000O100000001N10000001O00O1000100000O10002N0O010O010O1O001O001O1O3L2O2Mjcdn2
20121220110614Th_1,]_Uf01PQd20ln]M4M2O1O1O1000000O010O1000000O10000000000O1000000O100O10000O10000O100RQNA[n1?eQNAZn1`0eQNA[n1?eQNA[n1?eQNA\n1>dQNB]n1=cQNC^n1<bQND^n1<bQND_n1;aQNE`n1;_QNF`n1:aQNF_n19aQNG_n19aQNH^n18bQNI]n17cQNI]n17bQNK]n15cQNK]n15cQNK\n16eQNJZn16fQNJZn16eQNKZn16fQNKVn1H\QN=>KTn1:lQNFSn1:nQNFRn1:mQNGSn19mQNGSn19mQNGSn19mQNGSn19mQNGSn19mQNGSn1:lQNFSn1;mQNDTn1<lQNDTn1<mQNCSn1=mQN@CK`n1e0mQN@Vn1`0jQN@Vn1a0kQN]OUn1c0kQN]OUn1c0kQN]OUn1c0kQN]OUn1c0lQN[OVn1d0jQN\OVn1d0jQN\OVn1d0jQN\OVn1d0jQN\OWn1c0iQN]OWn1c0iQN]OWn1c0iQN]OWn1b0jQN^OWn1`0e0O100O10001N100000000000000000O1000001O000O10001O003M000O1000000000000000000000000000O2O001O5K00000000001O000000001N1000001O0000000000O2O000O10001O00000000000O2O000O2O001N2O001O1O001O1lPNZOmn1f0QQN@jn1k001O2O0O10O2O1N2OO03N1N2\OoPN5So1HoPN7So1GmPN9^o1O1O1O1O1O3L3N1Mi^`j2
20121220110614Th_2,d^fj21oP`04fnA8L3M3N1M20K320O1O2O000O2O001O1N2O100O100O10000000O10000000O10000O1O1O2NTa_R1
20121220110614Th_3,YZm_11WSb30gl_L1O2TPNMho141100O1O100O1FJiPN6Wo1NePN3Zo1910O010O10O1001N1000000000000000O2O0000000000000000000000001O0000001O001O1O000000001OO1000O1000O1000000000O10000000000000000O1000000O100000O010O10O10O10O00001000O0100O1000O01000N110N2O010ON20000010O1O10O010000O1000000O0100O100O00100O10O1O010O01000O0010O010O01000O0100O010O10O01000O0100O0100O10O10O010OO10001OO11O010O00001O1N1100O01000O10001O0000001O0O10000O10000O1O010O10000O01000000O100O100O10001O0O10000O100O10000O2N100O1O10000O1000O0100O1O01000O01000O1000010O10O01O01N101O1N101[OjPN>Vo1BkPN<Vo1CkPN=^o1M101O1N2O1N2NadTl1
20121220110614Th_4,VTi]21aPl03[oUO1N2O0000000O101O000000001N10001O0O1O100O1O2O0O100001O00VQN@Tn1a0fQN_OD2en1?dQNCFNfn1`0bQNDGLgn1`0bQNDGKgn1c0`QNCcn1=[QNDfn1?WQNAin1l0OO2N105J2O3N0O001N2O1N2O1O0O1O1O1O100O1O10O02N1O1O5Kmj\]1
20121220110614Th_5,YQih15ko14M00O10O10O100O10O1000O0100O01O001000O2O0010O00000O2O1Nom\U2
20121220110614Th_6,eZcS11WVV42eikK2N3N1N2O0O2O000O2O000O2O0000000000000000O2O1O0O101O0000000O100O01000O10O1000O010000O010O100000O010000000O10O01000O10O1000O100000000000000000000000000O10O0100O1O100O010O100O0100O010O1000O10OM4N2O1N101N2OO10O00100O1OL5001O1O1O1O100O000O2OO100H8N3N101N1000001ON11001O010O0010000O010O10O10O01O10O001O010O0O101N1O1000N2O20O00001OO200O000O10001O00000O2O1O010O0100O0M4O001O1O010O_OePN?Zo1AgPN>Zo1AhPN0M;[o1EiPN<Wo1DjPN;Vo1FjPN8Wo1HjPN6Ro1JkPNO46on13QQNIRo17oPNHQo1OiPN56LYo10hPNOdo1010O01000O100\OOZQN0[o1000000000000000O1\OOYQN0\o10000000000000000000000000000000_o30bPL0O000QP40=0boK0A0nPN0ao10`o70oPF0Ro10nPN0Ro10nPN0Ro10nPN0Ro10nPN0`o90koe00A0dPRO0oo30^P80doC000@0PQN0_o1010O010O000co30jPN0C0^cRT2
20121220110614Th_7,Tfnc21ZPh02boYO2N1O1000O0100O1000O1000O0100O10000O1001O0000000000001O0O1001O00010O0001O1O010O2N1O2O0O01O010O001O0O2N1NbYoW1
20121220110614Th_8,oXiT11lQb05mm_O;E9G5oPNVOdn1W1K3M4M2M2NkNmQN`0Pn1AYRN8em1H_RN6_m1JcRN7Rm1XO]RNd0d03il17XSNIbl1;_SNG\l1<eSNEXl1<lSNBPl1`0QTNAlk1`0TTNBjk1>VTNCik1<XTNEhk19YTNIgk15YTNLgk12\TNMfk10\TNOdk1OaTNNck1KeTNO_k1LdTN3\k1JgTN5Yk1IkTN5Vk1GnTN9Sk1CQUN<_m1LO0O2O0jLAiVN>]l1O2M3MQcRh2
20121229085414Th_1,jXoi23lo120003O1L101O1O1O4L1N01O1O1M3N1O01O1O100O1O1N2OBdPN9]o1FdPN:`o11O0O10010O1N10O20O0001M101001O010O1N2O100O01O1O_NC`SN=_l1G_SN8bl1I]SN6el1JYSN6jl1ITSN7nl1KmQNLg0OYO8Tn13^RNI_O2Un16lQNEMN54N2Vn17hQNK2K12Xn18cQN44FZn1k0eQNTO^n1k0_QNUOcn1T1001N1M4CZQNZOjn1e0:L3N2N2N3L3N2N3N1N3NghTQ1
20121229085414Th_2,a^QP17ho11M3M20000O20O000O101O1O0100O1O000O001L4O1N2N1000O111N1O2O0O2O1N2O10O100000O2N1O010O00001O001O100O10I7O0100O0O2000O1OL`PNJ_o17aPNH]o1;@MZQN3fn1d0O11N2O1O01OO1O2O2M3M3N01O2O000O02N2N3L3M4M2MZcbj2
20121229085414Th_3,d\ia23io15O0010O1O000001O0O3N8G100O001O0000001O001O2OO01O00O2ON2L42M5O1M1O001O0O101N2O001O00000000O10O1M3000O2N1O1O0M3001O1M2001N100OON40O01O2O2N1O01O1O1O0O2O0O2O1O011N101N1O1O1N2O2N1O2NfdbX1
20121229085414Th_4,c^oo02dnc1OYQ`N010kbPn2
20121229085414Th_5,`U]f01bQ:4WnG3L3M3O0M4M1ON20000O3OO10O1O2O1N2O2O1O010NWjlW3
20121229085414Th_6,_cQP21TQd12gn]NNVPN2ho15O001O000O10O0101O1O0010O00O100000000O1000001O0O100O101N101N100O2O0O1000DkPNMUo13lPNLTo13mPNMSo13nPNKSo15mPNJSo16oPNIQo17oPNHQo15SQNKln15`00000O100O1000001O00000OcPNMon13?000O1000001XPNL51Ro14gPNM34To14jPNNVo12iPNOVo1>0N110O01O10O0O200O1FgPNMYo12hPNMYo13gPNMYo13gPNMYo13gPNMZo1<01O000001O10OFfPNNZo11gPNOYo11gPNOXo13gPNMWo15iPNLVo1?0001O001O001O001M2O1O1O100O0010O1O1O2YOQQN:Po1@XQN=Wo1O1N2O1N101N104Jc[`f1
20130104104234Ch_1,QVek11nPj12nnWN3M2N1O2O001O00001O0000O1001O000O1O101N100000001O001O1N2O1O3N08G3NO1O001000000O10O01O1O1O1O010O1O10000002N1O001O000O2O1N01000O1O1O010O010O1O000010O01001O0O2N1O1O1O1O10O01O001O000000001O001O00001O0000001O0010O100YOPQN=Yo10100O10O10000O100O100O100O000100N202M10001O0O002N1N2O2NcfRj1
20130104104234Ch_2,nfZo2=co11O01O0001O1O1O100O0010O101O0001M3M3N4J6K1O1O10O2O1O2N:G120N3M00O01O01N4N00O000O1O19F2O0O01O1O001O0O1O2M2O2O1O200N3O0O0002N1O2cPNBRo1h0O10O2N001O1O1N3M4L2N2N1N3M4KZVgk0
20130104104234Ch_3,S_[j11WQf12cn[N5M3ZOJ[QN9dn1IYQN9fn1b0N2O1N2O1O0O1010O00000O2O2N4L4K2O001O1O1O01N10000001O1N3N1N2N1001O001O000O100O10000000000O10O100N2_OdPN>_o1O100O10O10000000000O10000000000O10000O010O0M30010O1O010O010O1000O0100001N100O1N201O00001O000O2O0O2OO1000000000O01000000O10000000O1N200O2M4MX`Tl1
20130104104234Ch_4,heTZ2:_o1:K=D3M1O200O1O10O1O200O1O0O5K4L2N2O1003MO1N2N10O00001O10O11O0O1008IO001N2O2O001O0O3M2O10N2M6J5K4JUXgb1
20130104104234Ch_5,o__V11]Sl20^lUM7K3O1N102N2N002OO01O001O0100O010O000000010O000000000000O010O0N3M2O2N2O00010OO110O1O001O001O1O0I8O1N3N100O0001N2L3O2N2N1O101O0O101OO110O010O10O01N200N1O01O10001O01000O01O010O1N200O1O10OO2O100OIDkPN<To1GjPN:So1:O2O1O01O1DlPNLSo15oPNHRo18PQNCRo1?70O1O1O1O01000O1O10000000O0100000000O2O1O1N2O1O1O0100O01O001O00100O001O0001O0O2O000O2O00001O00001O001O00001O00001O01O01O01O01O01O00000000001O00010O0000000000O2O0000001O00000O2O1O001O1O001O000O3N0O2O1N101O1N1O2O1M\^XY2
20130104104234Ch_6,^VUS34do1;E9L3M2O00N2O1M4K4001O0O1O1O1O2N1O1N210NN4J5M4NO3N1M200N2011O2K5M3Laldj0
20130104104234Ch_7,T_oj11XQl06`nUO2M3NF`PN7fo1M3N000O2O100O10PP41ooK1N1O000O01O1OoNOURN0Pn10kQN1Vn1OiQN1Wn1OiQN1Wn10hQN0Xn11gQNOYn12fQNOZn10gQNOYn10hQN1Vn10jQN0Vn10jQN1Tn10lQN0Un10jQN0Vn11hQNO]n1OaQNNYo100010\_dQ2
20130104104234Ch_8,f\Sj21ePb06Ro_O6J6K3M2N3N3N2O1M1O1O101N2N1N101NUOaQN7_n1HjQN1Un1NoQN0Pn1ORRN1mm1MVRN3jm1JXRN7hn1011O2N0O3NO000O2N101003L1O105LO1N6I4LSafR1
20130104104234Ch_9,lXWi21\T`10akaN001O1lPNN[n12hQNNUn13nQNNnm13TRNMkm13VRNLjm12WRNOhm10YRN0em11\RN0bm11_RNN`m12bRNN\m12eRNM[m12fRNOYm11hRNOWm10nQNOB3e0Okm1NVRN5HLon12oPNNRo11nPNNTo11lPNOSo11nPNOQo11oPN1on10RQN0mn10UQNNkn12UQNNkn11b01mL8mUNGQj1=mUNClMOck1a0_VNAlMOdk1c0^VN^OnM0bk1d0^VN^OPNNak1e0_VN]ORj1d0PVNZOPj1f0RVNXOni1g0TVNYOki1f0XVNZOfi1d0]VN]Oai1b0cVNAXi1=mVNBPi1=SWNJdh15`WNGah19b301N0100001O001O010O010O000100O2N2M200O1O00O10001N101N2O1O0O2O00001O000001O1O1O2N3M2O001O0001O1ON2O10O010O1O1N3K6Knenn0
20130104104234Ch_10,SPeZ11oQb05im_O3K5N3M3Mf0ZO4L2M2K5ZOf0N4N2O^NgRN`0Um1^OmRNSO0Y1Rm1BYSN<gl1GWSN8jl1GWSN7nl1DRSN<Um1]OjRNc0Wm1^OfRNd0Zm1[OfRNOD3gm1NaRNK50]m1h0lRNnNXm1g0X1L3M3N1O1M5K_njb2
20130104104234Ch_11,WclX21TQ\15eneN1O10000O101N1O010O1O100O00100O10O10O01O10O0100O01O1O0100O101N100001O00001O00001O0O10000O0100000000000000O01M3N2N101O100O10000O1001O001O5K2N00001O01O010O01O000000000000000O10O1M3O10HdPNL\o14fPNI[o15hPNI\o10b\i_1
20130104104234Ch_12,iddP13go19F9D;K6G9K6J5MmNYRN1cm1HiRN7Sm1GTSN:fl1F_SN9^l1FgSN9Wl1FlSN9Sl1EoSN:Rl1DQTN:Rl1BRTN<km1O0N4JgZSn2
20130110085614Th_1,e\bS21dSX15WmgNNlm1;jQNLol1FXSNf1dl1m0N3J6M3L4M4L5K7JZMTTN125\k1JXVN4di1M`VN0_i11dVN0Vi12nVNLnh16SWNJkh17VWNJgh18ZWNGdh1:]WNmN^Mc0Sk1`0nWNZOog12SUNLQ31ig1M^UN1n2Obg1MdUN2m21^g1JhUN4k24[g1EnUN5i28Sh1GoWN:og1ERXN;ng1DTXN;lg1CUXN?kg1^OWXNa0dk11N2O1O10O100O3N0O1000O2O0000O1O100O100O1O1O1O1N102OO01O100000000O02O00O010O100O1O0O2NR\af1
20130110085614Th_2,flja11eST12WlmN1N2N2O10O1O10O10O02OO01O00000010O010000001O0000O101M2O2N100N200N11O01N1000O1O1O10000O1N20O000O101O010O1N2O11N0010J6001N2O1O2N100O1O00N3L3O2N2J5CTO_QNo0fn132O2N3M3N2N2J6L6EeRkW2
20130110085614Th_3,Xjnm05jn10oQN5lm1;dQNJVn1S1_ObN[RNc1bm1`0M3N2M4M1N2M4M2NSNUSNh0il1TO`SNID8il1MgSN]OOd0Zl1NcTN3[k1KhTN5Xk1IjTN6Wk1IjTN8Uk1FoTN9oj1GSUN8mj1FVUN8jj1HWUN8ij1GYUN8fj1H[UN8dj1H^UN6cj1I_UN7_j1IbUN6^j1JdUN5[j1KgUN5Xj1JiUN6Vj1ImUN7Rj1GPVN>ji1@ZVN?dl10010OO11O00O11OO100000O1000O0010000O010O1O02O0O10001^OdPN<ao1O2N00001O000010O0010O01O01O01O00000O1000000O0100O1N10010O02N10O00010O2O00001O0001O1O0O2O0O0O01O0100O1O11OO11O01O1O1O2M3O0O1O01O100N200O100O1O1O100O2O00O010OO2O1O1O1O1O00101N_Tgh2
20130110085614Th_4,VbXP31ZQl10jnSN;Yo1HePN:Yo19M3L4M2O2M4M2J6L3J5M4N2O1OUOVRNAim13QRNA9<dm12URN@:>`m1NnRN2Rm1MoRN4ol1MRSN@UO=im12[SNLdl13`SNJ`l10hSN0Vl10mSNMSl13PTNJPl15m110000000000000001O00010O000001O0000000000001O000010O01O10O00100O01O00010O0010O001O001O0010000O1000O0100O100O3N1N01O0100O010001OO1001O0O4N1N10OO2OO10O2O0O01O00100O10000O0100000O10O100O010001N10O00010O0000004L][ee0
20130110085614Th_5,cbZ_21RQh13inYN3M2O2N1O2N1001O001O001O001O0000O2OO11O0000001O3L3N1O1O1O02O3L000001O11OO2M2O01O201N00O0O1000O001O1O100O1O1O1O001O01O1001O10O2N0000010O2O1N2N3N1O00010000N3M10O100O101N1002N001N4L4L001N1001O000001N02O01N2OO100O01O1O2N1N1OgWoW1
20130110085614Th_6,dQ[U11[Pb11bo_N10001O002N001O00000000010O0O2O1O010O00010O0001O010O2N100O001O0010O01O01O010O00001O001O0010O1O10O1O001O0010O001O001O001O01O100O0001O01O000010O00010O0010O010O0010O11N0010O00010O000000000001O01O010O2N010O00001O01O0001O00001O0O2O000Ollja2
20130110085614Th_7,o[kc21aPd03[o]O2L3O1O1O2N1N2O2M2O2N1N2O1O102N1N1O3QQNUOdn1U10kN[QNk0Qo1M2N00O0100O1XOlPNc0Zo1N2O1N2O3L6J2OO01O01O0001O001O2MoahX1
20130110085614Th_8,VhnV14no1ON200O01000O00010O00001O010O00010O01O010O000000O1000001O000010O0001O0000001O00000100O01O0100O001O000O10000O1000O100O1000O100000000O10000O1001O000000001O000000000000000010O0001O00100O0010O001O1O1O001O1NWWeb2
20130110085614Th_9,kail11QRn33kmSL1N10000O100FLgPN5Xo1OdPN2[o1:O01000O1000O10O010000O01O010O010O010000O10O010O00O200O0100000O10001O0O100O100O10O1000000001O0000O0100O10ON3O1O10001N1O101OO10000000O10UPf0OloYO0F1cPN0Zo13dPNN[o14dPNMZo1>N1N3N101N101N1O1L5O00001O000O10000O2O000001O001O1O1O00002N1O1O001O0]OTQN2mn1LTQN4^o1N01O01O00000001O000O10000O1001O00000000000000000000000000000000000000001O00000000001O00000001O0001O000000000001O00000010O00001O000000O1HFjPN:Uo1HiPN:Vo1GiPN9Vo1HiPN9Wo1GiPN9Vo1HjPN9Uo1GjPN:Vo1GiPN9Wo18000001O01O0010O0001O00SQNZOan1f0ZQN@dn1`0\QN@en1MVQN<5Hdn1KXQN=3Jen1HYQN=2Ljn15TQNLln15RQNMnn1b0001O100O1O001O00001O00001O1O1O1N2O6J3F]PN1eo1L^PN1jo1Nd[l_1
20130110085614Th_10,bZU`17go14K3O2N2NLePNFYo1:jPNFTo17QQNHmn17VQNIin14c00O01O010O10O01O01O001O01O001O10O010O00100N10O2O1000O010O100000000000O1O10000000000010O000010O01O001O01000O10000O10000000O100000O10O01O010O0100O2OO100O0100O001O2N_eTZ2
20130110085614Th_11,dWjU21RQd01oo[O1hm15kQN4Tn1LZQNg0fn1XOZQNh0fn180O2M3M2O100@SQNOmn10UQNOin13WQNLgn18VQNJhn1g0N3O0000100000O2M2N2O1O001M1O20001O010O101L300101O_OmPN2bo1M`gof1
20130110085614Th_12,Ycol11oP`00jnA8L2CGRQN;jn1IUQN7kn1ITQN9kn1GTQN;kn1>O001O00000001O1O1O2N1N2O0O2O001O1O0O2N1O12O1N00010OO2OO1000O1O4L4HQ\no1
20130110085614Th_13,ee`c21PP20WP60ToK0dPN1O02O00QQb10PPfN0SoI0moM0000000O0RP60lo90TPD0VP40foG0O200000O2OeWeW1
20130110085614Th_14,^]Sd12mo14L1O1O0O101M20O0010O0000O2O2O00001O00000001N101O000000O1O1O100O10002MkcdY2
20130206063154Uh_1,n]cb25ho14M2O2N1O1O100N200O1O1O1000O001O001N2N101O1O01O001O001O01O01O001O001O001N1N2N2O00N3O2O01N100L3O1L410O01O01O0N3M3O001ZOQOYRNR1fm1SOTRNo0km1VOoQNm0nm1a02K4OOI9N2M4M3N1O20O01N20O0001N2N2O1000001O1O0O101O0O2O0O1O1O2O001N11001N101M8I3M2M^flV1
20130206063154Uh_2,`alP12mo12O1N2N2O2N4L1O3M100O1O10O10O01O1O000001O0000000001O01O10000O2O1000O101O0O1O01O00100O010000O1O1O00001O000001O1O7I00001O2N00000001N3N2N00O100O10000002M1O1O2O0O2N1O1O012M1001N2O0O1O0100OTQNIPn17kQNOTn12gQN4Vn1OeQN8Wn1j02N0O00OXOgQNJYn14iQNLWn12kQNNUn10lQN0Vn1LmQN4Un1HmQN7Wn1ClQN=ln1O3N1N10O01O10O01O001O1O010O1O0100O0100O10O10O0100O011N0010O01O010O0000000000001N10010O1O0010O010O1O1O001O1O001O010O010002NO100O3M3LTYYd2
20130206063154Uh_3,Qeff21SQ^14gncN3N2N10000O001O001O00001O0100O010O1O000100O1O1O002M4M1O3M2N2O1O1OO1100011O8G2M1O2O0O2O1OO11O10O1O1O0O2O0010OO3N2O0O2N1O3M1O1O03N0N201M105K1O1O1O00O010O3M11N01O001O1O010O010O00O100N2O1N2M3N[UmQ1
20130206063154Uh_4,fahn18fo15L3N2N1O2N1O1O1O000001O001O001O000010O1000O00000001O0010O00001O000001O00001O10O1O010O010O100O1O1O10O01O1O010O1O0101O0O101N111N1N3N001N200O5K3N1O2N3L<D6J3N5J203K2iRNfMcl1`2PSNiMPm1d2O02N1O1N4N2Lj0VO4L4L3M=D9G1O0O10000010O010O0O102M7I8I6K3N1N00O3OO100O01O1O2N2M110iN]QNm0Qo1J4M1N2N2N1N1000000000O10000O2O010N3N1O000O1O01O10O10O2N00000N3O1N2N2N2N4KoVUg1
20130206063154Uh_5,`cRa14ko12O1O1000O010O0010O000001O00O100000O0100O0100O01O0010O01O00001O00001O00000O1000O10001O00O10000O1O100001M3N3N]]_[2
20130206063154Uh_6,UenU11iQZ51XngJON100O1O1GNaPN3ao151O3LPYSd2
20130206063154Uh_7,dbie11`Pl11[oUN6K3N1O101O1O4L1O00001N100O2O0000000O10_OjPN8Vo1GlPN8To1FnPN9So1FnPN:So1DnPN<Ro1DmPN<Zo12O0100O100N200O1O01000O1000000000000O1000000001O0001O00000001O000000001O00001O00001O2N1O00010O00010O00010O10O0000000000001O0001O0001O0000O1000000000000001O0000000O100000O01000O1000O10000O1O100O100O010O0100O010O10O00010O010O100O010O10000O100N2O2JW]Po1
20130206063154Uh_8,[]SS11ZQV13^nkN4O2N2O0O100000000O100O1O1N110O1OO101O001N1N3N1011N1000O01000O0100000O10000000000000O2O00O100000000000O10O1000O100000000O0101O000O10000O10000O01O01O010O01O010K4100O100O1O1M3O]bVf2
20130206063154Uh_9,Qa`^11WQR14\noN>H2L4N3N8H5YQNhN]n1Z1aQNiN\n1`0cQN22_OYn17PRN8GETn12YRN7DGRn10bRN2^OMom11dRN2^OLnm11fRN1]OMmm13fRN0]OMmm12gRN1\OLnm12hRN1ZOLnm14hRN0ZOLnm13jRN0YOLmm14kRNNYOOlm11nRNLXO5hm1O]SN3al1M`SN5^l1JbSN7^l1GeSN4_NKjm11iSN1_NNao11`PNO`o109000O010QP:0noE0oo30QPL0oo10PP20PPL0oo30QPL0XP20H0PPN0eo10[PN000O0100000PP20PPN0O010\PN0Wo12iPNNVo12kPNNUo11lPNOUo10kPN0Uo10>0ZPN0\o10bPN0`o11^PNOdo14_]][2
20130206063154Uh_10,Si^V21cP>>mnC0bPNGWo19jPNFe01cm1b0YRNDdm1?QRNKmm18mQNMQn1S1N3L5L3M1N20O2N=C3O1N:D3RObQN5an1FiQN3Wn1LlQN1Un1OoQNLSn13oQNKSn11oQNNVSeg1
20130206063154Uh_11,U\Xe14ho19J2N2M2O3N1N3O0O020SQN\OG5Zn1`0fQNN[n1k0000O1O2N100O1O100O1O10\QNgN`n1d0bQNO]n1NgQN2Zn1CPRN<ln1N3N1N1O13M7H14L1O1N100O101N10O100O20O1O2N001N2O3LXa_W2
20130206063154Uh_12,ZVSb11RQ^15fncN3ZPNH`o1>O0O2O001N101O0O1000000O10O010000O10O00001O0001O0100O010O10O01000000O2O001O1N101N10001N100O2O0O10O1O10O10O010O100000O10000O010000O100O01000O0100O1O010O10O010O010O00100O010O0100O1000000O100O100O2O0O1O]iRV2
20130206063154Uh_13,lXW^29fo12O1N10000O1000O1000O100O10N1010OO2OO02O0000N2O1000001OO2O001O01O01O01O0001O010O01O1O1N2K4O1001N101O1N2O0O2O1O1O001000O0100001N1000000000000000O101N2O2Hchn\1
20130208063134Lh_1,hW[b11[VR32aioL1O2O0O1O100O1O2N100O100O2O0O0100000O1000000000000001O00000000000000000000000O1000000000000O1000001O00000000001O000000O10000000000O10000O100O010O1O100O2O0O1O01000O10O10O100O001000O01O1000O0100000O1O1O010O1O1O10O010O10O10O10O1000O10O10O01OO1000001O0000010O00001O001M2M3M2O0O1011O100O0O20VMZOYVNh0fi1[OVVNg0ji1ZOUVNf0li1[ORVNd0Pj1\OoUNe0Qj1\OmUNd0Tj1]OiUNc0Zj1]OdUNc0]j1^O`UNb0bj1_O\UN`0gj1AVUN>lj1D_TNMlN>hl1GTTNm0Pl1TOdSNT1_l1nN[SNR1il1n05L3M5M3L5L6J3M3H9_OcQNVOgn13kfno1
20130208063134Lh_2,a^kj01oRP18flQO5L2N2M8iPNYOhn1Q1K4M300O100O100O10000O010O10O1J4O2O00N110O001N3O101N2M2NEhQNUOTn1l0PRNROom1m0TRNROkm1n0VRNROim1m0ZRNROdm1m0`RNQO`m1o0cRNnN\m1R1i0O1N2I701O000O1O2N101N2N2O00000O110N2O2N1O010O1N2O1Ml`no2
20130208063134Lh_3,dZeP34jo14M2N1O2N1O10O01O001N10000O100000O01O00010001O00001O1O000000O1O11O00010O100O001O1O010O01O1O1O2N100O1O010O1O0000L4N2000000O0001O010O101O1O001O1O001O1O001O0001N1O2N10001O00001O01O01O00000O1O100O20O010O10O10O1000O100O001O1O1O100O1O1O3MYhPh0
20130208063134Lh_4,g_\b11hPd13To]N1O0O2O000O10001O00001O000O100O1O1O1O1000000000000000010O00010O1O01O001O000000010O0000001O1O001O1O01O100O010O100O100O011N2OO10O101O0O10000O0100O02O5K1O0001O0O2N101O0O100O1000010O2O1N010O001N100O10000O10000O10000O10O0100O00010O001O101N002N1O1OZ][T2
20130208063134Lh_5,TPUn11\PP25]oQN3N1O2N8H1O1O1O3M10O010O00001O1O002M2O1O1O001O1O001O001O000010O0000000000010O001O01O0101NCaPN:^o1DePN;Zo1GePN8\o1600000000000000000O1000000000001O0001O00001O0O1000000000000000O1000000O10001N10001O010O00001O01O0001O0001O010O00100O010O1O010O000100O1O01O01O10O0010O01001O2NO10O10O010O01O001O00001O000000000O2O00000O2O001O0OSnZf1
20130208063134Lh_6,Wili12no10O2O001O000010O0002N010O1O010O010O10000O100O0010O010O0010O0001O01O01O04M4_PN@Xo1e0O3M101N1O1O002N001O001O001O00000000^OUQNNmn1ITQNK2;jn1I]QN7dn1F_QN9To1000001N100000001O00000O2O00000000000000000001O0000001O001N101O0O101O00001O0000001O0000001O1O0100O10000O1O001O0O0100O0010O010O010O01000O100O2O00001N10001O0O10000O2N2O`UUm1
20130208063134Lh_7,kb[V21aPd14Yo]N1N3N1KI`PN8_o16O00000000000001O00000000001O00001O001O00001O1O00001O000000000000O100O1000001O0O10001O000001O0010O0100O1O1O01O01O01O001O100O10O03N0O10O1O010O000O2O001O0000001N10000O10000O11O0O1O3N001N10000O0010O100O011O000O1000000O10001N101N100O2L^\^`1
20130208063134Lh_8,QhRn01cPn01YoSO3O1N1O10001O000001O001O0001O01O000010O001O10O0100O10O01000O0100O10O01O1000O10O10O10O1O101O0O101N3N1cPNAVo1g0M2N3M1O2O2TQNlNgn1[1L5K03`N_QNZ1in1J6K3K5J4M6IfUil2
20130208063134Lh_9,UiT^33ko17J4L4M2N2O2M2O3M3O2N03L1N01O1O020O3N4K202L2M1N2O11O4L6L0O9F2M001N2O000O102O0O1O000000000O100O010O1O00000001O0001O0000O1M201O10O1O1O1N2N3L3O100O2NoSW=
20130208063134Lh_10,i^b`11cQX40[nkK0PPN000oo50RPJ000`P60QoI0oP21PoMOPQN0Po10QQN0_o11_OOQQN1on1OQQN2on1NPQN2Po1NPQN2_o11O010@MQQN3^o1001O000CLnPN4_o11O0EKkPN5ao100ODLmPN3`o10DMlPN2To1NmPN2So1NmPN1bo10AOnPN1Qo1OoPN1Ro1OoPN2`o10]ONTQN3ln1MTQN3]o11]OLXQN3gn1NYQN2[o10\OMZQN3fn1MZQN3Yo12O0\OK[QN6Yo1O5K10QP60VoI0^QN0Zo10ZO0f000000cPN0in10WQN0in10WQN1]o1O[O1XQNOhn13d00aPNMmn12b00O010O02N]PN0Uo10kPN0Uo10>0\PN0do10C0iPN0co1011COhPN0Yo10fPN1Yo10gPNOZo10fPN0Zo11fPNOYo12fPNNZo12fPNOYo11hPNNXo13gPNMZo12fPNOYo12fPNN[o12ePNM\o14bPNL_o13aPNN^o14`PNLao14^PNMbo13]PNMco1801`PNGXo1d0L1O010O1O001O1O100O2N3N00O20O0002N00O100O3N0002QOXQNa0Uo1O0O2O00O10O100O1000O10O11O1N1000000O020N111M3O2M2M102O0N110OO11N03N010N5L2YOhPNa0]o1O0O10O2OO11OO0101OO010O11N00010O0001O1O00001O001O1O1N10002N001O2N00011OO1O00101N00002N01O1O01O0001O000100O01O010O01O010O00010O00001O10O0002N01001N1O1O1000O010O011N00100O1O100O1O3M1N2O[Yaj1
20130208063134Lh_11,bdZn11PP41PPNO011O13NN10N11O0O00TP80moI0ooM0[O1XQNO]o30PPN0QP20PPN0N1001OO10O011OO001[OOZQN0[o1001O0]OOWQN1\o1O1000co;0`PH0VPL0hYUn1
20130208063134Lh_12,o]cT39fo12N2O0O1O100O10O1O0010N2O1O1N2L4H7G:N01N3OO1N2M3O10M3J600N3M3M2O1M3N3N0100O2N3M2N2L4O1O1O0O2N0N20O10O20O001O1O1N200HWQNXOin1i0601N2N3N1O2N2N2O2M2O2N1O1N4LWehf0
20130208063134Lh_13,_[oR15jo12M3O0O100O100O100O010O01O010O001O01O001GDiPN00=To1:O2O01O1O00100O100O1000001O000DfPN3Yo1JkPN5Uo1KlPN3Uo1KoPN3Ro1JRQN5]o1NmdZj2
20130208063134Lh_14,Rdhk25k01nm13gQN:Tn1FjQN?Sn1AmQN`0Sn1\OoQNg0dn12N3L:G6I6J2N3N1O1001O011O1O32LO10O10N2OO00100OO11000O10O01O01O2N3N3L0001O001N2N4M2M3M3MmSNeNci1Z1ZVNkNei1T1XVNXO`i1g0]VN^Obi1a0ZVNEdi1<YVNFhi19TVNJoi15nUNNRj13]UN;fj1FPUN`0Rk1EaTNa0ak1l143L30O2OO1OO1N1WNYTNVOjk1a0\TN@fk18^TNIik1J]TN5jk1@[TNa0hk1_N^SNc0P1m0lk1iN[TNT1[m1O2NOO2O00002N1N3O4L5J:F5K3L1OVSen0
20130208063134Lh_15,hj\n28eo15M2N3M:E4MXOXQN;en1E`QN9\n1HPRN0lm10YRNNem10aRNM^m13dRNLXm15kRNLPm17SSNGcn11O000N25LQQV10nniN1100O01O0B1jPN0Vo12fPNOZo11ePN1Zo1;0100000000O00100O0O12O2M2N0O100O1O010O1F\PN6io1N2N1NURUm0
20130208063134Lh_16,QfnP21oo10kPn30VoSL0ooM000O010TYaj1
20130208063134Lh_17,dcnX23mo1002N0000001O0000000000000O100O100O100O1N20O01O10O01O1N2O000lNEdRN<[m1JmQNI5?nm17kQNLVn16fQNKZn1m01N2O1N2N3N2J5N6F:]OW^Wd1
20130208063134Lh_18,]bnd27bo19K5N0O3N0O2O000010N10001O000O100O001O0100O10O10O10O10O1000000000001O000002O0O2O001O01O0O2O1N10O02OO01O10O0010O01O10O0000001O001O00001O001N2O1O0010O01O00000100O1O10O01O00100O1O1O100000000100N111PQN]O]n1Y1K5K100O100OO20O011NO3fNlQN;1[Oom18TRN2:C`m1;VRNJILf0M\m1;URNHj0Ool19SRNJQ1Lml1b0VSN^Oil1a0_1JVRNKPl1J^TN1Sn;NjoG015omMKP20kQN2Tl1OlSNOVl10n1100OO0010O0kQN0[l30gSN0XL0g31XLOfSN1Vn12ON3OnM0[R<1goCOO11O`QN0ll10eQ20moM10O0110`RN3ij1MSUN2Tk1McTN3dk1NY2OUTN5^g1LaXN5gk1OiKLaXN2dg1M[XN1fg1OYT21oSLOig11U41N2jQNL^l16USNLj0NQj19jTNKem14[QNJc02[n1:[QNGnn1=SRN^Oil1=[SNE`n1O01O00002O0N3O4K6M2MKYTin0
20130208063134Lh_19,giZk11PP20O0QP4000ooK0\P80goG0XPb00fo_O0ZUkR2
20130208063134Lh_20,[i^o11aQV12]nkNO10O0000000O01OioW10WPlN0joK0]PN1do1O[PN1fo132O_UQm1
20130208063134Lh_21,fd`n11QP21O1UP2NhZSQ2
20130213063454Uh_1,UXQS21`R^12\mcN2N2N100O100O10000O100O10O10O100O010O010O10O010O0010O00100O010O010O010O10O01O10O01O001O1O0O1N20001O1O001O001O001N1O2L3N3N10010O000001O001O001O1O010O1O1O1O001O1O00100O10O0100O1O10O0001O101N1O1O1O1N2O1M3K7LZgRe1
20130213063454Uh_2,`]d]11_Pj04[oWO6J4L101O3N2L3N1O1O00001O0001O100O10O2O00000000001O00000O010oPNTOmn1l0RQNVOmn1n010O010O01O001O1O1O2N1O1O100O10O0100O01O10O101N1O100O1O1O2L7Hg`c]2
20130213063454Uh_3,bVQ_11PSn06glSO4N1O0O2M3N2IAjPN`0Ro1:L300O2N2N100O010O001O010N2L301N10I4O211N200O010I7N2N2N2O1L4O1000O01001M2O100000001O0O2O01O001O1O1O010O00101N1O3L3Lihl[2
20130310063154Uh_1,S[Ya11gPj21VoWM2O0O2O001O0O10000O100O3N2M2O1O001O1O010O00001O001O011N00100O001O1O2N2O2M1O2NUOSQNd0ln1\OUQNd0kn1ZOWQNf0hn1ZOYQNe0gn1[OYQNf0fn1YO[QNh0dn1XO]QNh0cn1VO^QNj0mn10O0100O1001N10000000O101N20O00000O1001OO0100O0100O]OmPN9To1EPQN9Po1ERQN:nn1ETQN:Zo10000O2N002N0101N1O00010000O00100O0001O01O000001O00000000000O101O00000O100000001N1000000000000000000000000000000000000O10O1000O100O2N1O1O100O101N100O1000O100000O1O1O100O1O100O0100O01000O10O01O100O00F^OXQNb0gn1;01O010OO101M2O2O1M201O001O1O1HnPN@Uo1;=Fbcho1
20130310063154Uh_2,Tfnl21gPf02So[O4O6J2N1O1O100O1O00001O00102M3OO18H013L1N1O2N4N100OO4M000N5L2M3N2M6K2O2NO0000O001O1N2N2M5J^V_o0
20130310063154Uh_3,[]ZS11PSX28imgMLnm16oQNNmm13RRN0km12SRNOkm14SRNKom15QRNHSn18PRNCRn1=h0O100N200OTTNIRh16oWNNmg12TXNOjg11WXN0gg10\XNLeg15^XNGbg19R4O100O101O0O1001O010N01100O01000O1GEmPN;[o101O10001O0O01O0O200O10001N1000000O100O10O1000O10000O1O100001O1O0O2N2O1O001O0010O11OO1O011N010LDcPN=[o1DePN<[o1DePN>Xo1BhPN?\o11N3N010O01O200O1004K0000O01O01O001O0000001O1O001O10O1O102N2TSN\OWj1e0fUN_OYj1a0cUNB]j1`0_UNBcj1a0eSNDb0Nik1\1UTNfNlk1Y1QTNlNmk1[1iSNROmk1Q1mSNTOQl1^2\TNbLej1^3mTN[LO?Qk1V3lTNVMVk1i31O1O2M4L4L>@6PNiSNLal1MbSNiN3?dl1c0\SNmN20OGgl19YSN:4Dem1M^SN1S[ea2
20130310063154Uh_4,ifRn21oo1000000000ePN0fn10[QN1dn1O^QN1Zo10N2UOMo13oNMRP20noM022_NNjRN2Vm1NjRN0Wm10hRN0Ym13]1M0012OOnPNOom13Q10kPNMYn16n0K01ONbPN0^o11[OOVQN1]o1000_OOQQN2on1OoPN3Po1NmPN4To1NfPN5Zo19102M1O001OO11N1O1O1O00O10002M2O1O010O03M2N1O1O00001O1O100O00000001O1O001O1O1O01O02N101N113L2M2O1N0011M3N>@PUSl0
20130310063154Uh_5,b`dd01nQl04kmUO4N0O2N1HHePN<Yo16E@UQNa0hn1AVQNb0gn1@XQNd0cn1]O^QNf0^n1[ObQNh0Zn1b0M2O2N0001022M1N10N0lNPRN9Pn1DSRN;nm1BURN>lm1^OWRNa00VOYm15jRNd0J[O]m1LmRNi0C^OZn1T1O012M5K1O2O0O100O1N102M]OWRNSOgm1l0[RNTOdm1j0^RNVObm1h0aRNWO`m1f0bRNZO^m1e0bRN[O`m1a0cRN_O]m1?eRN@\m13QSNLPm12SSNLnl12TSNMml11USNOkl11USNOjl11WSN0il1OWSN1jl1NWSN1jl1MWSN3ll1HVSN7[n1O0O2Na[eV3
20130315063154Uh_1,h]nj21ZQl12`nUN5L3O0O3M102M101O1O001O001O01O01O0010O001O01O01O010O010O010O0010O000010O1O1O010O010O01O1O001O001O100O1O010O010O1O1O1O100O2N1O2O0O101N10001O1O001N100000O1O1O00010O10O10O010O1000O3N1O1O11N002OO1O00010OO2O000O2O001O0O100010O010O102N1O0O010000O01O011O00000O5L;E0O000002M1O3N7I4L2N3M7I1N4M1N4L3L7H[\oi0
20130315063154Uh_2,[hni11\RP22`mQN2O100O002N100O2N100O010O010O01O1O1O01000O01000O10O1000O100000O100O10O1O10O0010O001O01O00010O001O001O00001O00001O0O2O00001O00001O00O01000O1O010O001N1O10O101O00001N2O0J7N1J7XOYORRNj0nm1c0100O100N2O100O2M2O2ON1001O0O101H7O2O2O0O2K5K5K5L4M4LRWkl1
20130315063154Uh_3,Sflc11mP`15knaN4N1O2^PNFZo1a0O01O0101N3gPN]OPo1k0O1O110O01O3L2OO1O2O5I3O1NO2O1L4O01O01O1O2O0O3M4L101O1N1O2O0N20O010O101N2O0O1O01O001O1O2N2N1O001OO11OO1O10000O100O100O1O10000O02O0O1001N11O00000O020O1N20OO101N2M4MlTkT2
20130315063154Uh_4,b[no15io14K6L1O2N2N1O1O2N100O1N2N3L3N2O2N10001N2O001O01O0001O1O000001O001O0000103L1O010O000010O000000011N010O1O010O2OO01000000O11N0100000O1O10001O00010O04K2N10001N3M3N1N2O0O7JO001O1N3M2O3M1N2O001O1O0000100O001O01O02O0O1O1O1O3NO01O2OO1\QNPOXn1^1M1O1O1O101N011N0011O001N1O2O2N1N2N3M2N3M1O1O1O002N001O1N1O2O1O1O002O000O100O1O101O1N3N1OO02OO1O1O1O3M6_QN@Vm1d0fRN^OXm1d0eRN^OYm1f0bRN]O\m1e1O4K1000001O01O00001O1O0O2O0O2N2N3M101N102M10100O0013NO000O020O000O100O2O1OO01O6J2N3M101N2N101N1O1O1O2N3M1O1O001000O100O103M1OO1O10O11N1O1O01O01O1O00001N2O1N101N2O6I101O0O1O1O1O011N2N2Nl^e_1
20130315063154Uh_5,^h^o11aPV30]ooL0QPL0ZP20]Vkl1
20130315063154Uh_6,[`Pa11]Pn02_oSO3L2O101O0O10000001O00000001O010O000100O00010O00010002M100000000O10000O0100O100O1000O010O2O00O101N100O1O100001O00O010O00010O0O2O1N3LW^kY2
20130315063154Uh_7,TWXe11TRl47amUK5L4M2N4M1N1O2O000O1O1O10001O1N1000000O2O0000010O0001O00000010O01O1O0010001N24K0O10000O011OO100000O02N1O002N001O1O1O2N1O1O1O00]QN^Oim1a0VRN@km1?TRNCkm1=SRNEnm19RRNImm16QRNMPn11mQN3Sn1KlQN9Sn1FmQN<Rn1BoQN`0Pn1@PRNa0Pn1]OQRNd0nm1[OSRNf0mm1VOVRNk0^n1200O1N101O1O1O001O1N10001O1O0000C_QN\O`n1b0dQN\O\n1a0jQN\OVn1c0kQN^OTn1a0nQN^ORn1a0PRN_Oom1`0RRN@nm1?SRNAmm1>URNAkm1>VRNBjm1>VRNBjm1=WRNCim1;YRNEhm18[RNGem16^RNKam13aRNM`m11bRNO]m10dRN0\m10dRN0\m10eRNO\m1OfRN0Zm10fRN0Zm10gRN0Xm10hRN0Ym10fRN1Ym1OgRN1en1O10O000000000000000QP40PPN0ooM000QP20ooM1O1O02N010O10O010QP20ooM000RP60PP20noG0QP20ooM102M1hNLeRN0gn10PP20anM0lRN1cn1OSP20moM0WN0_SN0_n30ioM0no3010QPL00000000000RP:0ooG0ooM00000jN0]20iN1kNOZRN0SO3^o14nNJ\1OgQ20ZnM010N0XN0b31VN00OQP20ooM0[N0[SN0fl11f1O`QN0nl10PSN0Sm10jRN0Xm10fRN0\m11aRNOam10^RN0cm10\RN0em10ZRN0kn10lN1WRNOjm10T1000QP40ooK0QP20ooM000iPN0]n10j00hPN0_n10`QN1`n1O`QN0an11g01ePNNgn12WQNNkn11TQNOln10TQN0mn11a0ObPN0ln10b00dPN3en1M^QN3_n1MgQN0Vn10m00SQN0im10[RN0am10X10O01000000001O01O1000O010PP20PPN001OO010O11OO1000QP41noK000O03ON100001O01O1OO1014L0100N101O0O10O000SP2OnoM20N00g_Qb1
20130315063154Uh_8,b_\i21iPZ10UogN3M3N100O10O01O1O010O1O010O1O10002N1O2OO00010N2O1N2O1OO10O01O001O010O001O01000O01O101O0O101O0001O01O00000001O001N101O00000010O1OO101O010O100O2O0000O1O1O01O101O5K2N7H3M10O6J1M4K7Gc\eo0
20130315063154Uh_9,ee^b11]Qh22_nYM4M2_PNIZo13;1N2OKYPN0ko12M7I3N2O01AcPN8co100O101N100O0O2O1O2O[P63ZnILaRN4`m1L\RN7dm1J[RN5gm1JZRN5in1OoNLWRN4jm1LURN3mm1NRRN2nm1NQRN2Qn1OlQN1Zn1MbQN3_n1MaQN2Xo1O00010OO110O10001]OLWQN3]o1O[ONZQN1fn1O[QN0[o10[O0YQN0gn10YQN1gn1OXQN0in11VQNOkn12SQNNnn13PQNMRo12mPNNTo11lPNOUo11jPNOVo10kPN0To12kPNNVo10=0_PN0So10mPN0Ro11>0aPNOPo11PQNOon11`010OcPNOkn11b0100dPNN_l10WUN2ZNN^l12WUN2ZNL_l12XUN1XNN_l12XUN1YNM^l12ZUN1YNM\l13ZUNO[NN\l12ZUN0YNN^l11YUN1YNOhn11XQNOhn11WQN0in1OYQN0gn11XQNOhn12VQNOkn11UQNOjn11UQNOon1NQQN2Po1NnPN2To1NiPN3Yo1NdPN2]o174K[la1JmS^N0O2N2O1O000001O1OQP:7hoE2N1O1O01O000O1000001N101O000010O000100O01O000002M2N3NVX_P2
20130315063154Uh_10,lfZj11XPP14coQO1O0O2O00001O001O00001O100O1O1O0001O010O1N101O0K[PNOfo10ZPNOgo10[PNOeo10]PNOdo1060WPN0bo10^PN0io11IO]PN1co10\PN1co1601O010O00H801O00QP20ooM000]P<0coC010O000QP20PPN0O001O0O1O2KL\PN4do150O100O001O1O1OQXoo1
20130328063154Uh_1,gWed11QR>2ZmC1oPN<fn1GRQNL0e0fn1b0M2O1M2]OiN\RNY1`m1lN[RNX1bm1d001O000010OO0101O001jN[RNOfm1LaRN1_m1NgRN^OHLam1f0Z1O1N1O2M4M2M3N2O1O2N3KeghX2
20130328063154Uh_2,gZnl01XQR26_noM3N100N3O0O2N2O1N3N0O2O001N2O001O1N4M00001O000O01000000000O001O01O00100O001O010O0010O010O00001O0010O0010000O0010000O10O10000000000000001O00000000001O01O0000001O0000000000000000000000001O000O101O000O2O00001O00001O001O00001O0O101O1N101O1O1O1O001O00001O0010O0010O0100O02OO10O02O1N1O011N2N2N2O0O1O010O01O001O001O000O2K5N2N1O2N2N2N1Oicef2
20130328063154Uh_3,n^ja0<do1FmVZ3a0jheL4L5L3M1N3O1J5N3N1M3O1O2M2O1N101O1N2O00O1N2N2K5M3K5M4OOO2O2N0O200O1000O02N001000O01000O02N1N2000000OO2O2O0O002O00000O0100O1O2OO1100OO100O2O001OO0200OO11N0110OOO3OOO2O11OO010O10000O101O0O1000O11O001O001O0010O00100O001000000O010000O100O1000000000000O1000O0100O1N2O001O0O11L3O2N1010000O100O100O0O2O1N01100N11O00O020N11O01OO1000100O00100N11000O00100O100N20000O100000000O10000O100O1O10O01O10000000O1000001O000001O01O001O100O001O10O11N0000010O1O00010O010O1O01O001O010O001O1O1O001O1O1O2N1O10O01O2N010O0010O10O00100O10O01O100O2M3La^[j2
20130521063134Lh_1,[^eT11aPT23ZomM2O1N4L2N101O2`PNA[o1f0L101N100O02O001O1N101OO03N001N100O001O010O001O001N101O1O00100O01O2N001O00001O1O001O000O2O0O100O2O0O101O00001O001O02N6K0O10O01O1O0000000O1000000003M4L1O0000001O1O001O0O2O001O010O0000000001O00000000O0100000O100O010O01M3N110N2O100O01000O10O010000O1000001O00001O001N101O0O101N101N101N1O2O001N1O2Oo_`_2
20130521063134Lh_2,ijfg22mo12N2O1N1N4N001O1N2O1O2M2M2O1O00O20O01O1O0010010O010O010O101O001N2O001O000001O00O10O3M3N0O1O1O002N1nPNVOmn1Q1M10000010N104K2N3L3N1N4K4Kon1LWQN2N101N2O2N1O3M1O01O2N6J3MZPNM`o12_PN1ao1L`PN5do12O010O0100OgPNJhn17VQNJjn16VQNKjn15TQNMS1LZl15bRN0S1NZl10cRN4Q1N]l1LaRN8P1Njl13eRNHC7gm12cRNKC4jm12aRNO@0om12_RN?am1KTRN6lm1KRRN6nm1n01N101O0O2O1O0O2O0M4N1O2M2N3N2N1N3L3O2N2N101M2O101N10000000001O00001OO100O100000BgPN5Yo1KgPN5Yo18100000001N101N2N2N2M3NbSgn0
20130521063134Lh_3,fY_f14jo14mPNKjm1d0iQNHVn19hQNHXn18dQNM[n1l001OO10001O001O7H1O2N1JVQNTOln1k05O1000O01O1O1N1N3O1O1O1O1O1O1O100O1O010O01O001O0010O010O1O001O1M4M2N3MifVV2
20130521063134Lh_4,fYc]21no13N1O001O0O101O00000000000O1000000O01000OO20O010O0100O0100O010O1O010O1O1O0100O01000O100O1000O10O1000000000000001O0000000000001O0O1000000O1000O10O1O0100O10O10O100000O010000O2O000O2O0O2O0O2Mnf^\1
20130521063134Lh_5,^dd[21^QV13]nkN2O1N100O1N2O2N1O10O10000O010O10O10O1000O10000O10000O010O1O100O100O1O1O10O01O10O1O010O100O100O010I7O1O1O100O1O01000O010O01O10O0100O10O0100O100O10O01O1O1O100O1000O10O02O0K5L5N1NY[c]1
20130521063134Lh_6,nijf21mPn00SoSO0PP20XP>0go_O0Uo30jPN0QPN0]Qd10kReS1
20130526063134Lh_1,SVio01_Q^37]oaLLjm18PRN1AHnm18TRNIKg0nm1BTRNo0gm1QOWRNT1em1j0\RNgMTm1[2kRNfMSm1e2N2O1N1O2O1O0O2O1USNnLel1R2bSNjN\l1S1gSNmNXl1Q1lSNoNSl1P1oSNVNAb0`l1W1WTNjNhk1U1ZTNjNfk1T1\TNmNck1Q1`TNnN`k1Q1cTNnN[k1R1gTNnNXk1Q1lTNmNTk1Q1mTNoNSk1Q1nTNoNSk1^OeSN[1Z1WOVk1g0kTNZOUk15bSN@Z1<Sk11jSN^OT1a0Rk1OaUN2_j1LbUN4_j1JbUN7]j1HeUN7\j1FhUN9Xj1EiUN;Wj1BPVN;Pj1ATVN>hl1000O1O011N03O0N10O4L1O10O01001OO000001O00010O1O1O0O2O1O1O0000001O00001O100O4MO010O0O10000000010O0000001O1N2O001O000000000O100000000000000O101O00001O0O1000001O0000001O001O0100O2N1O1O00100O001O001O001N10000000000O10O100O100O100O001O1O1O1O001O1O10O010O010O00100O1O010O100N1010O010O01O100O10O01O000001M101O010L401O01N110O1O100O1O2O00000O101N100O1000000000O10O2O00000O101Lcef^2
20130526063134Lh_2,iibW13mo1002M1000001N10001N10001O001O1N2O001O1O1O10O01O01O010O011N1@bPN<bo100O001O001O01O01O00010O00001O01O00000000000000000000000000O10O10000000O10O1000000000000000000O101O001O002N100O000010O]QNBem1>YRNDgm1;XRNGhm19VRNJhm16XRNJim16VRNJjm16VRNKjm15URNKlm14TRNMkm13URNMlm13SRNNmm11SRN0lm11SRNOom1OQRN2nm1NRRN3nm1LRRN4om1JRRN6nm1ISRN7nm1GTRN9in10000000001O001O1O001O01O01O001O000000000000000000000O010000O10O10O100O1000O010000O010000O01O10O10O010O010O00010O00010O010O0010O000100O00010O0010O0010O00010O000N2O1010O01O010O01O01000O010O010O1O00BB[QN>en1DYQN<hn1EVQN;kn1EUQN:ln1ESQN<Xo11O00100O00010O01LbPNE_o195O1O1O2N1O3MmUWZ2
20130526063134Lh_3,jhbP21XQb04bn_O3M11O28F2M<D3O1O1dSNTOai1P1VVNXOii1j0lTNoNM9Yk1i0dTNSOM8ak1h0UTNZO6Oik1o22O3M3M2M5K4N16J4L5ML3XMiSN`1Xl1]NWTNS1lk1lNWTNQ1ik1nNcTNJXONTl17hUNHWj16lUNIVj12lUNLWj12jUNMUm1OTQgl1
20130526063134Lh_4,YVoh11]Qb04\n_O2O2N1O1O100FHkPN8Uo181O2O0010O0010O00O2O001O010OIiPNFWo1:lPNCUo1;80001N10001O010O0100O010000O100O2K`ijS2
20130526063134Lh_5,b][f21URb21im_M1N2O1O001O1N2O011N1fPNHjn1:RQNHnn19oPNJPo1c00010O0001O1O10O01O10O01O100O1O3N1N1O010O001O0O100000001N10001N101N1L4O2N10PoW31oPhL0N2N2O2O001O000GGkPN9So1JlPN5To1LlPN4To1MjPN4Uo1NjPN2Vo1OhPN2Xo1:1000O010iPN]OQo1c0nPN_OQo1a0nPN@Ro1g0O10000O010000O100O2O0O100O2N100O10001N100O1O1O100O1O1N1O200O0100O10O01N2O0I8N1O2O1O0010000O10000001O00001N3N1O1_OgPN9co1L2O0O2O1NZa\k0
20130526063134Lh_6,Y_d=1321ON010N21N031OON03O0243MOe0Ul1VOUWN2ekc4OaP^K?H3M6L2N1O101N1O001O01O01O012N0O1O10O01001N27H2M2O0O1O0010O001O1O002N1O2N001O001O1O1O001O10O02O0O1O0102M1O1O010O1O0100O2O0O1005K00O1O100O10003MO0100O010O100001N001O001O010O02nNWQNk0on1O01O0010O02N1O1O000001O0001O00001O000010O01O00010O001O010O01O1O1O1O001O0000001O0O2O001O1O00100O10O0100@jPN4Xo1IiPN8`o1O01O100O00001O000000001O0000001O00001O00001O001O00001O01O01O0001O00010O02N001O001O00000O101O001O1O2N2N2M3N000O2O0000000O1000000O100000000O100000O10O10000O1000O10O1000000O01O100O1O1O1O0O2G9O100O10000O010O1M3O100O1O10000O10000O100000000O100000000O1000000O100000001O0O100010O000001O010O01O01O0000001O0001O01O001O000010O0000010O000001NY[]j2
20130526063134Lh_7,_lho01QT^25gkcM2M4L3N2O1O1O001O001O1O1O0O2O000001O010O000O010K5O1O0100000O2OFEPQN;Po1GmPN:So1901O00001O010O10O00O1000O1O010N002O1O1O10000010O00001O00001O10O00100O01000O010000O010O010O10O10O10002OO1O00001O1O1N10000000000O0100000O10000O1O2O1O1O1N1000000O1000000O100O100O0010O010O010O100O010O100O0010O001O0O101M201O01O00010O01O010O010O10O010O0001O1O010O0010O010O01O100NjRSc2
20130526063134Lh_8,mVQX21YPf01do[O2N2O0000001O00001O1O1O100O1O001O00N3O01O10O010O10O010O100O101N1O1O2O0O01000001N100000001O1N101N2O0N2O1N2O1Okgjc1
20130526063134Lh_9,__Uh21XPd01eo]O3NLWPN1io1OXPN1lo1Oi00VO100O1O1O1M20J\PN0ko10VPT10jokN10O000000O1000O1000O0Z_^T1
20130526063134Lh_10,glVS11QQP40nnQL0QP80jPF0\n70jPJ0fPN0cnS20ePPN0no70QPJ0QPN0WP21hoK1HNaPN2go1O000010OO10go;0XPH0RPL0UPN0eo1051VPNOeo10[PN0eo11[PNOdo11\PNOeo11[PNOeo10[PN0fo10YPN1fo10ZPNOgo11WPN1io130O1O1O1OkRib2
20130526063134Lh_11,bhbb11oPj02mnWO2O000O10000O100O01000O10O100O0100O010O10O10O010O001O1N1HIhPN8Xo1IgPN6Yo1KfPN6Zo1KePN5[o170010000O10O02O000O101O000O01000O100O100O1O100O2N1N3MWWkX2
20130526063134Lh_12,ennV11no10WO0dQN0[n10fQN0To1101TONiQN2Vn1NiQN3Wn1MkQN1Un10jQN0Vn10kQNOUn12iQNOXn10hQNOYn12fQNN[n11eQNO[n12j00hPNNan11_QNObn30gPN000oo10QPN0000000000001O10OSRof2
20130526063134Lh_13,jXQh29ao17N1N101N2@^O_QNd0_n1?M3N2N12N0OO1002K6O001M3C=M200O2O1O2M5IlhXV1
20130530133654Bh_1,^jlY15jo13M4L3M2O1O1N2O7I6J1O2N001O10O01O10TO[QN`0an1^OaQNc0_n1XOeQNj0hn11N1O1O01O01O01O0O101O00002N2N004K3N0000000001O1O010fPN]OUo1i0O0O2O2M1O2N7J0O2O1O001N01kNaQNg0nn1O00101OO01000O1001O0N3O1O0O1N1O10O00000000001O0O1000000001O001O1O001O1O00O101O001N2O001O01O0010O01O00001O00001O1O00001O0000001O0O101O00001O00001O01O0010O0000000010O0001O01O010O1O01O000010O0000000001O001000O10O01O100O2N010O1O1O100O102M2OO02N1O001O0001O01O00010O1O101N100O0100O010O10O001O10O01O000100O1O1N2N101M5\ORRaX2
20130530133654Bh_2,Pmbg21fRb12Um_N4N1N2O1O0O101O0O0O20O00100OO20OO2O0O2O1O1N1O20O0000O11O00100O1O00001O01O001O1O1O001O1O00000001O100O1O101N1O2O0O1O2N10O10O10O0100O10000000O10000O10O1000O10O100O01O10O010O10O01O10O10O0100O001O100O1O2N100O10000O100O1O100O0100O10O01O0010O01N101O000O2N101N1O2N2O001N1O200N3N^R[n0
20130530133654Bh_3,o_iW11[RZ22`mgM4M2M2N3N2N2N4K4M1O101O00001O1O001O1O7I010O1O01O2N100O1N2O0O101O0O101O001O0O10001OO1001O000000O10O10O1N2O2N1000O0100001O0O101O1O1O0000O001N1M4L3M4L3000001N1O2N20O0100000000000O2O0O100O2N1O1O1O1N110O10O01O1O1O001N101O00001N11O01O0001O0000O20O010O010O10O01O01N1O1N3O1O101N100O1000O10O01O10O1000000O100000O010000O100O100O001O1O1O1O2N2O1O1N1O2O1N2OW_R[2
20130530133654Bh_4,mWkR1<co14mPN4lm10lQN8Qn1l011N3M2O000003O5KMnNPRN5mm1IXRN5gm1J\RN4em1K]RN4cm1K_RN4`m1LcRN2]m1LfRN3[m1JjRN4Vm1InRN5Vm1DnRN;\n101O001O000000O001O1O10000O02O00000000O11OO10O001O001O10O010O010O010O01O0100O100O1O100O1O10O000O2O0002N1O01O00001O1N110O1O01000000O1O101O0O1O1O100OO2N1O2M3M4LVdjf2
20130530133654Bh_5,UYQi2=ao16K3M3M2O0N2N00101O1O1N200N2K5O1O3N2M5K3M4L2M1O3L2N1OJcMXNQWNf1Qi1dNcVN^1`i1dN[VN]1gi1QOhUNm0_j1TO\UNg0mj1YOoTNc0Zk1\OaTN>lk1BhSN7jl1[15I9H8J6I;E8F:YORjVT1
20130530133654Bh_6,k[f\11SRb32gm_L6L2N3M101H>G5G9L2N3M3N2M101N2N10000000O101N10001O001O1N101O001O00100O001O10O010O02]O`QNB`n1<cQNC`n13iQNLWn11kQNOWn1MmQN1Un1LlQN4Wn1HjQN8Po10O01O00O2O0O101O1N2O1N1N9H3M2O1O2N10O02N020O0O02OO11N1O2O0O002OO020N10001N0100O2N001O1O1O2N002N2M101O1O00001O000001O001O001O001O000001O017ML1N10O001O1O1O00O1O100O100O2O1O1O3M1O1O001O000O2O0O10000N201M200N3O000O2O0000001N3N001O0O2O1O002N010O101N5L000O010O0001O1O10O1O1N3M2O1O100O001O1O001O0001O0000001N101O1O001O011N1O002OO010O0001O01O0001O00000O2O000O1O2K4O1O1O1O10001N1O1O2O001N2N2N1O100O1ETQNBln1<XQNBhn1>YQN@hn1?`0M1O1O0E`PNN14o^QP2
20130530133654Bh_7,]YV`11dPn13UoSN5M2O2N10O01O1O0000001O01O1O1O000000O2O00001O00000O01000O10O100O100O1000O01001O0001O0000O1000000000001O00001O01O00010O00LBfPN>Zo1BfPN>Zo1CePN=Zo151O00001^OdPN>\o1AfPN>_o1O01O01O001O010000O10O010O00000010O00000010O000001O01O000000001O00001O000000001O0001O00001O1O00010O000000010O00000000001O00000O1000O101N101O001O1O1O1O1O0O2O2MXeaT2
20130530133654Bh_8,]Ycg11WS>6blC4L3M4L3O1N6K4`MTO^UNo1ai1RN\VNQ2_i1SN^VNQ2`i1PN^VNQ2ci1QNXVNP2ki1SNoUNl1Uj1UNhUNa1eNUNgk1<_UNh0dk1DlSN5`l1`15L5J6K5L6dNYRN3lbbV2
20130530133654Bh_9,icZP31XPj04boWO2O1O1O001O000000000001O000000000001O00001O100O1O01O002OO00010O1O2O0O100O0010O002N010O100O100001O000O1M201O00O3N1N\[Wk0
20130530133654Bh_10,X\l]11hPd11Vo]N1fPN1`n10_QN4_n1IcQN9Qo13M00010O001O0O11HaPNN_o1NgPN0Xo1OjPN0Uo10nPNOQo10PQN1ln12UQNMYna02oR^ONZl13hSNOUl10lSN1Sl1OmSN1Sl1OmSN1Sl1OmSN0Ul1OjSN0Xl10m100OkQT10UnkN0QP20PoM0nQN0Qn11oQNOPn11QRNOnm11T2OnN00010O0010000000O01Zoa0OPRF0fnG010O0UP:0moG0k_WZ2
20130530133654Bh_11,dd[g11dP`14UoaN4N1N2O0O2O0010O1O0000O100O101O010O00000100O1O10O01O00001O000000O1O101O000O101O0O2O0O1001O1O1O2N1O001O010O0010O01O00000001O000010O0001O010O0001O010O001O01O010O010O00101O3_PN@\o1a01O00001O2M2JTZZQ2
20130530133654Bh_12,f_fk11no30QPN001N1000000XRNNbk12V20YRNN`k12`TNN`k13_TNMbk12^TNNbk12^TNNbk12^TNNck12[TNOek11[TNOfk11YTNOgk12XTNNhk12XTNNik12VTNOjk10WTNOik13UTNMlk13STNMok11QTN0ok11PTNNRl10nSN0Rl11nSNNSl11mSN0Rl10nSN0Sl10lSN0Tl10mSNOTl10lSN1Sl1OmSN1Sl10lSN0Ul1OkSN1Ul1OkSN1Ul1OjSN2Wl1NhSN2Xl1NhSN1Yl1OfSN1[l1OdSN1]l10^SN1el1OZSN0hl10WSN0kl1OTSN1ml1ORSN2nl1NRSN1ol1OQSN1ol10oRN0Rm10mRN1Sm1OlRN2Tm1OkRN0Vm10jRN0Wm10gRN0Zm11dRNO^m11`RNOam11^RNOcm11]RNOcm11\RN0em1OPRNOB2^n1OnQN3BN`n1OnQN4@Nbn1NmQN`0Qn1DlQN<Un1DjQN<Vn1EiQN;Wn1E^QNIN14b0`n1f0001O001O1O001O010000O10O02O0O2N000010O0000001N101N101O1N2oNVQNi0Ro1O5K2N2OO2O001N010O0100OgPN\OVo1h00O1O001N101O001O1O000100O100O1O111N0001O00O1O1O00001O01O00001O001O01O010O11O002OOO2N4M0O1O01O000O2N1000000001O2N1O3NO000010001N01O1O1O002M10SQNISn14kQN3Qn1LoQN6Qn1HoQN:jn12O1N3N1O1G;L2M4M4M0O2N10001N10000000000000000000O2O00000O100O1O1O2N10001N1O101N1O2N2N101N2O1N2O001O10O01O1O100O100O101N0103NGcPNL]o12ePNM[[id1
20130530133654Bh_13,jcl_21ZQh03anYO4L2N2O0O1O100O1N0101O0010O0FFPQN:nn1=O10O0100O2N10001N1O2N1O2N101OCZQNAen1=`QN@an1=bQNB^n1=cQNC^n1<cQND]n1:eQND]n1;eQNC\n1<e0O00000O2O001N1000001O001O00001O1O1O1O1M_[e[1
20130530133654Bh_14,\clY21UP`00bPN0YoE0PPN120E0_PN1^o11aPNO`o182N4Kb[ad1
20130530133654Bh_15,^c\Q11lPj04fnWO=bPNEon1i0M3M6K10hN^QNP1ln1M3L2O1O2N8G2O0000010O0010O1O1O001O0000O2O0O1000O000O1N20001ePNDPo1h0N100000O01O001O1O1O00O0010O100O010O01@`0L5M3MYZQj2
20130530133654Bh_16,cm`c11oo1000000000010O1000PP20hP`01Wo]O020O0N11O00O1RONmQN2Rn1NnQN2Po10SONlQN2Ro1O0000100O10PO0PQ20RP60noG0O00000O2O0O1000100O1O1TQNJnm15PRNLQn13oQNMRn13kQNMXn15TQNL]o185LgQ]X2
20130530133654Bh_17,Xd`Z21[o10XQN1hn1OXQN1hn1OWQN2hn1OXQN0in10WQN3fn1MYQN7dn1J[QN6dn1J^QN5bn1KaQN2_n1OaQNO_n12`QNO_n1:XQNFin1;UQNEkn1?PQNBPo1g01N100O2M2O1O1O100010O01O010O1O011N00ePNAL0Xo1?iPNGUo1b0010O01O01O01O00000001N100L5J501N1O101O1O01O00001N2O1O1O0100O2N1O1O1N2O0O2O0Ooo5MTPJ20O0OhP`01Wo_O2O000O1O1O2M200OI_PN1ao1NcPNO\o11fPNOYo10<0O00010N1O0cPNOon10QQN0on11PQN0Po1OPQN2on1OQQN1dn19\QNGdn1ORQN5:Lcn1NjQN2Un1NlQN2Tn1NkQN3Tn1MmQN3Sn1MmQN3Rn1MPRN2on10PONRRN2nm1NSRN1lm1OURN1nn1O010O00do11YPN5K3NHcPNOgn11eQNOF0en11cQN0IOcn12cQNNL1_n12dQNMkn14`00001ObPNMon14?O100O001O100O01c[S\1
20130530133654Bh_18,k_gP12ko16M1N4M2N2N2N100O000O1000001OCiPN2Wo1LkPN4Uo1JmPN6Ro1IoPN8Po1HQQN8nn1HSQN8mn1GTQN9kn1FWQN:in1EWQN<Wo1O100N1010O011O0O2OO0100000O1O0001O01O010O1N100001O00O3N1O2NT_lk2
20130530133654Bh_19,TV][11\Pf02`o[O3M2O2O0O100000O00100O1O001O000002O0O100O2O1N100000000O100000000010O000O20O2N0001OO2O0O20O0O3N3L2N3MRhf`2
20130603063154Uh_1,Z]So11oPT12knmN6L2O1O1O1O1_PNB]o1c0N005J5L4L3L3N2N2N1O1O2M3N1O1O1OfNoQNg0om1XOXRNc0hm1[O]RNa0cm1_O`RN?_m1@cRN`0\m1@gRNa0Um1_OlRNb0Sm1\OoRNe0ol1[OQSNf0Qm1VOQSNj0Rn11000004K20N3N0O4L2N20hPN^Oon1i03N00003M1N10O100O00001O000000O10O0100O1O001O1N2L4M210O2N1O1O1N2O2Mi_lj1
20130603063154Uh_2,nej^22no13L2O1O1O1N11O00010O01O010O100O100O0010O1O00100O001O01O01O00000000000000000010O0001O01O0000001O001O01O001O001O005K2M^Y_]1
20130603063154Uh_3,SYW^25io1c0[O=F5K4N1N2N4cQN]NTn1l1L2N1O4L2N2N1O3MRNaRNC?U1ml1VOaSNf0^l1YOiSNb0Ul1^OPTN?ok1@TTN>kk1BYTN;gk1D\TN;ck1D`TN;YN]ORm18gTN>Xk1AmTN;Tk1BPUN=[m12M00O2O1O1O0O10000O1O1O1O001O1O001O0O10001O1N101NQP>OPPB2O000Wdj]1
20130603063154Uh_4,oa`V11YQV16YoiN1Zn1n0J6L3IdNgQN]1Vn19N101O001O1O010O01O001O1O2SOkQNKVn14jQNL_n1JbQN6`n1H_QN9cn1E\QN<en1?002_OZQNDgn1<XQNDjn1h02_OSQNKon12TQNMln11VQNOjn1OWQN2in1LXQN7fn1H\QN7en1G[QN:dn1E_QN:an1DaQN;So10001O0001N002N001O1O1O1N2N2O1O1N3N1O1O01O100O1010O2O5L2MO001N2O0O2M2O1N2O1N1N3N2N2O2L3M3M`ZUc2
20130606133454Bh_1,lVUc02lVf12nh[N4L4L3M2bNDXSN=\l12_SNOZl1;YSNZOZO<[m1?PSN2ol1a1M2N2O1M2K5O0E<N2M3MnMYTN2ek1NaTNN_k11eTNL\k12hTNPOSO31@Vl1]1iTNlNQl1S1TTNhNlk1o0g1K5L3O2O1O10O1O1O0000O102N1010000O2O0O1O10001O01O01N2O0O10000O1000N110O00010O010000O1000000000O1O100L4N10O2O001N11N11OO11N1000000000001N110ON2O1O100O1O10O1O110O100O10000000001O001O0001O0010O1N3M4Jeg\S3
20130606133454Bh_2,Z^So21[Rb06^m_O3L2N4J4D=^QNPOjm1X1QRNmNlm1U1RRNmNmm1T1RRNmNlm1T1TRNlNkm1T1URNmNkm1f0SRNXO04nm1<[RN0dm1O^RN1_m11bRNO[m12fRN0Tm14lRNNPm13QSNNml13SSNNjl15USNNgl13ZSNMdl14\SNNXl1QOXSNU1?KVl13^SNnN>n0Rl10aTNN]k11nSNQO5k0mk11QTNWO2e0mk12RTN\OOb0Pl1OTTN_OM`0ok10VTN@M=ok1OVTNDO9^m1GdRN7]m1GkRN1Wm1LnRNOX\Xn0
20130606133454Bh_3,[dZ_21fPV10TokN7L2O2O000O10O1000000O100000001O1O00100O00010O01O00100O010O00000000001O01O00010O0010O010O010O10O10O10O010O0010O00001O01O010O01001N10O101N100O2O1O1N11OO2cPN_OXo1f001N10N2O1N2N2N2N1O2N1N3N1OcYiY1
20130606133454Bh_4,oYSY11XRX12bmiN5M2N1000000001OO010001O0000O010O2N100O101O0O10000000000O1001O00000001O01O001O3M1O1O001OO1000000O10O1000000000O001L3O2O001O01O0O01NBcPN=^o121O1N2N10N201O010O01O10O01O001O1O10O01000O01O01L202N101N0L6N010000M3O2N1O2N2O2Mben^2
20130606133454Bh_5,Z^iP11jPZ35nngL3N100O101O0O1000000010O01O1O001O0O10000000O1010O002OO001O1O1O1O1O010O001O01O011N3M1O1O001O1N2O10O2O0O0010O01O000010O0000010O1O000010O0001O1O1O1O0000001O000O1000000000DmPNKSo14nPNLRo13oPNLRo14nPNLRo14nPNLRo13oPNMQo13oPNLRo14nPNLSo13mPNMSo13mPNLTo14lPNLRo16nPNJRo16nPNJQo16PQNJPo16QQNIon17QQNHPo18PQNHPo18PQNGQo18oPNHRo18nPNHRo18nPNGSo19mPNGRo1:nPNESo1::0cPNFRo1;oPNEPo1<oPNFnn1;SQNEln1<TQNDjn1=VQNDjn1<VQNDjn1<VQNDjn1<VQNEin1:WQNGin19WQNFjn1:WQNEin1;WQNEin1;WQNEjn19WQNFjn1:VQNFjn1:VQNFjn1:VQNEln1:=1fPNDnn1<RQNDnn1<QQNEon1;QQNEon1;QQNEon1;PQNFPo1;oPNEQo1;nPNFRo1:nPNFQo1<mPNDTo1<kPNETo1<lPNDTo1:mPNGSo19mPNGRo1:nPNGQo1:mPNGRo1e0N101O0O2O001O100O2N1O10O00001O1O003QOSQNd0Vo1O000O2O000000001O001N101NHCQQN;mn1ISQN4mn1NRQN1on1OQQN0Po11PQNMQo13oPNMQo13mPNF01Vo1:hPNF^o1>2M2O0O010O01O010O1O01000O1000O100O100O10000O101O1O0O101N3Ne`b^2
20130606133454Bh_6,`ch[31kPZ11RogN4L3N2N1O002N001O1O1O1N4M:F2N3N3M5K1N2N1O2N1N3N100O1O2O1O0O2N100O100O1000O010O10O10000000O2O0N2O1O2N1N2O101O0010O3M1N3N2N3L2O01O1O7H3N1OO02O011\NlQNW1`n1O0O100O1O3M00001O01O02N10O0010O1N2O1L5\OnPN5`o1O3M_Xo<
20130606133454Bh_7,j]\f01nP`04ao_O3en1MVQN:dn1KWQN;cn1JZQN:bn1d0N3L3N3N^OiQN\OWn1;SRNDmm18YRNFhm16[RNJgm12\RNOjn12N01O1O0001O0101O0000O10N2O0N101O1M^_UW3
20130606133454Bh_8,Qblf01bP>0koA:in1ISQN<ln1AoPNg0To11O2O1O1O2M4L2K8InNhQNb0Sn1@PRNa0mm1_OURN`0im1AXRN?gm1AZRN?dm1B^RN>_m1AdRN`0Ym1_OkRN`0Sm1_OPSNa0ol1\OUSNb0ll1\OYSNa0fl1^O`SN?_l1@cSN?]l1@eSN>Sn1K4Ki[oV3
20130606133454Bh_9,XeXV31XP`06`oA2N2O1001N100O10O10O1000O01O0100000O010000O2OO2O0O101O01O001O01O1N1O2MaYof0
20130606133454Bh_10,lYo\33ho1d0@?ZQNoN`m1T1\RNoNcm1S1YRNQOfm1R1URNoNlm1c1000VNXRN[1an1F8I0N1O1O2N1N3N2N1O2M3N3M3M1O10O10O001N[dVa0
20130606133454Bh_11,e``T21XQT37`nmL1N4M002N001O010O010O10002M11OO010000O010O20O001O1N101N1O3N001O01O1N103MO02O001N1O1O10O1O2O0O10O100O002OO0100O100O001O011N002N010O001O00010O01O10O0100O010O01O01O01O1O1O001O1O11N101N1O100^PNE]o1a0N1O1N20O01O001O0001O001O2N1O2N001O000000000001N101O001M2OCgPN6Xo1:O1001N102N003M2NO10O0010O0100O0001OLaPNG_o14hPNKXo12jPNNVo11lPNNTo12lPNNTo12lPNNSo12nPNNRo12mPNOSo11mPNOSo11mPNOSo11mPNOSo11lPN0To10lPN1So1OmPN0Uo1OkPN1Uo1OkPN1Vo1OiPN1Wo10hPN0Yo1OgPN1Zo1OfPN0Zo11ePNO\o10dPN1\o1NePN1[o10dPN0]o1OdPN0\o10dPN0\o10ePN0Zo11;O[PN0Zo11;O[PN0Zo10fPN0Zo10fPN0Zo10fPN0eo110O00E0fPN0eo1010D0fPN0eo11EOfPN0eo11EOfPN0eo110O10O01000O010D0fPN0eo10F0ePN0eo100010O1O01O01000OF0dPN1\o1OdPN1fo10RPN0`o1OjPN3Uo1MlPN5Ro1KnPN5`o1O1O1O0003NMUPNOoo1OaYcZ1
20130609133454Bh_1,\U_a11kT^33ojcL3M3M3O0N3N100O2O001O0000000000000001O0000001O1O00001O0000000000000000O1000O100O10000O100O100O10000O01O01000O001O1O01O010O01O0100O1000O01000O010O01O10N110O010O001O001O010O1O10O010O010000O0100O0100O01000O0000100O01000O01000000O2O0000001O010O00000O1000000O0010O0100O010O10O00001O010O001O00010O01000O01O01000O10O010O100O01000O01O010O10O0100O0010O100O1O1O100O10000000O0100000000000O010O010O10O0010O01O010O001O1O001O01O000O2OO01000O010O02O00O020O00001O010O010O01OO2O0N3O1O0O1O2K4O101N01O100M3O1O110O0O10001O100O1O1O2M3Khinj1
20130609133454Bh_2,kbTV31jPT23PomM8J3M1O002OO0100O001000O010O100O01O01O1O001O10O01O1O010O10O01O010O10O01O010O01O0000100O1O1O100O1O002OO1000002M1O01O01O01O01O00000010O01O1O1O1O10O001O1O001O1O1O1O011N1O1O2O0O1O1O100O1O10O010O10O01000001O0010O10O1O2OO0O010000001N10O01O2O0O1O00100O02O00O100O100O0010O010000O0101O1N1O4M0000O1O10O0010O01N2O0O2N2O2FdYo=
20130609133454Bh_3,hehc01kPd09kn]O4L9H3M13M1O2O1OOO01O01O00000001000O01O10000O1N21O011N02N3M6K9LOL4J20O5cNjQNc0mn1N0010OO2O0N6GfUkX3
20130609133454Bh_4,goba01aPl09ToUO2O2N0O2O010O1N2N2N2N1O2O0O10000O101O0O10001O002N2N0100UOTQNa0nn1ZOTQNf0mn1YOTQNf0So10O10000001O0O10000OO101N01010O020O00O201N1O100O1O01O0100O001BePN4knfY3
20130609133454Bh_5,dUQo11USX10jliN0000000lo?0SPB0QPN0O0PP20]oo00[PL0YPRO0O000hna00WQB0QPL1O100001000finj1
20130609133454Bh_6,_]jX11ePV14TokN3N3N2M4M100000O10001O1N101N100O10O101N1dPNGPo19kPNLTo1a00000O1O010O01O3M101N101N001O100O1O10001O1O0O2N010O100000000O0010O01O010O0100O10000O010O10O100O100O001000000000O010O010O0100O010O10O01O1O1O001O1Md_Q`2
20130609133454Bh_7,U\U^24ko12O2M2O0O11O00000000O100O10001O000O01O01N101O100O001O1O1L310O1O101O001N1000001O0000000001O0000000O2N100O10000O10001N1O010O1O100000O010O10O01000O010O1O1O001L4N2O1O2M3Mcdb\1
20130609133454Bh_8,_h\R11TR`03nm_O1_o1=L2M2O1N2fQN_OTm1b0hRNBWm1=iRNFUm1:jRNISm19kRNIRm1;^RNUOOf0`m1a1M_N`RNg0_m1n0M3N1N2O000O10001000O2_NlRN5Um1JlRN4Vm1^O[SN=gl1_OcSN9_l1CkSN2Zl1MkSNMWl12lSNHYl16j1O3JiVoj2
20130609133454Bh_9,g^aZ12go18L4M3N2O2N002N100O001O0000000001N1000001O1O0000001O000000O100O100O100O000100O00100O1000001O00001O1N1000000000000O10O101N10000O1O2O00000000000000O100O1O100O1O100O0001N101EARQNa0mn19000010OO2O1N2N10J\OQQNd0gn1>O2N0L5J42O0O2N101N2O10000XOcQNM^n11lQNFUn19i0O10001N0010001O00000O010000O001O100000001O0O11O0010O001O01O0001O0O101O01O00100O1O00010O10OO101O2M4KWeX[2
20130609133454Bh_10,m_]V21aPX12[oiN2EMgPN3Yo1NePN4Zo1NbPN4^o1700O1010O00000000001O1O1O00001O0000000000O1000000O100000000000001O0001O001O001O1O00001O1O01O01O0000000001O00001O001O1O1O001O002N000001O0000001O00001O0000001O0O100O1O100O2N1O1N`_`b1
20130609133454Bh_11,gil]11_Pb04Zo_O4M2O100O101O001O1O3NO1O0O2O000010O0020O00001O2M10O1O010O101N001O0000O102M2O3JUTQ_2
20130609133454Bh_12,bVUV11YP<6_oE3M3N6K5K3M1O01O2N1N100000O100O1O1O^OQQN4nn1LTQN2ln1NWQNOin11YQNMgn12[QNLfn12\ing2
20130609133454Bh_13,R^ch01gPT13TomN1O2O2N000O100000000000001O01O0O1000000000000001O001N101O1O000O10O1000O10OO11O010O100001O0001O00010O1O0O2O1O001OO010N110O1O01000O10O10000O010O01O1O00010O000010O001O100M3N2O2NgahP3
20130609133454Bh_14,o_Zc21jPl15nnUN3N3M101O001O01O0100O10O010001O2N00O2OO11O0001O001O000000O01O010O01O101N1000O0100000O10000O01O01O0100O1O001O2N00100O001000O100O010O1O010O1O101N101N101O000O010O012M4L2O0O11O0O100O001O00001O001O001O001O010O1O010O1O2O000O2O0O011N001O001O0000010O00001O0000O1000000010O001O001O001N3N002Mc\mQ1
20130609133454Bh_15,h]eT21^RV30cmkL0ho10VP20PPL0000000QP20PPN0O10O0001O01O00^PN0To10lPN0To10lPN0bo100000000000000001O0001O00000001O000BOmPN1To1OkPN1Uo1OkPN1bo1000EOgPN1Yo1OhPN0Xo10hPN1Xo1OgPN1Yo1OgPN1Yo1OgPN1Yo1OgPN1Yo1OgPN2Xo1NiPN1Wo1OiPN1Wo1OiPN2Vo1NkPN2To1NlPN2To1NmPN2Ro1NoPN1Qo1OPQN1on1OQQN1on1ORQN1mn1OSQN1mn1Ob00000001O000cPNOkn11UQNOln11SQNOmn11SQNOmn11SQNOmn12RQNNon11QQNOon11QQNOon11`01O0`PNNRo12nPNNRo12mPNOSo11lPN0To10lPN0To10kPN0Uo12iPNOWo11hPN0Xo10fPN2Zo1:0O01000000O101N100O2O1N101O0JXOSQNi0ln1YOSQNg0mn1YOTQNg0hn1^OWQNa0in1@VQN`0_n1XOhQN9J>]n1[OgQN8L=\n1^OfQN5O<[n1NfQN2Zn1NgQN]ON>[n15PRNHPn17SRNGjm1FeQNd0a0Ejm1<ZRNBem1>^RN@bm1`0_RN^Obm1`0`RN_Oam1a0`RN]O`m1c0o0O10O01O10O0N1100HfPNJ\o15ePNKZo16hPNGXo198O001O10O0001O01O1O010O001O00001O010O010O10000O1000O1000000O01000O10000O1000O010O0100000000O010000000O0100000O10O10000000O1000000000001O00000O10000000000O2O000O2NaabZ1
20130609133454Bh_16,`hZl01YVb12bi_N4L3N1N2O1O1O1O10O01O01O0010000000000000000O01O00001O001O1O1O1O1O10O010O0O2L3N200O002N2O002K[Pd0Mko[O2WPNN`o1<M2O3L3L5I7J4L4I6G9O0O100O01O1O0O1J8I5I7N3I51N2L5N10nN^QNh0nl1WOiTNf0Xk1[OjTNb0Vk1_OlTN4QNORm1NeSNM>5nNLnl12jSN2UOKO0g04cl1NnTN1Qk1N^SN0g02jk1NTUN1^m1O000O0001O00O20]n35^QL1_QNJjl1g0QSNYOml1Q1kRNoNYm1U1\RNlNkm1U1a0H_QNRO^n1g0l0_OdUQk2
20130609133454Bh_17,^^U\11oo10aPh00_oWO0O010]o;0UQB0^o1000oo70`oG0RQN0_o10^O0aP40ePJ0\o10Zo90fP60bP^O0ln10b00N1000OePN0]n17SQNK`o10bPN1`o1NZQNOQn10oQN0Pn11P10O0PQNOSn11lQNOSn13kQNNSn15kQNLSn16mQNKjm17bQNGd02im10eRN1Rm1MlQN3T10ml17SSNJml11XSNNhl1M\SN3el1NZSN0il1OVSN2kl1NSSN0Qm1OoRN0Sm10kRN2Um1NjRN2bn10eNNiRN0Xm11PRN6MIUn10lQNa0F@^n1OkQN303Vn1JiQN3nn1MRQN1Po1OPQN1on11oPNOSo1OmPN2So1NmPN1To1OlPN1To10kPN1To1OlPN0Uo10kPN1Qo12nPNNSo11nPNOQo12oPNMRo13nPNMRo12nPNORo10oPN0Qo1OPQNORo11nPN0Qo10oPN0Ro1OnPN0So10nPN0Qo10oPN0`o10A0?0`PN0Qo11?O`PN0Qo10?0aPN0Po10oPN0Qo10>11O`00_o30QPL0`o30PQJ0Qo10oPN1`o1OA0oPN0Qo11?O_PN1Ro1OnPN1So1OlPN0Uo12hPNNZo14aPNN`o16E0lPNNUo15iPNJVo1LkPN70IVo1OmPN8Vo1HmPN8^o1OBISQN7\o1O00001O001O000O100O1000000O]OOYQN1gn1OYQN1[o100000^OOUQN1]o1000_OOSQN1mn1OSQN1mn1OSQN1mn1OSQN1mn1OSQN1mn1OSQN0nn10RQN0nn10RQN0nn10RQN0_o1000^O0SQN0nn10RQN0nn10QQN1on1OQQN1on1OQQN0Po10oPN1Qo1OoPN1Qo1OnPN0To10lPN0To10kPN0Vo10jPN0Vo10=0\PN0co30D0cPh00ZoA0]PJ0no30RPN0dPF0_o10^o10aP20PPN000QPN0O000PP20cPN0kn10UQN0^O000]fRT2
20130627063134Lh_1,mZSX23jo15M3N6J3L5M2M2N1010O1O001O1O1O00002M2O1N2O1N001O100O1O1O011N0010O0000001O01OO100100O001O00O1000000O1EDRQN<mn1FRQN:mn1GRQN:nn1GQQN9on1GQQN9on1HoPN9Qo1GnPN:Ro1:000000O010O100O10O100000O1000O0100O010O010O010O01O1000O01O1000O010O00010O001O001O0N20000010O01O0100O1N1N3O100O1000O1O001N100O10N1110O01O0L5O0O3N8Cied_1
20130627063134Lh_2,]eoo11]PT12_omN2O1N2O0O2O1O0O101O001O100O1O1010O0O10O03N0O10O01002M10O0100OBcPN:ao1010OO02N1_PNG[o1?00O2O000O1000010O01O000010O01O001O001O01O001O00000O2O000O10DiPNOVo1OoPNOQo11PQNOQo1OQQNNTo1NlPN2To1OlPN0Uo1OkPN1Uo1OkPN2To1NkPN3Uo1MkPN3Vo1LjPN4Vo1LjPN4Wo1KiPN5ao101O0O101N101NPY^i1
20130627063134Lh_3,WddP11jPn11SoSN1O2O0O2O00001N100O100000000O10000O10O01O1000000000001O1O1O10O10O02OO01O10O01O1O001O010O001O01O001O2N01O0000001O1O10O001O1O10O01O010O100O0ePNCUo1<hPNGYo1`01OO01O011O0000O100O001O1O1O00102M2O05LO0002N000O10005MN0O1O01O100O001O0O101O000O2O000O2O000O2O001O00001O0001O01O0001O0001O000000001O001O001O0000RY]d2
20130627063134Lh_4,`cRQ21oPP11mnQO3O0O101O0O1O1000000000000000001O000O3N001O000000000O100000O010O1O1O1O1O1O0100O1O1O2O0O100O010O10O0O101O001N2N11O00010O0100O010O001O100O100O100O100O2MY\Ui1
20130627063134Lh_5,^XWU11[SR11bloN2O001O0000000000000O010O010O100O100O10O0101N1O1O1O010O001O001O0lMIaTN6ck1H[TN8gk1GXTN9ik1GWTN9ik1GVTN9jk1HUTN9kk1GTTN9lk1HSTN9lk1IRTN7ok1IQTN7ok1HQTN8ok1I^RNK]1=Ul1MkRNG<<jl1MiRNH;<ml1MfRNI;:Pm1MeRNJ99Sm1McRNL87Vm1NaRNK87Ym1N^RNK88Zm10[RNG;9[m12XRND=8^m1>bRNC_m1:cRNE_m1<^RNEdm1;VRNHlm18QRNJPn1R11O2N1O1N2O2M2N2N2M3M2AZQN^Oon1==JkfTe2
20130627063134Lh_6,VWio21XPh02eoYO2M3N1O1O001O00010001O0O10O2O000O010O010O001O00O11O000000001O001O001O001O1O2N2O0N2O000N1M3000O1O2N1N3N101M3N6Hchnk0
20130627063134Lh_7,Tkln01^Pd04\o]O4K3J5000002N1O1O010O1001N100O00010O100_OgPN9`o110O0000O10000O1O10000000O1O1O1M3O1O0010000O1000000O2NXT_m2
20130627063134Lh_8,^XYX21iPd02So]O1N2O1O100O10O1O1O01O01O01O010O010O01O0100O010O010000O0010O0100O010000O0100O01000000000O10000O10000O]glc1
20130627063134Lh_9,j_ke01f20eM5g0LWk_11dSbN0O3N2O=B2N1O1O1kPNWOQo1o0M2N2N1O2O1M4M2N3M2O1O2M2O01O001N2O000O100001O0O110N1001N8I0O01O0010O01O10O01O010005K001N010O1O10000O1O1O101N101N2O0O2N100O010O1O10O02O0O3N1N2OO01O01O2O0O001O0000O101O001N2O0000100O001O1O100O002M2O1O1N2Nd\fQ3
20130702070714Th_1,`V]e01[Rl0d0llUO8J6J4K4M4M3K6\OZNeRNm1Tm1ZNbRNn1Zm1a0K4L3M4L5LXN[SN6bl1FeSN9[l1DjSN:Ul1ESTN6lk1J^TNLbk13aTNL^k13eTNKZk15iTNKVk12TUNGkj1FgSNLc1;ej1IPTNB^1f0`j1GTVN7li1FWVN;gi1D[VN<fi1@\VNa0di1\O_VNd0_l1O110O10O13L20OO000O10O01O2N101N100O0001O001O000001N1N3M4MadnU3
20130702070714Th_2,^ile21XPP12doQO2O1O1O10O010O001O01O0100O01O100O00100O10O010O010O00100O1O010O1O0100O001O1O1O1O3M0001O000O101O00001O0O10000000000000000001O0O101O1O1O0O1000O001NMEdPN;Zo16M301OO1N3N2O1K5J_VmS1
20130702070714Th_3,gciT29fo13M2N2M3N2N2N1O2N100O1N2N200OO20O01OO010K23O1K6N2O1L4N1M4O1O1O101N2MV]Pi1
20130702070714Th_4,[eZ`11`Pb20^o_M3N0O2O001O001O0O100O2O01O01O001O00001N100000000000000000001O0000001N10000N20O1000O10000000000000O101N2M3O0O2O0000001N10000000001O000001O00000000000001O00000001O01O0000000000001O0000000000000001O000000O10O10000000000O10000000000O0100000000000000O100000000O10000000001O0001O00000000000001O0001O01O01O00001O000010O000000000001O00101N001O0000000000O010O1O1O1O1000000O1000000000000000000000001O0N2O10O10001O0001O1O1OoYUP2
20130702070714Th_5,fXmf11_QR14[noN2O0O2OO100001O1O0O0101O1O00010O000001O00O1000O10000O0100000O010O100O0010O10O0100O010O010000O001000O001O0000000001N10000N2O1001O01N1O100O01M4N1O2M3N3LQgXS2
20130702070714Th_6,jaXj01\PV15^okN1O1N3N0KHbPN8^o15001N101O1N100000000000000O100O10O2O001O2N0O2O00000000O1000O2O000000000000001O000ePN_OXo1a0gPN_OYo1a0gPN_OYo1a0gPN_OYo1a04O010O02N000000O1O10001N100O101O000O101O000O2O10O010O0010O0100O1O010O02N5K3MY]on2
20130702070714Th_7,fWgS31[Rb02_m_O3M3O0O2M2O2OO1000O01O1O00O3N1N1N2O01O0N4O10ON210O1000O1O001001O10O10O1O1O0O2O1K6LmgRi0
20130702070714Th_8,e^el21mRd03ml]O2O0O2O1O001O2N0O3N1O1000O0001O1^Oa010kNROXSNm0hl1VOVSNj0il1WOWSNh0il1ZOUSNd0ml1^ORSN`0Pm1AnRN>Tm1FgRN9Zm1HURN_O8h0im10PRNNWn1j05K6L3N5J4L5I5AhPNM`_`P1
20130702070714Th_9,Q]UP21dQh01VnYO7K5I6J7K3N2N2TQNTObn1X1M3bQNhNmm1h1K4N2N3L3OgN^RN9]m1EgRN<Vm1DjRN>Um1AlRNa0Rm1_OlRNe0Qm1kNmRNN100h0ol1YOSSN<58gl1[OYSN84<bl1[O^SNFC9l0:Tl1\OPSN6`03`09Sl1B_SN3a0<mk1_OeSN4b0<bl1C`SN=`l1@dSN`0om10O11N2OO1N2O1N1O10O2O2N2N1N4M001O001M2O1N2O1O2LX^hk1
20130702070714Th_10,TW]a23ko13[OMYQN6en1LYQN5gn1LXQN4hn1MVQN4jn1MSQN4mn1`0000O100N3N100N2O001N2O1M3L4NLM`PNObo1351O2N1O000000O10O2O1O0O10000O1O1O01O100N2N3N1O01O0100000O10000IKcPN4\o19O1O1O1O010N10010G@PQN`0Ro17OO2M3H8O2N10O0N2O2O0000000O2A@XQNe0hn19001O00100O1000001O0J7N3J6M2O0O1O2N1O1N201O001N`knW1
20130702070714Th_11,`ffQ21XPl01eoUO2N102N3M1O01O01O00000O2OO10000N1100000000000O1O100O10000000001O000000000100O01002M01000O01O011O0O10O1O1O100O1O1O0010O0000001N2O0OlXYi1
20130702070714Th_12,b\ko11oRb11Xm]N2mm1M]SN3hl1MjS20nmM0O3cNMjRN1Qm1OcQN2]1OQm1OQSN1ml10USN0_n10cM0mRNON2Zn12SRN58HZl18YSNGD1h0OZl16PTNJiN1_m11^RNN64U2L_j15ZSN2X2J[j13[SN5g1GiN0Ul1b0iUN_OUj1`0nUN@Qj1>\UNAbN0Ql19dUNG\N0Rl12hUNNTN0hn11WQNOhn11d0O10O0QP20PPN11000O011]PNNRo11nPN0Qo11nPNORo11nPN1Po10mPN1Uo1NjPN3Vo1MhPN5Yo1JfPN6\o1IcPN7^o1J^PN92HZo1`0101O1O11N2OO0O007J3KRQ6JToI00000O101O00O0020O0010OO2OO01gP4M[oK0mo10g\^i1
20130702070714Th_13,UU]e23lo1N30eP41_n5O70nPD0]o10YQ<0QoC1O0M31O1OjjdX1
20130811121434Ch_1,Z[em11jU`2`0biaM5M1N3K5K4N3N2N2N1O1O1O100010O010O2N001O1O0O10000O10000O10000O1O100O1O010O010O01O00010N100010O00001O01O01O01O00001O001O001O1O10O010O01O1N1N2O2O1O0100O100O1O100O2O000O2O001O1N10O0O2O1O100O1O11O1N2M2O1O10O1O001O0O2N2K4L4M4M3N2O0O0O2N1O2N11000001O1O001O101N1O101N1O2N100O2N100O10000O1000001N1O1O2O0N2O1M3O1O1O100O0010O010O001O1O001N1O0100000O100O10O100O0001O100O101^Oa00O2O0O2N3N1O1O1O0_OlQNVOUn1g0d0N3L4N4JYc`c1
20130811121434Ch_2,cTYk13mo11O001O1O001N2O001O0010O00010O010O010O01O01O01O0001O01O001O010O0010O01O010O000001O0000100O010O1O010O010O00010O00000000000000000000001O000000000000000002N1O001O0001O00000000000010O01O001O10O01O001O001O01O001O010O1O10O0100O01O10O01O1O001O1O3LYjTm1
20130811121434Ch_3,_g^\24ko15L1O100O1O101O1O1O002OO00101N1O01N3N3M1OO10O01N2O2N1O1000OO2O0100O1O1O2O0O2O2M10O1O1O010010N0101OO10O00100O3M1O100O10O011N10001O00000000O1O1O1O1O001N101O0100O101N01000000O0010O1O000001O0O2O1N101O2MUVY]1
20130811121434Ch_4,`lPW38go13N3M4L1M3N2N2O1O1O10O1O100O2O100O0001O1O0000001N100000O010O1O1O2OO02O1O2N6KO1O00000001N11O0000000O02N2MTP8ISPH3N2N2OO03L4M2N101O001O00000000O1O10O0O1O11^OkPN7Uo1HnPN6_o1NWQkc0
20130811121434Ch_5,QdbS21ePX11XoiN2M3O0O2O000O2O0O110O0001O001O0011OO1000000O0010O0010O01N101O1O10O010O100000000000001N10000O100O10O101N10O0100O01O01O3N0001OO0100O001O1O001O001OO2O1O1O010O0100O01O01O000000000000001O001N101N1O10002NnYmd1
20130811121434Ch_6,[a[R1113fo17M1O2N001O100000001N10001O0000O10000O1N10100O010O0010000O1000O1O0O2N10100O10O100000000O1O1O010O10O100O1O1N1010O0010O01000000O2O0O1O100O10000O2O0O1000O0010O01000O01O000010O00100O1O00010O02N1000O101O001N3Lj_Vg2
20130811121434Ch_7,[]mm01TQ::VPFIel1f0^RN]OM<Zm1o1I5K4L4L3L4N1O[MjSNb0J_O[l1IaTN4[O0Ul1GkUN6Rm1O1N102Kf^hP3
20130811121434Ch_8,dZYc11TXX43ggiK2O1N3M2N2N2O000O2O0O10000O1O100O1O1O1O1O100O1O10000O1O1000001N101O000001O0000000O10001N10000O1O010000000O10000O1000O001O001N2N110O10O010000000O2O00000O1O00O101O1N1N3O0010O1O01000O1O1O100O2O000000001N1000000O10000N200O010O1O100O1O10O000O2M2N2N3N1O2O0O2O001O001O1O001O1O00101OWOkQNGTn17QRNGom18RRNHnm16URNIkm13ZRNMdm10`RN0`m1NcRN1\m1OfRN0Ym10iRNOWm10jRN0Um10lRN0Tm1OmRN2Qm1NPSN2Pm1NPSN2Pm1NQSN1Pm1OoRN1an1O00cN0jRN0Wm30]QN0O0ZQN0\m10dRN0\m10dRN0\m10cRN1]m1OcRN0^m10Y10XQN0`m10`RN0`m10X1000VQN0dm10\RN0dm10[RN0fm10YRN1fm1O[RN0fm10YRN0gm10ZRN0fm10YRN1kn10jNO\RN0em10[RN1dm10\RN0cm1O^RN1bm1O^RN2am1N`RN1`m10_RN1am1N_RN2am1N_RN2am1O^RN2bm1M_RN2am1N_RN2am1O^RN2bm1M_RN2am1N_RN2`m1O`RN2_m1NbRN1^m1ObRN1^m1OcRN1\m1OdRN1\m1OeRN1Zm1OgRN0Zm1OgRN1Xm10gRN0Ym10hRN0Xm10gRN0Ym10hRN0Wm10jRN0Tm10mRN0ol12SSNNll12VSNMjl13WSNMhl13XSNNhl12XSNMil13VSNNjl12VSNMkl13TSNNll12SSNOnl10RSN0nl10QSN0Qm10nRN0Rm10nRNOSm11lRN0Tm11kRNNWm11iRNNXm13gRNMYm14Y100O\QNM\m12Z1O1O010O0011N2N2O0O100O01O0000O000ON3M012OPP20QPN0io30XRN0oM0Qna00iSZO0`l10h1001O00000000000000001O01O01O00000ZQNO]m11bRNO`m10_RN0bm10]RN0cm11]RNOcm11\RNOem10[RN1dm10\RNOem10[RN1dm10\RNOdm11\RNOem10\RN0bm11_RNO`m11`RNO_m12bRNM^m12cRNO\m10dRN0\m11dRNO\m11dRNO\m11dRNO[m11fRNO[m10eRN0Xm12iRNMXm13gRNNXm13hRNMXm13gRNLZm14fRNM[m11fRNN[m11fRNOYm12gRNNXm12iRNNll1=RS2CfnM0O1O0[NO^SN1bl10]SNOel11ZSNOgl11XSNOil10fRN8VOHUn10bRN5mm1KQRN3Sn1NiQN3Yn1NeQN1^n11\QN0fn1b04M3J5K^cXc1
20130811121434Ch_9,jX_b21ZQ8=[oGMlm17kQNOSn1P1L5I7C=M1101\OeRN`N[m1g0\1]OYQNHkn16a0Ohf^\1
20130811121434Ch_10,\Taj11oPR40QooK0O00001O0000O1000cjhP2
20130811121434Ch_11,^`U]11]RV32_mkL3K5M1O2O001N10001O001O000000000001O01O0000000000000000000001O00O2O0000001O0000000O101O0000000O01000000O010O100O1N200O1000O01000O101N10001O000001O0000001O000001O0000001O0000000000O10O100000O1000000000000001O0000000000000000000000CiPN1Wo1NkPN1To10mPNOSo10PQNNPo11RQNNnn11TQNNln11VQNNjn12VQNNjn12VQNNjn11XQNNhn12XQNNhn11d00O1O01O10O01O00oo30PP20PP>0RP\O0aoc21XP^M1UPNO0010000O10000000000001O01O000010O000^^PR2
20130811121434Ch_12,lTco11VPd00ho]O10001O00000001O00010O010O]PNOXo11gPNOYo12;O100O10PP20ooM0QP60ooI00010PP20;0eoM0O000G0bPN0go100000O0WjTm1
20130825141154Bh_1,`_Wo01W71SI6HJ21NOO6[na2KZQ`M<J2N2M3N2N1M3N2N2O100O1O1O001O1O1O010O1N1N3N1N3E:O101O01N2N1N3N2M2O1O10O0010N101O1N3N1N3N101N101O1O0O1O100O1OL5N110O10O011N1O10010O01O100O1O100O010O000000001O00O0101O0001O010O001OO1100O0O2O100O1O001O1N101O01O00001OO20O00010O01O00O11O00O2O001N101O00001O000010O01O00010O0001N2O100O1O1O101N100O1O10O01O10O0001N1010O01O000000O10001N1N3N101O1N11O0001O00010O0O2O0O11O001N101O1O1O1O1O1O1O2N1N201N2N2N101N3M2N2N2Nl^^a2
20130825141154Bh_2,jW[l21hT\11TkeN3N1O2N1O100O1N2O001O0O2N101N101N100O100N2O1POA\RNc0am1FTRN?lm1j0OO1N2M3O1000001SOhQN3Vn1LXRNGjm18^RN]Oem1b0m0N2N1O1100O1O100001OO10O011N10O11O00001O001O000O101N2O001O0010O1O00010O0101O0O100O10000001N101O0O1000000000O101O001N101M3MWgTl0
20130825141154Bh_3,e`Zg21iPj00SoWO6L6J3O0O2N10001OO11O00001O010O1O2N00000O010O0010O001000O103M2O2M5TQNlNbn1^1K1O11O3L2N3M2N4K6L1N0010N2O2O01OO10O1O1O0O2O1M3L5HT\ST1
20130825141154Bh_4,ijfn11\PT11bomN2M101O001O1O1O001O001O00001O010000O001000O010000000000001O10O0100O001O1O01O1O00000O100O011N2O0O10O0100O10O10O01O01O01O00001O0000000O100000000000000O100000000001O01O01O001O0O102M2O]S_j1
20130825141154Bh_5,fWai24ko13M100O10000O100O01000O10000O10O1O10O10O01O100O1O010O100O1O100O1O001M200000001B_O[QNb0`n1`0O101O01O100O100N1010YOSO\RNl0fm1YOSRNg0om1^OjQNb0Wn1b02N2N2M3M3N2N1O2N1N3N2N2N2N2N2M3L4N3M2N4KQkfQ1
20130825141154Bh_6,jgfh01oPl08enUO7G6L3O2N1O10O01000O100O101N10001O01O1N2O1O2O1O\OTQN3^o1O01O000000000000001N3N00000O011O000O2O000O01000O100O010O010OO2O1N101O001O2N3BaPN5_U_R3
20130825141154Bh_7,hWgZ29go12kNG`QN10O`0?nm1o0O1O1N2O2N10O0_OPRNTOPn1e0YRNYOgm1e0\RNZOdm1d0^RN\Obm1a0cRN]Okm13XRNLnfZd1
20130825141154Bh_8,X^Qg01kPT13PomN2N2N100O01O100001O00100O0010O001O00010O1O01O011N2O1OO02O2M000100O0001O0010O001O1O001O1N100O010O01N2N110N200N101O000L_OiPNb0Uo16O0LYOPQNg0Qo1ZOnPNe0So141N1O1O0O01001O1O001O1O100O2K4N2O2L4N]adR3
20130825141154Bh_9,]ZQ\33ko16L2O0O10001O4M000O100O0002N10O5L1NO100O101N2N2OO020O0000O010O00001O0O2O3M1N[d`a0
20131027185354Bh_1,fdVh24ko13N1O2N2O6I<D1O000001O0O1O1O2M3K5M3O2N1O10O100O100O10000O3N1O1O0O010O01O10O01O1O1O100O01O0O10100O1O01O10O100O100O1O2O1O1O00O001O1O1O1O01O001O3M2OO0101PQNVOfn1W1L1O00O001N2O1N2O0O1O101O1O1O1O1O10O5LO01000O101N100000001N1O100001O201nPNROkn1S10N2M1^OVQNLmn12b0M3O2LkXYP1
20131027185354Bh_2,bcR`01gPf21Uo[M3N101O1N2O001O101N3M100O001O0000000001O00001O002OO03N000O2OO0100O10O010O10O001O00001O0O\PNK`o14^PNObo17001OmPNI`n14_QNO`n10_QN2`n1N`QN2`n1N_QN4`n1L`QN4an1K^QN6bn1J^QN6dn1G]QN9cn1H[QN9dn1H[QN9en1HYQN9gn1HXQN8hn1HWQN9in1GWQN9jn1FVQN:jn1FVQN:kn1DUQN=kn1DTQN=kn1CUQN=kn1CTQN?kn1BQQNa0on18000O101O001O001O00001N1000001O001O0000001O00001O0000O010O01O10O01O1M3O1O1N2O2M2O3McPj0M`oUO0[PN1ao1401N1O1N20000N3O1O1O000001O2N1O00000000000001O001N1O1O1000000O1000000000000000001O0000EdPN2]o1LePN4Zo1KhPN4Yo1JhPN7`o1000000001O01O001O01O0001O00000000000000001O00000000001O000O2N1NcY[P3
20131027185354Bh_3,RaZW21_Pd21_o]M1O001O001O1N2O0000001O0000O10000000001O0000000001O010O000010O01O00001O001O101N010O0100O10O010O00001O001O0O2O00010O0100O1O10O01O01000O4M0O10O00001O10O0001O0010O01O01O000000000000000O101O0000000O1000O1000O101O00001N10001O01O01O001O01O1O1O1O001N2O000O2O0003M01O01O01O001O00010O001O1O01O001O0O101O0O20O0000010O010O010O1O1]PNG]o1?O2OO01O1O1O0010O0000000O1O1O2K4N3N1N4KT]iZ1
20131027185354Bh_4,[`ec11^Rf0:fl[OHPQN119mn1a0O10O1O0001O1O0NL5O2M3O01O0001N2L4N2O2OO100000O1O1O0100000001OO01O1O100001N2N2O2N4LQ_lX2
20131027185354Bh_5,e[kl24jo12N200N2O1O0O2O001O0O1O1M3O001O0100O1O002O1N2N3M001ON2O2@D\QN<bn1IZQN9en1IWQN:gn1`0O1N1O3N01O0N2N2N2E;J50I800000O1O2M3N1O10L401OM4N2O1O2M3N11N2O0N01O2N2O2Nhhjn0
20131027185354Bh_6,bbif25jo12O001O01O05K1aPNFWo1c0OO1O001O000001O0001O0102M^OhPN>^o1O1N001O000O10O1000001O000000000000O10O101O001N1O101O0000000001^OfPN<^o1010O01O2O001N10OM\PNM5NVo14gPNM21Vo10iPN1O0Xo1NiPN;Wo1DjPN;Wo1EiPN;^o1O2O20N2N1O1OO010O010000GBoPN?Xo11O1O1N4L7J2HQO[QNR1cn17N2O001O01PO^QNa0dn1ZO`QNf0mn101N2N1O0O100000O10@kPN5Uo1JmPN5So1JnPN6^o1O101O000O2O1N3Mo[PR1
20131027185354Bh_7,Q[o[11XQ<6`nE2M2N1O1ON30O010O2N0ON40O1OO2O100O2N1001OO101O2MgdRb2
20131027185354Bh_8,UeXY32mo12N2N2N3M2M201N1O01000000000O101O1O2O1O4M0N01O10000O001O1O100O1O02O00010N2O0O10O0O100O20000[OhPNa0\o12O0O1O1O8iPNROkn1U1M01O1O5K;UOjPN4fo1JnXQc0
20131027185354Bh_9,kTm[31_Pj03]oWO1N2O1O010O00001O0000001O001O01O1O1O1O0000O100O1O10O010O1O10O001N2N10100M3O01000001N10001O0101O0O01O0O2O1N101O1N2O1Nfjb?
20131027185354Bh_10,moRT21iP`10UoaN2N2O2N1O0O4M1N2M200O1L3001M201N2LaPNF6OQo1:TQNFln19=1000O1M3N3N>N\O0^PN9\o1IaPN9c0EWn12VQN9c0E\n1:cQNH\n18dQNH\n18dQNH]n18YQNFO1jn18VQNITo16kPNLTo14lPNLKMTo18QQNOmn13SQNMln13UQNNjn12VQNMjn14VQNLjn14UQNMjn1e0O10000001N101O1O0O2O0O2O0O10000HhPNHXo17iPNIXo16hPNKXo14hPNL]o1:0CbPN6_o1HcPN8bo11O1O000O1000000000O1O00bPNFXo19hPNHXo18gPNIXo16iPNJWo17iPNIVo17lPNGVo17kPNIUo17:0O100000000001O0000000000001O1N2O0O2NPolc1
20131027185354Bh_11,_Seo21lR`01llA6N2N0SO0lQN1Sn11kQN0Un11jQNNWn12hQNOVn13fQN0Zn11dQN0\n1M_QNEO`0dn1f0O01O0000O2K30O2H9O1H8M4O2M6_OYlVn0
20131027185354Bh_12,alR]21UST10hlmN2N2O1O1O100O000O2O00001O1O0N3N2M300O1O0000O1O100KfPNEZo1;51N101N1O01O1N3M101O10001OAGWQN:hn1LQQN6on1=00100N2N3L3K4O01O00100OO12O2O1O1O001N101N10O1O2J50O010000O1M3O1N2O1O1NlRm\1
20131027185354Bh_13,T\cf21nT`13ljaN6K2M3K4@HTQN<in1>001M2N0N30010001N2_Oa0M3N2N2N3O1N1O10]ORRNTOnm1_1O010O0100010O10003M4L000O010O011N1O01O010O000O11O001O00000001O1O0000O001O1O100N1000O0010O1O1O102N2M7K1N1O1O1O1OoNRSNROnl1m0TSNQOml1n0TSNQOml1>oRNTO5>ll1l0VSNSOkl1k0VSNTOZl1ZOiSNn0F[O=:Ul1AdSNi0MZO;:Tl1FaSNf02VO==ok1J`SNb0R1B^k1O^SN?U1_O_k1T1bTNhNak1W1aTNfN`k1[1bTNbN_k1_1bTN^N`k1a1^11100NGcNoQN`1Rn161O1O2N1M3L5L4M2O2M3M2N2N2M3O1N3F:L4Nfb\P1
20131027185354Bh_14,lP_X31YP80eoI4M2O00000O101O6I201N4M1000N1N3M6J2N1N3Mlmne0
20131027185354Bh_15,]Uoc04ko13VPNLbo1:O1O2M2N2N2O1O101O0014L5K1N2N2O3L2N1O100O010O00001O0N11UjTZ3
20131027223034Lh_1,QdPh21cPb14Wo_N2O0O2O1O8H2N100O001O1OO2O0O1O2N101O001O10O100000000000O01000O10O01000O1000O010O000100O0010O01O010O1O10O010000O100000O010O1O010O100O00100O02O00004lPN\Obn1f0XQN@gn1m000O0100O100O10O01N101O000O2O00001O1O10O02O0O100O1O1O1O2N1O1O2N1O1O101N1O1O1O1O3M1OnXSo0
20131027223034Lh_2,monT21ePb10Yo_N2O1O0O2N10001O000O101O0000001O01O0001O0001O01O01O00000O2O001O001O00001N100O1O10001OfPN1cn1O\QN2dn1N\QN3cn1NZQN4Xn1LcQN046Wn1KeQNN48Wn1KcQNO56Xn1LbQNN58Wn1LbQNM59Yn1K`QNM69Zn14cQNO]n12aQNO_n11_QN1an1g0001O0O2O1O1O1N2O1O1N2O2N1N2O1O1O2N2N2M2O1O1N1000000O10000000O100000O0100000O10000O2O00001N1000O100O100O1O1000000000O100O100N2O2N3MSola1
20131027223034Lh_3,[amd11_Qb04Zn_O2N3N1N2O2O1M3N7fPN[Oln1Q1I3O2M2N2N2O1N2O1O1NXOjQNJTn11WRNKhm15ZRNJem16`RNF_m19fRNDZm1;iRNCWm1:mRNDSm1;PSNDPm1:SSNEml18VSNHjl16YSNHhl17a1O1O2N1O2O3LT^VX2
20131027223034Lh_4,UbYf21]Pf12`o[N1N2O1\PNKZo17bPNN\o1<O1O2N100O010001O000O100O101N2O0O1O10O010O0001O000000O1000000O100O1000O10000000000000001O01O0001N100O2O001O1N4M1N1O2OTP>OmoA001UPN3`o1N`PN3_o1701N2O1N1N3M3L7J201M3O1N1O2O001O0001O1O1O0POYQNh0Ro1M1O2N2N4L2N1O1O001O000O1000000O01000O1000O10000001N100O1O1O2N1O2NT\lo0
20131027223034Lh_5,`[Sg21bUl11[jUN5K4L2N1O2N2N2L3O1O1O2N1O2N1N3YOYOmQNm0Pn1c0L4M4M2N2O100O2O000O010N1N3O000O2O1O1O1O1O2O1O1O1O0100O2N001O1O1O1O1O0O1O1J6O1O1001O2N3M2N2N001O1O0000001O0O0100O00O20O000000O101O0O2N11OO2O0000M3O10YN^MQVNa2oi1aMoUN`1aNWOak1[OmUN[1jNTOZk1AkUNY1SOmNUk1LfUNU1]k1kNbTNT1_k1nN_TNQ1ck1PO[TNo0gk1ROWTNk0mk1VOPTN=`l1D[SN=gl1GjRNa0Ym1A_RNc0cm1l02N1O100O2N2N2O1N2N2O3L2N2N3M2N2O0N2O2M2N3M3N2L6J6Igbjn0
20131027223034Lh_6,icZa01iPb24Qo_M4L3M2N101O0O101O00000O101O00000000010O0100000001N2O0O100O2N100O001O0002O1N1O0010O10O01O1O0100ePNFnn1:QQNHon18oPNJQo15oPNLQo14nPNLSo13lPNOTo10lPN0To1>1O1010N1O001O1O00001O000000000001O0000000O100000000O2O000O10001O000O100000000000000O100O1M3O1O1O100O10000O101N100O101O001N2N2OhP>0knA3fPNNZo12fPNNZo14dPNL\o14dPNM[o13ePNM[o12ePNO[o11ePNO[o10fPN1Yo1NiPN2Vo1MkPN<ln1DTQN>JBVo1f0N1O001N101N100N2N2L4O100O1000O101O0O10000O1O1O1N2N2N2M3N2O1O100O2O0010O01000O01DdPN3]o1JdPN6co11N10001O1O0000001O0000000O10000000O2N2N2M3MaYao2
20131027223034Lh_7,nZY]11dQ`07RnA4M2N1M3N2M201O100O10O01O0O10L4NG92O00100O11O0001O100O0GoPNDRo19<O101M2O3HjdP`2
20131027223034Lh_8,eVW\11gUh11TjYN0100O200010O0O2kPNNZn13i00O001lPNM[n14cQNLWo1101O01OSOOmQN2Rn1OoQNORn11nQNOSn10mQN0Tn10kQN0Vn10jQNOVn12k00ePN1cn13ZQN2an11^QNMdn14\QNKen12oPNK94bn1JYQN<4Kan1?WQNGgn1j0NF]QNZOcn1d0bQNYO_n1b05@ZQN>en1GXQN8jn1>00OM3N03M20010N3O0000L5K5N1010O010O0100000O100000O10O01N1N3O01O0O11O1N100001N10O1000O2H601O010O11N01O1O0100O100O101O1O1O1O00100O1O1O000001O10O101N4L2M3L7GThhZ2
20131027223034Lh_9,nfXV21[PT10comN2O1O1O1N101O001O0001O01O0010O000001O010O001N101O001O00000010O00001O1N101O000O11O000010O01O10O00010O1O10O01O1O010O02O000O011N2O1N2N01O100000_PNC^o1?100O1O1O001O1O100O001O2N1O1N2NdWUc1
20131027223034Lh_10,W_Qk01\Pf00bo[O4L2N2O1N110O001O1O3N8G2N1O2N3M1O001O1O1O00nNWQNm0on1O2O0O2N3M4K3N1O100O001O1O1O1O001O01O00000010O1O001O001O001O000O2N]_hP3
20131110185354Bh_1,Xc^U31nUZ11nigN4M2N1O1O2OO0100N0101O001OHJgPN7Xo1LePN4\o171O00iNGhRN;Um1JhRN6Wm1NeRN4Zm10aRN1^m18XRNIim1W10O10001N1O2O0M3N2M3N1O1O2N1O101N100N2O101NTOPOlRNn0Sm1YOdRNk0\m1YO`RNh0`m1YO^RNg0bm1\O[RNc0fm1_OXRNa0hm1CRRN>Pn1g01O2N10OO21YO`NlRN`1Tm1dNgRN^1Xm1d00O2O011O00000O1O2M2M4M200O101O001O0O2N2L3O2N2N2N2N2O1N20000O1G9M4N1O2N2F?G`[Qc0
20131110185354Bh_2,bWSb01QQR13]noN0iPN7Po1a0M3M2N3N11O10;E4J1O4M0O1000O1O0000O1O101N2O000O1O10O0001O0010O002N0O10001O0000O010000000000000000000O0100O01OO110N100O001O1O1M3N2N2O1N1N2O1DWO\QNP1en141N1O2N2M4L4H9LQhhW3
20131110185354Bh_3,e_ZQ21fRh21WmYM3N1BLmPN5Ro1NjPN5To1MiPN5Wo1:O1000O0100000O1O0100O010O10O01O010O001000O010M3M201O10O0100O01O01O1O01O00100O100O10000O101N1O100O100O100O0100O100O100O10O01O100O10O0100O010O10O100O0100O01O001O0001O1O010O000100O1O10O01000O1O100O100O0100000O100O010O10O101N100O101N1O2O001O1O1N2O001N2O0O101O00O1O0O2N2O1N2N2O010O100O1O100O1O1O100000000000000000001O000001O01O00000010O01O001O01O010O01O00010O0000001O00001O001O001O0O2O1N101O002M10X_W_1
20131110185354Bh_4,TYeh01`Rh13[mYN3L201N1O2N100O2O0O1000O00100O100O2O0O1O1O0O1O11O1O1O100O2N10O010O1O001O0000001O0000N3N1O1O110O0001O001N2O1O1O2O000001O001O1O001O1O0O20O01O01O0010OO2O10O000001O001O001O1O0001O0O1CGRQN:ln1KPQN6on1>O1O1OO2O0N2M21M200001O002N100H9N1O2O1N]fbn2
20131110185354Bh_5,gZei11ZT\27]keM101O000000000001O00O10O01O100O001O100O10O10O1000O10O1000O100O10O0100O1O01000O0100O010O1O1O0M4L4N101O00000001O0O2N101L4N1010O0100O00100O0010O0100O00010O010O00010O00000000O2O0O2O000000001O00010O01O00001O0001O01O001O01O000O110O00010O01000O010O10O10000O010O10000O0100000O10000O10O1000O10000O100O1000O0100000O10O1000O100O00100O0O1000000O100BHUQN8Yo10001O1IUdRi1
20131110185354Bh_6,Uc[V1?^o17J3N2N2O1O001O0001O1O002N3M1O1O2N1O001O001O001O001O0O0100O1000O1000000O01O100O100O100O1O1O100O100OO10O02OO00N30000O11N2O0O10O01000O0100001OO01O10OO02M2K5N3N3K5M2O1O1000O1N3M2M3M2M4O00N103N0O11O1ON111O0O02O1O0O2N300N100010O0N3N2K3N2M4I7I7M4J4N3C=M3NOBgM[SNW2ik1TNYTNKJo1fk1gNTTNk1nk1Q110010O2UOaTNSM_k1P3h0O01NZN`SN0bl1IiSN2Wl1MlSN2Rl1NSTNNmk12VTNLik13]TNHdk15cTNE]k1;hTNAYk1=nTN^OQk1?VUN\Okj1?\UN_Ofj1;aUNB`j1;e2L4M3MWeR`2
20131110185354Bh_7,WWQe23lo1101O0O2O01O01M200O10000000001O00000O2M2O1O101N1O1O1N1O20LjPN]OVo1b05O1O001O001N1M4O001O001O10O0100O010O010O000100O1O10000O100O01O001O100N2O2NiifV1
20131110185354Bh_8,SWgb11bPl04WoUO2O1O2N1O100O2O0O100O2O1O1O001O0015J5K1O001O0000000010O01O0010O00001O010O1O1O010O01O000001O1O1O001O1O010O1O02O1N1O101N0O2O3Ldg^X2
20131110185354Bh_9,S]cl21]Sl21[lUM6K6L3O1M3N2O1O1N2O001M3M3O0L5N020ON3N2O001N20OO1N3O0O1O20N1O101N0F<O01O0M4O10001N1O1O00100N2L4O1O1O10000O100O10000O00100N101O1O01O100O2O1N104L1O000000000000000000O100O01N2N110N2M2100O100O100N2N101O1O100O1N200N2O1O001O1O1N200O100O10000000O1O1O2O00000000000000O10000O100001O001O000000000000001O1O100O5K000010O0001O00001O0000001O000000001O000000001O0001O00000000001O0010O01O1O001O10O0001O001O1O001O1O002N000001O001O01O1O1O001N2MdaTc0
20131110185354Bh_10,kZen11VSZ20eloM0hoG0gPN0Wo30kPL0co10O0000000PP20PPN0^o90bPF0_PN0Ro50nPJ0ao10C0kPN0Uo10=000_PN0ao10B0>0?0ao10QPN0A0m00B0oo10QPN0oo1000C0^PN0\P60coM0eoK0[Pb00ZP^O0Yoe00]PZO0no10QPN1N2A>010BiPN48Hbn1a0^QN_Obn1a0`0O3McPNDYo1OhPN8bo1LTdnh1
20131110185354Bh_11,W_Zn11WSZ53`lgJ6N1O2N101N1HNjPNKTo15oPNIPo18QQNGon1LmPN85Lmn1LQQN45Ojn1LSQN252hn1LbQN4]n1LdQN3]n1McQN3]n1MbQN3^n1McQN2^n1NbQN1_n1OaQN0_n11`QN0`n10_QN0an10`QN0`n10`QNO`n11`QNOan11_QNOan10`QN0_n11`QNO`n11h0OiPN0_n11h0OiPN0_n10bQN0^n10i00hPN0_n10i00fPN2an1O\QN2fn1MZQN0jn10UQN0kn11UQNOkn10UQN0kn11UQNOkn11TQNOmn10a00cPN0ln10SQN0mn11`001O0010oo10PP20ePL0gN0`Pd00UP\O0000000oo10QPN0O1fPNOen11e0O1000dPN0gn10ZQN0fn10YQN0hn10XQN0gn10ZQN0fn10Y10gn10YQL0[o30QPN0O001O0001O000010[O0ZQN0Zo50QPL0oo10PPN010O10O]O0WQN1\o1O1000\O0WQN1in1OWQN0in11VQNOkn10VQN0jn10UQN1jn10VQNOkn10VQN0in11c0O10ePN0en10\QN0dn10]10Zo10Uo10i00PPN0PPN010000000oo10QPN000lPN0Xn10fQN0\n10cQN0Vo30XoM0i00hPN0`n10_QN0bn10^QN0bn10]QN1cn1O\QN1en1OZQN1gn1OYQN0hn10XQN0hn10XQN0hn10XQN0hn10XQN0hn10XQN0\o10000000]O0VQN0jn10VQN0jn10VQN0jn10W10iN0VQN0jn10VQN0jn10VQN0jn10VQN1jn1OVQN0jn10VQN0kn10TQN0ln10TQN1ln1OSQN1mn1OTQN0ln10TQN0mn10a00bPN0ln11SQNOnn10RQN0nn10b00O0a00_O0@0PQN0`o1000A0nPN0Ro10nPN0So10lPN0To10lPN0Uo10jPN0Vo10iPN1Xo1OgPN1Yo10ePN0\o10dPN0]o10bPN0^o10bPN0_o11^PN0co1O]PN1do151N2O1O001NQRh22mmWM2O2N1N3N1O1O1O1O1O1O1O10O01O1O1O10O0100O0010O001O100O1O001O1O00001O0O2O001N101O00001O0010O01O001O001N2O1N2Nb\eX1
20131217192134Ch_1,Qil]21mPP21PoQN7J2M5L100O2O011N01O11M2N2N3N022M02N00O010O1000O2OO01O1N100O100O101N2O010N30O014J10001N3M5K1O04M001M2O1N2O1N3M10001O1N2OO11O0O100O00100O100O0100N101O10000O1O100O011N00001000O10000O10000O100O0100O01O10O10O000001O001O0010O3N1N1O10O010O0001O0001O00000O1O2O000O2OO01000O0100O001O1O00001N02O00002N1N2O4K5KYReV1
20131217192134Ch_2,SWYQ31SWZ13ghgN3L3O0O101N2O1O1O1O1O0O001O100O1O1O2N0O2O1O1O011O1N3F;K5oMHRTN>gk1NoSN5ok1o1N1OlNoSN\NPl1]1bTNYN]k1g1^1O1N2M3YOf0A`0L301O10O0001F9N20O2M3M4MO20OO3O1O100N2N3N2N00101O0O1100000O010O0010O10O01O01N2O1N3N3McgTh0
20131217192134Ch_3,TabZ11aQf33Xn[L6L2O1N2O1N2O001N2O1O001O001O000001O001O001O001O0000010O01O1O001O00001O001O1O001O010O0000000001O00001N101O1O1O00100O0010O01O0010O0100O010O01O10O01O010O1O1O011OO0101N1O110N2O00001N10001N10001N01000O010O10O010O0O2O1O1N2O001N2O001M200O1N2O101M2N201N101O1N2N3MhP>OYoA3M2_PNMRo1c0M2O1O2N1O020OO2O3M0O1O3N001N2O00O010O10O0001O001000O0101O0O020N010000O010O01O01O001O01O01O001O001O10O01000O1O102M10O2OO100000O100000O02OO10O1O10O0100O01O011OO0100O1O011N0101OO01O1000O0100O100O1000O01O10O01O001O010O001O010O00010O1O00000010O01O010O1O1O010O00001O1N3M_XgP2
20131217192134Ch_4,ddl_21gP`12SoaN5M2O2M2N2O2N0O100O100O1000O2N1O2N1O101O00001O00001O0000001O01O00000000000001O01O001O0001O0001O00O101O001O0O10O0100O2O001N110O100MUPN2ko11O010WPNOao12^PN0ao10^PN0bo11]PN0co16101O1O01OO0101O0O100000O011OO100000000O10000000001OO1010O3M0001N2M2O001N2NUYgW1
20131217192134Ch_5,]j`S2;eo12O1000O2O1O01N1fRNGkj1:mTN;dj1FXUN>hj1BSUNb0mj1_OoTNb0Sk1_OhTNc0[k1]ObTNc0ak1]O]TNa0gk1_OTTNb0Pl1^OfSN@UOU1Xm1FPSNb0Sm1S12N2O1O2N2N2M4UOm0\Oh0I4IPTcj1
20131217192134Ch_6,k_fY21TQh43hnYK2M10001O00001O00001O1O2N2N1O1O1O1O00001N1O100O100001O1O1O00010O00000001O0000001O0001O00O1000O10001O000O10001O0010O010O0010O010O0001O1O01O00102M1O1O10O01O10O01O1O1O1O1O2N100O10O000000O2O1N[P21eoM1O0O10001N1N201N102N010O1O001O0O100O1O100O100001O0O100O2O00001O0O100000001O00000000000010O001O2N1O010O1O000010O0001O01O0000001O01O0001O010O000010O00001O010O1O001O010O010O00100O00010O010O1O000000001O01O0000010O0000000000O1000000O10000000010O0000000010O01O011O001O3L110O0O10O1O2N1O1O1O001O000010O00010O10O0001O001O010O002O0O2N10001N10O01001O01O1O0O3OO001N100O3M2N3M2N1N3N1O1N2O001N2O0O101Mi[[o0
20131217192134Ch_7,m`Pc21PQf20mn[M20O1000010O001O010O0010O00000000010O00000QP60QP>0no[O0aPN0on50QQJ0_o10000000bo90_PJ0PP40ooG00000QP20ooM0cPN0kn10b00cPN0kn30bPN0dPN0\o10]O0WQN0hn10XQN0in10WQN0hn10d00ePN0[o1000010O00[O0ZQN0fn10ZQN0fn10ZQN0gn30dPN0ePN0fn10ZQN0fn10ZQN0fn10ZQN0fn10ZQN1dn1O]QN2bn1N^QN3an1M_QN3an1M_QN3Wo11XOLbQN4^n1LbQN4^n1LbQN4^n1LbQN4^n1MbQN2^n1NbQN2_n1MaQN3_n1MaQN3_n1MaQN3_n1MbQN1`n1O_QN1an1O`QN0Xo1110O013OM00SP<OmoC00000PP20PPN0QP40TP>1lo]OO010O01OOSP40]oc01`PXO1O23LQP20noM0O1000O011OO0i[_o0
20131217192134Ch_8,`b`^11oo10oo30PPN0PPN1O10000001O1O010O10nPX10PPn10RoiL3N1M1000O010O10O01O00O01N2OWoa00jP^O0O101O01O011N010000P\gY2
20131217192134Ch_9,Qa\l01fPn02\oQONgo18N1M3O1N101O0O10O10O001O010O10O010O010O10O010O100O00000100000O1001N1000001O0O2O1O1O001O001O010O0010O01O0001O1O1O2N1O1O1O10O000O1N2O1O2M2N3M^^Wn2
20131217192134Ch_10,Robl11VP>0hoC5L1O1O001O1O001O001N1001O01O02N101O000000O2N2OO1O2N2O0O1O1O1NWPoP2
20131230192154Bh_1,X`cf16ho14N1N2O000O10000O000O100O010O2N110O00001N2N10M3M40O010OO10ON20I8O1O2N1O2O001N00N2N3O00001000001O100O10O10O1O1O001O01O01O001O0O2N011O1O00001O000O10O1O1L4N2M3N2O1O2O00OM5N1O101NO3M2O101O1N2N2O1O0O10001N3M3L6I_clR2
20131230192154Bh_2,nUUm21cRh01_mWO0fo1:J3N2N2M3L3O2N0010G71OO2M3001J5M4N3L3L301O1M2MO3OO03010O10O2N2N1N2O1M3N2O01O1N10O1O010O1M4O1O1O1O2N2M3N2M5LYidn0
20131230192154Bh_3,`[^j11fPX20XoiM4VPNO^o1<M2O001N100O1O100O010O01O0100O010O01O10O10O100000O1000O100O100O1N200O10100001O00FbPN1]o1MePN3[o1MePN3\o1KePN5[o1KePN5\o1IePN6do1N100O2O0OTP22koM001O001O0001O0000\PNM\o12dPNO[o10fPN1Yo1OgPN1Yo1OgPN2So1LiPN242So1LiPN243Qo1MiPN171Po1NiPN172on13QQNMPo12PQNMQo13PQNLPo15oPNJRo17;00001O001O000010O0001O00100O001O01O0O101M20000001O00001cPNFRo1:nPNGQo19nPNIRo16mPNKSo16lPNJTo18hPNJXo1`0O0000O101N1O1M4O1N1O100O100O1O100O1O2O00000O1000000000001O000000O2O0000001O0000000000001O0000001O0000000001O001O000O1O2O1M[cah1
20131230192154Bh_4,[RkU15jo13I7M1O2O0O1M3O1O1N2O000000G900O10N3OO10O2O01O100O1O1O2M200O1O0100O10O0010O0010O10O001000000000O10001O000O100000O1O1O1O10O0100O10O010O1O00100O001O1O10O100000001O00000000O10000O100000001O001O1O001N2O1O0000000000mn`c2
20131230192154Bh_5,Vb]e02Wi_1=YVbN3ePNBnn1l0M3L3M3N1M6L6J4M20O1O000O1O2OOO<E6J5J2O2N0O10O2N110O1O2N101ON200N1000O1O1N2O2N1O2N2N2N1O2N1O1O00O100O1N2O1AeQNYO[n1b0jQN]OWn1>h01O00100O101N5jSNXOkh1k0iTNVOW17ni1h0dTNRO\1=li1b0fTNRO]1d0fi1;lTNPO^1e0hi1:iTNQOa1c0hi1;fTNROg1`0ci1>dTNSOj1`0bi1>`TNSOm1?fi1<\TNVOn1=hi1;ZTNZOm1:ki1;UTN_On16Qj1n0gUNSO]j1j0bUNXO_j1FmSND0h0c10Sk14iTNKWk16iTNJVk19gTNGXk1=eTNC[k1a0aTN_O_k1d0[TN@ck1`2O0N3O0O0010ZMgSNc1[l1[NmSN^1Tl1`NPTN\1Rl1bNRTN[1Ql1^NWTN^1mk1VN_TNf1Pm1M4K9E9I6I6K<_Om^bR3
20131230192154Bh_6,\iXo01iQb22Rn_M3M2O2O0O2M200O1O001O01O00O10010O0010O010O1O00100O01000O2O0000000O101O00001O0010O01O00100O010O01O010O0010O01O1O001O01O010O10O1O011N1O100O2O3L10O02N1O100O2N100001O0O10O100O1001YOmPN?Zo1010O0100OO101O010O1O010O01O1O1O001OO10000000001O001O1O001O2N1O11O00O001O4K3M3M4L2N108HO10O01O16J7I_NSRNn0nm1POTRNP1km1nNWRNR1km1iNYRNW1[n1M00O1O1N2N3M2O1O1O1001mNhQN;Yn1@mQN>ln1N100O1O010O001O01O00001O01N2O3L6CWP>NSPB0^Pkb2
20131230192154Bh_7,`Tmb15eo1>F5K5M1N4LZOUQN;in1B]QN<an1CeQN:Yn1EoQN6om1JTRN5km1KXRN3fm1M\RN3cm1M_RN3^m1MdRN3[m1MfRN4Xm1KkRN5Sm1KnRN5Qm1KoRN6ol1JSSN9il1GWSN9il1GXSN:fl1F[SN8fl1G[SNMfN8om1K`SN4`l1KaSN4_l1LbSN4^l1LcSN3]l1McSN2^l1NcSN0^l10i100001O0000000000000010O0000000000000000000010O1O10O01O1O2O0O10O101N101N100O001O010Odk`X2
20131230192154Bh_8,iVUV27do1:H3G8N1N101GVO]QNj0en1700ON4J5M4K3010ON3M3O101N11OO110O1M3O200N2O1000001N_kfg1
20131230192154Bh_9,hd^Z21^P^10`ocN2N2N2O001O100O001O1O010000O0100O10O0010O010O001O010O2O1N0010O01O01O1O002N1O6KO102M2N100001O00O010O11O0O10O101N1O10O010O001O0010O000001N110O0010O010O1O0000001O0000O10001O01O010O1O01O01O01O01O01O1O001O2HYPN3ko1NVYe]1
20131230192154Bh_10,iSQc11RSd20ll]M2N100O10000O100O10000O10000O0O2N2N200O100O100N2N2000O10000O10000O1O1KbPNG_o1850000000000000000000O1000000O10000000O001O1O10O10O10O01O01000O0100O1000O0100O10O100000O010000O10O10O1000O01000O010O010O010O10O0100O001O001O10O0010O010O0L5N11O001O10O0100O100O00100O01000O010O010O100O01000O100O00100O100O1O01O001O001O0010O0O110O01O1O00001O001O1O00001O0010GbPNO_o10bPN0^o10bPNO_o10900O100O101NfkPo1
20131230192154Bh_11,i]d_21hP>5PoC3N100N1O1000100OM30O2O1O001O100O010O010000N2O1O1O100O2N100N3MQbm]1
20131230192154Bh_12,f[Xl11PQP10onQO0O0[caR2
20131230192154Bh_13,TkjQ1230lo1O010O00PP80PPH0O00000^o30lPX10joQO0noC000F0cPL0\o10ePN0Zo10;0QP40\PN0eo10ZP:0QoM0dPD0O2O000RP2NooM01001VQ>OVReg2
20140118180214Mh_1,oe\a25V1L\m1>URNMem16YRNLem16YRNLem17YRNJem1:mQN^ON9Un1X1O1000001N1`RN]Ncl1d1PSNZNM7ol1a1oRNoNol1Q2O3OO111TMUSN]2nl1]MXSNa2Um1N3M2N9RNYRNR1]n1lN^QNd0fn1UOaQN4J9^o1O1N2N2N10O02N010O00001O101N1NTWQ\1
20140118180214Mh_2,n`fi23mo10O2O1O1O002N1O01O01O100O00100O1O010O010O010O01O010O000001O01O00010O000000010O00100O001O01O01O1O001N102M101O00no1ORPN1O2O0O100O10000O1000000GIiPN7Wo1JgPN6Zo1KePN5[o1LdPN4\o1LdPN4\o1NbPN2^o1800O01000001O0O1O1O2O001O00001O001O001O001O01O01O00000001O01O00000001O001O1O10O01O1O0010O001O1O001O3M_^[n0
20140118180214Mh_3,fVo]11oQT14kmmN2K5O1N2O0O2N1O1M4L3O10ElPNJSo17nPNHRo18nPNHQo19oPNFRo1;mPNERo1e00O100O1O101O001O0O2O0N200O1O1O10O001O0O100A_OaQN`0Zn1JaQN6^n1MaQN3]n11`QNO`n14]QNMbn1h01O100O2O0O2O1M4N1N3N1O2M5L2N1O001N110O00000000001O00001N1O100M5LVhR\2
20140118180214Mh_4,RoRn21bTd09Rk]O4M2N2O00001M2_LGZWN:eh1HbVNEYNd0Uk1I^VNo0ci1ROZVNo0ii1oNTVNR1oi1mNnUNQ1Xj1nNdUNf0\NQOWl18ZUNf0Uk1ZOXTNKnNR1ll1SOiSNa1Zl1^NcSNd1^l1\N_SNf1al1[N]SNc1gl1]NYSNY1Qm1hNmRNW1Tm1iNnRNS1Um1mNmRNh0\m1YOdRNb0`m1_OaRN:dm1H^RN0fm14XRNDnm1=j0O11O10O01OO101O0O3N1M7Ghodn0
20140118180214Mh_5,]ohU31mPf07in[O3N101O0O2M2N201N10001N2O00102M3N0O23L2O3L1O10O1OO0100\QN^Ohm1d0URN_Oim1^1N1O1O2N<D100O01O1O1OYORN`SNj1`l1VNeSNe1Zl1\NgSNc1Xl1_NhSN`1Xl1`NhSN>ZO5ol1^OgSNKN5kl1OWTNKmk13WTNKkk13S2Mjo\f0
20140118180214Mh_6,ioRS11[Pf03`o[O2N2O001O1O1O1O100O011aPNDVo1=hPNEXo1;gPNEZo1a00O1O1O100O1O1O002N18G10O0101OO01O1O1O010O010O01O2O1N2N8H2O0O1N2O2NdnVi2
20140118180214Mh_7,fnPS11YPd00eo]O;E101O0O101O10O01O101O11N2N2M101O00010O00O10O1O0010OO2O01O00O101O000000001O001O01OO10001N1OXP]i2
20140309170314Mh_1,SRQW21ZQ`17]naN4L3M2N3N1O100O100O11N3N3M1N1O0100N1101N2N2O4IVP83hoG4M2N2O1N1O101O0001OO2O0001O001O0O30O0001N2O00O1O1O0010O0001O00O20O001O1O010O0100O0010N10O11O01OZRNAkk1?PTNEPl1;nSNFTl1:gSNH[l18bSNJ_l16]SNLdl17WSNJjl17SSNJol17mRNJTm18eRNM[m14]RN2em13QRN0Pn1o02N2M4L3L4N3M3N1N4L3M6I3L4J9FohPa1
20140309170314Mh_2,bnjU31hPl11UoUN2O1N10001O0O10001O0O2N1O1M3O100O10O01N2O1000O10001O001O2N100O002N1O1O1O10O0bPNITo17kPNJTo18hPNJYo16ePNK\o1<1O001O0O2O001O01O000001O00000000000O10000O1001O00001O01O0000010O0000010O01O2N100O010O000010O000000000000000000O01000O0100O10000O10000O1000O1000O10O1MCcPN<]o14O10O010O100N200N200000001O0000001O1O1O001M3N1O_P]?
20140309170314Mh_3,`Peg01cQn0h0bmSO5M3M4L2OO5K2011OM4L2M3KbQN^OS44ed1NZWN9i3Kie1>RZNDje1c0RZN^Oje1g0UZNYOle1i0PZNXORf1f0nYNZOTf1d0lYN\OTf1e0jYN]OVf1f0fYNZO\f1h0_YNYOaf1l0YYNVOhf1k0TYNVOnf1j0nXNXOVg1e0eXN^Ocg1=PXNMUh13_WN5ch1MVWN4nh1OiVN0]i14[VN]OYj1d0`UN]Ogj1b0oTNBXk1<dTNE`k19\TNGik19TTNFQl18lSNHXl16RSNTO6h0jl1f0nRN[OTm1f120OO2M5^OdRNYN`m1f1>00O3]NQRNo0dn1L6J9G6HXiRT3
20140309170314Mh_4,WZ]i11hPn12UoSN2M2O1O001N10001\PNFO2]o1`0O1O001O000000O10001O001M200O2N100000000O100O010000O10O01000O100000000001N101N2O000O2O1O0N3N1O1O2N1N10100000O10001O003L7J2N2M10000O0100O10000O100O1000000000O100000001N1000O010000000O1000O10O10O100O1O1O010O10O01000O10O1000O010O1M3O01000O01000000O2O1N2N3I`eTl1
20140309170314Mh_5,gSmi12ko14M2O100N2N2O0O1O10000NO3N2OO10011O0O0100O1000O02N10001O1O0O4JcmRT2
20140309170314Mh_6,`]YR31lo14N1N2O2L3J7M2O100O1O0101N101O000100O010O001N100O0000001O0O200000000O100O2N1N2O1O101N1O10O10O0010O100O1O100O000BUQNIjn17WQNIin14ZQNKgn11TQNE69fn12]QNNcn10_QN1an1O^QN1cn1LSQNJ6>fn1H]QN9cn1GYQN<gn1ATQNM5`0kn1AUQNc0kn1]OUQNb0To101O100O101N100N2O1O1O2O0O2N2N2N^c\h0
20140309170314Mh_7,oYi^11\Sl20blUM2M3M200O2O000O1O1O10000O01000000O100000O100O100O010O00001O01O010O001O100O1O001O100O1O10O000AJUQN7jn1LPQNLL7To1a0O010O100O100O10000000000O1000O10000000O10O1000000O100O2N2N1O1O0O2N2O0I800N2N200O1O10000000O2M2O010O10O10O010M21O0O1O201N101Nooc0OSP\O0B3hPNNVo14jPNLUo16iPNLVo14jPNLUo16fPNNZo1<O10O10000O1N101O100N20OO20O01O10O100000O10000001O00G`PN2`o1NbPN1]o1NePN2Zo1NgPN2Xo1NhPN3Xo1LiPN4Vo1KkPN6To1JlPN7So1InPN1FO_o10?000000000eP20gn10ePN0`PL0nn10RQN0^o10B0mPN1So1OmPN1So1OmPN0To10lPN0To10lPN0To10kPN1Uo1OkPN0Vo10iPN1co10000O10O1000O01000O10C0jPN0Vo10jPN0Vo10kPN0So10nPN0Ro10oPN0on10a00bPN0kn11UQNOkn10b0100OOZeVQ2
20140309170314Mh_8,Ue`Q21YP:3aoG4N1O2O01OM33M10N2N11000O2N2M2NO2O5K2N2O1N3LhYgl1
20140309170314Mh_9,XZ[o11SQV10lnkN00000O10O10oo30oo=0ao50`PZO010O0lo50TPH0100000QP20ooM11OXPN0_o11]PNOReVl1
20140309170314Mh_10,b[ok11oo10QP40N0_d\S2
20140309170314Mh_11,Q[if21[Pb05^o_O102M100O2N10O010O010O100010N101O002N1O1O1O01O003M1O000O100O011N1O101N1N2OddXV1
20140309170314Mh_12,^Ue]31ZQT12bnmN100O1O1O100O1O10O10O11O01O0O11O00000O1000000001N101O1O1O0O2O1O01O0001O01O00010O01O0O10000000000N100101OH8N1O0101O00O00100O1N30BoPNLRo11TQNKmn14VQNFnn15hjn<
20140322200714Mh_1,aXkP32mo12N2N2O1N101N101O00001O00000000000O100000O01000000O10O01O100O1O1O010N2O100O10000O10O100000000O2O1O000O2O0000001O00000O100000000O0100O01000N110O001O010O010O1O010O010O01O1O0O11OO10O10000O010O11OO101O0O101N11O00000O2O01OO20I601N110O00001OO100N21O00000O101N11OO11O0001O000000001O00O200N20O01000001N10001O001O0000001O0000000O100000000O10000O100O100O1O10O01O10O0100O01000O10O10000000O100000000000O1000000O100000000O1000000001O000O100000000O1000000000001O000001O00000O101O0000O10O1000O10O10O1000O0100O100N3O0O3L3N[jX?
20140322200714Mh_2,gRem14io16K3M3N2O2N000O10O2O0O1O1000O10O0010O10O1000O100OO2O001O01O01O1O001O010000O11O000000O10O2O00jVNEfb1<Y]NFfb1:Y]NFib19V]NHjb19U]NFmb19S]NGnb19P]NHQc17m\NLSc14i\N0Vc11f\N2[c1N`\N6`c1K]\N7dc1IZ\N7hc1JV\N6kc1JS\N6oc1Jo[N6Sd1Jj[N7Xd1If[N7\d1Ia[N8bd1F][N:ed1FX[N<hd1EU[N;od1CP[N<Re1ElZN;Ve1EhZN;Ze1EeZN:]e1FaZN9be1G]ZN8ee1HYZN8ie1IUZN6me1JRZN4Pf1MoYN3Qf1NnYN2Rf1OlYN2Uf1NhYN4Wf1NgYN2Zf1OdYN2\f1OZYN:gf1FVYN:lf1GQYN9Rg1GWXN@`Mi0[j1HiWN0bM:gj1GdWNT1_h1lN^WNT1dh1lN[WNS1gh1nNVWNR1mh1lNSWNS1oh1lNPWN9mM_O_k15dVN5]NYOUk1a0^VN3\j1K`UN9aj1FXUN`0kj1_OQUNb0Rk1^OkTNc0Xk1\OeTNe0]k1[O`TNf0ck1ZOYTNg0ik1ZOSTNh0ok1WOoSNi0Tl1WOjSNh0Yl1YOcSNg0`l1YO]SNf0gl1[OTSNd0Pm1]OmRN=\m1DaRN;bm1F[RN:gm1GURN9nm1j04K6J4K7G:FZllj1
20140322200714Mh_3,RfPV35jo12O101O0O1O010O1O10O01O100O10O0010O1O10O01O00010O010O0100O1O100O01O1000O01000O101N100O1O10O00100O1O1O010O10O101O00000000O100O11O0000001O00O2O10O01O100O002O2N1O00O1O2M101N2N3L3KeW]d0
20140322200714Mh_4,YZee26ho14M3N0O101N1O101O0O2O000000001O01O100O1O100O00O101O000000O10000O1N11O1O1O1O1N200O1010O1O0000100O01O0001O1O001O0000000O0100O1O001N2M2N2O2O1O0010N1JQQN\OPo1a08000O1O1O100O10O1NdQN\Oam1c0`RNA]m1>dRNFYm18mRNCTm1;oRNCQm1<\1MgffT1
20140322200714Mh_5,oaZ_21bPd06Uo]O3L4O2M3OO011N101O100N1001dPNBRo1n0I1N1O1001OO1O1O2O2M1O2N1O00POdQN<\n1DhQN9Wn1GkQN8Tn1GRRN4om1JQRN7om1IPRN9om1FRRN;nm1CSRN=nm1@TRN`0gn1O1N5K3Mo[_]1
20140322200714Mh_6,]P]W25jo11M3N200O1O101N10001N100O5L1O0O2O0000000000O1O100O00100O1O10O011O000O100000000O1000O100O1O2]OdPN`0_o1N100O1O10N110O010O001O1O01O010O010O00010O001O010O100O100O100O1O0010000000O1000O010000O100O100O100000O000000010O001O100O1O100O1000O0100O0100000O10O1000000000O101O1O1O001N101NfPW`1
20140322200714Mh_7,f\W]12mo16K2N100oPNHXn19cQNGA0ln1:]QNEG31Lmn1<XQNMkn1e00O1O001O1O2N2M2N1O2N100010O001O01O00001O00001O0000010O0001O010O0000000000001O0000000O10000000001N1O2O00001N2N100000O2OO11O0000001O010O000001O001O2ON1O2O0IkPNBWo13XcZ]2
20140322200714Mh_8,\Q[e11_P87[oI1N100bQNIQm18iRNLWm15cRNN^m15URN4mm1OkQN4Xn1g05J6J6I5J7K5L]m^Y2
20140322200714Mh_9,kcZ[11^Pn02]oSO200O100O10000000O0100O1000O1001O0001O0001O00001O01O01O010O001O010O01O100O010O100000O10O10O010O10O1O10O101O0001O01N2O2N00O1O2N100N2N2NlZ__2
20140322200714Mh_10,_Zom11XPP13coQO3N1N2O1O1O100O1O00001O01O001N100010O00000000000O2O000000010O000000O10000010O10O010O0000001O01O00001O100O3M1O000001O11OO2O1N1O1N2O1O001O1N100O2O0O1NedZl1
20140322200714Mh_11,Y\cT32lo14N1N2N10001O00000000000O010000000O10000O10O010O1O10O0010O0100O100O1O100O001O1O010O010O010O00100O0100O10O100O1O1O10O01O10O0000100O0010O1000000000000O100O100OO1O2M201N20OO101O1O00100000O100000000O10000O01000000O01000O10000O010O010O10O1O100O1O100O010O001N1000010O000010O01000O0100000O010O10O000001O0100O010O001O010N100000O010001O001O00000010O000O1000O101M2N2N201N10010O0O11M3J7M201N101N2N3KRgV?
20140322200714Mh_12,_c\V11hPj05QoWO2N010O010O0000O2O0001O00001O000000100O0100O0010O010O1000000000O10000N20000O1000000001O0000001O01O0100O1O102N01O002N5Il[Qe2
20140322200714Mh_13,koTV21aPV13ZokNM30_Pj00\o30WPTO0ooM000000000000000O010O000PP2000PPN0co\e1
20140403081714Th_1,ZaZe24ko18G4N2N1O10000002N004L1OO101N1N2O31M10O2N02O0N1000O11O001O0O02O01O1OO110O0010O02N002OO02N2O3L5K1001O00O4M10O1N4L1N2O1N103M2N1N101OO020N2O0001O0000002N0O1000O10000O1000001O0000O010O10O0100O00100O100O010O100O101O1OO00100O110O1N11O011N0001O2OO01O4L20O10N010O3N02OOO1N2CcPN3fX[R1
20140403081714Th_2,R_gd2a0^o11O2O01O1O01O1O000O01O1O1O1O1000000001O001N100O10000O1O100O1N1J6K6M3N110O01O100O100000001O00002N0O100O100O10000O1O1O100O1O10O1O2N1N2N2L4O1O1O001O0O2O000O1010N200N201M2O1O1N10J4O3O1O101OO10QOoNoRNS1ol1SOjRNo0Vm1m0NO20O2O1O1O1BcMXSN_2il1cMRSN`2nl18100O1O000O1O_O[MhSNd2[l1`M_SNm0N;cl13_SNKbl13aSNJ`l15cSNI^l14fSNKXl15WTN]Oik1b0\TNZOdk1d0bTNXO_k1h0mTNiNUk1W1j1H8M3N201O01O1O0O1O2M110000O100O2O1N2N2N3L3N2O1N110000N20O0O0N4N10000O2N3N2N4JofRQ1
20140403081714Th_3,_VcR31dTl11XkUN3N1O2N1N2O1O1O100000O100O1O100O10O1O001N2O001O1O11N1O2O0010O10O000000O10O1O010O10O100M3O100O1O1O100O1O1O1N2O2N2N2N1O2N001O10O00010O0010O001O001N101O0O1O1O0O2O000O101O100N2O1O100O1O101N10M210ON3N1O3L3O01O10000000O02O000O1M4N1O1N3N2O1M3I6O2O0N2O2N1O2L4O1O2O4\OjPN2jg^c0
20140403081714Th_4,nYed01dSd32Wl]L3O0O101O001O000000000000001O0O100000001O00001O00000000010O00010O01O001O0000O10000000000000O10O10O10O0100O10O010O01O01N10001N011O1OO1001O000010O0O20O01O1000O01O01N20O01O1O001N20O01O010O0010O010O1O10OO2000O01O010O010O010O10O00010O00010O1O00100O1000000000001O000O101O001O0000000000001O000000001O00000001O001N101O1O00001O1O001O00000O1000O1000000000O10000O1000O010000000O010O010O0100N11000O010O1O010O0O2000O010O001O001O0O101O0O200O10O100000000O1000000000000000000O100000000O01O1O001N2O10O001000O01O100O1O100O100O0010O1OO110O0O110O1N3N1O2KPenf2
20140403081714Th_5,Yc`Q31PQT12lnmN3N1O2O0O3N1N1O1N2K5O1O2O1N1O1O2N1O1O2OO11O10O10O1000000O100N2O2N10O100N2N1O2N001O0010O02OO010O010O10000O101OO1001O0O3N3M2M3OO010=B1OO1004mQNWNgm1T2N01N1O1O3L1N3M2M3M4O001M4iNcQNc0on1BSQNEPo1:RQNBPo1=<M5JbXig0
20140403081714Th_6,Wblf13lo13M2O1O1O1N1010O01000O1O0000100O00001O0010O000010O010O000010O0001O01O010O010O010O00000010O0000001O0000010O00001O000000000010O1O2N001O0001O001O0O101O000N200001O001O1O001O1O00001O0000001O01O01O1O4M0O1O3M10O1O010O1O100O01000O1O2N1O1O1O1MVQNKmm16QRNLnm15QRNLnm15RRNKmm16RRNKnm14SRNKnm14RRNMmm13TRNLnm10TRN1nn1O0100O010O100O0010O01O00001O001N2O00001O000001O00010N10001O1F]PN5go1000000010O0O1000O1000O10000O1O10O010O01O01O010O0010FKhPN5Yo18100O1O1O100O1O1O00100O101N3Ld[el1
20140403081714Th_7,SVWW21jRh04olYO5M2N000100OO100000O100O001O00O1N2M1O201O1M3M3O1O1001O000O0O0102O4L1011N2NO2K4L4M1OI8OO1O1010C[QNAgn1;?01M4N2M3N]idd1
20140403081714Th_8,b__d22jo15M2F:N_OVQN0hn11YQNOgn10[QNOfn10ZQN0gn10XQN0hn11WQNOjn10WQN0hn10d0000oo30QPL00000aP20_oM0_o30`PN000QPN0]o97XPFN5N2O111N1000000000001O010OQP21ooMO0000PP60PPJ0000000000000ko50PPJ30N4O00000000O01000O0QP20^QL0Vm10h20cn10QPN000kN0ZRN0dm13\RNM`m11dRN0Zm10\1OiPV10WoiN1O0N0Po=OZQB6PPNJco10`c`S1
20140403081714Th_9,Wddm11no13N110N20N0101O0OM[PNMdo11^PNObo10_PN0`o11`PNO_o1190QP2O`Pl00boA0mo_O0PP20PPN000000000000000PP80kZ_n1
20140403081714Th_10,mm`V11\P<3^oE4N1O0]PNI^o16_PNO_o1:O1000001N111N0102N00002N002OePNDmn1g0101M2N2N3M:F]P]g2
20140403081714Th_11,`aXd11]Ph10aoYN4UPNNbo19N2O1O0001O001O1O001O1O0L]PNLbo13aPNL_o12cPNN[o13fPNMYo13hPNMWo13<N_PNOVo10=1]PNOloS40m\[P2
20140403081714Th_12,[SiZ28co17iMK]TN7`k16SSN[Od0?Yl1g0dSN[OZl1h0bSN[O\l1R1USNROkl1Q22N1CnRNiMXm1n1?kNVRNIUn1MU1M2M201ON1100G900O1000\PNO`o17NO100N2N20VoZc1
20140403081714Th_13,Wd^o11h[aP2
20140403081714Th_14,To\S31hPb01^o]O4[o1:O10O01O010O1O10O0O2N4M1O01N1N4HBhPNa0Vo16N1O1O10000O00N3M2001O0O2OBPQNMQo12QQNMon12RQNNmn11VQNNin11ZQNOdn10_QN0`n1OaQN1_n1NcQN2\n1MgQN1Wo1Kho^i0
20140403081714Th_15,WPee01WP>3doC20O01O101N101O00100O1O101O1N11O1O0O1O1N2O1O000O1O2M`nVX3
20140410195814Mh_1,oUge01[Tn12`kSN3N2N1O2N10001O0O10000000O10O10O100O1000000000000000O100O1000O0100O010000O1000000O10O100000O10000000WNLfSN4Vl13gSNMhk1g0TTNZOjk1j0STNVOlk1n0QTNSOnk1Q1jSNSOVl1P1dSNTO[l1U1YSNnNhl1T20001O01lM_SNh0al1SOjSNh0Vl1VOQTNd0Pl1ZOVTNb0ik1]O[TN`0fk1_O\TN`0ck1@aTN<_k1DdTN8^k1HdTN2_k1NdTNIbk17S2O2O1O100O0100O01000O1000000001O000001O00000000000O10000O01000O010O01000001N101N1O3MTiRQ3
20140410195814Mh_2,lPgf01VUj0:^jWO3M1O1O01OO2O00O10010O100O01O1O0O2M3L3O2M2N3N2N2J6M2nMROcTN_1[k1fN]TN]1ck1hNWTNY1jk1lNoSNU1ok1X15M310_M_SNd1cl1_N_SNV1hl1m03N3M2O1hNkRNFUm16lRNLVm10mRNNUm1OPSNNRm1LTSN2nl1KVSN3kl1IYSN8fl1F^SN8dl1CbSN<\l1AQTN6mk1HZTN5ek1GaTN7gm1M5KdkRU3
20140410195814Mh_3,[R]d11dPf08Ro[O5M2O00O2O1N01O1O1O1O100O10001N10001N11N02N0100O010O001O1O2N0100O001O2M2O1N2O11N6J3M2N0000O0001N1O2MejfW2
20140410195814Mh_4,kWma11]Pf13^o[N3N1O1N101O00010O01O001O10O01O0010O0001O01O01O01O001O001O001O001O1O1O1O00100O1O02N0001O0000000000O1000000O010O100O10O01000O1000O1000000000O10000000000000000000000O10O0100O010O1O00100O010000O100000O100000O10000000000O10O10O100O10O0100N2O1O1M4N2NkgfT2
20140410195814Mh_5,db^j11]Pj03^oWO2M2000000O1000O010000O10001N1000001O001O0010O100O1O2M2O1O01O100O1O1O00002\PNDao1>O1O00O100O1O1O11O001O2N1O1O000000000000O2IP]oP2
20140420195854Bh_1,ZejU11bPX11YoiN6L3M2O1N2O2N1O1O1O1O1O001O02O1N3M2O1N1O2N10000O1000O100O00010O0001O00000000000010O00010O0010O1O010O10O100O100O0010O0010O01O001O00001000O10O01O10O01000O1000000O100O1O01000O01O10O010O1O2MdXQc2
20140420195854Bh_2,dSke11RRX15YngNOnn18hPNMUo1a0N1N3N001O\O^QNIdn17b0O1000001O0010O01O0010O1O010O010O01O1O0100O010O010O001O010O100O1O1O0010O010O001O0O2O001O001O100O1N110O0010O1O100O001O10O01O010O1O010O10O010O1000O010000O2O010O2N1O001O00fkRS2
20140420195854Bh_3,VTWR21gQj01VnWO3M1O1O2N1000O010O1O10000O1000O10000O1O1O10O0001O10O01O10O01O01O001O00O200N1000N1101N10000O010M4L21N2N3O1O2M3M4L]k\i1
20140420195854Bh_4,_Xa[21`Pd12]o]N1O0O1000001N10000000000000000000000O2O0000000O100O1000000O1000000000000000O1000000000000O10000O100O10O01O1O100O1000O1O1O100O2O00001O1O1O1O000O1010O002N2O1N000000000O0100000O1000O11O0000000000000001O1O1O0010O1O1O001N101O1N2O000O1O0010Pg^[1
20140420195854Bh_5,dbhc21fPj08PoWO3M2O1O002N1O2O0O100000001N2O0010O1O2OO101OO4L3M1O0000000O1O1001O00010O00002aPND01ln1n0N2M4M2M2O0000O1O2L3N5J4M:E3KeZQX1
20140420195854Bh_6,[Xkg01fVh1:nhYN3L3L4K4N2N1N100001000M2M3YOYOWRNf0im1CPRN=gm1P1K4O12N3N3DURNaNnm1]1902O0M4G6L6O1N2DVQN@mn1>;000000101O04MO0O2N1O1L3OO2O0001K5B>L40O110O2O0O1O2N2N2N4M1N2M3N1O1N2O0O1000001O1O1N2O0O1O10000O11OO0100O01000O1O1O1O2N2O0O2O1O001O0O1O1O01O1O10000O101O1O1O1O1O1O2M2O1N2O10OO200O2N2N2L\fdn2
20140420195854Bh_7,gUYj01kUX21gjoMO\oK0oo10mn10WQX10]ocN0n00boM0oo90WoG0eQL0Zn10j00l00TO0VO0fQN0[n10j0000jPN0]n10cQN0^n10i00gPN0bn10]QN0dn10[QN0en11ZQNOhn10d01`PNOon11`00^PNOUo11jPNOWo11<O\PN0Zo10:101YPNN_o12_PNNUo19iPNJNNYo1c0000O2OECTQN=jn1HTQN8hn1`0OO2L500ONL313O00010O10O01O01000O1O1O11OO010O11N010000O1O1O1O2O1N2M3N2O0O2NRilk2
20140420195854Bh_8,QeRQ21iPb10Uo_N2O0O100O100O10000O100O001000O01O00100O10O0100O100000000O100000O1000000O2O00010O01O01N110O01000000O1000000O10O10O1O0100O001O1000O101O1O00O1001OO2O10O00O020OO2O1N2O1N2N0011N2O0O2M4L4KVYcg1
20140420195854Bh_9,Q_[a11bPT23cokMN_o1;O1N2O4K100jPN_Omn1a0QQNBon1=PQNFnn1:RQNHln18TQNIkn17UQNJln14UQNMln10TQN1mn1LTQN5ln1JUQN5ln1IUQN7ln1FUQN<kn1@TQN0Ka0Xo1400O101N100000000000FkPNIUo16lPNKSo15nPNJRo17mPNISo17mPNISo17oPNGRo18nPNHRo17oPNIQo17oPNIRo16oPNISo15mPNKUo12kPNOUo11kPN0Uo1OkPN1Vo1MkPN3Uo1LlPN4Uo1KkPN6Uo1HlPN8^o100O100000O01001O0000000000000O100O100O10001O00E^PN9eo1O01O001O01O01O000001N20O01O01O00010O0000001O0000001O0O2N1O2N2kPN^Oin1d0TQN_Okn1b0SQN_Oln1b0TQN_Okn1b0SQN_Omn1j0000000001N10001O1O001O1N3N3M1O1O1O1N3M2N101N110O0010O00001O00000001O0000000000000000001N10001O00001N1000001Nc^^R2
20140420195854Bh_10,ej\l01^P<4ZoE7K4M2M2O2N1O3MZOoPN>Zo1010O8IO1N3L3N2N2N100O1001OO100O011N2M2OkS]Q3
20140420195854Bh_11,oWiP31eP<2UoE=Fk0kPNlNim1Z1QRNeNom1g1000010001POoQNLUn1ZOmQN2a0`0dn1109FO100O10;D1O2O0N1O4HSe\m0
20140420195854Bh_12,RVQ]31RTb04fk_O6L4L3M8cQN]Oml1P1eRNVOWm1m0bRNYO[m1j0^RN\O`m1c1N2O3L]NlRN?Wk1hNVVNb0QOb0ej1QOUVN<\Oa0^j1SOTVN;D?Wj1VOUVN:I>Pj1XOVVN;62ei1@VVN>=KYi1H\VN>>GQi1NbVN:a0Fjh12fVN7a0Ggh14gVN5c0Geh14hVN4e0Hbh15hVN3f0Hch15eVN3j0Gch16aVN2m0Ich19ZVNNT1Hch1=TVNKZ1Ibh1`0kUNJe1Dbh1i0_UNEP2Adh1l0WUNBW2Bdh1h1XWNQNiM5Rk1e1XWNVN]i1^1fVNcNZi1Z1k2K3Md0[O4Jcgn?
20140420195854Bh_13,obhV31^Qb0;Pn_O:H9K3O1N09H001OO2O2M0O100lTN[Olf1e0QYN^OQg1`0ZXN]OQM6ij1<PXN9Rh1GiWN:\h1GmTNUOX2V1Pi1MiVN3[i12\VNNii12QVNNSj13iUNM[j12bUNNcj16UUNJoj17lTNGYk18eTNG_k18^TNEhk1;UTNDTl16hSNL]l12]SN2gl1MPSN8Sm1Y12[OiRN^NYm1`1gRN_N^m1[1dRNcNcm1V1j0I8H6J7F:IcXQf0
20140420195854Bh_14,Pmdd11^Rd11`m]N0F:L4O1O1O1N2O001OO2N01O0101O1N100O2OO10000001J5000001O01O10O01O001O100O00100O01O00001O00010O01000O010O10O01O000000010O010O010O000100000000O1000000000000000O100O10000O101O00O101O00001O00001N2O1O1O001O1O00000010OO1000010O10O01O000002_OdPN;ao10000O2N2N1O1O0O1OoQiQ2
20140420195854Bh_15,mW[k11no12N1O100O101O0O10000000000O010000O100000O10O10000O10000O100000O100000O010000O10O10000000O0100000O1000000O1O100O10O01O1O010O010O010O00010O0O101O00N201O010O01O010O00010O01M4MWiVo1
20140420195854Bh_16,WZ[W25jo1:G1O1O00O2N3O2N04[PNHYo1a0N100010O3N00O0001N100O1_OhPN8ao10O2N00001OO2O001O1O2N001O000001O00000000O2O1O001O1N_dbe1
20140420195854Bh_17,U\S[21RQ61\nK9fPNIWo1c0L:F4M3M4M3MnNfQN?Yn1@kQN=Wn1ATRN4Pn1FVRN5UaPd1
20140420195854Bh_18,l`PS31dQ\15TneN3O2M111O010N10O0002O0O1O11O1O1O000000001O0O2O00O2O10O01OO100000001000N2O1O2M3M3N100N200O1O2ODXQN@fn18f0J40110OVQNMim19oQNGUn15kQNLTn15kQNLUn12mQNMVn10n0OnPN0Z31^f1OYVN0S37df1IYVN0m20^L1\j10YVNOj20dL0[j12UVNOV2OWM1JO<0^j10nUN1Wn10iQN0Wo11oNN`UN0[k10O010YM0`UN0ok10Y10XQN0am10V10UQN0hm10TO0T20O1TP6OnoI0O210OOiXUf0
20140420195854Bh_19,gj\U31bPj04XoWO2N2O000O2O00100O010O10O0100O2N1O2N2N1O1O00100O3jPNWORo1m0O0O0O101O9HO4K1O2N2N=D1N1O2O0O1O010000000O11O0O1N101O03LUS]f0
20140514195854Bh_1,XZ_U13_Rf00cmYO0fo16O0PLIVXN7kg1JTXN6mg1JRXN5Ph12fWNO\h12aWNN`h14\WNNdh14XWNMih14UWNMlh13SWNLoh15mVNLUi15dVNO^i12\VN1gi10UVN0Pj1NlUN2Yj1NcUN2aj1N[UN3hj1MSUN4Pk1NkTN2Xk1OeTN0^k10`TN0bk1O^TNOek1OZTN2hk1MWTN2lk1OPTN1Sl1NkSN3Wl1MeSN4]l1M`SN3cl1MWSN6ll1KnRN6Vm1O_RN3em1P14N5J4N2M3M4F;F;GReVg2
20140514195854Bh_2,Tbfb23lo12O1N2O1O1N101O1O1O1O1O2N100O01O01O01O1O001OO100001O00010O0100001OO02O0O001O1O01O1O3M100O101N1O1000O101N100010O00000O100O0001O00000O2O1N20O0101O1O000000O0100N2O1O2N1O1N^\oW1
20140514195854Bh_3,Tbde01aPh01[oYO6K101N10001O001O01O000000000O100000001O011O0001O0O100O10001N106J3L10103L1N4M6I4L2O0O10O1O2N4K2O1N3POYQNa0Vo1L3N3LR\WV3
20140514195854Bh_4,l[ST31gPh01ToYO5jPNKZn18fQNJVn19hQNITn19mQNHQn19nQNHQn19oQNHPn19nQNHRn18mQNIRn19lQNGUn19jQNHWn18eQNLZn15cQNN\n1l000O0101N4L101N2O002N0O1O0O1O1O1N2N2N1O1001N11O01O01O100O1O1O10ON201N101N10001O1O1O1M4Ldcbg0
20140514195854Bh_5,jSUW31jRP1:ilQO101O00001N2O1O1O1O1N2O1O100O02O0001O1N1O2N1O100O1000002N4L1O1O1OO10O0O1O1OM4O2O001OYQNQO^n1P1`QNSO^n1Y1M2M11O2N2M201L30001O01N1^OmNWRNT1hm1QORRNo0om1>301O0O1N2J7N1O2L5K4XOVQN7mn1F]QNNZj^c0
20140514195854Bh_6,]bhR21lPT15nnmN3M2N3N1O1O1010OO10000N2O1O12O000O0O2OO7KO00000O103M2N3NO2M4NOO211OO1O1O0N2OO111O0lPNBcn1o00O0O0O2N2M2M4M3M2N2O3L6IPYeh1
20140514195854Bh_7,b_]V23eo1<K2N101N10O01J5GZOYQNf0dn1AWQN`0in1<OOD=N2N2000N1O3M2FeQNnN]n1R19I7MMUOWQNi0in18O01O1O1O1M3O1O2N2O1M3L4N3O01N1M200O10O2N1O2O0O2O00000000O110O0101H^ble1
20140514195854Bh_8,`TaU24ko12N101O1O1N2O00000O10O1O0010O1O0010OO1000000000000001OO10O100001O0O010O100O11O0O01O1M211OO101O0010O01O010N2N2O3L4Mlljf1
20140514195854Bh_9,h`XY21YP>3hPB1dm12WRN1im10URN1km10SRN1nm11nQN1Qn10nQNOSn16eQNM[n16`QNKbn1i000100O001O1O1O1O1N3N1O1N1N4ZOjPN<_o1N2N1O2O1NW^ad1
20140514195854Bh_10,aiZo11PQ^11mncN6J5K4K4L2O2N1N2O1O1000O1000001O000000O2O1O0O2O1O0O2O0000001O1O1O1O0O3N1O001O01O1O3OOkN\QNl0dn1SO_QNl0ln1O002N0O10O1004L1N10000000010N100004L2N1OO10O1O01O0O10000I7J7N1O2O1N2OBMPQN2mn14QQNIon1:QQNDon1?NBPQNa0mn1`0J100O11N1O1O1O1O1O2N5K3M100O1O10O0010O010O1O3L5J]T[h1
20140514195854Bh_11,lnXk22jo16L3O10O011N00100O001O000O10000000O100O010O010O1O001N100O2O0O1N2O100N100101N2L4M3KSRSR1
20140514195854Bh_12,fobm2:do1<E4L4M111WQNUOXn1l0eQNVOcn1b0YQNAjn1i03N1N11001N1WOPQN>]o1M1O1O0O2O1O0O10000O010000O1000000000O001O2OO01O01O0001O000010O01N2O2MXnXo0
20140516234034Lh_1,[Xck11kTR15mjoN2O1O1O1O1O1N1O2N2O1O0O2O1OO10O11O0O11O00O100O1O1O0010O101O01O01O001O0001O0001O00001O010O10O0O2NhMBQUN=Pk1FmTN9Uk1IhTN7Xk1LdTN3^k11\TN0fk12TTN1lk13nSNNTl1b0oRNJRm1`12N2N3N1N3L5L4K4J7jNV1K6J^fPo1
20140516234034Lh_2,gcTW21ePf07Ro[O3M:G3M3O10O5J100O2N1O0001O1O0000O1001O00O100001N02O0O2N101000O10O01O2N10000O101N4L000000O1N2N3L3M4KcYod1
20140516234034Lh_3,c^mR11lRV16klkN2N2O1O1O1O2O0O1N1N2000O1O10O10000O1N2O11L3N3N110O01000O100O2OO010OO10010O000001O0O1O10O101O001O2OO01O000000000000000000O1000O1O10O01000O10001O0010O1O1O10O0010O00100O0O3Nk``f2
20140516234034Lh_4,SRoP2:eo13N1O1O1O00O10000O10O1001O000O2O0O2N2O2N12N000O1O1O1O1O010O1O0000000O100WSNEli1<QVNGoi1:lUNJTj17eUNOZj12eUNOZj13dUNM]j13aUNN_j13`UNMaj13]UNNej11YUN0ij10TUN0nj11oTN0Sk13eTN0\k12[TN3hk11RTNNSl11iSNO\l1OUSN=Vm1\OdRNg0_m1j04L4D=E:I7K7F9I:EblRk1
20140516234034Lh_5,RcX]11jo17N3L3N4L2M2O1O1O01O1O00001O00010O010001O01O001O000001O1O000000O2O000O10O1000O11O0O0100O010O1001O1O2O5J000O1O000001O1O2M10001O001O001O000O2O010O1O0001O1O1O001O1O1O101N10O01O01N101O001O1O1O1O001O001O1O000000000O10O0001O0010OO2N2M3M4L2O^[[[2
20140516234034Lh_6,_^]f22lo14YPNNZo1=O1N2M3N2N2O0O10O2O0O2N1O2N2O1O001O1O001O001O1O010O01000O1O2N100O010O2O0O2N2O001O00lPN0To10O1MMXPN4fo15ML]PNObo11`PNN_o13240M3O20bPNLPo14mPNOSo10nPN1Qo1OoPN1Ro1NmPN3So1MlPN4To1LlPN4To1MjPN3Wo1OfPN2Zo19001O1O100O1N1001O00000010O0001O1N100N3N1N201O1O1O2M2O1N2N2N101O0001O1O1M4B=N201N2M2O1L4LPcjR1
20140516234034Lh_7,gWkf21]Rd02_m]O0O2N101N2O1O001O0O00010O1O2N100000O0101N2O0O1N1L5N100100O0M4I6N3O1N2O010000001N2NlglU1
20140516234034Lh_8,XXek24ko11O2N1O1O100O10O01000O10O010O01O0010O0100O00100O010O010O010O01O001O0001O00O20O00000000000O100000O010001O000O2N3NnhhP1
20140516234034Lh_9,maZ[11`QV21`nkMO00QP60noI000000000QP20_o70bPF0O000000000iP40WoK000ZO0ZQN0gn10YQN0fn10[QN0[o10ZO0ZQN1\o1O00O100ZOO[QN2Zo1O0101ZOM]QN2cn1N^QN2Zo11UOMk0000SP<0fPB0]n50iPL010O010O0f00eN0ZQN0gn30_Q>0Vo_O0RP40M0PPL00000000000ZO0\QN0Zo10000000]O0VQN0]o1001O001N3N1N1O0000OAJXQN6Wo100KUQN5lm1LhQN1I5Sn1HkQN4:0D8Vn1EhQN3b0c0gm1^O\RNa0am1^OeRN`0Zm1^OjRNa0Um1^OmRNb0Xn1101N100O01O2O000O2OO001O001O010O11O1O0O0100O1O0O2O0O2N1000O1[OoPN:co1HYYUY2
20140516234034Lh_10,^g^m21aQd04Vn]O7L2N2N3M9G4L3M1L4L5M4M5K3M4M3M2O14Lf0^ONO6J0O01O2M4L7IO2O3M3L4L3M3L1O101N12O1N1001N4L4K4L7FlTQo0
20140516234034Lh_11,h_dm21bP`07SoA7K5K4M1N3M2O101N2O100O1O1101M6J0000O1O1O10100O1;C2O0O1O1O0O2O1N2N2O3LZ^co0
20140516234034Lh_12,jZek11]Rj04]mWO1O1OK5Oio;0WPD01000jo90VPF000ko90nc\Q2
20140516234034Lh_13,cQSh249MVo18fPNJYo18dPNJ\o1=000O100O2O001O000O011N010000O10O100000O1000001O0000000001O001O000000001O0001O000000100O1O0000001O011N0O2O00000001O000O101O1M2O100O2N2N1LXPNNSn^S1
20140519195834Ch_1,kPYQ31eQV16SnkN2M2N2M3O1O1O10000O010O101O0000O1000000000000000001N1O00001O001O1001O00000100O2OYTNCkg1<mWN8gg1HUXN?hg1CSXNd0kLTOaj1c0VXNi0jg1[OoWNh0Qh1ZOkWNg0Vh1ZOfWNi0[h1WObWNj0`h1VO[WNl0gh1TOVWNn0kh1ROQWNQ1Pi1POlVNQ1Vi1POgVNQ1[i1oNaVNR1ai1oNZVNS1ii1mNQVNV1Qj1oNXUNa1kj1h12M3M4L3M4L3N4J4DlSNgLZl1T3=K6I6J5F:J7QNfRNn0Zn1J6Ef0Aijfh0
20140519195834Ch_2,[ZSi21RSX13iliN2O0O10000001N10O01O01O1O1O001O100O1O1N2N2N110O10O100O010O0100O00001O0010O01O1O10O01O1O0O2O1N1O101O0O2O1O001O001O1M2O2N1O2O1L3O00O101N20OO11O1001OO2ON2N3N2M2O3M2O2N1N2O1O1M3N2O2N2K6JQelo0
20140519195834Ch_3,lTmo14jo13N10O01000O0100O010O001O1O1O001O10O10O1000000000O100O100O100000O100O0100O01O010O10O01O10O001O010O001O1O0001O0O11O00001O000001O000001O0O2O2M3NYlbk1
20140519195834Ch_4,^XUg01]QX12^niN2O1O100O001O010N2N1000O20O00000001M2102NO010000000O110O01O01O10O01O01O1O1O2O1N10O01O10O01O0000000001O001O000000000000000O100O100O100O010O01O1O101O0O2N2N10000O0100O100O01O1O1O001O1M2O2MLoPN^OQo1a0601O2O1M3O1N3K5MXgTQ3
20140519195834Ch_5,a]_k11PS^25hlcM4L3O0O2O0O10000000000O1000000O10000O1O100O1O10000001OO100O100O1O100000O1000O0LYOQQNg0on1ZOoPNg0Ro1YOmPNf0To1210O0N300O10DRQNFmn1:TQNFln1:TQNEln1<TQNDln1<SQNDmn1=SQNCmn1>SQN@nn1`0RQN@mn1a0SQN_Omn1`0UQN_Okn1a091000O1O010O10O0100O0100O100O1000001O0O100O10000O100O01O010N2I601O010O1O0010O010O001O100O00010O1O100O100O010O0100O010O1O00001O1O000100O010O10O01O1O1O1O1O10O100O1O100O1O00100O0010O1O100O001O1O01O10O0100O100N2O101N1N3M4Lha`g1
20140519195834Ch_6,fVka11_Tl10akaN0ooC1O00001O00000001OD0hPN0Wo11jPNNUo14jPNLUo15;1N2O0`PNHXo18hPNHWo1:gPNHWo19hPNHXo18gPNHYo19fPNHYo1?1O010O1O01000O001O001O001O010O001O010O0100O101N010O10O10O101O000000O2O000000010N10000000O100000O10O010O0O10M3M210O0100O1O101oMB_TN>bk1C\TN=fk1BWTN`0kk1@RTNa0[l1LkRN4kl1@]RNd0b0LRm1>kRNBUm1b0fRN_OYm1d0eRN\O\m1g0^RN[Obm1a11O1N4L5I6K4QOeQN4`n1FlQN0Uo1KVgZU2
20140519195834Ch_7,i]io11fQb20XnaM0no?0QPD0QPL0QPN0oo1000QPN0oo1000PPN000PP20iok00VPXO0PPN0QPN000no10RPL0oo30RPL0000000baVi1
20140519195834Ch_8,Xo^=1dPn05UoSO4M2M100O11N2O0O2O02N2O0O10O001000O1N101N2O1O2O1N10000010N100001O1O12M5J2O1O000O0103L3N001O2N2N4MN2N8H1O1O23L00000O2O00000000O101N3M3M5IlmX]3
20140519195834Ch_9,jdZd21^Pb04\o_O2N1O1N2O01O001000O1000011N10O1O0101N011O1O00010O0O11O0O1010O01O0O100O1O001N103JVZaX1
20140519195834Ch_10,[iV`01ZPP14`oQO100O101O001O010O001O00100O001O001O010001N3N00O100O0101OO10000O100000000O010O010000O1O100O001O0100000O01O1000O01O10O001O1O1N2OVUiZ3
20140519195834Ch_11,SV[o07go12N20O0100O1O1M3L4NO2N1010O011O01O1000001BdPN6do1O1O1N[jRo2
20140519195834Ch_12,WnTd11bQ84SnI7I6I7L4M2000E:L5NO1O30O1O2O2M`QcZ2
20140519195834Ch_13,ZgVc21XPn05boSO1O0010O01O100O00001O2N0000N2O1O1O0100000O1001O0001O00010O0O1010O0000001O001O100O001O0010O01O2O4K2bPN_OZo1e0OO101N1O2N02O0O1O0001O001O001J6O3JiWcW1
20140519195834Ch_14,ejfT14ho16M2O001O1O000000O10000000O110O00000000OMEcPN;]o140O5L0O2O000O100000O0100O10O01O1O100N3MbUeh2
20140519195834Ch_15,di`a11VPf06bo[O2O1O1O00000001O00`PNJWo15hPNMWo13iPNMXo13gPNMYo14fPNMYo14fPNLZo14fPNL[o13ePNM_o1OaPN1`o1700O100000O10000000O1000O100N2O1O10O100O1O1O101O0002B_PN:do1O1O001O1NkUeZ2
20140520200054Bh_1,QX[l01WVT28\imM5M2oNF[RN;nl1g0eRNZOZm1j0cRNVO\m1m0aRNTO]m1Q1`RNoNSm1T2M5K3O2M1O2M3MC`0]Od0O0O0O2O20O1O00^O`RNeNam1W1f0N2N2M3L5F9L5M2O2N2O001O1O10O01000O01000O0010O010O0100O0001O01O0000010O00100O010O1000O10O100000000000000001O000001O000000000000000001O0000010O00100O010O010O0010O0010O0001O00010O01O00010O00010O01O00010O0000O1000000O010O01O01O1O01O01O010O01O001M20000000O101O1O2M3N3Kffdg2
20140520200054Bh_2,Ycnj21gP`11VoaN3M101N101O1N3N1O1O001000O1O00010O0010O1O00100O1O00010O010O01O1O010O0100O1fPNAQo1i0O0O10O01O1O0010O01O001O00001O01O01O010O000100O001O00100O010O1000O100O2O003L2XQNQO\n1[1N101O0O1000003M3NOO2OO0100O0001O0SORRNHom11YRNMgm12[RNMfm11_RNKbm13aRNK`m14cRNH`m16eRND]m1;U1O1O3L3M^Zml0
20140520200054Bh_3,b]oP33jo16I9J2N2N2N2O0010O00102M2N3N1N2N1O100O1O01O000000001O0000000O2O0000001O0O1O2N1O1O100O100O1O00100O1O001O1O1O001O01O0001O010O00001O10O10O10O0010O00010O0000001O0I700N2O00001N2O10000O1000001O0000O2O0O2O001N101N2O001O1N2O1O010O1N2O1O2M2L5H9CaPN1ncdg0
20140520200054Bh_4,dWWR21RSn05flSO4M3M1O100O10O1O0000100O0100O0100O010O100O0100O010O010O100O00100O001O001O001O001O0000O02O0O1O1_O@bQNa0Un1i0K5M200002N1O2N1N2N3N3M2M4QOaQN9Vo1L4KSghh1
20140520200054Bh_5,fojQ24ho16M1O1O10O000001N1YOL`QN8]n1g0O1O10001O3N7I00cNmQNm0Uo1^O10000O10001N13L003M1O2N2N001OO2O2M3N3L3N1N1O2N3M2MmnXk1
20140520200054Bh_6,e^SV21nQj10nmWN6M0O1O10000O2O000000000O1000001O0000O100000O10000000000O10O1000O01000O10O01000000000O010O1O010O10O010O001O010O1O1O00100N101O001O0010O10000O10000000000O1000O10000000O100O1O00010O01O100O010O1O010O0100O0010O00000O2O1O010O010O10O1000O0100000000O10000000000000000000000O10001O0O1O2N1N3Ml`V_1
20140520200054Bh_7,kTm]26ho14M2N2O0O2O0000000O0100O0100O10O0000010O1O00001O00000000010O01O01O0100O1O01O01O010O00000O101O0O2O00010OO101O001O0O1000000001O01O010O001O10O01O001O1O1O1O3K3LilT]1
20140520200054Bh_8,Ynnc01hPX12QoiN5N3M3N1O2M2O2O0O2O4L0000O100O100O100O2O6I3M10000O100O1010N100O010O00100O00010O001O0010O01O100O2O2M3N0000O3NO02N1O001O100O11N0100O0100O010O1O100O100O1O01O00010O0100000O1O1O010O1O1N2N2M4KQolT3
20140520200054Bh_9,hV[^11[Pb02ho]O4_o19M1O3N1O2N1O0002N001N0010OOO^OgPNb0Zo10101N2O2O0O2N101N01000001O001O00O2OO11O002N5Khhd^2
20140520200054Bh_10,hoRo11aPT15XomN2N1O1O000O20O001O1N6Joog10SPXN1N210O01O001O1O00100OTPN0go10VPN3no1OO12N00\o9OePF1gPNO_n12i01bPNMjn11ePNOXP:0loE0eo151O2MjnRk1
20140520200054Bh_11,Uhlg01]Ph04[oYO8K2N2M2O2O1N1O11O001O013N0N0O1000000O10O01O100O10000O0101N1O010O1O001O0010O001O1O0O100O1000000O1O100O1O1N3NaVmS3
20140520200054Bh_12,onVe033Nmo10iP^10WoaN0O010monX3
20140520200054Bh_13,oh^h01WPd00io]O1O001O010RP4NooK0QP40O0RP40noG0VVaU3
20140520200054Bh_14,nihm11cPP19RoQO3K3L5N1O10N2O2M200N2N2O10O0O20000O1000O0100000000000O101O0000001O000010O10O10O010O000O1000001O01O0000010OO101O010O1O2N11N01O0000O10001O001BcPN7do1M5KYUel1
20140526195834Ch_1,mffk21gPP21UoQN4N1N3O0O1O011N010O100O02O01O0000001N10O011N010O101N11OO2O0O11O1\PNF_o1?00N10000O10O010000001O1O1O0O1001O00001N20OO10O100O10000O010O100O001O1O0100O100O010O01O002O0O10O1O1O1O1O01O1O1O0101N1O001O0001O01O000010O00100O1O01O01O0000000O10O100000000000000O2O0O101N100O10000O0100O100O1000O10O100O010O1O1O001O0O2O1O1O0O3M2O\Vch0
20140526195834Ch_2,XnTU11bPb10[o_N3N2O2N1O1O001O00001N101O0004MO01000O010O010O01O01O010O010O00001O00001O000000000000OO200O1000O1000000000001O4L1O0000010O00000001O00001O001O001O001O010O001O010O10O01O1O10O01O01O0010O0001O01O00001O00000000001O00000000000001FbPN0^o1OdPN1[o1NgPN1Yo1OhPNOYo11hPNNYo10hPN0Xo10hPN0Xo10jPNMXo11lPia2
20140526195834Ch_3,_Rgn11]QX18TniN7M2O001OO1N200O1N3O00O10O10001N2O001O100O10000000001O01O001O000000001O0010O0010O0010O01O1O1000O02O00100O1O100O1N1O2O2N1N2O00001O0100O000101N3N1O1[QNQOUn1R1`QNZO\n1Z1KO2O1O0010O10N22N04J:F4K3N2M4L?AliXj1
20140526195834Ch_4,RZoU21_WX33ZhiL3N2N2N2M210O0000100O010O100O1O1O2N1N2O001O1N110N101N2O0O101O00000000O1J5N3O1O02ON30NO20N101L400N210O00O2O001M3O1M210N10O1000O02_O?101O1O00100O100O1N2L4O1N100010O000O101N020N110N11O000000000010N11O1O00100O10O100O1O010O010O100O100O0100O1O01000O100O1000001N2O1O1N101O000O10000O2O001N100O10000O0100OO20N100O02OO1000010N110N100O20OO101OO02O01OO020N11OO0110N11000O1N2O0010O01O00O10000O20OO101OO2O0001N010O100O101OO100001OO02O001O0010N110O100O100N20O01O1O001O1O1O001O1O1N2O1N3N]dPX1
20140526195834Ch_5,jdRU11UQV18_nkN5M3M2N2O2M1O1O2N101N1O10000O1O100O01N1EUQNBln1;XQNCin18b0O1O010O1000O100000000K4O200O1O10O1O1O1000000001O00001O1O000000O2N1O1O2N1001O001O2O0O000O101N3N2M10001OO101O1N2O1O1N3N0O2N2N2McZ[d2
20140526195834Ch_6,hVcY11^Ql03WnUO:K3N1O00N2K410000001N101N101O00100O01000O010000O010000O10O2O00000O10O010000O001O10O0010O100O1O00100O10O10000O10000O11O00001O01O1O1O1O2KXPNM`hXa2
20140526195834Ch_7,iVQQ31jQf02Qn[O4M1N2O1O10O10M102NO02000N2O1N2001N101O10O00000O10001O001O0010O010O100O01N2O1O010O01O00100O1O1O1O1O0001N1N5Llhjj0
20140526195834Ch_8,[ZiS34ko1100O1O100O100O001000O10O010000000O10O100O10NJZPN6eo1300O10001N100000O10000O10001O00100O10O01000O01O010O10O010O010O01O1O2Mde`h0
20140526195834Ch_9,WZg`11fQj23UnWM101O1N1O1O100M201O1O100O01000O100O0100O1O1O10O0100000O100O10O01O1O0100O100O100O10O010NN`PNH_o18bPNH^o18cPNG\o1870O01000O01000O0010O01O1O100O100O001000O01000O010000O100000000O10O1000000000O1000O20O0001O1O001O1O01O01O0000000000000001O000000000000000000000000000000O1000000O10000O100O1000O100000001O1O2N1N10O10000O1O100000bPNHTo18kPNJTo16lPNJTo16lPNKSo1a00000000001O01O1O1O1O1O2N00001OUQNAUn1`0iQNBWn1>gQNDXn1<hQNDXn1`0dQNA\n1`0aQNA_n1a0^QNAbn1`0[QNAfn1l01O010O1O010O002N2O1N2O7TOiPN`0_o1L2O0O101N2OO03M1O001O0010OO2O1O\c`o1
20140526195834Ch_10,`hnc11ZQn03]nSO6M2M201N110O00O2O0000O1001N100001O1O100O10000000O1000000O1O001O010O01000O010O01O010O010O1000000010O010O110O0O1O10O1O2N1O100O01O1O001NlVkV2
20140526195834Ch_11,dZk]13jo15L2O1O1N010O2O1O00101O0O1O0N20OO101O10L4N1O2N2O00101N01001O0000O1O1000O100O1001O0100N2O1O2NQgV_2
20140526195834Ch_12,^ibS31nPl11QoUN0O1O0000O10O0XoS1OjPlN0PP20PPN014LL]V_h0
20140629195814Mh_1,YobU21VXT24_gmM6O1O100O1O001O001OO1001N002N100O20OO100O101N010001O0O2N100O2N100000O1000000O11OO100O100O1O2N1O1O1O1N201M1001O0010O02O000O110O1O100O1O1O1O\L[OPXNc0og1IgWN7Yh1LdWN3\h10bWNO_h11aWNO`h11_WNNbh12^WNNah14^WNKbh17\WNIdh18\WNGdh1:\WNEeh1;[WNDfh1=YWNCgh1=YWNBhh1>XWNBhh1>WWNCjh1=UWNBlh1?SWN@oh1a0oVN_OQi1a0oVN_OQi1b0mVN_OTi1a0jVN_OXi1a0gVN_OZi1`0eVN@]i1`0aVNA`i1?_VNAai1?^VNBbi1>^VNBbi1>]VNCci1>[VNCdi1>\VNBci1?]VNAci1`0[VNAfi1?YVNAhi1>XVNAji1?TVNBni1=QVNCQj1>lUN@Wj1`0hUN@Zj1`0dUN_O^j1b0_UN_Obj1c0[UN\Ofj1T1jTNlNWk1U1fTNlN]k1S1`TNmNfk1o0XTNROhk1o0VTNSOjk1m0TTNTOmk1l0mSNYOSl1h0iSN[OZl1d0_SN@dl1?RSNcNMS1Sm1e14L3I7L3N3M2N3M2Ng0XO6K4J4N4K3O3K5KXlb_1
20140629195814Mh_2,nTQV32fo19L2O2NNcPNEZo1=gPNBXo1=fPND^o19501O1O1O001O00100O10O100000O1000O10000O1000010O1O0010O002O0O010O10O1O10000O10O010O10O01O100O1O010O10O1O00010O001O01O10O02O0O010O2NQk\e0
20140629195814Mh_3,dn\Z11`SV15UlkN6M3O0O1O001N1O101N10K302O2O1O001O01N1010O0O101N1O11N100L401O0001N101O1O0000000O1O0010O1N200O0000000100O10001O01O0001O001O0000O101O0O2N100O11OO1OO20001O1O10000O1O2N1LjPU_2
20140629195814Mh_4,aQoQ21bYl22WfUM7J5L3nLKSVN9ki1KSVN6ji1NRVN5li1OPVN4_N[Obj1d0kVNS1Qi1oN[VN[OiNk1ij1kN\VN\OiNj1kj1kNYVNh1fi1YNWVNi1ii1XNUVNh1li1ZNPVNg1Rj1XNmUNh1Tj1YNiUNh1Xj1ZNcUNh1^j1ZN]UNg1ej1^NoTNg1Sk1b11L5K4^NjTNSN]k1h1lTNPNXk1l1PUNlMTk1S2nTNhMVk1U2\1L3N2O2O1N1O2M201POQRNMPn1NYRNMhm11]RNJem14bRNCam1=R1N0N30O0101EhPNMYo1MmPN3Ro1MoPN2Ro1MoPN2Qo1OoPN1Qo1NPQN1Po1OPQN1Po1OQQN0on10QQN1_o1OO10OA0RQN0ln10TQN1kn1OWQN0\o1000[o10[QL0cn11^QNObn11^QNOan30f0020fPN0eN0ZQN0gn10YQN0Zo10_O0TQN0^o10_O0a00lo50ePL0_oM0]O0WQN0gn30YQN0\o10UO0jPN0mPN0To10RO1k0001SQNNom12o0OQQNORn11n0OPQN0Sn11n0O00mPN0enW10_PjN0O010oo10PPN1DOiPN0Xo10hPN0Wo10i00WO0jPN0Uo10kPN1To1OmPN1Ro10nPNORo11oPNOQo11oPNOPo11QQNOon10RQN0nn10RQN0mn11SQNOmn10TQN0ln10TQN0kn11TQNOmn10TQN0ln10b00`PN0Po10?1`PNOQo10PQN0Po10oPN0Ro10nPN0Qo10PQN0_o11001O000000O0PP20PPN0L30O2N200001O1N100N11N102O@OQQN2So1NhPN2]o14Wl`_1
20140629195814Mh_5,cVQb01bUh05WjYO4N302K1O0N2O1O1O0000O02O1O100RLBXXNa0^g1I_XN8]g1O`XN0_g17[XNJdg1:XXNFeg1?YXNAdg1d0ZXN\Odg1i0YXNVOgg1o0TXNQOmg1Z1hWNeNZh1`1`WN_Nbh1b1[WN]Njh1b1TWN]NPi1b1lVN^NXi1BVUN]1]1ROUj1n0eTNdN2b0\k1k0ZTNoNM;mk1j28H6`LdSNR3jl1J4L2N3L4L3M3N4K5M3L4M1O1N3M5J8]Od0G6IjdjY3
20140707023654Uh_1,nob>1dPf1<mn[N3O1O1N202M3gPNYOTo1n01M0N1O0O11O1O1N3O1M2O0O100000O2OO100000QOTQNi0So1N10O00100O0100O2N00100O000001O001O1O0000001O000O11O00001N3N1O1N2O010O01O1O2N2N001O0001O0000001O000000000001O000010O001O01O0O1O1O1O10000O0100000O100O0100O100O1OO101O0100N2O1N2L3N3O001OO01O2N2M202I\PNNomlW3
20140707023654Uh_2,bgfm21dPf08So[O7I3NO010000O10O2O0O2O001O0O010O1000O01O100000cPNHQo1f0N0000O2O1O1OO1000O3N00102N01QQNEVn1T1N2OO100N2M4M5J8H;D:ESU_n0
20140707023654Uh_3,][mn11jRn0;glSO5J4L4N1O2N02N1O1O1N3N1N2O1O10000O1O10000001O001O1O001O0001O1O1N10100O1O010O0100O1O100O1O1O001M2000N11O010O101O000O2OO1L4L401O1O00001N1O3M4Kocfk1
20140707023654Uh_4,_lRh24co1:M2O2M3N1O0100O0000000001N101O01O100N200O00N2N2N1TOXObRNi0Zm1B_RN=_m1J\RN6cm12VRNOQk1WO^WNm1bh1WNZWNi1fh1YNWWNg1kh1ZNSWNd1Pi1]NmVNb1Vi1_NhVN^1]i1bNaVN\1bi1eN[VNZ1hi1gNUVNV1Pj1lNiUNn0aj1TOZUNc0Rk1_OkTN=[k1DcTN:`k1G^TN7fk1JWTN5lk1MoSN3Ul1MfRN[Oo0h0]l13_SNKfl1;oRNETm1>fRNC\m1<aRNG`m1[13M4K4J6I7D;J6I7K5JVXST1
20140707023654Uh_5,mjP`21Qm12iUN6oi1MnUN8mi1KSVN6ii1LXVN4ei1M\VN4bi1L^VN4bi1L_VN5_i1KbVN6[i1KfVN5Yi1KhVN6Ui1KlVN5Si1KnVN5Qi1KoVN6Pi1KQWN4nh1LSWN4lh1LVWN4hh1LYWN5eh1K[WN6dh1J]WN7ah1I_WN7bh1H^WN9ah1GaWN8_h1GcWN8\h1HfWN7Yh1IhWN7Xh1IiWN5Xh1JhWN7Xh1IiWN5Xh1JiWN6Wh1JiWN6Yh1HgWN7Zh1HgWN8Yh1GgWN9Zh1FgWN9\h1DeWN<Pl1O1O100O1O1O100O001O0000100O1O10O00000O2O001O00001O00001O000O1000000O010O10O0100O10001O00000000000000O10000000O100O010001O0O3G\PN1PPZ1NiogN4N2L4O0M4N1O1O001OIiPNFXo11RQNNmn11UQNOkn10WQNOhn10d00g00cN0f01gPNOcn10]QN0cn10]QN0cn10]QN0cn10]QN0cn10cP60TPJ0O1O1N2N1OO1OTO2jQNMTn14VQN1?K[n11aQN1OO^n1OjQN3AObo13jP8I[oG101O0N2H5I25E>1O01O1010O1VOOeQN2To10SOOmQN1Po1000O1M2M3H:K4K5M3LTO`QNa0Wn1DQRN7Po1DWWoS1
20140707023654Uh_6,YUaV31RS`03flA7K5M2O1N2N3M2M4M2L3M2M3M4L3M3L4J6O1O1N2O010nNVNmSNj1Sl1ZNhSNX1^OjNkl11`SNg07TO_l1b1S1M2L5K9G7J4L3M3M3J;ESidf0
20140707023654Uh_7,Pid]21gQV24RnkM5L3NK^PNO_o10iPNMSo12RQNLmn15TQNJjn18?01N5L000000001ORP2OUQ`10in]N0F0;0YPN0\o10dPN0\o11cPNO^o10bPN0^o10bPN1]o10cPNO]o12bPNN_o12`PNO_o12aPNM_o13aPNM`o12`PNO_o11aPNO_o10cPNO]o11cPNO]o11dPNO[o11ePNO[o11ePNO[o11;O[PN0Zo10fPN0Zo10;0\PN0Xo10hPN0do10000000O01000O010000000PP`00PP@00000000000O1000000O3M3K31O100N2O0O2NPPb02no]O1O2O0OJ]PN1jo100O1O001O0000O010O010Poo10ePVN0UPJ3NOVU[U1
20140707023654Uh_8,___`23io15N100O1O1O0001O0010N101N1O11OO101N2M2O0K_OlPNc0en1b000O02O1O100O2N1O1O1O1O01O0O3N1O0N20O1O11ON2O1K6N2N200M4N3N2L5GbcT\1
20140707023654Uh_9,RYiR11aPj08VoWO1O2N4M1O01O0001O01O0000O10O100O001000O100O0010O01O2N101O001N1`QN_O`m1a0_RN_Oam1b0]RN@bm1a0\RN@dm1`0YRNDgm1;WRNGjm19RRNJnm17nQNLRn1P13N0O2N2M2L5M3M3N2N2N2N2N2N3N2M3M3N2M4GQefh2
20140707023654Uh_10,TT_b21VQ`08^nA7J3J7M3M2N2N2N3MZOZQN5dn1IeQN2Yn1MnQNOom12SRNMlm13VRNLim13[RNJfm15`RNE`m1<Q100000100O1O01000O011N100O1O100O101N`kjZ1
20140707023654Uh_11,Qilf21nVSY1
20140707023654Uh_12,[gl\21UQP14bnQO5I6N3N002OO100O10O01N200O2O0O1O2O0O10000000O10O010O0100O100O0010O001E`PN6_o1JdPN4\o1KgPN2Yo1NiPN1co100000COkPN1bo10BOmPN1ao10AOoPN0Ro10nPN1Qo1OPQN0on11QQNOon11QQNOon11QQNOon11QQNOon11QQN0nn10RQN0on10PQN0Po10PQN0on12PQNNPo12PQNOon11QQNOPo11PQNORo1OmPN2So1NmPN3So1LlPN7^o13M0O00001KEcPN;^o131O7H3N]W_]1
20140707023654Uh_13,^[W_11`SX15XliN2O2N1O2N10O10O0010O010O01O1000O10000O100O0001O100O2N1O100O1000N1O2O1O1O010O010O0100O010O100O00001O01OO1O1N2M3N2O1O1000O1N2O0M4O0010000ON3O1O001M3M3N3N1O2O0O2O01O010O0O1O2N1EVQN@ln1;?L5JPdjY2
20140707023654Uh_14,TPem26ho13M2O2M2O100N2O01O1N1N3O0O1N11O100O2O1N101O00O1O2O001O00100O001O001O01O010O0000001O01N3M4KSQ_o0
20140707023654Uh_15,jolZ11gP>5QoC5K2O3N1O2M3M:G1O2O001iQNUOWm1m0dRNVO\m1T1WRNnNim1e100O0O2O1M3N1O1O1O01M3XN]RN@N]1gm1ROaRNh0cm1XO`RN`0fm1_O]RN<gm1A^RN8fm1FcRNNWmhb2
20140707023654Uh_16,`\Wo21iP`03QoA5M1N2O0O2O2N2N1O1O1O1O001O001N2N2N101L3O1N1O2O1O10O2N100ROYQNc0hn1ZOZQNf0Ro1M2O1N1O2M5Igbnm0
20140707023654Uh_17,V\aa21\Qh00bnYO0000000O000gbX]1
20140707023654Uh_18,Th`Z18fo15L1O3M2O001O0O2O1O001O1O0000O100O2N100000001O001OO100O1O1O1L4N2M3N2N2N3M2N3N1O1000000000O2M3L4M3L]RNYOSl15eRN1W1NRl10iRN1U1OSl1NjRN3S1ORl1MkRN6T1JTl1LjRN<Wo11O01O1N2OO1O1O1O1O100O0100000O1O100O102M1O1N2N2N2O0O2O0002N3VO[XS`2
20140707023654Uh_19,cZWo11QST10hQlN9kf1HXXN=dg1E[XN=cg1C^XN>_g1BdXN>Zg1BhXN=Wg1BnXN;Rg1EPYN9Pg1GSYN5mf1Jd401000AOPQN2on1NRQN2mn1NSQN3kn1NVQN2in1NXQN1in1NWQN3hn1MYQN3en1N[QN2fn1MZQN2gn1OXQN1in1OVQN0ln10RQN0Po1OPQN1Qo1OoPN0Ro10mPN0To10kPN0bo30QPN0B0lPN0So10nPN1Po1OQQN1on1OQQN1nn1OSQN2]o1O00^OO`P20no30g00]oK0moM4L4000O1ObcRl1
20140710020754Uh_1,bcSg26\o11gPN4Uo1>O1O0000O10000O1000000001O0000010O1O10O1O000000000O010000O10O01O10O10O10O10O10O01O1O1O1O1O00100O10O10OO2O1O00100N200O1O01O001O010O10O00100O00001O0001O0001O00000010N110O1O0010O1N1010O10O0010O10O1O000O2O00O1O001KYOoPNj0Po1300001OO11O000000O100N110M3K5000010O0001J5L5N1M4N1O101N2O1O2L3O2K6Lc_PP1
20140710020754Uh_2,\gR_21RRf16fm[N3M1O1M3O001O0O2O0L40O2O0O10O10000O1O010000N2O1O1010O10O1000O1O1N2O1N2N2L4N200O10O2O001O2N2M3N2N001O1O1N20O01O0101N2O0O1O100O2N1O3N00O1O100O1O1O001OmPN]Oin1c0VQN_Oin1a0WQNBgn1=YQNEen1<ZQNFdn1:\QNFdn1;[QNFdn1k01O01O01O0000KlN]QNV1`n1600O1O101OO010O100O2O0O1O100N2O2M2O100O1O2O001N101N101N1N3E:O101O0O2O1O1O1N3LUWWW1
20140710020754Uh_3,ZX_T21jPn05onSO5K2M4N1O1O1O1011N10O1OO2O001O001N10000001O000001O000O010O02OO0100O01O1O10000000O2OO10O010O010O1iQNBkl1>SSNDll1=QSNEol1<oRNERm1:lRNISm17kRNJVm16gRNMYm14aRN0`m10^RN1dm10WRN3im11nQN3Tn1j03N1M5L4M2M4L6I9G7JodXf1
20140710020754Uh_4,oUYR11bTf03Wj[O4kQN6Qn1MhQN9Vn1JdQN;[n1e0O101OO000O000DfQNTOZn1j0?N1O1N3G80N2N2O11O1O1N2O010OXOGeQN`0Yn1d0102N1O0O010OOOO20D<N3H700000001O1O4K4L4MTini2
20140710020754Uh_5,\_aU11aQj00[nWO5L2N3M2N2O001O01N101O1O1O0010O0O110O0000O11O001M2N2O2M2O02N101O100O100001O00O100O100O101O00000002M2O001O0001O00O1000O100O2N3M8GQ`be2
20140710020754Uh_6,W\_j11mQ<1imE<I5L4M2L6K3N2M@YQNLen13`QNK\n16hQNHVn19lQNFSn18QRNGmm1:URNEim1:ZRNFem19^RNEam1<bRNA^m1>P11000N3M3O1O2O0O101O2O5IXcXS2
20140710020754Uh_7,egj[31mPX15lniN5K7J2N3M2N2N4M3O1N32MN010N100107JN1O1O2N0006K00O2N3NO1OO0001N10001O0000000O10O01O1N3N1N3N101N1001OO10000O10000O1O1O10O000010O1000O00O2O0O2N1O11O1O2O1N1N101O00000001N101O001O1O0O01O1O2M20O100O2M3KYTg<
20140710020754Uh_8,kYU^21UUn24ejSM2N2N1O2O0O101N100O100000O100000O10O01000000O01000O10O1000O1000000O0100O01O01O1O0010O01O0100O001O010O0010O01O10O01O10OO200O001N110F\OQQNk0nn13010OOFVQNAjn1>ZQN_Ofn1a0<O01N3O1N1O2O1N101N200O00000100O100O1O100O1O10000O10O1O0O2O1O1N110N2N1O2N2N1N2010O01O0100I_QNnNbn1o08N3O1N110O1O01O010N110O0001O000O20O0001N1O1N3N1000100OkPN^Onn1b0RQN^Onn17SQNKL0Ro11WQNNG0So10XQN0FNTo10VQN3]o11O9G1N2O10O0100N2O101K6J6N2L4M3M10000O1O1000O001O001M3N2O001O1N110N11O001O001O001O000010OO02^OZQNHhn16[QNEin19a0M4MReXR1
20140710020754Uh_9,RY[i11mT`14Uk_NMao1O9001O2OO2O010OhPN1bn1O]QN6So14M2XOChQN7_O0[o1NoPNLmn14?N3O\OO[QN0fn1O[QN1en1O[QN0fn10XQN1in10TQN0nn11QQNNPo13oPNMSo13lPNNSo12lPNOTo11lPNOUo11jPN0Uo12jPNMWo18bPNI_o1<O01O1O1O00100OO10OO110OO200O01O1O2O00010O10O1O10O1000O10000O1001O0O10O1O001O01000O0001O0O1O2O00100O0001O1N2N1001O1O001O001N1000000O11OO1O002M101M20100O01L5N6J4LeeVn1
20140710020754Uh_10,S^VW11jP>1inC=L5L6J2O1O2N3M2O1O00100N1O3L4MoNdQN?[n1@hQN>Yn1_OjQN`0Vn1^OmQNa0Un1\OlQNc0jn1O1O1O100O2M2O0N200O2O1O\`Yf2
20140710020754Uh_11,lYgo11]Pb12]o_N12O0O2O10jeZn1
20140710020754Uh_12,medj1:bo15F:]O\OcQNj0Zn1?K5E:C>L5N4L1O103M1012Mb0^O4NM111NnNaRND\m18kRNIQm14VSNKfl14^SNM_l1MjSN5Rl1FSTN<kk1@YTN`0hk1[O]TNd0`m1O1O5K4L5J5K3ON0eXSS2
20140828080414Th_1,fSY^31RQj05onUOL\o1`0O1100N202N0011M3N10001N310N3YQNXOD2mm1j0RRNLkm1`1E13L103NN4K01iM_RNn1nm1SNoRNb0\n1K3M2N2N100O1O001O01O000000000000000O1O1O1O1N2O0O2N2O1O1N101OO020O1O2\OiPN<^o1O2L4JRil<
20140828080414Th_2,XUYm02mo12O001N101O1O001O001O001O00000001O00001O000000001O00001O10O0001O00000001O00000001O00001O0001O0000001O001O00001O00010O00001O00002N1O0011N2N000000000O100000000000001O000000O2O00000001O0000000010O00100O1O0000001O00001O00000000O100001O0O4M001O1O10O4M0O001O001O0000000O2O0O1O2O00001O002N001O001O1Oki`i2
20140828080414Th_3,S^na21dQX14VniN3I6N101N2O0N3N1N3M3N100N2O100000100O1O1O10VOVQN<Yo1O1N101OO3L4N1O02O21M2M0100O8I0O2OO1O1O00001bRN]O[k1d0kRNBZ1Mkk1P1QTNROok1n0nSNUOQl1l0mSNUOTl1m0hSNTOZl1l0cSNVO\l1l0aSNUO_l1o0ZSNSOgl1o0USNSOll1R1mRNoNUm1P1iRNQOZm1l0eRNVO]m1g0aRN\O`m1:]RNPO3g0cm16\RNRO1h0dm14\RN4fm1JZRN5Xn1YOiQNg0Xn1UOmQNi0fn1OO1O1N2I8M3O002M2N1000O1aNgQNV1dn1M3F9L4@kPN0kn1KiQN1P\gW1
20140828080414Th_4,Vldm11eQZ20YngM100O1O1N2O1O100O100O1O010O10O10000O1000000O100O1O100O10O0100000O100000O010000000O1000O10O10O10000LK\PN6co14O1O00100O100O001O001OKbPNI_o17bPNH^o17cPNH^o18bPNG^o19401O010O10O010O01O1000O010O010O0100O10O1000000O10000O100000000O1000O100000000O10000O1000001O01O01O00010O010O10O1\PNI^o16aPNL^o16`PNJbo191O001O10O010O0001000O101N100O0100O010O010O001O10O000001O10O01O0010O001O1O1O10O01O01OIJdPN7[o17000000000001O000000O1010OO2HePNI[o13jPNLWo13jPNKXo13PS[d1
20140828080414Th_5,\T_^21[YV39YfkL3O1N101O001O1N100O100O10000000O100000000O10O1O100N2O100N2N2O001O010O001O10O001O01O001O01N11O001000O01O010O001000000O0100OO110N011O000O2O1000000001O001O1O001O1O00O1O100N10100N2O010N110O0O11OO1O101N0O300N1001OO20N2O01OO200O1N2N1N3N2OO000100O100ON3M3L4@?20O1O01O2L3N3M2H9K4O1N2O01N0O12OM102001OO110O001O01M2O1O1O11OO01O0N10102M0102O000M30OI7N30O00110O1O00001N02OO1N2N2I6L4O3K3N300N20O00OO11N03F:N2O002OO010002L4J5O2L4J6LYiVQ1
20140828080414Th_6,XZUV15ko12O2M10O2O001N1000O010O01O00010O0001O0000010O0001O000000001O0001O00001O000000O1000O1O10O01]OJ[QN6en1LZQN3gn1OVQN1kn11RQNOPo12hPN4Zo171O2N2N3JmeZf2
20140828080414Th_7,XcmU21ePd01Wo]O7H4O1N2N3N2N0O100O4M5J1O1O10001NTOVQNd0in1\OXQNd0hn1\OXQNd0hn1]OXQNb0hn1@XQN>hn1EWQN8jn1IVQN6kn1>2N101N2O1O2N1N4M1O4L2O0O01OO2OO02O00000Om[df1
20140828080414Th_8,S`h>23OT22gm]2b0ZocM6J6K6WQNlN\n1`1L3N3N1N2N2O001O2N3L?B2N<gRNcMWl1S300100O0010O00010O0000010N201N4K2O000O1O101NaMTTNj0lk1RO\TNmNHa1kk1_ObTNfN5b1Xk1F^UN7bj1FeUN7Yj1HjUN8Tj1HnUN9Pj1FQVN:oi1DTVN<ki1CVVN>ii1@YVNa0ei1^O^VNb0ai1]OaVNd0\i1[OfVNf0Yi1YOhVNh0Wi1WOkVNh0Ti1XOlVNh0Ui1WOlVNh0Ti1WOoVNg0Ri1WOPWNi0Ri1TOoVNl0Ti1oNmVNR1Si1lNnVNU1Ri1iNoVNX1Ri1fNoVN[1Pi1cNQWN_1nh1^NTWNc1ek11N100O101N1OdNSRNh0km1TO]RNh0bm1WObRNi0[m1UOjRNIZOl0lm1XOSSNg0ll1TOYSNn0lm12N2OO011O0O10O10O0000001O0000000O100000O010O010O10O01O01N101N100000001O010O01O1O001O001O1O1O1O00010001O4K7J1O10O000001O0O100O1000O1O0010O10O01000O01000O0000100O010O10O1O2O0O1O100O004M2M2N00RUoS3
20140828080414Th_9,[nfQ11fQf0<bnYOGnn1i0M1O10O0N11010O00000O2O0O100O2O00000O000001ZO\OoQNe0Pn1_OlQNa0Un1@iQNa0Wn1@gQN`0Sn1YOiQN81>Wn1\OmQN1Jc0Yn1^OmQNk0Pn1[OlQNe0Tn1]OkQNb0Vn1c05K3L2N2O01M3O0O1002M3N3XOdQNE`ojj2
20140828080414Th_10,gi^f02mo11O2000O1O10000000O10O1O1O010O0010RQT40`nkK1`0OWPN0^o10`PN0ho11J51O2N1NmTgS3
20140828080414Th_11,Q``c1>^o15N11000O0N2N2O20O00N2O1O101O0001O1OO101O1O2OO0O10O10010aWN[Oaa1e0]^NC]a1=c^NFZa1:f^NHXa18h^NIXa17h^NHYa19kYNWOn2`0Xc19dYNAn26_c19PYN:[3]Oec19mXNa0W3XOmc1c2o[N^MSd1d2g[N^M[d1d2a[N]Mbd1d2Y[N\Mkd1d2R[N]Mnd1c2Q[N]MRe1`2mZNaMTe1a0PXN2c2F^e1CfXNd0i1L`e1]OmXNf0^11ee1WOPYNm0Q1Ooe1SORYN\1=Dbf1nNTYNa1OFnf1iNUYNa1GGWg1fN[YN_1]NRN`0h1ng1dNZYNa1QN[N=e1[h1[N^YNX4hf1aKbYNV4Zi1H9Fa0Cb0_O1O000O3N1O1O2M6kMhRNV1Wn1J5K2N2M6YOnYmW2
20140828080414Th_12,ZhPg11\Pb05\o_O5M6K00000001N2N2O000O100010O02N0O010O0001O100O101O010O010O01000O1O01N101N2N2NmUmU2
20140828080414Th_13,ZPW`31cQb01Zn_O2O1O001O0jNKaRN5en10O102N2N10N01O010O01NFLjPN6Uo1MgPN3[o1800O1O1O1000O101O002N1O0K60N1O01O2O3JUoh<
20140828080414Th_14,SPYR13mo19[PNJZo1KcPN1O2ko1M10no31PPLOQP80PPH0O010O0eoQ10ZPnN1O2O100000O2Ogoo0OYPPO1000O10nofi2
20140828080414Th_15,blfl01\Pd04]o]O3N2O1O2N1O1O10O10O1O1O1O1O101O0002M2O00001O1N2N2O1O1O0O11O0O2O0KFbPN<[o1FfPN:Wo1HjPN6Vo1JmPN4Qo1LRQN3mn1MUQN1dn1OPQN0?Mcn19b000O2M3LgRko2
20140907195814Mh_1,T\oV17ho12N1kPNL]n1;VQNOgn1g0M3N3L3N4L4M2M1O2O0O1O2N_NSRNP1lm1nN[RNo0dm1nNaRNQ1^m1mNeRNT1Ym1iNnRNT1Pn1000O001O0002O0O1N2O1O1N101O001O001O2N2M5L2N1O1N100O2O0O100O101OO10O0010000O00100O1O1O004Ki`ld2
20140907195814Mh_2,kPSU31hQT14PnmN4M2O001O00010000100O0010OO2O1101OO3L2O1N02O3M1O0O01O010N2O001O1O1\VNDbc1=X\NHic19o[NLSd14i[NNXd12f[NO\d10b[N1ad18oZNLTe13iZNM\e11\ZN2je1LRZN5Sf1JjYN4[f1KcYN4af1J_YN4ff1JXYN6kf1IRYN7Rg1HkXN9Xg1EfXN=\g1B`XN?dg1AZXN=jg1BgWNHVMg0Vk1A`WNl0ch1SOZWNl0jh1UOTWNk0mh1VOoVNk0Si1WOjVNh0Zi1YOoTNDe0Q1_j1_OdTNGi0j0fj1;XUNDkj1<SUNCPk1?kTN[OROUOWl1a1VTNbNDh0al1k0cSN_Obl1f19L6I6K;B9L4K6Kb0^O3M3K7[Oojnd0
20140907195814Mh_3,ihbX35io13L4M20O001N2O01O0O3M3N2RLESXN>kg1FQXN;mg1HQXN9ng1JoWN7Ph1LlWN5Uh1LiWN5Wh1LcWN7`h1H]WN7hh1HWWN1Ri1MoVN2Si1LmVN4Ti1LTVNF^N=_k1LSVNI\N:ck1MQVNH[N<ek1LoUNIYN<kk1KkUNHYN>mk1JjUNIVN>Ql1HjUNg0Xj1XOhUNg0Yj1YOeUNf0^j1ZO^UNg0ej1ZOWUNh0jj1XORUNk0Pk1UOaTNFoNX1bl1RO]TNW1fk1iNXTNW1jk1iNTTNU1Pl1kNlSNV1Vl1kNhSNS1[l1oNSSN@4b1ll1T13M1XOWSNUNml1h1h0M3M3N6H6K4Aa0_OdPN0\ZSd0
20140907195814Mh_4,^]]]21]Tb42^k_K3N2N2O0O101N1O10001N1O100O10000O10000O100O10000O001000000O010000O11O000O1000O10O100O0N2010O000O110O001O01000O100O1000O100000O10O1O0100O1O1M30000O100O10000O1O2N100O2N1O100O100O01000O100O2O1MWP>1ioA2M3O1O0000001O0000001O000O100O100O100N20000O100O10O10O100O100O1O001N2O1O1@^O_QNe0`n1]O]QNe0bn1=O010O0100O010O100O10O010000O100N2O2N1DTQNCnn16a0O1O1O2O0O1000001O0000000000001N101O1N10001N1Oao55ZPJ100O2O0O1000000O2N100O2N3M101N100O1O1O1O1M20100O100O01O010O001O10O01N2O1O010O1N2O1N101O1O10OM4O0O100100O010O1000000O01000N2N2O1O1O100O1000000O10000000000O1000O0010000O00100N2IePNH\o159N4Lga\l0
20140907195814Mh_5,PVc]21dST18QlmN5L3L4M3M1O1M2O1000O1O1N2K6M0OO12110N1M3O1O01O2O0O1O0N3M3000O2O1N2O000O2OO01O1O01000O1O20O1000O0O10O01K5L4O100O11N1N3M3I7M3O001N3OO01O1O1N2N2N3MXif\1
20140907195814Mh_6,U_YZ21eSZ31QlgL9N1O1O1O100O100O100N2O1O2O0O3N1N1O2O0O100O1O1O100O1O100O10O10O1000O100000000O010O1O1^OUQNNln12UQNMkn12WQNKkn15UQNJln16XQNEjn1:=1000000000O10000000000O1000000O10O100O1O10DaPN6_o1IdPN6do1O1O00001O0000001O000O10000O100000000000000000O01000oo3000Zo70ePH0N0SPL0000010oo10iPL0Wo50PPN0ZoM0^QN0bn10^QN0Xo70QPJ000O010O000N2loa0NWPT10PPZN0QP40ooK0QP80ooG0000000oo;000QPD0gn50XQJ000PP20PP2000QPL000UQ:1inEO11OOO0X_hS1
20140907195814Mh_7,hmj^21WP82eoI4M1O2O1N1001O0004L3M7I03L2O0N3N3K^Qi_1
20140907195814Mh_8,QkfU18eo14O1O000O1000O101O00000001O010O01O1O010010N101O5K2N1N10O10OO101O1O0O2O0N3N2M3LcTig2
20140925195834Ch_1,cZcW2324`o19M1O2N100O1O01O00100O10O01O00O2O1O1L4N2N2O1N101O001NO3N1@TQNLmn13WQNIin18>010O100000O100O001O0011O0001O000000O100000001O0000O2O0000100O010O1O1O001O1O10O10001N100001N1O10O0100O001O4KcgPc1
20140925195834Ch_2,UmXa01fSf0:mk[O5K4L4M4[O]OfQNg0Tn1f0L6H7K6VOoM\SNT2[l1m0J6M2L5M4K5L3N2OlMUTN4ik1G`TN7^k1GgTN8Xk1oN\TNWOl0j1fj1kNjUNT1Uj1bNWVN^1hi1WNcVNi1^i1TNeVNl1gk111OO0O1O100010O1VO`RNROam1k0dRNRO]m1l0eRNRO\m1m0eRNRO\m1o0dRNoN_m1P1j0N114NON2M3N5J2N2N2M[njZ3
20140925195834Ch_3,YZi]13mo12OOO1N3N1O2O0001O00000001O01O0000001O1O001O01O000001O01O000O101N100O1000000O0100001N100O01O01O00O2M201O000O1000010O00001O0001O001O001N11O01O1_OF[QN:en1IXQN8fn1JYQN6gn1LWQN4in1MVQN3kn1MTQN3mn1MRQN2Po1MPQN3Po1MPQN3Qo1MnPN2So1NmPN2To1MlPN3Uo1MkPN2Vo1NjPN1Wo1NkPN0Vo1OkPN0Vo1OlPNMXo11<01NWg^\2
20140925195834Ch_4,ga[P23ko14M4CFmPN>ln1HQQN;gn1LXQN6bn1g0M3N2O2M3M2O1O2N010O1O0000WOTRN]Olm1b0YRN[Ofm1b0aRNYOam1d0eRNWO\m1h0j013N1O2L4O2O2N2M3NO2O01O0001O0O10001O01O00100000000O100O010O1O010O10O100O1O1N3M2M3O1O101OO2O00001N2O1O0O2O0O0100O1O1O100O100O1O0010O010O1O10O01O1O001N1N3O1O1O010O0001O0001O001O001O1O100O1O2N1Oj`Th1
20140925195834Ch_5,fiT]21]Rl32_mUL2N100O1O100O2O0O10O10O10O01O1O001O100N2O100O010ZOCiQN=Vn1FhQN:Vn1MdQN4[n11]QN3bn1f0O0O200000O1000001N101O001N2N101O2M3N1O2M10001O001N1000001O00000001O00000001O0000010O000000001N101O00001O0O101O001O0000001O01O00010O001O0QQN_O`n1`0_QNB`n1?_QNAan1?`QN@an1`0^QNAan1?_QNAbn1>^QNBbn1?^QN@bn1a0^QN_Oan1b0^QN^Obn1b0^QN_Obn1`0]QNAcn1`0\QN@en1?ZQNCen1>ZQNBfn1>ZQNCfn1<ZQNDfn1<ZQNDfn1<ZQNEen1;[QNEfn1:[QNFdn1:\QNFen19\QNFdn1:\QNGcn19^QNFbn1:^QNGbn19]QNHcn17]QNIcn17^QNHbn18^QNIbn16^QNJbn15_QNL`n14`QNM_n13aQNM`n12`QN0^n10bQN0^n10bQN1^n1McQN3]n1McQN3^n1LaQN6^n1JbQN5`n1K_QN5an1K_QN5an1K_QN5an1K_QN5bn1K\QN5en1LZQN4fn1MTQNF1=kn1c0001O001O00010O1O0]OQQN5on1JRQN6on1GTQN8nn1CUQN=Wo1000000001O0001O00002N01O01O001O0010O01O010O0010O010O1O01000O10O11N010O1000O10O2OO010O0100O0010O1O001O1O00001O000000100O00010O000010O000000001O0000001O010O001O01O10O000100O0010O00001O1O0000100O010O1O1O0010000O001011N00O011N0100O001O004L2N1O1N4KeQ_m0
20140925195834Ch_6,gX[h12eQf01Vn[O3N100N2O0N3O001O1O010O01O01O00O2O01O10O01O01N1O2OO11O0000001O000010O010O000010N11O0O100N200001O0O101N4JQgdS2
20140925195834Ch_7,R`Ui14ko12N2L4N1O1O2N4L6J1O10O01O001O1O01O000001OO2^OPQNM0KPo18SQNJTo15<00O01O0001O01O000O101N101O1O10N2N102N1L5N2MRalS2
20140925195834Ch_8,Rl`R21ZQd01bn]O200O1O1O1O00001O1N2O001O010N10000000000001OO10000O1O1O110O100O10001O000O2OEgPNOYo1OjPNOWo10jPN0Vo10jPN0Uo13hPNNXo13gPNMZo12fPNM[o13dPNMbo1KbPN3go1M[Ski1
20140925195834Ch_9,P[oe01\Rj05QmWOOhPN=mn1`0J7H<E5M1N2N3LlNWRN5im1KdRND_m1:gRN]O^m18[1O0O11O0000100O00100O0001O0O2O00000O2O001O0001O0O1O2N10O1O2N102O0O1O002N001O01O0100N200O\ddU3
20140925195834Ch_10,_jje01jQd03Pn]O3E:M4N1O1N2O00100O01J5N3G9N2O10O100O100OO11O001N2O001O01O000O100O1000000O01O2O01O1N3KXUiV3
20140925195834Ch_11,mUil01UR\17ameN5M2O00010O2M5L2M3N1N3N2N2M6K2N2O2M2M4N4K3M4L5J6J2O1O2N001O1N2O2N3M3M9G5J6kWNhLWc1]3a\NfL_c1_3X\NdLjc1`3n[NbLSd1a3h[N_L[d1c3`[N^Lbd1b3[[N^Lgd16PXNe2U3TMod13QXNh2n2TMSe13QXNk2f2SM[e11QXNm2^2UMbe1MSXNn2W2UMie1KSXNP3o1UMRf1IQXNR3j1UMWf1HQXNU3`1VMbf1CoWN\3Q1YMRg1YOPXN^3e0]M^g1TORXN`38\Mlg1oNRXNd3K_M\i1BjUNV2c0XNhj1Z39I9E<C7J4L6J6J3M5J5L4K5L3N2N1O2N1O1N3N2O001O201O5K5J3M0O3L3I7I7IVaVl2
20140925195834Ch_12,]YSZ31]PT18YomN4L4L3N1O0001O001O001O01O100O0001O001O01O0000001N10000O100O10000O2O001O000000000O100010O004M0O100O104K100O3M1O1O001O010O0010O0100O0100O10000O01O010O100000O01000O10O0010O00O4LodX?
20140925195834Ch_13,PhRn01eQV43WnkK1O2M2O2M3N5K2N001O001O0000000000000000O100O1O1O100O1000001O01O000000O2O0001O000000000010O01O010O10O1O100O11N0100O000100O00010O1O00100O1O1O10000O2N001O100O2N0O2O1O0O2N3N001O0O2O0000O001O1M3O1M201O100000000001N101O001O0O101O10O01O001O0010O01O1O01O010O10O0100O100O4ROWQN>Vo100O101N100000O1O0100O02OO0100O01010N010O1O010O1O0O2O001O1O2N1O010O10O11OO01O10O0110O000000O116I1O001O00002OO1O0O101N102M1O1O1O2O0N2N10000O100I8N100000kN]QNm0bn1SO`QNm0Zn1WOhQNi0Wn1WOjQNh0Vn1WOmQNh0Rn1WOPRNi0om1VOTRNi0km1WOWRNg0jm1XO\RNd0bm1\O`RNc0`m1\OaRNc0_m1\OcRNd0]m1ZOeRNe0]n1O10N010O010O011OO01O010O010O02OO10O102N0O10O01O011OO01O01O01000O01O10O10O10O010O01O01000O010O01O010O0001O01O001O0000001O00001O00000000000000O1000O100O01000O10O00100O1O102K4N2H\PNNhQ_Z2
20140925195834Ch_14,Sld[21VRf04dm[O100O1O1O1O1O0010O00000001O0O0100000000O1O11O0001O01O000O10001N101N0N3F;N1O101O0001O1[OTQN4on1Hg0M_Si`1
20140925195834Ch_15,UZek21[Ul13`jUN2M3O0O1O1O010O010O10000000O100O1001N010O1O10O00010OO2N1N201O001O2O0O01O2O00001O00000O1000O1000O01OO1O1O1O11O010N2N2O1O0O11O0N3N101ON1O2O1O2N2N1O2NO3N100O2O10A=1O1O101O100O1O100O1ON101O2M111O0000O10O1O010OO2O00010O0N4O0N2010N1O11N1O101M200O2OO0O2M2L4010001O01O002J6K5L6Hjdni0
20140925195834Ch_16,XV]m11RSP39blQM9I2L5K5L1M4N1O2N2O1N2N2O0O1O010O@eQN\O\n1c0gQNYOZn1g0iQNTOYn1m0=O01O01O0001N11O010O10O0100000O1000000O101N1O10O1O100O1O001O1O1O0O20ON3N2O1O1O100O10000O10000000O10000O1O1OO20O10O1000O01I7O0010O10O10O1O001O001O100O01000O010O010O10O010000O10O01000O100O1O0010000O100O100O010O100O10O1000O01000O100000O10O10O1000O10WSNEli1<eUNEoMO^l1<cUNGkMNcl1:^UNElM;fl11\UNEoM9fl11_UN2aj1N_UN3aj1M_UN2bj1M_UN3aj1M`UNNdj12^UNJdj15c2010000O010000000001O0O101O1O000000000001O000O1O1O100O1O10O01000O10000O01000O2O0O101O000O2O0010O0010O01O10O01000O01O1O001O001N2O1N2O1Nahfa1
20140925195834Ch_17,TmPb11jPX20UoiM00000ePN0fn10d010O10O0gPN0bn12^QNOan11_QN0_n10bQN1]n1ObQN4[n1LeQN5Zn1LfQN5Xn1LgQN6Xn1JgQN8Wn1IiQN7Wn1KdQN9[n1HcQN9]n1H[QNGNf0fn1a001OWO\QNC1<bn10gQN0Xn1KnQN5Rn1HQRN8om1BWRN>en110000000O101OO0001O001O001O0O20O00000010O001O00100000000O010O0100O10O100001O1N2O001O01N102MZPSW2
20140925195834Ch_18,^njb02mo1OO0B1oPNORo1<bPNE^o1?0O0010O00JdPNI?4Tn13^QNI3NPo17oPNLNMUo14QQN2_o1O2N1Omo10QPN4M2N2O1OO1O1O2NePR12WomN5L3N1M3_O_OaQNd0]n1A`QN?Wn1[OgQN91;Wn1@eQN729Yn11dQN1\n1j0ONIZOoQNMTn13PRNHUn13nQNKlm1@PRN;JK;:Sn1JVRN5lm1IURN6lm1ITRN7Um1BlRN6O8nm1GRRN9nm1GSRN9mm1EURN;km1CVRN<km1DVRN:fm1IURN<km1EVRN:cm1L_RN2bm1MaRNMdm1JhRN0\m1O[Q40goK080YPN0_o10bPN0]o10cPN1\o1OePN0Zo10hPN0Wo10iPN0Wo10jPN0Uo10=1]PNOWo10iPN0Wo10hPN0Yo10gPN0co11000O10O010jTSW3
20141009195814Mh_1,lXkZ11kTf18ij[N4L5K5N0O1000O100O0010N002N100O1N2N3N101N1N3M2O1N2O1O1O01O1WOaQNIhn15c0N100010O001O000O11N1O002N002OO1000O0100000001O000010O010O010O10O00100O10O01O001O1N1O2N1000000000O100O10O0100O1O01O010O01O1O1O1O100O1O100000001O010000ON]PNIco17]PNIco16^PNJbo16^PNJbo16^PNJbo163010001N101N100O1OUfj[2
20141009195814Mh_2,XjVU21_PR21^ooM2O2N1O2O2M104K3M1000O100O011N001O00000000000IaPNM_o12dPNNZo12fPNOYo10hPN1Wo1OjPN1Uo1OkPN2To1MmPN4So1KnPN5Ro1IoPN7]o11N2O0O0101O00010O100000O1O010O1O0100O1O10000O00010O02O2M101N10010N0103M001N3N000O010O001O00010O0000010O00001O000000O101O000000000000000O01000000000000O10000000000O10O10O100000O10000O1000O01O1N2O010N2O000010O001O1O1O1O1O100O001O1N2O002MST[_1
20141009195814Mh_3,agRf21aTj07SkWO5M2O0O1O2N101N101M2N3M00K32M4O1N110000M2K51N201K3eNTObSNm0al1VO\SNi0fl1XOXSNd0ml1^OPSN?Tm1BkRN>Wm1FbRN;`m1FmQNG7c0nm10oQN0Rn11lQN0Tn11kQNNWn1l04K6J2N3M3N1N3N2N1O2O1N3M2M4K4JVWkU1
20141009195814Mh_4,\WcX11YPh19]oYN1N2O001O0000100O1O100O11N4M00O01O0001O0001O000O1001O000100O00100O000010O01O00001O000000000000O101O0000001OO100000000000000O10O100O010O0100O0001O01O010O10O01000O10O10000O1000000000O1001O0001O000001O000000000001O00001O001O0O10000O100`PND[o1=dPNE[o1<dPNEZo1<fPNDYo1=gPNCYo1=gPNDWo18iPNF12Vo16PQNKon14RQNLmn14TQNLln13UQNKmn15TQNImn16`0O1N2N2NVhZ]2
20141009195814Mh_5,aWYR33io16L2N2O100O1O0000010O0000O1000000000O100000001N1N2O1O100M12O010O10O10O1O2M2O2O1O1O001O000O100O100000001O01O000O010000000O100001O1O0001O0001O0000O101N1001O1O1O10000O1001O000O2O00O01001N100O1O1O2O1NTk`g0
20141009195814Mh_6,PZcP21eUP38QjQMc0^O2O3M12M5LO2N3M001N02O:F0O10000O00100O1O10001O0O100O1O10O01O0001O00001O00000O1000000O10001O0O1000000O1000001O0000000000000000000000O1000000O10000000O10001O000000O01000N11000O00010O00100O010O01O01O010OO2O1O00001M2N3L31O01O0001O01O01O2O0O1O1O100O1O2N1O1O0010O001O001O1O010O1O1O1O001O01N010O2O0000001O00001O0O11N11O00O11O01O0O2O1N2D<N2N101N1001O1O010M3O1M3N110N2O1O1O001O10O10O1000O10O100O1O1O010N101O0010VN^OUTNa0lk1ASTN?kk1DRTN=mk1HmSN:Sl1HkSN8Tl1KjSN4Wl1MhSN4Vl1NjSN0Wl10iSN0Wl11hSNOWl12hSNNZl11fSNOYl12gSNMZl1IfRNGQ1a0Xl1AXTN?hk1^O]TN`0ck1@^TN`0bk1]OaTNc0_k1\OcTNc0]m10000O1N3M]bV^1
20141009195814Mh_7,QiT^11cPX23YoiM2N1O1O1N10001O102M5K20O21N1N1O0100O1N2O0O2O1N100000O0100O101O00O010000O10O11N101O0O1000O100O010O1O1O100O3M1O010O0001O01O01O001O00100O001O00100O10O01O010O0010O0001O010O00100O0010O01O01O010O00100O1O100O1O010O00010O01O01O010O00000010O00001O00001O010O0001O00001O000O2O1O000000010O000000000001O001O1O1O001O00001O00001N101O1N2NfS_U2
20141009195814Mh_8,PfTY17io11N3N3M1O2N1O1O3NO2O001O000O11N020N01O1000000O1O1000O1O0010O01O1O0001O001O0000001O0000000001O001O1O00001O001O01O00001O00001N1O2O1OPQND]n1:\QN2an1M^QN5bn1I_QN;]n1DdQN>[n1@fQNb0Yn1\OhQNe0in12O2RQNXO_n1U1O100O11OO11L[QNlNbn1Z121L0100O0010O00000002N100O2N2N6I2O1O1O002N101N1O0101OO02O0O10000O10O1LoPNYOPo1f0502N1O2M2OjPNAmn1=TQNCln1<=03L2N3OhPNLcn14f0O3LVP6000joI0QP20_Pn00`ooN0PP20ZPL0eo11EOfPN1Yo1OhPN1Wo1OjPN1co11ANmPN1do1O^o30`PL00010O00001aPNOnn10RQN0nn11QQNOPo10PQN0Po11`00_PNOQo11oPNORo11mPN0So1OmPN1To1OlPN0To11kPNOWo10<010[PN0Yo30[PN010O000\PN0Yo10fPN0[o30ePN0[O0;090]O0cPN0fo11FOcPN2\o1NePN2Zo1NfPN2[o1NePN2Zo1NfPN3Yo1MhPN2Xo1OhPN1Wo1OjPN0Vo10kPN0To11lPNNTo12>O_PNOSo12=0`PNNRo12nPNNTo11=010]PNOVo10^P20ooM000000010O000010OQP20ooM010O000000000PT_W2
20141009195814Mh_9,[^eP21VQd21gn]M7I2O6J4LAnPN<fn1CmQNOom11SRNNnm11R1O03M5LOVQNJim10\QN0n0Mmm12SRNOmm10TRNOlm10TRN1lm10SRNOmm1<iQNDXn13XQNN?Oen10[QN0en10f00d00gN0e0000bPN0kn10UQN0kn10d00ooa30noaL0PPN0QPN0O0oo70b00_oI0oo30ZoS20ePhM0RPN0ho=0gom00`PdN0f`Va1
20141009195814Mh_10,o[gm29do14M2N2O0O2O1N2O0O101N002G8O1012M100N2OO10O0ERQNGln1;WQNBgn1a0ZQN^Odn1c0^QN[Obn1f0;1WQNVOZn1k0fQNXOWn1f0lQNZORn1f0oQNZOPn1a0WRN^Ohm1?l0001000001O101O01O010O001N3J6M3O1M20SO3gQNLUn1a0bQN_OYn1d0jQN\OUn1e0kQNZOTn1g0nQNVOSn1k0=3N2O2N2N1O10M30O11M2N200000N2O0OPOXQNl0Qo1L2DmPNIUo14PQNIQo15RQNHPo16NJVQN4[o1OAMTQN2]o1OBOQQN1nn1ORQN0nn11RQNOnn11QQNOPo11PQNOPo11PQNOQo10oPN0Qo10oPN0Qo10n00`o10QPN0@0?0io51lPJOeN0^QN0`n50hPL0PP20RPN0bPN0\o11@ORQN1on1OPQN1Qo1OnPN1Ro1OnPN2Ro1NmPN1ao10O01OE0hPN0Yo10gPN0Xo11hPNOYo10gPN0Xo11hPNOYo11fPNOZo11:0]PNOXo11;O]PN1Xo1OhPN0Yo10gPN0Yo10gPN0Yo10gPN0do100001DOhPN1Yo1OfPN1Zo1OfPN1Zo1OgPN0do11OOG0ePN1Zo1OfPN1Zo1OfPN0eo10E0:0QP20QPN0[PN0Yo11fPN0[o1OePN1[o1OePN1[o1OdPN1fo110O00001O00O0ljRh0
20141009195814Mh_11,Zl^j1130jo10fS]U2
20141009195814Mh_12,[RiY22mo14K3kNK\RN6cm1NYRN2hm11TRN0km12SRNNnm19jQNFXn1;gQNDZn1=dQNC]n1>bQNB_n1?^QNBcn1m01O1O1O2mNWQNk0Po1O1O1N5K100O001O00101N10000O2O000O1000O010O001000O100O100000O0M4N2O1O0010O0O3M2N1M4O2N2Ngn\b1
20141009195814Mh_13,SlfZ21PP43noMO2OO0\PT1OdokN0010O0000000000000000PPb00ooI0QPD000^oW10kPTO0foC0000000gSk_1
20141009195814Mh_14,hQeV11eR`04olA8L3N2K5L6K4J7K4LN3O1100O2N3NWObQN4[n1KiQNCN6Un14SRNCL7Pn14YRNAI;mm13hRNLWm14nRNGSm18Z1001O00O2N10000000M3O2O0O01N2O2N3Mim\f2
20141009195814Mh_15,a[Wk11]Qb04]n_O2N5K2N2N1O1M3M2M21O000O2O2K4M3O2N1O1010O01O000010O00010N10010O0100O01001N100O1O2NTdbQ2
20141009195814Mh_16,d\]i21VQT10fokN3Rn1OlQN3Qn1KVQN3f04Tn1OjQN2Vn1NiQN3om1HbQN6>2Pn1K_QN02194Un11eQNK45Wn1NhQNM04Yn1NgQNON4]n1KfQN0M5_n1JdQN0M6an1HbQN2L7cn1FbQN2J9dn1EcQN1I:OE_n1OjQN2FNM;3IPo1MQQN9NMWo1>000O1O001O000O101O001O0001O0001O1O000000O1O0010O01O1N201N1M3O01N201O001O1O1O1O1O1O1O1N2O1KSc`Q1
20141009195814Mh_17,Qchf23:0To13jPNOQo17lPNJSo1c0O0O2O1O0O100UQNTOan1m0_QNTO`n1l0`QNTO_n1m0bQNRO^n1m0:FSQNBnn1=TQNAmn1>UQN_Omn1a09O100O100O100000RQNCYn1=gQNCYn1=fQNDZn1<eQND]n1<bQND_n1;aQNDan1<^QNDbn1<^QNCcn1=a0O00O10O0M`PNH_o18501O1O001O_PNNUo1OlPN2Uo1LfPN;^o1101N101N2O00000000000001O0O2O0O2N10001N10HGiPN9Wo1HhPN8Xo1HiPN8Vo1GkPN9Uo1GlPN8^o11O00001O00000O2O001O000O1fPNASo1`0iPNDVo1c000O100000000001N2O010O000000001O00000O2O2N1O0O2O0J`PNKbo14_PNJco146O2NaP:1\oE3M3N1N2FFmPN;Ro1FnPN9To1GjPN:Vo1FjPN9Wo1GiPN9Xo1FhPN:Xo1FhPN:_o1O1O1N3L4NX\aP1
20141009195814Mh_18,f]]j26ho14LO]PNK`o15bPNL[o13cPNI34Yo13jPNNSo13mPNOPo1JkPN364nn1HoPN1021O3Nbn10`QN6KL1Nen10]QN9MH00fn1O\QN9OILOjn11YQN80Mhn1LWQN70Mjn1MTQN62Lln1NQQN72Jon1NoPN91I:KYn13[QN:2FNM;0[n1d0[QN@9M]n1i0=01O001N100O1OYQN[OTn1e0lQN[OUn1e0jQN[OWn1d0iQN\OWn1e0hQN[OYn1d0gQN]OYn1b0hQN]OZn1a0fQN_O]n1>cQNC^n1<aQND`n1<_QNEan1:_QNFbn19^QNGdn17\QNIen15\QNJfn14ZQNLgn13ZQNLfn15YQNLfn14[QNLdn14]QNLcn12_QNNhm1O\RN3MMfm15XRNN3Mdm1:SRNH<N`m1=QRNE?N_m1b0mQNBb0N^m1m0bRNROem1i0ZRNWOhm1g0XRNXOjm1h0URNXOlm1h0SRNXOmm1i0RRNWOom1i0PRNWOQn1i0nQNWOSn1i0a01OYOSQN5LLjo1N2NXmU10_hRo0
20141104195854Bh_1,RaiU29eo13O1M2O1O1O1O1N2M3N110001O0O100N20O01O1O1O1O10O1O010N101O001O1O001OOO2O1000O101O0O101O0000L3L6L30001O0100O1O1O002N100O1O100O0OJ7O1K5O01O1O1N20O01E:N1O1O3O01O10000O1000001O100O1O00100N01K5N1N3ON20N300N20N2N3N2O1O1O0M2O0001M4L40O10000O02O00001O100000000O1O1O100N1O20O00100O10O1000O10000O010001N100O010O101M4Lncb`1
20141104195854Bh_2,Xage23ko13O1M200O2N100O0QOIWRN7hm1KVRN5jm1MTRN6im1KVRN5km1LTRN4lm1LSRN4nm1MPRN4om1MPRN4Pn1MnQN3Sn1NkQN3Tn10iQN0Xn11fQN0Yn12dQNO]n1i010O1001N2O2N1NAjNlQN22T1om1WOPRNg0om1\OPRNd0Pn1\OPRNd02mNem1R200001O0O1O101O0N3O4K1O2O0OkNdNhSN[1Xl1gNfSNZ1Zl1gNeSNX1]l1gNaSNZ1`l1fN`SNY1al1gN_SNX1bl1hN^SNV1el1iN\SN=YON]m1E[SNOXO13KM6_m1NZSNMZO22ML2`m12ZSNJ[OO52`m14k11O1O2N1O1O2N3M;E1O0000002N4K2O1O01O2N2POWQNd0jn1YOZQNe0Ro1N1N3M2M4M2N5JPahT1
20141104195854Bh_3,l]im13ko13M2N2O1N101O1N3N2N1O1O10O001O1O2L4M200O10O010O10O1O100O000001O0O2O00000100O001O010O0000O1O2N1O2N1I7G9O02O2N2N2M;F00XN1^SN0cl1=YRN:hm1m01O2N101N1O1K5B=M4D`QNXO`n1d0>10000O01O2K5O101O000010O01O1N100O100000000001O0000000000010O010O010O02O0O1000O10O01O00001OO101O1N2O001N3NTg\j1
20141104195854Bh_4,Sihb21jPd0<gn]O5J5N4M10002L3N1OTOWQN`0in1\O[QNc0Qo11O2M4M101001O3M0OO4L4K5L2O2NUOZQN=en1^OeQN>Yn1@jQNa0Un1ZORRNf0dn102N0O2O0O2O2M3L2O0O10O0O1M31OOL6N2O1O^ScY1
20141104195854Bh_5,^nPY31QXR1;`goN5I6M3M2O0O100N2L4N2CSOfQNP1Wn1<02N10O0O2N2O1N2M3N2O1000O101O0O2O000O0OE49TNiNnTNY1Qk1kNjTNW1Vk1lNcSNN`0V1mk1HiSN8Yl1MbSNMcl1d13OI8M3I61O101O1N2N2O1N2ROo0K4WOi0L4O2N002M2O1L4M00011M4O0O101O002N2M3N2L6LUPWa0
20141104195854Bh_6,oPak01PSd16hl]N3UNLQSN0@7Ym12PSNJE8Wm16jRNND0_m16gRNe0Vm1U1N2N2N100O3M100001N2N2N2O1N3nMnRNQ1Sm1hNUSNV1mm1N003N0O2O5L;C5K0O10O02O1O1N4L101OO100000O11OO1000O1O012NO101O1N10O1O00100O1O2O4L1O000O10O1O0O101N1010O001O000010O0O2N1000000O2O1O010O001O010O0002N0010O001O1O002N0O2O1O1N2NaiRl2
20141104195854Bh_7,XiXY14ko13M3M2O1O1O0100O10000000000000O010010OO1000O02O1N3N1N2N3M100O1O2O1N2O1O12N2N1N3N1N11N3M2N;F2M10N2M4L9D:ElT]c2
20141104195854Bh_8,_\T]2270\o14^PN1ao18N2N101N2O1N1O2N105K10O010O010O2O2M2N001O010O1O2ZOfPNc0\o1O1O001O000017IO10O0001O1O1O1O1N2O1O1O1O1O0O2O01O01O1O1O4Kab[_1
20141104195854Bh_9,niVR31lPb07jn_O;Eg0ZO4L3O000d0\O5L2M2OO01N22O2ON10N011O08H0O2OO3N5K3MO110N2O3M3MO01O010O1O1O3L3LkQgj0
20141104195854Bh_10,d`fo21`P\12]oeN0O2O0ILaPN6^o1KaPN6]o1LaPN5_o1601O0O1001N10001N2O01O01O01O1O1O1O1O1O0001O000010O1O01O01O01O1O1O0010O0102M00100O0100O1O00000000OOE_PN;ao120000001O001O10O02N00O2O0010E^PN6bo1J_PN5ao1M]PN4bo150001N1000000000000000O1O1O2N100O1000010O0000100O10O1O10O002M101OX^Wh0
20141104195854Bh_11,ZgXe11fPl03ToUO6J5M2N10000O01O1O1O2N2N2N2O00O2O0O100O1O10O01O010O0100O01O0000001O8I0O2O0O0221NO05MN0000O2O003L11010N1;EN2N0O3N1N2M4L3L`UQV2
20141104195854Bh_12,WkjV31[PP13aoQO1O001O1O00001O0010O00100O01O100O01001OO11O0O1O1O2O0O2O02N1O1N100O110OO10001O00010O01O000O4M00O10O10O0001O000001O00000O001N2O0O2N11O001O010O3L3M2N]Sac0
20141104195854Bh_13,R]_T21lS^10]jg10fQlL000ZPP10dooN2_n=NURH0^oI001O0O1000OO1ba\d1
20141104195854Bh_14,SiVh14PP2M00aQ^10dSeT2
20141120195834Ch_1,P]oP11\Td10bk]N2M3N1O2M2O001N2O1O1O00010O1O01000O10O010O00001O001O00010O000010O001O001O1O001O0N2O1O10O01O00010O001N101O1O010O100O1010N10001O001O010O101N2O1O0001M2O2N1O2N1O1N3M2N2N2N3M2O2O0O101N001M2OGlQNiNTn1V1:N3N2H62O2O1O000O10O1M4L301N101O2O0O2O0O101O010O1O1O2N3Koafe2
20141120195834Ch_2,VcVZ21nP\30oneL6L1N101O00000000000O2O0000001O00001O0010O000100O010O100O011O000000O1010N1010O01O1O013K12O1O1M1000000O11O1N1000010O2O001M110O1OO1O100O1O2O0O1O10O0101N01000O2O000O20O00001O000O10000O1000O1000001O0O10O0101OO100O010O01000O0001O010O00010O001O0001O01O01O01O00010O0010O01O01O010O001O0010O0001O00001O00000O2O0001O01O0001O000010O0001O000000001OO1000000O100O2O00000000O100000O10O1000000000000O101N10000O100O1000O10000O1000001O00000000GcPNO^o1NePN1fo1O1N^XkT1
20141120195834Ch_3,PZS]21iRT11QmmN5N1O1O001O001N1000000O01O1O010O1000000000010O01O01O000000010O000001O0000001O0000000000000000000000001O01O00010OO1O1000000O101O00001O10O010O010O1O100O2N2N2N2N1O2M\ed\1
20141120195834Ch_4,hhj]21RQn21knSM4M3M1O1N2O001O1O01O001O01N2O101N2N100O2OO10001O000O110N2O1O1O0000010O010O001O00001O01OO11O1O1N202L3Oh0XO3iQN_NG3im1X2LO0N1N2O2N0000101_NZRNd0ln1E1O2N2M2O102M3M6HQRgZ1
20141120195834Ch_5,VVQh13\o11nPN3Po1?O10000000M3N3N1O1O2N100O1O10O0101O000010O00010O00001O010O01O001O1000O1000O10O100O1O010O0010O00[PNGco1;10O010O105K1O0O5L001O7H3N0000O1O1O2N2M3N3L6_ObPN5bh^S2
20141120195834Ch_6,mXiV26loY2NPPhM1O1O1O001O1O1O0100O0001O01O100O0010O01O01O01O01O01O01O00010O0100O000010O00010O001O00010O00001O01O0001O01O0001O0001O00010O0001O001O011N1O00001O000000000001O000000000000000O1000000000000O1000O1000O010000O1000O01000000000000001O00000000000O1000000000000000000000000000000000000000000O1000O1000000000000O10O10O100000001O002N010O00001O010OO1O2FhfV\1
20141120195834Ch_7,efnY31WRT13dmmN2O1O001YOL`QN5_m1IkRN9AOcm1IjRN?\OIjm1KgRN>\OIkm1KgRNn0Xm1SOfRNo0Zm1ROcRNP1\m1QObRNP1^m1QOZRNGK\1km1e0000O100O10O2O3M2N101N10N1O1G_RNRNcm1k1:O2AQRNjNPn1S1a0M3M3N2N2O1N2K4O101O001N101O00001O000001O000010O00010O1O1O001O1O010O1O001O1000000O10000O1O0000100O1N4KfWe?
20141120195834Ch_8,`i`o11hPj00UoWO4M2O0O1O2M2O1O1HEiPN=Vo16100O100O10001O010O0100000O1000O00100N100010O0000000O2O000O2N100O2N100O1O2O000O0100000O10O10000001O001O001O3LjUck1
20141120195834Ch_9,o]cY31jo1>YPNHRo1e0N2N2N2N100O100O1O01001O001O1O0101N2OO01O1O0O101O0O100000O100N2O0010000O010O1gNQOaSNn0^l1UO`SNk0`l1XO^SNh0al1ZO^SNe0bl1]O]SNb0dl1@ZSN?fl1DVSN>jl1CUSN<ll1EQSN<Pm1FmRN:Tm1MdRN3\m1X1001O1000001O0O101OO0000N201NfNSNdTNl1]k1VNaTNj1^k1XN`TNi1`k1XN_TNg1bk1ZN\TNg1dk1ZNWTNj1jk1XNlSNo1Ul1SNbSNS2^l1g01O0O2O1M3N3N2M8I7I2N2M3M2O2M2N1O2OO1J6O1O20O001O2N1O2N2N2N2M2O1N100N3O0TOURNCmm1:YRNBhm1=\RN^Ogm1?Q1L6JXeR?
20141120195834Ch_10,ln`Q2511bo18O1N101N100O1O1N2M3NN3ON110100O20O001O1O010O1O1000001O01O00101O00O0010O11OO00OO1JjPN@SQmk1
20141120195834Ch_11,ldhV12no14L3ZPNI\o1`0N2N00000001N10000O100000010O0001O0001O00100O001O01O01O1O100000O2O1N103L101N0010O10O01O001O001O001O0O10001O000000000001O0001O00000001O0000000000000000001O0000010O0000001O01O0000001O00000001O00010O1O001O001O0000001O0000O100O10O100000O10000000000001O0001O0000000001O0000010O0000000010O00010O00010O00010O100O1O1O100O2N0020N0010O010O00010O01O01O10O01O01O00001O001O00010O010O1O001O10O010O010O01O0010O001O1O001O0O2O000O2O1N10001O0000001O01O10O0010O010O01O010O010O001O001O2OO10O01O100O1O001O010O0000000001O010O000010O01O100O010O010O000100O0010O0001O00010O00000000001O01O00001O0001O0000001O0000001O00010O010O000001O00001O001O001O001O1O1N1OVXYU2
20141120195834Ch_12,adXa01PQl0:dnUO4M2N1O10000O010O0O01O2N101O1O00100001N010O1O1O1001O01O10000O002N2O2jPNZOkn1T1J3OO4M5H4L3N2N4M12M<KML111Mh0ZO:EO4L4K5Ji0WO6I5JVVWZ3
20141120195834Ch_13,ddUP251Lgo18N2N100010O0001O00010OD^PN:do10O1O010O1O1000O0101O0001O002N0010O00001O0O102N1N2O0O10000001O000O1O1M3N3N100O1000000O2O0O100O2M][Pl1
20141120195834Ch_14,jfjd11[P40ZO0ePL0[o30ePL0eo10F0dPN0fo1001HO`PN0`o1090WPN0io10go10XPN0[PN0Zo10fPN0Zo10;0\PN0Yo10;00000\PN0do1000E0fPN0Zo10<0:0E0QP20ooM010F0bPN0ho3000ooM010PP2000ooM010O001EOfPN0Zo10fPN0Zo10fPN0Zo10fPN0Zo10fPN0Zo10fPN0Zo10\P20ZPL0eo1000F0dPN0\o10dPN1[o1OfPN0Zo10fPN0Zo10fPN0Zo10fPN0Zo10gPN0Xo10hPN0Xo10hPN1Wo1OiPN1Wo1OjPN0Vo10jPN0co11COjPN0Vo10jPN1Uo10kPN0Uo1OkPN2To1NlPN3`o10DMkPN4To1LlPN5_o10EKkPN5Uo1KkPN5Vo1KiPN5Wo1KiPN5Xo1KgPN5Yo1KgPN5Zo1KePN5[o1LdPN4]o1LaPN5_o1K`PN7`o1410O0001000O10O0011N01O0010O0001O01O010O01O1O1O00100O1O1O4L]PN0Wo1OhPN3Xo1LgPN6Xo1JhPN7]o14N2N100N3O01O000010O0000001O010O10O10O01O000000000O101O000000100O1O1O0010O01O001O1O00100O3NO10O000001O00001O0mPNJ\n16UQNJ45fn10VQNL08jn1MRQN>O[Omn1m05N2O1N3M1N3N2N2GbPNLbo11QQNM`n12`QNNan11^QN0bn10^QN0cn1O\QN2dn1N\QN2Yo10\ONZQN2[o10[ONZQN2fn1N[QN2dn1O\QN0en10[QNOen12ZQNOfn11ZQNNfn13c00gPNMfn12d010N101O010O0000e00gN0d0000cPN0kn10SQN0nn10RQN0nn10QQN0Po11nPN0So1OmPN1So1OlPN1Uo1OjPN2Vo1OiPN0Xo10hPN0Xo10gPN1Yo1NhPN1Yo1OgPN1Xo10hPN0Xo10gPN1Yo1OgPN1Yo1NhPN2Xo1NhPN2Wo1OiPN1Wo1OiPN1Wo10hPN0Xo10hPNOYo12fPNNZo12fPNNZo13ePNM\o15`PNL`o1910001N1O100O100O100O101N2NnUgj1
20141120195834Ch_15,UXSU23jo17K2M3O0O2O1N1O100O10O01O1N01001XQNZOUn1g0kQNYORn1j0lQNXOSn1i0mQNWOSn1i0lQNYOSn1h0lQNXOTn1h0kQNYOUn1g0kQNXOVn1h0jQNYOUn1h0gQN\OXn1d0hQN\OXn1d0hQNYO[n1g0dQN^OYn1b0fQN^OZn1b0fQN^O]n1GiQN9KOkn11UQNOln11SQN0ln10TQN0kn11VQNNjn12VQNFJ4on18WQNCJ4on1;?0O2O1N10001O000001O1N101N100O2N1O101N101N102LiP2L\oM10000XPNObo10_PN0`o10`PN0`o10aPN0ho10PP20PP20PPN0ooM0ho10aPL0go10H080YPN0^o11aPNO`o1080YPN0^o11aPNO`o108001XPNO_o119OYPN0^o10bPN0_o1080YPN0^o1190O0YPNO_o11aPNO`o11`PNO_o11aPNO_o11aPNO`o11`PNO_o11aPNO_o1180ZPNO]o11cPNO^o1180ZPNO]o11cPNO^o10cPN0\o10dPN0\o11cPNO]o11cPN0\o10ePNO\o10dPN0\o11cPNO]o11cPN0]o1OdPN0\o10dPN0\o10dPN1[o10dPN0]o1OcPN1]o1OdPN1\o1OcPN1]o1OcPN1]o1OdPN1[o1OePN1[o1OfPN1Yo1OgPN1Yo10hPNOWo11=O]PN0Vo10jPN0Vo10=000^PN0To10lPN0To10lPN0To10lPN0bo11BOkPN1Uo1OkPN1Uo1OkPN1Uo1OkPN1Uo1OkPN0Vo10jPN0Vo10jPN0Vo10jPN0Vo10iPN1Wo1OiPN1Wo1OiPN1Wo1OiPN1Wo1OiPN1Wo1OiPN1Wo1OiPN1Wo1OhPN1Yo1OgPN1Yo1OgPN1do10DOiPN1Wo1OhPN2co1O10DOiPN1co10COkPN0Vo10iPN1co10000000000O1000D0hPN0Xo10hPN0Xo10hPN0Xo10hPN0Xo10hPN0Xo10hPN0Xo10gPN1Yo1OgPN0Zo10fPN0Zo10fPN0Zo10fPN0Zo10fPN0Zo10fPN0Zo10fPN0Zo10fPN0Zo10fPN0Zo10fPN0Zo10fPN0Zo10fPN0Zo10fPN0Zo10fPN0Zo10fPN0Zo10fPN0Zo10fPN0Zo10fPN0Zo10fPN0Zo10fPN0Zo10fPN0Zo10ePN1[o1OePN1[o1OePN1Zo1OgPN1Yo1OgPN1Yo1OgPN1Yo1OgPN0Zo10fPN0Zo10fPN0Zo10fPN0Yo10<0[PN0Yo11gPNOYo10hPN0Xo10hPN0Wo11iPNOWo11iPNOWo11<00000010O000000010O0001UPN2bo152N3KbfP\1
20141120195834Ch_16,ZdU[21RQV11jnkN4M4M1N2O001N101O1N2O1O1N102N1O1N2M3M3L4N2N3M2N3N2N2N01000O01O1O100XOeQNIZn16jQNIUn16nQNJnm17TRNIkm16VRNKim14YRNLfm13]RNLbm14^RNMam12`RNO_m12`RNO_m12`RNNam11_RN0`m11`RNNam12^RNNcm11]RNOcm12]RNMjm1LVRN4lm1JTRN6nm1HRRN8Pn1EQRN;in1100O2M2O10000O2O1O00010O001O00000001O1O1O1O00O101OO101O001O1O3L8H7HYYT^1
20141120195834Ch_17,iefa11[QR30enQM0XPP10\Pf20WW[R2
20141220201934Ch_1,WXQo01SSV12glkN4N2N2O1N2O001N2O01O1O1O0O000001O01O100O1O10O0010OO2M2N3O00010O1000O0O1O01N1N2010O01000O10O0100O0O3N10001M201N100001O0010O01O0O0100010O00O1000O10O01N2O1O11N1M3O1O1O5KTg`j2
20141220201934Ch_2,noRl01jQf11Pn[N6K3O00001O001O010O10O01O01O010O1N1010O01000O10O10000O1000O2O1N10100O100O10O0100O01000000000001O10O01O0010O1\TNAeg1>YXNCUL4\k1;[XNJeg17XXNJig17TXNJmg16QXNJQh17mWNHUh1:gWNF\h1:aWNEbh1<[WNDgh1=VWNCmh1>oVNBRi1?lVNBTi1`0iVN@Xi1b0fVN^OXi1e0gVN[OYi1f0fVNYO]i1f0bVNZOai1d0^VN\Oei1b0[VN]Ogi1a0YVN@hi1?XVN@ji1>VVNBmi1;SVNFni18RVNHPj17oUNJQj16nUNJTj16jUNJWj16hUNJZj16dUNI_j17_UNHdj18YUNIij17TUNInj17PUNJRk17jTNJWk17fTNI]k17`TNIbk18[TNIfk17YTNHik19STNInk17oSNJTl15bSN3`l1MZSN8hl1HSSN:ol1GnRN:Tm1FiRN9[m1GcRN8_m1J^RN4fm1MWRN0mm13oQNKUn1l05K5K4N4M2N2M3L4I7M4L8DZknj2
20141220201934Ch_3,mSi\21kPn00SoSO2N3M1O2O001O001O00001O0010O100E]PN7go10O0010O01O10O1O01O10O01O01O01O01O001O00000001O000000000O1000O10O1000O1000000O100O001O010O01O001O0O2N1M4N100N2O0N31O0N3N2GSl\]1
20141220201934Ch_4,k^Ta11WQR32[noL4`PN0]o1<M100O10000O1O0O2O100000O100000000O101N1O1O001O10001O0000001O00001O00001O01O0010O01O000010O001O010O1O001O1O001O0J\PN0do10\PN1do1501N101O001O1N2O2OO01O00010O1O1O1O2O0lPN]Oin1o0O2M10O10O0001N1O2N1O2O0O2O1O1M3N2M3N101N2N3M2O0O2O00001O0100O1003M1O00M3L6M2N5K3M2O1N010O1O001O0010O00100O1O001O1N2O102M3N1N10001N100O10000O10O00100O1O0001O00001O0000000010O01O1O1O00000O1000001N2N1MY^cP2
20141220201934Ch_5,omPR11XQP10fnQO2O2N000O2O000O10000O1000O1000O10O100000O1O1O100O000010O1O1O1O100O10O010O100O1O1O010O10O010O00100O10000O0100000O10000O0100O001O00001O1N1O2O0010O100O2L3N2NjQSh2
20141220201934Ch_6,mlbX31fQb0c0Vm_ODXQNb0Un1^OiQNU1Vn1:01O01O2L3F;K5O001N11OO000O000101N100100O2HSQNYOon1g0QQNXOPo1h0PQNXOQo1k000018I0OO100O10N2N2M5EZR]d0
20141220201934Ch_7,^VUZ26ho17K3N1O1003M1N100O1000O1O1O01O02OO0O101O0O100O10O01O1O1O1O00001O1N[hfc1
20141220201934Ch_8,S\ce19eo14K3M4O100F^OWQN`0fn1BZQN`0dn1A[QN`0dn1A[QN?fn1AXQNa0hn1_OWQNb0in1_OUQNb0kn1:0OO10000010O1O1O2N000O1O10000O1N101O10000O010O1O1000000O2N1O2N10O1000000O1000O1N3DdPNOfcPW2
20141220201934Ch_9,UTSk1:`o1;G5_Oa0K4L4N5J5L7K53M3QN_RNS1Xn1N0O2K4^OXQNCnn1<<L7IgkfS2
20141220201934Ch_10,jff\15jo12`SN0oh10QWNMQi13^31N2^SNHQM2nk19oVN1oh10nVN1Si10kVNOWi11hVNOYi14dVNJ^i18]UN2gNFok17WUN<cN\OZl19iTN`0nNUO]l1;UTNl0@eNal1?hSNQ1G`Nbl1`0aSNV1KZNel1l1VSNfNXm1n0U1B<J8I9GcXka2
20141220201934Ch_11,PWgW31nQ`01nmA3N1O100O1O010O1O1O10O01O000000000000O01QOJURN6lm1MPRN2Rn1OlQN1Un12gQNN[n14aQNLan1h02N4L2N3M4L3LXhfe0
20141220201934Ch_12,^PUd27io13M2N20001N5K9G2N1N3N1016L0N3N2ON03L2M4K2L5Jim\Z1
20141222201814Mh_1,RPUf11jPZ16mngN3N2O1O100O2OO20N11O000O01000O2O0O101O00O101O0O010O1O0010O010O0100O100O101O0O10010O01O010O10O1O10O10O01O0000000000O0100O10000O10O10O1000O0100O010O0101O1O1O2O0O100O1O10O001N2O000O100O20O01N100O2N2M3LVlXR2
20141222201814Mh_2,lkfR35io13L3O1N2O0O1O2O1N2N2O000001N1O2O000O2O1O000O1000010O000O10O001O100O1O1O1O10O100O101M4LiUaj0
20141222201814Mh_3,dZW\21aQf08Tn[O3N1010OO2O00000100O000O02O0O3N1O0O3N1M2O2M4M2N2N2N1O2N1O1N00L4N3O1000O2K30100100O10000O1N3M3L6I7ZOhPN3OMUdP`1
20141222201814Mh_4,n_j]21mPb14ln_N4M3M101N10001N100O10001N3M2O1O1N101O0IWOWQNi0hn1800O10O1O1O1N2O1O1O2O0000000O100000O02O00001N1O1O2N1O2N100O110O0001O01O010O10O0100O1O01O01O010O010O10O001O001O010O00O1001O0lPNAgn1`0VQNCin1j001O1O010O0000000000O1000O1000O100O0M4O001N100O2N102N1O1O1O101N101O1N2O1N2O2MT_mX1
20141222201814Mh_5,mkjl01YPb07^o_O3N4\PNHXo1a0O1O20O2N18G02N1N3M1O001N1O2O1O1N100O0O2O0O2O010O1O100O10000O010O10O0101K]SSP3
20141222201814Mh_6,egZi21\P`03^oA4M101O0O2O002O4K4M1000O1O0000001O2N1O1N1O2O0O10O2N100O1000O1O2N2O0O2N1O2NkViS1
20141222201814Mh_7,^bPT21ZP`04ho_OMO1ao1<O1M2O2O0O2O1O1O0001O000N1K6N2O1O10010O001O0000001O00000O101O011N2NT]Yi1
20141222201814Mh_8,[mb]27ho13K4BHoPN;on1<00O0O001O0100ON3ON120M4N3N2N3M2N3K6JdSo`1
20141222201814Mh_9,Y_bY2:do13L4K5O1O1O00000000O100O10000O1000001O0O101O000O2O00001O00001O1O001O001O1N3N1O1NcPd1Mao[N1O1SPN0ho1401O1O1O00010O0001O1O1N2O1NgP<5SoC4M2NGdPN0hn1NdQN0H1cn11cQNMM0_n15VQNJ:120]n1:_QNF50Zn1<_QND80Xn1=`QNC80Xn1>_QNB:OVn1`0`QN@;1Tn1?aQN@;1Tn1?SRNAnm1>_QNA=2Sn1=_QNB?0Rn1>_QNAXo1>gPNBZo1b01O0O101O1HbPNL^o13800O10000000VQNKjm14URNMlm12SRNNom11PRNORn11mQNNUn11kQNOUn11kQNOVn10m00lPN0Xn10hQN0Xn10hQN0Xn10hQN0So11UOOgQN1Yn1OgQN0Uo10VO0cQN1]n1ObQN2Uo10[ON]QN3cn1M\QN3fn1MXQN4hn1LXQN3Zo111N@NTQN1^o101O000010O0@0QQN0_o10@0QQN0on10PQN0Po11oPNORo10oPN0Po10PQN1on10PQN0Qo1OPQN1Po1OoPN1Qo1OPQN1Po1OoPN1Ro1OnPN0Ro10nPN1ao1O0100O0@ORQN0nn10RQN1mn1ORQN2nn1NRQN2F1on1M\QN<bn1D^QN;AEPo10`QN8CHln10nQN0Rn10oQN0Pn10P10QQN0nm11P10RQNOmm11SRNOmm11SRNOmm11SRNOmm11SRNOmm11RRN0nm10RRN0nm10RRNOom10RRN0nm10RRN0nm10QRN0om11P10PQNOQn10lQN2Vn1NiQN0To10VO0dQN0]n10_Q20Uo90koK0dPF0e^SY1
20141222201814Mh_10,YPaY31_P8;ToI6K;E5K5K4M6I6K3M1N6J3M00^NVRNn0jm1mNaRN1L4dm1GjRNIK=^m1F`SN5ckVe0
20150105104334Ch_1,n]lP21nPV23mnkM4L2O00001O0000000O10000000001O0O101O001O001O010O10O01N200O1O01000O01000O01O1O0010O0101O0O100O010000O10O10O001000O011N00100O10O100O011N0100O1O00101N21M10000000O0010O100YQNBjm1?URNBkm1=URNCnm1;nQNHTn17iQNIYn18dQNK\n1:VQNNkn1b02O1O00001O00001N10001N2O1O1O2M2O1O0O1N3O0000O100001O001O0010O1000O10013L0000000O2O01O1N2N2O1O000O10O11O0000O100O1O1O2N001O2N1O2N002N1O00n]mb1
20150105104334Ch_2,m[gS14ko12N1N3L3K5O0O0N4N2N2M4M3N1]OSOPRNo0Pn1`01N00C>O0CUNgRNm1Xm1WNdRNi1\m1<2O1O2N3N1N2N>C3K3O1N002M3O5L2N2ON1N2BPOeQNW1Xn1:O1N2OYOVRNXOjm1d0^RNWOem1MPRNOm0OXcZi2
20150105104334Ch_3,[Vmb01hUj0;iiWO4M3M2N2N4M1003O10N0N1O100O10O10OO01O1M2000010O1_MUOlUNm0ni1O[UN2Vj1c0jTNdNCS1_k1m2N2O102O00YLiTNd2Xk1[MPUN^2oj1aMYUNY2fj1dMaUNY2_j1cMjUNX2Vj1cMSVNY2ni1aM\VNZ2kk1K3M2M1O2N1N3M2O2N0100O0O11cNURNc0Pn1TOdRN<hblX3
20150105104334Ch_4,fUQd17eo16J7F7D=K4J5M4O0O@mQNSORm1MfSNo0il1[OjRNi0Um1n02I60M400100O001POhRNXOYm1b0U1M2O2N02N10010OO20N3M3K4J7L4NE<M2O1O1N2OK5O2N2O200O110O10O1OO]O_QNKan11dQNM\n11iQNLXn11m0N2O1N3NPP:1ooE2O1O00000001O00O2O1O00010O010O05KgohV2
20150105104334Ch_5,iUiU31UPR11iooN001O001O000001O01O00001O00001O00100O2N0010O01O010O0010O1O10O10O100O100O10O010O01O010O100O0001O01O00O2O0000000O10O10O0100O01O1000O01O1O010O010O010O010O01O1O001O2MliPd0
20150105104334Ch_6,\YSU21gPb03To_O4L4M2N21N1O10N2N10O10000O3OO3ZRNF_k1;ZTNLdk16XTNLik14cSNESO`0Zm1LaSN?`l1@_SN`0bl1@\SN>hl1CSSN>Qm1BgRNc0[m1P12N2M2O2N1O1N3LZRN[NWm1W1[RNjNh0Mnl1U1R1M30002K5YOZQNOQdng1
20150105104334Ch_7,Rdli01eP>6coAMSo1f0K2O6LN0QOXQNd0Vo1M1N15cPN]OPo1[1_O3aQNeNUn1d10O12M0O011O1O0O00^NQRNS1om1mNSRNN7=fm1EjRN:Wm1DkRN;Wm1AlRN>`n1L2M0O2O00010O2N2MdXaS3
20150105104334Ch_8,UUm[2120jo15M2O1O0001O010O1O001O10O01O01O001O00000001O0000O100001O000000001O01O0000001O0000001O1O001O0001O0000010O1000O01O010O00001O010O001O0O100O2OZjf_1
20150105104334Ch_9,iiVa03lo13M5L2M2O00000101N4M0O01O0100O010O10O0001O0001O001O01O001O000001O00000O2O000O10N20O1N2O100O1000000010BbPN8do1O000000O0100000001O0000O1000O101N2N2OiU[Z3
20150105104334Ch_10,eidQ11kRd00Xm[O2co18M2O00O10O1O00O12M1O20NL5N201O100OO2O0M4O01OG54O3N100O100K500O0020O003N1FiPNGYo15SVYk2
20150105104334Ch_11,\Y]i21_R80[mI5O1N2VNMeSN5[l11[SN3fl1OkRN=Um1DhRN?Wm1BeRN?^m1E]RN9km1EQRN:Tn1e04K6I6J5K9H8F]eVU1
20150105104334Ch_12,PRQn01kPR12QooN1O1O100O1O010O10O01O100OO1O2O00010O0100O001000010O0010O00000001O010O2N1000N2OO1O2N1N4M4M101N2O00010O001O00O104L2]OgPN:`o100001O4L1O1O1O01O2N1O0O2O0O001O2N1O1O1N3LQlnk2
20150105104334Ch_13,mgZ>1hPZ12UogN1O1N2M2O2N1N3N2N103M6K01N3N1N01015KO0N9H10DlPNKSo15nPNKSo14mPNLTo14mPNF0MRo1c0QQN\OPo1a09O1N2O1O2J^PNJdo13^PNMko110ORPN0no10\P:0ZoE0cP20]oM0bPN0^o10bPN0^o10cPN0\o10dPN1[o1OfPN0eo10F0dPN1[o1OePN1\o1OcPN1]o1OcPN1]o1OcPN1]o1OdPN0\o10dPN0\o10dPN0[o11ePNO[o10;0O10O10[PN0Zo10fPN0eo70PPJ0000000ao10dPL0lo10YPN0\o10dPN0\o10dPN0\o10dPN0[o10ePN0\o10dPN0\o10dPN0\o10dPN0\o10dPN0]o10bPN0^o10bPN0^o10bPN0]o10dPN0\o10dPN0\o10cPN1fo10HO`PN1bo1O\PN1fo1OYPN1go134LhUWZ3
20150105104334Ch_14,URWT22no1000O1N2O2O000000O2O0000O10O0100O10O10O10O10O10O01O01O010O0100O001O010O001O010O000000100O010O0000O1O2OO20O01O001ON3N1100O0001O1O10ondg1
20150124081954Uh_1,Qoje11ePf21Xo[M3N1N4M2N3M4L1O1O2N100O2O2M2O0000006J001OmNVQNo0on10N11O1O2NO0101O1OO010001OO10O4M5K0O10O10O01O0100O1O1O1O0O101O1O001O0010O00001O00001O001O0O2O001O0O101O0001O000001O00010O01O10O01O10O000100O0000010O0010O01O00001O00001O01O01O01O01O0001O000000000000000O01000O1O1O100O1O1O100000000O100000000000O10000O100O10000O100000O10O10O1O010O1O0100O10O0100O0010O010O0010O00O10001OO10010O01B@UQNf0kn18O010O00000O10010OO2N2O1O1N2M3N2O1O1O1O1O1O6I4K4NcoZj1
20150124081954Uh_2,Vh\X39co1;cPNDdn1o0N100N1@mNQRNW1mm1>0O1ZOQRNZORn1c0TRNYOlm1e0YRNUOim1k0e0O0N4O1L4N2N3M2M4O0100000001O2N2N1O001O01O12O1M2O0O1000O100O100O2O0002N000001O0O5L0O12N1O4M0O01O010O1O2N001N3L3N5JaWWc0
20150124081954Uh_3,SYiV21aPd03Yo]O3N1O10001N101O2M3N1O000000010O00O10000O0O2O001O010O1000O001O010O01O1M3O100O100O1O100N4Mffhe1
20150124081954Uh_4,_Ucj11fRf02Vm[O2N1N3N2O1M3N2O1N3M4M5K3L3M4J:D7J5J6\Of0L2N6K6I5fSNeLgk1m3LcMaTN=\k1_OnTN<Qk1_OWUN?hj1VOgUNg0Yj1UORVNd0ni1[OWVNa0ii1^O[VN?ei1@^VN>di1_O_VN>hi1UO_VNk0]l1M4L4JZfZR2
20150124081954Uh_5,bojn11nQn40ll_K0TQD0M3O10O2O010O100000000000iPNN`n12_QNNbn12]QNNdn12[QNNfn12YQNNhn12WQNOin11VQNOkn16nPNLRo16iPNLXo15fPNK\o1;2M4LkoTj1
20150124081954Uh_6,hUgR1;ao15N1O00O2N10100O0100O011O0O1000O1000WMFlUN:Sj1GmUN8Sj1JlUN5Tj1LlUN3Uj1MkUN3Tj1NlUN1Pj15nUNLQj15oUNKQj17mUNIRj19lUNHSj19mUNGRj1<mUNDQj1k0`UNVO`j1l0^UNUOaj1n0\UNROdj1P1[UNoNej1S1XUNnNhj1S1WUNlNjj1U1UUNjNlj1V1SUNkNmj1U1RUNkNoj1U1PUNkNQk1U1oTNiNTk1U1lTNkNVk1S1jTNmN\k1n0cTNROck1i0\TNXOfk1e0ZTN[Oik1c0UTN_Omk1`0QTN@Ql1`0mSN@Vl1b0dSN^Oal1`0]SN@gl1a0RSNBPm1b0^RNIdm1W13N2N2M3G;K4M3M5K5K3M1N4M1O2O1N2O1O2M4Mlkdh2
20150124081954Uh_7,lPmm21]Pj03^oWO3N0O2O1O002M101000O10O0101O000001N1O2N3N0O2OO10000000001O00000O1010O1O1N2O0O1O010O01O10O00000002[OhPN>_o1M1O000O101O00001M4Ngm`m0
20150124081954Uh_8,`oVg11UQX20kniM001kPd1OUo]N0ooM000oo10QPN00000PP4010RP80noE0^O0SQN0ln50bPJ0cPN0jn10VQN0jn10XQ80_o?0mo[O0ooK00000RP`00no_O0km\P2
20150124081954Uh_9,mXUU21aQl01XnUO7L4EHhPN;Vo1801O0O2N100O100O1O1000_OSQNOln10XQNNgn12ZQNMgn12[QNKfn16\QNFen1:`000EbPN5fo1N10000OGMhPN2co1O2OQPl00noSO0010O01BOmPN1So1OmPN1Ro1OnPN1Ro1OoPN0`o11AOoPN0\o50TPL0go10cPL0^o1090XPN0`o10_PN0bo10<0J0efhe1
20150124081954Uh_10,`kT`11no14M1N2O0010O010O00100O001O00001O01O00000001O01O0001O01O00001O01O0000000000000000O100000000000000O01000O10O10O010O010O0100O010O100O010000000O1000O1000O1000000O100000O1000000000O100000O02NdToY2
20150124081954Uh_11,]cj[19f0OQn17jQNKUn18hQNJVn18fQNJZn18cQNJ]n18_QNIj0Ahl1`1PSNcNnl1d1aRNZNN8bm1Q2010O2N3M3ZNWRNP1km1mNURNS1lm1a00O0O020O1O3nNQRNNSn1\OaRNb0dn1K1O1N3M4K3L3NZZYb2
20150430082014Th_1,^Q]m11STT34fkmL2M5L2O3N1O1O00001O0000000010O01O01O1O2O0O0000000001O0001O00001O0000000000O010O10O010O1O0010O00000O1000001OO2O000O20OO2O001O001O1N101O010O01O1O1O100N101N200N101O1N110N2O1O010O100O01O010O100O1O10iPN_Oon1a0mPNEQo1e00000O2O0O2O0O3M01L3M31OO20IVOVQNj0kn142O1N3N2UOnPNe0So1ZOoPNd0Wo1O1O1O1N200N200O001N20O01O1O0100O010O0100O010O010O01O1O00100N110O010O0100O100000O100O0000010O0000100O00100O0100O010O10O01O100N2O0O2OO1001OO11O01O1N200O0O200O1O10O01O10O01O0O2O001O0010O010O001O0MePNB\o1=400O10000O10001N2O2M2N3LbmRa1
20150430082014Th_2,e`Xi21iSh0:jkYO3N2N0TMDUVN<ki1FSVN:mi1HQVN8Qj1HnUN6Tj1KjUN4Xj1MdUN4_j1L^UN4dj1NYUN5ej1MYUN3hj1NUUN4jj1NTUN3kj1OSUN1mj11QUNOoj14oTNJRk1:jTNDYk1<gTNB]k1=bTNBbk1;^TNBfk1<ZTNCik1<VTNDlk1;STNEnk1:RTNEPl1;oSNESl1:kSNGVl19iSNFYl1;dSNF_l18_SNHdl18YSNIil17USNInl18nRNGTm1=gRNBZm1`0dRN_O^m1b0`RN^O`m1e0\RN\Oem1e0XRN[Ojm1g0QRN[Oom1g0mQNZOWn1e0eQN]O]n1R13M3NN10OOM5M4L5XOSQN6_o1En\gR1
20150430082014Th_3,\\Ug21ZTR32bkoL3M3N0O100O100O100O01000O10000000O10O10000O001M201O001N110O10000O10O01O1O10OO2O100O1000O010000O00010O1O0O2O1O100O0100O101N2N101N1O1O10N2O010O100O100O01O2N2N1O1O1O0O10O101O10O01OO2O0000001O0010O11N101O0O10000000000000O10000O010000O2O0O10O01O010O10O1O010O100O10000O100001O01O01O000000O0KEgPN;Wo1HgPN8Yo18O0000000100O1O1O100O100O1000O01000O10O0100O010O10O010O00001O001O010O0100O010O100O1O010O100O10O01O1000O10OAiPN6Xo1IlPN4To1LnPN0To10=010O2N101N1O1N101N101K5N110O00100O10O100O1N201N1O3M1O2L3O2M3NbbVg0
20150430082014Th_4,k\Qh21cQj03XnWO2N1N2O1N2O1K4O2O00O100010O0101O000O100O010O100O1O1O1N2O10O1000000O010O10O00000000O100O1000O1O1000O01O10001N2N3LmbbS1
20150430082014Th_5,lh^b15ko13M5K1O00000001O0010O100O0100O010O1O1O0010000O100O10000O10000000O2O1OO100O1O0010O0001N3MXVgZ2
20150430082014Th_6,eX]o01ePj21YoWM1N2^PNLUo15jPNMUo14hPNNWo15fPNMYo1=0O010000000000000O10001N10001O0000000000O1000000000000O100000000000000000000000000000O2O00000CaPN9_o1GaPN9_o1FcPN9bo10010O00000000000001O0O100O2O00000O010001O000000000000O2O000O2O001O000O101O000lPN]Okn1c0TQN_Okn1a0TQN@ln1a0RQNAmn1?RQNBnn1h000O10000O100O1O010O1O100O1000O10O10000000ZOWQN4jn1LVQN4jn1KXQN4hn1LXQN4hn1LXQN4hn1LYQN2hn1MYQN3gn1MZQN2en1N]QN0dn10]QNOcn11]QNOcn11]QNOcn11]QNOcn11]QNOcn11XQNC0<gn13WQNC1:hn13WQNC1:hn19VQNGkn1g000000000000QOUQNi0kn1WOWQNg0in1YOWQNg0jn1WOWQNi0jn1UOWQNk0on1WOmPNe0Wo101N101O00000000000O2O00001N10001N101O000O100O1O100O2O000O010O10000O100O2O000O101N10]fha2
20150430082014Th_7,Tnf[34jo12L4N200O00010N100010O1O1O001O001O00100O0100O100O010O000O2M3H7N3K401O0001O1O001O0M4O001K5O1O100O1O1E_PN0USUa0
20150430082014Th_8,bZck01PQj01lnWO4M1N200O1O100O10000001N2O00001O00000000000000001O0001O0000000000000000000000O0100000O10O010O1000O01O1O1N20OO200O01O0N100OO4OO200O2NVe\o2
20150430082014Th_9,ViX\11_Pb05Yo_O4M3N0O2N10000O2O2N1N101O00@iPN8Xo1EiPN<Wo1BjPN>\o1100O02N01O3M1O3M_OhPN;Wo1DlPN;]o1O100O10O110N11N3M2O0N101O0O2M^Ua`2
20150430082014Th_10,VnZa01gQ\14omeN9J6K5L1O0011O1N2N10001N110O1O1O3M1OO101M2O2N1O2M2O12O1OO01000N02007ML02M2O010O0O2N10O010O001O1N3M2N2N1OhPN\OUo1i0O100000O002O12M6J2L4N4J4M6M02M1NiQNdNim1U2E3N2O2M3M0ON4K9G3L5I<D:G6J5K5L4M1N2N4LQkdW3
20150430082014Th_11,_VYg12io17M2N2N1000001O00001O01O010O010000O000001O0000010O00000000O10000000000O010000O1000O100000O100000001OO10001O000001O0010O001bPNAYo1c000001O1N2N1N20O0100OM301O100N1100000O010O010O010000O00100O1O1O100000O2O1O0000000000000000000001O0O10001O0O10O10O100O1O1O1O010O0010O1O010O1000O1O2N1O1NTjRP2
20150430082014Th_12,VX[h01ZSR41cloKO10ooi00RPVO0000000000000YPN0^o10bPN0^o11aPNO_o11aPNO_o11800000000000000000000000N10100O1\PNL[o15ePNKZo15fPNK[o15ePNKZo15gPNKYo15gPNKYo15fPNLZo13gPNLYo14hPNLXo13iPNMWo11kPNOUo11jPN0co10BOmPN0ao11O1M2O2M30H[PN3eo1N]PN0do1O61O1OO20mn9NTQF1O100O1O1O1N101O01000O0101O0000000OGLhPN4Uo1KfPN224]o1M`PN0OOao16aPNI`o14bPNL`o11bPNNho10[O0YQN1[o1000[OO[QN1en1O[QN1en1O[QN0fn10ZQN0fn10ZQN0fn10YQN1gn1OYQN0hn10XQN0hn11VQN0jn10VQN0kn1OUQN0ln11SQNOmn11SQNOmn11SQNOmn11SQNOmn11SQNOmn11SQNOmn10TQN0ln10TQN1kn1OUQN1kn1OUQN1kn1OUQN1kn1OUQN1jn10VQN0jn1OWQN1in1OWQN1in1OWQN1in1OWQN1in1OWQN1in1OWQN1in1OWQN1in1OWQN1in1OWQN1in1OWQN1in1OWQN1in1OWQN0jn10VQN0jn10VQN0jn10VQN0jn10UQN1kn10TQN0mn1OSQN1mn1OSQN1mn1OfPN091Uo1OkPN1To11kPNOTo12lPNNUo11lPNNTo13kPNMVo12jPNNVo12jPNNVo12jPNNWo11iPNOWo11iPNOWo11iPNOWo11jPNOUo11kPNOUo10lPN0To10lPN0So70nPJ0A000A0nPN0Ro10nPN0ao100000A0nPN0Ro10nPN0bo10^O0RQN1mn1OSQN2^o1O]OOWQN2hn1NYQN1gn1OYQN1gn1OYQN1fn1O[QN2dn1N]QN1_O1mn1NdQN1^O3mn1LeQN1^O0OOnn10eQN5_OKkn10fQN4@Ljn10gQN2_n1OaQN0`n10h00RQNOmm10TRN0lm10TRN0lm10TRN0km10VRN0jm10VRN0im10XRN0kn11lNOYRN0ln1000jN0\RN0jn1000iN0]RN1cm1O]RN1in1000000OjN0hQN041Tn1OhQN041Tn1OgQN24OUn1OgQN24OUn1OgQN24NVn10fQN32NXn1OeQN43MXn1OeQN52Lgn16WQNJjn17UQNIkn17UQNI\n1OeQN8OI\n1OeQN8OI\n1OeQN8OH]n10dQN3C0<M\n10gQN1C1:N\n10gQN1C1:N\n10mQN0G1\n1O[RN1em1O[RN0fm10ZRN0fm10ZRN0fm10ZRN0fm10ZRN0fm10[QN0i00lm10[QN2g0Nnm10[QN2g0Nom10XQN3i0Mom11VQN3k0LPn16WQNJe00Un19kQNGVn19hQNHZn16fQNJ[n16dQNJ]n15cQNK_n13aQNL`n14`QNLan13_QNMan13_QNMan13^QNNcn12\QNNdn12\QNMfn12ZQNNgn12WQNOin11WQNOjn10VQNOln11RQN0on1OQQN1on10PQNORo10nPN0Ro10mPN1So1OmPN0To10kPN1Uo1OjPN1co10O1FNfPN1[o1OePN1[o1OdPN1fo10O10000O100O1JL`PN4`o1L`PN3ao1M^PN4bo1L^PN4bo1M\PN3eo1M[PN3eo132N2O0O2N]f^a2
20150430082014Th_13,k[kg21gRP11QmQOO^PN1`o1OaPN1]o1OePN1Zo1OgPN1Wo1OkPN0Uo10lPN0ao10no30RPL00010O010^O0TQN0ln10b00aPN0nn10a00O01000000000;0D0G0dPN0fo1000E0;0[PN0do11EOgPN0eo10O0000000E0gPN0Wo30;0RPN0]PN0bo10no30hoK0fPN1Xo11hPNOUo14kPNLSo17kPNIVo18hPNIXo19dPNG]o1<2M3O10O1O1O01O1N2O2O1N2N2NfcfR1
20150430082014Th_14,]\eg11mQb03km_O5N1OO100010N2O0O2O1N100001M2O110O00O1N3O001O0000N3O010O010O010OM3M201N2O1001N2O1K5J8KXcPU2
20150430082014Th_15,^VWg15jo1MXPN1mo1O0OQP40ooK0QP40PPL1N1O10O001O10_OORQN0nn10RQN0_o1000@0PQN0Po10PQN0Po10PQN0Po10QQN0nn11QQNOPo10PQN0Po10PQN0Po10PQN0Po10PQN0`o100000oo50QPJ000O1000000000O0100000O1000PP20bo90^PD00000000001N2O1O000O01000OM4O0010no50]Pb00eoWO00000aoi00oPVO0Qo30_PL0^PN0To10lPN0ao30QPN0O00000010O01O01000O0100000O001O1O1N1N3000K[PNOeo1O]PN0jo10^O7mPNIRo18mPNHRo1;mPNEQo1>nPNARo1`0mPNASo13mPN3Xo1LjPN4Uo1JPQN5]o102N1O1O00001O0001O0001O001O0001O01O^O0TQN0ln10TQN0^o100000QP60ooI000_O0aP60PPJ0oo10_P60aoG0A0?0O1000OcPN0mn10SQN0^o10ko70VPH0N10O10000000O100001O00100000oo30QPL0`o10oPN0A000O0]O0XQN0[o50QPL00000O1O100O2O0O2N10M[PN1_o1KgPN3co1000001O001O011NO1L3M40OOK\PNOgo1O41lo3OUPL0jo90UPH0no30SPL0PPN0010O10O10O0100O01O010O010OPP20PlTf1
20150430082014Th_16,^]U?1`00fPR24cnoM3N3N2N100O001O00010O0001O0000_PNC_o1?000NaPNC_o1=aPNC_o1=aPNC_o1=aPNC^o1>bPNB^o1>2O0100000O100O10O10O1O00100O010O1O010O01L4O1O010O10O001O0O200O1O10000O01O100O010O1000000O1000001O1O0010O1O01O1N2O1O001O001O4L1000O2N1O2OO01O010O00101N003M0010O0O10000100O1O1O2N1O01O00000FDhPN32:Uo1:N101M3O1O1N2OFTQNAhn1c0[QN[Ocn1f0^QNYO`n1i0;1O0NIWQN\Ofn1e0:02M3O1M3N2L5L5LRbnU3
20150601122834Ch_1,m]Yi11dPl21ZoUM0O2IN[PN5eo14O001O001O00010O01O10O0010O0010O01O1O010O001O1O00000O10000O1000000000000001O000000001O010O1O1O1O100O0010O0001O01O001O100O001O0010O0001O01O001O01O01O010O001O00000000000001O0000001O0000010O00001O00000000000001O0000000000000O1000000000000O1000000O10000O01000000000O1000O10000O1000O010000000O100O1O1O1N1010O1O00010O10O0100O01000O1000O010000O1O010O1O10O0100O10O10O100O01000O1000O10O1000O10000O01000O010000O0100O1000O10O1000O100O100O101O00001Ngale1
20150601122834Ch_2,eonc25do19N2N2O3M1N2O2O0O1O10O1000000O4M00OO11M1010O0103M4L3N11OO1N1O00O1O001O00001N2N2N2N3N1N3O0O1O1O1O0010000001OO12O004K4M1O1Oa0^O01O2N5K0O2M3M2O3L5I7J7IZm\W1
20150601122834Ch_3,Z[Qf21cPh03XoYO3N0O2N1O1O2N1000000O2O00O01O101O0000001N100001O000O1000O1O1O1O1O2O00000001O001O0010O0001OO1001OOAjPN6Vo1IlPN6To1InPN5So1IRQN4^o1O1OlchU1
20150601122834Ch_4,XYi^12jo14N2O0O2O0N3N10O10N2N200O0002O001O0O0010O1G910O0001N0001000010O01OOO`0AUhn^2
20150602122934Ch_1,_njm21jQV16fmkN;M2K6M4L2O01O001M3M4L3M3M3O2N100O1011N2M5L2M2N2O001O001O01O0100O0012^OjPN3co100O00001O000000O1O1O1N2STNEQh1=lWNGRh1:kWNJTh17jWNKUh15jWNLVh15iWNLWh14hWNMXh14eWNN\h12hUN]O=b0mi10bUNF9=Vj1M]UNK8:\j1LYUNN68cj1ITUN533kj1HPUN731oj1HmTN821Rk1GjTN:10Wk1GfTN;K3ak1F^TNk1ek1XNRTNj1Ql1o05K6J4M4M3I6K6K4J8F?D<cNcQNa0dn1\OPRNKYn12emnk0
20150602122934Ch_2,bmlT22mo12N2O1O1O00000001O01O01O001O010O001O0000000001O00010O001O01O01O010O000010O000001O0000010O0001O00001O0000010O0000001O00010O00010O010O10O1O01O010O01O01O1O001OiQUf1
20150602122934Ch_3,c^cV22no1101N1O2N1O10O01O0001O01O00000001O00001O1O010O000000000000000000000000000001O0000000000001O01O00000000010O0000000001O0000010O00000010O001O010O00001O00010O0010O00001O0000001O00001O000010O01O001O00001O00010O000001O001O001O0000000000000000000O10000000O0100000000O100O10O10O10O10000O010O01O10O100O100O1O2O0O1000O010O100O010O1000O1M300O010O10O1000O10O100000O10000000O0100O010000O100O10000O10000O10O0100O0100O001O1O0010000O100O010O10O10O1O010OO20OO101O1O1O1O101NmaR[1
20150602122934Ch_4,ihRc23Y2NYk14aTN3]k1NQTNOiN5Vm1LoSN5fN1[m1InSN8eN1\m1HmSNi0Sl1XOiSNj0Yl1VOdSNm0[l1TOcSNm0^l1RO`SNo0bl1QO[SNQ1el1POWSNR1kl1oNRSNR1nl1oNQSNP1Qm1QOlRN8FHcm11`RN<N]Ogm1Z1`0N4N1NaQNmNTn1m0QRNSOQn1d0dQN\O<0Qn1j0oQNTOTn1c0dQN[O91Tn1b0URN]Olm1<ZRNEgm11kWW[1
20150602122934Ch_5,nTo7:2G03O23OO1NN0a0334\OIN34\je1OYU\N8I3M;F3M1N2O4K7J8I2M2O1N5L2N7I0000N110001O0O20O1O4mMURNi1Sn11N1M2O2N1N1O100O1O1O0100O01O100000O2O7J1N1O0000O002N1O2N2N2O004LSN]RNa1`m1ZNdRNe1lm10000O010O1O101O0000O1O001O10O010O101N3M7I2N2O2M4L2N1N101O0O3N1N3N2N1O1O1O1N2O1O1N2O00001O00001O001O1M3N101MchT_3
20150602122934Ch_6,W[kP21]PT11_omN3N2O1O1O1O010O10O1000000O1000O010O2OO10O001O000000000O01000O01O0010O01O010O100O100O10000O10O100O1O100O10O010O00100O10001O000000000000O1000000O10001O0000O10000000000O100M3O2N_d`h1
20150602122934Ch_7,aYen21aRj22[mWM2O0O2O001O00001N1O1L4O2N2O000O2O00001O00001O00010O0001O00000000O10000000000O1000000000000001O000CnPNLmn1NmPN58Ljn1:WQNEin1:XQNFhn1:YQNEgn1;ZQNCgn1<?00O100000001O000000001N1000000OKIdPN6Zo1OcPN1\o11cPNN]o13cPNM\o14dPNL\o14dPNL[o14fPNMYo12hPNNXo12gPNOYo11gPNOYo12fPNNZo12fPNNZo1<00O0100O1O010000000O010O1O01O0N30OO110O0100O010O1O10O1O01000L4O10O100000001O000O100O100O1O101N1K5O100O1000000001O00000O101O0000000O1000000O100000000001O000000000O1O010O0100O10O010O010O010O0100O100N200O001N2O10O00100O1N101O1O001O100N2O0O2O2K4Omeda0
20150602122934Ch_8,\]^m01`Qd04Yn]O4K5K3L6M2L4^Oa0N3N10102M100001POmQNNUn10mQNOTn1OmQN1Tn1MnQN1Tn1MnQN1Tn1MnQN2Rn1MPRN1Rn1MoQN3Qn1MoQN3Rn1KoQN5Qn1KoQN6Qn1GRRN8kn11O01N1000002M3N1000O100O001O0001O001N2O1Nb`mn2
20150602122934Ch_9,`Q_g11]P^11aocN1O1O1O10000O1000O10001N10jPNM^n12R1NSPN0Zo11ePN1Xo10hPN2Vo1OiPN2Vo1NiPN4Vo1LjPN5Vo1JjPN6Wo1HjPN8_o11O001O1O010N2O0N3O0000000000O0M400001O0000000001N10O11O01O01O0010O0000000001O01O01O001O00001N100010O0001O000010O00010O00010O001O0000010O000001O001O0001O1O01O01OM4Ngl`P2
20150619133554Bh_1,VbfR31_RP31[mQM6L4N0O2N100O2O00000O010O10O10O1O10001O000O101N10000O1O10O10O1O0001O0001N1O2N0020O00010O1O10000O1000001O001O001O10O01O1000O01O02OO1O02N0100O0011N001000O010000O01001OO11N10001N1O101N1O11O01O001O1N020O1O1O2O0N3O;D1O0O0100O100O1001N01100N11O01O0O11OO02O00O10000O11OO20O01O2N101N3M1N<D0010O0000O100000001O00101N002O1N1O20OO02O1N002O00O02N010O101OO02N2OO01O100O1001O00100N101O1aSNdMVk1^2eTNgM[k1W2cTNlM\k1U2bTNmM^k1S2_TNPNbk1o1ZTNVNfk1i1XTNXNjk1k1mSN[NRl1j2001N1O010O1O1O2N1N2O1O2N0O6K3L2O3M3L3M4M3K4M5XOXRNnNom1h0j0H:DWW_<
20150619133554Bh_2,`VSR36go14N3M2O1N1000000O01O1O001OO0100000O2GCmPN>So180O010O10O10O10000O1000000O1000000O100000000010O001O100O10O10O0101N10O0100O1O100O100O1000O1O01O10O01O10O01O010O1O01O1O01O01O002O0O01O1O10O000001O0000KBiPN=Uo1EkPN;To1GkPN8Uo1IkPN7Uo1IjPN8Vo1HjPN7Vo1JiPN7Wo1JhPN5Yo19O01O100O1I7O1O1O010N3L300Oiibf0
20150619133554Bh_3,g_Tb21bPl04aoSOM_o1>L3O001O0001O01O001O010O100O2O00001O000O10001N2N10O10O00100O1O1O1O101N2O001O0O10000O10O0O101J5N2O2N1N201N101O1N2O3L2O001O0O2O0O2N3Kl^iX1
20150619133554Bh_4,bc`n11QQ`14inaN3M5J`0A8H4M1O1N3N00010O001OO2O1O0O2O1O0O2O10O01001O1O1O0000000O010O010O010O010O01O1O1O10O01O1O1O1O1O100O2N101N00100O100O0100O11O0O2O000O100002N000O11OO111N2M10000O2N1O2N101N2N2O1N00100O000100O2OO01O00010O1O00100O002N001N2O1O1O1N2O1O1O2N2M2O1O1N3N2L3M4JhXQh1
20150619133554Bh_5,ZkjX21^Pn01_oSO3K6L2O001O001O001O00001O1O00100001N3N0O2N100O1O00010O010O010O0001O01O000001O00O1010O0000010O01O0010O002O0O0010000O101O0O10O01000O1O1O1O1O1O1O1O2MWSca1
20150619133554Bh_6,n`X_11hQT40UnmK4M9H001O1O1O001O10O0100O0010O01O00100O10000O100O10O10O10O0100O10O10O0001O0000001O0000000O100000000001O0001O01O000010O010O01O01O0010O01O010O0010O1O01O01O01O1O00001O001N10001O0O101O000000000010O00003M00001O01O0000000O2O000O100000bPNDYo1<ePNGYo1a0O002N010O001O00100O00100O100O010O0010O01000O01O01O01O00010O01O0010O01O001O00100O03N3L010O010O1O00010O001O01O00010O00100O1O010O0001O00001O01O000000000001O001O2N1O1O1O001O1OkN]QNm0bn1SOaQNl0^n1SOgQNi0Vo1C6J2N0O101N01O01O001N010000O011O0O10011N0110O1N2O000O10PP20PPN0O0QP20QP:0Po50nQ\O0Qn10P11mPNOSn11mQNOTn11lQNOTn11kQNOUn12m00mPNNWn11jQNOVn11l0011O001O01O00001O00000O11QP2OooM0O0RP20PP<0ooE0QP20ooI1N0100O0010O1O01000O011OO1000000000001ORP20VP80hoE010SPN2eo12fXog1
20150619133554Bh_7,hZPR11_Rf0:Tm[O4M2O1N1N3N2N4L3M2N4L2N1N2M3N101OROkQN3Un1KoQN3Pn1MSRN1mm1NURN1jm1OXRNOgm12[RNNbm13_RNM]m16eRNIZm16iRNJTm17nRNHPm19QSNGnl18TSNIjl17WSNIdl1:^SNFal1:`SNF]l1<dSNC[l1>eSNCWl1a0iSN^OUl1d0lSN\OSl1c0oSN\OQl1:ZTNEfk1;[TNDek1;]TNEck1:_TNCck1;R2O2N1M4Med]j2
20150619133554Bh_8,R^hW11^RR42]moK201N1O2M200O2O0O101N2M201N101O1N2O3L3N2N1O0O2O001O1O001O000000000001O001O1O1N102M2N3N2N2M2O1O00100O1O0000010FcPNO^o1:O1000000O3N2N000002O0O0001O1N101N3N1O0O1O1O100O020N0100O11N010010O0O1O001O1O1O1O2O00000000001N3OOO10O100O101N100O001O00001O001O00AnPN0Ro1NRQN0on1NZQNKfn14ZQNLgn13ZQNLfn14[QNLfn12[QNNen11[QNOen11\QNNen11\QNOcn12\QNNen11\QNNen12[QNNdn12\QNOdn10]QNOdn11[QN0en1O\QN0dn10\QN1dn1N]QN2bn1O^QN0cn1O^QN1bn1O^QN0cn10]QN1Yo100O10O10O10O1000OQP20PP20ooK0000000oo70QPH000000000QP40YoK0\QN0[o10O00010XO0^QN0Zo10O010O00000ZO0]Q20ZO0ooM0[O0[QN0dn10]11XO10O0000[OO[QN1en1O[QN1Zo1OPP40@0QQL0@0000000000000B0>0?0do30\O0aPL0000000aPN0nn11QQNOon11QQNOPo10oPN1Qo1OoPN3on1MQQN5\o1NXPNNXo1OTQN1GOTo10]QN0bn10^QN1Zo3OWoM0aQN0^n10bQN0Xo10O01000O10O1001OO0100O10O01000O010O000010O0001O000000Uo30gQL0TO0010O02101NN2O1N0100O01O01O010O0001O010O0001O00001O000OcZYQ2
20150619133554Bh_9,ckbT11_P81]oI;F3M5L6J4SQNXO[n1X18H2N1M2N1O0N2K6N\SWj2
20150619133554Bh_10,VSiP15ho14O2M1O2N1O1O1N2O1000O10O001O101N1O1O001O1O1O1N2N2O0O20ON3M210O01O1O1M3M2N2O1O2M2O1OiN_ORSNa0ml1BoRN?kl1JPSN8Rm1HmRN8Tm1GkRN:Vm1FjRN9Wm1GhRN9Ym1GeRN:[m1GeRN8\m1GdRN8]m1IbRN7_m1I`RN7`m1K^RN4dm1L[RN4fm1KZRN5gm1KXRN5im1KWRN4jm1LSRN6nm1JPRN6Qn1JnQN7Sn1JkQN7Tn1JkQN5Vn1MgQN4Zn1h0000N3N10000O2O1O001PO`QN=cn1AaQN:bn1DaQN7en1E]QN6Yo1N201N2N]oni2
20150620161314Mh_1,clXc13lo12O1M3O2N001O0001O0000010O000000O10000000O10O010000O0O2N110O010O0100O0010000O100O10000O010000000000000O1000001O0000O1000O100gMGkTN8Tk1NgTN3Yk11bTN0^k11_TN1ak10]TN0dk11[TNOek11ZTN0gk10WTN0jk10UTN1lk1ORTN1Ql1NkSN5Vl1KeSN8]l1GfRNI:a0Sm17gRNLZm15`RNObm1V12N2O2L6K2O1N2M2N2O2L4J6L4N3G<G>CPUiV2
20150620161314Mh_2,R[Ql21RRb13hm_N3N2O1N10001N101O002N00000O010000O01000O00010O0010O01O00100O01O0010OO2O000010O0001O00010O01O01O01O0001O0O1O2O000010O001O001O1O00100N101O010O010O00010O01O010O10O0100O010000000O01000000O10000O010O10O010001O001O1O1O00000000O10000O1000O1O2N2M^dlj0
20150620161314Mh_3,nl^[11bPT15VomN4L4N2N2N1N3N001O1O10O1O0100003L210O02M002N1N100RQNZOan1f0^QNZObn1h0[QNZOdn1g0ZQNZOgn1o01O010O001N2O2N1O2N1O1O1O1N101O1O001N100O1O2N100O1O10O01O10O10O10O0100O01O00100O010O10O01O000001O010N2O1M3N2NmQW^2
20150620161314Mh_4,jcnd01^PR14\ooN7I6K1O1O1O0O2O1O3M2N1O1O0010O010O1O001O2N4L0000000000O10O10O10000001N10101O2M3M1000O100O1O001O001O002O00000010O2O1M1000000O10O10O010O001O1O2N2M101N2O1NZZUU3
20150620161314Mh_5,RWea01hT^31UkcL2N2N1O1O1N2O2O0O10000O1000000O100O10O1000O0100O1O10O1000O1000001O000000000000001N100000000000000O10O0100O10O1000O10O1O100O10O01O1O001O1N101N200O00100O010000O1O100O00100O1O010O00010O01O00100O010O10O100000O100N1O200N200O001O1O1O1N110N20O000O20M110OO3L2O3OO0O110O101O000OL4011N11OO20O01O010O1O100O10000000O101N100O100O10O01000O1000OO20OO2O0OIPQN_ORo1a05100O1N201OO110N1000N12O0O1O1O2O0O2O001O10O01000O010000O01000O10001O000O101O0O10O1000O2O0O100O2O002LmgPm2
20150620161314Mh_6,\]nX11mP`34nnaL000O2O1O001N101O00001O1O010O10O0100O010O10O01O10O10O000010O000010O02OO01O1000O01O01O0000001O000001O000O10O1000O100000O01O10001N100010O2O00000O100O100O001O000010O01O00001O01O01O001O10O01O010O010O11N00101N1O1O1O1O001O001O000001O10O03M1O010O1O01O1O001H]PN1do1M^PN2co1L_PN4go1O1O01O0LNZPN2fo15M2O1O2O00000000000O100000000000000O01O101O00001OcPNIRo16mPNLSo13mPNMUo11iPN2Vo1NjPN3Vo1;10O2N011N1O10O0001O000O100000O10000O100O1000001N10001N2O001N10001O0O2O01O01O010O10O1O100O10O02OO0100O00010O00010O0010O010O001O01O01O001O001O001O001O0011N103N0N1O2O1N011N7J0O2O0O001O001O0001O00010O6J3L2O2M2M3M3K5L4Me^eR2
20150620161314Mh_7,Pc^P24lo10O1O10001N1O2O001N101O1O1N2O00001O0O10010O00000010O01O0010O0000000000010O00001O0001O000010O01O0000001O00000010O100O10O000100O001O01O1O1O001O00001O1O001O1O1O010O001O00000010O001O00001O0O2O0O2O0O1O2M200O10000000001O0001O01O000000001O00000001O000010O01O00010O0000001O01O0001O001O0000001O00010O001O1O1O00000000001O00000010O00001O01O01O0010O00010O000010O0001O010O2O0O2N3N0O2N3M2O003M1N10000O0100O1O1O1O1O001O010O10O1O0100O010O0010O0010O1O002OO01O010O001O0010O10O010O010O001O010O0010O010O010O010O01O01O01001N101N3N1N10O0100000O010O1O010O01000O010O100O1O001O100O1O100O2O1N100O1000`QNWOgm1j0URNYOlm1f0RRN]Onm1d0dQNH]n1m010O10O00010O1N2O3M001O001N100O1O1O2N4K3O0O2O1O001O1O1N2O1N100O2O0O100O100O2N1O1K6M3NTYeZ1
20150620161314Mh_8,a^j]21lPP32QoQM1N2N1N2O100O100O10O1O010O10000O01000O100000O2O000O1000001O0001O0000001O00001O1O010O0001O00003M001O1O001O00001O0000001O000000000O1M30001O01EgPNMYo13gPNM[o1;1O000000000O1000001O10O01O010O00001O0000001N10000010O001O01O01O01O01O01O000010O000001O0000001O00001O00010O00010O01O010O001O01O01O00100O1O2N1N2O2N4L1O00001O010O00010O00000001O0^OlPN9So1GmPN9To1EnPN:Ro1EoPN;Ro1BQQN<Zo10001N2O2M101N1010O010O001000O01O000001N100LXPN0ho10XPN0ho71SPJ1O00001N1O100XPNMco13]PN2]o10bPN1]o1901O001O001O1O001O10O01O000000000000000000000000000001O0O10000O10000O10OBgPN7Yo1IgPN7Yo1HiPN7Wo1IiPN6Yo1HhPN8ao1M201M201MU_go0
20150620161314Mh_9,d`jg11\oS10cPnN01000O0QP20ooM010O010O010O0RP80QP40ooK0`P40aoE2ooMN\O0W10]O0PP25koM14KO10O00O2TPNNgo16O100O2N1O1O10O00SODVRN=en12O0YOBkQN?Vn1AgQNa0[n1^ObQNd0_n1\O\QNh0en1XOWQN5M>mn1]OSQN53=Zo1N00001N2O1O1O1N2O001O10O01O1O1N^P2MeoM2O1O001N100000001O010O0000001O0aPNLQo15mPNOQo12nPNOQo11nPN1Qo10nPN1Qo1OnPN2Qo1OnPN3Qo1>0000001O1N2O000O101CkPNLVo14jPNLVo13kPNLWo12jPNNVo12jPNNVo12kPNLWo12jPNNVo11lPNOSo11mPNOSo11nPNOQo10PQN1on1ORQN0nn10SQN0ln10UQNOkn10WQNOin11WQN0hn10XQN0hn10YQNOgn11YQNOfn11[QNOen11[QNOen12[QNMen13[QNMen13[QNMen13[QNMen13d01O0003M10O01O0000QP4000ooK0fP80[oI0ooM0010O0000010O0010O0UPd00lo[O0O1O0100O010001OO010O0100O000010O000000000000O100O010O001OO3MQ\Wi1
20150620161314Mh_10,\j\f21iPV16nnkN4M3M2N1O3N1O2N100O10000004K3N1N2O3NN101N4M0O1O1O1O0001O001O001O1O1O00100O00100O100O1000O10O10O010000OdPNESo1=jPNGTo1d0O1O1N2O0000O101O1N2]OiPN:do1J0100000O10000O1O10O01O01O00010O010O010000O0010O01N1O1N_ReR1
20150620161314Mh_11,mUmY33ko13N100O1O1O1O100O1O1O2N2O0000000000O100GaPN1_o1NbPN2^o1NaPN2`o1N`PN2`o162N10fPNFmn1;SQNEmn1;RQNGln1:TQNGkn19UQNGkn19UQNGkn19UQNGkn19UQNHjn18VQNHjn18VQNIjn16UQNKln14TQNLmn13RQNOmn11RQN1nn1NQQN3on1NoPN3Qo1>001N1O2N101M3N1O1O1O101N100O101OaPNHWo16hPNNXo10hPN0\o1MbPN4_o1L_PN5ao15O010O10O2O00001N2O0000001O0001O00001O001O010O00001O01O01O0010O1O001O00000001O01O0001O01O00001O001O1O00001O0O2O1N_ib>
20150620161314Mh_12,fjhf21eQ`20ZnaM0000000dS]V1
20150623152934Ch_1,XWod11lSb36lk_L4L2O001O00001O001O1O1000O11N2O0O1000O00100O1O100O001O010O001O0010O01O00001O0O2O0000000O1000O10O10O10O10O100O1000000O01000O101O000O10O010000O10000O010O1000O010O1000O010O0100O000000N201O01O10O000N201O0010N2000000O10K@hPNb0Wo14O1O1O010O0100OG[OYQNd0gn1@UQN`0jn1;01O^OXQNLin15WQNKhn15\QNGen19\QNEdn1;]QNDcn1=]QNBdn1=^QN@cn1`0_QN^Oan1b0>010O10O0100O100O010O001O1L3M4O1O101N101O001O0000000000000001O0O101O0O101N1O1O1O1N2O100O010O000N3OO001N110M3O1O110O1N110N110O001O001O010OO20O0100O0010O01O1O001O10O01O001O001O1O1O10OO2O1O100O1O101N10001N2O0O2N2M2O2O1O0Ohg`h1
20150623152934Ch_2,gn`g01gQX16QniN3N2M3O1O3L20001O011N1O1O0000000O10O01OO2O010N3N2N0O010000000100O10001N2O1N011N2O1O1OO010000O3M2N`0@3M3M?B4K1O100O0O3N1O2M3NjMXSNEFS1Sm1kNQTNa1Qm11O0N100O2O2M4M3M26K0M2N2O10O00O0eNQRNd0Rn1UOSRNk0bn1N2O1N1N3N5K2M5JkhbQ3
20150623152934Ch_3,bWgn11cQh23XnYMO101O100O1000000000RoY30mPjL0PPL010O010oo10QPN000O10O10000000000001O01O0100O010O1XPNNao11^PNOdo11[PNOfo115OSPN0ko12gg^h1
20150623152934Ch_4,jZ[g11XPX10foiN0100000nPb10Ro]N0PP<0PPD0000000O0100000O01000O01000SdRT2
20150623152934Ch_5,R]TT21ZQl10cnUN5K3M3N2N3N0O1O1O1OO100O1O0101O001O10O01O100O010OO2N2000000O101O00000O101O000O1000000000000000O101N10000010O001O010O1O02O0000O12O0OO10000O100O2N0010O01O01O0010O01O100O10O010O0010O010O00001O0000000O0100000O10000000O10000000001O01O1O10O01O010O010O010O001O01O10000O010000O10O100O2O0O2N010O2O003ON00O20OO1O1N2Oa`[`1
20150623152934Ch_6,XkZd21SSf02il[O2O1O00001N10000O100N2O1O1O1N2O1O1N2oN_O`RNd0^m1@_RN`0am1C\RN>bm1HXRN9gm1KURN5lm1OoQN1Rn1i0401N11N1O2D:2O2M3K5J6H8M4L3M3N2M4DjPNF]o1OaTWX1
20150623152934Ch_7,TkTT21YPV13cokN2N00101O0O1O2O01O00O1000O010O1O01000O11OO01001O0000000000000O010O1O01O0100O01O0010O0001O010O1O0010O010O01O001O000000O100O10O0100O10O010O01000O01000O0100O0010O10O10O01O00100O002O0MnSod1
20150623152934Ch_8,Tk^_21nPd09cn]O8L2O1O1N020O11N4M1N100O01O10000O5K1L7I<G2M3N1001iNiQNb0mn1N01O20N`QN_Obm1a0XRNBim1f0kQN]OWn1U12N2M4L2N3L2N3N1N4L4^OoPNM_QY]1
20150623152934Ch_9,Rgli26jo13M3M4M2M2001N2N2N002N0010N02N2N4MO10000O001O0O2O2N10001N2O0000010O00100O0100O2N2O01O1N3M3N=FM001N1N3]OjPN6do1L2N2MTVeR1
20150623152934Ch_10,jnPd01VPj02goWO4K3N1O1O100O01000O0100O3M01M20010O01O1O010O1O1O01O00010O001O001O10O00O2O000O100O100O010O0NBcPN?]o112N1O2N1O100O10001O001O2KgP]W3
20150623152934Ch_11,Xmfb01QRX21nmiM00Odo10jPL0To10lPN1To1OlPN0To11lPNOTo10lPN1To1OlPN0Uo10jPN0Vo13gPNNXo12iPNMXo10jPN1Uo1OkPN2Uo1NkPN2To1NlPN3So1NlPN3So1NlPN3So1MnPN2So1NlPN3So1NlPN2So10lPN0To10mPNOTo10lPN0To10lPN0To11lPNNTo12lPNNUo11lPNNTo12lPNOSo11nPNORo10oPNOQo12nPNNRo12nPNOQo10QQN0nn10RQN0on1OQQN1on1NRQN3ln1NTQN2ln1MUQN3jn1NVQN1jn1OVQN2in1OWQN1in1NWQN3jn1KWQN5Yo12N1O2N2N2gPNEkn1=QQNHkn1g001O1OSOTQNg0kn1YOVQNf0jn1YOWQNi0on110000O1ODVQNCin1<ZQNDcn1=_QNB`n1=cQNAan1<`QNDen16^QNIcn13_QNMbn12^QNNcn11^QN0`n10`QN1`n1OaQNOZo11UONcQN0]n11cQNO^n10bQN2[n1OeQN1Zn10fQN0Yn10hQNOXn12gQNNZn11gQNNZn11eQNO]n11bQNO_n10i01gPNOcn10f02N0dPNNjn10bQ<0ToC0TP40]o90WRH0YnI1foc06YP\OJN000OO10PP20ooM001O1O9GFiPNOeo100000N1000O]PN0Uo13dPNO_o17UjPR3
20150913082034Lh_1,`QgZ21hR<>glE2N2O0L4L5M101CTO^QNU1\n1:O1OO[OgNhRNR1_m1e03L4]Oc0N2K5K5N3N3Llm`c1
20150913082034Lh_2,\Te[11jPj12RoWN4M0GOcPN2\o19100O2N1O1M3000000O011OO100O01O010O010O010O00010O010O010O10O10O10O0010O010O01O00000010O1O0010O01O00010O01O100O2N00010O10O01O01O01O001O001O0010O01O002N3M4M0O1O1O10O010O0010O01N1000001O00001O101N2N2N1O1O1O1O001O0000010O001O00001O0000000001O00000000001O00001O000001O00001O001N101N2NVi`Y2
20150913082034Lh_3,X`S^21mPj01VoUO0co18N3IEePN=Zo1500001N2O001O00O10O1000010OO2I6N3N1O1O100O0010M4N1O2N5K2O1N1O1O10O01000000O100O10000O010O10O1O10000O10O10000O6F^_Z]1
20150913082034Lh_4,\U]f23ko15L1O10O010O001O1O001000O100O1010O00100O010O10O10000O100O3N011N11OO110OO001N1O2N1N3KRjlV1
20150913082034Lh_5,eV]b12SP4Oio]30TPbL0YPL0fo10O000M2Vi^Y2
20150913082034Lh_6,U]UT11bPb01[o_O7I101N101OO011OO1N2I700000010O0010O010O00001O1O00001O00001O001O1N200O1N100O2N3MWbfh2
20151003081954Uh_1,`dX^21nQf05im[O8G6M3L6K5K4L2O2L4N0O1N2N2OWOhQNKXn10PRNNPn10SRN0km10XRN0fm1N]RN2am1NaRN2]m1NdRN3Zm1LiRN3Vm1MlRN3Qm1NRSN0kl12VSN0gl10[SN0dl1O^SN1`l1OcSN0\l10eSN0Zl1OhSN1Wl1OjSN1Ul1NmSN2Ql1OoSN2ok1ORTN1kk11VTNOhk12YTNNek12]TNMbk14`TNK^k16cTNI^k15eTNH[k18gTNGYk18iTNGWk18kTNHTk17oTNHPk18RUNFnj1:SUNDnj1;UUNBmj1<]2N3JkZm]1
20151003081954Uh_2,]VSS31jUX26kiiM5M2O1N200N201N1N2O0O2O1O001N100000000O0101OO100O011N1000O10O1001OO010O1O1NO2O110O10NO300O10000O100001N01001O01O01O000O110N011O001N02O100O1O1O0100O101N1O1O1O10O100000O001N20O010M3O1N2M4N2L4N2O1N2N1N1000O0010000011N2F^PN2in34jPN3M5L2M5L3M1N200O1O2SQNWOan1U1N3N1O0O2O1N101O0O10O010O1O0O2N2O1N2O0O2N2O1N2N1M4L3O2O0O1O2O1O001M3O1O2M2N3M4L]hb`0
20151003081954Uh_3,]]eX21XQP14bnQO5K5K2O2N0O1000O1000000000O10000000000010O0000O0100O1O100O01000N2N20O10O10O10O100O10O10O10000O010O010O10O1O1O0O2O1O001N1N3M3N1010O101N010O1O2N2N2N4I7JRbba1
20151003081954Uh_4,h[SV28fo13M200O0O2N2O1O1O0001N2O001N1001O1O100O1O1O1OO1001OL5N10100O1O010O1N2O100O1O2MTe\g1
20151003081954Uh_5,eebf21^Pf06Vo[O7M4M3N3L2O0kPNXORo1e0mPNAPo1=RQNDmn17YQNHgn17\QNFen19[QNHen16]QNJcn16]QNJcn15]QNLbn14_QNKan16^QNJcn15^QNJcn16c0010O10O1O010O01O0010O10O10O1O1000O10O01000O10O10O0100000O10002M2MmX_U1
20151015170634Ch_1,^_hh01cQf17Sn[N3M3N3N0N10M3N3O001O1O00100O1O101O0O11O0O3N1N100O1N2O1JCgPN?Xo1500O10O0N300O0100000M201000O010O1O101M2O2N101N2O1O1O03M1O000000000HlPNDUo1:mPND0Nnn1>SQNBO2nn1;XQNFin18XQNHhn19VQNHkn17TQNJmn15PQNNQo1`00O101O1O4L1O00000000001O0O1001OO1000000O01000O10O1O0010O01N10001O010O00O20O000000001O01O100O1O0O2N101O1N1O2N101N2O100O100O1OV`Wm2
20151015170634Ch_2,UPga01PQ^14jncN2O1N10000O10000O101O1O0001O1O0001O0O1O2O0O10000O101O000O2O002O0O1O02N000100O1O1O1O1O1O002N2N1O1O1O1O00TOVQNc0in1\OXQNe0gn1ZO\QNf0cn1WO_QNj0ln10O2N1O101N1O1O1O1012M04K1jQNlN_m1W1\RNlNbm1Y1XRNjNfm1X1WRNjNim1g1O0010O01O1O001N2O1N2O1N2O1N002O\OcRNfN\m1W1iRNgNVm15eRNI2O72Qm14hRNJ1O:0nl15hRNL0N<0ml14hRNMOM`01ll11eRN2NJf00jl11cRN5MIi0NXm18oQNJl0LUm1:nQNJVo15jPNJXo15iPNJXo15;N2Iim\V3
20151015170634Ch_3,Pf\T11jPT14onmN4N3M3N1O001O2M20N2N1O01N1N3N2O1O1O1O8K12K10O000000O01O02N1O1N2MnPN^Okn1`0TQNEjn1:VQNLgn11YQN0gn1N[QN2dn1N]QN2bn1N^QN2bn1M^QN4bn1L]QN7`n1J_QN:^n1FeQN9Yn1EkQN;Sn1CQRN<nm1CSRN>lm1AVRN`0hm1@ZRN?em1@aRN<_m1BfRN;Ym1DkRN;Tm1DnRN;\n11O0O2O0N2O4K22O0O0000O10O00001O1O2O0001N10]OhPN<_o10O11N1O3M3N1MlU]e2
20151015170634Ch_4,diXT21iRb06Zm]O0Zo1e0D4M4L6I7Kc0QNRNgTNS2Sk1TNfTNo1Xk1SNbTNS2]k1oM\TNW2bk1nMYTNT2gk1mMPTN[OOm2nk1R1OgMWTN9jk1D^TNRO2Kbk1P1aTN`Ni03jj1X1]2L3N1M4J6O1O11N1O2O00O1VORQNb0co1C1O3LeTSi1
20151015170634Ch_5,dUe?1bQ<2PnE?H=Fe0ZO;iQNXNdm1W2J6K4M3L2N2L5LbM[TNf0ak1WOnTNa0oj1[OWUNe0fj1ZO]UNg0_j1YOcUNi0Zj1XOjUNf0Tj1YOSVNb0mi1^OUVN?li1@TVN`0mi1^OTVNa0oi1ZOVVNa0mi1[OWVNd0ii1\OYVN?ji1AWVN?hi1AZVN>gi1B^VN6TcX^3
20151015170634Ch_6,]X]i01aQl01\nUO1O1O1O1O1O1L3O100O100O2O1HBlPN?To17O1O10001N1O1O100O1O001O010O10O10O01O200O0100000YOPQN<Zo10000O101O1O010O2N1O1O2O1O000000O3N0O01O1N2O1O1O1N2NTfbQ3
20151015170634Ch_7,_aUm11iP<5PoE2O1O0BLoPN5Po1LoPN5Qo1LkPN8To1:10O2N3M5K2M2O000001O0O3ZOZQNNmn1IVQN5\o1M2N2M_]nP2
20151015170634Ch_8,mVSi11WR:3bmG201N010O100O1O1N2N2lNHkQNn0Un1>1N2M4L4QO_QN<\o1F4L3MegZU2
20151015170634Ch_9,]Qcc01oo10010OC0kPN0To10lP40boK010B0jPN0Uo10lPN0So10oPN0Po10PQN0on10RQN0nn10RQN0nn10RQN0_o110O01O01O011O0000O1O0001O11OO10000000O1100O0000QP40ooK000SP40YP>2fo]ONN123NNO2^P2LcoM0O10O11N01001O003M1O2N0N20O\OHaQN8_n1I_QN7en1GZQN9Vo11O002DDoPN>Ro1BkPN`0Uo1AiPN?Yo141O2O5KO1O1N2O1O01N0100O2N1010O1O3M09F4M3L21OO001=D1N000O010010N3M5K7I10O1N3M2N3K3M4I_iRT3
20151015170634Ch_10,[[mY11]Pn01_oSO2\PN0Wo11iPNOVo12gPN0Zo1:001O1010O0001N100000000O101O0O100000000010O0001O1O0100O0[PNJao1;O1000O010O01O011O0O010O1O1N2O001O2O01O4K2O0O2O2M1O10O0010O1N101O0O2O001O1O0OXcd`2
20151015170634Ch_11,Z[_Y11hPh10VokN0QP^O000O0100000000010O0ho70bPH0]O0[P40noK010O000`PN0Qo10?10OaPN0nn11RQNOmn11b0OdP20mn52aPHNO0_PN0ao50go30aPF0go1000O1JO]PN1io10KO[PN2eo1NZPN2fo1NYPN3go13001O00000010O00001O000001O0010O00100O010O1O00010O00100O010O000001O01O01O001O3M2NgbR^2
20151015170634Ch_12,g\gY21lo1201O1O00001O001O0010O01O0010O01O0010OO010O101N10001N1O2O0N2O2O0O1O1OIlPNETo1:9M3N2O100O20000O10000000O1O1O1N2O0010O010O010O1O001N1O4MVeVb1
20151015170634Ch_13,RUQk11YP<0coE6M2N00100000010O00O2O0000010O0O1000O01O01O101OO100O1O100O1MoidR2
20151026171014Mh_1,^`Wi1;_o18K4K5M3M2M2M3N2O0O2N1N4XOfNdRN^1\m1jN\RNV1dm1c0O0100O100N2H8O1C=N2M3M3H6010_OUOiQNQ1Un1=001O1O2M3N2N2O1N2N2N2O1N101O001O001O0O2N10000000O11O00010O001O1O001O001O0O20OO1001N11O00O20O0001O00O10O10001N100O2M2L5O1O1000001O0100O1O5K3M002N1O1N10000O1O1O1N200O100O1O0100O001O0100O100O010O1O10O01O1O1N11OO2O1O1O\dRn1
20151026171014Mh_2,_ZQo01`SP21\lQN5L1O2N2O1N3N0O2O0001O1O1O1O0001O002N100O0010O010O000000O101O001O100O010O0001O0000001O00001O0O2O1O001O1N2O1O1O1O0O1000O1000000000O1001N10000O2O000O010O0100O010000O10O01O0N2O2OO10O100O1O001O101M2O1O2M201M2N3M3N2O1N2O1N2O0O2NAfQN\OXn1e0kQNYOSn1g0PRNXOom1h0SRNVOlm1i0XRNUOhm1k0ZRNSOfm1k0f002N011O1N2O100O100O10O11OO01O10O010O01O100O1O2N101N3N2O3K5Lbdde2
20151026171014Mh_3,k]oa21VVf22^i[M:N1O101O0O1000000O100O10OO200N101M2M4N2O1O00010O10O000100O1O010O01O1O010O1O0010O01O01O001O010O001O010O00100O10O010O010O0100O0010O01O1O001O1N101O0010O0001O0000001O010O01O001O1O1O100O100O01O000O110N101O010O010O1O01O00000O1001O001M2M3O1L400O101O0000000001O001O100O1N2O1N2O0O2O1N2O1O1000O010O1O001O001O010ZOlN_RNT1`m1TOYRNl0gm1VOXRNi0im1VOXRNi0hm1XOWRNg0km1XOVRNh0im1QO^RNn0dm1nN^RNS1cm1kN]RNU1Vn101O10O1K4M3010O101N1O2L4M2O2M3M4L3N3M3N2M2O2M2O2Mf`fo0
20151026171014Mh_4,ngZn21iPZ19lngN2N2N2O0O10O2O00001O1O1O100O0101N100O002O0O2O0O010O011N1O2O0100O2N0O001000O20O1O001O000O101OO10000O100O100002O01M2O0O101O0O10001O01OO2O1N2N2N3^QNPOom1Q1oQNPOPn1S1lQNmNVn1U1fQNlN[n1]12M6K4K3N002M2O0O3M3N0O2N2N1O2K4M5LZTaj0
20151026171014Mh_5,^Umd01aRR18SmoN7nRNFUj1?fUNBZj1>kSNDP1NTk1`0gSNGT1HTk1e0dSNFU1FVk1g0cSNFS1DYk1h0dSNEQ1DUk1n0hSN@4^O?3dk1Q1jSN1<nNik1R1kSN3:jNik1W1jSN3<cNO1F1Xk1n2aUN`M\j1b2bUN`M]j1a2`UNcM]j1^2aUNeM_j1[2`UNfMYj1`2fUNbMWj1a2gUNaMWj1`2hUNbMXj1^2fUNcMZj1^2bUNfM^j1n30O010O1O1N2O2N1O1FQUN`KSk1[4;O2M3N2N1O2N2N2N4L4L;YLcSNV3il1J5L3M3L3M4L5J4L3N3M4K2J7N2M3N1N3L4I7M2O2O0O2N1O2M4M3M3L2O1O2M3N2MPgVU3
20151026171014Mh_6,kkXR31oo10O1O010N2O100O1O001001O2M2O0O1000O1O11OYo3OiPL1000OUo50`Vck0
20151026171014Mh_7,\fT]11oPP18enQO7K3M2O2N1O2O0001O010O00O2N1O10O01O1N100OZORQN=mn1BUQN=jn1CWQN=hn1BYQN`0en1@\QN`0dn1@\QNa0bn1_O`QN`0`n1_OaQNb0^n1^OdQNa0[n1^OgQNb0Xn1^OhQNc0Wn1\OjQNf0Tn1XOnQNi0en10O11O1O3M1O0O100O2O1N1O10O100O101N10000000O100O1O10O00000010O011O0O2O1M2NmV]]2
20151026171014Mh_8,\gPS11iQb06nm_O3G:M2L3N2N3L3O1N2M3O0O2OB>N2N3M2N2O1O2N1O100001O0000O1O20O01O1O1O100N20O01O1O1O1OYXii2
20151117212434Ch_1,e\ae11lSf11nk[N6M2N3N1N2O00100O002N1O0O2O0012M4M0O1000O01O010O01O1O01O000000000000000O100000000000000001O0000O10O100000000O101O1O000O10O1O010O1O1O0100N2N3N100O2O1N1O10O01O1O001O1N101O1O0O2O1O001N1M3OO2O100O01O001DmNkQNT1Rn1=010O01O10O10O01H421N3N1OO3N2OO100000100O1N3M3H8K5B?M5L3L3MYbbP2
20151117212434Ch_2,m^Tg21eQV24TnkM3L5L3N5K3N3L7J1N2UQNlNcn1[1O2N2N101N2OoNgQN;Xn1EjQN;Un1EkQN;Un1ElQN;Sn1DPRN:Pn1FRRN8mm1HURN7km1IVRN6jm1IYRNJBMUn19ZRNHFKom1>[RNFHKmm1>]RNDQn1=i00O2O0O2N010O1O1O001N201N101O1O001N10001O0000001O00001N100001O01O000000001O000000001O00001O2N1O2M3N001O001O000001O0O100O2M2O1O100O100O2O000O10001O00000001O001O001O1O000010O00001O001O0000000000000000001O00001O001O00100O10O01O01000000O100O100O00000001O00001O0O2O1O2O1N1N2O001N2O1N1O2O1O6I2O1N4KV_gk0
20151117212434Ch_3,]kPa21UQd0>Xn]O8I9G3OO101O2N2O10O0O1O3N3M3N1O0?CgRNXOXk1i0[TN_Ohk1a0RTNATl1`0dSNBal1;ZSNFkl1:PSNGSm1a13L4M3M4L3M5K9G4L6J5L100O00100O1O2N1N4GXQe[1
20151117212434Ch_4,[nTe21aYX33YfiL3N1N3O0O1N110M2O110N2O100O002N100O00O1N21OO1000000O20O00O100O011ON2O011N0100O101O0000001OO20O00O1O011O00000O100O2OO100O0N4OO00001N1O1110N1N200L3010O01O1001O001O1O001N10000O20O000010N0110O0O020O1OO11O00O11ON20O1000O1O1M20100N2O011OO010O002ON01010N0O211M2N201M1O201M2N111N0O3O0O101O1O0O20ON20001M10101N1N210N101N00100O1O0110N00101N1O2O0000001N1O2O1M3K5O01O0010OO11O1O0O10010N11ON3O0O2O1O01O10O001O001O1O1O2N2N1O1O2M3N2M4K6KaoZj0
20151117212434Ch_5,ilnW35jo12O100O2N2QQN:am1IURN`0im1l0O02O1N1O2N2VOQRN^ORn1;m0KmRQg0
20151117212434Ch_6,f^QQ1;do13M3L2O2M3N100O1O1O1OO2O10001O0O10O2O0O0O101OO1N1001O1O10O00OO20OO3M2O1O0O2O00110O2O001N2O100O100O2N100N2O3Lob`k2
20151117212434Ch_7,`^YQ11mo1010kPN0\n10dQN0Zn11j00O10010O10001O0mPNLYn15gQNKYn14j00O0PQNLVn12kQNNUn12l0000mPNOWn11iQNOWn11jQNNWn11jQNOUn11lQNOSn12lQNOSn11mQNORn11mQN0Tn10lQNOUn10jQNOYn12dQNN_n11`QNO`n12_QNOan10^QN0bn12]QNObn11^QN0an11`QNN`n13_QNMan15^QNKRn1e0nQN[Ocm1U1[RNlNdm1V1[RNiNfm1X1ZRNgNfm1Z1YRNfNfm1\1ZRNcNem1_178I6L0SRNUNim1k1]RNSN^m1o164L4O00M4jN^RNKfm12cRNG^m16kRNCVm18[1M3O1O1O1O2O000011N2OO00000O1O1001N2O2OO00O01O2O001O1N3IgfXi2
20151117212434Ch_8,`bmT21YQh16\nYN5N1N3N1O1O1O1O100O1O100O1O1O10DnPNJQo14RQNLnn12UQNMkn12VQNNin13WQNMin12XQNNhn12XQNNhn10ZQN0fn1O[QN1en1O[QN1en1N\QN1en1O[QN1fn1NZQN2fn1M[QN3en1MZQN4fn1LYQN5gn1KYQN4hn1NkPNL68on12jPN2Vo1;10000O1000O0100O100O100O100O10000O100000O1O10O10O100O10000O100000000O01000O1000010OO101O001O001O3M001O1O1O1O0O2O0000000000000000JHePN7[o1JdPN6[o1KePN5[o1KePN5[o1KePN6Yo1KgPN5Vo1GhPN425Uo1OkPN1Uo10iPN1Wo1OiPN1Wo1OiPN1Wo1OiPN1Wo1IhPN116Xo1FjPN3M9]o1GcPN9^o15O@cPN=`o10O100K5N2O0O2O01O1N2O1N2O1O1N4M2O0O1O1O1N2LXPNOh\f`1
20151204133714Th_1,kVgR25Po1NfQN4Zn1MdQN4\n1LcQN6\n1KbQN6^n1KaQN5_n1L`QN4an1M\QN3fn1MYQN3gn1NWQN3in1MWQN3in1NVQN2jn1NVQN2kn1NTQN1mn1a00O2O1N3N001N2N2O0O2N100O2N10O0101O0O100O1000O100000001O1N1000000000O100O11O0O1001O0000000000O1O2O00000O1000O10000N2O101N1O2Kki^h1
20151207173614Mh_1,ShTQ21^QX13XniN;K3M3M3N0O1O2O000O1O100O10O03N4L1O2N10O28H<D;D2dRNnMdl1S2VSNRNjl1c2O11O5L5J6L3L;GO1N4ONOXNZRNR1gm1eNeRNW1Un1M7J3L3M23L1O1OO20O002OO001O001O00000O1O010N2O1O1N1N3N1N2O1N2O1M3LfPSi1
20151207173614Mh_2,fkXS21]Qh00coI0no70UoWO0N1OO1000TP40koK000QP20ooM0no70PPJ0XPWi1
20151207173614Mh_3,WWec01jQj04nmWO4O0O0O3N1O001O1O001O1O0000001N10O1000000O1000O10O100O10O100000001O0O011O01O01O01O1O1O1O1O001O100O1O00100O00100N4M1N^hjW3
20151207173614Mh_4,nQkR11YTl12bkUN4N1N2O1O1O2OO0001O01O0000001O000010O01O0010O00010O0001OO10000O2O00000000000O1000O10000O10O10O10O10000O010O1O10000O10O1000000O010O10O100O0010O0001O000\OH`QN:am1@nRN:^O7bm1DkRN9_O5fm1DhRNR1Vm1QOgRNQ1Xm1QOfRNo0Zm1SOdRNm0\m1TOcRNl0^m1UOaRNk0^m1VObRNh0`m1XO_RNh0am1YO^RNg0cm1YO\RNf0fm1ZOZRNd0hm1[OXRNd0jm1\OURNc0lm1^OSRN?Qn1@PRN:Vn1FiQN7[n1IdQN5^n1LaQN4^n1NbQN1^n10bQN0\n11eQNN[n1j0100M3O1O0M4IZQNSOgn1m0500N2O3OO0101M21OO101M2M300O2O010O001N2O1O1O1O1O100N2O1N3M3NTmdb2
20151214171854Bh_1,jlXe11jS^12QlcN3N2N1O2O0O1O1O002N001O10O001O001O001O001O0001O00010O0O100N2N2N20000O2OO20O0O11O01O1N100N3O001N1000N2M4M1O20O001000000N2[O\OoQNd0om1FiQN9Xn1IeQN8[n1JcQN5^n1f01N2O1O1O1N2O1N2N2O2M3N1O2N101N10O01O1O2N1O2M3N2M4M2MTRaS2
20151214171854Bh_2,\hRZ11hPZ13SogN3M3M101O001O0000010O000000000010O010O0100O0020N1000O100O10O11N01001O001O1N101O001O3N0O0100000000O1O001O000O2O1N1002N0O101O3M1O1N1101N2O2M2O00O01O010O001O001O001N1O100O2M2O3LSTS_2
20151214171854Bh_3,W^gX11ZSP16\lQO4N1O100N10100O1O001O001O10O00O1N3L30001N1001O001O0O2M2O1O1O1000001N0100001OO1O0O2O10N3N101N10001O01000O01O0XO4ZQN0dn1f001O10O2O1N3N2M2N2N3EnPNBUo1;<Hk`na2
20151214171854Bh_4,_Tgi21bQf03Yn[O2N1O1O2N1O100O0010O01OOO3O00100O01O0000001O0001O0000000001N11O0000000001O0000000001N11O0010OO2O1O1M6JWkZR1
20151214171854Bh_5,jYUX21VQd20hn]M4L2O1O001O000010O01O010O00100O0010O01O01O0001O0010O0001O00000000010O000001O001O00001O00O10000000O10O10000O1000O0100000O010000O1000O10O100000O10O100000000000O01000O1000000O10O10O10O10000000O1000000O100000O10O10000O10000O10000O01000O010O2N2N2OYoS20fPlM2O001O0[PN0Yo11fPN1Yo10dPN3[o1901O00001O01O01O01O100O0010O0100O4L2O00O10O1000O010O100O1O011N00010O01O1O1N2N3N1O0O2NodZX1
20151214171854Bh_6,bUk[11]Q\15[neN3N3M3M1O3N2M2N1O2N1O1O00O2N1N2L4M3O1000O10000001O1O010N1001O01O001O00001O001O0010000O10O1000O100000000000001O10O100O0001O1O00010O000010O001O1O001O101N1O1O001O0000010O010O01O100O1O1O001O1O1O1O3L]id\2
20151214171854Bh_7,oljg11cRl00[mUO000Qo_11mP`NO20WO2aQNN`n11_QNObn11^QNObn11g001O00O11OVQN0dm10V10SP:0PP80no]O0XPN0_o11\RcS2
20151214171854Bh_8,h`Ql11SQj16dnWN4_PNHUo1:hPNIVo1a001O010O10O010O1O100O1O1O1O1O100O001O1O00001O0O10000O10001O0000O2O000O1O1N2N200O100O10O1000001O0O101O001O0000001O000O10000000000000O100O1O100O10O0100O01O10O10O1000O010O0000000000O2O1O001O01N1J7O10O0100O010O10O001O001O1O010O100O1O10000O1O100O1O1O1O1O101N1N2O2N1Nm^hi1
20151214171854Bh_9,n^Xk21nPb00on_O3M3N1N2O1O00001O00001O0N3O000O10100O010O1001N101O0000O10O100O1000001O0O101N101M2O3Mg`_Q1
20151214171854Bh_10,ZfTZ11`Pb00Vo_O2[PN4co16O1O0000000001O000000010O1O010O10O1O010O100O0011O1O0O100O0100O010O1O10O1O1O001O2N2M4MdX_b2
20151214171854Bh_11,[\mh01^R<8fmC:Qn1`1PRNYNnl1b2J7K5L5K4M8G6L2N0010O00O10O4M1O3DoSNcL\l13VTNo1\m1F8Fe0mN`QNBin12XQN1e^XU3
20151214171854Bh_12,bnZU21mPb01mn_O8I5M1N20O00100O01001O0001O00100O2O9dQNYOll1k0mRNYOUm1h0dRN[O]m1f0_RN]Oam1c0[RN@em1b0WRN@hm1b0VRN_Oim1\101O01O010O100O003TN`RNMHi0]m1ZOfSNb0Xl1BgSN>Xl1AkSN=Sl1DPTN:nk1HTTN5lk1LUTN3kk1LWTN3ik1K\TN1ek1N^TNOdk1OPSYg1
20151214171854Bh_13,nZl`02m43oe1LkW\41UmcK100010N1O10joe15QPZN2M4N1N8H3N002N001O1O001O6K6I1O1O010O2N10010N11N10O01000000000O010O010O0100000O010O1O001O10O02N10O01O010O010O01O100O1O000010O0010O10O0100O100O1O1000O01O011N00010O000001O00000000000001O0000000000010O00001O00001O002N1O001O1O001O001O1O0000001O0010O01O000010O0001O001O010O00100O1O02O6I100O1O010O0010O11O00O100O010O1O100O001O001O001O010O001O00001O001O00001O00001O0010O01O100O1O10O100O1000O00001O010O00002OO1O01O01O01O003M2O0O0010O001O00010O1O10O001O010O1O1O10O10001O0O10104bPN\OUo1i0O0O10O010O010O010O1O010O100O1O1O2O0O10O01O100O3M10O01O100O00001O2N001O001O001O1O1N3NP^Sg2
20151214171854Bh_14,h_Yk11UR^23emcM5[PNJXo1OjPN1L2Xo1LPQN5HKdo12_PNNio10QP20QP20ooM0ooM0YO0h0000ePN0en10ZQN0gn10XQN0in10VQN0kn10c00O01000O0QP20PP:0[PB0Xo10hPN0Wo11iPNOWo10=000O000aPN0`o10000000oo30QPL000oo30QPL0`o;0`PD000_PN0Ro10?000000000O1O010O000100O010O10`P80_oK0_oK0a0000cPN0kn10UQN0jn11b00dPNOkn10TQN1mn1ORQN1nn10QQN0on10QQN0on11PQNOPo11QQNOnn10SQN0_o1O10O01000O01000O00000000000oo50QPJ010]o10UQL0ln10SQN0nn10RQN0nn10QQN0Po10oPN0Ro10mPN0To10kPN0Uo11jPN0Vo10jPNOWo12gPNNYo13ePNN\o12cPNN^o13`PNMao13]PNNco171O1O00O10001O000O2O1O010O00100O010O0001O10O01O01O0010O100O01000O1O2O0O1O1O10000O100O1Of_Pg1
20151214171854Bh_15,aSaX11lP>:dnC6J5L4L4N2O10O1N2N2H701O2N1O1O1O1O100O1N1010001O001O011NTlVe2
20151214171854Bh_16,jWii11lPd01Qo]O3M1O1000O01000000O1O10O01O0O2N110N1010O0010O01O001O01O01N20O0100O10O10O10000000O10000000O101NPhbR2
20151214171854Bh_17,lYYd21WPf00ho[O00000000001O01O011O00XP<0hoC0PP20PPN000PP2000PP20WP>0hdlW1
20151214171854Bh_18,j_YQ31VQ>2onA<Ro1<L2N2N2O1O1O1N2N2O1M3O1O00100N101O100000O2NOFaQNVO_n1i0eQNSO]n1i0?N3M2N3N3@hPNOT_\l0
20151214171854Bh_19,g[on25ho15M1O2L4M2L4M3N2O001O0O2O10O10O0000O1O2O0O1N1O2N2O1000O101N101N10O010O0010O010O1N2O1M2J8M101O10O0110N11O01N1010F^QNSOen1i0:N200N201N1O2O0N200O10O01O100O0100O10010O000010O001O0000O1000O1000000O10010O2O0O1O1N3M3MVhdj0
20151214171854Bh_20,nPQW27io1N2N2Oko3OZPJ1koc0ORP^O4L101hP8J[oG0]nZg1
20151214171854Bh_21,fZaY21XPX11doiN11O10000000000010cPZ1O]oeN000PPn00^dTa1
20151227133734Ch_1,b_[`21ZSV30dlkL3M5L3M011O0O1000O0001O01O1O010O2O0O3NO0000000O1GJgPN7Yo1KdPN5\o18O01O1O10000001bPN@Zo1`0ePNB[o1b0O0001O001O00001O001O1O00001O001O0O10000O10O1O01000O100N110O010O0100O100O0100000O100O1000O01000000O01000O001000N110O1O100O001O1M3O100O0100O1O100000001O00000O100O2N100O01O010O1000O10O10O10O1O010N2N1O2N1OJgPNIXo17lPNETo1<80O10O1000000O10O1000O01O1O1O10O001000O0100O0010000O10O01O10O10O1O010O01O01O100O010O1000O01O10O0100000000O1000O1000000O010O1O10O0100O1000O010O000001O0O2O0O2O01KcPNE^o1:5000000000O10000O10O10000O1O1000O01O10O001O10O010O10O01O010O0100O0010O100O0100O0100O01000N101L4N2Og_bk0
20151227133734Ch_2,XiPY25ko11O002N001O1O1O00001N1O1000001O0O10OO1100000000000000001O0010O000010O000001O0000001O1O010O00010O001O00001O1O001O0001O010O10O0100O100O1O002O0O1O1O1O2O1O1N10O01O01N2O1000O0100O11O1O001O1O000QQNB[n1?_QNG`n1l011OO10O02N002N010O011N1O100101N101M5L2N0000N3M2O1O1N2N2M3N3N1O1O1O1O101O0O1O10000O2OO01O10000O11OO2OO20O001O1O00001O000O11O1O100N2O1O2YQN\Omm1g0aQNH^n1n0O100\RNoNZl1P1bSNSO`l1j0_SNVOel1i0VSNYOPm1j0fRNVO]m1i0bRNWObm1`15K4XOQRNWOVn1d0oQNUOWn1h0e0L3K4L7HXRc[1
20151227133734Ch_3,TYQR21`P>3[oC5L1O100O2O2N3M2O010N1N3N11O4L1OO10O010O101O0O100O2O2L101N10O0002N1NgdZk1
20151227133734Ch_4,VQYg01^PZ10_ogN4M2N1O2N10001N1000001O0000000000000001O0E`PN7do1002O0O1O1O0010O00010O001O1O1O00001O0000000O01OO110O01O1O1O10000000O2O1N10O01000000000001O000001O10O01O1O01O01O102N1N1O4J3M30O001_OkPN6To1InPN6So1GoPN:\o1O001O4L1O1O0000001O0O10cmRQ3
20151227133734Ch_5,]hPV31YP:2doG1kPNNZn13dQN2Wn11iQNOUn13gQN0Yn13YQNIN7hn1j000O2N01O1O2M9G4G7L5LhVch0
20151227133734Ch_6,bola21WQ<1enE4M4M1PQNGWn1:fQNIYn17aQN0]n1k0N1O2N1O1O1O2N3M2L4M1M4NeNQRNi0nm1SOXRNl0gm1SO[RNl0fm1QO]RN:GJPn1I[RN4DJgn1NfQN7Vo1O2O0N3NWon[1
20151227133734Ch_7,R]df11TSf01il[O2O0O2N1010O1O1O0001N100000000O1gNMdRN4Zm10cRN1[m12dRNN[m14bRNM]m16`RNL_m16\RNMem13VRNOlm12SRNKQn16jQNLXn14fQNN[n13aQNN`n1h0JO601O0000L4NN42L4N10N3H9UO[QN7ln1CWQNM21n`QV2
20151227133734Ch_8,Yk\d11WPZ12fogN0O100O2O00000010O01O01O10O01000O00001O01O0000010O01O0010O01O0100O0100O1O100O0100O1O1O001O01O01O1O0000001O01O0000000000000O10000000O01000O1000O10000O110O1000O000001O000O2O000O2O0O101O000O10000000O10000F_PN5`o1LaPN3_o1MbPN2^o1NbPN2]o1OdPN0\o10ePNOZo12gPNLZo14fPNL]o1N^PN0nS_S2
20151227133734Ch_9,^S]?1XU`12djaN4ZPNLYo16dPNNWn10aRN4VONVn13_RN<_m1F^RN=bm1C[RN`0Tm10jRN1Sm15iRNMTm17fRNMXm1^101N2N01000O10001O1OdNkRN0Sm10PSNNol13QSNLol15PSNKQm1`1110O010N100N3O1hNhRNGYm11XSNDjl1:]SN@dl1=eSN\O\l1c0hSNYOYl1g0lSNROVl1m0^1000OO1001I7O11O000000000000OOOL7M3O2M200O1O2M2N1N4N100001O0N2O10001O001N20ZOhPNd0\o1N100O0000000001O00000001N2O001N2O10O01O1O1000O11N102M3Kmj`X3
20160116133734Ch_1,Yd^Z21ZQj07ZnWO6M3M3M2N3N4L3M3M2003N01N20N2O2N1O0O2N002M2N1005Ll0SO5K4L2M4M33K2Mk0VO5J6L1N3L2N2N1N0O2OO1O100O20O000001OO1O1L:G4LdUWa1
20160116133734Ch_2,_]`Y11hPP19gnQO8N3M3N101N0001O1O0O2L4N101O0100O1O1O1O10O000000001M211O000000O1O101O1N100000001O0114MN00009G1N000000O2O2N0O1O2N001O1O100O1O10O01O101N3M1O1O1M3Mo_m`2
20160116133734Ch_3,cXa\11\Rh07[mYO2N1N2O100O10O0000010O0010O10OO1N2N2F9O3O0L4OO2J5O101N2N1M4000000O2O001O0010O000O1010O1000000O1N2O1MPg`_2
20160116133734Ch_4,^kVc01YRf02am[O4O0O00100O1N1O20O0O01O1O100O10O0101N100O010O1O1N1100000O2N101O001L3000L3O2O001O2O01O010001N101N3L4KRTmX3
20160116133734Ch_5,PZRh11bQn05TnSO9H4K4K5O1M2O20N1K4100F55N210O1O1O100O1O2O0O10001O00O2O001O00010O01O001O000O101O1N101O0O2O1O0001O0O10000000000O0100O00O0101O1O1O3I8K^eiR2
20160116133734Ch_6,i]kc01eP`13\o_NNfo1`0F2O1N2N2O7H4M2M2O001O000O2O0O1000001O00001O0000010O0001O1O102M3N1OO01O100ROUQNJ3f0Xo1N0O100O001O1O00001O00001O0010O00001O1O0000000O01O01000O1000000000000000001O000O10000000000001O0O10000O101O0O101O00001O01O001O1O1O001O1O001N101O1N3N1L^``S3
20160116133734Ch_7,^Ydd11WQ\41fneK2O1N5K3M3NM2O20O00O2OmP2H[OOQPN001SOOkQN0Vn10iQN1Wn1OhQN2Xn1OgQN0Zn10eQN1[n1OeQN1[n1OeQN1[n10dQN0\n10dQN1[n1NgQN1Yn1OgQN1Yn1OhQN0Xn10hQN0Xn10hQN0Xn11hQNNXn12hQNNYn12fQNNZn12fQNNZn13eQNM[n13eQNM[n13dQNN\n12dQNN\n13cQNM]n14aQNM_n13aQNM_n14`QNKan15^QNLbn15]QNKcn16\QNJdn16\QNJdn16]QNIcn17]QNIcn16^QNJbn16^QNJbn16^QNJbn16^QNJcn15]QNKcn15]QNKcn14]QNMcn13]QNMcn13\QNNen10[QN1en1M[QN5Wo1001O1O1BHoPN<Ro1GiPN;Wo17002M2O1O2N001N101N1O2L3O2MoP\1NSocN3L4L300O2O000000O1000001O001O001O01O0010O01O0000O100000000001O2N2N00001O001O3M2N1O1O2N1O2N1O3M1O2N10O0001O0000000000000O10000000O2O00000O100O101N100O1O1O10000O10000O10000O1O101O0O2O00001N1001O000000001O01N101O01O0001O000001O1O2N2N0010O01O0000010O00001O010O1O000010O0000XQNUO[n1l0cQNWO[n1i0dQNXO\n1h0dQNYO\n1g0cQNYO]n1h0aQNYO_n1h0`QNWOan1j0]QNWOcn1j0\QNVOdn1R110000000001O00000000000000001O0000001O00000000001O1O00001O0O10001O000O10001O000000000O2O000000000000001O0000000010O000001O00000100O1O1YQNUOWn1l0gQNUOYn1k0_QN]Oan1R1O01O2N1N2O5K1O1@RQN_O0;nn13\QNGgn16^QNEdn17f0IYc[b1
20160116133734Ch_8,ehVT11no12N2N100010O000001O00000001O00000001O00001N101N10001O00000O2O001O1O001OO01OO100K50100O10O0100000000O100000O10O100M3O1O1OgWog2
20160116133734Ch_9,\\VR21RP40Poa10mP\N000mP80Po30SPD0WO0i00hPN0`n11h0O0001ePNOfn10ZQN0fn10e0000000000QP20dPL0fn10ZQN0gn10XQN0hn10d0000010OdPN0hn10XQN0hn10YQN0fn10[QN0en90ePH000QP40ooK000QP40ooK0QP60ooI000QP60ooI000000000QP:0QP>0SQ60knQO00000oo70QPH000000000000001O000000001SONkQN2Qo11O2[PN1Uo11ePN6\n1C^RNg0am1YO_RNh0`m1XO`RNj0^m1VOcRNj0\m1WOdRNi0[m1WOfRNi0Ym1WOhRN:UO1Qn1EkRN8UO3Pn1EkRN0]O<gm1D[SN<dl1D\SN>bl1C]SN>bl1D\SN>bl1C\SN?dl1A[SN`0dl1EWSN<il1DVSN<kl1DeRNF_O0;f0bm1CaRN1G=hm1D^RN4E:mm1BZRNR1fm1POSRNU1nm1>1O0010O01O1O10O01O1O00001N102N0O3YOhQNBYn1=iQNAYn1<iQNBYn1=hQNBYn1<hQNDYn1;gQNE[n19eQNG\n17eQNI[n17eQNI`n12`QNNan10`QN0an1N`QN2bn1L^QN4cn1J^QN8an1F`QN;an1B`QN`0nn12G^ORQNd0ln1]OQQNg0ln19N1O001N2O1O0O2O001O0O100000000000000000O2O00001O001O00000O10001O01O00000000001O0000000100O1O00001O01O0010O01O010ZQNkN_n1]1N10O02N10O0100O1O01O0010O100O0010O01000O010O01O0013L00010O00001O0000001O000O2O001N2O1N2N1O100O2O0O10001O001N10000O10000001O0000001O01O01O1O2N1O1O0010O01O0001O001N101O1O1O1O1N2O0000001O1O1O0O2M3M3N101O1N10001O0O2N3Mc`iU1
20160116133734Ch_10,dhXh11^Pd04[o]O5L2O10O0100O2N2O000002N2N01O1N2O1O002N0101O03cPN\OUo1i0O00O100O2N2O1O0O2O0O2@aPN;do1N1O1O1O1O3M2MZU]T2
20160226151654Bh_1,^`Vc21`RV23XmkM5M2O2O1O000O10000O10O01O1O1SODURN=jm1DURN=jm1FSRN;mm1GnQN;Sn1JgQN7Yn1KcQN7]n1f00O100O1001N1000000O1001O0001O0O101N2O00001N2O001N102M101O00O1000000O100O2O00000O2O0O10010O1O10O01O1O1O2N1O2N2N1O2N1O1O1O001N2O000010O000O2O001O100O00100O01O010O1O002N001O0020N100000000O100O1O100O102M1O2O000O2N2N2O0O2OO0100fQN]NWn1f1000015J4L3M0ZRNnM]m1S2_RNPNam1Y2O00000O11N1eM`RNU2fm1O:F7J1N1N4M4C]QNUOfn1h0[QNVOgn1i0YQNWOjn1f0WQNYOPo1?SQN^OPo1?=KoZaP1
20160226151654Bh_2,PjVn21RQV11knkN2O000O101O000O101O00000O1000O01000O0100M201O1O0100O0100001O0O101O000000O1O2O0O100O1O100O101MO20O1010000hPNBnn1>RQNCmn1=SQNDkn1=WQNCgn1>XQNCgn1=YQNCgn1<[QNDdn1;]QNEcn1;^QNEan1:`QNF`n1:`QNF`n19aQNH^n18bQNI]n17dQNH\n18dQNI\n16dQNJ\n16dQNK[n15fQNKYn15gQNKZn1OYQNH0O>:Xn1GeQNO49Wo10O000010OO100JGePN9[o1GePN9[o1FfPN:`o100O101N1N2OcTQk0
20160226151654Bh_3,eYUY11UQb07an_O4M2N2O0O1O10N1K4101O0010O1N2O0010O1N2O1O100O1O10OO10K50O10O2O1O1O0100O10O101O1KTffc2
20160226151654Bh_4,`Wog21cPd01mn]O3ePN2Zo1NePN5Yo1LfPN4Zo1MePN4Zo1:O00001O01O001O001O1O1O00100O2N3N0O01O001O001O0O1O10000000000000O2O0O101O1N101N3Lkg`T1
20160226151654Bh_5,jcRU28eo19H7H8I5I6L4MTOdQN8Yn1ESRN6im1I]RN5am1IeRN4Zm1IkRN6Xm1CmRN>[n10O2NO2O00001N1O1O2N001O2M2N2MkZUi1
20160311020654Uh_1,iamj11nPP20PoQN1O2O1N2O1N2O0O2O000O1O2M2N2O1O1O1O1O100O1O1O2O0O1000O1000001O100O2N1O100O001O1O0010O01O0010O1O1O3M0O2O001O000000000000000O2O00000000000000001O0001O00002N1O001O01O01O001O1O1O2N2N2M10000O100000000000000000000000001O00O100001N1000000000O1000000000000O100000O10000001O002N1O001N3N1N101O0000000O1000O100O010O010O1O01O^OjPN;Xo1BoPN8]o102L4Ll\nh1
20160311020654Uh_2,i`bR31kPn15jnSN6N2N3M2N1O100000O1N200O100O2O001O00001O0000010OcPNDVo1=hPNGUo1d0N1O1O10O00000O1O100N2O1O1O1O001O1O1O100O10000000O1000001O002N3N0O1O100O0001O010O001O001O001O0000001O010O01O001O1O10O0100O2O1N2O0O001O10O00001O001O1O001O10O010O10000O0101O0000O100O1O100O010000O10001O0013LO2O0O100O2N100O1O001O0000101N1O1O2N0O2O001N2N1O2Mf\ma0
20160311020654Uh_3,TkPo23io16M1O2N001N2O1O10O01OJcPNK\o15ePNJ[o1670O2O001DHnPN9Qo1;00E92O1000000O1O1O101O000JQQN[OPo1c08M2J7O1O010O1000O10O100000001O00001N10001O01O001O001O1O1O0000000000000001N110O0010O01O00010O00010O010O00010O10O10000O0100O010000000O101OO10O10O100O1000001O0O2O001N3N00000006I11O0100N2N1OVUQi0
20160311020654Uh_4,ZXnl11kQ`33en_L2dn17PQN1mn1c0N11O3NO0O2M3N6I3L7oQN_NXm1d1dRN^N[m1j1]RNXNbm1S2O10O1000000004L1O00000000O1O1N2O2M2O1N3N1O1O1M3O2M2O2M200N3O000000O101O0O1000001O00000O10O1010O0001O01O00O2O00010O01O2O102NO12M1O3M001OO4NN011N100O11OO0100O010O10O01O2N1O1O1lNQRN5Pn1HRRN8om1EURN8mm1FURN9om1AVRN<km1BYRN:jn1M2NTP<MXPBO8Min1=TQNHjn18UQNJln1MXQN9en1D]QN?Ro14L11OO1O0O2N2N1N3N1O1O10O011N1O3M2N2N001O1O2N1O2OO11OO1O2OO11N0010001O0O3N001OO2OO011OO10O1O1O100O1O01000O002O0O100O2N011O1N3OO10N12OO1O2OO12L102N0O2O010OO5M0O00O110N11OO110O02fN]QNU1gn1O0O01000O001O00001M2L5I61O00O2N1O1N3O0N202N1N2N3N^_m`1
20160311020654Uh_5,ba^]11fPn11WoSN3N1O2N2N100O100O1O100O100O0100O00010O2N2N10O0100O0010O00010O010O010O0010O010O0001O001O00010O010O01O10O010O010O010O00100O001O100O001O10O010O100O0010O0100O010O10O0100O01000O0100O010O100O1O010O0100O010O1000aPNEXo1:hPNGXo19fPNHZo18fPNKXo16fPNKZo1>O1O10O01O010O010O010O010O1000O001O1EiPNKXo12jPNNVo11lPNNUo11kPNOUo11lPNNUo10mPN0Ro10QQNNon11RQNNnn12b0Mc[UX2
20160311020654Uh_6,TdPc22lo13O1O001O0O2O100O1O100O101N3N11O0O010O001OO2O1O2N002N01002NO1O1O11O2M01O1O1N2M9H\Z]Z1
20160311020654Uh_7,maUl11iPf02So[OOUPN0io10XPN0go10[PNO00`o1190100O010O^PN2To1NlPN2To1NlPN2So1NnPN1bo1O000000000000P]lQ2
20160311020654Uh_8,iSkm21WRR13dmoN1N2M3O1M3O1O10O0100O010000O1O010O100O00100O001OO20O001O1000O0010O010O010O01O0001O01OO11O00001O000O1O1H8010N100N2O2M2O001N3O01O1001O001N100O010O100O10000O101O1N3Meknk0
20160312020554Uh_1,caVi13jo13O2N10000001O000010O010O01001N001O1O010O010O01000O10000O101N00100O100001N3N000O1O1O010O01O00100O010O01000O10O2OO1000000000O001O001O10O0100O10O0100O1O010O01O10O010001N10O01O01O00010O000001O010O01O010O01O00000000000001O001O010O1O0O2O2Md\]o1
20160312020554Uh_2,^bWQ24lo11N2O001O00001O00001O0O2O000000000O10001O00000000000O11O0001O4L010O010O01O000O1O100O2O000O010000000010O1O00001O0001O00000010O000O1O1O101O0O101O1O001O0O10001O00001N2O001N2O0O2O1O1N2O1O1O10O010O1O01O00000O101O00000000O107POTQN>Po1\ORQNc0Vo100000001O00001O00000000I_OnPNc0`n1AfQNOH`0bn1DcQNc0\n1_ObQNb0]n1AaQN?_n1a000001O0O10001N100O100O1O1O1O2O1UOWQN=ln1]OXQNb0Uo1N1O001O001O0010O000O100O100O10000001O00000000001O01O00001O1O3M1O1O2N00O2N101N101N3M=Bf\lb1
20160312020554Uh_3,SiTX31cSR16ckoNMWQN8cn1MYQN7cn1LZQN7bn1c010O010OO2N02N20O1LXOWOaRNh0_m1[O^RNc0em1@VRN8Tn1MfQN5Yn1i001OO000NOHkQNkNWn1T1<N1M3I8M3O2M2BfPN6[o1IdPN6do1O01O010O010O1O10O0100000001O001O0gRNBPk1>oTNDPk1<oTNFQk19oTNHPk18oTNJPk16oTNKQk15nTNLSk13lTNMUk13jTNMXk12fTNN\k12dTNM]k13Y2O1O00100000003M2N0OeU[b0
20160312020554Uh_4,WdXQ11ko18K2N2M4N0O2N2O2M101N@SQN0ln1NWQN2gn1N[QN1en1O\QN1cn1N_QN1an1O_QN2_n1ObQN0^n10bQN0]n10eQNOZn11hQNNWn12kQNMSn14nQNLQn15PRNIPn17l010O00O001010O001O001O000001O1O0N2O20O0O2O010O010000000000000001O00100O011O0_PNB01\o1b00003NO2M2N1O1M4M5K`\Uj2
20160312020554Uh_5,`_Ve24ho18J3K4O1O01O100O101N1O01O2N101N1000000O1O100O101O001O10O1O1O001N`QN\Ogm1c0YRN_Ogm1?XRNCgm1=YRNDgm1<XRNDim1;XRNEhm1:XRNGhm18XRNHim18VRNIjm16WRNIkm15URNLkm14TRNMlm13SRNMnm14PRNMom16mQNLSn18gQNIYn1:dQNG]n1m0101N1O102N1O2N2N2M2N1O0O2N2O1O00000001OO1001O000101O1O1O4K103L1O1O4IP_aU1
20160312020554Uh_6,mYUj01bPR22ZooM2N1O2N2O1N2O001O1O1OEbPN5^o1IcPN8]o1FePN:`o100000001O0000010O001N100010O0001O02N2N3M001O000001O00O2O001O010O1O1O001O1O01O01O0000000000010O01O01O10O0001O001O000010O1O00001N10O1000001O00000001O4L1O0O010000O1O1001O0000000O1000001O0O1000001O1O1O000000O100000000000000000000O100000001O001O01O01O001O001O00001O0000000102M1O1O1O010O00010O001O010O1O1O1O0O2O2MZdXi2
20160312020554Uh_7,nQS>1ZQ\12QocN0So13jPNNen1NaQN6HMfn1O_QN7IKgn1OWQN10`0hn1?01N2O010NiN[QNW1en1lN[QNP1en1nN_QNQ1an1oN`QNP1`n1POaQNn0`n1QOaQNo0_n1QOaQNP1fn13N1O1O2N1000O10O1O001N10000010O000000000000000_O]QNDdn1;`QNAbn1=YQN[O37fn1`0ZQN]Oin1b0WQN_Ofn1d0ZQN[Ofn1e0\QNVOK2in1?[QNA5O`n1>kQNDSn13ZQNNd00Rn11\QNLb04Rn10SRN2lm1NRRN4om1JQRN8Pn1EoQN>in10O2N10001O10O01O011N010O10O01O01O010O101N1O1O010O001O1O000O101O000000001O1O1O001O1N2N2O2MgkXZ3
20160312020554Uh_8,_i\Y31YP\10eomN0QPH010O4MO001O0O10O01O10RPP10ooSO0PPL0PP20PPN0oUeb0
20160327133714Th_1,oSmc11ZUj21cjWM1O2N0O200O1O001O1O1N2NO2000000001O01O01O1O0010O01O01O010O0000000O2O0000000010O1O001O010O0O20N11O00001O0O110O000010O1O00001O1O01O10OO110O1N100O110N1O10001O1O00001O01O010O0001000O1O1O00100O010O010O0001O0010O01O000100O001O001O00010O001O100O10O10O100O01O1O001N101O100O0010O01O01O01O0O101N1N2M4N2N2N2N200O1O100000O2N101O0O1O2N100O1N3N1O100O1O1O1O10O01O001O01O001O001000O101N100O1O1N2O1O1O1O1O1O1O1O1Nljjl1
20160327133714Th_2,gUe[21fPP15SoQO2N2N100000000O1010O0100001O0000O010O000100O1O1O1O0010O1O1O10O0100O100O01O00010O01O101O1O3L2N101N2gQN_Ool1d0kRN@Um1a0gRN@Zm1d0QRN\O11Pn1_11O2N1M4N1N4M6oN\QN;kn1]O\QN<]o1Ejg\_1
20160327133714Th_3,^[eX24ko11O1O1O10000O010O1O010O010O010O1O01O0001000O0100O10O10O10O1O0100O0010O01O10O0100O0100O010O10O10O1000O010O100O00100O000O10001N2O0O101O001O010O001000O1O101N101O1N3N000O010O1O1O1O0O2O2Nmeba1
20160327133714Th_4,UUkV21\Vn10ciSN00000G080ZPN0^o10bPN0]o1090[PN0\o10c00]O0c00]O0dPN0[o10:0\PN0Yo11fPNOZo11fPNO[o10fPN0Zo10:1[PNO[o10fPN0Zo10fPN0eo10D0gPN1Yo1OgPN0Yo30\PN0ZPN0[o30ZPN0PP20\PL0Yo10hPN0Wo10<1]PNOVo11kPNOUo11kPNOTo11lPN0To10lPNOTo12kPNOUo10lPN0So11lPN0To10lPNOUo10lPN0To10kPN1Uo1OkPN0Vo10jPN0Uo10kPN1Uo1OkPN1To1OmPN0So11mPNORo11nPN0Qo10PQNOQo11oPNOPo11PQNOWk15nWNLkLOVk17oWNHlL1Tk1:nWNEnL1Tk1=kWNBRM1Sk1>ZXNBeg1OeTN9S3GXM1Pk1OgTN7c3Keg1NjTN6a3KQh14oWNMQh12PXNMQh13nWNNfg1NjTN3a3Oeg1NjTN2a30Rh1OoWN1Rh1NnWN1fg1OiTN0`32Uh1NiWN2kg1NhTN0\32mg1NgTN0Z32Rh1NcTN0Z31Uh1OWXN0kg10SXN1nk1O10O0Wl90kSH0:0foM0D0fPN1eo11OO100O01COiPN1co1010COiPN2co1000BNnPN1Ro1OoPN1on10TQNOjn10XQN0fn10[QN0en10\QN0[o1010O110ZPN1QgR`1
20160327133714Th_5,oZ]T11jPn16nnSN1L5N1O100O100O10000O11O0000O100O1O1N2O100O2O00000000001N101O0001O1O00001O1O2N1O2N001O000O10000000000000000001O0dPN_O10To1a0jPNB0MVo1a0jPNDVo1c01O001O2N1O1N2O0O100O101O000001O000000001N10000000O101O0000OO2OO110O010000O10000O0100000000000000O10O10O1O100O10O01O01O1O100O1000O011O0O10O10000O100O1O100O2O0O100O1O100O2O0Oad``2
20160327133734Ch_1,QTgc11XUh21fjYM1N2N1O1O100O1O1O1O000O100O100O011O01O0010O0O10010O01O010O0000010OO010001O01O010O000010O01OO20O00001O1O0O101O1OO11O010O0001O1O0000100O01N110N10001O000O1O110N1O20O01OO0200O01O100O1O010O1O1O10O01O01O0O101O00010O01O010O001O01O010O000100O0010001O0O100O10N1O2M3O001O0010O01O0O20O01O010O000O2M3O1O1N2L400O100O1000O1000000O2O1M200N3O0N200O2N1O100O1O10O01O001O1O000010O1O10O1000O10O1O1O001O1O1O0010O01N101O0O101O001O2N1O2O1M4Mlj\l1
20160327133734Ch_2,eVU\23jo14M3N2O0O1O10O1O101N1001O1O0010O0101O11N0O1O00010O001O1O2N001O01O1O100O10000O100O00O2O01O00100O2O2URNCnk1`0lSNBUl1`0eSNC\l1>^SNEcl1<XSNGhl1>RSNCol1`0[RNVO8:^m1b0WRNYO65em1b13N1O2L4M3M2O2N4cN`QN64<in1^O^QN:kff_1
20160327133734Ch_3,\l^h01aP`02YoA7L3M3M4L6I5LVOUQNb0hn1^OZQNa0fn1\O^QNc0Qo1N3M4L2N2O001O0000O1O02O000000O10O1O1001N3N2O01O0O1O1O1N3L2OZQaT3
20160327133734Ch_4,e[YX21mo13M2O1O1O010O01000O1O010O0100O0100O0010O001O010O0100O010O10O0100O01O01O1O100O010O0010O10O01000O10O100O10O10000O10O01O0O2O000O2O00001N1000100N10001O01O1O101N102N3M2M1000O10O1O1O1O1O1O1Ohela1
20160327133734Ch_5,XUcV21]VP20biQN0O010G08000010O01000O10O0PP20PPN001ZPNO]o10dPN0\o10cPN0]o10dPN0\o10dPN0[o10ePN1[o1OePN0[o10fPN0Zo10ePN0[o10;0O001[PNOZo11910010O001O0aPNMRo13=1aPNLRo14nPNLRo13nPNMRo14nPNLRo14nPNLRo13oPNMQo13nPNNRo12nPNMSo13lPNNTo12lPNNTo11mPNORo12nPNN[k13kWNOjLMZk18jWNJmLNWk1;kWNGmLOWk1<jWNEPMOUk1=jWNDQMOUk1>jWNASM0Sk1`0iWN@TM0Sk11aTN;W3DUM0Rk10fTN;c3EPh1:oWNFSh19lWNHTh17mWNHTh17lWNJTh14mWNLSh13oWNMPh12]WNM[M0Yk12QXNNdg10hTN2d3Odg1OhTN1e3Odg10hTN0c30fg10eXN1hg1OjWN1Xh1OgWN0Zh10eWN0]h10bWN0Wl10nk10hWL0eL0eo10QL0nWN0^h10dS40ooK000VSN0di10[VN1ei1O[VN1ei1O\VN1di1OjUN3Xm10010Odm1MVRN0ePN0fo10D0gPN0do10O1FOePN1fo1O00E0gPN0Xo11hPN0Wo1OkPN3Qo1NQQN2mn1NVQN0hn11ZQNNen12\QNNcn11^QN0`n1OeQN0Tg^`1
20160327133734Ch_6,lZUT11QQn11hnSN6K4M300O10000O100O1O10O100001O0O100O1N200O10000O101O0O10001O1O000001O1O1N2O002N1O1O1O001O0O10000O2O01O00O01000001N10010bPNCWo1=iPNCWo1d0O02ZOhPN`0]o1O1O000O2O0000000O1001O00001N10000O10000001O000O001O001O10O10O1000000O10O1000O10000001O00O1000O1O1N2O1O10O010O1O1O1O1O100000000000O0100O101M200O1O2O0O2O000O2O_dl`2
20160327133734Ch_7,^Zgn01aSj21\lWM1O2O000O1O1M30O0100O1000O01000000000O1000O01000O100O01O100O0100KHaPN9\o17O01000O11N10000O10000O010O101O0O2N101N1O3Mena0M]Q^O2O2O000O100O1OK[PN1ko1O00000O100000000O1000O1000O20O00000ZO0\QN0Zo10000000000010O00002OO10O00000SOOkQN0Vn11iQNOXn11fQN0Zn11eQNO[n11eQNO[n13cQNM]n14bQNL_n14`QNLcn12\QNNfn10ZQN0gn10XQN0in1OVQN2jn1NVQN2\o10O1@MSQN5kn1KVQN7gn1IYQN8fn1HYQN9Wo1000010O00001G^PN2bo1N^PN2io1O00\OOYQN0\o10^O0TQN0ln10TQN0]o10A0PQN0Po10PQN0Po10PQN0Po10PQN0_o11001O0000@0QQ40_oK0^o50RQN0_oK0000010oo10QPN0oo30QPL0oo30co90]PB0O10O10PP20_P80SoK0_PJ000PP80PPH0QP40ooK010O0QP20PPN1]dj`2
20160327133734Ch_8,]eXQ11iQ::\mGLRQN6fn1e0N3J5N10O2J6K410L6H6GiPNIYo14:05MPZ]m2
20160405014154Uh_1,_[Wh01aTT21\kmM2O0000OG254N3L8I1O2O0O100O1O1O1L4M201O10O10001N2O001N101O000O100O100O100O1O011O0O2O1NIAoPN?Po1CoPN<Qo1EoPN:Qo1:10000000000OO2NDPQNKPo15SQNHmn18UQNFln19VQNEjn1<=O00000O11O010O010O01O0100O010000O10000O100O2O00000O\OK_QN5_n1O_QN1_n11`QNO^n14bQNL]n15cQNK\n16cQNJ^n15cQNK\n16dQNI[n19eQNFZn1;gQNDZn1;gQNCZn1=hQNAYn1>d0001O0O1O2O1O1O000001O010O001O001O010O0100O100O01000O10O00010O010O01O1O0010O010O10O0100O100O101N1O1O2O1O0O2O1O0O2O001O00000O100O100O100O2M^cTk2
20160405014154Uh_2,glno01SPj02ooUO1eo1503ZPNEao1;_PNEao1=0N20001O0O2O1O1O1O00000000000000000000O100000000000000000000000001O000001O00001O0000O101O1O000001JYPN1lo1OjRik2
20160405014154Uh_3,\XSc13ko12N2K5O2N1O1O1O100O10000000O2O0O101O0O100O1O1O1O1O01O01O01O0N3O0001O01N101O0001O010O100000O10001O00000O1000O100O1O1O2O1O2N0O2O000000001O0001O01O1K_hXX2
20160405014154Uh_4,imTZ31gQT13UnmN1N2N3ZPNGao1=N2O0L4N3M2O1N200O010JYOSQNe0on1ZOTQNd0kn1]OZQN=fn1C\QN;dn1F]QN3in1LXQN3hn1MYQN2gn1OYQN1fn10ZQN0fn10RQNKO6nn10SQNKN5on1OTQNMK5Ro1MSQN9nn1ESQN;Yo101O0O2O000OUOKmQN5Rn1MlQN4Tn1LlQN3Tn1OjQN1Wn1OZQNG::]n1OXQNI:7_n10WQNI4OM9in1NVQNK3;in10UQN1ln1a010O01O5K001N10000O1O1O1O1N2N101O1O010O000O10001N100010O0010O010O1O1O1N2O2NiQc?
20160405014154Uh_5,fbjh11lPP15mnQO3M4N00O0101N2O1O0010O1O1O1N2N2N200O02N2N0010O0001O2M3N1N2N3N2M2O12O2MO2M2N4M1O10010XQNQO[n1P1_QNUObn1T18H2N2O0O3M3M5L0O2O1N1O1000O00010O01N2N2N3K4MkXoQ2
20160405014154Uh_6,h[^W11XRl10emUN3E:]OGZQN?cn1GVQN<in1>O1O10O10JmN_QNR1`n1QO_QNn0an19O000100O002N2nNZQNg0gn1XOZQNg0in1VOYQNh0hn1XOXQNg0in1YOWQNf0jn1ZOUQNe0ln180O1O2O1O2N01O0O2N2N2O1O1N2N2O0O2O0000100001O1N2O0O1O1N2M3O1M201O1O001N3N2N2N1N101O1O00100000O1000000O010000O10O10O10O10O010O001O001O000010O10O2O0O2M2N1OkPN0[n11cQN2\n1OZQN;dn1GZQN?an1A_QNb0^n1_OaQNa0_n1A^QN`0bn1A\QNa0cn1?O010O1O1O100_QNbN_n1c1OO15IgNnQNc0Sn1YOPRNf0en101O1O1M9H2O2O0000001N4L2L3OT`W^2
20160505025554Uh_1,jlbX39go13N1N1O10011OO10O0O01O0100O0100O00aPNEZo1a0000O01O00000001O010O1O00010O00100O2O0O10100N100O00010O00010O001O001O001O01O10O01O1O01O001O00010O0000000000000001O01O001O001O1O1N2NhQUb0
20160505025554Uh_2,lcT]21QQ`1:cnaN100O001000O100O10O01000O01O001O010O00100O01O0010O010O0010O010O010O011OO010O100O10O1000O010000O10O100O10000O010001O1O1O1O0001O0001O001O2N010004L00001N2O0O01O00000000O11O001N3N000001O2N1O0010O001O0001O0100O1O1O100O2O0O011gPNBmn1`0kPNHSo1f0MO3M1N3M3L<A_ZmY1
20160505025554Uh_3,`ndb01RQZ13ingN2N1L5O0O101O001N101N106I3N0001O0O2]OiPN9\o1BgPN<`o1N101O0001O0O100O1O100O10001N1010O010O001N2O2N00O010O01O010O0011O0O10O1000O01O00001O000000O2O00000N2O1O10000000O1O1N3N2M4MXQoV3
20160505025554Uh_4,bUgf01^Pf02]o[O4YPN1Xo1=N2O1N102N2N1O02O1\OnPN7_o1OO000O2O1O10O3N0000O100O10O100O2O1N100O1O1O0000O101O0O010000O100O2N3LRidU3
20160505025554Uh_5,e`PS11bP\27VoeM2M101M3O001O000000000001O000000001O00000O101O000000001O0100O10O0010O01O010O1O0000001O01O010O1O1O01O01O000000001O1O01G^PN3ao1LaPN3`o1KbPN4^o1LbPN4_o1KbPN4fo1O1N1000L4O2O001O01O01O1O1O1O1O001O1O00000000010O0010O010O101O0O010O01O010O0001O00001OhPNKen15YQNMhn12WQN0hn10WQN1in1OWQN1jn1NUQN3kn1LUQN6jn1JUQN7kn1IUQN7kn1HUQN:jn1EWQN;in1DWQN=in1BWQN`0in1_OWQNa0jn1]OUQNe0Ro110000000O100O10000001O0000000O10000O100O10000O1N2O100O01001N100000010O0000000001O0O10001O0O101O0O101[OmPN:Uo1DnPN1L2i\k_2
20160513133714Th_1,XilR31lQh03jlYON]RN4`m1M`RN4`m1L_RN5bm1JURN?km1@URNa0dm1@aRNa0_m1^OQRN4N>`n1C^QN>bn1B]QN>dn1B[QN?en1@ZQNa0gn1_OXQNa0jn1^OUQN<Ro1CnPN=[o1O1O100O1O100O10O010O010O00O11N1000O2O0000O2O1O100O1O1OJ3201000O102M3HaVWi0
20160513133714Th_2,T_Vm01WQj23dnWM2N2N2O010O1O010O1O100O101OO10O01O01O100O011O0000000O101N002O000O2OO02O1N101N102N0O100O10O100O2N1O2N1O1O1N2O1O1O1O1N101O01O1O00000000O1000001O000O101M2O10O10001O00001O1O1O00100O00100O1O002OO010O010O0010O01O10O010O010O1O10O000100O1O010O010O0110O0O2OO0100O1O010O0100O010000O010000O01000O010O0100O10O01O10O10O10000O10O110O1N102N0O100O101N011N2O000000001N0100003N0OO4M1O1010N01OO0011O00O1O010O1O00010O00O1000000O1O1000000000000000001O001O001O001O2M1O2N2Kj[ka2
20160513133714Th_3,m\il21hPj05PoWO6K3L4M2N2N2N2N2N100O1000000O10000O2O1O001O3M1O10O1O5kNSQNm0Qo1N2O1N1010O11XOkPNa0\o1N010O4L1O10O000001O0001O10O01O1O10O00001O001O1O3M1O1N5K\a^n0
20160513133714Th_4,PQo91oPh0R1aoWOWO_m1Q1\RNVO\m1k1L2O1O2M3N1O2N2O03N0O9H00O2M32M002OO01O1N2N2M3N2L3M5L2N2N2N<D6K1N2O1N2N2O0O2N4L2N2N101N2N1O2N2N1NhjRb3
20160513133714Th_5,jbbo01[Pf01ao[O<F1N2O2N001O2N1O1O0010O101N3M1O2OO0100O10O100O0101O0O012N001N1000O00010O000100O001O1O001O000010O00O3Mk[_l2
20160513133714Th_6,h^lj21TQn15dnSN3N3N1N1O2N101N1O2O001O1O001N2O01O01O10O100O010O01O010O10O5K2O0O2N100O0010O010O1O011O1N2N4M1N101N105L0O01O2N0O3OO0cQNVOcm1j0[RNXOem1g0[RNZOem1f0ZRNZOgm1g0WRNZOhm1f0XRNZOhm1j0TRNVOlm1l0QRNVOom1j0PRNVOQn1i0oQNXOQn1g0nQNZOTn1e0kQN[OVn1d0jQN]OUn1c0kQN]OVn1e0gQN\OZn1c0eQN]O`n1E_QNe00Fin1g01N2O001O001O0O100000L400001O101O002N4M00O0O011O0O100001N2OO02O001O00O02O00000O101OO01O10O01O01O000010O001O0001O01O00002M3Lm\ej0
20160513133714Th_7,S`jl22oo101OPP20h_iR1
20160602010754Uh_1,X^on13lo17I3N1O100O0010O2O00000001O2N1O0000O1O100O1O1O10O01O0010O01O0001O01O0000001O0000000010O0000000000O010000000000O100O010000000001N2N3MQajl1
20160602010754Uh_2,adPk12lo13M2O2L3M3O101O1O001O02N2OO10O102N01N2O1N1O00O101O00O010O10O1O010O1O1O01O100O2N2O0O2O001N1OElPNMRo1OSQN1ln1NWQN2hn1MYQN4fn1L[QN3en1M]QN3an1M_QN4_n1MbQN2^n1NbQN2_n1LcQN4\n1LdQN4]n1KdQN3^n1KcQN3XZ[Q2
20160602010754Uh_3,b]\d11fPZ11VogN3O1O0O2O001O010O0001O00010O05K3M0O1001O01O00O100000O01O1N200M2010000O1000O010000000001O000O010000O010000O10O1O100000000000000O2O00O1000O100000O0100O0100O01O0010O010O100O100O100000000000001N101O1O0NTbQT2
20160713133714Th_1,RflU11kPV16mnkN2O1O0O2O001O001O001O00001O000001O00000000001O02N100O1O1000O10O2O001N011fPN]OTo1g01000WQNZOWn1f0_QNH]n1U1I3NO5M1N3dNhQNh0in110N20O005I13M2O1O0O101N1O0O2O0O1O1O1O1O1N2O100N2O2O0O1O2M5IPVSd2
20160713133714Th_2,]VaV31jRd0:gl]O7D@nPNd0nn1900OM4M2M2N3O1O1O10O0100O0001O1O1O2ON1OO3O1O00001ON2O2O001O1001N100000001O00N2M4LUiRf0
20160713133714Th_3,jg\g11iPd16nn]N6K3M2N3L3N3N1N2O1N2O1O1O2OlN\QNj0Ro1L4L2M100O10O10O100O1000000O3N0O1O100O0010O01O010O00000010O0000001O01O0001O0000001O00001O0O2O00000000000000O1000000O10000O10000000O1000O100O0100O010O01O1O10O0100O010000O10O01000O01000O010O10O0010OO2M2N3O1O010O0001O1O004KRWUo1
20160713133714Th_4,ljVo01iRb0e0[l_O?^O?F7J6K4K6K5I6I8H6M4L3MXNfSN0Vl1AkTN1Rk1MXUNNfj1OcUNMZj11mUNMoi13VVNLgi14[VNMbi12bVNO[i1MkVN4Qi1JTWN5kh1D\WN=dh1YOgWNf0ik110102N2N1NO2N2M2O2M4K5CWPmm2
20160713133714Th_5,hV]l11VQ>4dnC7I5OOAHSQN9hn1LVQN5hn1b002M2N3L4L6K7J2N3N1N3M2O001OZNXRNB3X1fm1ROoRNb0Wm1SOYSNa0Yn1K1O2K5Jef^Q2
20160713133714Th_6,me`W21mQ<2alE2kRN0Sm13kRNLVm14iRNMWm17fRNH[m18XSNFWl1:hSNFYl1:eSNH[l1:_SNIbl18XSNKkl15RSNMol15lRNLUm16dRNN^m14YRN1hm1S12N3L4L4K6H9G9@jXgf1
20160713133714Th_7,iPcf11YQX14aniN2N3OO0000000O1O01O01O010O01O010O101O1O1O1O001O1O000000001O001O001O10O2O1N2O1O0O100000O01000hRN0_j10^UNa0Sj1@jUNe0Tj1[OiUNi0Vj1WOhUNk0Xj1UOeUNo0Zj1QOdUNQ1]j1oN_UNT1`j1mN]UNV1dj1jNYUNY1fj1gNXUN[1gj1fNWUN7oN2jk1G[TNJL=6Obk1NmSN450`0K_k1n0kSNXOj0IZk1i1jTNVNVk1f1nTNXNSk1f1PUNYNPk1e1SUNYNnj1d1VUNZNlj1c1VUN[Nmj1a1XUN[Nlj1`1l1M3M3L5L3EWQN[Omn1b0;M2N4L5J[lVS2
20160713133714Th_8,\S[V31XR<8\mE4J5M3K4J5O00N3L400M202N1O1N3N2O0100O010O00010O0102L4KXl`g0
20160713133714Th_9,kQQi11;2Vo1NkPN2So1OnPN1Qo1OoPN2Po1NQQN1on1ORQN0nn10RQN0nn10RQN1mn1OSQN1mn1OSQN1mn1OTQN0ln10TQN1kn1OVQN1in1OWQN1jn1NWQN1in1OXQN1hn1OWQN2in1OVQN0ln10RQN1on1OPQN1Qo1OnPN1Ro1OmPN1To1OlPN1To1OlPN1To1OlPN0To10lPN1So10mPN0So10mPN0So10mPNOSo11nPNOg1OVk12SSNNSo12mPNNc10`k11mRN1^1Nhk11jRN2Z1Nnk11hRN1V1NVl1OeRN3R1N\l10bRN1Q1N_l11`RN3l0M?O]j10YTNm0OUO8;2C]k11ZTNa0JEJLc00D3;J`k10^TN3450JJ21Nak1O]UN1XO1NOK1lm1N^RN2E0bk1MTVN1iN2_O2ln1NSQN2nn1NPQN3Qo1MmPN4To1KjPN6Wo1LePN5\o18000001N10DdPN4[o190N2O2M3L5IcP86moEGTo17QQNLjn13mQNK_m15cRNLYm14iRNNTm11oRN2kl1MYSN7`l1HfSN7Wl1HPTN4nk1LTTN3jk1NYTN0gk10ZTN0ek1O^TNObk10`TN0`k1O`TN1im1OZN0jQN3X1M]m16[11`PNIhn14^gdQ2
20160713133714Th_10,_hTY11aP`01aoA0M02OgP62knI2bPNO[o13fPNLao1O8004RPNLho161N1O2N1O1O010O00000000oo10QPN0PP20PPN0QP20ooM0E0ePN1]o11\PN2io1LoUQd2
20160820233134Lh_1,mb\j01fPf01So[O8K3O1N20O0010010N11O01O0001N3N2N00O1O1N1O10000001O1O1O3M3N1N100201ON1O02N5J1O1102N0O001O1O10N3M101N1O2O0O1O004KfZ[Q3
20160820233134Lh_2,nffm23go18L3L4L5N0O10000000O1O101O0O1O10001O101OePNBTo1>iPNDYo1b00O2N0000000O2O00000O0100O11N101O00O01O100O1O10O00100O010O10O010O01O010O0001O0100000O20^PND^o1`0O1O000000O1O1O2N2OO01O01O001O0010O0000000001O01O00001O001O0000010O0001O0010O010O010O0001O01O1O0010O01O01O01O1O001N1O4JUW]j0
20160820233134Lh_3,n]RT21dP>7SoC2O1N101O0O100N3N5N1M3K6L2M6K4L1O0O010OVOdQN1\n1OgQNNYn11TRNBnm1:o0N2N2O2Jgagi1
20160820233134Lh_4,bfZZ11oPR13jnoN7J3O1N1O1O2N101N3N1O1O0000O100OO0OHoPNFPo1;:1O1O10000001N100O10O01O1OnPNCcn1=\QNH`n17`QNK`n13`QNO_n10`QN3bn1EbQN<Qo1001N101O00000103L010O001OO2N100010O0100O1O1O0O10000001O00001N2M3N1O2O1N5KmWm_2
20160828133734Ch_1,Zcbj11dPR15UooN3M4L4M6J011N2O0O10O1O2O0O2N1O2O1N100O100O10O0100O10O001O0000100O100000O01O10O10O10O3NO010000000000O0010O01002N0001O1O01O1O010O000O11O001O00000O100O1O001O2M3NnY[o1
20160828133734Ch_2,hanQ31kPf14nn[N6K2M3O1N10O0100O01O01000O01000O10000O10O1001N10000O1000000000000000000011N1O10O01O100O100O100O010O10000ePNDPo1f0100O1O1O010O1O1O001O1O001O001O010O1O10O10000O1O100O10O0100O2O0O101oPNTOjn1R100O10O011N1O1O1O1O001O000000001O1O4MO0010O001O015J001O10O01O0O2O1N103M000O2Nj[_d0
20160828133734Ch_3,\_\l11gQ^12UncN2N2N100O2N1O2O1N1O1O1O1O1O1O001N2N2O1O100O1O1O1O100OO1L4O2O0O101O001O001O010O10O10O100O10O10O1O100N101O1O10O01O1O10O0100O100O01000O0100O10O01000001N10O10000000000O1000000O10O10001O0000001O0000O1000000000000O101O001O001N101O0O2O0OS`mj1
20160828133734Ch_4,[b]d15eo18K5M4M2M3N1O3M2N5L4K100000O0O200N2O0N4N1O4L1O1O1N11O001O00O11O01O1O0O2L3N201N10O1O001000O2N4L[]bX2
20160828133734Ch_5,R\cP21]RP18XmQO2N101O00O2O001N10010O00000010O0010O01O0010O10O001O0000000000001O0O100000O010O100000000001O0000000001O0000000000O100O0100000001O001O1N2M5M]cPj1
20160828133734Ch_6,WjVS21TQR16cnoN3N100001N1000001O00O1O100O101N2O1O001O01N10O2N3N1O100001N101OO02OO100000O100000_RND^k1;\TN1^k1O_TN8\k1IaTN=ROXO_k1;\UNe0mNTOek19[UNh0kNPOjk19XUN\1hj1eNVUN\1jj1fNSUNZ1mj1jNnTNCROG2T1ok1D_TNKM?dk1G[TNM56ck10oSNO`0Nek1U1ZTNkNjk1S1TTNmNPl1Q1fSNTNLl0bl1n0\SN\Ool1d18H4M4K3E<F8ClQNlNXn1Q1kQNiN]n1e0^QNCon1Ni0LnR_g1
20160828133734Ch_7,QhbV23ko12N3N100O2N100O100O10000O01000O1000001O000000O10000000O100000O1000O10000000000001O0000000001O01O01O00010O0000001O00010O0000001O010O000010O1O010O00001O01O00001O00000001O0010O01O001O010O01O0010O01O10O00010O0001O01O0000000010O00O1000001O00000O1000001O0000001O00010O001O000O101O002N3M10O01O01O01N]P81boG2N2O001O0000001O0001O0001O00001O0000001O00000000000O2O00000O101O0O10001O001N10000010O0001O0001O0010O000001O010O1O001O00010O001O01O01O010O02OO010O01O10O10O1O010O01O00100O010O0001O010O10O00010O01000O1O010O1O00100O010O01O01O010O000010O02OO01O100O001O10O00100O1O100O100O100O102M10O10O0100O00100O001O00001O001O001O001O001O1N2O1O1O1O1NUUcU1
20160828133734Ch_8,SlZa11bR:2ZmG5I3TNFPTN<mk12fSN0Yl1<[SNEfl1<WSNBml1>PSNCSm1>iRNA[m1`0aRN@em1?TRNCPn1T14L6K4K6J6J5J4M4K4MPRQ]2
20160828133734Ch_9,hi^d22oo1O010000O01OQP20PP20ooK0QP20PP20RP60noG0ooe10iPRO0Yo=0nogN0000000O1O11ORU_U1
20160828133734Ch_10,ckVd01QQh04inYO1O100O00100O10O01O01O100O100000O1000000O100000000O101O0O010O0010O0000000O100001O000N21O001O010N2O1O2M2OVTgW3
20160828133734Ch_11,lkVn21\Pj02`oWO3M2M201O00001O00100O001O2N1N3N0001O1O1O1O1O001O0001O0100O2O2M02O00001^PNE\o1`0O100O000001O000N3M2O2O00001O0101N001O1O01N1O2O0I[PN0jRWm0
20160828133734Ch_12,niRe21PP40ooM0QP20ooM0QP20ooM010PP200000QP80noE0QP20RP>0E0cP^O0[o30ZPN010]P20coM0QP20TP42ioIO10\OOWQN1\o10^OOVQN0kn10TQN0ln10TQN0mn10SQN0ln11SQNOnn10RQN0nn11QQNOPo10PQN0Po10PQN0Po11oPNORo10nPN0Ro11mPNOTo10lPN0To11kPN0To10lPN0Uo10jPN1Uo1OkPN2Uo1NjPN2Vo1OiPN2Wo1NhPN3Wo1NhPN2Yo1NfPN2Zo1OePN1[o10dPN0]o10bPN0_o10`PN0`o19O01000O0100O1O010O1O01O00010O01O0010O01O1O1O0010O0100O000100O1O00001O00001O1O1O1O10O10O04L10O01O000010O2OO0100O00010OK]PNMdo1701O2OO01O1O3N0O10000O10JfPND[o1:hPNEXo19jPNGUo17mPNITo16;0bPNJSo15mPNKSo15nPNKQo15oPNKQo15PQNKPo15PQNKon15QQNLon13RQNLnn14a0NdPNNkn10eP60ooI0aPN0ln11SQNOmn12RQNOnn10RQN0nn11QQN0nn10RQN0on1ORQN1nn1NRQN3mn1NSQN2mn1NRQN3mn1ORQN1nn11oPN0Po10RQNOmn12SQNMnn13RQNNln13UQNKln15?010O01O1O10O01OePNLjn15SQNMon11PQNOQo12nPNNSo11mPN0Ro10nPN0So10lPN0To10mPNOTo11mPNMTo12lPNNUo11=000100O010OTPN001co165KRSQm0
20160930165914Mh_1,]o\P31\P`02_oA4N1PQNKRn16iQN2Un1NiQN4Wn1LgQN5Yn1LfQN4Zn1L\QNH3=`n1MZQNI59an17]QNHdn1:ZQNFgn1:WQNGin1h001O0001O0O2O1O01N10ON20N2N3N2O1O1O1N2N2N2O10O01O2_OgPN9Zo1DjPN9`o1O1Noo`l0
20160930165914Mh_2,ahRQ31dPl01YoUO2I7M3M5L3N000O100001O0O1O100O101N10000001O01O0O10001O0000010O010O11N1O1O00O10001N1000101O0000O100O2O0O1O001O1001N3N00000O100O4L10O000010N3HZPN2kUei0
20160930165914Mh_3,k`Tj01iQR44RnoK1N2O1O1O101N1O002N011N011N2OO10O10000O10O12N0O20N02OO101OO10O101N010O1000O10000O10O11N110N1O101O1N2O1O10OO0100O010O002N10001N1O10000O0011O0O1O100O101O1N011O0O101N101N2N2O1O1N2N2N0100O01O01O001O000010O000001O1O001O2O0O00100O1O1O01000O0100O0100010N01000O0001O10O01O1O0000100O010O1O010O010O01000O10O0100O00100O010O1000O010001OO2OO10O11OO10O11O000O102N0O3N004L0O0100O001O1O1000O01O10O000100O1O001O1O01O01O1N2O1O001O10O01O10O01O10O10O011OO0100O02OO10O110N1000O01000O100000O1O1O011OO0200N01000O2OO11N020N100O10000O01O1O001N2O00001O1N3N001O1O0O2N102N001O0010O100001OO10O11N010O10O01O000010O0001O01O00001O00001O2O0O00100O001O0011N010O1O01O01O02OO0001O1O1O2KhV]]2
20160930165914Mh_4,Xgkm11ZQd32bn]L3N1N2N101N100O2O000O2O00002N1O1O001O001O100O1O1O00100O0010O1O00010O001O00010O00010O01O0010O01O1O0010O01O0000010O000001O0000001O000000000000000000000O1000000000000000000000000000000000001O0001O0000000000000001O00000000000000000000000000O010000000O10O10000000O100O010O1000O1000O100000O010000O10000O100000O100000000O01000O100OMXOPQNh0Po1YOnPNb02_Oon1d0SQNZOin1j070O10O01000O01000000O10000O10O10O10000000000O10000O0100O010O100O10O10O100000000000000000000O1000000O10001O000000000001O0000001N100000O010000O1O1O10O01001O001N101O00000000000000000000000001O0000O2O00000O10001N10001N101O0O101N2N101O0O2N2O0O101N101O0O2MjWX\1
20161015144954Bh_1,ahdm22fo1:L2M2O2O00O11O00O001001O0001O0010O01O010O10O1000O1000001O01O000010O100O100001O01O00O01000O110N101N2OO10000O010O100O2N10000000O10O20O1O1N10001N01O1O1O1O1N3M4MoV[m0
20161015144954Bh_2,ZghZ11jS^29akcMh0_O5\QNlNXn1b1J4E:G8N3M1O2N20O0H9N2A?M3N2N2M3N2M3O10O01N2E:O2N111M1O2001O0010000O100O10000O0010O1O0N3L4O00100O1O100O1O101O0O1000000001O001O00100O001O1O01O0101N101O0O1O100O02N0O2O1O001O000O110000000000O101O0O02O01O0O100O100O00010O01O010O000O2O001O001O01O000000001O0010000O002O0O100000001O01O01N2O2M2O1N3N5K4L4M<[RN_NPl1c1^SN[NH8hl1h2O0O00O3M5K1O0O2eNnRNDSm12`SNDal15gSNI[l1DYTN7jk1F[TN3kk1HXW[X2
20161015144954Bh_3,amRg11PP20SM0hUN0Yj11eUN0[j10dUN0]j10bUN0_j11VSN2f1OUk1ORSN0i14Wk1MkRN0ao153NSUWX2
20161015144954Bh_4,YdTg01XQV19]nkN2N2O1N2N3N1N3M110000000001O1N3N1O1O0O2N1O2N01000000O100O11N100O10O010O001O100O10O100000000001N20O01O0010O01O002N001O2N3M1O10000O1O1O1O1WQNRO^n1[1M2N2N8H1N5L:F1O2OO1O1O0`N\RNZO7k0am1BnRN;Zm1VOoRNh0Wn1M2N3M4L4LRVSR3
20161015144954Bh_5,Rid\11hQ`03[n_O;To1NSQNOan1HWRNMfm10_RN1]m1OX10iQ80YnG1N2F9N2M0bTka2
20161015144954Bh_6,^^ZT21]P^31aocL1O1N101O00001O001O1O00001O0001O00000010O000000001O0000001O010O1O001O001aPNCZo1<fPNDZo1>cPND\o1c0M010O00010O000000000000O101O00000O1000001N100000001O0O10000000000000000000000000O1000000O0100O001000O1O100O1000000000001O2N001O0001O000000001O000O2O000N3O0O101O00001O0001O002N1O00001O00000001O000000000001O0000001O0000000000010O0000000000000000000000000000001O01O0000001O001O0000001O00010O00001O000000010O0000000010O0000001O001O0010O01O1O01O0001O01O00001O000000001O0000010O0001O01O00001O00000010O001O10O002N0O2O1M3NT`iX1
20161015144954Bh_7,bcP>1XTf23ck[M4K7K1J7M101O0C\O_QNc0^n1C_QN=`n1E`QN9`n1HaQN7^n1JdQN3]n1McQN3\n1NeQN0[n11gQNF_n1:dQNB^n1>cQN@\n1b0?2O001N101O000O110OO2O01O0N3M210O010O10O00O1^OTOQRNm0mm1XOmQNj0Rn1b0O1O2O0O2O1O00100O1O1O0010O001O001M3N101O1O100O001O100O0O2O1O1N2N2O1M4M2O1^Oc0D=MaPX15ZogN101N11O002N2NUP2MmoM4M1N2N4M0N4M2N2O01AmPN0Ro1OPQN1Po1MRQN2nn1NSQN2^o101O001OO10O1000000O10O10O10PP20_oM0PQN0Qo10nPN0So11kPN0Uo1OlPN0Uo10kPN0Vo30iPR10dokN000QP20ooM000RP20_PL0`o10\O0UQN0ao30XoM0aQ21XnMOgQN1Uo100O10^P60coG2oo10O;E;KJO03L:F1O2N000O10bN1aQN9Wo1FoPN?ho1B1OO0O21000N4mUQR3
20161019133714Th_1,[gTg15k0Onm1:bQN7JCom19PRNh0mm1g0M3O1N2N3M3M3N1N2O1O0O101O1O001N1O1N200O1O1O2M2O1N2O2M2NPO]SNgNal1Y1dSNdN[l1\1oSN\Nnk1e1UTNZNik1g1YTNWNfk1i1]TNUNbk1l1`TNRN`k1m1bTNRN]k1n1gTNnMYk1R2Z10000N3L3O2O010O0000100O01OAYRNeNim1W1b0M2N3N1O2N1N3O0N3M3N2O1O100O100O010O10O01001O001O1N10001O0O101O001O0O100O100O01N1O2M2O2N2O001O001O1O001O101N1N2N3M4LdZgQ2
20161019133714Th_2,jfXT25ko12M2N5J3N2O000010O01O1O1O1O1O1O1O001O0000000000O010000000O100O101N100O2O0010O0101N11O2O0O00000O1O010O10O010O00001O001O0O2O1O1N2O100O00100O1001O1O000O100000000001O00O0100000O10000O100O01O01O010O010O00010O010O010O100O101O0000000O2O1O3M1O2NO2N2M4L3N7HnVmc1
20161019133714Th_3,bc^^28ho10O2O0O1O1O100O100O01000O01O10O0010O01000O10O0100000000O01000O100000000O100000000000O100000000000001O00001O0001O00O10001O000000000O10001O000000000001O000000000000000000000000000001O000001O00000000001O001O00001O00001O000000000000010O01O1O3M2O0O000001O01O0000000000000O10000000O1000000O1O1O100O100O2O0O2O001N100O2O0O3N^\cW1
20161019133714Th_4,e^ao01`Qd04Yn]O6K2N1O2N1O1O100O1O1N2N101O001OO1000000ONZOnPNf0Qo141N3N1N101N2N1N201O1O0O101O000000000001O00O2O1O1O4JQajl2
20161019133714Th_5,W`mi15io13M3N100O100O10O10O001O010O001O01O01O1M3O001O1O002O0O00010O0100O001O0100000000O1001OO1000000000O100O001O001J5010O1O1N2O100O10O10O1000O10O10O100N2O10O0001O0100O0100O100O001O1O2M3JYa^P2
20161019133714Th_6,\ndo21TQ:2gnG7J4K5M1N3N2N2LVOnPNm0ln16AnNdQN]1[n14O11TOjQNYOJ?^n16SRN[O_O3bn1`0i0O1N3N1M4N3LUQen0
20161020145454Bh_1,aeb_21RQd16en]N3M3N2M4L3N4M010O0001O00001O0000000000O3N2N2N1O2OO01O00010O0000VOTQN?mn1:0000001O0O2O1O001O001O010O01001N00100O1O010O10O010000O100O100O010000O2O00000001O0000000O1O100O10O1000010O001O0001O000001O000O100O20N100000000000O1O10002N2N1O10O2N3L2O0O1O2N7I7IcVUW1
20161020145454Bh_2,S\Yb15ko1001O001O1O1O00000000000O1001O000001O01O0000001O000O02O00000O1000000O10O0101O0O01000O010O0100O010O1000O010O001N1000001O01O0000001O1O01O00010O00010O001O010N100O10000000000000O001O2N001O10000000N201O01OO10O10O1O100000010000O4H\PNM_efV2
20161020145454Bh_3,U^]Z29fo12O100O2OO1O2O0O10001O01O0O100O10O00001O000O10000000O10000O1O1O10O010O10O01000O01O1O1N20O01O010O10O1000000O100O10O1000O10O010O1O01000001O1OO1O1O2N1O2O1Oiah`1
20161020145454Bh_4,Ufnb11cPl02YoUO5L5J3N10O001O1O010001N2O00001N001O10O01O010O1000O1001N3N2N001OYOQQN<Zo12ON2N1N2O1N2O11M3O1cPNHnn1g00VOlPNe0Yo1O2M2N1O2N1O10001N10001N1001N001000O1O1O2O2MnVoW2
20161020145454Bh_5,chZW3b0[o17L6YQNVOmm1a1M1O1O01]NWRNm0cn1K3L5L7J1N2O2LPVgg0
20161020145454Bh_6,R]Sk21TPf02io[O3M2N001O1O10O01O0000000000O10O0100001O00000000010O0001O00001O0O10O0101N01N2O1000000001O1N10001O1O1N2OdbnP1
20161104133714Th_1,`aPP21WQR21cnoM6L3N2N1O2N2O00010O010O01O100O1O10O010O0100O10O01O10O010O00010O100O2OO010O1O1O\QNEdm1;YRNIem17ZRNMdm13ZRN0dm11ZRN1dm12VRN3im1OSRN4lm1MSRN3lm11PRN1om11oQNOQn12nQNOQn13mQNMSn14mQNLRn15mQNLRn1R1O1O1O010O000000O2N2N1O2O000OL5JJURNaNlm1_1:10000001O00101N<D3M2N1O1N2O1O01O00010O1O000010O1000O3N1O10O001N2O2N1N2O0O10000100OO2O1O1N5LO001O010O10000000000001O0000010OO100001O001O000001OO2O00O010O100O01O100O1O10000O1O101N1O001O1N2O1MlYac1
20161104133714Th_2,c^eW21[PP10hooN2eo1<H2O1O1O00100O0001O100O1O00001O000O10000001O001O1O003M0O0100O1M2100O10O10000O1O1O100O10000O01O0O200O010000O010O1000000010O001O00002OO000000100@bPN<do1N1M2Ll`bb1
20161104133714Th_3,maRl26io13N000O100N1O2M3I7O100O0HZORQN03f0kn1^OSQNc0mn17O03M2O100O100O0O110O2N1O1N3N2N101N3M1O2O1N102Li^_Q1
20161104133714Th_4,WU_`11_Pl00^oUO3N2O1O1O001O1000O01O01O01O00000000O1000O0100000O010000100O001O01O12N0O20O1O0O010O01000000O1O2O0O2N10O10O2O0O5M<DO1N1N2O6VOiPNO39`hjZ2
20161104133714Th_5,]_he11SQP15fnQO3M2O002N2N1O2N2N12M1O100O001001O2N1O1N101001N1O10O0001O010OVQNBQn1>dQN_OL<[n15eQN6\n1IbQN:]n1EcQN=\n1m0G3N001PSNSNik1o1YSNUN2=jl1^26I9J8D\RNnM\m1\2NO10000O1O1`NdRN;]m1@hRN>Ym1\OmRNe0Rm1XOSSNf0ml1WOYSNe0il1WO]SNe0Sn1L2N1N2O2M2O0O1O1O1O2M7GcZoT2
20161104133714Th_6,ciXT34ko13M2M2O1O100O00O11O00001N20O00100O02O011O0dPNCTo1NiPNd0Zo1O1O001O1O00001O010O100O010O101N010O1O100O10O02O0O101O1O00O001O10N10lUUh0
20161104133714Th_7,T\W\11oP>0lnC;YPNKTo1b0O1N2N1O1O1M3OAXQNAL0ln1=b0N1O100O01001O1O001O1O100O100O1O100O2O0Obc\a2
20161104133714Th_8,SUa_12mo14K3O1O2N002N2OO100000010OO0100O100O1O0010O0010O01000O1O0K\PNNdo10_PNObo1O`PN0`o10aPNO_o11bPNO]o11cPNO^o10cPN0\o10:1000O00010O0000000000000090]o30cPL0G0001000O0QP20ooM1UP4O^oK0kPN0Vo10iPN0Wo10hPN0Yo30gPL0eo100000C0iPN0do10bo10mPL0Po10RQN0ln10c00aPN0ln11TQN0kn1OWQN1hn1OXQN2_o1NXo10gPN0TP42ooINO3no1NlhfZ2
20161111133734Ch_1,cilR11cR`10ZmaN2L5M2M3N101O0O2N2N1O2O1O0000O1LiPN@Xo1?40O110O10O000M4O0001N2O001O010O010ONdPNB\o1>ePNA[o1?ePNAZo1`0ePNA[o1b000O100O010O01L31O01000O01001NHfPNLZo12hPNNXo11jPNNUo13kPNMUo12lPNNTo11nPNNQo13oPNMQo12PQNNon13RQNKon15QQNJon17RQNHnn18=00000000000000010O00010O0001O0000000O100O10000000N101O1O10001O001N1O1O1I7O1O100000000001^OkPN7Uo1FPQN1I0UUed2
20161111133734Ch_2,bc\f01oPf00an[O0ePN2M3]o1<N1O101N2O1N1O2N2O1N3N0O2O0000YOTQN;kn1DVQN<kn1CUQN=ln1;0KTQNUOmn1j05O0O2O1O1J600O001O100O2O1N100O1001O1O1N10000O10O10O2O0010O2N1O0G_PN3ao1LaPN0co1NY\[U3
20161111133734Ch_3,_ib`11TPf05fo[O2O000000O100O001O01O0000001O001O001O0O2O0O2O100O01O1O1O1O01O00000O0MFbPN:^o1GaPN8`o1H_PN9ao1G_PN8eo101O0O2O1O001O100NoUg[2
20161116222134Lh_1,Xee]19eo15L2O1N2O1O10O0001N10000hPN[OUo1i0O2N2O1N1O100O1001O000O100O0100O1O001O001O001N2O1ORO\QN`0cn1@`QN?]n1BeQN=[n1CgQN<Wn1DlQN;Sn1DoQN;Pn1ESRN:lm1FXRN7gm1G\RN8dm1G]RN:bm1CaRN>_m1@bRN`0^m1@aRNb0^n10O2O001O0O1O101N1000000O1000000O1O2O000O10001O00001O00002N1O2N10000O010000O100O010O01O001O1N1000001O00000000O2O1O1N2O001O0001O002M4M1O1N2O001O0000nNcQNb0\n1\OiQNa0Wn1^OkQNa0Un1_OlQNa0Sn1^OoQNa0Qn1\OSRNd0mm1YOVRNg0cn1O0O2N100O2N2O1N3M2O0N2O1NXXZY2
20161116222134Lh_2,W^]R11XPf01eo[O2N3N1O1O1O01001N3N0O2N001O01O01O01O1O3M1000O1O010O000010O0100O0100O10O00010O0001O001O0010O02O0O0010O000001O1N2N3Me`Xi2
20161116222134Lh_3,\YWh15eo16O2N1O001O100O01O10OO2O01O01OO10001O001O10O00O110N2O0010O00010O010O0O1O1O2N11OO11OO20O000001O010O000O1000O10000O100000O2N3N2M\hhS2
20161116222134Lh_4,eeab11dPd20[o]M000^P20`oM0F0gPN0Zo10;0O1XPN0`o11]PN0co161OhQNIil17WSNIjl15b1NgQNMhl10ZSN0\n30ooM10OO10OPX\Y2
20161116222134Lh_5,igl`1:do14N1000O2O1O0O2O1N0100O100O101O0000O1000O10000001O2O0O1O01O1O0O110O000bPNF20hn1:UQNF23gn17aQNK^n14cQNL]n13dQNL\n15dQNJ]n15h000O10kPNJ`n14`QNMan11_QN0`n10aQNO`n10`QN0Zo1NYo31hPL0M11ObVc[2
20161116222134Lh_6,P[UW11USj21hlWM2N1O1O1N2J5O2O1O10O100O10O10O10000O1N2O1O001O01O010O10O010O1O10O0001O00010O10O2O00000O100O100O101O0O1O100O2N010N20O01000O100O100O100O101N100O100O10000O1000O10O01O10O010O10O01000O100O10O01O100O100000O00100O1O10O01O1O010O0010O0010O01O001O1O010O0010O000010O01N20O01O10O10O10000O10000O01O10O010O010O10O0100O101N100O10000000O10001O0O01000O10000000O100000000000000000000001O00001O000O1O1O1N110001N10000O10O01O10O01O1O0010000O2O1N101OUdbX2
20161116222134Lh_7,blZX21UR81cmI9I5K5fPN^OQo1l0L3^OVOkQNl0Qn1YOkQNi0Pn1f0K4O_OVRNPOim1n0bRNjN]m1l0oRNRORm1l0Q1O2BQQNJPo1NYQNNjn10YQNMhn11\QNMdQYf1
20161219133734Ch_1,oe^a01WQb17an_N2M2O11O00O10O100O0100O01O1O010O01O001O010O1O00001O1N2N3M4M101N;E6K8mQN^NWm1W2OO3M5LO006J6J4L3M3L3NQOlRNSOSm1GRSN9J2Um1]O\SNa1bl1YNfSNh1Xm12M2O10001N3N03M00O35JQRNVNdm1T2010_N[RNe0cm1ROeRNm0\m1QOfRNn0[m1oNiRNo0Zm1lNjRNS1`n1B2N1O2N1N10O0001O2O2M3M1O001O01O010O1O10O01O0001O1O1O0010O0010O00100O1O2N1N3L2O]SWV3
20161219133734Ch_2,ldUh11aPn01[oSO4M1O1O5K1O10O0N`PNF`o1:`PNG_o19aPNG_o1=0LaPNG_o19aPNG`o18`PNI`o16aPNH`o19`PNFao1:21O01O0001O0011OO102HDfPN<Yo1FfPN;Yo1EhPN:Xo1FiPN9_o10100O1O3NO0N3M2O2O1N2O1O1O1N3N1O000011N10O010O0101N3M1O1O100O3M1O1O1O0O2O1N3N2NhY\R2
20161219133734Ch_3,VmTh01fPT16SomN2N1O1M2M3001O100O2N100O0100O10O010O0010O1O2O1N1O1N101O000010O01O00100O1O001O00DjPNOTo1OQQNOon1OTQN1kn1NVQN3in1MXQN2gn1N[QN2dn1M]QN4bn1L_QN3an1M`QN2`n1MaQN4_n1KbQN5]n1KdQN5\n1IeQN7So10O1O0000001O00001O000010O0010O01O000000000O2M2NQQmQ3
20161231223534Lh_1,]c^Q31kPZ24nngM4M3N10000000000O101N2O1OO10000O1O100O001O000000000001O01O010O00010O1000O010O2O000O100O001O1O000000001O01O000001O0000001O000010O010O0010OO2O001O010O10000O1O2O0O001O10000O10O01O001O1O0001O2OO1O001O00001OjPNL`n14_QNMbn11`QNOan1NcQN0^O2^o1:N2N1O001O1O001O000001O010O1O010O010O1O010O0010OOO2O10000000010O01O0000001O01O00001O0010O100O1O10O01O1O001O00001O0000001N1000001O001O001O001O1O1O1NcXQa0
20161231223534Lh_2,n\`X21SQf26fn[M3M0O2CGRQN8mn1KQQN6nn1LoPN5Po1?O3M10O100O0010O00001O1O001O001O1O010O001O00000000000101O0nNUQNo0on1O2N000O1O2M3N1O1O001O15K0oPNYOgn1h0VQN^Ofn1b0YQNBdn1?ZQNGbn1l0O1O0001O00001O001O00104LO001O1O1O00O2O0O2M2N3I6O2O001N100O1O1O10O1000O10001BgPN3do1N1O101O1NnPd11mn[N6N2O6J1O10O3M1O01O000O100000000001O0000O1N2O01000000000001OO101O0O2O1O0O101O00O01000000000000000O1000O100O100000O1O1O1N2O1O1O100O100O1O2N1O2O0O2N1O1O3Ml_YX1
20161231223534Lh_3,hcfR31]PR12_ooNO]PNOZo11:1`PNNRo13>01O1O1OdP80`ok00lomN0jZoi0
20161231223534Lh_4,l_Ua22no11N1O1O100O10O10EMiPN3Vo10gPN1Yo10ePN0[o1;O1O10001O01O0001O010O0101O1N1000001O000000O010O10O0O2N1O1O1001O001O00000000000001O00O01000O010O101N1O2O0O2N100O2O0N2K121O1O1001O00100N1010O010HYOUQNg0mn16CROgQNn0Xn1=N30O101O0O101N1O2N1M5M2O3L4L3M2N1M4M2MZaTX1
20170129133714Th_1,TR]^21^Rb0:Um_O5L3N000O1000001N100O1O100O1O1N2M2N201M2TOSO^RNMER1km1YOWRNn0km1`03M2M4N2O1N3M2O2M3L4M2O2N2M3M3M3M4J:FZm\^1
20170129133714Th_2,hj`W31dPb05Uo_O2O1O0O2O0O00100O10O01O1O2M3N1O002O000O2O1O2N00O1011N1O1O010O0O10000003N4WOlPN;^o1O1O2F\PN4PT]e0
20170313145450Bh_1,Wm^m11eP`0<jnA9J4L3N6nPNROfn1V1N2N1O1gQNhNim1X1VRNhNkm1Y1oQNlNQn1a1001003L2O1O01QNURNe1Wn1IfQN_N_n1[18I9H4L3N=D100000001O0N3KaPoo1
20170313145450Bh_2,dnTn11UP20hP`03So_OOO00N10lM1XRN2e1NSl1;fSND_N2Vn13USN2ll10mRN3Xm1N`RN4dm1JXRN8im1HURN9mm11gQNNZn13fQNL[n14eQNK[n16eQNI[n18eQNG]n19bQNG]n1:aQNG`n1:[QNIen1i02N1K5O2N3M2O0O2N3N0O2O000O1O010O100O100O001O001O100O10eRNHnj16nTNORk11lTN1Tk1NkTN3Uk1MkTN4Uk1JkTN7Vk1FkTN<Uk1AlTN`0Zm10010O10O01O01O01001N02N100O100O100O01O100O10000O01O0001O00O0100001O0000001O00000001O0010O00001O01O0000000001O00000010O01O000O2O001O001O0O2O0O2Njo]11VPbN2N002N001O01O1O00000000N2N2O100O10O010O01O1O1O1O2N1O2N2O0O100O1O100O1O100O0001O1M3O001O100O0010O01O1O1N201L5EnmZd1
20170313145450Bh_3,i`ln12`o1?M4M1O10O1O0O2L4N1O101N1000O001M3HCmPN>Qo190OL501O01O2N1O2O0N2N2O1M2N2O2N2N3Jo`in1
20170313145450Bh_4,jXYd21oPj03lnWO3N2M10001N1O010000O001O010O10O1N110O100O1000O10OO2O1O100O10O0100O010O10O10O010O01O1O10O01000N2OO1010O010O10O01O1O2MPgVW1
20170313145450Bh_5,Xmnl11YQT11hnmN3RPNMno10mPgQ2
20170313145450Bh_6,_R_Q27ho12N2O00K_PNL_o11fPNOYo10iPNOWo10jPN1Uo1OlPN0bo10QP20ooM0QP20PP20PPN0koo00ZPR10jokM00001O001\PNNXo12hPNNYo12fPNNZo12ePNO\o11cPNO]o11bPN0^o11`PN0`o1800O10000000000001O1O002MHIkPN5Uo1MbPNO81To14lPNLTo14lPNLTo15kPNLTo14fPNI33Wo14ePNJ50Wo19iPNGWo19iPNFYo1:6H`PN0`o10bPNN^o12bPNN^o128000]PNNJ0Zo11lPNOJ0Zo12kPNN[o12dPNN]o11cPNO]o11cPNO\o12dPNN[o13ePNMZo12hPNNWo11<0100O10`oW20dPfM0^m\d1
20170313145450Bh_7,VRaP21im^o1
20170313145450Bh_8,\bZe21]QX11`niN3M3M1O10000O2O100O100000011N10O020OO5L2N0N102N1WTNEjg1;mUNZOl0?Vi1g0XUNSO]19Zi1c1]VNeNbi1[1ZVNjNdi1W1WVNPOgi1P1_UNSNEU1lj1g0]UNNcj11UUNlMLV2Rk1iMnTNk15b0Tk1\OmTNd0Sk1]OjTNf0Vk1cMjTNh23TNbk1Z1oTNdNUk1XOTTNa1l0WO^k1b0hTN[O\k1<mTN@Vk19PUNGPk14SUNMnj10TUNOnj1NTUN1Tk1FoTN6\k1]OlTN3RNLjUaV1
20170313145450Bh_9,]_bb21URb19_m_N4N1O1O1O010O101O00000O02O001O001O0O0N5M3LmPd0OUo[O8H3M8J00O001KgPN@Yo1>jPNAUo1>nPNBQo1<PQNDRo19oPNGSo17mPNJSo15mPNKSo14oPNLQo13PQNMon14QQNLon13RQNNnn11RQNOnn11RQNNnn13RQNMon13RQNLnn13`010OdPNMln13SQNMon10VQN0fn10e01gPNO`n10aQN0]o50onK0l0000O0\RN5Sk1LmTN36L]h11RZN0ne1OSZN1me12VUNNc41^f10hVN2g0Oah1NiVN3f0Nbh1OQUN3h23TNLTj12nTNNX2e0dN\Oaj12gTNKk1b0mNBgj1O`TNLl13UN2e01Zk1JZVN4XN3Tn1KlQN4Un1JlQN5Un1KjQN3Yn1MfQN1To10LOYV_V1
20170326133730Ch_1,RUWf11QQ\14gneN3^PNJYo17dPNLZo1>O1O1O0100N3N1O01O0O1001O1O1O10001O00000010O1O010O000O3M2N1O2N100OLjPNAUo1>lPNBTo1=nPNBRo1>oPN@Qo1a07O1000001O1O0MaPNE^o1;cPNE\o1=cPND\o1`0O011N2N3N1N2OO101N4L3NO1O1000^OgPN<Zo1ChPN<Yo1ChPN<Xo1DiPN:`o1O01O01O1O0010O0000000000000000001O0O1N101O01N200O1N2O1O2MWjXR2
20170326133730Ch_2,obR\21SQb14en_N7J5L2Nd0]O4L20O2M11O0RRNiNRm1<\RN80\O14[n1`0^QN_O54^n1d0^QN^Ocn1n02N8I2N2N101[OmPN;So1CnPN=To1_OmPNb0Xo112M101N3M2OO20O2N00O1O10O02O001OO1O001O001O01O010000O0010O0011O00O001O000O2N100O100001O0O110N200O1O3M000OO2O2O02N2N00O01O002LYPb14fo]N2N1O10O4LgXQ[1
20170326133730Ch_3,QRWU31PSX12jliN5L2N3K3000O11O00001O001O10N100M3O1101OO1O10O01O02O1N1O2NBdPN:\o1FdPN:\o163NN0001O000O1002O1N1O01O1N2N2O0O1D^PN:Yo1HoPN6nn1NRQN2ln12QQNNnn15PQNKQo16mPNJSo1a02M2OM4N1O20O00O0NNM710001000O01N2M3O1N1O2K5MO3O10OO111O1O1N2O02N2N2N3M2O1N001N2O101M3NWm\c0
20170326133730Ch_4,fjVg12mo12N1O010O1O1O01O000010O010O1O10O010O010O10O1000O0010O01O10O001O1N10010O00O100000O10000000000O00010000O1O2O1N2O10dVWU2
20170326133730Ch_5,`gTe11TQ6<]nK3]OD\QNd0\n1AaQNd0[n1^OaQNf0^n1?O0OAlQNSOUn1i0c0G:MVXoY2
20170328014950Uh_1,Y^b[21\QT23^nmM2O3M3M2O0O1O1O2O0N3O2M3N1O1O2N1N3N10O000000001O001O1O1O100O101OO021NO3N0O1O1O1N2000O106J10O001OO2O00000013K2O001N100O1000O0100O10O10O2O10O1OO20N110O3N00O1O000000010O0O3N0000001O00O12ON110O0O100000O1000000O11O020O8JOO00O2N0000O100O1000O011N101N1O1O1O10O010000000001N101OO0100O100O100O001O1O1O1MS\QY1
20170328014950Uh_2,iRU^21kPV13mnkN5L301O0010O2O0O1O100O10O001O01O000001O2N1O010O0O100000000O100O1O1O0010O10O01M3O1N20O01000O0100O0100O010O10O01O10000O0100O10O10O010O01O0010O01O0010O1O101N1000000O2O1N2LnlZ[1
20170328014950Uh_3,d_^]22lo14K5M2NLbPNI\o16fPNJZo15iPNJWo14=M100OlPb00Wo]O0oo10ooM0000000nN0TRN0nn10Po10QQN000PQ63onINO01O0000oo10[P40ioK0noM0n^Y_1
20170329014850Uh_1,_RWj21XQ`12mn_N0_o1:O000001O0000001O000001O010O1O010O0001O000000010O000001N10000010O01O001O0O10000O100O01000O0100O10O0000O20N10100O0001O01N100010O001O0O2O001O00001O0001N01000000010O010O010O010O10000O10000000O2N1N6J4MPmPn0
20170329014850Uh_2,a\Pe21cQ^26VncM2O1N1O2O1N4L4L4L4L1O2N3M1O0110O2N001O102M30N4K10N3N1N4N7G1O01O011N001O1O1O10O10O200O2N0101N1O1O010O10O0O20O0001OO1010OO2O0010OO1010O000O1O10O01N20O01O01O10O10O100O11N02O0O20O0010N102N1O1O000000000010O101N1O1N100O2O01O0000002N1000O21O01M1N2N2M2O2N2O01O2N101N2O1O00O011N000000O010O100O1O2N001O1O1O00010O001O0100O1000O101O001N1O4L2N002M2Le[om0
20170330133710Th_1,X_nb11gQ>5RnC2N1TOMhQN6Wn1LfQN6Zn1N`QN4an1e00O1O2O00O1O1O1F2aQNoN^n1P1hQNkNXn1V1802N1O1HUQNXOnn1c0:N2O0O2L5L3N2N^`iZ2
20170330133710Th_2,abjm11_Pj02]oWO2M4N001O0000001O001O01O0000000001O0010O0001O1O001O100O01O000O2O1O1O0010O0001O0001O1O00100O1dPNJln1g0O1O001O00001O000000O1O2N3M7H5K<Cd[[m1
20170330133710Th_3,^gZ\23mo11O0O1000000O100000O0101O0000O1O010O10O10000O1O100O1O10O010O01O0O1O20O01O0000001O0001N20000N2L5MZYc`1
20170414151450Bh_1,Vb[U21bPV10[okN7J4K4M2O10O010O1O1O2N10O10O0100O011O0O0010O01O000010O0001O00000O11N10001O000000000001O0O2O001O1O1O001O0O101O000O2N1O1O101O001O10O010O2O0000001SOSQNd0Vo10N2O0O2O0O11N2O4L1O1N101O1N2O0O1O1O1O001O1N2N2O2Nb[Zc1
20170414151450Bh_2,QcgV11gPn24ToSM1N2O0O2O0O2O1O001O001O01O01O01O001O001O01O01O1O10O100O01O010O00010O001O01O010O10O0001O0000001O001O000010O01O0000010O0010O0010O1O010O010O01001O1O1N010O01O010O1O0001O01O010O00001O100O1O100O0010O01O0001O00000000000000000000001O00010O0000001O0000000001O000001O000010O01O001O0010O02N011N2O0O100000O001O10O01O01O01O0010O00010O000001O00O2O00000O010000001O00000000000000001O0001O00001O001O001O001O00001O001O00010O00001O00001O00001O0O100000000000000O100O2O0O2O0O2O0O2NXZlW2
20170414151450Bh_3,ndYb11nPT10RomN0O0010O000001O0001Ooo50[oI0\QN0dn10f00O10000O10000000000O11O0010O000100O010O010O011N0010O010SPf00loYO000000000000000000000[PN0Zo11:0ZPNO^o11aPNO_o11`PNObo11]PNOco11\PN0eo10YPN0jo10YZjW2
20170414151450Bh_4,lgTg11kQd04nm]O2N2O1O1O1O100O001N100O2N1O011N1O001O2O0O02O001N100O10K_OmPN`0Ro1ClPN=To1700000O2O001O010O1O=C^WeU2
20170516134450Bh_1,]aTo11lPd05ln]O4M3M2O0O2O1O100O1O1O0100O010O10O1PSNA^j1?\UNFdj1;YUNGij18UUNJlj15RUNLPk12oTNORk10nTN0Rk12kTNOVk1OhTN4Yk1KdTN9\k1HaTN9`k1H]TN:dk1E[TN;fk1FWTN<jk1CUTN?kk1ASTN`0mk1@PTNc0Rl1^O`SNEZOn0Xm1b11hNhRND[m1:dRNiN1e0\m1e0iRNYOZm1?lRN_OXm1<oRN^OTm1<ZSNYOkl1b0_1G:DU\]m1
20170516134450Bh_2,jaTo11_Pb05Yo_OL^PN0_o1O90RPd00PP^O0PPN0O0010O2000dP80Xo70WPB0d\im1
20170516134450Bh_3,_cRR31nP`03lnA3N2N100O1O1L4L4MO12O11O1O1O1N200O1O100O100O101O000000O1O1O101O000001N2N3M5JT\oj0
20170626133730Ch_1,QPkg11YTd0=Wk]O3N1O00O1000O1N3M2O101N0XO\OhQNS1Vn1<M3O1O0100O101O1OcNcNXTN]1gk1lNmSNW1Sl1h0USNRNll1h1cSNnM^l1P2j0M3N3K5M6L?dN\QN>Yo1J2N0O2N1N2O3KgmnT2
20170708164010Mh_1,\gb^31TQ`0;jmAJ]QN>_n1G]QN9cn1b0O1102M4M3M1N4L5L2N011OO10O2N0010O001O0011O1N2O0O1N2N100O1O5KUVi>
20170902231930Lh_1,ZPWg19eo13]OKWQN8fn1MTQN6jn1`0000000000O100O2M3L4N10O0010O01O001O1O001N00100000N11O2K3\OWOSRNk0mm1d0O0O101N2O000001M30O0110O1O101N=eN[QNc0Uo1L1N2O0O1O10001N2N5JZRoT2
20170902231930Lh_2,c`oX11ZQZ11`ngN6L6cPNCmn1b0mPNDPo1g0N100O0O2O1N2O1O2N1N3M2N200O101O00QOeQN9]n1CfQN<_n1\OeQNc0mn10O3OOO1O1N2O1O001O01O00001O001O1O2N2N1O101O000O10O010O000O10001O001O1O00101N2O1N2OO10001N1O1O001O001O000000O1000001O0O10000001O1N3M6I>Bf\n_2
20170926225530Lh_1,WhRg01WUn05ajSO5K3M2K5H7M4M2M3I7N110OO11O002O8G4L2N2O1M3M3MHeRN^Nll1`1WSNcNel1h0TSNWO90al1c0aSNXO23[l1d0jSNSO24Rl1i0PUNSOnj1n0P22O1O2L201O01N0M40N2O2O1O100O002NO110E:O101O01001M20O01L4L5O1N2N3KkVQT3
20171018223630Lh_1,UdR]11RRf28dm[M3K5L5L2M3O0O2N2O1O1O1O1000000001QOWQNc0Vo1O0N101O00O10O11OO11OO11N01000O01O1O002N00011O13M1O02M1O10O1O1O1OO02O000O1000O01O0010O00100001N1000O020OO10O11O0001O10N11O00010O0O2O100O1O10O01OO10000O1O1O010O10O01000O02O1OO02O000O2OO11N1O01O1O0000000O2O1O0O1O2O00001O001O0100O01O01O10O0000001O000O10001O1N11O0010O02O0O1O2O1O2M102M102O0N2000O1O3N2N2M10N200O1O100O100O1O3M2O1M112M3M3M2N1O2N2O0O000O02M6If0XO8FjSoS2
20171018223630Lh_2,oVYb11ZQd05^n]O3M2O1N2O1O002O0000O0100000O001O0000001O00010O0100O1O0O2O0O10001N0OO3O101O1O1O1O2O1N2O2LehXZ2
20171018223630Lh_3,nihi11QP40ooM10002\RV1OdmiNO^NOTSN0ll10b1000b10lL0QSN1Rm11gRN0an10\SQT2
20171018223630Lh_4,Sgbk21PQd04in]O5L101N1O10O10O100O001O002N2O1O1O001O03O17G2M4aQNoND3im1o1M1000Oa0@3L10000007K00N5fNgQNb0[n1YOiQNf0in1O1O0N3N3M4L2N2MkUmP1
20171018223630Lh_5,lZZY11URl27_mUM6J7M1N3M2O2M6K2M3N1N2O1O001O000O2O00nNhQN<Xn1BlQN<Tn1DnQN:Rn1ETRN6lm1IWRN5im1KYRN3fm1N[RN1em1O\RNOdm12]RNMbm14^RNLbm14_RNKam15`RNJ_m17aRNI_m17bRNH]m19cRNG]m19dRNF\m1:dRNE\m1<eRNC[m1=eRNB\m1>R1100000000000O1O100O2N10001N10001O000000O10O100O100O010O2O0N3OQP>OooA2O00001N100001O0O2NTP>2joA3N2M2O1O0O2O0O2O0O1O1O010O01O1O01O01O1000O0100000O100O1000O100N2K5O001M201O1O1000000001O00000O0100Ono5OSPJ1N2N2O1O1N200O0010OUQNFQn1:lQNLRn11PRN0Pn10PRN0Pn1OPRN2Pn1NoQN3Qn1MoQN3Qn1MnQN4Rn1LmQN5Tn1JlQN7Sn1HmQN9Sn1GmQN9Tn1ElQN<ln11N100O2N100O1O100N2N2O1N3N1O1O1O2O0O10000005K1O1N10000OYQNZOWn1c0iQN@Vn1?kQNAUn1>kQNCUn1:mQNFTn18nQNHRn13RRNNom1ORRN1om1OQRN1om1MSRN2nm1MSRN2nm1NRRN2mm1NURN0lm10URNMmm13Q1Njc[V2
20171021223430Lh_1,Sdf_22ko15H8L3N200O1O001O0000000O10000O3N1N2O1N3M2O1O000001O1N3N1O2O002OkPNWOQo1l01N1O011N100OUQNYO^n1h0[QNAcn1n000O0001O00001O100O1010OO4M000O1O1O2N100O12N1O0001N1O1O0010O2N2O1O11O3ON1O06J0O2OO01O10O0101O0O5K1O00001N3M1O2M3NlXUZ1
20171021223430Lh_2,a\gk01`QT13[nmN3M3N000O1O010N2O100003M000000O2O000O10000000O100O2N010000O10O100O1O0001O001O001O001OO1000000000010O0010O010O1O010O10O00100O1O2N1O000010O00000000010O010O01O010O10O100O01N3KXcfm2
20171021223430Lh_3,VcaZ11kPf13on[N4L2O1L4O0lPNEen1:\QNFdn1:[QNHen16\QNJen15[QNLfn11ZQN0[o101Nko50UPJ1O2N100O1O100O100000001O1O0010O00001O001O1O3MmPNJ]n15bQNO\n10cQN1^n1MbQN5^n1JbQN6_n1GcQN9Qo10100000000O100000O1O100O100O10O1O1O1O010000O10000L4O1O1M3O1M4M2O1O1O1O10000N2N2O1O2N1O2N1GhNhQNZ1Vn19000oNiQN9Wn1FlQN8Un1FmQN9Tn1EPRN8Vn1\OPRNd0fn1[OiPNa0Zo12O2N2N000001O1O0001O1O0O2O1N101O2N3M1O001O001O1O00000001O001O1O002N2N;E1O1N1O1O2N2L7J^ZlZ2
20171021223430Lh_4,fcd`21g00_n30h00PP:0QPD101O0PQNNQn13nQNMRn13nQNMRn15P1M1OO0RP2OjPL0Yn10gQN0Yn10fQN:mn1I[OMn00ZQ60enI00010O1001OhN0^RN0dm12YRNNim10WRN0im10VRN0km10TRN0mm10RRN1nn12POMPRN3Pn1MoQN4Qo1N1O0OQP60ooI0110001OO11O0POOQRN0om1ORRN1mm1OSRN0om15m0O4MN001O1O0kPNM\n14h02M2O5K1O03M1001ePNDQo18nPNHTo18iPNKVo16hPNJZo1>O20OO1O0100O01O02N01O010O00000001L3L6KPQ6LSoI9J2N2O1N3M2O1O001O1O00000010O10O01N2O001O0O2O2N1O2N2M101O1N`PN2Ro1LlPN=mn1DQQN>on1AoPNb0Ro162NO1O00O010O00010O001000000O110O000000010O01O01O0000000000000000001O10O1O101OO02N111N0O10001OO100O3N0O1000O01O0100O001O000001O1O2O0O1O2O0O011O00000O1101N0000100N010010N02N111N0O2N0200O001O00O01O1]OPQN6^o1N3M3MnTWP1
20171021223430Lh_5,[[XR21nQV22mmkM4M:E4M3M2N2M3M4M3M2O2M3M4L2O2M2OO100ZOjQNAWn1>kQN@Vn1>oQN^ORn1`0QRN_Oom1?URN^Olm1a0XRNZOjm1e0i0O001O1O10O0100O1001O1O1N101N1O10000O010O01000O01O100O1O1O1O1K5M20100O1O101O000O2O00000O0101O00001O0O101N101N100N2O100N110O01O00100O10O01N2O1N110O100O1000000000000000O10000001O001O0O1O101O010O1O2N1O10N3N0O2O1N2O1N101N100O2O1N10000O1000O100O1O1O1O001O00000001O100000O101O0O2M3O0O2NocUa1
20171021223430Lh_6,jUW[11XPf04do[OO01O2N6J1O1O0002N20O113K0000N101N1N2O1O10000O100O0010O0N3O100O10O10O10O010O1O100O0000001O1N2OmiRa2
20171021223430Lh_7,adQc11kPf10goYN0jn10UQN0]o10A0R[P[2
20171027150050Bh_1,eUUV21gPd15So]N3M1O1O1O1O00010O00010O01000O0100O010O10O0100O110O000001N1000000000O2OO101O0O2N1O10001OO2O001O0O1000O2O01O00000O1001O000001N100O1O100O010O01O1O100O1O0100O10000O011N01000O100000001O0000O10O1000000O1000O10O10O010O10O10O00100O10O1O1O1O1Nifj`1
20171027150050Bh_2,gafn16io12N3M4M001O00O1000000000000010O01000O10O10000001OO0100O010000O10O100O1O2N4M3L3N00O100O010O1O010O1O1O1O1O001O01O00104K4M1N3O03L6J01O0O2O0002O06J0O0001N3M2N2O11O001O0O1O1`QNWOgm1g0TRNAjm1`0RRNCom1=lQNGTn1T101N0000O100O2N2N20O3M5K2NO1N2O1N2O2M2N4K4L3O9F4K8H\ZUj1
20171027150050Bh_3,[TYc11hRj23SmWM2M4M101N100O1O100O2N2O0O1O1O1O100O010O01O010O0L50O00100O010O1O100O0010O010O010O10O001O0100O000O20OO10100O010O0O2O001N11O010O01O10O1O010O10O10O01O00O110O01O00001O10O10O0100O10000000L301O1O1O0010000O2O0O2N2NUP61koI000O10001O0O101O00000O2O00000O010O0100O01O10O01000000O100O10000O1000O100000O01000O100O1O00100O1O10O10O10O10O010000O100O100O01000000000O10000000000O100000000O10000O010000000001N1000000000001O0000000000000001O000O101O0O2O0O2O0O2N1Onjnk1
20171027150050Bh_4,Pgen1<bo14M2N1O1O100O100O1ZOGdQN9]n1H_QN9cn1`02M3N2N2N1O3M2O1O1O4K5L3N4G6McYdo1
20171027150050Bh_5,delS27ko1O2N0N20]Pb0Oco]O33ON3JM2Oan9OdQF0lZ]j1
20171029171010Mh_1,^`l`21eQZ28gmgMKhPN:To1;O001OO10O1O0010N2O1N2O100O11O000O1K5N20O100001O101O1N10O001N1O2N1N2O1000001O000O2O001O00O2N1O101O0001O10O01O00000000000000010O00010OiPN]OQo1c0nPN_ORo1j0M2O0O10O1O010O0001O000001O001O001N2O001N2N10010O100100OO1O1O001O01O00100O10O101O1N2O1O0O20OOjPNBkn1>QQNFMMln1>TQN1gn1e000O2N3N1mQNgN\m1Y1bRNkN[m1V1dRNlNZm1T1fRNmNZm1R1fRNnN[m1Q1eRNPO[m1n0fRNSOYm1l0gRNUOZm1j0fRNWOZm1h0eRNYO\m1f0dRN[O\m1e0bRN\O`m1c0_RN^Oam1b0]RN_Oem1`0YRNBgm1>WRNDhm1=WRNDjm1;URNERn1Q100001M3N1N3N2N2N100O2O001N2O001O10000102M0001O5iNVQNl0Vo1H3N2M2N2N2M3N2O0O20001NkZeQ1
20171029171010Mh_2,kk\Y21WPR11gooN001N100010O000001O000000000001OO110O001O001O001O1O001010OO1010O01O01O0000000O4L010O100O0100O001O100O0010O010O001O00000010O0001O001O01O00000001N2O1OlRk`1
20171029171010Mh_3,TWi`22mo1100O1O1O1000O0100O1000000O10O010O01O1O10O1O010O0001O01O01O001O1O010O10O10O1O001O001O100O10O01O01O00000O2O000010O0010O0001O01O000O1000O100001O01O000000000001O1O1O1O002N1O2NcjhY1
20171029171010Mh_4,ld[^21jP`05nnA4M4M1N3M6J5K2O3QQNTOdn1U1N3N1N2O0O101N10O0100O1OiNPRN?Pn1@URN:nm1FTRN5om1JTRN4lm1LTRN4mm1JTRN5nm1ISRN5mn1O10dPNGTo1NhPN42O\o11bPN0_o182N2N2MYYl^1
20171107222630Lh_1,mclS11TQV1:_nkN8F<G2N1O2O00O1O2L4I7M4N2M20O01O0010O01001N1O101N1O1000000O2O1N4L2N2M3N2N1O2N2M4M5J3NiNjQNe0Un1ZOlQNg0Rn1ZOnQNg0Qn1XOPRNi0om1VORRNk0mm1TOURNl06nNol16XSNb0DZOTm13[SNd0\O[OZm10eSNh0]l1VOfSNh0km1M4M1O1O2N101O0000O2N2N2M3N2M\OVQN7gn1E^QN=`n1_OcQNb0mn12O0001O01N10O101O4L1N2N100O2N1O2LdW_e2
20171107222630Lh_2,ZifQ21gPn11VoSN2N2N1O2O0O10000O1000000000000000000O1M3O101N102M3N2N001O0nPNXOmn1n0O0O11N100N3O0O2ImPN_OSo1a0nPN^OSo11lPN92ESo12kPN9[o1GePN9Zo1HfPN9Yo1GgPN9Yo1GgPN9Yo1HePN97Ein1a0WQN@hn1`0XQN@hn1b0RQN\OTo1h001O0O100O2OZOQQN;on1DRQN<nn1DSQN;mn1AWQN?in1@XQN?Uo1O100000O10001O01@bPN=`o1001O00O00100000001O01O02OO00ON300000000000001O000001O01O0000001O1O100O02NO2O001O2N2N0000000000O2O0IjPNCWo1=7NIDlPN:Uo1GkPN8Vo1HjPN6Xo1JhPN5Yo1JhPN6bo1O0000DJnPN5So1KmPN5So1LjPN6Vo1JiPN6Xo1JgPN7Yo1JbPN;]o16M10100O1O000010O1100N3N00O2O2^OgPN7co1M3M\Ugb1
20171107222630Lh_3,mlV_11SRb04fm_O3N1O1O001N1O2N1L401O001O0E]OZQNc0en1@XQNa0gn1AXQN?hn1;000O3N1O2O1O10O01^OmPN7Ro1IoPN6Ro1JnPN5Ro1LnPN2So1OmPNMWo13:1OO11O001O0OO3N2O1N3M2OfR_]2
20171108222430Lh_1,nb`^11UR`16QmaNNVQN7dn1OUQN8en1e0M2M3N2N1N2O1O1O001O1O0010fNnQNf0Rn1XOTRNd0mm1YOVRNf0cn10O0001O0010O01O1O2N1O1O2O0O1O10O11O01O00001OO101O0O100010O10O000010O1O1N2N101OO010001013KlPN^Ojn1b0RQNCPo1g00OO00010O1O1O1OO0100O1002N1O4L1O0O2O1O1N3NO10000O101O1O0001N1O1O2L3O1N2N10002N3LkW[Y2
20171108222430Lh_2,WiP`21[Q\11gncNOco1:O2@KPQN8on1JoPN8Po1<O01M3M3O001N200O2M2N2O1O1O100O1001O10O0000001O001O0000001O0000O101O000O1000O010000O1000O1O1O1O1O10000000O101O0000000001N100O3N00O00010000001O0000100O001N100N3L3O1O100O1O100O00010000000001AePN7[o1GiPN8`o1O1O010O1O1O2N1MPViW1
20171122022450Uh_1,dQYQ11[S^42_lcK4J8K3N1O100O1O1O10O10O10O01000O00010O001O001N0OJBPQN=Po1FlPN:Uo18001O01OO2O010O010O10N020O01O010O001N1N200O2O001O01OO101O01O0100O0010O0100O010O001000O10O010000O01000000O1000000O0100000000O100O10O0100O10000O10000000001O00000O100000000O10O1000000O100O10000O100O2O00001O0000001O001O01O01O00010O01O001O100O002N001O001O010O10O0010O0100O1O100O1O10O01O1000O010O10O01O01000O010O010O01000O10O01O00100000000002N10O014J1O2N2O1N1O2OO100O10O01O1O1O100O10O01O100000O010000O100001O0000000O101O1O1N2N1O2O1O1N201N001O00001O12N000O1O0O100010O0O1000O10002N1O1N3N0O2O16J1O5J1O0000O100O2O0O2O0O100O0100O0010O0001O02N10O01O00010O1O1N2O00001N10001N2O1N2O2M2O1N2M3L]h`V2
20171122022450Uh_2,Vgn`11cPd07So]O3N101O0O1000000O010O10O010O1O0001N10010O10O01000001O00000000000001N010O100O100O3K6JbXg[2
20171122022450Uh_3,oPgh01eVd3:kh]L8J5L6ZQNZOhm1i0SRN]Ohm1o1_O3M2N3L201M2O1O2M2O2M2O1O1N3N100N20000N200O100O1O2O0O1O1O1O00XNiSNIUl16TTNClk1;^TN^Oak1c0`TN\O`k1c0cTNZO]k1f0hTNUOXk1k0kTNROVk1m0nTNoNRk1Q1WUNcNlj1]1l10N01ROQRNLom12ZRNFhm19^RNAbm1?bRN\O_m1c0P100O0010OO200O1O1O010O010O1O1000O010O10O1000000000O100000000000000001O00000000001O001O0000000O1O01000O001N200N2000O100O2O001N10000O010N101O1N20O01O010O1OO20000O0001000O1O10O00010OO101OO11OO2O1O10EePN1Yo1NkPN1To1KTQN2kn1MXQN2fn1O[QN1en1N\QN2cn1O]QN0cn10^QN0bn1O_QN0an10`QN0`n10_QN1`n10`QNOan10h00gPN0an10`QN0_n11h000OhPN0an10h00O010O010jo14TPNL^P:0@0RPJ0YO0iPL0b01Zo1OSPN0_o10oP20A0boM0_PN0`PN0Ro10>010O10O010O0100O0010O10000O1000000000000000oo50QPJ0O010oo1000RmXd2
20171122022450Uh_4,]Ukc11RP40noM0000000[o10ePN0iQX10WngN002N1N101O003M2M101N2O25K0N6J1N1O10O0QP20000000RP80noE0O0010O0001O010O001N10O1O1O010O10O1\OOYQN1hn1OVQN1kn10TQN0ln12QQNOon12PQNMRo13lPNNUo12hPNOZo11bPN0co12_h^V2
20180507140210Th_1,XgXj01fP>2QoC`0F2N3M4L2N2N3N1N201OO002O4OON100N101N1N2N3O0O3M11O1O1N00100OO1O4K9CYVSS3
20180726232450Bh_1,gnRQ31cPf11[o[N1N2O3M1N4HDePN`0Vo1ChPN?Vo17O001O00000000000001O0O2O001O000@kPN6To1InPN6Ro1IPQN6Qo1GQQN9on1FSQN9Zo101O0000000000O100000000001O00010O01O0000001O0000001O00001O001O00001O1O001O100O00001O0001O001N101O001O1O1O1O1O001O000010O0001O000001O01O00001O0000001O000000001O01O0000010O001O1O001O01O001O0000001O000O2NhoRe0
20180726232450Bh_2,bdlR31nPh00onYO5L2N1N3L301O00000001O2N100000O2O000001O1O000003M10O08H11N2N0O2O1N101OO2O1O2N0hPN]OSo1a0kPNGRo1d02M3M6ZOcPN=`o11O10O2N2N000O100011OO0O2NUXgh0
20180726232450Bh_3,Q`dn21fPZ11WogN2M3O0O100O1N2O2O00100O1O1O1O100O1O1N2O000O11O01O02O01O1O0O1O100O1000O10O1O001O01O0O100O1M4O1N101O1O1O10O0000O1010O0100000dPNBTo1f00O0O2O10O01O100O1O1O001O10O020N01000O10O02OO0100O10O01O10000O01O0010O01O2N2N3M1N5Ki]ai0
20180726232450Bh_4,[ofR32PP2OL0WPN0WP:0foG000O0QP60ooI000foc10ZP\N0QP20ooM0PPj00ooUO10000001O00010O0000000001O02OYP_h0
20181012105930Ch_1,VcRd21URb01em_O5L3N2OO11O00001N01O001O1000O1O1O1L4M3K5N3O001N1000O110O02OETQNAmn1>VQN_Ojn1a0;00O010O100O1O1O2N1N3E`PN1m[eX1
20181012105930Ch_2,X^hZ11WQV14cnkN2N1N2L4N2O1O1O01N1O2O001O01O1O10O010O10O00O2OO101OO1O2O0010O01O10O01O100O001O1O0100000000000001O001O001O0000100O0012NO011N001O10O0O_PNG]o19cPNG]o18dPNH\o17ePNI[o17ePNJZo16fPNJ[o16dPNJ\o17cPNI]o1=001OO10N200O10O01O100O1N2O1O1000001O0O101O0O2OVam]2
20181012105930Ch_3,kaXc21USd10il]N0000000O0`PN1Ro1OmPN1`o10DOkPN1bo10DO<000M3dPNMln11XQNOfn10]QN0Yo10PP20bo;3[PB3MK6O0010O0PP20PPN1^OOTQN1mn10QQN0on11oPN0Qo12dPN010\o184N3N2O1N20O1O1O1O100HGhPN9Yo1HePN5_o1KaPN5eo102N001N]o50bPJ4M3N3L101O1N1000O001O1O010O1001O00000N3O1N2O1O2N1O3M2O1N3O0O2M10O1O1^OTQNNmn1EcQN6g[QU1
20181030230030Lh_1,W^`c21ko16]PNOPo15kPN0Ro1?O10O100O001O01000O1N200N2M3O1KbPNI^o15700O3MhbQ[1
20181030230030Lh_2,Qd`f11QQj01hnWO7K3N1J601O001O01O002O0O2N2O1000O1O101N02O002N3NOO11N20N11O00O1000000001O0000O3NO2O0O2N1O100O3M2N1000O100O101N1O1O1N3N3DYZkT2
20181030230030Lh_3,dllU21\Pd05[o]O41N1O1O01O2N001000O2OO1O1O5L001OO01O000000O1N2M2010O1O1O001O0001O00O1010O0100O01O10O01M4IZScf1
20190605025430Lh_1,Plnh01ZTf06\k[O5J5N1000O010O1OO1O2O001O100N2M3NG90000O100O100000O1O1O1N3O1O010M3C=N101N1N2M4N11O1ON11AeQN\OXn1f0oQNTOQn1i0c0O101010O02O2N:YOWSmR3
20190605025430Lh_2,Zona01`QR19SnoN6J6L3L4L4J7K3M4M4L6J5J5M1N3NaN]RNe0^m1ZOfRNf0Xm1YOkRNg0Sm1WORSNh0ml1VOVSNj0il1TOZSNk0fl1QO_SNo0jm11OO110OO1001OO2NgNjQNi0hn1N2M4L1N1O0O1O110000001O1O1O1O000O1O0001O1O2O0O0O2O0O101O3M3N1O2OO10O1001O1O4K5K2N001O2N4K3LglTX3
20190605025430Lh_3,eP[V11nRP12nlQO3M3N1N1O1M3N101N100N20O1N20001O00O20O0000001O0010N1N3M3N2O1N200O1000O100O0000O1000O001O100O100N2O1N3O01000000O010O00010N2K401N1M4N1OL6L5M2N4M4K4M6J^nnc2
20190605025430Lh_4,`kj`01RU\20kjeM0O1N011001000000O20VRN0ck10`TN1\k10USN3e0LSl10WSNOo01hk10RUN0mj1OUUN0kj10c20cRN0^m10kn50TQJ010O2N000VPN;Yo1GgPNN4Oho11O2ONO00O1OaP60`oI000B0lPN0To11kPNOUo11kPNORo14mPNLRo16mPNKSo14mPNMRo13oPNLQo14PQNLnn15TQNJjn18VQNHin18WQNIhn16ZQNJdn17\QNJan17`QNJ_n16bQNK\n15gQNIYn16jQNITn18mQNHQn19k01UQNEnm1=RRNCmm1=j02O2O1N5L4K2O]Oe0F^o98_PF3N3L3N2M2O01M2J600010O0100O1O0100L300O20OL4K4N3N2N10ZOWQN6jn1I[QN3gn1I^QN5bn1K_QN5an1K_QN4bn1L]QN5bn1K_QN4bn1L]QN4cn1M\QN3dn1L]QN4dn1J^QN4bn1M^QN1en1N\QN1dn1O]QN0cn11]QNOan11cP20RPN10000K5O1001O1OhPNJhn15YQNKen16\QNJbn17_QNJ_n15dQNJ[n17fQNIWn19iQNHQn1>oQNAPn1>SRNBkm13bRNM]m12dRNOZm12gRNNTm15mRNJQm17QSNIol14^10hQNLgl16XSNJhl17WSNIjl14WSNLkl13fRN0gm1M[RN2PO3^n1L_RN2]OMQn10aRN2mn101NRP20do17lRiR3
20190605025430Lh_5,\cZc11\P84^oI7K3M13N1NO1O00001O4L1O2N1N3O24I2M2N:BP[U[2
20190607032610Mh_1,QnjP21PU\19cjeN4M4M3M10002N2O0O00000000O1O01O01N100010O1O1O10O010N100O2N010O2O0O10001O000000O1O10000010O0001O0K6N110O0O2L4N2EmNfQNU1Zn1800O0O0OI81O101M210NHZOVOjRNh0Ym1]O_RNb0em1@VRNa0mm1f02M4M3N2M3N3N1N2O2M2O100O010O001N1K6O1N3L5K6IkPmg1
20190607032610Mh_2,lhPW11]Yj27YfWM3M4K4N101M3O0O2O2OO0010O10O01O01O2N011N1O1O101N1O2N1O002N1O000O1O10000000O1O1O100O1O1O1O1N200N200O001O0100O10000O1O1O100O0100O010O10O0O101O00100O1O0001O10OO2O01O01O10O00100O0O20O01O01O0K6N1O10001N1O10001N010O100000O20O01N110O0O10O0OO1O12O1O2N1N2I70010OO2O0O002L3N102O0O01^KXOnYNe0Tf1^OiYN;^f1G`YN7cf1KXYN6jf1KSYN4Pg1NlXNNZg12bXNObg11SXN6Qh1JjWN9Xh1GeWN;[h1FbWN;_h1F]WN>ch1CYWN>hh1CWWN=jh1DQWN?oh1BoVN?Qi1CkVN=Wi1DgVN<Zi1DeVN<]i1DaVN;ai1G]VN7ei13PVNKSj18iUNHYj18fUNE]j1<aUND`j1=_UNBbj1?]UNAaj1a0]UN_Ofj1XOhSNV1`1BQk19mTNIVk15lSNPO9l0mk15dSNYO7c0Zl1P1YSNROSm1g13L4N2M1O2N3L3L5@`0K4J8Bc0BcSgZ2
20190607032610Mh_3,]ohW11nRn12nlSN53JA2kPNNSo11QQNNmn10WQN0\o11ZOO\QN1Zo10O010QP4OPPL0QP:0^o30aPB0QP20ooM0O0PP20\PL0Xo10hPN0Xo10<0O10O00PP20PPN0bne30\Q\L0n00ToM0O1TOOkQN0Un10kQN0Vn10hQN1Wn10l01N1nPNMVn15j0OPQNLVn13iQNOXn1OgQN3Yn1LiQN1To1010O001O1O01OO10O02N1M4M2O10O001J41004Mko\]2
20190607032610Mh_4,hjXb1:do15MEcPN4[o1LhPN2Xo1MjPN2Vo1NlPN1So1OnPN1Qo1OQQNOPo10PQN1Po1OPQN0Po11PQNNF2To10VQNNE2Uo10WQNND2Uo1O]QN0bn11g0O010O1OlR`11Pm_NOO1dRkZ2
20190607032610Mh_5,nkbb11cQ`21iP]X2
20200806072410Th_1,`ciP21no12O0YPNN`o12^PN1ao10^PN0ao11^PN03LYo14dPN02NXo1:ePNIWo1c0M2M3000000010O1O1O3M1O001O1O1N2O001O001O1O1O000O100O100O10O10O10000O1000000O01000O10O01O10O0100000000000000000O10O100000O0100O01000O100000001O00O01000000000000000O100000000O01000O100O100O01000O01O010O01O0M3010O010O10000O1000000O010000O100O01000O10O010O01000O10O0100O1000O100O100N11O001O010O010000O0100000O10O1000000O0100000O010O01O1O10OO200M3G_ORQNb0nn1^OPQNc0Qo160O10000O2N1000000O10001O001O1O0000000O1000000O1O1O10001O001O1O1O001O00001O0000001N10000000000000000O1000000O101N1000j]T`1
20200806072410Th_2,S\fP21oP86dnI7M5L7H7J2N00N3^OYQNIhn16?02O10O11O1O1O4GZPNOYcom1
20201228202510Mh_1,R\Wb23ko13N1O100O0010O01O00001O000O10000O1001O00000010O0001O001O001O01O010O01O010O01O1O001O001N110O010O0100O011J5N4LVeZZ1
20210101202450Bh_1,eYce21gXT23RgmM6K3O1M2O2N1O2N1N2O1O1M3L3C=O0001O1M4NL202L220N1M3J7000N3C<O2O000N2O3J5M3ON2O2N101H6020N2O002NM2O200O2H8M1]Oe0O1O1ON3N2N3N2N2O1N2O1M4K5I6N2000O10O1O1N2M3N1M4M200001N10001M1O3^O`002N11OO11OO02L3N2O2M2O2N1O2M3N2N2N2N101O001O10O01O010O1O101N2N100N4HhddP1
20210101202450Bh_2,mbSU23mo11M4M1O1[PNGco1;0O11K4O010O1O001N1010O1000001N1O1003M1N101N2N1O1I7N2O2N2OFXQN\Ohn1c0ZQN]Oen1>`QND^n1:cQNG^n17bQNK^n13cQNN\n11eQN0Zn1MiQN3Wn1MeQNEH>cn1MdQN8]n1GbQN;]n1EbQN;`n1E[QN?en1AZQN?gn1<1O00001N10100N2000O1IoN\QNT1cn140K50001J7K5E;G`^df1
20210101202450Bh_3,YW]k21WRh00bmYO:J4M2O000O101O1O001O0O1O100L3001O101NO20O0011N101N100O101N01O1L211O0O100O1O100O1O10BFXQN7en1@WQN?01in18[QN^Oen1b0=O1O1O2N2N2N4M1N4JQhZP1
20210101202450Bh_4,mWkd01]Q>5\nC4\PNI01nn1R1F2O1DjNjQNX1Tn1iNkQNX1Rn1<L31N101O12N11O0O1O2N1O2M3DeQNoN]n1l0>M2O3M7I4M4L4L2NTgjX3
20210101202450Bh_5,T\mP24i0NWn15^QN6_n1i0K2M3M3O0001O0M4O0L31M301O1O00000N21O100N201O0O1O1O2O0100O1O01O001O1O2OO0M4N1OQOZQNf0fn1:0YOZQN4fn1L\QN2en1N\QN0en10XQN1hn1<ZQNUOgn1i0\QNUOdn1k090ON1M3O2N21000O100O1N110O10O10O00100O100O1O10O010O0O2O01O1O1O0000N30O00010O1O1O1O1O1O1O1O2M4MYePi1
20210101202450Bh_6,iYgi01]Q`0:TnA6G@mPNa0Qo18M4L3O0OHXQN\Ofn1`0VQN]OUo1d04N1K6O000000100O10O1000O10O1O1O101N1000000001N1O2O2L3I\PNN]e`S3
20210101202450Bh_7,oYQj01bP\20XoeM1WPNO^e`S3
20210127110130Ch_1,X^ak11TQ`01bnA2\PN1ao18O2O0O10O1O1O001N1O1000O100000001O1O010O001O0100O010O100000O2OO002O0O5EcabQ2
20210127110130Ch_2,[ZPa21PQl03knUO2J5N2O1O0FDRQN;nn1GPQN9Qo1HnPN7So1KjPN4Xo19001N20O010O0100CdPN5]o1KbPN6^o161O00O100000010O01O001N2C^PN:do1O10N3O0O1000O1O1O2O000000O1000001000000O001O000005K100N2O1N2OmdSZ1
20210127110130Ch_3,bWSe21QRb03hm_O4M4K4N001OI6011N1O1O010O1N0101O2O001O0O2O0O11M3I7O001N11N2N201O01L3O1N02N102M3M2O1N1N3KUh`W1
20210127110130Ch_4,TaYl11YQ:3`nG5M2N2O000O2N0O0001O1O21N00O1N10L5N2M4O00GhPNKYo12mPNIUo15>Lc^jQ2
20210219230330Lh_1,b`mP33ko14M1N3N1hNEVRN5L7lm1LoQN222Pn1e0hQN^OWn1V1000001O4M2O01YOmQN[OVn1`0lQN@Vn1>iQNCYn1<dQNF^n1n00O2N5K2O1N001O101OPRNPOPm1o0nRNSOSm1m0jRNTOWm1l0gRNVOXm1k0gRNUOZm1k0eRNVOZm1j0fRNWOXm1k0gRNUOXm1m0gRNSOWm1Q1_RNeNN;bm1R1_RNVO_m1l0_RNWOam1h0]RN\O`m1@aRNf0NK`m1]OeRNf1\m1WNeRNi1hm12M2O1O1O1001QN_RN]1bm1^NeRN`1nm1O2O1N1O2N2OO01O1O1O1N3N1N3N1O2O1WOPQN>]o1M2M2N2M3Lc]^j0
20210219230330Lh_2,`Yeb11gQf05Qn[O2N2O00001N2O0O2NO2000N2OO2O100000O000GEnPN>Po1910O2N10001N1000000001O1O1O1WOoPNON>ao1M0O101N101O2N05K01O1N2N5KYebY2
20210219230330Lh_3,jba[19So11TQN4Xn1JfQNn0Un1`0M4L3ZOXNRSNi1ll1]NoRNd1Qm1d00010O0000001001O100O1000O10N100BdRNVN_m1f1jRNSNYm1d1d002gNiQNh0Wn1WOnQNf0Sn1VORRNj0an110OO2GoN_QNS1^n18N3N100N2O001K4O010J5N30O1O11N1O101O001M12gNYRN8hm1I[RNGRn19PRN]OYn1c0hQNWO\n1j0<1M2F9M21O2O0L5N2ONN4O3L3O10000O2O0O101OOO20OO1M1O3100N20O200O0O010001O2N5K1O03L;F5J4MYcn]2
20210219230330Lh_4,oWoX11`Zd20ge[N0goQO2OO1Ooo10To30lPJ1hN1`RNO_m16^RNJ_m14cQNMn0NXm17nQNKUo1a0eQN]OXm1a0T1HePNI]o149M2O10OO10hQNOal13d1M30mQN0Yl11e1O30WRN0ik11R20O10O002ON21OOO12PQN0Qn1OPRN4mm1LSRN1TO190om10dRN5WOJYn12aRNOhm13YRNLcm16_RNI_m10jRN0an10010OM4ON3OM30O0M501Ooo11OOZO0hPN010e00dN0[QN1Wo113N_O0WQN0\o10O11O]O0c00cPN1\o100100[ON]QN2an1NdQN0Uo10SO0iQN0Wn13eQNN\n1;ZQNDgn1a0SQN@nn1b0oPN^OSo1g00N3B>Mlo9LYPF2M2O1O1O2\PNKZo1>0O000NHBSQN;nn1JPQN5nn1ERQN2N:Xo1FfPN<on1BYQNb0gn1^OYQNb0en1@[QNa0dn1_O]QN`0bn1@`QN?_n1BaQN=`n1BbQN>]n1AbQN2ln1OTQN0ln11TQNNln11VQNOjn10UQN2jn1OUQN1ln1OTQN0mn10SQN1kn10UQNOln10TQN0ln10TQN1kn1NXQN1[o101O2O0000QP<0ooC000[O0hPN1>Omn14PQNLSo11lPN0Uo1OkPN0Wo10gPN0Zo10neRZ2
20210607142350Bh_1,c[Sj11aP:6VoG5cPNGHa0^n1m0N1O1O100000O2O0fNdQN:?C[n14lQNJfalT2
20210607142350Bh_2,md]b11fPb01Uo_O8J2O1O00000O101N1JEgPN<Wo19N000O100O1000O10001O01O0100O2O2N10OO1O0001O10OL[OnPNd0Qo1]OVQN<Xo1O1O001O1O1O0O6KlYVZ2
20210607142350Bh_3,k]Wj18go14L3J4M310O4L<D1O00O0lNZQNP1Sm1oN\TN1cNm0[m1SOhSNOoNk0jm1UORSNi0]n1ElahT2
20210627163630Mh_1,VecQ21_Q\12\neN7WPNNXo1b0J4M2N3L4]OlNQRNZ1mm1?N001O11N1O1N5F?F4VOYQN5kn1A[QN>To10000000000O11O00000001O00001O00000O1O10000000EKiPN8Uo1:O2O00O11O1000O0010000O011N2O2N1O0O2O0O1O100O100O1O00001O0100O1O00OO3N1101OO10O1001N2N0O2N2N101N1O1O1M4L3K6L3O1001O2N3L4L8PO]QN4Zo1MnW\f1
20210627163630Mh_2,e`_l14jo13M3N2O0O1000001N10O10001O00O1O100O101O001O3M1O001O0001O00000000000O10000O10O1000O0100O0100O1O010O10000O10000000000000001N100O2O1N100O10001O00O1000O010001O001O000O10000000000O0101N1O1O10O001O010000O1000O100O1K5O1O1O10000000000000N3@cPN7io1Hn_Tl1
20210627163630Mh_3,ea\Y11jPR14onoN6K3F9O1O1001O21OOO12M5K1N2O000O2O001O010O0000O100000000000O1O001O10O0010O01O1O001O010O01O10O0001O01O00000010O0010O0100O10O10O1O0010O1000O0100O000001O01O02N1O2O0N2Of[[`2
20210627163630Mh_4,d`]`11_PT14[omN2N2O2N3M2O0O1004MOO2N100O2O000000O10O02OO0010O3N1N1O010O0010O0010O001O00001O1O001N2O1O1O00CiPN2Uo1OlPN1So1NoPN2Qo1LQQN3Qo1JQQN6]o10O01OO2O000O1O1O100O0010001O3M1010N4M1N1O3M010O100O1O0000001N1O1O2NY]TY2
20210627163630Mh_5,egdR11UU<9`jE2iMK`TN7Vk1`0YTNCdk1a0VTNDgk1?TTNFik1?PTNEnk1e0cSNA\l1n120NO2OZOSM_TNU1B;Pl1<VTN]Onk1=cTNQOck1m0j1D=F:J;CVWgk2
20210627163630Mh_6,S_m_11eRh30ZmYL00000aPN0nn10a00O1dPNOin11c0O10000000[PN1do11N2DMhPN5Wo1MfPN5Yo1:OJdPNH\o18ePNHZo17gPNHZo1MePN72L]o11ePNOfo1O1O1O10`PN0on10QQN1_o1002]OMVQN2jn1NeP20QPN0O3M1O0O3NO0100O100O01O00010O000102M00O10000J[PN1eo1O[PN1eo14100000001OO10O10000O100O1O1O1O10[o[12bPdN3N1N2O000O1O1JFePN;Zo150100O1000000000O100O1O2N1O10001O0O10000O01N11O01O01O1OAIWQN0on12PQNNon14oPNLRo14mPNMRo15kPNMTo1?013M1N2O1O00000O1O2N1L30100O10000O1000001O01002N0O001O000000000O10000O001000O01000oo10PP20QPL0O00100O01000O0100O1000000000oo10QPN0O1AOoPN0So10kPN1Uo1OkPN0Vo10iPN1Wo1OiPN1Wo1OiPN1Xo1OgPN1Yo1OgPN0eo10D0<0[PN0eo1000QP20boM0=000^PN0bo10A0nPN0Ro10nPN0Ro10?000O01001O0]PNOVo12iPNNWo13iPNMWo12iPNNWo12jPNNVo11jPNOVo12<000]PNNXo12hPNNXo12;O01O0ooe0ORPZO5LO2LS`Pl1
20210627163630Mh_7,_]iT11kQ>1VnA235To1d0J2N4L3L2M3N1N1O101O3I_OURN[Oem1f0_RNXOam1=oQNAc0Mbm1a0S100N2N2O2O1O10O010ON2N2N3N2ORblh2
20210627163630Mh_8,_fSj16io12N2N0010000000100O10O2O1O00O2O0O100O10O2N1O0001O1O1O100O01O00010N10000O1N2O100O1000000O10O0100O2N3NSYfR2
20210701163730Mh_1,S[gR11`Qd08gm]Oe0I4N2N4]QNoNPn1S1kQNROVn1l0gQNWObn1Y1H1N001N102N3M1O2O330ZRNQNml1m1PSNZNTm1^1hRNiNVm1o12N3M5K3L2N4M3M2M3L4N2O1TOkQNKSn12]RNAcm1>P1O3M3M3Mn`Vj2
20210701163730Mh_2,Vh\c22mo14M2N2M3N1N4M101O0O21N101O011OO0O1011O2L101N2O00O3M2N102N3J4N24M0M01O08H1N3KeUUZ1
20210701163730Mh_3,P^gf11]Q<2jnCN\o1a0I4N1O2M2^OWOjQNj0en11BVOeQNk0Xn1`0O0O01I6I7M4O2O1O0DQQNHQo17QQNGon18RQNGon18=O`PNH[o16dPNL^o11dPNMm`\W2
20210701163730Mh_4,ZZaS11SQh01inYO3N1N2O1O1N1000000000N2O10001O010O0001O0KJaPN7^o1510O01O10001O0O10001O1O1O1O0000001O0000O10000000000O100O0O20O10001O1N3NZeRh2
20210701163730Mh_5,Wa\a22ko15H7O0O2O1O001O0010O1O2O1N00100O2N10000O010O01O2O1N2O1O0010O00000O2O0100O01O00001N1O2O000O2O03M1O000O1O000104L0O0100O2O0N1010O010O3M10O01O000001O00001N1000001O000001O000010O0000O10000001O010O0010O01O00100O0010O01O010O000O2O0000000010N110N2O001O000000001O1O1O0100O10O010O01O00010O01O010O1O010O10O010O010O01O10O001O00100O01O0010O01O0010O0010O0100O010O01O010O001O1O010000O00100O010O1O0001O1Ok[]R1
20210701163730Mh_6,e\cZ21`Ph04ZoYO10O0010O010O001O1000O010O10O010000O0100000000O011OO01O1000000000000000000000001O001000G[PN6ho10O11O0001O00O1O1O2MgbVa1
20210701163730Mh_7,d^Ub27ho11N2O0O100O1O10OO1N2O1N20O1O2O0N3N10010O02N1O002M2O1M3N20M4M3J7K6KXcf[1
20210701163730Mh_8,Vj\Q31fPb00Wo_O6L2N11O01O1O1O1N2O2N2O0O1O2N00O12PQN^O^n1b0]QNE`n1<]QNGbn1S1I3M10O003UOfQNI]n13cQNM`n13^QNMcn1h01[OZQNMhn1e02O0O1M3]OSQNNPo1`01O1O01O11O1N2N2M:G4LiRUk0
20210701163730Mh_9,]cng21PP20O010O0010O0001O0001OO11OO010ZPj10goYN0QP20doK0;0ZPN0]o70[P40noE000QP2000O0ooK0ZPN0\o11dPNO[o11:0\PNOZo10fPN0Zo11ePN0[o10dPN0]o191O5Kf[WR1
20210701163730Mh_10,f^k]22mo13M101O00001O001O0O01O100O01000001N1000000000000O2O0O100O0010O100O1000001OO010N1O200O1N100O01O1O1O1M2100O1ROEXRN;hm1KPRN7Qn1KkQN6Wn1LbQN7`n1c03L3N4J6AWcV^1
20210708060030Lh_1,Sb_R35ko11N1N2N200N101000000O1N2N3M2O2M2FZOXQNg0Xn1XOPRNR1nm1`001O1O01000O10O10O1000001O0N2O1N2N10001N10O1N201N10000O10000O1O1M102N2O1O2N011O100O1O1O1N1O2J5O1O01N12O1O0000C<N2OO2O2O1O2OO01000000O2N1O1N1O10O2N2O010N11N1O20O10AXQNEjn1;XQNBin1?:2O10O1ON2\O[OcQNL2l0\n1?1N2O1O2O1O1M3O0O1M1N31OM3L6N2GVdfe0
20210708060030Lh_2,na\S12mo14M2N1O011N101O2N1O2N1O02O1N002N1O1N1O1O1O10O010O00010O0001O001O0O3MU]]j2
20210726041650Uh_1,mWeQ11[QR22`noM3M3L6K3M4L4M2N2K5N1O10001N10000O01M3K5N1O2N2N1O2O1N2O100O1O10000O100000000000001O0O10000000000000000000010O000010O000010O01O00010O01000O010O010O1000O001000000O010O10000O01000O10O2O00O02O001N2OO10O2O001O1O1O001O1O0001O000O101O000O101O10O100OO1000O10000O010O00010O00000001O0000000001O0000000000001O000000O101O1O002N1N101N1O3L4J\ePb2
20210726041650Uh_2,PXS_11jPT11RomN3N2N2N2N2O0O100000000001O0000010O00000000010O0001O010O0010O1O0100O0100O01000O1000O11O01O1N4N0O010O1O2N2N1O1O01O00001O2N2N1O00100O1O0000010O0000O2O2N4L1O1O01O000O1O2O1M5K7ImdZZ2
20210726041650Uh_3,WalR11nPX25jniM4M2O1O1O1O1O001O0000001O010O001O00001O00000000000000000O100000001N100K5O1O1O1O10001N10000000000000000000001O00000000000O100O10000000001O000000000000O0100000001O000O10000000O10000O1000001O00001O0O10000O101O00000O1000001O0000001N1000001O00000001O00010O1O0001O00001O0000001O0000001O01O01O00010O001O01O100O001O010O2N1O100O01O00001O1O1O1O1N2O1HhPNEYo1:jPNCXo1;8N3M3M^]k_2
20210726041650Uh_4,VXWg01nSn07gkSO5L5J4K4ZOg0M2N3M2N200O101O01O2N2N2N3M?A8H2M3N100O1O2O0O2OSMCVVN<gi1IXVN6fi1L[VN4bi10]VNObi12_VNM`i13aVNM_i13bVNM\i14eVNKZi16gVNIYi17hVNHXi18hVNHXi18iVNFXi19jVNFVi1:kVNEUi1;lVNAWi1?jVN@Vi1?V3000000O10O11O01O011O0O100000010O01N100O2N2N2N4J\f^S3
20210726041650Uh_5,]Wgf01nWR1`0\goN7J6TMBPVN`0ki1JoUN7oi1NlUN2Sj1UOXTNb0_1;Wj1RO_TNe0O]O`0Q1nj1nNhTNe0DB>o0Sk1jNoTNW3nj1hLVUNX3jk1O00ZNeLhVN_1_N6fj1\NmVN`1]N3bj1^NSWNY3kh1iLUWNY3ih1fLXWN[3eh1gL\WNY3dh1fL\WNZ3eh1fLZWN[3hh1dLVWN\3lh1dLRWN\3Pi1dLnVN\3Vi1cLgVN]3bi1iLoUNW3Wj1kLaUNU3dj1hLYUNY3jj1fLTUNY3Pk1eLPUNX3Tk1gLkTNd0@e1jk1fMeTN`0Kc1ck1nMaTN77m0BUOik1F]TN8:i0CVOik1JYTN5`0f0BVOhk1OUTN4e0b0Ql1ZOYSN4j0;Ql1AUSN3Q1OQl1NmRN3jn1MUQN3kn1MUQN3ln1MTQN2mn1NRQN2on1NPQN2Qo1NnPN2Xl1KYVN1_M3Yl1MXVN0]M3[l1NZVNNZM3]l1OaVN0`i10X30O1000O10O01000001O0200OO10000O10^OOeP20dfhS3
20210726041650Uh_6,XX]_11_Pl00foSO0bo117O00PP20QP:0QPJ0ooI0QP80ooG0oPT20SokM1O1Tfl[2
20210726041650Uh_7,`b`Q11nQd0;gl]OI_QNQ1]n1<L7H3L5L3M3N101N2O100O1O10O2O001O1O2YNiRN`0Xm1VOUSNg0Vn1M2M5L000O1N110O1N1O3M4KUZgk2
20210730044930Lh_1,dXkd27=Min16VQNKhn18UQNJin19UQNHin1;TQNGin1i0M3O1N200O01WOZQN7fn1GbQNHK2cn15PRNHom18URNEkm1:n0L30100O10000001O0000O10000O1O10O100O10O0100O0100O100O01000O100000000000000000000000000001O001O3M2`PNFVo1<gPNFYo1:ePNG[o1?0100O100O1O100O11N10001N10000001O10O1O00001O002N1O1O0O2O0O2O0O2N102M4KcffT1
20210730044930Lh_2,ldZo11YP>1doC2O3M2N101O10O01O0001OO100001O0000000010OO10000001O01O00000O1O100O1NjYQn1
20210730044930Lh_3,hbZl16io15K2O101N10001O0000O10000O102M3N1O0000000O0100O100O100O100O0100O0010O10002N1O11N1O1O000O1O2O0O2N1O2Mh[_P2
20210730044930Lh_4,\Z[W24jo12N2O2O0O01000000000O0100000O100O1O1O1N2O1000001O001O000001O10001O000O10O10O001O001O0O4M2M10O10O01N1100O1O1O100O101N2OL1WPNNio15O1O1N2N2O10000O0O2O100O010O01O01O01OM13N10100O1O1N2O1O100O0010O100O0O2O2O0O1O100O1O1O1N200O01O1N2H9N3Mifba1
20210730044930Lh_5,SbXf21XPn00foSO2O1O0O2O2N1O001O001O10O01O100O10O1O100O1O1O1O10O01O000001O000001O00001O0010O00001O01O01O0000100O1O0100O010O01000O010O010O010O001O10O01O1O010O001O1Nh\ST1
20210730044930Lh_6,eeZV31^Pf02^o[O3N1O101O1O1O1O1O1O2O0O2O1N1O100O00002O4MM2O1O01O000000O1O2_OePN:`o100000100OO2O00000000000001O1O1O3M1O3M1OWXie0
20210730044930Lh_7,^aPe21jP`20UoaM000000000QP20ooM0TP:0ooI0noK0XPN0_o10YP20WPL0`o10`PN0`o10`PN0`o10aP20goM0H0`PN0`o10`PN0ho10I0^PN0bo10^PN0bo11^PNObo10^PN0bo10^PN0jo30hoM0^PN0bo107080I0G0aPN0ho30PPN0O010O010go10aPL0_o30aPL0_o3090ooM010WPN0ao10701000UPN0do1070O00100SPNOio15N1000000000000000000001O0001O00001O000000000000O1000000000000O100010O0001O00010O01O010O1O001O1O01O01O0001O00001O01O01O00010O01O000001O0001O000000000O1000O1000O100O1O010O001I7NO10N31O1O1O1N2CdPN4^o1L_]Qn0
20210730044930Lh_8,liTg11aPZ11\ogN2M4N2N1O1O1N20O00011OO1001O00O10001O01O010001O1N1O0001O1O010O002OO000000O10000O0010OO2O0001O1O3M1O0010O1O1O100000100O0O10O00001N100O101O0001O1O1O1O1O1N2O0O10O10O0100001O1O1OjSQR2
20210730044930Lh_9,ebci15ko12M2N2N2N2O001O1O1000O10000O1000O01O01O01N1O100N1001O001O10O10O01O0000O1000000O2N2O100O100O1O1O10O01O10O1O001N2O000001O1O001O1N101N1M4N110O000010O010O0001LNTQNWOkn1h0602N100O01O100O2N1O1O1O20O0100O00000001OO11N10100O001O10O0100O1O00001O0010O000001O00001O0010O001O01O1O001O01O00000O1M3N21O00010O1O2O0O101N0010O2O0O101N1O100O1O100O0100O1O1F:N3M3M3N2N2N2O2Me``k1
20210730044930Lh_10,Rjlg11ZP>0boC5NNXPNMgo12[PNNdo1070000000PP20fUmV2
20210730044930Lh_11,dX[b11VZj67^eWI5L4M2N4L2000^OnPN6Qo1KQQN5mn1JUQN5kn1JWQN6hn1IZQN7en1H]QN7bn1J^QN8`n1HaQN7_n1IbQN6^n1JcQN6[n1LeQN4Zn1MeQN3[n1NeQN1\n1OdQN0]n10bQN1]n10cQNO^n11bQNN_n11aQNO`n11_QNObn10_QNOan11_QNOan12]QNOcn11\QN0dn10\QN0dn10ZQN2fn1MZQN4fn1K[QN5fn1IZQN8fn1G[QN9en1F\QN:dn1F[QN:fn1FZQN:fn1EZQN:hn1FWQN;hn1EXQN;in1DWQN;Wo1L4000010O1001O000\OH`QN8To11O00OZOHeQN9Zn1GgQN8Qo10XOHgQN7Zn1JeQN5]n1JcQN5^n1L`QN6`n1J_QN6an1J_QN5an1L_QN3bn1M_QN3an1L`QN3`n1M`QN3`n1MaQN1`n1OaQN1Vo101O010O010O01O01O010O00QOOPRN2mm10TRN0jm1NTRN0WO2dn1NTRN6nm1JT11O000N1002OO0001Omo70TPH0no50QPL0SQL0nn10PO0RRN0nm10QRN0on10010O010O00SO0kQN0Ro1000TO0l0010O0mPN0Wn10l0010O0PP20PPN010mo50SPJ0iPN0\n11j00O01O00N20OkP2OYnM0l10Ro10PPN010O100VOOdQN2To10101O000OPn16iQN5J5L3N2N2N2N3N00001O001O0000O1O100O1O1O1O0000N3OO1O10000000K5L4L4J6O0O10I8L4N11F91000DkNlQNV1Tn1;OL5O2C<1O01O100O2H7N3N1N3M4M1N4Kbdjh1
20210730044930Lh_12,XhQn13fo1O^PN3_o11^PN0b0K[n1=dQNE[n1;dQNG[n1:cQNG]n19bQNH^n18bQNH^n19`QNHan18^QNGcn1<YQNDin1=TQNDln1=SQNBnn1h01O0O2N2N1O2O0O1000000000001O002OO0000000000O100001O000000001O0000010OO101N10000000000001O001O0010O00010O001O2N1N2O1O3E[PN4mo1LUWZm1
20210811072510Th_1,Zm`R11ZPf02co[O1O9G6J21N100O10O10O2N10O000000O2N2N1O01O01O01O1O10O00001O001O1O1O00010O01O010O0100O1O1O1O1OSQki2
20211119005210Mh_1,e]Pa11_Pf0;To[O7J7J2N10O2:GL6J2N1O2O2N2O00001O0O000O2N1O101O001O0001O10O001N20OO10O11O1N1O10O01IXPN3b_g[2
20211119005210Mh_2,R]Wc01j31Zko0>ZPRO4L3M3N2N20O000TOnPNk0Uo1N100O001O0000YO]OSRNa0km1AWRN=gm1FfQNH54K=Yn1NjQNGM:Xn10hQNIO8Wn1T1N110F9O2N1O2O1O^OZRNlNdm1U1]RNkNbm1U1_RNkN]m1X1cRNhN]m1Y1aRNiN^m1l11OO2O00001OWNiRNj0Wm1VOlRNf0Um1[OmRNb0Sm1]OQSN`0Pm1_OaSN0_l1OeSNM]l11fSNHjNFbm1a0hSNAal1=b1O001O0010O010O01O10O100000O01001O000O10000O100O2O001N2M4LUblV3
20211224120130Ch_1,XYaU22mo13N001O2N100O1O1O10O1001O0O10O1O001O0000O10O10O001O000000000O100O010000O0100O10O0100000001OO2O0O10000O0100O2O0_OD]QN>bn1FZQN;gn1FVQN;kn1GRQN:nn1;1N2N1H9N3N3M[hXf1
20211224120130Ch_2,Q]Y]21fQn21XnSM1O1O1O001O1O001O001O00010O010O01O0100O011O0O100O1O010O1O001O01O01O00000O2O00001O00001O100000O010O101O01N001O001O012M1O02N004L1O1O3M00000001O01O001O00000000O10000O1OH_PN3_o1OaPN1]o10ePN0Yo11gPNOXo12hPNNWo1NiPNL05Xo1NiPNMO5Wo1OkPNKM7Wo1NmPNKK8Xo1MmPN5So1JoPN5Qo1KoPN6Po1JPQN6Po1JQQN5hn1JQQN363in13WQNMhn14TQNEM7kn1j000O01000001N10001O0O101O00000000O011O0000000000000000O100O0100000O01000O10000O100O10000O0100000O100O1O100O1O10000O100O1O100O10O0100O010O0010O10000O1O100O1O000001O01O0C[O`QNe0an1[O_QNe0`n1]O^QNc0bn1^O\QNc0en1]OZQNd0fn1\OYQNc0in1^OTQNc0ln1_ORQNa0on171N2O0OO2O1OO2O2O1O1O01001N10OJlPNBSo1?mPN@To1`05010001AhPN3eo1LRbZR1
20211224120130Ch_3,_bX^21dP<3WoE3M=C4M4L5L1O0<E1OO0cQNAWm1?gRNDYm1<eRNF]m19_RNJbm1:URNKnm12hQN7[n1d02K5J6K6YORQN1do1H_[o_1
20211224120130Ch_4,bVUP31kSf02Ql[O2N2O01O01O010O00010O10O01O000O1O1O10O01N101O001O00OO2O02N^NI_SN5al10[SN1al14]SNN^l16aSNI_l1:]SNDel1?WSNBhl1d0SSN_Oil19`RNCb07gl19lRNE36nl15QSNf0ol1WOUSN=EPOYm1a0VSN;Vm1AlRN>[m1[OgRNc0]n1KcgZl0
20211224120130Ch_5,]ZiP21aQ<3ZnE2O0O01O010O000001N101ROMmQN3Tn1OjQN1Xn1OgQN0Zn12cQNO]n13`QNMbn14YQNNhn14SQNMPo1?7I4M2M4MmdZm1
20211224120130Ch_6,d\o^11\PX11`oiN200O001O1N2O01000000O100O100O1000000010O001O0010O0000000010O1O10O02OO00010O000010O01O00000001O00000001O00000000000100O01O010O00001O1O10O1O001O0000O2O0000000000O10000O1N200O0NH^PN8bo102000010O1LVcjY2
20211224120130Ch_7,ZdYZ21^PR13]ooN1O1O101N2O1O00100O1O2aPNCWo1e0N1O002N1O01O00010O01O1O1O5K2N1O1O2M2O1N2O1O1O2OO1L4N2N2N2O1N2N2O001O1O3M1O1O001O0ON3OO101O1O1O0010001O001O1N101O001O001N2N2M2NiZl_1
20211224120130Ch_8,X]_g21UT\45ekeK2\PNIZo1a0M101O1N2O1O1O0O101O001O0O100000001O00000001O0000100O5K0000O1O100O10001N10000000000000O1000001O00001O001O0O1FkPNIVo14mPNIUo17:00O10000N2OANRQN1mn12RQNMnn15RQNHnn1;:2N2O001O1O0O101O01O0000000001O0000000O2O00000000000000O10000O100O1O0010O0100N3FaPNObo1O_PNOco1062O0O2M2O10000O1000N202M2N2M]o?4_P@2bPNKPo16oPNKon18oPNIPo18PQNGon1;PQNFon1;QQNFnn1:RQNEnn1=QQNCon1>QQN@Po1`081N1000O10000O1O001O1O001O01ON210O10O10O0001O1O00001O001O1O1O1O001N20O101N10001O00000O2O001O1O01O10O00001O001O1O000O101O00000O1000O1000O1000000O01O010O1N2K500O10000O1000000003M0010O00000O1K_OkPNb0Ro1@mPNa0Ro17N2O1O2N100O10_OUQNMjn11ZQNNfn1O_QNOan1OcQNO]n10fQNNZn11hQNNXn11mQNJSn16l0O10O10O010O010O01O001O1O010O10O000100O0100O10OO200O100O010O1O101N10001Nkana0
20211231180850Bh_1,kYc[24ko12N1O2O0O10000O01000O10000N110O01000O0010O01O010000O01000O100O01000O10O1O010O1O001O1O1O1O1O1O001O00001O01OO10N3M2N201OO02O000000O2N101N100010O0010O01N2O1O1O1N2O2N1O1M3NjgR_1
20211231180850Bh_2,d`dW21PQ>7fnC7K5J5J5L3K5M2N3M4L1M2O3N1O1000O1ROWRNDjm1:[RNBfm1<_RNA`m1<T1N2M3O1O10001NP_Uf1
20211231180850Bh_3,Z]id21`Pb08To_O4M4gPNBln1`0oPNGmn1i0M1O0O3O0O1O001O100000kN[QNn0ln1O3N0O01O06K0O2N004K101O0O101N2O1N2O1O011N2OO06Jn`TX1
20211231180850Bh_4,ShbT11YPf02ioYONgo19M3L2O002N0010O2O02OO0000000O01O03M10O0010O0001O001O000O10O1O1000O01O1O001O1O00100000001O01O001O01O2N8HnV]g2
20211231180850Bh_5,^SST21PRb07dm_O5N2O0O01000O010O0O2O00002N4L2N100OLmPN\OSo1b07L3O1O10O01O000100L5B=00001O0O2N2L5IYlnh1
20220124155050Bh_1,ScPf11lPR11onoN<E4N2M4M4M0O103L3N2O1OO13M001OO10000000O001O000101O0O2N3M3M6J1O1O1O1N110N1000001OO10000O11OO010O01000O01O01O1O0100O0001000O010O1O1O010O010O1O1N101N101N4H_YQT2
20220124155050Bh_2,f`dn01UQn04enSO1M4M2O100O10O10O01O0000000100O0NDaPN<_o130O01001N10O010O0100O00010O0100O10O0100000O010000O2O0O010O10000O10O10001N1O1O100O1N2000O010001N10001N2N2On^ok2
20220124155050Bh_3,]YY]19bo17L3N2O1N1O2O0O1O2N1]TNXOng1h0QXNYOPh1f0oWN[OQh1e0oWN\OPh1d0PXN\OQh1b0PXN^OQh1a0oWN_OQh1a0oWN_ORh1?oWNAQh1>oWNDQh1:PXNFPh1:oWNGRh17oWNIQh16oWNKRh12oWNOTh1LnWN3ok10010000O01O10O10O01O00O11O01N1000O1O10OO12OO0000N21O3N1O001O100O11N3L2M4KRo71PQH1N2O2N5K5K5L1N1O0010O001N2O0O2N100OM31O00001N200OQO@aRN?am1CTRNe0lm1AjQNc0Wn1c0O0001O3WObQNJan14bQNH`n14fQNI\n13kQNE[n17ZgT\2
20220124155050Bh_4,mbRe11TQP20ao]N0bnK0nQF1dm10X1OWQN0`m10Y10WQN0`m10X110000TQl0OnnUO0noM0000001OO01000O02OO100O011OO010O0RP60d00[oK0ooM0^O0TQN1^o10O100O001N2O1N100DInPN9Ro1IfPN<[o15O100000O100O1O1O1N102N001O1O1M3J6O]PN0`o15N000000001O000000001N1O1O1000001O00001O0O0101O0000001O001O[PNHco1;O011OO01OE_PN7`o15O10000O10O101O0O1O1O2O0N3N2KdXgo1
20220124155050Bh_5,jdom11YQn61dnSI10O10001OPP>0PPB0TPN0ho15O0_OOSQN1ln12RQNNhn19WQNGhn1:XQNFhn1;WQNEin1<VQNEin1<VQNDjn1=TQNCmn1>RQNBnn1?PQNAQo1?oPN_OSo1a0mPN_OSo1a0mPN_OTo1a0lPN_OSo1a0mPN_OSo1a0nPN^ORo1b0nPN^ORo1b0nPN^ORo1k0M001O0000100O1O1O010O10O02N101YQNnNNL\n1W1cQNQO]n1Z1O03M002N4L11OO10O01O000000000001N100000010O01O1O2N2N2lNVQNm0Po1O1O2N1O1N2O1O2M4M1O1O2M2O0O2JZPN0iXVe1
20220124155050Bh_6,meiX21oo10000000O1O10O10000001O010O1100000SPNOio11XPNMmo11011NTP60moI1N01O01ZPNOZo11ePNO\o10cPN0_o10[PN20Nfo11[PN0iXTe1
20220124155050Bh_7,jZ]R21SQd04en]O4N2N100O100O10O1000N200O1N00O201N1010O01O1O10N11O10O1O01O01O00001O10O10O01O1O001N200O3JPeTj1
20220328035030Lh_1,_VWa01TTn05akSO7J5J5N2M3M2O2N2N1O2N3M2N2N1O1O0OG:1O010O01N2M3L5O000O1O10000O100O1N2N3N1O001000000001O1O1O1O010N10000N101O1L4J6N2O100000O2O1O002N2N2M3N3L2N3N2M3M4L6I]hRY3
20220328035030Lh_2,jblQ16fo17K6J5I>D4L2YNROYTNR1dk1SOWTNn0ik1WOoSNm0Pl1XOjSNg0Yl1@^SN?el1P1?J6011O2M2M110OPOcRN]OXm1a0SSN[Okl1>^SN@bl1KVTN3ik1J\TN5ck1GcTN8^k1@iTN`0\m1O1103M8H2NO1O1O0O3M6K1O1O1N1O1O3L3M4GQ\Wk2
20220328035030Lh_3,bed_28fo14M5L2N2N1O101O0011N3M1N101O0O10O01O101N1O10001N10O01000O2O0O010O110O001O00000000O11OO1001O000000001O1O1O00O1O010O1O3M2M4JdX_\1
20220523234912Lh_1,TUeY21eU`18oiaN5M2M3O1N1O1O1O001O00100O010O0010OO101O00001O01N100O002N100000O101O00001O000000O11ON2OO021O001O1N100O11N01000O1O0010O1N101O100O010OO200N20000O100O1O1O10nN_OeRNa0Ym16PRNMom1P120N110O01O0010000N200M3O2N1M4M2F:D=N101O2DePNN_o1OSj^^1
20220523234912Lh_2,iUX]11ZS^22blcM2N2N1N3N2N2L4I6N2O2O000O10001N1O100O100O1O01O0010O01O0100O0100O010O001O1O001N2O01000O1O1O1O1O1O1N2N1O3N1N2O00100O0100O010O001O1O1O010O100O100O100O10000O010O01O0001O010O010O100O100O100O010O100O100O010O100O0100O00100N110O010000O2O001O1N2N101N2O0O100O100O010O010O10O01O1O1O100O2M2O1O2N101N2O1N2O1O1O1N2O1OUOoQNHPn16TRNIlm15VRNKim14YRNLfm14[RNMcm12^RNNbm12_RNN_m13aRNN^m12cRNN\m11fRN0Xm10PSNVOXO`0hm1:TSNEkl1;WSNEgl1:\SNDdl1<_SNBal1=`SNB`l1>aSNA_l1>cSNB]l1=dSNB]l1<eSNC\l1<eSNC[l1<iSN@Yl1?hSN_OYl1`0d1O1O1N3N2M\ioT2
20220523234912Lh_3,YYgb21\VP4:YiQL4L3M00001O01O001N100000O010O00010OO1100O1O101M3O0O1N200O100O010O01O010O00O1O1N12OO02O0000001O01OO20N0100000O100O01000O02OO100001O0000001O00OO2O1O2O00100O1O1O100O1O01O01O0010OO11N020O0N210O010O0100O100O1O2O2M1O010O0100O1O1O1O100N2N2NBfPN;Yo1EhPN:Wo1FjPN:Uo1GkPN9To1GmPN9So1GmPN9Ro1FPQN9`n1KaQNL08_n11\QNG68[n1:eQNE\n1<dQND[n1=eQNB[n1?dQNB[n1?dQNA\n1`0dQN@[n1a0cQN@^n1`0aQNA^n1P1100O1O1O1N200N200O1O1N20000O2O0O1000001O000O10000O2O000O100O100O1O10000O1O100O001O0010O010O010O010O010O00010O001O0O20O0001O010O01O000100M200L4O1N2O2M200N2O1O2M12OO0100N3O0O1O2N2O1O1O1O1N2O1N200M210M4N1O2J6L]e\j0
20220523234912Lh_4,PZWm21^Rn50`mSJ0\nk00[RJ0Wo[O00000`o11bPL1XPNNbo11aeZj0
20220523234912Lh_5,b]QP21[P`02_oA6L3N1000O02O0O2O0O10OaPNC]o1;cPNE]o1>2M2010O01O1O00100O01000000001O00O3O001NO101O1M3MWaRm1
20220523234912Lh_6,TZkV11ZPR12booN3M2O2N1O2N002O0O100O01O1O10O01O2O1N00100O1O1O2O00N1010O01O2N1N2O000010O0001O01O001O1O1O01O100O1O010O0100O010O100O1O000000000000]OKZQN6dn10XQN0en14YQNLgn1g0O001O01O1SOXQNa0in1^OYQN?jn1@ZQN7kn1HWQN1ENgdZc2
20220523234912Lh_7,[dYb21]Ph04\oYO<D3O1N2O010O010O1000O20L3N3N1N2O1O1O0100O2OO0100O10O0O1001O1O0O2O001O1M3N1O2N2N10000O100O10000O10000O2N1N3NkZ`Y1
20220621185332Bh_1,_f`g12lo14M3M2N101N1dJHP[N8od1MmZN3Re12jZNMWe14gZNMYe13gZNLZe15eZNJ]e15cZNK]e16bZNI`e16`ZNJae16^ZNIce18]ZNGde19[ZNGee1;YZNEhe1;WZNEje1;UZNEke1=SZNCoe1<PZNEPf1;oYNESf1:lYNFUf1:jYNFWf1;gYNEZf1;eYNE\f1;cYNE^f1;aYNE`f1<^YNDcf1<\YNDef1<YYNEhf1;WYNEjf1;TYNFmf1;QYNEPg1;oXNERg1:mXNGTg19kXNGVg19iXNHVg18jXNHWg18hXNHYg17fXNKZg15eXNK]g14aXNN_g12`XNNag12]XNOdg12YXNOhg12UXNOlg12RXNNPh11nWNOTh11kWNNXh11gWNOZh11dWNN`h11_WNNch12[WNOeh12ZWNMhh12WWNOjh11UWNNmh12QWNOPi11oVNNSi12lVNLVi16hVNIZi18cVNH^i19aVNFai1:^VNEdi1:[VNFhi19VVNGli19SVNGoi18nUNITj16kUNKVj15hUNK[j14cUNM^j13aUNLaj13^UNNcj13ZUNMhj13VUNMlj13RUNNoj12oTNNSk12jTN0Wk10gTN0[k11bTNO`k12]TNOdk11YTN0jk10RTN1Ql1NmSN2Ul1OfSN3]l1N\SN5fl1ORSN3Pm12dRN3_m1U11O3N1N2M3N2M5K3N4K5K5DZQNVOkn1d0a0G8Ga[kQ2
20220621185332Bh_2,gfTV31jP\16lneN<G2O5K003L11O1O2M1O2O1M3O10O010OO11N101O1O1O2N2N001O1OO20O1N4N4L2M1O1O01O1O1O1O100O1O2N1O1N2O1O2N1O4K2O0O2O001N10O02O0O10O01O010O0000000O0100O1O100O1000000000O010000O01001N100O10O10O10O100O1O2O0L5L4MlUUb0
20220621185332Bh_3,SgPf01`Pb01]o_O4L2L3O1O10O1O100O1O11O0O100001O00001O0001O100O1O1O20O2OO0100001N208F01N1O1O1N2N1N3M3LkWeV3
20220621185332Bh_4,adf_21fQf00Un[O:F5N1N2N2O10K4O1O1N2O2O0O1000000000001OO2O0001O000001O001OO1000O100001O0010O01000000O10000000001O001O0N3NQ[W\1
20220621185332Bh_5,_U_f11`Tf19gkYNNkn1h0J6J;G7I5K4J6L2NiNfRNMXm10PSNMml10]SNLal11fSNNVl11PTNMmk14VTNJik16[TNHak1:bTND\k1=gTNBVk1`0lTN_OQk1b0RUN]Okj1d0VUN\Ohj1e0ZUN[Odj1c0`UN^O^j1;iUNFUj1:QVNBni1=UVNBii1>ZVN_Ogi1a0[VN\Ofi1e0i23N00000000O1O10OO200O001O1O001O1O0O2O1O001O1O001N20O0100O10O00100O1O000jTNGgf18XYNJgf16YYNKff16YYNKff15[YNJef16[YNKdf15]YNKbf15_YNL_f15aYNL^f13dYNMZf13gYNNXf11iYNOVf12jYNNUf12lYNNTf12lYNNSf11nYN1Pf1OQZN2me1OSZN2le1MUZN4ie1LXZN4ge1LYZN5fe1KZZN6ee1K[ZN5de1L[ZN5de1L\ZN3ee1MZZN4fe1LZZN4fe1LZZN4ee1M[ZN3de1L^ZN4ae1JcZN5]e1KcZN5\e1KgZN3We1OkZNOUe10mZNORe11Q[NMnd14S[NKkd17V[NHid19Y[NEfd1<[[NCed1=\[NAdd1?_5000O1001O0O100O1N101O1O2N3M1NQiXP2
20220621185332Bh_6,f`Tb11UQ>`0WnC7I6J5K5LXOeQN0Wn1NRRNOlm11WRNNfm12^RNM`m11dRNOZm10iRN1Um1NmRN2Rm1LRSN3nl1KTSN5]n1O10OO101O0001O000O01O001O010O0O2Ll\_[2
20220621185332Bh_7,_\Wj24jo14M2N001N1O100K500N200O11O0O02O0001O002N1N3M2O1O10O10O00001O0010O0001O01O0001N3LgdVS1
20220621185332Bh_8,\i`X31\Pn02boSO30N0O10OO100O1000RP20noM0[Pb10do]N0ooa00_oa00iPjN1ao109OiUSb0
20220621185332Bh_9,Vagi11^QV15[nkN1O2M2L5N101O001O00001O01O01O01O2N2A`PN:ao120O100010O0O1000O10000O10O000O2O1O01O010O1O01O001O000010O1O100000O1000O100OIEjPN<To1GkPN9To1IlPN6So1KmPN4To1MkPN3Uo1MiPN4Xo1:0000O1O1O1O001000O01000O10O01O1O100000O100O010001O0O2O2M7F6K4NT^To1
20220621185332Bh_10,WabS11\Pd0`0Ro]O2O2N002O0O11O102N000O000000O1O1O1O0O2O1M3N2O1N3M2O0O2NWO[QND3=an1NhQN0Wn10QRNInm17l020N1O100O101O1O1N2N`^Ui2
20220621185332Bh_11,fjb\31no50_oe00bPVO0mUWb0
20220621185332Bh_12,R_Ri08^o1<K4M3L4M2O2N1O1O100O100O100O10000O100O1O10000000O0100000O10O10O10O010000O1O100O101O000O101O001O000O1000001N101N2O000O2O00001O0001O01O01O001O001O00010O000010O00001O010O001O00001O00001O0O101O000O101O0O1O100O2O0O1O10001N101N1O2N1O2M_Rn2MdmQM5M002M2OJ\PN1co1:L2O1O7H2O2N2M011O[OaQNH_n16cQNJ]n15eQNJ[n15eQNL[n13gQNMXn13hQNNVn12kQNNVn12iQNOWn11iQNNVn16hQNIYn17gQNHZn18eQNJYn16gQNJYn16gQNLWn14iQNKXn14iQNMVn12kQNNUn11lQNOTn10lQN1Sn1NoQN2Pn1NQRN1om1MTRN3jm1MXRN2hm1NYRN2fm1M]RN1bm1O`RN0`m10`RN1^m1OdRN1[m1NlQN1D3=OQn1MmQN=0GRn1KnQNf0I_Ofn1n000NQO`QNa0_n1_OfQN>Yn1@kQN>Tn1DmQN:Sn1ETRNMZO2bn1O[_[i2
20220621185332Bh_13,Pl\i23ko13M3N1N10001O00N11000000O2N001O001O1O010O11O0100O10000O01O1N5HVUcT1
20220626185332Bh_1,ifnj14lo11N3N002M2O001O0000001O00000000001N101O0000001O0O100000001O01O01O0000010O001O00000000000000000001O1O001O1O1O001O001O1O000010O01O01O01O00010O010O01O01O000010O01O010O10O10O010O10O10O10O10O010000O01000O10000O1000O0100O10O0100O00100O010O00100O01O10O1O01O00010O00010O01O10O10O01000O020O1O001N2O000O2N100O10000002N2N3M2M3ON001000O10O100O001000O00100O001O002N1O1O3M1O1O00001O\V_i1
20220626185332Bh_2,\fdm01RQn10jnSN6L7J1N3N002N001O1O010O1O10O001000O100O01000O10001O1O1O02N0O21N1O4L7H3N3L101N002N100O100O3N1O0O101N10O10OeNmQNj0Sn1oNURNR1im1mN\RNn0em1nNeRNl0Xn1000O1O14L1N4M0O2OO10O10001O1N100O101O0O100O10O010O1O001O1O1O001O1O000010O0001O0O2O0000000O2O0O100O1O2O000O10000ON2N3N1O2N1O2O1N2O0O2O1O01O010O10O10O10O010O010O000010O00010O01O1O1N3M4L[VSg2
20220626185332Bh_3,eZUU16io14M1O010O1O1O00O0000O1M3L5M2N3K4OO0L4O12N101M12O001N1M4000M2N2O101O100N3M3DQOeQN?4EUn1c0QRNYOnm1h0e0O2N2O1N3L3O2M3M4K5JThdg2
20220626185332Bh_4,n]XS21mP\13lneN5M2N101O1N1O3M2N2O2M2N2N100O2N1O010O01D<O1O1O10O0100O1O010O100O100O100O100001O0000000000000000N20001O02N1O00001O010O010O001O010O0000001O001O010O10O01O1O003M1O100O101N011N011N1O2O3L1O1O2N010O1O1O00[O_QNJbn14aQNK`n13bQNL_n12cQNM^n11fQNL[n13gQNJ[n13oagd1
20220626185332Bh_5,aZ[_11XQ^11encN2O00001O001O001O0000001O000000001O00000000001O001O001O001O01O0000001O001O00000010O0001O00001O0O100000O100N200O10000O0010O00001O0010O0001O1O0010O010O010O000010O01N2O01O0010O01O0O2N1001O010O01O1O1O10O10O001O1OPedX2
20220626185332Bh_6,SUWZ21`Pd01]o]O2L301O1N100000000O010O01O001O010O1O00100O0100O010O010000000000001O01O0001O01O0001O00010O0010O1N4LbjPb1
20220626185332Bh_7,R_]V11dPT16TomN3M4L3N1O1O14@`PN7ho1M00000000O1001O0000O11O0O1100N4M1OO100O10001O0000O010000002N000O1000001OO010O10O0100O010O00001O0000001O001O0000001O0001O00001O000100O001O0010O000001N100O2O0O]^Pc2
20220626185332Bh_8,ha`T11]PV20bokM0TP:1koE1O1O001O2N1O001O1O00001O3N1N0002N000O21N1O010O1O10O100O011N10O00001O0000000000000000000O101O01O0001O00001O00001O001O001O00001O000000001O01O0000001O000000000000001O001O001O1O0010O01O001O001O00001O00001O00010O000001O00010O0000010O0001O01O01O0010O01O010O000010O00010O01O01O01O00001O0000001O00001O001O001N2O]\Y_2
20220626185332Bh_9,aXWn26jo12N0000010hPNIfn16WQNOgn11WQN2hn1OUQN3kn1NoPN7Ro1:1N3M2IfPND^o1;5O010ObPNEWo1>ePNDZo1b0N00100O010M3N1A\OaQNg0]n1]O]QNg0an1a0L0OKfQNfNZn1S1=G:L5L2O2M3N2M3LRhVo0
20220626185332Bh_10,k_Xb21kPl10RoUN6K5K2N2O01O000000000O100O100000000000O100001O000000O2O0001O1O0100O1O1O1O0O3N1O2N2N001O00001O01O1O2N1O010O0010O01000O1O0010O2O2^OePN9bo10O1O10000`PNEZo1b0O0O010000O001O001N2O1O2N1O001O1O100O6I2OPQN2mn12N2SOMiQN5Wn1LfQN6Yn1LdQN6\n1JcQN7\n1KbQN5_n1L_QN5bn1K[QN6fn1b00O1O2O0O2N1O101O00010O001O001O1O001O1O10O01O1O001O1O1O1O1O010O1000O01O001O1O10O01O1N2O001O2Mo\eR1
20220626185332Bh_11,iZ_b11iPd20Vo]M0no50QPL080H0oo30QPJ0jo90ooE070YPN0`o10WP20QPN0ndRY2
20220626185332Bh_12,ZihQ11cQl41ZmUMOiPPN0`PN1ao11[PN0go131O2N[Vmf2
20220626185332Bh_13,iflj12lo10XPNOdo12]PNNbo11aPNO]o11cPN0\o10:O>0do30ooK0`oc01_P\O0O1001N100000dPN0hn10YQN0fn10ZQN0gn10XQN1gn1OZQN0fn10ZQN1Zo1001[ON[QN1Zo110O000000000O1000_o?0dPH0oXQQ2
20220626185332Bh_14,Wchi21PP2000O0000000O010oo[20QPdM0PP60PPJ000i\iR1
20220626185332Bh_15,\mZn21]P>4]oC6J3N001O002O1N10002N0003MO101O001O1O3O3K2N12M1N1N01OO2J7L4J7IaQWo0
20220626185332Bh_16,kkRX21aPn04XoSO5L3M5K4N0O100001O2M2O0001O001O0000O20O01N1O2OO01O1O01O0101OO10O01O2O1N0010O010O01N1O1O10001O\OgPNa0Yo1_OgPN504[o1MfPN2Yo10fPN1Vo1>0ElPNJTo15nPNJRo15PQNIPo18RQNEon1;;0001O001O010O1O1O03N4L010OHaPNLao11bPNNio1NWR]b1
20220714185352Th_1,_\kR27eo14M3O1O001L4N1O2N2M3N2O1N2O1N2O1O000001OO10O1O1O100N20O0001N2L4O2OO10O01O0010O01N002O1N10N3O1O2O001O0O1O000011OO1N1010O10O00001O1OO11O0000O2O0101O001O10O0O1O1000010O0000O10000100O2N2N1000O0100O2O0O1N2O10N100O101N2O000N2N3N2O1O1N2L5JShje1
20220714185352Th_2,deTl21aSj09okWO:H6K6K4M6J3M4K4M3J6IQOZRN0bm1LnRNLnl12YSNMcl11dSNMYl12lSNMQl13STNLjk13[TNKck15bTNI\k17fTNIWk17mTNHQk17RUNHmj16WUNJfj16]UNJaj15bUNK[j15hUNKUj17lUNIoi1:RVNG`i1d0bVN\O[i1f0gVNXOXi1h0jVNXOUi1g0mVNXOTi1e0PWNYOPi1d0TWN\Olh1>ZWNBeh1;_WNEah17cWNI]h16dWNJ\h15dWNMZh14fWNLZh14fWNLZh14fWNKZh15gWNLXh14jWNJVh16kWNHVh17mWNFSh1:k3O00000001OO100000000O1M`Y[o0
20220714185352Th_3,Pod`24jo16L2N10O100O0000100O000001O002N1O2O0O001O00O101N100N3N1N2O1N2N2Nco=1]PB1O100O1O1O1O1O1O001O1O1O100O0000010O1O0001O00100O1O100000000001O000O10O0100O1000O10O100000O1N2O010O010O01O01O1O100O1O1O101NTRmX1
20220714185352Th_4,Panm11_QV24jniM1Ro1a0N3M2N1O2N1O1O0O2O10O00010O01O1O1O001O1O001O000010O0001O010O010O001O01O01O000000010O01O010O01O000010O00010O10O01O011OO010O0001O001O011N1O1O1O1O010O00100O1000O01O1O100O001000O1O010O010O1O01000O10000O2O00O10000O10O0100O10000O10000000000000000000O11O100O1O0001O01O000100O1O1N3N2O1O1O00N3N001O001O100O2O1N3N0O101NTQNZO^n1g0_QNZObn1f0\QN[Oen1d0YQN_Ogn1`0YQNAgn1`0WQN@jn1?WQN_Oln1?XQN\Okn1c0:O1O1O001N1O1O4HmXSe1
20220714185352Th_5,RVQk01RRf07em[O5K3L2N2N110N10000O1O1O100O1O101M201N0010N2N2GPQNARo1;;N2000000001O0001O1M20001O01O1O1N10100O10O2O1O2N2M[iTQ3
20220714185352Th_6,eX`X11nRT13nlmN3L2O0O2N1O2O000O100O0O2O1N10001M2N3N0100100O100O001O010O1O0M4N1O2O000O101O1O000O0010O1@_QNAbn1=a0N200000100O01O1N2O1N2O001O1M3M3OO2O1O0O3N1N2N101O10O010OO3N1O1O101N1O3K4LffUa2
20220714185352Th_7,m]mU21gUd37Pj]L3L4M2O0O4L3N2N1O00001N100O2O0O1O100O1000000O11O0O1O100O1O1O0O2O0O2O1N1L5O0010O010O1O010N2O10O01O1N101O0010OO11O0010O1O010O10O010O01OO20N020O0100O01000000000O100O1000O100O100O101O000O101O0O01000O010000000O0100000O010000O100O10O100000O10O0100O1N2O1N2O1O1O1O001O0010O00010OO20O001O00001N1100O00100O100O1000O01O01O010N110AA[QN`0en1BYQN?en1EWQN;jn1GTQN:kn1HSQN8ln1>010O01O001O1N110O100O01000O010O01N2O1N101N2O10O01O1N110O001O1O010O1O10O01O1O000001O00010O1O1O1O010O1O1O001O1O010N110O001O001O001O010OO100000000N200O101O001O0O2O1L3H9N2N2O2K4Mm`dV1
20220714185352Th_8,e]Q`11dT^23VkcM5M0O2N100O1O100O1O1N2O1O1O1O1N2O10O0100O1O1O1O001O10O01O001O010O00000000O2N1O2N1N2000O2O00O2O0O1010O01O1O010O10O010O001O0N3O10O1000000O10O010O01O01O100O010O01O100O001O1O2O0O01O0010O01O0000O101O00000001O001O000O1000O10000000O2O000000010O01O00O100001O100O1O1O1O2M2N2N2O1O010O01O1O0010O01O001N1O2O0O2O001O00100O0010O010O010000O010000O100O1O010N2N2O1O100N2O1O100N3N2N\aRR2
20220714185352Th_9,Z^X[11VQ`34dnaL2N3M4M1O1O1O1O00100O10O010000000000001N2O1OO10O0100O0010O000100O02OO1001O000O11OO10O0100O002OO01O11O00O2OO1001N00100O1O1O1O1O1O2M1000YP`02co_O4N4K2O1N3dPNASo1?lPNCSo1e0010O0010O01O100O001O1O000000001O00000000001O0010O00010O01O10O01O01O010O1O101N001O2OO0002N010O100O002N010O1O10O0001O1O001O0010O0001O000001O00001N10001O001O00000010O000000001O001O00001O001O000001O0000000000000000000000001O01O00000000001O001O00010O00001O001N1000000000000O10O100000000000000000O10000000000001O0000000000010O00001O1O001O00010O001O001O1O001O1O0O101N1000001O00001O00001O001O1O1@jPN4Yo1HoPN1\\ko1
20220714185352Th_10,_fX^24ko15K100O100O1000000001N1000000O11O00010O01O100O010O1000O1000000O110OO011O01N110O1O001O3NO2N3L2MdXg^1
20220714185352Th_11,R[Sj23ko13O0O1O1O100O10O01K401O001O001O001O0O1O20O01N1M2TOYO\RN0^Oi0Tn1YOmQNb0L\O2c0Vn1;lQNCTn1>kQN@Wn1?jQN_OXn1>mQN_OSn1a0oQN^OPn1b0URNYOlm1f0f001O10000N2N3K4O101N1O100000O101O010O1O010O1OHdPNL^o13700100000O1000010O00001O010O00101NggVQ1
20220714185352Th_12,Z^Xm21cP`11ZoaN1O2N10001O0O10001O01OO100000000O100O101O0O2O1O0000000000010O0001O00001O0000001O01O000001O01O000001O01O000001O010O00010O000010O100O00001O01O010O1O0003N0O2mPNAan1`0]QNBbn1`0[QNAfn1?XQNCgn1>WQNCjn1>SQNDln1h00000000000O101N100000001O0000@[QNDfn1;<\OlPNd0Qo170O1O00000O01O1001O1O101O0O2N101M6K4Mo`gi0
20220714185352Th_13,ge^P14ko14N1N2N101O10O05LO0O100O2N1N1010OO20O10O01O101O0000O1O001O1000O2O001N10O1O1N7IWYQm2
20220714185352Th_14,Vk\o21gPl02UoUO3D<M2O1O1O001O10003N08I03LOO101N1O01O001O10O@jPN6Xo1GlPN6_o11O010O001001OO00001O01O001N100000000000000O10000O1000000000O00001O01O1O1OYSkk0
20220714185352Th_15,ddP_21_PP13\oQO2O1N2O00000001O001O010O10O10O10O0100O0100O10O01O100O10O01O101N1O100000O2O1O0O100001OO11O01O100N11O1O02NO10O01O010O1O10O100O01000O0100O02OO1001N1O10O1000O1O0O2O1N1OTYiZ1
20220714185352Th_16,[ink21[Ph01goG5loAM010O0O1O1O^Pl10XoUN1YPN0WPNOco11ZPNOho12]USP1
20220714185352Th_17,Tel_24ko12NL[PN0do1O^PN1ao1O`PN1ho1OF0dPN1[o1OePN1[o1OePN0`o=0hP`00_oSO000VZQ^1
20220714185352Th_18,hh`n01UP>1hoC2O000010O01O1O0010O1001N2O000001O000O2O01O2M1O01O1O1O1O1MaVUo2
20220714185352Th_19,o^n]11`Pj00]oWO1ZPNO^o11800100000000ePNNin11c010O10fP2O[oM000VP`00ZPT10`o[N0o^k]2
20220714185352Th_20,oY_i21RQ`01knA2NNXPNOfo30\P80edPU1
20220728185352Th_1,n]Ri21mQh12mmYN4K5M2O2L3OLfPNDYo1<41M4N10001O0000K5O110N2O001O0010O001O1N11O0O11OO20O01O01O01O001000000000O10000O1000000000000001O000000000000000100O02O3L1O5K2NYP4OgoK1O3N001O1O1O2N3M1O001O01O01O000000010O01O001O1O001O001O000001O01O`PNHXo18gPNIZo17dPNK[o15ePNM4Kmn1d0nPN_ORo1g0011OO10O1O1O000O2O0000001N1000000O1000001N20O01O000O2O0N3C_PN7fo100O103JQ`Sl0
20220728185352Th_2,Sago27fo14M6K3M1O2N2O2M1M3N3M2O1O1O1N2O010N110O000001N1N2N2N2O1H6100100O1N2N1O100010OO2100O1O1L4M2O01O1N3L20110O0001O01O000M4M2O101N1010O0010O1O010O10O01OO2O0010O100O1000O1O1O01000O001O010O10O00010O001O1O1O100O2N1Okahi0
20220728185352Th_3,dc[_21dPj02`oUONdo1:`PNHQo1e0M:LMO0N2O010O0O2O01000012M5K001O001O00O002N1O101O1O00010O01O1O1N0100O010O1002N1ONVOoPNh0Po15HUOZQNl0dn19O0100N2O2L3O2N1N3N1O3L3M3N5G9Je[n[1
20220728185352Th_4,^[ib232Nfo18N10O010000O2O000O100O1N2O1O1O1O0000O2N1N2N2000001N101O001O1N4KYeT[1
20220728185352Th_5,dmd=1eQb01Tn_O7M2DFgPN15<Ro1JiPN7Wo1:N100O10000O1O10O002OO2OO1O1N2N20O10O001O0100O0N3N2OLoPNZOnn1i0300100001O1O0O2M5K4@]RS_3
