filament_id,segmentation_rle
20110120105534Ch_1,ffPP21^ST15[lmN1O1O1O001N100001N0001O010O10000J6N2J6O1O010N2M300N111L4M3O1GjNgQNQ1NnNim11dRN2Ac07]Ojm11PRNO3i0Zn1AfQN=[n1DcQN=]n1c00O1O1N2M300O1O2O0O0O1N30000YOTQN:ln1FTQN:ln1GSQN9mn1=1QOTQNg0mn1YOUQN1M>nn1@WQN0L`0[o110HdPNJ\o14iPNIXo14;O2NVXmj1
20110120105534Ch_2,T`^h21ePX11XoiN2O1FMdPN4[o1NdPN2\o1ObPN3]o19O1bPN@Zo1;gPNJWo17jPNJTo16lPNLRo16mPNJSo16oPNDTo1=lPN@Vo1a05O01001N1O1O10O01O10O002N0001OaPND[o1<dPNC]o1>3002NO0101I6O001010O01OO1O1O1]OhPN;`o1O0O1000OO2O10100O010O12M10000000O100O0100N20O01O010O01O0O1010O0001O0O1O100O100000001O1O0000000O101O2MV^UP1
20110130110334Ch_1,l_Te23jo14ZPNJ_o1>M101O1iPNBjn1?RQNEmn1h000O000000103L3M2N10iN[QNR1jn13L100O11O0011O0O00000012fNYQNT1jn100010OO11N2O2N000\QNkN^n1_1NM1O2M3N4L1O1O001O001O1N2O1O3N00000O001O102N00N10100O0002O0O2N1000O00001O02N1O1O1O1O0010O010O010O01O010O010O1O001O100O1O02O1N1O100O1O01O1O0O1000O100000100O1O010O010O01O2OO01O001O00O2O002N12O2L010O010O001O1N1O2M3Nd\eQ1
20110130110334Ch_2,fnRg24lo12N001O00100O1001N1O01O000001O000001O10O010000000O100NnPUW1
20110214175414Mh_1,WXgf21^Qh0<SnYO8J0O2N2O0O1O1O0O1O1O10N20O1O101O000001N1000O0100N3K4O2N101M210O1O010O001000000O10000O1O01O01O100O10000O1O2N3L]gPU1
20110214175414Mh_2,U]b[2<ao14N2M3M2M4O0O2O0O1SOTOfRNm0Wm1WOgRNi0Wm1ZOhRNf0Wm1^OeRNd0Zm1AaRN?^m1D`RN<`m1EWRN]O0P1hm1KVRN7im1P101O0OZO\RNROdm1m0_RNRO`m1n0cRNoN]m1P1gRNmNXm1T1jRNjNVm1U1kRNlNTm1R1oRNmNPm1S1SSNkNml1R1VSNnNjl1Q1YSNiNjl1W1P100001O0000C[QN@dn1<fQN^OZn1b0hQN[Ocn1:_QNDen19c0N4Kmcea1
20110214175414Mh_3,hY_g2:do17J3M2N1O2N1O1O0O0O4M00O110001O0O10001O000001O0O2O0J7M2O2O1O0O2O001O010O1O010O010000O010O1000O010O10000O10000O100O2O0O2O0000O10010O0000000000O100000000001O01O01O0010O01O01O01O00100O00010O010O02N2O0O1O000010O1N2O0000000O1000O100O1N2OUgVQ1
20110214175414Mh_4,V]^[2:eo12J6M3M201M3O0O2O0ROVOfRNk0Xm1YOdRNh0[m1_O_RNa0`m1A_RN`0_m1B`RN>`m1KVRN7hm1KWRN5im1LURN6jm1Q1O0O101O000000YO[RNTOcm1l0_RNSOam1l0bRNSO]m1m0dRNRO\m1n0fRNPOZm1o0kRNmNUm1S1lRNlNTm1S1nRNlNRm1T1oRNkNQm1U1PSNjNPm1V1PSNjNPm1V1QSNhNPm1X1l00001O1O1O2WOaQNM`n11bQNM`n12cQNK^n13eQNH_n16g0NfQd3L_n[L0O2O1O001O1O00010O00011N0001O0001O0O10000000000000010O00010O1O01002dPNDnn1<QQNFnn1;PQNGPo19nPNHSo17mPNJRo17mPNITo15mPNLSo13mPNMSo13mPNNTo10lPN0Uo1OkPN2Uo1MkPN3Vo1LiPN6Vo1JjPN6Wo1IiPN8Wo1GhPN:Xo1GgPN9Zo1FfPN:[o151O002N1O000000001O000001O00010O00001O01O0001O10O010O0100O00100O00100O001000O0100O000100O010\OePNa0]o1000O101O00000000000001O00010O000010O0001O01O01O1O01000000O011O0O100O0100O01O010O00010O0001O00001O00001O1O001O1O001O1O1O2M2O1O2L[`eS1
20110214175414Mh_5,hSeX25jo12O1O001O1O001O100O0O10001O1O1O0012N1N1O2O0O1O010O001N2O002Mkk\e1
20110214175414Mh_6,a^dd22mo12N2O0O2O001O1O002N00000O100O10O1O10000000000001O00001O01O01O000010O010O010O0010O10O0100O01000O01000O100O10O010O010O00000000O100000001O00000000010O000010O001O010O1O1O100O010O10O0cPNCXo1=fPNEYo1b00O01O01O010O00001O001O001O0000001O00001O00001O00100O2N2N1O1O1NZ`eS1
20110329082654Uh_1,eWeU1?_o17J6jPN_Ocn1Q1N2N3L3L4M3L4L4K5M2N2M2O0O10001OWOfRNnNXm1d0jRNmN5:Qm1i0bSNjNel1Z1n04M1OO0XOiQNIWn15mQNHTn15RRNGnm16YRNCkm1<l001N2N101N2O1O100O0100000O^ibg2
20110329082654Uh_2,oanX11[PV12aokN2O1O1O1O1O1O1O00010O02OO010O01O01O010O0010O010O01000O010O100O10O011O0O10O10O10O10O10001N10O00010O01O0000100O000010O1O01O10O100O2O0O1O10O001O000001O1O010O01O0001O001O0000004K[\[`2
20110329082654Uh_3,R\k_11gPl07PoUO2M4N0O2O1N2M200O101N3oPNWOfn1m034M3M1O101O0001O5L1N1O100O1O011N2O2L3N0AgPN7Yo1IhPN5Yo1KgPN5Yo1KgPN5Yo1KgPN5Yo1KgPN6Xo1IjPN6Vo1FhPNO4;^o100000000001O01N100000001O00001O00000O101N100O2N1OabV[2
20110329082654Uh_4,P_^R21cPb01Yo_O2O3N3M200O01N100O1000O1O100O000000000O2O000O1O1N1O2001CcPN6\o1GjPN7`o1O0100O101O3mPNHB3Wn16oQN>om1CiQNh0Sn1d0O0O1000O1fNXRN:km1XOaRNe0^n1N3H:If^oi1
20110329082654Uh_5,Zld\24ho15M3O0O2O1O4L1O01O001N10001O1N11O1O1O0010O10O0001O0000O102M2O5J1000001003L3NO101N101N2N4L5L1N0010O2O2M1O01XQNSO\n1m0aQNVO_n1U11O000O1O2N101YOXQN1Ro1CcS[_1
20110329082654Uh_6,W_dn05jo12M3N1O2N1O10O0100O10O100O010O1O1O100O010O10O010O10O01O0010O010O1O01O01O010O1O010O10O0100O100000O1000000O10O100O01000O10000O10O100O010000O100O10O10000O01000O10O1000O101N01000O10O0100O010O010O010O010000O1000O101O00001N10001O001O1O1O000001O0O1O2EaPN2_agi2
20110329082654Uh_7,YVaa21fQX13TniN3N2N2O1N101O0O101O00001O1004MOO010O01N2O000O2O1000O00000000O100O100O01000O001O0O2H[OTQNe0ln1]OQQN92Kln19WQNFin19ZQNEfn1;\QNBen1>>1N1001O01O00OO2001O010O10O010O00010O001O100O100O01O01000O001O1N200O100O10000O100O1O10000001O003M0002J5M3M4LUijV1
20110329082654Uh_8,dUPb11kPf02mn[O7M3M4M6I3N2M4M;D2O00002O3L1000O6K0O4M1N2O1O012OOO100O001N1O1O1O001N2O101N2O0O1O1O10000007J00O2L3N2M2N5IjgoY2
20110329082654Uh_9,Yejb14lo11N2O1N101O0000O101O1O010O001O0001N10001O0001O0001O0001O0000000000O100000O0100O010O100O0010O00000O10O100001O1O0O3M2MU[_Y2
20110329082654Uh_10,g_^W11[Qj02anWO2N001O10O0100O010O0010O000000000001OO11O0000O20O0000001O1O010O0010O01O10O10O1001O0O011O1O0000O101N1O100O01F]PN6do13O10O01O0001N4LQ`ic2
20110329082654Uh_11,lQkU22mo13M2O1N2O00001O2OO010001O1O2O0N2O002O1M2N1O1O101N110O10O1O010YOnPN=\o1O1O00002NZQNBim1?TRNCkm1>TRNBmm1>RRNBnm1?QRNBPn1<oQNFQn1:nQNGSn18lQNHUn19cQNL_n16YQNOhn1d01O1N3M2O1N3M3N1O1O1O1001O1N100000O2O2N2L3M3Lhkje1
20110329082654Uh_12,RVca21mQX13mmiN4M2O1N101gQNEkl1;USNFjl1:VSNGil1:VSNGil19XSNGgl19YSNGgl1:XSNGil18VSNHll18QSNIPm17oRNIQm18mRNITm16kRNKUm17hRNJXm17gRNIYm18eRNH[m1b0[RN_Oem1b0ZRN_Oem1`0\RN@dm1`0\RNAdm1=]RNDbm1<^RNDbm1;_RNDbm1:`RNF`m19aRNG_m19aRNH^m18aRNI^m18aRNI_m16aRNK_m15aRNK_m14aRNM^m14bRNL^m13bRNM^m14bRNL]m14dRNK[m16fRNJXm18hRNFRm1EZRNe0f0DPm1d0QSNYOol1h0SSNTOPm1k0Q1CWQNEjn1;XQNAkn1>VQN@kn1`0:00001O01OO0100001O10O0010O01O0001O011N100O10O0010O0100O1N2O1O1O1O100000000O1O1O100001O001O1O11N1K4N3NUilV1
20110408083214Th_1,mc`a21cUj14WjWN2N2O1O002OO01O010O2N1N2M3L3N3N2M201N3N1N2N3M2N2O1N3N3M1O2N0011014LM1O10O1N2lQNXNnm1n1N3N00O100010O01N1O2M2O1O1EkQNiNVn1V1mQNfNVn1Y19O010O001O1oN]QNd0dn1[O]QNd0en1[O[QNd0gn1VO\QNl0ln1OTNUOeTNk0Yk1XOfTNg0Yk1[OhTNc0Xk1^OiTN?Wk1C^TNKeN`0ml1G]TNKeN=ll1K]TNKfN6]l1CjSNb0R1FfN1`l1j0iTNDWk1=hTNCYk1=fTNDYk1<fTNFYk1;`TNK`k15_TNJbk18\TNHek19ZTNEik1;VTNDkk1=STNDnk1<PTNEPl1<nSNERl1<lSNETl1=iSNCXl1`0dSNA[l1f0^SN\O`l1R2L4M3J6O0O3OO100O11O00O101N2M3J6TM_SNJOk1kl1VN\SNH3i1gl1WNnSNb1]m1K5J:G6H6F801N4LmX]U1
20110408083214Th_2,[`n\1?_o14M3L5L3L3M4M[O[QN2cn1KcQN4[n1JjQN5Sn1KPRN5om1JSRN6lm1HWRN8hm1G[RN8dm1G^RN9`m1GcRN:Ym1FjRN<Qm1ETSN8il1IXSN7fl1I\SN7bl1JbSN3[l1NfSN2Zl1MfSN4Yl1MfSN2\l1MdSN4\l1KeSN3]l1KeSN1al1KVbYa2
20110408083214Th_3,\kTk08co1a0_Ob0@4L3M3M5L3L4K4N2NWO]RNYO_m1h0hRNSOVm1l0SSNoNjl1Q1[SNjNdl1W1R1M5L2I7NI81ON210O0101N2M4N2N2N2M2N10001O01N1O1O3L3M4M2M3N2000N2O2O001N1O1O2O2M2O1O2N2O2M2N3L3KZXmP3
20110408083214Th_4,VkhW37ho13L7H4L4J7K5J9H4H9I5M3N3L30O100O2N2M5E?D8J7L8H4L;^OSUcf0
20110408083214Th_5,PfZW21`P<3VoE8J3O20001O0001O0O2O1N101N3OO01O10O000010O1O10O0100O2N\Yaf1
20110408083214Th_6,[ihn13lo13M4M2N2_PNFYo1a0O103L4N121L0O2cQNROcm1T1TRNoNlm1LmQNQ12TO]n1j0_QNXOen1o01O3M5K2N4L2M2O1O1N10000001000O1O6JkTSo1
20110408083214Th_7,`cnW31iPb03Po_O7K5L3N2M3O0O010N2O3M100100O2O10O2N001O1OO2N101N1N02NYOlPNc0Yo1O2M2O2OO6K01N1O00100O1O001O1M5InXgd0
20110408083214Th_8,]UU\11XST13_lmN6N2N10OO2O0O1O00001O1O1N2N12N101N01N03N0O2N2O010O1001OO10001O0000010O01O1O001O10O0001O00O20N0101N2O00O2O010O10O01O01O001O01O1O0000O010O1O00100O10000N3O2LQjj]2
20110408083214Th_9,^hnm11eP`06RoA4M4L2N6K1O010jPNYOSo1e0lPN^OUo1e02O01O3M2O1O4OMgQNSO\m1o0_RNTOam1S1VRNnNkm1MnQNQ11SO^n1j0^QNYOfn1n01O3M5K2O2M3L2N2N2O000000010O2O2L;DfTSo1
20110408083214Th_10,o]PR21ePR14^omN1\o1=M2N2O1O1O2N010O3N2M101O02N3M1O1O000010O000O1O1O001O01O00010O01001N1N4M102N000O01O10000000O010O02O0O10O10O10O010O1O1O1O101O1O1O1N101N10O01O2N1N3M]_Yh1
20110408083214Th_11,dTgU11gW^23ogcM6M3M3L4L3N3O1N200OO2O0O101O1O000N200000O100O011N10O2O1O1O1O100O100000O10O1O010O10OO1O00011O00N2O101O0O10010OO1001O0O100O100N2000001OO2O1N101M8Afo92`PF5J5J4DAVQN>gn1IUQN6kn1`00O100ATQNLin16XQNHin18XQNGgn1:[QNDdn1=^QN@bn1a0=N11O1010O1O011N1O1O1L4O10O010N1101OO02O00010O1O01O001O1O00010N11O00001OO02O01O00001O001O1O0O11O01O010O01O001O1O0O2N011N1O1O10001Nnin]2
20110408083214Th_12,Wd`X38fo15M5K2N2O3N0O00100O2M201O02N2010N1O0O2000N100O2N1O00OXOlPNc0Zo1O1O2M3M2O1O2N1M[YWe0
20110424064534Lh_1,Y]Yl0:do16L1O2N2N3M1O1O1O1O100O1003M6J101M2O00001O001O001O0000000O10000O10O01O1000O100O100000O010O01000O0010O0010O00010O001O001N2O1O1NRafo2
20110424064534Lh_2,cjbl1182Yo1>M3M2O1N2O1O1O00=C4L101N1O2O0O2O1N5L3MO001O1O2M5L1O001O010O001O001O0O100O1O2N1O2N1N4M2N2N100O2N101O10O1O1O001O010O1O0001O0O1001O10O001O0012M;F1N2O0O1003N\QNjN\n1^1O1N100O0010O10O01N101O1N2O1RO_QN8fn1DaQNHPo14a0MlS]m1
20110424064534Lh_3,g]ng01QQj09anWO7L4M4L6J204KN30O2N5K3N10L6J3N20XQNTOYn1a1J8Hj0]OI2N3kM]RNf1gm1SNYRNP2km110O110O1OO3M2N01N5L2M2N2_N\RNb0gm1UOaRNi0^n1L4M1N2O001O101O1N10000O2OO0010O1O1N2NQ]eS3
20110424064534Lh_4,S^VV11dQ\18RneN2M3L4L3N101O00010O001XQNAom1?oQNDom1?fQNJ[n1o0N1O2O2M5K3M2N2OeN]RN9am1DdRN:\m1EgRN:Xm1EkRN<AROZm1`0\SNd0al1[OcSNc0]l1XOkSNd0Ul1WOPTNi0Pl1TORTNm0am1O2N0010O2N101N2M2O2N1O100O1OWO`QN4`n1HcQN9[n1FgQN;Xn1DiQN=Vn1BjQN?Vn1@kQN`0Un1_OmQN`0Sn1^OoQNa0Rn1]ORRNa0gn100000001O1O2N0000001000O02OO10000000O001O100O0O11N10O02O1O10O2N1O1N2N001O1O0010O001O1O000O2O01O0100O02OO1O0O100001N3Mj[[a2
20110424064534Lh_5,R`hW11kPR16nnoN4L4M1O001O0aPNLPo1d0O0O01O100O1O10O2N101N2N2N1O1O0010YOZQN3en1K^QN6`n1HbQN:]n1EeQN<Xn1DiQN=Vn1BkQN>Tn1BnQN=Rn1BoQN>Qn1@RRN>om1@SRN`0hn1O001OO11O1O1O1O1O01O1O00010000000O0100O1O1O1O00000001N101000O1O2N0O1O1O001O1O01O010O001O00000100O100O100O1O2Me[ca2
20110424064534Lh_6,iWSg11PUn03ejSO9L3M3N1O1O10000O100O1O1O1O1N2O10O10O1O1O1O1O2M2N2O1N100O100O0O11O00O11O0O101M200O1000000O2ON3VNoNfTNQ1Zk1ROcTNn0^k1VO]TNj0dk1XOYTNh0ik1XOTTNe0Ql1]OlSN?Zl1BaSN=dl1DXSN;ll1ESSN8Rm1HkRN7Xm1JdRN6`m1K[RN5im1o02N2N3L5D=H7JdfhS2
20110424064534Lh_7,SXgd11nTZ13ljgN5L3N001O001O001O0001O0000010N0100O01O0000O102O0O010O10N1O11O001O1N1O2O1O100O100O1O100O1O1O1O1O100O001O1O1O1N3M2N101O000O010N3N010ON021O1N101O0O1O10000O100O1100O10000bNlNQTNT1ok1oNlSNP1Xl1SObSNh0fl1ZOWSNc0ml1_OQSN>Sm1CiRN=Ym1DfRN;]m1E`RN:cm1MoQN8Rn1k02M3M3H;B<IdfhS2
20110424064534Lh_8,bfV=1oQ>`0TmC=G9L3M4L4L7I6L7I5K7Ie0\O4M0O2O1OlLoSNZ2nl10N01M3N2M1O3L4L9Fb0]N\QNe0bo1\OcUc`3
20110424064534Lh_9,mXQg01UQb10hn_N5L2Nb0_O3M2N3M2O2N:F1O0O01N102N3M3M4K3O0O10VQNVO^n1j0]QN\Ocn1Q12N7I1O020POTQNj0on102N2O0N2O0O3N0O100O01N2O1O00001003L100L5M1O200O11^PNH42gn1>WQNDin1i0100O1O2N101O01O0O2N1O100O10000001O3M9G2N002N01O010O01O001O1OO010000O10O01O10000O10O001000O1O10O010O100O010O01O0010O1O01O00001O1N2O1N3LRafo2
20110424064534Lh_10,k`_Q21YP83aoI4N1N2O3L4M2N1O2O0O2OO10O10O003\OhPN:ao1N4J]^Rm1
20110429120534Ch_1,PeTS21lo17K2N2O1O101O10O1O10OO201O00O10O10O100O1O0O2OO100000010O001OO11O001O001O01O00101N1O1O100N4J5N5J1001N100O2O2N3M1N2O001N2O1N101N011N00100O01O101N001O001N2M2010O1O3M9EVXeg1
20110429120534Ch_2,`_fm21mPV11knkN:K5`PNCTo1g0N2N1O1O1N2O0001O0O2N1O101O000O200O10O102N100O2N1N1002M1N2O1O1O1O0010O1000O10O2O2N1N102OOO011N101N101N2N3M2N1O25KO1O000O1O1001O009G1O1O1O105J001OO0101N4L002N002M2M3LV]gk0
20110429120534Ch_3,PZY]21`Th01[kYO7J3N100001N1010N2O0O2N2O0O10000O100[O@iQNa0Un1EfQN;[n1J_QN8_n1e0N1MmNaQNm0^n1SOeQNk0`n1RO^QNn0bn181O00O10N1O2K4MdMVOgUNm0Wj1]OaTNHCQ1kk1\OnSNAMo1Ul1]12N2O3M:G3VOVSNVNnl1a1YSN^Nil1`0TSNC8Lhl1;TSND80fl18WTNFlk18UTNEok18STNFTl12Q2Jkcf^1
20110429120534Ch_4,\cn[21XPf01eo[O4M2N3M3M5K00O01000N2O1101N103L02M2O1O1O002N2N1O100O1O001O01O0O2O01O000000001O001O010000O1O1O00001O10O10O01N3M3N1N2O`[e_1
20110429120534Ch_5,[d\72_93hFe0`13bNTOglk2>]RVM7I6J5M3L5K4M3M2N200N101N101000O1N2N100O0100001O1N2O0N3M2N1N3N2O0O101O0O11OO12O1N110O0100O100000O1O1O2M2O1O1O1O010O10O0O2M2F:L401N10001N11O0O2O0O10O01O01O2O000001N10100O0O002N10O0100O101O10O01000O2O2M2O0O01O0000O2M3N3J6K6J^o39\PL4K3GFQQN3in10_QNHan1;<7G`0C7I6K4M2O02OOO2O001000O2O0O101N1N2L4K5K5M4L3M4K4N3L3M4MPO\SNiNcl1T1fSNgNXl1X1nSNeNPl1[1UTNcNik1\1\TN`Ndk1a1aTNWNak1i1Z100O1E;O2N2O100N3M2G:N2M3O2L5E;IdYoZ3
20110429120534Ch_6,lija0450Wo1c0H7I9K2N2L4N1O1O002N1O1O1O0O2N101O0J6K6L3M3M4J6I7L4KROZSNlNdl1R1bSNlNYl1V1lSNgNPl1\1TTNbNhk1^1]TN`Nck1_1`TN`N_k1_1dTN_N[k1b1gTN]NWk1c1oTNXNPk1[1PTN`NT10lj1^1hUN]NZj1b1Q211O1O0O2M3M2F:01N2O1N5@SQNCSo1:;N3LaYiZ3
20110429120534Ch_7,_Vad11TR>7cmC2N1O2O0000O100OO2L3N2N3K5I6O2M1N2OM3I72OO1N0N5G9O2M3M5LSiVY2
20110429120534Ch_8,cbXQ21QQT16gnmN2O3O01ON204L0O1O00O01mPNCbn1>YQNGfn1j01O001oNRQNl0So1O10O11WOoPN>]o1M2N1O1O2O01N10O10O100O1O0O2O00O1000010O1O0000001O001O000001O2O000N200O1N3L4L7K10O00000O2O2N2M4M000O2O1N101N2N1O100O010O01O2N1O10O01O1N1O2O10O1O9FWXgg1
20110429120534Ch_9,hdbm21UQT13fnmN2N3N1O1N10001O0O10001O1OEbPN6]o1GfPN8bo100001N1O1O1O01O00001N2N10001O00000000O1N2O1O100O100O11N100O2O001O000O100OO1001O01O1O01O00010O01O0LI`PN7Xo1=O1O001O01N1O2L4G80O100010O01000O1O101O1O3JlZkk0
20110429120534Ch_10,hbbf25ko16J3M2N101O0000O4M4M0O2NO10000O1O1O100O1O01000000E]PN7do1H\PN9`o1H`PN;_o14O1O001O0001O010O1O1O100O4L1O1O01O0000000O010O100001O00001O01O000001O00001O010O1O1O10O01N10n[iT1
20110429120534Ch_11,gfbP11hP>4QoC7I4L30102M2O02N00O0011O000O1O19F5J:G6K41:BM3O:D6Id0]O6J2M4IPVSm2
20110429120534Ch_12,_Yil01dQh01VnYO5N100O100O1O0O1O2N200O010N101O1O1O100000O10O1O1000O01N200O1N001O2O1N2N2O0100O1M3O1O01O1O1O101O0O11M3O9G11O0010N6J2O1N2O0O3L3MWe^n2
20110429120534Ch_13,jed^17ho12M3O0O2N2O001O010O00000O2O001O01O0_OePN>eo1J1N01000000000O100000O010O101O:E101O0000010iPN@kn1k00TOSQNc0mn1\OTQNc0Vo1N6I4LlX]^2
20110429120534Ch_14,lef^15io13N2N2N2N10001O001O001N100O2O000OAgPN:Xo1ElPNMM8Wo1HTQN6[o11000000O11N10000O0100O101[PNH_o1d0H010000O1O2M2EbPN2_o1LcPN1_o1NcPN0hXe^2
20110429120534Ch_15,SYSj01`S\12\leN2H601N200O2N1B>O0JTOXQNn0hn1410001O1mNYQNk0So1K00000O0100M2C^O]QNc0bn1@\QN?en1BZQN=hn1CYQN;an1\O^QN:1:_n1N_QNA19]n1<aQNZO75Wn1a0dQNYO65Un1c0RRN[Onm1f0SRNYOmm1f0URNXOkm1h0VRNWOkm1i0f000JlPN_OUo1?7N1O01NO3100O100O0O2O00010O1000000O011N2OO01O1O001M101O101N2N200O01O2L3N110O01O2N2N100000O3N7I2O1O001N5L3L1O100O1O3MXe^n2
20110529063154Uh_1,Ucm`11no12O1N3N0O3N1O1N101O1N101O001O1O1O1O010O1O10001N102M100O10000O10000O100O1000O10000O100000000000O0100O000100O00001O00001O000O2O1O00001O10O01O1O10O02O0O010O10O20O000010O03M00O010O01000O010O100O100O00100O010O2O0O10O0100O10O10O010O10O0100O002O1N1O1O100O010O1O001O10O01O100O010O10O01O10O001O001O0O2O1O0O2O001O0O2O1O000O2O00001N11O0001O01O1O001O00010O001O001O1O100O1O1O010O00001O00001O000000000O10000O1000001N10001N10001O0O2O0L5N2OPZhQ2
20110529063154Uh_2,nbni15io13O0O2O1N3N2N1O1O0O2O001N101N1O1O100O10000O10000O10O10O010O001O001O10O010O1000O0100O1000O0100O100O1000000O1O1O1GmPNDUo12hPNOY]_R2
20110529063154Uh_3,b`c]21no15K4M1O0O101N101N101O001N101O001O1O001O0001O00000001O01O01O010O1O01O0010O0001O0001O0000000000000000000000000O001I\OQQNd0Po16O00001O0100O01000O1000001O0O2O000O101N1000000O100O0100O0100O010O10O01O100O010O1O100O1O100O0O3N2N3Ml_d[1
20110529063154Uh_4,[ccT23ko15K6I5M4M1O1O2N1N3N001O1O01O00001O000O101O000000001O000000000O10O1O100FYOZQNh0en1:N20O01O1O10O01O1O10OM4N1N201O1O10O0100000O10O10O1000000O100O2GgQNiNYn1V19M3K5L4N2N2O1O1O2O0O10000O10O10O10000O10000O010O1O1O0010O01O010N110N110O01O10O01000O1000O1O100O001O1O00100O001OO11O001O1O010O010000O001000O0\O^OlQNa0Tn1AjQN?Vn1EgQN:Zn1GdQN8]n1J`QN7an1I^QN8bn1I\QN7dn1c00O010O10O0100N2O0I8000000000RQNUOgn1k0YQNUOgn1m0VQNTOjn1Q1000O1O1000001O00000O110O000010O011N1O1O01O0000000O100O100O100O010O1000N101M210O1O001O10O10O0100O1O100O100O101N100O1O1O100O001000O010O01O10O0100O010O010O1O10O01O1O10O0100O100O4L2N2N2L4Ml_Z[1
20110529063154Uh_5,eiVV342Mfo18O001N10001O00000O10001O001O1O0000001O000000000000000000O1000000O100O1N2M30O10O100001O001O0001O01O01O1O001O0000001O000000001O00000000001N1000XVYe0
20110529063154Uh_6,]i^U31XPf00fo[O3M5L1N1000001N1000000000001O001O00001O0000000000000000000000O101N1O001M3O100O010O1000000001O000001O1O1N]Vaf0
20110531070514Th_1,ZbVf01oPZ13kngN6L1O2N1O1N2N4M1O1O0000O2N101O1000O02N001000O103M2N2M4N1N4M5K3N1OO0O3M4L2N1013K3O00N4M0O0O2O1O1N1N2N2M4M2N101O1O01O0O1M3O1O1O101O00100O1000O001O100O100010O1N200N3N1O7I6VQNoNXn1^1OO2N2N1M3L3L6UO^QN1dXgR3
20110531070514Th_2,QbUQ21WQZ24cngM4L3N1N4L3M1N4N8H1O0100O001O01O010O101N10TOWQN`0jn1\OZQNb0So101O1N20N1O10OO2O2N1O2N3M2N1O1N2O001O010O0024KO10O1O1O0001N3N1O001O2N1O1O000103L2O2M3M100O0010O00002N000010O00000O2N2O0101O0O001O01O0010O00001O0000000O01010O022M00O10000000O1O002N0O2M2O2N101N2O10O00105K1N3N3OON2O1O4L1N2N3N3NOO01O1O000001O01O001O00001O0O3N2N1O1O1O1O000012M5K01000O01000O001O001O1O4M0O100O010O1O100O010O10O0100N3N1N2N2KkXd`1
20110531070514Th_3,fZ`P1<ao14N3M4N2M100O10110N2N2M6L3M10OO01O2O1O5K0N201001M3O1N0TQNROdn1U1O11O02N7H2OO010000O2N001O01O002N1N3N1O1O2M2O00100O20O0O1bQNeNVn1[1gQNkNVn1T1iQNoNVn1^10006J0OkNoQN<Qn1]OXRNa0gm1[OaRNb0^m1\OgRNb0Xm1\OkRNd0Um1ZOmRNh0Pm1WORSNk0ll1SOWSNn0fl1QO^SNn0jm1010OO2O0O101N2O0O100O010O1004M1N0O0010O111OO1SQNUOcn1U11000O1M1000N2O2N2M3M2N3N3L3N2N2N1N4M9E`_Yh2
20110531070514Th_4,SWcg01gRl02TmUO3O00000O10000000000O10O010O101O001N10O10000O1O100O1O0O2N1N3O0K5N3N1VOBQRN`0mm1i01N101M3O2M3N000N2N3N3A>J6O100N3O102M]hRT3
20110531070514Th_5,caV\11dPd0:Po]O3O1O1O1O11N10O0100001O1010N0N101O00jQNIcl17XSNNgl14RSN0ol15hRNMZm16aRNJam19YRNFlm1S14M4L3N2O10012N3kN^QN`0Xo1Ga[Qa2
20110531070514Th_6,bcl\23jo15N2M101N100000O1000000000001N10000000O1M30000O100O10000O1000N101O100O10000O10000000001O000000000000001O01O000000O100N2OKK`PN6`o1L^PN4bo1501O000000O100O10O100cPNDVo1<jPNDUo1=kPNCTo1>lPNBTo1?61O01O000O010O02O00000O2O0O1O2O000O2O0IZOTQNf0ln1[OSQNf0kn1\OSQNe0ln1]OSQNd0kn19O1O100O1OO2N1O2N2O10000O01000000O0001L4M3H8O1M4N2N1O2O1N1Oe]mZ1
20110531070514Th_7,hY\o01iPR16onoN6J5K3N2N103M00001000003M6K1N000O001O1O19F00fQNSOam1l0ZRN[Ofm1e0VRN]Olm1d0mQN@Sn1V13L4M1O100000^QNdN_n1c1K1000O001O01O000010O001N3N2N1O2N002N1O001O1O1N2O1O1O0O3M1O2L4L3N2M3N2O0010000O2O0O1O1O2O0O2NPcaj2
20110531070514Th_8,TcSe22mo15K2M3O1N1O101O1O1O1O0O100O2O1O1O00010M2OYOlPNc0To1]OnPNc0Qo1\OQQNc0Wo1O2OO1O1O001O1O1O10O1O1O00001O0001N101O01O1O0O\O]OmQNc0Rn1^OnQNc0om1_OQRNb0mm1_OSRNa0lm1_OURNa0jm1@VRN`0jm1@cQNJ`0f0nm1CQRN=Pn1CnQN>Qn1CoQN>Pn1DnQN;Tn1FkQN9Sn1ImQN7Qn1LnQN3Qn1OoQN1Pn11nQNOSn11lQN0Sn11mQNNTn1o01M2O1O2N1O1O100N200O2O000O010O100O100O2SOWQNa0in1]O[QNN44bn1LjQN3Ro10001O001N2Ni\PU1
20110531070514Th_9,RXbl03mo1OoRn34VmoKO`o1:N4L2O1N5L2N5K3N3L3O0N100O101O0O03OO061]QNhNPn1Y1kQNkNUn1`11N4M0O3M1O2M2O1011^QNfNYn1c1N1OO20N010O10O100O0O2O2N1O2N1O1O1O1O1O2N1O1O10000O01000OjQNoN^m1d0PRNC:1em1:TRNF23jm12iRN2Wm1KjRN6Wm1CnRNa0Wn12N5K2N3N0O1000O10O10O010O003M1O2O000122K02OOO12N:G4K11O0001M01O100O001O0O2O2M102N1O1O112M0O002L3N4E;IeQV2JeniM1O0002MXPl12eoSN4N001O000010O>OB3M9H01O101N002O0O011N0117H07I1O1O001:E2N3M00010O;GOO02M1N4I5M5K7FQ\Qa2
20110603123034Ch_1,Qble11XQV22dnkM2WPNMbo1:O0O2N2N3L4L3N2N2O0O2O000001O0O2O0000000O10O2O000O2O0000001O00001O1O0O2O1N2O0010O01O00O2O001N2O0010O100O1000O100O01O1N2O100002N1O000O101N1000001N101O0O101O0002N100O24H4M2M2OmPNJ\n17`QNMbn1g02O0O2O0O2N1O1O1N2O1O0000002N3N1N1O100O101OO100000000O100O1O100O1O000001O00000000002M4M0O2N101N1010O010O001000O010O10O10O10O01000O01000O02OO010O10O10O100O001O0001O1O002N5K1O001OXYgl1
20110603123034Ch_2,RkZe04ko14L3M2dPNIln1h0N10001O0010O2N100O1O1O2OO12M1O2N01O7H2N1O1O03M2O2N201N2M10N2O00000102O0L2O2N10O1O10O01O10O0O2N101O1O10O01O0100O100001N2O1M3M\R_V3
20110603123034Ch_3,Z_`h02io17L3N2N1O2O1N2O1O1M2O2N2N4L3M3M2O2N10O00002N1O1M200O1O02N2N2N1O001O011O0010O001O1O1O1N2O1O1N2N2O1O2M2000001O1O00O2O1O3M9oPNmN2M51lm1l10N1N1O2N2N5K2M2M4D]QNUOfn1g0=B>L4Lh_iR3
20110603123034Ch_4,mYal13mo1001N101N1000O1000O010O10O01O1O0O2O010O010O001O000O101N001O1O1O00O1100O1M3H7N30N001O010000M3002O1N2N2N2N2O000O101O0O1O00100O10000O001O2O1N2O2Llhnn1
20110603123034Ch_5,jY\f11_QZ33[ngL3M4M3M=C2O000O01000001O0O1000000O1O010O11O001O000001O002N001O1O1O3M1ObPN@\o1c0O1O1O01O01O1O101O1N100O5K1O1O01O3M001O0O10001O000O2O001M20000O1000000O1000O100O10001O0O101O0O1000001O1O01O01O001N101O1O002N10:E3M2O1N11N2O0O1O1O0O10000O103M2N2M2N2O001O0O10001N102O0O3M21N0O101OO1001mPN[Ohn1o001O0O011N1O000001OO101O000003M0010O00010O00001O000000000O2O0N3O1O01eN_QNV1`n1jN`QNV1gn1OfQNmNfm1S1XRNoNgm1S1WRNmNkm18PRN43Hlm12SRN50Klm10URN5NKom1NURNOEN47Tn1ISRN;GMWn1GRRNo0nm1oNSRNQ1^n1001O0O1000000\OlN\RNT1cm1mN^RNQ1cm1oN]RNQ1cm1oN]RNP1em1nN\RNR1Zn1N110O0010O100O013L3M010O0100O10O100O001O10O010O01O0101N10000000O02N001O000100O10O2O0O1O010O2O0001O5J1O1O4M0O6J2O10OO0100N101N101N2N2N102M3M2O2K4L7B<LY`_e1
20110603123034Ch_6,ccbR11nPj07inWO4N000O1O01O01O3M8G3M4L4M`0A3O4L2NZNTRNY1Yn13L1=EN26G10O11M`0A1O1O02N009H2M1O102MO3M2N1O6I2L4L4O01ON102MVWci2
20110603123034Ch_7,gYYV16fo16M1L4O1N1N2O2M3M3I7NM3O21L30M3O1100O1O1O100O_OZQNIgn14^QNGdn18b010O0010O1N2O1O100O1000010OO100O100O10000O100000001O0O1001O0000000O10000001O0000001O002N1O0O10O10001O0100O10O100O0100O000010_PNF[o1:dPNF^o18601M4M[glc2
20110603123034Ch_8,bdZS15jo19H3M02K4O00001O03M4^PNBYo1g0J5M3La0A3N6M0L\NVRNV1Xn14O0;GM17HO10O3M>A2O1O01O105J7I101M13M1N1N2N:D6KYWoi2
20110603123034Ch_9,ZWgQ21dSZ10ZlgN0@4kPNNSo15jPNNRo16jPNMTo1`0N2N100M1300O0N1N220O1N2K5O1O00M4\QN^Oim1c0i001O100N1O2OO1O13M2N100O1000000O11N2O2O0O10O0O1O1N2O2O001N2O001N3MRh^i1
20110603123034Ch_10,`Z_U14jo13O1N1O1O1O1O3L3M2N2O0L3J601N1O200O001N3M2O2K4M300O0N4O00O1^OiQN[OXn1f0jQNVOXn1i0kQNSOVn1n0=1O0001]O\QNIdn16d0O0010O010N2O1O1O1000001O00O101N100O1000O0101O00001O0O1001O001O000O1000O2O000000001O1O0O2O2N00N20000010O10O010000O1O10O01O1N3MagTd2
20110603123034Ch_11,h_fa02[Q`1`0QnaN6K4M102N000O100O11N2O1O10O03M2M3N1O2N0O3M1O001O011002L0000000O12O3L10O7I100O00O01O2O002N2O0003O02N0N2M103_RNROhk1\1dSNPOWl1U1`SNnNal1T1[SNPOfl1S1PSNRORm1o17I0ON21N01O02OO11`NlRN0Tm1D]SN9ll1TO\SNl0lm100001O0102M8H2N00O1O2N2O02O1N2NO2N2O0001O1M4_OePN6\XQW3
20110603123034Ch_12,l^fX21YQ:2cnG4POKnQN7Qn1JnQN7_OHI4Yn10[RN6\O2Yn1JXRNd0gm1@oQNFLk0Tn1@nQNh0Rn1c0000O1O2N2N2L5L305K3M0ZORQN5Qo1FXQN4R_ge1
20110603123034Ch_13,aX[e11gQ`03UnA1N2O1O0000000O2OO10N2O001O000N2001N100O1N110000O2N0O3N1L4N2O0O02N2M3M4I7OTghW2
20110706164014Mh_1,\njh21cP`03VoA9H5L5L4L3N2M3M4M26K8J2K2O1NO1NO2O1N2N2N0001N3N1000O010O1N2O0O20O000001O1N3L[oVT1
20110706164014Mh_2,jcXe27ho13M3N1O1N2O2N1O17J0O10O0O3N1N10010dPNFnn1Q1HM1O1N1O1O1O1O1O1L4H903MO1O2O1OO1O1O20000O1N2K5LP[QX1
20110706164014Mh_3,SXkX21fSP13TlQO3N1N3M2M2M21O0101O1O1O010O1O001ON3N0O11N3N101O01L5NO0L41O10O200O100O2O2N0O1O0NFQQNIln19WQNFen1<_QNB_n1>dQNAYn1?kQN@Rn1a0PRN_Olm1c0VRN]Ogm1c0[RN]Obm1d0cRNYO[m1h0n00OO1N2N3M201OL41O1O110O0100O10O2N1O1O2O00000O001M210O1O011O1N2NVgPa1
20110706164014Mh_4,UYe=1hPZ17lngN8L3L3N1N3N1O2M3N2N3M2O2M27I1N20N1O011N2O0O02N3M2M100001O1O0O010O01O1O10M2101N2N1O1O2N3M1N1O2M2001O001O100O00001O00000O100EATQN`0kn1;O1O1001O1O10O02N2N2N1N2O000O1000M3N2O001O001O010FVO]QNi0cn1:00I8M3N2N2N2O1F]NURNe1jm180100100O1VNVRN]1^n1Hj0UOid\Z3
20110811121534Ch_1,SjPo04jo13N1O2N2O0N101O1O00100O01O0010O10O01000000000001N1000000O01O1O00001O001N10001O1000O0101O000O10O0100O0100O00100O00100O100O10000O01000O1O00010O01O0001M2K402N1O011N01JnPN_OQo1a0611O00O11OO10001N020N1N102N001VQNYO\n1g0dQNZOZn1f0fQN[OXn1f0hQN[OWn1f0iQNZOTn1h0lQNWOTn1k0?1N101O00O1100C=J6J4N04N00200O101O2N2N1O2M3M2O1M3N2O1N2N3M4K201JbZ]h2
20110811121534Ch_2,TghU38eo14M1O1O1O00O11RODXRN<hm1HSRN9nm1HPRN8nm1MmQN6Rn1LgQN9Yn1IeQN8am1XOSSN^1bl1UOVSNm0hl1WOTSNi0ll1\OnRNe0Rm1\OkRNe0Wm1ZOiRNc0Zm1^OeRNYO2i0]m18cRN@em1c0WRN[Onm1Y14L7J:D3O1M102POWQNh0go1VOjZWh0
20110811121534Ch_3,Ylhj21jo16M3N1M2O2M20L4O101O1O1O000010O010O100O010O1O0M300O100001O00100O100O10000O1O1O2L4NjTcR1
20110811121534Ch_4,k`mc21co14`PN7Vo1<M201N10O10001O0O2O000000000O01O1O10001DYO]QNg0`n1\O`QNd0^n1^OaQNc0\n1@dQN`0Zn1CeQN=Zn1DeQN=[n1CcQN?\n1c000O2O0O100O010O010O1O1O1OElQNlNSn1U1<O0O001001O10000001N1N2O0010O0000000001M2M4N2O1O1O4K6K100O1N4L7Ih`ZW1
20110811121534Ch_5,S]dP13jo14N3M1O2O1O0O1000000000000O10010O1O1O2N1O0O10000O10000000000010N1000001O00O10000010O000O0100000000lPN[Omn1f0PQN]Oon1j001O000O100001O002N2M3N1N2O1N2O1O0O100O100O101N10000001O01000O01000O010001N2O1N2M2O1OYb_i2
20110811121534Ch_6,_iX]38fo13N2M2O2N1O2L4aQN^O]m1d0`RN_O^m1c0`RN^O`m1b0`RN^O`m1c0\RN@em1a0VRNBjm1?SRNDlm1Y10O]RN[Nll1j1jRN]NJHYm1a2O0O1N3O1O2N4OO10N3L2O1O0^SNnLUl1R3eSNUM[l1_3LN0O1N1O1O03N00O1O1O1N2O0^MjSN5IN_l1_ObSNEa0h0\O5cl1WOeTN0hNW1fl1dNeTN1ROP1cn1I2O1M3N4K7FVS[?
20110811121534Ch_7,Sahn11cPl03XoUO3M2N3L3N1O1O2N0O201N10001N101O1O1O1O0000001OZOPQN<Po1EoPN<Po1:1[ORQN6nn1HSQN:mn1CUQN=ln1ATQN`0Wo1O0O2O1O000O0100O1O1001N101O5K10O0010O0000010O0001O10O00O101O0O100O100000O:Gh]Sl1
20110811121534Ch_8,dalo18go15J3N1N3M2O1N3O0_RND^k1=_TNH^k19_TNK_k16^TNO_k12_TN0_k14]TNNck12[TN0dk11ZTN1ek10YTN2fk1OXTN1ik1OVTN1lk1NRTN7lk1HTTN9nk1FoSN;Sl1DkSN<Xl1BgSN?Zl1AcSN?`l1_O`SNb0`l1^O^SNc0cl1]OYSNg0hl1XOVSNi0jl1XOUSNh0kl1YOUSNg0jl1ZOUSNg0jl1ZOTSNj0jl1[1K>B5L00SMhSNP2Xl1mMoSN\ONZ2Sl1YNXTNg1kk1WNUTNi1kk1WNUTNk1kk1SNlSNW2Ul1gMjSN[2Vl1eMhSN\2Yl1dMcSN^2`l1a0000XMgSNi1Wl1mM]TNl1ak1SNbTNk1]k1UNgTNj1Wk1TNkTNo1Rk1PNRUNn1lj1RNYUNj1fj1WN\UNf1dj1ZNdUN^1[j1cNhUNLXNS1ok1ROZVNi0ei1VOkVN=Ti1@nVNd0Ul14L3M2N003M4L3M1N3N3M315I7H5K5L01M3O3L4M1O1161MMK2O2N2M[NfRNd0Zm1ROPSNQ1ll1mNYSNT1dl1jN_SNW1_l1fNfSNX1hm1I3M4SORQN`0Wo1OO12N9FRWki1
20110811121534Ch_9,jTc_21m[`48bcaK`0bPNYORo1m0M1O2N101O000O101O0O00100O010O00O1100O1N1G901N1001OO2O010O100O010O10O001N100O10O1O01O0O3O001N2O0O2N20O01O1O000000001O00O01000O100N2M21O101O0O2M3M3N2N1[OYQN0in1GRQN47Nkn10f02O01O0Nno90RPF2O100O10O002M3Ncne00\QZO2M3K401O1O1O1O2M101O00O2OON4NiPNFln18UQNIjn16WQNJjn15WQNJin15a0O101O001OZo;0fPD3L3N1O1L302N2M4N1N1N2O1O1O1O2O0O100O2O0O1O2OO1O101N1O2M3N2N1O100O1O100O1000O0001O100O001O10O1000O100O10O010O00O2O1O001O1N2O1O1O2Nhnm2MZQRM2O2M2N100000001N010000O10N1M301O100000N12N101N2N1000O2O1O1M4L5I6N]hni0
20110811121534Ch_10,aX_]11iWV31ShkL3O2L2O100O1O01O01000O0100OO110O01N2O001O01O010O01O00010O0010O01N0O2O2OO1001O1OBiPN5Wo1JjPN6_o1010OHno30ZPL1L5M200O1N4N0O10N11O1O1O010O1O2O000O2O0000O0100O0100O000O10000O002OA_O`QN`0an1B]QN=dn1E[QN:gn1FVQN:ln1;2O0N3M3N2O001N2O0N201O1OL30N3N01O201N1O10001N101O1O0O100000O101O0O20N0101OO0101O001O0001OOO200O002O001O01O1O0O101O0O2O01O010O10O101N100O1O1O01BHSQN9kn1JSQN7ln1KRQN6mn1LQQN4nn1NPQN2Ro1=000O02O0O010O1NBTQNLkn16VQNHkn19VQNEjn1;WQNCkn1LSQN;`o1OFHlPN7Ro1MmPN2So10kPN1To1=1O01O010O1N2OO101O00001O1O1O1O1O1O1N2N2O100O001N3LRf^R2
20110811121534Ch_11,XePa01oR`08clAd0_O3N1N3M2N1O2O1O1N2M3M5J4KWOoQNNnm11WRN]OM1jm1=`RN@I3dm1<gRN\OI8^m1<[SNBel1=`SN@]l1`0iSN\OUl1e0a101001O0O1L4O11O1N2N2N4M6BXZY\3
20110811121534Ch_12,P_^j07bo19L4N4L1O2N1O1O1O1O1O0O2O010O10O100121MO1OO1O10O1O001O1O001002M001007NLO2M2O0O2N3M2N2O1O2M1O1N3M4Kd_]R3
20110811121534Ch_13,XjfX21]P:2]oG7L1N4L3M9G2O1OUOUQNa0Xo1N1OO01O1O2N1O1O0O2O000OlTee1
20110811121534Ch_14,^dRS11PTl08dkUO4N100O1O001O000O2O0O1000001O0O1N200O00100N100O2N2N1O1O2OO0020OOGVO`QNk0Xn1a0I6N3L41N200000002O2M3M2M5L1M3N1N3N2O0O10N02N5J6G:IcZYh2
20110811121534Ch_15,iSo\11\\X42aciK00Ojne21RQZM9J1O1O1O2N1O2N2N2O0O10000O100O2SQNWOan1V1N0O1O10O01OO2O0A^QN_Odn1??M4N1K7M5J4Monm04jPRO7N0M2O2N101N2N3N2N1O00011N010ON3J5O100O100O101O000O20NO3OO1O2N100O110O0000O100O11N100N201O01O7J0O2N101M20O0CISQN6kn1ORQN1nn10QQN1nn1ORQN0on12PQNMQo1`0001N2O3M3M4K3N1MToi0:dPVO1M3N2N100O11O1O100N2O10OO200O100O010N2N3MQf\R2
20110819131834Ch_1,ejlo11ePV16SokN3N1O1N110O0000000000001N10010O00000O20O01O1O1O2O1M2O1O1O1O010O100000000000001O2M2N2O1N2N2M2N2N3N1O0O2O100O10001N18H2N1O1O2N1O3N0O2N2N00O100O101N2N2O001O1O0000O3N3M5J1O1O3M5J5K4JXRYi1
20110819131834Ch_2,aj\e0h0Ro1=De0]O>WRNSNel1i2J7I5J5J6K4M3M3N2N1M4L3L3O2J\N^UNVN_j1b1QVN[Nmi1c1YVNZNfi1R1]UNUNQ1g0bi1P1VWNoNjh1n0ZWNQOfh1j0aWNSOah1h0eWNVO[h1e0mWNXOSh1g0QXNUOPh1j0SXNTOmg1l0VXNPOkg1o0YXNmNhg1S1b3O20O0001N110OO2OO11O]O]QNIdn16_QNGbn19bQN@bn1??0001N101O10OO100O20O0O1O1O2O1N1100O00001O10OO101O0O2O001O010O1000O10O1O1O1O1N3L\YWU3
20110819131834Ch_3,VcnZ11]R`12]maN4N2N1O2N1O2N100O1O2O00000O10000O1O100O1O100O1O1O1O100O100O100O1O1O1000O010O10O10000O1N3N100O1O10N20O1O10O0100O0100O010O1000O010O01M20000000O0001001O00I7O101O1O00010O0010O010O0100O1O1O001O100O0O2N10100O1O1O1O100O1O10O0100O010O2O0O10001O0O2OY\o[2
20110819131834Ch_4,aeb\17ho12N1O1O2N100O101N10001N100O100O1O1O100O1O1O100O1O1O100O1O100O100O010O10O010000O100O001N20O0010O01N11O100O10000O10O1000O01O10O01O000000O1N21OO011O01O0M3O2N2O0010O01O0010O010O01O1O100O001O1O001N2N20O01O1O1O10O01O10O01O10000O100O10O10000000000000001N10000000000000O101O000010O0001O01O00010O000000010O000010O01O0010O01O0000010O2N2N00100O5K2N100O0010O01O001O10O010O1O100O001O010O1O010O1O000O2O0O2N101N1O10001L3O1O2N1I]PNOY[aV2
20110819131834Ch_5,afbQ36do1g0_O5K1O3L2O2O2N35I2M4N0O2M3N100N010O2M2N011N101N2O002M10000O1O1O001O0001OO2N4LeWmk0
20110819131834Ch_6,cjZe02go1b0A7J4L3M4L3M3M3J7L3K5N2N2N2M2M3M2N2H8000\OoRN[NQm1d1VSNUNkl1i1g0M4K4M4H7N110O1O101O000O20O01O01O1N10[O^QNLcn15^QNJbn15`QNI`n16eQNC^n1=c0O010O0O20OO101O001O01O0O10001N110O0001O001O2N1O2MSP2HVYoU3
20110819131834Ch_7,hfZT31lo15VPNKdo1<K4N3M1O00101O00110N02N010O1O2N2N0O1000O3NO11O1O3NO1O1N3N000O1O1O10O0010O001O00011N01O0100O10O00000001O00001O1O1O1O1MiWkg0
20110827141254Bh_1,^ehX31eRl12elUNi0G>C3M4L3N2O1N2O2N3N1002M00O11O2M3N6K1N0O3O2N1O1OO112M0O1O0100N101O0001O101N3N01O10OO01O02N2O1O0O10O02OO0101O0O100O3L11O1O1OO1O2000O10001OO2O0O1010O1N10O10001OO01O2O2N10N1O117H0O0011a0^O20N0O0O4M7G3N2M110005J3PRNdNVm1c1_RNbN`m1P21N5I3O3M4K4M1N101O2N2N1N4K4M2L300M5M7H7H5MYQ[=
20110827141254Bh_2,dkbP21fPR23TooM5M2N1N2O100O001O010O1O001O001O000iPN_OPo1a0nPNARo1>nPNCQo1=nPNDTo1;jPNFXo1`02OO0001O000001O003NO01O01O0001O01O00001O001J501O001O0010O020N010O01O010O0000001N1000000000001O0000O100O100O101N1001O003M1O00O1O1N2O2N0O2O100000O100O2O001O0O10O1O1O1O2N10001O00001O1O001O02N100O1O101N01ePN^OWo1f0000O1N2O010O001O010000O2O1N100O1O110N101O2N5K00001O01O001O07LM1N2O5I6K1N2N2N7I\QUc1
20110827141254Bh_3,\l^X21`Ph09UoYO3L201O0O2O100O100000O100O01O01O0O21dPN@Uo1e01N2O000O20O010O01001O1N1O2N1O1O1O1011N11M4L2O1O2O00O0O2O36JM1O1M7J1O1O1N5K7H5G\QSc1
20110827141254Bh_4,WmTo11YP<0doE3O2N1O2N001O00100O110N100O1000001O00000O10000O1001O01O0001N1O4L3KgQ[n1
20110827141254Bh_5,PhZc16jo12N1O1O1O100O11O00O010O02O1N100O01O1O00101O1O1N01O10O0100O10O10000000O100011N001O00001O2O0jQN@hl1b0SSNCml1=gRNAZO5om1;dRNN]m14^RNMem14SRN0Qn1n02L3O3]O_QNXO3O`n1d0jQNZOZn1a0j0DZVQY2
20110827141254Bh_6,Y]ll21hP<3_oCN[o16_PNN_o1:O1MAePN>Zo15NO101N2O1O1000001N10101N101N100O3JabYQ1
20110912142254Bh_1,[cnf01RQn03gnSO6K6J8H4N3L5L2N2O000010kN^QNi0nn1O2N2M3N2N101OO001O00010OO1O10O10O010O0101N`0@3L4_QNlNPn1V1kQNnNTn1_1000O2bNQRNi0om1SOWRNl0_n1O02:E11N2O000O00O2O3L4M0001O000000O2N011N00000O10010O001N1N4L[X_S3
20110912142254Bh_2,cakT26ho13N2N100O2N10O01O100N1010O01O10O010000O01000000O10000O010O010O001O00100O01O00010O000000O11N1O1M3O101D@VQNa0in182O2N30O01O00010O00000O020O01N200N110OM3L3N3N11D\O\QNd0bn1=1O1010O01N100O200N10001O1O0O2N2N2N2O1O001O1O00100O1O10O10O1O1O1N2O2N1O0001N1COjPN4So1<0100O010O010000O20O010O01000O100O100000O010O2O001O1O001O00000000O10000001O00001O00000O1000O2O001N10000O2N10000100O001N2O001N101N100O101O001N101O01O000001O001O00002M2O2MXb`^1
20110912142254Bh_3,aeRd21lo16L4L2N2O001O000O101O001O0001O000010O001O1O2N1O1N2O1O001O001O001O001O0001N101O6J2N2O0O1000O010O02OO10000O00101O0001O01O001O1O000O100O10000O11N101O1O0O100O1000000O101O001O01O01O000O2N002N1N5JbXmU1
20110912142254Bh_4,mcT_2<co12N100O2O0O1000O0100001O0O1000000000001O00000000000010O00100O10O01O010O01000O0101O000000O01000O10O0100O1O01000000O100O2O2O0N100O0104K1O1O1O1O3M100O11O2M2N100O20O0O10O10O010O00001O0010O01O00001O010O1O1O1O1N2O00001O1O00001O0010O0O101O2N1O3M3NO02O0O1000O10O1000O10O010000000001O00010N101O00000O1O1000O101O1O0O11OO100O1000001O000000000010O0000O01O10O100O1O2N1O010O00100O003M3J\XUU1
20110912142254Bh_5,Ybif13jo14M2ALoPN7Po1=N1N3M2L4I7M30O1M3M4N2O100M4N1N2O2M2O1O2N2N1O2N1O1O100O2M4MQ_RW2
20110912142254Bh_6,^[\X2b0[o17K2N0O2O1O1O1O1N2N3K4ROROfRNS1Um1n0I8M4L2N5K4N4L9H3M10O11N12M6I3[MRTNQ1Ql1iNUTNU1Ul1[NSTNb1Zm1K7I5L3M4L2M2O1N2O1N4K8H[cmd1
20110912142254Bh_7,a]e\23jo18J2O2M2O001N100O101N010O1000000002N1O1O1O00O100O11O000O10001O01O000000000O100O2N100O1000001O000002N1N2O1O001O001N101O0O1000001O0001O00001O01O000000001N3M2OYb\^1
20110912142254Bh_8,kl``21bQ>:RnC2M101O10O2OWOKgQN4Qn17lQNJTn17iQNKVn1P100O2O0011N7I2O1N2N2O3L2M3N2N6I5K4LcQY]1
20110912142254Bh_9,WUUa01SQ85dnI8J3M5I6I:F5L4N2N1N2O0001M3O1M3J6SO[QN<in1@_QN7\o1DmiZ]3
20110912142254Bh_10,i]_S21kSZ10QlgN7K2N2N2N100O10O0001O001O001O1O1O10O01000O1000000O2O00O10O10O01O010O0O20O10O01O00001OO2O0000O1K5O1O1I8K310OM5M201N2O000010N1000000000000001O00000N1O2O0NDC\QN=bn1a00O101O1O1N101N101O1O1O1O002M2N2N2N2O2M3M201N1N3M]ahd1
20110912142254Bh_11,Z_e_11RWh19ZhYNHkPN;Po1=N3M5L3N0O2N100O0101OO01O2N1O2N1O1O11OO01O0001N100000O11O01O00010O01N1O100O2N101O1O1O002M4M3K3M2O2O0000000O2OSP64goI2O0OM4N3Oeo;N\PD2O10O0100N3nKKVXN7gg1MTXN6lg1LoWN7og1LnWN5Rh1OiWN3Sh13jWNNTh15jWNMQh1;kWNFQh1>mWNFog1<oWNFmg1<UXNCig1?WXNAgg1`0ZXN_Odg1c0]XN\Ocg1e0\XN[O`g1j0`XNSO\g1S1dXNmNZg1V1eXNkNYg1m0lUN_Nl2c0Xg1m0SYNROmf1n0TYNQOmf1j0XYNVOhf1b0`YN]Oaf1b0aYN]O_f1a0cYN@]f1=dYND\f1;eYNFZf18hYNIXf14iYNNVf11jYN1Vf1MkYN4Tf1KlYN7Sf1HlWN^OKk0Xh1FlWNM_O`0dh1AnWN2[O=gh1@oWN4YO=gh1]ORXN8VO:ih1]OQXN=RO7lh1\OSXN>oN6nh1[OUXNa0jN4Ri1ZOTXNc0iN3Si1ZOTXNd0hN1Xi1VORXNk0eNM[i1VORXNn0aNLUl1;_SNDel1<WSNCll1>QSNBQm1d13N2N2N1O1O2M2N3^OXRNhNjm1U1d0TOdQNN_n1OfQNLan1K`\lU2
20110912142254Bh_12,alf`23io1>E100VRNEok1;nSNJQl16mSNJTl19gSNI[l18aSNHal1;ZSNFhl1:VSNEml1<PSNDTm1d0aRNZObm1f0ZRN\Ogm1d0VRN^Olm1[14K2O0O1O3N4K2N3N1N2N4L3M1O3L6J6J7FbQY]1
20111015063134Lh_1,kcRS233Nfo17O1N11O0001O000000001O00000001O0001O00000000000000001O0000O101O001O01O0001O0010O01O01O01O0100O001O010O1O001O1O1O10O01O02O00JChPN<Xo1DhPN=Wo1CjPN=\o10IFgPN<Xo17O0O2O1O001O0001O001O001O010O1O2N00100O10O10O002N0JdPNH^o16cPNH^o1950O2O0O010O100O1aPNCYo1c000O01O000100O1O0000010O000001O0001O000001O000000001O00001O000000000000000O100000000000000000001O0001O001O0000010O000000O1000001N1000000000001O0000001O01O00001O010O0010O00010O0001O01O0000010O0000010O01O010O010O001O01O0001O000001O001O001O010O01O0001O000010O01O001O010O001O1O001O1O006ISZa]1
20111015063134Lh_2,TUm<1`Q`10WnaN1]PN2bo16O101O0O100000000000000O2O001N10000000000000O010O1000001O0000O1O1N110O1O100O1O10O10O01O10O0100O0100O10O1O1N200O1O0010O10MaPNE^o1;dPND[o1=40O10000O10000O10000O1O1O1O10001O0O2O0O101N100O100O101O00001O1O1O100O1O1O1O1O00]OWQN0hn1OZQN0en10]QN0bn10_QNOan11`QNN`n12aQNN^n12bQNN^n11cQNO]n10dQN0^n1MdQN2\n1MeQN3[n1JhQN6Xn1HkQN8Un1FmQN9Sn1FoQN9Rn1EPRN2XO4go101O1N2N]ijY3
20111015063134Lh_3,dhRm07ho15K3M2O1O1O0O2O00000O2O0000001N1O1O2O000010O00000010O01O10O1QQNWOgn1h0WQNYOin1n02O00N4M3N2M1O2O001O00nNaQNc0_n1YOgQNe0Yn1WOkQNi0Vn1UOlQNj0en101O1O010O0010O10ZOlPN>Uo1_OoPN`0Xo110O001O@@`QN?an1C]QN<an1I^QN6an1O[QN1en12XQNNfn15YQNLen1h001N101O01hN]QNQ1jn1O00000O1H800O1O1M3O1O2O0O10O000O20O001O1N2N2O1N2N101O2NUWcl2
20111015063134Lh_4,_Umj03<3nn1OmPN8on1JnPN;nn1FRQN<kn1FSQN<ln1DTQN=kn1CUQN>jn1=O00001O1O4L5K1N2O0O1000UOfQNO[n10kQNKUn14nQNJRn15oQNKRn13PRNMRn1D[RN<dn10010O00001N1000000000001O001O3M2N010O00O100O2O0O2OH_PN2ao1L`PN4`o1JbPN6do10O1O100O10O1O2N2MXiVQ3
20111015063134Lh_5,W`fe01TR`23emaM8J4L102N:F3L2O2L3N100000O1O101N2O1N101NbQNSOmm1k0QRNWOom1j0oQNXOPn1i0lQN[OSn1g0jQNZOWn1X101N12OOmNfQN?Zn1]ORRN:Pn1CRRN=nm1^OVRNb0dn1O3N10O0PSNC^j1=YUN_OPN8fl18UUN5jj1KRUN9nj1GoTN<Pk1DmTN`0Rk1@mTNa0Tk1_OjTNb0Vk1^OjTNc0Uk1]OlTNc0Sk1]OPUN`0Qk1_ORUN>oj1BPUN>Qk1AoTN?Rk1@oTN>Sk1BnTN<Rk1FlTN:Uk1GkTN7Vk1IjTN6Vk1JlTN3Uk1MnTN0Qk11RUNKnj15SUNJnj14VUNHkj19^2O1O1GbPNIfo14bS<3_lCO1O1OXPN>Ro1:N9H0O1]QNTOQn1k0oQNZOnm1c0URN@gm1FURNIM>96bm1B^RN51;`m1^OaRN41?^m1\OdRN01e0Zm1YO\SNi0lm12M3K5K4M3N3O0004L8I0O00000O1O2O00001O1O2O001OO3O0N010O1N2O2M2N2001N2O5J2O0O1O1O1O1O10O02N011O1N2N100O0O101O0O1O11O0_Oa0O2N11O10O01O2M100N2N2O1N2O1O1O1O1O1O10000O0001OO2O1N2O1N2N2O1OSWil2
20111015063134Lh_6,XjTU11mo16K4M101O1O6J2N00001N010000O2O3M0000O100N10001PRN_O`l1a0XSNFhl1<USNAQm1a0jRN_OXm1e0`RN]Ocm1h0TRNXOPn1h0nQNVOWn1h0gQNWO\n1U13L4N3N1O2ON6MiNWQNW1in15JO0O8H2M3M4M2M3N1O8H1O0000000000O2O000001N1100N101O001O0000O2N2J6NVSYf2
20111015063134Lh_7,Xc`Q33mo1001N2O1O11O00O010O1O010O0010O01O0100O0010O01O01O00000O1000OIJfPN6Zo1KfPN4Yo1MgPN3Yo1MfPN4Zo1MePN2\o1NdPN2[o10cPN1]o10bPNO^o1:O1O010O100OKePNGZo1:fPNEZo1;gPNEYo1<fPNDYo1=gPNBZo1>gPNAXo1a0gPN_OXo1b0hPN]OXo1d020O10000O2N2O1N2O1O00100O1O1O101N2N1O2O1N10O001O010O1O1O1O1O001N2O10000O2O1O000O100O00100O00100O001O2N2O020OO1O1N10O1O4L3L2O1In[Ug0
20111015063134Lh_8,\d\l17ho12O10O1O1O001O000000O1O100O1O2M2L4O0O2L300O1JZOTQNe0ln1^OQQNa0nn173N2N2O1O1N4N1L`\aQ2
20111015063134Lh_9,\bRQ31RQX12kniN2N001O1O00010O01O01O000000000000000FLhPN4Xo1LhPN4Xo1LhPN3Xo1OfPN2Zo1OePN1[o1OePN0\o11cPNO\o13cPNM\o14cPNM\o1;1JcPNI\o18dPNH[o19fPNFZo19gPNFYo1;gPNEXo1<hPNCYo1=hPNBWo1?50O1O101N1O10001N101N3N1O001O001O1O101N1O2N2N102M10O10O01O001O1O2N001O1N1010001O1O000O100O1O10O01O001O1O002N1O1O2N2000N0001O4L2M5Kj[Yg0
20111015063134Lh_10,h`oR21WQZ12engN2O001O1O4L001O000O10000K5O10000000001O001O1O01OO100000000000000O1N2M3O100O1O1O001O1N2O10O100O1O10000000O100O2OFUQN_Okn1`0WQN_Oin1a0WQN_Ohn1b0XQN^Ohn1b0XQN]Oin1l0010N2O0N30O01O100O10000000O10000001N1O101N7J2N3L101OO0100O0100N101O010O01M3N101O10O000010O000100000O101Nm^bd1
20111015063134Lh_11,PUm:1]Q\30aneL3VPNMco14ZPNOeo16O2O1O1O00000O101O001O2N0O10000O10000000O01000O100000000O010O1O01O100O1O100O100O10000O100O10000O10O1O100O01000O100O0L5O010O10O1O1O10O10ON3O1000O100O100O1O101O0O1O2O000O10001N100O1O2O001O0QQNQOmn1Q101O1O1O00002N001O1O00000000\O[QNMen13[QNNdn11^QNNbn12^QNNcn10^QN0bn1N`QN2`n1MaQN3_n1G\QNI6`0^n1F]QNJ5`0_n1DiQN<Vn1DjQN<Vn1DjQN<Vn1CkQN<Vn1DkQN;Un1DlQN<Tn1DlQN<Tn1DmQN;Tn1CmQN<Tn1DlQN<ln1JaPNK^o16cPNH]o195N110O001O1000000000000001O0000000000000O010M300000O100O101N1M300000000000000O101O0OVP61joI0O2N2M201O00001O000000000O1000001N1N3O0O2B_OWQNe0hn1]OVQNd0jn1\OUQNd0kn1^OTQNb0ln1^OTQNb0jn1@UQNa0jn1@VQN`0jn1ATQN`0ln1;O001OQOVQNk0fn1VOZQNl0dn1TO\QNm0cn1SO]QNn0bn1:N000000001O00VOgQNMYn12jQNLVn14kQNKUn1DdQN7:4Sn1D]RN;dn12O0O0001O00001O00000000001O001N4M2N0000010O010O100O01O0000000000O100O2NUiXQ3
20111015063134Lh_12,XcfS31oo11N2O1N1N3N100O100O1O100O1O2O0O100O1O1O10001N101N2O1O1O1O1O1O100O1O2N1O3M101N11O0O00010O1O1O1O1O1N100O2O2N102M10O10O1O1O1O010O1O1O010O1O1O2N3M2M101O004K2On[]g0
20111017113714Th_1,d`X\21iR`0b0ZlAk0YO9H8C;E:J6L3K6N2OYNmSNBTl15PUNoNQk1l0T2L4N2N1N2N2O1O1O2O1O001O010O1M3Li^]a1
20111017113714Th_2,hiTf15ho15M2N2M4G8L4O1N2N2O1O10O01002N4L2N1O1N3O1N3M00000001O1O2N0O2O1N101O0O1O1HRO]QNm0bn1VO\QNk0`n1ZO_QNf0`n1=01O001O0O2O0O010O10010O00O1O2N1M5J5N2O100O1O001O001O01O01O010O001O10O01O01O10O1O01O01O0001O0001O00O2O01O01O01O1O1O001O1N101O2N001O1O1N2O1O1O1N3N1O100O1N3MjT_R2
20111017113714Th_3,fakh23ko1:H3L1O2O000O2O00O10010O0O010000O1000000O1000O010000000O11N0100O1O1O001O1000000O1O1O1O10O010O001O10O01000O0100H8O1O10000O100000O2O001O1N1000000O1000001N10000O010O010O01O010O10O01O1O10000000O010N2O0010O10O10O00100O10O10OOO3N011OO010000001O010O1O010O100O10O01O00001O010O1O100O2N100O1O2M201KS`Rn0
20111017113714Th_4,^Qei21RSf03gl[O5M6I6J5L2N2N1O2N3M2N2O0N6K3M4L2N2M3N2N2N1O1N2oNRNPTNn1lk1fNcSN[1Zl1X1M1O20O010O001O001N2M3M4N1N3M4gNXSNmNG@Vm1`1ZSNiNml1U1Q1N1O2M3L3M3K6M3J<F]mZR1
20111017113714Th_5,j^`U19fo15L2N2O0O1N200O1O101O08H010O1O02OO11N1O001OO010O1O010O2N1O002N1M6IS`[h2
20111017113714Th_6,fc`l21^Ph13]oYN2M3O000O101O000O101O00000000000000000000001O0000001O0000001O00000000001O000001O01O01O10O00001O001N101O00000000001O01OO101O0O10001O001O0000O1000O2O000000001O0O2O001O001O0000O1N2O1N3N1O1O1O2O001O001O000010O010O101N1O100O00100O1O010O010O10O010O001O00001O000O2O001O1FbPNO`o1NcPN0^o1OdPN0jZ[i0
20111017113714Th_7,iPSm16jo11N3N2M2O2N0O1O2O0O100M3O2M4N001O0001O00000O010O010O2N2L3O3N1N2O2N3M2N1N5JSo`P2
20111017113714Th_8,kidb01dPb06Uo_O0O2O0O100000000O010O100O100O10O01O010O001O001O10O010O1O010O100O10O2OO10001N1FYVYZ3
20111017113714Th_9,jel_11SQV20inkM6M1N2O1O2N1O101N2N101OOO200O1O1O1O2O0011N5K002N2N0O010O001O10O01000O00001O00010O01O100O0100RQNGTn18kQNKSn15lQNMTn12lQNOSn11mQNOTn10lQN1Sn1OmQN2Sn1MmQN4Tn1ImQN8mn11O1O1O2M2N2O5K4L2O1N011N100O100O100O1O2O0O0110N1000O11OO1001O8G4N4K3MO10001O100O000O2O0O1EVO_QNj0^n1]O]QNe0an1=01O1O001O1N101O0000000001O0O101N1O2M2N3M2O2O10O10O1O1O001O010O1O001O010O1O010O010O010O001O0001O0001O0001O0000001O01O1O1O1O001N2O001N2O1O2N1N2O001O1O1O2N1O1O2N2MjT_R2
20111017113714Th_10,k^cj11[P<2`oE5M100N2O1O2N001000101OO10O4M1N2O2L2O100O17H6I5K2Mc_\S2
20111017113714Th_11,mWia21[P:8\oG2M1O2O00ORQNIUn17eQN1Yn1NfQN5Yn1JeQN9[n1I[QN?en1>0N1O2H8G9K5N2N2N3L5Ligb\1
20111017113714Th_12,Ud\n24ko12N1O2O000O101N100000000O1000001O000000001O000000001O00001O00000000001O01O00010O0010O00001O00001O000O110O00001O1O0O2O00001O000000O10O1000000000O100000O2O0000001O000000O100O100O100O2O0O101N101O0010O01O010O01O3N0O00100O10O01O0010O0100O00010O0000010O0001O00001O01O10000O10O010XOPQN?Yo10O01O00001O1O1N1O2O001O01O02M100N3M[P45aoK3N1O001N2O00000O100O100O001O1O1O100O1000000O10O001M3N101N1010O0001O2O0O6JmZ[e0
20111017113714Th_13,f\mf11jPP10RoQO<G3M1O10O100O2O0O2O1OO01O02OO100000O11N1000000O20O1N10000O01O11N010O102M3N3L102N00000001O0010OO2OO11N10001N02OO20O101N01O01O3OO01O1N2N2O0O03M8I2K4M3Kd_ZS2
20111114063134Lh_1,]_e_24ko12O1O000010O0001O00000O1000000O1000000O1O10O10O10000O10O100000000000000000O001O1M3O100O100000000000000000000O10O10O100O100O001000001N110O01N2O001O1M2O100O2O00O100000O01O010O10O010O0001O0O2O1O0O2O10O0100O1O1O1O0010O01O00N02N1F;N20O10000000001O010N110N101O100O001O001O1O10OO20O00O1N3L21N2M3O1N11L4M020000OO1001N3L2011N01O11O0N3J6N2F<M2N2O1OgdfU1
20111114063134Lh_2,P\li01nPh16ToWNN]o1c0G4M3N1N2O1N3L200O1000000001O1O1OO10000000010O00001O0001O4L4L1O5K001O10000O1000002N01N1O3NO015K00O2N1001O0O4M1OO001O010O01O1O1O010O01O1O10O100O01O00001O1O1O002N1O2O1N12OO2OO00000O100O1O002N1O0001O01O01O100O00010O01N10O0100O1O1O1O1O101N10001O000001OO10000O1O2N101N101N101Nm`ik2
20111114063134Lh_3,Y\mR11SSX24\mgMMfn19UQNLin16UQNKhn18VQNJin18TQNKgn19XQNFin1h0001N1O1ISQN\Ojn1g0YQNVOgn1=WQNJPo17UQNDbn1MXQNd09]O^n1h00XOaQNh0Zn1A`QNa0`n1?O2O0010O0100O01O010O2O1K5N2O001N011O0O100GTQN]Omn1a0XQNZOjn1e09O1000000O10000000O10000O10O010O1L4O2N1010O001O01O0000000000001O000000001O00000000000000000O1000O100O1000000O100O1O100O010O100O10O01O1O1O00100O100O010O01000000O0100O010O10000001O0000001OOKhPNCYo1<iPNBXo1>5O100000001N10001N2O1O01O0001O0000001N10001Nhbj`2
20111114063134Lh_4,VdX\21kRX31oliL4N3N1O100O1O1JDgPN<Xo1GfPN9Zo1610O01L3O2O001O001O0001O10O01O1N110O10O0100O010OLbPNF`o1:`PNE`o1;300O01O01O00001O010O1O01O0010O0001O010O1O010O10O0100O10O10O100O0100O001O1O00100O10O1000O10000O10000O1000000000000O10O100000000O100O1O1O1000000O010O100000O1000O0101O000O10000000001O00000001O01O001O0010O0100OCKPQN4on1NQQN2mn1OSQN1ln11TQNNln13SQNMln14TQNMkn14TQNLln14TQNLln14UQNLjn14VQNLjn15UQNKkn15UQNKkn15UQNJln16TQNJln16PQNFN0Uo1;kPNFZo1:fPNGYo1:fPNFZo1:fPNFZo1`001O001O00000000001O001O00001O01O01O10O0001O001O002OO001O000010O01O01O00010O001O010O1O6QQNRO`n1n0_QNSObn1W1N011OO2OO1O101N3M102M11bNjQNo0Zn1kNhQNU1bn100O11N101O000O1000WOZQN7hn1ZOWQN1<d0nn1O10O0010O100O2N2M5L002L3O2L20jXWQ1
20111114063134Lh_5,dTQQ31_Yl27UfUM6M2M5J5M1N2O1N110NO1O21OO00100O10000O1O1O1N201N100N3O01N110O1O0010N11OO1O20N011N0010O2OO10O1O0O30ON110O02O0O1O1N2000O100N2O10O020ON110O011OO11OO10010O0O10O0110N100O1000O20O01OO10O20O1N100O10O10O100N210N101O0010O001O01OO2O01N001O001O10O001N102O00O010O1O2M2O002N2O1O0001O01O01O0000000O10O0O2J6N11O002N001N2O100O100O011OO00000100O10O010N111M101O010O001O2N002OO1001OO1N2O2N2O0O2N1O2O1M3L4M4K7Fcij?
20111114063134Lh_6,l`fh21aQh10]nYN1N2N2O1N1O20O0001O100O01OO1O20O0001IEiPN:Wo1HgPN8Zo16010000O1O10O0100O0010O0010O0010O1N1N3O1O1O1O01000O10000O1000O100000001O00000000O101O000O10000O10000010O0000000010O000001O010O00000001O000O101O0001O0001O00010O010O01]PNJZo18dPNI[o18cPNI^o1=O001OEePN1[o1OfPN0[o1OePN1[o10dPN0\o11cPNO]o1;0O111M1O000000O1O1000O10000O10O01O1000O0101O0O100O2N2N2N1OZ^al0
20111114063134Lh_7,oa\V165MXo1a0N2N101O0O1010O01O01O00000000000000000000001O1N2O00001O01O010O1O1O1O001O002N001O1O1O1O1O00000001O1O00001N100O100O100O2O0O2O000O2O1N101O0000000001O001O001O1O1O1O1O1O1O1O2O2NO11OO10003M01O0O0010O1O2N1O0011N100O1oPNYOgn1c0\QN^Oen18dQNIDKbn1:lQN4Pn1KQRN8lm1FVRN;km1AWRN`0dn12N002O02N00O10O10O001O1O1O001O10O11O00000O25K0O0104K1O000O01O1O00001O1O001N100O3N001N101O0O11O00O101O0000001O010O001O10O020O10O0O11N100O2OO10O1O100O1O100O1O0000000001O0000000O10O0100000O100O100000001O1O0000100O00010O001O10O01O10O10O02O000O110O1O000000O010000O1O10O010000O11OO1001N100O10001O00O1O1O00001O00010O00010O0000010O1O000010O10O0010O1O001O00100O001O00000000O100000000000000000010O1O7I100O100O10O11N010000O1O100O2N101N1O100O1O3M1O10O11OO0100O01O010O10O01O1O00001O001O1N101N101O0000001O1N2O1O1O1O0O4LlWiR2
20111114063134Lh_8,Rc`Y23jo15M1M3O1M2O0O1J6F910N0000O3J601M2N2010000O0N3O2O00001N1O2O0O2O010O1N2O100O2NT_Qd1
20111114063134Lh_9,]SS`12^o11mPN3nn13iPNKO3Uo1c0O001O1mPNVOon1Q1M0O2O000O001O010O1O1OO2N2YOVQN7kn1HWQN7hn1JXQN5in1KXQN0MCmn1<YQNNjn1N[QN1en1OZQN1hn1MYQN3jn1HXQN7Yo1O001O0010N0110O1O3MUm^]2
20111114063134Lh_10,QeTo01]P>9YoC4M0O1O0003N2O0001N1O002N2N03O2NOO2NkPNEen1P1LN2K3O2N3K5JfPNG[o1O_Ygn2
20111114063134Lh_11,\ZoZ25ho17K2M2WODlQN>Sn1DjQN=Vn1EgQN=Xn1EfQN;[n1EdQN:nm1@SRN7N8om1GnQN405Rn1R13N2M2NN3O0O02L5O101O2N1WO^QNCM60Hhn1<dQNEen19c0M4M3NdgVc1
20111114063134Lh_12,ogj`01YPh03boYO2O3M2[PNG_o1<1O1002oPNB]n1>aQND`n1<^QNDdn1=ZQNCgn1=VQNDln1;SQNFmn1;QQNEQo1:nPNFTo1:jPNFYo1`01N101O2M2N1O0000O1O100O10000O100000000O00010O01N20N2O100O01O1O1HaPNMao13`PNKao155O3LWWS[3
20111114063134Lh_13,j]kg02ko16L5L10000O0100O100O0010O10106mPN_OWn1c0fQNAXn1W1M4MO2N2O06J000dQNeNPn1f1002M5J3L7K;D6J3L4L5LY`lU3
20111114063134Lh_14,Rd`g21gPT12UomN1O2O2M2O001O00001O0O101O010O1O2M4M1O001O00001O10O01O00010O10O01O001O0O2O100O0001O1O1O1O0000010O01O01O02OO0105oPNSOcn1W1N1O1O0111M01O2O1N2N1O1O2O0OdNlQNm0Sn1kNVRNU1[n10O10001N1000000000O2O2TOWQN<Wo1000O10O101N3L4M2N1N4LlX]Q1
20111114063134Lh_15,_UUY31lTV12njkN4N3N0O1N2O10O000001M1N3O101N0010O1000000000O1N2O2M2O10001O1O1O010O1N20O01N01O1OO1L4O10O101O100000O10O100000000O00100N1N3O10O10O01N10100000O10N2M300O1O0010O1O100N2O2N1O2N1O2O1N1O2L4N3K5M4Jdif?
20111122063134Lh_1,_lbh11mQX17gmiN`0C4L4M1O100O102cQNROcm1P1URN[Ofm1a1O1N2O00O2N00101N10O1O2N2N2L4N2O2NO2O3M1O13L10O1N1O1N3N1N4L4N3LXSN_NQk1b1lTNbNSk1\1jTNhNWk1V1hTNmNXk1R1gTNPOYk1o0dTNTO\k1l0cTNVO\k1j0QTNJnk17nSNNPl1R2jTNaLii1a3kUNoLoi1S3iUNUM:UO80]g1i3jWNZM2[O5@H8Uh1R6QXN[JPh1e5lWN^JTh1d5iWN^JWh1e61N3M4M3L2O3Lb0_O4L3L4M3M2M3M5K4M1N2O1O1M5L3L5I9I8H9^N^TNVNik1a1]TN\Ngk1n0QTN^N=MIMok1^1U2I6M5J7I:Dol^P2
20111122063134Lh_2,cddl04lo11O1O001O000000000000100O001O10O0100O1O1O001O00001O0O1O2O1O1O10O01O100OO100000000O2N3M20O10O00100001N100O10002N2M1O1000O1O010000O101O000000O100001O3M1O002N001O1O1O00O101N2O1N3N1O1O1O1O1O0000000002WQNBlm1>oQNGPn1>fQNF[n1P10OdQNdNUn1f1hQNYNSn1j10O1N4K5K4lN_QNc0To1ZOVQNKXW_l2
20111122063134Lh_3,fhPR39eo15M2J8K6K3N2N01O1WOSQN<mn1BVQN>in1@YQN`0Vo1N1O001O010O1N20O0O2O0O1O100O1000O10O001000O3M1002OO100O000O01O010O2O2N5M0N1N101O0O3N2N1O10O11N6J2N1O0O001001O001N7gNUQNP1Po1M2O001O002N1O2M100O3M2O000O3M1O2N1O1N2McS[h0
20111122063134Lh_4,kfTc23ho17M2O001O1O1O1O11O4K10O010O01O001O0001O01O001O00001O000001O01O01O00001O0001O00010O00001O0001O001O00001N2O0000001O01O100002N0O010O010O2O0O10O1O100O001O10O02O1N1O10O01O10O01O01O02N100N10oWQW1
20111122063134Lh_5,hdTV21hPP21UoQN4M1O2N001O2N1O101N2O1N101N01107I0001OO001O1O1O0111N2M4M1M33OOOOO01N1000O1O2N10ZOgPNi0Xo10M100O20O1O1ZOmPN=Qo1BUQN9ln1FUQN9kn1FWQN:Xo1O0010O00001O000O1O0001O01O0001O01O010O01O10O10O10O10O01O10O01OO2O1O00010O01000O1O010O100000O1000000000000O01000K500000000000O1O2O001O1O00iPNFin19VQNJin15WQNLhn14XQNMhn11YQN0fn1O[QN1fn1K]QN6Vo101O01O000O100000N^OK]QN5Wo1100O010O100000O10O1O01O01O000000000001O1N2ObWo]1
20111122063134Lh_6,Shfb01oPb02kn_O6BLfPN8Xo18oPN^Oen1c0WQNChn1l0N2N6K4L3M02N1O002nNaQN=To1M100O2N2N2M3M3N10O1000O10001O1O10N1O1O1O1O001O01F`PN2go10O1O1000O1O1NaUiY3
20111122063134Lh_7,hdjV21fPX11WoiN4M1O1O1O101N1O101N1O3N00001O00010O6LO1OO001O1O2M21O2O0O3L1O3M6LO4L00OO10100O1O2O0O000001O1^OgPN;_o100O4M00000O1O1O00000000O1O1O100O001O010O010O0010O0100O010000000O10O0000001N1010O010O01O1O1O00101N_Xma1
20111122063134Lh_8,_cfU16io1110O1O1O00100O1O1O1O10O10O1O1O1O001O1O1O002O1N2O0O3M5L3L2N1O100O000000O100O1O100O1O2N2N2N1O2O1O1N102N10O01O0010O10O01O2O0O11OO100O00010O10O1O1O10O01O1O2OO01001N10000O4M1O0O2OO2N010O001O1O001O1O0000010O1O00100O1O010O1O10O010O010O11O0O100O10O100O10O2O00001O1N100003M;D2N10001O3L103M2OO00bQNkNQn1U1kQNQOSn1P1hQNTOZn1X18G20N2O8G2N20O2M101N3M2J8I:TOmPN=_o1L20OO200O001O1O0000O011N001000O1O101N010O1O010O010O10O02O00O1000O0100O10O010O00011N1KTWa]2
20111122063134Lh_9,UWm`21mRP12nlQO4M3M1O1O2N10O01O1O1N20O01O10O100O010O100O1O010O1N10100O1O01O0000001N1O1O010O1N2O2N1N2O2N001O01O001000001O0M4O010O010OD_OZQNb0dn1CXQN=hn1<0O3O01000000000O2N1K5O2N1N202L3O1N4IUhPY1
20111122063134Lh_10,^c^U13lo13N1O1O1O001000O0100O0010O01O100O1O010O1N2O1O1O010O2O1N2N108G3M101N2N00001O00O2O000O1O101N1O2N1N3N101M201O1O002N10O010O01O01O2O0O2O0O10O01O010O01O10O02N1O1O1O10O010000O01000001O4K2O0000O001O010O1O1O1O001O0000100O1O1O001O010O1O010O0100O0101O0O100O0100O000101N101N2N101N2N1NUZoa2
20111122063134Lh_11,QjTT31`Pb03[o_O2N3N2N7I4L1O1O2N102M4M2N0005L00QQNSOhn1T1O1O00000001N6K2N1O1N2OO1101M7J1N3N0O3M100O01O1O02N1O00001N2McSYh0
20111122063134Lh_12,[`bb01cSf03Vl[Of0[O5SQNRO_n1[1J5K7I5M3N5J3N1N20O01N110O0N3K5L4[O`MeSNd2Zl1c0M2O1O1O001O^OkSNSMMLZl1g1VTNnNZl1Q1iSNmNWl1T1jSNkNVl1T1kSNlNTl1T1mSNkN_OCXl1b1YTNjN^OHWl1^1\TNhN^OKUl1^1\TNfN@KVl1^1]TNcN_ONTl1_1_TN`N@NSl1a1aTN[N@1Ql1b1h1NhQNbNSn1^1nQNbNRn1[1902N2lN_QNg0dn1TOaQN?Vo1N5@j^eY3
20111122063134Lh_13,XcVU12lo14M3N3M1O1O10000000O101O1N10O010O1O00100O1O100N2O001O1O002N101N2O1O5J5L0O2N100O001O00O10000O101N1O1O2N1N3N2N101N101N201N001000O010O002N101N1000O01O01O010O011N1O100O001O1O1000O10000O101O2N2N1O0O01O001O1O001O1O1O0001O000001O1O100O2N1O1O0100O010O10O100O100O10O10O01000O101N2O1O0O100O10O010O02N1NRZca2
20111122063134Lh_14,ggh^11XPf03co[O2O1O2N1O101O1O000002N000000O0010O01000O010O2N100O010O00010O010O100000O10O10O010O010O0010O1O001O1O2MoV[]2
20111124153054Bh_1,\d\a11nPR1;dnoN7K3M2N2O00000010000O011O11O11N1O1NO1O1O1N101O000000000O010O10O02O000O10000002N7I5K2N3M2N2O1O0000O5L5J4L1O5K2O0N10001O1O1O1O1O010O01O00000001O0N3N1M7GjViX2
20111124153054Bh_2,Qldf21lQT18immN4M3N2N10O01O1O020O000O3M2O00005mPNYOcn1W1L2M3O=C11OgSNVNXj1g1dUN_N[j1`1aUNeN^j1]1ZUNjNej1W1TUNPOjj1P1SUNUOkj1l0PUN[Onj1c0QUNAmj1?lTNKRk14lTNOSk13iTN1Uk11`TN9_k1U2O1O011O000iTNaKkj1n4N2N2M1O6L6I12M5J4N1N2N1O0O2N1N3O5J7H5K3M8H7I4TNnSNBZl10XTNE[l1DUTN0Pl1CYTN;hm1N0100O000001O00002N1O4L1N1O3NfjRS1
20111124153054Bh_3,]bfe11`Ql17WnUN2N2M4N1O3L2O2N1O2N100O1O1O100O000010O01O1O0001O010O01O01O1O00010O000000001O00001O001O1O100O1O1O4L1O2O0O1O10O2O0O1000001O001O0010N1100OO3N011O01O3M005KO1OO2N001O001O1N1O2O1000O2O1N11O010N110O010O1O010O011N001O001O011N10O02O0O3M3M3M2O2N01>C6H2<FM02N3L?B2K4M2N2N5K2N3M002N0O3N2N1N3M1O2MmU_o1
20111124153054Bh_4,YcZo12no12M101O0O2O001N2O0O2O001N101O1O001O001O0010O01O01O010O0010O0010O0010O01O010O0010O0010O0010O0001O010O0100O1O1O10O0100O1O010O100O10O010000O100O101O1O0O1O010000O0100O1O00100O1O010O0010O01O0000010O00000010O0001O0000001O0000000001O0000001O00000010O01O001O01O01O001O001O010O001O010O00001O01O010O00010O010O01O01O01O010O1O01O01O010O1O010O001O001O1O10O01O0000100O0010O1O01O1O010O1O00102M1O1O100O1O1O2N1O2N1NXZUd1
20111124153054Bh_5,RddW15do1=RNBlSNb0mk1EoSN?mk1DQTN>mk1CQTN?nk1CPTN?mk1DQTN=nk1DQTN=nk1DRTN<mk1ESTN;kk1GUTN:ik1GWTN9gk1IXTN8fk1JYTN7fk1KWTN7hk1LUTN5jk1MTTN4lk1NPTN5nk10\SNfN;^1Xl1l1M3N3M3N1O1O10VO[TNYMck1e2bTNZM]k1d2hTN[MUk1f2mTNYMQk1g2SUNWMlj1h2V1O100O01O100NgNTSNCll1=WSNAgl19aSNF_l18eSNGZl19iSNEVl18oSNERl1;PTNBPl1>STN]OPl1d0TTNVOmk1j0[TNkNgk1V1a1001O1O1O1O2O1N2O1N201N1O1O101O1N2O0000O3N0O2M4M2N1N4L4iNZQNl0Xo1A?Di^[c2
20111124153054Bh_6,ehT[1:eo19G4L2O3M2M3N2N2N010O2N102M10100O000010O2N5K4K2O1O2M2O1O1O1O0000000O2O001O1N100O01O0100O1O0O2O001O0000001N010O1000O1000O01O010O1O01O1O001O1O00101OO01O4JmUQ`2
20111124153054Bh_7,e[UV21iP:2QoG:G4M3M3M4K4K5M3M2O2N2O11OO0100O0O1O2N3M3M1Ob0^O3M2N6Habjg1
20111124153054Bh_8,ggRk21UPb08bo_O3M1O3M001O002N1O0000001O000001N101O001O00001O10O0100O010O10O10O2OO0001N2O1O6H`WkQ1
20111124153054Bh_9,WhZ]24ko13M2O1O1O1O1O1O001O10O1O00100O00100O10O01O0010O10O1001O0O100O100O1O00101N1O1O001O100O0010O003M1O2O0O1O2N100O1O1O1N2O1N2NhVk^1
20111124153054Bh_10,fabk11bQn33YnSL2O1N2O0O2O0O3M101O0O2O001O1O010O000010O00100O0010O1O00010O000100O000100O0010O00010O1O01O010O010O00100O011N10O01O011N0010001OO010000O1O11OO1O011O0O0002OO1O10O01O1O010O1O0100O01O001O1O01O0001O0001O0001O000000001O000001O000000001O01O01O01O01O001O0010O01O001O00010O001O0010O01O01O01O01O01O010O00010O01O010O01O010O001O10O010O01O00100O001O010O001O1O00001O010O0011N01O10O010O02N1O10O12M100O2O0O10000O1O1O1O3J^Rj0NfmUO2O2M1O3M1O3M1O2O1O002N000100O010O0010O01O1000O00010O00010O010O100O10O0101N0010000O0010O010O011N01O10O1O10O02N001O2N2N2M3NmVU_1
20111128175514Mh_1,V`Pm18eo14N1O101O001O0000001O00000O20O01O0O2O0001O0000001O001O100O002N1O100O002OO01O010O10O1000O010O01O0100O2N010O010O100O010O1000O1000O10O01O2Mn^en1
20111128175514Mh_2,Z_`S15eo17N2N2O1N2N2N101O2N1N3M3N002M2O1O010O1O001O01O0001O00O20O0010O010O3M1O10O01O1O0O2O2N2N1O1O001O001O001N10000O2O0001O00010O001O010O1O0100O10O10O10000O10O01O001O010O001N101O0O2O1O010O1O10O01O001O1O1O1N101Oc_Sf2
20111128175514Mh_3,PddQ3=bo1?@2XQNSO\n1m0cQNWOZn1j0eQNXOXn1j0gQNYOUn1i0jQNZOTn1j0hQNWOVn1\1N3MSOQRNJnm10ZRNOem1O_RN0_m1OdRN2Zm1MiRN1Wm1NjRN3Um1LnRN3Qm1LQSN3ol1GXSN9gl1E]SN9cl1G`SN7_l1IjSNNVl11m100000000001O0000001O001O100O1O001O001O001O1O001O100O1O002N0O101O000000000000000000O1000010O1O010O10001N2O000O10O100O010000O1001O00O1001N1000000O1O102N00001O0O5L7I2O01O2N0N101O1O000O2O0O011O0O011O01O010N3O1O2L3O1M2O0001O103K4N0O3M0010O01O3N1OO0100O101M5MOO2OO11O1N1O2M2N2N5JWX[d0
20111128175514Mh_4,ScRX31[P^13aocN1O1O00100O1O001O0010000O001000O0100O101OO01000000O101N100O11O1O1O0000O10O1000O0001O10O00010O001O010O000000000001O0000000001O001O00001O0000000001O00000001N10001O00010O0010O001O100O00100O010O000010O010O000001O0000001O0O101O3LU[]?
20111128175514Mh_5,mc^Q3:eo1l0UO4K2O2N1N2M5L4L3N2N1N2O1O2NdN`RN:^m1DgRN:Xm1EjRN=Sm1ARSN`0jl1]O[SNb0dl1YOcSNg0[l1XOgSNh0Xl1XOjSNh0Tl1WOPTNi0mk1VOVTNi0ik1WOXTNi0gk1WO[TNi0ck1WO_TNh0`k1XO`TNi0_k1WOdTNg0[k1ZOfTNd0[k1[OfTNe0Yk1[OhTNd0Xk1\OjTNd0Tk1\OlTNd0Tk1\OnTNc0Qk1^OnTNc0Qk1\OQUNd0nj1\OSUNc0mj1]OUUNb0jj1^OYUN`0gj1_O\UN>dj1AaUN<`j1AdUN<Rm1N1O1O5G^Yak0
20111128175514Mh_6,]aZc28eo19H6K3L5M2jNWOoRNm0nl1XOnRNk0nl1XOnRNl0ol1ZOeRN^OK]1]m1T1L2O1O1O00001N1000000O101O0O2OgNSSN@ll17_SNH`l11gSN1Wl1NjSN58lNfj1o0SUN6KXOoj1a0XUN:]O_OZk16YUNa1fj1]N\UNb1dj1]N^UNc1cj1[N]UNe1dj1YN]UNg1ej1VN\UNj1fj1SN[UNm1jj1kMZUNU2Yl1O1O002M2N3M3N2L5K6I6K5K6hNbQN1K7P\_Y1
20111128175514Mh_7,m_^h21ko15O1M3J6N3M2H7O100O100O100O10O01O1O1O01000O010O10O1000000O1000000O10001N100O100O1O100O101O0O10000O1000000000000001O001O001O1O1O001O2O0O1O0010O000010O000000000001O01O01O00001O00O10000000000010O001O0001O00010O00001O01O001O1O001O001O001AkPN0Vo1OlPN0Uo1NmPNIN2Wo1OhPNO:1]_QP1
20111128175514Mh_8,lgnS33lo14K4N1O1O1O1O10O01O1O10000O101N11O01OO11O01O01O0003N0O002O00O11N01O11OO1O100O00O1100O2N010O000000O101O0O1O1O2M3N3L4LSV[h0
20111128175514Mh_9,Rh\l2<co18H3N3M4L4L3N1O010N110O1O11O0N200N2O4L4L1O10O10O1O0O200N2O00001OO100000010O000O10010O0000000001O00000000000002N00001O0000O100000001N101O1N2O0O011N010O00010000O1O1O10O010O010O10O000000010O01O0O100N3N2O1N2O0O2NdTQm0
20111128175514Mh_10,]USX21no15K2O1O1O001O1O010O10O01O10O01O10O10O0011OO001O010O0001O00010O00001O1O1O1O1O1N2O1N3MRjVe1
20111128175514Mh_11,V_bS1;do1102M2N1O2O1O1O001N3M3N1N4M1O1N2O1O1O0000010O0000000001O002OO10O2N00100O1O1O1O1O001N2O1O1O001O1O000O101O0O100010O0010O0002N10O0011OO0102N1O0O0002OO10O01O01O1O001O02N013MO11N10001N100000O011O0O101N3M3N2NO02O00000002M201N0O11000O0O2WRN@mk1b0RTN^Omk1LhRNi0c0UOB8Rm1JjRNk0=YOB4Vm1HmRNj0:Lgl1[OPSNi08Oel1YORSNj07Ofl1WORSNm04Nil1UOTSNo0N1ml1nNUSNb2gl1]MYSNd2gl1XM]SNj2ll11O00_MoRNF1U2Sm1RNUSNm1jl1RNVSNo1`m1M011O1TNYRN\1hm1_N\RN`1Tn1N3M1O5K7I3N3M1O0O1O1O001O1O1O1O1O2N2N0O5Hi0NhoMM]o14aPNO]o1;N2O1O11O00O00110OO01O1000O10O0100O10O00100O020nPN_Oan1b0XQNGfn1l0O1M110O00O2O0O2O001N2N2N1O2N2N1O2M3N0O3M2O1O2N3L2NXYW_2
20111128175514Mh_12,ZbXP31gQ\1Q1TmeN5L5L4K5L4L4L2N2O2N1O3MdN]RN=am1AeRN=Xm1BlRN?Qm1_ORSNb0ll1[OYSNd0fl1VOaSNj0^l1TOgSNk0Wl1UOjSNk0Ul1TOnSNl0Pl1TOQTNl0nk1TOUTNj0jk1UOYTNj0fk1VO]TNh0bk1XO_TNh0`k1XObTNg0]k1YOeTNf0[k1YOfTNf0Zk1ZOgTNf0Xk1[OiTNd0Vk1\OjTNe0Tk1]OlTNc0Tk1\OnTNc0Qk1^OoTNc0oj1^OPUNc0oj1]OSUNc0kj1^OUUNb0jj1@WUN>hj1BYUN?kNSOoj1?YVN=]N@Vk14^VN=UNE[k1NbVNX1\i1iNeVNV1Zi1kNiVNS1Vi1lNlVNR1Ti1oNoVNn0Pi1SO^WN?bh1AaWN<^h1EcWN:\h1GhWN6Vh1KoWN1og10RXNOmg11UXNNig13YXNLfg14\XNLbg15^XNK`g16aXNK]g15dXNJ\g16fXNJXg16iXNJVg16kXNKSg14PYNKof14TYNLjf13XYNMhf12ZYNNdf12^YNMbf12aYNM^f13cYNL\f14gYNJYf16fYNK[f13hYNLWf14iYNMWf11lYNNSf12mYNORf11oYNOPf10QZN0oe10QZN0ne10RZN2le1OUZN1ke1MVZN3ie1MXZN4ge1KZZN5fe1J[ZN7de1H]ZN8de1F]ZN;ae1F_ZN:ce1D]ZN<be1D_ZN<ae1C`ZN<`e1E`ZN;_e1FaZN9`e1GaZN8_e1HaZN8^e1IcZN5^e1KcZN3`e1JbZN5hj1JSVWh0
20111128175514Mh_13,ldbS13lo13N1O1N2O1O0010O0000001O0001O0O10000O1O1O1000001O00O10000O100O10001N10000O2O00001O01O01O000100O10O100000O10001O002N00000O20O0001OO10000O10001N20O00101N1O1O2M102OO000O100N101O2N1O001O00100O001O1O1N3MaYUf2
20111128175514Mh_14,a`nX21^Q:0_nG4M2O2L4L2O1O1O1M2O2]O^OgQNb0Yn1@cQNc0]n1A\QNb0cn1=1N101O001O1N4M2N1O2HnPN]OWo1?V_Se1
20111208173814Mh_1,Qddg21jPh06nnYO5M2M6K6J2N100O1O21N2M2N5L10N04L3M1N11O00000O0100O11O10O000101O6I2N0002NO20O001000O2N5L1O3L13N2L4L3M5J3M2MlWWT1
20111208173814Mh_2,SdRR14go17M5L1O2M2N200O1O00100O0010O01O10O0100O001O1000O100O1O100O002OO02O0O2O0O1O2N100O010O0010O01O01O010O000010O01O010O0010O01O010O1O011N1O2O0O2O000O101O0O10O0100O4MO001O000000001N1M301O1]OjPN:Xo1DjPN:^o101O001O1O01O0000010O010O1O100O001O01O00100O010O010O00010O0010O010O01O01O10O010O1O00100N102N1O10O02N001O1OaYid2
20111208173814Mh_3,iXe_11PUX20ljiM5M2N100N20000O2O000O1000000O100000O11O00000O101N10000000000O10000O100O1O1O100O0100000O011N0100O1O1O0010O0000000O101O0000O2O0O10000000O101O010O00001O00001O001O1O000O2O000O2M2O2N1O0O1010000001O000000O010O10N102O0O1000001O00O1N2J60000O10OO20O1001O001OG_QNSOan1m0811O001O0100O010O010O0100O1O010O1O10O0100O100O1O100O1O101N100O100O10O10O1O010O1L301N200O010O100O1000001N100O1O2N1O3LVf`R2
20111208173814Mh_4,ecf`21PQb15hn_N4N3M200O10O01000O10000OO3N001O0O2O1O1O1O1O00000001O00O0100O1O2O000O100O10O02O000O1000001O10O01O0101M8I101N1O1O000001O0O2O0O1O2O0O1O10000O100O0100O010O10O11O00O1001O000000O10O2O0000000000]OjPN;^o110O0001O00000001O1N2O1N1O1O101M1O[WgV1
20111208173814Mh_5,RPU_21iPl02RoUO3N3N0O1O2O0O2OO02O0N200O100O1O1000001O0000000000001N1000001O002aQNXObm1i0[RN[Ocm1e0[RN_Odm1a0ZRNAem1a0WRNBhm1b0SRN@lm1b0nQNBRn1W10O0001O1O000000O101O0O10001N100O2N2K5L4K5N2N2TOWQN=Zo1L2O3L3M2N3M_nd[1
20111208173814Mh_6,mVUc28fo19H3M2N4M0O2N1O2N1O1O1O1N2O1O1N1O1O1M3O1N10N21N11O2N1M3O2M2O2O001O1O1O100O10000O10O01000OO2O1O1O1M4L4J6M_j`Y1
20111208173814Mh_7,l]\f22no11O000O2O0O1O2M3N100O2O001O0O101O00001O0O101O00001N10001O001N100000000000O10O1000000O0100O1O100O100NgPN]OYo1c021O2N01O01O0001O01O010O10000O0100O010O010O0100O100O10000O010O01000O02O0O1O100O1O1O2N2N10000O102N0O10O01O01O1O010O001O010O100O001O002N002N1gPN@Po1j0N1O1N2O1O1O1N110O1O1N3N2N1O1O2N1O0O2O1O1O1O000O101OO2O0000001N1O102N2O00000O2O00oQNdN]m1[1bRNhN]m1Y1`RNiNam1V1^RNkNbm1U1\RNmNdm1S1ZRNnNgm1U1TRNlNmm1c110O01O2N1O002N002M101O1O1N3M2O2M2N2O1O1N3J9I5L2M3I7N3Kg_[m0
20111208173814Mh_8,ceV[22lo14N1N3N010O00100O5L0O010O10O01O1O010O01O1O011OO2OO0200O0111N00O1O001O1O1O2O4LO010O1O2N1O0O2N2O001O01OO110O0001000O01O10O01O010O00100O10001N01O1O00001N1000001OO10O1000000O10000001O00001O1O1O001O1O000000001OO010O100O101OO0100O100O1O2OO01O1O010O100O0010O0000001O000000001O1O001O00001O010O10O010O010O010O00001O001O1O0M4O1O0O2O010O0O1O2O2LmUYZ1
20111208173814Mh_9,_c\`09eo1<E2N4M0O2O1O001O0O2O0010O01O001O00O2O01O001000O2O3M5K0O1000O00100O010O1O01O0000001O0O101O000O2O0000001O00000010O00010O10O010O10000010N101O2NO1000O10000O2O0000O103M0O4MO10O2OO02OO00010O01O10O0000010O0000000O2O0O100O100O100O1O1O100O0100000O10000000000000001N100000000O10O10001O000O1N2M4M2O100O1O2O0O2O2M1O3MkZoU3
20111208173814Mh_10,mc\X21dQl22XnUM3N1O1O1O1O011N4L100O101N1O010O1O010O01000O011N2N10001O02O0O3N00N111N5J101N2000O002N2N002M3N1O1O000010O01O01O010O01000N110O1O010O012N1N01000OO101N10000O1000000000O0100O1000000001O010O2M011O0010O0000000000O10O10O010000O2N2O0O100O1O100O1O10O01O0010O00001gKBoXN=Qg1DnXN<Sg1DlXN=Sg1CmXN=Tg1CkXN=Vg1DhXN=Xg1BhXN>Yg1DdXN=\g1DbXN<_g1D`XN=`g1F\XN:eg1FZXN;eg1FZXN:hg1FVXN;ig1FWXN9jg1GUXN:kg1FTXN:mg1ETXN;lg1ESXN;ng1DSXN<lg1ESXN;og1DQXN;Ph1EoWN;Rh1EnWN;Rh1EmWN;Th1EkWN:Wh1EjWN:Xh1EgWN;Zh1DfWN<]h1@eWN?nk10001O0001O00000gLFlVN;Ti1EkVN;Ui1ElVN:Ui1FjVN:Wi1EiVN;Xi1EgVN;Zi1DfVN<[i1CfVN<_l1000UMFPVN;mi1HSVN7li1LSVN3ni1MQVN3oi1NQVN1Pj1NPVN2Qj1LQVN3Pj1LPVN4Qj1JQVN5oi1ITVN7li1HTVN8mi1GTVN8mi1GSVN:jl1001N10002NO0100O0100O010O01N1N2O10000O10O1O1O102M2O0O100O10O01O2O1N2NaUiV1
20111208173814Mh_11,bdl[13lo14K4J5M3M2O1N3M2L4N10001N101N2N1001OO110N11N1O1O100O1M2O3O00O101N1O10O02L2N3N2000M4L5N10`MROnUNl0Sj1VOlUNg0Vj1[OhUNe0Xj1]OfUNc0[j1^OcUNb0^j1^OaUNb0`j1^O_UNb0aj1@]UN?ej1BWUN`0ij1ARUNd0nj1]OoTNd0Qk1^OkTNd0Vk1\OgTNf0Zk1ZOeTNe0^k1ZO`TNg0`k1[O]TNe0ek1\OQTNl0ok1UOkSNP1Vl1QOaSNV1`l1lNXSNX1jl1iNPSN[1Qm1i0100O2N2N2N101N2N2N1O2N101M2O2N3M2N2N3M3L3L5H;D:I8I9BY_Y^2
20111208173814Mh_12,fahm14ko11O3N10O02O0001O0002N10O01000O00O1010O1O2N00001O0000O02O0O2OO02MX]UP2
20111208173814Mh_13,ncfe21bSV11\lkN2N00102M2N010O10O6K1N2Ollc07kR\O6L1O;E1O1N2O1O101O00O3M2O5K000O2N5K0O2O000000O10O101O01O00012M2N6K0O0001O01O010O011O2M3N2N3L20N4M2M4L6J2M2N1N6JgWST1
20111208173814Mh_14,\\nh11oo10UQj71jnUH1N2O00000000001O0001O00000000001O000000010O01O001O1O1O2M2O000010O01O002O0O102aPNAXo1d0O01000O100O010O001O01O000000001O00001O001O000O101O001O1O1O001O1O00010000O2N001O010O000000001O00001O000000000000001N10000O101O000O101O0O101O0000001O0000000001O0001O000000000O101O0000100O1O1O1O00010O00001O000O100000000000000O10000O10O10O100O01000O100000000000000000000000000000000001O00000000000O101O0O10001O001O010O00010002N1O00001O001O1N01001N100000O10O010O01O0010O01O0000001O000000001O001O00001O0000001O001O0010O01O01O00010O10O10O0100O0100O01O010O010O010O0010O000100O010O10O010000O0010O100000000O2O1O000O01000O10000000001O0O01001O1O1O5L0O10O001OO03N001O00000O2O0O1O002O0O10000000001O001OO01101O10001ON1O1O3MO03M100O100O100O101N2OO05K3M6IW]cX1
20111208173814Mh_15,SdnQ17fo14M3N3M2O2N1O001O1O1O1O010O001O10O01O100O010O100O011OO1O10000O1O100O1O1O2N100O1O1O1O10O01O010O0010O010O0001O01O0010O01O10O000100O1O1O102M00101O002M10004K10O00010O1O001O00001O0O101N2O001O2O4K1O100O1O000010O010O0010O01O0001O01O01O010O010O00010O00010O02N010O001kPN^Okn1a0PQNAM1Qo1?QQNFon19QQNHnn19RQNHmn17SQNJmn16RQNJon15QQNMmn14SQNLmn13SQNMnn12SQNNln11UQNOln10UQN0jn10VQN0kn1OVQN0kn1OUQN0ln11SQNOnn10QQNORo11mPNNUo11kPNNWo12iPNMXo12hPNNZo10hPN0Wo1OiPN1Xo1NiPN2Wo1MjPN2Wo11fPNNZo13ePNL\o1:20O2N1O102N011N101N10O0100O010mPN[Oin1f0VQNZOkn1e0UQN[Okn1n0000000O18H1O1N5MO04MN1001OO10000O010O10001O000O01O10O010O0001O01O01O0010O00001O0001O0001O000O1000000000000000010O0100O1O010O1O010O1O0010O00010O02N011N2O0O3M1O1O2N1NVWm]2
20111208173814Mh_16,_\UQ21jP<4nnE5^OGWQN<gn1GUQN;kn1FSQN;mn1FRQN;mn1GQQN9on1IoPN8Qo1;00001O1O1O001O001N2O0O1O100N200N4M2NQchl1
20111216103234Ch_1,giRf04lo11O1aPNKQo16nPNJSo15<1O1O101N1O001N1N3M3N10O10O01O1M201O1O00100O1O010000O10O0000001O1O1O1O101O001O01O0100O010000O100O5L0O1O2N1000BbPN:co1O0000O010O010O0100000000000O01O101N003KeUmT3
20111216103234Ch_2,Y_^Y11eSd0?hk]O5I6N2N2N3aMUOcUNo0Zj1ImTN:Rk1HiTNCRONTl1>fTNFZOLok1>cTNFBLlk1<oSN89\Ojk19iSN;c0ZOgk18cSN>i0[Odk1^1_TNbN`k1\1cTNdNXk1]1mTNaNlj1d1WUN\Nhj1b1[UN_Ncj1^1`UNcNbj1j0PTNoNb16_j1e0TVN[Oki1c0XVN]Ofi1?`VNA^i1>dVNB[i1=hVNBXi1<kVNCTi1<oVNCQi1:UWNDjh19[WNEfh18]WNHbh15aWNKah12`WNOeh1H_WN7Vl100N2Nk[cc2
20111216103234Ch_3,afj[27go12O2N1O1O1O1O000TODURN<Um1FaRN288Wm1IZRN5=2Xm1?hRNAgl1CTSNl03Bgl1HQSNh07@gl1NmRNd0:_Ogl12jRNb0=]Ogl1Y1XSNgNgl1\1WSNeNgl1]1XSNdNgl1^1VSNdNil1]1TSNeNml1U210001M2O2O0000001001N1O1O2OO0ASSNmMll1R2YSNkMgl1S2]SNlMbl1Q2cSNmM]l1Q2k0L4M2N1F:N1N210QObQN=_n1AfQN9^n1EcQN9`n1BfQN:\n1DlQN5Un1JnQN2Un1Ml]e`1
20111216103234Ch_4,d\eb23lo14I5_PNGWo1c0N3L6K2O1N2O1O0O2O1N3NSO]QNI1;`n1LaQNG69Vn10TRN0km10WRN0fm11\RNObm10aRNO^m1LjRN3Vm1KlRN4Um1JoRN3`n1O1O2N]bf[1
20111216103234Ch_5,PePd1?Zo1;H5M2J7N2N1O3N2MSOmQN0Rn1NZRNIem15`RNJ_m13eRNK[m14gRNLXm12jRN0Tm1OnRN1Pm10QSN0nl1OUSNOkl10WSN0hl1OZSN0fl1N\SN3cl1L_SN4Vn100100O010O1O0001O0000010000O01O0OlYaY2
20111216103234Ch_6,]bZ`01UQh07`nYO5M3M4L7H4M2N6J3O2M=D111N>A3M2N2M3N3L3N4L18Ga0@O12ROWRN_Okm16_RNIdm1KfRN3_m1CiRN:an1N0000N3M101O1N2N3N10O1N3M2M3M200O0101O001O002N0100N2N2N3J[YY[3
20111216103234Ch_7,a`l`22lo14M2M3N1O2N1O10000O100O2N200O1O0L5N10000O0100O1O010O10O01O000O02O1O0O2O100O100O1O1000000001O001O1O0O2O0O2O00000000001O010O000001O010O1O0001N100O2O010000O100O00010O1O1O001O00O1O101O10O1OO2N3_OgPNOco1NQ`QY1
20111216103234Ch_8,Zd\Y15jo13N3N1012OO1O2L1002M2O2N0OO10011OO1O010N1O2O0O100O1NYZmd2
20111216103234Ch_9,]Zed01no14K3O1N2O1O001O001O2M3N1N2O001O01O01O01O001O2O0O005LO04L1O1O1O001O0001O0000000000000000000O1000O01000000O10000O00001O1O1000O10002G[PN3jo1O0O2NWePW3
20111216103234Ch_10,l[jg13lo12N2O001O00001O000001O0001O010O0O101O0010O00O101O1O1O1O1O3M1O000O010OO101N2O10O101O000O10000001O1O0O10O01010O003M1O01N2N1O10000001O1O010O2N2gPN\ORo1k0N10O00000O101O1O1O0O3N1O1O000O2O10O1M4M]OiPNb0To1^OmPNb0Ro1^OoPNb0Po1^OPQNb0Qo1]OoPNd0Po1\OoPNe0Vo11O01O1O01O0010O001_OjPN6Wo1GmPN6ao1LXc[Q2
20111216103234Ch_11,``n`24lo12L3M2N2O2N100O100kPNAhn1a0WQN_Oin1a0WQN_Oin1c0VQN\Ojn1d091O1O0L4O100000O0010O01O01O010M20O1010O1O1O1O010O101N10000000O2O001O001O0O2O000O1000001O000010O0000001O100O01O010O0O2O0100O010O010O1O001O000000000000001O0O2N1N20000O_OUQNOln1JUQNH2<in1K`QN3_n1LeQN1\n1NeQN1\n1KgQN6Qo101O00000010000001N0100O00100O010O00010O01010OO100O2O1N100O100O010O10O10O0100O10O0100000O0101N2N2N1O1NW^_U1
20111216174914Mh_1,ifh^2140ao1;M2N2N200O001O10O01O1O100O1000OO2`MA^UN?aj1E]UN:bj1JZUN8ej1KcTN@WOg0Vl1LYTNG]O>Zl1MTTNLZO;al1LdSN[1]l1T10O001N101O10O01O1O1O100O100O010N2O1O1M4M1N3N2N2O1N3N1N3N2N2L6I:F5L3N2N2O1L5J7I8JW\S]1
20111216174914Mh_2,aiVh04ko12O1N2N2O0O2O000O101O0001O00000O1000000000O1000000O10000O010O100O0100O10O0100O100O10O010000O10000000000001O001O001O2N10O010O0100O010002N0O10000O01000001O0O2OO2O0O1O1O101N2N1O2N1NlUUR3
20111216174914Mh_3,e[Ue21QQ:6enG7K3M3M3M1N3N1O2L3H8O101N010O10O101L4I6M4K5N4AWdPY1
20111216174914Mh_4,i^^`21_Qn25ZnSM3M1M4N2N1O4M1N2N100O2N1O2O0O100O2O000O100O100O01000O100O10O0100O0010O100O1O100O10000O10000O10000000000001O000000000000000000001N1000000001O0000000000000O2O0001O000001O0001O100O1O1O2O0O010O0010ZOYQN1hn1M[QN2dn1M_QN1bn1N^QN3bn1KaQN3`n1KcQN4\n1LdQN4]n1JeQN6[n1IfQN8Xn1GjQN9Vn1ElQN<kn1001000O1000O02N010O10O01O10O01O10O02OO01000O010O010O10O010O01O10O010O00010O010O010O01O0100O010O010O010O0100O010O010O1O01O10O010O010O00010O00010O01O01O01O01O01O010O12M2O2N1OO10O10O1O01O001O0000010O0001N101O010O001O001O1O002N002N1N2NZ]cn0
20111216174914Mh_5,h_X]13P31UMO\l12ZVN:gi1GTVN;ni1EnUN?Qj1EhUN?Wj1HbSN0Y1:Uk1>fTNDXk1?eTNCYk1a0bTNB_k1>hSNmNKm0^l1U21O1K4M4J7K5L5J6K6J6H8H6YOg0L3L6K7Gh_Qa2
20111216174914Mh_6,Pb``01nPT16hnmN4N3N1O100O2N2N2N1O101N100O2O0O10O1000O10O10O2OO1001N2N2O3L5K6J2N3N2M3N2N5K`0A03M5J4M2M8I2N002N10<D8G3M1O1O0O0O2O1OO10O1O010O1O100O1N101O000O10000000000000000000001N101N3M1O4J_YkX3
20120107063134Lh_1,goTi17go13N6K2O001N1N3L4M2N2O101N1O3M1YOnN]RNT1bm1nN[RNS1em1oNURNW1im1b0N5KiNWRN8hm1F[RN;cm1D^RN=am1B`RN?_m1_OcRNa0\m1^OgRNb0Xm1\OkRN_OJg0Zm1JoRN\OIk0Um1I`SN9^l1DeSNc0Tl1[OoSNd0Rl1WORTNi0Ql1POSTNo0`m10001N1O1O001O4L3M4K3L4M4K4KenjS2
20120107063134Lh_2,]bh<2hVd17hh]Ng0bQNXO_l1P1PSNoNA:Sm1\2I6L4L4M3M5I`0B3L3O2N1N2K6F9M3O2M2N2O1N3M3I6N2M3N2N100O01iN[VNSLei1l3X1N1N4J4O2O002M200O1O2N1N1D=M3OOUOfSNTN[l1j1mSNPNRl1n1XTNjMhk1T2Q1O3M3N11O0001N2K4J7L4O1N2O2N2O1M2O101N02O01O01000O010O001M2O1M4N2N101N2O1N21N2N10O1O00001N100N2O2O1N2N2N101N1010000O1O10O10N2N2N2M2O111Nk[SZ3
20120107063134Lh_3,j[Ti15go17L`0_O3N2M2O1O1O2O2M2M7bQN_NRn1l1J;C6J7G8L3L3N3N001N2N20001OcMoSNk0Ql1QOWTNl0ik1PO]TNm0ck1RO`TNl0ak1RObTNl0^k1SOlTNd0Tk1ZOnTNf0Sk1WOoTNj0Pk1TOSUNP1hj1nNZUNU1cj1hNbUNX1^j1dNfUN\1bl1OO0O01O6I1O1O1O1O1O1O1O1N2N2M4M3M2O1N3M4L3NRbSS2
20120107063134Lh_4,Y\fX11WQ\15aneN3M3N2O2M2O01O002N100O101O00O002OO01O0O10000001O1O1O2OO011O1O1O1O002M3N0001OO0010O0010O011O01O1N22N0O01N12M7J01O2MF[OZQNe0fn1\OYQNe0Ro120NO0110N1N2O1N0000000001O0001O20<FM2N:E4K3N100O1YRN[ORl1g0hSN]OYl1b0dSN_O^l1a0`SN_Odl1`0YSN_Okl1`0RSNARm1>jRNDXm1l0SRNVOQn1[13M2N3K3N5K3M8@SQN[OUo1>:K5Kd^__2
20120107063134Lh_5,Te\g11^PP11]oQO=F1N2ePNBRo1g0O10O3N0O2N1O1O0O2O0O2O00001O010O101O002O0OO2O000O010001O3M00O10O00O2O4K3N2O2M2OOO11O000000001O0O2O0O101N1O1O1N2O100O1O1O10000O10000000001N102MZYkR2
20120107063134Lh_6,k[Zi122?So1<L2O1M4N3M2N2M5Ke0\O3J6J7H7K4M3L3N2N2N2N2O2N1OdMTTNf0lk1TO^TNh0bk1UOdTNh0[k1XOhTNf0Xk1YOPUN`0oj1@UUN=jj1BYUN=fj1B]UN>aj1AaUNb0\j1\OgUNg0Uj1XOmUNj0Pj1TOTVNl0ji1SOYVNn0_h1jNXVNKZOOT2[1Vh1SOQYNl0lf1WOXYNe0ff1]O]YN`0af1C^YN<bf1F^YN8af1J^YN6bf1L^YN2bf1O]YN1bf10_YNOaf12_YNMaf14_YNJcf17\YNFff1<YYNAkf1=WYN_Olf1a0UYN]Omf1b0SYN\OPg1c0oXN]OTg1a0lXN^OVg1b0jXN\OYg1c0eXN\O^g1c0cXN[O`g1c0_XN]Oeg1?\XN@gg1=ZXNBlg18Q4L4KUfeR2
20120107063134Lh_7,bZck14jo13L4O2M5L2N2N1O1O00001O1O100O1O1O1O1O00100O1O001O001O001O001O001O1O0001O000000O010O01N2M2O2O10O00101N1O1O1K6N1O2O001O00O1O01O001HdNjQN]1Vn16OO20O1001L4M2O200O1O1O1M3J6O1M3O1O10O01O1N2M4N1N2O100O1O100O1O1O100O2N2Mcfnm1
20120107063134Lh_8,To\b01go1<H5F9L4O1O001M2N2M3N4L3O2N2L4N00jNoQN?Qn1]OWRN=km1A[RN;em1C_RN:am1FbRN7^m1IdRN3^m1MeRNM^m13eRNI\m17V110O10OO2O1MiRc[3
20120107063134Lh_9,__`^11YS`01ZjA9VTNOgk14VTNNbk1;ZTNHdk1:ZTNHek1:XTNGik1<RTNFPl1:lSNGWl18gSNG^l17`SNEgl1;VSNCol1<oRNCVm1=TRN^O38km1]12N2M3M3M5J5L8G5C<L4Ke^__2
20120107063134Lh_10,`e^h1?_o14N5K3M21N0O2O0O1O1N100O2O1N0100O2O1O02N10102M3M01N2O001O0001O1O0O10O0O2O2M4M5K3L3N010O1O10O1O02O000O001WQNoNbn1R1[QNPOen1V1O003XSNcNgj1^1UTNeN08fk16eSN>=ZO05nk11hSNj0N2Zl1ROjSNl0J2]l1POlSNn0E3_l1nNnSN\2Rl1dMoSNZ2Rl1fMPTNX2Ql1fMRTNi0]O<al1jNTTNg0^O>^l1kNUTNa0Cc0Xl1kNVTNa0Cd0Xl1jNVTN`0Ce0Xl1jNWTN`0Be0Yl1iNWTN`0@g0[m1WOeRNi0]m1VOaRNj0am1WO[RNj0gm1f02O1N1O2O0O1O1O1N2O3L8_O<TO_QN1]VSR2
20120107063134Lh_11,fgX\31jQX16kmiN7K3M3N100O000O2N1O100001O10O100O100O3M2O1O1N2O1N2N2M3N1N4N00100O1O2N1N3O2N1N2O0O2O1N4L1O1lRNkM\l1U2aSNoM]l1Q2cSNSNZl1l1eSNZNWl1f1gSN_NVl1a1iSNaNUl1`1iSNdNVl1[1hSNhNWl1c2O0O1O2O0000N10O1O101O00O001O1N3N1O3M4K3N4L2N1O2N6J3M2N101M2N2N3Fj0ZO`0mNYQNO[SQ=
20120107063134Lh_12,ScXU31WPl01foUO3N1O1O1O001O00010O00010O01O10O0010O01O01O1000O01O0100O001O10O0100O0010O0010O1O001N10001N100O1L4O10O0O200O1000000O1000001O0O2N2O1N2N2N2N2NZ\_e0
20120107063134Lh_13,l]Xh21XPd02eo]O2M2[PNK]o16`PNM_o1;O0O2O1O1N10000O1000000000N2N200O2O0O1O1O2O00000001O00000O101O00O101O1O1N2N101O0O2O0OiaUT1
20120107063134Lh_14,S]oe01gP`01UoA3N10000O100O1000000000O010000O01000O001O1O1O1O010O001O0001N10100O1O100O1O10O01N3NhblV3
20120107063134Lh_15,`TW?1XP`07^oA6L1O1O1O1N110N2O100O010O10O100O4M0O1O1000000O10O01O1O010O1O1O1N2O1N4L`jP^3
20120107063134Lh_16,c_d^11nP<5gnE6N2E;N101O2O2OO2N2N1O20mPN^Odn1Q1O1O00O1N4L3M3L8G3N2M4L4Lb^[_2
20120107063134Lh_17,b]PZ13ko14L3M201O1N2O10O00100O1O2O1O0O10O101OO01O0000000001O1O1O010001O1O00O1001O00001O00000O0001O01O06J2N2M_aib2
20120107063134Lh_18,^gR\31QR^1;`mcN5K3O1O1O00001M200O11O001O010O11O000O2O2M2O1O1N3M2N2M3N2N2N102O0O1O1O1O2N3N1N2O1N2O2eRNSN]l1Q2^SNRN`l1o1]SNTNbl1m1YSNWNgl1k1RSN\Nml1`2K3N3M2N2N2O1aSNaLXl1e3O0002N1O02N2M4L3N00O10O2O002VTNPL_k1Y40O4K4M3J5K6K4N2O1N4K3L4K5M3N1N4M6H9G6I6L4K;D_Tg<
20120111191454Bh_1,m]`j01YQR13bnoN2M3N4F9L3M5L4M4M102M3M002O01O03M001O1N01O1Ob0_O0O001N4M102M1N3N1O0O1000010N10O100O01O1O01O01O0111OOO10O001O001O11O1O1O1N2O1N11N3N1N13M2O003M2O01N0O1O0O3L3N2M5K\]]o2
20120111191454Bh_2,`khU21]Pj01`oWO101N5L2M3hPNEgn1=VQNI4KPn1o0iQNYOVn1g0hQN[OWn1X1O001O010O00O101M3N2M200M2N2C>000000\OmPN<Ro1CPQN<To1_OmPNb0Xo110O001000O10O100O100O2N1000000O1O1O1O100O01O100O100KDePN<_o10001O00010O010N2O1NnRWe1
20120111191454Bh_3,dZTa11^QV22]nkM4N6H3N1N3O0]QNBbm1a0[RNF_m1<_RNG]m1b0ZRNBbm1b0[RN@dm1c0WRN_Ohm1]100O10000O10000O10O001O0O2O1N10100O101O0O2O1O001O001O001O1O00100O010O100O10O0010O010000O2N9H0O00O2O2O0O0100O2OO01O2N1O001O0O10000O2O0001O001O2O0O100O010O100O00000O2N1O1O1O2O0O1O3M2N2N2O1N1O1O100O10000O1001O01YO^QNNbn11^QN0cn1f01O2N1O1mN]QNg0Po1N10O001O01O01O00001O000000001O01O1O3N0O000100O001O1N2O001O1O2PQN[Oan1S1O1O2N101N1O001O02L3N2N2L3O1O1N3FYQNXOin1>a0O1O1O100O2N102IZPNOka_Q2
20120111191454Bh_4,c`l]21[Pl03aoUO1N2O001O000010O00000001O001O00001O10O011O0O1O010O000100O100O2OO01O010O0100010N101O000O1O5L1OO010O01N101O1O1O@mPN4Ro1JQQN5Po1HSQN8nn1DVQN<Wo1O101N2N2Mf]W]1
20120111191454Bh_5,dbZj21oPP12knQO6J4N2O1O001O0010O00100O000011O4K1001O0O100O2O010O001O0000000O1001O002N2N1O1O1O100O010O02N2O2M0100O10O1O10O001000O12M01000O101O2N0O00001O0000O1O102M1O3M2N5K_Ygo0
20120111191454Bh_6,jajo11]VT2>nhmM8UOZOTRNj0jm1[OPRNh0mm1@iQNf0Un1c0N2N2N110M3eNXNZTNl1XOoM07bk12nTNo1\OhM5;]k11oTNo1GSNXk1Q3fTNSMVk1o2hTNUMSk1R4I6K2K4BnJlUNR5Rj1<31OO100O100100O2N2O_MiUN[OUj1b0XVNVOfi1d0cVN[O[i1?lVNBRi1[OUXNc0ig1ZOaXNcNeMc1ki1ETYN4lf1JXYN5ff1HgYN1]LmNci1o0TZN;ke1@\ZN?ce1XOlZNd0Re1YOZ[Na0bd1@a[N=^d1Cm[NBkJ8Vi16[\N3Zc1Li\N4Vc1K`\NChJb0fh1Kc\NIgJ7fh1Nd\NMgJ3bh11i\NKgJ2_h14k\NJgJ1]h15m\NHhJ2\h15o\NDgJ8Xh15e]NK[b14e]NM[b13d]NM]b12d]NN\b12c]NN_b10b]N0_b1Oa]N2^b1Na]N3_b1Lb]N4^b1Kc]N5]b1Je]N5[b1Kd]N6\b1If]N8Xb1Hi]Ne0ha1\OY^Nd0ea1\O]^Ne0`a1\Oa^Ne0\a1[Og^Ni0Ra1XOn^Ni0Qa1VOT_Nh0j`1XOX_Nh0g`1VO]_Nj0``1UOc_Nl0]`1POf_NP1gg1O44H4K6I6K4LO11OO1O1O1M3O1N2N2M2N2L4M3K6O1O1O1O1O10O1000000000O1O1O101O1O000O1O1O1O1O00010O01O1N2O001O001O01O4M0O1O2N1O2KPSYe1
20120111191454Bh_7,f^kb01R20Qmk0e0QPVO]OnPNe0Po16O100L4N3N100O10000000000O10000001O1O000000O100000000O1000O1O1O1K401O1OO1001O001L3O200O010O0O2O0O2N1O2O001O1O1O1N3N1MQa^X3
20120111191454Bh_8,Yen^21`PP11]oQO2O0O2O001O1O1O1O10O00010O00000O101O000O10000000000O1000000O1000O1000O101O0000000000000001O000000000000000O100000O01000000O01000O100O1O010O10O01O0010O100O100O2M`ZoZ1
20120111191454Bh_9,oYhS11jPh06nnYO5_PNLnn1f0M5K4L3M001O000001N01O0O011K4010O1O010O01O10100O1O100O1O00001O0O100O10O1O2M5L5J2L7F:K2O2^OePN;bo1K7Kod]h2
20120111191454Bh_10,Wfjd01YP>3boC2O00100O1O100O101N101N2O2N002N010N4N9GO2N0O2O0N2O2LjXQY3
20120111191454Bh_11,nWjS21oo10_Rf73]mYH3N1N2N3M2N3M101N2O0O2O0O2N101N1001O00001O1O1O1O0000001O00001O001JfPNDZo1:kPNCVo1::O00002OO01O10O1O0100O2N1OdP`1Mdo]N2co19M2N1O1O001O2OO000001O1O100O0010O01O01O0100O1O001O001O1O010O1O011O01OO10O10O1O01O0100O100O2N1000O001O100O010O1O001O1N103L3N1N2L5M2N3L\P\1NhocN0N202N1dPNKkn16RQNMmn14mPN1To1=100000O01O010O2O00001OO001O0000102M1O2N100O01O10O01O100O0100O10O01O1O010O1000O2O0O100O010O001O2N1O1N5K5JRQn0KSoQO5L5K2N101O2N10O00100O10000O10O1O001O01O010000000O011N2OO01O10001N010O1000O100O010O1O101OO10O01000O00010O10O1O001N2N2N101M3N]P:OdoE10001O1O1O1O0[PNM6Ojn14PQNN45fn1LXQNO08gn1F\QN2K:Vo1900N02O01N2O0011O0O10N1O01011N1O01O001OO010O01O2VOoPNa0Yo101N001O1N2O3Kk]an0
20120111191454Bh_12,_gXZ11QQ<3jnE2M2BLnPN5Qo1>N1100O000O2O001N2K5K5O1O001N2O010O1000000OZXgc2
20120111191454Bh_13,_bXP21eUd13aj[N3Wo1>L3XO[OQRNg0mm1\OnQNh0Pn1\OjQNh0Tn1\OgQNg0Wn1b0N1dNYN`TNh1^k1\N^TNf1`k1]N^TNd1BVNVk19oTNh1ITNTk17mTNj1LSNTk15mTNj1NSNSk1:bTNm17kMUk1T3iTNoLTk1S3iTNPMUk1o3\OaKcUNa4Zj1cKaUNb4]j1`K_UNc4`j1>01O10O001N100101O3MbMeUNXOYj1g0RVNQOmi1l0XVNSOhi1d0aVN\O^i1@hWN?Wh1]OQXN?og1_OiXNKWg13lXNMSg10YYNGff15aYNH`f1HmUNAk3d0Yf1IeZNC\e1=S501OO11O000O00010000O10010000O2N10001N1O1O1O10O100O001O100N1100O10000010O010O01N101N1O2N3M11O1O1O1N100001NS\og1
20120111191454Bh_14,VfhZ31[Pf02ao[O2N2O001O001O001O1O001O00010O1O100O1000002M100O2O1N010O1O1OO1001O001O101O01O2M2O000O2N3N001N010O1O1O2N1MaXWa0
20120111191454Bh_15,Vdf]25jo12N2000O0101N3M100O2O0000O02O00O0103M002N00O100O2N1O3M2N1O1O1O1O0000001O00001O001O00001O0OmZ]_1
20120111191454Bh_16,Rfhc01[Pn00coSO1000O1052H101N100000001O100O100O2O1N10002N1N2O1O100N5jPNXOkn1Q1OO2M2O1N1N3M4_OhPN2PXSY3
20120115063134Lh_1,Pd^f11mo15M3L3M6^PN@Zo1g0L2N1O1O2N3N1O2N1OO2O3mNUQN1Nd0Xo100O000001O1O1O100OBlPN0Uo1NmPN1To1MmPN5^o110O000010O0001O0100O1O4M0O10O100O100O010O01O01O0010O01O00000010O0010O00010O101N1O2N1O001O0O4KSZiT2
20120115063134Lh_2,YcTU12mo12L301M2N200O10O1001N10000O10O10O10O100O1N2O1O10001O_PNIYo17fPNJZo16fPNJZo16gPNIZo177010O2N10002N000O0010O1O1O0010O000010O1O1O10O01O01O00010O0010O0001O010O00000010O000010O0010O0001O010O100O011N10001O0O2O1OO2O000O100000O020N011OO01O10O00010O100000O0010O0001OO1000001O000000001O00001O0O10001O000012M1O0100O0000001N10001O00001O10O0100O1O1N1OV[o`2
20120115063134Lh_3,\XgR15ko11N3N1O1O1O10O0100O01O010O1O1O01O00100O1O1O0102M010O010O010O00010O001O1O100O0000000O100000O001O10O10O010O0100O0010O001O1O1O010O1000O2O00O1001N1O2N2O0O\g`h2
20120115063134Lh_4,ZZfi15co1O_PN4^o1:J5M4N0O1N2M3O2O0O1O100O1O10O01O10O010O10O010ON201000000O101O00001O00001O0000001O0000001O00001O01O01O001O001O000010O000001O0010O01O100O100O2N1O2N10O01O010O100O2O0O1O10O01O0000001O0001O0010O01O010O010O00100O1000O10O11N10000O1000O001O001N100001O001O0O3N1N2N1O2NReQn1
20120115063134Lh_5,\]hl11cQd14_n[N6Yo1<J6K5C<O1O1O10O11N1O2N002N1O100001O1O0000O001004K4N0O1000O01O002L2O1O1O100O100000000000000O1O1O1O100O2N3M3L6K2O1N11OO10000000O10O11N010O100O001O00001O01O01000O010000O0100000O1N3N2N100002N2N1O0O2N101O01O1O2OO100O1O001O01O4dPN\ORo1j00O01N2O010O[ORQN8Po1CVQN;Yo1N4K2O0O1NZ]ii1
20120115063134Lh_6,\`^b02_]h18SbYN7YOd0L5L2O2N0O2N3D<I6J7I7G8M4M3N2N2N1O1ORO^SNaNal1\1STNRNjk1o1i0:]Oc0N2000M4@`0L3001N1N2N2ON2N3O2O101O00M3N3N3M2N2MfN_SN[O_l1f0TTNgNik1^1\TNZNak1l1V14J5N2N2O1N2^Ob0N2O1O1N2UN_MWVNb2ei1hMSVN[2ci1RNVVNQ2ji1QNQVNR2Pj1oMkUNU2Uj1oM`UNW2bj1b1100O101O0O102M2N6J4L3M4K5K4K4K5L3L6J7J6K5K5K4L4K4K5M4L4L8Gd0]O4M3L4L4L3M4L5J7GgZSU3
20120115063134Lh_7,eZl`11dQ\42XneK1N3O00001O000O101O001N10000O101O00000001O0100O010O2N01O11N0010O010O010O001O002M10002M10001N2O1N2NUP63hoI2O2N0010O00O3N00000O2O001O001O0O10001O0010O002N1O1O1O01O001O1O1O001001O0O2O000O12N00001O1O0O002O0O100O5L2M101OO012YOlPN>^o1M000012L1010O0O10002N1@cPN9do10\PNI\o1?N1O001O001O0O100O2O01O2CgPNOZo1OgPN1[o1:O2O0O2M2M3L4I8L2O3M2O001N2O1O1O1N2O1N2O2OO10O011O1OO5L00002N1O4L1N30NO111M2O0O1O2O0O101OO10O01000O100O10O02O0O00100O001O00100O10<D0O101O001N11OO0100O10O0011N000010O0001O10O0100O10O011OO1O102M1O2O0O2OO103N0N1O012N000011N0O03O0O2M3M3NO01O000O100OePNIon16QQNLnn13SQNNln11UQN0^o1L^]Sj1
20120115063134Lh_8,VXY`0:co15E9O1N2N2N2N200N3M3J6K5K5J6G8M4M2O1O3N001M2O1M2@gMWSN^2al1c0N3NO003N1O1100O100O2M2N3LXNkSNVO0_ORl1W1]TNoNEHlk1W1nTNcN[O3\k1d1TVNVNmi1i1U2N3K5E;M4L4M3N2M4M2N3N3L3M2G:LmkP\3
20120115063134Lh_9,liPZ33ko1<F3K3N1O1O1O2N1O1O001N10001OO2O0O2N2N2O1O10N200O101O1O001O0000001O1N3N2L:G2N2N2O1N2N3N1M6L2M3M1XSNoM_k1T2^TNoM`k1S2^TNnMak1T2\TNnMdk1T2WTNoMhk1W2jSNRNUl1m200O101O003M1O0001XMlSNa1Ul1[NRTNb1Pl1eMiSN==i1Tl1UNoSNi1Ql1TNTTNi1mk1VNUTNi1kk1UNYTNh1hk1XNYTNi1fk1TN_TNj1`k1UNbTNj1`k1RNcTNn1il1N10O100lSN[Nki1f1SVN[Nni1d1QVN^Noi1a1QVN_NQj1a1mUN_NTj1a1iUNbNWj1^1fUNdN]j1Z1aUNgNbj1X1VUNoNkj1CRTNj0P1EQk1YOXTNP1d0Hik17WTNHkk16UTNKmk12TTNNnk1MdSNZOFj0jl1DcSNE@h0Un1]OgQNe0Wn1c0N2O1O1001_NoQNP1bn1O010OO1001O011N001O0O11O0O2O0N2O1O1O1N200N2O1O1O1N2O1M3O1O2O02WNQRN\1]n1M2M6J6K1N2O0O2N2Nb0^O^QS=
20120115063134Lh_10,TZW[11ZQ<1bnE3N2N1J6M30O100O00O11O000001OO1N2N20001O0OO3M3O0O1010O2Jhebb2
20120115063134Lh_11,W_f?2i\R53jboJ<]Od0H6I5N1N2N2O1N2O0N3N1D<J6YOf000N02O1A\SN^Mil1^2>O01O1N1XI_MS`Nb2m_1eMj_NV2_`1lM]_NT2e`1QNT_No1n`1TNn^Nl1Ta1VNi^Ni1Ya1XNc^Ni1_a1XN^^Nh1da1YNV^Nj1la1VNP^Nm1Sb1QNj]NQ2Wb1oMf]NS2]b1lM^]NV2db1jMY]Nm0\KB]g1AS]Nm0YLkNff18f\NU1kLXNff1c0X\NZ1Re1hNgZN\1[e1dN`ZN_1be1aNYZNc1ge1^NVZNc1le1^NPZNd1Qf1]NkYNd1Wf1^NRYN@`MW2`i1YNlXNX2Ug1hMhXNY2Zg1gMfVN@V1j2Xh1eM^VNGT1f2ah1bNTWN_1Pi1_NmVNb1Xi1\NbVNg1`i1XN\VNl1ei1TNTVNQ2mi1RNlUNQ2Vj1k12N2O1M3O1N1O2N2O3L4L4K7J4K6I4M3K5L5I7L5K5J5M3K5L4K4L5K5L7Hd0]O5J6K4L4M2N4I7JgZUU3
20120218152654Bh_1,lddm11[PZ15^ogN2N101N102N1O0000001O00000000000001N10001O00001O001O1O001O000000010O0001O0010O000001O01O0001O0001O0000010O01O01O0100O0010O01O100O1O100O10O01O100O002N002N001O00000010O0000000001O0001O001O1O00100O1O002N4L3M1N3MgY_j1
20120218152654Bh_2,m[gT23jo17L2M2O1N1bPNBZo1>fPNISo17lPNLRo14nPNMPo1c0O1O0O2O1O0O2O1O1O00100O000001O001O002O2M2N1O000O2O1O1O1O1N2O1O0O2O1O001O001O001O01O0001O001O0001O01O0O100O2M4L`cVg1
20120218152654Bh_3,dZ`e11ePR11WooN4N1N2N1001O00010O001O01O0010O10O101O1N1O10010O2N1N10000O2N101O001O1O1O0O2O010O11N1O1O001N2O00O0101O0O100O10O10O2OO10O20O1O1O2M2O3L2O1N2O00000001N1N4L3M3M4K6J`b]T2
20120218152654Bh_4,k^fn21mo13L4N2N1N3N101N2O1O1O001O001O001O1O001O001O0O100000000000000O10O100000000O10000O10000O1000001O01O00000001O010O1O01000O0010000O0010O100O10O10O01O010O0010O0001O001O1O0O2O3D^PN3^`ok0
20120218152654Bh_5,o`Vo05jo11O2O1N1O2N2O0O2O0O2O00001N100000001N1O100O1O100O1000O0100O10O01O001O10O010O001N20OO20O010O100O0100O010O10O1000000O0100000O10000000O10O100000O1000O010000O100O00100O10O010000000O2O000O100O100O1000000O100O10O10O1000O010O1O1O00100O10O0100O10O10O1000O100000O10000O1KkPN_OUo1a0kPN_OUo1b0jPN]OWo1c0iPN]OWo1d0210O00000000001O0000001O0000000LePNC[o1=ePNC\o1<cPNE]o1;cPNE]o1?01O001N101O1N101O0O10001O0000001O00000O10000O1000001O0O10000O10000O1O100O100O100O100O10O10O10O1O1O0M40O01O1O1M2010O010O0000O2N1N200010O01O100000001O00000000001N1O10002N0O2O1N2N1O3L3Oi`[a2
20120218152654Bh_6,YYPT21\Pl05\oUO6L000O2O000001O0001O001O001O1O1O00100O1O1O100O1O10O1000O10O1000O102M1000O010001OO10O01O2N00100O1O1O1O00100O1N110O00001O001N1N4F^PN0QeSg1
20120218152654Bh_7,jXe`21kPP21SoQN1O0O20O01O1O000010O01O01O010O0010O01O00010O01O010O1O1O10O0010O100O00100O0010O010O001O01O0001O00000000000000O10001O0000000000000000000000O10O1000O1000O100O10000O10000O10000O010000000O10000000000O100O100O001O1O100N2O10O010O1O0100O10O0100O10OM4O1O01O001O1O1O001O100O1O100O1L400O01000O1000O01O100O1O1O2N1O1N2O1NlfdS1
20120402105814Th_1,WcVi0:do15E;I6J6K6K4N1O1007I4L1O2N6J4L3M2O0N2O1N1O3N0O1O100O01O1O1O0001O00000O2O001O1O000010O1O101N100O01O00001O0000000O01O100O10000O10000O10000000000000O100O100O1O1O1O100O100000010O0100O101O1N3N3M3M2N1O1O01O1O1O1N2O1N2O2N2M2O0000O101OO10O10000000O2OO010O100O0001O2NXZen2
20120402105814Th_2,P[iV37`o1;I8H8J5K4M2N2N2O1N4M2NoNSRN2km1J]RN7^m1GgRN9Um1HmRN9ol1FUSN;el1H[SN=_l1CcSN`0Yl1^OiSNf0Vl1TOnSNo0Rl1fNWTN[1Vm1nNcQNb0\n1\OkQN`0Vn1\OoQNa0jn1O1N1O1Noc\g0
20120402105814Th_3,QTYR24jo16J2O1O10OEFPQN;Po1:0010O010000O1O1O3M3M1O1000O10001N1000O100O0100000O101O000000000O10000O10O10O1001O0000101N10O01O1O1O00000000001O01O0003NO20OO1O01000O1O010O00100O1O00jPNFGO0Mgn1=aQN7Yn1JdQN9[n1HbQN;^n1d0000010N01^OaQNC^n1;gQNAYn1>hQNBYn1=gQNDYn1;hQNDYn1NaQNM94Wn1LcQNO75dn1H_QN7Uo101O001O1O1OZP60foI1O1O00001O1O000010O00000000000O1000]PNH_o1=O002O0O1O2N0010O00010O1O1O100O001O01O0002C`PN7fo1N0O3MciXd1
20120402105814Th_4,^c\X11no12O0O101O010O1O001O001O1000O1O010O01O0010O1O01O010O001O001O000000000O10000O01O1O001000O010O010O10O10000O10O100000O1000O10000000O10000000000000O100000000001O00001O1O0O3N`\Yb2
20120402105814Th_5,UYkl21TVn07bdSOKWZN7ge1LUZN7je1KTZN6me1KoYN7Rf1ImYN7Uf1LeYN3^f1NUYNHUL;hj1LQYN<Rg1DhXN`0Zg1@eXN`0]g1@bXN`0_g1@_XNb0ag1^O]XNc0cg1^O\XNb0dg1_OZXNb0gg1^OVXNd0kg1\OPXNi0Ph1VOmWNn0Sh1ROhWNS1Xh1lNeWNW1\h1jN`WNZ1_h1eN_WN^1ah1`N^WNb1bh1^N[WNe1fh1ZNYWNf1hh1[NVWNd1mh1]NcVNKXNg1Xk1`N]VNj1gi1WNWVNi1ki1VNTVNj1mi1VNRVNj1oi1VNPVNj1Qj1UNPVNi1Qj1XNmUNb1[j1]NdUN\1ej1dNWUNX1Qk1hNkTNU1\k1jNcTNm0hNlNil17iSNIKl0ml1\OUSNJLa0Zm1GeRNJO>`m1LXRNJ5;fm1W13M4K6I6K7M2O1M4K6XOQQN2[cnn0
20120402105814Th_6,`Xak21YQn05`nSO2O010O2N1O01000O02N10GIhPN6Wo1MhPN3Wo1MiPN4Xo1HgPN;^o11_PNG]o1=1O0N3O1O00VUNMge14VZNOje10TZN2le1ORZN2oe1NoYN2Tf10gYN1Zf1O]YNBRL?dj1OUYNGSL;lj1LlXN>Wg1BeXN`0]g1_OcXNa0^g1_O_XNc0bg1]O]XNc0cg1_OZXNb0fg1_OXXNb0ig1_OSXNd0mg1\OoWNg0Rh1YOiWNl0Wh1SOfWNP1[h1POaWNT1_h1kN_WNX1ah1gN^WN[1bh1cN]WN_1ch1`N\WNb1eh1^NXWNc1ih1^NUWNa1nh1`NnVN_1Ui1cN^VNf1ei1ZNYVNg1hi1YNWVNg1ji1YNUVNg1mi1XNQVNh1Qj1WNoUNg1Tj1YNkUNa1[j1_NdUN[1dj1eNYUNV1oj1iNoTNS1Xk1mNfTNa0iNWOK0kl19gSNHOg0ll1BQSNI2=Wm1LbRNJ58]m11WRNJ95dm1Z14N3J6J7K6M2N3M3Fadnn0
20120402105814Th_7,RZWQ31TPh04goYO102M10O01001N0100O001N101O001O1O01O1O010O001O00000O100O1001O0000000O2OO0100O1O010000O101O0O011N100O00100000O0010N2O3MeeXj0
20120402105814Th_8,nTgn01dQj02WnWO3N2N100O100N102N2N2N1O2L3O1O1O1O1O0100G801N101O0O101NO3O001O01000000O100O1O100O100O2N1O2O0O010O01O1O010N100O2N101O01O0O2O5Jej`l2
20120402105814Th_9,UZam21YPd00ho[O3ho1301O001O010O1O1O01O100O101N10O01O0100O102M2O00000O10O100000000O1012L3N1O2M100000O3M4L2N2M\dnn0
20120402105814Th_10,f\Ye21XQ:8mnEKWo1c0gPN[Oon1Q1B:L5L201NVOoQNInm1O]RNOam1OfRN0Wm1NnRN2Pm1NPSN2ol1ORSN1ml10TSNNkl14WSNIil14[SNKdl10cSNO]l1OgSNOXl11kSNNTl11nSNOQl10UTNKlk14kdPY1
20120402105814Th_11,RcbV11ZPh11coYN2O001O00001O001O1O00100O1O000100O10O0010O00100O01O0010O01O001N1000000O1000000OO2O1O10O0100O0100O010000O0100000O100000O1000O100000O1000O1000O10001O00001O01O01O00010O0100O010O01O00000010O010O001O01_PNE\o1:dPNF\o1:cPNH]o17cPNI^o17aPNI`o16`PNK`o14_PNNbo17010O0E^PN8co1G]PN:bo1F^PN:co11000001O0001O0001O01O0K]PNMco13^PNLco14\PNKfo13T\i_2
20120402105814Th_12,aVeo05jo12N010O1N2O1O1O1O2N1N2N2O1O1OOhPN\OWo1d03N2N101O1O0O2O0O10N201N110O1000O2O0O100O100O1O100O2O1N00100O0100O01M3O]jRm2
20120402105814Th_13,U[ld11SP>6foC2N1O1O002N0010O1O0O2O00000000001O00001O000000000O103L`dmX2
20120402164214Mh_1,WYol21bPP14XoQO3N1O2N1O101O00O2O00100N011N100O1O10O010O01O01O10O01O10O01O01001N2O1O0O1000O11N010001N100O1000O01000O01000O100000000O10001O000002OO2N2M2O010O01O1O1N102M3L4MncRm0
20120402164214Mh_2,]cbk05ho16K3K6L3N3N1N201N11OO11O2M2O7I0O1O100O100O1O100O010O0010O0001O000010O0001O00010O001O01O01O01O001O0O2N101N110O001O0000001O0000000O10O100000O10O2O000O100O1O1O1O1O100O10000010O011N100O1O2O1O4K3N1O001O0000O10001O00001N101N1O3N2M2O001OO10O10O100O10O10000O011OO1000O0100O1000000O011OO100O101OO0100O010O1O1O2N2LQZkj2
20120402164214Mh_3,RSiT21cPR16TooN4L3N1M4N0001O10O11O0000100O00010O000000O100000000000O2O0O2O1O00000O2O0000010O00000000001O0001O0010O01O1O010O00100O0100O00100O1O10O010O10O10O01000_PNJVo1a00000O01O1O100N2O2N5H5Kakhd1
20120402164214Mh_4,fSiU24jo15K2O1O2L3N20000000000001O0010O01O01O01O0000O100001O000O101O0O101O00001O0O11O0001O0000000001O010O00100O001O10O01O10O010O010O`PNB_o1`00MaPNC_o1`00O10O0kPNChn1=UQNHin17SQNNmn1c0O0100O010O001O1N1O2O1O1O0010hPN[OTo1i03N0O0001N10O010O010OYQN^OPn1c0nQN^OSn1b0kQN@Tn1b0jQN_OUn1b0hQNAYn1R1101O000O12N1O01N101N1O101N2N2O0O2N1O10O01O00000000000O10001N1M3O1O100O1N200O1O1O1O1N2O1O2N1O1O10001N102M2MYj``1
20120402164214Mh_5,mYgZ11PQb1;dn_N2N2M3N1O000000000O10000000000001O000000001O001O00001O0000001O0000000001O0O100O10O2OO1000000000O1O0010O010O010O1O10O10O00O100O11O01O1O0001O000100O100O010O10O01O10O01O1000O100000000000O01000000O10O0100O010000000O10O10O1001L3O101N100O2NheZ\2
20120402164214Mh_6,]ZYW31bQ`05XnA2N1O000oNKWRN5hm1:jQNFTn1>jQNCTn1`0jQN@Vn1c0fQN_OXn1g0bQN[O]n1U1O001O011O01O2M103M2N1O1OO10O1O1O2XOYQNB0<in1O_QNObn1ObQNN_n10cQNO_n1OeQNJfbVf0
20120405130014Th_1,d_Vo02no11N3M101O1O1O001O001O001O0000000001O00001O01O1O010O0010O00000000000001O001O0000001O1O1O4L1O1O1O00000O2O0O1M3O1000000000O2O000O1O2N1O10001N10001O1[OgPNa0Yo1_OhPN?Yo1AgPN?Xo1BhPN>Xo1BgPN?Xo1CgPN=Xo160000000O10000O10000000000O1000000O100O01000O10L@gPNa0Yo1301O0O1010O00000000001O01O0000000000000O10001O000O10000000000O1000000O011O00001O000O10000000000000O101VOnPNd0Ro1[OoPNe0Wo1N101O0O2O00000000001O0O100000010O00001O000010O01O10O01O011N100O100O1O10O00010O01O1Nm_[d2
20120405130014Th_2,dTQX33lo14M1O1O1O1[PNH_o1>O2N7J0O1O1N2O1O3NO01O1O1O0001O001O1O1O1N1O2O0O2N4GhPNDZo18iPNFYo189N3Lojfe0
20120405130014Th_3,[adh14ko12N2N10000002MjP`0OWo_O3M2N2O1O1O1O10O010O010O1O1O100O100O10O11O0O100O2N1O2N`Rh:2_mWE1N1000O101NRQP24jnoM5K4L3N2M3N2N001O00O1O100O2N2N1O2L3N2N2O1O2M3MmXme1
20120405130014Th_4,[Y[W21nQ^21nmcM3N1O2O0O2O001O001O010O00001O01O000001O01O0000000000000000000000000001O0000001O0000001O00001O00000000000O10000O101O000O1O100O10000O10000LZOmPNg0Qo1500O10O100000O10O10000O10O11N100O10O0100O10O01O1O00100O010O1BiPN3Wo1LkPN3Uo1MkPN2Vo1NjPNNZo11hPNMYo12iPNMWo13:0cPNLPo12RQNOmn11RQN0mn10TQN1kn1NVQN2jn1MXQN2\o1NG36101M3J500O1`PNC\o1>dPNAZo1b0fPN^OZo1`0hPN@So11lPN`0Xo1@hPN?Xo15000000O010O010O10000000000001O001O0O10000O100CdPN6\o1IePN7[o1HePN8]o1FdPN8]o1IbPN7_o1J`PN5ao1302O100O010O010O01O1O1O1O100O100O10O1O0100O10O100O0000001O100O10O1000O100001O1O00001O000O2O1N2NQf`Y1
20120405130014Th_5,kaVo25jo13M2N101N2O001O1O01O010O1O2N0010O01O1O10O10O00001N2O1N2O1O02N3M01O001JWPN3io13O2^PNIWo18fPNKYo16ePNK[o1=0000000O10002N2M2O1O000O10001O0000O1001OO20O00001O1N4M2M[]_l0
20120405130014Th_6,Z[iY22jo15N101N10001O002OO01O01O10O00O100010O000010N100000O2O00O1001N1001O00000001O0000001O0000001O00000LCfPN<Zo1EePN;[o1EdPN<[o15O2O01O1O00000]OfPN`0]o10O1O1O10000O10000O1K\OmPNe0Ro1500O0100000O10O100O100O2[OmPN;]o1N100O2N1N4Midb`1
20120512063234Lh_1,og`R31mPl03mnUO5L5L2M2N2O1O2O001O12M1O00O1O101N1O1O1O15K2N00000001O00O1O101O00000001O0001O01O001O0O2N010001O100O0000001O02OO11N1O2N2N3L6K5LmN[QNn0mn1M4L4K4K4KRTYh0
20120512063234Lh_2,m]il24io16L3M3M3N3I6K5L3I7N2N1EeNjQNc1Sn17L4L8J4K5L2O1O02N2SOfRNPO`m1\O\RNh0h0LUm1]O[SNc0Un1L2N10100O0O10O01O001O1O13MO1N3Ln`dP1
20120512063234Lh_3,i^cj153Lbo1`0G6K4M2N101N1000O0100O010O10010O01O1O001O001O000000000000000O001O100O101O00O101N1001O1O1O1O000O0010O1O010O10O1000O1O0O2N2K5M3O2N1N2O1O1O000O2K401O0100O2O5K4K101N1M2O2O1N2N1010O0O010O101O1O00O1G72O1L40001OO0100O11O001O01O01O1O1N2O2\OkPN8bo1JPcPn1
20120512063234Lh_4,QSmo01YUX25]jiM`0B4M2N2N1O1M2N3K4K6L3K4J7L3MM5O2L4N30N10010O01N1N3\Od0N2M201O1O100010O000N111N100O2N2O0O2N100100O1O1O1O101O1N2O001O1N101O1O1O01O000O1O2O000O1000000O1O100O1O00010O1O1O0100O01N0N3N2O2N11O000O2M1N3O100O100N2N2O1O1O2O0O2O10000O101N101N001O10000000000O1N100M31O2O1N2O000O2O00000010O010O010O100O10O102N0O1001N0O2N2O1N2O1O1N3M]kjc2
20120512063234Lh_5,W\UW21YRR24`moM4N1N1O2O00001O01O10O010O00000001O00000000O10000O100O10O0100O1000O102N00O1M3O1M3O10O01OO2M200O2O00001O010O0O2O10O10OO2N101000O010O10O01N1M4O010O01I60100O01O0001M3O0001O100O1O101O0O2O000O1000O1N1010O001O00O110O01O10O0100001O00000000O10000O100O1L40000000ZPNHeo190O1N200001N1000001O0000010O3M1O1O0O2O001O000O10000000O2O5K1N101O00000O1O2M3Nnb\\1
20120512063234Lh_6,iVog11RX\20jgeM7J3N2O0N6L2L4M2N3N0O100O100O10O100001O000100O010O001O001N100O10O1000O010O1000000000000000001O1O02OO0000O10N11OO2O0100O1O100O1N2N2N2L4O1N2O1O1N2O000O2OO02O01O10003L3N2M1O1O0N3O001O1O1O0000O10O01O10O0O2L3O11N3O0O100O1O1O011L3N1L6N1O1O002N0100O10JdNhQN]1Wn154M2M101OO1O1O1OM2O2O01K5O2O000BaN]RNU1lm1>2O1M3OG:N10O1N2kNQRNG10Pn1:PRNC3Onm1`0RRN\O32km1b0dRN[O\m1d0hRNZOWm1g0bRN[Ocm1c0aRN@Zm1`0gRN@Xm1?kRN@Um1?mRN_OSm1a0U1000001N3N1O10000001N02O0O2N3L3N3O1Mdg`j1
20120512063234Lh_7,VTQQ11PTX19VlgNKSo1d0N1M2O1M3N2K5J5M4L2H7M2OM501L4001O1O0O11N2N2[Od0O2L4O0O200001O01O01N1O001O101N2O1M3N1O2N1001O001O2N2N4M2N1O001O1N2N2O1O10O000O1O1O101O001O000O2O000O01O0001O1O0010O100O1O2N2M4M3N2MejRh2
20120512063234Lh_8,VY]b01k80WG0^ho0;SWRO6J6K2O3M1011N3M10N2lQN\Oil1e0PSNKdl17USN3gl1MUSN9hl1ITSN;jl1GSSN:ml1GPSN<ol1FnRN<Qm1\1O1O2N0O10000100N3M2M3L4I6K4O3M3O5I5L:G1N2jNcQNd0on1OO21N0000O2OO12N0O1O1N:G?@4NN100]NnQNV1Sn1iNmQNX1Sn1;O0100O00001N1N6K5L4K:F4M2N1O2N1O2L3M3L4Ml_dW3
20120512063234Lh_9,YY[i01oQ>3kmC5K5G8J5M2O1M2M4]OQOQRNR1mm1b0NJ8O10O01O0N3O2O1O1O1N1D<OO2N11O002N1O2N002N3F^fRT3
20120512063234Lh_10,agPm28fo13L<E8I:QQNoN\n1[1O2K4N2O0000hNVRN<im1ChRNLZm12kRNGYm16]ZQR1
20120512063234Lh_11,gXUR18Xo1e0J4K3O1N0O1O1O2K4K3N3N2I7LO3M3O3M3001O1O1OO100O2\OnQNVOWn1g0b0M200N3000001O1O01O0N110N201O1N2N2N2N1O2OO1000002O1N3M3N2N001O1N2O1O1O1O000000O101N101O001N10000O1O01O0001O1O1O010O10O0000K5M3O2O01O1N2N1K401N2O101J5O101N2N3MfkVg2
20120512063234Lh_12,ihVS38bo18L4N2N2N1O1O1O1O0WOAgQNj0Un1d0L4L4M22N7I2N004L4M1N1O5K5K;E4L1OO2O01O000O2O0O10000001O1OO20O010O1N100O1O0101O2OO0001O010O01001OO1O2M4M3M4L5NiNZQNS1kn1M7I3M3L8ElSYh0
20120512063234Lh_13,leUQ21cPf11Yo[N4_PNNon16lPNMRo15lPNLSo16lPNJSo1b000000O101O003N2M1O0001O01O0000000000000001O01O1001N2N2O0O1O01O00001O1O1O2N1O01O2OO00000001dPN^O0OWo1h0O1O02OOO2O1N1O2N1O1O1O100O10001O0001`PNC[o1b0O0000000001OmPNAen1`0YQNAgn1?XQNBin1=WQNDhn1=UQNEkn1;TQNFln1;RQNFnn1;QQNEon1f0O1000O100000O10O01O01000O1001O000000001O001[ORQN6Uo1AnPN>[o1O1O2N1O0001O0001O001O001N10000O2O001NRXVe1
20120512063234Lh_14,b`_^21]P`02^oA3N2N1O1O100ePNHnn19PQNIon19oPNGPo1;nPNFRo1;mPNDTo1d00O1000000000100O0O100O010O010O100@hPN8Xo1GjPN8Wo1GiPN8`o100O1O101O0O2Nm^d^1
20120512063234Lh_15,fkR_24lo12M200O100O10001O2N001N10000O01000000O001N101O01000O1000O1O0100O01O2N7J4K100O1O01O1O1N3N4K9GTSo]1
20120512063234Lh_16,ajVc21mP89gnI3]OHYQN=dn1k0F1N01O002N1N3M2N3J9H;AfTc[1
20120528063154Uh_1,W\oV22lo13H403M2F;M3M3J5K6K4K3101N110N2L5N1O1M3O1OON4O1N1010N2OO1000L4O2M3O1N1O101N2N10WOPRNDRn1:i011O01O01N11O01O00N201O00001OO110OO11O01O0000001O01OO11O0001O010O10O001N1000001O0O2O001O010O00001O0001O01O00010O010O10O0100O10O010O100O001O010O0100O010O100O10O0O2N2O0010O010O0100O01O100O10O001O001O010O10O10O01O01M1110O1O2N3L6HciZ_1
20120528063154Uh_2,e^[^13lo12N3M2M3_PNFZo1`002N1O010O010O001O01O0O101N10001O001O10O01O10O01O001N200O1O001O00001O00000001N10001N100O2O000O2O00O010N1N3O0010O10O01O100O1N101M201N000100N1100N110M3O1O1N3O000010O1O0IQQN^OPo1a08O0O2N101O001N01MEbPN;_o121O1O10O10O010000O0100O101N1O100000000000000001O001O1O0O1010O000001O0001O00107H3L]blX2
20120528063154Uh_3,VX_^21ZS\15]leN5K5M2N1O1N1O2O0000O100N1100O1O100O00N2O11N101OO1O0020O01O1O0100O1O10O1O1O000001O0010O011OO110O0010M3O1O1O001000O01001O0O0100O100O001O1O1O00100O100O010000000O100000000O100000O010000O100000000000O0100000000O2NUgbY1
20120528063154Uh_4,TWaS24ko12O1N1010O01O000001O0001O01O01O1O0010O01O10O101N100O010O2O0000O10002M4M0000O3M1N4LThji1
20120528063154Uh_5,oSSe01lPR10WomN0go16O2M101N101O000O100JDhPN<Uo1900O2O0O10O01000O010O10O100000000O10O101N1M3N2O1O1M4N101O001O0010O1O1O010O101O001O0001N011N10O01O100O010000000O100011N2N00O010O100O2O0O011N1O1O1O1N2N]j\T3
20120528063154Uh_6,Tdbo1660Xo1=O2N3N2M2O1N10O010000O10O02O0000O1010O1020N04ON2M03M2N1O02O2M1O0O1O001WOPQN?Zo1N2O0O101N2N2N2H\PNOPYem1
20120528063154Uh_7,lePn2131fo16N1O1N2O2O0000O010O10000O101O00000000001O01O000000O101O0O2O001O1MWZko0
20120528063154Uh_8,l`\U23ko13N2N3L3N2O0O4M001N2O001O1O00001O001O00000000001N100O1001O0001O010O100000O100O1O1O100O0000010O00001O0010O010O1O100O001O0010O01O01O00010O01O10O01O1O1O010O1O010O100O1000O01000O6K0O100O001O2O0O1O002O0O3M1O1O1O010O1O001O01O01O000100O00010O0001O01O01O0001O000000100O1O10001N010001N1O2O0O1O100O1O1O1O1O2M2MR]Ua1
20120528063154Uh_9,\cfT11ePd20Xo]M6K2O2N1O001O010O00010O0000010000O010O00cPNGTo19jPNIUo18iPNIXo16hPNKWo16hPNJYo1>00100O1000001N106KN2OO010O0010O001O00010O000010O01O0100O10O01O10O010O0010O0O110O00010O010O00010O00100O010O00100O001O001O001O00001O00010O00010O01O1O1O0000001O01O01O0001O01O01O010O00010O0001O1O001N101O00100O010O0010O00001O00000O101O0O11O010O0010O01O01O000010O01O001O001O001O001O001O0000010O000010O010O1O10O0010O0000010O0001O01O001O0001O0000010O001O010O001N3M^Ym[2
20120528063154Uh_10,mcRo11eP<1XoE3BOhPN2Wo12cPN2\o1:O2O3L3N0O10O0010O10O010O11O0000O2O003M2M1O7I4K2O3MgZen1
20120606063154Uh_1,Vkh^1f0So1;I5J7K3M5L2M4L4L3N2M3M2NmNaRNJ\m17hRNGWm18kRNGTm19oRNEPm1<RSNCll1<YSNAfl1?_SN^O`l1`0eSN]OZl1b0jSN]OUl1?PTNAnk1>UTNAjk1?XTN@fk1a0\TN_O`k1d0`TN\O^k1e0dTNZOZk1h0fTNXOVk1k0lTNTORk1m0oTNSOoj1n0SUNQOkj1P1VUNoNjj1Q1WUNnNhj1S1ZUNlNcj1U1`UNiN`j1W1bUNgN^j1X1U200O1M3O1O2M3N2O1O1ORNHWTN5jk1NTTN0nk11QTNNQl12nSNMSl13mSNLTl15kSNJWl15hSNKYl16eSNK\l14cSNL_l14_SNMbl12^SNNcl12\SNOdl10\SN0el1O[SN1fl1N[SN1fl1OZSN0hl1OXSN0il10WSNOjl13TSNLml15QSNKPm18mRNGUm19jRNGVm1:iRNFWm1:iRNEYm1:hRNEXm1:lRNAVm1>kRNAWm1=kRN@Wm1`0U1O1O1N101O1O1O1O10O11O01O0000010jPNGbn19[QNJfn16VQNKln1c02O1N3K5K9C_WmZ2
20120606063154Uh_2,a\go01]Qf08Yn[O2N2N2O001O1O001O000O2O000O10000O0@_OXQNM7e0_n1E]QN>bn1?O2M2N3OO20O01000000O1O2N1O00100O2M2O1N2N2O2N1O2N2N2M3O2_OfPN7ho1I`b^l2
20120606063154Uh_3,hVem21kRh04jlYO8H7N2N1[OBhQN>Vn1GgQN:lm17oQNIhm1a0VRN@gm1^1N3N0010O1000O1O100O10O10O1O1O2O0O01O1O1N2lN_RNlN53L1bm1m0nRNoN_m1Q1bRNmN_m1S1g0O1O1N1O1M4O100O2O1O0001O1O0010000000N3N2N3M2M4K3LVhlm0
20120606063154Uh_4,bkh^18`o1;D<I7L3I8K4L4L4L2N3N2NmNZRNOcm12aRNL\m15fRNJYm15kRNJSm17oRNGPm19SSNFkl1:[SNAel1>_SN@_l1?eSN@Zl1=kSNBTl1;PTNDok1;TTNDjk1=XTNCek1?[TNAbk1a0`TN^O]k1e0cTN\OYk1f0iTNYOUk1i0kTNWOPk1m0QUNSOmj1n0UUNQOjj1o0WUNQOgj1P1ZUNPOcj1R1^UNmNaj1T1`UNlN_j1T1bUNjN_j1U1cUNkN]j1T1dUNlN[j1T1gUNjNYj1U1kUNgNWj1U1[2O2M3O1M3O1O2M2N2O1O10O01O0010O010000001O0010O01000O0100O001O01O00010O000O101O001O0000000000O010000O2N1N3L3M6KjVU[2
20120622063154Uh_1,bcZi11kQj29fmWM6M3N1O10000O1TO\O[RNe0em1]OcQNNc0d0km1CRRN=om1EnQN<Rn1DmQN<Un1EhQN:Zn1IbQN7_n1d0101O0O10000O101O000000001O01O01O00100O00100O010O010O000001O01O0001O0000O100O1O1O1O1O100O10000O101O01O01O1O00100O1O001O010O01O010O01O100O0001000O01O010O01O10O10O0010O0100O01000O00101OO0101N11N011O0O10000000O011N10O00010O001O010O001O1O00001O1O1O001O1O2N100O1O10O10O10O10O10O000100O1O010O1O1O1O010O1O00010O001O00000010N10001O0O2O001N2O001O001O0010O01O001O011N00001O1O001N2O1O1O1O10O01O3M3L2O3LkXef1
20120622063154Uh_2,Qine13ko17J5L6K2N1O2N1O2N10001oPNXOgn1Q11M4O0O2N0000<D1O2ON10000O11OO1O0010O01O0O101O3N1N1O001O02N2N1O2OO020N4K4L2O011ON1002N21O1L3O0O1N4M2N3M2N00100O0000000000003M00O1O0010O00O100O1O1000O10O10000O100000000000O100O1O1O1O1O101N2O002N1O1O2L_RQS2
20120622063154Uh_3,d[Yf11ePh03ToYO5M4L2O1O1O001O001O10O01O1O001O1000O0100O10O10000O10003M3M0001N1O4L2N2N2O2N1N7J1N2O8F2N2O1OnNhQN<Yn1]OSRN>lm1B\RN6em1H^RN7bm1H_RN7cm1F`RN9en1N1O1N3N2M4MaaZU2
20120622063154Uh_4,_bl?1lPX20RoiM2O0^PNOTo12kPN1So1NnPN4Uo1JaPN308]o18N4L1O100O1O1O1O1O010006J1000O0O10001O1O3M10O001O0O100O10001O1O2N1O4L1O0000O10O1000O010O0100O01000O010O10O010O001O001O100O001O001O000O100001N10001N101O1N200O10O01O10O01O01O10O000001O00000010O001O1O3M1002N1N1O1O1O10O010O1O10O01O10O01O01O010O1O1O00100O1O010O0001O01O01O00001O00001O001O001O0001O01O01O00000010O0000000O1000000O1000001O0000010G\PN4ho100000001NYYaR3
20120622063154Uh_5,SYgV33io17M1N2N2O0O2O0O3N1O3M102M001001OO02OO00000O010O100O1O1N110M111N0iNSOiRN;Ed0am1XOdRNZ1\m1jNaRNV1_m1mN]RNT1bm1f000N02OO0O3N01O101OO010K302OLUOiMXTNV2jk1nMPTNo1Tl1TNjSNh1mk1RNfSN=5a1Sl1XNfSN:2]1Yl1U18L302N0010O0000O3OOO2O2O1N110M2O2M3OO02N1G9M3J7N0BURNgNom1X1SRNfNlm1Z1>OO02O000OF;0O0010M1100L4O2O11O1N1O0K22201O10O00O1O0O02O2N110O1O1N20ON201O100N2O1N2O1O100O100O100O1O1O1N3M3O1M2O2M3L4L6HlmV`0
20120622063154Uh_6,ThVe11jPh06mnYO6K4N1O5K2O000O21N2N01O:F0002N2N00019E2O1O01O00000O01O000002N001N10010O3N10O3M0O1O000001O1O001O1N2OO2M4K4KPTeV2
20120622063154Uh_7,PYeV37go15L2N2N101O00001O002N2N2O1N1O10O100O1O10N10O01N200O1O100O0O2N1O1@WOgQNk0Vn1`0@bNbRN]1]m1gN`RNY1_m1lN]RNT1cm1oNZRNR1em1d001O000O1NO30O1001OO10NM2111N1L4O1O1O\O^NmRN]1Ym1c0EgMTSNW2kl1oMRSNP2nl1?20M110O1001O1O2N101N1O1N3N1N200M4J5M3L4]OXRNkNlm1U1WRNeNmm1Z1;1O01000O1M3J5010O01L22O0M4N2O02O0O1N3H7OO200O10O1O0001O1O1O2O1O00001O00001O001O1N2N2O1O1O0010O01O001O001O1O2O000O0O001O1O1O2MZOnNdRNP1[m1XO_RNf0cm1\OXRNg0im1[ORRNe0Pn1a05L3N3K5H8M3]Oc0O1O2M^oV?
20120622063154Uh_8,^[Wd11jPV15lnkN5M4M1O2O0001N100000000O1000000000000000010OO10001O010O1O010O001O0010O01O100O00100O10O010O01O11N01000O10002N5KO2N102M2N2N2N3N1O2M4L5L0O:F1O001O00hNTRNGBa0Zn1F\RN8dm1H^RN7cm1G]RN9dm1E_RN9fn1O1N1N2O1O3N0O2N1O_aTU2
20120622063154Uh_9,bkf\11gP:4RoG9G3M3L3O2O2L3N1O2M2O1001O01O0101N2O1SOTQNb0Wo1N2N1O1N6EaS]a2
20120707070914Th_1,Uaeh06go15N0O1N2N2M3N2N1O2OO1000O10F:10O100O1OUNFPTN;nk1NiSN4Wl10eSN0]l17ZSNIhl18USNIll19oRNHTm1?YRNJkm1S13M5K4K5K5M3K6H>A``RU3
20120707070914Th_2,`h`\11hP`03SoA4M1O3FEgPN`0Ro1;M2O7I1O010011OO14MOO003N000O3M1O2N0O100O2N3L2O1O1O0O2O4L1O0N3NcUe`2
20120707070914Th_3,gWm_11WS\30gleL2O0O2O0O1O2O000O10000O1000O10O1000000O1000001N1000000000O10000O01000O0100000O1000O01000O010O01000O010O1O2O0O101O0O2O2N00001O0000000000001O000O100000000O010000HjPNFVo19lPNEUo1:mPNERo1;:0000O10O100O010O0100O1O0100O01000O1O00100O1000O010O10000O10O01O1O1O10O1O10O0100O1O1000O00100OO2O010O10000O10O1O10O01O10O00010O0001O01O010O1O010O1O01000O001L4M201O001O010O0100O010O100O10000O100000000O1000000O10O1000000000000O01000O10000O100O10O1000O100000O10000O10000O101O00000O11O000000000001O0000001O0000000000O100000000O1000000OO20O00010O1N20O1NePN_O[o1`03O100000000O1000O1000O01000GaPN0`o1MdPN2\o1MePN2\o1NfPNNPg`k1
20120707070914Th_4,oXae04ko12N3N1N7J100004L_PNC_o1?01O1O1N1001N100O2O1N100O1O010O1O1N110O001O00001O0000001OO100000000O10000O10O10O010O000O1O2O000O1E:10001N2N3HWg^V3
20120707070914Th_5,ZgkQ22lo14M1O2L4O1O104J2N2O101O2iPNVOSo1l0O100O010O3M100O1O100O010O01O3N00O01O100O00001O1O1O1O1O3N0O001O001O00000001O000000O101O000010OAePN9\o1EePN<[o1CePN=[o1CePN=\o1BdPN>_o100000O100O1O2O00_OdPN>\o1BdPN>\o1BdPN>\o1BdPN>\o13000000000000000001N1000001N100000000000O1000000000O100000000000000000000O100000000O100000O2O0000001O00001O001O000000000000000001O00000000000000000000000000O1000000000000000000000001O0000000000000000000001O0000000000000O1O1O1I[ORQNf0nn1ZOQQNg0on15O101O0O100O100O1O1O100000001O00000001O001N10001O01O00010O000001oNTQNl0ln1SOUQNm0on10000000O100O1O10001N100001O0000001O00IQO]QNo0cn1RO\QNn0cn1SO^QNl0an1UO_QNk0an1UO_QNk0an1UO_QNk0`n1VO`QNj0`n1VO`QNj0`n1UOaQNk0_n1UOaQNk0_n1TObQNk0jn10001O00001N1CnPNLSo12oPNMRo1IWQN7jn1GXQN8Xo1O3M2O2M]WX]1
20120707070914Th_6,lbfV15jo14M2N2N001O1O010O01012L10O001O01O1O1O01000N2O0N3O001N2O1OBmPN04Gen17YQN=en1C\QN<dn1B^QN?an1\OeQNc0\n1[OeQNd0mn1O1N101O00001O1N2O1O001O001N1O1O10O010O010O10O010O011M3NZ\[e2
20120707070914Th_7,YWY?2io17L2L5M2O1O001O1O01M201O001N101O1O1O100O1O10000O1000O001O10O100O1O001000O0100000000O10O1000000000O1000O1000O010O00010O10O1000O10O100000001N100000000000001O001O3M1O100O01O1O3M1N2O1O1N3L_ilZ3
20120707070914Th_8,Y\i_11TXn4:`gSK8H4M0O2N101O000000000001O000O2O000O1000000O10000O10O1O100N1O110000O100O100O1O2N1O2N1N2O1O0100O10000000000000000000O1O100000000O100000000O10O1HFePN?Xo16N20O0100O10001O01O001O002NK\OnPNe0Po1]OoPNc0Po1^OPQNb0on19N100O1O100O10O010000O100O1O1O1L4L4O100O10O01O1O10000000000000O100O100N2O1O1O00100O1O100O1O1O1O100O1O0O110N1O110O1O01O010O010O1O10O01O2O000O101N2O1O001O0000000000000000001O1O001O1O00000O1O10001N2O0O2O1O00001O000N200O10O0100N02N002N0K52OO11OO101O1O001OYOcNmRN\1Sm1iNiRNW1Vm1nNfRNQ1[m1SOaRNl0`m1i01O1O0O2000O0100000O00010O00001O0O110O1O0000100O01000O100O1000O100O1O1N2M3K5O01O01OO20O0001M3O1N11OO100YO[NRSNh1fl1l0K5O2O00001O01O100N2N2N1O2O001O1N101O0O2O1O0O101O0O01000O20OO101OO11O1O001O1O1N2M3L4L4G9N2N2N2O1M2O2O1O1O2O1N1O3M101M3O1M201\OPQN5Qo1HVQN3mn1HZQN2\`Vf1
20120707070914Th_9,jk`U24ko11LL\PN5bo1L]PN6bo1401O1OO1O100O101O0001O0100O10O1O0O101O01O1O1OO1N3N010O1OKaPNK_o14cPNJao129MXTWh1
20120707070914Th_10,iUgV31jP\12QoeN2O100O00100O100O01O1O001O0100O1O010O1\PNI_o16bPNJ^o16600O1000WPNMeo12[PN1do1N\PN2do16O0011N3M001O01N1001O000000000000001O01JL_PN3ao1M_PN3co1J^PN7eo10O1000010O0100O1000000O01O1O1O100O1O1O2N1O1O1002OO0O1O100O2N101N101O1O3NO101OO1O2NO1O1]OoPN5So1HoPN7]o10002M3L5Kogba0
20120707070914Th_11,TW[?:do13K5M2O001O1O01O0N2O2O001O1N2O001O1O100O1O10000O10O1O010O0100O100O01000O10O011O000000O01000000000O010000O01000O0001O10O1000O0100000000O10001O00000000001O1O001O1O10O01000O003M001O1O1O000KYPN1ho1NYPN1ko101O000OQP80PPH1N3N0O2O100O2O0O2N1000O1001O00O100O6KO01O2NihhX3
20120707070914Th_12,QTUP31URd05dm]O2L3N3M2J6N2O1N10KnPN\OSo1e032K4OGPQNCPo1;TQNCln1;=O11O100O10OO10O0K502O1ODIQQN6nn1NPQN1Po11oPNOPo12oPNNRo13lPNNTo13iPNOXo1;2O0O2O0000O10O2O0O2M3N2K[PNLRkZl0
20120710063134Lh_1,ZeRd01]Sh34[lYL5^PNJTo1d0J6L2O2M3N2M2I7M3O2G8N2N2NUOXRNBgm1<^RNB`m1>dRN_ORm1j0SSNSOll1m0VSNROil1o0[SNlNdl1R1V1O2OO11O100N200M3M201O0O200O0O110N200O001O001N2O1O001O010O1O01O10O010O0100O01O01O0100O1O1000O0100000000010O00000000001O000000010O000001O00000000001O0O2O000O2O1O001O1O010O0100O101N10O10O0100O100O01O01O1O000OfPNFQo19nPNIQo16oPNLQo13oPNNQo10PQN1Po1NPQN3Po1KQQN5]o11O003M10O1001O0O100O1O1O010O1O0001O00001O01O010O0101O00002ON0100000O100O1O00010O010O01O2OO10001N2OO11O00003M0O11O00O010000O010O0010O0100O0010O010O01O010O1O01O010O00102M1O10000O10O1O001N2O01O01O0100O1O3N0O100O1O01000O101N01001O0002OO1OO20OO1O3M5L3M1N1O1O1O1O1O2N5K1NYUeg2
20120710063134Lh_2,Xjni11eQ`0c0cmA7J9F6J9E=G=D6J3M7I5K3NdM\SNa1_l1^NeSNd1Ul1]NmSNb1Ql1^NVTN]1ik1cNXTN2_O<Wl1B[TNLH>mk1E\TNGMd0gk1D\TNHOc0ek1D]TNHOc0ek1D]TNG6?^k1G^TNI`05Rk1IdSNLn04>6Pk1I_VN6bi1J_VN5ai1K`VN2ai1O`VNNci11V3O2N2OnTaS2
20120710063134Lh_3,RdhW13jo14N2O0O2O000O1O1O10O0100O100O2O00001N100O100O1O2N101N1000001O00000001O0000000O100O2O0O101O001O001O1O001O1O000O1000001O0001O1O01O0100O10O010O001O1O1N3N2N2Mj[[c2
20120710063134Lh_4,l`ic13lo11O2M3O1N1O100O010O1O001O0O2N0L5J7L3L30100O1O1O1O001O10GZQNWOhn1f0:L4O1O2N1O2O0O10N2N20M3N200O101O01O00010OO1M3O10000001O01O000O2O0010O01000O10000001N1O4LhabW2
20120710063134Lh_5,de\f01QSb15dl_N8J?B4L3N2M2M4K4M4M2N2N2KYORRNFmm17ZRNFdm1:`RNC_m1=eRNAYm1>lRN_Oml1F]RNk0n0YOdl1l0bSNnN_l1S1V1001O0010O0O1M4N11O01O0000001O1O1O0O2O1O0O2O1O1O010O0010O001000O0100O1O01O1O0001O0100O1O2O0N2O1000000001O001O1O1O001O000001O0001O01O000000000000001N2O0O2O0O2O1N1010O010O100O1000O01000O1000O10O10O0001N101N101N2NQYUP3
20120710063134Lh_6,Yjhi11fQf0`0cm[O9I:G7H8F>F>C4L4L7I4L5LbM^SNb1^l1^NeSNb1Xl1]NjSNd1Sl1\NSTN`1kk1aNWTN]1ik1bNYTNNF>ok1D\TNIKb0ik1D\TNINb0fk1D]TNHOc0ek1D]TNHOd0ek1B]TNI10VO6[l1ObTNI0KZO;Ul1IjTNN67Qk1K^VN3ci1L_VN2bi1N_VNOci11V3O1000000000001OO2O100O0O1001O001O3MkTcR2
20120710063134Lh_7,oYif11XPd04bo]O4L3N1O2M201N5K1O[OnPN<Ro1CQQN<Zo1O001O1O001N101O00000000000000000O2OO1001O0000000O1000O10000O1O0100O001O^edU2
20120710063134Lh_8,Zeko13ko13O1XPN0^o1:N2O002N1O001O0001O01O01N01010O001O011N1O010O01O100O02N1O100O1N2O000000001O00000000000000010O000000010O0001O1N100000000000000O101O1O0O2O0000000O1000O10000000O1001O00001O0O2O007H1N3N2KTZVj1
20120730072014Th_1,oTSi19fo12O1M4N3M000O2O1N2N1O1000001N2O1N101N2O0O2N2N3N3M2M2O2N1O2iQN^Nlm1b1SRN_Nnm1i10000000O100O10001O01N101O001O1O\OURNSOkm1j0[RNTOcm1i0fRNQO[m1n0m0N100001O2N3M10O1O00001O02N0110OO3N9]QNcNQn1l1I4N1N0O011OO01O2N01O2M1O2O1N]WNRNVc1l1k\NVNUc1g1m\NYNSc1f1m\N\NRc1d1n\N\NRc1d1o\NZNUc1c1f5O00SWNXNbc1g1Z\N]Nfc1c1T\NbNRd1Y1a[NVO]d1i0a[NYOad1f0\[N\Okd1b0PWNeN^3n0ce1?kVNdN_3P1ge1;jVNeN[3T1oe16dVNeNY3X1Wf10`VNiNU3Y1\f1O]VNiNU3Y1af16ZYNKkf13RYNERMlNSj1]1iXNDcg1:TXNJQh16mWNHXh17dWNJah13\WNJkh15SWNJRi14mVNJVi16gVNJ\i16cVNHai17]VNIfi1QO`TNm0g11Vj10gUNN^j11_UNNdj13ZUNKjj15TUNIoj17mTNKTk15lTNIWk16hTNIZk17eTNH^k18aTNFbk1:[TNGfk1:XTNDlk1;STNDQl1;kSNFXl1;fRNVOh0=hl1d0SSN]Ool1c0mRN_OUm1c0aRNAcm1\12M3N1O1L5N2N2L5L3N3M2O105lNWQNe0Wo1K7Hjgbm1
20120730072014Th_2,Silo02no11N2O000O1000000O100O100O10000000O010O0001O000010O00001O01O100O1O100O10O1O1000000000O1000000000O01000O10O1001O00001O001O00000000000000000000000001O0000010O1000O1O001O1O010O001O10O01O010O0000010O000100O10O0100O1000001N4M2`PNHSo1i0mPNSOfn1V1N1ZQNgNbn1[11M4L5Ba0_OcPNLfo1OaVch2
20120730072014Th_3,lPi[22S11dm10\RN1bm10^RN0bm10^RN1am1O_RN1am1N^RN4bm1L]RN5cm1K]RN5cm1K\RN6Tn1K[QN6dn1LZQN4en1NYQN3gn1MQQNK19gn1FZQN7MJ1:gn1GZQN;NOgn1F[QN;M0hn1j0N1O010OO2O001O000O2O0000000001O0O2O1O00001O01O0O1I[QNSOen1l0]QNSOcn1m0^QNQOdn1m080OIQQN^OPo1b0QQN[OQo1e05001O0001O000O100000000001O0000000001N10000O10O1O10JgPNEYo1;gPNEYo1a000000O1O2N2O00000000O100ONLAmPN>So1CmPN=So1DkPN=Vo1AkPN>[o11EBTQN>ln1DQQN=nn1DnPN`0Ro17001O0000000O2O000O1@jPN6Wo1GmPN6Uo1GRQN2UnZ]1
20120730072014Th_4,P^Yn13mo12N0O2O000000000000000001O001O01O000O1000000O10000000O0100O010O0100O0100O0010O00000O1001O001O01O0100O1O001N1001O01O00O2N2Knbjm1
20120730072014Th_5,TlPf12mo12O001N101O1N101O000010OO1000000O100000000000O10000000O1000000O0100O0100O1N2O100O1000O1O1O1N200O1000O10O100000000O1O100O100O01000000O100O10O100O01000O01O010O100000O10000N11O010O100000O1000000O100O2O0O101NbTaS2
20120730072014Th_6,d\g`21]TT24\kmM4J5M2N201cPNBVo1e0O00100O01O001O1O10O00001O00000M201O1O1N2N100010OO11O1O1O100N200O1O1O1O001O2O@[OgQNc0Xn1^OiQNb0M^Ogm12[RN`0LAgm10^RN=KEem1OaRN;IGem1ObRN8ILcm1MdRN6JMbm1LeRN7GOcm1KfRN6B4hm1FeRN6B6im1DcRN8D4im1EbRN7E3im1GbRN6D4jm1FaRN7D4jm1GaRNm0^m1TObRNk0_m1VO_RNk0am1VO^RNi0cm1YOYRNi0gm1g01O100O1O1000O100O10O10O010O00100O2O[N[RNQ1cm1mN_RNS1`m1mNaRNR1`m1mNaRNR1_m1nNbRNQ1^m1nNcRNQ1_m1oNaRNP1`m1PO_RNl0em1UOZRNj0gm1XOVRNi0jm1XOTRNi0lm1YOPRNk0nm1d00N110M4K5N4L3N2M3N1O0N200O1O1O010O01L30O1N3N101O1O1O2N1O1O0O1O010000E\O\QNc0cn1AZQN`0dn1>00N03N1N3OO010100O01OO10ON4N10O10O1L4O00100O1O2NO11O02O1000HmPNATo1<;M6IZbjR1
20120730072014Th_7,fSif11[QR21bnoM3M2N2O1M200O2O1O0O2O2N2M2O1N2N100O2O001O0O2O1N2N2N3[QNiN\n1`1N1kQNbNem1`1YRNcNem1^1ZRNbNfm1_1XRNbNhm1^1WRNcNim1^1URNcNkm1h11000000O10001N101O000001O1N102N2N1NXOXRN\Ofm1a0aRN[O_m1c0fRN[OYm1d0jRN[OUm1d0oRNYOQm1j0nRNVOPm1k0QSNSOPm1m0PSNSOol1m0RSNROol1m0QSNTOnl1l0USNQOll1n0USNROkl1m0VSNROjl1n0WSNQOjl1o0VSNQOil1P1WSNoNil1R1VSNnNkl1S1iRNmNE1am1S1^RNkNO?dm1f10000O02OO02N0010O3NO1N1O2O0O2O001N2O0K501O1O2O1OO11O2NoQN^Ndm1`1ZRNcNgm1]1VRNfNim1i12nMURNh1MZNSn1a1PRNaNQn1[1PRNfNTn1U1kQNlNUn1T1jQNmNVn1S1hQNoN\n1Y15J100O2N3M1O1O00000ROYQNc0gn1\O\QNb0dn1]O_QNa0an1_O`QNa0`n1]OaQNc0`n1[OaQNf0ln1000O100O100000O2O0001O101N10O00O10000O20O000000001]OoPN4To1GQQN7^o1IQhdm1
20120730072014Th_8,Ye`Y2>ao11L4N2M3M2O1000M2KlPN@Ro1c041M3KZOQQNg0nn16000N2N2K7DS\We1
20120730072014Th_9,Sjf[25ko11O1O101N1001O0O2OO010K401O01O3M1O2OO001O010O0010O01O10O0103L2O00O002N20OO100O1O01O1OL[PNNdo13\PNLeo134100O010O10O11N010O010O0010O00010O00001O010O0O2NiTm_1
20120730072014Th_10,RU_m16`0Nen1k0K8RQN]OQn1Z1O00001O5K1O0101N001N2L30000O103N2M0110O04LcVNgNSd1X1e[NQO_d1i0\[N[Ojd1b0R[NAPe1?iZNFYe1:bZNJbe13WZN2je1OPZN5Qf1J`VNnNP3Z1cf14XYNMnf10PYNE]g1:aXNCeg1<XXNBng1=lWND[h1:`WNGfh16WWNInh16nVNHXi18fVNIZi17eVNK[i15bVNKbi1POcTNi0k16Qj1HlUN7Xj1IeUN6_j1J_UN2fj10VUNNnj12PUNLTk15iTNLWk14hTNJ[k16dTNJ]k16bTNI_k19`TNFbk1:\TNFfk1:XTNEkk1:STNFQl17nSNIVl17fSNI]l18`SNGdl1a0PSN@Rm1b0fRNA^m1^12N1M3N1N4N0N4M4L3N2O2N1O3M8kNXQNc0Uo1Kogbm1
20120730072014Th_11,jbbj24ko12O0O2QOKPRN6cm1IlQN5=4em1JkQN5LJ<8lm1KiQN?NOXn1R1O001O1O1O01O2N1N2O1M3O1O1\OdQNC\n1<hQNBXn1;lQNCPn1a0RRN^Omm1c0TRN\Omm1c0SRN]Omm1c0TRN_Oim1b0WRN]Ohm1d0ZRN[Oem1e0^RNWOcm1i0j0O2DlPNJTo16lPNJTo1b0O0000O1O1N2M4I7O0N4IR_aR1
20120730072014Th_12,RcT[31`Rd09Tm]O7D7O1000O00O2N2O2N1aNTOjSNk0Wl1VOhSNj0Xl1WOgSNh0Zl1YOeSNg0[l1ZObRNJk0k0cl1]O]RNNn0d0fl1GXSN9il1HTSN8nl1HhRNCCe0fm1J]RNf0dm1^OXRN`0jm1i02N2O1M3O1O2N1N2O1N2N2L4N2D^QNYOen1d0^QNXOen1h0:O1O101N1FkPNGXo12^\_a0
20120730072014Th_13,]edW14lo12M3N3M1O1O000O2O0O11O00001O100O1O4L1O01O010O1O10O10O01O001O0100O011O01O0O1000HNaPN2ao1K^PN<_o1LaPNK^o15bPNK]o15dPNK\o14ePNLZo14fPNMZo13fPNMZo12fPNO[o1OfPN4Wo1KiPN7Uo1IkPN8Uo1GkPN9Vo1EhPN>Yo1AfPN`0]o1O102O00001A`PN:do10O0001O01O01O1O0010N101N11O00100O2N1N3MPYYc2
20120730072014Th_14,Y^Ve12no11N3M2O000O2O000000000010O1O0010O000001O0O10000000O110O0000000001O010O01O10O01O01O010O00001O0001O0000001O10O010O001O000100O01O00001O001N101O0O10^Pd0Nco[O100000000O103L2O0O2O00001N10001O0000000O0100000LDdPN<\o1FbPN:^o14O100O0010O0M201O200O100O100O010O100O2M200O10001N10001N2OXaSR2
20120813063134Lh_1,gajX13lo12N100O1O100O2O000O1O100O10000O1000000001O0000000000000001O1O000O10001O000000001O000O2O000O2O00001O00001O00001O01O0010O000100O01O010O01O01000O100O101N010O1000O11O010O0O3O00O00011M100O2N1O1N4M1O0O3O0O1O1O01O010O1O001O00000010O00010O1O0YQNRO^n1l0aQNVO^n1j0bQNWO^n1h0bQNXO^n1c0gQN]OZn1b0fQN]O[n1c0^QN\ON1dn1c0]QN_Ojn1`0UQNBjn1?TQNBmn1h03^OQQNM[o1FfPN:`o110O00000000JFfPN:Zo1HcPN8^o15001BcPN76GUo16hPN1Vo1MkPN4Uo1ImPN;Yo16J2gPNAon1j0N3M001O100O10O3N000O1O1O00100O001O2M2O1O10O01O001O00010O0000100O001O001O1O010O1O001O00100O0010O000100O01O011N10O11N1O011N0100000O10O2O0O101N101N2O00O010O010O011OO1O1000O011N010O011N00100O1O010O00100O0010O02OO0101N100O1000O202L3N2N1O00O1O1O1O0O2N1010O1O0000002M4MYYiU2
20120813063134Lh_2,lcT`11kPh12QoYN3M2N2N3N001O1O1N1N3N101N1O100000O100O100000001O01O01O0001O001O01O1O010O1O001O1O001O1O001O0010O01O01O01000O10O010001OO1000O1O100O1O10O2OO0101N2O1N002O00O10O10O01000O0100O1000O00100O100O1O10O010O010O010O10O10000000000002B]PN:eo1O20OO2OO1001OO011OO02N010O001O0010O1O1N2OUYkU2
20120813063134Lh_3,Q_gQ24jo14N1O1O010dPNLjn15SQNNln13SQNNmn1c0O0100O2O1N3N0O100O1O2O000000000000100O2N11N11N1O0O1O1O002M3Me_jk1
20120813063134Lh_4,iZi^11SQf02QoYO010Vo1d0L4N1N2O01O001O00O02M2O000000O00101O1O2O0O001O1O001N1001K4N300H8M3O2N100O1000O1O01O0100O10O100L5M3MmdZ]2
20120813063134Lh_5,TTUU21_ZR44[eoK3M3M1N4N0O101O0O2O1N102N00000001O001O2M2O1N101N1010O01O1O004L2N1OO1000O010O101O1N101Ooo31noK3O0M3O1O1O1N2O001N1001N101Mhn]2O[QbM1jPNIcn18YQNLdn18VQNNgn13XQNMgn16WQNIin19VQNDln1g002O1000001O000000O100O1000001O1O1O1N1O3L9G2O2J6MPPd0NRP\O3N1N4N1M4M1O2O1N2N100O100002N1O1O1O2M6J2N^no0McQPO4N2N1N4N0HDiPN?Wo14104J200O100O0010O01O000N201O1000PO`0_QNA`n1o0010O100O0I_QNoNcn1o080eLWO_WNg0`h1^O^WNb0^h1CaWN<]h1K_WN3bh11ZWNOfh16ZUNTOl0g0ki16XUNUO1JOk0ij16WUNUONOMh0oj16UUNUOC:Jd0`k1NRUNVO@d1`k1VOnTNY1Vk1gNiTNX1Yk1gNgTNY1[k1eNdTNZ1_k1eNaTNZ1bk1dN^TNZ1ek1dN\TN[1ek1eNZTN[1gk1SNkSN2>k1hk1RNlSN2;l1lk1nMgTNP2fl1O1O1N2O4QOTRNCWn1EXRN8om1^OXRN>gn1N2MgfbW1
20120813063134Lh_6,TbU]21^Pb01^o_O3O0O10000O1O1O10000O2O0O10O0100000O10O100O100000O10001O00000000O2O00O100O1O1O1O010O2M2Nj]^_1
20120813063134Lh_7,a\]R2?_o15K4G8L3M2O2O00O1M2LkNUOaSNf0cl1\O[SN?jl1BVSN<kl1ETSN:nl1FRSN9ol1GPSN7Sm1JlRN2Xm1NhRN1Ym1OgRN1Ym10eRN0\m10dRN0\m11bRN0_m10_RN0cm1O\RN2em1NYRN2hm1OVRN2jm1NURN2lm1OSRN0om10oQN1Rn1NmQN2Tn1OkQN1Vn1NjQN1Xn1OfQN2Zn1OdQN1^n1O`QN1an10]QN0dn11ZQNOgn13VQNNkn11TQNOnn10QQN1Po1NPQN2Qo1=1O2N100O101N1O1O10O02N2N1L4L4O3JXeli1
20120930063534Lh_1,jmbc24ho16L3M3N2N10O10O100M201O1O001N101O0010O0010O10O100000O1000000000010O1000O001JlPN^OTo1a07O1N10001O0O20O0100O01O2O1N100O2O00000O0010000O100O01000000O3N2M1O2O1OO1001O0O11M2O1O1O100O0010O010000002N2N1O01O1O0010000O00O11O00001N1000100O0000000O20O01O0001O0O2O0O2N3M3M2N3LQP[T1
20120930063534Lh_2,ninb11^Pb03\o_O4M3]PN0So1`0N2N4M2M3M4M1N1001O0kNaQNh0_n1UOfQNi0kn1N2M2000O1O01O000O1O1O2N2O0O2N100O2OO01O102L3MlSSZ2
20120930063534Lh_3,[dbj05jo13M2N2O001O001O1_PNB^o1`001O2N100O2N101N1O0100O10000O001O100O1O2OO0100O1000O1O1O1O1O101N101N2O005J2O3L3M1O2N101N1O1O2O1O2N0O10O010O1mNgQN>Yn1]OPRN>Qn1_OSRN?nm1_OURN`0km1_OWRN?jm1_OXRN?jm1\O]RNa0bn1O1O1O001O0000000O2O0O2O2M3M^YUP3
20120930063534Lh_4,\QU]2;co17J7J4K5L3L3M2N3L4L7J5K3L3N2N0O2OO1N12M3N4`RNeMVm1m0iRNh0Pm1VOWSNl0cl1SObSNl0Zl1UOiSNk0Sl1UORTNk0ik1VO[TNi0`k1WOgTNg0Tk1ZOoTNh0ij1[O[UNd0^j1@dUNb0Xj1^OkUNd0Qj1\ORVNe0ji1[OXVNg0ei1XO^VNi0^i1VOkVNf0Qi1XO[WNb0bh1[OfWNb0Xh1[ORXN`0mg1]O]XN=ag1AfXN;Yg1BlXN<Sg1BUYN:jf1C^YN9`f1HbYN6^f1JcYN5]f1KcYN6\f1JdYN6\f1KcYN5]f1KbYN6^f1IbYN9]f1EcYN=]f1^OgYNc0Yf1ZOjYNf0Wf1VOkYNl0cj10101O2N2N2M5^OgPN6do1M2MZkh^1
20120930063534Lh_5,^XUn11[Pd04_o]O2O1O1O2O000O100O010O1000000001O0000000O100O11O000000010O1gPNHfn1;UQNIjn19QQNJon1c01O1O1N2O1O1N3N2M3L4J5LQf^n1
20120930063534Lh_6,PWYP31aRV15WmkN2N3N2N101N1O100O0O100O2O0100O000O101OKAjPN?Wo14001O010OEEQQN<on1;O1O0010O0O2N2N2O2N2N1O2O0O2N01O001O1O1O001000O1O1O010M20O1O1M4N2O001ON2O110O001N2N2N2O00100O2O0O010O00101N100O10000O1000001O001O0O2O1N2M\h`h0
20120930063534Lh_7,X_Vb21YQf02cn[O2N2N2N100000000O10O100O0010O010O001O10O10O001O001O0O2O1O001M3M2L5O1O1000001O001O0000BRQNIon15UQNIkn16WQNIjn16WQNIin17WQNJhn16YQNJgn15ZQNJjn11XQNNQ_oY1
20120930063534Lh_8,Sfcd11bPd06To]O6K4M3N1N3N1O1O10O01O1O10O01O1O0010O000001O01O10O00001O3L5L2N3L3N2N1N3N1O1O11N2O001N1O2N5K3M1O2M6K1LgXbW2
20120930063534Lh_9,_QU]27fo1<E:H3K6L2M3M2M4M3M4L2M4M1N4M1N2O1O1M7K6I7J3KnMYSNT1dl1jN^SNX1^l1gNjSNV1Rl1lNPTNS1lk1nNZTNP1^k1TOgTNk0Tk1WOoTNi0jj1XO\UNh0`j1XOcUNh0Yj1YOjUNi0Rj1WOPVNj0mi1UOVVNl0hi1SOZVNo0bi1QObVNo0Zi1POkVNo0Si1nNXWNn0ch1ROaWNl0^h1QOjWNl0Th1SOnWNm0Qh1POVXNZOdMP1Uj1DoXN:Pg1DTYN:lf1DZYN9ef1F]YN9bf1H`YN6`f1J`YN6_f1KaYN6^f1JbYN7]f1GeYN:Zf1FeYN;Zf1@lYN`0Tf1_OmYNb0Sf1ZOPZNg0Qf1UORZNj0bj101O002NmJXOoZNg0od1\OS[Na0md1_OV[N>hd1E\[N6dd1J][N5ad1Na[NN_d13e[NHUd1?c54M1O20ON12OOO30O000001OO01M30000000100N11O01N200O101O000O100O01N011M111M120O00100O100O010N101O1O1O001O01OO20O10O01000O10000000O1000001O001O0O100O2M3O00001O001O1O001O0100O002O001N101N10001N010O100O01000001O000O2N101O0O10010N10O100O1O10O02N001000O11OO4M0O3ON110N111NO20O2NO02OO10001OO11O0100N110O1O001OO12OO0010O0001O0O2N2N3M7FooZT1
20121024073354Uh_1,XbRZ11YQ^11cncN4L2O3M1O1O101O1aPNCYo1d0N1O00000O1O02N2N2N2N1O100001O001O3M1O2N2N11O1N3N2O1M11000O10O010N2O1O2OO0O01O0101OO20N1000O101N200O10O01O1O109PQNoN]n1[1210N01N1lQNaNbm1c1TRNdNkm1h1100bNRRNh0Pn1QOWRNn0_n1N20O01O1O13L0N3M101011N8H4K002N1O1O1O1O1N101N1O2N2K6L5HeXQ^2
20121024073354Uh_2,Y[Yb21QUj01kjWO:H1N101N1N200O1O01O10O000O1O0110O2O0O10O1F@SQN`0kn1;L4L4O1M3hMkN_UN[1cj1gNXUNY1jj1jNRUNV1nj1nNoTNl0Wk1WOfTNh0Zk1[OeTN?_k1D^TN:ck1KWTN7kk1LoSN6Ql18ZSNNgl1f1OO2O2M3N2O3_MRSNh1hm1I8I5K8mNYQN=go1\OdahY1
20121024073354Uh_3,nRSh136N_o1;N2O000101N10O01O001O1O001O01O01O01O0001O0000O10O10000O10O10O1000O1O010O1O100O1O001N1O101D;N2O20O0O10O0@WOfQNP1Vn1>H71K5O010TOmQNKUn12VRNBmm1;n0K5O2M4KRohS2
20121024073354Uh_4,[Q_X13jo15K4N1O3L3M3M2N1L5O101N1O2M2O0O1O2O010OO10000^OYQNKgn13dQNEZn1<jQNATn1`0e01N20O0O1OK60001O1O2N0O2O001M4J500N101O0ON12QOn0O110O1100O2N2N3K7I9I9G<E8YOPQNNZQec2
20121024073354Uh_5,Xe`h21_Pj02[oWO5L4M4M2N1000O00101M3N2OO0010O01O010O10O0001O1N1JBjPN?To1CjPN>Ro1;O1O1N2O1O1O1O100O1O01O010O00100O010O100O1O1O010N100O100O1O101O100O100O1O1N3HfPNE^o169KiY]R1
20121024073354Uh_6,bbcm02mo12N100O100O1O100O2N10000O2O001O010O0000001O00000O1O2O0O100000000000O101O0O100O2N1000O0100O010OO2N2N1O101000O100O010O100O101N10000O100001N100O1O1O01000O1O10000O100O010O0001O00010O1O01000O10O02N100O10001L3O1Lno5MXPJ2N2N1O100O1O1O1000O01O0100O0010O01O0010O1O010O1O001O0GGkPN;To1801O0010O10000O100O1O2O0O1O100OL@hPNa0Xo13N201O0O10001O00010O1000000000O10001M2O1O1N2O001N101O001O1O010O1O01N1K5J6O2N1001O010O1O101N2N2O0O3N0O100O1O100O10O01O1O0001IFgPN:Yo1600100O1O1N2O2M4L4Lnn75mPH3J5K5O1O00100O1O108F3O1O1N2OO1N2M3N2M3N2M3M3N3M2N3N2NebXb2
20121024073354Uh_7,Q\Y]22no11N2O0LL\PN4co1O[PN2]o1<00O2O00000001O000000000O10001N2O001O00000O1O0100O100000O1O100000000O2O00001O001O000001GIhPN6Xo1JhPN6Xo1JhPN6Xo1JiPN5Wo1KiPN5Wo1LhPN3Yo1NfPN2Zo1NfPN2Zo10dPN0]o1OcPN1\o11cPNO]o11cPNO]o11bPN0^o11aPNO_o11aPNO_o19O100O2O00000O10001N1I\OQQNe0nn1\OQQNf0nn1[OPQNf0on1601O0000O10000O1O1L4O10000O2O1O001N101O0O101O001O2N1O0O2O00001O00001N100O100O2MbdX[1
20121024073354Uh_8,U[Yi02mo11N200O10000HKePN5[o1LdPN4\o1LcPN5]o1KcPN5ao1300000O010000001O001N10000000O1O10O01O100O01000O200O001O000000O1O2O00001O000000001O0000001O0001O00001O000O2O01O00O10000O0101N101N3MRelQ3
20121024073354Uh_9,QZW^21gQh13UnYN1O1O01O000O2NRP`01mo_O2N2N1O001L4N3N2M20000O11OO101O0O1O2N2N1M3O1O10O100O1O1N200O101O01O0VUN\OYf1c0fYN@Xf1=jYNEUf1:lYNFUf18kYNJTf16kYNKVf14iYNMWf14gYNNXf12gYNN[f11eYNO]f10aYN0`f11^YN0cf10[YN0gf10WYN0jf10UYN0lf10SYN0nf10QYN0Pg1OPYN1Rg1NnXN2Rg1MoXN3Qg1MoXN2Qg1NdXNCeL`0gj1LcXNJaL:mj1J`XNe0ag1ZO]XNh0eg1VOYXNl0hg1TOUXNm0mg1ROoWNR1Rh1mNjUNKk0]1`i1aNgUN5e0[1gj1iNUUNW1lj1lNQUNn0`NhN_l1>oTNi0Tk1]OiTN>Yk1FdTN6_k1O\TN1fk13UTNNkk19kSNIVl1e0ZSN]Ogl1m12N3L4M2N3K5iMiRN_1Tn1G5J6oNaQN7TalY1
20121024073354Uh_10,hjfh23mo10O2O1O1O10O00011N00XPNLdo19O0001O000000001O001O1N100000001O01O00010O0000010O0001O000001O0000000000000O100000000O10O10000O100000000O1000O100O100000000000O1000O1N200000O10O10O100O10O10O01O001O0001O1O1O2M2O\UQQ1
20121024073354Uh_11,VlZZ11PS<2jlE5L3L201K5M2L5M3N2O1O0K6oNP1L4N101O11O1N3L4M9C6N2aNgQNV1gn1hN[QNk0nn1_OPQNNRo10QQNNPo1NXQNMSQac2
20121024073354Uh_12,l[eR31cRT11UmmN:K1O1O01O01N01O100O001N02O000O1O20O01O0010O100O00010O0101O00O010000000O2O010O0000001O0010O0001O001O1O1O100O100O01O001000O10O10O10000O2O0O2O1Mdcfg0
20121024073354Uh_13,jidg21QQ`10mnaN2O1O000WPNNdo18O000000001OO2O001O001O000O1010O000010O00010O000000001O0001O0000000O2OO10000000O1000O1000000O1000000O100000O100O100000000000O10O100N200O10O10000O100O0100O00010O0BJTQN5ln1MSQN2nn1OPQN2on1OQQN0Po10QQNNon13?O10000000000000000000000001O00010O2N001^PNIZo17dPNK[o1=101N00101N1O2K4NaUWo0
20121024073354Uh_14,modf11PS\12mleN1UPN0do17N2O0010O1O10O01O001O1O010O000010O0001O000000O10O10000O10O1000O10O1O010O1O100O1O001N1O1O2F9N2O2N11OO001@UOhQNo0Sn1a0I7NM5O10000UOoQNGRn17\RNZOfm1?Q10O000001O3M2O2N1O1O2O00001N2O0000100O1NXofR2
20121024073354Uh_15,Pj\g21hPZ10WogN1N2N2O010O1O1O00022L1O00000001O0000001O1O001N10000010O000010O000010O000001O000001O0000001O0O10O10000000O1000O10000O100000000O1000O100O100000000000O1000O1N2O1000O10000O100O0100O001O0000001N1001O1N6L1N\UoP1
20121125063154Uh_1,Z^UU11bRP13XmQO4J6M1O101N01OKBiPN>Wo1DgPN<Yo15010O010O010O0100O1O1O010I\OQQNd0nn17O0N2O2O2O0O200O00O2OO1001N110O10O00000O200O000O01N201O1O1N2O1O1O1N2O1O1O1O1O001O0O2O1O1O1O1O1O100O1O1O100O1O2N2MUahd2
20121125063154Uh_2,WohW38ho12N2N11OO6LO1O1O1O1O00010O1OO3N0O10O1N11O0SIDV^N<ia1FT^N<ja1GQ^N=oa1Do]N=oa1EP^N<Pb1DP^N<Pb1DQ^N;oa1FP^N:Pb1FQ^N9oa1HQ^N7Pb1HR^N6oa1JQ^N5oa1LR^N2oa1NP^N3oa1NP^N2Qb1No]N2Pb10o]NOQb11o]NOSb11l]NOSb12m]NNTb11k]NOUb13i]NMXb14g]NKZb14g]NJZb17e]NH\b19b]NH_b17_]NKbb15\]NLdb17o\N3Sc1Mj\N4Xc1Mc\N5_c1J`\N6ac1K\\N6fc1IX\N8ic1HT\N:mc1FQ\N;Pd1Fm[N;Td1Ej[N<Vd1Fg[N:\d1Fb[N9ad1H\[N7fd1KW[N4kd1NR[N2Pe1NmZN4Re1OhZN4Ze1LbZN6^e1K^ZN8ce1IYZN8je1HkYNoN`LZ1mi1E^YNOdLZOYj1f0PYN1^g1M`XN5ag1K\XN8cg1I[XN8gg1ITXN8ng1HoWN9Th1FiWN:Zh1FcWN\O\Mb0Tk11_WN\O^M`0Xk16TWN[OeM=[k18lVN]OiM:^k1;cVN7ai1?aUNCcj1>VUNDnj1=lTNDZk1=]TNEhk1<PTNHSl1Q23M2N3M3M4L?A5J101N4L3G;I9F8H`0]O=@`Rca0
20121125063154Uh_3,SV]d21eQl01XnUO2O001O010O00100O010O01O0001O01O000000O101O000O010O100O10O010O10O01O010O000000O2N100O1N200AJSQN8ln1LoPN5nn1`00O1O1O2N2M4^Ob0LciVW1
20121125063154Uh_4,_]_k13lo12N3N5K1O1O2YOBiQN>Sn1GlQN:Rn1GmQN;Qn1FoQN:om1GQRN;mm1FTRN9km1HZRN4dm1LhQNDa0?gm1NfQNDd0>em11\RNOcm10^RN1am1NbRN2\m1OcRN1]m1OdRN1[m1OfRN0Zm10fRN1Xm1OkRNOUm10lRN1Sm1OnRN1Pm1ORSN0nl1OSSN2kl1MZSN1el1O]SN0bl1O`SN0`l1OaSN2]l1OdSN0\l1NgSN1Yl1JmSN6Rl1HQTN7ok1GSTN9jm101O010O00001O1O000010O01O00010O000100O001O001O000O2O001O000000001O00001O00001O00010O01O0010O01O0O101O0001O000000001O000000000000000O10000O10000O10000O100000000O10O1000000O10000O10001O000O010O100O00100O010O0010O01O010O010O0010O0O011O00001N1100O10O1O010O100O0O2O1000O010O100O10O0100O10O100O010O10000O1000O10000O1O10O10O01O1O1O1O00100O100O010OO2O1O10O0100O10O010O001N2O1O0N3O1N101O0N2M4JOXQNUOgn1l052I50010O100N110001O0O1M301M201N0M5M2001N1K33M2O2N1000O10001O00000001O1O001N2O1N2O1O0O200O010O00010O01O00O2N10010O001O1O100O1N2N^eRb1
20121125063154Uh_5,gQW]21]P:5^oG6gPNOUn13[QNC9?GD\n1`0eQN9Yn1i0N001O001O00O1O1N4N3L4G=I9G<_OklXa1
20121125063154Uh_6,f]Y^21YRZ11dmgN1N3N100N2O10O0100O002O000O01000000O01O10O010O10O010O0O02O01O001L301O001O1N1010O1O1O1N2O1O0001O001O1O1O010O10000O100N2O10O1O001O1O0O1O02N3O000O1M2011O000O01000O010000O100O10O01000O100O011N100O10000O2N100O1O1O1M3O1N2O1KPb`Y1
20121125063154Uh_7,a^em13mo100001O01O001O00010O000010O00001O1O001O1O1O001O1O0O2O0000001O0000001O00001O000010O01O0010O001O001O0000000001O000000001O00000000000000000O1000000O100000000O1000000O01000000O1000000O10000O100O100O01000O0010O010O01O00100O000100O000000001O0001O01O00100O10O01O010O1O00100O010000O100O010O10O10O0100O1000O10O1000O1000O010000O10O1O1O001O100O00010O01O10O01O10O0100O010O01N10100O0O2N2O0O2N2O0O2J6KNZQNSOdn1n03500M101N11O0100000O2N1N2O20ON2O1L4N20N2M30O1N2N3N20O0O1000001O0001O001N10100N2N2O1N10100O0010O00100O0010O000O20O01O010O1O100O2M2O2M3MZoe00gPZO1O1O1O1O10000O100dPNHon19oPNKon15PQNMon13PQNNPo12PQNJKNUo18PQNITo18lPNGUo19900000000000000O00100O1O1O010O1000000O010000000O10001O0000000001O014K11OO01O01O000001O000000RUNLQf14mYNNRf12mYNOSf11mYNOTf10kYN2Tf1NlYN2Tf1NlYN2Uf1MkYN3Uf1MjYN4Vf1LiYN5Wf1KiYN6Vf1JiYN7Wf1IiYN7Wf1IhYN8Xf1HgYN9Yf1GgYN8Yf1IfYN8Zf1HeYN9[f1GeYN9[f1FeYN:\f1FcYN;^f1D`YN>`f1A`YN`0`f1@_YNa0af1^O_YNc0bf1[O_YNd0nj11000O1000O100000O010000O0VLZO\XNf0cg1[O]XNe0cg1[O]XNd0dg1\O\XNd0eg1\OZXNc0gg1^OXXNa0ig1_OVXNb0jg1]OWXNb0ek1O0O1O1CcPN6^o1IdPN4_o1JcPN4VaRZ1
20121125063154Uh_8,Y[oo16go14L4N2N1O1000O10000O10000O1O10O101N0O1O11M110O0O10100O01O11O00O1O01O2O001O1O001O01O001K5O001O00O2O1O100O00100O002N1O1O2N1O1O2LYfPl1
20121125063154Uh_9,b[Wl21\Ph00boYO2N2O0O1000001O0O10001O000O10000O2O00001N101O000001O00001O01O0000010O01OO1O1O100O100O2O000001O1O1O0O2O001M2O1O2N101N2N3NocVo0
20121125063154Uh_10,PXQn11WSl1:]lUN2M3M2N200O01O1O100O100O1000O0100000O0O1000N2O1O00O10O20O1O110OO01000O101O1O001O00010OM4M3O010OO2O1O00100O1O010O1O100O1O10O01O1O001O001O0010O10O0100O10OO2N101M3M201O001O010O01O01O00K501N11N100100O00100O100O100000O10001N2O0010O0O101O1M201O1N10000000000000000O1000O0100O2MWgbg1
20121203063334Lh_1,`^_e18go12N2N1O2O000O10000000000001O000000000000O1O0O2O1O1O010O010000O1O10O010O00001O00010O001O0010O00001O1O1O100000O11O0000000O1M4N101O0O2O000O102M3NQbPV2
20121203063334Lh_2,c^_]21^Ql01cnSOOeo1<bPNGln1j0L5K4M2L5M2N2M4L3N3N1N2N10001O00100O001O001O001O01OO10000O010O000O1001O0101N10O2N1LVRNQNlm1n14O1O10OO2N101O0O100O1O100O1O10001N1O0O3BaQNYO_n1e0gQNVOZn17cQN15FYn16eQN2kn1KZQNOjn1N[QNM[_Z]1
20121203063334Lh_3,jcao13lo12M5K3M4N1N3M2O1M2O2N2N2N1]QNQOUn1P1gQNTOXn1m0fQNUOXn1m0eQNUOZn1Z1N1N2N2O1K5N2N200O1O100O11O001O001O1O1O001N2O1O0O2N1O1O2O0O1O100O10O001O100000O100O100O1O101N1000000O100000O010O0O2OO2O01O01O100O2O0O100O1N2N3O00002N0O2O000O2O0O100O101N1O1000O100000O100O1MkPNZOVo1e03O102M3CfPNOY\Vi1
20121203063334Lh_4,QYiP31dV\13]feN2bUN4Xj10eUN4Pj1FbSN8]24mi16QVNLli16TVNLii16WVNIhi18XVNIgi18XVNIfi17dTNZOk0?`j18cTN]Ok0;`j19eTN_Oi08aj19eTNBi04bj19eTNFg02cj17fTNIg0Ocj18[TNWO0c0P10ej17YTNYO0a0P10gj1e0UTN]OQ1Ojj1a1RUNbNnj1d0UTN[Oi03Sk1a0UTN]Oe03Vk1a0STNBa0N\k1d1`TN^N`k1c1^TN^Nck1e1VTN^Nkk1k20O101O0O10OO2O1O1hMQTN>Pl1AUTNaNK^1Sl10cTNF`k1:bTN@ak1>fTNZO^k1b0hTN[OXk1=TUN@lj1>WUN@hj1?]UN_Ocj1>aUNA^j1=gUN@Zj1<mUN@Vj1;l2I5Lho3OfPJL_o14_PN1]o11bPN0[o1;N1OO30O2BDTQN?hn1>01N2N1M3N1OM5O2N2K5J6O1O1O1N3M2O2O0O1O100000O10O10000O2N2O1O1N3LcePh0
20121203063334Lh_5,cehT21iPX16mniN4O1N3N100O1O100000000O1O10000O102O4L2NO01O01O10N0100001O0001O1O1O1O0O1O1O1O100O1200O0O4M1NO10010O1O0O2OO01O11O8H2N1O001OO101N2N2N1O1O0O2N2N2N101N10010O000001O1O00001O00O100000000100O0100O1O0O3M3MPWic1
20121203063334Lh_6,ohRm0a0^o14L3M3M4L1O2N3M2N3M1O2N1O2L4O0O2O0O10000000O1000001hNhQNf0Xn1UOoQNOI?Zn1_OQRNN53[UUQ3
20121203063334Lh_7,[cTQ11hP`02RoA5M3M3N1N2O00001N3M1O1N3M3N2N2N101N3N100OO110O000001O10O1O0nN[QNi0on1O1N2O1O1O1O1O1O5J4K6K][gk2
20121203063334Lh_8,VkXh13ko16L2M2O10000O010000O010O1000O10000O01000000O10O01O01000O10000O100000000001O001N201N2O00N3M3M1O2N3K_ScT2
20121203063334Lh_9,j]ck11oUP44iiQL6L3M2N2N2N1O3M101N2N1M5M2ZQNQOXn1R1dQNROZn1Z1O2L4N1O1N2O1N2O1O1O010O10000000000001O000O2O001N101N1O100O10000O10000O10O100000O10000O100O1O100O1000O010O1O100OO20O10O1O10N11O10000O1O2O1N100O2N100O2N100O2O0O2O0O100O2O0000O0100000O0100O00100O1O001O0O200OO100J42M211O0000100O1000O0100O1000O01O001000O010O01O100O100O100O10000000O100000O0100000000O1O100O100O1O001O1O00DPQNImn17[QNBgn1>=001O1O100O00100O00001O100O1O010O100O001M3O1O001O1O000001O1O0O20O010O1O1O100O2O000N3O0O1O100O1N1K6L4O1N2O1O100O1O1O1O001O1O1O1N2O001N2O1N10001O100O01000O10000000O100000000O100000O1O010O1O10O001O10O10O10000O1O2N1O2N100O1O2O0O2N100O2O0O1O2O0O1O101M2O1O2N1O2D^QNWOdn1OcQN3on1HVQN4`o1Kn_V]1
20121203063334Lh_10,ddXe25io14M4L200O1O1O1O1O010O10O1O010O01N20O01O011N2N2N2N101O1O3N0007I2OOO1O]QNYOmm1h0mQNCnm1<nQNIQn1T1O2N1O1O0001N2N;E6J4L3N3N4K4M101N01OO2N1N2N3N1O1N3LPXiV1
20121203063334Lh_11,chRY21`P`01ZoAOWPN7`o19L4N0O100000000000O1O2L300O101O01O01O01O001O1N1000O10000001O001O0010O1O2N1O2G_PNNaVmc1
20121203063334Lh_12,cfa`13ko15L3M3N3L101O0O101O0000000O10000000001N1000000000001N1000000O100000O100O001O010O01O010O10O00100O100O01000O01000O1000000000000O01000O1000O10O100O0100000O10O10O101O0O10000O10000O0100000000O0010O01O010O00100N1H9O001O100]OUOPRNl0om1VOoQNk0Pn1WOoQNh0Qn1ZOmQNg0Sn1ZOkQNg0Tn1\OiQNe0Wn1b0O100O1000O100000000000001O00001N10001O1O1N2O1O1O001N2O000O2O001N100O2O1O1N2N2N1N2L4O2N010O10000O01L310O01O0O2L4O1M3N20O10000000O000O10L410O10000O1000000001O0GaPN2^o1McPN4^o1IcPN7do1O001O00000O100000000O1000001N_oc0NdP\O00001O01Ob00]O100000000QO2lQNNSn14lQNKTn17i03M1RQNEUn1>jQNCTn1?jQNBUn1?hQNDWn1>gQNCXn1?eQNC[n1=dQND[n1>dQNB\n1?bQNB]n1?cQNB\n1?bQNB]n1`0bQN@]n1R1O2M2O2N1O1O1N2O1O100N2N2O1O001O10000000O1000001O001N10001O0O2O0O100O1O100O100O10000O1000O0100O100O100O10000O100000O010000O01O10O10O000100O010O1O2O0O1O100O2N101M200O2N101O0O10000O10000O100O10000O100O100O1O1O1O101N1O1O1N2I7N2O1O1O1O2MS]`h1
20121206063154Uh_1,ZhTS2:eo17J1N2N3N1N3N2M2O1N2N3M102N2N1O1O1O00001O01O10001O3M1O3L1O1O10O02N2N000O2O001O0O10O02M2M3M3O1N2O1O0000010O10O0010O1O1M4K^WQi1
20121206063154Uh_2,di`[31[Qf00Tn[Ob0L3N1N2O010O0001O1001O1O2N2O1N1O4MO1N2N2OVQNUO_n1[1L0000012M10O2O1M3N3M6I6OkPNVOln1S1L1O00011N00010O3M01N4L3M3M3L4K4L7F`S_`0
20121206063154Uh_3,\U_h01gQ\10VneN4M2L3N3N2N1M2O10O101O01O00100O001K5O0I8O10O010O010O010O1O1N110O01O1000000O1000O100000000O1000001O2N000O2O0001O0000010O0001O0010O001O00000N3N1O1O101O0O10001O0O101O001O01O01O0000100O100O0010O1O01O1O1O1O1O1O1O001O0O10[OcQNG]n18eQNG[n15bQN[O5?Xn1IhQNM59Sn1DdQNOk08cm1GdRN7dn1JRinn2
20121206063154Uh_4,h^[g01mo13N2O000O010O01000O100O100O2O00O010001O000000000O100O1O0100O01O010O01000O00100O1O010N110O01O010O01O010O00001O0O1N2O100O0010O2M201N2KaPNH`o157M5LcbXT3
20121206063154Uh_5,\h`R15ko11O1O00001N101O000000001O011N10O100O1O01O010O1O1O1O01O1O1O1O1O10O010O0100O1O1O1O1NSWkj2
20121206063154Uh_6,_edb01QQb13in_N4L201O0O100O100O2N100N2O100O010O1000000O10000O1000O001O10O01O001O10O01O100O010O10O010O0100O10O10O10O100000O1000000000000000O2O0000001O0000001O001O1O0000001O0O1000O101O0O101N101N10000O10000000000O10000000000O010O100O010O1000O010000O100N2O2O1MYZUT3
20121206063154Uh_7,hc_S154M^o1=N2N1O2O0O2O0O2O00001O00001O0010O01O1O010O1O010O00010O01O00100O1O1O1O1O001O001O001O001O001O0000001O0001O00000O1000000O100O100O1000O01000O1O100O100O0100000O100000001OO10000O10000O1O100O1O1O1O10O01O0001O0O1O2O10O100000O01000000000O1000000O01000O1000O010O0M4O001O010O010O01O10000O010O1000000O0000O10001O001O010O1O010O1N2N1N3M3N2O0O2OO1M3O2O01O000010O01000O010O10000O10000O101N100O101N100O100O101N10000O2O00O010K[OoPNe0Po1]OnPNc0Ro1^OnPNa0So150O2N1O10N3M20100N1N3N200O00100000O10000O1000000O2O001O1O1N2O1O1O1N3N1O001O00000O10000000000000000001O00000O100000000000000000O1000001O000O10O100000000O10O10000O01000O1O10O0100O0100O001O1N20O0100000000O100000000000001O000000001O00000O2O001O001O0000001O0001O0001O01O01O010O0100O0100000O010O1O1O1O2N3N1N1O2N1O2N1F]PN4do1L\PN4io1O1Nm]bU2
20121206063154Uh_8,kV_\11`PT25XomM202`PNKPo18mPNITo17iPNLVo1?0001000ZOiPNa0[o10010O0001O00103L2O01O2M1O00100O00100O0010O01O010O00001O00001O00100O1O10O010O01O0010O000001O0000000001O0001O01O01O101N0010O0000010O00001O1O001O01O0000000001O01O000001O000000001O000000000000001O000001O000000000000000000000000000000001O01O00O100000000000O100O10000O01000O01000O010O000001O01O010O1O01000O01O1O1N2O1O100O2N1OhghV2
20121206063154Uh_9,lddd21hPd15Po]N5M2N1O3M2N1O1O200O001OO110O1N2O1O2N00010O11N001O01O01N101N02O00O10000O11N010000O01000O01O1O10O01O1O1O001O1N10001O000000010O00000000000010O101N001O010O1O010O1O010O10000O010000O10O10003M1O00O010O1O100O001O10O010cPN_OYo1f0O0O0010O01O0100O2N1O2N1O1O5K2L4LaWQR1
20121206063154Uh_10,deVf24jo15M1N3N2N1O3M100010O0100O010OO2O003M00100O0002N0010O01O1O1O00000000O01000000O1000O010000O0001O1O001O1O1O1O1N2O00001O000001N1001O0001O0001O000101N010O00100O001O10O01000O001O100O1O1O002N1O2M4LWXiS1
20121216154954Bh_1,gkb`3:co19E<H5K4N004K3M4M1N2O1O1O002N1N203M2N1O3L2OO101OO01O1O1O10000O002O1N10001O3M1O11M2O003M3M2N2N00O10000O100O1N2O2N1O2N3M5J5K3N2M3M4L4K5K4L4K4JXPo:
20121216154954Bh_2,Ph\R14ko12N3M2N2O1O1N200O001O010O001O010000000O110O2N000000O1000001OO1001O0O101O0000dPNBUo1h0M0000000O2O1O00O110O00001N2O002N100O1O2N2N1N100O1O100O00100O10O01O100O01000O10O010O01O00010O0000100O001O1O2N1N`Ueg2
20121216154954Bh_3,fefS11mPn15knSN4M2N10001N10001O0000O101O0000001O000001O0000001O00100O1O10O02N101O0O110O011N00000O2O0O100O101N10000O010O10000O10O0100O1O01000O01000O011O00O00100O001O001O1O1N101N2M2O2O002NfPNCQo1>lPNFTo1d0O001O1O001O0O10O10O01000O1000O2O0O2O7H2O1O0O1000000O1000O010000O011OO01000O11OO10O010O10O0100O1O001O10O01O1O100O1O1O002MYVQa2
20121216154954Bh_4,R^TS21PRd23jm]M4M2N2M3N1O2N1O2M3N1N2N3N1O1O1O2N1O1O1O2O0O2N2O0O2N2O2M2O001N2O00001O00001O0000001O00000O2O00000O1000000O00100O01O010O1O1O1O1O1O100O100O1000000001O000O101O000O10001O0000O100000000000000O1001O0000001O00001O00001O1O000010O01O010O000010O00010O0001O001O00100O001O100O1O100O001O010O1O01O01O100O100O00101N100O100O00100O010O00100O001O000010O01O1O1O001O001O010O001O001O1000iNlRNBRm1>nRNCQm1<QSNDol1:SSNFml19SSNHll18USNHjl17WSNJil15XSNKhl14YSNKgl14ZSNMel13\SNMdl11]SN0cl1N_SN1al1NaSN2_l1KcSN6]l1FgSN:Yl1CjSN<Vl1AmSN?Ul1TOWTNl0jk1lN\TNT1Ym1O00001O0O2N2N2N1^OUQNNnn1MWQN0ln1Mi^k\1
20121216154954Bh_5,lnlQ11[Pf05]o[O5M2N1O001O00001O001O0O20O01O1N20O0100O100O100103K4MO1O2O0ePN@Uo1f0O1N2O1O01O1O1O1O4L1O1O001O1O1O001O1O0O2N4KjoTj2
20121216154954Bh_6,f\Q[37ho13M1O2N101N1O2M2N2O1N2O1O1O10O0100O10O01O0010O001O1O001O000010M200N3N2O001N11O000O100N3O001O0O11M102N10000O10010O01O00100O001O010O001O001N2N101N010000O1O010O1000O100000O10000001O1O0O2O1N3M2N3L4LPfj>
20121216154954Bh_7,\ljb21ZP<:[oE3L=E0O2WQN[OSn1h0gQN\OXn1W1O1O1000O001O1O2N2N1O1O1O2N2N1N2O1K5K5JjRU[1
20121216154954Bh_8,SdUo11YQ\13aneN3M4N1N2N2N2N2M3N1M4M2O2N1O2N1O2O1N101O1O0O2O1O1N2O1O1O001O002N010O1O10QOiQNZO0e0Wn1MQRN4Pn1DWRN<lm1^OVRNc0dn100O1O01O0000100O1O010O1O010O1O0010O01O0010O1O1O1O1O101N1O1O10O010O01O10O010O10000O010O00010O001O10O001O0001O0001O1O1O001O1O1N101O1O1O002M3N001MPY^h1
20121220110614Th_1,VQ[h11TP>2ioC4L100O010O10O02N10O2O0O01O10O1O0010O100O2O0001O1N100O3LPn\U2
20121220110614Th_2,dPo91hPl0a0cnUO5H7N2N1O10000O2N10000000000OCYQNCgn1<[QNDdn1;^QNDbn11]QNI26`n11kQNOUn10lQN0Tn10lQN0Tn1OnQN0Rn10nQN0Rn1OoQN2Qn1LPRN4Qn1JQRN5mn1000O10000O101O0O0100001OO100O01000O010O10O100O010O10O100O100000001O1O2MXnVa3
20121220110614Th_3,WTk]21aPj02[oWO2N2O001N10001O0O2O1O0O1000001N10001N1oPNAan1`0]QNBan1?^QNCan1=_QND_n1=`QNI[n17eQNJZn16eQNK[n15cQNM^n13`QNN`n13]QNOcn1g00000000O002N1O1O2O0O3N1O1O1O1N2O1N2O3L1O2O0O100O2O00000001OO1GbPNJ21]o13hPNK\o11Vk\]1
20121220110614Th_4,c_Tk28^o1=K6K2N100M3O01DSQNEln1;UQNEkn1;UQNDkn1<XQNBhn1>ZQN_Ofn1>^QNBan1>aQNA_n1=c0O1O1M3001OO1O10000000O10O11O0000N21O00M[PNJgo144MTa_R1
20121220110614Th_5,dfVd22mo12N1O10OM4O10O1000O10000O010O10O100O1000O1000O100000000O1000000001O000O10001O0001O010O01O1O010O001O100O01O1O1O001O0O2NaYQX1
20121220110614Th_6,[YkT11aQ>0\nC9H3M2O1N1O1O1O0O01001CBTQNa0kn1:O2M2O1O2O2N100O10N2O2O00O11N1O2N2oNTQN42<Po1BSQN<nn1DUQN6]o1L5Lde`h2
20121220110614Th_7,kXiT11PR`03jmA<E9H7H:F3M5K4L2M3L4L5HmN[RNUO9d0Vm19XSNCdl1?^SNA_l1a0bSN_OZl1c0iSN]OTl1d0lSN_Ook1c0RTN^Okk1c0UTN^Oik1c0VTN@hk1`0XTNAgk1>ZTNDdk1<\TNEdk1:\TNFdk19^TNGak18aTNH^k17fTNGZk17jTNFWk18mTNETk19QUNCPk1:TUNDmj17YUNGhj16\UNHej1IaSNJV24\`bh2
20121220110614Th_8,jZkU14lo10O2N100O1^OJTQN1H5Ro10PQN8Po1HPQN8nn1=1O10O1N110O1O0100N2M300M3E;01KU7MRI0O3M2O0O2O00001O000O2O000O10000O101O0000000000O1000000000001N101O0O100000000O010000O010000O10O10000O01000O1000000O10000O01000O0100000000000O01000000000000000O10000O100O01000O01000O0001000O10O1000O010O1O010O1N110O0N210L2L240L3ON40OO1010N2N200N10100NN4L40NN3010ON2010NO110O20N10010O01000O1O10000O0100O1O10O00100O10O10OO1100O00O200O0H900N2K50Yo[1LhPdN300L4N110K5M300L30100O01000O10000000001O00000000001O00O1000000000000O10000000000000000000001N101O00001O00000000O10000000000O100001O00000000001O000000000O1O10000O1000O01000O100000000O01O1O100O1N200O1O100O1O10IJePN3Zo1380O2M200O1O2O0O1O1000000000O1O10O10O100O1O100O010O10O01O10O1O0100O0010O01000O1O100O01O100O1000O10O100N2L400Neo96TPF3O100O1000000O0100000001O00001O0000001O00000O10000O100O2O000O1O10koi0NVPVO2O0O0100000O100000000N3N2O0O2N3N0O2N100N2O10000O100O2O00000002OO0001O001O5K003M1N101O1N102McdXl1
20121220110614Th_9,dflc22lo1201O0O2O0O2K4O100000000O0100000O10O0100000O100O100O1000000000000001ON200O10O2O000000001O100O00101N1O2N002OO01O010O0001O001O001O1O1N2O001O100GbPNNho100000O3N001N3N1O1O1O15J01O01O01`QNKTm14jRNOVm11iRN0Wm1OiRN1Ym1NeRN3\m12^RNNcm12\RNNgm10WRN1im10VRN0jm10VRN0km1OURN1km10TRN0mm1ORRN2nm1OQRN0Qn1OoQN1Qn1OoQN1Qn10nQN0Sn1OmQN0Un10kQNOUn11kQNNWn12iQNMWn13l000O01O01O1O1NSQ4NjnK7O1O01O0001O0010O00001O01O0001O0000010O000100O100[PNGao19_PNHao1;0N3N2O0000100O0100O011N6K1N3N1N2O0O11O1N00001O100O001O1O00001O00001O0O100000001N100O10000O2O0O1O101N2M^Vio0
20121220110614Th_10,WZam01oo10hVV63SiiI4N0O2M3N2M3O00001O001O01O00010O00000000001O0O1000000O1O1O1000OO20000O100000000000000000000000000001O001N2O000000000000000000000000000000000O10000000000O10000000O2O0000000O2O0000001N100O100000O0100000O01000000O01000000O10O100000O010O10O1000O1000O1000O100000000O10000000000O01000O010O10000O10O0100000O010O1000O10O0100O1M201N200O0O1L4M310M2OL5M3010O1O0O2O100N101O100O1OJ6M4M30ON2O100O20N1O1O1001000O010O100O010O10O10O1O010O010O1OO02N110O0000010ON1M401O10O000O00020OO1I71O10000O010N200N2O001O100O1O1O0O110N1L400OO30N01O101O10O0001O10000000O01000000000000000001O0000000000000O10000000001O000000001O000000001O0000000000000000O10O100001O000000000000000000O101OO1000O100000000O01000O10O010O0100N2O001O1000O0O1N210O0000O1010O001O1O1000O0100O100000000O0100O1O10O0100O1O010O10O10O0100O10O01O01000O010O1000O01O10O10O10O010O10O01O010O10O0N200M220O00O101O100O1O1O100O100O2O000O2O0O2N101N_dhP2
20121220110614Th_11,Y_[d01PQb41mn_K2M2O2O0O100O2O00000O10000O10000000000O100000000O10000000000O1000000001O000000001O0000000000000000O10O10O100O100O1000000000O010000000000000000000000000000000000000O100000000000000000000000000000000000000000000000O2O0000000000000O2O000000000000001O01O000000001O001O003M1O0001O000001O00001O00000000000000O10001O00000000001O00001O0O101O001O001O0oPN@bn1a0\QN@dn1`0\QNAcn1`0ZQNBfn1>ZQNDdn1=ZQNEfn1;XQNGgn1i001O01O0010O010O0100O1O5K1O1O1O3N1N1O001O00001O0O101O0000000000O10000000O10001O0O10000O10000000000000000000000O1000000O10000O10000000O100000000O01000000000000000000O2O00001O0O100O1000000O10O1000O10O10O10O1000O10O10000000O0100000O01000O10O1000O100000O1001N100000000000O10000O1O1O0010000O10O1000O01O10000N2000000O1000000O1000000O2O1N1Mf_`a2
20121229085414Th_1,a\ia27go13N1011N1O0010O0O2O2M4M1N1O1O1O001O010O1O1O1O1O1O1N1N1O21O10004L3N0O01O01O001O001O0O10000O010O2N1KcPNF^o1:33M000M4O0001N100O2OO2N1M2O110O1O2O1O10O10O01O1O0N2O2N2O100O1O2O0O1O1O2M2O2N2NfdbX1
20121229085414Th_2,d^ko04jo13N2M2O0N201N1000000000O2O1O0011N1O1O0000OO2L4O1N2N1000O2O100O2N2N2O1O0010O1000O100O2N1O001O0000100O1O01KJ_PN7_o15010O100O10O2O1N0N3N0_ODaQN;`n1a01O3N110O1O00001M4L5L2O01O2O0000O1O2M3N2M5L2MZcbj2
20121229085414Th_3,\Uo^21XWl23dhUM1N2N2N101O2N3M1N100O1O1O100O0010O01N200O1O1N20O00001O010001O01O001O00001O001O00001N0100O01O010O0O011O01O0O10O2O0O1010N1O1O100O1O1O11OO1010O1O001O000M4O001O00O1N3O0M4M101103L2@kPN2Wo1JmPN3To1LPQN1on1Oa001O01WP<NioC2O1O100001O2M\oc04_P\O3O0O02N1N3MQo=OPQB6jPNKXn17dQNL\n16WQNH13hn1b0SQN^Onn1b0RQN]OPo1b0700O3M1O101N1N2O10O1O1O1000O02K301O1N2O010O1O10O010O1O1O0O2N1000O011N011O0000O110OjN_OoRN?Rm1CmRN<Rm1GlRN9Tm19[RNFfm1>QRNFPn1S13N1CnQNhNVn1W1;O1O\QNmN\n1R1bQNnNan1U1301G[QNSOhn1i09O1O2M2N3L3O3Kjh\Q1
20121229085414Th_4,aUYf01aQ<4XnE3N2K4N101K4N2M02O010N3OO001001N3M3L7JTjRX3
20121229085414Th_5,a\kn01QRR11lmoN2M3N1L4O1N101O00000001N2O10O002N001O00OO2L4O1M3O0O1O03N2O0N3N2O1O001O10O100O10O1O2N1O100O00001O1O1O1000O1000O010001O10O000O1O1N2NPP8MVc\k2
20121229085414Th_6,g\So01jQj03PnWO3N3M1M2O2O000000000001O1N20O1O1O1O1OO10O0L500N2M2M22O1O2O1M3N2O1O1N101001O0O0101N2M20O0001O00001O2O0O100O2Olbdl2
20121229085414Th_7,dchU22no12M102N1001O10N2O01N10000O100O01O010O1O100O010O10O002OO010O1O10O10O10O10O0001O001O011N1O2M_[[g1
20130104104234Ch_1,RVkk11mPd14mn]N2N2M3N101O0000000000000O10000O1O2O0O1000010O0010O01N2O1O2N2N11O7I000000O0100000O1O001O1O1O1O00100O1002N1O1O0000000O2O1O0O00100O1O10O0100O001O001O01O103L2OO01O0O2O1O001O101N010O000000001O0O100000000O10010O1O1O0100O3TOQQNb0Wo1O100O100O0100O1000O10O01O001O2M5L3M1N2Njf^j1
20130104104234Ch_2,Qg\o29eo13O001O1O1O1O10O02N10O10001OO2N2M4K8I3L2N20O011N2N3N20116H5LO1O4K1O0001O1O2M1002M8H0000O2O1O001O1O0N2O1N3N112N1O2N10O001O1O;D2O10O1O1O00000O2N3M5K2N2N2N2M4J[Vek0
20130104104234Ch_3,hdbP18do15K5D=G;E:J7J3N2MlNXRN4fm1GdRN8Vm1DUSN;gl1D`SN9_l1EgSN8Wl1HlSN6Tl1HoSN6Rl1IPTN5Rl1GSTN7Pl1CTTN=hm1OO21N5CkZom2
20130104104234Ch_4,c\Qj21gPd0:kn]O8J3M4L3M4M5K30N0O01N2O1O1O1N2O1OQObQN=]n1BhQN;Wn1DPRN6Pn1ITRN4lm1IXRN7hm1F[RN9fn1102M4M000O0000O1N3O14L0O2mPNZOhn1o0100N3M3M4L5J6HUabR1
20130104104234Ch_5,ZdfZ25jo11N3M2O1O100O1O1000O0100O100O10O01O010O0100O100O2O1N1010O001O00001O0O10000O10O11O00001OO0100O1L202O1O1O10000O1000O11O01O1O5K1O1O0000001O010O1O00001N10000O3N1O2M2O1Nm[S`1
20130104104234Ch_6,keRZ24do1;I8K<D3M3M20O01O1O000201O0N1N3N3L4M3O1OO3M000000O1O101O0O10O1O1K5O24K<DO2N3N1O11O0001N102OO1M7I4K6FWXgb1
20130104104234Ch_7,nQY[1:co16L3M4K9I`0^O3L4J5G9H9N3O^NeRNa0Xm1]OkRNVOMX1Um1@WSN?jl1CWSN;il1EWSN:nl1@QSN`0Um1\OiRNe0Xm1[OfRNe0[m1[ObRNg0`m1XOYRN241dm1a0bRNXOcm1NSRNMh0MlkXc2
20130104104234Ch_8,feRZ2<_o18K8I8H3M2O1O10O010O1001O00O2N2M4M4L2O1002M1O0000O2N1O100O10O1O1N30O1O;EO2N3N1O1100OTQN\OYn1g0`QN[Ocn1n05L5L5L2M3M3L4M2N4OhWab1
20130104104234Ch_9,e_gj01e53ad1M_[N3lhg53WQZJ2N2O1N101O1O000O2O001O00000O101O00000O100000000000000001O00001O00000000001O00000000001O0001O00000000O100000001O00000O1000O1000000000001O0O1000000000O100000000O1000O1000000000O01O100O10000O10O10ON3O1N2O001000O1000000O100O2O0O100000O1000O0100O100O010O1O10O1O01O01O0000100O100O100O101N10001O0000001O00001O0000010O0000010O01O00000000000000O1O1O0O2N101M21000O00O20O0001N2O100O10O01O1N2O1N2I7N10O110H8N1000O02O0O2O001000O1O100O100O001O1O100O1N200O100O1O010O10O01N10001O001O1O01000O10[ON\QN1en10ZQNOfn12ZQNMfn15YQNJhn16a01N2O0O1O2N2O1N1O101N10000O101N100O10001N2O2N0O2O1O0000000010O000010O1O000010O000000001N100O2O0O2O00001O000000001O00001O001O000001O00010O0000001O0000001O0001O0000000000001O0O2O00001O0000001O001O1O001O000O101O1O1O001O001O0001O01O001N2O`PNGYo19ePNLYo12hPN0Vo10iPN1Xo1MiPN4Yo1GiPN9Wo1GiPN9_o11O00000O11N100O10002L3Mn]fW2
20130104104234Ch_10,[`Ql16go14N1]OJZQN9dn1b000O4M1N2O0O10001O00000001N2O1N5M2M001O002OO0O100O1001O001O1UOlPNh0Wo1O00O10000O010O1O1O1001O00O1000O011N1N200O1000001O00001O00O010000001O000001OO1O1O0000O100001O1O1O01000O010000000O11O1N2N2N2O010O0O2O0N3N4L2K4NU`Zm1
20130104104234Ch_11,UaU`16ho15J4O1N100O2O0O100O10000O1000001O002M2O0N3O02OO010O001O0O101PQNQOmn1R100O00001OO2O1O001N1O2N100O20O0001O001O000010O00000000010O001O000000000000010O0O110O0001O00001O0O10001O00001N101O002N10OO2O0000001N102N1N101N3M2O1NZ^XY2
20130110085614Th_1,Xjnm05ho16nNNnQN5Ym1I`RNZ1]m1hN`RN[1_m1gNZRN_1dm1b0M2M4M1N2M4M2NRNXSNi0dl1UO`SNJG5hl1NfSNIE9dl1LkSN]ONf0Wl1LgTN4Yk1JiTN6Vk1IlTN7Tk1HmTN9Rk1ERUN9nj1FTUN8mj1FWUN8hj1HYUN8gj1G\UN7cj1I^UN7aj1J_UN6aj1IaUN6^j1JcUN6]j1IfUN7Wj1HkUN;Qj1EPVN<oi1CSVN=mi1@UVN?gl110O00000001OO10O1001OO10O10O011N1O0100O01O1O0100O010O100O003M1O1O1O1O1O10O0100O100O000001O000000O010O1O0O2O01O100O0010O001000001O1O01O001O1N2N001O1O0NO31N0010O1010O001O2N3M1O00100O0100N201M2O010O1O2O0O1000000O00100M3O1O100O3L^Tih2
20130110085614Th_2,Z\^S21PTX15hkiN4QQNMlm1=hQNFRn1c0fQNBWm1GfRN04i1Sm1h0N3K5L4M4L4K6Jc0^OUMXTNN:3Zk1ImTNSOI38l0oj10cVNOZi12iVNMRi16RWNGlh1:VWNFgh1;ZWNEeh1<[WNEch1;`WND^h1<oWNYOng1i0TXNVOjg13XUNLQ31dg1O`UNNP34[g1JkUN0m28Sg1GTVNOl29nf1FZVNOi2;kf1F_VNLj2<ef1HaVNMk2;bf1HdVNMk2;_f1IgVNLi2<^f1HlVNJf2?\f1GQWNHb2c0]f1BTWNJ_2d0_f1^OlZNc0Te1YOQ[Ne0Vj100O1010OO2O01OO0100O02N010O1O1O1O1O1O1O00001O1000001N100O20OO4JS\mf1
20130110085614Th_3,WbZP31_Qh15SnYNN`PN9Zo19N1L6M1N3M2O2M3J6M2GbNjQNb1Un16N101OXOTRN]Okm16PRN@:9em13URNC7:dm11XRNB6=am11ZRNA6?_m10SSNKml14YSNFhl1:_1JcPNH^o17510O100000O100000001O010O001O01O00001O0000000O100000010O1O10O010O1O01O00010O00100O0001O1O00001O011O1N01000O10O02O2M1O10O1O10O010O11O000000006J0001O01N1O101N10O1O00100O10O11N1000000O0100O1O10O010O1O100O01O00001O`[ge0
20130110085614Th_4,dbX_21QQh13jnYN2N3N2N1N110O100001O1O100O00000000O1000000O2O002N3M1O2M2O1O04L2OO010L4O20WOhPNf0Yo11O1N1002O3M00O0O10O1O1O1O1O1O100O1O0010O001O0101O1O^PND_o1?1O01O011N101N3M2O1O00000101M2O1N01O2N101N1001O2NO07I2N1O000O10001O0000O00100OE]PN:fo1O0O001O1N2O2M101O10O0eWiW1
20130110085614Th_5,b\_d23lo13M3M2O1O2N1N2O1O2M2O1O1O2N102N4SQNRO_n1Z1M001003dN]QNS1kn1M2N00100O100O10O01O1O4M1N1O2O0O3M1O1O1O1O3H[PNOkajX1
20130110085614Th_6,ecRR3<]o19N1M4M3M3M3N1N3M3L4K4M3J5O3M2OVOURNAim11SRNA:=bm1NYRNC6`0`m1K\RND6`0^m1L^RN@5e0\m1JRSNESO;km10ZSNOel10_SNN_l1NiSN1Ul1NmSN1Sl1OoSN1ok1NTTN1kk1OXTNOgk11[TNMek13]TNKbk16aTNH^k18dTNJXk16hTNKWk15jTNKUk15kTNKUk16kTNIVk17Y2001O01O0000001O0000000O1000010O1O010O10O0010O00010O0010O010O001N10100O01O11O0O10000O1O102M10O010O1O0100000000000O204J11O0100N1O011N10O10O01O1O10000O10000000O010O1O010O10O2OO01O01O001O1O_[ge0
20130110085614Th_7,VPYc17io100000O10000N101N1N20001000O101O1O010O00O1O1O2N1O2N001O1O001O000O01O10000O101M1O20M200001O01oLFZVN=gi1EgSNHW2e0Sj1N`UN9`j1I^UN7dj1IXUN8jj1ITUN7mj1JQUN6Pk1JPUN5Qk1JQUN4oj1MRUN0oj18jTNGUk1c0dTN\OYk1l0cTNRO]k1Q1bTNnN\k1U1cTNjN^k1W1`TNkN_k1V1]TNPO`k1Q1YTNWOkk1ROQTNl004hl1KmRN>Vm1BcRNb0`m1l06eM\RNP2nm1AURNaNom1[1a0J4J5L4K5H:BfRkW2
20130110085614Th_8,QR[W13lo12O1O00001O001N2O1O001O01O00001O00010O100O2N001O10O010O01O00010O01O001O001O0001O2OO1O2N1O001O01O001N2O02N100O01O00000O11O010O0001O00010O0010\PNI]o17bPNK]o16bPNJ_o16_PNKao1:1O001O0O10001O00000000000010O000010O3M001O001O00010O001O0OmlTb2
20130110085614Th_9,UhhV11no14M1O1O001002N00O01O01O00010O00001O010O01O010O0001O0O10000000001O00001O01O00O101O000O1010O0001O04MO02N001O000O1O10O1O100000000000O1000000O10O1001O000000000001O000O11O0000000001O00010O001O10O00010O1O1O1O0O2O1OVWeb2
20130110085614Th_10,WlXb11PTP10nkQO3N0O2N10O01O1O0O2N10100O10O2O00001O01O0O1O1O2N1O1O1O1O001O001O0O02N001010OO1N1O20N1N2100O01M3N2I7O0010O101O2N2M201N2O0O1O04eN^OmRNh0Rm1ZOiRNi0Rm1SOWRN6c0i0[m1YO^RNl0bm1VOTRNQ1lm1`02N3B>N7H3N2N3J7G9DeRkW2
20130110085614Th_11,[YQ_11VQT17_nmN4N2M3M5M1NHjPNIUo15nPNKPo13TQNLln11XQN0en10]QN0bn1O`QN1BKgn13iQN7Vn1JkQN5Tn1KoQN3Qn1MRRNNPn11P1O01O001O0010O001O1O10O1O001N1100N101000O10000O1000000000O1O1O1000010O000010O00010O001O10O010001N100O10000O11O000O10O2\PNF_o1>O001cPNBWo18fPNJ3OVo1d01N1O10O01GePNK\o13gPNKYo14hPNLYo12iPNMXo12=N2O\eRZ2
20130110085614Th_12,lami11WRf30fm[L3N1\PNL[o16bPNM[o1>J5M3O1O2O000001O001O001O001O00000001O01O001O1O1O00001O000O10000O100O100O10O10O1000O0O200O010O10O10O01O01L301O01000O10000O1000O1O1O0010O010O1O01O1O1O00010O01N110O1O1O001O10O100000O010000000O10000O10000O010000N11000O01000O10000O10000O100O10001N1000000O10O100000000000001N2O1O1O000O2O0O101O000KTOUQNm0jn1UOTQNl0ln15O000O1000000O1000001O000001O1O1O1O1O1O1O001O001O01O02YOUQN5kn1JWQN6in1D\QN<To100001O000O100O01000000000000000N2O10000001O0000001O0CaPN9_o1GaPN9_o1FbPN:_o1EaPN;bo1O10001O00000000001O000000000001O0000000000001O00001O010O00000HFjPN:Uo1GkPN9Uo1GkPN9To1IkPN7Uo1IjPN8Uo1JjPN6Vo1JiPN7Vo1:O2O00000000010O0001O000010O01O001OnPN@dn1`0\QNCbn1=]QNCcn1LXQN:5Kcn1H[QN=0Lfn1FZQN>0Lmn14QQNNnn1b01O10O01O2SOmPNi0Uo100000001O001O1O1O1O0O2O6C_PNOco1N_PN1ho1O10d[l_1
20130110085614Th_13,hgjQ32mo12O00001O00001O00010O01O10O01O01O010O010O1O0100O010O10O010O010O010O010O01OMMYPN3go1NXPN2ho1NXPN2ho13000000001O1O00O10000000O101OkWej0
20130110085614Th_14,\Xcg22ko1OWPN1io1OWPN2ho1NXPN2ho1NXPN2ko100001N2O001O0001O01O0O10000000010O0000000001OO20O00LJ_PN5bo1J^PN6bo1J^PN6eo1100O1OH\PN6ho1O00O100N2N2JGcPN:Vo1;N20O2O00O0O1N2M12O3J6L4LmhhT1
20130110085614Th_15,_Yo^11SQT16dnmN3M2N3M3N2O0OKgPNEYo19lPNDSo18=N20O01O010O001O10O001O001O01O010O100O01O001N20O1N101000O10000O10000000O100N2000001O01O0001O01O010O001O01000O101N10000O010000000000O10O1O10O00002O000O001O10O01O1OaeVZ2
20130110085614Th_16,cWhU21WRb02bm_O5XOKRQNO8<[n15\QN3bn1f00001N100OEfQNROXn1o0kQNoNTn1Q1<2O1O0O1N3O01N1010O1001N1O0O2O2N1ON20O2N1O2O10PQNVOjn1P10N2O2L301N4XOPQN9_o1Hagof1
20130206063154Uh_1,XXSa21dU\14UjeN3M3M3O0O100O1O101N1N20O0100O10O10O01M201O1O1O0000010O01O0010O01O00001O001N2M2N2O1N3N02K4000O1O0N3L3O20O100O0001K4O2UOUO`RNm0`m1UO^RNl0`m1XOYRNl0gm1f001N1O2M10]O[RNiNim1T1aRNdNam1Y1d0M2O2N20O01O001O10O01O1M3N20001O1O0O2O0O101OO01O2N1O2O1O1O1O101N1O3M7I1N`flV1
20130206063154Uh_2,eafn1;co17K3L3N3M3L3O0O000001O0O100O1O2N100O110O0001O01O010O000010O000000001O00000O101O0100O010O1O010O2N2N1O10O01O1O10O001000001O2N1O1O1O1N101O1O3M6I2O2O01=A6J6J4K5M8H7I8H0O01O100O1N3N2M5K3M<D5L<C4M4K?B3M1O002OO1O10O01O5J7J4K5K3O3L5L02N2N01000O1O1N2O4L2N3L9G3L4M2O2L20O1bQN^O[m1b0`RNE^m1=[RNOMEfl1>USNS1fl1W1L4M2N3L3N3M0010O0O1O001O1N2N2O0SNgSN2[l1ERTN4Ql1HUTNUO[O>cl15[2N3K5K5JPW[g1
20130206063154Uh_3,gelV17ho13L3N3N00100O0010O100O101N010O00100O00001O1O0010O010O0100O0100000O010O01O100O01O01O010O01OO100O100O11O0001O001O10O1O1O1O2O0O001O0010000000O2O1O000000O101N1N5KoXSd2
20130206063154Uh_4,bcVa13lo13N1O00010O010O0000000000000O01000O1000O01O010O00001O010O00001O0000000N30N100O101O0000O1O2N1O1000O2N3M3M^]_[2
20130206063154Uh_5,ggRm01oPd14fn]N8^PNLRo1c0K401O00100O10O02O1N3OO9H0O2O2M0003M100O0001N102M3M2O1N5MOO00001N1000001O1O0010O010O100O1O0100O002O000000O1O100O100O1O101O01OO1O1O00001O000O1O2N101N101O1O1N2O001O10O01O02N4M1N0010O00010O0000_OkPN8Uo1DPQN:\o1O0101OO0001O000000O100O100O101N2N3M2NgTmi2
20130206063154Uh_6,_ahP12mo12O001O00001O1O1O1[PNI_o1>N1O2OO01O010000O000100O0O10O1O100001O010O101N2O001O03M2O1O00O000001O1O10001O1O1N1O0000O01O100O1O1O2M4Ll\[k2
20130206063154Uh_7,bajP11no11O2N2O1N2N7J2N2N1O2N1O10O001O001O01O0000O101O0001OO110O0101O1N1010O100O3N000O01O01O01O10O01001N101N10O00103L4L1O0O2O1N100000O101N2O0O1000O101N1000O100O1O2O1N3M2N1O2O0O2O00O1O2O0O1O1O1TQNHom18lQNMSn14jQNNVn14dQN2Zn1n0L3M2N1O2N05L5K000SOhQN0Yn1NiQN2Wn1LkQN3Wn1JmQN4Tn1HPRN6Rn1FSRN8om1AWRN=hn1N010O001O1O001O100O00100O10O10O10O010O10O0100O1O10O010O01O0000000O100000001O00100O10O1O010O2N1O001N10010O10O1O101O0001N2N2MUYYd2
20130206063154Uh_8,R[^d11PQh00lnYO=F2L2N2O3M3N1N101fQNXOZm1i0YRNVOG8lm1f0VRNHim1W12O2M6J3M1O100O1O1O1O1O15KVOdQNOZn1NkQN1Un1JoQN7Pn1GTRN8lm1EWRN;im1B[RN>dm1@aRN=`m1@eRNa0Wm1_OjRNh0Tn11N0010O8I001N1000001OO200O02N1O1O1O1O2L5JWa[W2
20130206063154Uh_9,Yf`h25ko12M2M3I6O2N11O011O4K2O0O10O001N2O1N2O1N2N3N3N1N2O100O1O020O02O8F4M2N1N011N1001O00011N000O2O10O01O102M1O10001N2M2001N001O2N2N4L1O0O20N0010O1002M1O10O00001O102OOO000O2M3LYUUR1
20130206063154Uh_10,TYS^26co19M2N2N10O010O100N2O10O010O10O001N101O00000O1O10N20000O10000001O0001O00001O00O10G:M211O0O1000O100O2M2N2O1O1O1O1N200O1O10O0100000O10001O000O01000001O0M5L3LahP]1
20130206063154Uh_11,`djc21XQf14cn[N1O2N3M1N100000000000000O10001O001O01O01O0O101O1N100O2O1O001O01O1N3N1O1O1O1O1O100000O10O01000O10O001N10000100O1O010O10O010O100O100O1O1N4M2N2N2N101O0O110O100003M6J4L1O1O000010O1O0O11O02L111N20001N1O1O101N1O2N1O1M2N26J2N2M:G00001O00O00101N1000O00001O1O102NO0000O1N4LYUUR1
20130206063154Uh_12,V`kk21jPn01RoSO3N1N2N2O1O1GGiPN;Vo1HgPN9Yo18O00001O011N1O1O01O0010O0001O00000010O000100O13L1O00001O01O1O1O2N00002N2N2M2O001O1O01O0000O10000O100O01O001O10O01O102M2O0O1001O001O001L4K7GZPN0e^Zn0
20130206063154Uh_13,b^YT1221fo15O2O001N2O000O10000O1O0O200O1O0001O010O0N3M3N11O10001N0100O01000O10O100000O1001O001N10001OO100O10O1000O10O1O10000000000000000001N100O101N010O10O10O001O0001JHcPN8^o14101M200O1N2L`bXf2
20130208063134Lh_1,QWQo21bSb12Zl_N2N2N2M201N1O1O10O01N1O100O10001N010O10O0100001N110O001O001OO1O1O11O0010000O001O1O001O01O1O1O1O1O101N1O100O1N2O01O000N2K41O1O1000M300001O1N3N100N2O00001O10O01O01O0I701O00001O0010O001O01O000O1N2O2O0010O10000O010000O10O01O1O1O100O1O1O1O3MYhng0
20130208063134Lh_2,U^[e12mo11O2N100O1O2N1O100O2O0O1O100O101O0O1000000000O10000000000000000000000O010000001O00000O10001O000O100000001O0000000000000000000000O2O000O100O10O0100O1O100O100O100O10000O010O100O0010000O00100O01000000O100O100O001O1O10O10O10O100000O100O010O01OO0100O1000010O00001N100O2N1O2M2O1N1OO10101O1O10N1YMWOXVNk0hi1WOUVNi0li1XOSVNh0mi1ZOQVNf0Pj1ZOoUNg0Qj1ZOlUNg0Vj1YOhUNg0Yj1YOeUNf0^j1[O`UNd0bj1]O\UNb0gj1^OgTNEPOk0]l1EVTNo0mk1TOfSNT1]l1mN_SNS1dl1oNVSNR1ml1m04L4M4L3M2O6K3M2M3L4M4UOnQNXObn1OPgjo1
20130208063134Lh_3,n^h`11aQ^31]ncL2M2O001N2O00000O2O000N200O1O100000001O0000001O00100O1O0010O01O0010O010O01O00010O0001O010O001O1O001O00010O0101N1O111M102M10000O100000000O10000000O100O2O0O2O000O100O11O00010O0002O0N2O00002N0O100O101OO11OO01O10O01O1O010O00001O1O10O0100O000100O001O1]PNH[o1b0M001O2N1O2N2N202L10O12NO200O0O11N101N2OO1SO]QN=bn1A`QN>So1OO010000O100O0100O10002N001N001000001O1O2N4L101M10010N12NO10001N02O100N4N2L5L000O11O0O011N011OO10O0010O00010O001O001O1O001O1N101O0O2O002N001O0100O010O001O1O1O0010O1O0010O01O00000001001N10O010O01O01O01O1O00001O00010O010O1N2N2OfYak1
20130208063134Lh_4,dhPo03lo12O0O2N100000000010O000000010O1O0001O01O01O1O1O10O010000O01000O1O010O1O010O010O10O100O02O2M103L5L3L111N0O002OO001O2N3L:[OaPN7ho1KRVSm2
20130208063134Lh_5,mbTh26eo17K4M2O2O0000010O010N10000O1O2O0O2O1N2N2O1O1O1O1O01O001O1O1O001N2O1O1O100O00100000010OO1O2N2O1RQN]O\n1d0aQNEYn1W1J2O100ON101O01O2O0O1O010OhNURN:km1CXRN>hm1_OYRNc0hm1XOZRNo0Xn19F3M3N1O1010N2O21N3M3O0ON1O3N1OO010N2O0010000O020N1O2N3M2N10O000O2N1O2N2N\TNWNSi1g1iVNaNVi1\1hVNiNmMBRk1c1nVNXOSi1f0iVNHoh15nVN1Qi1NkVN7Ui1HgVN=Yi1CcVNa0\i1_OaVNe0_i1[OZVNl0ei1VOUVNn0li1SOmUNS1Vj1nN_UNX1cj1R2002N1O1N5K3M3M2N3PN`TN[Obk1?cTN@_k19fTNG]k1NkTN2Xk1GlTN8Zk1@iTN`0\k1VOjTNj0bk1eNbTNZ1Um1N4L00001O01N12N2N5J5L3M;E3M2M101N5JRS]n0
20130208063134Lh_6,c^Sk01nRj05ilWO5L4L3M4L4L4L6J4N1O000O10000O1O00000O001L202O000O10N202OO2N2J6N2OCoQNmNPn1Q1TRNmNlm1R1WRNmNhm1S1ZRNlNdm1U1_RNhNam1W1e0L30000O2O0H801O0N2O2N2O0O2N1O20OO110O1N3N1O1N201M2Ni`PP3
20130208063134Lh_7,dhhg11aPj11]oWN1N101N10001O00001O00001O001O1O1O001O0010O02OD_PN9`o1EbPN;]o1EdPN;`o1010O1O01O01O010O1O010O00107H2N2N2O0O1O001O100O1N2O001O1O00001O00000001O0O1^OVQNNkn1J\QN6en1G^QN8cn1G]QN9cn1F^QN:To100O2O01O01O0000001O00000000000000000000000000000000O2O000O2O001N10001N10000000001O010O1O0100O100O2N1N100000O001O1O001O1O001000O10000O10001O001O1O1O1N1O2O001N2O1N3L`UQm1
20130208063134Lh_8,R^_T35ho15L2O2N100O101N01000O01O0001O1N1M4K5C=N101OM4OO1K5N2001G8O101N1N3N1N2M3N3M11N3N2N2N3L3N200O1O0O2L3N100OO210O002O0O1O1ON3OH_QNSOan1m0:O0N3M3M3M3N2O1O2N1N2O2N1O2M4KXedf0
20130208063134Lh_9,``nc13mo11N2O001N1000001O00000O2O00000O1O1O1O1O1000001O0001O01O001O10O01O10O010O01O0000100O001O0010O001O1O001O1N101O000010O010O4M1N2O1N2O1N10000O10O0100000000000O100O2N2O0O2O000O01001O01O0101O0O1N2O001N2O000O100O100O10000O010O100O001O1O100O1N2O]]cT2
20130208063134Lh_10,[cYX24lo13L2K4O101O0000000001O0000001O001O00001O1O001O0000000000O100000000O101N10000O10001O000000001O00010O0101N1O01O00001O00100O1O101N010000O1O001O001O0000001O00000O2O000000000001O0O100O101O000O10O010000O0100O2O000O1000001O0O2O0O101N1N3N1O[\\`1
20130208063134Lh_11,cbnj11eP^10YocN6K3M2N1O1O100O1O110002N00N10000000O1O010O100O01000002M2O1N1O010O101O1O3M101M4M1O01O1O2N1O00O2O01O101M5L3M00O100O011N10000O100O010O001O01O010O00001O001N2N2N2N2O1N2O010O100O010O10O10O01O001O010O01O01O01O0000001O010O00100O1O1O001NmY]l1
20130208063134Lh_12,UiT^36go17K4M3M2N3M2O3M4L201N01N4L20N101O1O3M3M2MjN\QNQ1in13L3M1110N5M3MOPOTQNj0Uo1M3M0O002N00001O010O1O00O02O000O1000O01O001O0010O0001O01O00O01O1000O3N1N5KgSe=
20130208063134Lh_13,TP[n11]Ph10`oYN7K3L2O8H002OO03M001O100O0001O001O001N2O1O001N2O1O1O010O1O010O0001O0001O000001O00101N100O000000000000000000000000000000000000O101O000001O0O101O0O1000000000O100000000O100O1000001N1000100O1O0001O0001O01O0010O01O010O0010O0010O0010O0001O02O0O1O010O0100O0102N1O0O010O010O1O1O00001O001O00001N101O1NRnff1
20130208063134Lh_14,`aik0:bo15M4K4L4M3M3O2L6L1N2O0O2O001N100O1O01OM2N201O001N11O011M2O1N03L4M2O100OHoQNdNQn1X1WRNcNjm1]1<O100N2OO02O100N1O001000O1N200O2M2N2O2N2I6O2M21O10O01BQRNkNom1V1TRNfNmm1[1920EiQNnNWn1n0?0O11N1N201O1O0O01O01OGTOaQNi0an1[O\QN>kn1DSQNN40jn1:>0N4N2M1M4N2O0001O1DoPNIQo17QQNEQo1;910O1000000O103M2NBJRQN5nn1OPQNNPo16:3N1N101O100O1N200O00010O0010O0010OO20OO11O0L302N2O1N2O1O1O10O000O2O001O101O1O1O0O2O1N101N3M2N3I\eZj2
20130208063134Lh_15,XZ]R11TQb05en_O1O2O0O100O2N100O10000O00010O1O01OO1IBiPNc0Po1^OQQNg0nn17O00O010O2M2O100O10000O2O0000001O000O3ChPNMho1N2MkdZj2
20130208063134Lh_16,SaZX21aRf01\m[O3N1M20000000000001O0000O10000O1O100N2O100O001N2O1O1N2O00001lNBeRN>Zm1FaRN=_m1G\RN9dm1Q11N3M1O1OO20dNfQNR1Zn1nNkQNj0Zn1UOkQN5LGLOl\[d1
20130213063454Uh_1,dZcT24ko12N2N10000O100O100O1O100O1O001O100O10O01O100O000100O01O00100O01000O001O1O1N110N2O10O0001O00O100001O001O1N1O2N1M4N100010O010O010O010O001O1O001O1O1O1O100N2O1O2N1O2N100O101N2K6M2N2N2Omffe1
20130213063454Uh_2,P^Z^11no14M3L4M3M1O2N3M1O3M1N101O0000001000000O2OO01000004QQNQOcn1X1N1000O1O100O10O01O2N1O001O001O1O1O1N2O1O1O1O1O010N110O1O002N10O10N3N2M2M<Ec`e]2
20130213063454Uh_3,bfbi01`P:3YoG4M2N2O1O1O01O100000O1O10O100O010O1O1M3N2O[YgT3
20130310063154Uh_1,k[Qd12mo12O001N101O000O10000O100O4M2M2O1O001O00001O01O01O001O1O10O01O1O1O100O1O2N6J100O001OROVQNg0in1YOXQNg0gn1YOYQNg0gn1YOYQNh0fn1WO[QNj0en1UO[QNk0en1UO[QNl0fn1ROYQNo0ln1001005LOO011OO1000O10002N04L00O100O1O1O100O001O0\OPQN9Po1FQQN9on1FSQN:mn1DVQN:Yo100O1O101OO1O10O0010O01O010O100O000001O000000010O000000000O101O00000O10000O10000O10000000001O000001O00O10000000000O100000000O1N2O100O1O1O101N100000000000000O010O100O1O2O0O100O1000000000O010O0N3OGVO^QNi0an1;010O01O000001O1O001O001JUQNUOmn1j06M2HlPNCUo1;:M_cjo1
20130310063154Uh_2,deZl21VQZ13cngN8K4K2O1N2J6N101O10O1001O3NO01O5QQNkNhn1X1120N1NO3N4K3M21N001O3N2L2N5L1N105L4K102OOO0O01OO101O000001O05L1N1O0O10O01O001O01N101N2O1O1N11O002N005K2N001O10O02N001O0001O1O1O1O001O0000010O101O1O007H2O0O10O2N2M:FSUSl0
20130310063154Uh_3,b``U12io18nPNKQn18lQNLDNlm17aRNM_O1km14fRNKBOdm17`SNH^l19dSNE[l1;e1O011N1ORTNGXh19eWNMXh11hWN5Sh1KQXN7kg1H_UNGi1a0eh1JaUNEl1`0bh1K]XND[L=Xk1OeXNMZg13iXNIXg17lXNDUg1<W4N3O0O110O00001OO200O010O10O100O0100001N10000O10N1O2O1O101O000O10O100O02O0O10000O100O2O00O10001N2O1O1N101O001O01000000O10O11N010O101O0O2N1O10O02N1001015I0000O01O01O00001O00001O00001O1O10O0]UN_Ohe1b0RXNBXO1ch1?RXNBZOOeh1a0lWND\OMih1?iWND]ONkh1?dWNEAIPi1c0[WNEDJRi1c0lUN@95h0ISi1c1RVNgNi0EXi1d1kUNYO<SOki1j1_UNWOc0POQj1n1SUNVO`0UO_j1U3VUN[LMb0oj1T3oTNWMRk1k31O2M2N3M4M>@5jMRTN3Sl1CTTNnNHi0[l13QTNnNIf0al1]O[SN5V1LjNGnl11Xaea2
20130310063154Uh_4,nRiR11gPf02Uo[O2N101N100O010001N100000O10O01O1000O01000O1000O100O100O010O1O1O2N1O1O2N1O2O1N2O00010O\OhPN`0^o1N1OO10000O10000O0101HdPNI^o15mlPi2
20130310063154Uh_5,lfbm27eo17L2O1O2N1O1O001K4O2O010O111N101N6K2N21M10N2N4M3M3NO1N203K3N1O3L3M2O5K4M011NO000O01O001O1O1O2N3N1N001O0O1O2MPVon0
20130315063154Uh_1,[`\a11ZPj00goUO3ho15M2O001O00000001O0001O1O00010O0000010O1O1O101N10O11000OO1000O001000O01O10000O10O100O01O10001N100O2O00000O10O10O00001O1N2O2LW^kY2
20130315063154Uh_2,i]Xk21XQf11cn[N6M1N3M2N2O2M101O0O2O0000010O001O01O0010O10O010O01O01O01O010O01O001O01O01O10O000010O01O10O01O1O100O100O100O2N1O1O1O1O100O2O000O100O2O1O002N0O1000O100O00001O10O10000O101N101O002M11O00100O1O100N10000O2O0O2O1O0000000100O1O1O2N20O000O0010001OO01O20N101O3L9G10O01O01O1O1N:F2O2M6K4L5K2M4L6H`\Sj0
20130315063154Uh_3,oebc11oPf13SoYNNdo19O1O100O011N2N2O2M3M3N4L3N1O0003M1N3N0O01O1N3N4L100O01O00101N1O101O2N2N0O2N101N101N0101O001N010N1100O000O101O1O1O2N2N0000000O11N00101N002N002N100O1O01000001OO11O1O1O1N111N001O1N1O2N3LnTmT2
20130315063154Uh_4,Q_Pm25io14M2N3M2O2N002N00000O2O01OO20O01O010O01O01O010O00010O10O000000100O001O010O10O00001O002N00100O010O1O100O1O1O002N100O101N1O2OO0101O1O001N2O0O11OO10O001O10O10000O010O1000002M2O1O000001O2OO0001O000O2O001O0O2O1O000100O1O1O1O1O11O01OO01001OO01O11O2M2O2N9F012N0OO2N2N101N3N:G001N3M3M4K3O0O2N5K2M23M01NI9N6mPNZO_n1U10O1O5K1N4M1N4M2M3M2N1O2O1N200N2O2N1N3K6KdZYh0
20130315063154Uh_5,VhZj11^Rd14]m]N2M2O1O2N100O2N100O100O0002OO0100N2O2O0O100O011OO02OO1000O1000O100O0100O10O0010O001O01O0001O01O001O00001O1N10001N101O00001O001O0000000O0100O10O010N000O1O2E_OXQNb0fn1BVQN?in1<01N2N2ClNfQN[1Xn18L4M2O2O00N200O1O1N2O1O1O1O0O011O1N2O1N2G9O10001O1B?K4L5L4LSWkl1
20130315063154Uh_6,R[jm18go16J101N1O2H^OnPNd0Qo17N101O001O1O001O1O1O1O001O001O1O001N2O1O1O0O101O1O1O001O0000001N1000000000000000001O01O00001O0010O0001O00001O010O0000001O001O002N1O1O2O0O01O01O010O01O001O010O100O10O010010N1000O10O020O0O100O011O2N001O0000013K5gQN[Nnm1U2F2N0002N001O1O1N2N3M2N3M2N2O1O1N2N101O01O0011N1O1O100O002O0O2O00O106K3K101N2N2O2M2SRNSNcm1o1ZRNSNfm1T2O1O0003M1O1O1O3M1O4H7M4L2M2O1O2M101O001O1O2N0O2N2N101O2N20OO100O2N2O00000000O10OdQNDTm1?cRNKYm19bRNI]m1;]RNHbm1<WRNHhm1Y1N3M3M2O2N1N2O010O0001O00001N2O0O2N1O2O2L3O1N102N1O2O0O0101O00001O1N201N2NO1102M0dRNiMnl1Y2lRNoMQm1b2N0013N0NbSN_M]k1`2WTNXMI=Rl1Y2PTNSNQl1l1mSNVNSl1j1kSNXNVl1i21N2N2N2N2O0O1O1N2O1O1O4L1O2N1O2oMQSNl0Qm1ROQSNm0ol1ROWSNh0jl1XOXSNf0il1YOZSNc0hl1\OZSNa0ol1VOSSNJ@>`m1FTSNG_Ob0^m1DbSN9bl1E`SN8cl1E`SN9Wn1K3LS]e`1
20130315063154Uh_7,o\QU37fo17K3N1N3PQN^O^n1f0XQNCen1l001N2O1O2M2N2O5J3N2M3N4K3N2N2LVOfRNSOYm1l0lRNQOSm1n0PSNQOQm1m0PSNSOfm16]RNHem14^RNKem10\RN0hm1J[RN5hn1O2O2LVanh0
20130315063154Uh_8,YYZj14ho17L3L4M2N3M101O1O001N2O1N2O000O1O100O1O1000000001O0000000010O00001000O0104L000003NO0001OO11N100O1O2N1O2N1O1O1O2N1O0O2O1O1O\QN_Ojm1a0QRNEmm1c0gQNDVn1>dQNG\n1KeQNa0[n1^OfQNc0Yn1[OkQNd0Tn1[OnQNe0Qn1[OoQNe0Rn1YOoQNi0Pn1VOQRNi0om1UOSRNl0mm1QOURNP1]n100001O1O2N00001O1O1N2O1O001O1O001O00000O10001O000O10000001O00100O0001O01O0010O01O00001O000000001O001O1O001O3N0O010O00010O010O1O0001O1O1O01000O10000O10010OO0010000000O101O001N2OO0110O2N1O2M4nQN^N_m1S2N100O01O1N2N2N1O2O3J4N2O2N0O2O1O0O200O00010O1O1O10000O10000O2O05K2N1N2O1O0O2N3M1O2O0O1O0URNRNem1n1ZRNSNfm1m1YRNSNim1l1VRNTNlm1j1TRNVNmm1n11O2JPRNXNRn1f16N8H2N1O1O0O2O2N1O0O3M1O2O1O002N1O10O11O1O0O1O200O000O01O10002aQNBVm1a0bRNF\m1=_RNF`m1]102M2N2O4L0O3N1O001O01O00001O1N1O2O1N1O2N2N2N2N2O1O2N1O11O1N100001OO11O01O001O01O002M3M2O2M2N2O3K2O2M2O2L4L5L5K2O2N1O2N1O1O3M1O3M2N2NQ_aa1
20130328063154Uh_1,hZhl01WQT26anmM2N1O2O0O1O2N2O0O2O1N2O0O2O1O000O2O001O0O2O0000001O0O1000000O1000O010O010O010O0010O010O010O00100O001O1O10O010000O0100000O010000O100000O10000000000000000010O000000001O0000000000001O00000O1000000O2O00000O2O00001O00001O0O2O001O001N101O001N2O1O1O001O1O001O000010O1O1O100O10O10O010O1000O01O2N5LO01O1O10O001O001O001O001O001N1N3N2N2L4N101M3Nhccf2
20130328063154Uh_2,gWgd11^Q>4ZoAMVn1>WQN3an1i0M2M2[OhNXRNJ3a1dm1c0O2N101O1O00000000O2O1O01OO1iNaRNM_m12gRN]OHEdm1m0hRNYOcm1f0bRNUO_m1i0m0O2L4M2L6J7KbglX2
20130328063154Uh_3,W_Ra0210jo1OgVj35WiUL3B?L2N2M4L3N2M3N2N1O1M4N2N1O2N1O1O1N2O001O001O0OK601O0O1E<N1N2M301M1O2O10000N200O002O010N00100OO0200O100001O0N20001N002N1O0100IQQN]OPo1d0420O01O010O001N110N10001O00001O01OO0100O1M301OO0100O10O02O000O2O0000O11O00O02O10O01O0100O00100O10O01000O01000000000O010000000O100O1O100O2N1O1O1N2N2ON10102L4N1O1O1N200O1N2O1O0O2O0001OO020O00O11O0001O0010O01O10O0100O10O010000O1O1O10000O10000000001N1000000O100O1O010O1O1000O101O00000000001O00001O001O1O0010O01O00100O001O1O010O001O010O0001O0010O01O1O1O00100O100O1O001000O01O10O1O0010O010O02OO10O02O0O1O1N2O1N3L5K_^Sj2
20130328063154Uh_4,[_Rf01RS`41jlaK4M2N2N2M2N2O000000000O100O110O0010O1000O0010000O010O1000000O100000000O10O100O100O100O1O1O1O100O001N100O01O3M2N2O1O1O1O1O1N1O20OO20O00O0100010O01O010O0010O0100O01000O00100O100O100O1000000O1000000O1000000O100O100O010O100O1000O2O0000001O001O1O1O10O01O00000001O01O1O010O001O0010O01O01O00010O001O00001O1O010O1O1O100O1O010O011OO10O01O010O1O1O011O0O1000O010O100O001O001O1O1O1O010O100O100003M@bPN?_o15K0O1O0010O01O001O1O0001000000O10O111N7H101O0O2OO100O010O100O0010O01O2OO01O10O0100O2N1O101N1O2N100O1O1O001O0010O0001O010O1O10O01O001O001O1O001O00001O001O01O01O0001O0010O01O0010O00010O10O010O010O1O1O101N2N100O1O1O00100O1O01O01O10O01000001N2O10000OO0100O01O11O00010O001O0O1O10000O02O1N2ZOkPN;bo1K2NoZW`2
20130521063134Lh_1,\^mT11aPl10]oUN3M2N3N3L2N102aPNBXo1i0J001O01000001O0O2O0O10001N1O3N0O1O010O001O001O00001O001O001000O100O00001O1O1O00001O000O100O2N100O101O0O100O2O0000100O09H0O1O001O000000001O0O02O002N1O1O1O00000O2O0O10000O100001O00001O001O1O0000O100O1O1O1000000O100000O1O10000O1O10O0100O1000O0100O10001O00001O001O1O001N10001N1O2N2O0O2N2O0O2O0O2NP``_2
20130521063134Lh_2,fYc]22mo12N2O1O001O00000000000O100000000O1000O0100O10O10O01O0001O100O010N1010O0100O010000O10000O100000000000000000O10001O0000001O000000000O100000000O01000O0100O1O1000000O10000O100O2O000O2N1O1O2Nlf`\1
20130521063134Lh_3,fije21QQn14inSN1O3M2O1N2O2M2O2N2M2N1O1N110O010O01N101N2O11O010O010O10O010O2O2N0O20O0001O01O1O1O0O1O2N002N00101nPNWOin1Q10O01000O2O1O4K2N4K3M3L2M6HRO1Q12N2^PNMTo15hPNOWo1>N10001N2O1O1O1O0O3OO01O02O[QNRO]n1h0aQNZO`n1e0ZQNAfn1l02O1N2O1N0010YRNUOXl1k0VSNSOE4Vm1h0RSNXOF1Xm1f0QSN[OE1Ym1e0oRN^OEO\m1c0nRN0Sm14^RN6bm1T11O001N101O0O103nMWRNg1km1VNWRNh1Rn1O0O1N2O1O2N1O1O1O2N1O1O100N200O1N2L5N2O001O002N3M1OHYOXQNf0gn1[OYQNe0gn1ZOZQNg0fn1XOZQNh0on11O00_OkPN7Uo1HmPN7So1ImPN7So1ImPN6To1JkPN5Xo191N2N1O2N1O2FlSkn0
20130521063134Lh_4,UYme11_Pd02bo[OObo10`PN8[o19O1O00001N100001O001O3M1O1O000000O10000O100000000000000O10O1000000O1O0001O000100O100O1O1O2Mgf^V2
20130521063134Lh_5,nhjZ21UQP14fnQO1N11O00000000000000000O1000O1O1O2O0O1O1O1O100O1O010O1O01O001M2O1O2O0O200O0100O10O0100O010O1O010O001O0O10010O01O1O010001O0000000001O0O2O0N4MfVg_1
20130521063134Lh_6,oel\21lo14O000O1M3N3N01000O10O1000000O010001O0O10000O100O100O1O100O100O1O100O1N2O010O10O1O100O100O1O100IePNH\o17gPNFZo197O2M6JgZg_1
20130521063134Lh_7,Tjlf21ePh00XoYO3O1N2N2N3M102N2N2N4K3N0O00001O01O010O1N1M4N200010O1O10O010O3N000O101O0000O11O0001O2M2O0O1O100O001O10O12M2O01N2O5I3N3M5J2NXT_T1
20130521063134Lh_8,YZSm29eo13N7I2N1O1N3L4K5M2M4M101O2N2O0O0EcNURNh0JWON=Pn1IURNc03Cfm1KWRN`07C`m11TRN=a0ZO^m1S1i0L4M3L30001O0001O1O100O01O010@oPN0Ro1MmPNH1;Ro1MRQN2nn1NTQNOmn10VQNNjn11c00000O101N]gno0
20130521063134Lh_9,nkdl21aQj05gmWOOTQN3in11TQN0kn15PQNMnn1c0DUObQNl0\n1ZO_QNg0an1;O2N2000000000O100O1M3N2O1O1O100O1N2O1O1O2N1O1O1LmPNZOUo1d040000000001O001O00O1O2N101OO0AjPN6Vo1JkPN5Uo1KkPN4Vo1LiPN5Wo1:000O101O1N102N0O2O1M5L`Scn0
20130526063134Lh_1,kibW11mo13O1N101O0O10000O2O001O001O0O2O1O1O1O1O001O1O010O000100O010^OePN=ao1N00100O001O0000010O00001O0010O000000000000000000000000000000O010000O10000000000O10000000001O2N001N10001O0010O0001YQN^O[O1_n1a0URNDkm1<TRNDlm1<TRNFjm1:URNHkm18URNHkm17URNJjm17URNIlm17SRNJmm16RRNJnm16RRNJom17PRNIPn17oQNJPn16PRNJRn14nQNMRn13mQNNRn12nQNORn10oQNORn10nQN0Rn1OoQN1Rn1NnQN3Qn1LQRN3om1MQRN3om1JTRN6mm1DXRN<hm1CYRN=en101O001O1O0010O01O001O0000001O000000O10O1000000000O1O10O01000000O1000O010000O010O010O010O010O0010O0010O0010O0010O10O01O01O01O010O00010O01O010O00010O00O110O001O00010O00010O1O0100O0010O01N1000000001O001O01O01O01L301O1O1O1O2M3NmU[Z2
20130526063134Lh_2,eWWS16io13oPNMDOkm16SRNIMf0mm1DRRNP1gm1i0L3K5M0dRNeMRm1]2lRNeMRm1f2N2N2O0O2O1O6I2O001NiNdSNmN[l1Q1hSNnNXl1o0lSNQOSl1n0oSNVNDb0]l1W1QTNUNDd0Zl1U1_TNiNak1T1dTNkN\k1R1gTNmNZk1P1jTNoNYk1m0gTNTOYk1k0gTNUOZk1i0gTNYOYk1d0hTN]OWk1c0jTN\OWk1b0jTN_OVk1KjSNDS1?Sk1MkSNBS1b0Qk1JeUN5\j1HiUN5Wj1JkUN6Uj1FPVN8ml10O010O2N10010OO11aPNAZo1d0N001O1O0100O100O1O001O010O001O1O001O1O001O000010O0001O00101N1O00000000000000001O01O1O1O1O00000000000000000O1000O0101O000000001O0O10001O0O1000001O0O2O00001O01O002O0O2N2N010O1O001N2O0000000O1000000000O100O1O1O0O200M3N2O1N2O001O1O00100O001O01O100O1O100O001O000010VO^OURNb0jm1AiQNG6g0Rn1BfQNJ7d0Rn1KnQN3Rn1NnQN2Rn1NnQN1Rn10mQN0Tn10kQN1Vn1NiQN2Xn1HcQNH2a0\n1DeQNd0\n1[OeQNd0\n1WOiQNf0in1O200O001O1O1N200O2O0O101N100O2N101N10000O100O2O0O2O_eR_2
20130526063134Lh_3,eWci12ko14N3M1HIfPN8Yo1JePN7Zo18O0100O01O1O1O1O1O1O1O010O1O1O10BoPNGOOQo19SQNF0Mmn1=`0O0O101O10O010O10O100O1O101N\inS2
20130526063134Lh_4,bPSR14ko12M3L3O1M3N2O1O1O100O001O001N2M201O01O1O0010O0000O1O1J6O11OO01EAVQN?jn1CUQN<kn1FSQN;ln1GQQN9Po1;00000100O010O1O0O10O10O11N0100O10N200O100O1N21O01OO2N101O10O1000O100000001N101O0O10O01O100O010O10O1O100O100O3M101O0O101N10000O01000O100O100O100O100O100000005J3N000O10000O100O00100O001O1O101M2NRRce2
20130526063134Lh_5,Tcd_17ho15YPNG_o1>O2N1N3N1O1O100O03N000103L01N103L1O4L1O3M1N10001O2N\PNN\o11cPNO`o1N_PN3bo1L^PN5ao1K_PN5ao1K`PN5_o1JbPN6^o1JbPN7OIYo10hPN7OI`o1<O0001O01O000O2O1O1O001O00000001O00001O00000000001O0000010O0001O0000000000000000000001O1O00001O000O1000O10O010O00100O00100O010O01000O0101O000O10O10O10000000000O1001O00000O100O100O101N10000O010O1O2Lh[mW2
20130526063134Lh_6,TiXP21nPf05kn[O101O1N4M4M3M:E1O2N3M5L8_SNaNPj1`1_TNhN;1Tk1W1TTNTOc0JZk1o1cTNRN_k1o1]TNSNdk1S2oSNSNSl1m2102N4J5M2N21NO3M8`MnRN_1Wm1XNnRNe1Um1XNVSN\1nl1`N`SNQ1fl1jN^SNi0]n1A]Rol1
20130526063134Lh_7,Sdj`11cPT10UomN3YPN0eo16O101O0000002N2N00001O00O101O000000000000001O01O00010O00001O00000000000000000001O001O000000000O1000O010O010OO20O01O1O0010O010O10000000000O1000O1000O100000O10000000000000000O2O000O10000O1Mh[QX2
20130526063134Lh_8,j]Qo21oPP13lnQO3N1cPNJnn17nPNLQo16lPNLTo14jPNNVo1>000000000000O100O2O0O2O000001O2N1N101O0O10001O00001N1O1000O10O1HcPNM\o14dPNK]o15dPNI\o18dPNG]o1950O10O01O001HFgPN<Vo19M2000100000000O2O01O1O002N6J4L1N2O1N2O0O2N2NZa\k0
20130526063134Lh_9,^_Wh21YPb01do_O2O1N2O0000000mPNLZn15cQNM]n13cQNM]n14`QNMan15\QNLdn16YQNJin16UQNKkn18PQNJPo1c0001O00001O1O100O0010O0101N103M1O0O001O0000001O00O0100O1O2N3H^PNMW_\T1
20130526063134Lh_10,d]_f21SR^22imcM2O001O1O0O2O001gPNKen17XQNJhn17VQNJjn17TQNKkn17QQNKon1c01O00010O001O100O1O010O00100O102M3N0O001O001O000000000000000010O01O00001E`PN4`o1KbPN4^o1LePN1[o1NgPN0Zo1OgPN0\no2OXQRM4M2N1O1N201O0O1IDjPN<So1HlPN8So1ImPN7Ro1KmPN5So1LlPN3Uo1NjPN2Vo1;0010000O10jPN]Oon1c0PQN^OPo1b0PQN^OPo1b0oPN@Po1`0PQN_OPo1i00000O10O010O1000001N2O0O2O0O1O2O000O100O100O10000O100O001O001O0O20O1O0N3J5O2N101O0100O0100001O0O101O006J5K1O1N2O1N1O3LZa^k0
20130526063134Lh_11,[_`<=2E34;KG1Sn1;hQNE34;KG1Sn1OUT^5:TmaJ4L3M4L6K2O2N001O1O01O01O1O001O1N10100O100O0100010O2YQNjNan1\1N00O010O10O000001O1O2N2N1O1O001O1N2O1O00001O1O1O100O0010O102M1O01O00100O1O1O1O1O1O1O10O010PQNXOhn1P11N3N0O1O100002N0O1O1O010O1OWOUQN>kn1_OWQNb0hn1^OXQNb0in1\OXQNe0Qo11O1O1O1O00001O1O1O001O001O0000001O00001O001O0010O01O0010O01O01O001O100O1O001O001O00001O001O1O10O01O1O1O1^OkPN8_o1O01O01O01O00001O00001O00001O00000010O000001O0O1010O0001O001O00001O10O01O001O00001N101O1O0O1001O00O3PQNTOhn1T1N0000001O00000O100000000000000O1000O1000O10000000000O10O10O10000O1000O10O1000O1O1O1N2O1GZQNVOhn1i08O00100O10000O100O0O2O1O1O100O100000000O101O000O1000000O10000000000O10001O000O110O0000001O01O00010O000000010O000000001O001O001O1O1N2O1O00001O1O001O00001O001O1O001O1000O0100O1O0011O00O01O0103MO100O001O00001O000000000O010000000O10001N10001N10iKZOTYNe0mf1\OSYNb0lf1@TYN`0lf1@TYN?lf1BTYN=mf1CSYN<nf1DRYN;of1ERYN:nf1FRYN:nf1FRYN9of1HPYN8Qg1GoXN8Rg1HnXN8Rg1HnXN7Tg1GmXN9Sg1GmXN9Sg1EPYN9Rg1EoXN;[k1O101N101N3LlZke2
20130530133654Bh_1,_jPZ14ko13L6K2N2O1O2lPN^Ofn1Q1M2N1O2M2]QNmNXn1^1O1O1OfNlQNh0Tn1WOnQNh0Sn1WOnQNi0Sn1UOnQNk0bn12O1N2O1O010O01O0O100O2O001N3N2M2O2M100001O00002O0O200N2O1O1N1O101N:F011N3N0O010OdNmQNl0Rn1ROQRNm0cn1O3NO0001O0100O03O0N2N0O2OO01O0001N1O100O2O000000000001O001O100O1O1O0010N101O1O1O1O010O1O01O00001O010O001O000O2O0O101N101O0O101N100O101O00000010O000010O01O01O00001O01O010O0010O010O0001O00000000010O01O10O010O1O011N1O1O100O2O1N2N2O0O100O1O001O001O01O000010O1O1O010O1000O10O00100O100O0000001O0001O001O1N2O1N2_OTQNFVo11QRaX2
20130530133654Bh_2,nWkR19go14nPN3im11mQN9om1o0N1O3M2N10011N18HNnNQRN3nm1JVRN5im1KZRN3em1L^RN3bm1L`RN2am1LbRN4]m1KfRN3Zm1MhRN1Ym1NiRN1Wm1MkRN2cn1O1O00001O0O10O1O001O100O1000O101OO1000000O100O01O1O00100O001O00100O010O0100O100O1O1O2OO010O000O10001O02N1O1O01O1N100O2O1000000O0100O10000O1O2N10O000O1O2L4N3LWdjf2
20130530133654Bh_3,_cnP11kPX16kniNa0_O7K6K4M0007I2N4L003N3K6K1O00010O01O01O01O1O00001O00O2O01O6I3L1N3N101O1O10O10O01O0O11O001O000O10O1000O1O1000O100O2HRQNZOQo18PQNOUo1NRQN0nn1KUQN5\o15K1OO0100O10O01O100O001000O01O0010O02OO10O10000O2O0O010O04M2M2N2N2M3M3MfXeg2
20130530133654Bh_4,o_UX11YRR26_moM2N2M4L4L4M2M2O2O001O001O1O1O2N2N2N1O0010O1O100O2N1O001O0O101N10001O00001O000000000000000000O1O1O1N2O1O100000O10000O101O001N3N1OO100M2N3E:N3O001O0O1O2N110O10O01H_NQRNa1nm1`NRRN`1nm1aNPRN`1om1aNRRN^1om1aNQRN_1Pn1_NQRN`1Pn1`NQRN_1Xn1O100O2N1O100N2O00100O010N2O1O001O00001O00001N1O20O1O00000001O000010O1O10O010O0O1O2N2O1O1O100O2O0000O01000O1000O10000O10000O1000000O00100O100O0M4O1O2O1N2O1O0O2N2N4LW_T[2
20130530133654Bh_5,Rm^g21cRd13Wm]N5K3O1O1O001O001N1O100O10O001OO2O0O101O001N2O1N101N1000O101O010O1OO20OO1000001O1O1O1O001OO2O010O1O1O2N100O1O101N2N1O100O10O0010O10000O1000000000000000O01000000O010O010O010O10O01000O00100O1O001O1N200O100O10000O2O0O100O1000000O01O10O10O1O00100O000O2O1O0M4O1N1O2L4N101N3M^R_n0
20130530133654Bh_6,ic`P31ZPf02ao[O3N3N001O000000000001O0000000001O0O101O1O100O01O00010O2N01O101N2N1O010O0010O1O100O001O100O11O10O0O01O0O1001O2M3MY[Wk0
20130530133654Bh_7,lbXV21kPn09jnSO2O2N2M2N2O1O1lPN[Okn1g0PQN]Oin1Q1M2M3O1O010O2O00O100000010O0O100O010000000N2O2O0O100O1O1O2N101O001N1N3N2O1N3N1O0100O0010O1O1000000O1003L4M00O010O2N4L7H8I_[]d1
20130530133654Bh_8,Ved`21lo17K3M2N1J6O1O1O10O002N101OGAoPNa0on19O1O1O10O10O10O02O0O1O2O0N201N110OC[QN@dn1>`QN@`n1>bQNB^n1=dQNB]n1=cQNC]n1=dQNB\n1>fQN_O[n1`0c001O001N3N000O1000001O1O2N00100O1O2M2O][e[1
20130530133654Bh_9,e\Qh18fo16M3K5L4L8XQNROjk10hUNT1WNSOkk1HoUNQ2jk18ZOfMWSN\2Sk1gMnUN3iNY2Wk1gMmUNh2Tj1\MkUN_2Xj1cMfUNY2^j1iMeUNo1^j1SN_UNY1Wk1X1a0E:K7J4J6M6I?[NXRN6cb`V2
20130530133654Bh_10,iVQ]13ko13O2N2O0O2N3N000O10O1001N10001O1O5K00O2N10000O100O1001O0O11O0O105J3M4KShf`2
20130530133654Bh_11,n]R`14jo14N1N2N2M3N2M3M;E3L4J7N1N2O1N3M101N101O0O1001N101O000O2O1O00001O00001O1O010O10O01O10O0002N00100O2B\QN\Oen1b0]QN]Odn1`0_QN@bn1<`QNDan1:`QNFan18_QNIdn11^QN1bn1M_QN3an1L_QN5bn1J^QN6gn1DRQN2N<on1CPQNg0Po140101N4M3L100O101O0O102N000O02O0O1O3M2N1O2O1N010011M01000O0101N1O001O1N2O002N1O100O1O1N100010O00000O2O000O101O00000001O1O01:F00O01O001O000000O2N2N2O001N101N102N1O0OFlPNLRo14oPNKPo16PQNKnn16QQNKon1c000O1NCUQNHkn19UQNGjn19WQNHgn19ZQNFfn1:ZQNGen19[QNGen18[QNJcn18\QNIcn17]QNIcn18\QNHdn1j001O0]QNgN^n1a1M001O1N2O1O1O2N1mQNWNmm1P2O1OO010O1O1O001O0010O010O1O101N00002N00001O00000010O00001O0O101O00002OO010O01O100O000001O0010O0000000O1O10000O1N2O1O1O10O10O1O101O000O100O101N1O101O0001O01O1O00001O10O01N2O1O1O1O1N110O2OO10O10O10O000O2N100_OYQNHhn18YQNGin16YQNHS^cn1
20130530133654Bh_12,Xmhh21SR`11fmaN9K3M2M3M2O1N2O0000100O01000O0O100000001O1O1O1O1O0001O1O1O1O1O1O100O101N1O2O1N1O100O01O1O0100O1000000O1000000000000000O0100O010O01O010000O010O01O100O0O2O1O002O0O100O10000O10001N1O1000O1000O01O10O01O10O01O1O001O0O2M3O1N1N3L4O2L4M[Ran0
20130530133654Bh_13,^Ykh22do1?I4M1O3\HLX_N5f`10S_N4m`1LQ_N6n`1Ln^N6Ua1Kf^N6\a1L_^N4fa1JV^N7na1FR^N9Rb1CSXNDZ5j0gb1_OmWNJX5j0nb1YOiWNO0BR5V1Xc13a\NObc1^OeWNEd4P1hc1UOiWNL[4R1oc1kNjWN4U4R1kd1]OeZNd0\e1^O`ZNe0]e1B[ZNa0ae1FXZN?ce1FXZN=fe1FSZN`0le1BnYNb0Sf1_OiYNb0Xf1@dYNa0^f1CYYN?jf1FnXN9Xg1I`XN6ig15dWNLih1iM]VNk16<[j1[OeUNf0dj1RO\UNm0kj1POSUNk0Vk1SOdTNP1bk1a1:D9J6TOcSNlMdl1k1P1Gc0^O7FfiXT1
20130530133654Bh_14,oRSh21WVh0:ZiYO8J3N2O1N3M2N1N3N0O100O102N2O0N2L4N201O1O3L3L4L4kKYNjYNk1Uf1\NaYNg1_f1^NXYNd1kf1aNmXNa1Ug1fMYVN`0[2k1ig1]NlWNe1Vh1^NcWN^1fh1eNRWN[1Si1TOYVNl0oi1ROlUNl0]j1PO`UNo0fj1POTUNo0Tk1oNhTNR1_k1c15E;K6QOdSNPN`l1j1R1G?C6I;POUjVT1
20130530133654Bh_15,QZTb16go15M2N2O01000O01O01O00000002N001O0000O2O0O2O1O000000O01000O1000O0100O1000000000000000000000O10000O101N100O1O101O00001O00000001O0000000000001O016I001O001000O10O10O1O010O0001O01O000010O000001O0001O000000001O0O10001O0000010O000001O001O0010O0000000010O0000000000000000000O1001O0O101O002N001N2O1O001NZecT2
20130530133654Bh_16,aWiY33lo12N4N1M2O0O2O00000O10O1N1010000O1000000001O000010O01O001O1N3N1O2N1O1O2OO1[OhPNO1>`o1OO2O0O10O001O2N2N1MRhVc0
20130530133654Bh_17,ba\m02USn47alSK=C4M2N2N1O1O14M1N21MO2O2M100O2O000O20N101O101N1O000O100O1O1O2N1N2O1O001O00000O100O2O00000000O10001O00001N2O1O2M2N9F5ChP21`oM4L4L2O2N1O001O001O00001O103L102M10O01O10O01O010O0100O001O2O1N1O3L3M4JZQ4KknK6L2N3N100O3M100O01O1O001O1N2O2M3M1ORRNJVl14^SN<_l1B_SNc0al1YO_SNk0im11@TOlQNm0Rn1ZOgQNg0Xn1b0O1N2O2M4MdNmQNn0Pn1PORRNR1lm1mNVRNT1im1hNZRNY1em1fN]RN[1am1cNaRNg1Vm1WNkRNj1em12O00O011N10001O1O1O1N010O1O1N9H1O1N2O3L2O1O2N1O0100O01000O1O100O2O000O101N101O4L2M2O1N1013L1O3M2N2N1O1O1O01O2O10N2M3N0O2O0O0001O00001O00001O01O00001O001O001O1O0010O00100O1O1N20O00010O00010O0100O0001O00001N101N1O101N1O2O0O2O0O1O2O00001O00010O000010O0001O00010O0010O0010O01O1O001O01O01O002N100O010O010O010O1O001O102M10000O1O100O10O01O001O001O0001O00010O010O010O0100O010O10O0001O00001O01O00002N1N3L3M4I7IgQcX2
20130603063154Uh_1,^][o11mPn01onSO4L4M2O3L3M3N6I5L2N4L3L3N1O1O2N1N3N2N2N1O2O1N_NQRNQ1om1nNVRNn0jm1ROZRNk0em1TOcRNh0Zm1XOiRNg0Um1XOnRNg0Qm1YOPSNg0Pm1XOQSNh0ol1VOSSNi0ol1TORSNm0Pn1105K0O11N1O3NTQNROen1m0YQNVOgn1R15J10001O000O2O00001N1O0000010O0O1000O10O100O100O1N2O1K5N102M2O1O2N1N3Nh_lj1
20130603063154Uh_2,heV^21UPh05eoYO0O4M0000001O00100O2N100O010O10O01O010O01O1O001O00000000000000000000000000000010O0001O01O0001O001O001O00001O002M4M`Y]]1
20130603063154Uh_3,lXW^231>0Eon1o0E<G7J5L3L4N2O8G2N3M4L1O2M3O20O0SN]SN<`l1_OhSN?Yl1[OoSNb0Ql1\OYTN<fk1C]TN<bk1DaTN;]k1DfTN;Zk1DiTN9Wk1GlTN7Tk1GQUN9mj1DUUN<kj1BWUN?hj1_OZUNa0fj1^O]UN?ej1]O_UNb0Qm1N1O10O01O1O1O1O1O0001O01N10001N100O10001O000O100000001O00O1000O10O2O0O11N2N2NYdZ]1
20130603063154Uh_4,QefZ12go1;J4I7K4M4M3N1O0001O110O3N1O06K3LO1N4M0O1O1O1N101L4M3N2N101N2N2N2KcZUc2
20130603063154Uh_5,^^`P15io15L2N2O2M2O2N2O1N3M4L2O1N4L3M012M2N1O2N101N2N2M2O2N1O01O01O01O00010O2M2N100N2O1N3N1N3O0O2N2N4K3N4L5K4L5KVQNJnm13QRN1nm1KURN8gn17I3M3M2N2O11O3N2M01N11OO11O2N4K00O1O1O1O100001O1O0M5K302L4LbP2MboM2O0_R`18al_NOXQN<cn1c0O1_OgNWRN]1em1kNTRNV1jm1b0N3N0N3O1O1O1N2O0O1O2N1010O003M7I3M3M4L3N1N9I4J2O001N100O3N4L2M7K00O4NON01O1O1O01O00001N101N100O2O1O00101N020O002N100N110O10O001N1O1O3L2O2M1O2N2N3L3N2N3N1LaZUc2
20130606133454Bh_1,oVYc01jVb13oh_N5M3L3M2aNFWSN<_l11]SNO\l1;TSN2il14kRN6Rm1]1N3N1N1L5L2O2D<M2NWNjSN0Sl1I[TN2ck1NcTNN]k12fTNK\k12hTNKYk14jTNlNRl1T1STNhNmk1W1]1E<L4N1O2O1000N2N2N10O2N3M201O2O000O2N100000001O001O1O0O2O0O10O010O1O1O0001O01000O101N10000000O1N2O2K301OO2O1N100001N11N101O00O1000O2O0010O0N2M300O100000N3O002N10O10O1000001O001O001O01O01O2M2N4Kcg^S3
20130606133454Bh_2,j]\f01cQ>5UnC4\OIUQN?an1KXQN<cn1d0L3N3M2N3N10XOoQN_ORn1:URNFlm15YRNKgm11]RN0hm1D]RN=dn10O01O1O0001O11O0000O02N1N1O1N2N3L]_UW3
20130606133454Bh_3,g`co23jo18J4M1N3E;D<eQNiNim1Z1PRNkNnm1e1N2N10001N2O1M4KlNcRNLYm16jRNISm17oRNKml16USNNdl14]SNN_l13aSNNVl19kSNHRl1:nSNGPl12`SNjNa0V1lk1M`TN3_k1IeTN7[k1GVTNPOMU1ok1IVTNUOKn0Pl1JXTNYOLh0mk1LYTN]OKe0nk1J\TN^OIf0lk1F`TNCHc0an1L5L2N2M2N3Kd]nm0
20130606133454Bh_4,WdX_21dPX18QoiN3N101O000O1N20000O10010O1O01O001O1N2O1O0O2O001O01O100O010O00000000000010O0010O0010O0010O01O0100O1000O010O0010N101O00010O01O10000O1001N2O001N2O000000006J101N10N102M2N2O0N3N1N2O2N2N2NaYgY1
20130606133454Bh_5,ScXg09Uo11QQN4ln1MRQN5on1`02L01O011N3L4K5I7I4MjNPRNb0nm1]OVRNa0im1_OXRN`0gm1AZRNa0cm1^O`RNb0]m1^OeRNd0Wm1[OmRNc0Rm1\OQSNd0nl1ZOUSNe0kl1XO[SNe0dl1[OaSNa0_l1]OeSN?Qn1M6H6Kg[oV3
20130606133454Bh_6,]d\_21dPR10VooN7L3N1O2O00000O10000O101O00100O01O1O001N2L^PNHbo18^PNGco1930O001O1000O01O0001OO100000010O00010O10O0010O01O0100O1000O00100O01N101O00000101N010O100000O3N00O02O1O1O00O10001O1N2N2LSZ[Z1
20130606133454Bh_7,U\YZ18go12O0O2O0O1001O00000O100000000000O100O1O100O100O101OO11O00O1001O000001O00001O001O2N2N1O000000000000O100000O1000O10O01L3O2N110O00000LAhPN?Xo132N101N3MO201O00010O0100O1O010O1O00100O100O10O0O1N102N100O1J6O100O01O1M4O1N101O1K5M4JWPN0^el^2
20130606133454Bh_8,\c`[31nPb15kn_N4M2M3N1N2bPNFTo1c0O2O2N3L3M2N3N103M2M2O1O1N2O0O1O2N101N2O0O1O2O0O10000O100O1000O0100O10000000001O00O1N2N2O2N1000O2O2N0000113K001O0001N2O0O3N5K1O0000002N2M102M3M2N2N101N1O100O2O0O100O1O1O1N2O1O1O1O2M2O1O1O0O010O2O001O001O001O001000001N3M5G^Xc;
20130606133454Bh_9,kYo\35ho1Q1POg0[O2N1O1O1000O5PNXRN`1Zn1J;D100O2N1N3N2N2M2N2O4L3M1O2OO01N\dZa0
20130606133454Bh_10,XeVV31YP`05_oA3N2O1O001001N1000O01000000O1O010000O01000O100000O101O00001O01O01N2N1ObYQg0
20130606133454Bh_11,^^oS11QQb21kn_M3N2N7J2N2N1O1O001O0010O001O10O0001O0001O01O01O00010O0000001O2N1O1O0010O0010O010LZOnPNe0Qo1\OPQNb0Po1^OPQNb0on1_OQQNa0Po1^OPQNb0Po1^OPQNb0Po1^OPQNa0Qo1HmPN0Uo1NlPN1Uo1OkPN1To10lPNOUo10lPN0To10lPN0To10lPNOUo12jPNNUo13kPNMUo12lPNNSo13mPNMSo12nPNNQo13oPNMQo13nPNMSo13lPNNPo16PQNJon16RQNJnn16RQNIon17QQNIon16RQNJnn16RQNJmn16TQNIln18TQNHgn1<ZQNDen1=[QNBfn1=ZQNDfn1<ZQNDfn1<ZQNDgn1:ZQNFfn1:ZQNFgn19YQNGgn18ZQNHfn18ZQNHfn18ZQNHgn17YQNHhn18WQNIin17WQNHkn17UQNHln18TQNHmn18RQNHnn18RQNGPo18PQNHPo18PQNHPo19oPNHPo18oPNIQo18nPNHRo1c00O010000O011N101N1O2N10O02O001O2N2N2O0O010O01O00001O5K7I0O1O2N10000000001O0O101N1OIAPQN=Po1EPQN:on1KmPN3Uo1<O0011O1N4HgPNB[o1<500O10N2O001O0O11O10O0100O1000O0100O2N1O10001O0O10001O1N4Le``^2
20130606133454Bh_12,TcXg07Yo1LRQN:jn1HRQN<Ro18N2M20002N3M3K7F6L4LjNoQNb0Pn1]OTRNa0km1_OWRN`0hm1@YRNa0dm1_O_RNc0]m1[OfRNh0Um1WOoRNi0nl1VOUSNn0fl1nN_SN^1Ul1^NRTNb1Wm1N1O004K3kN`QN201Vo1Hb[mV3
20130606133454Bh_13,fd\m22mo12WPN0_o13^PNO`o18100N20001N101O001O0O10000000000000000001O0010O01O00001O010O00000001O0100O000010O00000000000000001O001O010O001N2MR[kn0
20130609133454Bh_1,dfZd09go14L6K6J2O010O3N00M2O10OO101N1O2OO1110N11N1O100O1O1O20O1O1002M7I:L3H1N01N1kNkQN<Qo1N05JO010O1N2N5J6IaUgX3
20130609133454Bh_2,hoba01aPj07VoWO2N3N0O2O2N001N2N2O1N2N101N100O10000O101O000O200O1O001O0102ROQQNe0Qo1WOSQNh0Ro100000O1000O101O00O1M3O1O01N101O10001O001O2O1N1O100O00100N10<CUodY3
20130609133454Bh_3,fcXX362O`o1:O1O1N110O1O010O00010O1000O00100O0010O01O1O0010O01O10O01O10O010O01O10O0001O01O010O00100O1O1O1O100O1O001O1001N102N0O00010O00001O0000100O001O1O010O10O001O001O1O1O1O1O2O0O1O100O1O1O1O100O0010O00100O1010O001O00010O1O010OO10000000O1000000O100O1O2N10000O010000O10O10O010O01000O1O100O3M2O0O2O0O1O1O002N1O1O3K4L[YU>
20130609133454Bh_4,mgPQ11SVh06ciYOb0]O`0@5L3M3L3J302O20N1O2N2O1M2J`NkNcTNl0ck1@TTN<ik1OPTNOTl13iSNNXl13aSN4_l1JaSN7_l1I_SN9al1H]SN:al1G^SN9cl1H[SN8fl10RSN0nl1`1OKQSN^Mml1c2XSNYMfl1h291N1O10000O1O1O1O01O1O2N2N2N2M4I6M5RN]RNY1fm1dN_RNm0Rn1kN_RNd0fn1HdUoj2
20130609133454Bh_5,V\Y^21mo15M1N2O00000000000N200O10000O100M3O010N2O1O10O0100M201O100O1000001O0O2O0000001O01O000000001O0O10O10O101O0O10000O2OO01O1000000O0100O10O10O0100O1O1O100O1O1J6O2Mcdf\1
20130609133454Bh_6,j`Te26ho13N2O1M201O010O01O0010O10O010O1002N010O0001OO104LO10002NO100O0010O010O0010000O1000O101O0O010O10O0001O01O001O2N1O2N1O0010O10O10O010O10O01O1O100O1O4M2M2O1OO10O01000O3N2M1O10O100O100O1O00001O0O20O0001O001O001O1O010O1O2N1O2O2M1O1O1O1O1N2Ll\_S1
20130609133454Bh_7,R^_h01fPV15SokN100O2O0000000O101O000000000001O000000000O1001N1000001O000000000O101OO0100O1O01000O1000000001O000010O00O2O1O1O001OO001O001O10000O010000O1000O010O001O00010O000010O1O100O0O3M2N2OhahP3
20130609133454Bh_8,o_cV21_PT12]omN2N1O1I8O0O101O01O0000010O1O0000001O000000O10000000000O10000O10001O00000001O001O010O001O001O1O001O0000000000000001O0000001O001O1O0000010O0000O101O0010O0001O0O101O1O000O101L4O\_hb1
20130609133454Bh_9,n`de21aPV12boiN1bo18N2N2O0O2O00010O0100O1000O10000O10000O010O000010O1O1O1O2N1O1O1O02OO01000O00010O000100O1O1O4M4L1O0000O0010O2O2M2N1O10O2O000O001O001O00001O0000001O001O1O00100O1O2N2N101N1O1O2N2N0Ok\aS1
20130609133454Bh_10,jV[V11]P:5eoEM\o1a0N3M3MO22M01O10O100000O010O010^OlPN6To1IRQN2nn1NVQNNjn11ZQNKhn13YiPh2
20130609133454Bh_11,Rn\Q1=ao13N2M3N2M5K4L5L2M9F3K5LO04N3N10N1O2O0O110H6IcNXOSTNc0kk1HoSN4Wl1OcSN5\l1MaSN5`l1J`SN7`l1H_SN9al1G^SN:bl1G\SN9el1JXSN6fl1b100OJUSN\Mjl1d272O2N10000O100O1O100O02N2M2O2N2N3J6K5RN^RNY1fm1dN^RNV1hm1eN^RNn0mn1@;G9IRUkj2
20130609133454Bh_12,\]hX11fPV14TokN4L3N2L4N1O100001O001N101O1O0O10000000O1O2bPNGRo1d0O2N010O1O00010O1O10O001O1O1O002N1O4M3M1N101O1N100O100O11O00O100O0010O01O000100O1000000O10O010O100O1O1O10000000O100O0100O010O010O10O0100O1O010O1O002Kd_o_2
20130609133454Bh_13,XS[P11oo10d[R92XdmF3O0O1N3N100O1O2O0O1N3N100N2O1O2O001N2O001O001O000000000000O10000000000O1000O100O2O000000000000000O1000O10000O1000000O100O1000001N1000001N10000000O10000000000O1000000000000O10O1000O01O10O01O10N1M3K600M3O00010O00010N1M3I710K5L3N300L3N210NO000O40OI7J700M3N2SOkQNKYn15gQNKYn10o0M3M20Xoe00dPZO400N2O1O100O1O100O1O1O100O00O2O10O00100O01O00100O010N200N2N202K[o56`PJ5M0N4L3N3N000O2O000O010000O1000000O1000001O00001O0000001O000000000O10O1000O10000O10O10O1O100O1O01000O1O10O10O1O10O00010O010O010O10O010000O010O10O001000O00100N10010O001O010O10O10O100O010O1O01000O00010O1O000100O010O1000O01000000000000O1000001O0000000O100000000O10O010O001O010N10010O0010000O1O0100O010O10O01O1O10O10O10O010O010O010O100000O10O1O01000O00100O010O100O0100000O10O10O10O10000O01O010O1O100O0000010O00100O000N210N1N20010N1O110L20O2O20N1001O10O1O0100N101O10O0O200M2O1O110N1O1O110M10110M1O21N200M3N3N100N3N100N3N1O101N3M105Iaibj1
20130609133454Bh_14,X_V[15jo12N2N2N101N101O01O01O0000001O00000000010O010001N100O100000O10O101N010O000010O010O010O2O000O10O011N001O100O1000000000O010O10O0010O10O100O1O010O1O010O1N2Ld_o_2
20130609133454Bh_15,X]mS21USj32\lWL0gPN2Wo1=O001O001O000000001O000001O001O1O1O0001O00000000000000001O0000000000000000010O01O001O00001O1O00010O00000001O0000001O001O1O001O0000000000000000000000000000000000O1000001O0O10001N1000O100000O0101O0O1O2O1N2N10001N1LXOPQNh0on15@TOlQNl0Qn1YOkQNi0Un1WOjQNj0Un1XOiQNi0Wn1XOgQNi0Xn1XOhQNh0Wn1IgQNXO27Wn1b0hQNUO38Un1b0RRN^Omm1c0TRN[Omm1d0URN[Okm1c0WRN\Ojm1c0j0O1O1O001000M210O01N110O001M210N1010O010O100N2000O01OO110O0KhPNCXo1>4010O010O01O10O10000000O10000O10O10O1O100O1000O01000O0100000O010000000O010000O10O10O100000000000O01000000000000000O2O00000000O10O100000O010O010O10O01O01O10O10000000000O2O000000000O10O1000000O10O1000O10O10LGaPN8_o1I`PN8^o160O1O100000O10O1000001O0O2O001M2O2MSbPW1
20130609133454Bh_16,ajnR171N^o1a0I2N3fQN\OUm1e0gRN@Vm1b0gRNBUm1`0kRNBRm1`0lRNBQm1c0^RNkN8f0Vm1h1N1M4O1N10001N002M2O000002N2O1N1O2N3I6SN`RNW1dm1fNeRNQ1^m1mNfRNd0GROjm15jRN=YTSk2
20130627063134Lh_1,nYoW256OYo16bPNO8O^n1a0_QNC^n1`0^QNE^n1U1J5J3M3N1N2OgNVRN>gm1ZOkRN>Tm1AnRN?Qm1@RSN?ml1_OWSN`0hl1_OZSNa0fl1]O]SNb0bl1]OaSNb0_l1ZOfSNe0[l1XOgSNg0km1O1N2O1N2O0O1O001O10O00010O00001O00000O10001N100O2N10000O1O10O02O00]OmPN9Ro1HnPN8Ro1HnPN8Ro1;00O10000O10O0100000O01000000O10O10O10000O010O10O01O001000O1O010O100O1000O010O010O1O001M201O01O00001O0100O01O100N2O1N20O010O1O1O1O001N1O10O110O001N101L5K<^Oled_1
20130627063134Lh_2,XddP11iPl11ToUN101N1O2O0000001O0O100O10000000000O100O1O1O01000000001O1O1O1O10O010O1O10O01O001O010O1O1O001O0001O1O1O1O000001O00001O01O00002N0010O10O1iPN@mn1`0QQNBnn1?PQNBRo1=lPNFSo1d00O4M0O01O1O03N00O1O001O010O1N3N2N1O2N1O2NROUQNh0jn1VOZQNi0fn1VO[QNj0dn1UO]QNl0ln11O10O0O010O1O01O01O0O2\OlPN:To1FmPN9To1EmPN;To1DmPN;\o101N1000001N101N101O00001O00001O0001O01O00001O000000001O1O001O00RYad2
20130627063134Lh_3,acRQ21lPP13mnQO301N1O2N10001O00O10O1000000O1000000010O10O00010O000O10000O010N2O010O01O10000000O100O1000000O100O10O010O1O010O1N0L6O010000O0100O001O1O1N2000000O100O1NZ\Ui1
20130627063134Lh_4,XWko21WPf02eo[O4M1N2O1O000001001_PNEZo1;cPNH\o19cPNI\o1=10O02N010O010N10000O100000000000000000O101O010O002N2N1O1O1O0O1O0O2O0001N1O2O0M4L8I6J]hPl0
20130627063134Lh_5,YYQU11`RP11]mQO2O001O0O10001O00O1000000000000O010O0100O100O100O100O001O1O1O1O0010O01O0000010O001O1O000010O01O001N11O0O0100010O00OO200OZODhQN>Yn1DbQN>_n1D[QNa0dn1BYQN>hn1<1O1O1N2N2N2N2L<E6EUfXe2
20130627063134Lh_6,keSQ23lo13M2N101O001N101O00001O001O1O2N3N02N0O10cPNCWo1c0001OO000100OgPN\OVo1g011N00YOkPNc0Uo1]OlPNc0So1]OnPNb0Ro1^OnPNb0Wo1100O1N200000001O000010O001O00001O001O001O0001O00001O0O1000001N1000000000CPQNJPo16PQNJPo1InPN92NPo1IoPN720Uo1OlPN0Uo1OkPN1Vo1NjPN2Wo1LkPN3Vo1LjPN4ao101N10PYfi1
20130627063134Lh_7,ekjo05jo12XPNJdo1;N001O1O1O00001O001O01O103L1O00000000O1O1O100000000000O100O1O1N2O1O1O10000O10001NXT_m2
20130627063134Lh_8,l`Rj21bQ\35WneL2[PNL\o1>M1O2N1M4N100O100O10001O00O100000000M4O0O1000001O0001O000001O0]OkPN14MRo11kPNO:2dn10QQNM;6bn1MQQNO=5bn10^QN1an10]QN3bn1L^QN4bn1M]QN4cn1K]QN5cn1K\QN8bn1I]QN7dn1HVQNI1`0hn1HVQNH2`0in1GUQN`0jn1@VQN`0jn1ATQNa0Po161N2O0O10O010OAnPN0So1OnPN1Qo1MQQN4on1JRQN6Po1ESQN;Yo101F^PN4io1NYONaQN1_n10aQNO^n13UQNLXo14gPN1LKTo15oPN6Po1KoPN6Qo1IPQN9LBnn14WQN>in1AWQN?kn1^OWQNb0hn1^OYQNa0To1N100001E^OVQNb0jn1DoPN?on1:01O01OO14N2M3VOhPNd0Zo10O01O01O01O100O1O00001O000O102N00001O1O10O011OO02O002M107I0O022M020M103L011N1O1N1N2L5O01O00001O1O001O2M3N2N0O2O1O1O1O00100O14L0000O10000O101N2O0O2]OfPN=_o1O2N0001O01O01O00001O00001O01O01O010O0100O02N001O001O0010O01O1O101OYOhPNe0Zo100O010O10O01000001O0O2O000O3OO000O101N002M2O001O1O1O101O112LO4M1O0O11O001O001O010N0101O0O2O0O3M1O1N2M3J6M2O^Xkb0
20130627063134Lh_9,WYkX22mo11O1O1O100O10000O010O001O010O010O0010O10O01000O0100O10O10O01000O010O10O1000O1O01000O100000000O1O101N\gnc1
20130627063134Lh_10,fefV32no11N2O00001N1O10000O2O10O0001O01O01O010O001O00001O010O01O001O0100O00100O010O10O10O010O0010O01O001O10O0100O0010000O100010O2M200O0001N1O1O100O1O1N2M3O101N2O0109G002M0000000001O1O00000O1O2OO100O1]OdPN`0`o1N3L3M4KVXob0
20130627063134Lh_11,i_ce01P41fh]10WSdN2N2N102M3N3M6J3M2N2O3L2N1O2O0O2N2N2N4L2N2N2N2N101N2O0O10000O0101O01O0000WNkQNf1Xn11O000O0100O1]NjQN[1^n1O010O0100O00001O0010O10O11`NcQNZ1bn1O1O2O000O10O01O2N2O1N100O2N2N1000O0100O10O0010O11O00000001N2OO000010O001O0000001O1N101O1O001O1O1O1O1O1O1N2O1O1O1Mf\fQ3
20130702070714Th_1,fihf23lo12O1N2O100O0100O001O010O010O010O01O100O00100O10O010O010O1O0010O010O010O001O1O1O002N1O1O01O1O0O101O00001O001OO100000001O00000O100000000O101O0000O1O00M4O1K40000000M4M3K8H[VmS1
20130702070714Th_2,haSm21ko11VPN0ho15O10O01O0O2O0O2O1O1O2N1O100000OO1VNBlSNNfNa0]m1CaSNn0al1QO_SNo0al1UOZSNk0gl1WOWSNh0jl1YOUSNf0kl1[OUSNc0ll1@QSN>Rm1DjRN=Vm1FgRN9[m1M[RN2im1m07L4L8J4L6J6J3H9B^`^P1
20130702070714Th_3,Xb\k05jo11O2O1N101O0O100000O10000001O000000000000O0011O2N001N10001O1O0000001O0O2O1O1O1O1O001O00001O000000O101O0O2O00000000000O100O101N1O100O2N1O10001O0O101O1O010O010O01O010O10O00101N6I\]Qo2
20130702070714Th_4,cXof11bQP13YnQO2N101O000O10001O0O10O2O001O01O01O01N1000000O10000000000O100O2OO10O1O10O10O01O100N101000O100O1O0100O001O001O0000O1O11O00L5O0001O1OO2N010O01O1O101J5O2N3MRgVS2
20130702070714Th_5,SeP_11iPl30UoUL2N2O1O0O2O1O001N100O101O0000000O2O00001O000000000O10000O1O2O0O100000000000000000000000000000000000O101N1O2O0O2O00000O1O2O000000001O0000000000010O00000000010O0000000001O01O000000000000000000000000O1000000000O1000000000000000O10000000O100000000000000O10000000001O00000000000000000000001O00001O01O00010O00001O0000001O00000001O01O001O00001O000000O1000000O010O10000000000000000001O01O0001O0000000000O10O100000001O01O01O0001O00001O100OJJbPN6]o1KdPN4\o1McPN3]o1McPN3]o1MdPN3[o1MePN3[o1MePN3[o1MePN3[o1MePN3[o1LfPN4co11O001O00000O2O00000000100O000001O002OO01O001O00_PNKXo15gPNLXo14hPNLXo15fPNL[o13ePNM\o13cPNN\o12dPNN]o12bPNN^o1:010O001O1O1O1O3M000001O00001O00O100000001O00000000001O01O00100O00100O10O010O00100O0010O01O0100O1O1O01O01O01O001O001N2O1N3LjXUi1
20130702070714Th_6,bV]e01ZRj0c0mlWO7L5L4I7K3M3M5ZO`NcRNf1Xm1g0H4N4M3M3L3M4L2O1O1OSNaSN9^l1AnSNSOBi0^l14bTNJ^k15dTNK[k14iTNJVk14VUNDhj1;[UNEcj1;_UNDaj1LmSNBe1b0]j1ISTN@d1f0Xj1GYVN:gi1C\VN=di1@_VN?ai1_ObVNa0^i1]OdVNc0]l1001O05L0O100O000O010O1O101N1O1O0010O000001O1N2McdTV3
20130702070714Th_7,l\io11fQX16QniN6K3F;K3N2TQNTOcn1d1@5J3N1N4L4L6K2O[NaRNj0\m1UOgRNk0Xm1`NjRN8O[1Tm1\NoRN6N`1am1ZNbRNg1jm12OeNoQNh0om1RO^RNj0am1SOkRNf0Sm1VOWSNd0Tn10000O0010O0010O2NO2N1O1O1O1O12N2M3O1O00O0O10O2O0O25J02N1N101O12N00O0O2OfQN^OUm1a0gRNF[m15cRNO_m1M`RN5bm1H\RN;dm1CZRNa0em1_OZRNc0dm1^O[RNd0dm1\O[RNf0^n12M2N2O1O2O0O100O1O0O1OO2O002M2N2L5N1N3N2M3N3M3L3O2MW]Ri1
20130702070714Th_8,hciT27go15L2N2M3M3O1M3N2N1O1M3O101O0O10O00N1O100100M4M2L5N2N2M3N2K5O101M2OV]Ri1
20130702070714Th_9,\_YQ23ko19YPNMRo1b0M2O3M2N102M9I1N2N3M5K1O1NdNnQNm0Qn1POWRNl0gm1TO\RNl0bm1ROeRNHFh0bm1^OXSNb0el1^O]SNb0cl1]O_SNb0`l1]OcSNd0Zl1[OhSNe0jm1000O23L10N1O1O1O1O02O2N3M3M3M1O10OO00011N1O1O1N2O001O00VP2KooM000P^Vk1
20130702070714Th_10,Ved`11dPZ23XogM1N2O001O1N1O100O2O00001O0000001O001O0000000000001O0O10000000000O2N1000O1000000000O10001O00000001O001N2K400O2O00000O2O000000001O0000000000000000001O01O000000010O000000000001O00000001O00000O100000000000000O0100000000000000000000O010000000O1000001O000000000O10000001O000000000001O00000000001O01O01O01O0000001O0001O01O000000001O011N1O00000000000000O1O1N2O01000000000O10001O001NQZYQ2
20130702070714Th_11,hW]S31aRb00[m_O2N3O1N2N100N2O1N2O1000O01000O10O00001N3M1O1O01O0N4O001N2O10O11O0O01O100001O10000O1N1O2NlgVi0
20130702070714Th_12,RVkc01kR\2b0]leM8K6I5K6K3[ObNdRNa1Wm1fNbRNa1Zm1bN`RNc1]m1d0L3M3M3M4M1N4M2N4KUNeSN4Zl1GnSN6Ql1HaTNK]k14gTNJXk15nTNGQk19SUNDlj1;WUNEgj1IiSNIb1>dj1GoSNG`1a0`j1GTTND^1e0^j1FVVN9ii1FYVN:gi1C\VN=ci1B^VN?bi1_O`VNb0_i1\OcVNd0]i1YOeVNh0[l10O1O11WOkPNc0Zo1O2N0O02OO100O10O10O1000dPN_OWo1f000O1O100O010O106J00O106J00001O1N1O0O100001N201N1O13O2L001N100O2N100O00000000O11N101N3M2N2Lh0N]O01O`o53]PJ1O0101N_PR23]omM1O101N101N1O2O0O100O1001O000O2O0000000000O1001N2O1N2N2MebTo2
20130702070714Th_13,kSWd21iQf05Pn[O3M3M2N3M1N3F_OSQNa0ln1ASQN>nn1CPQN>on191O1N3GlPNBVo1<mPNBTo1>7OKChPN=Yo15O010O0G^OUQNa0ln1BQQN>hn1@XQNj0gn17100O010O1O1O11O10O003M2DQQNDon17UQNImn14VQNJjn16WQNIin16ZQNHfn17b00ON3O101O1N`kPX1
20130702070714Th_14,lenb12mo13N001O0O2O1O000O2O000O101O0000001O0000000O100000000O10001N1O1O2O00000000000000000000000000000000O101M3O001N100O101N1000001O0000000000000010O000000000001O01O000000000001O00000001O00000000000000000O100000O1000000000O1000000000000000O1000000000000O100000000000001O0000000000000000001O0000000010O000010O000001O00001O00000000010O001O001O00000000000O010000O1O1000000000000000000001O0000001O0000000000O10O10001O0000001O0000000O1O10000O2OFcPN1]o1OcPN1]o1OdPN0\o10dPN0\o10dPN0\o10dPN0\o10dPN0[o11fPNOYo11gPNOYo11gPNOYo10hPN0Wo11hPN1Wo1NjPN2Uo1OkPN2So1OmPN1So1NnPN2Ro1NnPN2Ro1MoPN4Po1GUQN9Yo10000010O000011N2N00001O010O001O010O0010O0001O1O001OXP<NjoC1N10000O1000000000000001O0000001OXYWk1
20130702070714Th_15,eW[R31nRn01nlSO2O1O1O1O0O2O1O0000O10O11OO001O1O00002M2O100O010000O01O00001O2M1N2000N1N4O001N102OO1000O10O1O11O01001N1O1N1O2LngVi0
20130702070714Th_16,\V_e01cRj02TmWOe0]O8I6J5K5L6I6\O^N_RNk1[m1`0L5L3M4M2M5K2O1N10QNdSN;[l1AoSNPODk0[l15bTNJ^k15eTNJZk15jTNIUk15TUNGjj17[UNFdj19_UNG_j1KoSN@e1d0[j1KTVN6ki1EZVN:hi1BZVN?fi1\O_VNc0al1O01O001O2001M2N0O100O10O02O00000001O0O002O1N1O1O1O2O011O09F1O2M2N1O3KkcbU3
20130702070714Th_17,X]_P21\Qd06Yn]O7C=K4SQNUO`n1n0]QNWO`n1d1@2N1M3M3N3M8I3M]NfRNb0Xm1\OkRNe0Sm1[OmRNj0nl1WOQSNk0nl1UOQSNl0Pm1aNnRNN3f1Sm1UNoRNM3>Oh0hm1TO^RNj0`m1UOPSN=ol1AVSN?gl1_O\SNa0cl1^O`SNb0_l1\OdSNd0mm10O0O13N0O01N1O100O1002N2N3L4N0O1O1O1M2N3JXPN1ko1OU^lk1
20130702070714Th_18,^V]a21c05bn1N[QN3en1NYQN4fn1MXQN4hn1LWQN5hn1MVQN4jn1NSQN3mn1`0O0100O101M2O1O1O1O1N101N2N2KO42L41O001O000000000O2O001O0O100O001O000100O2L3O1O010O100O0101OOLHaPN9]o16N2O1O1O1O001O000H^OSQNb0mn190O1O1N2FnPNBVo1<8O10O1K41O0001O0GBPQN?jn1]OXQNk0hn16010O010O100O100001O000001CYQN^Omn1;=O2N100N2O1O2N101O1N`knW1
20130811121434Ch_1,[TYj11[P\11boeN2N2N2O1O001O000010O01O0010O01O00001O10O01O00100O001O01O01O0001O0000001O0010O01O00100O10O010O010O1O00000000O100000001O0O10001O01O001O001O1O00001N1000000000001O0001O00001O001O010O1O001O0010O01O01O001O10O0100O010000O1O001O001O1O2N3LXjRm1
20130811121434Ch_2,[a[R12lo14K5M2O0O1O10000O101O001O000O1001O0O1O1O010O0100O00010O010000O01N2N101O00100000O11O00O10OO200O010O01O1N3M2O0100O001O101O0001OO2O1M2O1O10000O2O000O2OO010O0010O10000O001O1O1Oe_Vh2
20130811121434Ch_3,[]gm01eR>>ZkC0SSN5cl15gRN`0Tm1GbRNb0Ym1W1I6L3M3M3N10\MgSNe0F\Ocl1HXTN=^OHYl1FdTN:ZOKim1N\RN1em1IaRN6gn1O0O5Ic^fP3
20130811121434Ch_4,hdjT21mo14N1O0O2O001N1000001O0000001O00100O100O0100O10O0010O0001O001O0010O0100O10O10O100001O00O02O00O020O3M000000O1O010O01O011O00O10O010O01O001O010O001O01O00100O01O01O1O100O2N7I100O1O01AmPNOSo11mPN0Ro10nPN0So1>001O001O0DoPNIRo11TQNOln10UQNOmn1MXQNOnog06YoYO1HKbPN7\o18N1O2O1O1O1O02O4L2N000O11O1O001O0O102N0O110N20O11N0100OO11N1O1O1O1O3M1O1O1O10O00100O1O2O0O2O0O10001O0001OO100O10000O0010O1O101O0O2O0O11O00O10000000O0100O001O1O1N2O1O001O010O10O10000001O0O01O00001O0001N101O1N3MVV]]1
20130811121434Ch_5,hkhU31iPT12QomN6L3N2N4M1N1L4N2O1O2N1O0100O011N101O1O01O001O00001N10000000O010O1O1O10O10O1000200N5K001N0100001O3M01OO100O2N2M4L1OO201N2O1O1O1O5K1N3N1000001O0O100O0000001N1000O101O1EhPNLYo13hPNKYo17800O100O1O1N4L^QYc0
20130811121434Ch_6,UdZS21bPZ12YogN2O2N100O2O00001O00000O101O01O00010O010O0100000O1O0010O010O00001O1N20O010O1000O100000000O10O1000000O2N20O1N100O10O01000O02O0000O10O010O01O1O001O00000001O1O0010O10O0100O0000001O00000000001O1N100O2N101N3NmYod1
20130811121434Ch_7,hbQ`14lo10O2N2O2N001N3M10002N0000001O001O000001O000000010O0000000000000000000001O0000001O0000000000000O0100000O01O10000000O1000O10O0100000000000O100000001O00000001O0001O00000000001O00001O000O100O10000000001O0O100000000000000001O00000000O1000000000000O100000000000000000000O010O10O10O1O1O100O1O1000000O01000O10000000000000000001O00000O2O000O10O010000O10O1000O1O1000O1O0O110O1O10000O01O1000000O0010000O1O10N1O2N110N101O010O010O0100O010O1O10000000000O100O1000000O100O100O100O000100M200N210N1M4O100O0O2O010N2O00010O1O001O0100001N10000O2O000O100O100000O1000000O2O001O001O00000O1O10001N10000O0010000O0010O010O0O2O010N101O010N1000010O1OO0200O0O20O10N110O010O0O2O010N1M4O010N10100O01000O010000O2O0O10000O1O1000O01000O000O200O000O2000OO10100O000O200N002M210O0N3L20200N0100O200N1O10100O1N20000N200O100O1O10000N200O100O100O100O2N1O100O2M2O10O01O010O10N100O110L3O10010N010O110N1N20O20OO010O20N0F;O110N02OO1100O0O1O20OO2O001N20O_OQRNoNTn1m0b0K401M4L3L303IZcPc1
20130811121434Ch_8,S[S`11oo10eWh48RhWK2N2O001N10001O1O0O1O2O000O10000O100O100000000000001O001O000000000000000000000O100000000000000000O1000O100O01000O100O1O100N200O010O100O100000000000001O000000000010N101O0O10000O100O10O10O1000000O001000O0O2N1O2O10O01000000001O0O2O0O1O10O0O2O0O1N2O101O1O0100O002N100O1O10000000000O100000000000000O100O10000O10000O01O0N3M10100O1O2N2O1O1O001O1O00001N101O00100O10000O2O0O2N1N20000O100000O1000001O2N1O2N0O2O001N10000O10000O1O10000O1O001000O01OO2O001O100O00001O001O01OO20O00O101O1O0010OO110O1O001N1O2N1N30OO110O01000O010O010000O101O001N1O1000O010O1O010N101O10O01O0001O01O00001N2O0O101N101N1O1O1O1O100O020O000001O1O001N20O02N1O2O000O100O1O100O1O100O101N100O2N1O1O1O1N2O100N200O0100O10O1OO2O0O2M200O11N10O11O00O1O100O01O100O2O0000C<100O2O1N101N2N2^Ob0M4K4N201M2L6F[c^c1
20130811121434Ch_9,WZeb26m01gm16lQN2Rn14dQN3Xn1l0M4J5E<M20D\RN[Nem1_1eRN\N[m1n0[RNPO55Un17hQNLon11b0Ohf^\1
20130825141154Bh_1,ofmn04l0NUOOWnc27YQ^M>H2M3N2M3M3N1O1O1O1O1O100O100O10O1000O01O10O001J5CcNWRN_1fm1iNRRNY1mm1=10O10O10O01O1O1L3N3M101O01O01O1N3O0O002N1N3O1N1O2O0O2O0O1OK5O12O0O01O00100001M201000O100O00100O1O001N20OO2O0O2OO2O0O2O00001O1O00001O10O1O01O1N2O001O1O001O001O00000010O1O01O010O0000000010N101N1O2O1N101OO20O0001O0001O00000001O1O1O1O1O101N1O2N10000O100O00100O001N101O01O0000O1O11N1O1N3N2O001N110O0000010O001N101N11O001N2O0O2O1O1O1O1O2N1N3N1O2N2N3M2N1O3Mn^fa2
20130825141154Bh_2,\aTh26ho15L4M2N2O1N100O100000001O1O0000100O1N10O10O00100O0010O1001O2N5K5K;F2N2NO1O2M3N3M2M2O00011N4L2O00O23L1N1O1O001O1O0O3H7K6IR\QT1
20130825141154Bh_3,hgfh01XQj04ZnWO;H7M3M3N2N2N1O1000N2O1O1O1O10001O0001N1O3M3M3M2N3OYO_QNNan1C]QN36;Uo101O1N11N101O1O1N1000O010O0101O001O000O01O001O00000O2O002N001O1O001M4L3M5KSV]R3
20130825141154Bh_4,iWcl21gTX10WkiN3M2N1O2N1N2O1N101O0O1O2N101N2O0O1O1O1oN@_RNd0`m1AZRNa0dm1HTRN9lm1l010N20K4M3O11O01O0ROURNHlm17]RN]Ogm1c0k0M2O2O0100O010O010000001N01000000000001O001O001N100O2O001N11O010O10O0010000O100O10000O1001O1O0O1O101N10000001N2O001N1O2N2MXgTl0
20130825141154Bh_5,Vkho13lo12O1N10001O001O0010O01O001O001O10O10O0100O10O010O10000000100N11O0100O011N0O20O1O0O10000O00100O2O1N1O100000O010O010O00010O00000001O00O10000O2O01O0O10O10000000000001O1O001O1N_Sij1
20130825141154Bh_6,hWci22jo10WPN2go140000O010O1O100000000O10O1O01000000O001O1O100O100O1O1O1O1M3N2O0000001C]O]QNb0an1`0K4N1O200O0101O0O1O1O1OZOoN^RNP1fm1UOSRNl0mm1b02N2N2N100O2N2N2O001N2L5M2J6N2O1O1M4L3K6M4LPkhQ1
20130825141154Bh_7,R_ch04ko12N101O100O100O1O01O00010O10O1O3M2O000O10O10O00100O001O00001O01O1O001O1O001N001O10N2N2O1O1N101N1H8N3N1O110O010O01O1O00O1M30O]OUOTRNk0lm1d0001O0010VOaNQSN`1^l1aNVSN86:H1kl1ASSN8671Jgl1]1[SN`Ngl1_1\SN^Nel1b1]SN\Ndl1c1]SN[Ndl1e1`SNSNel1l1i0N4XNYRNo0dn1F6K7I9FfbTR3
20130825141154Bh_8,^ZS\33lo14M3M2O1O5K00100O000010O1002N2M0000O100O2N2O1N1001O00O1O01O01N101O002M3N\dba0
20130825141154Bh_9,^[Qi01RTl00kkUO8I3N1N2N1O101N11O00010O1O001N101N001O0100M3O1O1O0O2M2I7N3M201O000100O1O100O0ON2_OPOSRNR1jm1UOlQNKNP1Un1d00000100OWOaNQSN`1ll1hNnRNY1jl1[NoRNa0270Lnl1W1USNdNml1[1VSNbNkl1^1WSN`Njl1_1XSN]Nkl1a1n0L8H7H7I9G8H9EfbTR3
20130825141154Bh_10,nU[Z21jQ8:jmI3M1M3K4\Oe0K5L301N2O1O2O^ORRNQOnm1j0YRNUOgm1g0]RNXOcm1g0aRNWO_m1g0fRNVOlm13WjXd1
20131027185354Bh_1,WbYd12c0OB2mn12[QN8dn1IQQN019ln1b0000000O100N2O1M2O2OE]QNZOcn1a0]QNYOln1h052OO0O3M2L5L3000O1000O11L21O2N2N20N10000N111O01N2N2N3NS_PY2
20131027185354Bh_2,bcZ`01fP`23UoaM2N2O0O2O1O1O2O2M1O1O001O000000000O11O000000100O103M0O100O1O100O100O0100O01O001O00001OZPNL`o1:10jPNCgn1=XQNJcn15]QNNen1M[QN5cn1J^QN6bn1J^QN7an1I^QN8bn1H^QN8cn1G\QN;dn1DZQN=hn1BXQN>hn1CWQN=hn1EWQN<hn1EWQN;in1EVQN<jn1DVQN<jn1DVQN<jn1CWQN=jn1BUQN`0jn1@VQN`0kn1_OTQNc0kn1]OTQNe0kn180000000O2O0O2O000O101O0O10000O2O001O1O01O01O00001O000000O100O0100O0010O01K5N200O2L4M3OnP>KWoA001D2dPN1Vo15fPNLYo17ePNI[o1>001O000O20O01OO2O0O100000O2O001O1O1O10OO2O0001O000O1O1O2N10000O1000O0100000001O01O00000001OChPN2Xo1NhPN2Yo1LiPN4Vo1LjPN4Wo1IkPN7_o1001N100001O10O01O1O0000000000000O101O001O0001O01N2O`YcP3
20131027185354Bh_3,iTi[31aPj02[oWO2O1N2O00100O001O000000001O1N11O001O100O001OO100O1O00100O00001N1010O0100O1N2O1O010001O0O2O1O01000O01O01O002N00001O0N4N1N3Kgj`?
20131027185354Bh_4,lc\W31VQl14dnUN2O1N1O2M4M1O100O1000001O0000001O1O2O003M00000000O10O10O010O1O1000O101O001N0100O001O010O1O103N0O000004M0N11O00000O2O02N000O001000O1XOlPNc0Yo10000O101N101N4L2M2N2N[P4NgoK2A5gPNLWo17gPNKVo17jPNIUo19lPNDTo1>72N2N10O1003L1N3O:HON1O0O2N10O11OO200N2O0O1O1O1O1O001O01O0100O00100O10O01000O03N0O1O1N2O2N011N1O2O000O2O2L5LWWm=
20131027185354Bh_5,edVh26jo11N4M002O7`PN]O01nn1n0N0O100001O0O2O0N2O2N2H9N1O1O1000O2O0O1O002N105K01N10O010O10O1O1O1O1O001O1O01N101N101O1000O11O0O011N2O1N2O1OO002O0N101O1O001O0003M2N2O0O2PQNTOin1R1O2VQNkNfn1X1000O001N2O1O1N1O1O02O000012M2OO10000O10O100O2N2N1O1O100O1O2N2M3M2O3M2N2N1N2OlXaP1
20131027185354Bh_6,R[m[11WQ<6anE2M2N1O2N2OM210000N2M401N1N3N0OG:M3N3O1N2OO11MhdVb2
20131027185354Bh_7,Zcde21hQn24[nQMN^o1?L3M1N3N10000OO2O2N1J7O1N110O11O1N1O2N1O010O121M1N010O10O002N00100O002N01O010N2O0O2N1100000O100O2N003O0O00O1O00100O1N2O10O00001O2O1OO04M7I003L10O1O001O1O1O000O1000O11O011O10N11O01N0100O2O1O0O11O00O1010O001N4L102M0002M3K5L4JXQNAXn1>jQNBTn1?lQNAVn1<lQNBUn1?iQNAWn1a0gQN^OZn1f0aQN[O^n1h0^QNZOan1h0]QNXOdn1Q110`QNlNJ0Tn1T1QRNUOom1i0nQN\ORn1Z1000O0000000O3M101N3M1K3010O\OdQNG[n19gQNEZn1:hQNEXn1<iQNBWn1>hQNB\n1o04hN[QNm0ln1010O2N12N1O1N02N5K1O1M3O12lN[QNj0dn1RO_QNo0in12OO003M1N101N1N2O1N2N101N2O2N1001N1O2M3N001O2N1O100O011O0003M00001OO01000O02O1OO02O1N100O2O0O1O3L4M3LXUUj0
20131027185354Bh_8,oodT21fPP12VoQO2O2M101O1N4L2N100O10ON2O02N2NfPNDTo1;mPNFQo17SQNIln16VQNJHOjn17aQNGD41Len18kQNL@Mdn16mQNL@Mdn15nQNMZn11YQNM31KOnn12WQNNK1jn19_QNH^n1:bQNG\n1;bQNF^n1:bQNF^n1:aQNG_n1:XQNCO4jn18VQNFN3ln16WQN1jn1OTQN1nn1NQQN3on1LRQN4nn1LRQN3nn1NRQN2mn1NTQN2kn1OUQN0kn12TQNMln1d0O1O1000O2O001N2O1O000O2O0O100O100001O000010O2OO1O@lPN5So1KmPN5Ro1KoPN5Qo1KoPN5Qo1KoPN5Qo1KoPN5Ro1JnPN5Xo1CkPN=\o1O1O001O1O2N1O1O2N1OPoRe1
20131027185354Bh_9,_Sio21gQ:0UnG5M6J4nPNFXn19gQNIXn1=aQNE^n1=_QNDan1n0M110O10N2O010O0O02I70O0N2H8O2O1G:M9\OZlXn0
20131027185354Bh_10,QaZX21aPT22[omM101O1N100000000000000000001O01O01O00010O001O0010OO101O010O2O0O1O01O100O10O010O00001O001O0O101O001O02O0O010O010O01000O1O5LO0010O01O00010O00001O1O00010O01O000O1000000000000O10000O100000000O1000001N101O0001O01O1O01O0KN\PN2do1N\PN4ao170O01O001O00001O00001O00@cPN2O7eo11O01O01O001O1O1O10O00001N10000O2O00001O0100O01O010O0100\PNH^o1?N1O1O001O1O10O00000000000O2N1O1N3L3O2M3MT]iZ1
20131027185354Bh_11,T`TV21_Ql42^nUK0O101O00001O001O001O1O00001O0001O01O2N100O011OO1O10O00001O00001O001O00001O02O0O10O10O00002OO0100O20N0010O0010O00001O1O01O010O0010O00000001O000O10000000000O101O000O2N100O2N2NQPn07ioQO1N3N00001O0001O00010O0010O1O000010O01O0001O00001O001O001O000011N001O100O2N3M1O1O002O0O00010O0000000000O2N1O100O2N1000002N001N3KWQR2KPomM3N1N2O1N1000O2O2M1OhP:1aoC0\o1a0I2O3M001O0000O101N2L4N2N2O1000O00100O001O105LO1O0O01O10O100O1O001O10O01O01O000O200O1O00101N10000O2O0O2O0O01O100O001O001O1O01O100O104oPNTOdn1V1O000O100O01O010O0O3N0O100O2O01O0010O2001M02O0O1O1O3N0O1O101N3M1O001O1N102M5L3KoXeP1
20131027185354Bh_12,QWYf25do18bPNFRo1=kPNESo1e0N1O1O1OFTQNCjn1=XQNCfn1<^QNCbn1;aQND_n1<aQND`n1:aQNF`n19aQNG^n18dQNG]n18e0O100O1O1000001O0010O010O01000O100001O0001O0O110O10O001O000O10O100000O1001O5K`0A2M01N2N2M4A[jlU1
20131027185354Bh_13,fbgf22lo15M00O10O015^PNFTo1;iPNJUo16hPNMWo1>1O001O00000000000001O3N2M10WOoPN`0[o1N1O00000O1O1000O101O1O1O00O100O100000O101O0O101N101O000000O2O000^OePN?^o100O2O1N2O`PNHXo17iPNIWo11fPNO30Vo10jPN0O1Vo1NkPN2N1Wo1LkPN=\o1O100O1012N0O1O0O100O010GBPQN>Po1BoPN?Po1BPQN=Qo1CnPN?Ro1_OnPNb0Wo12L7K3M2IPOZQNS1dn16N1O2O0O200OnNdQNa0cn1UO_QNl0ln1N2N1N2O00000000O10_OmPN5So1IoPN7Po1FTQN:mn1CUQN=Xo1N10001O1N2O1N4Kn[lQ1
20131027185354Bh_14,bUee21XQf03an[O5L2N2M3O0N2O0O02N201N2N101N10000O1O1000001O0010O010O010O10000001O00O20O0001O010O0001O0O10O10O1O1O10010N110MVPNOkiXV1
20131027185354Bh_15,SPUV21[Qn01cnSO1O1SO6bQNJ\n18cQNI]n17cQNI]n18aQNI_n17`QNJan15XQNIJ3nn15VQN2jn1NUQN3ln1LTQN3nn1LQQN5on1KQQN5on1JRQN5ln1MUQN3jn1NWQN0in10XQNOhn1e0N200000O2O001N2O001O0O2N100O100000O2O000101N1001N_OlPN6So1JnPN6Ro1JnPN6So1ImPN7To1HlPN8Vo1FjPN:^o100O100N101ObPNFXo19gPNIYo16hPNJYo14hPNKYo14:0001N1OPond1
20131027185354Bh_16,Za\Z21^Pf12_o[N0O10002N2N2N01000O001O00001O001O000O2O0O101O1O0011N2O0O010O01000O6K0O01O001O00010O00001O001O1O01O001O0000000O100000000O2O00O0100000000O1000001N101O01O01O001O01O00100N101N101N101O001O000010C^PN:eo1O0010O001O001O003N0O0000O2O0O101N10001O0001O10O0010O010O106I1O1O1O1O0010O01O1O0000O1O1O2M2M4M2N3MU]kZ1
20131027185354Bh_17,jTge22Y\V20cckM5J9H6J6K3_Ob0H6N3K4N2N2N1N3M2O2K5L2L5K4N3L3O2N2O0010O001L4O001N101N3M3M3O1N2N2O100O01O2OO010O1O00001O00000000O10000001O000000O1O100hLbMnUN3d2]2ag1iM\XNY2cg1gM]XNY2bg1iM[XNW2gg1iMXXNX2gg1iMWXNU2lg1mMQXNR2Qh1oMnWNP2Rh1QNmWNo1Sh1RNmWNn1Sh1RNlWNT2og1nMoWNV2mg1mM^VN^Oh0g2gh1iNUWNY1jh1hNUWNZ1ih1aMXVN<n0T2ih1]M^VN=i0W2hh1\MaVN<f0Z2eh1[MhVNGA0X1P3Yh1kL_VN>a0ER1S3kg1lLbVN<c0CQ1T3jg1mLcVN<b0BR1T3ig1nLcVN<\2e2Rg1PMaVN;=BQ14aNS3bi1lL^VN<;FQ1Z3Vh1VMhVNBR1X3Vh1UMiVNCo0Z3Wh1QMmVNEh0]3]h1mLlVNEe0`3_h1kLmVNDd0a3^h1kLQWN_Oe0e3Yh1mL_XNQ3_g1PMcXNf1\N]NSi1MaXNe1_NZNSi1OSXN^OZN^2e0oMSi13mWNR2TOgMSi11mWNV2TOfMZk1U2]1L3M2N]MoMZWNo1fh1QN\WNk1eh1VN\WNh1dh1ZN]WNb1ch1bN\WN\1^h1kNcWNR1Zh1TOfWNi0Zh1XOhWNe0Wh1\OlWN`0Wh1^OlWN?\h1POoWNo0ak1O1O1N2M3M4N3L4HWcVP1
20131027185354Bh_18,abUk21jPb07Yo]OI`o1=N1O1O2N1M6K6J6G6N101N1002O3kN]QNf0fn1TO\QNm0nn1N1M3N0O0100O10001N@nPN4Ro1KoPN5Ro1GQQN8\o1000001N2O1N2O1LR\nQ1
20131027223034Lh_1,RdTh21eP\10XoeN3N2N2O1\PNLYo1`0N2N2N1O1O100O001O01N100O2HlPNAUo1>80O010O10O02N10O10001O0O10O010O10O0100O1000O010O00010O01O0010O01O010O10001O000O10O1000000O010O1O010O10O100O6jPN\Oen1Q1O0O10O10O1O001O0010O1O001O1O1N2O010O001O100O1O1O2O1N1O1O1O1N3N1N3N1O1O2O0O2N100O2N1O2N1NnXQo0
20131027223034Lh_2,noPU21dP^11YocN101N101N10001N1000001O00001O00001O0001O000010O00010O00000001O001O0O1000O100`PNIWo18gPNLMKVo19mPN0Ro10nPN1Qo1OoPN2Po1NPQN2Po1NPQN2Po1NPQN3on1MQQN3on1MoPN5gn1C]QN9K6fn1C^QN7K7fn1C_QNi0an1YO\QNh0dn1YOZQNi0en1900000000001N101O1O1O1O2N001O1O1O1O1N2O1O002N1O1O0O101O00001O0001O0000000000O10000O2N100O100N200O2O00000000O1O100000000000O100O2N1O2O1MTona1
20131027223034Lh_3,\aWe11ZQ>6\nC5M2M3M4L4L5K3M7I5J4N1O1O1O0O2O1O1O10ClQNiNXn1m0c0K5N2L4N2M3L4N3M2O3LW^\X2
20131027223034Lh_4,cdlc04jo14M3M3N1N101O0O101O0O100000000000010O00100001O00001N101N100O1O100O0100O2N1O010O1O01O010O1OiPNBln1>RQNEmn1<QQNFon19QQNJln16TQNLkn13TQNNln13SQNMnn12RQNOnn11PQN0Po1a00O0101N2O0O0XQNoNan1Q1_QNoNbn1P1]QNQOcn1o0]QNROcn1m0]QNSOcn1m0]QNSOcn1m0]QNSOcn1l0^QNTObn1l0^QNTOcn1k0]QNTOdn1l0]QNSOcn1m0801N10000000000O1000000O2O000000000000000000001N100000000O100I7N201N10000O100O2O00001O0O2O1N2O0OiPNOXo12^OOfPN36NSo1;hPNGWo1:hPNFXo1a0000000010O010O01O5L1N4nPNTOhn14YQNe0en1ZO]QNf0bn1ZO^QNf0bn1ZO^QNg0`n1ZO`QNg0_n1ZO_QNg0bn1;0000000000000000000O10001O000O2O000O1O1K5N2O2L3O1O100O2O001O100O001O2O0O2OO0010O0000010O0001O0001O00000O101N2N2N3L`Yco2
20131027223034Lh_5,`[Uh21dU`14miaN<K4L5SOYOYRNk0cm1m0K3L5L4M201N100O10000O1O001N101N102M2O100O2O1O1N200O1O02O0O2N1O1O1O0O2O001N100M3M30O3N1O3M1O1O001O0000000O10000O1O1O01O0001N100O100O101O00001O000YNVMYVNj2fi1ZMVVNe2li1]MQVNc2Pj1_MnUN`2Sj1aMkUN`2Uj1bMjTNFb0i2ej1cMcTN2<[1GoN[k1;jTNc03lNTk1c2RUNTMTk1h2RUNlLXk1R3l0N2N3APSNgMUm1U2=M3O1N3N1O2N2O1N2N2N3M4L4L3N1M3N3M2M4L3L4N4J4M4JcbPo0
20131027223034Lh_6,c_gk04ko12O2M1O2O001O001O1ePNHln1;nPNIQo1c0oPNVOln1P1O1O1O002N01O01O01O0lNXQNP1nn1N2N1O2N1O2N2N3M2N1O1O001O1O001O0000010O00001O1O10O01O1O001O0O2O1N\_hP3
20131027223034Lh_7,im^a22mo12O002N001N10001O000O100N2O01000O10O100O10O0100000O100N3N1O1O100O1001OO1000M3O1M300O1O2NfRg[1
20131027223034Lh_8,fbYh2=`o16L3M3N1O1000O10000O2O001N002O1O0OXN_ORTNa0ik1FUTN9hk1KWTN5fk1OYTN1dk13[TNMck17[TNIbk1;^TND^k1a0aTN_O[k1f0dTNYOjj1[1UUNdNjj1^1VUNbNfj1c1XUN]Ngj1e1YUNZNcj1l1\TNhMd0;Pk1o1YTNiMf07Qk1Q2XTNiMg05Qk1T2UTNiMi03Sk1`2lTN_MTk1b2lTN^MTk1b2lTN^MSk1c2nTN[MRk1f2nTNZMQk1g2PUNVMPk1l2P12N101N2N200N20000O20O001O1O1O10001N1O1O0O2N1N2O1O10_SNWMkk1j2RTNXMnk1l2lSNVMTl1l2iSNUMVl1\3]TNbLbj1_3ZUNgLcj1X3]UNjLbj1U3\UNPMbj1P3XUNWMgj1h2XUN[Mgj1f2WUN]Mgj1f2RUN^Mnj1l3N1N2N2O1N2N1OPN^UNmLO_1aj1c1bUNmL0^1\j1f1fUNkL1\1Xj1i1hUNkL1[1Vj1j1jUNkL1Z1Tj1k1mUNjLO[1Rj1h1TVNmLLZ1ni1e1kVN[NSi1f1oVNUMoNe0Qj1U2cWNiM\h1V2hWNhMXh1V2lWNhMSh1Y2nWNfMQh1Y2TXNdMjg1\2YXNcMfg1\2]XNcM`g1^2bXNbM]g1^2eXNaMie1CQYNl2X1aMfe1DoXNn2[1]Mfe1G]XNOAn2^2[Mee1IQXNa3]2fLae1KoWNb2LkMg2H]e1h2\XNUMZ24Ze1d2j[N[MWd1a2l[N`MTd1]2o[NcMQd1W2U\NiMkc1n1^\NQNcc1m1_\NSNac1j1b\NVN^c1i1c\NWN]c1h1e\NWN\c1g1f\NXN[c1f1f\NZNZc1f1g\NXN[c1f1g\NYNZc1d1i\N[NWc1e1j\NTN^c1h1^503L4L2N3L2N4M2N4K3L3N4L2N7Ffbnn0
20131027223034Lh_9,mZY]11PR>2bmC?J2O2N0L5N2N2O100O01O0N2000O00MJ7210O2N1O1O1000001O001EQQNDPo19=N2O2LidV`2
20131027223034Lh_10,mf^V21]PR10aooN2N2O1O0O2O001O1O010O0010O01O00001O00001O001O000000001O0010O001O00001O00001O0001O1O1O10O0015J0010O1O001O1HbPNK_o15bPNGbo1:1101N100O10000O2O0O0dPNBWo1>hPNBXo1c01O101N1O1O1O1O010O1O100O100O100O00100O1O5K2N[Wkb1
20131110185354Bh_1,WcYV1;ao18H6N1M2O2O00000000O10001O1O1O3M5K2N1000O01O10O01O0000000000O010000O100O0100O010O010O1O101L3O2N10O001O00O02OO10O2OO10O02OO0100O2ON11001OO1000O2O0O1O1ON2J6M4K6L3N3L301O0001N1O1N2M3M3M2O1ON4O0O101O0OO11O100O2D9211M3O1N3N3M2O1N10N2M2M4K3G9M4M4N1M4ZOf0O001]O]MfSNe2gk1YM\TN:F_2Yk1QNhTNc2Uk1U1NEPUNkKPk1S4UUNkKij1n3g000TOdTNUM^k1j2k01O0010RNkSN2Vl1LlSN3Tl1LoSN2Ql1OPTN0ok10STNNnk10UTNOkk1OZTNNek12^TNIdk17_TNFak1:cTNC]k1OXSNGc11Vk14dSNBX17Uk12dUNK_j11j2M4MReP`2
20131110185354Bh_2,YcXU31lU\15lieN3N2O0O2N1O1000O01O001O0EGPQN9Po1:2O1O100O10iN_OnRNc0Pm1DiRN=Vm1HfRN9Xm1JXRN\O7k0`m14[RNNdm15XRNLhm1V1000O1N2O1N2O1O1M3N2L4N2N1O1O101N1OKiNcQNX1gm1eNmRN_1Rm1gNkRNW1Vm1mNgRNQ1Ym1SOdRNl0^m1UOaRNj0_m1XO_RNh0am1[O[RNf0fm1\OWRNe0im1h00O2M2O10O0^OWNoRNh1Rm1[NlRNe1Sm1c001O1O01N2O1000000O2O1M2N3K4O1000001O001O1O001J6M3M3O1M3O1O1O100O2D;J8K6L4K_[Uc0
20131110185354Bh_3,Rkjf21TQd08_n]O=_O:M5K4L4L5L3KSOiQN8Sn1FTRN6km1J^RNOam1OfRNNXm1OnRN0Qm1MSSN3kl1I[SN6el1H^SNJeN:lm1KdSN5\l1IgSN6Yl1GkSN7Pn100010O01O00001O0000O100O10O0010O010O01O01O010O10O1O2M3MgQcU1
20131110185354Bh_4,Y[ii11iSV25okkM201N2O00001O01O000O100000O1O001O1O0010000O10O1000O10O10000O10O0100O1000O01O10O010O100O00100N2M2L5M3O010O0001N10001N1N3N2N2O1O001000O01O1O1O010O0010O10O00000100O000001OO20ON20001O0000001O001O01O00010O0000001O00001O01O1O00001O01O0000100O010O0100000O010O100O10000O10000O10O100000O0100000O100O10000O01000O1000O01000O100O100O0010OO10000O100001OO02N3LocTi1
20131110185354Bh_5,cWQb01bPT13fokN4So10hPN5So1b0J200O4L111O1=B5J2O0O3N00O10O00000O100O2O0O2O0O1O1O0010O01O01O00001O1O00000O10000O100000000000000000O1000O001O000O10000O001N3L3N2N200N1N2N2K5L41N1O2N2O2K5F<KoghW3
20131110185354Bh_6,d[ej05io13N2N1O2N1O1000O10O100000O101N1O0O2O000001O2N1O100O2N01O1O001O000010O01O00MEaPN<_o1200N3O00001O01O1N2O1N2O1O10010O01_PNHXo19fPNIYo1?0000O100000O10001N101O001N2O010O00001O001O001O001O00O100BIRQN8ln1MoPN6on1>O10O010O0N1M21N30N110N2O100O2N1H8O2O1N4J^f`n2
20131110185354Bh_7,TW[c11`Pf04Yo[O4M2M2N3N3N00001O1O02N8H1O10O01OO11O00000010O2OO01O1O2N010O0000O101N1001O002N0O2O001O010O010O0101N4L100N2O1O3Ldg^X2
20131110185354Bh_8,WWSe23lo1101O1O0000000O100O1000000O2O000O1O1O10000O100O1O1O0O1O100001O010O001O0O1M4N110O001O10O10O010O010O0100O100O100O100O0001O001000O02M2O1O2MkibV1
20131110185354Bh_9,]_ZP21nRl31blUL0kPN2So10kPN1So14gPN0Xo1<00O100O100O10O0100O10O0100O100N110O10O1000O010O0001K5O00100O100O001O010O10O0010000O2O001N1O100O1O100O0010000O0100O10O0100O1O001000O01000O010O10O10O010O001O10O01O10O01O010OO110O10000O100O010O10000O0100000O010000O10O10O10000O1000001O0O2O001O1O1N101O0O1O100000000O0100N2L4N2O1O00100O10000O100O100O1000001O00000000000000000010O0000010O0001O0010O0001O010O00001O1O0000001O00010O0O101O001O1O000O2O001O2N1O001O1NdQT22ZnkM3M2O1O1O002O001O0OEbPN5]o1JdPN7bo13M1O1O1O2N100O1O010O00101N1O01O01O010O10O00100O010O1O1O001O001O001O0O2O000O2O000010O10O010O1O10O0001O00002M101O1N2O_\[X1
20131110185354Bh_10,[bRT23`o1NlPN4on11nPN1Qo10mPN2Qo10lPN2To1=O2O00O10O0100O0100O10O10O00100O010O1O010000000O0O11I610O10000O10OO2O001O10O1O10000O100O2O0O2N100O2O0O1O1O10O100O1O100O10O01N20O0100O1000O1O0010O100O100O01O1O001O01O0000O2O0100O010000000O2O0O10O01O10O10O10000O10O10O010000O101O000O2O001N2O1O1O001N2O1N100O2O001O0O010000O1E;O010O100O100O10O01O1O1000001O00000000001O00000000010O0000001O001O001O010O10O0001O001O001O001O001N2N2N10\_k_1
20131110185354Bh_11,Z`ao28co16N1N3M2M3O1N2O001M3M3N2N2L3O11O010N1O2O0O2O1N100N2O1O11O0O100O1F:010O001L5O0O100O100O10O01O1O1JRQNXOPo1g050000O1000000O10O10O1O10O01O0100O3N1N3N001N1000000000O10O10O100O0100O1O0KTOVQNn0in14100O100O100O100O1N2N2O100O1O1O1O1N2O10O01000O02OO01N2O10O10O0100O10O100000000000000000000001O0000000000001O002N1O4L1O001O00001O00010O0010O0001O00000000000001O00000001O000010O000000001O000010O01O001O0000001O1O001O001N2O001O1O3M1O000O1000001O001N2MeaXc0
20131110185354Bh_12,aQki2:_o1=D:I6K7J:E6K6K2M2M2M`NZSNLcl15eSNEWl1=d100010VO[O[RNf0_m1o0M3100N2F;L4M3M2N3M2N3K4L9^ObQUT1
20131110185354Bh_13,e_]T21\Qj02`nWO2M3M3N1J6O1O100O10000000000O0101O0O100O1O2O0O2OO100O100O10O100000O10O00100O10O010O001O1O0M4OJhPNEXo1;60000O101O0O1O2O1O002M3LS`nf1
20131217192134Ch_1,mij_23ko17J4M4L1O2O0O10100O01O3ON2M4L2N3N2O1N24LOO10O0002O0O1N2O0O1O1O1O2O0O2O001O1O1019E3OO0O12M2N1N2O1MQOWQNk0fn1VO\QNh0en1XO\QNg0dn1ZO[QNe0gn1YO\QNe0dn1[O\QNd0gn1[OZQNc0So1N2O001O1O1OO02O000O1O00100O1O1O100OO2O001O100O2N00100O1O010O10O100O2O0O2O1O0O10O10O010O10O0001O01O0010O01O0101N100O1O010O010O00000001O00000O2N100O100O100000O01O10O01O001O1O0001N1O2N3O2L4LYRiV1
20131217192134Ch_2,]^[R33go16N2O1O0O2OO11O000O200O2N2N1N1O010N020O1O10OO1O2O001O2O1O1FVO[QNn0_n1?[NdN]SN1a0a1`k1GRTN=ik1o1O1N2N1ObNbTN]N]k1c1ZUNfMgj1Y2`100N2nN`RNmN;NYm1n0T1N3O0010O10O0FXQN]Oin1c08010N3N2N2OO1O1N3N2O1O2N1O1N3N1O10001O1O10O010O1O100O010OO2O1O1N3M4LdgVh0
20131217192134Ch_3,ZbVe22lo14M2O1N1O2L3M3J6001O0O2O1O0O2O0O2O1O0O10001O0O100010OO10010O0001O1O1O010O1O00001O1O001O0010O010O00001O00001O00001O001O01O00001O001O001O100O1O1O010O010O10O01O001O10O010O01O00000000000001O000001O001N2O001N101O1O001O0001O0000001N1NnPNVORo1j0UQNXOcn1g0[QN\Oen1P1O02O000O1O1O011N002N1O1O1O1N101O001O000000010O0001O001O001O1O1O2N2O0O1001O00O01000100O01N101N11O11NO00101N:E3L3N3M4L3N2Mc[eo0
20131217192134Ch_4,ijbS21fR<`0dlE=G2M3L2O2N2O0O0O1N2nNXOiRNm0Um1o0010O2N2O2O2M3`N^RN<jm1[OfRNHZO4\Rij1
20131217192134Ch_5,hdn_21`P\17XoeN2M2N2O1O1N2O001N100O1000000000O2N100O2N100O2O0000001O000001O000001O00000000001O01O00010O00000000000000O100000O10O1000000000010O01O10O01O2OD_PN<bo1O001O00001O1O01OO11N10000O01000000000000000O101O0O11OO02O00001N10001N2N1N2MWYkW1
20131217192134Ch_6,VaVZ11[Ql3;XnUL2N2O0O2O1O001O1O001N101O1O00001O000001O001O001O0O100010O001O010O001O001O001O001O001O001O001O0001O000000001O0O2O2N1O001O10O000010O01O010000O010O100O0010O1O100O1O101N1O1O2O0O1O101O0O10001O0O10002N1OO11O000O0001O0000001O1N2O1O1N2O001O000O2O000O1O2O00000101NDQQNHon16SQNKln13UQNNln10UQN0kn1OVQN0ln1KWQN5\o1O0O0001N2O1N3^PNFZo1;ePNGXo1c0N2N1O1O2N10O101N2O2M2N4M0O101O1OO10O01O1O1O10O0100O10O10O1000O100000O010O10O0000100O00001O001O010O001O010000O10001O000O0200N1000000O10O02OO10O1O100O01O010O100O100O0010O10000O1000O0000100000O100O100O010O010O00010O00010O01O01O01O010O0010O01O00100O01O010O000010O010O00010O000000O10000O2N1O101N2N2N_Xio1
20131217192134Ch_7,kab\11hPd15Po]N5L2M3O1O1O001O002M2O1N2N101O000001O1O1O1N2O00001O00001O01O2OO01N10000O2O010O1O1O1O1O1O00000000O101O00001N2N2O2N1O001O010O010O0001O1O10O011N10O01O10O00100O1O2N1O101N2O001N2O0O10001OO02O0O2O1O1O01O00O1O01O00001N1N3O001N2N2O0O2O1M3J5O1O10O0100O1N3O001O101M5Jo[gY2
20131217192134Ch_8,lc\X22lo15L8I0O20O02N10O001O001O0O110O001O00001O01O000001O100O10O10O00010O00000000010O01O002N001O1O0100O1O00001N101O0O2O2M4Ka[mc1
20131217192134Ch_9,Ra^l01dPn03^oQOMfo19M3N1N1O2O000O10O0010O00100O10O10O10O10O1O10O0100O01O010O1O10001O0O2O00001O001O0O101O001O0010O01O010O0001O1O1O2N1O100O1O000000N2N2O1O2N1O1N3N]^Sn2
20131217192134Ch_10,`UYS21VP`02foA4M100O100YPNIdo16\PNKdo14^PNKbo15fPNJRo16nPNMon14QQNLon14QQNKon15QQNKon16=010O100O10O0101N1O2O0O1O1O10O00010O1O1O2N3L5Kcili1
20131217192134Ch_11,[al_23lo1101N2O001N10000O2O0O1O2O0O2O0O101O0O100O10000000000000000001O0001O010O010O001O001O00001O0001O1O2N100O1O002O0O1O1O2OO01O2O0010N002N00010O2NHdPNM[o13ePNN[o11ePNO\o10dPN1\o1NdPN2]o1McPN4]o1KbPN6co11O1O2N101O1O010O001O1O00001M2O100O01000001N100O2O001N1000000O10001O0001O0001O01O001O0010O01O001O1O001O010O000001O01O01O00001O000010O0001O0001O00001O00100O00100O1O10O01O010O1O1O010O00001O00010O000001O0000001O01O0O2O001N101O00000000000001O0000001O0001PQNWOhn1j0TQNZOjn1o000001N10O01O1O1O1O2M101O1O1N1010O00010O00010O001O00100O002N1O2OO0101N1000O010O1010O001O0001O0O2N00100O2WOoPN?]o1K2O2M2O3Ih[io0
20131217192134Ch_12,VnPg11YU`13nj_NNZo1>N3N000O1O000O2M2N3N100N110O2N001N2000O2O001N1K5I601O101O0100O010O10O10O010O00O1N3M4M4M2N02N1M3N100O2O1O000O101N011O00010O100O0010O0001O0VNEoSN>ok1FmSN;Ql1KjSN6Tl1NiSN4Ul1LkSN5Tl1DQTN?nk1APTNb0Pl1^OnSNd0Ql1^OQSNCON8R1hl1]OPSNDOM9R1il1]OnRNEa0l0cl1@jRNEc0j0dl1L\SN3dl1M]SN2dl1L^SN4bl1L`SN1bl1NfSNJZl16hSNGZl18gSNF[l19fSNF[l19hSNCZl1<hSNAZl1>e10000O100O1N3N002M3MYPQQ2
20131230192154Bh_1,h[We11^TZ14\kgN4L2O1O00000O100O1O001N10O10N201N110O1O0O2N101O01I60010O1O0O0O1OH:O2O0O2O1N1O101N01L22N1101N101O1O1O001O1O100O010O0010O0010O10O00O1M4N101O0O2O000O01O1O1K5M3M3N201N1N2M310K4O110O01O1J6N3M2O2M4M2M10O0101O2K6K]cnR2
20131230192154Bh_2,`Xmm2<bo14M2O0N3K5N1O2N1O000OI8O1N1OM6L4L4L4O2M2O1M3N2N0NN4O3L310O101N1O1N3N1N2N2M21O2N2N2N1N2O01N2M4L4H8N2N1K6M[ihn0
20131230192154Bh_3,_Ska11mPR1>`noN8J5L2N2N4M1NVO\QN;bn1DaQN<]n1CiQN9Tn1ITRN1hm11\RNMcm13_RNL`m13bRNM]m12fRNMYm13gRNNXm12iRNNWm11jRNNVm11lRNNTm12mRNMSm13nRNJUm15Z10100O1O101N100000000000O1000001O0000001O01O00000000001O0001O00010O00100O1O002O0000O2O00PQNLSn14kQNNUn11XQNK;6^n15^QNNcn11ZQN2gn1NVQN4jn1LVQN4jn1MTQN2on1MPQN0Uo1<3AgPNObo1K_PN4co1J^PN1N1PkXX2
20131230192154Bh_4,WkhQ14ho15N100O1O2N100O1O1O1O1O10OOMePNDZo1=4010O0100O010O010O010O10000O1000001N1000001O001O0010O01O001O10O10O01O1O010O1O001O01O01O000100O1000O100O001O2O1N5K1O100O1O1O1O100O001O010O10O4MO2N10[OoPN;Po1CRQN=Yo11O01O11N001O1O1O010O1O010O01O2OOO11O001O0O0100000000001O00000013L0O1O0000000000001O001N3N002N001O2M3McR[e2
20131230192154Bh_5,[RkU17do18K2O101N100M4M2O1N2O001O000OG:OO12OO100O1100O010O1N3N1O1O100O1000O010O0100O000010O1O100O10O1000001O0O101O1N10O1O100O1O1O100O10O100O010O100O010O10O100OM`PNH`o18aPNF`o1;200000001N100O2O1N4Lnnbd2
20131230192154Bh_6,o\]g03jo16K5M1N2N2N3N100O10O2N10O1O001O2N1O101N3N3M010O01O2N00O1O1O1O2M3N1O1O3M1O2N2N100O00000000O100SOnQNMRn10RRNNnm11URN4dm1LaRN1]m10dRNO[m11fRNOYm12gRNNYm12iRNKVm18iRNHVm19jRNFWm1:hRNFXm1;hRNEXm1<fRND\m1;eRNCb1I[i1d0RUNCb1K\i1a0SUNC`1N_i1<QUNG^10ci15PUNK[11gi12nTNOX11ji1OnTN1V11ni1LlTN6S1OVj1DhTN`0o0MWk15gTNKYk17dTNK[k16dTNLYk19dTNG[k1<bTND]k1a0_TNROfN5kl1l0[TNoNlN4hl1Q1bSNiN3a0[l1c1VSNcNhl1[2O2N1O1O0001`MgSNX1Zl1fNjSNX1Vl1gNmSNV1Tl1iNPTNS1Pl1cN]TN[1dk1`NcTN]1`k1_NbTN_1Rm1L`0\O9K6J8Gl^bR3
20131230192154Bh_7,kVce12mo1101O0O10000O1000000O100000000O0JKcPN5\o180O0100000OM30100O2O0001O00000IePNH]o17cPNI]o16fPNG[o196O1001O0000O100000O100000001N100000000O10O1O1N11000O10O0100O0100O010O1O10000O0100000O0100O10000O10O1000O10O01000O010O010O010O10O0100O001O1O00000100O00100O1O001O1O10001N1O3M_jfR2
20131230192154Bh_8,dXc^23mo12N1N2O000000000000O010000000001O0000O10O10O100O1000000O010O10O1O0010O01O0O2O0000001O1O001O0001O1L4N3NPhT^1
20131230192154Bh_9,_[dj11fPT24TomM2YPNO\o1<O0O2N100O2O0O010O10O1O010O01O0100O10O10O100000O100000O10000O10000000101N10O01O00001O001AdPN9bo11N1O10O001O001O0O20O001O2O0O1O100O1O1O1O1O0L^OjPN8OOWo1IjPN700Wo1IgPN74OUo12lPNNTo13kPNMUo13nPNJQo17PQNGQo19;0000001O001O01O0000000013L0001O0L`PNH`o176N1001O001O1O1[PNFbo1=O1cPNCUo1<kPNGSo19lPNHUo17jPNKUo15kPNKUo1a0O0000001O01O0O2J5N3N100O100O1000000O1O100O2O000O100000000000001O00O1000001O00001O0000001O001O1O00000000N20001O001O00000O2N1N\cah1
20131230192154Bh_10,TklQ14jo15M0O1O2N1O1O1O00100O00O0011O010O010O010O01O10O10O10000O2O0000001O0O1010O01O001O001O10O0010O01O010O1O010O1O1O00001O01O1000O10O01O1O10O02N104K100O00001O100O1000O2O0O010002N1N29F01O01001N001O1O0001000O010O0100O0001O000O1000O1001O1O1O1O2N1O1001N0000O2N3PQNSOgn1W1L4L5L0O2OO1O1003M1NiNkQNe0OlNQn1<URNk0jm1TOYRNFGP1Pn1XO_RNi0am1TOaRNl0Zn11OO110O10O1O0N3N2M2OkNcQNh0_n1SOhQNh0jn1N10000O1O001O01O010O01O4L4L3L3NWPac2
20131230192154Bh_11,gddZ21]PZ13^ogN2O1N2O001O1O10O01O1001N010O0100O10O010O0001O010O100O003M001O0010O00001N3N2F_PN2ao1L`PN6^o1JbPN:[o1EePN<`o1000000O1O10O2OO20N1000O0100O1O1O010O01O1O0001O0000O1000101OO1O01O01O00001O00000001O0010O00000001O00001O01O01O1O1O1O2I^Yg]1
20131230192154Bh_12,kScU21nR`08clA9K3F_OQQNb0ln1:@WOgQNl0Xn1;202N1O010N1L4J5K50CZOcQNg0^n1\O]QNd0en174M4N1O2N2O2M2O2N1O1N2K5O100O101M3N_kdg1
20140118180214Mh_1,ne^a2>l0Gcm1<VRNLfm19WRNIem1g0kQN[OTn1Z1N1O1O101XRNTNL2Sm1j1mRNjNll1X1QSNnNjl1U20O01001N4RMPSNe2\m1I1O2N3N6I2N1\NXRN3L8mm1^OaRNM4;]m1B^SN=Sn101N2N100O1O10O01O001O1O1O002N2MRWm[1
20140118180214Mh_2,kVk^11cQj01TnWO8M3N2N2N101N101O1O1O1O000001O00001O001N1000O00001M201H8J5O2M200O1O2O01O100O1O101N3M2N2O1N2O2M3N4L1N2O1O000001O00010O0000O2O0O2M2N3MWhT\2
20140118180214Mh_3,l`nl21]Pl07[oUO0O2N100000O10JIcPN7]o15010000000000000000001O001O0O101O0O1000001O000010O000000000000O20O0000001O1O001O001O10O010O1O1O00001O7H^^[n0
20140118180214Mh_4,PobS17go15L3M2O001O001XQNBlm1?SRNCkm1>SRNElm1<RRNEmm1<RRNEnm1<QRNEmm1<QRNHDDSn1e0URNOnm11mQN2Tn1l0100UOiQNKXn13jQNMWn11iQNOYn10hQNNZn12eQNM\n13eQNK]n14cQNL]n13dQN2Wn1LjQN5Vn1JkQN6Tn1InQN7Rn1ERRN;mm1DTRN>jm1AXRN?hm1_OZRN`0gm1^OZRNd0dm1\O\RNd0em1YO\RNh0gm1TOZRNm0\n10010O001O2N3M4L7I7Hgn^i2
20140118180214Mh_5,mRkP31bY`24VfaM6K2O3L3N1O1O10000O0100O100O1000O0100O1000O0100000N2O001O01O01OO100O11O0000001O00001N0N300O01N12O0O110N10O01001OO11O0O2O001O01000O10O1O000N3O1O001N1O1O2L3M202OO100O01O001M3N2O0100O1M4M2O1O1N3O00OO10NOO3011O001N200O2O0O1O2N2N1O2NYN_OTTN>kk1MoSN0Pl15nSNGSl1>mSN]OTl1f0_14J5J6M3N2N1O10001N010OM4N1K50000000011M1N301O00000^OYQNMfn12^QNKbn15`QNJ_n17aQNH`n17aQNH`n17aQNI_n17bQNG_n19bQNE_n1;cQNA^n1`0a0001O1O2N1O001O1O01O000O2M3O1N4L4FXkla0
20140118180214Mh_6,fSgn29eo16J3N1O2N1N3gL[OSWNg0gh1BaVNIhMR1fk1WO^VNT1bi1mN\VNS1ei1mNXVNT1ki1lNQVNW1oi1iNnUNX1Uj1gNfUN[1^j1eNTUNCoNj1Pl1cNdTNP2_k1RNVTNR2nk1PNiSNS2[l1nMdSNi1dl1ZNZSNc1il1h02K5L4K5M3N2N2M3C=SOYRNWORn1f0e0N200N201N2N102M3Jlofn0
20140118180214Mh_7,mW]i04jo18I6K3N2N1N4M2PQN]O]n1V1aQNbNXn1c101N100105K1N1N8I3L3N5J5K5J7J5JXfPU3
20140118180214Mh_8,m_gS38go12N1]LJ\WN7bh1OXWN2hh1OWWN1ih10UWN2jh1NVWN2ih10TWN2lh1ORWN2nh1NPWN4Pi1LoVN5Qi1KnVN6Ri1JlVN8Ti1HlVN8Ti1HjVN:Vi1FiVN:Xi1EhVN<Xi1DgVN=Zi1AeVN`0\i1@cVNa0\i1_OcVNb0\i1_OcVNc0[i1^OfVNb0Xi1TOXTN4^2i0Zi1TOZTN1\2k0Xi1VOSWNk0mh1VORWNi0nh1XORWNh0nh1XORWNh0mh1YOSWNf0nh1YOSWNf0mh1[OSWNe0lh1\OUWNb0lh1]OUWNc0jh1^OVWNa0kh1^OWWNa0hh1@XWN?ih1_OYWNa0gh1ZO^WNe0ch1YO_WNg0mk1O1O001OO1O11O001O001BkPN0^k1HUXN8_LM\k1MTXN5aLNYk10UXN2cLLYk12TXN2cLKYk15SXNOdLMYk14TXNNcLNYk14TXNObLL[k15SXNObLL[k15SXN0`LK^k15RXN2\LJck14QXN7og1HQXN8Qh1GnWN9Th1FlWN:Th1FkWN;Uh1DjWN>Vh1AjWN`0ik12L4O1N2O1M3O1N2O2M200O10001O00000001N10001O001N2O1N101N100O100O100O1000000O1O100O100O1O001O010O0010O0100O100O100O1O010O010O0010O001O1O1M201N101O0O2M2O1000000N201N101N2N200O10O01000O01O01O1O00100O0100000O1000001O0O01000O0100O1O100O1O100O1O001O100O010O1O1O2N1N2O010O1O1O10O001IgQNgNXn1Y1iQNeNYn1Z1hQNeNXn1[1hQNeNXn1Z1jQNeNWn1Y171000O10O100O01O1N200N3M3O1L4N2J7M6F\dl=
20140309170314Mh_1,]S]X27ho14L3M3N2M2O1O2N1O010O10O012N0O6K0O01O100001N1O3L5L3LRP2NPPN8J4K1O1O2N1O1O2O0O101O0000000001N2O11OO2O002N0O20N002N0001O01OO20N2O2N001O0O10000010O2O0N20N1001O1O010O1O0000O3fQN_OPm1a0kRNDTm1?ZRN]OJ8lm1;WRN3im1R1001N2N2N2N1N3O2M3L4M3N3K7I3M5H7IohPa1
20140309170314Mh_2,XPag01eQP1k0_mQO5L4J4M2M3N1O1005LSWNjNPc1T1l\NPOXc1j0e\N[O\c1b0eWNVOS4:Zd1<[WNFX4Mbd1:RWNOY4Fnd1IdVNT1Z4TO^e1l0_ZNUO_e1Q1]ZNoNce1T1ZZNmNee1R1\ZNoNce1P1^ZNPOfe1n0XZNROie1R1QZNoNUf1o0fYNRO^f1m0^YNTOef1k0XYNVOjf1j0RYNXORg1e0cXNDcg19RXNNVh10aWN4ch12PWN2Ti1MeVN5^i1LQVN<Wj1EeUNJPk18lTNE\k17bTNHdk17XTNHlk1b0gSN\O_l1f0XSN\Oll1k11M3N1O1O1N3N2K6@eRNQNbm1o1802Nd0[O7I9G6IViPT3
20140309170314Mh_3,^]YR33ko13M2L4O1K6N1N2O100O10000001N1010O000010O00O101N1O001O001O1O1000000O100M300O100O101N1O100O10O10000O1O101O0O2O001N00100O1O2UOnPN1O`0Yo1210O0010MgPN_OXo1a030100O1O10O0010O1N3N1O2N1O2N2N2L_c^h0
20140309170314Mh_4,cnnU31hPb10Uo_N4M2N2O0O100O101O0O100O101N1O1O1O101O0O010O1N20O100000001O001O001O001O1O1OlPNBgn1=UQNGln18SQNImn17RQNIPo17oPNIQo18lPNJUo1`000001O003M2N0O2O0010O000000001O00000001O0000000O100000000010O00000010O0001O1O010O000010O0001O0000000000000000000O10000000O01000O10001O00001O0000000O10000O2O002M3N1N2N3MUP_`0
20140309170314Mh_5,[o^W34jo13N2O000O2O0O10000O101N100O1O2O0O1O100O1J]OoPNc0Qo16O0101O0O101O1N110O001O1O1O1O001OmPN@gn1?VQNDkn1;SQNGnn18QQNIPo18mPNISo18kPNIUo1a010O01O1N3N1O1O001O0000001O01O000000000000000000O1000001O0001O0001O01O0010O0001O0010O0001O000000000000000O1O100000000O10000000O1000000000000000O10O0100N2O0100000O02O0O10000O1O1O10001N100O2O1N2O1L4N2N`Pa?
20140309170314Mh_6,Ye`Q21VP:3eoG3N3N0O2NO03N2N3N0O1O2O3L1O1O01XOmPNa0To1]OnPNb0Xo101O2MUZkl1
20140309170314Mh_7,lSai12lo12O1O1O1O0O2N101O010N2O0O2O0N110O1ON3O000O110001O00O002OO1000O2N10O03N1N3MbmRT2
20140309170314Mh_8,[]aa13ko13N1O2N1O100O100O2N10000O010000000O10O10O100000OO200O1O0O2O00001O01O0100O00001N1H[OSQNO0f0kn19110N11OO20O0100O10O1000O1000O100000000000000000000000O10O10O10000O10000O2L3O100O1N2O00100DgPN0Zo1OiPNNXo12iPNLXo14:00O10O101N100O10O0100O10O1ON3O10O0N300O1O1O1O2O000O10O3N0O100DLkPN5To1MkPN3So1>0O01O10O0100O01000O100000O010001OO10O1000O1O10O01O1O100O100O10000001O00100O2N1O00000000001O000001O00000000001O0O100000000O10000O0100000O10O010000000O10001N10000O2O000O10000O2O00000O01000O100001N101N101O003M1O001O0O100000000O01000000000000000O1000000O10000O100000O010000O01000O10O01O100O0001O001O01O0100O0100O10O10000000O10000O2O1N2K`eXl1
20140309170314Mh_9,bmRT31aPl10]oUN2N3N001N2O00100O001O1O010O0001O01O01O0010UQNIlm16SRNLmm13QRNOPn10oQN2Qn1MoQN3Rn1LmQN5Un1IkQN7Vn1IiQN7Xn1GhQN:Xn1FhQN:Xn1EXQN29:dn1F[QN;en1D\QN<_n1EeQN;[n1GbQN:^n1FbQN;]n1EbQN<^n1DaQN=`n1BYQNNNa0jn1@XQNf0in1YOWQNh0Po10L301000000000O2O1O1N2O1O1O00002N1O1O001O1OhPNEln1:SQNGmn19RQNHon18oPNIRo17lPNJTo1b00O001O1O1O1N2O1O1O000001O0000001O0001O00000000000O100O1010O000010O0001O010O001O01O01O00001O0000001O00000O1O100O100000O1000000O10000O1000000000O100O1N2O010O10O1000000O100O100O1O1O10001N100O2O1N2M3N4L1O`P_?
20140309170314Mh_10,P[ef21`P`00]oA3N1O1O2O1N2N3M10O01O10O1O1O010000O2O001O1O2N10O001O001O1O1O001O0O101N2O0N3Kfd\V1
20140309170314Mh_11,\UY]31oPT10SokN072Yo1OgPN2Xo1OfPN2Zo1NePN4Zo1NcPN3]o1McPN3^o1LbPN4^o1LbPN4^o1LbPN4_o1IcPN7bo10O2O1000O0100000001N11O000000001O0001N101O001O001N101O0001O0000001O010O000000O1O1O1O10000M]OhPNc0Xo13N2O1O1N2O001N002M101O0101O1O1BRQNIon14VQNFon13jjn<
20140309170314Mh_12,Z]ea14ko12M2O2N1O1O2N100O10O10O100000O101O000000N200000OO1O2J@iPNb0Vo150O0000O1N3O10OO2L2110O00001O00010O01O01000001O0O010O10000002N1O000001N10O01O1000O1000000001O2L5L4G7N3K4NgcXY2
20140309170314Mh_13,gWoU32lo13N1O2N100O1O10000O01000O100000O010O10O10O100000O10001O000O100O100O1O100O1000000000001OO2O1O1L3L41O001O5L0O1O2O0O00010O0001O00010O0100O01O101N001O01O0000000001O00001N101N10002M101N\ok0MdPTO6M1N3O0O1000000O100O01N20000O10O01000O10O0100O1O010O10O1000O01O101O00000O1000O100O100O10000000000000O10000000000001O001O000O2O001O0000000000001O00000000001O0O100N110O1N2O100O1O1O001N101NSOQQNl0nn11101O2O0O2ClPNLWo10mPNMVo1NfPNL91ViR=
20140309170314Mh_14,hWkU34ko1101L300O100O1O001000O10O0100000O010000O010O10O1000001O00000O10000O101O0O1000000OGbPN2^o1McPN3^o1LbPN4^o1KcPN5^o1KaPN5`o1J`PN6_o1K`PN6`o1J`PN6`o150M300O1N23M1O4L0010O1O010O00001O010O011OO04M1N1O001O01O01O010O0O10001N1OUhhd0
20140309170314Mh_15,PeXQ21\P<2eoCOeo19O1O1O3L2O1O1O1O1O2O1O10N11N3N000000XOnPN`0So1^OnPNb0Yo1O002M3MTZil1
20140322200714Mh_1,cTmm21lSR33okoL3M101N101O0O2O001O001O0O1000000O010000000O010O100O1O100O1O1N101O100O100O10000O010000000001N102N001N101O0000000O10000O10000000O10O0100O1O0010O010O01O001O1O0100O010O1N100O11O000O010O1000O10O101N100O110N11OO11OO02OJ601N110O0010O01OO100O100O11OO02OO11O0O110N011O0000001O00000001O001O1000001O001O0O2O001O01O0001O00001O000O100000000O100O1O100O100O100O010O1O010O100O01000O010000000O100000000000O01000000000O2O000000000000000000O2O000000000O10000O10000001O0000001O00000000O100O10000O100O10O100OO2O2M3N\j`?
20140322200714Mh_2,gPkl11mQd12nm]N4N1N1O1O1O1O2N100O010O010OO1001O01O010O1O10O1O1001O0000VWNCQb1=l]NFTb1:h]NJXb16b]N0^b10`]N1ab1N_]N3ab1M^]N4bb1M]]N3cb1M]]N1fb1NX]N3ib1NV]N1lb1OQ]N2Pc1Ol\N4Uc1Lg\N7Zc1Hb\N<^c1E`\N;cc1EZ\N;gc1FX\N9jc1GU\N8mc1Io[N8Sd1Gl[N9Vd1Gi[N9Xd1Ff[N;]d1D`[N=ad1D][N<ed1CY[N=kd1BR[N?od1BoZN=Te1BkZN>Xe1AgZN>Ze1CdZN<`e1C_ZN<be1F\ZN8ge1HWZN8ke1HTZN7me1JRZN5Pf1JPZN6Qf1JmYN7Sf1JkYN7Uf1JhYN8Xf1IfYN8Zf1I_YN=af1EWYNa0if1_OTYNd0mf1[ORYNd0Pg1_OnWNNgMb0_j1BfWN[1[h1eNdWNZ1_h1fN_WNY1ch1hN[WNV1ih1hNWWNW1kh1iNTWNU1oh1jNPWNV1Si1gNnVN8UNCUk13fVN7\NCPk14[VN`0fj1@VUNb0lj1^ORUNc0oj1]OPUNb0Sk1]OhTNe0[k1\OaTNe0bk1ZO\TNf0gk1ZOTTNh0nk1YOoSNh0Sl1WOlSNi0Vl1XOfSNh0]l1YO_SNf0el1ZOXSNc0nl1]OoRN<Zm1GbRN8am1I[RN8gm1JSRN8om1i04N3L5H8F:JYllj1
20140322200714Mh_3,ZcPU11QQR20inoM7M100N110O0000010O000000010O0010O01O01O01000O010O10O10O10O1000000000O1000000O1N2O10000001O1O00001YPNHdo1:1O001O02N100O101N1000000O1O001O01O0000010O001O001O1O002N1O2N001O00O1000O100000O10000O10O01000001O0000010O0001O01O000010O010O000100O0010O1O010O100O1000O10O01O01O10O01000000001O010O2N1N01O100O101M2O1N2LUPN1fZa_2
20140322200714Mh_4,XZee26go15N2M2O0O2O0O101N2O0O1000001O00010O01O2N1O01O00000O1000000000O1O0001N2O1O1O1O10001N10001O0001O1O01O01O1O2N10O01O000000O010O1O100N1M4M3N20O0010O01O10O1O0O1N200O1O3NA^QNC`n1:eQNHXn16lQNHTn17nQNIQn16SRNFPn18m0N3C_PN6XfhT1
20140322200714Mh_5,g\W]14ko13N2gPN0]n12_QN3`n1M^QN4bn1NZQN4fn1MWQN5in1a0000O2O001N2O2N3M2N00001N100O1001O01O0O101O000000001O001O01O01O01O01O00000O02O000000000O2O000000000O2O2M101O0O2N100001N10000O101O0O20O010O01O0000001O001J7G9Lfb\]2
20140322200714Mh_6,SflU32mo13M3N002O0O010O1O010O1O010O100O100O010O1O10O01O0001O01O0100O00100O1O10O002O0O0100O110N2N1O10O010O1O001O1O100O0101O0O1000000001N100000000001O000001O100O1O0010O1002M02M101N3M2MjWcd0
20140322200714Mh_7,mcV[11_Pl01]oUO2O1O1O001000O10O100000O0100O10000000001OO1010O001O000010O01O010O001O1O01O010O1O10O0101OO10O10O0010O100O0011O0000001O00000000O1O2N1N4MlZe_2
20140322200714Mh_8,^P[W21lo14N2M2N3O0O101N2O0O2O0O1O2O1O2M101O000000000O0100O1O010O1O10O0100001O0000000000000O010000N200O6K0O1O010O01O01O01O10O01O010O0010O01O01O0000010O1O01000O100O100O2O0O010000O100O10O0100O2O0O2O001N0100N10001N20O01O10O0001O10000O1000O01O00100001O001O000O2O0000001O0001AaPN;bo101N101M2NhPS`1
20140322200714Mh_9,cbh_21RQ`02on_OOgo16L4M4N2N010L4O1L4O2N1N205J2O00001O100N2O00000010PO_QNHMc0cn1ChQN<Xn1DjQN:Vn1EkQN<Tn1CnQN<Rn1CPRN<Pn1DQRN;Pn1CRRN<om1BTRN<ln1J5Ln[_]1
20140322200714Mh_10,^Z]m11XPT11domN6L1O001O1O0000001O00001O100O001O0010O1O001O0000000000000001O000000001O001O0000O1000000010O010O01O01O01O0000000002N00101N1O00000001O011N1O4L1O1O1O001O001N2O0O10001NddXl1
20140322200714Mh_11,lQae16ko11O2N1dQNKjl17QSNLil1<QSNGol1=dRNL]m15[RN1gm1S15J7E9I6I5H:I`m`Y2
20140322200714Mh_12,^cZV11mPj00mnWO6N100O10O01O01O000O11O0O110O001O0001O01O1000O1O0010O100O1000000000O10000M300O10000001O00000010O0000100O02N102N1O0100O3N1Jn[od2
20140322200714Mh_13,RZg?1]Qd07Sn]O<I6TQNXOXn1l0dQNXOWn1[1M2O1N3N1N3O001N2N2O1O2M2O2M2O1O3M1O2N2N1O10bNkRN1Um1IQSN5Rm1GPSN9Vm1@kRN?Xm1]OiRNb0Ym1\OhRNd0\m1VOfRNj0Xn100O2N2O2N2N1O1N2N3N1N2N2O1O1O3J5KWc`\3
20140322200714Mh_14,mjfU16io13N1N2O1O0dPNGPo1:oPNIon17oPNKQo1b001O1O2N001O1O01O01O0O1O1000FXQN[Ojn1c0:00O2M5K4GWU_h2
20140322200714Mh_15,mQ_e13m1<ck1GXTN>gk1DTTN`0kk1AQTNb0ok1@lSN7jNFVm19kSN0al16YSNNfl16mRN7Pm1KgRN<[m1S16J6I4YOVRNQOnm1g0XRNWOkm1`0Q1I7I]m^Y2
20140322200714Mh_16,UbV_21_Pb00fP^O1bm13ZRN1am12]RN1am10]RN3bm1M]RN5am1L]RN5cm1LZRN7dm1KZRN6em1LZRN5em1LVRN8jm1HSRN:om1FoQN;Rn1FjQN<Xn1CgQN=Zn1e0O100O1O000000O2N2M3N1010O010O1O00O11ORO_QN>`n1@hQN:Yn1DjQN:Vn1EkQN<Tn1CnQN=Rn1BPRN<Pn1CRRN<nm1CTRN<mm1BURN<kn1L3M5Jn[]]1
20140403081714Th_1,ZaZe2:do15L2O2M2O100001N103M4L00O1O2N1O2N20O20O1N0002N0000001O001O00O10O2O01O00010O1O1O1O00100O1O3N:E011O003L10000O02M3N3M2M2O1O1N4M2N0O100001O000001N101N101O01O0000000O10O1001O1O0O02OO10O001O010O2N10O010O11N010O10000O20N01O010001O1O0100O00001000O1O1O4L21OO00O03N2O1N1ON2N2_OgPN7do1LoXWR1
20140403081714Th_2,dWWb21]W^24hhaM0Yo1>N2O10O010O1O10OO0100O01O1O100O1010O00001N1O101N10000O10O01O1F9M4L4N1010O011N1000000001O01O001O1N10001O0O1O1O1O10O01O1O1O1000O1O2N1N2K5N2O1O10O00O1O2O00O02O0100O1O2N2N1N2O0OI8M200001100SObNWSN^1fl1nNQSNS1nl1TOjRNm0Vm1n001OO00O010^OdMaSN^2Rl1^MnSNS3Ql1oLoSNP3Pl1RMPTNm2Pl1TMPTNk2Pl1VMPTNj2ok1VMRTNi2ok1WMRTNh2lk1ZMTTNe2mk1\MQTNc2Ql1]MnSNc2Rl1^MjSNd2Wl1?3N2N2ZN]SNOcl1OcSNM\l13gSNMWl12nSNJRl16QTNbNDl0[l1?`TN^Oak1a0aTN^O_k1a0eTN\O[k1<VUN\Oij1?iUNROZj1l0^20O1O1O0N200O100O10O10001N2N1O3K4N4L2O2N01O2N1O000000M3N200O2O2O0N3N1MQgRQ1
20140403081714Th_3,^VSR31dTP22YkQN1O1N1O101O0O2N1O1N2O1O1O1O0100O101N100O1O100O0100N101N2N2O10O2O0O2O0011O0O000001N0100O01O100O0100N2N3N1O010O1O001O1O2N1N3N2N2N1O2OO01O0010OO11O000010O00001N2N2N1O2N1O1N2O0M21011N010O1O11OO1O10000O10O1O1ON3N200M3M30O1O11OO0101M1100N2O1N3M2N3N2N2M3I6O2O0O2N2O1N2K5O1N3N3Leh\c0
20140403081714Th_4,d]Yh01mo14N000O2O0O101O000000000000000O2O000000001O00001O000000010O0000010O000001O00000000000000000O01000O01000O001000O01O0001O1N10001N01100N1001OO11O001N1100OO200O0010O010O1O001O0O2O010N10100O010O10O10O0100O00100O01O010O010O10O10O0010OO110O001000O010000O2O00000000001O00001N101O0000001O00000O2O00000000010O01O002N001O00001O001N101O000O100O1000O10O1000000O10000O100O10O100O010000O00100O001O010O10O010O01O1O01O0100OO2O1O0O1O2N2O001O0100O0100000O2O0000000000001N1000000000000O10O10O01N2O1O001O01000O0100O100O1O100O1O100O1O01J51O1O1N2O2N3M2N2NldPg2
20140403081714Th_5,ScfQ31UQR15enoN2O1N2N2M2JCePN`0Zo14O2N1O3OOO1O2N1N2O101N1O101001OO1O110N1O001N2O001O1O01N1O2OO02N1N2O10O11N2O1N010000O1000001O0O101N3O1M5L2N2N4N7F0010001O`0A00020O3MN20O0OJ`RNkMam1R2aRNmM`m1P2cRNnM`m1m1=I7L5gNdQNe0mn1N3CSQNBPo1=;OfXkg0
20140403081714Th_6,mXkW24jo14EKePN9Vo1<J5O12M7ZOfPN8bo1O00O100CEUQN;hn1IPQNL2:mn1LXQN4en1O[QNOcn16\QNJcn18ZQNIfn18XQNIhn1f01O2N2O2N001OO2O000000000OO2O02O3M3N01O2N00L4L4N1NO1H71O20O2BWQNEkn17`0N3K8IYihd1
20140403081714Th_7,Pb\f13no10000O0010O5K1O0O2O1O1O1O001O10O011OO01O1O001O1O000010O0001O01O01O01O01O01O01O01O01O010O01O010O01O01O0001O01O00000O11O00001O001O00000010O002O0O2N00001O01O00001O1O0O2O00000N2001N101O001O00001O00001O0000001O1O4M1N1O4L1O001O01N2O2N1O100O01UQN]OXn1b0iQN_OWn1`0iQNBVn1<kQNDUn1;kQNFVn18jQNJUn15lQNKTn12nQNOPn12PRNOnm13RRNMmm14RRNLnm14RRNMnm12SRNNlm12URNMlm12URNNlm1OURN1nn1O1000O1O011OO010O010O000001O1N1000001N10001O000001O00001O1G]PN3do1J_PN5fo10000000000000000000O100O100O010O010O1O0010O10O01O010OJIdPN7]o1IcPN6]o1M`PN3ao152N1O1O1O100Nc[ol1
20140403081714Th_8,]gbj04io16J4M4L4L4L4L4M3N5KVO`QN6\n1GmQN8]m1@`RN877Xm19jRNGVm16PSNGPm16VSNFil19[SNEel19^SNFcl16aSNIal11dSNNXn1O3LgWQT3
20140403081714Th_9,onZS31YQ`02anA5K3L400O10010O001O0001N4M1O10N1O2L3O2J6M3N010O100O00OHYOZQNe0hn19001N2O1EUQNAln1==N1N3K5MfPgi0
20140403081714Th_10,WnjV17io12N1O10O\PNJ^o1>N1000000]RNBck1?WTNHgk19VTNGlk1:PTNFSl1;jSNEYl1;cSNGal17ZSNKil14RSNNQm14hRNN\m13XRN4lm1MlQN6Wn1h08G4M2G9G9L7JeP_g2
20140403081714Th_11,mTmo08fo12N2N1O1O0000010N11O1OI71O1N20000000L401O0010O0001O010OO1O11M1101N100O2OB@]QN?dn1DYQN<gn1EWQN;kn1FSQN:nn1FQQN9Po1GPQN8Ro1HmPN8To182M4M3M5L5K2LUmll2
20140403081714Th_12,YP_Z21nR:<]kGGfRN<_l1DnRN:`04]l1f0iRNiNb0b0bl1R1VSNQOhl1T1PSNQOnl1R20O2O2L3]OnRNSNSm1a1l0mNT1L3N2O3JmnTd1
20140403081714Th_13,ja^e11\P^13_ocN2N2O1N2O1O1O1O0100O2OO01O00001O00010O001O0001O01O01O01O01O0001O010O010O01O010O0010O00001O000000001O00001O01O01O000000001O02N0000000001O000NXPNLho14XPNLio13WPNMio13XPNMgo14XPNLho14201O0001O1O1O001O001O001O00001O0000001O102M001O2N1O2M1001O1O1O4L1O010O1M4Kl\QR2
20140403081714Th_14,mm^V11\P<3^oE5M1\PNG_o19`PNJ^o16bPNK]o1=O10000000001O1N2003M00O11ON2O^OgPN?1CSo1e00O2L3O1O4JeP_g2
20140410195814Mh_1,SV_g0118bo15O1O0O1O001N11OO1001O100O01O001M3M2M4N2L4N1N3L4K5^OfN\RN\1Tl1mNZTNl1ck1YNUTNl1jk1ZNiSNn1Vl1n0N2N1O1O2OL43L6L2OTO^TNYMbk1d2dTNZM\k1d2nTNQMUk1l2Q1N2M3M3N1^NlRN;Sm1ARSN>nl1_OWSN`0il1\O\SNd0dl1UOkSNa0mm1UO\QN3\o1LfkTU3
20140410195814Mh_2,[Zkg03lo13M2M201N2N1000000O10O1O010O1000000000000000O10000O10O010O01000O100O10000000O100000O1000000000VNLhSN4Ul12hSNNek1j0UTNWOjk1n0QTNROnk1T1gSNbNZO;nl1V1dSNRO[l1Q1aSNPO`l1W200001O000oM[SNh0fl1ROcSNk0]l1ROjSNj0Ul1UOPTNh0Pl1VOUTNf0kk1YO]TNa0ck1^ObTN=^k1CeTN9\k1GgTNO`k12bTNHbk17dTNB]k1>S2N20O0100O010O010000O1001O0000000001O00000000000O1000000O10O010O10O1000O101N1O2O1N3LUiPQ3
20140410195814Mh_3,[Pc`11lP`12PoaN3N1N3N100O100O1O0100O1000000O11O01O00000000O021N2N000O1O1O1M3O2N:F2N101N1O1O1O2O1O0002M3mNYQNg0So1OO1N4L101O1000UOWQN<Zo1NO10O02N2O0O100O011OO11N010O100O100O0100O001O1O1O1000O001N2O1N2N2O0O2N10000004K4M1N1O0O2N3M3MgjbW2
20140410195814Mh_4,oQkc11gPf04Ro[O6L4L1010N2M11J8M3N2O0007I1N100O02N1O1O101OO010000O100O101OO0100O010O01O1O1O1O1O0100O1O1N1O2N3M1O1O100002VOVQN9Yo100O1N2M5JcjhW2
20140410195814Mh_5,[Xic13mo11N3N001O001O01O01ZOIaQN7_n1IQQNO<8cn1O\QN1dn1O[QN1en10ZQN0fn11YQN0fn10ZQN0fn10ZQN0fn11YQN0fn10ZQN0gn1NZQN3en1M[QN4en1K[QN6gn1FZQN;fn1C[QN=Uo10O00010O00001O0010O01O02O0O001O0001O00O10O100000O01000O01000O10O1000O0100000000O100000000000000000000000000O10O10O10O10O001O01000O010000O1000000000000000000O010O100O10O0100O100O1O1M3N3O1NjghT2
20140410195814Mh_6,oWWb11ZP^11cocN3M3N1O1O000010O0010O01O10O01O001O01O00001O1O1O10O0001O001O00001O001O00100O01O1O00010O0000O100000O1000O10O1000O010000O010000000000O100000000000O10O10000000000000000O10O010O010O01O10O010O100000000O100000000000000O010O100O1O100O1K5O2O1NignT2
20140410195814Mh_7,SQkb11nPn05knSO4L2N1N3M3N<E2O0O2O000O2N2N1O2OO2N2oNXQNf0Vo1LO2M5L20010OO>C1O0O01O1O101N10O010000O10000O100O1000O010O001O1O1O10O010O1O1N2O1M3N2O0O1001O2\OmPN6_o1O2N001M5KcjhW2
20140410195814Mh_8,\bng11\PV14]okN4M3N1N2N2O0000000O100001N101O0O1O1O1O100O1000\PNGdo1911N1O1O00010O001N1M300O1001O001O2M4M00000000000001N10001O001O010O01O1O1O002N010O0100O001O1O2^PNB_o1`0O1O0000001O00O10000000000001O000000000001N2JcPNF`o15o\mP2
20140420195854Bh_1,WT[R21fQf01Vn[O3M3N10000O100O0010O1000000O01N2N2O2M2O100O10O10O01O010O1000O01O001O0010O10OO2O0000N200000O010J7N2OO2I7N3N5I]k`i1
20140420195854Bh_2,WePV11ePT12TomN7L3M2N2O1O1O2N1N2O1N101O10O007I4M0O1O2N101N1001O1N1O10O0000001O0000O1000000001O0010O0010O010O1O100O010000O1O010O10O1O00001O001O0010O100O10O01O10O01001O000O1O10O0100O010O01O001O01O1O2M4KdXob2
20140420195854Bh_3,fblc21ePf07Qo[O4M2O1O1O2N101N1O002O00001O1N3N0002O01OO00005K3M1O1O1O0O100O1O1001O010O001ePNDon1Q1F2M2O2N2M2O0001N3L8F5J>D`ZWX1
20140420195854Bh_4,aSke11VRV14TniN3mn1c0M2M2O1N2O00001O[Oe0O2N100000100O00010O010O010O010O0010O01O10O10O010O01O1O00101N100O001O000001O00001O0000001O1O010O1O1O0O3O00O01000O1O001O10O01O1O010O1O01O0100O0100O011O0O2O002N3LhkZS2
20140420195854Bh_5,WbnS38go12N11001N3K4M3O1OO3M2O010N10O010O10001OO101O1O001O0000001O1N0101O1mVNE^b1<^]NHab17_]NKab15[]NOdb11Z]N0gb1OY]N2gb1MY]N2ib1OU]N1mb11o\NNSc11S]NFRc19[61N2O3M2N1O2N1O2O0O102N1nUNWOhd1j0T[NYOld1k0nZNXOPe1k0lZNVOVe1j0hZNXOWe1h0hZNXO_e1d0^ZN]Ofe1b0VZN^One1b0mYN_OVf1`0gYNAYf1?fYNBZf1?aYNCbf1=[YNDgf1=fXN4Zg1NaXN5`g1M[XN6mg1DnWN=Th1N]WN2lh1KoVN5Ui11`VNOfi10UVNOSj1OhUN1\j1O`UN1fj11UUNMPk13lTNLXk13gTNK]k14`TNJek16YTNHnk15mSNLZl12]SN2jl1OmRN3Um1[14M1ZOfRNaN_m1Z1cRNeNbm1V1bRNeNdm1U1i0I;E9H8FeXQf0
20140420195854Bh_6,kWUk14ko12O0O10000000O11O0O1000000000O10O100000O100000O0100000000O10000O0100000000O100O0100000000O10O1000000O1000000O1O100O1O010O1O1O00010O01000O001LDcPN<^o12010O001O0N3O010O0010O0010O010O1O3JXiVo1
20140420195854Bh_7,QYW]22mo12O0O100O2O0000000000000000001O0O1000000O100O100O1000000000001O00O100000000000000O1000000O10000O1O1O00100O1O100000O1O1O101O00001N2O1O1O00001O01O001O100O2N00000000O10O100000O1000O10001O01N10O100001O100O01O00100O001N1IYPN5jo1M3Nofj[1
20140420195854Bh_8,U\oZ21aP85YoI2M5]PNGVo1j0F6K3M4K4O1N1OlNhQN`0Zn1]OlQN>Xn1\OQRN=on1JZblc1
20140420195854Bh_9,Pe^P21nPZ12nngN3IL]PN5bo16N3M01O010O1O1O2N101N10000O10000000O100000O010O010O0100O00100O0010O0100000000O100000O011N100O100010O010O00010O010O1000000O100O0100000O10O010O001O1000O011O1O0O100001O0000100N10O11O01N101N1O2O1O02M5J4IXYig1
20140420195854Bh_10,VVk\31lSd06kk]O4M3N2M3cPN_OT10jl1U1aRNTO[m1Q1XRNYOem1c1M3N2M2SNcMVVN^2ii1eMTVN]2li1cMQVNb2li1_MRVNn0dN;Wk1lNPVNa0YO>bj1UOSVN;B=\j1UOSVN<G<\j1nNoUNe0K:ek1FbTN4]k1LkTNN[i1A`VN?=Joh1JdVN;`0Jih1LhVN:a0Hgh1NiVN8b0Jeh1NhVN8d0Ieh1OfVN6h0Kbh10cVN6k0Jch11`VN5m0Ifh16WVN1S1Igh19PVN0X1Gkh1;hUNO]1Gmh1>]UNLh1Fmh1a0SUNJQ2FPi1?hTNL[2ESi1S1oVNmNRi1o0VWNhNQi1T1R3Jb0]O4Lcgn?
20140420195854Bh_11,SWei21\Xl12^gUN5L4N000O101O00O10000O1O1O01O01O10N01100N200O1O3K3N3L4M2N2N2N1O101O1EoNfQNQ1Yn1ROeQNo0[n1ROcQNn0^n1RObQNm0an176I@oNTRNP1lm1ROQRNo0Pn1SOmQNm0Tn1UOhQNm0Yn1SOfQNn0Yn1=ODnQNkNRn1S1=M311DXQN^Oin1?>K5O1005J4E:J5N1N3N1OO2O1N1O2OO100N3M11O002O1N1N2O1O10O011N11O0100O3M1YNiNdTNZ1Yk1iNdTNZ1Pj1bNhUN55]1ki1ATUNQOP1`1ii1HPUNiNT1c1ii12UVNOki11TVN0li12RVNNoi13oUNMRj14mUNIVj18hUNG\j19_UNFgj1=eTNPN2c1gk1=WTNBil1@USN`0ol1V13N1O2hNQSNZORm13eRNC;7Zm1L\RNL<6Zm1MYRNM>4[m1?gRN^O\m1LURN6b0H^m1IVRN`0Ro1200O01O2N6F9J\dnl0
20140420195854Bh_12,`oPf12lo14M1N3N1J6M3O1O0O101O0010O01OOO0111O1O00000000001M200O10000O1M21000001O100000O10O10O10O010O001O01O0O1010O001O1000O010O001O01O00O1001O01O100O100000000O11O0O101O0001O0O1O1O10000O2O000001O0O1000001N10001O2N1O001O0000HgPNIYo16:O00001O001O1N^RgR2
20140420195854Bh_13,gUog01_W\2:ogeM:D<I6J5L3N2O100001O0N110M1O2N1O2N2M3DYQN]Oin1a0;101O100O2O00011N0000N02N0OON5D<M4N010100O1O1O1O1N3N3M2N3N1M3N2N1O1N001O00200O1O0O2O1N2N100000O1O100O010O1O100O1O101O1N2N2O0N2O2M3O1N11N100M301N1O2O001O1O1O1O1O1N2N2O1O1O1O100O2N1ODOlPNOkn1>RQNAmn1g0O104L2O2N01I700OO2KN6O100O2000OO20O01O10001N1O2O0O0011O0O02O000O1O2N2N2L4M4MlhTl2
20140420195854Bh_14,WZYW25io14ZPNL\o1=O0010O0O2N201;D1O0O101O0010O4M0O000O1O1O001@hPN8Xo1DkPN<]o10N1001O00001N102N2N1O000001O000000000001O001O1O0O2O1N^d\e1
20140420195854Bh_15,P_[a11cPP23XoQN2ZPNL]o1=bPNBWo1?hPNCWo1>gPNCYo1c0O0jPN]Onn1e0PQN]Oon1k0O101N1O002N2N10O6K0O1O1O100O3M001O00000000000001O0000000000HmPNCSo1<nPNDSo1:nPNFRo1:nPNFSo18nPNHSo17mPNIVo14jPNLVo14jPNMUo13kPNMVo12jPNNVo12iPNOWo11iPNOVo12jPNNVo12jPNMWo12jPNNVo12iPNNXo13gPNMXo1>0000001O0001O0001O01O00000001O0010O1003M0O1@cPN<ao1O0000001O001O1O0010O001O0001O01O00000O2O0O1O2N2jPN_OH0Po1c0VQN@in1b0UQN_Ojn1c0SQN@ln1`0TQN@kn1k0000000000000000000001O1N3N1O2N1O3L3N1O1O2M2N1O2N20O00100O00001O0001O000O2O0000000000000000001N10001O00001N101Ob^`R2
20140420195854Bh_16,WZWW24jo13N3[PNKZo1?O010OO2O1O2O1:E1N101O0O20O2O2N0O0O1O101N1O8KN2M1O0000O1O2N2O1NEEUQN9Zo1N1010N101\PNI]o17bPNK]o16bPNK]o15cPNL]o13cPNM]o12ePNL\o14801O1000O2YPNIbo1;0O2OO01000]PNNXo1;2L6M0O2N26bPNBnn1`0kPNFSo1e011oPNUOgn1Z1H2O1N100O00O1nNdQN?_n1YOiQNc0Po1J:FYblc1
20140420195854Bh_17,ej^l01^P:3[oG7K5L2M3N2N1N4MYOPQN?Yo1018F1O10N2O2N4K6K2O1N0100O10O1O4KoScQ3
20140420195854Bh_18,kSkh11oS\21nkeM2O1O000O10001O000O1000000000O01000000O10O10O1M3O10O01000O100000O100O1001N2O2N00000000000000000O10O10O10O100O100O1O010O1N2O010O1O010O001N101O0001O001N10001O0010O001M201O001O0N020O02OO2O10O0100OHiPNHXo17kPNEUo1;17001O010O100O1O100N2O100O2JSP:KUPF4M7J0O101N10000O10000000O01000O1O10O010O001O1O1O1O1000O01000O0010O0100O010O001O010O01O0000001OO1O1000O1O1O1O1010N2H9M3M3L[k^i1
20140420195854Bh_19,UjbU39fo1O011N1002O2M104K3M2N1oPNA`n1a0\QNK[n16aQN1[n1m0NnNhQN;Zn1@iQN`0]n1WOeQNj0in1O10O11OO010N3K4O2L5kIjNZ]NW1cb1oNh\NHVKY1Ph1UOc\NF[KHKX1Xh1^O\\NE_KDNZ1Xh1]OW\NJfKi0Xh1ZOP\NNgKi0Zh1YOm[NNjKi0Yh1[Oj[NMmKl0Th1ZOl[NJQLm0Rh1^Oh[NEYLl0ng1^Of[NI[Li0og1_Od[NJ]LQ1dg1UOl[NFRMo0mf1\Om[NF_Mh0df1BZ[N\OkL?Z1a0af1FT[N?XNIhf1FkZNb0bNDcf1NeZN?mN_Oaf17WZN9A[O]f1>hYN62YOYf1e0\YN1a0VOVf1i0UYN0j0UOTf1i0lXN3V1ROPf1l0dXN1a1ROme1Q1\XNLj1ROle1Q1XXNKo1SOle1Q1RXNJV2TOhe1R1RXNGZ2WOee1P1PXNFa2YOae1o0hWNJl2VOae1l0XWN4\3oN^e1m0RWN4a3PO^e1Z2bZNhM_e1V2_ZNlMde1P2^ZNoMee1\1gVNcNg3Lhe1[1eVNeNh3Mhe1Y1lZNfNYe1R1Q5J9D9GgXQf0
20140420195854Bh_20,m\cj055LVo1g0I7K3M01O3O1NO2O0O2O1OO001N2K4L6OO102O011M2O1O3M6J7H1NO1G8MO4I8N3N111O0002O0O2M2O2M4M2M4M2N101N1N2N1O0O201N2N2O1O0O101O0O1000O2N001O1O2N100O101O0O2O001N2N2N2M2O2O0O110OO1N2O2M2O2O1O1N2O001O1O001N2O1N3M2O2N1N4Kfo53XPJ4]OOQQN3kn13RQNMln1b02M2002N0M3N210OO101O0010O010O01O1O1N200O100O100N20000O100O1O1O2O0O1N3N01N1O1010001O1N2O1L4K4N2N1O2ZOoN\RNR1ik1XOQUNNPOj0ok1_OgTNMXOd0Ql1D[TN2A;Sl1IRTN3GO]l1Z25O0O1O0O3O0N2ZO[SNPNil1n1]SNlMdl1a0SSNh0am1SOhRNh0Ym1VOXSNG\m18W1O1O1O1N2N4Hhmfi2
20140514195854Bh_1,gVQX38eo14N1O1O00000O1O200N2O1N3N1O1000000000001O1O0O2N1O0010000O10001O2M101O0O1N1M22N2O010O01FPOcQNQ1\n1=L10O010O1O2N100N20O01000O0O2O0OOM05O2O1N2N2H9L4M3M3E=IRk\c0
20140514195854Bh_2,cafa21`PR13[ooN2N2N2O1N2O1O1N3N101N1O100O10O00001O001O0000O11OO1000001O011N1O02O2M1O1O10O00102M101N2O0O1O10O010000002O0O0O2O00O010O1O1O010O0000O1N2N200001O10O7J001O0O001O1O1O2N3M^\QX1
20140514195854Bh_3,Tb\e01bPh01doWO2\o12`PN1^o190000O1OO2M201001O1O010O00O1000000O10000O2O00100001O1O001N1000O02O6I3N1N105K100N6K6J1N1O1O01O001O2N4K3M2M5QOWQN?[o1IQ\YV3
20140514195854Bh_4,j[ST31gPh05noWONYn15fQNMWn16gQNLSn19mQNGRn1:mQNHQn18PRNIom18oQNIQn18mQNIRn19lQNHTn19jQNHVn18hQNJXn19bQNK]n1m00O010O1O1O2O3L1O101OO1O01O1N10N0101O01OM4O1O2N100O2N100O1O1O100O1O0O2O1N3L202M2N3N^chg0
20140514195854Bh_5,kXUV11S40cg16ZXNNdg13ZXNNfg12WXN1jg1OUXN1lg12oWNNRh16iWNJYh16bWNN_h14[WNNgh13UWNOkh11SWN0oh10nVN2Si1OhVN3Zi1OaVN2bi1MZVN5hi1MTVN3Pj1MjUN4]j1I_UN8fj1HTUN9oj1HlTN9Wk1JaTN9bk1GZTN9hk1GVTN:lk1DTTN;Pl1CQTN:Rl1EPTN8Ql1JnSN3Vl1MgSN4Yl11`SN0al10\SN3fl1LUSN6nl1KkRN7Ym1N]RN3fm1S11M5F:L4L3M4K6B=I8IodTg2
20140514195854Bh_6,[cnS28go14L3O1O1O3N00010N1O1O002M2O23L1O19FN101O2O0O10002N3M3OO1N100N2O22M001N2N1OO1020OiPNDgn1m0ON1O0O1O3L3L4K5M3KXYkh1
20140514195854Bh_7,d_]V21Vn13WSN9cl1KYSN8el1JYSN8gl1HWSN9il1JTSN6ml1JRSN6Pm1KlRN5Vm1LTRNE1OL`0Qn19oQNORn1n00010O1O0N2O1O02K4O2ChQNoN[n1P1gQNmN[n1R1;I6N10M40O0O2N2O1N1O3N1O2O2L3N2O1O01N1O1O1O1001N2N2O1N1O100001O001O100002M8H2Nlafe1
20140514195854Bh_8,YSoV31cSn00XlSO7J4M3N1O1N200N01N2001N2O2L3O100O0101O0001O001O1N1O1O1O100O1000004K3N1O000O0O2K41O1N2L31O2GjNeQN[1Un1:N1O2O00O1O1O1O1O1N1O2N11A`N]RN`1bm1gNXRNY1gm1`0OO1L5O1O10NO1L410O2O1L5VOhQNH\n16lQN]O\n1?f0K5EUlTc0
20140514195854Bh_9,[a\Q21QQP1<anQO3N1O2N1O100O2OO0110O2N1N3N:F0000O2M2L6H5O2N111O025IO2N2N3O0O1100O1OO1O001N3N23L1O10ePN_OSo1h00O1O1O10001O1N4M3O01L110O1O130MO2N2N0001N210jPNAfn1m01O0N1N3N2M3M3M3L4L6ITYih1
20140514195854Bh_10,h`ZY21ZP<1iPD2cm12URN4im1NURN3km1ORRN2nm10PRN0Pn12mQNNTn14hQNNXn17aQNJan18ZQNKfn1g01O001O001O001O1N3N2M2O1M3N7J0N4M4KX^cd1
20140514195854Bh_11,Qh\i03jo15M3N2O0O3OO0O10O1O0O20O0100100N2O1O0002N10O001N3L4LXWmT3
20140514195854Bh_12,inVk2122fo16N2O001O0100O10O010O01N2O000000O100O01000O010O001N2O001N101N1O1O100O1M3N12O0N3L4N3M3M3JSRoQ1
20140514195854Bh_13,cRaT21lQl02QnUO1N2O0O101O1N10000O2O00O0100O100O001O10OO11O0000000001OO10000000O10001N1O01O011O00O1O001N2000000001O00001O001O1M3O1O2N1NRmhf1
20140514195854Bh_14,g\iU141Mho19L1O1O1YLDjWN=Qh1GPXN:mg1GUXN7kg1JUXN5kg1LUXN2lg1OSXN1ng14kWNLWh15fWNLZh15bWNM`h14[WNNgh12VWNOlh12PWN0Pi11mVN1Ti10fVN3]i1M^VN6ci1KYVN5ki1LPVN5Tj1KfUN6`j1H\UN9hj1GTUN9Pk1HjTN9Zk1HaTN9ak1HZTN9hk1GWTN9kk1FTTN9Pl1DQTN:Ql1GPTN6Rl1InSN6Ul1JiSN5Xl12_SNOcl10ZSN2hl1NSSN5ol1LkRN5Ym1O]RN3fm1S12L3H:L5K3M4J7C=H8GPeTg2
20140514195854Bh_15,ajlU25?Ogn16SQN1hn1e0O2N2O1O1O02N1O0O01O01O;E3M1O1O0001O0001O002N2MdT_h1
20140516234034Lh_1,icRW21cPf07To[O3M5L7I3M3O0005J1O1O100O0002N01O00O1N2N2N2N2N2MYOUQN?jn1^OZQNa0dn1]O`QNc0on1O1O001010O02OO1N4M010O011N101O1N01O001N1N3L4L4L3McYod1
20140516234034Lh_2,YX_k11oTR12mjoN1N2N3M101N2O1N2N2N2O1O100O2N0O11O0O100O110OO2O001O00000O100O02O0001O1O1O101N001O0O1001L3O1N30O10OgM\OXUNc0hj1_OVUN`0kj1BTUN<nj1FnTN8Uk1KgTN4[k10^TN1ek13STN0nk13nRNl0Tm1n02O1N2N3N2M3L4L5K4L6fNaRNJdm12dgRo1
20140516234034Lh_3,oa\[11RQl12hnUN6L3M4M4K2O1O1O01O01O00O10001O000100000001OO110O00O110N200O0001OO11N0100O100010N0101OO11N10001O005K0001OO01O01O01N10002N001N10001O00001O0O2O0010O01O10O1O010O1O1O1O3N0O1O010O001O00O100O101O3M00100O1O0010O003M2RQNZO^n1i0\QN[Ocn1T1L1O3N1N102M101N2OfNPRNd0Pn1ZOURNd0im1\O[RNb0cm1^O`RNa0_m1^OcRNa0]m1]OeRNe0Xm1ZOjRNg0Um1XOlRNh0Tm1VOoRNk0Pm1QOSSNo0Pn1O2O001O0O2N2O0O1O0100000O11O00O2O001N0001M201N1000O4YOoPN8`o1L3LXYSY2
20140516234034Lh_4,jhnm28fo18J1O010O1N6J6J5K2M3J5M3N5K6K3M3M4L4L2O5J4LmMXSNS1dl1mNbSNQ1[l1lNSTNl0jk1QO\TNP1ak1mNcTNV1Rm18HO2N2O1N3N2M3M5K1O0O2O01O2N0001O3M4K7I6JmTQo0
20140516234034Lh_5,XXak23lo12N100O1O1O100O100O010O10000O0010O1O010O010O1O010O10O0100O010O010O01O1O001OO100010O0000000000O1000O01O100000000O2N2MRihP1
20140516234034Lh_6,RcX]13jo15M3M7J2M3N1N1010O001O0O101O000010O011N11O01O00O20O001O001O000001O000000O100001OO10O0101O0O2O0O106K00OO02OO00000000O2O1O2M1000001O001O00001N101O100O000100O1O1O1O1O1O1O100O1O01O000O10O10O5L100O001O001O1O000000000O10O10O001N2N1O3M2L_[_[2
20140516234034Lh_7,_amS19fo12N1O1O1O1O010O2O0O1O1N2N10O1O1O1O01O100M3N3OO2N2L3O2O01O0100O101O1N010O001O00010O00O1O2N100O0100O2O101N2OO0000000000O20O0O100000O10O01O100O0101N100010O001O1O10O10O010O001O1O1Nm``f2
20140516234034Lh_8,]^_R11iST17ZlkNLRo1h0L200O3J5O0000A_QN@an1=b00O020O010O1O000O2N01N2N20O010N2M4N2OO1O2K5N1010O10O100O2O1N010O000010O00010N1O1O100O10O10002N2N100O0000000O20O000O10O1000O0100O10O10O02O001O010OO200O100O010O001O1O1N4Lj``f2
20140516234034Lh_9,TRkP25go17L3N2N100O01O000O10O1O100001N2O1N101N101N1021N01OO1O2N00100O1O1O00000[SNCgi1=WVNFfi1<XVNGfi1:YVNGgi1=RVNEPj1<gUNJZj16dUNL[j15cUNL^j14`UNM`j14_UNLbj14]UNKdj16ZUNKgj16VUNKlj15QUNLPk15lTNLVk16aTNOak13[TNMhk15STNLok14nSNLWl12YSN;nl1CmRN>^m1k03N3K5^Oe0E8K6F;I8FclRk1
20140516234034Lh_10,TZ]g25jo11O00001O1N2O1N2O1O1N10O0O11O100O2OO1O01O101O0O2M1K6O01O1O001M2JlPNAVo1<8N1O2O10O10010OO3N2MkgjU1
20140516234034Lh_11,[X_j01nQ>5jmC3M4L2O2OO0000O1O001O01O100100N1N3ZOAiQNa0Wn1@cQNc0^n1?1N1O1O1O2K5J7M3M2O1M3N2O2L3OWglR3
20140516234034Lh_12,hRUn21jQn02RnSO2O1N1O100O10O0100000O010000O1O010O01O001O01O01O01O000001OO11O00O10100L310O100O10O0001O0000010O10O000000001OO10O10O2OO00100O2O1N3N2M3Mmldl0
20140516234034Lh_13,jhnm2=ao14N00001O2N5J6I5L2N2J5M4M4M5K3M4L4L3M3N4K5KlMWSNV1el1iNbSNU1[l1iNjSNEYOZ1il1nN]TNS1bk1fNdTNg1dl101N101N201N21N13J11O0O1O2N0000O2N1O4M7J3N1N2N1N3M104K2N102M4K4JUT[n0
20140519195834Ch_1,mPSQ31bQV14WnkN6K2N1O1O1O1O1O001000000O1000001O00000O10O1000000000O100000O1O001O001O2O00000001eTNATg1>iXNGVg18_XN6_g1J^XN<_g1D^XNb0`g1_O[XNQ1Xg1]OWXNh0gg1ZOTXNh0mg1ZOnWNh0Sh1YOjWNg0Xh1ZOdWNh0^h1XO]WNk0dh1VOXWNl0kh1SOPWNP1Qi1SOjVNn0Vi1UOeVNm0\i1SOaVNn0ai1RO\VNo0gi1POnUNX1Uj1mN[UN\1gj1m12M3N2N3M2M4L4L4L4L4L3D?H8I5J6H7K6H9IQ1kN^kfh0
20140519195834Ch_2,TPU?7ho12N1O2O001O1N2N1O2O1O101O1N100O2OO2O1OO2O1O10O3L7J1N1000O013L4M1O002O2L4NO2M7H2O1O22N0O0O101O000O1001O0O2O2M3L7IjmX]3
20140519195834Ch_3,]XSg01`QV10]nkN3M10100O100O1O001O001O0O10O101O0O10001O010001N1000O11O0001O01O01O010O00010O01O1O4M0O0010O01O1O00001O000001N2O1O0001N10000001O0O100O2N010O01O001O101N101N2O1N1O10O1O010O2O00N101O1O1O0O2N2M201N10GUQN^Okn1`0;01N2O1N3K5LZgTQ3
20140519195834Ch_4,Vin?1XPl03doUO2N0]PNLZo15ePNK[o16dPNJ\o1=0N3O0000010O10O010O010O001O0010O01O001O0101O3M0000O0010O11O00001N10O1000O0100O10O010000O1O1O1O10O10O1O10O01O002N1NZUW[3
20140519195834Ch_5,[][j26jo11N2N10000001O1OO010M210O10O01O100O2M101N2O010000001N1O100O00001O01O00000001O1O001O1N101N2O0N2N3M201O01000O010O1N2O1N101N3L3N2L10O201O10O01O101OO1N2N3O00O10001L4O1K6K4N3M3M2O2M2O2M3L6GYejo0
20140519195834Ch_6,[eld23ko13L4M2O1O100O100000000O20O0010O2O1N1O2O000O10O1O10O11O0O1000O10O5L0O2N1O001O1O0O4JWZ_X1
20140519195834Ch_7,\SSo11`Qj01[nWO3O2N10O1000O00100N2O001N200O1O1O10000000000O010O1O0100O2O001OO1000O100O0100O10O00010O010O001O00100O1O001OO101O0001O000O11O000001O0000001N3N1O[lbk1
20140519195834Ch_8,[gTc21WPn04doSO2M110O1O101N010O00002N1O0000O1N2O0010000000000O10001O1O00000000000001O00010O1O001O10O01O0010O03bPNDRo1f000O10O002N1O010O101N001O001O001N101N2N3MhWaW1
20140519195834Ch_9,\ePV34jo13M2O2N1O000N2O1O101O10000O100001O002O1O000000000O1O1O2O00dPNFPo1<mPNFRo1;mPNFRo1=jPNEUo1c011O00O2N1OZQN[ORn1e0lQN]OTn1b0kQN_OUn1b0iQN_OWn1a0hQN@Yn1`0dQNB^n1>_QNCdn1<XQNFjn1g01O101N1O2N1O1O1O1O2N1O1O1O002M2N5K2N2N_Yke0
20140519195834Ch_10,oYYf01`Q>3XnC9RRNLck19YTNLbk1:ZTNH^k1BRSNn07SOf0?ok1_2M4N20000N11O001O1O2N1mNfSN\Nbl1^1T1L5SOdQNMhn1F\QN7fn1G^QN4hn1G^QN1RclW3
20140519195834Ch_11,fjdT12lo13M3N2O001O001O000O100000000O100010O000O01000000001N10000O101O000O1O1000000M4N_Ukh2
20140519195834Ch_12,Pj`b12mo13N00O]PNNZo13dPNO[o11ePN0Zo11ePNO[o12dPNO[o12dPNN\o13cPNM^o12bPNN`o11_PNObo170000O1O10000000000000000O02O0O1O1O10O10000O10000001O3M1O001NlUiZ2
20140519195834Ch_13,a`Sn17eo15O1N101O000000000O10000O100O100gN_ORSNb0nl1_OQSNa0nl1@RSN`0ol1_OQSNa0ol1_OPSNb0Pm1^OPSNb0Pm1^OoRNc0Qm1]OmRNe0Sm1ZOmRNg0Rm1ZOlRNh0Sm1YOlRNh0Tm1XOkRNi0Um1WOjRNj0Wm1TOiRNm0Sn12O100O100O1000000O1000000O10000O100O1000000O2O00001N100000O010000O0010O00010O10O10O1000O1O010O100O100O100O1O1O2O2N1O0O1O1O1M3000000001O000000O100O10001O0O100000000O10O10O100O100O00100O010O001N1O2O0010O1O100O1O100O2O0O100O100O10000kNXRN1jm1MZRN0fm1O_RNMam12dRNI_m14dRNJgm1F`RN1RONc_^h1
20140519195834Ch_14,U[ec11oo12M10001O00001N101O00001O0HJfPN6Yo1LfPN4Yo1NfPN2Zo1OePN1[o10dPN0[o1;00O100O10000O10O0100O10O001O1O001O100O001O0O2O0010O010O0010O0101N101O0O100O01O1000O1001O0O1O100001O01N10000000000000O1000O01O001O0OO2K401000N20001N1O1O1O1PO@aRN`0\m1G_RN9am1MZRN3fm10WRN0jm14oQNNRn14jQNMWn1n00OI]NWRN^1Yn1L2M4L5J5J7J4M4L5Fk02XO3N1O2M3N4[OC`QN?_n1@bQN?Po1N2M2IKNkPN2To15dPNM\o1;J7N2O1O1N100N3AROjQNo0Un1UOhQNk0Xn1WOfQNi0Yn1ZOdQNg0\n1?O01O1O001O1O1O1N2O1N2N1N3@XQNGhn18\QNEen19^QNFgn12^QNJgn11mh^R2
20140519195834Ch_15,bo^d1?`n1ITRN=gm1IoQN>om1FmQN<Sn1EiQN?Xn1^OiQNc0Xn1oNjQN12Q1cn12L_OeQNFXn18oQNEom1;TRNDkm1<YRN@gm1>m01N11FQRaZ2
20140520200054Bh_1,dW]R21SSj04clWO7M2N10000O01O010O10O100O01000O01O010O10O10O010O0100O100O1O1O100O001O001O1O001O00O100O01[O^OlQNc0Sn1EdQN=Un1j0K5M30O001O2N1N2O1M3N3N3K5TO^QN6[o1HVglh1
20140520200054Bh_2,nRo\21mQn02kmSO7M2N1O2O0000001O000O01000O1O1O1O10O0100O00100O0000O2O0000010O10O001O010O1O001O010O000O1O2O0O200O01O0010O0001O1M201OO01O2O01O0100O001O1O001O1N3M2O1O5HelZ]1
20140520200054Bh_3,gmPQ21mQf08hm[O3M2N2O10OO2O000O2[ODcQN?Zn1d0N3O1O2O1O4L2O2M11000`0[NaQNf0on10NO20O4L20N10001OO00100O000000O2O1N4M2N3L3L202M3L3N2MjnTk1
20140520200054Bh_4,V^_n0=ao13mNC_RN?kl1`0kRN@Tm1g0fRNZOWm1l0cRNVO[m1o0aRNRO]m1i1A?K6M2M101K5N1101AfSNUM]l1U2Q10000N2010O00^OaRNfN_m1W1hRNdNYm1Y1h0O1M3K6E:O2M3N2N1N3O1O1N2O010000O0100O01O010O010O010O001O0001O000010O1O0100O0010O1000000000001OO10000000001O01O001O00001O000000O01000001O01O001O10O10O1O10O00010O00001O01O00010O00010O1O010O01O010O00000001O000O10O01O00010O01O010O01O100O00001ON201N10O2O1O1N3Ndfjg2
20140520200054Bh_5,b]QQ36ho14K5I7M2N3N10O010O010O3M3M2N3M1O101N1O01O0000001O000000000O101O0000000O2N1O100O10O01O100O1O1O1O1O1O1O1N2O001O1O01OO1010O01N110O1O10O010O01N1O2H7O2O0000001O0O10O0101O0OO2O10O101O001N1001O000000O00001000O10000O2O1O1O1O1O101N2N2N2N1M4K5L6]ORQNJbcbg0
20140520200054Bh_6,Qd`l22mo12N2O1N101N2O1O2M2O100O0100O1O000100O1O1O100O2N1O01O001O001O1OkPN_Okn1b0RQNAnn1?oPNEon1g000O0001O01O1O001O00010O001O00012M000001O001O01OO2O010O001O10O010O10001N2O2N2M3N4K3N1O1N100O10001O1O1O2N1O00O10O01TOPRNFPn18TRNFlm15[RNIfm15\RNJem14]RNKcm13bRNIam13dRNGbm16V1M4KbZUm0
20140520200054Bh_7,c^oU21lQl11VnSN3do16O00O0100000000000000O101O00001O000O1000O100000O100000000O10000O01000O1O10000O01000O1000O1O000000O2N1N3N10010O1O100O01000O01O100O10O01000000O101O00001O000001O00001O0O100000O0O2N101O010O01O1O10O01000O0010O0K411O001O10O010O100O10001N100O101O000O1000000000001O0000001O001N1NbPNB^o1=4N1O4L103Kf`V_1
20140520200054Bh_8,VWQ_1119bo14N3M2O1O0O11O00O10000O01O1O1O1O1O1N2O1O2N100000000001O000000000001O1O2N00100O002KihZ^2
20140520200054Bh_9,nh`h01UPd05eo]O5K100N101O1O001O1O00001O001O010000O10O010O10O0001O00010O0001O1O1O1O0O10001O0O100O1O2O0M5L_VoS3
20140520200054Bh_10,fhdh02ko18I4M3N1O1O3N1O1O1O2N1OO4M2N0O10O1000O1O1O0100O010000O01000O0000010O01O01O001O001O1O000O101O00000O1O101N1L6L`VmS3
20140520200054Bh_11,Ynlc01gPZ15PogN7K2O1N3N0O2O10003L3N00O100O1000O01O100O1O7J2OOO100O101O00000O10O00100O001O10O00000001O100O002O1N3N2N0000O2N2N1O1O100O1001OO01000O0100O101N1O100O1O010O1O1O10O10O2O00000000O10O010O011OO1O1O3M3L:FandT3
20140526195834Ch_1,mffk21ePP24VoQN1N3N1O1O100O100O100O0012M100001N2O000O010O10O100O20OO101O01^PND^o1`0N1001O00O101N010O100000O102N1O01O00001O000O10000000O01O1O00100O01O010O1O10O01O1O2O01N10O001O101N1000O001O1O01O002N1O1O01O3M00010O00001O001O01O1O010O1O01O00000000O10O100000000O101O000O10000O2O0O10000O10O10000O01000O100O100O010O1O1O0O200N2O002L4M\Veh0
20140526195834Ch_2,WZYV22XWP31bhQM3O1M3O0N3O00100O00010O100O1O1O1O2N1O1O1N2O0O2O1N101M201O1O0000O2O0N2K320O1000000N2O0O11N1N3N3O1O0000O2O1O1N2O1N101N01000O10^OD`QN<bn1a0N0200N200O1O1O1O10OKTQNVOnn1i04O20O0O2O0O100N30OO110O000000100O0010O1O0O2O010O100O01O010O100O10O010O01O0100O00100O10O10O100O1000001O1N3N1N2O001O0O100O101O000O100O100O10O010O1O000O0100001OO2O0001O001O0O100O101O00O20N11OO11ON2001O010N10100N200N110O0000O10001O00001O0000O1010N010O1O2O00O0110N10O10O2O00010O0010O1O100O100O001O1O1O1O1N1010OO201M201M2O\dRX1
20140526195834Ch_3,\nXU11]P^11`ocN3N1N3M2O001O1O00001O0O100O2O0102N000O100O010O010O01O010O001O1O00001O001O000O1M3O10O100O1O1O10O1O100N2O1010O000[OjPN`0_o1L1O0010O01O1O1O0001O001O001O00001O010O001O010O10O01O1O001O000010O00000000010O000010O01O0000000000001O0000000HcPNM]o12fPNLZo14gPNJ[o14gPNKYo15:N101O`Pka2
20140526195834Ch_4,WX]Z13ao1`0L1O000O10O0H800001O0000O2N1O20O01O1000O100O1000001O1N1000001O0O010O01N101O01O0010O010O100O01O100O1O100000O10000O1000000000001O001O10ON4M2N2NghRa2
20140526195834Ch_5,\ZeS32mo12N101N1O100O1O10O01O10O10000O010000000O1000O10000O1O100O10000O100000O1O100000000010O0100O0100O010O010000O10O0001O001O1O2Mee^h0
20140526195834Ch_6,lSoo17eo17J4M100000O1O1O2N100O01O1O11N101O1O002N2O0O1001O00010O0010O00000001O010O000001000O0hUNKed16W[NOgd12W[N0id10U[N2jd1OT[N3kd1MV[N4id1MW[N2id1NW[N2hd10X[NOid11U[N0kd12Q[N0od11nZN1Re10kZN2Ue1OgZN3Ze1NcZN3]e10`ZN1_e12^ZN0`e12^ZNOae12[XN@^O`0Uh11WXNK_O2[h13RXNNCO[h13PXN0FL[h15lWNOJK]h15fWN1NI_h16^WN24Hah15YWNGjN]Ob020c0^i17SWNFHCG<di1;jVNFKDN0bi1h0`VNE0Cmj1h0mTNF7Aoj1k0]TNMe0VORk1W2^1L5L34N0OO1N2O0O2N1O1O4L=A7I4L4Le0ZOliZj1
20140526195834Ch_7,PfXV19co16M2N4L2N2N1O2N1O2N100O1O100O100O100O01O1CVQNBln1;ZQN@hn1<a0N1O10O01000O1000000K5O1O100O100O01O1N2000000001O00001O0001O001N1N2O2N11O001O002N10O0O02O1N4M1N101O0000O2O1N2O1N101N2O1M3N2O4J`ZYd2
20140526195834Ch_8,cXQS11\PV12aokN001O1O00001O001O0000000O100000000O100000000O10O1000O001O010O01001N100000001O01O010O010O1O1O1O01O01O00001O000000000000O11O000O1000000000O1000000O1001O00001O0000001O000000001N2O1OlfTf2
20140526195834Ch_9,ZRin11^QV1<RnkN4M2O0000O101N1O1O2OO010O1000O100O200O1O2O000O100010O0010O01O000000000001O01O010O0010O0101N00100O2O2O0O1O2N001O1N3M4M1N1oRNUOUN0]l1k0ZUNHaj17]UNKcj16ZUNMfj14WUNMjj13RUNOQk10lTNI_k17^TNGfk19XTNHjk18STNHok1:kSNIWl18dSNH`l19USNLPm16eRNN_m1W14M30000O0O2N1O2N2N002N?^O:I1N3[OoPN5_i^j1
20140526195834Ch_10,cXeQ34ko12M200O1O1O1000OO2L3N100100N3M2O01O2O001O100O00000OO2010O01O1O0100O100000O1N3L4Lbhhk0
20140526195834Ch_11,VSeg01fP<;hnEf0^O5L4L4M10lNfQNa0mn1O102M5L2N010O1O2N1O0O3N1N1O2N3Lgj`V3
20140526195834Ch_12,ahnc11TQn02mnQOO0Obo1=N1O1O00010O10O0000O10001O000000100O10000000001O00000000O1000O0001N1O2O10O10O00010O0010O2O0000001O01O10001N001O10O101N1O0100O0O2O1DbPN2[VoV2
20140526195834Ch_13,gXQ]11lQf03nm[O4M1O0O2N2O0O1O1O200O011O001N2N1M201N1ON20001J6N2N1O2O101N10000000O100O100001N2O0O20O01O1M5MmfZ_2
20140629195814Mh_1,mToU34io13L5K301N2M3N2000DkPNMTo13QQNHPo17<O2O1O010O10O0100000000000O1O010000001O001O000100O10000O10O10O010000O01000O01O10O10O1O10O010O010O001O00010O000100O1O10000O001NSkZe0
20140629195814Mh_2,Z[aT22ko13L5L3L4N3M2N3TMDPVN>ni1FPVN;mi1IPVN9mi1MmUN6Rj1M\UN[OfNP1fk1H_UNn0\j1SOaUNo0_j1RO_UNP1`j1PO_UNS1`j1mN^UNV1`j1kN]UNW1cj1jNZUNX1fj1iNWUNY1ij1hNUUNZ1jj1gNSUN[1nj1fNlTN]1Uk1hN`TN^1`k1`12M2M3N2hN_TNPNbk1i1iTNRNXk1j1nTNSNSk1j1QUNRNRk1k1VUNmMlj1P2d1O1N1O2N1N3O001N1N3POSRNJnm15^RNZOim1d0j0O0N3O0O200001O10O010O000010OO0100O1O10000O1O2N1O10O11OO101N2O0O200N1O100O1O20N01000O100O110N010O2N1O101M2N2\O]OhQNg0Yn1`0O01O1N2N2M3N2O1O1N101O001O2O0O2O1N^L[OmWNb0Sh1CiWN=Wh1KbWN3^h1NbWN2^h10`WNOah12^WNMch13]WNMch14\WNLch15]WNKbh16^WNIbh18^WNHah19_WNFah1;_WNDbh1<^WNCch1=]WNCdh1<\WNBfh1?YWNAhh1?WWN@kh1`0TWN_Omh1b0RWN]OPi1d0nVN[OSi1f0lVNYOVi1g0iVNYOWi1g0hVNYOZi1g0dVNZO]i1e0bVN\O_i1c0aVN]O_i1c0`VN^O`i1b0`VN^O`i1c0^VN^Obi1b0]VN_Oci1b0[VN_Oei1a0ZVN@fi1a0YVN_Ogi1b0WVN_Oii1b0VVN]Oli1f0PVNZOQj1g0lUNYOVj1h0hUNXOZj1h0dUNWO_j1h0_UNXOcj1h0\UNXOej1i0YUNVOij1W1hTNjNYk1W1eTNiN]k1W1`TNjNck1U1ZTNlNfk1V1XTNjNik1X1STNiNnk1Y1kSNkNUl1X1dSNlN^l1Z24K3M3M4K4M3L4L4M2O3L7Ic0]O4K5J4N3L5J:DXlb_1
20140629195814Mh_3,gnlZ11SSR11iloN2M5M1N2N2M21O1O1O10O10OO2O0001O0O2N1O10O2O0K501O01O001O0O2O0010O0OO2O1O01O1O1O1O1O01O0000101O0O11O001O001OO2O0001O001O0O100N200N2O01O2N2O1O1O100O2O0O101KjPU_2
20140629195814Mh_4,[n^c28fo13N2O4K2O001O000001O0O2O1O001N10O1O100O1O02OGAQQN?nn1CQQN<nn1GPQN9Po1GQQN9on1FPQN;Po1FoPN;Po1FoPN;Qo1DoPN<So162N0011M2O2O0O1O01O1CmPNNSo13mPNLTo1?1DnPNIUo13nPNIVo12`0LcRaY1
20140629195814Mh_5,]Zao03lo12N2O0O101N2N2O0O2N1O1O1O1O010000GfPNLYo14iPNKWo14jPNLUo14lPNLSo15nPNJQo16PQNJon16TQNHkn18WQNGgn1;=1010N2M4H_f`n2
20140629195814Mh_6,^\Sc0>_o14M7K2M100O1^KBaYN>le1c0fYN_OUf1k0eYNVOWf1o0hYNQOSf1T1lYNlNae1j1\ZNVN[e1W2bZNhMZe1`2dZN^MZe1g2dZNXMUe1Q3iZNoLTe1V3jZNjLTe1\3gZNeLXe1`3dZN`L[e1i3]ZNVLde1Z1RXN>S2WNne1g0WXN`N1a2g1WNUf10_YNe16ZN_f1AmYNS2A[N[i1d1\VNaNZj1m0^TNkN1=dk1o24L5K8I>A3M3M3L4M3L5K4L5M4K3N1N3N1M4K7E=G7J6HmdhY3
20140707023654Uh_1,_lfg26bo19M4L2O1O00100O1O1O1O1O2N1N1010N1O10O10001O0001O1O2N10N1O1O1SOVOdRNj0Zm1@^RN`0am1F[RN:dm1LVRN4jm1Q1WMUN]WNl1dh1UNZWNk1fh1XNWWNh1jh1YNTWNe1oh1\NnVNc1Ui1^NhVN`1\i1aNbVN\1ci1dN[VN[1fi1gNSVN[1Qj1fNiUNZ1[j1hNaUNk0nj1WOPUN>\k1DaTN;ak1G[TN8ik1ITTN5Pl1LmSN4Ul1OeSN2_l11ZSNOil16nRNKTm17hRNH[m1^12N2M3M4J5K6I5A>G:K4LVXST1
20140707023654Uh_2,dPY`0<bo13O1O2N1O6L6J0O0002N1O0002N3M2M3N0O2N010O0101O0000O0108G10O010O0100O0010O01O100O0000O10001O010O0O1O2O0O100O1O10O100000001O01O002N1N2O1O1N1O1001O001O4L1O000001O0001O010O002N3M000000O100O100000O10000000O1000O100O1O1O10O010O01N2O1M3N1N3N100O00100O2N2N3M\njW3
20140707023654Uh_3,SYiR11cPh05SoYO5O102M3N2N01O0001O10N010O1O01000O1O0100fQNDnl1=QSNCPm1=oRNCQm1=PSNCPm1=oRNDPm1<QSNCol1>PSNCol1>PSNAQm1a0lRN@Sm1c0iRN_OXm1a0gRN^O[m1c0cRN^O]m1b0bRN^O_m1a0`RNA_m1`0`RN@`m1a0]RNAcm1?[RNDdm1<ZRNEim1:TRNHlm18kQN1Vn1l01N2O1N1O3J4M5L3M2O2M3N3M3M2N7GSenh2
20140707023654Uh_4,oi^^21ePZ14UogN7I3M4M5K1N20001000O5L0O01O0001O001O01O10O1OO1001N101O1N2O0O2O0O101O0O01000O0010O010O01O010O01O01O01O01O010O0010O0000001O00001O0000001O0000000000O10O0100O01O1O101O0O1000000001N100000O1O0100O001O0O3N2M2NoSkY1
20140707023654Uh_5,cgdm21cPf03Xo[O<E3M11O00O011OO100O10gPNDnn1;QQNHmn18RQNInn17PQNKPo15PQNLon1c0O100000O10O10000000101N01O0O1O1N101O2O2N1N4OSQNZO\n1g0`QNCZn1T1N0O10O1O1N3L5L6H>C9ETU_n0
20140707023654Uh_6,`gn\21mPn06hnSO5L4M2N20000O01000O02N100O101N1O1O2O000000O100O100O00100O100O1O1O0001O01O10O100000O10000O10001O00000000010O0000O10O101O100O200O20N0O4L1O2N1O001EdPNOio1M]W_]1
20140707023654Uh_7,]XoV34io15K5M3N2O0O3M3M2L5M1L4M3L3N2N2L4I7M3O1O2N1O1O1O1N1N1NVO_RN]O`m1a0hRNZOWm1d0oRNWORm1i0RSNROPm1l0S1L5I7M3M3K8FUidf0
20140707023654Uh_8,Z[S_11fSX12UliN4L3N1O1O2N100O100O01O0001O1O0010O2O0O100O100O10O1O1O1O2M201N100O10O1N2M3O100O0001000O01O010O100O001O01N0100N2O1N2N2O100O10O1O1N1M3O20000O1OM4O1O0N3L4M4N101N101O100O000000O1O1O2B>K5M3M6IochY2
20140707023654Uh_9,ennl21^Qd05Zn]O3N1N2O1O1N2O1O1O0010N2O1N1O000002O0O2O1O00000000O2N10001O00010O100O0O20O0100O00001O010M4MSQao0
20140707023654Uh_10,\Zgc11eYT32WfmL1O3M100O2N100O1O2N1001O001O1O1O1O0000000O1O3Llok0OVPTO2O000001Ojo]14PPbN4M1O1O2N1O3M100000001O0O10O10O11O1O00000O100000000001N100O0100O1O100O100O10M4O0N2N2O1O000001O01O01O0010O10000O01O100M3N20NO3N11OO10000O0100oLE]VN=_i1I\VN:ci1IlSNCX2e0Xi1_O_TNm0T2FQi1R1kVNoNRi1V1kVNkNQi1\1lVNcNRi1a1lVN`NSi1a1lVN`NRi1b1mVN_NPi1d1oVN]NQi1c1oVN]Noh1d1QWN\Noh1f1oVNZNQi1g1oVNYNPi1l0_UNnN_16Ri1j0dUNPOX15Ui1j0dUNQOV16Ui11^UNE:4Q15Wi11cUNA89IB?c0mi10eUNB79FD`0`0ni1OkUN@3MAg0a0Nni1MUVN[ONOBi0=NPj1N]WN4cNNni1NdWN2]N0ni1NiWNOYN2ni1OkWNNWN3li1OPXNMSN4ni1NRXNLnM7Pj1MSXNKgM?Uj1FWXNJ`Mb0Yj1C[XNT1eg1lN]XNQ1dg1nN^XNo0eg1oN`XN_OTMP1^j1BkXN;Wg1BmXN:Ug1FlXN9Ug1FlXN9Ug1ElXN:Vg1EjXN;Wg1DjXN<Ug1DlXN:Ug1GlXNKYLLnj19jXNGbg1:R40O1O2O0N101O1N010000O0O3OO1O10001O01O00O0200N1N300I8Kmcnk1
20140707023654Uh_11,Z]eo25jo13M2N2O1N2O1O1O1N3N002N01OO2O000O1O3N0O2L3O1O1N2O1O10O2O0O2QOWQNe0So1O1O2M2M3N2L6E[PN2ZbPn0
20140707023654Uh_12,ST[b21YQb03hn]ONco1=J7J4K4N2M3O0O2N2N2N1N3NTObQNB69Xn13SRNKlm14XRNIhm17P1001O01O01O0100O01000O101N1O101N10010O100O1O1O2L[k`Z1
20140707023654Uh_13,c[gn11lRP17alQO<L3M3N2N101N0100O100O2O0O1N2M3O1001O00000000001O1O001O0000O2N101N2N2N2O00100O10O1O2N1O2N1O010O0O1O2OO1O00001000O2O001O1O000001DmPNIUo16:01O1N2N3Nlcjk1
20140707023654Uh_14,^hl]27fo15K4N2L3O1O100O100000O1O101N2O0O2O0O1O1000O100O100O3M10000iRN]OPk1d0nTNAnj1`0PUNBoj1?PUNCTNFgl1g0UUNLej14\UNN`j13aUNO\j1NeSN\Oo1h0Zj1KhSN\OP2i0Vj1LjSN[OP2j0Uj1KjSN\OS2h0Rj10oUN1oi1NUVN0ji1O[VNOci11^VNOai11`VN0^i10cVN1Zi10gVNOYi11iVNNVi11lVNOSi11nVNOQi11PWN0oh1ORWN1mh1OTWN1kh1OVWN1jh1OUWN2jh1NWWN2hh1MZWN2fh1O\WNObh12`WNL`h16aWNH_h18bWNG]h1;cWNC^h1>bWNA^h1`0`WN@bh1`0]WN@dh1?\WNAdh1>]WNBch1>\WNBfh1=ZWNBgh1>YWNBgh1>YWNAgh1`0XWNAhh1>YWNAgh1>ZWNCeh1N\TN0P32dh1LaTNMn27`h1LnWN4Rh1LoWN3Rh1LnWN4Sh1JnWN6ok1O01O00010O001N100000000010O00010O0001O00000000O01O10O0100O011O00000O101O0001O0O2O0000O100O010000O3LnSoY1
20140707023654Uh_15,[Ro^11TR<4cmE6L3M1O2M2O2N2M3M3M2000O11M110O0O10N2O010O0N2H:M3M3N3N4LXmj^2
20140707023654Uh_16,lo\[11bP::QoG=D6K2N2PRNROjl1P1oRNUOSm1k0jRNWOUm1X1[RNkNdm1i1O000O2O1O1O0O1000O1O0N3VN_RNQ1em1nNbRNe0em1ZO^RN?im1\OaRN8Vmjb2
20140707023654Uh_17,lfl[11iPf07[oYOJ[o1a0cPNCPo1i0L5L3N1O2N2O000010O0N2L4O2N2M2001O^OSQN1mn1b0O003L2OYOXQN7gn1G`QN4an1JbQN5`n1GbQN9bn1A_QN?Ro10O100O100000000O1O1O100O101M2N2N2N1O2O000000O1N5@UQNDnn1O\Xo_2
20140710020754Uh_1,UY[U27eo18L1N3N1O1N200O2000O10O0100N011N10O01000O10000002N1O000O10O100O1O10O1O00010O2OO101N10O1000QRN^O_l1a0_SNB`l1>^SNEbl1<[SNFel1;WSNGil1:USNFml1:RSNEol1;oRNGQm19nRNHRm18lRNJSm17jRNLVm14fRNO\m11`RN1am16SRNNom1o03N2M3L4M3N3L4L4K8I7I7HodVf1
20140710020754Uh_2,\gR_21SRd15em]N4M2O1M2N2N100DGQQN:on1;10O000001M20O100000000000O010N201O01J5N300O10000N3O00000O10O101O00001N2O1O2N2N2N1O0010O001O00001O1O1O10O02N101O1OO0100O1002NO2O1NmNVQNQ1ln11O4K2O1O1O1O000O2O00000O2O000O1O100000000O1000O100O100O10O01N2O2N2N2O1N101N101N101O00001N2O0D=M2O2O001N2O3LUWWW1
20140710020754Uh_3,]_]U11`Qj00]nWO3N2M3N1M3N2O1O1N20O001N101O1O1O010O0001O000000000O2N1N3M2O2OO2N2N110O10000O11O00O10000O100010O0000000O2N1001O000000000000001N3N2L8GQ`be2
20140710020754Uh_4,`_We21dSl11ilSN1mn18iPNNSo1a001N1000O2N2O1N1000000000000001O0000100000O00000O1001O000O10O010000O10000O010O1O1O1N200O00100O1O10O00100N101O1O1O1O10O00001O010O10O010O1O001O00010O000001O010O00000010O01O0001O010O0010OO2O010O001O01OO2OO2N010O0L501OO1000O11O0001OO01M3N2L4N11001N02N1N2O2N101N2M2O2M2O201M2N2L6J4Mg_RP1
20140710020754Uh_5,PVSR11cTh03SkYO9oNIPRN:nm1KhQN=Vn1EgQN=Yn1e0O101O0O1N00100O00AnQNROSn1l0`0O1O2LN22O2O10O0[OXOSRNj0nm1]OkQNb0Vn1d0O1N2O1O2O1N2O11N9H1N0ON210O@oQNQOTn1i0d0J5O1O3MUiXj2
20140710020754Uh_6,o]XW11mo17J7H5M3M1O2N<D3N5J20O22ON1N4MO1N22N1ON1N4N00O0lNdQNc0]n1ZOgQNe0Zn1XOjQNf0in1O1O100O2N2N2M1O2M5K5JZ`[f2
20140710020754Uh_7,gYe^21\UV20bjkM2N2N1N3N2N2N100O2N10000000000000O100000O10O10O1O10O1000O10O10O1000000000O1000O10O00000O2O00100O01O10O0001O1O0010O01O001O1O1J6N100N3M20100N110OFVQN_Okn1?YQN]Ohn1c0:O100001N1N3N2N101N10001O00010O1000O2N101N101N1O2O0000000O10N1O2N1O2N1O100N2N2K14O2O0O101N101O1N1O2O1O1O001OO100O02N100O10000001M02O11O000000001O0O0001000O11N11OOO21N2N2G900O2M5KQelT1
20140710020754Uh_8,j^dW16bo1;K4M6J3N1O4L2N1O2O0011OO0O2M3N1OoNdQN?\n1^OgQNa0Xn1^OkQN`0Vn1_OlQN`0ln1N00100O2N2M3N1M3N2M4MY`[f2
20140710020754Uh_9,ZY[i11cT`1;njaN5J5M5J4M4L3N2N2N2N1N2O1N^OeQNCYn1:oQNCPn1;VRNAim1=^RN_O`m1b0n00OO2O1O1O2O011O100000O01O100N2O0O20O01O00O0010OO11O1O01N20001O0100O10O10O2O0O10000O1000O100O10O10O01O010O01O00001N2N10100O0010O1N2N2O000001O1O001O1N1O110N00100O00100O0N3M3001N3M4K5J5L5M_eVn1
20140710020754Uh_10,\RWf21cQ82WnI4L5I6G_OnPNe0nn18N2N1NN10N23E;N2O2M4M103K[m\X1
20140828080414Th_1,^_X>2VSh2?nkYM>ASO_QNX1Zn1g0A2N2O3L2O2M2N2N101N0O3O4M3N0N;QSNUMRl1a3L1O1000O100O100O001000O1N114L000O1O0O1O2O0O2O0O101NVMbTNmN3_1Zk1AhTNjN5c1Qk1AhUN=Xj1AmUN=Rj1AQVN?ni1@SVN`0li1@UVNa0ji1^OXVNc0ei1\O^VNe0`i1ZObVNe0]i1ZOeVNg0Zi1WOiVNh0Wi1WOkVNh0Ti1XOmVNh0Si1VOoVNi0Ri1VOoVNi0Ri1UOQWNi0oh1WORWNi0Pi1SORWNm0Qi1nNPWNS1oh1lNSWNU1mh1hNTWNZ1kh1dNVWN]1lh1^NVWNd1bk1002N1O102N2M2N1O]N\RNl0bm1QOeRNn0Ym1nNPSNP1ml1nNYSNP1lm11O0000O101N01OO100O1O2OO200OO100O1O100O1O10O1O1O10O001O001O1O0O100001O0001O010O10O00001O1O1N2O000O2O0O1100001001lN\QNh0on1O0O1000001OO12N000O00001O02O0O10O1000O000100O0010O1000O100O1O1O1000O13L3M002N2N3MnTiS3
20140828080414Th_2,U^na21`QT11ankN0jo15N1M4M1O2N2N1O2M3N1N3M3N100O1O1O1000001O1O1O1000VOWQN<jn1\O^QNc0Qo1N02O1N3M2N20200N2OO0O2O6J011ON1O0O0N2RQNYObn1T1O3eRNiNgk1X1WTNjNik1V1TTNlNmk1V1oSNlNQl1U1lSNlNUl1S1jSNnNXl1R1bSNRO_l1S1ZSNmNgl1Z1QSNgNnl1[1oRNhNPm1Y1nRNiNRm1V1mRNkNUm1P28G4K2hN[RN3hm1IZRN6hm1POWRNa01>Yn1YOiQNe0Yn1XOiQNg0^n1RObQNn0^n1SO`QNn0`n1TO\QNn0cn1801O1O1N1O10cNcQNW1]n1hNfQNU1en1N2M3I8J9I5HQ]eW1
20140828080414Th_3,h]ea27ho14L101O0O101O1N100O2O0O101OO2O000O1000O100O100O1O1O1O1O1N2N2O001O00100O001O100O00100N2O001O0OO201OO2M300O100O1001O00O010O0010O000O1O2O1000O100001O00001O1O011N000000N20OO2O1O1O10OO20O01OO0100O1O10001N101N2O001O000100M3O00100N2N101L103OO10O1O20N0K5[OlN\RNY1em1a00N2O100O1N3M2O2M2I7L4N2M20N3K4O00O3OO02O01O01O0100O00O1M4OO010O1N2N1OO30M30O1O2O001M2O1OOM4M41ON21O010O00000OO11M3M3J6L3O2K401N20O001O0M22MGeQNoN_n1P1:OOO2N102O1N2K5N2L6L4HZiZQ1
20140828080414Th_4,iSY^31mPj0:`nWO9N0001N3N2O1O02M3N5L3_QNWOcm1l0TRNG`m1?VRNElm1W110O=C1O01032KO3M0O0jM]RNP2dm1nM^RNg093`m1\OYSN;Yn1M3M1O2N10O01O1O01O000001O00O100O1O1O1O1O100O0O2N101O1000O2N1O2N1O0O2N4JQin<
20140828080414Th_5,[n^Q11dQh06^nWOM`o1=cPN@So1k0L3N000O00000O0010000101M100O100O10001N10O001O0]OZOmQNg0Rn1]OjQNd0Vn1]OiQNb0Xn1@eQN`0Sn1[OhQN82=Tn1l00jNiQNd0Wn1c00O1N3N2^NdQN]1`n1N2001M0N31O002M3M5^OXQNDRo1NoPNH72co1OSPej2
20140828080414Th_6,Ulbm11eQZ21YngM1N1O100O1N2O1O10000O010O1O10O10000000O0101N10O0100O1O100O10000O010000O10000000O1000000O0100O1000000O1MJ\PN6bo15O10O0100O1O0O2N20O010IdPNI]o16dPNI\o17fPNHYo18hPNGYo19gPNGYo18hPNGYo196010000O010O0010O0100O010O01000O100000O2N10000O10000000000000O100000O010000O101N1000001O01O00010O001O0010O_PNIYo18ePNI\o17cPNJ_o14aPNK`o15_PNLao182O0010O010O100O10000O100O010O01O01O01O10O01O1O0001O01O1O00100O01O1O1O1O01O01ND_PN;ao1E_PN;\o18OBePN7\o160001O00000O1000O10001N2JcPNG]o17fPNH[o14;N2NeR[d1
20140828080414Th_7,R`bc19fo14L2N3N1M2O2L301O0N2O10001O01O10O001N201N10O0N101000010O`WN^Oba1a0^^NF[a1<e^NFXa1;g^NFYa1:f^NGZa19jYN[Ol2<[c19dYNIg2Nec1a0iXN9]3VOjc1g2R\NZMoc1i2l[NXMVd1m2`[NWMbd1P3T[NQMnd1P3oZNQMSe1m2mZNSMYe1f2dZN_M^e1]2^ZNiMbe1V2\ZNmMde10QXN9Y2Iee1^OeXNi0[12oe1ROjXNZ1d0Ibf1iNPYNd12Fof1eNRYNh1hNfMe0Q2ag1`NTYNk4Pg1SKSYNh4Rg1SKUYNf4Rg1SKZYNb4Vi1L6J6I5LT1mN3O^SNSMok1k2oSNXMQl1g2mSN\MTl1c2jSN`MWl1^2eSNgM\l1W2bSNZNQl1e1oSN]NQl1]1ZTN^Nhk1VOSTNf17VOUl1f0WTNQOlk1j0VTNVOik1i0XTNWOhk1g0YTNZOfk16cSNROo0d0_k12YUNJij1HdUN5Wm1M2L7IjVaW2
20140828080414Th_8,kT]k01]Ph10aoYN101N101N102N1O001O00001O001O000000000001O0000001O00000000010O002N0001O0000000000010O000010O00001O0001O0000001O00000000001O00001O2N1O001O10O0O2O001O000O10000O20O000001O0000O101O000000000001O00`PNFL0]o1?20001O00000001O1O010O00000000000O10000O101O00001O00000010O1\OfPN`0^o1O1O000O101O001N101N101O001O1O1O001O002Nkibi2
20140828080414Th_9,YcmU21cPd0:Po]O3_PNGWo1b0O2N1O10O0100O3M2O0N201O00000O10SOWQNc0in1]OWQNc0in1^OVQNb0jn1:0ZOUQN7kn1IUQN6mn1>1N100O200O2N1N4M1O1O5L1N0000000O1O101O0Om[df1
20140828080414Th_10,XlPR21lP`11QoaN2N1O1M3O10O10O010O01O0100O010O10O10O010O010O010O0100O1000000000O1O2N10000000000000O100O10O1000O100O1000001O000010O01O01O000010O101N10000O03M0100O10O100O3N0O100O2OO010O010O010O001O1O10O000001O010O1O00LHaPN7_o1IaPN8^o1HbPN8co100000010OHHhPN8Xo1IgPN7Yo1MdPN2]o1800001O00000O10000O101O00001K6M2NeR]d1
20140828080414Th_11,a\bc12XST11blmNf0\O3N4K2N1O2N011O000hWNTOZa1n0e^NZORa1h0m^N[Oo`1h0P_NYOn`1j0P_NWOQa1h0SZNnNm2:Rc1h0lYN\Og2Lac1k0mXN0^3UOhc1n2T\NSMnc1o2k[NTMWd1P3`[NSMad1U3U[NlLnd1S3P[NnLSe1o2mZNQMVe1l2hZNWMZe1d2cZNaM`e1[2]ZNjMde15nWN6Y2Ihe1HZXN`0c11Sf1TOfXN_1=Clf1jNnXNc10ESg1fNPYNP2]O]Ocg1bNRYNj4Qg1TKRYNf4Sg1VKTYNd4Rg1VKYYN_4Yi1K6J5J6JS1PO3M1N\SNYMPl1g2mSN\MSl1e2iSN^MXl1V31=D00O3XLQTNh12UO\l1f0gSN\OYl1a0gSNA[l1:eSNhNFc0fl1d0bSNK^l1DYSN_O6o0el1YOgSNQ1hm1M3nNfQN7Yo1I0003L3N5LN1M4M2O1O0O2O100O1000100O1O1010O00N2N3KRVSV2
20140828080414Th_12,_`n>3lRl2<clUM4K6K8@d0E>C4eRNSN\l1n2J101N3M1O2N101N101N2O0O4M004L1N1O2O0O2O0O101N2NXM_TNS1`k1iNZUNb0dj1]O`UNa0`j1[OjUN`0Tj1_OoUN`0Qj1^OSVNa0li1^OUVNb0ki1\OXVNe0ei1[O]VNf0ai1YO`VNg0_i1XOdVNh0[i1WOfVNi0Zi1VOhVNj0Vi1UOmVNj0Si1UOnVNj0Si1TOoVNl0Qi1SOPWNl0Vi1mNmVNR1Ti1kNnVNU1Qi1kNoVNU1Si1hNoVNY1oh1fNRWNZ1Pi1aNSWNb1dk12N100O1O2N103M2M100O\NWRNS1hm1gNeRNU1Xm1cNWSNY1im1N21M101O0O02N1N100O10000O2O0O1000O02O000O1O0100O00100O0001O00001O000000001O010O10O0001O01O1N101O0O101N2O001O101N101N11O>A101O1O2O1ON010O01O01O1000000O010O1O010O01O100001N10100N3N1N100O0102M1O20OO21O4K01N1O4L3M0O8I1O2N1O7IYPN0^o1;OIbPNJ_o13dPNMgo1O11N3N001bPN6cn1K\QN9`n1I\QN=an1c0M20000:F00O0010O01N102O02N7I1O2M100O010O1O010O01O010O1O0O01O001O1O2L4N2M2O3KfRoo2
20140828080414Th_13,mY]U11ZPf02bo[O4WPNJbo1;000O1O101N100O1000O01O0001O01O01O000000010O01O0000001O0000000010O00001O00O10O10000O001O10O00CKPQN6on1MlPN5Uo1LgPN6Zo171O2N2M4LkeZf2
20140828080414Th_14,m\Wb11fP`01VoA3M2M4\QNH]m18dRNH[m18aRNHTON[n1;_RNM`m14`RNK`m17^RNKbm15[RNMem14XRNOhm10URN4jm1KjQND2d0Un1FgQNJ3?Wn1FfQNg0[n1XOeQNg0]n1YOaQNh0bn192N3K3N4M1M4L4N3M5@hPNN`ad[2
20140828080414Th_15,WZSV15ko12N5LO100O100O2O000O10O01O0001O001O01O00000010O0001O0000001O000000UOLkQN4mm1O[QNMh04mm1OWRN1im10VRN0jm11URN0jm10VRNOkm11URNOkm11TRN0lm10TRN0mm1OSRN1mm1NZQNNd04Sn1NYQN0a03Vn1LZQN3=2Yn1KZQN4<0Zn1L[QN4:0\n1LZQN76N`n1K[QN701fn1HZQN:KOln1G]QNc0cn1]O_QN`0bn1@^QN?cn1A^QN=cn1C^QN;cn1D`QN8bn1Hk0O]fTf2
20140828080414Th_16,gf`Z33mo12M2O0O2N2N100N2H9O0O2O010OKlPN^OTo1b0lPNAQo1?oPNBQo1=nPNERo1d0100O0GmPNESo1:nPNFRo1:oPNEQo1;:010000O02N001O00010O0O100O2O01O001O00100O3NO1N2O1N3M2N2L4M3N2N2O2O1OO1M3M3N2N2O0000010O01O01O0000001000O1O1O00O1O101O001O0000000100O10O2N1O100O00100O2ZOgPN504^o1IfPN4do1N2M_Xo>
20140828080414Th_17,gZgi13mo11UPNNfo1600O1000000O010O2N101O0001O100O2N1O1O000O10O100000O100000001O00000000O1000000000000000000000000O010O10001O0O2OK[PNOdo11]PNOco11]PNObo12_PNMao12`PNN_o13aPNM^o14aPNM\o14gPNJZo14iPNKXo12leRR2
20140907195814Mh_1,V\kV13lo13L3N2kPNK\n1:YQNOdn1i0M4M2N3M7I7I2N010O01O0101O[NTRNV1km1fN]RNV1bm1gNcRNY1Un1N2N00O010O000001O001O001N101O001O00001O00001N10O0100O106I3N2M3M4M00000O10000O100O010O1O1O001O3M2Mh`hd2
20140907195814Mh_2,ScPV31fVR17lhoN8K4O1N102M2N1O100N2L3N3N2O1O100O101N001O0N2O00ZOaQNEgn1:?01O1O1O100O2O01O4L2N2TL_OVXNb0ig1BSXN?lg1CRXN=ng1FnWN<Qh1GlWN9Uh1IeWN:\h1G_WN<bh1E\WN<eh1B^VNGeN:LYOTk1c0[VNOaN4bk1LmUN2`N1ek1KjUNU1Wj1kNhUNU1Yj1jNgUNV1[j1iNdUNU1_j1lN_UNT1bj1lN^UNS1dj1kN\UNV1dj1jN[UNV1fj1jNZUNU1gj1lNWUNT1jj1mNhTNFPO]1[l1mNcTN]1^k1eNaTNY1ak1hN^TNV1ek1jNYTNV1hk1kNTTNV1ok1jNgSN\1]l1eN_SN\1bl1m05N3M2M2N3M3L4\Oi0F8G7\O_[Sd0
20140907195814Mh_3,^R_V38fo12O10001O1O011N1O1O1O110O2O000N1N30O1O3L1O10O00001N2O1O1N2`VN\Obc1f0V\N@jc1c0m[NCSd1=j[NFWd1:e[NG]d1a0X[NAkd1`0nZNBWe1<`ZNKde13WZNOoe1MoYN1Wf1NfYN1^f1N`YN0ff10WYN0kf12PYNMUg15eXNK]g15_XNMeg11WXN1lg1BSUNER3i0mg1BmWNBZMm0lj1_OeWNP1_h1PO]WNP1fh1POYWNn0jh1ROTWNn0nh1TO[UNDc0X1Tj1TOVUNHa0T1]j1VOlTNJ?U1hj1WO_TNIc0S1Pk10jTN2Yk1NdTN2`k1N\TN3fk1OVTNGIfNVl1W3=H8J6J6J<A:K5K5dNjQNf0ln1K4L4DkjPe0
20140907195814Mh_4,[cnW31XUh04cjYO2M1J62N1M0100O2O1SLHQXN9ng1NjWN4Uh1NiWN2Vh11hWNNYh15cWNL^h16_WNJbh18ZWNIgh17SWNNoh11oVN0Ri10QVNGdN8]k1OoUNLbN4ak1NlUN1bN0ck1NjUN5`NNhk1KhUNU1Yj1kNeUNV1\j1kNbUNT1aj1kN_UNT1bj1lN]UNT1dj1lN[UNU1ej1jN\UNU1ej1kNZUNU1gj1lNkTNFRO\1Ul1nNfTN_1]k1bNaTN]1ak1dN^TN[1dk1eN\TNX1gk1gNXTNX1kk1hNSTNX1nk1iNgSN_1[l1bNbSN]1bl1m03O3M2M2M4K6ZOeRN_Nam1\1f0I8I6\O^[Sd0
20140907195814Mh_5,`]a^21[Tb31`k_L5M2O1M201N101N100O1O10000O100O100O100O10000O100O1000O01000O100000O10000O100O1O1M201O1O000001O001O1O1000O0100O1000O100O01000O1000O10000O10O01N200O1O1000O01000OO2O1O1O1O101O1N101O00001O00002O0O2N10O001N1000001O000001O01O00000000000O101N1O100O10000O1O1000O010000O001O1O1O1O1O1M3BXObQNj0]n1YO_QNi0_n1=0O10O010O01O10O0100O10O0100O100O101N1AYQNDhn19\QNEfn14bQNH`n18d0O2O000010O00001O0000O100000000O2O001N2O00IKcPN4Yo11gPNOXo12hPNMXo14hPNLVo16kPNHVo18jPNHVo18810000O10000O2O0O5K2N100O1O100N2O001N1010O01O010O00010O01O1O0O2O1O0N3O1O1N2O10O01O100O0000000O20O0100O01000000O01000N200N2O100O10O10O100000O010000000O10O10O10O01O1N2H8O2Nfabl0
20140907195814Mh_6,cbe]23lo18H1O100O101N1O100O1O1O100N3O0O4L2O0O1O10000O1O1O100O10000O01000000000O1000O10000O1O100O100_ORQNOnn11TQNMmn13UQNKkn15UQNKkn15VQNIkn16WQNHjn18XQNEin1:?00O1O100000000O10000000O1O100O1O1O1O100O2O0O1000O0100O100O010O10000O100O010O100O1000O01000O010000O0100000O100N101O1N110O10O000010O01O0010000O01000O010000O100000O100000000O10000O1O1O2N1O101N10001N2N2N1O1O1O1O10000O100O101O0100O00001O00001N1000001O00000O10001O000O100O2N1N2000001O00O1000O10000O1O010O1O100N2N1O2N2G8N3O00100O010O010O0100O10000O010O1O2N1O1O1N200D=N1O2O0O100O1000000O10000O10000O1000001N101OEKkPN4To1OlPN0So11mPNNTo12lPNNSo13mPNLSo15mPNKSo16mPNHSo19mPNFTo1:90O2O00000O2N3M2O1N1O1O1O100O1O001O001O01O01000O00001O10O01O1O10O10O1O100O001N2O10O01O00000O2M201N20O100O010O100N2N200O1O1O10000O2O00000O1O10O01N200O1O010000O010O001O1O1O0O200O1O1M3O1O001O1O1000O0100O10O010OJcPNJ^o16bPNJ]o1760O001N200O0100000000O101LWT\6NQZ`=
20140907195814Mh_7,ml^[15ho14O0O2O001N10001O010O00O2O0O100000000O0100N1L4N3N01000000O10000O1010O001O000O010O010000L5N100000000O10000000000000001O01O01O01O010O010O01O010O01000O10000O010O0100O010000O100000000O100O10001N3LnT_^2
20140925195834Ch_1,`Xcn05eo1>H2M4M2N4L4M7H3O0O3L6K2N5K2N3L9G5K102O1N10000N3M3O2M9G4K4L7J3lWN^Ldc1h3P\N^Loc1e3k[N]LVd1e3g[N[L[d1g3`[NZL`d1h3[[NZLhd1g3S[NZLPe15PXNg2l2TMVe14PXNj2d2SM^e12oWNn2^2QMee1OoWNQ3W2RMke1LPXNQ3S2SMPf1IQXNT3k1RMWf1IoWN_3[1kLif1EnWNa3k0SMYg1[OnWNc3b0UMcg1WOnWNd38WMmg1SOPXNd3NZMUh1oNSXNg3@[Mli1nNXVN_4jj1I;E<D9G4K5M3L8G6K5I5M5K3N3M1N3O0N2O1O2N1000111O4]NbQN[1fn1J4I6I6L5J6ITaXl2
20140925195834Ch_2,giRR12mo12N2O1O0O3N2N1O4L2N1O1O2N1O00001O00O01000O10000O1O1O1O101O0000001O0000000000000000001O0001O00001O10O010O011OO10O1O1O0100O010O1O00100O00001O10O03N0O1O1O1O100O1O1O2N1O1N3N1O1N2O1O2N2N000O1000O0O2O1O100O1O1K5M3O10O1000001O000000001O001O001O1O001O001O1O010O01O01O01O100O100O2O1O3ROUQNa0Vo1N2O0O10O010O10O1O01O101O000O10O1000O001O00001O1O1O1O1O1O1O1O00100O1000000O10000O20OO01000000O20N1O1O1O1O2M4M1O2N1O1O2N3N0O1O1O001O000000000000001N101O1N1O2O001O001O002N001O10O002O00001N10002YNURNT1[n11O010O01001OO101N100O3M2O0O1O100O11OO102N1N1UOQQNd0Vo1O10O010000O2OO10O010O010O100O001O00000001O000O11O0001O000001O000000O100000000000000O1O10000O100O0100O010O103ZOiPN<`o1M3M2N2NiQSZ2
20140925195834Ch_3,jPma0;ao18J5L4L4^Ob0K4K6J6K5K5UOj0G7N3K4M4M4K5M3M2N2NeMaTN8]k1GgTN8Xk1FlTN8Sk1nNiUNR1Vj1hNPVNX1Pj1XNaVNg1`i1TNdVNm1\i1oMgVNR2dk10O000O101O10O100O1N10002TOQRNCPn1<QRNCPn1V16WOkQNYO[n1b0hQNYO^n1c0fQNYO]n1e0e0J3L4N2K[njZ3
20140925195834Ch_4,iiZ]21ZRb33am_L101N100O1O1O100O101OO10O1O10O01O010O1N101O100O100O1ZODgQN=Yn1FdQN9[n1KaQN7^n1f0O100O1O1000O1000001O00000O2N101O2M2N2O2N1O001N101O000O100001O0000010O1O010O00000001O00001O000O101O001O0000001O001NSQN\O`n1d0`QN]O_n1c0aQN]O`n1b0_QN@`n1`0`QN@`n1`0`QNA_n1?aQNA_n1`0`QNA_n1?aQNA_n1?aQNA_n1`0`QNA_n1?aQNA_n1?aQNB_n1>`QNB`n1>`QNBan1>^QNBbn1>^QNCan1>^QNBbn1?]QNAcn1`0]QN_Ocn1d0YQN^Ofn1n000000001O0100_OZQNFfn1:[QNEfn1:[QNFen19[QNGen19\QNFen1:[QNFdn1:]QNEdn1:\QNFdn1:]QNFcn19^QNFcn19]QNHbn18_QNGbn18^QNHbn17_QNJan15_QNKan15`QNL^n14bQNL^n14bQNM]n13cQNN]n11cQN0\n10dQN1\n1NdQN2]n1McQN3]n1McQN3^n1LbQN4^n1LaQN5_n1KaQN5`n1J`QN6`n1J`QN5an1L]QN4dn1L\QN4dn1MVQN8jn1>2O0000010O1O01O01O1O001YOQQN<on1BRQN>Po1_ORQN`0Wo101O00001O001O001O1O00001O1O0010O01O010O0010O10O0011N0010000O10O11N10O10O100O100O10O01O01O10O0001O1O00001N101O10O01O01O01O0010O000010O00000001N101O000010O0010O001O01O1O010O1O0001O001O010O10O01O1O01O02OO0100001O0000O1O1000O003M1O2M4KhQgm0
20140925195834Ch_5,ga[P23ko14M4AHoPN<bn12[QN2`n12]QN0an1i0N2O1N4L3M2O2O0O0010O001OOZOQRN]Oom1a0URN]Ojm1`0\RN]Odm1a0`RN^O_m1a0dRN]OXm1f0Q1M2O2H70101O001@dPN;^o1CcPN<`o1000O2N100100O0010O01O100000000O01000O001O1O0100O1O002N1N2L5N1O10001O00O2O1O0O2O001O000O0100O100O2O0O1O100O1O010O01O001N2O100O1O0O2M3O1O1O0010O01O0000000O2O1O1O1O2Mj`\h1
20140925195834Ch_6,hW]V21SST16]lmNLcPN9Wo1=K7K3M2N2M2N10_O_QN@cn1`0?O100O0O2OO101N2N2N2N102M2N2O1N3N1O1O2NUO_QN;^n1DeQNMhn13YQNJhn18YQNFfn1;TQN^O61J0mn1`0UQNFon1:RQNFmn1:TQNEln1;UQNDjn1<=O1O001O20OO100001O0000O1000O2O0001O00001N1O2000O10N200O1O1O0010O1000001ZPNGco1:100O2N001O10O11N1NdgRc1
20140925195834Ch_7,Ql^R21ZQf01cn[O2N1O1O1M201O1O00100O1O1O1O1O0O100010O01O00O10O0O11000010O010001N1000001O00ChPN2Xo1LkPN2Uo1NlPN2To1NlPN2To1OkPN2To1OjPN2Vo1NiPN3Xo1GnPN7^o1001O01O4KWSei1
20140925195834Ch_8,dXSh1141_Ql04VnUO1N20O01O1O0O101O1O00010O0001O000O11O10O01O0001O0O1001N11O00001N110O0010O001O01O000000O2N1O10000000O2O2M3HUgdS2
20140925195834Ch_9,YV]m11RSn24flSM7K9G7H4N1K6K5N1N2O2N0O2N1O1O2N2O0O1N3M2M4NYOXRNYOfm1f0_RNWO`m1i0dRNUO[m1j0fRNVOYm1j0iRNVOVm1i0lRNWORm1i0oRNWOQm1g0SSNWOml1h0VSNWOil1i0WSNWOhl1i0[SNUOel1j0]SNUOcl1k0]SNPOSOO^m1Q1hSNmNYl1S1gSNmNYl1S1gSNlNYl1U1Y10O100O100O100O1O01O1O1O10OO2O1O1N2N2O0O2O1O010O100000O0100001O00000000000000O010O1O01O0010IPQN]OPo1d0600O01000O1000O101O1N2O000O01000O010O100O100000O0100000O100000oRNYOij1f0XUNZOhj1f0WUN]Ofj1?^UNBbj1=^UNEaj1;_UNEaj1;^UNFbj1:^UNFbj1:]UNGbj1:^UNFbj1:^UNFbj1:^UNFbj1:]UNGcj18^UNHaj19_UNFbj1:^UNFbj1:]UNGcj19\UNHdj18[UNIej17[UNIej17ZUNIgj17YUNIfj17[UNIej17[UNHfj17[UNIej17[UNIdj17PUN]OcN;^l18mTN_OeN9^l18kTNAgN7^l17jTNCiN4^l1:iTNBiN3_l1:gTNDjN2`l1:cTNFnNO_l1<cTNEnNO_l1;bTNHnNN`l19bTNIlN1bl10WSNF[18mN2al1L\SNHV19oN2`l1LjTN1hN3]l1MjTNLnN0_l13cTNMWl13iSNLXl13gSNNZl12cSN0^l10aSN0`l10_SN0al10`SNOal11^SNOcl11]SNMel13[SNKgl15YSNJhl16a1000O01000_QNJXm16hRNJYm15fRNK[m15eRNK[m15eRNJ\m16dRNJ\m16W100000O0100000000O010O10N3O0O10000O2O001N101O000010O00001000O0100O1O1O1O001O1N2O1M3Oahja1
20140925195834Ch_10,RldZ21_Rj02\mWO2O2SNNhSN4Wl1OgSN1Xl10gSN0Zl10eSN0_l1MaSN3Vn1O10O010O100O1O1O100O010O0010O01O0000O1000O01001OO100O1000O11O01O01OO100O2O001N100CCUQN`0jn1;O110N11N200YOSQN9Po1DTTm`1
20140925195834Ch_11,]YQZ31_PT16WomN6K6L1O1N101O0001O1O0010O100O001O01O03NLjPN\OVo1d0iPN]OWo1f00001O000O100O2O000O2O001O2M2O010O00O10000O1O2N102N2O0O1O014K1O1O002N002M2O10O01O10O0100O0100O100O01O10O010000O0100O0100O2OO01O1O1O1MPeX?
20140925195834Ch_12,Wi``01eW`1;jgaN9I7]OZO_QNn0Zn1a0I;F7I6I5ZOf0J6K4L6K3N4K5^OTLhTNQ4Vk1>N2McMQUNMnj1OZUNOfj1JcUN4gj1mNoUNQ1Tj1cNUVN]1Wl1010O1O10O00O10001O0100O2M10002N0O3N3K6K4^OdQNXOan1e0aQNWOen1f0>3LN01OO2N2N3H8GPl=MbT@3Xo1=N1M3F8O01O2001[O_OmQNC3>jm16bRNF[m1?fRN_OXm1d0hRN[OWm1f0jRNYOUm1h0iRNZOVm1h0jRNYOTm1h0kRNYOUm1e0mRN[ORm1e0nRN[ORm1d0nRN[OTm1d0hRN@Zm1>gRNA[m1=fRNB[m1<iRNAYm1;oRN\OVm1b0U1K4101N2N3M1OLhPN@Yo1>50O2O01O0O101N101O000O1N2000001N3LUUmV3
20140925195834Ch_13,`^eh11aQd03Xn]O4L4N2N1O2M5L3N1N1O001O1O1O010O00100O00^OQQNL1LPo16SQNKOMon18b0O1O01O0O10001O00001O0O2O2N1O1O01N2O1O1O1M2N3O3LUahS2
20140925195834Ch_14,P[me01QRj03UnUO2Xo11ePN40Kmn1l0L4M6I;E4M3M2N2NiN[RN5dm1KgRNKXm1J[RNDc01@Ncm1<d101OO10010O001O001O10O001O1N10001O00001N110O0001O0O1O1000N2O110O1O1O2N1O1O0001O01O1O\dhU3
20140925195834Ch_15,VZQ^12no13M3M1O1O0000010O01O00010O001O00001O000001O00000000001O000O100O10O10O01O100O010O01O1O1OO2O000010O00O1001O00010OO110O00010O00O2O00010O1N110O0O10O11OO2O0O101O001N3M2Ojfh\2
20140925195834Ch_16,TXmi21ZWj31dhWL2M1O2N10000O100O10000O1O010O10000O1N20O01O1M2O2O1O1O2O000O100000O1O10000O1000000O01000O0010N0110O001O0N2001O001OO101O0O2O1M3OM3L4N1O01101O0O101O01O00N2J6O100000O2O1O010OO011O0N200N111O00000N12O00O000O11O1O1N2N1O3N11O0O0100000000N20000000K4O2O11O00001O01O01O0N3M3N2N1L5M3O1O001O0100O2O001O1O0000O100O1O1JL900100000001O1O0O101O001N2O2ISoe10QQZN2O01OaP81]oG1O1O010N1N2C>O1O10001O1O01O01O00001O101N1O0010O0100O0001O01O00010O00001O01O00O10000O1000001O000O20O00000000001O001O1O001O00101N1O2N1O0010000O1O1O2N010O1O1O100O001O00100O1O010O1O001O1O2N2M3MReb?
20140925195834Ch_17,Tll`22mo1100O2O1N1O1O101O0O100O100O10O01O010O001O1N200O100YOCjQN>Vn1DhQN<Wn1GgQN9Xn1L`QN7_n1f0O1O1000O01000000001O00001N101N2O1N3N1N4M001N101O000O2O000001O00001O1O0001O0000001O000000001O00001O0000TQNXO`n1h0`QNYO`n1e0`QN]O_n1c0aQN]O`n1b0`QN_O_n1a0aQN_O`n1`0`QN@`n1`0`QN@`n1`0aQN_O_n1a0aQN@^n1`0bQN@_n1?aQNA_n1?aQNB^n1?aQNA_n1?aQNB^n1>bQNB^n1?aQNA_n1?aQNB_n1=aQNC_n1=aQNC_n1>`QNBan1=_QND`n1<`QNDan1<^QNDbn1<^QNDbn1=]QNCbn1?^QN@bn1`0^QN@bn1a0\QNAcn1?]QNAcn1?]QNAcn1?]QNBcn1=]QNCcn1=]QNCcn1=]QNDcn1;^QNDcn1;]QNEcn1;^QNEbn1:^QNFcn19^QNFbn1:_QNFan19_QNGbn18_QNH`n18`QNHan18^QNHcn17^QNIan17_QNIan17`QNI`n16`QNJ`n15aQNL^n14bQNM]n13cQNN]n11cQN0\n10dQN0]n1OcQN2\n1NdQN3[n1MeQN3\n1LdQN4\n1LdQN4]n1LbQN4^n1LaQN4an1K_QN5an1K_QN5an1L]QN5cn1K]QN4dn1MVQNE0?jn1b01000010O1O010O00001YOUQN8jn1GWQN9jn1FVQN:jn1EWQN;jn1DVQN<kn1BVQN=ln1AUQN?Vo10001O001O1O0010O0001O1O00010O1O10O00010O00100O10O0100O011O000O01000O10000O010O10O00100O001O00001O00001N11O01O10O01O000010O00001O00001O00000010O00010O01O0001O010O1O100O00010O000000001O0L401N1OXRkn0
20141009195814Mh_1,h]a\1=`o16H6M2O1000O1O1O1O10O0O00101O0O1L4O2N1N3M3M2O1O1N2N2O11O0O1GeQNkN_n1c0g0N3O001000N1000000000N2O1N3N00010O11N020N011O000010O010O0100O010O010000O0001O1O1O0O2O0O2N10000000O100O100O001O0010O0010O00001O10001M201O0O10001O001O0010O0100O2O0O2N1OUfX\2
20141009195814Mh_2,Yj\U21^Pl12^oUN102N1O4L2O7H1O01000O0100O1O10O01O0000000O10O101OHePNMYo13gPNNXo11iPN1Vo1NkPN2To1NmPN2Ro1MPQN3JGRo16TQN6mn1IRQN8nn1GRQN:on1DQQN=on1CQQN=on1CQQN=on1DPQN<Qo1CoPN;So1EnPN:]o10O20N10O100O1O0001O100O1O1000O10O03N2M1O1O010O2O00O2O1N4M0O4M000O010O0010O0001O01O00010O00000000000000000O1001O000000O1000O0100000000000000000O1000000O1000O01000O10000O100O1O0O2O10O01O001O0100O100O2N1N2O1O2NnSg_1
20141009195814Mh_3,T^mP21\Q\22`neM6J4M4L4L6hPNZOjn1Q1N1N2O00O11XQNmN`n1[1OhNbQNm0]n1QOgQNn0Yn1POiQNP1Wn1nNjQNR1cn100O101nNZQNf0Qo1O100O00100O01001N2N2O0O010O1O10O01O00O101O00000O10000O1000000O2O0000000000000000001O0000000000O100000000000000O10O100000001O0O10O1000O10O10O01O010O10O010O010O010O010O001O001B\O_QNd0an1_O\QNb0cn1CWQN>in1<010O10O01O010O001O010O1O1O10O0MTOUQNj0ln1UOVQNi0Ro1N2N1O2N100O010O01O001O1O10O01O1O1O0O2O00O2OO10O2O00001O0O10O1O1001O00001O0010O1O100O2N100L3010O1TOQQNf0Po1YOQQNf0Uo1ON11L5N5K3M2O0O2O1O2N2NQah`1
20141009195814Mh_4,ndjW13lo14L2N2N5L2N3M?A1O101OO0010O0000001O2O0N4LTOdQN9Zn1AoQN;mn10N10O11N1000O110N102N00001O00O100O10O2O0O100O1000O1O1O1O001O00010O000001O000000001O000001N2O0000001O1kPNZOon1e0oPN_Oon1k0O0O001O00100O010O@VQNLin12YQNOfn10ZQN2dn1N]QN2cn1L^QN7_n1HbQN;\n1DdQN=\n1@fQNc0Xn1[OiQNg0Vn1WOkQNj0NVOYn1Z1N02O001N02O003M1O2ON00001O1O0000001O001O1O1O3M2N2N3M001O1O0001O10O10003NOO110OO1O11O00O11O00001N2O0O1O31iPNXOon1m01O3N003L7LM000010N011O1O000O2O0O011OO0101O000O010O10O11O0O101O01N011O0O1O101OO02N1O10O01O0010O01O000000000010O002N010O2N1O1O10O000100O1O00001O001O00002N0001O010O01O01O1O1O100O010O1O01O0001O10O1O00001O010O0001O000000100O10O0000001O000100O0000000001O0000001O1N102M2MlSeV2
20141009195814Mh_5,`gRf21_Tl08UkUO3N2N2M20000000O02K20001M3L4N2O0110ON11J51M3M5I5gNmNgSNT1Yl1nNdSNj0el1WOYSNi0il1WOVSNg0ml1ZO_RNK2f0gm1DQRNJ4a0mm12PRNOQn12mQNNTn12kQNNVn1m01O1O1M4M2N4M2M3N6J2O1N3M2O2L3M4I6LUWiU1
20141009195814Mh_6,UXQ[12lo13O1N2O001O0O101O000000000000001O1O01O00010O000000001O0000001O001OO10000000001O0000000001O000000O10O1000O100O01000O01O0001O000100O01000O10O1000O1000000O100001O00000001O0000000000000001O0000001O001O00000O1000001N2O0O100O10O1KbPNH^o17ePNF\o196O1000001N101N3MThX]2
20141009195814Mh_7,R\mP21^S`28XlaM4L7J>B3M2O1O1O010O6JhNbQNm0_n1oNeQNP1en110O2O009F1O101OO01O10O10O011N3N0O100O1O1O10O00001O0000000O100O100O1000001O000O1000000000001O0O100001O0000000000000O10000O10O10000000001O00000O100O0100O1O010O010O0010O010O0100O01O010N110O001N1E;O2O010O0010O0000001O010O0001O0001O010QOVQNf0ln1XOXQNf0Ro1N1O1O10O00100O1O1O001O100N20OO2O00N2O1000001N1000001OO1O1O1BZObQNg0^n1[O`QNe0_n1_O^QNa0cn1@[QNa0dn1=O20OO201M200O1O10O001O1O001N2N2L4N2O1O1N200N2N200O5L1N10001O2M6J3MZaV`1
20141009195814Mh_8,eRmf21S[^38cdcL4I6M2M7mPNZOan1T1N2N3N0O01O1O010O1000O5L2N1O1O0000O1O101N1O00100N2O010O1O1O100O2O0O010O100O1M2O2N1N3O0O11N02ON0O211UOVO^RNk0am1YO\RNg0am1^OZRNf0em1\OVRNh0gm1k0M2O00N21N2O0O`N`RNb0_m1@bRN9dm1H\RN6dm1NVRN1nm1o02N11N010O1O001M2O3L300O000100ON3K140OO1K6N1M5M1M5L3M3O2N1O2N2M3NHQOdQNe0_n1AaQN<Wn1MlQNKWn19iQNDYn1=hQNBUn1`0lQN_OTn1b0lQN^OQn1d0QRNZOom1g0QRNXOmm1j0URNROmm1o0TRNnNmm1R1URNmNhm1V1`01M2000N1O3O0M3N3N1OO101M10@[QNGhn18\QNEdn1:a00O100000O11OO10O1001O0O11OO20N101OO11M2N200M300N20O001N20OO2O1O110N1010O010O01O0O10O01O2OO0100M4O0O1O2O0O11N110N2O100O10O1O1O001O10OO10OO2O01010O1O100O1O1O100013L0QkXh0
20141009195814Mh_9,eQkV11]R`03TmA<K5K4K5K5N2O1O01O001O0O100FVQN_Ojn1`0XQN_Ohn1`0[QN^Oen1`0aQN\O_n1`0b00001O001N1O20O0O1M3O1O2M1000N3N3M6KlmZf2
20141009195814Mh_10,VQYY21SQ`03gnA3N1O1N2O0@IXQN7hn1KVQN5jn1MUQN2jn11TQN0ln12QQNOnn1b0010O0010O1O01N2O0O1O1N2N201N1O10002M2O001N2O0O2N100O6IUnhc1
20141009195814Mh_11,f\_i21mPl06jnUO4N3L2O1VQNAPn1`0mQNEQn1=lQNDSn1?jQNBUn1`0iQNAWn1`0hQN_OXn1b0gQN_OXn1b0gQN_OYn1b0eQN^O\n1c0`QN_Oan1o01O1O1O1O]QNmN[n1S1cQNoN]n1Z1001N2N100O1O10OO10001O00010O1O2N6K0O1O1O0O3N1N1O2O00O100O1N2000N3N102N001O1O2N1N3M3NlbfQ1
20141104195854Bh_1,WndX31aXV18PgkNb0^O8L2N010O01O0001N2N1N111DkNlQNV1Rn1=00O002N01O1M3M3N3N0O3N0011N1O101O000O1O1F7XN[NYUNc1jj1aNSUN[1Rk1hNjTNY1Vk1jNbSN4<T1Rl1EfSN<Zl1c12F:NG:J5N2100010OO2N1O3N1YO`SNlMcl1k1n0UOgRNkN\m1P1l0M4N001N200M2OOO21001O0N2L5O1N4L2O3L3N3JYPWa0
20141104195854Bh_2,Yifb21oPd07^n]O:O3N3N3OO12M2M2N10TOVQNa0Uo10N3M3M3N1O2012M3M1ON4K5L2N3M2O2OoN`QNa0^n1\OiQNb0Un1]OnQNc0om1]OTRNb0km1]OXRNa0hm1_OZRNa0em1]O_RN`0bn102N1N3L3N0O1O01O0O10H`PN0`o11eSiY1
20141104195854Bh_3,XQYl01SRj00YnUO>en1JRQN=jn1?lNSOoRNQ1ll1XOmRNk0ol1\OkRNg0Rm1^OgRNg0Wm1R1O2N2N4M2N1N10O1O2M2O2M2O3N0O102lMhRN[1Wn1JeQN\NWn1f13L2O2N3L=C5L3M1N10000O4M4L000000O01O100000O001O0101O1N4L2M2O00WjZo2
20141104195854Bh_4,miRR31nPd05in]O;F9Hb0^O4M2N1O1d0\O6K2M10N1M3O4M2N2O08H3M01N0:F3OO1O7I1O0001O1O2O4J0001O010O01O2N0O4K5KhQcj0
20141104195854Bh_5,QaiU27go13N1O2N1M4L3N3M2O100O10O101N101N1O1O1O100O100O10O1N2O001O1N1O2M3N1N3N1000O100N201N10001OO0M4N201O0001000O0100O1O1O1O1O2N10O1K4O2M3H70O1N3N1O1O01O1OB`QN_O^n1`0a0L4O20O0001001N3N3M2O4K2O0O1O000OM40O01CWQNAin1`0;O2O2N1O1NO3O2N2O1O1O1K3O00O3M3N1M40O10001N0101N2N20001O000O100O1O1O001O010O01000000O010O10000O10O2O0O10O01O2N2Mocd`1
20141104195854Bh_6,Vage26io11O2N1O101nNGZRN:dm1JZRN6em1K[RN5dm1MZRN4fm1MXRN3im1MWRN4hm1MVRN3km1NSRN3mm1MRRN4mm1MSRN3mm1NQRN3om1OmQN2Sn10lQNOUn12hQN0Wn12gQNNYn14dQNN[n1k010O10O01O1N3F9N7J2O1N100001O0O1O101N100O1O2N1O1O1OUOZN^SNf1al1\N^SNc1cl1^N\SNb1dl1^N[SNb1fl1^NZSNa1gl1`NYSN^1hl1bNXSN]1jl1bNVSN]1kl1cNVSNZ1ll1fNTSNY1nl1fNRSNX1Pm1hNPSNV1Sm1jNlRNU1Um1lNiRN5C=em1AdRN3L7`m1HaRN107_m1L[RNO74]m1?hRN@Xm1?lRNoNA7dm1j0SSNTOnl1k0SSNTOnl1l0SSNROnl1m0USNPOll1Q1Q12M3N0O1O1O1001O0O1SO_QN:bn1AdQN<Ro1K4N3M4LPajT1
20141104195854Bh_7,_WQl11ZVj13`iWN4M1N2O1N101O2M3N1O1O0010O1O0N3N3N3N1N010O01O0010O01O010O01OO1O2O01O0010000O1O00000001N1O2O0O2D;N2J5011O1N202LeN[O`SNc0^l1DTSND@f0\m1L_RN^O6S1\m1T11O1M3O1N1N3N1J5HlQNbNZn1Z1502^OhQN\OXn1c0oQNWOPn1j0b00O1001O2N1N200010OM4N2O000O2N1O10O2O01OO20OO100010N1001O01O01O1O0101O1O000O01O001O0O1001O0O2N10100N10100N20O01O1O1O00010O0100O01O2N\g^i1
20141104195854Bh_8,SeZk05io15L2M5M0O2N4M1O2oPN[Obn1g0[QN\Odn1R1N000O2O01O0QO]QNa0cn1^O_QNa0an1_O_QNa0an1^OaQNa0_n1^ObQNb0_n1\OcQNd0\n1\OeQNc0[n1\OmQN=Un1AkQN?Vn1@iQNa0kn100010O02O09GO00011O01N11OO10O101N1O100OQQN\Ocn1S1N0OO3N2O0O103M1N1O10O000O101O0O2N3N2N10O10O01O101[OUQN2kn1IZQN6hn1D\QN<So11000000O1000000001O0001O001O1O01O00010O01O001O1O002N00001O1O0001O1O00002M101N100O2O001N1000001O1O01O0100O000010O010O00000100O0010O001O01O01O010O001O001O010O100O1O010O1O10O0001O0001O0O2O000O2O0O2N2N2N_P^1KgoaN00000N200O1O10001O000100O01O02M10cP<0\oC4M0O2O1O1O001O1O011N002OO3ON11N11O0O10000O011N021M3M3N2N0O1O101O0O2N4M001N21O0O1O3N01N7J02ON001O01JYQNoNin1o0WQNPOln1n0<D7K4K7HgTYc2
20141104195854Bh_9,SQak01WRb13Tn]N:gn1ISQN>hn1`0kNTOQSNo0jl1WORSNl0kl1^OiRNg0Tm1\OhRNg0Wm1S1M3N4L2O1N100O01O1O2N1O3M3M2O001N6bMRSNc1\O[NWn1g11M2N2N4L9G7J5K1N2O000O1O7K0O1OO11N010O1000O1O010001O000O2O0O10O001O10O02O004K2OO100O001N101M200O2O0O11O00101N1O001O000001O1O1O1O001O001O01O1O0010O003M10OO101O1O0OciVl2
20141104195854Bh_10,^\T]2271\o13^PN2_o19O001N4M1N5L1N1O2N10100O010O01O2O2M1O1O001O010O1O5K1O001OhPN@Po1`0nPNBRo1f010O01O1O001O001O2N001O1O1O2N001N101O01O01O2N3L3LabY_1
20141104195854Bh_11,Q[]X11oQf01nm[O2M2N2^OJUQN;jn1GSQN;mn1FQQN;on1FoPN:Qo1:1O0100O01O010O010G9M3O0O3OO0010O010O0O11O0010O10O1O1O001O1L4N101O0010O000010OO2N2LcPNC`o1:5N3Kcdbc2
20141104195854Bh_12,lgbf11bPb02Zo_O4L3M201N00100O010O01O10O01OO101O2aPNBXo1e0O0O1O100030O0OO43I1O10002M2N21O10OgPN_OQo1i0O01M3N1N1O4L3L2M`UQV2
20141104195854Bh_13,e`bo21`P\10^oeN2N1O2O0O2KJ^PN7`o150000O2O00000000O2O1O000001O010O1O002N001O00000001O00001O01O10O001O100O002OO03NO01000O0010O00000000O0100000000001O000001O010O01O1O001O01O01O001O00001O00O1000000O1O100M301O0O10010O0010O01O02O0O01O001O1O1NY^Wh0
20141104195854Bh_14,WiZY17go14M2N200O010000000000001O00O100001O00O010O02O2M3N2M2N100O1O100O3M2N2O1O1005J2O3L22L2N2N<E1O0OO2M5I8H9F9DlT[c2
20141104195854Bh_15,kg\W11hPl01ToUO4N002N1O0010001N8JO0N2O20002N0O01N1O00100000O010001OO10010OO10O11O000O0100O02O2M3M3N1N2OO01O101N2O1N2N2O11O4K3N2M22L2N2N<E000O01N4H9G:F9EkT[c2
20141104195854Bh_16,l\_T21\TX11ZkiN9M3N1N2O1N2L4M3O1O100O1000O101N2O1N1O1O1O1O1O1O10O1O0O2O1O001O1M3K4N2O1O011OO1O2N1O101O2NN2J6000001O10O100O100O1O1N2O2N10000O01J5N3G80O2L4N1O10O3N1NZOgQNHVn19oQNDom1;k01O0010O1001O1O3L3N2O2M3M01O00100O0^OWQNMjn10f0K5L\bRd1
20141104195854Bh_17,dkZX31YPh04aoYO3N2N1O002N2N1001O2M2O000000000001O001O01O01OO2O002N0O100O0010O0001O00000000O100O1N1O2O1O01O010O2M2O4J[Sec0
20141120195834Ch_1,Tdd]23lo15K2O0O101O0000000O10001O0O1000001O01O010O010O01O011O0O01000010OO020O1O001O1O00101N002O01N1O1O000000000001O01O01O2O1N3M000000O1O1O2O0O1O100O100O100O100000O02O001O01O00000O2OO100001O00O10000O100O100O10000000O010O010O0010O0001O01O00100O000010O000000010O0001O10O010O0010O01O0010O01O00001O001O001N101N10000010O001O001O001O001O001O00000000000000O100O10001O0000O10000O10000O1000001N101N1M4M5KdXWV1
20141120195834Ch_2,o\oP11^Tb10_k_N3M2N3M2O1N3M101O1O1O100O01O01O1O01000O10O001O010O00001O01O01O010O01O001O0010O00N3N1O1O10OO200O01O00N20010O1O011M2O1O11O0O1000O1O10001000O2O3M2N1OO1O2O0O1O2N2N1N3L3M3N2O1O2N101N1N2N2M3O001O00O1F9E;O2001O0O1000O2K5L4O0O2O1O1O2K6M101O1O0O4MQbne2
20141120195834Ch_3,i\U^24jo12N2O1O100O0O2O0O10000O10O1O1O01000O20O00O1001O010O01O001O000001O00001O00000000000000001N020O000O10010O0000010O0O1O101O00000O20O00010O100O1000O02O0O2M2O2N1O1N[ej\1
20141120195834Ch_4,kddV123040Xo18dPNK[o1?N5K0O101O01N100O1O100O2O0000000000001O01O0001O001O10O01O00100O11O000O2O1N2O0O3NO01O10O011OO01O00001N101N101O000O1000000000000001O010O000000001O00000000000000100O0000001O00001O01O000O101O00000001O2N2N001O001O001O001O00001O0000000O101NNTQNROln1m04O001O010O100000O100000001N100O100O1O2O0001O000001O01O0100O0010O00100O1O002O0O1O00100O101O0O101N1O010O10O1O0001O010O0010O01O1O0100O0010O010O10O010O010O010O1O01O01O01O001O001O1O001N2N100O2O001N110O00000010O001O1O01O01O010O0003NO10O100O010O10O00100O001O000010O0000001O0010O0001O010O001O100O010O010O01O1O010O00000010O01O0000000001O01O0001O0001O0000001O00010O000000010O0010O01O01O001O001N101O1N2O1O1NUX]U2
20141120195834Ch_5,nXmV23noU20nokM2O1O1O100O1O0010O010O10O0010O1O010O00010O0001O010O000010O010O0010O0001O01O010O00001O00010O00001O000010O0000010O00010O0001O0001O01O3M01O01O001O001O000001O00000000000O10000O1000000O1000000000O10000O10O0100O010000O10000000000000000000000O100000001OO100000000000000001O00000000000O1000000000000000O10O100O01O100O1000000000010O0001N2O1O0O10001L4N_fT\1
20141120195834Ch_6,UVQh14\o11kPN5So1<0O1000000O1M4M2O100O1O1O001O100000001O01O01O000001O0010O0010O01000O010O101OO10O010O1O01O01O100O10O0010O2O1O3L3N3M1O008G2O00O2O0O1O2M3N3M8ZOaPN:io1Flh\S2
20141120195834Ch_7,lhl_21QQP11jnQO5M3N2M10100O010O010O1O0O3N1O2N100O100O1001O01O01O0O200N2O1OO1001O`SN@_i1a0^VN@ci1`0P3O1O0O101O0100N103M2M4L3Mh0oQNbNQl1a1nRNYNd0=`l1^21M4L6K3M3M2N2O0O20003YN]RNh0hn1E2O3M1O2O0O5J8InQgZ1
20141120195834Ch_8,kmRQ21QQ`01knA;F2N1O1O1O1N2F]OSQNg0ln17O01O000O2O1O1O1O02N010O10O100O1000010O011N01O0O10001O0005I6JdQmk1
20141120195834Ch_9,^dTa01QQn0?^nSO3N1O2N010O10O01O01OO10O2N101O1N10100000O2O00O000101O01O12NO0101N1O3N>A2O1O03L7I1O2N101039C3L27JRRNPOhl1V2OO2M2O4L4K4L6bNdQNj0Ro1H3K6I:BRVSZ3
20141120195834Ch_10,Xj\P23lo12N1M4N1O1O2N1N1N300O0100O10000010O100O10O0001000O0001O1O0001O000000001O0O101N100O101N1O2O0O1O1000O1000O10O11O00000O3M3LlUik1
20141120195834Ch_11,j]eY3`01ISo1c0L6L201N2O0O10O010000O101O1O10O0001O01O1O1O00000O1000O1O1O100O100O100O001kNnN\SNQ1cl1QO]SNo0bl1SO\SNm0dl1VOYSNj0hl1]OPSNd0ol1AkRNa0Tm1U11O1O100O10O1OO11O01O100O100O00010O1O0O1000nNeM^TN\2bk1hMXTN[2gk1hMVTNY2ik1iMTTNX2mk1iMQTNX2Pl1hMnSNX2Tl1jMfSNY2Zl1f01N101O1N2O1O2M3M4QMQSNh2Vm1L3N2L4N1N2N1O10O1O002OO200O1O1O2N1O1O1O1O1O2N1O1N2N1O2M4POQRNKUn1NVRNHSn1MVfV?
20141120195834Ch_12,jfPZ31RRR13SmoNN`QN3]n11`QN1^n11aQN0]n18\QNHcn1:[QNHcn1;[QNFcn1<[QNFcn1m0N1^OhNWRN^1fm1gNURN\1jm1=01O00O100O001N21O001OO11O01N100O2N100N3D;N3M2N3N2N2O1O001O0O2N1O100O2O0001O01O01O0000001O10O00100O001N101O001O1O1N2O10O0100O100O1O1O1N2N2O1NiWg?
20141120195834Ch_13,\hh_21`QV12[nkN5K4N2N001O1O00100O1O1O1O2N100O10O011O01O01O00001O002N0O101OO110O0001O0O20O01O0010N2O2M3N4aRN_OUk1d0gTN^OXk1Y1oSNkNQl1Y1fSNjN\l1]22M3L5KnSNbMfj1[2WUNlMij1Q2eTNnM^O7mk1j1cTNfN^k1X1aTNjN_k1V1aTNjNak1T1]TNoNdk1o0[TNROgk1m0VTNUOll1IQSN:Qm1[1003L102M4L4M1lNZRNIhm11_RNM`m1FPSN7Qm1CWSN:kl1@\SN<Xn1L2N4LmoVZ1
20141120195834Ch_14,]eW\22ko15M2O2M3N1O1O0O2O001N3N1N2O1N101O1N1GVOZQNm0dn19N2N2N3M2O1N4M2O1N001001N2N100O02N1N2O1O1O00VOPRNEom11PRN[O6d0im11QRNZO8d0gm18YRNGhm18XRNIgm17YRNIgm16ZRNJgm14[RNKfm15YRNLgm13YRNMhm12YRNMhm12XRNOjm1NURN3mm1KSRN5Qn1GnQN:Sn1FjQN<Yn1AcQNc0en181kNYQNo0mn1O1O001O01N1000000000000000O101O1O1O2N001O0O101O001O1N1O2M4H9JfYP^1
20141120195834Ch_15,mcXW11oo10lQf43omYK5L2O1N3N001O000000001O001O1O1N2O1O1O001O1O001O00000O100O0010000O100O0100O010O10000000O100O100O2O000O1000001O00001O00010O010O01O010O00100O1O1O100O0010000O100O1O101N1000O010O01O010O00100O10O01O010O01O010O10O10O010O10O010O01O010O10O0000001N2O0O2O1O0O2O0O1O2O001O000000010O01O1O00001O001O010O0001CbPN7do1O0010O010O1O100O1O001O0000000010O0000010O001O010O1O00100O0010O010O00010O1O00001O001O0000010O000001O000010O0000000010O01O00001O001O01O01O00100O1O10O01O000010O001O000010O01O010O0010O1O010O01O010O00001O00001O0010O0001O10O1jPNChn1<WQNFin1:UQNHjn18UQNIln16SQNLln15RQNMnn12QQNOPo11nPN0So1?O000100O010O00001O010O1O1O01O0O1O2N100O101O00000001O1O1N3N1O1N10001O00010O1O1O1O1O2N1O2N001N3O011OO00O010O01O0iPNMan14UQN8hn1IVQN9jn1>01O10O010O001O01O01O001O7I001O1O01O01O010O010O01O010O01O000010O0001O00001O000O2O001N100O2O0O1O2N100O1000000O10001N100O2O1NlUkk1
20141220201934Ch_1,QPWl01eQb12Un_N3N3N001O1O1O010O1O00100O1O10O10O01N101O0100O1000O10000000O101O001O2N1O10O1O01000O10O11O0000001O001O00100O01O101M2O1O1O101M201N1N3M2K5L300001O2O0O2M4L`SNUOni1h0RVNYOPj1c0QVN]OQj1b0nUN^OTj1`0lUNATj1>lUNCUj1=iUNCXj1>eUNC\j1>bUNBaj1<]UNEej1;XUNFjj1:TUNEoj1;nTNFTk1;hTNFYk1;dTNE^k1<_TNEck1;ZTNFgk1:WTNFkk1;RTNFPl19mSNHUl18gSNKZl15USN:ml1FQSN;Qm1ElRN;Vm1FhRN:[m1FbRN8am1I]RN4hm1NURNOom1m04M4K6I5O2M3N2L4L3M6H8K[kPk2
20141220201934Ch_2,\[WP12ko15I6N2O1O001O001O01O1O001OO1O000O2O0100O2N10O01OIGhPN:Uo1901L3O2O1O1O1N2O0O1O1O010O01N10010N3O001O1N2N2M3N2N2O2M2N2O00000002O1N1O00O0O2O2O0010O00O01000O01OO02OO3N2N102LTgdj2
20141220201934Ch_3,^PWd28go15M2N3N6I5K3L3N2M3N3M4N04M2M043J0O3K4K4K3Kkm\Z1
20141220201934Ch_4,RSgj11TQ:9onEH[o1b0J5M2L3N2O3M4M6K6J5K5NYNnQN]1`n1LOO13K2OkNPRN9om1CYRN8jm1B]RN;jn1H^jdS2
20141220201934Ch_5,ml`X31kQb0<`m_O;PODiQNKNf0Wn1k0N000001O1N3GfQNhN\n1R1=O1O0O100O10N1O00100O201O1OO2O0O2N2O1O4K3N3M10000O1O1N2M4EZR]d0
20141220201934Ch_6,kSY\21mPZ11ongN3JN\PN2co17O1O000010O2N10O001O010O0010O3N0O10O0010O010O00010O01O00010O0001O0010O0001O0001O00000O1000O10O100000O1000O10O100O1O0010O0010OO2O0O2K4O2L3J6001O001O0N3O1N3I6M3O2LnkT]1
20141220201934Ch_7,nmlQ11XQP12dnQO2O1O1O0000000O2O00000O10O1000O10O1000000000N3N010O01O01O0100O100O100O10O1O1O2OO01O0000010O0100O00100O10O10O1000000O1000000O0100O001N101O0O1O2O10O011N1N3M2N3LjQSh2
20141220201934Ch_8,VVgY21YP>2coC5L3M3N2O10O1O0O11O1N1O0000001O01N2O1O000O101N010O001O1O1O1O001O2MZhfc1
20141220201934Ch_9,he^[11fPd08Qo]O1O100101NO10O2OO1O0010O10O001O1O1O1O1N4VRNGhk1:TTNNgk12VTN7fk1IhSNg0Xl1YO`SNo0al1ROXSNT1gl1mNSSNY1ml1n0OkNXSNPOjl1i0_SNROcl1a0lSNZOXl1`0i1I8FeXia2
20141220201934Ch_10,][md11bPh0;knYO8N2O20O010OGZOVQNf0jn1ZOVQNg0in1YOVQNi0Po10O2N1O1O1N2000000001O1O000000O010O10O1O10001N1000O10O2O0000000O2N2M20000O2O0000O10AePN8]o1EfPN8eo1JPdnV2
20141220201934Ch_11,k^\`11nPd26kn]M1N2O00001N101N1O1O101N101O001O2N1O001N1000000000O01M3000O1000001N1000000O100O100O1O100O100O11O01O0000O1000000000001N10001O00001O01O01O001O02N2OO01O001O1O00100O0000O101O2N1O1O1O01O0100O00100O1QQNXOen1h0XQN\Ofn1Q1O0O100O01O1O0O2O0O2N2O001N2O1N2N1O2N2O1N101N2O001O000001O011N2O1N010O100O3N0O1O2O1N2N100O010O0010O00010O001O1O00001O00011N011N3N6I2O1N1O101O0O01O00100O0001O010O1O001O001O003GXPN4ko1O1NS^WQ2
20141220201934Ch_12,nXUX34ko11O2N1O100O100O001O10O010O01O0O100001N10O1QOIVRN7jm1MQRN3Qn1OlQN0Wn11fQNO[n13bQNM`n1h02N4L2N3N4J6HXhfe0
20141220201934Ch_13,\^Z_11_Qf33\n[L1O2N101N2O0O2N1O101N100O101O0O3N1O1O001O000O1O1O10O01001O000O10000000000O101N100O100O100O10001O00000O2O00000000O10000O2O001O1O00001O00010O000100O001O001O101N010O01N101O1O1O2N01O010O01O10O0101mPNWOkn1k0RQNYOkn1o001N1O0100O1O1O000O2O1O002M101N2N101O1N101O1O1N101N1O1010O00101N3N0O100O2N2O1N100O3M10O01O100O1O01O01O0001O1O001O1O001O00101N2O1O4L000O2O0O2O0000O001O0010O01O01O01O0001O001O00001O1O001O01O00001O001O00101O0O2iPN]ORo1j0M0O001O001001N2N10O01O101]OkPN7Wo1FkPN:^o10O1O100O0aPNHWo1a011ON101N102N3MO100O100O1O0O2O1O1O1O1O0O2O12MLXOSQNf0ln1ZOUQNe0jn1\OVQNd0in1\OYQNd0fn1\O[QNc0en1\O\QNd0Qo1O1O001O1O0O101O001O001O010O1O2N1N3MT\Ul1
20141220201934Ch_14,XPSl01_Qb12]n_N2M4L2N2O00010O0010N11O1O100O1O0100O001N101O0100O01000000O11N1O1O2O1O1O01000O10O10O01000000000001O010O0O2O0011O0O002N100N2O2N1O101M3N1M3L4M2O1001O1O2O1M3M3M3L4M2O1N1001000000000000O1O100O10O000000002OO100000O12M10O1O2O0O1N2N2M3M`kTk2
20141222201814Mh_1,QPYf11kPV16knkN5N1N2O2O1N110N3N001O1O00O1N3N1O1O100O2O0O10O1O100O0010O01O100O010O010O10000O2O000100O001000O10O010000O010N0100O10O0100O100000O012N1O00O1O010O000100O101O1N200O11OO100O01O1N2O0O2O000000000O2O0O2N1N3M7FTlVR2
20141222201814Mh_2,RlZR33jo1OWPN1io14N1O00000O3M2N2M3O0O002O1M3O2N0001O1O00001O1O0O2N1O1O2N1001O000O00100N2O10000O1O100001N100O2N3K7F[PNO\Uaj0
20141222201814Mh_3,gZW\21\Qf0;Wn[O2N10001O001O00001O000O1O2O1O2N1N2O1AXOcQNi0[n1?HfNhQN]1Un19N101O1N1001O001N2K5L3N3M201NO2N0101O101O000O2M2O3L5D?_Ojdn_1
20141222201814Mh_4,W_hY2350_o1;L3N1O101O00O100000000000000000001O0O10000000001O0000000000001O2N1O1O2N1O1N2N\PV10doiN6K3M1O1O0004MO100O00010O000001O001O1O2M3MlPNM^n12aQN0Wo11O0010OI8M3N101O1N100D@XQNa0en1CXQN>fn1DXQN>hn1BXQN>gn1DVQN>jn1=N1000001O010O100O0001O000000000O100O100O2N1O2O000O2O0000000O11O000001O001O0000001O00001N1O1N201O010O0011O1N0010000O01000O10O010O01O1O001O1O1O001O000O2O1O00100O0000001O0000O1000O11N100O010N2N101N1O2N2O1N2O1O2O0N201N10001O1N101N4M1OS_kX1
20141222201814Mh_5,dgXi21[P`07ZoA4O1O0000001O2O2cPN@To1h0O000011N00O11O00002N2M3OO01N0O2O01O1O1O1000O2M3N3M2N3LmVmS1
20141222201814Mh_6,]h^l01mSn02jkSO`0E5J5M2O10011N2N0O01O2M1O0O2O0O100O2O0O1O1O1N200O100O2N10QNEYTN:ek1JZTN6ck1M]TN3bk1M_TN3`k1MjRNJ]18hk1<UTNDdk1d0[TN]Ock1e0]TNZObk1h0^TNWOck1i0]TNUOgk1i0ZTNTOjk1h0ZTNQOkk1n0d1N11O0O1ON2JPQN[OTo1e022OO1O1O10O10001O0O1O01O2O01O100O10001O0001N2M3N2L5EjVkm2
20141222201814Mh_7,YPcY31^P8`0QoI<D4L6J5K7I6J3N2M5L1N1N^N^RNh0bm1TOcRN0I6em1G_SN2hkXe0
20141222201814Mh_8,obbT27co17N2M3N2O1N10000001O000O1N1M400O101N11O01O0O100O101O000O10001O1O4KT]Yi1
20141222201814Mh_9,_o``13lo14L4M3N0O1O1jQNBhl1`0WSN@il1a0USN_Oll1c0PSNAml1b0oRN@Qm1g0hRNYOXm1k0cRNWO]m1k0^RNVOcm1k0[RNVOfm1j0VRNYOjm1^12M5L3M3jNgQNKK:an1BVRN=gn1O2O1N1O1O3Lcnf]2
20141222201814Mh_10,_o``13ko15M3M2N100O2N102M3N2O4K4L4L100O1001M3M3@QQNGSo12[PS^2
20141222201814Mh_11,[m`]23ko16K2EIhPN:To1;N200O1M2O100000000O1ON310K6L3N2O1N3L4LgSo`1
20141222201814Mh_12,goRf11WQZ15_ngN6M2N2O1O2N3N0O3OO01O01O00000N2O1O2N1O1O100O10O100O0010O01O1O010O10O01O01001N011O1O01O1O10O01000O1O10O1O010OO100000O1O01000O100000O2O1O00O10O00010O010O102M2O011N110N010O0100N2O001O000O15K001cQNWO`m1h0^RN[Ocm1d0\RN^Ocm1a0]RN@dm1>]RNAdm1>]RNAfm1<]RN_Ohm1>Z1AfkRR2
20141222201814Mh_13,\l`m0470Yo1?L2O2O1O1O7I10O1N1O2N0O1O10000O2O1N1O1O1O1N2O100O1O101O0O10O0100O100O1O1N[SSP3
20150105104334Ch_1,]YSU21ePb07Ro_O3N3L2O2O11N1OO10000N2O1O4L3M3`RNTO\N4Tm1j0[TN\Odk1e0fSNWOXO`0Sm16eSN5`l1F^SN;dl1C[SN?fl1@WSNa0kl1@PSNa0Sm1_OhRNe0Zm1P11001O1OF_RNTN`m1i1dRNVN\m1i1fRNWNYm1h1hRNXNXm1g1jRNWNWm1g1kRNXNUm1_1dRN_N:0Sm1]1n0F9N3YO^QNJjn10nejg1
20150105104334Ch_2,ReZj0=^o17M7K3OM4L3M39D:F8bQNdNhm1k10O210NO010O2N2N0100O1O0kN^RNLbm12aRNM_m11dRNN]m10iRNKWm14lRNJUm14mRNKTm13mRNLVm10lRN0bn11001N1N4LcX_S3
20150105104334Ch_3,l^RS27io11N2O1O0001O0000O1O10000000001N10001N10100O00010O1O1O1O1O10O010O01000O10O10O1O00010O10O10O2O0O10O10O10O01000O010O0100O10O01000O100O1000O01000O1O1O101O001OO02O0O01WQNEkm1<RRNJjm17TRNKlm15TRNKkm16TRNJmm1H_QN:d0NQn13lQNMVn13[QNGN117gn1j0101N2O00001O0O1000001N100O2O1O0O2O3M1N100N0101000001O0000000000001N2O1OZOPQN=on1BSQN=mn1CUQN=jn1AXQN1G9co100O101O00O101N2O1O001OO1O2O0O100O1O1O1O1N3LW^_c1
20150105104334Ch_4,j[oS16_o1;K5N1O2EZOZQNi0cn1<N1EhNlQNZ1Tn1iNgQNY1Wn19^OdN_RN\1_m1c0001O00FRNdRNm1\m1;001N2O2N2N2O2N1O>A1M201O0O3N4N5L0OO2HgNdQN[1Xn19N3N001O00XOZRNVOfm1b0dRN[ObcZi2
20150105104334Ch_5,iiXa04lo17H2N101O0001O103L10O00001000O10O0000001O001O0010O001O1O0000000000O1O10000000000O0O200O10001O000000CbPN8_o1FcPN9bo10000000O100001O0O1000000000000O2N2O1NjUYZ3
20150105104334Ch_6,g[gi25io12M4L3bNHfRNf0Xm1^OaRNh0^m1YO`RNg0am1\O\RNc0hm1@RRN?Qn1AmQN>Vn1d02M5H7J6J8H:D^eVU1
20150105104334Ch_7,oTmZ21UPn00noQO1go1401N102N000001O001O100O1O0001O0O2O00001O0000000000001O0001O00000001O0001O0001O01O0001M20001O00000001O010O010O1O0010O0001O001O1O2N001O001O001N[jd_1
20150105104334Ch_8,gUmU31WPn01goSO00001O001O0000001O001O0000001O010O2O0O1O001O010O0010O00011O0O100O10O02O0O01O01O00100O1O010O01O000000000O101OO10O1000O0100O010O100O10O01O10O0010O010O01O00100O1O2M2Nlinc0
20150105104334Ch_9,fVWb01iUn02TjSO2K1J8N2O2O1N102M2N2M2N2O0O2O110011O0M10O1N2O0100OO1O1L4N2000O1O01`MUOnSNM^1o0Yj1jNXTNR1b0TOGR1Vk1`0gTN;Wk1Y2M201000O100VLPUNc2Pk1\MYUN\2gj1bM_UN[2aj1_MhUN^2Xj1[MSVNa2ik1M4L7J1N3M1O2N1N3N2N1O01O0O2O1O00aNYRNf0hm1ROdRNh0en1SOnPN5bo1KlcbX3
20150105104334Ch_10,bidQ11lRd08hl]O4O0N11OO0010O00O2N2O1OOJ6010100000O001O0N2O0IkPNFQo1>82O1OO11J5N200N1O30O01O01GPQN@To1KPQN65LjT[k2
20150105104334Ch_11,gUmc19eo14K4L4J5@`0N2J6K5O0O1jN^NoSN`1Ql1hNhSNh0jl1CeRNb0[m1P10OLM6110100O100O2nN]RNVOL3gm1`0iRNWOE5bm1b0[SNZOcl1f0[10O11O1O10O1N3N1I9I6L4N2NBjQNVOUn1e0URNUOkm1k0d00N0L6O1N3O101OO2O0O2O10OXObQNO^n1NgQN1Xn1NkQN1Un1MoQN0Qn1NR1O100O1O2O0O010001[PNK]o165100001O001O0001O0003N0N2OionV2
20150105104334Ch_12,QRkm01jPP13QoQO1O2WPNKeo1:M2O1O00HaPNO^o12cPNN\o11fPNNYo13:0O010O1O001OO2N2O0001O010O0010000010O01O10O01N10O100100O2O00O1O00\PNFbo1=NO11O2N4M2N2N100O2O101N1OO10001O3[OjPN:Vo1BnPN=Zo1110N3N1O3L01O10004L1N2N100O101N1N2O1N3LQlnk2
20150105104334Ch_13,jPUS21XQn03dnSO010O000O1O1O01000000000000O1000O10O0100O010O1000O01O01O10O10O01000O01O010O001O001O000000010O1O1O1OO2N10000000010O01O01N10010O010O100N2O2Non`g1
20150105104334Ch_14,R^fQ21jP`14PoaN2N200O00000O1O100O101O000O2O0O101O1O0001000O1O1O1O1O1O001O02O000O10O01000O01O00100O10000O100O10O10O10O10O10O0100O010O10O10000O100O010000O1O1O101O00000O2OSQNIPn16PRNLom13PRNOom12PRNOom13oQNMQn14nQNMTn11kQNOWn10fQN2[n1MaQN8^n1KZQN9hn1?1N101N101O000000000O101O1N101O0O2O4K2O0O1N20M211O00000001O000O101O2N5K1JX_Qe1
20150105104334Ch_15,SbRi09do16K9G3M3N01O1M_QNXOPn1f0PRN]Oom1b0PRNAPn1>PRNCom1>oQNDPn1>mQNFPn1<mQNGQn1:mQNHSn17lQNJh0GRl1Z1lSNiNSl1V1mSNmNQl1o0XSNgN9a0]l1g0[SNiNOj0ORO]l1Z1eSN?Xl1_OiSNd0[l1TOjSNo0Rl1mNQTNS1Pl1iNQTNGCi0^l1^OlSNJIh0\l1^OeSNM0G09\l1o0eSNgN4<Rl1k0kSNhN5h0ek1=XTNjN4S1[k11cTNiN3`1Rk1EeUN?Yj1^OiUNc0Wj1[OjUNf0Vj1fNbTNI\1a1Qj1cNgTNIY1e1Pj1`NiTNG[1j1ki1]NeVNe1[i1YNeVNh1[i1UNgVNk1Yi1UNgVNl1Yi1RNhVNn1[i1mMhVNl0VNH^m16eRNI\m14gRNKZm14fRNL\m11fRN^O\O:Pn16kRNIVm15kRNJXm1NnRN3Sm1GRSN8\n1O101MfXaS3
20150105104334Ch_16,\mjb11cPj02WoWO3M4M2O2O0O2O0O2O01O100O1O001N1O100000O2O2N1O1O010O002OO01O000RQN_O]n1b0aQN_O_n1b0`QN_O_n1e0\QN\Odn1g0XQNZOin1n0MmNYQNS1fn14000O1O1O0010O02O0O2O3L10O1000DRQNGmn18TQNHmn1LQQN151ln1JSQN323Uo1JlPN6_o1O2JYPN0VQeX2
20150105104334Ch_17,jTmY21VPP11goQO101O0O2O000^PNKZo14ePNM[o14cPNM]o13aPNO_o11aPNO`o10^PN2bo1600001O000O1010O00010O00O200O1O1O01O0O101O010O00000000001O00000001O000001O00000010O00000001O0O101O000000000010O0010O01O100O000010O01O1O2N001O00001N101N[jb_1
20150124081954Uh_1,ToRf11cP`20ZoaM4N2N2M4M4M1N2N1O2O004K2mPNWOkn1P1O01001O1N011N11iNYQNS1jn101O012M000O2O0001O1N010000O10O02O2N3L010O0010O01O002N1O1O1O00001O001O001O0000000001O001N10001O00001O000000001O0001O01O01O10O01O001O010O0010O001O01O10O01O00001O0000000010O001O00001O000000000000000000000O100O1N200O10O100000O100000000000000000O10000O1000000O10O10O10O010O10O10O10O100O10O10O10O01O10O010O0000001N10000010OB]O`QNc0`n1_O^QNa0cn1=00010OO1O101O000010N200M3O2N1M3N2N3N1N3_OcPN<bo1O1N3Ldo^j1
20150124081954Uh_2,eVej11_Qb05Yn_O3N100O01001N2N2N3N4K3M7J3L4ZQNmNXn1`1I5M3M3O2N2N2O6I7I4oRN^M^l1g2XSN`Mhl1l20^MiSNZ1Xl1`NQTN\1Rl1[NWTN`1]m1H7I2N2N2M2N4K`0_One\R2
20150124081954Uh_3,\PkP11fXX17mfiN7XQNDem1a0TRNGek1HcUNg0aNIdk1IeUNd0]NJgk1KdUN]1Zj1hN\UN_1`j1gN\UN\1^j1oN[UNQ1cj1WOWUNj0gj1\OUUNd0jj1CnTN?Qk1FkTNSO1KTk1]2RUN\Moj1c2cUNlL^j1Q3Y1`MaSN^1bl1]NPTNS1Sl1kNRTNn0Rl1QORTNj0Pl1VOSTNe0ok1[O\TN8ek1I\TN3gk1L[TN0hk10ZTNKik15[TNBRi1LnWNa0ni1CoUN<Qj1FnUN9Rj1HmUN8Tj1IkUN6Uj1KkUN4Uj1NiUN3Vj1NjUN1Vj12hUNNWj15fUNLXj18eUNIZj1:dUNF\j1>`UNB^j1d0^UN]O`j1g0]UNYOcj1i0[UNXOcj1n0XUNROhj1P1VUNPOjj1S1SUNmNlj1X1PUNhNoj1[1oTNeNQk1[1nTNfNRk1Z1lTNgNUk1Y1kTNfNUk1[1jTNfNVk1Y1kTNgNUk1W1lTNjNUk1R1mTNoNTk1n0nTNROWk1h0jTNXOYk1e0fTN[O]k1d0aTN\Oak1e0]TNZOek1g0WTNWOnk1l0mSNPOZl1Q1`SNPOdl1_1hRNdN[m1n15J5L3L3N3K4K7J5N2M5J5M3L3L3N2N2N2M4N3L4Kmkdh2
20150124081954Uh_4,Yf^X31jPh07hnYO7N2N1N11N1N3M210O010001O1O2N1O1O001O101O101M10000O0100O01000O1101N01O00001O0O2O2N11N2N1000O1O010O1O1N1O2O1M5L4KbWWc0
20150124081954Uh_5,SYiV21`Pd05Yo]O2M2O10001N2O001N2O001O000001O000000000000O00100O01O01000O0010O01O1N2O1M3O010O100O1N3Nhfje1
20150124081954Uh_6,Vkh^11XPZ13dogN1N2O001O000010O00100O010O001O00001O0000010O0000000001O01O0000000000010O00O100000000000000000000O1000000O010O100O0100O010O010O100O001000000O1000O1000O100000O10O10000000O10O1001O00O11O01M200OdTmY2
20150124081954Uh_7,RYWV21gPf06Qo[O1O1O2O0O1O100O1N3N1O100O01001O0O10001OO1000001OO100001N01O010O10O1O0010O01O001O1O1O1N2M3O010O100O1O1O2Nhfhe1
20150124081954Uh_8,\Qen23ko1201N2O1N102N2N010O010O10000O011O0O1O6J0000001O100O1001O0O102OOO10001001N00O0100O010O0002O0O0000002N5J100O0O1000010O1O0O2O3Lim\m0
20150430082014Th_1,b`Vi21mSh0;ekYO3M2O1SM@YVN`0fi1EVVN;ji1GTVN9mi1HQVN7Qj1InUN6Uj1JhUN6Zj1KcUN5`j1K^UN2fj10XUNOij12UUNNlj15QUNJPk19lTNHTk1:kTNDVk1?gTNAYk1g0`TNXOak1i0^TNVObk1k0^TNTOck1l0]TNSOek1k0\TNUOik1d0XTN\Ojk1b0VTN^Olk1a0RTN@Ql1=oSNDPl1=oSNCRl1=mSNBUl1>iSNCYl1=eSNC]l1=_SNEdl1:YSNGROH]m1d0[SNEXOG`m1e0TSNFXOHem1b0QSNOol13oRNKSm17jRNGZm1;cRND^m1?^RN[OFFom1o0XRN]Onm1d0nQN_ORn1W13M2M6J10O0001J7I9TOVQN1H0Y\kR1
20150430082014Th_2,b[[l02mo12N1O101N10000O100000000000000000000000001O000000000000000000000000000000000O10O01O1O1O1O010O100O10000O1000O0100O1O010N20O01UO_OWRNa0gm1ETRN3AG\n18QRN1Wn1OiQN0Wn11jQNNVn12jQNMWn13jQNLVn11oQNKRn16l0000O100O1O1O1M20100O01O1O1O001O100O2OMF`PN:Zo1LgPN2Yo10fPN0Yo11gPNOXo1=00O1O10O10O100O1000O10000O100000001N10000001O0000000000001O000O100000000O10000000000000O100O2O00000000000000001O1O1O001O00001O0001O000000000000000000000001O01cPN_OXo1f0O1O1O0O2O3M001N101O00001O000O1000001O000O10000O100O100O100O100O100000O100000000000000O10O1000O1000O010000000O0100000000000O010001O001O1O4L001O1O001O1O0O2O000O2O2N0O2O001N2O1O0O2O0O1O2O0O100O101N1000O0101N100O1O2O\fPb2
20150430082014Th_3,Rnd[35fo16N100O1O1O00001O010O01O1O100O001N101O001000O100O10O0010N2N1IGgPN;Vo19N101L30010O01O1O2N1M3N2O1IfPNF]o17:LUS[a0
20150430082014Th_4,ghla11^Pd03Zo]O5K400O11N100001O100O10O01O01O1O001O1O01000O100O101O000000O011O1O1OO010O1O10O000000O2O3L2NWVcZ2
20150430082014Th_5,YQcd11VUd42ej]K3O001O001O0O10010O01O000O0100000O100O100O10O01MWPNOio11300O0100000000O100O3N1O1N3N0O2O0O10000O10000O01000O100O10O1O10O1000O0010000000O101O1O00000O10000000000000000001O1O0000000O10000O10000N200O0100O01000O1O10O1000O001N2N2O0010O01O1O001O1N1O2O010OO200O10000O11O0000001O000001O1O001O2N000000001O00000000000000000000000O010O010O10O0000001O000000010NO3O0O20O01O001O001O1O00001O0010O010O1O00100N2M3O0O2O001O1O1O001O100O010O100O100000002N2N1O2M2O000O10000O100N200NJ7OO2O1001O0O201N5K2N1N3M2O1O1O1O001O1O1O001O01000O010O10O10O100O000010O001O1O00001000O001000O10O1000O010O10O000001O0010O01O01000O01000O0100O001O1N10O10O11OO100001O1O10O01O1O10000O1O01000O1O001O001O1N100100O1O0O2N2N2O100O100O101O1N1O100O2N2NcmPa1
20150430082014Th_6,nUm;2no10UYh70jfWH2M20000N2M3O1O010O1O1O100000O0100O100000000O2O000O100010O000001O01O000000000001O001O00101O0O002OO2OO0010O1O01O01O1O1O011N1O1O1O00001O001O00001O000OIEkPN;So19O2N1O1O01M40M3L2O3OO0GSQNCkn1>YQN]Ohn1d09010OO200N2N3M4KcmY2HfRfM4M2N1O2N101O0O10000O100000000000O1000000000000000000001O0000000000000000000000O0100O010O1O1O010O1O1000O100000O10O0010000O01OO101O0O2L401M4LRo71nPH100N3N1M3M2O2O01N20O10O000100N1O2N200O1O1O100O1O1O10000000O10O0100000001O00000000000000000000000000000000000000O100000000000000000O100O101O0000000000001O1O00001O001O001O0000000000000000000000000000000002N1O1O0O1O2O00000O2O1O1O001O1O001O001O0000000O100O2OO100000O10000000000001O001O2N000O100O10000O1O102M2O1N2N2K401N2N5H_fPe2
20150430082014Th_7,`n\a01_QZ12WngN<J5K4N1N02O0O1O100O2O0O10001O1O2N100OO2N1N2O2N2N1011N000010O001O3O4MN01O1OO2N11O1mPNTOmn1Q1OO2O000O3NoPNSOon1o02M2N2MjPNZOUo1i002N10O010O1O2O03N4J3M3M7I:F6K=HN03J2O00010N2ON1O00`0_O9E7G7I7I5L4M4M2M3N1N2NPkdW3
20150430082014Th_8,\iZ\11YP`02coA7I3N000O1010O01O10000O02O000000O1O00001O1O3L3N1O^OjPN;Uo1CnPN=[o1O1O1000000O10000O5K1N2O001N]Uc`2
20150430082014Th_9,\YUR13;NUo13jPNNUo14iPNMUo16iPNKWo16gPNKXo1?00O100O100000000000000000O2O000000000000000010O0O10000000000O100000001N11O00000O10000O10000O100000001O01O02N1O001O00001O01O000000000O10000000000001O0000O100bPN@\o1e0L101O0O100000000mPNYOmn1g0RQN[Omn1e0RQN\Onn1l0O0000001O00000O100O100O010O1O100O100O10O1000O1000000001O00O10O10000O01000O01000000000000O01000000000000000001nNXQNj0in1RO[QNm0ln10001N2O1O001O000O2O1O1O000O2O1O1N100O2O0O100O100O100O10000O100O100O2O00000O101N2N]fha2
20150430082014Th_10,_^ih24ko12N1N3M2O0N3M3O1N1000O11O000100000000O1O100O1O100O1O1O2N1O010000O1000O10O1O01O0000O100O1O1000O2N1O2OOO2O2NjbjS1
20150430082014Th_11,[hXY31fQb00Wn_O3M205J101N100O001M201N2O0O2O0J6O1O10O2N1KmPN]OVo1?7N2G82N1M300O100O102M1O100O1O10N1K5N3N101M4M2N[WYc0
20150430082014Th_12,\\ag11jQf05om[O100N2O010O1N2M3O1O1O2N010O00KePNG[o18hPNDYo1<50KFdPN;\o1500O1O0010O10O10000O0100OJ6O1O0N0300O2O0O2O1D<M6JYcnT2
20150430082014Th_13,_VWg12lo15K3O0O101N10001O00001O001O001O010O000001O00000001O0001O0000000000O10000000O100000000O1000000O100000000000000001N10001O001N1000000000000000O010O10O010O01000O10O100O01000000O010O10O100O00100000O101O0000000O10000O1000O100000001O1O1O0O101O000O100O01000O10O01000O10O01O10000O00100M3O001O010N2N101N101O1O001O01O1O1O1O10000001O000000001O0000000O1000YOmPNa0To1\OoPNc0Wo1000000000001O00000000000000O01000O01O010O0001O0O10000001O001N101O0010O01O0N3O001O001O000010O1O10O01M3O1O1O001O1N2O001O1O1O010O1O1000000O10001nPNVOln1o00001O000O101O0O10001N2NK^QNnNbn1P17N20N2N2O02O1O4L4L1O2M2O1O1O1O1O001N2O010O1O0010O01O0100000O00100O010O0100N10010O10O010N200O100O10000O010O001O01OO110O1O100O10bldd1
20150430082014Th_14,m[kg21aRn04XmSO3N2M2N2O1N1O2N100O1000001O0100O11OO1O010O1O1O101N1O1O1O100O1000O100O1000O0001O00O1000O100O10O2N100O0001N2M3O1O01O1N1N3O10O0100M3O1OccPS1
20150430082014Th_15,\\Ug21ZTP32bkQM2N3M101N100O100O100O1]MDbUN;_j1EaUN;^j1FaUN;_j1DbUN<Qm1O10000000O100O0N3O1O001O00010O100O100O00100O1O001O1O1O01000O10000O010O0N3O1O0010000O10O10O10O101N1N3O0O1O10O100O010O100000O1O1O100N101O0O2O0001O1O010OO11OO1O200O010O100O2O001O0O0100000000O1O100O10O01001N2N100O10O0100O0100O010O1O0100001N100001O00O10000ODbPN8\o1IePN6Zo1LfPN4Yo1MgPN2Yo1;O010O0010O002OO01O10000O010O1O0100O10O10O10O010O010O001O0000100O010O0100O001000O01O100O010O1O100O010O0100O1GePNL\o12hPNKXo14;0O00100O100O1O1N1O2O1J510O000010O001O1O1O1O1O2M2O3L3N1Odb\g0
20150601122834Ch_1,l][i11ePj21XoWM2O0K6N101O001O001O01O010O01O01O010O010O0010O01O1O00001O00001N100O10000000O100000001O00001O01OZPNIco1;O1O001O00010O0001O000010O0002N1O10O01O01O01O01O00010O000010O01O001O0001O000000000000001O00001O00001O00000000000001O0000000000000000000O10000000000O100000000O100000O01000000000O1000000O10O100000000O100O100N2M300O010O01O001O00100O1000O010000O10O10O100O1000O01O1O0010000O010O100O1000O010O1000000O1000O01000O10O0100O10O10000O10000O100000N^PNFbo1:2O101O1O00000O2O1N2Neade1
20150601122834Ch_2,oojd21YQf01[n[O>K5K5H6M2O1O1O00000O100001N2N3L4M3N1O2N1O1N101O11N10001O1O1O2PRN^OVONcl1i0dSNEGFel1g0_SNDIIhl1f0YSN;il1GPSN=Qm1X12O0O2N7I2N2N2N2N4K5L4L5]NjQNR1hn1I4M4K100N3_OhPN7do1KTlnV1
20150601122834Ch_3,]PSk04ko11O1M4O0O10001O000000001O00000000O1001O0000001O010O000100O001O1O1O1O005K1N]o`R3
20150601122834Ch_4,Z[Sf21bPf04Vo[O5M101N1O2N1O101O0000000O10000O10001O0000000000000O100O10000O100O1001O0000001O0000100N11O00000001O0_OjPN8`o1N5L4KkcjU1
20150601122834Ch_5,hobT13jo14O1O1O1O0O2M3N1M2O2O00O1O02N1G:N10K4O2O110O00100O1O1O1O1002N010OO2N2N2M4L4JYQoh2
20150601122834Ch_6,WYg^14jo12M3O1N1O2M2O2BBYQN?fn1>OO2O1N2N3N1N3M2O2OO0O00011FBPQN?Po181O1N10000O2N1O3N101M5K4LUhn^2
20150601122834Ch_7,`Vmc12mo12N2O01OO101O0001O010O01O011N3N0O0010O010O001O100O1O1O010O100O1O1O2MQilY2
20150602122934Ch_1,bnnm21iQP10RnQO9E8L4K5L5M0O2O01O0O3L3L4N2M3N3N1O2N11O3M3L3O1M2N1O2N10010O1O0100O0001O02]OmPN4Xo1DmPN:]o101O0001OO10O1O2RTNERh1<lWNGQh1<lWNGRh1;jWNIUh17jWNKUh15jWNMUh13jWNNVh14hWNMWh14hWNMXh14iUN_O>>ii15dUNC=:Pj14`UNF7=]j1JZUNL6:bj1IUUN256hj1GPUN841oj1FkTN<4NRk1FiTN<4NUk1GdTN=G:gk1ZO_TN>F;kk1_OSTNn1ok1o04K4K6L5K4M3J6I6L6G;iMbRN[1_n1Ac0\OXlRl0
20150602122934Ch_2,c^cV22no11O2N2O1N1O010O00001O01O0000000001O01O001O001O01O000000000000000000000000000000001O01O0000000010O0000000000000000010O0000001O01O01O01O01O01O0010O0001O00010O00010O0001O00001O0000001O001O00001O001O00000010O00001O001O00001O000000001O000000O1000O100000O10O100000000O100O01000O10O100O10000O010O100O1O10000O2O0O10O10O100O001O1N1010O01000O10000O010O10000000000O010000O1O01000O10O100O1O1O101O000O10O10O10O001O001O10O01000O0100O1000O0100O010O1O0001N10O110O01O1O100O1I`PNMbo11`PNMaaP[1
20150602122934Ch_3,[mPT21VPn02foSO3N0O20O000001O000001O000010O01O00000000010O0001O001O01O01O001O010O001O00001O0000010O01O001O010O00001O000000001O00001O00010O0010O10O10O00010O01O001O001O1NjQUf1
20150602122934Ch_4,jhnb22lo12]RNMXk15bTN1]k1OPTN1kN2Tm1NnSN5iN0Xm1KmSN9hNN[m1HlSNl0Ul1TOhSNn0Xl1SOeSNP1[l1POcSNQ1]l1PO`SNQ1bl1oN\SNR1dl1oNYSNR1hl1oNUSNR1ml1nNQSNS1Pm1mNnRNS1Tm1oNfRN=D[O19im1S1e000O3M2OcQNgNTn1X1kQNiNVn1U1kQNkNWn1R1jQNoNWn1o0iQNQOYn1c0`QNA9IZn1c0_QNAQo1MWQN0fUY[1
20150602122934Ch_5,nTQ8=3MN;1L0C040MO00N10O20M37dj_14_TbNa0I5L3XQNQOZn1]1M2O0O2O2N1O1O4L=D00000000O1001O0O1O101O001O10O1bMcRNV2em1100OO0000O10000O10OO200O100O10000002N3M5J2O1N010001O0O2O1N2O4L2O01N1O5K2M100O1O2O001O0000O100O100O0101O1N3M5K2N1O3M2N1O2N2N1N2N3N1N2O2N1O2N1N2O1O1N2O1O001O000000100O1N2N2K4O3LbhT_3
20150602122934Ch_6,P\]Q34lo12N1N110O00001O00000O2K4O1O2M2O1000001O010O01O10O01O1O1O01O000001O00001O001O1O001O1O2M3Llchk0
20150602122934Ch_7,cRSi11ZPR15`ooN0O2O001O001O1O1O1N2N1O2O00000000O0M4O11O000000000000O10000001O0001O0001O01O1O001O01O01O01O01O001O0000001O001O000010O00O20O001O010O00001O01O00001O00001O00001O001MhlfP2
20150602122934Ch_8,]PmV14lo11O0O2O001O00000O2O0O1O101M2O2O0O2N1O1N2O10001O0001\OjPN=Wo1@jPN`0Zo11O2N100000O010BgPN4Yo1L>O1O1LXPNOho1130J7N2O1000000O10O1000O010O10O1000O01O01O1O0N2O2000O0010O1O1N101O0010O1O1O1O1N200O1O2N1N4LlPgc2
20150619133554Bh_1,ed`U36ho13M3N2N1O2O0O101N1000000O10O1O1O01000000O1O101O0O2N2O00000O1O10O01O01OO10001M1O3O0001O001000OO200O10001N100010O0001O001O010O1000O01O010000O1O0010000O11OO00100O10O10O100O100O10001O1N1O2O001O0O1000O1010N111N0O3O1N3M3M5K1O2N0O01O1O2OO10O100O1010O002N00O11O00O2OO101O0O021M111M2O003M002O5QRNmMcm1Z2O1N1O01O0O100001O1O001O102M103L002N10O2N010O2O0O10O10O20N1000O1O1O1O1O2OO110OO0102N011N1N110O0bSN[M_k1f2]TN_Mbk1d2UTNdMik1c2lSNaMUl1V3O0001O00001N002O0O100O1O1O100O2N011N2N1020OO1O2O01N`0BOOO3N1N003M101N2N1O2O0O2O2M2O3L3M2O3L2O1N3M2N2N1O2N2L4L3M9YOPRNoNXn1i0f0I3M3M6EVU_:
20150619133554Bh_2,`VQR37go13M4M2N101O000O1000000O00O2O00O1M111J610O010O10O10O10O10000O010000000O100000000001O100O1O001O010O00100O0101N100O1O1O2O0O00100O100O1O010O00100O010O002N0010O01O01O0010O00001O2OO0LCfPN<Zo1DfPN=Yo1DfPN<Zo1DfPN<Yo1EhPN:Xo1FhPN:Wo1HhPN8Wo1IjPN5Wo1KhPN6Wo1KiPN5Wo1KiPN5Vo1;0O100O100O010O100N2N2O0O2O1O1L4O2N1Nki`f0
20150619133554Bh_3,Z`Pc2:co15L3O001O00001O001O00100O2N101N1000001O000O101N10000O010O100O1O1O1O100O10000O0100O010O0O2N1N2O100O1O1O101N101O2M2O2M3N1O001N101O1L4N3Lj^gX1
20150619133554Bh_4,fkbT11hQ81jlI:^RNI]m1;^RNHam1`0WRN@jm1e0PRNZORn1k0dQN\O[n1T16K3L5L2M1N2L3K7L[SWj2
20150619133554Bh_5,XkdX21_PP10_oQO5I5N2M2O1O1O1O1O1O001O1O001O1O0010O002N2N2O0O1O1O001O0100O01O1O001O010O001O000000000000010O00010O00010O0100O0100O01000001N2O000O0100O100O010O1O10000O1O2N2N4KPS[a1
20150619133554Bh_6,Vcld16io13M4L3N1O002N1O1O001O001O00000000O100000000000O1000001O0000001O0010O01O00010O10O010O10O1O010O10O010O010O001O001O1N101N101N10001O0O1000001O000001O01O0000000000000000000000000000010O0101N4L011N10O01O0010O0001000O02O0O100O00100O1O010O001O0000010O0001O01O01O1O1001O1N3N1O0O00100O001O001O0000010O0010O0010O0001O00100O01O00010O00001O001O1O001O1O1O1O1O1O00001O1O1O001O000000001O0010O001O00001O001O001O1O00010O10O1000O100O0010O010O0100O01O01O10O0100O10O1O0100O10O10O100O001O1O1O1O100O01O01O10000002N1O1N03N100000O1O100N01001N2O1O1N1O1O002N100O001O010O0000100O010O1O100O010O0100O100O10O01O1O101N1ObSNhNVj1W1gUNlNYj1S1eUNPOZj1P1fUNPO\j1n0cUNTO^j1k0`UNWOaj1g0[UN^Oej1a0VUNEjj1:UUNGlj18RUNJoj15PUNLPk14PUNLQk13nTNNTk1OlTN1Wk1MhTN4[k1HfTN8]k1DdTN;_k1AdTN>_k1]OdTNb0\k1^OdTNb0_m1N101N1OeN[O[SNf0cl1\OnRNLEg0\m1_OlRNMHd0[m1_OmRNMHd0[m1@kRNNIb0]m1@hRN0J`0`m1@cRN2M<bm1C^RN308em1FYRN307g0]Ook18[SN4N6h0Aok12]SN7L4h0ESOJgl16bSN7L4h0ESOJhl14fSN4I7f0Nkk1C\TN<K2Rm1KnRN7Sm1FnRN;Zn12O001O00001N2O001O1O1O00001O1O0100O2N10O01O00100O001O01O0001O0010O01O0000010O00010O00000010O0010O01000O00010O10O010O010O010O0100O3N3L5K001N4LXSia1
20150619133554Bh_7,PcZ?1bQd0>mm]O7UOk0I3N3M3M2N2N2O1O2O0O001O0000001O101O[N_RNk0_m1ROhRNk0Ym1POkRNo0Xm1mNjRNS1Rn10O011O2M3M2N2N2O1N2OO3M<E2M8H2N2N2M2O2L:H4JfYU]3
20150619133554Bh_8,fZTR11dRd08Pm]O5M2M2N3N3L4M2M3N3K4M2O1N3M20O01OUOjQNNUn10PRNNPn10TRNNjm13YRNKdm17^RNH`m18bRNH\m19fRNGXm19jRNFSm1<oRNCPm1<RSNEkl1<VSNDhl1<ZSNDdl1<^SND`l1=aSNC\l1?eSN@Yl1c0gSN]OTl1g0mSNXORl1i0oSNVOQl1i0QTNWOnk1b0[TN\Ofk1b0]TN]Obk1b0aTN\O`k1a0Q2N2O1N3M4Kgd]j2
20150619133554Bh_9,USgP18fo13M3N2O0O2N1O1N2O10O01000O01O00100O1N3M101N2O1N2O100O01O01N1O2O10O100O1N2N1K5O1M3O1OiN[OUSNe0kl1_OQSNb0hl1]OXRN3m0`0ml1HPSN9Qm1GmRN;Sm1ElRN<Tm1DkRN>Tm1BkRN?Um1AiRNa0Wm1_OhRNa0Xm1@gRN`0Ym1AfRN<^m1D`RN;bm1F\RN;em1FXRN;im1EVRN;km1DVRN;jm1FURN:lm1ETRN:nm1FQRN9Pn1HoQN8Qn1IoQN6Qn1LmQN4Rn1m00010N0N0102O010O1XOmQNCUn18QRNCSn19TRNCnm1:WRN_Onm1?k0N4KZPUj2
20150619133554Bh_10,Wbl=2^RR28UmoM7[Oe0F9K4L4M3M2O1O001O2N100O1O1O1O101O03PN_RNZ1Xn1L001N0010O4N3K2N2O3M1N20O7J2M1020N001O100N0102N2M2N10VRNfNol1V1nRNPOQm1n0lRNTOWm1i0iRNXO[m1f0aRN[Oam1f0ZRN]Ohm1g0PRNZORn1Y12M101N3N0O2O0O4O06LN4MOO011O2M001N2O0O5K2M4J6F9L4M20O1O<E8G1O0001O0001001N002N001K5O1O20N20O01O01O10O0O2O001N02O1O000O20N0100O11O00O20O000002NO010O00000001O000000001O0000000O100O10000O1O2O2M2O001O2N1O`U[V3
20150619133554Bh_11,RYdm0242bo1N^PN2mSP53fkQK5K3M4L5M2L5L3L3L4K5L3M4N1N2N200N101N2N2OlNWRN3gm1M^RN0`m11bRNN\m13gRNKWm15mRNIPm19RSNFll1;USNEil1<YSNCdl1>_SNA`l1?cSN^O^l1`0eSN_OZl1a0gSN_OXl1a0jSN]OWl1c0iSN]OoNCSm1P1nSN]OoNCRm1P1QTN\OkNHRm1j0UTN^OhNMol1c0[TNLek12^TNMRO\Omk1c0UUN]OdN95MYl10\UNi0nl1O001O1O1O0O10000O10001N10001O0O01000O100O2O1O1O2N2N2M3N1O3L`P`0Keo_O3M2O1O0O110O000000O1000000Oko5NmPHLhn17SQNOjn13SQNOln12SQNOmn12QQNOPo11nPN0So1>1O2M2N2O1N3N2N001N3N2N2O1N11\PNMXo15bPN2Zo1?L3L1O2N1O1O00001O1O1N10001O1O010O01O002O0O1O1O1O01O01O010O000001O000100O010001N1O010O1O001O1N2O001O0000001O00000000000000O2O001N2O1N3N0O2O002M2O2N1O00001O00100O010001O0O11O01O1N02O0O24MNO3O0O002M100O2O1N2N1000001N1O0100002NO001O100O1O2N010O1O20OO10001OO02O0O2O01O00000O001O1O1O0001O000010O000000000010O101N1O010O1O1O1O100O01000000O0010O1000O11O0000O01000O1O1O10O00001O0000001O0O1000001N10O1000001O01O01O0010O00000010O00100O10O010O0100O01O010O010O0000001O001N101N2O001N1O2N100O101O0000001O001O0O2O1N101O0O2OW\mU2
20150620161314Mh_1,V]]m22lo13N2O1N1O2O0O1000001N1000001O000O1000O0100O10O01O1O0100O001O0100O010O1O1O000010O0000000010O01O00010O0001O0N2N3N1010O0010O01O1O1O001O1O1O1N1010O01O10O01O01O010O1O00100O1O010O10O100000000O10000O10000O00100O101O002N1O1O001O0000O1000000O1O0100O2N1O3M\djj0
20150620161314Mh_2,VlnZ11iPT16mnmN6J5L4M3N5K2M3N1O3N1N100002O1N3L2O1O0O010000000101N000120N2M1O00O10001O1O2M10O00001O101M3N2N1O1O1O001O1O1O0O101O0O100O100O1O0010O10O010O100O010O0100O10O010O0100O000100O1N2O2M2K[PNM_Q]^2
20150620161314Mh_3,]gTb11UUX11ijiN1N2O00010O01O00010O100O000000N2M30O1001N0100N10000010O1O100O1O1N101O10000aLHVWN8hh1KXWN4gh1OWWN1ih10VWN0ih11VWN0ih11WWNNhh14XWNLgh15ZWNJdh18\WNHch1:\WNFch1;]WNEbh1=\WNDdh1=[WNCeh1?YWNAgh1`0XWN@hh1c0UWN]Olh1e0QWN[Ooh1g0oVNYOQi1k0kVNUOUi1n0hVNROXi1R1cVNoN^i1V1\VNjNei1a1oUN_NRj1a1lUN`NUj1a1iUN^N]j1_1`UNbN`j1a1\UN`Nej1b1VUN`Nkj1a1RUN_NPk1b1mTN_NUk1`1jTN`NXk1HjSNY1k0oN^k1ElSNOLo0f0^Odk1AYTNS1M_Ohl1b0SSN@ol1`0kRNDXm1a11N2M201N2N3N3L4L3M2M3G9K5Lf0UOTUQW2
20150620161314Mh_4,^_^`23mo11N101N2O1N100O1O2N1000O010000000O10O01O1O100O010O10000000O2O000000000010O00010O01O010O010O010O00001O001O00000000001O00000000001O00000000000M3O1000001O000001O001O000000000000001O011N0010O01O00001N101O0000001O000001O0010O01O01O01O000001O00001O0000001O01O01O000010O00010O10O0001O01O01O1O1O1O002N002N3M1O2N1O1O001O00010O0001O01O00000000]OoPN7Ro1GPQN8Po1HPQN8Po1GRQN7Po1HPQN8Po1GQQN9\o1O002N1O1O0HZPN6ho110O0001O010O000001O0000003M0000001O0OPP21ooM1O3M101O1O0\PNH^o1?O001O0O101O1O001O00001O001O00000000001O000000000001N1000000O10001N10O1000AfPN8Zo1HgPN6Zo1IhPN6Yo1HhPN8Xo1GjPN7`o1O1O2N101LV_go0
20150620161314Mh_5,YUUZ31`PV12\okN1O1N3N1N2fPNIjn18VQNIhn19VQNHjn18VQNHjn18VQNIin17WQNIin17WQNJin15WQNNgn11YQN1en1OZQN3en1MZQN4gn1KWQN8hn1IVQN8jn1HUQN9ln1=00010ISQNXOnn1f0WQNWOin1g0:M2O2N1O100O2O0O10gPNDnn1<oPNHPo18mPNKTo14kPNMWo11iPNOXo1;2O2N0O101O0O10000O101O0O2O0001O01O01O001O001O01O0001O001O001O0010O0010O01O00001O001O00000010O01O001O001O001O1O1N101N_ib>
20150620161314Mh_6,d[Wh01no12N001O1O1O100O1O1O100O100O1O1GFkPN;Ro1;O001O010000O10000O1000000O100O1O100O001O01O00010O01000O10O10O100O100O100O1O1O2N101N1O100N2O1O1O1O000000O01O0011M2O1O0I701O1000000000ON3000O1O100010O01O1O1O010O2O000O1001O001N101N1O100O10O01000O1O010O1O1N101NGRQNCmn1=:2O0O1O2O0000O2N0100000O1O1O2M201O001O001O10O10O100000O10O10001O000O100000000O1000001N100O2O1N1OmgRm2
20150620161314Mh_7,[lhe16ho13N1\LMZWN5dh1OYWN1fh11YWNNfh14ZWNLeh16ZWNJch1:\WNFch1;]WNEbh1<^WNDah1=_WNCah1>^WNBbh1?]WNAch1`0\WN@eh1a0XWN@hh1c0UWN]Okh1e0TWNZOlh1i0QWNWOoh1m0mVNSORi1R1iVNoNXi1T1cVNmN^i1e1oUNZNSj1e1mUN[NUj1d1iUN]N\j1_1bUNbN_j1^1^UNcNdj1^1YUNcNhj1]1VUNdNkj1]1SUNcNoj1KkSNN1e0R1CUk1FYTNg0`0CZk1CXTNj0;D\l1;aSNG`l1?USNDml1=oRNDTm1;gRNIYm1^12N1O2N2O2M7I3M3L3L4K5J9Hd0WOSUQW2
20150620161314Mh_8,Vkbg29eo13N2N2O1N2O3N0O1O100O100O1041LO10O0XOkPNd0Yo1000O001O001O010N100001O1O0O3N1O001O1O0100O01O100O2O0O010O1O010O1O10O10O10O02O0O1O2M3L`SaT1
20150620161314Mh_9,`j\f21ePT17RomN2N3M2N2N2O1O1O2N1O10001N102N13M00O01O3M0O0100O001O00001O0001O1N2O1O001O1O010O010O10O0101O000O0100fPNBQo1=nPNGPo1:lPNITo1b001N2O1N2OO10O02N100O101O2M=D000OHDmPN<\o1OHElPN;So1EnPN:Ro1FoPN:\o1O0010O01O01O0100O100O100O1O00001N2M]RgR1
20150620161314Mh_10,cjbf21dPn03UoSO6K4N0N3N2O2N2N100O1O100O101O4MQOQQNk0So1O001O3M000O01O001O00001O0001O1N101O2N001O001000O01O010O2O0000O01O100O1002M4M2M01N2O001O2M2O10001N1O100O10O010O0001O1O010N2O1MUS_S1
20150620161314Mh_11,ncVe01ZPj02koUOO`o1>J3N1O1O001N2O4L1O2N1O1O0010O00001O1O002N1O2N1O0000000O10O10O100000000010O06K1N101N0100O001O000000001O00000O1001N3N;E2MgZUV3
20150623152934Ch_1,Ymhb01gQV27PnkM2N4M10000O0101OO1O010O10O0100O1O1O01O010O00000O100001O1O010O001O010O1O000O10O1OO2O10000001O01O0UQN^OXn1c0fQN@Xn1b0dQN@\n16`QN9_n1FbQN:^n1FbQN:`n1D`QN=`n1B`QN>cn1^O^QNc0on11O1O1O2N1O1N3M201O2:D3O00000O20N0N210N1O001O01O10OO2O0O3N1O0O3NO11O0001O011N1O2O1O0O110O0O2O1N1000000O10b0]O3M3M=D4K2N2OO0100N2N2O2M3M30`McSNj1Xm1J1O1N00O101N4L5J4M3MoMaRNb1`m1UNkRNi1jm1L20N01iNoQN=Qn1_OSRN?om1\OURNd0fn1N000O2N2M4M4K3M4Khh`Q3
20150623152934Ch_2,RWce11ZTP31_kQM7L2O2O0O2O10O01O1N20002M011N10O0010O0100O010O1O010O00001O1O00001O00001O000000000000000O1000000O0100000000O10O100000O100O1000000O10O10O1O1000000O100000O10O010O10O10O0100O01OO01O1O110OO2O0010N100O10010O01O1000O100M3N2O00100O10O0100O0O010H801O_OXQNJin17WQNIhn17ZQNGfn1:ZQNFen1:\QNEen1;[QNDen1;^QNBcn1=`QN@an1a0_QN^Oan1b0?0O0010000N2O010M3O1N101N2O1O10001N1000001O000001O01O0001O001O0O2O0O1O2N1O1O1N10100O100O00001M3O1O00KAkPN>Uo17I510O01001O10O01O00001O001O01O010O01O010O01OO10O20OO200N200N101N2O1O1O10OO200M3O100O101O001N101N2O1N2O1N3Mhgdh1
20150623152934Ch_3,X]RT21QQn16gnSN3L8I1O100O1O1O00001OO20NL50O10100O10O0100O10O010O0O2O10001O001N1000001O0O10000000000000000000O10001N1000010O00010O10000O01O13MO2O00O10O2OO02O1N1O0010O001O1O1O100O1O1O100O10O0010O2OO000O10000O10O10O1000O10O100000000O100O2O01O00001O1O10O01O010O010O001O00010O10O101OO0100O010O100O1O2N1O2N1O4L3Mi`i`1
20150623152934Ch_4,^fRi21dPf03Wo[O2N4N1N2N3M3O0000O2O0O1N2O1OO010002N3M0O010O01O002M2O100O2O1O0000001O00010O10O100O2O1O01O1N3L4N<GM1N1O1N4ZOnPN6ao1M3KUVgR1
20150623152934Ch_5,Ymnf21cPd00Zo]O5K3O1O0O2O01O01O>B3M1O1WQNTO]n1l0`QNWO`n1i0^QN[O_n1T100O2N01O2N100N10001O00001O1YOYQN3in1E_QN:bn1BbQN<Qo11000000O111N1O10N010O1O001O010O10000002M21O0O1N3M8GSPiT1
20150623152934Ch_6,oc`V37go16K4L2N100O100F:0000000O100O2N100O1O1O1O1O002JfPNB\o1=4000ePNB13in1;TQNF00kn1;SQNH0Nln19UQN2kn1KWQNNMLjn16[QNMNIhn19[QNNln12TQNOkn11UQN0jn11UQN0jn10VQN5dn1M[QN6bn1K^QN5an1L^QN6`n1K_QN7`n1ZO^QN;3:dn1E_QN9an1F`QN9`n1G_QN9bn1G^QN9`n1H`QN8^n1JdQN5[n1KeQN5Yn1MhQN2Wn10hQN1Wn10hQN0Yn11aQN]ONc0bn1i0000000N2M4O1O1N4M2N001N2O0O001000O010O001O000100O100001O01O001O0O2O00010O00010O10O01000O0101O00006J1O1O<D2N1N3N1N102N2N1O100O01N2N100O0O2L3O2O2M2O1ChRNoMZm1n1?RN[RN]1Vn1N3L2N4YOeQNAbn14j0IiZo`0
20150623152934Ch_7,\nTe22no1100M2O2O0O1O1O1O1O1O1O1O1nNB`RN`0^m1C_RN?_m1D]RN?bm1C\RN>bm1E\RN<cm1HYRN9fm1JVRN7im1LTRN5lm1o00N1M4O0O11O1O00ON40O002N2AnQNmNVn1o0`0K7K5ERT[X1
20150623152934Ch_8,Rnjf01ZR\12_meN6E;L3O0O3N0O3N2N1N2N2N2N2N3O20O2N`0B0O1OO1O1O0O010O1O10O001O00001N101N2O1N110O01O10001N1O101N110O2M101N101OO0102M7UQNhN`n1c1I3M6J>B100O100O1O0O3M4L3N3O]M`SNo1_m1E1NO000O102M5K3L5L2O1OjMaRNk1om1K5M0O0O1fNPRNa0Qn1[OSRNe0en1N2N2N2N003M6I4L4Khh`Q3
20150623152934Ch_9,QkPT21ZPV12bokN3N2N00101O0O100010O01O00O0100O01O10O10O2O0000000O10000001OO10000O010O10O0001O01O010O001N11O01O0010O000100O0010O0000000000000O100000O01000O01000O01000O0100O010O10O010O010IIdPN6^o1IcPN7bo10100O1O002MnSmd1
20150623152934Ch_10,\nRe26jo11N2N2O1N100N3N1O1O2N100O1N20ON2RO[OaRNf0]m1^O`RNd0_m1^O_RNb0`m1DZRN=fm1FVRN;jm1GTRN:jm1m010OM30O10O1001O1K42O0O2N3M2N2O10lQNaNgm1`1WRNbNgm1Y1WRNPOhm1CZRN=3NL2gm1AVSN;SO5jn1LSQN5on1=10000=C001N100O1dQNfNQn10nQN\1Qn1bNRRN]1Yn1001OO100O1O1O1O001O2N001O1O2O0RO^QN=To1N100000O200O10O0000O10O1O00001000O10O11O1O1O01N102L5LYPgT1
20150623152934Ch_11,XkP_21mPf05ln[O2N2_PNHXo1a00OO1N2N1O110O10010O01O4L2N1O01O100O3N3M1M6J7H4N2N2N11O5L8HRRNPOkl1o0nRNWORm1o0cRNVO]m1l0^RNUOdm1l0VRNXOlm1\15K2N2N3M3M6I3N2M3M3M4^Oc0H^RU]1
20150913082034Lh_1,fUU`11XPR15iomNMdo19O001O1O01O^PNE_o1>00000000000001O1O002O1N4L1O2N001O1O0100O1O010O001N1000000O1000100O4L1O1O001O1O1O1O1O00010O001O001O00001O00000000O10001O000001O00000010O00000001O1O1N2N3LUi`Y2
20150913082034Lh_2,`QgZ21mR:5glG:K1N3N0J7L4M3APOcQN22P1Tn1c0O010[O^NlRNa1Tm1mN`RNS1`m1>9K4N3G9J6E<I7N2Nmm`c1
20150913082034Lh_3,T]UT11cPb04Wo_O3N1N2O0O100000000EHlPN:So1:001O00100O00001O01O00O2O1O00000001O0001N3N1O1O2N1O001N3LXbhh2
20150913082034Lh_4,X`S^21lPj06knWO3M3N1N2N201OO101N1000000000O11OO2HBkPN?To17O2O0O1O1O1O10O1N2O2N2N2O3L3N0O1O10O01O1000000O100O1O100O0100O1O101O0O2O0000O102N9GS_X]1
20150913082034Lh_5,lTef21YP>4aoC1O2N2O0000010O0100000O0010000O2N101O100O11O000O1O1O1N1O1O2M3KRjlV1
20151003081954Uh_1,_d^^21kQd01Wn[O4ao1=H8H8H6K2O2M2N1N2N2N101OWOlQNIRn11WRNNfm12]RNMcm12`RNN]m12dRNO[m10gRN1Wm1MlRN2Tm1LoRN3ol1NSSN2jl1OXSN1el1O^SN1al1NaSN2^l1NcSN3Zl1NgSN2Xl1NiSN2Ul1NmSN2Rl1NoSN2ok1NRTN3lk1NUTN2hk11XTNNgk12[TNNck13^TNM`k14aTNK`k13dTNJ\k16eTNH\k17gTNGYk18iTNGVk19lTNFTk19oTNFPk1:QUNFnj19UUNEkj1;VUNDkj1:_2N2M4IlZk]1
20151003081954Uh_2,SViR31[VX26]iiM3J4M2O2O1N1O200O1O1O2N1O000O2O000O011O00000O0100O100000O001O2O0O1000O1000010O00O1O1N2O1OM4N01010O1N2O1O00100000001O00000010N1O2N011N1O100010O1O1O1O001O2O00000000N20000O10O10O1O1O1O1O01N2N2N2M3N2O1N2O002N001OO100O2I6O101N2E:O10O001O10O001O101O1O2N2N2O1N2O0O2O0O101O0O1000O01000O1O0O2N101O1O1O1M3O001N2N2N2M2N3O1O001O1N2N2O1M4M4K6I`hb`0
20151003081954Uh_3,^]cX21TQP17cnQO6J2O1N3N1N2OO10000000000000O1O1O1001O0000000000000O2O0O1O100O1O1O1O100O010O01000000000O0100000O001000O00100O1N102OO0100M3N1N3O0010O1O100O1O100O2O2J:DTbda1
20151003081954Uh_4,jebf21YPf06_o[O3M5K5L3M3N000O01JlPN]OVo1a06O1O1O001O00001O1O00100O0010O0010O010O01000O0010000000O01000O010O0100O010O1O1O1O2N1OnX]U1
20151015170634Ch_1,XPga01nP\12nneN2N2N2O00000O100O101O1N1001O100O00O101N1O1O2O0O100O2O1O0000002N1O1O0100O1000O01O02N1O3M2N001N2O1O001O001O2NPOYQNi0en1UO_QNk0_n1TOcQNl0\n1SOeQNm0hn11N2XQNoN]n1R1aQNPO^n1[1N1O2oQN^N`m1c1]RNcN`m1\1^RNgNam1Z1YRNkNhm1g1002OO000O100O0010O01O1O2N1N102M1O102N1N1O2O0000bNgRN5Ym1ZOgRNH206BJ?Wm15iRNI10<0jl15jRNLOO>Okl13jRNNNJe03dl14iRNOMJi00gl11dRN5KJm0Mjl1N^RN;LIUo16lPNHWo16jPNIWo16;Nem^V3
20151015170634Ch_2,]_`h01nQh14gmYN6L5M2N200N1O1010O0L5M2O2O001N200O100O10000001O1O0O2O0M3O1K5O2N10000O01O1N1100O10O100O001O000010O1N3N1O1O2O001O001O01O3M1O01O000O010000ImPNGln1:TQNFon17QQNIPo16PQNJRo1`02O00000O2O010ZOiPNa0[o11O0001O0000O010O22M0O100000O001O010000O01O1N110O00010O01O00010N1001O0O11O100O001O1O1N1O2O0O2N1O2O0O200O1O2O0O2NU`Wm2
20151015170634Ch_3,^ljT25fo1`0^PN@ln1n0L3_NnNkSN]1lk1nNjSNW1UO]Nhl1>RTNg1`k1[N^TNj1]k1XN]TNo1`k1TN[TNP2dk1RNXTNQ2gk1UNQTNo1nk1S1N1O10N2gMYTNoN24ik1g0dTNaNM:BCTl1^1YUNlNPk1Q1TUNiNQk1W1l100M3M21O1O10J6N209G4K:FiTSi1
20151015170634Ch_4,_XSi01`QR12\noN001O1HNaPN3^o1NaPN3^o1701O10O0010O001O0IDjPN>To1701O1O3N001N001O10OO2O10O01000O001O1O100001O010O101ON2O4K101WOlPNd0Yo1O100O1O2N2N2O001O0O1000O1O01O1O1O1O1O1O1NUfbQ3
20151015170634Ch_5,Pf`T11kPn02onSO6L4M4M1N3M6K000O0O1O100O11O0100O1O3M4L3N0010O104K0O2O1N010O1005J1O6K1O0003UO\QN2gn1KYQN5gn1JYQN8fn1HYQN;dn1d0L2OUOcQN6Zn1GlQN7Sn1EQRN<nm1AVRN?im1@XRNa0hm1^O[RNa0cm1^ObRN?]m1AdRN?\m1_OhRN`0Wm1^OmRNa0Zn10N0O2N4L4M2O1N11N7JO10O1O0O2N2O2N2N1O0FdPNOkUoe2
20151015170634Ch_6,mnRa02XR\20dmeM2O2N2N3M2N2N1011N2OO001N1O2N1O10001N2O001O001O002N100O0001O100O1O01O1O2O0O2N1O1O001O12N1O0100O0O010O2O1N5K3N1N2N2OO01000104K:F1N3M2O000O1O100O3M3L3N1N4M2M3N1O001O003M1O1O11[MUSN20O0k0nl1kNXSN5k0h0[l1WOfSNh0Zl1WOhSNi0Xl1TOmSNj0Sl1TOoSNl0cm101O1O1O1O00O10001O000O2O0O2O2O0N3O3M2N0hTNoN^g1R1^XNQOcg1n0[XNTOeg1m0bWNiNQN;]j1o0]WNhNUN:`j1m0XWNjNYN9aj1n0RWNhN^N:bj1P1^UNfN^1;Wi1ERUNi05ZO`19mi1:bTNA[17Vj1:VTNH]10_j1R1^UNPOcj1o0ZUNTOhj1k0UUNWOmj1g0kTN\NVOo0Pl1b0iTNGYk17eTNK]k13mSNeN;Y1jk10iSNkN:U1Pl1NfSNnN9T1Sl1LeSNoN7W1Ul1HeSNPO5Y1Xl1DeSNRO2[1[l1@STNa0Rl1QOVTNo0Tl1dNPTN\1Zm1O3M4M0O1O1000100O2O0O1O2M3N2N1O2N2O1N1O1O2N1O3N003NO0O0010O1O1O1O2M3NTffQ3
20151015170634Ch_7,XYWi14jo13N1O0O1O01O1O01O1N2N2O1]Od0K4F:000N3M6jNdQN?Zo1Dhg^U2
20151015170634Ch_8,hXU`38fo14M1M3N2N2O1dN]O[SNc0cl1_O[SNb0cl1A\SN?dl1CZSN>fl1CTSNb0kl1@RSNb0ml1@QSNb0nl1_ORSNa0nl1@`RNG2h0_m10_RN2bm1U11O10O0O1O2N1O1O1HhMfRNY2Xm19N2M3K5K5O1O1O1001O0O10O1O1N1N1O11O00O1O101N201N1O000I8O00N1L50000O2O3N2M7I3Bc0E:H9I6lNmQNMWo1H:EmiZ;
20151015170634Ch_9,VQYc05ko11N1O100O101M3N3N0001O2N1O01O0O2N1O1O100O2O001O001N10100O1O100O01O001000O1O1O1O2N1O1O1O1O001O001O25K00O01OO1O1O2O8G2N2N1O2OO0116I0mQNZNlm1o1N1N2O0O1O100O002N3M3M2N1N5L2M3N1N100O2O1N101OgNVSNAfl1YOYSNK2O;e0Yl1]O]SNN0LLGa0R1Vl1[O^SN0OIc0k0Vl1TOZSN7NGf0o0^l1ZOmRNDi0P1Zl1[OQTNc0ok1\OTTNc0kk1\OWTNd0ik1ZO[TNd0dm1M0O11OO11O000O3N000O6J1001O1021K3M002OO1100O0OTOZQNH3`0bn1CjQN<Vn1AlQN`0kn101N1000O104L1ON2O1N4K2L5H^iRT3
20151015170634Ch_10,W[[Y11`P`12[oaN3\PNLYo15cPNO]o1:O1000O1000001O000000001O00000O100000001O00001O00001O01\PNFao1>N10O0100O010O1O100O1O010O100O1O1O001O101N03N3L3N002M1O2OO0001O010O1O03N0O00010O00O101O000O2O000O2O0001O0000O200O0100O001O010O001O010O1O010O010O0000010O0001O1O3LjbT^2
20151015170634Ch_11,]b[m14cn1O`RN3Wm1;dRNFgl1OhRN?>Cil10cRNd0a0^Okl11_RNd0d0]Okl1Q1lRNgNH8[m1Q1hRNnNL1[m1T1gRNlNL1[m1W1fRNYOYm1f110300fMhRNi1Wm1SNUSNg1il1UN]SNk1\m1OO00`NQRNo0om1oNTRNP1lm1oNURNP1lm1oNVRNP1jm1oNYRNn0im1QOZRN<ALQo1OPQNNYo1JU^PQ2
20151015170634Ch_12,QPaa01TQf14fn[N2O1O0O100O011N1O3M101O03M1O0000O2M201N100O101O1N101O001O1O1O10O010O100O10O002N1O2N2N001O1N2O001O1O1O2OnNYQNl0en1QO_QNn0jn1O10O1O2N3UQNnNcn1Z1M1O1O1O1QRN`N\m1a1\RN_NK3jm1P2OO200OO2N100O010O1O1O3M3M3L2N4M2M3N0O10000O2O0000XNQSNa0ml1mNSSNJ10<?\l1EYSNK0O=c0Yl1@\SNNNLa0f0Ul1_O\SNOMJg0g0Rl1\O[SN2MIk0f0Pl1[OXSN6LIo0f0Yl1BhRNGR1f0Ul1BjRNGT1f0Rl1BXTN=hk1@^TN=bk1B`TN<ak1BaTN>am1O100O10O1O10O01000O1O2N100O1O00O20O0O2O5J101O0O2N1OmjfT3
20151015170634Ch_13,nVQ`0>^o1;Ff0\O?@>C7G7L4M2N2N1M5K_MhSN_1Tl1]N[TN[1bk1bNlTNV1Rk1hNVUNT1gj1lN_UNR1\j1POfUNo0Yj1POlUNm0Tj1ROoUNk0Sj1SOPVNj0Rj1QOSVNn0`l1N3M3M1N4M6EffV^3
20151015170634Ch_14,QUQk11XP<3boE5M1O1O1O2O0001O2N00001O00O200OO100O0012M1N10001OO7J1NQjjR2
20151015170634Ch_15,W]mU18go11N200O1O1O00100N2N10M3N20000O101M2O4K\cjh2
20151015170634Ch_16,[[kY11^PP10_oQO2O2ZPNOZo12cPN1\o19100O100000001O000000000O100000001O000000001O00001O01[PNGbo1=N100O01000O1O00100O1O010O100O1O1O001O1O2O02M5L0O2O2M2O0O0000010O1O1O12M001O01O0000001O0O2M201O001N10UcP`2
20151015170634Ch_17,fTa?1]R`06SmA?F=lPNVO^n1g1cQNVNml10RSN24U2el1n0I4K6L3M4L2N4M10_M]TNd0_k1SOVUNd0hj1XOdUNb0Zj1\OlUNb0Rj1\OTVNa0li1^OWVN`0ii1_O[VN=gi1A\VN<gi1A\VN=gi1\O^VNa0li1SOZVNi0hi1SO\VNk0_l1L3M4M8H5J5L10Ufn]3
20151026171014Mh_1,hced2451\o1:01O0O100000000O10000O1O1O0N3O1J5O2O010O001O010O1O010O010O1O001O10O10O001O01O000010O00100O0010O010O10O010O010O1O10O10O100O001O100O100O1N2O1O1O1O010O00001O0O100001O0O2O001O1O100N101O100O000000O2O001O01O01O010O001O0001O000000M3J6M3O2O000O10000O2O001O01O001O00001O100O1O1N2O1N2O1O1O1O1O1000O001]OgN^RNY1am1kN[RNW1cm1c0010O01O01O00001O0O2O1N4TNQRNa1Yn1M2NN3N12O0N3O0O2N2N1L5L4O2L4K5M2N3M2N3M2O2Lf`jo0
20151026171014Mh_2,\^US14jo15H6O1N1O101O0000000001O001O0O2O1O1O2N1O1O0O100000O100000O1000O101O000O2O0O10000O010000O0100O001O001M3O0O101N1O101N00100O010N2N2K6M201N2N1O2O1O1O1N2N2N2N2O1N2N2N1O2M200O\OVRNUOjm1h0eRNkN\m1T1i0M2M3N3L30000O11O0O010000N1000010O100O100N4L3O2N2M5Kgdfe2
20151026171014Mh_3,XZ]g11XVh18XiYN8J7K3N3L4M2L4L300O1M201UOjNgRN[1Ym1kN_RNX1am1c0OO20000N102OjNRNZTNl1hk1XNTTNc1Rl1`NkSN_1Ul1eNfSNP1gl1Q13O2L4G9N2N2M3O1M3N3N2L4M2O2M3N1O2M2N2O1N1O2N101N100O1000000O10001O001O00100N10100O001O0O1000O10010N11O01O00001N1O1O2N001O1L4N201N20000O2O0010O001O2O0O1O4L3L2O3L2O0O2O0N200N2O100O1O1O10O010O10O10O010O0100O2N1O0O2OO20N2O1OZdXn1
20151026171014Mh_4,Zgh]11`Pj04ZoWO3L4M3M2O3M1O2N0010O010O1O0010N10001O10O02O000O1O100O2N1001O1N2O1N100O010O1001O010O2N000O01O1O010O1O001O2N1O00001O010O2O1N2M3L7IjV[]2
20151026171014Mh_5,mgZn21lPV14VoiNMco1;L3O1N1O1O010000O2O001O1O100O10O10000O001O101N100O01O01O001O2O2M1O17I1OO1O10001O01O1O000O10000000O1O1O1O1O2N4L4L110O02N2N00000000001O01O001N1O2N1O2N3M2O2N3M15K7G3N3M1N1O2N4L3M2L3L5L^Tgj0
20151026171014Mh_6,mdXV32mo13N0O101O0000O1000O10000000000O10000000O10000O1000O11O0000000000000000O1000000000000000000O100O100O1000O10O100JIbPN7_o15O100O0100O1O00100O1O010O001O10000O100O011O0O1O1O2Kj[ad0
20151026171014Mh_7,PXQf06ho15PQNMkm17PRNNmm17mQNMR1FWk1a0cSNMR1DXk1d0`SNg0;gNnk1e2kSN]MQl1Z3O1O2O0RTNbL[k1_3bTNgLZk1Q4O1O1O00010OO100O011O00O001O0O1001O1O100ChTNQLZk1l3>O2N1N3N1O1O9G8H4L2O2M6J3N1N2N3N6H4M2N4L2N2N2M3M3I6N3L4J6M2M3O1O2N2N1O2N2M3N3M1O1O1O101M200O2O1O0O101N100000of^T3
20151026171014Mh_8,TglR11RRd06dm]O5F:M1N3L3N3N1N2M3O1N1O2O1O00BeQNXO[n1f0a0M2M3O1O1N2O1O10000000000O01010O1O1OO11O001O00100O00100O2M3N3M\X_i2
20151026171014Mh_9,lW]e01VQP17`nQO4L3fPN0_n14\QN2Q1_OUl1[1hSNkNUl1V1gSNmNXl1T1fSNPOWl1P1gSNTOVl1o0hSNSOVl1n0hSNTOXl1m0fSNUOXl1l0fSNVOYl1Y2000O100000O10O10000O2O0O1CUSNeMkl1Y2WSNgMjl1U2ZSNjMfl1U2ZSNlMfl1HUSNU26RNml1l1TSNTNml1j1TSNUNml1j1USNTNll1k1USNUNkl1j1VSNVNil1j1XSNTNjl1l1e0O10O000O2O01O1O1O1O1O1O1O1GlQNeNVn1Y1mQNcNVn1[18N3M2K5M3N2O1N3N1O2N2N2N2N2M200O1O2N100O101N2O2NnfhT3
20151117212434Ch_1,g\_e11hSf15Pl[N3N2N1O2O1N2O100O001O1O001N101O0007J1N101N0010O1O001O1O01O00000000000000000O10000000000001O0000000O1000O10O1000001N2O0O100O1O0001O1O10N2O1O101N101N2N1O100O1O001N2O0O200N101O001N2O0O2N2VOlNfRNU1Zm1mNdRNS1\m1oNbRNo0am1RO]RNn0dm1ROZRNn0gm1TOTRNo0mm1`02N2O000000O1O11N100OOM2O3O2K5NL51O001N1001O01O2M2O3D;_OVQNHPo14c0J4KYbfP2
20151117212434Ch_2,nW]h22lo13N1O1O1O1O1O1M200O2O001O10O0100O1O000O011N020OO011O1OO11O000O0100O1N21OO0011OO10O200O000010N10000O1O10001OO0101O0O10O100M2N30O0O110O1N21N100N1N4ON110001N010010N2O00000O20O00000001O0O11O000010O00O110OO1O020M10110K3M4O11ON102O1N1O101O00O11O0O1O1O1N2O100O1OO0O30N0L6N2L4O101N20OO200N2M3N1N3L3N3M2N2OO21M01001N2000001OO1O2O1O001O1N2O1O1N3N1N200N3N1O2N1N1O2O0O101O0O2O1OO11M2O11OO2O1N10001O1O000O20O01O1O2N1O2N1N3N2M3N2M4K5Lco\j0
20151117212434Ch_3,^kl`21XQd0;Wn]O7K=D5K2M3O10N2M3N4M2O00O2N4M2N200WSNlNdj1S1UUNUOWk1`0cTNC`k1>ZTNDik1`0oSN@Vl1`0dSNAcl1;XSNFml1h0`RNYOcm1_14K5M2N3M4M4K6aNbQNQ1hn1M7K3M100O1O1O1O1O2K5LUQg[1
20151117212434Ch_4,c`Zi25io14K5L5K>D1N2O1N1N3L4M3N101N2N2O1N10001O001O0O10kNRRN8nm1GVRN6im1JZRNGFMPn1<[RNEHMlm1?]RNAKNhm1a0^RN_OLMgm1f0]RN\OQn1e0c0101N2N2N200O10001O001O001O001O00001O001O0000001O001O001O000000001O00000000001O00001O1O1O1O1O1N102OO01O001OO2N100O2N1L4O2N1O10000O101N100000001O01O00001O001O001O0010O001O000000001O00000000000000001O001O001O00100O001O010O00100000O1O100O010O0001O00001O001O1O1O2M2O1O1O1N3M1O3_OfPN8bo1N103JW_mk0
20151117212434Ch_5,h^SQ19co18H6L5L2M3N1O0O1000O2O10O100000000O10O1O001OO0O02000O1O1O1N2NN4M3M2N1010N00200nNWOYRNN<k0Zm1MWRN8hm1o010O100K4O200O1M3N1OFaRNWN]m1k1fRNRNVm1Q2:2000N3L4lN^RNJcm12gRNGZm11WSNEjl19_1O2O0O1N201O0011N2N001OO1O1O0001010O1N2O0O2N2Naf`i2
20151117212434Ch_6,YldW31^P84[oI4OO10O1O2N2PQN;bm1IVRN=gm1o01N2O1N1O1@hQNUO[n1`0k0H9ClRQg0
20151117212434Ch_7,XbgT21`Qj17VnWN3M3M2O100O1O2N10O01O1O010N2O2N1000ElPNJSo15PQNJPo15RQNKmn15SQNKmn14SQNMmn12TQNNln10VQNOkn11UQNOkn10WQNOin11WQNOin1OmPNJ;6hn10ZQN0fn1O[QN1en1OZQN2fn1NZQN2fn1NYQN3gn1MnPNN46nn1LmPNO46on1`02N100O10O010000O1O100O1O01000O10001O00000O01O1000000O100O10000O100O100O010O100000000001O001O1O000000001O000O2O001O1O2N1O0O10O100OG`PN4_o1LbPN4]o1LdPN4]o1KcPN6co100001]OG]QN9bn1I]QN7cn1J\QN6cn1K]QN5cn1L\QN4dn1L\QN4dn1MZQN4fn1MWQN6gn1KYQN6fn1KXQN6gn1KVQNENa0ln1KTQN8kn1?000O0100O01O1O1O1N2O1N3M2N3N2]OiPN;ao1K6Kl\j`1
20151204133714Th_1,oUgR21UPd01ho]O5L003XPNIao1=N1O3M01O2N1O010O1N10000O01000O1000001N100000O10001O1N100O1000000001N1O1O100000001O1N2O0N3N2Ndi^i1
20151207173614Mh_1,Th`Q21YQn0;ZnSO4M3M3K4O1N2O000O4L2N6J2N01001O1N3N4L<E4N5J4jRNgM[l1W2_SNnMal1S2ZSNQNgl1d21O2OO2112M4L5L40OLOO1O1VNfRNk0Ym1oNnRNo0Sm1mNWSNm0hl1POaSNk0lm1O12M2ON1O1O2O00001O002M2N1O2M101N2O0O3M3M2CaPN5go1N1NcP_i1
20151207173614Mh_2,nVkb01TSn09^lSO5M2O1N3N0O2N2C<N2O2N1O2O000O1000O00100O001G^QNTOcn1c0a0N200000000O1000000000O100000O00100000O11O000000001O00001O001O1O1O2N100O1O001O1O00100O2N2M^hlW3
20151207173614Mh_3,hlPT2:co14M5L5L3L5L4L4M<E12M3M2N3L6K2N11O2M1OO1O1002NO110M201N2N2M4M1O1O1N101M3N2O0O2N2M4KeP[i1
20151207173614Mh_4,XW_c01jQj04PnWO3M1O1O1O001O1O1N2O001N2O00001OO11O001OO10O101O00O100000O10O00101OO100000000001O0010O01O1O1O1O1O1O00100O1O1O001O100O2M3M]hlW3
20151207173614Mh_5,UVgT13ko16L1N3N2M2O0010O1O2OO0001O1O001ODESQN;ln1GTQN9kn1GUQN9ln1GTQN8ln1HUQN8kn1GUQN9ln1FUQN9Yo1001O01O0000O10000O1000000000001O00O10000O1000O0100O010O1000000O01O010O1000O100O10O10O0100O001O1O010O001O001M2O2O1M3L300O20O1N2N3N1M6I5Maj`e2
20151214171854Bh_1,Pmfe11bSV11[lkN2M3N2N1O1N201N1O1O010O01O00010O1O01O00001O0O10000O2N1M3O101O0000010OO11O000O2O0O1O101N100010OO01K5M3O00100O01O1]O\OjQNe0Rn1CjQN=Un1GhQN9Xn1JcQN7_n1d00O2N2O100O1O1O101M2N3N1O2N1O2N100N2O100O1O2N1O2L4M3M3NTRaS2
20151214171854Bh_2,QV[j26ho12O1O1O1O1O1O1O1O1O1O1O1O010O1O010OO11O01O0001O000000000001O001O00001O000O2O01O01O00O100001O00001N2M3M[k\R1
20151214171854Bh_3,]hXZ11hPR10UooN5L3N0O2N2O01O01O0001OO2O00001O01O010O010O01O2OO101O00O1O10000O1000001N10001O1O1O0O5L1O02N02O00O1O10O000000O101O0O200O0O1002M4M1O1O1O01O3N3L3NO01O1O00101N1O2M2O1N2N2NTT]_2
20151214171854Bh_4,nacm1372Xo1=N1O2N1O2O00001O00010O01O10O01O100O1O1O1O1O1O1O001O001O0000001N01000000000000O2M2O1O100O10000O10000000O1000001N10001O0000001O00000O10001O0000O2O000O1O1O10O10O10O10O10O10O1000O01O0001O00O100001M200001JAhPNa0Wo150O010000O00100O10O001O001N200O10O10O1O100O101N100O1O1O1O1O1O1O2N1O1N3Mm^hi1
20151214171854Bh_5,RcUg07koQ2LnooMe0QK`0XXNG[g1i0[XN\OQg1R2QXNTNgg1`2iWNcMSh1g2bWN^M[h1j2oVNiKNb1oh1U5N2M3M2O1O2O0O1]WNjH[h1W761^WNhH\h1X77QJ^WN]4gh1iJ_XNe4bi1M4M0N5LmTNXKPk1d4QUN\KTk1`48M2O2N1O0O4L1010OO2O0O20OO2O2M4N1N3L2O1O000O1010OO2O1N4M1O1O2N1O1O0O1000WSNmLel1R3ZSNnLhl1P3YSNPMhl1o2WSNRMll1k2SSNVMol1h2PSNXMRm1g2nRNYMRm1f2nRNZMSm1e2nRN\MQm1d2nRN\MTm1c2lRN\MTm1d2lRN]MSm1d2nRN[MQm1e2PSN[MPm1d2PSN\MQm1c2PSN]MPm1c2PSN\MPm1d2QSN[MRm1b2oRN^MPm1b2800O1N2O002N3M2M3N2O0O0O3O1N002N3N0O2O1N1O0001O0000001O0O100010O1O1O2N1N4M001O1O1N1000000O1000001O000N201N2O1N2N3M2O6F9HgZlm2
20151214171854Bh_6,jYSX21UQd24en]M3N1N10001O00001O0010O0010O010O1O0010O0010O0000010O000000000010O0000001O00010O00001O00000000000000O01000O10000O10O1000O10000O100O10O10O100000O010000O10O100000O100000O10000O010O1000O1000O10O100O100O1O1O0010000O1000O10001O00000O101O00000000O01000000O10000O101O001NNF`PN:_o140O10_PND^o1`0OCePN5Zo1LhPN2Yo1LiPN3Wo1MiPN3Wo1MjPN2Vo1NkPN1Vo1NjPN1Wo1OiPN1Xo1NhPN1Yo1OgPN0Zo10;000000Oco30]PL2N10001ZPN2Wo1OhPN3Wo1NgPN3Yo1MfPN4Zo1:O001O00000000000010O1O01O01O1000O02N4M0001OO010O10O010O010O10O01O01O00001O1O1O002N2M2N3MndZX1
20151214171854Bh_7,aUQ\11\QZ16[ngN4M4M1N4L2N2O0O2N10O01O00M3K5O1N2O2N011OO11O0001O0001N11O01O0000001O00001O010O10O01000000O010000000000001O001O010O1O1O010O00010O00010O01O001O010O1O002N1O001O100O010O01000O01O1O001O1O100O001O00O15J\i^\2
20151214171854Bh_8,^fXZ11YPb04`o_O4M100O2O00001O001OO100001O010O1O01O0100O1000O011N1000O010O010O010O1O01O001O001O0O2O6GiX]b2
20151214171854Bh_9,aaaY11no13M5K100O1O101N001O1O1O001O1O002M101N1N2O2O0001O01O0001O0O2O1N1N2O1O101N1O10000000O1L4O1000O1O2N1O2O00001O010O01WO0`QN2^n1h001O1000O101O2M4M1O1N2N3AnPNKWo1NQQNJg_Pb2
20151214171854Bh_10,oY[d21WPb01QP^OO\o14`PN0]o1<N010O1O1O001O10O1O1O010O011N3N0O100O010000000O000100O1O0000010O01O1O2N1O1O2N2Mod^X1
20151214171854Bh_11,g[dc01oo10jQ`4k0Xm_K4N2N2N2O001N2O001O100O1O00010O00100O001O010O01O0100O010000O010000O10O11O0000O2O004K1O1O1O1O2O0O001000O0100000O00011N010O00100O010O1O0010O00000000000000000000000000000000010O00001O1O00001O001O010O00000O2O00010O0000010O01O00010O0010O01O10O02N2N3N1O00O01000O00010O000010O010O0100O10O02OO01O100O00001O001O001O1O00001O1O001O00001O00001O001O001O1O100O12N1OO010O10O0001O1O010O001O000010O01O010O1O1O3M10O00100O001O001O010O01O001O01O01O2OO2O001O1O1O3M2N2N0O11OO0010O10O01O100O1O101N1O100O100O100O001O100O1O010O10O0001O001O002N001O1O2M101O1N2NP^of2
20151214171854Bh_12,n^Xk21mPb00Po_O4M1N2N2O1O1N101O001O1N10010N2N100100000O10O2O0O101N010000000O100O1000000O2O001N1N3N1Mk`]Q1
20151214171854Bh_13,^_Uk11`R`21hm_M1Zo1=L2M4O1N101O001O00010O01O100O001O1O1O1O100O0O2O1O1O00001O00000000000000O100O1O1O100O101O0O1000O100000000O101O00000O10000000000000001N100000O100N2O10000O100000O10O10O1000O10O01O0000001O00O10001OO2N1O1O110O010O100O100O10O001O001O0O2O100O1O100O10O0100O100O1O100O001O10O01O1O001O10O0O10O1O10O2O1O001O1O10O01O010O0010O001OO2N11OO2N1010O10O10O2O0O2N100O100O010O10000O010O2N1KQ`ff1
20151214171854Bh_14,[edY11[QV16\nkN3N2N2N1O2O1O01OO2OO2O00`RNE\k1;aTNI]k18aTNJ_k16`TNL^k14bTNL_k13bTNL^k15aTNK_k16_TNLak14]TNNbk13^TNLck13^TNMbk13]TNMdk14ZTNMfk13YTNMgk14XTNLik13VTNOjk10UTN2kk1NTTN2lk1OSTN2mk1NTTN1kk1OVTN1jk1OVTN1ik1OYTN0gk1O[TN0ek1O]TN1ak10^TN0ck10]TN0ck10\TN1ck1O^TN1bk1O^TN1ck1N]TN2ek1L[TN5fk1H[TN8hk1EXTN<hk1CXTN>kk1^OUTNc0dm1001O2N1O1000O01000O10O00000001N2O1O001N2O00O2O3L3N100O02O4L1O0O100O1N2O10O01N3N1N2N2MWT__2
20151214171854Bh_15,bTmX17co16L5H7K5O1O1O10O010M3HPQN_OQo1`08O1O1O1O1O001O2O0O00101N1O101N3MVlXe2
20151214171854Bh_16,P^PY21^P>2]oC3O000O1LJ]PN7bo1310O001O01000O02O01O000000001O000000O101O00O02O000O10001Oja[d1
20151214171854Bh_17,injU21aP`06UoA4O001O0000010O1O010aPNLQo1e0O1cQNXOZm1k0_RN[Oam1g0YRN^Oem1g0SRN]Okm1]1O0O101O0010O1O01N001OWN_RNE0V1`m1nNXSNm0fl1SObSNKjNh0dm1[OjSNb0Vl1]OoSN?Pl1BSTN:mk1GTTN8mm1Len^g1
20151227133734Ch_1,^iPY21no12M3L4N102N1O001O0000002N2N0O10000O1OM4O10O0100000001O01O00001O000001O0000001O10O000010O1O1O00001O00000000001N101O100O101OO010O2N001O1O1O1O1O1O2N2O0O2O1N100O01O001O1O1O011OO101O3YQN\Okm1e0QRN^OPn1c0mQN@Qn1b0jQNBUn1U10000O0100O1O002M102M10001O2N01O3O4K3M5MON01O00003M1N2N3M2N2N3K4N2N2O2N1O010O4MO02N1O01O02O1N01000O2O000O110NnTNDaf1<]YNFcf1:[YNHgf16WYNKjf15UYNLkf15RYNLPg13mXN1ZLGVj18`YN2WLJYj13]YN6VLK^j1OXYNl0ff1UOWYNm0kf1SOmXNU1Rg1lNiXNW1Xg1iNdXN[1[g1gN\XN`1eg1cNkUNES1ImNT2Tj1`NhUNFU1HkNU2Yj1SOdVN`1]i1aN\VNc1fi1\NYVNe1ji1ZNSVNf1Qj1XNmUN=\OAij12iUN<_O@mj11bUN?E[Ooj14ZUNb0HVOQk18WUNb0HTOWk18oTN3FTO7=Xk1<iTNCJ]O4488Uk1c0eTNC;AL4[k1h0]TN\O_1FZj1k0\TNUOmm1g0k0K4I:DTRc[1
20151227133734Ch_2,gYcR27io11O2N3M3N2M3M2N2O2M3M2O16J3M0O100O01000O2O0O100O1N4L1O1O1O1O3Kjd\k1
20151227133734Ch_3,[\lf11_Wd07Yh]O0TML`SN=^1CRk16XSN?dn1?dRNPOdk1T1XTNPOek1T1hSN^OPl1]2N3N1O2O1E`LSTNd1f0[OVk1RORTN`1W1UOmj1h0XUNXO\i1ASVNW1d0XORi1HWVN=YO_Oa1>kh1GYVN<^OZOd1c0bh1KUVN5]2B_g1;mUN6m2WOWg1f0fUN4im1MTRN2;UOTm1i0^RNOd0WOol1b1j0N1OM2NO3N22L3M2O1O2M03O0N4J6I=PORcoU2
20151227133734Ch_4,__e_21\Sb31^l_L5N2N5L101N1O2O1O00O1000O0001O1O00000010O0000000000000N2O100O0100O1N200O1001O014K000010O00001O00001O001O1O1O001O00001N1000O010O10000O010N2O100O01O010O100O1O10000O01000O10O010000000O0100O100O01O010O1O1O100O1O1M3O10O010O1000000O10001O00000O10000O1O1O100O01O01000O010O1O010O1IBjPN?Wo15O010N110O00O2O1M2O2000000O10O100O1N110O100O0100O00100O10O10O1000000O001O1O0100O01O010O1O001O100000O0100O01000O1000O0100000000000O010O1O10O0100O1000O01O010O01O01N10001O0001O0M4000O10000O01000O01000000N20O0100O01O01O0100O0100O0100O00010O001O10O010O10O010001N10O01O1O100M3O00g_bk0
20151227133734Ch_5,ZmPf15ko13M101N10000O10000O100O01O0010O01O0000010O01O10O0001O010O0000001L4O3fPN]OPo1e0oPN[OQo1f0nPN[OQo1e0oPN\OPo1d0PQN]Oon1k0O0100SOTQNNLe0Xo112]OfPN<[o1BfPN>bo1L10O01O10O01O1O1N2O00100O0010O000001O01O0000000001O00000001O00O2N\QQU2
20151227133734Ch_6,WkRd11YP^11docN2N2O001O0000O1001O00001O01O100O10O1O00010O00001O000010O0001O010O0010O001000O10O010000O02N1O100O00001O00001O0001O000000000000000O100000O0100000O10O10000O101O01O2OO00001O00001O000O2N1O1000000O10000000000O10000O1O2OGbPN0]o11dPNN[o13ePNL\o14dPNL\o14dPNL\o13fPNL[o13ePNK^o13]TYS2
20151227133734Ch_7,RYSa03lo13BNhPN6So1=N2cN@`RNI<i0il1:oRNIol1:kRNKSm1b1N2O1M3O1O001O1O1O00000O11N11N110O0001O1M2N200iNbSNjN`l1P1mSNiNTl1W1W13N201M2O3N100OO11O000M3M2110O1O01000O1O1O10OBoQNoNPn1o0URNnNlm1f0dRNTO]m1l0k0O03N2MG\QNZObn1g0_QNZO_n1f0bQNZO^n1e0cQN[O\n1f0dQNYO\n1g0>O11O10O01003NO01N10001O10O0ZO\OPRNc0nm1BPRN>Pn1BPRN=Qn1CoQN=Qn1CmQN?Tn1@kQNa0an18YNVOYTNk0ck1[OZTNf0ek1]OZTNb0ek1_O\TN`0bk1D]TN<ak1GkTNKTk17kTNIUk1:hTNFXk1:hTNFXk1:hTNFWk1CUSNb0d1K^k13bTNCaNJPm1c0_TNChk1=YTNBgk1>ZTNBek1?[TNA[k1LSSNc0e1_OWk1j0jTNVOVk1h0lTNWOTk1h0PUNUOPk1i0T210O00100O1OO11O10N02N110M2O20OO2O100001O00001OO10001N101O0000000001000000O1O000011N1O101N1O2O1N10O1OO001M2O2N100O11L1210001O2N00000O100O1000000O10010O00001O001O1O1O1O01001N1O2N003M3NO1000014K000O10O1000O3L2N2N4K2NemXQ3
20151227133734Ch_8,fhVV34lo11O1PQNLRn14iQN3Tn1OkQN2Sn10lQN1Sn1>[QNEfn1k0O01001N0001O2M8H4J6I6L4KhVah0
20151227133734Ch_9,gY]R21jo1:K20N1001M3J8K3L5L3N3M2N300N1M2OQOcQN=]n1_OiQN>Wn1_OnQN`0Rn1\ORRNd0en10101N100000000N3M2M2O1O1O2Mjd\k1
20160116133734Ch_1,\^^Z16fo16I8K5M2N001O0010O0100O01O01O001O100O01N1N2O1N2O1O1O010001O1O10YOkPNb0Zo10O102M100O1000001N2O6K010RQNQOjn1\1F00N4L2N1N2O2N2N2N1O1O1O1N200O1O1O1O001O011N5K1O2M4Km_o`2
20160116133734Ch_2,feX[22io1:I5L3L3N3N5K3L3O1O2100O001N2O11ON101N0110O0O:Fa0_O3O5I0O4L4K3N1O2;Do0QO8I4K4N0N3L3NN10O0100O10010OO2O0O1O4IkU]a1
20160116133734Ch_3,eXc\11\Rd06Zm]O4N1N2N2O2O0O010O1O01N101O010O01N1N2I7D;02O0010O0N1I7O2O1O01001M210O1O0JnPN_OSo1a06O1O01O0O2N110001N2L5Hoff_2
20160116133734Ch_4,lmhc01jo16N1O1O0010OJ7N2N101O0001N2O1O0000000O02O0O100N2O1O1N11O1000O101O1N1N4N0O01O1L4N1O201O001O011O1N3M3CaPN3aSSY3
20160116133734Ch_5,ehZh11`P`00[oA7L3M2O010O100O2N102M0101O3N00N2O1N1O3N3L102nPNXOgn1R11M4L1O10O01O1O002O0O2N3M1O3M3M1N7GbUcT2
20160116133734Ch_6,Uh`S11_Ph01\oYO4O001O001O000010O00000000000001O000O1O2N100O100000000001O01O0000000O1O1O1O01O1N20O0100O10000000000O010000000000000O2EbPN1TWQh2
20160116133734Ch_7,e[Pi11io1=F4K5L3L4M3O0000K5O10L4OK42001O100O1O100O100000000001O001O1O0001O0000000O1000001N10000O110O00000000000000001O000O100O1O001O1N2O2M3L`eiR2
20160116133734Ch_8,f]gc01gPj10[oUN25OYo1a0L2N3M9G3M2N2O1O001N1O2N100O2O00010O000000001O0001O1O10000O7I100O1O3N8G4L2O0O1O001O1O1O0000100O0000001O00000010O00000000O10O100000O1000O1000000O100000000000001N1000001N1000001N100O10001O000O100011N1O1O00000O100000O001O100O0M40O1O1O2O0O2N1O1O2O000O2O0O1000001O0000001O00000O100O100O2Nh``Q3
20160116133734Ch_9,_ZVm11oo10\Qf40bnYK3O2L6K9H3L4M2M3N001O001O00001O0O10000O1000000O01000000O100O1000000O100O100O2O000000000O1000000O2O001N100012M00001O0001O000001O100O100O0000010O001O001O00001O1O1O010O0010O000002N5K2O0O1O002N1O00001O0001O00000000001N100000001O00000O100000000000001N1000000O2O1O001N101O0O1000000000000O2O000O10000000001O0001O1O1VQNPObn1Z1M2O0O001O1O2N3M1O010O1O1O2M2O1O3M1O2N1O00010O010O0100O1O010O1O10O0001O1O1O002N001O00001O1O1N102M2O001N2O001O1O001O0001001OO2O001O000O2OO11N01000O1O0000001O01O01O01O0O101O0O101O0O2O1N101O0000001O1O00000010O010O001O0010O01O0001O0100O6K000O001O010O00001O100O100O00010O1O1O010O010O001O010O00100O010O01O10O01O01O01O001O001O001N2O1O1N10001N1O2N2N2N101O001O0O101O0O1000001O0000010O0001O01O01O2N3M001O001O0001O0000001O00001O0O101O1O1O1O001N100000001O1O1N1L5N101O1O1N2O1O001O1N102M4K20``[U1
20160116133734Ch_10,\gT\31XPf03co[O2O2N1O1000001N2O1O000O0100O0000010O01O01O101N10O010O001O01O000000O1O2N1N2000O10001O00001O001O2N2MkWQ`0
20160116133734Ch_11,XYdc11oo10]QX52angJ0O1O2O1N6ZPNF[o1b0N1O0O1O100O101N100O1O10000000000O11O000001O00000000000000000000000000000001O00000000000000001O000000001O00001O00000O2O0000001N2O1N101O1O000O100O100O1N201M2N4KPQn02QoQO0O2M2N200O100O1000000O11O0000001O0011N1O001O1O006J10O0001O00O100000O10O1001O1O1O001O4L1O2N1O2N001O1O00001O00010O0O101O0000000000O100000000O10000O1000000O101O0O1000001O00000O1000001O0000001O0010O000000001O0000100O1O00010O100O001O000001O01O0000100O1O00001O00010O1O5K100O002N1O1O1O00010O00000000000001N10001O00000000000O1000001O000O10000000001N2O001N1000001N1000000000000O2O0O100000000001O1O01=B1O001O1O010O1O3M1O001O001O2N1O1O3M1O001O1O1O1O01O000100O02N10O0002N001O10O0001O002N1O1O0O101O1O1O1N2O001O2N001N1010O0001O2OO10000O011O0000000O0010000O00010O000000000001O00000O101N10001N3N0O101O1O002N0010O0001O00010O00001O001O001O1N2O00001O0O2O0O2O1N101O001N3M5L2L203Hgao[1
20160226151654Bh_1,gYUY11RQb05fn_O3N1O1O100O0L50O1O01O1L@hPN`0Uo1AiPN01>Wo1FhPN:Xo1FhPN9Yo162N1O10001OO10000O1N2O0O10O2L4O100O0O2O00100O1O3M3JRfdc2
20160226151654Bh_2,SkZo22mo12N101O000O101O0000001N1000000O100O010O1O0O2O1O100O01O1O10000O101O00000000O1O100O2N1O1O100O1O1O01N01010000iPN]OQo1c0nPNBnn1>QQNDnn1j0M001O001O001O001O001O0100O010O012M2O1N2N1O1O4L2N2N1O2N002M2CcPN4fo1N3M`TSk0
20160226151654Bh_3,UXch21jo16GLcPN7Zo1KePN6Zo19O00001O00001O01O001O0O2O10O01O1O2O0O10O01OO2O000O1000000001O00000O2O000O2O1O1N3LkgbT1
20160226151654Bh_4,gbbT21QQ>9PoAGao1a0K3K6K5J7I5M3L3N5KlNRRN:lm1BbRN6]m1FjRN7Wm1DnRN=Zn11O1N100001N2N2O2M1O1O1N3M4LiZWi1
20160226151654Bh_5,mb\e27go12O2M3N100O100O10000O1O1O1O1O1ZO\OoQNe0om1EfQN>Yn1d010O1000O0100000000O10000001O0000001O01O10O01O001O002M1O2N3M1O2O0O1O010O10000001N10000000001O10O01O001O1O1O1O1O1O3M1N2O1O1N2O1O1O001O1O00000001O1O002N2N010O01O02OO010O10O02N001N2001N3O0N10000O011N011N1O1O1O1O10O02N2N2N2N2lTN\Nig1d1UXNeNdg1\1YXNfNgg1[1VXNgNjg1Y1UXNgNlg1Y1SXNgNng1]1mWNdNSh1_1iWNaNXh1d1bWN\N`h1n1SWNTNmh1l1RWNTNoh1l1PWNUNPi1l1nVNTNSi1m1aUN[Mm0i0ci1k1^UN_Mn0f0ei1l1ZUN`Mo0e0hi1j1WUNbMQ1e0gi1W2WVNjMii1U2VVNmMni1n1QVNSN[j1b1bUNbNdj1V1YUNmNij1Q1VUNPOkj1o0UUNQOlj1o0SUNPOPk1o0PUNPOTk1m0lTNROUk1n0jTNQOYk1m0iTNQOXk1n0hTNkNak1S1`TNjNhk1d0eSNfNe0c0lk1a0cTN[Oak1a0bTNZOfk1`0X2D6HbZYP1
20160311020654Uh_1,eab]11cPj11[oWN1N3N4M0O2N100O1O1O1O010O10O00010O00010O001O4M0O1O01O01O010O0010O10O0010O10O0001O001O00001O010O0100O1O010O010O010O0100O001O1O100O1O0010O01000O1O10O010O0010O1000O0100O0010O01001O0O10O0101N0ePNCSo1g0N010O100O01000000O10O10O1O001O01O0010O0100O10O10O0100O1BkPNOVo10mPNNSo10nPN0Ro10nPN0So1OnPN0Ro10nPN1Qo1OoPN2Qo1MPQN2Po1NPQN2Qo1MPQN2Qo1MQQN1Po1MRQN2nn1MTQN1_o1NR[QX2
20160311020654Uh_2,gbam12mo11UPN0fo16IIcPN7[o1LdPN5Yo1MhPN2Wo10hPN0Wo11hPN0Xo1<O1O1O1O2O0O100O1000000001O100O1O1O100O001O000001O000001O01O003M1O1O1O000001O01O00000O101O00001O0O101O0000000001O0000001O003M001O001O1O001O1O1O3L3N000O2O0000000000000000000000001O00O1000O2O0000000000O1000000000000O10000001O0001O1O0000001N2O1N2O000O101OO10000000O10O100O00100O001]OjPN;Wo1CmPN9`o1M5K2Oi\nh1
20160311020654Uh_3,da`T37eo17L2N3M2M20000000O10000O100O101N101N10000010O006J3M1O1O00100O00O10000N200O1N2O1O1O100O1N200O100000O2O000O10001O3N1N1O1O010O0010O001O001O001O1O001O0001O01O01O001O1O010O10O10O2N2O0O2N010O1O01O00001O001O00100O0011O000O0100O11N10000O100O100O0101N1000001O02N0001O0O2O0O1O1O10O01O1O001O1O1O1O2M2O1O0O2O1N3Kg\Qb0
20160311020654Uh_4,hZfP2=e0HTn19kQNJQn19fQN9nm1KmQN:om1m0O2N0O2N1IRN[RNP2bm19O001O1000O002M100O10O1M210O100O000100L4O2L3O1N3N1N3K401N2N2O1N1O3N0O101OKgNdQNX1Zn1kNeQNU1Zn1:O0O10001O002N1O0001O00001O0O100O101O04M1O1O010O014K1OO11OO11O1N100O11OO01000O01O00002N002N1O100mNnQN6Sn1GPRN9Pn1ESRN9nm1ETRN:mm1DVRN9mm1ETRN:mm1CWRN:lm1B]RN7em1F^RN7in1M2N00N;F2iPN^Onn1c0nPNFln1g002N101OSOXQNd0Ro1O2ON201N10OO2N1O2N1O2O00O3M2N6J1O01OO2O1O5LO02OO001O1O1O2N1O002O001N2O1O000O02O1N011OO002O0O1O1O001O1O100O010O00011N2O1N101O2O00000000O10O3M002M1O101OO205J1OO2N101N011OO200O0hN_QNP1jn11N01N1M3N1001OM3J6M3O2O000000001O0O2N2O1N2N5J^_Qa1
20160311020654Uh_5,fhVm21\Rh14\mYN5M2N1O1O1O1O001O1O1O100O1OFhPNMXo14hPNKWo16kPNGhn11]QN8jn1KTQN6kn1LRQN5bn1j0000O2M3O000O2O0O101O000O11OO2I7O0GkPNHVo17:O01000O10000000000000001O0O2O00000001O001O1O1O0001O0001OO1000000000100O001O010O001O0001O010O010O0100O0100O010000O01000000000O100000O010O10001O1O1O2N0O2O001N10001O03O0NO100O2N101N010002N1^OcPN037eo1M3KlTch0
20160311020654Uh_6,hh`Q31dPP10ZoQO3M2N2O1O1O1O0O2O0O010001O0O20O01O010O001O01O00010O00010O010000O0100O010O10O10O0200O000000O010O0100O0101O001O1O2M2O1O00000002N3NO1O10OO200O1O2O00N2O3L101M2O3KhT_h0
20160311020654Uh_7,QkPo27go13N1O1O1O00001O2O0N11O000KcPNH\o1:4001N1DIPQN8nn1=M3K40O20000O002O0O100000001G8O1H9O1N110O1O100O100N2O2MkVQn0
20160311020654Uh_8,P\mi05ko12M101N1O001O100O1O100O001O010O01OO200O010N3M2O101O1O0000O01O0O2O2M2M4N1O1O101O0O2L3O101N1OTOcQN7]n1FgQN9Xn1HiQN7Tn12gQNMVn17nQNDQn1<RRNBlm1`0WRNZOjm1h0WRNUOkm1k0d00UOPOhRNo0Sm1YOjRNg0Um1A]RNe0dm1^OYRNb0hm1@URN`0mm1h00010@VNhRNk1Xm1>1O01O001N1LbNeRNa0Zm1fNgRN?8c0Qm1HoRN6Qm1LoRN3Qm1NnRN2Qm11PSNKPm16SSNGml19SSNGml1LgRN^O>e0ll1LiRNVOb0n0el1KbSN3_l1MdSNO]l10gSN\OVO0Vm1b0i101N1O2M2O2O001O001O0O1000000O2O1N2Magdo2
20160311020654Uh_9,g\fW28fo14jPNH`n19]QNK`n17ZQN0dn10ZQN5dn1F_QNb0Zn1]OfQNg0hn14L1O1O2N1O3M002O1OO7I3M3N0O4K2N2O0O2O3M2N10O2N002N001O10001N011N012M2O02NO02O0O10O100O2N1O10O01O100O2N100O010O2N1O2N101N200000O11N010O101N001O1O0001O1O1O1000OO11O00O10102N5K01M2N1OO1O1N2O1N3M2L5N1010O000000O100O10001O0010O0100O2O000O2OO100O001N02N2N1O2GmPN1fn1M[QN5Wo1:G00O2ObPNCXo1h0N\OjPN?Xo11O4L3M001N002N1N4N1N02N000oNaQNLN<`n1FPRN9mn10O00O2O0O1O1O4Kgo79QPH1000N2N2KfP62[oI4M4K3N0O3L2M5K32N6K1N1O104L1OO5M3L10O1N3N1O00O3NO11N2O2N1N101N1O3NO3O3L0O3N002M2LkZcZ1
20160311020654Uh_10,eZhR28fo13O1O0O2O1O1O6I3N7H4L2N2K6L3M201N100O2O000000001O0000001OO10001O01O01O14L2N2N020O5J00000000O20O1N02OO100O10O10O01O00100O1N2O1O4L1O1O1O1O1O2O0dNhQNL2g0Po1O1N6K0O11M2O2N1O1O102N2N:GSO]QNHKd0cn1^OlQNb0in13L1O1N3N2N1O1O100000O1O5K1N2O001O1O2N100O10O110N1O1O2N1O101O0O1O100001O0O100O11O010N1O1O100O1O001O0010O10O00010O2O00010N3N5K120N0O10O02N010O01O00001O10O1O000O010100O0O4M2N5MN1N01O000N2N2O100O1M4M20001O000O101O001O1O00100O00101N011N1O1N2N1O2N2LgQf02XnYO9G3O2M2O10O0O2O0OmPNAhn1=YQNE`o13M001POIVRN7gm1KZRN4fm1L[RN4cm1N]RN1bm10_RNO`m13`RNJam17S11O1000O2O0OXQNJhm15VRNOim1NURN:fn12O1_QNA_m1?_RNCam1<_RNFam18_RNIcm12\RN2dm1M]RN4bm1LURNIC<Xn1KQRNa0om1_OPRNb0Pn1^OnQNd0Sn1\OjQNg0Vn1[OdQNh0]n1?N1O002O0O1O10O01N2O00010O0103M2SOfQNN\n1GoQN9Pn1@WRN`0dn11O2N1O1O2N1O1N4M001O010OTO[QN=\o1G5KiZgZ1
20160312020554Uh_1,o`^g11cPd11Yo]N5L1O1O1O100001O00001O001O0100O01000O1O100O1O000100O10O101O000O1O1O1O1O01000O11O2N1N1O1O1O01O001O10O0100O100O10O002N101OO2O00O1O10O01O1O00100O10O010O01O1O10O100O011N010O100O10O01O01O00001O01O001O010O010O001O00000001O00001O01O01O1O001O1O1O1N2Nc\Yo1
20160312020554Uh_2,QiPX31SSR11iloN6bPNLgn16TQN3fn1NXQN7bn1MZQN7cn1d0O0O10O10ON3NO210VOnNgRNS1Wm1oNgRNR1Wm1ROgRNh0^m1ZO^RNc0fm1AURN6Wn1i0O1000O0OK61EkQNjNWn1T1;N2N3L4I7O1O2N1BgPN4[o172N101N2OO100O0100O100001O00001O00000000000001O00001O001O001O10O1000010O01O1O2N000O2LcUQb0
20160312020554Uh_3,__Te2:co14N1N2M3O1000O1O01000000O1O1O1O100O101N2O00000O01001O01O1O001O1N102N_QN]Oem1c0ZRN_Ofm1a0YRN_Ohm1`0XRNAfm1`0ZRN@gm1?YRNBim1;WRNFim19WRNHim17WRNIjm17URNJlm14TRNMlm13SRNMnm14oQNNQn19fQNIYn18dQNJ]n1m0000O2N2N103M2N1N3N1N2N0O2O1N101O001O01O000O100001N101O4Ja_oU1
20160312020554Uh_4,WdVQ13io16M2M3N2N2O1N2O0O2O1N2OAoPN0on1NWQNOin10YQN0fn1O\QN0dn1O^QN1`n10aQNO_n11aQNO_n11bQNN]n12eQNL[n14hQNJWn16h0101O0010OO10O0110O0001O001O0001O001N1M3010O001O00100O10O10O1001O00001O010O01000O11N100O3L6Jg\_j2
20160312020554Uh_5,kaQT21dP`12XoaN2M3O1N>C1O1O00001O0000001N101N101N2N2O1O1O1N2O1O0100O100OO2O0000000O101O00O101hNZQN:1<in1ZO`QNe0nn100000O10000O1O1000000000000_OWOkQNi0Tn1YOjQNi0Tn1YOjQNh0Vn1YOiQNg0Vn1[O`QNL3j0]n1A`QN?an1`01O00000O2O000O100O100O1N2O2UO[QN9gn1C[QN=hn1^OZQNb0So1O0000100O1O0001O000O1N2O10000O01000001O00001O0001O00001O1O2N1O001O0001O001N2O2M2O>_Of\lb1
20160312020554Uh_6,_boR21mo15M1O1aPNJRo17kPNLTo15jPNLWo14gPNNYo1<000000000N2K500O1000000001O010O1O1O001O1O00000000001O00001O1N100O1O2O001N101O00000000000000001N101N1O2O1O1N102N001O1O1000O10O001O000O1000001N10O10001fN^QN0M71a0nn1ZOTQNf0So1O1000AYOdQNh0\n1XOdQNh0[n1YOdQNh0jn1000O10000O1@VOjQNj0Un1ZOhQNf0Vn1@eQNa0[n1@cQNa0\n1AcQN?]n1BaQN?_n1a0000O2O00001N1000001N100O1O1N3TOZQN<hn1@[QN?gn1]O\QNb0Ro1O00001O1O00010O00O1O1O100O10000000O101O00000001O00001O010O2N2N00000001O1O0O3N1O>^Og\nb1
20160312020554Uh_7,QZSj01_PR20_ooM2N2N101N2N2O001O1O1O2_PNB]o10ePN<`o1O000O1000001O01O0001O001N101O01O011N1O3M1O1O000001O000000O2O001O001O1O100O1O00001O00000001O0000010O1O10O1O001O000010O00010O001O000O1000000001O00O10002N2N1OO10000O10000O1000O101O0000000O1000001O0000001O00000000O100000001O000000O1000000000O2O0010O0001O1O0000001O00000000000010O000_OgPN;`o1O0010O0001O010O0010O01O0O2O1O1O[OL_QN3an1M`QN1`n10aQNO^n12bQNM^n14g0O1N2O10Tefh2
20160327133714Th_1,XYkf12mo12N1O1O100O1N101M10011N110O000010O01O010O1O0010O01O01O01OO11O00O110O0O20O001O010O1O1O1O001OO11OO02O0O100010O001O010N20O01O0010N100O2O1O001N2O0O2O1O001O1O0000001OO101O01O01O0001O001O0O2O001O10O01K4O2O1O00100O0000000O110O000000001O010O1O100O001N200O01O010O100O10000O2O0O1O100OO1000001O00100O1O10O01000000000O101N2O001O0O1O1O1O1O1O1O1O1O100O001O010N101OO11O01O01O100O2N2N102M2M1O2O1O1O1O1O2L5Kjjll1
20160327133714Th_2,WUiV21VVj12fiWN2N2N2N100O100O1O010O10O001O0010O001O000010000000000O100O01O001O000100O1O001N2O00100O10000O2O1O0000N2O1O01O100ZLBiWN?Sh1KfWN5Yh1MgWN3Wh10gWN0Yh10hWN0Wh11hWNOXh12gWNNYh12fWNO[h11dWN0[h10eWN0\h1OdWN2[h1NeWN2\h1LfWN4Zh1IhWN8Wh1HiWN8Xh1GhWN:Xh1EhWN<Xh1CiWN<Xh1DgWN=Yh1DfWN<Zh1DgWN:[h1GcWN8_h1HaWN6ah1I`WN4dh1K\WN4eh1K\WN3fh1MZWN1gh10XWN0ih1OWWN0jh10VWNOlh11SWNNoh11PWNOQi11nVNNVi10jVNOWi11iVNNYi11gVNM[i14Y30jRNHbj19\UNHdj18\UNHej18ZUNFhj1<^2000O0001O01O1O002O1N2N2O1N2O1O1lQN[Oil1h0nRN^OSm1b0jRN_OWm1P1WRNROkm1`12N1O2O1L4K5N4K4M6PO]QN8]o1Fig\_1
20160327133714Th_3,][cX25jo12N10000O100O010O10O01O010O010O1O010O00010O1000O010001N01O010O001O01O010O1O001N20000O01000O10O1000O0100O0100O1O1O1O0001N1001N101O0O20O01O001O10O01000O101N2N1O3N1N2O1N10O01O1N2O1O1O1Nmeda1
20160327133714Th_4,R^gQ12no10N3N1O1O1O1O1O01000O10000O01000000000O01000O100O010O10O10O001O1O0N3O1O0100000O010000O10000O100O2O0O1O2N2O0OlNIbRN4_m1MaRN2_m1OX11O1O0M400000001O00000O1O1N101N2N2N2O1O100O10000O1000000000000O1O1O100O1O2O0O2O0000000O1000000O10000001O10O0010O2O0O011N001O010O04L1O001OO10000O1O100000001O0O3N1M3N101N10001O000000000O10000000000000O1000O1000O0100O001O100O10O0100O100000000001O0O2O000O10O000100O001000O100O1N2O2N1O1000O10O2N101N1N3M`dZa2
20160327133714Th_5,Q[oT11hPb14nn_N6N2O000O1000001O000O2O0O2M2O1O2N1O1O10O1001O0lPNVORo1m0N1000000000O101N2O101N1O1O1O0100O010O00001O0000001O000000000000001O01O2N1N2O1O000O10001O000000000000O10000000000000000000O000O200O10O10O100O10000000000000O101OO10000O1000O10O01000O100N2O1O2N1O2O0O101O00Zdba2
20160327133714Th_6,blZh01_Pb03\o_O7J3M6K1N41M00O00O3N3M1N101O1O1O00O0100000000O10O010000011M3M3O4L12MOO20000010OL7K1O2M3MkPYT3
20160327133734Ch_1,RTkc11VUf21gj[M2N2O1N1O011N1O1O1O1N1O10M22N100001O0010N10010O00001O010O0000001O00O1010O01O00001000O00010O000010OO2N1O2N110O0001O001O001O00100O000100N1O1010ON3O0O1O20O00O20O00O2O0O11O010O000100O000O100O2O0O1L5O0O101O010O00010O0000000O20O10O1O010O00100O100O1N1N3000O01000O2O0O1000001O001O0O10OO1001O00001O100O1O01000O100O11N10001N101N1O101N10O01O1O00100O100N200O00100O001N011O010O0010001N1O2N1N2O1O1O1O10O0001N20OO2O0O2O1O1O1O2M3Omj^l1
20160327133734Ch_2,ZUeV21VVf13ei[N2N2N001O10000O10O01O0010O100O010O01O1O01O100O0101N100O01O001O0001O1N2O001O1O00100O0010OiL@PWN`0lh1DSWN=kh1EUWN;ih1FXWN9hh1FZWN:fh1D\WN<fh1_O]WN`0Rl10ZLBiWN?Uh1DjWN<Th1GkWN9Th1KiWN5Vh1MhWN4Wh1OfWN2Yh10fWN0Yh1NjWN0Vh12iWNNWh13gWNNYh14eWNL\h14cWNM\h14cWNL]h15bWNL^h13bWNM^h12cWNO]h1NeWN3[h1LfWN4Zh1JgWN6Zh1HfWN9\h1EeWN;[h1DeWN<\h1EcWN:^h1FbWN:_h1FaWN8`h1I`WN5bh1L^WN1dh1O]WNOeh10[WNOgh1OYWN0hh11WWNOjh10VWNOkh11UWNNmh12QWNNPi12PWNMRi12mVNNUi11jVN0Vi10jVNOYi1OYVNLdM4Ul11TVNMgM1Wl11QVN0iMJYl17lUN0`j11^UNOdj11[UNNfj14XUNKij17UUNFoj1;[2O0000000010cRNEPN1il1:VUNHmM0ll1;TUNMnj15PUNIQk18QUNDPk1?aTN]OPl1d0lSN^OTl1d0hSN]OZl1e0_SN^Ocl1c0WSN@jl1b0SSN_Onl1a0ZRNYO:7]m1P1]RNPOem1d12M3M2N3L4L4N4K8PO`QN2_o1Fcgd_1
20160327133734Ch_3,eYSW21kQX13omiN3N100O1000O0100O10O01O01000O10O010O010O0010O010O100O10O0010O00001O0O2N2O1O1O010O0010O0100000O10000O10O1O1000O11N10O1N10O20O01N10010O001O1O0O2O001000O1O1O2N3N4L1N2O00O01O100O1O1O1O1N2Oheja1
20160327133734Ch_4,\lZh01]Pb07[o_O2N3M2O2M6J3L6KVOTQNb0jn1]OYQNb0hn1[O\QNc0Qo1O3M3M3N1O1N101OO100O10O2O0000O01O10000O05L20O0001OO1O1O0O1N2O2MZQ]T3
20160327133734Ch_5,oZcT11iPd12Ro]N6H4O100O1000000O100000000O2N100N2O1O2N1O1000000O2O00001O1O00000000O2O000000010O00010O6J10O1O0000001O1N100000000O1001O01O0001YOlPN`0[o1N1000000O101OO1001O0000O101O0000000000000000O001O001O0100000O100000O10O100000000010O0000O1O01000000O1O1O0101M2O2N1O1O100O111N2N1OXdfa2
20160327133734Ch_6,n]gQ13lo12O0O1O1N2O100O10O10O10000O0101OO10000000O0100O01O100O0100GMePN3[o19O01000000O101O0O01001N10001O0O101N1O2N101NiNMdRNO^m12X10H0^PN2bo160000000000000O10000000N2N101M3N110O100O100O100O10000O10O010000O1O1O101N101N10001O1O0O10000O1000O101O000001O1O3M0001O004M2M1O0001O0000000000000000000001O1O0O2O3L2O1O000O101O000000000000O1000000000O10000O01O0001O100O10000O1000O100000O10O1O101O0O01000O010O1000000O0100O2N1O1O2N100000O1000O100O2M2O2O0O1OadXa2
20160405014154Uh_1,a[mg01]TV24^kkM1N1O2O0O1O1K5M3O1O1N2O1N200O1O0O2O1O1N1O2N200O10O2O000O2O1O1O0O2O0000000O1O1O010O000010O100O001O00010O1000O100000O0O101NDUQNFln19VQNEjn1:YQNCin1<=00000010O01O10O010O010O10O1000O10000O100O2O0O\OJ`QN6_n1N^QN2_n12`QNN_n13aQNL^n15cQNK]n15bQNK^n16bQNJ]n17cQNH\n1:cQNG\n1:dQNE\n1;eQNEZn1<fQNC[n1=eQNB[n1>gQN@Zn1`0fQN^O[n1b0`000101O1O2N1O1O0001O00001N1O2N1010O01000O100O100O1O1O1O010O01O010O01O10O10O0100O100O1O1O1O100O2M201N101O1N101O0O2O1O000O100O100O101N100N^cTk2
20160405014154Uh_2,flPP11XPf02`o[O6O1O1O1O0001O00001O00100O1O001O000000O101OO10000000O1000000000O10001O0001O0000001O01O001N100000O2O001O01O4JmRkk2
20160405014154Uh_3,`bjh11SQP14fnQO4N2N1O10000N6K011N11O2N2M2N2O1O011N01O1O010O0000003L4M1N2O2M3N2N0105LN2M2N4M2N1O02OXQNUOZn1Y12M7I3M2O0O2M4N3L101O1O0O100000O3M3N5K2N1O0O11O0N5L4K3M2L4M4KWXaQ2
20160405014154Uh_4,boT[32lo14M2N7I2N1O100O2N1O1O1N3O0O01000MVOPQNh0Qo1XOQQNg0Wo1L2O0O2O000O1O1NMDfPN;Zo1GdPN8^o14100O100O10O11N100O01O0CFVQN9kn1HnPN0M9To1ImPN0N6Vo1>0O02N10000000000O10O100O1O1N2O2M2N200O2O0O2K5M4M[Qa`0
20160405014154Uh_5,_[dW11_Rh11_lYN5hQN1nm18cQN6Wn1m0O000O10O0010O000100O010O1O100O1O1mN`QNd0cn1[O]QNd0dn1\O\QNc0en1;1N2O1O10001O1O01O1N2N2O1N2N2N101O0000101O0O0110O3M3L100N2N2M3K4O2O1N101O1O2M3N2N1O1O1N110O1001N1000000000O1000O1000O010O10O00010O01O0O2O010O01001OO0100OlPNK]n12eQNOZn11eQN1[n1O\QN>_n1D`QN`0\n1AcQN?]n1BaQN`0^n1A`QN`0`n1a00O01O1O100O0011;E02N0cNQRNe0Qn1WORRNi0om1SOSRNm0an1N2O1M8I3O1N20N22L1O2N1N3M4JT`U^2
20160405014154Uh_6,m]ci01gQT14QnmN4I6N2O2N2N3L3M3N1N2O100000000001N101O1O1O1O00001O00000O1O1O001O101O000O3N1NIBnPN=Ro1DnPN;Ro1:O100001OO100NCmPN0So10PQNMPo13SQNJmn16UQNIjn17XQNGhn19?000000001O010O010O01000O01000O10O101O0O2O0O1000000O100O01O100O10O1O1O1O1O1O1Nga^o2
20160405014154Uh_7,VWma11iPT14^okNNZo15aPNM_o1;N1O100O1O1000000000000O0100000001N101N1O2N010O0010O010O0N3N20O001N10010O0010O01O1O010001O000O2O010N10O10O01O1O2O0O2O1N2O001O0O1000001N10010M201N\hXX2
20160505025554Uh_1,[lZW31]PT13^omN6J3N4M0O11OO1101O0O000000O1O010O103M0O10O0100O0000001O01O1O1O0010O01O010O10001OO10O4M000O000000001O00001O001O0100O00100O00100O01O00001O0000000000000000010O001O001O1N101N2OhQSb0
20160505025554Uh_2,jcn\21UQb13en_N5L2N2N100O10O2O0O1O010O100O010O010O001O00010O01O010O10O010O0010O010O01000O0100O100O010000O01000O01000O010000O1001O00001O1N2O00001O001O002N00100O1007I000O3NO010O000O2O001O1O001N10000O10O2O3M100O00000010O010O1O010O1O101N10OjPNFIMgn1?\QNLen15UQNOln1b02N2N2M2N3L7GdZmY1
20160505025554Uh_3,d`PS11dPV20ZokM2N7I2O1N2O0N3O2M2O00000001O000O2O000O2O000O2O001O000O101O000100O100O01O0010O01O010O1O00000001O010O001O010O001O000010O01O001OEdPN2]o1LdPN5[o1KfPN3\o1LePN3[o1MfPN2Zo1OePN1\o1OcPN0_o11_PNNco12ZPN1eo16O1O00001O1O100O1O10O01O0000O100000001O010O1O100O100O11N010O010O0010OlPNGan19[QNLen13YQNOhn10VQN2kn1MTQN4ln1LSQN5nn1JRQN7mn1HSQN9mn1GSQN9mn1GSQN9mn1GSQN9mn1FTQN;kn1CVQN>jn1AWQN?in1AWQN`0in1^OWQNc0jn1\OUQNe0Ro11O1O10000000O10001O00000000O101O0O10000000O1000O10000L400O100O1000000010O0000001O0O10001O0O101O0O2O1[OjPN>Wo1@lPN=_o1C_PN1m\k_2
20160505025554Uh_4,conc04ko11O2M2O2N1O2O1O001N2N101N3N001O01O1N2_OgPN9`o101N110OO10001N1O1O001O1000001O0001O001O1O1O2N00000O000100O010O100000O010O10O0001O00000001O00000O1O101M11000O001O00O101N3N1O2K4O2OaQgV3
20160513133714Th_1,oPo91PQf0P1hm[O;K7J5J=D3M3M3M2N3N1O10O2O1N3O1N1O2N2N2N3M4L3M1N1O3M3M3M2M3N2M3M2O1O1N3M2O2M1O2O0O2N2M3N100O2N2N2M5L2MfjRb3
20160513133714Th_2,h\kl21lPj09hnWO5K4M2N2N2N2N2N100O1O1N2N3OO02N101O1O002N1O0100O001O3M4L6J1O00100O4L4M0O2N3M1O0010O01O0001O1O00010O001O01O001O001O3M1O1O2M_a^n0
20160513133714Th_3,WkbS31gn14YRN1]m1;^RNF`m1=XRN^OA7Un1>URNKkm16RRNLmm15SRNKmm17oQNKQn17lQNJTn17iQNKWn1o00O101N1M5hNbQNd0kn1TOUQNl0Po102M4YOiPN>_o1M1O2O0O10O010O01O000000001N10001OO011O1O001OO0001O001001N2N2L^VWi0
20160513133714Th_4,Q`jl22io17M2N2N2N1O101O1O0O101O1N2O1O001O001O10O011N1O100O1O00100O2N2N1O2O0O1O01000O010O01O100O101O1N100002N0O2N2N1N6IU_eo0
20160513133714Th_5,ab`o01`Pf0;Po[O7L3N1N2O1N2O2N1O001O1O001O0010O1VOUQN>ln1[OZQNd0So1O0O10000000O10O1O10000O2O1N100O001O00010O1O001O001O1O00001O1O000O3Mk[_l2
20160513133714Th_6,T_^l01TQP31hnQM4M2O1O1O001O1O1O1O1O001O1O01000O010SSN@Xj1a0fUNAbMNdl1a0kUNCVj1<jUNCWj1=g200O00101N010001N010O11O00O101N2N011N2N011N101N2O001N2N10001OO011N002N1O1O1O100N2O001O1O001O1O0001O00O2OO1000000001O001N10001N10O0100O11O001O00100O010O010O00101N00010O0010O1O010O1000O00010O1O010O001O100O10O02OO01O11OO0101N100O1O0100O10O10O010O10O10O01O10O010000O010O10O01O100O011OO01O10000O1000O101O2N0O2OO01O4M1O11ON011O0O01002M20N105K10O02N2OO000000000O100O001O10O001O000O2O0O100O1O1O1O101N2N1O4Lf[eb2
20160513133714Th_7,fhT`01WPf04co[O7J3M1O2N2N2N102M100O2OO101N001O1O1O1O1O000000000O10O000001O100O10O1O001O0010J5000001O100O100O2O1N6JmVo[3
20160513133714Th_8,l_fl24ko14L3M2N1O2N2N101N101N101O1O001N2O0010O010O01000O010O01001N101N3N0O1O2N100O1O0010O010O100O3N1N3N2M101N7J01O001O1N102N1O000O101N2O0O2N1O1O23LO2N2N1FcPN0`o1JcPN5do1001O1000O1000O2N1O012M1O4M1N01001N003N002N0O101N10000O11O000O2O0O100O2O01O00O100O1O100O100O01O01O000010O01O00001O0000001N3M4Kk\ej0
20160602010754Uh_1,X^on143Nco1;L3N1O2O0O0001O11O00O0101N1001O00O10O1O010O1O1O00001O001O1O01O01O00001O00000000000000O1O10000001O001O00000000000000001O0O101N100O2NTajl1
20160602010754Uh_2,_dnR11YP`08\oA4M6K3L2O001O000000000000O1O2N101O000010O001O0010O0010O00O2O0O1O100O100O2M4JV[Sj2
20160602010754Uh_3,hQg<7fo15L3N1O1O1O100O1O10O0001OO100O100O1000001O001O01O0100O0O2O010O10O10O100O10010O00001O010O1O1M4MmnX`3
20160602010754Uh_4,Rd\j11^Pf01_o[O2N2N2K4O1O2O1O001O10O0000100O3N01O1_PNA]o1b0N100000O10000000O0100O00100O1O1O02N101N101N2O0001O2O1@gPN5Zo1IgPN8ao1O1O100O1O001O2MR[]Q2
20160602010754Uh_5,R^Zf01VQh35bnYL3N1O3M100O3N002M4M3L2O1O1N4L2O1O0O2O00001O001O3M1OO100O1O1N110M300O1000000000010O0000001N10001O001O0O1000000O10001N3N001O10O0001O01O01O00001O001O0O100O2O0O1O1000000O11O00010O00010O00010O00010O00000010O00fPN_OUo1a0jPNAUo1`0iPNAWo1e0O1O00010O00000001O0O11TQN_OWn1a0hQNAXn1?gQNAYn1`0eQNB[n1OaQNd0_n1ZOcQNf0\n1YOeQNg0^n1TOdQNn0[n1POfQNQ1dn1000O2O00SOUQNe0jn1[OWQNe0gn1<O00O0100001O1N2O1O2N1O1O1O0O2O000O10001O0O2O0O101N10000O100000O010O101N100000001O0001O01O0001O001O013M0O10ZQNBhm1>VRNFhm1;WRNEim1;VRNFkm19URNGkm1:SRNGnm18RRNHnm18RRNHom17QRNHQn17nQNISn17mQNISn17mQNITn17jQNIXn16hQNJXn16hQNIZn16eQNK^n12bQNNan10^QN0cn1O]QN1cn1O]QN1cn1O\QN2dn1N\QN2dn1N\QN2dn1N\QN2dn1O[QN1dn11[QNOen12ZQNNen15YQNKgn16XQNJgn18XQNHhn19WQNGhn1i0000010O1O0010O1O001O1O000O2O000O10O2O0000011UQNPObn1S1ZQNoNen1W102M10O101N10O03M1O001O1O001N11O0000000000O1000000O100O10000O1O101N1N3N101O1O001N3M101M[^Wd2
20160602010754Uh_6,XelU11TQ8a0RnI8K6M6J4M4L2N_OdQNBXn1;PRNDmm19]RNBam15mRNGSm12`1O4L\Zoh2
20160713133714Th_1,YYSW3:bo16K4L3J6N0100N2M3L4O1O100O010O01O010N2O101NO1O01O2O01O01O00M4O001O0101O000O101O1N10M3N3L5GZiPf0
20160713133714Th_2,UfnU11jPT13QomN2N3N0O2O001O001O1O1O000O101O0001O000000000100O1O10O02N10O10O2O1N7J5K3M9F3O2M3M2N2M200O17I10O3KXNTRNe1Sn110M3L1N2N7J1O2M2N2O2M1O101OO02M101O1O1O2N0O2O2N2N1O1O3LPVSd2
20160713133714Th_3,YPUg11hQ^10WncN0N2O1O2N3M102N1O1O002N001N1000001O001O010O010002M110N1O10O11N01O100hRN1]j10`UN<Wj1CgUNc0Vj1]OgUNg0Xj1YOeUNk0Zj1UOdUNn0[j1TOaUNo0_j1QO]UNS1bj1mN[UNV1ej1jNYUNZ1fj1fNWUN]1gj1gNVTNM18I:Pl1`0nSNXO=1dk1c1bTN[N\k1b1iTN\NWk1a1mTN_NRk1_1QUN`NPk1\1TUNcNlj1[1WUNdNij1Y1[UNfNgj1U1]UNiNej1R1^UNnNdj1n0`UNQO`j1k0cUNVO^j18SVNHmi15VVNKji12XVN0hi1MZVN4fi1I\VN7ei1G[VN:hi1@\VN<fl1O2LjPNCon1:QQNLkn13TQNOmn1m0E8H3L4O001N3K6J2M5L1O1N10002OO101O1O1N2N4]NRRN@2X1kn1hNTQNk0go1YOffbQ2
20160713133714Th_4,heTW21bPd01[o]O2N3N2N2N1XRNFhk1=QTNGPl19nSNIRl17lSNJUl17hSNI[l17aSNK`l16\SNKgl15USNMml15mRNMTm16eRNN\m1Z11O1O2M5J6I6G=F7@lXgf1
20160713133714Th_5,iPeg11VQl06bnUO010O1O1O100O2O010O2N0O101O1O0000001O1O000000100001O3L100000000O1O10kRNJ^j16^UN3^j1M_UNd0Rj1]OkUNg0Tj1YOiUNj0Xj1UOfUNn0Xj1TOeUNn0\j1QO`UNS1`j1nN]UNU1bj1kN[UNX1ej1hNYUN\1ej1dNYUN_1fj1bN]TN1G8L;nk1^OUTN9K0=1bk1e1cTNXN]k1d1iTN[NVk1b1oTN]NQk1`1RUN^Noj1`1TUN_Nlj1^1XUN`Nij1]1\UN`Nfj1\1^UNaNfj1Z1]UNcNgj1X1]UNgNej1d0hSN\Oi1Maj1a0mSN^Od11aj1=SVNBoi1<RVNBSj1:n2Ial^S2
20160713133714Th_6,fVel11^Q:1cnE2eo1;\OKPQN;jn1a0M5K;C6L5J6J3N01O2N12O0O010002M1`N]RNa0gm1VOlRN<gn1F3K5Kef`Q2
20160713133714Th_7,ijVo01iRb0e0Wl_Od0A9I:G7H5L5I7H7H8K4L4N3LiNdSNPOXl13lTNJQk12]UNGaj16gUNFWj18oUNHmi16XVNIfi16^VNJ_i15dVNMXi11mVN0Pi1LUWN4ih1H^WN6ah1EeWN;[h1@kWN?Uh1]OPXNa0ik1010000N2N1M4M4KTPQn2
20160713133714Th_8,kg`g11gP^18nncN5L3M2N1N3O2M2O1N2N3N0O2O0O2O2N10UOYQN<gn1\OhQN<Yn1BjQN=mn1O100O1000O01O11N20N103L2O0O001O010O01O01O00001O01O000000010O0000001O0000000O2O0000001O0000000000O100000001O000000O10O1000O1000000O01000O0001O1O1O010O100O01000000O10O10O0100O100O2NbVUP2
20160713133714Th_9,fglg11mPP17gnQO7M1N3L2O2N2O2M2O0N2N3O2M2O001N3M2O1OUO`QN6`n1BQRN6om1HSRN7mm1DYRN<fn100000O010O11O0O103L2O0O010O1O01O01O00001O0001O00000010O0001O0000000O101O00001O001O001OO1000O02O0O100O2N4LWV[R2
20160713133714Th_10,eeRU21kRj03QmWO4L001O00000O1000000O010O1001O000000001O0O2O2N1O2Mbm55YRJ2O2O1O0O2YRNEfk1<UTNGkk1:RTNHok18PTNHQl18mSNITl18iSNIYl17cSNJ_l17]SNKdl17WSNKkl16QSNKQm17fRNN[m13RRNFO9Qn1W11O2M4K6J7E>[Oa0HbXgf1
20160820233134Lh_1,_cTk08go12N3N1O10O10010O000001N101O3M1O0O01N2N100001O001O001O4L2N100O201000OO01N4L5K1014L0O1O1O01O1O1N2N2N101N2N001N5JfZ[Q3
20160820233134Lh_2,nfdm24jo14I6L5J5N2N100000O00101N101N101N1O100001hPN@on1`0oPNCPo1g04L1O3M0000000O2O0O100O1000O02O001N10O10O2O0O10O0010O01O100O01O01O10O01O001O00011N01O04M2O2N00N1O101N001O1O00101N10O010O1O001O00000001O00000000001O000001O01O01O0000100000O1O1O0010O01O1O1N2O10O0100O1O001NTWcj0
20160820233134Lh_3,P^VT21bP<:RoE2O1N3M2O0N3N2N3N2O3L1N3N3M2N1O000O00ZO_QNO`n11bQNM_n12dQNBfn16h0Lgami1
20160820233134Lh_4,efZZ11jPP15mnQO5M3M2N2N1O2N1O2O1N3N1O0000001O0N2N200OO110O010O1N3O0GQQNAon1i0O1O1O1N2O010O00[OWQN4in1JYQN5kn1FVQN;ln1AUQN?Vo11O00000010O01O01O4L1O00O10001O01O001O01O1O00001OO10000O101O1N2O1O0O2O4L1NmWk_2
20160820233134Lh_5,X^fZ21\P:8ZoG2M2O2N10001O2N1O2N3M2O001O01O7J1N4L2Mh`gc1
20160828133734Ch_1,[c`j11cPR16TooN7J4L7J1O002O0O1O01O10O01O1O2O1N101N2O0O010O100O010O010O0001O001O1O1O100O12N000O10O0101N2OO011OO100O2OO010O010O2O1N1101N1O10O001O00O1000001O001O0O010O1O1N2O1O2NoY[o1
20160828133734Ch_2,k``n1;do12M2N2N2N3M2N2N3O0O1O100O10000O010OL5N1010O0001000O001000O010O1O100O1O1O10O01N2O1O100O1O001N200O10O0100O100O010000O1O01000O2O000000000000O10000O100000O10000000010O0O10000000O10000O2O0O1O3N1O1MT`]k1
20160828133734Ch_3,nfnP21[Qh41bnYK1N2N2J6O1O100O10O10O01000O10O10000000O10O10O100O10O100000000O10000000000000000O1000000O10O1000000000O1000010O0000000100O001O00010O0000001O0001O0001O000000100O0010O00001O01O01O0000000010O00000000010O000001O00000100O00001O010O000010O0001O010O000001O000000001O000O10000000001N1001O01O01O01O0000001O0000001O00010O01000O00101N_PNHZo18ePNJ[o15ePNLao17O0010O01O00001O01O000001O00001O01O0010O000000001O00000O101O0000000O101O00001O000O20O0001O001O00010O0000001O01O1O01O01O00000010O010O001O01O11OO010O10O0010O0010O010O000100O0010O00010O01O01O0010O0100O01O1O010O1O2O0O0010O010O010O00001O010O01O003N0O1O0010O01O010O10O2N2O0O1O01000O2O1O0O0100O1O00001O000010O00O101O00001O00001O00001O001O1O1N3MXU_U1
20160828133734Ch_4,ebbS33ko17H4N2O0O1O2O0O10O010O010O1000O010000O1000000O100O10000O10000000000000000012M1O010O100O010O100O10O10O10O11jPN]Okn1m00O00100O1O100O001O1O1O01OO2O00100O1O010O02O0O101N010O010O101N101oPNUOjn1Q1O100O0101N2N1O1O2N001O00001O1O4L0010O0001O1O2N1O1O1O1O1N1O2N2O2Mk[md0
20160828133734Ch_5,o[]P21jRP10nlQO7L4O1O001N1001N1O2N1010O00000001O01O10O01O010O010O010O0000000000001O0O1O1000000O01O10O11O0001O000000010O00O2O00000000O100O1O010000000001N2N2N3N`cPj1
20160828133734Ch_6,famc11]Pd08Wo]O9I6K1O2M3N3N5J5K10O10000O0O2O1O1N2O1O2N1O2N1N2O0001O000001O1O001O1N1N2N2O100OO1011O0N5L\]dX2
20160828133734Ch_7,[kZU27go13K6N01O00N2O2N4N1O00O3N1O001O1OO1O1000O20OOXRNKfk15UTN3hk1MTTNe0^k1[O`TNm0Zk1SOdTNR1oN`Nnk1?QUN_1lj1dNQUN^1mj1cNRUN^1nj1dNlTN`1Sk1dNbTNd1]k1`N^TNa1ck1bNVTNa1lk1X12O2M2N4L3M3K>C9G6K4F8E:AnQNmNWn1b0o0WOjPN1dReg1
20160828133734Ch_8,djbU21kP`09inA4N20O00O2M2O02O0000^RNE_k1:VTN5fk1JWTNe0^k1[O`TNk0[k1WOcTNn0Yk1SOdTNR1nN]NQl1c0PUNQ1kNaNSl1?PUNZ1nj1iNnTN[1Qk1gNcTNc1\k1bN]TNa1ck1cNUTNa1kk1Y13M3M3N2M3L5K`0@6J8H3F:G9_OoQNnNWn1M_Teg1
20160930165914Mh_1,ahRQ31cPl02YoUO2K5L4N3M3M10000000000000O10000O1000000000001O00001O0O2O01O010O011N2OO01O0000O1N200010O0101O000000O3M10O01O00100O10O3N1N10000O4L2N01O01O002IZPNOlUei0
20160930165914Mh_2,n`Vi01oo10jQd41Sn[K3O1N1O2O001O1O002N1O100O100O1O2N10000O1O11OO10000O10001O1O0000O100O100O1O10000O100001N1O1O011O0O2N2O3M3L2O1N0100O1O1O002OO01O1O100O011N2N011N02OO11N2N2O00001N10001N2O1N1O011N2N2O1N100O1O10O10O00010O01O0000001O1O01O01O1O00100O1O1O10000O01000001O1N20OO0010O10O10O1O00001O1O000O2O1O001O1O100O02OO10O10O010O10O01O1O01000O011OO101OO11OO0011O002N002N1N3N3M1O0O0100O001O1O001O1O001O1O010O10O01O001O001O0010O000001O1O00001O2N1O1O100O1O10O10000O010000O11N1000O1000O110N11OO1000O01000O0100O100O011N01000O0011OO10000O10001N1000O1O1N101N2O0O2O1O001N101O1O001O1O1O1O011OO01000O010000O10O0010O10O001O010O10O0001O0010O001O000010O010O010O001000O01O1O001O1O00100O00100O0001O1O00001O001O00000O10000O100000000010O0000O1000001O000000001O1N1000000O101O001N10001N2N3McVeZ2
20160930165914Mh_3,ch]Q24ko13M2O1N101N100O2O0O2N2O1O1O0O2O0010O01O1O1O1O100O001O01O011N010O0000010O0001O001O0010O02N1O010O1O010O01O01O000001O0001O000001O000000000001O01O00000000000000000000000000001O0000000000000000000000000000001O00000000000000000000000O10O1000O1000O10O1000000O0100000O100O10000O10O1000O10O1000O010000O100000O10O10000000000O1000O10000O01000HnPNAin1M\QNb0M_Ohn1OZQNc0ln1_ORQNa0on1_OPQNb0Po1_OnPNa0Ro17O10O10O10000000000O100000000000000O1000O01000O10000O0100000O10O100000O100000000000001O000000O100000001O0000000000000000000O1000000000000O100000000000O10000000000000O2O0000000000000000000000000001O000000000000000O1000000000000000001O0000000O10001O0O10000000000000O100001O000000000000000000000000001O0000001O00001O001O1O00001O0@hPN7Zo1GhPN8Xo1GiPN9Xo1EiPN:`o1O1H]PN1io1O10[WTY1
20160930165914Mh_4,\oZP31[Pb05]o_O4N1O0PQNJWn15gQNNYn13dQNN]n11cQNO]n13UQNH65fn1:XQNGgn1:XQNFhn1<UQNFjn1i0O00001O000001O000000N1O10O2N2N2N2O1O1O1N2O001O1O1O101^OjPN7ao1O1N3Mno^l0
20161015144954Bh_1,Xhdm2;_o18M1O10ON3N010000O100010O01O1O01O01O10O10000000O100000001O0001O01O010O1000000O100O100000O2O0000001O0O11OO01O10O10O1O11O00O100O100010O00000O0100O010O1O2M4LSW_m0
20161015144954Bh_2,]ghZ11eS^2;WmaME`m1Q1mQNYOnm1_1L3K4B>N2O1O1M3O1O100NM4XOi0O1N2M3O2M2O2M1N3O1N2O0M4K5000O10O1J6010O10000O100O2O00O01O10O1O1N1J7N200O2O0O10000O2O0O101N10000000O101O001O1O010O1O00100O3N1O001N100O01O1O1O0O2O0000001O01O2N2O0010OO10001O00000O010O10001N101N1O01N100O10000O10O1O001O100O101O1O0000101N2OO11O0001O1N2O002M2O03L3N2M4M2M6K4dQNaNo0Ogk1m1RTNYNlk1h1QTN\Nnk1e1ZSNZN46`l1g24N100O1N3M3L2O1cNSSNbNJm0Sm1:bSNB`l15iSNIYl13lSNHVl1I\TN0jk1KX2NRUYX2
20161015144954Bh_3,geZh02lo15L3N2M2N2N1O3N1O10000O10O200O1N101N1O101N1O100000O10O0100O11N1O11OO010O01O1O10000000O100000O2O1O1O00100N20O0001O2N004L2N1O101N01O0011N=C3M2O5I4M6J8G3O0O1O01O000^NnRN4Vm1EQSN9Tm1]ORSN`0Yn1N3N2L4M5JSVSR3
20161015144954Bh_4,ebf:2`YZ26SfgM6M3M2M3gNJTRNl0gm1i0BQNdRNU2Xm1:L3O2K5O2L4N3M101O0N11BaSN\M_l1]2e0K4L5D:K7NO12N1O2N2N3N2M3O1K5N00F;ON2O2O00L400O02O1O1O1O1002N1N3N2O1O0O10000O2O1O1O3M1O1N1N20O00001N1O2O010O1OO1O1000M30ON3M2J7N2N3M2O1OO1O10N3M3O101O00K5I8K400O101N2N2N100O200O001N2O10O01N11O001N2O1N2O1O001O1N200O1N2O1O1O5I5Lg0TOfZaZ3
20161019133714Th_1,mf^T25io15M2L3N2O1O1N2O1N2O001N2O1N101O001O001O0000001O0O100001N100O1O2O1O001O02O2NO2O001N1000O100O00100O01O00000O2O0O101O1N2O1N2O1O100O1001N10000000000000O0101O0010O0000O2O1O0O10O001O0010O0001O00010O001O000100O100O100O100O10001O001OWOkPNi0Uo13NO1N1N4M2M6KPWoc1
20161019133714Th_2,WgVg19Z11hl14RSNOll14]RNb0am1AXRNf0em1m0L7I7I3N3M1O2N2O0N20O01O1O1O2O0O1N2O1N2N2O1N2O1O1N3O0O2N1000lNRTNWNlk1i1ZTNRNek1n1_TNoMak1Q2aTNlM`k1S2cTNkM\k1U2hTNhMXk1W2nTNbMSk1^2W1O2N1O2N2M2O2O1O001O1O010O1N2B=N3N1M4M3N10001O1O1O1O1O1O1O1O00100000O1000O100000000001N10000O2O1O000O0001O1N101O0O2M3M3N1O2O1O1J7N1M5KdZoQ2
20161019133714Th_3,c^_o01bQd04Vn]O5M2M201N1O2N100O1O1O1O1N2O0O2O1O00001M20O110O1O0O2O1N2O1O001O0O2O001N1N20O0100O10001O001O1N3LTall2
20161019133714Th_4,fc`^21lo14N2M2O1O1O2N1O1000O010O0010O10O0100O0100000000O10O100000O100000000O1000O1000001O000000000000001O0000000000001O0000000000000O2O0000000000000001O0000001O000000001O0000001O0000001O00000000000000001O00000000001O000001O00000000001O01O0001O002N1O2OO0001O00000000000000000000000000000000O100N2O2O000O101O0O1O2O1O0O2O1N_\eW1
20161019133714Th_5,Z^_h11nQX11mmiN5L3N2N100O2OO0100O10O10O10O01O010O001O000N3M3O1O010O1O2N0010O1O010O1O10O01000O100O100000O100O1000000O010O1N1000001O0000010O010000O100O1000O10000O10000O001O001O0010O0010O0010000O001O1O1O1M4K4M[aVP2
20161020145454Bh_1,dfTa26ho14M2N2M4L4N1N2O1O0010O001O001O0000001O10O1O2N1O2N2N01O0001O0000000O10000000O101O001O001O0010O010O010O01O1000O10O001O10O11N10001N0100O1O1000O020O1O10O00000O010000O1O100000000001OO11O01OO10001N101O0O100O1001O001N10000O02O2N1O0001O2N2N1O0O2N3M3AfPN2XVYW1
20161020145454Bh_2,cYm`11aR\10]meN2N2O1O001O1O001O00000O100000O20O001O0001O0000000O100001O0O1000000O100O10O02O0O10O10O01O01000O10000O0100O001O001O000000000001O00001O01O01O01O01O01O010O00001O0O1O11OO100000O1O100O100N2O100000O1N21O01OO100000O1O0100O2O102K4NjefV2
20161020145454Bh_3,o]]Y21[Pn01]oSO7O1O2N2N10O003N0O01001O0001OO01O0001O000000000O10000000O100O100O0100O00100O010O100O1O100O01O010O10O10O1000000O1000O01000O01000O100000000000O11N1O1M4O1Njaj`1
20161020145454Bh_4,ZfZc11bPh07VoYO1N2O0O102N3N1N1000001N0O2O001O1O10O10001N02O1O3L2N1O4LYOVQN9jn1EXQN;gn1C]QN<cn1C`QN:an1DaQN;an1AaQN>Ro1K50\PNH51nn18lPNH34on1f0O2N0011ROSQNf0Uo1N2N2O0O1O1O10O02O1N2O0O02OO0100O03M2N2NPWQX2
20161020145454Bh_5,o]iY21ZPb02^o_O7M2O2N1000O101N1O01001O0010N001O01O00001O0000000O1000O100O100O10O010N101000000O1O2M5L`alb1
20161020145454Bh_6,khXW39co18I5L8jPNSO;0Tn1c1K1N2O10`NjQNT1Po1B2M5K7J0N3N7FnUgg0
20161104133714Th_1,`alo11SQR23gnoM6K3M1O3M1O2O1O00001O1O01O001O100O1O100O100O010O10O010O010XQNEim1>SRNGim1:VRNHim17WRNJhm17WRNIim17WRNJim16VRNKim16VRNJkm15URNLkm13URNNkm12TRNOlm11SRN1lm1NTRN3lm1MRRN5mm1LRRN4nm1MPRN6nm1KoQN8Pn1InQN8Rn1JlQN7Rn1l001O001N2O2N2N1O001O001O00O10000N01O1N2L4N2010O010O0FbRNQNam1o180O10001O0000O101O002TNZRNZ1fm1eN^RNX1cm1gNcRNT1Vn1O0O1O00100O1O010002M2O0001O10OO100O2O2N0000100O1O1N102M3M101WOjPNe0Xo110O01O010O10000000000O12OO0001OO100001O001O1O00001O0000O10O01O0010O1O1O2O1N100O100O1O1O001N3L3O2LjY_c1
20161104133714Th_2,UU]`11_Pj02]oWO2O0O2O001N2O10O01O1000O01O01O01O00O10000O1000O100000O100002N1O011N101N011O00O2N010O010001O001N1O100O1O0000101N>C2O00O0O2N1N3Nk0SOihfZ2
20161104133714Th_3,biXT36io13L2N3O0O10OO1000010N101000O1O1O100010dPNEQo1<mPNFTo19jPNIVo1`01O001N1010O01O00010O010O10O01O2N10000O1O1O100O011N101O1N2OO01O00lUYh0
20161104133714Th_4,maPl24ko13M2O000O1M3O0O2I7O1O100O100O1O0N2000000100O01OO2O1O1O1O1N3M2O2O1N3M3K5Kj^eQ1
20161104133714Th_5,``^f18go12N2N101O001O0O2N2O2N1O2N0100O1O2N1O2O10O2N1N2N10100O03N1N1O001O0001O0TQNHPn18dQN5Zn1LbQN8i1WOgj1_1`SNaN^16Qk1c1hTN_NXk1c1bTNaN^k1`1\TNeNdk1a1bSNUN3?Zl1i21O008H4NO0:E<D0OO01O2N1O2N1ZNhRNc0Xm1XOoRNe0Rm1XOTSNd0nl1XOWSNe0Wn1K4L1O2N2M3M7H20N0aZUU2
20161104133714Th_6,T]e\12io1e0_O3M2N2M3O0O1N2N1MBa0M4O000O2O001O1O1O1O1O1O010O1O2N2Mdcba2
20161104133714Th_7,b`nf14ko13N005K4M1N2N02N1O1O01O102N4K101O001OO3M2O1O10O001O10OnPN_OH8^n1:eQN1[n1l0OMZSNhNgj1Z1cSNeNW16Tk1b1fTNcNXk1`1^TNiNak1f1jSNeNQl1f22OTUN]L]i1`3RVNmLTj1S3UUNbLMb03ZOcj1f4ZUNcKnj1Q4UUNoKRk1l2PUN[MNJVk1d2oTNVNRk1e1QUN\Noj1b1QUN`Noj1_1oTNeNPk1\1jTNiNWk1S2hTNQMXk1o2jTNnLXk13eTNm2\k1iLTUNY2BjM[k1IZUNl1YOQN59Zk1E_UNj1UOVN5:bl1Z1[SN\N49fl1W1USN_N69il1X1nRN^N8<ll1S1YSNQOhl1?nRNQO;b0jl10lSNOVl1NnSN0Rl1MQTN3nk1KWTN3jk1LWTN2mk1F^TN3km1J[XoT2
20161104133714Th_8,e^eW21^PP10\oQO1WPN9ao14O1O001O001O010O01O1O0000001O0O1000000000000001O000O010000000O100000O10O10O10000O101OO01000N101O10000O0100O01000000000010O0000000000010O0000O1E`PN6ao1IePN1\o1MfPN2\`db1
20161111133734Ch_1,RmXS17eo15N1M4N4L2M2O001OBQQNLon14XQNEgn1=<02O00J6OLhPNCWo1`0hPNCTo1e0O1N2MMQQNZOon1f051OHPQNAon1`080O1N3O000O1O20N2N1MjPN]OVo1c031O010O01O001N1O10O2O001O00100O100000000O01000O100O10O0O2M201O01000000O10EhPNNWo12jPNNVo11kPNOTo12lPNNTo11mPNOSo11nPNNQo12QQNMnn14RQNLmn15TQNHmn19=010O00000001O00000010O0001O00001O0000000O1000O10OO2O1M300000010O1O0N2N2O1K5O10000000000001O1\OkPN;^o1O2N7I2N00XUYd2
20161111133734Ch_2,bcXf01nPh00cnYO1cPN1N3\o1=N100O2O0O2O1N1N3O2M2O1O1O000O2O01O001O0KTQNUOmn1j0500M201O1K5O1O10O010002N00001O01N2O000000000O01O01000010O02N1O1O0DbPN6_[_U3
20161111133734Ch_3,heVj21dPb04Uo_O2O1N2N20O10010O0010O01000O1O001O1ePNDQo1>kPNDVo1:iPNHWo18hPNNSo1`000O1O3N0YQNTOYn1Z10O100O10000gN]QNT1mn1J5LO1O^OQQN4nn1HXQN7gn1BSQN27=Vo10O14M4K1O2N2LlW[R1
20161111133734Ch_4,Sm^S13lo12O11LSo?3kP@1O1N3N1O1K410O1O0O2O1C_OWQNc0jn1_OTQNb0ln1_OQQNb0Qo15100O1O1O001L3010O1OO200O0N21OO10O20O010O01O1000O0100000O10O1O01O10OO2O10O01O10O1000O0HfPNLZo13gPNMYo11jPNNUo12lPNNSo13mPNMSo13mPNMRo14oPNKQo14PQNLon15QQNKon15RQNHPo18<0000000000001O01O000000001O00000000000000O10000O00100O2N10000FEoPN;on1HoPN:Po1HmPN9Ro1;O100000000O2O000000000100O1ZOoPN;]o1O1O1N1O2O0O1O2N00001O010O02N001O010O0100O002N2M2NPoU11PQjN0000000YoQ1NiPnN2N1O1O2N00001O01O01O1O0000001O001O1O1O2O0O1O00101N010000O1O7JO010O010O00O1001O000000001O00001O1O01O00002OO01O0000000O10O11O00001N101N2NPVo[2
20161116222134Lh_1,^di[11gPl1=jnUN2N3M10100M\OhPNe0Xo1200O1O2N001O001O2N2N1O010O11OO11O00000O0100O00100N10001O001N10TOZQN?dn1A_QN>_n1BcQN=\n1CfQN=Xn1DiQN;Wn1DlQN;Rn1EoQN;Qn1DQRN<mm1DTRN=km1BWRN>hm1AYRN?gm1_O[RNa0em1_O\RNa0cm1^O^RNb0cm1\O^RNe0^n1001O0O3M1N201N10010O10O00O010O10001O0010O0000000001N3N1O1O100O020YQNhNdn1Y1001O1O10O100O001O00000O1O10000001O001O001N2O1O001O0010O1O3L3M101N10001O01O01O00lNcQNe0]n1YOfQNf0Yn1YOlQNe0Sn1YORRNe0mm1[OTRNd0lm1ZOWRNf0hm1ZOYRNe0hm1YO[RNf0dm1YO^RNf0`n1N1O10O07I2N2M2N2L[XZY2
20161116222134Lh_2,XYWh16go14N1O2N1O1O1LBfPN>Yo1401001O1N2N0000O2O000010O0100O0000001O1O001O010O01O00001O0N2O10000O110O0000010O001O0000000O1000001O001O1M4M4KXhjS2
20161116222134Lh_3,W^oY11mo13N2N1O1N1I8N20O010O1000O10000000O100000000O01OO1N300O010O10O10O0101M3N2O00000O10000O100O10O0001O0O2O1O1O100O1000O10000O100O1O2N1O1N2O100O1O2O000O100O100000O010O010O10O010O10O01000O1O100O2N100O1000O10O01O1O1O1O1O00100O0010O01O01O001O010O1O00100O001O010O0100O010N101O10O01000000O1O01O001O1O001O01000O010001N1O3M10001OO1LGaPN9^o15001O2N000O1000000O1000000000000000000000010O01O001O1O0000OOD`PN<^o140O100O2N100O10000O1O0010OO2O10O02O0O101N10UddX2
20161116222134Lh_4,c^aS13mo15J5K2O1O1O00010O0001O1O102M0100O001O001O0100O010O01000O0010O0001O001O001O001O1O2N010O0000001O1O1Ng`Zi2
20161116222134Lh_5,e[WX11_Rj13\mWN1O2M2FLdPN8[o17OO20O10O100000000O1000001N1000OLdPNE\o1;41O10O0100O10O10O100O2N2NIePNLZo13gPNMYo1>O0O100000O0100O1OO2O01O1O100N2O1O10O001O100O1O100O2N1O1O100O10001N1O1O1O1000000000O001O10O010O010000000000O001O2N101N100O10O1O1O1O1N2O100O001O001O00010O01O001O1O010O1O001O01O0010OJ7O1O10O100000O1O2Mkc\]2
20161116222134Lh_6,d^]S11oo12M5K3N2N1O1O001O001O00000010O101O0O10O1O00100O010O0100O010O0010O01O001O00100O001O010O1O1O00000O2O001O1N102LUoW20lPhM5K3M1J7N1M20100N200O101O0000000O001M2000O101M30OO2O1O1000000O1O100O10O100O01O0O2O0010OO20O010O1O2O1N10000O10000O100O10OO110N110O2O0N200O0100O10000O100O1O100O1O1O1O100O1O2O000O1O10000O010O10O001000O010000O10000O1O100O1O100O01000O01O1O1O1O1O001O1O010O00010O01O001O10O01O1O01O01O01O010N2O0M40O1000O102N1N1O2O2MecV]2
20161219133734Ch_1,^ej`01kQZ27kmgM4N101OO10O10O01O001O0100O10O1O001O00001O001O1O2N1N3N002O0O:F9I3L8I20OO1N0O9G4L4L3M3M2N10iMPSN\1nm13K1N3L2O1O100O20110M3M5J24MN4MO0OO10RNiRNQ1Zm1iNmRNS1Rn1O:E4N1N1N2N010O1O100O3M2N2N100O100O010O0109F010O10EnPNGRo18QQNJkn15XQN1_n1OaQN5[n1JfQN8Yn1GiQN:Un1EoQN<mm1DjQNF3f0Pn1MRRN2mm1MVRN0lm1NURN2mm1KSRN6om1FRRN:Vn1]OkQNc0jn1O1O010ON3M4O1NXOoPNb0Qo1]OoPNc0Xo10O02OO02N001O02N10OO2O1O01O10O010O101N1O00100O000009H10OO00010O3N1OO010O1O01O00001O000001O1O1O000001O1O1O1O1O000O1O3KQQQR3
20161219133734Ch_2,Pn^i032Ofo17O00001N11O01O011N2N1O100O000001O02O0O1O1O001N10000010O0100O2N001O1O1O0000AoPN0on1NUQN1kn1NVQN3in1LXQN5gn1JZQN6en1J]QN6bn1J^QN6cn1I`QN4`n1L`QN5_n1KbQN5]n1KdQN5\n1IeQN7\n1GfQN9Po1001O0000001O00001O01O000010O0001O1O000O2O0O2KRQmQ3
20161219133734Ch_3,ldWh11`Pl03[oUO2N3M2N3M1O100O2O001O1O000001O0O2O1N100001N2O100O000O2N1O2O0001O2O2MO11O3NO001N2O1O1O1O1N3N1N2O000100O100O1O00011N5K001O1O1O005K1N2N3M2OkYbR2
20161219133734Ch_4,ddWg11iPl11hnUN2fPN1Yo10ePN1[o10cPN6Xo1:O001OZOhPNd0\o1N010O01O000010O001O000100O00001O01O0000O1O2O0001O1O1O010O0010O00100O1O2N2M3N1O0O2O01O0100O01O00001O1O3M4L010O1O1O1O1O1O001O001O01O000O101O00001OO2O002N0O1000O1O00100O1O100O2O0O100001N10002M1O2K40N2000100O0O2N01FdPN0[o11gPNMYo13gPNMYo13:O1O1O1OZPN1]o1OaPN4]o1MbPN4^o1M`PN5^o1701O1N1O3gPN\ORo1i0O2O00001O01O100O1O2O1N4L2M3N0O2O01OK`PNJao14`PNL`o13aPNLbo11mY^m1
20161231223534Lh_1,^cdQ31kPT24onmM3N2M110O100O100O101N2O1O1OO100O1O1O1O001O00O101O0000010O00010O01O01O01000O2O000O100O001O1O00001O01OO101O000001O000001O0000002N0010O10O0001O00001O101N101O00ePN_OWo1d00N3L400O1O010O1O1O001O01O2N2O0O1O1kPN@in1a0TQNEhn1:XQNGgn1:WQNHin18UQNJjn1NTQNL27jn1LTQN?ln1>M2OlNYQNm0on1O0O1O1N2O1N00100O001O01O010O011N05L0O1OJ^OnPNc0Po1@nPN`0Ro171O1N2O001O001O001O00100O000001O00001O01O010O101N001O001O001O001O0000001N1000001O00001O1O001O001O1O1O1NcXo`0
20161231223534Lh_2,Y_i`21_Pl02]oUO2N2N2IK`PN6`o16N10000O10001O00000001O011OO0100010OO100O001O0001OO100O10000001O000001O00000000000000000O1000O100O101N10000000N2O2O003L2N2N2MT`RZ1
20161231223534Lh_3,WdfS38fo14M2O2M101000O2O2M11O3M1O0O1000O1O2N002M1001O0O2O000001O01O0100O100O002O0O0010O2O00000O1N20O010OO2O000O100000000O10000000001O0O10010O10O00001O2M2O1O1O011B^PN:go1M2M3MaZWg0
20170129133714Th_1,bTQ_26io19G2O0O10001N2N1O1O1O1O1O1N2O1K5QOSOhRNP1Vm1TO^RNU1bm1e0N1000O0O3N1O2K4L5M3M3L3O2I7M3N2L6J4Bgmb^1
20170129133714Th_2,gj^W31ePb05To_O2O1O0O2N10000N200O2N2M2O1O100O1O1O1O2O001N101O0001O001O001O1O1O01O01N2O5K9G5KYT_e0
20170313145450Bh_1,daXd28go13N2N2N2N2N1O1000O1O1010N027HO10010N101O102M2N2N3L\P4LfoK6L6J4L5K20N4NO01N3O0O0O1O1O0010O11OO11O0010O10O11O100O1O1N102M3L1mQNZOW15Pi1b0PUNWO5<b11Wi1m0PUNXOb12\i1g1ZVN`Ndi1f1XUNbM7P1_j1`1UUN]Oij1o2O0010N203K7J101O8G4_N`TNYNTl1c0`TNZOck1:jTN@Yk19nTNETk17oTNFUk15nTNAbk16cTN_Onk16kZ]V1
20170313145450Bh_2,blVk11bQj26QnWM;hPN@cn1f0XQN^Oen1S1K3N1O6_QNcNSn1g1O0O4M1N3M2O3L2O0O20O0O6K2N1N4M2N002NO100O010O001O100O100O06K2M2O003L2O000102L203L4L002M4M00nNURN6cm1HaRN8OmNSm1e0TSNj0kl1ROZSNo0dl1jNbSNW1]l1iNdSNW1\l1hNgSNV1[l1fNkSNV1Ul1iNPTNR1Ql1lN[TNi0ek1VO_TNg0ak1XO`TNi0\m1O2N4M0O2O0O100O2OO0101OO02O1N010O1000O010O00101N010O10O000000000000000O2O00001O000001O000010O000010O000000000001O01O000001O000000001O001N101O000O2O0O1O1N2OnoQ1OSPnN2N3N1O001O1O100O01O000O1000O1O1O1N20O1000O010O1N2O1O2N1O2O1N100O10000O1O1O1O1O100OO1O2L4N2O00100O1O1O2N2N4Lbm`d1
20170313145450Bh_3,blXl11]Qh1=RnYN7Hc0@4L4M2N;F2N2N001N2O1N3N2M3N1O06I2O1N4M2N1O1O0000O1O1O100O00101N100001O4L1N3M2N31M3N1N2N4M0N202M2N3LaNaRN?^m1^OhRN`0Wm1VOTSNk0jl1ROXSNT1cl1iN_SN[1^l1dNcSN^1[l1_NjSN`1]m1N4L3L5L3L4L2N2N2N2N2O0O2O0O2O0O1000000O2O000O1000O001O010O011N1000O001O00O1O01000000O2O001N1001O1O0000010O010O000000000000000010O1O1O1O001O1N2O1N10jldi1
20170313145450Bh_4,WmVm11dPj0`0hnWO8J`0@4M1O1O1iQNbNjm1_1PRNiNnm1e1000O14K3N0O101N2O01kMXRNn1om1N2N2N6J4L1O1O1N1J_QNmNan1P1dQNmN]n1R1dQNnN\n1Q1eQNnN\n1R1dQNnN\n1R19010O1002N6J1O0O5L1N100O2O0O1O100O10O01O1O0O2N1O2O1O2N2LRPUn1
20170313145450Bh_5,kX[d21oPh02lnYO4M2O1O0O100O01000O10O00010O10O1O1O010O10000O10O1N2O1O1000O10N20O010000O0100O010O1O1O010O10O10ON200100O0100O100O002N1NPgTW1
20170313145450Bh_6,h`jn15co1L^PN116[o1;N3N1O1O01O0N2N200O2OOO2000CGSQN:ln1=01O01MO300O1010O1O2OO01O2L3N2N2L5L7Em`mn1
20170326133730Ch_1,^d\]23lo12J5WOJeQN9Xn11^QN2_n1i0N1O3NO`QNUOmm1f1J1N\N^RNl0am1SOfRNi0Xm1TOoRNj0ol1oN[SNP1KkNmk12]TN6SO?=\Okm1MdQNk05[O]n1R11O102gN]QNP1ln1N1O2O11O0O01N4L4L3N2M3NO1101M11N1O002N3OO1N001O1N101O000100O02OO10O00001O10001OO1O000N2O1O1N2N21N3N2M5KVYQ^1
20170326133730Ch_2,fjVg11mo13O0O10O01O001O010O10O01O010O1O10O010O10O100O0100O1O00100O01N101O001O00000000O1000O101OO2OO1000O002O0N4NbV_U2
20170326133730Ch_3,ZVYg15ho14N2N1O2M2O1N2O1O1O1O10O1N2N200OO1O20O1O1O10000O2O0000000100O001O1O0O3N0O2N1O2N1000000O1000O100O1N3N1O1000O100O4M1O1N2O0O10O1O2N2M201N001000O0101AgPN5Yo1JhPN6Xo1IiPN7Yo1FhPN;^o1O20O01O0001OO101O00000001O000000OO2O01N2O1O3L2OTj\R2
20170326133730Ch_4,dc\R25go15N1O01000O2O0O2OB`PN=co1N1O0000000000001OO20O0000O1N200O011N100OGfPNNZo11hPNNXo1OmPNNh[ck1
20170326133730Ch_5,UhXe15<4gn1OWQN6en1F^QN>_n1B_QNe0[n1^OaQNg0[n1[OcQNi0[n1XOcQNj0Zn1>0AlQNSOTn1k0b0GSQN[OPo1c07AkPN2Xo1JkXkY2
20170326133730Ch_6,nY^_21XQP24UnQNMnPN5Qo1KoPN5Qo1MlPN5So1KfPNO36Wo11fPN2Yo1;O101N1O3M3M1O1O1O001O1N10000000WOXQN4ODin18YQNHO31Jin1:YQNF04mn15[QNJfn16\QNGen19b0O00000O10000O1000000OM400O01000000000000O100O1O100000O10000O10O01O100O0010O0000100O100O1001O001O3M001O1N2O2fPN]OSo1i0O0O100O01O100O0010000O1O1M4O2M1000NLdPNG]o19dPNF[o1:fPNF[o19600O2O000000000000001O]PNJ\o16bPNM]o13bPNN^o12bPNO]o12bPNN^o1:000001O000001O0001O000000000O0100O100O0O201N1O101N1O100O101N101N3M_eoT1
20170328014950Uh_1,f_j]24jo13N2N2N1O2M3O0O2N3M2N3N2N2N1N3N1O10O0000001O0O2O1O1O011O0O100100O01O1N1O1N2O100O07J2N000000010N10000000O7J1O0O1000O01O10000O10O10O110N2O001OO112M200ON2O000001O1O01O1N100O100O101O0010O001O00O10O10O100001O1O1O=EN2O1OO1OO2O0010OO11OO10O02O0O2N1O1O1O1O1O01000O11O01N101O0O01000O1O100O00100O001N3MR\oX1
20170328014950Uh_2,hSc_21mo13N3N001O010O002N1O0000000000001O001O0O1001O00000000O1N2O1O100O10O100N2O0O2O1000O1000O01O10O10O1O00100O1000000O0100O1O010O10O100O01O00100O0O3O0O100000000O2M3N2NklZ[1
20170329014850Uh_1,h\Te21`Q\22\neM3N2N1O1O3L4N1cPN@Vo1j0K3M1O2O1N11O0000001O101102L0O1O01O3M0O5K4L3NO00011N1O10O0100O103N0O1O01O1N3O1N1000O0O2N2OO20O0000000001O1O1O0000001OO101N0O2O1O01O002OO010O0100O1000O10O2O00010O1O100N3N1OO0110O0001O0010O010OO1O1000001O01O001O10O01O1024I2M2K5O0O3N0020N1O1O1O1O3N20NO0001O0000O11OO1O001O1O1O1O2N001O0010O000100O02OO10001N5L000O1O1N2N5Jc[Qn0
20170329014850Uh_2,dRaj21[QX12[niN8O00000000000000010O001O0O20O01O01O00000000000000O101O00000000001O00000000000O10000O1000O0100O1O001O010O010O10O001OO10010O1O010OO2O0O20O01N10010N10N110001N1010O01O1N20O0100000001O0O2N5LmlZn0
20170330133710Th_1,PcXn13ho18M1O01O01OO100001O01O000001O1O1O01O01O010O1O00000000001O001O010O010O00O2O001O10O0001O0O1001O1O001O1gPNHin18RQNMmn1d000O2O00010OO1001O01N100O5K6I3M4AbPN5\[_m1
20170330133710Th_2,W_PT31]Qd13]n]N8I2N3M3L3N3M2M3N2O2M3N1O1O001O10O001O2N010O10O01O100O10000010O11O0O00000N2O1O001O01O01O1O100000O1000O01000O100O00100O101N10O02O000O1O10O1000O1010N020O0O102N001O001O001O2N010N3N5K3M4M1M25K00O00100O10O100001N2NO110O3M2N5J3N1N3N000O10O10O1O3M3M2M4M2M6IZ[_b0
20170330133710Th_3,X_Rc11gQ<5VmE0iQN2Un11hQN0Xn11dQN1]n12\QN2dn1e0000O1000O1N3L3J6N10H9O101N100GWQN[Oin1`0=01N3J7Bf`mZ2
20170414151450Bh_1,Tb]U21bPT12XomN;F3N3N1O001O10O2N3M100O10O2O0O100O010O0010O000001O010O0O101O00000O1001O1O00000O2O0001O001O1O001O0O101O001O0O100O2N1O1O2O0O101O100O10O2O1O0000000QOWQNg0Qo10O1O100O0101N2N2N3M2N3M1O6I4Lj[lc1
20170414151450Bh_2,kc_Y11no13N1N2O0O2O001O0O2O001O001O01O01O000001O001O0010O01O0010O2OO010O001O010O00001O01O100O00010O00001O001O00001O00001O000010O0001O0010O00010O010O010O20N103MO10O01O00100O0010O0000010O01O01O0001O100O1O100O001O0001O00000000001O0000000000001O10O000001O000000000001O01O00001O00001O00001O1O100O3M2N1000O10O02N010O1O1O010O000001O0000010O0010O000000000000000000O100000000000001O0000000001O00001O001O1O00001O1O00001O001O001O00001O010O001O00000O10000000001O00000O1000001N1O10001N101N101N2NWZdW2
20170414151450Bh_3,iifg13ko12N2O1O1N2O2OO01O1N2O1N1O101B^O[QNd0fn1_OUQNb0on15010O010O010O10OO100O3M2M3N2O1N2N1O2N110O1O1N^WiU2
20170414151450Bh_4,gRi`11UP>6doC2N2N1O0O3N2N2O00O1O1O2O0O2OO0100O1O1O010O0000000000001Nfln\2
20170516134450Bh_1,_aXo11mPb02mn_O6K4L3O1O1O1O2OO01OO1010O1XSN]OQj1d0lUN^OUj1c0fUN@Zj1a0`UNCaj1=^UNDbj1=[UNEej1<YUNFgj1:WUNGkj18RUNJoj16PUNJQk15lTNNUk11iTN1Wk1OfTN4[k1LcTN6]k1K_TN7dk1HYTN:hk1FhSN]O@o0il1CfSN@\OR1ol1^OaSNm0`l1WOXSNm0hl1V12N2M3M2N4L2L6kNXRNIlm1JcRNJC_OVn14b]_m1
20170516134450Bh_2,\d`R37ho12O0O1O101N1N2FBmPNc0Ro16O00M301O1O001N2O100O10001OO1001O001N01O1O1O10O10001O001N3L8HS\oj0
20170626133730Ch_1,eT[h14co1;K3O1O1O01N01O1N2N2N3N1@`0J7K4N2N3N2OO1O0100F:POTNkSNn1Tl1WNgSNi1Yl1]N[SN^O1U2el1n01N2XOVSNYNkl1b1bSNTN`l1i1fSNSN[l1j1jSNRNYl1k1P1N5K?dN^QN>To1N3L3M2M4KhmPU2
20170902231930Lh_1,aPSg12go1:YOI]QN:_n1L\QN7bn1K[QN7cn1c001N0001000000O101N2M2M3000UO\OZRNd0gm1]OXRNb0hm1@VRN`0jm1ATRN`0lm1ATRN?lm1AQRNb0om1^OoQNe0Pn1]OlQNe0Un1a01O2O0O1O0OO0J80O1O10O1N3O100O1000N2N2N3O100O1O2O4K3N2N1N2N3QO[QN?To1N3M2N3L6KXRoT2
20170902231930Lh_2,``gX11\QZ18WngN5ePNGln1:SQNGln1:RQNJkn18SQNIln1g0O0O100O100O1O1O2M3N1O2M2N2N2O1O1O0100O2O1mNhQN<\n1]OhQNc0jn11010OO1O1N2O001O000001O001O001O1O2N2N2N1O2O01OO100O1O00O101O0O2O000O2O103L2O1N10O10O01O2N2OO00O2O001O01O0O1000O010001O000001O002N2N2M7@aPN2io1M4Lb\j_2
20170902231930Lh_3,QePU11kP<;hnE2L4N1M3N3N1O1O1O1O1O1N200O00O2N2APQNNPo11SQNMnn10UQNOjn11WQNOin10YQNOgn10ZQN0fn1N]QN0\o1MPZQi2
20170926225530Lh_1,clPh07fo18hPNG]n1;YQN2cn1h0L2N2O1O002M10000O002N3N2N3L3M2M3M6K:F5K3M3M3LPO\SNjNbl1V1aSNiN\l1e0_SNmN8=Wl1g0hSNcN5OD>^l1g0XUNROej1P1bUNhN]j1Z1R22N10002N1N10100O10O1M1O3N011O0100OE<O001O2N1O00010M3K6O2M3M5JiVoS3
20170926225530Lh_2,_Vif01VPl00foUO301O000000000000001O0000001O0001O01O00010O00010O000000001O01O0001N20O001O001O0000000001O0000000001O00XPNJfo1800000M4O2N0OTidT3
20171018223630Lh_1,Zfh_17ho13K6K4M3L2O3N1O001O1O1O10O206I2N0O2O00001N0101N02O0001N11OO010O1O01O1O1O1O000102O3L100O03N0O100N11N20O000001N10O0010O01O0011OO11N011N0100001N1000010OO3ON11O0O11O01O0010OO3O00OO11O000O100O1O0001O0100O110N100O111M012M1O10O010O00001O1O00001O1N101O0O2O00000010O0100O01O001O01O0000000O1000000O2O01O01O0101N1O4L102N1N110N2O1N110N101O02O1N9IN011N2N2N011N021L3O1N1O4L012L200N202L102OO0O010O2OO13L4La0^O2E<JYQNLkm13TRN1jm1MVRN8fn12H9K4N2O1O10O00101N10O3M001O110OO2O1O2N00002M0O4M0020N101O001OO2N002N1O4K4LhQYQ2
20171018223630Lh_2,`dX]11hQb28mm_M6J4K5N0N3O002N001O11OO1105I3O1M10O020OO11OO0100000001OO0100O10O1O001O1O0002O3M2O0O1O000103M0O0O20O1O001N1000O00010O1O010O02OO10O101O0O1O11OO110OO20O01O0O11O01O1O001O1O100OO11O0001O0O1O001O1N110O11O01O1N011OO11N2O0O100O000001O1O001O001O0O2O1N100O2O1O01O010O001O010O10O0000O100001N100O10001O0010O1O2O0O2O2M102N1N102N1O001O0O1101O4K3M3ON2O1N1O010O101N2N1O3M2O2M1O1O2N3L3N2M103M10N002N1N6I7hNaQNb0Qo1L4K5L4MiSgS2
20171018223630Lh_3,UhTl28eo16L2O0O010O001O1O1O001O011O0O2O1O1N01003QQNVOcn1W1N2N1dQNTO`m1g10OO0100O2O;E2M5McQN`NXn1k1I02M2O3Lh0WO3N1O0O2N5J5K4MhUoP1
20171018223630Lh_4,\Sea11jTZ16mjgN4M1N2O1N2O10000O1000000O01O0010O01O00010000O100O1N2L4K4E<N1O2N2O1M3D_NVRNd1gm1aNWRN_1gm1cNYRN]1em1eN[RNZ1[m1QOdRNg0dm1g0202N100O2J5O2O0O2O0O010O1M3K41O1O20O0DfQNnN`n1P19O1O1O0010OO20O00O2N2N2N101N01NO3O001O01O11O001O01O10O10O01O1O1N101O1O1O1O0N4LgkhV2
20171021223430Lh_1,R^ml03lo15K2N100O001O1O1O100002N1OO2O0O1O1O1N3N10O10000O1O1O2O001O00000O1O0010O00010O10O01O0O01000000001O01O010O10O1O010O10O1O010O1O2N1O001O001O00O110O01O01O01O010O1000O10O100N2LXcfm2
20171021223430Lh_2,Sdf_22ko14K5M4M2N2O1O1O1O1N10000O2O2N0O102N0O2O0O101O1O0000O2O1O3NO10O21N10N30M03ON4QQNPOhn1Y1L0O0O01000O010O00020O0O03NO11O1N1O101O0000000O20OO1O2O0O1O010O11O2M20O20N2O0O10O104K4L002NO200N10O01010N41MO1N7J000O11O0000O01O01O0010O1O010O1O3M3M0000_ORQNOPo1ORQNOao1N\P41coK4L2N2O1N3M1O3N1N101O100O000010O100O001O10O01O14LO1O3M010104J3N1O00000000O000000O01O1O0000100O10001O000010O001O0001O01O01O00000000O10000001000O1O2O00002M10O20N1O110OO2O0O0100O00001N2O02OO01O2N00002N1O1O3N0O1O2O0O20O00004MO0100O0O11O00O111N0O3M4L2O110NO3N2OOO106LO01O0O002N0O2N3L101O3L2O3McTgo0
20171021223430Lh_3,[c[[11oPl14knUN2N2O0O2N1O1O1O101N1000001O1N101O01O001O1O00001O00006J2N1N2O1OhPNLen14YQNNfn13YQNNgn11YQNOgn12XQNNhn12WQNOin11WQNOin11WQNOjn10UQN1kn10SQN1nn1NRQN3on1MnPN4So1KlPN5Vo1JiPN7Xo1GiPN8`o10O100O1O1L4O2N100M3L4N200O100O1O100O10000N2N3N2N2N1O100FhNjQNZ1Vn1801OnNhQN<Xn1CjQN<Wn1AlQN>Vn1_OkQNa0kn1O02N3N00O0000001O2N3M01O000O101N101O2N2N1O001O001O001O01O001O001O001O2O1N1TOTQNb0Wo1N0O101N2M3K:G]ZlZ2
20171021223430Lh_4,\[`R21nQn11mmSN<F6J3M2M3M3M2N3M5L2N3N4K3M102N0O10O010YOnQN_OSn1?QRN_Oom1`0URN\Olm1b0XRN\Ohm1c0[RNZOfm1e0]RNXOdm1g0k00O01O10000O100101N1O1N1O1O2O000O10000O101O1N2O00001O1O00001O0OVOfQN0Zn1OhQNOYn10iQNOWn11kQNIYn17h0O2O1N1000000000O1000001N2O00000O101N1O1N2O1O1O01O010O100O1O10O10N2O001O1O10000O100000000000O100O2O01O1N10001O00O011O0O1O2O1OCdPN6]o1GfPN8ao1001O1N1O2O0O2O001N101N2K400003M0O100O1N2O1O1O1O1O00O101O1001O001N100N3N2N1O4LlcUa1
20171021223430Lh_5,ZVU\1137OIZo1c0O0100O1O4OO1000N1O1O1O0O100O100O10000O10O000N30O02O1O0O0010O01001N1O1N3N00001O3LjiVa2
20171021223430Lh_6,]ca_11fQR17imoNLdPN7Yo19M3L4O1O1O1N101000000N2O1O2N2N1O2N1L4L4O2NoNhQN<Xn1CjQN<Xn1AjQN>Xn1^OjQNb0Yn1TOnQNk0dn11N4M1O11N2N0O1O2O4L1O01N2O1N2N1000101N2N1O001O1O1O000010O0O2O1O002N2N3RORQNd0Wo1OO00O2O0N3M3LdZnZ2
20171021223430Lh_7,Rdf_24do1:L3N2O1O1O1O1O1O01O00O10001N2O1N2O1N2N2N101O000001O1O2N101O06KN2O1N1O1O100OXQNXOYn1Y1O0O10O2N001O00001000001O01O01O1N100O2O01O1OO2O0O1O1O1O3L101000O2N3N0O112O0O1N0003N:E1O100O0100O0102L7KOO3N2M1O1O2MnXWZ1
20171021223430Lh_8,cgdg21`Q^11ZncN9J3M2N2J6N2O1N1O1O1N11O0O1N200O110O2O0100O1O0010O00010O0000000O1000O1O1N2N2O101002N2N02N1O1N1O2OO11N3NO2NHnNdQNQ1Zn1TOeQNi0\n1XObQNi0]n1>2N1N2O1N1O002N2N2N100O1N2O1O3M2O1N10O0100100O1O01001N001O00O1001O1N2N100O2M3L30mN\QNk0ln101001N00ROVQNg0MZOnn1n0OO1O0O2N1N3K5L3O1O1O2N2MdTeo0
20171021223430Lh_9,\o\c11cP<2XoE3N1N3N1O1N2KCdPN`0[o1300O1001N2O1O2N00000O1000N20O2O0O1O1O1O2M]P]Z2
20171027150050Bh_1,cUQV21hPb10To_N6L3N3O1M100O1O01O010O0001O0100O100O10O0100O01000O011O001O00O101O00O10000O2OO101N1O2N2N1O2OO2O001O001N1001N11O01O00O20O00000O11O0O100O1O10O01O10O1O001O00100O11OO11N100O10O010000O11O00O101O0000O0100O101O0000O01O01000O100O000100O1O10O1O1N2Njfl`1
20171027150050Bh_2,``jl11VQf14cn[N4M3M101O1O1O1O1OO100O100000001O001O0100O10000000001OO10O1O010O10O1000O10O12M3M4M3L2OO10O01O100O00010O2N00010O1N1O2N0102N2N8I3M2N10O5mNWQNe0Qo1101O001O02OjPNWOSo1m0M10O2O1O1N2O1O1000O3N1\QNUOnm1k0oQN_Okm1a0QRNCnm1>oQNEPn1=jQNFWn1R11000N1O10O1O2N1O3N1N11O3M10O1O0N2N102M2M6K4K<E4L6I[ZWj1
20171027150050Bh_3,ofcn19eo16K2O0O1O2O0O100O1C_OZQNa0^n1e0O01O1N2N1O2M2O2N2O1N2O2JUZlo1
20171027150050Bh_4,oVef13lo11O2N1O1O1N2O100O1O010O10000O10O01O100O2N1O1O10000O100O1O0100O01O0010O010O010O001O010N101O010N2O0100O0010O000O2O1O00100O0100O010O0O20O00010O00001O10O100O101O0000000O010000O10000O2O0O3N3M000000O10000000O10O100000O10O1000000O01000O0100N110O010000O01000O10000O1000O1000O10O100000O010O1O100O001O100O010O10O10O10O100O1O10000O1000000O100000000O1000000000000O10000O10000O1000001O0O3N1Okj^m1
20171027150050Bh_5,Zahm11]Pj00`oWO7I3O003M1O1O000000O101N10000010O01000O100000000000O0010O10O010O010O010000O1O10=B010O01O1O001O001O1O1O1O1N2O0O2N1O2N100N3N2N3L]]]m1
20171029171010Mh_1,UbZc27fo15H7M2O1O1N2O0001O1N2O2N1001O001O00OHCoPN=Po19100011N3N1N10O001O0O1O3M1O1N10100000001O00000000N3O00001O1O0100O001O0O2O000000000010O6J101N1O2O1N10O010O010O01O000001O01O0010O0000001NXQNPOcn1o0[QNWObn1S10O101O0O2N3N2M2M2O2N100000001O010000000O101OXQNZOUn1f0dQNB\n1R1001N2ON10001PRNeNWm1]1fRNfNXm1\1eRNfN[m1Y1dRNiN[m1X1dRNjNZm1W1eRNjN[m1U1eRNlN\m1R1cRNoN]m1P1dRNQO\m1m0dRNUO\m1i0eRNWO\m1h0dRNYO\m1g0bRNZO_m1e0`RN]O`m1c0^RN^Ocm1c0ZRN_Ogm1`0WRNBim1[100O00PNXRNh1jm1SNZRNl1mm101N1O3L2N3N2O001N101O0O2O0O101001O1O1N100001N2fNaQNo0mn1J8I2L3N2N2M3O1O10000NmZeQ1
20171029171010Mh_2,TWi`22mo11O1O100O100O01000O10000O010O100O1N1100000O01O01GIhPN8Xo1JdPN7]o151N200O10000O100000O1O001O010O00100O100O010O001O001O100O010O01N1M3010O00000000O001000010O0010O00000001N10100O1O1O1O2O0O2N10ajdY1
20171029171010Mh_3,Sl^Z22mo1101O00001O00001O0000001O0001O00000001O001O001O010O1O1O102OO0000001O010O000O1O2O1N010O10O010O1O10O01O1O010O000001O1O00010O00001O10O000000000001O1N2O1NmRi`1
20171029171010Mh_4,kd[^21iP>5onC5M2N2N2M3M5K5K3UQNSO_n1Y1M2N101O1O0O100O1O1000O01OkNnQN>Qn1AWRN7km1HVRN4nm1KTRN3mm1MTRN2mm1LURN2mm1LTRN2Po1G[PN2[Y\_1
20171029171010Mh_5,Z[bm01oQ^29fmcM3L5L2O1O1O000O2O001O1O2N3N1N1O03N2M001O001O0O100M3O1O10001000O01=B2O01O1O1N101O000O5J3N1O2OO2O2N4L11OO102M1N2N3N100N3M1O2N02O00001N1000O10O0100000O2OO11OO2N1N3OO02N11O00001O001OO20N101O1O00000O3N2O1N6K1OO01O1N\QNZOPn1d0mQNEom1:hQN3Tn1MiQN8Un1l0O1N1O01003N0O1NiNURN8mm1DURN<km1BVRN?jm1_OWRNIK:Pn1J`RNABd0Pn1GfRN;[m1_OhRNa0^n1OO1O000O1O1O1O1O1O2O0000O12N001001O6KO002NO2O0N20N20O100O000O3N001N2N32MN102M3M3LV[ee2
20171107222630Lh_1,QdlS11oPT13knmN>B4L:G2N2O0000O1O2M3K5L4M4N1O001O10O00011O1N101N1O1O100O10001O3L2N2N3L3N1O2N1O3L4M5J3N0O2O1O1_RNYNgl1i1TSNZNll1h1PSNZNPm1k1jRNUNWm1m1eRNTN\m1X20VNgRNl0[m1QOhRNn0Ym1hNQSNV1Sm1cNSSN9@=Qn1YOmQN84>Yn1@hQN`0Zn1]OiQNb0Xn1[OkQNd0Vn1YOlQNg0hn1O00O2N3L3M3N3LXO[QN:bn1AcQN`0]n1]OeQNd0ln110O0001N1O1001N2N5K4L100O2M3MeWae2
20171107222630Lh_2,\hZl11dPj20foUM6So1MiPN5Wo1LfPN7Zo170010O00010O00001O100O1O10\OjPN>\o1O01O0001O001O001O0000001N1000001O00100O01O01O00O10001O1O0O3N2N01O001O0O2O0002N1N2O1O1N100001N2O5K00O100000000001O03M001O00000000O010O1O10000000O1O100O3N1N10001N10001O001O00001O01O0O101O0O1N3O000000O10000000001N3N1O1O1O000O2O00[OQQN9on1FSQN9mn1FTQN9mn1GSQN8nn1GSQN8nn1HQQN9on1BnPN04?mn1AoPN04?ln1BPQNO4?kn1DPQNL6`0jn1FVQN;hn1EYQN;gn1DZQN=fn1B[QN>dn1A_QN=an1C_QN=Ro100N20000002O0O000000000O010O100001O000001O00000010O0001N2O001O1O0O2OYOjPNd0Wo1[OiPNf0Xo12N1O00000001O000O10JYOSQNf0mn1\ORQNc0on1^OPQNa0Qo1^OQQN;LGSo1NQQN:NGQo1OQQN9OHPo1OQQN80Ion1OQQN80Jnn1NSQN80Iln1OTQN80Iln1OTQN81Hkn10TQN81Hkn10SQN83Hjn11QQN84Hjn12PQN76Gjn1`0VQN@jn1`0WQN_Ohn1b0XQN^Ohn1c0WQN\Okn1d0TQN\Oln1e0SQNZOnn1f07O001002M101OO1O1AjPN3Vo1KlPN3bo1O\Uib1
20171107222630Lh_3,QePU15ho18J;E4L4L1O10O010O1O2K6K5N1N3N1O00001O010O11N2N2O0O1O2OO011OO3N3L2N3M2M4M1O3M002N2N5J4M1O1N3N2N2N3M1O1XRNoM_m1[2NSNjRNR1Um1bNXSN\1fm101O2kNfQN?^n1\OeQNc0nn1O001N2O01O1N3M2N3012L2M010O01O002N2N0O3O4L00O1O2M1O1O2M3O1O1O3L4M1OO2O01012M0O1O02M20M5L2M3N0O2OBRQNKnn12TQNNln11WQNLkn11ZQNJin10gQ23lnM2N2N1O1O7H4M3M4L2OO012ON10O02N1O1O100O1O2N2N2cQNmNim1T1SRNROjm1d1O1O1N2O10O4NOO2O1cN]RN9cm1D`RN<`m1@dRN>bm1YOdRNf0]n1N1O2M3M2N3L3N1NTSQa2
20171108222430Lh_1,lch^11WQZ18^ngN7G7K4L4M1O2O0N1001O00100O101O001O01O001O000010O0O2O001O2N2N102M10000010O002M1000O100O2N11O100O010N020O001O1O1O1O1N102N2TQNUO_n1V14M1N102L2O1O03NO01N01000O1O02O001O2N2N1OO000011O7I000001O1O01O0O2O0N3N1N2N2N2N101O1O4JkW[Y2
20171108222430Lh_2,mi^a21?7an1LRQN454gn15VQNLin1f000O10O1O1O1O1O1O1WOPQNa0Ro1]OoPNb0Yo1M2N2O1O0100001O0010O0000O2O001O0001O000000001O00000O1000000O1000000000000O10JaPNK_o15aPNJ`o166OO100O101O0001O000O2O1N1000O1O100O10001O00001O001O001N1N2O2N100O100O1O0000O110000000O100AiPN5Xo1HmPN6Ro1JoPN5Qo1KoPN5Qo1KPQN4`o1N1MRVmW1
20171108222430Lh_3,li^a22>8gn1OQQN3kn1ERQN914kn1DSQNk0mn1TOTQNk0mn1UORQNl0Qo1O100N2O1O1O1O2N1M3O1O1O00101O010O000000001O001O000001O0MEaPN;bo100001O000O10O1000O101O000000000000JaPNK_o15aPNJ`o16aPNI_o175000000001O0000O101N1O1000O01O0100000000001KVPN2lo1001O001O00OTVYY1
20171108222430Lh_4,aib`21PQj01XnWO0VQN8gn1ORQN2nn1OoPN4Po1=01000O001O1O1O1O1O1N3M2N20O01O10001O01O00010OO2O001O0001O00000001O00O2O000O100O100O10000000001OIbPNL^o14cPNJ^o15dPNJ]o15dPNI]o17600001O000001N2N3MRV_Z1
20171122022450Uh_1,dUgS13lo12N1N3M2N2O1N10100O010O10O010O10O10O01000O0010O000010O00O2O001N2O001O1O0010O01O010O10O010000O0100O010O001O0O2NFAVQN=ln1ERQN9Qo1:001N2O01OO20O010O00100O00001O010O01O001N101M2O2O0O10010O00010O010O010O010O001O0010O010O1000O0100000O1000000O100000000O1000O100O100O100O10000O100000000O10001O000O1000000000O1000O100000O10000O101O0000001N101O00010O001O00010O00000010O00001O010O1O001O00001O010O0010O10O10O100O100O010O100O1O10O100O001000000O0010O0100O010O01000O10O010001O1O11O00O2N2M103L2N0100O1O001O00100O1O00100O010O1O10000O0100000000O10O1001O000O2O000O2N102M101O2N2M2O0O2O00102L4NN2O5J4M1O0O011OO101O0aQNmNPn1S1kQNSOUn1l0hQNXOWn1Y1003L3N3M5K000O10O02O0O2O0O1O101N2N01O001O10O0001O01O01O01O010O001O1O010O0O2O001O000O10001N10001N2O2N0O2N2O0O2O0N_hZV2
20171122022450Uh_2,WgPa11ePb02So_O7M1O2O000O100O1000000O010O010O1O1O1O10O01000O0100000O10000000000O2OO01O1O2N1O2O0N3M4M`Xe[2
20171122022450Uh_3,W[WY21fPh01WoYO2N1O10O01O10O10O0010O01O10O010000O01000000O01000O010O10000O01000000O10O10O10000O2O0O101O00O1000000O10000O100O100O2O2LcdXb1
20171122022450Uh_4,ZQQg01oo10UVX58`igJ8G7K4N0N3N3M3aQNUOF2]m1U2M3M3L200O2M2N2N3N1N200O2N1O100O1O10000O1O1O100N2N\NhSNDXl1<hSNDWl1;RTN^Omk1a0YTNZOgk1g0\TNUOek1j0^TNTOak1k0bTNTO]k1m0fTNoN[k1o0iTNoNWk1Q1iTNoNVk1R1mTNiNTk1W1QUNcNPk1\1i1ROPRNOQn1OVRNKjm14\RNFfm1:ZRNFem19`RNBam1>Q1O1O10O01000O01O1O1O10O0100O010O1000O10O1000000O0100000000000000001O000000000000001O000O10000O10O10O10000O0010O01O10000000O1O10000O010N2N2O0000100O00010O10O1O1000O10O010O1O1000OO11O000O10100N011O1O0O2O1O010O100O1O010O10000O01O10000O00100O0N2NH@VQN<mn1GoPN8So1KjPN5Wo1KiPN5Vo1:001O10O1O00010O100O00001O010O01O001N1O101N20OO1O110O000010O1O01O001O010O10O01O0100O01000000O010000000000000O1000O10O100O10O100O100O10000O100O2O0000001O0000000O10000000O10000O1000000000000O100O101O0000100O01O0001O001O000000001O01O1O0010O00010O01O001O10O0010O010000O000010001N01000O0010O011N010O100O0001000O1000O00010O1000O101O1N01101O1O1N1O1N01O02O1O0O10O00001O1O100O0010O0100O1000O11N02N01O20N11N02O0O02OO20OO2O1N101N011N102N1O1O1N01100O0103L5K1OO01O2OO01O1O2M102N1M5K5JkihY2
20171122022450Uh_5,b^`o08co15K6L3N2O1O0001N101O01O01O1O101N100O2O001O00001O0001O1cPNAXo1d0O3NO10O10O102M101N1O1O011OO100O1O4L1O010O01O00001O010O0O10010O1N10000000001O0O101O0000001O001O1N5ISack2
20180507140210Th_1,WgPj01iP`03nnA9J6J3O1O1O2N3M101N2N2O100O1003N2O1M1O001N3M001O11OO2O11M2N010O1O0000O2N3M4JZVQS3
20180726232450Bh_1,RdnQ31]Qh11_nYN5L2N1K6O0O1010O002O0O100000000001O01O001O0002N104K3N1ON2O1O0O2O10N10001N10000mPN^Oin1?RQNImn16QQNLRo1MQQN4Qo1DUQN=Wo11O10O10O01O000012M1O01O01O1O01O1N3N000O01O010O13L1O11N6J1I8OO002N101O2O0O11O2O0O0O0000O101O00001001O1N1O1O1O001O0102MO02N1O0000001O000010O010O01O1O1O1O1N3N1O1O2L5KlU]d0
20180726232450Bh_2,fnRQ31dPd11Zo]N1N2N2N3I7M4L3M3N1O001O00001O000000O1O100O2O001O0CjPN1Uo1KPQN4Po1KQQN6nn1JSQN5mn1JTQN6ln1IVQN6jn1JVQN6jn1IXQN6in1HXQN8Xo10O10001O000000000010O001O001O00O100000001O000000I]PN2bo1N^PN2bo1N^PN2bo17N2O00100O1O1O1O1O0001O010O001O0O101O001O1O1O1O1N10001O00000010O000000000001OO100000000000000000000O1O2O0O101N101O0O1O1O1O11GePNLZo13hPNLZo12fPNNZo1KnPN4_o101O0OioTe0
20180726232450Bh_3,`edS34ko13M1O2N1L5N10000001O1O2N100000O2O0O11O1O001O0001O3M6J3M10O3L2N101N2O0001N2O2N0gPNCon1h00O4M0O8I2N1N011M2O2N0O1000001O001NVXgh0
20181012105930Ch_1,Xcnc21TRd00gm]O5L3N2O000O101O001N2N01O1O2N01N2O1K5O1I\OQQNf0nn17N3N2M2O1O01K4O20000001NDWQNDhn1;YQNEgn1:[QNEdn1;^QNDbn1<`QNAbn1=a0O1O2N5JX\gX1
20181012105930Ch_2,Yedd24io14N1N2N10001O001M3N2ON3N1O0001N2L4O1I8N1O2O1N200ON2O2O10O100O1000ETQNBkn1=YQNAgn1>[QN@fn1?=100O101M2O1O01HkPNDVo19oPNDRo1:QQNDPo1;;O010O0101FDmPN=Ro1FjPN<Vo161O2M2N6L2M102N2M2NZO6`02N2N3M2O1O001OO010O1O001O10O10000O2N10002N1O2N2N1O3M2O1N1O2O2OO0O100ROVQNc0ln1[OVQNN2=in1CW^mT1
20181012105930Ch_3,a_j[13lo12N2N1O2I6O1O1O010O0001M201O01O0N3O1N20O010O010O1N2O001O0O2O00100O010O1O100O010O100000O101O0000000010O00000000000000010O01O10O11N010O1O1O1OLcPNE]o19ePNG[o19ePNHZo18fPNHZo18fPNHZo19dPNH\o1>0000000O1O100O100O1O1O1O1N20001N10001O0O10001N10Wak]2
20181012105930Ch_4,\^\[11VQ`00enA6M2N1N2L4O1O1O000000O2O1O0001N2O1M210O10O1O001M4N010N101N110O001O100O10O02M2L`aca2
20181030230030Lh_1,Vdbf11fPj06PoWO3N2K5O2OO010O2O0O2N1O100O12N2N1O1O0002OO100103MO000O11O0000000000O101N010O1O10_OdPN>^o11O1O2N1O1O2O1N100000O101N4L1O0O5L8HkYmT2
20181030230030Lh_2,S^bc28do1<F3N1O1N11OO1O1000O010N2N2O2N0O201IePNG\o168O2MjbQ[1
20190605025430Lh_1,dS]W14ko12N2N1N3K4N101N2N1O1O1O11O0000O101N11O000O2N2O00L5L4N101O1O10000O100N101O0100O0000N2000O2O1O0011ON2J7M10100O001O100N3O0O2O000O1O2O9BQn\d2
20190605025430Lh_2,Wona01`QR1=kmoN:L4M3L3K6J4M4L5L7I5K3N1M4N3L`N`RNe0\m1ZOhRNf0Vm1YOnRNf0Pm1YOSSNf0ll1XOXSNg0hl1WO\SNi0cl1SOaSNl0`l1oNeSNQ1fm110OO10O11OO12L10fNnQNe0hn1N5K2NO0M2101O2O1O1O00100O1O1N00O101M3O1O1O1O1N1L[OmPNg0Po1511N2O2N1O2N0O2O1N27IO01O1WOYQN7hn1D^QN:Uo1O1O3L4LhlVX3
20190605025430Lh_3,Qlfh01ZTj05]kWO6D:N1O1001N101O0O01O000000100O1N3L3N2NCXQNFen1;?01OO0M33N01O0N2N2N3N1K6H8O1N2O10OO2M2M310O0O2ON210^OmQNXORn1h0SRNTOlm1i0f0O3O00101O2N4JRSmR3
20190605025430Lh_4,RnTV11`UX14ZjiN4M1N2L3L4O1N2N1O1O2O0O01001O001O001O00O1L5O0O11L3N3O1N2O1O1O1O10O10O1N10100O10O00O0010001O00O200N2J5N210OO2O00001N2N10001N1O2L3O1000F36J700O1O100UOlNkRNT1nl1VOgRNe05hNTm1S2=N1O2]Od0N2O1N1O2O2M2M3M4M3N2N2O3N2N2L3M2Nno`b2
20190605025430Lh_5,kPYc07fo19F9G8J4M5F=G6K3L6K4L`N`RNd0]m1\OgRNd0Vm1[OnRNd0ol1\OTSNd0kl1XOZSNh0el1VO]SNj0gl1nN_SNQ1hm110010N1O0010O0100O01dNmQNh0hn1M1N2OO10O1010O01O00001O00N2N101O0O101O1N2O1N2N2N2O1O3M1O2N2N2O1N101O1O0000000O1MVOTRNEkm1:YRNDfm1<_RN@^m1`0o0210O011N2N2O001O100OO2O0N3J6N20OO20O00O0100O010O1L4L3N3M20O2N20010N2000O010OO1N2O2O0000O2M2N01G7120L3O011OO111OK301O2L3N3K5N2O1N1O2K4N3M111O1M12O1O1@nQNROSn1l0a0L4O101O101M6J7DTSmR3
20190605025430Lh_6,dcZc11XP:7`oG3N2O1O0N2M2O1O3N4NOO100N5M07H3M2L<DlZU[2
20190607032610Mh_1,TnnP21nTX18ejiN6L3N1O2O001O1O1O1O000O1N2O0O2O1O01O001O01O100000O2N1O0O2N100O20O00O1O2O0000O1O2OO100001N1O1M4N101O010M3N2N2N2GkNeQNW1Zn180OO0O1NF:1N4J5WOhNiRN\1Sm1i01I7I6L6N2N1M4M3N2N2N2O1N2N3N1O1O100O01OO100O2J6O2L5K6KkPmg1
20190607032610Mh_2,ag^V11`ZX3a0mdiL3N1O1N2O1N2N100O101O1O100O0010O10O01O001O2N1O1O2N2N10O01O1O1O2N1O0O2OO100000000O1O100O0O2O100N2O1N110O1O001O1O0100O010O10O10O10000O010O1O010O0O2N2O1000O01O10OO1010N1010000O1O1O1O00O0002N2N1O100000001O000O10O1001O000O101OO20nHUOo^Nj0Pa1YOn^Ng0Sa1YOl^Nf0Xa1VOh^Nk0Vh1O01OO1N1101O1O2M2L5M2nJiN\[NX1cd1iN\[NW1ed1iN[[NV1gd1jNW[NU1ld1jNR[NV1Qe1iNnZNV1Ue1iNkZNR1Ze1ROaZNk0ce1ZOWZNd0le1\OSZNe0me1]OPZNc0Qf1_OlYN`0Vf1AgYN>\f1C`YN<cf1E[YN5mf1LPYN4Sg1LYUNBV3`0eg1ORUNDQ3`0Qh18hWNK\h15`WNLch13[WNNfh12XWN0ih1OUWN3lh1LRWN6oh1JmVN8Ti1HkVN9Ui1GiVN:Xi1FgVN:Zi1GdVN9]i1K^VN5ci1OXVN0ji13SVNKoi17nUNGTj1:kUNEVj1>gUNA[j1`0dUN^O]j1d0bUN[O`j1d0^UN\Oej1d0UTNiNa0d0Zk1d0STNkN`0a0_k1[OjSNP12YOc0<nk1P1mSNQOVl1R1bSNoNcl1T29G3M4L3L3N2N2L4M4H8F9K6Ae0AfSgZ2
20190607032610Mh_3,YPSX11SR`11jmaN5J3N2L5L3N101N1O101N101O00001O1O00010O01O100O1O1O1O2N2N100O001O002N1N2O0000O010O100O100O100O1O1O1O1O1O1O1O001O1000O010O10O01O100O00100O10O0100O0O2O1O1O100O01O0010O0001O00010O10O001N2O00100O01EGoPN8Po1LmPN5Ro1<000001O001N100000001O0010N2M4M3N8H3M3Llnn^2
20190607032610Mh_4,jQ_Q21[Qh03ZnYO9L5L2O0O10010O001O0O100O1N2L4O10O1O000100O10O101O1N1O000N2O101O1O0N20000000O101O00O2O010O1O100O1O10000O1000000O2O0M4LnmPj1
20190607032610Mh_5,emhW11hP<6nnE7K4K4M4L2XRNYOUl1h0gSN\OXl1g0cSNZO_l1f0]SN]Odl1b0VSNDnl1:mRNIWm15dRNN]m1Z14TNRRN^1Yn1N2N2N2M4L4M2N2M3N3M4K3N6G_PUf2
20200806072410Th_1,_ccP23lo1101O0YPNMao13^PNO`o12_PN0`o10`PN0_o11aPNO]o13bPNN\o1<gPN^OPo1l0N10001O00000010O00001O00002N2M2O2N002N001O1O001O1O0O100O100O10000O0100000O100000O01000O0100O1O1O10O100010OO10O1000000O1000O010O1O010001O0O100000000O100000000000O1000000O100000OMI_PN7`o1J_PN7ao1I_PN7`o15000001N10O100O1O001ON3O01O010O1O1000O010000000000O0100O10O10O1O10O01000O1000O10O10000000O100O010N1001O001O010O10O10O10O10000000O1000O1000O01O100N11O01O010O1O1O1N2I\OPQNe0Ro1ZOlPNh0To120O1O1O1000000O2O0000001O001O000000000O1000000N201N10001O1O001O001O01O01O00000O101O000O10000000000O100000000O2O1O0Oj]T`1
20201228202510Mh_1,fZg\11mo16J4N001O1O1bPNHRo1:kPNISo1d0N1O2OO001O2N1O2O1N3M2N1O010O001O00000000001O00001N1O100O10O0100O1O1O2Mmd``2
20201228202510Mh_2,`ZWa21aQl02[nUO1O1O1O2N10O0100O001O001O001O000O1O10000001O000010O01000O00O2N110O0010O01O000100N101O1O001O0010O001O100O1K8KUe^Z1
20210101202450Bh_1,[bgg2=ao14M2M201O0N2O1O2M200O1N1M3K5D<1O0O1M4L3NL4M201O010G:O0011B=O2O001N1N3I7N10O1O1O2M3I600002N1N10M2O3FjNjQNV1Un1:O1_OaN_RNc1_m1?01O10N2M301M3N2O1N3M2M3N3N2L3N20O01O2M2N2M2M3N3M11O101N1O2DoNfQNS1Un1>M3O1O1000001OO101M2M4M3N2N1O2N3N1N2K5M3N101O100O1O0O2O1N3L3K6N2MadlP1
20210101202450Bh_2,mbYU23ko14N1N2O1L3O2N1O1N3O0M4M20001O0001O0000000O1000O1O1O1H8N2O1O10000010O1O01O1O0010O0O1000000O100O0O2O1O10O01O1000I7NK`QNnN_n1Q180001M4K6@?G`^df1
20210101202450Bh_3,mWod01_Q<3bnCM<2ln1i0I2L5K4I7L4J40002N2O2O1O01N2N1N3N3K5@gQNSOZn1l0=O2N3M6I8H7JUgnX3
20210127110130Ch_1,\Zl`21UQl03anUOO[PN4bo17M2L4O1O0D@ZQN:IFmn11XQN9MEjn14WQN6Ro1KlPN6Uo19001N2O1O1O10O1000O2N10001O00O100001O000000001N1000O101N010000O1O2O00001OO100000100O10O10O00001O01O5L1M2O0O2N2OmdQZ1
20210127110130Ch_2,SXWe21bQ<0YnE6K4N2M2N2O00J60O2O0N200O0O2N02N201O100N1O2O0OO201N2N2O01N3L8J`g\X1
20210127110130Ch_3,Y^ak11\Pb08io]O1So1>O2O0O1O1O001001N1O2N1O001O1N202M10O001O01002N1O0001O0O1M20100O1N2O5K\adQ2
20210127110130Ch_4,[bal16io13L2O2O1O000N2N100O2O010O11OO00NL@mPN<To180101O00FjPNKVo14nPNHTo16>Ld^jQ2
20210219230330Lh_1,cb][1:[o1`0G6]OZOfQNj0Rn1f0M3M2O0]O\NjRNf1Tm1c001N00O100002N1010O100O1O0100OO2M2O1A`0I5O2O12N101O000001N1O2O00O1N1N3M3M2J5JO700001OO10O011O0L3101O0G;K3L4M03M2002N2M2N3N20N01N103N1B>O10001N2N1N11O10O000O0M50O00101OO2O00O20OO3N4L3M1O00O2O1N4M2N2[OPQN6_o1O4KUo?2iP@1N3\PNLZo1<kPNAkn1?TQNAln1?UQN@ln13SQNNZo12J1oPN0nn11QQN0nn12PQN0nn11SQNOkn13TQNOin13VQNOgn13YQNNcn14]QNLcn15^QNIbn18cQNA]n1`0a00N2O2OO001000O11N01N1O200O2O100O1001O1O0O2O1O3M6I2O2M2N2N4JaeTZ2
20210219230330Lh_2,X^Uk21RQj11jnWN3N3I6O0O20O101N0001O2N1O1O00100O1O1O1O01O000O20O01O00001O01O000010O2O0O1O00003CbPN1go100Omo?NoPF3SoI3N1O1O0O2^OHZQN8en1I[QN8cn1I]QN8an1I^QN8an1I^QN9lm1BZRN8G7nm1FTRN:H2Sn1GQRNo0nm1c0O001O001O1O1O10O2N3M2N2N2N10cRN`NYl1_1dSNeN\l1Z1cSNhN]l1W1bSNkNel1m0ZSNTOhl1k0VSNWOjl1i0USNWOkl1k0QSNWOPm1j0kRNYOVm1g0hRNZOYm1g0cRN\O^m1d0\RN@fm1\10001N1O101^RNeM\m1a2O0O10jMhRNe1Wm1ZNkRNe1Um1[NkRNe1Vm1YNkRNg1Vm1WNkRNi1[m1oMgRNQ2dm102N5L0O2O2M2N2N1O2O2M1O1O1O1O1O1N2O2N1O2N100XOQQN=^o1K2N2M3N1N2Nc]Zj0
20210219230330Lh_3,a`mP37ho11O2M2\OI]QN:lm1EVRN7I6Pn1IoQNm0Pn1b0O2O1O001O2O1O02N1N3M2N1O2O0OcRN^N]l1`1`SNfNdl1T1ZSNoNhl1n0XSNSOil1l0USNVOjl1j0USNWOll1j0RSNVOnl1l0nRNVOTm1j0fRNZO\m1f0`RN\Obm1d0XRNAhm1[1010OO1O1M3O2O5K1N2OjMiRNc1Wm1\NjRNd1Vm1[NkRNe1Vm1XNlRNh1Wm1SNjRNn1cm11O10QNYRNe1Tn1N1O2M2N2N1O1O3N0O1O1O1O1N2O2M3N1O1O1O?B4K2M3Mc]`j0
20210607142350Bh_1,e[Sj11bP83VoI6M8gPNG]n1X1E1O1O1000O2N9XOeQNYObn19YdlT2
20210627163630Mh_1,\blY11\Pn01`oSO5M4L3M2O1O02M100O101O0010O00000000000000000001N001O00100O01O001O1O001O01O010O0010O01O0001O00001O00001O0100O10O10O00101N010O100000O00000010O001O2N1O1O2Mg[[`2
20210627163630Mh_2,h_gk11kPX11RoiN3N1N101O000O100O2N1N3O001O001O1O001O0010O000000000000O0100000O100O1O10O010O10O010001OO010O100000000000000001O1N1N200O102N000000O10000000001O1O000O10001O0O010000O1O1O1O1O000010000O100000O100M3O1O0010O10001O000O3M3K4Ln_Vl1
20210627163630Mh_3,XeiQ21\QX16lngNMRo1f0J4M2M3[OnNXRNV1fm1oNkQN_1Qn19O100O01O2N1O3EkQNdN`n1R19Na0_O1N11O0000O2N1001N100001O001O001O0O1O100000O2FFlPN:Ro1<O1N101O1O0010O001O1O1O010O10002M3N0O2N100O1O1O010O001000O010O01O00O1000010O100O100O010O2M2N2N101N100N2O1M3J7K4O10O5L3L7UOQQNKN100jWdf1
20210627163630Mh_4,g`UU18Wn1S1oQNPOmm1S1PRNPOmm1i1H8H4J4K4N2MYOTSN^Nll1R1VSNfN30hl1X1RTN`Nkk1[1`1J7M5N2FUQN\Omn1c08O2M2N3N2O10O011O3N_OPQN0m`Ti2
20210627163630Mh_5,ShfR11aR:1YmG:D<F7L2M3N2K6K4L3J_OjQNDWm1]ObSNl0@Cnl1C_SNj0EBll1HPSNH0n0<ZOfl1`1n0N3F9E<K7G:IoVek2
20210627163630Mh_6,mfX]15jo12N2O1N2O1O1O00000001N2O1O1N2O1O010O00010O000001O000000000O10000O2O01O0O101O0000000000O01000O001O1O010O001O10O01O010O10OJGdPN;\o150O10O1O001N101O0100AgPN6Zo1IiPN3ho1I[YQ^2
20210627163630Mh_7,Ta_a15jo12M3O2N2O1N2N100004L0O2N100O101O00O100O01000O10O02N3M1O1O1O010O00010O001O00001O001O001O1N101ODjPNOTo11nPNOQo11oPN0Po10RQNNmn11VQNOhn12XQNOfn1KTQNL98bn1LdQN5[n1KeQN5Zn1LfQN4Zn1LfQN4Yn1MfQN4Zn1LeQN5\n1IdQN8]n1DeQN<Po10O1O1000001O10@cPN;co1N3M6H^]nY2
20210627163630Mh_8,[egQ21fQT14kmmN<J6L3L6M1N2M4K5_OiNnQN`1om1:O2OO100O1O1O4WNkQN_1^n1K6hN\QNf0Xo1I2O001O0O100OO@dPN`0[o13001O1N200O1O00000O100O100001EGmPN9Ro1<N2O0O2O010O000100O1O1O0010001N3N1O1N1O100O1O100O01000O1O010O01O01O0O2O1O1O1O001O1N4LYXfg1
20210627163630Mh_9,X_UU1:do1h0XO7J2O2M2L5K3M3NM3M2M0M5K7M5N2EXQN[Ojn1e08O2M2M4O1O1O10O102NGWbRi2
20210627163630Mh_10,igdR11TU<7ZhEOaTN6Tk1a0]TNB^k1c0^TN@ak1c0XTNBfk1b0TTNBik1g0jSN@Sl1h0bSN\O]l1P23N000oM]SNf0hl1YO]SNb0mk16WTNDlk1:[TN@gk1=^TN^Oek17oTN\OUk1:_2J8H9HdSNN`l122MZSak2
20210701163730Mh_1,\`V_21jP\23QoeM3L201O1O000010O1O001O00100O10O10O01O1O1O101O1O1N1001O100N20O0000100O0001N011N100O2O01ZPNHbo1<N10O10O0010B_PN=do1N0O1O0101N1O1O1O001O01O3M1O1O000001O00000O2O0000001O001O0001O001O00000O1000000000010O0001O100O001O010O10O01O1O00000O2O001O01O0O101O1O1N101O0000O11O1OJEhPN:`o11N0010O010O01O1O01O010O1O1O010O001000O0100O0010O00010O1O0010O010O1O001O01O010O010O010O10O010O01O0001O1O10O1000O01O100O1O10O0000010O2M4M1OO11O001O1Od[kQ1
20210701163730Mh_2,Vhdc29eo15L6K2N1O10000102N01O1O10O002O3K10O111M4L001010001TRNVOZl1m0bSNWO\l1m0\SNWOel1k0eRNRON6bm1i0YRNHhm1Y1OO2N:G2M3oNnQNOUn1JPRN4Pn1LPRN4om1NlQN6Un1JiQNC18Zn11SRNNom1ORRN2Pn1IRRN9jn12N00O1O001N100100000O2O1O1O02N20N000001O1O1O01O101N00000000001O2O0N1O100O02O1ONdRUW1
20210701163730Mh_3,e\YS19Xo1LmPN`0in1d0VQNPOUn1a1L3N5L4ON8I0O1OO102N2N2N3M2N7dRNiMal1W2XSNPNkl1k1SSNZNkl1f1PSN_NXm1o13M2O4K5J2N3N3M4L1O3M3L2O01NQOWRNFlm19P1L5K4Mn`Vj2
20210701163730Mh_4,P^gf11[Q<7inCI]o1c0J2\O^OgQNe0Vn1]OiQNe0Un1[OjQNg0Un1ZOiQNg0Xn1YOgQNg0Yn1_O_QNc0`n1>O2O0O0OFeQNkNdn1R17L302N1O101M2O2@iPN3eo1LXa\W2
20210701163730Mh_5,QhVQ11[Pl07goSON]o1<N1O2O1O001N2O1O00100O02M:G3K3N1O1000000001N1N2L40000001O10O010O010O02N001O100O10O010O10O10001N010O010O0010OO3N2MhVYj2
20210701163730Mh_6,TjPQ3=do11N10O2O01O100000O2O1N00000O0100000O11N110O2M;F0O10O01oPNZOhn1P1O1O2M6G:G5M2N2N4KXNVRN^1jm1^NZRNa1fm1\N^RNc1bm1[NbRNb1`m1\NfRNh0^OMan1i01O000101NcNbQNW1en1N2M2M3O1O0100001N3N2M8G4M5IhRSk0
20210701163730Mh_7,e\_Z21`Pj04[oWO0O10O01O010O001O0100000O01000O01O10O100000O01000001O0O1O10000000000000000000000000001O10O01O10E]PN8ho1N01N010O01OO10O1O1N2O2Okbl`1
20210701163730Mh_8,TjPQ31gPd00Vo]O5N1M2N10100O0101O01O1O2aPNHPo1g0NO000O3OmPN\Oin1n001O1N:B7L5L2N2N5LTNWRNa1hm1]N[RNa1fm1]N\RNc1Sn1M6TOaQNL`n1k00O0O15LO0`NeQNZ1bn1O1O0L4L40O1O11N3N101M8H3L5I7KdRQk0
20210701163730Mh_9,Vh`c27ho13M3N2M4M2N2O000002N20O1M3O02N011N3M2NO00101M4M1O202N1M2M5L34KO1N100:D3L<@]USZ1
20210701163730Mh_10,RZWR11cRR15bloNn0D8^QNmNfm1l1L4N5M2O1OOd0\O1OO2O2N2N3M2M3O4L2eRNlMdj1IoVNX2XNWNbj1BZWNn2ch1TM`WNh2`h1VMkWN`2nj1N2M6J3L3N3M3M2M3N2M2O000SOTRNDnm1;WRN[OPn1b0i0N3N2M6HYQf0MlnYO0f_Xi2
20210701163730Mh_11,]Z_S11oPj00onWO2M2O1O1N2N2O001O00O1O1O101O010O0010O1O0O1O2O0002O0O1000000O1000001O1O0000000000000001OO10000000O1000O01O0101O1N2M\eRh2
20210701163730Mh_12,Zhbc22jo18K3N4K3N2N100002O10O1N11O00100O4MO00O10O4L2N1O200^QNWOjm1j0SRNVOmm1l0b05\QNQO0ME1gm1U1\RNEem1Z11O1O00:F3M0POoQN0Tn1IQRN5om1JRRN5nm1NmQN5Tn1JmQNBM9[n10TRNOPn1LQRN5mn1001N3ON1O001N1001O0101N2O1N2O1NdSgX1
20210701163730Mh_13,a[_a21RSf06fl[O1N2N1O011O0O1O1N1N2O001O02O0O2N1N21O10O02O0mNE`RN=`m1E\RN=dm1HVRN:jm1HRRN:mm1l01O1N2K6L5H7L4L4BkPNJRcd[1
20210701163730Mh_14,d^e]25jo1101N10001KI`PN6_o1K`PN6_o1L`PN4`o1KaPN6^o1IcPN7co1000000O100O1000O101O0O100001O0001O0O10000O00100O0101N100O1000O0O2N2O1O001N2OO0010001I510000O1N2O1M3EBoPNc0So132O1N8^ORcV^1
20210708060030Lh_1,ma\S14ko14M2N100O101N3M201N1O004K13M2N0O100@cPN;bo1O1O0000O10O20O01O1O1O1O3M2MU]aj2
20210708060030Lh_2,UbQR33ko13N100O2N1O1O1N200O1O001O010O10O01DBUQN>in1FUQN;in1HUQN9in1`0CQOgQNQ1Wn1SOgQNm0Xn1UOfQNl0Zn1=N200O10000000O01O1N2N20000O100O10O0000O01001O0001O000O1010N1001ON2OI8M4O0O11O01O001N2O1N1O2K4O1OO2O01O1000K5L4O1L20M5O101M111OO0100O2OO01N2OO2K41000O10O010N2O1O100O100O2M3L4M2MO3\O]OeQNKOj0]n1a01M3O2N2O0O2O1OON1O11B<4J5K5N3K6I<E[dbe0
20210708060030Lh_3,PeQm11ZPb03`o_O4N4L1O0bPNFVo1;fPNIZo1?O2N1O001O1O1O1O1NDQQNIon16RQNKnn1FRQN911Ro1MoPN4Qo1KPQN5Qo1GRQN9nn1ETQN:Zo100O00001O010O1O001O10O01O1O010O1O1O0OdYjo1
20210726041650Uh_1,PXaR11PQb1?]n_N9fPNBen1R1I5G9L2N2O1N2O000000BWRNeNim1d0WRNC5Fcm1f0^RN_O1Ibm1g0aRN\O0J_m1h0Y1N2M3O1O1O100O100O1000000000000000000O10001O0001O0000000000000000010O0000010O0000100O010O010O0100O01000O01000O011O00O010001O0O10O0100000O010000003L10001O0000000O2O001O0001O00000000001O00001N3N1N100O1O100N2O2MaeZd2
20210726041650Uh_2,SXQ_11fPV15RokN3N2N101N10000O10000001O0001O000001O00000000010O0001O01O01O01O010000O0100O100000O101O002N2O1N00011N2N2M200O000001N101O1O3M1O0001O01O1O00001O01O00002N2N1O00000000O2O0O1O2M4IWeZZ2
20210730044930Lh_1,^ajj11lPX15mniN4M5J6K2N2N2O2MYOoPN`0Po1]OUQNc0So111O1N2OO10O100O101O0O2O2O0O000000O101N101N100O1OO2N102N0101O5K1O0001O2M101N002O05cPN^OQo1l0N1N00010OO01102M1O7JO10@ePN9]o1CePN=_o11O01OO1000000001N1000001O010N10000010O001O00001O0000O2N1N2NiYom1
20210730044930Lh_2,fbgi17ho12N3N0O2O1O1L4O0100O3N0000O1O000000O1O100O1O100O100O010O1O00001O01O0010OO1O2N2O1M3O1O1O100O1O001O010O00010O001O000010O010O01O001O1O0100O0100O0M4N1O2L300N01_ObQNA`n1>a01N1O2O000O100O200N101O100O00100O001O10OO11O010O00100O10O10O00000O10010O1O00001O0010O001O01O1O10O01O0001O0O10000M2110O010O10O0100O10000O010O0100O0kN]OnRNd0Qm1@lRN`0Rm1DlRN<Rm1GlRN:Sm1HkRN9Tm1HlRN7Tm1MiRN2Xm1OgRN0Ym12fRNL\m15dRNG_m19bRN^Oem1c0^RNSOim1m0f0O000O2N1O1N2O10O00000O1000O10000O00G;N1N2I7O00_OcQNA]n1`0jQNXOWn1h0`00FXO]QNh0cn1:N100G90N3N3F9O2O00100O100J7M2N3M2O2M3M4Lln51SQJ2O1O2O0O10O02O000O2O0O1O2O0O10000O1O1O100O001O10O100000010O00010O1O001O100O00000O2O0O2N101N101O000O10001O00O1000001O0O1O1O1O100O1O001O00001OO2O0010O1O01O000O10100O1M3N3N[fXc1
20210730044930Lh_3,TfRW35ko11O100O5L001O2N4L1O1O10O02N10O01O100O3NO2M2O01O0000O100O1O001O100O01000O1O1O1O001O001N101O2N3N0O3LXXie0
20210730044930Lh_4,_Wec21SQX16eniN4cPNKgn1:VQNHgn1:WQNHfn1j0L5N2N1O10O001O0UOcQNHK3bn14fQNEK6_n14PRNLom13SRNMmm1OWRN1im1NXRN2hm1NXRN0jm10VRNOjm12VRNLlm15URNHlm18n001O00000O100O1O0100LK\PN6do12100O100O100O100O100000O0100001O00000fPNKin15UQNMkn13UQNMkn13TQNNln12SQNNnn12QQNOon11QQNOon11PQN0Po11nPN0Ro1?00001O01O010O100O1O1O100O0012M2O0O100002N000001O001O001O1O3M0O10001N01000O010O01O0;F0O101N^f\T1
20210730044930Lh_5,Ra\e21ZQT21cnmM2O2N1N101O1O1O1O100O0100O10O01O100O10O01O000001O0000000010O00000010O01O01O01O01O0010O010O01000O010O010O10O01O010O00010O00100O0010O01O00000000O101O000000000000000000010O0000001O000000O100000000O10000000001O00001O01O01O000100O1O001O1O10O0010O000001O001O01O01O01O010O00000000010O000000000O010000000O100O100O10O01FJgPN8To1=O00O2N2N2N2O1N2M3I`PNLbo136NX]mm0
20210730044930Lh_6,SjTh11ZP<1boE4M3N1O2M2O1O0001O1001O01OO1000001O02N00020OO0010N102L3NjTeU2
20210730044930Lh_7,Ub\k11[Pj09[oWO3M4M001O3M0O10O101N10O0100O101N101N3N100O000000O100O2N100O1O100O01M3O1000O5L2N0001O2M2O0O1O1O101N1O1O2N1O1O1Ng[YP2
20210730044930Lh_8,md\o11XP>2eoC3L3O1N3N1O001O000000O10000000001O001O00000010O00000000O100O1O2N1OiYQn1
20210730044930Lh_9,ZYUV21SQT10inmN4N1M3O101O00000000000O101O0O2O1N101N1N2O1O1O0100000000O100O20O02O1O000O010O1O01O01N10O010000O10000O101N10000O1O100O100O10O1O0O2N2O1O100000OO2O001000O010O0000M4O01L301O2N1O1N2O2N1O1O1O1O2N\fhb1
20210811072510Th_1,^klQ11RQf02hn[O5J7K3N6K2M3QQNZO^n1W1_QNeNXn1c1N2O007I2O4L1O002N1O01fNkRNGWm1KYRNDd0?Wm1EYRNJb0a0dn10O001N001O05K2N1OO101N2001N010O00001N200O1O10O000001O0001O01O2N2M2NVQmi2
20210811072510Th_2,^mfR11\Pd07Yo]O9I3O0100000O01O001000N001N1001O8IO01O01O1O001O01O001O001O1O10O00010O0000000100O2N2M2OTQmi2
20210811072510Th_3,_]UP34ho15O4L1O0O2O0O01002O0O1OCdPN6\o1JePN6Zo1IgPN7Yo1JgPN5Yo1KgPN5Zo1JgPN6Xo1KgPN7Xo1IgPN8Yo1GhPN9[o1DdPN=\o1BePN?]o1001O1O001O2N1O^OhPN<^o106KO2N100O01O1O00001O2O0O2N1O3Lball0
20210811072510Th_4,We^R1?^o18F7K4JG[QNBbn1<eQNBZn1;lQNCSn1;PRNEPn18SRNIkm15XRNKgm14[RNLdm12_RNO`m1OcRNO]m1OfRN1Ym1MjRN3Um1KnRN5^n12O00O1O1O010O00001MhYmk2
20210811072510Th_5,dl^R11bPd06eo[OKWo1b0L4M5L3M3QQNnNjn1W1M1N4M10nNkQN:Sn1@URN>jm1AXRN?hm1@ZRN?em1A]RN?am1B_RN>am1A_RNa0_n100001O08H1O0000O200O1O010OO2O001O100O1O01O01O000000100O2N2M3MTQmi2
20210811072510Th_6,X]eP31^Pd09Wo]O3N1O1O1O1O0O2O010O1O2N15I7K00O2N1O01O1O001O002N1O1O2Ndanl0
20210811072510Th_7,^e\R14eo1<H6H8J4KGYQNBdn1;eQNBZn1<jQNCUn1:oQNFQn17RRNJmm13VRNMim12YRNNem11_RNNam1ObRN1]m1MfRN3Ym1KjRN5an1000O02O0NiYYl2
20211119005210Mh_1,R^`a19eo13`PNJSo1d0N:G1N02N10YQNoN_n1Z10O2M3M3mNSQNm0So1M2O021N1O001O1N1O0O1O100O101O10O1O1OO101O1O1O1OO1001N100N101O0O2O3Hl_a[2
20211224120130Ch_1,XYaU23lo12O1O002N2O0O002N101N10O100O001O1O001OO1000O010O01O0O100000000O1O10O10O10000O01O01000001O1O0L40N20001O001OFCRQN=mn1FQQN;gn1LXQN6hn1IVQN9kn1CXQN=hn1=2N1N2L4F:O2M^hZf1
20211224120130Ch_2,_bZ^21dP:3WoG3XPN1Zo11dPN4Vo1`0L7I3N0102kNWQNl0So1KgQN\OWm1d0fRN_OWm1c0gRN@Vm1d0RRNXO<7`m1P1YRNROgm1d11N:F6G5I7J6Gg0ZO_[o_1
20211224120130Ch_3,aVSP31mSf02mk[O3O101O01O10O010O0000100O01O01N100O1O001N200O0O2O00000N20O2N^NI^SN8_l1M^SN4]l13aSNL^l16`SNJ_l19]SNFdl1?XSNAhl1c0TSN_Ohl1k0QSNWOil1;kRNE44ol15QSNe0ol1ZOTSN;EQOZm1`0USN<Um1ClRN<Vm1BlRN=\m1UOkRNi0Xn1BRQNAefZl0
20211224120130Ch_4,g^S`22no12N00001O1O001O1O001O1O0010O000010O010O1O010O2O0bPNDXo1;dPNH]o1=000001O000001O1O0000M300000000000001O001O1O100O01O2O00O11OO010O001O00010O1O02N2N1O2N01O01O1O2N1O0000000000L4O1O1N3@\O`QNf0mn11N10000000OEYO`QNf0_n1[O]QNOKf0hn1[O\QN1Kd0in1[O\QN1Kd0in1[O[QN2Lc0in1[O[QN2Lc0jn1ZOZQN3Ld0in1ZOYQNm0gn1TOXQNl0hn1UOWQNk0in160000000O2O000000001N10001O000000000000O10001OO1000O10000000O10000O010000O0100O100O10000O100O0100000O10O01O1O100O1000O01O100O1O100O10000O01000O010001O0O100O001O1O0CWOeQNh0[n1ZOcQNf0]n1[ObQNe0_n1[OaQNe0^n1\OaQNd0`n1\O_QNc0cn1]O\QNd0cn1]O[QNc0gn1^OWQNb0jn1^OUQNb0kn191N2O0O0001O01O101N2O10O02O1OO10IkPNCSo1>oPN@Ro1`0nPN@Qo1a07NfPN^OZo15iPN3Yo1LmPNMWo10ibZR1
20211224120130Ch_5,P_kf22no10mRf45mlYK2N2N1N2J6O1M3O101N100000000O2O000O100000000_LSOoWNm0Qh1SOPXNl0Ph1UOoWNk0Qh1TOQXNk0ck1O1O1O1O1O000001O0O100O100O10000O10000000000O1001N100000000O10000O0010OJlPNATo1?6010M2N3N100O1000O100O2O1O10O0100000001O00000000O101O000000000000O1000000O101N100O1O1O1O2N2O1N3M3Lio70XPH1O1O10O3M\oe03aPZO1N3L3O1O1M3O10001O0000001O00000O0100O100O10O0001O001O00001O01O00100O0010O01O1O001O1O1O100O10O100O2O00000O10000000001O0001O01O0000001O001N10001O0O1000000O10O100O1O00100O001O1O1O1O010O101N10000000000001O01O00000O1O1O100O1O1O1O1O100O1OBTQNJln11[QNMen12^QNKcn12bQNK_n14g0N110O1O01O01O01O001O0O2O1O1O100O10000O10O10O0100O001O0010O01O01O010O010O1O2OO0100O10000O0100000O1000O10O1O100TQN@Wn1`0iQNAVn1`0jQN_OWn1`0iQN@Wn1a0d0O10000OSQNBYn1>gQNBZn1>d0O1O001O2N6IZbl?
20211224120130Ch_6,\d]Z21[PP12aoQO2O0O3N1O0O201N1cPNFSo1:jPNJTo1b0O001N2O100O1O0010O000000QQNUOin1S1N101M2O000O100O2O00100OO2N2O0O3N1O1O0O2O001N2O3M1O1O1O00O0O1010O00100O1O002O0O2O1N1O2O00001O001N2M2O2N2KkZj_1
20211224120130Ch_7,T]k_13lo1101N1O100O101N100O1OJ_PNO`o12`PNM]o17dPNG]o195O10000O100O1O10001O0001O10O00001O01O0001O01O10O01O10O010O00010O001O01O00000001O000000001O00001O000010O10O001O00010O0001O0010O00000000000000000000O100O010JM\PN6co140O001O1O001LVclY2
20211224120130Ch_8,i_^i21TP`02hoA2O00001O1O001O0000001O101N1O0100O1O010O10O01O00001O001O001O001N2O0Oh_kS1
20211224120130Ch_9,^ZgP33lo12M3O0001O0010O010O0000100O01O01N1000OO2O1O1O001O001O000N11O2N1N21O1N2MN21oNG\RN;dm1HVRN<jm1LkQN7Un1g03F`QNROan1l0:O102L5_OmgXl0
20211224120130Ch_10,l^We23lo11ePNOgn10VQN5hn1LWQN6hn1IXQN8hn1HWQN9in1FXQN;gn1EYQN;gn1EYQN;gn1FXQN:hn1GRQNMN;Qo1HQQNNM:Ro1HPQN0M7To1IoPN0M7To1IoPN0M7To1InPN1M9So1FPQN`0Po181O01O1O004M0O1O01O00001O001O0O101OO10000O10OJTOZQNm0en1SO[QNn0kn11O0O10O1000000O1000O1000000O0100O10000O100O10O10O1000O10O1O1N200O10O1000O100O1O1O100O100O010000O01001O000O100O100O0@ZOgQNe0Zn1\OeQNd0\n1\OdQNd0[n1]OdQNc0]n1]ObQNd0^n1\OaQNc0an1]O^QNd0bn1\O]QNc0dn1^O[QNb0fn1^OXQNc0in1^OTQNc0ln181N2O0O00O2O01O1O2N2O1000001N10OJlPNBSo1?nPN@Qo1a07O011AkPNNXo10kb\R1
20211231180850Bh_1,jYc[25jo12O0O2O000O1000O0100O1O100O0010O0100O001O1O010O10O1000000O100O010O1000O1O100O1O1O1O1O001O2M20O01O001O001O1O1O1O00GQQN_ORo1`08N1O1000001OO1O1O2O000001O0001O01N2O1O1O1O2L4N1O1MlgT_1
20211231180850Bh_2,k]Ye29do14N2N3N2hPN@ln1l0M3N2N3M1O1O001O2OO011iN\QNn0nn1M101N004M1N1O2N4K2O1O1O1N2O0O4LWadX1
20211231180850Bh_3,e`jW21QQ:9cnG;F5J4L3N1N2O2M2O1L4N2O2N2O0O10UOTRNBmm1;ZRN@em1?_RN_Oam1>Q1N3L5KT_]f1
20211231180850Bh_4,Ph^T11YPh0:ZoYO4N1O1O101N2N00102N0100N2O1N100O00011N10O0010O0001O1O001O0O100000001O0O10O10O0100O001O2N100O1O2O0O2O001N2O1GZPN5lV]g2
20220124155050Bh_1,Rcne11hPP15onQO8K3L5L2N3M5L00O02O5L0O012M3N2N0O0010O0002N010O02N00110N002N1O3L5L9G1O0001O0001OO100000000O10O010O010O1O100O1O1O001N1100O01O1O00100O1O1O1O1N1O2IgY_T2
20220124155050Bh_2,Pgai14ko12O1K5GHfPN:Yo1700O1O2O0001O000000001O00000O010000N200000O2O1O0O1000000O100000000O1O1000GAQQN?nn1BQQN>Po1CoPN=Po1DPQN;Qo1EoPN;Qo1EoPN;on1HPQN8Po1HPQN8Po1HoPN9Po1HPQN8Po1HPQN8Po1HPQN8Po1HPQN7Qo1JnPN6Ro1JnPN6Ro1JnPN6Ro1JnPN6Ro1JnPN6Ro1JnPN6Ro1JnPN5So1KmPN4To1LlPN4To1IlPNJ0<Uo1JkPNJ0<Uo1JkPNJ0<Uo1JkPN9To1HlPN7Uo1JjPN6Vo1:00O1000O10N2N20000O1000000O10001O0000001O1O1O000001O01O0001O000000001O00000000001OO100001O0O10000000001N10000O10000M3000000000O10000000O100N2O10000O10O10O10000000000000O1000000000001O0001O001O0000001O00001O0000000000000000O1000001N10000O100L[OmPNe0Ro15O1N2O100L4O2O0O2O0O1O10000000O10000000000000000001O00000000100O2N2N1O1O1O100O10O0001O01O001O101O0O001aNbQN[1bn1O00000000000000O101O01O1O1O001N101O1O1POWQNg0jn1UOYQNk0on1N3N1O1N5[OePN=ao1N1N2JZPN0go1N[PN1iX\e1
20220124155050Bh_3,Rb^n02lo12O1O2O000O10000O1O100O001O100O1O10O01O1O1O1O010O00001O00000010O010O10O0100O10O1O0100O10O10O10O01O10O10O10000O010000O011N100O1O100O100O10000000O1O1O2O0O1O1O10000O1O101N101N101N2M3No^kk2
20220124155050Bh_4,UYY]1=bo13[TNBcg1a0YXNCdg1`0YXNBeg1a0XXN@hg1a0WXN^Oig1c0UXN_Okg1b0RXNAlg1`0TXN@kg1a0SXNBlg1?RXNBng1>QXNBQh1>nWNBRh1>nWNBRh1>nWNCRh1<oWNCQh1=PXNBQh1=oWNCQh1<PXNDQh1:PXNFPh1:PXNFRh17oWNIRh16mWNLSh12nWNMVh1MlWN4Wh1HiWN8Pl100N110O10O10O10O1O1O000000O02O0O02OO11O00O1N11O01000000000000010O010O2L3M0O023M[OGkQN2Un12l02aPNKon18jPNKVo1?02O3K2O1O01O01O010RMYOaVNg0_i1]O_VNa0ci1@\VN>ei1EXVN:ii1HTVN8mi1JoUN7Sj1LlSNKS1:Tk1JhSN0o06Zk1KfSN3l01`k1LdSN7e0Nik1KeSN7>Mok1LdSN99KVl1JaSNd1dl1ZN]SNd1fl1YN\SNe1il1VNZSNg1bm1M1O1O2N3L4L3N3K6A`0@nfR\2
20220124155050Bh_5,ibde11nP\1;eneN3M6J3N2N6J3M103M3NN1011O3M2N01O0O10O001O0100O1OO21O000O1O2N3M4nNSQNh0To1O1O1O01N100001OO10OjPNXOUo1j001OO10O100O11N010O100O0010O010O0100O001O011N100O001O10O01O10O00010O01O00100O003M1O1O1O01O01N2O0O2N3L3O01O0PYmR2
20220124155050Bh_6,ebjd11TQR25enoM7H5M3L3N2N2N5K101N3N2N1O00013L4M00O2O1N0010O1O02O00O020N02N001O3M4L7I1O001O0000000000000001N10O11N11OO10O00100O1O10O01O010O1O0100O02OO1000O1000O10O010O1O10O010O010O10O2O0O1O010O001O1O1O10O110N2N10O1O100O1O3M2N000001O0O11O000001O00001O00001O00001O1O000001O00100O01O001O0O10000000O100O100O100O1O2N1O4KbXeo1
20220328035030Lh_1,_VSa01WTn01dkSO8H5J5K4M2N3M2N2N2O1O2N1O1O1O00O001000010O1O001N1O2L40001O0001O001O00O1N3I6N2O100010O0O101O1O001O1O000O1O1O1N2J5N3N2O10O0100001O100O2M3N2N2N3L3L4M3L6J7I]hTY3
20220328035030Lh_2,aeb_28fo15L4M2M2O3M1O2N110N20O5K2N0O2O000O10O01O100O1O101N1O10O100O100O002O0001O001O00000001OO1O10O110O0000001O1O2M10000O2O8H001OO20OO101O2N1O0000O02O0O2N1O2N2N1O2M7GlW][1
20220328035030Lh_3,ibnQ16hm12nSN7kk1NoSNg0]k1^O\TNh0ak1ZO[TNj0ck1XOYTNk0fk1WOVTNm0hk1VOTTNl0jk1ZOnSNj0Rl1ZOhSNe0[l1[16G9I7N3O10O10O10N2M2NnNoRNYOnl1?^SN_O`l1K[TN2dk1KaTN3`k1IcTN8\k1CjTN=Tk1@QUN`0nj1]OWUNd0Sm10010OO0O02O1Ma0]OW\gk2
20220523234912Lh_1,mTaY21QV`11fiaN;J3N2N2N1O1N2O1O001O100O101O0O001O100O001O1N2O1O001O1O00001O01O0O1O0I800001O0O10000O011N0O20O0101O1N010000O00100O1000O01O2OO10O01000O100N2O100O100O2OON3O10lNL]RN4bm13URNNlm1S1OO2O10O0100O10OO101N2L4K6L3ZOf0O1O10000001O1001IbPNI`o157N2N1OliT^1
20220523234912Lh_2,jU\]11XSX23cliM2M2O2N2N2M3K5L4L3O100O2O00000O100O100O100O1O10O010O001O01O10O10O1000O01000O010O0O2O1O001O100O1O001O1N2O1O1O1N101N2O0010O00100O001O10O01000O10O10000O00100O1O1O1O0001O010O10O010O100O10O0100O100O010O100O100O100O10O01000O010N2O00100O02O0O2O1N2N2O1N100O10000O10O0100O1O001O1O100O100O2O0O101N101N3M2O2N002N1O1O2N1O1OoNURNNjm10YRN0fm1O\RN1cm1N^RN2bm1N_RN2`m1NaRN2^m1MdRN2\m1NeRN2Zm1MiRNVOGc0_m17USNHjl18XSNGgl19[SNEel1;]SNDbl1<_SNCal1<aSNC_l1=bSNB_l1=cSNA]l1>dSNB^l1;dSNC_l1:cSNE]l1:hSNAZl1<f1M3N3L]iQU2
20220523234912Lh_3,a\cn29do15M2L3O2O1N1O1O101O00100O001O001O001O000001O01O0001O001N10000000001O0O1000000O2O0O100O01000O00100N110O001O010O000100O100O001O00001O1O01O010O0010O0010O00O2N0J8M2L4O101N001M4O00010OO100O2N1O2M2O2O1O1N101O1O1N101O001N2N2N2N2L4N3K7J`eVj0
20220523234912Lh_4,\`_f22lo12N3_O0lPN3So1>00000000000O2N10001O00O10000O1O100O1O1O10O01O010O001O010OO11000O010O1O0010O00O2OJ42O011O00001O000000000001OO11O0N110O02N0011N11O000O100O20OO100O2O1O001O00100O10O01O10O010O00000O110N11O00100O1O1000000O2O0O1O1O1O001O01O100M300O3N1M5L1M3N2O1O[OPQN<on1DRQN;nn1FRQN:mn1FTQN9^n15bQNL\n15eQNJZn18fQNHYn18gQNHYn18hQNHVn1:iQNEXn1<gQNDYn1Q110OO200O1O1O1O1O1N2O1O1O100O1O1O100O2O000O101N100O2O0O10000O10000O2O0O1O1O100O00100O100O000010O010O010O010O010O1O0000001N110O1O01O0001O01O00O2N1K501M2N2N2O1O2O000N201N02O0O100N3O0O2N2O1N2O1N2O1N101O1N2O1N2O1M3M4K7I^eZj0
20220523234912Lh_5,kViY21jSX1<hkiN2N3N1O0O1N3M2O1O010O1O10000O100O1O001O1O1O1O0O2O100O1O0001O000O1O1IWQNWOjn1i05100000000O1000000N2OO101001N2O1O0O00O2O10000O1O10O11N0101N10O100O1N201M111O000N2N200O01O0O10000002N2N1O2N3L6JZhX_1
20220523234912Lh_6,b\an28eo15L4L3N1O2N1O101N100010O01O1O1O1O00001O000000000001O0O10001O000O10001N10001O000O100O100O100O00100O10O0001O010O10O0010O01O10O01O001O1N11O010O010O001O01O0O1O1N3K4O1L4O1O100O2M3M12O00000O1O101N1O1O2N2O001N1000O0100000\NSOVTNm0ik1WOTTNg0mk1\OQTNd0nk1@lRNFi0i0[l11`SNNal15\SNIel1a0RSN^Onl1g0nRNXOSm1i1010UNjRNk0Xm1QOnRNl0Sm1ROVSNf0kl1YOaSN<_l1ClSN3Ul1L]SNG^O9Vm10WSNNB0Xm11WSN0AMYm12XSN1AIWm17XSN0DDWm1:WSN1[m1NgRN2Xm1MjRNNYm12[10O2O000O2O0O01000000000O2O1O0000O1O1O10O0101O00000000001O0O1O2N2MUhTg0
20220523234912Lh_7,cT[<5fo1:lPNISn1?bQNJYn1R1M3L5L5J5K3N3L3L5K3N1N2O1M100O]Oe0I7M3N1@VRNjNmm1m0g0M3K6N1N2O1O1O0100001O1O001O01O01O101N1O1O3M2Mjlf`3
20220523234912Lh_8,Xcf_11bPn08RoSO4O0O0100O0010N20O01O001000000O100O10000O1000O100000001O001O001O3M1O01O01O0100O2OO1O0100O000100O010O1O0000001O000000001O0000001O0O2O2N2Nj[Q[2
20220523234912Lh_9,YcT`11aP`08UoA2M20O10O01O01O001O10OO20000O100O10001OO010O100O100O1O2O001O2O0O1O1O1N[\S]2
20220621185332Bh_1,h_Vf11cV^16UicN3N1O0N3cJGQ[N9nd1MlZN4Te10hZNOYe13eZNM[e13eZNL\e14dZNL]e14bZNK_e15aZNK`e15_ZNJbe17]ZNHee18ZZNHge18XZNHhe19XZNFie1:VZNFke1;SZNEme1<RZNDPf1;oYNERf1<lYNDVf1;iYNEXf1<fYND[f1<dYND]f1<bYND^f1=aYND_f1<_YNDcf1=[YNCef1>ZYNBhf1=VYNDkf1<TYNDmf1<RYNDof1=nXNDRg1=mXNCTg1=kXNCVg1<jXNEVg1;iXNFWg1:gXNGYg19gXNHZg17eXNI[g17eXNJ[g16cXNL^g14_XNMbg13]XNMdg14YXNMhg14UXNNkg12SXNNPh12nWNNSh12lWNMVh13hWNNZh11eWNN^h10aWN1`h1O_WN1ah10]WN0eh10YWN0ih1OWWN0kh10TWNOnh12oVNNSi13kVNLVi15iVNKXi16fVNH\i18dVNG^i19`VNGbi18]VNGgi18WVNHki18SVNHoi18PVNHRj16mUNJVj15gUNMZj13eUNM\j13bUNM`j12_UNObj11\UN0ej11WUN0kj1OTUN1nj10oTN0Sk10kTN1Vk1OiTN1Wk10fTN1\k1ObTN2`k1OZTN4gk1LWTN4mk1IQTN8Rl1HiSN;Yl1G_SN<cl1JoRN<Tm1U13O1N2N2N2N2O2L4L3N5K3L6J5L7ZOTQNJSo1MSQN0`o1MoZiQ2
20220621185332Bh_2,TgPf01`Pb01\o_O4M2L4N1O01000001OO100000O1000000O101O000001O1O1O2N2O02N1O1001O4L3M1OO0O2N1O1O1N2N2M3M4KhWcV3
20220621185332Bh_3,dUcf11WTb1m0gj_N5L6J;F5K5K4K5L3MfNjRNOSm1MYSNNdl11bSNN[l10kSNNRl12RTNMlk13WTNLfk15^TNH`k1:aTNF\k1;gTNDVk1>kTNBQk1a0PUN_Omj1c0UUN\Ohj1f0XUN]Ocj1e0]UN\Obj1d0^UN^O_j15kSN_Og1<^j14kSNAg1<]j1`0fUN^OYj1`0lUN^OTj1`0SVN[Omi1d0UVN\Oji1b0YVN^Ofi1a0]VN^Obi1b0`VN\O`i1c0cVN\O\i1c0fVN\OZi1c0hVN\OXi1d0hVN\OXi1c0iVN^OVi1a0lVN]OTi1d0lVN\OTi1c0nVN\OQi1d0PWN[OQi1d0PWN]Ooh1b0RWN^Onh1`0UWN@ih1?YWNDdh1:_WNF_h1:cWNG[h18fWNJWh16jWNKUh14mWNLRh13PXNLPh13QXNNng11TXNNlg11UXN0ig10YXN0fg10ZXN0fg1O[XN1dg10\XN1bg10_XNOag10aXN0]g11cXN1[g1OfXN3Vg1NjXN3Tg1NmXN1Rg1NPYN2of1NRYN2mf1NUYN1jf1OXYN0gf11YYNOff10\YN0bf11_YNOaf11_YN0`f1OaYN2^f1NcYN1\f1OfYN0Zf1OgYN1Xf1OjYN0Vf1OkYN1Tf1OmYN1Sf1NnYN2Qf1NPZN3me1NTZN3je1MWZN4he1KYZN5fe1LZZN4ee1L[ZN4ee1M[ZN3de1N[ZN3de1N[ZN3ee1NYZN3ge1LZZN4fe1LYZN5fe1KZZN6fe1G]ZN9be1G`ZN8_e1HcZN7[e1KhZN2Xe1MnZNNQe13P[NLod14S[NJmd17U[NGjd1:W[NDjd1<W[NChd1>Y[N@hd1>^5O100O101N2O0NohhP2
20220621185332Bh_4,bdd_21aQh0<nmYO7L1N3N0O2OO2O0J6O2N1O1O10000O101O0000000001O01O01O0O101O0000O1O11O0001O001O01000O10001N10010O0O2N1O2MQ[[\1
20220621185332Bh_5,lgXW3282Ro1d0L3N2N2O1O3N1O00O1O2N2N1O2N2O0O2O1N1O2O01O001N101O2N2NO11O0O101O002N8H3N1OO01O0001O002N010O2M102M2O2N1N103M1O5K1N101N100O100O100O1O1O01O0001OO10O10O1O100O100000000O010000000O100O100O10000000O101N1O100N2N4KlUWb0
20220621185332Bh_6,g`Pb11ZQ>0^nCb0B6L3K5K5L3MYOeQNNXn10oQNNnm12VRNMhm12\RNLcm12bRNOZm10iRN0Vm1NmRN2Rm1MQSN2ol1KTSN5ml1GWSN8Yn11OO2O0010O000O0100O0010O01O1Nj\a[2
20220621185332Bh_7,[_ho23lo14L7J1O2N1N2O001N10000000000000000000000001O0010O000000010O0001O0010O01O010O01O01O1000O1O01O20N0100O0010O100O011O0O10O0101OO01O100O010O01O11OO00100O11N010O010O10O01O011N100O010O1O100O002OO1O0101N010O010O100O0010O01000O002O00O10O1O100O010O10O10O000001O01O01O1O0000010O000000001O001O00010O00000010O01O00010O00000001O00001O01O0000010O1O1O001O2N0010O01O10O01O001O100O00100O0010O00001O01O011N001O1O100O0000010O001O01O01000O20OO0100O1O010O1O10O10O10O01O11OO1O10O0101O0O1O2O2M102M2N103M0O2O0O3N1O0O2O1N3N1O0O1O2O2M2O0O112L101N20O01N10001O1O00O1O002N1O1N2O2M2O2O001N3]NbRN>am1^OaRNa0bm1jNaRN33n0lm1mNYRNP1_n1L4L3N9E5LkZU>
20220621185332Bh_8,UabS11]Pb02jo]O1Xo1a0L2N1O011O001000O3NO0100O0000O010O1O1N1O3M2N1O3N2M101N2N1O]O_QNI`n10jQNNTn12PRNLom14TRNJkm16[RNDdm1=o0O1O1O2O1N3M3M`^Ui2
20220621185332Bh_9,S[gi21[Q`01`nA6L2O0N1O2O0K500N3O0O0100000O1000000100O0O1O3O2M1O100O001O001O001O010O0000100M3OedVS1
20220621185332Bh_10,ag`W31jPR12RooN5K3M6L4L1N5L1N10001O00003M:F10000N11O001O0O3N003NO00O2O1N2O2O1N3L2WOkPNd0Zo1N10001N100O100O100O1O10O01O000O1000O100O1O1O10000O01000000000000000O100O100O1000O10000O1O001N2M4LoUUb0
20220621185332Bh_11,_Uce11RU`28PjaM6PQN0in1h0K9G7J4L4I6M4L3N2M3NnNhRN_OUm1>USN^Oil1=`SNA]l1?hSN_OVl1:TTNDjk1=ZTNAck1`0`TN^O^k1c0dTN]OXk1f0iTNZOTk1g0nTNYOoj1h0TUNWOjj1j0VUNXOhj1g0YUN[Odj1f0\UN[Ocj1d0_UN[Oaj1d0`UN]O^j1b0gUN[OYj1c0nUNXOQj1f0SVNZOli1e0UVN[Oki1d0VVN\Oji1c0WVN^Ohi1a0YVNAei1>_VN@`i1`0cVN^O\i1`0gVN@Xi1`0hVN@Wi1`0jVN@Vi1?lVNASi1>nVNBRi1>nVNCQi1;RWNDmh1<TWNEkh1:WWNFgh19[WNHch18_WNH`h17bWNI]h15eWNLZh13hWNMVh14jWNMUh12mWNNRh11PXNNPh10SXN0lg1OVXN0jg1OWXN2gg1OZXN0fg10ZXN0eg10\XN1cg1N_XN1`g10`XN1^g10cXN0\g1OeXN3Xg1NiXN3Tg1MmXN3Sg1MmXN3Qg1NQYN1nf1NTYN2lf1NUYN1jf1OWYN1gf10[YN0cf10^YN0bf1O`YN1^f10bYN0^f1OcYN2\f1NdYN2[f1NgYN1Xf1NjYN3Uf1MkYN3Tf1MmYN4Qf1LPZN4Pf1KQZN6me1JTZN6ke1JVZN6ie1JWZN7he1JXZN6he1JXZN6ge1KXZN6ge1KXZN6ge1KYZN5ge1JYZN7fe1JYZN7ge1IYZN7ge1G[ZN9de1F^ZN:ae1F`ZN:`e1EbZN:\e1HeZN7Ze1JlZN0Se10P[NNPe12Q[NMmd15T[NJkd17V[NHjd17X[NGhd1:Y[NEfd1<[[NBfd1=^51000000000O1O1O010O1O00100O2O0O1O10001O1N2N2Nnoi20SPVM1O1O01MRibl1
20220621185332Bh_12,P]bf02oQh22hmYM6N2M2L21OM4O2O1O1O100O2M3O1N1O2O000O101O000O100O1000000O0100000001O000O101O0000000000000000001N100000001O1O000010O0001O0010O01O010O0001O00000010O001O0010O01O0010O0001O01O0001O00001O000O2O00001N10001O001O00001O001O011N2O0O1O2O0O2N2M3L[P<1eoC7J1O0O2O010O010O10O03M100O010O0100O100000O100O100O11000O010O2M101N101oPNZOen1e0ZQN\Ofn1P1000001O0O102N3M3\QNgN[n1a10aNgQNS1Yn1hNkQNX1an1N1O000O121M0010O0002N10O0O2O10O0O100O01O001O1O1N2O0O1O2O0O2O0O100O10^OaQNB_n18jQNEVn15RRNHPn16n0O1N3K5J`^Wi2
20220626185332Bh_1,`fhm01lPl16lnUN6K3L101N2O1O010O1O001O10O0101N010O100O00100O2O1N4M00002N205I4M0O10OO100O100O1O2N100O2O001N101O0O10O1eNlQNj0Rn1TORRNk0nm1POWRNQ1gm1nNaRNl0_m1SOfRNi0Ym1VOiRNj0Wn10O10O4L1O5L0O10O1000O1O10000001O00O3N0O1O1O010O01O100O001O1O1O001O0000000000001O000O101O0O10000O2O000O1000O010O0M3O2N1O2O1N2O0O2O1O0010O01000O10O1000O01O10OO20O01O00001O1O3LYV[g2
20220626185332Bh_2,jflj12mo12N3N1O1O1N101O1N10001O000O1000000O2O0O2O00001O000000000010O0010O001O010O001O0010O000O1000O0101O001O001O1O001N2O001O1O10O01O010O01O01O0001O01O1O01O00010O0001O001O10O010O1000O10O10O10O10O02OO10O2OO10O100O100O10000O10O10O1O1O010O1O010O010O0010O10O010O0001O010O000010O1O010O010O10O10000100N2O1N101N1O2OO0100O10O103N5I4M1O0O100O10O1O1O0100O10O01O0010O01O2G[PN3jo1O1O001O\Vii1
20220626185332Bh_3,lZe_11mPV11PokN2O001O001O001O00001O0000001O000000000000001O001O001O001O00000001O00001O00001O000010O01O0O2O000000O100M3O10000O1O1O0010O010N2O10O01O010O00001O00100O10O1O010O1O001O1O01O001O1O1O0M4O01O01OldXY2
20220626185332Bh_4,hZYU13jo15N2N001O0000O00N2L5K4N3J6N1N0000M23O1O0N2O11M2O2M201OO1N210O001O2N2M2ENdQNXOXn1e0RRNXOmm1f0XRNUOjm1j0g0O1O1M4L5K5K5LShhg2
20220626185332Bh_5,PbRi21SQf02in[O3M1N2O1O1O1O1N10000L4N3NOM51O002O000001O002OO010O1O002N001O00010O1O1O1N101O1O100O0011OO010O100O1O001O1O1O002M3Mn\eR1
20220626185332Bh_6,aUoZ24ko12O000O10000O10000O1O100O10O001N20O01000O001000O0100000001O00001O0001O001O00001N11O01O002N1NdjRb1
20220626185332Bh_7,`XQn2123fo18L1O000001NkPNGfn19WQNJhn16WQNMhn12VQN0jn1d0O01O0O101O001O1O001O0000O1O10O001OJ6CZO_QNi0an1<N2N2N10O1DiQNnNXn1l0b0I7M2O2M3L4L6LmgVo0
20220626185332Bh_8,\[k\31\Pb06[o_O4N5K101O10O1O1O2O03M0O010O01O00001O0O11OO1001O000O1O1O0O1O101N100001O6J1O1O0O1O3MRcn?
20220626185332Bh_9,P_]V11ePT18QomN4L4L2O1N2N2O1OCmPNNdo1O0O10O100O1001O0000001OO2`PNGWo1`01N1O200O101O0O101OO1000O100002N0O1000001O1N0100O1O010O00100O000000001O00001O001O0001O0001OO100010O0010O01O1O010O001O001N1O2M]^Tc2
20220626185332Bh_10,SeXg11hQP43SnQL3M2O0O101O001O0000001N2O00001O0O2N2O0000000000002N00001O01O010O00000001O00O100O1000001O001N2O002N00001O1O001O00010O001O0001O10O00001O01O010O0001O10O01O01O10O11OO1000O001O02OO10O11O0O0011OO1O10000O11OO10O01O100O011N000010O0010O10O0011N01O0001O000100O01O011N0002OO00110O0O110O1N2O0O2O0O1O110N0101O1O1N103M1N101O1O001OO1000O01O00011N01O101OO0002N10O02N0100dPNGon19jPNOUo1?O01N2O001O101N100O11O0O1O111M10013LN3M6L00cPN@Zo1c00030oPN_O[n1b0bQNA^n1?`QNCan1=[QNFdn1:[QNGin16UQNLkn1d01O1POUQNi0So1N4L3M1O`0AYP49[oK7K1O110O1N1O200N0013N0N102ON2O000O2N10O11N04L1O1O00O2O00010O02O1N5L2NO01O1O00001O0O2N2KgRWd1
20220626185332Bh_11,m^dT23ko13L4N2O001N2M3O1N3M2N3M3N0O1O1O010OO2O1O0I8O1N200O1000O01000000O10001O0O010000001O0000O1000000010O001O01O000000010O00010O010O0000000000100O001O1O1O1O1O1O1O1O001O10O10O10O0100O2N2N4MO02N1O1O00010O00]O]QNIcn15`QNJ`n16bQNH_n16eQNG\n17fQNF]n19g0LWagd1
20220626185332Bh_12,Rb\V11hPP20UoQN5DNbPN6\o1KbPN7]o17O1O01O1O0010O000O1000000001O000001O00000000000000001O00001O00010O001N101O1O001O0O101O000000000001O001O1O00000O10001O001O1O1O1O1O1O001O010O00001O1O0000001O000010O001O001O0001O00001O01O01O00001O0001O01O10O0001O00001O0010O010O0001O00001O0001O01O1O010N110O1N^\[_2
20220626185332Bh_13,^Za_11\QZ10bngN2O0O2O001O001O001O00001O0000000000001O00000000001O1O001O000001O00001O00001O0000010O001O00001N10O100O1N2O100O100O1O1O01O010O1N110O0010O01O0000100O010O10O1O00100O001O01O001O1O0O1O100010O01O001O100O0100O01O002NQebX2
20220714185352Th_1,mVSQ21bUd14Tj]N6M2N3N0LAhPN`0Uo17O1O001O1N2N2N1O2N2M4N100O100OO101N010O2M110OO2000O1O1M3L400O0010O1O2OOO2N01000O2O1OO2N110OI8I6O100O1L5L5N01O2N3M2N1OO1O10001M110010OO3O10O2N2O1N2O2M1N2N2O1O1O100O1N3N2O2N2N01O0000000TQNYO_n1W1M0OO11OO2N1N2N3N1O2M3O0O1M4J501N2N1O3L4EXhje1
20220714185352Th_2,geTl21^Sj09RlWO:F9J6L5K5K3M4K5K3I8J5NfNkRNMRm10WSNMel11bSNM[l11kSNNSl11QTNMlk14YTNJek14`TNJ_k15eTNIYk18jTNGTk17PUNInj16UUNIij17ZUNIdj16_UNJ^j16fUNIVj19kUNHhi1c0ZVN]O_i1h0bVNXO\i1i0eVNVO[i1j0gVNUOXi1j0jVNVOUi1h0nVNVOTi1g0oVNYOPi1c0VWN\Ojh1>[WNCeh19_WNG`h18bWNH^h17bWNK]h15cWNL\h14cWNM]h13cWNM]h13cWNM\h13eWNM[h12gWNLZh13iWNKWh15jWNHXh18h30000000000000O1000O1N3L`YYo0
20220714185352Th_3,dccY22lo19H2N4M2M3N4K2O001O00000O100O2N100O1000000000O101N1@RQNNnn11TQNMmn11XQNKin14YQNIin16`0100O1O10O010000O100O001O1O1O001N1010OO11OO10010N110O100O1O100OO20O001O001O001O10O0100001O0000000O10O1000O02N1O2O001N2O0O2O0000000O0100O1000O10O10O100000O100O100O1O1O10000O100O10O01O1O1N2O1N2O100N101O010O0010O010O01O01N11OO110O01O10O010000O10O0100O0010^OB`QN`0_n1C_QN<`n1G]QN;bn1F]QN:cn1H[QN9dn1H[QN7fn1JXQN8gn1`00010N101N2O010O1O010O10O01O1O0001N2O001N2O1O1O100O001O001O010O00100O10O01O10OO1000O101O010O100O1O100O00100O001O010O0010O000100O001O01O0000000O10OO30O00O2O1N101O0O2N1F:O2M2O2O2K4NPa`V1
20220714185352Th_4,Qf`]21\Ph0:YoYO0O010O101N101N1001O0O2N100N1101O01O0010O0100O10O10000O1000O11O00O100001O00002N0000102M11M3M4KdXg^1
20220714185352Th_5,TXgk0;co14K4M2O1O10O01O0O1N2O2O000O100O2O1N1O1O1000M301AZQNBfn1=`0N1O10O2O001O01N2N10000001O2M2O010O0100O2O02O11NO0;E1NQinP3
20220714185352Th_6,dXdX11oRT16ilmN2N3N1O0O2OO0100O001O1N2O1O0N2M3N02010O2OO0100O001O1O0010OM4N101O1M3O1N10O10O10O001@^QNCbn1;eQN@Zn1?e0N1000100O01O1N101O1M3O0O2N2N101O01N2N200M3O1O0010O001O01N200O100O4M1LaPNDao195M4LdfQa2
20220714185352Th_7,XeZk22jSd1:ek]N9H7J6K6K5J5K5J4L5K5L3MiNdRN0Ym1LTSNMil10_SNN_l1OhSN0Sl10RTNOkk10[TNMdk13_TNL_k13eTNLXk14lTNJRk15RUNKlj14WUNLfj14^UNK`j15aUNL\j14gUNLUj16mUNJhi1?ZVN@_i1f0cVNZOZi1g0gVNZOWi1f0jVN[OTi1d0oVN^Omh1`0VWNAih1<ZWNDeh1:^WNFbh14dWNJ^h12fWNMkLEVk1<RXN:lg1ETXN<kg1DVXN<jg1DVXN<jg1DVXN;kg1DVXN<jg1DWXN;ig1DYXN:hg1EYXN?cg1A_XN?_g1AdXN>Zg1BlXN;Qg1EoXN=of1CRYN>lf1BUYN?if1AXYN?gf1A[YN`0bf1_O`YNb0^f1^OdYNa0[f1^OhYNa0Wf1_OjYNb0Tf1[OPZNf0ne1WOVZNj0aj1O1002N;E00O1O6I2N1O001O1O2O0O1O1O3M6J2N0O20O10O011N0001O0001N1N3M201O00VPNMho150O1MWSkl0
20220714185352Th_8,m^hn24ko1100O2O000O101O000000000000000O1O1O101O0O2N2O1O0001O0001O000001O001O1N101O01O01O00000001O01O0000000000001O01O01O010O0000001O00102N0O00010O01O1O010O012M2N002jPNDdn1=ZQNDfn1>XQNCgn1>WQNCin1>UQNDjn1>SQNCmn1h000O10001O1O0O2O001N10000000ON3MCbQN]O^n1c0hQNTO[n1l0<1O0O1O2ONUQNROin1n0XQNSOgn1k0\QNTOdn1l08O2N101N101N2N2M8I4FTaei0
20220714185352Th_9,Xb[b16ho15M2N0O10000O100O100O1O1O1O1N2O1O0O20O01O100O1O10O01O1O100O001O1O0010OO110O0001O0O1O10O01O100000010O1O0O2O1O1O0010O1O001O000O2O01000O010000O10O01000O00010O010O10O1O001O1O1O1O2N1O10O10O01O1O000O02M2O11O0O101O00100N1000O1O10000000O2N1000010O0000000001O010O00100O1O101N1N2N2O1O100O01O0000001O010N10001N1O2O001O001O010O010O0010O01000000O0100O100O1O1N1O2N2O10O0101N100O1O2N1O2N]anQ2
20220714185352Th_10,deZP17io11O2N101N1000100O1O5LO0O1O1O2N1O1O0010O010O10O01O100000O100N2000O100O0100O100N3N2K\YQm2
20220714185352Th_11,Pob`25io16K3N1O0100O1O0001O01O01O010O002N2O0O1O1O1O1O1O0O1000M3O000O2N101O010O100O01O010O10OL5O10O10O00O11N1O01K5001O2N001O01O00000O101L4O1O100O1010O00001N100O100O1O10000000000000O10O01N101O010O001O001O1O1O2O0O2N2MTRmX1
20220714185352Th_12,VkZo21fPn03lnSOOdPN4Zo1:M3O1O1\QN\Ojm1e0RRN^Oom1b0oQN@Pn1a0mQNASn1b0iQN@Wn1b0cQNA_n1P10O2eNaQNQ1in1O0O1N10001M202N010O1^OkPN7Vo1GnPN6To1GmPN9]o11O0010O1O100O0001O00O2O0O2O000000000000000000000O100000N110O0000010O01O2M[Sgk0
20220714185352Th_13,VYeo25]Pj0N_oWO2O000000000000001OO0100000O010O1O01O10O01O010O001O01O01O0010O00O1001O01O1O1O001OO11O10O010O00000000O11O000010O01O1O1L4N2O\gdk0
20220714185352Th_14,`_h^19go13M0O3N2N1O1O001O1O1O1O0100000O11OO11N101OO0010O100O010O10O000100O100O11O0001OO000101OO01O1O1O1O1000O01O2M2O1N3NdPT13XokN3M2O8G2O1O00001O1O010O001O0001O001O00001O0000000001O00000001O1O0000001O10O010O010O10O01O00100O2N10O01O1O1O1O00100O10O0100O1O100O00011N001O001O01O00001O0000001O0O101O000O2O0001O00010O000000001O010O0000001O00000000000000001O00000000001O000000000000001O001O01O01O0000001O000O2O000000000000O10000000000O10O100000001O00000000001O01O00000000001O1O0000010O0001O01O1O000001O000010O0001O000000100O00100O00010O0001O01O1O0000001O001O0001O010O0010O0010O00001O0001O1O010O10O000001O01O00010O01O00000001O01O0010O00001O00010O1O010O010O0010O0100O001O1O001O001O100O10O0100000O0001O10O11N010O10000O0010O010O1O10O10O1O02OO2O01OO11N1O10O1O01O100O100O3M100O10O0101N2N6K3L3LW[Sh1
20220714185352Th_15,Tej_22mo13M2O1N2O1O1O0000O1O2O001O01000O10000O010O010O10O100O00100O1O010N3N100O100O11O2N1N1N2010N2O00000110M2O1O003KfYg\1
20220714185352Th_16,\aXc13ko15M0O3_PNFWo1c0N2N2O1O001O1O001O00001O01O1O00100O0000001O001O000000000000001O00001O010O1O01000O01O1O01O11N002N002N00100O002N01O02OO11N00100O1O1O1O00010O00010O000000O2O00001O00001O001O0000000000000010O00001O0000010O0000001O0000000000000000001O0000000000001O00000000001O10O000001O001O000O1000000000000000000000000000000O1000000000000000000001O0001O0001O00010O00001O001O01O001O0001O001O0001O001O00001O001O01O10O1O01O01O10O00000001N2O0001O01O010O0001O01O01O10O000000100O0000010O1O01O01O010O000000001O010O0001O00010O000010O0001O10O1O01O10O000100O00100O00100O001O001O100O011N01000O001O10O01O10O11N0100O010O100O010O011O0O10000O11OO10O0010O02OO10O11OO110N01O02OO2O000000011N1O00O20N02O1O01O10O02N1O3M3M2M0101O1O3N0001OO10000N00202L3N2N2M6J3L2N2N2N2M204GcYce1
20220728185352Th_1,P^Ti21kQf12nm[N6J5M3N1N3N1NJjPNFTo1;nPNCnn1b07001O001O0000L5M201O1N101O0100N1O2O0010N10001O10O01O010O010O1000000001N1000000O01000001O00001O00000001O0aPNC\o1a0O0002N1O1O10O2O12NOO1001N017H01O001O001O000010O0000001O0000010O001O0001O0010O002N1O100O1O103kPNUOnn1o0O1O2O0O2OO001O1N1O2O1O1O3M0O2O000O1000001O0O2O1O0O3N1N2CbPN4fo1N201LQ`[l0
20220728185352Th_2,bc]_21[Qh00PnYO8iPNJ00Uo1>iPNEUo1<jPNIQo1e0N0N2O2O0O001O00010001O1O1O0000O100O10O11O001O1N101O00000O1000O0100O100O10O01O100O010000O100O1N3M3M4L2N2O3L3M4K7Ij[P\1
20220728185352Th_3,Sago25go16L3N2N2N2N101M2M3N2O1O1O2M2O001O001O1O01O00001N100N1I700100000N2N101N20N2O10M301O0002J4O2OO1N2N3N1O1001N110O01O0O1N2M4N101O00010O0100O01O100O000001O010O010001N1000O1N200O001O0010O010O01O01O001O1O1O101N1Nlaji0
20220728185352Th_4,`mP=1WRd02bm]O6M1M4N1O100UOAnQNf0Qn1^OkQNc0Un1_OfQNc0\n1]O`QNf0an1<1O1O01N10O100O1O1O0O2N2O1O11O0O02M2N101N1010O01O02N1N1DVObQNl0]n1ZO\QNg0dn1:1M3N2O2K4N2O1M3L4EiPNG_o12YRS_3
20220728185352Th_5,jSQ[21WP<3doE3M3N1O1O4L1O100002N3L3N0O1O0100O010O000001N2O1O1N]knb1
20220728185352Th_6,aZgb21iP<5PoE2O0O101N100O1O1N2O1O1O1O01O0O1O1O1O1000000O2N2O1M[eX[1
