filament_id,segmentation_rle
20110130110334Ch_1,S_`c22=2F08MF1]13PO3JIL22351F2bkg1LVTZN5L2N2bPNFTo1e0N1O2N0010O02O1N2O002M102M101O01O0001O00010O02O2M1O001OO11N101O0O100102M0100N4M0O1O00100O1O01001N2N101OO12N002ON2O0O11O0O10O010O010O001O01O00001O1O100O1O1O10O010O0010O01O01O01O01O010O1O1O10O101N100O00010O0001O00O1010O0001O0010O010O00100O0010O1O00010O1O101N11O001O00O10O01O01O001N1O3N1Me\aQ1
20110214175414Mh_1,oZfZ2183L5NL0130R1MmN0Qog00fPZO7J1N3M3N2M3K4O2N1ROTOhRNl0Vm1YOfRNi0Xm1YOfRNh0Ym1ZOfRNg0Xm1\OfRNd0Zm1A_RNa0`m1AYRNf0fm1\OVRNf0jm1i00O01O00001OZOYRNSOgm1l0]RNRObm1n0cRNmN\m1S1fRNlNZm1T1gRNkNXm1V1iRNiNVm1X1kRNgNUm1X1mRNgNSm1Y1mRNgNRm1[1nRNcNSm1]1nRNaNSm1_1g01O0000O1WOcQNO_n1MfQN0bn1HaQN6an1GaQN7an1FbQN8an1E`QN:To101N4KSc_a1
20110214175414Mh_2,oWke21;15OB4`0MA1goa17WP^NNZo1>M3O0O1O2M2O1O1N2O1N1O2OHYQNXOfn1g09010000000000001N10O2O0O1M4N2N1O2O0O200O010O10O01000O010O0100O01O0100O10O10O1000000O1000004K101O00O1N2O10000000000000000001O0001O01O00010O010O01O0010O01O010O0010O011N1O2O0O010O0001O0000000O10000O100000O101O0O3M4LPgPQ1
20110214175414Mh_3,SXcf21b07@J20641NFOZoi00oPVONN0on12_QNN`n10h01kPNO[n10fQN0Yn10ZQb00`o_O0QPN000UfZW1
20110214175414Mh_4,k\d_21o03WO1>LA6LN2M`04_lS2LkRnM2N3M2O1O001N101O001O00001O001O01O0001O01O0000000010O00000001O01O01O001000O10000O100fPNCon1>oPNDQo1<mPNFSo1c0010O100O100O10O01O00010O00001O1O001O2N1O1O1O010O0000010O01O01O01O010O0100O010O001000O0100O01O01000O010O100O010O010O000010O0000O1000001O0000001O000001O01O01O0000100O100O1O010O10O010O100O101N1O0100O010O001O0010O00001O01O001O01O01O010O1O10O10O1O1O1O003L2NX`_S1
20110329082654Uh_1,o^`R2161P12SO0IMO1130LO0d03B0fla00nR@4L4M110O01O0O100000O10O01O0000000000000O1O1O2O0O11O5L1O0O1000O100O4lPNJB1Yn15oQN>nm1P1L0O0O1000O2kNPRN6Sn1XOoQNM3j0in1O2J6J9Jd^mi1
20110329082654Uh_2,ckf[21?:EG90K1ON_nk00XQVO3L3^PNOon16nPNMPo1a000100O002N1O1O101N101N100000010O0010O010O001O001N2O2N3M1N100O2O0104L1N2OO2O1N2N2O5J3M1O1000O3N1N\QNnNZn1R1dQNRO[n1n0cQNTO]n1l0aQNVO_n1U1001O0O1O1O2O1M4M5J4IoRW_1
20110329082654Uh_3,oUoT11g00G2R2NbM4fmg0>]RXOGgn1l0L3N3M2N4K6J3M5L2M5K4L2O2N0O10O1YOaRNoN^m1>cRNZO36Ym1`0iRNUO18Vm1e0iRNPO92Qm1o0fRNmNTn1\13O2XOfQNI[n15jQNC[n1=c0M4M210O0O2O1N2O1O1O1O0100O100000O4K]i^g2
20110329082654Uh_4,R\__11d03GO56Xnm0OoPTO2M201N1010OO2N2N1N3N1O1010O02KWOnPNk03WOfn1S100O100000001O0001iN[QNQ1kn101N2O000O3N0O3M1N2O0@gPN8Zo1GgPN9Zo1FfPN:[o1DfPN=^o10002OO010O000000000000000000000001N101O0O1000000O100O1O100O3MabR[2
20110329082654Uh_5,lanW1110h0=[OEjnY16fPhN5N1N2O0000000000O1000000O1O10000010O000001O00100O1O100O0010O010O00010O0010O10O0100O10O01000O01000O1000O10O010O10000O10O010O0100O001O1O01O010O010O01O10O100O1O100O010O01O0001O010O01O010O0010O000000001O001O2N1O1O1NY\Q`2
20110329082654Uh_6,c]^m0119h0K]OM8OTo]13VPdN5N1O1O2O0O10O1000000O010O100O010O010O10O10O01O10O0010O10O001O010O010O010O10O0_PNF^o1:`PNH`o17`PNJ`o1:100O0010000O1O010O1O100O100O01000O0100O010000O1O0100000O010000O10O10O10000O100O100O1000O0100O10O01000O00100O1O100000O101O0O2O001O2N1O00001O00000001N101M:Dkaci2
20110329082654Uh_7,XVaa2362K1>LBO;009PoW1K^PjN2N2N2N2O0O2O1O0000001O0013N0O000O01O1O1O002M20O01O000000000O100O010O10O01O001N11OO2N101M2NETQNGkn19XQNEhn1;ZQN@in1`0;0001O00001O0O1000O101O001O010O00100O1O100O0100O010O1O1O1O100O1O100O10O10O100O1O100O0100000000000O101O2L3NWihV1
20110329082654Uh_8,fdla11b03BNVoi03`PXO3\PNMWo13gPNOco1201O1O0O1000000001O100O1O001O1O0001N101O01O000010O0001O000000O1000O10O1000O0100O010O10O01O000000O100000O11O000O2O1O1N3MU[[Y2
20110329082654Uh_9,cUja1<4H1202MM4ON0MN221054IL_me00YR\O3M4L7J2O1N4L4M1VQNUO\n1n0_QNVO_n1V1O100000101001M100O00O1O2O1N1O3N2N3M101O05_NoQNh0Sn1TOQRNi0dn1O1O001O001N101O4L1O10000O11O017IO1O2M1O1O1N4LjgoY2
20110329082654Uh_10,QVaa2132S1Nf07VNM:LZmY10XRhN0]P40SQ64QmELkRN5_n11O1N200nNG[RN;en10ROEVRN=jm1CURN=km1CURN>lm1BQRN`0om1@PRNb0nm1_OQRNa0Pn1^OPRNb0Pn1^OPRNc0om1]OQRNc0fn11O0O10O01O010O1[OZOPRNe0fn1O[O\OPRNc0Xm1]OkRN0Mb0Qn1^OQRN`0Sm1CnRNM0>Rm1EPSNMO;Qm1HQSNMO8Qm1LmSN0Ul1NQSNNom10fQN2GNVo1592ZPNJ_o1:1H^PN2co1MENYQN1[o1000^OOVQN0kn10TQN0^o10_O0SQN0^o1010O0PP2000PP80PPH0foo00Xi\V1
20110329082654Uh_11,SQeT21b02@Oc01d05_OJ[O0`lo05USRO3N1O001O00010O0000100O1O100O2O010O1N101O002N1O1N2O1N10001001N1O109F1O1O000001N101O00O101O1O0001N2O3M010O01O00010O0001O001N2O1N10000O10O2N1N4M2L4M3L4Lfkbe1
20110329082654Uh_12,e_VW13?6TPl0IUoUO7O0O100001O0000O0100O10O010O0001O00000001O000000O20O000000001O010O1O0010O01000O010000000O1000001O00O2N1O1O10O10O100O001O0010O1O1NT`ic2
20110329082654Uh_13,kRcV21f02Ro[1NXPfN0co50]PJ0`PN0So50]PL000ZQP12dnoN000O1O0O01O[kje1
20110408083214Th_1,mc`a234052T4NSL5DJ44NK02^1NTkc16PS^N3M3M101O10O00010O0100O1O1O001M3M3N2M201N2N2O1O2M2O1O2N101O001N101N011O2N001N2N2N4M0O1O2O00O1O1O1O0O1O2N1O1N2N2E;N2O1O100O1N10O2UNSObTNm0\k1WObTNi0^k1XObTNh0]k1YO`TNj0_k1WO_TNj0`k1XO_TNh0ak1YO^TNg0ak1[O]TNe0bk1^O]TNa0bk1B]TN<]k1MbTN0[k16dTNJ[k19cTNI]k16cTNJ]k17_TNM`k13^TNObk12]TNNdk11\TNNek13ZTNMgk13WTNMkk13STNMok13PTNLRl14lSNMUl13jSNLWl15gSNKZl18bSNI^l1;^SNEal1m1G9D<N2O1O0100O10001N100O3M2M3I8`M_SNY1gl1aNdSNU1bl1cNgSNX1]l1cNiSNY1em1H7I5L3L4K5N2N3M6GoXYU1
20110408083214Th_2,afVj0280K44LM220ON?6^ON4O;L42C0N0;010G0MNdmk0;gQVO8G;F;D6K4K5L4L4L4L3N2L4NUOiRNQOUm1n0QSNoNll1R1XSNlNel1T1`SNiN`l1U1eSNhNZl1Q1RTNjNok1Q1^10M5011OO02OO11N1O2N3M2O1N2N2N101O10OO02M2M4L4M3O1O1O10O2O0O1O1O2O1N2O1O1N3O2M1O3M2O1M3M5F[XkP3
20110408083214Th_3,V_^\1115?MD2NO<NI;NEYn?`0oPB2N3L5K4M3M2N]OXQN1fn1L`QN3]n1JkQN4Tn1JoQN6om1JSRN6lm1HYRN6fm1I]RN6am1JaRN8[m1HgRN;Tm1FnRN;nl1EVSN:gl1F\SN9bl1H_SN8`l1HcSN6[l1JfSN6Yl1KfSN6Zl1IfSN7Zl1IeSN8\l1HdSN6^l1IcSN4al1IbSN3m\[a2
20110408083214Th_4,\iZW3113j05=I^n;0ioE4ePN3Wo1<N1N2N3L6H:H8I4D<M2O1N3OO01001N1N2N4L:A;J6K7I5L3L8GPUaf0
20110408083214Th_5,\U_\16a0MGO:OL4D010e0O\O1Vom0O`PTO3M3L3N2N1O2N00001O0O2O02O0O100O001N2O0O2N200O011OO11O000000001O01O001O100O001O01OO11O00000O1000000010O00010O010O00O110OO2O1O000000O00100O010O011O002N2KSjh]2
20110408083214Th_6,P^RR21a03HN8OD49ODO91IM`mm06nQTO9J5O1N3N1O1O1O101N2N2O000002N4L010O1O1O1O000000O1O1O0100O0001O001O01O2N2N3N1N0100O1O1000O10O0010O010O0010O01O1000O10O10001O001O001O1N2O0O1O2N1N3N\_[h1
20110408083214Th_7,neXW25d0MUo;0RPF8_OJiPN<Vo170O1N3N10100O1N101N2O1O1O1O0010O000010O1O10O100O01O2N1O3LYY[f1
20110408083214Th_8,Qhfm11a068JYO0h0330TO1kla0NnR@b0@4MCkPN0To1OmPN2Ro1?O101N2O00005MN:F01O2O1O21NiQNUOUm1l0eRNXO\m1l0]RNVOem1o0RRNROUn1j0gQNXO_n1b0_QN_Ocn1n02N3M4L6J2O0O2M2O0O10000001O2OO002N1O2M3I8LiTkn1
20110408083214Th_9,o_dQ11a05HK1341nma0LbQ@:H201L1O000O10O010O0O1100O11N02eQNFnl1:oRNJPm18mRNJRm17kRNKUm16iRNKWm15hRNLYm13eRNO[m10dRN1^m1NWRN<km1DRRN=Pn1CnQN=Tn1b06M3M3M4L3M4M2N2N3L4M2N2N2M3Mo^Uk2
20110424064534Lh_1,Q^PV1313:8M2g0B_O5E?k1[O]N1:2ei]13\UdN7I9I9F4L4L3M4M2N2N1O2O0O2O1O100O101N1O2N3N1N2N1O10O0cN^RN>am1_OcRNm0Pm1POTSNo0ll1oNWSNC@V1Ym1SOgSNh0Zl1ROnSNk0em1N100000O1O100O2O0O1O2N1O10XO[QN5cn1J`QN5`n1IbQN8]n1FeQN:Zn1FgQN:Yn1EhQN;Yn1ChQN>Wn1@lQN?ln1O001O002N00001O001O1O0100O0010O0110N10O1O1O001O000001O00001000N10001O001N010O10O01O02N00001O1O00001O010O1O001O001N11O0O2N4L4Ji[Wa2
20110424064534Lh_2,giPk11T19i0HXN16O\l[12SSfN4L;F2O2N1N2O0010O01O0000101N100O100O3N2N1O03M1N2N1O1O00001O001O000O2O001O1O002N1O100O00100O10O00001O001O001O00100O001O100O001O10O00010O01O0100O0101O8H2O0O0O101[QNlN[n1a1K1O1O100O1O010O01O1O1O001O2POcQN9]n1DRRN0Pn1MURNNmm10VRNNkm1O[RNKim12nTYm1
20110424064534Lh_3,h\Yk01143<0E0MM`04_ON=cmi0DVRXO4L6K3M2N2N2N1O101N100O1O100001O5L0O1O1O1N2O00001O1O00001O001O0O01000O100O010O10O10O10O1000O10O100O01O0100O00100O1O10O00001O001O2M2O3Lo`do2
20110424064534Lh_4,gXed1211S11;Nh06jMJ0OfnY16PQhN4N1N2O1O1O1O01O000001O01O01O00000O001O001OO11O010O01O010O0O2O00010O01O1O1O010O001O100O1O1O1O010O01O00001O0001N1O10O10000000O2O0O2M2O1O0O2O00O100O10O2N010O010001N1O2N1O20M1110O1O1O10K6K4M310O01N3J6J7H`ffS2
20110424064534Lh_5,e]lg0R17WON:1E=:EG51D:23[ji0ETUXO5L3M3N2N5L2N10001N2O1O10020M5K7I1O1O3O00:F9KM6JNO1O1O00O1N3N1001M3N2N0O3aNWRNa0lm1XOZRNf0dn1L4L1O1O00011O0O2O00000O2OO000010O1O002M3LP]aS3
20110424064534Lh_6,``bW17_2L\N17Obke1N\S\N000PP20jog00UPVO1[OOZQN1en1O\QN1dn1O]QN0bn12f00YPNN^o1:1O2LgQ8KanG00000jo;0R]ec2
20110424064534Lh_7,W`Pi0451LL4h0LN2^OO<1KPmc0IjS\O2lm1OoQN6Qn1MgQN8Yn1g04M2M=C<D4M3M0O1O10bna00iQ\O2Vo1OcPN1do11d^iT3
20110424064534Lh_8,eaQb119132FN50K081NNSno04_QRO;F1O2M2O2N1O1O1O1O1O100O0010O101O2N4L0103L0001O00O10O101N1000000O1000000000000O10000O100O10O01O010O0000O10000O010O10O00100O100O1O2O0O2O1N2N3Lc\^X2
20110429120534Ch_1,WdVR2152o0NSO1:4BOa0Mglo03_RRO3M2N3O1N10001O02O0N3O0000000O01O100O001O0000000000010N11OO11O1O001O00010O11N001O100O101N001O1N10001OO2O1O1O001O1O001N100010OO11OO10O010O10O01O1N101N2O1N20O1O2N6IXXeg1
20110429120534Ch_2,]_jm22g0O13\O3`04KN1KPlS15USnN6`PNERo1h0M2M2O1O1N2O0001O001O0O2O000O2N101O11O4L1O001O010OO100N3N1O001O1O1O0010O100000002N2N2N00O10O101N100O2N2O1N12OO00100O1O0O1O100010O002hN\QNo0mn1N100O4M0O1OO0100O3N0O1O1O1O1N2O1N5HU]ck0
20110429120534Ch_3,\cl[21U15hmg0LPQZO4M2M3N5L1N001O000001N5L3NO1O1O00000001O1O00100O00100O010O01O001O0001O0000000010O0100O0100O001O1O010O000001O1O00000O10O10O1O2Oe[[_1
20110429120534Ch_4,^Ycl01951<G@TPl01goUO2N1O2N1O100O001N101O100O001O0O2O1N20O10000000O001000ON30O01O1O001N1N3M3O1O10O100L4O1000N2O101N100000O2O2TOQQNd0Wo10OO2O004K3N00000O1O012M1N5KUeXn2
20110429120534Ch_5,kYS]2220>0H013I1>Lk0=DCYO05OYnk06QQVO5K3O000001O1N1010O001N2O1N1O1O100O010O100O1N3H601O11O00O1DUOcQNj0]n1VOcQNj0_n191L4MbMVOmUNj0Qj1^OfUNe0Zj1AbTN]OJW1dk1@\TN[1ek1nNPTNS1Rl1]12N3M3\O^SNcMPm1j1YSNSNkl1j0oRNB>_Ofl1j0QSNBom18URNCPn1:l0N4M3M3M3Kjcd^1
20110429120534Ch_6,ff`P11>5GKd03;5nNO`0MCNWl=1^SD5K5K3O2O002O02O00O0O10000000O11N8H3L8I:I2O2L3MO;D5lN[QNb0Xo1J3NOO1N2N203EPVml2
20110429120534Ch_7,\eRa02<72;0^ON=9H^O62GLN53K34Jgng0:cPZO8H9D:K5L2O1O2N1O1O2O0O1O1O1N1N2O2N0M4J6N2N2N3L4M3G9KQOYSNoNbl1S1cSNjN\l1V1hSNhNWl1U1mSNjNSl1T1QTNjNmk1W1VTNgNhk1Z1\TNdNbk1h0cSNWOP1MZk1k0oSNSOl0LTk1Q1UTNoN[m1R1h02O1N3O0O00N2F:O1O2O1N2N3FoPNATo1;;O1O0O2M3JfYcZ3
20110429120534Ch_8,[dZ7c=]b1`BigN2kEO4953IDY1Mkl11oP^23bPbM;F3J5L5J6K4M2M4M3L5M2N2N2O1O0N3O0O200000NcFRNmdNl1cd10iGTNZbNl1g]1TNYbNk1oe1N101O]GYNobNf1Q]1[NobNd1Q]1\NQcNb1n\1_NRcN`1o\1_NRcN_1he1N2L3J8L2NPGTOScNl0n\1TOQcNj0R]1TOobNk0Qf110100100O01O1O10000O100O1O1O2N2N1O2N100O0001N101K4E:N3001O01O0O100001O1N1000O001O10001OO1O101O001N1O1O1O1O101O0O10000101O1O1N1O2O0O1O101O0O01O00M3O1L11O2O02000O101K4ROn0MbNXRNh0im1VO_RNc0bm1[OgRN?Wm1]OSSN`0Yn1L2O1O2N^NG_SN7Vn1N]NK`SN3`l1N`SN1_l10bSNO^l11cSNN]l12g100O10N2L10N221ON21N01NLT25mMKbPN0Wm30^TL0nk13PTNMok14n1OURNMlk14`SNNWONXm13`SN8kl1HUSN=gl1CZSN7ml1GUSN4nl1MSSN1nl1NUSNOll12a1O001OVQN7bn1L4N30O000I1_PNO`o164M3LZYiZ3
20110429120534Ch_9,_V[d13;0F1e00MO_O29MPo?6\PB2N2N101O00000000O0000O1N3L3N3H7M3OOONTOSOnRNh0Un12O3N0N01F<L4O2M3N3M5JSiTY2
20110429120534Ch_10,jdbm2150d06FKG3jnS1OkPnN2N3N1O10O01O02O0O10O01000O1000001N2N1O01O01O01N101O1O0O2O000O11O0O1O1N20O010000000O011N100000000O100OO2O0001O01O01O01O010O001JIbPN7Xo1;O2O001O01O1O0J7HbPNL_o1460000100O0100O1000001N2NlZkk0
20110429120534Ch_11,_bde21461KM113c04cmm0LaQTO3M3M2N2N2O0O11O3M3M100O000O1000O1O100O100O11N2O1O0O01O1O1O00001O001O0001O011N1O1O1O00010O00000000O10000000O1001O01O0001O00000001O1O100O001O001O1Om[iT1
20110429120534Ch_12,]en]11823ON1ona0NdP@8K1O100O001N2O001O000O2O00001O0005K3N1O1N100000O1000O10000O10O100O10004K2O2N00O2N1O1I]PNOdo1O^PNOeo1N]PN0lXe^2
20110529063154Uh_1,Vbm]12;7_2IWM5?:DA20aj1OUVj23onUM3N1N2O1O0O2O1O1O001N2O010O001O1O100O001O2O0O100O2O0O100O010O2OO11N100O100000O10O11O0O10000O100O0100O010O10O010O01O0010O01O001O001O001O001O10O01O1O10O011OO100O01001OO10000000O0100000O01000O0100O1001OO100O10000O2OO01000O10O0100O010O010O0100O10O01O010O1O100O001O10O01O0010O01O1O0010O00010O00001O00001O000O101O001O000O2O001O001O00010O010O01O010O010O1O00100O010O1O101N0010O02N1O001O001O1O010O000000001O00000000000000001O001O010O1O001O001O001O001O001N102N1N2NcYlP2
20110529063154Uh_2,oajh11oPl04knUO2M200O01001O001_PNGXo1:fPNIZo1?O001O00000O101O0000000O100O100N2O10000O10O010O001OO2O010O0010O010O10O010O0100O010O10000O01000O100GmPNDSo1;PQNBRo1>8N3N1M3M4Lj]SR2
20110529063154Uh_3,d_Q\2182?N\O1ao]14UPdN3N2M2O00000O100O2O1O0O3N002N2N0000000000000000010O00000001O010O1O010O011N10O01O01O0000000000001O000000000000000D]O[QNc0dn1^O\QNb0[n1\O_QN0O27b0Zn1IeQN7[n1JbQN8^n1J_QN6bn1d00000000O1K\QNnNen1P1^QNmNcn1S16N2O1N101O2M2O0O102N0O1000O0100O01000O010O100O001O1N1010000O100O100O10000O2N1O3Mk_b[1
20110529063154Uh_4,\iRU336O2ON1Xoo01^PRO5K2O0O1000001O0O1000001O001O2N1N100000010O000001O00000O10O10O1O1O1O1O1O001O1000000000000000000001O000001O002N1O001O00001N011O00000000000000000000001O1NXVSe0
20110529063154Uh_5,h^WQ22S15ONE14LE0D2n02_h1KoZZ35XkeL7J3M5K2O2M3N1O0O2O1O10O0001O0001O0010O0001O01O000000000000000O101O0O1O100N2O1J7N1O1O1O1O100O1O10000N200N1O2O1O00100OQOPRNOQn10QRNHLASn1g0YRN@GFQn1i0ZRN_Omm1`0URN^Olm1a0WRNZOlm1f0g0O100O1O100O1N200O100O10000000000O1000000O10O100O10O100O0000100OO11O01OO2O0001O00100O100O1O100O1O1O1O1O010O100O001O001O010O00100O010O01000O10O01O10O]O[OlQNf0Xn1VOhQNj0Zn1UOdQNl0^n1TO^QNm0jn11J510000N201N2N1O3M102NYOYOWRNd0jm1\OVRNc0km1]OURNc0km1]OURNc0km1]OURNb0lm1^OTRNb0lm1^OTRNa0mm1_OSRNa0mm1_OSRN`0gn10XO@QRN?om1AQRN?om1AQRN?hn1000XOAoQN?Qn1APRN>Pn1CoQN=Rn1CmQN=Sn1CnQN<Sn1DlQN<Tn1DmQN;Sn1GkQN9Un1HkQN7Vn1HjQN8Vn1IiQN6Yn1IhQN6Xn1JhQN6Xn1JhQN6Xn1JhQN6Xn1JhQN6Xn1JhQN6Xn1JhQN5Yn1KhQN4Xn1LhQN4Xn1LhQN4Xn1LhQN3Xn1NhQN1Xn10hQN0Wn11iQNOWn11iQNNWn13iQNMVn14jQNKWn15iQNKWn15iQNKXn14hQNKZn12hQNNZn1OfQN1Uo10000O10O1KN\PN1do12YPNOgo140010O01O10OO20O010WOMeQN2\n1NcQN2^n1NbQN2]n1OcQN0^n1ObQN2^n1NbQN1_n1O`QN2_n1NbQN1_n1OaQN1^n10aQN0`n1OaQN1^n10aQN0`n10`QN0_n11`QNOan10_QN0an11^QN0bn10\QN1dn1O\QN1dn10\QN0cn11]QNNdn12[QNOdn12\QNMen13ZQNMfn14ZQNLen15ZQNKgn15YQNKgn15YQNJgn17XQNJhn17VQNJin17VQNIkn19RQNGon1e00O1O100N2O100N3M3J5O2MW`jZ1
20110529063154Uh_6,YYoi11=041A0Woe0OcP\O7K2N200O1O100O1O105K1O0O11N1O01O00000H^ORQNb0mn1@RQN`0mn1ARQN`0nn1APQN`0Po1@PQN?Qo180N2O100O00100O100LjPN]OWo1b0400000000000000O2N1McPNC^o1<4O1O0000001O100O1O1N4KVffQ2
20110529063154Uh_7,[i\U31530O00LOZoi0OdPXO0O01000\PN0Xo10;10O10PP40oo10QPJ0000001O00000000OQPl00PPTO00000000000000000000001_Vaf0
20110529063154Uh_8,QQkW11]P>2VPB0bn17XQNLNL[n19fQNK0KYn12]QN52I265KYn11]QN=2I5K\n1n0bQNQO`n1Q1\QNPOdn1V1N1100O1L[QNkNgn1U121O00001O1O1O2O0O01QO]QN?dn1_O]QNOO6en1J^QNM07cn1J^QNN26an1K^QNK59_n1IlQN6Po1O1N2O_mhe2
20110529063154Uh_9,YZkn2180K0450K21I0enc07_Q\OJWo1:dPNJZo1?O000O5M3L2N1O001O001O01O002N1O001O00000001OO10000000O1000000001N101O2J6G8N1O2N101N2NRefm0
20110529063154Uh_10,\^Vi21;0F6a0N_OL41N092_nm00ZPTOO\QN6`n1OZQN4fn1LUQN:in1HVQN7kn1JSQN7mn1JQQN7on1=0O1000000000001O001O1O2N2N1O1O10O010O1O2N2N2N10O02N1O00100O100001N1000O10O10O000001O000000001O000APQNNQo11PQNNQo11PQNMRo12QQNKPo14QQNKPo14RQNIQo14`0MZ`kQ1
20110529063154Uh_11,`fn^11UP>8loAM^o1KbPN>`o11O1N101N1000O100O10000001O1O10]OePN?`o1N0000000000000O2O001N2MTYg^2
20110531070514Th_1,RbSQ22n0OK:@H=5IK61H8L3HBbi10eWV21dniM4L5L2N2N3M2O2M3N3M2N2N100O1O10O0100O10O10OUOXQN?Vo1N110N200N01O100O2N1O2M2O1O2N1N2O00100O1O101O03M0O010O010O01N2O1O001O1O1O0010O101N2O1O2M2N1O10O1O00000001O00000001O01O0010O0100O010O0010O0000010O0O101O001O010O101OO10O10O10O1O2O0N2O001N1O2O1O1O001O10O101O5K003M1N2O1O0O3N003M1N3N0O100O0001O001O010O001N3N1O1O0O2N2O1N110O01ROTQNf0Uo1O1OO010O010O01O10O0100O1O101O0O10O0100O1O100O1O001O1O1O1N3N0O2NiXd`1
20110531070514Th_2,[bXf02131N<1DN67K30JNM474JJ69G56DM8Olj[14^TfN3O1O0O2O1O000000000000O2O00100001O0O3N001O2M3O3L2N2O1O010O4M1N02N3M1O0001001O1N1O0O00001O0O1O1O1O1N1O3N001O0000100O000O10N2M4O1O001O01O1O01000O2O0001O001N2N2O2M2Oh0XO10N101N1O1M2M5K7PO]QN8]o1EYYaR3
20110531070514Th_3,TWcg0?2G1;n0HPok0KjoUO2O0O2O00O1000000000O10O1000O11N100000000000O10O01O1O001N1O2N1N2L4N2O2M1O10OL4J6O1N3O01N2O2N2I7C=O2N102N2N]hTT3
20110531070514Th_4,VYfn025`1MfN0a02\O20O;0H00LM203ONM8337K14FG34Lefa00QY@0PP20PPN0000000PP20PPN00000`Q62\nI9G4N1M4N1O1O2N101cNVOaSNj0^l1VOcSNj0\l1VOeSNk0hm12N2O1N4M2N1OO2O011M3N3L002O2NO2N12OOO00100O0O11N0010O1O000002O8G4M5L0O000000O10001OO0100001O1O6J1N3N003M1N2O000OcNURNf0km1TO]RNk0bm1QOdRNn0Xn11O000000O1O010O1N2O001O00_JROP\Nm0ai12O001O1O1O0000000O2O2O3L200O3NO0O0000000O1O2M3N2N2M4M1O2N1O1O2N2N2M7Gjh;H[n[g2
20110531070514Th_5,naT[2110735O>0lng12TPZN1N2O1N1000000O1000O10000000000O100000O100N2N200O100O2O0O010000N2N110O101N10000000001O000000000000000000000O10000O1000O100N2O2N101O001N101O001O0O2N100O10N2O101N10000LcPND]o1=dPNB\o1>31N3N00000N2O10001N10001O000O2GZOVQNf0in19O1O010OO2N2N1O20O01000O10O1000O01O1O1M2GPQNBRo1=9O1M4N101N101N101Ne]iZ1
20110531070514Th_6,hY\o0d03A080J0J4?1JMH460MI:Tk7BiTJ0iPf00UoYO0200000001000\Q:1fnEO00N010ln11WRLOim11URNOom10mQN0Ro10SO0o01iPN0Vo1O01To1Om00ooM0`QN1Zn15L3@GSQN=nn1DnPN?Qo1801O001TOVObRNh0^m1YOjRN>Vm1BnRN:Sm1FRSN4ol1MQSN2ol1NQSN1Qm1NoRN0Sm10mRNOUm10jRN0Vm11^1O01N010001O0000O10O100000O010O1O001\PNOWo12ePN0[o1:1O100O1O100O101N102LQcaj2
20110531070514Th_7,`aV\11<`03@>2XO1;OMNE65JM1Slc0<[S^O2O1O001O11N10000O1001001N10N1YRNHdk17WTNOhk10TTN5mk1JnSN:Sl1GhSN<Yl1EbSN<bl1HTSN7Qm1NiRNO\m14^RNJgm19oQNJVn1k05K5O20N2O11M5K`0@5Ia[o`2
20110531070514Th_8,mbR\21a05CKM2bok0NdPVO0I0O000000000_om00`PTO00000QPN000O10O1000010O00QPj00noUO1[PNOZo12:0RP4Ni\W_1
20110603123034Ch_1,kahe12_27fNKPOi0`0WOkjW21ZTjM4L2N3M3M3M2N2M3N2O2M10000O1001O001O0O1O1000000000000001O000O1000001O00000O10000O10001O01O00001O0010O010O0100O011N1O1O01O102N000001O1O00O02O001OO11O1O00100O000O110O1O3L2O1O1O1O000010O01O01O01OcPNA03Po1i00O1010OO1O1O2O0O1O2N100O11OO01000000O01000O01O1O01O01O1O001O001O001O010O00001O0O2O010O0100O10O0100O010O01000O010O01000O0100O10O100O010O1000O01O00010O010O01O1O2N1O001O1O1NZYal1
20110603123034Ch_2,[j\d0>9J<a0OXOH4HNilk01mRVO4M2O1N3N:G5K0010O010O2N2N1O2N3M1000O010O002M3M2O1O0010O1O2O1O3M0O2N100O00001O10O01N101OO100O1O01O01OO101O1O1O01O1O010O1O100000O2O0O2N1O1O1N[RYV3
20110603123034Ch_3,fYXf1;;4<O<HA17Ma15SNHof11^YN0eoY36VogL3M3L6K3N1N3M2O001O000O100001O0000000O100000001O001O0010O0003M001O1O10O10000O011N011O0O101O1N2O2M001O0001O10O01O0O1O2O00000O2O000O100O100000000O100000O10001N10001N1O10001O000O2O001O1O001O001O1O2O3L8H3M1O2OO2OO01O100O1O2N1N102N001N3N001O2N001O1N101O1O0010001N20OO010001O8H00001OO0100O010O1O01O1O001O00010O01O010O01O01O00001O10O01O0100O1O100O101N100O20[QNROTn1o0hQNUOXn1Z1O100O01bNgQNT1Yn1jNiQNU1bn1O10O0001O0000001O00001O00001O10O02OO101O1N10O02OO002OO0010O0100O00010O00010O010000O10000O010O001O0000100O1O1O001N2O00101OO2O<D6J2M9GO2O0O2N110OkQNYNQn1h1mQNYNTn1i10O2O0O3M101M3O1N3K4N2N4I6L4KeRX3[Ol[k^1
20110603123034Ch_4,R^bg02111`00F1H4562JKNN19MJOM020OUmm03bRTO3M3M3M3N2N101N2M3N1O2O2M3M3N1N2O10O002L3I9J5M1O10O001N100O2O001O10000010O01000O1001O3M2OO1O0O1O1O1O1O101O1O000001N101O6bQNVOZm1h11O1O0O2N2N3M2M3M2M4B=FmPNBXo19:N3Ki_gR3
20110603123034Ch_5,bVYk1178OI;4470GZoS1OmomN2O1N2N10000001O00000O10O10O0100O001O001O000010O01O0O100O100N20OO20O0001O002M1M4L30OO101O1000ON41N00101N2M3O00001O001N100O100O0010000O100O2N1O2O2M3Llhln1
20110603123034Ch_6,]WSU111074h0OYOMO8KI0O_oU18RPlN3M3M4M2N1O2M3N2M3K6LHaQNSO_n1l0:1N11O1001O1O100O1OCTQNGmn14]QNFcn18d0O01O00001O1O1N2O1O10000000O1O10000000O10000O010001O1N101O00000001O000001O00001O001O002N001O1OO1000001O010O00100O10O100O0101N10O1O2M2O3J_glc2
20110603123034Ch_7,aWmR2142205>L@ZPf02Zo[O2O2N1K5M3O1O0010OO0O2N2OO1000100O0O2O0O2O1O1N200O1000001O01O001O1O01OO1000O10001N100O2O010O1O100O1O101MThRi1
20110603123034Ch_8,[WeR21`036M\O532^Ph07lnYO6J2O2O01NHZOXQNd0So1M3M3M2O2N1O0O2L^ON_QN1Vo12O00010O0O2eo7K^PJ0do30^PJ0O100001O10jo90UPF0:0\O1dPNO]o10dPN0\o10cPN0]o11bPN0^o10bPNO`o10_PN0bo10]PN0hgXi1
20110603123034Ch_9,WWcT11:8G1g0G@5L2<KB4:NmnS1OaPnN4M2M3N2M2K5M3L45JDZO`QNd0on1N3M2O001N200O1O2NFOePN2Yo1IhPN=Xo1AoPN9Qo1GRQN5`o1M]n7NdQL0cPJ0\o10D0mPN0So10lP20coM000^O0TQN0^o10[O0dP20QPN0000000dPN0hn10d000000O01000O0fPN0fn10ZQN0[o10\O0XQN0[o11000001O00010O00O1000000O1000000000000000PP20PPN0_gPe2
20110603123034Ch_10,cc`R12k03_O4KI4426b0GXO2]li06RSXO5L2N1O01N2N1010O6I7J2N3M=C5K4N8H3OUNWRN[1Yn10O19G1O6JOO2O7H7I2O0O0010O7J2M2N2O1O00N2N2M6J101N2O0O10O0001O001N100O2MWWWi2
20110603123034Ch_11,n_`X2131c02Yoc0Moo]O2O0O1O20N1O2NU_[f1
20110706164014Mh_1,Wnjh24Q1N\OO97[OJnma09cQ@6L5K7J3M2O2N2:H2M6J0O1O1M1001O00N2O1O00N2O1N3N1000O010O1N101O0001O000001O1O2L[oRT1
20110706164014Mh_2,XXQ[2118d0L]Pf02en[O3N1N3OO0100O10OO2N1N2O1O1O1OO1000O2O01O01NN3O101N2OO2M1111O01O010OO2N2N3N100O10000000O10O01O1O10O2O1N3LYgn`1
20110706164014Mh_3,[cbd219382AL:250`mc00iQ^O6L1O1N2O2N1O2N1007I1O01O001O0O1001O00hPN2^n1N\QN6en1b01N1O1N2O1O1N3D<O2O0O1000O1000O2O0O2O00001N1000O0110O0000003LdZaW1
20110706164014Mh_4,mWoX221On0:HL_O0U14mmS1K[PnN7M4N001O100O1O1O100O1O1O0O10OON41N101O000O1OO1101OWOSQN`0ln1@WQN;ln1EUQN:Zo1OAFWQN:Xo10AFXQN:Wo1OAGXQN9gn1G[QN8dn1H]QN0B0So10]QN0fn10[QN0dn10]QN0bn10_QN0Vo12YON`QN3_n1MaQN3^n1MdQN2\n1NdQN2\n1OcQN1]n1OdQNO]n10aQN2`n1N_QN0cn30[QL0hn11WQNOgn12c0NiPN0Zo100010O010N1O1O10010O10O100OCNnPN1ao10AOnPN1Ro1OoPN1nn11SQNNmn12TQNNln12SQNOmn12RQNNon12oPNNSo13iPNOXo1;4KZgj`1
20110811121534Ch_1,TdRm02f01A5_12QOL8O7:gmk1GlPVN2N3M1O2N100O1O1O010O0010O0010O010O1000O010000000000O10O100O01O01O00001O000000001O1000000O10000O10O10000O1O010O010O010O010000000O010O1O010N110O0N2M4N1O1O11OO1O1000O100N2M3O1O10O011O00O010001N001O011N0O020N101M3O0N20001OO20O001M1TOl002N020O010000O200N2O2N1N3M3M2N3N2M2N3N1N3L5K4J7JbZYh2
20110811121534Ch_2,]^kb2126OM?NG1J76HJO51K190NOgnQ10]QnN3mn14iPN4To1=O1O100O10000N20O0100O10OO2O001O10O01O1O0O2O1M3N2OVO^QN8an1c0100O010O01O010O01O000O100001O0O1M30001O1O100O0100O1bNdQNW1^n1gNcQNX1cn1O2OO01OM3100N2L4L4O1O2N2N2N1N2O001O1O1O2M5B_PN2b`XW1
20110811121534Ch_3,a\`o0=329GenS1MjPnN3M3M3N100O2O000O100000001O001O011N2N1O1O0O10000O100000000000010O0000O2O001O0001O00000000O11O001O4L1O1N100O2O000000O2O1O2SOoPNg0Uo1O3N2M10000O100O1O100O1000000000000002N10O100000O10O2N1O5K1O1O2MZb_i2
20110811121534Ch_4,kjXj2174131KK2go?NnoA5M2M3N2N1O1OM5O001N2O0010O01O0100O00100O010O00000O1N20000001O10O10O10000O1O1O1O2N2NkTaR1
20110811121534Ch_5,Vh\\32n1:OKTNM90KO`08Xji0NhTXO4M100O2N1O2M3N1O2O001O100O1O1]RNWOok1i0dRN\Ok08[l1h0_SN\Oal1c0ZSNCel1<VSNJkl14lRNoNOo0Tm10oRNROLo0Tm1NQSN=nl1BRSN`0ml1^OSSNe0kl1\OSSNg0ll1ZOnRNm0ol1T1O0000a0@111M00O000O01001O2M0000000bMiSNS1Xl1iNmSN0F3^l1IQTN1C5^l1XOdTN2[Oe0_n1N10O10O101N2N4G[SY?
20110811121534Ch_6,Radn14b0MG120mnk00dPVO4M2O1N3M1N3N1O1O1N2O100O10001O0O2O1O_OmPN6Ro1IoPN8Po1HQQN7on1HRQN8nn1HSQN7mn1HTQN8ln1HUQN7kn1HXQN6hn1IZQN7fn1G[QN9en1F\QN:Uo10001O000000001O000000001O0O1010O0000001O00000010O01O1O00001O001N10000O10000001O8H3Lf]ok1
20110811121534Ch_7,b_bn13^11P13ZOLW11gN;aNBRf[10eYfN0dPN0in10XQN0fn10\QN0cn10^QN0bn10^QN0an10`QN0`n10`QN0`n10aQN0^n10bQN1Q11Zl1O`SN8_l1GaSN;lk1FQSN0P1<mk1ETSN1j0=Ql1CTSN0h0`0Sl1AUSN0f0`0Ul1ATSNOf0a0Vl1@TSN0c0c0[l1[OQSN2b0f0]l1YOoRN1c0h0_l1VOnRN2a0l0^l1ROQSN3>n0`l1oNRSN4=m0al1oNRSN4<n0al1oNSSN3:P1bl1oNSSN19R1dl1mNSSN16U1gl1jNSSN14W1il1hNSSN11X1nl1gNQSN10X1Pm1hNoRN00Y1Qm1gNoRN1MZ1Tm1eNoRNk1Qm1UNoRNl1Pm1TNPSNn1nl1SNQSN5Ij1dl1QNbSNM9m1Ul1UNbSNL>m1Pl1WNbSNK`0m1mk1XNcSNKa0l1nk1WNaSNMc0k1lk1WNaSNNd0l1ik1VNdSNMd0m1hk1UNdSN1b0k1ik1SNeSN4b0i1hk1RNfSN5e0g1Pl1XNUTNe1_k1VNgSN5n0d1Xk1WNkSN3R1d1]k1ZNfTNg1Wk1YNjTNh1Tk1XNnTNh1fl103L2N2Nf0ZO4L01N2N1O3M010000O1O0O2M2O2000O1WQNMdm16oQN<im1Q1M2O1N02O2N3L3144H0M1M3M3MXNjRNi0Sm1SOTSNl0jl1PO[SNQ1cl1lNaSNS1_l1jNfSNV1Xl1eNPTNX1`m1M5J3L3M3M2O2M5J4KVWei1
20110811121534Ch_8,Yc^U3237:I14432ILOB1:0Xo;4SPF7I3N10OO011TOBVRN>im1GRRN:nm1HPRN8om1KhQN<Wn1GeQN<[n1EdQN:am1_OnRNU1il1ZOQSNh0ml1\OPSNd0ol1_OoRNa0Qm1V10WNkRNWO4T1Rm1EjRNWO6g0[m1;dRN]Oem1b0ZRN]Ojm1b0URN]Onm1Y14J8H4NO02O1N3M3K5\OX\Sh0
20110811121534Ch_9,[^ni06:LN0K43KM2<NF1O3jmc0NUR\O6\o1;L3N2N001O1O1O1O001O001O001O2N10UOTQNg0en1XO]QNh0cn1SObQNm0jn1OO010O0000001O001O2N102N17J0M101N1O2N2O3L2O1N2N1O1O1O2Md_]R3
20110819131834Ch_1,\jRo11V12QON91M0=1blY11^RhN4L3N2O1N2O1O0O2O10O01O01O00100O001O10O01O1O00001O000001O001O001O1O1O2N1O1O1O1O1O011N011OO20OO110O0010N2N1O2N1O1N2O1O1O2O0010O0000100O002O0N201M3O0O2O0N3O0O1O0001O001N2O1O001O0010001OO2N1N3N0O2N1O1O1N2O2M3LURSi1
20110819131834Ch_2,[ePd03202e06_O`05CKM1OLe00ZO2<OV17bNEokY17jRhNl0Aa0Ab0WRNPNcl1l2J5J5K4K5I6K6L3M3N2N1N3N2M2M3N2KSNdUNaNZj1]1PVN\NPj1l0VUN^NQ1c0hi1n0QWNPOoh1m0VWNQOih1j0_WNSObh1j0bWNUO^h1g0gWNWO[h1f0iWNXOVh1g0mWNXOSh1g0QXNUOog1l0RXNROPh1l0TXNoNng1Q1`3O1O1O1001O00000000O1@^QNBdn1<`010N20O0001O001O00000000O2OO02O00001OO20O01O00001O001O1O001O10O1O10000O01000O1010O0O101O2N1O2L4KWYiT3
20110819131834Ch_3,QcjY11f01S11Una2Ono_M3M4M3M101N1O2O0O1O100O10000O100O100O100O1O1O100O100O100O10000O100O10000O100O10000O010O1O10O01O01K4000010O01O100O10000O1O01000O0100O001O00000O2OO01J5010000001O000001O0010O0001O10O01O10O01O10O0100O001O1O001O1O010O1O01000O010O10000000O10000000000000000O10000000O10000000001O00001O100O1O00010O0001O00001O010O001O00010O1O00100O1O1O1O1O002O5J1O1O1O010O001O010O1O0010O00010O010O10O01O0010O01O1O001O001O001O0O2O0O100000000O101N1O1O2M201M3M2O4Jc[mU2
20110819131834Ch_4,SchZ1192JOf00YPd10Po[N2eo1M^PN3io1O1OO0BOnPN0Qo10PQN1`o1O^O0TQN0^o100000000000000000000000PP60PPJ000000000000000000000PO0oQ:0QoE00000O100O1K4100O2N10O0NMYPN3go12100OoNLXRN4jn10O01O10O010O000000O1O01dni0N]Q\O0X\i]2
20110819131834Ch_5,ienP31g22[MOama0<mQ@?B7J2N2N2N2N2N2O3M1O_NnQNT1an1O2M2O1O2N1N2N1O1O1N2O0O2O1O1O1O000O010O1O001O001O00001O2MgWmk0
20110819131834Ch_6,SfbS31:1log02boYO9J4M2M3N1O100O2O0101O001OO01O2N1O2M100001N10001O1O11N100O1N100O100O10O0100O10O01O10O00010O01O01O000000000001N2O100O0O2O1NhWig0
20110819131834Ch_7,d]ko01T10C1ZO044NLN2lmk00oQVO3L4M1O001N10001N1O100O1O010O011O1O2M3N100gQNYOWm1h0dRN]O[m1e0SRNLmm1T11N2N4L2N1O1O1N2O2M2L5K4L4M3N3M3L5JTadl2
20110819131834Ch_8,e]WQ1144MMo03QOM401064mnk0K_oC0XQB0_QN0Qm10a10]aTm2
20110827141254Bh_1,`efX34149KM:o0GlN6OKd01EK51n06TO43LMKo00cN0j0N]em14\YTNi0YO9I2M:H1N2N2N2O2O3M0010O1O1N2O3M3L6K2N1N5M1N1N21O1N100O3NO12NO0010O1O02O01N011O0OO3O1N02O010OO10000O100O010O2O0N201N0O2O10OO20O100O010O10O2O10O0O1000O2N011O1OO02O01O010O1N2O4L0O4N1Na0^O2OO3M1O2M7I2O2M2O0O100O3OeQNSO`m1n0[RNWOae1ESbNV1SH\Omm1[13K4M3N2N001O1O2N1O2M2N2N2O0N3O0N2O2O3M4L0O3L4LnFCgbN:Z]1F`Y^12noaN1OOe3OYSY;
20110827141254Bh_2,`kZP2195;54MOMGLblS22lRnM3N1N2N3N1N2O001O2N001O010000O01O000010O010O1O10bPN@]o1`0100O00000010O0001O0001O01O0001O0010O00001O10O01O010O0010000O0100O00010O0001O0000000000000000000O1000O2O0O101O0O100000CePN5co1000O2O0N1O2J6O2O0O01000O100J]OPQNa0Po1@QQN?on1ARQN>nn1AUQN<mn1CSQN=mn1DQQN=Po1810001O001O0010O00010O1O000100O2O1N1O2N1O10000000O01000O100O10000O2O0O10O11N10001O1O1O2M2O1O1O10O010014MM2O1M5K1O0O2O3L4L4L[QSc1
20110827141254Bh_3,WmPo11403270jn=0dPD2N2O1O1O100O001O1O1000001OFePNNZo1<100001N11O00O10O1001O001O1O01N101N1O2M4LfQYn1
20110827141254Bh_4,VlnW21j15^NKK3UnY2MmQTN0koE0QP20PP20noI10O011ORP40[Q84anC0NO2OO00000O10O01O00OK2\QQc1
20110827141254Bh_5,S[R_25=NF2doc0LWP^O2N3M3M2N2O2N0001O001O000N101O0010O010O01O010O10O010O0100O10000O10O2N100O1O100O10O2N1M3O2Lid]]1
20110912142254Bh_1,jbd\22444Ma0=e0D[OM01J2_i1MQWZ27bneM5M2O1N1O2O001O0000O011O0O10000000000O10001O0001O0000010O0010O0100O10O010O01000O01000O100000O1000O10O0010000O1000O10O11O0000001O000001N10001N2O0O1O11N10001O00001N100O010O100O000010O00010O0000010O001O1O010O001N2O1O0010O01O00010O0100O100O2N2N100O100O10O1000O010O0100000O0110O00001O000O110N10000000O1000O02O0000001O0000000000000O11O001O0000001OO10O1000O10000O100O00100O1O001O1O2M2O3LXXoT1
20110912142254Bh_2,V\UR2264g02KJ<81JL6nmc2KiP^M4N2N101N1O2N100O00100O001O1O10O0010O10O100O10O010000O10O10O10O0001O010O01O01OO10001O0O101O000N2O2O000N2I7O1000O1O100O11OO1000O11OO11OO10010OO1N2M3O0N2O10H8O2O010001O010N100O20OO2O0O101O1N2N101O0O20O01O1O010O01000O01O10O1O01O0N2O100N3K3N4M111OO100N30OO1O2O1O1O0100O01000000O10000O1000001O1O001N10000000001O00000000000000000001N100O2O000O101O001O01O0000001O1O1N100O2O0O2O0000001O0000001O00001O0000001O1N2N3M2NYb\^1
20110912142254Bh_3,Uclf02167J56F0OJ;7J0O2e0LN2hjo0OTTRO7J5K6K4L4M5K2N2N10000OnNdQNa0[n1]OjQNa0Wn1\OmQNb0jn1O3M00100O0100O0001O0000000O1000O011N`0@2N1N2O2^QNiNWn1b1N1O1O01_NPRNQ1`n1O3O0O8J1OO01OO00O2O4L2N1O10OO10000O100O1O01O00000O10000001N1O2M3N\X[S3
20110912142254Bh_4,_XfW22:35MB5a0014DKNOh0ME7olc03nQ^O9H6L3O0O100O1O1O1O1lNXOPSNi0kl1]OSSNc0il1CSSN?hl1GTSN=il1FnRNb0Qm1W1N3M3N2O2O4K7J3M2O20gMeSNg0_l1SObSNm0bl1kNiSNm0Zl1lNoSNP1Sl1iNSTNU1_m1M3M4K4M4L3M3M1N2O0O2O2M3M3M3L^cid1
20110912142254Bh_5,_bhe1182j0NPO1g05R1K]ko15_RRN4N1N1O1O1O1O100O1O1O10O01O010O00100O00001O00010O001O010O010O0100O010O1O0O2O10O0100O01000000O2O001O002N2N2O5J0O2O1N2O1N101O001O1O01O106I2N1O1O000000O010000000001N2O1O3N0O1000O001O1O1O2O2M2OO10O100000O2QORQNi0Wo1L1N101O0O10VQNARn1?kQNDUn1;jQNHTn18lQNITn17kQNJUn16jQNKUn15kQNKVn14iQNNWn12hQNNYn11gQNOYn12eQN0Zn11eQNO[n12bQN1]n10aQN2_n1h0O01O00100O1O2N1O1O1O1N2O1O1O1O001O1O0010000O100O3N1O0O1O1O1O1O001O1O1N2N5J5JkYWn1
20110912142254Bh_6,[`Yf1160519O^O16<KCbo?5SPB3N001N1N1O2N2L3XOFlQN;Sn1JgQN7Zn1KcQN6^n1d02N1O2N2M4M3N2N1O3L2O2N2N1O1O1O100O010O101N2N5IQ_nV2
20110912142254Bh_7,Vf^b22g0OJ2ONSme10]R\N0O010O0^o10UQL0]o1000^O0b0000cPN0jn11c0O000010O000QP40ooK000oo10QPN00001O0O1lPNNZn12fQNNZn13fQNMYn13gQNNXn13hQNLXn15gQNKZn15i00102N2M00000000O01000O010PP20PPN000QP20ooM000gP60^o30koE000O10O1000hXWW1
20110912142254Bh_8,Y___128O566MV14YN5e0I^O2O3OI592G:l0^OTO18NF]mi17URXN7I6L5K6L2N2N1O002N02OO100O11N01001O0O2O000O1O1O00000000000001O00001OO101O001O0O101O1O1O1O1O2N2M3N2M2O1O001N3N1O1M4MQk]13kTbN6J5J4L6K3LAXQNNbn14aQNK^n15bQNL\n15eQNKZn14gQNMUn14lQNMRn13PRNMmm14URNMfm13]RNNgm1MZRN4e2Bfg14fUN:c2Gfg1LhUN;d2J^h13gWNMWh11lWN0Rh1NRXN2lg1I[XN8ag1I`XN9]g1GeXN;Xg1CkXN>Sg1BmXN`0Qg1_OPYNd0Tf1[O^VN2_3d0Sf1YO]VN3`3g0Qf1WO]VN2c3h0oe1WO\VN1e3k0me1TO]VN1f3m0le1RO]VN2g3m0ke1QO]VN2i3n0je1oN]VN3i3o0ie1nN]VN3U23lNm0ah1lN_VN3S2;hNf0Ti1POTXN=eNc0Wi1POTXN>dNb0kh1lN[VN4W2`0aN`0nh1lNXVN5Y2`0`N>Pi1QOPVN3a2`0]N<Ti1YO_XN<\N:Wi1VOaXNa0VN9[i1SO`XNe0TN7[l12[SNMhl17RSNIol1b13L3N2O1O2M2N3N2L3M5C>oNhQNJfn1OY\jU2
20110912142254Bh_9,lkX`21k21Uk=0bQD`0XRN@fk1c0PTNHnk18oSNKQl15nSNLRl14lSNMVl14bRN]O8N=a0kl1<dRNVO<?Rm1;`RNZO;:Xm1g0gRNYO[m1f0eRNXO`m1f0^RNYOem1f0YRN[Oim1d0TRN^Oom1X14L3N0O101O3L2O2M2O2M3M3M2N2O3L3M2N1O1O1O6H_QQ]1
20110912142254Bh_10,n\a[22874Hmni10ePXN100O1001O1O10oo]11ooaNO0100000001O0jPZ1NXoeN00000O2CNiPN3Xo1NePN3[o1NcPN2`o152K\bX^1
20110912142254Bh_11,mlZ`21P11DO_O060Xnc00\Q^O5KLYPN5eo1K^PN2ao1NcPN04OVo10jPN0co11O00OM2`PZ1OgoeN4SQo\1
20110912142254Bh_12,g`nf032Q12YOc0J10]O48NG26N?L25AHFO[jm03ZUTOa0A1O110O1kQNYOSm1g0R111O1O3N3MmQN_Ohl1>VRNIa0I[m1;RRNGO0in1:UQNF60bn1a0cQN]O[n1c0hQN^O0O_m1d0WSN\OPl19RSN=Q1ZOhk1?PSN:Z1WOck1^1`TNbN[k1_1UTNaNXl1c1m03eSNZN`j1g1bUNYN\j1e1o1O2M2L3H:K5M4N2N2N3N1O2N1N4L4LWU4ITkKO011O10O0QP20moM10OSP40ooM0ooM000O10O01O01O01O0000O10nWgS3
20110912142254Bh_13,h][S221180Y12QO5o0I]m]1OVQbN0jo1000O1BNmPN1Ro1OoPN1ao1O00oo10Zo90fPF0dP40\oK0hok00XPRO0To;0jPF0QPN1N0]ok0OdPXO000RPL0^o38YPLM4N3N101O10O010O0iP:0WoE0O0001000O020O000010O010O10O0Va^d1
20111015063134Lh_1,YcPP21<`0IDe03ZON4N1M]l10PTl20VoSM4M3O0O2O001O000000001O000000001O01O000001O00000000000001O00000000001O010O000010O001O01O01O00010O001O010O1O001O1O0N3O1N101O1O010O010O010O001O0000000001O01O01O001O001O1O1O1O1O00100O1O100O1O1O010O010O10O10O01O100O100O1O100O0010O01O10O0001O0000010O0000001O01O000000001O01O0001O0000000O100000001O00000000O10000001O01O00001O00000001O01O00O1000000O2O00000001O0001O000001O010O001O010O0001O01O0001O01O0001O01O01O0000010O01O010O0010O00010O001O001O000010O00010O00010O00010O0010O0001O01O001O001O001O1O1O1O2M2O2LSZY]1
20111015063134Lh_2,Qhhk01140N681GM3324JimY19`QhN4L2O1O0O2O001O00001O0O01000O2O0O100O1001O000O2O001O1O1O010O10ePN_OVo1a0hPNAXo1e0N1L4N2O0UQNSOcn1n0[QNSOdn1V1O001OkN]QNm0Ro1I010O001O1O1O1O01O0100[OjPN>]o1O100O001O001O000O1001CCkPN52:Ro1<N2000O00O1M3O1000FVQN]Ojn1d0XQNZOhn1e0:O1L5N100O1000O010N1010O001N1O2N011O0O2O1O2O1N2NVW_l2
20111015063134Lh_3,oTSj03<4JJN2M?1@205Olmi03RRVO5To1MiPN;Po1HmPN;Po1=N0O2O1O1O000O2O1O2N10OO2O3M1OXOfQNKXn15kQNIUn16mQNITn14nQNLRn13PRNLQn12PRNMRn1JWRN5jn10001000O001O01O00O2O0001O002O2M10O000000001N100010F]PN5co1I`PN6fo1O0O4LRidQ3
20111015063134Lh_4,TUm<51S12ROOInme0NoQ\O0_Qf03]nYO1O2M201N100000001O000O2O001O0000000001O000O100O10O010O001O10O10O1000000O1KCgPN=Xo1EfPN<Zo15O1000O001O010O10O010O10O100N2O1O010O1O001O1O001O01O10000O10000O10000O1N201N100O2O1O0O101O0O100O10000000001O1O1O1O1O1O001O1O1O1O1O00\OZQNOen11\QNNcn13_QNKan14fQNGYn18jQNFVn1:kQNEVn19lQNFTn19mQNGSn17oQNJPn14SRNKnm12TRNOkm10VRN0jm10VRN0km1NWRN1im1NXRN2ln1O1N\ilY3
20111015063134Lh_5,YbZo21420N6001I01O51KOkn_11nPbN3N0O2O001O010O001O0001O01O000010O011N010O10O010O010O010O010O0001O10O000000000O1000000IJdPN6[o1KePN5[o1LcPN4]o1McPN3]o1NbPN2]o1900O1O1O010O1O100O1O100O1O1O00100O100O100O10001N101O010O1O2N2N1O101N2N010O01O100O001O2N1O100N1010O01O2O0O2O000O1O010O1O010O00100O10000010O01O000O100N3N2N5Eo[Wg0
20111015063134Lh_6,h`QS23;0KON02106]oW1HZPjN3O0O2O3M2N001N2O001O001J410O10001O001O010O00000000000000O100000O1O1O100O1000000000000000O10001O000O2O000N2000000000000O100O00001O001O1O1O00100O0100O1O1000O1O100O101O0O100O01000O0010O001O000001O1O0O1010O0000010O1O01000000O1O1O2Nm^`d1
20111015063134Lh_7,^iXT115118NI9171E37KO3HMWlk00]SVO5L3N2O000O2O4L3NOO2O00O10002N1N20O0O101N1O001O2O1O1O3N3M0000002N0110N2M4M09F5LO5K1N2N2M4M3L3N7I1O000000000000000001O01O0001O1N2O0O2N10O101N2M2M5MWSWf2
20111015063134Lh_8,\bVR3142N25Md0OYO005dnW1MTQjN2NOXPNMgo12ZPNNfo124O100O10O0000010no30VQf10mn]N0ooG0RP>0PPF0noK0QP20ooM0QP20ooM010TO0fQN0[n10nP40QP20loI000R\]g0
20111017113714Th_1,e`X\223O027N81kP>`0imC>Cd0^O8H6D;L4J7L3K5M3O_NeSN^O[l1;STN_Omk19`TNWOfNNjl1g0U2N1N2O2M102M2O2O1N2O00010O1N2N2N5Jf^Ya1
20111017113714Th_2,bh`d11U20kl_11kPbN6L2N2N1DDRQN?kn1=O1N101O1O1O1O1000O105K5K2N1O1O1N3N1O01O01O00O10000O100O010O01O010O00000010JAhPN`0Vo16N101000000O101O00000000000010O010O1O1O1O0010O001O00100O0100O10O010O010O01O00010O001O0001O00000000010O01O001O00001O1O1O1O1O001O100O1O010O1O100O1O1O1O1O2N2LiTYR2
20111017113714Th_3,SQ]i22=7HH82HOb0O30J27Oemi05WQXO5M2M4K4M3L4M2O1N2N2N1O2N2N1O3M3M3M3M3M3M2M3gNSN\TNo1_k1XN\TNk1bk1YNYTNi1fk1]NdSNA6T2Ul1X1O1O1O10O0000001N1O2O0N3N2OO02N2N2lNaSNdNbl1Y1jSNWNal1c1n00O11N1O2M2N3J6L4M4N2M3@e0EomPR1
20111017113714Th_4,__of2193MO3NJ27OH312b0Koni14SPXN3M4L3N3O0O1O101O0000000000000O10000O01001N01000O1000000O1000O1000000O100O1O1O1O1O1O2O0O001000O0O2O0100O0NcPNC]o1;OEfPN<Wo18O2N101N2O0O10000001O002M2O1O000O01000O01O10O100O10O0100O1O01O0010O0100O01O1O010O100O010000O010O010O1O010O0O1N201N1000001OO2O0010O01O100O10O0100O001O010O1O100O1O100O1O2N100O1O2N2NP`Rn0
20111017113714Th_5,dcZl211330SPh1MeoYN4M3N2N101N10001N10000O100000000000O10000001N100000001O0000001O000000000000001O0001O00010O1O010O000001O000O1000001O000001O00O2O00001O0000000000000O10000O1000001O0000001N100000O10000O1O101N1O1N3O1O001O0010O01O01O010O011N1O100O00100O1O1O100O010O0010O001O001O001O00001O001O001N2O1E`PN2bo1LbPN1lZUi0
20111017113714Th_6,_^PU11401456JIjn?5hPB5L2N2N1O1O1O1O101O08H1O0010000O0100O2N1O00000O0100O1O002N1O010O0O101NT`Wh2
20111017113714Th_7,jibb02220N16N00K`oa05WP@1N2O00000001O01O0O10O0100O1O2O0O10O0100ON2000O110O10O1O100O010O01O10000O1001N101C[VWZ3
20111017113714Th_8,i^aj11:1k00TOOH5Vn;0bQF3N1O001O1O1O1N200002N01000001N4M2M3M1O1O25J4K3L4L2N1Oa_ZS2
20111017113714Th_9,SP]l1180UPb03^o_O3N001N2O2N2N1O001N11O00O2N4M3L110O00000O1O1O0N3K23M3N2N2O2N3M3N2N2O0O3N000O2N100NSo\P2
20111017113714Th_10,Yf\a1290n1OVN2E2m0OZOMJ5Zl_2K^SbM5M2O0O1M31O2O01000O1MdQ8M_nG3M2O2O2OO01O1O10O0100O1O010O2N1N9HNnPNXOPo1e07O1O2NQQN^Ocn15QQN3?I^n12oQNMQn13PRNMPn11QRNOom11RRNOmm11TRNOkm11R101O10O1TQNOim10WRN0km13PRNMSn15hQNK[n14k0NgPNNbn12h0OcPNOjn11TQNOnn10QQN0on10RQN0_o10^O1RQNOnn11RQN0mn1OTQN1ln1OTQN2jn1OVQN1jn1NWQN2in1NWQN2hn1NXQN4gn1LYQN4Yo11]OKYQN6fn1J[QN7dn1I[QN7en1I[QN9cn1G]QN9cn1G]QN:bn1G^QN8Zn1KWQNM`09Wn1IoQN8om1GRRN:nm1ESRN;mm1ESRN;mm1ESRN;mm1ESRN;mm1DTRN<lm1DURN;jm1FVRN:jm1FVRN9km1GURN8lm1HTRN5Pn1JPRN3Sn1MmQN2Tn1NmQN1Tn1OkQN1So10ROOkQN2Un1NjQN2Wn1NhQN2Xn1OgQN1Zn1NfQN2Zn1OfQN0[n1OeQN2Uo1O010O10O010TOOgQN1Zn1OfQN0Zn10fQN1Zn1OfQN0Zn10fQN1Zn1OfQN0Zn10fQN1Yn10fQN0[n1OeQN1[n1OfQN1Yn10fQN0[n1OeQN1[n10dQN1[n1OeQN1[n1OfQN0Zn10fQN0Zn10fQN1Zn1NfQN2Zn1NfQN3Yn1MgQN3Yn1NgQN2Yn1MgQN3Yn1NfQN2[n1MeQN3[n1NdQN2]n1McQN3Uo10YOMaQN3`n1M_QN3bn1M]QN2en1NZQN2fn1OYQN1[o10^ONVQN2kn1NUQN1ln1OSQN1nn1OQQN1on1ORQN1nn1OQQN1Po1OoPN1Ro1OnPN0So10lPN0Uo10jPN0co10E0XU_R2
20111017113714Th_11,^c\l211031OO03a1Obl[2NhQjM0QPL000000000000000oo50QPJ000O1000000O100000000001O001O010ORP40ooM0b00jn10WQL0\O000QP40ooK0[O0ZQN0fn10ZQN0\o10O0YO0^QN1an1O`QN0`n10`QN0`n10`QN1_n1OaQN1_n1OaQN1_n1OaQN1_n1OaQN1_n1OaQN1Wo1000WOOcQN2Uo1000010O00UONhQN3Wn1MiQN3Wn1MjQN3Qo1001O0O10000O0001M2N21N1100O1000001O000010O010O20O0O10PP20PPN0000000QP40ooM0Yo70]QD0Yo10ZO0\QN0Zo11O0[OO[QN2Yo11[OM[QN3en1M[QN5dn1KZQN6gn1JXQN8fn1IoPNO2:Po1FlPN419Qo1=8IO01O1O010O001N2O1O1M4LoZYh0
20111017113714Th_12,ZUod11j02:NSO52K]mi09oQXO3M10001O000000001O001O01O00010O00011N0010O010O0100O10O10001N1000010N2O10O10O0O2O1N5K2N2N2O1O4L10N3lNXQNk0Qo1M3N1N1O1O1O1N3M2O2Ldh\V2
20111017113714Th_13,\cnk2164NLN1d00@2545Jdl1O_Sn40\oUN0ePVM0\oG0PPN0RP40noK0O01000WPR10joQO0WO0gPL010O017H06K1OO010O010aPNOmn12RQNNon12PQNNQo12lPN1So11iPN1Wo1<10O1O010O1O1O3N1N0001O01O000001O1O001O000000O01000O10000O01000O010O01O0L5O1O1O1O001O1O2N1O2HW[[e0
20111017113714Th_14,kWia21V12UOO\n95QQH2N100RQNJRn16jQN0Tn11hQN3Vn1NiQN4Vn1LdQN;[n1E_QNa0an1>10000N2G9M3H7L5M4M3N1O3Mhg`\1
20111017113714Th_15,aTiY325OM155LN1N>O@2OO0O670O:IG2=1^Ok09WOXnc01PQ^O8K4M1O1O2M201N1dM_OXUNa0hj1CTUN>ij1GTUN9jj1KSUN4lj11XTNWOHk0lk15lSNn0Tl1VOiSNi0Wl1[OeSNf0[l1[ObSNf0^l1[OcSNd0\l1]OfSNa0Zl1_OfSNfN2`1Yl1LbSNgN2^1\l1KcSNgN0]1]l16eSN\OMTO^l1`1bSN[Ojl1k11120O10N3K4M4N3J5N3L4N3M2N3M3M4M3L3L3M4K6Id0VObibb0
20111017113714Th_16,Tmh\11S21VNOonY18^PhN5K4M0O2O1O000000000001O1O1N8I2N]OJ^QN3bn10e010000O02O0O1O2Nmoo05oooN3L1O2N100O1000000O01000O100O010O1000O001O1O0O2O100O01000O0100000O10O010O001O1L4N2O1O001O1O01O001M3N2N3N1O2O1N1O3L\Rc[2
20111017113714Th_17,RXg[2151L15N:1A0^o;3YPF3O1O10O0101N100O2N2N4L5K1O2N2OAQQNNmn10VQN0jn1OXQN0hn1OYQN1gn1OZQNOgn10[QNOen11[QNOen10\QN0dn10]QNNhn1J[hXb1
20111114063134Lh_1,UZ[]2299>GCOL045[12\N2`0MBK;0enW20iPjM4N1O0O3N000000000001O0000O1000000O1000000O100O10000O10O1000O10O10000000O1O100O1O100O1O10000000000O100000O1000O0100000O100O100O0100001O0000O101O0O2O1N100O101O00O010000O0100O00100O00010O1O001O0O2O1O010O001O1O010O001O0000O10001OO1L3M4J60000O110O00O2O001O010O1O000O200O000O2N100O2O0O1000M102N20O1O0O2O0000O1O01O02L3L4N3L3001L40O01E<H7M4N2N2M4MidfU1
20111114063134Lh_2,^\US1164:LD:;FO5JLI092UoQ21ZPPN3L3O1N3N1N200O1O0N2OJjPNFTo1;oPNAin11VQN?Qo18A]OaQNe0\n1@aQN?_n1a0O101OO101O0000100O100O101N4M0O2O0O1JRQNZOnn1e0TQNYOmn1e09N1O1O100O10000000000000O100000000000O1O1L4O100001O0010O0000001O0000000000000000001N100000000000000O10O1000001N100O100O010O1O100O10O01O100N110O100O010O10O010O10O010O010000O01000O100N20000O1O101N1000O10O10000O2O0000001O1O01O01O0000001O00000O2O1Nhbh`2
20111114063134Lh_3,o[li0i02E1_1N]N1IO5mk1ISUd1a0[n[N3J6M6K1O3M101O000O1001O0O1000000O10ZOlN`RNT1Vn100001O00010O001O10O9H0O1O4L100O10000O1O11OO20O001N10O4M0000O1001N20OO2O000O010O10O01O010O1000O010000O010O01O0O2O001O1O1O100O2O001O104K0000000O02N1O2N010O10O001O0010O000010OO10000O100O1N200O1N2O1000000O2O01O000000O100O100O2N101N101N2Mn`ik2
20111114063134Lh_4,TdZ\21c04^OO:NI36O61J1_l1KYVN0jio00SSRO0000000nRh13mlWN3L3O1O1O2N100N110K4O2ON200LgPNA[o1>301O001O0010O000010OO200O001O01O001N101O001000O01O0010OO20O010O01O010O01O0010O01O1O010O00100O01000O010O0100O010O10O0100O1O10O10O10000O1000O10O100O100000O100000O10000000O10000O1O100O100O100O0100000O1000O100O100000000000001O0000000001O00000010O0001GDmPN;Qo1HoPN8on1JPQN6Po1KPQN4Po1MPQN2on1ORQN1mn10RQN0nn10SQNOmn11SQNOmn11SQN0kn12TQNNln12UQNMkn13UQNMkn13UQNMkn13UQNMkn14SQNMmn13SQNMmn13RQNNnn13PQNMQo13nPNMSo1>2O1O100000000000000001O0000010O0000010O010O010O001O010O010O01O0001O0010O01O010O100O2O3L011PQNSOin1T1O1N100O100O10001N102N01hN_QNn0an1nNcQNS1fn10O010N011O001OO1nN\QNg0dn1WO^QNi0mn100TOPQNf0Vo100O10O01O1O3N0O2N1O1O1O1N2N3LmXUQ1
20111114063134Lh_5,bToP33=246KGJOO0=2j01eN27Mi04JNJO@1W1LPOk0GA6Djc10aed23Tf[M8J3M4M3K4O0N3N1N2O1O1N1O2OO1000O01O1N2O1O1O1O101M2O100O2O00O11O01O1O0000001O0O10O100O010O002O00O00010N2O001O010O10O0110OO020N01001OOO200O100O100O11N02OO10000O1O1001OO011N11O00O2OO01001M20010O0O001000001OO01010N2OO2O01O0000001O0O100O00101O0O10O100O010O1000O001N200O100O11O0000001N11O00O2OO02O000O1O1OI7O1000N3O2M101001OO10O010gXNWO\_1j0d`NVOZ_1j0h`NVOV_1j0l`NVOS_1j0n`NVOP_1l0PaNTOo^1k0SaNUOk^1k0WaNUOg^1k0[aNUOb^1n0W80O00O11O1O1N2O100O10O011N100O2N100O200N101O1N3M3M3M3L6KSVd2MkmYMLm[R=
20111114063134Lh_6,l`hh266K021O32JNO2doe1MWP\N1N3N1N2O1N110O0010O01O01O00O2O001O1JCiPN9Zo1IdPN8[o1610O010O100O010O100O001O01O001O001O0KePNE]o1;4O10O10O1000000000O100000001O000000000001O0O100000000O100001O01O000001O01O0001O0010O00000000000010O0001O00001O00000010O0010O01O0010O00000000]PNI]o17cPNJ]o15bPNM0LYo17gPN2Xo1NgPN3Yo1MgPN3Yo1:10O01O0O101O000O10000O1O010O1O10000O10000O10001N100O2N1O2O1N2NY^Yl0
20111114063134Lh_7,o_TQ133O:1I0_1`0bN^OK3f0026YOOV1KVO6707Khd1N^ZNO:1I0_1`0bN^OK3f0026YOOV1KVO6707Khd1L^]N0R40^`k42ZXVK0N5L6J3M3N1O1N100O101O00001O00000001O001O0001O01O00010O00002N2N0001O001O001O010O100O0YXNYOU`1h0j_NXOV`1h0j_NXOV`1h0j_NXOU`1i0a71O01O0000001O000000001O001N1000001O001O0O10001O0O101O0001O001O010O001O002O0O1O2O2N00001N01O101O0O1000O10O1O1N10002N001O1N2N2M3M3MWQNOkn12M3O0O3L4N1O1O1O1O10O01O010O001O2O001O00001OO5L2ON011O1N11OO11OO01O0010O01O01O10O1O1000O01O0O2O00000001O01O1O001O0010O010O01000O11O000O001000O002O0O1O010O10O00010O000010O001O0000000000000000O100001O0001O00010O0001O0000100O01O01O10O10O010O02O0O110N010000O1O0100O010O1O1000000O101OO00101O000O1O0100O100O0001O0100O01O01O01O10O00000010O10000O010O1O01O0001O001O000000000000000010O00001O001O1O001N3N003L4M2M[Pd02do[O4K2O1O1O1O1O1O1O002O0O10O01O10O10O1O00010O001O101N01O011N0000000000000010O01O00001O0010O0100O000010O10O10O0001O1O01O02N002I`PNJ`o15aPNK`o148N002MlQ^50RhaJ2iWNOd2O]Qkk1
20111114063134Lh_8,TRY_1115:M:1@1]oc0NXP^O4N2AKPQN6on1LlPN8So1:N201O2O2M2N2N100O1O1O0010O01O01O1N2XOWQN8jn1HWQN6jn1JWQN5in1KWQN4jn1LVQN0nn1OSQN1mn1KWQN4kn1JVQN5ln1IUQN7Yo1010O01OO10010O0100O100O1N4KYmV]2
20111114063134Lh_9,^UQY3218a00@K6N21L1:M4OA7;1B1Unm2G\QjM1YPZO0L6M2O1O1O10H7OWQNMjm12VRNOkm1OSRN5lm1KSRN5nm1LoQN6Qn1IoQN8Qn1HoQN9ln1OO1UOGPRN8Pn1HPRN9om1HQRN7om1JRRN4nm1LRRN3Pn1LPRN3Rn1MnQN2Sn1MoQN1Qn10nQN0Sn1OmQN2Qn1OoQN1Qn1NRRN1lm11TRNOlm10TRN1lm1NSRN4ln1O10nNMXRN3jn1O1O100O010O00jn;0WQD010O101N2000011_if?
20111114063134Lh_10,]`PY21561LO0?4HNI0>Mgn?4^PB4L2N2N2N1O0J7H6N201OO002M3I700O1M301O0O2O0O3O000O2O001O0O101O00100O1O1O10000OU_oc1
20111114063134Lh_11,PdTg21221O11c16nNKCNLOil[10QSfN100O10O1000001O00PPf00PPZO000000000000010O000i00_N0iP20ooM001O00000100O10O010O0QP60iPH0Wo30UoM0eQN0[n30hQN1Uo16hoMIZPN1lo100O0001OO1001OO20O0So;0XQN0hPJ0mnK0O10O0001O01O0000000000O0eXYQ1
20111122063134Lh_1,^l^h13W11B0\OOV13kN00Ln10M1PO1d00cN02MPeY13]ZhN;I4K5L2O2N10001N2O1bQN]O]m1c0^RNC`m1b0URNEjm1Y100O11N001O2N10O2O011N0O12OOO02OO010O011N102ON0102M3M3M3M2N1N2N2N2M2N2O2O04L4oQNlNnl1W1jRNQOTm1o1bTNoMOHaf1Z2]YNSNFMlf1R2ZYNUNcN[O=b0fg1o1XYNkNlNZOng1i1UYNUOcNUOXh1g1QYNYObNRO_h1c1nXNb0Ug1\OkXNb0[g1[OeXNb0ag1[O]XNd0ig1YOUXNg0og1XOlWNi0Yh1@YWNa0kh1\OQWNg0Ri1WOlVNj0Vi1TOiVNl0[i1QOdVNo0`i1nN_VNR1ei1kNZVNU1ii1kNSVNU1Qj1mNhUNU1[j1U23N2N4K3M8I;D7bNYTNXNjk1`1`TN[Ndk1`1aTN\Nck1]1fTN\Nak1f0bUNlNdj1o0[2J4M3N2M3L6J:BilZP2
20111122063134Lh_2,fcjj02453L03;4FJ24P1m0Xjc1nNYT^N4L201O001O000000O10000010O01O0100O001O1O100O00001O001O00001N101O1O1O1O010O000000O2N101O0O2O1000O010O11N02O0O0100001N101OO100000O10001OO01000O110N010O1001O00002N5K1O001O0001O1O010O2N001O001O1O00001O000101UQNAom1c0gQNGVn1Q1jQN_Nnm1n1MO001N1O3L3M3M?@7UOTQN5_o1LlWYl2
20111122063134Lh_3,Zfna21e04ONIND020SnU18`QlN2O1N101O1O100O10O6K00O01O0010O01O000010O0001O00001O00000010O001O00000001O01O01O000010O00010O001O00001O0O2O0001O010O0100O100O10000O010O10O10000O2O0O100O10O0100O010O010O010O01O0100O1O001O1N2OmWkV1
20111122063134Lh_4,hdjV21i04JO:3\O0JO2N2OZlY11ZShN2N2O2N002O0O101O1N2O1O001O00011N3O0O0O003M1O1O20O001O2N2M40O1OOON10000011O0O100O0000001O000000O4M0O8HAFYQN9Xo1O01O01OO100O1O1O010O1O1O0100O0010O001000O01000O0100O001O01O001O1O01O010O01O001O100O101N2O2M1O^Xca1
20111122063134Lh_5,QjRT3126R21oM0^ma0J[R@5L2O1N4N2M4L2N1O1O1O10002kPNWORo1l03L00O1N6K01O1O100O1O002N2N1O1O2N4L1O0O1O2O1O1N2N01000O000010O0001N2McSYh0
20111122063134Lh_6,TWk`24X33RlQ11]PPO3M2N1O2N100O100O0O2O100O0100O001O1O1O1O001O1O001O001O0010O0000001O0O100O101O0N2M4N1O1O1O1O0010O001O10001N1N201O01O000G]OVQNc0hn1920O10100O10O1O1N3N1O2M2O100O2N1O2O0O3L4IXhnX1
20111122063134Lh_7,[bfR12b08a0G[O3K3amU2NPRlM4L2N2O1N101O0001O01O01O1000O0100O1O2OO10O0100O10O01O010O1O0010O01O010O100O1O100O1O3kPN\Ohn1o001N000010O00000O2O0O100O2N1O1O2O0O2N2N101O10O01000O010O102M100O100O10O00001O100O00100O002N001O100O11OO01000002N0O01000O100O1000O011N001O1O1O10O01O001O010O1O010O01000O10O10O1000O0100O1001N01001OO1100N102N009F2O0O2O0000O11N010001O1O1O2M4L7I1O1O1N3M3LWYc`2
20111122063134Lh_8,dbjR1195>N\OO4043NMolU2NgT83fmcMM_PN1O1ko101N01O01O000000O010O10O00YPd30io]L0RP60noI0QP20ooK0VP`00WP`00eY_`2
20111122063134Lh_9,hdRV221OX13kNMj02_O1a0MfkQ20\SPN000QP21ooMO000100@OoPN1ao1O^O0TQN0kn10UQN0kn10VQN0hn11XQN0hn1OXQN9`n1HaQN7_n1HdQN6]n1JcQN5]n1KcQN5\n1KdQN5\n1KgQN2Uo10SONjQN2Un1NmQN0Sn12lQNOTn10lQN0Un10jQNOXn12m00fPN6Yn1LgQN2[n1MfQNO[n13j0OO00000iPNO^n12cQNL\n16dQNJ[n16fQNIZn18fQNHXn19hQNGXn19hQNGXn19hQNGXn19iQNGVn19jQNHVn17jQNIWn16iQNJWn16hQNKYn17dQNH]n18bQNH_n1?YQNBfn1OPQN=9Dgn1`0XQNAgn1;QQND90gn17VQNG32gn13ZQNLN1in10[QNNM2hn1N]QN0K2Wo1NjPN2Uo1NlPN2So1NmPN2To1NlPN2So1NnPN1ao10O0BOoPN0Ro10mPN0ao11BOl00C0ao10^P20PPN0O01000_PL0To10kPN0Uo10]P20PPN010]PN0Uo10kPN0Vo10iPN0Wo11iPNOWo11hPN0Wo11iPNNXo13fPNNYo14fPNLZo16cPNK]o15bPNL]o1<00O100O100O1O01000000000001N101O1O002N1O0OiPNGin19WQNIgn17YQNJgn14ZQNNdn12\QNOcn10^QN0bn1O_QN1an1N`QN2an1M_QN3an1M_QN3bn1K_QN5an1K_QN6an1I_QN7an1K]QN5dn1J\QN6dn1I]QN8bn1G_QN9Uo100O01O0100O0100O01O01O001O00000001O1O0JZPN1ho131MdWk]1
20111122063134Lh_10,Yhhb02663I27;L@6kmc0K_Q^O1dPN0[o1;jPNCin1?PQNKkn1h0M5L3M1O2N01O1mNdQN>_n1\OkQN>mn1N2N100O00001O2N1O101N10000O11O001O0O1O1O001N1001H_PNObo172N000000O0101N3M2N`UcY3
20111122063134Lh_11,dglP3221Z12ROOFO=2C21J2053M0MN31XkU19PTlN6K7J4M3M10001O010OVOWQN<Xo100O1O001O010O0000O2OO10O1O100O1O1O1O001O1OCjPNF61Qo1f000O2O1N2OO10000JnPN]ORo1`0SQN]Onn1a0TQN@kn1?VQNBin1<[QNFan1:aQNE^n1:fQNDZn1:hQNFWn19jQNGWn17jQNIWn15jQNLZn1NgQN2Yn1NgQN4To1MWO0l03jPNLVn14jQNLUn14lQN0om1OWRNNgm12YRNOfm12YRNNgm13XRNMim13WRNLim15VRNKlm14SRNLPn11PRNORn11lQNOUn12iQNMYn13fQNNYn13fQNL\n15bQNK^n19^QNGcn19\QNGen18ZQNIgn16XQNJin17VQNIjn18UQNGln1:RQNGon19oPNGTo16mPNJTo15lPNJVo15iPNLWo13iPNMXo12hPNNYo12gPNMZo12fPNNZo12fPNN\o11bPNO`o11]PN1do13dSWh0
20111122063134Lh_12,_`^b0`17^OJG1B0K1`0OC77J1dne0JRP\OOcQNNL7\n1R1N2N2M3M3L4L5L2M3O1N2O10O1O00O2M2_MfM]WN[2Rk12ROdMUTN_2gk1hMkSNb2Tl1f000OYOdSNlM[l1S2jSNjMVl1Y1mSNgN0MRl1X1UTNhNJOQl1X1XTNhNHNPl1Y1[TNgNNFgk1c1]TNfNZl1Z1hSNeNWl1[1lSN`NWl1`1S110000100O1O1001OOOH;M2M8@=L2L6Ff^eY3
20111122063134Lh_13,hajQ1:6H65IOc0g0_O[OOOg0K=2QOMe0n0Wf1SOb[N6l2IUce25oV\M2N2N3N0OEcPN6\o1IhPN5bo1O1O10O01O0001O01O00001O10O0AOPQN0Qo10nPN0Ro11mPN0To10kPNOUo11lPNOTo11kPN0To10mPN0So10mPNOSo11nPNOQo12nPNNSo11nPNORo10nPN0Ro11nPNOQo11`0O`PN1on1ORQN0nn11QQNOPo10QQN0nn10RQN1mn10SQN0mn1OTQN0ln11TQNOln10UQN0jn10WQN0hn11XQN0gn1OZQN1en1O_QN0^n10i010O00QP20ooM0QP40kP:0SoA0010O10QP20\O0dQX10PoeN0O110[OOWQN1]o11OO111NZO0[QN0Zo1010ZO0fP20QP20ePJ0dn30ePN0100000bPN0kn30UQN0]O0_O0RQN1_o1O000010O01000O10000O1000O010O02O01N01001OO3OO15J4NN018G10O10O01O1N111M102N2N005K6aPN]OSo1i0O1O001O4K2N2M3M31O0O3N4L2MUSNoNlj1n0RUNROTk1h0lTNXOXk1e0gTN[O\k1c0Q201O001O2N0O100O01O100O0100O100O1O010O0101N01000O02OO100O10O010O1O10O000001O1O0K_PNJco157LaQl2OQTaW2
20111124153054Bh_1,Yd\a12g02[ONe01<N:0TOc0njo0DVTRO8K5K2N2O00100O0100000O11O1O1000O00010O0000O100O10O00O10O1000O10O10O100000001OO2O2N8H2N3L3N2O2N0001O5J6K7H2N2N1O00001O001O001O0010O1O1O001O00O100O2N1N4JlViX2
20111124153054Bh_2,kkZf23f32[L1`2MIOLOXdU1;TYlN6K4M2N2N11O001N002OO11OO020O00002M10011N;E4N1N1203LO1[SNRORj1P1fUNWOYj1k0`UN\O]j1e0_UN^Oaj1a0]UNCdj1;ZUNHfj17WUNNgj11WUN3ij1MQUN:lj1GQUN=mj1EnTN?Qk1CjTNa0Uk1BcTNd0]k1o110001008I5J22M1101L2O00000O03iKbTNe3Tl1I2M10OO2O10N01O10O0011QNPTNJVl1LUTNM^l1\OnSN=Qn1J2M100O10O01O001O0000100O1O1O1N2N2M6IjjlR1
20111124153054Bh_3,VhTZ11k02inm01VPTO8I6K2M3N2M3N2N2N1O2N1O1O2N1O2N2O1O001N1002N2M:G2M2O1O2N1O1O2N010N102N1O0000O100O010O10O001O1O00001O000000000O100O010O10O1O001O1O01O0O2O1N101O0100001N2OmUS`2
20111124153054Bh_4,a^ZV129092A1b0MD5e0La20jLNdmW1=joiNGlSN`0mk1EnSN`0nk1CoSN`0ok1BnSN`0Ql1BnSN?Ql1BmSN`0Rl1@mSNa0Rl1AlSN`0Tl1@kSNa0Ul1_OkSNb0Tl1^OkSNd0Tl1[OmSNe0Sl1[OlSNf0Tl1ZOkSNg0Ul1YOjSNi0Tl1XOkSNi0Ul1XOiSNi0Wl1WOgSNl0Wl1VOgSNk0Yl1VOeSNl0Yl1VOcSNm0\l1UO`SNo0_l1TO\SNo0bl1X101N2O0O100OoNeSN_NZl1`1kSN]Nkk1j1ZTNTNak1n1cTNQNYk1R2hTNnMUk1S2nTNkMPk1V2TUNgMkj1k0VTN5R1nNfj1m0_TN1n0nNbj1R1cTNMil14YSNJdl15aSNK]l12iSNMVl13lSNLRl14QTNJok16RTNJlk17VTNElk1;VTNBkk1>YTNZOkk1f0YTNTOik1m0d100000000001O1O2N10001O1O1O010O200O1O1O1000O1O1O2M3N2M4L6J5K3M3N1N2N2N3L3Le^mb2
20111124153054Bh_5,\bbe12g04Y10Z4Khak14eWVN8K2N3N1N3N1O1O1O1O1O1O1O2O0O1O0100O01O010O0010O010O0010O000100O010O00001O001O001O001O002N1O2N1O2O0O1O1O10O10O10O100000000O101O000010OO020O02N002N1011M3O2L010N1O2N010O101OO010O11OO101OO10001O001O010O011N1O1O1O1O011M110O1O100O2N1O7I3N1N2O7I3N5J3O13K3N1N3OjQNUNSn1i1b0@1N1O2M8J2L3N002N001O1O0O2O0O2N2O1N4K4LhUWo1
20111124153054Bh_6,_b\l11k11Pmc20RQ^M3M101N2O001O0O101O001N101O001O001N2O001O1O010O001O01O010O010O001O010O01O01O1O010O000010O01O0010O00010O0100O0100O10O01O100O0010O0100O1O0100O0100O100O10000O2O1O0O100O010O100O010O1O011N010O00010O001O01O0001O01O01O01O0001O000000001O00000000000001O0000001O01O01O000010O01O001O001O010O001O010O0010O0001O01O010O010O0010O010O0010O01O00010O1O001O001O001O001O10O01O0010O010O010O10O010O1O10O0100O1O010O1O1O1O1O1O2N1O1O1N2N3MWZoc1
20111124153054Bh_7,a[kU21U12QON?0Pn=6QQD5N0EEPQN=nn1ImPN9Qo1GoPN:Po1HnPN:Po1<O3M3M4L2N1O101000000000O1N011N2N3N2SO\QN8Yo1M2N2N2N1O`bhg1
20111124153054Bh_8,kg`\21:140D2Vog00cPZO3N2M2O1O1O1O1O1O1O0001O010O1O1O1O002OO0100O010O010000O101OO11N10O10O101O1N100O010O10O0100O01O1O10O01O2N1O1O00001O1O001O1O0O2O1MiVe^1
20111124153054Bh_9,hh^n0170O0M170I050IOc01M2Um?1SRB6L8G5L2O002N1N200YQNSOXn1n0fQNSO[n1o0_QNUO`n1V11O001OO11O1O00O020O010O1O1OWObQN1^n1JfQN6[n1EiQN:on1010N1O1O01O00000010O02M3M8EcT[n2
20111124153054Bh_10,fgPk21UPb06lo]OJfo1:N3M1_PNB^o1a0O010O0001O1N11N11O000O10000O100010O0010000O03NO1O102NO012M00O10C`PN:`o1F`PN:`o131O1O8F_WiQ1
20111124153054Bh_11,lnjR11m00Soa01lo_O3N4[OH\QN9bn1I]QN8bn1H^QN:`n1FaQN:^n1GaQN:^n1FbQN;]n1FbQN;]n1EeQN:Zn1FfQN:Zn1GeQN9\n1FeQN9\n1GaQN;_n1EaQN;_n1F`QN:`n1I\QN8dn1KUQN9kn1>1O0000000O2O00012M1O0TOnPNj0Ro1VOnPNj0Ro12IUOXQNl0hn1VOUQNf00ZOjn1Q100000000O]OYQNOgn11[QNMen11_QNMan13_QNMan13`QNLan13`QNL`n13bQNK`n11dQNGB1fodi2
20111124153054Bh_12,caRk13R40lN8iNFPe10jZP40fnmK0_o10cPN0[o11ePN0Zo10gPNOXo12hPNOWo10jPN1Uo1OlPN0To10lPN1Ro10oPNOQo10PQN0Po10QQN0nn10RQN0nn10SQN0kn11UQN0jn10WQNOin10YQNOgn11YQN0fn10[QNOfn10[QN0dn10\QN0dn11\QNOcn11]QNOcn11^QNOan11_QNObn11]QNOcn11f01gPNNcn11g00O0gPNOdn11[QN0dn10]QNOdn11[QNOfn10e00fPN0en10ZQN0fn11YQNOhn10YQN0fn11YQNOhn10XQN0hn10XQN1hn1OXQN0hn10XQN1hn1OWQN1in1OWQN1jn1OVQN1in1OWQN1\o11]ONWQN1in1OWQN2in1NWQN1in10VQN0kn1OVQN1in10WQNOin11e0ObPN0jn10WQN0hn10YQN0fn11e0OePN0fn10[QN0en10ZQN1en1O\QN0dn11\QNO[o10O0ZO0]QN1bn1O]QN1Zo10YOO^QN1Yo10XOO`QN1Xo10WOObQN1^n1ObQN1]n1OeQN0[n10k00O010O010O010O010O0o00SN0oP20PP20ooK0QP40oPJ0Po10QP20onM0PRN1Po1O00PO0PRN1om1OQRN1Po1O0001O0001O0000000000000000000001O01O0001O0001O00000001O0001O0000010OTO0hQN0To10UO0gQN0To1001TOOgQN1Uo1O01TOOhQN0To1010O10O00QP20ooM0UO0g10TO00010O001O0WOOcQN1Vo10000001O0001O00[OO[QN2Yo10\ON[QN1en1O[QN2en1N[QN1en1O[QN2en1N[QN2Zo1O[OO[QN2dn1N]QN2cn1N\QN2en1NZQN3en1N[QN1fn1NZQN3fn1MZQN3en1NZQN3fn1MYQN3gn1MZQN3gn1LXQN4in1LVQN5in1LVQN4kn1LTQN5mn1JRQN7nn1IQQN8nn1JPQN6Qo1JnPN8Ro1GmPN9To1GjPN;Uo1FiPN;Yo1EdPN<]o132N1O2N1O2M2O1O1O3M1OjQ20UnM5K2O2M2L5M2O0OIiPNHVo17mPNHQo19QQNGmn18UQNGkn19VQNGin19XQNFin19XQNGhn18YQNHhn16YQNIgn17d0MfPNLin13WQNNin12VQNNkn11VQNOjn11UQN0kn10TQN0ln11SQNOnn11QQN0nn10RQN0on11PQNOPo10PQN1on10QQNOPo11oPN0Po10QQNOPo11oPNOQo11PQNOPo11PQNNQo12oPNOon11RQNNnn13SQNLmn14RQNMmn14TQNKln14UQNLjn15UQNLkn14UQNKkn15VQNLin14XQNKgn16ZQNIen17c00iPNIdn16\QNKcn16]QNIcn17d00iPNJbn16_QNIbn17c002OhPNJdn17[QNIen18b0O0110N100O02N10000O3N001N10jVg^1
20111128175514Mh_1,g_nk11m00UO2006OM0cnm02lPTO9N2O00001O0000000001O00O1000000001OO1010O0001O0001O1O00100O1O100O010O10000O10O0100O01000O0010O0100O100O10O010O010O10O1000O01000O100O01O101M2Ol^cn1
20111128175514Mh_2,eb`o2273O1117Md10QNNYmQ2OZRPNl0\O1O1N2O1O1O010O01O1O0L5N2N2O1O1O1N101N2M3O100O1000000001O01O01O001O1O001O1O010O001O1O00001O1O00100O001O001N1000001O000O1001O00001O00001O10O0101N011O0O2OO10O1000000O1000O100000000O10001N10001N100O2O001N202M2N20O20NO001O10O0001O000O101O00001O010OO200O2N1O3N0N20O101O2M1O1O100O1O101O2N0O1011M01O2N1O1O0O2N100O1O1O2N1N2O2L5KXXYd0
20111128175514Mh_3,Xfbi22220N;6m0=ZO_O6MYO260NOM5Uk]1N`TdN5L3M2O1O3M2N2O1N2O0O10000O2O000010O02O0O101N010O1O1O101N1O1O1O100N11001O02M1O1N2O9G100O01O01O1O1O1O1O000O110O00000001O0001O00000001O0001O000O11OO20N11OO2O0010N01000000001N101O0O2O0O10000O1000O00010O1O100O010O1O0100O01O01O01O01O00001N101O0O2N2M6JcTWm0
20111128175514Mh_4,`^VR11=2D1g0O@1`n]16mPdN2N1O1M3O11O0O1000M30O100O1O100O1O2N10001O01O101N10O010O1O10000O010000O1000O101O00000002M10O10O01000O0100O010O1000O10O10O010O1O010O001O1O0010O01O00010O0001O001O0O2O001O1O1O010O10O10O010O1O001O001O001O1Nc_oe2
20111128175514Mh_5,mbfP3210328OE3;5KN1JJ0e01_OO>0gke08YS\Oc0]O:GSOYQNc0en1TOWRN;fm1E[RN=cm1B^RN?an11O2N2M3N2M3M3O02O00O001O1O100O11O00000O1000O01O001O000000000000002M2O2M3M2N2O0O1O2M3N2J_Y]k0
20111128175514Mh_6,YgVS31=8NIJ1a0O\O040L090FO_mg03ZRZO5M2M2O1O1O1O1O00100O100O1000001O00000001O10O000101N010O100O11OO01O11N01O100O00001O00100O1O01O01O0000O1O100O101N1O1O2N1N3M4LQVSh0
20111128175514Mh_7,d^df22201ON552KK30OO1013Soe1NcP\N3O1N2^OIXQN9gn1HXQN9gn1HWQN:hn1GUQN;jn1FTQN=kn1DTQN<ln1ERQN<nn1;00O1000000O1O0O200O0010O010O1O1O100O100000001O000O10000O10000O101O0O100000000000000O100000000001O001O001O10O01O1O2OO010O1O010O0010O000001O000001O000000000000000000001O000000000010O0001O001O000010O00001O1O1O001O001O00001AlPN0Uo1MPQN0Qo1OSQNLPo11QQNOQo1Mm`io0
20111128175514Mh_8,ScnW3180I2004NM010115Odn_13oPbN1O1O001O1O00010O1O00100O100O010O1000O0101O0O01000O10001N100000O2O1O0O01000O01000O010O010O00010O0001O01O01O0001O0001O000000000000001O0001O00000000001O01O0000001O00010N1010O010O01O01O010O010O010O010O010O00010O001O001O00001O001O2M3M3MP[W?
20111128175514Mh_9,k^\b22265NS1LZO<0JEK70M=7A[kg01iSZO<H5M4K2M3M4oNUOiRNm0Sm1ZOfRNj0Wm1ZOdRNk0Xm1YOaRNn0[m1P1L2N2N1O1O1O0O10000O1000001OdNUSNCkl1:[SNDdl19`SNF_l14iSNLVl13jSNOUl11kSN0Ul1OkSN31YOhj1e0WUN4FBPk1:ZUN;WOE]k10\UNa1cj1_N]UNb1cj1]N]UNd1cj1[N]UNf1dj1XN]UNg1dj1WN]UNi1ej1SN^UNl1fj1iMbUNW2Sl101O1O1O3M5J8I3L3M4L3M4K8F?A`0[Oa\YY1
20111128175514Mh_10,[dTR1143NNO10Ok01QnW1OPQjN3M2O1O001O1O1O001O010O0001O000010O0000000000000O101N10000O10O100O1O100O100000001O0000001O01O01O0010O10000O011OO02O001O1O0000001O010OO100000000O101O0010O1O1O1O1O00001OO12N01N001O100O1O10O01O001O001O001O2N1N3M`YQf2
20111128175514Mh_11,TU_W23:OHO31Yoa03\P@3N1O1O001O1O1O001O0100O100O01O010O00100O02O0O010O10O1O010O0010O001O00011N00001O1N101O001O1NRjPe1
20111128175514Mh_12,_`jX213084M0OOJN83Yo;OYPF2N2N2O2M1O2M200O1WO@oQNc0Pn1@kQNb0Vn1_OgQNb0Zn1_ObQNd0]n1_O`QNa0an1>1O0O1N2N3O1O1O4M3K5K4Ko^Se1
20111128175514Mh_13,Q]dP13P18YOO5Ig10m22XMLZa10c^d21cm[M9I2O4LClPN1Ro1OPQN1nn1OSQN2ln1MUQN4[o11O1]OH\QN9cn1G\QN:cn1G]QN:bn1F^QN;So11N2O1N1O3N0O1O2AYObQNi0]n1WOcQNi0]n1WOcQNj0\n1WOcQNi0]n1WOdQNh0]n1WOdQNi0[n1XOfQNf0[n1YOfQNf0[n1ZOdQNg0[n1YOfQNf0[n1ZOdQNg0\n1YOcQNh0\n1YOdQNf0]n1ZOcQNe0^n1[OaQNe0`n1ZOaQNe0nn10B[O`QNd0on1O1N10C_O\QN`0en1AZQN>gn1BYQN=in1BWQN=in1DWQN;in1FYQN7hn1HYQN7hn1IWQN7in1JWQN5jn1JVQN6jn1KVQN4jn1MVQN2jn1NVQN2kn1NUQN1kn10TQN0ln10UQNOln11SQN0ln11TQNNmn12SQNNln12UQNNjn13UQNMkn14UQNLkn13UQNNjn13VQNMjn12WQNNin11WQNOjn11VQNOin11WQN0in1OXQN1hn1NYQN1hn1NXQN3gn1MZQN2fn1OYQN2gn1MZQN4dn1L\QN4en1K[QN5fn1KZQN4gn1KYQN6fn1JZQN7en1JZQN6gn1IYQN7gn1JXQN7hn1HWQN9jn1GUQN:jn1FVQN;in1FVQN<in1DVQN>in1BVQN?jn1@WQN`0hn1AWQNa0hn1_OXQNa0hn1^OYQNb0Ro12OO01O1O001O000011N11OO20O1O1O4M1N011N003O1L2O3L5K2WRNgNgl1a1nRNeNol1X2N2N1O2O121L2N010O0002OOO4M2O1M5L3M1O2N3L3Mg0ZO5K2M4M2M101N1O011N10O10O100201M1113L0N1000O01O00O11O00O101OO10O1000O11N11O0001N3O8F3N2N1O1O001O010O1OO102N0O2N101N2N1O2N1O1O1O2N1O1O2N01002N0O2N2N1N4KUYk^2
20111128175514Mh_14,Tn`f21_12jnk05^oUO3N1O1O001O00001O01N10O10001O01NiNDkRN>Rm1EmRN;Qm1HnRN8Pm1JoRN7Pm1LnRN4Rm1NlRN1Um10nQNDg0<[m17cRNI]m18aRNJ^m17aRNH`m19_RNH`m19_RNGam1:^RNFbm1:]RNGcm1:\RNFem1:ZRNFfm1<YRNChm1`0TRN@mm1a0QRN_OPn1b0mQN_OTn1V11N2O1N2O2M2O2M3I9H7M3M2N1O1O100O2N100O010O002M2NXPgT1
20111128175514Mh_15,ZbXP332O>381^O71G:NG072=3o2Joea10WV`N001O001OO11lNOTRN2em16ZRNJbm1OfQN1h00^m1OoQNOc03[m1MURN0a02Xm1M[RN0>3jm1MWRN3im1MWRN3ln1OnNNVRN2jm1NVRN1km1OURN1jm10URN0mm1OSRN1lm10TRNOlm11TRNOnm10QRN0Qn30nQL0Qo10So50PQN1iPJ0Wn1OhQN3E6gm1IaRN4B4Rn1HYRNi0hk1UOdUN1bNi0nm1XOQRNg0Qn1XOnQNh0Tn1WOkQNi0Pl1WOfUN0WNj0hn10L4aMROmUNn0Sj1RORVNh0oi1XOUVNd0ji1\O[VN?gMAZk10SWN;cMEYk10[WN5\MKYk10]WN3[MMVk10aWN2YMNUk10dWN1WMOTk10gWN0UM0en10[QN0fn10YQN0hn10d00dPN0gn10YQN0hn10XQN0gn12WQNNkn10c01bPNOkn11UQNOln10SQN1ln10c000ObPN0kn10VQN0jn11TQNOmn10dP20noM0d00^o10_o50_PH0000000ePN0en10ZQN0gn10YQN0gn10XQN0in10WQN0in11UQNOmn10RQN0on10PQN0Qo11fVYh0
20111128175514Mh_16,eScg1170`o10hPV34\oiL6I3N1O2N001O1O001O001O000010O01O0001O0010O01O1O6K0O1O0010O01O0000001O010O0000001O001N101O001NWPV1NloiN1O1O2N1O000000000001O00000O10000000000000000000O1000O1000O10000000O100N20O10001N101O00001N100000000O1000000O1000001O0000001O001O1O1O001O01O010O00001O001O00001O0000001O00001O1O1O001O2N001O1O0O100000001N10oo]10WP`N0ao14]PNNbo12]PNObo13]PNNbo180001O00CaPN9_o1401O01O01O00010OGdPNN\o11gPNMYo13hPNMXo12iPNMWo13iPNNVo12kPNMVo12kPNNTo12mPNNRo12nPNNSo11nPNORo10nPN1Qo10oPNORo11mPN0Ro11nPNNSo12lPNOSo11nPNORo10nPN0So10mPN0So1OmPN2ao10ANoPN1`o11AOnPN1Ro1OmPN1To1NmPN1So10lPN1So10mPNOTo10mPNOSo11mPNOTo11lPNOSo11mPNOTo10>1O010O01O11OO0001000O10O0100001oind1
20111208173814Mh_1,Rddg21a3=Yie0GPS\O5K5M2M4M4fPNYORo1m0N001O2O02N3M1O4L0O2N3N1M2O0000000O10O11O0001O0010O01O3N5J1O01O0001000O02N3M4M1O01O3OOO4K2N4K4L2N2MlWUT1
20111208173814Mh_2,gXa_12164JM0:1N6NI51E55KN:4LN09IJ2L2KKgi10Y[V24hjiM3N100O2N2N100O100O100000000O1000000O100000001O0O100O1000000O100O100O010O1O1O100O100000O01000O010O001O10O00000001OO1001O00001O0O10000001O000000001O0000001O00001N10001O0O101M2O1O1O1O001000000O110O00O0100O010O0100O101O0000000000O1N2O1000M202O000001O0001N10001N1O1N2O010001N11O0001O01O00001O100O0010O10O100O100O100O100O100O10O10O010O1O001N2O001O010O100O100O0100000O2N100O1O2N3LYf\R2
20111208173814Mh_3,VcRP1142N25<M@02O9650BJ4Smk1JgRVN6K3M2O1O1O2N2N101N100O010O100O00100O10O010000O0100O10000O1O100O101N1O2O0O100O1O10O010O00010O01O010O01O00010O010O0010O01O010O1O010O1O010O100O01000O2O0O2O0O100O010O0100O1O1O2N102M1O1O1O001O0010O0001O01O01O01O010O1O0010O01O010O010O010O010O010O010O0010O010O0100O010O0010O0010O01O1O001O100O001O1O1O1N2NbYed2
20111208173814Mh_4,WdPW228040I48Oe0M]OOm03FOnh1N^Wh21^nWM3M2O2N1O2N2O0O2O00001O001O00000O2O000010O01O1O001O100O00010O10O010O01O10O010O11N0100001N101N101O002N012N0O010O012M001OO11O0000O2O00000O3OOO4N0O5K0011N02OO00010O010O001O001O011OO00002NO20O1N20OO2OO11O0000O010000O11OO11OO20N200O001O001O010N101OO100O11N02OO01O100O2O0O100O100O1O100O1O10O01O010O0001O000lKDdXN<[g1GcXN:[g15WXNKhg16XXNJhg17WXNJhg16XXNKhg15XXNJhg17WXNJig15WXNKig16VXNKjg15UXNLjg14VXNLlg13TXNMkg13UXNMmg12RXNOng11QXNOPh11PXNNQh11oWN0Qh10oWNORh11mWNOUh10jWN1Uh10kWNOVh11iWNOXh11gWNN[h13dWNL]h13cWNM^h13aWNMah13^WNLch15[WNKfh16XWNJih17VWNHkh1<PWNEPi1;oVNESi1<jVNDWi1<hVNDYi1=fVNB[i1>dVNC]i1<bVND_i1;aVNE`i1;_VNEai1<_VNCci1<\VNEci1;]VNEei1:ZVNFfi1:[VNEgi1:XVNFii19XVNGii17WVNIji16WVNImi13TVNMli12TVNNmi11SVN0oi1NQVN1oi1ORVN0Pj1OoUN2Pj1NQVN1Pj1OoUN2Qj1MoUN4Rj1KnUN6Pj1JPVN7Qj1HoUN9oi1GQVN9Qj1FoUN;oi1EQVN;Qj1CPVN=Pj1BPVN?Qj1^OQVNa0Pj1^OPVNc0fl11O001O00001O000O10O10O1000O0100O010O0100O00100O101N100O1O2N2N3K4MgU[V1
20111208173814Mh_5,f\bc21k02BN80G3??Tk1^OcWN1li]23\RdM2N2O1O001O00001N10000O101N100000001N1000001O000O2O00001O0O2O00001O001O0O1000000000O1000O10O100O100O001O1000000000001O0000010O0001O010O0100000O010O10000O011N01000O100O10O01000O01000O1O10000O001O2O1N2N1O00100O1DaPN6^o1JbPN6_o1IbPN6^o1KaPN6^o161O010O010O01O100O002N100O1O100O5K3M3L2O1O2N2N1O2N1O1O2N2N1O1O1O1N2O1O1O1O1O1O0O2O000001N1O2N101NZRN[NSm1d1mRN_NSm1_1mRNbNSm1]1mRNdNSm1[1mRNeNTm1[1kRNfNUm1Y1kRNhNUm1W1kRNiNVm1V1iRNlNXm1S1fRNnN[m1R1dRNoN]m1P1aRNQO`m1P1]RNQOdm1o0[RNQOfm1P1WRNROim1b11O1O1O1O001O1O1O1O1O1O1O1O1N3N1O2M2O1O2M2N2O2M3L3L5L3N2L5G:Jf_Wm0
20111208173814Mh_6,noP_21a10A2jlm0O\RRO2Zo11bPN1Xo1KiPN3N4Wo1KkPN;Uo1EkPN;To1FlPN:To1FlPN:To1FlPN;So1EkPN=Uo1CiPN?Xo140001O01O000000001O0001O0000000002N1O10O01O01O0bQN]O_m1d0^RNA`m1`0]RNBbm1>]RNDcm1>YRNDfm1>WRNCim1>VRNBjm1?TRNCkm1>SRNDkm1?lQNISn1R101O0O01000001N100O101N1O2O0O2M3CdQNQO`n1l0=N3UOmPNc0[o1M3M1O1O2M2O2M2N`nb[1
20111208173814Mh_7,nTWb21n21Tlg05bPZO`0D2N2N1O1000000O1O100O2O0O1O1N2O1N2O1N1O2M2O2N1OI611NO11N3M3N2O2O2N010O00010O1O1O10O100O10O010O001O1O1N2M3O1O1O1O2O0N4E`PNMUjXY1
20111208173814Mh_8,hcj`22b00jo]10_ocN6L4M2N2N101000O1O10O100O001O0000HePNKZo13iPNMVo11>N2O1O100O10mQj10SnUN1OO10O100O010O001O0000001@MRQN3]o10ANQQN2on1MQQN3Po1MPQN3Po1MoPN3Qo1OnPN1Ro1NnPN3Ro1NmPN2So1MmPN4So1MlPN3So1MmPN4So1MkPN4Vo1KiPN6Wo1KfPN6[o1JdPN8[o170_OPQN1Po1`00000001N4N0O1O01O001O00010O000001N1O2O0O1O001O1N2O1M]WcV1
20111208173814Mh_9,e^nY13221204c1O^NHc03G1Q1OWOMWn]16jPdN3L3M3N1O1O1O1O2M2O001O1O1O1N2N2M2O2O1O0O100O100O2OO10O11O0O1N2O00fLmNjWNR1Uh1SOhWNm0Yh1TOdWNl0]h1VOaWNh0bh1YO[WNg0gh1ZOVWNg0kh1YOSWNh0nh1YOoVNh0Ri1YOkVNh0Vi1XOiVNh0Xi1YOdVNh0^i1XO_VNj0bi1VO\VNk0ei1UOZVNj0hi1VOWVNj0ki1UOTVNi0oi1WOQVNg0Qj1YOoUNe0Sj1[OmUNc0Uj1]OkUNb0Vj1^OjUNa0Wj1_OiUN?Yj1AfUN>\j1BcUN>^j1BaUN>`j1B_UN>bj1CYUN`0gj1AWUN`0jj1AQUNb0Pk1^OnTNc0Sk1]OjTNe0Wk1[OfTNg0[k1ZOcTNf0^k1ZO`TNg0ak1YO]TNh0ck1ZOZTNf0hk1ZOTTNi0mk1WOPTNk0Ql1UOmSNl0Tl1TOkSNm0Ul1SOiSNn0Yl1QOeSNP1\l1PO_SNT1cl1kNYSNY1gl1hNRSN]1Pm1h02M3N2N1O2N2N1O2N2N102M1O3N1N3M2N2N3L4M3H9J5K5L6K6H;Dk^o]2
20111208173814Mh_10,Yb\>2b0_3Yke0`LTT\O0YQR12YnmN2aPN4]o1:L3N:F2N2L5N1N1O2O001O1O001O00001O000010O0001N10010O001O10cNURNc0lm1YO[RNd0`n110000O01O100O1O001O001O0000001O000001O000001O0000010O001000O010000001O3M1N010O2O000O010O10O010000O010000O103L100O2O1N100O00100O0010O01O01O00001O000O2O0O100O1O10000O1O100O01000O1000000O1000001O000000000O100000O1000O010001N100O2J5O1O2N101N1O2O1N2N4KkZmU3
20111208173814Mh_11,\\Tk11=80L3N?4VOMb1OaN500W1MgNLjg10]XN80L3N?4VOMb1OaN500W1MgNLPiW54cVjJ201N1O101O000O2O000000001O000000000O1000000001O0002N1O001O010O001O001O1O001O1O010O1O2N100O1O1O10O0100O010O1O010O01O01O01O001O001O0O101O001O00010O001O1O010O00100O0010O01O010O0010O000001O01O0000001O00000000000O1000001O0O10001O000O2O000000001O000000001O000000000O100000001O000000001O000010O0001O001O0000001O000O10000O10000O1000000O100000000O1000000000000000000000000001O00000000000000001O000O10001O00001O001O010O1O0100010O01O10000O1N2O000O1O10O010O01O10O00001O010O00001O00001O00001O00001O001O00001O001O010O010O0010O1O01O10O10O0100O010O01O10O01O010O0010O01O010O010O1O0100O01000O1O01O10O100O101O001O000O10000O1000O1QOgQN6Xn1OWQN>in1=00001O000001O1O010O1O1N0200O01O000O2O01O2N0O101O0O10000010O001O010O0002O01O4L1OO1O1OO0101N1O1O100O1O1O2N1O2N2N1O2N2N5J3M4L5Jij]4O^U`K5[6Kfb1=Y]NCWUkS1
20111208173814Mh_12,ocVf22Y44Phm1KfSTN3RPN0fo16ZPNHbo11bPN4\o1KiPN3Uo1LPQN5ln1KVQN6\o10WOJeQN1\n1Ok00oPN0Qn10PRN0Ro10O00000Yo10SQ60_P>0dnYO0PQN1bo10ZOOd0000WP80mPL0nnK0on10RQN1OO12gPNN]n10aQN0bn11YQN0kn1OQQN2Po1NnPN2To1NiPN3Xo194L6IeWoS1
20111208173814Mh_13,jcS`1c04KOj0lm]1mNkQdN4L3N2N1O1O2M4M3M4L1O1O2N1O1O2N1O1O2N1O100O0010O00102M3N2M1O1O100N2O1O00001O000100O1O2N3M001O0O10000000000000000000000001O0000001O000000000001O00000000000000000000000000000O100O10000000000001O001O1N2O1O1O1N102N1N2O3M1N3N1O1N2N2N4L`ZVW2
20111208173814Mh_14,[\Sj21`01FOWo?1_PB4N1O001O00010O00010O001O000010O001O01O01O10O010O0010O1O10O010O0100O001O010O001O001O00obdR1
20111208173814Mh_15,^bVn023d00_Ob0MKR1GoNN0OY10hN1f02_Oa0HXg10_Y`37Wn_L5KG`PN7_o1GgPN5Xo1KkPN5So1JoPN6Po1JQQN5on1KRQN6ln1JVQN5in1KYQN3gn1MZQN3fn1M[QN2dn1N]QN2bn1O^QN1bn1N^QN2bn1O^QN0cn1O^QN1an10_QNOan11_QN0an1O`QN1_n10aQNO`n10aQN0^n11aQN0_n1ObQN0^n11bQNO_n10aQN0^n10bQN0_n10aQN0Wo1010PP20ooM0QP20PP20_oK0bP20ooM00000O010]P20UoM0k00UO0jPN0do10B0jPN0Vo10kPN0bo1001BOlPN0bo11BOlPN0To10lPN1bo1OB0lPN1So1OnPN0ao11AOnPN0Ro10oPN0`o11@OPQN1`o1O02O00001N1^OLWQN4in1LWQN4hn1LZQN3fn1MZQN4dn1L^QN4an1L_QN3an1M`QN3`n1M`QN3_n1MaQN3_n1NaQN2_n1MaQN3_n1NaQN1`n1O_QN2`n1O_QN1bn1O]QN1dn10ZQN1fn1OZQN0gn12VQNNkn12TQNNmn12RQNNon12PQNNQo11oPNORo11mPN0So1OmPN1Uo1NkPN1Uo1OkPN1Vo1NjPN3Vo1MiPN3Wo1MjPN2Vo1NjPN3Vo1MiPN3Wo1MjPN2Wo1MiPN4Vo1MjPN2Vo1NkPN2Uo1MkPN3Uo1MlPN3So1NlPN2Uo1MlPN2To1NlPN3So1NmPN1To1NlPN2To1OlPN1To1NlPN2To1OlPN1So1OmPN1To1OlPN0To10lPN1To1OlPN0To10lPN1So10mPNOTo10lPN1So1OnPN1Ro1OmPN2Ro1NoPN3on1NPQN2Qo1MPQN3Po1MPQN4nn1LRQN5nn1KRQN5mn1KSQN6ln1JUQN6kn1JTQN7kn1IUQN9jn1GVQN9in1GWQN:in1FVQN;in1FVQN;jn1DVQN>hn1CWQN>in1BWQN>hn1CWQN=jn1BVQN?in1BVQN>kn1BTQN>mn1BRQN?mn1BQQN?Po1AnPN`0So17O0100O00100O0001O00100O001O1O010O3N2M2O1N1O010O100O100O102N001O0O12O0N101O00O100O1000O10O02O9F1O2O0O1O2OO01O10O01O00010O01O01O01O001O000O1000000000001O0001O00001O01O01O001O100O00100O010O10O010O0100O1O010O1O1O1O1O1O1O1O1N3N1O0O3M2OUW]]2
20111208173814Mh_16,]\[o121050NO730NUoi00^PXO1O1O0001O01O001O010O001O0O101N1000OO3N1N2@EZQN<en1FZQN:en1HYQN9gn1HWQN9in1GVQN;in1GTQN;ln1ERQN=mn1;1O001O1O100O001O001O1O0O2O001HiPN@11Wo1>8O1O1O00100O101Mjb^l1
20111216103234Ch_1,W_`Y12597GHOd03N0^O008k0F_O7Pn?3RQB7J5J6L3N2N3N2L3L[OeQNMUn15nQNKmm16XRNI^l1EdSNo03\ORl1NdSNg0?YOkk15_SNb0j0ZOek1]1^TNcN^k1^1eTNaNUk1c1oTN\Nmj1d1WUN]Nhj1`1[UN`Ncj1_1`UNaNaj1[1bUNeN]j1h0VTNRO_17[j1d0[TNlNb1?Qj1c0`VN\O`i1`0dVN@[i1>iVNAVi1?lVNARi1>QWNAoh1=VWNAih1;]WNDbh1:aWNE_h1:bWNF`h17aWNIah14`WNMah1OaWN1Xl1Nm[ec2
20111216103234Ch_2,Tind014?0D11XoQ1M`PPO2O1O1O1O00100O100O1O1O1N1O2M2O1O1000O001M3N110O10O0100O010000O100O01N101N101O1O2O0000010O0010O0100000O100O3N1O0O1O1102N0O0000O010O10O0100001OO1000O010O1O1O1O1O3LcUkT3
20111216103234Ch_3,XbP[2124Q1OPO0i05WOI^12fNOTog01_PZO4L3N2N00100O1O0000000000O11O0lMGbTN:[k1LaTN4^k10_TN1^k13`TNN_k16]TNJck18[TNIdk1:YTNFgk1;WTNEjk1<TTNDnk1;hSNTOXOb0Qm1:gSNMZl14dSNL]l15bSNK^l16`SNJal17\SNLdl15WSNNjl17gRN3Xm1\1O0O2NFkRNkMTm1Q2TSNlMkl1S2XSNlMgl1S2d0M3N3N2M2N2H7L4OOO30001QOeQN6^n1HhQN2Zn1LjQN1Wn1MlQN0Vn1NmQN0Un10kQNMYn11h]c`1
20111216103234Ch_4,nc^c11Q1d0VO^O?Ofm?3ZQB<B:J4L4L4N2N2O2NZO`QNN^n1JQRN0nm1NYRNNem12^RNMam11cRNN\m10gRN0Xm1NkRN2Tm1NmRN2Rm1MPSN3ol1LSSN3ml1KWSN4Zn110O010O10O1O010O010O000010O01O1O000001O1N3MjY]Y2
20111216103234Ch_5,c[Wb21b11`NOVo;5aPF3M2M7I4M3L5M2M2O1O1N101NXO_QN4_n1KfQN3Xn1MmQN0Qn10SRNOjm12WRNOem12]RNN`m13bRNM\m13fRNLZm10kRN0Tm1NoRN1Rm1MQSN1Pm1NQSN1`n1O1O2N\bd[1
20111216103234Ch_6,W_f_21o06WOK60F2UoU10cPlN3N2M3M2K50001N10001O001O0O2N2N1O100O100000O10O01O1O10O0N20O2O10O0O2O1O100O1O100O1000000001O001O1O001O1N1O2O0000001O0001O01O00000100O000001N10001O0012N0O010O001O1O001O01O000O101N2O001O001N2M3DcPN0ao1O9Mj_mX1
20111216103234Ch_7,SZVc122061J1<7330FD20LL2\14jNJPj1O`W\43TncK2N2N2N2O0O2O0O2O0O101O0O100O2O0O1O2O001N11O01O0O2O000O2O0O1O1O1O2N10000O010000000001O00001O001O001O1O1N2O1O10O01O1O001O1O010O1000O1O1O2O0O1O010O010O0010O010O001O001O01O01O0100O00100O100O100O0100O100O1O10O01O0010O01O2N1O101N001O1O1000001O2O5KO2N3M1N1O001O0010O0000000001O00001O000000001O002O0O1O2N1O10000:F0O1000O10O01O1O00001O001O1O1O1O1O010O00001O000001O01O0001O101N101N2N100O1O100O1O100O1O101N10O01O1N101O000000000000O101O00000O2O000O10O1000001O0O2O0O101N1000aPN0on1NRQN3nn1KRQN7[o10O2O001O1O1O1O100O2N1O1O100O2N2O1N2N00100O0010O01O001O001O000000010O00000001O001O0010O000001O1O1O0010O01O00010O000000000000000000O10O10O1O01000O1000O10000O1O100O100O100O1O1O10000O10000O100O2O0O2O1N2N3N1N[`Yc1
20111216103234Ch_8,QZgc0135:1FKSok03ePVO1N2O001N2O1O1O001O1O1O2N1N2O01O100O5K101N0000010O01O01O2O0O1O001O010O00000001O0000000000000O10000O10O100O10O010O0O2O1N20O100000001O6J1O001NWenV3
20111216103234Ch_9,\bV`0i02B4H4m0MSOKb06_OK190:Nnjg03nSZO9L4N1O2O2N2M4K4M4ROkNjRNX1nm13M>C3O020L=D1M4L2N4M2N30lMgRN[1Pn11N11UOURN]Omm1;[RNBim17[RNIhm1M`RN1kn1NO00000O1O1N2O2M3N1K53L1O2L3N1O2M110000O2O10O01O0001O1O1M4L6IVYW[3
20111216103234Ch_10,n^R_21633OJ071J1MLo07amm1IiQXN0ioI3eo1M[PN5do15N0010O010O001H[PN3fo1LZPN4fo1L[PN3eo1M[PN3eo1L]PN3co1M^PN1co1O70O10O01O0010O0000QO0nQN0Tn10kQNOVn12k00oPNNUn11mQNORn11o0O10O0PP20SQN0nN0000000nN0TRN0nn10oN0RRN0om10PRN0Qn30PQN0lPN0Vn10n00O0000010O0000010O00000010OkPN0Zn10fQN0Zn10fQN0[n10cQN1]n1OcQN1Vo10XOOaQN1Wo11XONj00PP20lP<0RoA100VOOdQN2]n1NbQN2^n1NbQN3]n1NbQN3^n1LbQN4_n1L_QN5an1L\QN6fn1InPN209Wo18N]OjPN`0\o100O1O1O10O1O10O10O0100O011N1O10O01O10O01O010O100000O10000O101N10O0100O1000O10O1000O011OO1000O010O1O001O1O2N1O1N3LX^[U1
20111216174914Mh_1,^bh]2180L5c2KaM3\Pl01ToUO5aLHoVN<nh1HnVN:Ri1HiVN<Ui1EiVN=Xi1CgVN=Yi1DeVN=[i1CdVN>\i1CbVN>ai1@]VNa0fi1\OZVNc0gi1^OXVNb0gi1@WVNa0hi1AVVN?ki1CRVN>oi1DnUN;Tj1EjUN<Vj1FhUN9Xj1IfUN7Zj1KdUN5]j1M`UN3aj1N]UN2dj10XUN2hj10TUN1lj11hSNTOn0l0Zk12dSN05OXl1^21O010O1O1O1O1O1N2O101N1O1O1O1N2O1N2N2N1O2N2N3M2N3N1N3N3L4J7J4K4N3M1O2O1N2N3N1N3M3L5K8]O`\m\1
20111216174914Mh_2,nhRg082J35LO0O7MK1knU11mPlN2N2O0O10001O0O100000000000000000000000000O100000000O100O10000O1000O01000O10O01O100O10O10O1000000001O00001O001O1O1O100O010O010O11O2M10O11N0100000000O1000000O10000000O2N1O1O1O2N1N3N2MiUoQ3
20111216174914Mh_3,S[Vi11102023LN0O270I50Wo_11^PbN2BOiPN4Uo1OhPN3Vo1<00000AgPN7Yo1HhPN8Xo1HiPN7Wo1IhPN8Xo1IgPN7Yo1FfPN>Zo1BfPN>Zo1AgPN?Yo1BfPN>Zo1BfPN>Zo1401O01O000001O1O001O1O0O2O001O00000O1000000001O0O10001O0O102N1O0010O01O100O01O1O100O1O2N2N1O2N1O1O1O1O0010O01O1O01O001O001O01TQNoNhn1P1WQNQOjn1S10O1O1O2O2M2N1O1O001O00O100000010O01O001O001O1O001O001N2O001O1N2O2MZcSn1
20111216174914Mh_4,e^d\12=5DO2Mo01QO6\2LnN3Tm=NQQD=F6QO@XRNc0`m1JYRN7bm1V1M3YNnM]UNU2ei1kM_UN:e0n1ii1nNRVNW1ki1mNnUNW1Sj1lNYUNe1gj1j100000000O11_NTUNlMlj1j1aUNRNaj1j1cUNUN_j1b1gUN_N[j1Z1kUNeNYj1S1kUNmNWj1i0QVNWOPj1c0TVN^Oli1=YVNCfi1LmVN3Ri1JRWN5nh1IVWN6jh1HXWN7ih1GYWN9fh1F\WN:ch1F^WN:bh1DaWN;`h1AeWN<ah1XOhWNe0Ul1AU\a`2
20111216174914Mh_5,d^jV2212a0M[17eNLik1MlTP41enoK4M2N2O2M101O0O2O001O00001O00001O00000000001O000O2O0000000O101O000O100O1000001N1000001O0O101O01O0000000000001O001O000O2O0O2N2\OjPN9bo1M2O1N2N2NXPP30hooL2N2O001N2O001O1N102M102M2O0O2N2O0O1O2N1M3N201O0000000000000O10000O100O100O100O10000O100O01000O1000O100O100O10O010000O1O100O10000O100000000001O000000000O10000000001O00000000000000000000000010O000001O01O0001O010O00100O2N10O01O10O02OO010UO`QN4`n1KbQN5_n1IdQN5[n1JgQN6Yn1IgQN7Yn1HiQN8Wn1GkQN7Un1IlQN7Un1FmQN:Sn1DoQN;Rn1CoQN>jn1O010O010O010O010O10O01O010O1O10000O100O011OO010O010O10O01O01O0100O0010O01O0100O010O01O01000O010O00010O0100O00001O1O001O1O1O1O2M2NP^cQ1
20111216174914Mh_6,ZTaY21T30UM0L0kl;3hRF5bQN8bl1C[RNMP1`0fl1BWRN:j04ol1CURNi0<F^m1b0^RNAam1b1VRNjMdm1^2K100O1N2N2O0001O00101N2jMdRNd1`m1UNdRNb0L^ONh0Pn1E]RN;cm1E[RN<im1ASRN7JCjn1=WQNBjn1h06ZOPj\d1
20111216174914Mh_7,a[od2111e00[O1oo;;`oE2O2O3N02ON1O1]O^OfQNc0Vn1BfQNb0Wn1@hQNa0Wn1@gQNb0Wn1d001O0000010O00\OhQN@Xn1>mQN_OTn1?nQN@Sn1>PRN@Qn1=RRNBom1;TRNCnm1:URNElm18mdnX1
20120107063134Lh_1,WnVh12T22PN0`02^me0OgQ\O5M2M2O002N1000010N1N2N3M2N2O1O1O1O1N1\OTOSRNn0km1UORRNl0nm1VOmQNn0Rn1a0OWOjQNJTn15oQNJPn14SRNMkm12XRNNfm11_RNL`m12fRNLWm14mRNLPm12TSNNil12ZSNNdl10^SN1al1NaSN3_l1IcSN:[l1ChSNe0Ql1XOQTNi0Pl1QOUTNo0_m1O3M1O2N2M1O1O1O001N2N2M3M3MfnhS2
20120107063134Lh_2,Zbf<k1=e0Fa00RO1QONAmc1\O^]:0`nE2N0N200011Mfo9O[PF2O2OO1O1MeV25SiMh0hHWOR^NS1ZJVOZf1FY_N`1kIWOif1YOn^NP3Pa1oLj^NX3Va1gLg^N_3Wa1`Lg^Ne3gf15Kc0^O1O2M2O2M3L3J9J3O2N1O1N3N2M2N2N2N3K4M2N3O1N01bNcVNZL\i1e3kVNTLWi1^3VVNPLP16nh1i3i100O1000O11O000O100O0O2C<lNmSN[NVl1b1PTNYNPl1g1TTNWNkk1i1ZTNQNhk1m1^TNnMbk1Q2V1O01010N1O2M2A`0O100O2N1O2M3M3M2O10001O000100O10000O00O2N1N3M3O1N2O001N110O0010O000010O0O11ON3O0O110N101N2O010000O1O0100O0100O0010O1O001N3M3MP\mY3
20120107063134Lh_3,`YTh12<=;HFMJ0748Jami0OcQXO9J5L<C4M3M1O1O1O1O2N1O2O1M4M5I5K5J5J6M3L4M4L4M3M2N2N3OSNbSN7]l1_OPTN?ok1]OXTNb0gk1[O^TNb0bk1]OeTN>Zk1@kTN>Tk1@nTNa0Rk1\OPUNf0nj1YOTUNg0kj1XOWUNi0gj1VO]UNl0_j1ROeUNo0Wj1oNmUNR1`l12O04K1O0O010O1O002N1O001N1O2M4M2N3M2O001O1O1O1O2LUbmR2
20120107063134Lh_4,SeXg19l0I_O47L`mQ13hQPO6J4M1N2O1fPNARo1g0O11N1O5L0O0O2O1O1N2O1O1O100O10O11O00O2O000O010O1000O201M1000O010O102M3N4K100O01O0000000000O10O100O100N2O1O1O1O010O1O100O10000O100000000000001O0O101O002MZY_R2
20120107063134Lh_5,[WXh131h08ZO607160B91D;0O28Lnk]10QSdN010ZP<0foC00000O1O10OlLO[TN1WOOP11]k1ORTN3LMc01^k1OoSN0:080_k10\VN1jl1OPO0QRN0Po10TP40inK0U10O0ok58dSJ7J5L3N2N1O2N001O01000100O10UUNTO`f1k0_YNUOcf1k0[YNUOhf1j0VYNVOlf1j0cXNVOjL1ej1g0aXNXOiL2gj1e0_XNZOiL2jj1b0\XN^OfL3Pk1=[XNNgg1N[XN1fg1N[XN2eg1L^XN1dg1L`XN2bg1IcXN3c]cR2
20120107063134Lh_6,cXWj11X11WO1g0OlN23NXnY10^QhN5L4M2O1N3N3M2N2N00100O0000100O001O2O0O1O1O2O0O002M2O1O4L1O1O00001O01O0000000O10O01O10O01O1F9N3N101O01O1O1O1K50N1N3L3O2M3O0O2O0O1001O0N3E:01O1001O1O000O10O0100O1O100O1O1O1O1O1O2L3N2O1O1O100O0010O001O0100O101N1O3M3Ldffm1
20120107063134Lh_7,Ugh[3494<22I7OUO4571K6NH0L05N91HM8362_ONLLWf30fYN0PP40PPL000aRn0;olQO7L1O1O2N1O01100O010N10000O11O0001000000000001N101N2fUNTO\KMmi1Q1eZNTO\KMni1P1bZN[O[e1h0bZNZO]e1h0aZNZO]e1i0`ZNXO_e1j0_ZNXO`e1i0]ZNYObe1i0]ZNXObe1h0]ZNYOce1h0\ZNYOce1h0[ZN[Oce1f0[ZN\Ode1f0YZN\Ofe1e0YZN\Ofe1g0VZNZOje1h0SZNYOne1i0ZWNTNZO2Y2R1Rg1l0RWN]Nk1g0Sg1Q1hVN^NU2a0Sg1m1lXNSNTg1o1iXNRNVg1P2hXNRNVg1Q2gXNPNYg1S2bXNoM^g1`2QXNcMng1_2oWNbMQh1_2lWNbMUh1_2hWNbMXh1`2eWNaM\h1`2aWNaMah1_2YWNeMhh1]2TWNdMmh1a2jVNbMWi1b2aVNaMai1^42M2O1O002N001O1N101O001O3L5L4L2L5M2M4L4K5K3M4J5L4J7H7J9I7J5K9G5K3M5H9H;^NSRNHSSe<
20120107063134Lh_8,f_d^1112W1NkN173ONRn;8WQF4G8N2O10102N01O2O0O3L4NkPNBfn1m001N0001N4L2N3L9H0O2N2N1O6I`^Y_2
20120107063134Lh_9,mlba016b01@J04N3;9Iin?3[PB5L3N2O0N2M4N1K5L4O1O00000L4N3M3N2N3M2N2O10iNPRN=Pn1AWRN:jm1D[RN8fm1F^RN6cm1J`RN1bm1O`RNMam13V110O1O01O01O002N2MgRa[3
20120107063134Lh_10,]\dX12524Ob02]O5f0Jo0OcN1dj[14bTfN3M3O1N2N1010O010O1O2N10000O11OO010O1O01O01O01O0001O010000O10000000O11O001O001OO1000O011O0O2O01O02O0O10O06J1O10N2O1O01O3M10O10000O2M2N100O0001O0010BgPNH28Wo1=100003O0O02I5F:L3N2OlPN0Xn11m0O0110O002fPNNbn12\QN5BIcn12ZRNNgm11ZRNNfm11ZRNOim30UQN1N02OfPN0cn13c0N101OSP21[^W_2
20120107063134Lh_11,l]Vh2132217Onne02aP\O1[PNK\o17`PNL`o15_PNL`o1;O1O1N2O000O100O1000O1O1O10000O101N10O02O1N1001O00001O0O100000000001N2O2N001O001O00010O1O2N2LdamS1
20120107063134Lh_12,cgX\322=i0;]OZOM4`04BJJ3:2K01JJLgjg20SU^M0SPL010O010000000000000oRN1il19WMFfUN2]M120jo1O101Nkmg11WRXN10N01O001N21OOO2OO00001O003N2N102UUm<
20120107063134Lh_13,_dVg12?<:F@65LDN1NP10POO32n00eiU1NbUjN0Wo10<1bPN0kn10WQN1gn1OZQN2en1Ng0OmP20]nM1f000OdPN0hn11d00O1aPNNon12?100_PNMTo13=0^PNMVo13jPNMWo11=1O0]PNNXo10<1^PNOTo11lPNOTo10lPN2So1NmPN2ao100O02BMmPN1Uo10hPN1Xo1OhPN1Xo1OhPN0Xo10hPN1Wo10iPN0Vo10kPN1Ro11PQNNnn12UQNOhn11\QNN`n12aQNO^n11bQN0^n1NbQN2_n1N`QN3_n1MaQN4^n1LbQN4^n1LbQN5]n1KcQN6\n1JdQN8Zn1GgQN<Wn1ChQNb0Tn1^OlQNh0nm1XOQRNn08UOcl1MUSNR11UOil1ITSNa1CkNWm1DUSNU2il1kMVSN\2GiMal1KgSNl2Vl1TMiSNm2el10O1O2O0OTMVSNd2jl1[MYSNc2gl1[M^SNb2al1_MaSN_2_l1aMcSNn0F8gl1iNeSNl0H9cl1kNfSNi0I;bl1kNhSNh0F=bl1kNiSNh0D=]m1BaRN?cm1^O[RNb0fm1l01N2O00000O1O100O1O1O1N2L5ROnQN]Okn15ZXmQ2
20120107063134Lh_14,RclT396LOLZoS11^PnN2O1O1O001O1O001O010O0010O0010O010O010O00010O01O010O010O0100O0010O01O10O010O0100O001O00001O0000000O1O1M2O2O01O10O01000001O0O10001O002N2OO010O010O01O010O000010O100O0101N1O1O1O001O1O1O2Nj[Ud0
20120107063134Lh_15,S]ZY113237^o[1Gmbmc2
20120111191454Bh_1,m]Xj0:5d14hNI[O49L0d0K@<mia0@lU@00000]Q81^nG5N3L4M2M3M3L4N2N2SOSOdRNP1Zm1POeRNS1Tn11N202M0020O1O1N3OO00O113M3L4MO00O011N2N2N2N1O1O1O0O011O0000001N011OO01O01O011O0000O1000O010O01001O0O102M2O0010O1O1000O101N4N0O02NO01O1O1M3N1O3L3L^][o2
20120111191454Bh_2,^kdU211006j0KYOO43<N[mk02lQVO2O1O2M3N2N2N4\QNB_m1a0[RNCcm1f0SRN\Olm1e0QRN_Omm1c0nQNARn1W1O0001O001N2O1M3I6O2M2_OaQN^Ocn1`0?O6K00010O01O010O10001O0O10O2O0O101N10000O001O1O1O100O01000000O001O001O1O01O00cPNDVo1<iPNFWo1:gPNGYo19gPNGZo19dPNH^o1<3L3K6LeRod1
20120111191454Bh_3,dZRa1h05_O0N42NLL77IN3MLM36L00M1067ISj10PWT22\nkM8I3L4L3dQN]OXm1e0eRN_OWm1d0aRNE\m1>_RNF^m1>^RNE`m1=^RNDbm1>[RNDcm1?YRNDfm1[100O100O100O100O010O01O001N2N101O1O2O0O100O2O1O001O010O1O1O100O1O1O00100O010O100O10O101O5K1N10O1O10O010O1O100O100O1O010O01O0010O01O10O00010O00010O10O010O001O001O001N101M3O1N2N2N1O101N1O1O1N3N1O101O00001O0010O00AVQNIjn1f01O2O0O1O1O1O10O01O10O000000000000000001O0000100O2N10O10O01O1O001O2XQNTOXn1\1N2N1O1O2N1O1O0001O000O2O2M2M3N1M4M2N2F;I6O1O2N1O2O1N2N2NTb[Q2
20120111191454Bh_4,bbXj22480K5O18L3NB70O;1E63E0103MojS12`TnN7L3N0O2O1O0010O00000100O2O1O0O1001O0000001O00001O1O0000000O11O1O1O1O100O1O100O100O01O2O000O10O02OO10001N10000O2O1N101PQNVOen1U1OO11N4L2O0O1O1O0000O2N1O2N1O3N1N2O2M2O0O3M2N3M2O1M3N2L4MlXQo0
20120111191454Bh_5,b`l]2115530OM0kni0JoPXO3M101O0O1010O01O01O0001O00001O00010000O10O0010O10O00100O1O100O10O010O01000O11O1N100000002M2O1O0O1O001O101N1O0100[OmPN<]o1O1O0O1O100O3L2Oe]U]1
20120111191454Bh_6,\bVP22a05g1KdN0I220H49Lo0MXke1:bR\N6I6SO^OTRNh0im1]OPRNh0nm1^OkQNf0Rn1e0N10000eNXN`TNh1]k1^N^TNd1ak1^N[TNe1dk1]NVTNh1LoMSk1;mTNi1NPNSk19jTNk11oMRk1;cTNm19jMSk1T3kTNnLRk1T3lTNoL`j1CaUN`3MoL_j1EaUN_3KoLcj1E]UN[4bj1b0O1N11O001O1O1O0200OfMiUNmNUj1Q1oUNPOni1GcUNeN82;c1hi1AdWN`0Zh1\OmWNc0Ph1[OlXNLTg12PYNMof11XYNKff1FjUNBj3d0[f1FUZN9ke1FYZN5ie1J^ZN0ae10hZNEZe1;U51OO10O10O10O100001O0010000O100O1O100O010O1000O001O100O1O10O11O0000001O01O00010O001O1N101O0O10001N1O1O2NU\og1
20120111191454Bh_7,lWbS25334?5A9JH6HMm01H5]OJL<8AV14PO2N6a0Dob13T\N34?5A9JH6HMm01H5]OJL<8AV14PO2N6a0Dob10\^V82`miG2O001N3M2O0O10000O01O10001N101O1N2O0O2O001OlPX24PogM0M4N3N3L3N002N1O1O00001O001O001O00100O00001O010O10O0100O1O01O01O1O001O100O0000011N1000O10O00100O01O101O0000O101N1O1O01O0100O0100O010O1O001O1O1O1O2N5LO001O0010O010O01O01O0100O00100O1O00000100000O002O0O10O0001O01000O02N10O10000000O10O02O1O00O1O01000O010O010O0100O1O1001O1N000010000O2OO11N2O0O02O1O01N1O101O1O01N00022M00001O0000O11OO02N1O2O001O001O00O011N1000O10000O10O1O0010O10O1000000O01O0010001O00000O1O1O002O000O10O1000O1000O011O0000000O100O01O001000O1UHZO[`Nf0d_1[O\`Ne0c_1\O\`Nf0b_1ZO_`Nf0a_1VOhXN1h7j0^_1UOjXN1h7j0\g1O10O2O4K201N1O3M2M012N1O1N1O011N2O0O1O011O1O01OO23L0100N01001001NO110O10N10O020000O1O001N2O0O10O01O1O100O1O2M2O1N101N2L4J7^OhSP5MPcoJ5nZNOXOO6ODO6Ob14ZN0`01F4N0m0LFKlYih0
20120111191454Bh_8,Wen^22a01@23N\oo0N^PRO3M2O0O2O001O4MO010O00001O000000001O00000O100O100O10000O10O100000000000O101O000000000000000000O1010O0000O10O1000O1000O1000O100O01000O1O010O10O01O0010O1O001O2N1O1O`ZmZ1
20120111191454Bh_9,kcn\2221?3CL02OMO0enc04SQ^O2N2O1O1000000O3N0O100O1000000O10000O2O1O0100O000O100O1O2N2N1O100O1O01O0010O00010O000O1000001O0O2O1NlZW_1
20120111191454Bh_10,Xfhd08206NI614Yn=CaQD2O1O001O00100O1O2O0O2O1N3OO02O0O001O5ePN^Onn1j02N0O100O1N2O1N2N2MiXmX3
20120111191454Bh_11,PZhS1i0220A4JUne0NgRZOOcm17hQNIO2Xn19cQN:\n1e000001O00000000000O1000O000O2N101N110O010OjNcQNk0]n1UOcQNl0[n1>O1O1O1O01OO101O000000O101N3M4K3N3gN\QNo0mn1M2O3N1O0FkPNHWo14nPNIWo1MQQNOmc]h2
20120111191454Bh_12,mafo13o04c21PMNU21bNM?1mNLmhS2=iUnMMPQNGin19]QNG_n16gQNITn16RRNKhm15]RNKdm11`RNNin10RN0kSN1Tl1OlSN2Pn10RN0nSN0Ql1OQTN0lk11WTNOnj1OhSN0_11jj10lUN0Vj12XSNNS20hj14_UNL[m1O02O100QLMcX>0^kA0eJ0eZN2Xe1NjZN3Se1MP[N3md1MU[N5gd1K[[N5bd1L`[N5Tj12iNHcRN9ih1GgZN1\L<gh1CoVN0[31kL>\i1IgYNIlL`0gh1_OoVN4f3M_Le0ih1ZOQWN2c4h0Wd1VOVWN2Y4O\Ko0Qi1POZWN1_4X1Qd1gNaWN0d4V1hc1jNcWN1h4T1cc1kNeWN1k4R1^c1mNhWN0m4R1Zc1nNhWN2n4P1Xc1oNjWN0Q5P1Tc1oNlWN0S5P1cc1QO_\Nm0mb1ROnWN1Z5i0gb1WOnWN0_5f0cb1YOnWN2a5d0_b1[OPXN0d5c0\b1]OPXN0d5c0\b1]OoWN1e5b0[b1^OPXNOf5d0Zb1\OoWN1f5d0[b1[OnWN1h5d0Zb1[OnWN0h5d0\b1\OkWN1i5b0]b1\OkWN1i5c0\b1\OjWN1k5c0ib1]OX]Nc0kI]OXh1OQXN1m5j0]b1VOd]Nn0Xb1QOj]NP1Tb1POl]NR1Rb1nNP^NR1na1nNS^NT1]h1N\InN\^No0]h1N2N4KTQNZOdn1b0^QN^Obn1`0`QN@dn1:c0O1N1O1O100O1O101N01001O00O010O010gPNObn10]QN1dn13WQNMin13WQNMin13XQNMhn13WQNMjn12WQNMjn12VQNNkn12UQNNjn12WQNNhn13XQNMhn13c000O10O20O1O100OO100[Scf1
20120115063134Lh_1,ZbVR11294I58OHO9LE11M6NJ^mU22[RlM3O2M2O1O1O1O1N1000001O0000000000000000000O10O1000O100000O1000000O11OJcPNI]o16ePNJZo15gPNKYo15gPNLXo15fPNLZo14fPNL[o13ePNM[o14dPNL]o1;00001O00100O10O01O001O10O01O001O010O1O1O010O00010O00010O00010O0001O010O00010O01O00010O0001O10O01O01000O100O101N1000001OO101O0O100000O1000O10O10O010O10O010O10O010O010O01O000000001O01O0000000000001O000O1010O1O10O0100O00010O0001O01O010O0010O01O0100O1O001O001O1O1O5IP[e`2
20120115063134Lh_2,XcZe11g02>1[OMJ2Ymo00XRRO5M2M2N3N2N8H2N2N2N101N2O1O0001UOZQN:gn1A]QN>To1O000O3N1O0O10000O2O00O01000O00100O010O0010O0100O2O0O1000O10O10O10O00010O01O010O01O01O01O0010O01O010O11O0O2OO10O01O001O0001O01OO2O3L6HoY[T2
20120115063134Lh_3,SXiQ127135JKonm03fPTO2O1O1O1O100O10O010O100O010O00100O010O010O01000O10O10O010O010O01O10O010O1O001O000000O10O10O0010O1O010O10O10O010O1O0001O1O1O0010000000O100000001N1O2O0O2N\g^h2
20120115063134Lh_4,]]dl15j0:AD<OL6`11Pjc1LgS^N3L4_OMoPN7kn1b0F:O1N2N2O011N1O1O1O100O100O1001O1O1O2N3M2N1N101O0100O0001O1N100N10100O1000O02OO11O000O100O2N101N2N8H2O0O1O1O100O010000O01000O10000O10O010O01O001O010O01O01000O00100000O2O0O1O2O0O1001O1O001O1O0O2O0010O1O1O010O00O2O10N101O2M4L2N1O000100O2XOUQN7Zo101N2N3K]]ii1
20120115063134Lh_5,fXhg11191I00a0=:EUO0_ni11XQXN6C:M1M4M2O1O1O1O1N2O100O1O100O1O001O10O01O1O000010O010N2O00100O10000000001O000000001O0000001O100O1O2N0010O01O1O001O001O0010O01O001O010O00100O1O001O2O0O10O0100O010O1O1O010O1O1O001O01O00000010O00010O0100O010O10O0100O10O100O101N1001N10O0100O001O00000001O001O0O2O2M1O2M3M3MRemm1
20120115063134Lh_6,^X^f121051K7>GC052383IH04>gk1_OXU^30enaL11OO010010O0001O01Ooo30QPL0VQ<0jnC1O010O01000000O1000000000000000000000QP20ooM0oN0RRN0on10PO0QQ20PPN0nPN0Rn10nQN0Sn10lQN0Tn10lQN0Un10jQN0Vn10jQN0Vn11jQNOVn10jQN0Vn11iQNOXn10hQN1Xn1OgQN1Uo1OUO0fQN0Uo1010O000000010O0QP20QP80ooM0ooG0QP40ooK0QP40PPN0WPd00Yo[O0oPL0Po11PQNOQo10?0010O01O01O00000000cPN0jn11UQNOln10TQN0ln11SQNOmn11RQN0on10PQN0Po12mPNOTo10kPN1Vo1OgPN3Zo1McPN6]o1J`PN9_o15001N101N1O100O01O010O001O10O01O010O100O001O001O001O000000001O000000O1000000001O011cPN@Vo1g0N1O1O2N1O1O2OO02N010O10O001O1O00100O1O001O1O00001O1O0010O01^OlPN6To1JmPN5To1KmPN3So1MmPN3To1MkPN3Uo1MlPN2Uo1NiPN3Wo1;001O1O1O001O001O2N001O000O100000O100000O100000O1000O101N100O100O2O0O2N2Mlcef1
20120115063134Lh_7,lRW?2>232EOKM11O2Q11PO25=JF2H14N:0A5`0J_O_ni02XQXO8J6I6K3K500N100O1O1000001O2M3K5J6]Od0J5N2L4N200O0002N00O1C_MXSNc2cl1?N1M3OO210001O101N2N2MQNjSN:Rl1DVTN@AIUl1f0aTN]O\OMnk1g0nTNVOVO2jk1h0VUNQOQO7fk1j0QVNUOai1^OhTN^1j1SOZi1Y1jVNeNVi1V1ZWN]Nhh1[1R3L5M3M3N2N2M2O2N101O1N2M3M4L5JTlj[3
20120115063134Lh_8,`ghW3284l0KJ7_OML0V11nNOG:f0HL0_OJ_iQ23UVPN<F3M2N1O2N100N2O010O1O1O000001N110N200M300O1O100O1000O1O100O1O100O2O0O2O2N2M7I4L3M2N2O0O2N1O2O1M3N2XSNVNXk1k1eTNYNXk1i1dTN[N[k1f1`TN_N^k1e1YTNbNfk1_1QTNiNok1LfSN>3MXl1@mSNk1Tl1QNPTNn1Rl1mMRTNS2nk1eMZTN[2gl10O00O10O0101N011N1O3N1N101O000000nSNQNRj1P2iUNTNVj1m1hUNTNZj1k1eUNVN[j1i1dUNXN]j1h1aUNYNaj1f1]UN\Ndj1c1ZUN^Ngj1a1YUN_Njj1`1SUNbNnj1]1PUNdN]k1P1aTNQObk1l0^TNTOdk1h0]TNYOek1d0[TN]Ofk1a0ZTN@hk1=YTNCik19XTNHjk15WTNJmk11TTN0Ql1HQTN9jm1100N2O1O001O1O1O10000O101O0O100O2N1O1O1O1O1O1O1O1O1O101O0O100001O2N102M3M2M2O1O1O2M2O2N0O3L3N5L7G7FSi]10b_o9
20120115063134Lh_9,eZj`14169MKJ^16oNN56c01]OFg01\ONbe11W[f30ZnYL2L5M2N2N2N100O101N100000001O00001O0000000000001O0000000>CA>10O1O020N000010O01O010O01O010O0001000O000010O01O001O001O00100O000010O0001O01O001O00001O0O10001O0O2O00001N100O10001O001O000010O10002M100O101OO0101O000011N000000000O02OO1O010O0010O1O00001O000O3L2O7IN21O2O001O1O0010O01O10O1O010O01O1N2MaP:0aoE5]PN2in1g0L3LO3@[QNAgn1;`0H900O2N1001O0O10000010O100O1001001OO210O0O04K]QNOWm11\102OQP41ooKOO000W10in10PPN000O0kN0WQ20ooM0QP20ooM010N1011OmPNOUn17cQNI_n17e003MfPNLhn13WQNMjn13VQNMkn12TQNOkn11VQNNkn12UQNNkn12UQNNkn11UQN0kn10UQNOln11TQNOln10b01O10O01O010dPNNhn12d0O001OePN0fn11ZQNOen11[QNOen12ZQNOfn10[QNOfn11d01ePNOen11[QNOfn11ZQNOen12[QNOdn11\QNOdn10^QNOan12_QNO_n11bQN0]n1OeQNO[n12eQNN\n10eQN1Yn10gQN0Yn11fQNOZn12eQNN[n12eQNN[n13dQNM^n12aQNN_n12`QNNan13^QNMcn12]QNObn12^QNMbn13_QNLan14g0OiPNL`n16f0O0010O11M10001N1O00R^[j1
20120115063134Lh_10,[`Zb0S12TO:97K_OT17kN2NH3i0;YOBN5OHd03^O=:FNJe09>HjN28JU_;0X`F0Y]T1<WbkN8G7J6L3L3M4K4M2N3K5K4G:K4J7J6H8K4O2M3N2N1O2M2L3MoNSTNXNdk1n1PUN^Mfj1m2R1301O0OO3L4\Od0O01N2M4K3N10M4M4N1001O00101N2N2N1OlNbSNiNZl1Z1T12N2SZNTNe]1Q2[bNoMb]1S2_bNmM\]1W2ebNiMW]1Z2U81FfMkRN`2Pm19K6N2O1O1WNWM[VNj2_i1dMWVN^2gi1hMSVNZ2mi1lMjUNX2Tj1lMeUNX2[j1f100100O2O1O1O2M4M3M2M2N3M4L2M3M3L3L\]NPLbY1l3`fNTLbY1f3a9J6K5L3M3K5K4M3K5M3M5K=C9H4K4L3N2M4L4K6Ja[N[OmY1;YfNEQe10\onT3
20120115063134Lh_11,RPcc21n01on?8goA3O0O2CERQN=in1HTQN;jn1?O0O11O000100O0103M003NN2N1O1000O1O2VOSQN=nn1AVQN<Xo1O1O1O1O001O1O1O00O11N3K`n`Y1
20120115063134Lh_12,T^j?T3;oL4:;Q3KUOAbM1M?9BJMb07<K@LG45NI52MHW\10`cb00PP^O0TR<OjmC201O00N11O10O10jaNN`l00bSO0W^10P^O1oSOOok03na01M12OO1001OOO21OO1O10O0100O20O01OU_27d`M3L3M4K4M4M2L4N1fAPOcmNQ1ZR1ROemNP1ZR1POdmNR1[R1nNdmNT1[R1kNemNW1ZR1jNcmNY1[Q1jN_aNKV=]1[Q1fNaoN9aA8n^1^O_oN9kA7U2]OcY12[RO8TB7n1_OcY11ZRO7[B7h1A^Z12`PO7]C5n^1EbmN6cC5al1LcSN3Zl1LjSN4Tl1KnSN4ok1NTTN2hk1M]TN2^k1OfTN1Xk1HRUN8jj1GZUN9`j1GgUN9Tj1FRVN8hi1H`VN8cl10100OcLHTWN8jh1HWWN8Yl10O0O0R@IQoN7TB0l^1I[cN1_5OXJOjM7D3b_1GUcN<U8DiE>Rb10PhNAWF8la18_<0O1N1jZN^OkZ1e0]dN^OV\1c0VaNZO`a1g0\^NYOha1h0P^NZOTb1f0i]NXO\b1j0hfNVORP1j0noNVOml01efNj0]<UOSP1l0loNTOTP1m0koNSOUP1o0_hNQOk^1o0S80mXNROU_1n0h`NSOY_1m0f`NSO\_1m0b`NROa_1m0d]NROmM1i4OVX1m0kgNTO1OUX1l0kdNUORMc0iN]OX7OSX1l0]fNTOVJi0Xg14]70oVNSOQc1k0S60jVNUOVc1j0i\NVOYc1j0e\NWO[c1j0b\NVOac1l0[\NUOgc1l0T\NUOoc1l0m[NTOWd1n0c[NSO^d1Y1T[NgNod1\1kZNeNZe1i0`VNWOP40de1?jVN\O_34U5LWW1?[`NBT33Rf19PWNCj24Wf16SWNFc24[f15P[NKQe14oZNMSe11mZNMVe12iZNOXe11gZNN]e10bZNO`e11_ZNOce11ZZNOje11SZNOPf11mYNMYf11dYNO^f11`YNOdf10YYN0jf11RYNO^k1000O0O1mo101OiZ20fWK0^kN0Yb1000gb54U_HMYl14j1O`QNLPm14lRNMVm13hRNM\m11aRNObm12ZRNNim13RRNORn11hQNO]n13YQN0nn1;b\R2_O^bhP3
20120115063134Lh_13,h^nl1a0h0@J5CNn0NVlY1OiSd00nnSN0PP20Y__o1
20120218152654Bh_1,[[eS21313O32218MPnm04VQTO5L2O1O100O1N2N101O1N3N2N2M3N2QQNQOin1V1M1O1O1O1O100O001O01O001O1O2N4L2N2N001O1O1O1N101O1N2N1O2N101O00001O00000010O0000010O1O0010O0001O01O0O2O1O1O1N2N4I\cjf1
20120218152654Bh_2,jd\m11f11ol[13TQfN3O1N101O000O2O0000001O01O0000O1010O0000001O0O2O00001O00100O0000001O01O01O01O00001O01O01O00000010O000001O01O01O010O0010O01O010O00100O010O10O01O10O0100O100O1O1O001O00000010O0001O0000001O00010O0100O2O0O101N1O2N1O1O3M3LdY]j1
20120218152654Bh_3,bZ^e11n00UO6e0LHOM5FJSmS15cRnN2O1N2O0000010O01O0010O00010O10000O101O0O101O1O1O0010O01O00010O001O1O1O001O000010N1000001O0O1000001OO10O2O000000000001O002N1N101N4M1N1O2O0O2O00O100O2N2N100O1O2N1O1O1O3L4L4K[boS2
20120218152654Bh_4,UYhS21:0K10ON0:101Unk02XQVO5K3N1O1O00001O000O10001O000O101O001O001O100O001O1O1O1O1O1O100O0102N4L0000O3N000O100O2O0000O1O1O100O2N001O100O1O001O001O1O00010O0000001O1N3N6D\ekf1
20120218152654Bh_5,[^lk01121O0142OM60F043MMO81J0O5122Yl1KQVR30ZmmL5M0O3N2M2O1N101N101O0O10000O2O0000000O10001N100O010O100O10000O100O1O1O001O100O10O10O010OO2O0K60O0100O10O10O10O100O100000000O1000000O100000000000O01000O10000O010O10000O01000O1000O1000000O2O0O100O10O010000O100O100O10O10O10O100O0O2O00100O010O010O1000000O10O10O10000O1O2L300O100O1O2N1O1O2N1O2M201N3M^PR10`omN7J3EHkPN:So1HlPN8To1IjPN8Uo1:01N100O2O000O10000O101O0O10000O100O0010000O100O01000O0100O10O0100N2N101O00100N1100O00001O001O000100N1M400O1O010O10001O00000000000000001O0O10001N1O101N2N2M2Oo`Wa2
20120218152654Bh_6,U^bm2142W1NfmQ12iPPO4M3N1O2M2O2N1O2O1O1O001O001O001O0010O01O0000001N100000O1000000O100O100O10000O1000000000000000000001O0001O0010O02N100O1O010O100O100O0101N100O10O10O1O2OO010O00001O1O001O3M4L2M6J``ik0
20120218152654Bh_7,hXa`21j02_OOL4Uoo1KePRN1N2O1O1O00001O001O01O01O01O010O0010O01O010O010O01O0010O01O10O0100O010O1O10O01O10O0010O10O00010O000000010O0000000000O1000000000000000000000000O1000O10O100O10O01000O01000000O0100O10O10O100000O10000000O0100O1O1O001O100N1010O10O0100O0100O10O0100O001O0O100001O0N3O100O1O00100O1000O0100O0100O10O100000O010000O100O1O1M300O100O1O1O2NmfVS1
20120218152654Bh_8,P`da12j12bN0:N_O0g0023Rnc0;ol]OEYWNa0bh1EYWN>eh1DYWN=gh1DYWN<fh1FXWN:hh1GWWN9ih1HVWN9jh1FUWN;kh1FTWN;kh1FSWN;nh1EPWN<Pi1DPWN<Qi1ElVN<Ti1DlVN<Ti1EVVN^OcNn0Wk1ESVN@dNl0Yk1EPVNR1Pj1PO`TNM7\1Yk1V2001O00001N2O1N1O2M3M2F;]OaSNaMbl1[2cSNaM`l1\2cSN`Mal1j1WSN`N^m1KeRNT12iN_m1LdRNQ18mNkm1o0f00MN2N11003K8E`]mZ2
20120218152654Bh_9,TdYW12193M00NL3NM351Lb02e0WlW1jNZSjN5M4L2N4L4L3N2N1O1N2O1N2O1O1O1O1O002N002N001O2N001O1000O0001N1000mNjQN=Un1^OPRNb0Qn1[OSRNd0mm1YOVRNf0cn1000O011N100O1O101N100O2O0O0100000O00101O0O101O001O1O1000O01O0000O01O010O001O0O2O1N2N2N1O101N2O000O2O010O0001O00001O1kNPRN8Qn1FSRN6om1HTRN6lm1IWRN4lm1HXRN5jm1IYRN4WWVa2
20120402105814Th_1,babg02460JN10`00^O0448ME0k0k0\OUOIOOelc17dR^NNfPN;ln1d0M3L4M4L3N1O101N01dNkQNm0Un1nNQRNP1cn1M6J6J3M1O1N2O001N100O100O0100O1O0010O00001O00001O0O1010O00100O1O1O00010O0001O00001O0000O100O10000O100O2O000000001O00O1000000O00100O1O1N200O2O0O10010O10O10001O2M5L3M1O002N00O2O00000O2O1O1O3N1N1O0O0101O0O2O00O100000000O100O001N101O2MZZgn2
20120402105814Th_2,aRUP22:Oc01H>DCm03ROLmlm1ObRTN<J3N1N20O01O0F_OVQNa0in1DRQN>ln1;1O000O2N2O1O1O1N3N102M2O001O0O0100000000O10000O1000000001O000000000O100O10O100000010O1O00100O1O001O001O01O01O0001O0100O11O0O100O010O1O100O1O1O10O01OhPN8Xn1IeQN:[n1EdQN=[n1e00O10O2O00O10O10O1ZOaQNI_n17cQNH]n16dQNJ]n1FdQN108^n1CeQN3N:kn1DVQN<ln1AUQN`0Uo1001O0O10N2OgPNASo1>mPNERo19oPNIon16RQNKmn1LQQN024nn1J\QN7Vo11O0HJfPN7Yo1IgPN7Yo1JfPN6Zo1HhPN8ao10O00001N11O0002N100O1O00100O1O010O1O10O010O10O0100O01O010O01O1O3L5L001NeiTd1
20120402105814Th_3,jX[V314<MF34NJ;7DK97IGO2d0010Pm=6gQD<G7L6J5K4M3M2M301N2NUOlQNMRn11TRNNim1O]RN2^m1KhRN6Um1IoRN7ll1JWSN7dl1K^SN7]l1HiSN8Sl1EVTN;ek1BaTN>^k1[OjTNd0Zm1O2O1M2O00O01O3L8GgcXg0
20120402105814Th_4,VcXW11:3KOONWoS12aPnN101N100010O01O001O010O01000O010O01O01O0100O01O010O1O1O0000001O000O100000O10O10M3O01000O0100O001000O10000O10O1000O100000O10000O10O1000000000000001N10010O0000000001O1O1O000O2Mc\Sb2
20120402105814Th_5,RZYQ31b02DNSog04bPZO3M1O010O11N10O1O001O001O1O0010O010O010O1O0000001O000O10000001O0O10O01O1O10O01O010000O101O0O2O00O010000O01O010OO200O1O2MheTj0
20120402105814Th_6,VZem258MI1>N00Xna03TQ@2O1O001O1O100O000100O100O100O010O010001N2O1O0O1000O1000000O100002N1O2N1N3N0000O3N2M1O2N2M\dln0
20120402105814Th_7,XUin0151d00YO2:NHO[og05YPZO3N1O100O1O001O001O001O1N101N2O001OO101N2O1O001O001O0000O10001O1000O2O00O01O10O02N100O100O1O10O01000O0001O01O01O010O2N1Oajdl2
20120402105814Th_8,VVaX242Ncok01XPVO1O01N1000oog1Ooidb1
20120402105814Th_9,dXok22?4Z10cNMa0O[O1l0OnN1?OI4e0KTO1NOPi[1=`VfN3N11O010GePNIg45ae1:\ZNJce15\ZNMde13YZNOge11WZN1ie10UZN1le1OgYNCoKOO?[j10eYN=]f1C_YN>df1\ObUNFe3P1kf1XObUNH`3P1Qg1WO`UNI\3P1Xg1UO\UNK[3P1[g1TO[UNMW3o0`g1SOZUNNT3P1dg1POYUN0Q3Q1gg1oNXUNOQ3R1gg1oNXUN1n2R1jg1lNXUN3l2R1lg1lNXUN2j2T1og1iNVUN3g2X1Th1eNUUN2b2_1Yh1_NTUN3_2b1]h1[NTUN3\2e1_h1YNTUN2\2g1_h1WNVUN0Y2l1ah1UNUUNOX2n1dh1RNUUN0T2o1hh1RNTUNOe17UNh1Uk1RNRUNO`1X2di1hMnTNO]1X2gi1iMmTNOZ1X2ki1hMkTN0Y1X2[j1hMdUNW2^j1hMcUNV2^j1kMaUNT2aj1kM_UNP2gj1PNWUNk1Pk1UNmTNe1[k1[NcTNc1bk1]N\TNa1hk1`NVTN]1Xm1LnNfNeSNd0Um1\OeRNg0]m1DfQNK4e0Yn1e02^OeQNXOan1a0b0O2O0O1M3KWdnn0
20120402164214Mh_1,WYQm219380`00VO0<NA2olm01fRTO4N1O2N1O100001O001O1O001N10000O100O010O010O010O01O010O00100O100O101OO02O00O100000000O100O1000O100000O10O1000000O1000001O000O20O01O1O1O1O10O010O001N101N4L2M5JncPm0
20120402164214Mh_2,`ReS21W20jM85Nk0J@4B0Slo10cSRN3M3N1O2M2N2O100O1000000001O0010O01O01O01O00000000000000000O10001O00001O0O10001O0001O01O00000000010O00010O01O010O10O0100O0010O100O1O010O10O10O11N1ePNDQo1i0M1N100O0100O010O1O11N101O0002N1N10000O010O010O100O1O10WQN]OTn1c0jQN^OWn1b0hQN@Wn1?hQNBZn1=eQND[n1=aQNF_n1:_QNGbn18]QNJcn1j000010mN]QNg0bn1WO_QNj0an1UO`QNk0an1ROaQNn0hn101000O0010O01O001O0O2N2O000000000000O100L4N2M3O1O1N200O1O1O1N2O1O1O1O1O2O0O2N2N4JYj``1
20120402164214Mh_3,QbZi022l20TM<OK;MGM3W1KhiU26bTlM7L4M3M2O1N3N1O100O1O11O000O3O4J4M1O0O1O100O100O10O01O0010O0000010O01O0001O010O0000010O00010O1O00001N101O0O101O0000001O0000000000000O101O00000000O1000000O1O1N200O1O100O101O01O01000O103M3L2O2N00000000000000O10000O100O2O001O001N2O1O1OO011O0O100O1O10O10O10O1000O01000O01000O100000O02OO01000001N011OO10O02O00000000O100O2O0hPN\ORo1j0O2O0O1O1O10000O100O01O001O001O1N2O1N102M2N4L5HbYoh2
20120402164214Mh_4,kYYZ11;4G38J13LNgne13kP\N3N2N3L3N2N2O0O1O1O01O010O000001O00000001O0000001O010O001O001O010O1O000000000000000001N100O10000000000O10000O010O01O0N3O000010O001O0001N10001O0000O2O0100O0010000O100O010O1O10OO20000O01000O1000000000O01000O100O10000O01000O100000000000O100O100O1O1O2N1NkeT\2
20120402164214Mh_5,nReT21m12TN2gnS1MVQnN2OO\O1WQNOhn10ZQN0fn1O[QN1en1O[QN1en1N\QN1en1O[QN1en1O[QN0fn10ZQN0fn10f00O0fP>0ZoA00000000000O1000000000O10O1000000001O0000Ql`g1
20120402164214Mh_6,]ZmV3180M111MO12120O4LK060ana07lP@3N0010O0010O00000@FZQN:Vn1O_QNL85Un14`QNL71Yn1c0aQN@]n1R101O1O1O001O100003L2O2N2N1O0O010O100O3M1[O]QNKen12]QNMdn11`QNLan12bQNL_n13bQNL`n11cQNL`n11mdne0
20120405130014Th_1,i^bl015:7GF4042H10km1OjR^20SoaM3O1N3N001O1O1O0O2O001O00001O0001O00010O00001O10O01O0001O01O01O000O101O0000001N101O100O003M2N1O1N100KYOQQNh0mn1600O10000000000000000001O0O100N3N2N100000000\OlPN<So1EnPN9So1GmPN9So1GmPN9So1GmPN9So1GmPN9So1GlPN:To190000000O10000O10O1000O10000000000O0100O001O100O100O100000000001O100O1O0000001O000001O000000001O0O1000000000000000000000000000000000000001O00001N101O1O1N101N1O10001O0000001O00001O01O01O00001O0001O01O0010O0001000O10O10O01O1O1O010O00001N2O6Ih_Yd2
20120405130014Th_2,WTWW334OM16NL29NF20Ninc04oP^O2N101O0010O00010O0001O1O1O2N5K2N1O1O1O2jPN\Oln1n0O0O0010O1O1O1O1O0O2O001N3N2M2O1O1GePNK\o14ePNJ]o14ePNJ]o12Vk`e0
20120405130014Th_3,cZcX21:4GO1N`00dnU11fPlN2N2O1O1N20O01O10O010O1O1O10O01O00000000001O0000O10001O0000000000001O0000010O00001O0O2O0000010O0001O1O0000000001N100000000O100M3O1O2N100O1H]OQQNe0on16O1000000O1000O10000O1M4N:F101N100O101N1O3HXPN2bd^`1
20120405130014Th_4,W[^b14V33_M2^2IO2YN1V2Lc\13RcN3_M2^2IO2YN1V2Lc\10Ycf4b0gkYK;K5L5K4M2N2M3N1O01O0N3N2MSSNoNQk1n0lTNZORk1d0oTN^OPk1=TUNFjj14]UNNaj1MdUN4[j1ElUN<Sj1_ORVNa0Sj1UORVNk0bl1O1O1O1O2N001010O6K000000O1O3M1O01O00001N1000O1000O010000O2O1N1000000O10000000000O10O01O1O10O010O10O1O1N2N2O2M2O2OO01O11O8H1OO10O10000O1O2O0O1000O0100O100O10O01000O010O010O01O1O1O1O1O1O0O2O00001O000O100000000000000000000O10000000001O0000001O00001O010O0010O01O010O01O0O101N1O1O100O100O10000000000O10000O100000000001O001O1O2N2N002N1O2N1O2N100O010O11N101N101N2N2N1N2O1O1N2O1O00001O010O000100000O0100O2O0O0100000000100O1N1000001N011N01O10000O101O0O1000000O10001OO010001OO02OO1000O1O100O1O101N2O001O1O10O1O2O0O3M4L1O1O000O3N001O0000O100O002O0O2N2O0O2O000O2O1N101O2DSQR10UomN3O0O2N1O2N1O2M2O001O1O1O1O1N101O1N10001O0O1000000O10O0100O001000OiGUO`YN0^7k0R_1UO^YN1a7i0R_1VO]YN0c7h0Q_1XO[YN0e7g0[_1XOf`Nh0Zg1N1O2N2N2M3L5Jonk43XURKIoPo\1
20120405130014Th_5,g[Qo21;3L0K03MN52N91C1;9EFmn]13iPdN2N3N1O2O1O1N1O10O01O000010O00001O0000O10O01O1O1N2N1O100N3J410000O10100O101N1N1N200N201O001O10O00100O010O0O100O2O0010O100O101N2O001N2O000O1O000000AD\QN;en1E[QN:en1HYQN8gn1IYQN6gn1LXQN4hn1MXQN1hn10XQNOhn12XQNKkn15?001O1O10000O100O1000001O0O100O01O1O1O100O1O2N1O1O2N4Kdcdh0
20120405130014Th_6,Q^oa11d03C0b00YON30MO8123EN`nc1O[Q^N6K3N001O1O1bPNFTo1;hPNJWo1`0O1O2N3N1N10O10O01O1O001O001O001O0000000001N1000000000O1ZOPQN<Qo1BRQN1L3Ro1J]QN4dn1K_QN2Wn12VQNOco17000000000000O100O1N2O10O010000O01000000000O010000O001O01O100000000O11N1000O10O0100000O01O01O100O1OK50001O10O0100O00100O100O10O0100O1N2N2N201N1O100O1O010O10O001O0O2HQQNYOUo1c06N2K5N2O2N1O2N2N]aRT2
20120405130014Th_7,^aXn21a00A473MO`nk0KVQVO4M3M2N2O0O2O1O0010O00100O1O2N001O100O0100O4M1N1O0002L3O_PNG[o1:cPNG^o1=1O01O3N00BePN7Yo19OEhPNNXo12hPNNXo12hPNNXo1=001N10O0100O2N2O1O2N1O000O100000001O0O1001N10000001O010O4L1N\]]l0
20120512063234Lh_1,i[Wl22T11TO60O2J32M1GN33ima04gQ@4N2M2O2L4K5K4I7L5L2N3H8M2L5L5L3N3M3M3N2N10VOjRNhNXm1i0VSNWOXm1H]SN6Xn1N101O001O0O10O0010O0023L000O10O1N2N2Kn`^P1
20120512063234Lh_2,lg^R321h0:^OG6?K12LLSlm05RSTO4L3N1O1N2O1O2O1N110O01O1O001O01N1O1O11O3M2N1O01O00O100O100000000010O010OO20O001O0O1000O10001O001O001O0001000O0101N3N2M3N3M301NO2M5J3M2N3L5InSUh0
20120512063234Lh_3,oRio02a06>4TO:5FJG693O>5\OC=2emU29UQlM9K4L4L4M1N2O1O1N3M2K5K4M4H7H9M2N3N1M_OmRN[NTm1_1h0O2O0O1100O01O0N3ZOPRNWOVn1f0c0N2N2O1000001OO1O10O10N3N101N1O2O1N1001O010O1O100O2O1N2O1O001N2O1O1O0001O00000O2O0O2O000O100O10O01O001O10O01O001O10O0001M2O1O101N2OO1O010L4N1O2000000O1000000O2J60O100000000000O2O0O1O100O1O00001O001N1100O101O00001O0000010O0010O10O10O1O0101O0000O010O1O1O001O1N2O1N3M_kjc2
20120512063234Lh_4,T\iV21<180M2DN6O:2Vl1N_UV27]miM2N2O1O1O1N100010O0000010O1O001O01O000000000000000O100O010O100O100O010O10O01O1O1O1O00100O01O0O1O2O001O001O010O001O001O01N2N110O010O0100O010N2M2N2010O0K6O1O01O01O001K410O01O2O0O1O101N10001N100O01O1N2O010O01O01OO20O010000O0100000O10000000000O100O1O1O1N3O0O10000000000000O100000001O00001O5K1O001O1O0O2O001N10000O101O001O000001O00000000O1000O100000000O10000O1O100O1O1O2M2K6MZcX[1
20120512063234Lh_5,P\ah11h23QNN@0\nc19nP^N4L2O1O1ePN@Uo1i0L3N2M2O001O000O1O100O0100O10O10010O01O100O1O1O1O1O001N1O100O100O1O100O001O1O1000O10000001O002N1OO0010O01000O0100O00100N1O2O001L4M3N101O1O1O0O2O1O1M200100O101N4L3M1O100O1O1O1N2O0000000O11N01000O02J5M2000O2O1O101N1O101N2O0O1010O00O1001N2N2M3M3N2O101N1N3L5LZc`m1
20120512063234Lh_6,gVeg13S1e03ZO54Z2M]L7;I57CG^e10[b\21ngcM01O10dPN1hn1OYQN1en5OgPR10QPjN000O1O010O0000000000000000OkPN0\n10cQN0^n10aQN1_n1OaQN1_n1OaQN1Wo11O00000XONbQN2Vo10YOO_QN1bn1O]QN1cn1N]QN2cn1N^QN2bn1N]QN2Yo10ZON^QN1bn10]QN0dn1O]QN1bn10^QN0an10_QN0bn1O_QN0an11_QNO`n10aQN1Wo10O1UONhQN2So1000O1000O10O0100000O0010O010O01OOoNNWRN2jm1NURN2lm1NTRN1mm1ORRN1om1OPRN0Rn10mQN1Rn10lQN0Vn10iQNOYn10gQN0Xn11hQNOYn10gQN0Xn11gQNOZn11j0O0100O011gPNNcn12ZQNOgn11YQN0fn10ZQN1dn1O^QN0bn10_QNOan11`QNO`n11aQNN^n12cQNO\n10eQN0Zn11gQNNXn12jQNNSn14mQNLQn15PRNLnm15SRNKhm1:WRNFfm1=ZRNCem1=\RNDcm1<]RNCbm1`0\RNAcm1a0[RN@em1a0XRN@gm1c0VRN^Ohm1f0VRNZOkm1g0TRNYOlm1h0TRNVOnm1k0PRNUOom1m0oQNTORn1m0jQNTOVn1P1fQNQOZn1Y1000N101OL500O2NO2N2OE;1O01H8N2O100O01N2M4L3O1XOPRNBPn1<ZRN[Ofm1e0^RNWOcm1h0`RNWO_m1h0eRNUO[m1j0l001O100O2N2O1O2O01OO11O01O1N200O1O1O1O2N2O0N4L5HfgVj1
20120512063234Lh_7,hfnQ32o0O[O1U11mNm0=XO3IfjS17PTnN<H4N2O1O@VQNJin14[QNJen14^QNKbn14_QNLan13`QNLan12aQNN^n12cQNN\n12fQNNXn13j00PQNMSn15l00102NO0O2mPNKVn17i001O1O11115J0OePN0cn10g0000fPN0cn10]10ZO0QP20ooM000RP20YoM0e00dPN0hn10d00dPN0gn10e00PP20PPN0ePN0en10hP20gP60XoG0\O0VQN0jn10UQN1^o10\OOXQN0gn10\QN0an11aQNO\n11j01PQNNPn12SRN1im10XRNNnn10OO01XOO^QN0Zo10`SYh0
20120512063234Lh_8,_fhl213241a0Mon78VQHObm15fQNG<6km1a0RRN@lm1i0lQNXOSn1[1O0O2N2N2M21O0gNWRN<im1CiRNJZm14lRNCYm1:X1NVYoQ1
20120512063234Lh_9,neWQ21c0g0GJnmc1AdQ^N3M4M2M2O8G20O00000O2O005L0O001O01O001O00001O0001O10O01O11N3M100O001O00010O01O1O1O100O010O01O018G1O0010O001O1O1O1O0O1O100N20000000000001PQN\Obn1d0]QN^Obn1b0]QN_Ocn1a0]QN_Ocn1b0[QN_Oen1a0[QN@en1?ZQNBfn1>ZQNBgn1>WQNCin1=WQNCjn1<UQNEkn1;TQNFln1:TQNFln1:SQNGln1:TQNEmn1g00000O10000000O0100O01000000O1000001O1O001O1O2N2N1O001O1O0AgPN7Yo1HiPN7Wo1HjPN8Vo1HjPN9To1GmPN9So1GmPN9Ro1HnPN8Ro1HoPN7Qo1IoPN7Qo1HQQN7on1HRQN7]o1O001O0O101N4LQXPe1
20120512063234Lh_10,lR]P12R12:0D?VOCe1LSO2amc17XQ^NO1O1OO001O00O2O0O10O01O0O2O0OUo5O_ni00]RPO00001O10N10010OoPN0Tn10nQN0Pn11o0OSQN0mm10SRN0mm11RRNOnm11P11001O1ORP20ooM000gP20XoM0000000[o90\Q20VO0RPH0PPL0RO0nQN0nm11TRNOim13XRNMgm13ZRNNem12\RNMdm12U10XQNNcm12\RNNem11U10SQNOlm11RRNOom11PRNORn11nQNORn11nQNOQn12m01O100000010jPNM^n14g0O101O1O1Onkff2
20120512063234Lh_11,XkV^2133T12_mc0OUQ^O2N2M2O001O010O1O10000O101O02N1O00000O00100O100O0010O100O10000O010O01O0100O3N5K4K10000O01O011N4L2M3N3M4JRSk]1
20120512063234Lh_12,VYWi0161K3449M81DOin?0ePB4L4L5K4L3L3O1O0O1N2L4OO0002O10N11001O00000N2I7ON3O1001O1N3N100O002L4L]fPT3
20120528063154Uh_1,SUQU22a12QO2c0OTO4JIe26nMIimQ26WQPN4E;M2M4J5K5L3K5O2N1N11O001N2M3M3N2N2M2O2N1N21O1N110O0N111O1N2N2L3O101N1100O0[Of0N20000O2O00001OO10000000001N100000010O0O100000010O00000010O01O01O1O001O0O11O01O001O00010OO020O01O0010O01O01O01O01O0100O10O0100O010O0100O0100O01O10O010O0100O00001O1O001O1O010O10O1O010O1O10O0010O01O001O010O1O001N10000100O2N2N1N3N4JeiV_1
20120528063154Uh_2,c\W\11;3m1MPN9]nk1IVQVN3N2O1O1N2O1O2N5K010O1O1O010O01O0000001O00001O001O0010O01O100O001O001O1O1O1O001O0000010O000001N101O0O2O0O2O000O101N10O10O01O0K60O01O01O001O1O1M201N011N01O1000O00001N2N2O1O2O00000001O0K6N1O2O001O001O0O10O100001O10O010O10O10O0100O100O100O101O00000000O2O001O001O001O1O001O001O0001O001O1O7I2M_bjX2
20120528063154Uh_3,VX_^21l11XN0353Jc01cnY12WPhN8K2O2M2N2O1O1N2O001N01O1N1001O100O01O00O100010OO0101O00010O001O0010O11N10O01O0001O00010O11O000000001N101O1O1O100O00100O10O010O1000O100O00100O100O01000O10O100000O100000000O10O100000000O10000000000000O10O10000000O2N2MWg\Y1
20120528063154Uh_4,m_Tn11W22mM4Vm1JWTd2:Rn[M5L4M0O1O010O00000000N21N011O000O20O01O0000100O010O0100O010O1000O01000O010O10O1000O10O100000000O10000O10000O10O1000O100000O01000000000000000001O01O00000000000O101O01O01O0O2O00001O00001O000O2O0000001O0000001O0001O01O000010O01O000100O001O1O0XOmPNd0Xo1O10O01O10O100O101N1O002N1O010O0010O010O0100O00100O00100O00100O01000O00100O0100POUQNi0Ro1O100O1O10O02N1O100O4L1O100O00100O0010O00010O001O010O00010O01O01O0001O01O01O010O0100O10000O10O100O010O0000100O001O1O1N3N1O1N3MR]Sa1
20120528063154Uh_5,lVmR2180;1fna01cP@2O1O1O000000000000010O0010O01O1O00100O10O011N100H^PN0bo180O100000000O0101O0O5L1OO2O1M2O2NThji1
20120528063154Uh_6,oSmd0649ME8MH;2LjnU1NlPlN2N2O1N100000000O10O10HHgPN9Wo190O001IgPNE[o19610O1000O100O10O100000O1000O1O101O0000000000100O0010O10O01O010O100O1000010O0O11N100O1000O0100O1000000O100002N1O1O00O0100000O100O100O002OOO2O1O001N]jVT3
20120528063154Uh_7,[cjT1111o04RON?0EOLNP1:Pk1FcT\23VocM3N1N2O2N1O001O001O01O01O01O10O010O01001_PNFXo1b00O010O1O010O100O01001N11N1004L000O1O010O010O00010O010O000010O01O10O01O010O1O0001O010O001O01O01O010O01O010O10O01O100O00010O001O010O00001O010O0000010O01O00010O001O0000010O0000010O0001O01O010O0000010O00001O00000001O000001O01O00000010O001O01O01O010O001O010O00010O01O0000100O001O001O001O001O0001O01O00010O000100O1O010O0001O01O00010O00000010O0001O000001O00001O001O001O1N`Ym[2
20120528063154Uh_8,`cfn14W12QOL0O00k06jke0KoR\O4M3N3M7J0O101O1O000O10001N2O001O001000O011O1O10N220N0O001N6K12N0O1O000O100N109G0O101N2O0O1O1O1O1N2M^Y]m1
20120606063154Uh_1,ng\]12e05\1>hN^OXO0h04XOJcm[1a0dQfN:H7I6I8J5K5M2N2N2K5L4LPOcRND\m1:iRNCVm1=lRNCSm1<PSNCol1<[SN[Oel1e0]SNZObl1e0aSNZO]l1f0eSNZOZl1d0iSN\OUl1c0nSN\OQl1b0STN^Ojk1a0ZTN_Odk1a0^TN^O_k1d0bTN]O[k1e0fTNZOXk1h0hTNYOTk1i0nTNVOoj1m0QUNSOlj1o0UUNQOjj1P1VUNQOgj1P1ZUNPOej1Q1\UNnNcj1R1^UNmNbj1S1_UNmN`j1S1aUNlN_j1T1cUNkN\j1U1eUNjN[j1V1gUNhNYj1X1iUNfNWj1X1Y2N3L4M3O1N2O1O1N2O1O0O100001O010O1000001O1O10000O1O00010O0000001OO10001O00001O1N2O1O00000001N1O100O100O1O1O0101M3N3C=C[WmZ2
20120606063154Uh_2,^\go011021i05XOK344Llne05aP\O4L3N1N2O1O0O2O0001O01N1001O0000ZOEfQN<Yn1FeQN;[n1EcQN=]n1G]QN:Xn1m00O100O100N2O100O1O2O0O1O1O101N2N2M2O2M3M3N2N2O2M3N2M201M3N2MabZl2
20120606063154Uh_3,deZ]12=5KKL4c0K@1?7a0NZO<9_O5=VOBol]13^SbNM`n14jQNLim19^RNG]m17iRNIRm15^1N1OQRNNUl12mSNNQl12QTNNlk13n1O102N^QN5Sm1MkRN8CFbl12kSN2mNNRn11PSN0TOMjm13QSN0YO32Jhl14mSNN@0JNhl14mSNNEOEOhl13nSNOHNB0gl13mSNOMNdl13^SNO`0Nak13mSNO7NWO0cl12nSN0km10URN0>NPO0al10STN1im1OYRN0>0fk10nSN0in10eQN0]k10ZTN090gl10dQ20hQN0XN1hLOaVN1^i1OcVN1[i10fVN1Wi10iVN1Ti11nVNOPi11SWNNPg14VWNNZl18aSNH`l1a0VSN@il1c0WSN[Ohl1f0XSNZOgl1h0YSNWOgl1j0YSNUOgl1k0YSNUOgl1l0WSNUOjl1k0USNUOkl1k0TSNVOml1k0oRNVORm1k0[RNTO31dm1k0TRN[O4Jim1m0PRN[O6Glm1\1TRNcNmm1]1RRNdNom1[1QRNdNQn1[1oQNeNSn1Y1mQNgNTn1X1lQNhNUn1X1jQNhNXn1W1hQNhNYn1X1gQNhNYn1X1gQNhNYn1W1gQNiNZn1V1gQNiNZn1V1:O\QNkN[n1U1eQNkN\n1U18O1O2N1O1N3N1N3N1N2N2O1O001000000O11OO10001OO3NN3N100010lPNBdn1>oPNJVo1=6F`WiZ2
20120606063154Uh_4,cWWP11e00^O1doU11TPlN3N3N0O10001O000000000000O01000000O1N110O010000O100000000O1000O0O2O010O0100O10000O100001O00000010O00001O001O010O00001O001O010O1O00000001O0000001O0000001O001O1O00001O0000000001O001O001O001O001O1O4L1NfgZh2
20120606063154Uh_5,gVam21:1HOY1093dmi02_PXO5F:N1O001O0000001dN\OURN2l0c0kl1ISSN7kl1MSSN3kl10TSN0ll11SSNNml15QSNKol16PSNIPm1:nRNFQm1<mRNESm1=]RNoN7f0[m1a0dRN_O]m1b0bRN^O^m1b0cRN\O^m1d0bRN\O]m1e0dRNYO[m1c0_RNjN8a0Ym1e0mRNZOTm1f0mRNWOTm1k0lRNROUm1n0nRNnNTm1P1PSNmNQm1S1n0O10000O1N1L5N2N2O1O10001O001O01O101N1000O2O1N3N1N1O2N1N4LRhjm0
20120606063154Uh_6,Zmjf039Oooe03bo[O101N1000000O100O100O1000000000000001O00000O0100000O0010O01OO2O010O0100O10O010O00001O010O100000O10000O1M4KdRSU3
20120622063154Uh_1,acVi12h0OT12`N1Zl1MXUf24imYM6L3M3N100O1SO_OZRNb0em1AXRN`0hm1AWRN?hm1CVRN>jm1CTRN=mm1CSRN=mm1EPRN;Qn1FmQN9Un1IhQN7Yn1LcQN4^n1f02N10000O2O000000001O1O0000001O1O001O001O1O0010O01O1O000O101O000001O0001N10000O10000O100000000O2O00100O001O100O1O1O010O10O010O00001O010O010O001000O001000O01O010O01000O010O10O0100O10O01000000O10O1000O10O10O10000O10O010O001O10O0001O1O00100O0010000O010O010O1O1O10O01O1O100O1O1O001O100O002N1O1O100O1O1O10O01O1O10O0001O000001O01O01O00001O0O2O001N101O1N101O00100O001O001O001O1O1O001O1O1O1O1O4K2O3K4LkXcf1
20120622063154Uh_2,hg\d12\21cNO`10SN5gi_12]UbN5K3N3M3N1O2N102N0O1002O24K0N010O00O2O:G1OOO10000O20OO0100N20OO200O0O3N1O100O11N101N2N011OO1O1O3M1O1O2M10101O0O1100N2O0O2M202M4M0O1O0001O0000001O00O2O2NO1O01O00000000O10000O1000000O100O01000000000000O1O100O010O1O01001N100O3M7GbRoR2
20120622063154Uh_3,ShVe121Ob13QO1c04_mk1HS30ZmUN0m00TP60jS]V2
20120622063154Uh_4,_[[e11k03COCO:;=DB4hlo03dRRO3N2N2O1O00001O00001O00100O001O1O01O01000O0010O1O10O01O100O01000O02O00O11N2O5K01O0O2N1O3M101N3M2O2N2N4L2OO115K5I3N5J1O0O2O001N101N1O010O100O10O01O002M2N`ajT2
20120622063154Uh_5,gm`S33k01^40X12fIM8Njlk20_RVM=G6L2O2M2O00100O1O001O100O1O100O0100O001O100O0000000O1000O1N2N2N2O0M3M4K4UOk0N11001N11OO001O100000O01O010N1N110O01N40MO01N3@>I24O3000O22OO000001N2O1O2N101M2M300O101F9N1M4O0N30N110NO01N11O2O2N1O1O102O0O1O1M3O10000OO0002N20O10O010000O002O00100O01O0O2N100O2O1N101O1N2O1O010O010O1O1N110O00000000O02N000O012OZOVOTRNl0km1c0102M1O2O1O1O1O101OO10O01O1000N1N3N1O3O1M3M201N3N1N2N2N3M3M4Kh[`1Bid_N0O1001O0000Uo;4bPD8mPNDfcf;
20120622063154Uh_6,fbl?m27hMOJLF1OkkY21UTfMNao1;M3N4L3M2N1O2N1O1O10O01O1O1O101N2N2N10nN[QNh0en1VO_QNi0ln1102NO000O101O0O2O000O101O0O2O1O101N2M100O100O010O1000O010000O10O10O10O0010O0001O1O1O010O1O001O00000000000001O001O001O1O00100O0010O010O01O01O00010O01O010O0010000O010000O1O100O00100O01O010O1O010O10O010O010O1O0010O01O010O001O010O01O00001O000010O0001O001O010O0001O0010O00000001O00000001O000000000000001O00001O1O001O1O1N2O1N2NWY[R3
20120622063154Uh_7,godT33Q4NVL6b21QO3CGVOOami20lQXM0O1O0010O01O00000O10000000O100O01O01N11dM0gTNOdm11001O0000O01000am10]2000\20emM0O2MOSo?OQQ@010O001OO01000O1010N0O1PP20RPNOH8gMHkTN5^m1300NKknS1M_QlN1N1O2N11M30[NN\SN1Zn1000[NO\SN1cl1O]SN3al1MaSN1`l1O`SN1`l1OaSN0_l11aSNO_l10aSN0`l10_SN0al10^SN1bl10\SN0fl1OZSN0Zn11^n1OTSL0_n10lo50TPL0QPN0O000gN0bRN1^m1OcRN1]m1ObRN1^m1ObRN1fn100000O1O00O0100_mT`0
20120622063154Uh_8,S\h_213?6Ain10QQN?6Ain10[Rh40fnUK2do18N1N2N2O1N101O0C@ZQNa0bn1B^QN>bn1B^QN>bn1C\QN>dn1C\QN=bn1D^QN<bn1D^QN<bn1D^QN<bn1E]QN:dn1F\QN:dn1F]QN9cn1G]QN9cn1G]QN8dn1I\QN5en1K[QN5en1K[QN4fn1LZQN4fn1LZQN4fn1LZQN3gn1MXQN4hn1MWQN3in1MVQN4jn1LVQN3kn1MUQN3kn1MUQN3kn1NTQN2ln1NSQN3mn1MSQN3mn1MTQN2ln1NTQN2ln1NTQN2ln1NTQN2ln1OSQN2ln1NTQN2ln1NSQN3mn1a0O00001O010O1O001O0010O000001O010O00001O0001O010O00010O001O001O001O001O001O001O001O1O010O001O1O0000000000000010O00000000000000000000000000000000000O100000000000001O0000001N10001O00000000010O000000000O1000000000000000000000000000O100000001N10000O10000O100O101O000O10000000001O00000000001O0000000000001O0KjPN_OWo1`050001O000000001O000010O01O001O000001ePNEon1;oPNJnn16PQNNon1d0M2N1O1O1O1O1O1O0010O01O0000000000000000000O1000O10O1000O10000O1000O01000000O100000000O101OO1010O00000010O01O1O1O1O1O10O01O000100O0000100O00100O010O1O10O01O010O010001OO02OVQNQObn1P1[QNSOdn1U110N101N2OO0100bMaNYVN`1Sl110O01O001O010O00010O0001O0000001O0010O0001O001O0000100O001O1O0000001O1O1O0010O01VOYQN9in1DZQN:hn1C[QN;Vo1O2N1O1O1O001N101O001N10001O001N2O1NSNNQ21N0001011M0RP2NQPN0SP62koI1O2MLWPN1io13101N\aeb0
20120622063154Uh_9,^k\\11Z10mN0Po=5cPD1O1N3M2O1L4L4N2N1N3J5O2O001O001000010OO3N2M7I3M1O2N1O2N2M]SYa2
20120707070914Th_1,fWg_1127h0KYO7e0N\OL00;1Ro]3M[PdL3O0O1O2O000O10000O10000O1000000O0100000O10000O100000000O10000000O1000O0100000O01000000O10O10O010000O100O011N10001N10001O0O2O00000000000000000O10000000000O0100HjPNFVo19lPNEUo1;701O10O10O10O10O10O10O010O1000O10O0100O100O010O100O10O100O01000O100O01000N1100O0100O010O01O01000O1O01000O01000O010O100O010O01O010O1O010O00010O01O0010O010O0100O010O010O1O000O2M3O000100O01000O10O1000O1000O10O100000000O1000O10O1000O10000O100O0100000O010000O1O1000O01000000000001O00000000000000000010O0001O00000O100000000O1000000O01000O001O010O01O010N110O10O10O1000000O10000O10000O10O10000O10000O1O2H7O1N3O0OegPk1
20120707070914Th_2,_hZ\1127Y1MhN19Nfma02gQ@3N20O01N2DIkPN9Ro1=N2N0PQNTOln1l0SQNWOkn1P100101N3OO000002N000O2O1N1O001N3M2N1O1O2M200N2N2O1N00101O1ObUa`2
20120707070914Th_3,fXgd012751<LSni0NWQXO2M3N1N205J1004OM001O2N000001N1000001N100O010O1O001O1O001O001O0000001O00000000O10000000000O010O010O000M30001O000IFiPN:To1:0O2O1O001O2I8LPgZV3
20120707070914Th_4,j]Sh0262M23NLM:8FN0L3O84J<JKSoa0KcP@2N1N2O1L4N2O1N2M201OO100O0H901O1O2N00VNEPTN;nk11fSN1[l14_SNLbl18YSNIgl18WSNHll19oRNHTm1<dRNF^m1\15K5K3L4L5L4L5I<D``RU3
20120707070914Th_5,_bnU13346LJ<0B50\ni07SQXO4M1O1O1O0100O101O1N10O10000002N1OO010O100O01000O010O100cPNHPo19nPNIRo17lPNKSo1a01O001O0O2O00001O0O2O1O1O1O001N100O1O1O010O0001O10O0100O02O0N5LY\Ye2
20120707070914Th_6,bfan11?1I6;3BJ0MMOZm10[SV32UoiL2L4L4N2O001O1O1O012M104L0O2N2OO0100O003N0O100O10O3NO01000O10O10O0100O001O001O00101N2N2N1O000001O000000010O0001O00000010O000001O000000001O000000000000000000000000O101O0000001N100000001O0O100000O100000000000000000O10000000000O100000000000000O100001O0000001O00001O1O000000000O1000000000O100O1000000000000000010OO100000000000001O01O0000000000000000000000000O1000001N100IXOVQNh0jn1XOVQNh0in1ZOUQNg0kn1ZOTQNf0gn1WOYQNQ1fn1500O1000000000000O10010O0000000O1001O00001O00001O00001O001O01O01O001O001O001oNUQNk0kn1TOWQNk0on10001O00000000O1LVORQNj0nn14O1KROXQNn0gn160000O100O100O10000O1000000001O00002N1N3N4L1O1O2M2O7\OiPN0]o1JdPN5do1MWPNNZWZ]1
20120707070914Th_7,Y\e_12f03AO1Mj01J1I3BK;48MZO4362I0N;4_OO54L64ATe10nbf45]gYK:G3M4M1O2N2O001N2O000O101O1O01O0000010O0000000000O10000O10000O010O1O1O1O01O10O10O1O10OO200O1O100N110N110O100O100000O10O1000O10001N1O1O1O2N1O101N1O100O100O10000O1O10O10O0010O0010O0100O10O1O10O10O1O01000N2O1N2O1N20O01O100O00100O100O10O10O100000O1000000O1O10000O00100O1O100O1O1O1O1N2O1O0010OO200O1O01O01O10O0001000O0010O0100O101O0O10000O10001O0000000O100000001O1O00001O1O0O10001N1O101O00000O2O000O100O1O1O0001O000N3M2K5K6O0O1000010O010O[OiNbRNX1\m1nN`RNR1^m1RO`RNn0`m1VO[RNk0cm1j00O001O001000000O01000O0100OO11O1O00001000O000100O010O0100000O01O010O1O1N2N2N101O0O2O00010O00000001N2O00010VO^NUSNc1il1`NUSN`1_l1QNaSNj2^l1=N20OO1100N101N1O2O0N2O20OO20OO2O1N1O2O010N11OO11O01O1O001O001O00001O00001@gRNWNZm1h1jRNRNZm1k1>N3N2O0O2O0O2O1O2N1O101O0O1O100O1O100O1O10000O2N2N1O1]OYQNJkn13c0M2NkXl4EfPl[1
20120707070914Th_8,nbVV13425000jnk0LmPXO0RP40noI001O00O10PP20PPN0QP40^P40aoG000oo90h[ef2
20120710063134Lh_1,ZeTd0<552EK30]10gN:JK5K`0ii1UO^Yb3=Wl]L;C6L3N2L4M2N2K6L3O2K4L4M300N1OUOYRNAfm1>^RN_Obm1`0aRN_OWm1]O`RNV1?WOQm1n0RSNoNnl1Q1VSNkNjl1R1S101OO02O1O0N201N1N201O001O00100O0O2O010N200O001O1O010O010O010O0010O1O01O10OO2O00100O1000000O100000000001O000000001O0000000010O0000001O0000000O2O00001O000O2O1O001O01O02OO101OO001000O011OO0100O01O010O001NdPNHRo18nPNIQo17nPNJSo15lPNMTo12lPNOSo11mPN0To1MmPN3To1KlPN7Uo1FmPN:So1DnPN=Zo1002O0O011OO01000O0010O1O01O00100O01O02OO001000O20OO101OO1000000O002OO0002OO10O1O010000O0101OO11N0101OO2OO11OO01000O1001OO011OO0011OO10O010O10O0010O1O01O001O010O010O10O010O00100O010O10O0010O0100O2N101N010O2O0O101O0O100000002N0002ON01O10001N2N3M4M0O100O1O001O1O003L2O2M^U_g2
20120710063134Lh_2,XcfV11;=FK3H00Xoo02]PRO6N2M101N10000O00100O010O100O100000001N10000O1O101M2O10000000000001O00000000001O00001N101O001N100O2O001O1O0000001O00001O0010O0010O0100O100O1O10O1O1O1O1O1O001O1N5Jg[Uc2
20120710063134Lh_3,Vjdi1210c16aNLb05^ONMJb0;BH_li0`0dRXO6K6J6I7H;D;G;G5J4N4K5KhMZSNa1\l1_NgSNc1Ul1\NRTN`1kk1`NXTN_1fk1bNZTN1C<Rl1B\TNOG=lk1E]TNJM?fk1F^TNH1a0`k1F`TNG5`0Zk1IbTNE:=Uk1LcTNE`09mj1OjTNC:>lj1K`VN3ai1L`VN4`i1KaVN5_i1KbVN4^i1LcVN2^i1NeVNM]i13X300000000000001O001N2NPUmR2
20120710063134Lh_4,beZf02101441ON09>`0KYOMMWoa2M[PbM1PPN000dn;OVQL0WPH000010O00O100oo1OWO0k00QPN0O0010O10O010O010O00010O10OiPN0`n10_QN0an10_QN1an1O_QN1an1O^QN1cn1O]QN0dn10\QN0dn10]Qn00cnSO0]QN0YO00000000000O10O10PYUR3
20120710063134Lh_5,c]kb17`0N>9CH@NSPn00goSO2N2N2N1O1O100O1O001N100O2O0O1K6L3L4M3O1O100O100O1O1N20O1CaQNZO_n1a0c0N1O1O1O1000O100O00O2O1O10000O10001N1O10000O100000010O001O001O0010O010O10O10000O2N3MiadW2
20120710063134Lh_6,gdom1115406NLNJ275Zng1JZQZN2N2]PNJZo17cPNMZo1=01O1O001O0000010O0001O0001O001O01O100O10O010O01O01O10O1O101N1O001O000001O01O0001O00001O0000010O0cPN@Zo1d0O10O0001O000000000000000000000000000000000000000000000O010L4O001O010000000O01^OnPN6Qo1KPQN4Po1LPQN3Qo1MPQN1Po10QQNOon11QQNNPo12PQNMPo14oPNLPo16oPNJQo18mPNISo1a001O01O1M20010O1HiPNGVo1;jPNCWo1=510000O1O0100O010O100000000O100GfPNK\o13:NnZRh1
20120710063134Lh_7,Xbm^11`05NNUoQ1MZPPO3O001N2O0O101O00001O01O010O00010O010O0001O0O1000001O000O100000000O100000000O10000000000O010O1O1N2O1N110O01OO2O010O100O10O10O100000O010LjPN]OWo1a05O1000O010000JbPNJ^o16bPNJ^o15bPNL^o13dPNK^o13dPNKm\P[2
20120710063134Lh_8,`V[Y1111g1;ok1DiSR26XnmM5L0N2O2N100O100O101N101N10000O102M10LlPN\OTo1c0nPN\ORo1c0oPN\OQo18PQNNVo11kPNNVo12kPNLVo14kPNIVo189O10O100O010O100O010O1000O10O10O10O01O10O0100000O0100O0100O00100O0100O01000O100O10O10O1000O01000O10O10O1000O10O10O10O10O1000O1000000O10O100000O1000001O0O10001O00000O2O000000001O000000000001O000010O01O001O001O10O01O01O010O1O0010000O1O10O10O010O0001O0001O010O00100O0010O00100O010O01O010O001O01O01O10O01O010O1O0010O01O000000O100EfPN0[o1OePN0\o1OfPN0[o1NgPN0[o1OdhZX2
20120730072014Th_1,dSef12d02B06O?2@2HLm00XO0\lS2NZSnM5K2O1M3O000O2O001O0O2O1O1N2N2N2O0O2O1O0O2O001N2N101N2N101N2N2O0000O10001N100F]QNUOen1k08000001O01O00001O1N2O0000N200001O0010O0100O010O10O0010O100O2O00001OO100O100O10O10O10O0100O02O1UQNXOZn1Y1O1O1OO1O1O10O11O002O0O1O3N5K02N01N4M0O1O6J14L1O02NOO1000O00SOVQNd0jn1ZOYQNe0gn1ZO[QNe0Qo1O1O10O00000O1O2O001O0000010O101O0O10OO2O001N101O1O00000010O003POUQN1J`0`o1Lmgbm1
20120730072014Th_2,og\n01:4OL21HO046n0mm_1nNhQbN2N2O000O2O000O100O100O100O10O10O010O01O01O01O010O0010O00100O1O010O10O10O010000O100000O100000000O10O100000000000001O00001O000001O0000000000000000000010O010O00100O001O10O01O1O01O01O10O0001O01O01O01O010O10O0100O10000O3N2N2aPNG>Kom1X1aQNjN`n1[10O1O1O1N3L5A?F:FeP41aoK10N2OkUUh2
20120730072014Th_3,P]cm11=2EN62kog0OjoYO2N2O000O1000000000000010O001OO10001O00O0100000000O10O10O010O0100O01O010O01O000001O0000001O01O0100O001O1N1000001O01N1O2L5Mkbhm1
20120730072014Th_4,WkVd1551ON210NZoY1N^PhN2N101O01O0001O000O2N101O1O001O1O010O000000000O10000O100001O00000O1000O1000O01000O010000O1N2O0100000O01O1O1N2O10000000O01000000O10000O1O01000000O10000O01000O0100O0100O01000O01000000O100O010O010O010000000O2O000O100O1O2O1NaTaS2
20120730072014Th_5,hRaf13f1OkNOM4K12Nn00<0QO0B1W128Kbd]22aYdM0bPNMSo13mPNNRo12nPNOQo10QQN0nn10RQN1mn1OTQN0ln10TQN1kn1NWQN1in1OXQN1gn1OZQN0fn1O\QN0bn11`QNO_n10i00oo10QPN0O010O10OPP20oo10PQ>0TnE0lQF0Tn70nPJ0QQN0nn71PPJ0010O0100O01O10O10O1O000101OO110O0001iNN^RN1bm1O]RN3hn10jNM]RN4hn10O2kNJ]RN8en1O02OOUVNImc18S\NGnc1:k56L1O@mPNOdo10cUN1Yj1102N1O0`JKU[N5[j10bJKnZN9Re1GkZN;Ve1EfZN>Xj17TK[OWZNi0je1WORZNl0^j14K5L3M4SSNdNQk1_1oTNaNnj1a1WN_NcXNb1Xf1^N_WN1V2a1_f1bNUWN0W2^1jf1_NSWN0m1c1Sg1]NPZN[1QLfNVn1X172YMdNhVNW1bi1iNZVNW1ji1iNRVNV1Rj1kNjUNS1`i1mNRUN0]1P1gi1oNkTN1[1P1ni1oNfTN1\1n0hj1SOTUNl0Pk1UOoTNj0]j1SOZTN2V1l0Xk1TOfTNj0^k1VO`TNj0bk1VO]TNf0hk1ZOVTNe0nk1ZOPTNe0Sl1[OkSNd0Yl1\OcSNe0_l1[O_SNc0el1^OVSNc0ml1^OPSNb0Sm1]OkRNc0Xm1_OaRNb0dm1]OXRNc0Pm1ZOVSN4Cf0Xm1VOVSN7YOf0cm1TOSSNV1Pm1iNRSNS1Pm1nNPSNo0Sm1QOnRNh0Xm1WOiRNf0Zm1ZOgRNb0\m1^OeRN>]m1CcRN9am1G_RN9am1G_RN8cm1G^RN7fn1O1OTO1UQNJ`05_n14]QNKin1a0?@jg^m1
20120730072014Th_6,\P]Z21452MO20M442MXo]10SocNN`RN2_m1OaRN2^m1NaRN3_m1M`RN5_m1JaRN7dn10[OM\QN5[n1I[QN394\n1I[QN474]n1I\QN463^n1JZQN473_n1IZQN5OH3:dn1JYQN91Oen1IYQN91Oen19ZQNIen1i0010O001O001O1O001N10000001O1O1O1O1O00000000000001E\QNXOdn1h0]QNWOdn1h0\QNXOdn1h0\QNXOdn1?ZQNA30cn1?ZQNA4Ncn1a0ZQN^O50an1c0a01O0001O00000O10000001N1000000001O000O2O00O010O2O000000000001O000O100O100O10OLePNE[o1;ePND[o1=ePNC[o1<4100DCTQN>kn1DTQN;mn1FQQN;on1FnPN<Ro1901O001O00O101O000O2_OjPN6Vo1IlPN5Uo1JmPN5To1IPQN4Po1LPQN4Qo1KPQN3Qo1LQQN3_o1Nfnn\1
20120730072014Th_7,d\a`297HL5e0N^O182i0L82[mU20mPlM7K4L4M3M3M2N101O1O001O01O001O002N2N1O0000O1N2O1M3N2O1N2O1O001O10O00100O1O2N100O1NITO]QNl0`n1XO_QNh0an1ZO]QNf0cn1<O1fQNeNnm1\1PRNgNom1Y1PRNiNnm1X1QRNjNmm1e1O2OiNQRN=nm1XOSRNK1l0lm1YOURNINo0lm1XOWRNQ1im1nN[RNo0em1QO\RNn0cm1SO]RNm0cm1SO]RNm0cm1SO]RNm0bm1TO^RNl0bm1UO]RNj0dm1WO[RNi0em1YOWRNi0im1g00O100O10O010000O0100O010O1O010O010O2O^NWRNm0hm1ROZRNm0gm1QO[RNo0dm1QO\RNo0dm1QO\RNo0dm1RO[RNn0fm1ROZRNm0fm1TOXRNk0jm1b0300000010O000O1O2O1OKWNVRNh1Sn1M;F2M1O1O100O1O01N001001O002M2O1N2N2O1O1O00000O100000D\O\QNe0bn1<100O1O101O0O2O01O000001O0O100N10100O010K410N1N30M3O011N200O1O01O2N1E<M3N^bfR1
20120730072014Th_8,jW]n12f02[O011`08GFHOc05e02jNLaoo0MYPRO2N2N1O2N0O22MgmQ1IRQZO0iQN0afjm1
20120730072014Th_9,^`ji21103010O>1LNH4OK2b0Mlng04[PZO1N2QOLoQN5om10mQN1fm1KkQN7=Ohm1KhQN;;Llm1KgQN<7MQn1a0hQNBWn1T1O1O0N30O103K2O1O1kNeQNc0\n1]OgQN>\n1AgQNHM:\n1OSRNOmm10URNNgm17ZRNHem19\RNFdm1;\RNEcm1`0XRNAgm1a0XRN_Ogm1a0YRN^Ohm1c0XRN\Ohm1d0ZRNYOgm1g0i0O2EmPNFTo1:lPNDVo1c0001O0O1O2N10001O1O3M8I1N1N`^[R1
20120813063134Lh_1,P`RT12287O5LL2T1LnN1G:5K7Jg02SO6?Fgf10WZl34RnSL6L2N100O2N2O000O101O0O1000O0100000O10O01000O100000O10000000000000000O1000001O000000000000000001O000000000O2O00001O001O00001O00001O00001O00010O0100O00100O11OO010O2O00O10O11OO11OO0101O0O100010O0O1001O000O110N010000002M100O100O10O010O2O0O1O10O00100O105J2O0O011O0O00100O10O001O2N1O1J6N4L2O1O0O3N1O00001O0O2OhPNDln1<SQNFmn19RQNHPo16mPNNSo11lPN0Wo1MhPN4ao12O1jPNFen19XQNLgn14VQNOin11TQN4kn1`010001N1O4L00010O10O0001O001O00001O001O00010O00001O001O1O001O1O010O10O010O01O10O010O01O010O0100O010O1O101OO0100000O010O100O010O110N010O1O20N01O01000O10O020N10O100O11N0010O11N1O00100O00100O10O010O02O1N101N101O0O10001N1O10000O1YRNSOZl1l0]11O010O1O01O2OO01O1O2N001O00000O100O108G3N2N3LPPR30PPnL3aQNITVQR2
20120813063134Lh_2,fZe^11e13_NMZoi0a0noWO6J2O2O0N200O10000O2O000000DUQNCjn1<YQNCgn1<ZQNDen1<]QNC`n1`0`QN@]n1c0dQN[O\n1f0>1O000O1O0010O1O101O1O1K5N3M2O1O2OO10O01O00100O010O10O1O1O1M3O1O2NodT]2
20120813063134Lh_3,hYcQ21545NHi09XO:122Wni07aPXO6K3D;L5M101O0fNjNkSNV1Sl1ROgSNm0Zl1UOfRNDl0R1cl1[O^SN?hl1BXSN:ll1EUSN8nl1FSSN9ol1GQSN7Qm1HPSN7Qm1IoRN4Tm1LlRNOYm12eRNO\m10dRN0\m11cRNO^m10aRN0`m11]RN1dm1N[RN2gm1NWRN3im1MVRN3km1NTRN2mm1MRRN4nm1LQRN4Qn1LnQN3Tn1LkQN4Wn1LhQN4Xn1MfQN3\n1McQN2^n10_QN0cn10[QN1en1OZQN1gn10WQN0kn1b01N2O0O2N1O1O100O100O100O1O100O1O1N2M4M3MXeji1
20120813063134Lh_4,Sbm\215260aoc0Oko]O701O0001OO100000O000100O100O10000O01000O1000O01O1000000001O1N2O000000000000O010O01O00100O1O1O1O100Oj]X_1
20120813063134Lh_5,e^UQ21a016OXna05jP@2O1O1O10O01O103cPNFmn1=lPNGTo1c00O102M101N100O101N100001N110O01O3N0O11N0001N1O100O001O1N3N3Kd_fk1
20120813063134Lh_6,TUYe22k03YOLe02]ONM6Z2JgM1j0Odma05VQ@5M2N1O2N1dLInVN7Pi1LnVN4Ri1MnVN3Qi1MjTNHT1;Qj1NhTNMT15Qj11jTNMS12ni17nTNJQ1Ooi1>jTNHFAOLg0<jj1b0hTN?;oNlj1j0cTN8?mNoj1n0`TN6>lNTk1o0[TN7?kNWk1m2_TNUMbk1d31O2N1O3L5K8G<E4L4UMVSNZ2Xm1N2M5TO[RNVOhm1j0XRNTOjm1_12N3M4J8[Oi0]O>JjgdW1
20120813063134Lh_7,jcl_14h02EKF1>1N1JN44flk1NgRVN4M2O00I^PN1jo1O001OO10O10O1O001O01O0O2O00000000PP60PPJ0000010O00001O0000000000000kZg[2
20120813063134Lh_8,jc`Q311:0F0121N53JNO=2\nW12oPjN3M1O2N1O100O1O1O1O010O1O10O010O010O1000000000000000000001O00010O1O1O2O0O010gPN[OUo1i001N00100O1O010O2N100O100O001O010O0O1N200000DVQNBkn1<WQNCin1<XQNDhn1;YQNEhn19ZQNFgn19YQNFin19XQNFin19WQNGjn1:UQNFjn1;VQNDjn1=VQNBkn1`0TQN^Omn1a0910O0100000000O2O00O100O2N1O2O0O001O1O2M3N4IhZWg0
20120813063134Lh_9,kcfQ3174OMK01440YoQ1KaPJ0WP`00hoeN1NOTPN0oo10UO0f10Yn10jPN1O101N10001O001O0O10001O00O2M3O1O00lPNN[n12cQNO]n11bQN0_n1O`QN2`n1O^QN2bn1O]QN1cn10\QN0en10ZQN0hn1OYQNOgn11ZQNNgn11ZQNOfn11e00O010O01000001OZ[Uh0
20120930063534Lh_1,[lja21Y10J2\O0J1KM41K15Oile13fR\N6L3M2O2N100O10O010O10O1O001N1O1O1010O01O010O010O01000000000000O10001O0O2O0O2O001O001O001O001O00100O02O1N100O2O000O10O11OO010000001N10002M101N1O10000O10000000000000O11O00000O1000O10O10O101N11OO201M11O010OO11O01O0O102N001O0O1001OO110N110O0001O001N4L2O1N1O1O2N1O1N3MooTT1
20120930063534Lh_2,milb1122j02]ON67FHfma04nQ@2O2N1]PN1So1`0O1N4M2M2O1N2O02M3O7H2N3M2O0O1O001N100O11O0001O1O001O1O00000O010O2N2N2NjSQZ2
20120930063534Lh_3,acfh016013L6g0JCOH0b07EIXlY10WShN5L2N2N2O0O2O0O101O001O01O01O1O100O001O1O2O0O00100O10O011N10000O1O100O100O100O100O1000O100O100O1O100O1O2O2M5L2M4L2N2O0O100O2N100O3N1N2O000O10O10000eNkQNj0Vn1SOmQNk0Tn1TOURNd0hn1K1O2N010O1O00000000000000001O0010O010O01O1O1O5K2LWYco2
20120930063534Lh_4,VnR\22b14V1>WNBXOL\lm05SSTO7K4L4L7J4L3M2M3M2O2M2M5L4K3M3M3N1N2O0O001O3M3NeNcRN6Zm1JkRN6Pm1JUSN:bl1FbSN>Vl1BoSN?kk1AZTN>ak1BdTN`0Tk1BPUN>jj1C[UN>]j1FfUN:Vj1FnUN;ni1EWVN:ei1F`VN9\i1FPWN3lh1L_WNN^h10jWNNRh1OUXNOig1M^XN2`g1LeXN3Yg1KlXN4Qg1KTYN2lf1LYYN3df1M_YN1af1NbYN0^f10cYN0\f10dYN1[f10eYNOZf12fYNNZf12fYNNZf12fYNOYf1OhYN2Xf1LiYN5Xf1HiYN9Wf1ClYN>Vf1\OnYNd0gj10100O3N3L5L1N1O2N1M[kd^1
20120930063534Lh_5,]XSn1110m0:EJEMgmc01mQ^O3M2O100O101O000O010O1000000000000000O1000000O11O0001O0001O1O2iPNEdn1<UQNJjn1f01O1O1O1O1O2M2O2M2N2M3N2M3NoeZn1
20120930063534Lh_6,Rfcd11131N601675KDH5nmc0KgQ^O<I4M3M3N1N2O100O001O100O001O1O01O0010O000100O1O10O001O1O4L3M2N2M4M3L2O1O2O0O1000O100O2_NgQNX1an1O00001O2iNXQNQ1mn1O5K3L5YOoPN5\W^W2
20120930063534Lh_7,W_Tb23<5NNOO]og0OTPZO3O1N101O000000O01000O1O010O0010O001O0010O01O1O010O1O1O0N3O0N3M2K]OmPNe0So1302O00001O1O1O01O0BQQNKon14SQNKnn13TQNMln10WQNOjn10VQN0jn10WQN0in1OWQN1kn1MVQN3jn1KXQN5Zo10O10O1O2N1Ma__Y1
20120930063534Lh_8,PWUP3110[12QO6OJ`oW12loiN5M2M2O2O0O1O1O1O1O0O2N11O000010OOK\ORQNc0mn1APQN>Ro17010O1N2O01I6O2O010N101O01O1N2M4N1O2N2O1N100N11O0O2N2O1O10O10O10O1O01OO1N1O12N1O2O1O00O101O010O010O1N2N2O1O10000O10O01O1O10000O1000001OO100000001O10O0000010N2H_PNNog\h0
20120930063534Lh_9,[khY23]19hNJ8Nc5OnLNagW31cUjL4K1O12L20ONjNO]RN2_m1NdRN0Zm11hRN1Um1OmRNOQm12QSN0kl1Oc100O00lo50[RH2gm12iMLaTN8cm12N7aN@oRNa0Zn11gN^OSSN<Zk1CPUN0J:Pk1GZUN0G6hj1NfUNLA6dj1NoUNM_O2_j1OYVNNXO4Zj1LYUNO7171ll1NTSN3Xk1MhTN111il11VSNOil13VSNKll1<mRNDSm1b0iM^OXWNb0bh1^OQUN0^1d0]i1\OQUN1k1`0Pi1@SUN1R2>hh1ATUN1d23Th1LWUN2h23mg1LYUN2o21eg1L\UN1U32]g1M]UN2X31Wg1OaUNN\32Rg10bUNM^32of12fYNOmKMei15_ZNNlKMci17aZNLlKNai17cZNKmKM]i1;fZNGnK0Zi19hZNFoK1Wi1<b[ND^d1<]VNCh42id1>YVNBP51fd1f0Z[NZOdd1g0^[NXObd1h0^[NYO_d1g0d[NXO[d1h0Q[NWOlK1Qi1i0V[NYOeKNSi1i0[[NYO`KNUi1h0^[NYO\K0Si1i0b[NXOYKOTi1i0f[NWOSK3Ti1h0k[NASd1a0o[N]OPd1c0R\N\Omc1e0U\NYOic1h0Y\NWOfc1j0\\NTOcc1l0^\NTOac1k0d\NPO]c1`0QWNJfn1f03N010O2N10O02O0N3O0O2O0O200N200O0010O010000OO10001OAmPN2So1KSQN2mn1MVQN2hn1NZQN1gn1N[QN0fn1O[QN1dn10\QNOdn11]QNObn12]QNOcn10^QNOcn11\QNOcn13]QNLdn13]QNMbn13^QNNan12`QNN_n11bQNO_n1ObQN1Vo1010O010O010O010O010000O10oo30oo50RPF0000000000000000000QP20A0`P40noI10O1000O1ePNOfn10f0000ePN0dn11f01dPNNgn12YQNNgn12d02bPNLln13TQNMkn15SQNKon14PQNMPo13PQNLRo13nPNMQo14nPNMRo13nPNMRo13nPNLSo14mPNLSo14mPNLSo14mPNLSo14<1aPNKQo15PQNKPo16<10000bPNIQo18=ObPNIRo16=0aPNKRo15nPNKSo13nPNMRo13oPNLSo11nPNOQo13nPNNSo1OoPN1on11a0NbPN0mn11RQNOon10a01`PNOnn10SQN0mn11RQNOnn11a00bPNOln10UQN0kn10X10fN0e00ePN0[o1002XON]QN2Yo11YOM_QN3Wo11XOLbQN4Uo11O1XOJcQN7\n1IdQN7\n1JbQN7^n1L^QN5cn1K\QN5cn1M[QN3fn1MYQN3in1LVQN4ln1LRQN4on1LPQN3So1LkPN4Xo1LePN3ao10SPST1
20120930063534Lh_10,\kP\23410;f0N^45iKAg01dNMSjS11^UnN01O1000`Q:2anEOO2NO10O00Oim1OU2010TQL0in50TPL000O10O10en30\QL0O1mTNOXf11kYN0Pf11UZNNhe12ZZNOce11_ZNN_e12dZNNZe12hZNOSe12nZNNRe11]52dUNLld14T[NMid13Z[NL_d1;a510O2N2OcNNPSNMRm17mRNGUm19nWNGob18P]NGSc15n\NLbi11100002OO4Mdkl^1
20121024073354Uh_1,TbnY18_1MnNOMO31KMO2414OH0N2586DA0\j[10`UfN6K3M2N2N101N2O1O001O3M1O10O01O0O10O2O0O2N2N1000001O0002N2N2N100O11O002N3M010O100O1O100O01O10O0001N10O20O00O11N100O101O1O100O1O1O001O6L8I3NON1O0O2N5K3NgNlQNd0jn10O0O03N3L3N000O1001N001O2N00O11OO010O0O2O00000O2O0O1O2N2M3N3LdXm]2
20121024073354Uh_2,WeZh213382MLO0KO41dnk01PQVO5K4N2O3M1O2N0100O1O1O2N3M1O00000O2O010O0100O001O0N3I7L4N101N2O1O1O1O2N1O10O0100O010O010000O010O100O1O0O2N1000000001O1000O100O1O1O2N1O2N2N3^OSZ[R1
20121024073354Uh_3,X[Sb217`0d0C\ON7232NMN:2HJM32eni03dPXO6L3N101O00O10O100N20O0100O00000O01000002O1N10O000F;K4[MVORVNl0Pj1UOlUNm0Tj1UOjUNk0Wj1VObUNn0`j1SOXUNR1ij1POSUNP1oj1ROoTNj0Uk1XOiTNg0Wk1\OgTNa0[k1CaTN;ak1IZTN7gk1NPTN5Sl11TSNoN4V1hl1e10O2O1O1N4N1N4fMoRN\1Xm1^NlRN^1om1J5M5IQ1oNeafY1
20121024073354Uh_4,]PWg1142784I1OI21OJNYok05ZPVO4M2O10O010O1O001O10O01O001O00010O00001O00000000O1000O01000O100000O001O100O00100O0O2N1O2N1H8N3N10000O1]OVOoQNl0mm1[OhQNm0Sn1b0O10O1L40000SOnQNLSn11SRNKom1NU1N3M3MSohS2
20121024073354Uh_5,TlVZ1113d0M]O2;NG2i01^O3OLSo=2\PD3M2O2K4N1M3K6N2N2N2O0O1nNVO`RNLLS1^m1T1L3O00100O11M3N3M3M:E3]NmQNW1cn1fN^QNn0jn1O0O3N3ZOQQN6YQ_c2
20121024073354Uh_6,ek^W12c00@O42L4m0JXO1n00e01dNObnm06dPTO6L2M3N2M3M2O1N2N2N200O1O1O1O1O1N101O001O0O101O0N2M^OeQNWON<[n1>iQNVOK;Zn1a0jQNCWn1;kQNCSn1>PRN@Pn1`0TRN[Okm1f0[RNSOem1o0d01001POWQNi0in1WOZQNe0gn1[O[QNc0en1^O]QN>To1O^OBcQN=[n1ChQN7To1NUOKoQN4Pn1LRRN3lm1NVRN1jm1OVRN2fm10[RNO`m13eRNMgn1N10O1000O10N10O10Rn11jSL0bl12RSNMWm11_QN3n0Ljm12URNNmm10RRN0Pn11nQNOSn13WQN2Xo16fPNOdo1HlQYc2
20121024073354Uh_7,hZg[21<012M0K0MNaoa12ZP`N1N101BMmPN3Ro1OmPN2Ro10hPNJ06Xo15gPNKYo1>000001O00000001O0O10000O10000O4M00O0100O10O1000000000O10000O2O0O10001O001O10O000001O001O000000000000JKaPN5^o1LaPN5^o1LbPN4]o1NbPN1^o10bPN0^o10bPN0^o11aPNO^o1:O100D@XQN`0hn1@WQNb0hn1_OWQNa0in1_OWQNa0in1@VQN`0jn1@VQNa0in1@UQNa0kn1_OTQNc0kn1^ORQN1`0K]n1Q1O000000000001N1KRQNXOnn1g0TQNWOmn1h0600O101O001O1O0O2O001O0O101O001O1O1O001N101O0000001O000O101N100N3NadR[1
20121024073354Uh_8,gmPo12P10_nc03\P^O1O1O00001O0000O11N1O1M4N1O2O001N2O1O001O1O010O@iPN9Vo1ElPN<So1@PQNa0Xo11O5K01ZOhPNa0\o1O1O1O100O1O1O1O2N1O1O1O1O3KkPam1
20121024073354Uh_9,k[ci0294=LH5LMNNM04c0H^O50N02OM6NN070M4I4d1]g1ZNRZN1F30Mm1OSk_36ZQbL2N2M201N1O100O100O1000000O01000O10O1000000001O0001O000000000000O10000000001O00O1000000O100O10000O100O001O01O0O2L31O010O01000O1O10O0100O2O000O1000000000O100O100O100O010O100O100O010O0000010O0100O0100O01O100N20001N101N2M2Nko5LYPJ3N1O100O1N200O1O010O10O010O010O10O010O00010O1O001N2O001J510O010O010N110000O1O1O10O0O10000O10000N20001O00100O010O100O10O10001N1O100N2O010N2N20OO200O001O0001N2J5L400O10010OO10100O1O101N1O101N100O1O100O00LAhPN`0To17001OO11O100O00100O010O1000O01O1O01`UN[Oce1f0^ZNZOae1g0U4]OmQNg0Pn1e0M4M201O1OO11O000001N1O2N2M201O1O100O1O1O1O2M2D<N3K5M3M4L3MdbRb2
20121024073354Uh_10,m[kR3188NJL31O13?LC6Zoo0OUPRO3N1O1O1N10O1O1N10100O01N101OO0101O1O010000O010N100101N10O10000000000000001O001O000010O000100N110O1O00100O1O100O01000O01000000O0100O2O000O2Ndcfg0
20121024073354Uh_11,dZ[h0130YPn01VoSOOgPN4Xo1MfPN4Yo1NfPN2Zo1NePN3[o1MePN3[o1MePN4Zo1MePN3[o1NdPN2\o1OcPN0^o19000O101N101O1O00001O1N10001O00O100O010O100O10000O2O00000010N100000000O2O001O0000001O00000001O001O1O00001O000O110O0N20O10O10O1O101N101G[PN4jo1NQehQ3
20121024073354Uh_12,\jhg215054JM11UoU1OcPlN2O10O01O001O00101N1O0001O010O00001O000O1000010O00010O0000010O0000001O0001O001O000O10000000000O100000O0100000O10000O10000000O100000000000O10O1N2O10O1000000O100O100O0100N101O001N11O001O2O0N3M_UQQ1
20121024073354Uh_13,mYi\21d04NOO1<0AM21^11eN1J9ii[2CiUfM0ao=0_PB0\PN0do1000E0fPN0eo10F0dPN0\o11:O0000ZPN0\o11cPNO]o11cPNO]o12bPNN^o12bPNN^o12bPNN^o1280ZPNN^o12bPNN^o12bPNN^o12bPNN]o12dPNO[o11ePNO\o10cPN1]o1OcPN1]o1OcPN0_o1OaPN1go100000]OOWQN1]o1O[O0ZQN0fn10ZQN0fn10ZQN0fn10d00hPN0Zo10O0nn=0RQB0mPN0Vn10iQN2Vn1NiQN2So10bTN3hf1MWYNOof11g3NdQN2Uo1OYOOaQN1`n1O_QN0Xo11[OO[QN1f3Odf10fUN1fn1OYQN2e3Nhf10bUN3Zo10ZTNMmf10^UN4Zo10YTNLbg15\XNKeg15ZXNKgg16WXNJjg16o32O0DHPQN8Po1HPQN8_3Hfg10kTN8`3Hdg10lTN7`3Jdg10kTN6a3Ifg10iTN7P39Xh1@gTN7n22fh1G\TN6m20mh1JTTN6m2OSi1KPTN4k22^i1O_VN4ai1J\TNMV16dk1JZTN1]OOlj15TWNLmh14eUNKZO4Rk11dUNKYO4Rk12fUNJUO5Vk11eUNJSO5[k10eVNN`i10_VNOei11ZVNNhi11XVNNji11UVNOni10gS88YoGK2OO02013VbfY1
20121125063154Uh_1,Y^SU11>4E0331J1257EG64QoQ13[PPO4M2O2N1O10000J51O0O2O01O10O010O010O0100O1O010O00O1N2001O001O00000O100O00100010O1O00O1M301O0L41NM310001O001O2N1O1N2O1O1O1O1N10010O001N2O1O100O1O1O100O011N1O1O1O3LVafd2
20121125063154Uh_2,WgPV33f01_Oc0S1[OYO2V1MgNb0DE0K_1?4_OWk_1;hRbN4M101M11001OO010O001O1O2O0O01000O00O0SIEV^N;ga1IX^N7ea1LZ^N4ga1MX^N2ha1OX^N0ia10V^N0ja11U^NOka11S^N1ma10R^N0na10R^N0ma11R^N0ma11S^NOma11S^NOma11T^NMma13S^NLoa13Q^NMoa13R^NMna13R^NMma14R^NLPb14n]NNPb12Q^NMPb14n]NLSb14m]NLRb15m]NLSb13m]NMTb14k]NKVb15i]NKXb15g]NKZb14f]NMZb13f]NLZb15e]NK[b17b]NI`b17^]NJcb16Z]NLgb15W]NKkb15Q]NMQc13k\NOVc12d\N2]c1N`\N4bc1KZ\N8gc1GW\N;jc1FS\N:oc1Fn[N;ia1PO^[Nf0g2:ka1PO`[Nd0d2=[d1Cc[N=_d1D][N<dd1GY[N:hd1FU[N;ld1GnZN=Re1CjZN`0Xe1@aZNd0be1]ORZNl0Pf1TOlYNn0Vf1ROgYNo0\f1QO_YNP1df1QOXYNo0kf1QOQYNQ1Qg1oNlXNP1Xg1POeXNQ1]g1oN`XNP1dg1nN\XNQ1gg1oNVXND[Mi0ej1CmWND`Mg0fj1EhWNBdMh0hj1G_WNBiMf0lj1IUWNCnMc0Qk1LkVNCSN?Wk13\VNe0hi10]UN1hj1ORUN1Sk11gTNN`k12YTNMmk1Q23M5K4L3M5K=D5J3N2L4K6K5J7I5L=_Oa0VOfRca0
20121125063154Uh_3,QV]d211062L12O4NL75J^ok01TPVO20O01O00100O010O10O0010O0000010O0000000O10000O100O10O01O10O1O010O010O000001O0O100O2N1O1O1BFVQN:in1LQQN6ln1?00101N1O2N3AmPNMVo1LSjVW1
20121125063154Uh_4,gXag12314O>3AMOO9:g1GbN1:6HH`g10]\h31WkWL8H2N4M1O002N1O2[O_OgQNb0Wn1@hQNa0Vn1@jQNa0Un1@kQN`0Sn1BnQN>Pn1BQRN>om1BQRN>Qn1_OQRN`0Qn1]OSRN`0mm1_OURN`0km1_OVRNa0im1_OXRN`0im1_OXRNa0gm1_OZRNa0fm1^O[RNa0em1_O]RN`0bn1000001N101N2O0O01O0100O1O01O01O1O00010O1O00010O001O010O0001O01O0001O00001O001O00001O001O00001O01O01O00010O00001O0001O00000000001O000001O01O0000000001O0O1000000cKDUYN=hf1FXYN:ff1IYYN7gf1IYYN7gf1IYYN7ff1KXYN6hf1IYYN7hf1GYYN8hf1HXYN8hf1GXYN:hf1FXYN:if1EWYN;if1DXYN<hf1DWYN<lf1BTYN>Wk10000000O10O10000O100O100O010O100O010O10O010O0001000O000000100O0000010O000010O0100O010O010O010O010O01O010O01O010000O10O01000O10O0100O10000O10O1000O0100O0100O001O10OO110O0010O1O010O10O01000O10O01O001O1O0O101O1O0N200O2N1M3I421O2M2O1O0010000O0100O2O0O1M3O1O2N0N3N2O10O1ON300O100O0011O001ON201O01O00O2O001O001N2O010O1O00010O01O0010O000O2O010O01O01O1O1O1O2M3M^ePb1
20121125063154Uh_5,d]U^211081?0F4NLL0`o[11SPfN3N1O1O1O100O1O10O0100O10O10O1000O1O0100O010O010O0010O0O1001O00001N2N101O1N101O010O01O1O1O1O01O00001O1O100O0100000O10OO2O10O00100O010OO100000100O1O1O000100O1000O10O0100N2O100O10O10O010000O100O2O0O100O2O0O1O1O100O0O2N2O2M2M4Mma\Y1
20121125063154Uh_6,[Yon1144127KI8:JXom04noSO5L3M3N1O1000O2O0O100O100O100O10O1O1O000O01O100OO02O1O01O100010OOCcPN9]o1FfPN9bo1MIJhPN4Zo1LfPN3eo1NFOfPN1[o10cPN0]o11cPNN]o13bPNN^o12bPNM[o18dPNHZo1:ePNF[o1;ePNEZo1>22N01O100O1O010O10O01O1O2N1O100O1O2MYfnk1
20121125063154Uh_7,cQi\2170N2c00_OO60FOTn;3^SD0\l15`SNO]l12aSN0_l10_SN1al11\SNOel12YSNOgl13USNOll13fRNG\O8mm15aRN7`m1LSRNZO4j0jm1T1O01O0O1N2O2M2N3M4M3M4N5L1kNXQNn0nn1VOPQNa0Yo103K8HZlRa1
20121125063154Uh_8,ZXkg13949JD2L111_132LcNM24<OJ09Mnf12cXN49JD2L111_132LcNM24<OJ09Mnf10_^V60kimI0XPN0@0_PL0`o10`PN0ao50WPL0XPN0`o108090ho1000ooM0QP2000ooM0QP20ooM0QP40boK0=0^PN0bo10QP20ooM0B0lPN0bo1000000000C0jPN0co100010O0C0jPN0Vo10jPN0Vo10jPN0Vo10jPN0Vo10jPN0Vo10=0^PN0bo10A0nPN0Ro10nPN0Ro10nPN0ao1000@0PQN0Po10PQN0Po10PQN0on30aPN0`PN0Po10PQN0`o1000_O0a00`00@0_O0RQN0nn10RQN0nn10a00oo?0^PB0UoM0=1^PNOUo10>000O010[P20eoM0C0hP20doM0co10]PN000>0UO0=0_PN0So10mPN0So10?0^PN0So10?0O010oo1000_PN0SO0m00SO0mPN0bo10A0mPN0bo10O10OPP2000C0k00coM0_o=0_PJ0ooM0bPN0`oM0PPN0PP2000QPN000oo1000UlM0UWN0fl1000d00gN0dP20g00]N1jPNOo03lMN]RNOem11\2OjN1N10OgNO[10O0\QN0[m10eRN0dn10iN0aRN0fn12L20M30oN0TRN0mm1OQRN3Pn1MQ10O1O0k00\NOfQN0[n10dQN0]n10h010OjPN0_n10h000000iPN0Wo11XOO`QN0Xo30ooM10O1000no10RPN10O0000010O_O0SQN1ln1OUQN0]o1010O1O0O1001O0010O1O0ANQQN3on1MPQN4on1MPQN3Qo1NlPN3To1OiPN2Xo1:1O1O001O1O100O000001CFTQN9kn1LPQN6Po1=O1O1000O01O10000O010O100000O10000O010O010O1K500O1L4N2O100O10000O1000O1000O10000001O00010O0000001O00001O000001O0000000000010O000000000001O00O2O000000000000000000000000000O10001N10000O10000O2O0O2L4MjVZ60UaeI0\XN0j02[3NdL21NZ^dT1
20121125063154Uh_9,a[Ul2181K0joi01ZPVOO\o13aPN0]o11bPN0^o11`PN0`o18O1000O1O1O100O010O0100O100000001N1000000O1003M010O000000001O1O01O0O1O100O2N100O100001O2N001O001O1O00001O01O01O001G_PN0bcVo0
20121203063334Lh_1,RbUn11127Ol00[O0Qo]14YPdN4K6K2M3N3M101N1WQN[OUn1h0hQN\OUn1f0hQN\OXn1e0gQN[OXn1g0eQN\OZn1U1O100O1O2N1O1O1G8L5O10000O100001O000O2O1O1O1O1O1O1O1O1O1N100N3N1O1O1O001O01O0100O1O100O101N10001N1000000O010O10M2O2N1N2O11O1O00100O100O1O2O0O101N1O2O0O2O1O001jNYQNP1ln101O0O2O1O000O100O100O10O10O100O101N100O2O4K7H5Ld\Ri1
20121203063334Lh_2,cedT2127>IY17ZNNamY1OTRhN5M3N1O1O1O10000O11O000000000001O1N4M3M002N01O01O0000010O0000O2O00001O0O10000O100010O101N2O00O10OO110O001N011N10000;E1O2NO100O101N3M1O1N2O0O2M3N2O0O1010O010O0000001O0O10000000001O001O100O0100O001N2O2M2N6IlVcc1
20121203063334Lh_3,^^k[215215W1OQOJJ1N6cnY1NlPhN7L2N3M3I6O1N2O1N3N1O2N101N1O100O1O1O1M3O1O1N2O1O1O0O2O1O1O2N1O2N101O001O1O1O1O1O100O1O00001N100O100N101N11N11O01N200N2O1N3N2N101O1N2O1O1O0O2O0O100O1O100O100O100O1O1O1O1N2O2N2J6TOYQN;kn1BWQN<kn1BWQN=Wo1N3L5KQ`l\1
20121203063334Lh_4,nXcP332431X1Jm14kMNlN5U1Hol]12eQdN8J3M2O2N1O2O0kLDdVN=Yi1JbVN7[i1MdVN2[i1OeVN1Yi11gVNOXi11RUN_Ob0`0Zj13RUNBa0;]j13QUND`0:^j13RUNE>8`j14QUND>8bj15oTND=8dj16nTNB<8gj1:jTN^O;;kj1<eTNZO=<nj1;dTNZO;=Rk19bTN]O7<Wk17aTN@4;\k15_TNB2:_k14_TNDN:dk12\TNJG8mk1N\TNV1dk1b11O2O0N1gMSTN`0nk1]OYTN>hk1@]TN<dk1AdTN9\k1FhTN7Yk1FnTN3Uk1KoTN1Sk1LRUNOPk1NWUNKmj12WUNMij10\UNNdj10^UN0aj1NcUN2]j1KfUN4^j1CgUN>nl1O1O0O2O1O1M4M7Fhk73VTH6J4M4K5J6K3N2OO1O101N2O2M2O1O1N2O2O0O100O10O10000O1000O101O001O1N102N2N1O1O2N1O^edg0
20121203063334Lh_5,_]Yd122Oa04_OL91H0^oo01dPPONao1:N1O2N1O1O10000O100000000O1001O001N2O001O00O100O1M201O10O00100O010O10OO2O01O000O110O000010O01O10O01O01O00100O100O10000O10000O1O2O000O2O00001O0O10001N2O2LTbjU2
20121203063334Lh_6,WcjP11<3H0O040JM21O122gne0OPQ\O2N101N2N2M3O1O001N101H_OmPNc0Qo18N101O001N3N3M2N1O100O001O1O010O01O100lN^QNh0dn1TO`QNj0ln1O2N1N3N3M2N2N1O1O100N2O1O[[ak2
20121203063334Lh_7,l_XP12l07WO22HO`0U1ImNFN0<5SnW1NVQjN100^PNK[o15fPNKZo13hPNMXo11jPNOdo1000^O0RQN1mn1OTQN1jn1OWQN1]o10O10O0100O1001O2N10O000PP20PPN0PP20PP20RO0nPL0O20OO2O2N1O10OdPNJon14PQNLRo13?O]PNNWo12hPNNZo11<7Ylc03YS\O4L5L2N3N1O1O001O00000O10O1000000O1000000O2N4M3L4L5Jd^Ui2
20121203063334Lh_8,\g^l01b00E191F2ao?L[P@2eo1f0_O3M3N1O1O1O1N3N3M3ZOlNYRNW1`m1h0M2O1O2O0000010O00000000000001O1hNdRNJ]m1OnRNKSm1H]SN5dl1DeSN9\l1@mSN=nm1LTVmP3
20121203063334Lh_9,ighe11321N=6A72C^ni00\QXO3M2O1O0O2O00001O0001O01O000010O00010O01O010O10O0100O010O0100O0100O10O010O010000O101OO010O010000000O10000O10000O10O0100O1O00100O1O1O1N2O1OiVQU2
20121206063154Uh_1,agTR21Q10O0SO3_nk01WQVO4L3O1O1N1O2N2N2N3M3M2N3L3O1O7I2M3N001O001N2O10102M01N8H2N4L1O1O00103K1000001N101O0O1O1N2N2L4M3N101N2OO20O00100OO2O0010O100N2N4J_Wmh1
20121206063154Uh_2,ai\[3177LK:6R1IhN8Ymi08kQXO4M2O1O1O10O10000O1001O001O01000O10100O1TQNSObn1Z1K2O0O101O10O002N3N1M5M7H3NO4L6I2001O0O11O7JM2O1N3N3L2M2O2M2M4L4L]S]`0
20121206063154Uh_3,ZUYh01621OO2d02EMon[10\PfN4N2M2O1O1O1N101O0000O2O00O11OO101O00100O001O10O010O100O00100O1O010O100O010000O10000O10000O10O10O100O1O010O100O100O1O10O10O100001O0010O1N101O0N2N2N2O2N10001O0O10000010O01O001O0010O01O100O1O0100O1000O1O1O1O1O1O1O2N0O101OZOeQNGZn1:gQNEYn1:iQNEWn1;mQNASn1>oQNAQn11eQNN<0om11gQNL<2om10hQNI>5Pn1J`RN1_gnn2
20121206063154Uh_4,hVoU1161O2?MD6e0KVO2Qm1MoST32gnkL4N2O0O1O1O001O0100O01O101O00000000000000000000000000000000000O10000000000000000O10O10000000000000000O10001O000000000O1000O100M300O100O1000000O100O101O001O1O1O1O1N2O00000010O000000010O001O00100O3N0O0101N100O0010O3N0O001O100O002N01O02N0010O01O00010O0010O010O01O1O010O1O00100O0000001O01O000000010O0001O010O1O1O0010O00001O0000010O001O0010O0001O0000001O01O000001O00001O000000001O00001O00001O01O01O0000001O00000001O000000000001O00000000000O10000O1000O010O001O10O01O10O010O010O0001O00100O010O100O100O1O100N20001M2OfgjV2
20121206063154Uh_5,VhjQ113180K1LOToa02eP@2O1O001O00001O001O00000000010O0010O10000O010O01O1O10O00100O1O100O0100O01O010O1O001O1O1O1NRWgj2
20121206063154Uh_6,[e^b0n02XO31_oa1MVP`N3N2N1O100O2O000O1000000O100O1N2O10000O1000000O1000O010000O01O00100O010O100O00100O10O010O010O01O10O10O10O010000O01000000000000000001O000000001O1O1O1O000O2O00000000000000000001N101O1N3M10000O01000O10O1000O1000O10O1000O01O01O00100O10O1000O010001O0O10000N3IaZoS3
20121206063154Uh_7,odnd21n00fnU14UPlN4M3N1O2N1O2N2O1O1O2N10O1O1O001O0O2O1O1O0010O00010O000000010O10O00000O10O10000O00100O100O10O00100O001O1O1O1O001O001O000000000001O0001O0000010O0101N010O001O10O01O100O01000O01000O01O1O1O1O1O1N4LYXiS1
20121206063154Uh_8,R]Wf013:28N_O24N5_om0JXPTO1O2N1O100000O0100O10O0100O00100O100000O010001O00O100000O2OO0100O01O010O00100O010O01O01O01O010O001O010O00100O00001O0O1O1O100O0010N2N201N2N2M4LebZT3
20121206063154Uh_9,R`cn02656OIf01EO45j0Zj1cNbUN56OIf01EO45j0Zj1bNQWN1WPf43nm[K2YPNL^o1=N3N0O2O0O2O001O001N101O000010O01O1O1O010O0010O01O01O01O01O001O010O001O1O1O1O1O010O1O001O001O0010O000000000000000O10000O10000O10000O10000O0100000000O1000O10O1000O100O1O010O1O1O100O100O1000O0100O10O10000O001O1N2O0O2O1O10O0100O1000O10O10000O010O0100O010O1N101O01O10O010O0100O010O010O10O10O01N1000010O0010O010O01O10O01O1O001N1H9N100000N111O01O01O010O010O10O10O100O10000O10000O101N100O10000O2O0O100O100O1000O10O10O010O1N1[OWOoQNo0Pn1TOlQNn0Tn1SOhQNo0Yn1<O01O1O100N2O1O1O2O0O100O10000O101O0O101O00001N101O1O1O1O2N2M4M1O1O00001O0000000O100000O1000001O0000000O1000000000O100000000O2O00O10000000O1000O1000O10O10O10O01O010O01O00100O0010000O0100000O1000000000000000001O00000O2O00001O00001O0000001O00001O00010O000010O01O010O010O010O01O001O1O1O003M1O6I3N1N2O4Hbo]42kQ`KNU1O^X\Q2
20121206063154Uh_10,ndhd21\14Qna1McP`NO0100000O10]o50bPJ10O01e0OgN0WQN0]o10^O0SQN0_o10_O0RQN0_o1000_O0a0000aPN0_o1000_O0RQN0mn10TQN0kn11TQNOln11a0100bPNNmn12a0O10O10O1O010O10O010PP20PPN0SP80moI000ooM0QP>0\PD0WO0iPL0do10B0^P20ooM0QP4000PPN0PPN0a00mN0SQN0mn10SQN0^o11O2^OMSQN5ln1KSQN7ln1ISQN8ln1ISQN8mn1HQQN:on1HmPN9To1:0O100O100O010O1001N010O010O0001O1O1N2O2N2M3M5KdWYR1
20121216154954Bh_1,XgPQ11a15SO0GL90^O0llW13lRjN2N2O1N2O1N2O001O1O010O001O1O01O0100O100000001O100N10O2O000O1000000000001O0O11O006J4L001O001O0000000001N101O1O10O01O1O1O1O2M3N0O101N010O1O100O0010O0100O10O10O10O010O0100O00010O01O01O00100O0O2O2M2O_Uag2
20121216154954Bh_2,Vl\b21f00e00ol?:ZQB3N1O1O2N2N1ePN_Og01am1g0\RN[Ocm1h0YRNYOgm1h0URN\Okm1d0RRN_Omm1e0jQNAVn1T11O1O1O1O1O2O1N2N1O2N2N1O001N200O1O0AZQNEen1;\QNDdn1:_QNEbn18`QNGbn17`QNGfn12TSkZ1
20121216154954Bh_3,eeVS12123N73FN?0\25YiS2NcSnM3O1N2O001N2O0000001O0000000001O00000O101O01O00001O00010O001O010O1O10O0101O00001N1001O00O1000000O100O101N2O000O10001N010O2OO0101OO0100O10O10O01O10O010O01O001O1O001O1O001O0O2O001O10O025J2N001O1O1O0000000O10O10000O2O0O102N1N4M2N1N1000000O1000O1000O0100000O10O010000O010O10O10O1000O0100O001000O01O10O01O1O1O1O1O2LYVm`2
20121216154954Bh_4,m]^R22a0340_OLk30Zf10kWn24emQM3N3M2M3O1N2N1O2N1O2N1O1N2O2M2O1N2O1O2N1O101N1O101N2N1O2O0O2O1O1O1N101O00001O1O0000001O00001O0000000O2N1O100O100O10O1000O10O100O1O1O1O1O1O1O1O01000O100000000000000000O100000000000000000O1000000001O0000001O00001O00001O001O001O01O01O0010O010O00010O00010O0001O10O0001O010O001O010O1O010O001O10O10O1O100O2O0O100O2O000O100O00100O0010O01O010O1O001O100O001O00100O001O0010O01O010O1O100O1O101N011N100O100OiMoRN`1Qm1^NQSNb1nl1\NVSNc1jl1[NWSNe1jl1YNYSNf1gl1YNZSN3EQ1Rm1jN]SN0DV1ol1gNaSN1@X1Qm1dNbSN2^OY1om1eNQRN[1om1eNQRN[1Qn1bNPRN^1Qn1aNoQN_1Rn1aNlQN`1Tn1`NjQNb1Vn14001O00000000001N10001O001O001O0O100O101N2O1N1O2N1O3M2O1N2N103L3N3L2N4K3O3GV^iZ1
20121216154954Bh_5,\j`_322108c08HDFNON367Hf00TO8NJ4Oh00VOOoim07_UTO9I5K5M3L4M3M3M4M2M3M2O2N2OO101N2O1O1N11O2N3M4L1O1O0000O00010O00100N4N1N2N101O0000O011O2N3M2N1O1O1N2O1O001O01O1O0O1O3L5L4L1O2M4M2M2N3M2O2M1O2N2M5K5JRPk:
20121216154954Bh_6,knfQ1130f01YO2`0M@1OO\ng03^QZO5K2O1O001O1O1O010O001O1O001O010O10O0100O1000001O01O1O1N11gPN_Oon1l0N1N10O0001O01O1O001O2N1O1O1O1O1O1O1O001O1O001O1O1N3N1Mholi2
20121216154954Bh_7,Rdon143N7O41F0N0`05=KTO:bm]1FWRdN4M2N2N2N2O1N2N101N101M2N3M2N3M3N1O2O1N101N101O1N2O002M101O1O001O1O001OSOhQN3Wn1JSRNOnm1NVRN1jm1J[RN6em1G^RN9bm1E`RN;bn11000O01O0010O0100O0010O01O0010O010O001O010O1O00100O1O1O010O010O01O010O10O0100O00100O001O10O01O2N010O0010O001O0000100O001O001O1O001O001O1O1O1O1N2O1N4KnXXh1
20121216154954Bh_8,ZYcY31d01BOM4e0`0\O^O0O<4A?Qo[1@gPfN4L3N1O2O0O2N1O1L5M2O1O1O100O001000O010O01O01O0010O01O001O001O000000O1M301OO1000001OO11O001OO11N0100O1O1O2O0O11O00010O001O010N2O001O001O001O1O0O100001O0O1O1O01001OO10000000000000001O001N2O001O100O1O2N1O1N3L5L5KVRP1OcaZ<
20121216154954Bh_9,X^lP1531N10K44ML00000O[n10`R\32oncL3M1O2O001N1000001N1000000O100000000O10000000000O1000000O100O10000O1000O1000000000000000000O1000000O101O000O100O101O00000O2O00001O0010O00000001O0001O0000000O1000001N10000O10001N100O1O2N100M3O100O2O000000000O10001O00000000001O000001O000001O00000001O0000001O00001O00001N10001L3O2JcPNG]o196N100O2O001O4K2OQPj00ooUO001O00000O2O000O1000001N1000000O2O0000001O0O100000001O000O10001O00000000000000000O101O000000000000000O1000000000O100000000O2O0000000O1000000O10000O2O000O1O100O10000O1O10001O000O10000000O1N20000O010000000000O101OTaiZ2
20121216154954Bh_10,i_mn12k11\O3B2OL;111B8lka1CdS^N0`o11bPN0Zo11hPNOVo11lPNORo11PQNOnn12SQNNkn12WQNMhn13YQNNen13\QNLcn14^QNM_n15bQNK\n14fQNLYn13jQNLTn14nQNMVl13cTNOZOMhk1a0kTNA@N^k1h0PUNZOCN[k1k0PUNWORl1l0mSNUOmk1Q1RTNoNlk1T1TTNlNhk1W1XTNiNMM`j1\1bUNhNek1[1[TNeNck1\1]TNdN^k1a1cTN_NZk1c1gTN]NVk1f1jTNYNVk1g1kTNYNSk1h1mTNYNRk1f1PUNZNPk1e1QUN[Nnj1d1TUN\N1LVi1f1kVN^NOMTi1b1RWN`NKNRi1_1VWNcNkNO3Oji1^1[WNcNeN:OFPj1[1`WNdN^N?1BQj1V1TXN]OkM\OQj1T1VXNBiMZOPj1o0jXNZOVMGoi1l0RYNYOPMJoi1j0TYN\OmLJni1i0XYN\OiLLni1g0[YN\OhLMli1f0]YN]OgLMli1e0^YN^OgLLki1e0`YN_OdLMki1b0cYNAcLMji1`0eYNCaLMji1=gYNF_LMki1:iYNH]LNki15kYNNYLM_n13bQNM]n13cQNM]n13dQNL]n14bQNM]n13dQNL\n15cQNL]n13cQNN\n13cQNM^n12cQNM_n12`QNNbn11]QN0cn1O]QN1dn1O\QN0en10ZQN0gn10XQN1hn1OWQN2in1MXQN2in1NVQN3in1MXQN3hn1MWQN4hn1LYQN4fn1LZQN5fn1KZQN5en1K\QN5dn1K[QN5Yo10\OK\QN4Xo1100[OK^QN4bn1L^QN5Wo1O10YOL`QN4Wo101N01WOMdQN3To101O01O00000001OYON`QN3Vo1O[ON^QN2Xo10[ON\QN2en1NZQN3en1M[QN3fn1MYQN2hn1NXQN2in1NVQN2kn1NTQN1nn1OQQN1Po1On00WX^h1
20121216154954Bh_11,[bmn12b0Oc11nMOe00_O0R10^l_10URbN0PQj10ToUN0`om00_PRO010O001O01O000010O0aPX10`oiN0QP:0noC000QP20ooM0010O10O0iPl00inSO0lPN0ao10fX\h1
20121220110614Th_1,VTk]21_10bmi02kPXO3M2O00000O101N10000000001O0O101O0001O00mPNG[n1MWQN==H[n1;dQNG[n1:dQNKWn15hQNMWn13hQNNXn12hQNNXn13fQNNZn12fQNNZn13dQNN\n12dQNN\n13bQNN^n13aQNM_n14`QNKan1j00O1O2N1O2M4L4M3N1O1O1O1O1N2O1N2O0O1O1O100O001O101N100N4Moj\]1
20121220110614Th_2,d^bj21:260^oa05ao_O;M5K2N1O1N2N2NEVQNDjn1;XQNChn1=ZQNBfn1=\QNAen1>^QN_Obn1`0?01O1O1N1O200O2O000O1000O1000001O0000O100000010O1HZPN4jo1On`[R1
20121220110614Th_3,UQ[h11`02GORo;0dPF3N3M1000O100O010O10O01000O100O01O010000O2O001O00O2N101N1O3LnmZU2
20121220110614Th_4,Qflb2170SPj00doWO2O1N101O000000001N10000O100N2O1000O010O001N110O100O1000O10O100O1000O0101OO101O00001N100000001O01O1O01O010O1O1O1O1O100O0100O1O001O001O0M\PNIgo12cYmW1
20121220110614Th_5,Y_Wd0Z27iMUm1NfT`30mm_L001O01O000100O000001O00000010O000fN5`RNK^m16bRNJ]m18bRNH]m19cRNH\m18eRNG[m19eRNGZm1;U10000000O10000000000O10000000000O100000000000000O100000000000000000000O100O10000O100O100O1000000O100000000000000O100000000000000000000000000000000000000000000001O00000000000000001O0000000001O0000000000001O0000000000000000000000001O0001O000000001O00000010O01\OgPN?]o10001O00001O00001O0001O000N20000O1000001O0000001O001O1O0O101O1O001O006lPNSOin1S1O1O1O3YQNhN`n1]10O000001O01O0000001O001O1O1O1O1O1O1N3N1O1O001O001O001N2O001O001O000O2O00000O10000O10001O0O100000001O000O1000000000000O10000000000O100000000O0100000000000O10000000001O0O10001O000O100000000O10O1000O100000O01000O010000000O10O10000000O01000000O100000O0100000000O1000000000O10O1000O1O00100O10000O010000O10O1000O1000000O1000000O1000000O100O2O0O101Me_Za2
20121220110614Th_6,jXgT1;5ILe01YO2<N62^O141j0OBgla0@oR@<F>C8G5K4M3L3M3M2M3NjNnQNa0om1_O`RN6\m1KfRN5Um1OmRN1hl17ZSNIal1;aSNEYl1?iSNASl1a0PTN^Omk1c0STN_Ojk1b0VTN_Oik1a0WTNAgk1>YTNDfk1;\TNEdk1:]TNGbk18_TNHak16bTNI`k14bTNKak1OhTNKYk13iTNKYk11jTNNVk10mTN0Rk1MSUN1mj1LXUN3gj1JaUN2Wm1OmLG`VN9\i1JdVN7Zi1JfVN6Zi1HhVN8Xi1GjVN7Wi1DPWN8]_Th2
20121220110614Th_7,dPm9l1Qoi0[N`PXOJaPN?Yo19H5M2O2N101O0O1000000O2O00000000DXQN@hn1?ZQN@fn12XQN12Nen10[QN10Oen1O`QNNK3en1O`QNML4cn1ObQNMK40F^n19gQNMK40F^n18hQNNK3cn1NcQNML5`n1MeQNML6`n1KfQNLL9`n1HPRN8ln1001O0O10001O000000O1000O10O0010O01000O1O010O1O01O100O100000001O001O1O2MXnRa3
20121220110614Th_8,gX_S126=OC36M8LH3P13jNJ104112<olk1_OSSTN4go140K1O0O`NMRSN2kl1NXSN1fl1O]SN0al10aSN0\l10gSN0Wl10cRN1a0O_m1`0VRN@fl15ZSNKYO=g0Dal18fSN3ID^l12iSNNXO;a0E[l10_TN9VOHPn18PRNGPn1;oQNEom1;SRNEmm19TRNHjm18XRNGhm17ZRNIem18[RNHem18Q11mMGdSN0A:hl1JdSNLD<fl1L`SNILa0]l1HeSNG1`0Wl1LdSNE;5POJc00dk1<\TNFk0NUOOdk1=YTNHQ1LPO0dk1=XTNHW1LlNOdk1=VTNH_1OcNLgk1o0jUNUO^NLgk14PTN12Mn11YNMfk11TTN3\2MkMNdk12VTN1_2MgM0dk12TTN2b2LfM0dk12STN2e2LbM1fk11nSN6k2J]M1ik19mVN2Ti1MnVN2Ri1MoVN3Qi1LQWN3oh1KTWN4mh1JUWN5\l1N101O000000000000O100O100O1O1N2M3OIdPNLZo1>N2O1O1O100001O0O2O1O001O000O100O1O01O001O001O001O0100O100O100O101O0O101O0O100000O01000O010O10O1000O1000O0100O010O10O10O10O10O10O010O10000O2O00O0100O100O2N3Lhcda2
20121220110614Th_9,RWUo044T12UOLU25dN4YOIf02UO?_2Vc1[MY\NT12UOLU25dN4YOIf02UO?_2Vc1XMY]N0j90UcW80kQjG100000000]OOWQN1in1OVQN2jn1NVQN3hn1NXQN2hn1NXQN3gn1MYQN3gn1MXQN4hn1KYQN5gn1KYQN5fn1LZQN4fn1LZQN4fn1LZQN4fn1LZQN4fn1LYQN5gn1KYQN5gn1KYQN5gn1KYQN5gn1KYQN5gn1KYQN4hn1MWQN3in1MVQN4jn1LVQN4jn1LVQN3kn1NTQN2mn1MSQN3mn1MRQN4nn1LRQN4nn1LRQN4nn1LRQN4nn1LRQN4mn1MRQN3on1MQQN2Po1MQQN3on1MQQN3on1MPQN3Qo1MoPN3Qo1MoPN3Po1NPQN2Po1MPQN4Po1LPQN4Po1LPQN3Qo1LoPN5Qo1KoPN5Po1LPQN3Qo1MoPN3Qo1MoPN3Qo1LPQN3Qo1MnPN4Qo1MoPN3Qo1MoPN3Po1NPQN2Po1NPQN2on1NQQN3on1MQQN2Po1NPQN2Po1NPQN2Po1NoPN2Ro1NnPN2Ro1NnPN2Qo1OoPN0Ro1OnPN2Ro1NnPN2Qo1OoPN1Qo1OoPN1Qo1OoPN1Po10oPN1Qo1OoPN1Qo1OoPN1Qo1OoPN0Ro10nPN0Qo11oPNOQo10PQN0Po10oPN1Po10PQNOPo12PQNNPo11QQNOon10QQN1on1NRQN1on1OQQN1nn1OSQN1ln10TQN0ln10TQN0kn10UQN1jn10VQNOkn11UQNOjn12UQNNkn13UQNMkn12VQNNin13WQNLin15VQNLjn14VQNLhn16XQNIgn19YQNGgn19XQNHgn19YQNFfn1<ZQNDfn1<ZQNDdn1>[QNBdn1`0\QN_Obn1d0^QN\Obn1d0^QN\O`n1f0_QNZO`n1h0`QNVObn1j0]QNWOan1l0^QNSObn1n0]QNQOen1o0[QNQOdn1Q1YQNQOfn1T110N00110OO0O30O00O20O00010N00N40NM4N30O00O20O00010OO1100OO1010O1O010O000O200N1O110O0O200N100100O0100O00010O00010OO1O20OM3O200N2N200N3M201MJCmPN;Uo1EkPN;gn13ZQNIin18UQNIkn17UQNIjn1f00O20O10N20OO1O20ON3N2N20O1O01000O0100000000000000000000000000000001O0O10000000000000000000001O000000001O00000O100000000000000000O100001O0000000O10000000000000O01000O01O10O100000O0100O1O10000O010O00100N10100O00O02000O0100O000100O1000O1O1000O0100000000O01000O001000O1O10O00100O01000O00010O1O10000O010O0001000O00010O00100N2O100N10100O001000O1O10000O100N2O100N2O100O1O101N10001N1O101O00000O2N101N2O000N4LbWd>Jfh[A0j\Za1
20121229085414Th_1,f\Qo0441>1C0:MB002_ok01YPVO2M2O1N2N1O10000000O101N2O010O01O1O00001N0N4M2M2O2OO011O101M3N2O1O1M3O03N000000O1O1O1O1O01OO101O100O10000O2N1Onbbl2
20121229085414Th_2,kZa`21a01I0;0G;inU1KaPlN4L3O1O0004L1O01O001N2GDlPN=Ro1ElPN=So1BnPN>Ro1AnPN`0Yo10O1O001O001M3O1N2O0L5OO101O1O10002N5L0O1O0O2N1O2O001N10000000000O1O1000O1O1N2L30010OO2O0O10O1O1N2N200O1O101O010O01O1O001N1O2O1N200O1O101N1O1O1O1O1O2N3Maok0MhefV1
20121229085414Th_3,[[an01149ON36LE0064KJN314OI1;1RoY12aPhNLGObPN0go10bo10bP<0koA0PP20QPN000O000B0<1bPNOnn10`00ZP<0goC0_o30QQJ0To10kPN1Toa0O^P@0oo30RPL000O1J6O1O2_PNFZo1:ePNF\o1?0000O100N1O2N1_OE]QN<cn1?2O10000O101O001N3K5M3OO2O00O010O2N1O2M3N4K3M3K[c`j2
20121229085414Th_4,\Uk^227067HLe1NaN4H32J`0MC7j0LQOOd13[NKlf10nYN1eUR3O^ioL001B0jPN1Uo1OlPN1Ro10nPN0Ro10oPN0Po1ORQN1mn1OTQN0kn10WQNOin11WQNOin10XQN1gn1OYQN1fn1O[QN1Yo110O010O10000OjK0]XN0cg11]XNOcg11[XN0fg1OZXN2ik1001000O101O000O01O1O1^OMWQN2ij1OWYN1hf11VYN0hf13WYNMif13WYNLjf14VYNLif15gXNIaL1ij15fXNKaL0ij13hXNM^LOkj15fXNM^LOlj13gXNN]LNlj14gXNO]LMlj14gXNN^LNkj12gXN1jg1MVXN2jk5NTPL0ePN0fn12d0OdPNOin12WQNNhn12YQNNgn11ZQNOen10ZQ40\oK0PP20ko70TPF100\OOYQN2gn1OYQN0hn10WQN0gn13XQNLfn18ZQNHcn1<[QNDbn1`0]QN@an1c0^QN]Oan1e0<100PQNZOfn1g0:1NGlPNEVo199O1O101N11O1QLFVXN;hg1FYXN9gk11O01OO01J]PNOco170O1O10O01OO2O0K6M201M3K5N200O02N1N2O1O1O1N2L4O1N2N2OXOJiQN4Wn1OgQNOZn12eQNM]n17_QNGcn1`0VQN^Oln1d072N00O1O101N1O1O2N1000O0bMC[UN=ej1C[UN=ej1CZUN=gj1DXUN<Um1010O0O1O1O2O1O01O01O01O010O0O02O001N101O01O0001O00O1010kN@jRN>Wm11XRN1hm14SRNLmm18mQNJTn1P11M3O1M3M4M201N1L5M2L5M3M3N2M3M2O3K8G]o[10fPdN10O[iho0
20121229085414Th_5,YXYi2113<OG84Kdnc0OoP^O2N1O2O00N4M2N1O1OQPh00noWO0010O10Pg\T1
20130104104234Ch_1,oUik11i0=m0FhNMQmc13[R^N4L3N2O1N101O000010O0000000O1000O10001N100O101O001O001N2O2N2N0010\OmPN:Ro1CSQN;on1@TQNa0Vo100000O01000O1O001O1O1O010O10000002N001O00001O000O2OO10O1000O010O0100O010O0010O100O101N010O1O001O001O00001O01O0000O2O001O00001N1000001O1O010O01[OPQN9]o1N100O10O10000O1O100O100O1O010O01O102N1N1O1O1O1O1O2M3MefTj1
20130104104234Ch_2,Wf^n2188LI;389[OE;1ENa02Vlm02nRTO5M3N002N010O1O1O1O010000010N1O2N4J8H2N3N010001O1O2N8K0O102N0OO10000O0100N1010O4L2M10O00001O001O1O0O1N2O2O101N201N0100O002M9H1O10O100O002M2O1N4L3M2N1O1O1N3M5HZVck0
20130104104234Ch_3,^\oi21P17i0JYN0dmc05nQ^O<E6M3L5L3M3N2O0O22hNXQNQ1kn11O1O2N1O1N1O2OUObQN5]n1IhQN5Wn1KoQNOPn11RRNOmm1OVRN1im1MZRN3gm1I[RN8hn1O00O100O1O1O10O0110N2N1O8H10O2N2M4L4L3M3MSa`R1
20130104104234Ch_4,fd^Y22m09UOI0M`01@0Z1<dkc0HeR^O9F=G8H3N3M2O1O001O00100004L2L4M7I1O2020M1OO2O0O2N10O10O010000O2O0004M3MN2N2O1O2O00002N4LO2M2O5J4L2N3L4KSXcb1
20130104104234Ch_5,WcVY21216OO3UPV11]okN2O2M2M300O1000O010000O10O010000O10O01N101N1100O01000O101O0O102N10O001O010O000000000O10000000000000000L3N3O001O1O001000000O11O00001O5L1N1O001O0001O01O1O000000001N10001O00000O2O5In[o_1
20130104104234Ch_6,^`i^11U11ZO3]nY14hPhN5K4N2N1O100O2O0O1O100000000000000O2O1N101O00001O05LN1O2O0O6K1O0010O00001O001N2O1O1N1N200O1O2O1O1O00010O000000010O000100O1O0O100000000010O0000O1001O0000001O0000000O2O00000O2O001O1O1O1O00000O2O00001O1N2O001O0O2O1N2M]^TY2
20130104104234Ch_7,h^_j11V26ml_11dPbN3L2]OG\QN>an1D]QN=bn1FWQN`0gn1?M2N1N3O0O2O000010O001O0O3N2N3gNYQNS1mn1M1O1O000000O1000000001O1O4L1O000O0100O100O001000000000O10O1O0101O0O2N102M101O000000O10O1000000000O1000000O1M\OiPNe0Uo13O1O01010O010000000O10000O0101O000O2O1N2O001O0O101O0O2O1N1O2O0N3MW`Tm1
20130104104234Ch_8,[PiZ114060k05`03Vl=0jQD4M3M3Mf0ZO5L1M3M3F9LeNSRNk0bm1_ObRN?\m1AhRNa0Sm1^OUSN`0gl1@ZSN?fl1AZSN?fl1C]SN7el1IXSN8nl1CoRN?Vm1B\RN[O2S1bm1R11O1N2TO`RNVOcm1f0cRNSObm1h0o0E9N3L8G]nlb2
20130104104234Ch_9,fbZP114750885F\OK0f0Vn9CYQH7F9G9K6J8H:G5LlN[RN2bm1GiRN;Pm1BXSNc0`l1[OgSNb0Wl1]OoSN?Ql1@QTN?ok1@STN=ok1ATTN:Pl1DSTN<nk1_OVTNa0dm101O1O1N4JhZmm2
20130104104234Ch_10,a^k[11>2C0T10nN58I32\l1NhUl35XmSL0O2N2OJ5NgPP1O^ooN0O10O01O010O0SO0kQN0Tn1OmQN1Ro10O1Roc0NPQ\O0O1O0oPNOTn10lQN0Tn10kQN1Un1OjQN2Vn1OiQN1Xn1OgQN1Yn10fQN0Zn10fQN0[n1OfQN0Zn11eQNO\n10dQN0\n10dQN0\n10dQN0]n1OdQN0\n11cQNO]n11cQNO]n11dQNO\n11i00000O100000000010O000PP40PPL0000001O0001O00jPN0\n11cQNO]n11cQNO]n11cQNO^n10aQN1_n10`QN0`n10`QN0an10^QN0bn11]QNOdn11[QNOfn11YQNOgn11YQNNin11WQNOin11VQN0jn11UQNOln10TQN0ln10TQN0mn10RQN0nn11PQN0Qo10nPN0Ro10nPN0So10lPN0To10kPN0Vo11iPNOXo11fPN0Zo11cPN1]o1:O01O00000O10^OF_QN9`n1I_QN7`n1K_QN4bn1L^QN4bn1M]QN2dn1N]QN1cn1O]QN1bn10_QNOan10`QN0_n11cQNL^n14bQNK_n14cQNJ^n16cQNH^n18e0O0100000001O000O2O001N101O00000O2O0O101O000O10001O000O10000O10000O10O10O10FoPNEQo1e0O01000O01O001O10O1O100O100O2EWO\QNj0an1[O\QNf0dn1;O001N2K5O00WOiQNKVn15mQNHSn17oQNIom1FhQN7>0km1HiQN6=1jm1IlQNO`07dm1IkRN5Tm1KnRN4Rm1KoRN5Pm1JSSN4nl1LRSN4^n1O00001O_NNTSN2ll1NTSN2ll1OSSN0nl10QSN1ol11oRNOQm13mRNMTm15cQNJS11Zm1;cRND^m1=aRNC`m1=_RNCcm1;]RNEnm10RRN0om1OQRN1on100O1000000000TO1gQNOYn12j0000kPNN\n11eQNO[n11j0O10j00Soe00RPZO010YO1\QN0dn10\QNOen12ZQNNfn12ZQNNfn12d000O10ePNOgn11c01000000O010O1O10O0NVPNOjo10kP20XoM100O0100O10Xoi00iPZO0PPN0PPN0O010PP20U`Rm1
20130104104234Ch_11,b_Wl02148k0I`02S1ni1]MXZN2UMNRm]43YQdK4M2O1N2O1O0O101N101O001O0O10001O000O10000001O01O000001O0001O0001O0000001O000001O01O000000000001O000000000000000000001O00000000000000000O1000000000000000000000000000000000000000000O10000000O100001N1000000O100O1O00100O010O1000O1000O01O10000O100O10OHmPNBVo1:9FdPN0]o1181O1N2O2N2O001N101N2O0O2O1O1O001N1010O01O00001O0000010O00000000000O1O100O1O0O2N2O1N110O1O01O1O0O2O001O1O1O1O010O1O1O0O101N1O10O0O101O1O2M201O00001O01O00010O1000O0100O100O100O001O01000O010O1O010O1BmPNOSo1>1O1O100O]O^OjQNa0Un1CiQN:Zn1GeQN7\n1KdQN3]n1NbQN1^n11aQNN`n12`QNN`n13_QNLan15_QNJbn17]QNHdn18]QNDen10UQN5Xo1LhPN4Wo1LkPN3To1MnPN3Po1NSQNOln11WQNMin12YQNNen12]QNMbn13_QNN`n11aQNO^n12bQNN^n11dQNO[n11eQNOZn11gQNOXn11iQN0Un11kQNOUn11kQN0Tn10lQN0Sn11mQN0Rn10nQN1Qn1OoQN1Qn1OoQN2Pn1MSRN2km1OVRN0jm1OXRN1gm1OYRN1gm1OZRN1em1O[RN1em1O\RN1dm1N\RN2dm11ZRNOfm10ZRN0fm10[RNOgm1OZRN1em1N^RN0cm1O^RN1am1O_RN1in1OiN0^RN0in11O0jNO]RN1in1OlN0YRN1gm1OYRN1hm1OWRN1kn1001PONRRN2nn1000000O10000000000O10TO0hQN1So10001O010O00000001O0001O00000000000000000000000000000000o]bZ2
20130104104234Ch_12,WQmZ1122d0O`04POKL1jm;4lQFMZPNOho1OYPN0io121O2OiPb00Vo]O0oo10UQ40[kRc2
20130110085614Th_1,ofhk029003O3L1m0LQOLg05K0FL?1]kU28]TjMMTn1:dQNLXn1R1XOiN]RN]1`m1d0M3M2N4M0O3M2N3M2OUNoRNh0Pm1QO^SNFJ8gl10^TNOak1OcTN0\k1OgTN1Xk1LlTN3Sk1LoTN4Pk1LRUN2oj1LSUN4mj1KUUN4kj1JWUN6hj1JZUN5fj1J\UN5cj1J_UN6`j1JbUN5^j1JcUN6\j1JeUN6[j1IhUN6Vj1JkUN7Tj1GnUN:Pj1FRVN:mi1CVVN>ii1@YVNa0dl1O01O000hL^OQWNb0Wl10O1000000000O1000O10O02OO010O1000001N4M1N100O1O01O01O00001O10O1O00001O0000000000000O1000O001O010OO110O001O1000O0011O001O00001O0O1O1O100M30O00ON40O00000000100O1O1O1O0100O010O100O1O1O1O1O1O0100000OO11O010OO10010O001O01O101N2N2O1N1N4McTWh2
20130110085614Th_2,\\bS2313h0O>0ROOZ1OYONN23O[O30M;3@LjkU10oRlN2PRN6fm19mQNMll12hRN_1Um1h0N3L4L3N4L4L5JaMjSN64Flk13[TN]O`0?nj16VVNJdi18`VNHZi19jVNHQi1:PWNFlh1<UWNEhh1<ZWNEbh1=aWNA\h1`0jWN\OTh1d0QXNYOlg1h0XXNVOeg15\UNHR32`g14aUNHR35Zg1NjUNLn26Ug1NoUNKo27of1LVVNKm29kf1KZVNKl2;hf1H^VNMl2;df1FcVNMk2<`f1HiVNGi2c0\f1EgZN;]e1]OgZNd0Zj12N02N1O100O2O1O0000O2O0001O0O10000OnH@d^N?`h1O1N101O1O010O10000000O100O10O010O1N1O3NS\ef1
20130110085614Th_3,WbZP3113;12OE280MNJ7dne1FVQ\N:B9M3M3L5M3M1M4M2N2K5M3J5O2N2O1NUOYRN@fm16QRN_O:;em14URN^O8>am11nRNOQm10RSNOml10USNOkl11YSNKgl14]SNJbl15bSNG_l17fSNFYl17j100000000O010001O01O0001O0001O000000001O000000000010O0100O01O01O010O0010O010O0010O01O0010O010O01O10000O010O1O3N0O10000O010O1000O10000000011N3MO10O2O00O0100O100O2OO100O0100000O100000O10O011O0O100O10O00010O0O2O1N`[ee0
20130110085614Th_4,R\kc2172JN63LNa04DMONnmc04eQ^O2N3N1O1O1O2M2O1O2M2O2N1O101O1N10001mPNYOjn1P1OoNWQNk0To1J1000O1000O011VOlPNd0Zo1O2M3N2M1F]PN6bo1HbPN6eo1O10O0010O0001O01O1O100N10ma`X1
20130110085614Th_5,gbT_2>7E]16^NI`02ENJ36L13ON266:Ujg1AXUZN2M4M2O1O0O3O0O1O1O001001O1O1O0O2O0000001O0001N2O1O2N2N2N1O001000O2OOO21O0O2O0OO100000hPNZOWo1g020OO000O2O00O01O1O1O1O1O1O10O01O10000O11O1O1O1O00011N1O101O2M101O0O20N201M100001N10010O00O2O003L2N1O1O0010OO1000000O11OO010O1000O01O1O1L4O0O3MhWkW1
20130110085614Th_6,WlPb113006o1NYN24LH42NRoQ1O_PPO3N2N100000O0100O01O01N2O0010O100O101O1O01O0O101N1N2O2N1O001O001O0000000O0100O2O0O1O0O2OO110O1N11ON300N20O00J71O1O002M2O2O0O1O1O01hNBkRN`0Um1CfRN`0Xm1EcRN=]m1E_RN=am1EZRN=gm1GPRN<Sn1a07M5L4M6J2M4M3I8GdRkW2
20130110085614Th_7,^jna158OJN>1ONJ6h1N\N02OG34MonU1MnPjN0_o10cPN0[o10fPN0Yo11gPNOYo11gPNOYo11fPN0Zo1OgPN1Yo1OgPN1co10FOfPN1Zo1OgPN1do1O0010B0kPN0Vo10jPN0Vo10iPN0Xo10hPN0Yo10fPN0Zo11ePNO\o10:0[PN0eo10D0;0_PN0bo10PP40ooM0oo10QPL0[O0Y10\O0O0^O0nP60SoK0aPN0_P20mN0mmM3c2>]RN_OQk1c0kTN]ObN0Pl1d0g21O0O0O2N3XSNVOUj1W1S27I5M2[SN[Njj1h1f1KmQN^N_10mj1b1gSN_NY1OPk1`1lSN_NS10Rk1>oSN4N^O30:0fk11^TN?AAKOb00il1=nRNG<Lkl1;Q2H3O1O21MO2OO110ZPNOgQmW2
20130110085614Th_8,dQ]U11e02@05N04Vn]1N]QdN1N2O001O00001O01O0001O0000001O001O1O0001O01O01O010O1O2O0O0010O01O0010O00010O00001O001O010O01O010O10O001O1O0001O001O010O010O01O01O01O01O0001O01O01O0001O010O010O0100O10O01O010O01O0000000001O00001O01O101N0010O0001O01O01O00010O00000O2N1Nmlha2
20130110085614Th_9,maki186K>8]OL7K00?0Tl1O`TN0Roe31loYL1Xo13cPN0\o11bPN13KRo1?lPNBSo1`0kPNBTo1f0N1000000O2O01O00001O001O001O000000001O0000001O002N00000000001N10000O10000O01000O10O010O10O10O10O0100K]OkPNd0Uo130001O01O10O10000000O010N10100OO11000O01O10O0100O01000O010O1000O01O1O101N100O10000O1000000O100000000O2O00000O101N1L[PNLgo125NQPh01ooWO00000O101O000000000O2GNbPN2]o1:N2M3M2N3O0HXOWQNi0hn1YOVQNi0in17000001O00000O10001O000000000001O001O1O001O2N1O1O1O010O001\OoPN7Ro1GQQN7Po1GRQN8[o1010O0000000000000000001O000000000000000000000001O0000000000000000001O00000000000001O000000000000000000000100O1OJFfPN:Yo1GgPN9Xo1HhPN9Wo1HhPN8Xo1HhPN8Wo1IiPN7Uo1KkPN5To1LlPN4To1LlPN4So1NkPN4To1<00O1000001O000001O001O010O001O001OUQNXO_n1h0\QN]Odn1b0[QN@dn1a0ZQNAfn1>ZQNCfn1l0OmNYQNm0hn1QOYQNo0ln110O1O010O1O001O001O1O00001O1O001O1O1O1N101GfPNJio1O1MXna31W_dX1
20130110085614Th_10,_Yo^1172O232KLcoS13PPnN4L3O1O1O1O10N101N1L5O0010O01O100O0010N110O0010O1O010O0010O1O001O010O01O10O010O10000000O100O100O1001O0001O01O01O01O0010O0100O01000O100000O011OO10000000O01O10O00100O100O0100O0100O0O3MaeTZ2
20130110085614Th_11,mgdU115226WoW1M\PjN1O1O03N000O010O00010O01O001O01O01O010O0001OO101O000000001O0000000010O00000001O000010O0010O010O01O1O0000000O0100000O1000000000000001N10N200O1000000001O0000001O00000001O00000001O010O00100O00010O01O1O1N101O1OVWcb2
20130110085614Th_12,\YQ_11;1K52OKN?MinU11cPlN2N1O1O1]OJZQN7Xo10[OIaQN5hn1KPQN5^o10^OKYQN5Yo100OYOLcQN3Zn9MfPH070PP40XPJ0ao30^PN0ao30XPL0PP20WP40cok00XPTO0PPL0WPN0I0000000G090WPN0io10H0_PN0io10000000G0`PN1ho1000FOcPN1fo10HObPN0_o10`PN1ho1O010000O01O01N1LNYPN3io10`eRZ2
20130206063154Uh_1,XXm`22f00[O051i0O]O1U12nNO62Ro]13nocN3N2O1N2O000O10000O100O1O1O100O10O010O1O010N2N2N101O00010O01O1O00010O001O0O10001N2M1N3O10O001O1000M2O1O2N1001000O0O1L5N2N2YOTOXRNn0hm1f0N1O1O00M2M4M3J7N2N1O2N2N2O001O10O01O1O1O1N2M301O0O101O0O10001N1O1O101O1O0010000O2O0O1O2O1N2M3O1MefdV1
20130206063154Uh_2,T_Rl13S6OWK1l6N^Z]2:n\dM7K4K4M3M3N2N1O0010O010O001O001O1O1O0O2O001O000010O000100O00010O0000001O01N101O0000000100O0010O0100O100O1O1O1O1O10O0100000O10001O1O001O1O001O1O10004L1N2O1N4M7I3L7J3L4L3N3M5K3M101OO002N6J7I:E:E9H2N3M2N1O1O0100O010O1O1N2O3M8H3M2O4L1N10011O1N10O1O1O2N1O3N2L7J2M2O1N1O1O2O0O01eRN[OYk1e0^SN]O4=Wl1:\SNn0al1\1M3M3L3N2N001O0O10O100N2O001N2N2TNlSNIVl1NfTN\O]k1`0jTNYOYk1e0S2M3M3M3M3M6H9FmVSg1
20130206063154Uh_3,]b``11:40Looe04bo[O1N20O01O0100O000001OO1000O10000O01000O010O010O00001O0010OO101O0000001N10O101O000O100001N100O11O0O2N3M3N[]_[2
20130206063154Uh_4,egbl01k09DIK4<L70mkc13nR^N3N2N3M2kPNCen1`0TQNEjn1j0N1O1000001O001O100O101O0O2O1OO111eN`QNQ1ln1M2M02N1O01O00000O3N1N3M2O1N3M100O001O001O0000100O0001000O0100O10O0100000O100O0100O100O01000O10000O010O001O1O001O0O2O1N1O2O1O1O1O10O10O02O001N1O010O01O01O00010O1^OhPN:ao1O0O10O011N0001O01O0O10000000O10000O1O2O1N2N4LfTii2
20130206063154Uh_5,V`Zn0246<O34A09HI0b09BEI5l0L[O2OMLd0aic2_OSV^M5N2L4N2M3N2N1O1O00001O01O00001O1O0000001O01O01O00010001N2O0100O1O2O0O02OO0010O01000O10O1000O01O010O01O1O5K2N1O000O2O0000000001O0O2O0000O1000O10O1001N2O1N100O2O00O101O001O0O1000OWQN[OWn1f0dQNCWn1=eQNKWn1Q1N3M2N2N1O2O0O100000O2O0SOSRNEPn17TRNGQn12SRNKPn11SRNNnm1NVRN0lm1LXRN3km1D[RN;fn1O010O001O010O1O0010O02OO1000O010O0100O010O1O010O1O01O01O000000001O00000010O01O00100O010O01O010O100O010O02N2O0O1000O010N2O1O1N2N4L4JTYoc2
20130206063154Uh_6,[dXc2231j10N310Sig1NkTZN5J5M3M101N2000O100O100O100O001O00O100O10000O2O00001O001N10001O00001O00010O0001O1O101N1O1O1O100O100O010O10O010O10O0001O010O0010O1000000O01O1O100O00101N2N2O1N101N2O100O1O1002N3L5L1OO02O010OO11O01O1N101O0O2O1N2N2O2M101O3L2O100N1O1O1O2M101O1O10dNWRN?hn1OOO11N1O10O1O001O000O103L3M4K3L]U[R1
20130206063154Uh_7,YejU11Q11XOON2knY1NnPhN0PP200000koQ10QZQf2
20130206063154Uh_8,V[^d11634NJ0>1K11NL1L47Jblg0?`RZO3M2N1N3O0O2O1O1O2dQNTO`m1n0RRNAlm1Z1011N5J2O0O1O100O1O1O1101N1N01TOeQN2[n1EmQN;Wn1\OoQNc0jn1M3M10O4ePN\OSo1k0M001006J1N2O1N101OO101N11O2OO02N0O2O1N2M4KXa[W2
20130206063154Uh_9,Rano01h01@2;0A3omi0MhQXO2O00O2L30b^kn2
20130206063154Uh_10,T`gk2165439Kcno0OePRO3N1O2N1N2O1EFoPN:Qo1HmPN9So1HkPN9Uo19000000000010O0100O100O01O010O0001O010O000011N4L1O0010O01O01O2O0O3XOjPN`0[o10O1001O00002N1O00O10000O1000O100000N2O0O2O1N110O1O10O1000001N10001O1N2N2N4L5Jl^Rn0
20130206063154Uh_11,nVo\21;148HGc06XOL5OWoo00YPRO:G7M3O1N1O101O000O100000000O010OIQQN^OPo1a07O2O000O2N1O1O10O1O100000000001O01O001O00000001N11O1EFnPN;Ro1:OMmPN[OSo1i0000O100O0N3O1O1O1O2M2O001O1O010000O10001O0O100000000O0101O000O3M2Mbhl\1
20130206063154Uh_12,`V]b11k04PoU1OookN3N2N2O2^PND[o1b0O1O0O10000O100O10000O10000O010O01O0000010O00100O01000O1000001N101O1O1N2O1N2N1000001O0O100O1000000O1O1O1000O001O1O00100O010O010O010O01O1O010O010O100O10O1000O1000O01000000O2O001NXi`V2
20130206063154Uh_13,]]QQ1142e0N^O24NSo]13[PdN5M2N2N10001O0O100000O100O1O010000O100O1M3O3N1O00001O01O001O1O1O000000000000O1000000O0100O10O01O10O01O0L5O00100O010O1000O01000000O10000O1000O10000000O100000O1000000O1000000O100000000000000001O0O01000O10O10O000010O001N11O010O1O1O2M3NZbVf2
20130206063154Uh_14,bbee11>0J1LOboi12RPXN6M2N3N100O2O0O3N2N001N2O1O1O00001O0000000O10]OnPN8Ro1HnPN8Ro1HoPN6Ro1JmPN7So1ImPN7So1:101N1O100O2O1N2N1O1O1O10001N10001O0000000000001O00000001O00000000001O000O2O001O1O1O001O001O01O01O00010O010O010O01O00001O000001O01O1O00000000O100000000001O000O2O0000O1000O010000O01000000O10O0100O10000O01O100O00100O0100O0O2O1O100O101M2O2N2MQ]Xo1
20130208063134Lh_1,jW_b12:Of06P1L8OTN2N020^na20QQ`M3M1O2N101N10000O101O0O10000O1000000O100000000O01000000000001O000000000000000O2O0000000000000000000O10000000000000000000000000000000000000O100O01000O100O100O100O100O10O0100O100O010O100O10O0100O10O010O100O10O01O1O1O100O010O1O10O10O10O10O10O0100O010O0001O0O1000001N10001O0O1O1O2M2N2N2O001O0O11O0001XMRO^VNn0bi1VOZVNk0fi1WOWVNj0ii1XOTVNi0mi1WORVNh0Pj1YOnUNg0Sj1[OkUNd0Vj1]OhUNb0Zj1^OeUNb0\j1@aUN?aj1B]UN=fj1DVUN<lj1GVTNR1lk1POkSNS1Zl1PO]SNR1fl1Q14M3L3N3M3N2N3N2M3M6K3K6K7]N_gjo1
20130208063134Lh_2,l^\`1322>4IH05IM;OH5=LD1j0ODNH:9LO4HIG9ODff11iZb31[n]L2M5M0O2O001O0O2O000O100O101O0000000000000000001O0010O00010O01O0001O01O010O01O001O001O00010O1O010O00010O0010O010O1O101N3N0O110N01001OO0110N01001O0O11O00001O0O011O00O11OO10O20OO110O1N01100N1001O00O3N00O11O0O010O0100000O0011N01O001O1O010O010000O5K2N100O2N00102M10001N101N0110N021NO10001OO111M2O1N:G00001O0O011O000O11N10002N0O101N10001O1N2O2OOO112L10011N00001O0O020OO102N3L5L3NOO1001OO1000O10000O01O00010O010O1O10O01O1O001O001O002N0010O01O002OO1O010O001O0010O01O01O010O000010O001O010O010O01O01O010O00001O010O010O1O010O1O100O01O10O0001O1O1O1O001N7InjU32oTjL:cQNB^30RScg1
20130208063134Lh_3,PWon2188b1JmN100gna11\P`N2N2N2O0O1O2N100O1O001N1O1O2OO1000O1000O10O11N10001O001O000000O100001O01O01O10O01O001O10O001O1O1N2O1O100O1O001O010O00N2O1N20O1O1000O10000001O001N2O001O001O001O10O0O2N1L401O00001O01O0010O0O1000001N101O1O010O01000O10O0100O00100O1O010O100O2N2N2M[hjg0
20130208063134Lh_4,a^oj056MN2M<1F2O9=04FA24[nk0IWQVO9cPNHin1<PQNKln1e0N3M3N1M3O1N2O100O10000O10O0010O1O0O1OJ6O10O1O1O0O111O1O2M3MEjQNROTn1n0PRNQOnm1o0TRNPOkm1P1VRNPOim1P1YRNoNem1Q1^RNmNbm1S1`RNlN_m1Q1i0O100O2N1JWQNTOkn1l0400O2N1O2N2N1O1O101O001N2O1O1O100O1O002N2Ll`lo2
20130208063134Lh_5,UhVn01g00\O377O0lmi0IfQXO2N1O2O0000001O000001O000010O01O00010O0001O010O100O10O1000O100O010O100O1O010000O1000O1O100O2O1O5J4M1N2O0O100O01O001O2N2N2N>A5JQVol2
20130208063134Lh_6,chjg1>S1LXOI7OTmg10WRZN2O0O2O001O0O101O0010O0001O010O010O1O010O11O0000O100O10O01O00010O01O01O01O0010O1O5L5J2O0O2N1O1O1O1O1O1O1O001O0000000001O001TOWQNKO>kn1F\QN:Vo1O001O0O10001O0000001O0O100000000000000000000001O000000001O0O2O001N10001O0O10001O00001O00002N2N10O00010O5K1O0000000O01O1O001O010O01N20000O100O2O00001O0000001O0O1000000O2O001N101N2N`Uil1
20130208063134Lh_7,m_nd23S12UOOZ30eLN=5;2V7Ijgc0OPP^O00000000000PPf00PPZO0ebe0:o\ZO5K4M3L4N1O1O1O1N101O01O0010O01O0O2O1O00000001O000^]NTOoU1n0PjNROPV1o0oiNQOQV1P1niNPORV1Q1miNoNSV1Q1^<001O01O01O01O001N101O1O1O100O100O100001N11OO10001N111O5J>B2O1O2N001N00101O1N1000O20O03N7JOOO3M3M3M1N2O10O2O1O002N1O1N2O1O0001O2M01000O10O01O1O3N1N1O1O10000000N2N3M3N1O1O1NZTN`Noh1^1`VNWO^i1g0_VN^O`i1b0\VNBdi1<ZVNIdi17YVNLhi14SVN1mi1OkUN9Vj1HYUNi0ej1ZOPUNn0Pk1R20O101O1N2N3N0OiWNgKgd1X4X[NhKkd1V4T[NjKnd1X2jWN_OV3YNSe1P2nWNFn2ZNWe1i1PXNMh2ZN_e1^1PXN7]k1BgTN?\k1YOiTNf0[k1ROiTNn0\k1gNkTNX1Qm1N100001N0101N2N3M2N2O2M3M2N2M2N1O2M6I6J6GQS2NVmM0000000PPb00PP^O00000TPol0
20130208063134Lh_8,lbQV2120<0D45LL3Voe10cP\N1N1N3N1O1LFbPN:]o16O00000O10000001O0000000000001O0000001O00001O001O1O00001N10000000000000O2O0O10000O101O0000001O0000010O01O001O2OO01O01O002O0O1O011N100O10O00100O001O00010O0000001O000000000001O000O1000001N10000O1O010O10000000O100O100O1O2O0O1O101N10001N101N1O2N2L\\V`1
20130208063134Lh_9,XZeQ1174=LC11OK0_oe03YP\O2O1O0O2O0O100O1O1O100O100O10O10O100O010O01O00010O0010DDSQN<mn1InPN7nn1DoPNi0Po131O100O100O1O100O100O10001O0000001O0@jPN6bo1N2N2N2LmdXj2
20130208063134Lh_10,QPSn111070O2U1NPmk11aQVN3N4K3N1O7I2N1O2N2N100O0010O0010O01O1O001O2N1O001O1O001O0000100O0000001O000010O00100O10O010O005K0000KEdPN<\o14O10000000O100000000O100000001O0001O001N100O10000O10000000O1000000O10000O101O0000001O00100O001O01O010O001O010O010O00010O1O010O01O010O1O10O01O0100cPNCUo1>iPNCXo1=gPNDXo1b03N1N1O1O001O1O001O001O00000000001O00000O1000000O2O001N100O3MRnTf1
20130208063134Lh_11,jY[S31:2i00oN2Q1NVO4:0I1JJinQ14iPPO3M4N1N1O101N10000O10O1O0001O0O2M3K5C=N2N1001N1OO1K7O000001L3J6O2O1N1O1N2N2N1O11O1N3N3M2O1O001O0O2M2N1O2N0101O1O100O1O00N2001I8N1N3L4N2N2N2N2O2N1O1O1O1O1O2M3N3LXe`f0
20130208063134Lh_12,g_^b11=a00CEL;0F4[n_1N_QbN11O0Okoa2OePPO0bo_N0PPN000QP20ooM0l^SW2
20130208063134Lh_13,fbeS2122^14cl1JdRj30WoUL2M0NOXPN2ho120O10000MWPN1ho1O5000000O10000001O0000000000010O0000001O01O01O001O1O00001_PNKUo15kPNKUo15kPNKUo15kPNKUo15kPNKUo15kPNKUo15kPNKUo15kPNKVo13<00OaPNNRo12nPNNRo12nPNNSo10nPN0Ro10?000`PN0Po10PQN0Po10`00000010O001`PNOPo10PQN0Po11oPNOQo13>O10^PNNUo11>O^PN0To10>10Oa03lNMUQN1kn1OVQN1in10WQNOin11XQNOhn11WQNOin11WQNOjn11c00O010aPNOmn11SQNOmn11b00O0000010O0000000000000O10O100000O010000O0010dP80\oG0O10O01O1_ONTQN2kn1OTQN2ln1NSQN2nn1NRQN2nn1OPQN2Po1NPQN1Qo1OoPN0Ro11lPNOTo12lPNNTo13jPNMWo13hPNMYo14ePNL[o16aPNKao1910000O10O1000O1000000O1000O010000000000O10O100000000000000000000000000000000000000000000000O0100000O100000000O1000000O1000000O1000000001O00000000000001O0000000000000000000000000001O0000001O001O000000000001O000000001O01O0000000001O0010O00000010O0001O00000010O000001O00001O0000001O1O001gPNDln1>QQNCon1>oPNDPo1>nPNBRo1?lPNBUo1d000000001O00000000000001O0000000000002N1O1^OiPN9Xo1DkPN;^o1O001O1O00000O2O001O1O1N2O1O0Oh[dT1
20130208063134Lh_14,^dRk21m06e0Jn13RN2c1K\cY12`YhN0NN[P:0goE2N1N2O000001O2NO1000O11N011O02O00O1O0mMLXTN4gk1MYTN2hk1NXTN1hk10XTNOik11UTNOlk12RTNNRl11kSNOXl11fSNO]l1ObSN0bP23^M9ID;1cLOnVN0Vi10eVN1nj1O]SN3Rn14jNIaRN9`n1I]Qf03hnYOLko5O\PJ0N1jSn01YlQO1N4K3_OGWQN=hn1FoPNa0Qo18O0001O003K7J2L5HdRcm0
20130208063134Lh_15,YhT]31372I5301KM92a0OTON591K2Oakm05iSTO5M2M3N2N2N3N1WOVOXRNm0em1SO]RNP1Xn14N1OO4K2O00O1O1O2O4K5L3M2N011ON012bN`QNV1in1N01\MiN^VNR1`i1nNhVNk0Yl1N1O1O0O2O01OO201M2O001O00000000O01O1O0010O00001O00000O1M3N1O200000O10O10O002N1N2N4M3K5KQTU=
20130208063134Lh_16,lX[i03S21POO\O?91\OG4J3OJi04n1WmY2XMXRhM:J4LJfPNLVo11SQNMin14[QNKan16d0O00100N3O0O2O010O01000O01O001N1O1M200gQNHll18SSNHol17QSNInl17]1O1O2M3OO1eQNNil13a1O1O_QN0Um11kRN3Rm1MnRNOjN0Un12b100O011OO1O11OO2O0TQNLmm14SRNKmm16m0101O0O2M3SQNCTn1?e01UQN@Tn1c0lQN]OQn1g0nQNYOnm1k0RRNUOfm1T1XRNlNcm1[1\RNeNcm1]1=3N2O1O1N102L]Oe0O0011OOO11000O1N3K301O1O10O0O2N1K5N2L300200O1100N1QOSQNm0mn1FTQNEln1<UQNAmn1?SQN@mn1b08000O1O100M21O2O1NG[OYQNc0gn1^O[QN`0en1A[QN=fn1C[QN;fn1FZQN8gn1HZQN5in1JXQN4jn1KWQN5in1KWQN4in1LXQN3hn1NXQN2hn1MYQN2gn1OXQN1in1OWQN1hn1OYQN0hn10XQNOhn11XQNOin11WQNOhn11XQNOhn12WQNNjn11VQN0in10XQNOhn12WQNNin12WQNNhn14XQNKgn16YQNJln11TQN0^o10O1O010O010O1O01OVOLiQN4Xn1LhQN4Xn1LgQN5Yn1KgQN5Ro10XOKeQN4\n1LdQN4\n1LdQN3]n1McQN3^n1MaQN3fn10PQNOln18RQNGPo1:nPNFTo1:914GUeVj2
20130213063454Uh_1,XXWS21Z12SO2PPX11\oiN2N1O2N100O10000O100O10O10O100O010O10O01O0100O01O01O01O01O0100O010O010O10OO200O0010O00O2N2O0O10001O001O001O1M2O2O0O2M2O2O001O00001O0010O1O001O1O00100O1O001O1O1O1O1O1O100O1O100O1O1O1O1O1O101N2N8FSg\e1
20130213063454Uh_2,a]d]115320MOOOO13000:NJ0emi06jQXO5L3M1O3L4M2N1O1O0O20O0001O001001N0101O00O1001O0000001O0O100001N10O0100O010O1O100O1O1O1O010O010O01O10O01O0100O001O1O1O1O1O1O0O3M3M5Kf`[]2
20130213063454Uh_3,cVU_114051;2JN2OF2`0ND1Qok06\PVO3N2O1_OGXQN9en1I[QN7dn1KZQN7cn11VQN0jn1c00]OUQN2jn1NVQN2in1d0O0O10001N001O1O1NfNaQNW1Wn1QOiQNo0Vn1>M3N2N2N100OL5N2O1VOPRNWON3Sn1c0_RNXOcm1g0k0O10OO2O1O10N2O10000N3N100001O010O100O1O00100N2O00100O1O100O2N2M3Ljhh[2
20130213063454Uh_4,ePYk12n1OYN1_11cNNcoa14ko_N6M2M3N2N1O2N100O100O00100O1O1O1O1O1O0O2O1O1O0O2N2O0O1N201O0001O0O2N1O1O1O100N101O1O1O010OO11O2N2O1NL\OoPNc0Ro15000O1OJYOUQNg0kn170O110OO110O00GXQN[Ogn1g0810O001O001O001O1O001O1N101O001O001O10O0100O100O100O000001O0O010O1L302O01O100O10O10000000O100O1000000O10000O2M4L`n`k1
20130310063154Uh_1,R[aa11d10C0nN4[m_2N\RbM2O1N101O000O2O000O100O2O2N1O1O001O001O001O00001O1O00100O001O100O1O1O2N101N2N2N1OTOVQNc0in1]OXQNc0gn1\OZQNe0fn1ZO[QNf0dn1ZO\QNf0dn1YO]QNh0bn1XO_QNg0bn1WO_QNj0ln100O0101O000O01000000O2O2NO1000000001N010O10O10O0^OlPN9To1EPQN9Po1ERQN:Zo111N100O101N010O0010O1O0100O01O01O10O01O0001O0001O0001O000000001O0O1000000O101O000O100000000000001O0O100000001OO100000000O10O100O2O0O1O100O1O100O2O000O100000O0100O010O2N1O100O100O100000O10O01O1N20OO20E]OXQNc0gn1;10O1O000001M201O1M3O0O2O1O2N1O1IkPNAXo1<dcho1
20130310063154Uh_2,beVl22d01F3H7j0I[O0JL<1E2j07Rk[1KiSfN5L4L2N3K4O1O1O1O1O10O0101O1N200O2O2N60KOO11O0O111N1O2000N3L3O2M001O2M7K003NON00100O00010O1O010O2N10OO2OO11N000010O0O101N2O2M101O0001O001O00001O102M1O100O100O010O010O01O0000011N10001O7I1O0O010O01O2N2M8HVUQl0
20130310063154Uh_3,^]PU132N`06D13OON81MNg01TOML72L>1=1ZO1=IQhc14PW^N3O1M3N2N0000O2O0001O010O1O0010O0100O10O1001O00O01O10O0010O101N100O10O10000000O100000O10O1O101O0000O2O1O0O2O1O1O1O010OhWNCm`1>R_NBn`1?Q_NAo`1`0P_N@Qa1?o^NAQa1`0X71N1O2N010O1O2O00001O011M1011N10O00O10O000001O1O001O002N1O001O1O11O002PSNCAKeh1d0fWNE@Hmh1d0`WNE_OISi1c0[WNF@HWi1d0TWNFCHYi1h0ZUN]Oo06;F\i1\1VVNXO4^Ogi1Z1RVNALXOSj1_1gUN^OLZO^j1[1_UNc0aj1^22N1O1O2N1O1N4M6H;F5J5cMSTN>Tl1ZORTNQOJl0Zl1VOPTNH41Gh0_l1YO\UN1bYea2
20130310063154Uh_4,kejl212332OO;6KH>3KNH1^lc0NPS^O:HGfPN2Wo1MnPN2Po1MTQN2jn1MXQN3\o1O000O1O10]P`04bo_O13KQP20gnM0]RN0am11_RN0`m1OaRN2^m1OcRN3en1O2O1OO0O11O0OTP40QPN0O0loM010O1O10O0OoUao0
20130310063154Uh_5,mRgR114280KNM0coe01UP\O3N101N1000O01000O100O1000O1O10O01000O01000O1000O100O0010000O1O1O1O1O1O2M2O100000O1003NO5LO01O00O10000O01000001K5N6Jbllh2
20130310063154Uh_6,Vodk25:N12doY11hogN301N1O10000O1000000O10000000000000O100000000O10000O10O01O01O00001O100O01000000000cPNDVo1=hPNEWo1<fPNFZo1a0O00001O00001O01O00001O01O0000000000000O10O01O10\OkPN=Uo1CkPN=Uo1CkPN=To1DlPN61FTo14kPN61FTo14kPN5Zo1KgPN6Xo1JhPN6Xo1JhPN6Xo1IhPN8Xo1HhPN7Xo1JiPN5Wo1KiPN5Wo1KiPN4Xo1KiPN4Wo1MhPN4Wo1NgPN2Zo1:O0010JfPNEZo1<gPNCYo1<hPNDXo1<hPNCYo1=50O10O10000N200O10O0100O1O101N1N3NaPUl0
20130315063154Uh_1,[]jj22R1O_O3O9ENa0NJ0CM2M\11jN0Z13eNJ`gU25oWlM4K4M3N1N2O000O2O0010O0001O0010O1O01O10O10O1O01O1O1O01O010O000010O1O00010O1O01O1O001O1O010O1O100O011N100O1O1O1O100O1O100O1O2O002M10001OO10O10000000O10O01O10O100O1O1000000000002OO000100O01O01OO2O0O110N2O000000001O01O002O0O10010N01000O0100O02O000O2O2N7I0O0001010OO2N3N3L101N103M1N100O3NO02N2O0O10O108H7H000101M4M3N0O1O2N2M3N2OOO200N2O001N1O1O1O2N2N1O2L3N2MfZkg0
20130315063154Uh_2,g]Tk224197H3OHO<2H>5G06HT1KaN4kig1NjUZN6LI`PN2]o1NgPN0Wo1OmPN1Po1OSQN0ln10UQN0in10d0000PP60PPJ00000QP20gPL0an10^QN0bn10_QN0`n10i00O10O0010O1gPNObn11]QNOcn11g0OgPN0bn11g0O00QP20PPN0O0QP20PPN0O000QP80ooG0QP20jPN0[N0kP20ooM0nPN0So100000oN0QRN0Po11O0mNOVRN1mn1010O02OO1O01OO1gNObRN1gn10000O10O0hN0YQ20PPN0O010O0QP20PPN00000ZQN0[m10eRN0[m10[110O^SX20blgM10OZ\kj0
20130315063154Uh_3,Y`Ta11n03\O0ank00oPVO4N1O1N2O010O001O0001O01O0001O010O00100O0010O100O101N10O1000O1000000O10O10000O10O1000O01000O2O0O100O1O100001O00O01O01O00001O1O1NX^mY2
20130315063154Uh_4,WX^g135<n0Fj03l5MkH22Jfa10h_R51emmJd0@2N2N2N2N3M102M2O1O1O1O00011N1O1O2N000100000O0100O10O02O0O100O01O10O11N0000010O1O001O1O1O001O00010O001O010O00001O01O0000000000000001O01O010O00001O00010O1O001O0000010O1O001O1O001O101N010O010O000010O001O010O100O10O01000000O100O0100000000001O001N2O001N110O1O1O4K6K1N2O1O00O1O1O1O002N1O2N1O001O1N2O1O1O00010O1O1O100O10O10O2O10O2M2O1O1N2O003L10001N1O2OO2N1000O01O2O1N3N1N1O2N3M2N002N1O1O1O001O1O2O0O1O001O1O1O3M010O100O100001N00100O101N1O5K2N4hQNjN^m1Y1\RNmN`m1m1M2N101N1O0010O00001O1O00001O001O2N1O1O001O2N1O2OO0101O0000O11O1O01O00O2O1O2N001NfSN^NWj1b1eUNdNYj1\1eUNhNZj1V1dUNmN]j1Q1aUNROcj1l0WUNXOij1h0UUNZOkj1g0RUNZOoj1h0mTNZOSk1h0jTNXOXk1n0`TNROak1P1[TNROfk1\1gSNgNZl1_21O100O001O2N1O1O001N2O1O2M2O1O1N2O1VNVSN;ml1BVSN<ll1AWSN<kl1BXSN;kl1AYSN=il1_O[SN>hl1_O]SN<el1@bSN:al1_OgSN>Tn1EU]]`1
20130315063154Uh_5,VhZj19d0g0KZOf0ITO1omk11cQVN1O1O2N1O1O2N001O0010O010O100O10000O10000O10000O01000000O010O0100O0010O01O01O01O01O010O00001O001O001O00001N2O00001O000O100000O10O10O010O1OO02N1O02O001O0O101M3M3M2TOZO^RNg0`m1ARRNg0mm1f0O10O1O2O0N2O1N3N1O00O1O1000O2O1J6M3O10000M5D;M4L4L4M4KRWil1
20130315063154Uh_6,lefc15?j0FJ1D7IS1NbNN12e0MQjU10nTlN9M3O1N101O00001O010O10001N101O1N3O1N3N2N3OO1N2OO001O1N100N110O01O010O1O102N0N3O2N010OO02N101N2N001O10O2O0O10O01O0100O1O1O1O1O1O001OO11N010001O0O100O100O100O10000O10O100O11O^OlPN7To1;010O01OO200N1O1O2N3LoTmT2
20130315063154Uh_7,eVle151O3254P1MROOj0OSOd0o1@VNLW17l0EZ`11b_P47XmoK5J8L1M3N1N3O1O1O0O2N10001O001O1O001N2O0001O0001O00010O01O01O001O0000011N100O10O11O0ON3N5K1O3M3M2N3N1N2O3M2N001O2O0O001O1O2N10O1O10O1000000O02N100O10O1O10O14K1O2N100O0000001O0000001O01O01O0010O000000010O000001O0000c10_n?0ooE0ooI00000^Pn40coQK0QP4000noK0011OO0SP40moK100SP4OooK0O2N11N2O10N1QP2OooM00000RP61noIOUP:1[hGO_WN0gX`00Zg_O1YP40SPJ1Vo18mfo6F`YPI000000000000000U]<0QoR]1
20130315063154Uh_8,leTb12U1S1XOmNE024b0K^O30O]k1NmUN0^nm21SPTM1N1O3N1N3N0000010O01OZOGeQN7[n1IhQN4Yn1MhQN0Yn10k02O1O3O1NNdQ68UnI1O01N100O2N100O2O1OO11N201M2O000010YON]QN2dn1OZQN4dn1K\QN9`n1H_QN8bn1H^QN7bn1I`QN5`n1L`QN3an1L`QN3_n1O`QN0bn1O_QN0an10_QN0`n12`QNMan13^QNMan15^QNJcn17\QNIdn18[QNHen19ZQNGfn1:b0NgPNHin19e0I11_PNMRo12oPNNQo12oPNNQo12?0O0010O010O10O001000OgPNNen12ZQNOen12[QNMfn13YQNOfn11[QNMgn12YQNOfn11ZQN0en10\QNNen13ZQNNXk11_WN1ZMMTk15bWNNYMMTk17cWNMoh14PWNNXMJTk19eWNLVMKTk1;fWNJUMLTk1:gWNLSMJVk1;hWNLnLJZk1:hWN9Wh1HjWN6Vh1JlWN4Th1LmWN4Rh1LnWN4Rh1LoWN3Qh1MoWN3Qh1LQXN3og1MRXN2ng1NRXN3mg1MTXN2lg1NTXN3kg1MUXN3kg1NUXN1kg1OTXN3kg1MUXN4kg1LTXN4lg1MQXN7mg1KoWN8Ph1IPXN6Qh1JoWN6Ph1JRXN4ng1LSXN4mg1LSXN3mg1MUXN2jg1NVXN2kg1MVXN2jg1NVXN2kg1MVXN2jg1NVXN2jg1NWXN1jg1OUXN1kg1OVXNOlg10TXN0lg11TXNMmg13TXNJog16PXNJPh16QXNIog19PXNFPh1:PXNFQh1:oWNEQh1<cWN^OTM5Yk1=dWN^ORM5[k1<oWNCQh1>oWNARh1>cWN_ORM2[k1`0cWN^ORM1[k1a0cWN^ORM1\k1`0cWN_OQM0\k1a0oWN@Ph1`0eWN_OPM0\k1`0eWN@nL0]k1`0eWN@nL0^k1?eWNAeh1?fWNAog1?gWNAkL0^k1?gWNAdh1>gWNBng1>hWNBjL0_k1=gWNCch1>\WNBeh1=\WNCch1=]WNCch1=]WNCch1>\WNBdh1>\WNBeh1=ZWNDfh1=YWNCgh1=YWNChh1<WWNEjh1:VWNFjh1:VWNFkh19UWNFlh1;SWNEnh1:RWNFnh1:RWNFnh1:RWNFoh19QWNGoh1:PWNERi1:nVNFSi19mVNGSi19mVNGTi18kVNIVi17iVNHXi18gVNIYi17fVNI[i18dVNH]i18aVNI_i17_VNIdi17ZVNJfi16WVNLbMKjk1:aVNKoi16mUNLUj14dUN1]j1OaUN2UNCjk1<mUN2ZNBjk1=iUN2^NAik1>gUNOPk11mTNNVk12hTNM[k13aTNObk11YTNJ_OH^k1>]VNBdi1>[VNBfi1>XVNCki1;ZTNDh02Pk19VTNGi0OUk17RTNJg01\k1OmSN1f0OTl12\RN2^1LXl1>fSNA]l1>bSNB_l1=aSNCal1:`SNEbl19d1N2NhQNKhl15WSNKkl14oRNMVm13\1OZQNMam12W1O1OTQN0jm11jQN4\n1LaQN3cn1NYQN0mn10oPNOUo12hPNN\o12_PNMho13QWgl1
20130315063154Uh_9,P\]T31d03a00mN388GF0M22Ym?2[RB6L2N101N2N2mPNF^n1<_QNF`n1n0N2N1O2O2LWOdQN3[n1LgQN6Vn1m0M2N3M2N2N3L2N3MUOcRNWO[m1h0jRNUOVm1j0lRNUOUm1i0mRNVO\m1HVRN<`0Kkm1N[RNNhm1NYRN1gm1M\RN2dm1M]RN3dm1I_RN7en1O3MValh0
20130315063154Uh_10,Zch?f01=1ROVoY1NcPhN4I6N2N2O1N3N1O1O001O00001O00000000001O00O10O1000O1O1O1O1O00100O10O010O1O001O10O0100O1FZOZQNe0fn1]OXQNd0hn1]OVQNd0jn1]OUQNc0kn1900O1001O00000000001O0001O0000000O1000O10000000000010O00010O0001O000O100O101N1O101N101O1N101O0O10000O100O1O2N1O1M4K5MR\WX3
20130328063154Uh_1,gZhl0_11_Oam1SOiSn10anQN7K2N1O2N1O2N1O2N2O0O2O001O0O2O001O0O2O0000000O2O0000000O1000O0100O1O0100O010O001O010O0001N11OO2O10O10O10O10O1000O100000000000O100000000000000000001O000000000001O000000001O000001O01O00000000001N1000001O000O2O00001O0O2O00001O00001N101O001O1O001O1N2O010O00001O0100O0010O0100O010O1O010O103L2N2N1000O01O01O001O001O01O01N2O001O1N101K5N2N1N3Niccf2
20130328063154Uh_2,fWcd11;3b0Ng00jl?OmQ@>gn1GPQNN0a0jn1b0J5M2UOfNmRN\1Rm1kNfRNV1Ym1POaRNR1^m1h001O1O01O01O00O101O1O1O1jN\RNNem1MaRN1^m10dRNM]m12eRN]OF1dm1b0XSN\Ohl1b0]SN[Obl1e0_SNZObl1d0aSNZOal1b0`1L4N2O2N2M5JdgfX2
20130328063154Uh_3,W_Pa071M1>;e3LkKKg12ZNLN06og12T7H^Wd35Qi[L;H5M2K6M1O2N1M4O1N1N3N1O1N2N3N1O1M3N2O1N101O1O0O101O00O1M3M4I5K6O1O1N2O10ON3000000O1O100N2001O0O01O2OOO3O0000O010000O1000O101O001N0100O10001O00O011OO010000O10010O1N10O11OO10001N0O2000000O101OOO3O00000O11N020O01O0001O01O0010O1O010O10O01000O10O1000O0100O1000000O010O1O001O1L30010O0O1100O0010O10O01000O01O10O00010O01O001O0010O001O0O1010O01O1O10OO200O1O1O100O100O100O100O100O10000O100O10000O10000O10000O1000000000000001O0000001O001O00001O001O00010O001O0010O01O0010O000010O01O01O0101N0000100O00100O1O0100O0010O10O100O100O00100O000100O001O1O1O002M101N4J5Jc^mi2
20130328063154Uh_4,Z_Ze0a1173g0R1eMlN7OFYh11cZn4OnlUK0SPL0000001oo1OmPL0Yn10gQN0To10UO0fQN1Zn1OgQN1Ro11VONhQN1Xn1OhQN1Yn1OfQN2Yn1NgQN2To1O01O000WONfQN2To1O010O10O01000O0100O10O10O1000no;0PPJ0onI0R10TQN0ln10mN0T10SQN0im10WRN0jm10R1010O010O10O00010O0010O00000oo30QPN0VQL0in1100mNOYRN0kn11O0nNOVRN1km1OURN1kn11PONTRN2lm1NSRN2nm1NQRN3om1MPRN3Qn1MoQN3Qn1MnQN3Sn1MmQN3Sn1MlQN3Un1MkQN3Tn1NkQN2Vn1NjQN2Vn1NiQN2Xn1NhQN1Yn1OfQN2Zn1NfQN1[n1OeQN0\n10cQN0_n1OaQN1_n1O`QN1an1O_QN1an1O_QN0bn10]QN1cn1O]QN1cn1O]QN0dn10[QN1en1O[QN1en1O[QN0fn10YQN1gn1OYQN1gn1OYQN0hn10XQN0hn10XQN0hn10XQN0hn10XQN1gn1OYQN1gn1OZQN0fn10ZQN0fn10ZQN1en1O[QN1en1O\QN1cn1O]QN1cn1O^QN0bn10^QN0bn10^QN1an1O`QN0`n10`QN0Yo10O000XO0a10Xo10PPN0UO0dQN0Wo30UO0eQN0UO0QP20UoM0dQN0_n70gPJ0kP<0`oi00oniN0\QN0Zo10[O1XQN1hn1NXQN2in1NUQN4jn1OPQN4Qo1MiPN7Yo171O100O10000001O1O2N00001O000O10O0100O01000O100O0010001O5J2O1O0O10000O0100O10O0100O010O100O010O100O001O101N010O1O100O100O100O1O100O1O010O0010O00010O01O0010O01O0010O01O010O001O001O01O010O10O01O0010O0100O1O1O10O01O10O01O010O1O0010O0001O10O01O010O1mPN[Oin1P1O0O101O00O10O10000O1000O10cQNkNnm1U1oQNmNQn1T1lQNoNTn1R1iQNoNXn1]1O10O1O001O1O001O0000001N101O1O1N2O001N2O2iNWQN12l0So1SOlPNf0Yo1M4MjZc_2
20130521063134Lh_1,Z^gT1112j02@M=1ZONomo14iQRN3N1N4M1N101O1O5K3M2N010O10O102N1O001O00002N1N100O010O1O00001O001O01O01O001O01000O01O001O00001O001O001N100O1O2O0O1O2O0O2N100O101N110O0001YORQN;Zo1O010O00001O01O001O5K00001O0000001O001O00001O0000001O0000000000010O0000000O010O100O100O10000O10O10000O1O1O0O2O010O1O1O1O0010000O2N1000001N2O1O001N101O1N1O101N2N10001N10001N100NR`\_2
20130521063134Lh_2,bihe21Q22RN0a0OCOd03XONflm12QSTN3N2N2O1N2O1O1O2M2N3M101M2O0O11O1O001N2O01000000010O01000O101O2N3L10001O0001O001O2M1O2OO01O2N002N6J2N2O0O011O0000O107IVOWO^RNf0am1]O_RNb0`m1^OaRNa0^m1AbRN>]m1DdRN9\m1JoQNC>?fm14[RNIfm19ZRNFfm1:ZRNFem1:^RNCcm1=]RNBdm1>]RN@dm1?]RN@dm1`0]RN_Ocm1a0]RN_Ocm1a0\RN@dm1`0\RN@dm1`0\RN@em1?\RN@dm1`0\RN@fm1=[RNCjm18URNJnm12RRNNQn1MQRN4mn1001N101O0eQNHnl19^RNGI3fm19^RNFJ3gm19]RNDL4fm1;ZRNCN4gm1;XRNCO3hm19ZRNHI2lm17ZRN:gm1HURN9km1IQRN9om1l01N10001O0O2O1N101N1O2N1M4M2O2M3N2M2N3M2O1O2O0O1N2O101O0000000001O0000001O000O101OO1@kPN5Uo1KkPN5Uo1;0O100O2O0O2N101N2O1N3L4MaScn0
20130521063134Lh_3,PYge1115?OF1Yoe0MgPZOOZo1?E:0000O100000000001O001O1ZOjPN`0[o10010O0000O100000O01000O011N1O1O1O100O010O100O01O0O2O0100O01O01O100O1O1O1K^PNKdo11ofXV2
20130521063134Lh_4,hXU\22204020JOQP\11koeN1N3M2O1O0000001O00000O1000000O1000O0100O010OO2O1O010O10O100O00100O00100O001000O10O10O10000O1000000O1000000000O2O00001O001O00000O100000000O10000O01000O01O1O10O1000O1000O010000O2O000O1000000O101N1O100O1O2NofP\1
20130521063134Lh_5,PeV\2121d00Zoe02ko[O1O2O0O1O1N2N2000O1000O01O1O10O10O1000O01000O101O0O100O1O100O100N2O1O1O1O100O100000O100000000GhPNKWo14kPNKUo14mPNLRo14QQNIon16SQNImn16UQNKin15XQNKgn14ZQNLfn14ZQNKhn13d0MjZ__1
20130521063134Lh_6,[X[[2181k0Oinm10RPTN2O1N10MWPN0ho10YPN0eo10^PNOao108000000000000000ZP<0eoG0ooM1PPN0010N11FOePN0fo10E0e00F0oo10QPN0C0i00co30doK0iP20co10koc20VPXM000oo10QPN0F0cPN1]o1ObPN2]o1OcPN1]o1ObPN2]o1ObPN2]o10aPN1_o18O1O0010000O010M3O01O10O1000001O0000000000000000000000000000O1000000O2O00000BdPN7^o1GcPN8co101N1O3MSgXY1
20130521063134Lh_7,nijf21Q11XO0J2:0Vni00XQXOMYPN0lo1000[ok00ZVYV1
20130526063134Lh_1,ohdT118:OGN4N540d0G]O1Rmi2OcRXM2M3L4N100O2O001O00010O02N01O1O001O1O1O001O010O1O01O010O100O1O3N0O1O10O01O000010O00010O000001O00000010O0000000000000O01000000000000O01000000000000000000O2O001O1O001O1O001O01O[QNBhm1?VRNCim1=WRNCim1=WRNDim1<URNFjm1:VRNFkm19URNHjm19URNGkm19URNHkm18TRNHmm18RRNImm18RRNInm17QRNJnm16RRNJom16PRNKom15QRNKQn13oQNNPn12QRNNom11QRNOPn10PRN1om10PRN0Qn1OoQN1Qn1OPRN1Pn1NPRN2Pn1MRRN2om1MQRN3Pn1LPRN4Rn1IoQN7nn1O001O00100O001O00001O0001O000000O10000000000O01000000O010O1000O0100O1000O01000O0100O010O01O10O0010O0001O010O010O001O010O0010O000100O01O000010O00010N10001O001N10010O0010O010O10O010A@^QN?cn1A\QN?dn1CZQN=fn1EXQN;in1FUQN;kn1FRQN:on1;10O01UOmPNi0Uo100O2O0O1O2O0O1O2N1K6N1O2N1OXQ`2LeSUU2
20130526063134Lh_2,TVYP12T19SOIM021L1:3=NZO0:KM38OAM_i10nWh22ZnWM5aQN2gl10fRNe0Vm1\O]RNW1\m1kNaRNZ1[m1gNdRN\1Ym1fNcRNd1Vm1d0N2N3M2N2O1N1O2O4L1N2O1O1OdNfSNSOYl1k0kSNSOUl1k0oSNTOPl1i0UTNVOik1i0_TNQObk1m0bTNQO]k1m0fTNSOYk1m0hTNROYk1l0iTNTOVk1j0mTNVOSk1i0nTNVOSk18hSNZOX1>Rk13mSNXOS1f0Pk10aUNO`j1NbUN3]j1MdUN2]j1KfUN5Zj1IhUN7Xj1HiUN7Wj1HkUN9Tj1DPVN:Qj1EoUN<Qj1@TVN?gl10O02OO101O2M12NO1O0010O0010000O010O1O001O001O010O1O1O001O0010O0000010O001O00000001O1O100O000001O01O@B^QN?`n1B`QN>`n1AbQN>Po100001O0000000000000O10000000000O2O000000001O0000001O00000010O01O02OO02N1O001O001O001O001O0000000O1000000O010000O100O001O1O1O1O1N20O01O1O0010O000100O01O1O010O1O00010O01000O1O010O010O01N10000O2N1M3000O101O001N200O1O100O2O0O1O101N1O101O00000O100O2N101N3L`en^2
20130526063134Lh_3,dbn]11V19SOJ71EO_me13TR\N5L5K1O2M3N1O1O100O0012N100000O01N3N0O2O1N1O2N100O002O\PNEbo1>N10000O01O10O1bPNCXo1=fPNEYo1a02N3M1O1O010O000001O001O00010O01O010O00001O00000010O001O001O000000000000000000000001O001O000O10000000O0100O01000O001O0010O01O010O1O010O10O010000O01000O100000O1000010O00000000000000000O1O010000O101N2M3Mg[gW2
20130526063134Lh_4,mlVP126O447MH3OL4022E43O8NRoe1N[P\N5M2N2N1O1N3N001N2O1O1N101O1O0O101N1O011O00000001OO1000O1K5O1000000000G@SQN`0mn19O10000010O10O0010O01O010N11N1O1O1N2OO02N2N102O01O00001N101O001O00100O0100O010O1000O010O001O1O100O10001O1O001O01O1O2N1N2O00000O1O0100O0100O10O010O010000O1000000O1AgPN7ao1000000O0100O01OFDQQN=Xo10100O010O1O100O1O2M3MUR]e2
20130526063134Lh_5,[Voh11552M9Ndoa05do_O3M3N1GGkPN9To1IiPN8Wo19O01O0O2O1O000001N1010O0001O1O01IiPNEVo1:lPNETo1;9O010N1O2O010O0010O01000001O000O10\ijS2
20130526063134Lh_6,SiRP24;3o0NXOO00ANl05WOO0M5O<Oeic07YU^O300O1O010O2O100O4L6K7I1N102RRNWO_l1l0ZSN\O6FSk1V1^TNVO<HUk1V1YTNTO`0IWk1R1UTNYOb0F[k1R2cTNoM_k1P2^TNRNdk1U2nSNPNTl1o2010M6J5M22N0N11O2K9ZMUSNf1ll1WNXSN1Nm0kl1QOQTNCROR1nl1ZOXTN`0nk1_ORTN<Wl1_OkSN5cl1CnUkl1
20130526063134Lh_7,k]kn211133001MN38N0OXom00YPTO3^ONSQN4jn1OTQN3jn1OUQN1kn1OTQN2ln1ORQN2nn1NRQN2nn1OPQN1Qo10mPN1So1>0O10000001N1K5O1O1O1O1000O1000002TOSQNa0nn1]OTQNb0Uo1O2O0O10000O2O0O001N2O100N101O0100O010O10O10O001HDjPN>Ro19O2O1O010000000000000001O1O1O7YObPN>ao1O1N2O1O0O1O2N2NZaZk0
20130526063134Lh_8,d][f21<6GL=2=MG2K1gk1LlU\22kmcM1N2O001O1O1O001O1O1gPNHhn1:UQNGkn1:RQNImn18QQNIon1d010O010O01O1O10O010O0100O100O3N2M10O01O000010O0000010O0000010O0001O00000O2O0CcPN7do1O1O1N2O2NknU2NVQjM10000O1L4N2O2N1O1O1O10000O1O10000OIdPNLUo1KoPN7OLTo1OjPN44LSo18oPNGRo18nPNHRo17oPNIRo15=01N2NaP2O`oM2N1001O00000O10000O10O0100O10VO1j00O010O01O00QP20ooM0_P21_oM010N100001O10O01O10O0D0jPN0To11lPNOln19UQNGjn12jPN2do1LSQN0Wo10oo10QPN0Woa00jP^O6QPNJgo18000H_PN0io10[abk0
20130526063134Lh_9,^_Uh283I53NO6OG0bna00XQ@3NLXPN1go1OZPN0lo10O010cP42XoK2O2CJRQN1Qo1OmPN1To1OlPN0Uo11iPNOdo10foa10Q`PS1
20130526063134Lh_10,lVoW21531O=8Wnc0IQQ^O2N2O0O10000000000010OO2O1O1O2N2N100O000O02N2O1O1O010O1O10O4M0O1O1O00100O00100O11O1N2OO1001O1N2O0O1O101N3L3Nkgnc1
20130530133654Bh_1,Vi^W1290?65OOJd16QNKgh1OPX\23cncM3L4M2O2M3M4M9G3M1N2O101N001O100O101NQO`QNa0`n1VOgQNl0en1100O10O01O00000001O001O1O2N1O1O3M1O010O010O02N002N101N3M101N2N5L2M2O1N020O1O10cNdQNS1gn1N2O1N010O10O02O1N1O1O3M1N100O010O01O00001O000000001O0001O0000002N00000001O00001O1O000001O00000010O0001O001O001O01O01O000O2O00001O00001O0000000010O00010O000001O00010O0001O00010O00010O0001O010O000000010O000100O10O0100O2N00101N100O2O1N1O100O001O001O01O01O1O010O1O011N100O002O0O01001N00100O000001O1O001O1O002M2Mb0^O4LTQ_X2
20130530133654Bh_2,m_oW1;f0MM20HE:enS2KjPnM4M2N1M5L3M3N2N101O0O2O00001O010UQNQOcn1X1N1O1O001O010O01O3M2N1O00000O10001N101N2O00000000001O0000001O00O1O1K5O10000O01000000O100000O02O4L1O000ON3L3G:N101O0O2N1L4O2J5O2O1O10O010000001N101YNoQN]1Rn1`NQRN^1Rn1_NPRN_1Yn101M2O1O001O010O001O001O1O001O001O1O0O2O000001O0001O0O1010O010O0010O010O001O1M3O00101N100O10O100O10000000O1000O010000O1000O0100O1O100O001N2N2O10000O2O1O1N2N2O2M2O2MW_nZ2
20130530133654Bh_3,Qm\g2111j01:0nNO65NMUoc1M_P^N8L2M2O1N2O1O001O000O100O1O1O010O0O0100000O2N101N101O0001O00001O010O1O0010O001O001O1O1O001O01O001O1O1O1O1O100O2N1O101N1O100O001000O010000O10000000O10000O1000O01000O0010O0100O010O010O10O1O010O00100N3N100O1O100O10001O0O100O1000O010O001O0010O01O000O2N101N101N101N1O2O1O1N3N1O2N]R[n0
20130530133654Bh_4,`clP1c0c0^O:1:9oNJ7NjkW14`SjN5L`0@5L4L2N11O004L4K3N4L2N7I001O10O0010O0001O1O01O000O10000O0010O0O2O001O7I2N1O100O1O1O010O1N101OO0100O1O10O01000GUQN]Okn1b0XQN[Ojn1d0VQN[Okn19UQNLOJon16UQN1IKSo10VQN;Wo12N10O100O010O01000O010000O00100O02O000O2O0001N1O100O10O10001N2N1O1O1O1N2O1NhXag2
20130530133654Bh_5,oVYQ12l04L6BF93f05^ON^OIhj]12oTdN6I7jPNJCK^n1=jQN8om1o0N2O2M3N1010O100O7I1nNnQN2Pn1MTRN2km1LYRN2fm1M]RN3bm1L`RN3`m1MbRN1^m1OdRNO\m10gRNOYm1NkRN0\m1EiRN;_n1O0000001OO01000O01000O1O10O11OO1000O101OO100O010O001O00100O0010O0010O0100O01000O1O1O100O001O0001O0010O0001O001O00001O002OO10000O100O101N00100O1O001O00O2N1O1O3M2O2LVddf2
20130530133654Bh_6,lbTV21k05[OKK5172Ednm07lPTO4K5N3O00000K]OjPNe07^O`n1g0]QN[Ocn1f0ZQN]Odn1P1KiN`QNX1`n1400O1O0100O100O101N100000000O10O100000O1O2L4N1O100O100N2O2O001N1O101N2O1O2N10O01O001O010000100N2O000102N1OO1O1N2N1O3M3M4K][[d1
20130530133654Bh_7,hc`P3216>N0LYne04RQ\O2N1O001O00000000000001OO2O00001O001N110O1O10O001O001O2OO011O1N1O10O01O010O01O010O100O1O0101O00000O00001O01O1N2O6IU[Uk0
20130530133654Bh_8,cUUh22n0062WO1J3>Ll0Mhle08[Q\O8K4M3M2O1N2N1O1N100000001N2O1O1K5N4N1O2M5L3L3L3N2N2M3J5M3N2N3K5K4M^OTSNVNjl1h1\SNUNdl1g1bSNXNZl1h1kSNVNhk1V2[TNgM`k1_2bTN_M\k1c1oSNjNYm1R1oRNjNRm1Q1USNmNkl1Q1ZSNlNfl1R1`SNhNcl1V1U1L9QOUjTT1
20130530133654Bh_9,R\f[131O90l00kN4S3KoM4_h1LTXn36SnQL1N2O1N2N1O2J6M3L4L4N2N:F2O1O1N4M1O1O001N2O00001O00000001O0000002N001O001O1O001O001O001O1O00100O00100O1O2RO_QN9cn1BdQN;\n1CfQN<`n1]ObQNb0nn101O01O00001O1N2O1N3N2N2M3N1O2N1O1O1O10O01O1000O01001O00O01O101N2O01OO20O00O002O0O001O2N1O00101N1O1O1O2N1O001O000010O000000001O001O001O00011N0010O1O001O00001O000010O00001O1O000O2O1N3N1O0O2N2N101N1O100O101N101O001N101N2O2M2O2N5J4M5K1N2O1O001O10O01O010O00010000O00101O0O100O10O001O001O01O000001O01O00001O00001O1O00101N1O1O2OO01O000001O000000000000O10000O100O0O200O1O1O1O1O01000O101O0O100O101O001O001O000010O01O1O010O00100O0010000O2N100O01O000001O0O101O001O0O2O2L`0B1N3M4K3N3Kf^mm1
20130530133654Bh_10,bYag12958KG0O055JNa06CNd0a0Pl=AfRD4M2O1N3M4L5L5I9^QNZOYm1i1M1oMfMZVN]2bi1gM\VNY2ei1iMWVNX2ki1kMPVNQ2Vj1QNfUNl1^j1YN\UNg0gk1c16H9K5I6L5L4L6fN_RNIfb`V2
20130530133654Bh_11,`YX`13:OJb00@O2gni1NPQXN5I5O1N2O010O0100O0001O0010O00100O01O1O00000000000O10000O0100O100O100O10O010000O1000001O0000O10000O2O0000001O000010O00O2O0O1000000000000001O00102M001O10O10O100O10O0001O000010O0000001O00010O0000000001O00001O0000001O01O0001O000001O1O001O010O001O0001O0000000001O000O10000000O101N10001O1O1O001N102N0O[ecT2
20130530133654Bh_12,gch_21;13=doi0FhoWO4L2O1N1O2O0O1O1O0010O0000O2ECPQN?Po19O0010000O10000O1O2N101L301N2O1O00@aQN_O_n1?dQNA\n1>dQNB]n1<eQNC]n1;cQNE^n1:cQND_n1;cQNC^n1<cQNB^n1>b000O2O001N101O0O110O000100O01O10O01O001O001O1O1N3MZ[W[1
20130530133654Bh_13,XV][11>9CH:2K0LM09Une0IeQ\O2O1O1O1O2N1O010O01O1O001O01O010O1O3NN1101O0O100000000O2O0O1000001O01N11O1O0000001O001O000001O5J2N3M1O3LPhb`2
20130530133654Bh_14,SWUY32437MLOJ2Yoc00bP^O3N2N2N1N2N10000O10O10O01N2O100O010001O0010O010O10O010O1O1O101O01O001N100000O2O1N2N10O011N1O2N3M1O2M4Lhgnb0
20130530133654Bh_15,TYV^112862O7J@g02CNK5Yl1J\TP50TooJ000O100000O10O10O100000O10000bPNOmn11SQNOln11TQNOmn11SQNOmn11SQNOmn11RQN0mn11SQNOmn11SQNOmn11SQNOmn12RQNNmn13SQNMmn13SQNMmn12TQNNkn13UQNMkn13UQNNjn11XQNNhn12XQNNhn12XQNNgn13YQNMgn13ZQNLfn14ZQNLfn14ZQNLfn14c010O0O100O10000000001O00gPNOcn12\QNNdn12\QNNen12[QNNen13YQNMin10XQN0\o110O10O010O0A0o00@0A0nPN0ao1000B0mPN0ao10000010O000QP40ooK00000000000B0lPN0To10lPN0bo1000C0jPN0Vo10k00B0C0jPN0Vo10jPN0Vo10jPN1co1OQP20QP`10no]N000O2O0GOcPN2]o1MbPN4^o18O010O0010O01`PND[o1b0OO01O010O0001O00000000001O00001N1000001N101O1O003M1O001N10gPNKhn14WQNOgn11XQN1gn1NZQN2gn1MXQN5hn1IYQN8Vo12O001O0O101O000O10000000000FDPQN<Po1EoPN;Qo1EnPN<Ro1DnPN<Ro1DnPN<Ro1EmPN;So1ElPN<To1DlPN<To1EkPN;Uo180O10O10000000000000O1000O010000O10O1000O01000O10000O10O10O10000O1000O10O100000000000O10000000O1O10O01001O00O1O1O1N2O010000O100O010O101N1O1O100O010O10000O10000O01000O100O100O001O1N2N2N2O10O010O100000O0100O100N200000PQNROon1o00100O00ITQN[Okn17dQNH\n1OmQN2Rn1NnQN2Rn1MoQN3Qn1MoQN4on1O0O10001N100000cdeh1
20130530133654Bh_16,dohg23Q1<k0IcNLV1NS27]MMLK`lk0=kQVO7J3N[OUQN;jn1C^QN8bn1HbQN4^n1MeQN0nf1:[_NFiI0hf1c0Y_N]OPJ0ff1f0W_NYOUJ0df1i0T_NWOYJ1df1h0P_NWO]J1ef1i0j_NXOZ`1f0b^NXOfJ2lf1e0Z^NZOjJ0Rg1b0T^N]OjJ1Vg1`0n]N_OmJ2Yg19i]NEPK2\g14h^NL`g1N^RN1in10SP2O^nM0RSN1ah12e5=VTN@lM0kg1g0TZNYOTN0dg1l0S\NTOjc1Q1QZNPOcNOXg1W1oYNlNSh1Y1fWNhN[h1\1_WNbNeh1d1TWN[Nnh1k1jVNVN[i1m1\VNTNli1n1hUNRNfj1NRTN`1j0aNok1_1iSN`N`l1]1[SNcNjl1Z1SSNhNQm1W1hRNjN_m1\1d0C:J7K5L6JlQNBPm14WkZT1
20130530133654Bh_17,PTog22f02I2ELb11bN:KHb00HMn0O]mQ10XQPO1O0O010O000O0O1011N11O0O100002O20O20OO0O1OO010O0O10001O1O01ZO3WQNLPo10mPN1ao1Olm51aoIOh20QRN0lk10T25MOOLbiVT1
20130530133654Bh_18,cc\Q11<0o09FGRO4Tmi0LZSVO3gn1Nf0O1000SQd00on[O0O0RP20SP60koG000^PN0co50noK0QP20`oM0=200cPN5en1KbQN0\n10fQNOZn10gQN0Yn1OhQN1Wn10iQN0Wn1OjQN0Vn10kQN0Tn10lQN1Sn10mQNOSn11nQNOQn10PRN0Pn10P10PQN0Po10oN0oP40TQJ0km10VRN0jm10S10jPN2Zn1Nm00O01100TZmi2
20130530133654Bh_19,dcl^21=0D59OHL63INRPX2OloiM0O1O0010O001O010O100000000000QP20PPN0O100000O00@0dPN080Ro10U10]O0fN0dRN0\m11bRN0_m10`RN0`m11^RN0bm10]RN0dm10W1O01O0010O01O0`PNMTo12=1O0`PNMSo13>0O00100O0010OFMgPN4Xo1LhPN4Wo1NhPN3Wo1MiPN4Uo1NkPN2OJmn15SQN3MIPo15SQN8kn1IUQN7kn1JUQN5kn1KUQN5kn1LUQN4jn1LXQN2hn1NYQN1gn10XQN0in1OYQNNhn12YQNMgn14XQNKjn14VQNKkn15a00O7I1O10O01O01O01O0001O000KePNE[o1;fPNDZo1<fPND[o1<40`PNC^o1?01O010kPNAgn1?XQNDfn1<YQNFgn1:XQNGgn19XQNIgn18XQNHin17WQNJhn17WQNJin16VQNKjn15TQNLnn1c00O0001O01O0VOQQNc0on1\OSQNc0Uo101YOhPNd0[o10O000N3N101O01O001O1O1O:F2N001O1O1N3N1NbZcV1
20130603063154Uh_1,Z]on1211c0OO0:0UO0?0E5KKSmS16cRnN3N2N1O002N002N1O2N4L4K3N4K3N2N2N2M3N1O2M3N1O1O2N10bNQRNj0nm1VOXRNf0fm1YO`RNd0^m1\OfRNb0Xm1]OkRNc0Tm1\OnRNc0Qm1\OQSNd0nl1[OSSNg0ll1WOVSNj0il1ROZSNP1km12M1O100001O22M03L1O001O0000001O001OO01O01O01O00000O10O1000O1O1O1O0O2O1L4M3N2O1O1O1O1O2N2Ni_jj1
20130603063154Uh_2,\W[]22a12^ONh00eN1[lk04jRVOm0kNe0H7K3M4M4L7I2N3M4L2N1O3M2N3M2O1OfMgSNTOH_1dl1XOQTNg0ok1WO\TN?dk1@aTN=^k1BdTN?Zk1@hTNa0Uk1_OmTNa0Rk1^OQUN`0oj1^OUUN?kj1AXUN=ij1@YUN?hj1_O[UN`0fj1]O\UNb0fj1[O^UNc0bj1ZOaUNe0ol1N1O1O1O1O2N001O01O01N10001O0O101O00001N101N101N1O2NWdR^1
20130603063154Uh_3,_\lm033;303LK<2F01>N`2KZO1YNJic11\]\25kmcM5L2M4N2L3N3N2N003M1O2O1O1O0O2N3N1O0O2O1N2O1N100O2N2O001N01001OO1000O001O1O1O0001O00010O10O02N110O1N2\OhQN^OXn1=lQNETn14PRNNPn1NQRN6mm1HTRN:mm1^OXRNd0an1200N2OO3N101N1O000000000000O001O01O01O0001O0O2O0O1O3M2L7F^Rj12mlUN3UQNn0Qn1d0M2N3M1O2N3N000O2O2M2N101N1O2O1O1N10001O10O003N2N3M3L103M2N1O2N=C4L0001O1O00O2QOaQN;`n1AcQN=fn1YO]QNf0nn11O1N1K6O001O00001O1O1O001000001N01101N3M10O001O1O1N100O2N2N1O2M101O2N0O3M101N3L3M4K`Rb2EPVk]2
20130603063154Uh_4,geT^21d00lng03\PZO3M1N101O0010O01O001O10000O10O010O010O1O010O000010O01O0000000010O0000000001O000001O00001O001O01O0000010O001O0000001O1O2M3N_YW]1
20130603063154Uh_5,]eVZ16inm0KVQTO100O01001bQ21\nM00O100O001O00000000O0jYec2
20130606133454Bh_1,lVYc0S1;PO;5_O86FG64f02_O5I;d0gf1SO[_`18jh_N5M2N2`NCZSN?\l10[SN4]l15XSN4el11SSN6jl10kRN7Sm1\1N1O2L3N2J6J6M2NPNQTN6nk1IWTN4hk1J`TN0`k10dTNL]k13gTNTOSOOWl1n0iTNmNnk1R1[TNfNek1U1e1H7L5N1O20O010O1N11O01OO2N300O100O100O101N10100O00000O2O0O1000O010O001O01O01000O0100000000000000O1M2O2O0000O101O00O1001O000O11O0000000000000O10O02N100000N200010O11N1000O10000001O010O0010O00O2O1M5Jgg\S3
20130606133454Bh_2,W^So21>9i0ORO1OIJ4:5:Hfl?4ZRB5L3N1N3G8YQNXOnm1P1mQNUOnm1P1oQNROnm1a1O2N1O1O2O1OiN_RN0^m11cRN1Xm12iRNOSm12oRNNnl13SSN0il11WSN2dl11\SN0`l12`SN0Ul1lN[SNY1?LRl1<mSNESl1<mSNDQl12cSNmN<Q1ok1OkSNPO8l0nk11oSNSO4i0mk11STNWO0e0ok11STN[OOc0nk1OVTN]ONc0lk1NWTN_O0a0kk1KXTNC1>Ym1AjRN=Vm1BoRN:Qm1ERSN8ol1GSSN7nl1JQSN5Qm1IQSN5Qm1ISSN0Q\nm0
20130606133454Bh_3,YdP_21h041MXO0110O27hmW1KPRjN1O8H1O1O10O0000000000000O10000O101O0O110O1O001O010O01O00100O010O0001O000001O000010O000010O01O010O0100O1000O010O1O010O00000010O010O010O1000000O3NO0101N3N000O2O4M0O10O0O2O1N2N2N3M3M1N2NfYmY1
20130606133454Bh_4,[dbl21?2Xoi01^PVO0\o13aPN0]o1:000O1N20001O0O2O1O00000O1000000O101O01O001O001O000010O0001O000001O001O01000OO20O000000000000000010O0000010O01O1O001O5KkZgn0
20130606133454Bh_5,YeVV3240OON25O:0_n?4jPB2N2O1O1000O10O01000O10O1O100O0100O01001OO010000000O101O000001000O1N100O1NaYmf0
20130606133454Bh_6,Pbjf0135;83D12I0im=7TQDJoPN9on1>N1011OO100O2M5I8G5K5MiNQRNa0mm1^OVRNa0hm1@YRN?gm1@[RNa0bm1@`RNa0\m1_OfRNb0Wm1]OmRNa0Rm1^OQSNb0nl1[OWSNc0il1[O\SNa0dl1_OaSN>^l1AcSN>^l1AdSN>]l1_OhSN<Rn1L3Mh[mV3
20130606133454Bh_7,_^UR111013108OO0H65M0OZm1L\TN1_N0jm]20gQdM2N6K2N3L3N001N101O000O2O00000001O001O1O1O1O1O1O100O1O0101N3M001O1O1O001O000O2O0000XOkPNe0Yo100O00100O001O01O00010O000010O01O2N1O1O001O00001O00001O0O10000000000000000000O10O10O010000O01000O1000O010000O10O10O1N101O100OBTQNJln16UQNIkn16VQNJjn16VQNJjn15WQNKjn14VQNLjn13WQNLjn14VQNLjn14VQNLjn14VQNKkn15UQNKln14UQNJln16TQNJln16TQNJmn14TQNKdn1I]QN;0Lln13UQNMkn13UQNMkn13TQNNkn12VQNMkn13SQNOln12TQNNln13RQNNmn13SQNMln14TQNLkn15UQNKkn16TQNJkn17UQNIjn18VQNHjn19TQNIkn1f0O10001O1O2N2N1O10O1O010O001O005kNVQNj0Ro1M100O1O2O00000000001N1000J\OPQNc0Po1@mPNa0Ro16100O1O1O101O001EiPNKWo15jPNIWo16kPNITo18mPNGRo1:oPNEQo1:PQNFnn1<SQNCln1>TQNBkn1><0O0100O10000O100O10000O100O10001O0O2O1N2Of``^2
20130606133454Bh_8,\cf[39i0L_ON13O6LG1222d03]OJbkY11oShN6L1N3N0O2O1O1O1O003L5K4M1O4M2M7I5K2O1N1O2N1O2N1O101N1000001N011O000O100000O10O101O00O10O1001O0O1O2M2N2O2N1O2O0010N2O2N3M2M3N0011N1N106J1O0000002N1O8G2O0O1O1O1O100O101N01eLkNjWNT1ak110O1O001O1O2N1O3M2M3N1N2M3K5M3N2N2MQl5Ng`o;
20130606133454Bh_9,i]\f0^1>SOC58^Okm=2PQD2XQN2cn13VQN4dn1g0M4M2M4M3M2O_OiQNZOWn1a0oQN^OQn1=URNBlm18[RNFhm13\RNOjn11O100O0001O01O02O1OO1000N2O0O001N2N]_UW3
20130606133454Bh_10,gcn\21P11_O<Unm1EXQTN2O1N2N5L2L4N1O1O10O02OO10001O100O0O1O100O1AdPN9[o1GfPN8[o1GmPN2Ro1NoPN1Qo1OPQN0Qo30oPL0`o10000000oo30QPL000O010oo10WPP10loYO0ooG0PPN0UPd00joYO0QP20eoM0e00[O0[P20PPN000[PN1fo30noM0101OO1O0130L10[o50ePJ000aPN0ln10RQN0Qo10lPN0Vo11gPNO[o10cPN0_o10_PN1co14eYkY1
20130606133454Bh_11,k[cY1181L2iog0NjoYO9M1O100001O001N01000O101O1OO1O1N2O1000001N100000000000000000000000001O0001O004L2N1O0000000000000000000O010000000O100O2N2Mjcha2
20130609133454Bh_1,kbRV32S12GM9;TOF90lko13^SRN2O5J2O1O2N1O1O1O010O1O10O10O010000O1O1O001O010O1O1O10O01O010O001O10O010O01O10O0010O01O010O1O100O1O001O10O02OO10001N1O10O0010O000010O00000100O1O10O01O01O010O001O1O1O1O100O1O2N100O1O1O1O010O1O010O01000000O11O01O01O01O1O001O1O1OO101O0O100O1O101N001O1O01000O10000O10O11N0010000O10O10001O1O001N2O0O010O1O1O2M2O003LXLASXN<lk1L^mi1M_^[:
20130609133454Bh_2,fo^a0195LLL0>0D0N011jni00oPXO8I2O1O0O2O0010O01N3N1O1N2N1O2N1O10000O101O0O10001O\OUQN4jn1LWQN4hn1KZQN5en1J]QN6bn1J^QN7bn1H^QN9dn1C\QN>gn1^OZQNb0Po12O1O1O100000000N2O001N2O0001O100O1O2O001O1O3N0O1O010O001O1O001DcPN2ko1JSo`Y3
20130609133454Bh_3,kedc0210l041Ob0LbN8l0LTO7Pke0NdT\O4L4M5K101OO11001N0000O0001N1001O10O11O0O1O100O002O0010O10O4L4L<J0L0M2O01mNgQN:Uo1M05J000O01N2N5J6GdUgX3
20130609133454Bh_4,P``c2124OM;7]o_1LPPbN4L3N2O1O1O001O0010O010O10O10O10000001O000000010O001N11OO10000000O010O1O10O010000O1000O10000O010O010O0010O002N1O100O1O10O0100O010O01000O01O100O1O100O2O1N101O0O10000O2N3N1N100O0101N010O1O00001O001O000O200O001O10O0100O2O0O101N100O1O1O1O1N2O1N2Ni\[S1
20130609133454Bh_5,kgjP13Z23ZN1K2G2k0J12SO4<HFNgmi0g0RQXO;I6K4L3M3L4N2M2O0000O0N2O10O11O0M4K4J]NSO`TNn0^k1BPTNb0Rl1DcSNb0]l1A]SNc0al1^1ON2000N3NO20N201OO001O2O1OO0101N1O2O2N1O2N2N1N4J5M4K5J6mN\RNCkm18VRNHom13TRNIZn1DaWkj2
20130609133454Bh_6,T[S]21R11jnQ12oooN4L2O1N100000000000000O101O0000O10O100O10OO2O001O1O1O1O1L4O1O010O101O00001O000000000001O001O0000000O100O1O10000O101N10O0010O1000O010O001000O010O1O10O0100O1O1KcPNF^o1:4O1O1N2O2Lfd^\1
20130609133454Bh_7,R^]h0c02HhoS1GQPnN4N101O0O2O000000000O2O000000000010N101O00O100000001O0000000O2O0000000O10000O1N20O01O0100000001O00001O1O001O002M101OO10O01O001O10O1000000O0100000O01O001O010O01O01O0010O1O1O010O2L3N4LgafP3
20130609133454Bh_8,cVUV14b011L@3`n;4TQF3N8H7I2N2O01O1N2O1O0O100000O101N1O^OoPN5Qo1JRQN5mn1KVQN2jn1NYQNOgn10[QNOfn1O\QNO[gPh2
20130609133454Bh_9,k_]V22<0E1a0NA0WoU10XPlN1gPN3Vo1OhPN2Xo1NhPN2Xo1OfPN3Yo1OcPN3]o18000000000000000001O00000001O2N2N00000000000000O1000000O100000010O0001O001O001O001O001O0010O000000000010O01O001O1O2N2N0O2O00000001O000000001O1O00001O000O101O000O1O1O1O1O2N1O2N^_`b1
20130609133454Bh_10,_abe22a0OB8:JD01O16VnY1IgQhN0PP20\O0WQL0hn11WQNOin12WQNNin11WQNOjn11VQNOjn11d0OaPN0mn10SQN0mn10a001000PP2000ooM00010O011O01OO11O00lPP10UooN0O00000010010OO0000O100O01O0001O00O100000oo10SP80QP<0^\kR1
20130609133454Bh_11,h^VZ11;4FL;6JO1OKOYno02]QRO3N2O1N2O0O101O000001OO1000001O01O01O0010O101O1O1N100O00100O100O10O1O010O01O01O010O10001N10O10O0100O1O100O100000000O0100O010O10O100O010O10O010O0100O1N2Oa_o_2
20130609133454Bh_12,\hZR11f05<LTO1c1OeN0[m?5fQBMmPN6do1GUPf10foYN2M1Rn1MXRN0eVmj2
20130609133454Bh_13,^YmW12e0<c1OnMF623N27ONcm]21oQbMJ^o1?M2N3N1O1O2N010O10O0100O010O00000000O1010O01O001O00001O001O00O100O100N2O00100O0100O100N20000O101O001N101O00001N100000O10000O100O101N1000001O0O10O1O101O0O1O10O01O1O10O010O000F_OUQNc0hn1;00001O00001O0O10O1L4I7N3M2L4L30O2L4N110O1O1O1O100YOaQNN_n10lQNGTn18PRNDQn1;j00OO3O0O011O01OOO200O11OO100O10000000000001O01O0000000010O0000O2O000000100O0O101O0010O1O010O2M2O2M4MYeT[2
20130609133454Bh_14,R]eS2212T15XOLV1MgN0^k1OcWj31blULOK0\PN1eo151N3L]P40eoK000000000010O000000000000@1oPN0Po10PQN0Qo1OoPN1Qo1OoPN1Qo1OoPN1Po10PQN0Po10PQN0Po10PQN0Po1OQQN1on1OQQN2nn1NRQN2nn1NRQN2^o10000000@NSQN1^o1001_ONRQN2nn1NRQN2on1NPQN2Po1NPQN2Qo1NnPN2Ro1NnPN2So1NlPN2To1NlPN2Uo1NjPN2Vo1NjPN3Vo1MjPN2Vo1NjPN2Vo1NjPN2Vo1NjPN3Uo1MkPN3Uo1MkPN3bo1ODNjPN3Uo1MlPN2To1NlPN3So1MnPN3Qo1MPQN2Po1NRQN1mn1Oa01dPNOin10d00000000ePN0fn11YQNOgn11YQNOgn11YQNOgn11YQNOgn11YQNOgn12XQNNhn13WQNMin13WQNMin13WQNMin14VQNLjn14VQNLjn14UQNMkn13UQNMkn14TQNKmn15SQNKmn15RQNLnn14QQNMon13PQNNPo12oPNOPo12oPNOQo12mPNOSo11lPN0To11jPN0Uo1>O100O1O100O1O1O1O1O1O1O1O100O10000O1EROdQNn0[n1TOcQNm0\n1UOcQNk0]n1;01OBgQNVOZn1h0jQNVOUn1f0e00O0100O001000OO2O1O00N30O01O010O0001O1O0O1O10001O000001O10O010O0001O01K4N300O00100000O01000000O1000O010000O100O1000O0100O1000O0100000O010000O10O10O1000O10000000O10O100000000O10000O10001N1O1000000O00100O10O00010O01O10OO2O00100O10O10O10000O0100000O10O10000000000O1000000O1000000O10000O1000000O10000000000O10001N101N100O2O0M4N2LVbdV1
20130609133454Bh_15,YSYP13c33mN2QOK0m0VOWOOO40HLDO\a12QbN3mN2QOK0m0VOWOOO40HLDO\a10UjV77ociH4L3O0OJ69H0O1O1N200O1O100O2N10000000000O0100O10000O1000O00100O1O100O1O1O10001N10000OPO[QN1Ja0\o1N1O2O0O1O2N001O1O001O1O00TOJoQN5Qn1KoQN5Qn1KoQN5Qn1KoQN6Pn1JPRN6Pn1JoQN6Rn1JnQN6Rn1KnQN4Rn1LnQN4Rn1MmQN3Rn1NnQN2Rn1OmQN0Tn10lQN0Tn10lQN0Tn11kQNOUn11kQNOUn12jQNNVn12jQNNWn10jQNOWn11iQNOWn10jQN0Vn10jQN0Vn1NlQN1Un1NkQN3Qo1O10O010O010N11000O0100000YOM`QN4`n1L`QN4`n1M_QN3an1M_QN2bn1N^QN2bn1O\QN2dn1N\QN1en1O[QN1en1O[QN1en1N\QN2cn1O]QN1cn1O]QN1cn1N^QN1cn1O]QN1cn1N^QN2bn1N_QN1`n1OaQN1_n1OaQN0`n10`QN0`n10h00O01000hPN0_n11h01O0hPNNan13^QNMbn14^QNLbn13^QNNan13^QNMan15^QNKcn15]QNKan16_QNK[n1;eQNEYn1<gQNDZn1;fQNFWn12XQN2c0KTn12WRNNjm11VRN0gm12YRNNem15ZRNKbm19^RNGcm18]RNI]m1=bRNCZm1a0eRN@Ym1b0gRN_OYm1?hRNBSm1>QSNBnl18YSNIgl14\SNL`l15bSNJ^l13fSNMYl10jSN1Wl1MhSN6Wl1JeSN8\l1IbSN8`l1FaSN;^l1EaSN<_l1D`SN<al1D^SN9gl1FXSN<gl1DYSN8jl1I_RN1N4fm1JZRN=GJnm1IZRNa0DEUn1IVRNm0mm1TOSRNi0Qn1UOnQNn0Pn1TOoQN9dn1G[QN6jn1HWQN9gn1IXQN5in1LXQN3hn1MWQN3kn1JWQN7hn1IXQN5in1KXQN3kn1MTQN4jn1LWQN2jn1OVQNOkn11c0OcPNOkn12UQNNkn12b0OcPNOkn12UQNNkn12a010O00001OcPNOmn10SQN0mn10TQN0kn11TQNOmn10SQN1ln1OTQN1^o1O0001O01O10O000PP20QPN0O0010OTo55QQHK^o1`0N8F0100010O0001000O1000000O01000O01O10000O1000000000001O01O00000000O100O1000O010000O1O10000O100O1O1O10000O10O10O0010O000100O00010000O1000O010O10O01000O010O010N1000100O00010O1O1O1000O0100O010O010O001000O000010O01O100000O100000000O0100000000000000000000O1000O01O01000O000100O00010O10O0100O1O0100O01O0100O001000O001000O0010000O0010O10000O010O010O10O10O1O10000O001000000O01000O001000O0010O1O00100O1O010O10O0010O0O110O0O1O110O0O200OO01O110M10110N010O1100OO110O0O1O110N010N300M2N120K4M4L310OO0110O0000O20O00O200O0O2000OO2O100N2O1N200O10000N2O1O101L3M301M3L5L206Gf[d6FQS^\1
20130609133454Bh_16,dfZ\12e04h0KSO;JGO5MJf00\O4Yli05QSXO6M2gNAkRNb0Rm1BjRN`0\O]O[m15VSNa0[O^O^m11USNc0\O_O]m1OoRNj0BYO^m1S2O1O001O100O100O110OZOlRN_NUm1]1nRNcNSm1a0lRN@30Rm1;PSNCM2Um17TSNBH9Tm12jSNOVl1MmSN4Sl1GQTN;jm101O02O00O10O01O1N101O1O01O011O000002N0O100O0101N100O00000000O101N2N2MXTQ_2
20130609133454Bh_17,g^hl212222b0Ljnc03[P^O101O0O100O2O0O1M4N101N2O001O0J^OnPNb0Qo1@oPN?Qo1BnPN?Qo1ClPN>To17000000000000001O1O1N3N1O001N101O000O2O001O1O0O101O1O0O4Ig`ao0
20130627063134Lh_1,`YWV21Q18\OHo01Tle12XR\N<]PNImn18QQNJln1h0M4L3N7I4L011N3M[NkQN_1an1K>B002N1O1O001N102N0O2O0O2O0O1O1O10O0101N1O10O00001O00001O000O2O010O0001O0000GAQQN?nn1BRQN>mn1CSQN=mn1DRQN<mn1ERQN<nn1DRQN<mn1FRQN9on1GPQN:Po1GoPN9Po1<0000000O010O010000O1000O10000O10O1O10O10O001O001O01O100O100O100O10O00010O010O1N1N201O00010O0010O010O100O001O1O1O1O10O1N110N1O101M2O100001N2O0N3O1O2J5I8Loe`_1
20130627063134Lh_2,`cRQ247OK27OH5boo0JYPRO2O1O0O10000O101N10000000000000001N2O1O000000000O10000O10000O010000O1O1O1O1O0010O2N1O1O1000O01O01N101O010O1O001OO110O0100O0010O01O10O01O100O100O100O1N3NY\Si1
20130627063134Lh_3,WdfP1:1L6KK013b04@?O^OOL^mk12[RVN2O0O2O00001N1000000O10001O0O10O01O1O100O1000O0101O010O001O1000O010O2O0O001O100O001O001O01O010O1O1O000010O001O001O10O1O010O001O010O1O1O100bPNCXo1c01O1OO011O0000000O010O1O010O1O1O2O0O2OO3N00000000001O02N1O0000O1YOlPNa0To1\OoPNc0Xo1O1O0O2O001O000O2O001N100O2O00001O0000001O01O0000010O00000001O0000000000001O001O0O2NSYYd2
20130627063134Lh_4,VWko228O7013Zne00QQ\O4M1O0O200O001O001001OO011O0000000O1O010O000000000000O1001O001N110O010O1O1O6J10O0000O1JXOSQNi0kn16101N1L1WOoPNg0So111M4M301L4D`PN3ThPl0
20130627063134Lh_5,]eQP22o00F0omo01XQRO2N2N2O001N2O001O00001O001O100O2O0001OO0101N1000O2O00O10O10O02N1O1O1N4M1O0O1010O00001O010O1O1O1O00100O001O001O001O01O001N101N1O100O2O0O1OBSQNKmn12WQNMin12YQNNfn12ZQNNfn11[QNOfn1N\QN2dn1J`QN6Uo1000001O00001O1N2OnXdi1
20130627063134Lh_6,cXSU149NJ0N13O301100KO21j0O]O2onQ1McPPO4M001N10000000000001OO1000O10O100O100O100O010O1O1O1O1O1O00100O1O0QNCbRNNg1?fk1F[TN:gk1FXTN9hk1HWTN8jk1ITTN8lk1LoSN5Ql1LmSN4Sl1MlSN4Tl1NiSN2dk1_OcSNf0b0Klk1_ObSNg0`0Knk1^ObSNh0>JQl1^OaSNj0;ITl1]O`SN>ALj09Vl1]O_SN=GHc0>Xl1]O^SN>FGc0>Zl1]O]SN>FGb0>\l1]O\SN>FGa0>Qm1KXRNLf09Sm17lRNIUm17kRNIUm18hRNIYm19dRNF^m1;`RNDbm1=[RNCgm1=TRNGmm1;nQNFTn1R11O2M20OO2O1N2N2N2M3M3M3@a0LlfTe2
20130627063134Lh_7,`XWX216081boc00mo]O1O1N2O100O100O010O00010O010O010O0010O010O10O10O100O01000O00100O01000O01000O1000O0100000000O10001N101N[glc1
20130627063134Lh_8,od^U3140N90H91NO;3N1CK[mY12]RhN2M10001M20001O00001O000010O00010O01O0010O0001O01O10O01O01O010O10O01O100O010O010O010O10O01O1O0010O10O1O10O1000O10000002N1O000001O0O1O2N001O1L4O1O2N10100O1O05L2M1O2N1O0000011N10N101N10O010O1O1O1O1O1O1N9GUXkb0
20130627063134Lh_9,Peca11>46OINM2]m1MhRZ31]oeL3O0O2O00001O00001O0O1000001O0000001O01O0001O1O1O1O1O00010O000010O001O00100O001O00001O0010O0000000001O0000000000000000000000000000000000000001O1O1O0000001O0O1000000O100000001O0dPN@Xo1d00001O000001O01O01O00001O001N2O00000CcPN7]o1IdPN6\o1JdPN6]o1IbPN8^o150000000O2O00001O000000000001O00010O001O1O00BbPN:^o1EcPN;]o1EcPN;]o1DdPN<`o10O10000000000000000001O000O2O0000001O000000001O00NH\PN8_o1HdPN0M8_o1IcPN9]o1HaPN:^o1FbPN:^o1FbPN:^o1FbPN:^o1FbPN:^o1FbPN:^o1FbPN:^o1FbPN:^o1FbPN:^o140O100O1O10000O1000O1O100O10000O1000AdPN:[o1FgPN9Yo1FiPN9`o1O01EGnPN8^o1O0010O0001O010O10_OJWQN5\o1N10VPN0co1O\PN3Ro1K]QN9Uo10_OG\QN9dn1HZQN8hn1GXQN8hn1IXQN6in1IYQN5gn1LYQN4gn1LXQN4hn1MXQN2in1MXQN6dn1K[QN5en1K]QN4bn1L_QN3bn1L_QN3an1M`QN2`n1MdQN0\n10eQN0Zn10fQN0Uo10Uo10lP20PPN0PPN0O100hPNO_n11aQNO_n12h00O0iPNNan12^QNNbn12^QNNcn12\QNNdn12\QNNdn13[QNNdn12]QNMdn12\QNNdn12]QNNbn11_QNOan11g0Oj00WO0bo51bPHOmo1000O0RPb00oo]O0O101N01NoX^i1
20130627063134Lh_10,YkRo0144MM101115Qoc01aP^O2N101]PND`o1?O2N1O1O000100O1O010O2CbPN4`o1IbPN7co1001O0O101O0O1O10000O1000O100O1O1O1M201O100O1000O11O0O10XT_m2
20130627063134Lh_11,h_ge012`01@11O83HLQ18nNG20>1FO30J0OQl]13gSdN2N3N2N9G3L3O0O4L2N1O2N101N2N6J1O1O1O2N2N2N2O0O100001N3N1O1N10000001N1O2O0O10O109F1000O0000100O0010O01001O1N3N1N100O0010000O00101N101N2O001N2N10O010O01O10O00100O101O01O000O100O10O01O010O00001O1O1O0O2O1O001O1O1O1O002N1O001O1O001N2N3Mc\`Q3
20130702070714Th_1,\ife21f01D4LMcno0NTQRO3O1O2N1O001O010O01O1O010O010O0100O00100O10O01O010O0100O010O00100O010O10O1O010O1O2M2O1O01O0000001O0000001O1O000O10000001N10000000001N101O00000O1000O1NMEcPN<Yo17O100000N3N101N3J6NYVkS1
20130702070714Th_2,haVj083I0401OL00XoU15WPlNLcPN7[o18N101O000001N10001O0O2O1O001O0000000O1O100001O2N1O000O2O00000000000000001O0O1001O0000000001O00000001O0010O0000000000000000O101O0O100O2O00000O2O001O010O10O1O100O1O01O00100O1O5K2NZ]mn2
20130702070714Th_3,b^]l218511M4?L@O12NJO5[oc0N[P^O3N1O1O001O00001N2M3N101O2O00000000OO1B>O1jNPO]SNQ1bl1UOYSNj0hl1WOWSNh0il1ZOVSNe0jl1\OUSNd0kl1^OSSN`0Pm1CkRN=Vm1EfRN=Zm1J\RN7gm1l06J7K7J6J7K4K3K5I9@]`\P1
20130702070714Th_4,odR_113331c0MZO2O000mm1MmRf32QoYL0O2O1O001N101O00000O2O001O0000001O0O1000000O10001O000O10000O10000O101O0O100000000000O100000000000001N1O2O1N10000O2O000O101O00001O000001O0000000001O000000010O000000000001O01O0000000000000000000000000000000000O10O10000000O10000000000O10O10000000000O1000000000001O0000000000000000001O00000001O01O0001O0000010O00001O000000001O010O1O0000000000000000000O10O100O1000000O11O00000000001O00000000001O00000000000000001O00001O0O10000O10001O0O10000000001O00000010O0@fPN;Yo1EgPN;Yo1DhPN<^o11gPNBnn1>QQNDnn1=QQNBQo1=oPNCQo1=oPNCQo1>mPNCSo1=mPNCSo1=mPNCSo1>lPNBUo1=kPNCUo1=kPNCUo1>jPNCUo1=kPNCVo1<iPNFVo1:jPNFWo19iPNGWo19iPNGYo17gPNIZo16ePNLZo14fPNLZo1=1O001O1O01O01O001O001O01O01O1O1O001O01O01O00001O000000001O00000010O001O1O10O010O0010O01O10O001O01O01O100O010O01O0010O01O001O1O001O0O2O1N3MiXSi1
20130702070714Th_5,cXmf183Lk0N@3CN]oo00]PRO4N1N2O000O2O00001O0O11O00001O0O2O00001O000000O100O10O010O10O100O100O010O1000O00100O001000O010O1O0100O001O001O0001N10000O1N201O01O00O1O1O100OO2N2N3O1M3N2O2MRgTS2
20130702070714Th_6,_]WP214590OM2OD35M60i02nN293dkc0IiS^O7J5L4L4K5M3N1PQNWOgn1S1N3_QNlNPn1d1O000O2O004L3N[NVRNR1jm1kNXRNV1im1gNXRN[1hm1`NZRNc1om1hNnQNf0om1YOURNf0im1YO[RNh0bm1XOmRN:Rm1DSSN<jl1CXSN=gl1B\SN>bl1@bSN`0]l1^OeSNc0Zl1ZOiSNf0im10012N0O01O0O1001O2N1O2N2N001O001N100O1O2M3MX^jk1
20130702070714Th_7,mdb`11:0J2Yo1NaQT20PokM010O010O100O0N30000O10O1000001O001O001N1000_PN0ao100000QP:0ooE00000010O000000000000oo10QPN1O0000000000O0100doc1OgP20foYN000F0YP60QPJ000QP`10PPjN0]Pf00booN0000000000000000000gYUR2
20130702070714Th_8,QYQg11g01\O34L06^oU1KZPlNO01O01OB0lPN0bo11OO100000O10O10\og10oPZN0Ro=0\PF0VPJ0ffRT2
20130702070714Th_9,P]_o13>231`0LRO1<1MO764M[O9:B21G0f04@Kmh]10iVdN0000000QP21VPN0I4[P4KeoK1N13Nmm10bRL1mn1OgRN1fk1OXS20TPN0Sn10^QL1`n1OYQh00_oWO1O2O010O1N0ePNLjn14UQNMjn13VQNMjn14TQNNkn12UQNNln11SQN0mn10RQN3mn1MPQN7nn1JoPN8So1<N1O101M11O0O10TQNVOan1k0XQN]O>Jem1T1URNUOim1j0VRNWOlm1f0RRN^Oom1?oQNDRn19lQNKTn14kQNOSn10nQN0Sn1MnQN6Pn1JPRN6Pn1JmQN:Qn1\OYRNe0gm1XO\RNh0fm1RO^RNo0Xn1100O1O001O00O000O2O1N2M4M2O0N21O01O1O2O3M3L6J5JX]nh1
20130702070714Th_10,RVkc03990HM18l0EVO242H430P2HlN1BRjY2@YUhMa0G8K6I5L4K5M3XOcNfRNb1Vm1cNdRNa1Ym1f0M3M2N4M2M4M3L^NYSNOel1KeSN3Yl1JoSN2ok1MXTN0fk1NcTNMZk13jTNKUk14QUNHnj16WUNIgj15]UNJbj1HlSNBe1f0^j1GPVN9oi1FSVN;ki1DWVN<hi1CZVN=ei1C\VN=di1A^VN`0ai1]OaVNd0_i1ZOcVNg0_i1QOhVNn0Ul11O0001O6J1O1O0000O1000002N0O2OO100002M104K1O10O10O010101M3N0O100O100O0011N1O2N2O0O2O01N3N1O1O0000PQNVOin1Q1O1O0O2O0O2O0001N2O1O1O1O100O000000001O0000001O002N001O4M1N3M101N100O1O1O1OO2N2O0O100O100O1000000001O01O0001O1O001O10O0000000001OO10000001O0O10000000000000000000001O0O2O1N1O2N2Mfbnn2
20130702070714Th_11,ebWT23;1OMO4K22JYoa00fPH0mo90lo_O0ooM000fo50fo=0cP\O0S]nh1
20130702070714Th_12,bVYe02:0J2;9B01G00<4GIM51L084LJN0030Nj0\lk0[OfSTOJVo1O[QN1]n1NkQN1em;OYQF1T2ORN1N20O010O1O00^N0RSNOQm12kRNNWm14?MhQN7Pn1IXRN3dm1M_RN6Zm1LhRN5Sm1LQSN3bl1KYRN3^1K[l1:i1KigPX3
20130702070714Th_13,_^[P223O058NG16M4162JOE3<Kflm00XSRO1Yo1NaPN;ho1G2O0OdP>2]oANfN0dRN0bm30_R20flM0mQN1N01OeR^10^maN1OOW^`k1
20130702070714Th_14,hWcS31127ON7LH1092FOb00F1Voa00ZP@4N1N2N1O2N1O1O1O10O10000O0010N1O3M1N20O1O1N2O101N110O010O01O1001O0010001N00001N102K5LmgRi0
20130702070714Th_15,jSUd2132c00C09OF3Woe0O[P\O5L3N2L4M1O2N1F_OUQNa0kn1@SQN`0mn1:00O01N3L3HlPNCVo1;lPNBPo10PQN=Vo170O001O1O00_O@ZQN10?fn1CWQN2O<jn1`0010O1O10O01O110O010O3DQQNAQo1;RQNDPo18SQNGmn18UQNGln17XQNFgn1;?O100N2N201O0O3M_knW1
20130702070714Th_16,QeT`11922070nm1N`R\:0oncE0VPT30iomL0QP>0PP@0eoc00[P\O00000000000000000O001O10O100000O010000000000000000001O0VPNNfo1240UPNNho14101O1NWZ_n1
20130811121434Ch_1,TTii11o00YO4hna1OlP`N1N2O1O1O001O1O001O010O01O010O01O010O010O001O00010O001O010O0000010O010O0001O01O0001O010O001O10O010O01O010O000001O00000000000001O0O1000010O000001O001O001O0O1001O000001O000001O000010O01O001O1O00100O0010O0000100O001O10O01000O010O010O100O011N10O10O1O001O1O1O2NRjbl1
20130811121434Ch_2,YcbQ22c02E6OOP1I[O:@H720K`04_O0g0OVO5ng1HXYl23`nSM2O2M2O0O2O001N101O0O101O0000001O001O001O01O1O011N0010O010O10O01O10O01O010O10O02OO1000O100000010N100000010N02OO0100O100O010O10O010O0100O1O010O00100O0010O00100O010O010O1O101N3N2M1O100O001O010O1O0001O100O100O103L3M1O4L1O100O`PNF[o19dPNI\o15dPNOZo1OgPN5Vo1JiPN9Wo1DjPN>To1BlPN?Uo1_OiPNe0Uo14O001O100O1O010001O4L001O0010O1O001O001O1O001O0100O0O2O0O2N10O02O0O101N100O0100O10O02O0O101N01000O101OO11O0O10O01O010000O101O000O2O0O1010N02OO11O00O010000O1O002OO01O1O00010O01000O01000O010O001O01O0001N101O1O0O3LYV[]1
20130811121434Ch_3,o_SQ11289O0KF4coU13PPlN4L2O2N1O0100000000001O0O100001O001O000O010O1O1O0000100O100O10000O01O1LBePN>Zo1500O10O0110O00000O01O1O1O01O1O1K401O10O010O1O10001O001N2O1N2OO02N100O100O100O10O1N110O010O0100O010O2N1O2Mg_Rh2
20130811121434Ch_4,gkfU3489>KF8IJdmS1HQRnN7L3M3N3L4M2N1N2O1O1O1O1O10O00101N2O1O1O1O01O001O0O1000000O10O100O100O100O1010O06K1N000O10000010O01O00000O1O2N1O1O1N1000O2O001O1O2N3M101N101O1O00000000O100O101N3N1N1O1O1O010O1O00O1000O3N1N2NSQUc0
20130811121434Ch_5,\]gm06636NFK01=6JI81G=4BH7Qm;0aRF4cPNJnm1:SRNd0am1EYRNa0`m1W1I5L3L4K4M3N2N^MdSNc0M\O_l1JTTN=CHXl1FaTN7@Nln1O0O2N1O1Ne^fP3
20130811121434Ch_6,RdnR21>2=N50RO1OOnmW11mQjN4N1O0010ONK]PN1bo1O`PN1_o1OcPNO]o10:0[Qd50gncJ0noG100001OlYkd1
20130811121434Ch_7,WZ[Y13R1OD2N3OJL8Hg0R1OPOTO1b040DD7KINmd11S\NOD2N3OJL8Hg0R1OPOTO1b040DD7KINmd1O_cZ65[geI3N0O3N1O2N0O2O001O0O2O001O00001O000000001O0000001O000000000001O010O0001O0000000000000O1000O10000000000O100000000O1000O10O100000000000000000000000000000O1000000010O000001O00000O10000000000000000000000000000000000000000O1000000000000000000000000O1000000O1000000O10000000000O1O10000O1O010000000O10O10O100000000O100000000000000000O100O100000O01O100000000O100O001000O1O00010O1O1O1000O010O10O10O1O10O1N10010M3N11O0010O10O1O10O1O01O1000O10O10000O100000000O100O010O1000OO200000O00010O1O0O110O1M20010N2O1O010N1001000O0001000O1O1000000O1O1000000000000O1000O10000O1000001O00000O100O1000000O10O01O1O10O0100O10O001O100O000O1100OO11O10N1000010O1N10010O1O00010O1O00010O1O1N10010O0100000O0010O10O10O1O100O2N1000O01O1000N2O00100N1000010N101O010O0O2M210M2O2N110N002N020N1O10O20O00O1100OO2O0010O01O100O100O100O10O01O10000O0010000O1O1O100O1N2O100N11OO2000O00010N2N1O110N010O020M2O1O110N0000O30F9O0L510M21OO0200O00N120L211OO10100N1N3CTRNaNQn1_1oQNaNQn1[1<N2N20OO2M3N200N2N2K501I6M4F90oXT6KX_kI1j_N0mRX\1
20130811121434Ch_8,g_kP111070O7M20Lao_11SPbNO101O1O102N00000000000O10QP20ooM001O0000O1000bPN0kn11TQNOln11TQN0ln1OTQN2kn1OUQN1kn1OTQN1mn1OSQNOPo10oPN0Ro10nPN0Ro10?0^PN0So10>0O1aP8OSoi10]PRN0PPN000QPN0@0oPN0Qo10PQN0on11PQN0Po11nPN0Qo11nPN0Qo12lPNOTo1?O01000O10000000O101O001O1O1O001N2O1N4Jg_jf2
20130811121434Ch_9,jX[b2161?0^OON2=2O1J05Lim70oRH0bm16SRN4im13hQN7Vn1NbQN6Zn1j0M3@\N^RNk1_m1<O10O1_OaRN`N_m1k0bRNWOQn16iQNKnn10e0O1Off\\1
20130811121434Ch_10,R[Q`13:0W16eNM3Mc01I5_OJf1541VNNQf1LUZN0W16eNM3Mc01I5_OJf1541VNNQf1JXa^60ahSJ0QP^O00000moi00QP\O000QPJ1000O10O10O1000O1000O10O1000000001O0000ooi00loA1TPDO00PP20QPN0O010QQN0nm10RRN0mm30RQN0PQN0om11QRNOom10nP20UQL0im13P1O2O20O0WQNOdm12U1O10VQNOdm12[RNNfm12T1O1O100000RQ80nnG000oo30QPL0O010O10O10N20O1OQO0PRN0om10QRN1nm1ORRN1nm10RRNOnm11SRNOlm11TRNOkm11VRNOim13Q100N20WQNOdm12S101000010N2OZQN0]m11X11O01O[QNO[m13eRNM[m13eRNMZm13gRNMYm12hRNNWm13iRNMWm13iRNMVm14jRNLVm13kRNMUm12lRNNSm13mRNMSm13mRNMRm14nRNLRm14nRNLRm14nRNLRm14nRNLRm13oRNMQm13oRNMQm13nRNNRm12nRNNRm12nRNNRm12mRNNTm12lRNNTm12lRNNVm10jRN0Vm11iRNNYm11gRNOYm11gRNOYm11fRN0Zm10fRN0Zm10eRN0\m10dRN0\m10dRN0\m10dRNO]m11bRNO_m11aRNO_m10aRN1_m1O`RN1am1O^RN1cm1O]RN1hn10kNO]RN0dm10[RN1em1O[RN0em10[RN1dm1O]RN1bm1O_RN0bm10^RN0am10_RN0am10_RN0hn11hNOaRN0_m11`RNOhn11gN0aRN0`m10`RN0_m1ObRN1^m1ObRN1^m1ObRN2^m1NbRN2]m1NdRN1en1001fNNfRN1Zm1OgRN1Xm1OhRN1cn10eN0hRN0Xm1OiRN0Wm10iRN1Vm1OjRN2Um1OkRN0Um10lRNOSm12nRNNPm12QSNNnl13RSNNnl12RSNNml12SSNNnl12RSNMol13QSNMnl14RSNLml14SSNLnl13SSNMml13RSNMol13QSNMol12`10aQNNPm12oRNNRm12^10_QNNTm13jRNNVm12jRNMWm13[1O01]QNMYm13Z10OO10_QNNVm11]10OO10_QN0Sm30lRN0Rm10QSL0nl12RSNNll13TSNMkl13a1NhQNOel13b1O2O00110NkQN0\l10g12oQNNVl14k1NPRNNUl11lSNOSl12lSNNUl13kSNMUl12kSNNUl12jSNNXl11iSNOVl12l1OmQNOXl12gSNNZl11fSNO[l11i10lQNO[l11dSNO]l11cSNO]l11bSNO_l11h10hQNOal11g10000O10000000c10Zn70PPL000QPN0ioc00cnA0`QN0koI1XXf5O\eYJ2fSN5SOKY1NiYn^1
20130825141154Bh_1,e`Zg2261`1OeN77OFII0jli07lRXO4L3N2N1O1O101O000O20O0001O010O100N2O000O0010O010O02N10001O2N2N6K7H3N0000O2O2M2N0010O01O4L5L00O1O12N1O1O00O0100O0O2N2N2L6_OY\oS1
20130825141154Bh_2,__kn02f0:C0Io45bKJZO1JYg10g_N1XI1Voc2NYP^M9J6K5L1O2M3K4O010N3WRNoN_l1S1aSNmN_l1R1bSNnN^l1R1bSNnN]l1S1cSNmN\l1T1dSNlN[l1U1eSNkN[l1U1eSNkNYl1W1W1010O100O0O1M301O0GeNlQN^1Qn1811O01N1O2N2N1O1N201ON20N11000N2N2O2O0N2O1N30O01N100N2000O0N2100O10O01000000010O100N110O100O1O0010OO10010OO100O10O011O00001O0001O0010O01O1O001N2O1O010O0O2O01O0001O01O01O0010O0000000000000O2O001N101O001O0000001O001O01O010O1N20O01O1O101N1O1O100O1O100O010O1O001O00000001O000O011N101N1O2O1O001O0010OO10010O001M2O110O01N1O2O1O1N2O1O1O1O1O101N1N3N2N101N3M2N2N2MSW^2KQQb\2
20130825141154Bh_3,hW]l22o18\NG55E>3B75jn[1JaPfN2N2O0O1O1O1O100N2O1N101N1O2N1O100N3M2N2UOVO_RNm0]m1]OZRNd0fm1k0O1N10N2K50001O01O00QOWRNIjm15^RNDbm1<cRN_O^m1?R1O001O010O10O100O0100O100O10000010OO20OO020O0O101O001N2O00010O01O01O10O010000O100000000001O0O1O100O2O00000001O001O0O10000O1O2M3NYglk0
20130825141154Bh_4,dglg0124<41HL2GOToo02fPRO2N1O001N1N3L4M3M2N3N1O2N1O1O00100O100000000001N1000100O01O1O002N2N16J<D1O00010O00O101O001O1O1N100O10001O2M2O1O00O010O00010O001O001O0O2O0O2O1O001N2N3MTV[R3
20130825141154Bh_5,WT_h21d01:6SOK6N52LNK1830MonQ13`PPO2O1N10000O100O100O10000O1000O01000O10O100O00100O1O1O100O1O1O1O1N2O000000001B\O_QNd0]n1D^QN=`n1b0M200100O100O1O1N2OYORO_RNm0cm1XOVRNh0km1\OPRNd0Rn1c02O1N2N2N2M3N2O1M2O2N1O2M3N2O1O1N2N2M4L4L5KRkfQ1
20130825141154Bh_6,ijfn11h01BOc04Xmo0MhQRO2N2O1O001O001O1O001O00001O001O0010O100O100O0100O01000001O01O002OO0010O1O00001O01O00000O100O100O2O0O100O1000O010O010O001O00010O00000000000O100000000000000O1000001O000001O1O0O2N4L^Sej1
20130825141154Bh_7,U[Qg02m0;VO26LNHK11M89G[1\nU1_N[QlN4M3N2O0O10001O010O010O100O10O010O01O100O10O01O10O100O100O1O01O01O0001O0000010OO2O001O0O1O010O01N2O001N2O1N1O1J6M4N10001O01O1O1O1O0000N1[OXOSRNj0mm1YOoQNh0Qn1d00O0001cNbN_SNM7a1Yl1hNWSN0:Y1_l1[O]SNf0cl1_OUSNc0ll1;YSNaNhl1^1\SN^Nel1b1]SN]Ncl1a1`SN]Nal1b1bSNZNal1d1aSNYNbl13RSNo0mm1lN\RNl0cn1I4K7HlbTR3
20130825141154Bh_8,l[P`1110155MMNO0555Kene05gP\O4L4fPNGgn1<TQNGln1g0O000001O1O1O001N10000N2M3N3LJEmPN;Qo1IkPN8Vo190OO2J6N20O01000O1O100O10001O00001O00001O0O2N1O1O100N2O2N102M4Heco[2
20130825141154Bh_9,lUoY21\11]O1Po;3goE;N1001O00O1O1VO^O_QN69a0Rn1j0O20OO2O2M201N1O[OURNWOim1e0^RNZObm1d0aRN[O_m1d0cRN[O]m13QRN0f0LXm10YRNKf04Sm1JbSN3TfVd1
20130825141154Bh_10,gljn1151420NM5MMcnU10VQlN1N2O1O4L1O101O0gPNEln1;RQNGnn19PQNIPo17nPNJSo16lPNJTo1b0O01O10O02N3M1N101N1O101O0000001O01O01O00010O0001O010O0001O00010O00O100O10000O100O010O100OJ7O0010O0001O00001N110O01O01O0001N1O10001O0100O100O1O100O1O1O1O2MRSYj1
20131027185354Bh_1,`cX`0?1105<]OD>4HNIO;Yl1EdS`00PP@0jPh11SoWN3N2N101O0O2O2N1O2N2N10O01O01O0001O01O00001O010O2O0O3N000O10O0100O10O1O010O01O0010O102M10O01kPNFcn19\QNIcn17]QNKbn14]QNOcn1O]QN1cn1O\QN3dn1L\QN4dn1L\QN5cn1K\QN6dn1KZQN6fn1JYQN7hn1IVQN8jn1HVQN8jn1HUQN9kn1HTQN8ln1HSQN9mn1=1O00001O00001O00000000001O010N2O001O000O2O00001O1O010O0000001O000000O100O1O1O1000000000FoPNFPo19QQNGon18RQNImn16UQNJjn15WQNKjn14VQNMin13XQNLin12XQNNjn1L\QN2Yo11O0O1O100O101N10001O001O01O000000O101N10001O0000000010O1O1O1O001O0001N100O1O101N1000000O1000000000001O00000000EePN2Zo1MhPN2Xo1NhPN2Yo1LiPN4Vo1JlPN6_o10000001O0001O10O0001O0001O0000000001O00000000001O001N1O2O1McPX20]Xkk2
20131027185354Bh_2,]`cc11:000L3LN71178HB5]oc0Jco]O3]QN7^n1L]QN8bn10UQN1kn1b00000OO2N1000O00O2N1O2M21O1O01N3J5N2O10000O10000O1O00010001O000O100O10O101N101O2N4KS_lX2
20131027185354Bh_3,PaRX21143M:0HO65JO91F1\mU2K\RlM2N2O001N101O00001O00O100001O0001O0001O00010O000010O01O00001O1O10O0100O0100O1O010O01O000010O01O001O010O0010O0010O010O010O0100O3N0O1O01O010O00010O001O0010O001O0000000000000000000O1000000O10000000000O100010O00000000001O001O001O0O101O001O001O01O01O01O1O100O100O01O1O1O01O0001O01O00001O0O101O01O00010O0001O01O1O6K0O2N100O1O1O001O000001O000O100M4J5N3N2M2OT]gZ1
20131027185354Bh_4,ncnf21d08AM6M57IJ2OH1RmY1OgRhN3N1O2N8bPNDhn1l0N001O01O00000O2O0O2M3K6J5N20000000O100O010O103M1O0O010O010O01O100O1O1O010O01O001O1O00100O100O010O2O0O2O1N1000O100O1N2O0O2O10O001O0010O01O100QQN_O^n1b0^QNAan1P10O1O1O0O2O2M1O101O001O1O1O00100O001O100O1O2O0O11O02N2M101N1O2N1O1O100O1N2O1NlX_P1
20131027185354Bh_5,iTi[3284MNboi00TPXO2M4M2O1O0013M0O00000001N4M000001O002N1O1O0000O100O0010O1O1O10O010N101N2O1LDdPN;\o1500O10O2O001N2O10^PNC_o1`00O0010O01O1O001O1O00001N2N2Mgj^?
20131027185354Bh_6,kc\W3299MH60110=3E25IJM:Xki1C\TXN6K3M2N2O0O2O0O1O10000000001O001O002O2M2O00O11O0000O100O00100000000000000000O010]NXOmSNh0Rl1XOnSNh0em1010O010011N0010O002N1O00000000O1002M10000O010O1O100O01000O10O2N001O1O0010O2O1O00001O0000N2O11N11O2N20N1O0O2O0N:G5K3M20O1`NcQN[1an1O3O1N2M100O101N001O1O001O010O010O00001O100O1O101N1O1O010O100010O01N101NZK]ORZN`0ne1@TZN=me1CZZN5ge1K\ZN0fee01TU\O000000O1000PP60PPJ1T\]<
20131027185354Bh_7,lonS23l01E0ln]1MVPdN2ePN0Zo10fPN0Yo12fPNNZo13ePNM[o14dPNL[o16dPNJ\o18aPNI_o1<00N2O2M2N200O100O101NGnPNFRo18PQNHon15UQNLIImn1<YQN0fn1O[QN1dn10[QNJJNkn18[QNJJMln19UQNDO80Jmn1h0TQNWOmn1i0TQNUOnn1i05O11O00000nPNYOin1i0VQNYOin1f0XQNZONMfn12[QN`00Gdn1H^QN`0NHdn1H_QN>NJcn1H`QN=MLbn1FbQN>LLln14UQNKkn15UQNJkn18SQNImn18RQNHmn1f0000000000O2O1O1O0O101N100O1000001O000100001XOiPNd0Zo1O0@fPN;Yo1EgPN;Yo1DhPN<Xo1DhPN<Yo1CfPN>^o1000000003LKePNGZo19gPNHXo17hPNJWo15kPNJVo16iPNKWo15iPNJXo16hPNJXo16gPNJZo1=100N101N2O10001N1000001N100O2O1N2OPonc1
20131027185354Bh_8,W`PV22?2718LM76KSOOR11UO5;LL0HMSg10SZ^40`naK0O1O01O00O101O01O01O0FNfPN2Zo1NfPN3Yo1MhPN2Xo1NhPN2Xo1NhPN2Xo1OhPN1Wo1OiPN1Wo1OiPN1Xo1NiPN2Vo1OiPN1Wo1OjPN0Vo10jPN1Vo1NjPN3Uo1MlPN3So1MnPN2Ro1NoPN2Qo1NnPN2Ro1NoPN1Ro1OnPN1Qo1OoPN1Qo10oPN0Qo10nPN0Ro11mPNOTo10mPNOSo12lPNOTo10mPNOSo11mPN0Ro10nPN0Ro10oPNOQo12nPNNRo12oPNNPo12PQNOPo10QQNOon11QQNOon12?0bPNNon11`01aPNNPo10PQN0Po11`0O`PN0Qo10?0010O011O02OO00[PNOYo11<O01O01O\PN0Xo11;0]PNOXo10<00010PP20ooM0\P40XoK0<00000[P20do30VPZ10VU^N1dj10fJO[50QP20ooM000_UN1_j12bJMmZN3`j1O1O1Ohji00ZUXO0ooM100O001O3N000TPR1OjomN101N2O1M4000O1O106I100O1O[P>NaoA7O1O1O001O000000010O000101N010O0103N4L0O0O100O00100O001O010O4MMjPN@Po1?SQN@ln1`0UQN@jn1:QQNF70gn18UQNF<OZn1:\QNFXo17iPNI[o13fP2MfoM000QP2000PPN001`PN2jn1OTQN2nn1MRQN2on1NQQN2on1NQQN1on10QQNOPo10QQN0Po1OPQN1_o110000`o1NbPN0PP2000eP40hnI0TQN0mn10RQN0nn10SQN0ln11SQNOnn10SQN0ln10TQN0_o10PP20PPN0RP60noI0WPf00hoYO10O0100O011N7J2N2NM4L_o;JkQB0mn110001O00001ROMmQN3Po1010SOMkQN3Qo11TOLjQN4Wn1LiQN3Ro11VOLfQN4\n1LcQN3^n1MaQN4_n1LbQN3^n1MbQN2^n11`QNNbn13[QNMfn13ZQNMhn12VQNMln13SQNMnn14PQNLRo13>0001O001O1OdQP40bU]h0
20131027185354Bh_9,`U[e21c01AO6<4F]ok0OQPVO3]O1RQN0ln14QQNMmn15RQNKmn17RQNJln17TQNIkn18UQNIin18XQNGgn19ZQNFfn1:\QNFcn18_QNHan17aQNI^n17bQNI^n16cQNK\n14fQNK[n13hQNKXn15kQNHUn17j000O1000001O01O0100O010O1000000001O00001O001O0001O0O100000000000O011O0gPNIin1b0jPNBTo1g0O3L01MPQNTOQo1j04N2N2DkPNIYo12YjhU1
20131027185354Bh_10,bUee26214O;L_oe00PP\OOO000_O0QQN1^o10^OOVQN1in1OWQN0jn10c000000WP80goI0eo;0]PF0QPL00000YP40hoM0oo50PPN0PPJ0bP81_oG02OM0N0XiRV1
20131027223034Lh_1,QdTh21c04C10253FL2LO0h0NSl]14mRdN2N2O1N7J3M1O100O1O0010O0O101N101N1O200O01000000O10O2OO10O10O010O10000O010O0100O01O010O1O010O010O10O02OO010001N010O10O100O10O0100O010O10O01000O4M1mPN_Ocn1d0XQN_Ohn1n0OO10000O010O010O1O001O000O2O1O001O001O100O1O1O2O0O1O1O1O2N1O1O1O101N100O2O0O1O1O1N3N1NnXon0
20131027223034Lh_2,oonT2210;Oeo_11moaN2M101N10001N10001O00001O00001O00000010O00001O0000001O00001O001O00001O0O10001O000000fPNMfn14YQNNfn12YQNOfn12YQN0fn10ZQN0[n1K_QN740\n1J_QN650[n1K`QN550[n1L_QN452[n1K_QN344]n1J]QN3NI2<cn15[QN1en1e000001O0000001O1O1N2O1O2M2O1O1N2O2N1O1O2M2O2N1O0O2O00000O100000O1000O0100000000000O10000O2N100000000000O1N2O1000000000O1000000O100O2O0N4M3LSoha1
20131027223034Lh_3,d[mg2832h15YODnN59KL1N0b0MA2cn_14jPbN7J5J4M4M3L4L3[Of0M3L3I7N3N1O1O2O001N100O1O1O1N2N101O1O001O101O1O000010O002N1O1N201N1O001O01O0000O010000O101O0O101O0001O001OO1O1O10O01O00001O0O1O010O101O0O1010O01O0O1000O1NbNUMkUNl2Tj1WMkUNh2Vj1YMhUNb1oNSO[k1[OeUN`1VOPOVk1BfTN72U1;hNQk1N]TN95P1cl1DYSN<hl1]11N2N2]OSSNoMQm1n1c0M2O1O2N1O101N2N3M2N3M2O2N1N3L3N2N2N2M3N2N2M4L4J7Jbbln0
20131027223034Lh_4,[aod111000=3G3n0JVn?2aPB5L3N1O2O0O2jPNGbn1=TQN_O26hn1a0VQN@hn1m0N2N2N2N2N3M2N101O1O1NQOSRNOlm11XRNLgm13`RNH_m18cRNG]m17gRNGXm17mRNGSm16QSNIol16TSNHll15WSNJjl15XSNIil15\SNGel19a1O1O101O1NW^VX2
20131027223034Lh_5,gcba025e0M[O5l1KSN1h0gk1XORUX22nngM7K2N2O1N101N101O000O101O0000001O010O01000000O101O1N2O0O100000O100O1O010O1O010O0kPN_Oln1`0SQNBln1?RQNBon1=QQNDnn1<QQNFon1:PQNFPo1:oPNHQo17oPNIQo1d0O010O0100O10O01000O100O10O00010O000000001O0000000000001N10000000001N1000001O0000000000O100000O10000000O01O1O1J6O100O010O10000O2O0O101N2N3MlP:NVoE101EOdPN3[o1OcPN1\o1;O1O2N3M3M;E001OPOWQNj0hn1UOZQNj0gn1TOZQNm0en1SO[QNm0ln100000FXO[QNi0dn1:00000000O11O000O1000000O2O0O10000O1O1H8N2O1O1000001O001O001O100O100O1000O1O010O1O00001O0001O01O01O1O1N2O1O1N3J5M_Y_o2
20131027223034Lh_6,UZYj01137Neoi01ooWO2N2N2O001N10001O0000010O00101O00O002N0000O1O10OKEdPN>\o13O100O01000000O100EcPN2^o1LdPN4\o1KePN4]o1KcPN3_o1KbPN6do1O1000O10001N010O1000O01O10O01O1000O10000000001O3M1N3M`efP3
20131027223034Lh_7,nfbV2160:1Roo01ZPRO2N2O1O001O001O001O010O000010O01O001O00001N100010O0000001O001O001O00001N10000001O1O10O0010O010O01O100O1OZPNHdo1:010O0101N2O1N100O10O010O0100000O2O000O001O10O01O1O1O1O1O1O1N4MbWSc1
20131027223034Lh_8,X_ij01;2HOO008<OSng0J[QZO3M2N101O001O001O1O1O1O:F3M6J1O001O00001O1O000010O006J3M2N1O2N3M2N1O2N001O1O00100O00001O01O0001O1O010O1O001O00001O0O2O1N\_dP3
20131027223034Lh_9,Pmh`21?1hoc00fo]O2N102N1O10O000000O2O00000O010O10000O010O01O1O010O1000O001O001O00010O10O010OO2O000100O100O100O101N2N3LhR[[1
20131027223034Lh_10,lZU]1123b1OPOOfn?7XPB7M1N2O1M3M3N2N2O1O010O1O001O00000DQOfQNg0cn192O1N2O1000001O001EPQNEQo17TQNGln19WQNCkn1<=O10001N1MjdP`2
20131027223034Lh_11,kVW\12;2Q10nN0f10SN4j0LA0:Mkm]11TQfN1TPN0N3OO2N101O101OO2O00000O1O1O1IK`PN7g0Knm1N[RN0hm11WRNOim12URNOlm11SRNOnm11RRNOnm11RRNOnm11RRNOnm12QRNNom12QRNNnm14gQNMENbn19eQNNGJ`n1;iQNNCH`n1?lQNLSn15aQN^O;<Sn18PRNGnm1<RRNCmm1?RRNBlm1d0mQN^ORn1Y1N2M3NbNPRNN211Nlm16PRNJ5I76dm1d0gRN[OXm1f0iRNXOWm1i0jRNUOUm1m0m01N1O100O2010O010O1M2M4L4N2O001O0100O100000000O10O000O1O10O10O1001OO11O00000O1O1L4O010O10O002O00O10O1O1O1O1O2O2M201M3N3L5J6Jjgb[2
20131110185354Bh_1,iXoS13;4n1M^N95JI2K7GJKNk2JSN6VO3LG^mU24VRlM8H7K4M3M101O1N2O00000001O1O1O1O2N2N2N2N1O100O2N0000001O00000000O10000O1000000N1010000O1O100O00100O1O1O010O0O1O02OO1O010OO111O01N01000000O1010N00011OO00O1N2N3K401L4O100O100O1OO201M2O0M4L3O10O11ON1100O11OO11N02O0O200O1N2O10001O00O2N1N3L3L4J5M4K6K4L4E:N4K3M3cNoMXTNOKU2bk1`1302N20O11N0WOj0O11O010N12SNfSN4Xl1MkSN0Ul11lSNNSl12PTNKQl12TTNKmk15TTNJkk16XTNGik18YTNFhk19\TNCek1=^TN@ak1`0dTN[O\k18]SN]O_14Tk1<^UNBbj1;dUNA^j1=c2L6M7EVej_2
20131110185354Bh_2,YcXU322172[27VNFh09SOGRnY14QQhN4M3M101N100O1O1O100O00001E:001O1O1O001O10jN_OmRNb0Rm1CiRN=Vm1N`RN2`m10]RN1bm12[RNOem12XRN0hm1S11O1O1N3N1O1O1M3M2N2N200O1O10O000M4ZOaNkRN`1Sm1fNiRNY1Xm1lNbRNT1_m1PO\RNQ1dm1e01O001O001L3N2O10^OVNnRNj1Qm1ZNmRNe1Sm1_NhRNc1Wm1c000O0010O1O100000010O1O0N3O0K5N3N10001O1O001O1N3I6M3M3N2N2O100O1O1M3G;K4MmNYOSSNa0[n1Ia[Sc0
20131110185354Bh_3,\[ei11S15oNM71:2O4doW2LcoiM2N101O1O0O2O0000000000O10O100O010O00100O100O010O10O10O1000O1O010O1000O01O10O100O010O1O010O1M2O2N2O0O2O00100O0001O001O0O2N2N1N3N2O0010O01O1O010O010O00010O01O0010O00010O000001N10000000001O00010O000010O000000001O0010O001O01O0001O0001O01O0100O0100O0100O01000O1O01000O10000000O0100O1000000O100O1000O10O1000000O010000O00100O1O001O1O001N11OO11O001O1O2N1O1O3LkcPi1
20131110185354Bh_4,bWSb06i0KA1J1M01O2<NNfmQ1I_RnN5Qo1`0M4M3L3O1N2O101>B5I1O3N1N010O10O000000O2O001N100O100O001O01O010O1O1O00000O101OO1000O10000000000000O100000O010N11O00O10000O1O001M3M4N1O000N2N3B<110N2N1N4M3N1I9K5L6CVhdW3
20131110185354Bh_5,Pkjf23=14MM3DM10:1h04Xlc07TR^O9F5L5J7J5K5K5KPOnQN9nm1FYRN6em1IcRN2\m1MiRN1Um1MPSN2nl1JYSN4gl1J]SN4bl1KcSN2\l1NfSN1Yl1NiSN2Vl1MmSN2Rl1MPTN3ok1MRTN3mk1LVTN3jk1LWTN4ik1IZTN7im1O0001O00O1000O1O00100O0100O0010O1O000100O1N3MiQcU1
20131110185354Bh_6,RYYh01f0?\OI6HJ2071I0543Wo_1G^PbN4M100O2N1O1N2O001O1O1O001O100O010O100O010O01O00100O2N100O001O0O2O01O010O2N1O010O0010O0000001O0001O0O10000O2O000O20O00100O1N2O1O1O1000001O01O1O001N2O0000001O1O01O001O1O0010O01O00001O001O001O0000O1DInPN9on1=O2N1O10O001O0O00OO1100000N3O101N1N2J7N2N2O2M]f`n2
20131110185354Bh_7,TWgb167N34HIO33Mnni03hPXO3O0N2O2N100O2O0O1O2O001N2O001O010O05K5K1O1O01O00000010O0001000O01O1O1O100O01O001O0O10000100O00001O001O001O10O102M100O1O1O001O2N1NdgZX2
20131110185354Bh_8,[_no1140N113c0NZ10SN0N78MXk1JaWj30klUL4L3M3EHkPN:So1IiPN9Vo19O2O0O1O10000O10O0010O01O010O010O010O01O0100O01000O0O2O0L50O0100O1O00100O010O0100O10000O100O100O1O100O100O10000O10O01000O10O01O1O100O010O10O010O100O010O10O01O001O010O010N11O10O010O01O10O10O10000O10O0100O1000O010000000O01000O101O0O101O00001N101O1O1N100O2O0O0100000O10O100O1O0O2M3N2O100O010O100O100O10000O100000001O00000001O0001O0001O0001O01O01O00100O0010O000001O10O01O00001O01O0001O001O001O001O001O00010O001O100O001O00100O1O1O1O1O1NmPd01Qo[O3O00001O001O1O1O2]PNF\o1a0N2O0O3M1O100O100001O1O1OO10001O1O0O10O102NO10O102N0O20N10O010O100000O010O01O2O0O001O010O1O00001O00001O001O0000001O0000001N2O001O000O2O1N2NiPl3MV[iP1
20131110185354Bh_9,nUSd21k03IMPok01YPVO2N2O0L5O01O010O00000000000001O0O100O2L3000000O100O1M3N20O0NiPN]OWo1a050OO2000O100O10GfPNKZo14:O001O010O01000O01O10O0100O101N100O010O0001O001000O01O2O0O1OkibV1
20131110185354Bh_10,b_ZQ2112;5911L_ONQm1NcU^21Xm_MOjo10go10[PN100001O010OPP20QPN0oo1000dPl00\oQO0ho;0XPF000QPN0PP60PPJ00001O00001O000000000UONhQN2So1O010O1O010O000000no90ioo20ZPfL010O0O2O000lNNZRN2jn10O10O01OOPoc1NUQdN0h_m`1
20131110185354Bh_11,P]il22a04O7IF?OZO2ll1M_V`22\l_M5K4M4M3M2O1N2O1O1O1N2N2N2M3I601O010O0000O2L3O20OO2M201N001010O0O2E:01O01O0100O01L4O1O10000O1O10000O1O1O001O1O1000O10000O2O0O10000O100O10000O10O10000O1000O010O1O0KnN]QNS1bn1500010O010O100O100O101O0O100O101N10000O101N1O1O10O010O10000O0100O10O010000O10O10O1N2O1O1O10000O101O0O1000000000000000000001O1O2N1O001O01O01O001O01O01O01O000001N1000000000010O0000001O0000000001O0000001O00001O1O001O1O1O1O1O010O1O001O001O1O0010O000001O000O2N3K3JYQ`21kn_M3WQNMR^f`0
20131110185354Bh_12,Y`iT21<4G0loa0O]o_OOoPN5mn1`000010O001O0000001O0O01001O0O100O3N1N1O2O00O100O10O100000O10O100O0010O001O010O10O10000H`PNOao1OdPNM]o11k_dg1
20131217192134Ch_1,ohZ^2171JO2250M6NIi08VO1j0HL5<Ihie14lT\N5N2M3N2O1N2O2N011O0O2N002N120N001OO1O00100O2N1O001O01O00O2O00001O10O011N2O1N110O1N2O001N100OO4N1M3O0N3O0N10002N001OO02O000O1000O0100O0100O010O1O1O1O010O1O010O001O10O001000000O10001O0O10O010O010O10O0001O001O001O10O100O100O2O0O010O1O1O0001O00000O101N100000O010O0100O00010N2O0O1O10001O01O1O1O2M2O5H_ReV1
20131217192134Ch_2,SWmP3312\12hNL<3I53LLKM3j1MYNOR10Wm[13WQfN5L3N1O1O1O00100N2O010O1O1O001O0N110O0000100O1N2O0O2O1N2O2L5H9K7nM_NiSN44O`0b1]k1GTTN?hk1o1N1N4M2MdN\TNaNbk1Z1RUNYNlj1g1ZUNUNcj1k1cUNRN[j1l1jUNRNUj1k1PVNUNmi1?dUNVOf09di1?kWN_OSh1`0QXN^Oog1a0TXN]Okg1d0WXNYOig1h0YXNUOhg1j0f3N1K6O10M4N2O1ON201N2N102N1N2O1O2M20001OO20O10O1O100O010O01O01O01O2N2M4LfgVh0
20131217192134Ch_3,Talb2>1K;5LL6HJOJ99M00\l[2NRSfM4M1O2N2I6N3O00O1000000O2N101N101O000O2O0000001O000001O01O01O001O001O001O001O0010O01O001O01O0010O01O1O00001O00001O001O01O001O0010O01O100O1O001O10O01O10O010O01O010O000010O000001O00000001O000001O0O101O0O101O00000000000001O001O001O010001O001OO0100000O1O100O100O2N0010O0100O00010O0001O010O1O1N2O101N1O2N10O0100000O100002O000O01O01O2N0O10O2N2N3N1N2M2N2O2M2N3L4Lf[ao0
20131217192134Ch_4,Ta\Z1;3JP12VOKQ10PO8^k1GhU`34Yn_L4M2N2M4N0O2O0O3N001O1N101O00001O000001O001O001O001O001O01O010O010O001O001O01O01O001O001O0001O000000001O00001O001O2N0000100O00010O1O000100O010O0100O0100O0010O01O10000O100O012N0O10001N100O3N0O101O1N010000O010O10O010O01O1O001O1O001N101O000O1O2N1O1N3O0O1O1N2O10iPNFin18WQNKhn14XQNMhn11YQN0gn1NZQN2Yo13N001O002N006I4M1O1O1O2O1N001O10O011O1N101N3N0O103M0O100O2OO10O10O100O1000O0100000O1O0010O01O10O010O010O01O010O01O010O10O11N010O100O100O11OO0101OO010O020N01O100O010O11N010O01000O011N010O01000O0100O010O1000O0100O100O2O0O010O010O01O010O01O10O001O01O01O010O001O010O0000010O00010O000001O00001N1000000O2O001N2N1O3M`Xmo1
20131217192134Ch_5,bcfW21=3J8nne0EhP\O8I7J2N001O0010O001O001O001O0O101O1O0001O00000010O1O1000O010O010O00000000001O001O1O1O001O1O1O01O3M000000001N101O1N3Ke[mc1
20131217192134Ch_6,ha\\11<0?1]O3I232b0Ohlg1I^RZN20O110O100O10O100O01000lPNOYn11gQN0Xn10iQNOWn11iQNOWn11iQN0Vn10jQN0Vn11iQNOXn10hQN0Yn10fQN0[n1OeQN1\n1OcQN0^oU10jokN0O1O0000000000000000O10foe10ZPZN010PP20PPN0kP20VoM0O000TP40moK1O0N3N000O10O010O001O0000POMSRN3mn1O1O1OVo=0jPB10001O01O001OT\mY2
20131217192134Ch_7,jj^S2181K3Q1M:0bna04bo_O9J5O1N1BDXQN>en1?O000VOjNgRN[1kl1ZOjRNj0Vm1o01O2O1N200O2]N^RN32Acm17cRN2LEfm13dRN4EIQn1HcRN<VOJ]Rgj1
20131217192134Ch_8,RYXl11;3KOOO:OC041L12O\n93YQH6J4G9N3M1UQNYO[n1i0bQNAUn1`0iQNAWn1a0eQNBZn1R100001O0O3N1O2TO_QN4dn1FdQN6`n1DfQN7Vo1K]eUR2
20131217192134Ch_9,Pa^l064;4@I12O[om01^PTO;F2N100O100O1000O01O0001O0100O010O010O10O010O0001O010O10O10000000001O1O1N101O1O00001O001O001O0010O00010O001O2N2N1O2N1O0001O0O10OO2N3N1O1O1O1O2N^^Qn2
20131217192134Ch_10,ddj_21=4MMJ3N0k0L]O0cm]16jQdN4N1N2O3M1N2O1O1N100O10000O02O000O1O2M2N3N10001O001FcPNO]o1:01O01O0001N10000001O00000010O000010O000001O0001O000O100O10000O101N10001O010O11O0O01000ZPNK`o1;0000000000001O1O00O1000000O1000O10000001N01000O101O000000012M1O01N101N1O1N3N2M3MRYgW1
20131217192134Ch_11,XSg[11Q11Qoo03]oQO2cPN2Zo1<iQN\Onl1g0nRN^Ool1d0oRN^Ool1c0PSN^OPm1b0oRN@ol1a0QSN_Ool18YSNIgl15[SNKfl12\SNNel1O]SN1el1K]SN5Wn101O0001O00O1000O10O010000O101N100O100O10O01O0O1N1O110O01O1O1O001O10O00001OO11YOHfQN9Zn1e02O1N2N3N2M4M2M5LRl\_2
20131230192154Bh_1,g[Ue12108ON1h0OXO3L2OO78HD25`0Lfo[10boeN6L2O1N2O0000000O1O001O0O1O1O100O101O0000000O10O10001N11OO1O001OK6N2O1O1O2N100O0100O0N201N200O10001O10000O1O00001O010O00001O0O2O000O2O0000001O000000N2O1M2O3L3O1O1O1O1J6N2O101O00O2N2M3O1N2O2M101O0O2O010O1O1N2M5L4J`chR2
20131230192154Bh_2,oUSm2173NO2NK0<1F:0H0MO15109jng0McPZO6K2N2N1N3M3M3M200O000OGVQN_Oin1a0;O1NL6N3M3L4M3O100K5O00OM0300O3O011N2N2N002N1N2M2O11O1N2OO1O2N10001L5N1N3O1M3M2O3M2N4LWibn0
20131230192154Bh_3,]Sia111075b0L[O327MLNIXnQ14\QPO=E8J4L4L3M3M2OQO`QN?^n1@fQN?Xn1@QRN:mm1FWRN8gm1H]RN7am1IaRN6]m1JeRN7Ym1IhRN8Vm1GlRN9Sm1GnRN:ol1GSSN8ll1GVSN9il1GWSN9il1GXSN9gl1F[SN9el1G]SN7cl1I^SN6bl1I`SN6_l1KbSN4^l1KdSN4\l1LeSN3[l1MeSN3[l1MeSN2\l1NeSN0\l10j1001O0000O1001O000000001O0001O000000000010O1O010O1O2N2O0O01O100O10^PNG]o17aPNL_o1;01O2M2O0O0001O00001O0O2O1O5I3N]knW2
20131230192154Bh_4,^PeT11l01UO470JL03moS10iomN6I5N2N1O2O0O1N2N3M2O1N110O1ODUQNDkn1;=0N200O10000001O10O01O2M2O1O100O10000O010O010O00O2O010O100000O100000001N2O000O1000O1O1O1O1O100O10O10O01O100O010O1O001O0100000000000000000O1000000O2O4K3Mnn\d2
20131230192154Bh_5,TUQd111001b0153Toa1LQP`N2O00001O0O1000000O1000O1000O100O1L4O010O1O001L3010O0100000O2LbPND^o1;401N10000O100001O000000000000000O1000000O0100O1O010O100O01000O100O01000O10O100O10O01O100O010000O01000O1000O010000O01000O010O0100O010O10O0100O001O10O0001O01O010O1O001O1O10O0101N100O1O2NajbR2
20131230192154Bh_6,`[^j1114?O?MSO060XnU20^QlM3M<D2O1N2O1N100O2N101N100O01O010O001N200O0010000000O1000O100000000O101O00001O1O1O1O01O0001O000BePN8[o1FfPN;`o11N010O0010O0001O010O10O010000O1O1O1O0O2O0M]OiPNc0Wo130000000000000O100O1M3MdPNA]o1?200001O010O000010O0000001O00000000ePNCSo1=lPNESo1;lPNGSo1:kPNGVo1b0O001O1O00000010O0O1000001O001HkPNBVo1=mPNASo1>8O10001N100N2O1O1O100000000O100001O0000001O000000001O0000001O00001O00000000001O000000001O000001O0O2O0O2N\c]h1
20131230192154Bh_7,lW]]2172<NC0\oi01[PXO2N2O00003M1O10O000001O01O000O1000000O10O1000000O0100O00100O1000O01000O010O100O010O1O0O101O0000001O0010O001O2L3M4NngT^1
20131230192154Bh_8,jifo015262<NC1HM1313c0N\O263dlm1MjRTN2O2N1O2N100O1O010O1O1O001O1O0O10O1N3O1O010O10O010O0100O10000O10000O101O0000001O10O0001O010O010O010O0100O0000100O00001O01O01O0100O11N01000O2N012M2O1N1O1O1O100O1O100O10O10O10001O001O0:GO01O0001O0010O10O001O10O001O2N1O0O10O101O0000001N110N101O001O01O3L1000O00001O01O001N10100O1O002N002M102M2NbRWe2
20131230192154Bh_9,UZ[e03o01\O6`03ALE75GML15NO40Lk01L4VON0:M`oU10PPlN00000YHa0m^N_OQa1f0l^NZORa1j0l^NVORa1o0k^NQOUa1Q1i^NoNVa1U1i61O3N3M3M2N002M110O00010OO2O5K3M8H3M1O1O00O101N200O100O02N1O1O00O101N1N3N2N2N1O3M1O2N1O2N1O1O1O002N1O001O2NlNRRN7mm1IWRN5gm1KZRN4gm1K[RN4dm1NZRN3fm1MYRN4fm1T10O010O101O011N1N3OO100hSN[NSj1c1lUN`NVj1]1iUNcNYj1[1fUNfN]j1[1_UNfNdj1GfSN]1e1mNij1R1VUNoNQk1l0mTNTOTk1m0kTNQOVk1R1gTNmNZk1U1^TNPOak1i1cSN[N\l1f2O0O1O1000aMbSN\1^l1bNiSNY1Wl1eNmSNX1Tl1gNoSNW1Rl1aNXTN[1jk1_N]TN_1Tm1L4N8F6J6I7I9Fo^bR3
20131230192154Bh_10,ddbZ21165O3Nl0NTO3amY1NRRhN3M2O0O2O001O10O0100O10O100000O010O10O010O01O010O1O10O02N010O010O0100O01000O10002N000000O1000000O0100000000000O10000O010O01O1O00001O01O000001O10O1O001O00000010O00001N110O01O1O010O1O100O1O100O010O0100O2N2N1O1O1N2MUY]]1
20131230192154Bh_11,Xi\o0360o01WO3IOl03ROLe00_OMM423;IF1L58JNO^i[20WVfM000PP20PPN000O20O001OdPN0in10c0000cP21ZoM1_ONWQN2jn1NUQN1ln1OUQN1jn10UQN0ln10TQNOln11TQN0ln10TQNOmn10SQN1mn1OSQN0nn10QQN1on1OQQN1on1OQQN0Po10oPN1Qo1OoPN1Qo1OoPN0Ro10mPN1So1OmPN1So10lPN0Uo1OkPN1Uo1OkPN1Uo1OkPN1Uo10jPN0Wo10iPNOXo10hPN0Xo10hPN1Xo1OgPN1eo1OE0fPN1eo1OE0fPN0fo10D0fPN0Zo10gPN0Yo10;0\PN0do110OD0iPN0co10010O00C0jPN1Uo1OlPN0bo11BOlPN1To1OkPN2To1OmPN0So1OmPN2Ro1OnPN0So10mPN0Ro10PQNOPo10PQN1on10SQNOkn11WQNOhn11d0O0000QP20ooM0jPN0Wo100000O01000010O00RP20ToM1lPN1no1N01cPNOin10WQN0_o30ooM0O100O01Obo70_PH0O0`PN0on10QQN0`o10_o10SQL0kn10UQN0kn10UQN0kn10VQN0]o11[OOYQN1[o1011N2O0O001[OK[QN7dn1I\QN7cn1J]QN7bn1H^QN8bn1H^QN:To11N5K8dPNYOon1o0L3N10O@mNSRNU1lm1kNSRNX1jm1hNVRN[1hm1fNVRN^1gm1aNYRN5HR1nm1jNWRN3NU1Sn1jNnQNX1hm1eNVRN33Z1km1fNWRNZ1Vn13N1N2N3M3M3M3N100001O1iNRRN9om1AYRN<hm1_O\RN`0dn1N010O10O01O010O00100O2M4M4K4K5HZP[c2
20140118180214Mh_1,nd``2161:25OS21ije02VQ\O7oQNNkm14TRNOgm14XRNMgm14YRNLem17SRN\OH>Sn18PRN@K9Sn1Z100O1O101N101aRNYNcl1i1lRNVN45nl1c2M1O1O1O2O01N1WMYSNX2hl1eM[SNY2hl1bM]SN\2Um1N8QN[RNS1gm1hN_RNV1Wn1N3lN_QN0M9^o1O1N2O0O1O100O0010O01O0010O01O1O1O1NSWi[1
20140118180214Mh_2,YnlR1122`01DM83EO>2GNbme06kQ\O5L2O1N101O001ZQN@jm1`0URNEhm1;VRNHhm19WRNJgm16WRN0em11YRN1em12XRNOim10XRNOim11VRNNlm12SRNNmm13RRNLPn14nQNLSn14kQNNWn1OiQN1Yn1NjQNOWn10hQN0Yn11fQNOZn11eQNO\n10dQN3Yn1LiQN5Vn1HlQN:Sn1DoQN<Pn1DQRN<om1BSRN?km1AVRN?jm1_OWRNb0hm1^OXRNc0hm1\OXRNe0gm1ZOZRNf0gm1XOZRNh0gm1UO\RNk0\n110O1O101N3M2O3L4L2N2N2M3MenVi2
20140118180214Mh_3,i`ll24<M04hnk0MjPVO1[PN1Wo1OhPN3Wo1MhPN4Xo1LhPN5Wo1LgPN5Yo1KgPN5Yo1LfPN5Yo1LfPN4Zo1MdPN4\o171000000O10001L300O20O01O1O001O00001O00010O00001O0001O000000001O000000001O001O100O001O10O010O10O01O1O1O1O4L2N[^Un0
20140118180214Mh_4,hVa]1112?OB0a02MNYoY10TPhN2O1L4N2N101O0O2O0IEhPN<Wo1700O10000O2N10000O100000000000O2O0000001O0O2N100O1O00O101O0O1C]O_QNb0`n1FXQN<dn1a0N2O110O01O1O101N100O2N3M3N1O1N2O2M4M3M1O1N11O00000010O000000001O001N1O2N2L4N2LUhl[2
20140118180214Mh_5,gnhU31?0E1M66JJ0X12G2AKE20N\lg09RSZO3M4L2M4NBiPN5Vo1;O1M4K4N2N3N3N3L3M2O2N1O1_RN`N`l1a1_SNaN^l1`1aSNcN]l19YSN39E]l15^SN64F]l12bSN80G]l10eSN:LG]l10gSN:JH^l1MjSN<DJal1IlSN>^O0cl1AQTNg1jk1WNWTNm1fk1PN\TNS2gl11O1000O1O010O3N2M1O1O1N2N3WNbRNk0[n1M4\OTQNLllbf0
20140118180214Mh_6,]Woh01127Oa02ZOO7N94Vm;3oQF2M4N3L3RQN^OC3\n1k0cQN^O\n1T1eQNaNTn1f1000000O01000103L2N1O0O1O5L:E001UOTQN`0[o1K7H[fPU3
20140118180214Mh_7,oReP33T14AJG2M11082DN2O^14d0LeN3UOMn0Nila2:fQ`M6L3M3N1O2O0O1O100O1000O100O10000O100O1O10000000O010O1O01OO20O00O10O011N0100O2O000O1O2N10000O2O000000O1O100001O01O0O002O0O20OO2O1O1O0100O001O0O2O001N2N1N2O1N2N2N20O1O01O001O001O1N20O0O2N2N2O1N2O02N0O1O1OO1O201O002N1O100O2N1O1O2N\N^OnSNa0nk1HnSN6Rl1NlSN0Tl14kSNIVl18kSNFSl1>mSN^OTl1d0PTNUOPl1o0[15K5N2O1M200O2N100OO2N101L4K4G:N0110001O01O1O1OBWQNFin1:YQNEfn1;\QNCen1<]QNCbn1=`QNAan1>`QN@bn1?`00O1000001N101O1N2O1O001O01O001O002N002N1N4K7IPkha0
20140309170314Mh_1,TRiV22361Ld0MD3T1NK2[O0K5Uj_1NQUbN5L2N3M2O1O2N001O2N00100O100001O0O4M1O000000000O2N2N2N2N2O0002M101N100O1O2O000O11O01O001O01O001O10O0101O0O100O0100N11000O01O01O00O21N0O2000O0010O0cRNDUk1<iTNEXk1;eTNH[k19bTNI^k17aTNI`k17^TNJdk16YTNKhk15VTNKlk15STNKok15mSNLVl14gSNMZl12dSN0]l11_SNOcl12ZSN0gl11USN0ll12PSN0Qm11gRN3\m1N^RN4dm1S12N2M2O2N2M3N3M2M4M2N4K4L4M4J4L5Kohn`1
20140309170314Mh_2,[Pag05?OH9f0K10VOK0>3Bk1NiNd0F2MAKJK0bfm0d0aXTO;H3M4M2\WNoNSb1S1i]NPOWb1Q1e]NQO\b1P1a]NQOab1o0\]NROhb1l0T]NUOPc1i0n\NXOVc1g0f\NZO^c1h0VWNkNn4=oc1R1j[NoNZd1R1a[NoNad1Q1\[NnNmd1m0Q[NSOVe1h0hZNXO[e1g0cZNYO_e1g0_ZNZOce1d0\ZN\Ofe1c0XZN]Ome1b0oYN_OSf1d0hYN\OZf1f0aYN[Oaf1g0ZYNZOhf1h0RYNZOPg1g0jXN\OZg1d0XXNDng1=fWNI`h18UWNKPi16iVNLZi15_VNMdi14hUN:^j1G\UNHZk1:aTNBgk1c0oSN]OWl1R27H6L3M1N3N1O1N3N1N4J5J6L5N3N<C7I=C4K6HXinS3
20140309170314Mh_3,T\SQ31212O62GO70<OmnS15WPnN2O1O1K6JCfPN>Yo15L4N20000O1000000000010O0100O001O2N00O100M30000M3O010000O01O1N2O100O101N100O010O10O100O100O1YOWQN6jn1IWQN6kn1IVQN6jn1ESQNL6<in1FXQNMJ<Qo1DUQNa0Ro1_OgPN`0Zo130O2O0O0001N101O0O0101O1O10O0100O10O01M3O1O100O2O0O2Nac\h0
20140309170314Mh_4,bmZT311221e0MA8IH00a0:_OFamk13XRVN2O1O1O1O1O1O10O01O010O00010O01O10O0VQNFPn18nQNLQn13nQNNRn12mQN0Rn10nQN0Sn1OlQN2Un1NjQN3Vn1LiQN5Wn1LhQN4Xn1NfQN2[n1NdQN2\n1NdQN2\n1ObQN2_n1MaQN3_n1N_QN4`n1L_QN5bn1L[QN5en1LXQN6hn1LTQN6mn1>1O001O001O0O2O001O003M001N200O002N1O1O1O1O1O1O10O010O8IO010O2N1O001O10O0001O001O0000000000001O0000O1000000000010O000010O01O01O01O1O010O001O01O01O000001O00000000000000000000O1000O1000000000O0100000O1O100O1N2O0010000000O10000O100O100O1O101N100O2N100O2M3N2N2N_P]?
20140309170314Mh_5,anjU31132MN2013M?0B0N2OOgnU2OjQH3YoSN0O2N14L001O01O00O10001O0000000000000000000000000000000000000000QP40TP>0lo_O0ooM0QP40ooK00000000000000000^O0TQN0ln10TQN0ln10TQN0kn10VQN0jn10c00bPN0ln10TQN0ln10TQN0ln10b00O10O100000^PYa0
20140309170314Mh_6,QeZQ23a0NB22N73\n;5nPF2O11O10N1O1N2O1M37J0O000011M2O1O2NO4M1N2N102M2O000O1NeYal1
20140309170314Mh_7,nZcf2160TPb02ao_O3N1O102YPNHao1<O1O1O001000O001O1O101O00O2N101O2N1O10O010]OePN?_o100O0001O00000O11O0O1KaPNI_o16cPNI^o139OddXV1
20140309170314Mh_8,TRoh1120c00]O112b0MToa03RP@2OKWPN3ho13O1N2O001O1O010N2O001N1O001O2OLfPNCZo1=300O101001N10O1O1000000O1O011O1N101O2M3McmnS2
20140309170314Mh_9,\UU]31<5F11L12N9_oS1GYPnN101O00ONL[PN3do15OH^PN5`o1M_PN3ao1M_PN3ao1M_PN3ao160O10000O100000O1000001O01O00001N2O0000O101N2O001O001O00001O00010O010O01O0001O0O1O1O1O1O10O01N2O1M200O2O000N200O1M30O10100O0CRQNJnn14VQNIkn15XQNHkn15XQNFln17ijj<
20140309170314Mh_10,eYe]119:4M;I30B0f01Rng31fPZL3N1O1O1O2N100O1O2O0O100O100O100O10O1000O1O10O10O1O1O1O00010O10O0010O01O1O10000O00100O10O01O01O0O100E_OXQNb0hn1ASQN`0mn19010000O1000O100000O1000O100000000O10O10O100000O0100O100M3O100O1N2O001O0HhPNIYo15:0O10O010000O100O100O100O1O1O100O10O0100O10O1O10000O3M10000O01HGiPN9Uo1IjPN7Vo1KhPN6Wo1:O1O001O100O010O1000000O1000000O10000O10O01000O100N2O100O1O1000000001O00010O1O000000000001O000000000000001O0000001N10000O1000000O10O0100000O10000O10000O100O10000O101N100O10000O10000O100000000000O1000000O2O00003M2N1N100000000O100000000000O01000000O1000000O10000O1000O0100000O010O10O0010O1O0O10100O010O010000O10O0101O0O10000O2O00001N2N101N3K^eTl1
20140309170314Mh_11,SWiT312262K23KZoQ11\PPO2N2N1O1O1O1O100O010O10O100O1000O1000O10000O1O10O10001O000O10000O10001N10000O10FaPN3_o1LbPN4^o1KcPN5]o1KdPN4\o1LdPN4]o1KcPN5]o1KcPN5]o1KcPN5\o1LdPN4\o1McPN3]o180O1O11O0`PNB^o1a0O001O10O1O1O10O0001O10O01000O03M2N100O0001O01O001O000000001O002MThdd0
20140309170314Mh_12,TUUS3180?1]O10OM1f03BLkl1O[Uh20^mYM0PP20PP40RPH0\PN0Xo10hPN0Wo11iPNOVo11=000]PNOVo12jPNNVo12;1^PNMWo13hPNNXo12hPNMXo13iPNMWo13iPNMWo13;0O10O10000O01000O10O10O10YPNN`o12_PNOao11^PN0bo10^PN1ao1O_PN1ao10^PN0bo10^PN0bo10^PN0co1N^PN2bo1N_PN1bo1N80000000cP20ln30bPJ0aPN0ln11a001ObPN0ln11SQN0ln11TQNNmn11SQNOmn12SQNNmn12SQNNmn11SQNOmn14PQNLQo15mPNLRo15nPNJSo16lPNKTo14lPNLTo14mPNKSo15mPNKSo16lPNJTo16lPNJTo17kPNJTo16lPNJTo16lPNJTo16lPNJTo16lPNIUo18jPNHVo18jPNHVo1:gPNGZo1?001AcPN8do1O001O1N^oa0KfP^O2N3N1L4O1O1O2O000O10O01<DC=0O01000O100O010O00100O10O10O10000DcPN5\o1KePN4\o1LePN3[o1MePN3[o1MdPN3^o1MaPN3fo10HMdPN1]o1OcPN1]o1OcPN1]o1OcPN0go10O1000O0100000000000O2O00000000O1FOePN1[o1OePN1[o1OePN2do10100O010O010O00001O0001_OORQN0_o10@0`00O2O00000O0O10000O101O00O100N200O0100OO200O_P:0aoE4kn_2LSln7
20140309170314Mh_13,_[c`1141T1OoN8JJloQ1NSPTO0ooK0an[20^QdM2M3L5NK]PNOao11bPNN\o11;N2O000O10000000O10O100000PP20PPN000O10O10oPN0Qn11oQNOQn11oQN0Pn10PRN0Pn1OPRN2Pn1NPRN1on110ON2[c^Y2
20140322200714Mh_1,bTim21a0043\OOj0:WOL`0KIOGO43N3hnQ3KPQPM3M2N2N2O001N2O1O00001O0O10000000000O1000000O10O10O1O100O1O001O1O1O1O00100O100O1000O1000000O101O002M2O1O0O101O00001O0O100O10O1000O010O01O100N110O010O1O001O010O010O01O0001OO20N11OO1000O11O00O2OO101N1O10000O11OO20O0O10N200N3O000010OO100O11N1O100001N100O1000010N011O001OO11O00000001O00100O100O101O001N101O001O0000001O000000001O000000O0100O1O100O100O001000O0100O10O01000O10O100000O10O1000000000O1000O100000O10000000000000000000O10001O0000000000001O0000000000000001O0O10O10O10000000O010O100O100O2N1O2N2N4K`Rj22YmUM<ePNCjfb<
20140322200714Mh_2,\\Q\1193K0N20K103137RnS1M_QnN2N1O1O1hPNJdn17YQNLfn15XQNLin16SQNLln1d01O001O1O001O1O1O1O2M101N101O00001O00001O00001O0001O01O01O000010O1O00O2O0001O0001O001O0O2O0100O01M3N2O2M100O2O0N200001N100O1O1O1O1O20O10O1O01O00000001O0O2IhPNCZo19;IhbZ]2
20140322200714Mh_3,ePkk12;>`0EVOj08XOW1ODOG3ONk0KWfe1;cW\N7L4L4M2N1O100000O1O100O1O1O1O1O1000O0100O1000O10O1O10O01O001N11O10O010O1O10000OQWND\b1<`]NK]b15b]NM]b12b]N1]b1Ob]N3]b1Ma]N5_b1K`]N6`b1I`]N7ab1I_]N7ab1I_]N6cb1I]]N7cb1I\]N8db1IZ]N7hb1HW]N7lb1IQ]N9ob1Hn\N9Tc1Fj\N;Xc1Fd\N;^c1Da\N<ac1D]\N<ec1EX\N<ic1CV\N=lc1CS\N<oc1Do[N<Sd1Dj[N=Wd1Ef[N;\d1Dc[N<`d1D\[N<fd1DX[N=kd1BS[N=od1DoZN;Ue1DiZN<Xe1DgZN;\e1FbZN:_e1F_ZN9de1G[ZN8ge1IVZN7le1ISZN6ne1JRZN5Pf1LmYN4Tf1LkYN5Vf1KhYN6Xf1KeYN7[f1J_YN;af1F[YN<ff1EVYN=kf1EPYN=Qg1CWXN]OfMS1Tj1APXNW1Qh1jNjWNX1Yh1hNdWNX1^h1iN`WNU1dh1jN[WNT1ih1kNVWNS1mh1lNPWNV1Si1hNmVNX1Ui1eNkVNZ1Xi1eNcVN>cNROYk1?RVN`0ej1^OUUNg0nj1XOoTNi0Sk1WOjTNi0Zk1WOaTNl0`k1TO]TNm0gk1QOWTNo0kk1RORTNn0Pl1SOmSNn0Vl1QOhSNn0Zl1SOcSNm0`l1TO]SNk0fl1VOVSNi0nl1XOnRNe0Wm1^OdRN>cm1l04M3M3N2M4K5K5J7F=@Zlhj1
20140322200714Mh_4,[cTU11105>K30B_om1NZPTN5bPNKnn17oPNKPo18lPNJSo18jPNKUo1`0O1O1O2N1O^OPQN40APo1;QQN3OCnn1:TQN3nn1MTQN0nn1OSQN0mn10UQNNkn12VQNMkn13UQNLkn14a00O010O01000O01000O01000000000000O1000000O1O100O11O1O001O00001O00001O0010O01O10O0010O010O01O01O1O010O00010O01O001O01O01O014K01O000000O100000000000O1O1000000000000000001O01O01O010O00010O010O00010O01O010O010O100O10O010O010O10O1O10O1000001O001O00001N100000O1O1O1O1O2N4KiZ]_2
20140322200714Mh_5,iX]d21i01XO43Lg03XOOlnU12jPlN3M2O1N2N1O101N100O2N10001O00001O0010O004M1N01O001N101O0O10O101O00O0N3N002O1O00100O2O001O000011N100O010O2N2N10O0000O10000O01O001N1O2M2O0100O10010O000O1O1O01O2M20O002N1O2M3N2O101N1O3MifdT1
20140322200714Mh_6,inZU21<1H6`03_O5Voe1F`P\N2N1O1O1O1O1O100O1O1O10O02O0O2O1N2O1N2O0O2O0000000000O1000O01O10O01O1O1O01000000000000O1O100000O010O100O1]OiPN<Wo1DjPN<Vo1DiPN<Xo151O10000O1O10000O010O010O10O0010O1O00100O00100O01000O100O100O0100O10000O1000O02O0O10000O1000O001O001O00100O00100N200O100O10O10O10O0100000O100000000000000000000001O001M3O1N2MhPQ`1
20140322200714Mh_7,`efT31j02XO3g0MYO7OHf03\O4ilU1HPSlN5N2N1O1O1O0010O010O010O01O100O010O100O10O01O010O001O0010O1O10O0100O0100O10O10000O100O2N1O010O10O1O10O01O10O10O11O000O100001O00000O1000000000001O00100O1O1O010O3N1O1O1OO1O1N2N101N2N2M4M`WYd0
20140322200714Mh_8,^ZYm1130j00XnQ12hPPO1N2O1O001O00001O1O1O1O001O001O100O001O0001O1O001O1O000000000001O0000000000001O00000000000000001O01O010O1O000010O0010O01O2N3M0000010O001O01O1O2N2N1O1O1O001O001O000O2O000N3N2NcdTl1
20140322200714Mh_9,[bV_21;;JG:OGd0imc0^OQS\O0gm12WRN2fm1OXRN4fm1LYRN6fm1KXRN6hm1JWRN8hm1IVRN7km1ITRN8lm1IQRN9om1GPRN:Pn1GnQN:Rn1FmQN:Tn1HiQN2GFan18fQN3JDan18cQN6MA`n1Q1aQNPO^n1P1bQNPOM0[n1Q1fQNXOXn1W11O1O4L2M20001O01O1O0000RO_QN>`n1AcQN=]n1BgQN<Xn1CkQN<Un1BmQN=Sn1CmQN>Rn1APRN>Pn1BQRN=om1BRRN?nm1_OTRN?mm1@URN?km1@XRN>hn1L3N2Lo[[]1
20140322200714Mh_10,VdlZ12S11nmm0OkPTO4M11O0O2O0O1O1O010O1000io]10XPfN0ooK0010O10QP40]P<0gZU`2
20140322200714Mh_11,^QYe11k00F1AO31=4Ym72nQJ1iQNM_l14]SNMdl14XSNMkl13QSNOPm12lRN0Um13bRN2_m10TRN9nm1JjQN7[n1d05J6J5K5H8K5K^m^Y2
20140322200714Mh_12,iP[o1271a2>fNClN6KO?J:2C4KImnW1OliiN0d]N0\b10d]N0]b10a]N1_b1O_]N1db10Z]N0gb1OX]N0Zb10cWN0V51UKOTh10T]N1iJ0dh10o[N1]KNWh10]WN1n40^KOjh10g[N0Ve10f[N0_c10Y61_OOPQN0c50li10no10RPN0O000oI0U\N0li111OO0Yj30[VL0`40nJ00000^J0WVN0X40ae10S[N0nd10XVN0R40ge10YVN0m30df11UWN7gMHml11XUN5Tk1LiTN1\k1ObTN0ak10^TNOck11\TNOkj1OkSN3X1Ngk13[1LcQN6\n1KaQN6an1I^QN7S1Jik1OSSN3S11nk1LmRN2nn1OQQN0Po10PQNOY20Qj11W3O02oRNNRj10lUN0Rm10VM1cUNOVm10]M0f2000QP40ooK0hQN0bl50Snlj1
20140322200714Mh_13,^c\V1180J;8FjnY2OkPhM0oo10QPN0O10000000000000000000000000000000000001O0000`P:1_oE10Oj[Se2
20140322200714Mh_14,khPU12?0E25MJ;`0EE309JG^n?6RQB7L2N1M3O2E;N2N2\OjN[RN\1]m1mN]RN9H6hm1E[RN7N5dm1`0[RNBdm1H\RNP1cm1oN\RNO1?bm16^RNKbm1[10N1jN^RNMam13`RNLam13_RNMam1Z1N2O0OeNcRN4^m1KcRN5\m1JfRNJL]O_m1h0fRNKNWO_m1>bRNG3b0em1ElRN7Xm1GkRN5Wm1HnRN4Vm1FoRN7bn1HSU[h2
20140322200714Mh_15,_jRU11800102IN53OLVok05^PVO23L2OTONjQN0Un11lQNOTn;1oPFOnoc00RP\O1TU_h2
20140322200714Mh_16,QoRV16409OEOn01Qm9NjQH7K4L2N4L3M2N2N5L:F2N21O0N1N1O200O1O1N2M3M4N2N1N3M8FYolg2
20140403081714Th_1,P`dc29:LV1LmN1G352g0J0;EGE24NO8JGJOche16SW\N4L5M1N3M201O00O10001N20O00010N101000O10O000003MO20N2O00000O20N11O01O0001000O001O1O10O11N3M2O2N0O013NOO2O01N2O1O2M01O1O04L1O1O1OO10000000001OO2O1O0O101O00O010001OO101O0000O1000O1000O010O100O0010O10ObSNB[i1>S3010O02OO10O11N011O00010O0001O10O0002OO2N3N002M1O3N1N2O1O1OO0O2O1N2N4K8GSYSR1
20140403081714Th_2,^VoQ3223?N555IA0F70L542MLL50Xoo13ZPRN2M3M2O00001N100O1O10O01O1O1O010000O10000N20O0100O01O1O0O2O1N110000O100010O1O0000000O100010O0O10O1O1M3O2O0O1O1O100O1O1O001O1O1O100O1O100O000010O01O0010O00000001O0O2O0N3M110M3O0O101O00100O100O011O0O010O010O001N1M4L4O1O10O02OO10O10001OO2O0O2N1O2M2O2M2O2J5K6O1N2O1N3N0O3M2N2N3N3L4@ohXc0
20140403081714Th_3,Vc`Q3221:O01>0]O4JN44;KC24O2NIN52<8]jS1HlTnN5K3N2N1N3N1O1O1O1O2N1O1O2N2N1O2N1O2N1O2O001O10O101O01N100O01000O10O001N011N011N0O2O1000O01000O001000O0101O1N10001O2N3M2M201N5L4K2N01N011`0_O2O01O001N1O1O001M3N1N3M3M4L4L6H5K4I8J6L7J9C`Xcg0
20140403081714Th_4,UZid01`09AJ63O3L70@28OJ35MKO=ak1AjW\32^lcL3O0O101O001O000000000O2O0000001O00001O000000001O00001O000001O001O1O0000000001O00O1000000000O01000O0100O010O01O0000001O1N1000001O001O00010O00010O0100O00001O010O01O010O001O1O0010OO20O010O010O0100O0010O00100O0010O010O010O010O1O01OO110O00100O0010000000000000001O0000001O001O0000001O0O10001O0000000000000001O1O1O1O1O001O001O1O0O100O0100000O1000000O10O100000O10000O010O1000O010O0100O001O010O10O0100O001O10O010O1O010O0O20O01O001O010O10O10000000000O10000000000O10000000O01000O00100M3O0010O01O10O010O010O00100OO101O001O0100O1O011N1O100N3N100M4N5Kldjf2
20140403081714Th_5,cWQb22T11G3C1b0M<4VONB4i04UOHm0KTm[2;]QfM5M4L2O2N101N10000100O1O1N100O100O100O1001O0000000000000O1O100O1O1O001G8L5N2O001O10O0001000O2O001O00001N101N10001N10000O100O010O0010O100N101M3O1N2O1M3O001O0O1000001OO110O1N2O1O1OO1N2L300100000O11O01UOgNlRNZ1Rm1POdRNS1[m1i0O1M200ROcMcSN4=[2ok1QNgSNT2Yl1i0N200O110OiLjSNe2Vl1[MkSNd2Ul1]MjSNc2Wl1^MgSNb2Yl1a01N2N2N2M3O01O01O1oN`SNaNal1n0UTNkNok1R1VTNfNok1i0RSNWO^n1g0>N200001N2O000O1O100000N200O2O1N2M201N2O1O001O0100N110OO20O00N3N200O101M3N1O3KPgnP1
20140403081714Th_6,Tafc1238S1L>LiN0E4fk1KRUZ24PoeM2N3N1O001O100O001000O000100O1O0001000O10O1O1O1O1O010O001O10O000001O01O01O01O010O01O0010O00010O0010O0010O0000010O0000010O0000000010O00000001O010O001O00010O00000001O001O00001O0O1O100001O1O1O00001O001O00001O000000101N2N1O103L3M10O01000O10O01O10O011N02OWQN\OUn1c0jQN@Un1`0jQNAVn1>jQNCVn1>hQNBXn1`0eQNCZn1>dQNC[n1?cQNB]n1>aQNC_n1P10O010O11O@aQN^O`n1`0aQN_Obn1>^QNCbn1<^QNDcn1;^QNEcn18^QNIan17`QNHan17`QNI_n17aQNI`n16`QNJ`n15aQNL^n14cQNK]n10hQN0Yn1MiQN4Vn1JkQN7Un1HlQN9Tn1EmQN;Sn1EmQN;ln11OO100001O01O001O002N2N10O0001O000000000O0100000O010O0100O010O0AIVQN8jn1JTQN5ln1MRQN3on1NoPN3Qo1MoPN2Ro1OlPN2Uo1OhPN1Yo1:1O101N1O1O2O0O1O1O2N101M4Mb[gl1
20140403081714Th_7,UVaW21Q17SO:8A10^oc04mo]O2O001N1O100000O0100O0O1O1L4O0O10001L4N2O1O10O2O01O0O00LnPN]OPo1l0N1O100003MO2L3M2N2O00G71M4001BWQNEjn16b0O2M2N4M2N\idd1
20140403081714Th_8,amZV1160N3g0M\O002g0O]OO04al;0mRF5L2O2O1O1O2M1O1O001eRN^OSk1f0gTNAYk1?cTNC]k1`0^TNAdk1`0XTNAok1;mSNEVl1=eSNE`l17\SNLgl13SSN0nl12iRN4Ym1LaRN6em1JURN7nm1l0:E3M3L4K6D<M3LeP]g2
20140403081714Th_9,mn`S31355KI:2J74HIWo?4\PB7M101O1O1O100O01O5K000O11O0O2L4HBjPNa0To16O1O1O01O0N2000000O1OOI9O2OO0100O2N2N2NjPci0
20140403081714Th_10,ZP]Z21690KLO<1EN30;0A1?OC0To96[PH6K3PNFlRN6e04[l1e0bSN\O]l1n0YSNUOdl1P1USNTOjl1S2OO103K2^OlRNVNTm1^1[SN]Ngl1`0PSNMPn1OR1N100O4MO0onPd1
20140403081714Th_11,nZ_b22a10gNf0L[O=5>MZOMWok1O_PVN2O01N0010O0PPb00Xo30hPZO0no30fo15^PHL_o156N302O001O101NRP:0ooE0SPd00mo[O0jo=0QPB2200O2OVQ`00jnA0ooM011OO11O00O01O01O10no30QPN1PPN00001N1ONoo7OUPH0PP20PPN00000O1N1O1ON10201O02N0PO3nQNOlm1;mQNHVn18bQNMgn1b02M2N4Lb0]OTcVS1
20140403081714Th_12,eaXe1147722K8OZmo1MPRRN10O0100aPf0OXoG0XPD0PP20XPT20gogM0QP20ooM00000YPP20ioQN0ooM0i\mQ2
20140403081714Th_13,keTj01777ID3>N33HOVn?4TQB7I6K5K4L5K6K4M1NTOdQN8Yn1DPRN9lm1IWRN7`m1NcRN1Zm10jRNOTm11PSNLol13YSNHfl16]SNIdl14^SNLdl10_SNOel1J_SN5Wn1N2O1O000O2OfWgS3
20140410195814Mh_1,iPef02?>GB53c0O84_OKK9HKgng03ePZO4L3O0O100O00001O000001O1O1O01O010N1O2L4L4L3O2N2N1M4L4PNjNSUNX1ij1RO_TNa1^k1fNZTN^1ck1hNVTN[1hk1lNPTNV1ok1^1N00H:O1N3I7M101M3O1O2M2L4aNmRN1Um1NQSNKPm15QSNLml1NYSN5el1H_SN9`l1BiSN;Ul1@RTN?ok1\OWTNb0ik1ZOgTN9em1IkkRU3
20140410195814Mh_2,nUUf021;<FO05m0CLNVO29=0Zna1JoP`N3M2N2N2O0O2O0000000000O10000O100000000000000000O100O1000O0100O010O0100O1000O1000000O10000O100\NAfSN`0Wl1GdSN9Yl1NcSN3Xl16aSNMRl1c0jSN^OTl1h0fSNYOZl1l0`SNVO_l1P1ZSNQOgl1T2O00100O0000jM_SNo0`l1lNiSNP1Xl1nNnSNn0Ql1QOUTNk0jk1UO]TNd0dk1ZOaTNc0^k1]OfTN?Zk1AiTN<Wk1DkTN9Vk1HlTN5Uk1JnTNH]k18gTNB\k1=T2O100O10O10O10O10000000000001O0001O000000000O1000000O100O1O01O010000000O101N1O2N3M4JUinP3
20140410195814Mh_3,_R[d11o11hNOTme04nQ\O6K3N2O1O02N2OO010O1O1O1O100O2O0O2O0O101O0000O010O010O1O0O3O0O1O02O0O002M2N2N2O1N1005L5K0O00O001N1O1001N2O1N4Lej^W2
20140410195814Mh_4,VPa`12=0f08VOMLKc04]OM5NN<n0N_i]1IUUdN5L2N3N1O1O1O1O01000O0100O100000000010N11O01O1O1O001O010N01O10N2O2M4jPNVOPo1o0O001OBRQNInn1f000O0O20O1O1O1O4L2O1FnPNASo1;SQNDnn17UQNHnn14TQNLln13c0N20^PNOQo12`0N^PN0So11>0b0Obo10noM010O0SP20moM0]Pb00nn]O0XQN0hn10WQN0jn10UQN0kn10d00O0dPN1fn1O\QN0[o1000To10iQN0SN0mQN0Sn15iQNKUn1<f00O01N2N2M3M2O01002N1117Wj\W2
20140410195814Mh_5,ZWYb1133d1MYm]11mPdN3M3N1O001[OJ]QN7bn1L\QN5cn1L\QN4dn1OYQN1gn12VQNOin12VQNNjn14UQNAM7nn18VQN@L9nn17WQNIin1:SQNGmn1g00O00010O0ATQNJmn13UQNMkn12WQNNin11WQNOjn10VQN0kn1OVQN1kn1MUQN3ln1KUQN6kn1HVQN9Xo1011N1O1O1O1O0010O3M000001O0000000O01000000O0100000O001000O01000O10O1000O10000001O00000000000000O100O1000000O10OO10100O10O1000O010000O100O100000000O10000O100O010O100O2N100O1O2N1N3MkghT2
20140410195814Mh_6,db`j14>0CNcoi02UPXO4M201O000000O10000000O101O00001O1O001O0010O001O1O1O3NO010O1O00100O1O4L10O01O01O01O00000001O00O100000000O10O10000O1KdPNE^o199Kg\kP2
20140410195814Mh_7,nWYb11YP^11ioaN0ho1O[PN1bo1OaPN0^o1090ZPN0\o10e00PP`30eo_L00000000000000000000000000000000000Zo70ZQF0gn30Y10gN0VQb00_o[O000O100O100O01O00001O`gRU2
20140410195814Mh_8,UVUb166L2217S1FeN402Yma1KcR`N3N1O1O1^QNIYm1:jQNN7Hom1>bQNM`0Eom1j0QRNWOom1i0nQNZOTn1d0kQN]ONKnm1d0TRNAZn1>gQNA[n1=gQNBZn1<fQNEZn1;fQNEZn1:iQNCYn1;i0DbPN1go1ORQN0on30`oM2lPNNRo14nPNMPo15PQNJPo16PQNJPo16PQNKon16QQNIon17QQNInn18SQNHkn19>I]PN1;MPo13?O1O1O00TP60]PL0nn50RQH0mN0TQN0ln10b0000aPN0mn50bPL0`00@0_O0RQN0^o10@0RQN0nn10RQN0_o1000000000000000^O0TQN0ln10TQN0ln10TQN1kn1OUQN1kn1OUQN1kn1OUQN1kn1OUQN1kn1OUQN0^o1000oo30^oK0VQN0\o30QPN0O0100000O010O1000O0100O010000O10]o70cPH0oo10QPN00001O000]PN0Vo10iPN0Yo10ePNO^o10`PN0co10ZPN0bgjT2
20140410195814Mh_9,chRn03i0OZoe03fo[O3O1O10O0001O0000010O00000000000O10O10O10O0010O01O01N11O01O1N101O0O2O000001O000O10O1010O010O100O101M3MUWom2
20140420195854Bh_1,VTWR21^10cN6<JUog02YPZO3N1O2N10000O1000O100O1O1000O01000O1O1O100O100O00010O1O010N20O0001O000001O01O1O0O10N200000O100O1K5O10N2N3N3N2M8HZk^i1
20140420195854Bh_2,XejU11126ONf02E4IgmW1OgQjN4M4L2O1O2N1O1N2O1O1O1O0010O011N6J2O0O1O2O0O101O00O010O010O00010O0001O0000000010O0000010O010O010O010O100O10000O01O010O00001O001O00010O0100O10O01O01000O1001N010O100O1000O010O1O1O000010O1O0F\PN8go1O1N3MbXib2
20140420195854Bh_3,dblc25a03j0KhN::EI48KRle0:SS\O4M2O1O1O2O0O100O100O10010O1N2O1O02N3NO0011N4L1O2N1O0000000000000001O002N8dPN\Okn1o0N2N2N2M3N00000001N2M3M6H;E8GaZSX1
20140420195854Bh_4,aSke111;:E204:d0HmN1cnU13cQjN0on1d0M2N2N2N1N101O00YObQNM^n12h001O00001O0010O010O010O10O0010O01O010O010O010O010O01O010O1O1O1O10O01O010O0001O001O001O001O001O10O01O001000O10O01O10O01O00100O00100O00100O010O0100O100000001O1O2M3NhkVS2
20140420195854Bh_5,_`^R34c04G5HH12e0O27WOIc0O^O6332HK?1HN;4[O5OI39OH3j0JYe[16`YfN7J3M3N100O2N0010001O01N101OO1000O010O2O1OO11N20OO3OO0001O001O0001O0O2O0000O20O01000N110O1N2O2N2N011N1O11OO1O3N0O2N101O1O2OO2N2OYUNUOWf1i0gYNWO[f1i0bYNXO`f1i0[YNZOef1f0XYN^Ogf1b0UYNBmf1=oXNDVg1:cXNK_g15ZXN0hg12iWN7]h1JYWN:jh1FRWN:Si1N_VN2fi1OaTNhN^1Z1Uj14fUNL_j15[UNJkj13SUNMQk13lTNLXk15cTNIck16[TNGkk18RTNHSl15jSNLZl14aSNNcl13USNOol1^14M3L5I7[O\RNcNmm1U1e0J6J7I6H8IeXoe0
20140420195854Bh_6,ol`d13?8JHKNO375JI?0jn_11^PbN3N2N1L4M3N2N2N2N101O001O0000O0O200O2O001O000O101O00000O2N1M3010O010O010O010O1O001O010O0000001O01O0001O1O00100O00100000O1O01N101O01N110O100O1000O10O10000001O000000O10001N100O1000000000000001N101O1O1O001O001O00000000000000000001O000000001O;D2MUR[R2
20140420195854Bh_7,nW]P31462La0462XOLL322Yn;N[QF2O1O001`NEYSN<dl12PSNNol16XRNNLMlm1b1O010000O3O0001018YNZRNe0]n12N01N100O1YOQQN;\o1O0O2M6Hnd^m0
20140420195854Bh_8,dVYj1;3F97LK`oW1NVPjN2O0O10001O00000000O0101O000000000O0100000O100000O1000O1000000O100000000O01000000000000O01000000O1O100O1O010O10O01O01O010O010O01O1O00010O00N1020O01O01O001000O010O1O2K5LViTo1
20140420195854Bh_9,UenP216333NLO0nnS11gPnN5K100000000001O0000000000000000O10O10O100O0100O01O010O0010000O0100000O10000000O10000O10001O00010O00010O0010O1000O0100O10000O10O100O010O1O010O1000O101N101O0001O00001N1O1O1O2N1NcY[h1
20140420195854Bh_10,R\oZ2112<NF250JNf07]OJSn73RRHOQo15lPNMSo1a0M9F6L3M3N2N3MoNeQN>Zn1@kQN?Vn1]OPRN`0Rn1[OYRN;hn1N3N0O3LSbfc1
20140420195854Bh_11,aXe[21k01fn_11\PbN1N10001N10000000000O10000000001O0000000O100O10000O100000000000000000000000O1000000000000000000O10O01O1O1O100O100O01O1O1000001O001N102N1O000010O000000101N2N000000O1000O10O1000O10000000000O1000000002ZPNFbo1=O01O010O1O1O001N102N0O2O0NQgf[1
20140420195854Bh_12,dj^l07611ON5dn;OkPF5K4M1N2O2N2N[OnPN>[o10O7I01O1N2N3M3M2N1000000O100O1O1O1OnSaQ3
20140514195854Bh_1,aa`a21:602>IA7fmQ1LkQPO2N3M101O1O001O1O1O1O1O100O1O100O010O01O1O1O0001OO10000010O001000O10000O1O100O10O010O2N100O3N0O2O0O01000O02O001O1O000O0100O1O01O00001O0O2O1N20O02O00000001OO1O100O1O1O1O2N2M]\oW1
20140514195854Bh_2,j[ST31?0F1N0O04762Une0KWQ\O3lPNJZn19cQNLXn16hQNKRn1:mQNGRn1:nQNGQn19oQNGPn1:oQNGQn1:mQNGSn1:kQNHTn18kQNIUn19eQNK[n1m00010O0100O101O4L001O1N1O2N1O1O1N00003J4NOXOmPNh0Po1500001O2N1O100O10O01O1O1N100O2O1N200N2O1O2Macfg0
20140514195854Bh_3,Sbjd011`02Nc0C\O040K>emi0BWRXO3N2M5L000001O000O10000000O2O0000001O00010O1O00000001N10000O1010O011O00001O000O100O2O4L2M3N003M2N2N3M9F2N1O10O1O1O1O1O3M2M2N2M3XOSQN9]o1M3LR\UV3
20140514195854Bh_4,jWYU12P10VO9?1l0HgNN22f0Mimc07lP^O6L2RLHRXN9lg1ITXN6lg1JVXN4jg1MVXN2jg1OVXN0jg12TXNMng16mWNKTh16jWNIXh18dWNI_h16^WNJdh17ZWNJgh17VWNIlh17QWNJQi17jVNKXi16`VNOci11YVN0ji10RVN1Rj1OiUN1\j1N`UN3dj1MWUN5mj1JnTN7Uk1KfTN5]k1K`TN6bk1K]TN2gk1LYTN2jk1MVTN2lk1MSTN2ok1OoSN1Sl1NjSN3Yl1MdSN4^l1M]SN4fl1MUSN4ml1OlRN3Wm10`RN3cm1R14J7K5M1O3M2L5E:J7I9ImdRg2
20140514195854Bh_5,XTmV31j06:LWom01]oSO9H4N2M2O1O2N0O2O1O00O0N22N101O1000000001O10O001O0O1N2O101N2O2N1O1O001N101O00OJhNdQNZ1[n151O100O100NFhNnQNZ1Qn182O101O1N2O100O2N1O1O010O00EgNPRNY1Pn1kNkQNW1Un181N3O1O1N2N2G9M4M3L4J6L6HVkZc0
20140514195854Bh_6,\bXS229e0JG6GR1LiN87K`00ENdje07aT\O5M2O1O10000010O00O101N101O0001O1O00O3O1N1O1O01O2N2O0O02O000O2O1000O2M1O0001O100lPN^Ogn1P1OO0N101N3L3M3M2N2N2N3KWYgh1
20140514195854Bh_7,USiV314184m0L^O0PPR11]omN3]o1KlPN2ao10\ONYQN1[o11O01OO10000O0O2L31O0010000O100000SOKoQN5Rn1KnQN4on101OROMoQN3Pn1MQRN4lm1LVRN4im1LXRN4hm1LYRN4jn10jNL`RN2`m1NaRN2^m1NcRN1\m10dRN0\m10eRN0Zm1OgRN2Xm1NiRN1Wm1OiRN1Vm10iRN0Um11mRNNbn11^NOTSN1ml1OSSN0nl10QSN1ol1OQSN1nl10PSN2kl1MjQN1]12Zn13WNJfSN8Pn11OO010O2N1OaNKVSN4ll1LSSN3ol1MPSN2`n1ObNOnRN1al18YRNGV11bl14URNMONZ11al15ZRNKW1O^l18jSNHWl18gSNH[l19e11O1N2J6jQN]Oll1f0QSN[OPm1g0mRNXOTm1k0hRNVOYm1l0aRNTOdm1m0g0O1N2N3M4GWlRc0
20140514195854Bh_8,i`XY23e1Nkl=4_RB0gm12URN2jm1OTRN2mm10oQN1Qn12kQNOUn13gQNOYn16aQNK`n16[QNLfn1g010O01O1O1O1O2N1N2O1O001N1N4ZOkPN;^o1O2N2O0O2O1OU^_d1
20140514195854Bh_9,m\_U21111O42_12_N00O>Obnk04^PVO:L2N2N100O1J6N2VOSOURNX1km1kNQRNW1nm1kNPRNU1om1>O11O00O0001N2O2N2N2O1N1BdQNXOWn1IjQNl03YOSn1MhQNj0hn16001O1O1N2O1L401N2M3N2N3N1O01N1O100000O2N2N101N100000O2O002O1N1001O3M2N1O001M3Nja^e1
20140514195854Bh_10,WaRQ22U22^O:_NG8:IFa1LWhQ16lUPO7J4L3N100O1O0100O10O100O101O2O1N1OXOcQNN[n1n0N01O1N2M2M4N001O102CkPNJVo12oPNMQo11QQNOnn11SQNOmn10TQN0ln10TQN0_o10`o10_PN1bPNOkn10d00RQ<0ln10SPB0cPN0^o10Zo10kP20PPN0joM0QP20noM0100000YP:0nXeh1
20140514195854Bh_11,][mS31>6LOOLN3<O^O0^ni0N[QXOO\PN0`o10cPN0=0nm11bQNO`o14\PNLfo12eQNNQm12_10bQNNnl11SSNOnl10RSN0nl10`11cQNOkl11USNOll10TSN0ll10TSN0ml10SSN0^n1010^N0RSN1_n1OaN0oRN0Tm11hRN0Xm1OhRN0Ym11\10XQNO_m10`RN0am11]RNOjn1000mN0URN0km10URN1im10WRNOjm14PRNLSn15k0NXPNMho1050QP40PPL0000000hP20_nM0aQN0`n10^QN1bn1O^QN1_n12`QNN_n15`QNJ_n19_QNHan19a02lPNDcn1=\QNCcn1?\QNAdn1a0YQN@gn1l000ON4CTQNCnn1<<N2N2O1N2OWdRg0
20140514195854Bh_12,dReT21a0746_OM\og0H\PZO2N2O001N2O1O1O0O10000O1000O010O01O001O000001O0O100001O0000000O10000O100N11O11O00000O1N2O1O1000O101N20O01O1O001N2O10001O0O2N3JQmbf1
20140514195854Bh_13,jm`j2111`04J0FM]oc0NeP\O3co17N2N100010O10000O2O0O001N10000O10O100O1000O010O01O001O001M201O0O1N20000M3O02N101M3L4N2O1O2KRRmQ1
20140514195854Bh_14,Uj\U21a028OZOOdn=5gQB2en12VQN2hn1d0O1O1O2N10O3N3L1000O0001WORQN?Zo1N1O00O1O100O10O1O2O2L2O2N1O1O2MXTWh1
20140514195854Bh_15,egPi018:1OMJbn;3PQF2N2O1O1O101N2NBcPN:ao1100O00100001O2OO01OO101O2N00O2N2N2NYWmT3
20140516234034Lh_1,jcTW2112<5FJ92M1JO5Nm00lkc02hR^O6L6K5J4N2N11O4L0O1O2N1000O1O000O1O1001O00000000000O100O2N110O010O1001N1O100O101N4M0N2O00O1O1O1N3N1N3N2L6FaYkd1
20140516234034Lh_2,YX]k12a03T10_NLO=i0H\OMO56Nkno0McPRO4M2N1O1O100O1O001O1N1O2N2O001O1O1O000O1001N100000000O1O1O001000000001O1O000001O000001O00001O010O10O0OiM]OUUNa0kj1DQUN;oj1InTN7Sk1KjTN3Xk10dTN1\k12_TNOck14VTNOjk15nSNNTl1a0RSNHPm1c11N3M3M2O2L4L4L5K5iNSRNAN6Tn15U1O2M4L\fln1
20140516234034Lh_3,naZ[17325110143DI6c0KI`0Qkm1DTTTN4M4M4K2O1O1O1O001O01O001O01O01O100O0110N0110OO11O01O010N1001O0O20OO010000O11O00O01000O1000001O0O113L1N11OO0010O00001O1O1O00001O001O001O1O001O001O1O01O1O10O01O1O2N100O10O0000100O001O001N11O01O100O001O01O002N1O1N2O0O2OO0100O1]QNTORn1m0lQNUOSn1<gQNI5MRn16nQNMONRn14PRNOMOQn1OVRN2G1Rn1LYRN2B7Sn1E`RNM@`0Vo12N010O1O0010O002O000O010O0100O100001O000000O1O1O001N1O1O2O01O4K9H3L3LYYQY2
20140516234034Lh_4,Xgfl21?570DMH`0j0_OM2IMnkg00YSZO9E9M3O1N3N5M04K0O1O2N3N01M4M4K4K3N2K5J7L4L4L5M2L5L4L4L5KTNTSNi0hl1SO`SNn0\l1POhSNQ1Ul1mNTTNo0jk1oN[TNP1ck1mNaTNU1^k1eNgTNa1il110O0O2O1N3M3M5K2N100O00001O1O1O2N4L4L2M3M7EmTmn0
20140516234034Lh_5,Xbj[117;ON21I?c0[O^OL32jl]1OnRdNO1010TPl00noUO0iQh11VnUNO0000O010O00000000000Xo=0iPD0fP20en10[QH0bn10_QN0`n10aQN1]n1OeQN1Yn1OhQN1Xn1OhQN1Wn1OjQN1Un10jQN0Wn1OiQN1Wn1OiQN1Xn1OhQN0Xn11gQNOYn11gQNOYn12fQNN[n11k00hPNO_n11i0O10O1000OPP>0ooA010O010O0100000][_[2
20140516234034Lh_6,eVaj21V11Uok01aoUO2N1O100O1O1O100O010O100O100O10O010O1O1O0100O01O10O01O10O010O010O010O0010O01O0000000010O00O100001O0O10O0100O01O100001N2O1NSifP1
20140516234034Lh_7,W^aR12=OD584NLL`0NOe0c0AUOK8^mS1LfQnNa0B:G8J5L4L3O1N2N2O1NnN[RNLcm13`RNL`m13bRNM\m1NmRN1Pm1MUSN1jl10WSN0fl11\SNObl11_SN0^l10eSN0Xl1OlSN1Rl1KTTN4jk1K]TN1ak10iTNGUk1:oTNCnj1?TUN@jj1b0XUN[Oij1d0[UNYOdj1f0\2L3N3N101O100O101N100O10O0001O01O00000O1O1O1000O2O1O2O0O0010OO11OO100001OO1000O100000O01000O10O101N020O010O0100O010O010O1O2M4Kk`bf2
20140516234034Lh_8,SQmo11h01C103=M81E3C0akm03kSTO5M1O2N100O10O0O100O0010000O10001O000O100001_SNC^i1>^VNFai1:\VNHei18YVNIki14SVNMli15RVNKni16RVNIPj17oUNHRj18oUNFSj1:i210O0010N0[SNCii1=mUNNRj12lUN0Tj11jUN0Vj12fUN0Yj11fUN0Zj10dUN1\j10dUN0[j12bUNO_j11`UNOaj12]UNNdj12ZUNOgj12WUNMlj15nTNMSk15bTN2ak11YTNOjk12RTNNRl11`SNTOCm0Rm1MWSN=Sm1]OhRNe0]m1k04L5H8A?I6J7G9H<DblRk1
20140516234034Lh_9,WQif2131d05Rom0JTPTO4[O0UQN2jn13PQNNon17kPNKUo1`00O10OO2O2N1O100O100O4MO10O100O2O00O010O1000000000000001O01O00000001OO100001O0001O0000010O0000001O00001N100O2N100O101N100000O101O001@ePN8_o1DbPN<ao1O10001N2N1N[nZS1
20140516234034Lh_10,`_bm216n08TOD382IOcm?O]R@4Xo1`0K3M1O2N2O0O1O1O2O02O01O1O11M2N3M1O0000O100O2N101O0`0_O1O1O001N101O1O2M3M[^co0
20140516234034Lh_11,`\od21102<`1F^n[1O`oeN3dPN1Yo1=M2O2M2M3N2N1O2O1ON3N1O2N2N1O2O1O1O10O010O0100O02O0O2O001N1000O100L41N100VQN_OUn1a0iQNAWn1`0`QN^OM3bn1U10O001\O_QNGan19_QNGan18`QNH`n1l01lN]QNh0dn1WO]QNMNN2d0dn1@\QNM48KNon1HVQN;MKln1KVQN;0Hin1OTQN:4Fhn1m00000001O1N4M1O0O1O0000100O1O1O010O1O1O0010O01O0001O0O2N1O1N201O1O0O2O1O1N2N2M3N2O001O01O100O1N2O1EVQN_Okn1>=O101O0O102LPcfR1
20140516234034Lh_12,\X_j01148g0JUO500;[o=GVPD5M2O2N1O1O001O0N2O0100O100001N1N2N3M2N2N1010O0N1O3M3N3O001N1O1O2O1O1N4JZghR3
20140516234034Lh_13,P`g^11180J579LM3>H`n=8\PD1ZNM_SN4]l12^SN0_l14_SNLal17dRNA5:Vm18`RND64[m19]RNF51_m1:YRNHNB1>km1`14L8H6H7K4K5L4K6L3L3N1O2N200N1O2Ld^V_2
20140516234034Lh_14,jRUn212<2>2WO24]ok0LXPVO2N2O0O1O10000O1000O1000O1O010O10O01O01O001O010O0001O01OO1001O000001O0O101O1O00100O1O010N110O1O010O000O10000000O100O010O2O001O002M2O2N2Lmldl0
20140519195834Ch_1,iPmP32530M99FG5>6J0GD540MN77<M\OL?9H6ohW1G[VjN4L3O1O00000000O0100O1O0100000O1000001O00O10000000000000O1000O1O100O001O1O10000000aTNJUg15iXNNWg12aXN7^g1H`XN<_g1D_XN?`g1A]XNd0dLYO_j14gXNZ1Ug1gNgXN[1Zg1POXXNR1ig1ROQXNn0Qh1SOkWNP1Uh1ROfWNP1\h1PO`WNR1bh1nNZWNT1hh1kNUWNV1lh1lNPWNU1Ri1mNiVNU1Xi1mNdVNS1_i1lN]VNV1ei1kNWVNV1li1jNcUNd1`j1k13M3M3M4L3M4L3M4L4K6F:J6J5L4K5H8I8Ik0UO8G:VOlPN5_jfh0
20140519195834Ch_2,]oX>:5OLK1143NJ02M5247FL0Qmi04`RXO3N2N101O001O1N2N101O2N100O101O0001O01O0O2O0010N4M6J1O1O0003L3N1O1O002N3M0002M5L1N2O10O1O0O2O001O0O1000O101N3M2N3M3L4LimT]3
20140519195834Ch_3,]Smn11n05ZOMiok0NkoUO4M2O2N1000O10O10O01O10O01O1N2O100O001001O000000O10O100O100O10000O10O100O01000O00010O00100O010O01O001O1O0010O00001O010O00O101O0000000000001O1O1N2O2NZl`k1
20140519195834Ch_4,TZii2;70KL006c0LH3BJ31JZoS10`PnN4N2M200O2N1O100O001N2O1O001000O1O01O010O001O01O01O001O1O10OO200O1O0O2O001O1N10001N2O001O001N2M2O2N1O1O2M2M2100O002N1000OO20O1N2N2000O2M2O1O2N2N2O1N2O1M3N2O1N101N2N3N1L4K^efo0
20140519195834Ch_5,Vih?11256Ma0NXO12OM21Wnm00cQTO3N001N2OKYPN6co1I]PN8bo13001O00001O0001O010O001O1O010O0000001000O10003M0000O0100O100001N011OO10000000O010O010000O1O10O01000O01O10O10O01000O00010O1O1N2OVUkZ3
20140519195834Ch_6,_XWg056LM223L4:GG4^oW10[PjN0O1O1O1O1O001N101N11O0O11OO2O010O0100O01O10000001O00010O01O010O01O010O2N2N1O010O0010O01O00001O00000002N1O00O2O0O10000O10O101O0O2O0O000100O2N100O2N100O100O0100O010O1000O00100N101N2M2O2N10FUQNAjn1>YQN@hn1?=O1N2N2N3K5MXgRQ3
20140519195834Ch_7,edVd212277KKO081KK\nc05WQ^O2N2M2O001OO101O10O100000100O01000O100O101O1O001O01O01N11O2N000001O2N001N101OO010O1O2N4K3N4JkYWX1
20140519195834Ch_8,]dTU3110h00\O696DD58KLomk00hQVO3M3N1N2O000O1N111O0100O11O0O1000010O1010N20O100O00O100OePNDSo1e0O1O101N1000O\QNVOTn1i0jQNYOWn1e0hQN\OYn1d0eQN^O[n1b0dQN^O]n1a0aQNA_n1?^QNDcn1;\QNFen1k01N1O2M2O2N1O1O2N1O010O2N1O1O1O1O001N2N3N1N3M4J`Yie0
20140519195834Ch_9,[Ymh21532O80Cg00_O3R1NVOOF1MonY12gPhN2N1O2O00000O0100000OI]PN2do1K`PN4_o1LcPN2fo100O2O00oo30boK0nPN0Zok00VPXO0no?0no30TP\O0PPN10O00O10OaN0PSN1^n1OcN1mRNOTm11\11O0`QNNTm13Z11N10002FKhPN7Z1G^l1b0_SN^Ocl1b0\SN^Oel1b0ZSN^Ohl1b0VSN^Oll1b0RSN^OQm1a0W101O1O_QNAam1?P1000ZQNAkm1>l0000UQNBVn1=h0NlPNEen19VQNGSo13dPN0Sefo0
20140519195834Ch_10,[gnb214:MN2IO`0dno0CTQRO2O001O001O0010O0010O00001O00000000O010O10O10O100000010O001O001O00000001O00001O10O01O10O00010O01O1O5L1cPN_OWo1f000O0100O1000000O10O0001O001O001O1O1O1N2N3JiW]W1
20140519195834Ch_11,SnTd1152e1Odm7;ooI6UOAQRNc0jm1CoQNc0om1@lQNc0Un1c0102cNeQNQ1en1^O]QNH`n17dQNIXn16nQNHom19WRNBhm1>]RN]Odm1b0m000O3IhQaZ2
20140519195834Ch_12,giha115090Roc04[P^O1N1000000^PNLXo16ePNLZo14fPNNYo11gPN0Wo13hPNLXo15gPNKYo15gPNLXo13iPNMWo13iPNMXo1MfPNO24Yo1KgPN1O3\o1KePN2N4^o1IcPN=]o12101O1O000000O100000O100O1N2O10O1N2O2O000010O4L2OO000001O0NmUcZ2
20140519195834Ch_13,UjRT11=1D0mo?0noA4I6N2O00101N0010O1O0O100O100001O01O00000000O0100O100O101OO010000O100O010O010O001O1O3LbUeh2
20140519195834Ch_14,iilS161Ld0OG0Xoa00WP@5MMZPN0eo1O_PN0io1OQP20dom00VPPO1YPNOfo1510001O2N2N10no70QPH0oo10ZPL0]o3090YPL0go10L0XPN0[Ugh2
20140519195834Ch_15,RZYf0218>IEON4021M088IF460N:kk;HdSF2cPNOhn10VQN5g1_OTk1S1dTN[OUk1j0eTNYOYk1k0\SNA4F`l1d21000001OO01O1O1O001N4QOUSNbNQm1T1]SNbNil1Z1ZSN^Nol1f0\RN1dn1E^QN;bn1D_QN9en1F[QN7jn1A]QN;Xo1JncfW3
20140519195834Ch_16,h]mk118;LM7a08J@^OSoS22ePnM3L3N2O1N100O2O00001O0O100O101N100O1O100O1000000O100O1O100O100O100O1N2O100O1000O1000O100O10O0100O01O00100O010O10O1000O1O1J5010O01O010O01O101N10O10O10O10O10O0100O01000O010O10O001HQQN^OPo1a0701O10O010O0001O10O00100O10O0100O010O10O010O10O01O010O010O001O0100O010O1O10O0100O1O1O010O10O1O100O00100N2O001O001O010O010O010O100O1O101N1O100O2N1N3N]oe1MobVd1
20140519195834Ch_17,SmPd1171M022]1MiN051hn97gPHHO0XO0`QN0Xo10O0001000^O5:KaPN0fn10eQN1dn1O]QN0O1om10RRNORn1c0c02O1ZQNZOSn1h0fQNYO^n1l08N4FeR[Z2
20140520200054Bh_1,kRi\2181OOQ12PO0J010ONUoQ18_PPO3L3N2O0O10001O0000O1000O100O001O100O01O1O00010O000O1O11O0001O010O01O010O1O010O0001O01O0O100O2O0O11O0010O01O0O2O00000000001O01O00010O01O010O001O1O1O1O002N1O1N3MilR]1
20140520200054Bh_2,gmnP219280f02XOMdne04dP\O5K3O1N1010O00001O00O1WONcQN5[n1i0O1O2O001O3M5L010a0^O3QOWQNa0Wo1M01O10O1010O2N1N2N1O1O1O1O1O01N2O2N2N3L3M2N1O2N2N2N1O3LjnRk1
20140520200054Bh_3,`WUR21o01UO3X10AM]nk09XPVO5M2N101O000000O010O001O1O1O01000O010O010O1O01O10O010O10O010O1O100O1O001O0000001O001O0000O11N100\O_OiQNc0lm1MkQN6om1o0O200O10O1N3N1O1O2M2N3N3M2UO`QN4en1@iQN9Po1N6GSgfh1
20140520200054Bh_4,TX[l029;ON:JD8m0HH=JIb0IjNMZno1;WQRN4L2QOCYRN`0Sm19fRNHVm1?fRNBWm1f0bRN\O[m1i0`RNZO^m1e1M2_Oa0K5N2M1N3L5N0101nNlSNWNUl1c1V1N200N4N01O10\ObRNfN_m1V1jRNdNVm1[1i0N1M3M3C>N1O2M201N2O1O001O100O0100O10O10O010O010O001O10O000001O01O0000100O001000O01000O10000000000001O000001O0000000000001O01O00000001O00010O0001O10O01O010O1O01O00010O00010O0010O000100O00010O00010O0000000000O1000O00010O010O0010O0001O00001N1000001OO200O1N3N1N5Jfffg2
20140520200054Bh_5,c^oU218151FO62k00Zne10[P\N4M2O2N1O101N1000000O100000000000000O100000000000000O010000000000O0100O010O100O10O100000O010000O10O010O01O01O00010O001O001N1O2O10O01O010O0100O1000000O101O00000000000000O10O1000O01O00010O0100O010O1O10O10O10O010O0010N011N10001O100O010000O10000O101O0O100000000O100000000000001N101O0O3N0O2N2N3M4Jf`T_1
20140520200054Bh_6,Undc021O23:MF010<0D92Ol01QOGil]13nRdN4L3N2O1N2O2N1O1O2O2M3N001O00O10000O1O10000O105K2M101OO0100O1000O10O010O01O010O001O010O010O00101N101O1O0O2OO100O2O0O100000O11OO10O11N010O100O100O1O010O1O100O011N010O101N11O01O001N2O2M101O1O000002N2M2N2O1N1O2N1N101O2N1N4L3KYnlS3
20140520200054Bh_7,TZ]o21Q10\O2F3m0L41A0kma12XQ`N6J5L4L3N2O1O1O1O10O1O2O2M3M2O1N1O2O0O0010O0000000000000O2O000O2O00001N1O1O2O0O1O1O1O01000O1O1O1O001O1O1O1O1O001O0O2O0010O0001O010O01O10O0M4M2M4M200000001O00000O100O1O1O001O1O1000001O0O101O0000000001N10001O0O2O1N2N2O2M2O1O2N1O1O2N1O1N3M3M3M4_Ood\g0
20140520200054Bh_8,mbTk23103N179LF<5El03[OMVlY1MUShN5L4M101O2N001O1O1O000010O1O010O010O01O0010O01O00010O0010O10O10O01O2O2M3N1N100O1O100O1O1O010O1O1O000010O01O001O01O001O10O000100O10O01O1000O101O0O4M3M5J2N3N1O001O002N2N3M1O2N3WRNnMd0;`k1U2YTNnMgk1T2TTNoMkk1R2TTNnMmk1S2RTNlMnk1U2RTNjMnk1W2QTNiMPl1=hSNg09kNok1:PTNf02oNPl18RTNg0OoNQl18STNh0LnNTl17UTNh0JkNUl1:TTNh0fl1TObSNe0cl1UOcSNe0Un1_ORYSm0
20140520200054Bh_9,Vhlg01g00_O3b0OZO0Wne03`Q\O5K3N1O2N1O1O3M1O100O11O01002M2N1O000O10000O00100O1000O10000O100O1O010O001O000001O1O00000O2O00000O100O1O1O1O1N3MbVkS3
20140520200054Bh_10,obRj22T11oN0P125Nhk[2NRSdM1no1OQP20ooM0QP20ooM0QP40noK0QP20ooM010O010O010O010O0QP40ooe20QPVM0QP40QP40noG000000000O100QP2OooM010O0QP20mPL4jn1O`PNNcn1OlQN3FM]n10kQN2KOYn10iQN031Qn10iQNO91mm11fQN0`025Kal15dRNOj02KLgl1;aSNOWO0Ym1ObSNd0_l1ZOeSNd0]l1XOfSNf0km1O2O0O2N1O1O2N1O1O101N1O1O1O0010O010O1O2N1O1O1O2N002N4M1N1O01O010O1O101N2N001O0000O100O100N110O00100O10O010O00100O100O100O100000000O2O0O2M3N2M4KWX]h0
20140520200054Bh_11,hV[^11\Pb00lo]O1[o1>K2O3M4M1O0O11O000XOkPNe0Uo1[OmPNb0To1^OlPNb0To1^OkPN`0[o10M31O100O100O1O3L3O00O011O001N100001O0010O11OO0004MO0000O2O1NhhX^2
20140520200054Bh_12,Vnlc05`05NIH0MNe19nj]1GXSdN010000000010O10000000000000`P`0040\oA000RP80noE0RP20ooM000O10OO10O0010O010\Pl00doSO0000000O3OOO10O101NWo50jPJ0PP2000PPN0000000onhT3
20140520200054Bh_13,hhVh01170M=MFOQoe03hP\O02N000O1001O0100O0000TP`00noC0noK00000SV]U3
20140520200054Bh_14,XcRk2246:MO1MNm01WONYlY14RShNL3OPP>OSPB0SQ`14ln_NO0O0O100O10[oe10RQ^O0UQB0iWal0
20140520200054Bh_15,Qi^h013102NO209Nhnc00kP^O2O010O01O0O10PP20]VWV3
20140520200054Bh_16,[g^b21`00F1O2LNl0O^mo0:YQRO3aQNGRm1;lRNGSm1:kRNHSm19mRNGSm19lRNISm18kRNIUm17kRNIUm17kRNIUm18jRNGWm19iRNGWm19iRNGWm19jRNFVm1:jRNEWm1;iRNEXm1:hRNFXm1;gRNEYm1;gRNDZm1<fRND[m1;eRNE[m1<eRNB\m1?dRN@\m1`0fRN\O]m1c0P110O010O100000001O1O00000000O2O0O6K1N0100O100O001N2O1O000O1O1000001O01O2N101O1O0O10000000O100O100O1O2N3M7H4LdVeW1
20140526195834Ch_1,WZQV23P1N_O1\13bNLW14f0N\NNZf11W`j26`hUM2L3O2N2M2O1O1O1N20O0100O010O001O01O001O01O0O2O1N2O1N1O2N110M20010N101OO1000000O1O1L4O1O1O000000O2N110O11OO020O00O2O0O20ON3O0O100O20NODB[QN?dn1=20OO11O01O0010OO200N110L4O0O1010N100O100O110OO11O001O010O010OO101O010O1O010O10O10O0100O010O10O00100O10O010O0100O100O101N101O002M101O1O000O101N100000O10O10000O10O010N11ON210N11OO101O01O01O00001O0O101O010OO11O0000O2OO1000O20OO20OO2O001O0O1010N101OO11N11O0001OO11N11OO100O110N1000O11O000000001N11O010O001OO1100O100N200O1O00100N110O1O2N1O2N1O3MaWR3M]UjQ1
20140526195834Ch_2,mfhk24?OQ12mlk1M_QVN5L2O1N2O1O1O100O10O01000O101O000010O0O1000O1000O011OO1010N102N1O01O000001O0O011OO011OO21M20OO11OO1001O00001OO100000O01000000O1O10O01O010O10O010O100O0010O01000O10O10O01O10O00010O01O10O010O01O00001N10010O000100O010O1O0000000000000O1001O000O100000001N101O000O1000O10000O100O0010000O0010O01O001O010O1O001O1O1O2N2M3L]Vah0
20140526195834Ch_3,hdRU116001MO61MO05=L_nS16bPnN6M2M4N1N3N0O2N2N101N101N1O100O100O1O10000O10]OWQN^O4;en12cQNM]n12iQNIWn16lQNGUn19lQNEUn1:i00O101O000N2L4O1O1N20O0100000O100000000O1001O001O01O0O2O1N1M300001`PNB]o1a0O001O001O0O2O1N1O101N1000O10000O2O0O6K1N2N2O1N2N3LbZYd2
20140526195834Ch_4,\Rcn1221T1OP21lLN22WlY1<TShN3M2N2O001OO2N1N2O1N20O1000O10000O2O00100O10001O00000000000010O000000010O0000010O010O001O100O100O101O00010O1O10O01N2O1O1N2O1O001O2N0100O000101N2O1kQNSORm1n0gRNZOXm1i0VRNEkm1X11O11O1N01O0O2N101N2N;D7J2M2N3N2M;DSjVj1
20140526195834Ch_5,XnTU1118021F48Ro_1JdPbN2N2O2N1N2O1O001O00001N101O001O00AePN:[o1DgPN;`o10O0010O01O01O01O0010O01O1O001O00010O0O10000O1N2O10O100O10000000000000001O1O3M2N10O01O000010N01001O001O0010O01O00001O00100O010O1O010O1O0001O010O000010O00010O0000001O000O11O01O0000001O01O0EdPN2\o1MfPN2Zo1NgPN1Zo1NfPN2Zo1NgPN1Yo1NhPN2Yo1MgPN3Yo1LiPN3bo101O1O1NSPca2
20140526195834Ch_6,hVaY1165LL0072IM1360INO0Yom0:VPTO4O2N1O1O0OM4L401O01OO101N1O20O01O10O01000O10000O10O10000000O10000O10O01O10O0100O010O010O001O100O1O10000000O100O100000000001O01O1O00100O0O2O1N4Jhhn`2
20140526195834Ch_7,gQin12`02[11g0?oMC6ON3L2GFng[10gWfN10001O000O1dPNNkn12UQNMln12UQNNjn13VQNMjn13UQNNkn12UQNNkn12UQNNln11SQN1mn1ORQN0Po1OPQN2on1OQQN0Po10oPN1Qo1OoPN1Ro1NnPN2Ro1OmPN1So1OmPN2So1MmPN3So1MmPN4Ro1LnPN4Ro1LnPN3To1LlPN4To1MlPN3To1LlPN5So1KmPN5So1KmPN6Ro1JnPN6Ro1KnPN4So1KmPN6Ro1JnPN7]o101O01DInPN6^o10\UN0Ye1OeZN5Ze1KdZN8[e1GcZN<]e1CcZN?\e1AcZN`0]e1_OdZNb0\e1]OdZNb0ld1]OeVN2^4a0^e1_OcZN?nd1_OcVN2]4a0ae1_O]ZNa0Re1]OeVN2V4c0Ue1\OdVN2T4d0Ye1YOdVN3P4f0[e1WOgVN4j3g0_e1UOhVN3h3j0^e1TOkVN2f3j0_e1SOmVN3c3j0`e1SOnVN3b3i0`e1TOnVN3a3i0ae1UOoVN1`3i0ce1UOoVN0]3k0ee1UOnVN1\3h0ie1WOkVN0[3h0le1YOhVN0[3d0Qf1[OdVN1\3?Qg1ATYN1Vg1O_4000O4WPN4Wo1KcQ6LonI001N1O100O000O1gNLfRN3]m1M`RN3fn101N1O_iXj1
20140526195834Ch_8,hYeR3193HM21kok01ooUO1N100O100O1O2O000O010M3O1O010000O101O0O100000000000O100N2O1000001O0000O10000O1O101O00010O2OO010O0010O001000O10O010O00100O1O1O1O1O2MaeXh0
20140526195834Ch_9,`hhc11;=3Dfok00ioUO2M2O1L4M3M3O1O001OO2O0000000000000001OO0101O100001O1N2OO010000O01O01O010O1000O010O1O010O01O01000001O00000010O100000000001N100O0010O00001O001N3M4LhVgV2
20140526195834Ch_10,RWSQ31=32Onoa02]o_O2M2O1O1O1O010O0N2O1N110000O1O1N20O1O2O010O010O0000O2O001O0010O001O010O1O0001N3M3Mdhfk0
20140526195834Ch_11,hXS]11;39192cna0NZP@2M3N1N2O001N100N11001O0100000O0O1O01O01O1O0001O1N1O2O1O1O100O10000000O10000001N101O1O1O3Lmf^_2
20140526195834Ch_12,bXQS161N>MB0`oU12\PlN001O001O001O0O2O00000000000O10000000000O100000O10O100O00001O010000000000001O01O10O01O2OO01O00010O0000001O10O0O100O10000001O0000000O10O101O0O1000000001O00001O00001O01O000001O001O0O2NmfPf2
20140526195834Ch_13,kUWi1131N80K>Ljoi03boWO100O1O1O1O100O001O10O010O000000010O001O01O000010O000001N0010001O010O0010O001O10O0100O10O1O1N2O010O0100O1O01000O1O1O0O2M4N1O2NlinQ2
20140526195834Ch_14,WZ_d1152d00@5J0`0Khmm11_QTN3N1O1O100O1O00100O001O010O100O010O10000O1000O10O10000O10O10O100000O100000O101O00000000000001_ObPN>ao1O101N000010O00001O0000000000001O00000000O10O100001O000O100O100O100O10O10O1O10000000O1000001O1MN^PNJbo16^PNK`o16`PNJ`o1;00000O100000O10000001OdPNDTo1<kPNFTo1c00001O000100O2N2N2OO01O10O0UQNBTn1?jQNCVn1<iQNFVn1<gQNEYn1?cQNB\n1`0bQN@_n1a0^QN@bn1P10O001jNYQNR1fn141O100O1O101N2O1N9H4L3L2O0O100O2N1O1O1O1O001O1O001O1N2N]c\o1
20140526195834Ch_15,]Vem0121O08=d0FZOOSo;6[PF2N1O1O2N1O100N2O0O0O01NO3L3O1O12N1N2O1O1O3K5L4M[i\P3
20140629195814Mh_1,^n`Q23R22T33XLO:O]N6LN\1Oa0HV^10`lP31VcoL9G8PMCSVNa0di1JVVN9gi1JWVN7hi1MSVN6ji1NRVN5li1NQVN5li1MQVN:ji1GTVN<ji1FnUNd0ni1^OnUNg0oi1ZOkUNl0Uj1TOfUNQ1Zj1oNcUNT1\j1lNcUNV1]j1jN_UNY1aj1iNZUN[1fj1fNVUN[1kj1hNnTN[1Sk1iNfTNZ1Zk1d13M2M3M3O1bNcTNWN_k1f1jTNRNXk1k1SUNhMRk1U2^1M3O1N2O1N1O2O1N2M3M3M2QOQRNJTn13QRNESn1:i0N1O2011N10001N2O10O01O0000010N10O010O11O0O1O10O1O1000O0101O1O00001N1O2N10000O01000001O0O1000001OO01O1O2O0O1N2N2O1O1N1O11O1O0110OO100001000O1ObLZOdWNe0Wh1DfWN:Zh1JdWN5\h1LdWN4[h1OcWN1\h11cWNN]h14bWNL]h15cWNJ^h16bWNJ^h17aWNH_h1:`WNEah1;_WNDbh1<^WNCch1=]WNCch1=]WNBdh1?[WN@gh1?XWNBhh1>XWNAjh1?UWNAkh1?UWN@lh1a0SWN_Onh1a0QWN^OPi1c0oVN]ORi1c0lVN]OVi1c0iVN]OWi1c0hVN^OZi1a0cVNA^i1?`VNBai1=^VNDci1;]VNEci1<\VNDdi1=ZVNDfi1=YVNCgi1>WVNCii1>VVNBki1=UVNCki1>TVNBmi1>RVNAPj1?nUNBRj1a0kUN_OVj1c0gUN\O[j1d0dUN\O]j1e0`UN[Obj1g0ZUNZOhj1h0SUNYOnj1j0nTNUOTk1l0iTNUOXk1m0dTNTO^k1m0^TNTOdk1m0WTNTOlk1l0PTNVOPl1l0lSNUOWl1W24L5L3N2N1O3M2M2O2M2N4L5K>@;F6K2N2N3L5J7H8FZl^_1
20140629195814Mh_2,mSUU3156b0NZOLaok02VPVO7K4M2N1N3O00N3JfPNE[o1:5O2O0010O0010O10000O10000000O10000O100010O01O00010O02O0O100O0100O10000O10O0010O01O010O1O100O010O010O01O001O010O0010O100O1O1O1O3MPkZe0
20140629195814Mh_3,an`Z11c06HJW20Zmo03koQO8K2N3M3N001N2O000O1O10O1I7O2O0O110O0001O0000O101N1000O2O0M3O20O0O101O0O2O0001OO100N1100N102N010O000010N2000001OO101O0001O0000000001N100O1O101N001000O1O2O100O101N1O2N2LjPU_2
20140629195814Mh_4,VaUm11e01\O1?O\nU14mPlN2N2O1O0000000O2O001O001O00001O000000001O01N101O1N2O001O00000001O01O0000001O0000001O01O010O4L1O1O1O2N01O01O001O10O101_OcPN;bo10O010O01O1O0000000O010000001O0000000000001N100000001O00000O2O000Ok]jk1
20140707023654Uh_1,oo`>12865M434OEKHUmc11cR^N9H2O1N3N1O2N2O1N7K11M3M1O01O1O2N1O2N1O01N11O00000O2O0O07J00000O01O0100O001O1O1O100O0000010OO2O001O1O00001O0010O1O1O1O0O2O0010O002N001O1O00001O00000001O000001O01O0001O1O000001O00000000O1N2O100O100000O10O1O1O000010O100O001O01O01O00O01O1O2N1O101O1O1N2O0O3L3N3L5J`ndW3
20140707023654Uh_2,keff22:OL359R14oNJG6o0ODJ4Ghmm03WQTO6K3L4L3N2O1O0O20O01O00100O0010O00001N0101O01O1O010N2O1OO1L4O1jKXOSYNi0mf1[OTXNOdMf0Yj1\OnWN7cM<`j1_OhWN<cM5gj1AbWN?aM2mj1A_WN`1ah1cN\WN]1eh1dNWWN\1mh1cNQWN]1Ri1cNlVN\1Vi1dNhVNZ1]i1fN`VNX1di1iNXVNW1ki1jNoUNW1Tj1kNgUNR1`j1nN^UNl0jj1UOSUNf0Tk1\OhTNd0Zk1]OcTNd0_k1^O\TNc0gk1^OTTNb0ok1BkSN>Xl1G`SN6fl1MTSN0Rm1\13L5M4K4L5J5K5G7E<I6J7K6KTXQT1
20140707023654Uh_3,RYiR19=LN5gng0OdPZO3M201N4M10O00000010O00001O0O0100O0010O100O01O010OiQNAml1`0QSNBnl1`0oRNAQm1b0kRN@Tm1a0jRN_OXm1a0fRN@[m1`0cRNB\m1>dRNB]m1>bRNB^m1>aRNC_m1>_RNDam1;RRNZO1=mm19QRN3om1OmQN4Sn1l01N2N2N2M2M4L4L4N2M3O0O3M2N2N2N3M5J6DVejh2
20140707023654Uh_4,cgbm27c0703MAVme05RR\O6J4M2O1O00000O1000O10001N2O0O10O011N0100O1O1O11O002N2N01O10O101N1O2N010O11N101OUQNCQn1Y1N00O1O1N2N3M4L4L6I9G6J6IQU[n0
20140707023654Uh_5,Zgl\21]15Unm0NWPTO6G6N3M200O10O01000O1O1O100O2O0O1O2O1N1000O1O1000O0100O100O100O010O0010O00010O1000000O10O1O1000000O100O2O000O1N2O101O001O101O0116J0N1N1O100O002N1O3M5K2N1N\WY]1
20140707023654Uh_6,ZZgc142O56;Hk04dN0h01h35nLKSOMO1ac1NigNOjai28QRXM3K4N2O1N1O2O1N101O000O10001N2O00001O000000000O1O1O1O1N200O1N20O10O1000O2O0O2O1O1O0O2OO100000000000001O0001O0000001O01O000001O00000000O101N100O1000O00001O0010000O1O100O1000000000000000000001O00001O1O000O10001N100O1N200N2O100O0O20000N020O00O2O00001O1N1000001O100O01QMXOeVNg0Yi1@cVN`0]i1BaVN>^i1F^VN6fi1NWVN0ki12RVNOli16PVNJni1;PVNDPj1?nUNAmi1f0PVN\Ohi1n0UVNROii1Q1VVNoNfi1W1XVNjNci1[1]VNdNbi1^1]VNcN`i1a1^VN`N_i1d1_VN\Nai1e1^VN\N`i1h1]VNYN`i1l1]VNTNdi1n1ZVNQNei1T2WVNmMgi1Y2SVNhMmi1Y2SVNgMli1]2PVNbMQj1a2lUN`MSj1b2lUN]MTj1g2gUNZMZj1f2eUN[MYj1GiUNFLY1M[O^j1DQVN_OKj2Tj1gMlVNX2Si1gMQWNV2oh1iMUWNT2kh1lMXWNR2gh1nM^WNn1ah1QNgWNg1Zh1YNhWNf1Wh1ZNlWNc1Th1\NPXNa1Ph1`NQXN^1og1aNUXN\1lg1cNWXNY1jg1gNXXNW1ig1gN[XNU1fg1kN\XNS1eg1lN]XNR1cg1nN`XNn0bg1PObXNl0`g1TOaXNj0_g1VOdXNg0]g1YOdXNd0]g1\OeXNc0Zg1^OhXN=Zg1DhXN8Yg1IhXN4Yg1MiXNMYg14lXNZOag1f0l31N2O1N11OO101O0O10000000000000001OO2O1O1O1N2O1O2M3M3JWZf2FQPXf1
20140707023654Uh_7,kU[V31n10TN3478FD30M30M070Una07WQ@5M2N2N3N1O2O2M3L4L3M3L2M4L3N2N2M3J6L4N2N2O1010OO00000NQOaRNA^m1<mRN[OWm1b0oRNYOQm1f0VSNUOjl1j0V101O2M001N3L7H[ibf0
20140707023654Uh_8,Rj^^2172R22akY12mQhN6K3N2N1O2M3N2O0011O6I0001O01O001N2O10O010O00100O01O0O2O001O0O1000000O010O10O010O10O0010O0010O000010O01O01O010O0000001O00001O001O01OiMDjTN<]m11O0000000O1000O1O010O01O10000O2O0001O000O1000O1O1J500010O001N200N4M5ISTiY1
20140707023654Uh_9,RTYb21j081KZnc08[P^O7K4K4M4M2N3M2N2N2O1NVO_QN8^n1HfQN6Yn1IQRN0mm10VRNNim11ZRNNfm12\RNKdm15aRNF_m1:T1O010O000100O0100O1O101N1O1000001O101N001O1O2NYk^Z1
20140707023654Uh_10,Z[o^1255`0N=5TO3YPZ1HZogN4L3N1O2N1O100O10000O01O010O10O010O0100O100O1O10O010O2O0O2N1O1O1O10O1O1N101N2O000100O10O01O100O0010O01O01O00OFjPNMUo1?O1M3N2O011OO010O1N100M3010O10OO2O1N2L3O2M4N100O110O000010O00O1000O2O1GUQNZOnn1=?L5K5NncfY2
20140707023654Uh_11,`\Qo21d00C126Poa0O_P@2N2O001N2O1N3N1N2N2N2O100O100O1N2O0O2N1O1O1O1N1O2O10O1000000SOXQNa0in1[O\QNd0dn1[O^QNd0bn1[O`QNd0an1ZOaQNd0on1O1N2O2M2Mdbjm0
20140707023654Uh_12,dnnl21Y12iNN04goc01oo]O3M2O1O1N2O1O1O1O10O001M200O1O10O1O1O101O0O1010O0O2O001O1O001O010O1O00001O01O0001O01O01O1N2O2MTQ]o0
20140707023654Uh_13,keZ]22S41YMm0iNQO3;>EUg10[]^21jjaM1N100000O001O1O01VLObWN2\h1NfWN2Tl100000]ONVQN4hn1NWQN2in1OWQN1gn10YQN0gn11YQNNfn13ZQNMfn13[QNLen15[QNJen16[QNJin13VQNLln13SQNNon11PQNOPo11PQNOon13PQNLQo14nPNMSo12mPNNRo13nPNMWk1OWXN4bLMXk10TXN3cLNZk1ORXN2eLOZk1NQXN3dLO\k1NoWN4eLNSo11mPNOSo12mPNN]k1NmWN3gLO\k1NlWN4gLNSo11mPN0Ro11nPNNSo11mPN0Ro10oPN0Qo10nPN1Qo1OoPN2Qo1MoPN3Qo1NoPN2Po1NPQN3Po1MoPN3Qo1MPQN2Po1NPQN2Po1OPQN0Po10PQN0Po10PQN0Po10PQN1on1ORQN0nn10RQN0nn10RQN0nn10SQNOnn10RQN0nn10SQNOmn11SQNOln13SQNMmn13SQNMmn13TQNLln14TQNLkn15UQNKkn15UQNKjn16VQNJin16XQNJhn16XQNJgn17XQNJhn16WQNKhn15YQNKgn15XQNKin14XQNLhn13YQNMhn12XQNMin13WQNNhn11ZQNNfn12ZQNNen13[QNMen14ZQNLen15[QNKdn16[QNKdn16\QNJcn17]QNIcn16^QNJan16`QNJ`n10eQN1[n1NeQN3[n1LfQN4Zn1LeQN5[n1JeQN7[n1IcQN9Ro11M2_OD]QN>cn1EVQN>kn1<00O00010O000006HL8N000000O2O00000000001O0O100GnPNDRo19TQNDln1:WQNEhn19a0M3N101O1N110O1OkPN0[n10j010O00010OPP20jPL0Vo10Uo50kPJ001N2N2M11L30QO8hQNGYn14YQNN:N[n13dQNNK0a0NSm12hRN85GRm11nRN22LPm12o10OO2O10oQN0nm12bKNnXN2Vg1NgXN3[g1MaXN4`k15J2OJRn7KaQH0URN0fm10]RN1^m10Y1010O20O01oQNNQl11jSN1Zl1N]SN7el1IPSNb0Rm1]OgRNg0Tn15MYOTQN`0]o1^O]WQT1
20140707023654Uh_14,nj`i02m04UOMnng0OlPZO6K2O1O001O1O10O01O001O0010O1O10O01O000001O01O01N100O10O10O0100000001010N1O10O1000N101O4L1O000O100O1000000O11O001N3N1N2N2O0O4L6JXTeQ3
20140707023654Uh_15,bolZ11d13nNNL6Sm=NWRD4M2`PNEYo1c0N2N3N2M7kQNZOcl1j0VSNZOjl1f0SSN\Oll1f0RSN[Onl1f0QSNYOXm1o0VRNROkm1b1O1O0O1O2N2N1N3N001N11O0N2YNdRNj0]m1VOiRNb0Ym1]OiRN;`m1CbRN:am1CbRN9dm1@nRNMnlfb2
20140707023654Uh_16,b[en11g039MF3VoS1MoomN100110O0O12OO1O_ng30dQXL000kcfk1
20140707023654Uh_17,m[Qa2;P3K^MKF2]nc0:iP^O9M3C<M3O01O1O2N11O0jQNmN`m1S1]RNRO`m1m0bRNTO^m1k0bRNVO]m1j0cRNWOYm1l0fRNWOWm1j0hRNWOVm1l0gRNWOWm1l0fRNVOWm1i10001O01O0O2mN`RNG_m16jRNDWm14VSNDml19[SN^Oil1a0[1O2N2N2O1O3KacR\1
20140707023654Uh_18,k[m_21b0<LOLEM131>:AEmne05aP\O3M3N1O0010O0FePN0[o1:0000O1000001N1N2M_OTQN5\o1O1O0O1O0O11O0kNN^RN3hn1NkNO^RN0cm10]RN0gn11lN0[RNOdm13S1N20O02OO0io90XPF0100000RP:0^ch[1
20140707023654Uh_19,YfXY12c15bNLm00PO7e0JJ6nkS10TSnN6L2N2N2N101O0O101O0O101O001O01O0O101O001N10100O1N2O0000O1L4N2M3N2N2O1N2N3L3N2N3N1O1O100O1000O2N2M4K4M3N2O0^OTQN0ln1b002mRNWOlj1i0SUNYOkj1h0TUNYOlj1g0TUNXOmj1O`SN7d1Imj1LeSN8`1I`k17bTNE_k1<R21O00100O010O1000000O2O1N1O2N1N3M2N2O0O2O01N103KhWS`2
20140710020754Uh_1,RX]T21>0D:2G14e02o0=Tjm0K`STO6L2O2N1O1O100010O102N0O1O1O000O2O00000O100000001O1O001N10O100O010O0100O10O01001O000O010O010O1kQNBgl1=WSNFil1;TSNFll1;RSNFnl1;PSNFQm19nRNHRm18lRNJTm16kRNKUm16gRNLZm14bRN0^m10_RN2bm10YRN2im11oQN2Rn1m02N2M3M4K5M3K5L6J5K5L5JndTf1
20140710020754Uh_2,YgP_2121Y11UO28M[O2lnc13hP^N5L2N2M2N2O010N10O00L6O0000O1N200000O0010000000N101O100100O010O1EZO[QNg0cn1^OXQNd0hn1:O2O000000000001O001N102N3L4L3N100O001O1O010O10O1O1O1O2O1N2N1O100O1O010000O0113L1O1N3N1N100O0010O01O01O01O0KiNbQNV1]n18M200O2O0000O01000O2N100O1O1O1O1N2O1O2N100O2O0O2O001N101O0O2O0O2C<01O001O1O0O3M2NUWUW1
20140710020754Uh_3,\_YU1::OYPn0LWoSO2N2N1N2N2N2N200O10O1O0N3O1O00001O01O00001O0000O11N101M2N3N1O11N101O1O100O1001O0000O10000O20O001O01OO1N20001O0001O00000000001O001N3N4M0O0010OO2O3Ll_Te2
20140710020754Uh_4,jUSR1a05Ie01ZOM6Lj0MmN7l0J_O7Yng02lPZO6POImQN>Pn1FhQN`0Xn1CcQN`0[n1c000O101OOO1O2NO2N1@oQNQOSn1n0?01N00M2102N1OYOROaRNl0`m1ZOZRNf0fm1^OVRNa0km1h002N1O2M3L4O2O01O102M5K3L2N2@?I6L41N0202L3N3L6JWiPj2
20140710020754Uh_5,`_Ue22611Oo0OD3:3WOKO0mni11cPXN5_O`0N1O101N1000000001O00000000O100001O01O01O001N101O0001O0O10O010000O1O100O100O00100O1O00100O1O00100O10O010O1O1O001O1O00100O0000010O0010O01N110O001O00000010O010O00001O010O1O010O0010O0010O01O001O001O01O0000001OO0100O0N3O10000001O000000O11ON110O0K6N20O2N1N2O1N20001O001N1O2N2N2N2K6J6M4M]P:McoE1VPNOko10]_bo0
20140710020754Uh_6,Z]hV11521N51GO70J79OHJ016OO0Sm=1`RD6J4N4K3N2N2N2N>B2O2N3M23NM2M3MaNgQNY1an10O21OOON3N1N1000oNeQN=[n1_OkQN>Wn1^OmQNa0Un1ZOPRNe0fn1O010O2M2O1N2N2N2M4L\`[f2
20140710020754Uh_7,hYe^22[17h0He00PlU21TQlM4M2N2N2N2O0O1O101N100000000000000000O0100O10O10O10O0100O010O1000O010000O010O10O10O010O01O1O010N11O010O0010O01O001O0010OO2M3M2O2M3M201N101O0010O0001OO1N2K500000O1O2O0O2O1N11O0O101O0010000O1O1O101O0O10O010N2N101O0O2O1N1O1M3O01O1O101N1O20O00O2O1O1N101O000O1000O02N1N200O100001O0O10O100000000000O100O1O10000O10O11O01O001O001N200O1O1O2N1N2O2M2M5KUe\T1
20140710020754Uh_8,S^PW112101f02@ML1<Oom?6WQB3N17I210O2N1NdP>0lmM0`QD1TPNOgo11SQ`0OYo]O0bo14[`Yf2
20140710020754Uh_9,V\[j11e13Yn=7coC6M3M2N3L3M4L4L4L3N\OaQNI]n16gQNIWn18lQNFRn1:QRNEmm1:VRNGgm19\RNEdm1:_RNE_m1;dRNC\m1=gRN@Wm1b0S1N1O1N3N3N2O0O101O1O2M^cXS2
20140710020754Uh_10,Q^Q`211541OM5O\oo0NVP\O0SPF01000`Pj00`oUO0oo10QPN0h`V]1
20140710020754Uh_11,TYWi12U1OC8A0a0J^O96I2N;1bm_10fQbNMN1OOXO1^QN1]n10fQN0Un11nQNOom11URNOhm10\RNOam11cRNN[m11Z10jPN3ILom11WRN7IHnm11ZRN:FEom10[RN>EBnm10\RN6@N_n1LQRN5FMONkm11_RN3KNom1OVRN20Nfm12ZRNO5N]m12`RNOZn13dQNM]n13bQNN^n12`QNObn11\QN0dn12ZQNMhn14WQNKkn14TQNNln11TQN0ln10SQN1mn1ORQN3mn1NPQN3Po1>1O1O001N10N111N1O101N10O01000O1L4000100O1O1O100O1000000O10000001N010O1000N110O000010N1O101O00001O10O001O1O1O0O110O000001O0O1010OO100O010O1O1N1L5N200O02N101M4M3N2L6KgeRn1
20140828080414Th_1,__V>Q3`0W1AhL3a0NjN9M94^O01G275Gia12`jNN_Wg21j[ZM2WRN:Vk1FiTNb0Qk1^OhTNQ1Pk1nNPUNX1il1?B3M3N2N2O0O1N204J6L7oL\MVXNi2bg1WM`XNQ3\MoLci1OSYN^3hf1`LZYNg3^i1O010O100O1O1O01000N11O0O3OO01O2N1OO11N3M1O2O1NoM`TND_k1KVTNiNe0W1Tk1N^UN0aj1LeUN3Yj1JkUN7Tj1GPVN7Pj1HQVN8oi1FTVN;ji1DVVN>hi1A[VN?ci1@`VNa0]i1^OfVNb0Xi1^OiVNb0Wi1]OjVNd0Vi1YOlVNg0Ti1XOmVNh0Ti1UOnVNk0Si1ROoVNm0Si1QOnVNn0Si1POnVNP1Ti1lNnVNV1Ri1eNRWN\1hk12O0O10001O0010N3eNbQNQ1kn1L2M10100N3ON3N0N21O1N2N2OOO11N100001O00000O20O01N10O1O001O01O001O100O00100N2N1O11O1O1O1O01O01O1000O10O100000O1000010O0O2O1O1O00O11O1O0O10O01O10O010O010000000O1O01O0100O100O100O0100000O10000O10O1O2OO02N2M4M4I]R^2K`Pmn2
20140828080414Th_2,V^ja22?3b10VN39KG73O0K01:LVjU17nTlN2L4N001O1N101N1O1N3N1N3M2O2N100O01001O10O01O1003SORQNa0Yo1N0O2O01O101N1O010O2N3N00O2O4L1O1N1000N10001kPN^O[1Oik1d0gRNDZ1Mmk1n0nSNUORl1m0jSNTOWl1n0eSNTO[l1l0cSNUO]l1V1WSNkNjl1W1oRNmNQm1V1jRNlNVm1o1102M2O1N2N1N2O1O2N=[NoQN`0Tn1]OmQNc0Vn1YOkQNg0Wn1WOhQNj0Yn1>10O1O1N00100O1000O1N3M3jN_QNd0in1YO\QNa0Vo1\Oj]eW1
20140828080414Th_3,SUg^22l07NK]O043IM228Mb01ZO0f01ZOO>MD4=O@27Kmd10T^N1kh7OcSJ0eX^27SgaM2N2N2N2N1O101O001O00000O10000O1000000000000O1O010O1O100O1N2O1O1O1O001O00010O1O010N11OO110N2O01O01N110O010O0010O1000O01O010O1OO20O1OO20O10O100000O1000001O002N00000000N2000OO20OO20OO110N1O110N1O100O1O101O00000010N10001O00001O1N2O1O0O10000N101000O0K6N2B=0100001O1O1O1N2N2L5I7L3N2O0OO21OM2O200O1000001OO2N11OO1O100O01O02ON1N120N20N2000O1ON20001N2O1O1N2000000000O1N110O0K6N2M2L4O2N2O0O110N1N210ON2N2I9L2N4N102N1M3O0O2L5K5M5HZno1LoQPN0bZb00iUlm0
20140828080414Th_4,]n`Q1161M3154MKL32KL>5DNdne00SQ\O9I4cPNDnn1i0O000O1O0000O100000001O1O0O00101O001N10O000ZO\OPRNf0nm1^OnQNc0Sn1_OjQNb0Vn1@hQN?Yn1CdQN=Wn1WOfQN?1:Zn1g010O01O00002N100O1ON2O11O002M2N4M2[O]QNInn1KXQN1aofj2
20140828080414Th_5,jTWk01273Leok1NSPVN101N101O0O2O001O00001O1O1O0000010O00000001O000000001O000000001O002N01O000000000001O000000001O0010O00001O001O001O0000001O00001O00010O2N1O001O01O2N1O00000O1O10000001O00000000000000001O0000000001O0003NO0001O0000010O001O001O000O1000001N101O001N101O1O01O01O0007I001O00001O0000001N1O1O2O001O1O1O001O1N2Oki`i2
20140828080414Th_6,fS[^373L4N07OIL03433KN6KK4050LO50G02Ylg01VSZO<K2000O1O2O0100O2M201N11102M1eQN[OVm1g0\RNYOC6om1P2FO2M2O2ON2OiMZRNQ2Qn1KV1hN6K1O1N1O2N1O10O01O00000001O000000000O1O1O1O1N2M2O2N2O1N1010O001O1O2N2N2N2M4KRil<
20140828080414Th_7,j]bb13k03^1Mf00YM271DN40S10UOOc1Njco0<eYRO6K101N2N1O2O000O1O1O10001N1000000000100O1OO2O01N1\ZNPOX\1P1o`NTORLLob1P1m`N^OlKBXc1Q1j`NB^a1?a^ND]a1;c^NG[a19f^NGZa1:e^NE\a1<eYNWOT3=Xc1=ZYNEV3Nac1a0`XN8l3XOcc1c2V\N]Mkc1g2n[N\MTd1e2f[N]M\d1e2`[N\Mcd1e2W[N]Mkd1c2R[N^MPe1a2nZNaMSe1]2iZNhMROhNSd1_3e\NoMWObNVd1b1oYN4`2J[O`NVd1Z1]ZN8m12_O\NWd1S1fZNf0VOeN`1Z1df1TOnXNb12BPg1jNRYNm1]O]Odg1dNRYNS2mN_OSh1[NXYNb4kf1\K\YNZ4jf1cK]YNU4ff1hK_YNU4ef1fKaYNS4cf1iKfYNm3ai1Eg0[O5K2O0O111N1O2N1N4mMgRNW1Wn1J2O0O02O00M7TOdQNFRXiW2
20140828080414Th_8,XceU21164J26>Kene00bP\O3IL^PN6`o17M2O2N3N1N1O101N2N3M3L200O2O000000000000000000O2N101N101O2N1O1O2N2N2N3M2N001OO100001N10001N2Ok[`f1
20140828080414Th_9,TlTm173L1O61K15OJ0om1NeSX21UngM2O0O100O100O100O1O010O1O1O1000O01O100O010000O100O0010000O100O100O1O1000O10O10O1000000O1000O1000O10000O100O1N200O1O010O1O1O10O01O1O1O010O10O01000GePNL[o14gPNKYo15gPNJYo16hPNIYo16hPNIXo188O10O01O0100O0100O010O1000O1000000O100O1000000O2O000000000000O100O10000O100O1O1001O012ZPNH^o1=010O01O10O10O010O01O1O1O00100O01O010O010O10000O1O01O010O1O010O1O0010O01O01O0001O011N10O1O100O00001O000MCcPN>[o1CdPN>\o13O101O00000000000000000001O001O0EdPN2]o1LiPNNYo10jPNNVo12eo[2NUT]_1
20140828080414Th_10,oY]U1190L222LMQoe02gP\O4M2O10O001O0O100O100O010O00010O01O00000000010O00010O000001O000001O010O000000O10O10O10O1O0010O0001DKkPN6Uo1LfPN7[o162N1N2O2D^PN6^e\f2
20140828080414Th_11,_\dc15323L4Of32oL3MOE2>OEJQ23\M4V1LPOOn00laS1Ol\nN2N1O1YWNKca16S700O1000WQNLg:OVW16T^NJe:0WW16k<1YQNIY50na17iXNIdm17]RNIcm16Q^NJ\V15P`NK_60aY15R`NL_i12hVNMa01dd11oZNN61nd13mZNMN0Xe14lZNLG1ae13iZNKB1ie14j]NK[b13a]NNcb11X]NNZO0k]10dhN0]W11R^NOf80XY11W^N0T21S2Nb]11Z^NOg17`2I`]10laN4l0LX]10T]N0i31Q2O\b11e1OoW20QRL0Tk51RUJO[b10`\N3U1MSf14lYNLVc10lZN7ZMKW4Ndc11jZNc0^1\Oic11hZNf0ai1ZO`VNf0ai1ZO]VNm0^i1ROaVNU1Rl15J3M3M25KHcNiQN^1Xn16O0M2016Kb0\O6K1O01O0001N2N^SN[Oji1e0UVN[Oli1d0TVN\Omi1d0QVN]OPj1c0oUN]ORj1c0nUN\OTj1c0e201O002OO011OO<AoUYV2
20140828080414Th_12,WlPR27g0J^O171an_2NQQdM0ZPL0]o30YP20PPN0QPN000no90QPH0QPN000oo;0QPD0000000000000000000_SQi1
20140828080414Th_13,``b>i1<b2GlKNf2d0YMO1^Oh01d13lMODi_11ScNOROOP81[FNao_10PPbN0000000000000000000000000000000PP:0PPF00000000000000000le?0XZD020koK2O01OPP20PPNO20N011nm1=^QNCUQN3m0LSl13WSN1Wo1NN020OO10VZNOb[10^dN0d[10d[N0W70W]10VdN0l[10RdN0o[10PdN0Pf100000eg50dX41ioG0lWNOU@2h_NNP_10`ZN0_60W_10VZN1`6O]_11PZN1a6Nf`12X_NNg_10jYN0^60m`10c60oQN0So11iNOWRN1mn1Oon10SQN0nPN0Pn11o1OP60SB0j]N0Wb10m60000000O020O0O10O10O0cV:0]iE00000000000PP80aiG0n\N0Sc10l\N0bi1000jh10VWN0100000TP60loI0011O00O0fPN0bn10i00O1O01OdP20\oM0O0QP20PPN0\O0WQN0]o11[OOXQN1\o10O0010O10000O1000O10001O001O001O0O2N100O1O1N3@DXQN=jn1DoPNa0Po18000001OO4NOO2O0N3N4H6MSQ`01jn_O7K4K7J2N3N100001O0001O000010N3O0N3N0^OkPN8Uo1:000O10O100O0ZSNVOWj1j0_200000000O1000O100000O101M201M3N4J7ISSj1LTmUN0_ohm2
20140907195814Mh_1,Z[QV11a13dNNN470b0L\O31OVli0M]SXO8I3N3iPNI`n1;XQNLfn1i0M3N2M3N3M3M2N2N2O1N2N2O1N1O[NZRNS1dm1jN`RNV1^m1iNfRNV1Ym1hNjRNX1Vm1dNRSNX1lm1O0100O0O11O002N1O2N0O20OO10001O1N103M1N4M2N1N3M2O2N0O101N10000000O0100O10O01O1O1O002Ml`nd2
20140907195814Mh_2,ScnU37<4ML6MH5Z11]OKSO0]12EJTmQ19\QPO5L4M2N2O1O1O1M3M2M3M3N1O2O1N2O01000O1O001N1O000OK6B>O2O002N1O2O1O02O1SL^OYXNd0dg1BWXN?hg1ESXN=mg1DQXN<og1GnWN:Qh1H`VN]OCl0mi1I]VNB^Of0Uj1J\VNAZOi0[j1FZVNFTOf0bj1D[VNJlNd0ij1A[VNNhNb0oj1_OYVN0fNb0Rk1\OXVN4dN1N^OXk1;WVN9]N09VOWk1`0SVNV1\j1iNdUNW1]j1iNbUNW1`j1iN^UNV1dj1jN\UNU1ej1jN\UNU1ej1kN[UNT1fj1kNZUNT1hj1mNWUNQ1kj1POfTNFQOZ1\l1POaTN\1`k1eN]TN[1fk1dNZTNZ1hk1gNVTNX1mk1hNoSNY1Sl1hNkSNW1Xl1jNdSNU1_l1U12N2L4M2O3K4L5_O_RNYNim1b1`0G7L5[O_[Qd0
20140907195814Mh_3,kP_U3262f32`LMK2b00_O2Z2MeM2NK^go09RXRO2N1O101O1O002N1O1N201N2O01000O00O3N1OVVN_OVd1?f[ND[d1;h[NCXd1<g[NEZd1<d[NC]d1=c5001O1O1O2WVNAmc1`0l[NGSd1:h[NJYd16d[NL]d14`[NMbd15Y[NLjd15P[NMSe13hZNN\e11_ZN1fe1NSZN4Qf1KlYN5Yf1IdYN7`f1H_YN7ef1GYYN7lf1GSYN9Qg1EkXN=Xg1CdXN>_g1A]XNa0fg1^OgWNMZMe0Sk1]O`WNS1ch1nNZWNR1hh1nNUWNS1mh1nN\UNGe0Y1Rj1POWUNKb0T1Zj1SOPUNMb0P1aj1UOhTNNb0o0ij1WO]TNOd0l0Sk11gTN3\k1N`TN2dk1MYTN1mk11mSNKZl1i15K5L5K5J7L6G9H;F?@5K4M4K7_Oljld0
20140907195814Mh_4,\cRX373N1N:4CM003N13]12`NM>6ckU1GfWlN0Yh10oSh00bQZO:omK3O5KCkPNNXo10>Mho71QRLOel;1m[ac0
20140907195814Mh_5,`]e]22l1<]NH60[1Mih1NeYP48^koK2O1N2N1O100O2O1O0O1O100O100O1000000O10000O10000O10000O1000O10000O01000000O01000O1O1O0O2O1O001O1O00010O01O001O1O001O0100O0100000O1000O0100000O100000O01O100O1O00100O100O100O101N100O101O1O001O001O001O00001O1O00000010O000000000000001O0000000O10000O10000O1000000O10O0100O100O1O00100O1N2O1O1N2B>O001O1O01O10O10O10O0100O00100O10000O1O1O100N2C[QN\Ohn1c0;O100O2N1O1000O01000KBhPN=Yo1500O1000O01O10O0100O010000O010O100O10O0100O01O100O100O100O1O1O1N101O1O1O00100O010O010O10O1O10O10O1O1O010N20O01K5O001O10O0010000O1O10000O0100O0001O001O01000O1O0100000O1O010000O1000O0100O100O100O100N2N3N1N3CkR^30f\`e0
20140907195814Mh_6,jo^_1144>LG4g0L\no01`PRO5M1O3M1O0O101N10000O100O010000O010O10O1000O010O100O1O1O1O001O10000O010O01O1O010O10O01O001O1O0010O01O001M2O2O000000010O00O0O20O02O00001O001N101O100O100O100O2O0O1O2NioZZ2
20140907195814Mh_7,^\WX22R1OXO29OF320Z14bN12Jo0M^g11\XNOXO29OF320Z14bN12Jo0MdmS50QQnJ9G3M3OLcPNF\o1?O2O0O2O0O2N2N101O0O1O2O0O100O2N100O100O1O2N100O10000O100000O010000000O10O100000O10000O10000O10000O1O10OO2BVQNDln1:YQNAin1>=O1O10O01O10O10O01OBjPN4Vo1KlPN4To1LmPN3Ro1MPQN2_o1000001O1O00000000000000Too00lPPO0oo10QPN000O010O10O0000fPh00ZoWO0010O10O1000O100000O10O1000O1000000O00100O1O00100O010O100O100O100O1000O100O100O1000000O1000000000001O0000000000AMQQN3on1MQQN3on1MRQN2nn1NRQN2mn1OSQN1mn1OSQN1mn1OSQN0nn1OSQN1ln10TQN0ln10TQN0ln1OUQN1jn10VQNOkn11UQNOjn11WQNOin11WQNOin11WQNOhn12XQNNhn11YQNOgn11XQNOhn11YQNOgn11YQNOfn11[QNOdn12d0000iPNNbn11_QNO`n12f00O0JN_PN4`o16N1aP^1EkoaN00010O000010OPP20QPN000O10O100000O010oo10no;0[oE0g00PPL0PP200000PPN0oo10PPN0`P\12_ocN0000O2O010O1000Uo;0jPD000no70QPL0RPL0O10OPP20PPN100mPNOVn12k010O0100nPNMWn13iQNMVn14iQNLXn14hQNLWn15hQNLXn14hQNKXn16fQNLZn14dQNM\n15bQNK_n15_QNLbn15QQN7nn1=001O001O00001O0O200O001O0010O0010O10O10O010O01000O0100000O10000O1000000O1000000O1O2O0O1O1O2N100O2M3M3LYTT4NkkkK10ORPd00QPZO0ko11UPN0fj1OPWN8[NO<JL387JF11E0T2N^YTd0
20140925195834Ch_1,WV]m03c06j0II0XO1M<1H4NI8M4k0@XO6T1OQOOJ6L12EWeS1:TZnN9I7K1O3M1O4M3M2O3K301M4M2M5K2O4K3L3N3L3M2O2N1O2N2M4M2N4L5J6K5J5L2hWNaLjc1c3o[NaLPd1f3f[N\L[d1g3`[NZLbd1g3Z[NYLhd1:SXN`2Q3XMmd16VXNb2i2WMUe15TXNe2c2WM[e13RXNh2^2WMae12oWNk2[2TMhe10lWNo2X2QMme12gWNR3W2kLWf1Q4aYNRLaf10cWNU3a1QMmf1HgWNY3Q1RM[g1DgWN[3f0TMfg1_OiWN\39WMQh1\OlWN^3HYM^h1WOlWN8Al3gh1fKTYNR4gi1E=D5I5L5K5L5I5K7K3J6M2N2N2N1N2O100O2O00101O2O2N5K4J3M2M4K3L5I:AXaTl2
20140925195834Ch_2,ZhTn02m1376PNe0n0QOTh10i[N8YKK`ko3OSTRL5L3N1N2O2N1N4M00100O1O00001O0000000000O100O101N1O100000001O00000000000000001O0000000001O010O010O001000O2OO010O010O00010O0010O01O010O1O100O1O10O02N100O1O1O1O1O001O0O100O101O00O10O010O01O1000O1000O1O100000O10001O1O001O00001O001O00001O001O1O1O010O001000O010O100O2VOWQN9kn1BZQN=gn1@[QN?So111N100O2OO10O0100O010O100O10O010000000O01O10O01O1O001O1O100O1O10O01O1O1O011N100O1000O11O000000O101O10OO5L2N1OO112L101O1N100O1O1O1N10001O0N4H7M200O101O0OjNdQNj0Yn1YOhQNg0Vn1[OhQNf0Xn1YOiQNh0Vn1WOlQNELQ1Wn1YORRNf0Qn1WOSRNf0mm1YOVRNe0im1[OXRNd0im1[OYRNd0gm1[OZRNe0gm1WO]RNh0^n1O20OO10O00100O1O0010O10O11N2OO12M100O2N1000O0010O01O01000O0100O011OO01O00010O1000O010O1O0100O10O0010O000001O010O00001O0O2O0000001O0000000O1000000O100O10000O100O0100O100O10O01O2O000O2O7F9GkQQZ2
20140925195834Ch_3,giV]2222>Ml02iN19Og04ROL509Nhm11fo]30iQbL3N3M2O0O1O100O1O10000O1O01000O00100O01O0100N110O1O1[O^OlQNa0Sn1DjQN<Tn1JfQN8Yn1KdQN6[n1MaQN5_n1e0O2000O10000O0100001N10000O2O0O2O1O2M2O2N1O1N101O1O001O001O000000001O0000010O00000000010N100000001O0O1000001O0O101O1O000001O01O001O0001O1O01OoPNAan1`0^QNAbn1>^QNBbn1?]QNBbn1>^QNBcn1=]QNCcn1=]QNCdn1>ZQNCen1=[QNDdn1<\QNDdn1=[QNDen1;ZQNGen1:ZQNFgn19XQNIgn17YQNIgn17YQNIgn17YQNJgn16XQNJhn16YQNIhn16XQNKgn16YQNIgn17YQNJfn16ZQNJgn15ZQNJfn16[QNJen15[QNKen15\QNKcn15]QNKcn15]QNLbn14^QNLcn13]QNNbn12^QNOan11_QNObn10^QN0bn10^QN0cn1O]QN1dn1N\QN3cn1M]QN3cn1M]QN3cn1M]QN3cn1M]QN3cn1M]QN4cn1L\QN4dn1MZQN4fn1NXQN2hn1c01N11O0001O001O0010O01O001XORQN<Po1_OTQN`0Vo101O0000001O001O0010O01O001O001O0010O0100O00010O010O11N00100O01000O100O011N01000O0010O1O01O01O1O002OO000010O00001O01O01O010O00000010O001O0000001O001O01O01O001O00010O0010O0000100O010O000100O001O10O0100O00100O1O100O10O11OO10O02N001O2M2N3N4GnQ\3OVnjf0
20140925195834Ch_4,ZV_m12868M2O0OF4NOe0Lkj1O[Wf24hlYM6K5^PNCWo1f0L5M1M4K5M2N3M2N2N101N101N1O2O1NXOkQNGUn16RRNGlm1:TRNFlm19XRNEfm1;\RNEbm1;aRNC^m1=eRNBYm1>iRNBUm1?kRNATm1?oRN_OPm1a0RSN]Onl1c0TSN\Oll1c0VSN\Ojl1d0WSN[Oil1d0YSN[Ogl1e0ZSNZOfl1f0[SNWOgl1h0\SNUOel1k0X10O10O10O010O001000O001000000O1O2M200O100O001O101N10000O01000000O10000O01O010000O00O20OO2K410O0010O01000O00100O1O0O200O1O010O10O10O0010000O10O10O1000O100O010O1O10PSNHXj17hUNKWj15hUNLWj15hUNLXj13hUNNXj12gUNOYj11gUNOYj10gUN1Yj1NhUN2Xj1NgUN3Xj1NhUN2Xj1MhUN3Yj1MgUN3Xj1NgUN2Zj1NeUN3[j1MeUN3[j1LdUN6[j1KaUN9_j1F^UN>bj1B]UN?cj1A\UN?ej1A[UN?dj1B\UN=ej1B[UN>fj1BZUN>ej1CZUN>fj1BZUN=gj1CXUN=hj1CXUN<jj1DTUN<nj1DRUN;oj1DPUN=Pk1DoTN=Qk1BnTN0WN1ll1OmTNOYN0kl10lTNN\N1hl11lTNM_NOgl13kTNM_NOgl14jTNJcNOel16c20O1000O02O000000000000000000000001O00000000000O1000000O10O01O10O1O100O10000O101O001O00001O00000010O00010O1O002N1N101N2N3MdhPb1
20140925195834Ch_5,VmTa02831O1OHN35MO0b0;CIK21O0=Odme03\Q\O:H4N3ZO^OgQNe0Tn1g0L5K4L6J4M3\OkMWSNY2_l1VNWSNo1cl1i0M4L4L5L3M4L3M4L3NhM`TN3^k1MfTN2Wk1OjTN0Vk1oNlUNQ1Sj1hNUVNW1ki1]NaVNd1^i1ZNdVNg1\i1VNfVNj1[i1TNgVNl1Yi1QNiVNo1dk10O1O20O100O2N00001O0O2O2L7K4\OdQNZOan1b0`QN\Oen1a0[QN^Okn1>SQN@To1d01N3G<E]nhZ3
20140925195834Ch_6,[X]V28g11fNOEMf0MkmS15ePnNe0K\OUQN:fn1E\QN=an1B`QN`0_n1^ObQNd0\n1[OeQNf0Zn1YOgQNg0Xn1ZOhQNf0Xn1YOiQNf0Xn1ZOhQN7IL`n1MhQN6fn1JZQN5gn1JYQN6hn1JXQN4in1LWQN4in1LXQN3hn1NXQN1gn1O[QN1bn1NbQN2Vo1000O1RONnQN3Pn1NoQN2Qn1NoQN3om1OQRN1nm1OSRN1lm10SRN0mm10SRNOnm11QRNNQn11oQNMTn14j0010O011O000aPNJUo1791^PNHZo1?0N2000000000000O100001N10001O010O0001O1O001O010N2O100O1O0100O1000001O00O10000O100O1O2McgTc1
20140925195834Ch_7,dXSh1147_o1I<0iQd03Rn[O3O1N1O100N2M3N110O1O1O10O0000001O001N1010O1O010O010O1O0010N1M301N101O0010O001O01O0001O0O100O1O100O0101O1O1M5ITgbS2
20140925195834Ch_8,\^in126O43V11\O1\O4<H]O401Sn_1OdQbN4M3AKmPN9hn1f0K4N2N2O2M3N3L3N2M3O1N2N3N0O1OQO[RNDdm19aRNF]m18iRNEWm19lRNGQm18TSNFgl1=]SNAal1>fSN]OYl1b0c1N1L6N1O2O001O1O1N10100O00100O001O10O10O10000000000O010O1O010O0010O1O1M3K5N3N10001O0001N101O1N2O001O0O1000O100O100O100O00100O1O01O001O100O010O1N2N1O2O1O1O0010O00000001O010O001O1O2N2N3Li`Xh1
20140925195834Ch_9,PlfZ253O>0@24N;2omg0LZSXO0Xl14dSNOYl14eSNNXl16eSNKZl17dSNJ[l19cSNG]l1:aSNG_l1:`SNEal1;_SNEbl1:]SNFel19[SNGgl17XSNJjl13VSNNll1NVSN2kl1KVSN6ml1EUSN:Xn1100O010O000010O00000001NEfPN2[o12`PNO_o1900000O100O1000010O00O10001O0O2O000O2CAVQNa0in1;N20001O010O01O1YOYQNKJ2on10j0KaSg`1
20140925195834Ch_10,QYY\1::HH51N1N^n7N]QJ0mPn01PoQO5M2N1O1TOFoQNa0en11O1O000O2O01O0001UO[OYRNe0bn1O001O1O5K5K010O00001O0001O0001OO101O0O100O1000000O10O100000O01000O1O1O10N1N2O10010O0O1000001O001O01O001O001O001O00001O001O001OO101N101N2O1O1O1Ohfl\2
20140925195834Ch_11,a^]h1135NK=9IImoc0Oho]O4M2N1O2M2N201N2N3M2N2N100O1O1O1O001O01O01O000100^OQQNL1Ion1;SQNISo17;O01O00000010OO10001O1N2O100OO2N101O1N2N2O1O1O1O2NTadS2
20140925195834Ch_12,\YoY313a0`0AO6mmS1IWQnN:M6J3M2O0000000000010O01O010O010O0010O0001O000001O000O1O10000O10000O2O0000000O10001O000010O00104K1O100O5L0O1O2N2O0O001O0010O01O00100O0100O2OO010O00100O1000O10000O100O01O001O001O1NPeV?
20140925195834Ch_13,mif]21f0=g0GfNNf1O_jg40iSXK0io1O3010O1ePN2en1Of0N11000000000O1000010O0000[QN0Zm11[1OYQN0_m10`RN0am10X11SQNOkno00QPRO0010OWO0bQN0^n10bQN0Wo100000Xo10`QL0`n10`QN0`n10`QN0`n10`QN0an30gPN0fPN0dn10\QN0Zo10[o10ePN0dPN0\o1000^O0TQN0^o1000`o70QQF0_o10`o50aPL0ooM0QP2000ooM0QP40PPN0ooM0RP80noG0QP40XQ`00gn[O0lN0YR60WN0WP80_QB0mM0RQ20ooM001YPN1\o10_PN4ao15100K]PNKmo1OQP2000`PN0oN0bP60ooK0RP60<0UoG0lP60aoI0A0mPN0co50ao10VQf10\Qin0
20140925195834Ch_14,SlXR21[13^ng0OSPZO2O1N100O001O1N1000001O1O1O010O0O2O0000000001O000000O1O1O10010O010O2O001O00000O2OChPN1Yo1MiPN3Wo1MiPN3Vo10gPN2Xo1;1N101O0CfPN4do1O1L]Sgi1
20140925195834Ch_15,Wi\`0347:HJ01>f1GnNj0XOTO28L8h0]OA51J38G0Tmk1HhRVN0N1OOcM0jTN0Pk11i1OUTN1Ti1OPWN1kh10YWN0ch10bWN0Zh10iWN0Sh11QXNOkg11XXNOeg11_XNN^g12eXNOlf1OWUN1o30Vg1OmXN0ak110OnM0TTN0mk70QRJ0O10OQP20PPN1O101OO2N10O0WP41loK00O00iPN0Zn13bQNMan13g0NjPN0[n11\QN8dn1KQQN=on192O1O1N3O0N3M2OO01O00XK5\YNK]f1;eYNCYf1?hYN@Uf1b0nYN\One1g0TZNXOge1k0\ZNTOYe1S1nZNhNPe1[1h4]OmQN\OSn1d0b0002O2O1O10000O2OO002O0OTSNROkj1k0YUNVOdj1g0`UN_OYj1>lUNCQj1:k2N2O20N2O0O110N02OO20O0O2O0000000O010000001O1N3M5IVUmV3
20140925195834Ch_16,b_ma21619O=472_OK_lo15gRRN3M2M4N1N2O1N2O1O001O1O2O0O27H002N3M0001N1O5L000O01O1O3N1N000001O001O1O001O0001O001O1O5K0100O1O1O1O000O2O000001O0000001O01O01O1O011N1O00000001O00000001O0012M100O1O10O00010O1O001O0000000O11O000O2O1N1O2O000O2O0O1O2O001OO1\OPQN8So1CPQN;[o15K2N001N2O000O1000000000000O2O00001O001O101N103M00O2N1O2N2N001O1O001O001O1O001N3N2N1N9GW]ZR1
20140925195834Ch_17,k^mQ218211JNN0PPR2OZPD0\oQO0VPZO0Yoc00hP\O010O010000100O2OOj`Vh1
20141009195814Mh_1,mbjS13>2e04n00L0WNL^2OROMVc10Q]b35mm]L6J3N3M5L3L3M3N8H1O2N1O2N2N2N1O0010000000O10O1O110OO10005M5I9G3L3OOO2O002N001O0O10000O011O000O01001N0001000O010O0010O00010O0001O00001O000001O1O00000100O01O0001O01O0100O0000001N2OePNCSo1<nPNNhn12WQN1jn1JXQN9gn1C[QN?Ro12N013L1O2O104J10000O2O0O2O1O10OO100O011N0010O100O100O30ON3N0O3L2O1O2O1N011N0011O0O100O10001N00020OO1O101O000O003N1O1N3N1NePNHQo15oPNMSo1OlPN3Xo1GiPN:\o14N10O011O1OO1001N11OO01001O0O101O0O10O0101N020OO20OO10000O011N001O1O10O0010O1O00001O10O010O01O0100O1O01O0100O1O1O0001000O000010O10O010O01O10O10O1O0000100O1O011N1O1O01O001O00001O000000100O0001O1O01O01O010O0000001O1O000000001O1O000000001O00000000O10001O001O001N102M101O1M2M5M2NnQh0MVnWO0lje24R\eo1
20141009195814Mh_2,XjXU2127o1JQlk11jQVN2O1O1N3N1O2O1N1O4M1N10000O02O0O1O10O000001O0000O2O1O1OEfPN1Yo1NhPN3Wo1LkPN5So1KmPN5So1KmPN6Ro1IoPN8Qo1FPQN;Po1CQQN=Yo10000000001O010000O01O10O10O100O00100O2OO10002M2N1000O10O10O10O11O002N1O2M01000O1O0010O001O01O0001O01O000000001O00000000000000O100000000O0100000000000000O1000000O010000O0100000O10000O001O1O1O001N101N101O01O1O2O0O1N201N1O2N4KnSc_1
20141009195814Mh_3,iXoZ13:2GO_14QO6JDm08[OI\n_1;]PbN8K4M3N1O10O010O1N2N101OO10O0100M3N2O2N1O1N3O0N3N1N2O1O1000O1FcQNQO^n1>j0O1N30O01O01O0O101OO1O1O1O1O100O10O011N020O0000000010O01O010000O01O10O01O10OO2O1O001N101O0O10000001N001O1O10O1O010O000010O1O00100N200O1000000010O01O0100000O01000O100O4KWfV\2
20141009195814Mh_4,i]kP21=5DKm02TON>4l0MjNOM4Xm]24[RdM3M7J3L<F3L1O2N2O0000105J001OfNcQNP1hn1O0O2N2N:G1O0O100O10000O2O0O2N100O1O100O0001O00000000001O0O10001N1000000O101O000000001N1001O00000001O00000O10O1000000O00100000000000O1000000O1000O1O010O1O010O010O100O010O0010O01O01O010O1O001O0O101O0O2O00001O0001O1O1O1O01O01O1O100O1O001O01O001O001O001O1O010N1010O01O0000O20O0001N1000000O11OO20O00000N201N10001O1BZOaQNf0_n1]O^QNd0an1=100O001O1O001O1N2N3N1N201N1N3N3M3M4L5JXad`1
20141009195814Mh_5,^WgX11WPf17ao[N2N1O1O1O001O1O002N4L0100O2N4L01O01O000000000001O01O00010O001O10O01O001O00001O010O00000000000000000000000000000000000O0100000O01O10O010O001O01O00010O010O1000O10O10O10000O101O000001O00000000000000001O0000001O001O1O1O00001O0O2O001N100O1O2N100O100OFkPNKUo14mPNJTo16mPNISo16PQNHPo18QQNGnn1:<O101O0O1H[PN5ko1LUhT]2
20141009195814Mh_6,^gje22T10RO6=4HGL2V1NVO2^nk0OgPVO6L3M3M2O1O0O1O2O0O2O0O2L4M2N2N0NM3021O00100O10K2012K6M2gNoNeSNR1[l1QOaSNk0dl1VOZSNh0jl1XOTSNg0ol1\OlRNd0Vm1^OWRNI4i0gm1@SRNF7e0lm1OPRN1Qn10lQN1Un1l01O2N4K6J4L3N2N2M2N3N2N2O0O2N2M2N2J6O2NUWeU1
20141009195814Mh_7,]\kP2223`3LQM1AOVk10lXf20kkYM0RP40noK1_o?1aP@NO0SP60ooK0SP60loI0\PN0co50ooI000QP60PP40ooQ10loC0\o]O0fPH0ePH0hn50dPL0000000O010M3N10100001O00010000000O1O1000iPNMbn12f00000O10dPNOhn11d0O00oo10QPN0gPN0cn10^QN0an10_10aN0_10_n10iPN000oo10QPN10OO110O000O100iPNN`n13e01kPNL\n18dQNHWn1<iQNDQn1b0oQN^OPn1c0g0M[QN@om1`0h0O10ZQNAlm1?URNAjm1?WRNAhm12bQN5f0Ihm12eQN2d0Lgm11fRN0Ym11gRNNYm13fRNMZm13fRNNZm12eRNN[m13dRNM]m12cRNN^m12aRNN_m13_RNMcm13[RNLhm15VRNLjm14TRNLnm14RRNKom16oQNJRn16lQNKUn16iQNIYn19dQNH\n1:aQNF`n1=\QNDdn1`0VQNAkn1j01O002M3N1N3M7I2N5G[aP`1
20141009195814Mh_8,fPkX21;1F8f0GVnk01WRTO6]m1LaRN6]m1M_RN5am1L]RN5bm1M\RN4dm1OXRN1im11SRN0nm16lQNIUn18iQNGYn1:fQNE[n1<cQND^n1>_QNCbn1>[QNCfn1k01O1O1O1oNWQNi0Qo1O1O1O2M2N2N1N2O100O10000O10000O01000O0100O010000O100O10IEjPN:Uo1GjPN:Uo1:N1O010000O001O1O2O0M3O2N1O2J6MhnXb1
20141009195814Mh_9,e\[i25h01F0GO9NZnQ11lQnN2Zn13dQNOZn12eQNOZn12eQN0Zn11dQNO\n12cQNO\n13bQNNWn1EaQN`06LXn1;gQNDYn10aQNN53Zn1MdQNO14]n1KdQN0O4^n1KeQN0L5an1IgQNNH:bn1FnQN=Qn1@PRNd0en11N11O0000O0100O0O101O001N101O010O1O001O000000M3O1O010O1N2O1O1O1N3N1O10O2O1N2O1N2O1O1O100N2N2O1O2GUc`Q1
20141009195814Mh_10,UQUg24n1Nk15[LM44f1O_1NlL2=Je11dm1OPP60PPJ00000000000000000000000PP\10PPdN00000PP:0\lE<lVNDRi1`0lVN@Qi1<nSNHo2LRi19TTNLh2KSi19VTNMf2JSi19XTNOc2HTi1:ZTN0an10`QN2^n1MdQN1\n1IWQNO`06Zn1JmQN5Sn1JaQN0N5bn1K^QN3O1dn1M[QN40Od2KSi12XTN60Lf2LRi13VTN9NHk2LQi14TTN`0m2\Ooh14QTNa0R3[Omh1k0SWNUOmh1j0TWNVOlh1k0SWNUOnh1j0RWNVOnh1j0RWNVOnh1i0SWNWOmh1i0SWNWOmh1i0SWNWOmh1h0V3O]QNYOom1g0PRNZOom1f0QRNZOPn1f0nQN\ORn1c0nQN]OSn1c0lQN^OS2L\i1f0bTN]OS2M[i1f0aTN]OUn1c0jQN]OWn1b0iQN_OWn1a0hQN_OYn1`0gQNAXn1?hQNAYn1>gQNBYn1;jQNDXn1:iQNGVn18jQNHWn18iQNHWn17jQNIVn15lQNKTn14mQNLSn13nQNLSn13nQNMQn12RRNMlm14URNK[2NYh16]UNMZ2MTh1:aUNI]2Mcg1i0oUNZO_2M]g1n0RVNWOa2KXg1S1VVNROc2KTg1V1WVNQOe2ISg1W1WVNPOg2Iof1Z1YVNmNSm1U1lRNkNTm1V1lRNiNSm1Y1kRNgNUm1[1iRNeNWm1]1hRNcNXm1^1gRNbNXm1a1_RNdNam1k14N0N2OZVNoMbe1Q2_ZNoM_e1Q2cZNoM\e1Q2Z4O1OO010O0O2O1L3N2PWNiMXd1Y2g40N1WWNfMjc1^2X\NbMgc1^2Z\NbMdc1]2n4110ON2K600M3M3O1MoWNSNUb1k1o]NUNPb1k1Q^NUNla1k1W^NUNfa1k1]^NUN_a1k1e^NUNVa1n1l^NRNo`1Q2]621OON3L50N00110OO0O21OO1N3O10OO2M4M2N1O20OO1N30OO2N200MVZNkNo\1T1TcNlNk\1S1WcNmNh\1m0_cNSO`\1g0gcNYOX\1g0icNYOV\1f0lcNZOS\1f0ncNZOP\1f0f9OO1O11OO01000000O11M101O1O1O101M20OY[NSO]Z1m0eeNSOZZ1n0feNROWZ1o0keNQOSZ1o0oeNQOPZ1o0QfNQOmY1P1a:001O00O11OO01O1O1O010N1001O1000Z\NmN_X1T1bgNlN^X1S1cgNmN\X1S1egNmNZX1T1Y;OO1010O00N2O1I6P]NcNWW1e1a;1O11N3N1O1M4M2O3M4L3N4K3L4M5I;Eb\2LecM00000PP>0PPB0000000PPb00oo=1f^jd0
20141009195814Mh_11,okhX2a04Ado]2OaPfN0\o10ZPlN0YP`00go_O0YSga1
20141009195814Mh_12,nSeo2214d07DKd0KZOOKO93GN;268GGVnc1N]Q^N0[ok00ePTO010kmi41lQVKO`PN4`o161OO10001O0O10000O0100O10001N2N3LUk`g0
20141009195814Mh_13,TRiV111112>2^1K^m=2UPD>J6I8I6K3J6N3N1O0O2N010O101NQOlQN6Sn1FRRNFJ9Qn11WRNEJ9nm11ZRNDK:jm11lRNMTm12PSNLol15SSNHnl17USNEll1;]1O001N11O01O00001O1O1N3Kam`f2
20141104195854Bh_1,VnhX33S24YNKK:Y1LGKPO89KL22NNN?6WOHimQ10WRnN:Wo1>I5K5M2N1O1O1OO11O000O0O2O1J6M5M2O1O10O1N2M3M3N2N2N2O1000O200N2N1O1NON20L\NdNoTN_1oj1iNjTNZ1Tk1jNhTNU1Zk1FiSN:Yl1M^SN0fl1`120I9K4O2000N3O002M2O1M4I6[Oe0M4WOcRNkN_m1R1j0M1N3O1N100OOO3N102N1N2O2O1O1O2N1O2O1M3N2N5IZPQa0
20141104195854Bh_2,Vifb223311826NO1F31LJKUmc07WR^O<L3O3M2O1O2M2M3N1O1OUOYQN>fn1A\QN`0cn1^O\QNe0on12N1O2101N3M11L3L5L3M2N3O00nNeQN?Xn1_OlQNa0Qn1^OSRNa0lm1^OVRNb0jm1[OZRNd0cn1O001O2M3M2N1N2O00O00001OO2N]SiY1
20141104195854Bh_3,VQSl02=2c007Mc06Zkk0OdRVO6\PN2ln11RQN3jm1AQSNS1kl1SOPSNo0nl1UOlRNP1Qm1VOhRNn0Um1Q1N2N1O2O2M2O2N000000O1O1O2N1O2N101QNoRNk0Sm1kNWSNT1lm1O2O0O00<E<C1O1O1O3M001O0O100O1000O1001O00O100O10O01000O101N1O1O1O001O2LXjTo2
20141104195854Bh_4,a]_d21=4M39I75;6ROHjnU12gPlN3N2N1O101N1oNF\RN;am1H]RN9cm1H\RN8cm1I]RN6dm1KZRN6fm1JYRN7gm1JWRN7im1IVRN8jm1IURN6lm1JSRN7mm1JQRN7nm1KPRN5Pn1MnQN4Rn1MkQN4Un1NhQN3Xn1k0O0010O1O10O1O2M4H7M3N1O2OO100000000O10000O1O1O1O10SOXNbSNg1^l1\N`SNc1al1^N^SNa1cl1_N^SN`1bl1aN]SN^1dl1bN\SN]1el1cN\SN\1dl1dN\SN[1fl1dNZSN[1gl1eNYSNY1jl1fNWSNX1jl1hNVSNV1ml1iNRSNP1Vm1QOiRNm0Zm1SOdRN4ENOFim19bRN3GLom13WRN1KKom15SRNO3Hlm1o0b0011O0O2O1O1O0O2O1N3N1N11N1O1N4mN`QN`0Ro1M2N2M3N2N2N4KTafT1
20141104195854Bh_5,_WYl12n1?YNHh0Jk0OkN=ICCOcnc13UQ^N5M2N2M2O2M2O2O0O1O1O10O100O1O1O1K5O1000O1O10O00001O010O000001O01O010O001O1O00000001O0O100N2BCRQN0Na0mn1=N3N02O1O1O2MO2O1VOQO`RNS1\m1j0N2O0001N2O0O1O1M4G9N1\OlQN[OWn1d0b0001ON3M2M400O100010O00O101O00000000000000000000O11O01O010O010O00100O0100000O001O010N11O01O000001O001O001O01O01O100O1O1O1N111M4M[gdi1
20141104195854Bh_6,miTR31;=HI8KK147MMU1OgNL31lka05dS@:F<E?A3N2N1002`NnQNm0hn1L3L2OO001020O1N1O01N11O7I1N11N3N6J1O01O002N1O3L100O11OO001O1O1N2M4KkQcj0
20141104195854Bh_7,n[^\2170N2O0136NIM52Tng02dQXO1ao1:N1N101O0O2N101N2O5K1O00100O02O1N2N1O10O01O100O2N3NO01O01O0fPNATo1e000100O1O00001O1O1O1O001O1O1O2M101O10O1O0100O2N2M5I`bW_1
20141104195854Bh_8,jZ[S2283J0=9DFd042J]O2f0NG4EO87FEN<anU2EUQlM7L2N2M2O2N1O2M2M3O1O1O10O10O1001N100O1O2O0O010N200O1O001O01O0O110O1N1O1O2N1O1O11O0O101O1N1010N100H702O0O110O000100O0O2O100O1O100O00L4M3L4000N110O1N11O0001G603M201O000100O0100001N2O1O001O0O00010OO0M402OOO200000O10001O0O1N3M2O0O02N2L3O1020O0000N2O2N101O0010000O1O10O01O1O001O010O01000O010000O1000O010O10001N1000001N2MPd``1
20141104195854Bh_9,Q[]X1462KM=NO6KMdoe00no[O3O0N2L4N2O1N101L3N1O201O0010O0JkPNBVo1<7O2N2O1O0001000O00000010O01O01O1O1O001O1M3N101O000001O0L4O2O00101N2N2N4Icd`c2
20141104195854Bh_10,VcXi04231Lg1:\N1b0HCM28h0L_1NQNLnd11P]X31XmgL6I5N1N2N3M2O2N4L2N2N10O12N0O200N20OO2O3M4L0001OO11O1N1O2N002O2M1O2N10O001O000000010O00010O001000O2O1N2XOoPN>[o1O0O1O001O0000010O01N1000100O00001O0010O0010O1O001O010O00000001O001O0000001O1O000O2O1O00001N101O01O02OO000010O0010O000010O00001O10O1O001O01O010O0001O1O00011N011N00100O00002OO01O0001O001O0O101O1N1O2N2N2MXPf0LmoYO1O2O1O01NXPNMfo11[PN0jo11O0O101N101N1O101O00001O1O1O2N000001O1O00002N002N1N^P21boM2N1O2N1O1O0O2O1O1O100O11OO10O110O0O11O0000O011OO111M2N102N0O101O002N00101M02001O010O1O7I4L0N020OO3N1KZQNlNgn1S1YQNmNin1T12N1O3L2N5K3M3M9F5LQR^3N`PQ\2
20141104195854Bh_11,eebk02c10TOb0]OBb002M12_OLh01UOOVjc30eU^L0O1O100O0100O001O010OQP:0ooE0aok00fP<0jokN0PPN0QP20noK0^Pf20coYM0PP20PPN0YPN0\o11aPN1`o1710O010O1O001O001O0000H_PN1ao1N`PN3_o1LcPN3]o1MdPN2\o1NdPN3\o1MbPN0M0ao11`PN00Nao17`PNHao17_PNIao16`PNJ`o165O100O2N1000001O0000001O000010O10OQP21ooMO11YPNO\o11bPN0`o181M[P8JloG0O010hRd21Wm[M0VTcc2
20141120195834Ch_1,m\gP12=OG160V1;iNDN07e0DG6DI0nne14kP\N2N3M1N2O1O1O1N2O1O100O1O0100O010O00100O10O01O001O010N10010O00000010O00001O010O1O001O0N2O1O1O010O000010O01N2O00100O1O1O100O10O011N1001O0100O101O1N2O01N100O2M3N1O2N2M2N2O1N2N3O0N3O0O2N100N1O2N1O2NFSRNaNnm1`17D=1O101O000001N1M4L4O001O100O1O2O0O3N001O001O1O1O6Inafe2
20141120195834Ch_2,RcXZ2282LN74l07kNFm036LTO1Qj1NgVd24hn[M4N0O2N101O0O1000001O00000000000000O100001O000000001O00010O00010O100O001000000000010O00001O001O001O002NO21N02N002OO010OO11O01O00000100O1O002NO2OO11N2O000O1000000O100O10O11O0O1000001OO101O0000000O1000000O11N10000O1000000000O11N0010O10O00010O0010O01O010O00010O000001O01O00010O0010O010O01O01O0010O01O00010O00001O001O001O001O0001O01O0001O01O0001O0000001O000000000000O1000000O100000000O010000O100O100O1O2N100O2M3N3LeXSV1
20141120195834Ch_3,WUkf11i01B>GA=1H0Unm02]QTO5_OKPQN9nn1IoPN9Qo1IkPN:So1:00000O1O1O1O2N100N2M3O1O1O1O1O100O10001O01O01O0001O000010O0010O0100O10O1000O10O100O010O1O00100O10O01O102M4M0O101O2N1O0O7J3M0000O1O2N1O2N2N3M5J:DnhZS2
20141120195834Ch_4,bXeV213Q1NPORoU20kPlM3M0O2O1O1O001O1O010O001O010O01O10O0100O1O010O0010O000010O01O01O010O00001O01O01O0010O001O01O01O00010O00001O01O01O01O0001O0001O0001O0000100O1O1O001O00001O1O0001O0O10000000000O1000001O0O10O1000000000O0100O10000O10O10O10000000000000O2O00000000000000000000000000000000000000000000000O100000000000000000O100000000O010O100000000aPNFXo1;ePNHZo1a0N0000000001O000O2O0O2N2L4EhfR\1
20141120195834Ch_5,jcXR121>3Bb1O92_N1^j1MRVn33mnQL3N3L4M8H3M5K1O1N02O000O100O1N3O0O101O0O2O001O00000010O01O002N010O001O010O1O20N101N2O1N100O2O0O1O010O01O00001O1O00001O0O2O0000001O00000000000001O01O00000001O00000000000000001O0000010O00000010O00000000001O01O001O010O1O001O001O0O1000001O00O100000O10O100O001000000000000010O01O000000001O01O000001O01O00001O01O01O01O01O01O010O00100O001O2OO10O100O0010O010O000010O00001O100O01O010O00010O1O0010O01O0010O10O1O01O00000010O01O1O001O001O001O001O001N10001O010O00010O01O01000O00010O00010O0100O010O0010O01000O00001O0001O0001O01O00010O0000100O01O01O010O1O10O10O01O01O01O00010O0000000010O00000001O01O0001O00001O01O01O00001O1O01O01O001O01O010O00001O00001O1N101O001O1N2OTXWU2
20141120195834Ch_6,VZo\2182IOl18ZNG^oS12VPnN3N1O1O1O1O1O001N1O101O00O100O00100O10001O000000010O0000000010O00001O000010O0000000000000000000000000001O000000010O0O100O2O000000001O0100O100O100O100O1O100O1O1O100O1O2N2M[e`\1
20141120195834Ch_7,`i\o11h00Uok03noUO2N2O0O2N1O2N1O1O1I7O10O1O100O1O100100O1000O010O100000O001O1O000001O000000001N101N100O2N1O101N1O1O10O10O10000000000O1000001N101O1NlUck1
20141120195834Ch_8,XhZ_22\13lNLf11nN5DOY2OaML;0VgW1=fWjN3M2O0O10010O01O01O001O0010O0100O10O01O100O011OO10001O001O00100O0O2O001O00000010OO2O010N1010O001O2N1O2N3Mg0ZO4K4kQNfN]m1o110jSNjM_j1U2\UNQNcj1n1ZUNVNgj1h1PUNbNoj1_1fTNjN\k1T1aTNPO_k1P1`TNRO`k1n0\TNUOgk1j0VTNWOgl1MUSN7Sm1X10O2O10OO2O3N0O1O0dNdRN1]m1GnRN5Rm1DXSN9il1A_SN;fl1ZObSNc0Qn1M3M1N3MooRZ1
20141120195834Ch_9,fmfP21T13[OMmne0=VP\O2M1O2O0O10000O1O2M2M3M2M4O00L4OLUOVQNi0ln151O1O100O10000000000O11O1O01O100O10O010O1O010OUOoPNOOf0Yo1O2L6L3M0O2M[Qck1
20141120195834Ch_10,eflY3573c04XOE32OO34J8onS1GjPnN2N2\NLeRNOH6am1MdRN1I3am1NeRN6CMgm1NdRN8CJim1NdRN:AIjm1NdRNj0\m1WObRNk0]m1UOcRNl0\m1UObRNn0\m1SOcRNn0\m1TOaRNo0]m1SO_RNo0bm1g001O00O1O1001O2N1O1O0000O2E_RNSNcm1l19O2O0O2C=K5M3N2N2O1N2N101M2N3N101O0O2O001O00000001O000010O010O1O010O1O001O1O00100O10000O100O010O10O01O001O1O1O2M4KdWa?
20141120195834Ch_11,khd_2220e0ON1G250I8h0MoNLm0OSOM00Tkm20cUXN0XokN000010O11001OO010PP20noM0UP20ooM0`Q<0dP]Z1
20141120195834Ch_12,^dTa0d05C2J3l10YNG;1E64LH;`0NBeik02fUVO7J3M2O1O0010000O0001O000000001N2O1O10O10001OO0100O10000011OO10001N2N109F6K1O02O4J2N3M3N30M8H5L13M13[QNZOdm1e1M1OO2N4K4L6Je0ZO5J5K6JQVSZ3
20141120195834Ch_13,ocgZ216<2D63MOH50I:2FO6Ogm[16hQfN3N1O1O1N101O1O001O1N2O001N2N2O1N2O001FVO\QNk0bn1WO]QNj0an1<O1N2N2N2O2M3N1O100O0101O0O5L000O01L4N2N2OoNWRNLhm13[RNKem14]RNLbm14^RNMam14_RNL`m15_RNKam15_RNKam16^RNKam15`RNJam16^RNJcm15]RNKcm16\RNJem15[RNKhm12XRNOkm1MURN3nm1KQRN5Pn1JoQN7Un1FhQN<[n1BbQNa0`n1^O]QNc0en1<0jN[QNo0kn1001O0N201O000001O001O00001OQOnNPSNS1ll1VOoRNi0Pm1ZOoRNe0Pm1\OSSNa0kl1BUSN=jl1DWSN;hl1FYSN9fl1G\SN8dl1H]SN7cl1I_SN5`l1LgSNMYl13iSNKWl14kSNJVl16kSNITl17nSNHQl18QTNGnk19VTNCjk1>XTN_Oik1a0XTN]Ohk1c0k100O101N1O2O2J6L][V]1
20141120195834Ch_14,ZYoW32a04DK894JC6NJi0`0ECGOML13MOO1dna11bP`N2PQN4kn1c0M3M3N1O101N100O1O011N10001O0010O002O1N2M2O1O0000O10O01O1O100O100O001O1O010mNjN[SNW1bl1nN\SNR1cl1PO\SNo0dl1SOZSNm0fl1UOYSNj0gl1XOWSNi0hl1ZOTSNg0ll1\OmRNh0Tm1Q11O1O1O0000010O0010000O2O0O1000fNkMhTNT2Xk1QNeTNm1\k1UNcTNj1]k1XNaTNh1_k1YN_TNg1bk1ZNVTNm1jk1TNQTNP2ok1PNoSNQ2Rl1PNiSNT2Xl1lMeSNV2\l1f0001N101O1N1O2N2O1N2O`UNnLUh1P3lWNPMUh15fUN[2V2`Mbh1_2_WNaMbh1]2a2O001OM2O1O20O10001O1N3N1O3M1O1O1O2N1N10000O101O1SOSRNEPn17WRNDjm1;ZRN@jm1;\RN_Ohm1=[1^OjQX11dnkN0ob\=
20141120195834Ch_15,gb_i2131991HMNH33NM;kne0HfP\O:K4M2O2O0O101N101N2O2O0O1N101N2N2L4M3M3LaNdQNa1Xn15N3O0000000000O1000000O100N2K5O1N2oN_QNc0`n1^OaQN?an1;^QNjNdn1S15ZOWQN6jn1JVQN4kn1LVQN3kn1KWQN4jn1JYQN4gn1L[QN3fn1K[QN4fn1L[QN3fn1K[QN3hn1J\QN1b[bR1
20141220201934Ch_1,ooVl03=4`0OXO4OGm2>VM7ej_1]OnTbN6L1O2N1N110O001O01O010O0100O01O010O001O001000O10O10O10O1001O00001O1O1O1O10O010O100O100001OO110O00001O001000O001[TNAfg1a0TXNClg1=QXNFPh1:lWNGVh1;fWNF[h1:cWNH]h1;]WNGdh1:ZWNDih1=TWNDmh1=QWNCQi1<nVNDSi1=kVNCUi1>jVNBVi1?hVNAYi1`0fVN@[i1`0cVNA_i1>`VNBai1>]VNCei1;]VNCdi1=\VNBgi1;YVNEii1:VVNFli18UVNHli17SVNJni15QVNKQj14nUNMRj13mUNMUj14hUNMXj13fUNM]j13aUNKcj15ZUNKij15TUNLmj14QUNLRk15jTNKYk16dTNJ]k17`TNIck16[TNKfk15XTNKjk16RTNLok14nSNMTl13aSN7al1HZSN;hl1FTSN;ol1EoRN;Rm1FkRN:Wm1GgRN8\m1I`RN7cm1KYRN4jm1m04M4K4K6M3L4M3M3M3M3L5K5I_knj2
20141220201934Ch_2,ZXSo0`0?CF23N?NG8LHH6ToQ1LePPO4J5M3N2O100O1O0100O002N000000O00O2O010O1O1O0010O001O0N3M2000000100O1O1O0000O010N110O1O001N10010O01O1O1O2O0N20001OO11O0001O1O00000001OO2O000000000O1O001O0001O2N2M3N3LTgbj2
20141220201934Ch_3,mmjQ13<3YPP1NVoQO4M0O10000000001O000O10000O10O10O1000000000000O1O00100O0010N110O1O100O010O10O100O10O01O010O01O010O00100O10O01000000O1000000O10O1O010O000O2O0O2N101O10O100N2O2M2O2LkQQh2
20141220201934Ch_4,_e`[1134Y2LfM032X1Nnj?;XSB4L2O1O101OO101O1O5K00O10O100O01O1O100O2N2VRNJcNGhl1?aTN;_k1E^TN=ck1CnSNj0Tl1UOcSNS1_l1mN[SNY1dl1jNTSN\1ll1m0OO1fNSSN^Ool13eSNE^l17iSNB]l1:i1J5IaXga2
20141220201934Ch_5,ml`X353LN1<b0D=Yoa0Bbo_OBZQNf0Rn1DjQNi0Tn1b0O1O0001O2K4N3G9K4O2O0000O000O0O2001O010O1O2N1O101O106J2N00O10O0000000O1N5GZR[d0
20141220201934Ch_6,lRcj11872JN0:0F7l0O_l;3PRF2^PNHUo1g0L2M3M2O101O3L;F4L5L6J4MUN`RNX1_m1dNdRNl1am1O0O0_NSRNo0mm1oN`RNc0em1VOcRNe0_n1J5L3Nej`S2
20141220201934Ch_7,g^T`11>1a09^OI360Ldk1KRUb22fn]M1O2N2O1O000O2O001N10001N1O2N2O0O2O001N1000000O100O1L4O10000000O1000000O2O00000O10000O100O1O1O100000000O100001O0000001O000000010O00000010O10O01O1O100O000010O01O010O01O001O001O001O1O01O00010O0100TQNYO]n1h0_QN]O_n1d0_QN]Obn1d0[QN^Odn1P100O0001O1O1O1O001N101N2O1O1O1N2N2M2O2O001N2O001N10000010O00101N101N1O011N2O2M2N2N100O100O00010O1O01O01O01O1O10O01O002O1N5L1N101N100O100O10000000O0010O00010O00001O001O01O01O001O1O001O00001N101O1N2O1MU^cP2
20141220201934Ch_8,mohc21<7h1IYN1kl;6_RF4M2N3O2M4M7I1M2O2N3L204N04MN25NK12L4K3L2N5J6J7G]mXZ1
20141220201934Ch_9,nSY\21;g0J[OToQ10bPPO2O1O6K1O1N101O001O0010O010O1O2O0O01O01O010O6J01O1O0010O0100O010O010O0001O01O01O00001O00000000O10000O10000O1000O10000O10000O10O01O0010O010O001N1M4M2M4M2O0011O001N2O1N3JaPNH`o15PlX]1
20141220201934Ch_10,Y^V_12b04AN78O1OO^1GhN1L3ii1JZW^35\naL2N01O1O010000`PNJVo15;0aPNKSo15nPNKQo14PQNLon15QQNLnn14SQNKmn14TQNMkn12WQNNhn11ZQNOen11[QNOdn11^QNOan11_QNOan11`QNN_n12bQNO]n11cQNO]n11cQNO]n11cQNO\n11eQNO[n11eQNOZn11gQNOUo1O100000oo10QPN000oo10UoM0hQN0Xn10l0000kPN0Zn10fQN0Zn10k00jPN0\n10dQN0\n10cQN1]n1ObQN1Vo11000O1000O10O101O000000QP20ooM000010O01O0001O00QP20ooM000[O0f00dPN0[o1000\O0eP2000ooM0gP80[oK0noK00010O10O11O00012Zok0MgPVO0ooM0gPN1_n1O`QN1bn1O]QN1Yo10[OOZQN1hn1OWQN1in1OWQN1jn1OTQN2ln1NTQN1^o100010O10010O01O01N20O1O20ON20O0000000O0010OQP40PPN0ooM0PO0PRN0Qn10o00PQN0Qn10nQN0Qo10RO1o00kPNOXn15k0NgPNMdn11\QNOcn13[QNMfn13ZQNMhn11WQNOjn11VQNOjn11UQNOln11TQNOln11TQNOkn12b000OcPNOkn11c00bPNOkn11UQN0jn10WQNOjn11UQNOkn11UQNOln10TQN0ln11SQN0mn1OSQN1mn10RQN1mn1OTQN0mn1OSQN2ln1OSQN1mn1OSQN1nn1OQQN1Po1OoPN2Po1NPQN2Po1OoPN2Qo1MoPN4Po1LPQN5on1LoPN5Qo1KoPN7on1JPQN7on1JoPN8Po1IoPN:nn1GoPN=on1=N2M2N011OO01000O002OO10O2O00000O11N101O1O11POXQNd0Qo12N1O1000O1000O0101O00000O10O1O011N00002N1O001O00010O0001QOWQNe0in1YOZQNf0Qo10O02N001O1O00001O00010O001O001O0O3N1N2N2NV\ok1
20141220201934Ch_11,X[ed11g01ZO2103OM2]oi0NWPXO8L4N1O2N2E_OTQNc0in1@WQN`0gn1AZQN?en1A[QNa0cn1_O]QNd0`n1]O_QNd0`n1\O`QNd0an1\O]QNe0dn1;1jNXQNR1hn1nNYQNQ1gn14001O00001O1O2N00000O00100O1O1O1O1O1000000O001O10001N100O2N100O11O0O1000O10000BfPN6Zo1JfPN5\o1JePN3fo1LQdhV2
20141220201934Ch_12,TVeY2162j07gm=JTQD4L5L3N1N2011M2O0O2OO101N010O001O01N101O000O10000O001O1O1O1O10O0001O1OZhdc1
20141220201934Ch_13,hY[d112758j0BTO1P1N[mQ1:SQPO7`PN_OUo1<SQNDkn1:?OkPNGen18b0O2N20O1O0001O001NRQ:MRoE00000000000ln30SQL1O11O001OdN3X13N2M2O1]QNE`m1;R101000YQNEgm1>VRNCjm1>TRNBmm1?RRN@nm1a0RRN_Onm1b0g00YQN^OPn1c0f00YQN]OQn1d0kQN^OWn1`0jQN@Vn1`0jQN@Vn1`0jQN@Vn1b0iQN]OWn1c0c01O5K2N1O00010O00EQQNFnn1:SQNEnn1:RQNEPo1:oPNGRo1c02]OmPN5Uo1GnPN7_o1LodnU2
20141220201934Ch_14,\_ff11n03@3<LYON[nS20jQPN0foM0:0H1O2M2N002N0000000O10N1J70Xoi00hPVO001O000100O01O01O010O01O01O0010O010\_QT2
20141220201934Ch_15,XPQl0211Q15]O8:A[O3a0O]OO7143eka11fS`N2MJ^PN2ao1LePN1Zo1OgPN1Xo1OjPN0Uo10k00inc10jP\N0000000QP2000PPN000aPN0mn10SQN0mn10SQN0mn10b00aPN0mn10c00O0RP20XP<0foA0f00in70aPH0O000QP20PPN10O10RP2000UP60klhl2
20141222201814Mh_1,QPSf12o1`0YN_Of0;SOH4MUlW15^SjN4M2O1N3N1O100O1001O000O2O00000O100O101OO11O00O100O0100O01O010O1O10O0100O2O00000O110O000010O0100O01000O01O001O000000O1000O100O100000O0100O1O010O01000000O102N002N2O0O1O010O01O1O00001O000001O0000O1O2N1N2O3KWlVR2
20141222201814Mh_2,PjfQ3111g0;PPd0GRo]O3M200O1O000N3O1M3O1N100O101N2O1O01O000O2N101N101O010OO01O110O01OO10O010N2O1O10000000O100O1O2O1N2N3MfU_j0
20141222201814Mh_3,bZS\21]13C1Sne0LfP\O:J3N100010OO1O1010O001O01O0O101N3N1N2O0O2M2N3N2O2M3M2N1O2M2N2O0ON3J501000M3N2N2002N10000O1O1O1O2L4L6I=Cedl_1
20141222201814Mh_4,h]PW22846474@D>1_ONcl10WTb26ao[M3dn1OYQN4dn11UQN5hn1c0O1O1O000001O1N101N2SOTQNd0mn1YOVQNf0Ro101O10O01O1O001N1O101N2O01cPNAXo1>gPNCYo1c000O0010O010O10000O1O2O000O2OO01O010O0010O010O00001O00001O001O1O010O001O10O1O00010O001O0O2O00001O00102M2N2O1O2NYPN0\o1=M3M1O1O1N2N1O2N1O2N100O2O0O1O2O001O001O100O00010O000000O2O000O1O100O1O100O2O1O0O2O00000O10001O00001N101O000000001N101L30001O01O101N011OO01O01O001O010O10O002O2M1O2N1O1O1O1O1O1O001O001O1O01O001O00000000O100000O10O01O001N2N101M201M3N2O1O1O1O2O000O101O1O1N2O0O3M102LV_gX1
20141222201814Mh_5,lkT]21h02ANoo;:\oE1O2L2G:M300N2O0N20O001OO2L32N101J7M3N2N2N2O1N1MhSm`1
20141222201814Mh_6,cgZi21S10TO0L0hn?6lPB4N1O1O001N3O2M3N1O1001OOO1010O0002N1N2O1N1O1000O2N100O10O101N2N1O2O0O2N2MlViS1
20141222201814Mh_7,ReRi21`03A1=Oa0Og0Nnjc0<hT\O2[l11bSN5Yl1NdSNHQOIZm1a0cSNDWOJUm1d0cSNAYOJTm1f0cSN_OZOJTm1g0bSN^OZOKTm1g0cSN]OZOLSm1g0cSN[Onl1e0QSN\Ool1c0QSN]Ool1e0PSN[Onl1h0PSNYOnl1W1URNiN:N;N[l1f1XSN^N<LZl1h1ZSN[N;OZl1e1]SN[N90[l1c1^SN]N70[l1`1`SN`N50]l1\1aSNcN21bl1U1aSNiNK2ll1j0]SNTOE3Qm1a0RTN_OQl14hSNIQO3]o101OBNoPN1Qo1OQQN0nn10SQN0ln11TQN0jn10WQN1gn10XQN1in1NWQN1kn1OSQN1on1OoPN2Ro1MmPN3Uo1MjPN2bo100NgVkS1
20141222201814Mh_8,kkll03`00e01Xm?O^QB8J2aPNHRo1e0N1O2O018JOOO1O1N5K001N2O1N2N1O1O010O1N101N101O100O1O1000O010O01000O010001N[SQP3
20141222201814Mh_9,VP]Y3110112On03[O5GHnm9b0[QH1O4M9F5K5Ka0@1O001O7I0O1N10^NYRNk0hm1PO_RN0L7hm1BZSN;Xn1M3L^mRe0
20141222201814Mh_10,emRm11;4ILO45M35Toi00YPXO1O1O100O100O10O010O0100000000O001000010N2O1O001O000000O100001O000O2N1O10O010N1N201O00000O1000O2N2I610O0100O1O2N1O1O2M4HTRYn1
20141222201814Mh_11,Yh\l0214V10a0g0[NTOe07PnQ1JjPPOOkPN5on1KbQ41XnMOkPN00000O4MN01lPNMYn14i01kPNK]n16aQNK_n15`QNKan15^QNKdn13]QNLdn14[QNLfn14XQNMin12WQNMkn13SQNNnn11RQNOon11PQN0Po10PQNOQo11nPN0Ro10mPN0Uo1OkPN1Uo1OkPN1Rm14jRNMZ1MjN3Qm1f0mSNXORO1Pm1n0hSNQOXO2nl1Q1gSNnN[O0nl1U1dSNlN^OOkl1Y1fSNgN_O0jl1[1gSNeN_OOhl1`1hSNaN@Nhl1a1iSNbN]OMjl1a1kSNiNWl1o0RTNnNok1n0d1O01L3O1O01M3K6M201N100O10O10O000O2O100010O101N1000000001N1O3K5GkVkm2
20150105104334Ch_1,\YQU2223;MK1I1:NH0g0OI7LKLNmka05aS@4M2N2O001000O10N100O1000O2000]RNG\k1;]TNKak18dSNEWOKN;Xm17_SN`0`l1A_SN?bl1@]SNa0cl1@\SN`0el1_ORSN\OCZ1\m1[OjRNm0Wm1j05N21N100O1O00_OeRN]N[m1c1fRN\NZm1b1iRN]NWm1S1jRNeN54Rm1U1T1M2O1N2M4^O\QNEhn15Pfhg1
20150105104334Ch_2,P^PQ21374JN1=6CI14<N=0ROOdlm12VSTN1M3O0O2O0O20O0000000000O100000001O001O00001O1O010O001O1O1O011N00100O010O10O1O10O01O00100O100O100000O01000O10O10O0100O010O100O10O10O010000O010O1000O1000001OO10O100O10O1YQNCim1=VRNEjm1;URNFkm1:TRNFmm1:PRNHRn17lQNJVn14iQNMXn15_QN1bn1f01N101O1O000O10001O001N2N102N1O2M1O2O1N1O2N1000N200O2O0001O011O000000O01000103L0002NO11O0O100O11N100O010O100O1O2N1O2N0O3LY^_c1
20150105104334Ch_3,Zdhi011289MLMJ?5O3IKIMVm?0XRBb0K2O1N5L13K7J1:E9F8H9H2O001N1O0O3N000O00aNPRNo0nm1QOSRNo0mm1ROQRNK;=em1LcRN3]m1LeRN3\m1LjRNNVm11mRNMTm12mRNMTm11mRNNUm1NnRN3Rm1GSSN:Zn10O10O2N3KdX]S3
20150105104334Ch_4,bXmR12:2K2c0M:O71nmc0OcP^O6L3O1O0O1N3K4M3O1L4N2M3L4ZOnN[RNU1cm1oNYRNR1gm1QOoQNW1Rm1cNgSNi1Xl1ZNXSNJJ4Li1Sm1ZNRSNV2ml1>0O2N2M3N2O1N2O2N2N3N2M3QNYRNa1Vn1K4M1N101N3O2O3M0100C<N3M2O1O1O10VOXRN\Ogm1FnQN?f0Hnn1N4IbdTi2
20150105104334Ch_5,jnfb12i08:IN200^O29L`1NRlU19YQlN5L4K4I7CSO\QNV1`n18J4N3N1N2nNYNlSNf1Ul1`NdSN\1_l1PORSNh0Xm1n02H701O02N1101N1oNeRN]O[m1<W1O1O100001O1OO20O1N3M2L5K4M3MI9N2N2O2M2OH8N3O2O1000001O001O0100YObQNJ_n13gQNJZn14jQNHXn17h01001O000002N2N0O10O1O1O001O2N101O000000001O1O2NlolV2
20150105104334Ch_6,aiZ`014818onm0CgPTO4L5L1O00001O02C^PN9eo1O10O000100O10O10O000000010O000001O02N0000000000O100O2O0000000O010N2O1O100O101O0001BcPN7^o1GdPN8bo1000O1000000000O100000000000000O2O1N2NjUYZ3
20150105104334Ch_7,eVma06:<M6MBb03[OG711c03o0Rnm0cNWQTO3L4M2N3M1N2O1O1O0010O10000O0001N1O3N10100011M1O00O1O010O1O000O1N1O20N01010O`MWOjUNk0gi16fUNKTj1?mTN`NG]1Yk1j2001O10001XLgTNg2Yk1PMUUNk2lj1nL`UNl2mk1M4L4L6K3L3M4L1O2N1O1O1N3O0O0001N100010bNWRNc0jm1XO]RNd0im1SORSN4]bfX3
20150105104334Ch_8,gUiU3187MJO7nno0JkPRO0O20O01O0000010O00001O00001O0000100O1O100O001O01O01O01O01000O10000O100O1O10O010O0010O1O10O00010O0000000O101O0000O01000O0100O01000O10O01O10O01O010O010O1O01O00101M201Nkinc0
20150105104334Ch_9,lT[Z21`00C1O50KQoQ10QQnN2ao1O^PN2bo1O\PN3co15000000000000001O000000010O002N2N0010O00001O00000010O0000000001O000001O00001O000000O100010O01O001O0001O0001O0001O01O10O100O00010O0001O01O00001O000000001N3MZj`_1
20150105104334Ch_10,aYYi21e08AHL1g00Zo93eoG4N1O1K5O2`NFlRNf0Tm1\OfRNh0Zm1YOcRNi0]m1ZO`RNe0bm1_OYRN>mm1CnQN<Wn1b04M5J5K4L5J;G6E]eTU1
20150105104334Ch_11,diXQ11:38OE0L`0:_OJ5KK;2knc04^P^O3N2O1N100O1N20O01N0100O0O1O10O2O1OOM3O201O100O010OO1N20OHlPNHRo1:74N10O11N1K5O10O11O1O01O2N2CmPNIVo13VVWk2
20150105104334Ch_12,lPiR2163N1<0FM`oo0OYPRO0O200O1O00000O1O1O100O10000001O001O0000O01000O100O01000O00100O010O01O010O01O010O001O010O010O000000100O1O1O10N1O100O10010O01O0010O010M3O1O1O1O1Onndg1
20150105104334Ch_13,PRkm0e0;AM2MM>Memo00dQRO3N2O0O10000O010O010O10O01O1O1O1O01M201O010O010O0100001O01O0001O000001N110O1O2O0O10O01O0O1O1O4M1O2N1O100010O10O0O10O106J7I000003M3L2OO110O1O2OO01O00000O10O01O1O1N2O2MQllk2
20150124081954Uh_1,lkje11Z25fNMU22nL1_lc2NXQ^MNTTN7gk1NTTN7hk1JWTN8gk1JUTN;gk1HVTN<fk1GWTN>dk1D[TN>ck1DZTN?ck1C\TN`0ak1A_TN`0^k1BaTN`0]k1AcTNa0[k1_OdTNd0Yk1]OgTNd0Xk1\OhTNf0Uk1[OlTNf0Rk1YOPUNh0nj1XORUNi0mj1WOeUN:Yj1EjUN<Rj1DoUN<Pj1DQVN<oi1CTVN<oi1^OUVNa0ni1ZOSVNe0Qj1VOSVNi0ni1SOUVNl0bl1M0100100O0O10O10O2O2N2N0O2O000O00100O001O100O1O001O1O001O001O01O000001OO2O00001O1O00010O00001O0000010O01O01O01O001O01O01O0001O01O010O00010O01O01O0000001O0010O00001O01O01O01O00000000O1000000O100O100O1O010O100O100O10000000000000000O11N100O10O10O100O1000O01000O010O1O01000O010O0100O10O01O010O01O000010OO11OO110N10001M2J7M200O100O11O000000001N101O1O1M3O1O1O1O100N3N3M3M6HfoXj1
20150124081954Uh_2,Xf`X31351L90`07UOH;5_mg06fQZO3N1N20O0N2O2O0100O101O1O2N1O100O0010100O001N100000O10000010O001O00O101O00001N20O101N10O1O10O1O01O1N2O2M2N3M3M2MaWUc0
20150124081954Uh_3,gnle11c00^O1:Oj13[N2Zla2KZS^M0VP:0SP80loG1ioGON0010OQP20QP20Xo;0gP@1O10N10O000PP20PPN0PP20PPN000UPX10jogN0000000000001O0010O1O01O0100O00010O000010O010O0QP20PP20PP20PPL0ooM0noU10QPjN001O0100O010O1000000000O1001OPP20PPN000ePN0fn10YQ20gN0YQL0hn10d00oo10QPN0O010O0PP40`P>0[oK0QoK2RQFN20R10kM0R1011TQNOhm11XRNOim10WRN0ln10jnXk1
20150124081954Uh_4,SUWj11;4h1OPO1ROO^10kNNCO_li04YSXO5L3M10000O10O10O2O0O2N2N3M5L3L4L3M;C5QO]NVSNk1el1k0N3M3N2N7I3L5dSNhLgk1k3M3LjM^TN3`k1HjTN4Tk1KRUN2mj1J\UN3aj1\O]VN8ci1GcVN5\i1LfVN2Xi1OjVN0Ui10mVNNSi11PWNNPi1DaWN8`h1FeWN7[h1HjWN3Wh1KPXNNSh1OQ4M6JkiPR2
20150124081954Uh_5,XPgP13c0N_15VOMP21`M69O:MjN0MLhlY18jSfN1nm15mQN2lm1V1dM`NnUNd1li1gNkUN]1Rj1hNiUN\1Sj1iNeUN\1Yj1jN`UNZ1\j1mN\UNX1_j1oN\UNR1cj1TOXUNm0fj1[OPUNh0Pk1T20O1dNXUN`Mij1]2fUNVM[j1h2nUNlLXj1f0iTN[1cl1`NiSNW1Yl1hNnSNP1Tl1oNRTNk0ok1TOYTNc0ik1\O]TN>dk1B^TN9dk1H]TN5ek1J]TN3ek1L]TN0fk1O]TNInh1MPXN:oi1InUN8Pj1KoUN4Qj1NmUN3Rj1OmUN1Qj12nUNMQj16mUNKSj16lUNITj19jUNHUj1:iUNGVj1<hUNDWj1?gUNAWj1f0dUNZO\j1i0aUNXO^j1l0^UNTObj1o0[UNROdj1P1ZUNPOfj1S1WUNmNij1T1VUNlNjj1V1RUNlNnj1U1PUNkNQk1V1lTNlNUk1T1iTNlNXk1T1gTNlN[k1S1eTNmN\k1R1cTNnNak1l0bTNTO`k1i0aTNWOak1g0^TNZOdk1e0YTN]Oik1a0VTN_Olk1`0STN@nk1b0nSN^OVl1a0hSN_O\l1a0`SN]Ofl1c0VSN\Ool1f0iRN[O[m1c13K4M4L4I7K6J7K4M3K4N1N3N0O2N2O1O3M3M3Jmkdh2
20150124081954Uh_6,oPmm21<13OD0078KVng0O[QZO3N2O1O1N2O1O0010O010O010O100001O1N1O101N3N0O1000000000000000O10000001O1O1O0O10O01O0001O001O1O10O00O2]OgPN=^o100OLDePN<]o1DbPN;^o131O1O001N3N2Mkm\m0
20150124081954Uh_7,eV[j11Z23jMNa13jk_1LdRbN2M1OO080H0O0O10UP40QPL0L1[PN2To1MePN020io10_m50^RJ1jPNOom16bRNMhn1O0N`fdR2
20150124081954Uh_8,kXSU21142M10f0O\ok02ZoUO0fPN5Wo1MhPN5Vo1LgPN8Wo19O100O10000O100O100O100O01DoPNIPo16UQNGkn19WQNDin1=<010O1O1O1O1O010000001N3N01N100O10000O100O100O0001O01O001O0100O010O010O01O1O1O1M2010O01O100O100O2Nkfde1
20150124081954Uh_9,Ukd^11YPZ10eogN4M1O1N101O001O010O0100O1O001O0001O01O00000100O001O01O001O0000000000001O0000000000O100000000000000O100000O0100O10O01000O010O010O10O01000O010000O100000000O100000O0100000000000O010000001OO01000000O100000000000O2OeT]Y2
20150124081954Uh_10,_QoR1177f00XOJa0Olmg05\QZON0O0O100OTP60onK1lQL3mm1LVRN4on1MeNOY110000O10000000001N101O1O3M2N2O1OM4K4MWQd0NQo[O0O0O1YP>OfoA21OO5dkbh2
20150124081954Uh_11,QYcU21f00\O1kom0OQPTO010O010oo1000[fjh1
20150124081954Uh_12,^ijZ1Y1<mN\3LT1Ob`1X1nZNmN\3LT1Ob`11a\f49dmYK4L3N2NBfPN9Xo1GlPN7Ro1JoPN5Qo1KPQN5nn1KSQN6kn1KVQN4in1MWQN3in1MXQN3fn1NZQN3en1N[QN1en1O[QN1en10[QNOen12ZQNNfn13YQNMgn13YQNMgn14XQNLhn14XQNLhn14YQNKgn15YQNKgn16XQNJhn16XQNKhn14XQNLhn14YQNKgn16YQNIgn17YQNJgn15ZQNJfn16ZQNJfn17YQNIhn16XQNJin16VQNJjn16VQNJjn16VQNJkn15UQNKln14TQNLln14TQNLln14TQNLln15SQNKmn15SQNKnn14RQNLnn14RQNMmn13SQNMmn13SQNMmn12TQNNln12TQNOkn11UQNOjn12VQNNjn12VQNNkn11UQN0jn10VQN0jn10VQN0jn1OWQN1in1OWQN1in1OWQN1in1OVQN2jn1MWQN3in1MWQN2jn1MWQN3in1MVQN4jn1KWQN5hn1LXQN3in1MVQN4jn1KWQN4jn1LUQN5kn1JVQN6jn1JUQN6kn1KUQN5kn1JUQN6ln1JTQN6kn1KUQN5kn1JUQN7kn1IUQN6ln1JTQN6ln1JSQN6nn1JRQN6nn1JRQN6nn1JRQN6nn1JRQN5on1KPQNOWo11iPNOWo11iPNNXo12hPNMYo12gPNOYo11gPNOYo11gPNOYo11gPNOYo11gPN0Xo10hPN1Wo1OiPN1Vo1OjPN4To1LlPN4To1LlPN4To1LlPN6Ro1JoPN5Qo1KnPN7Qo1HPQN5JIUo12QQN9on1GQQN:nn1FRQN:on1DRQN=mn1CSQN=mn1CSQN=mn1CSQN=mn1CSQN=mn1CSQN=mn1CRQN>on1BPQN>Qo1710002M102N1O1O001O1O000O2OlSNEch1:\WNIdh16[WNMdh11\WN0fh1MZWN4gh1I[WN8Vl110O10O101O1N2N2N1O2M3MAoPN3on1LTQN4jn1J[QN5cn1J_QN7_n1FfQN:Ro1N10O002O1N0010O1O10OO2000O04LiNKdRN4[m1LeRN3\m1MeRN2[m10cRN0]m12aRNN^m13bRNM_m14_RNLbm14]RNLdm15ZRNKgm13YRNNfm13ZRNMgm13YRNLhm14WRNKkm14TRNMlm13TRNMlm12URNMmm12RRNOom10QRN0Pn10oQNOSn11lQNNUn14hQNMZn12eQNM\n13dQNM\n13cQNM_n12`QNNan11`QNNan12^QNNcn12\QNNen11[QN0en10[QNOen12ZQNNhn12VQNNjn12VQNNkn12TQNOln11SQNOmn11SQNOnn11QQNOon11QQNOPo11oPNOQo11PQNNPo12PQNOPo10PQN0Po10PQN0Qo10nPN1Qo1NQQN1on1OQQN1on1OQQN1on1ORQN1mn1OTQN0ln10TQN1kn1OUQN1kn1OVQN0]o10010O000000QP20ooM010O000000010O000010O000010O0010O0010O001^OOSQN1^o100000001O00@0PQN1`o1O00@0PQN1on1ORQN0nn10RQN0nn11QQNOon11QQNOon11QQNOon11QQNOon11QQNOon10RQN0mn11SQNOmn11SQNOmn11SQNOmn10TQN0kn11UQNOkn10VQN0jn10VQN0]o10O10000000000000000000000000O1000O10OZO0^QN0bn10]QN1cn1O]QN1cn1O]QN1cn1O\QN1dn1O]QN1cn1O\QN2dn1N\QN2dn1N[QN3dn1M]QN2dn1N\QN2cn1N]QN3cn1M]QN3Xo1O01[OM]QN2Yo10ZON]QN3cn1M]QN2Xo1010[ON[QN2en1O[QN0fn1OZQN2en1OZQN1fn1O[QN1en1O[QN0en10[QN0dn11\QN0cn10]QN0bn11_QNNbn12]QNNbn12_QNNan13^QNNan11aQNN_n13`QNM`n12aQNO]n12cQNM]n14dQNLYn14iQNLVo1O000010N011oo1OQPN000O2N01000QONQRN2Pn1NmQN4Sn1MlQN2Un1OjQN2Vn1NiQN1Xn10gQN1Xn10hQNNZn12dQN0[n12cQNM^n16_QNKan17\QNIdn1=TQNEln1g01N2N2N2G9K5NWTj4IShT`1
20150430082014Th_1,b`Vi222310N29KN10>LCl03]OLE0232Ngng05gPZO5mLGZVN;di1GZVN:ei1IXVN8hi1HWVN8ji1ITVN6ni1JQVN6Pj1KoUN4Rj1MkUN3Xj1MfUN2]j1NaUN2`j1O^UN2cj1OZUN2fj10WUN1ij11UUN0jj13SUNMmj15PUNKQk18mTNEVk1=gTNA\k1`0cTN_O_k1a0`TN^Odk1?\TN@fk1>[TNAgk1>WTNEjk19UTNGlk19STNDQl1<nSNDSl1<lSNCVl1=hSNDZl1=cSNC`l1;^SNFel1:WSNGkl1=nRNCUm1=hRNDZm1<dRND\m1>bRNA`m1?^RNAcm1a0[RN_Ofm1c0VRN^Ojm1d0RRN^OPn1a0nQN_OUn1U13M3L2O0000O02M6H;D8Jj\gR1
20150430082014Th_2,bXYo04?MH85H32^m1N[S\20fncM101N100CMlPN4So1OjPN2Uo1OkPN1So12kPNOTo12kPNOSo1`0000000O100000O10000000000O2O001O000O1000001O00000000O100O100000000000001O0O1001O0000000O10000000001O0AePN9[o1FgPN9Zo1DhPN<^o1000001O00000001O0O100O1O2O000000O1000000000000O10O10001aPNBZo1>fPNBYo1d0O000000000mPN[Okn1e0TQN]Okn1d0RQN^Onn1j001O000O100000000O1O100O1O010O1O1O100000O0100000000O10O100000000O010_OYQNIgn16ZQNJfn16ZQNJfn16ZQNIgn18XQNHhn1h0O10000000O10000000O10000000O2O0QOWQNg0in1XOYQNg0hn1WOYQNi0gn1VO[QNi0nn101O2N001O0O2O001O000O2O001O1N10000O100O101N100O10000O10000O10000O100O10001N101N1O^fda2
20150430082014Th_3,dhba11n01@OZng03TQZO1N102WPNN`o1901O01O000O11O010O10O10O01O10O01O1O100O100O100O10000O10O10001O002M010000O10O000001O1O1O1O1O2LVV_Z2
20150430082014Th_4,WXkh01=3I407K=2^OOGll10WUN0on]31hncL3O0N20001N100000001O000000000000000000000000001O0000000000000000000000000O010O1O1O1N110O100O100O01000O100O10OO2O100N110O1O01O01O01O1L400O1000VOBRRN=nm1EQRNO\O6cn1LQRNK^O8an1OVRNOjm12WRNMim13XRNKgm17P100100O01000O0100I]PN0co10^PN0Uo1MTQN3HNSo13SQNNKOQo16RQNKMOPo15mPNL202NPo15oPN12Jon14PQN21Jnn13TQN1OKnn13TQN1OLmn11cQNO]n11cQNO^n10bQN0]n11cQNO]n10dQN0\n10dQN0\n10dQN0\n10cQN0^n10bQN0^n10bQN0^n10bQN0Wo1000O1YOO_QN0bn10^QN0bn11]QNOdn10\QN0dn10[QN1en1O[QN1Zo1000\OOYQN1gn1OYQN1gn1OYQN1gn1OYQN1gn1OYQN1fn1O[QN1en1O[QN1Zo100000ZOO]QN1cn1O]QN1cn1O]QN1cn1O]QN1cn1O^QN0bn10^QN0Yo1000YO0^QN0bn10^QN0bn10^QN0bn10^QN0bn10]QN0dn10\QN0dn10\QN0dn10\QN0dn10\QN0dn10\QN0dn11[QNOen11lPNO90kn11kPN19Nln12hPN2<Lln18TQNHln18TQNHmn17SQNIPo15oPNKRo14nPNLRo14nPNMRo12nPNNRo12oPNMQo13oPNMQo12PQNNPo12PQNNPo11QQNOon10SQN0ln10TQN0ln10TQN0ln10TQN0ln10SQN1mn1OSQN0nn10RQN0nn10RQN0nn10RQN0nn10RQN0nn10RQN1mn1ORQN2nn1NRQN3]o1001^OLWQN0ln10TQN0kn30[QL0`n10`QN0]O1mn1OfQN7Yn1IgQN7Yn1IgQN5[OKmn10hQN4[n1MfQN0\n10lQNOmm11Q10000O10O100TQNOim11WRNOhm11YRNOgm10ZRN0em11U1O00WQN0dm10\RN0cm10^RN0in10000000O01000000000oo10QPN00000oo10QPN0_O0RQN0mn11SQNOmn11SQNOmn11RQNOXn10PRN0H0Xn10`RN0hn10000000O1hNOaRN0`m10`RN0`m10`RN0`m10`RN0hn10000000O100QOOoQN1Pn11oQNNQn13oQNMPn15oQNKPn16PRNJUn12jQNNXn12fQNN[n11eQNO[n12dQNN]n11bQNO_n12`QNNan11_QNObn11]QNOdn10\QN0dn10[QN0gn10XQN0\o1000O010oo10000000PP2000QPL0VfXb2
20150430082014Th_5,an^a033N1:06NC030J0k00D>BES1MmN21O7f04IL@O1MNKahW18SWjN7J3N2N001O10O010O10001OO11O0O200O1O00O2N2O0O2O1N12N01O1N2O100O1O3O0O010O02M2O0O01O1000O11N02N1O2N10O101N001O2OO1O110OO4N3K3M3M5L6J3O00OjQNbNgm1U2H2N2N2M1OO1O1O1N2N2M4K7H4L9H;D=D4L3N3L4ITkdW3
20150430082014Th_6,[lnZ319515M1MHdoe01mo[O7N1O100O001O0000000100O1O1O10O01O001O0010O01000O1O010N101CDSQN>ln1<MVOQQNi0nn1XORQNg0nn1[OPQNf0Po1400001O1O1O001N2N2O1O1J7N1O2M[SWa0
20150430082014Th_7,j[gg21488LKMd06]OLIO<0mno03_PRO2N1N3N1O1N101N2N1O1O100000000100O10000O010O1O100O1O1O2O0N200O01000O1000O10O01O01OO1000O0100O11O0O0100O1M2N3O1O10O1O1O001O0000010O001N3N2O1N3M3LfcfR1
20150430082014Th_8,Q]og2153a0M\O0joY10XPN0eaVT1
20150430082014Th_9,XiR\1110?1L0Poc06ZP^O5L100O100O2O0O10001O10O011N4L100000O1O1N2O1O1O2M3N1O1O\OnPN:So1DoPN<[o100O11O1O1O0000O2N3M1O000O2L4M^U_`2
20150430082014Th_10,hPga12T23fN0@0<OG2=LYO0fi10[XN3fN0@0<OG2=LYO0fi1Ol[X52WjgJ4M0O2O2M101O1O0O2O001O00001N1000001O01O000000000001O01O0000000000000000000000O10000000000000O1000000000000000000000O10000000000O1000O1000O10000O010O01O01000O10O0100000O10O10O1000000O010000000000000O10000000000O01000000000000000001O0O10001O000O1000000O1000000O100O10000O10000O100O2N3M10BNoPN0Po14PQNIPo19:1O2O0M301N2O000O1000001O00000O110O00000000010O000001O001O0000000000000000000O10O10O10000O0100O01O10O00001O010O01O000O2O100O0010O01N20O00000000O20O00001O00100N2N1O2O1N200O010O1O0010000O101O0O2O000O2O001O0O2O0O2O00000O100O1O100000N2I6O2M2N300N2N101O1O10O01O1O001O10O01O1O00001000O100O01000O010O0001000O001O1O01000O001O001000O01O010O01000O1O00000100O10O0100000O10O0001N110O0O10010O010O00O2O0O20O0O20O01O100O001O0010000N101O001O01000O10O010O10O01N10001O100O001O10O01000O01O01O100O010O001000O010O100O100000O10O10000000000000000000000O1000O010000O10001N10000O1000001O0O2N2O001N4KjRn50^hhQ1
20150430082014Th_11,dTi;l33VL6`1<lN]OD5a5lb1YNP]NVL6`1<lN]OD5a5lb1_JX]N2N0Lc0M?g9lNVfY7O`mSI5[RD0K5N2N2O2O0O1N2O10000O001O100O100O10000000000O10000000001O001O001O00001O001O010O1O1O1O001O01O010O10000O1O1O001O10O000100O001O0000001OO10000O1O100O1O1N2O1N1N3O0O200N2O1N20O0001OO11000O1O100N2O1N2O1O100O1O1N2H:J7Hamg1KiRXN0O3L3NH_PN4_o1KdPN5[o1KePN6Zo1HhPN8Xo1HhPN9Vo1HkPN7Uo1HlPN8To1HlPN8To1HlPN9Ro1HnPN8Ro1HoPN7Qo1IoPN7Qo1IoPN7Qo1IoPN7Qo1IoPN7Qo1IoPN7Qo1IoPN7Qo1IoPN6Ro1JnPN6Ro1JnPN6Qo1KoPN4Ro1LnPN4Ro1LnPN4Ro1LnPN4Ro1LoPN3Qo1MoPN3Qo1MoPN3Qo1MoPN3Qo1MoPN3Qo1MoPN3Po1NPQN2Po1NPQN2Po1NPQN1Qo1OoPN1Qo1OoPN1Qo1OoPN1Qo1OoPN1Po10PQNOPo11PQN0Po10PQNOPo11QQNOnn11SQNNnn11SQNOmn1OTQN2kn1OUQN1jn1OWQN1hn10XQN0hn1OYQN0gn11YQNOgn10YQN0hn10XQN0hn10XQN0gn10ZQNOgn11YQNOfn11[QNNen13ZQNNfn10\QN0cn10^QNOcn11]QNOYo1010oo10PPN010O000fN0bRN3\m11cRNM_m13`RNN_m14`RNK`m17_RNHam10`QN9^o1GdPN9Zo1HgPN7Xo1IjPN7So1JnPN6Po1LPQN3Qo1KQQN5nn1KRQN5mn1LTQN4kn1MUQN1mn1NSQN2mn1OSQN0mn11SQNOjn13VQNMin15WQNIkn17TQNJkn16VQNIjn18UQNImn15SQNJPo14PQNKTo11lPNOco1000O10000000O10000000O1000000000O10O01000000000YOO_QN1an1O_QN1an1O_QN1an1O_QN1Xo10000000000O1000000000000000000000oo50QP60PPD0000000000000^o10UQ40]oI0PP:0PPF000000010O010O0QP20ooM0YnS81nZjGOYUX`2
20150430082014Th_12,VRQc12Y152ND0G3Vj1IZYP40gkoK110O0010O1000O10O1000000000QP:OQPd00ooQO00000oo=0QPB000000000000000O100000O1000000000oo10QPN0ePN0fn10ZQN0fn10dP40bP<0_o_O0Xo]20hPbM00000000000O1000000O100000000O10000O2I8cPNCRo1>nPNBQo11mPN80GRo11RQN8IHTo10UQN;jn1EWQN:in1FYQN9fn1HZQN8en1F^QN9bn1H_QN7`n1IbQN4`n1L`QN3an1M_QN1cn1N^QN1cn1O]QN1cn1O]QN1cn1Of0100hPNOan11_QNOYo10YO0g00000000QP20ePR10YooN0Zo50fPF0oo30QPL001O01O10O1000O010O0100O01O^P20aoM11O01O01O010O10oo10QPN0Wo70hPH0lPf00Vo[O000PP20ooK001O00001O00OO2jNM`RN2^m;NZQJ0QPL0oo30[P:0foA0oo50no30doG0^PN0`PN0`o50_oK1a00O01O00000100O0O1fPNNhn12b00fPNNgn13YQNMgn13b001OgPNNfn11ZQNOfn11ZQN0fn10ZQNOfn12YQNNhn12XQNNhn11XQNOin11WQNOin11c000O10llZd1
20150430082014Th_13,Z\Yg1121>1HON08211FLWoe07[P\O1O2N1N2O1O001O1O0000O001001O00000001L300000O1N3O00010O0001O00010O001O00L4N2O1L4001O001O0O2K5J7M4LYclT2
20150430082014Th_14,WQQe122O5:[2K[N5VOIk0N_O1Ui1N][R60ojUJ0QPH0oo10QPN0e00ZO01000O10O10no70Zog00hPPO000WnW90fQTG0RPH0PPN0QPN0oo10QPN0oo50PPN0QPL0oo10QPN0=0bo30ao30nPH0SO0m00ao10QPN0oo10PP20PPN000oo70QPJ0cnY20]S\30koSJ2lgj\1
20150430082014Th_15,mmb_2185O1MLO0Ro[1OhPfN2N1M4O00001O00001O0O2O00001O1O001O1O00001O00BdPN9\o1FdPN:ao1010O01O001O0000001O01N101O001N20O0001O0000000001O0O10000010O01O000000000000001O00000000001O0001O000000001O0000001O0O1`PNB^o1a0O00000000000001O00000000000000001O005K00001O001O001O2MRQQX1
20150601122834Ch_1,l]Yi1120c04]ONO5>Jdm1O[Rh22foUMNco14[PNNdo18O1O001O001O0010O01O01O10O010O01O00010O001O10O01O001O00000O100000000O1000000001O000000001O012M1O1O0001O01O01O000010O0001O2OO01O1O010O0001O01O01O0010O000001O01O00000000000001O00000001O000010O0001O0000000000000001O00000000000O100000000O10000000000O1000000O10O1000000000O01000000O1000O1000O010000O1O1N200O1O1O10O10O0001O1O10O0100O010O100O10O10O1000O0100O10O0100O1000O01O100000O010000O0100000000O10O1000O01000O0010000000O01000000000O10000O10001N101O0O2N2Nfabe1
20150601122834Ch_2,lofd22152OX1LmN3c0ND48LA1_kg0:hSZO8I5L[OoPN?on1BPQN?on1;OO10O010O1O0O1001N2O1O2M3N2M2O2N1O010O1O1000000001RRNCWl1=eSNHROJcl1`0oSN0ZOEgl1?fSNOADjl1b0^SNN@FSm1=YSNa0il1AnRNe0Rm1T12O2M6J2N2N1O2M3N4L7I2aNPRNj0Sn1ROPRNl0en1L5L2L2O1O5J9EUlnV1
20150601122834Ch_3,Zobc22>315NG51`13iNN]jm04`TTO4L3OEcPN4Yo1<N2O1O0O2OO01O0O2O1N3OE:M4M3NbPNHWo17jPNHWo17<NVQNKjm13VRNNjm10VRN1jm1OVRN1jm1NWRN1jm1NVRN2ln1000O0100O0O20O0100000QP40QPN0ooM0010O10URN0nM1am1O[TN0YN0hl10gSN0P10cN1fl1OlUN0Rm10VM0eUN0Um10QP20_mM0PUN0`m10dM0hTN0dm10O10O10UN0fSN0hl17cRNI\m10dQN4ho11RQNKom15S1K[lVW1
20150601122834Ch_4,]WU^1191MOc010Oin?3YPB2M2N101N1O1O2N100O100M3O1N200001M4N1OL3O2H_OSQN`0mn191O1O1O1O1O1N1O2O1O1O1O1O2M4LWhn^2
20150601122834Ch_5,moXj051N:0_oc01QP^O1O2O0O1N2O10000O10O1000000001KEbPN<^o1EaPN;_o130000000010O02N010O10O10O0100O10O2O0O1O2N1O001O1O002N1O001NYoRR3
20150601122834Ch_6,Tod`22h13[NM9O95ENMMd03@3njc35ZT^L3M2O2NFjPNKVo13nPNLPo13SQNLmn33aPNO011OiPNM`n12h000O1OiPN0Xo1000120OWP41foK1000O1O000O00000000O010O0O11O0010[O0ZQN0[o100000QP20h11RnM7^NHSSN4jNO_m1MoRN0`08WOIZm1OQSN63KL0km13kRNOiNNZn11mRNOZl10ZSN1[OO[n1O]RN4im1MV1010O30NRP2NooM000URN0fk10VTN0nk12lSNNXl11m10WPN3P1LTm14hQNOko114OePNM^n11`QNOXo10O0I0^PN2fkPW1
20150601122834Ch_7,WnPT11>4DL46=Lona06UP@1O010O1O0O2M2O1M3N2O000O00101L3M3NK5021O001O01O001N2O01001O010O1O1O001N3M3N2LWQmh2
20150601122834Ch_8,iZSe2190e00@2^n_1NaQ`N2Po12mPN1Po11nPN1Qo10mPN2Ro1OkPN4To1<010O001O1O1O100O001O00000000O101O000001O01O00000O100O1O1O10O11O000000000001O001O00010O000001O_OjPN8Vo1GlPN8To1HlPN8To1GmPN9So1GmPN9To1FlPN:Uo1EjPN<Wo1BiPN?Wo1@iPNa0[o1000O10OO20O001OI@PQN?Po1BPQN=Po1EoPN:Ro1HkPN8Vo181O1OO110O10O0100O0O20000000O1000000O100J60001O00001O000O2O0O`PNF]o19bPNI]o1=1O0010O02N2N2M3N1O\dVR1
20150602122934Ch_1,anlm23f00l01m20jLOjNNnhQ18aVPO8K5K3L4N2N1O20O1N2N2N2M3N3L3O1O1O20O002N2N3M0O3N00001O1O10O01000O10O04M6I3M0000001O0000O1O1oSNE[h1<aWNK[h15cWNN[h13cWN0\h11bWN1\h11cWN0\h10dWN0]h10bWN1]h10cWN0^h10fUNA;`0oi10aUNF;<Vj1N\UNK8:]j1JYUNO5:cj1HVUN218jj1GRUN416oj1EnTN8N6Vk1AkTN:I:]k1\OhTN=C=ek1YOeTNP2]k1TN\TNm1fk1T14L4K5K5L4L3M3K6J6I7H?@a0_NcQNh0cn1QOPRN9ojRl0
20150602122934Ch_2,`]gS21m0;AMdnk2JjPVM2O1O2N1O1O10O0010O0001O01O0001O01O01O001O00010O000000000000000000000000000001O00000001O00000001O01O00000000000001O01O0001O01O0001O01O01O01O00010O001O00010O000001O01O0001O00001O0000001O001O1O000010O0001O0001O00010O1O00000000001O000000O10000000O01000000O100000O1000O10O1O10O100O00100O100O10O0100O100000000O100000000O01000N1O2O0100O01000O1000O10O1000O0100000O0O2000O1000000O100O100O10000O10O10O10O010O00100O010O01000O010O100O1O010O1O1O001O0010O001O1O00100O2N1O1O2M3LRbjZ1
20150602122934Ch_3,ZmlS2145:MG0nnm00iPTO2O1O1O001O000000001O01O0010O01O001O00001O0001O00001O010O000010O01O01O01O00001O0001O01O0000010O01O00001O0000001O0000010O000010O01O010O0100O01O010O01O01O001O1NjQUf1
20150602122934Ch_4,UhTb21122ON153i0LZO42O]ma01QR@2O00000ZRN0\k10bTN3]k1MPTNNoN6Qm1LoSN3lN2Tm1KnSN7kN0Wm1ImSNl0Rl1TOmSNm0Tl1SOjSNn0Wl1ROeSNQ1[l1PObSNR1^l1oN^SNT1cl1kN\SNU1fl1kNWSNV1jl1kNTSNV1ml1kNPSNU1Rm1kNkRNV1Wm1kNeRNe0G]Ogm1R1YRNeN15im1V1WRNeNO2nm1c17O1O1O2DfQNnN[n1Q1fQNnN\n1b0cQN@4NZn1`0dQN_O51Wn1?fQN\O64Un1<WRNCkm10kWU[1
20150602122934Ch_5,_[cP31<2E290lne04`P\O3N10O100O10O10O10O0000000N3L3O1N10101O000010O001O001O3NO01O01O00001O00000010O001O1O100O2N1O1O1O3L2Oec`k0
20150619133554Bh_1,ha^Q344N33n00]11cMLc05o5Kb\1Od_f32mlYL5M2M4M1O3M1O1N3O00000O100O1000000O10000O0100O10O10000O10000O1O1000O010O01O1O01O01M120O1N0200O0100OO200O1O10001O00001O0000001O1O0010O010O10O10O010O1O10O01000000O010O11OO10O01O110OO0012M10O21M100O10000000001O010N10101M2O102M2M4M00010N102M10002N0O02O0001OO1010N1O020O000O101O1O001N2O100O002N<D0O2O0O010O100O001O0000101N1O002N1O100O1000O2O001N10O10O100O02OO101N011O000O100000PKdM\\N\2bc1eM^\NZ2bc1fM`\N[2]c1cMf\N]2Yc1aMj\N^2Vc1bMk\N`2hKbM`k1_2]TNeMbk1Z2\TNiMek1X2UTNnMik1S2RTNQNPl1Q3N1N12N0O0110N02OO0011O0O101O0O2O00cKcLW\N]3gc1fLY\N\3cc1dL^\Na3\c1aLc\Ne3Wc1[Li\Nd3Xc1[Lh\Ne3Zc1ZLe\Nf3[c1[Ld\Ne3[c1[Lg\Nc3\c1]Lb\Nc3]c1^Lc\Nb3_c1`L_\N^3ac1dL]\N[3gc1bLZ\N\3ic1cLW\N\3ic1dLW\N\3hc1dLY\N\3hc1cL[\NZ3fc1dL[\N[3hc1bL[\N\3Vh1NbKeLlWN4U4W3oc1QMm[Nn2Sd1SMl[Nl2Wd1UMg[Nj2\d1SMe[Nk2]d1UMb[Nk2ad1TM^[Nj2cd1WM^[Ng2ad1ZM`[Nd2ed1ZM[[Nd2fd1ZM[[Ne2hd1[MX[Nb2jd1]MW[Na2kd1_MT[N`2nd1cMP[NZ2Re1gMmZNW2Ue1iMkZNT2]e1iMfZNo1_e1oMcZNm1ae1PNfZNc0RL0nm1C\RN8in1LWk5DWUJ30Ob1M_N0noe02SPZO1O1NN[Tf1g0gjYN8mR[7
20150619133554Bh_2,YUcP31c01_O1R10Sn]11aPdN7L2M3N101N10000O010O10O0000000O10HAoPN`0Po181O010O01O010000O1000O01000000O10001O000000000000001O01O010O1000O010O101N1O100O10O0101N0100000O010O1O010O010O00100O01O010O0000100O0010O1O10O01O000000001OKCgPN=Wo1BgPNc0Xo13O10O01000O010O100O010O1O001L4M3O1N2O2M2O3Mhi^f0
20150619133554Bh_3,i_Pb2171K0<1JOK075Unm07QQTO3O1N2O000010O0001O00100O1O2O0O100O2O000000000O2O0O100O010O1O100O1O1O2O1N100O2OO100O001O10OO101O0O1M4M2N2O1O101N2O2M2O2N1N101O00001N1O2N3Lk^eX1
20150619133554Bh_4,m_d_15a0LL7U5O[LN]4NiIOT`13Z`NLL7U5O[LN]4NiIOT`10mbP54eloJ7I3N1O2M2O1O001O001O001O000000001O000000001O000000001O00001O00001O1O010O001O01O1O0100O0100O000100O010O010O0001O001O001O001O0000000010O000000000001O0000000001O00000000001O001O010O001O0010O01O010O100O010O100O00010O10O010O01O010O0100O010O01O01O010O010O10O00010000000000O0100O01O010O01O01O01O0001O01O010O010O00001O01O01O001O00001O1O001O1O1O001O1O001O1O1O1O001O001O001O01O0000010O00010O00001O001O00100O10O00010000O1000O010O010O010O0100O01O01O100O01000O10O0001O10O0100O10O01O010O10000O0000100000000010O0O020O1O100O002N1N01001O001N101N1O00100O1O100O100O00010O1O100O10000O01O10000O100000O0100000ZSNiNbj1X1TUNROlj1n0lTNYOUk1i0eTNZO\k1h0^TN[Oak1e0_TN[Obk1i0WTNZOjk1f0RTN]Onk1d0nSN_ORl1b0jSNAVl1U20O10O01O2N101N2O2M4MO03M2O2N1N101O0O00100000XSN]MRl1d2hSNcMVl1U300O0O0101O1O001iLRTNY2ok1aM\TNX2ll1KO05L2M2O3XNYRNP1]n1O0O10O01O10O010000O1O2OO01O2O0O100O100O001O010O00100O01O01O0100O0010O01O00100O1O1O100O1O001000O0100O010O00010O0001O1O1O001O1O1O1O2N2M3N001N3N1N3M2M4M6G40hRl40XmSK0[Pk[1
20150619133554Bh_5,ck`T19:MO3g0Knl9:QSFFSONXn1?bRNI]m19`RNH_m1?ZRNAgm1b0TRN^Ocm1FZRNc1gm1]NZRNc1em1]NbRN_1[m1aNkRN[1om1M4L0O2O0ETQN\O00nn1b0XQN]Ojn19QQNIeRWj2
20150619133554Bh_6,VkbX21:0P10gN0PS]g1
20150619133554Bh_7,inZo06Z21jNMSO6eoS1LlomN5K3N2O1N101N101O0O1O1O1O1O1000O10O100O100O010O1O1O1O1N2O1O1O1N001O1N30O010O1O1N2N1O1L4O1O0O2OiN[OUSNe0il1@TSN`0jl1DTSN=ll1EQSN<Pm1DnRN=Sm1ClRN>Tm1BkRN?Um1AjRN?Vm1BhRN?Ym1BeRN<]m1EcRN:]m1GaRN9`m1I^RN6dm1KZRN5fm1LYRN4hm1MURN4lm1JRRN9nm1GRRN9nm1HQRN8Pn1HPRN6Qn1LPRN1Pn12nQNLRn1Q1000O10ON201O10O02O0WOlQNEWn15RRNEQn19URN@nm1?k0N2N3L5IZPQj2
20150619133554Bh_8,Wbh=c0=W1JTOKO1O2ZO;?F^O;=K5J\Oke10nYd01oo[O0^RX18mlgNb0A<K6K4L5M1N2O2N1N3N100O1O011N001000\N]RNl0bm1nNdRNQ1]m1iNjRNT1Sn10N01000O3N1N3N2N0O2O3002L0002N1O100N6K1O01O0O2M_RN[Nkl1b1RSNbNPm1[1mRNiNSm1V1kRNkNXm1R1gRNPO]m1l0aRNUObm1i0\RNYOfm1f0VRN\Olm1d0PRN_OSn1U11O1O1O2N000011O00003M1O02N8I0O011N1N2N1O1O1O1O10006J5NN3K00001O00000001O1O1O2OO02N1N3N1O1O110O0010O0010O01N020O00O110O000O100000O1001O000000000O2OO0000010O001O01O00001O000000000000000O10O02O00000O101O1N2M3N4KeUUV3
20150619133554Bh_9,`^VU12<<a1LZNJ_12dN2j0MHNL3O5_OF_e11gZN<a1LZNJ_12dN2j0MHNL3O5_OF_e10V\Z55omeJ0N4L4M2N2O000O2N2O001O0O100O2O001O0000010O1O0000001O100O1O002N1O002N00001O001O0000001O001O00000001O001O00001O0O2O1O00002N0O3N2N001O1O0010O000100O0101O1N0020\OSQN3kn1MUQN5kn1`001N020O2O0O100N0100001N11OO0010001O000O0010O1000O01000O02O00O01O2O000O2OO010001N101OO010000O10O00010O001O010O00010O00100O01O002OO10O0010000O01O0100O100000O01O11O_OPQN0Qo1NVQNMjn11YQNNfn12[QNMen13]QNKen12]QNNbn12_QNN`n12`QNNan11g001O00jP80WoI0ooM00000ZPn60goQI0QP60[Pb30doWL0YPn00ioYO0PPN0moI0eSd80[l[G0VWWd1
20150619133554Bh_10,gZTR15i00A1M2K75C>0B3]nc04PQ^O5L3M3N2N2O2N1O1O11O0O3N1N2OYO@nQN>Pn1FPRN8om1IRRN6mm1KURN3jm1NWRN1im1OXRN0fm11\RNOam12aRNM]m15dRNJZm16iRNJTm17mRNIQm18PSNInl17SSNIkl17WSNIcl1<^SND`l1<bSND\l1=dSNDZl1<hSNCVl1>kSNCRl1>oSNBPl1:VTNFik18ZTNHek17]TNHck18^TNHbk17_TNHak18bTNE_k19U2O1O1N4Lgd[j2
20150620161314Mh_1,VljZ1133?5OL7M@0J47KPmS19ZRnN6L2M3O2M2O3L3N2N2N1O2N2O1N2O01O1O5J3N1O0O1000100O3O0O1N11N1O001SQNUObn1j0]QNXOcn1h0[QNYOen1R10O00010O001O001O1O1O2N1O2N1O1O001O001O1O1N100O2O0O2N00100O1O00100O010O0010O1O10O0100O010O001O0001O00010O1O1O1N4JnQY^2
20150620161314Mh_2,oZgk21e02\O3g0K@1koa13go_N3M2N2O0O2O0O10000O2O1O000O100000000O1000O0100O1O01O001O10O01O10O010O010O001O00001O01O00010O0000001O010O0001O001N1O1O2O01O0010O01O10OO2O1O1O001O1O0010O00010O0010O0100O00100O10O0100000O10O1000O10000O010O100O100O10001O1O2N0010O0O100O1L4000O10O10O2N100O2N8GdPZ11UcPh0
20150620161314Mh_3,c^R[21e02O411EI`m]33QRdL2N2O1O001N101O001O00000010O0D_PN9ao1G_PN9do10000000O100000000000001O001O000O101O00000O101O00000O1000000000000O100000O100000O1000O10O10O100000O10001O01O0001O0001O2OO01O1O1OO10001O0000000000001O00000000000000001O0O100O1O1000000000001O01O00001N10000010O000001O001O1O0000001O00001O00001O01O00010O00010O01O0001O0001O00001O0000010O00001O01O01O0001O010O010O1O001O10O01O1O1O1O2N2N1O1O1O1O00001O01O0001O000001O0001O00000001O001\OlPN;To1DmPN;To1BnPN>So1AmPN?[o1O000001O01O00102M1O01O01O0000010O0000000001O001O1O1O1O1O00001O001O001O00001O1O00001O0000000000000000000000000001O00000O10000000000O100O10000BfPN6Zo1IgPN6[o1IfPN6bo1O1O2O0O2N1O2Ngmo20ZRPM000]aYl0
20150620161314Mh_4,QWab0o0:LG_O3ONL0842O;N]O]j1JUZf23VkYM3M1O2N1O101N100O2O000O10000O100000O01000000000O10000000000O100000000O100000001O00O1000O100000O01000O010O01O10O10O0100O1O00100O1N101O0010O01O1000O100O10O01O100O10O01O1O01O010O010O001O010O10O01O1O1O001O1O1N2O1O001O1O001O1O1O001O00010N010000O1M3O000020N11O000001N100O100O020N0110O01O010O010O0100O1O001O1O10O0100O0010O10000O001O0O2O0O01J51O1O2O000010O0000000O1O2O0O2N101N1O2O1O001O1O1000O0100O1000O10O10000O100000000O10O1000O10000O10001N1O3M3Logjl2
20150620161314Mh_5,\gPb12113Od02^OOc09YOFi08ZOIo01oN75L^nS10RQnN4L2O2N001O1O0001O001O0001O01O0001O00O100O1000O1O10O1O01O01O0O2O010O01XLNaWN3]h13_WNLah16^WNJah18]WNIch17]WNIch17^WNHdh16\WNJeh15[WNKih11WWNOih12VWNNjh11WWNNih13WWNMih13WWNMdh18\WNHch19]WNGbh1:^WNFah1;_WNEah1=]WNCbh1?]WNAch1a0[WN_Oeh1c0YWN]Ogh1f0VWNZOjh1h0TWNXOmh1j0oVNWOQi1l0lVNTOTi1n0jVNROVi1R1eVNoN\i1T1`VNlNai1V1\VNjNei1\1SVNdNoi1^1nUNbNVj1[1hUNfNYj1[1dUNeN^j1[1`UNfN`j1\1]UNeNdj1\1XUNfNij1]1RUNcNPk1_1lTNaNVk1`1fTNbN\k14mSN:b0Cdk1DYTNj0LEnk1\OZTNP1BHUm19eRNJ]m1[11O2N2O1N2M5L4L2N3L3K6J5L8I>YOYUoV2
20150620161314Mh_6,YUQZ3:8MNL212N]nW12TQjN1O1N2N2fPNHkn1:SQNHkn19TQNHln18TQNIjn18VQNHjn18UQNIkn18TQNIkn16VQNJjn16VQNKjn14VQNMjn12VQNOin12VQNOjn10TQN2ln1NQQN5on1>001N100O2O0O2O1M2M4N100OiPNBnn1>QQNDnn1;SQNEmn1;RQNFnn1:nPNJRo16lPNKUo15kPNKVo1?2N2N001N1000000O2O0O1O101O001O1O001O01O001O000010O00010O00010O10O001O000001O0000001O01O0000010O0001O10O01O1O1O001O0O2O2M]ib>
20150620161314Mh_7,X]bX12?0N036CO<JI3L2;95FF1Uj1KbVZ31lneL3N1N2O0O102N000O2O00001O1O00001O0000002OO0001O10O0011N01O100O0010O010O01O010O10O01O10O01O1O01O01O01O0000001O0001O000000O1000O1000000O100000000010O100O002OO00010O01O010O001O01O01O001O00010O001O10O01O010O1O010O000100O001O2OO01O2O0O0010O010O001O0010O0001O001O0001O00000010O00001L4O0O1O2O000O10001O001O010O0000104K01O01O00001O1O00001O1O1O1O1O001O10O0hN\QNU1nn1I100O000000000000000O100O1000000O2O000O2O0O2O001N2O001O001O1O001O01000O0100O1O1O010O100O010O0010O01O0100O00010O00010O001O01O01O010O1O0101N1O102N0O102M1O2O4L6QQNoNan1Y1O00100O001O0010O0010O0010O00008H2N002N1O002N1N2YOSQN9nn1AXQN>Xo1L2O3M2L3Mn]UR2
20150620161314Mh_8,hd^l14d28[NFR53bJL_`10lbN3fN8[NFR53bJL_`10YaT53amkJ1N2N2O0O2M3O001O001O1O001O0O10001O000000100O001O010O0001O010O001O0100O00010O010O00001O00001O1O001N101O001O1O1O001O1O0000010O000001O0000000O2O1O1N101N10001O0O100O100000000O10001O01O0000000000001O0000000010O01O001O0001O00010O00010O000001O001O0001O000001O00001O001O00000010O001O01O0001O000010O01O0001O0100O0100O1O010O2N1O2O2M2O1N011O1OO010O1000O01O0100O10000O1O010O10O01O01O01O01O1O10O01O1O1O00100O1O10O0100O0010O0010O10O10O0010O010O01000O0001000O10O1O1001N00100O0010000O1O01000000000O100O010O1000000O10O0010O1O1000000O000101O02N2N5K1O0O0100000O101O1O0O0100O100O001O1O001O1O001N2O1O0000001O1O10O01O1O001O0010eRNTOak1k0[TN]Obk1c0ZTNBdk1>ZTNEfk1:VTNLhk14XTNLik13UTN0lk1OQTN4ok1KoSN8Pl1H\SN_OKk0Pm1oNPSN44`1[m1]NdRNf1]m1WNcRNj1\m1VNdRNj1_m1RNaRNQ2em12N3N2O00000O02O0O1000O11O00O011O2N1NUNbRNU1^m1gNhRNm0HkNbm14kRNk0bm1ROdRNh0LWOjl11ZSNh0LWOkl1N]SNf0J_Ofm1;_RNH_m14dRNN\m1LgRN6an12L4N1O002M2O1O1O100O1O00100O2O001O01OO02O1O2N0O2O001N002O000O0100O010O000100O10000O01O01O010O10001N2OO02O00001AcPN8eo1M1O1O00100OQhg52\[VJOR4KohPo0
20150623152934Ch_1,Umjb0:314OKb0<[OLe0H53AMF440H7U1KhNM\18lNL=[eS2FoYnM2O3L3N1O2O0O00001O0010O0000100O00000001O000001O00010O01O010O01O0001O00001N101N10000O1001O02N106I3M2O0O2OO102OO02N100OO200O1O002OO5L7I1N11000O001N01O011OO1OO12N2N002M3N010O1N1001O001O010O101N10001N10001N1O10000O101O0N5N>_O4N4K9H2M1O2O1N1O3M00211>@c0DK1L1N102L3N3N4K2O14J4ON01O2M010O1bNPRNi0Rn1QOTRNl0an102N1N2N2N1O1O3L3M4L4Hmh\Q3
20150623152934Ch_2,QWWe121111o0OG1C43Ln09ROHei1LoYP33hkoL6K2O1O1N2O001O100O002N100O011N11O00O0100O10O0100O1O100O0010O010O01O001O001O01O01N1000000000000000O01000O010O1000000O0100000O100O10000O10000O100O100O0100000O100O010O01000O00010O1O000000000010N11O01O0001O01O010O00100O10000O10J@kPNa0So16100O100O3N@@aQN>^n1GdQN3\n1NdQN1\n12cQNM]n14bQNK]n17cQNH^n18bQNG^n1:aQNF`n1:`QNE`n1<aQNC^n1>bQNA^n1?cQN@^n1`0dQN\O]n1d0`0O0100O1000O01O100O100M201J6O1O1O1O2O000000001O01O0000001O001O001N101O0O1O1O1O1O1N2O0010OO20OO10O1N1H9O100O1000010O010O0010O010O01O010O010O010O01O0010N11O001O0O2O1N110N2O1O1O1O001O1O1O1O1O10000O1O100O2O001N2N2O2M3M2Njg`h1
20150623152934Ch_3,U]TT2115?5P1GQmk14WQVN3N3L6K1O2N1O1O1O010O001N1OM4O1010O100O00100O100O10O100O1O1O1O2O0O10001O0000000O10000001O00000O2O00001O000010O0100O10O010O01000O010O100O100O2N10O01O1O10O010O100O1O2O0O1O100O010O10O001O00000000000O10O1000O100O1000001O0O10000001O010O001O010O1O010O00010O00010O01000O0100000O0100O2O0O1O2O0O1O1O3M1O1O2Mi`c`1
20150623152934Ch_4,Zknc21=0J2O46KLOJ2728L]oi03moWO2O1O010N1001O0000O101O0O100O0O2O1N2N3nNA_RNa0_m1B^RN?am1D\RN>bm1D]RN=bm1E\RN;dm1IXRN8gm1KURN6km1LSRN4mm11lQN0Tn1l02N2O00O2O0E;101N2N1O3M2L4D<M3M4K5L7YObTWX1
20150623152934Ch_5,Qkb^2121`0;KJFKmng08cPZO6J3YO^OoQNd0Pn1\OoQNe0en12O001O001O110OO2N1O01O0010O011N2O3L10O1O1O10001O1N3N4L7J0002M4L1O2OiQNXOSm1h0iRN\OXm1d0cRN@]m1g0XRN\Ojm1e0PRN^ORn1W12N2M3N3L3M2M3N1N3M2N4L4[OTQNNZQW]1
20150623152934Ch_6,SkPT236071K1:NimU11aQlN1O1N2O100O2N101O0010O0O1000O010O01O01000O100000O11O0000000O10000O010O10O010O010O0010O00010O01O010O1O1O010O00001O01O00000000O010000O010O10O01O0100O0100O010O10O10O010O010O001O010O100O1O1O1OnSkd1
20150623152934Ch_7,Tn^g2150h12fle05TQ\O3AIQQN8nn1IQQN8nn1IPQN8Po1InPN8Ro1JkPN8To1:010O000000000O101O1O1O3N2M10000O0100O011000O1O00000O10O10O010O10O101O2N2N0100O1N5K5K2MoodT1
20150623152934Ch_8,^fXi2112m09\ON?HA0LO21K3alc0OVS^O6K3M4N2N1O11N3N1N1O1O0000000O2O1O000O10O001O1O1O2O001N10000000001O010O1O10O2N100010N2O1O3M<FN1N1O1N3]OkPN5Wo1EPQN8^o1M3MUVeR1
20150623152934Ch_9,QoRg23:O?1fle04YR\O2O1O00100O=C2OJmPN_OQo1a0PQN_OPo1`0QQN@nn1`0SQN_Oon1?SQN@nn1>>L3N3L2N1O1Ok00fn?0`PB0bPN0mn10d00PP40moK000PPN0O0100000ZP81hoG1NO03iobT1
20150623152934Ch_10,]bhT321a0<AD37KO0J2j02Ca0>\O[kg16\SZN6M2N2L4F:N1O101OO1000000O2N100O2N100O1O1O100O2N11O10O10O1O10ClPNMSo12oPNNPo12QQNMon12RQN00Hbn18_QN;_n1EaQN;_n1F`QN;`n1E^QN=bn1D\QN<en1`01YOXQN3in1H\QN7dn1H]QN7en1G\QN9cn1H\QN8en1H[QN8dn1H\QN8an1K_QN5`n1L_QN6_n1M]QN5cn1d0O1000001N1M4M3N2O1N2O1O1O1N10000O100O100O010O0010O001000000000000001O0000001O01O01O01000O01000000001O003N`0^O3O1O1O0O101N2N2O0O00000O10O1O00001O1O1N2O0O3N3_MjRNQ2em1N2BURNbNom1Y1WRNbNlm1[1?M5UOaQNLbn11cQNBD2Ro14V[m`0
20150623152934Ch_11,^bXX35l12]NOZ1KYO6ej]2J]TfM0lPX30UoeL1000O200111Q2NjM5L1O2XOO^QN2an1HXQN2JM2=\o10:FbYk`0
20150913082034Lh_1,`QeZ2122918M_O:g0FYO3OMPP<?\oE4M20ON3J5N1O3GQO_QNP1Vn1b0TOaNWSN`1jl1bNRSN^1Pm1dNmRN[1Tm1oN`RNQ1cm1>8N2L5^Oa0L4N3N4N2IoPNYO[o1:=FZm\c1
20150913082034Lh_2,dUS`11368KWoo00[PRO3M2O2O3L1O1O01O0001O001O00100O01O01O01O08H1O2N1O001O0010O1O1O001O0000000000001O1O2[OhPN>^o100O1O001O0000000000010O001O010O001O00000000O101O01O00000001O000010O000000001O001O0O2O1MWi^Y2
20150913082034Lh_3,V`U^21c01I4FLRoi03TQVO4Qo1OkPN4So1NjPN4Vo1<O0001O5K1O001O01O0000010O0I@nPN`0Qo1BnPN>Qo19N2O100N2O10N2N2O2N2N6K2M2O0O1O10O01O01000O10O11O0O000100O2O001N10001O0000001O02N5J2NW_T]1
20150913082034Lh_4,T]ST159Lkoa02ho_O5L2M2O1N1O2O01O1OGCoPN=on1GmPN:To1HiPN9Wo180000100O010O010O001O10O0000O10O1001O011N1N2O1O2N000O101N2LZbdh2
20150913082034Lh_5,\Tc[1111f01@4a01`mi12\QXN4M2O1O001O0000010O01O10O0103L2O0O10O0100O010O010O0010O00010O010O010O10O10O010O1O01O0IaPNN^o1:0010O000010O1O001O010O01O100OH]PN4bo1KaPN4^o1KdPN4fo1OFMiPN0Vo10^P40]PL0Vo=0mPD0onM0PQN1on1Oa00TPd00fP\O0VO0000000000000ZO0iPN2>Nln13a0000aPNMPo12PQNNQo12nPNNSo11mPNOTo10lPN0bo10000010O00000do10=0ooM0000000PP60PPJ000]PN0Vo10jPN0Vo10k00B0co10kPL0To10lPN0To10lPN0To10lPN0bo10C0jPN0Vo10jPN0Wo10<0[PN0[o10;0VPN1bo144LUiZY2
20150913082034Lh_6,mT[f21?21NA4mn?2kPB0O11O0000O2O0O100010O00100O010O010001O0O101O2N0101OO1000O1N2N100O1N3MQjlV1
20151003081954Uh_1,\dV^21:2G1b32Tje0OPR\O8I6K4L6K5K5K3M3N2M1N3M1O2O1O1OUOoQNIPn14URNLhm14\RNKbm15`RNK_m14cRNM[m13eRNNYm11jRNNQm17PSNIol15USNIkl16WSNJgl15\SNKcl13_SNN`l11cSNN[l12gSNNXl11jSNOTl12mSNNQl12PTNOnk12STNNjk14WTNLgk15ZTNKek15\TNKbk16_TNJ`k15cTNI]k17dTNH\k18fTNGYk17kTNGUk18mTNGSk18oTNHPk17RUNImj17UUNHjj17XUNHhj18YUNHfj17\UNHej17\UNIdj15^UNJdj13^UNK^m1MoWi]1
20151003081954Uh_2,mUgR38a21\N8]3BoKNTmU26XRlM7K5I6mPNZOfn1j0WQNXOfn1i0\QNUOdn1k08000O01000000001O00001NO20000000O0100O100000O011O0O10000O10010OO02OO100O10N2O1OO1O1000001N200O100000000000000000000001N101O0O1O10010O0010N200O1O10O10000O1O1O01000O01000O1O1O01O1O1O1M4M3M4L3M4M2O0O3M1O2O1M3Ngn94TQF5K4L4M3L5L3N1M6K3N3L5L1O1N1O2O000O1000O010O1O01OO2O001N2O1N101O1O1N2O0O100M4OOO3N1O100O1O2O1O1O1N2O1N3N3K5JhW:GehE000000000an]13hcj<
20151003081954Uh_3,]]eX2115f00[O0:KRoo06ePPOM^o1<N2O0O2O000000000000O10O10001N1000O2O00001O000000001_OcPN<^o1DbPN<^o1210O1O01N1O2O0010O10000O10O100000O010O01000O001O1O1O0O20O01O0O2N2J5010O100O100O2N1O1O1O3N3L4K5GSb`a1
20151003081954Uh_4,gebf2133NNh02\nc02cP^O4L4N4K4M2O0O01N2N3L3O1O1O1O0010O10O010O00100O010O10O001O010O10O010O10000000O0100O0010O10O010000000O1O1O3MmX]U1
20151003081954Uh_5,eXmS31a0:CFN70K=6E82BO91OMF20dl_40USbK000000000mo50RPJ0O2N2N12N10100O1O101O00cfVf0
20151015170634Ch_1,oe^T119<MF:OC5^1LUO6AKJ2kko0KQTRO7J3M3N3N0O110N110O01O0O02N0N3N2N2O1O6K3M12N3L01O0000O01000O2O02N202M1NO01OZOVQN7in1HYQN7gn1IYQN8fn1HYQN<cn1F\QN;cn1CcQN;[n1CjQN<Tn1CnQN=Qn1AQRNa0mm1^OURNb0jm1^OWRNb0im1]O^RN=am1BeRN;Zm1CjRN;_n1O01O0O2O1N2N2N10100O0O1O010O0001O101O0001N1001N6K001N2N2N1N3MmU[e2
20151015170634Ch_2,TPia021:<F=0YO7>7@D5280D14LokY10fShN4M2N2O000O100000001N100001O010O0001N100O1O2O0O100O10000O2O001O1O1O0100O2O0O01O1O1O1O1O2N1O1O1O1O1O1O1O1OSOVQNe0in1ZOYQNf0gn1UO_QNk0kn1O01O2N2O1N1O001O2N011O03NO4fQNmN]m1W1^RNlNam1V1[RNmNcm1T1ZRNoNem1g1O010O001O1O001N2O1O1N2O2M3N001N10WOhRNjNXm1MiRN>6BQm1OjRNLM2=Oml11jRNMM2=0ml1OjRNOL0`01nl1KfRN5KLf03ll1HcRNd0e0AUm1?lRN@Tm1?nRN_OSm1`0PSN]OQm19PRNHXo17:M4Lem\V3
20151015170634Ch_3,]_bh011:1K59MD46LJM0\og14WPZN6L4N1N2O001O0000N3O0N3N1O2O001O100O10001O01O1O1N1O1O2M2K@iPNa0Vo1501N100O100O01N110O1000O0100O0O2O02N1N2N2N210O2N00001O000001001N001O000O2O00000001O0nNXQNl0on1O1N1000010WOmPNc0To1\OlPNd0Xo1O1000O100000000O11YOhPNd0[o1O0O01O00010O010O010O1O0010O010O0010O0001O0000001O01O01O1O001O0O2N101O0N2O2O1O1O1O100O100O2NV`Um2
20151015170634Ch_4,biVT22o01ZOO50K4J1;OM4g0IPm?O_QBd0F9G5M2N3K8]NhNQTN]1oN]Nhl1;UTNi1^k1ZN_TNk1\k1WN`TNn1^k1TNZTNS2dk1PNXTNT2fk1mMWTNW2gk1T1N1N01gM[TNQON2ik1g0aTNjN3GD5kk1V1fTNbN`05mj1U1^2N2N2K6G7011N2N1O1001N<WOfPN7bo1O3LgTSi1
20151015170634Ch_5,_XQi01740MMO432Ndoo01ooQO0O2N00100O1O1O001KI_PN9`o13O1000000O2I6O2O1O101N2O0O1O10OO2N110O010000O010O1O1O12N00100OZOTQN:kn1CXQN<hn1A[QN?gn1]OZQNc0Ro101N10001O1O002N101O1O00000000O0010O1O1O1O001O1N2O2LTf^Q3
20151015170634Ch_6,jnl`051P14VO;M;T1G\ODB;1CY3NlL9IOHN;[b1FddN1`K0^M4e2J]b_21YZbM0lPN1Ro10nPN1Po10PQN0Po10QQN0nn1OSQN2ln1NTQN2ln1NTQN1mn10RQN0nn10SQNNnn13QQNNmn13SQNMmn13TQNLln13UQNNkn11UQNOkn10VQNOkn10c000O10d00\O2N01O010O1000O01O00YO0h00fPN0bn10_QN1Xo10000Oaog00`PXO0lPN0Vn10kQN0Tn10nQN0Ro10QP40RP21koI1003N11N2L2fP<K]oC1O001O2N0100OO3N2M1VOHjQN:Sn1JjQN8Wn1IeQN8`n1B`QN`0_n1@`QNb0_n1^O`QNc0`n1^O]QNc0en1\OZQNf0en1ZOYQNh0gn1YOVQNi0ln15001000OO20O1O001N2O105J2N002N1000O0002fTNfNjg1Z1QXNhNQh1Y1kWNdNQMMWk1a1[UNfN]1L^i1^1PUNlN]1Fgi1`1eTNPO`1@ni1\2oUNdMjNMRk1V2RVNmMlNNXk1R2gUNPNSONWk1R2YVNoMii1P2VVNPNmi1o1QVNQNQj1o1mUNQNUj1n1nTNPNM1Xk1n1eTNTN5MWk1o1_TNXN:IYk1m1[TN[N=H[k1k1UTN^Na0G]k1h1QTNbNa0G`k1d1oSNdNc0Hak1_1mSNhNc0Jbk1W1PTNoN>Jek1n0STNWO8Kkk1b0TTNC1KSl13STN2JKam15^RNLcm12^RNMdm12[RNOfm10YRN1gm1OXRN2im1MYRN1gm1OYRN1hm1NYRN0hm11XRNOim1OaQN1`o13iPNL]n17cQNI[n18eQNI]n15cQNK^n15`QNLbn12^QNOcn1O]QN1cn10\QN0en10ZQN0hn1NXQN2in1OUQN1ln1OTQN1mn1ORQN2nn1NQQN2Po1MPQN3on1NQQN2on1NQQN2on1NQQN2on1MQQN4nn1LSQN4ln1MSQN3nn1MQQN3Po1MoPN3Qo1NnPN2To1LlPN2bo1MPfdQ3
20151015170634Ch_7,Z[QZ11811321FM00jnm01oPTO3XPN0^o19O0100000001O0000000000000O100O101O000000010O001O0103L100O10O0100O1O010O10O01000O01O1O1O002N1002N004K101N3N1OO0010O001O1000O0000000001O0000001O0O2O1N2OUcT`2
20151015170634Ch_8,V[cY116173I0:MM5imY1JfQhN11O110O100000QP20ooM0^P>0boI030aoK0SQ<0hnC0TQJ0`o70ZO1dPJO\P80go30WP80]o[O0`PN0`o11^PN0co10\PN0do16000001O01O0100O0010O010O0001O010O010O00100O00010O1O0010O001O002N1N3N2Lhbl]2
20151015170634Ch_9,T_gl165M22KL42MO21Q22mM1Zl?LWV@3_j12QSNKT27kj17nTNKTk17hTNIYk19XSNJa0LXl1:USNO?H]l1:lRN5f0B^l1V1bSNjN`l1U1WSNcNC9Xm1R1QSNhNF7Ym1R1nRNjNG5[m1S1kRNZOTm1g0jRNZOWm1g1200gMhRNi1Vm1UNVSNf1el1YN_SNf1_l1ZNaSNf1al1WN`SNh1\m1_NPRNR1Pn1lNSRNS1lm1mNVRNQ1jm1oNWRNP1jm1POXRN=FIRn1J[RN9FKom1L_RN4DMPn1N_RNODOQn11_1Ml^lP2
20151026171014Mh_1,P^ma22m10]O7WOM9OGNL18O\ONbn_29PQbM3N3N101N1O101O000O10000O010O1O1N2N1M4N2O001O10O0100O010O1O010O1O00100O001O10O0010O0000010O0001O1O010O010O001O1O01O0100O010O0100O001O10O10O010O1O001O0000001O001O001O001O00010O0010O00100O1O001O10O0000001O01O01O1O0010O001O0001O0000000O1N3L3M300O10001O01O01O01O001O001O1O1O1O1O0O2O1O0O2O1O1O001O0100O001O010O1O00001O01OO1001O000O10OO20O0N2M300010O2O0O2N1M4M2O2N2L5N1M3N3M3M3L5Lf`jo0
20151026171014Mh_2,\ZkP11?5BK?3A319c0C30G2I2cne15gP\N3N2N2N2O001O001O1O0001O10O01O1O00001O00001O1N101O1O1O1O1O1N101O0000O10O10000000O10000000000O1000O010000O010O100O10O01O1N1O2O0O1000001O00OO101O1N2O1O1O2N2N2O0L5M3N2O1N2O1O1N2NAfQN\OXn1e0jQNZOUn1e0nQNYOQn1h0QRNWOnm1h0TRNWOkm1i0XRNUOhm1h0^RNUObm1i0j000O011O1N200O1000000O10O010O00001O1O01O1O1O101N2O1O1O2N2N4Jjdbe2
20151026171014Mh_3,VZWg12V12h24gLM:3mmi1KlPXN7K4I8L3K4N3M2M3M3M2O1N2L4M3ZOcNeRNa1Zm1b0001O1O1O100O2N0N3L4H7J7M1OO1I162M210100O2O0N3O1N3M2O1N2N2N101N2N100O2O1N110N1O10O11O000000001O00001O1O00001O001O000001O00001O0000001O000O100O0O2O2K4O2N10100O1000010O01O010O1O4L3M2N1O2M101O0O1O100O010O1O100O00010O01O10O01O010O10O010O010O001O001O1O1O1O1O3K`dnm1
20151026171014Mh_4,lgXn2290R11QO4h0MPOM>2@11OmkY13hShN6K2N2O1O0000000001O001O100000O100O100O101N1O010O010O010O102M1001O3M1O00O101O00O2O00001N01000O11OO01O100O100100O11N002N1O1O0O20OO20OO2O001N1O2N2O2M2O=YQN^NTn1j1O00O9G2M2N2N2M3M2O4L2N100000000011M02N1O1O1O001N3N5J4L4JmSki0
20151026171014Mh_5,XglR111364N62C52aoc09eo]O3I7N1M4M2N2N3M2N2N1O2N2N20C^QN\Oan1a0gQNZOYn1e0kQNYOUn1d0c0O2O2M2O1N2O110O0000000O100010O01N2O001O1O0010000O1O101N1N]Xai2
20151026171014Mh_6,QdXU31=3LNgoo0OmoQO4N1N10000O2O000000000000000O1000O10000000O10O100O1O2O01O00001O00000O1000000000O10000001N10000O100000O1O010O10O1O010O1O0010O0O2O0001O1O01O01O010O10O100O01000O100O1N3N1N3Nh[[d0
20151026171014Mh_7,Rfl\11<7NIO383<0blm06RRTO7J6J4L3N1O2N2N101N2O0O1O1O2O0O2N22M1O2jN\QNk0dn1RO`QNl0`n1SObQNm0jn1N0001OWOSQN?ln1AVQN>in1AYQN`0en1_O\QNc0bn1^O^QNb0bn1^O^QNc0an1\O`QNe0_n1[ObQNe0]n1ZOdQNg0[n1XOgQNh0in10O100O100001O2N2M100O2O0O1O2O0O010000O100O1000000000O1O010O000001O1O1001O1N100O2M5KjVY]2
20151026171014Mh_8,aUcd031?e0F_O32IL=35j02SO[O0962KIlj[14cTfN6J5oPNE`1G_N5gk1d0RTNGb1G\N6lk1T1fUNYOWj1k0fUNWOVj1m0dTNZNc0l0bj1Q1fTN[Nd0d0_j1m1]UNVN`j1m1]UNUNaj1o1[UNSNcj1P2\UNPNcj1R2[UNoMcj1U2ZUNlMaj1[2]UNeMaj1_2^UN`Maj1a2_UN^Maj1d2\UN^Mcj1P400O0100O1O1O1O1O1O1O1O1N3N1O2O1L3E<M3M2N3O1N4K4M2O4K<D6K4K3M3M3M3aMeRNT2em1N3M2M3M3M201M3M3M3M3N2K5N1M3M4N2N2M3M3N2O0O1O2N1O100O100000001O00001OO10000O00010O01N2N3M4LUglS3
20151026171014Mh_9,Rg^]1114h0M42YO2YVab2
20151026171014Mh_10,UQkd0434<7NO6M;IWO7h0LXO0O436NDL;S15\O_OM7HI:1CMek[1OZTfN1ZQN2Yk1MWUN1]O2[m1O_RN5cn11FHlPN:Xo143O1N3M3N2OSLLlWN4Qh1NQXNOQh10o311N100000UM:\UNF_j1c0]UN]O_j1j0]UNWO_j1m0aUNSO]j1P1bUNPO\j1S1cUNmNZj1W1eUNiN[j1W1eUNjNYj1W1fUNjNZj1V1gUNjNWj1V1kUNjNTj1U1nUNjNRj1U1PVNkNoi1T1SVNlNmi1Q1VVNnNki1P1XVNoNgi1o0\VNQOdi1m0^VNUO`i1i0dVNVO[i1g0Q3N1NcWN[Oda1b0P7L6H[7Jaf11a2OTP<0joA000O10O0010O10000hPNO`n11^QNOcn12e001O01O01O1OUgRU3
20151117212434Ch_1,f\[e11f03;MSO1M180b1NZN610]ne1KXQ\N5L4M3N0O2O1O1N101O1O010O1N101O001O0011O2M3N1O0O010O01O010O000001O00000000000O1000000000000001O0O100000000O1000000O2O0O100O10O010000O010O010O1O1O2N101N1O1O10O010OO2N2O001O1O00001O1O001N1O1O1000O1O001O00BmNPRNU1nm1POmQNR1Sn1=O10000O01O1O10NO0N4L5OO0N2010O20O000100O2N2N2L4H8@VQNATo1;>J3M[bdP2
20151117212434Ch_2,\nZe23U32YMNV32QN05LTlk26iQVM4M3L3O001N2N2O000N200O00100O01O01O1O01O01OO11N11N11OO10000O101O0O0020M012OO11OO011O000O101OO110OO0110N002O000O10000O100O1O020N000O21NO110001N00110N001O0O1O3O0O1O10O10001OO020O0001O00O11N11OO2OO2OO20N11N2OO11N010O2N1N21ON102O0O1O01000N210N0010000O001O1O0O110O1N111M011N2N2N111M2N200N111O1M2O110M2O0O3N1N2OO12N002O0O100001O0O200N2O00000N30OO1O2O1N2N2O1N2O0O2O0O1010OO101O1OO02O0000000O101O0O0110OO10100N200O002M2O100N2O2N2N2M3N3K6J5K\Yb2IW]Pe0
20151117212434Ch_3,\kj`21f13L4ROJXle0?_R\O6L3kPN\Okn1n0M2M2001N2O2M3O0001N3N2M4M1WSNSO]j1n0_UNVOaj1k0\UNVOfj1DnSNg0V1G`k1:ZTNGkk1:nSNHVl19bSNIcl17VSNJPm1`13L4L3M4M5K3M4L4L9F8J3L3O0O001O1O1O1O2M2M3KXQc[1
20151117212434Ch_4,j^Vg212132MN82g06^OICOfnS24QQnM3K9H:F4M2N2O1N2K5M2O2N1O2O1N2O1N101O0O2O000OlNSRN7mm1HWRNHFNSn1:XRNEJNmm1>ZRNBLOhm1?^RN@LOfm1b0_RN]OM0cm1d0aRNYOmm1m0a0200O1O100O100000000000001O001O001O0000001O00001O00000000010O00001O0000000000001O002N1O2M2O1O1O1O2N3M2OO000000001N1O1O2L3M3M3O2O0O10001N10001O0001O00001O1O001O001O01O010O010O0000010O0000000001O00O10001O0O101O1O00001O01O01O1000O10O1O010O0001O0001O001O1O001O001O1N2O2N1O1O1N2O2M3M5J4L[_mk0
20151117212434Ch_5,SXoo02b05a070GQONQ12TO263U1GiN0dmS1=^QnN7J3L5L3N2N1O1N10001O01O1O2O000000000O001N100O001O01O1O001O00N2O0M4O1N20N1O200O1O2B>C<01O10000O1O1M3E:L4K3NM52001M3N1N3gNeRNM]m1LnRNNSm1OUSNKll14`1O1O2O000001O100O00001N00100O1O10000001O1M3N2M5Lef\i2
20151117212434Ch_6,YldW313:NId01D3MK04LJdm76RRJ3N01O11QQNKom17nQN4hm1OSRN<em1Q1O10N2O1N1O1O3WOjQNB[n15oQNETn13SRNJaPSg0
20151117212434Ch_7,iZSP12?1CO19OGZ10mN021811N]OO81Ynk0:PQVO8I^OSQN4`o1M001O000O00oo10PPN0PP20O0no;0Yo70dP\O0om94`RBNYo1O=OdQ<1[nC1M2I80O3LKI<0O20N20kcPk2
20151117212434Ch_8,YbeT21143N50JO5090G0Soi17[PXN1N3L3N3N100O1O1O1O2O0O1N2O1O100O01000000AQQNMon12RQNNnn12RQNNnn12SQNMmn12TQNNln12TQNNln12TQNNln11UQNOkn11UQNOkn11UQNOkn11UQNOkn11TQN0ln12QQNOon1a00O101O000VOmPNg0So1XOnPNg0Vo10M2100O100O010O100O1O1O10000O10000O0100O100O10O0100O1O10000O1000000O10000000000001N3N1O00000]OfPN`0Zo1_OhPN`0\o101O1O4C\PN5ho1000001O00O100000000000001N3N0O1000000]OEaQN;^n1G`QN:`n1G_QN:`n1F`QN:_n1GaQN9_n1H_QN9`n1I^QN9`n1I_QN7an1J]QN6cn1L\QN4dn1OXQN2gn1c0100O001O1O1O1O1O1N2O1O2M2O2O:D3NP]h`1
20151204133714Th_1,lUkQ21h01]O1dom04noSO3]OG]QN9bn1J[QN7en1JZQN6fn1KYQN5gn1LWQN5in1LVQN4jn1LVQN4in1NUQN3kn10RQN0nn1a01O000O101O2M2O1O1N101N2N1O100O2N100O100O1000000000O2O001O0O100000000000O1000O100001O1O00001O000000000000O1000O10O100O01O2N1O2Mgi`h1
20151207173614Mh_1,jg\Q239d06]O9O81OOTOc0c1AeNL=2ILcgm0<^WTO5K4M3M2O1O001O001N2O1O0O2O2N1N1O2O002N3N?B6J4L3M1N2`RNnMkl1f20O01004L:F3N2O2N2MO1OO0XNdRNk0Zm1QOnRNm0Qm1nNZSNk0Sn1L20OO01N011O010O1O001OO2O1O1O00000O1O001N3N0O1O2M2O2N0O3M3KfPUi1
20151207173614Mh_2,dkVS21g02h0NoN271]OOXmc08YR^O4KDmPN2co1N1O[P6OioI01002M00OO10N[P80goG1M110O0100O001OO10O10\PUj1
20151207173614Mh_3,YWac01e01A:KF2100:0Toi02XPXO3M2O100O001O1O1O0O2O1O001O01O01N1000000000000O010O0100000O0100001O000O1001O0000100O010O1O1O1O1O1O1O00100O1O001O100O2N1O3K]hhW3
20151207173614Mh_4,RUcS11T10knU16hokN3N2N3M101O0010O1O1O10O01O1O000010O01O010O01O01O0001O000000000O10000000000000000O10O1000000O10O010000O01000O010O10O0100O010O10O10O010O01O001O010O1O001O0N3O0O2J6N110O01O1O1O1O1N3L3N5Jcj^e2
20151207173614Mh_5,oVkb021O1<67O^OL91LMO1MO67KK7Rom0M_PTO5L3M4M2O1O0_OC`QN>_n1b0NgNaQNT1^n1lNeQNR1en1O10DoNiQNP1Wn1POiQNo0Xn1QOiQNn0Wn1ROjQNm0Vn1SOkQNl0Un1TOkQNk0Un1UOmQN:C2`n1DnQN8FO^n1IlQN6en1J\QN4en1L[QN3fn1NYQN2gn1NZQN1fn1N[QN2en1N[QN2dn1O\QN0en10[QN0en10[QN0en10[QNOfn11ZQNOfn10ZQN1fn1OZQN1Yo1100\ON[QN1fn1OZQN1en1O[QN1fn1OZQN1fn1OZQN0gn10d00fPN0dn11\QNOdn10]QN0Yo10[O0[QN0en10[QN0Zo10\O0e00O010000000000000O01000O10O01\PNOYo11<O010O11QPNOWhjW3
20151207173614Mh_6,bS_a0;7`0k0KQO\ON23O2b02?75Tn_2hNZQbM00100_O0RQN1nn1Oa0O00100000O11O0000O10OoPN2Sn1NlQN6Qn1JTRN7fm1IW1100001OO10O10000000O100001Ono10oo10SPL000no30RPL00001O0010O0100O1O1000000cPNLmn14SQNLnn14RQNLnn14QQNLon14QQNMon13PQNMQo12PQNNPo12oPNOQo12mPNOSo11lPNOUo12iPNOWo12fPN0Zo1;01O1O2N1001O1O1N1N10000000O1000O01O1O2N1O1O010O1O100O1O10O0100O010O10O001O0000000010O0000001N101O001N1O1O2N1O1O2OO10O10001N1O2N101N100O2N1O1O10O1N1N3N2O1O11O00001O0N2O10001O001O010O00001O010O0010O010O010O2O0O1O2O1N3L6In0QOYjjP3
20151207173614Mh_7,ihnQ21Q20Xl=1eQDO010001O100TP2MPP40noI1O1VP:NloE2[P8NfoG001N210aUek1
20151214171854Bh_1,hlTe12f031M@6c0IRPZ16lngN2N1O2O1N100O100O10O01O1O1O001O1O0001O001O001O0O20O00001O00001N100N2N2000000000001O000000001N1O101N101O1N10O1O1M3M2O1001O1O1O011ZOAjQN?Tn1GhQN8Yn1JdQN7\n1f01N2N2O1O100O1O1O1N3N2M3N2M2O101N1O001O1O1O1O1O1O2N2N2M4M3LUR]S2
20151214171854Bh_2,\hVZ11e0293d00`kS11fRnN2N2O2M10000010O0001O00001O00010O00010O10O02OO10O1001OO100O100O011OO11O001O1O001N102O0O100O010001N010O000000001O0O2O1O01N102N2M2O1O0001O3N4L0O10O010O010O01O2N1O001N1O2N1O2M4LRTU_2
20151214171854Bh_3,[T_i21<1J14O[Ph02UoYO3N1O1O100O1O1O1O1O100O001O00001O00000010O00001O000001N10000001O00001O00000000001O00000000000001O0000O2N2O1M4K]kXR1
20151214171854Bh_4,f`ak11=171]OO9OI46Neno12lPRN3\PNJXo1:dPNJYo1`0N101N101O0010O01O0100O1O100O1O1O001O100O1O1O001O1O001O0000001O000000O1000000O100O1N2O1O100O100O10O1000001O000O2O0000001O0000000O10001O00O1O1N2O010O100O10O10000O10O10O10O000010O0001N11O001O1N1000JAlPN?To1BkPN?Uo1501000O0100O010O0010O001O10O01O100O100O100O100O1O100O1O1O1O1O1O1O1O2O0M4Nm^fi1
20151214171854Bh_5,b_Qk1164KN1:1Do03QOM6l0Tl1TOgUP30kmoL0QP20PPN0O10000O1001N01000000000O1000O0010O000001O00000O010O1O1O010O01N101O10oo10RP>0oo_O0000010O0000000000001N10O1Ono30QP:0QPF0ePL0[O010ZO0[QN0en10[QN0en10\QN0Yo11O000[OO\QN1en1OYQN3fn1MZQN3fn1MZQN3en1N[QN2en1N\QN1Yo101O1O010O10O010O10O000001oo1OQPN0PP20Zo;0gPB000aPN0nn10QQN0on11PQNOQo11nPNOSo11lPNOTo12kPNOUo11jPNNWo1491\PNL[o16cPNJ^o1<O0010O0000000001O001O010O001O10O01O01O000001O010O010O010O0100O100O1O010O01000O10000O01000O2O0O2M4Kl_bf1
20151214171854Bh_6,gYSX211000>0E1g0O^m10PS^20dnaM4N1O2M101O00001O010O0010O01O010O10O00010O01O01O01O001O0000010O0000001O0001O00001O00001O00000000O100000000O1000O01000000O1000O01000000O010000O10O10O1000000000O10O100000O01000000O010O100000O01000000O1000O10O10001OO10O10001O0O10O10O1000000O10000O2O1N1O2OToa10lP^N2N1O1O001O00001O0]PNLZo14dPN0Zo11dPN1[o1:01O001O00010O001O01O1O2OO0100O010O5L00000O100O0100O10000O1O0010O001O010O1O1N2O1N3M2MPe\X1
20151214171854Bh_7,W^cX1280J6OO:KJ:Mc00TOOk00WOTom01cPTO3N2N2N1O1O1O1O1O1O00100O001O010N100O2N011N1000O10001O0O100O1O2N100O1O101N101O00O100L301O100000O2N10001O00100O00WOJhQN8Vn1i001000O1O2O0O3M4M1N2N2M4K4Ho`na2
20151214171854Bh_8,bUm[11144<3BI0RPZ11fogN5L4M3N6I2N2N1O1O1N2O10O00001N1K5I70001OO002OO2O010O1O00001O00001O000010O01O001O0010000O1000O10000000001O0010O010O001O010O001O01O01O000010O1O001O00101N1O1O1O01O0001O010O00010O01O1O100O1O0010O01O0O2O001N3M^iZ\2
20151214171854Bh_9,`[Tc0X3;0GgMRh1SOfZN1Wj1NnR\40PPdK0000000i25nL5I7N2L5M2N1O2I7L30001N2O0O10001O001O0O2O001O001N2O00001M3N1M4M201M3N1O2N2N2O0O101N101O000O2O0O101O0O101O001OnMlRNY1Sm1fNoRNY1Qm1fNQSNZ1nl1eNUSNZ1il1fNZSNY1el1fN^SNX1bl1hN_SNX1`l1hNaSNW1_l1hNcSNX1]l1gNeSNX1Zl1gNhSNX1Xl1hNiSNX1Vl1gNlSNX1Tl1hNmSNX1Rl1gNPTNX1Pl1hNQTNW1ok1hNRTNX1ok1gNRTNY1mk1fNUTNY1lk1fNTTNZ1lk1eNUTN[1lk1cNUTN^1Wm1O001O001O00000010O000001O001O001O010O00001O1O001O100O001O1O00001O010O0010O010O001O01000O010O101N100O100000O0010O010O01O01O01O010O010O100O100O00100O00001O1O001O010O001O0010O0001O0010O0001O010O00100O10O01O100O010O100O001O010O1O00100O01O01O00100O001O2O0O00010O01O00010O0010O0100O001000000O10010O0O2O3N1N0O010O02OO1O01000O010O02O000O1O2O000O100O100O10O01O1O010O1O001O0010O0001O001O001O001O1O000O2O0O2O0O2NS^cf2
20151214171854Bh_10,l^Vk21PQb02kn_O3N1N2N2O1O001O0010O0001ECRQN=nn1GlPN<To1DlPN;Uo17100O100O10000O10000^OePN>_o1000N21O1N10O10000000O101N101N1O101N2Nh`[Q1
20151214171854Bh_11,fnTU21T34\jc02UR^O6M1N2O1O10O10O01O0100001O01O1O010O`0@1PRNPOol1P1nRNTOQm1m0kRNWOXm1f0dRN]O\m1f0_RN]O`m1f0[RN\Oem1e0WRN^Ogm1^101O0010O011N10O01O2SORRNDdn1E_QN9in1YO]QNg0Po1N2N2N1O1O2N3L5HcnXg1
20151214171854Bh_12,kYSd242M>0C140knU1OQQVO040koI0noK000RP80^P>0WoYO0_PN1bo1O[PN3go122LmdXX1
20151214171854Bh_13,`[Wg0386a0<\On4c0VN^km1XL_nSNR1h3h0[Oc0Df0^O7I7I6K6J5K7I9H8YUNXKfi1k4VVNXKhi1l4RVNXKli1`5N001O002O000O10YKVVNX3ii1bLbVNX3`i1aLTWNP3EXLYh1d0YXNQ3[O`L[h1;`XNR3ROhL]h11fXNU3XN`La0;fh1EkXNe3XNiLTk1T3jTNoLZk1m2bTNXM]k1j2`TNXM`k1e2aTN\M_k1c2aTN^Mak1_2`TNbMck1Y2]TNoLLb0gk1a2[TNmLNc0gk1a3O1O1O1OeL`TNW2_k1gMdTNY2\k1cMhTN]2Xk1aMjTN_2Vk1]MmTNd2Rk1ZMPUNg2oj1UMUUNl2lj1mLYUNT3gj1fL^UNZ3bj1gL]UNZ3aj1kL[UNU3fj1kLZUNU3fj1lLZUNS3ej1nLcUNj2Zj1[MnUNZ2Qj1hMSUNC:c2bj1oMnTN@a0b2_j1PNnTN^Od0a2]j1oMSUN_O`0c2[j1oMUUN^O`0c2[j1oMUUN^Oa0c2Zj1oMUUN]Ob0NVOa2Sk1TNdVNb1]i1^NfVN_1[i1_NhVN_1Yi1]NiVNc1Yi1ZNiVNe1hk12O1N2O0O1O1O2M3N1O2O000O1O100N2O1I\MoRNh2ol154WMQSNZ2Rm1aMQSN]2]m1M1O9F2N7I5Kb0^O2O3L2N1O1O00O2N1N200N2O2N10001O000O10O1O1O000100000O1000O100O2O0oRNmNUk1S1kTNmNUk1S1kTNmNUk1S1kTNmNTk1T1lTNlNTk1T1kTNmNUk1R1lTNnNSk1S1mTNmNRk1R1QUNmNoj1R1RUNnNoj1Q1Q2N3L3L5J=DkZjm2
20151214171854Bh_14,VebY12T12d4O\KNQhU18_VlN5M2N2O1O000000000010N10010O01\RN^Oik1a0UTNAlk1?STNBlk1>STNCnk1=QTNCok1>PTNBQl1?nSN@Rl1a0nSN^ORl1b0PTN\OQl1d0f10XRN\OSl1c0mSN]OSl1d0lSN\OUl1c0iSN@Wl1`0gSNAZl1?dSNCSOJhl1b0UTND]l1<cSND\l1=dSNC\l1=eSNA[l1?fSNAZl1?gSNAWl1?kSN_OVl1a0jSN_OVl1a0jSN^OVl1c0iSN^OWl1a0jSN^OQOOcl1a0]TN@Wl1`0jSN_OoN0cl1`0_TN@Vl1?jSNAWl1=jSNCXl1:iSNFYl16iSNJWn10h00ZO0TO0f10UO0O010Wo10j00noM000kP20UoM0O10O10]P<0coC0010O10O100O010O010O000000O10O0jS__2
20151214171854Bh_15,[fTZ11Z10bmc01_Zcd2
20151214171854Bh_16,n]hX21bP`02WoA7L2O00000O100L41OO1N2OJgPNFZo1961000000002ON1001O0000O1001OO02O00O100001N02N100001O1OkaUd1
20151214171854Bh_17,nVYi111101T1=TOAYom02ZPTO2N1O2N100O100000O0100O100O1O1O001O1O0010O01O01O01O01O00010O001O1O00100O10O01000O0\OGaQN;_n1F^QN<bn1D\QN>cn1EYQN<hn1>000O10000O1O2O0O100O2N101O0EjPNKWo14jPNLVo14jPNLVo12mPNMSo13mPNMSo12nPNNRo12nPNNQo13oPNMQo13oPNMRo11oPNOQo11oPNOQo12nPNMTo12lPNMVo12=OahRQ2
20151214171854Bh_18,jWci11a01DOO1N0joc0OTP^O0O0PP<0UghT2
20151214171854Bh_19,PWem226OK5972DOb0IA3MKa04_O0395DJ1>inU1BnPlN5K4L3N1N3M2M3N2N2O1O001O001O1O0001O0000000O1O1O010O1O001000O1O1O101O0OO200O10O001O1O002M2J6M4N002O00O100010O010O0001O0D_QNZO`n1d0?O1O100O1O00100O1O010N21N01000000O100O10010O000O10000O10000O2O1O1N2N3L4MThPk0
20151227133734Ch_1,PgXU2;_1M]2L^M1iNOh0O@6h0MMN_O19NRb1NZjN0`Yk03QYVO9M23GPS`1LYm_N0_i5ObVJ000YR83bmG2L6M2O00001N2O1O011N010O000O2O1O10O00000O1000O1QRN[Ocl1e0\10000001O000000O11O01O01O01O0000001O00001O000010O01O001O000O2O00001O001O01O2O0O01O1O10O1O100O1O002N1O2OOcZN[O_[1f0n91N101N100O0010O0100000O1O02O001N110O2N8H1O2N001N11O1OO3OOO02OO010000010O3M102M0O01O100O1O2O000O1O2M2N2O1M4N1O1O1O1O1O2OO10O2N1O10001N011N011O0O11O000001O1OeTNDRg1<kXNIRg17lXNNXLJWj19_YNb0_f1_O[YNg0ef1XOXYNm0ff1SOWYNP1hf1QOWYNP1jf1oNPYNW1Pg1jNlXNY1Ug1hNRXNo1mg1RNiWNW2Xh1YNRWNl1oh1^NeVNc1\i1]N`VNf1bi1ZNZVNh1fi1ZNWVNg1ki1ZNPVNg1Sj1YNhUNh1]j1ZN\UNg1gj1;WUNbMlj1U2\UNhMhj1R2]UNkMgj1Q2]UNYMYk1d2iTNQM@0kk1i2W1K5K3XOoRNXN[m1T1T1H7K6H7K^Vh2EkejU1
20151227133734Ch_2,\_g_2188L3l0He07Uj1F`TN2eR^32jlcL7K1N3N1N4M1O002N0011O0O1O1O010O0000001O01O000000000O10000O1000000000000000001O0001O001O00001O001O001O001O1O1O0000000O100000O010O1O10O01O100O0100O1O1000O0100O100O1000O010000O10O10O1000O01000O01000O1O100O1N1O200O1O1000O10O0100O10000O2O00000O100O100O00100O0100O001O1O001L@fPNa0Yo14O00100O0010O10O01O1O0O2O1O001O010O010O01O10000O01000O01000O01000O010000O010O1N2O010O1O010O1O01000O10O0100O10O1000O10O100000O1000O1000O0100O10O0100O1000O010O01OO1001O1M20001O01O1O001O1000O10O1000O01O10000O00100O001O10O00100O010O0001000O00010O1N11000O010O0100O0100000O1O1O1O1O1O100O1N3O0OdSd2M`l[M0RP<3koC0O2R\ng0
20151227133734Ch_3,TQmf0191KO;1D9Vo]1I[PdN9N2N1O1N1010O00100O0100000000000000G_OSQNa0Vo100O1010O0005LO1O10O01O00001O00000100O3M001O00ZOFfQN:Po10O10O10O1000O0100N2N101000000001N100O1O100O2O00000O2O01O0000100O001O001O002N2M3N1N5M0O001O10@kPN4Uo1IoPN6Qo1GRQN8nn1GSQN:Zo1O1O3M1O010O000O101O0O2Ngnm0N\QRO000lnlo2
20151227133734Ch_4,olRe11=2e0OSO6Tnk0LcQVO2N1O1O1O2O0O100000O1O100O0010O010O00100O0010O01O0001O00010O0001O1O2N2N10000cPN@Yo1?fPNC]o1:bPNG^o1=1O4L100O101N100O010O001O1O00100O010O010O001O01O0001O000000001O001N[Q[U2
20151227133734Ch_5,UYmQ2?>DG352<0ml?0TRB4M11OO011N2N4M2N1O1O2O0O2N1005J20N010O10O100O2O0O1O1OXN@TTN;km1N0001OO0000000O2N5JedTk1
20151227133734Ch_6,mSY`01943<0BI5LK:2KMM53KonW16aPjN3M3M3M2N2N3N2N1O2N1N2O10OO2O1M20100O2N2OO01O0000O01O2M200N1O120O0101O0O1000H8O010O1000000O1000BiQNSOWn1m0kQNQOTn1b0mQN\O2ORn1d0nQN\O1OPn1f0^RNYOcm1>lQN@d0O`m1`0oQN@ln1;>O10O1N3N2O001000000000010O01O00000001O001O00O2OYO^OPRNa0Qn1_OPRN?in102N001O100O11N100O10O100O1O1O0O2NojXX3
20160116133734Ch_1,_]^Y11=1I45M30H54MOL_mo02YRPO2^o1>M2N2O2N01O000O2O1N1O2O1O001O010O01O1O1O1O01O0000001O002O00O10000O2O1N101O000000001O14L2N00fPN0bn1g01O0O1O1O1O2N2N2N1N2O1O1N2O001O100O00100O2O1N2N1O1O1O1Nn_k`2
20160116133734Ch_2,cXa\1110=0M1J2c00[OM91K0Xoe07VP\O3N1N2O1O100O010O000001O001O01O0O1O1M3G9I7O2O00O1J4N4O1O0O2O002N101O1O0O2O1O0001N101O10O1O100O1O1O1O1N:Djf^_2
20160116133734Ch_3,YdfZ2310j06U11QNK0N\1;POG\je0;eT\O5L3M5L4L3L4N1O3OO101O2M3O0O2N0O1O1N2O1N101j0VO6I8H2O2L2N3N15L5Ik0VO6I5L1N2N3L2O0OO011OO01010O0000O02N002M6HiUYa1
20160116133734Ch_4,\kRc01731NJg00^Ob0OSog0ORPZO3N100O001O1O0O2O0000000O1O1000000O1O100O001O1O1O1O10O1000O2O0O2O0O2N1O10O0L401O1O10001000O11N101N3M7GPTmX3
20160116133734Ch_5,chng11j03WOM70c00]me06aQ\O2M2O1N2O0010O0100O1O100O2O0002N2OO001O1N2N2O1O1O0031ON0O00000001O1N2O0O2O001N6K00001O1N2OO01O001O001N3LWUQT2
20160116133734Ch_6,RhZS11873OFK\ok00`PVO2N101O001O0000001O0000000000001O00010O001N100O101O00000O2O1O1O001O0O100O100O0001H701O100O10O10O100O01000O10O10O1N110O1O1O100O100O1OiWcg2
20160116133734Ch_7,PZPh111047NI65IL3012MMO3aom0O_PRO1ao1:L4K4M3K5N2N2N11OO11I60FVO[QNn0dn162K4O2O100O1O1O1000000O2O0001O0001O01O01O01O000001N101O1N101N101O00000000O10O100000O100O001O00010O01O001O1N2O2L3M4JheaR2
20160116133734Ch_8,f]ec0h03YO1f1lmk1kN]QVN4K:G2M5L2O1N1O2O00001N101O00001O000010O000001O0001O00100O002bNcQNV1dn1O1O100POXQNMOd0jn1]O`QNa0Qo1N1O01O0001O01O01O01O00001O00001O00001N1N200O1000O10001O0O101O0O1000000O101O00001O000000000000O101O000O101N1000001N100001O010O1O1O2N001O000000000O10O1N2O1O0100O1O1N2O1N101O100O10000O100000001O0000000O10001N101N103Ke`^Q3
20160116133734Ch_9,R[jl11j0685oNK:O0Me00[O3Yj1LVVN585oNK:O0Me00[O3Qkk4M_TVK4L5L3M3M3N7H2O2N001N2O1O1O1N2O00001O001O000000000O100000O1000000O1000000O2O0O100O100000000O100O101N10000000001N101O000010O0001O0000010O01O0010O000010O001O0001O01O00000010O0001O01O01O0001O01O00001O000010O000001O001O001O01O00000001O00010O00001O01O01O010O0001O010O00001O01O01O00000000000000001O000000010O00000001O0000001O1O1O3N2M3M3M7I001O1O1O2N1O1O2N2O0O1O1O0010O1O01O01000O01O1O10O01O010O001O1O1O010O00001N2O001O1O1O2O0O1O001O1O00100O2OO01O100000000O1000O10O10O1O010O010O00010O0001O000O10000O2O00001O001O000000001O00000010O01O01O1O001O1O100O2N01O0100O100O010O1O01O010O01O0010O00010000O0100O10O00100O010O100O00100O000010O00001O0000001O001O001O001N10001N1O2O1N1O2N2O00000O2O001N101O0000000001O010O002N100O2N002N1O0010O0001O0001O001O1O0O2O1N2O001O001O1N2O00002M1O2O1N1O2M2N3N2O0O2O00001L4N10WmW4MQTfK0YO1`11i]YQ1
20160116133734Ch_10,lgdl01`01Ik0_om1XOSPTN1N1O100O2N1O100O1O10000O01000O1000000O1O001O1O100O100O10000O0100O1N101O1O100O010HbPNM_o13bPNK_o156000O10000000O1000O100O01000000O010000000000000O0100000000O1L3014KL5000O100O101O00000O100001OK]PNMco12_PNMao12`PNN`o12aPNN^o12bPNN_o11bPNN^o12bPNN^o12bPNN_o11aPNO_o1180001O00YPN0^o10bPN0^o10bPN0^o109000ZPN0\o1190O10O100O0100001O^PN0So70_PJ000oo1000PPN0PP20cPL0Wo30koM0<0[PN0Zo10fPN0do30foM0fPN0Zo10ePN1eo1O10E0ePN1[o1OePN1Zo1OgPN0Zo10ePN1Zo10dPN1]o1NdPN1]o1ObPN1^o10aPNOao11^PNOco11]PNOco11\PNOeo1150UPNOgo11XPNOjo12jWag2
20160226151654Bh_1,dbbT2111<3W1O`NO7Ogm=:_QD7K4J6K7I5I6K4OTOfQN5Vn1HTRN5im1I\RN6am1HgRN5Wm1JmRN5Rm1IQSN7nl1EWSN;Wn110O010O0O1O100O2N1N2O1O001O1N3MiZQi1
20160226151654Bh_2,PjTn213<Y1FfmU10jPlN2O1O0O10001O0000000O2O00000O10O010O01O1O0O200O010O1000O1000001N1000000000O100O2N100O101N100O1N3N2N2N2OGoPNDon1=QQNCon1=RQNCmn1=TQNCkn1=UQNDjn1<WQNDhn1<YQNCgn1=YQNDfn1<[QNCen1<\QNEcn1:^QNFbn1:^QNGan19_QNGan19`QNG_n19aQNH^n18bQNH_n17aQNJ^n16bQNK^n15bQNJ_n15aQNL_n13aQNN`n10aQNOan1O_QN2bn1L^QN4dn1JWQNIN=mn1GTQN0M:Xo17O1001O00001O001O1N2O2M5K2MdTmj0
20160226151654Bh_3,n_Pc2242m1MX12ZN2WOL:1SO18NRhW29SWjM4M2N1N3O1N1000O10O1O01000O1O100O1N2_OYOfQNj0Vn1a001O0010000O10O0100000001O00000001O000100O1O001O001M4N1N2N101O1N100O100000O100O10001N101O0000001O1O002N001O1N2O2N2N1O1N3N1N102N001O1O00001O01O1O001O1O1O1O2OO01O10O10O01O002N011OO02O0001N011OO02N010O1O1O2O1N100O1nTN^Ndg1d1WXNdNdg1^1YXNhNcg1Y1ZXNlNbg1U1]XNlNbg1V1\XNkNdg1U1[XNlNeg1W1VXNkNjg1V1TXNkNkg1X1RXNhNPh1Y1mWNgNSh1`1fWN`N\h1l1WWNTNih1l1VWNTNkh1m1SWNTNmh1m1QWNSNQi1m1mVNSNTi1m1kVNUNTi1k1lVNTNUi1m1iVNTNWi1k1iVNVNXi1i1hVNVNYi1S2]VNoMgi1l1XVNTNki1k1SVNVNRj1d1nUN]NXj1\1hUNdN^j1W1_UNkNcj1S1]UNmNej1Q1ZUNPOhj1n0WUNSOlj1j0TUNVOnj1h0RUNXOoj1f0RUNXORk1d0QUNZORk1b0QUN\ORk1a0oTNZO\k18oTNCWk15PUNBbk1Mm\]P1
20160226151654Bh_4,gYQY11o01RO77HZoa01XP@7L2M3N100O100O1N10O1N3O01000O010O1M21M201O10000O01O00O10N2O101O0010O01O100O10000O10001M3LRf`c2
20160226151654Bh_5,^Wkg21445M[oc00gP\O0To14fPN1Yo10fPN1Xo10gPN2Xo1OgPN2Xo1NhPN3Xo1MgPN3Yo1:01O00010O01O001O1N101O100O1O2N2O00O010N2O001N100O1O1001O0000010O001O0O2O1O0M4N2Nkg`T1
20160226151654Bh_6,_`Pc22c0O?0PO130j2O\jS24^RnM46I_n=6WQB4L4O2M2O1O1O1O1O1O2lPNVOon1<RQNMQo1Ob0O1O1O10000O100O10001O000000001O01O00001O0O10000O10N110O0010000O100O2O000000QP60ooI010O0000010O10O11OO0100002OO1O01O010OQP20O0PPN0O0QP20ooM0000000XPl00joUO0ooM0O10O1000O00010QP:0ooK010ooI0QP2000ooM0SP40moK000000001O005K2N501K4NGaPNKlo1O00010O0O2O1OVP20ioM3O9I20IcZYP1
20160226151654Bh_7,h`Pc21:0dQP20omQN50N1N10O01O00an11[QN6K3LF_PN170Xo11lPNORo1ORQN1mn1OUQN0^o1000000001O0VPNOeo12XPf5NQPbJ0RPf00joQO01000O1000000010O1OVP<0joC00005L04NZPNNZo1=4DYPN3ko1010N0g[iP1
20160311020654Uh_1,ca`]11?1DO80i03nN014NJ055MPmg1NgRZN2N3N1O1O2N1O010O10O0100O100O10O100O10000O1O10O010O01O10O01O010O0010O0010O010O010O01O01O01O0010O010O000010O010O0010O010O01O100O00100O1O1O010O10O010O10O0100O010O010O10O0100O01000O0100O010O010O010O10O1O1000O0100O10O1bPNGTo18kPNIVo19fPNIYo1`0O100O010O100O00100O010O010O01O10O01O0CjPN0Vo10kPN0Uo1OkPN1Uo1OkPN1Vo1NjPN2Vo1NjPN2Wo1MjPN2Xo1LiPN3Wo1LkPN3co1M3MT[oW2
20160311020654Uh_2,iaWk11:63KM2G19MhnS2OkPnM4N0O2O0O1EKkPN6So1LkPN5To1LlPN4To1MjPN4Uo1MjPN4Uo1NiPN3Uo1=O100O1O10000000000000000010O1O2N2N1O10O01O1O1O010O01O003M1O001O00001O00000O2O00000O10000O101O00000000000000000010O001O1O1O1O1O0000100O0\OkPN=Wo1_OmPN?Zo1O2O00000O10O1000000000000000000000000000000000O100000000000O100000001O00000000001O001O1N4M2N000O10000O1000000O10O1000O1O010O0000010O01O010O100_OnPN3So1LPQN2Po1MRQN0Qo1NPQN1Ro1MPQN2Qo1LQQN2[\hh1
20160311020654Uh_3,h`bR31>0H2N6NN3LLO99GH30:0Smm19lQTN9N0N3O000O2O00O10O0100O2O00001O0003N1N1O10O01O1O001O10O00000O100O100O2N1O1O1O1O1O1O1N2O100O10O1000000O101O002N4L1O10O01O010O0001O10O01O1O0010O01O00001O01O0010O0001O1O100O101N1O2O0O0010O001O010O001O00100O010O10O010O010000O11N10O10O100O01000O11O0O011O0011N1OO200O0O10000O100O10O10O1O1O1O1O1O001O1O1O1N2O0O6K^mg1LgaY>
20160311020654Uh_4,dXPl13l02ZOO?6c0H40kN25N`27YNHbd10b\P36^moL6]PNFWo1d0K7K1N3O1N2N101L4M2MkNbQNo0Zn1TOfQNm0Vn1UOlQNk0Rn1VOoQNj0Pn1VOPRNk0nm1WOPRNl0nm1TOQRNn0nm1e0L3N2N3M1O3M0O2O001O1O100O010O001O001O1O000001O00000O1O10000O100O1000001M200O1O1O1O2N1N2N3L3N200N200N200O00100001O00000000001O0000000001O00001000O102M012N2O1N0001OO11O0010O00000O01000O02OO02OO10O1O1O2O0O2O0O1iNoQN>Qn1_ORRN`0om1^OTRNa0mm1[OWRNd0hm1[OYRNe0im1WO[RNi0em1TO]RNl0]n16H20N11O0O2N100O3NO13L21OO01O2N10000O01N010000O1O2N2N5L1O2M1O3M010O2O1O1O0O11N1O100O2O1N011N10O11N101O00O100O11N100O001O1O011N010O001000O02O1O0O2O1O1N2O2OO00010N22L12ON3N011NO21N010N1001O001OO1002N003M4I5L200O2OO0001O0O2O0O100O1O10000O2N101O000O2O1O1N3M2N5IZRT3MP[[Z1
20160311020654Uh_5,hh\m21m00c03jN2on_1N`PbN5L3N1O1O100O1O1O1O001O1OHfPNLYo14iPNJVo179001O0O2CKnPN5Ro1<F:00O02N100O100O2O000000001GTQN\Omn1d07GjPNHXo16:0O010000O100001O00000001O00001N11O000010O01O001O00000000000000000001O001O010O0010O00010O00010O010O010O0100O10O10O10O10O010000001N100O0100O10000O2O1O2N1N101O000O100001O5K1N2O0O4KWUSi0
20160311020654Uh_6,\W_h02f024NE7FM7e0IWO229MO5\n[1LQQfN5L2O1N100O100O100O1O1O010OO20O001000O01000000N2O1O2N1N200O001O1O1N3M2O1O1O1O2N1N2N3M3N2O0O2N101M2O1O1O1OXOPRNBPn1=RRNAnm1?URN^Okm1b0VRN]Ojm1c0XRNZOim1f0YRNXOgm1g0]RNVOcm1j0h0101O00000001O1OKTOWQNm0hn1501000O2OaN@_SN?^l1EcSN8^l1IcSN5]l1KdSN3]l1McSN2^l1NcSN1]l1OdSNO]l10eSNN\l12eSNMZl13nSNDTl1;i1O1O100O2N100O2O001O00000O10001N1O2Nbgdo2
20160311020654Uh_7,hhXn21]11iN0K040loo0OmoQO0oo10[P40foI2N1O01O0N30O00001OO000010O010O010in?0WQJ0QPF0kVUn0
20160311020654Uh_8,g`eT13>4[oi0MRPXO2N1O10000000000000000000O10000ON3O10O1000O10000000001N100000001O00O100E]PN9eo100O1O1O10000O10O10000O01000O10000O010O1000O010O100O101N1OU_\f2
20160311020654Uh_9,cY``113;1I`00J6FLVm1J[U`33Um_L2O1O2N1O2O1N100O100O1O100000O010000O10O10000O1000O10O010O1000O000L5000O010000000000O10000O1O00100O1O100O010O10O10O01O001O1O0100O100000000O10000000000000000O0100O1O0N3N20O01O10OO110O010001N100000000000000000000000000001O000O10001O0O100O1000000O10000000O1O10000O1000000O2N103L10001N101O000000000000000O01O10000O0100O10000O10001O00DQQNGon19QQNGon19QQNHnn19QQNGnn1:RQNFnn1g0O0000001O00WOYQN9gn1E_QNMF3jn10jQNOUn1NRRNNom10RRN0Po1O_Pj01boUOOlm_20SR`M00001O00000000000000O100000000000000000000000QP40ooK00001O10O01O001O101N10001OO20O0O21N00XP6JnoK1noM011N0010000O2N101O01OO100O20NaPNIWo17ePNJ]o17`PNJao1:1N2O1O6I^d]h1
20160312020554Uh_1,]^Td21e03DNf00[O7GIVno08\QRO3N3N1K5N2001N100000O100O0O2O1O001O101O000000001O0001O001O1O1O1O1N_QN]Ohm1b0XRN@gm1?YRNAhm1?WRNBim1<XRNDim1;XRNEhm1:XRNGhm18XRNHhm19WRNHim17XRNIhm17WRNIkm15URNLkm15SRNKnm1=iQNDWn1=gQNDXn1?dQNC\n1Q10O2N1O2O0O201N2M3N1N2N1N2O1O1N2O100O00O1000000001N3N4J^_QV1
20160312020554Uh_2,n`Xg1116m0N[ng10`PZN2O2N1O1O1000O10001O001O010O0100O10O0100O00100O010O010O10000O100O100O1O10O01000O3N1N1O100O10O010O00100O001000O1000O10O10000O01000O10O10O1O10O010O0100O010O10O010O010O10O0100O1O0100O0010O0001O010O01O0010O01O1O0000010O00000000010O01O0000100O001O0O2O001O0O3Mb\on1
20160312020554Uh_3,eaoS21e01\OO33a04ENRn_1M_QbN4M2N2O1cPNFQo1=kPNGSo1;jPNGUo1b00001O01O00O2O0O101N2N1O2N2O1O2M3N1N101O001O0010O0cNaQNY1cn1001N10000O100000VO_QN5`n1BbQNKOb0`n1_OfQNMKd0\n1BjQNIIf0\n1BkQNb0Vn1^OjQNb0Vn1_OhQNa0Yn1_OfQNb0[n1]OdQNd0\n1\OcQNe0]n1[ObQNf0^n1YOcQNg0]n1YOdQNf0\n1ZOfQNd0Zn1]OfQNb0Zn1@dQN`0[n1BdQN>\n1DbQN=]n1c0O100000O2O00001O1N101N10000O2O0O2UO[QN8gn1E\QN9fn1D\QN<fn1A[QN?So10001O0001O01O000001M2O100O100000O1000001N11O000000001O4L2N1O2N0010O00001O1N2O1O1N3KS]lb1
20160312020554Uh_4,QiPX3233NM=6KK541LBOd06_O:0DOKVnS13URlN;_n1I]QN:`n1I]QN:`n1I^QN8`n1K]QN6bn1e0N1O100N01N2N3000VOmNgRNS1Ym1QObRNm0`m1VO[RNk0gm1XOURN=Wn1e010O2N1L[NnQNb1Rn152N2E<M2N3M3G9O1N2O2N2O1N2N1O10O100O0100000000001O000000000010O000000001O001O010O10O0100001O0100O010O00O01O1O1N5K`Uka0
20160312020554Uh_5,QZoi01:3I4;LD25M[nS2N[QnM3N2N1O2O1O1O1N101O1O1O3M10O001_OePN;`o101O001O0001O01O010O000010O010O3M1O1O0000001O0000001O00001O001O1O1O010O00000000000010O000001O01O0100O01O01O000010O00001O00001O0000O10000000000000]OhPN>Yo1@iPN?]o1O00O100O100O1000O10000000001O0000000O2O001O00001OO1000000O1000000000001OO10000000O2O00001O001O01O01N1000001O000000000010O000@fPN:Zo1EhPN;^o101O010O0001O01O001O00100O001O1O001O1O001OSOKPRN4Pn1LPRN4Pn1LPRN4Pn1LQRN2Pn1NPRN2Vcdh2
20160312020554Uh_6,^bZP1164MM=0064Kcnk0NdPVO7L2N3M2N2N2N2N2O1N2O1N_OTQN0ln1OWQN0gn10[QN0dn1O^QN0bn10^QN0an11`QNN`n12aQNM^n13dQNL[n15eQNKZn15hQNJWn16kQNHUn18i01O01O00O100O1001O001O1O0001O001N1N2O20O001O00100O10O10O10000001O00001O2O0O0100O1O100O2N3M3Mg\]j2
20160312020554Uh_7,mQe=118233I0MN<9HFKO6ln[1NjPfN6K3BFSQN;kn1IRQN8mn1KPQN6cn1AaQNQ1\n1:01OM30O2O00100O100N1110O000001O00dNcQNU1en1O0100O1O01000O001O0000000000000O1000000000O1000000O010000000G]QNVOcn1b0]QN[O03dn1>`QN^OL4en1=`QNI_n17aQNI`n11]QND0=cn1N^QNDN?ln1DWQNa0kn1]OVQNc0jn1\OWQNc0jn1[OXQNe0Qo1010O10O0100O0100O0100O010O010O01O2O0O00100O001O1O0O100000000010O01O001O1O0O2O1N2N2N2NhkTZ3
20160327133714Th_1,QTUd12g14lN1EKM73H:6kj1JiY^21fjaM3N2N1O1O101M200N101N110N2OO100000001O0001O0010O0010O0001O000010N020OO10010O10O00001O0010O0001O000O10001O0000010O000100O001O0010O0010OO2O001O010N100O2N10001O000000010O010O01O010N110O10O01O1O01O010O1O01O010O000100OO110O1O00100N110O1O00100O010O01000O01O001O1N101000O01O1O001O001O1O0O1M4K4O2N2N1O200O1O10000000O10001O1O0O1O2O0O2N100O2N1O1O1O1O10O01O1O000010O0000001000O010O101N001O100N101O1N3M2O2N3Lkjjl1
20160327133714Th_2,WUiV231Nk13DNQO1>Nj02Vmg12jPZN3N2N101N1O100O1000O0100O010O0100O01O000010O01000O10O100O01O00100O01O00010O1N10100O00100O010000O100000O01000VLARXN`0lg1EQXN;mg1GRXN9mg1JQXN7ng1KPXN6og1KQXN4og1NoWN2Qh1OnWN1Sh1OlWN2Sh1OlWN1Th10jWN2Vh1NiWN2Wh1NjWN1Wh1NiWN3Wh1MhWN3Xh1MhWN4Xh1LgWN5Yh1JgWN6Zh1IfWN8Zh1HfWN7\h1GdWN9]h1HbWN8_h1GbWN7`h1I_WN7bh1I^WN5dh1J]WN5ch1L^WN1eh1N[WN1fh1OZWNOgh11YWNOhh10VWN1lh1ORWN1oh1OQWN0Qi10lVN1Ui1OjVN1Xi1NfVN2]i1N`VN4ai1K^VN4di1MYVN4hi1LVVN4mi1MPVN1Sj10kUNNXj13gUNL[j13eUNL\j15fUNG\j19eUND\j1<e2O01O010O010O2N2N10002M2O1oQNYOfl1h0SSN^Oll1e0nRN^OSm1e0\RNPO0=fm1b11O2N1O2M3N3M3M4L6Jb0^O8HhgZ_1
20160327133714Th_3,aYYW217095?LPoU10QPlNOanS40]QlK0no30RPL00010PP40PPL010O101O02NO0XP:0coK1RPJ0me^a1
20160327133714Th_4,hUc[2360g01DME20N=0mlk10fS40]niN0]PXO1O22000a0M@4^gX_1
20160327133714Th_5,nZgT1143M050MN3O74ELQoc15_P^N9N2O0O100O1000000O1000000O100O100O1O1O100000001N10001O001O000000000001O2N2N1O2N1O001O001O0000000001N10001O00001O1O1O1O010O02N2N2N1O000000000O2O00000001O00000O1000000001O0O1000O10OO10O2O10000O10O100000000O100000000000O0100O001O10O01000O1O1O1O2N100O2O1N2O4KYdba2
20160327133714Th_6,^Zin05c0N^O022944IF`0LF030J1MO1`k1NQXd21Zl[M3M1O1O2N10000O1O10000O010O100000O01000O10O10O10O10O10O10O010O0100O1O001N10100O10O0100000O010O10001O0O100O10001N1O100O1O2O0O2M3Nbna01]Q^O1N32M1O1O00000000000000000000000000000001O00000VONfQN3Yn1MgQN3Yn1MhQN2So11O01O00SONmQN1Qo1001O000000000UONhQN2Xn10fQN0[n10dQN0^n10`QN0an10^QN1bn1N^QN2bn1O]QN1dn1N\QN2en1NZQN3en1M[QN3en1M[QN4en1K[QN6dn1J\QN6dn1J]QN5Wo11O01O00010O1O1O1O001O0000ZOO]QN0fn10XQN0hn11WQNOjn10VQN0jn10VQN0jn10VQN0jn10VQN0\o11_OOSQN1mn1OSQN1mn1OSQN1mn1OSQN1mn1OTQN0ln10TQN0ln10TQN0kn11UQNOkn10VQN0jn10VQN0jn10VQN0jn10VQN0in11WQNOin12b00cPNNln12TQNNkn13a0O01dPNMkn11VQNOkn10TQN1mn1ORQN2mn1OSQN0nn10RQN0nn10QQN0Po10PQN0Po1OQQN1nn10RQN0nn10RQN0nn10RQN0nn10RQN0nn1OSQN2kn1OUQN1kn1OUQN1kn1OUQN1jn10VQN0in11WQNOin11VQN0in10XQN0hn10XQNOhn11XQN0hn1OYQN0gn10ZQN0fn10YQN1gn1NZQN1gn1OYQN1fn10YQN0hn10WQN0jn10UQN1kn1OTQN1mn10QQN0Po10PQN0Po10oPN0Qo12nPNNRo13lPNMTo15kPNKUo19fPNHZo1>10O0101N100O1O101N1O101N1O2O0O2O1Nad^`2
20160327133714Th_7,gZSS1152ON22072GJ20O14c0KomS21WQnM3L4N1O1O10000O1000000O1O1O1OHdPNN[o12fPNNUo15nPNISo14PQNLon1MYQN3Zo100O100000000O[OO]QN1Yo10YOO_QN1an1O_QN1Xo100O100000Uo10SQT20hoiM0QP80QPJ0SP<0koI0PPH000O010000000oo10QPN000O0fPN0fn10dP40QPL0eo]20[PbM000QP40ooK00001O0[PNO\o1190YPNO_o1280VPNNeo16002M3M_dV`2
20160327133734Ch_1,QTic12c01_O3R11EK^O12O93M1b0Mdh1NaXN1d00Zma2Oio_M3N2N2N2O0O100O1O100N101O1O0O1O11OO01O20O000000001OO1010O00010O0001OO11O1O0000010O00010O00010O00001O01N101N110N11O01O010O0001O0010O01O010OO110N10001N1000001O0O2O00001O00010O01O010O10O01O1O001O00010OO1O20OO110N20O1O001O01O0010O01O01O10O01O2O000O100O10N2O0O2O1O0O2O001O0010O01O0O20OO2N101O001O1M3O1O1O1O100000000000O1000001N2O0O1O2O1N1O100N200O1O1O1O010O00001O0000001000O0100O10O01O1O00001O10O00010OO2O00100O1O1N200O1N3N1O3MnjZl1
20160327133734Ch_2,gYoV21f056NYOOcoW1NUPjN3N1O2N1O100O0100O01O10O010O10O10O010O010O010O0010O00100O010O10O01O010O001O1O001N2O0100O1000000O10000O10O10O10O100O1O1O00000O101O001O001N110O001N20O01000O1O1O2N101N6K1OO001O0100O00100O1O1O1O2Njefa1
20160327133734Ch_3,iZST1a02H<LYoi1LWPXN3L2FKePN:Yo17O1000000O10000O010O1000000000O01O1O1O100O100O101O00001O1O1O0000000001O1N2O2N1O1O001O1O001O0000000010N10000O2O00001O2N2N010O01YOlPN`0To1_OnPN`0Yo1O1000001N1000000000O10000O2O000000000O1001N10O1O01M30O01000000O100000O10001O0000000000000O1M21OO200O1000O10O0101M200O1O1000000000000O1O100O1O2N1O1O101N102Ladl`2
20160327133734Ch_4,VUaV222O?3j00ZONC1Y3OSMOTng10VQZN0O1ZPN0]o10dPN0[o10fPN0Zo10fPN0Yo10gPN1Yo1OgPN1Xo10gPN1Yo1NhPN1Yo1NhPN1Xo10gPN1Xo1OiPN0Xo10gPN0Yo11gPNOYo10hPNOYo11fPNO[o10fPN0Yo11fPN0Yo10hPNOYo11fPNOZo11gPNOYo11fPNO[o10ePN1Zo10fPN0Zo1OfPN2Yo1NhPN2Xo1NhPN1Xo1OhPN1Yo1OgPN1Xo1OiPN0Xo10gPN1Xo1OiPN0Wo10iPN1Vo10jPNOVo11jPN0Uo10lPNOTo11mPNORo11nPN0Qo10PQNOPo10RQN0mn10SQN0nn10RQN0mn11RQNOon11?100O1bPNMon13?000aPNMQo13>O10`PNNZk16jWNLlLOWk18kWNIoLNUk1<kWNFPMNTk1=lWNDQMORk1>lWNCSMOPk1?lWNBTMOPk1`0lWN@TM1oj1`0lWN_OUM1oj1a0\XN_Ocg1c0]XN\Ocg1e0\XN\Ocg1e0]XNZOdg1f0[XN[Odg1e0]XNZOdg1d0]XN\Ocg1c0iWN]O^M0ij1a0`XN_Oag1`0`XN@`g1`0P40001NfSNBUi1=kVNCUi1>jVNBWi1=iVNCXi1>gVNB_M0Vk1>i30STNBWh1>hWNBZh1=XWNDUi1;kVNDUM0ek1<UWNDXi1=V3O`SND\i1=`VNFai19\VNIfi16ZVNJgi15QVNJ_M1`l15nUN6Sj1IkUN9Uj1HiUN9Xj1GfUN7]j1JbUN5_j1L_UN4cj1L\UN3ej1NZUN0hj11XUNMjj12XUNKij16YUNGhj18YUNGgj1:QUNNnj12QUN0nj11PUN0Qk10mTN0Tk11jTNOXk12dTNN^k13`TNMak15[TNHkk19QTNETl1=gSNDZl1>cSNB_l1?[SNChl1?RSNCol1`0lRNAUm1b0aRNE`m1[12N3M3N2M3M4M2N3L8kNaQN;Xo1Gigb_1
20160327133734Ch_5,gUoZ21a04E1>43IG0H2ONN2^lY2LnUJ2\mmMNcPN0`o10QO1nQNOQn17i1IVO000Wn51kQJ001XQ2NSf`_1
20160327133734Ch_6,[lZh01b01_O21N4O<5A60E35^ma00UR@4L4N1N3M6J4L3MXORQN`0ln1_OWQN`0Wo1N1O2M3N1N2O1N101OO1000000000O11OO010O11O2M3N10005KN3N0O2N2N1N2N2O001O1NYQWT3
20160405014154Uh_1,`[og0a08@M8OK2292NLG6M[12aNmnQ2KmPPN4L3N3M1O1N3J5N200O1N3N1O001O1O1O1O1N2O1N2O10O01000O101N100O2O0O2O1N10000O100O1O1O1O10O01O10M3N101O010O01000000O010O010O01O00DSQNFmn19UQNEln1;<01O00001O00010O0001O10O0100O010000O2O0000@JWQN4gn10XQN0fn12ZQNNen13[QNLen15ZQNLdn16\QNJcn16]QNJcn17]QNIan18_QNIan17^QNIan19^QNHan18`QNG`n1:`QNE`n1;aQNE^n1;dQNC\n1>dQNA]n1>eQN@[n1`0fQN^O[n1b0`010001O1N1010O0O1O1010O0001O001000O00100O01000O100O001O01O01O01000O010O0100O00100O100O2O0O1O2N101N2O001N101O000O2O000000000O100O100O1O2N2N]cPk2
20160405014154Uh_2,dllo01:7Xog0J`PXO37LTo1:hPNHXo1a0O0000O101O1N1N3N1O2N2O100O0000000000000000O1000000O100000000000000010O0001O00000001O001O1O0O10O2N2O0001O2MnRkk2
20160405014154Uh_3,UWaa17c0MYoo03joQO4N2N001O100bPNFVo1;iPNFVo1c00O00001O001O00001O001O00000O100O101O0O100O100O001O010O0010N101N11O010OO1010O01O10O010O1O010000000000O1000000000O1O1O101N1O2O2N001O00000000001O00001N]hXX2
20160405014154Uh_4,][bW197J:84KC54LJNN300m0Kfki13WRXN0]QN=Xn1@^QN;49Zn1k0O1O000O010O001O1M3O001000O1O1O2N2jNeQNe0\n1YOeQNd0^n1<201N1O2001O1O1O1N2O1O1N2O0O2O001O0000011N100O10O100O2N4_NbQNW1gn1M1N2N2M2M4O1O1O0O3N2N1O2M2O1O001O100001N010000000000O10O10O10O1000O0010O010O0010O01O010000O1000O3N=B010N8I1O1O1O1O1O1O1O100O2O2N:F02N0O1jNjQNa0Xn1YOlQNf0Un1VOoQNi0Un1ROlQNn0dn1N202QOPQNh0Vo1O1O0O2N2N1O2M3M3M3MT`S^2
20160405014154Uh_5,TnTZ31;45O<M^nm05`PTO6I2O1N2N1O2N1G]OUQNc0jn1^OUQNc0jn1_ORQNd0mn18O2O00O10O10O1O0[OSQN7on1HSQN5Po1DPQNN1=Po1CVQN;Yo1OKFfPN9Zo1IfPN6Yo1LfPN4Zo1LfPN4Zo1MdPN4]o17000O2O000O100000000000O100OM4O10O0O2O1O1O100N2O00100O0001O00001M2N2010O0100O1O1O2N3HcQ]`0
20160405014154Uh_6,ldbk16?N`01i03Qk=JRSD7K3N3M2O2M3M3N2jPN]Okn1m0000O1O1O3M2O3K3N2O1N1O2O01N3M4L9G3N100O000O01O6I9G2N1O6HSXcQ2
20160405014154Uh_7,[U]_11h2:eMIPoU3O_PlL2N1O2N1NJ`PN1`o1NaPN1ho1O000001O00O100000ZOO]QN1cn1O]QN1cn10\QN0dn10\QN0dn10\QNOen11ZQN0fn10ZQN0fn10YQN0gn11YQNOgn12XQNNhn12WQNNjn12VQNNkn11TQNOmn11SQNOmn11RQNOon10QQN0on11PQNOQo10PQN0Po10oPN1Po1OPQN2Po1NPQN1Po1NQQN3nn1MSQN2ln1NUQN3jn1NUQN3jn1MWQN2jn1NUQN2kn1MVQN4in1LXQN3in1MVQN3\o1N2O0010O1O10O10000000000O10000000O001O010AOnPN2Ro1NmPN2To1OkPN1Uo11iPNOWo11iPNOWo12hPNMYo13gPNMYo13gPNLZo14fPNLZo14fPNLZo14fPNLZo15ePNK[o15ePNK[o15ePNK[o16cPNK]o1<O10000000000000000O1000000000O10O10000000O1O010F`PN5_o1KbPN4^o1KcPN5]o1KbPN7^o16O010N1000000001N100000LAfPN?Zo1BfPN>Yo1401O1N110O100O10000O01O1N2O1O001O100O10O00100O1000O10O10000O0100O1O1O1O100O100O2D`PN5ao1JbPN3_o1MbPN1_o1Ofo52`PJ2O1N2N2N4M0O101O1N101O000000000000000000000010O0000000O1000001O001O00000O1001O001O00000000000O100001O0000001O1O6I2O1O0O3LUog21ZkXi1
20160505025554Uh_1,[lZW31<1M6JL80HMa02YmS13lQnN5L2N3M1O101O10O2N1O0000O100O00100O2O1O000O01O01O01O0010O010O01O0010O000101N2O00001O0O100O000001O0001O001O1O0010O10O01O1O01O010O001O000010O00000000001O000010O001O00001O1O0O3MhQQb0
20160505025554Uh_2,icn\2115h0KZO3=6MO[n_1HlPbN5^PNO_o1;N3M101N100OLiPNAWo1=lPNBTo1=8O100O010O10O010O01O001O1O01O010O10O010O010O001O0100O10O1000O010000O010000O010O10O100O01000O100001O001O001O001N101O1O1O1O10O01O1000O7J0O103L01N100O10001O00001N101O0O10000100O1O2N1O010O10O10O10O1O100O100kPNEdn1<UQNMgn1g00O100O2M3N1N3L5J;D_ZkY1
20160505025554Uh_3,Ynfb01520501O160jnU1KfPlN2O0O1O1N3N1O101N101dPNBSo1g0N101N101O0000O2[OmPN;Uo1BmPN=To1BlPN=Vo1AkPN?\o1O0O1000O1O1N110O100O101O0001O10O0001N2O1O2NO10O0000100O010O100000O0100O00001O0001O0000000O100O2N100O10O10M3OO2O1O2M2O2N2N3M^QiV3
20160505025554Uh_4,]`dR111192j05oNN:1\m[2LQRfM4N1N3N4K2O2N1N3N1O001N1000000001O001N101N101N2O1O1O1N2O00000O20O0010O10O0010O1O010O0010O00010O000010O01O10O01O001O001O1O1O00100O00010O01O103L0001O001O001O2N010O00000000000O2O0000000000000001O1O001O2N10000O01O100O1O0jPNDin1<TQNGkn1:QQNJnn1d010O01O01O0010O0001O00001O01SOTQNd0mn1ZOTQNf0mn1XOTQNh0Ro1000O1001O000000001O0000O1O10000O1000000000O01MUOPQNl0nn1400O1000000000000001O00001O0000001O0000001N10000O2O0[OoPN:So1CPQN<d\i_2
20160505025554Uh_5,o[fi15;LN4NMO7?Nnm_1OUQbN2O1N2I7N2O0O2N101O0001O1O1J6O001O1O10O010O1000O1000O1001O00000000001O001O01O01O0002O1N100O010O001O100O3M10001O000O01O00000001O01O001O1O1O1O1O0010O00100OBfPN7Yo1JfPN7Yo190O01O001O100O001O00010O01O001O2O0O1O100O1000O2O1N4M0O1O0010O001N2O0O2N1N3K5M3O2LZbYm1
20160513133714Th_1,Q_^l0h11O1cN0b02WON0098EM28Nhh10oWf21fnYM3N3M2O1N2O010O1O1O1O010O001O10O01O10O10O100O0100O100O1O100O1000O100000O0101N100O1O10001N1O2O001O1N101O001N010000O100O100O1O001O1O001O1O001O001O001O00001O000000000O10001O00000O10000000000001O001O010O010O1O01O01O10O010O0010O0100O0010O010O10O01O10O010O01O100O0100O01000O100O2OO010O010O10O1000O0100O10O2OO010O10O001000O10O01O10O1000O1000O11OO1000001N2OO11N102M3N002M100000001O0O1000000001N102N10N110O0000O11O00O11OO1O000010O001O00O10001N100O1O1000001O010O1O1O001O2N2M3K6Jc[Qb2
20160513133714Th_2,f\kl2155LN3NN1101N5=hni0MbPXO4L4M3L3N2N2N1O1O1O1O1N2N200O1000001O001O2N1O10O101N9hNRQNl0So1N1O1O100O4M1N2O0O2N1O1O1O0010O00001O1O1O10O000000010O001O1O2N2N1O2M3L^a\n0
20160513133714Th_3,Y_Rl216013021L3OG53M[ng04WQZO3N1N3O0O1O2N1O2O0O101N101O0O101O000100O1O101N2O0O00010O1O1O2O1N101O0O10O100O100O00100O101N101O1O01O1O0O2N1N3N3LU_co0
20160513133714Th_4,Pb\o0117`0KAN85K1L86DVne03UQ\O<I5M3M2O1O2N0O2O2M2N1L5N2N1O2O00001O01UOfQNNZn10jQNOVn1GURN7km1HVRN9im1EZRN;fm1C[RN>fm1_O\RNa0bn100O100O101O1N2O00O00010O01O010O001O001O1O00001O01O00O2O2Ll[]l2
20160513133714Th_5,nPo9Y5bna0iJcnA1cSL6em1HkQN?32MNbm1P1XRN[Oam1c1N2O1N2O2N1O2N1O2O11N<E01O1O010O10N200O1N2M3N2M2N3M3M2N3M2N<D3N2M3N2M1O2O0O2N1O3M2N2N1O2O1M2O2M3MjjRb3
20160513133714Th_6,fhR`01132>ONinc0BSQ^O:E2O1O1O1O1O3M1O1O4L2O0O1O10O3M1O1O1O1O001O1O001O0O10O10O001O00001N2O0O1000000O2O000O110O100O1000001NSWQ\3
20160513133714Th_7,ZijR31:2H0O6>HG9NGfoe03oo[O4GKdPN7[o17TO@WRNa0im1_OVRNb0cn11O1O100O1O0M4O01O0O2K4N3O100O2O0O1O1O10O001O000O2O0O11O001O000001O2N10000O0O1M21I70001O1N2N]VWi0
20160513133714Th_8,f^jj2215643NHL2352<OKLH4ONhkk1OiSVN4ML4O011N110OdPNMln13a0OfPNNhn11d00fPNOdn11]QN0bn10_QNOan10`QN1_n1ObQN0^n10bQN1Vo1010O1O010O0WONdQN3\n1MdQN3[n1OcQN2]n1ObQN0T1N`k12[SN1S1Obk1O[SN2S1Odk1MZSN3R11Yl1OgSN1Yl1OhSN1Wl10hSN2Wl1MjSN2Vl1NkSN2Ul1MkSN3fk1LoRN1Z14hk1JmRN3Z13ik1KmRN1[13ik1KmRN2Y13kk1KlRN1Y14kk1KmRN1W15lk1JmRN1V15mk1JmRN1V15^l1L`SN4Pl1JmRN3Q12el11TRNLf03el1KmRNc0<B[m1?cRNAjl1KnRNb08Bll1LmRNa06Cnl1LlRNa04DQm1LjRN?5DUm1LeRN`04Ekm1<SRNF[m1I`RNa05Fkm1<SRNE`m1HYRNc07Fam1HTRNd09Edm1d0\RN\Oem1d0ZRN\Ogm1d0XRN\Oim1e0URN\Okm1d0TRN\Omm1e0PRN\OQn1e0mQN[OTn1e0jQN\OWn1W1O01O100O2N3M1O1O1O2N1O2N1O0000000O100001O01O1O1000001O1O00001O0000001O000O3N0O2O2N001O0O10O100000O100O100O100O000001O0000010O0000000001O1O1N3L5Li\aj0
20160602010754Uh_1,n]om11W11imk01lPVO6J3N2N1O001O1O01000000O1101N0000000000O1O10O01O2OO01O010O0010O01O01O01O01O0001O00000000000000O100O1O1001O00O10000000O10000000001O00001O2F_PN0c`jl1
20160602010754Uh_2,\dZR12d01FOPoc02aP^O4L2N10001N2N2N101N3N1N2O1O001O000001O001O0O2O001O0101N10O01O00010O00O101O001O0O1N2O100O1O100O1M4M3JW[ki2
20160602010754Uh_3,ncTj14]Ph01]oYO101N100O2N1N2M3O2O1O10O010O1O1O100O5L00O3M3M0000000000O10O001O10O1O010N2000O1O1O2O1O0O2O10O1O2BfPN2_o1HbPN9bo10011O00000O001O001O1NR[YQ2
20160602010754Uh_4,Q^Xf0n12QO3XOO3OS1dj1dNX50XQb36_n]L4M5L1O2O0N3O0O2N101O0O10001N10000000000O2O0000001O00001O00001O0000001O000000001O0001O000001O000001O0000001O00001O00001O001O3M1O001O1O001O0O101O0O101N101O0O1000001O000001O00000010O00010O010O000100O00002N001O010O001O001O000010O0000001O0001WQN\OTn1d0kQN]OVn1c0hQN@Vn1`0iQNBWn1?gQNBZn1L]QN<4J_n1I^QN=1L`n1F`QN`0MKdn1D_QNQ1hn11N10000O1000000000O10001O0O2O7I1O0O2O000O2O00000O1000000000000O10000001O000O100000001O000001O01O0001O01O0002N011N1O100O0010O01O0010O01O001O010O4A_PN7fo1O000001O0000000000001O1O1O1O1N2O1O1O0O3O0O00101N2N100O1O001O001N10001N1]QNSOSn1m0kQNVOTn1k0jQNWOUn1i0iQNZOVn1g0iQNZOVn1f0iQN[OWn1f0gQN[OYn1W1O0001O00000000001eNeQNo0[n1POfQNP1Zn1oNhQNP1Yn1nNhQNR1Yn1lNhQNT1bn100000000O100000000O1000000O100O101N1O100O2O0O2O0O2O001N2N2N3K\^oc2
20160602010754Uh_5,i`XW11i0;XOF`Pl1O_oWN0ooM00001O0000O10PP80PPH0000000O10O10hoQ10XPnN000O0g]Ud2
20160602010754Uh_6,cPQ<82JOj00BZoe0OVP\O3N1O1O1O100O1O10O01O0000N200O1O100000001O00001O001O010O00001O010O10000O02O01O00002O1N001O1N2O001NmnT`3
20160602010754Uh_7,`]bd132N25NL10a01dnY12bPhN2O0O2O00010O01O000011ZPNHO1]o1?01O000000000000O1000O10O10O01O1O1O1O0O2O100O100O1000000000000O0100HHhPN8Wo1JhPN6Wo1LhPN4Wo1NhPN0Zo10ePN1Zo11dPN1[o1:0O2O00102M3M1O00O1O1000000O1000O10000O01000O01O001000O010O1O1O1000000000001O0000001O00001N2NSbmS2
20160713133714Th_1,YV_V311210052NNL470JNON70N3LL00=7Finc04`P^O7K4G\OnPNj0Po14O00N2N3M2N2N2O1O01O001O01O000100O1O000O1O2O00010O00O1O200O01000O10O10000O01M3O2M3N3KWine0
20160713133714Th_2,RfjU11325OO1001NM2`0O^O002OO3O04LK22<5OK]kQ14mSPO2N2N2O001O01O01O001O001N101O0000001O01O00001O0001O10O0100O1O1000O11N2O3M4L3L3N6J4L2O2L6K3N01O1O100010028D2M3N1O4K2O000O2N1O001N100O1N2O1O1O1O2N1O1O1O1O100O1N3LRVQd2
20160713133714Th_3,dgjg11c00@4`0L03GOnmo09ZQRO4M3M2O1N2N2O1N2N2N2L4N2O0O2O1O1O1O1O1O00mNQRN6om1HSRN7Sn1APRN?in100O0100O011OO2N102M2O0O010O1O010O000010O00000000010O00001O00001O00001N101O1O00001O000000000000O10001N102L4LXVYR2
20160713133714Th_4,heZW2165a0LOO01A2in;5XoELQSN6ml1MQSN4ml1OQSN1Pm10nRN1YOFYm1;[SN1WOJ\m16[SN0WOBN7`m19YSNJ^OFG8cm18VSNK_O0\m16RSNL@0^m14PSNN_OOdm14kRN?Vm1BiRN<[m1G`RN8am1J]RN5em11SRNOnm1Q12N1O3L5J5K5J8G7I;_OfXef1
20160713133714Th_5,agln03:150E3f0<ED3MF4g0N25@J`0OPO49=3\Oijk0e0jSVOj0ZO>E7I6J6J5L4K4K6J6J6K4M4M3MkMmTNAoj19`UNB]j1;kUNBRj1<UVNCgi1<^VNE\i1;iVNEQi1<SWNEeh1=bWNBWh1?nWNAng1<YXNEbg1:dXNFWg1:nXNGlf1:XYNHbf17bYNIZf17lYNGQf18TZNFje19[ZNFbe18dZNGWe1:nZNDmd1>X[N@cd1c0b[N[OSd1n0P\NPOkc1T1Z\NgNcc1\1b\N_N]c1a1b5M2N2O2L3G9M3N2O1O2O1O1N2O1O1N2M5K6HmVcl2
20160713133714Th_6,TPWf13e10`00N6mNIa02\O19NnNNYf]11ZYdN<H5M2N1O2N1000O2N10O1000N200N200O10000001O001O1O0O1000001O0001O01O01000O01000001O0O2N100000O01000jRNJ`j16]UN7Zj1IbUN>[j1BbUNd0[j1\ObUNi0\j1XO`UNl0_j1TO_UNn0aj1SO[UNR1dj1nNXUNV1fj1kNXUNX1hj1iNTUNZ1kj1_OXTNe0hk1a0ZTNYNdk1d1bTNYN^k1e1fTNZNYk1c1kTN^NTk1^1QUN`NPk1]1RUNcNnj1[1UUNcNmj1Y1WUNfNjj1U1[UNjNej1S1^UNmNcj1o0_UNQOcj1j0bUNUO_j1b0iUN_OVj16TVNKli12VVNOki1NWVN3ji1GYVN:ii1BYVN=li1ZOYVNe0bl1M4M2O11O1dPNDRo1g0N8I>B2M2O2M3L6K3L3N1N2N1O3O0000O101N2TNaRNR1_n1I9F3M2M1O2L7I7GcfXQ2
20160713133714Th_7,bjTo022:=GJ4K16KW15lN0W1K^NN_la0h0`R@XOeQN>[o1Dhni0OdQTO3eP>LnnC00010O100^L1QWNNkh14XWNMbh15aWNKZh18gWNISh1:PXNFmg1:VXNFig17ZXNJok11oonm2
20160713133714Th_8,bgVg11:3<1CLk00lm]20QQfM0ooM000RP80QP20E0XPF0QP40ooM0PP20XP40_oG0fPZ10ToiN0kPJ0Vo10jPN0Vo12fPN0Zo12bPNO_o1900000O10000O01000O10O0010O10O01O1O00100O10O010O10000O010O01000O010O001O0O2L301O1N1O2N101O001O000001O1N2K7H`Wmn1
20160713133714Th_9,Rn^e14^1?ROB\34TMMOM@2MON2[20VO5fNOOITaS2OQ^nMb0E5L3K?C0001O010001O01N101O4L1O1O2N2N2N4L2N1OYQN[OVn1b0kQN^OVn1`0kQN@Vn1>jQNCXn19iQNHWn17iQNIXn16hQNKXn14iQNKWn15iQNLWn13iQNMXn13gQNOWn11jQNNWn11iQN0Wn10iQN0Vn11jQNNWn11iQN0Wn10iQN0Vn11jQNOVn11jQNOVn12iQNMYn12fQNN[n13cQNN]n12cQNM^n13bQNL_n14aQNL_n13aQNM`n13`QNM`n13`QNM`n12`QNO`n11`QN0`n1O`QN2^n1ObQN1`n1MaQN3^n1MbQN4]n1LdQN3\n1NdQN3?Ifl13lRN87Fol13kRN?H@`m10aSN6cl1JcTN8Uj1HhUN>Uj1BiUNb0Uj1^OhUNf0Xj1ZOdUNk0[j1UObUN5WN1Xl1I_UN4^N3Rl1J\UN4dN3Ql1HVUN5oN2jk1ITUN4VO3gk1IoTN3]O4hk1GfTN4H5]OG_k10SUN851[l11PTNLPOKUl11XUN1dNO[n10fQNN[n11fQNOZn11k000010O0l00WO3L7O43D00VNMbSN6Xl1LjSN3Sl1NPTN2lk1NZTN2`k1OcTN0Yk11jTNNTk13mTNNPk12RUNOkj11VUN0hj10[UNNdj14\UNLdj14\UNLdj14[UNMej13[UNLjj11TUN7fj1I^SN1R1>\k1GbSNIk0b0el1@QSNg0ll1XOQSNk0nl1UOoRNm0Rm1QOmRNR1Rm1nNjRNU1Wm1nNbRNW1_m1jNXRN\1hm1>2O3O01Nf0YO1N11N2M2O3M1N4M2M2N2O7H8H6J3M10O01O0002OO002L3O2N1N2N2M5J6J^Sn0_OVmQO0PPR10e`jk1
20160713133714Th_10,ceXV2150j02YO1LM625NK5OLhlU1OmRlN3M2N2O2NL4O1O200O2NURN0TN0go1000PP20PPN0O0100000000000O0\N0XSN1ll1OoRN0_n10O0^o11mPLOoWgf1
20160820233134Lh_1,ob^j015;OEN10198MO3HG50K\me06YR\O3M3N0010000001O0000000001O3L2O0000O0O1O2O000001O1O2N3M2N100103NO1OO001O2N1O11O0O00100O1O01O1O1N101N1O1O1O1N4LgZ[Q3
20160820233134Lh_2,jenk2172J41O;K:022I0INjlc15cR^N4K4I8L3N2N1O100000O1O1O10001O0O10001OiPN_Oon1j0O1O1001O5K2M20OO100O1O2O00000O100O101O0O10000O1O100O010O01O10O01O10O01O010O001O010O010O101O2M3N00O101N2O0O100O100O100O100O1O01O000001O01O01O00010O001O00001O01O01O010O0001O010O010O0010O00100O1O0010O010O01O00001O2M4JRW]j0
20160820233134Lh_3,o]TT2151M29`05]OB1`n;4VQF4N1O1O0O2M2N3N3N4L3M5L1N2M4M3N0N100O1OWOdQNN]n12gQNG^n17f0I7O2Ofaki1
20160820233134Lh_4,dfTZ11`04AMj0=QnQ1BPQPO7K3L3N2N2O0O1O2O0O3N1O1O000000000O001M3ODRQNGmn1:XQNAin1?;100000O1000000O100OnPNCcn1=\QNEcn1:^QNFan1:_QNH`n18`QNHan16^QNMan12]QN2cn1M\QN5gn1D\QN<So12O001O000010O000CfPN5Zo1FfPN00:ao11O1M4O00001O11O0O01O0O1O100N20000001O1O2M3N0O2M3O1N4M1N3MkWg_2
20160820233134Lh_5,mhXQ3:^og0GbPZO0O10O00SP<0moQ20PPbM0001001RW_j0
20160828133734Ch_1,Wc`j1172M3MO0M2O<3?O@4GLolo02dRRO6L5K3N5J5M0O1O100O0101N2N1O2N101N2O001N10O0100O1O1O10O1O0000100O0100000O010O10O01O10O101O1N10000000O01000O10O010001O01O100O0010O000O1000000100O000O1O100O1O002N002M4LlYWo1
20160828133734Ch_2,\_\l1151;3c0Mbn[14SPfN4M2N2N2O1N100O2N100O1O2O0O001O1O1O1N2O1O1O1O1O1O100O1O1O1ODYQNAgn1=]QN@cn1a0^QN^Oan1b0bQNZO`n1e0=010O01O010O10O010000O100O010O1O1O1O0O2O1O010O1O00100O010O100O010000O0100000O100000000000O100000O10O1000000000000000000000000000000O100000001N10001O0O2O1N2N2NR`Sk1
20160828133734Ch_3,ifRQ221<^2H[j1KgTP43ZnoK1O2N1O1O2N1O1O1O1O1O1O1O010O1O010O10O100O01000O01000O10O01000O010000O10O100000O01000000000O10000000000O01000000000000000000000010O000000001O0001O01O000010O0001O0001O01O0001O01O00010O01O00001O0000010O00001O0001O01O00001O01O010O000010O01O010O00010O010O0001O01O00000001O000000001N1000000000001O0000001O0000001O0000001O1O010002N0010O01N10O010000O010O010O01O001O010O0010O0000000010O000001O000000001O0000000O101O00000O2O00001O0000001O00001O010O000001O000010O01O100O001O010O00010O010O010O01O1O010O01O010O0010O01O10O00010O01O010O01O010O0010O01O01O10O0100O1O1000O0010O001O01O01O010O10O010O01O100O00010O01O010O10000O010O1O100O101N1000O010O010O0010O0001O001O001O001O001O001O001O1O1N2O1O0O101NWU]U1
20160828133734Ch_4,halQ3174J1146G1260Vnc18nP^N3N1O2N1O1O100O100O010O10O1O010O10O10O1000000O10000O101N10000O0101O0000010O1O10O0100O1O100O10000O010000O12M7J0O0100O1O100O0010O01O1O010O1O1O010O10O100O00100O100O100O100O100O7I100O010O0100O1O1O1O001O0000000001O01O1O1O2N001O0010O01O1O2N3M3M1O2N1N2O1O1N3Mi[ad0
20160828133734Ch_5,P\[P21;0S12dN0326Maoo04loQO3M2N2N2N100O11N100O2N101O01O0001O000010O1O010O0010O010O0010OO1001N10001N10000O010000O010000000010O00000000000001O0O1000O100O1000O11OO101O001N3M2O2N_cni1
20160828133734Ch_6,famc14=N?7hmc05mP^O7I3N2N2N2N7I7I1O0101N100N2O001O001N3N5K2M2O1O001O00O1O10O1O101N2N2N2N1O10O10O10O1000O2O2L[]bX2
20160828133734Ch_7,UlRa11;1M2JM31e01COH2;Ojn;8UPF7L3O1O1O0O2YNIdSN7\l11[SN0fl12VSNMml16PSNFUm1?cRN@bm1\15L4L5K6L2L7I5K7J2L4L4KSRQ]2
20160828133734Ch_8,dkhe0P12ROOOdo=5SPD200O100000000O100O1O1O10O0O00100000001O010O00M3001O1O1O1O1O1O1OWTgW3
20160828133734Ch_9,ki\T22^17ROJION3KM70H2o15[ig0KXTZO?H5L2O1N20O1O0001O2N1001O1O1O2N2N1O001N11N02O001OWRNJgk15UTN3ik1LTTN?ck1B[TNc0ck1\O[TNh0YOjNck1`0QUNj0VOjNhk1<RUNl0SOjNik1=PUN_1nj1cNoTN_1Pk1dNhTNa1Yk1bN`TNMEd0kk1BYTNM58ck1R1aTNjNbk1U1`TNhNbk1X1[TNhNik1X1STNhNPl1b24K6Ia0A5J4M2L3K6WOXRNQOQn1m0nQNSOUn1Y15fNPRN;QQcg1
20160828133734Ch_10,bjZU2222h0Mh11hM5f0K]m[10eQfN051JO01]PNNSo12gPNN^o18on5LTQLLhP20jm=0oR\O0Vn32eR_g1
20160930165914Mh_1,`hPQ3=56LFVok0IePVO4M2F:N3N1O1O0O101O00O10000O2O000O101N100000001O0000001O001O010O0100O2OO0000010N10000010O02O0O10O2O0O100O1O001O010001O1N10000O00100O4MO0001O1O1N2NVV_i0
20160930165914Mh_2,l`jh042MO=7JNl0NSO4=Jc04_O`1[O1h0gNXOPe13dZNMO=7JNl0NSO4=Jc04_O`1[O1h0gNXOPe11X\d41Un[K4M2O1N2O1O2M101O002N001O10O02N010O1O10000O1O01000O10000O11OO11OO11N011O0O10000O1000000000000O11OO1001N100O011O000O10000O100000O10000O11O0O11N10001N10O10O10O1O2O0O101N01000O101O0O2O0O2O2M1O10000O10O0100O01O0100O01O10O1O0100O010O1O001O10O000100O00100O010O1O1000O0100O1O01000O00010O100O1O0100O01O01000O0100O010O11N0010000O10O10O10000O1000O01000O011OO020N0100O20N02O1O1N002O0000000O10O10O10O10O10O10O0010O1O1O10000O001O010O001O1O0O2O1O010O10O0100O010000O02OO10O010000O10O11N01000O01000O10O10O10000O1O01000000O02O000O01000O01000O01O10O10O1O00100O001O1O1O1O001O1O100O1O0001000O001000O01000O01O010O01O0001O1O01O000010O1O01O010O01O01O01O1O01O10O0100O001O10O0100O0010O01O01O0010O010O000000000000000001O0000001O000000000O101O0O101O000O2O1N100O2N2N2NPR^4OeRWR2
20160930165914Mh_3,Ygml11X12YO8F5jl1AYT\42ancK4M2N1O1O2N2N101N101O1N2O1O001O00001O001O1O1O1O1O1O1O001O00001O00001O001O1O001O1O1O100O1O10O010O4L2N001O010O0000000010O0001O00001O000001O000001O0000000000000000000000000000000000001O000000000000000000000000000000000000000000O100000000O100000O10O100O10000O100000000O0100000O100000O1000O10O10O1000O01JlN`QNT1]n1PObQNP1]n1ROaQNo0_n1QOaQNo0_n1900O01000O10O10O0100O100O010O10000O01000O100O100O1O010O1O0010000O0100000O010000O10O10000O01000O100O100O100O10O100000O2O000000O100000000O10000000001RRNkNol1U1QSNkNol1U1QSNkNol1U1QSNkNnl1V1RSNkNml1U1SSNkNml1U1SSNkNml1U1SSNkNml1T1TSNkNml1U1SSNkNml1U1SSNkNml1U1SSNkNml1U1SSNkNml1U1SSNlNll1T1TSNlNll1T1TSNlNll1S1USNmNkl1S1USNmNkl1S1USNmNkl1S1USNmNkl1S1USNmNkl1S1USNmNkl1S1USNmNkl1R1VSNnNjl1R1VSNnNjl1R1WSNmNil1S1WSNmNil1S1WSNmNil1S1R1000000001O000001O000O100000000000000000001O0000000O101O000000001O000O101O00000000001O0000000000001O00000O110O0000001O000000fQNXO]m1g0o0O001O003M_QN^Oem1a0ZRN_Ohm1`0XRN@hm1`0m0O00001O00000O2O000O2O1N3M2MZP^4NioaK2N2XWdT1
20160930165914Mh_4,ZoVP363NON9>IGOJ10Znc05ZQ^O4fPNJE3gn14cQN5\n1JcQN9[n1HdQN9[n1GdQN:]n1G\QN>en1>1O00001OO10000000000001O1OO1L4O0001N1N3O2M2O1O1N101N2O1O1O100O0AjPN6Vo1JkPN5Uo1JnPN3To1KnPN4Ro1LPQN1So1KRQN0Zo\l0
20160930165914Mh_5,l[Qi01743LH9OI=1[ne1:iP\N3L3N7I1O000O110O00000000O2O001N2N3K3O2O0O10100O00000001O00001O000000000O2O0000O11O00001O1O1O3NO01O01O010O1O3M1O3MN2000000O1O1O100M3L4O1O1O100O100O010O01O100O1N110O1O1N2L4K401O1N110O100O0100O00100O100O100000000000O01000000000000000O2O00000O1O1O2N1O2N3LhcZm2
20160930165914Mh_6,j`Sm11Y15]OMhni12\PXN2O1N10001O0000000000000O1000000O10000O010000000O010000O0100O010O010O010O0100O010O1O010O100O010O010O010O1000O010O010N1O2O0010O0100O010N2O1O01000O01000O01000O01000O0O2O0010O10O10O0100001N10001O000O1000000O10O100O1O10JcPNH^o18bPNH]o19cPNG]o19cPNG]o1>00O101N10001O00000000000000000000000000_OfPN;\o1BjPN:_o1O1N1O2Ma^^h1
20161015144954Bh_1,Ug^l21`011OB0O20O`oS1;oomN2K5O1O1O01O00O010000O100010O000010O010O0010000O10000000000001O010O00100001O0O100O100O1000000001O1N1000000O0100O10O01O2O00000O100000O200O1N2O00O10O01O1O1O1O1O2M5LnVYm0
20161015144954Bh_2,YgfZ12R1OWO3i0OR23\MKK2^l[29QTdMK`m1j0nQN^Omm1]1M3M3L4H7D;O1O1N002O001O01O0O2TOk0K6N2N2O2L3O0O2O1O2N001I6N3O1O101N1O1100O100O100O10O0100O01O1O0O2N2K5N200O101N100O100O1000000000000001O0010O01O100O1O011O1O1O0O0100O01000O001O1O00001O010O0100O101O0O11O000O1O0100O10O10O010O0001O010O001O00001O001O00001O00010O01O10O0100O1O10000O2O0000001O1N2O1O2M2O2N1O3Ma0[RN_Nik1h1jSN_NTl1j2M2O0O12M2N3L2O1N2O0O1\NbSND_l15iSNHYl1HYTN4ik1G^TN5ek1HdTNN`P[X2
20161015144954Bh_3,jcnf026e0KA5IN31M>2LND35N02M?1A55IH35?NEMoiS11\UnN>E8J4N2N2O1O1O00100O10000001O2N2N2N2N3M1O1N1O2O0O100O10000O01000O10000O100O01O1O1000O01000O100000000001O001O010O001O10OO2O2O0O2N1O1O101N101N2N;E4L2O3L3L4L5L8H2N100O0100fNaRN0bm1BoRN7Wm1^OQSN`0Yn1N3M2N3L3N5GUVQR3
20161015144954Bh_4,nbTT11261K8O]oi07noWO4L4nPNA^n1`0bQN@^n1a0aQN_O^n1b0`03M2N4K2N2O00000O10000001PORQNm0mn130000010O2N10O0001O010O0000100O001O3M000000O2O01O00001N101N2O001N101N1O2N1O101O1N2O2LR\Ug2
20161015144954Bh_5,_^\W21101211NNS14oNK80Ym10XSP37knoL100O2N1000000O10O100000000O100000001O00000010O00O100000O100O10001N100O2O0NIbPN0^o10bPN0]o11dPNN[o13dPNN\o1;O101L3O1000KjPNATo1`0lPN@To1`0lPN@To1f0000000000000001O01O000001O0000001O00001O1O1HgPNGZo18gPNG\o16dPNJ]o15cPNK^o15aPNL_o17aPNE`o1:aPNE`o1:`PNF`o13_PN2do1N\PN2do1N\PN2do150001O0O10000000O100000O1000000O101O00000O100000000000000000000000000000001O0000000001O0000001O00000010O0001O00000010O0001O01O01O0001O001O1O00001O00001O00010O001O0001O0000001O0000010O000001O00000010O0001O010O001O10O01O10O00010O001O2N0O2N3KV`gX1
20161019133714Th_1,iedR21c06d0J@1G6HNkla11fR`N4M3M2N3N1O1O001O100O1O1O1N101O1O001O01O000000000000000O10O10O2O00000O20O01O0011O000001O001OO01000O10O01O010O000001O001O1O001O1O1O1O1O1O2OO100O1000000000001OO11O01O0O100000O10000O010O10O0010O1O00010O010O010O010O100O011N100000010N2O4L7I00O1O2N1O2M3N6H;FhVkc1
20161019133714Th_2,ZdTe12g31mM1dNMO2bmg18kPZNKkQN1Eb0Qn1CTRNl0im1g0O2M1O2N2N2N2N3M2N3M2N2O001O00001N101N101N1O100O2M2O1O1O2M2O2L4L4N2MUOhSNSNVl1h1STNUNlk1j1WTNUNhk1j1\TNUNbk1k1`TNTN`k1j1cTNUN\k1k1gTNSNXk1m1jTNSNTk1m1oTNQNPk1n1UUNoMjj1P2YUNoMgj1P2\UNnMcj1P2bUNmM_j1Q2dUNnM[j1R2iUNiMYj1V2h110O010O01000O001\O`RNgN`m1X1fRNcN[m1Z1g0N1O2N101N2M2O2M3N200O1O1O10O100O101O00001O00001O0O101O0O101O000O001O01O001N101M3L4N1O2O0O2O1O1O1O2N1N3M4KgZiQ2
20161019133714Th_3,c^]o06a0MDOO2<6CHXoc07ZP^O3N2N1O101N1O100O100O1O1O001O1O001O0O1O01O10000O101N1O2N1O101N101O00001O0O10O110N10000001O001O1O2M3MSahl2
20161019133714Th_4,ib\\21mPP20mnQN6N2N1O2N1O1O100O100O10O1000O010O00010O0100O10000O100000O01000001O0O1000O10O100000000000000000000001O0000001O000000001O000000000O101O00000000000000010O0000000000000001O00000000O10BbPN:^o1FbPN:^o1400000O10001O00001O1O1O001O0000001O01O00001O00001O1O1O2N3NO00000001O0001O0000O10000000000000O1000000000O1001O000O1N201N101N10001O0O2O00001N101O1O1N]\WW1
20161019133714Th_5,Y^]h11P10moW16jniN3N2N1O2O0O100O100O1000000O1O0010000O001O00N3M21N1N3O00001O1O010O10O100O0001000O10O1001O000000000000000O10O01FfPNMZo13iPNKVo16kPNGVo1972O10OO2O2O0O100O100O1000O10000O100O010O001O010O01O01O01O10O010O100O100N2O1L6K[aVP2
20161019133714Th_6,Yj\U31>2LOI0O090k01B0]O7]l=<dRD6M101N2O2N2N3N2M2002O6KO1cQNTO`m1j1M2N1N03M6J2M5K4L4M3L5J=D2N00002MgRWh0
20161020145454Bh_1,]e^_21c22gMNL64K?0ekc17SS^N8J5N2N2O2N2N1O001O01O1O010O1O1O1O1O01O001O2N2O1N1O10O001O000000000VOSQNa0mn1_OSQNa0mn19O100001O001O1O1O0O1010O010000O00100O100O1O0100O010000O1O10000O0100001O00O2OO2O00000O100O100O1001N011O001O01O001O0001O000O2O000O2O0001OO10000O1000001O1O1O1O0002O0N2O0O2O1N2N8H5K2McVQW1
20161020145454Bh_2,bYQa11h06YOJ11136L40F5421MPo[1NdPfN2N2O2N001N100000000000000001O01O00000001O00000000O100000000O10000O10000O1O010000O001O100O010O1000O001O001O0000001O000001O0000010O00010O00010O0010O001O0O101O0O1000000000O1O100O0O3O0O010000O100O101OO10O001000000100O1O101N4GoebV2
20161020145454Bh_3,n][Y2110c04AMPoo05cPRO2O2N1O001000O2O0O10001O01O1N100O1O01O0000001O000000O10O0100O1O100O10O1O010O10O01O101M11O01O0000100O10O1000000O100O010O100000O010O100O11O00000000O2N1O2O1Njah`1
20161020145454Bh_4,ZfZc1163L6a1I_NOPng04fQZO4N1O1O001O1O2O1O1N10000O1O1O001O1000O100000O2O2M2O001OZOPQN;Po1BTQN=Xo101N1O2N0O2N20O4M1bPNIPo1e00N3N2M3M2N1O2O000O2O00001N02O000O10O2O1N1O1O1OoVoW2
20161020145454Bh_5,UhnV3151h13Vl7MiQJ4ZPN1Wo1a0YQN@em1e0SRN^Olm1\1O001O001O12[NWRNl0en1J3M6J3M2N3MPVgg0
20161020145454Bh_6,P]Qk2111PPh04ioYO2M3N1000000O1O01O0000001O00O10N20O01001O0000010O0001O001O000OMI_PN7`o1K_PN5ao1400100O10000000001O1O1O1O010N2O0010O0001O0OebfP1
20161104133714Th_1,]aho12b04Z1>`NG;FE211SkS2NZTnM7L2M3N3M101N2O0O110O00000100O002N100O100O1O100O01000O010O0100O010O10O01O0100O10O0100O01O1O1O1O2N1N3N1O2M2O1O2N2N4L2N1O2N010O010O001O0O2N1K5N2O1O10000001O010O101N2N7H8I2N1O2N01O01O0001O00010O010O101N2O1O010O0001N2O1O1O1O1O000O101O0O2O2M2O1N1000O01000001O01O0O1001O0000000000001N11O01O10O0000O0100O10O010O11OO100O10000O100O0010O01O1O001O1O1N2O2M2NhYWc1
20161104133714Th_2,SUQ`11124Nb01[O4OK;0Znk01VQVO4N2M2N101O01O00000001O00100O0100O001O01O00000000O100000000O10000001O1O001O010O10001O00000000O100000O10000O2N1O1O1O1000O12hPN^Oln1R1K0O01O0O100O2M5TO[QN5]o1HhhbZ2
20161104133714Th_3,kh^S31918OB0;0I0hni04kPXO3K4N1O100O10O00O011O010O010O0100O11O10OdPNDVo1;hPNGYo1?010O001O000010O00010O010O10O1O100O2O0O1O100O010O101N10O2OO01O1O00000000O100O2N2KSVig0
20161104133714Th_4,a`^k259NH4=KI:Xoa0LXP@2O000O1O1O1N2N1K6N2O10000GXOYQNi0fn18001O2N00M300001O1O100O2O0N4M3M3M2N2O1N1O101N2O2Mi^_Q1
20161104133714Th_5,b^aW2131h0OdnQ19TPPO4M3O1O00001O001O01O001O2N010O001N10000000O100000001O000000O01000O01000O100O10000O10O11O0O0100O1O0M400O10O100O1O10000001O001O00100O10O0001O010O001O00_OiPN9Xo1EjPN:_o1O2N1N4Le`Zb1
20161104133714Th_6,n^Ze13m2O`N474CICO=0_OOSfU1;iXlN3M4N0O2O010O1O1O001000O01000O1O1001O001O1O1O000010N3O0N110O01O1O101VQNXOXn1]1K2O1N4M4M2N0kRNZNQl1c1dSNjN^l1Q1VSNZOll1m120mTN[Mkh1m2cVNZMci1^2YVNdMji1[2SVNgMni1W2PVNlMoi1T2PVNnMni1S2QVNnMoi1S2oUNnMQj1R2oUNnMRj1S2lUNlMTj14PUNP1h0lNZj1NUUNV1?lN\j1K[UNY16kNaj1H`UNZ1OlNej1CcUN^1GPORl1n0oSNQOSl1o0ZSNdN0=il1Z22N1O1nMnRNT1Rm1kNSSNMH>Vm1D^SNB]Oj0Um1CaSNd0`l1YOfSNd0\l1VOmSNd0lm1J<CbXmT2
20161104133714Th_7,U_Xe17o1LO5ZO<1^O\ho01UVRO8I4M2OE;N2N200O1001O000O10010O10O101O001O00000000O100001OPRb01Qn]OOVP20noM0RN0mTN1fi11nUN3^MNal14]UNKQN1>MUl1;lTNOZOGSl12jUNOXj10hUN3Zj1LU3OQP<0foE0ooM0WQN0am11`RN1]m11bQNNh01dm15cRNIkn1000O10O00O010O1O01115YZoT2
20161104133714Th_8,eajg1210a08ILJ0;Mjme0:XQ\O3NDbPN7ko1H2O1O[P22foMN9<koMETo18jPNK]n91VS:K_mA1WR8ObnC1O1O2O3]PNMSo1`00O4JiZiT2
20161111133734Ch_1,YijQ1124W1N46ZO1AKfna13hP`N4K6L2M2O1O1OCTQNFmn1::201O0L3N301O1N3M1ONmPN[ORo1e0oPNZOQo1f04N1M4000O2O000O1O10O100N2O1000100O00000N20000001O1O00100O10O010000O01000O100O010OO110M21O01000O010O1OHhPNJXo14kPNJVo16jPNIWo16jPNIVo189O01O1000000000000000000001O010O00000010O000001N1000O100O010N101N200O1010O01N1O1I7O1O100O2N1000000000O101]OmPN7To1GPQN6Po1IXQNNiT_d2
20161111133734Ch_2,iijR11866MJ0M33L60FNQok10fPZN0QPN0QPN10O0010lo90UPF0O000dPN0in10]P>0VPD0ePL0\o100000O1000O1000O010N20O00mo;OUPD0J0[PN2do1N[PN3eo1MZPN4go12]OK[QN5dn1K]QN5bn1K`QN4`n1LaQN2`n1N`QN2`n1NaQNOan11h0O0000mo[10SPdN0^PX11`ogN11OWUYd2
20161116222134Lh_1,]di[16a03K3E4=3E3O]Oali1OXSXN<F3N1O1N3N1O001O1O1O1O1O1O1O1O2N011N001O100001O0O100O10O100O001O1O001N101O1NSO_QN=`n1DaQN<^n1CdQN<[n1EfQN;Xn1DkQN<Tn1DnQN:Rn1EoQN<Pn1CRRN=mm1BURN=km1AWRN`0hm1_OZRNa0em1]O]RNc0cm1\O^RNe0^n1001N2O001N10000O2O00000000000O100O10000O101O0000001O002N1O2N1O10O1001O0000O2N1O10O1O0O2O00000O101N100001O00001N2O2N001O1O0010N3N1N2O001N2O1O00001O001O00kNiQNb0Vn1\OmQNc0Tn1YOQRNg0mm1XOTRNi0cn1N2N2O001N1O3M101N1O1O1O1N2O1N4KWXTY2
20161116222134Lh_2,[WWg1367104HF31064[om0JWPTO4J6N1O1O00100O0100O10OO101O01O0O101O00010O1O0000001O1O1O0010O0010O0010N1N2O10001O0O11O0001O010O0O20O000000O0100000000001O1N3M3NYhhS2
20161116222134Lh_3,`[oW1177b0K:0SO033Sok1M`PVN2N2N1O1O2M2O1J501O10O1N110O1O1O2O0O1O1O001O1O0001O1O010O10O01O010O000010O1O010001O001N1000000O2O0O100O100O1O1O1N110O1O0100O100O1O2O0O100O2O0O1O100O100O1000000000O010O1O01O010000O01000O100O1O1O10000O010000O010O1O1O10O01O1O0010O01O01O001O010O1O001O1O010O01O00000N3N100100O1O01000O0100O1O2M2K6Nncn\2
20161116222134Lh_4,Z^iR1190I138NI2Ohnc03nP^O2M2O1O3M2N1O1O001O0001O010O1O5LO001N10001O00001O11O1N100O10O01O01O0000010O0001O1O002O0O00010O00001O1N2Of`Xi2
20161116222134Lh_5,\[]W11<1F5;5KEM0g07@ISl10[VX21VmgMO00go10aPL0]o10dPN0go10O0A0m00B000O1N02O00000010O0000000do10gPN0eo30mo90SPD0PPN01000^og00_P\O0QPN0gP:0WO0SPF000bo50^PJ0mo=0SPf10PPjM000N3N1001N200O01000O0100O1O1CLlPN6To1JgPN;Yo1FePN;Zo1510O10O1000000O102M1O2O0O10O10O10O1O100000O10O10O1000000000000O1000000000010O01O001O00000000N200O2O0O1O100O2N1NQd^Y2
20161116222134Lh_6,bVWg1112:N\20glo00iPPO0io10O000O10O10O010O0oo10QPN000PP20PPN0oo30RPL0oo10PPN00010mo90RPH0lo10SPL0mo5020coK0mPN0UO0ZP60QPL0QPN1G1`PN1_o18O110O1hPNCln1?QQNARo1?lPNAVo1b0=C^hdS2
20161219133734Ch_1,_ef`04511`0LI16N094OE2>1]OL1OMS1MF3RO3P1HTeY20fYhM9J2N2N001O1O1O00011N01O10O10O2OO001O001O1O00010O1N2O2N1O2N3N7I4L5J306I4L0O0O3N7I2M4M2M4M0001cMPSNi1em12N1M2N101O0O3N110OOO103MgM\RNT2im12OjMXRNU2im1M3N00c0^O1N2O8G5K2M2O2M011N101O0O2O0O1O10000O0010O2O000O00010000O0N202N1ORQNLPn14nQN2Pn1LPRN7Rn1EnQN<ln10N1O1O100O10O10O2N0011O002M1000O0011N101OO00001O001000O0010O2N100O002O0O0101N3N2N1N10000O100O10000O0100O1O0000002N1O001O001O0000000001O1O00002N1M3N3LPQmQ3
20161219133734Ch_2,idSh1180L51ML0b0ODO`nm04SQTO3M2O1N1N2L400001O000000001O001O001O001O00O101O00100O2M2K5O001O00010O02N1O101N2OO1O1O1O1O2M2O1N100010O101N2OO10O1O2O2M1O010O1O005K1O001O1O1O1O5JgY\R2
20161219133734Ch_3,emZh0177MJ98EI[o[2NbPfM010O010PP40[oK0d00QP20ooM00001O001O2N3L2OO1O1O0010000O2O001N2OkP\10_oaN0]o182I\PNOcPkQ3
20161231223534Lh_1,]c`Q31_15D7:HgjU20fSlM4L2O1N2O1O100O1010OO2O0000O101N100O10O01O0001O00000010O00010O00010O010O01000000000O0100O1O001O00001O000000001O0000000010O01O0010O00010O0010O01O0010O01001N2O0000O1O1O001O1O001O100O10O100O00100O2O0O010jPN_Oln1a0RQNAmn1?QQNEnn1g000O7J2N10O1N2O2mNXQNh0Qo10000O2O0O00100O00100O100O100O1O1O0000O10000001O01O01O0001O0001O01O00001O0010O100O1O10O01O001O001O00001O00000000001O01O0001O010O0O2O001N2NeXo`0
20161231223534Lh_2,X_m_24_PR10]ooN1N2O0O101N1N201O1O10OO100K5O010OO2O10000000000000000010O0100O2000O0O01002N0O010O00O1N2O1O10000000000000000001O00000000O0100O2N1O101O0O2O000010O00001O0O2H7O2N2N2NU`lY1
20161231223534Lh_3,ncRV22111Od08Y1KUNN76blQ18_RPO8G5K5N1N20O100O101O010O01O0O1O1O1O101N102N2N1O0100eNeQN3Lb0Uo1O0001O1N2O10O00O1O2N1O2O4L1N2I6O101N2O1O12N3M3M1N10`QNQOnm1P1nQNSORn1_1O000001O1N5L2N1O6L0O0N101N3M1O0O2OO0O2OO20O01O2O0O3YOVQN3ln1IZQNISo10mYec1
20161231223534Lh_4,hcdR3142:OI8?GA0nmQ13fQPO000100O100010jP<NXoC0O0doe00UQ60YoWO0ooM0ooM0`ZUi0
20170129133714Th_1,SR[^21^10>0Tma0b0[P@4N11N00O0011OO1O11OO1O100O1O1O1N2L4nNTOnRNn0Pm1VOmRNj0Rm1YOjRNi0Vm1]OYRND0l0lm1l01O2M202M2O2N2N2M3M2M4M3N2O1N2L4L4M5J^m^^1
20170129133714Th_2,cdZj22122NN1X10iN0d03a0K`ka07aS^O4jn1f0K3M3N2N1N2O1O1O1O1019G3M21M?A8G5L2N10004LO3K3M3N1N3M2N2N2jNhQN`0Zn1b03M3M2N3M4L5K3L:F6GfWaR1
20170129133714Th_3,bjVW335NM1e01\ON21Xoc00_P^O4L3N101N10000O100O100O2O0O2N1O1O1O1N3N1O1N3M3O0O1000000010O1O1O2N00001OO1001O2]OlPN6Vo1GkPN9_o1O1O001O00[ODfQN;Zn1FfQN9\n1FeQN6Vo1L_Tod0
20170129133714Th_4,jcPh2231N02N[1182]NMS14mNMokm0OdSTO=I3M4N01O00001N110O10000000O1000000O2O2N14[OePNN1<So1c0K2M2O2N1021N0O0TO\QNNRo1LRR<MdnC1O01002N5N3Wo?EoP@0O10O10O0gQN0`l10^SN0Um13URNMon1000000000UWkR1
20170313145450Bh_1,alPk13[1Ng05DMTO2l0LTf11cYf2;TnYM4K6L:G2M3N4L2N2M4M8H3N1N005K5L0O3N1N1002N1N<E1N3M4M0O1O10O01O001N2O1O002N1O1O2N2M2O4L2N1O1O10000O1O1O1OkQN^Oll1b0RSNAnl1>PSNIll16TSN0fl10ZSN2ZOZOPm1c0gSNa0Vl1^OjSNc0Ul1]OlSNc0Tl1\OmSNd0Rl1\OPTNc0Pl1\OQTNd0nk1\OTTNb0mk1]OWTN`0ik1_OYTN`0gk1_O\TN>dk1B]TN=dk1B]TN>bk1B`TN<`k1DaTN<_k1BcTN=^k1AeTN>[k1AeTN?^k1\OfTNc0\m100O2O000O101O0O101OO01000O01000O010O0010O000001O00000001O01O000001O000001O000001O01O000001O000001O000001O000000001O0000001O0000001N1000000O10000O0100O1O100O1O1O101N101N101O1O00000001O01O01O1O101N1O1O000000N1L5O1O10000M210O1O1O1O1O010O100O100O010O01O01O010O000100O1N2N101O1O1O1O100O2M200N3M4K^Rf2FYil^1
20170313145450Bh_2,i_Pc2384Y1LaN1l0120g2LRM:c1F`cU1:gYlN5K4N2N1O1O1001OO10010O002N2OO010O0000100O2O1N2N2N2N2M2O06I4M3M3M100O01O2O1M110O1N100O1O10O1O110O010O0100O02O1O2N1O1O1O1N2O3QQNmNb08Xm1Q2VTNRNWi1P2cVNVN[i1m1[VN\Nci1f1TVNcNii1`1UUNjM3o0hj1c3O2O01N3N3L2O5J4M4L4[NbTN]Njk1l0eTNPO_k1b0mTN]OVk1;PUNBSk19PUNFSk16PUNGTk14QUNGYk1MQUNJST_V1
20170313145450Bh_3,mXYd2150i00jng02TPZO3M2N2O0O100O100O11OO010O0100O01O0010O010000O1000O010N2O100O10O01O10O10O01000O01O001O0010000000O010M20100O10000O100O1O2NlfTW1
20170313145450Bh_4,h^Vn11b10`N0WP`02boA4L2L5J5N2O1O10O001O1N2N1N200O100O01AFYQN:hn1HSQNKK=Qo1KSQNHL<Qo1NRQNFN:mn15TQNBN8nn1f0O1010O1O2O0O1O1M3N2N2L3O2N1N4L5Jn`gn1
20170313145450Bh_5,Smll116147OM<MCN00hmo05hQROO3O01XQNMbm13aRNN\m12Y101O0O10mQNNYl11l10QQT1OonkN001O1O1O0110O002O2NRP21cP[o1
20170326133730Ch_1,ga^\21b0=HH>L]O82H;052EML3206OhkQ11hRPO2aQN4Zn15\QN0bn1h0M4M4Lc0^O4K4L[NhRNg0Um1YOoRNf0ol1XOWSNe0il1WO_SNg0`l1UOYTN8dk1EaTN>`m11N3O2N0O0000O2O4K2N1O1O0O2O1O001O0010O0O1001OO1000O0010O01O1O010O010O010O01O010O1000O100O01N1O1O1O1O1O010002N1O1O1N6HUYk]1
20170326133730Ch_2,WiXf115:1I50GOmok0OnoUO2N10000O1O10O01O01O010O01O00100O10O010O10O100O0100O1O010O010O0001N110O00000000O1000O100000000O1OO201O0O2O2McV]U2
20170326133730Ch_3,ZU_f1145O1ooU1M[okNNoPN4KMjn11XQN6ILon1NVQN`0jn1ATQN`0ln1@SQNa0mn1_OSQNa0mn1@RQN?on1BPQN=Qo182N1O2O0O2M3N101N2O001O0001O011N0100O00O2M200O1N2000O0O2O10000O2O1@aPN<ao11000000O1O100O101O102M0100N100O1O1000000O2O1O1O1O001O001O10O0001O01O0000000000001O000O1M2010O0O2O1O1O1O1O2N2NVjVR2
20170326133730Ch_4,Vch\21660M4O11GO4NN3O28Nh00_k[1M`SfN0VQN0am11`2OlnM3fo1313NN3M1O0N2OTO0gQN0Zn11eQNO[n15`QNKbn15j0KbP20Ro30aP40no30loC000\YY_1
20170326133730Ch_5,XclQ2192LNN1go=0moC7M3O1O01N2001O1O1002M00O10O10001O00010O1O01O000O0O1O10O101M2O2O1O1N2Oe\]k1
20170328014950Uh_1,W^d[23Z20ZN1?1S11Xhm12YUTN2M3N2O1N2N2O000O2O0O2O1O2M2O3M0O3N1O1O1O01O0010O0001O010O1O1O2O1OO11O1O1N2O000O2N1001N2O1O001O1O0O100001O00001O2N1N3N001N010O1000000O0110O01N10O11O01O1O3NO010N10001O010N102OOO2O0000000100O000000000O1000O01001O0001kPN]Ojn1o0N03N2M2N2OO000O1O100O0100O102M101N1O01000O10O10O11OO20N01O2OO10000O01O1O10O01O1N2O1N3M3KR\kX1
20170328014950Uh_2,jR_^2134OMVPR12jomN0co18O1O10O2N100O1000O10O0001O010O1O1O010O00000O1000000O100M300O1O10O100O1O1N2N101O100000O0100O010O0100O00100O10O010000O010O010O010O1O001O0100O1O1O100O10000O100O2O0O2O2LllV[1
20170328014950Uh_3,\cXS1123ON76KJe01jm95UQH2O0O2O1O2dPNIln1g0N3N1O1O3M6J1O01O3L4L2N2N4UORQN<_ZWk2
20170329014850Uh_1,g\Ve232Oi03XON5016k0J]O5]4I[cS22cWnM2L5N2M2O1O1O3M1O4L5L2M2O1N2N20O00001O001O2O31L2M01O1O2N1O1N7J1O0O10O010O1O10001N10001O1O01O20OO1N11O010O001000O001O00000000001N1010O0001OO100O100O00100O01O02OO010O10O100O03N01O01O0O110N1010O01O00000001O100O001O001N100002OO000010O1O0101N3N1N1O1N1O2O000010O1O2O1O1O0O10000O00O110OO10O02OO01O2N1O01O01O10O010O0001000O1000000O02N1O1O1O1O1O1N3M2Nh[mm0
20170329014850Uh_2,eRaj21;1N1XPV1OTokN;M101O00000002N0000000001O010O0001O010O001O00000010O000O101O01O01O001O00000O100O100O10O10O10O01OO1001O00010O10O010O01N101O010O01O001O001O0O2O001O0001N0011O001N2O001O1O1O1O100O10001N2NPm^n0
20170330133710Th_1,ab`m11=0O1G222`0Lcmk05`QVO2N101O000000001O0000001O000001O0001O01O01O0000100O001O001O1O010O01O00001O1O0010O01O0000000100O1O3`PN_O07So1f0N2O1N101O0010O0000000O1O2N4L7I3L8Hg[[m1
20170330133710Th_2,R_\S33108>IM50LL0H=3HL=2J5D35M0J30[ji1?eTXN6M3L3M3N2O1N1O2O0O1O2O001N2O001O1N2O001O1O001O001O00010O10O101OO0101O1O1N102O0N3N1O0O2N100O1O1O1O10O0100000000O01000000O010O100O110O000000O010011N0O10100O0O110O001O1O0000001O1O002N1O002O0O2M3N2O0O1O00000O101O1O00102MO110O0O100O100O10000O102N1N2O3LaK`NaZN]1_e1dNcZNZ1\e1fNfZNX1Ze1iNhZNT1Xe1lNkZNP1We1oNlZNn0Zj1H7H6Jajg0GjUXO0PP40PPL0n`Ya0
20170330133710Th_3,Y_lb11247OI3OJ40=3EMK1\o=5[PD1N2N1WOJfQN8Yn1MaQN5^n1g00O2O1O1O00O1N2IlN^QNX1]n18N20EeQNQO[n1Y1100G90000_O\QNFdn19`QNCan1;cQN_Oan1=c0I7N6I[`iZ2
20170414151450Bh_1,SbYU2111h0O\O0f00WO1a03TmU1NTRlN8H5M2M2O1O0010O010O2O1N2N1O010O01O100O00100O1O0000010O00000000000000000001O0000000010O001O002M101O1O00001O0O101O0O1O1O2O0O2O001O10O2OO02O00000O2VOQQNa0Xo1OO2N1O2N100001O1N4M1O2N1O1O0O100O1O1O001O1O1N2O2Md[Zc1
20170414151450Bh_2,Sc]T111:2F51O6JL5168GN20Zl1FUTb31Yo]L3M100O2O00001N1000001O00001O0000001O00001O01O000001O0010O000001O00001O01O000010O0001O00010O001O10O10O1O01O01O0010O00010O0010O01O010O0000010O001O00001O001O0000010O001O01O01O0100O0010O10O02O1O000O10O0010O01O010O000010O00010O0001O010O010O1O1O010O1O0001O01O00000001O00000000001O0001O01O00000000001O000001O0001O001O00001O010O001O101N1O1O10O010000O01O1O010O0010O00010O0000001O0000000000000000000000001O000000001O0001O0000001O01O0001O001O00010O001O001O1O001O001O1O01O01O00001O00000000001O000000000000000000000O101O0O100O2O0O2N100O2NXZ\W2
20170414151450Bh_3,Whff15X1LRoc04_o]O3M3N1O1O001O1N1000N21O001O001O001N1O10O02M2M3N21O1O1N101O10O0O02O1O1O1O1N3N1O0O1O020N2O1N_WiU2
20170414151450Bh_4,fRg`11VP<0hoE7I2O1O1O2O1cPNBTo1g0N10O2N001O2N1O1N2O1O001O1O100O0000000000O11O00001Nflj\2
20170516134450Bh_1,]aRo1217Z2H^N1XO2Tmc02bR^O6K3O1O1O0O2O1O011N1O001O010O01000QSN@]j1`0^UNEaj1;]UNGdj19YUNIjj15TUNLnj13PUNNRk11lTN0Tk11jTN0Vk10iTN1Xk1OfTN3Yk1MeTN5]k1JaTN8`k1G_TN9bk1H\TN9dk1GZTN<fk1CjSN_OAo0fl1BfSNE]Om0ml1^OcSNH\Om0Rm1_OVSNU1kl1P12dNkRNGWm17iRNiN0h0Ym1d0jRNZOXm1a0lRN^OWm1=oRN_OTm1>QSN]ORm1>SSN_ORm17USNFQm1OYSNLiX_m1
20170516134450Bh_2,]clQ31Z12Xna03WP@2N100O2O0O1O1M3N2M2L40N201O1O1O1O1O1O10000O10O11O001N01LDcPN<]o140000000O101O1O1N3N3L4KS\mj0
20170626133730Ch_1,PPcg12d03]O37I`04E1XQf04jm[O9K3N2O10O1O1O0O1O01L4N2O1N2D<E<M2N2O100O10N20dN_N[TN`1dk1fNWTNY1hk1nNSTNR1mk1A]SNb0dl1e0`SNoMal1o1eSNkM^l1R2eSNkM]l1T2dSNiM_l1T2h0K6L5N3MS1lN4M0O1O001O1N3M6GimjT2
20170902231930Lh_1,ckle12j0:5J_OM0ND=7EK2R1Nimo07ePRO4K4M3N1@@^QNa0an1D[QN=cn1a0O001OO101N100O101M2O2L3M30O001O000O101O1O1O1O0DSOfQNo0Yn1;001M2ON3DkNnQNU1Sn1;00O101N2N2O1O1OO1O2M301O000010O1000QOPRNNPn10SRNNnm10URNOlm1H\RN7gm1E[RN:gm1DZRN<gm1BZRN=en101O2L5L5JWRkT2
20170902231930Lh_2,a`eX11a05MNI4O09OQnY1KaQfN2do18M3N1O1O1O2jPN^Oln1d0QQN^Onn1k0N100O2O0O1N2O1O1O1M4M2N3N101N10000100nNgQN;[n1CfQN=]n1^OeQNb0^n1WOeQNj0jn1OO0O2O1N101O1O01O0000100O001O2O1N2O1N101N10O0100OO10001O001N101O101N3M2N101O00O10O02O000O1O0000000O1000000000O100000000010O011N2N1N5L7G5L4Ke\f_2
20170902231930Lh_3,kdlT11?1B01127OKNM93jn;3bPF4L2O1O2N1O3K4M4L4M1O2M200O1O1O0000M4ZOYQN1in1MZQNNin10ZQN0en10\QN0cn1O_QN1`n1ObQNO_n1OcQN1]n1MfQN3Uo1MPZoh2
20170926225530Lh_1,VhPg02;3GM63J30M10O62GN0m01A9NN00MG80Qmk01SRVO:hPNFan1`0WQNJbn1m0M2N2M2O1O001O000O01000N2O3N3L3N2M3L3N4L6J5J20XOoRNbNPm1l0lRNSO:Hll1n0USNVO_m1i0jRNoNWm1P1k01O2N2N2O1N110OO1N2N11N30O01O100O001O1ON2G:O010O001O100O0O2L4N3O1N2O2L5FPWmS3
20171018223630Lh_1,_dX]1298o02[OIE0b0LB8JOR1OZOJN`0T1@Xd10k[Z2;kmeM3M4L3N2N3M101O1O1O1O1O1O1001O1O3M2N3L2O1N11OO100010O00O100001N010O01O0010O11N0020O2O0010O0O100O0001N1000000O010O01O0100O10000O011O0000O020O0O20OO0100010O01O00000010O2NO11O2O0O01O0O02OO1O011N0010000O011OO0100O101O1N011OO0010O01O10O0001O001O0O10001O001N1010O00001000O01O0001O001O00001O0O2O000O110O0002O000O1O201M2N2O1O1O2N1O010N1101O1N3N0O0010O2O0O1O01002L3N2O2M1O2N4L5K3M1O2M20OO01N2O1O2N2O4J`0@2N3L5JiSgS2
20171018223630Lh_2,Qdf\13d04FLJ0;2T12mNNJ251o0LmN68L@0g21_MJVc10i^j24\mWMMkPLOnn10?1jPNO`n11bQN0\n1OgQN0Wn10jQN1Un1OlQN0Tn10mQN1Qn1OPRN0Pn10QRN0nm10SRN0on100000lN1T1002O0mPNMWn13eQNM^n12i00fPNNdn11f00fPNOen10[QN0en10[QN0dn12\QNNcn12g0OePNOfn11ZQNOgn10YQN0gn10d00fPN0dn11\QNOdn10\QN0en10ZQN1en1O[QN1fn1OZQN0fn10f01cPN0gn1OYQN2hn1NXQN2fn1O\QNOfn10e0110N11OO10OdPNOhn11fP4OooK0fP60^o30]o30_PB0ePN0[o10\o30ePN0ooM00000SP21cPNOgn10cPN1fP4OfnK0WQN0hn10Y10]o10TP:0Zo90YQD0WoE0000000O100]OOXQN0\o1000^o30cP20PPL0ooM0c00kN0TQN0]o11@OQQN0Po10o00B0@0nPN0ao11ao1OPQL1nn1ORQN1_o110O\O0YQNOen11f0O1000O1001O01QP2OQPN0O110OOh01^NOi00jPN0[n11k0OkPN0Uo1102ROMkQN0Uo11OOmPh00QoWO1O010N1SOOjQN1Yn1NeQN3Ro10O3G:lPNKbn1h03NN01OO100001O0O1001N010O100O10O1000001O0010OO11O10OO1000O10O01O0O3N0O2O3L2N4I6L^Rj2G\m\k1
20171018223630Lh_3,lVWb112011;4SPd02Uo]O2O2M2O1N101O1O1000000000O10O10O00000O101O0010O100O001O0O2N10000O1O1N11N2O2O1O1O1O2O1O2M2O2MdhVZ2
20171018223630Lh_4,Qg^k2163:N03U2LWjc04lR^O7K2N1O1000O010O01O001O1O010O2O1N2O1O1TQN[O[n1f0\QNH^n1P1O02MjQNiNcm1l1M100O100O03PN\RN_1Wn1K1010N<E01O1gNRRN=om1@TRN>in1N1O001N3M2N2M203KjUmP1
20171021223430Lh_1,b\ik01142190K3LIfoQ12QPPO6K101O0O1O1O10O0100O11O1O1O01N10000O1000000001N1O1O1O0101OO10O10O1O0000000100O001O0000O100001O0000010O010O010O1O010O0100O1O1O100O1O00001O00000010O010O00010O010O100000O1O1MWcfm2
20171021223430Lh_2,haR\23S14W1MeN0]O;HMc1JnNL51D2L0c0Laea34[Y`L4L3M4M1O2N3N0O2O1N2O0O101O1O1O0O2O001N2O00001O001O01O1O00012NO100100O10000015H20O00000O12M10O100O1O11O00O2O1O1O0O1O200OO02O01N110OO002O0000O2O011N1N12OOO1020N01O2O0O0101N02ON10O2OO1001O1N103NOO201N1O01OO1O1000O01O1O010O010O001O000N3M4H8KoP4NToK7H6M002M3N1N2O001N2O1O01O00002OO00O2O001O1N101N4L2N4HgP4:RoK3M2O3M2O1N010O1O2O1N1O10O010O1000000000001O0001O01O010O000000001O001O000010O00100O011N101O00001O00001O00O001O100O01O000100O0000100O1O10O01O2N1000000O12NO100100N111N0O110O0O021N00103K110N2O120M00030NN2O4L0O2O00001O1N1O2L4M103J6JXRZ3L^Poh0
20171021223430Lh_3,XciZ11;:7LO9CCN150jmo1MmQRN2O1OOO011N2N200N201N1O1O100O1O100O2O1O001N1011N1O1O1ORQN@\n1`0bQNE[n1;eQNF[n18fQNKXn1HZQN8>1\n1NdQN3\n1LcQN5^n1JbQN6^n1JbQN5`n1J`QN6an1H`QN7bn1H^QN8Uo1000000000O100O1O1O1N2L4O0100O100O100000O100O1O1O1N2O1N2O100O1N201RQNPOin1U1O1M2N3N1EeNPRN\1om1eNPRN\1om1:0010O1000kNmQN>Rn1APRN>Qn1@QRN`0nm1]OVRNc0jm1ZOYRNe0gm1YO[RNh0em1RO`RNn0Yn1000010N10001O1O3M0001N1O2O002N2N1O2OO01O001O000010O001O001O1O002N2N2TORQNb0Wo1O0O2O0O101N2K8I`ZjZ2
20171021223430Lh_4,Z[^Q215:MM>J33OMH5I0Yne2L`Q\M2M8J3L2O2M2N3M2N2N2L4N1N4M3M3M7I2O1N2O000O1000WOPRNAPn1>SRNAmm1=WRN@jm1>ZRN_Ogm1`0\RN]Oem1b0^RN[Ocm1d0m000O100O100O10000O11N100O10000O100O10O10O100000O100000O01O100N2IhPNDZo1:610O1000001N101O000O1001O00001O001O0O100O100O2N1O1N2N101000N2O001O010O1O0O2O1O01000O01O100O10000O2O001O00000000000000000000000O1000001O000000100O001O1O1O1O001O000001O0O2O2N1N1O1O1N2O00N200001000001O0O1O2O0N3M3NQdYa1
20171021223430Lh_5,hb^^2194b03FO:01J21kjW10STjN2`PNMRo12>0ePNNjn11XQN0fn1O]QN0bn10^QN0Zo10WPj00ioUO0iN0\RN1cm1O^RN0in10jN0W10XQ81hnGOTo71kPHO[QN2Ym1OfRN2Ym1NgRN1Zm1OfRN1Zm1OeRN1\m1OfRNOYm11\10O10000001O00011O00O00010O1OO11O00O11O01N20O0O10O0101O00O30fQh0OYnWO000gXcZ1
20171021223430Lh_6,jU_[11g03inc0OgP\O7So1=N10O1O2N2O2O12NO0O100O1N101N0O2O100O10000O1O01N1O200O010O1O100O0101N10O01O001O00001O1MPjRa2
20171027150050Bh_1,`UQV21_16f0KXN2mka12_S`N3N4L2N1O010O10O10O01O1O10O0100O01000O010O10O1000O100001O000O10000000O101O0000O100O2N2N1001O1O001N1000000001O000000O1001OO1000000O2O0O10O01000O1O001O10O010O01000O100O100O1000O1000000001O0O1000O10O1000000O100O01000O010000O100O1O010O01O001N2N3Mifh`1
20171027150050Bh_2,aT_c11<0G5c1Ohk1LTUZ23XmeM4N1M3O1N1O100O2O0O1O101O0O1O1O100O1O10O010000O010O010O01N1L50O010O1O100O10O01O10O0010O010O000100O00001O001O0000100O001O000O20O01O0010O10O0100O01000O001O001O1O01O01O010O0010O0100O100O01000O100O10O1000000O10000O1_OePN=`o1O00000000000000000000000O10O10000O10O10O10O10O0100O010O1000O10O10000000O100000O10000O01000O0100O1O00100O01000O010O10O10000O100O010O100O101O0O10000000000O100000000000000O100000000000000O2O001O0O2N2OkjVm1
20171027150050Bh_3,_`jl12Z16^OMN3BMKNg12lNNfia12\U`N6L2O2N001O1O1O1O00000001O0O10000010O01O010000O01001O000000O010O010O01000O01000001N4M3L3N00O010O10O0100O100O1O010O0101N4L3M2N1O2N2O001O01O4L4L10O010O200N01O001O1O2M200O10000000bQNYO`m1h0[RN^Ocm1b0ZRNAgm1?URNEjm1;SRNHmm1V101O00O100O101N2O100001N00O2OO02M2O002M2N3N2M4L<E4J6JZZSj1
20171027150050Bh_4,eeWn11:2K1MO`01BM70mn;<YPF3N2N1O1000001YO@_QN03a0Zn1LfQN3Zn1NeQN3[n1NbQN3_n1f01M4L3O0O2N1O2O1N2N3M4K8J3LiYho1
20171027150050Bh_5,Xabm11<1N0H3:LF0QP\34eoeL43M2M1O001O00m\an1
20171027150050Bh_6,\dXS21X12ROO=OQna06nP@J_PN4io1N0O^Ph08]oWON00O01N1O001N2O0OXo91^QDOZo11lYSj1
20171027150050Bh_7,X\[m211100g1OYN0bnc01WQ^O6M2jPNN[n14dQN3Un1MkQN5Tn1JkQN8Tn1IjQN:Un1FgQN>Yn1AcQNc0^n1`01N100O2fN[QNU1hn11O0O1001O2N1O1O2N0O10O01OMTOTQNj0mn131L4000O20O0O1I8N00001O11O001O01O1O2M2O1N3N3K[cjn0
20171029171010Mh_1,^`Ta22i09AIHO7106k0K\ONMN23ckQ2NfSPN:H6K3O2N1O1O1N2O1O10N2L3001O1O2N1O1O2O0O10O11O100O1O1000O001O001N2N1O2M2O10000000000O2O0000O2O00001O1O0100O001O00000O101O0001O100O2N2O2M2N2OO0100O0100O10O001O000001O00001O001N1O2O1N10010O11O01N100O1O1O010O01O10O01000O10001O0O2O1O1OlPNDcn1=YQNHfn1l0L101N2N2O1QRNbNXm1_1eRNeNZm1Z1eRNiNYm1X1eRNjN[m1U1eRNlNZm1T1fRNlN[m1R1eRNPO[m1n0eRNTO[m1k0eRNUO]m1i0bRNYO^m1f0bRN[O_m1d0_RN^Oam1b0]RN_Oem1`0ZRNAfm1?XRNCim1<TRNGlm19RRNHPn1S12N1O1O001N2L4N2N1O2N2N101O001O1O001O0201N1O0002M4L7I8H2N1O1O1N102N001O0O2O1O1N3NjZ_Q1
20171029171010Mh_2,oTc_21W14mN=3G[oS1H\PnN2N2N100O10000O010O1000O0100O10O01O100O010O100O001O001O00O2O01O010O1000O0100O001O1O010O010O1O010O010O01O000O10001O00010O01O001O01O0O1O10O1000001O01OO2O0000O2O00100O1O010O2N100O101N2Ncj`Y1
20171029171010Mh_3,ikXY21561O6Ocno0MoPRO1O0O2O00001O00001O000001O01O00000000001O01O01O00001O010O1O1O11O01O010O00010O0000O2N2O0O1O10O10O0100O1O00100O0010O001O0010O000001O000010O01O00000000001O001N101OlRe`1
20171029171010Mh_4,][`m0o03[O`0h0_ORO79LG682M5b0GI]1D`N23KN6KGafY22SYhM9L5J3N2O2M10001N2O1O001O1000O01001OO20N001000O00010O2N002N001O2O1N010O1O02N2O1N2O000O2O002N1O1O1O01O10O010O10O1O2M10013K3OOO10O11O01O1O0O10O2OO1000O100O11N010001N1O100O01001O001OO10001O002N001O2N011M5M1M30N01O02NO2000VQNYOYn1]1J3N2L301M1O2O1N2O000O10O1O00110N1gNPRN`0Rn1ZOXRNa0cn101O1OO100000001O0O1010OO2000O013N2M1N012N0O2OO2N01000000OO11O1N101O1N1N3N1N102N3K3NZ[_e2
20171029171010Mh_5,jdY^21439ME38MI0O141=1im=0\QD7M1O2O1N2L7J4L3N2M9H2M2O1N2O0O00100O2O1O1N1N11iNTRN:lm1EXRN7im1HXRN6km1IVRN4lm1LTRN3mm1MSRN2nm1CbQN5a06Vn1FmQN8fXZ_1
20171029171010Mh_6,e^lQ143511h0I[O7OIKO94Wma1K_R`N1WP40hoK1N11O0O1000O0101OO1kNOZRN0fm11ZRNOem11V100O11QP6OnoI001O01000001O00fQj10^nYN0d^Yh2
20171107222630Lh_1,mchS12258KL1221L=2AOf07^OJMO41EO;OQkW1;UTjN:F:F3N2O0O1001N1O2M3L4J7M2N2O010O1O001000O100O100O2O1O0O011O1N3M3M2N2N2M3N1O2M3N3L5L1NmNfQNd0Xn1ZOkQNf0Tn1YOmQNh0Rn1WOoQNj0Pn1UOQRNm0mm1SOTRNF3j0hm1_OmRN:Pm1FRSN<RO[Obm18_SNd0_l1ZOdSNe0\l1YOfSNf0mm1N0O2O0O3M101OO2N1O2N2M3N3MZOUQN9in1D[QN=en1^O^QNd0on11O001O01OO100001O2N2N001O000O1N3M4LbW]e2
20171107222630Lh_2,`hXl11`11cN3bne2OWQ\M1N2[PNOYo1>N1O1O000010O00010O01O01001N100O[OlPN>\o100O001O00001O00001O000000001O00WQNFlm1:TRNHjm19TRNHlm18TRNHmm17SRNImm17SRNJlm16TRNJlm16TRNJlm16TRNJlm16SRNKmm15iQNIF3an15_QNE2?`n1L]QN=cn1`0000K5L4O1N201N1000000O1O1O10000O10001O001O1O1O00100O000010O01O0000O1000000O10O1N2O010002N1N2O0O101N10001O001N4M001O0001O0O10001N1000000000O1000MoPNXOPo1l00000000000O100000000O101N100OZOVQN7kn1HVQN8in1IWQN7in1JUQN6kn1`001O000O2O000000000000YOYQN5gn1J]QN4bn1D\QNM2?bn1C^QNM0`0bn1B_QNN0?bn1AiQN?ln10O1000O01L40000001O001O00010O0001O001O001N2O1O000O2O101N0101N001O002N001N100O101N100HjPNDYo198O2O001M3LgUUd1
20171108222430Lh_1,lb^^1251m05YO1:HA296e0L_ONI0ck_1OWSbN3WQN7bn1OWQN8dn1e0L4L4M2N1N3M2N1O2O00010O10O10000eNRRNd0om1YOTRNg0mm1TOWRNk0_n101O001O1O010O1O2N2N2O1N2N100O2O01O1O0000O101O00001O01O01O1O01O002N0O2O1O1O001O01O1000iPN]OPo1l0NO3M010O11N1O1O0O2N10001OO3N1O2N2N2N0O2O2N1O00O101O001O01N1O100O1O1O1N2O00001O001O1N3M3LlWUY2
20171108222430Lh_2,UiP`21j05C1DKgoY10QPhN6L3^ONTQN4gn1FSQN914kn1d0O0000O2O0LUQNSOln1j07N1N2O2L3O100O1O10000010O0001O00001O001N11O000001O0000O100O1000000O1000000O10000000LaPNF`o194000O1O2N100O100O100000O2N3E_PN3go1O10O0O110O10001N1YPNIeo1911N2N1N1O1N2O1O100O100O1O1O1OO2O1O10O100000BgPN5Yo1IjPN6Vo1ImPN6Ro1JoPN6Po1JQQN5Po1JPQN6Po1JQQN5^o1O1N2OPViW1
20171122022450Uh_1,Tgl`11fPd06Ro]O2N2O0O100O10000O10000O010O01O0001N100O101O100O1000001O00001O000001N2O1NfPNATo1`0jPNBVo1e00O00001OO10BiPN3Xo1KjPN4Wo1JkPN4gWc[2
20171122022450Uh_2,eQYn0228OM4L2;JG2Na0<BKR1X1nNBKmNWh11jWN8OM4L2;JG2Na0<BKR1X1nNBKmNWh10l[h41fkWK5M3M2O100N2N2N2O1O1O1O1O010O100O10O01000O010O10O010O010O0000001O0000000O10001O0010O0100O010O10O010O0100O010O010O010O00001L300O10N2N2O10001O0000001O01O010O00010O01O001O00001N1O1O2O0O1010O00010O01O0010O0100O010O00100O010O100O10O01000O1000O1000000O10O1000000O10O1000O1000000O100000000O101O00000O100000000000O10O10000000O10000O10001O0000001O00001O0001O01O000010O0001O01O010O1O0010O01O010O001O010O010O0100O10000O100O010O1000O10O01O10O010O0100O010O100O010O100O100O2O00000001O001O01N2O0O10000O10O100O100O10O01000000O1000O10000000O1001N010000O11O000O101N101N2O1N2O1N101O2M2O00001O1O10O001O4L1O001O00000000010N10001004L0000O0O14M2M000001O0O10001N100O101O0O10O10O010O1O010O00100O001O001O00001O00001O000O101O00001N101N101N1O2O0O2N2O1M4M2Lom[4MflTm1
20171122022450Uh_3,T[oX21Q10hni01TPXO1O1O2N010O1O10O010O0010O010O0010O0100O010000O10000O0100O0100000O10O1000O100O0100000O2O0O10000O2O0000O100000O0100O10000O10000O1O1N3KidPb1
20171122022450Uh_4,]Uoe21g11^N2Tng0NdQZO3N1N1000001O0000001O000000010O0000001O001O001O00100O10O0100O010O10O0100O10O010O100000O100O100O1O2O00000O2O1N7J00O2N1O2N4K]i\U1
20171122022450Uh_5,WQkf03d06^O1:0FI;;IN;F780HJ3BOc0m0FWOG1NL4L`e12nZN6^O1:0FI;;IN;F780HJ3BOc0m0FWOG1NL4L`e10b`Z55_ieJ8I8G9QQNVO<5Rm1e0bRNVO<5Pm1T2L4L2O2M2N3O0O2M2N3M3M2N200O1O2M200N2O2O000O1O1O1O1OcLYUNMBKmN?Xl1IYUNMBKmN?Wl1X3O1O1O1O1ORNbTN\O^k1d0bTN\O^k1b0fTN\OYk1c0kTN[OTk1e0oTNXOQk1h0UUNSOjj1m0ZUNoNgj1P1\UNnNdj1R1\UNnNcj14WTNJZ1O_j17\TNEZ1OZj1;bTN@Y12Uj1<hTNZOX17Qj1?lVN_OTi1a0V300O1O10O01O0010000O1O010O001000000O0010000000O10O10000O10000000000000000000000000000000000000000O10O100O0100O1000OKdPNH\o14iPNKUo15nPNIQo17QQNInn17=10N1O1O101O001O1O010O10O010O010000O0100O0100O01O01O000000oo10gP:0[oC0oo10PP20Qo50nPL0QPJ000L41L30mo30RPN0oPN0RO0SO0j10Vn10jQL0Wn10i10WN0hQ20WN0nPN0oo10lPL0Yn10kP20jPL0]n10bQN0_n10`QN1an1O^QN2an1N^QN2Xo1O]OOe00fPN0en10[QN0fn10Y10gN0YQN0gn10YQN1gn1Od00ePN0gn11d000O10cPN0in10WQN0in11WQNOin11VQNOkn10VQN0jn10UQN0kn11UQNOkn11TQN0ln10TQNOmn10SQN1mn1OSQN1ln10TQNOmn10TQN0ln10TQN0ln10SQN1mn1OSQN1ln10TQNOmn11SQNOmn11RQN0nn10RQNOon10RQN0nn10RQN0nn10RQN0mn11SQNOmn10TQN0kn11TQN0ln10TQN0ln10TQN0ln1OUQN1kn1OUQN1jn10VQNOkn11UQNOkn10VQN0in11WQNOin11WQNOin11WQNOin11WQN0hn1OYQN1gn1OZQN0fn10ZQN0en11[QNOen11[QNOen10\QN0dn10\QN0dn10\QN0cn11]QNOcn11]QNOcn11]QNOcn11\QN0dn10\QN0dn1O]QN0dn10\QN0dn10\QN0dn10f00ePN0fn10ZQN0fn10ZQN0fn10YQN1gn1OYQN1gn1OYQN1gn10XQN0hn10XQN0hn10XQN0hn10XQN0in10VQN0jn10VQN0jn10VQN0kn10TQN0ln10TQN0ln10UQN0jn10VQN0jn11UQNOln10TQN1kn1OUQN1ln1OTQN0ln10TQN0ln10TQN1kn10TQN0mn1OTQN0mn1OSQN2ln1OTQN0ln10UQNOln10TQN1kn1OVQN0jn11UQNOln10UQN0jn10VQN1in10WQNOjn10VQN1in1OXQN1gn1OYQN1gn10YQNOhn10XQN0in10WQN0hn10XQN1hn1OXQN0in10VQN1jn1OVQN1in10WQNOjn11UQNOln11TQNOln11SQN0mn1OTQN0ln11SQN0nn1ORQN0nn11`0010aPNOnn10SQN0ln10UQN0jn11UQNOln10UQN0jn11UQNOln10UQN0jn11VQNOjn10VQN1jn1OVQN0jn10WQN0in10WQN0hn10XQN0hn11XQNOhn10YQN0gn10YQN0fn10[QN1dn1O\QN3Yo10WOMbQN2^n1ObQN1_n1NaQN2^n1ObQN2^n1NaQN3^n1MbQN3^n1NaQN2^n1OcQNO_n1OcQN0]n10cQN1\n1NeQN1\n1OdQN1[n10eQN0[n1OfQN0Zn11eQNO\n11j00iPNO^n11bQNO^n11aQN0^n11bQNO_n1OaQN1_n10aQNO`n11`QNO`n11h00gPN0an10_QNObn11^QN0an1O`QN0`n11h00hPNO`n11h00gPN0an10_QNObn11g0OhPN1_n10aQNO`n11`QNOan10^QN1an10`QN0`n1O`QN2^n1ObQN1^n1NcQN3[n1NfQN0Zn10gQN0Zn1OgQN2Vn1NlQN3Rn1MoQN3Po10nNMURN4hm1LYRN3hm1MYRN4em1L]RN2bm1N`RN2gn1000hNNbRN2\m1OeRNO]m10[10O01012NON1100O1O00O11OO2O01O011O[Uh5OT_Rn1
20171122022450Uh_6,c]\n012a080GA5OQoo01bPRO8B<I6L4N1O1O0100O0O2N2K5O1O1O100O100O101O001N101O01O1O5K100O1O10O10000O101N1O10O010000004L0O01O00100O1O001O001O00001O001O00000000001O00001O0000000O2O00001N2O3KSaak2
20180507140210Th_1,VgPj052M>1A00O26OJ35NM1O0OO30L20O0O1O1Pm?9_RB7K4M1O1O2N3M3M2N2O1N2O010003M1O2N2N010N002N1O100O10001O0101N1N0000O101N2N2M5L6HTVmR3
20180507140210Th_2,_^dQ24l0MYO1a00E0FOjnc0c0]P^O7K3N2O00001O0O100O1O100O1O1O1O100O1OWO]QN6cn1J_QN5Vn1_OmQN;OBK5bn10dQN70EJ1cn14bQN62F`n15\QN5Qo1KoPN6Po1JQQN6nn1KoPN6Qo1=0O2O000000000000000O10001O00001N2GfPNHao1MYaij1
20180726232450Bh_1,ennP3120R17ZOIYnc11VQ^N2N101N2HJdPN8Yo1KdPN8Zo18O4K3N001O1O001O00001O0001N100O10001O01O01\OQQN6nn1JRQN6nn1ITQN6ln1IUQN7kn1HVQN8kn1GVQN8jn1GXQN8hn1GYQN9hn1EYQN:Wo10O10000000000001O0000100O00000000O2O0000001O00001O0O2O001O001O1O10O01O000001O00001O1O001O001O1O1O1O1O001O00001O01O01O000000010O0000001O0000001O00000000001O0001O1O100O0010O0000001O0000001O0O2O2NeoPe0
20180726232450Bh_2,RdlQ32n02_OOK;IJ?LFMO434e0JBOV1OWhi13mUXN6J5L2O2N101O0001O101N101O001OO100001O0100O002O3M000O000100O0010O01O10N100010O1:E11O0O7J4K2O0O1000O002N2N2NO20O1O10O001N2O2N0O010O100010O0O3M1N3N001O01O102O001OO4L1000O010O00001O10N11000O010N110O1O0002N1O00000O1O001O000000001O001O100O1O1O1O0010OO2O1O2M4IoUYd0
20181012105930Ch_1,Xcjc23=2J1S1OXne0NZP\O2M2N2N2O000O2O0000000O0100O10O001O1O1K5N3K4O2N1O1O2O00O2O0100000HQQN_Onn1`0VQN]Okn1b0901O1O10000O1O1O2N2N7FX\aX1
20181012105930Ch_2,Z^bZ114501;6WoW1EVPjN3N2N1N2N2M3N200O1O00O2N2O0001O00100O10O010O010O00O010000O2O00100O01000O1O10O01O100O10O10O1001O0001O00000001O00001O10O01O1O2O001N100O00010O0000000000001O0000O100O1O0010O0100O1O1N3N10001O00001O00000O102MWai]2
20181012105930Ch_3,ianb2130054M`09[OJ5NOM3141G3coa1KUP`N2O01O1O1000]PN0Vo10k00B1O0A0oPNORo10nPN1Ro1OnPN0So10>0O000`PN0Ro10<2dPNN_o10bog00doA0kPF0O100N2O2N2N7J0ON30O00100N2K5O1O0100N2N2O10O00KcPNIYo1;hPNBVo1b030001O0010O01000O1000O010N2O00100001N100O101O1N2O1O2O1N2N3M2N3N1N1O1000O1N2O0O3YOZQN0gn1M`QNGin16c0M3NT]cT1
20181030230030Lh_1,fc^f1191MO228OA2e01Rnk04lPVO3EIkPN9Uo19O010O0O1010ON2001O1000101O4MO0O010001O1O2N3NO000000000000000000001O00O100001N101N1O1O2O1N2N1O1000O101N4L1O002N1O3LRZkT2
20190605025430Lh_1,Vona0>b0DHa0GD6:2CK95H24\lo0NnRRO7H;H5L2M4J6J7K4M4M3L4L4L3M3N2M`NbRNb0\m1]OgRNc0Wm1\OlRNd0Rm1[OQSNe0ml1YOWSNg0hl1WO[SNi0dl1TOaSNk0_l1POeSNQ1\l1eNmSN[1^m1O00000001O1MRObQN;So1O00O02N0O1O0O2O2O1O1N2O1O100N2O00O00001O100O1N2O0O101O1O3N1O2N100O10001N02O3M7H1O1O002N2M2NjlTX3
20190605025430Lh_2,dPYV11c01H0=2]O7LK6Kkoo04goQO3O1N2O0O1N2N2N1O101O0O10O1N20000000O20O0000001O0001M2N3N2N2O100O1O100O01000O00001O0O10O1O101N1000000O1N3N110O010O0010OO11K4O2O0N3L4O0001G:L3O2M4M7HcnPd2
20190605025430Lh_3,Qlbh0232`0ND1j01XO1L5MJX1NlN6NIenm0:hPTO6I6M3O00O2O1N1O100O00O101O001O2M2M3O1MDYQNDfn1<>01O0O1O10O1N2O2M2O101O1BYObQNi0[n1>01N2O1N2L30001000ON3N1O^OPRNYOPn1g0TRNUOkm1j0ZRNQOhm1m0g0M300002N02N3TOnPNb0ho1^O`RiR3
20190605025430Lh_4,[k\a03:a03GF3O0T2GoM41H659d0DBKL3M6L\ka24US`MLmQN1Wn1OhQN0Zn10eR`00Xn_O000`02nN6gPNKio1NgP:OYoE1O0]OOVQN2jn1OUQN1kn10TQN0ln11TQNNln13RQNNmn14RQNLnn14RQNKnn15RQNLmn14SQNMln13UQNLjn15WQNJin17WQNIgn18ZQNHen17]QNIan18_QNI_n17bQNJ]n16dQNJZn17gQNJXn15kQNITn18mQNHRn18PRNGnm1:SRNFkm1<URNDjm1<WRNDgm1>YRNBfm1?[RN@dm1`0\RN@dm1b0l04M7H11O0@XQNFjn14\QNL^o1O\n18WQN4L4N2M3N2M2O1O10N101E:AjPN2IO]o1>11O000N2O1N20OO1O1O2J4M5M2NoNcQNb0^n1\OhQN`0nn1N2L3N10WOHlQN6Vn1KhQN6Xn1JgQN6Yn1KgQN3[n1MdQN3\n1MdQN3\n1LeQN4[n1LfQN1\n1OdQN1\n1OeQN0Zn11hQNMWn13j0O02OOjPN3\n1NdQNM_n15aQNJ`n17_QNIbn16]QNKbn16]QNJdn16\QNJdn15]QNL`n14bQNK^n15dQNK[n13gQNMXn13iQNNRn16oQNIPn18QRNHnm17TRNIPo101000aNOPSN0ml12^1OjQNObl14c1101N2ON2O2N\QNMoN0[n14[1O1010SQNMmm13P101O1O1101TPNNfo1;mRiR3
20190605025430Lh_5,lmnU12l070KYO9a0HHM329N70lm]1O\QbN1Yo10iPNOWo11iPN0Uo10lPN0Ro10PQN0on1OSQN1kn1OVQN1in1OXQN2gn1NZQN1en10[QN0en1O\QN0dn11[QN0en10YQN1hn1OXQN1hn1OXQN1hn1OXQN0in10WQN0in1OYQN0gn11XQNOhn11XQNOhn11XQNOin10WQN0in11VQNOjn11VQNOjn11a0OhPN0cn10f00000110O01O010O1000no10QPN0O10O01O1RQNNnm13o010O001O001O10O010iPNO_n10h01O0jPNO^n12g00jPNN_n12bQNN[n10iQN0Un11l01QQNNmm14m002100O2SQNMgm1:h07M4\QNWOmm1m0PRNSOPn1T1hQNnNWn1\1mNPOXSNR1fl1S11L4L5O1N3N1^O\RNfNgm1W1c0N2L5J5L5N3M2O101O1N2N1N2N2N2M5Ino\b2
20190605025430Lh_6,hoRV115=1E?7\OKd015N3OTnS12iPnNL[PN1ao1ObPN1io3OXom10]PbN0WP^O0PP20QPN0O0O010Wo30dQL0Zn30jPL2OOQ1OQN0m00[QN0`m10dRN0Zm10gRN1Wm10iRN0Qm15mRNNQm1OmRNMPO1`o1070010OO11OO2K4L311N0inbc2
20190607032610Mh_1,jmbP22296MR3KRN0nN0jn]14aPdN8I6K4L6L1N2O00O10000O2N10000O1O100O0O2O000O1100O1O100O00O101N1O1O1O1O2O00001OO1000000O100O101O001N1N2M4O001M2O2M3I6M4O000O0OOOM3211N1O2O1ROfNUSNX1ol1jNmRNQ1Zm1RObRNk0bm1XOYRNg0km1[OPRNe0Rn1b03M3N2M3O1M3O1N3M2N20O010O0O1O01N3M3M3O1N3M3M6DUQig1
20190607032610Mh_2,fgdV14<44OFML2625K8NY14dNLT48\LO[OKIN]b11fgf23^eYM=F4M3M1O001N2O1O1O1O0000100O001O000100O100O100O1O101N1O1O2O0O1O001O1O1O1O001N10O010O10000O1O100O011M20OO2O1O100O001O100O010O01O1O1000O10O01O01O1O00010O1N101O0100O001O01O01O001O1O010O1O01O00O101N0O300N100O11N02N2O01OO01000001O001O1O001N2O001OO0O1M3N1N4M201N2N3N10O100000001N010O1N^KPOXZNo0je1ROVZNm0je1WOQZNi0Qf1XOlYNh0Vf1YOgYNf0\f1\O^YNe0ef1]OVYNc0mf1^OkXNd0Zg1_OaXN`0bg1DWXN<mg1EoWN:Uh1GfWN:\h1FcWN9`h1G]WN:eh1FXWN:jh1FUWN;kh1FSWN9oh1ImVN8Ti1HkVN8Vi1LeVN5[i1OaVNO`i15\VNJfi17XVNIhi1:UVNEmi1<RVN@Qj1b0mUN\OVj1f0gUNZO[j1f0dUNXO^j1i0`UNWOcj1j0YUNVOij1V1hTNkNYk1[1_TNfNdk1`1QTNbNRl1e29F3M7I9H2L5L3M2M3N2L5K4K6I7I9I7Jb0QO`SaZ2
20190607032610Mh_3,VPQX11e00d11nl_10jPbNO\mZf2
20190607032610Mh_4,cmdW11i00a06SO1NNkl=4^RD4N1N3M3XRN@kk1c0QTN_Onk1e0nSN]OQl1e0kSN]OTl1g0gSNZO[l1f0bSN\O^l1e0`SN[Oal1f0]SN[Oel1Q1kRNQO^m1i0]RNYOfm1_16QNnQNc1Zn1L4M2M3M3N2M2O1O1O1O0O3N1N5]OjPN3PPSf2
20190607032610Mh_5,nfZk113c0moU1AjokN1O2N1O001N2O1O1O1N2N101O01000O010000O1O100O2N3N1O00O10002N000010O1O01O00000O10000000O101O1O101N00001O010O01O10O01O00100O0010O010O100O10O1O01O01O00000000000000O10001O001O1NVXQn1
20200806072410Th_1,mbeo1185KM0112Yom0L`PTO2N2O0O100O1N110[PNH\o11dPN90G[o1=dPND\o1a0O1ePN@To1g0O001O001O000010O004K2O1O1O003L100000001@cPN;ao1000O10O100O10000O100O1O1000O10O1000O01O0010O10000000001O001O000O10O100O1O100O100O2O0O2Mb\`j1
20201228202510Mh_1,cZm`242N?2C0122N]og00WPZO1100O00N3O000O010O1O1O1000O01O01OO2O0000001O0O1O10000001O00001O0100O01O001O000010O01O001O01O1O1O001O0010O00010O100O2N1O2JXe^Z1
20201228202510Mh_2,iYQ\117273CK=:bnc0NdP^O;G2E;N101O1O3N1001N00O11N2N4M2M3M2N3M2N6K0O0010O000000000000O01000O010O1O01O10O001O010O1O2LPe\`2
20201228202510Mh_3,_ZU\11i04ong0LTP:2SPPOOO010O00000001O0000]PN0co1000O1]dTa2
20201228202510Mh_4,Vn^i21633MVoc01_P^O5K2N001O0000000000O2OO01O1000000000010O010O1O01O00010O0010O100O10000O001O01O0000000000O2OZQQS1
20201228202510Mh_5,hXQ\1188II07P1HI0mla02TR@6L2N1cPNM0Hbn1<[QNMon15nPNKSo1a0O1O101O2N3M11]OaQNAdn12gQNM[o30loM1O10OhP2OenM1b01N0010O00O100010O00001O000O2O00\PN0Wo10hP40doK0PP20PPN0N1id\`2
20210101202450Bh_1,hYQf23b10gN2o01ILO2f01C1_O2^OK1Oemc1:fQ^N5L2M4N0N4N0O1O1O1O1N2N2N1L4D<N2O011OO00OO1N0011ON12J6O20N3O0D<00O2M3N2L4L3O01O101M3I6O2O01N1000O1O0O2K5N3[ObNfRN`1Wm1e0000100ON4N2N2N2N2N2O2M2N3L3N3M2O1N2O1N1O2M3M2O1O1O100000O2N1^OROPRNQ1mm1a002OO11N020OO1O2N1N2O2M3N1O2N2N2N2N2L4N1O2N200O0010O01O001O1N3O0O2N3J9FdddP1
20210101202450Bh_2,ZaUT21P13WOOf00Wnk0OiPVO4M1N1O10O11N101K5N1O010N2O0O201N110O00001O01O0001N1O100N3N1I7N9H1O100000010OTObQN6_n1HdQN6]n1IcQN7]n1IbQN8^n1E_QNC4h0]n1EdQN<]n1CcQN=]n1E_QN=an1a01N10O1O0001N1N3N200O10O0K6O1O1O01J6O1K6L3N3A?F`^`f1
20210101202450Bh_3,VWWk2144>OiPj03YnWO7M101N2N1O100O1O2O01O01J[OoPNe0Po16O1O10O2O000O2NN3O10O10000000O2N101N2O0000O010G8N200O100O010O\OJaQN5]n13hQNBYn1`0fQN]O]n1c0dQN[O\n1f0dQNYO]n1f0?01M3N2O1^OdPN?Y1Bjl1;WSNFjl18VSNHll14_iXP1
20210101202450Bh_4,k`cc12>OD6m0M327LoN3kj1LYXX66]lgI1O1O1O1O1O001O1O0010O000001O00000000000001O01O00001O00001O10O01O1O1O0O2O001O1O01O01O00001O1O0000001N101O00001O1O01O01O01O0010O0011N2N010O1O00100O10O010O0010O1O00010O0010O000001O1O000010O01O001O1O00001O1O00001O1O001O1O1O001O001O0000001O001O000O2O00001N2Ndm[3O_RfL0`oM2<O101OcPN0kn11UQNOjn10XQN1Zo11010O001OXOOaQN1_n1OaQN2^n1NcQN1\n10dQN0\n11cQNO\n12dQNN[n13fQNLUn18lQNHSn18nQNHQn19oQNHom17TRNHkm18VRNHjm11]RNOVn?1ooAOXQN4fn1MYQN3fn1NZQN1gn1OVQNNC4Wo1NVQN3jn1OUQN1kn1OWQNMkn13`02O00O0000100O0100O100O0]QNJ^m10[10WQ44enK1K4N2O0WOEcQNh0^n1YOXQNo0jn1M6L5M2G9N5IX^Tf1
20210127110130Ch_1,[Zj`262OOL63K38L\om02PPTO6N1O2J5N200OJgPNFYo1:jPNDmn1OVQN;Ro1HkPN8Vo181N2O001O01O0010O100O101O00000000000010OO2O002N00O1O1O10000O10O10000O1000000001O1O00CbPN9co1O10O1O010O0101N1O001O1O002JPeoY1
20210127110130Ch_2,T^[k1113o0NSO11Obo?OUPB6M1L4O1O1O1O100000O0O20O0000O1000O100GEnPN;Ro1GkPN:Uo19000O100O101N2N2O2N000001O2N01O10001N3M1F]PN4j``Q2
20210219230330Lh_1,gWmX143010j0;^1G\NNO4d0N@M_O2m0OH1_OOJ:4Cml]2c0nQdM6J7I7J5D<K4L5M1AVNfRNm1Vm1`000O1O10OO10020O0001O010N10001O1N1M3BfRNSN^m1h1?M3010O10001O00O10000O1OO2N0M3O2N0N2O101O0100O11O0O1100ON12N1J6K5\Od0001L3O1O2N01O2OON3O3OOM4N1M5N2O0O010O01O01O0O01001M2001000001OO0101O2N2M3O0O1O100O10O1N3N2O1N3N000N10OOK610O1O3N1O10O01O0O2M1KO60OK61O1O100O1O1O20O0B[QNZOkn1h06OOO3O1000O1O1000ON201O2O011N1O1O100010O00100O1O2N2N5K1N3K6FjeRZ2
20210219230330Lh_2,W^ij2173KM:7b0NVO48Gi03@6Skk1ISTVN4M2N2N2N1O2O0O2O1O0010O10O2N100O00010O1O1O1O01O01O01O00001O001O00000010O1O010O01O0010O0000DhPN4To1KmPN7Ro1FPQN;Ro1@PQN`0Wo11O001O010O00GfPNNZo11hPNNXo12iPNMVo13kPNMVo11kPNO2MUo12kPN1Ro1OnPN3mn10TQN1in11WQN0gn11YQNOfn12ZQNOom1HYRN:INmm1JXRN8JOmm1LVRN6MOlm1LURN7MNnm1LSRNn0lm1SORRNn0mm1UOPRNl0Pn1b001O0010O0100O0101N3N1N2N2N2N102M4L3M10000O20O0000O10O1O001N2N101URNfNml1\1PSNhNnl1X1PSNkNol14^RNc0?_OUm1F`RNj09Bdm1=YRNFfm1;YRNEhm1;URNHkm18SRNInm1:mQNGUn1R12M2O1N2O1N2N2O0O2N002N100O1O2N1O1O101N10:E2N3M2N1O1O1N3N2N2M2N^]Rj0
20210219230330Lh_3,W^oo22a04AOo0LD3@1N20NNO?NG4O0\ka1K]T`N001oQNORl10nSN0Rn10O0nng00WS\O4emK3M2[OGcQN9^n1GaQN9Ro12]OE_QN;Um1EVTN9VNHbm1OXTN8ZNI[m10mSNOnN7MKWm1NoSN1hN68I[m10ZRN0k0>BCTm12aRNNh0:FERm10aRN2h08EGXm13SSN3HITm16TSNOILQm17YSNHG1ol1:STNEmk1>PTNCPl18[RNId1NSl11YTN0lm1O0000QP20ooM00000jn50f_lj0
20210219230330Lh_4,cYcb11b04GMJ014OL00^no10\QRNOlP20[nc01kPZO1`P64XoI22N001O0N`ehY2
20210607142350Bh_1,c[Qj11W11Qn96_PH2dPNIjn1NmPNl00]O0I\n1`1N100O2OO1000001hNfQN97@bn1?_QN@dn11\dhT2
20210607142350Bh_2,ndYb17=KK0L070fnc0:bP^O2N1000000000000O2N101L3O10000N2N111O000000001O10000001O3L10O010O000100O3[OfPN>_o1O001O1O1O001O2N3KnYTZ2
20210627163630Mh_1,[blY1110a06:Jimm02VQTO5L4M3M101O01O2M10001O00001O01O0000O1001OO100O100O010O10O010O1O001O1O010O01O0010O01O01O0000001O01O010O010O10O010O01O10O01000O100O01O0001O01O010O1O2N1O1O2Lg[Y`2
20210627163630Mh_2,Ve]Q23h00h1OdM1dm_1`0cQbN6J3N3M2N2ZOoNZRNT1cm1QOWRNR1hm1e0M200O010O01O2N2M4ZNlQNT1gn1L3M7I1N2O0000O10O101O1O1O101N00001O0O101O0000GCnPN>on1HnPN9Po1<01O001O01O00001O1O100O011N101N2O1N2O0O2O0O100O01000O1O01O0010O0001O001O8H010O01O01O001O0O100O101N1N2O1FPO^QNV1_n18M1010000002M7I5Lk0SOQX^f1
20210627163630Mh_3,e_Qk11557Kjo]12ZocNNiPN7So1NhPN6Vo1:01O0O11O0000001O00001O001O1O010O0102M1O001O0001O0000001O00000O010000000O0100O010O10O100O10O02O0O01O1O1O1O100001O002N1O1O0O2O0O2N2N1000000000O100O101O1O0000000000000O1000O100O1O1O00O1010O10000000O1O1N1O2O100O10000000000001O000O7BT`Tl1
20210627163630Mh_4,`]gT11<0G1d03=Omm=4XQB;an1d0N1O100N3M1N3N2M2N201G9M4MROaRN^O_m1a0dRN]O]m1b0fRNYO]m1<VRN[Od00Zm1e0T1O1K6N2000O100O00O2J7LSbnh2
20210627163630Mh_5,e`]`1173NN83?5Wmo0JhQRO3M2O1O2N2N3M101N1004K2O001O0O100O10000O01000O0100O101N1O2N10O01O1O01O01O00001O001O001N2O001N2OBlPN1So1OmPN1So1OnPN1Po1OSQN0ln1OUQN2in1NYQN1fn1JaQN6^n1IcQN7^n1GcQN9^n1EcQN;Qo11N1N101N2N2O1000001O010O01^OgPN:bo1N2M7H_]lY2
20210701163730Mh_1,\`R_21l04@0m04lNJ5O70F3Qn1LaoW25PRhM1O2O001N2O00001O01O00010O00100O100O10O010O2N101O1O1O00000O110O0100O10O0001O00O02N10000003L2O00O0100O1N2O010001O000O010O10O01O101N2O0O10O01O0001O0000000001O000000001O00000010O000001O0001O010O001O010O1O010O001O10O01O001O000000O101O000010O0001O001O001O0010O010O00010O010O0010O001O0010O010O010O01O10O0100O0100O000001O010O010O01O0010O010O010O01O010O00010O0010O0010O10O010O0100O10O001O1O001O1N5L`oU20g\km0
20210701163730Mh_2,U[_R19f0IJ9OHB4Q1O[OOONL67Kiji0;lSXOa0K2N3OO`QNTOlm1n0PRNVOPn1j0lQN\OTn1^11J1OO0O2O1N2O3M4L3[RNjMYm1Q3CL207F1N1O1N5L2L3N2N2N4L1O3L3N2M1VOPRNCQn19XRN_Okm1a0j0N4M2N3Mo`Tj2
20210701163730Mh_3,P^ef11P14^ONGN51I1mn;OUQD1_o1?H3N2O1N2O1M3_OXOfQNj0Yn1?N100000D<N1M4N201O1O1DoPNHRo17QQNFPo1:;O2N20aaZW2
20210701163730Mh_4,ShXQ1d02]O326Ncng07VQXOJ]o1`0L2O1O001O1O1O001O10O001O3L3N5J2O1M20000001O00000M3O1000010000O2O0O010O1O001O01O001O010O0010O10000O10O010O0010O1O1O1N2OgVUj2
20210701163730Mh_5,_gjb21a04AO=OG0k021MTO2Tla03]S@4O0O2M2O1O2N2N2O1O01O2O1O0100O0010O1O1O1N2N3O00N3L4M2N2N3N103M01NO6J27H0N2N4I9G9GWUoY1
20210701163730Mh_6,e\YZ2192QPh0NcoYO2O2L3O1O010O01N1010O001000O010000O10O100O001000O1000O1000000000N2000O1000000000000001O00001O11N012N00000001O00O001O001O1NibRa1
20210701163730Mh_7,ZiRP32l01D2MNi02]O5hkk03WSVO3M2O11O1O100000001N100O1O0O010O10000O110O01O1O1O3M1O1O2N1O2N0O201kPNCbn1P1N5K2N2OO002N2N3M1O010O102N1M3M2YOVQN4jn1LVQN3ln1`02N010000000O3N2TOnPNd0Zo1M2M4L4M2LeRmj0
20210701163730Mh_8,of^b2221?40MA0;23MI1K0V11hN17NL8m0MoNHliW10aUjN0TQN0jn10XQN0fn10\QN0cn10`Q20bnM0ZQN0gn10XQN0gn11g0Oe00gn10YQN1YO1N2^OLSQN5ln1NSQN2ln1OTQN0ln1OWQNOin1O[QN0cn10_QN0`n1ObQN1Yo1O]PN1Ro10jPN4Wn1K^RN1XO9Tn1GdRNQ1nl1POPSNP1Pm1oNVSNj0Sn1NPOYOgRNg0[m1WOcRNj0^m1VO`RNk0bm1VOWRNn0lm1TOkQNNIl0_n1YO_QNN3i0^n1@aQN?an1@_QN`0bn1^O`QNF7>Yn1IQRN6Qn1CURN>fn10000O100O1O010O100000001N21N11OO1O0O10101N0001O1O10OO101O01O000001O001O00O1000O2LeRSW1
20210701163730Mh_9,[Z]S12320NO3=2Xoi0LUPXO2N1O1N2O001N2O001OO2O0O1O1000001O0001O001K5O010O01O10001N1000001O2N1O1O0O10000001O0O100O10000O1N2O1000O1000001O002N2M2NZeng2
20210701163730Mh_10,\Z_R12>7`5Hadi07UUXO<F^OmPN:So19kQN\OUO8Ym1<aSNGTOF[m1a0cSNEVOKXm1>bSNC\O0Sm1;[TNBUl12eSNN^l10i10QR40RnK010O0lm10SRN1O8NI1N0021OOO000RR60lmI0O1VO:YQNFdn1OQQNa03Bmn1M]QN<bn1I]QN2en16SQNHon1d003D<3nNZQNc0So1O2L2O2M3NO1N1001O001O1N2N6Fh_Ti2
20210701163730Mh_11,Wb`c2133>5B12ONMbnk1K[QXN0`oM0?1O1O0100OO1O10000003M_PN0Ro11mPNOTo10lPN0bo11O00000000O10fo?0[PF0PPN0ooK0QP40PP<0oo_O00010SP`00moA0[P\10fokN0ooG0RP<0noE0go_22e\]n0
20210708060030Lh_1,dalR111123a0?Pn?AWQB3M1O100O2O001N2O2N1O1O0103L001N3N1N010O10000O1O010O0001O00000001O1NW]]j2
20210708060030Lh_2,SZWP32;8c0MANo0ORO2CL3?LGd00GKD472M3;OCFVng14`QZN4N1L3O2N2N1N20000O2O0O1O1N110O1N2N2L310LPOXQNP1gn1SOWQNm0Yn1ZOiQNm0Vn1?O1O1O00100O100000O1001O0000000O001M3M3O1O0000N20001N101O000000000O11N0100O1F:O1N200O2M3O0O1N2O1N210OO01L5O01N2M2H8L2101O1N110O01O02O0O2OO11N1M3N2OJQO^QNo0an1701QVNfNYe1Y1iZNgNTe1Z1mZNgNQe1Y1Q[NgNnd1X1T[NhNkd1X1V[NhNid1W1Z[NhNed1X1\[NhNbd1X1S5O1O2N2M3O0O0OA`01N0O3N2O1O2N1O01M1F;ON3O2K5O1N3M4L5I;EQVb1CkXZb0
20210708060030Lh_3,PeQm131O50L2522OKMN0an?OZQB6K3N3M1`PNFXo1b0O001O2N1O1O1O010O1N2OCPQNJPo16QQNKnn13TQNLRo1NnPN3Ro1KoPN6Ro1FRQN9nn1ETQN:Zo100O001O0000100O1O0010O01O010O100O0O2OcYjo1
20210726041650Uh_1,oWWR11XQb12`n_N:I5K5L5J4M1N3L3O1O1N20000O0101N1O1N1H8O1O2N2N2N2N2O100O1O10000O10000000001O00000000000001O0000000000000000010O00010O0001O010O01O0100O010O1000O01000O010000O0100000O100O10O10O10O100O100O100O2O0O101O0O2O1O1O010O0001O1O01O1O01001N1O01O1N2N1O1O1O1O1O1O1O1N3MaeVd2
20210726041650Uh_2,PXo^11gPT12TomN4M3M2O0O2O000O2O0000000001O000010O000010O000001O01O01O01O010O010O001000O0100O10O1000000000001O101N1O100O2N1O1O1O0010O00100N3O0O00100O001O00001O0001O1O2N6J1O0000O100O1O1O2N1O2M4L7ImdVZ2
20210726041650Uh_3,WahR11h008=kmW2DmPjM8N2M2O1O0O2O00001O01O001O01O01O01O00001O00001O00000000000000000O2N1O1K\OmPNe0Qo17O0O1O10000O10000000000O10BUQNHjn18VQNHjn18WQNGin19WQNGin19WQNGin19WQNGin18XQNHhn18YQNGgn19ZQNFfn17UQNA58fn17UQNA58dn18`QNH_n19aQNG_n19bQNF^n1:bQNF^n1:bQNG]n1:aQNG_n1:`QNF`n1;_QNE`n1<`QND`n1<`QNE_n1<`QND`n1=_QNCan1>^QNBbn1?\QNBdn1>\QNAen1m000000000000000O10000001O0O10000O100000001N2O1O0O1000000O10001O000O100000001O0000000O10001O000000000001O01O00001O00001O00001O010O00001O010O01O010O010O00101N1O2N010O001O01O00001O001O0010O01O1O1N2O001O1N2O1N2N2J8K]]c_2
20210726041650Uh_4,]bfQ116140c00XO0o09XO0hm?3SPBb1F5M2O2M101O001<DB>O1O10000001O1]N`RNc0am1D_RN4am1KcRN2^m1E`RNYO5P1\m1E_RNZO;n0Ym1VO_RN6=`0dn1N2N0O010O0O2O1N2O1O1N1O1O2MSZ_k2
20210726041650Uh_5,nVkf03_30[M5DLI2126f0IB36HI18kmo0D\nQO4]VN3\i18YVNNci18WVNLgi16VVNLhi18TVNJki19RVNHli1<PVNFni1>oUNCni1b0oUN_Oli1j0oUNWOki1T1oUNmNli1]1oUNcNni1f1kUN[NRj1l1iUNUNUj1P2fUNSNXj1Q2cUNRN[j1Q2`UNRNaj1f32O2N2M4K5L6lLjTNQ1[k1gNmTNS1Xk1hNmTNU1Uk1hNmTNV1Wk1fNlTNW1Wk1gNlTNV1Vk1hNnTN2@Aek1=mTNMBDbk1>QUNFAIRh1K`ZNe0WO^OWf15dWNKV2`0Pi1<nVNDRi1<PWNBPi1`0nVNARi1>oVNBQi1=oVNCRi1;oVNERi1:oVNERi1:oVNERi1:oVNERi1;nVNDRi1<QWN@Qi1?QWN^OPi1b0SWNZOnh1f0V30000O100O10O1000000101O00001O1O1N1O2N2O1N3L3N5H`fbS3
20210726041650Uh_6,XWmf02k116OgN3_O1N5;IB3[jY1JQXhN5ZM7J6J00K5L5M2N3N102N201001002OSm34cRL3N3N4L4L2O1N2NBnPN1Po1KXQN6bn1Jk0O0010001O1O1O1OZTN0[g10dXN0ek12@NoPN3Ro1OjPN3Uo1<10O01O1O1O1O1O1N3N2LQmg0LjRXO2aPN1ao162L^f^S3
20210726041650Uh_7,``jn022c0=HDGm0:1GSOMVk1OeXn2<akQM6J7J3N4K\OaQNM_o1J1O0010N101N2O00001O001O1O001O00OgNIjRN7Um1MhRN3Xm1OfRN0\m13aRNL`m17\RNHgm19WRNFkm1;SRNCSn19lQNFXn17iQNGYn19i0NlPNI^n18f00O1O1O1O0000106IN2O2M3M4KYlm0LmSRO00001O00000000000O10000O10000O1O1O1O10O00O11K[PNNeo1160O01O01000O1000O100O10O10gPN0bn10^QN0an11_QNOan11_QNOan11_QNOan11_QNOan11^QN0bn10^QN0`n12`QNN`n12]QNLA2Qo13^QNKA2Qo11_QN3an1L`QN4`n1L`QN4_n1MaQN3_n1MaQN3_n1MbQN2_n1MbQN3]n1MdQN2\n1MeQN4Zn1LfQN4Zn1LgQN3Zn1LgQN4Xn1LiQN3Wn1MjQN1Wn1OiQN1Wn1Ol010000O10000000O10000001O0000000ZQNN_m11aRNO_m11aRNO_m11aRNO`m10`RN0`m11^RN0bm11]RNOcm12\RNNdm12[RNOem11[RNOem11[RNOem11[RNNgm11XRN0hm10XRN0hm10XRN0hm11WRNOim11WRNOim11VRN0km1OURN1km1OURN1km1OURN1km1OURN1km10TRN0lm10TRN0lm10TRN0lm10TRN0lm10SRN1nm1NRRN2nm1NRRN2nm1OQRN1om1OQRN1Pn1NPRN2Pn1NPRN2Pn1NPRN2Qn1MoQN3Qn1MPRN2Pn1NPRN2Pn1OoQN1Rn1NnQN3Qn1MoQN3Qn1NnQN2Sn1MmQN3Sn1MmQN3Sn1NlQN2Un1MkQN3Un1MkQN3Un1NjQN2Vn1NkQN1Vn1OiQN1Wn1OiQN2Vn1NjQN2Wn1NhQN2Xn1NiQN1Wn10hQN1Wn1OjQN0Wn1OiQN1Wn10iQNOWn11iQN0Wn10iQNOWn11iQN0Vn10kQNOUn12lQNLUn13lQNMSn13n0O01O01O00010OQQNNPn12PRNOPn11oQNOQn11oQNOSn10lQN1Tn1NlQN2Tn1OlQN0Ro10TOOiQN1Xn1OgQN1Zn1OdQN2]n1NbQN2Vo1O10OOP]m_2
20210726041650Uh_8,jWgo01b06GNJM21Vn1NoRf36]nYL4M2K9IFkPNORo1MXQN0dn10aQNNZn14kQNKRn15SRNHkm17o00[QNHcm17`RNI_m14dRNL\m13eRNM[m12fRNOXm10jRN0Vm10jRN0Vm10jRN0Um10kRN1Um1OkRN1Um10iRN1Wm1OhRN1Ym1OeRN3[m1L]RN=cm1B\RN?an11O1O1ON2N3O2N1O1O2O1O0O2N2O100O10@NRQN1on1OQQN1on1OQQN1on1OQQN1on1OQQN1_o10001O0000000000000001O01O01O010O000@OQQN2nn1NSQN2mn1NRQN2nn1NSQN2ln1NTQN2mn1NSQN2ln1OSQN2mn1MTQN2ln1OSQN1nn1ORQN1nn1ORQN1mn1OSQN2mn1NSQN1mn10SQNOnn10RQN1nn1ORQN1mn10SQNOnn11QQN0on1ORQN1nn1ORQN1nn1ORQN1mn10RQN0on10QQN1nn1OQQN2on1NQQN4ln1LUQN4kn1LTQN6kn1JUQN7in1IXQN6in1JWQN6hn1JYQN6gn1JYQN6gn1IZQN7en1J[QN6en1I]QN5dn1K\QN7an1I`QN7`n1IaQN6_n1JaQN7^n1HdQN8[n1HfQN8Xn1IiQN7Vn1IjQN8Un1IkQN8Sn1HmQN9Rn1GnQN:Qn1GnQN:Pn1HoQN9Qn1FPRN:om1FRRN9nm1GRRN9mm1ISRN5om1KRRN3nm1MSRN2lm1OTRN0nm10QRN0Pn10nQN0Rn12lQNOTn11kQNOWn10hQN0Zn1OeQN2[n1NdQN2]n1NbQN2_n1N`QN2an1N^QN2cn1N[QN4en1MXQN4hn1b01O010O00001O000001O01O00000000000000000000001O000000010O000010O01O01O01O10O000100O001O100O001O001O0001O01O1O00001O001O0O2O0000001O001O002N00001O001O0000001O000000000O2O001O00001O0000mMK\TN3im10mMMYTN3gk1NYTN1hk1NXTN2hk1OWTN0jk10WTNOjk11R201O01O10OAOPQN1_o10AOPQN1Po1OoPN2Po1OPQN0Qo1OPQN1on10QQN0on10QQN1mn10SQN1ln1OTQN1kn10UQN1jn1OWQN2fn1O[QN1dn10]QNNbn13_QNM`n13aQNM^n14bQNK]n16eQNIYn18h00000000010O10O1O2O0O001N20O01N10010N11N1O1N3M2M5LoelZ2
20210730044930Lh_1,laTe24121K144NN2PoS2MhPnM2O2M2O1O1O001O1O001O1O1O02O0O010O1O100O1O100O001O01O0000010O000000010O01O0001O01O00010O01O10O01O01O010O0100O010O010O01O010O010O00100O001O10O0000001O00000O1000001O0001O000001O00000000000000000000000000O10000000001O0000010O01O10O01O10O01O00010O000001O01O0001O0010O00010O000000010O000000000000000000000O10O10O100O1O001GIgPN9Xo17O2O01O0O2O1O1O1N3N2N5J4Ml\mm0
20210730044930Lh_2,_WYc21=2:0C3I;2CZn]1M]QdN7aPNLhn18TQNLin16VQNKin17TQNKjn1f0N2N1O2O0001O00001ZO]QNGNKen1=g0O1N1O2O1O010000000001O01N1000O0100O01N2O10O10000O100O100O100O0100000O10000000000001O00000000000cPNLnn17nPNJRo18kPNIVo18hPNIWo18gPNIYo1?010O0100O100O10000O02O1O0O1O1002N0001O00001O001O2N1O1O0000000O10O100000O3O2M000O2N1O002O0N]fTT1
20210730044930Lh_3,Vb\k1194M1OMf04WOLSng0OgQZO8I3N2O1N101O1O0000O100000000O101O1N3N1O00000O100000O1O100O100O10O010O10O011O1O001O0101N000O10001N100O100O1O001N2N2Ng[UP2
20210730044930Lh_4,RjPh1171KO1136So=NaPD1O1O001N3N1O10O00100O2O0001O1O0000100O001O100O000001N2N2N2MjTcU2
20210730044930Lh_5,dYcf1388T1MKKjN2j03[OMa0Nb01[O38OLe0^O[OKLad10Vdf29lfYM2M4N2N1N2O1O1O100O1O10O1001OO10000O2N10O001O01N1000O0100O10O001O100N11OO10100N10001O100N200O1O1O10OO11O01OO110N2O0O101N11O0001O01O01OO2O1O00001N2O1N1O2M2O2M2O2O0001OOO1L5K5O00010010N11OO110O1O1O01O01O01O00001N101O010O001O1O1O01O00O2O10O0010N20N10O2O10O0001O0001O01O0010O000O11OO1N200O020N1100O1O1000O0100000N200O1nN]OfRNd0Xm1AdRN`0Ym1EcRN=]m1DaRN=]m1S1O10O2O1N1N3J6M4M2L4D<M3O1N2N2N2M30OO11ON21N00001N2J6K5K5J6O0N3M0103N0K401O2O2M2LKRO`QN<_o1J5MRdfi1
20210730044930Lh_6,aajj1210541Nf0NUO?n0DMNYOO?0BOkjW17dTjN2\PNH`o16501010O02O1O2N1O00dPNNjn11VQNOkn10UQN0jn11d0O00aPN0mn10SQN0mn11a01_PNNSo12kPNNVo12iPNNXo11hPNOYo10gPN0Yo10fPN0[o10ePN0[o10ePN1Zo1OfPN1Yo1OhPN1do10COjPN1co1O10QP60aoI0k00fo10moM100O010@OnPN1Ro1OnPN1`o110O11BNjPN5`o1=B101N1O1O2M2N2O2O02N6K0O4M3M0O010O001O000O10001O000000010O00001O00O101O00000000O100O2M5HiYmm1
20210730044930Lh_7,QYkU21[Q\12`neN2N3N1N2000000O1000000000000O100O2O0O1O1O1N200O1000000000000001O2O001O00O1000O10O00000001O000AcPN9_o1FcPN8^o1IaPN7_o1I`PN7ao14000O100O1O1O1O10O01000O1O1N3M2O1O10O1O01O0010O010O010N1010O0OO2O10010O1O1O1N2O1O010O01O100O1O1O100O10001N10O101M2L5Mefla1
20210730044930Lh_8,kVod13h25fMMR24ZNL:4ROO>M[191D__1O_j\40SdcK000O1O0000000VOOdQN1[n1OfQN1Yn1OhQN0Xn11gQN0Xn11hQNNXn13j01O1O100O2N1O01O0010O0000O2O00000O1O1O10OO11OO1010OO10000001OO11O0000001OO110O000001O1O0SQNLom14QRNLom15oQNLRn13oQNMQn12oQNNQn12oQNOPn12oQNNQn12PRNNom12QRNNom13PRNNom11SRNNmm12TRNNkm12URNNlm11TRN0km10VRNOjm10XRN0hm1OYRN0kn110O001O00ko70PPH3jNM[10cok00]PTO0PP20TQL0im10WRN0jm10R1010O010QQN0nm10QRN0om11PRNOPn11P1O00PQN0Rn10mQN0Sn11m001O01nPNOTn12l0O10oPNOUn11l010OnPNOWn10iQN0Wn11hQNOXn11hQN0Xn1OiQN0Wn10iQN0Wn11hQNOYn10gQN0Yn11j00000OnPN0Wn11hQNOXn10iQN1Ro1000O020O010O001SONlQN1Un1OkQN1Qo10TOOkQN1Un1OkQN1Un1OkQN0So1000oM8e1K701N12OO1O2OYRN0_k11`TNO`k12^TNNdk11ZTN0hk10RTN3Pl1NmSN1Wl10l1000000000TQNMjm14TRNMmm13QRNNom13nQNORn12nQNLSn14lQNLUn14lQNKTn15jQNMVn13kQNLVn12jQNNWn11iQNOXn10iQNNYn10iQN1jm15\RNK^m16gRNJSm17RSNIml12YSNNcl15]SNL_l15dSNJ]l13cSNO\l11dSNL_l17b111NO2M401fQNDnl1=nRNFRm12PRNK<f0dm1KVRN6lm1LQRN4om1o0O01O001N1O2M3O1M3O1N2N2O2J6LWOTOlQN6>e0em1UOoQN7<a0em1XORRN79>Pn1BQRN7Un1JkQN3Wn1Mn00DHPQN8\o10CHRQN8nn1HRQN8mn1ISQN7ln1JTQN7jn1JVQN6in1KWQN5hn1KYQN4hn1LXQN4hn1KZQN4en1M[QN3en1L\QN4dn1K]QN5cn1J^QN6an1IaQN7^n1JbQN6^n1IcQN7]n1IcQN7\n1JdQN6\n1JdQN6\n1JdQN6\n1JdQN6\n1JdQN6\n1JdQN6\n1KcQN5^n1LaQN3_n1NaQN1_n11`QNNan12_QNMan13`QNL`n15`QNK`n15_QNKan16_QNIan17_QNIan17_QNJ`n16`QNIbn16^QNJcn16\QNJen15[QNJfn16kPNK91mn13iPNN8OPo13iPNM70Qo12hPNM72Qo11SQNOmn11SQNOmn11RQN0nn10RQN0nn10QQN1on1OPQN2Po1NoPN3Po1NoPN3Qo1MoPN3Po1MPQN3Qo1MoPN3Po1NPQN1Po1OQQN1nn1OSQN0mn1OVQN0in1OYQN0gn10ZQN0dn11]QNNcn13\QNNcn13\QNMdn13]QNLcn14]QNMcn12^QNNbn12]QNNcn12^QNMbn14]QNMbn13_QNLan15]QNLcn14]QNLcn15]QNJcn16]QNJdn14[QNNen12ZQNOgn10YQN1fn1O[QN0fn10YQN1fn10YQN0hn10WQN0jn10TQN1mn1ORQN2mn1ORQN1on1NRQN2mn1ORQN1on1NRQN2nn1MSQN2mn1OSQN1ln1OUQN1kn1NVQN2in1NXQN2gn1OYQN1fn1O[QN0fn10ZQN0en11\QNNcn12^QNNbn12]QNObn12^QNMcn14ZQNNfn12VQN2jn1OSQN2nn1`000O010000000000O101O0O100O1O1O2M2O3M4K4KU\d4JinWW1
20210730044930Lh_9,oaje2132X14XmU1JZQlN3O1N10MXPNOgo10[PN0do106O100000[PN0Zo10;000]PN0Vo10=0RP40ooK0PQZ30PoiL0ooK0QP20ooM0000001O01O0000000000a\YS1
20210730044930Lh_10,VeZo11611O<2@3Rom1KkPTN0SZcn1
20210730044930Lh_11,fe\V3172Ka01I1D72H9imc0GPR^O2N2O101O2N1O001O3M2N101N101N10O01O1O2N01O2N10O000001OO10O1O2O0O1O2O1OO1O00000001O0O101O1O1O2O1N100O1O2MWXee0
20210730044930Lh_12,TUUf14a041NQ31f11lJN`1LaN1j1O\N1L4OKU_10UQOOX\m21QSTM8I5M3MDnPNMon14TQNLin13[QNLdn14^QNKan15aQNK]n14eQNLZn14i001O00001OPQNNRn12o0OPQN1Pn1NQRN1om1OQRN2on1O1O01O01O010O00O10O10O0PP2000QPN0^R:0oj10cRD0000000O1O00100N11OO1000000001O0O20OOQP20jN0]RL0cm10V10XQN0am11V101O0100OOZQN0gn1001O0ZSNO^i11cVNO\i10fVN0Yi10hVN0Wi10jVN0cl1000PK0TVN2f2NUg10RZN0le11Q5O1001OO11OO20O0000001VQNOdm11V1OWQN0cm10]RN0cm10]RN0dm10[RN0em10[RN0jn10O11O0000PP20O0QPN000oo10QPN0PP20PPN00000O1oo5Ono30SoM0oPJ0QPN020no30RPL0oo10QPN0oPN0Po50QPL000O2O00O100O01O001ON10kUj00WjUO000bh51]WJORoe00mPZO010Sn50mQJ0`ZV20aeiM0000000PPd00YZje1
20210811072510Th_1,[k`Q11d11^NOh06DJO1D0Smk05`RVO9K4K3O0O101_QNZOfm1f0TRN@lm1a0SRN@lm1b0QRN@nm1a0nQNDom1>lQNGRn1:lQNISn1U1N3L2O2N1O1O1O10O0_NZRND;;\m1L[RNEa0<Wm1H\RNK?<Xm1A^RN1=>en1O00001O0O2N1O1O0010O1O1O1O000001O001O1O10O010O001O00001O10O1O100O1O3JVQii2
20210811072510Th_2,SmbR1192K1341OYoi0K_PXO0000000O01O000010O000QP<0TQQk2
20210811072510Th_3,cmfR13i00YO0[oc01dP^OMWP80PPb00lPaj2
20210811072510Th_4,\lRR11136N41<O]O04:KGN14Ogmg0N]RXO2Xo10iPN1So10oPNOPo1OUQN0^o1O10TRil2
20211119005210Mh_1,^]f`11j06]OJK1b00mmc01YQ^O7K4L2O2N3M4L3N6J5L6LN2M3L5K2N2O1O2N1O1O1O2O1N001O0O10001O1O000000010O010O10O1O0O11O1N100O001O001O1N3Lh_][2
20211224120130Ch_1,_bZ^26:O3O41LOFN<;gl9IbRH>D3L4M4M3L2N05PORQNe0P1[ORm1c0iRNAVm1`0gRNBYm1>dRNE\m1;aRNHam17[RNLfm1V16J3L2L4K5L4H:YOoPN5kZQ`1
20211224120130Ch_2,VWcT21V14WONI2LN>3_nk0MlPVO3O1O100O10000O1O100O101O0O10000O01O1O0O0100O010O001O0000O10000000N2000O01O1000O10O10000010N10000O100O100000O1O1O2ABZQN?fn1DUQN>ln1:1O001M3H8N3N3H_hXf1
20211224120130Ch_3,P]e\21]12]OOC3H03MPo10]oe20XQZM2O001O1O1O00100O0010O10O010O0010O01O1O0010O0010O0010O1O01000O0100O100O010O1O001O010O1O01O0001N2O001O00001O010O1O0010000O010000000O1O101N1O0001O010O1O3M1O001O001O10O0000000001O00O10000O2N100O101N1000O100000001O001O00K^OlPNb0Po1CnPN=Ro1DnPN<nn1=M3O1O10000000O2O00001N101O00O100000O11O000000O100000O1000O10000O01000O100O1000O0100O100O1000000O01000O1O1O1O0100000O100O1O1O010O10O10O10O10O010000O100O100O01O00000010O00000O110N100I62O001M1001O0011N2O01O01O010O10O01K5O001O1O2ChPN0Yo1OhPNOZo1NhbXR1
20211224120130Ch_4,]deZ2145<2NJC8\nk0I_QVO3M2O1O1O1O1O2O4K2N001N200O2N1O010O1O1O1nPNXOjn1Q1N1O1O1O1O0O2O0O2O001O01O0O2N2O2M2O1N2O0O2O1O1O3M1O001OO010O0O2O01O100O1O011N101N101N2O1N10001O0O2N2N1N5LfZj_1
20211224120130Ch_5,`[mf2234`0MDN15?Na1OTN183LL<7VOGjg10V^N2cKOola4OVQ`K6L4K4L5N1O2N1O1O1O101N10001N1000000O1000000eKUOaYNk0^f1XO`YNh0_f1[O`YNe0^f1\ObYNd0^f1]OcVNDj1n0cg1_OaYNa0_f1@aYN?_f1AaYN?`f1A_YN`0`f1@aYN?_f1AaYN?`f1@`YN`0`f1@aYN?`f1@`YNa0_f1_ObYN`0_f1_OaYNa0_f1_OaYNa0`f1VOhYNj0Xf1TOjYNl0ej10O10001O0O100000O10000000000000000O10000O10000O101NFYO]QNf0bn1_O[QN`0en1B[QN<dn1HZQN7fn1J[QN4fn1MYQN3fn1N[QN0fn11YQND2Ofn1=ZQN_O50bn1c0`0001O0O2O000001O000001O000O1000000O11O00000O1000000O100O10O01O00001O00001O000O101O001O100O10000O001O1O1O001O1N2O00H0bPNN]o1822O1N2O1O10O01O10000O010000O010O100O01000O001O001O010N1O20O010O1O010O000001O01O100O1O1O010O1000O1001O000000O101O001O10O00010O0ZTNAkg1?l3O00001OkSNCgh1<ZWNEdLOnk1<^WNHch17]WNIch16^WNHdh18iWNFlg19UXNGkg19UXNGjg19WXNGig19WXNGig19WXNGig19WXNGig18P400O1O010ON201O1O1N2O1O2N01000O10001O0O2N101OO010000O100O1N3N1O10O00hSNUO]i1a0lSNCg2M]i1>mVNBSi1>mVNBTi1;nVNERi18PWNJoh16PWNKQi14PWNLoh15PWNKQi14nUNGjN5Yk14kUNIkN3Zk15jUNIlN1Wi1LmWN9OLlN0\k14fUNNmNN]k14gUNNkNM_k16gUNKjNO_k16iUNJhNO`k17iUNHgN2_k16kUNGgN2^k18kUNFfN0bk19gVNFYi1:W300O010O1O01O000100OXRNIhk18WTNIik16WTNKik15VTNKjk15UTNLmNLVl18lTNKnNNVl17mTNJmN0Vl16hUNIXj17kTNHSO1Sl17fTNKWONSl17fTNIYO0Ql17h2000O010O100O100ZQNHUO2Vn15dRN3\m1NbRN4^m1LaRN4`m1L_RN3bm1N]RN2dm1N\RN0fm10ZRN0fm1O[RN0fm10[RNNfm11ZRNOgm10ZRN0gm1OXRN0jm1OVRN1km1NURN1lm1OTRN1lm10TRNOlm11TRNOmm1NURN2mm1KTRN5jn1N3O2Ndo;0]PD1O1nSNOSh12nWNNQh12PXNNog12SXNNlg10VXN0mk11O0000001O11N1Ohj=OXUB0bo90^PF3M1N0O1L5001OLHaPN8_o132M3L4N3MVdV=
20211231180850Bh_1,gW[Z21j13[nQ10eooN4N1N100O2O000O10000O01000O100O00100O010O001O10O0100O010O010000O100O10O0100O010O0100O001O1O1N2O10O01O00001O01N1000O02N1O2N100O10000000O1O2N101N10010O0001O001O1O1O1N2O2N1N3M3MkgR_1
20211231180850Bh_2,Y]_d2131[Pb06aP^OIam11bQN:m0G^m11dQN8n0G_m1=aRNCbm1;YRNCXO3_n1;WRNIfm1;XRNFgm1;jQNB05Vn1;dQN6\n1g00O100M3N20000010O010001fNaQNP1in1N10O12M2O1N2N5K000O2O0O101O10OO2O1M4LXa\X1
20211231180850Bh_3,d`fW213031e0OO1Rn;7iPF5L5J6K4J5M3M3M5L001H7O10000O1000UOTRNBmm19YRNEfm1:]RNEbm16eRNI[m15iRNIWm15kRNKUm13nRNKTm13]`[f1
20211231180850Bh_4,Ph`T12<1JON0g0Ofme03YQ\O9H2O1O001O001O100O3OO3NO010O00O010O13M1fPN[OVo1h0O010O00000001OO1O100000000O100O100000AnPNORo11PQNNQo11oPNOQo11oPNOQo11QQNLPo14RQNFSo19:0010O1O010O010O0O3IWWWg2
20211231180850Bh_5,^SoS21j00\Pb0;[n_O4M2O1O10O10O1O10O001N02O3M2NKlPNARo1g0N200O10O01O00DXQN@in1?;01O1O000100C>K401O01N2N2O2M3I7IXllh1
20220124155050Bh_1,^V][12m26lNMj1Lfj_16^QbN5L3M2N1oKHZXN8bg1OYXN3eg10ZXN1eg11YXNOfg13XXNMgg15YXNKgg16WXNKhg17WXNHjg18UXNIjg18VXNHjg18VXNHjg18UXNIkg17UXNIlg16TXNImg17SXNIng16RXNJng16RXNJog14RXNLog13RXNLog12RXNNng11RXNOPh1OQXN2ng1MSXN3ng1KSXN5mg1JSXN7ng1GRXN9Qh1BQXN?hk1O001O010O010O0001O1O1O001N100000O1000O2O0O1O01000OO201O0000001O010O0010O00O1O1N101NAC]QN?cn1>O020O10O2N100O1O2OO11O00OO2O01O0O11O001OQOZOgRNe0Xm1BbRN>_m1F]RN:cm1JWRN6km1o00000100O002N2M3N2M4K5J6F<Difn[2
20220124155050Bh_2,nbhe1151>1AO`0O25]OKO320^mS17RRnN4L3N4L2N2N3M4M2M102N2O000O110O100N0010O11O0O10O1O000001001N2N3M3M7I1O1O1O1O001O0O10000000O100000O100O10O10O1O01O1O010O10O010O1000O01O100O010O00100O001O00001O00001N3M3MZYiS2
20220124155050Bh_3,ebnd12X11INa11[i]2ORTdM0RP20ooM100O0ZQNO^m11bRN0]m1OdRN0in30O0noo00RPPO0noM000000000O01000O1ePNOfn11e00000O10O10OQP40RP40noG0d00gN0XQN0in10WQN0in10VQN1]o1O02N010O1O1O00001O1O000O2N2FFkPN<Uo180O1O1O1O1N2O1O1N102JnP6LPoI1aPN2^o1NbPN2^o1O`PN3^o1801O000O1000DbPN5_o1JcPN5]o1JdPN6Zo1LgPN3Xo1NhPN2Wo1OiPN1Wo10gPN1Yo10dPN2[o1:00000000010O001O001O002N01O01O01O0O001O10O1000O10O1O100O2N101M3NbXgo1
20220124155050Bh_4,Pece1150U11WOOZm10VTj33kmUL1M3N1O2O0O1O10000000000001O001EaPN3go1O001O0Omnk33oPTL5M1N3N1N3cPN@Vo1g0N1O1O1O1O002N001O0000010O00000010O0000000000001O000000000000000000001_OnPNF16Ro12UQNMkn13UQNMkn13WQNKin15XQNIjn15XQNJin14XQNKin14SPZ4LaPfK4WPNN]o1?L2N10000000000O2O000000001O001O00001O1O002N001O1O3NO01O2XQNSOYn1Z101O10O01O010O012N0O02^NfQNZ1Zn1fNgQNY1`n10010O000000000000002OO0001O001O002N002N6J1N2O1O2N1O1N9G2O1F]PN4ko1KoXVe1
20220124155050Bh_5,a`fm065LM013NN62JM40goQ10QPPO2M200O2N1O1O100O010O100O1O100O1O10000O1O001O010OO010001O010O01O10O010O10O1O10O00100O0100OIBmPN?So1DjPN;Wo170O100\OhPN`0Xo1@hPN`0Xo140O11O000000000O11O0000000O1O100O2N1O1O2N10O10O100O2O1O000O2O1O2LP_kk2
20220124155050Bh_6,jSaP11e00N0_n;7dPF3O1N6jPNB`n1`0\QNDcn1=ZQNFen1j00100O102ZQNhN_n1]11N1O2O2oNYQNc0jn1YOWQNONc0So1]OnPNb0Xo1O102N001M3N8Gej`m2
20220328035030Lh_1,aVm`055LO2<1Bg00`00oN2OMJ9?dno0CjPRO5K5L3L4K4N2M3M2O2N1O1O1O100O000000O1N20N300O01O001N2O1L5M2O100O100O10000O2N1N2N101O1000000001O001O1O10OO100O1O1O1N2N3G8O100O11O00100O1N2O2N1N2N3N1N3N1N2O3L4KchRY3
20220328035030Lh_2,h_ZQ11_21cMOa039NWO1\na06Uo_O1TTN2ik13QTN1mk12mSN3Ql1NiSN8Ul1JgSN:Wl1GgSN;Xl1GeSN;Zl1HbSN9_l1I]SN8dl1JWSN5ml10lRNMYm1\12O1102OO01OO01M3MnNlRN[ORm1b0USN]Oil1<aSNC\l1KZTN3dk1L_TN4_k1HgTN8Xk1CmTN>Sk1]OSUNd0Um11O1O0O00000001N2N5K4K5IY\ak2
20220328035030Lh_3,kofb11j01bo;=PoEDePN=[o15N1]O]OZQNO5ONf0cn1HZQN:bn1d0002NN2000000000000000oN^QNd0So1L2N3L2O1N2O1O2MonX[2
20220328035030Lh_4,mdd^21\12eN1lnm06hPTO4M2M4M2N2N1O101O1O01O4K2O1N2O000O10O0100O2OO02N011N10O100O100O100O110O0001O00000000000001N100000001O2N1O1O00000O101O00O2O0O1O1O1O2N1N2O2M3L^Xo[1
20220328035030Lh_5,hd^^21b17?MXNNPlQ18[SPOGfPN0Wo10mPN0Po10RQN0ln1OXQN0fn10\QN0bn10`QN0^n10cQN0\n10eQN1Zn1OgQN0Yn10hQN0Wn10iQN0Xn10gQN0]n10^QN1cn1O\QN1en1OYQN1in1OVQN1]o10O0_OOTQN0^o110O00A0oPN0`o10B0lPN1bo1OC0jPN0Wo10iPN0Vo10kPN0Uo10kPN0To10mPN0So10mPN0Ro10oPN0Qo10oPN0Po10QQN0Po10`00RP20TP:0^PJ0]oI0XP:3doE3N0O0O100O1O1O1O1O1N2O1N2M3M2101N1O100O2M4M4KjW][1
20220523234912Lh_1,oT_Y2313d0OO1FNJ2?LW16fNI^o_15ioaN7J4L3N3M1O2M200O1O1O001O1O100O01000O001O1O001O001O001O010O0000O1O2O0O1M201O100000O10O010000O000100001O0O2N0100O1O1O100N111N0100O0010O100O1O001O1O01000O001OnN0VRN1im14QRNNnm1R1OO20O0100O10O01000O0100N2O1M3M3L4[OeQN]Odn1b0>O0010O100000000001O1N1O2N4L5Ihij]1
20220523234912Lh_2,gUR]1`0190@53MM0I42JN10`06EK\k1NhWX25^lgM2N2N1O1O2O1N1O2N1H9N1O2O000O100O100O2O0O100O100O1O10O0100O01O010O00100O0100000O010O010O1O001N2O1O001O10OO2O1O1O1N2N2N2O001O010O010O01O010O010O10O010000O100O010O100O1O00001O00010O1O10O0100O100O1O10000O010O100O1000000O10O01000O1N1O200O010001O1N3N1N2N100O1O10000O1000O00010O01O1O1O1O1O1O1O2N1O2O1N2O1O2M2O2N1N2O1OoNXRNKgm13\RNMcm13^RNMam12`RNO_m11aRN0^m10cRN0\m1OeRN2Zm1NgRN3Xm1KiRN6Vm1JlRN4Tm1LRSNOml11VSNMjl12YSNLfl14\SNJdl16]SNIdl16^SNHbl18`SNFal19`SNFal18aSNG`l18aSNGal16bSNGbl15_SNKfl10\SNMfl10hjYU2
20220523234912Lh_3,oViY21:6GL=ND41N70b0OWO4<LI0L7XoU1I_PlN02OToQ20fPF0UPZN0gff`1
20220523234912Lh_4,WYUc22<5f1OVNOP2N`0N[k[3>]QfL3M2N2O0O2O001O0000000000000000000O010O1O00100O001O010O10O0100O10O010O01O00001O0O1O1N12O0N200O101O0001O01OO020N100O1000000O0100O10000000001OO100001O0O101M210N10001O0010N101O00010O000O11OO20O00100O010O10000O010000000O10O10000O2O0O100O2O0O1O1O1O1@SOkQNo0Rn1VOkQNj0Tn1b0O10OK\NoQNe1Tn111O10O001O01O1O1O1O001O1O1N200N2O1O101N1O1O1O101N2N1O101N100O100O101N100O1O1O100O100O10O0100O10O01O10O0010O000010O01O0100O01O01O001O001O010OO110O01O000O101M2O1L401M10101L300O100O011N02N1O2O0O100N30OO2O0O200O1N200N2O1M3O1N3N1L5N4HTWP3N_WTd0
20220523234912Lh_5,iYSm217231h0N]O24Mhne10bP\N1O1010000001NRQd1Oon[N010O010O0PP200000PPN0doW10ZPPO0RPH0in90[RD0hm10YRN0fm11QQ2OQPN2010O]QNN[m12Y1O11O010O01O1OTQN0jm10RQ20PQN0QN0o01O1O100O100kPNL^n14g0010O01002WPNKco14deTj0
20220523234912Lh_6,`]mo11:0;1]OO41MOjn?0mPB7M3N2N1O1O100O2O000000O002N010O1O010O00100O001O11N10O10001O01O1O101N01O001N2N2N2MTanl1
20220523234912Lh_7,[dSb21;0I096kni0NkPVO2Zo1=N2O1O1O001O001O10O10O15J102OO1OO2OO1O1O0N3K5N101O1O01OO1O1001O1O1O00001O2N0O101N3M1N101O1O100O100O100O100O1O1O2O1M3MkZZY1
20220523234912Lh_8,VZSY11b02_O04N60L0onc01dP^O6M5L1N2N2O010O01O1O1O2N1O1O100OO2O100O1O0010O10O001ODaPN7eo1O0000000000O1_OG[QN9an1N[QN3an15[QNJdn1:XQNHhn1g0010O1O100O1UOWQN=kn1BZQN6kn1HXfXc2
20220523234912Lh_9,Uc`_114060=1jnm05VPTO3M2O1O1000O0O101N11O0O2O0010O0100O100O100O1O1O1000O10000O100000101N102M3NO0000100O010O100O10O010O01000O1O1O001O1O0000001O01O00000000000001O0O2O2Mk[mZ2
20220621185332Bh_1,f_Tf1239S2JmMOd01DM`00C2i00MMZm]11]QdN7J3O1eJJiZN8Se1MkZN3Ue1OhZN2We10hZN1We11gZNOYe11gZNNZe12fZNNZe13dZNM]e13dZNL]e14bZNK_e15aZNK`e15_ZNKae16^ZNJce16\ZNIfe17YZNIhe17WZNIje18TZNHme18RZNHoe18PZNHQf18nYNIRf18lYNHUf18jYNHWf18hYNHYf19eYNG\f19cYNG^f19aYNG`f19^YNHdf17[YNIef18ZYNGhf19VYNHkf19SYNGnf19QYNGPg19oXNHQg18mXNITg16lXNJTg17kXNJVg15iXNKXg15gXNLYg13gXNMZg14dXNL^g13`XNO`g11_XNObg11\XN0eg11XXN0ig10UXN1lg10RXN0Ph1OnWN1Th1OkWN1Vh1NjWN1Yh1NeWN3\h1MbWN3`h1M_WN3bh1M\WN3fh1MYWN2ih1NUWN2mh1NRWN1Pi11mVNMUi14jVNLWi13iVNKZi15dVNK^i15aVNJai16]VNJei15[VNJgi16WVNJli15RVNKPj15nUNLSj14kUNLXj12gUNOZj11eUNN]j12`UNObj12\UNNej12XUNOjj11TUNOnj11PUNORk11lTN0Uk10iTN0Yk10eTN1\k1OaTN2ak1O\TN2fk1MWTN3lk1MRTN3Pl1NlSN4Vl1MdSN5^l1L^SN5dl1MVSN5ml1OhRN5Zm1W12O1O1N2N3M3M2N3M3M5K4L3M6J4L3M4K`0@S[eQ2
20220621185332Bh_2,TgPf02184LM18MM0`na0OTQ@3N2L3O1O10O100O1O1O1000000001O0000000010O0100O10001O010000O01O3N7I1ON1O101N0O2O1N2N1O2M4MgWaV3
20220621185332Bh_3,kgdW366MNN50K042J0Q1NUO;Rmo0FbRRO5L4L6J4M4M2M102M1000100O2O8H0O1O0100N101O10O02N1O1N3N1O1O0O2O1O1N7J1N101N2O00O11N10O0100O1O0000000000O1O1O1O10000O100000000O0100000000O100000O0100O010O01O001OO2O1N102M3LRVoa0
20220621185332Bh_4,g`Pb111040O0a02IONO:1em=:TQD:H6J5L4M3M2M_O]QNJ_n11nQNKPn14URNJim15[RNJcm15`RNL^m12eRNNYm10lRNOSm1OPSN1Pm1MSSN2nl1JUSN6\n10O01O00001OO10000O01O0010O01N3Mi\_[2
20220621185332Bh_5,`df_2142g10cme0>no[O4M2N2N101OO1O2I600N3N1O100O1000001O00O1000010O0000001O001O00O01001O00001O001000O100000O110O0O10001O0O2N2KT[W\1
20220621185332Bh_6,bUaf12S3OR10^L26Neja1k0aS`N9I5K6J8J4J6I6L4M2MhNkRNJRm13XSNJel12cSNLZl12oSNKnk14VTNKhk15[TNJck16aTNH\k19fTNGWk1;jTNERk1>PUNBlj1?VUNBgj1?ZUNAcj1a0^UN_O`j1b0`UN@]j1`0dUNA[j1>gUNCWj1<kUNERj1<oUNDPj1:TVNEki1:XVNDhi1;[VNCdi1=^VNBbi1=aVNA`i1=bVNB^i1>cVNA]i1>eVNA[i1?eVNAZi1?hVNAWi1>jVNBVi1=lVNBSi1>nVNBRi1=PWNCoh1<RWNEmh1:TWNFkh19XWNGfh19[WNHdh16_WNI`h17aWNJ^h15cWNL[h14gWNLWh13lWNMSh12oWNNPh11QXNOog10SXN0lg1OUXN1kg1NWXN2gg1N[XN2dg1N\XN2dg1N\XN2dg1M^XN3`g1N`XN3_g1LcXN4[g1MeXN4Xg1MjXN4Tg1KmXN5Rg1LoXN4of1LRYN4mf1MTYN2kf1NVYN2if1NYYN1ff10[YNOdf12\YNNcf11_YN0`f10`YN0_f10bYN1]f1NeYN2Yf1NhYN2Xf1NiYN1Vf1OkYN1Uf1NmYN2Qf1NPZN2oe1NRZN2ne1NQZN4me1LTZN4ke1LVZN4ie1LXZN4ge1MYZN3fe1M[ZN2ee1O[ZN1ee1OZZN2ee1O[ZN1de10[ZN1ee1N\ZN2ce1O]ZN1ce1N^ZN3ae1KaZN5^e1KcZN5\e1KfZN4Ze1LhZN2We1NlZN1Re10P[NNPe12Q[NMmd15T[NJid18Y[NFgd1;[[NBed1?\[N_Oed1?_[N[Oed1e0[5O10000O2N2M4L3LQidP2
20220621185332Bh_7,e]Xk2354;3FJ65;KK5GKW10D0930JZd10Q\P44QnoK5K3O1M202M100O2O001O00001O000000001O0000000000010O000001O01O0001O010O000001O010O0001O0010O10O1O0010O01O01000O0010O01000O10O10O11OO001000O11N01000O01000O0010O11OO1O01O100O10O10O10O010O01O10000O0010000O1O010O011OO01O10O11N01O10O11N010O1O10000O01000O010O10O0000100O0000010O0010O01O000O10001O1O0000001O010O00000010O01O0000010O0001O0010O1O0001O02N01O01O1O1O0010O01O001O010O010O1O01O0100O000010O10O0010OdLkNmWNU1Sh1mNlWNT1Sh1lNlWNT1Th1lNlWNU1`k10O010O10O00010O10O1O01001PMhNTWNY1lh1gNTWNX1mh1hNRWNY1nh1gNRWNY1kk10O0001000O100O010O100\MeNbVN[1Ql10100002M110N2O102M001O00002N0O20OO021N001O1N112M3M2M2O104J200N20005I6L2M10O10O0000O1O3NO02O0O101N1O2N011N3M1O2N3M2N3MdMSNfVNl1[i1UNfVNh1Zi1[NeVNc1\i1^NeVN^1`i1`NbVN[1`i1fNaVNV1ai1lN]VNR1ei1nN]VNo0di1QO_VNj0fi1UO`VN<hi1CjVNH[i16Y30003NO01LVTV35aTk6
20220621185332Bh_8,Ra^S11147NM0536OAN\na01]Q@<E5L4L1O010O100002N2O2N00O0000000O100O1N2O1N2N2N3M3N1N4L4M2L4MnNmQN:Qn1ERRN:mm1EWRN:gm1F[RN9cm1GaRN8]m1GgRN7Xm1IkRN5Tm1JPSN4ol1LTSN2kl1MXSN2hl1M[SN0fl1N_SNOal10cSNL_l12eSNJ^l11X`Qi2
20220621185332Bh_9,ifVV3154b23\MK109NF11OXlW13]SjN8J4MKfPNHVo1d0M2N2O0001O011N2N2N0O200O0001OFePNN[o1OjPN0To1OPQN0nn1OXQNOfn1O^QN0an1OcQNO]n10f10_o90cnE0S10TP60nPh00_ooN0^o30`oM0oPN0Qo10aP20ooM0RP60YPj00dooN0^o50SQH0nn10a00O10O1000`PN0`o10_O0QQN0_o30O0QPN0O0eUUb0
20220621185332Bh_10,j\bf015g3OmN1^MM1080EZje29UU\M7L2J9I5N2L3N3O0O1O100O100O010O10000O2O0000000000000O100000O100O10000O10000O10000000000O101O000001O000001O01O00010O000010O0010O0001O010O010O0010O01O01O010O010O010O01O00001O001O1O00001O00001O0O101N1O101N1O101N101N1O2M3N1O2N3M103KjQX2MRngM;M2O1O3M1O013M2N001OO1ElPN@43Ro1f0001O02O2O6H1O2O[OXQNOgn1OeQNH[n16jQNGWn17mQNFSn19nQNGRn18nQNISn16mQNKRn14oQNKSn14mQNMSn12mQNORn13lQNMTn15kQNJUn19iQNFXn1:hQNGVn19jQNGWn18iQNJVn15jQNLUn14kQNKWn13jQNNTn13lQNMSn13nQNMRn11PRNOom11RRN0lm1OVRN1im1NYRN3dm1M_RN2`m1McRN1]m1OdRN1Zm1OjRNOTm11^10OO2OePN6bn1I]QN:an1F^QN>Po12M4LBPQN2mn1LXQN4dn1M_QN3^n1KhQN4Tn1KRRN3on1001m\Wi2
20220621185332Bh_11,\Uae1320[1NiN0f32]ONac10f]\2l0`jcMUOlQN2nm1M[RN2_m1NfRN4dn111N0O1O0Ohn3:XRJF_m1d0g08IH[QNBam1JQSN?IERm1MUSN<0Eil1NWSN=1Hcl1K]SN;6HZl1MbSN6<KQm13SSNMjl13XSNMgl12\SNMcl13^SNMal12`SNN_l13f10mQNMZl13hSNMWl12kSNNRl12QTNOlk10XTN0ek1O_TN1gm11eMNgTN3Vk1MkTN4am10000O100O10`PNNPo12PQNNQo12oPNNPo12QQNNon11QQNOQl10^VN1aMOPo10QQN0nn11QQN0on1ORQN0nn10SQN0mn10WM0eVN0Yi10iVN0Ui10lVN0TM0mn10S10_O0iK0kWN0fh10ZWN0mL0^o11XKOnXN0\L0_o10UK0RYN0[L0aj10iYN0df30\XN0Tl1000PPN0a00_O0O010bJ0n50\TN0de10nZN0aj10_J1_ZNOeK0ki10aZN0dK0jn10VQN1ii1OX[N0gi10ZQN0fn10ZQN0Uj10gYN0TL0fn10ZQN0Tj10hYN1SL0fn10ZQN0fn1O[QN1dn10\QN0cn10^QN0bn10^QN0bn10^QN0]i1OQ[N2cKOZi10aVNOP42ULOZi1OaVN0Q42TLNZi10aVN1R41RLNZi11bVNOT43nKM[i11cVNOV44he1MSVNOY42ae10T[NOjd10Z[NO\j10\PN0Wo11fPN0[o10cPN0Xj1OhZN1jJ3_j1LiZN4We1L_5000O1\OOXQN2hn1OUQN2kn11QQN0on12mPN1Ro1>1O0100000O100O10001O00001N3N1N3N2M2NgoQ23VPnM3N1N2O1O1O010O001O0010O000010O0001O1O1O1N3M3L4Lnhjk1
20220621185332Bh_12,S[ei2140<070C0Woa06VP@3N1O1N1O2OON4N0O3N1O10O110NO2000000N30O1N2M3O2N3M101OO10O1O001O010O001O01O01O1O2MfdTS1
20220621185332Bh_13,_Tcf0141Mb01A=0UnQ1OWQPO8H2O001O0O101O01O01O00000010O0001SQN_OZn1`0eQNA\n1>eQNA\n1?cQNA^n1?aQNA_n1?aQNA`n1?_QNAbn1>`01O01O0012M01O0000010O00001O004M0O1O0001O000O100101N0000O100000001O00001O00001O0000001O0000000000100O02AaPN:bo1010O0100O1O1O1O001O3KVjjR3
20220621185332Bh_14,Ua_i13:3LLL120;NI4ToW11]PjN2N2N1N3L3O2N10001O00000010O00010O1O1O2N1O2N00000000000000000O0100O001N1O2O01O100O1O10M20010O0010O1O1O2O00000O1000O01000FFnPN:Qo1GoPN9Qo1HnPN7Ro1KkPN7Uo1JiPN7Wo1900O100M20100O10O01O10O1000000O1O1O01O010O010001O0O101O1N3N3L2N1N3M2O2N3LV^jn1
20220626185332Bh_1,^ffm021O41M1:0HO70<2CNI3OO04b0IA8M0Qlk1KeSVN9J3M2O1O1O1O001O1O00100O010O010O010O10000O2O012M11OO001O1O5K3M3M1O2M002OO0100O1O100O2O0O3N0O2O0O100O100OhNkQNf0Un1VOPRNj0om1QOZRNk0em1TObRNf0_m1WOdRNi0\m1TOgRNl0Vn1100O0012N2M2O1O2N0O3N001O0O100O101N100O010O10O1O1O1O001O1O001O001O00001O00001O000O101O0O100O10000O101O0O010O01O0N3N1N3O0O2O1N101N2O0010O0100O10O10O01O010O0010O00010O00100N3N3K\VWg2
20220626185332Bh_2,lebh11a04LML0O52K125NOOdk10iTT21PokM4M3M2O1O001O1O001N1000001O00001O0000001O000O2O0000001O000001O01O0010O000001O01O00000001O000001N1000001O001O1O001O1O1O010O001O010O0010O000010O001O0010O00000100O0010O010O010O01000O010O01000O0100000O10000O01000O100O10O10O100O010O1O0010O010O0100O0100O01O00010O0010O0010O010O10O01000O010001O1O001N2O0O100O10000000O200N2O4L0O2O000000000000O010O10O0010O01O1O1O1O1O1O1O1O1O001N101N^V]i1
20220626185332Bh_3,jZc_11oPV11nnkN2O001O001O001O0000001O0O100000001O000000010O000O2O001O001O01O00000010O01O0000001O00001O001O001O0000O1O1O100O1000O0100O0010O0O2O01O0010O001O1O1O010O01O010O1O01O01N2O0010O001O1O000N20001O100O1ModTY2
20220626185332Bh_4,PW[T11g07\OIn02]Pf06Un[O7L2O1O0100O1O000O1O1OO1O0N3L5M2L5M2N01L201010O2N20O001N2M2O11N1M301N110O1O2M3CMfQNYOWn1e0QRNXOom1g0URNTOmm1k0e0O1O1N2M3N3M2N3N2L6JVhbg2
20220626185332Bh_5,RU[Z21aPb01Zo_O4N2O0O11OO10000O100O001O10OMFbPN8`o1I^PN7co123N0O10N2000O10000O10O100000000010O001O00010O000000010O010O1N3LdjPb1
20220626185332Bh_6,^W[m21659LL4JLN33NKNknc00oP^O:J1O1O000lPNDdn1<ZQNGfn18YQNJfn16YQNMfn12XQN1gn1OWQN4in1a000001O001O00001O1O001OO1O100O100N2M2AQOmQNQ1Sn1SOgQNo0Wn1=N21O1O1G9J7H7N3M3N2M2N3M3MRhTo0
20220626185332Bh_7,f_^b2250a00CO>7mmi11QQXN5L2N2N1O1O1N20000000O100O1000001O001O00001O0001O000100O1O2N01O1O1O2M2O2N1O1O1O0010O01O000001O100O2N00100O01000O01O1O010O0101N3O2M16I3M2N3M0O02N0O2O1M3N2O1N3M2O1O1O1O1H`PNNbo1O`PNOg00Qo13L3O1M3N1M3_OB_QN?_n1D^QN>`n1E]QN=bn1a00O100O2O0O1O2O0O100O2O001O00010O001O001O1O1O0010O01O1O1O1O1O001O10O01O10O01O1O10O01O1O001O1O001N2O1N3Mn\aR1
20220626185332Bh_8,m]ZS21;2120L32LN[nY12TQhN4M3N2N101N2N2N2N3M5L1N2N3M3M2N10O0J7M2H9O1O1N110O1O1O010O100O100O10000000000000000001O0000000000M300011M2O0010O01O0010O0100O00000010O0010O001O1O0010O01O00001ePN]OWo1g000O10001N100O2O3L1O2N100O2N1O1O001O0001O0]OZQNLfn10aQNM`n11bQNN_n10cQNO^n1OeQNN\n12eQNM]n10iQNJ]_ed1
20220626185332Bh_9,ja^T1119:G2071_OO33nmU2NiQlM1O2O1O1O001O010O00100O0010O01O001O000001O01O0001O010O0010O001O6J1O01000O0100@cPN;ao100001O00000000000000000000000O2O01O0001O000O2O001O00001O00000O101O0000000001O00001O001O00000001O0001O00002N1O10O01O001O000010O01O001O000010O00010O00000010O000001O0001O0010O01O00010O0010O00010O01O00010O00010O0010O0001O000010O0001O001O0O2O1N^\[_2
20220626185332Bh_10,dbPi22:2joe0Mlo[O0PP20ooM0mno00TQTO0oPj10h[iP1
20220626185332Bh_11,Q_YV11f03_O00NM00091KN44LN^mU17QRlN3M4M2M2O1N2O100O1>A2O00O10000O1001O00000002N3MO10O10O2O00001N101O000O1001O1N10000000001O0O0100O010O010O001O01O0001N10001O01O01O0000000000010O01O01O010O10O00010O000001O0000001N2O1L]^jb2
20220626185332Bh_12,]Z__11i04joe1L]o_N0ooK0QP40ooK00000QP40ooK000F0e00E0QP2000PP20ooK00000QP<0ooC00000000000G09000lo;0`PB0`o;0do50_PB0oo1000QPL0QPd00oo[O0I0`PN0`o10_PN0ao11\PN1do160O00010O010O100O1O1NTe^X2
20220626185332Bh_13,QeVg13c10g0N\N2j02eNL90e20bb10Y\f30RnYL0O10O11N01O01O1O0_ONUQN1kn1OUQN1kn1OUQN1kn1OVQN1in1OWQN1in1OWQN2hn1NXQN2hn1NYQN1gn1OYQN2fn1NZQN2[o10O000001O01O000001O0010O000010O00YOO_QN1an1O_QN1an1O_QN1an1O_QN1an1O`QN0`n10`QN0Xo1000YO0]QN1cn1O]QN1Yo1000[OO[QN1Zo10\OOYQN1gn10XQN0in1OWQN1jn1OUQN1ln1OSQN1mn10RQN0on1ORQN0nn11QQNOPo10PQN0Po11oPNORo10oPN0Po11oPN0Po10PQN0Qo10oPNOQo11oPNORo10nPN0Ro10oPN0Po11oPN0Po10PQN0Qo10nPN0Ro10nPN0So10mPN0Ro10nPN0Ro10nPN1Ro1NnPN2Ro1OnPN0Ro11mPNOTo10lPN1To1OlPN1So1OmPN1So10mPNOUo1OkPN2To1OlPN0To10lPN1To1OlPN0Uo10kPN0To10lPN1So10mPN0So1OmPN1To1OlPN1So10mPN0Ro10nPN0So10mPN1Qo10oPNORo11nPNORo10oPN0Po11PQNOPo11PQNNQo11oPNORo11nPN0Qo10oPNOQo11PQNOPo11PQNOPo10QQNOon12PQNOPo11PQNOPo10QQN0on10QQNOon11QQN0nn11RQNNon11RQNOnn10RQN1mn1OTQN0ln11SQNOnn10b00`PN0nn10b00O0bPN0mn10a010O00bPN0^o10_O0SQN0ln10TQN0ln10UQN0kn10TQN0^o11^OOTQN1kn1OUQN1ln1OTQN1^o10]OOUQN2]o1O11N010010O\ONZQN2en1N[QN2en1N\QN2bn1N`QN1`n1O`QN1Xo1001O0000000O0YONbQN1_n1O_QN2an1O^QN1cn12YQNNin10VQN2jn1NUQN1ln1OTQN2kn1NUQN1mn1NSQN3ln1MTQN3ln1MTQN2mn1NSQN2mn1MSQN4ln1MTQN2mn1MTQN3kn1NTQN5jn1JVQN7in1JWQN6in1IWQN9gn1HXQN;fn1EYQN;hn1EWQN<in1DVQN?hn1AWQN`0in1@VQNa0jn1_OUQNc0jn1]OUQNe0jn1[OUQNf0kn1YOUQNg0kn1ZOSQNi0kn1WOUQNi0ln1WORQNj0nn1500O00110N10000O2O0O1O2O2N0O11OO01O1N10100O11O0O100O1]QNoNVn1^10O10O10O104lNeQN<Yn1BiQNb0Tn1\OmQNf0Rn1WOPRNQ1km1hNYRN\1Tn11O020OcN`QNX1fn1N7J00O001O1N2N002CkNlQNU1Sn1kNmQNW1Pn1jNPRNV1Pn1jNQRNW1mm1iNSRNX1[n100O11OO010O100O010O01O10O1O010O100O2N1O4L1O2N3M1O1O001O1O00001N101N2O0O2N2N3L2N4LgR[c1
20220626185332Bh_14,mb^W1163MMO40LYo_10ePbN0O00000SPV10nokN000[oM0XQN0hn10d0000ePN0fn10ZQN0en10\QN0dn10f000000000001O01O010O10O000QP80ooG0eP>0[oA000ZP^20Q\Q^2
20220714185352Th_1,lVQQ22>5?5IED082M0>OF5nnc11TP^N4M3N1N2O1O1O0N3M3N1O2M2O2N2O1N2O1O1O1O000010N1O1O1O1O10O00010OO2O1M3N2O100O10O001O001O0O10001O01N2O100N3O000O00100O100O0O20O001OO2O001O00O11O00M4001N2O1O01O00001N1001O01O0001O000001O100O1O1O100O100O2O1N2M100000O2O0O1O101O0N2N2O2O001N102L3K7KThfe1
20220714185352Th_2,j]oU2272V10@f0UO_O3JL82Ja0OC1a01OKcg10^]^38oiaL5J6I6K1O2N101O0O10000O10000O2O0O100O10000O0100000000O10O10O1O0O200N101N1J7O0010O001O1O010O0O20O01O1O00001O10O000010O00100O010O1O0010O010O010O10O10000O10O101O00O10000O100O1000001N1000000O100O010O01O100O010O10000O010O2N100O100O100O10O01O10O01O1O00100N2O1O001O001O010O01OO20O1O01O00010O010O001O010O10O010O10O0001O0@B_QN?an1B]QN?bn1D[QN<en1`0O00010O001O001O001O010O010O1O01O01O010O0010N101O1N101O1O1O100O0010O01O10O01O1O10O01O010N11O1N10001O001O10O01O1O01000O001O010O000000010O001O000001OO101NO2000001O0O2O01OO2O1O001M3N2M3L4O2L3O1N3K7Km`ZV1
20220714185352Th_3,eeTl26728JD5NLn0O\O2I78LN>5Cei7IkUJ0^S>?mkA9I7K4L5M2L5L3M3L4K6I6LeNnRNNnl10YSNNdl10cSNNZl11lSNMQl13STNLjk13ZTNMck14aTNI]k17gTNHWk17mTNHQk17RUNHlj17XUNIej18]UNHaj17bUNI[j17hUNIUj18mUNHki1>VVNC_i1e0dVNZOYi1h0hVNXOWi1h0jVNWOVi1h0lVNXOSi1g0oVNXORi1e0QWN[Onh1b0VWN^Ojh1<\WNDch19`WNH`h15cWNK]h15bWNM]h13cWNM\h14cWNN\h12dWNN\h11eWN0Yh11gWNOYh10iWNOWh11jWNMVh13mWNJTh16nWNFTh1:j3O00000000O10000O01O2M4L_YWo0
20220714185352Th_4,RfZ]21m03\O2ini0MdPXO8O0O10O0100O1000O011O01O00O2O0O0100010O0010O010000O00100000O1000000000000000001O1O00011N3M02M3N1M7I`Xe^1
20220714185352Th_5,PVkj0110244MK66M0LM500a0Nbne00aP\O6H7M2M3L3O1O1O10O0001O0O2ON2O1O10O1N2N2O1O1000O1N2N2H8L4O010O1001O01O001N1O2O01O001N1O200O1000000010O010O1O9GUinP3
20220714185352Th_6,VeXk2:360F62L0LI862KM=KIg01I0D17In01SO4nie1KSVZNNgn11bQNOYo10O100cNOgRN2Tm1NQSN1kl10XSNOdl13_SNM]l13gSNMUl12l1N20nPN4@1Qn1K]RN100^m1O`RN190Rm1OmSN0nk10VTN0_N0dl10cUN0Zj10XUN0TN1Qo1OnPN0al10bUN1lM0_l1OgUN1iM1Uo1NkPN2Uo1NkPN2Uo1NkPN2To1OlPN1Rl1NcVN1[M1fk12WWNLTM2Ro1OmPN2So1MmPN5Qo1KnPN7Qo1IoPN7\o13N1O2gKCkXN>Sg1BZUN0P3`0dg1@YUN2T3?bg1_OZUN0W3`0_g1@RYNa0Wk1NfKAUYN?kf1A[UN0Z3>Zg1BXYN>hf1B\UN0[3?Xg1AXYNb0ef1^O`UN0Z3d0Ug1\OaUN0X3h0Ug1XOcUN0X3j0Tg1VOcUN0[3k0of1UOfUN0\3l0lf1TOhUN0]3l0jf1TOiUN0_3m0ef1SOmYNm0dj101O0O01O001O101O1O3M1O01N3NO01N02OO1O2O0O2N102M4L2O0O010O1O010O000000010O1O0001O000000000000000001N100O101N1N2O1O2LXSQl0
20220714185352Th_7,fX`X1V12D0A130I2OVoQ1O^PPO4L3N101N100O100O1O100O1O1O10O01O000O1K50010O010O00100O001O1O0N3N1N200O10001O00001O0000O10OB]QNAcn1??O1N3O000001O1N101O1N2O0O2O0O10O2N1O2O1O1O1N101000O01O1O00100O10000O2N1N3N2LhfQa2
20220714185352Th_8,d]g_119133:L^O42NL76L3N9O71XO3Uo]2N`PdM5L3O1N2N100O100O10000O1O1O1O1O1O1N2O001O100O010O001O100O1O010O1O010O1O001O00001OO11OO1O101O0L400O1001O01O1O001N2O010O010O01O010O001O001O010000O100O1O010O01O001000O10O10O1O010O1O001O10O00001O0010O0001OO1O1000001O01O1O000000000000O10O101O000O101O00000O11O001O1O100O1O00100O1O1O001N2O00100O010O0001O00001O0O2O0010OO20O01O001O01O0100O10O10O10O1O100O010O1O0O2O1O100O1O1O100O100O2N1O2M`alQ2
20220714185352Th_9,V^Rm2137NK6O0OM?OM4Inmc1NfQ^N1O2N101O0O100000001O00000O100O1O100O100O2O00001O000000000001O01O01O1O1O1O1O00001O0001O000001O01O000010O000001O01O01O01O0001O010O011N2N0000010O10000O100oPN@`n1a0^QNAbn1?[QNCen1=[QNDdn1=ZQNDfn1=YQNChn1>UQNCkn1j0O0001OO2O1O001N2O000O2O0000000M3M3O]OgQNAXn1?nQN\OQn1e0QRNXOom1h0SRNWOhm1m0\RNoNdm1Q1f0O0O2O100O1O1O2O0O2O0O2N2N2N4KVaei0
20220714185352Th_10,ZmV_21k26fkY1OVQhN6I7L2O1O0103L4L001O100O00000100O3M2N2N3M5K2N001O000000O10O00C=O1N3O0O2Ooo3FZPL2O1M030O010O1O1O2N1N101N200O1O1O010N11O01O1O0001O00100O1O2O0000000001O000O1O10O01000000O1000000000O001N11O01O0010O01O1O1O100O1O1O2NVRkX1
20220714185352Th_11,[edo0184IN=<GDMN_na02ZQ@4N1O1O1O1O2N101O10O10O2O0OO1O2O0O1O1O1O0010O1O100O1O100000O100O011OO10000O10O010O1O1O2M3NXYml2
20220714185352Th_12,hkZo216?NA13:OPnk00`QVO00O1O00dP>0kn91aPXO1ZPl1NdoSN1O2WPNNao1800100O1O1O2M\Sck0
20220714185352Th_13,gdn^2181:1IOdng00nPZO3N2N001N2O1O1O0O2OO2O0N3O1O0010O0100000O01O10O10O10O10O02N100O010O1O1O100O1O100001N2O0O2O0001O001N20O3L2O0OkYk\1
20220714185352Th_14,j]ZY133473LHM5T12POb0:ZOB3Q22mNJ;M^d12YZN473LHM5T12POb0:ZOB3Q22mNJ;M^d10n[R53RnmJ5K3O2N0O2N2O2N1O001O1O1O001O100O010O11O0O0011OO10001N100O0010O1O0100000001OO01O2O000O2OO10O1O001O1O10O11OO01O2N00100O2OO01O2N1O001O2L`P>2^oA5K4N3M1N3N001O001O1O00010O1O001O00010O01O100O000001O01O01O01O001O0001000O0001000O0000010O01O1O002O0O1O01O01O1O10O02OO0002N0100O01O1O01O0001O1O0000010O010O00000001O1O01O01O001O0001O00001O000001O01O001O00000000000000000000001O000000001O000000000000001O1O000010O00000100O00000O2O00001N10000000O10000000000O100000000000000000000000000000010O000010O000001O001O0000010O001O01O0001O001O01O0000001O0010O0001O000100O000001O00001O010O010O1O010O000010O1O000001O00001O00010O0010O01O000000010O10O00000010O001O01O0010O0001O001O01O10O000010O010O01O1O010O001O2N2O0O00100O0001O11N010O10O010O0100O010O10O1O01O0011N010O100000001N01O1000O02N0100O010O02O001O0000O00011O01O1O001O003MO020OO2O1O1N3M1O1K4000007GhRb4N]Uo]1
20220714185352Th_15,Q_l\13f26`MMO0;KL8FJY12TOM058J654KWd12^]N6`MMO0;KL8FJY12TOM058J654K]fU66ZXlI5KJ`PN1]o1MhPN3Uo1KoPN3Qo1MRQN2ln1NUQN2jn1MYQN2fn1NZQN2fn1N[QN2dn1N\QN3cn1M^QN2bn1N_QN2`n1N`QN3_n1MaQN3_n1NaQN1_n1ObQN1]n1OcQN1^n1NcQN2\n1NdQN2Uo10XONcQN1]n1OcQN1^n1OaQN1`n1O`QN1_n10`QN0`n10`QN0an1O_QN1an1O`QN0Xo11XOO_QN1an1O`QN0`n10`QN0`n11_QNOan11_QNObn11]QN0bn10^QN0cn1O^QN1an10_QNOan12^QNNcn11]QNOdn10]QN0bn11g000OfPN0dn10\QN0dn10]QN0cn10\QN1cn1O^QN0bn10_10an10gPN00001jPN0[n1OfQN0Zn10gQN0Xn10iQN0Wn10hQN0Xn10jQN0Tn11kQNOUn11kQNOVn10l10SN0n01nPNOTn10mQN0Ro30PoM0nQN0Qo110OQo70PQJ0QP80mPD0Sn50mQL0SN0lQN0Ro10So=0lQ@0Rn10QQV20nokM0PPN0VQl00jnSO0hN0`RN0`m10`RN0`m10X1000XQN0`m10`RN0`m10`RN0`m10`RN0`m10`RN0hn1000000000jn70VQH000RP60TQH0dm10\RN0jn10ln50TQJ0RP80RQF0To]10fnK0bR20`neN0RP60noI0QP20PP20ooK0Qoa00QQD0PPN0RQ40on10moE11OO010QP20ooM000mN0VR20nn10lnK1SRNOom30PQN0RQN0mm10S21lM0SRNOom10QRN0om11PRNOPn11PRN0om10QRNOom11QRNOPn10PRN2nm1OSRN0mm10SRN0mm11RRNOom11PRNOPn11PRN0om11PRNOPn11PRNOQn13lQNNTn10lQN1Vn1NjQN1Un10jQN0Wn11hQN0Wn11hQNOXn12fQNOZn13cQN0[n10dQN1^n1M]QN9cn1E]QN>an1A_QNb0_n1]OaQNe0_n1@XQNe0en1;3N1O0102M01O01O01O10N03O2M2N100N2N4L1O2N1O1O004L3M2N2N3KQSV5MTmiJ0XVQ`1
20220728185352Th_1,P^Ri21134:1KNLML04g03\ne1IgP\N7J5L3M2O2M2N2O1N1M4OJPQN]OPo1b07000OO3K401O0O2O001O001O0001O001O0O110O01O000010O0100O01000O100000O1000000O10000001O000000001O01O0000010O01O2N001O1N1O2M2OhPf0OYoYO2N2O1O001O0000000001O00100O00O2O0O101O000gPNKgn16VQNNhn13TQN0ln1d0N3N0O00010O01O00000O10001N10000O10000O1000001N101N2O001N2N5K4L2MT`[l0
20220728185352Th_2,bc[_212230>0H0F15ML0eng00SQZO<aPNEjn1k0mPNYOin1Q1N0010O00O10000O10O011N1O2O2N1XOSQN;nn1BSQN?nn19O1O1O101O10O000001O0001O1O00001N1000O0100O2O7IB[ObQNc0[n1DcQN;\n1FcQN:]n1G_QN=an1D]QN<dn1D[QN<fn1=2O1N2O2N2N2N2M3N2M3M4L6Ii[n[1
20220728185352Th_3,`]]n21659KB:4J=OB=i0CUO20N1NjnY1;ePhN2M3M3N1O2O0N2O1N3M2O1N2O1O1O001N110O01N1O1O2O0000O01LUQNSOln1j050100O1O0010O01O0010O0101OO1N3M2O1001N1N2O100O1O20O0000O1O2N1M30001N110O0010O01O010O0010O00001O010O010O10O10O100O01O01O01O010O10O01O010O1O101N2N1Ojali0
20220728185352Th_4,ZebX356LK2022:0D^oi01ZPXO3M2N2O001O0O1O10000001O1O00000000000O01000O010O01O10O0100O10O0100I601O10O0100O100O10^OiPN<Vo1700O2O00O10000O104K01O100O1001N3O2GcPNI^o15dPNK\o11gPNO^Yeb0
20220728185352Th_5,Thfb01167;I60[O000436MDfn?:WPBM\QN:IFXn1KhQN]1Sn1;M2O2M2O2N10000001O1O2N5J4M3M2N1O2N1O10O02N2M5L3M3L2HoPN_ORo1>:M2O2O1N3MTVaZ3
20220728185352Th_6,bZ]b21:1VP<0[oE5L3O000O1000000O100O1N2O1O1O1O1O100O00O1M3N2O2N100O2O001O1O1M[eV[1
