filament_id,segmentation_rle
20110120105534Ch_1,[inP23lo12`NLRSN5il1MYSNObN1Rn1OmQN0_1OZO2bl13nTN0Pk1OPUN2Qk1KPUN5Zl1J]RN6fl1KbRNO70b04el1NbRNNJ1a0O24Sm1NdRNN66MO\m1LUSN0RO0<4Xo10010O10N3O01NJKdPN5\o18HChPNa0Xo111101N1N2L301O2N3M2M_O_QNBjm1OfRN?E_O70fl15kRNK4OLc0n0_OVl15jRNL40Ja0S1]OVl17gRNM5c0[n1HeQN7\n1JbQN4`n1M`QN0bn10]QNOdn13ZQNMe1@Zk1V1fTNjNZk1V1kSNjNN0Vl1W1mSNhNM1Vl1V1gTNjNZk1T1j1M201\OTQN5kn1IXQN5in1JXQN6jn1HVQN8jn1HVQN8in1JWQN5hn1FUQNM4<gn1FXQNL1>gn1FaQN9_n1GaQN9_n1GaQN2FJin15`QN0hn10XQNO7Nim10URN12Ojm1OVRNO0O]O1^n11mRNNTm13`RNMmm11SRN1nn1O003OaWcj1
20110120105534Ch_2,c`Ti21oo11M4N0oPNMUn14jQNMWn13gQNNZn12dQNN\n12dQNO]n1NfQN0Zn10gQNOZn10oPNOe00\n14h01OKYPN1`o1OaPN110\o16dPNLZo15fPNJZo16gPNIXo18hPNH1NPo1:?2fPNDln1>ZQNB^n1?aQNA_n1?b00000O2N1O1O001O0010O1O10O0100O02O00O101O1N1JBhPN?Wo1CgPN>Yo15O3N00O2N1^OiPN9_o1N201O00O10O1O101O010O010O11N10O2N1NXPNMfo12YPNOho1401O1hNIeRN8Zm1HfRN9Ym1GgRN:`n1O010O00001OmNG_QN0m09gm1GYRN:fn10001O0N2O1O1000010O001O000O2O`o?0aP@2M100VPNLho161M2N2N`^_o0
20110130110334Ch_1,d_Re2:eo12O1^PNE\o1a0O1001NkPNAm2Nfh1`0[TNEn2Khh1?YTNHn2Ijh1>WTNKnn1c05L1N10O7J1N1O001O5L01O[QNlN]n1S1bQNoN^n1Q1aQNoN`n1Q1^QNPOcn1V1001O1lNZQNm0fn1QO\QNo0kn1O10eQNSObm1n0[RNTOem1l0ZRNUOfm1k0oQNPO25Pn1k0lQNRO24Sn1j0iQNSO43Tn1P1lQNQO5Jbm1T1XRNRO6Kbm1R1WRNUO6Jdm1o0URNXO7Jfm1[1YRNfNhm1X1XRNhNkm1LoQNS16oNSn1P1oQNmNSn1S1=N_OnNXRNQ1hm1POXRNP1gm1QOZRNn0gm1QOYRNo0]n1N2O1O1O3N0O1O010O001YOjPNb0Zo11O2M2N2O0O2O0001O1VOlPNg0[o1K010O0010O01O1O00100O1O1O0010O010O01O1O`NGYSN:fl1FZSN:gl1FXSN:hl1FYSN:fl1EQSN1UO8Qo1HoPN7Qo1IQQN5on1KRQN4nn1KSQN4]o10000000ZPNO]o1;00O11N1N10O01O010001O001O1O1O010O0101N1O1O0000000001N1O2O4L2O\OlPN<[o1010O1O2N3N1N10O1^OhPN101Yo1KSQN3^o1NRP8OooG2OO001000O2O0O11O0O2NT\eP1
20110130110334Ch_2,enPg24lo12N00001O0001O2MVPNOlo11N100O2\PNLZo14ePNM\o12bPN0^o10aPN0`o10`PN0`o10aPNO_o12bPNK_o1570O0100000O100000N4LkPSW1
20110214175414Mh_1,hY_g26io18YPNGWo1c0N101N1O2N0QOTOkRNm0Tm1UOjRNj0Xm1VOeRNh0`m1YO]RNf0gm1WOZRNi0^n10XOWOXRNl0hm1TOVRNn0km1ROSRNo0mm1SOPRNm0Rn1SOlQNn0bn1100N3L20O2O0O2A^QN_Ocn1>a0M2O11000O010O00100000000O010000O001O2ON2N20O1001O0O2N2N3L^gnT1
20110214175414Mh_2,U]d[2:co15N1N1K6M3N11O01O1oNVOiRNk0Um1YOiRNh0Tm1@RRNCa0n0\m1DbRN<^m1EaRN<^m1FWRN[O4o0em1L[RN3em1M[RN_OK7im1:]RN]OM7fm1=]RNZOO9cm1>^RNWO39]m1a0cRNSO39[m1c0USN\Oil1f0WSNYOil1i0VSNVOjl1j0WSNUOil1l0WSNSOhl1o0XSNoNil1Q1S100O11O000O01B[QNAen1=`QN@`n1MWQN?bo1K2N1OkPNIdn15\QNJfn14f0Mjcca1
20110214175414Mh_3,hY]g25io1M]PN3\o1MlPN0on1OaP20PPN0000000O1N0PQNOVn10iQN1Xn1OhQN0Yn10gQN0Vn11m0O1000oo30UQJ0gm11[20hN2O0O2ANhPNO1NN3Vo1NRQN3KN_n1NkQN2OOI0kn1O]P40nPN0aoM0bo70^PL0_PL0ao30ooK20O1O10oo10PPN0G0cPN0_o11]PN0eo144KQPV11PPjN001O2N1O1O1O001O0010O01O10O010O2O0OAIVQN6in1LWQN3in1MXQN2gn1OYQN2en10ZQN0fn10ZQN0gn1NZQN2fn1NZQN3fn1K[QN5Xo11O0VQNJjm15WRNLhm14XRNLhm14XRNMgm11[QNLn04em11^RNNam13_RNMam14^RNLbm13]RNJQO4an11_RNNPONan13`RNOoNMdn11^RN2nNMio13WPNNio13101O1N110NjedP1
20110214175414Mh_4,Y]^[25go15N2NFgPN0Vo1O>1N1ePNNfm70bSH0[l13TRNNYo15dPNL[o10bPN111\o1LgPN:eo1FVPN3mo1N13NOXOMnRN0hk10dSN2nl1N_RN0E5jm1KjRN0RO0O0Tn10kRN1POO32Vo11dPNM83im1NkRNOZO45Odm1MoRN0WO2<N]m10oSN0Pl10QTN0nk10STN0om1002mn1NRQ41aoI4hPNMUo18hPNHen1OgQN0F8cn1MbQNJ32_n12\QNLXo13gPNMZo1581O2M10N2JXPN2]Ql3ManUL001O1O1O1O1O0010O01O000000000O2O0000000000001O0001O010O001O010O1O1N102LgPN0Zo12N2O1O001N2O00001O000O10000O01000000000O10000001O01O00001O0010O01O00010O1O0010O01O001O1O10O01O1O1O1O100O0010\OiPN=Wo1BkPN>Uo1AkPN?Uo1@lPN`0Zo11O0000000O100000000001O00000010O0001O0010O01O1O011N100O100O0100O1_PNE\o1`0O0010O000010O0001O000O2O0000001O00001O001O1O002N2N002M3MVlS11iSlN2O1O001O0002N2NRdSR1
20110214175414Mh_5,gScX27;JRo16nPNJQo18;002N1O100O010OO0100002ON1O2N2003L1O2O1O0O001O000O2O001N3Njk\e1
20110214175414Mh_6,`^`d23lo110NUPN0jo1OXPN0PP<0loE010O00000co90]PF000QPf0010noYO0O2O01O00000010O01O1030I0VPN0jo10UPN1ko12000010O0000O2O1OSP40RPb00ePF0UoC21N10O0]o10WQN0\O0`oc00`P\O0QP20ooM00100]P2OZoM0bPN0go10I0]PN1eo1OXPN2io11[`gS1
20110329082654Uh_1,gWeU16do1?H5QQNWO[n1Y1N2N1N5K4K4K4N3K7K2N1N2O0O10YOaRNnN_m1c0eRNmN3=Xm1b0^SNSOel1n0V11O3M4M00ZOeQNGZn17kQNGUn16QRNFPn17m000O2O1N2O0O2O1O1O1000O11NPR20QnM00M`g^g2
20110329082654Uh_2,_b^Z12mo12O1O1O001O01O010O01O01O01O1O0010O0010O10O010O100O10O01000O100O1000O010001N100O100O01O0001O00100O001O01O001O01000O102M10O010O0010O0000001O0010O00010O0001O00001O2M\\]`2
20110329082654Uh_3,o\_`12mo11O1M4N2O1N2N1O2O000O2N1O100O4lPNZOgn13UQN>OBjn11WQNd0hn1;00000000005K2OO02OO0100O1O3N2^OiPN5Xo1HjPN8Vo1HkPN6Vo1JjPN5Vo1LjPN4Vo1MiPN3Wo1MiPN3Wo1HgPN127[o1HgPN8Wo1IiPN7Wo1HjPN9So1GPQN8Qo1GoPN:[o100000O2OO101O000O2O00001O000O1000000O2N10abZ[2
20110329082654Uh_4,a_lR27ho11N2O011013M000O0O100O0101N1O001O00000000001N100N1O2000O2EbPN3eo101000O10O0101O1O4fPNKJ0Vn16hQN1M1Xn1Z1L1N10kNURN3mm1DZRN<fn1M2H7O3N3L4Je^mi1
20110329082654Uh_5,[lb\23ko12N3ePNIin19>10001N5L2N01O002M2O1N100001N2O10O010O10O0001OO100eQNCRm1>mRNCRm1>nRNBRm1`0lQNAh0O\m1h0cRNXO]m1i0dRNUO]m1j0m0^OmPN7So1CmPNO2?[o110O01O0O3N2N1O2N5K5K100O01O6KO01O01WQNVO[n1j0cQNWO^n1i0_QNXObn1S1000O1O2F\QNUOen1a0c0N8I1O5L0N1O2NdRQ_1
20110329082654Uh_6,R_Xo03lo11O10000O10O1O100O10O100O001O1O1O0010O010O10O10O010O0001O0100O100O1O10000O10O10000O10000000O10000O10O10O0100O10O10000O100O010000O0100000O10O100O1O10O0aPN0Po10PQN0on12?0O1O10O01O10O01O0010O10000O101O00O101N101O001O001O1O2N1O001O01N101DaPN3Xoe0LcP\O0Wboh2
20110329082654Uh_7,QXib22lo13N2N2N1hNJfRN7Xm1JhRN7Wm1JhRN6Xm1JhRN6Xm1JhRN6Xm1KgRN5Ym1LfRN5Ym1LfRN4Zm1LjRN1Vm1NkRN2Um1MlRN4Tm1ImRN8Sm1GmRN:\n11O1O001N112M001O01NE@XQN`0gn1@ZQN`0dn1@]QNa0bn1_O_QNa0Po1O10001O4K2O1N1O10YOIWQN323gn1KVQN421fn1MXQN131en10WQNM63bn11WQNL91an13VQNL[o1<0O20O1O1O000000O20O01O01O1O0010OO11O01O101N100O10O1O10O01O2MoQNDbl1;^SNFbl19^SNHal19^SNHbl17_SNIal17^SNIcl17\SNJdl15\SNKel15ZSNKgl14iRNIA3gm13hRNK@2im13gRNK@1jm13gRNK@Nmm17dRNIkm17o01OO110O001O001N100O2MkQ20UnM200\g`V1
20110329082654Uh_8,_Vhb13ko13N3M2N2O8G4RQN[OZn1k0`QNVO`n1l0]QNUOcn1S12O7JO8H000DhNPRN3Go0Yn1oNQRNNIR1Un1oNZRNP1dm1QO]RN2]Og0Un1XOeRNg0[m1YOgRNf0Xm1ZOjRNe0Um1[OlRNe0Tm1XOoRNj0nl1XOQSNj0ll1UOVSNl0Pn100N1N100000001OOZOnPN`0Ro1@nPNa0Qo1_OPQN`0on1AQQN?nn1ATQN=mn1BUQN=ln1AVQN>Wo1O02O10O0032]PN_O^o1?2N2L5JmgQZ2
20110329082654Uh_9,^e^b13ko13N1O1O10N101001O0O100001O0O2O0000100O00000001O00001O00000000001O01O0O1000O10000000000O00100O010O1O10O00000ONJ]PN6do12001O1O1O01OO2OU[aY2
20110329082654Uh_10,UaTX11mo13N1O10O00010O0010O0100O001OO011O001O0000000^OOVQN1kn1OTQN1ln10TQN0in12WQNNjn11VQNOln1OTQN1mn1NSQN2]o11O00100O010O001O1O10O011O1NJJfPN4co1O101N1000PP<1moC2N1O2O10O1O3Ko_kc2
20110329082654Uh_11,UReV24ko16L1N010O0gRNIjj16UUNKjj17TUNJlj18QUNHoj1;nTNESk1<kTNDWk1?dTNB\k1`0bTN_Oak1`0]TN@ek1b0WTN^Okk16bRN2^1HRl14eRN5l0CSO4_m10dRN:h0EQO2em1JgRN?b0MVm12mRNJUm16kRNHWm18hRNHYm18fRNG\m19bRNG`m19^RNGcm1:YRNIhm17WRNIjm17URNImm15RRNLom14iQNEG7an13fQNJF4fn12_QN9bn1b01O1N2N3O0N3M3L3L4M3O2N11kPNCdn1=ZQNEen1=YQNChn1>VQNCjn1<UQNEPo1:kPNHWo1?3YOjPN204eo1OXkPf1
20110329082654Uh_12,gYSc21Pm10mUN4`k1LnRN6[k1KoTNOF7Yk1KbSNNc28ki1JQUNNE:Xk1H^VN8bi1H^VN8ci1G\VN:^k1EiRN:Zm1FcRN;^m1E`RN<an11O2O00003M1VO]OTRNe0km1\OTRNd0mm1[OTRNe0cn100000VN\OlRNOo0d0Ul1\ObRN0e1d0kk1\OUTNd0jk1]O^SNOId0bn11O000mN[OlRNe0Yn1NoN]OgRNb0\n1O1OZNAbRNOQ1=_l1CmSN;nm1L`NInQN0]14el1LnQN0_12cl1Om1OK11O10ko70coM0QQL0oN0`00PP20fPL0\O0Zo;0fPD000\P80Wo50]PB0QP20WSL1fl12OO01O10O2Mfn70ihXV1
20110408083214Th_1,gidc21ko1401O0YNN_SN4^l1OaSN3]l1McSN4[l1MeSN5Yl1JgSN8Wl1HiSN:Wl1DgSN?Yl1@dSNe0\l1XOeSNi0hm12N2N2O2N2L3M4M2O001O2M6K1O0100\NkQN\1_n10N2M1N2N2iQN^Nlm1m1N1O1000O2O4WNoQN\1om1dNSRN[1mm1eNRRN[1om1eNQRNg02^Oom1JPRNg04\Omm1MoQNg04[Onm1NnQNf06[Olm1OnQNf07XOmm11nQNf0an1ZO`QNf0_n1UOhQNi0Yn1WOhQNg0in1O1O001O2O0O2O1O1O4K3LaMNUUNOkj13^23O1WOK\QNMN:en1h000O010O0O2N1[RNmN^l1T1aSNnN]l1S1bSNoN]l1Q1bSNROTOESm1Z1hSNWOWl1i0fSN[OYl1e0fSN[O[l1e0cSN^O\l1c0bSN_O]l1c0_SN@_l1f0ZSN[Ocl1S2J6J5J5O1100000000O101iLhSNd2Zl1ZMjSN`2[l1^MgSNX2bl1fMaSN1Jc1ll1YN\SN1Kd1nm1L4K6iN_QNh0Uo1G2HkPNDVo1;8O10001N5KlX[U1
20110408083214Th_2,_`l\17co1:ADQQN>nn1BQQNb0ln1^ORQNh0Po12M3M\O[QN3bn1JdQN5[n1HjQN6Tn1JoQN6om1JSRN6lm1IVRN7im1HXRN9gm1FZRN:fm1E]RN;`m1EcRN;Zm1EoRN8ll1HUSN8]n1EYPN7io10TNNeSN4Vl1OjSN2Ul1HZRN1`17Xl1JWRNN`18Zl1LhSN0]l1Nl1L_`[a2
20110408083214Th_3,\kPk05jo14K5mPNGVn1f0]QN^O_n1S1M3M2N7J4L2N2N1LVO`RN]O^m1b0jRNZOTm1d0SSNXOll1h0WSNSOml1k0T1\O[QNKcm1JXSN9YOGam14TSN3]m1NbRNO`m12dQNJf02gm1<YRNAhm1d0e0;G02O001N3M7H3CfPNO]o1O9001QONPRN4nm1NQRN2nm10PRN2Qn1KoQN6an1NkPN2Ro1`0N3L4M3L2N0020O2O010N110N1O102J6M4M5MG^OTQN`0dn1I\QN5cn1M^QNOdn10_QNLcn15_QNEen1:a0O1O2JoXgP3
20110408083214Th_4,VkjW31mo14L5J5J3N4lPN_Obn1g0[QN@\n1X1I30100OO00O2OO201L4H7G:M5N6I3N1N6HQUcf0
20110408083214Th_5,affW23ko13FL`PN:`o13O101O01O0O2O0O2N2O2N1O010O00FJjPN7_o110O1O10O010O01O2N\Yaf1
20110408083214Th_6,Yidn15io13N2O3OM101OaPNKTo14hPN0Xo1=13NZOgPNa0\o13L4M2bQNYO^m10jQNd0c0^Okm1i0jQNYO]n1a0aQN_Oan1`0]QNAdn1m0210N1oNWQNg0Qo1O2O1M3L3O100O100012M0101N3L5GnTQo1
20110408083214Th_7,YdbX36ho17J4N1O1N22M00O2N2O2N15M1O2K2002iNCeRN>Vm1ClRN?Pm1@USN?gl1B\SN=bl1B`SN=_l1DcSN<\l1AhSN?Vl1@^RNOW1?]l1AWRN2_1<Yl1GjSN7Vl1HmSN7Pn1M3Mkm;OVRD102M3N00M12I43O=DZ[ad0
20110408083214Th_8,[Va]11no111OgQ:6lmE;KO2O1O0O2NM31N2N2O010000O1O11N100000mPNGan18]QNLan14_QNLbn14^QNKbn15_QNIbn18c00O1O1O01O00000001O00O101N1001O100O1O100O00OSQNFXn17jQNJUn16kQNKTn15mQNKSn16kQNKTn16nQNGRn1:j0N10O01N110O101N1O1O2Nnin]2
20110408083214Th_9,Tk^n16jo1OVN0hSNMWl10j13bPNORo1OmPN2do1LE0gPN0go50eoM0[PN1RPNO`00`o1000Uo30XQN0hPN0Qn;0XQL0mnG0eU[o1
20110408083214Th_10,^^bR21oo11O00O01N2000Og0N[O2N2O1D0fPN1Xo12fPNOXo1=01O100O107J01M4M1N5L1O0O1110OOJ6N2N2N1000001O01O010O002M7J4M0O101OO1OFaPN4]o1LePN4[o1JfPN8Yo1GgPN:Yo1FePN<Zo1EdPN<\o15O1O10O010O010O1O100O1N1000O@cPN?do1LIFhPN6NIXo10mPN2Zo1O;00O^na02bQ^ONbaog1
20110408083214Th_11,b[aX16io15XPNNYo1=0O00100O1O100O001O0000O100O1N2O1001N2O1O1N3N1001O1O1O1O00O101N1O1N001O2N1O0010M3O101oLGYVN:mNDgg1OjWN6^18PODeg12lWN3\18ROEfg11kWN2\18SOEgg12jWN0\18TOFfg12kWNN\19TOFfg12dZN7Yg1HhXN7Zg1FhXN9`k1O00010O1N2N4LXPf10ioYN3M10O1Nmjg01SUXO2N10O3LVW:0lhE0Pi?3mV@00O_j^_2
20110408083214Th_12,WdbX32mo1ORP20QPN0I26NSPN2b10[m1NmQN4Po1O1Mbn10X11UPN20MYP20E060VPN0D0YPN7eo1O0K^PNOio1000S20WWce0
20110424064534Lh_1,b]ok04ko13N2EKfPN5Zo18010001O2N3M1O1N2O1O1O100O11TOPQNN1b0\o1N1O1O0000001O1O100O011OO0O010O01O1O001O1O001000bNJPSN7ol1KQSN4nl1MRSN2ol1NQSN2nl1OQSN1Pm1OPSN1Pm1OPSN1ol1NRSN3nl1IVSN7Yn10XNNbSN3^l1LcSN3]l1LeSN4\l1JdSN7Rn11O1O0001O000O2O1N`N0SSNOml12SSNLol12`11O01K4O10bb\o2
20110424064534Lh_2,`j^l15jo1<C3N2O1O1O1O001O00001PQN^Oan1R1N2N100O1O2O2M2O6I0001O2N1O6J1O001O0010O0001O000O1O100O1N3N1O2L4M3N3M4M0O2O0O100001O3M1O100O001O000O1000O1010O0010O001O01O1oPN^Ocn1P1O2N10O100jN\QNP13RO[n1\1M001O1O2N1O01O001O1O0O2O1N2POdQN7an1FaQNIPo14SQNGRo17=N101N3LmSUm1
20110424064534Lh_3,f^jh09fo14L3N5L8I1N4M0O2M2O02M7J000O2N2N3MWQNFVn1OiQN=0Fjm1`0oQNAQn1c0kQN^OUn1d0hQN@Un1Y1L20O0002M5L3M2N07YNURNh0nm1SO^RNc0em1ZO_RNc0cm1ZO_RNd0_n102N3L2NK6002N101O1[OkPN;_o1O00000O100O001O2M2No\gS3
20110424064534Lh_4,i_`W18fo13M2O1M2O2N10O1010O00010O2O002N100O1O000fQN\OXm1c0hRNCSm1<nRNInl15SSNLll13WSNLil11ZSNNgl11ZSNOSOHTm15lSN2mNNWm1MnSNg0Rl1UORTNk0am101O1N2O0100O2N1O3M4K2N100O\O]QNNbn10aQNO_n1OdQN2\n1KfQN6Yn1IhQN9Vn1FjQN=Tn1BmQN>Rn1BoQN?om1ARRN>om1BQRN>om1@TRN>mm1@URN?fn1100O1003M2N1O1O1O01O0010O1001OO1000000O001O000000O1O1O2O1O20N3M2N0O1N2O00001O0001O001N101O0001O100000O1O1O1N1O1O0011O1N4Km[Wa2
20110424064534Lh_5,j\mg15ho14N2N1M3M3N2N2000000O1O101N2M2O1O1000N1100O1O2N1M4L3O1O1M1100000O2NO2N1O011O0O2N2M2N2001OO100N210001UNQOdTNP1[k1UOaTNk0_k1WO_TNi0bk1XO[TNh0QOPOTl19hTNg0UOoNUl1:dTN4dl1LYSN1ll1OSSNOPm11oRNMUm11kRNOWm10hRNN[m1OiRNN[m1NVhRT2
20110424064534Lh_6,U]Sf13go17N2O1O2N0010O00001O0001O01OO0100O2M1N102KPP:OVPF3KN\PNNao10cPN0Zo11:0OO00oo70QPN0mP20TN0nQ:0Qo]O000io50RPL0jo90nm=0[iXS2
20110424064534Lh_7,ghf=3io17J3EEnPN>mn1>K5M;E3Fc0E4MTN^RN\1<`N\l1NfSNT2Vm1M2L3N5OO4K01N1YNWRNS1km1gN_RNU1an1@9E=EbUi`3
20110424064534Lh_8,RZeh02]10ol13QRN49Jem17jQN7=Bim1n0VRNROkm1n0TRNQOmm1P1QRNQOPn1o0mQNSOTn1n0iQNTOWn1m0gQNSOZn1l0gQNnN_n1R1701O2N2O4K2N2N1O2M2N2M`Q:DnnE0cQl10^nSN0lm10iS>1]n]O1oo1O0OaM2jTNNTk14[20WPNLho1500mNNXRN1`1LoM0Zk14mWNL`h14bWNL^h11g7OTL0Tn=1TT@O]k13aTNMRk12RSN2To10jPN1Uo1OjPN3Uo1LlPN3Xo1JjPN4XoW1OYPjN2N2O1O2O1N3N1N1O00O1O010O2N101M4L3N1Nhcfn2
20110424064534Lh_9,jaeQ21Zo10d05K2N2O3L6K1O2O001N10000O1O01O:F1N6I\^Rm1
20110429120534Ch_1,cglR24lo11O00011N1]m3KfRL3M3O2N1O02N001OjRNL`j14XUN3hj1NUUN4lj1LRUN5oj1JRUN4oj1MPUN2Qk1OnTN0Tk10kTNNWk13iTNIZk17W22O00O1000100O0000001O001O0000010O02O0O1O001O2M3M3L9H11O1N011N4M3L3N0O101O1N100O2N100000O0010O01O1O2O0O00002G8N2O2M11N4_OnPNMVo1KUQNN]Wgg1
20110429120534Ch_2,\`nn22lo15K5cPNFmn1i0M2O2N1O1O0000O2M2L5N100010O01O1000O011O01O02N11OOO1O10O10O001O100O1O010000O101O00010N3M01O0100O1O00O1O2O1N6K2M2O1O0OlPNGC7dn12]QNJLO2=dn1G`QNe0dn1UO]QNl0ln1O101O2N3N0001N1OO4M2M1O1O0000001O1M3K6LS]gk0
20110429120534Ch_3,^^W^24jo15M01O0011gLHfVN9Vi1LgVN6Xi1JgVN9Yi1EeVN?]l12NO10O1`M\OdUNd0\j1\OdUNd0Ul1\OQRNd0nm1CmQN<Vn1HcQN9_n1G]QN:fn1?1O00HnNcQNQ1]n1ROaQNm0_n1TOaQNk0_n1UOaQNk0^n1XO`QNh0`n1;1K5G81^MXOjUNj0Sj1]ObUNj0]j1]ObTN^1^k1dNnSNANm1Xl1Z16MiSNfLRl1n2mSNTMUl1Q2hSNYN3FZl1n0]SNC>Ghl1EiRNe0;H9Kil1:TSND61gl19VTNGkk17UTNIok13RTNKRl12nSNNTl10oSNKTl14def^1
20110429120534Ch_4,gcd\21oo12M3N3L4M1O1O01O2L3N202M02N2dPNJfn1<XQNDhn1NoPN<8Emn1:SQNGnn18RQNHnn18RQNHnn18TQNFmn19>O00100O10O0001O0001N101O01O00001N11O01O1000O010N3N00100O1O1O01N3M3M2O0OO101O01N3O00e[[_1
20110429120534Ch_5,amd<4ho16L3M3N1O1O2N3N2N2N100O00001O0O00[ORQN:ln1GZQN3fn1M_QNMcn12e001OcI1j\NNVc16g\NJXc19f\NGZc1:e\NG\c17e\NH]c14e\NM[c10h\N0ci1O2O0O100001N1O2N101M2O1O2O10O010O1O1N101O1O1O1ON1M041001O1O1N2O1O1O1OkmU16fQjN;F<I5L6K3L3N1O1O1O1O100O0000O01O1J6H9L4A?L4N1OoNWSNoNdl1S1`SNlN\l1V1hSNhNmk1_OdSNi1c0gNhk1_1\TN_Nek1_1^TN`Nak1_1bTN_N^k1a1dTN^N[k1a1jTN[NUk1Q1STNiNP1Nmj1X1W2010O101O01O1G9L4N2O1O2M2D>K4NbYoZ3
20110429120534Ch_6,ej^b01oo10clk00nRTO78I6001d3OkK0TQN0nn11nPNOnm10PSN0jN0Sn13USN1`n1L\L0cS20cQL0_n12_NNQSN2Pm1NkRN4Xm3L^QN0O1O2O0hPN0dn1NQQNO]o10aPN0ao15cYmZ3
20110429120534Ch_7,YWgd12mo13UQNLfm16URNLkm13Q10O1fQNMgl14SSN3ll1MUSN4kl1IVSN9Xn100N2O01N002M2M4L4H7O1O0NEVQNAnn1`062O11JlPN_OVo19=JQi`Y2
20110429120534Ch_8,XhdR22ml3Ob50Tj12ZSL1ePNNgn12YQNNfn13e0Oa0N@OQP20mP22QoK0^R8NdmG0Xni00jQTO0mo13koi0MWPZO0QPL0QQf00WkE1cSD2P4MTL0O000Xo50hPL0QPN2[PNNZo1192jm1NVRN0gZ]g1
20110429120534Ch_9,ie^n21oo100001RPN4ho13N1O1O0000000010NO201O1O3MEbPN5]o1JhPN2Yo1MgPN4Xo1MgPN5Xo1JhPN8Vo1IiPN9Vo1FjPN;]o101O000O2N1O2N1O20O0001O00O100L40000000O10O0101N2O1O1O1O1O1Ngo=1XPB2N1O1O1O1OO21BLmPN4Ro1>O1OElPNKUo15mPNIRo17PQNFRo1::J501O01O0O2O1O0100O10002L3MmZmk0
20110429120534Ch_10,kbdf26jo12N2RQNHPn19k0102NL_PNHbo10mP>0]oA2N1O1O1O0011O1N01O1O1M3L4O0O2O000O20O2N1O1O1D_PN7fo1O10O01O000000000000O100O010001O00001O0001O001O02N2N1O10m[UU1
20110429120534Ch_11,`gPQ13ko17H7J3O112N2]RNXOjk1f0k1NO0010O3MYRN@nk1`0oSNCfN1jl1;_TNE]N<Sm1N_TN8dk11QTNMQl17kSNIUl1b0aSN]Oal1i0[SNPOPm1k0jRNhNB9km1a1<ZNjQNY1en1If0ZO:GnU[m2
20110429120534Ch_12,P[[m06io1200O0M32N0000O10O0ON4N110O01O10N2N2O1O10000000O0100O3N001O00N02OMhPN@Wo1`032N1M4M4N1O0100L4N3N0100O1O103L10O1K6[OkPN=^o1O01O1O14K1N2N2O1L^o;MgPD0oeVn2
20110429120534Ch_13,Pff^12mo11L4O2N2M2O1RRNFVl1;iSNEWl1<jSNAWl1?eSNAYl10\RN`0So1AlPN`0To1AkPN?Uo1BiPN?Vo17O@lPN4To1KnPN4Ro1LoPNIO5So10UQN0kn1NWQN1jn1MWQN4[o10O1001NaQNKTm15\10O01000O010O2O5K1O00N201N1J6OdPN7So12aPNEYo1:8N0O3LjX]^2
20110429120534Ch_14,oef^11no10io50PP80WPB00100[PNOI0e01Qn10eQNO=2im11dRNO[m12eRNN[m12[10NOX1NcNOaPN0Uo10c01UPNOeo10nP:1YoE0OOO0RP20ooM0G0lP40]oM0hX[^2
20110429120534Ch_15,l\Yk08ho1000001N2N2N`o30`PL2N2O1O1GLbPN6]o171NkMCiTN=Uk1GiTN9Wk1GjTN8Vk1FlTN:Tk1DnTN<Zm11O1O010000O2O1N4M1N3NlNL]RN2em1N[RN1\m10]11PP2OQPN01Ooo10PPN0ZPN0Zo10:1aPNOSo11l0OB0D0jPN0co10000000]o30cPL0bPN0^o10]O0VQN0_o10N10OYO0^QN0bn10\QN1cn1O_QN0an10\QN0gn10YQN0fn10d00iPN0^n10fQN0Uo50Qo10gQH0Xo10000000UO0hQ20nnM0A0gPN0>0Po10`00WP40joK0:0^o10[PL1fo13\edn2
20110529063154Uh_1,Tco`12no11N2O002kQNJ[l18dSNH\l19cSNG]l19e11O1O1O0O2O1O1O001O100O100O102M2N2O0O100O100O011O0O100O100O1001O1N2O01OO101O0O010O0010O0001O01O0O100N2K6O00001O00001O010O100000O10O100O0101O1O14K1O100O00O100O1O00100O010O100O0010O010O01O00100O4L01O010O001O10O10O0101N103L1DmPNIUo14lPNLUo12mPNMTo11nPNNTo1JSQN5]o1NPm?M^V:1dlUO2N100O2N2COhPN4To1>N1O3M2O1N101O0000000001O001O1O001O010O1O1O100O2N1O1O010O00010O001O001O0O10O1O01O010N200O1O1O100O2O001N101O0000001O0O2O000O2O0O101O1N2OmYVQ2
20110529063154Uh_2,obfi14ko11O1O100O10000000001O1ZPNJ_o1=O1N101O1N101N2O0O1O1O10O1000O10O100O001O0001N2O010O1O0100O1000O10O1O01000O100O100000000O1GlPNFTo1:9O1O1N3N8Ga]YR2
20110529063154Uh_3,a`g]26jo11N2O001O0O2O0O101O1N101O1O2N1O001O00O2O00000000000100O10O10O0100O0010O001O1O1O001O000000000000O101N101O0O1LdPND\o1;fPNDZo1;hPNDVo1>JBVQN=in1FmPNO4<on1=O1000000O100001O001N3N1N1O1O10000O1000O010000O10O001O10O100O0010O01O1O1O1O10000O10001N1O101O1M6Jh_^[1
20110529063154Uh_4,RcYT2153`o18O1O2N1O2O1N2N2N1O3N6I1O10O010O1OhLQO_WNo0ah1RO_WNm0`h1TO`WNl0ah1TO_WNj0bh1VO^WNj0bh1VO_WNh0bh1XO^WNg0dh1XO\WNh0dh1WO^WNg0dh1XO\WNg0ok1000000O1000O10000O1000000000001O000@YOfQNh0Xn1[OgQNe0Xn1]OgQNd0Xn1]OgQNc0jm1UOZRN9Lb0im1VO[RN9Kb0im1VOZRN9M;J\Oom11ZRN9L9N[Olm13ZRN:J8Sn1_OQRN:L6Tn1@PRN;K5Un1AnQN;M3Vn1CkQN<N1Wn1EhQN;10Wn1;iQNDXn1;iQNEWn1;jQNDVn1;lQNYOK3Yn1c0nQNYOJ3Xn1d0nQNXOK3Xn1d0oQNWOK4Wn1c0WRN]Oim1b0XRN^Ohm1b0XRN]Oim1b0YRN]Ohm1`0ZRN_Ogm1?\RN@em1>\RNAfm1<P1O4Le1JbN1N1O1N1O1010000000001O0001N1O2O1N2Nkm[23RRdM1000000000O1O001Nmne00UQZO0[PN0Yo10<0]PN0co10B0mPN0Ro10o00A000]o;0bPD0ePN0fn10ZQN0fn10ZQN0[o100010ZO0fP20ePL0en10e00fPN0en10f00dPN0fn10ZQN0gn10YQN0fn10ZQN0fn10[QN0dn10f0000hPN0`n10`Q<0WoE0jQN0iK0lTN0Tk10RSN0hn10TQN0^10ck11nRN1]1Oek10mRN3]1Lfk10oRN0C0Po17oPNJ=Oin10lPN4<L`o1000oo?0Wo_O0j01hPNO_n11`QNObn10]QN1cn1O]QN0dn10\QN0dn10[QN0fn10ZQN0fn10d00fPN0fn10ZQN0fn10d01ePNOgn11d0OePN0gn10dP40QPL0c00iN0VQ20]oM0000010oo10QPN0bo10kPL0bo10oo30loK2XPNNc_`[1
20110529063154Uh_5,iilU31oo11L301N101N1O101O0000000O10000000001O001O1O1O001O1O0000O10000O101O0000000O1O1J_PNKOObo1570O10O1O1O1000O101O10O010O1MVPNNko10XP:0koE0VVUf0
20110531070514Th_1,UcVg01no12nPN1Rn10ZQN4N1gn1j00@TQNKmn14TQNLln1c01O1000O1N2000O1000001N2O1O2M2KlPN[OWo1c04N2O1O1O1O10O5L1N3N3N1O2N206I01O1M3L3N1O1005M01N0O1N00000O1N2N3M2N2N1O2O1O001O01O01OIIePN7Zo18O10000010000O1000O1O1O1O101AdPN6co12O1N1O2N2N2N2N2O1O1gPN[OTo1k0ZQNVORn1i0iQN[OXn1e0gQNZO[n1f0e0[OQQNOgXkR3
20110531070514Th_2,QdaR22no1OXoe01gPZO7I3N2M2O1N3kPN^Ohn1c0VQN^Ohn1d0WQN^Ogn1d0WQN]Oin1e0TQN\Oln1l0001O2N10O01O0002N2OXOTQN<jn1A[QN?dn1@]QN?fn1^O[QNa0So1O4L2O00[QNCem1>YRNCgm1>XRNAim1`0j02mPN]Ogn1e0UQN^Oin1d0TQN_Okn1k0O100XOoNaRNR1]m1oNbRNR1]m1oNcRNQ1]m1nNcRNS1]m1lNdRNU1Wm1mNkRNS1Tm1mNmRNU1Qm1kNPSNNYOS1dm1PO[SNm0dl1SO^SNm0bl1QO`SNn0`l1RO`SNn0im101O00O3N001N101O1N10100O02O:E100O2O00O1O0000000O10O1000001O00]NWOPTNh0ok1YORTNf0mk1[OSTNe0lk1ZOWTNe0ik1[OWTNf0hk1YOZTNg0ek1YO\TNg0_m100O10OO101O0O10O001O00M4L4L5NgPNKjn12WQN0jn1KYQN5Xo11N3M201N101M3N3M2N1O2M2O1N3PQNROkn1S1N4L2O0002iN\QNn0mn1O6I1O200[OmPN:^o1E`PN4fo10000O01O001O2N1O1N2O000000001N101SOAVRNa0im1_OWRNa0hm1@XRNa0gm1^OYRNd0an13L3H8L2O1O2N1N2NXOaQN3]n1EbQNK3?Yn1FhQNIOb0Yn1AlQNKLd0To10O010O01O0010O01O5K2O0O1O10O0100O1O02O0O010O01O1O2M2M3MiXd`1
20110531070514Th_3,eZTP14jo15WPNK_o1?K3F\OTQNf0kn171000O2O1O1O1O2NQO_QNb0^n1]OfQNa0Yn1^OiQNb0Un1^OmQNc0Qn1^OoQNd0mm1]OTRNn0`m1RObRNn0\m1ROfRNo0Wm1POlRNP1Rm1POoRNP1Pm1oNRSNR1ml1mNTSNT1jl1kNYSNNYOm0\m1TOiSNj0XOYOem1e0YRNAfm1<XRNGim17VRNJkm17RRNIRn1P14JWNhNSUNP1Rm1N2N20O108G3YQNkN^n1^1N0O00O1001O000001O2M3M3\O]QNGdn18_QNDcn1;_QNCbn1<`QNC`n1<`QNE`n19`QNI`n17^QNJdn14\QNKfn15XQNLin14VQNKln15RQNLnn1b02N2N2H8M3M3N1N2MfQNOll1OSSN5Zn12O2N1O2O:F1O1O01N3M0FhPNLXo13kPNIWo16:10O1OhP>LZoA3M21MkPNOWo15L1_ONnPN8nn1c0K1N101OO101M3M4N2M3N2N2N1N110O2N9Fa_Yh2
20110531070514Th_4,kYah03lo12N100O10001O1N01O1O10bNMoRN2Qm10nRN0Rm11nRNMSm14lRNLTm16jRNJWm15iRNKWm15iRNKYm13gRNM[m1OfRN1en10O100O001O0O2O1N1O1O1J6N3TOEPRN<om1i03N3J5N2M2OO02N2M4AnPNF\o12=NVh`T3
20110531070514Th_5,nab\17jo100O1O?LE3HO[PN3co160110OO1O01O1O101002O]QNFZm1:dRNF^m18V10001OhQNKdl15XSNNil16PSNKSm19iRNDYm1?dRN\Obm1e0m01M7J00O13M4[NmNhRN0Y1m0ok1]OSTNKkN2Tm13dTNK\k14iTNJVk14_2Ji]m`2
20110531070514Th_6,Wb`\21oo11N2O0XQNMcm14\RNMdm13[RNNdm12\RN1`m11_RN1_m1O`RN3^m1NbRN3]m1McRN3]m1McRN3]m1MbRN4bm1H^RN7dm1F^RN:dn10001O001O001O00000000JJaPN7_o1J`PN6`o1J_PN7ao131001N1O1000O0O2O1O1000000O1000001O0O100001O01N10000000010O0000000O1N10100000001O0O2N]P:1coE2N001O1O10N3N1O00no5O`oI1TQN0kn13<6M3M2O0O1O2N101O0O2HZOTQNf0ln1\ORQNd0mn1]OSQNd0kn1]OTQNd0kn1^OTQNb0kn1:O1O01N0O3O1O1O10000000O100000O01OM3H9L4O0O2O1O1F]PN6do1I^PN6fo101NbPNMQo13mPN0Ro1OoPN3Po1KQQN5\o11000001O0003M001O001O0NT]QZ1
20110531070514Th_7,iZTP12XP21FO1O00O01000TP61moIOUO3PQ6MkoI0UQN0em11[RNOmn10on70QSH1Yl1O`25joKKom50\QL0UQ20inM3lNM_22knMNno90^n10^RH0Xo10_oK0dPN0[o11ko1OXQL0C0dn30RQN0m00QO000J1YPN1go1NI0?0O000UPN1eo10YPN0ho14000O100O100NQckj2
20110531070514Th_8,UcSe21no13N0O1000000WP6OioI10000O101XPNJdo1:N1M300O10000012NO1O000O2O1O1O100O0001O00000010hPN]OQo1c0oPN]OQo1c0oPN]OQo1c0601O0O10000OXOAQRN;Sn1EmQN:Sn1FmQN;ln1000O1^OCaQN=^n1EaQN:_n1J^QN6bn1K]QN4dn1L\QN4dn1L\QN3IF]n13dQN454FI]n13gQN05;Sn1JdQNK9;Sn1JdQNL8:Tn16iQNJYn18dQNF_n19bQNE_n1<`QNCbn1=\QNDdn1<\QNCen1k01O1O10000O2O000O010O1O2FSQN_Omn1KYQN8OKUo1MQQN3_o1O00001O1Ni\VU1
20110531070514Th_9,RhdS12mo12O0WPNMeo13ZPNNgo10ZPN0fo10ZPN0dme71VR\H00OQZUd2
20110603123034Ch_1,[cjg12mo12N7J1N100O2O0O1O3M2M4K4N1O2O000001O1O0O2O000O100000O1O1O1O100O101O001O01000O2M2N2N2O1O10O00001N1O2O1M3N2O0100O101OO100O0001O1N2M4N2N1O101`QNeNYn1NiQNV1NjNan1U16N2O010O2O1O2M101N2O0O11TQNVO_n1j0]QN[Odn1P100bQNkNTn1P1kQNROWn1j0jQNXOWn1b0kQN@Un1>iQNFXn16gQNMZn12bQN2`n1L_QN5cn1I]QN7dn1I[QN7fn1IXQN8kn1>1N1O001N2N2N1000001O2N3N1N100O1000SN@YTN`0dm1O1000O2O0nM^OdTNc0[k1]OfTNc0[m12N2N001O00O100000000000000\OiPN>Yo1_OjPN?]o1M2N3O00010O01O10O01O1001N00100000O1O0100O010O10O10O10O1O1N10100O001O10O01N10000010@iPN5Wo1JkPN5ao1O1OYYgl1
20110603123034Ch_2,Tk\e01no14M2M3cPNJln1f00001O0100O2N2O3L100O0010O01OO1`QNIVm19cRNK]m1>XRNCjm1>RRNBPn1>PRNARn1?mQNATn1=mQNDTn1:nQNCUn1<mQNAWn1=i0N10O0O0O1O2lPNZOkn1o0O12N2M1M3M2I51M4O10001OO1O0O1M3O2O103L01O10O0100001O1M3N2N\RaV3
20110603123034Ch_3,g^^h02aP81XoI5N2N101O1O1O1N2M3K7K5L200O11N1O1O1N2N100000O0100O001OL6M2O2O1O0001O1O1N2O00001O100O1O001O2N1O1O103M0000O2O1N2O015M:D;DO2O3L3M2N2E:M4C<M3M4Mg_kR3
20110603123034Ch_4,`Xml13Y10Wm12gRNO\m1OcRN2\m1NdRN1]m1ObRN2^m1NbRN2]m1ObRN1^m1ObRN2en1100O001N11O010O01SNKnSN5Rl1NkSN2Vl10gSN0Zl11cSN1]l10aSNOal13eRNE19\m14aRNB1:am15mRNLUm14hRNMZm12dRNN_m10`RN0dm1N[RN1jm1KURN7gn12M3J5O01O1O10N3ON21K42N1O2N2N2O2N[O@kQN`0Un1AjQN>Xn1CfQN=Zn1EdQN:^n1EbQN;_n1EaQN:`n1F_QN8en1F[QN9Uo11000O100O1N3O1O2N2Mho17RPN2015I3Ndhdn1
20110603123034Ch_5,Y`bh12mo13N1O1O001O01O2N2Mkj=4PUB4J5hPNGgn1;TQNIkn18QQNKon1c000000O100O101N100O2N1O1N2O000011O002N001O01O001O1N4@cPN5go1M2N3M[Pf00doYO<E3N6J3M0000O1O100O101O000O100O100O1O2O0O100O1000O1O100O1O10000O100O101N100O2O000001O0000000O10[UN]Ome1d0RZN\Ome1f0RZNYOoe1h0PZNVORf1j0b41O0QQNYOen1h0XQNH[n17dQNMZn1l0102M3M1N100O1O1O1O2N5K3N1O2N1N10001N100O101O012M3N0000O1O01O01000O16I1PQNYOfn1h0UQN]Ojn1m0O10O01O000O100O1O00G_QNUOan12\QN`0nn1_OSQNa0mn1_OTQN`0mn1^OTQNc0To1001O1iPN\OPo1k0O1NZOTQN;kn1EUQN;kn1EVQN:in1GWQN9in1GXQN8gn1IYQN6gn1KYQN5gn1KYQN4hn1LYQNLLKln19YQNIon17=0010O4LlQNHbl16\SNNbl12]SN0cl1N^SN3Vn11O2N1O2N1O1G9GZOTQNj0ln15O1000O1OUOPOoQN0f0m0]m1XOcRNf0]m1\ObRNd0^m1\OcRNd0\m1[OfRNd0Zm1[OkRNa0Vm1]OmRNa0Tm1]OnRNc0Wn11O1O1O1N3N5K1O10OYSNPO^j1P1bUNRO\j1o0cUNQO^j1n0bUNRO^j1o0aUNQO`j1o0`UNnNbj1R1W2O2OO0N2002N001O1O010O100O10O100O1O010O01O002J5M5K6K6K1O1N2O0O0002nPNNSn14jQNOUn11kQN1Rn11lQN1@IL1Zn16XRN?hm1BURN?km1BQRNc0mm1_OkQNg0Un1b0001N1O2N2M2N3N2N2O2M4M2CRQNBQo1:=N2NZ`_e1
20110603123034Ch_6,edbS15ko11O1QRNOVNMcm14VTN5ik1KXTN4ik1LXTN1ik14TTNHnk1`0lSN^OTl1f0a12O0oPNB_n1LeQNd0[n1VOnQNk0an14L5LmN_QNh0mn11NVOnPNi0Uo10N1O1b0]O0O2N0200O0O011O`0FH05MJfPNFYo11gPNL13el1LYVN2ii1LXVN2ik?NSQB3O100nLOSVN5ii1NUVN3ii1NWVN0ji10YVNLhi14ZVNJhi15S3OTTNOhg1OVXN6ik12ON2O023JRWeh2
20110603123034Ch_7,hY[V15do17M3O0O2N2L4O1M5lPNXOdn1W1MCaQN]O^n1c0dQN\OXn1i0gQNWOWn1b0hQNZO03Xn1c0mQNBSn1?mQN_OTn1b0mQNZOVn1f0kQNXOUn1j0jQNUOVn1k0lQNSOUn1m0>AWQNIin12^QNKbn15`QNHbn17c001O01O1O1N2N2O10000O1001O0000001N01000O1000001N101O00000001N2N01O1000O0110O000001O01O001B`PN9ao1FaPN9ao112O01O01O100O0100O1000O010OaPNGWo1:8O011O2M1O2N[glc2
20110603123034Ch_8,ed`S12mo1OXPN0do10]PN0e13om1N\PNOM0`o10iPN1Vo1OiPN2ao11QNMjSN0]N4Rn1MZSNObN4_m1LWSN0^n10j00nPN1^OOin10;0bPN0?0_o1000bP20e00nmM0gQN0mn30bPN0E0mo30]PL0ZP20dnM4ZQNMin1O\QN0To10\PN0]l12mUNNgM0L130\l10RVN3aMNO0_l1O]SNOn20TM4do10^WSj2
20110603123034Ch_9,^XiR25io13N2O2NO2GoR:O^mC1eo12[PNNdo12\PNMeo13ZPNNgo142N`n1MbQN4K20O4LnP22hmM2_RN2^m11_RN1_m11`RN0^m11bRNO]m11eRNOZm10gRN1Wm10kRNERO5hm10XRN5V1Jal1?PSN_OD0Pm17cRN:i0ASm11aRN6?Gol12dRN5?Hml12fRN5]n1IdQN7Ro1000000001O1lQNG`l19c11eQNFPm19QSNGal13^RN5R1I_l13]RN4U1I`l10\RN4X1Mel12\SNOdl1O^SN0[n1N1O01N11NQfbi1
20110603123034Ch_10,`Z_U13lo11O2N1000O1O2O1O0000O1N2O01O1Obo1MdP60TPF0ko10@2lPNORo1OePN080Wo31WPNOoo30`PJ0^o30YPN0@0PQN0TQ21[NOPmc00QS@0dPJ0\o10]o30UQJ0kn50UQJ0ln10a010010QP:O`PF0^O1oQN0Ql1O_11SQNOmn11R10@O_O0RQN0nn10RQN0nn10RQN0nn10a00mRN1Uj10iUN2Vj1NiUN4Wj1LRSNOb26\j1KQSNO00a28^j1JcUN7_j1H]UN<bj1D]UN<ej1CYUN?Um1N1M4L5LUn?NRR^O0co30ignc2
20110603123034Ch_11,ja`b01365Kcn1W1BiNdQNT12TORn1S1QRNlNmm1T1URNjNkm1W1WRNeNkm1Z1>J6H8O24L001O1O0O13M1O0O01O0101O2N001O:F2N2M2O1N3L2N3LeP^15XoaN3M2O5J4L2N2N3N2ZRN\Ojk1f0RTN^OPl1a0kSNBYl1:kRNZO;?Sm1M_RNI9a0Um1F_RNK:c0Vm12fRN2Zm1NcRNZON:_m1<bRNXO2;]m1=aRNUO4`0Zm1<RSNDol18SSNIll13YSNMfl1LaSN5Un13L3M2O000O10XOSQN<[o1N1O00O011N101TNCRTN>fk1J^TN1^k12cTNNZk13hTNMXk11iTN1Wk1JmTN6Sk1DTUN;Ym1FcPNO_o1MePN1]XUW3
20110603123034Ch_12,cYae15io18I2N10000O010kPNBin1<XQNEhn19YQNHgn1McQN4So12O0O100O1O1O1O000O1000O101M2M210001O0O1O1O1N3H7N1RQN_O`n1?cQN_O]n1a0b0L5K5HUglW2
20110706164014Mh_1,QoZi23ho1:G7L6K5J3N2N3M5K4NjNmQN?Rn1\OYRNa0en1N2NN3N0OO2N3L2O1O01N3N2N100O10O1O1O0O2O0001O01N101M4M5KVoTT1
20110706164014Mh_2,kcXe26b1Kdl17a13M2iQNEgl1<^11O2O06K0O0001N101O1O00000fPNF0Ncn1<YQN7en1a01N1O1N2N2O0O3_O`01003MO101N1O3cPNBhn11ZQN<NC\n10jQN0M;ODXn12mQNMN<MGLMTn14bRN7^OMhm1JURNOj09WOOkm1HVSN8lN3mm1EYSN5nN3im1H[SN3mN4hm1I]SN0mN6em1JkSN1YNOXZQX1
20110706164014Mh_3,kZaY25jo13N01NnP8OToG1N0H41301O1O100O1O1000O0O2L5N2NO20N5KUoe00mPZO2WPNLbo1534M0O1dPNLjn15WQNLen15]QNL`n15cQNJYn16kQNKQn16QRNKjm17XRNJem16]RNI`m19bRNE]m1<eRNBZm1?hRN@Wm1?U1MSRNFZl18hSNLTl13oSNOnk1NVTN2jk1LWTN4ik1KVTN7jk1HVTN8ak12^TN0ak10`TN1^k10bTN1]k1NeTN3Xk1MjTNC]N3il19YUNDhj1<YUNCgj1<_20001OeQNGol19PSNIol17QSNJnl15QSNNnl10TSN0kl10VSN1il1NYSN3el1L]SN4bl1KaSN3al1HdSN4bcZa1
20110706164014Mh_4,R\e>2mo120O1OnM4n12M2O1O010O10O0O2M4MdP`06Wo_O1O01O001OgPNHln16QQNOQo1MoPN4^o110I[PN2jo1OSP6OooI0O1O001A0kPN1Uo11iPNOXo1OiPN1fo1Nhoa07oo]O2O000O2O00000O100O1O1GAQQN?nn1DoPN=Qo1:O000O11O010O5K2N0O2O1O1O0O1O100OO2N2N110O11N10O01O00VOBTRN>lm1BbQN09>Un1BaQN2LM:?Xn1CcQN0J36:^n1D\QNM4o0`n1XO_QNh0`n1XO_QNh0bn1;OoN_QNe0`n1ZOdQNe0[n1[OgQNc0Yn1\OjQNb0Yn1[OjQNa0So1G7Hmn3NXQL0deTZ3
20110811121534Ch_1,QjRo07ho1100O2N1O1N110O0010O0010O010O1O10O100000000001O000O0100O0O2O001O001N10001O1O101Nlog0NVPXO2N100O100O1000000O10000O10O1O1O00101N2NYo94bPF3N2N1N101O00001N00101O0PQN@an1a0^QNA`n1?_QND_n1<`QNE_n1;bQNF[n1<eQNEZn1;eQNFZn1;fQNFXn1;gQNFXn1;fQNGYn19gQNIVn1:gQNGWn1=gQNEWn1R1N101NXOPRNDPn1<URN_Okm1b0VRN]Oim1d0YRNXO]m1I]RNR16TOUm1_1lRN]Nol1k1?4ME[RN_Nem1`1_RN]Ni1Mgi1e1bTN[Nbm1e1^TNZNdi1e1WVNbNhi1]1YVNcNhi1[1YVNeNki1V1VVNiNni1S1SVNmNoi1o0TVNoNmi1o0b2N2N20\TNSOVh1l0hWNYOVh1g0jWNZOVh1d0kWN\OVh1b0kWN^OUh1a0mWN^OTh1`0oWN^ORh1?QXN_ORh19TXNGng10YXNOUR[h2
20110811121534Ch_2,nfnU38fo1001O01O1M2N12TOOiQN3Tn10kQN0Qn16nQNH5LRm1`0ZRND3N?5ik1M`TNi01_OYk13]TN`08\O\k1<UTN8=[O`k1=VTN49@ak1=XTNN8F`k1=WTNI=I]k1b0RTNDb0J]k1i0iSN[Om0K\k1i0eSN]OP1Hck1[1]TNfNok1m0QTNSOQl1MUSN;j0Ghl16ZSNHll12c0JWRN2jm1MYRNOjm11R11d[Uh0
20110811121534Ch_3,Ulhj26ho12O1N2N1N3NK51100O0O2N2O01O100O010O010O0HKgPN5Xo1MfPN4Zo1LePN4]o1LaPN4_o16O11O001O011N10O10O101N101N1M4N3MiTcR1
20110811121534Ch_4,_`Sd2?1E[o1`0O2O00O10000O0100001N10000000O2N3M4MO02@UOhQNl0Un1WOjQNi0Un1ZOiQNg0Un1[OjQNe0Vn1\OiQNd0Wn1]OgQNd0Zn1ZOfQNh0Yn1YOfQNh0Zn1WOfQNj0Yn1WOfQNj0Zn1=010O0100OEhQNPOXn1o0iQNQOUn1MiQNk04VOSn1OjQNk04UOQn11jQNj0cn1WO\QNi0en1711O1O2O0O1O10O2N1M3O1FXQN\Ogn1d0[QNZOen1g0[QNXOen1h0]QNVOcn1j0^QNUOcn1k0802O0O2O5J2M2O1O1O1O1O3M1N3Li`ZW1
20110811121534Ch_5,T]dP11lo13O2N00100O1000O2O0000000000000O1O101NWPN0io12TPNMio16J9K1O0010000000O100001O0000000O2O000O1000_OfPN<[o1CePN=[o140O1000001O01O0jPN_Omn1b0oPN]ON3Qo1k0N1000000001O5J1O2N3M3N1@bPN<ao1OO2O01O1O100O2O001OO1O10O1001OG\PN7go11N0101N1O3M1O^bii2
20110811121534Ch_6,Qij\31mo16K1mRNI]j17bUNK\j15g201MhP4O[oK2000O10E1cPN0Zo12ePNOj0L`m1`0_RNA]m1b0dRN^O[m13nQN4g0G]m13mQN6So1ImPN8Ro1HnPN:\o1000nPND^n1>\QNEen1;XQNGin1;TQNDnn1e03N\RN\Onk1c0RTN_Ook1>QTNDnk1;ZSN@J6ll19ZSNBH8ml16[SNAH<ll12]SN@Fb0ml1MhSN;Zl1DbSN`0^l1@_SNc0el1WOZSNk0fl1TOXSNo0gl1POZSNo0GTOPl1LPTNLDR10RON6]l1GmSN8Hf00VON5]l1EmSN<Jb0NVOO8ll12XSN>OWOM9jl14\SN:9CWl16fSN04LSl14lSNL41lk14RTND97ek1FaTN1M7ck1EdTN1M8\n1N2N1O2N2LjRe?
20110811121534Ch_7,habo12mo12N2N2O2M2M2O1N2O1N111N101O000O2O2N1O1O0000\OnPN:Ro1EPQN:Po1ERQNMM8Po1KYQN5hn1IYQN8gn1FZQN:So130000001O1O0O10O1O1O10O10000O101O0G_PN4fo10010O00001O01O1O10O01O00001N1O2OO10O11O000H^PN2b]Wl1
20110811121534Ch_8,mbfo13Po7NoPJ0oo30mQL9PLGhSNb0hm12O2hMZOdSN0i0h0gm14M3M100dNPOfSNP1Zl1POeSNQ1gk1PObSNOg0Q1fk1oNSSN0?0g0S1cm12hNkNbSNV1cm11O0nNiN\SNU1gl1kNYSNT1Xl1lNVSN0b0R1jl1nNVSNQ1lm1OO2mRNSOSk1n0mTNTOPk1l0QUNTOoj1l0QUNTOPk1l0RUNoNQk1T1Q1jNlRNY1BSOWl1DfTNU2Wk1kMiTNV2bl1N4K2N1001O2O1OO0O2ZNPRNZ1an1K11M2N2M4L5L11O9E2gNeQN1NJ0?_l1^O]UN3nN=b1Abg1OoXN`0`i1@`VNb0^l15K4L4K2O1O000N2NQOZQN;6B`n13\QN9nn1ISQN6hn1OYQN0en12\QNObn11_QN1j0KWl13QSN1e03VOCfl16cSN2`0c0il1WOYSNi0om101O1O2O1OO2Mg0\K^N[YNc0^L:lm1@]RNa0`m1XOiRNh0Um1VOoRNk0Pm1RORSNo0nl1oNSSNZ1em13M1OTOeQN3\n1_ObQN15?en1\O^QNc0Po1O1O1N3N4M1O6IJ1XWei1
20110811121534Ch_9,iZim23fo1:I5O1O0001O0O2O2M101O0O100O10O01O100O1O100O2N2M_me53]RZJ3YPNKbo15_PNK_o17aPNH^o1:21O00O20100O1O1O5K[hRj0
20110811121534Ch_10,Z`g`11no11O4L100O10O010O100O1O1O2N]Pb1Oco]N3O1O0000000000O1O1O1O]n?2`Q@2N4M1O101O1O001O01O0O101N1O1OhPNLgn12YQN0fn1O[QN1fn1M[QN3Zo1NZRNMjm10[ka13aT^N1O2M2O2O0O0001O001O1N2O2Nio;Mom_30XRTL6M101O1OO100O1O10O10O101N1OnebR2
20110811121534Ch_11,Xhda093JXo1f0J4M1O0O2O01\OUQN0on1KUQN3]o1M3N3LcPN3\o13N1N100O11N2N3M20Rm=4iRBODMkZ]\3
20110811121534Ch_12,Z_hj04go16IIbPN9\o17N3K4O0010O:F0010O0O2iPN@ln1a0SQN@ln1c0nPNARo1f001O0OWOPQNd0Po1ZOSQNe0So101O0101N2O[OmPN>So1@oPN`0Yo11O010O4L00O2N4L4L4L100O2N2Nc_cR3
20110811121534Ch_13,WknX25ko1O]O4?4M2M3cPNBRo1i0OWOlPNe0^o1I2O02M01O2NAD[QN;dn1F]QN8bn1L]QN2dn10ZQN0hn1JoPN076in1HTQNc0Vo101N5KPUce1
20110819131834Ch_1,Zk\P23io17L2N2N2O0O3N1O1N20O01O0001N2O1O1N2O000O02M2O1O2N1000000001O10002NO3M2N1O1O1O001O010O100O1004K3OO1N2O3M2M1O2VQNnNbn1Y1N2N1N2O1N2O1O2O1N2O0O4M100O10_NRRNo0nm1mNWRNQ1jm1mNXRNS1an1fNUQNR1nn100O4L1OO1O100O1O3M2N2M3N5K3M10O2O000N3N2N7I2N0O2UOTQN?mn1^OWQN`0Vo1K6J^RWi1
20110819131834Ch_2,Zj`e0f0Vo14O2M2eRN_OUk1d0QTNUOC>Wl1?STNWO@`0Yl1>STNSOC`0Vl1c0UTNkNFd0Rl1c0XTNgNGg0ok1c0\TNeNGe0^k1V1lTNTNHc0[k1[1XTNnMV1f0`j1=^TNCZ1OTj1a0eTN\OZ11oi1e0jTNXOX12^i1d0QUNWO<0W14[i1e0UUNVO:OV15\i1f0UUNVO<HU1=Yi1g0UUNSOZ27`h1h0WUNmNY2=ah1e0XUNiNZ2a0_h1f0nWNYOSh1f0nWNYOSh1e0oWNZOQh1e0RXNYOng1g0TXNWOlg1h0VXNWOjg1i0XXNUOhg1l0XXNSOhg1m0[XNoNfg1Q1e3N2O1XOXQN8gn1IZQN5gn1JZQN6en1K[QN5dn1K^QN4an1L`QN4^n1McQN2]n1OcQN2[n1NgQN1Xn1OjQN0Un10mQNORn11PRNNPn10[RNFfm1:o00100O1N101OO200O000O2N101OO101O1O3MoX]V3
20110819131834Ch_3,ceV\142M10`o1a0J10O0IfPNI[o1761O1O100O100O100O100000001O0O1000000O1O001O1O1N2O1O2N1O1O10000O10O100O01DSO\QN05m0_n1XO`QNh0`n1XO`QNh0`n1YO^QNi0bn1VO]QNl0`n1<O00EaQNVO^n1i0fQNSOZn1n0hQNoNYn1R1fQNmN[n1S1cQNoN^n1Q1`QNPO`n1V13N10010O0O1O10O01000O10O100M3N2O00O1M10200010O010IWQNSOln1l050O0100O000100O0001N20000O1O001O1N2O010K410O1O100O1O1O1N2O10O010O1000O0100001O000O2O002MZ\m[2
20110819131834Ch_4,meb[14lo10O2N2O1N1HIePN9Zo1700O10_OhPNOM103Zo1LWQNOin10d00O0]PN2Vo1NjPN4`o1LVPN0lo102000^oa00aPD0PPJ000fPN0en10\QN0bn11_QNO`n11aQNO^n10dQN0[n10fQN0Yn10iP60RPJ10O01FOePN1Yo12fPNNYo14ePNL\o10`PNO50h00dm10hQN0d00dm10gQN1e0Odm10gQN0Zo11cPN0]o1O;000UQN1em1OZRN5SOK]o17`PNJao15^PNKco13_PNMbo11_PNOgo11010O2OfNOeRN0\m10cRN1]m1ObRN1_m1OaRN1fn1010000O0010M2lNNZRN0jm10URN0km10URN0im11XRNOem11\RN1cm1N_RN0cm10]RN0jn10iN0]RN0cm30WRL0SO3eo123O00Ro1LQRL0Qo1010QO0m10QO0O20NQP20UoM0gQN0Qo50\oK0_QN0To33RPNM2000oo30QPL0B0lPN1Uo1OjPN0Xo10g00do50PP40goE0dPN0\o10:2WPNN`o19000K]PNLeo11600OXPh00ioWO000RPN1ko130OO1O100001O01O0000000000001N10001O00001O010O1O2ePNGln19RQNKkn16RQNMmn15PQNNon1b0O00011N01O000O101O001O001O10O010000O1O1O001O00001N100O1N2N2O100O1000000O2O0E^PN7co1HaPN5go1N0O1O][UV2
20110819131834Ch_5,fh`Q31oo10fm31aRJON9NJPo11UQN?in1BWQN?fn1A^QN=cn1^OaQNa0Uo1MN11L`0HH5bNKgRN9Wm1GiRN:Um1GnRN7lNEPn14XSN:fl1F[SN:dl1E^SN:Un1O0020O02M2O0O1O102M010O10O100O01O2NaWSl0
20110819131834Ch_6,^j^e084LWo1M[10]N0gP40PPL3^QNMYm11mRNOPm10RSN3Zl13PTNNnk1MYTN2gk1M[TN1nMOdm10_SN1G6fl1IfSN0nl10WRN1Ro1OZRN0TO0hm30ZRL1WO0on1ObQN1Un1O]QN1]o10^PN0go11PnU1NRSlN0aoK0Uo10jPN1Vo11cPNNM3ho103Men30\QN0oSN2PHNQ4000lo30bPL0To10_PN002YPNN_o16PY[V3
20110819131834Ch_7,ff^T34jo17J3N001003NO0001O11O11NO02OO00O0100O010oNHZRN6em1L[RN5cm1K^RN5am1KfRNN[m11Z100OcQNO^n16K1O10O1N2O1O01N0_n3KfQL200O2WPNLbo1901N1lQNGal19^SNJal15[RNGf06Sm1NURNNh04Tm1MTRNOi03Tm1MRRN3i0OUm1MRRN6h0Lbm15]RNKbm16_RNIam16`RNJbm14^RNLcm11`RNNam10UZmg0
20110827141254Bh_1,RhfZ31lo17[O4jPN22Lcn1Q1N1O2N2N2O102O2YOZNnRNg1fm10YOZNPSNf1ol1[NRSNd1gm1O3M5K2M3O1N2M3O0001XTNlNah1S1^WNPO`h1Q1^WNmNdh1W1R30O10O0O10001O010O010103NN10O01N1O2N3N0O10O000001O1011NO2N1N2O000001O1OO100101N011O00O200OO101N2N02O010N2N1O3M1000TRN[O[l1e0aSN]O`l1d0]SN]Oel1c0YSN]Oil1i0nRNWOTm1k0hRNVOZm1h0cRN[Oam1a0\RNCgm18WRNLkm1OTRN4om1GnQN>hn11001O1O2NnQNZOml1f0PSN@ll1`0SSNBml1?PSNBPm1a0kRNAVm1a0fRN_O\m1b0`RN@`m1b0]RN^Ofm1a0XRN^Oom1>nQNAVn1S12N101O1M4M2N4L3M1O2N1O2M3N8F7J[Q_=
20110827141254Bh_2,Zl`R23ko13YQNK`m18S11O3M1N101O0011N10O100O001O0001O00hPNEln1:SQNGnn19PQNHTo14lPNL5Mbn16XQNN4Nen14VQNN4Ofn13UQNO5Nfn1>YQNChn1<XQNDhn1<WQNEin1;VQNFjn1;SQNCQo1d02O2N1000001HiPNEWo18mPNFTo1:lPNFTo1:lPNEUo1:lPNFUo19lPNFTo1;9O1O1O2M2M`Q:MdnE3M2M3M3N2N2O1O2N2N1O2OO001AjPN2Xo1KkPN3Vo1LkPN3Vo1KlPN3Vo1LlPN0SnQ11\QPO5M1KJ`PN6_o160E_PN6bo1J^PN4co1M]PN2do1M^PN2co1L^PN4go11O0000000O2J5O100O1O101O001O001O1000O100O101N001O0010bPNEVo1a02O1O0O1O2O010O0100O102N0O1O1O101O01O01O3M3L10003M01O1N7J10O1N09H0O1O1O1O3D]PN4ko1KYQUc1
20110827141254Bh_3,YmVY21oo10_o10`PN10000001O01e0O\o10`o30dP80loC0QR42mkINoSN3Pn1ORn3NQRL0TP60lPL0SoM0VP62aoI4WNJfSN5Sn101N10000000OOVQWc1
20110827141254Bh_4,`m^o14jo110200O2N1O00010O1001OO2O0O1001N0101O0000000O1O1001O01N20O\OBfQN=Xn1EZQNO7;^n1HXQNK00;;^n1KZQNM64bn1NZQNN60ao1MdQYn1
20110827141254Bh_5,ihbb16ho15K3O001N1nNF`RN8`m1HdRN4\m1LeRN3\m1KfRN4dn1N2MgP43boIK`o1;01O00N2O2M3O1Nhn7N[QH1_RNOQk11mTN1Uk1OiTN1Xk1NhTN1Zk11X22O000YPNKco1<M01O1O10O01O1O10001N1O3M1O12N3L2TRNMhk13UTN0kk11RTN1nk10PTNORl12jSNOXl12eSNN]l12`SNMel10\SNMkl10TSNNPm10QSNMhm72dPJ6lMI[TN5fk1NYTNLjk15P211M2O1NYQNOhUkX2
20110827141254Bh_6,S^Xm21:0Xo15cPNN[o1=IAjPN?Wo1BhPN=Xo132N3M101O1O10O1000010001O1O000N3M3L`bYQ1
20110912142254Bh_1,\dng06ho15L:F3N2N8I10OO00SOTQNg0Vo1NO02M3M4M2N1O10O1O0000001O00O100O01000O000001O3L4dQN\OVm1f0cRN@\m1`0bRNB^m1<cRND^m18eRNH]m1NlRN2Um1JmRN6FIhm17YRNJfm17YRNIgm18WRNKgm17VRNKim18SRNInm1:mQNGSn1;kQNDWn1=gQNA[n1`0dQN_O_n1`0aQN]Odn1`0c0K1001O4K01O1N3N1O10O0000000000000001N2M2O3L[X]S3
20110912142254Bh_2,baiT26io13M2N1O2O0O010O10O01O001N10100O00100000O10000O10000O100000O010O010OO20O01O010O010O001O1O001O1O001O1OWOK`QNOJ4en10kQNMVn15g03O2O000O101O4L1N2O0N2O000000000001N100O1L4N2O^OLYQN6fn1OTQN2nn1>101O1O10O01O1O001O1O1O1O1N3K4M4O0O1N3N1O2N1O1O_Ql02`nSO0010O1OO1ZM5WUNJij18WUNFij1<\2101N3N001N101N10001O0000O10000O2O1O001O0000000000O2O00000001O00000000000O1001N100O2O0O10001O01O001O0O2O1O0O2O0O2O001N10001O00000O11O000010O01O01O0O101O1N2N2NZb\^1
20110912142254Bh_3,]edc24ho15N2N110iQNEhl1:a1N01O3M1O001O00001O001O001O0001O000000000001O9dPNVOPo1j0PQNVOPo1l002O00O0101OO1001O001O1OO1N2O2O1N:H1N1O100O10O011OO10O010O00101O0010O0010O001O000O2O0O100O100000O2O1O1N100O100O010001OO2O1O0001O010OO010O0O2O001N5KcXkU1
20110912142254Bh_4,TdP_24eo17N3N1O2O1N100000O100O1O2O0O1000001O000000000O10000000010O010O010O01O100O0100O1O1O2N3L3MfR:Obl10iPD2N1O1O11O0000Wo=OhPB7KL_PNJ`o12ePNNZo11hPNOWo10jPN0Vo11=0\PNOYo11ePNO[o11fPNOZo10;0?0bo30PPN0_o70RQL0hoG0\o11`PN4_o178EUPNOko11UPNOmo111O00O10OQP20PPN0no?0Xo_O1PQNOlo10O0`PN0`o30`oM0o00Ro10nPL0Qo10o00QO0o00A0RP20QP20\oK0S10_O0O0]O0UQN0ln70jP60YPB0_o30@0oPL0bo3000A0^PN0^PN0Vo50\PL0PP20]PN0UO0jPN0co10O1IO^PN0fo12cXiU1
20110912142254Bh_5,Xbif14io14L3AKQQN7on1<O2N2M3M2C<101K3M4N3O101M3M3N1N2O1O2M2O2N1O2N1O2N100O100O2NR_RW2
20110912142254Bh_6,a[\X2>`o14L4M1N2M3O1O00100O2N2N2L3O110hNmNbSN2oNi0\m1VOoSNk0Rl1QOoSN\1Qm19RNhNeTN^1Yk1dNbTN_1_k1_N`TNi1_k1VN]TNk1ek1XNXTNd1lk1XNWTNe1lk1WNXTNg1hk1WN]TNf1ol1O0O1K7L<F9G4L2L3N101N2O3L3M3M3IWPN1Tcmd1
20110912142254Bh_7,_nn`27go13M2N2001NkNFhRN7Ym1ImQN483Wn11fQN1Qn17lQNLTn15hQNNWn1o0O0106KO00O1O2OO01lNXQNn0Po1M2N1O3L9E3011N10DnQU]1
20110912142254Bh_8,ZV_a06io16I7H>@6I701O1M1NM04OO3N2J`QNkNbn15eQN;en1@aQN:Wo1Fni^]3
20110912142254Bh_9,haiT21RP60noK0O0O010Zo=0ePB0dPN0in30dPN0QN2lSNNSl12nSNNQl13oSNMPl12dTNN^m1000O010oo30ko;0eoG0`PL0ooK1I8CGSQN9mn1HRQNOG7Wo1JRQN9bn1I[QNN34fn1KZQN0Wo30]PN0dP60lPN0WlK0RSN0f01Wl1OSSN0g01Ul1OTSN0g02Tl1NUSN0i00Rl10USN0]n30aQL0km90[QH11O20PQN0om10QRN0om;0PQH0QPN000000010O010`QN0Vn10bPN0^o10bPN0Wn10hQN0g00ZO0^n10YRN0XO1Yn1OdQN0T10Ym10kRN0a^ld1
20110912142254Bh_10,^`i`11mo13O2N01MS65gI5L3L4M2N2O1O209F0002O1N10O1O01O001O2N2N2N2N1[OmPN<]o1N00N3K4M4N1O010000000O200O1O1O01O0O2M3M4L7I5Lfm_1OWR`N6N1000O2N3LmQN1Zl1MfSN5\m1M^QN4an1N]QN3bn1O]QN1cn10\QN0dn10\QN0en10YQN2gn1MWQN6jn1EoPNf0Vo16J0O1nKTOnXNl0kf1]O\UNDb3`0^LJbj16cUN_OW3a0eLI`j15gUNAU3?fLI^j1IbUN57JT3=gLI\j1LUVNNi2<hLIYj1LXVNOg2<hLGYj1NZVNOe2;jf1IQVNNV49he17gVN^O`2<hf1ITWNLT2<gf1HUWNLT2=gf1GPWNN\2;df1EmVNOe2;`f1DiVN1j2:_f1DfVN1n29]f1FeVN0o29^f1G`VN1S38^f1G\VN1X39[f1G[VNO\3;Yf1EYVN0_3=Wf1CYVN0`3?Vf1AYVN0`3b0Wf1^OVVN1d3b0Uf1]OVVN0f3e0Tf1[OTVN0h3g0df1YO\YNi0Sf1WORVN0l3j0Qf1VORVN0n3l0oe1TOQVN0R4m0ke1SOSVN0R4n0Uf1ROmYNn0bj10001O_N[OgSNd0Yl1_OfSN?Zl1CeSN;\l1FeSN7]l1JbSN4`l1N^SN0cl11dRN_O<?Qm13`RNC;:Vm14]RNF:5Zm15[RNL6O_m15[RNM6L`m17ZRNO4Icm17ZRN04Gcm19ZRN03Cfm1=WRNO\n1OfQNO[n11gQNK\n14fQNH]n16j0L7Hb[hU2
20110912142254Bh_11,\lf`28ho14J5M10O[RN@kk1?kSNA`l1?]SNAoN0\m1>PTNBSl1=\SNCXm1<U1K]PNJ1OR10UO0lm18mQNH?010G0om16RRNJ0050Vn11SRNOdn10WQN0E0ZP40mmM0QSN0Um10fRN0Wl14[SNL>0Ul12lTNNSk12nTNOQk12fSNM40gn10mN0VRN0om30lQL0Un10jQN0Yn10cQN0To1032ANnPN0gP[]1
20111015063134Lh_1,gelR21no11UNOfSN4Wl1NSRNOa12[l10TRNOa11Zl11SRNOc10Yl17gSNIYl1MTRN9b1J\l16eSNH]l17cSNI]l17f1000TQNHPn18PRNHPn18PRNHPn19nQNHRn18nQNHRn18oQNGQn19l0O00000000mPNH^n19`QNH`n18`QNH`n18`QNGan19d0O000000000000oPNIYn17gQNIZn16fQNKYn15gQNKYn15gQNKZn14fQNLZn14gQNK_OOdn15mQNL_OOdn15mQNL_O0dn13mQNL_O2dn13lQNK@2en12RRNNom11QRNOPn10PRN0Qn1OoQN2on101O00TONjQN2Vn1NjQN2So1OWo3OjPL1O1O1O1O0010O01N2O001O1N101O1N2H8N2O1O0001O1O001O1O002N1O00100O1O02OO0IePNI]o14ePNL[o13hPNJYo168010O01000O1O1O100O2N10004K10O01O10O01O00001O00O2O0001O000000000001O00001O0000001O00000000O100000O100O101O0001O0000000000010O001O00000001O0000000O100000001O000000000010O00000001O000001O010O1O010O0010O000000010O00010O0000ROCZRN=em1C[RN=em1C\RN>bn1001O10O000000001O00001O00001O001O0001O1O01O01O01O10O01O00010O1O0100O01O1I[PN1fo1M\PN1ko1NRZa]1
20111015063134Lh_2,aV_>3ko12O2O0O100000O10O101O2M2O2M10010O0000O10000000O01O1O10000000O2OO01000001O0KCfPN>Yo1500O10000O2O1NJlPNBTo1>mPNBQo1?oPNAQo1?oPNAQo1f0010M3GmPNCUo1<lPNCUo1<lPNDTo1;nPNDRo1:PQNFon19=0O01O0100O100O101O0O0100000O100O1N3O0O101O0O2O0O2O0O100O1O100000000010001N1O1O1O2N1OUOVQN`0jn1_OXQNMO<hn1GYQNL1<fn1HYQNK2>dn1GZQNK4<bn1JYQNJ6;`n12`QNNan11`QNN`n12`QNN`n11bQNN^n10dQN1\n1JhQN6Yn1GiQN9Wn1EkQN;nn100O001F]PN5ho1O1O2N\ilY3
20111015063134Lh_3,ehPm01no15K6J3N2M1000000O100000000O101O0O2N101O00000010O1O100O0010O10O10O101N1O0M4RQNUOen1l0YQNVOfn1k0XQNVOgn1S10lN_QNg0an1WObQNh0_n1VObQNj0kn100O1O001O1O000010O0107I0O010O00010N1N@F^QN:an1H^QN8`n1L^QN4an1O]QN1bn14ZQNMen16WQNLgn1h0OROYQNc0gn1]OZQNb0fn1_OXQNb0in1:6J000H8O100N2M3O101N100O10000O00O110OO2O1N2N2N2O1O1O2O0OSWcl2
20111015063134Lh_4,QVmj01^o11nPN6nn1KlPN=Qo1DmPN?Qo1AoPNa0in1]OVQN30b0in1CWQN=in1AXQNa0gn1^OYQNc0gn1]OXQNd0hn1\OWQNf0hn1ZOXQNf0hn1YOYQNm0an1SO^QNS1]n1800O1000VOjQNJVn15mQNISn16oQNHSn1KeQNM98Sn1H[RN8fn101O0O1O2O02N1O001O000001O001N2O4L1O1O00XP<MjoC1O1N2O2N100000O1O2NViZQ3
20111015063134Lh_5,UfTg02Xo31dPN10OXU:NojC0ho15O1SJJn[N7Pd1KWVNNg55Rd1NQ\N1Pd1NaS63]RJ3L3N2jXNCd^1`0RYNEm7LQ_1j0R8000hVNUO[c1j0e\NWO\c1g0d\NYO]c1f0o501N2N2O1N2OVYNBS^1<naNEP^1<QbNDn]1<SbNBn]1>b[NBT31[b1<P`NCR`1<n_ND\H0dg18Q`NIT`16l_NJU`14mXN0om1OPRN4nm1KSRN5ln100001O100000OkRNL_j14_UNO_j12RUNJXN6fl1OnTNO\N4el1MjTN7]NLil1MiTNi0Xk1VOjTNg0Xk1XOQUN?Pk1_OSUN?mj1@TUN?Pk1]OQUNc0Wm1O003M2O0O1O1O1O2KWR2KQnM0]R80ShG0oZN1ah9ORRF0en91VQH4L3OO002M3MZOOh01SR2OXhM1[[NOdd16X[NJhd16X[NJid15W[NKld11X[<O[jC000ama02]R^OO10ZN0f1ObP60[T23PkG11MSic00Y\NOfj]O0_O0SQN1kn12UQNMbj10VYN3[g1N`TNOP43PLM\22^f10UWNNR43mKN]21af1OZ[N3oio0MeQRO5LO002M`o3NcPL1_KOSYN0mf11a40WQ6OmSJ2kJ1O01N]ka00dT^O0mTN0Wf1OfYN4Rk1100000O10Rl;NP`Uj2
20111015063134Lh_6,[j\U16io1202M8I2M10000\O^OiQNa0Tn1DmQN9P1A_k17bSN6<B00ZO2Pl17[TN5X1N^j1NZTN36C79]k1OXTN43F76`k1NWTN71F65fk1HVTN>MF63cl19WSN@[O0i07fl19YSN@07hl19RTNGok1:fSNARO0Zm1?`SNEnl1;PSNFRm1;kRNDWm1a0bRN_Obm1f0URNXORn1f0lQNWOZn1g0a0O1103MN2O2M10OOlPN]OK1ln11UQN:12kn1LTQN7ln1HSQN8Po1EQQN;Qo1APQN?Zo1N1O2O5J1010O0O1001O00O10001O01N1001O001O1N2O00OVMFPVN9Rj1FmTN1XO6\l1ImSN2G1^l1MkSN3HN^l1OjSN3Zm1LfRN4Zm1LfRN4cn103M2OTToe2
20111015063134Lh_7,`cVR31no12O1N110O001O010O01O1O01O0000000000000000O0100000O10GNdPN1\o11cPNO[o13ePNMYo16fPNJZo167100O1O100O1O2O0O010O2N100O1O10001N2O2N1O1O1O1O100O1O2N3N1N2O0O10O0010O01O1O002M101N2N1O3N102M2N0010000000O1000O001O1O1O2N1O5K1N2N2O2MP\cg0
20111015063134Lh_8,\dXl15jo12O0001O21NO000000000000XOMcQN3\n1NcQN3]n1MbQN4^n1M`QN5bn1J[QN7Vo11O1K400O1M3B]O`QNc0`n1B[QN<hn1EVQN:ln1;2N2N2O2N3M2O2N2L]\_Q2
20111015063134Lh_9,QbST21mo13N2O0000000YOKdQN5[n1KeQN6Ro12N1O1O00000O1LEcPN;]o14O100000001O2N1O00000000000000O2OO1000000M3O10000000000000000FYO[QNf0en1[O\QNb0fn1_OYQN?in1BVQN=jn1EUQN;kn1FTQN:ln1FTQN:ln1GSQN:ln1FTQN1NNln12VQN0OMkn13VQN0OMkn13VQN0OMjn15VQNM2Lin17UQNM2Lin17VQNL1Min18UQNK2Lin1<RQNI5Jjn1f081N010O10001O0O1000000000000000O2O0O100ZOPQN;]o1N001O0O10O10O0100O100N2O00M`PNH`o156ObPNJVo14lPNLTo14lPNLSo15lPNMSo12nPNNQo12PQNNon12RQNNmn13SQNMln14?1O10000O10O10OK6N2OQ_\d1
20111015063134Lh_10,^VY>1oo11N2O00NYPNObo1170YPNO_o10bPN0^o10bPN0^o10bPN0^o10aPN1_o1OaPN1go110O2O00QP20noM0@0`000000`PN0Po10PQN0Po10`0000oo30_PJ0To10lPN0To10lPN0To10>0jo;0UPD0oo70QPJ0ePN0\O1O000lo50ZPHOfo10YPN1co1O]PN000co10_PN0M0co11TP6OVPJ0co30<0_P40boG0_O0RQN0kn90cPJ0aQL1_n11N100O10O1O10O010000000aNNPSN1Qm1OPSN0Zm91TQHOUPN030L0fo10]PN0O0co10]PN0ho10XPN030^o10_PN040io30ooM0010OWO0bQN0_n10`QN0`n10kPN1io11kPNNan10aQN0Xok40ooUK000O2D0fPN0Vo1NdPN2ON0033kn1O[QN2N1gn1NkQN0Tn10nQNNRn13oQNLQn12Y1NbP83ZoEMen10]RN3am1MjQ81doE0co1OaPN1ho1OWO1jPN05OUo10QQN62J`n10`QN1a0OPo10O1O0102O00O0eo=0_PB0PP61koI000WiVR3
20111017113714Th_1,hd`\25ko120O4KO002XNg0j0d0iNeNfRNf1Qm1g0K2I61iNVSNgNH6Xm1l0gSNjN^l1n0_1K4N3M3M2N0O2N2O002O1O0010O01OaQNFZm18gRNIYm13hRNM]m1NhRN1dn10U][a1
20111017113714Th_2,hiRf15jo12N1O2N2N2O0N2K6M203M3M1001O2N2N1N3NO11O5K1O000001O0O101O4K101N2O0@WOhQNi0Wn1YOgQNh0Xn1YOhQNg0Vn1[OiQNf0Vn1]OhQNb0Xn1_OgQNb0Xn1@fQNa0Yn1@gQN?Yn1BfQN?Yn1CeQN?Xn1CfQN>Zn1d000O10O10O100001N2O2L4B>N1O100000000O0000001O000100O0100O1O1O010000O010O0010O000000000000O101O0JUOWQNk0Po1O1O1O1N2O001O1N102M2N2O001O1O1O1O1O1O2OEKjPN4Vo1LkPN3Uo1NkPN0Vo10fUaR2
20111017113714Th_3,eakh23Zn1NWSN5Xn12]PNJZo1>O2O00000001O001N100000O10O0100O100O1000000O101O003MIiPNFVo1:jPNFVo19PQNBPo1>:N100O2O001N101N3L[oo03cPPO4L:G1O1O0001O2N2N1N2O001O000000000O100O100O1O011N10000000GNdPN2[o10ePNOZo12fPNOYo1=N100000IgPNFZo1:gPNEYo1:iPNDXo1<510000O10O01000O100O1O1O10O00O00KHdPN9\o12310O10000O100O100O2O0O1O1O1O10O01O2N1O100Oh_`n0
20111017113714Th_4,`T]j23lo13N1M=D3J5N1O2M4N0O2N10OO2[QNPOYn1Q1gQNoNXn1R1hQNPOUn1P1lQNROQn1o0nQNVOmm1_100O2M2O0O2lNRNUTNo1ik1WN]SNL;l1Sl1mNiSNR1Wl1TObSNm0^l1Z10001M11O100N3fN`SNRObl1l0bSNPO_l1P1cSNnN]l1Q1gSNiN]l1U1gSN`Nbl1^1cSNZNcl1c1R1K2O2L9H1I7L4O2N2L5]OfPN:eo1IZmXR1
20111017113714Th_5,i^`U15io15M2[PNFco1<N3L2O1O100O2O00_OjPN8Xo1CjPN=\o11100OO30N`PNC]o1`0O01001N00011N1OO2O3M01O1000IcPNI_o157LW`Yh2
20111017113714Th_6,UdXn23ko13O0O2O0000000O1000001N01000000000000001O01O01O0000001N100001O000001O00000010O01O01O01O0000001O00000O2O00000010O000000O101N3N0000000000000000O10O100000001N2O2N1O1O001O000000IPQN]OQo1c06L4N2O2O001O00001O1O01O01O01O100O010O012M1O1O100O010O10O01O10O0O101O00000O20O0001O0O2O1K^PNJco14_PNKao138M`[Wi0
20111017113714Th_7,kPQm12no11N3M102M6K000O100O10O02N101dPN]OWo1i0OO01JXOQQNi0Po1WOoPNi0Ro1VOnPNj0To100O000O020O2N1L5N2O1N2O2N5K100M3N2ORo`P2
20111017113714Th_8,cjTc02ko14N2O1N100010O000M21O2N2O1N100O100O1O00O02O01N1010O0010N110O1O1010O000O1000O2H`PNM`U]Z3
20111017113714Th_9,kfba12lo14M2O0O2O001O00001O001O101N1O10O10O0100O01OO2N1K:IPST30SmkL0_O1oPN0nn10TQN1^o10O12NSP2OnnM0oQN0Rn10mQN0Un10iQN0Yn10eQN0\n10bQN1_n10_QNOZo10]o12dPNNO000`PN0on10a00aPN0_o1012YON^10_N0bQN1Wo1O000000bN0d10A0kPN0:0cm10`1000dPN0:0_m11SRNOD0k00]m11VRN1in1NYQN0>0Wm11]SNOcl11]SNOcl10^SN0al11^SN0bl10^SNOcl10^SN0bl10g1001eQNOfl11d12aQNMnl14dRN3em1KYRNObl1OlSN0A1cl10lSNOA0cl12lSNNA0bl13lSNNRm14mRNLTm13kRNNSm14mRNKRm16oRNIB0al17mSNIB0bl14oSNL^O0cl13PTNM]O0el10P40_n10PPN000kPN0Yn10fQN0Vo10Uo10fQN0YN0k00lPN0Yn30kPN000PP20PPN000l00WN0f02\PNNi00mm11XQN2k0Mmm18RRNIom16PRNJRn15mQNKWn12gQNN]n10bQN0_n1OaQN0an10^QN0cn10[QN0[o10]O0UQN0mn10QQN1Po1OoPN1`o100O1000iTQS2
20111017113714Th_10,V`ij12PP2<FM3M2MdN0iRNNWm15X12N3mPNE]n1<c01O03N04OMN20A`PN<do15L0M2O4K110134G7H2M2O1Mc_\S2
20111017113714Th_11,ZXQb25jo13M2N1O2OO10RQNISn16iQN1Un1NkQN4Tn1KlQN7Sn1JkQN7Un1MgQN1Zn15aQNJ`n16e0M3O001N101N3M4Njgb\1
20111017113714Th_12,XdXn21PP40PP40foI0bPN0go100000PP20PPN0PP40PPL00000fo30ePJ0Zo10;00000\PN0Xo10\P60PPJ0]PN0Vo10jPN0Vo10=000>0Uo10^P20]PJ0To10mP40RO0_PL0`PN0ao70^oK0aPN000bPN0ln10TQN0^o1010QP40noK0000000YO0^QN0bn10^QN0bn10]QN0dn10\QN0Zo10000000YO0_QN0Yo10mo?1QP@OM3OM4010ao10aP40ooM0\PJ0Xo90jPH1ROOPQN0ao30ooM0PP20\oM0dP20cPL0]o70ooI1\OOWQN1in1OWQN1in1OWQN1in1OVQN2jn1OVQN0jn10VQN0kn1OUQN1kn10TQNO^o1100BOiPN0J0_o10gPN0I0ko10H0]PN0ko10RQh11nnWN2N1O100O100O2N100O100O10001N1O1000L`PNFbo18121M3O1O101N101Nnn;0SQD1O0001O0Ol[md0
20111017113714Th_13,^]og16jo1MWPN1ko102NPS63llI01N[PNN`o12`PN0^o1OcPN2eo100M^li00dSVO0VPN1do10\PN2bo1N_PN1ao1O`PN0i00nn12O02MVR60imI6K4E:M2O1O1O0>B1Nbn1HnQ20eo70VPF0\PL0Vo10oPN0ln11V10`o1OmoM0\M1\TNO[l11kSN3jk12[TNM^k13fTNJ[k=0\dfR2
20111114063134Lh_1,^_c_22mo12N200O00001O000000O1000O10000000001N10000O10O10kMHaTN9^k1GaRN1n18ck1I]TN6ck1L\TN4dk1K]TN5gm10O0100000000000001N0O2OH0aPN1_o18O4M1O000001O001N11N010000000PL@_XNa0ag1_ObTN0k3a0cg1A\XN`0eg1_OZXNb0fg1]O[XNb0ak11O1000004L0010O1O100O0IhPNFYo18hPNHXo18hPNHXo17jPNHVo18jPNHVo18jPNGWo19iPNGWo19iPNGWo19iPNGVo1:kPNDVo1;80O10O010O1O010O01O0O2N2N1O200O1O1O100O1O1O1O000010KmPN]OSo1a0oPN_OQo1a0PQN]OQo1a0gN@kRN9[OH2>im1BiRNT1Wm1mNhRNS1Ym1mNfRNS1Sn101O0000001O001N2O100O1O1O1O010O1O001O1O010O0N3L3O100010H^ORQNa0nn1AQQN7NJQo1ORQN40Kon12PQN0\o1O:01Odo1NZPN7K4M2I6N2iQN]OSm1`0oRNAQm1<QSNEPm15TSNLol1NSSN3]n1000@LTQN4ln1MSQN3ln1NTQN1mn1OTQN0ln1OUQN1jn1OWQN1in1OXQNOin10YQNOhn10jc^U1
20111114063134Lh_2,Q]`k0:do15L3M7J2M2M3N3M1O2N101N10000013LZQNkN12Xn1S1eQNnN11Yn1X1fQNhNYn1`100O100000O100I7O2O0K^QNjNen1T1:J2M6J2N2O1O2OO2O0O1001OlPN_Ohn1a0WQNAhn1?VQNBkn1?SQNAmn1`0SQN_Omn1b0RQN\OQo10nPNb0Zo1O0010O2N12N3M00000O01O10O00001O1O10O01O010O0100O01O01N101O001O1O1O1O3M2O03NgPNYOWo1m0K00O10O01O1O2N1N2O1N100001N2N3N4TOTO\RNk0em1VOZRNj0fm1UO\RNj0dm1VO_RNg0`m1ZO`RNf0^n1N10OO2O1N200O1N2O101N100O2O01O00000000O100O10IHfPN7[o1JePN5\o1IfPN6bo1O101O0O\O0[QNMfn16a0O0O2Oea_k2
20111114063134Lh_3,Q`UU13Yo1NhPN0>4gn12VQNOfn17WQNKgn17XQNIfn1:YQNEgn1=YQNBgn1>ZQN@gn1a0YQN]Oin1c09FiPNHOOVo1;:OO2O2F9CZO`QNg0\n1A_QNa0_n1`001O1O010O1000O01000O3N1N2O1O0O10000AYQNDhn1;ZQNAin1>YQN@gn1`0[QN^Ofn1`0\QN@dn1?^QN@cn1>^QNBbn1>^QNBbn1>_QN@bn1`0?0000000O100O10O010JePNF\o1:50000O2O0001O01O0001O0010O0000000000eQNFPm1:PSNFQm19nRNIQm17oRNIQm17oRNIQm17nRNJRm16nRNJRm16mRNKSm15mRNJTm16mRNISm16mRNJTm16mRNGUm19Y1O1000O101O0O10000O100O10O01USNCSj1=mUNCZM0fl1>QVNCni1>j20O010O001O1O1O1O10000O01O10WSN]OTj1d0kUN]OUj1b0e200000O011N10000000000001IfPNFZo19gPNFZo19hPNFXo1:hPNFXo19jPNFVo1:710O10000O2O1O2N0O110O000001O0001N1000001N1OQS4OPmK1O100i_^`2
20111114063134Lh_4,bdj^21[20Xk11gTNOXk12gTNNZk12Z200001O001O000000000`RNLTk14dRNMP22\k10bRN1Q2LoM3]m10cRN0o1ORN1\m15aTNKRN1^m1MbRN3m15bk1HbRN1e1N_N:Zm1GbRN2d1M_N9am1KnSNMaN6dm1KlSN1]N3im1KjSN3\N2km1JjSN:nm1O2O001O0100O0\OI`QN8`n1H_QN9`n1I^QN8bn1H^QN7cn1JZQN8en1I[QN7en1IZQN8fn1HYQN8gn1IYQN7gn1HPQNK7>in1GPQNL58LJon12PQNL58LJon12PQNM37OIon12PQNN27OInn13QQNM27OInn13QQNL29OHnn13QQNL281Gln16QQNJ2:1Fln15WQN4Po1JQQN6Po1IQQN6on1KPQN5Qo1KoPN4Ro1LmPN5So1JmPN6To1JlPN6Uo1HkPN8_o1O01O00010O001O010O1O10O10FFmPN;Ro1EoPN:[o1100O10O10O010O01N101O100000000O01000O10000O10000O1000000000000000O100000000O10000O10O01O1000000O0100000000O100O100O10001O000000010O001O01O010O00010O0100O00\O0YQNOfn13YQNNfn12ZQNNfn12[QNNcn13]QNMcn14\QNMbn14^QNLbn15]QNKcn16\QNJen15\QNKcn15]QNKcn16\QNJdn16]QNJbn16^QNJbn16_QNIan17`QNHan18`QNEan1;b01O001O6J1O001O01O0001O1O01O00010O01O010O000000000001O0011N10O1O01O001O01O01O000010OXQN[OUn1f0hQN\OXn1e0fQN]OYn1d0_QNWO07an1T1O01dN^QNY1en10O10O01\QNgN_n1]101OnNcQNd0Zn1YOjQNh0Tn1VOoQNi0Qn1TOSRNl0mm1QOVRNo0im1oNZRNQ1Zn11O100O[OUQN7jn1GWQN:in1EWQN<in1CWQNF2c0gn1EXQNH3a0fn1F_QN:dn1A]QN`0Ro10O001O01O010O009G1N4M2MjX]Q1
20111114063134Lh_5,o]UT3:do14L5K3N1N00N3O01O100O01000001N1M3O2N100O2O0O10UJJm[N6Rd1Nk[N2Td11k[NNUd13j[NMVd13j[NMVd13j[NMVd13j[NMVd13j[NMVd13i[NNWd12i[NOWd10i[N1Wd1Mj[N3Vd1Mj[N4Vd1Jk[N6Wd1Gj[N9Xd1Dm[N7Pj1I[h_1OSX^N1`o10`PN1_o1O^PNOO2co1O`PN2fo10012MXUh14djWN1O1O100O000001O2N2N2Mbo75\UFMoe15oYNOoe11QZN0me10SZN1me1NSZN3le1NSZN2ne1NQZN3ne1MQZN4oe1MQZN3me1NRZN3ce19]ZNGae1;^ZNEbe1=]ZNCbe1>]ZNCmKCUi1k0nZNBkKFVi1h0nZNCkKGVi1g0mZNEjKEXi1g0nZNFgKD[i1f0lZNIgKB\i1f0lZN6Te1JjZN8Ve1HiZN:Ve1FiZN;Ve1EjZN<Ve1[OeVN_OU4W1Ve1TOmVNBm3[1Ve1POY[NQ1gd1mNY[NU1Qd1dNjWN5U4Y1oc1fNjWN0W4Z1Pd1hNfWNM[4\1nc1jNeWNH_4^1kc1lNfWNC`4b1jc1lNa\NT1_c1mNa\NS1_c1mN`\NT1_c1mN`\NT1`c1lN_\NU1`c1kNa\NU1_c1kN`\NV1_c1jNb\NU1^c1kNb\NV1]c1jNc\NW1\c1jNd\NU1[c1lNf\NT1Xc1lNi\NT1Vc1mNk\NS1Sc1nNo\NP1Qc1POP]No0ob1QOS]Nn0mb1POW]Nn0ib1ROd\NAcK[1hg1TOe\NDbKW1ig1UOd\NFcKT1ig1UOe\NHaKS1ig1UOf\NK`Ko0jg1TOi\NM\Kn0lg1UOh\NN[Km0mg1UOh\NOZKl0og1SOi\N1WKm0og1QOk\N3TKm0Qh1oNl\N5RKk0Sh1oNl\N7oJk0Th1nNo\N7kJk0Sh1QOT]Nb1mb1]NT]Nb1mb1^NT]N`1mb1_NU]N_1lb1`NU]N_1mb1_NU]N[1Qc1dNo\NX1Wc1dNl\NY1nh1N200mN^QNi0bn1:nRNeNak1Z1^TNiN`k1W1_TNlN`k1S1_TNPO`k1o0_TNSOck1j0\TNXOek1e0\TN\Oek1b0[TN_Oek1`0ZTNBmk15TTNKmk14STNLnk12STNOnk1NTTN1nk1LTTN2Rl1ETTN7om1JXal>
20111114063134Lh_6,Ybdj23ko12O2N00001O0001O0001OO1001O100O1HIfPN7Zo18000000O1O100O1O10O01RQN\O`n1c0`QN^O_n1b0bQN^O^n1b0bQN^O]n1b0dQN^O[n1b0fQN^OZn18ZQNFb02Tn18PRNGQn19oQNGQn18QRNGnm1:l00000O10000O100O1001O0O101O00000000000000O100O2O000O1000000010O0000001O01O000001O01N10000O2NcPj0N_oUO2O1O1N101O00000000O1000O2O2N1O000O100O1O1O00100O0100O1O0010000O1000001O0000001K401N3MX^_l0
20111114063134Lh_7,Zb`V12fo19FGiPN<Uo1FhPN=Wo17O01O001O001O0O101N1O2O0O2O001O0000010O0O1000O2O01O01O001O2N1O1O001O1OAfPN9Yo1FhPN;Wo18O1O1O2OO010N101N100O1O1O1O101N100O2O0O2O001N101O000O100001O00001O001O1N2O001O1O2O00000103ONO0O1000O01001N4M1N010O01EiPNKWo13mPNKSo14PQNHSo16<OjPN0^n10bQN0^n1OdQN3Zn1LgQN5Yn1HiQN<kn13N04NN00000O011O000O0001O0001O002O1N0103M2OmQNCal1<]SNEdl1;[SNEgl1;WSNEjl1<TSNCnl1=[11O0cPNDTo1g0M01N101O001O001N2O1M201N1O101N1O10000O100000001O010O010O011N101N100000O100O1O01000O2O0O1O100O1O101N1O0010O000O100O100O100O010O100000O011O0O101O001O001O1O010O0010O0010O0100O2O003M1O0O00100O01013L00O001O10O010O1O1O2N1000O2O0O100O101N1O100O0010O01O010O0010O01O010O01O00001O010O0000010O01O1O100O2N1N2O0000O00100O10mRN@eM0ol1?]UNCcj1=]UNCcj1=]UNBdj1>`2O00001O8HDLPQN0Po10QQNOnn12?100001ObNNdSN0Unm04coSO1O1O010O010O010O1[PNL]o1<O010O10O001O0000001O0000000O100000000O101O001O001O1O1O010O1O100O010O1O100O100OdWSR2
20111114063134Lh_8,kbhY27jm1KPTN8ok1JnSN7Rl1JnSN2Ul1NoSNNRl11VSN5[m1LbRN9\m1H`RN<`m1C\RN>gm1BWRN?km1@TRNa0mm1^ORRNa0gn1M2O03O0000J60O11O001N011OaQNHWm17jRNIVm17Y101O1O1O3M2OS_Ud1
20111114063134Lh_9,]SQ`13ko13@OoPN1Po11iPNLO3Wo1`001N1O2O6K4L000O00001O010O1OO2WOWQN9jn1GWQN8jn1HWQNGO:jn1O]QN0dn1L`QN2cn1L^QN1en1N\QN2cn1O\QN1fn1M[QN2Yo110O1O1O0000001OTmf]2
20111114063134Lh_10,\e^o02VP4OdoM7N5K1O01O6KDLkPN6Qo1KQQN5mn1JUQN7[o10O00OAGYQN5hn1KfQN2om10oQN4nm1LRRN7kn101O11YPNJ_o1?M10LiNDoRN9Qm1KTRNK>OYO1Xn16oQNLPo15nPNMRo11QQNMPo1OUQNO_Yen2
20111114063134Lh_11,]ZoZ2:co12gMEmTN=Tk1JbTN8`k1E_TN=ll1BgQN`0Yn1AfQN`0Yn1AfQN?[n1@eQN>^n1BbQN;Sn1AlQN509Tn1FjQN1L=[n1FgQNI0?an1BkQN;Vn1DkQN:Xn1GhQN5\n1I8=54O0aRN@`k1?gRNAb12gk1;iRNC_12hk1:bTNF_k18PSNES12mk16SSNHP12Pl12dTNN]k1OdTN1em11]eXc1
20111114063134Lh_12,[hda02no12N2QQNKom15nQNNQn14nQNMQn14nQNLRn15nQNJSn16m0OjPNJbn14^QNMdn10\QN0Zo10ANPQN2_o100001L6M1O000000O1000O001O1O100FCPQN>on1EoPN;Po1HoPN7Qo1IoPN7Qo1IoPN6Vo1EjPN<Vo1CjPN=\o10KChPN;[o1EePN4M1]o1MePN1O2]o1MbPN202^o12bPNN^o11bPN0^o10cPNN^o12bPNN^o11cPNN^o12cPNL^o147000001NXWS[3
20111114063134Lh_13,\^ag01n12nk10QTN2nk1NSTNO[k97^RH2N3N01O0O0010O000O12N3OO7H2RQNCVn1>_QNBL5bn1R1121M2L^QNkN[n1^1lQNaNdm1_1ZRNcNfm1\1XRNgNhm1[1RRNhNTn1_13M2HfQNcNan1X1a0B3N2M2N[NEiSN7Xl1LjSNMYl13j11001KTbdU3
20111114063134Lh_14,md`h21>0Ro10U10SO0^PN0bo10^PN0io10]O0PQN0Vo10jPN0knc00hP^O00000000010O0fPN0dn10gP40ooK0gPN0[o70WoI0_QN0`n10`QN0`n10`QN0`n10`QN0`n10`QN0`n10h00010O10QP40noK0iP40_nK0`QN0Yo50WoM0hPN0QQ22`mMO_10QP4OiQL0WN1bn5O]QJ0fQN0km=0^PD100DOiPN1F0io11WPNNf00\n10WQ20YPN0]O0O1O0fXkQ1
20111114063134Lh_15,]ZWZ37fo14N1OFcPN3\o1MePN3KM\o1OjPN4JL\o10kPN3Xo1NhPN2Wo1NiPN3Wo1LiPN4Wo1LiPN5Vo1LiPN4Wo1NgPN2Xo11fPNOYo14dPNI]o1>O100O02AhPN3Zo1LhPN2Yo1OgPNO[o10ePN0\o10cPN0]o10dPNO]o11cPNO]o10cPN1\o1OePN1on19RQNHkn1OaQN1^n1NdQN2[n1NgQN1Xn1OiQN2Un1NlQN2Tn1NlQN2Sn1OnQN0Rn1OoQN1Qn1OoQN3nn11oNLTRN4lm1LTRN4lm1LTRN4kn11POKlQN2_O3en1LfQN9BLVn1NTRNN1c0jm1BSRNL1MK>Qn1CmQN35O0N07Qn1HnQN3O11M53nm1LoQN4I04N80lm1NRRN:HIXo17ePNImn1MaQN<an1D`QN;an1E_QN;`n1EaQN:`n1F`QN9So11]OF`QN3ANco1071\ONYQN1dn13c001OjPNMbn12_QNNan11g00iPNO^n12bQNO^n11`QN0`n11`QNO`n10`QNObn11^QNObn11]QN0cn1O]QN2dn1MZQN6en1J[QN5en1L[QN3`n1LQQN5=0an14^QNKcn16\QNJen16ZQNIhn16XQNJjn11YQN0gn10XQNOjn11VQNMmn12RQNOnn11QQNOPo12nPNORo12mPNMUo14gPNM[o193K7Kail?
20111122063134Lh_1,ZPgi19go12oM1nSNNPl1;kSNCTl1b0jSN\OUl1f0a12O01O0011dQNZOZm1i0bRN\O[m1g0_RN]O`m1i0XRNZOhm1_1010N1N2O1O2O01N101M3H7N3M2O1O2OiMdRNj1\m1SNfRNl1\m1PNgRNo1fm12O2N0ON2M2N4M3N6I5L1O1O1OUSNgNYNNdl1Y1QUNPOnj1n0RUNUOmj1k0QUNWOoj1h0PUN[Ooj1e0PUN]Ooj1e0mTN^ORk1f0UTNmNC`0Wl1f0oSN2Z3hNcd1X3dXNQMU1HVf1X3\XNZM3TO9?Xg1U3XXN\MN[O89dg1S3oWNZN9eNig1T3hWN[N;dNng1]5mWNeJXh1[5bWNfJdh1X63M3M3YIVWNS6_i1M2N4K4M3K5L5K3O0O10000O2M3M3N4AUUN`KUk1l2kTNTNkk1\1_TN]Nek1_1^TN`Ndk1[1`TNcNck1`0XUN^ORk17QUNUOgk1b0P2K4M3L5Ill`P2
20111122063134Lh_2,Rfbl03mo10cnc00]Q\O1O1O1O1O1O1O100O1O001O00000O101O1N2O1O10O01O001O00000001N2H8O1002N0000O010001O0O10000O8I1hPN]Oon1d0oPN_Oon1a0RQN^Oon1a0QQN@on1?QQNBon1=RQNCmn1=TQNCln1=UQNAkn1b0TQN[Onn1f0600000O0100O1N2O16J1O1O1O0010O02N0000O3M2N3M3N1O010O1O0O2O00000001O1O4UQN^Oom1e0lQN\OVn1j0aQNVObn1S1010<DO5BaQNQOcn1NdQN19KQWcl2
20111122063134Lh_3,eijR33lo12N201O1OO0011jNJ`RNNoN3`n11Y12N01O0OQT8LQlG4N1O0100NVn;0kQD2O1O2N:F2N1O1O1O2O1O3N0O12M0001N:iMmNnTNV1mj1mNQUNS1oj1nNoTNS1Qk1mNoTNS1Qk1nNnTNS1Qk1mNnTNU1Rk1jNlTNY1Sk1gNmTN7eN=^l1YOoTN9fN<Tn1CnQN<Tn1BmQN>Sn1@PRN?Sn1\OURN>in1N001N100O101N1O100O1O1N2O1ObS_h0
20111122063134Lh_4,lfVc23jo1NXPN3go13O2O1N2O14LO10O010O010O001O00010O001O00001O000000010O01O1O001O001O01O01O10O0O101N1000000001O000N3O1O00000001O011N1001O2M010O10O03M1O1O0O10_OdPN>]o1AePN=`o1O10O01O103L00100OSOJQRN5mn110O00010O2NPXWW1
20111122063134Lh_5,Vh\W23lo12O1OO1O2O0O2OYm72eRH1O1N5M1N00010O003N1N10000001O1N3N2M1O1O1O10]PN1`o12N202N3NG^PN2io1O4K`og0OVR40ZnSO2N2O0O1O10O01O001O00010O10O01000O0100000O010OO02O0010O0100O001O2MPPb02oo]O1O1O2OO10O1JIcPN7\o1LbPN4^o1MaPN2`o17000O101O001O1O1O1O0N3NiPNNcn11\QN2cn1L^QN4Wo11O010O001O01ON2O01N2001O10O100O10O100O10O01O1O1O1O1O1O0001O00001O1O1O2Knle0Ok]]\1
20111122063134Lh_6,Qi\c04ao10ePN1Yo1<01oPN@`n1S1N7I3N1O00N1nNhQN;[n1_OiQN?nn1O0O2N3M1O2N1N2O001O100000O02O000000O1O1O00O1M\PNO`o1OaPN2eo110000O2O0O00O2O1O`UiY3
20111122063134Lh_7,ienW21oo11GOaPN1ao1O3040PP20QP20bP40^oG0QP40ooK0O001O0010N`PN0Qo10QQN3]o111O2NGOaPN1\o12cPNN`o13[PNNgo143L]oa01cP^OOUPNNQP:0moG1OOcQ>0Qna00fPnN0fo70do30\PJ0TPh00VXa`1
20111122063134Lh_8,RilT12mo1Oio72RnGO[TN1_ON`j14QVNO^OM_j16SVNL^OO^j15UVNL^ON^g13jYN3P1JWe13hYN2Tj1OkUNOWj12hUNMYj13gUNMYj14fUNK\j15cYNJ^b16b]NJ_b16e60^VNJZc17d\NJ]c16b\NJ^c17a\NI_c18`\NGac1:VYNHQj18mUNJRj17lUNKSj16lUNJTj16mUNIlNLdi1<_WNHmNLci1>aWNCmNNdi1>[41O100O5L0O2N7I3N1N1O1O1O0001O00^UNlNXf1T1kYNmNQf1R1oYNoNQf1Q1nYNnNTf1Q1^4O2M2N3N1O2N2N101N2O2N1O010O0100O0000100O2O1O0O100O001O01O101N100O1N2O1O10O010O1000000O101O6J0O10O10O01N101O1O001O001O10O01O1O010O1O001O1O01cSNDTi1<lVNDUi1;kVNEUi1<hVNCnL1[l1<fVNCPM1Zl1<eVNCQM1[l1<cVNDQM0]l1;cVNG^i19aVNEQM0^l1:[UNF^OOXk1;XUNHPl18PTNIPl16PTNKok16PTNKPl14QTNKPl14PTNLTl10mSNOUl1OlSNO`la0?TQ@1O001PSN^Oaj1a0_UN^Odj1?\UNBfj1;c2JRR`0NSn_O2N0O2001N2N2Mlo7OVPH2O010L300O1O0SNNmSN2Rl1NnSN3Sl1KmSN5Pn10O10O100O2N[O1YQNOfn13ZQNMen14[QNKen16^QNG62`m1;VRNC:2Si1NbZN=iLEdh1OdZN=nKB;2Ti1NcZN?mKA=1am1?RRNAhn1>XQNCgn1=ZQNCfn1<ZQNEen1;\QNDen1;[QNFkn12WQNN]o11O10O001O001Oin7OXQH0000Odl;1\SD1N12N1Oc[_\2
20111122063134Lh_9,TZka21lo16VPNO^o1:O1O100O100O100O0O3N1O1OLmPN]OSo1`070100O010O1O1O1O1O001O1O10O01000O0000L4O03N0011N10QQNKSn14iQN2Vn1HWQN3a07Zn1FTQN1c00_O5Zn1NeRNMSO2Vn15gRNHSO1Tn1<hRNCTO0Rn1?jRNFVm1=iRNDTm1>lRNBSm1>oRNAPm1`0QSN_Onl1=XSNAhl1?YSNAgl1?RSNGol19RSNEol1;QSNBQm1?PSN^ORm1b0U11O10HfPNInn1L\QN:JFhn15[QN5ln10PQN1mn1c0O1O00000001O001N1J6M301O0O2O1O2N2M5K3LmgjX1
20111122063134Lh_10,fcPU12no11N2O10O2N2NC393NK[PNOeo12[PNNdo12]PNNco11^PNOao11_PNObo10_PN0ao10_PN0`o10`PN0ao1070XPN0io10G080QP40ooK00000^PN0To10^P20PPN00010aPN2jn1N[QN0cn10]QN0_o11LOVP<0hoC0ko;0XoK0dQF0Xo30QPN0^O0TQN0mn10RQN0on30QQL0`o10PP20ooM0TP40YoM0YQL0en30\QN0cn30]QJ0cn10h00O00000000000PP20RP40dPL3anMMaQN0_n10aQN0Xo30WoM0iP20QP20cP20inI0b00N1TPNOko11gPNOhn10kP80XPL0UO0aP40XPH0C010O001G0`PN0bo10\PN1eo1410100KVPN0mo11O1O2N01L30001O0101mY_a2
20111122063134Lh_11,okfU32jn;OTQF0oo10RPN0]P40boK0dPN4en1MeQ2OYo50UPF0Zo11fPNOXo13gPNN[o10dPN0eo110OLO64_S]h0
20111122063134Lh_12,PdXc01ko19I7I:E9RQNmN_n1_1G8L6K6I5K101O01O1O0001O0OAcRN_NVm1h1jRNWN_l1JiSNU2HPN\l15`SNQ2ll1b0001nNSSNoNPm1i0]SNmNfl1o0cSNkN_l1S1dSNkN[l1V1fSNiNZl1W1gSNhNXl1X1iSNhNVl1Y1gSNjNYl1V1gSNkNWl1V1iSNjNWl1W1hSNiNYl1V1iSNhNXl1W1jSNgNWl1V1mSNhNZONYl1W1S2J2M2O4J6L3@d^mY3
20111122063134Lh_13,_cXT11no13N1O10O1O1NTP20loM2O001ON3O0O01G1]PN4bo17MNbPNF]o11dPNO20io10HO_PN1bo1Ooo10dP60]o;0WP\O00000QP20YoM1d011OaQN2ll1NcS:OklK0VPJ0PRN0Pn11oQNOQn11oQNOQn11oQNORo10]P^10[PjN0Rma00eTTO0Pk10WU20Ym30[o;0eP^O0UPN0fo115OaPP10_ooN010O1^P:OaoE11O00WPN2`o1N`PN5^o1K;0QP20UP20moK0eY[a2
20111122063134Lh_14,VhR_17ho1L]PN0`o10bPN0\o10dPN0]o1NePN2Zo1OfPN2So1OhPNO32Uo10hPNO10Xo12iPNML2Zo13kPNNVo13;101OMZPNLeo13]PNLco14]PNLeo13[PNLfo10]PN0bo11^PNObo10_PN0`o10`PN0`o11`PNO`o1080YPN0_o108010XPN0_o10I1=2bPNMF0Vo10XQN0in10QQN0H0Wo10QQN0G0\o11hPN3IL_o12gPN1JM`o12ePN4ln1J]QN0G4KLQo10eQN3ZONio11XPNOnn1OiQN1ZO0ln1OaQN0I1J0jn11bQNNK0J0in12bQNNL0H1in12bQNMM0I0jn18XQNH70G0Ro15XQNKG0eo30[PL0jo10K0ZPN1eo1O[PN1fo1OYPN1go132O2MYO2g0O10dWY]2
20111124153054Bh_1,ciPb15ko1O3Mjk55oSJ>ZPN^OWo1g0O10O0O10101O10O011OO111N3M1<DN1O1N4LaQN\Oem1b0^RN]O_m1c0`RN]Obm1c0bRN]OZm1b0`RNF^m1;`RNI^m17`RNK_m16^RNMam14^RNMam13^RNObm11\RN0dm10[RN4cm1L\RN0E\Oom1d0[RNMnm13QRNLRn12oQNLSn14nQNITn16mQNB\n1=cQNB^n1?b00nPNBan1>\QNEdn1<YQNFgn1;TQNIln1i0M3M10001OQO]QN>hn1XO]QNi0on1OO04L1O1O1O0000001O1O2N10O01O03M002N1O0[O_OkQN`0Pn1DQRN;nm1FSRN8om1DURN;lm1BXRN<in1DPWiX2
20111124153054Bh_2,nmdg26io14M2M4L2O01O0010O0100O1001N100O10O2MSQNJTn14iQN3Un1JjQN;Wn1@iQNd0hn1c0]O3M2ZSNdNdj1\1[UNiNaj1X1\UNmN`j1T1[UNROcj1o0WUNXOfj1k0VUNYOhj1g0WUN^Ofj1a0YUNEcj1:[UNKcj14\UN0bj10\UN4aj1N]UN3aj10]UN2aj11ZUN2fj10VUN2kj16jTNMUk1`2O0M5PUN]K_j1e4ZUNeK`j1HaUNn4\j1QKfUNQ5Yj1lJjUNW5Rj1hJPVN`5Tj13OO2M4WLfUNc1\j1YNfUNi1Yj1oMmUNT2Sj1iMmUNY2Xj1_MYUNQO;a3^j1^MdUNc2]j1[MdUNe2`j1nLUUNAN24_3mj1^LaUN5C]3ek1`L]TN_3Sl1O0]OeSNaM\l1_1eSNgN7FWl13bSN`0_1YOik1>\TN@jk15]TNGPn1OO4L2O2N2N1N10O100000100O0000002KkjRS1
20111124153054Bh_3,[iTg14]j93[UH3M2O1N2O000O2O1O2gVNAmb1`0R]N@nb1c0o\N\ORc1g0l\NVOVc1l0o51N1O00001O1N100O2O0010O2N1O2O0O010O0010O0001O0000000O101O0001O000010N101O001]OmPN7To1DQQN<Zo1O10O01000O100000O10000O3MZQNJdm13]RNMln1O00001O0000O1N2N3L4L4N2N2N100O101O000O101N2O010000001N2O1O10O010O001O0001O002N011N01O010O1O01O00000001N3K6]OSSd0LQg[OOP]N3kb11T]NOjb14U]NKjb17_61N2O001O1N1010O01O00010O010O010O01O0010O01O1O001O1Me\[n1
20111124153054Bh_4,YcZo12no10O2O001O0O2OKYPN1fo1N^PN1jo1Oco90\PJ0PPL0QP40PPN0RP80noG0PPN0O0`PN0Qo10nPN0Ro11kPN1Vo1=O0010O0001O010O01O00100O0010O011N1O1O10O01O1O010O100O1000O100000O101O2M100O10O10O10O01O10O01O2OO01O010O1O0000010O0000001O01O01O01O01O00001O0000O10000000001O00001O00010O0010O0001O0010O01O001O001O00010O001O01O01O01O010O0010O01O01O010O0010O0100O010O001O1O001O001O001O001O001O001O0010O1O010O01O100O100O010O3M2N100O1O1O2O0O2MXZYd1
20111124153054Bh_5,Td`W13ho17QNLjSN:Rl1IjSN;Rl1IkSN:Sl1GkSN<Sl1ElSN=ZOXOQl1=cTN<\OWOPl1>cTN=[OVOQl1>dTN<\OTOPl1b0cTN;\OSOPl1b0eTN;nk1FRTN:mk1FTTN:ck1O\TN3bk1M_TN3`k1O^TN2bk1N]TN2dk1OZTN2gk1NXTN2jk1NTTN2ck1nNgSNP1MSO<o0ok1POhSNZ16HPl1oNjSNn2Ul1WMhSNi2Vl1YMjSN^2NWMM2Zl18lSNn1LQN7Kok16mSNj1e0QN]k16nSNg1g0SNZk17oSNe1h0TNXk19oSNa1l0UNTk1=nSN]1o0VNSk1_2nTN`MPk1c0oSNU1S1XNlj1d0RTNR1S1YNkj1e0STNP1T1[Nij1e0QTNP1X1[Ndj1h0TTNk0Z1^N^j1e0dTNZOHS1Rm1CeSN9Wl1JlSN4Rl1NnSN2Ql1OPTN0Pl11PTNNok12STNMlk13VTNKjk15XTNFjk1;XTN^Omk1c0VTNYOik1i0^TNmNdk1S1d11O1N1O2O001O2N8G4M3N1O001O011N2N2O0000O3M3N4K2N2M3M3L5Ka0@6J9Gi^[c2
20111124153054Bh_6,nhZ[19fo12N5K4L3M5L1O1O102N10O10N11O3ON0001N3N000O2O3M1N100010O00O011N3N001O00O010O010O02N1O000O101O00000O1O100O1O100O1O1O010O1O2NfUi`2
20111124153054Bh_7,_\]V21lo18J4L2O2N2N2M7G5L3M3M50O00O1000N100O103L2N1O3oN]QN?To1N2M5Kcblg1
20111124153054Bh_8,ngfk28ho12N1O3M00001_PNC]o1`0000001O1O00O2O1O0O1O2O001O001O01000O010O100O2N10OO2O5J`WSR1
20111124153054Bh_9,UhX]231Njo16N1O2N001O2M110O10O00100O1O1O00001O100O1O01O001000O10O100HGgPN:_o12M2OC`PN;_o13O101O003M001O2OO2O1OO1O01O3M001ObPN@]o1a01CcPN5^o1JbPN6_o1HbPN9co1O1O1O1N3M101NgVk^1
20111124153054Bh_10,cf^n11QP20O0XP:0joE1UPN2_kk0MXTXO0SPj00ooUO0PP20PPN0`PL0on30QQN0oN0VWN2Sc1NZ\N6fi12]IH[]N:Uc1FY\N;ei12N1O2N1WJ_OS\Na0mc1_OR\Nb0fi1000YJ^OP\Nb0ac1^On\Nb0bc1^On[Na0dc1_Ok\Na0Zi101N101O0O2O^JDa[N;Sj1N2O1N4K^j1OfUN000ZO0[QN0[o10Zo10hP60noI0ooM0QP20kPL0Xn10mP20ooM0o00SN0n00PQ40QnK0o00P10PO0Qo30oQJ0Pn10QQ20oPL0Pn10P100000000000QQN0nm10RRN0on10000000PO0PRN0Po1000QO0nQN0Qo10Ro10o00nP40UnM0mPN0kPN0YN0fQN0Uo10QP20ooM0VO0dQN0]n50cQJ0Wo30UoM0kP40lP60[nK0iPL0i00VoM0000000000000PP:0PPF0eRj30gmYL0E0PPN0TP80loE0eo30hPN0C0noi01oVa^1
20111128175514Mh_1,X`jl13mo12M2O0O1N3N1O2O1N1000000000001N10001O1O00000000000001O00001O1O2N10O01O2N100O100O00010000O010O010O0010O101N010O010O010O100O011N01000O1O1O1ODMlPN1To10>1O02NZ__n1
20111128175514Mh_2,\_^S11no13I5O2N2O00001O00000000O100O1ONF`PN9`o13hPNJhn14YQNNen11\QN0cn1O_QN2`n1M`QN6_n1I`QN8`n1H^QN;an1E_QN;bn1E\QN<en1CYQN?gn1AWQNa0in1@UQNa0ln1^OSQNc0mn181O1O1000O010O01O1O1N2VOkPNg0Xo1O001O001O0O2O1N101O000O20O000000001O010O1O010O1O10O100O01000000bPN@[o1c00O00001O00001O0O2O1O0O2L301O1O10O01000O01O1O1O0O2O1Oc_Wf2
20111128175514Mh_3,SddQ35g0NVn17hQNNSn14lQNMRn15lQNNQn14mQNOPn12PRN0mm11SRN4fm1NZRN4cm1M^RN3`m1N`RN4^m1KeRN4Zm1KgRN7Wm1HkRN8Sm1@YRNJf0f0Pm1_O]RNGe0l0ll1]O\SNf0`l1YObSNh0\l1XOeSNh0Zl1WOhSNi0Wl1WOjSNj0Tl1VOnSNi0Ql1WOQTNi0mk1VOVTNh0jk1XOXTNg0gk1YO[TNf0dk1ZO^TNe0ak1[ObTNc0]k1^OdTNa0[k1_OfTNa0Yk1@gTN`0Xk1@jTN?Uk1BjTN>Vk1BkTN>Tk1BmTN=Sk1DmTN<Rk1DoTN<Pk1EQUN:nj1GRUN8nj1IWUN0jj11[UNCiM0ml1>`20010O02ZTNAgg1?XXNDfg1=XXNEgg1<XXNDhg1=VXNEig1<VXNFhg1;WXNFhg1;XXNEgg1<XXNFfg1;YXNFfg1:[XNFcg1;^XNF`g1:aXNE_g1;bXNE]g1;eXNDZg1<gXNDXg1<hXNEWg1:kXNDVg1;nXNBQg1>RYN@of1?RYN_Oof1a0UYNZOlf1e0X40100O10O11O1O2M1000O010O10O10O0100000000001O000O10O10O10000O100O2O00001RQNZO_n11XQNo0on1OO0O10O1O0O100O100O10O01O100O0100001O02M3N2N5K3M1gMgNhUNZ1Uj1iNiUNX1Vj1hNkUNX1Tj1iNlUNW1Sj1jNmUNV1Sj1jNSVNo0mi1QOTVNLiMk0Rl1ZO_VNd0`i1\OaVNc0`i1]O`VNc0_i1^ObVN`0_i1@dVN<\i1EfVN8[i1GgVN7Zi1IfVN5[i1KhVN0[i10fVNL\i15cVNI`i16V31O00J\PNOdo1O`02E1O1O1O2O0O1O2O0O102M0001O001O0000010O01O01O0L4Mh[Yc0
20111128175514Mh_4,ecjY31TP>0ePl13PogM3J6001O000000000001O0000000O20O00000000000000000000000000001O01O00001O01O0010O010O0100OmNH^RN8am1K^RN5`m1L`RN4`m1N^RN2bm1O^RN1am10^RN0bm10^RN0am12^RNOam12^RNNbm13jQN@>=gm1:XRNFhm1;WRNFhm1;WRNEim1<VRNDjm1<VRNEim1<VRNDjm1<VRNDjm1=URNCkm1=URNDjm1<VRNDjm1<WRNCim1<YRNCgm1;]RNBfm1OlQNJd03TZU?
20111128175514Mh_5,PddQ335N`o10ePN:NGgn1O]QNc0bn1]O`QNa0`n1_ObQN?\n1CeQN=Zn1CgQNNA;gn1FjQNOA9dn1HlQNOG3\n1MnQN0I0Yn10mQN1K0Vn1OnQN0N1Tn1OmQN1O1`n1NSQN1?1om1NkQN1C1f0Nlm10mQN0\10ek10lSN0Tm10mRN0C0]l10jRN0n00Ym10iQN0o00jn10PQN0Po30To10mnK0ST60okM0iSL0SN0gPN0bn10]QN0Yo10O2JOZPN2ho10dMMQR20`PN0[\ak0
20111128175514Mh_6,[aXc28go14L=C2N1O2N2N4lNoNXRNNf0V1ml1VOPSNn0jl1WORSNl0ll1UOSSNm0jl1UOUSNl0jl1UOTSNm0kl1SOTSNo0kl1ROSSNo0ml1QOoRNR1Qm1ROjRNP1Vm1n0N1000000O`N\SNFdl18aSNF^l17hSNGVl17nSNHRl17nSNJRl16mSNMQl14nSNO4YO^j1i0]UN0M@cj1`0`UN2CHlj15aUN6\OISk11aUNa1`j1^NaUNa1`j1]N`UNd1aj1[N^UNe1fj1WN\UNj1ej1RN]UNm1hj1_MXTN22MS1b2hj1]M_UNc2Pl1O1O1L4M4K5L4M9G4SOeQNKbn1KlQNLb[cY1
20111128175514Mh_7,j_Th23mo10O2O1N1O2O1N2KEbPN<]o15N1O2J_OkPNa0To1600O10000O10O10O100N110O100N20O100O010O100O1000000000000O1O2O0O1O1O100O100O2N1O100O10000000000000O101O001O1O1O2N100O3M2OO10O010O000000001O000001O00000000000000000VOoPNe0Qo1ZOQQNe0Po1ZOPQNf0Po1[OoPNe0Ro1ZOnPNf0Vo1000O10000O101O0O110O00001O01O001N2O0BlPNJ[o13hPNKZo14gPNK[o13h`YP1
20111128175514Mh_8,mgPT32lo13O1O1O2M2OM^PNIao165O101N2O1O010OSP4OooK0`PN0`o1000@0oPN0ao11^OOPQN3Qo1NlPN4Uo1KiPN6Wo1JgPN9Xo1JcPN8ao112O2N01O11O1N004M02NOO1[OI`QN7To13VOFhQN;Wn1HgQN8Xn1GkQN9Tn1FlQN<Sn1CnQN=kn11O1O00O2O0N5L1N4KTV_h0
20111128175514Mh_9,ljlk2320fo160O0001O10N2O001O3KQn=1PRB2N3L2N2O1O3N1O001O0001O1O01O1O01O00000O1000000001O001OOdQNBWm1?gRNAROOSn1`0nRNATm1?kRNAVm1`0U1000010O1N1O2N2N2M3N1McP<0]oC3N21OlMOWTN2gk11WTN0gk13WTNNhk13XTNMgk14YTNKgk16YTNIfk19YTNGgk1:YTNFfk1:ZTNGek1:[TNEfk1:ZTNFfk1:[TNFek19[TNGek18\TNIek15\TNJdk15]TNKek12]TNNck10^TN1hm110001OL\PNKeo12\PNNdo126O00XPNNco11601O01M2O01M3001O00OfTYm0
20111128175514Mh_10,ZUoW22no1100O3L101O1O002N10O1O20N1O001O10000O1O00020N1O1O001O01O001N11O01O1O00010O2N0O2O2M101N1OTjVe1
20111128175514Mh_11,S`\U11oo1010PP<0ooC00000YO0^QN0Yo1000O010O010_O0RQN0nn10Q10QO0?000`P20A0_oM0aP40dP40\oG0000000^o10\Qn04QooN1N20O001O0O2OiRP10WmoN1N20O001O001O0010O1^PNMUo1b0M2N1O1O0010O001O100O1O2O0O2N1O1O1O1O1O1O1O1N2N3LVQX14hngN2N1O1O1O1O100O10O0100O010eNCRSN<ml1FSSN:VOJnl1MmSN8RO0ol1IoSN6PO5Rm1AQTN8kN:cn1E[QN>fn1_OZQNc0Po12O010O01O1O1O1N2O2M3N1N2O1N2NQna0MSR^O2N1O2N10OhNGjRN9Tm1OfRN0Zm11eRN0]1I\i18WUNN]1K\i16WUN0Z1L_i14XUNOW1Obi11WUN1>HbN2<6^k1NWUN1<0nN3_k1JYUN2;OnN6`k1EXUN6<MlN9hl1I\TNMmN:hl1H[TNNmN;il1C]TNOmN>on110O1O1O1O1O2M3M^XY]2
20111128175514Mh_12,]dPR31]P60coK0So31lQNO[P<0fnA0RP40noK0QP40ooK0WO0`QN0Yo1010oo10G0nm30[VL0Ul70lkE0^70QI0oVN0Pi10`3000TO0hQN0i20jg10]UN0[30ff10oUN0Xn10gQN1Yn1OfQN0\n30jPN000nTN0`K0Yo30Sl70XTJ0\oK0UQN0kn30cPN0b00goa00So]O0WQN0]o10QP20ooM000ao72aPHOOOUP80bZUg0
20111128175514Mh_13,PehS11no12O0O2O001O0O100WQNMem13[RNNem11[RN0dm10\RN0dm11[RNOem11\RNOcm11]RN0cm1O]RN2bm1N_RN1am1O_RN2`m1NaRN2^m1OaRN1[m1JeQN6Q10Ym13gRNMYm12iRNNUm13lRNLTm13nRNLRm14nRNLRm13PSNLPm14PSNLPm13QSNMol13QSNNnl11SSNOml11mRN5Tm1JjRNKnN70JYn14fRNNUOOYn13bRNNVONXn14bRNNVONXn15aRNMXOMWn16bRNLVOOXn15cRNKVO0Wn14cRNMUOOXn14dRNLSO2Yn12fRNKnN4\n11fRN2[m1MfRN2Zm1NfRN2[m1MgRN0[m1NnPh00aQVOOkm11]QN1;OWn12]QNO<1Un10_QNO>OSn12_QN0`0Mom14`QNOa0Nnm14`QNOa0Mom14`QNOa0Nom1N[QN163a0NXn13gQNNXn12hQNOWn12iQNMWn13jQNMUn1NUQN1f05Qn1IZQN2f05om1IXRN9em1G\RN9gn1OkNHcQN0g09dm1HcRN8]m1GdRN9an1100kNGaRN9_m1HaRN7_m1IcRN5^m1JcRN5]m1KcRN5en1O010O1N3Nao90_PFORZQf2
20111128175514Mh_14,oaZY24mn1NoQN4mn12N2K5O1N000O1N3O1M3B\O^QNf0an1_OXQNc0in1810O2O03H8M2K5L5DX_We1
20111208173814Mh_1,Uhng23io16N101O1O00002N2gLDiVN<Ui1IhVN6Yi1OhSNEg2:bi19\VNEdi1;\VNEei1;ZVNDgi1;[VNCii1;UVNERj13[SNGa27Wj1LoUN2Pm1O1ObMOPUNNQk16[2011N10000O1O0100O1000010O001O2OO2\PNG\o1b0OO0N1O01010O0O11O02001^PND_o1=20jL_OhVNa0Ui1_OmVN5kL2jo1Kal5O`SJ22N_[ST1
20111208173814Mh_2,UdnQ14io16K3L304K3N1O00010O0010O01O010O001O1O100O101N01000O01O100O100O1O100O2N2N1O2M2O1O1O010O00010O00010O0001O01O00010O01O00010O0000100O1O10O0101N5L1O0QQNZObn1f0YQN_Ohn1m00O001O001O001O01O01O0O1001O0001GRQN^Onn12SQN50Gon12SQN51Fnn13RQN7Vo1GlPN8^o101O0010O01O0000010O0001O101N1O001O01O001O0010O010O0100O01O010O01O01O010O10O001O1O2M2N2O2NeYYe2
20111208173814Mh_3,h]Ya12lo16J2O1O2O1N10000O10000000000001O00000000001O0O01000O1000000O010001O0O101O0000001O00O10O100O100O1O1O1O1000O010O1O1O100O1O101N1O2N2N2L4Mbo=O_PB2M4M3N1N2O1O10O01O1O100O1O100O001O100O01O1O1O00ON4O1N4M_OH]QN6bn1O[QN0dn14ZQNJgn18?1O100O1O1O1O010N2O1O1O0O101OO10C]O^QNc0an1CZQN<gn1=02N010O10H\QNUOdn1j090O2M210O01O01000O1000O010000O010O1O1O010O100O100O10000O2N100O2O0O1000001O000O100O1O0J6O11O1O0100O01000O10000O1000O02O0O101N2O2MUf\R2
20111208173814Mh_4,Pebb24ko13O1O1O1O1O1O1N101O00001O1N2O002N01O000000O0101N100O1O1O1O2O0000000O1000001O1O001O0001O011N1`PNFWo1c0O2N1O1O00O101O0O101N1O2N010O1O100O10O10O10O10O100001O01N2O0000O2O0O1O2O0O1001KdPNCbo12:N[PN0go1021J20O3Nho70[PL0UPL0Vm70X\]V1
20111208173814Mh_5,jPW`25ko11N10001N1000001O0O1O1L4O1O2O01O00001O00000001O0O100O2O00010_QN@`m1b0\RNBcm1=[RNFdm1;ZRNGfm1=SRNEmm1>nQNEQn1<mQNERn1U102N1O1O0000O1O2O0N200O10001N1O1O2FcQNlNan1o0<M1XOWQN5nn1IVQN5in1F]QN9Vo1O2M2O1Nanh[1
20111208173814Mh_6,oVSc23lo12N4L8H2N3M2N2O1N1O1N2O1O1N3N0O10000GPOaQNR1_n170K240O00O0001N3J5N3O001O010O2O00000O1O10O1O1TRNSOel1m0[SNROel1n0W10O01N101O2J5M4N1O1O2O1FaPNOoi\Y1
20111208173814Mh_7,Zajd25io14L3M3M2O2O000010O1O001O100O2N2O0O2N]LH`WN6`h1JcWN3]h1NeWNN\h12j30O0001O00mo;2ooC3N2N101O1N2O00001O0O2O001O001N101O001N1000000000000000000O1000O010O1N2O1O1O100000000010O1ePN_OUo1g0O1O010O0001O001N2O1O001O1O010O01O01O010O001O1O0010O01N2N2N2N2N3M]Q\2NdncM5K4L3M3DFmPN?on1=L4L2N3N1N102M2O000O2O00O10000O1O1O1N3N1O2O2N10000O2O0O2O00001N1000O1mQNoNVm1Q1iRNoNXm1Q1gRNnN[m1T1h02N1O1O1O1O1O00O100O1O1O1O2N1O1N3N3L3N1N4K3N2I6N3O1N3Me_Ym0
20111208173814Mh_8,ieX\21oo15LO00WPNLgo12YPN1fo1500O1000HZPN7io1OO1O2N1N3N1O00001O0fPNBQo1?kPNETo1d01O010N3N1O2M101N2O000000^SND`i1;^VNGbi19]VNHci19[VNHfi17YVNIhi18WVNGki19SVNHni17QVND]M0cl1=oUNBXj1>e2001O00011N01O10O102NO1N100O2N100000001O01O00O100O01000001N101O1O1O1O1O000010O0001O00001OO100O1O010O101N100OTQNCVn1<jQNEVn1;iQNFVn1:kQNEVn1:jQNFVn1:kQNEVn1:kQNEVn1:h010O0010O0mKEaXN;bk11O0QLDZXN<hg1DVXN<lg1DRXN<hk12XLBlWN>kk11O001O010O0010O01O10O010O_L_OcWNb0nk1O010O0O2L3O2O001O001O1O00001O00kLJ`SN0k26oi1JmUN5Pm1MoU[Z1
20111208173814Mh_9,Vcf?8go18H4M5K3L4M2N001O1O00001O00001O001O001O001O00001O01O000001O001O010O1O1O100000QO^QN>To1N1O01O01O01O01O0000001O000O101O0O101O000O2O00000O101O001O0O2N101N5JUQV1MPoiN1N2O1N2N101O000010O00000001O00001O00000mNEaRN;^m1GaRN9_m1H`RN9^m1HaRN9_m1H_RN9am1H]RN9bm1H]RN9cm1H[RN9em1G[RN8fm1IXRN8hm1HXRN8gm1JWRN7im1KTRN6lm1KSRN4mm1NRRN2nm1NQRN3om1MQRN3om1MQRN3om1MQRN3Pn1LoQN5Sn1ImQN7Tn1HlQN8Un1GkQN9Un1GkQN9Vn1FjQN;Un1EkQN;Vn1CkQN=Un1CkQN<Vn1DjQN=Vn1@]QNK=e0Vn1@]QNK<f0Xn1]OkQNc0Un1\OlQNd0Un1[OlQNc0Un1\OlQNd0hn100O1KfPNB\o1=5N100O100O101N10001N1O2O2MkZmU3
20111208173814Mh_10,oe^\22mo10iTV20XkiM2MORkU4NSUjK0XTl10PlYN0\lI0bSN0m20el1080SPN1go140O2O2MbP`14Vl_NL\VN7dl13O1O1N101O1O1O0O101N1O000000O2O001O10O1O001O0O2O001O0100O2N1O1N3N2L4M4KlUWV1
20111208173814Mh_11,`dT\15ho16RMGlUN=Sj1EiUN=Xj1BdUNc0[j1]OaUNg0_j1XO`UNj0hl13O1O1N101N10000000K52O0O10CUQNGin18ZQN_OM1hn1a0bQN]O_n1b0`00000O000O6K2N3N3Knn12QQN4L5L3M11N1O0O1001O0O001O1_M@aUNb0^j1_O_UNb0bj1@VUNe0jj1^ORUNb0oj1@nTNa0Sk1@gTNd0Yk1]OdTNf0\k1[O`TNg0`k1ZO_TNf0bk1[O\TNd0JoNcj1>QUNT1=_NVO2ij1<^UNW1d0ZNVO5ej1;]UNY1Z1\NXi1<ZUNZ1_1ZNWi1<XUN\1b1WNVi1>UUN\1f1VNVi1`0nTN[1Xm1e02N2O1N101O1M2O1O2N2N2N2N3M2O2M3M2M4C<L6J6J7K3N5K3L2LP_S^2
20111208173814Mh_12,Xblm15\o1MRQN2mn10a02OO01010O02N01000O1O0O100002N1O1O001O0O101M]]aP2
20111208173814Mh_13,[]hm13mo11N2O001O00000000000000O10001N1OVP\2OlocM0000OkPZ22ToeM001O1O00001N1O01000O11O0O10000O2NXPX11hogN1N1O2N1O2O000O1000000O2O000000001O0O101O001N100O101O0O101O001O0O10000000000000O2O00000O100O1O1M3N2O2N100O2OhPNIgn17WQNLhn14XQNMgn13XQNOgn12WQNOin12UQNOkn15PQNMon1b0O1000000000O10O10O10O100O00100O100O1000O1001O00000O100000000001O0000000O10000O100O101N100O101O00001O1N101O1O005K5K100O1O10O010cPNMkn13QQN3mn1NPQN6on1=01O100O1O1O0010O01O00000000000001O0000000O2O00000O101O00001O0000100O01O01O010O01O010O10O10O10O10O10O010O0010O000010O00001O100O1O010O1O010O1000O10O10O10O10O11OO02OO2O0O011O2N0O10000O10O1000001O01O106K1NO10O1O00O10000\OZQNLgn11]QNMdn10_QN0an1MbQN2`n1JbQN7^n1GdQN8]n1GcQN9^n1FbQN;Ro1O0001O00100O0001O01O000`PND\o1=bPNEZo1NfPNc0[o1KePNG[o16gPNJ_o1NbPN3eo12O000000O0O2O1O2N1O`]oX1
20111208173814Mh_14,VdlQ12lo1OXPN0oo51_PZ1O^oaN0O010O000[o50ZQ20mnI0mPN0doa00ooE0ooK0PPL000QP40ooK010^P40XoK1\Qh01knWO1N1UPNLio12XPNNgn10XRN5Ym1KWSN3Vm1M^RN2bm1N_RN1hn101OQPb11mo]N101O00O101O^mU2OfRjM0bSn10ZlQN2O0O2N2N2O000001O001O001O1O010N2O1O1O_Wa`2
20111208173814Mh_15,[]aQ23lo12N2L3M4O1GBnPN?Po1DnPN=Po1FlPN<To181O001O00001O001N2M2O001O010O1O0O2M5KVcfl1
20111216103234Ch_1,iiTf02no11O1O001O1O1O2N001O1N1O2K4000O010O1K5O10O010O0100O1O010000O01O0OO21O100O101N101O0010O010O01O10000O102OOO33J1O2N101O1O000O100O010O01O100001O0O010000O002M2O3LcUmT3
20111216103234Ch_2,ZcVZ15lo11L4kLNfUNNQN7Rl18fSNG]10kN2ok1h0RUNWORO2jk1g0QUNWOYO2fk1e0mTN\O_OOek1b0iTN@FNdk1>TTN2=@ak1;nSN6e0C]k13jSN;l0Bhj1D`TNd1k0gNbj1K^TN^1R1eNbj1l1aUNSNaj1h1cUNYN]j1c1fUN]N\j1l0]TNiN\1:]j1d0VVN^Oii1=\VNBci1=`VNC_i1;dVNEZi1:hVNFWi1:kVNEUi19PWNDPi16YWNGhh13`WNIch1MfWN2PXSd2
20111216103234Ch_3,`fl[24jo12O101O1N1O1N001UOFQRN:mm1JQRN6^m1FXRN6:4[m1MQRN6c0NZm1`0eRNBel1JQSNf08Adl1OPSNb0:_Ofl12mRN`0<_Odl1[1ZSNfNdl1\1[SNdNel1^1XSNdNhl1\1WSNdNjl1\1USNdNkl1^1QSNdNPm1U20KoRN]MQm1b2QSN^Mml1a2VSN^Mil1b2:001O101N1O2N1NBVSNjMil1T2[SNkMel1T2]SNlMbl1P2dSNnM]l1o1l0M3M3K3H8nNcQN`0`n1_OaQN=bn1B`QN<an1BcQN<^n1BcQN<an1B`QN;Vo1M4M2M3LS\g`1
20111216103234Ch_4,c\cb21oo12M3K5K4aPNE:1Zn1d0cQN^O[n1g0aQNZO]n1i0bQNVO]n1l0gQNoNYn1Q1hQNoNWn1R1;0O3NUOYQN?dn1A^QNI2:`n1M_QNG79Wn10SRN0km10VRN1hm1OZRN0cm12_RNNam1JhRN4Zm1IhRN7Vm1ImRN4bn1Mon3MlPL0bPN1fo10bcb[1
20111216103234Ch_5,PePd17do1?A6K5J5N3N2O]O`QNH^n1OnQNE@5an14[RNEgm1:Q1M2M3N1OfQNOil10WSN2gl1NeRN0E4em1LVRNOg04Qm10TRN0k00Qm11QRN0n00Pm1ORRN0Q10ll10SRN1Q10il10WRN0P11gl1OdRNL`04ll1OiSN1Vl11iSN1Tl1OnSN1Pl10PTN0Rl1LPTN4fl1MdRN2Zm10eRN1Zm1OgRN1Ym10mQNI>8cm10iRN0Wm1OjRN1il1I]RN5k01cl11bRNLNLd06jl1M\RN09Ol03`l1L_RN1Z[cY2
20111216103234Ch_6,kcl`05_o1<GBnPN?Uo144L12N2M4K6I6M2M3N2N=C4LXNRRNb1km1ZNZRNo1hm17G4M2M5K3OQNgRNX1Vm1YNYSNi1_m1O:E2SOhQN0Yn1KQRN0Qn1HURN7kn1O4L1O01OO03M1N2O2M:G0N3000M3I7K5K5N10O1\MEbUN<]j1FbUN;Qm100100O1O01O1N2O1J]Y[[3
20111216103234Ch_7,a`l`22mo13M1N2N3N1O010000000O1O2O000000001JCiPN<Vo1DjPN<Vo1EiPN;Wo1GgPN:Xo170O010O100O000O10O2O001N2N2O10000O100O101O0O11O001N2O1O0O2O0O2O00000000000000010O01O01O000O101O00001O011N1O1O0103L0O2O1O1O00001OO1O2O000010ONK_OoPN=Uo1DjPN42HVo17iPNL^o14dPNI]o176O101N1O2N10T`cX1
20111216103234Ch_8,meTY13ko13OOJNaPNOao12\PN0eo16O0O11OO0N3OGcPN1]o1OdPN0]o1N`PN0\o11iPN2Xo1O=1POMoQN4Qn11jQN0Tn1LVQN0h03Pn1MYQN0j02gm1L`QN7j0Nem1N`QN0n01bm1NeRN2fn1Nen12UQN7N0N2002M7Ha[id2
20111216103234Ch_9,\Zcd03lo12O1O0O2O1O1O00100O1O2O1M2O0O2O00010O1O01OfPN^OYo10fPN=OE]o1;cPNE^o1:bPNE_o1;aPNEao19_PNGbo18^PNHco1:1M\PNHdo17]PNIdo164O0001ZOJaQN5_n1KaQN5_n1KaQN5_n1KaQN5Uo1000000O101N2Olo71RPH2O1O000O100O1O1000O10O10O104L1O001NWeRW3
20111216103234Ch_10,m[jg11no14M000O2O0O1001O000000010O01EKdPN005\o10dPN0\o1McPNN06\o1KfPNNN7go1O00M300O2O2N001O1O1O3NOO101OOO02N2N2000L@hPN`0Xo1@gPNa0Yo130000000000001O2N0O101O00000000012M00000O100000000100O102M2O6I001O00000001O0O2N3N1O1O0O1O3M2N2O1OJHePN7\o1IcPN8co1O^PNMYo11fPN1Zo1NePN4[o1JePN7\o1GePN9[o1GePN9[o1HdPN8\o1HdPN9[o1GePN9Wo1GfPN139Vo1KjPN4Vo1LjPN4Vo1KkPN5Uo1LkPN2Vo1MlPN2Uo1MlPN1ib_Q2
20111216103234Ch_11,^`Pa21mo10[PN0\o10:0=0D00000C0jPN0Uo10lPN0co70ooI010@080[PN0O0=0in10lPN2;Nin10nPN0ao11700O10gPN0bn10g00O00000fPN0cn30_QL0an10`QN0]n11eQNOZn10kP40PPN0oPL0Ro10QO0o00oP60UnK0m00hPN0_N0`QN0`n10`QN0`n10`QN0`n10`QN0`n10`QN0`n10`QN0`n10`QN0Xo10Yo10_QL0`n10iP20gPL0`n10h00gPN0Yo10ZO0\QN0Zo100000]o10WQL0in10VQN0kn10TQN0ln10UQN3hn1Me00fPN0cn70gPJ0iP40_nK0`QN0`n10h00hPN0_n12f01iPNNan11[QN3`n1KTQN142H0]o1OfPNN04Ro1LRQN2IN01^o1OiPN1K0]o1OgPN0ho10I0]PN0do10[PN0go10WPN0WQ`13cnaN1O2N2N100O1O10O00010O00010O1O1O1N2O2N1O1O\^kU1
20111216174914Mh_1,cfR_22ko16J4M200O0100004K0010N11O1aMDYUN<ej1HZUN6fj1M_TNFYO>Wl1O\TNGYO<[l1OWTNJZO:^l1NPTN0^O5al1MdSN=EIgl1JaSN_1^l1cN_SN\1dl1o0001O01000O1O1O1000O0100O1N2M3O1N1N3N2N2N2O2N1N3M2O5H:F6L3M2M2N3O1M2M4M3M5L3Dc\Q]1
20111216174914Mh_2,aiXh03lo12N1O101O0O100O2O00000001O00000O10000001O0O100000000O100O1O001O001000O1O100O100O100O1000000O010000001O01O001O00010O2O0O3N0O02O1O000O2O00O010O001000O0100O03M001O\PNHbo1;3FZPN3io12N01O_OMVQN2jn10UQNNkn14UQNJln17=10001OO2O1N1NWPNMjo10_VcQ3
20111216174914Mh_3,f\_e29fo14K3N5L2M1O1O2N2O0FZOXQNh0gn1:N1O001O0002J7J4N3H8M3LocRY1
20111216174914Mh_4,Y`lb23lo12O1N101O1N101N100N2O2N101N101N2O1N2O0O1O2N100O100O100O10000O100O100O100O010O0010O010O1O001O1O10001O000O1001O01O0000000000000000000001N1000000000000000O1000000O2O000O101O0001O0000010O00010O0001N10001N1GmPNCVo1;9O1N101N101O0O2O1O0O2NdQP21[noM2O001O001O001O00010O010O01O1O1OQQNNPn12PRNOQn1OoQN1Po11O0001O001O0000_Pd1Oao[N100001O0000\O1a03N100O2O00001O000001O00001O001O0O2O00\]on0
20111216174914Mh_5,kb`]1:]o19nMKTTN>Sk1]OgSN9S1=Sk18jTNIWk18RTNmNLm0Sl16mSNa0Ql1CjSN;Zl1GdSN7^l1K`SNJml16QSNGSm1b14Hc0^O5K5J5TOoQN\OLNZn1d0i0O2I7M11ONi_Qa2
20111216174914Mh_6,fbXa0=ao15L2O001O000001O01O10110OO01O2M0001O10O10O01O010O11NMYOoPNe0Wo1O1O0000H]OTQNb0ln1^OTQNb0Uo10001O000O1O100O2M3L4JkQ20WnMOWPN2eo11[PNM[Q`02^nA7gLG_VN=^i1E`VN>_i1A`VNb0ai1@ZVN`0cl11N2O1O1O01O001O001N2OmMH^TN8_k1NmRNA[1`0fk18ZTNGfk1I\SNFn0a0fk1E`SNKi0?gk1CTUN<lj1AWUN`0gj1AYUN?gj1AYUN?gj1AYUN>hj1AYUN?gj1AYUN?Tm100O2O0O2N2N3M_YoX3
20120107063134Lh_1,doPi19fo12N107J1O0QO]OaRNa0_m1_OaRNb0^n10M7K2M3O011O0O1O4L0O100[OnNZRNU1em1mNVRN6La0MTOjm1j0[RN9am1F`RN:`m1EaRN<^m1CbRN?]m1@cRNb0\m1]OeRNc0Zm1[OiRNCKc0Zm1JlRNCKb0Ym1IoRNDHe0Wm1FSSNEFQ1ll1VObSNEEU1ll1POQTNP1`m11O0O13M00O000101M;C5K4N3L3M4IhnlS2
20120107063134Lh_2,Ti`>9co17Hb0^O8F<H;E8_RNkMkl1h2L3M2M3RLQMhZNS3_LjL^h16Q[NZ3`LhLPh1M_[Nn3]d1RLa[NR4^d1mKT[Nd3RMPMhg1\OT[Nf3UMoLfg1[OS[Ng3[MVLGc0jg1_OS[Na3jMnLSg1@S[N^3PNRMkf1@U[N]3SNRMhf1@T[N_3WNoLWi1EkUN]3P1nLSi1^3PWN`Lnh1a3TWN]Llh1c3XWNYLgh1g3]WNVLch1j2kUNnMok1R2TTNjMmk1S31000O100O101O1O01]OUTNPMlk1m2ZTNoLfk1P3_TNjLdk1T3d0UO`SNVNal1f1gSNVNXl1h1nSNTNRl1j1UTNQNlk1l1T100001O100OZO^RNQOam1n0cRNoN]m1Q1eRNnNZm1R1hRNmNVm1U1lRNfNVm1\1f00O11N101M4L3L4O1O0001O1O100O2O000O01O0O2J5O2N1O1O2O1O1O1O100O01O010O000001N1O2O0N3N2O001O100O100O10O0102L4Lf[_Z3
20120107063134Lh_3,g[Ri16io12N2O3^PNNon1b000O1O001N3N2jQNPOYm1T1_RNSO^m1o0\RNWObm1d1O5J5J4H7J6N2O1N1O101001lL_SN2OOL0Lm1Xn1G3N1NkN_NlSN`1^m1eNbQNl0in1001O0oMmNTUNT1ll14M4K3M4L3N1OhNhQNh0Wn1UOlQNl0Vn1nNmQNR1Un1iNmQNW1_n1O0N2N200O2O1N5I4M4L4N2M3N2N1O1OSbSS2
20120107063134Lh_4,a]RZ14jo14L3N2O2M1O2O00O3N10002M2O00O100O001O0O2O00O1000nSNDdh19ZWNJeh15ZWNKhh14YWNJih16VWNIkh18_3001N2O1O7JO000O1O0O10O1001O1O002N7I4Kno?ORP@5K201N1M201OGbPN2^o1MePNNmQP10emQO:nQNLjk1:STNJkk19oSNKQl17kSNJVl18gSNG]l19`SNDfl1:YSNDml1:RSNEQm1:nRNEVm1;gRND\m1i0TRNWOom1k0mQNTOUn1l0kQNSOWn1l0iQNRO?NRm1m0ZSNUOhl1h0WSNYORm1=PSNBSm1:iRNG\m17fRNG\m17X1N2Mb^]_2
20120107063134Lh_5,de\h1150co1:L2O1cPNERo1=jPNGVo1a0102M1O001N101O0O1O1O01O2N2N101O10O0GgPNMXo10kPN0bo12O00O0O3N4KYP80foG3O1N2M3N7I4dPN^OTo1h0O1UOTOaRNk0Zn10O010002M2O0O2O1N1O2N1N2N2O1O100O100O10000O10000O11O0010N1O3N0O20O1O1O0XYaR2
20120107063134Lh_6,i[Pi13QP2ON000\PN0kn1OWQN3Po1Mb00N100QQNOPn11QRNOnm10lRN5Vl1KhSN3]NOhm1NjSN0eN0`m10_SN0mN0ZP20WM0RR20iRL0aj10fUN0Um10mL0VVN0ii10R30WSN0di10]VN0bi11_VNO`i12W31UPN62OOL0Lfn1i0kQNXOS1ORk1a0VTN_O_m1`0dRN@a00Vk1=oUNCQj1>\TNERO0l0Mek1=aTNFoNMk00ek17SUNIQl17oSNIQl12URNOk1ORl13P4MQN0000010O1aPNOh00ml11XRNOo01fl14URNKN0T12il14PRNJ_13kh12eVNL`11iMNn03oh1MjUN=i0GS2LYN2Ri1a0`VNAT2MXNOWi1g0ZVN]OW2Mdh1g0UUNZOX2OVNOYi1h0ZYNYO\MOZi1i0[YNWOhg1i0[XNWObg1i0k31VUNVO\f1i0RYNWObg1h0]XNYOcg1h0\XNXOdg1g0]XNYObg1g0^XNYOcg1f0^XNYOcg1g0]XN[Ocg1b0R4K8G3KUfiR2
20120107063134Lh_7,`Zck15jo12N2O1N3N6J1O1O000000001O1O011N1O1O00001XQNVOXn1j0?2N3M2N00001O0XQNnNbn1S1\QNoNcn1V111O0001O0000000O10O01N2O1J5N3M3N2O01O100O4L3GSOZQNo0en17N2O00000000OBiNTRNW1km1lNTRNT1km1mNTRNT1km1nNSRNQ1mm1SOoQN4N6Un1;lQNAO^OVn1R1jQN_OXn1T11O1M3N3N2N2N1O1N1LZQNoNgn1o06N2N2O1O1O1O1O1O1N2N2O2N1O1O1O100O0010O0O20O2O0G^PN4io1M10_fjm1
20120107063134Lh_8,lnVb043Meo1603OJ[PNOeo10ZPN3eo16N1^OFPQN516nn1`00O1O1000K6L6M2N1N3MlNhQNd0Vn1[OoQNc0Qn1[OSRNKAc0]n1@ZRN=gm1B\RN5WOJ`o138Nkn1NVQN2NNWPN1io130O1NeRi[3
20120107063134Lh_9,gbV_14\m1MTUN1jj11WUNOjj10UUN0mj1O[SN0=0ZO2mn1NbP40PPL10OYPN1fo11ANiPN1N0[o1OfPN2MNd00ZO1jl10oTNO\N5a0K\O2bn1NcQN1:5BL`n1NWRN9XOG^o15cPNO^o11`PNNnl1McUN7Sl3Ie_[_2
20120107063134Lh_10,ae`h11oo10`00PO0YQ80TO0SPH0RP40ZO0RQL0cPR10XnoN0gPN1mPNOUn11m0OnPN0Vn10m0011iPNO]n10bQN0Vo10\o50ePJ000_SN0\l16QMJoUN:Pj1FVUN3cN;Un1h000001O10PNkNUUNU1kl1000000O100O1O0O1O1O21N2N0XNoNbTNR1oj1SO\SN3d1i0oj1CPUN;Qk1EPUN9Qk1FRUN7Qk1GPUN7Vk1CmTN4UNCRm17jTN1`k1NfTNJ]k15W2O1NZYkQ2
20120107063134Lh_11,^ih]34io15L2O1N100O2M3O1O1000O1001O0O2O0O1O2O3L3M2M4L3M3N100010O0100O1O2N2O1O1O2N1N2N1O1O2O00O1O1O1N2O2MkRN]NlN0Qm1b1STNcNmk1\1QTNgNnk1Y1QTNiNok1U1QTNmNok1T1nSNnNQl1R1nSNROok1m0QTNYOjk1g0cSNfN0e0[l1d0dSNkNNb0^l1c0dSNmNLa0`l1a0dSNPOHa0dl1`0cSN1^l1OaSN1_l10`SN1_l10`SN0al11\SN0el1f12N8G3M2N1_MhRNW2em1K4K3M2O1_NRRNo0om1nNVRNo0km1oN\RNj0hm1RO\RNh0cn1J8J2N2N2M3M7IVTk<
20120107063134Lh_12,\cTV32no11N2O001O1O01O01O00010O01O01O0001O01O0100O010O10O10O01O1O10O10O00100O0001O01O0O2O000O2O0O1LCePN=Zo1EdPN<[o15O01O1O1000000000000O101O001N103L2N101O000O2O1O1O1O1OV\Ue0
20120107063134Lh_13,U^lh23mo11N2YPNO]o11bPN0^o11`PN0`o1802M101N100O100000O001O1O2O0O2N1O1O101O1O01O00000O1000000O100001O0O3N1N101O0O2O0OiaWT1
20120107063134Lh_14,j]]f05jo11O100O10O010O100000O100000O1000O010O10O01O1N200O100O0010O0M301O010O1O100O100O1O10gbnV3
20120107063134Lh_15,eUc?1Vo31bQLO[n15bQNL]n1:^QNEcn1<PQNGXo1;fPNGXo1a00O10O11O2N1O1O01O11^OcPN=ao1O001O1O101O01N01000O1O01O1O1N101N3N1O`jR^3
20120107063134Lh_16,XaT_12ln3OoR`00PlA0WRJ1jo12SRNMok51SRJ0jo1OVPN2WQ2NVoM1Ro1ORO3Z10n_Y_2
20120107063134Lh_17,b]PZ14jo1MZPN0do10`PN0io30`oM0n00Po50aPJ0SP20mo93joC101OLYPN1fo1O[PN1do11ZPN0fo141N2KRQ60\oK0joM0Yo;2cPDOUP6OSPJ0L1PPNOYamb2
20120107063134Lh_18,^nP]33mo110MTkW10nThN0[o50\QJ0VTN4lj15[JG^[N;Sj100001N100O1dKBUYN?Wk1NfKCSYN=nf1CRYN<ae1Dn[N9Sd1Go[N5Sd1KUV80loI0PPN0QP20PPN0UP80fRF1lk1OF0VS20`N0loM1_NORSN0jN070`n10XQN0V10Pm10SRN0Qm10UTN0fN2Xm3NbUL0Pk30mQL0fo13kn3MWTJ0Rm10`m10XS61_oIOg00^nM0RUU=
20120111191454Bh_1,W_`k04lo10O1O1O5I5I7M3M6K3M106I2O1N200`QNeNXn1b11O03M1O1O00mNjQN;Wn1^ORRN?nm1]OVRNb0en1000O07I3M4M2O0O0O002N3NO102M10000O01O0000001O1O1011N0002M2N1O0001O04KoPf03nnYO5J4N01O1O1N5K3MZ]_o2
20120111191454Bh_2,mkhV27io13M2M3fPNHhn1=PQNF8IH4\n1j0iQN]OUn1e0hQN]OXn1V1O2N0001O0O2O1J6N1O1O1]OcQN]Obn1c0>01O0^OiPN;Xo1CiPN=Xo1AiPN?\o1100O0010001N1000O101N1O2N3M10O2N1O01N2O2N0010O1L5L20DcPN6\o1HfPN9Yo1FhPN:Xo1FhPN:Xo1FgPN<Xo1DiPN;Xo1FfPN:[o1EfPN9\o1FePN9ao1O2N1NQSYe1
20120111191454Bh_3,T\Tc13jo16L3M2N2N1O2N1O1^QNAcm1?\RNH]m1:aRNJ[m17dRNKZm16eRNLYm16fRNJYm18eRNI[m1`0[RNAem1^1O01N100000O1O01O00OO2O2N110O2TOQRNDPn1;QRNEom1;QRNEom1<PRNCRn1<nQNDRn1=mQNCTn1<lQNDTn1<kQNDWn1o03O2O002N010O01000O0010OQOdQN:\n1EfQN;Yn1EiQN9Xn1FiQN:Vn1GjQN:Vn1DoQN7Rn1IoQN6Pn1LoQN3Pn1OoQN3Pn1MoQN4om1@gQN5:>H]Ojm1NWRN76g0gm1nNTRN;5g0mm1ZOQRNg0om1ZOoQNg0Rn1YOlQNi0Sn1c0O1O101M2O2N1O1N1O2N100O1O1O10PN[RNO1[1dm1fN[RNO2Z1dm1eN[RN11Z1dm1cN]RN30Y1cm1cN_RN4L[1dm1aNaRN4J[1em1`NbRNk1^m1TNcRNk1]m1UNcRNk1]m1UNcRNl1\m1UNcRNk1]m1WNbRNh1^m1YNaRNf1am1ZN^RNf1bm1<2M2N2N4YNPRNW1Qn1hNQRNV1Qn1hNQRNV1Rn1gNoQNX1Rn1fNPRNY1Sn1eNmQNZ1Tn1fNlQNY1Un1gNlQNW1_n100O2N100O100_OXQNJgn14_QNI`n17cQNG\n19fQNE[n1:fQNFZn13ZQNI>2Yn14oQNJRn15n0O00001N10i00UO3O1N1O10000O011O001O3M4L01O1O1O10O01O01O0O2O2M3N1O002N1O1O1O2PQN[Oan1T1N1O1O1O10O0O2O2L3L4N1IWQNWOin1<ZQNE1Kfn1`0b010O01000O2O000O10001N2N2N2N2JYPN0naUQ2
20120111191454Bh_4,Pah^24ko11O101O00000010O0001O00001O0O101O010O02O000O1O1O000100O100O2O0O00010O01N3N1O1O1O2OTPN3io10LLZPN5fo17K2M2O1O0O101N1000DhPN1Wo1NkPN2To1LoPN4Qo1JRQN4Po1IRQN6]o1Nm]a]1
20120111191454Bh_5,ZcXk21:1Xo1?`SN@Zi1a0eVN_O[i1b0R30O01O00100O1O1O0O101O1O02mQNE^l1`0[SNBel1>YSNCil1<VSNDkl1<SSNEnl1:QSNHol17QSNHQm17nRNJUm13kRNMVm14hRNLZm16bRNJ_m17_RNHcm18\RNHem18ZRNHgm17YRNIhm17XRNHim17XRNHim17YRNFim1:n02O3N1M111O0O0100O1NoND`RN;_m1EgQNMi0:_m1JfQNMm0:Zm1NgRN3Wm1MlRN1Sm10mRN1Pm1OSSN1kl1OWSN0gl10[SN0el1N^SN0al11gRNI07Vm10kRN3IH\m15kRN5hm1JYRN7em1J\RN7bm1J]RN7bm1I`RNMYOMXn16aRNH\O0Rn19mRNFSm1:oRNDRm1;[1N2N3M1N2O1Od\WP1
20120111191454Bh_6,XhTR2:1IWo1e0L3N3[OWOQRNk0nm1ZOkQNi0Tn1a002N1fN[NXTNf1ck1_N\TNb1BZNZONik18PUNHWOP2e0WNQk14nTNl1NSNRk16gTNm16nMQk1Q3mTNRMRk1o2lTNSMRk1o2kTNTMRk1o2kTNRM_j1]OkUN`4Uj1bKYUNO:`4^j1gK^UNZ4bj1b01O1mMVUNnNlj1o0[UNlNfj1S1hUN_NYj1i0SUN^Nf0h0Yj17RUNiN42f0n0Sj14ZUNeN40d0X1mi1NZWN7ah1CfWN`0Uh1@eXNIYg16jXNJTg1^OeUN4a39gf1BlUN0a3=bf1BUZN=ke1BgZNLYe14Y502OOO20O01O1Nho9NcPD0bo11]PNObo17100O101N2N1O2No[Sj1
20120111191454Bh_7,__[c0;70bn1V1D3O00000001O101N2N1O1O1O1O5K1O2N001O1N10001O1O001O00O1O1N2O1N20000O1OEZQN^Ofn1`0^QN]Ocn1b0>O00001N100O1O101O00010O1N1O2M201O0010000O1O1O2Mk`fX3
20120111191454Bh_8,ien_23mo11N101O00001O010O1O01O01O0001O0O1O100000000000000000000O100000000O1000000000001NQPb00PP^O1N100O1000000O1000O10O10000O1O1O010O10O01O10O01000000001O0O_PNKZo12fPN0Zo10fPN0fo1O0100O01OoYaZ1
20120111191454Bh_9,_ZXT13lo12O01O[P69\oIf0ZO2N1O00100O01N0000000O10001OM4O101N10O0101O1O1O000000000O2O10N101O1N3_O]QN]Ohn1b0<O3M1_OePN:bo1N2N3L4Kod_h2
20120111191454Bh_10,cf^e02mo13N2N100O2O0HIePN8Yo1IhPN8Uo1IlPN8Ro1HoPN9Po1FQQN;mn1ETQN=in1CXQN=gn1CYQN?fn1_O\QNc0M]Ohn1o04K1N010N3M2L4DRYQY3
20120111191454Bh_11,YZX\21oo11N2UPNOeo16O10O101O000O2KXPNOQQ`42nn_K0ho15O0000000002N1O1MaPb04\o]O3N01O2OO00001O000001O1O4KYPN0ho1000O100kPj30ToUL2N101VPNMdo1:N001O010O10O010O1O100O1O122L1O1N0001O01O0O2NRmQ4OPSnK2N0O2_OLTQN5jn1NTQN2kn10TQN0FMPo14ZQN5dn1L\QN5cn1K^QN4cn1DTQN4:5gn1K^QN0bn1O_QN1an1O`QN0an1O`QNOan12f000O10XP8NReoP1
20120111191454Bh_12,`hbZ13lo12O1M2BMgPNL3:To1=0N101O0O101O1L4L3L5O1O1N2O10O0nPNOWn11l0O10XXmc2
20120111191454Bh_13,_fhQ22no1000j01\PN0am11QRN2_O3\n1LSRNa0lm1@RRN4HGXn15nQNMfn14WQNK>Oam18oQNHnn11lPN32Mfm11]SNOPO5cm10\SNJ;0Uk17_TNIWm18gRNHY16[i1OXTNKS10Z18Yi1I_TN0b09P1FlN1^O0N1ek1OcTN0=1[OOP2OcN1D0\k10hTN32Nj1OYNOJ2Vk1OPUN;m1DRN1L1^j1OjUNOi21QMO11Zj14gUNLn2OoL042Uj14iUNKQ3OjL0:2Pj15jUNIU38RMKmi1N`UN49LW41Qf1OaUNOO042\41Pf1NgUN1G0c41Wk1NlJO^ZN0de10YXN0nN1ih10VXN6lNIPi11SXNOYM:JG\1O_i11ZWN0^NOG3LMU11`i11gVN0iN42L:Od0O`i12dVNOcN32OO21Of0Mb03[i1McVN2nN38K?0b04Pi1LcVN6P1K@1Qj11dVN:hMKl0Ifj1OeWN0eM1_i1NoUN54Mk21gLOg0Nci10oUN90JZ3NSM0bi1OPVN1M>`3BPM1bi1NPVN119a31YLF12Sj1MQVN144c3L]L6Vj1JbZN1We1OlUNO]o10bPN1^o10bPN0]o10cPN0^o10aPN0_o11_PN0`o180O100000RVNJUd11VVNLf53Ud10o[NNWd1OkU20I0_PL0bo11\PNOeo11ZPNOfo13XPNMio141O10oo1MTPN0SPN0mo10O010O0O20O_QZ23[QdML\j14cUNM]j1OnRN2mo1NdZif1
20120111191454Bh_14,efd[31lo13O2O00001N102N000010O10O11O1OO1jPNGdn1;XQNHfn1<RQNHnn19oPNIQo1c0001N1O100FmPNGSo19RQNAon1>:010O11O00001N3O04LO1O1N101N010O001O1N2N`X[a0
20120111191454Bh_15,Udb]24ko12O1O1O10O1O10O2N2N3N0O11OO10O11N10O0103MO1000D@VQNc0fn1^O\QNa0cn1^O_QNb0`n1^ObQN`0Uo1J1N2O2N0001O000000O2O01O010O00O10001N2NmZ]_1
20120111191454Bh_16,cfTd05go14O2JFdPN;[o16N01HePNK[o14hPNIYo169O10000O2O1NQPl0NQPTO11O01O01OeYeY3
20120115063134Lh_1,oePf18co15K51O0@fPN9bm1JXTN2gk10[TNMdk15\TNJdk18P22O2M5cPN^OTo1j0L3N100O2O1O3N2NROWQNb0in1\OYQNd0in1XOZQNOLc0Xo1001O00000O101ODjPN1So1OoPN1Po1NQQN2on1MRQN3nn1LSQN3nn1LRQN4So1HlPN8^o101O0000001O010OXOJfQN6Zn1JfQN7Yn1J]QNMM?an1BmQN?jn1O100O100O10O00010O0001O0010O000001O000100O00001O0012N2M10O00000000O1O2O0O1000000OVZ[T2
20120115063134Lh_2,VcfT12mo13N2N001N100O10000O1O100O100000O10O1000000O0100O1N2O1O1O1O10000000001O00001N2O_Pj00aoUO00001N1O1000001O00001O0010O01O01O01O001O0001O01O0001O01O01O01O0010O0100O2OO11O1O1O10OVOE[QN1<:Wn1NjQN0Vn10kQN0Tn11lQNNTn13kQNNTn1L]QNL`07Tn1K^QNM>9Sn1IURN8jn10]OD`QN=Ro10O1O10O0010O0010O20O1O0O0001O00nNBbRN>`n10000O10000000001N10001O000O2O0000000101N1000O00001N100000001O001O01000OYPNLco19000O001I\PN0do1O^PN0co1N^PN2io1NmZi`2
20120115063134Lh_3,^XgR11oo11O2N2N2M10100O1O0010O001O1O10O001N3N1O000010BaPN:NFbo1=0O001O1O001O01O01O100O1O001O00000O10O1000O0010O1O01O10O0010O010N1100O001O1O10O100000000O1000001N1O2O0O\g`h2
20120115063134Lh_4,ZZ`i12mo14L2I7N3M1K@iPNa0Vo15O2N1M3N200O100O100O100O100O010O010O01L3010O10O100000001N101O010O00010O0000001O0O1000000001O01O001O10O01O00001O00001O00100O00100O100O1O2O0O1O001O01O0101N2O3L1O1O0000000000000001O001O1O0010O010O01O010O2O01O000O2O2M0100O100O100O10OKFdPN:\o1HaPN9_o14O11O000O2N3N1N2N1O2MTeQn1
20120115063134Lh_5,\_Zn16]o1?K4K6CVO]QNn0an1:O1N101O1N2O1O1N3L3N2N2O10000OSNSRNOOe1Xn10O001O1O00_NnQNU1Rn1fNTRNZ1Yn1110O00N2O1M2O1N2O1000O10O1001O0O010000O001O010N100O3N2[ORQN4on1DmPN377Qo1ERQN:[o1O010000O101OO11N100O2OO0100O001N1001O010O001O100O0O2O1O0O2O000O\PNN\o11ePN1\o1LdPN7ao11O101O0001M2O0O3O0MUQP1MPooN000UPN0fo17N1N200O1N2O00CiPN0a\ei1
20120115063134Lh_6,omZd06ho14M2NO1001O1000O10VN1bRNH?7el1j0_SNTOZl1S1fSNnNUl1W1jSNkNSl1V1oSNjNnk1U1UTNlNhk1S1\TNlNbk1T1aTNjN_k1U1fTNcN]k1^1a11O1OQOmQN3kl1EWSNk04YOcl1_1eSNWN\l1k1k01O1N2M3NDcRNXN\m1j184L40O20fImMi^NP2Va1YNd^Nf1^a1^N]^Nb1da1_NZ^Na1ga1_NW^N3bJa0Wg1]OR^N3lJ=Sg1@g]N8^K4mf1Cb]N9iK]OSO8cg11_]N;YLAYf13\]N>\L]OZf15W]N`0`LYOZf17o\Ng0jd1XOkZNT1Ue1kNgZNY1Ze1fNdZN]1\e1bN`ZNa1de1[NWZNk1mi1101N1WOVNXSNP2fl1e001SNSMeVNn2Zi1fMRVN\2li1iMPVNW2di1XNWVNk1gi1WNVVNl1ji1TNPVNQ2Qj1oMiUNW2Xj1hMdUNZ2_j1b11O1O1O2O0O1O3M<D4K4L4K5L3N1M4G9M5I9I6J6I4L4L4K6K5cNSRN`0Tn1ROYRNi0bn1N1O1N2M3N2K5K8GhZYU3
20120115063134Lh_7,^\lf11no12O0010O001NSVn02kiQO2O1O1O00000001O0O2N\j=OeUB3N2O0O01O0000000O101O1O2N10O0YRl33XmSL2cPNM]o10:01N10]Q<0gnC0_n=1aQBOg10Zn30]nK4oRNLVm10jRN0Um10`10SP40TQ20iN0nn50PQF000Q10mmM1Q11[PN2To1OdPNM3001Xo16dPNJ604Oen17\QNIN0hn14gQNLWo10SP60co50jPf00^omN0[Pb00go]O004MMTQd0Oln[O7K1O12NO1OI\PN2ko1ODNiPN1do1OC0=0Y]ii1
20120115063134Lh_8,YXU`06io12N1O2N00001F9N2O2O1O1N3N4K4I6J6G9H8N2O2N2O1N01O000O00M2lNkM`TNk1TOSN]l19ZTNd1mk1_NPTNa1Ql1`NnSN`1Rl1`NoSN_1Rl1_NPTN`1Pl1`NRTN_1mk1aN\TNa0RO_Oal11`TN<SO@]l15aTN8SODZl19bTN0UOFXl1>dTNGWOIRl1c0lTN\OWOMlk1i0^22O1\OVOSRNa0Tn1DhQN8]n1J`QN5cn1a03N2UOUQN?nn1^OUQN>Yo1L3N102M6HdkX\3
20120115063134Lh_9,jiTZ39fo13M3M2N2N2N1UO^OWRNb0im1ATRN`0jm1DQRN>nm1HkQN:Tn1i0O0L4O12O1O1O101O2kNfQN`0[n1]OiQNa0Xn1\OlQNb0Vn1ZOnQNe0Qn1[OQRNc0om1]OSRNa0mm1_OTRN?mm1ASRN?lm1AURN>lm1BTRN>km1BURN?km1@VRN`0jm1_OVRNc0cn12M2N3TQNYOZn1X1N2N10O0101N102SSN_NVk1h1aTN\N]k1g1`TN[N[k1j1cTNWNZk1l1eTNUNZk1k1eTNWNZk1i1eTNXN\k1g1cTN[N\k1e1bTN]N^k1b1cTN_N]k1`1cTNaN\k1?lSNHg0J\k1>PTNFb0N^k1;RTNF=3`k15VTNG7AE5lk1d0ZTND3CL2gk12PTN2<7OC5Lak16QTN2=8IF:G`k18QTN3>7EHfl1LXSN4`08^OJjl1IYSN4a0n0Wl1jNZSN7c0l0al1TOeSNh0Yl1XOkSNf0Sl1ZOPTNe0ok1[OSTNd0lk1[OVTNe0ik1ZOXTNg0gk1XO[TNh0ek1VO\TNk0dk1RO^TNo0Ym100O1B[QN_Ohn1>?M4L5KdS61[lI3O0O1O1O2O0O100O010O100O1O100O1O1O100O2O0O101O00000000000000000000O10001O00001O001O001O2N3M2M3LbQa=
20120115063134Lh_10,\[a[18ho11O0O1IIdPN8Xo18O2101N3NO01O01O10O0000OJgPNI2Mon19RQNIM0Qo17YQNGhn19`0N10N3M3O1O02O1M2Nbebb2
20120115063134Lh_11,UcTa06jo13M0gNKgRN5Vm1NjRN1Um1OnRNOTm1Le[\31ZeeLO_PNO30io70WPH0gn16\RLJD1AOdm10cRN0L0\10an10QPN0fl50PSL0lo10Ui55kVH1ZPNM`o10iPNNTo12=01OcPNNl51gI5bh1KlWNOV61ma1OmWN0Y61ha1OnWN0^62XI1ng1M[XN0n60e`10\XN0So10mUN0Yj11MO`K0X50XO0fPN0h31`g10dTNObo163LSTNNok10C0gPN1Qo3OjnM0QRN4bo1L08VRNHnm30ooM1fSNOlh10Z30^PN4Zn1LdQ60QPN0QPL4PPNMPP2OO0V40fK0fo30VPN0QmM0XVN0ni10i50SM001NO20hN1bRNOnl10TRN0W10]n70ZoI0]10XO1H0aPN1XZ[U3
20120218152654Bh_1,[efn14ko12[PNK\o16cPNK]o16aPNJ_o18_PNI`o1<00O2O00000000O100000jPNAkn1>UQNDjn1<VQNEin1;WQNFin18WQNJhn15YQNKgn15YQNKgn15YQNLfn13[QNNen11ZQN0fn1O[QN2dn1N\QN2fn1LZQN3gn1MYQN3gn1MYQN2in1MWQN2jn1NVQN2kn1MUQN3kn1MUQN3ln1LTQN4mn1KSQN4nn1MQQN3on1MRQN2nn1NRQN2nn1OQQN0Po11oPNNRo12nPNMRo15nPNJRo16<001O0001O0000001O0001O01O01O0010O001O010O01O010O10000O2O0O002O000O1O1O2N1N2O0O101O000000000000000010N110O1O1O011O0O100O3M2N1O1L4O1NhY]j1
20120218152654Bh_2,l[eT24ko14M1N101O001OOcPNHTo19iPNKUo15jPNL1IPo1;oPNL0KPo1d0PQN\OPo1e0nPN\ORo1i0M4O1N3N1N2O1O001O01O10O0100O4L1O2N1O000O2O002M101N2N2N2O1N2O00000010O01O010O0000001O0001O1O000000O1N102N3N1N2N2O2M\clf1
20120218152654Bh_3,X[Pg15ko110O010O010O00010O10O2N2O1N101O1N2N2G8N3N1O1O2N1O2N1O3L3N2O00hN`QNo0in10O2O1NUOWQN`0hn1^O]QN`0cn1^O_QNa0bn1]O`QNc0cn1YO_QNf0on1N010O102N0O0010O1002M100O1010N100O2O0O102M2O0000DhPNOXo1OhPN2Yo1MgPN3Zo1KfPN6bo1001000O100O2N2M_bWT2
20120218152654Bh_4,g^Po2120io15O001O001O2M2N2O0O101O1O1O1O1O0O2O00001N100O3N0000O1O10000O010O1O1N200O100O2O00000001O000010O1O1O1O0100O000101O00O1O010O001O01000000O01O010O001O01O1O1O0O4D_PN3bo1KaPN2Z`Ql0
20120218152654Bh_5,o`Xo02mo12N101N100O2O0O101O00001O000010O000001O0O100000O10000O2O000O101N7I\o92bPF2N2N2O1O1N101O0O2O000O2O0O100O2O0O10001O0O1000000O1000O10O01N2O1O1O1O1N2N110O1001O00001O00001O001O00001M2O101N100O101N100O010O0100N101O1O100O010O10000O100O1O1O1O1H800O100O10001N1N`Pl11`oSN2O1O1N1010O00010O1O0001O01O@JVQN6in1LVQN4in1NUQN4in1NVQN2jn1OUQN1jn10UQN1jn14oPNOPo1a0O101N100O100O1O100O1O1O10O01000000O01JYQNROhn1m06O100O001L400O1000O001O0O10N1O2N201O10000000000000000001O01O00001O0000001N100O1O101N10000O10000H_PN1ao1NaPN0`o1ObPN0_o1NbPN2go1Ng`i`2
20120218152654Bh_6,fYjT234Oco12\PNObo13\PNNdo17O0101O00000001O000001O010OKHcPN7]o1JdPN4MJ\o12gPN3NK[o12hPN1MOZo10jPNNL4Zo1NmPN3To1MjPN6Qo1HiPN268Po1FiPN26:Ro1EoPN<Yo12O1O001O03N1OO1O2M5L1O0100OiPN[OTo1i000O02N3L10000010O010O01O1O1O1N1001O0001O000O2N4L105KWemf1
20120218152654Bh_7,hYgb21no1100O2O000010O01O01O001O001ObPN0_o10O1O0010O0Obo50_PJ1O2N010O001O100O00100O01O010O0010O0010O1L4O100O0000O101N1O00010000000XPNMco13]PNMco13\PNNeo11[PNNfo12ZPNNfo12ZPNNfo12ZPNNfo160JZPN1ko1O010OO0TPN0dn10bRN0`m11_RNO`m14]RNMcm14ZRNOem11[RNOem13YRNLhm14WRNMim13WRNNhm12WRNOim11WRNOim11VRN0jm10VRN0km1NURN3km1MTRN4lm1LSRN6mm1ISRN7mm1ISRN7nm1GSRN9nm1ESRN;in1000000001O0000O0100O1N200O10000000O1O1O1O10000000HFkPN9To1HlPN8To1IkPN7So1KmPN5Ro1MnPN1on13RQNLmn15SQNLln15SQNJmn18SQNDPo1=oPNBRo1;QQNDPo1<:00O100O10000O10O10000O100000000O10O100O100000O0100O10O02N1O100O2O1NkfTS1
20120402105814Th_1,Tf^h07ho14L01O1N201O001O1O2NRM3jUNKTj1:f23M5J5L5L4L3N11O2OOO10107H4L2N2N1O00O01O3M2N1O100O01O1O001O0001O00001N101N2O00010O1O010O00100O10O100O1O0000O10O1000000O100O100O010O10O100O1O01000O10O10000000O100O101O01O01O01O01000O10002N1O3M3L3N2O1N01O3M1O1N5L2M2O0O010O100O102MYn52dQJ2O1O00O1NY\Qo2
20120402105814Th_2,R[mV36^o1>E>I3L3N3LI_QNUO_n19fQNKNIZn1=mQNG\n18iQNFHLQn1<\RN5`m1IdRN9Xm1GjRN:Rm1FQSN;ll1DVSN>gl1BYSNe0al1WObSNl0gm18I1O0OmNhQNd0Tn1[OTRNa0jm1]OYRNb0gm1\O\RNb0bn1ObN[O`SNe0`l1]O`SNa0_l1@lSN6Ql1MQTN0daZg0
20120402105814Th_3,QTUR2:eo12M2O1O010O0EDSQN=ln1EPQN=Po145010O01000O@iPN9Wo1FjPN9Xo1CkPN:_o1O10O10000O10000000O01000000000000GEnPN:Qo1GoPN9Qo1GoPN9Po1HPQN7Qo1HQQN7on1IQQN7on1HQQN7]o1OPP<KVPD0RP42koK6K1O2N1O1N2O00000000O2O001N2O1O1O_PNH[o17ePNI\o16dPNK\o14dPNL]o13ePNL\o11ePN0do11001O0000O010O101O0lPNNZn14XQNK22dn14VQNN50dn1=[QNCen1=\QNBen1<`0O2O0O1N3M2Nboc0NbP\O1N1000O2M3NV21iM2O1O001O00001O0000O10\PNNZo11fPN0Zo10ePN2Zo1NePN3[o1904MO01O00O101O0O2O1O2N0000001O01O0001EaPN3go100O1NciZd1
20120402105814Th_4,^c\X11oo100000`PN0Po11nPN0Ro10nPN0Ro11nPNNRo13=001O001O1O11N010O0001O0100O010O0001O1O001O00000000000O10000ON300O0100O0100O01O10O1000000O10O10O10000000O10O1000O1001N0100000000000001O00001O0001O1O00XPNKfo12\PNNfo10ZPN1eo1N\PN2io110N[\Sb2
20120402105814Th_5,V_om26ho12O2NO3KaKNhTNOjo14mSNOWh12hWN4`LKWk10YXN7\LLZk1NYXNb0fg1^OZXNc0eg1^O[XNb0dg1@_XN<ag1CaXN:bg1D]XN=eg1AnWNm0\k18K4M2O2O1001LoLfNbWNT1ah1PO]WNk0gh1WOZVNJiNn0oj1XOVVN4bNd0Yk1YOSVN5cNc0Yk1WOUVN8_Nb0\k1VOVVN7]N?bk1ZOQVN6]N=fk1]OlUN5_N1bk1D_TN5_17`NLek1K\TN1\19fNEfk12WTN1_1LXNNkl14_SN2hn1MXQN2kn1LUQN5[o12N2M3N2N;F3NN1N2_OmPNOXo1MPQNJZP25TO2O01NTchn0
20120402105814Th_6,iY]l26io12000N11_QN03M]k15_TN02Jak14^TN4ml1KTSN6kl1HXSN8Yn1N1NiSj0M]lUON001NO0_o70ePF0eo70[PJ0`o10jPl00gooN2bn5NVP:0YQH1ioIOkcPo0
20120402105814Th_7,[ZSR32no12N1O010O10O10O1O001N2N2O0010O10O1O01O00001O000O1O1O10O20O01O1O0O1O010O001O010002I\PNMeo12]PNMdo12[PNOeo11[PNNfo10XPN0lo10RP20PPN1O0O1O10O1Oee^j0
20120402105814Th_8,aVeo03ko13O0O2N1O002\PNKZo1>O1O1O2L3O0EVOaQNk0hn13O0OCTQNHln16XQNHhn17ZQNHfn17\QNGhn15YQNKgn14[QNJfn15a00O10002N2O1O0101O00000O1O100O100O101N`PNKXo12iPNNXo12gPNOZo1OgPN1co13M2O000010O00]OMYQN4cn1O]QN1bn10`QN0]n12bQNO\n10fQN0Zn1OgQN2Wn1OjQNOXn1OjQN2Wn1JkQN5Vn1IlQN6Po1O1LhiZl2
20120402105814Th_9,_ZWn25jo1LYPN0no10io10<0joM0jo30\PJ0do10ZPN0go1410O010O0100O0M;0Xo92[PF4OJ[PN1eo5O^PJ0bo10]PN0do1163LO0O2O0ON0jPN0`n10kPN0oP60lM1affn0
20120402105814Th_10,R]_e21no1101PQN1lm11PRN>dm1BYRNl0Un15D;N\OdQNF\n15lQNIRn1L\RN3bm1LcRN2[m1MiRN3Tm1NlRN4Qm1NoRN1Qm1ORSNNml15TSNHkl19USNFkl1ORRN3U1Kil13URNMXo15hPNI20kn18TQNGWo189O11N0PcnX1
20120402105814Th_11,_cbX11PP40RP60TPb00lo_O0moE00000F0dPN0fo10mo31QPNOPP60QPL0ho30`PJ0ao30SPJ05001N2TPNMio1321O1[PNK]o14800000\PNL\o14dPNL\o14dPNL\o14dPNL\o148000000000^PNLXo13`PNM70Yo11`PNO90eo10N2MNXPN2jo11O110VPNL^o11gPN6Xo1IjPN5Wo1KiPN5Wo1LhPN4Xo1LiPN4Vo1LjPN4ao10001O01O01O0O^PNM[o11ePN0Zo10fPN0eo11O001O00000N200001O00010O1O1OToa0NnP^O001OORQ20onM00000f[S_2
20120402105814Th_12,Z[Ze15jo14M0010O02N10O2N0O1000O100O11O01O0001O1O0O10000O101O2N0O`dkX2
20120402164214Mh_1,h[am24lo11O10O0100O1QNJSTN6jk1NTTN2lk10STNJXN2dm15XTNKgk17WTNIjk17P2001OO101O1OaQNJSm16kRNKVm14\100OgQNKhl15USNLll14SSNMnl13`1O00100O010O000100O1O010O101N2N2O000O0100000001N100O100O010O02OO1000O100O11N01000010N100002O0O03L6K01O1O001O1N1O1O3L4LPdTm0
20120402164214Mh_2,^cdk05jo12N3M2O2N2M200O1002N1O1O0O100O100O1O010O1O10O00010O0001O01O0001O000010O01O00010O1O001O1O2Mho30YPL1O10O1OQPZ10ooeN3SPNMgo15100O100000000001O010O1O100O101N10001O1O5K2N001O0001O1O001N105K3L100O1O1O01000000O010O1000O101N1000O010O1O1O100TNImSN8Ql1IPTN7kk1MUTN3ik1NYTN2ek1N]TN2ak1NaTN2^k1NcTN2em110000O1000O10O10O1O1O1M4M;OG0fYgj2
20120402164214Mh_3,iScU23ho18M2M2N1O2N1L4000LjPN^OUo1a05001001O1O100O1O01O010O000JAkPN?Uo161O00000O100OXQN^OUn1`0lQNASn1?mQNATn1OXQN=co1N001O001O0000001O000001OO100010O00100O1O001O1O011N1O10O0010O01O1O2O0O01O010000O00bPNJSo15lPNMTo13iPN1Uo1=10O01O1O1O1O1O1O1N6K2M5K2N[kdd1
20120402164214Mh_4,gScU2231mo1OBO<000bPN1kn10WQN0en12\QNNcn1OaQN1^n10bQN0]n11_QN0^OORo11_QNNB1Po10^QNO]o1000]O0VQN0kn10TQN0mn10b00[SN1Xi1OlSN0Y24ml10\PN0Rm1L]UN<Rj1D^VN<bi1D^VN=ai1C_VN>Xi1DlSNO<OP2=gi1F_TNMj1>fi1F_TNLl1=ei1G_TNLl1<fi1HRWN6nh1J]TNLW23\i11]TNLX22\i11[TNM[20\i13WTNMjn12VQNNkn12ePNN=0So11_P2O00PP40ooI0:0fo10PPN000QP20PPN0E0:0^P60doI1NOao10`00ooM010^PN0So10lPN0Uo11jPNOWo10hPN0eo10O10O?0gN0dQN0hn10kPN1Uo1OkPN1kn1OSQN2QP2Neo30[o10ePJ000`PN0Ro11PRh00[nWO3M2O1N2O001N101O1O7H101N1]MYOkUNj0Qj1ZOnUNf0Rj1VOaSN1\2j0fl11O00000000001O001O001O1N2O0000FWQN]Oin1b0ZQN[Ogn1d0[QN[Oen1d0=O0O1O1N101O1O1N2N2O1O1000000000001O0O3M1OWj``1
20120402164214Mh_5,Z[g[13lo1100O101DLdPNO26Yo11cPN2[o1:010O01O000001O00O1000000O10000001O0O1000001O00001O00100O00001O0000000000000000O100000000000O10000O1O1O1O1O010000O1000O010O1E^PN7go1Ldoa0MbP^O1O01O00ko90TPF4L2O000O2O001O0000O10000000O010O100O1O1000000O1000000O0100N2O10000O100O1O2M2OjeT\2
20120402164214Mh_6,Q\iW35lo10O000000001QO0kQN2nm1;kQNETn1>jQNCTn1c0fQN_OXn1c0fQN_OYn1U1OUOcQN3^n1KfQN3[n1KfQN5[n1JdQN7\n1IbQN:`n1b04M0OO010O1O11NKhNcQNX1cn1VOaQN0Vn1AfQN10;82Qn1IhQN390Rn1LfQN3;MPn10fQN2Ro1OnPN0Ro10oPNOQo10QQNNhcRf0
20120405130014Th_1,d_Xo01oo1001O2N1O001O1O1O00010O000000000001O00001O00001O01O01O01O0000001O0O2O0O2O1O001O00002N2N103L01O1O1OO2C_OYQNa0gn1@WQN`0jn1@VQN`0jn1CRQN=on1DPQN;Qo1:0O101N2O1XOiPNd0Zo101O00001O001O3L1010O000000000IDiPN=Vo1DjPN<Vo1EiPN;Wo1FgPN;Xo1610000O0010000O110O000000000O1O1O2N1000JCiPN=Uo1EkPN;Uo1FjPN:Vo1FjPN;To1GjPN:Vo1800010O2N10O01O000000001O000001O00001O0N2O2O0O10O10O1O1O10N2O1O1O1000O101mPNWOmn1j0QQNWOon1n0N10000O10000000UOTQNa0mn1^OUQNa0kn1_OUQNa0ln1]OVQNa0kn1]OXQNb0in1]OWQNb0jn1]OWQNc0in1]OWQNb0Uo1O0000000O1000000O2O001O00010O0001O0001O001O10O01O3M100O100000O000001O001N2Ol_[d2
20120405130014Th_2,cTQX35jo14M01O01O0O7J1O2O4K3M1N11N11O1O6J1O1O2ON10001O2N0O2M3O001L5IgPNB\o1:8L3O1N2Mojfe0
20120405130014Th_3,[dPf13lo11001NmjU17fTjN8M2^Oc0M02M2N4M3LWRNYO`l1d0iSN[OSl14_TNMim1O13N0O002OO02M200N2O2N0100N2O2LcP`0O^o_O2N3N0010O00100O01001N101N1O100O10001N100001N100O10000O01O001O0100000001O00000001N100O]P>OdoA10O]PT2OcokM101OO1OeoS31[PlL002N1O2N1O01O00100O100OYQ\2LnneM4joM001N2O1N1000O100O100O100O100O100000O10O10O1000000O11O0O2O00000O10O010000001O001O1O1O3M3M2N00003M6K0O2N0010N101M2N_J]Oh[Na0Yd1Ae[N>[d1De[N:]d1Fc[N8_d1H`[N8ad1G`[N7Wj1M4LYQ`21fn_M3M2O1N2OO0N3O1O0O11O0O11O000000100O1O2N1OQXSb1
20120405130014Th_4,Z[]Y22mo1101N2O1M3N2O0O10000000001O010O1O01O001O0000001O000O2O0000O101OO10O1000000000001O01O000001O00001N10001LAdPN`0\o12O10000O1O100000000O20O0000001O1O00000000O100K[OnPNe0Ro1500O1000000000O10000O2O2YOjPN`0\o1N101N100O10001N100L^PNJbo164OfPNKkn10hPN2=Nkn10iPN1ko10KO[PN1jo100001O00000O1O1O010O100000O101O0O1O100O10Yoe02aPZONXPN6fo14M2O1O2N1O10O1O1O1O3M1N101O0O1O2M[oW20dPhM4O2N001O000001O01O01O00001O00001M5LoeZY1
20120405130014Th_5,laVo23lo13N1O001M3N101O1O01O1O2N10O0001O1O1O010O00^PNJZo16fPNK2Onn15PQNL20mn13\QNOen1N[QN4Xo102N2N1Odoe00_PXO4_o1NbPN7\o1KbPN5^o1LbPN3^o1LfPN2[o1JhPN6ao1000O010O10000001O0000000O10O101UOKiQN5Xn1IUQN0`06^n1MbQN2^n1OdQNN]n12j0NT^_l0
20120512063234Lh_1,UibS31no13M2O1N2M3N4OO02N0O1O1N2C]O[QNd0`n1C]QN?bn1@^QNa0Po110WORQN>Yo1000O102N000000O100O1O00101000O10O0010O0O2O0O1001O1N1100O000O1001O11OO0001O1M7K3L3NYOUQN>fn1^OaQNe0Uo1F3K5IoS]h0
20120512063234Lh_2,j]il28ho12M2O1O1N6J4J5J5L3J7N1N2F;M4K;G3M3N01O2O9`NURN\O5;km1_OSRN3h0=`n11N10\OjPN>\o10102N10N01O1O001NdMJQUN5^m1O2OeNKiRN7Um1JkRN1dn1No`dP1
20120512063234Lh_3,l^Uj13lo12M101O3M2N101O9G2N1N2N1N2O10O001O01O1000003N0O2O00O010O1O000O100M3N2O100O1000O01O100O100001N100001O5OMO00OO1LkPN^OUo1c03010O1000O1000O010N2N2M3L4L5M2O1N2O10O01N0I9N1K60O101O1O2[NRRNS1^n10000L4N2N2N2O001O000O11O0O2N1000N3F9O01M3N2O1O101O010N2O001O001O0JVOVQNk0kn14001N3N1N2N2L4N200O2O0O1N3Ibc^m1
20120512063234Lh_4,^X[R12ko15M3M2L5L3N1B_O]QN`0`n1F^QN8an1M]QNJbn1a0`QNXO]n1P136L3N3N1O1O2N00O2]OgQN^OZn1?e0L3N3N1010]O_OhQNa0Xn1AfQN`0mn1O0001N10O01O101N2N2N2M2N3O0001O001O2O0O3N4K2O001O001N2OWTNARh1>mWNCTh1<mWNCSh1>g3000O1O2O0O2O00001O0O100O10O01OO11O010O100O0_RNYOkk1f0VTNZOjk1e0XTN[Ofk1f0i10A`0M2hRNiNhk1W1YTNjNgk1U1YTNlNgk1Q1\TNnNek1i0dTNVO\k1g0hTNXOWk1f0S2O0O1O100O010O1O2M3O100O2O1N3N0O2O1Mjoi0OXPVO2M3N2O001N1iRNDjj1=\20010O00100O01001O0O010001O0O20N1O001N2N2O1O1O3K]kjc2
20120512063234Lh_5,b\eX28ho11O001O1O2N2OOQRNEYl1;bSNK^l14aSNM`l11aSNO`l10_SN1al1O_SN2`l1HTRN1\17`l1GWRNOZ1:`l1FfSN;Yl1EgSN;Pn1O002OO01O00010O00000000000000O01000001N1000001N1000O10000O0100O10000Nhn3N\QL1N2O1O000mPNK[n16cQNK^n14bQNL^n14g0O1O2MfP`01[o_O00O`o90`PF2N2O6J1N100O0K6000O100O1O101N3N1O00000000O10O010O0000RQNITn18lQNHSn18nQNGPn1;QRNDPn1;j01XQNDlm1;VRNDjm1<m0O0101O1O001O000000O1O100IaPNL`o14aPNK_o147010O00000000O1001O000000001O00001O001O4L2N001O00001N10000O10O2@dPN:ao101O0O11N10000O100O1O2N1O100O1000O1000000O1O1I8N100NXc^[1
20120512063234Lh_6,Q_mi12ko14M101OJ\PN1do1O^PN0`o10aPN1]o10dPN0\o1OgPNOXo11jPNOUo10lPN1So1OnPN3nn1Nb00O1O01OnP6OTnI0oQN0Qo10000001SP2OooM1N1N100O1kNL\RN4hn10O010M01MWOOlQN1Un1OkQN0Vn10iQN0Xn10hQN0Xn10g10TO100O010VOOeQN1Vo1O000000031NUOOcQN2\n1NdQN3Ro13JL]PN5co15N10C`PN:`o1FaPN:co1OJGfPN8Zo1HgPN6Zo1JhPN2Yo1OGO[QN0[o11O001O10O01gNMcRN3en100OfNNgRN2Xm1O[10^QNOen10O0PN1QTNOok16kSNJVl16jSNJXl10lSN0im=0[oC0jQN0Xn10gP:0SRD0Vh10f[N3Wd10g[N1Yd1Og[N1Yd1Nh[N0Zd1OfYNOhL1ln1OSQN1ln10UQNO^o11O001O100O0XOMeQN1Vo1OUO0gQN1Xn1OiQN0Wn10iQN0hm13hQNMSo1;dPNGj0Nem1:aQNHk0Ncm1<Q110101N1\QN@hm1`0VRN@lm1`0PRNBRn1>lQNAWn1?iQN@Wn1a0hQN@a1O`j1e0nSN[OUn1g0jQNYOVn1h0hQNYOXn1i0aQNWOdn1n03O1O2000001AZQNCgn1;`0O1N3HZSd01il[O4cJ2eZNN[e13dZNNZe12gZNNZe11gZNNYe11hZNOYe10gZN0Ze1MiZN1dj1Nlm11SRN5J7L2kRNAfj1?XUNCgj1=ZUNChj1:XUNGnj12RUNNoj10SUNMRk1Omog02_RXO4fRNIgj18UUNNhj14VUNMjj15SUNJPk16lRNFl12]k1;W2J6Kje`i1
20120512063234Lh_7,]X[R1120RP60ZoK1?O1001fPNOdn12ZQNNen15d0LZPNOao;0bm53dR@4LKZPN1:Mon10iPN45LSo19mPNGUo14aQNLjnc00PoC1UQJO01100OZPn00]P\O0YoE000O0To70lPH010mjbh2
20120512063234Lh_8,e^[c05lo10oK8iWNGXh1=d35L0O12M3M2N1OlQNK\l15_SN6[l1IaSNd0W1ROah19VVNl0o0QOjh13VVNm0n0SOkh1OWVNo0m0SOmh1MVVNo0m0UOoh1ITVNU1k0RORi1GSVNW1l0RORi1DbUNOMZ1a1SO]i1NlTNU1HaNh1;ai1T2]VNkMci1X2[VNfMgi1Z2\VN`Mgi1b2l1dNlRNITm11WSNLil10[SNOm0ROSj1k0SUN3cl1J_SN4cl1K]SNE\OI[m1?[SNGXm13iRNNdn100000002O01O20N1LiQP1L\noN3J5]Oc0N2O01O109E5K3N1O5ER`VX3
20120512063234Lh_9,\[ii01no13M4L3_OGUQN=hn1=1O1ONJnPNBon1b0UQNZOYn18eQNd0bn1<000N3OO2N201O01N2E_QNTOcn1i0<N01J51O1O1O2N2O1N1O5E7JZfRT3
20120512063234Lh_10,kfnl24mo1Ng02VO2L6\PNLVo1l0PQNoNXn1U1bQNPOZn1\1N100NkNPRN?om1@URNIK6Pn11gRNKZm14Z1NUYSR1
20120512063234Lh_11,gXcR11Zo10d000000QP40ooM0gQZ23VncM3M2N2OG^PN4bo1K_PN6mk1JaWN1aL5ao151O1O1N3Lfk5MVUH0Voe00SP\O0no30QPL0in11\R2O`m90VQJ0VPH0000000`PN0Qo10m00mjlf2
20120512063234Lh_12,Vj\S31kn71YQHOao14330O2MbPNMSo12b0NPP20noM0_O1QQNOmn18mPNHTo16ePNK40Xo10QQNOZo10<0e00dl=<oT@Dgj1?\2O1NnRNDWj18^SNMNKa20Rj1a0TVN_Oli11\SN;_o10QSNDej14eU6LhmM0lnM0bPN0cP40Uo;0iP^O0jn30S1010doM0nS_h0
20120512063234Lh_13,PgkR23lo12_OOPQN2nn13nPNNQo14nPNLRo15lPNLTo15kPNJVo18hPNGYo1`01N5L1O0010O1O01O0000O100000000O100010O1O0013bPNATo1e000001O0O101O001O3M1N21OO01O01O01O000ePNDMLSo1k0000O2N2N4M1N1O1N2M3O1O10000000000000010O0001]PNF^o1?0OmPNCdn1<\QNDen1<YQNEgn1;YQNEgn1;XQNFhn1;UQNGkn19TQNHkn1:SQNGmn19SQNGln1;SQNEln1<SQNEmn1<RQNDnn1<RQNDmn1h000000O0000011OO11O0000001N1000000]ORQN4nn1FoPNO5:mn1CRQN239^o1N1O1O01O0000001O00000000000O10O0100O100000000010O001N2O1N2O1N10RX^d1
20120512063234Lh_14,Qam^23lo11O001N2dPNMjn14UQNMkn13TQNNkn14SQNMmn15QQNKon17oPNHRo18nPNHRo19mPNFTo1:lPNEUo1=hPNCXo1b0110O001O2N1OO10O0010ODePN5\o1IePN6co10O010001N1O100O101O1Mm^f^1
20120512063234Lh_15,jk\_22no14L102N3L101N100O10O100O1O00001N101O1O100000O00010O100O1O3N;XOZO^QNg0_n1[OaQNf0]n1[OcQNe0]n1\ObQNd0]n1^OaQNc0]n1_OdQN`0[n1AeQN?Zn1BhQN;Wn1GlQN5Tn1LlQNEI5Zn16\RNEem1;Q1N4M6ITTg]1
20120512063234Lh_16,^kbc29Yo1KmPN;0H`n1V1M01N2O1M300O2M3G`0FfPNEVo10PQN2[Se[1
20120528063154Uh_1,][[W2:co15K4F9G8N2N100001N2O2M2O2M2M2N3O10O2O00O0O1N3O2O1O1O2N1O2M3M2O2MlN2R14M1O2N0010O01O10O01O000O2N101O1O0001O0001O0001O0000`SN^Oci1b0]VNAai1>`VNB^i1?cVNATMMUl1c0gVNEVi1;jVNGTi1:lVNGSi18nVNIQi17oVNIPi17RWNHnh17SWNJkh16WWNIih13[WNMdh12_WNN_h12bWNN]h13cWNN\h11fWNNYh12hWNNWh13jWNLUh14lWNLTh14lWNLSh14nWNKSh14nWNITh16nWNHTh18mWNFSh1:j3O00010O010O0010O1O1000O10O01O1000O010O10O01N2O010O0100O100O0001M3N10100O0100O1O1N110O100O0100O010O1O1O010O010OO10000001O02N3L7GbiZ_1
20120528063154Uh_2,[]]]15jo12M3N100O10O01000O100O11O00O10`QNHZm16fRNK[m13dRNO]m1NdRN3cn12O2[PNI]o1?N001O001O01O00000N200O20O0001O010O1O0010O01O1O0O2O2N0010O01O01O0000000000000O2O001N103M1N2O001N01GgPNKXo15kPNHVo188010O01000O100N101O1O1M3O0N11N2O10O01N11O1MAePNa0Yo13N3O1M21OO20O1GQQN@Po1?9O1M3O1O1L4O1O001O0ON4O1O001O1O100O10O100O1O10000O1000000000000001O001O001O1O001O001O001O10O001O1O6J2N001O1O1N\bdX2
20120528063154Uh_3,TZea23ko12N2O2M2N10N11WRNFmk1:RTNJkk15VTNLik14XTNLck15bTNH\k1<dTNCZk1?S20O2N1001O0N3O100O1O1000[RNCgk1=UTNCok1=QTNCok1=QTNDnk1<QTNEnk1=j10[RNAik1?RTNB\N0bm1>mSNLQl14oSNLRl13oSNJTl14oSNLok14RTNMmk11UTNOkk10WTNOik10XTNOik10YTNOgk11ZTNNfk12[TNLfk14[TNJek16S2000O1000O1000000000000O1000000O0100000000000O10O010000N20UgdY1
20120528063154Uh_4,UW]S22lo14N1N100000100O00000001NcPNJRo16mPNLRo14lPNNTo13kPNMUo13kPNMUo14jPNLVo15iPNLVo14kPNLUo14jPNLVo14kPNKVo15iPNKXo15gPNLXo14iPNKXo15hPNKYo13gPN0Vo11jPN0Uo1OkPN2Uo1NjPN2Xo1MiPN2Wo1NiPN1Xo1NiPN1Xo1OhPNOUo1MgPN54LWo1NfPN7bo1I^PN8`o1H`PN=`o12N01M3N2M3N4Loghi1
20120528063154Uh_5,nTme01mo14M2O0O2O001N11O0000gPNGkn19VQNGin19WQNGhn1:?001hPNF_n11ZQN98E]n14ZQN7To1LjPN4Vo1MiPN3Vo1<000O100O010O02O0O100000O100O1O1N3N1O100O1KbPNH_o16601O0010O10O01O00100O1000010O0O10O2O0O10O0100O1O1O1L\o1OhPN1O0hk`U3
20120528063154Uh_6,bd`o14]2Nbj13YSN0k1LoM042fl15ZSNOm1NRNMhl18TSN0Q2LRk1a0oTN[ORk1j0hTNYOVk1g0kTNYOSk1h0nTNTOTk1m0P2O010000O000VQNTOan1m0\QNTOfn1k071O01000O2O0110N6I0\OnPN:So1DoPN:So1EoPN4ao1OPQN1nn15M3N1CBUQN>Wo11OO10001N2O1N1KZPNOio1MXPN3jo10Zo7MfZUm1
20120528063154Uh_7,lePn25ko11M3O0O1O1001O0OO10100O10O2O0000001O000001O00000000O2O001N10001O1N1OVZio0
20120528063154Uh_8,j`PU21oo12M3M2N2O001O0O2O00000O100bPNDWo1=gPNFXo1:hPNGWo19hPNIWo1`0iQNZOSm1g0lRN[OSm1e0mRN\ORm1d0oRN\OPm1e0oRN[ORm1d0nRN\ORm1d0oRN[OQm1e0PSNZOPm1f0V1N10O10000O1N200O1001O01O010O101OTOPQNg0Uo1O1O1O1O001O00001O00010O01O01O001O0AdPN:\o1EfPN;Yo1EgPN=^o11HBjPN?Uo1AlPN?Zo11J_OlPN`0To1@lPNa0So1_OmPNa0So1_OmPNa0So1_OmPNa0So17O10O01O1O001O1O1O010O010O001O10O02O1N10SOSQNf0mn1VOWQNj0Po1O0101N1O20N100O1O1O5K1O1N2M201O1N100010O0010O0001O010O0001O0010O0000001O0O100O1O11O02M2O1O1O1O1O1O001O00000000AlPN2To1JSQN2nn1NUQNOln10VQNMln12UQNLmn12W^Ya1
20120528063154Uh_9,gfnV12no13M0O20O0000[ML^UN4`j1O_UN0bj12_UNKaj17c2001O1O01O00001O001O1O10O01O001N101N2OmPT10SokN1O0010Oin90WQF2N0000O100N[10fN1ROOmQN2Rn1NmQN3Rn1NnQN2Qn1NPRN3mn12O3N0O001O01O010O01000O001O001O001O0000]NMZSN2fl1NYRNN`04Wm1OWRNNb03Vm10WRNOc00Tm14XRNMc0OTm15ZRNLb0NTm16ZRNMb0KUm19XRNMgn13YQNNfn12ZQNOen12ZQNNfn12[QNMen13[QNMen13\QNMa0HUm1:ZRNN`0KUm16\RNN?LUm16\RNN?LVm15\RNM?OTm15\RNL`00Tm13]RNK`02Um11[RNM`02jm1NWRN1km1MURN3km1MURN4jm1MVRN3im1MWRN3jm1LWRN3ln100O010O010O00lNM]RN2bm1N_RN0am11cR2OenM2N1O00100O0GNePN1[o10ePNOkm11ZSN1kNMkm12ZSN2ml10RSN1ml1OSSN2ll1NUSN2jl1NVSN2jl1NVSN3il1MWSN3il1MWSN3il1MXSN3fl1NZSN2fl1NZSN2fl1NZSN3el1M\SN2dl1N\SN3cl1N\SN2dl1N]SN1bl10^SN1bl1M_SN3al1M`SN2`l1NaSNOal11bSNL_l15f10O000001N3M3NZoc10_RZN1\l11bSN0^l11aSNO`l10aSNO_l11aSN0^l11bSNN^l12bSNN^l13h1000O1O001O00001O00000O10O2N010O100O101N1OV\S[2
20120606063154Uh_1,[kj^1b0Yo19I5J7J6J6J5K4M3MmNXRN2gm1N\RN2am1McRN2[m1NgRN3Wm1LlRN4Qm1KSSN3ml1LWSN2hl1M\SN2cl1LaSN1`l1JfSN5]l1ChSN=Yl1_OiSNa0lm100O001N20O0cMIQUN7ej18VUNHfj1<[UNCbj1=aUNC]j1?cUN@\j1?hUN_OXj1?kUN@Uj1?mUN@Sj1>QVN_OPj1`0SVN[OPj1e0f2N1O2N2N1O200N2O2NWSNFoi18QVNHQj15PVNKRj12oUNOQm1O010O10^k?1_T@3N3OO12N01O01cQNNil14TSNNkl12SSNOnl11QSNJmNMSn19oRNIXm16hRNKXm15gRNLXm14hRNKZm15eRNJ\m16eRNIQOMUn1:kRNHPONVn19\110O1O101O0O102JkWc[2
20120606063154Uh_2,R^]P12lo14M2N2O2M1O3N1O1O00001N20O00000O01000O^OAeQN?Xn1HcQN8Tn1AfQN:37Vn1n0O0101N2O00O1001N2L1020O02O1M2N2K5M3N3O1N1O10001EjPNIYo14kPNIVo15<N2MobZl2
20120606063154Uh_3,cY]n26ho14H7L4O00O1001iNAkRN?ml1KQSN5ml1NRSN2ll11SSNOkl15RSNKol16PSNJPm16PSNJol17PSNJPm16PSNIPm1:mRNGRm1;mRNDTm1<lRNDTm1=kRNBUm1?lRNASm1?nRNAPm1?RSNBkl1?USNAkl1>WSN@il1`0YSN^Ohl1a0ZSN]Ogl1b0[SN\Oel1e0]SNXOdl1g0_SNUOcl1k0Y10000N2O1L3O2O1O100010O00001O0010000000O2N3M3M2M101MWhnm0
20120606063154Uh_4,hkh^13^o1OTQNObn30fPN12OaQN0in90Vo10fPF0jn11dPN0`00Uo;4`PDK51102OhP60QRH0`j10^UN2nla0O\P@OWM0`20bPN0fo10mR81TmG0aP80Wl10WSF1NOVPN1^Vm\2
20120622063154Uh_1,hehk12no1000_OOoPN2FNZo14iPN5Wo1;O0O100O10000O10O010O1O00[O]OnQN>Yn1AgQN>Zn1DcQN=]n1GWQNI3`0fn1c000000000000000001O00000000100O10O01000O010O10O00010O01O001O001O00000000O1O0O2M3O1O100O10000O10001O001O100O1O2OO010O0000010O0010O10O01000O10O010O01000O010O010O001O0100O01O100O1O100O102N0000O2O000O100O10O101N100O001O01O001O0O101O001O001N2O001O100O004L2N100O0100O10O01O10O010O1O1O101N1O10O01O001O001O001O10O01O1O2N2O0O10O001E]QNXObn1g0`QNWObn1g0`QNVObn1i0`QNUObn1j0_QNUOan1k0;O001O10O01O010O010O1O0010O01O1O001O1O001O1O001O1O002N3L5L1O0O2OiX]f1
20120622063154Uh_2,Sine11T42ag15YXNNeg15fTNFX36Sh1?kWNBTh1?kWN@Wh1`0gWNAZh1?eWNB\h1>aWNBah1?^WN@ch1a0[WN\Oih1e0TWN[OPi1b0oVN]OTi1c0WTN^OU2Lii1c0PTNCcn1<[QNFjn14UQNNPo1LQQN7ln1GVQN;Wo110O2O0000O10O01O1O01O01O1O0O2O001`M]O`UNd0^j1]ObUNg0Yj1YOhUNi0fl11^MTOnUNn0al11aMQOkUNP1cl1ZOQQN9Po1DTQN;ln1^O\QNb0Rl1_O^VNb0`i1_O`VNb0]i1_OdVNl0Qi1SOPWNm0oh1SOQWNl0Pi1TOQWNk0fh1UO_TN1l2j0dh1VObTNMl2j0eh1WO_TNOn2g0mh1YOUWNe0Yl1I9G3LRQl02mnSO4L2N3O0O1O0O2OO01O001O10O010000O1000000000O10000O2O0O2L3N3N101O001N2NUm=0lRB0[UgR2
20120622063154Uh_3,^\kf12mo11HNaPN3^o1O^PN4bo16cRNESk1=kTNDTk1=W2001O1N1010O1O0100O10O01O1O10O01000O100000OBhPN4Yo1JiPN6ao1O10O1O3M1O1O4K3O1N5K2O0O2RQNQOhn1U1]QNlNVn1U1fQNPOWn1S1fQNoNXn1]100000QOnQNZOLa0Wn1M[RN1fm1N[RN1fm1M^RN1bm1MbRN0`m1NaRN1am1KbRN4en102Lga`U2
20120622063154Uh_4,Tcda06io13M4M001O1O001O1O0000100O3dPN\O33mn1b0oPNCQo1f010O00O10O10O10O00WOPQNL3a0mn1@YQN?Uo1O0100O010O010O10O104L1N100O100O1NcPNMQo10PQN1_o12N100O2N2N1O100O010O00010O00100O01000O1_NB_SN=^l1GaSN:\l1IdSN6Wl1NjSN3Ul1MlSN2Sl1OmSN2Rl1OmSN2Sl1MmSN3Sl1MmSN4Sl1JnSN8Pl1GQTN:ok1EQTN<ok1CQTN=Ql1BnSN>Tl1_OmSNa0hm12O0000O1O100O1O2N2O1N3N2N1O1O1O0010O010O0001O001O003LbPh12\oWN4M2N1O2M101O1O001O000000000O010001N2O003M1O0010O00010O0001O01XNHfSN8Zl1IeSN7[l1JfSN4Zl1LgSN3Yl1MgSN2Zl1NfSN2[l1MgSN0^WcS3
20120622063154Uh_5,YZiU36jo13L2O1N2N2O001O10O01O1O01O0000gNEmRN;Sm1GkRN9Tm1IjRN9Tm1IjRN7Vm1JjRN6Vm1KjRN3Wm1MiRN2Xm1OhRNOYm13eRNL\m18aRNFam1;]RNEdm1<ZRNChm1>VRNAlm1?TRN@mm1?SRN_OQn1`0oQN^OSn1b0f0O00O1O010000O0100N2O1N1SOVOdRNk0Zm1]O_RNc0bm1@[RN>Ym1WOdRN=0;[m1_ObRN61;]m1B`RN32;_m1C_RN2O=am1C`RN0M=cm1E_RNn0bm1SO]RNl0cm1WOXRNk0im1c03N10O010001O1N1N2@`00O1BkNRRNU1nm1oNnQN?3Bom1l0b0O0100O1kNkN_SNV1al1mN[SNT1gl1kNXSNV1hl1iNYSNU1im1OO1ORO_QNa0Vm1ZOnSNNUO1I9Tm1MlSNGG5_l16iTNEXk1=U22N2N1O1O1O0000000001O001N2J5M4M3N2NPo7NQQH5L2M4K4L4M3N1O10O1O0000O2E;O1N3M2M3N100010O1O1O1O1M3N2O1N2N2O1O1O101O00001O000O100N2N3M2O2L4Lkm^`0
20120622063154Uh_6,Rine1110io1040ePN0^O0Yo10]10^o50loI0]P24[oMM\PNOen10PRN3]OM]o124N\PN1eo1O\PN19OSo10oPN0[o=0dPB0bo1000UP80ilI3mRN10LVPN1io1OXPN0WS40glM0nN0P1001\PNOXo11nM1jTNNXk10VR43XSJMei10^SN2ONgo11YPNOlo10M1UPNOko11UPNOjo12VPNNio13ZWaV2
20120622063154Uh_7,_ZiU38ko1OO00O100O010O10O01O1N10000O100000PP20lme10SRXN000O001^o1O`PN1^o1Od20Rg_40PW^K000PQ:0nkPa0
20120622063154Uh_8,\]Qe15ko13M3N2lNF]RN9bm1I^RN7^m1MbRN2]m10bRN2Ym11hRN1Tm10nRNOQm11PSNOnl12TSNLll13VSNMil1IRRN4W11gl1KRRN3[1Odl16^SNIbl15iRNHK3\m14iRNJJ2^m13hRNLJ0_m13hRNLI2^m12kRNJH2^m13bSNM]l13dSNM[l13fSNMYl1NRRN3d1O]l11dSNN]l11cSNO]l11dSNN\l13g1ONM[PN2fo1OYPN0io10=Ojo30moS10RPfN0]P80foM0bP80^oG0]o10l00]nK0TdbU2
20120622063154Uh_9,[lP]151M0Odo1;N1M4M2O2M4L200O2O0O101M2004M4L6J0O1O1N3N2M3J`S_a2
20120707070914Th_1,``[h03mo10000OfP44UoK2N2O2M2N2O1N2N0000FiPNNWo11oPNJPo17;2O10O2O000OO002N100O2cNNkRN1[m1MbRN3bm1NYRN2jm13cQN8an1?8I4L4M:D8GY`TU3
20120707070914Th_2,Qij\18go130O4MO0O3M2M4F8M3N1nPNYOkn1o0eQNPOdm1Q1\RNnNem1Q1h0O003ON0O03M101O1N1O2M11OO2O1N2N1N2O1O011O2L2M2N2OdUg`2
20120707070914Th_3,XZgb11no12O0000000000O10gPNOYo12O0CNkPN4So1MmPN3So1MmPN4Ro1LnPN4^o1100O1000000O0100000O1000000O01000O2O00000000O10000000O10O010O100O100O10O0100O10O10O0100O10O01O2VNFkSN;kNEgl10^TN;kNEgl10]TN=kNChl10]TN=Ul1CkSN=Ul1CkSN>\NCZo1c0O01O0000000001O00000000001N1000EkPNKUo14mPNKRo15oPNKQo15oPNJRo16nPNJRo16nPNJRo15PQNJPo16PQNJon17QQNHPo18PQNHPo18PQNHon19QQNFPo1::0001O1O1000000O10N2O1O100O00100000O100O100O1O100O1O1O1O0100O100N200O1O100O01O1O1O100O10O100N2O10000O01O10O010O00O1O2O01O00100O001O100O1O1DCUQN<Xo1000HFiPN;So1JlPN6To1JlPN5To1;10O010O0100O1O100O1O100O100000000000000O1000_O_OcQN`0^n1AaQN?_n1AaQN<bn1C_QN<So100O10000O_PNH\o18cPNI\o1>0000O1O1O100O100000O10000001O00O1O1O1O100O100000001O000001O01O1O000001OO10000001O0kPNBhn1>WQNDhn1<VQNFjn1;UQNFjn1;TQNFln1:SQNGmn19SQNFnn1;PQNFon1;QQNDPo1<oPNDRo1<nPNDRo1<nPNCRo1=oPNCQo1=oPNCPo1>PQNBon1>RQNAjn1KVQNd02@hn1c0YQN]Ogn1c0YQN\Ohn1d0:O1IhPNFXo1:iPNDXo1<hPNDXo1<iPNBXo1>50O10O01O100O10FdPNO]o10dPN0\o10ePNN\o10fPNO[o11fPNM[o12:O1000000O100O1Ogglj1
20120707070914Th_4,QYce01oo12N1O2N0011NZPNLbo13\PN1bo1N^PN3co1K]PN9co14L100O10O2O00001O0O1O010O1O1N101N11O000001O0O1001O0000000O1000O10O10000O01O010O001O01O0O100001MMM_PN2io1N`fdV3
20120707070914Th_5,YgkQ23lo12N2N2O1O001O00001O000001OdPNKmn14TQNLmn13SQNNln13RQNOnn10RQN0on10PQN1on1OPQN5mn1KnPNI1>Po1>10O10O100O00101O1N2OO0010O001O1ZOkPN?[o102N1O1O00002E\PN6ho1O0000000O2O0O10000O10001O0O10RP\10nocN00001fo;0YPD0O2O001O001O0WPNLfo18O1O100O001O1O001O00000000000O1000O01000000001O001O000000000000000000000010O000000000001O2N1O1O001N1000000O2O0O100000000000000000001N10loW1O^PfN0]o12aPNO^o12aPNO]o13bPNN\o15aPNMYo1MiPN6NMXo1b0N100000000IXOVQNg0kn1ZOTQNf0kn1[OUQNe0kn1[OUQNe0kn1\OTQNd0ln1\OTQNd0ln1\OSQNd0nn1\ORQNd0nn1]OQQNc0on17001CoPNIQo17oPNIQo1HoPNg0Vo1O001N100O2O1O00ePN^OYo1a0gPN_OZo1c01O001O0000gPN^OTo1b0lPN_OSo1b0lPN]OUo1g000O1PQNXOhn1h0WQNZOhn1f0WQN[Oin1e0VQN\Oin1e0VQN\Ojn1e0TQN\Okn1e0UQN[Okn1m0O1GmNeQNS1Zn1oNdQNR1Zn1POfQNP1Zn1QOdQNP1[n1QOeQNo0[n1ROdQNm0]n1SObQNn0]n1;000000000O1000001O001O3L2O2N1O00001oNYQNg0gn1YO[QNd0fn1\OZQN1M:jn1C[QN2K9ln1EYQN1L9mn1EXQN1K:mn1EXQN1J;on1CWQN2J;Zo1DfPN<Zo1DfPN<[o1CePN=[o13101O1O1O001O00001N2O1J5OdWn[1
20120707070914Th_6,obhV13lo15L1O1O001O0003NO0]PNK[o1<10000000010O01O1O001N2N2N101N10DlPNMSo12oPNM5Han1;ZQNOONdn12^QN=an1C`QN<`n1_OeQN`0\n1_OeQNa0\n1\OgQNc0ln1N1O2O00001N101O1OYOEjQN:Vn1FkQN9Un1HjQN8Vn1HkQN6Vn1IkQN6Vn1IkQN6Vn1IkQN6Po10O10O0100O010O10O1O1O[\]e2
20120707070914Th_7,VW[?3io15K4O2N1OO10000000001N2O001O100O1O1O2O0O10001N1Ojo_10UP`N200O100O010O010O1000O10O1000O1000O2dPNJln16SQNJnn16>0000000000001O001iPNHdn1;?1TQNERn1:nQNGQn1:mQNHSn17mQNIUn16jQNJWn15iQNKXn14gQNMZn12fQNN[n11eQNO\n1OdQN2]n1McQN3Uo1000001O4LahdZ3
20120707070914Th_8,_dmd14io1<G2M100010O001O1N101N101O1N2O001N101O1O001O0O101O00eo3OZPL2O2O001O0001Nlo_3OUP`L2N10000O10000O1_OHYQN9fn1IXQN8[n1FbQN507]n1H_QN309_n1i010OJ_QNoN`n1R1aQNlN`n1T1510001O001O0001O001O0000001N100O1O1N2L4O010O100O1O0001O001O01000O0100O01O1O010O100O10O01O100O2O1O000O2O001O00000000000O101O00001O1O010O001O0O2O00000O2O2N1O1N1000001O001NCiQNSOWn1e0URNWOjm1i0YRNTOhm1l0YRNROdm11jQNl0kn151O0O1O0010OUOUQN0O:mn1E^QN:bn1E`QN:`n1FaQN9Uo1M2OUNImSN6Sl1MkSN3Tl1OkSN0Ul12iSNJ[l18eSNG[l1<bSNC_l1>YSNBmN0jm1c0RSN@SOMkm1e0PSN^OTOMmm1f0lRN@UOKom1e0kRNDVm1=iRNCWm1=ZRNZO09gm1=YRN[ON9im1<YRN\OL9jm1<YRN]OK8lm1;YRN]OK8km1<YRN]OL6lm1>WRN]OK6mm1>XRN\OK6mm1?VRN]OK5om1>URN^OK4Qn1?RRNNnm13PRNMQn1P11ON1KXNURNh1lm15001O101N100DRRNeN3Kcm1]1_RNeNKMM3im1Y1iRNjNVm1U1kRNjNWm1T1kRNkNUm1U1lRNiNUm1W1k0O01O001O000O2O0O1N3H70O10O100O0WO_NTSNb1kl1bNRSN^1ml1eNPSN\1nl1hNnRNY1Pm1kNnRNV1dl1ZN[SNe2dl1;1O1O0J7O100O1O1O1O001N2M2N3O1O101N1O100N2N2O1O1O100O00M31N2@[RNcNem1HWRN_1;dNbm1e0URNL;]Oam1g0URNJ\n17cQNI]n17dQNG]n1:cQND^n1<cQNA_n1?bQN^O`n1c0>00100O1O02N1O1O1N2ZOiPN600io1M\OMg001O_a`f1
20120707070914Th_9,Ql\U22ho1O]PN2`o11_PNOao12^PNNbo13^PNLbo1442L300OO3O000000001O10O10O1O01O1N2O0001O1O1O01M3L30O101H_PNNbo11aPNM_o13611M[TWh1
20120707070914Th_10,cVSX33mo10O010O100O0100O011NXPN1go12O0O010O0HLfPN4Zo1MePN2[o1OePN1Zo10fPNO[o10hPNNXo12;OZP8OgoG101O1O000000000000000000000001O1Ngo11XRLOTl11jSN1Ul10jSN1Ul1OlSN0Ul1NlSN2Rn1OQNOoSN1ali03[QXO2O2M101O2N1002N0000O1O1O1O1O101N2O1O1O101O01N000BjPN2Uo1NmPN1Qo1OPQN1Po1NPQN2Qo1MPQN2Qo1MoPN3So1JoPN5^o1OShha0
20120707070914Th_11,kVc?1VP>0hoC0oo10aoS30dP`M0nP\O0nnM3N1OO10000O100000000000000000O1on=ORQB1O10O001N2OUPN2io13M2N3M10O101N1O1O1Nmo9MTPF41N0000001O0OWiXX3
20120707070914Th_12,YVkP34jo13M3M2G9N2OIiPNFWo1:lPNCTo1>61OIfPNKWo10gPNN60mn17ZQNGfn19`01cPNGSo1:kPNH0Lmn1=RQNH0Lmn1=SQNMmn12TQNNln12TQNNkn13ZQNHfn17^QNFln10VQNNjn10d0Oao34ooKLnPN3on12PQNMPo14oPNMQo14mPNMSo14jPNNXo1;101O000000jPNAkn1?PQNGnn1:QQNGPo17QQNHPo17QQNIfn1J]QN:0Kbn1M^QN54M]n1ObQNL73Yn1OT1OdkTl0
20120710063134Lh_1,dhng07go17I9E8K3N0O2O001BPOjQNP1Un1QOkQNo0Tn1SOjQN3N=Tn1DlQNK7?im1JRRNC:?Qm1AmRN`0=Mel1EjRN`0d0Hbl1KeRN`0m0@^l1m0Z11N2O0100O100O0M4N2O1O1O001O00100O001N2O1N2O001N2O1O10O01O10O10O01O010O1O010O010O10O01eTN^OXg1a0hXNAVg1?kXNBTg1<mXNFRg19oXNGPg1:PYNFPg19dWNAdN6hi19cWNBfN4hi19aWNChN3hi1:PYNEQg1;PYNDPg1=oXNBRg1>X4001O100O001O00001O0001O0000001O000000001O0O101N1O2O1N101O0100O01000O10000O0101N010O10O0001O001O001O0OnPh0MToWO6L1N2O1O001O00000001O000010O0100O100O20O0000000O2N100O1O0010O00001O010O1O11O0000002N000aPNC[o1a00001N010000O010O010O010O1O010O000010O01O010O001O010O0001O003N2M101N010O01O2N1O000O2N1O1010O00105J2O0O0010O0100O2O0000O102M3M1O1O1O2N4JToQ1KRQnN1O2N1N2O1L400M3O1000O1O2N2N1O1O1O1N3N2N100O2NVWme2
20120710063134Lh_2,Ql^j191L[o1b0I8H8F:D:M:F?A3N5KlMRSN[1hl1dN^SN\1]l1dNeSNb1Tl1]NQTNa1kk1aNYTN\1ek1eN[TNME=nk1F^TNJI>ik1H^TNENd0ck1F`TNC0g0`k1EaTNDOg0`k1DbTNDO3YO4Xl14_TNE2N]O7Rl1IdVN5]i1KcVN3ai1JaVN4`i1KcVNMbi15U3MRUiS2
20120710063134Lh_3,SdfW11no12O0000001N1O10000O0L5O100000000O10000O2O0O1O2N101L30001O0001O0001O000000000000O100O100O2O001O1O1O002N001N1000001O0000001O000100O1O100O1O01O2NAE[QN8en1I]QN5cn1K]QN5cn1KnPN0;4hn1KlPN2=1hn11[QNMT[_c2
20120710063134Lh_4,]^_c13mo11B3fPNN[o12bPN0^o1:O010O0hRNDmj1;RUNFoj1:PUNFRk18mTNITk17kTNIUk17jTNIVk18jTNHVk18iTNJVk16jTNJUk17jTNJVk16jTNIWk17iTNHXk18gTNG\k18dTNHak13_TNLck12]TNNdk12[TNNfk12fSN0nN0^m1O^SNg0bl1ZO\SNf0fl1YOYSNh0hl1WOWSNi0jl1XOTSNg0ol1YOnRNi0jl1UO^RN2g0j0GQOal1>fSN;0YOYl1;gSN;2_ORl16kSN69Fjk14lSN5<Fik14lSN4=Ghk16iSN3`0Ggk17hSNOd0Fhk1>`SNLj0Bhk1d0]SNIom17PRNIPn18oQNHRn18mQNHSn10cQNCO379]n11_QNF1:an19^QNGcn18]QNGhn12UQNC4:in12YQNGPo17PQNIRo15nPNKTo14lPNLUo12lPNNTo12kPNOVo1OjPN1Xo1MhPN3bo11O1O0001O0O2O1O001O1000[Rf0NR]hV2
20120710063134Lh_5,ihlg03oo1OD0UQN0Yn11fQN3Wn1KQRN2mm1NVRN1hm10XRN0gm10[RN0bm12^RNN]m17dRNH]m17cRNI]m17cRNI^m15hQNNQo10kPN0Zo12bPNM9N60Rn18mQNHO0Sn15TRNKF0Wn10ZRN2ZON\n10`RN5`m5K[QL0O010O0M3OMRo70PRH0Un10jQN0RO0Wo10cQL0`n10WQb00ao]O0O0^O0TQ60^oM0[oM1ePNO1000PP60PPJ0T32dL0[PN2bo1610O010VMFoUN7Sj1IeSN0f14gj1LnUN1Sj1OmUN1Sj1OcSN0in70WQN0inK0VQN0jn10VQN0jn10VQN0]o1000^O0b00WPf00jo[O0PPN0;0[o10cPL0go10O1FOdPN0fo11O0GOcPN1fo10HOaPN0`o10`PN0ao10YP22lXUP3
20120710063134Lh_6,nk^j139NL0Ro13b0OVQNNjm12^RNNVm14TSNLdl10fSN3Zn1OnoM3QP4KPPN1mLOlSN0V10ij10VTN0Q10dj10gVN0Qi11gTN1]m1O[1OXRN0SN1So3O`PN0mn10PRL0h00Qn10fPN0Rm10kRN3h063H[OOPP20SL0gSN0T31Ui1OfSN1m2OPM5cl3L_TNOem31VQL2NO2OnT[S2
20120710063134Lh_7,YZUg11mo13N3N2N001O2N2N1O1O1cPNBVo1OoPN<\o1N010O1O1O001O0O10000O1000001O000O1000000000000000000O1000000000O10O100O2NZehU2
20120710063134Lh_8,eego12mo12FObPN2]o10`PN2_o19O0O2O01O01O002O0O0000000000000001O00100O1O010O0000003@`PN=`o101O00001O3L10O100O100000O10000O101N1O2N[ONh01kPN0Xn1OeQN5[n1KeQN6Ro10O2\PNH^o19`PNI_o1<00O01M`PNE`o1<20000O1001N1O3M4M0O1000O10001O0O010O010EfPN0Zo1OgPN1Zo1NgPN1Yo1OgPN1Yo1OfPN2[o1MePN3[o1LfPN4co1O1O101N102M1OoYVj1
20120730072014Th_1,bYkg11oo11N1UPNNho1500SQN0k1KWi14oTN1bk1KiVN6Ui1K`3OPQN1Po10hl?0[S^O0io15^VNKWc15S[NL00ma14R^N1NKoa15R^N0`f11_YNMcf13e41O0oQNHZl19dSNJXl1:fSNGXl1;hSNDWl1`0hSN]OXl1e0`1100O1\TN[OaLMVk1j0SXNEkg1;TXNFlg1:TXNDmg1=VXNWOSh1j0a31N1O2N3kQNmNXm1V1RRNkN<4_m1Y1^RNiNam1Y1\RNiNcm1X1\RNgNem1Z1YRNfNhm1[1WRNdNe2LVh1b1SUNbNg20aMLTj1l1\XNYN^MLUj1j1_XNZN[MMUj1g0hUN0j2[Olg1:WUNE6c0j2\Oig1f0^UNIn2]Ogg1k0ZUNGom1;PRNDPn1>oQNAQn1`0oQN_OQn1b0oQN]OQn1d0oQN[OPn1g0PRNYOom1i0PRNVOPn1j0QRNVOnm1i0URNVOjm1h0YRNWOfm1c0dRNZO\m1e0hRNWOYm1i0o000001lUNSOSe1m0Q50O1001N1O00000001O10001O2N1O0aQN[Obm1f0YRNCbm1=[RNIbm1Z11O1O10O^OYRNmNfm1Q1[RNoNem1Q1[RNoNem1P1ZRNQOhm1c11O0O2O0K6M201N2O1O2N1001`RN^N`l1a1_SN`Ndl1\1\SNeNfl1Y1S1dN_QNS1jn1N1O2O3OOO11TUNUO_f1h0^YN]Obf1N^UN63IZ35Wg1J`UN8JM[31`g1F]UNk0Q3]OSh1a0mWN\OWh1c0jWNZOYh1e0a31aVNYOdc1f0\\NYOfc1e0n5MQSNMci1A]TNa0n10Tj10gUN6hi1YO`TN`0g17[j1IdUN3j0_Oef1>`XN0Q1@_f1a0^XNOij12UUNLnj15oTNIUk18iTNFYk1;dTNF]k1;aTN[O[N7Um1=`TNEbk1:^TNDfk1<WTNElk1:RTNCSl1=jSNEXl1;dSNECHo10Rg1d0XWNFd2FYL0ii1e0WWNCi2IVL0ki1f0PWNAQ3Mgc1MaZNf0_N]Oc30\c10`ZNd0ZNAj3L]c1N_ZNe0ZN^OR2JXO5ne1M^ZNg0ZN\Oi1JRN0_16Pf1J]ZNk0YNYOk1LH7mg1d0oZN\OQe1e0nZN[OSe1h0jZNXOVe1i0iZNUOXe1m0^XNQOmi1Q1PVNTOli11mSN=W2Bmi1NQTN<V2B\j1;f2EjT2NbkM0ZQNO]m11bRN0lNOeo17O0jKHeXN9Yg1KdXN6[g1MbXN4]g1McXN3]g1L]VNI=;Ui1LfXN2PLGYk17jXN0Wg10lXNNVg1LnXN5_k1O000N2000SLMmWN2VLNjk11SXNOng16k303K]n53dQJOfghk1
20120730072014Th_2,hiTP12Yo10ZQN1dn10\QN1cn10\QN2bn1N^QN3`n1NaQN2^n1NcQN2\n1NgQNOXn12iQNMWn13k0O10000O1O10PQN0Pn1OQRN1on100000jN0\RN0bm12^RNNbm12^RNMbm14^RNLam14U1101N1O0O2000O100O1000000001O0O1000O10O10O100000000O10001O1O0001O00000000000^PNJZo16ePNK[o15ePNK[o15dPNL\o14dPNL\o14dPNK]o15cPNK]o15cPNJ^o16cPNI]o1850100O10O10O1O1O010O001O1O010O01O01O0000010O0001lQNMZl13eSNM[l14dSNK^l14h10O10000O10003L3O?@01N1O102K8]OaPN5oUih2
20120730072014Th_3,QRm[22no11O0O1O2O001\OJ\QN6dn1K[QN5en1LYQN5fn1MWQN5in1LUQN5kn1KTQN7kn1NPQN2Po1OoPN2on1OQQN2nn1OPQN3nn1`0N2O10000O01000001O00O101O002N2N1O000000F\QNXOen1f0^QNXObn1h0_QNVObn1a0ZQNA5Nan1`0\QNA4Nan1`0d00O1000000000000001O0000000000000001O0000000000HfPNI[o17ePNI[o17ePNI[o17fPNGZo1:fPNGXo19iPNFXo1:iPNDXo1=5001O010O010O00O100O100OFFoPN;Ro1DnPN<Ro1DmPN=[o10O0010000ECRQN>nn1CPQN>on1:00001O00000O2O00000@iPN6Yo1HhPN8Xo1FjPN:Vo1EkPN;]o1O010K5O103M1O1O1Njnd\1
20120730072014Th_4,_]Sn12no101Ob01]O0]O0VQN1hn11TQN2ln1NTQN2kn1OUQN1kn1OUQN1gn13YQNMgn14XQNLhn15WQNKhn10nPN090in10oPNO81in1OPQN081gn1ORQNO72gn1ORQNO81fn10RQNN92en10RQNO81fn10RQNN92en10RQNN92en10QQNO:1en1ORQN091en1OQQN0:2fn1MPQN1:2fn1LQQN1:3en1KRQN284kn1LVQN3kn1MUQNOD0Wo10VQN0B1Xo1OUQN5[o1O010O010KZPN0fo12XPNMio15O10O000001OO100000010JXPN3ho1MXPN20Ngo10ZPN1ho1O\PN0bo10^PN0ao10`PN0_o10aPN0_o10aPN0_o10bPN0]o10cPN0]o10cPN0^o1081XPN0`o165Mdblm1
20120730072014Th_5,Tlne11oo10O2O1O001O0O2O1O001O001O0000000O1O1000000[OEeQN;[n1FdQN9]n1GcQN9]n1GcQN9]n1FdQN:\n1FdQN:Qo1O010000O10O1O010000O1N2O100O010000N2N200O10000O10O010000O10000O100O1000O1000000O1000O100O0100000O10O0O20O100O1O100O100000MMYPN3a0Mbn16^QNJbn15_QNKan15e001O0O10bPNMon13QQNNnn12RQNNon10a00O02O`TcS2
20120730072014Th_6,Sagb23lo12N2N1K6N1O010cPNDUo1e0O01O010O2O0N2O1N2O001O000O107I0ODNlPN2So11kPNOTo12lPNNTo13jPNOTo1?K5O100O01O1N10UMXO`VNg0ai1ZO^VNd0ei1[O[VNd0gi1\OXVNc0dl1N1O2O1O001O1O0O2OnPNG]n18cQNK[n15dQNM[n13dQNN`m1KhRN6H0_m1LhRN4H1`m1KhRN3H3_m1KjRN1D6cm1IiRN0D8cm1HiRNOE9am1IfRN2H6bm1HeRN3H6bm1HeRN4G4em1IcRN3G5em1JbRN3G4gm1JaRNj0am1VO]RNj0dm1XOYRNh0hm1ZOURNg0km1ZOTRNe0lm1^OQRNb0Pn1g0000O010000OFQRNeNom1[1RRNcNom1\1QRNeNom1[1QRNdNom18SRNa0NWOnm17XRN`0H[OPn12[RNn0FhNjm19bRNR1^m1lNdRNU1[m1jNeRNW1\m1gNeRNY1Pn1O2M201I[QNQOfn1l0800001N1O1]OWOPRNe0Un1]OgQNd0Yn1b0002M3N6JXOjNhRNS1NnNal10bSNP1NPOal1ObSNo0OQO\m1n0cRNTO]m1j0dRNWO[m1h0hRNUOYm1k0n00O1O0FVO]QNm0bn11\QNTOdn1j0_QNSObn1n08O2N1O2N1O2N001N1000000O2OAB]QN?an1E[QN<fn1EXQN:in1<200O0100001O10O01N1L4O2O01O00O1K51O0O1O1OM4O1O1N002010dPNDTo19nPNHQo16RQNJnn14TQNM_o101OdajR1
20120730072014Th_7,XX]h11hl90WSH3M0O2OKXPN0QP40loM0RP40doM0YPN1]PNOG1[o1ORQN3ln1MVQN3hn1M\QN0cn10f00010O001000lQN0Sn12SNNjSN2Ul1OjSN2Vl1MoRN1J2Wm1MQSN1D5Zm1JUSN0PO47OFOlm1NZSN2kN26MN0em1OdSN2iNN00cm10fSN0ll10USN0dN030bm10hSN0kN0^m10lSN0`N0]o10cPN0fo30onM41LdQN1E2JOi0NTn12TQN1c0O^m1NjRN7GJ`m1OkRN6jm1JXRN5j1LSj11TSNNh21Uj11RSNOi2OQi10YUN5[OKln15a0ObPNLem10USN1jN0<Odm10USN1mN19Ndm10TSN1SO04Odn16\QNLMNfn10hQN1^O0do10[o1Ol00PoM0o0001100OnPN2nn11000O2O1000POOQRN0om10XSN2_k1N]SN0D0B4]m1L]SN0YO12OE4dm1L]SN0TO0?3Un10VQNMen50^SJ0ek10k31dLOXSN0bN0Vn10\SN0dl10WSN3ll1Md10mQ43SlKMiSN0]l30aSL0al10^SN0cl10\SN0fl10XSN0@3Rl1M^TN0WO<[l1DWUN5fM0Tm1LoTN9nMKWm1KfTN;TNIXm1M`TNe0ak1\OdRNN20^1h0nk1YOhRNOk00XO6H4OJim1LWSN0XO2H0162Khm1NTSN3RON65MJnm1OlRN5YO2Tn1JbRN3ZO3Un1KbRN1VO7Vn1KaRNNYO7\n1GfQN46NFN32]n1MbQN3ON92MOYn10^QN24Mg0Oim16bQNKc0Olm14dQNL?0Pn10YQN34Mb00Sn15n01]PNJ\o16dPNK`0OSn17^QNL<MWn13WQNM92So13nPNLRo11dPNN<0Po14bQNLmm12TRNNlm11VRN0Yn1OXQN1gn1OZQN0fn10d000000hPN0an10^QN2Xo1N]O0ZQN0fn10ZQN0fn11ZQNOfn10[QN0en10\QN0cn10_QN2\n1NeQN1[n1OfQN0Zn10j00hM0aTN0`k12^TNNbk13ZUNMii13ZVNNbi12]UNMnN1ek10aVN0^i1Oj53SMMePN000<0Zn16[QNK8O`n11\QN0I1L3_o1NhPNOfo1N`g`m1
20120730072014Th_8,ee^Y21ko15F9L4N2M3M2O10J6K41N1O2O2N3SQNZOZn1i0eQN[OVn1g0gQN\OZn1>aQNYO75HN`n1;cQNC<3CN_n1OcQN1f00Uo1N`ZWe1
20120730072014Th_9,Ukh[21Qo11m01O2N1O1001N010O00LNZPN3fo131HZPN4io101O1O10O1ZPN1Yo1OgPN2Xo1OhPN2Vo1NjPN2Vo1OjPN0Wo10iPNOWo11jPNOUo12kPNMVo12<01M=NH1SPb01ko]OO00LO51N2O010O1O100O10O010O01O010O00010O0001O00001O002MhTm_1
20120730072014Th_10,fTol11PP40XQ40PoI0D1SQ64SoGK_m10RTN1oN6nl1IgTN8Xk1HhTN8_m123M1MgMLaTN0kk10TTN0lk10STN0nk10fVN5af1L_YN3bf1L_YN1df1O`W21UlMOXRN0cm10\RN0em11ZRNOem11bQN2:MUn10`QN3Wo1MiPN1lo10XOOQQN1ao1OW4`0SK6L[OnPN9Yo1GlPN1Zk1NkTN0o20nL1To10lPNOij10VYN4oKLmj10TYN4lKM]o14`PNKbk30ZTN0hSN2hk1=JDWQN0fn10\QN0Uk1NdWNO]M1Pk10\UNOP10dN1Rk10^WNO\M1[k11WWNN[M1kl1Od21kQNOdN0Sm11WTNOdN0Ym10QTN2dNNTo11mPNOTj11cUN0e40ZKO70Zj14hWNL]N0W10hh12ZZNOXh1OnTN0SN0Rm10iTN0RN3:2cn1K`QN6Sn1JbQN1`00Yn1O_O4[RNL]O1[k1O_WN1cM0C0]k1O]TN3X31kL4Z1Jlh1OkXN1TM3Z12cNK]i1N`VN0h20[M400a14_NH^i10eYN5lLLh14RNK80ak10\UN4oNLXn11kRN1[m1O\1OT12eMN]RN1R1OjM030Ul10lTN0S11QNOlk10PUN0T10PN1do1O^M0_U:3baPm1
20120730072014Th_11,eaZj28ho110M3MVQ2OknM3N1QONoQN3dm1JlQN6>2dm1KkQN5>2fm1KiQN6MJ<5mm1Z101O10O010O2N1N3bNdQNU1]n1hNhQN2I826an1AhQN7I5an1DhQN3J8^n1FaQNO;:Sn1HbQNN=7Rn13PRNLom13TRNKmm16TRNGfm1`0m07I001O0000DmPNJTo15nPNJRo15oPNKQo15oPNKRo15lPNLTo1a0OO1DmPNJTo13SQNGon18>L3OP_gR1
20120730072014Th_12,^c^[32no1OWP22boM61O001NURNMjk13mSN9Ql1GoSN:Ql1DPTN=nk1DSTN;mk1ESTN;mk1ElSNe0Pl1\OoSNf0Pl1[OnSNf0Rl1[OmSNe0Tl1\OjSNc0Wl1^OdRNIl0h0bl1^OaRNKm0g0bl1^OaRNLo0LRO?_m1J_RNLV19\l16bSNI`l16^SNJdl17YSNHjl19]RNC43cm1:WRN<jm1DVRN<im1FURN9mm1HQRN8Pn1j02[NoQNZ1Qn1:003M1O2[OhQN^OZn1?jQN[O[n1d0hQNYOYn1g0b0N2O2N00O2O00N2E>HT\_a0
20120730072014Th_13,]edW13mo14K2O2M2O1O0O101OOmPNCdn1>[QNDen1<ZQNDfn1<[QNBgn1=?O001G^PN2co1L_PN3ho1O01O001O010O100O01O1O000010O1002M100Nko31VPL0000NYPN1co16N1O0002O1NO2ePNM[n10^QN37NYn12[QNJ05<OYn18ZQNI=OYn17[QNK<J[n1;ZQNKVo15jPNI6Kgn1<UQNF50dn1;WQNC54bn1:dQNG\n17eQNKYn1OnQN0Sn1NnQN3Qn1MoQN3Qn1MoQN4Pn1OmQN1Sn10mQNOSn11nQNNRn10QRNOom10RRN0om1LURN3ln11[NK]SN5bl1M]SN4bl1L]SN5dl1J\SN7Vn1O3N1NSY_c2
20120730072014Th_14,T_hd11oo12SO1eQN0Yn11gQNOYn12gQNMYn13hQNLXn14hQNLWn15iQNJXn15j01O000O2O000000001O01O1O01KHaPN7_o1IaPN7_o1IaPN7_o1J`PN6_o1KbPN3_o1N`PN2`o1N`PN2`o1O_PN1ao10^PN0co1O]PN1co16002N2N00010O00QQNIWn15j010O1O01O00O2O0O2OXPd0OjoE0[Pj11bokM3N2M2ALPQN4on1OoPN2Po1OnPN2Qo1OoPN1Ro1NnPN2Ro1NnPN2Ro1NnPN1So1OmPN0To10lPN0To10lPN1So1IkPNO38`o10KGbPN:]o15O1O0100MbPNC^o1<2O201O100O10FGmPN9So1GmPN8Ro1JnPN6Ro1JnPN5So1KmPN3Uo1MkPN2Wo1LjPN4ao100O2O000Omoa0OUP^O00100\aaQ2
20120813063134Lh_1,eanX13mo10O3M10000O100O100O1000000000O10000000000000000000000000O101O001O00001N100000000O101O000O2O1O1N101O010O001O01O01O01O001O010O01O010O010O07J0O1O10O01O010O1O1O2N2M4L^P:5\oE4M2N2O1N2O1N3N2M3N2N001O0000000001O0O100000N1100O101N100O001ZOkPN`0\o1N101N101N1M3N3M2O3MRRl00nmSO4L2O1O2N0O2O1N2O0N2L5O0O100O10O10001O001O00001O01O01O01O01O01O01O001O1O001O1O001O1O010O00001O01O00001O001DASQNb0kn1CoPN?Qo19N2O^OSQN2ln1MWQN3gn1L[QN4fn1I\QN7cn1FaQN;^n1BeQN>nn11O0100O101N2O1N1O100O10O010000O010O100O010O10O100O1O100O1O010O0100O100O1O1O1O2M2OePP1N\ooN3N1O0O2N2O0O2M2001O0O101O0K\PNMdo125100O100000000O01O101O002M[YgT2
20120813063134Lh_2,idla12XPb0Ogo_O010O00000oo10[o50gPL00000ooK0]RN0bm14bMLjTN5`m13N0eMHnTN6`m1NnmY1LWRfN0O100O10O1OcPN0jn11c00bPNOmn10SQN0mn11QQNOPo12`001N[PN0eo3000go10:0ooK0YP20^oM0ZP80[PJ0WoM0iPN0Vo10jPN0Vo11jPNOUo12jPNNVo13<0]PNM[o10dPN0fo1000O010SPN1lo1011YPf0OfoYO1O2NNVPNOho11[PNN^m13WTNO]N0ON[m14ZTNNZN11MZm16ZTN3^NGWm16[TN2`NHSm17^TN0_NISm17^TNOmk11TTNLbNMnl16bTNL`NNol15aTNN_NMRm13_TN0^NNUo11kPNOVo11iPNOXo10cPN0MOgo14XYaU2
20120813063134Lh_3,Q_iQ25io13fPNIin18TQNNin11UQN3in1NVQN2jn1NVQN2jn1OUQN1ln1a0100O1O4M1N10000O1O101N10@A^QN?^n1BUQNO<`0^n1DcQN<\n1EeQN:Zn1FgQN:Xn1FjQN:Un1FlQN9Sn1GQRN7mm1IXRN5fm1J\RN7am1J^RN6bm1J_RN6`m1K_RN5[m1DnQN6g06bm1J^RN6bm1J_RN5am1L`RN2am1MbRNNam11Rbhk1
20120813063134Lh_4,i[]_17io19ZPNBXo1f0L5K2M21O101N0000000IQQN]Oon1b0SQN]Omn1b0UQN\Okn1d07001O2O1O100O100O1O0O2O1N10ISQN\Omn1e07O1I8J5O101N10000000O0O101O2O00O1E^PN8do1O1JSe^]2
20120813063134Lh_5,W^_W23ko16K3N1O100O1PNFYTN:dk1JZTN7dk1J\TN7bk1K^TN4bk1KaTN4]k1MeTN1Zk1OjTNNUk13mTNLRk13PUNLPk1NWUN1jj1MXUN1jj1LhQ80hPH8O0ZPNIao17^PNKco190I]PN0bo1O_PN2ao1M`PN2P3OYi1MiSN3m23_i1KbVN9\i1EeVN<^l11aJCZ[N>ed1DZ[N=dd1HW[N9id1GW[N:hd1FW[N;id1EW[N<hd1CcVNLR4a0\e1AbVN4j0Hh1b0ag1HfVNGi1`0ag1IfVNGj1?_g1KPZN2oe1OSZNOle12UZNLke15VZNIke18TZNHle18UZNFke1=UZN@le1`0k40O0001O0000VSNCRj1=mUNCTj1;lUNFTj1:lUNFUj19jUNHXj16hUNJYj15fUNMZj12fUNN[j10fUN0[j1OeUN1\j1NdUN2]j1LdUN4^j1JbUN6Um1O0O2O1M_le00cSZO1VQN0am13]RNMcm14hQNJ72om15jQNK6NPn17kQNNgn11XQN1gn1NZQN2fn1NZQN2fn1M[QN4dn1K]QN4fn1I[QN7Wo10iQNJdl16\SNJdi10iWN6bNKei1OiWN5cNLdi1OjWN4cNLdl13^SNKcl14f1NjQb0NYn]O125DJ\PN9bo15N10O1O1N101N1O2O0O10ZRNJbk16T2O]QNM\m12cRN2Zm1MfRN5Zm1IfRN8`n11O1O2O000O200O1O1O1O00001N@kPN7Vo1GlPN8`o1M3M^ka0NdT^O101O100OO2OYT>3bkA3O2M2O1O1O01O011N2N1O2M2NYn[11gQdN2M1O10O100O001O101Nfng02YQXO2N001N2O001aLEoSNOS3;mh1NRWN2kh13SWNMjh18TWNGmh1<oVNEQi1=mVNCRi1>mVNBTi1>lVNBUi1>iVNBYi1=dUN\OXO7Vk1<kTNZOD5:4Zk1;hTN^OB4<1`k1IeSN4T1OYO54K@4km1L`RN646Pn1JoQN3im1GnQN491nm1LiQN0:4om1K]RN6em1H[RN8gn1O2O0O101N1NcflW1
20120813063134Lh_6,_ba]2121O0go16001O0000000N1100O1O101N10000O100000O100O0100O1000000000O2O000000O101O000O10O1O1N200O1O1O2N2Ng]^_1
20120813063134Lh_7,c\_R27eo1:H3M2M2011N2L6FWn7LaSFNXm12gRN0Wm11iRN0Vm10jRNOXm11gRNOYm11gRNOYm12fRNM\m12cRNN^m13cRNJ_m15W1O0NRQ>1nnA3M001O010N2O0DGRQN:mn1GkPNO39To1LkPN4Vo1LiPN3Zo1LfPN4Zo1MdPN3]o1LfPN2[o1LgPN2Zo1NgPN1Yo1NhPN1Yo1O<1O0TeVj1
20120930063534Lh_1,hmbc26go14N3L2O2N1000O100O010OL5O001O001N1010O010O10O01000000000000001O010O0001KjPN^OVo1a06O1O001N101O001O1O0010O010O1O101O1N2O0O10000O1O100O10O10O1002M104K3M1O010O1001O0O1O1O2M2O1N2O1O1O0010O01O@iPN8Vo1BQQN>[o1N000001O1O1O10O1O000000ZQNFem1:XRNGjm19SRNHnm1:PRNERn1;lQNEVn1;iQNEXn1=fQNB[n1?cQNA^n1?bQNA^n1?bQN@_n1`0`QNA`n1`0_QN@bn1?^QN@cn1a0>100O01O1O4L1O1N1N2O1O2N2L3NmoVT1
20120930063534Lh_2,]jbc14ko13M3[PN3So1?N5L1N3N5J10O1nN^QNe0cn1WObQNg0nn1N2N2N1O1O02N101N1OO1O1O2N1N2N3N2O0O10O11N020M3NlSUZ2
20120930063534Lh_3,]d^j02mo13J5N2O001O0000001O002O1N2N2O0O1O4L1000O2N00100O1O1O1O1O1O100O10O10O10O100O1N2O1O011N2O0000O03M3M3M:F1O2N1O2OO0YOdQNK]n12gQNNWn11jQN4Pn1LPRN5Pn1OjQN2Wn1k0010O100O0ROjQN3Wn1_OVRNa0jm1]OXRNc0hm1[O]RNc0bm1[OaRNd0^n1O1N2O0N3N100O01000O1O2O1N1O2N2O1O001M_Ymo2
20120930063534Lh_4,^QW]27ho17H9H6J5K4M1N3M3M;E4L2N1M3M20N2N1O12N3MdNbRN;[m1CkRN?_OXORm19dSNn0Vl1ROnSNn0ok1ROTTNn0hk1SO\TNm0_k1TOdTNk0Xk1UOmTNk0mj1VOXUNk0aj1WOaUNj0Zj1YOhUNg0Sj1\OoUNg0ki1ZOVVNh0gi1XO[VNm0^i1ROfVNn0Wi1QO[WNc0ah1YOfWNg0Wh1VOoWN@ZMk0fj1BcXN<\g1CgXN=Wg1@oXN>of1^O]YN<bf1AdYN<\f1CfYN<Zf1EfYN:Zf1FgYN:Xf1FhYN:Xf1DjYN<Wf1@lYN`0hj12N3N2@VOgQNl0Xn1SOiQNo0bn12O100O02M2O3WOQQN9^o1N2M2O1O2N1O2NTk`^1
20120930063534Lh_5,lXkn13mo11K5O2O000000O01O1000000001O1O000O10000O1000O2OO2O0002hPNK`n16\QNLen16WQNKjn17RQNJnn1d01O1N2OJXOVQNf0jn1[OVQNc0jn1^OXQN`0in1@XQN=in1EWQN7mn1GTQN4_o1O1N2Nne\n1
20120930063534Lh_6,aY_Q35io13N2N100O101N0^NF`SN:_l1I^SN7dl1H[SN9hl1EUSN<ll1ERSN<ol1CPSN=hl1BYRN1o0<hl1EXRNOo0<jl1EVRN1o08ml1HRRN0R16Pm1IlQN1T15Sm1GkQN2T16_n11O010M201000OBJTQN5kn11QQNOnn16RQNEmn1>TQN@ln1`0VQN]Okn1c090010N2O001O0O100O0100O0100000001N2O1N2O0J^PNMdo10_o=7_PB2O100O1O1000001O0000O10O10O100O100O1O2O000O2O0O2O2M^Pb00bo]O01OogVh0
20120930063534Lh_7,b`lb23lo12N2M3O001O000O1O01O1N10]OK]QN5cn1L\QN3dn1O[QN0en11[QNOfn11YQNNin11VQN0kn10SQN0nn1ORQN3on1JRQN5\o10010O1000O0MK]PN5bo15O0M3M3L5O102N1O001O1N10ASQNKmn14VQNIkn16WQNIin16YQNHhn18YQNGgn19YQNGgn19ZQNGcn1;]QNDdn1<]QNCcn1<_QNC`n14RQNLf02Un11oQN0Qn1NQRN1om10QRNOom10cacY1
20120930063534Lh_8,hfWe15ho15L3O1N3M2O1O1OChPN2Yo1LhPN4Xo1KiPN5Xo1KiPN7So1KmPN4Ro1MmPN4Ro1?N01M2001O1O10O001O010O01O1N2O4L3L4WQNiNcn1[1N3N0O2O1000011NO101`NcQNY1dn1N2O0O1O1lNVQNo0Qo1L6ZOlPNM1MdWfW2
20120930063534Lh_9,eQW]21\P40TP80co51ko_O01O112OnP`00kj50STZO0mo70dTF0jdm30eVVL0a00[o?0UP^O00000[T20dkM3M3N1O1O010O001O000001OaKHVYN7[k1O1N2O_k]1M[Wh03UmiM2N2O0O01N2O2N2NWTn00jkQO1N2M3N11M^h]2LmZSo0
20121024073354Uh_1,acb[12mo13K4M201O0cPNETo1<kPNHRo1c0001O1O01OO00N2L[OPQNb0Ro1]OQQN`0Yo1M200O010001O001O2N2ePN^OTo1h0O0010VOnPNd0Yo1M6K200000000O01N3N2M113MN0O_RN]Ohk1b0XTN^Ohk1c0k1O10001O00O10O01O11O10O3M100O00O2@hPN5c1Kik1KjRN8L7j0Hkl10YRN<h0Eol10WRNd0a0]OYm1P1cRNPO^m1U1\RNkNfm1MRRN32b01@lm1ITRN13T1km1iN`RNV1`m1jNbRNT1Wn1N2N1000YQNQO^n1M_QNk02YOcn1h0[QNZOdn1R1M3K5M3N2OiNlQNc0Tn1YOoQNg0fn1O2N2M2O1N1OjK[OSYNd0nf1]OQYNc0Pg1]OoXNb0Tg1[OnXNd0Wk100N2M3M4M3MXm1KoRN1O000_[g]2
20121024073354Uh_2,m_Wc21=5[o15M1N2M2O1O0010O1O1O0O_LCbWN=^h1F]WN<eh1C[WN=fh1A[WN>Tl1O100O1000O0O0^OKZQN7fn1MTQNFN<ln17YQNA\n1l093O1PRNmNRm1T1mRNmN\k1MaUNl0\NUOl04oj18bUN=E]Ogj18dUN9G^Obj1=eUN5MYO^j1f0[UN7Rl1MiSN5Ul10gSNOZl15bSNKNTOjk1R1cSNVO7b0:ZOkk1]1iSNYO;\Olk14eSNF0m0ONa0\Olk1JSTNh13^Nel1Z1^SNeNnl1J]RN0Oj0h0YO]m1`0Z1I4K2O2JdafY1
20121024073354Uh_3,VRgg12oo13L0fPNMgn12VQNMD3Vo1OVQNND4Uo1LYQN1A3go14[PNI_o1>UOCPRN<om1ERRN;mm1ETRN:nm1DTRN:nm1ERRN;jn1O001OKGdPN8[o1JdPN7Uo1IiPN224Uo11kPNOUo1LiPNN35So1NRQN2nn1NRQN3mn1LUQN3ln1MSQN3nn1LSQN4mn1JTQN5mn1LRQN4mn1MSQN3mn1MSQN3on1JRQN6\o1O10O01000O0100000O1ZPNL`o13aPNN]o13cPNM\o14dPNMZo14fPNMYo13gPNMXo13iPNLXo14kPNHUo189000O1O2E:OO2N12O002M11HmPNAVo1>8MPOKZRN1em12[RNGjm18o0N3O2LaRN1am11N100O10ObldS2
20121024073354Uh_4,ZQgX13ko14H7K5M3fPN\OUo1h0M7J4M0001M3N2O2N3NTLVOgXNc0Zg1]OiXN?`k1L6J2N2NPnc03lQ\O3M3N1M2O2K5L6J4N102hRNPO]k1R1aTNnN^k1R1g1MPOZOZRN2Nj0dm1Q101N1100N3N3L4JUTNVNki10UTN`1f0cN=MQk1^1bTNeNRm1L\RN>KJh0K\m18nQNMg0H\m18QRN0nn1LVQN1SQcc2
20121024073354Uh_5,heXi23lo12K5O1O4L2OO002N0CbPN8co101O0000000100O00010O2N001O001O0O1O2I6L5N2O3M1O1O1O1O100O010O01O00100000000O1O1O1O0O1N200N200000010O2N1O1O10000N4F8N2LjY]R1
20121024073354Uh_6,abkn04Vm1N^UN2aj1O^UN3aj1M_UN4`j1L`UN5_j1JbUN6_j1IaUN8Sm100000O100000O010O101N100O2Ndoo0O^PPO1N1000000O10000O2O00000O101O0O1O2N100O10000O10O010O00001O00100O100O100O2O0O2O2M2Nfn]21YQbM2O1O000^PNLXo14gPNLZo14fPNL[o1390000O102Mfo91WPF6J6L2O0O2bSN^O[i1c0P3100001O00001N1O1O1N2N2O1O1O1O1O1O10lLNZVN1gi1OYVN0hi11XVNM:OTf14n\NLRc14]601O1O_R43[mK5N1O1O000^OF^QN;an1E`QN9`n1GbQN8^n1GcQN9So1O000O100O10O02N1O]RNMoNOUk13lUN0mNNWk10nUN3jNNam13^RNNbm12^RNNbm12^RNOam11`RNN_m13W100000001N2OPQNNSn10nQN1Po100O\PNOH1ko13N100fMLhTN3Xk1OhTN0Xk10hTNOYk11[20mL1VVNNhi16o22N2N101N1O1O001O100000O1N2O1O2O0OmUNFbd19_[NGbd17_[NIbd15_[NKbd12`[NNPgi0OZSXO2N000O10O100O1000T`n`2
20121024073354Uh_7,P\o\22no1001N101O0000001LK[PN5do1L]PN3\o1OdPNOO2]o10bPN001\o1=00001O0000000000000O2O00002N001N1O100O10O10000O10O1N2000O1001O0000001O00FIlPN6So1MkPN3Uo1NkPN1To10lPN0To11kPNOUo11lPNNTo12lPNNUo11kPNOVo1OlPN0Uo10jPN0Vo10jPN0Wo1OiPN1Wo1OiPN1Wo12fPNN[o11ePNO\o10cPN1]o10bPN0^o10aPN1_o1OaPN1_o1OaPN1_o10`PN0_o11aPNO^o12bPNO\o12dPNN\o1;00000000O2N101H[ORQNf0nn1[OQQNe0on1[OPQNg0on1410O2OO100O1MoPNWOQo1h04N20000O2O1O0O2O0O2O001N101O002N0O2MZPNJfo18001O0000000000000O101N100O2O0OadR[1
20121024073354Uh_8,U[Yi01mo12O10000000000O1000000O100O01000001O000O1000000000000OO2N11000O1O10010O1O001O00O100O101O000000000000001O00000000001O0001O1O0O1000000000O10O10000001O001N3M2OodhQ3
20121024073354Uh_9,fZU_21bR40`mK0io141O01O0010N10YS2MmlK0io14000Oal9O`SF11N\S:O^hG1WTN2\SNMWi13iVNOUi11kVNOUi11jVN0Vi1OkVN1Vi1MlVN0gh11k30YP8OioI000ooM0Qo11mQL0Qn11oQNOQn10P10PQNORn10lVN3Sd1Mm[N3Sd1Mn[N0Td10n500000g00YO0[O0Y10iN0c00bPN0mn10bP20^PL0ao1001O1O1N2MKYPN6ho11O00O1O1N2O1O1O10O0kS40YlK1nn]10ZbXX1
20121024073354Uh_10,kjTh21no110000O1]PN0Vo10jPN0Uo11kPNNVo12;1000000VPNLio1501O01OYPNKco15]PNLco13\PNOco11]PNOco11\PN1co16000O11O0IEiPN;Wo1EjPN:Vo1FjPN:Vo1FjPN:Uo1FmPN0H72Iao17^PNJbo14]PNK11bo14`PNL`o13aPNM_o13aPNM_o13aPNM`o13`PNL`o14`PNL`o14`PNL`o15JLkPN3Uo1MkPN3Uo1MkPN3Uo1NkPN1Vo1NjPN3Uo1MkPN3Vo1LjPN4bo1O00001O0001O0O100000O01000O1001O00O010O2O000O1000001O00N020O1SPNOko10VPN0jo10VPN0jo10VPN0jo10VPN0jo10VPN0jo11UPNOlo11100000NOVPN0lo10QUWR1
20121024073354Uh_11,\nX[11no10an70hSH0\K0[2010a21gmM1^o171J_PNMZm10hTN2nMNem10WRN0j11Pm1OWRN2oNNgn10ZRN3`odc2
20121024073354Uh_12,`]QU33io14N2NO201OO1O100O1000O1001N1001O001O1O1O1O00QQNKTn16kQNLRn15nQNIXO2hn15QRNIRn17k000010UQNIlm17URNIkm16VRNJjm16VRNKim14XRNLhm13XRNNim11WRNOim10WRN1mn1OSP4OnoK5K00O1NRP<OQPD1IN^PN1bo1O\PNO01eo10[PNOjo10bb\g0
20121024073354Uh_13,ljjh21TP80koI0H0^PN1io100OXP20hoM11O00PP20PPN001FOcPN2eo1OOOUPN11Ojo10VPN1en10^RN0am12^RNOam11XRNMYO2_n1O_RNOmN2dn1OaRN1_m1NbRN2fn10ENhPN2co101OEOaPN011Ro1OVQ:0boE0TPN0ho1040TP60koM0QPL0K05000TP20hoM04000SPN0ko70RPJ0Uoo10jPPN2O0O10000000001O0000000000000001O01O002O00O100O1OfUao0
20121024073354Uh_14,WRcg11b03fn10XQN0jn1NXQN0hnm3OoQZL0]ke00WSTO4N0O1000O1O10001O0O2Oho\R2
20121125063154Uh_1,m`UV13jo15J6M1O0100OJEhPN;Wo1GiPN8Wo1IhPN8Xo17100O10O10O0010O100O1O01OJ\OQQNd0nn1_OQQN?5A]n1g0dQNWOH0bn1i0gQNWOG1]n1k0QRNWOjm1l0URNVOim1k0WRNUOgm1l0ZRNTOem1l0]RNROdm1n0_RNoN`m1Q1aRNoN^m1Q1gRNnNVm1P1lRNPOSm1P1n0001O1000O1O1O01oQNPOPm1R1oRNPOol1o0SSNQOll1l0XSNSOhl1l0[SNSOcl1n0W1000001O1O1O2M2O1N2O1O1O001O001O001N3O0O1O1O]RNGak19_TNH`k17U2O1O101M3NSald2
20121125063154Uh_2,XnPW36io1300O20N3MSj;Kd\B5eb1K[]N7Vi12O1O001`JOoZN1md13T[NLid15WVNAk4:nd1OZVNJh46md1N\VNL[1Of17ff1HTXN4U13mh1MTWN4ih1MXWN3fh1N[WN2ch1O]WN3dh1I^WN7bh1F`WN;Sl1ORJEX\N:fc1HZ\N8gc1GY\N9fi11JEePN=Yo17N1eL\OZWNd0ch1B[WN=dh1]OWTN4U3>ch1J[WN5fh1CWTN0T3;hh1@VTN6R38nh1HTWN7]e1FfZN2N7\e1IT^N6la1KS^N5ma1LS^N4ma1LR^N4oa1LQ^N3oa1NP^N3Pb1No]N2Qb1No]N1Rb1Om]N2Sb1Nm]N0Tb11k]NOUb12j]NMXb13g]NLZb15d]NL\b15c]NK]b16a]NKab14]]NNeb10l\NJ]J6ih11g\NK]J5nh11b\N<_c1E^\N<cc1D\\N<ec1DY\N=gc1EV\N<lc1DQ\N<Qd1Dm[N<Ud1Dj[N:Yd1Gh[N5[d1Kf[N2[d11c[NN]d19\[NFed1<Y[NDgd1<X[NVO[K3^i1g0b[NXO_d1i0]5O4L3NcTN^O[g1a0bXNB]g1?aXNB`g1>^XNCcg1=[XNCgg1<XXNCkg1=SXNCog1=oWNCSh1<mWNCUh1<iWNDZh1<dWND^h1=_WNBeh1`0UWN_Ooh1f0iVNZO[i1U1ZUNmNmN2lk1U1kTNnNVOOTl1R1^TNTO\OLYl1Q1TTNLok16jSNMWl13eSNO_l1O]SN3gl1nNXSNo1_m1M1O1O1O0M4L5J7J5L7G7Eh0XO_Rea0
20121125063154Uh_3,SW_e23mo11ePNNfn1O]QN2Xo11O1000O01O01O01O00010O0000000O100000000O001O10O00100O010OGKhPN5Uo1NlPN1To10kPN0Uo10kPN0Vo1OjPN2ao10N200N2O100AKSQN5nn1NnPN3Ro1<101M3N4K:GTiZW1
20121125063154Uh_4,aYki12lo12010O001N2OdP:0[oE2O0O2N1N1001O10O0101O0000010N2O0O`S20ekM2dQN1Zn11eQN0Zn11fQNKA0dn15lQNJ@4an13URNNjm12XRNOem12ZRN2Ul1FZTN8A5Ql1E]TN7A4Rl1E]TN:_O1Sl1E^TN;_O0Sl1D^TN<@1]m1OdRN1[m1OfRN0Zm10hRNOWm11jRNOTm11nRNNRm11PSNOol10SSNOll11WSNNhl12YSNMfl13\SNMdk1IlSN:b0M`k1KjSN;g0ISk1JhSN2>;g0JRk1IhSN3>:j0Joj1JhSN2?9l0Jmj1KiSN1>:m0Jjj1LkSNN`07P1Oej1KgTN5f0Odj1KfTN5g00jk1OXTN0ik1NXTN2hk1MYTN3km10O01O001O0010gMMdTN2\k1OcTN1^k1NbTN3em1010O00000000000nPNMWn14j00O2O001O00001O00001O000O2O0dLIoVN7oh1LQWN3nh1OQWN1mh11SWN0kh12UWNMkh13UWNNjh12WWNMih12XWNNhh12ZUNDd0:Qj12ZUNHb06Tj11[UNIb05Sj11\UNJa05Sj11]UNIa05Qj12_UNI`05Qj12_UNI`05Qj12`UNG`07Pj11bWNN_h1OcWN1]h1MeWN3Tl10000001O00000000000O2O0cKFTYN:jf1ITYN8kf1IUYN6kf1KUYN5jf1LUYN5kf1KTYN6kf1KUYN4lf1KTYN6kf1JVYN6jf1JVYN6jf1IWYN7if1HeUNMi2;cg1FdUN0h2;dg1DfUN0g2;[g1EVVN1^2:[g1HVVNN]2;\g1HWVNN[OMd2=ig1IhVNK^1<ig1JhVNK`1:gg1LgVNLb17hg1MfVNLb17hg1MhVNIa1:hg1KhVNK`1:hg1JiVNK`1:hg1JmYN4Tf1KmYN5Tf1HnYN7nj1O100O01000O100O01ZMM`UN0_j13g20O100000O1O1O100O1O_R4ObmK2M3O1N100O100O10O0100O001O001O1000O10O0100O10O10O10O100O100000000O10O100O1000O010O100O010O00001O0000010O0100O1O10O10O1000O010O10O010O0100O1O001KNiPNDSo1`060N2K5000O2OK\OPQNc0ln1BTQN=hn1IVQN6jn1LVQN2kn1OUQNMnn14SQNHon19RQNDPo1;SQNAnn1`08001O10O0000000N2NO20100001O0000O1O10000000O2O1O1O1O1O001O1O100O010O010O[RNGdk19\TNIck16^TNJak15bTNJ_k14bTNLlMO]m11dRN1U2OXk11nTNNSk10RTT10kkG2`RTO0O2O0O1000O10000O1O2Oo52oI000O2O000O10O100O102M1OY`n^1
20121125063154Uh_5,ZSc]24a0Mhn17jPNL3Ngn10ZQNb0N^O`n1S143L3HhNfQN\1Wn17H\NTRNd1lm1\NTRNb1Xn1K5N2N3C>K8H5AdPN2\l\a1
20121125063154Uh_6,o_i_21no11N2O1O1O1O1OI]PN3co1M]PN3bo1N^PN2bo1M`PN2`o1N`PN2`o1N`PN2_o1NbPN2^o1NaPN3_o1MaPN3_o1M`PN3`o1N`PN2_o11^PNOen1MVRN4TO0`n1LaRN:_m1H`RN7am1I^RN7cm1IbQNNe08km1I`QNOe07lm1K^QNNf06nm1L[QNNg05om1L[QN0e03Wn1LVQR15bomN3N1O100O1000001N100O2N010O01O0O10O2O1O1O101N010eQN]OXm1d0dRNAZm1`0eRNA[m1?dRNB\m1>cRNB^m1=cRNC]m1=cRNB]m1?cRN_O_m1a0aRN_O_m1a0aRN_O^m1b0bRN^O^m1a0cRN^O]m1c0bRN_O]m1a0cRN_O]m1`0dRN@[m1a0eRN_O[m1a0eRN^O\m1a0eRN_OZm1b0fRN]O[m1b0gRN]OYm1c0gRN\OZm1c0hRN]OWm1c0iRN]OWm1c0S1O100O1OYQN@Pn1`0oQNBPn1=PRNEom1:PRNGQn17QRNIom16QRNJPn15QRNJPn14QRNMom1N\QNLf05om1NVRN1lm1MVRN1e_`Y1
20121125063154Uh_7,W[Wl12oo1O\SR20Vi_O0]S^N000ZP`00foA0nnS10foQ30\QhK100O2O1O1O0000000001O00000O2O0000000OSTP2OWjW10]Pn11ZQjJ1O1O001O0001OYON`QN2`n1N`QN1an1O`QN0`n11g00RTNNPl11O1O00O1Olok00TPTO1001O\m70aRH1UPN0jo13000000000001O00000000001O00000_RNJYk15fTNLZk14Z2O000O2ObehY1
20121125063154Uh_8,Z[oo14io1M\PN1_o10ePN1Wo10kPN0Ro11oPN0Po1ORQNOon11QQNNQo11oPNOQo11nPNOSo11mPNOSo11>0^PNOUo11=0]PNO`n10kQN0bn10^QN0E0Xo10hPN1Vo10iPN0Wo12fPN0Xo12fPNN[o192O1O1O1O0O1100O2N1000O1G]PN5co1K`PN3_o1McPN1_o1OaPN1_o1NbPN1^o10bPNO_o1090O0YPN0`o10VQN3Pn1NYQNO?6Vn1KZQNO>3_O0cn1M^QN40M`01@24NRn17iQNHb02^O320Qn1LmQN6d0J]O5N0Rn1LRRN2b0N\O<Pn1CSRN2c0N[O9MFQn11URN1c0?XO^OPn11VRN1d02WO40Hom10WRN1e01WO30Kmm10WRN1n03nNLmm10WRN1g0OVO6LKPn10URN0j0OVO5KLPn10TRN1l0NUO4JNQn1OSRN0o00TO4km1LQRNOR11SO3km1MmQN0V10TO0jm11TSNOen1Ojo30XPL0odnk1
20121125063154Uh_9,Y\Qm21do11dPN0[o12dPNN\o12cPNO]o11dPNN\o12dPNM]o147000O100000001O0000000O2O002N0001O00O100000001O01O001O10O000O100O1O1N2O10001OO3N001O001O0N2O2N1O101N1010O000000ORdPo0
20121125063154Uh_10,Y[oo1140lo1010coS10kooN0^PL0UQZ10mneN000A1`0O00O0ZPh03boWO2O2N01KXPN0ho132O[NM]SN3bl1NaSNO]l14bSNL^l17_SNIal16`SNJbl14lQNL_10cNOUn11YSNOaN1io13001N10Qmk01mRTO1O100O10LXPN0ho1OYPN1fo10ZPN0eo10]PN0bo10_PNOao11`PNN`o12`PNN`o12`PNN`o12`PNN`o12`PNNao11_PNObo11]PNOco11]PNOdo10\PN0do10[PN0`o10bPN0M0ao10bPN0M0ho10XPN0ho10XPN0ko11GOaPN3_o1MaPN3fo101NTgRh1
20121203063334Lh_1,e^Ue1122eo16N3O0O2O0O1O100O10000000O10000000001N101OO101OO100000O0N3L31O10O02O000O1O10O100O1O1ONePN@[o1`0210O01O1O00000001N2O10O01000000000010N100O3J4O2O000000000O2O1O1NRbPV2
20121203063334Lh_2,o`W^26jo12nNJVRN6im1NfQNOL2[n16cQNL2L[n1k0cQNTO\n1o0cQNROZn1R1gQNkNXn1\1bQNdN]n1`1O1N102N2N2M2O1O1000100O1O00010O1O0010O00000000O01OO100O110N11J501O100O2O1O00100O00100N11OO100O1O100O100O1O1O2N1PO`QN13FLMcn1;aQNOon1NRQN2Po1JRQN6Qo1FPQN4JLco12601O001OQ`R]1
20121203063334Lh_3,kcco11no13M3N2M2O1N2O1J6N1O1O2O1O0O100O2N1N2O3M3VQNoN_n1[1N1M3M3O1N3O0O101O01O00001O00100O0O2O1N2O0O101N100O100O000001O0100000001O000O101N10000O0100000O01000O00O10010K41O101N3M1O2O1N1N3N1nNTQNo0Po1N2O001O0O10000001OO010O100O1000O0100O1O10O0100O1O100O2L3IcPNK]o13gPNJ[o149N4Mo\lh1
20121203063334Lh_4,k\[R34ko12lRN1Uj10iUN3Vj1KjUN8nl11O0gLIiVN7Ui1MiVN3Ui10jVN0Ui12jVNNTi15kVNKTi16lVNITi19kVNGUi1:jVNFVi1;hVNFXi1<eVNE[i1=aVNE_i1>[VNEfi1<TVNGmi1;oUNGRj19kUNIVj16iUNKWj15gUNMYj13eUNO[j11dUN0\j10aUN2`j1N^UN3cj1L]UN4dj1K^UN3cj1K_UN4bj1JaUN4`j1KcUN0`j10bUNC_i1FhUNf0m0\O`i10bUNb0hl1^OXSN`0kl1_OUSN?ml1ATSN<[n1L5LZoQ1KjPnN4M2O0SOOlQN0km1;WRN@em1f0i01000O100O1NXRN\OXl1c0hSN_OWl1?kSN@Wl1?e1O100O101O0000000O2N2N3M4KVPb01jo]O3N000000O^eZg0
20121203063334Lh_5,Zi`U25[o10PQN3kn10TQN3hn1NYQN2fn1OZQN0gn1N[QN2en1L]QN2en1L^QN2Wl1NWVNMki15o21O1O1N2O1N2O1O1O1O010O10O010O101N30_PNGWo1c000N01N20O00O110O1N2M3N1O2M5L1KhQX1OWngN8I8J5M1lM[OlTNf0Sk1[OlTNg0Sk1WOoTNi0Tm1O100O101N1L5N101O00001O0001O001O1O0O100O1001O000001O100O010O01N1O2O1N102K6KoVcc1
20121203063334Lh_6,QiRm03jo1b0@2N3N3L2N2N2N8I2M1001N01N101N3N1M4N1ObNmQNP1Tn1oNnQNP1Sn1oNnQNo0Un1nNkQNQ1cn104SOWQN7on1BZQN5jUYQ3
20121203063334Lh_7,UdbQ11oo11K5N1O3N2N10O01O1O1N1O2N0N3M4L4O3L2O3M1O01O1O10O010O10OOnN\QNk0dn1SO^QNk0mn1O1O1N2O00001N1O3]OePN<co1M3L3N1M][ek2
20121203063334Lh_8,TkXh13lo15L2M2O1O1000000000O2N1O0100000O0010FGkPN:So1HmPN7So1IoPN6kn1JlPN195kn1OVQN0jn12UQNNjn14TQNLln15TQNJmn16SQNImn19QQNGPo1:oPNFPo1;QQNDon1<QQNDQo1:PQNDQo1<oPNCRo1=:N2N1O1N2N3LbTUU2
20121203063334Lh_9,jcao11no11SPN0io10ZPN0co10`PNO_o1170^PNOVo12kPNNSo12oPNNmn15>L40iPNOan10`QN0_n10cQN0\n10i01lPNOYn10hQN0B2Un1OYRN0_O4Vn1L]RNO[O8Vn1I`RN0WO9Wn1GdRN`0[m1@hRN>Wm1BlRN0oN5Sn1KXSN4gl1LZSN5al1LbSN4]l1JfSN6Yl1JhSN6Rn1N10001O000000000O101OUNOgSN0Tn11WNOcSN0_l10_SN1al10^SNOcl11\SNOfl10ZSN0fl11XSNOil11WSNOil11VSNOkl11USNOjl12USNNll11TSN0kl10USN0ll1OUSN1\n10100O1000_N0a1000`QN0Pm10`11^QNOSm11mRNOSm11^10^QNOUm10lRN0Tm10lRN0Sm11^10^QNOUm10]11O1O0`QNNRm12oRNNPm13PSNMPm14PSNLan10010OaN0oRN0Rm12kRNNVm12iRNOWm12hRNMZm13dRNM]m13aRNO`m11^RNNdm12ZQNMo02hm13VRNMlm13SRNMnm12RRNMPn13oQNMRn12mQNOTn10lQNOUn11kQNOVn10jQN0Vn10m00mPNOWn10jQN0Vn10iQN0Xn10hQN0Xn10gQN1Yn1OgQN0Zn10fQN0Yn10gQN1Yn1OgQN1Yn1OfQN2Zn1NeQN2\n1NdQN2To1010O0001O00iM1jSNNQO3Um12hSNKlN1K1am15gSNIkN5JMcm17hSNHiN1gm18`SNGgN2im18`SNHdN0mm18_SNLal15_SNJal16`SNIal17_SNHal18aSNF_l1:bSNE_l1;c1O010O100O1O1N3MeQn1LbnQN0N1O2O1O01N]nc11cQ\N0O2O001N10000O101N1N3N1O2N2N1O2O0O2O1N3M3N2M101N2@?O101N1OPOlQN6Tn1ImQN7Sn1ImQN7Rn1KmQN6Qn1LmQN5Sn14QRN_Onm1b0TRN[Olm1FnQNi06Ajm1GTRN7OL27im1D]RN3L2L8jm1CQSN3TO;im1BVSN2RO;fm1C\SN3kN:hm1CdSNMdN`0fm1DjSN<Ul1DlSN<Sl1CnSN>Ql1BQTN=nk1CTTN<lk1CVTN<ik1CYTN=gk1BZTN=em10001OQND[TN;ek1E\TN9ek1G[TN9ek1G[TN8gk1HYTN5ik1KXTN3ik1MWTN3ik1MXTN2hk1OWTN0jk10VTN0ik11WTNOik11WTNNjk12VTNNik12WTNOhk12WTNNik11XTNOhk11XTN0gk1OZTN1gk1OYTN1jm11lMMUTN8im11O100O10OWNFnSN:lm10WNFmSN8Ul1HjSN7Wl1IiSN6Xl1KhSN3Zl1MdSN2^l1NcSN0^l10aSN0`l10`SN0al1O^SN1cl1O\SN1el1O[SN0fl10YSN1gl1OYSN0hl10WSN1il1OVSN1kl1OTSN2ll1ORSN1ol1OQRN013FLM3\n1NoQN3O=Rn1BlQN22<Rn1DhQN269Sn1HcQN04JL?]n1KeQNG09NL]n13gQNGN83JYn16hQNHK7kn1O[QNJJ7kn1N]QNKG6nn1N\QN6dn1I^QN5dn1I^QN6cn1H_QN6Yo1Mm_h\1
20121203063334Lh_10,held25fo17N1001M2NnNMZRN1em12R14M3M111M1O2N3N001OYOjPNd0Zo1O100O1000O001O001O1O2M3M2O2M3O0O01N7I4[OSQNNSQ81ZnI7J4@GQQN?dn1e0N1O1003L7H6K2N3M6J4L301N1M]n52]QJ5N3M2O00001O001O0102N2M4JSZ[V1
20121203063334Lh_11,bfk`11mo14N2M2O1O1N2O1O1O1O00001O000001O0001O000000O2O2N7GaoU12^PjN3M1O2O1N100O2O0O1000000000000O10O10000000000O1000000O100O100O100O101O0O101O0O2O000O2O1NUoc02iP\O4^PNKSo19gPNIYo1`0N1^O]OgQNc0Wn1_OiQNb0Un1@iQNa0Vn1BhQN>Wn1ChQN?Wn1BhQN>Wn1DgQN=Yn1CfQN>Zn1CeQN>Yn1e000001O0001O0001O001O1O1O2N1O1O1O1O1O1O1O0O101N101O0O101N2M3L4M2M4N2N2O1N2N2O0O2O2M^nk41aQTKNVPN2go1N]PN0bo1OaPN1\o1OfPN1Yo1OhPN1Uo10nPNOPo11RQNOkn12WQNNgn10\QN0cn10_QN0_n30cQL0[n10k00lPN0B2Un1NfRN5Xm1L]RNO\O2JN]n10gRN1oNOWn11cRNOVO0_n11]RN0POOdn10X10gQN0bl11_SNO`l10bSN0Zl13i1MRR40Tla00iSZO0[L0c30VN0ZN0^SN0bl10]SN0dl10f10eQN0fl10Y30[n100000PP20[ng00USVO0^n50RPH0PP20PPN0oo10iN0ZQN000000000PP20ooM0fPT10YokN000K52Mbo1NbPN070H0L0YPN0ho10WPN1jo111OUQP1OlnoN2O0001Nn[Rg1
20121206063154Uh_1,fhPS21eo16\PNMbo1:N2N3NO010005J3N1N2N2N1O3M3N4L1O0000001OO2O011N`QNhNYn1OdQN]1an1O1N3M1O1O1O1O2N1O1N2O000O2N1O1O1N2IhPNEZo197O0N3O100O1O00010O0010O1OO200L^WUi1
20121206063154Uh_2,Sjn[32ko1300jRN0]j1ObUN6Zj1JkSNOn00_N2KLil11bSN?[1B_N3dl1KaSNc0[1B]N2dl1KbSNc0\1KSk1?PUN[OUk1d0nTNSOYk1l0n100O1000101O003LmPNYOnn1f0oPN\OSo1b0nPN^OSo1a0mPN@Uo1c0101N101N2OWQN_OTn1`0fQN@F1en1>cQNF`n1=ZQNEin19WQNF3Mbn14hQN1Qo13N101O001O0jPNHcn1:[QNIcn1:ZQNGgn19VQNHln1f00O1O01O20004OlNWQNh0Qo1N2N1O3K4L6K]Sa`0
20121206063154Uh_3,PWmi02lo13N1N2N2O0O2O1N2O100O010O2O0O1O1M2O2IYOTQNh0jn1\ORQNe0nn1700O010000O010LRQNVOmn1j0VQNTOjn1k05100000000O1001O0O101O001N1000001O000O10000000001O0001O00010O001O1O001O00000O1O1O1O1O10000O101N101N101O10O01O0001O01O100O01O0100O010O2N100N101O0000]O^QNHbn18_QNGan1H]QN740^n1J`QN253[n1JbQN145Yn1KcQNO65Wn1KeQNN65Vn1MXRN0km1I]QN1i06mn1N1O2MQijn2
20121206063154Uh_4,i^Qg02mo12mNOTRN3im10URN1km1OURNMVOOdn16URNJYOObn11\QN2i0NUn11jQN1WOOjn1NQRN6Pn1KoQN5Qn1KUQN0g05Un1MkQN3Vn1LiQN2Zn1NfQN1To1100O100O010O0100002N001O001O0O100O1O01N110O0100O1O010O10000O1O1O1O100O010O01N2O00100N100000O2O01N100N002OO20N3M201Mcb^T3
20121206063154Uh_5,^h\R11no12O1O1O00000O2O1O00O1001O01O000102N1OO001O02OOO2O1O1O10O2N0O3M2N20O001001N1O01O11NRWoj2
20121206063154Uh_6,bfPd01no1101LNWPN3io12010O00O101N1O1O1O010O1M3O1000000O1000000O2O0O10000O010O000001O010O1O1O100O1O100O01O10O100O001000O1000O10000O1000000001O0001O0001O01O0001O0O2O1O1O0O10000O1000000000O100O2N2O1N2O000000000000O1000O1000000O1000O1000O001O10O10O100O100N2O10001NXZWT3
20121206063154Uh_7,RdaS12mo12EOePN1Zo10ePN2Yo10fPN0Zo10fPN0Yo12ePNO[o11dPN0[o1;0000000000001O010O10O10O010001N10O010O10O0001O00001O001O001O2O0O1N2O1O001O00001O000000001OO100000O10M1101M2100ZOK`QN6^n1M`QN4]n1ObQN2]n10aQN1_n10_QN1`n10`QN0`n11_QNOan11_QNOan12^QNNbn12^QNNbn12^QNNbn12^QNNcn11]QNOen1O[QN2en1L\QN4en1K\QN4en1J\QN6fn1G[QN9Wo1O001O1O1O010O1O002N001O001N@2<5L2O2N1O2N1O1O101O0O100000000001O000O10000O2O00000O10O10O10O1HClPN=To1FiPN;Wo17O0100O100O10O0100O100O100O1O000001N1100O01000O01N20O01O1O1D[OZQNh0dn1\OYQNe0fn1:01OH9O00001O01O001N1100O1000000O10000O2O0O2O0O2O0O2O0O2O000O2O000O2O000O2O0O100O2N1O2N2L^o?0dP@3M2M4CIkPN;So1:O1O001O0000001O0001O00002N5K1O2N2N1O0O2O000000000000000000000O10000001N10001O001N101O0PSNB^j1?aUNA_j1?aUNB^j1>aUNC_j1=aUNC_j1<aUNE`j1:`UNF`j1:`UNF`j1:`UNF`j19aUNG_j19aUNG_j18bUNG_j19aUNG_j19aUNG_j19aUNG_j19bUNF^j1:bUNE_j1;bUND^j1<cUNB^j1>b2O0100000O010M3N2O01000O10000O01000000O1K410O100000000O10000WSNEmi1;RVNGni18QVNJni16RVNJni17PVNJPj16PVNJPj16PVNJPj16PVNJPj16QVNIoi18PVNHPj18QVNGPj18PVNHPj19PVNA]MOfl1`0h21O1YSN^Oni1b0RVN^Omi1d0RVN\Oni1d0RVN\Oni1e0QVN[Ooi1e0f2001O00001O001O010O0XSNXOXj1i0gUNWOZj1h0_22O1N0100O00100O001O1O3M3M2N00100O1O2N2M3N1O1O0000001N101NdQ40]nK0O1O1TPNNho16O100O10O10000O1000000O101N^\jS2
20121206063154Uh_8,`Wa^12mo11^PNOTo13kPNMmn10oPN42MPo1NmPN62MWo13iPNMVo15hPNKYo15gPNKZo1MdPN5OOao172O00001O00000000006I2O_PN3]o11lNKZRN9em1HYRN9gm1GXRN;gm1EYRN;gm1FWRN<hm1DXRN=hm1AYRN?gm1AXRN`0gm1AYRN`0gm1_OYRN?en10000000001O000010O02O0O1O10O0010O0010O000000000000000000000iNEiRN<]n10000001ODbPN6do11O01O00000O`PNLWo14bPNK23[o16cPNK]o1<000O10000O1O2N1000000000000000000001O000000001O000000001O0010O01O001O0`N_OaSNa0^l1@bSN`0om100000O0100O2N100001O02OO0010O01O0000000000LbPNE^o1<3OO200O1000O01000O010O100O001O001O10O1000O010O0O101O010O1N2M31OO2Njo;0WPD000001O0000kgPV2
20121206063154Uh_9,bgbe23mo10001OQn;2lQD4L2O1O2N101N100001O0000O1000O101N8GhR:M^mC1jl10SVNOTM4fl1LWVN0SM5eo1K[PN6`l1KbSNOh21WM4_l1LeTN1`0N]N5^l1KeTN4?L^N5^l1KeTN6b0MRl14n0JTRN6lm1KRRN7lm1JTRN7km1ITRN9jm1HURN:jm1EWRN<en12O1O100O10O001O001O1O1O1N2O1O1N10dPNIPo16nPNLRo14nPNLRo14mPNMSo14lPNLTo14lPNLTo14lPNLTo14lPNKUo15kPNKUo15kPNKUo15kPNKUo15kPNJWo15iPNJXo16hPNJXo17gPNHZo188O010O01O100O100O1O0@D]QN;To101000O02N2L4Mjni1NSQbN2TPD11N1OfYgQ1
20121206063154Uh_10,ceVf21no10ZPN0ho10mo]11TP`N0io150MWPNNho15ZQNJam12_QN0P1N`m11aQN1bo10^PN0bo10^PNNN0co12_PNNeo12^PNN^o15_PNKco127OVPNOd00[n11aRd1O[n[N000hom00kXaS1
20121216154954Bh_1,lkf`36go15L3N3M3O01000O8H5K3M10O0010O01N101O6LO0O10:E3M1O001001N2O1O0O2N2N0010O1O10O0102M3N6I2O2N1N101O2N0001N10001N2N8H2N2M=D2N2M101N2N3M2NTLIQXN4ng11SXNIlg1=i32N2L3M3f0ZOcSc:
20121216154954Bh_2,Qh\R13lo12N2N2O1N2O2N2N1OO11O01O0O101O1O001N2O1N3N1O2N_PN1_o12M2N2O100100O10000O010O010O100O001OcPNNon1MQQN7To19nN@_RNb0`m1^O`RNd0]n10010O1O001000001N2O1O8I0O000000000O0010O0010O0010O0101N2N100O10O2N1O10O0001O000ROMPRN2om10PRN1om15kQNKUn15lQNJTn16mQNHUn17lQNFVn19j0N101O1NUNLmSN2Tl10m11011NWXWg2
20121216154954Bh_3,dfVU1121go16L4O1N101O00001O000000001O000000O101O000O101O000000000001O001O00100O10O0100O10002N0010000O00000O010O10NfPN]OYo1c0iPN]OVo1b0kPN_OTo1a0mPN^ORo1e0lPN[OTo1i0O100O01001N101N100O100O010O10O1O010O1O10O010O01N2O0O2N1K6N2O0O2O1N101O1O2O0O2N2O0000O0dPNLmn13RQN0GMRo10QQN`0nn1@QQNb0nn1^ORQNc0Xo1NO001O04M0O2O0O10O00100O0100000O0100O010O010O100O100O1O1O1O1LiVYb2
20121216154954Bh_4,T`dU24jo13M3O0O2N100O2N2O0O2N100N2N2N2N1O2N3N1O1O002N100O2O1N2O2M3N2M2O001O1O001O0000001O00001O001O0O2O0O100O100O010O10O01O01N101N2O1O1O1O1N2M3O101O000001O1N101O1O1N2O001O001O0000000000O10000O100000O10000000001O001O001O0000100O001O010O01O010O0010O0001O01O0000001O000010O01O1O010O001O10O0O10001O0O101O0010O01O001OPRNYNgm1f1ZRN[Nfm1d1ZRNaNam1^1_RNeN`m1Z1`RNgN_m1Z1`RNgN`m1Y1_RNhN`m1Y1_RNhN`m1X1`RNhN`m1X1`RNhNam1Y1]RNhNbm1X1^RNhNbm1X1^RNhNbm1X1_RNhN`m1X1bRNfN^m1Z1dRNeN[m1[1fRNeNYm1Z1iRNfNVm1Z1kRNeNUm1[1lRNeNSm1Z1oRNfNPm1Z1PSNgNol1Y1RSNgNnl1V1TSNjNll1V1TSNkNkl1T1VSNlNjl1T1WSNlNhl1T1XSNlNhl1S1ZSNlNgl1S1YSNmNgl1R1ZSNoNel1Q1[SNoNfl1P1ZSNQOel1o0[SNSOdl1k0]SNVOcl1i0]SNYOal1h0^SNYObl1f0^SN[Obl1d0^SN]Oal1c0_SN^Oal1a0^SNAal1?_SNBal1=^SNEbl1:^SNHal17^SNL`l14_SNNal11_SN0al1IeSN7\l1TORSNLKOh0S1\l1mN]SNL9W1mm10010O0001O01N100O2N1O2^OUQNKmn14VQNJkn15VQNIkn16XQNGjn18`0O001O1O0010O10O01O01O0JZ^o[1
20121216154954Bh_5,Vo^R16ko11M5K2O1O000000001YQNBjm1>URNFhm1;WRNFhm1:WRNFjm1:VRNFjm1;URNEjm1=URNCkm1=URNCkm1>TRNBlm1>TRNAmm1`0RRN@nm1`0RRN@om1?RRN_OPn1`0PRN@Qn1`0oQN^ORn1>\QNCa0NUn1>ZQNFZo1OjPNOK4eo1J\PN7eo12O1dPNGon1;mPNIQo18mPNKQo1b000O2O01O01O0005K1O1O2N1O1N101O0O101O1N2M4M2N2OfoPj2
20121216154954Bh_6,f\Q[36io13M101N2O001N1O1O1M4N1O1O1O1N2O1000O010O0000001O001O1N200O01O01O01N2JZOPQNg0on1500000O2O001N1O2O010O01O0000000O100L4O2O0001O10O10O1O1O010O10O01O10OITQN[Omn1c09O01XRN_OQl1`0lSNESl19mSNJQl15QTNLnk12STNOkk10WTN1dk13\TNNbk13_TNN_k11aTN1]k1MfTN4Yk1KiTN5Wk1IjTN9Tk1EoTN;Qk1BQUN?nj1ARUN`0mj1@TUN`0mj1^OTUNb0lj1]OTUNd0mj1YOTUNh0Rm10O1O100O2O00O102M2O2M4L4M2MXcZ>
20121216154954Bh_7,flRc2;do14M1N02001N0kPN@kn1a0RQNA56Sn1=dQN2\n1k0N2OO2N2N1O1O3M1O2O0N012N2L210O1D;O107H7H[RQ[1
20121216154954Bh_8,]e_P24jo13N1O3N0O2O1N1O2N2N1J7M2O2N1O1O2N1000001O0O10001N10O1O100O0O2N2O2N1O2L_QN[Oom1a0RRNAPn15_QNGc05Pn1NWRN5im1F[RN:en12N2N1N101N100O2O001O0O2O001O001N1010O0000000010O01[OlPN;^o1O2N1O010O001O1O1O001OZOHeQN7[n1IeQN8Zn1IeQN8Xn1HTQNOe08Wn1ITQNOe09Vn1JjQN7Un1IkQN7Un1IlQN6Vn1GkQN:nn100O1000O2O1O1N001O0001O001O0O101O001O1O001O001O1O1O1N1OnX\h1
20121220110614Th_1,\Qkh16jo11O001O10OePNLjn16TQNKln15RQNLnn15QQNKPo14PQNKSo13nPNKTo15mPNISo18:01O001O10O2EKhPN4Wo1NhPN4Vo1LlPN4So1KoPN4Po1KRQN4nn1IWQN6Zo1O3Mom^U2
20121220110614Th_2,\Qc:421ao19M2dPNCUo1>hPNFSo1f0N1M4N10000O10000000CWQNCin1<YQNCgn1<ZQNEen1;\QNDdn10YQNO31dn1O[QNN32bn10]QNI47^n10lQN0Tn10lQN0Tn1OmQN0Tn1OmQN2Rn1NnQN2Rn1NnQN3Qn1MPRN2Rn1KoQN5on1O000O11N100O1O2N2O000000O100O1O1O100O01000O1000O100O01O010O10O11O010O2N001O2NTnTa3
20121220110614Th_3,hTa^22no11N2O1O1N10001O001N2O001N010000001N10001O0O1O1QQN@^n1`0`QNC^n1>aQND^n1<aQNE_n1;`QNH_n16aQNN\n13bQNN^n13`QNN`n12`QNN_n1j000000O1O1O1O1O2M4M2O10oPNROon1o01OPQNROPo1k04N2N5L1O0O2N010O1O1O1O100O101M2M5Mnj^]1
20121220110614Th_4,b_Vk25fo17J<G2L20EQQNGln1;VQNCjn1>WQNAin1>XQNAhn1?ZQN@fn1>?N101O1N1N3O10001O0O10O1000000O1000000000002NK`PNK`o13bPNM^o10`P21e`[R1
20121220110614Th_5,^fdd22mo12O1N10000O1O1000O01000000000000000O100O100O1001O0O101_PNIWo17900001O0001O01O010O1O1O1O1O100O010OO2O00IEjPN:Vo1FjPN:Vo1FkPN9Uo1GkPN9_o1JeYoW1
20121220110614Th_6,kZ[U1213fo18K2O0O1O2N0000O101OBDYQN=en1FYQN:gn1?O2L4N2O100OO2O1O1O10000O1O3WOVQN8mn1CVQN;kn1EVQN:jn1FWQN6kn1KVQN1mn10SQNMnn14>05KTf\h2
20121220110614Th_7,mZ[U11YP20G1^OOQQN1_o110OO2[OMZQN3fn1M\RN3al1N_SN4_l1M_SN6`l1I`SN:ok1EfRN7\16kk1CdTN?Yk1AiTNb0Zm12M1lN[OkRNf0jk1ZO]TN0Hh0ik1XO^TN2Ii0fk1UO`TN2Jk0ek1SO`TN3Kk0jl1UOWSNl0bk1QOaTN2Om0_k1QObTN3Nm0_k1PObTN42j0[k1RObTN46h0Zk1TOgSN48Nm0f0ak1[O`SNOT1a0^k1@]SNNX1`0\k1BXSNMb1`0Vk1C_UN1_j1Ll23EM<5L2WfZh2
20121220110614Th_8,Pa_T11oo11O3M10O1O1OUiS10dWnNNSni00\QRO3ao1M_PN4fo1N2OkV`00[i]OOgo11XPN0ho11WPN0go1500000001N1000000010O0000001O0000000O2O00001N2Nlom0NVPRO1000OQL1nWN0Qh11oWNOPh13oWNMPh14PXNMng14QXNOlg12TXNNlg12TXNNkg14SXNMmg13SXNMmg13SXNLng14QXNMog13QXNMog13QXNMog13QXNMog13QXNLPh14PXNLPh14PXNLPh14PXNLPh14PXNLPh13QXNMog13QXNMog13PXNNPh12PXNNPh12PXNNPh11QXNOPh10PXN0Ph1OQXN0Qh1NPXN2Ph1NPXN2Ph1MRXN1og1OSXNOng1OPWT20`lgN0aPTO1O1O2N2N2O0O100O01000000000000O2O0O101NSnU3MQRjL5J3N1O1N102N000000001O0000000001O0000000000001O00000010O0001O001O000001O0000O2O00000000O10000000O10000000000000000000000O10001N10000O100O1O2N2N\oe11dPZN1N1O2O001O0O2O00O1000000O01001N101N2MToc21lP\M1001Oio_3O^P^L0do12YPN0fo15O101O1O01O0010O0000010O0001O0O2O1N2MhPV51XoiJ101O0000O10001Okchf1
20121220110614Th_9,SiZb22no1000\N2VSNMjl15X1KaPN9^o16OO1O4J3N10101N2NZQ24cnM1002MjmQ1NTRnNOZPN1eo1O\PN0jo11HO_PN1ao1O_PN0ao10`PN0ho1000G0aPN0ho1000G0bPN0^o10bPN0^o10bPN0^o10bPN0^o1090mQN0Vl10URN0\11_l1Om10WPN0g01lm1O]QN0f02mm1N\QN1g02lm1M]QN1f03mm1L^QN010<4c0MZl1OfRN011;3c0NZl1NhRN001<1c00Yl1NPSN051c02Wl1MjRN0l13Zk1MjRN0m12Yk1NjRN0l14Yk1LlRN0j13[k1MkRN0j12iNNfk10gSN0i20ai10eSN0j20ai10fSN0fo11FOdPN0\o10ePN0Zo10gPN0Xo10iPN0do1000A0mPN0ao10B0mPN0Ro10mPN1To1OkPN1bo11CNjPN2bo1OFOgPN1do10FO`PN5co10URR1LWlmN0eSN3Vl10jSN0Vl10jSN1Tl10kSN2Tl1NlSN2Tl1MmSN3Sl1MmSN3Sl1MmSN3Rl1MnSN4Sl1JnSN6aNHVm11ZTN7_NLon14QQNMon13QQNMon13PQNNTn1K^RN7^OMUn1M\RN5@MTn1O\RN4_ONUn1O[RN3_ONXn1OXRN3@MYn10WRN2@OYn10WRN0@0Zn10URN0A0Zn10VRNO@1Zn11URNN@2\n1OTRNO@1]n11SRNLA3\n12RRNJC3]n12[RNLfm14T1N2OoP6OQoI3N001O0001O0000000000\OK^QN4an1N^QN2bn1N^QN2an11^QNNbn12_QNLcn13]QNMcn13e00001N2O[og02cPXO1N2O1O0001N10001O1N2OVR`0Ojm_O2N2N1O1O100O100000O100O100O2O0O2Ohn1NYQN2O1O001O00O2OoNOR1000gn1OYQN1O1PZSo0
20121220110614Th_10,W`WS12mo12N1O2O0O2O001O001O0O100000101O00O2K\PNIa00cn12bQNNXo10O1koa2OUP^M3M2O001N101O00001O00G\PN2O0do1O]PN001co1O^PNO01bo1OcPN1]o1OcPN2[o1OePN1[o1OePN1[o1OfPN0Zo1OgPN1Yo1OgPN1Yo1OgPN1Xo10hPN0Xo10iPNOWo12hPNNYo11gPNOYo11gPNOYo11gPNOYo12fPNNZo12fPNN[o11ePNO[o11ePNO\o10cPN0_o10`PN0`o10`PN0`o1090UPN0do11ZPN0fo150O1000O0100O10O1O10O01000000OKYPN3go1LZPN4fo1LZPN3ik1MRXN0TL4hk1LUXN0TL4ek1MXXNOSL4dk1MZXNORL3ck1O\XNNRL2bk1O\XNOUL0_k10]XN0TL0^k11^XNOTL0^k10^XN0UL0]k10^XN0jg10VXN0TL0_k10dXN0\g10\XN0VL0^k10\XN0VL0`o1080WPN0bo10^PN0bo10^PN0bo10^PN0bo10^PN0`k10cTN0^30_L0`k10[XN0UL0`k10bXN0^g10Y4000YPN0^o1180XTNOag12]TNNe30]L0`k13XXNMXL0`k13XXNNVLOck13VXN1ULLek14ZTNLi37mg1NSXN3mg1MSXN2og1MPXN4Ph1LPXN4Ph1KQXN4Ph1LoWN5Qh1KoWN4Rh1KoWN5Qh1KoWN4Rh1KoWN5nk100O0100O10O2O0O2O001NToc02jP\O1O1ONXPNNho151OO1000N1Oio1M[PN3M4L1O1O010OH\PN5do1K]PN5bo1K_PN4ao1LaPN3^o1MdPN2[o1NgPN0Yo11gPNOYo10hPNOYo11gPNOYo10gPN1Yo1OgPN1Yo1OgPN1Yo1OgPN1Yo1OgPN1Yo1OgPN1Yo1OgPN1Yo1OfPN1[o10dPN0\o10cPN1^o1NbPN1_o10_PN1bo151O2N2NTn_2OmQ`M1O2O0O2O1[PNJ^o1=NCbPN:^o1FgPN5Yo1JjPN5To1LmPN3So1MnPN2Ro1MoPN3Qo1MQQN1on1OQQN1on1OQQN1on1OQQN1on1OQQN1on1ORQN0nn10RQN0nn10RQN0nn10RQN0_o11O0@OQQN1on1OQQN1on1OQQN1on1OQQN1on1OQQN1on1OQQN1on1OQQN1on10PQN0Qo1OoPN1Qo1OoPN1Qo1OoPN1Qo10oPNORo10nPN0Ro10nPN0Ro11mPNOTo10lPN0To11kPNOUo11kPNOVo10jPN0Vo10=000=0WO0hPN0Xo10hPN0Wo11iPNOWo11iPNOWo11iPNOWo10jPN0Vo10jPN0Vo10jPN0Vo10jPN0Vo10iPN1Wo1OiPN1Wo1OiPN1Wo1OiPN1Wo1OiPN1Wo1OiPN1Wo1OiPN1Wo1OiPN1Wo1OiPN1Wo1OiPN1Wo1OiPN1Wo1OiPN1Wo1OhPN2Xo1NhPN2Xo1NhPN1Yo10ePN1[o1OePN0\o10dPN0\o10cPN0^o10bPN0^o10aPN1_o1O`PN1ao10]PN1co10[PN1eo14101N1N2O2O_oQ1OaPnN1O2N10KXPN2go1OZPN1eo1N\PN2co1N_PN2`o1N`PN2`o1NaPN1_o1OaPN1^o5OcPJ0^o10bPN0^o109000XPN0_o30YPN1WPNOao1162WPNMco14ZPNMgo160O100O2N1Nmoe00TPZO2O000O0100OXo_40hP`K100000100O02Medfm1
20121220110614Th_11,[`gh02mo12M2O1O10000O10001O00O01000000000O10O1000000000000000000000000000000000000001O000000001O000000001O0O10000000001O0O101O001Nko;0TPD3N101O00000000000000000001O00000O101O000OQP81ooG000O10000000001O000O101O000O100000000000001O0000001O1O1O00000001O002N001O1O0010O000000000000000001O0000000000000000000000000000O100000000MJ[PN7eo1200O10K]PNMco12_PNM`o13aPNN^o11dPNN>OXn13ZQNO=OXn11]QNO:1Yn10]QN091Yn1O_QNO82Yn1O_QN063Zn1MaQNO54Zn1MaQNO54Zn1LbQN134Zn1KcQN125[n1JcQN215[n1IeQN106\n1IeQNOO8\n1JeQNNN8]n1KdQNMO9]n1K_QNLI1:3F0hn12ZQN17MG0in1<`QNAG003jn19aQNDH4kn12^QNJH3_o1MbPN2^o1OaPN0`o11_PNObo11]PNOco171O001HZPN4jo1O1Nfo]12YPbN1N10001O0000LXPN1go1N\PN0do1O^PN0bo10^PN1ao1O`PN0_o10bPN0^o10cPN0\o10dPN1[o1OePN0\o10:000[PN0eo100000D0[P80QPH0PP60PPJ000000001O010[PNO[o10dPN0eo30ioM0`PN0`o108000000060J0I0]PN0do10\PN0co10^PN0io10H0_PN0ao10`PN0`o10`PN0`o10`PN0_o11aPNO_o10bPN0^o1090XPN0`o10`PN0ho10G0bPN0^o10aPN1_o1OaPN0ho1000G0bPN0go10F0cPN0^o10bPN0^o10801000YPN0^o109000000000000000XPN0`o10`PN0`o10`PN0`o10`PN0`o10`PN0ho10go10aPL0_o30XPN001O01000ZPNO\o11ePNO[o11dPN0\o10dPNO]o11bPN0^o10bPN0^o10bPNO_o11`PN0`o1OaPN1_o1OaPN0ho10O1IO_PN0bo10]PN1co10\PN0eo1O[PN1eo10YPN1go141N102N1O`o;0`PD000o_Ra2
20121229085414Th_1,`\ia241Ngo16001O1O1O00000001N3N4ZPNG\o1`0N100O0000O2N02O1WO\OURNf0im1[OWRNf0`n110O1O1M5MM3O200010000O001O01O1O00001O000O1O010O1O1J6001N100O000O11O2M2N3N1NH1cPNN]o13dPNJ]o170501N1O1000O2M20`PNKWo15hPNLXo1>OO2N1N3O1O101N101N1O1OjPNJM3Tn12oQNLL4Tn1NSRNNG6Un1LTRNMI6Sn1LURNLM5om1LjRN1cn1OZc`X1
20121229085414Th_2,b^oo02lo15K2M3N100000000001O1N110O02N2N1OO1O1OO2M3O1N2L21O011N3N2N2O1O1O0010O101N0100N5M0O1O010NfPNJmn16RQNNln11UQN0jn1OWQNLC4Uo1O_QNO_n11h000O2Nfo=1VPB3O4XOL^QN6an12VQN0jn1c0002L3O00001O3M3L1O1010O3N1OO1O1O2M3N4K3M3MYcbj2
20121229085414Th_3,eXo_21no12O1O10O10O0100Ncm5O_RJ0SPN0o10ik14VTNLjk13WTNMk00VM0hj13TZNNSKOij12ZVf02fnYO1O1O10O1O3LmQ2OTnM0TPN0lo10TPN0lo13FNePNO\o1470O1O1OOUNLnSN4Ql10lSNOTO0Ql10kTN0TO0aj1MRVN2:0SO1aj1MoWN1bM1Vl?MjRB1UPNOgo15001N2OYQNNin13M00O2OGO60WPN0io14N2O01O001O002N2NR21mm71PPH01OTP6OmoI0O2OO2OXm12eRN1iRNM`j13aUNM^j14g2O[V2MSg;0dRB2O1O2oQNKXl11QSNOjn12cKNlXN2Rg1NcTN0]o10PQN3^o1OeP:0inENXQN3gn1MYQN2\o1O1Ogo31USJOWj12gUN0Xj1NPSN1f22Um100Onl7NUSH1MO20fR:1YmE0cl7O_SH0o10Zn73doG2O001N2[PNIo1O[k1?bTNC]k1>bTNB_k1=aTNCak1:aTNE_k18eTNG\k17W200O01O2[MH`UN8_j1J_UN7`j1J`UN6`j1IbUN6^j1HdUN7Sm10O1O0O2N1O2N200O1OO2O1N1O2L31O01O100000000O1O2N2Nbn;OYQD9N001_PNIXo1?1O0001000O00PTN_Obh1?_WNAbh1<b3O1N2M3N3M2O^Rf0Ogn;3jnmN000Ve\o0
20121229085414Th_4,hV_f0:ho1MCJRQN4on11>OhPN1dn1LZQN7om1JaRN;^m1G`RN9dm1DgQNO:=Pn1CgQN04a0mn10O012NO3M2O020O100NmPNCin1=XQNChn16^QNJfn10[QN0chTX3
20121229085414Th_5,d^oo01RP40eog00\o_O0hPF1ko11VPNNg00Xo10ao90RQD0_o10PP20]PL1oNOnPN040F0jo50aoK0UQN1]o1Obo30TP21ZPJ000O1ONWPP10ko]O0PPB0Vcbj2
20121229085414Th_6,Zd`U21eo10cPN2[o10dPNNQo10TQN3So1OlPN1So10kPN3So1NlPN2To1OlPN0To12lPNKTo17:I^PN2`o1N`PN4^o1NaPN2_o1NaPN28Jin16oPN0\o11dPNO\o11ePNM0M[o11ePN2OO[o1NfPN30O`o10`PN02MWo14gPNM13Wo10hPNL13Yo10lPN0To11kPNNWo12iPNLXo15:O01^PNLWo14gPNMZo12fPNOZo10fPN0Zo11ePNO[o11ePNO\o11dPNN\o13cPNLin10fQN3BLin10eQN5AKkn10dQN5Wo10YPNKbo14^PNLbo14^PNLbo145O110O010Nc[ag1
20130104104234Ch_1,dX]m1111Xn12VSN1hl11VSN0il11WSNOhl12XSNMil14USNMjl14VSNHnl18]11N11O000000O011^QNE]m1;cRNF\m1:T11N2O1000000010O01N2O2N1N3O2M[OoPN<[o100O10000O0100O100O1N101O2N1O001WQNZOVn1h0hQNXOYn1g0gQNXOZn1j0>O3N2N1O00000O2O10OO1O001O1O1O10O0100O1N2O1O1O1O20N5J3M2N2N2O1N2O1O2N3N0O01000O001O1O0O10000O1TQNnNjn1R1VQNnNjn1m0\QNSObn1m0^QNWO_n1i0`QNYO_n1g0`QNZO`n1g0`QNXO_n1j0`QNVO`n1k0_QNUObn13^QN;OAdn12`QN<O]ORo1b0600010O101N3M10O1O2OO01O1O1O0O201N4M02NO1O3L3M2OefVj1
20130104104234Ch_2,miln22no13M2N2M1O10000ZMIdUN7[j1JfUN4Zj1LgUN2Vj13k2001O1O1O100O10O1010O0O2N2M4K8E6N2N01N2O2N3M3N2N<E]RNBom10XN0j15J1O1O2\PNLYo1>1N2N3L10O1O>B1O10O101O001O0O1M3N3N102NSOCYRN<dm1H]RN6am1KbRN2^m1NcRN1]m1OeRN0Zm1OhRNKlN1_n1Oa34gM4L3M3N2O1O10O001O2N1O2OOO3L4J]Vgk0
20130104104234Ch_3,eddP18do16@a0BRO\QNZ1[n1<L5I2OlNXRN1hm1JaRN3[m1HPSN;gl1EaSN9\l1GiSN7Sl1JPTN5ok1JRTN4Pl1JSTN2Ql1KSTN3Sl1EQTN:jm11N2O10CePN3Qn11e]om2
20130104104234Ch_4,[]ej2;co18H4M3N3M9H1OO0010O001O2M2N1NTObQN;]n1DfQN:Zn1EiQN9Xn1FPRN2Qn1LSRN2lm1LVRN4km1IWRN7hn11N2014MO2N0O2NN2N2O104OM3_OEWQN;hn1GWQN8jn1HWQN6]o1J_alR1
20130104104234Ch_5,Zd`Z23mo10O2N100O2N2N100N2_OE\QN;an1ERQN2;:cn1I]QN7cn1I\QN8dn1I[QN7dn1J\QN5en1K[QN5en1KZQN6fn1H\QN7Wo100O1O00001O1O2N10010O00000002N001N100AIUQN7jn1KUQN5kn1LSQN5mn1JTQN6ln1JTQN6ln1IUQN7ln1GTQN:ln1DVQN<Wo11O00O01KBfPN?Zo14N101O100O100000000001O1O2\OfPN>_o1O0000000000011N1O000000001O0O3Neo5O\PJ00N2O2N\\m_1
20130104104234Ch_6,jeTZ25do1:K?B3N1O2O0kQNoNYm1R1dRNPO@Lgm1S1hRNYOXm1g0fRNYO[m1g0hRNSO\m1m0l000O2MVRNROfl1l0YSNVOil1g0XSN]Ogl1?YSN^Oll1b0RSNZOnN0Tn1g0T13M0000O10000O100O01]OD_QN=_n1e0K4MAfQN\OXn1=TRNAim16dRNH\m13iRNMZm1JmRN4dn1Ia0OD2O0N2M3M13HXPN2Un;2aQF4M36HlY]b1
20130104104234Ch_7,QR[[19bo16O3L8I`0A0O12M[OQO[RNm0_m1\O_RNc0Ym1FiRN9Wm1DoRN;nl1DTSN`0gl1_O_SN>`l1C^SN=hl1@SSNa0Rm1\OkRNd0Um1]OjRNc0Wm1\OlRNF^Ob0fm1HZSNDQO7fm15cSNG_l1:d16ML1M?@TnPc2
20130104104234Ch_8,`eXZ21no1001TQNOim11S11URNOfk10YTN0oM0hm1O[SN0gm10VQ40ooK010WP40koM0N0jPL0Yn10gQN0Yn10fQN1Zn1OfQN0[n10gQ80emG0^R20\N6gPLJ=0lo30no30koG0n05_m1LdRN6[m1JfRN0`m1OdQN0n02Wm1NeQN0R17_n14M201O00O[MChUN=oi1CgSN0Y2=mi1D_VN;^i11iTNC:3Rk1c0`TN_O5M[k1e0cTN_Odl1MaRN2R1KYWYb1
20130104104234Ch_9,`dom01mo14M101N2O1O1O001O000001O0O1O1O1N2O1O10O10000O0100O2OeoS10ZPlN2O0O2O0O2O001O0O2O001O001O0O10000001O000O1001O01O001O0000001O001O001O000000001O000000001O00001O0000000O2O00000O2NaoW31_PhL2N000O10O2NfoS10YPlN3N1O2O1O1O1O3M2N1O0000100O0010O1O100O000010O0000000O1000000000O01O10O01O01O001O1O1O1N3N101N1N3Nnno00QQPO5M1N100000001O000000O1O2N1NSoe1LSQZN3L2M3L4N100O101O0O1000000O101O00000jRN^Omj1c0X2001O2N2N1O00010O001O001O1O101N00001O0001N10000O2O0O1O101O000O2O000010O00000001O01O000000010O0000000000001O00000000000001O0000001O00001O00001N2O001O1O1O001N10001O1O0O2O1O0O2O1O0O2O0O2NdPl00]oSO0ZnU31dQjL1000000O100O010O1000O101O`_PT2
20130104104234Ch_10,n_gk12>OQo11nPN0Qo11mPN1So1OlPN3So1MmPN5Po1IRQN9mn1GRQN:Uo15AKRQN6mn1?O106I1000000O10000000O2O3L2N7J1O001ZOkPN`0Uo1^OlPNb0Wo12O2M2O1O10010OO2O3L2O0O1O10O100O1N3N10000000001N10O100O1M301N1O2O1O1O1O01OO1000000010O000000000O1N101O0NM5L4101]PNF^o1?N100000O0100O10000001O1O0N3L4M2004L01I]PNOco1O_PN1bo1N_PN0co1O[``m1
20130104104234Ch_11,k`Ya11oo10O100N2UP>MoP@0nm10RRN1nn1010O00O02OO1O00RPT20ookM00000R^nZ2
20130110085614Th_1,Zjjm02mo12M3M3QOKoQN9Wm1FaRN?MN`m1E_RNd0ILgm1B\RN`1bm1b0M3M2N1O1NYNjRNM4Hml17YSNKM0el14dSNB[OJ?b0_l12fTNOXk10jTN0Vk1OkTN2Uk1LlTN5Tk1JnTN5Sk1HoTN:Pk1DUUN8kj1GVUN9ij1GXUN9hj1FZUN8fj1H\UN7dj1H]UN8cj1G^UN9aj1G`UN9`j1FbUN8^j1HdUN7\j1HeUN8dME^l13PVN`0oi1^OSVNa0mi1^OVVNa0el1001O0000000000001OO100O01000O010O02nL\OdVNd0Zi1AcVN`0Yi1ChVN<Wi1FhVN;Wi1DjVN=Ti1DmVN;Ri1EPVNGnNd0Pk1FQVNHoNa0oj1GSVNImN`0Pk1FTVNJmN`0nj1EWVNJlN2SO6jk1MXVNKkN1UO6hk1L[VNKjN2SO7hk1K]VNKiN1TO8gk1IiWN7Pl101O00011N1O10O00001O000O1000000001N2KQlQ10RTnN010TP81joG000`SN4\l13gPNGen1;`0O01O001O1O1O1O1dPN@Wo1a0hPNAWo1`0hPNAWo1c01LiPN^O>2Wn1?lQNBTn1>lQNBTn1=lQNDTn1;mQNETn19mQNGSn18mQNISn17mQNHTn18lQNHTn18lQNGUn18lQNHSn19lQNISn17lQNJTn15lQNLSn13oQNMQn12PRNNom12SRNMmm12TRNMlm14TRNKmm14TRNKmm15P1N2N3MhLO\SN0U30`i12W31O0000010O0010O100McWmg2
20130110085614Th_2,Z`jT24l02km15nQNMZ1JRN0]l1\1dUNdN[i1OXUNh1hl1_NQSNf1jl1^NTSNe1gl1_NYSNc1cl1^N_SNb1^l1`NbSN@El1el1eNoSN9DM1ZOdk1c0iTN@A2:<@Ggk1=cUNXO]OQ1mj1IfVN5Ui1OoVNNnh14TWNMgh16YWNIfh18[WNHch1GnTNH`2a0ah1GQUNF_2LZMN3;Qk15TUNFn24hNFRg1>[WNJj22gNFSg1:bWNMh21aNHUg18eWNLj23[NGWg16hWNOi24dMKZh10ZWN1j29[MFch1MZWN4i2;XM_Ogi16RXNKXN`0cj1EVWNNTN=ej1FWWNKVN?bj1FYXN:gg1EYXN<Yf1^ORVN1U15_2<Zf1FVWNM]2`0\f1CXWNL\2b0\f1AYWNL[2c0]f1^OT[Na0Wj1N2OVNGeRNIk0`0]l1JfRNHm0>\l1KfRNIm0<\l1KgRNHo0=Yl1LSTN4lk1DdRN0`1=kk1AiRNO^1?km1O101N00100O1O1O\JDe[N:\d1JP[NO]K6ci1KQ[NM]K8Yo1O0010dQNIol15_100001QLIRXN6mk10O2N1^QNG\m18PRNH11Pn17X1N1NWl11hSNO101Og_]f1
20130110085614Th_3,`cRR3253^o1O_PN9[o17N3M2O2M3M3N2M7I1J6NoNeQNa0Tn1EnQN;Qn1DPRNKL1Sn12SRNEKI6?jm12XRNB4>bm1O[RNB4`0`m1M]RNC3a0_m1KQSN5ol1JSSN5ll1LTSNBSO=im1JXRNIU1;bl1KgSN5Wl1KkSN4Tl1LnSN3Ql1MPTN2ok1OUTNMkk13WTNJjk16P2O100001O00001O1O10O000010O00O10dQNIol17QSNIol17RSNHnl17SSNIml17^10001O011N0010O1O01O010O000010O01O0001O1O000001O100000VPNLfo1800O10O02N2]PNC`o1>010O1O1O010O100O1L^PNIbo148MfPf0O\oYO1[NOgQN1_11fl1NkQN5]1Ogl14XSNMhl12XSNOil1OXSN1hl1MYSN5gl1IZSN6Yn10O01O10O010O010O1O00010O000001N1Kf[ee0
20130110085614Th_4,jgV`22imc0OZSD0knI1Xm9OlRL1koI200^QNMUm14iRNNR1Ogi14UUN0S1Lhi14UUNO5LfN0i00Xk15SUNO7Nbk14VTNNTOLi01Pl15STNM7Ofk13STNN70fk12STNM72fk11STNL73gk11`UNMjMNYl16T31XPNNf2Moi1=k21[QNBhm1:VRNGjm19URNJ=LRl1;`SNJ;MUl19_SNL:MUl17aSNM:KVl19_SNL;IWl1=^SNH[l1H`TN?QOHRn1:nQN_OV10Vk1d0[UN^Odj1d0ZUN]Oej1e0YUN[Oij1d0VUN\OSk1<lTND\k16cTNHai1OYVN9jk1HQTN?fm12N11O002N1O1O1O1O001O0001O01O10PSNE]j18bUNH]M0]l12RTN6S2Hmi14oSN4en1L[QN4dn1L]QN5bn1HaQN8Uo11O000O4M3M1UM^OTVNc0el1OoL_OeVN?Yi1@hSN0o2b0Xi1^OVUN31=hj1@WUN42:gj1BXUN42:Vl1FkSN;Vl1BkSN?km12[M^OgUNd0Uj1]OnUNc0oi1]OUVN`0ki1_OWVNb0fl1N5J2M2O`LLTWN3jh1MXWN2Vh1LkTN0R34Qh1MbXN2^g1NcUNOh12mi1OVSNOjo13CMnPN0D0W40mf14UUNLG0V41nf14TUNKI0[o16kPNKXo14:0LK^PN3iS20oK1O01O00OO01JMaPN3go1OTP60loI1O0010OYWYW1
20130110085614Th_5,a\_d24lo12M2O1O1N3N1N2O1O1N3N1O1O101O2N1TQNUO_n1m0\QN[O_n1U1M1;E4L1O10YOTOhQNO;m0km1\OURNd0hm1_OXRN`0hm1@YRN?hm1_OZRNa0em1_O\RN`0em1_O[RNa0em1@\RN>em1@`RN=_m1CbRN<^m1CeRN;[m1BiRN>Wm1]OnRNb0[n1FaPNN_o11bPNN_o11bPNN_o11bPNN]o13cPNM[o16ePNIZo187N2J6N`bbX1
20130110085614Th_6,ZcbR31S10Ro30joM0mN1URNO`n=0_PD0O0RPN0eP:0YoG1N20O2NPn?0PR@000PP40PPL0SPR10hoYO0UPD0YP41goK1ON[P:0ho70fn51WQXO000gQNOcl11kQNO^10Qm31\QN1ONnQh00lmWO0a00G0ho10ZPN0^[ee0
20130110085614Th_7,SPgc14Rl1MfWN5Xh1OdVNNYN4Sk1MdVNOXN6in120O01001O1O1O0001N100N3N1O1O1O1O001O001O00O0O3O@B_QN>`n1C`QN=Qo1O1M3O10O001N1O110jMEgTN<_j1DVTN1W1>cj1CVTNNT1`0hj1CgUNe0\j1]O^SNLh1i0kj1EQUN<[OUOQOOZk1=[VN>XOBZj1O`VN=WOEYj1MaVN;XOIXj1IbVN<VO]OPO8Yk1OaVN;\N_O<NC4[k1OZVN>]NAg00Sj10YUNOa1?\NAh00Rj17UUNId1>]NCok13gSNL;1I2\19jNFlk15kSNH;3F3\17hNBJ5Zl1NkSNM8>P11eNLRm13UTNb0nk1\OmSNh0Tl1WOjSNk0Yl1QOhSNk0Pm1QO[RNS1fm15lQNPOYn1k0lQNQO]1Ooj1l0iSNROY11Pk1k0jSNQOV13Sk1j0[2M3M4HeRoW2
20130110085614Th_8,PRiV11oo11O101LMXPN2ho1NXPN3go1MYPN3go13001O00000001O000O2M4N1O000lPNCen1<\QNEfn18ZQNIen17[QNIfn16ZQNHhn18`010O1O2O0O001O001O1O1OXPl05coSO001O00000000MYPNMgo12[PNNdo12\PNNOOco12^PNON0do1:0O0O100N2O1O1001O1O01O01\PNI]o17cPNK\o14dPNM[o13dPNN]o11cPN0\o11cPNO]o11cPNO^o11aPN0^o191N101O0O101N100000000O10SOHRRN8mm1KRRN4nm1MQRN3om1MQRN4nm1LbQNN36[n1MaQNM55Zn13\QNG>4Un15RRNJom15QRNKom14RRNLPn1LXQN3i00Sn1NnQN2Po101O001O1O000000mo10SPN000nlha2
20130110085614Th_9,UhlV11lo11UPN000go17OI]PN2io10O10O0MUPN0lo10VPN0mo70koI040UPN0go30ePL0nn11a00RPN0ko13]PNLYo13gPNMZo11gPNOZo10fPN0eo10ao10_PN1DOgPN4Vo1MiPN5Uo1KkPN6To1JlPN6To1JlPN7So1ImPN7So1InPN6Qo1LnPN4Ro1LmPN5So1KmPN5So1KmPN6Ro1KmPN5So1JnPN6Ro1JnPN6So1ImPN8Ro1GoPN9\o1010O03N1N001O00000N201O00_OORQN2mn1OSQN1ln1OTQN2ln1ORQN2nn1NRQN1on1NRQN2nn1OQQN1on1OQQN1on1OQQN1on1NRQN1on1OQQN1on1NRQN2nn1NRQN1on1NRQN2^o100001O000000000O101O000001O00CLnPN4Qo1MoPN3Qo1MoPN4Po1LPQN4Po1LQQN3on1MQQN4nn1LRQN5mn1KSQN5mn1JUQN6Zo10001O1O1O1O1O0OXWgb2
20130110085614Th_10,cZS`15ho13N2O1O100O00J_PNMco12lPNMgn11[QN0dn1N^QN3an1M_QN5^n1LcQN4[n1MfQN3Yn1MhQN3Wn1LkQN4Tn1KnQN3mm90RQH1O10O00100O0100O1O000001O001000O10O1O1O10O2O00O10000000001O01O01O00010O01O10O010O02OO11N10000O10O100000O010O10O010O00101N1O00VQNOfm11XRN0hm10XRN0im1OWRN0km1NVRN1]c\Z2
20130110085614Th_11,fcWm11oo14K10000^PNMWo14fPNN[o11dPN1[o1OePN1OLVo13jPN9Uo1GjPN:Vo19N10001O0000000002N001O001N2O00001O001O000010O0001O00001O0O100O1O101N100O100O1000O1000O01O10O1O1O010O10000O0100EHmPN9So1HfPN>Yo1500000N2O2O0O100O101L3O100O10000H]PN2jo1OXoW10gQfN0Qn11VQNOb01Xn17gQNIYn17gQNHZn18fQNHZn18g01NL]PNLdo14]PNJdo16302KSP8O\P`00doWO100000000ZPNO]o11cPN1[o1OdPN2\o1NdPN3Zo1OdPN2\o1NdPN2\o1ObPN2^o1OaPN1^o1810GCoPN<Ro1DmPN=Po1GoPN9Po1HoPN9Po1InPN7Ro1<0000O10000O100O1O1000000O100TQNPOin1o0UQNQO01kn1m0UQNRO01kn1m0XQNROin1m0VQNTOkn1l0TQNTOln1l04011N1O\OTQN5ln1D[QN;fn1A^QN>Ro1100O001O0000000000000O1O1N200000KgPNCYo1<hPNDXo1<hPNEnn13PQN91Eon1c0QQN]Oon1c0QQN]Oon1c0RQN\Onn1d0SQN[Onn1c080000000O1003M1O00ZO^OnQNb0Rn1_OmQNa0Sn1@lQN`0Tn1AkQN?Un1BkQN=Un1CkQNN@9fn1IoQNM[O6fn1NRRN2nm1NSRN1nm1NSRN1mm1OSRN1nm1NRRN1om1OQRN1Pn1MQRN3nn101O0001O01O0010O01O0000001NSP60noI0`o30_PL2O0O101^PNLUo15jPNMTo14lPNLTo14kPNMUo13kPNNSo13lPN0Ro10nPNOSo11lPN0Uo10jPN0Vo10iPN3Vo1<O01O001M201DcPN3]o1LfPN2[o1MePN3<K]n11XQN3;L]n10YQN4:M]n1NZQN391en1OZQN3fn1K[QN5en1J[QN8Uo11O100O2N100N2N2001O000000O11O3M2G_PNOco1O^PNOco11]PNOdo10]PNOdo1O]PN0^[P`1
20130110085614Th_12,ignQ31oo11N100[PNN\o13cPNM]o1380010O001O00^PN0To11kPNOVo11iPN0Vo10kPNOVo10jPN0Vo11iPNOWo11jPNMXo13gPNMYo13;000O010O01O10O010O010O01NSP:1moE000O1O2O01O000O10O10O10000OlWgj0
20130110085614Th_13,WWUg22mo10002OjPN1AOYo12fPNNYo14ePNMZo16dPNI]o1851O1O000FFoPN8Ro1HoPN0G42MRo1OZQN2D0Po1O\QN0E2nn1N]QN0E2nn1M^QN1D3fo100001O0000000000001O00000001O000O100O2Ngo3OQPd0;]PVOF]o1a0M1O000O0OO4L5GfhnT1
20130110085614Th_14,hZ[`11`o=0]PJ0RPJ0lo52UPJNI0ZP40jo50joE0_PN0ao30`P40doI0XPN0go10ZPN0ao10^PN2fo1NZPN1lo1O00O0mo90]P:0loA0loI0PPj00WPZO0doK0YP20hoM0UPN1lo111NbeVZ2
20130110085614Th_15,jYXV23lo1101XOLWQNa0cn1IUQN:bn1]O`QNR1`n1QO^QNo0an1RO^QNo0an1RO^QNe02ZO_n1j0gQNVOXn1h0kQNXOSn1h0nQNYOPn1h0d000CPQNKnn13WQNIin1:UQNFkn1f0N4N2O1O1000O1N2O1N2O101N1K41O1N101RQNWOen1i0[QNVOfn1i0[QNUOhn17UQN1OMOLSo12QQN31OYo10<L`gUg1
20130206063154Uh_1,j]ab28go12O1O0000000O2N1M3N2O1O1O1000O1O0O2M3M3O00100O0100O001O0010O0010O001O002M2N2N1O2JNoPN@Qo1`07O101O000O10I6L4010O2O0OhQNWO]m1g0dRN[OYm1f0gRN[OWm1f0jRNYORm1k0o02oQNQORm1P1nRNQOPm1P1oRNROUl1OfSNP13QOSl14lSNj00ROSl15WTN`0E[OQl18\TN<[l1IiSNCmN5Ym1:UTNEik1=l14L2M2O1O2N1O1N2N2O00G[QNWOen1j081O00O2O1N2O001N100O2N1O01001OXTNBPh1=PXNDPh1<dWN^OSM7Yk1:dWN@QM7\k18dWNAPM0I3ek1;aWNCVMO\k11ZTN4W1N?Mhj12hTN3?Lij10iTN4=Nij1LlTN5gNL_15[l1LXRN0\14dl1M[SN2fl1OYSN0gl10[SNNgl11YSNMkl11Vf`V1
20130206063154Uh_2,dafn19fo15K5L3M4L4L2N01O0O1O1O2N1N2O2N1O11O0010O10O001O01O1O01O01O000010O000O100O2O00010O10O011N010O2O0O1O1O1O001O1O10O010O0100001O1N3N4K10000O101O004M7H00002^QNXOgm1f1L3L5L=E7G2M1O00O3M3N3L3M3N2M=eM[RNa1Un1L4M3Mc0bNPQNg0Vo1N1O2O1N101O000001N2N2N2O;D:F7J2O4NO3L2N2M100O4M2N1N=C4M2M8I0O1O00000O01000OYQNNam12\RN22NXl11cSN4N4]l1GdSN6M7^l1CbSN9M9_l1^OaSN:0<]l1[O^SN;5>Zl1XO^SN;9`0Vl1WO\SN;>`0Vl11kSN0Tl1OmSN2Sl1LoSN4Pl1KSTN3ok1JTTN4lk1I[TN3gk1IjTNGWk16RUNCoj1<WUN]Olj1a0[2O0O2M2N3M3N2M5J^Sj02TPce1
20130206063154Uh_3,gelV16ho14M2O1O1O1O10O01O0100O2N100O010O010O001O1O001O0010O0100O10O10O1000O1O010O1O0010O01000O0000O001O10000O101O001O11O2M1N102N100OWONdQN2\n1NdQN2[n1OfQN1Yn1OiQNOWn11jQNOUn11kQN0Tn10mQN1Qn1OoQN3om1MQRN5lm1LURN4jm1LWRN3im1NXRNOim12XRNLhm14R100000001O001N3N001NVZec2
20130206063154Uh_4,bcTa12no11O2N0010O00QOLRRN5lm1MSRN3lm1OSRN1mm1OTRN1km1OURN1jm1OWRN1im1OVRN2km1LVRN3ln10O0100000O010O0010O0001O01O01O00001O000000O10O010iPNJen16[QNLdn13^QNKbn15]QNKdn16c0O0O2O101MU]i[2
20130206063154Uh_5,nhPo01no110O\PN1co13M2O1O2N3M3M1O1O101O1N5L00O2N1O3M3K6CoP^13UoaN201O00010O2O1N2N2O1O0O2`PNB[o1b0O01N1O10000O1000O2L300O2O1N2O1O1O001N10001O1O1OUOUQNa0ln1]OVQNb0kn1[OWQNe0Ro11O00001O00_OmPN5To1HoPN7Qo1HQQN8\o1O10O013L1O00O100O1O10O010000O1O101N2O2M1OhTki2
20130206063154Uh_6,`aRQ11no12O1O1N2O8H2O0O1O1O02O0N1001K@hPN`0Xo1BfPN>Zo141O00000000002O1N0101N2O1O04M2M2OO1O00010OO3N002N2O0O2M3LW]Ql2
20130206063154Uh_7,eaZQ1130do?0iP@0nn10RQN0ong00oPH0joK0YQT10^naN1O0VP4OjoK3N1O2N10O00000O2O000010O01O1O[P`01co_O3M3`PNKdn1O]QN7LL8JPn15lQN?4]OPn15kQN>5]OPn15kQN>5]OQn14kQN>4^OQn13mQN>2@Pn11PRN=2A`n1=bQNB`n1;bQNE`n17f0M^QNL\n30iPL0Tk12[43TTNKjg17o30WTNIhg18P4000gPNJR3NUh16jTNMhn11XQN0jn1MVQN4Zo11ePNKjn15WQNLl2N_h17eTNLfn10_QNNh2O]h11]X2ObK0XP20[P20ljK3dTN2_TNKTg17kXNIUg16lXNJSg17lXNIQL0jj16RVNLU2Nig14TVN0Q2Lkg12VVN4m1JZi16YVNJbM0Ul16fVNJYi16iVNJRi1:nVNFSi18oVNHPi18[310O[SNHei17\VNIXM0Ql16RWNJoh14RWNLPi10k60il50noI0Rom00nPRO1OO10UZec2
20130206063154Uh_8,T\Xe17go14M1N3L4N3M2O1O1gQNWOYm1j0cRN\OYm12PRN7d0LZm1KURN:>L`m1EURN`08Mmm1?fQNCYn1=fQNC\n1<cQNE^n1n010OYOcQN\O07_n18eQN^ON:_n15lQNJUn15lQNJUn14mQNJTn15mQNKSn14oQNKPn15m0O2M3M300O1O1OXQN3^OOan11ZQN5en1KXQN8in1FXQN:Vo1101O01O1000O001002N3NWOJfQN6Vn1MmQNNSn12m01O01001O01N3N5KUbSW2
20130206063154Uh_9,VfXh26jo11O10000O001N1000000010000O10O1O100O001O1O[4NeK2000O0011O02Mjk30XTL0ePNN[o14N2O0000N4K`QT14^nkN1dP:M]oE3N00101\MOSUN2kj11TUN0ij13VUNMij14YUNIfj1:[UNAgj1`0[23N10]OmPN8_o1OhNMcRN1]m1OdRN1[m1NgRN1Ym1OgRN1Ym1OWRNNG4Pn1OYRN0D1Qn11\RN2\ONXn11]RN;em1A^RN=fm1@]RN<hn1J5J\XoQ1
20130206063154Uh_10,mXS^262Lbo1:O102N1N100000N2OeNCUSN<Xn1000O010dNDSSN=ll1DTSN:nl1FRSN9Zn101O0N3O1O2Mcoa0N`P^O2WPNN54mn10kPNN75kn1MmPNO76kn1JQQNN58in1J]QN7bn1J]QN6Wn1IdQN156Un1MdQNM75Un10bQNL93Vn12^QNN;0Wn1>iQN@Wn1a0iQN^OXn1b0c001O0O1N2O1O2N1N2N2O100O0100O10001N100000000O100000O2OPRND]l1;cSNE^l19f1H[PN2ThT]1
20130206063154Uh_11,geZe27go13O1O010O3N0O01O000O100O10000O10010O011H\PNOeok05QPVO1O01O1O12N11NO010O001O10I^PNObo10_PN0io10G0aPN0_o108000mo32QPL0]PNN`o?0WPF0[TJ3Sg13eXNJag14fXNLUg12lXNNbk11aK0mXN0ck1OcK0Y45ZTNK_g18_XNIag18T4G\PN3YoQ34ZPPM100O10O2MlYYR1
20130206063154Uh_12,j`Um24ko12M3GHfPN:Zo1602N00012M101OO10O1O1O000O11N10001O010O1O1O0006J1O00000011N1N2O1]OhPN;`o1N1000006I10O2SOLlQN4Sn1MlQN4Tn1KmQN6Rn1JnQN5Sn1JmQN7Tn1GmQN9mn1O_OH]QN6cn1MlPNM=5gn13WQNLjn14VQNLjn14VQNKnn12PQN0Po10lPN3Uo1LkPN5Uo1JlPN6NHon11SQN7NJVo17iPNKVo16iPNKWo15hPNKYo12hPN0Yo1NhPN2Yo1MgPN3Yo1MgPN3Zo1KgPN4Zo1LfPN5Zo1JfPN1ho1Mi^Zn0
20130206063154Uh_13,X^UT11YP60ioI1ho14O2O2N1O00000O1UOFPRN:Pn1FoQN;Qn1EoQN:kn11O001OO011O0O2J60O00100O1O10000O1000000000O00100O100O10O1[PNIao1;0000000O1000O10O10O101O0O100O1000000001N10001N100O10000O10O010OO20O00010O01O01N1100O1J`bZf2
20130208063134Lh_1,cZgP322Ogo17N1O101N1O1O10O00000OO3N10O10O010O0\NDeSN>[l1CdSN<^l1DbSN;`l1D_SN<dl1B\SN>Sn1O1O001O0000M2100010000O010O1N20O010O100O1O100O2O0O1010O1N101CdPN2ina04hP@2N1O1O2M2O1O1O1O001N2O0100LgPNAXo1>6N2O000000010O0100O0010O0O1O1M300001O100O10O10O100000O1O00100O1O1O1O2O0OZS:MflE5N1N2cLHQWN9oh1FQWN;Zl11O000000O2L3K]enf0
20130208063134Lh_2,fZWe13lo13N1O0^SNLXi14hVNLXi13hVNOXi10gVN1Yi1OgVN2Xi1MiVN3Xi1KhVN6`l11O100O101N2O0O1O10O1000O1000000000000001O0000\NFbSN9^l1IaSN7_l1IaSN7^l1JbSN6lNDVm16nSN6lNEUm15oSN6kNFVm13PTN7jNGUm12QTN7jNGUm11RTN8iNGUm11RTN8iNHTm10STN8iNHUm1ORTN9iNHUm1ORTN9iNHUm1ORTN8kNHSm10RTN8kNIRm1OTTN7jNJRm1NUTN8jNHRm10TTN8jNHhn18YQNFhn19`0000001O0001O0000000000000bKISYN7lf1KSYN5mf1KSYN5mf1LYUNJX3;_g1KYUNJX3;\g1EPUN69MY38_g1EPUN58N?Mm1<bh1GSUN0>Mm1<ch1FRUN0W3;Wh1CkWN=kk1100O10000fPNARo1?nPNCQo1=oPNDon1=QQNCon1=RQNAnn1`0RQN@nn1?9100O1O010O10000O01000O10O10O1000O1M3N2O100O1000O100O100O100O0100O010O1O0000O2N100O10010O0100O10O1000OGDnPN>Po12QQN_Oln1b0WQN]Ogn1c0:0O01000UM\O]VNd0bi1_O\VNa0di1AYVN`0gi1AYVN>hi1CWVN;ki1EUVN:li1FTVN8ni1IQVN4Rj1MmUNOWj11iUNMZj13fUNI]j19d23N1N3VQNLcm15WRN3em1OPRNa0jm1j0104K2N2N3M2M3N1AgQNSO^n1g0gQNVO]n1<mflo1
20130208063134Lh_3,d`Zd11oo10000000N3M2O100O100O1O1O100O101O0O1001O00000010O1O2O0O010O001O010O00001O0010O001O001O001O001O00001O01O01000O2O3M1N2O1O0O10000O1000000O1001O000O3N0O2N1O100O101OO02O02O01N1O010O1O0O2O0O10000O2O0O1O100N10]Q^2OdnaM3L4M100O00010O01O100OUNJlSN7Rl1JoSN6ok1KRTN5lk1KUTN7hk1IYTN9ek1E^TN<bm110000O0100000001O^MD_UN<`j1E`UNg0Rj1ZOPVNf0ni1ZOUVNd0ji1\OZVNa0di1A^VN=ai1C`VN=_i1D`VN=_i1D`VN>^i1CbVN=]i1EaVN<_i1DaVNI\M<Ql1NnSNHc28_i1:`VNG`i18aVNH^i19bVNG]i18dVNI[i17fVNIYi17hVNIWi16jVNKUi14mVNLSi1DTTN5l27oh1@[TN6g2;mh1@\TN3i2=jh1@]TN0l2a0fh1_O_TNNl2d0dh1^OgWNa0Xh1@hWNa0Wh1^OkWNa0Uh1@PUNOP2b0oh1AnTNNS2a0oh1AnTNOS2?nh1CPUNMR2`0oh1BoTNNS2?mh1DPUNLT2`0lh1DPUNKV2`0kh1C]WNL\M`0Xk1DZWN0]M:[k1DXWN4]M6\k1FVWN6^M2`n1O`QN0_n11aQNN`n13`QNL_n16aQNI_n17aQNI_n18aQNH^k1KRWN>_MG_k1LQWN=aMG]k1MQWN8gMKWk1NQWN5jMMUk1NQWN4lMNRk1MSWN4lMOPk1NTWN3lM0oj1LVWN1oM3ij1LYWN1nM4hj1J[WN2mM5im1KWRN5im1IZRN7gn10001O01O01O001O00010O10O0100O1O001O1O1O1O00UP>OkoA2O001O10O001O1ObYUk1
20130208063134Lh_4,ehRo01mo13N1O100O2O000010O00001O010O1O0001O01O01O100O1O10O10O10O0100O010O1O00100O0010O10O000O2O2N2N100cPN@Xo1e0O9GSOTQNh0kn1VOWQN;M0Ro10nPN1Po10oPN3on1?O100000O1]OVQNDM8mn14^QNGcn19b0N2M3K[PNNfo10RWil2
20130208063134Lh_5,lbfh2160ao13\PNNco19O0N2O2O0O1O2O1aXNBZ_1?c`NFZ_1;d`NG[_1:d`NE\_1<d`NC]_1=e`N@\_1a0e`N[O]_1e0o71O0001O010N2O00cSN\O_i1c0aVN]O`i1b0P30O01O2O1O1N10O10O010O2N4L2NhQf02SnYO4N2N3N3N0WQN\OUn1d0iQN^OVn1c0dQNC`n19]QNJbn17[QNLen1g011O0002N1O[QNWOSn1[1O11OO0100010O02OO0000100O00010O5L2N1N0000O1OYNUN[UNh1fj1YN\UNd1cl1M2NnSNhN^i1V1aVNnNai1n0]VNTOlMJYk1P1jVN0mh10RWN3lh1MSWN6kh1JSWN9mh1FQWN=nh1BRWN?Pi1_OnVNc0Ti1\OiVNf0Yi1ZOcVN]OYNh0Tk1LlUNROVO;Of0oj1OdUNN@SOGg0Tk19`UNNImNIj0oj1=WUNKb0G[j1k1gUNUNcj1[1bUNfN`j1U1_UNnNdj1o0WUNWOkj1e0UUN[Ooj1a0RUN_OQk1<RUNETk11PUNNXk1GlTN8Yk1BjTN=`k1WObTNh0ak1ROdTNm0Xm1001O0O10000000O2O7Hg0ZO3M00lPT11RokN1ZRcm0
20130208063134Lh_6,aakk06ho14M2N2N1F;N2N2VQNVO\n1l0`QNVO`n1l0]QNUOcn1U1O1O1O00O1O1K^QNkNbn1T16O1N01N2GnNdQNR1]n18O00O1L4101O1O1OEaQNWO^n1h0eQNWOSn1n0QRNQOnm1o0SRNROkm1n0WRNPOim1P1XRNQOfm1n0]RNQObm1m0aRNSO^m1k0fRNTOXm1l0jRNQOYm1e0PRN_Oln1b0VQN[Okn1d080000O1O1O2O1L4N2O1O001O1N2O4Kd`^P3
20130208063134Lh_7,liTi11oo10O2O1O00001O0001O1N]o=OePB00000[Pb02^o]O6N1010O0000010O01O0010O01O1O0aPNGXo1:ePNMUo1a0N1O00010O1O1N2O001O001M210O01O0000001^OTQNNln10WQNOjn1I^QN6bn1I_QN7bn1G_QN8cn1G]QN9Vo1O00000O101O01O01O000000000000000000000O100000000001O000O101O0O2O0O2O0O1000001O00000010OnN_OeRNc0Xm1^OiRNb0Vm1^OjRNc0Um1\OlRNd0\n1L2N1O00000000O00001O001M210000O01001N1000001N10001O001O001N101O0O101O1N2O1MaUml1
20130208063134Lh_8,T^eT32io1OZPN2eo1O\PN2ao1NaPN2^o1NbPN2]o10aPN1_o171O1O1O10PNJVTN5kk1LSTN5mk1KRTN6nk1ISTN6ok1IRTN2Rm31YQLOWo1`0M10000O1E;O0010N1O2N2M3N2G8O11O1N2N2N3M3M2N2N3M2O1O001M001O001O2O01O101N2M2FUQN@mn1?UQN^Omn1`01[OWQNd0hn1\OZQNb0gn1^OZQN=Wo1L5L3N2O1O00EOfPN3[o1M`PN7bo121O2M3MXeff0
20130208063134Lh_9,]`nc123Ogo16O1O000001N100000WPNKgo15YPNKgo134NZPNO`o11aPNO_o11aPNO^o11cPNO]o11cPNO\o11ePNOZo11gPNOXo11iPNOVo12jPNNVo11kPNOUo11=00ORP20ooM00000^PN0Uo10kPN1So1OnPN1Qo1OQQN0on10QQN0nn10RQN0on10QQN0nn10RQN0nn10a00bPN0ln11a001ObPN0ln10b00cPN0jn10WQN0hn11WQNOjn10VQN1in10VQN0kn1OUQN1ln1OSQN0nn10RQN0on10PQN0Qo30_PN0QP20PP20PPL0O0aPN1nn1Ob00dPN0fn10\QN0cn10^QN0`n11`QNO`n10aQN0_n10aQN1]n10cQNO^n10cQN0]n10cQN0]n10cQN0]n10cQN0\n10eQN0cm10ZRN030am12\RNO2Oam12^RNO1O`m13_RNN0Obm11cRNOSo1010bPN0in10VQN0kn10UQN0kn10TQN0mn10SQN0mn11a0OaPN0on11PQNOPo11RQN0ln10TQNOmn12QQNOon11PQNORo1OoPN0Qo11nPNORo12mPNNSo12lPNNWo11hPNOXo11gPNOZo11fPNOZo11;0ZPNO\o12cNO]SN0bNOim10fSN1`NOjm12eSNOaNOim13fSNN_N0km13eSNM`N0km14eSN0\l10fSNL[l16g101O1O1LVPNOX_mT2
20130208063134Lh_10,_cgW21no12O0O2N1O1N3N10000O1N200000001O000001N11O00O2O1O1H]PN1io1O101OO10000O1O10000O101O0O1000000O10000O2N1O101O000000001O001000O001O2N0010O001O010O1O1O003N01OO1O01O001O001N100010O00O2O00001O00000100O0000001L300O10O1O01O10O1000000O011N100O10000O2O00000O1O2N1O101M]\\`1
20130208063134Lh_11,bcfl13mo11O1O1O1O101OL[PN0ao1ObPN0\o1OhPNOXo10iPN0Wo10iPN0Wo1OiPN1Wo1OiPN1Xo1OhPN0Xo10hPN0Yo10fPN0[o10:1ZPNO\o10;000O000_PN1Ro1OoPN0Po10QQN0on10QQN0nn11RQNOnn10RQN0nn11RQNOnn11RQNOon10QQN0on10QQN1nn10QQN2mn1NSQN:en1FgQNOXn12hQNNYn10mPN0h00^n12_QNN`n15^QNK=1Rm14aRNK<2Sm12bRNL:2Um11bSNNal10`RNO62Sn1OkQN1cm10SRNN93cm1MVRN082Wn1NhQN1To1OgN0[Q20PPN0O01000bPN0^o10\O0WQN0]o10[o10YQL0gn30YQL0fn10e0001ePNOfn10ZQN0fn11YQNOgn11YQN0gn10XQNOjn10UQN1_n10ZQN050cn10YQNO20hn10WQN0ln10RQN011Wo14ePNK\o15dPNK\o15dPNK00So15mPNK00To14mPNL[o13mPNMkn13nPNMN0on10[QN0_n10ZQN090D0an10VRN1YOO`n10WRN1YOO`n10XRN0YO0]n11`QN0c00@O\n11aQN0c00AOYn12]RNO[OOWn12_RNNZO0Wn12_RNOkm14RRNLnm14SRNK\O0Vn15^RNL[OOWn14_RNMkm12WRNMim12XRNOhm1OYRN1kn11ZPNN]o11cPNORo12nPNOZo12gPNNOOPo13RQNNUo16iPNI00nn16TQNJTo16mPNJRo18lPNIMOPo17TQNIL0Po18nPNIO02OSo17iPNL2O1NTo1>iPNE2MVo1c0iPN]OXo1b0hPN^OXo1f01N1O102^ObPN046co111O1KWPNNko10iYck1
20130208063134Lh_12,Pkn]32no12O01M[n73TTF1lj12RUNNnj14QUNJTk15kTNIXk16Y201Oonk0MSQTO2gRNO`j11_UNOaj12g21jRN4Tj1LlUN6Tj1IkUN8Uj1EmUN<ml1N2N4L4KWP63foI3N1O1O10O01O000VNHlSN8Sl1KkSN5Vl1JjSN6Vl1JjSN7Wl1FjSN:Wk1GgUN9Yj1HgUN7Xj1KgUN5Zj1JfUN5\j1JdUN5^j1KWUN0mM6Pm1OjTNMTN3Tm13`SNG9`0Wl1J^SNH;<Xl1NZSNH=9Zl1OXSNI>1bl1IeRN583b0Mkl1ObRN4d0Mkl1NaRN5d0M^m11dRNN]m11cRNO_m1KeRN5dn1NQTY=
20130208063134Lh_13,aPoo15jo12N2O2N1O1O7I1O1O2O0O1O10O01O01O001O001N3N1DePN0\o10ePNN]o11cPNO^o1OdPN0^o1NbPN2go1N10001NUPR20lomM1O2M101O1N2N2O000000000000O2O001KYPNNnok1OPPVN1O001O6J010O001O01O01O001O02O1O01N010O01000O01O1O00001O0000001O00000O100O101NTnbf1
20130208063134Lh_14,[aSl01?0co50nn70oPD000oo10PPN1OOmo10PQ40ToI0dn10\QN000TQN2em10ZRNNkn10gn70[QH0SQN0ln10PO0jQN2Vo1NYO0aQN0Wo10jo50PPN0Tn?6kQ\O4N1N101O001N010O010O10O2M6InmU2OSRjM4N2N1O2N100O100O010O010O0010O0000mPNDdn1<[QNFbn1<^QND_n1?aQNAZn1d0gQNZOXn1h0=3FUO]QNl0cn1VO[QNk0en1VOYQNj0in15TRNnNll1Q1SSNROml1l0SSNUOSm1e0lRN\OTm1c0mRN]OSm1c0mRN]OTm1b0lRN^OTm1b0lRN^OUm1`0lRN@Tm1`0lRN@Um1>lRNCSm1=mRNCSm1=nRNBSm1<nRNDSm1:oRNEXl1L\SN=>EWl10ZSN3h0Jok13_2O0O2OkQ86mmG3N001O1O010000O2N1O3M2M[dRi2
20130208063134Lh_15,]abX21no15VPNO]o1:1O2O0O1N4M1O00QRNKVl13iSNOQl1OXRN1g10Ql12VRNLi12Rl12PTNOok10QTN1ok1MSTN3mm1000PNMSTN3kk11STNOik17UTNIkk17UTNIlk15TTNLmk11TTN0mk1ORTN2mk1ORTN2nk1NQTN3ok1MPTN4ok1NoSN2Rl1NmSN3Rl1NnSN2Rl1NmSN2Tl1MlSN4Tl1InSN8Rl1EQTN:jm110OO2O0001O1O0N3M7Jk\cd1
20130213063454Uh_1,dZYT22no14K2N100O10000O10000O1O1O1O100O100O1O00100O001O100O010O01O1O100O0001O01000000OL@iPNa0Vo1500M3O100O0100O010N1N200100O001O0O2M201O0M4O001O00010O00010O0100N101O001O100O1O1O2N2M2N201NM^OjPNb0Vo1_OhPNa0Yo13OO2N2O0100OBePN8\o160O1BdPN6`o1HaPN001hf`e1
20130213063454Uh_2,Q^\^11no12O101N5K001O7I3K3N^OkPN;Uo1EkPN;Uo1@jPN30>Vo1DjPN<Vo1DjPN<Wo162N1003L2O00O000010O0lPNYOPo1l0TQNTObn1m0\QNUOcn1l0ZQNVOhn1P12O0O1O10O00O2O0O1010O01O4K2O0O2O011N001O1O001O00101O000O1O1K401O4L2Nf`c]2
20130213063454Uh_3,Tghi02mo12L3N2N2O1O1O10O100O1000O100O10O10O02N1L\PNKeo148KVYiT3
20130310063154Uh_1,j[Ud13mo11O0O2O000O10000O10000O2O2N2N2N001O00001O000000100O001O1O100O1O1O2N1O10ZOmPN?Qo1APQNc0kn1]OUQNd0jn1[OXQNe0gn1[OYQNe0gn1[OYQNf0fn1ZOZQNh0en1VO\QNj0dn1VO\QNk0dn1SO]QNm0kn11N1000TOSQNf0ln1YOVQNg0in1YOWQNh0hn1WOZQNi0en1WO\QNi0dn1VO]QNj0ln101WOkPNf0Yo1OO010kPNZOnn1g0QQNYOPo1l00O002N1000O01O0_OkPN8Uo1EPQN8Po1HRQN6on1HSQN8mn1GUQN7kn1HWQN7Zo10^PNJYo15hPNKXo14;00OYPNLbo1:0O001O0O2O10O01O00010O01O000fNJjRN6Um1LkRN3Um1MkRN3Um1LlRN5Sm1KmRN5Sm1JnRN6Rm1JnRN6^n10O101O000O10000O10000O100000000000001O000000001O00O10000000000O01000000O100N3N1O1O1N201N10001OO2O00000O0100O1O101N2N10000O101O0000O010O1LoPNXORo1f05O1O1OD\OTQN07d0dn1A[QN>en1DYQN=fn1DYQN<gn1GUQN:ln1:210O100ZORQN40DPo18PQN3Uo1LlPN3Uo1MkPNI04Vo12QQNMon12SQNLon10mclo1
20130310063154Uh_2,bjXm23lo14L30N_PNI[o15cPNObo15N100PLHXXN7hg1LVXN4jg12RXNKog17SXNEmg1=j32M101N11O01000101O01N34I7I2N2N2N6O0L05K1O1O4L2M2O2MXRNZO\l1`0bSN@fl19YSNGil19VSNGkl1<RSNDnl1=PSNBQm1`0lRN@Um1`0kRN^OXm1b0S1O1O1NhQNBQm1:b1G_P62boI1O2OO010O2N1Ogn9OYQF202N00O0010O1O100O0001NXPNMeo13[PNOdo10]PN0bo10^PN1bo1M`PN3_o1LcPN2fo101O0OXQ`04en_O:G3M1OO0O4M7H4MmTSl0
20130310063154Uh_3,ccVV1<bo14N1O3VM^OQVNc0gh1@bUN4e1:hh1BbUN6f17gh1CbUN7h16eh1CdUN4k17ch1BcUN6Q23]i1LfVN1\i1LiVNMngi01hTXO01O00jRb00Vm]O1RPN0il11SVN4ji10UVNNki14UVNJli16n21000000O2O0O1O10000O2O00O101O2N1N2N1O2O1O2MbPR1O`omN2O0>0VO0cPN5Zo19O2N1O011O0001O000O2O0000]UN@fe1`0ZZNBee1<\ZNGae19_ZNL\e14cZNM^e13`XNBfN0oN:mi14\XNFeNMPO:Pj14XXNHfNJRO9Rj15TXNJhNFRO<Sj16PXNHXO2kh17hWNH^O0lh18dWNHANnh1;UVNB56h0MTh1JjVNh0_OKi0Gi0EZN2ji10lVNd15gN^OFQ1N`h11nVNc12YO`0TO_h10PWNj1GUOj0oNah10PWNm1AVOok1k0kSNXOa0QOcj1V3ZUNPMfj1n2nTNdLN`0Uk1k2jTNjLO;Yk1W3gTNiLbk1@]TNm1NaN221Nnk1T1YTNbN29JBN1Tl1[1WTNhNN3hl1IiRNQ1f0SOJOPm14dRN2j0IZm1OZSN0[n1Oi\ga2
20130310063154Uh_4,gSYS11no12N100O2N100O1O10O102M10000000O010O1O1000O10000O010000O1O10O0100O100O2N1O2M200O4M1O001O05K3M01N1O1O100O010O10O1IePNH\o187N3N1M3Ndljh2
20130310063154Uh_5,ifhm21no101000PP20goM3^PNM?0`n18f0M5M1N100010bQ<0knG0WnK1]QNOYQ40dmM0T10O010^P40loI0go10QP20koM010N000gN0aRN0`m11W1OnPN2_o7NdoI0QVUo0
20130315063154Uh_1,k`ja13lo12N2N2O1N1N3O0O10O100O1O1000001O01O10O00[QNFdm1:[RNGem19[RNGem19[RNEfm1<YRNEgm1;YRNDhm1<XRNDim1<m01O4M000003ON000AA\QN>dn1DZQN=en1C[QN=en1B]QN=So11O01O101O0O10O10O01O0001O0DaPN7do101NIKhPN2INZo11RQN3jn1NUQN4in1MWQN4dn10\QN0cn12\QNOcn11]QNOcn11]QN0bn10^QN0bn10_QNNan12aQNM_n13bQNK_n14dQNH`n16f0JT_gY2
20130315063154Uh_2,acRm26Yk1OSYN3if1OWYN3ff1NZYN3ef1M[YN4df1M\YN2df1N\YN3cf1M^YN2bf1N^YN2bf1OaYNM_f16_YNGcf19b41O100O010O100O1O10O10O10O01O01O0010O0001O1O00^SNBci1>[VNFbi1:^VNHai17_VNJ`i17aVNI^i16dVNH\i19fVNEYi1;W3O01O001O100O0100O10O010O1N2N2N3N2N102M2O1N101O0O2O1O1O00O10000O1O0010O0010O010O001O1O010O102QOoPNi0Wo1N0000O8I1O1O0010O1O1O000O011O000O2O01O0020O0000O201ON10O002O0O100gQNQO_m1S1YRNPOhm1U1oQNnNQn1a11N1O1O1O2N1O<D2O2N014K4M2M2M3N1N5J5K4H\\mi0
20130315063154Uh_3,egTf17io15K4M1O1O000000001O2N101N2O000O20O000O5L0O101O001N3M2N00000001O00N2O2N1O2N2NaPN0]o13N1O2N2O100000O0100O1O100O2N1O1O1O002N1O100O0010O11OO1O200O0010O11N2N2M1N3N2M3MoTmT2
20130315063154Uh_4,U_Zm21PP40ooM1[TNOYg11\40VU83fjG2M3N0O2O1N2N1O2N2N11O001M7H4K[k7MPU:0ooC0noK0_oM0Q10oN0QQN0nn10mQP10bmWO0SQL0T10knK000Yo70cQJ0dn;0SR:0`nWO0Ro30nQL0PO0YP60koI3[n1MPR80iPH0\n;0SPJ1SPH4OOiQNMal14\SN1cl1M[SN6el1HYSN<Rn13O2O00000001O100O2O0000102M2N1N100O00101N1O1N`Zog0
20130315063154Uh_5,ckXl13ko1200VPNLgo16100000ZOKaQN5`n1K`QN5`n1JaQN7Uo1N1O1O\O0c03O0O1O01O100O100O1000O100001N1O1OSP<0loC101O1O1O1O0O2O001O001O0O1N3O1O001O10O01O1O000000O01000000O1O00J051000E@WQNa0gn1CVQN=jn1=O1O1O1A?I7N100O2N10N2O100N3L3N3N1N2O00001O1O1HcQNmN^n1Q18O201O0GXQNZOjn1b0<K6L4M2LSWml1
20130315063154Uh_6,^Yhk12mo11001NbP^13[oaN1001OXQd0Min[O6K2M4M2L4M3N2O1N2O1O001N2N2O001N101O1O1O1O1O10O01O01O010O1N10000O1000O1O1O100O101N10001O001O1O010O01O00001O00001O001O1O2N4L10O0010O000000001O00010O01O1O010O100O10O1001O00000O10O0100O1O10004L2O10OO1PRNiNTm1W1iRNnNUm1R1iRNPOVm1R1fRNPO[m1k1O0001O0O101N101N2N2N4K6E8N2N2N101N101O00001N2O001O1O1O2N2N2O1O0000O001O2\QNQOSn1P1iQNUOUn1]1N1O2N1O2N2N2N1O3PRNRNhm1T20N3M5J5L2O5J9G3N3L2O1N2N2N2N2M3N2N2O1N2N4F_PNNQPb01go_O101O010O000cQNNll13PSN3ml1MSSN6il1LUSN6jl1KTSN7jl1LSSN6jl1OPSN5nl1OgRN;Vm1Y1N3N2M3N1O001O0000O100N3M3N1O2N2M3N1O3N1N2N3N1O2O0001O0O4M0O1000000000O1O001O1O1^NmQNT1Vn1iNlQNU1bn1M2M4LcQNSOlm1k0URNWOY11aj1f0VTNZOV13fj1?VTN^OP18kj17VTN@i0`0Rk1NUTNBh0b0Vk1ISTNCf0e0Yk1F_UN<aj1D^UN<dj1DZUN<gj1DXUN<hj1FVUN9lj1GSUN9nj1HoTN9Qk1ImTN7Tk1HlTN8Uk1HjTN8Vk1IhTN7Zk1HfTN8\k1GcTN9^k1FcTN9^k1GaTN9`k1H^TN8bk1I]TN7dk1I[TN7ek1J[TN5gk1IZTN5mk1FRTN9Ql1EPTN9Rl1EPTN6Tl1InSN3Vl1KlSN2Wl1LkSN0P[i`1
20130315063154Uh_7,n\SU36io13M3M2N10OQQNGYn1:`QNN^n13^QN0bn10]QN3an1M]QN6an1K_QN5_n1MaQN4^n1KcQN7[n1JeQN8Xn1IgQN5Zn1MdQNMbn1i0GiNhQNX1Wn1jNgQNW1Yn172NaRN^Nel1^1XSNhNcl1c0gRNJf0Ecl1OYSN:5Ham15_RNLem1N\RN3em1J]RN5dm1I]RN6gn101N2NUanh0
20130315063154Uh_8,aafi12no110Nmgi03PXVO2O1O001N1N1N300O100000O1000001O0K^PNLbo13_PNMbo12^PNNbo13\PNNeo161N2O1O1N2NjQl10VnSNOTPN3go1M_PN0_o10cPN0Zo10jPN0Ro11PQNOln11XQNOfn10]QN0Zo10VO0cQN0[n30kPN0mPN0Vn10kQN0Sn10oQN0om30SRL0lm10U20nN0000000hn30`RJ0^m10ZQ20XQL0_m30YQN0VQN0bm10W10000000O0000010O010QPb00PPB000PPN0PPN00120NOO0QP20PP60RQH0km10URL0on50kN0ZRN0jnM0jN0V100000PP2000PP20PPL0]QN0Um10^11`QNOPm11oRNOUO4Sm1LiSN0PO0^m10bSN0mN0dm10_SN1jNO[o11aPNOom10TT`00em_O0oM1QTNOUl11`SN2fl1MUS60VmK0eR20^mK0`RN0em90UQH0oPN0Pn10Q10O000O0^Q20enK0go10^PN0ko3000ooM000QN0STN2bk1NXTN1RN5em1J\TN0RN1ko1OhM0_TN1bk10[TN0hk12RTNOTl1OhSN0Un1O00fN0eRN1]m1OaRN0bm11ZRN0hm1OWRN0km10SRN1nm1OPRN1Rn1OlQN1Vn1OhQN0[n10bQN1`n1O^QN1dn1OZQN1hn1OWQN0kn10SQN0nn11PQN0Ro11dPN1NN`o13bPN0lo5NmoK2N1O1O00LZPNOeo10\PN1do1N]PN1co1O]PN1co10]PNOco11]PN0co1O]PN1U10iN1Sn1NPRN0\12al1NSRN1Q1OUO0em10WRN0n00Ym10jQN0k00[m10mQN0c02Qn1NeQN6an1KoPN9lP2Fcl10Z20QPN000000000RP60ooK0PPN0URN0ek10YTN0km10PN0R20m10WL0nQ20noM00000iQN0]l30j10PPN000000000lQN0Sn1000UN0l10XPN0`o10]PN0a14Zl1NhSN6em1HmPN8om1HUSN2eN0Uo1NWQN1F0co1O^PN0Po10\QN0D0Yn10iRN1mNOPo10^QN0B0_n11`RN0oNOdn10\RN4em1L\RN0hm10T10^PN0To50oPJ0mn30bPN0PP20bPL0kn11b00aPNOon10QQN0nn11SQNOln10UQN0jn11VQNOjn10c02bPNNkn17d0JO0YPNO^o10aPN1`o1O^PN1do1OZPN1ho12i^e`1
20130328063154Uh_1,o[To02mo11O1O1O010O0010O010O1O2O00O010000000O10001O000O2ePNJjn16UQNLjn15SQNMln14TQNKmn15SQNKln17SQNImn17RQNKln16UQNIin19WQNFjn1:VQNEjn1<WQNBjn1?:100O100O100O1O2O0O1O1O2N100O101N10O10000000O101O0000000O2O00000010O0000000000001N100O1000000000000001O00000000000000O1000000000001O001O001O1O0O1O101N2O1O001O2N1O1O1N101O00001N1001O001O1O1N2O10@bPN<co1O0O1O14MOO1O5K100O1O1O0001O00001N1O2N1O1O2N1O101N101N101O001N2Ohcaf2
20130328063154Uh_2,RZWe16kn11kQN4Pn15hQNNVn13gQN0dm1E]RN>J1fm1F]RN;J2dm1I]RNT1am1g0N2N11O1O001O100O0fNeRNO]m1NfRNEFDem1f0hRN@fm1?\RN\Ogm1e0j000N3M3K5K5L202N4LaglX2
20130328063154Uh_3,VaPd04ko13]ONPQN7ln1NRQN2mn10RQN0mn11TQNNkn13UQNLkn15UQNKjn16XQNGhn19ZQNFfn1:[QNDen1<]QNCbn1>`0O01O01O1OdUNFSe1:cZN3[e1LdZN8Ze1FdZN?Ze1AdZNe0Ye1WOjZNl0Se1TOmZNn0Re1QOoZNQ1od1nNQ[NT1md1mNS[NT1ld1kNU[NV1jd1jNU[NW1kd1hNQ[N^1nd1aNR[N`1od1]NR[Ne1ci11O1O1N3N001N100000AQRNcNZn1Z17K6N1O2N100L5M2N3O0O2N1N3O100O1O1N3L3KWoo0OmPPO3L3N3M2O2N1O10O01O1O001O001N101O000001O0N2O11fSN^OUi1b0jVNATi1=mVNERi1;nVNFRi19nVNHQi17PWNJoh15RWNLmh12UWNOkh10UWN0kh1NWWN3hh1LYWN5fh1K[WN4eh1L[WN5eh1J\WN6ch1J]WN6dh1I]WN6dh1I]WN7bh1I_WN6bh1HaWN7_h1GcWN8^h1HbWN7_h1HbWN1eh1NdS80SPH1O0K1XPN0eo17OO110001O1O010O01O001O1O1N3Mono10oPPN4M201N100O10000O011O00000001O000000001O00001N101N2N2Moo]14noaN3N1N2O1O1O1O1O1O1O001O100O001O10O0010O01O1O1O1O001O002N010O1O1O10O0100O010O0100O0010O0010O01O010O1O1N3MhRb01Wm]O2O0000000000O101O1O1N2NXn51hQJ1M200001O1Oa]Yh2
20130328063154Uh_4,ScPi02lo101O10oo30cP40hnG0]10ing00]SB0SmG0PP20QPL001O0\LOYWN1gh1OZWN0_L5mk1LdWN7]h1JcWN1`h10f31O2NOZPNLeo15\PNJco17]PNIbo13_PNM00ao10fPN0co120O101Ofo70?0gng12QQPNN\P>0[o50]P@0PPN0PPN000SPN0jo11moY15noeNJ_PN1io1O0000UP<0\o;0_PXO0PP2010^PL0ao70boI0_P40PP20ooM0PPN00000PPN0001001eR:1VmE3M26J0O0001O00000O2O000IMaPN3_o1N_PN3bo1M\PN4lm1NfSN5Yl1NgSN1Xl11hSNNVl1OYRNLc12Sl14[RNI^o16dPNJ\o16dPNJ\o16dPNK[o16dPNJ\o17cPNI]o1=10O1O010O010O0nPNCan1>\QNFcn19\QNIcn18\QNIdn16\QNKdn15[QNKen15[QNLen13\QNLen14ZQNLfn14[QNKfn14[QNLfn12[QNMfn12[QNMfn12ZQNNgn11ZQNMhn12YQNMin10ZQNNfP^10`mcNO]RN1cm1N]RN4bm1L^RN4gn10000000001O00000O2OZne4OfQZK2O0O10O1OiR80WmG3L3N2N2O0O10001O000O0100000000O101O000O2O1N2N2M\Ze]2
20130521063134Lh_1,n^kV1330co12[PN0co1602O000gPNFln1;mPNLRo1a00010O10O100O101N10000O2N2O1N10O010O0001O0O2O00001N101O001O1O10O3M1O010O00100O001O0O100O100N2O2O0O101N1O1O101O001O\OPQN8Qo1AVQN?Uo101O2OO01O0000000O010O10000000O9H0000001O1O002MNlPNZOTo1f0lPN[OSo1i0O2O010O01O001HmPNASo1>nPNBRo1>nPNBRo1>oPNAQo1?oPNAQo1?nPNBQo1g00O01O1O101N0100000O1000KSQNVOnn1i0500O1N2O1O10O0100O10000O100000001O1O001O0O2O001O0O2N1O2O1N100O2O0O101NQ`b_2
20130521063134Lh_2,fY]]21mo1201O1O001O001O0000001O000000000O0100000O100000O001O101NNLZPN3fo1NZPN2eo141MZPNLeo1521O1N200O1O1000000000O100O1000000O100000000001O0000001O0O2O0000000000000O1000000O01000O01O1O1000O1000O100O101O0O2O0O101N100O1O2Nlf^\1
20130521063134Lh_3,hjhg24ko12N2N2O1N3N1O2N7H101N00N21O1O0001N1M4N20000001O01000000O3N0O2O0000001O0000000002M3M1O100O00100O002O1O2N02WOjPNb0]o1M3L5L2N2KPo50RQJ2L301N101N5]PNEYo1d0M001O001O1O10O10006J0O2O1N2N3N0O10O00O2OZRNHdk18ZTNMek11mRNJk07Zl1LjRNN;2B5Zm1HiRN393A3nm1K^RN7@0Pn1J_RNi0`m1[O\RNf0dm1FoQN:Rn1i0100O101O0O2O000O1L4O1O1O1O1O2O0O1O00100O1O101N2lNVQNh03ZOkn1e0VQNYOmn1e0701O001O1O1O1O1O102M100O0000FFmPN:To1HjPN7Wo1JhPN5Yo1KfPN6Zo1KePN5[o18001N101N101O2M3F]PN2SSgn0
20130521063134Lh_4,eY_f12no16I2JGbPN:\o17O000000000O20O0^OdPNa0^o1O1O1O0000O1000000O100O1000000000O1000000O1000ON3O01O0010O100O101N1O1O1Lhf^V2
20130521063134Lh_5,Ri\[2172^o17cPNOmn11TQNNln11UQNNln11WQNMjn12WQNLkn13VQNKnn11_QN1Po12O00000000000000O100000000000O100N201N100O1N200O10O1O9FnU[b1
20130521063134Lh_6,nej\21no12N100O100O100K500000O00100O1O10O2O001O1O000O100O100O1O10O02N100O1O100O001O1O10O1O100O100O100O1IdPNI]o167O1O3M3M2OdZg_1
20130521063134Lh_7,ijdg21lo15ePNLfn10mPNO<1fn10`QNOan10`QN1]O0do11[PN0kn1NjQN8nn11N2K4_OAjQN7Po1L5M10N1XOOeQN0[n10j00k00TO1Wo7OkPH000010000O1ePNNkn10S10_O0eo70_P60koA0fPN0en30a14onM13M1OWOOcQN1Vo10O10000JN]PN2kScT1
20130521063134Lh_8,YZSm27go14M4L2O0O1lPNDan1a0[QNBbn1`0]QNB_n1b0aQN^O\n1e0cQNZO[n1i0gQNUOVn1n0kQNPOTn1R1nQNkNSn1W1lQNgNTn1Z19[O`QN\OL;Un1EVRNd00Ckm1JTRNc02^Oom1OmQNc0fn1]OYQN`0kn1^OUQNb0bn1^O_QN0O=gn1DaQN;To1I7M[o90ePF3N1ePNLin15UQNNjn12TQN0kn11XQNLhn13ZQNLfn14ZQNLfn14ZQNKgn14XQNMin13VQNMkn13a0O100O2M^gPP1
20130526063134Lh_1,ii\W11no12O1O1O001JK_PN5`o1L_PN5`o1KaPN5_o1JbPN6do100001N101O001N2O1O001O1O10O01O1O0010O010O1@dPN;ao1O1O001O001O01O01O00001O01O01O000001O0000000000000000000000O1000O100000O0100000000O10000000001N1000001O1O001O2N001O010[QN@hm1`0WRNAim1`0VRNBim1=WRNDhm1<XRNFgm1:WRNHhm18XRNIhm17WRNIjm17URNIlm17SRNJlm16URNIlm17SRNJmm15SRNLmm13SRN0km1OURN2km1MURN3lm1LURN4km1KURN5km1KURN5lm1JTRN6lm1IURN8km1CZRN<gm1A[RN?em1@\RN`0bn101O00001O1O001O001O000000000000000O1000000000000O10O1000O10O10O010000O010O10O10O10O10O10O010O010O0010O00010O0010O10O10O01O010O01O010O0010O000100O0010O01O10O01O010O01O000001O1MZPNLeo152001O01O101N1O1O1O^U[[2
20130526063134Lh_2,hWmR13jo16nPNKQn18mQNJRn16nQNLom16bQNG06\n14cQNIL86Bom1>mQN>NYORn1:nQNi0Qn1d0N3M2N1O1O001O101OO0N201O1N2MZSNSN_k1m1`TNUN_k1j1bTNWN]k1i1bTNYN\k1g1eTNYN[k1g1dTN[N[k1_1_SN]NV14\k1\1bSN]NS17[k1LbSNV1Y1oNUk1JeSNT1W1RO`k1n0`TNROak1l0aTNTO_k1k0aTNVO_k1i0aTNXO^k1h0cTNWO]k1h0dTN[OYk1OcSNJU18Wk1LgSNJV16Sk1MkSNKT18Qk1JkUN5Pm101O001O2N3N1OO2M2O1O2N1aPNHUo18iPNIWo18gPNJYo1>oPN@cn1?]QNAdn1>\QNBen1>ZQNBgn1=ZQNBgn1>XQNBhn1>XQNBin1=WQNCin1=WQNCin1=WQNCjn1<VQNDjn1<WQNCjn1<VQNCln1;UQNEkn1;>N2O0N2M[P`0Oho_O101O1O0000000O10000000000cPNJPo16=1N4M1ePNEon1;QQNEon1;;000O1000O01000000O1000001O00001O0O1000000O2O000O2O001N2O1O000106I2N00100O001O001N100O10000O1000000O010000O1O1O1O1O1O1KAgPNa0Wo15N2O00100O00010O00001M200101N2N1N2O100OUO]O\RNa0dm1@^RN>am1E_RN8am1K^RN4bm1N\RN1dm11[RNOem11[RNNfm12[RNMem12\RNMem13[RNLem14\RNLSm1IaRN:>JSm1L_RN6hn1JXQN5[o1Mm04hNJgPN8Wo1900O10O1O100O2O0O2O0O2O001O000O1000O1^NH\SN8bl1L\SN4cl1M]SN3cl1M]SN3bl1M_SN3`l1N`SN3_l1MaSN3jk1JWSN2P15fk1KZSN0P15ek1LZSNOS14ck1NYSNNT15ak1M\SNNT14`k1N]SNLW13[k11_SNKX12Zk13^SNKX12Yk14_SNJY1MYNOPm19`SNJZ1NUk19aSNI]n16eQNH\n17eQNI]n14h0O2NShn]2
20130526063134Lh_3,dWci12mo12N2M2O3GGfPN:Xo1HfPN:Zo14110O01O101N1O1N10100ODlPNNSo11oPNOPo11QQNIL0Ro17SQNHLM01Qo19VQNFN0kn1:b001O0O110O10O1O1O0VQNFPn1:oQNHPn17PRNKom15PRNMom13QRNLPn14PRNLSn11mQNNTn1NoQN3Po1O2MZhhS2
20130526063134Lh_4,bPSR12mo13L3N1N2N2K5N20000O10O0100G]OSQNd0nn170O1O2N1O100O1O002M2DTP:MYPF2O1O1AKRQN6mn1KRQN6mn1LRQN4nn1MPQN4on1NoPN2Ro1OlPN2So1=10O01O01OM210N2000O1NLkPN@OOUo1b06010O00001O10O01N2N110O1O1O100000000000O0100O011N1^RNVOnk1k0oSNXOok1i0PTNYOnk1i0PTNYOok1g0QTNYOnk1h0QTNYOok1f0bSNPOC:ll1f0^SNTOD6ol1e0]SNWOB4Rm1e0[SNXOB2Um1e0ZSNYO_O3Ym1b0YSN[O]O4Zm1a0XSN\O]O4\m1>XSN^OXOH1<`m1>VSNOll10TSN_OYO7dm18USN_OXO9dm17TSN@XO8em17TSNAWO7fm18oRN[O\O53MK4fm1?VSN^O[ONJ0O1fm1c0WSN\O[m1d0fRN[O[m1e0P100O010O10000O2O0AfPN8[o1EgPN;_o1O100000000O10000O_RNMVk14hTNOWk10hTN3Wk1LiTN5Wk1KiTN4Xk1KiTN5Vk1KkTN5Uk1KlTN3Uk1LlTN3Vk1KlTN3Uk1KnTN4_m1O3N`obe2
20130526063134Lh_5,Ycb_12mo14VPNLbo1;M2O1O0O2O1O100O00010[QN]Olm1b0TRN^Omm1a0k0O0O1O4L2LoPR1K]okN0do18N101O0O101O001O1O00001O0000000001N10000000000000010O0001O01O01O00000000000000000001O1O1O000O1000000O10O010O01O010O001O010O0100O011`PNGWo1983M3L1000000000O1O010O1O100O10001N1O100O100O10000O10DIoPN7Un1IaQN2f0ND6Un1OVRNMD3Wn10TRNNF0Vn12URNMFOWn14SRNMFNWn17QRNL\n14dQNL\n15cQNJ^n17bQNH^n18e01O010O1OL_PNIbo156O1Nm\QW2
20130526063134Lh_6,WkbP26ao19O0110O1N2N3HRTNOYg13eYNN\f10dYN0Vk1O1Ofj35VUL1lPN;km1GPRN=om1BlQNf0Rn1ZOmQNj0Pn1VOTRNi0jm1UOYRNn0[n1CVQNEo10\j14QTNG_17bj1OSTNGY1=fj1KjUN<Zj1_O^UNk0gl13UNnNfTNT1[k1QO]TNQ1gk1iNgSN1Cb1km16J3O02N<]ObQNlN]n1P1jQNmN^n1>i0L3N\Rol1
20130526063134Lh_7,j^YP32no15\PNKSo16iPNMWo13hPNNYo12ePNOZo1<000O01O1O2hPN[ORo1f0lPN^OQo1j0O0O01OOWOQQNd0Qo1ZOQQNd0Po1\OPQNd0Vo100O2N1000001O001O0O1O10000GcPNO]o11cPNO\o12dPNM]o13cPNM\o14dPNK]o15cPNJ^o16bPNI^o1850O10O01O0O1JFgPN:Uo1:01O010O2O00001O01O1O2N4L4L1N2O1O1N100O1O2N3NXaZk0
20130526063134Lh_8,h_oh23lo1101O000lPNL\n15aQNM_n13_QNOan12]QNOcn12[QNOen14XQNKin15VQNLkn14SQNMmn14QQNMon14nPNNSo1?2N001O00010O010O100O4[OdPN>_o1010O100O1O01N1000000O10O01O1O2O1J7Nc_XT1
20130526063134Lh_9,\_Wh21no12N100O1000O10O1O100O1cPNJon16<2O01O00lPNIan16TRNJXm16URNJK0Rn15URNKG0Un15URNLCOZn13`RNN`m11XRNN[O0^n12XRNOVO0eo142Mfo1O^PNOiPN0_n10`QN0Xo10QP20Yo10gPL003QPNN>OPm10]TN3cNMol11bTNO_N0nl11TUNOkj11eTNOkk11Q210OVRNOfk12ZTNNfk12ZTNNfk12ZTNNfk11[TNOZN0ll11YUNOhj10WUN1[m11O100K5KIaPNO22^o11dPNM^o12UoW4OfPhK1kPN0So12kPNOVo11hPN0]o1LaPN3bo1M]PN0fo10XPN1ao1OePN2[o5NoPJ0]o10VPN1co1O\PN2eo10XPN0ho1N\PN0kn30n00UPN0fPN0[n12cQNN`n10`QN0Wo30PPN010]o70TQJ0_oM0_o10iPL2^o1NbPN2fo10GNdPN0I0no1040\O0oPN0_o11COmPN0So30jPL0Yo10;0]PN0Vo10kPN0nn11hPN2:Mbo1010O010[o=0lPD1mo3OSPN0hoK0M1]aZk0
20130526063134Lh_10,\bZb03co1>I4L3N2O1O2M2O1O1N2O101N10001N101O010O000010O0QOZQNe0en1ZO]QNe0dn1ZO]QNf09TOjm16mQNh02XOPn10nQNV1Sn1iNnQNV1Rn1iNoQNX1Pn1hNQRNW1Pn1gNRRNX1nm1hNSRNW1nm1gNTRNW1^n1M2M2O1N2O001N2O10O02N1O2N10O0001O0000001O001O3M1O2OO01O1O001O1O6J1NnP8OToG001N2O1O1O1O1N101O1N2O001N2O0O2N2N3N1N2N10001O0O100000001O000000010O00001O00001O00100000O10O01O0000000O101O000O2O001_OlPN4To1KnPN4So1JoPN6Qo1ISQN3mn1MTQN2mn1LTQN4mn1JUQN5[o10000001O000000000O2O001O1O001O001O00001O1O000000001O00000010O0001O01O01O00001O1N10001N100O100O1000001N1000001O1PQNSO01fn1U101O001O0000000O100000000000O1000O100000O01000000O10000000O010B\QN@dn1?]QN@dn1`0]QN_Ocn1a0]QN^Ocn1c0^QN[Ocn1d0_QNZObn1f0`QNVObn1j0:O10000O100O010M3O1O100O1O1O100O10000000000000000000000O100000000O101O0O10000O101O0000001O0001O10O01O01O00000000000000010O0001O001O0O2O001O001N101O0000000000O100O2O00001O1O001O1O10ePNGnn18QQNJon15QQNKPo14PQNLPo15oPNLRo12nPNNSo11mPNOTo10lPN0To10lPN0To10lPN0To10lPN1So1OmPN1To1NlPN2To1NlPN3So1MlPN4To1LlPN5To1KkPN5Vn1HaRN6UO3Zn1GaRNd0]m1]OcRNc0\m1_OcRNa0]m1^OdRNb0\m1^OcRNd0]m1[OcRNe0]m1ZOdRNf0[n1O100000000OjK\ORYNd0mf1]OSYNb0nf1_OQYN`0of1CPYN;Qg1EoXN:Qg1GoXN9Qg1GoXN8Sg1GmXN9Sg1GnXN7Sg1ImXN7Sg1ImXN7Sg1ImXN6Ug1IkXN7Ug1HlXN8Tg1HlXN8Ug1GkXN8Vg1GkXN9Vg1EkXN;]k100O10000O1O1O1O2N2NfnQ1N\QnN100O0[\_d2
20130530133654Bh_1,\jlY15jo1:G1N10000O10001lPNCcn1o0`QNnNnm1T1nQNPOPn1Q1mQNRORn1n0lQNTOTn1]1O00fNmQNg0Tn1VOPRNh0Qn1VOPRNj0Qn1SORRNl0Pn1POSRNP1^n11O1N2O100O001OO100O1O1N3N2N4L7I3M2N100O01O1O101O001O100O3N3M0O1O1O2WQNWOXn1i0fQN]OUn1e0gQN_OWn1V10O0fNkQNj0Un1UOlQNj0Tn1TOQRNi0Pn1SOURNk0lm1ROYRNl0_n1O000000102N12M0O12L1O100O0000000000N3N1O1O2N1000000001O1O1O1O2M3NkPN\Onn1c0RQN_Omn1a0RQNAmn1`0PQNBon1i0O001N1001O0000001O0101N10O010O0O2N100O2L3L5O0O101N1N2O_OBcQN=\n1DdQN<\n1DdQN<\n1DdQN<Qo1O000002OO01O0]NAfSN?mm1O^NCcSN=]l1DbSN<\l1FeSN8[l1HfSN8[l1FfSN;Pn1O01O010O1O010O1O00001O01O00001O00001O010O10O2N2O0O100O1O3M3N1N100O1O1O1O1O01O01O000001O01ODSQNEnn19TQNFln1:UQNFjn1:VQNGjn18VQNHkn18TQNIkn18TQNIln18QQNIon1e0O100O1O1O0O2N101O0000001OO2O2M3M3_OWQNAPo1<<M3N5IdQ[X2
20130530133654Bh_2,oWkR18go14lPN7km1MnQN8Pn1MiQN8Vn1j002N1O11^NmQNP1an13MVOcQN4Yn1LnQN2nm1MVRN2hm1NYRN2fm1N[RN2dm1N]RN2cm1N^RN1am1OaRN1^m1OeRNN[m11iRNMWm11kRNNYm1NhRN1Zm1LgRN4\m1FgRN:an1N10000000O001O1O100O11N100O10O1000000O10O1O001O001000O0100O0010O10O0100O100O1O100O1O1OOYMEkUN;Vj1DkUN:Vj1GiUN9Wj1HiUN7Xj1IgUN=Sj1DlUN>Sj1AmUN?Tj1AkUN`0Uj1^OlUNb0jl1O0N]MAjUN;Pm1N10100000O10O010O1O02O0O100OO2J]PNObo1N_dRg2
20130530133654Bh_3,]dXR157NZo1a0K3N6K00O2N1N2O1O:F1N1001O0010O01O1O001O1O000001O11`PNHSo1d0N10OO1SOUOeRNk0Zm1WOcRNl0Wn1BQQNMon1b001O01O1N2O00000001O0O1000O1O01000O010O1H8GhPNF]o177N5KlP>2SoA3N1N2O1O002N1O010O001000O10O1O1O1O3M101N0010O001[OlPN<]o1O2M2O2M4LeXeg2
20130530133654Bh_4,]bQZ12ko13N3M201N4L3M2N2M2O2N100O2O1O1O1O1O016I1O01O010O3M2N1O1O00000O2N100O10001O001O0001O00000000000O01000O0O2L400O2O0000O100O2O001O4K2O000000O001O0M4J5G9010O0000M301O1O100000000H`NPRN`1om1aNQRN_1Yn1O1O0O1O1O2O0O1N2N20O010O01O1O1O1N101O001O1O000O10000001O0O2OO101O010O10O100O001O00O2J6O10001O0O2O0000O100O1000O10000O1000O010000O100O100O100O100L4N200O2O2M10001O2MW_X[2
20130530133654Bh_5,doRi26io13N2N10O01O1O10O00001N1O1N2O00O2M1L6N2O001O1N1O2O000N21O001O010O1O0010M2O2O001O101N1O000000O2O1O1O1O2O0O1O2O1N2N2N1O100OO10100O10O1000001O00000000O0100000O0100O10O0010000O0100O001000O00100M3O1O1O1O100N200O101O0O10001N100000O0010000O10]QNZOkm1f0URN^Ohm1b0WRN@hm1?YRNAfm1?[RNAem1?[RNAem1>\RNBdm1=]RNBcm1>P1KjPN_OVo1`06O1O0JbPNL^o11iPNLVo13lPNMSo11oPN0ao11N0kQ]n0
20130530133654Bh_6,kdnP32mo10UPNOio11WPN0Ro10dQN0[n13g02O1O00000001O000000000000000001O0O10001O2N10OO100000E^PN8fo1O01O1O2O1N1O10O00010O2N10O01O100O101O10O0O1LF_PN<_o132N0O10000K_PNJoZYk0
20130530133654Bh_7,mcRW22mo12O2M2O2M2N2O0O3N1O1O1O3B;M4N2O2N0000O100001O000000000O1000O1N2O2N100O1O1O1K5010O01O0O101N2O1N4M1O00001O001O0110O010N01O1O1OfPNEon1;lPNJUo1IjPNd0[o1N0@hPN8bo1N100O2O4J\[]d1
20130530133654Bh_8,Teb`23lo14M1N100O1KGaPN;^o14O2O0O000100O2O00DGmPNK0?Qo1>N01O100000O1O2O0O2O0O1N3O1O00A^QNAan1=bQNB^n1=dQNB\n1=eQNB\n1>eQNA\n1>eQNA[n1?gQN^O[n1a0b001N2O1O001O0O2O0O101O010O00100O2O0O0M4N10][c[1
20130530133654Bh_9,Q^mg12[o1d0OCkPNO[n13PRNLINWn1;mQNC12om1?ZRNF[k1JPTN3j1a0hNA^k14jUNd0aNWOfk1MoUNQ1]NkNjm1V2aNWNfSNn1Rl1\NgSNf1Pl1dNlSN]1Ul1T1XOfLUUN3_O[2ak1fMhUNm1\j1SNeUNQ1Yk1nNcTNl0fk1[O]SNP1ll1o05J6JBRNSSNj1Pm1WNSSNKC;=9Qm1AZ2N1Kke\V2
20130530133654Bh_10,SWk\13ko15L2ON20JI_PN311`o14`PNIao1:11O010O1000000O2O0fPNFmn1;PQNGPo19nPNHSo1c0001O05KO2N2EnPNDRo1<PQNBQo1=QQN@Ro1?7100O2O0001N6J4K3N2MQhf`2
20130530133654Bh_11,m]h_12mo12O00001O001O1N3M2N101N2M3L4D\OXQNo0_n1;M2O2M3N1O0O2N1000000001N101O1N2O0O2O1N101N101O001O010O01O01D[QN[Oen1b0aQN[O`n1a0eQN]O\n1`0iQN\OYn1a0e0L5N2M3N3M1NcPn01[oQO6jPNLWn17eQNMYn14eQNOZn11dQN2Zn1NeQN4[n1KeQN6\n1HcQN:_n1BaQN`0on10O2N10000000001000002N0000O001O001O0O3N4L2N2N0O1000000000000O2O1O1O002N1O3Lnno0OTQPO001N3N2N10O001O001O2MnP`10Ro_N3N1M4ePNIin18VQNIjn16VQNKjn15UQNK<Nem17oQNK10H1Xn18jQNH5:Tn1LeQNJ6;Zn1G^QNN8<Zn1OdQN2\n10`QN2`n1g0000000O101N2O2M3N2M2N1O2N1M4N1O100000000000O101N101O2N010O10000O100O010O01O001O00000O100000O1FSRN_Nnm1a190O0100O01000001N100000O2O000O1O2O00000000O101O00000001O1O8H1O1O1O001O1O1O1O02O0O1O101N2N1O10O0O1ZOZQNNjn11XQNLkn12VQNMkn1K^QN3en1I]QN6Xo1O000O100O2N1Of^mm1
20130530133654Bh_12,ZYoh21ho1?F6`HAV_Nb0b`1HY_N;e`1GX_N;h`1FU_N<m`1BP_Na0Wa1ZOe^Ne0`a1ZO]^Ne0_h1002M2O2O0N2I6100d0\O2aKVNhVNGM2_3R2je1gNTZN\1]e1QObZNQ1Ze1ROdZNQ1[e1nN_ZNY1ce1eNYZN]1je1bNUZNV1Vf1ZNWZNf1ke1VNTZNm1oe1nMnYNg1nLQNbj13UWNk1_NoM\j1;_UNEP1P2Yj1mNbUNQ1dj1mNZUNo0oj1oNnTNo0Zk1mNaTNU1dk1jNRTNU1[l1hN\SNj00mNil1g1`SNUNRm1S1R1M4M6FbiZT1
20130530133654Bh_13,YYoh2112co1NlPN0fo?0hoA0hn71glM4oT8OUoALfSN3jLM^l10cTN1S1O:0iM0mj10^YN0Ug11]TN1ln3NPSN0UL0^SN0il10\40YM005kn1KmPN0fhZT1
20130530133654Bh_14,QZRb15jo12O001N1001O001000002M000001O00000O1000O0101O0]PNI]o17bPNK]o15cPNJ\o18ePNGZo1<40000O001O100O100O100000001O001N100M300000O1000O101N81G2N2O001N1000O0100GJgPN7Yo1JfPN6Zo1JePN7[o1IePN7[o1IePN6\o1JdPN6co101O00001O01O01O100O1OXPNLfo13XPN0fo16O0000001O000000001O00001O000001O000O10001O1N101O000O10000000000001O000001O3MUPNOgo11YPNOho10XPN0ho140001N10000O2O0O100O1000O10000O101O1O1O1O010O1N2O1NYecT2
20130530133654Bh_15,QXcY36io11O1BKQQN5on1LoPN6Po1LoPN3Qo1NnPN3Qo1NoPN0Ro11lPNOTo13lPNIVo18810000ON3O100O00100O11O001O001O00001O1O001O1O2M2O2N1O010004^OcPN91DWo10gPN01a0\o11O00100O11N3M2N3L4M1N2NigPc0
20130603063154Uh_1,[^UP22lo14L3N2O1O002N3L2N7J5K2N5J3N1O2N1O2M4M1O2N1OeNjQNn0Tn1QOPRNm0om1ROURNl0km1ROYRNl0fm1TObRNd0^m1ZOfRNf0Ym1YOjRNg0Sm1YOoRNf0Rm1XOoRNi0Sn1010O0RQNXOdn1i0ZQNYOen1g0[QNYOfn1f0YQN[Ohn1n01O1O3L4MRQNXOhn1d0WQN^Ojn1a0TQN@mn1j00O2O0YOPQN>nn1ATQN>on1^ORQNc0To12O1N2O0O2O0001OO100000O1O001O2O0O1N101I7N2O1O2O0N2O1O3Mg_nj1
20130603063154Uh_2,Qff^21mo14L3O2N0O100001O00000010O3M100O010O100O0100O1O00001O001O000001N100O010001O00O100001O00010O0001O010O01O001O001O00001O0O3N1O1NbY[]1
20130603063154Uh_3,RYY^213a0Vo1=H2O2M2N2M2N2dQNfNom1i1L2O[OoQNAkm1=ZRNCcm1^ObRN:N8`m1\OhRN20b0Vm1ZOgSNe0mm1NVN\OWTNa0fm1@bPN021VPf0Ndo[O4M1O10003M1N1O01O1O00001O00001N10000O2O0O2Nao51^PJ2_PNLTo14kPNOSo10mPN1So1NePNN56Vo1KmPN5So1LkPN5Uo1KiPN6Xo1IiPN7Wo1KhPN4Wo1NiPN1Xo1JePN036bo11N2O1001O1O3L1O2NZdP]1
20130603063154Uh_4,ldbZ1:eo12M201O10001M4H5O2O01N3O0N2O011031J2iPN_Ojn1n00jNXQNQ1mn1N1O0O101M4M2L3N3O1O001M4MZOGUQN0=6`n11aQNJan16f0NX[Qc2
20130603063154Uh_5,R_dQ1>`o14N1N3N1N2O1O1O1O1O00000000O1O1O2M2N2O1O1O2N101N3M2MQU^4MQkaK5L3hJEgZN=\j13N100F_OUQNa0Tn1@XRNOE>Tn1EVRNLL8Qn1K\10f1OZN2O00000000O1O^o9NcPF4N1N2O01N101N2NTQ82jnG3N2M2O0O2O00EgPN0Wo10kPNOco110O10^O1RQN0ln11UQNNin12]LOW41O1O0nTNM`f12YYNNff13XYNOgf11YYN1ff1M\YN4Yk11XOLdQN6Vn1HlQN0^n31hPN0O00OmP20YnM0k00dPN1Xo11_ONVQN0mn10RQN0dl34gRN0]RNLYk16nTNJjj16SUNJPk15^20000O100Oo\ib2
20130606133454Bh_1,k]id03jo16L2M3N2N1O2ZNL^SN4Xl18\SN[OYO>Xm1<YSN1fl12mRN9Rm1\1M3M2NOO2O1E^NbSN:\l1GjSN5Ql1G[TN7`k1LcTN2\k10fTNDXOPOTl1[1gTNlNZO0Zl1R1`TNkNTl1T1PTNjNok1S1_1G9L5N2O10O10001M2J50N2J70100O2O2N1O000O2O0000001O002N0O2N10O01000O100O0000010O010000O2O00000000O2N1O1H71O1O1O1N10001O0000001O00O10O2O0001O000N2J601N1O02M2O2O2N10000O2O0000001O001O0010O001O01O1N3Lfg^S3
20130606133454Bh_2,^_jf05Xo1MXQN5^n15\QN3^n10^QN6^n1LaQN7\n1h0M4M2N_OlQNZORn1?WRN_Okm1<ZRNChm18[RNHfm13^RNNlm1DWRN?en100O1N101N11001O02M2N1O02M1N2O1N2M^_WW3
20130606133454Bh_3,e`eo27io11O2N3A>C<O1fQNjNgm1X1WRNlNfm1T1ZRNlNem1k0eRNVOZm1g0iRNYOWm1a0oRN_ORm1`0lRNBTm1>jRNERm1>lRNEol1?QSNAkl1b0oRNTO_O;`m1`0QSNVO@;[m1a0USNUO@9Zm1d0VSNGhl1:ZSNI`l16bSNLSl1SOZSNj0j05hk14ZTNMek1O_TN2_k1NbTN2^k1KRTNUOMl0Ql1LTTN[OOc0nk10TTN_ON?Pl1MVTNDM;`m1DeRN7\m1IgRNLoNM_n17Y1O1000000N3MS_lm0
20130606133454Bh_4,Qe\`22eo1:O1O1O0000000O1O1000O110O02N1O0001O1O1N2N2N1O1010O00100O10O010O0000O100001O000010O010O010O010O01000O1aQNFWm1:gRNHXm18hRNHYm18gRNHXm18hRNHYm17gRNIXm19W100001O0001O100O10000002M01O10O10101NO11O1bPNBXo1d00DgPN2Vo1KlPN5Vo1FlPN:]o101O00000O101O001O2N2N_o9OcPF01NnYWY1
20130606133454Bh_5,^dXg01en10\QN7do15K5L3N3N2O1N6K23N2LZOYOQRNg0km1^OTRNa0jm1@XRN?gm1AZRN?em1@]RN`0am1@bRN`0[m1_OjRNa0Qm1]OTSNd0ml1WOWSNg0il1WO]SNd0Rn1N2M5J4Li[SW3
20130606133454Bh_6,fZSZ11no12N2bQNOjl13RSN2ll1NTSN3kl1NSSN3ml1NRSN3ml1MRSN4ol1JRSN5ol1JSSN5\n10000O1000001O000O01O1O101N100O100O2O000000000001O0000001O00001O1O3M2N0O20O0O100000000000O100000000O2N2NXok04cPTO3N2N1TQNGQn19fQNHC4dn15hQNJB2en14jQN2Vn1MkQNJ@2en14mQNG@4dn14SRNIom17m0O100O10O01O1O1O0010`PNLPo10gPN4;Ngn17\QNHbn19`01K52N1N2O2N200O1O_eR_2
20130606133454Bh_7,Ufj^31oo13N001O0O1001O0O10O11N0101O00O10O0_Pl00doSOMkXQ?
20130606133454Bh_8,i[o\34lo12RN>YRN_Oh02ll1o0bRNUOILbm1i1^RNVNbm1k1]RNTNem1k1\RNTNem13]RN]1]n1J>C0O0O10000N4L3M2O2M3M5L2N1O10WPNNbo1900OO1N2M^dVa0
20130606133454Bh_9,cefV35io13N1O2O13L00100O010O100O10O10O0100O100O10000CJnPN7Po1GiPN276on1HkPN265on1JjPN185nn1NUQNOkn11VQNOln10TQN0jn12UQNNkn14SQNMln12VQNNkn10UQNOkn11VQNNjn12WQNLjn14a0O1OWZkf0
20130606133454Bh_10,R_aU13mo11N21N2N`Pl03YoSOMZPN6co15N2O1O1O0000010O00010O000001O0001O01O01O000001O01O001O2O0O0001O2CcPN3^o1JePN5do1O00001O0O2N2N`oQ10aPnN1N3OO0O1ORQ60_mIOQSN1ol11_13M2N1000O000000001O1O002MdP6O\oI3N1N2O1CIQQN6mn10PQN0Po10PQN0on12PQNNPo12PQNNPo13oPNMPo15oPNKPo16PQNJnn19PQNInn18RQNHnn19QQNGon1f0O1N2O1O1O101O0000O1O5K5K2N000N3N1O100001O01O001O2N1N2N1OCGVQN7kn1IVQN5kn1LTQN3mn1NSQN1ln10TQNOmn11b0OUP8LooG1N1O101N1L4O1O10000000O0010000O10001O0O1000001O1O^OLYQN2gn11c01N2O1O1O00001O001O00O20O0001N2M5KWa^]2
20130606133454Bh_11,ScZg0110fo50WPL0[Q80lmI0iQN0VN0l00]O0ZQ20TPL0Vo10iM2XTNNik11VTN0lm3OoPL0im10d22aN3cZQW3
20130606133454Bh_12,ndZm21ho11]PNObo12^PNOao12^PNNao14^PNLbo1541O01O001O0000JKaPN4`o1L`PN4`o1L`PN3ao1M_PN3ao1M_PN2bo1N_PN1ho1O10O2O1O1N110O1O001O00001O01O0000001N101001N1O0010O0000000000O100000010O0100O000MYPNMho11U[kn0
20130609133454Bh_1,Zg`d03do1<L3N222L0O10O0O10[SN]Oli1b0TVNAji1>UVNDli1:SVNGni18SVNHni18PVNHSj17lUNGVj19kUNDWj1=g2O11N1N21O3N[RNBhj10UTN=Q1Bfj11_TN?`n11O07JO5KO2MTQNDZO0jn15mQN5mn120OgPNJhn15VQNMjn14SQNNmn14oPNMbn1GjQNg0kn1M5J8I5Jek1N]TN5L10OdY_X3
20130609133454Bh_2,[P]b06io12O1N2O1O00001O4L1N2M2N3N100O10O10O2O000O101N1010\OSQN4ln1IXQN8fn1G\QN9dn1F[QN;in1_OYQNb0Qo11O1O2O0O100000O10001N10O1K40O1O101O10001O101O0O2O1N0010O01O00<DTofY3
20130609133454Bh_3,ecVX33lo13XPNO]o1;O00001O1O010O0010O10O0100O010O1O001O010O1O010O1O001O10O01O010O010O010O0001O010O001O1O1O1O100O1O1O01DdPN3[o1LgPN4Xo1LhPN5Xo1IiPN8_o11O01O0J]PNNdo12\PNMeo161N3O0O101O1NXP>1goA3N1N2O002M2O001O1O2N100O00001O010O1O100O01O1O2O0O100JdPNH]o13ePN0do13M2O0O1O2O0O2N100O1O1O1O2M2O0O2N2O100gMXOYUNg0gj1[OWUNf0hj1\OVUNd0kj1^OSUNb0lj1AQUN`0nj1ARUN>nj1CRUN=nj1DQUN;Pk1EoTN;Qk1EPUN;Pk1DPUN<Qk1CPUN<Qk1CoTN>Sk1_OnTN`0Tk1^OnTNa0Rk1_OoTN?Rk1BnTN=Rk1CRUN8oj1JTUN0mj10TUNMnj13QUNJkMKWm1:_2N1N4Kl[a>
20130609133454Bh_4,nmfQ19fo19F6oPNBVn1f0bQN]OYn1W1L4N0OLlQN^NSn1d1N6001N4L:H3M5L2XOiND\10UQN105MLin1n01O1O001OgQNYO[m1e0fRN@Xm1=iRNFTm1:lRNJol19nRNJml1d0fRN@Xm1d1XUNeMkg1\2WXNcMhg1^2j22O2N10000O1O1N2O00O3O1M3O1N3iMiRN\1am1_NfRNX1Xn1\OcQNWOnn1;mUUk2
20130609133454Bh_5,T\a^26jo100001O000O10000O100O100O001M3N2O001O0010O01N2O0010000O101O1O1O1O00000000010O00O1000000O100O101O0000000O1O100O100O010000O1O10O10O01O1O100O1O1O2N1L`PNHao156O1Oadd\1
20130609133454Bh_6,l`Pe25[20mj13PUN2mj1ORUN3kj10TUNIkM1ol18VUNFmM1ml1:TUNFoM0ml1:TUNEQN0kl1;TUNFPNOml1:SUNGPNNol1:QUNHPNMPm1;QUNGnMNSm1:oTNMRk12PUNJRk17oTNFSk18\2N2O2MgQf0M]nYO0WPN0en14RRNOlm13SRNMjm16VRNJhm18XRNHgm1:YRNEgm1;P1O01000O0100O101O1O0O1O0010O000001O00O01O@fPN<Yo1EjPN8Vo1HkPN7Uo1JjPN6Vo1JkPN5Uo1KlPN5So1LlPN5So1KnPN4So1KnPN5^o10010O010O01O10O010O11]PNI[o1>00O10O01O002O4K2N12M2OO1O0001O0000001N1000001O0O20O01O00100O101N1O2O1N1O100O1O1O001N2Oi\]S1
20130609133454Bh_7,m^ci01lo13O1O2O1O0000O1000O10001O1O0001O1O1N10000O10N20001O001O0O2O000O101O01O0O100O1OO2N1010O1001O00010O0100O1O1O1O1O1O0O010O01N101O1O1O10O1000000O10O010O001O0001O10O0O110O01O100N2O1O102MXP6NYaXP3
20130609133454Bh_8,S`eW21;2Vo1OhPN2Xo1NgPN4Xo1MgPN3Yo1NePN3[o1NbPN5]o1701O000000000000AcPN;]o1DdPN<ao1O0000000000000000000000O101N100O100001O000000010O001O1O1O0O10100O000000000000001O0001O0000001O1N2O001O000000O1O2O0010O01O1O00002N000O10000N200O1000000O3M]_`b1
20130609133454Bh_9,QWeV1263LNZo1b0O4L111ON001000O10O1O0100O_OmPN6So1IQQN4nn1LUQN1kn1NYQNOgn11[QNMhn10XiRh2
20130609133454Bh_10,anjo05]o11iPN1Vo12gPNOYo12fPNL]o148MUPZ1LioeNN^PN8_o15OChPN6Uo1JTQN0O2nn1NXo70mRF0^N0Pn10ZS60UmK0SoM2hRN3[1Mdk1NhRNh0W2XOTN6ck1f0lVNTOTi13RTN1105Mfn1Oo0000Q10hoM4Zn1LlQN2Ro1NmM0m20_o10Un10YQ40bP:0`Q\O0mk11oRNOhn12XQNO7O\O0K0Qo12^VUk2
20130609133454Bh_11,U^nY11oo14J4M2N201N1001O0O2N3M1O2N1NiP>2ToA3^OLTQN8jn1HUQN:jn1DWQN=in1CWQN=Yn1CjQN0M=Yn1DiQNNO>Xn1EURN<im1FWRN9jm1FVRN:jm1EWRN<im1CWRN=jm1BVRN>jm1BVRN>fn110O001O103M00000O1O10O01O1O1O100N2OVP6MRP60noC0J5N0001O10O00010O1oMKVTN5gk1NYTN3dk1N\TN3ck1L_TN4_k1MaTN4^k1KcTN5]k1KdTN4\k1KeTN5[k1KfTN5bm1010000O00100O001N2Nc_S`2
20130609133454Bh_12,`WaW11SWT32hhmL3M3N3M3N1O1O0O2O001O1O1O0001O0000001O000O2O00000000000O10O010O10O10000O10O10O10O1000O2O000000001N10000000O1000000O10000O10000O1000001O0000O10001N100O001O10O010O001O000N1I71O1001O0100O10O01O2N@C`QN:an1HVQNK46jn11PQNK_o15`PNLao190O2O0O4LUnk1JPRTN2TPNOho15O1N10010O00010O0100O101N3M2NRok02jPTO4N2N2N2O1N2O1O1O00000001O00001O001N10001O000001O01O00000O010000000O10000O10000O100O010O100O100O1Omo7LXPH1N1O2N3N0O01000O01000O0100O0010O01O01O001O10O01O1O010O1O00100O100O01000O010000O010O10O0010O01O00100O10O1000001N10001O001O010O0000000O100O00100O1O10O03MNMZPN2eo1O[PN0fo1O510Ooo10QPN1O1O001O1O101N2O1O0O10O10O100O0100O0100000O1O2O0O1O1O2Mjo9OXPF5L1N2O0O2O001N10000000O1000000O100O10O10O10O10O10000O2M4L[oi00ePVO3M2O1O1O1O1O100O10000O10O0100O1O02N5K3M2M]o70ePH0O100001NXi`k1
20130609133454Bh_13,n_R[12no1000YO2\QNNcn1OaQN1lo=O\oC000nN0mQP10PooN0ZPN0ko11O1[ONZQN2fn1OZQN0bn14g0N100N11001O00N200OOUPN1go12YPNLfo1160YPNNao11_PNOio10lo50\PL0fn?5lP^O2MO[PNLdo13]PNMbo14^PNLbo14_PNKi0Okm16\QNKfo10ZPNO8070B0So10\QN0_O1jo1Oe_Q`2
20130609133454Bh_14,l_YV21Sn13dSNOZl13dSNN\l12dSNN\l12cSN0]l1OcSN1]l1OcSN1]l1NdSN2Un11N1000001O00000000JZPN3do1N]PN2bo1MaPN2^o1McPN4eo10_PNKUo12bPNO7OYo12aPNO4ON0Yo12ePN02N_o12`PN0OOao11aPN23LUo12iPNOao11kPNNjn12b000000O100fPNMgn13YQNMgn13jPNM;0kn13iPNN<Okn14hPNN<Nln12kPNO9Oln10nPN060To10lPN0To10lPN0To10lPN0To10lPN0To10lPN0To10lPN0To10lPN0To10lPN0So11mPNOSo10nPN0Ro10oP80onG0RQN0nn10RQN0nn10RQN0_o10`o10`PN010O1000O]PN1Uo1OkPN1Vo1OjPN0Vo11iPNOXo10hPN0Xo10hPN0Xo10hPN0do10000000`N1dRNOWO0Un12cRNNXO0Un14aRNLjm15URNK\O0Rn16bRNJ\O0Rn16bRNJ\O1Rn13cRNL\O0Qn14cRNL]O1om12SSNN_n110O000000O1O1BMoPN3Qo1MoPN3Ro1MnPN2Ro1NnPN1So10lPN0Uo10jPN0Wo1OiPN1Wo1OiPN0Yo11ePNO[o11ePNO[o11dPNO^o10bPN0^o10bPN0^o10`PN1ao1O_PN0ho110O10hok01VPTO1O1O100_PNMUo12lPNOSo11mPNOSo10nPN0Ro1OoPN1ao1O1Okn?0UQ@2N000O100O01O2ORoW1OnPhN2N1O2N101N10000O10000000O10000000000000O100000O10O0100000O10O1000O10000O1aPNFXo19iPNGWo19iPNGWo19hPNHXo18hPNHXo18hPNHXo17iPNIVo18jPNGWo19iPNGWo198000000000001O000000000001O0PRNIWl17hSNJWl17iSNJVl16kSNIVl16jSNJVl17iSNHXl18iSNFXl1:SRNGao18`PNI_o15cPNK]o13ePNM[o11gPNOYo1OiPN0eo1ORPN0lo10TPN0no30ooM010oN0RRN0nm11QRNOom14m00000O101O0O10O100O010O100000000000ObPNNQo11oPNOQo12mPNOSo11>00001O0000001O1O1WPNNao1901O000001O00001O001N1O2L4M2OSblV1
20130627063134Lh_1,kZUX26jo13M2[PNG[n1OfRNc0Tm1@jRNd0Rm1\OnRNe0Qm1ZOPSNg0Pm1WOQSNl0Qn101O001O001O1O003M1N4M0O00100O001O0010O001O01O01O0000001O000O101O001O000001O3M000000EDRQN<mn1FRQN:nn1FQQN;on1FPQN:on1GQQN9on1HoPN8Ro1IlPN8So1;00000O0100O10O10O100000O10O100O010O010O1O0010O010O1O100O10000O100O010O01O1N1010O00`NTOlSNm0Ul1TOhSNm0Xl1SOhSNm0Yl1SOgSNm0Yl1SOfSNn0Zl1QOgSNn0em110O100O1O1N2O1O02O000O1O0O1O100O20O1O1O2M2OaQNYOhm1c0[RN]Oem1b0\RN^Oem1a0P1@bPN7go1L2N2MXe^_1
20130627063134Lh_2,PePS13mo1001O1O001N100000O0100O1N20O0100000000000102M10000O010O01O0010O01O001O001O0000000001O1O1O0001O01O01OO11O00010O001O0O2O1N101KWPN0hPj00UoWO1N101@LRQN4mn1MSQN3ln1OSQN1ln1OUQN1HOin1O_QN3G2gn1KbQN3F3hn1IbQN5E5hn1EdQN4E8fn1DfQN3C=Uo1BlPN?So1AmPN?To1BjPN?Uo1AkPN?Vo1_OkPNb0Uo1]OkPNc0Uo1]OkPNd0So1AlPN<To1DlPN<Ro1FoPN9Qo1GoPN8Ro1HoPN7Ro1ImPN7So1ImPN7To1GnPN8So1GmPN8To1IkPN7Uo1IlPN6Uo1IkPN6Vo1JjPN6Vo1JjPN5Wo1JkPN5Uo1LjPN4Uo1MlPN2To1NlPN1To10mPNOSo11mPNORo12nPNNRo12nPNOQo11PQNNQo11oPNOQo11oPNOQo11oPNORo10oPNOQo11oPNOQo11oPN0Po10QQNOon11QQNOon1OSQN1ln10UQNOkn11VQNMln12b0N2OdYgd2
20130627063134Lh_3,\dnQ24jo13O0O2^OHZQN8gn1HnPN218Po1NoPN3Qo1NnPN2Ro1OlPN2To1=00001O2N001O2N1O1O1O001O001O5NM000000000O2O0CBXQN=Vo1ONDaPN<^o1FbPN:^o131O100O1000O100O10000O10000O100O01000O01N2J50010O01000O010O1O00100N2O100KYPN1o[ai1
20130627063134Lh_4,aWcP33lo12N2O00001O10000_PNHYo18ePNJ[o16cPNM]o12aPN0^o1910O0001O0O101N1000000000O1000O100001O00001O001O2N2N4L00000O1O0001O1M3O1N3K4N1O2M3N3L^hnk0
20130627063134Lh_5,i[WV12no11O001O01O0O100O10O10001N010O100O100O010O010O1O1O1N200O1cPNFRo1<810O01O0001O000100O1O001O010O010N1000O1000001O01NN3O1O1N11M31O1O1O1N2O1O1OjPNNXn1O[QNO`02Vo100O0N300001O2NO2Njdnd2
20130627063134Lh_6,leQQ21no12N2O1N101N101N100000010O01O001003ZPNDao1>003L3N]PNKZo14ePNNZo12ePN0Zo11ePNO\o10dPN0_o1N`PN2`o17001O2N001O00^PNG^o18bPNH^o18`PNJ`o1<O0O1O1N2O100O100010O1O001O00001O002O0O00000001N2O0O101N100O10ElPNJSo16PQNHPo17RQNHnn17SQNInn16SQNIPo14PQNLRo13nPNKSo15=O001O00001N^Yli1
20130627063134Lh_7,gkbo01no11O2M11000O10000YPNLbo15\PNOao11_PN1_o19O01O01O001O00AgPN8Xo1FjPN:^o1000000000O1O1O1001O00000O001O1M3O1O100O100000000O101OWT_m2
20130627063134Lh_8,]eTl21no12O1O000000O2NUng01kQXO0Ro1OnPN3VPNMao1:N5L2M2N2O1O100O01LPSN^Ojj1a0VUNAjj1>UUNDjj1;VUNFkj18VUNIij15YUNJhj13[UNMgNJjj16bVNOdj1Og2O2NQQX1OQogN1N1ZUNN^e11cZNOgj1000\n30dQL1O0Xo1ObQL1]n10aQN2]n1OcQN1Xm1NUSN1em12YRNMgm14XRNLim13XRNLhm14XRNLhm14S1O2N1ObRb00^m]O0O10000Zl92cSF4dRNKgj16XUNKgj16XUNJhj17WUNIij17WUNJhj17WUNJhj16XUNJhj16XUNJhj16YUNHhj18XUNHij16XUNJhj16YUNHhj18a2N101O1N3MToc0OmP\O2O1O0O11OROMoQN2l2N\g10nTN0a41af13_YNMaf13g40nRNNTj10lUN5ml12M3N1O0oPNCan1=_QND`n1<_QNE0N`k12_VN;oMG2L_k13`VN9QNF1ND0ek13fVN8PNG6OSk12gVN8QNF5OTk12hVN7aj1I`UN6aj1HaUN4Ym1M[m1OgRN000QP20ooM0O11OSS>1jlA3N101O001`QNIUm17kRNIUm17kRNIUm17Z110O01^RNKWk15iTNKXk14gTNMVj1LgTN8R1MUj1MhTN6T1LTj1MjTN6S1LSj1NjTN6en101O001O0010O10000O1O100O010DJlPN6So1KmPN6Ro1KnPN4Ro1LnPN4Ro1LnPN4So1JoPN5^o101O00103MO1O1O01NaPd0Mbo[O2O1O1O000001NnPh0OToWO2N1O1O1O001O0100NZXWc0
20130627063134Lh_9,TYSY23mo10O100O100O01O01O100O0010O01O010O010O10O10000O10O10N101000O10000O10N20O101O00O1001ON2O100O10>1_flc1
20130627063134Lh_10,ffRV33mo11O01N2Onne02PQZO001N10NWPNNgo11RRNOWl10TRN0^12]l1NVRN0[18Zl1H[RN0[19Yl1GoSN9nm1GZPN4Rn1LcSN3]l1McSN3Vn1O\PN1Vm1MiRN0_12bN2Um1LnTN2^k1NXTN2_k1NgRN0k10_k10jTN0Vk10^20O00010O0XPN0ao10^PN0bo10^PN1c1OUl10XRN1a11Vl1NZRN1_11Xl1NYRN1]13Yl1MZRN0\14Zl1K[RN1Z15Zl1J]RN0Z15Zl1K\RN0[13Yl1M\RN1]1OXl10[RN0\o10dPN1mn1OWQN0M0ln10XQN0K0\o10dPN0\o10:10O010O\P20doM2N001N1M31O30O00OO100O010O1OMYPNOfo1O\PN1co1O^PN2`o1NaPN2_o1MaPN3Xo1LiPN1O4Wo1MgPN022Xo15:O0LZPNMho12SQ8OQoG10000O2NMXPNOho10ZPN1co1O^PN1ao1O`PN1`o1NaPN2^o1NbPN3]o1MdPN3do1OHOdPNOZo11_PN15O\o10aPN6`o1KcPN1]o1O;O^Xob0
20130627063134Lh_11,ZbSg03mo10_na00jQ\OO[o1>N2N1O100jPN@ln1`0SQNBln1?RQNDln1<SQNHjn1i0N3M2O0005J003L[QNPO]n1n0cQNUO\n1k0bQNWO]n1h0dQNYO[n1f0fQNZO[n1d0fQN\OZn1c0gQN]OZn1a0gQN@Yn10]QN4:MZn1L`QN52II6Po11VQN5jn1JUQN9jn1FVQN`0dn1@[QNb0en1\O\QNe0cn1[O\QNg0cn1XO^QNh0dn1VO\QNk0ln100BQQNKPo13RQNLon12SQNNln11UQNOln11SQN0mn10SQNOmn12SQNNmn11TQNNln12SQN0ln10TQN0ln11SQNOnn13oPNMQo13QQNKPo13SQNKnn14SQNKnn12UQNMln11WQNM^o10TP4OnoK0VPj00hoUO100001O0Oj\^S3
20130702070714Th_1,oi\f2270]o11aPN2^o1NbPN2^o1McPN4\o1LdPN4eo1O1O^O0UQNOkn12a01O001O010O01O001O010O0100O01O01O100O1O10O0100O01O010O1O010O1O10O001O1N2O001O3M1GBnPN>[o1O1O0O2N1001O01O1O000O010001O00001N010000000O2HDjPN>To1CkPN>To1CkPN<Vo1DjPN<Vo1DjPN<]o1O1N2OIIfPN8Xo19N1010M2N3N2M3L6I[VmS1
20130702070714Th_2,h`ml21YP>0eoC2`PNN`o12O000MNXPN2go1301O1O1O1O11O00O010N1@KSQN9in1LSQN6mn1=nNVORSN3RO<km1ESSNa0ml1ASSN>nl1CPSN<Rm1GkRN3[m1ObRNKfm16QRN@E:^n1;bQNLbn1g04M6J3L3M3M4\OiPN4eo1M3Nh_ZP1
20130702070714Th_3,Wb\k05ko11GKdPN7[o1JdPN7[o1IdPN8\o1HdPN8\o1HdPN8\o1HdPN8\o1HdPN7^o1HbPN8co100000000000O1000O100O100000000001O4L00001N1000O1000O2O004L2N001O1O1O00000000O1O101N1000000001OO10000O1N200O2N1O100O2O0O10001O002N0010O010O00010O1OO2O001N3Mb]So2
20130702070714Th_4,eYeg11ko10XPN0ho15O0O1ePNOfn11ZQN0fn1N\QN2dn1M]QN3dn1L\QN4en1K[QN5Xo11YPNIbo1<O000O2O01O001N100O2O00O100000000O2O1O000O1000000O010O010O1O01OXOBPRN=jn1N2O0O200000O100O1POEZRN;fn100O0O2O1O001O00N201lPNI^n17cQNJ[n16eQNKUn1;kQNFTn1:kQNGUn18lQND^O0en1=mQNB@0cn1;URNDjm1=k02NHfPNK\o1570_QNJZm16fRNKYm13iRNLXm11n1NA0O0_fVS2
20130702070714Th_5,Yf\b11oo11O000bo51\PJ2O1O1O1O1N2O0O101O0O11O000000000000O10001O0000000000O10000001O001O0LBePN?[o130000000000000000000000001O000O2L3O2O0O2O00000O10001O00000001O01O0000000000000000010O000000001O01O00000000000000001O0000000000000O10O10000000000000HHhPN8Wo1IiPN6Xo1JhPN6Xo1JhPN6Xo1JgPN7Yo1HhPN8Wo1IiPN7Wo1IiPN7Wo1HjPN8_o10000O100000000O10001O0000000000000000000000001O00001O001O0001O1O001O00001O01O0000000001O0001O01O001O00000000O100O010O10O100000000000000000010O000001O001O001O0O100OO20000000000001O001NXQj00inUO00000000050gN1WRN0bm11^QN0P1Obm16^RNIcm17]RNIcm17S10000000000000100IXPN4ko100O00001O0O`P4OboK1O1O000000000O1000001O00000O101N100000000000000000000000O101O0001O0001O001000O2O0O1O01O1JXPN3ko1O01O0000001VPNLgo17O1O03NO00001O00000000O2O001NjXUi1
20130702070714Th_6,PYWf02:2Po1c0L6L6H5K3aRNhNTl1\1jSNdN`k10nSN^1a0fNZk12oSN\1g0bNWk14nSN`1k0[NSk1\2oTN`MRk1a2U12O1N2O1NkNlRN_OUm1>nRNB5UO[l1o0kSNYOCK:OWl13aSN7c0_OD415Vl11dSN4c1Mhj10gSN1`10hj11hSNMa13fj11iSNKa15fj10jSNHb1<`j1KQTNDb1b0[j1HZVN7fi1G\VN9di1C\UNKZOc0Zk1@\UNOYOb0[k1^O\UNO[Ob0[k1\OXUN4_O?nl1_OVSN`0jl1@USNc0jl1[OWSNf0Rn1@hPNL06Xo1KPQN7on1ESQN`0Uo11N01O001O0010001O0O1N1003NO0001O00O1O2L3O2MddPV3
20130702070714Th_7,e^oP23ko14N2N1AOlPN4Qo1`0N2N1TQNZO1Nlm1i0QRNLkm15TRNLim1X1MjN_RN2`m1MaRN5\m1KeRN=Sm1CmRN`0Pm1POiRN06R1Pm1mNlRNO4W1ml1jNPSNN3]1hl1eNUSNL5`1el1eNVSNI63Nl0fl1XOUSNH732l0al1C^SN_O6l0\l1B`SNAe0>jk11aSN_Oi0b0bk1OSUN1jj10XUNOfj12[UNNbj13_UNO^j11dUNOZj11hUNOVj1MVVNMii13WVNOgi11YVN0fi1AkSN8`27ei1]OPTN7]2?ji1^OXVNc0ji1YOWVNh0_l11O2N1:F3M9G3M2MURn05emQO4L2O2N2N2M3N3M1O2N1O1N3N1O2O2M4M1N1NO2FaQNTO]n1m0:N2N4K5N2N2M3M2N3OWQNGnm17QRNLnm13RRNOSj1JmXN5RM0Qj1MnYN1Sf1NoYN0QWRi1
20130702070714Th_8,lbSV21]P<0VPH1`oK1an1N]RN1UO1]n1N^RN0WO1\n1O[RN2XON`n14SRNN[OOho1Oo[Pi1
20130702070714Th_9,m^UQ21\P63QPJOfo1Ogn5OZQH1ko1OYQN2\m1NhRN0hn30ln31QQJOWO0PQN071fn1ORQN0`o10^PN0P10^m15eRNKYm14mR6LanI4NLXP20`PL0^o70XoM0[nK2cTNNXN0`l13ZUNOhMN50jl11[UN0iMOO0]o11ePNOK0V^Xl1
20130702070714Th_10,XfTb13lo1100000NUPNOko11200002loY1MUPfN0PP<0RP60no10\o[O0XQN0hn10XQN0[o11boo0O_PPO000ZPh00go;0ooQ20SPbM1moWOO00000000O1000OkYUR2
20130702070714Th_11,]XgS31no12D0fPN0Yo11:1000000001O1O2NkQN4nm13M3N1^NE`SN:al1F^SN;al1G^SN9bl1G]SN:el1EZSN:il1EVSN:Wn1010O2N0O1O1N00N31100N1010000O1O1001OO2OO12M4LQR20PnM3NO1O2N20ceRi0
20130702070714Th_12,mXWf0327[o1GZQN0am30bRL0Xn14cQNL_n15jRNKlk17m1K\PN0;Nhn11^QNOcn11TQNOgP>1[PB4\n1K[N0kRN0^O0Zm14bSNNjNN70M0am10\RN1j1OSl11fTNOUj=1jRDO`PN1bo1O]PN0eo11XPNOjo12fSNNbj10j10a10enM060[o10nP:0\oE0SP60_oI0kPN1bo112NO000PP40ooK0N11O01M2nP6MToI4M3O1O0000J[PN1hj9MTUH1O1001N]UN0^ea20V[XO4iiWN4O1N1000O100O1000000001O01O0O2O1N2Mbl70aSH0Pfln2
20130702070714Th_13,gUmd22lo15nNKRRN8km1HURN<hm1CXRN`0em1AZRNa0em1@YRN`0gm1@PRNNHc0Xn1_OnQN2G?\n1_OmQN2G>]n1@kQN4F<Qo1NoPNDTo1:oPNCSo1<:O0O2OjPNGdn19\QNI]n1OVQN9<I\n1=dQND\n1;eQNEZn1;gQNEYn1:jQNClm1OiQN?ln1EoPN<jn1DTQNf0ln161M2010000002N10O4DoPNBQo19TQNGmn15VQNJkn14VQNLjn13XQNLhn14ZQNJfn15c00OO2N2000001LckPX1
20130702070714Th_14,TfZc11bo10=0PP20PPN000^PZ20Wo?0[PVM000ho90XPF00000PP:0PPF0oo10^Pb40coiK0PPB0000000TP80PPR10jo[O0TPXO0bPb00Xo=0WP>0PPnN0QYUj1
20130702070714Th_15,RW]a25Vo1NZQN5en1LZQN4en1NYQN3gn1MXQN3in1NUQN3kn1NSQN3mn1OPQN2Po1?0O2N1N2O2O0O1N2O1L5IjPP2L`ooM1OO10cn10TQ>0XP@0b00UO090do30ZPN1YQL2gn101NZn3OkQL0^P40^oK0QP40^oc00_P^O2`kjW1
20130811121434Ch_1,eT_k12mo15L1O0O10001WQNGim19VRNIim17WRNKhm14XRNMgm13YRNMgm14WRNMjm12VRNNjm12WRNMim14VRNLjm15URNJmm15o01O000PQNHXn18hQNIWn18hQNHXn18iQNGWn1:hQNFYn19hQNEYn1<e0101N000010O000000010O0O100010O0002N1O100O10O100O001OO10000000000O1000000O2O001O00000000O2O003M1O1O0000001N11O0000000000001O00010O001N101O100O1O01O00010O1O1O100O010000O1O001O001O010O4L4NN100O00O10001NTjdl1
20130811121434Ch_2,[aYR11mo15L1O1N201N1O10000O2O001O1O01O0O101O000N2O0001O0010O011O0O100000O0O1K6O10O10O10000010N1O100O00100O10O2N1O1M3O10O1O1O0011O01O001O1M2N3N01000O101O0O101N0100O001O010000O1OM31O1O1K\PNNfo10i_Rh2
20130811121434Ch_3,V`Sn01ko19^NGRSN?al11fRNHC>_m11hRNe0Rm1_OgRNh0Um1T1J8I5NcMZSNa1el1WNkSNj0BXObl1IVTNc0ABlm15XRNGjm18VRNFjm1=WRNBhm1>XRNAkm10dQN0c0Mk]lP3
20130811121434Ch_4,^h`S23mo10O2OO2O^P4NdoK1N0101Onn51QQJ0O101O0001O00ml1OSSN3N000WTNNcg13]XNNbg13]XN0`g10aXN1]g1OcXN2\g1NhXNNXg12jXNLVg14[401O010O1O2NVP6NkoI2N2O1N101O001O1O1O0RTNFWh19hWNGYh1:fWNF[h1:jUNGPl18QTNGM0Zj19`WNJ_h16_WNM`h12`WNNah12`WNM`h12bWNL`h12aWNMah12`WNLch10bW20TlM201N1mJ1SZN0ne1ORZN1me1OSZN2le1NUZN1le1NTZN3mj1OjPNLnj10oWN2TMOkj12PXNMUM2kj13fXNLZg15fXNI[g18V41O10O001OfNKiRN5Wm1LiRN3Wm1NhRN2Xm1OgRN1Ym1OhRN0Xm11fRN1Zm1NSRNL06mm1NSRNL07lm1MURNJ19im1MiRN3Wm1LjRN5Tm1KnRN4Rm1KPSN5ol1KQSN5Pm1IQSN7ol1HRSN8\n1O00dPNIon18PQNIon17QQNJnn15SQNKmn15SQNKmn15SQNLmn12UQNMkn13VQNLkn12d0M]og05^PXO2N3N0010N2O1N2O1N2NQR<0PnC1N2O1O0100O101N10WPNMdo12[PN3ho11N1O10001N103L4MO1O100O6I3MQP<0PPD1O00010O01NZPNMio1100jN2[RNMem13S12O01O^QNOVm10fRN7`n12N100O000101N2O1N0001O001O1O100O101O0fMBQUN>mj1DSUN;mj1ESUN;mj1FSUN9nj1GRUN8Pk1ERUN:[m1O001O1N101O001NZP>NioA2N001O000001NdNN^12O0in1OWQN2O10O1NVP`0Oko_O2N12NdXY\1
20130811121434Ch_5,alnV331Ogo18N2N4M1N1O1K4HZOVQNh0on13N0010O1O1O2O1O10O1O0cQN[O^m1f0`RN\O_m1d0`RN\Oam1e0^RNZOcm1f0\RNWO[O0Yn1j0k01OO10O10O10O01O1O1O2N2N10:IM1O01O1C^PN8go1M3N0200N3QOHQRN8nm1IQRN7mn1O3MSPb0Nmo]O3N3N5J4M1O2O1O001N10O01O00000O2OAlPN1Uo1MoPN1Qo1NRQN0nn10SQNMPo13`00O01O2M10RP2M[Q[c0
20130811121434Ch_6,fdjT24ko12O00LXPN1go1N\PN0do10\PN0do10\PN0co10^PN0bo10_PN0`o10`PN0`o10`PN0_o11aPNO_o11aPNO`o10`PN0`o10`PN0Zo10ePN001Zo1OfPN010`o11_PN0ao10^PN0co11[PN0fo141001OLXPNNho11ZPNNfo11\PNOco11^PNOao10`PN0`o107100O1]PNNYo11;0100O1000ZPN0[o10ePN0[o10ePN0[o10dPN2[o1NePN2[o1NdPN3]o1MaPN3ao1M^PN28Nnn11fPN1=OPo1OQQN2^o11O00000_N0nRNMYm14eRNM[m14cRNM]m12bRN0^m1N_QNNS15^m1KfRN4bn1MXPN0ho1O41YPNO_o11bPNO]o11dPNO[o11fPNOZo10gPN0Xo11gPNOPn13lRNMTO0Pn16iRNKVOOQn11jQN0o0OVO0Pn12lQNNo00TO0Qn12mQNNm00`m11dQNO_o11aPN0;0LOUn10eQN190bn1OTQN1:0LO`n10TRN0lm10TRN1km1OURN1YOOVn10cRN0gm10[RN0UO0mm10nQN0R10Zm10WSN0]l12bSNN^l12bSNN_l11WSNOlN0mm11WSNOlN0\o10:000ZPN0\o10dPN0]o30aPL0`o10`PN0ao10]PN0eo11XPN0ho132O0O11O00010mYkd1
20130811121434Ch_7,kb_`14jo13N101O001O001N100010O000000001O000000000000000000000000000000000001O00000000O10000O1N2N2O001O10O10000O101O00001N10001O000O2O00000O2O01O00000001O00001O0010O00O101O00001O0O1000O100000000O1000000000O1010O000000000001O0O1000000000000000000000000O100000O10O100O100O010O1O010O010O1O100O100O10000O2O01O01O01O0O101O000O2O0O2N1O10000O100O01000O010O10O1O001O1N2N2N11000000O10000O1O1O1O1O100O01O1O1M201O0O2N100100O1O100O2O00001O010O000O100000000O10O01DjPNLXo13;0000000O2O0O2N1N2J7N1O1N2N2M3O1N101O1O001O1O100O1000O10000000O1O1O1N3O0O100001O001O001O001O0O2O001O000O1000000O100O10000O100O010O010O00010O00O2O001O01O1O01O1O01O01O0O1O2O0O1000010O01O01O1O001L4M3N1010000O10O010O101N101N100O2O00O01000O001O1O1O010O10O1O101N1O001O10O1N101O1N101H7O2O00O0001L3010O10O11O100O100O1O1N2O1O1O2N1O100O10001N10000O10001N100O1O2M2O1O1O1O2O0O100O1000O010O01O000001O000O100O100000O001M3O10O1O10000001O1O^OTOnQN1Dj0]n1YOlQNk0Un1VOfQNm0[n1TOcQNl0^n1TOaQNl0`n1TO`QN=3D_n1N^QN0O0=M[n1N[QN5NMbo11Qchc1
20130811121434Ch_8,hbmb11oo1000O1\PNOYo11ePN1[o1OcPN2]o1ObPN0`o1O`PN1`o10_PN1ao1O_PN1ao1N`PN1ao1O_PN1`o10`PN0`o1OaPN1_o1ObPN0^o10bPN0^o10bPN0^o10cPN0\o1OePN1[o1OePN1[o1OfPN0Yo11gPNOYo11gPNOYo10;1^PNOUo11kPNOTo12lPNNTo11>0`PNOQo12nPNNRo12nPNNRo12nPNNSo11mPNOSo11nPNORo10nPN0Ro10nPN0Ro10?0`PN0Po10`01`PNOon11QQNOon10RQN0nn10a00bPN0ln10TQN0kn11b000O0100dPNOin11WQNOin11WQNOin11b0100dPNNjn12VQNNjn12VQNNjn12VQNNjn12VQNNjn12VQNNkn10VQN0jn10WQN0hn11WQNOin11WQNOin11WQNOin11WQN0hn10XQN0hn10XQN0hn10YQNOgn11YQNOgn10ZQN0fn10ZQN0fn10ZQN0fn10ZQN0fn10ZQN0en11[QNOen11[QNOen11[QNOen11[QNOen11[QNOfn10ZQN0fn10ZQN0en11[QNOen10\QN0dn10f0000ePN0fn10ZQN0en10\QN0dn10\QN0cn10^QN0bn10f00hPN0bn10^QN0an10_10aN0`QN0_n10aQN0_n11aQNO_n10bQN0]n10dQN0\n10dQN0[n10fQN0Zn10fQN0Yn10hQN0Xn10hQN0Wn11iQNOWn10kQN0Tn10lQN1Sn10lQN0Un1OlQN1Sn1OmQN1Tn1OkQN1Un1OjQN2Ro10UONhQN2So10O0XONdQN1Uo10ZOO^QN1cn1O\QN1en1O[QN0fn10ZQN0fn10YQN1gn1OYQN0gn11XQN0hn1OYQN1gn1OYQN0hn10WQN1\o1O]O0WQN1in1OWQN1hn1OYQN0gn10YQN1fn1O[QN1cn10^QNO`n12bQNN]n11eQNOZn10gQN1Yn1OgQN1Yn1OgQN1Yn1OgQN1Yn1OfQN2To1000O1O001YOLaQN3an1M^QN3cn1M]QN3bn1N]QN2cn1N^QN2`n1OaQN0_n10bQN0\n1OfQN1Yn10hQN0Vn11jQNOVn10lQNOTn10mQN1Sn1NmQN1Tn10lQNOUn11jQNOWn11hQNOYn11k00kPNO\n11cQNO]n11cQNO]n11cQNO^n11aQN0_n1ObQN0^n11aQNO`n10`QN0`n10_QN1an1O_QN1an1O_QN1an1O_QN1`n10`QNOan11^QN0an11_QNNbn11^QNOcn11QQN3LMTo10oPN:Ro1FnPN9So1GmPN8To1HlPN7Uo1IkPN6Vo1IlPN5To1LlPN4So1LoPN2ln13UQNMin13YQNMfn1NaQN1^n1OcQN1[n10fQN0Wn11kQNOTn10nQN0Pn1OSRN0mm10TRN0km1OVRN2im1NXRN1hm1OYRN1fm1OZRN1em10\RNOcm12^RNNam12V11O01000ZQNM`m12`RNN`m12`RNN`m12`RNN_m13aRNN^m11cRNO]m10dRN0[m10fRN0Ym1OjRN0Tm12lRNNRm13oRNMnl16RSNJml17SSNIml18RSNHnl18RSNHnl19QSNGol19QSNGPm19oRNGRm11iQN0U1O[m10dRN0en11hNOaRN1gn10iNO_RN1am1O_RN0bm10]RN1cm1O]RN1cm1O]RN0jn10O010O010ln10WRL0jm10S10RQN0km30URL0km30URL0km10URN1jm1OWRN0im11VRNOjm11VRN0im1OYRN0gm10YRN1fm1O[RN0em10[RN1em1OZRN1gm1OXRN1hm1OYRN0gm10ZRN0em10[RN0em11ZRNOfm11[RNOcm12]RNNcm11^RN0`m10bRNO]m12cRNO\m10eRN0[m10eRN0\m1OdRN2[m1OeRN0\m1OdRN1\m10cRN1]m1NdRN1\m1OeRN1Vm1OdQN0V11nl1;SSNEll18XSNGhl17[SNIel15\SNLcl14^SNKbl16^SNJbl16^SNJbl15_SNKal15^SNLbl13_SNLbl14]SNMdl12\SNMel14YSNMhl12XSNMjl13TSNNll12TSNMnl12QSNOPm11oRNNRm12nRNNRm11nRNOSm11]11O0aQNNQm12PSNNol12_1000dQNNll12TSNNll11USNOjl12USNNll12SSNNnl12_12aQNLPm14oRNLRm13nRNNRm12mRNNSm13mRNLTm13mRNMRm12oRNNRm11oRNOPm11QSNOml11TSNOel18\SNHcl11dSN0[l1OgSN0Yl10gSN0Xl11gSN0Tl14lSNMSl13nSNLPl13STNMmk13TTNMlk13STNNmk12STNNnk10STN0mk11RTNNPl12PTNMQl13nSNMTl12lSNNTl12kSNNVl12iSNNXl12fSNO\l10cSN0^l10aSN0al1O^SN1cl10[SN0fl10YSN0il1OWSN0jl10USN1kl1OUSN0ll10TSN0ll11RSN0nl10RSN0ol1OQSN0Pm10oRN1Qm1OoRN1Qm1OoRN0Rm11lRN0Um1OkRN0Vm10iRN1Wm1OhRN1Ym10dRN1^m1NaRN1am1O^RN1cm1O\RN0fm10YRN0im10VRN0jm10URN0lm10TRN0lm10SRN0mm11SRNOmm11Q1ORQN0mm11SRNOlm11TRNOmm11RRN0mm10SRN0mm10SRN0mm10TRNOkm12URNNkm12URNNkm11VRNOim12WRNNgm13ZRNMfm13ZRNMfm13ZRNMfm13YRNNhm10XRN1hm1OURN3km1NTRN1nm1ORRN0om1ORRN1lm10URN0km10URN0km10URN0km10URN0km11TRNOlm12SRNN]m10gQNN:1G0j01_m1NjQN004k0N\m1NjQN0M1P11Zm1NmQN0i01\m1OnRN0Tm10]RN5ZOKZn11dQN10O033LJ1`n13^QN05NMNVo1:kPNKWo1>2M3CfPNMK1dbdc1
20130811121434Ch_9,VZib2;a01Tn17bQN3Un1Q1G8BSN`RNS2\m1:0YOhRN`N^m1f0fRN[O1L[m14aRNMin14d0O102Ocf\\1
20130825141154Bh_1,neSQ11mo16TPNNao1<L3M3M2N2N3N1N2N2N2N1O2O1O00001O010O001O0001O0000000000O2XOhNdRNZ1Zm1kN^RNZ1am1hN\RNZ1cm1iNXRNZ1gm1`001N0101O000O10000O010[O\RNnNbm1S1`RNlN^m1T1eRNkNYm1U1jRNiNVm1V1lRNjNSm1T1QSNjNol1T1USNjNkl1T1YSNjNgl1U1\SNiNel1S1U1O2O1O1N101O0O2M2O10F9000OL51O1O2O1O00100O11O1O1N101N1O1O0O2N1O2O0001O0N3N2O010O100O010O001000O0100O1O1N2N2N101O1N1000O110O0010O00100O0010O000O2O1O1N2M3N2O1O1N110O00L4O20O000000010OO2O1O1O1O2N101N2O1O00000O100O10OO2O0O1O2O001O01OO100001O1O1J5N201O001O0000010O001O000N3O01O001O0O2O1N200O1N2O1O2N1O2N2N101N2O1N2O1N2O1N101N2Nl^Za2
20130825141154Bh_2,]aVh24io15N4M2M110O00000001OO1_RNGZk19eTNI\k16bTNL]k15fSNAK:`l16^TNKbk17[TNJdk17[TNIek18YTNIgk17YTNHhk19XTNEik1:]TNAck1`0_TN\Obk1d0m10010O1O01000011O2VQN^OGKnm1i0WRNIim16URNIom1_OlQN>43\n1LbQN3bn1K]QN5dn1K[QN6en1KZQN4gn1LYQN4gn1NUQN4Po1]OSQNj0Ro11O00001O13NO0O01O1O1O0O2M3J6K5KR\ST1
20130825141154Bh_3,PiZi02ko16L3I7I6L3O2N2O0O2N101N3UQNlNen1n0]QNVOdn1i0_QNUObn1i0;O2N1O2O000001N2L4M305J]O^QNIan1IZQN564^n1DcQN21;[n1AVRN?fn1000O011O1N4M001N010O01O010001O1O1O00O10O1O1O01N101L4O0O2O1O001O1N1N3M4M4KSV]R3
20130825141154Bh_4,a\mm22mo12N2N101N0010OO100O1O1O1O100O11O000O2OkNHdRN6\m10bRNJ_m1=m07QO\OXRNl0am1TO_RNR1Un10000TO^QN9Yo1JQo1EWQN7M1N2N100O100000O1001N1O010O11O1O2N1O01O0O1001N2NmRNL^j12cUNO^j1NcUN5[j1IgUN7Qm11O000O010O1QMJTVN6ji1MVVN3ii1MWVN4hi1LYVN5di1L]VN5ai1K_VN6`i1JgVNM[i13fVNI]i17V30000001O0O2O0O2O0000O10001O000O100O2N1O2N^P4OcoK4M0kfhk0
20130825141154Bh_5,hldo12no10no10RPNOUPN0ho10XPN1fo10ZPN0fo10ZPN0fo11XPN0ho10XPNOho150N2O100Ohn9OZQF2N2O0O100O10000O101O1N11O1O01O1O2N1O0002OOO1000O01O010O014K1O1O100O2O00O010O1O00001O0001O0O1001OO11N100000000000LWPN1io1OWPN1io131O000O10001M]o90ePF1O0WPNOco11YT]j1
20130825141154Bh_6,gWki21no1100000000lo31SPL0O10O0012N0O011O0N2O1O1O100O1O1O1O1O1K5O0000010C]O\QNd0an1A\QN?an1IYQN7en1c0M201001N100O2O0N1OZOQO_RNo0bm1XOWRNg0km1]OoQNc0Sn1d01N2O1N2M3NbRNeNZl1[1fSNgNYl1Y1gSNgNYl1X1hSNhNWl1V1lSNjNTl1S1^1I7M3O001N2N2K5N2O1O2M3M3MSkbQ1
20130825141154Bh_7,R_[h04ko12OO010001O01O01O01O0O2O11N01O1N110OYPb06_o]O3N2N2N101O0010O1O1O001N1O100O1O0001O1N2O1N2O000GAQQN`0mn1;O0O2O0100O2N101M3N2M3NkNDhRN:Ym1GfRN9Zm1IcRN9]m1H_RN:bm1G[RN:fm1GYRN8gm1JXRN5hm1KYRN0Vm1JbRN89JWm11]RN6<Hil1ImRNU1;POhl1MlRNR1`0lNfl13hRNR1Sn1mNoQNR1an1N3M6J4L3M6I7IfbVR3
20130825141154Bh_8,fZ]\32mo19H3M2O1O000001O11O5I1000O1O1O2N3N0O13M1O0QO_O^RNa0`m1@`RN`0^m1BbRN=^m1CcRN=\m1CeRN<\m1EcRN;^m1DbRN;`m1DaRN;cn1O1O3L^d`a0
20130825141154Bh_9,fWaZ29ho15J1N100G9A]OZQNi0dn19H:O2N1OFhQNoNVn1j0SRNTOnm1d0ZRNYOim1f0YRNXOim1e0YRN[OSn19PRNEQn11WRN0lf\d1
20131027185354Bh_1,]aWd13mo10eQNOhl1OSRN1L25:Wn1DcQN4LM1=_n1BdQNP1\n1RObQNn0_n1QOaQNo0`n1PO`QNQ1gn10O2M2O3KB^QND`n1<cQN_OMG`n1d0QRN[OTn1e0a020OO11O2I6N3O00O1000O11O0N010PRNCal1<_SNF`l19bSNG\l19eSNGZl19gSNGXl19iSNHUl18mSNInk19TTNDlk1=k101N2N2OjPNHhn14ZQNLh]RY2
20131027185354Bh_2,Yddb03lo12N101O0O2O001O2N3M4M0O001O001O1O000O01O1O1O1O1000010O010@gPN8ao1O10O01O10000O10O01O001O00001O0OlPNN]n10cQN4So12N1O2N1O2N001N100O1N20000000000000000[QN^Omm1b0QRN_Oom1b0oQN^ORn1e0iQN^OVn1b0jQN^OVn1c0hQN^OWn1c0iQN\Oom1MiQNj06ZOQn1MhQNi07ZOQn1NfQNi0;VOPn1n0b0M3O1O2O0O101O0O10001O0O2O010O00001O00000O100O1O0O2O001N101O1N2O1O2N2N2Mn00TO1O001O00001O001]PNMWo15fPNLZo1=0001O1O0O2M6K2O0O10001O0L4N2O1000O1O1O101O4M0O10OAnPN0Ro1OPQN0Po11nPN0Ro1?00O1O1O1O1O100OJVQNXOjn1?WQNA1Ogn1a0ZQN]O10fn1b0`0O100000000000000FdPN0\o1OfPN1Yo1OhPN0Yo1NhPN2Xo1MiPN4Wo1JjPN6`o11O0O100O100001O010O00100O1O0000000O101O00000001O0001O0O2OaYaP3
20131027185354Bh_3,cUU\32no1000jo=OVPB2N2O1O10O01O0O10001O1O1OO200O0O2O10OO10O1O100O1O01O100O1O01N2M3O1O10O01N200000O2O0O2O0004MO0000002N001N10001O1N2O2Khj`?
20131027185354Bh_4,khRY31go125100aPNMbk14\WNNjLN10jk14[WNNhL01Olk15ZWNMgL11Mnk17`WNHdh1;_31O2O0O10O1000000001O001O2O3M3mRNXOnM1bl1f0_UN]OjMNgl1f0]UN\Oij1d0RUN@oj1?TUN]Onj1c0X2O00100O1O010O01O002O001N11N2N1O1O001O4N0O000010O00O1O2N1G_PN0knc22jP^M3nRNNfi1MmSN6GK_27ii1JPTN3HM^28ji1FRTN3FLW22kM>Ro1:O1N3N1O100O01O1O0O2O0O2O001O01O1O0100O1O1N2O2M3M3N1O001O1O1O4L3L3NQP2OhM3TRN1O1N2O1O01N2OjYc=
20131027185354Bh_5,[dlg23mo1001O00O1N\PN5`o13O1N00109`PN@ln1k0O00O10001O0O101M3J6K5N2O1O2OO100O101N10O100001]PNF]o1`0OO01O010O10O1O1N2O1O1O0001O0O1O101O0010000000000O1O4M000O2O00O1O1O1O1N2O10N100O2O3N0O2RQNXOan1g0^QNZOcn1f0[QN\Oen1c0ZQNCan1?\QNCdn1l01N1O2O1N2N2N10O1N2N2VOoNeRNR1Zm1POeRNO\Oj0om1YOcRNKBk0km1[OjRNe0Um1\OjRNf0Um1ZOkRNg0Sm1XOnRNi0Rm1UOPSNj0Rm1ROQSNm0Rn1O2O1N0011OO2N110M2O1M3M202N1O2N2N1N101O1O2M^MOd21\[UP1
20131027185354Bh_6,\\Y\15ho14ROKmQN8Pn1KmQN7Qn1H]QNL?>Sn1FPRN6]OIbn11PRN6BF_n10^QNOa0;CFUo1:lPNFSo1:FE`QN>nn13N3O0NO1KhPNB[o1:7O1O2O1O0O2O3LddVb2
20131027185354Bh_7,PhTg23mo101OUl=2gSB4kRNJ[j16fUNJZj16fUNJZj16h200000ZSNIci15]VNNbi11_VNNci10^VNNei10l51SPN0\j11bUN0^j1OcUN1VNNRj10WVN1a10WNOYk10eTT11RokN1O0O10OYR6OimI1O10Oim31URL2O00OiLLfVN1Sl1Oc01OO^S22`lM4M00O1000DKmPN5Yi1K\[N0gK1E3Xi1M[[NOgK1G0D0bi13Y6NV6OlI0M3O100WOLfQN3Zn11eQNKYi10S[N6de1KYZN8gj11OO2O1I^j5OQYL0Zn51]nG2N0D0hPN0Wo11<O2Njl1OXSN1O0oVN0Rb11l]N2Rb10l]N0Tb10TYNLg23Ud10P^NNXg10f13N3O0O02NSOKWQN1f03Tn10nQNLTn14lNLTTN4mm1OYQNNam10`RN0hn12SPNMio1500eLKjVN5Wi1KiVN4[g1LXWN0^11[g11cT80ePH0VTNOeg11ZXN0fg10ZUN0k10oi11QUNNQO1nk11QUN0PO0a0Mni12aVN2nN1c0Kni11aVN3nN3a0Jmk14aSN5?Ifk12SSN1`0JB>T1Egk1;cSNC@?U1Cik1;bSNBA?T1Bmk1>^SN2km10SRNO7AWm18aRN67CZm16aRN46E?1bk15lSN24G>2ek11SVN0ml110Nel12[SN1YNKaSN6\l1LdSN5[l1KRRNNb10`l16e1OUVNKmc14S\NMVb10aYN2e0MZ11^d13dYNLd01Z10^d14g710OaTNNQg13oXNMRg10QYNNQg10nX4OakK200[Q6OfnI2N001\PNNj0N[m14lQNMi00[m11QSN1eh1NSZN0XM3dh1Nd[N2\d1Me[N3Xd1Ll[N3Sd1On[N0Rd1OiVN0]40de10fT82]PH2O0XTNLdg15ZXNNeg11ZXN2dg1L^XN5ag1J`XN8ck11O2OO02O0^JD_[N=_d1D`[N=^d1Dc[N;^d1Cd[N2bJ3_o1IdPN7co10cJKmZN6Re1JP[N5Pe1JQ[N5hh1JaSN6^l1LaSN3_l1N`SN2al1M_SN3Xn1OXILd]N4\b1MnVN0?Oc53Pc11b]NO^b10dYNOU10Xe10cYN0V1OQh11o30O11NYYQj0
20131027185354Bh_8,fPcU22mo12O1O1N101O002N1N1O2OO0O1O100N3M2O1O101N1OWQ20knM3M001QOOUQN0b01Yn15fQNMYn13gQNMYn14eQNM\n12dQNN\n12\QNHL7in11YQNJL6kn10YQNKJ4Po10UQN5mn1KSQN5mn1JTQN5ln1LUQN3jn1MWQN2hn10XQNOhn11YQNNgn13XQNNgn14QQNE19mn1e01O00001N2O1O0O101N1O10000000O1OHlPNFTo1:lPNFTo1c04L1DgPN0Yo1NhPN3Vo1MlPN4Ro1KoPN6on1KQQN5on1KQQN5Po1JoPN7Qo1IoPN7Ro1GoPN8]o10000O1NbPNGXo19hPNIWo16iPNKWo14iPNMWo12jPNNVo12jPNMWo12kPNLVo14jPNKWo1591[OJ`QN6_n1KaQN5]n1MeQN0\n1Oj002Nkodd1
20131027185354Bh_9,QTQP3>ao13ePNB40^n1`0]QN@44\n1<kQNISn1O`QNM85<IQm11\RNO876Mml1IiRN4=8KKPm1IhRN3><EIWm1GaSNb0UOG_n1:\QNJdn1i0O01N20O01N11O1N1I52F;N3G;L5DePNKWk^n0
20131027185354Bh_10,YcbY24ko11N3OO^NK[SN5dl1LnQNOY15il1LnQNN[15gl1MmQNO]12gl1OmQNN\13gl10kQNM_13fl12kRNL\O2im12ZSNMgl13ZSNLfl13[SNNdl12\SNNdl13ZSNNfl13XSNNgl13YSNLhl14[SNIfl16b1O100O1000000O11O01O01O010O000010O01O001O0001O0001O2N10OVQNHmm19RRNHom15QRNKom16PRNJPn16PRNJPn17m0O000001O000O2O0O1O2O1O02O000O1O010O010F_PN4go10O0SOJQRN5om1KQRN6nm1JRRN6ln11O010O001O001O00100O01O0000000O100000000O10000O10@LhPNN:6nn1OQQN0Qo1OoPN1Po1OQQN1kn1KmPN391kn13UQNMkn12VQNNjn11WQNN^o101OiPNO_n11`QN0an1O_QN1an1N`QN2Wo1O]oc02aP\O3N0J7O01F_PN4`o1L`PN4`o1KbPN4]o1McPN4do10000001O001O010O1O0010O00nPNG]n19dQNG\n17eQNI[n16fQNJZn15gQNJ[n15h00000O20O0WPNLgo170O1O0010O0]PNK[o17_PNN`o1:O1O1O1O001O001O000000O2O0L4N2O2N1O10102N4MON100OZP61foI0a\UZ1
20131027185354Bh_11,cg^W22lo1201O010O010O0001NXP:3coE4O1N2O10O0OTNFUTN9ik1IWTN7ik1IWTN7ik1IYTN4km1N4Lmjg0OUUXO0fQX31WngL2O1O100001N[Th0NhkWO0TPNOio1130WiU1OiVjN0\T\20YlkN0[ogN2M2mNNWRN3im1MWRN2WOL[n12^RN3WOK\n10_RN3knQ1NQPPO10O100OSki12lTVN1N2O01N1NkRh4OXmWK0WSh30ol[L0jWYo0
20131027185354Bh_12,iV]f22ko15L2N1O2M2O0O1oPNBcn1=^QNE`n1:aQNF`n18aQNI^n17cQNH^n16dQNJ[n16gQNIXn17i0N1OTQNKPn15PRNLnm14PRNKYO1gn14oQNMXO0hn13QRN1nm1OSRN0nm1OTRNNmm13P100O01000O02O000hQNJfl16ZSNJfl16ZSNJgl15b100M4N10XPj0;^oUO0O000YQNGgm15\RNMfm1L]RN4gn1000000O2OihdU1
20131027185354Bh_13,gbYf231Nio17N2N0O0010ON2001N200O101O[PNIao1<aPNJSo16kPNKVo1?1O1O0000000O1001O00101gPN[OSo13QQN;Po1CRQN=Xo101N10000O1O1000O101O2N1O0000O1N2O100O10O100O1000O1O1I^PNNdo107O]PN1bo12M21N2N1O^PP10booN1O01000O1LNYPN3co1L^PN8`o15O100O1O2M4K;F3M200M4OhN[QNU1hn110nN\QNi0mn110N4L000N2O1000000@jPN6Vo1HmPN7To1GmPN9]o100O10001O001N2O0O2O1O1Om[jQ1
20131027185354Bh_14,lV[f24ho1MZPN4ko1MGOePN1do1O20O0WP:0joE001N3N00O00WOMhQN2To1Nno30WPJ0kng00QQZO0M3MMXPN5io1O0NYPNOfo10ZPN0fo10ZPN0fo10YP2OloM10OTP:0ZPD0Vo11<01O0011iinU1
20131027185354Bh_15,eaV\21oo1000_QN2^n11J0\PN1fn1LSRN0VO212bo1M^PNO03do1M\PN1io1OWPN0jo10VPN1fna0OVQ@0`P40SoK0cP<0SPH0koQ10moiN0do70^PJ0ooM1FO[PN0io14ePNLln10fPN23N60Qo10XQN0hn10d00]QN0Wm10hRN2bn1O1OUPN0ln?0PQB001PP:1noEN2001UPN0do107OQP20VP:0UPF0ZPN1XNORRN2on10LOXPN0io1OWPN0jo10VPN0To10_QN0\O0doi00^P@0moI0oo50\oG0eP60;0^oI1eP<OaoC1M0c\SZ1
20131027185354Bh_16,Taef21oo11Um1OPSL3bo1O\PN2do143LhQNL]n1100jKO[TN5do14\PNI^o1<1O1Mok1LWTN1O1O1OO3M1N3OX96^F9H7J4K4hFPO[cNS1`e19K6XI^NTYN5j4_1Pb1\NWYN8c4`1Ub1XNXYN<^4_1Xb1VNbXN0b0;c4e0kJHbg1XOPYN9d4g0kJI1WOQh15T]Nl0jJIXh1WOP]NR1hJHdm1:[RNFYm1WOjRNV2Qm1>gEZMWgNi2jX1XMQgNk2PY1TMofNn2Pc10fKSMc[Nm2[d1VMc[Ni2]d1YMc[Ne2ad1YM_[Nf2bd1YM^[Ng2cd1VM^WN3f3o1VL`NXd1]O\`N9QOh1_LUNXi12YZNi1aLQNYi15WZNi1Zf1RNfYNP2Uj15K11M1000O001O003N0O0100O000O2O0000O2O00O101O1O00aKlMR[NT2od1lMP[NT2]i1100O001O10O000NPMmMVXNT2kg1nMRXNR2ng1oMRXNQ2mg1PNRXNP2og1PNPXNQ2Ph1oMnWNU2mj12N3M5K3YNXMQVNj2ak11O1O1O0RMSMmXNj2Sg1WMPVN0j2n0WMd0ni1`NoUN0m2i0WMg0mi1eNlXNc0XMg0mi1eNlXNc0XMh0li1eN\VNKY12gNg0Hg0ki1_NPVN2=6P12jNa00e0gi1bNSVNN=:l04iN>5c0di1fNSVNL?9g0]1UOfNE>ki1@eVNNf0_1_OZN@c0gi1GdVNLh0^1JlNkh1IdVNLh0^1KlNih1IjVNGM0Oc1b0kNkh1HiVNHM5Ia1g0gNmh1H`WN1kN`1h0eNnj1GZTNb1i0eNak1Z1aTNcN_k1^1_13M12N2iNlQN`0Vn1^OnQN=Vn1BiQN;\l1ZOZUN:XN<_l1ZO[UNU1il1O2M2N2M3N2McNYOgSN<gNFdm1OdSN:gl1EZSN9Xn1N4J\mc11gR\N4K2O0002KflW1Moklk0
20131027223034Lh_1,gdbi23lo11O2N2\PNMMLXo1g0N1O2N1eRNWO]k1j0bTNWO^k1h0bTNYO]k1g0cTNYO]k1g0cTNYO]k1h0cTNXO]k1g0cTNYO]k1f0eTNXO\k1h0dTNWO^k1>kRNEi1L\k1>mRNDSo1;:O01000O0110N1000O100O10O100O010O1RRNCWl1>gSNDYl1<fSNEZl1;eSNFZl1:fSNF[l1:cSNG]l19bSNH^l18aSNI_l18`SNGal19_SNGbl19[SNJdl16\SNJdl17[SNIel17[SNJel15[SNKel16[SNJdl16\SNJel16[SNIel18[SNHel18[SNGfl1:YSNEhl1;XSNEhl1:YSNEgl1<YSNCil1<WSNCjl1<WSNBkl1>VSN@kl1`0Z10100O10O01O010O100O010OoPNG\n19YQNEO5gn17XQN3hn1c0O11N100O1O2N0000O0100000ROQOlRNm0Um1TOjRNm0Um1ROmRNm0Tm1ROlRNn0Un10O00O2O1N100O1N2O2M2N2O1N2O2O1N2N2N1N2NQYYo0
20131027223034Lh_2,VPQV21no14M1N2O000000MaPNMWo13iPNNVo11jPN0Vo10jPN1Uo1NlPN2To1NkPN3Uo1MkPN4`o1000000001O00001O00001O01O00000010O00O2O001O00001O01OO100000O100aPNKSo15mPNNPo12PQN1mn1ORQN3ln1NTQN3kn1MUQN3kn1MUQN4jn1LVQN4jn1LVQN4jn1LUQN6jn1JUQN7kn1ITQN8cn1B^QN6N:cn1A^QN5N;dn1A\QN5O;en1BXQN539en1MZQN4en1NYQN3gn1c000001N10001O1N2O1O1O2N1O1O1O1O001O1O2M20O01N101O01O00001O000O101O00001O0001O0L400O101J5000001O00O100O1O1O100000O10000O10001N100O2O0O2N2N2NRoda1
20131027223034Lh_3,ibce14jo13M3M3M2N3M2N4hPNYOQo1n0K`0@3O2M2O010N2N2OAnQNSOPn1n0RRNfN11nm1X1`001@?01M3M3N2L5M2M4M3NW^^X2
20131027223034Lh_4,adfc07go13O2M2O1N2O00001N100000000O10O10000000001O00011N2O001O1O1G^PN0jo1O001NkPj00`oSO0\o11bPN1\o10cPN2\o1ObPN2^o18O10O1O1O1O010000O1iPNDjn1=TQNEen1NUQN`04Cen1f0XQN[Ofn1g0YQNZOen1g0[QN[Ocn1e0]QNB\n1>dQNCZn1>fQNBZn1>gQNAYn1>hQNBXn1>hQNBXn1>hQNBYn1<iQNBXn1>hQNBXn1>iQN@Xn1`0iQN_OWn1a0jQN[OYn1d0b0000000O101O0O10001O000000000O100000001O0O100O1K5N2O1O101O0O100O2O0O2N1NaQ`10Un_N2bPN5Uo1?N2N2O0O2O0O100O10O01GVO[QNk0dn190O10000O10000O100O100IXQNUOin1i08L4N2N200O2O0O101O010JaPNIao1OfPN1do1001O1O1N101O1N101N101O00001N1000000001O0O10000O2N1O1NdYao2
20131027223034Lh_5,Qaii28do17K3J7UO\ORRNh0mm1]OiQNj0Sn1d0J5MLQRN\Nnm1e1SRNZNlm1g1VRNXNjm1i160PMUNlWNj1Th1WNkWNk1Sh1UNmWNk1Tk11O003DPNaRNQ2\m1;O1O2M201N2O2O1N1000O1O1N2O1O1O1N1O2N1K5M3N2N2O1O001O1O2OPRNaN_m1R2N1O1N2O00001N1000O0010O00001O0000O1000O1N3N101O00O1M2010O1YN\MSVNe2li1]MQVNd2oi1_MnUNb2Rj1^MlUNa1lNQOXk1_OoTN6NX10oNUk1DjTN8OP1:iN\OGgk18cTN;Lm0fl1hN]SN?Hi0ml1iNYSN^11bNhl10USN]16]Njl1Q2d0O2M2O2O0O2UNPRNc1Zn1L2O1N3N0O2O1N2N2N2N2N2M3N2N1N3M3L5L4K5Ibbnn0
20131027223034Lh_6,c_ik04lo11O0O20N10000001IKbPN5do12N1aPNKNMkn19UQNLNMln18RQN00Hnn18QQN7on1;204LjPNZORo1j02N1ZOkPN?Vo1_OlPNa0Zo1O1O001O1O2M2O001O1O1O1O001N1010O001N1O1O13M100O100O001O1N\_PQ3
20131027223034Lh_7,im`a22mo1102N1O1O001N10001N001O1O010O1000N2O010O1000000000O2N1L40001O000O100000N1O2M3O10000O1H\PN4io1N1O2McRa[1
20131027223034Lh_8,gb[h2<bo15M3M1O0100O1O10001N10001N10O010O01O00010O000OhMEmTN;Pk1FRUN9lj1EYUN;bj1FbUN9ii1GoSN4^24ai1HRWN7jh1I[WN4eh1LdUNO\N1]13bj1MfUN0ZN1_10]l11SRNOdo160OUNIoSN7Ql1IQTN4nm101O00QNMP21UR2O]kM0^R20gRN1\MO10O000O0oo10QPN000^m10SUL0oj30`RN00000000000mQ40VlK0jSN1Ul1On10]TN7of1IPYN;Wk13XNBkSN`0Tl1@iSNe0ai1[OQYNi0Pk13L4nKPOfWN0fNR1Wl1nNhSNU1`m12O000oKiNZYNW1df1iN]YNW1gj1OjKjNjYNn0Uf1ROnYNl0Qf1TORZNk0ke1UOYZNi0bj1LkM[OTUNc0Um1O1O1O1O0000XMAPVN>il10VMBRVN=il10ZLCiWN=lk10`LCZTN0i2=oh1HVWN7]f1EU\N;jd1DbUN0^4;Qd1EW^N;fh101O1N3M4Lnh10RWN4aPh0KXbbn0
20131027223034Lh_9,d\i]17go14L3M2J5N21002M2OO1O01N0010L4N3NE<0O1O1N21N11O002CnPNIRo17QQNGon17UQNEmn1:<20L4M3MgdT`2
20131027223034Lh_10,bhZW21oo1000WPN0bo10^PN0[n11cRN0ROO[n12aRN0em11[RNOem12YRNOfm12ZRNNfm13XRNOgm11fQNJ66Tn10eQNL64Un11dQNK74Vn11bQNL73Wn11cQNK64Wn12bQNJ74Wn12SRNOmm11SRNOmm12RRNNom11QRNOom12PRNNPn12PRNNPn13oQNLRn14oQNKPn16PRNJPn16PRNJPn17oQNIQn17PRNGQn19PRNEQn1<i00001O00001O1O001O000000000001^PNF\o1`0O3N1N10O010O1N101GcPNM^o12cPNL^o14dPNI^o166100O10O10O0100O12NO2000O000O1000O001O000O2O001O3LgW_c1
20131110185354Bh_1,[[WV17io12N2hWN6W`1Ie_N>X`1Ah_Nb0W`1]Og_Ng0X`1VOj_Nk0dg1101O00O1O2O1O:E2N2N101O010O00001O001O000000000000000O100O100O1O001O000101O000001O02N1OO2NQHKU`N3l_1OR82N11NVW`00hh_O4L2O10O1O1N4Ldo9NTPF?I5J6L3I7O00O1O1N3L3O1O1N2L310O01MOhI[OZ]Ni0fb1YOVWNMn5j0Si100O10N2ZODeQNa0Zn1c00O2N2N2M4N2N8I7I00O1M3M2M2N2N3G:G9N1O2ZO[NmRNi1Rm1c0O1N2\OaMfSN`2Xl1cMeSNP2LPN^k14PUNMDl14PNQk1a0TUNGB_1e0XNaj1g0WUNa19iM^j1g0ZUN?HZOc0^OYj1j0^UN;5oN5IVOOQk1m0bUN98jNYk1j0fTN9Wl1FmSN7Rl1JPTN5ok1KSTN4lk1NTTN2kk1NWTN1hk1OYTN0hk10ZTNNek11^TNYOkN8hl1>kTN@Vk1?kTNATk1>nTNARk13\UNLcj12`UNN_j11dUNN[j12hUNKYj13l2O1N2Lho[10[PdN3M02L_e\^2
20131110185354Bh_2,WidV34io15M1O100O10000O010O01M2ODJRQN6mn1NPQN1Qo10oPNNRo12nPNLTo14<1O2[PNGXn14gRN<Tm1KfRN7Ym1KeRN7Xm1LeRN8Xm14\RNLdm16YRNKgm17VRNJim1V11O1O1O1O2N3K3K5M2M4N101O000O100O2O0O2O1NPOUOoRNj0Qm1YOeRNJBm0im1\OcRNHAn0km1^OaRNg0_m1ZO_RNg0`m1[O_RNe0am1\O]RN`0IPOQm1OcSNb0A>0nNkl17aSN?A<Um1WOXSNe1fl1\NYSNf1fl1ZNYSN]1F_Nol15YSN]1Rm1dNlRN]1Tm1eNjRN[1Um1iNgRNV1[m1d030O1000O2O1N2M2L4N201O01OO1010O1O01O0I7O2N2N2N3N1N3O0001N2OAcQN\O\n1c0hQNYOYn1f0lQNUOUn1e0`QNZORo1d08L6K:FY[ob0
20131110185354Bh_3,Yl\g24ho19\PNDXo1e0H7N6I3M5L3MVOeQN2Xn1OnQNMom14ZRNEem1;`RND\m1:iRNDVm14VSNNel1O`SN0`l1MUSN0SO2ln17RQNIln19UQNFjn1;VQNEin1<WQNCjn1<WQNCkn1:XQNEhn16c0K31L4O2N2N2oNA\RNc0em1_OWRNc0hm1^OVRNb0lm1^OSRNa0om1_OPRN7^OKen1OlQN<k0@mk14XSN:m0Ffk11\SN:n0Ffk1N]SN<m0G^l16cSNJ]l14eSNKZl15gSNKYl15gSNKXl16hSNIYl17hSNHWl19h1O7I4LdScU1
20131110185354Bh_4,T]ek13ko13M3O1O00K[PN0k1Mlk11[RN1d14Vl1MhSN4Xl1KiSN6Wl1IiSN7Pn1O10001O000000O010O100O001O1O1O10O100000O10O100O100O10O01O100O2N101N10doc0NWP\O8M2O002O0OM3000100O1000ZNHdSN7]l1JbSN6^l1JaSN7_l1IaSN6`l1J`SN6`l1I`SN7Un1O0010O01O10O001O010O01OZOKPQN0>6an1O^QN1cn10\QNOen10[QN0fn10YQN0hn1OWQN3in1LWQN4jn1KUQN7kn1HUQN8Yo1000000001O000001O00010O00VRNHmk18TTNIjk18VTNIhk17YTNJfk15[TNNak12`TNN_k12bTNN]k12dTNN[k13fTNLYk14Y2O110O0100O010000O0100000O100O010O10000O1000000O010000000O1000O0100O1000O0100000O10O100000O100O001O10O000O10001O2N1O1OfcZi1
20131110185354Bh_5,eXWc06go15L6K3M2O2OO9G9G\P41coK2O2M4M00O1O010O1O2O1N1O1O1O1O1O1NUP80hoG5N2O1N10000O100O101OO10001O000O100O10O1O000000000O10O0101M2N2M3N2O00O01M300M21O3M3K6L4FkglW3
20131110185354Bh_6,c[aj06ho13N2O0O100O100O1000O10000O2O001N1O2KPP40SPL2N2M3N2O2M10O1N2O1O001O10O01O1O002M2NRo3OPQL0fPN0cn11]QN6]n1JbQN9Qo110O1O1O1O1000001O01_PNLTo15jPNMUo14jPNLVo15hPNLXo1>O0100O1O100O101O1N2O1O00001O00001O001OQQNGWn19iQNHWn17iQNIXn16i000000O10000@KTQN6MGen15[QN60Ecn1k09O001N1L40L40N1O2O00011OO02H8N2N2O2M[fbn2
20131110185354Bh_7,eWec11mo14N1N4M001O0O2N1O1O2O1N10100O03M6J2N1O00000000000000gPNJin15WQNK[n1OdQN<IF_n1N]QN0<;HG`n1NZQN1>9IH_n12fQN7KG_n11gQN9JF_n10hQN9HH`n1OhQN9HH`n1OhQN:HFSo18;O1000001OO101O1N2N2O001000O01000O2O3L1O1O1O1N3Meg`X2
20131110185354Bh_8,UWUf22no11N3M100O01O01N2O000O1O2N11O010L^PNIbo173O2O0010OO110O01000O010O010O01O01000O1000000O01O0O110O1O1O2NhijV1
20131110185354Bh_9,ZbfS21no12O001N2O0ELjPN5So1NlPN2To1OkPN2So1OlPN2To1OkPN2To1OjPN2Uo1=0000000O010O10O01O01O1O010O001O100O10OLXORQNh0nn1XORQNh0nn141IPQN]OQo1c06O011N1O100O1N2O1O10O10000O10000O2N101N1O101N1O1O100O10000000O1O100N2O00100O100O010O10O01000O10O0100O000O20O001O0001N1001000O10O10000O100O100O100O10O10O100O01000O0100O1000000O101O1O1O1O1N2O1O001N2O0O2O001N1000O10O10GVQN[Okn1c0:O1O10O0100O1O1O1O1O1000000000000000001O00000001O01O00000010O01O001O00010O01O01O010O00001O00001O00001O001N10001O001N2O001O2M2NRRR32lmmL2N2O3M2N1O2N2N1O001O001O010O010000O00100O010O010O00100O001O001O@GYQN9fn1IYQN6gn1KZQN4fn1MYQN2hn1NYQN1gn1OYQN1hn1NXQN2hn1OWQN1bn1F[QN940an1G[QN851hn1MYQN3gn1K[QN5Yo1O1O0O200O001O1O001O2NboQ10^PnN0cN2gRNOYm11fRN0Zm10fRN1Zm1MgRN3dn1N10O11O0OP]mV1
20131110185354Bh_10,[bfS21PP20O010PP20`oM0oPN0`o10QP20XO0_QN0XO000oo10So?0mP^O0ko10[PL0eo1241oPNMSn10SQN0j00Rn11TQN0ho10TQNOPn12o00000O11gPNNbn12]QNNen11[QNOZo10O0RPj00QPXO0ooM001O0000O10SO0m0000cPf00gn[O0e00gPL0Ynk00iQXO0XoM0oo10QPN0O0PP2000PP20PPN0Yog00hPVO0nP40TO0ooK0O0lN0YRN0kn1000O1kNO[RN1jn1Olne10XQhN0TPf00TPTO0`oM0YPH0ko10W_W_1
20131110185354Bh_11,\`ao23ko15G6N2N3L3O1O1O010O001I\ORQNd0ln18K41M4N2JSQNWOnn1j04O100O1O10OO2O10OO101O01OLgPNBin1OdQN?_n1G[QN:fn1JSQN9mn1=0O100FSQN@nn1?VQN]Okn1b0:00O2O1O2M3N1O2M3N1N101N100OQP\13locN2L3L4O0O2O11N01O010O0O1K@kPNa0Uo141O1J7N100O1O2O0N2M4Neo_12XP`N3O0O10000000001O00001O1O1O0O10001O0`PNE2OSo1h0O0010O01O000001O0001O000000001OO01000000000000000001O001O001O0000O01001O001O000001O00000TRNVObl1j0^SNYO^l1h0bSN[O[l1e0eSNZO\l1e0fSNZOZl1f0fSNYO[l1g0lSNROTl1n0_100000000001[QNROVn1o0hQNTOVn1l0hQNWOWn1j0gQNWOYn1i0gQNWOYn1j0fQNVOZn1j0fQNVOZn1k0dQNVO\n1j0eQNUO[n1k0fQNUOYn1k0hQNmNK7[n1k0mQNVORn1i0oQNWOQn1g0oQN\OTn1>mQNCVn1MdQNN56Xn1JfQNM29[n1FSRN;nm1DRRN;om1DRRN8Po1GSa`b0
20131110185354Bh_12,aQki29_o1=E;G6L9I5I5URNZNVm1i1]RNVN40N2[m1o1cRNnM60Xm1d0bRNl0em1QO\SN4al1LbSN2]l1MPTNJmk13YTNJgk15]TNFek1;f1B]QN0en11c01D0hPN1Po1=lPNARo1e021I70OaRNSOmk1j0RTNZOok1a0UTN^Onk1>TTNBPl10ZTN0ln72lnI0`mPT1
20131110185354Bh_13,e`iT22mo1101O6J01KbP4L_nK0\RN3cm1N[RN4dm1MYRN5gm1LVRN6jm1JQRN;om1EoQN=Qn1DmQN=Tn1BkQN?Un1CiQN=Xn1CgQN=Yn1@ZQNO<a0on1O1000000O101N2N10001O0O0101N100000O10O1000O1O100O100O10O0102N4K^PV1OcoiN1l^df1
20131217192134Ch_1,Qjn_21oo12N3N0000O00^P6MdoI4M5K3M3N3M3M1iPN\Oon1k000O10O2O2N2N1O0O2N001N101O2O2N1O1O1N3N10cPNKmn1e01N2N15J100O011OO1N2OC[O^QNd0bn1]O_QNa0bn1_O_QN?bn1A_QN>So1ObN@[SN?fl1A[SN>fl1A[SN>cl1D]SN<bl1F]SN:cl1E^SN:Vn1OO01O1O1O1O010O1O2N2NZQ`0Mhn_O1So51lPJ1O1O001000O010O101NikQ12UTnN2N1O1002K^4OdK2O1N100O2N1O10000O10000O100O1O001O1O1O001OM301O1O2N3M2N2Kmk?2UT@100O20N1M\VkU1
20131217192134Ch_2,l][S32ko13L4L201O2OO1001M2N3N101O1O3N2N3iMZOnTNi0_j1;nTNEoj1d0kTN[OSk1l0jTNROUk1P1VUNbNjj1b1g110_O[RNgNfm1d0YRN@Xn1?d010N1010kRNDfj1>WUNFgj1;YUNFdj1<]UNAdj11eSNGi10fj18gSNDan1;a01N2O0hQN_OSm1a0oRN@kl1a0ZSN]Odl1b0^1O001N2M5GPPd00WP\O1O2O0O011N0001NYTNMdg12^XNNcg11W4ObgXh0
20131217192134Ch_3,Vc`d24ko12N1O2O1O1O1OOYOFjQN7Xn1JhQN5Xn1Ml01O2N2O001O0O1O2OO01O1O0010O1O101O0O101N10000O1000dRNKmj15SUNMkj13UUNNjj12UUN0kj1OUUN2jj1OUUN2jj1NVUN3ij1MXUN2hj1OZUNNgj12ZUNKgj15YUNKhj15YUNHhj19_2001mPNKYn15hQNKWn16hQNKWn15kQNIUn18lQNFTn1;lQNCTn1?g0O01O1O010O01O00001N1000001N1001O00001O001O1O1O001O10000O0010O010O10O001O1O10O01O00000YRN[OSl1e0lSN]OSl1c0lSN_OSl1a0lSNASl1?mSNBSl1=nSNCRl1<PTNBPl1?oSNAQl1?oSN@Rl1`0oSN^O^NOam1d0QTN\O^N0`m1f0g11N1O2O001O0000000000O1M4M200O110OSQN_O[n1b0dQN_O[n1c0bQN_O^n1b0`QN^O`n1d0]QN^Ocn1o04M0O1O1O1O2N2N1N2N2N1O2O00010O01O000O110O00001O001O001O2N3M100O1000O100O010O3OO0O2O001N1000O3L200\OmPN9Vo1@QQN<\o1N1N3L2O2N101O0Og[co0
20131217192134Ch_4,`lhS25on1NjQN4Tn1LmQN5Qo1N`NLiSNk0ej1[OXUNi0dj1[OWUNg0jj1ZOQUNj0oj1XOlTNi0Vk1VOhTNl0[k1QOdTNn0ak1mN`TNo0Ym11M2mNWOlRNm0Rm1\OeRNh0Zm1m0201O2N3YNaRNi0am1ROiRNH_OL4O56om5JhQJ023aSgj1
20131217192134Ch_5,^eVa22io16N2O1N2O1N101O1O0O100O2L3000O2O0OZQNClm1:VRNGjm17WRNIim17XRNIhm16XRNJhm15YRNKhm14XRNLhm14XRNMdm1HeQN:g0Nhm12XRNNhm12XRNNim11WRNOim11]RNIcm18R101O0001O000000O10001O00010O01RQNJPn16PRNKPn13PRNNPn12PRNNPn12PRNNPn11QRNOom11RRNNnm11SRNOmm11SRNNnm12P10000O01O2N1000000000J[PN1do1N_PN2`o1NaPNO`o1360O10000O1mP6LWoI002M102N1O1O101N0100O1001O0O10000O10001O00000EDQQN<nn1FRQN8nn1IRQN8mn1HSQN:kn1DYQN9gn1GZQN9Wo100O1O1O1NUYiW1
20131217192134Ch_6,\bb]14lo11O0O2O001O1O9H0O100O001O01O0010O001O1O1O1O001O00000001O001N2O001O0O10010O01O1O001N101O0O101O1O001N3N1O0000010O000001N100O2OPTNVOkh1h0VWNXOkh1g0Y3N1O1O001O01O001O010O001O10O2O1N1O0100O001O101N1O1O2O0O2N101N100O101O001N011O0O3N2N01O00O01O01O0001N100O1O2N3M3N1N2N1O2N1L4O1O1O100N2O1000001O010N2O1NiPf0L[oYO200O0001OlPf0OSoYO3N2O001O001O1O1O2O1O0O2O0000000O01O01O01O00001O001O001O0O101O00010O1O001O001O1L^PNNeo14N1O101N010O1000O100O1O010O001O0O2O00kK1S44L1N3M6K102N001O01EgPNMZo11hPNNfo1O2MaT`10Yl]NO_n11aQNO_n12`QNNan11g001O10O1O1O1O1O001O01O010O000O1000000O1000000O101O00_m]10aRbN00001OORo10n\om1
20131217192134Ch_7,^bn^11g00`n10h00iPN0]n11cQNO]n11cQNO^n10bQN0_n10`QN0Wo30TPd00TPL0io]O000oo;0^oc00dPPO1eP2O\P^10on_N0PP20ooM0dm=0[RB3N1O01O00001000O010iQNM`l12g10ZQNNUO1lm10oRNOhn10QP40ZPJ0eo30PPN0j[gY2
20131217192134Ch_8,mc\X22mo12N1O5L2N2kPNDbn1>?01O00kPNBin1=WQNDhn1=WQNCin1<?O010O001O1O00000000010O1O10O011_PNGXo18iPNHVo18jPNHWo179O1O1001O002^OHXQN9gn1HYQN7gn1JXQN7hn1HXQN8hn1IWQN9gn1GYQN:Vo11O1O10O1O00_OBaQN=^n1EaQN:`n1F`QN:`n1G`QN7Vo1O0O2O2N2O0O^[kc1
20131217192134Ch_9,haXm01no13M5L1N1O2O1N101OO010O000100O100O010000O10O0010000O10O0000100O100O2O002N00000O1000001O0O101N2O1O2N2N10O0O1O101O0UPNMio17N3N0O1O10OO1000O1O0O2O1O2N1N3O[^Un2
20131217192134Ch_10,hUkS23lo13O1[PNJ\o17cPNK\o14dPNM\o12cPN4Yo1KhPN6Wo1JkPN3Uo1MmPN2Ro1NPQN0Po11QQNNnn13SQNJnn16>10O10O1O010O100O1O3M1O1GBoPN?nn1DPQN=on1EPQN:Po1GoPN9Po1HQQN7nn1JSQN5on1JRQN4on1JTQN4mn1IXQN3PiRj1
20131217192134Ch_11,[a`_23mo12M100000000O10000000000O101O000O101O0O1000000O2O0O010000O2M2N2O101O1NRQX3OongL01O001OPP40QPL0O0PP20ooa00[P@0goK0PP80QPL0goM0bPN0]O09000[PN0Zo10;0\PN0Xo10<0]PN051^n1OaQn00_oQO0UP`00moA0RP:0\oa00`PXO0gPb00WoWO11O00RP20joi00mPRO0Wo10bPd10nnQO1ZQXOOVo30hoM0`PN1go1001010O0O1Od[ao0
20131217192134Ch_12,mnTh13ko12O1000O3MiS\1ORjcN3ZTN0ck12[TNOek12YTNNhk13WTNMik13XTNLhk14XTNKik15XTNJhk15T2M\P60doI2iPNM_n13`QN3\n1LcQN6\n1IeQN6\n1JdQN6]n1HeQN6To1N\Pd0Neo[O3N010O0O101O000O1010O0100O1O1O1O1aNDXSN?fl1BYSNa0el1_OZSNc0Tl1^OPSN0j0b0Ul1BQSNKh0d0Wl1BPSNJg0f0Xl1BPSNHe0h0\l1@oRNGd0j0]l1AoSN?Ql1AoSN>Rl1BPTN<Pl1DRTN8ok1JSTN2nk1NRTN1ok10QTNNQl12oSNLRl17kSNIVl17jSNGYl18hSNFYl19jSNCXl1<iSNAZl1>e1000O10O1O1O0O101M_PSQ2
20131230192154Bh_1,W`af12lo19I1O000000000O100O10O0N010101O1O001O10O100O1GcPNO\o11gPNLZo14:N2NJO62O01O10N2@0kPN4So11iPN1Vo1=N101N00O2O010OO1fN[O[SNf0gl1[OVSNe0ll1ZOSSNf0ml1ZOTSNe0nl1YOSSNe0Un1O010OoQNCal1=]SNFbl18_SNIal16_SNJbl15^SNKbl15]SNLdl14\SNKdl16[SNKdl16\SNIel17[SNHel19ZSNHfl17\SNHcl17aSNG_l12iSNMVl13kSNMTl14mSNKSl14l101O000000O011M2L4N2N2L5N1000000K501N2N2O00IZQNVOi1Omj1j0]UNTOej1i0Z2O3L4M2M2N2O1O000M4No0KWO0^blR2
20131230192154Bh_2,cXmm22ko18J5K2N2L3M4M1010GoPN@So1`0500N4N101OF<K4L5M2O2N2M2L4NM2M4K62O00O2O0O2M2O001N2L4000O2N4K2N2N010O03L4G:M2N2K4N3N4LXifn0
20131230192154Bh_3,]Tmb1?\o17M4K4N1N2NXOZQN8fn1F^QN8Yn1D`QN3=6Rn1H^QN3g0Okm17YRNJbm16`RNI^m17eRNHZm18hRNFXm19X1000N101001N2O1N2O0O2N10001O1O000000O100000O2NRP>0QP@0lo13O0000O2NRQP14inoN3M200O1O1003L1L6MRkXX2
20131230192154Bh_4,VkdQ12lo15L1O2N10000O100O1O100O1O001OLcPNF^o1833N10100O10O1O1O10O010O10O1000001O00000O101O001O001O1O001O100O01O0010O01O010O001O04MO10O01O0001O01O0010O01O1O1O00000[PNO[o11ePNO[o1;0000000O1O2M2O1G^PN4co1J_PN4go10010N10001N2NiPN1Wo12N2N1O3M2O1N2O001O1N100021M0000O00103MO010O10000001O001O1O23MOO01N010N10O10O10O1O2L3O2O1O1O1O1O1O1O4KbR[e2
20131230192154Bh_5,]RgU12ko14M5I5O1N100O100K4O2N3N100O00CWQNEhn1;>0O2N100O1O10010O0100N2O2N2N1O100O10O100O01O10O000O1N3O100KAhPN`0P1_OTm12lQN?o0ASm1e0kRN]OUm1c0jRN_OTm1b0kRN^OVm1a0kRN_OUm1a0kRN^OVm1b0kRN]OVm15mQN0n0HXm11kQN016Vo1JPQN6Po1IQQN7[o1100O1O100O100O0010O1O10O0100O10OO1O2O10O2O00002N0000O10000O102N0O2O1O001O1OmnXd2
20131230192154Bh_6,]\Sg03lo14M000001O_PN0Ro10lPN5Qo1MkPN7To1;O1N3N1N3N1O000107H3NO010O1O102N001O6J10O2M3M3NO001O2M2O2N1O2M200O2N2N1O000001M2ZO^QNHhn16b0M3N2O11O001O010O0oSNIZh16RWNGXM?ek1JQWNc0mh1]ORWNf0mh1WOUWNk0jh1oN[WNW1`h1gNaWNZ1ck1O1O1NXMlNTTNM`2U1]i1QOfVN0bM=ik1AVWN>lh1_OUWNa0Vl1O001003OM5L2M2MZMKcUN5\j1NbUN2\j11cUNO\j14]TN2nNJN2cl15^TNS1_k1oNSTN^1mk1cNSTN\1nk1cNSTN\1mk1cNVTNZ1lk1eNVTNX1kk1gNXTNV1jk1cN^TN[1dk1bN`TN[1Um1M7H7J5K4L4K:Dk^dR3
20131230192154Bh_7,iVoe11oo10O10001O1O1O0O1000O01JL`PN4_o1N_PN3ao15010O00NEaPN;]o1501O1O0000IePNI[o16fPNJZo16gPNHZo17gPNIZo15900000000000000000000O1000O10001O0O0\PNHbo174000O010000O10O10O100O10O10O10O100O1O00100O10O1000O010000O100000O0100000O0100O01O0100O0100O01000O001O1O0QQNIWn16jQNKTn16lQNLQn14PRNLPn13QRNMnm14SRNIgm1OdQN8Zo1IePN7\o1HcPN7`0H[n12TQN5ao1K_PN4bo1L^PN3co1M]PN3co1M]PN3co1M]PN37KRo19;K[PNNfo12ZPNNfo11\PNNdo12\PNNdo12\PNMeo135O000O2O00djTR2
20131230192154Bh_8,nWo]21oo1001O002N1O1NNYPNMgo125NgP47RoK2O001OO100000ON3O1001O000000000\OJ^QN6an1K_QN4bn1L^QN4cn1K\QN5en1K[QN5en1K[QN4fn1K[QN5en1K[QN5ln1LlPN3Uo1LlPN4Wo1LfPN3Zo1OePN1[o1NePN2Yo10hPN0Xo1OhPN2Xo1NgPN2Zo1MfPN3co11O0O101O001O1O001O10O001L5M3N011NngR^1
20131230192154Bh_9,Q]Pl11no11_o;0XPD0aPN3\o11aPN1]o1OcPN2[o1:00O10000O100O01000O10O0010O100O0100O00100000O10O100000000O1O101M2O2K400O2O001N1OjPX1OXogN10O02N1O0010O1OTOMlQN1Tn11lQNMUn14k0LWPN2ho1NXPN2lo1O000000_PNOTo10lPN1ao1010O0PPR10PPnN2M2O001N100bPNKQo15nPNLRo15jPNNVo13gPNOYo1<0000001L3N3N2O000O10O100000L]PNLbo13`PNL`o1460001O0O100000001O000000000000O101O001O000000001O1O001O000000000000000001O0O101O00001N1O1N\c_h1
20131230192154Bh_10,ekZV11oo11O000^Pn0OcoQO0000010^Rf00`mYO2O010O1OOhn1NiQ:0doE0no10PPL000^PN2Qo1N[QN3gn1OgPN3Yo1MbPN9]o14105K1N11O0aPNGM4Qo16nPN4Po1?00O10TOPQNg0Vo1O5K0000O2O10OQO_O`RN?^m1F`RN9`m1EbRN;\m1FfRN:Xm1FjRN9Vm1EnRN8Um1BnRN=[n10O10001O001000O6J2N2N1OVPcc2
20131230192154Bh_11,WeP\23lo1101N101N2N2O0011O000O10O010kPNI_n18_QNJan16]QNLbn14^QNKdn14]QNJdn17b0010O001O010O1O000000000000O1N3N2JXPN1cPf00hoYOOSo12lPNNSo15kPNKTo17:001O1O1O1O1O01O0010O01OO100000O10013L01O1O001O001O001O00OZODjQN;Wn1EjQN:Vn1FjQN<Tn1DmQN<Rn1FlQN;Tn1EkQN;Tn1EmQN:Tn1FlQN:Tn1GlQN8Tn1HlQN8Sn1HnQN9Rn1EPRN:YOF^o1>0O102N0O2M8JVYi]1
20131230192154Bh_12,iTUV25[o14jPNLWo1?00YRNBlk1>fSNFmNN[m1<WSN@Cf0Vm1IWSNC_Og0Zm1ZOhRNN>S1jl1oNjRNK=V1jl1nNaSNP1cl1mN]SNm0kl1QOVSNk0Rn1F<K3MI4\OCaQN2O=cn1BXQN629gn1BWQN50:Po192O1O1O1NVRNBWl1=gSNBTONcl1?ZTNATO2bl17_TNGnN4bl11ZUN0dj10]UNOcj11]UNNdj11^UNNbj1NQSNM_23Yj3MlSL5[n1LbQN7]n1IcQN6Xo1Knj`g1
20140118180214Mh_1,Rf`a23ho1;oPNF]ON[n1?lQNDK7Un19lQNDM3Vn1>iQN0Un1n0N3N12NaRNfNYl1Z1eSNgN\l1X1cSNiN`l1U1_SNkNbl1AlRNa1>POfl1^OTSN\15WOSm1G`RNd0<EUm1EaRNf09FWm1AbRNh07G\m1[O^RNn06Hcm17aRNE_m1ORRNIb05\m1MYRNL=6\l1CkSN7BHC1h0;Yl1EjSN5`06Xn101O1O0O100O1O001O010O1O1NVWW\1
20140118180214Mh_2,kXY_11no11D0gPN1Yo10ePN1Zo11ePNOWo15hPNKWo18hPNHWo1:hPNFWo1;iPNEVo1<jPNDVo1=iPNCVo1>kPNAUo1`0iPNBVo1d0O1000000010N10001O0O2N101N1O1O01O0O2N1O2O0K[OoPNf0jn1<M200O2O01O002O1N1O2O0O2N1O2N4M5K1N2O1N101O0001O00001O00000001N10001N1M4M2O4LShP\2
20140118180214Mh_3,`abm21no11L5N1O1O100O1001O0O101NJKcPN5\o1McPN3]o1OaPN1_o1800000001O0001O0010O0001O00001O0000001O01O000000O100M4O000O10O101N2O1O1N1100O010O010O2N1O001N101M3Le^Yn0
20140118180214Mh_4,UodS14go17L3N100O200O00101N100VQN]OC1[n1b0QRNFFGQn1b0XRNICIUn1>VRNKCGXn1?TRN1lm1OTRN0mm11RRNNPn10QRN0Pn1NQRN1om10QRNOQn1OQRNOQn1OoQN0Sn1OnQN0Sn10mQNNUn11lQNNTn12lQNOTn10lQN1AJXn15XRN;hm1DXRN=im1@YRNa0em1^O\RNb0dm1]O]RNc0dm1\O\RNe0cm1ZO^RNg0am1YO_RNg0bm1YO]RNh0bm1YO]RNg0cm1YO]RNg0cm1XO_RNg0bm1XO^RNh0bm1WOoQN08f0Tn1[OQRNO_O9`n1H]RN2`mdi2
20140118180214Mh_5,\\_S36ho15L2N2N1O100O01000000O10000O_MD`UN<_j1F`UN:_j1I_UN7aj1J^UN6cj1I]UN7cj1H_UN6cj1H_UN7Vm1N2N2Nfoa0M]P^O100001MSoi03kPVO3M3M2N2N1N3O1N10000000O010O01O1O1N2O1N2O001O0N2O1I6001O101O001O001O1N2E;M3N3N2N2M5JljY32RWdLOWl14eSNOYl11gSNOXl12iSNMWl13jSNJXl16fZNMY^13^aN7a^1JZaN;d^1FYaN=g^1DUaN?k^1BSaN?m^1ARaN`0n^1AQaN?P_1@o`Na0Q_1_Oo`Na0R_1]Oo`Nc0R_1[On`Ne0T_1YOm`Ng0T_1WOm`Ni0Ug10O1000O10001N100O100O1O2O0O1O1O1O1O1O1O1N2M3NTcd`0
20140118180214Mh_6,fSgn29eo17J3N000O100O1[LD[TNH\23[Nb0nj1IbVNI\N>Rk1KaVNJYN;Vk1M_VNKXN7Yk10^VNL[NOWk16_VNI^NBA1gk1e0ZVNGaj19XUNMij13oTN5Pk1LWTND^O3NHXl1e0STNMAFml1>]SNh0al1WO_SNj0`l1VOaSNi0_l1fNSSN4>g0BVOnl1OSSN4<f0EUOml11QSN5>d0IQOhl15SSN>69Um1YOfRN>93Tm1^ObRN`0;MYm1@]RNb0=E^m1GURNb0mn1]OSQNc0Uo12N0O1O01OO3M2OUOTQNc0Vo1N3L4M4E[PN2^odn0
20140118180214Mh_7,SXci04ho17M3N3L2N4lPND<HYm1Y1eRNhN_m1[1YRNeNhm1[1WRNeNkm1[1TRNeNom1OjQNT16nNZn1P1aQNQObn1U12O3K4L6J4J:H7JWfTU3
20140118180214Mh_8,b\_S32XSf00el[O2O000O101O00O10001N2Odn]3OdQ`L:Vo1;L3M3M3N2N2N1000001O01O001N3N4L1N3M101N1CgPN3Yo1KjPN4Uo1MkPN2Wo1LjPN3Xo1LhPN3Yo1MgPN3Vo1OkPN1To10lPN0To11lPNNTo12mPNLTo15lPNJUo15;01O001N2O1NToU21cPjM40L6O2Omok10UPTN1O1O5K00001O01O00001N1O0O11O1O11O001O010N2Nic\?
20140309170314Mh_1,^S]X23mo14L3L2M4L3O1O100O2N0010O2O2[OfPN?_o1N10O0010O101N4EdPb05\o]O5L2O2N1O1O2O2N00O01003M0O2O2M30N33K00O1N102N1O00010OO10O105J2O000USN]OXj1c0fUN_OYj1b0eUN@[j1`0bUNB_j1>_UNBdj1>VUNFoj16oTNJSk17jTNIYk15fTNLZk15cTNM^k13aTNLak14XTNAcN9Xm14UTNCdN7Zm15QTNCeN8^m14PTNMSl12iSN1Xl1OfSN1]l1NaSN3_l1N_SN2bl11YSN1gl11hRN^OJb0`m10cRNED=km10^RN9em1IXRN7im1n03N2O001O1N2N2H9M3M4K6K5K2N1K6M3L4Nlhl`1
20140309170314Mh_2,RRah04io1h0[O6K2L40O0N5L1O4K4K3FePNIS6MXc14jWN2c30le13QZNMme19RZNFke1`0oYNBne1c0QZN]Ooe1h0mYNYOde11]VN=n3Cbe1ObVN>m3E_e1L`VNHHj0Y4C`e1I_VNh0P4@`e1H`VNo0i3YOYf1j0bYNWO]f1l0_YNTOdf1l0ZYNSOjf1l0SYNTOZg1a0dXN_Obg1<\XNEgg1;^WN^OnM2hj1>WWNDQNKlj1>PWNKli12RVNOSj1KSTNFk0k0Yk1YOhSN3j0c0fk1TO\SN>o0<Rl1ElSN:Ul1HjSN7Vl1JjSN4Vl1NQSNA5a0jl1JSSNK18ll1KoRNCFb0;NPm1JVSN<IFSm1MVSN=HBUm10TSN?F_OXm13oRN?LXOYm1;gRN>km1BTRN?mm1]OURNd0dn102N8H3K5HUiRT3
20140309170314Mh_3,]][R33lo12N100N2N3G8000O01000O101O001O0003N0O001N1O1O0000010000O0100O1N2O100O2O0O1N2O2N1O100000O10001O2M1O2O0010OO1^OlPN6Vo1JkPN4kn1E\QN6J5jn1E]QN1M9gn1E^QN0L:]o1O10M2N201M20N30O0O12N10O1000O1O1O100OKFfPN9ao1O1O1O2N1N_c\h0
20140309170314Mh_4,\oXW33lo11M5N0O10001N010000000O2O000O101N100O1O1O10O10O100L40O100O101N102N1O010O000010O02NjPNCjn1<UQNFkn19RQNJon15PQNLPo14oPNMQo14mPNMSo14kPNMVo1>003M1N2O001N2O010O000001O001O00000000O10000M3001O000000010O00010O0000010O1O1O010O00001O000JBjPN>Vo1BjPN>Wo1AiPN?Wo1AiPN?Vo1BjPN>Vo161O0000H[OTQNf0ln1ZOTQNf0ln1ZOTQNf0ln1ZOSQNg0mn1YOSQNg0mn1YOUQNd0ln1\OTQNd0To100O101O0000003M0O100000O01000O0100H`PN0ao1MbPN2_o1L;0^Pa`0
20140309170314Mh_5,Zn`V32no11O000O2O000000001OO1O1000VQNMhm12S1OnPNO^o10F0E0f00E0D0hPN0Xo10hPN0Xo10hPN0Wo50kPL0Ro30_PL000cP20knM0VQN0]o10oo30ZoK0hP40cPJ0\o10]O1UQNOmn10RQN0`o70\PL2fnMNgQN0XO1ho11ZPNNlo11UOOeQN1Uo1O10D1gPNOeo10oo3000QPL0ao10_PN000`PN0Po10`00aPN0nn10a00bPN0ln10TQN0^o10oo10QPN0mo12QPNNXPN0jo10ko50WP60`oC0_P60`PL0in11bPL111kPNM]n14bQNL\n16dQNJ[n11PQN22MN0`00`n11RQN0fo10ZPN1eo1O[PN1eo1O[PN1fo1NZPN1go1OYPN1go10XPN0ho10WPN0jo1302jPNJ^n16e011IXPN4jo10100LVPN0oo51noKO`PN0Po10PQN0Po10?10OaPN0nn12?1O0dPNMmn13`0001XPNLbo10[PN31M51Yo12bPNMgo160001O0O2O1O0001O0O2JZPNOgo12XPNNio133L`Pe?
20140309170314Mh_6,_ejQ24lo14L2M3M01001O3M5LO002O04K3NO6J0O2O1O2N1K_PNHeYml1
20140309170314Mh_7,lS_i12mo11O1O100N2N10O02O1O011M1O100O0O210MOdPNC\o1<4N001100O200NO200O101O0N20001N2O]Q2LhnM1O01NSlnS2
20140309170314Mh_8,Y]ea14lo11N1O1O101N1O100O10000000O1000000000O1000O0100O010N101LDcPN<]o13001O1M3O10000O100OCHTQN8hn1LXQN2in10WQNMkn13UQNLkn17RQNImn19SQNFnn1;QQNEon1<PQNDon1>nPNCSo1?jPNBVo1d000O101O0000000000000010O00000000000000O02O00001O1N4L2J6N1M5M2Nkne20TQZM3N1O2N2O002N1N2O001O00O100LaPNF`o19310O100O1O100O100000000001O001O1O001O001O001O3M2N1O1O0000000001O00001O0O1O2O000O10001O0000O1000O0100O100UQNCSn1<nQNEPn1<oQNEQn1;oQNEQn1;oQNDRn1;oQNEQn1;oQNDRn1=mQNBSn1?g00O2O1O0O2O00001N1O1O100O100000O10000O2O006J001O1N10001O0O1000O1000000O1000000O10O1000000O1000000O2O0O0100000O10000O10000O1O1O1O100O2Nlo10TPN101N100O100N2O1O10000O100000000000O101O1N\Qd0Jkn[O001O00001O01NRdRk1
20140309170314Mh_9,\n`U31lo14M4L3M3_PNB]o1a0O1O00010000JfPNFZo1:fPNE[o1;fPNDZo1<500N3O00001N10000000]PNI^o1660\PNJ_o15`PNL`o14`PNLbo10`PNOcP20To90?0ToG0oPN0@0000000\O0XQN0im32aQN1mPNMI0jm13^11kPNL^n14h0O`QNMUm10YR60WoK0_PN0oo70VoK0VPL0bPn00coSO0\oM0VQN0jn10UQN1]o1000O2O01Noo=OUPJ0PPL0Uo53ePFNoPNOXn11l00OO^PN0Zo10cPN0^o12SQNNZn12j000000001O0OPP80kPF0\n10dQN0]n10j00QPN0PP20lo?0QP@01000\PN0Xo10gPN0Zo10]PN0<0Ro12>00000000O101O001090]O0]PN1O0io1OWPN1ko11LNXPN3lo1N]Pc?
20140309170314Mh_10,`[Wg22mo11N2O2O1N2N101N1O0100O1O1O1000O2O0000004M0O10O01N12N001O000O2N10000O1O1L5M2OddZV1
20140309170314Mh_11,iVQ^31no13N001N100CLnPN3So1MnPN1So1NoPN1ao1Omoa00RP^O2O00001N100O100000O101O00000001N101O0O3N1O00001O0000010O010O0000001O0O100000O101O000000O0010O1OEIoPN5So1LmPN2To1OlPNMXo12>Mei\=
20140309170314Mh_12,]]ea11PP60ooK0G0cPN0fo1000C1iPNOWo10jPN0Uo11kPNOUo11kPNOVo10jPN0Vo10iPN0Xo10hPN0do;0ooE4M0CLnPN1EOjo10G0XP22noM1ZPNMfo134OePNNin13VQNMin15`01001O`P4KhnM0hQL1Xn1Om00iPN0]n10cQN0Vo10WO0dQN1Zn10k0OfPN0@0Qo10^QN0B0Po10dQN0\n10dQN0Vo1010O0To10lPN00000lPN1So12OOTONjQN2Vn1NjQN1So10To3OmPL0O10OmPN0Wn12hQNNXn12hQNOXn10hQNOYn12fQNN]n10aQN1Vo1OZcbY2
20140309170314Mh_13,eWQV33lo1101^OLgPN0<5mn1MQQN5on1KQQN6^m1IeSN0mN7_m1JPTN6Pl1JPTN6Pl1IQTN7ok1IQTN7nk1JRTN5ok1JQTN7nk1JRTN6lm1O10O10OlNIaRN7]m1LbRN4^m1LaRN5^m1LbRN4^m1MaRN3_m1LbRN4]m1McRN3]m1McRN3[m1NfRN2Zm1NfRN2Ym1OgRN1Ym1OgRN1Zm1MhRN2Xm1NhRN2Xm1NiRN1Xm1LjRN4Vm1KlRN4Um1LkRN2Vm1NkRNOWm10]10XQj03enUO1N5XPNHbn11XRN:gm1HXRN9gm1HXRN8hm1JVRN6jm1JVRN7im1KURN5^m1CWRN9;3]m1EXRN8;3\m1GXRN6=3Zm1GYRN6>2Ym1IXRN5?3Xm1HYRN5`03Vm1H[RN4a03Tm1H[RN5b02Sm1IZRN6e0OQm1KZRN5g00`l1GnRN3J7h0O_l1H[SN97N^l1IZSN99N]l1IZSN99O[l1I\SN7;OYl1J\SN7;OYl1J\SN7;OZl1MWSN4<HPO7]m1NVSN3=HPO6^m1OUSN3=1^l1MUSN1=1_l1NUSN1;IRO4`m11RSN2<IRO2bm13PSN2<ISOOdm15mRN2\n1KeQN5To1O000O1O1O10000O10001NbPl01^oSO0001Ohoi20XPVM0QP2000PPh10noUN0Vib=
20140309170314Mh_14,_ehQ24ko1MYPN0eo11_PNO^o10dPN0Xo11<O_PN0So11>0`PNOQo11RQNOln10c00ePN0dn10\QN0fn10YQN4cn1LaQN0`n52ePLOjPNOen10VQN0kn10TQN0mn11b0OZPN0H0cYml1
20140322200714Mh_1,`XkP32mo12N2N2O001N2O001O00001O0000001O00O100000O01000O100TODTRN<lm1DTRN<gn11O010O1O1O1N2O1O1O010O1O1000000000O10001O2N1N101O00001O000O100O1000000O1000O1O10O01O1O010O001O1O010O1O01000O01O001N100000O100O1000O10000000O1O2O0N200010O001O0O2NI_ORQNa0nn1APQN?on1CPQN>on19010000O010O01L3O100O01O1O1O1O1000O10010O01O10OO1O10O2O100O10000O101O1O001O100O001O0000000001O000000O1000000O1O1O1O100O1O1O100O10O0100O01O1000O01000000000O10000000000000O100000000O100000001O0000O100000000O101O000O100000000000000001O0000000000000000000O10O1000O10O1000O11N100O1O1O2N2O2MYjV?
20140322200714Mh_2,cRmn14ko11O1O0N210O10OgQNNel13ZSN0dl1OXSN6hl1IXSN9hl1EYSN;hl1DXSN<hl1CZSN<cl1G]SN9`l1IbSN6]l1KcSN6\l1JeSN5[l1LdSN4\l1LfSN2Yl1OiSNMYl13j101O000O1000O110O10O100000ZVNGWJ0Si19a\N6_c1J\\N;dc1EZ\N<gc1DX\N;jc1EU\N:mc1FR\N:oc1EP\N;Sd1Dk[N=Vd1Ch[N=Zd1Ca[N`0bd1_O[[Nb0gd1^OV[Nb0ld1_OR[N`0Qe1_OnZNa0Ue1^OjZNa0Xe1_OfZNa0\e1_OcZN?_e1B_ZN=de1DZZN;ge1GWZN8ke1HUZN6le1KSZN4oe1KQZN5oe1LoYN6Pf1JPZN6Pf1JoYN7Qf1JlYN8Tf1IjYN7Wf1IhYN7Zf1IZYNEXLc0`j1G\YN;gf1FWYN9kf1GUYN8mf1GVXNMVMIG05`0kj1ISXNOPM134lj1KPXN`0UM[OI1Tk14mWN1TM01OPk10jWNJ_M6GKUk15\XNK`L1Sk14lXNKSg15[WNKjNMmi16YWNOWj11gUNO[j11cUNN`j13_UNJdj16d20O010000ObQN5hl1KVSN5ll1KRSN3Qm1OlRN1Vm1OhRN0[m11bRNO_m13]RNNfm15SRNLom15jQNNZn14\QN1ln1^OUQNg0To1F;GXlnj1
20140322200714Mh_3,SeXV13lo13N1O1O1O10O002N1O001O0O1MRo51SQH0ho15O1O010O01N11M201O0100O000001O10O10O10O1O1000O0100000O1000O100N2O1O10001OO100001O0000010O001O010O101N00[Pf00eoYO0O11ORPj01moUO0O2O000O10000O1O10000000000000010O00001O01O01O00100O001O0010O00100O00100O100000O10O0001O0100O10000010O001O001dNHlRN9Sm1IlRN7Sm1JnRN4Rm1LoRN3Rm1KPSN4Pm1LPSN4Qm1JRSN4^n1N2NmZa_2
20140322200714Mh_4,YZae21no16J4L1O2O0O101O0O1O2O0O10001O0010O010O1O2N010O0000O100000000000O1O1N1100N2N2N2O1O10001O000010O002OO1O100O01O100O1O001O00O010O1O010O100L3J7O01O001O00010O0001NMVQNSOin1c0VQNEmn1<UQNDin1<XQNDgn1;\QNEbn19aQNH]n18eQNH[n16gQNIYn17iQNGXn17lQNEVn19j0O5JaffT1
20140322200714Mh_5,g\W]15ko11hPNKcn16ZQNMen14XQN0fn11XQN1gn10WQN1jn1NSQN6ln1KRQN6mn1?1O2N00100YOlPN`0[o1O0000O1000O1O1001O0001O0O2OiPNBln1=VQNBkn1=VQNBjn1>=O01O00010O0000010O0001O0000000000O010O1001O000001N1O1O2N2ePN_OUo1g0N1O100000O1N3N100O100O2O100O0000010O00000O2L3L`PNGbo165Jmb\]2
20140322200714Mh_6,UfRV31no13N2N1O100O001O002O1N100O010O00100O1O0001O01O000100O1O10O01O1O0001AFWQN:hn1FXQN<fn1D[QN;h0Fdl1OeRN;f0Fel1NgRN:f0GoN1om16YSNKkl10VSN0^n1Ocn5N[QJ6M2O1O1O001O02O0O2O0000000001OO1000000010O0000001O1O1O000100N2N3LSXod0
20140322200714Mh_7,Wd^\11koe00TP\O0RP`00no_O0RP>0_P80Wo]O0XP<2dP^ONen13[QNNdn13\QNLcn19oPNG[o19fPNGYo18=K1Nc0O^O0lZa_2
20140322200714Mh_8,^PWW22mo12O0O1O1O1N2O1O2N100O1O2O0O100O1fPN_OUo1i0M1O00O10O010000N2O010O1O001N2O100001O1O0000001N1000O100O1]OgPN>_o1N101E_PN4go101N2Nmo7OTPH1N2O10OJLaPN5^o1M`PN4_o161O0001O1N11O010O010O100O1O10^OG^QN7cn1I]QN6dn1J\QN6dn1I]QN6dn1J\QN6dn1J\QN6Vo11`PNHXo18gPNKVo16kPNIUo18jPNHUo18lPNHSo19mPNGSo19nPNERo1<9003L1000001N01O0N3N10100O1O1O1O1O2O1O0O0100O01O01N2000O10O1000000[PNJ`o17_PNHbo18^PNHao19_PNGao192H]PN5co1J^PN6go1O00001O000O2O1NePQ`1
20140322200714Mh_9,kcR`2:do12ROFURN<jm1ESRN=lm1DSRN=mm1DPRN>om1DoQN<Qn1FmQN:Tn1HgQN:Zn1FdQN<\n1DcQN7KC`n1o0bQNSO[n1NbQNg04@Vn1HfQNh04AVn1d0iQN]OXn1b0hQN[O[n1f0eQNWO^n1i0aQNUOan1l0_QNQOcn1U11010O001O1OSO]QN=cn1A`QN>`n1BeQN:[n1DhQNKD:cn1KkQN9Vn1ElQN:Un1DlQN=Tn1BlQN>ln100O1N4K5L5Kl[_]1
20140322200714Mh_10,jZan12mo1101N2N101N100000001O001O2O0O001O01OiPNDkn1;UQNEln1:SQNGmn19RQNGPo18oPNIRo16nPNJRo16nPNJSo15mPNKSo15mPNKPo1NiPN77JQo10gPN6do13hPNFjn1:>00001O001O1O000000O1O100O101O03N0O01O00001O01O00001O2N0aPNB\o1b0O0000000001O02OO1O5K002N001N2O2N0O100O101N2ObdZl1
20140322200714Mh_11,fSee14[n1OQSN5kl11oRN2el1=TSNHkl1:dRN4_m1J_RN7im1GmQN<Yn1=:H7G8G8L6H_m`Y2
20140322200714Mh_12,VdTW13mo12M10KXPN0oo50K0RPN0oo30QPJ0eo10ZP<0QPD0QPN000PPb00oo_O0QPN0010O000010O010SPN0mo30loM0WPN0io11UPN0jo10VPNO13fo1NZPN3jo10O12MWPNNko11000OE0Z\kd2
20140322200714Mh_13,S\Y`07io12[O3RQNOjn16UQNIin1:VQNGen1l0M3O1N2O1O1O1O2O0O2O1N2N2N3N00110OSOSRNGkm14\RNMcm1OaRN1^m1McRN4]m1FiRN:Wm1ClRN>Tm1_OnRNa0Sm1\OnRNe0Sm1XOnRNi0Tn101O001N002N1O2O2N1N3M3M3M3LZcl\3
20140322200714Mh_14,mjdU16io13N00001O00O01cPNGSo19kPNJSo18hPN0To1`0O00000O1O00001N1O2N10FTQN]Oon1b0WQNZOhn1e0;O0N2M5M3K4JUU_h2
20140322200714Mh_15,VT_e16`o1LjPN5_o102LlMNbS20WoK2]o13M2RNIjRN1<5Wn5JioK0cQN0SlfY2
20140322200714Mh_16,mcj_24ko12M4N1NGfPNOVn16[RNJA0Pn18fQNHg00om1:[QNF^o19cPNGa00Xn17XQNI^o15UQNKK0lm12jQNN416Onm11SRN010mm1OiQN0L0`02Vn10TQN1c0MA3^o1M`PN042Un1NiQN1g0OXO081lm10lQN0h00VO0dn11[RNOQOOfn12XRN2[OLSn10cRN4WOLYn10`RN3UON\n1O`RN3QOMbn10cRN0gn10hN0X10YQN0^m10cRN0\m30hQL2Ro1NlPN0lo10joM0Yo10oPN081an1OfQN0_n10aQN0I0Tn10RRN0K0Rn11eRNOTn10c00`00RO0hPN0do10N0o[_]1
20140403081714Th_1,_aZe22jo16N3M1O2O000fTNFlf1;SYNHPg12PYNNRg11mXNNUg12kXNLVg15mUNHRm19iRNLWm14iRNKVm17iRNJUm19iRNGWm1:iRNEWm1=hRNBXm1MkQN?^o10O2O01N0OiUNBmd1>[50001OO100000O10000000001000O010O2N01O01O4hRN^Oij1n0iTNUOVk1l0gTNUO[k1j0dTNUO_k1l0mRNRO\10kk1T1RTNkNQl1U1]10SRNoNkl1Q1SSNPOol1n0mRNVOVm1f0mRNVOYm1e0S1N1O2N3N3L2O1O0O10O010iLDiVN<Vi1GhVN:Wi1EkVNOoL5eo10000O01O1O1XSNGgi1:UVNIki18TVNHmi18n200O010001O002M0100O001O0O2O2N100OgKKgXN5ck10O0TLJPXN4Ph1LQXN3og1MXX<2ikC01N23L3L100001N2O11N2M103O000O0O01O1NbMHZUN1cj16a24N1N12N6K1N1Me[QR1
20140403081714Th_2,]_ed21bo1?N2N1YM_OmUNa0jl1O1O10O000O10O0O2O100O101O000001O1N2O001O000O1O1O000nI^Og\Nc0Xc1_Oe\Nc0[c1\OV\NT1jc1kNT\NW1nc1hNP\NY1lc1gNY\NY1ec1hN\\NW1Wi101N1001O100O10O1O10O01N10000OUMPOiVNm0Yi1TOfVNi0]i1WOcVNh0_i1WO`VNj0`i1VO`VNi0bi1UO_VNi0]l1O1O10O01000O2N1O2M2I8N1O0000000O1O011O10O1O2N2N2N2N2N1N2NCUOiQNi0Vn1@aQNa0^n1a000001O01XOjNfRNV1Wm1nNfRNS1Zm1oNcRNS1]m1mNaRNm0fm1TOXRNl0hm1WOURNj0km1e0FVN^RNl1`m1;O001O10OO2O0001O1TNaRNV1`m1hNdRNS1_m1lNcRNn0bm1oN`RNo0cm1lNaRNR1bm1gNdRNY1Xl1iNjTNW1Uk1mNiTNR1Vk1QOjTNl0Uk1WOPUNc0mj1AUUN<jj1EWUN;hj1GWUN9hj1IWUN8hj1IWUNB\N8\l16XUNAbN5Tl1;[UN^OcN7Ql1;]UN\OdN8nk1=_UNYOdN9lk1?SVN@li1b0TVN[Omi1f0TVNWOni1i0c22N10O110N2N3M2N6H4N2N1N3O101N2N1OO2L3N200O0100O1O3N1O1OPgTQ1
20140403081714Th_3,S[WT32no11N2O001N1O1O2N1L5N1N1100O101N2N1O2N100O010O01O1O001O1000O2N3M2NnoU1MVPjN1N2N2O1N2O0O2BGSQN9ln1IQQN:mn1GQQN>kn1CTQN?jn1AVQN`0jn1;O0001O0O1O20O00100O100O001O00000OON300O2O1N2O10000O1O2M3N2N2O2N2MHlQNgNTn1X1PRNfNPn1X1<000O0O2O1O1O1M3O1O100O0M40O2M3M3M3N3M3L3H8M3N2N2M3M101O2O100O:FXh^c0
20140403081714Th_4,e]Qh02mo11O2M2O100O101O0001O000O1000000O1001O000000001O00001O00000CHSQN8ln1JRQN6mn1KSQN5mn1LRQN4on1KQQN6nn1ITQN6\o1O0001O00000000000000000000O1000O10O100O00100O1O01O010O0001O000010io1LYPN3N1O1O1O10000000O100O010O010O0010O001O1N1O2L4O10O0100000O100O00100O010O010O01000O100O1O1O1O1O010OL5O1O1O001O100000000001O000001O1O001O1O001N101O1O000O2O00001O001O1O0100O1O1O1O1O001O1O0O2N1O1N2O100O100O1000O1000O100000000O1000O10O100O10O010O00010O01O[OGeQN9Zn1HeQN8\n1HdQN7]n1IbQN8^n1GcQN8Ro1010O0100O010OO2O001I7N1O2O1O0100O100O2O00001O001O00fRN_OVk1`0jTN@Vk1`0jTNAUk1?[SNCg00mk1=[SNDh0Onk1<ZSNEh0Ook1;WSNHj0LPl1<USNHl0KQl1<SSNH\n17fQNG[n19f0O10O10OO2M3N1010O010O10000O100O1O1O10000O1O100O010O1O1N2O1O1O2LkdTg2
20140403081714Th_5,bdRS34ko12O1O2N2O1O000O1FJgPN8Xo19N2O0O31N001O1003M0O2M3M1O100O3M2N1001O2N1N1O1N2O1O1O2OO10O100O01O01010O000O10001O1O1N4M1O3ONO1O2O1N>C001O5PRNWNdm1Q2mRNmMZl1P2^SNWNcl1h1ZSNZNhl1e1VSN\Nll1a1USN_Nml1Y1ZSNfNgl1W1[SNhNhl1U1ZSNhNjl1V1XSNcNol1=\RN;`n1BbQN>_n1_OcQN2MOQo11UQNIkn18VQNEkn1<<0003M6I_Xgg0
20140403081714Th_6,mXmW26io14L4M1KCePN=[o1BhPN<^o101N020OSNGTTN8kk1IcSNMZO6Vm1M]SN1]OMXm13aRNN:4hm10jQNO97lm1IkQNN1NL?Yn1CkQNO6`0\n1@cQNb0]n1]OcQNk0en100O2N2O00O0O2N02OVOYO\RNf0cm1^O[RNc0cm1_O\RN`0dm1B[RN:im1GTRN;lm1GRRN>jm1DSRN>lm1CRRN?lm1AURN`0jm1^O^RN<cm1A_RN>cm1^O^RNd0\n13L4L10H9O01N11CTQNHmn13c0NWind1
20140403081714Th_7,la^e13lo111O00001O00000001O00001O0001OZP>OfoA2O1N2O1O1O1O1O10O100O00001O00001O000010O00010O000010O00010O0000oQNIYl17gSNJYl16fSNJZl16i10O1ROIRRN66Jdl11USN58Idl11TSN77Hel11TSN7\OHc05hl1MYSN66M`l1NZSN56Lal10XSN47LROM[m12\SN57LROM[m12\SN6>GWl13\SN5nm1JRRN5Pn1JPRN6mn1000001O10O01O0000001O00000O2O00001NTPj01koUO2O1O1O1O0O2O001O00000000010O3M1O0000100N201N03N1N010N2O0O_Q<FknC3N1O0010O01O0100O00100O1O1Ngn=0ZQB1O2N0000010O01M[Q20gnM000XP<1goC1VMNcUN3[j12bUNN]j14bUNL]j16bUNJ^j16bUNJ^j16bUNJ^j19_UNFbj1:^UNFaj1;_UNEaj12USNOY20cj1OUSN0X22cj1MfUN3Zj1NeUN3\j1KeUN5Rm10100O010O0010O0010O001O2Nim11WRN001O0O1O100O10O1M3Oe]el1
20140403081714Th_8,Pf\j0410fo150000001OZQNM_m13]RN4`m1L]RN9bm1E]RN?am1A]RNd0`m1\O_RNe0am1[O^RN7ALQn1K_RN5G1bn1KdQN5Wn1JnQN5Pn1JeP4NgPJ5^o1LcPN0bo12fYYT3
20140403081714Th_9,\ohS32ko142KmPN3Po13K4O1O2O001O01O0O3M4M3NO1M201O1M3J7I5N3N100O010OMIWO^QNg0dn1]OXQNc0hn1ATQN`0ln183OMFVQNCln1;VQNDln19UQNFmn17VQNDI1Qo19[QNIen12^QNObn1MaQNO]O2ho1M[PN1`ofi0
20140403081714Th_10,UnfV17go131OO2OO1O1N^PNK[o16bPNNTo1OlPN=So1DmPN=Qo1DoPN<Po1DQQN<nn1ERQN<ln1DVQN>Y1Eck1NTSN=X1Cgk10SSN;T1Flk1LTSN<n0GRl1ISSN?f0Ikl19PSNHUm17hRNH\m18gRNBZm1OiQN;6I]n11_QN8OFNKcn18aQNc0en1WO]QNf0Po1L4N4KfPag2
20140403081714Th_11,_Teo04lo100N\P64`oI3]NIYSN8Vn1001O1O0010N2N10SQNIRn19lQNJnm1L]QN<d0Knm17RRNJmm16TRNJlm15VRNFmm1:m0OO2O0L5000O01OO2O000O1010OO2O1M3O1NUQNJPn14QRNMYm1M`RN66NZm1O]RN38N]m1O[RN1;L]m13XRNOfn11d01001O[mVm2
20140403081714Th_12,YSiZ2;\n1GfRN?Wm1EfRN<]l1IeRN<n0LYl1e0dSN]OZl1Q1VSNSOhl1n0VSNUOll1g0SSN\OPm1`0RSNmNJK\m1S1gRNiNRn1c0P1M3N2M3O1OlnVd1
20140403081714Th_13,Xbjf12PP2O00io30VPL0000000aQ>1]nA10O10inc0ObQD0_oK0`PL001^OOaPN1fo12O0JM_PN3ao1M_PN1Zo3O`PN000TPd00UP^O1foM0000ORP<0ooC0lo90TPF1NO60go30UPL0ao;1]PD100O010WQNOcm11\RNOfm1O[RN0Vn1080jPN1To11kPNNWo11iPN0Vo10jPN0Vo1OlPN1jo;2mnKMkPJ000O1QQ20nnM2O0001Oc\YQ2
20140403081714Th_14,ZndV12XP>OjoA0goa00koA0[PN1eP2OZoM1UPNObo55UPLMWPN1ho1NZPNOjP20kN2bP_g2
20140410195814Mh_1,QVeg06io18H10O00O100001O10O010O001N2L4K5L4M3N1O2M3K4O1UNhNVTN?VOl0al1lNRTNn1lk1VNPTNj1Pl1[NkSNf1Tl1S1M2NnLiSNFN`2[l1jMUTNP2lk1QNVTNn1hk1ZNSTNe1BhMRl1k0WTNl0H^NN3Pl1j0VTN<>iNZk1P1XTN0a0POUk1T1[TNGe0ROQk1W1[TNEll1:TSNDnl1<QSNBRm14RSNOQm1LRSN5Pm1FWSN7jl1FYSN:hl1A]SN>fl1ZOaSNMkN`0bo1I1N1L6LfkTU3
20140410195814Mh_2,ZZUh022Oeo19O0O2OO100O01000O10000001O000O1000000O10O010O1000O0100O1000000O2O0000O01000001M2O1O10am3b0hQL6M2O2O3L1kQNVO\OL_m1l0VSNEfl10eSN3Yl1GmSN:Ql1DRTN=mk1AUTN`0ik1@YTN?gk1_O[TNa0dk1^O`TN`0`k1_OcTN>^k1BdTN2fk1M]TNOdk11_TNJdk14T210O0010O001O10O0100O101O000001O00000001O00000000000O0100O010O100O01000O1N3KXi\Q3
20140410195814Mh_3,PRQd17fo15L4M2O2kPN]Oin1P1M1O2N2O0O10O1mNWQN51M1LM9ho1HYPN0PP86foI3M3N10O2O]RNH\k17bTNM\k14cTNK^k16`TNIbk19]TNDek1=o110000O2O0fM_ORUNb0jj1\OSSN0_17lN=om1^OdQN;=7gm15YRNLbm18]RNIam18_RNHam1BURN9<5_m1^O\RN;38`m1[O_RN>16Qn1GPRN:Pn1EQRN:Rn1AQRN=nl1@XTN?gk1CYTN<gk1B\TN=ek1@^TN`0bm10N2O001N3M2N2N1O100000]OSQN2nn1KTQN5ln1FXQN;Vo1O00001O2J\PNKgo14ijdW2
20140410195814Mh_4,RSed11oo10E0ZP40\PN1coM1^PNNVo12o0N]N2YQN0a0NVn1:i0M5KjP4Non70kPL0noE0Wo10no10lPL0To10kPN0Vo12YOOS101O1011nQ`0OPn_O00010^PN0N0bm91oQH1WlfW2
20140410195814Mh_5,[Xcc12no12M2O0O2O010O0YOJdQN6[n1LdQN4[n1OcQN1]n10bQN0^n11bQNN_n13_QNN`n13`QNL`n15_QNKan15`QNK_n16`QNDC4on15bQNK^n14bQNL^n15aQNK`n14`QNM_n13`QNNan10`QN3^n1MaQN5]n1KcQN7^n1FbQN:_n1DbQN<Po110000000O110O000100000O1O1O1O01O00O11N1O0100O10O10O100O01000O0100O0100000O2O0000000000O100001O0000000000000000O010O010O01ZOCiQN<Xn1EfQN<Zn1DeQN<\n1DdQN<Po1O100000000O10000000000O10000O100O100O1N2NigXU2
20140410195814Mh_6,kbPi14io16L1O1O2O0O101N1000000000O1O2O1N2M3M2N2O001O10]Pd0OWo[O0iPN2Uo10iPN1Wo1OhPN2Wo1OhPN2Xo1NhPN2Xo1MhPN4Yo1KgPN5bo10000000O100000001N100O2O100O1O01O001O001O2M2O0011N1O10O01O1O5L0O00O100O100K`PNJRo1OWQN9mn1HRQN9mn1GSQN9mn1GSQN:ln1EUQN<Wo12N0000000000000000L5N6Jg\mP2
20140420195854Bh_1,nUoR21ko16M2O0O101O0O010000O001O10000O01M3O2N1O10000N2O01O00100O10O010O01O001O010O10O1O0OObPNC^o1=2000000O11N1M4L3001I:K2O2M3M]PNNfo11O1PkZi1
20140420195854Bh_2,nePW15jo11N3O1M2O2N102N1O1N2O1O1O1O0010O7I3M1O1O2N101N10O101N3NO01O0001O0000000O01000001O0001O0010O010O0101N001000O1O010O100O0100O001O0O10kNHcRN7\m1KcRN5en1001N1O100O010O01000001O0O100O00100O01O1O1N2O0O1O0100O1K^PNLbo13601O2N1OhXeb2
20140420195854Bh_3,\cbd26ho15VRNFgk1<VTNFjk1;m1001O2N101N1000000O2O1N4M01N2O21L2O0009G3M1O0O100O`QNHYm18dRNJ]m15cRNK^m14bRNK`m14aRNKam13`RNKdm14T1O01]O1UQN0fn14XQN0en1FXQN13:Yo13kPNG]n19cQNKYn15gQNNWn10iQN4Un1ImQN8Tn1EkQN=Xn1^O`QN0Ii0So102J7K6KaZWX1
20140420195854Bh_4,hUQg11mo17J4L8G3NJiPNFUo18oPNInn15YQNGen18b0O101N100010OO20O00010O010O10O0010O0100O010O010O010O01O00100O2N1dQNFRm1:mRNHPm19QSNHml18SSNJll16USNIjl17`1O00001O00SRNGUl18jSNJUl16lSNJTl15lSNLSl14nSNLRl13oSNMRl10oSN1Rl1NnSN2Sl1KoSN6dk1KfTN7Xk1KhTN4Wk1LkTN2Uk1NmTN0Tk1OkRNNk10Zk11kRN1bo12O1O010N20O01O10O0100O01O01000O101O1N101O002MSPN0bk`S2
20140420195854Bh_5,\blS32mo1100[Ph0NloUO1do17O00100O11O10OO110O00O11O2MRWNKVb11h]N0Ub1OTWN1f60Wb14c]N1]b10a]N2bb1KRXN0R46jc1N[]N4db1MZ]N6eb1IZ]N9fb1GW]N<ib1DU]N=mb1BS]N<Pc1CQ]N:gJH[g1IV]N2XK;5Njl1H^RNN=8CHg0=jl1IQTN:nk1ESTN;ok1CQTN>`i1AoXN?Qg1AnXNa0Xk11N2N2O2M3M2O1O0gIoNd]NQ1^b1YOW]Ne0jb1_OS]N?nb1BR]N=nb1CU]N7mb1KR]N1Qc13R]NDQc1>n\N_OSc1d0n\NWOSc1k0o51O2QUNQOkf1o0`XNROSM8Vj1i0`XNZOQM1_j1h0ZXNOfg13TXNOVh1QORUN`06\OQ2S1Ui1MfVN4lNiNai1W1[WNNVOoNYh1LkWNY1?L]OQOXh1JoWNW1:MAROXh1MlWNS17NGSOdi1m0dVNNIVOei1l0_VNMNTOgi1T1VVNBlj1XO\TNV1i0]Ooj1AVTNQ1m0YOPk1G[TNf0i0]Ooj1LZTNg0g0ZOQk1MZTNi0e0YOSk1KZTNm0a0WOUl1j0kSNROWl1P1]15LM2M`0@;CbXUf0
20140420195854Bh_6,mWSk12no1000O1O2N1O010000000O10000000O10000000O010000000JL`PN3`o1N`PN2_o1O`PN2_o1OaPN0`o10aPNO_o11aPNOWo1MlPN4[o1MePN3Zo1NfPN2Yo1NhPN2Wo1NjPN2Vo1NiPN3Wo1MiPN2Xo1NhPN2Xo1MiPN2co1O1OWPNOko100001O001[PNNZo13ePNNZo12ePNO[o11ePNOZo12fPNNZo12fPNOYo11gPNOYo11gPNOXo12hPNNXo13fPNNYo13gPNMYo13gPNMXo14hPNLWo14jPNKWo1591O1O1O0010O10O10O01O1O0N21O00001L301O10O0100O01O10O010O2LWiXo1
20140420195854Bh_7,PYW]21oo11O0O102N00000000000000000O1000001O00O10O2OO10N2000O10000000000000000000001O1O00O10000O1000O10O01N200O10O01O10000000N3N10001O001O010O2N001O000001O2O0O1O00000000000O010000O1000O1000000000O1000000000100O01O1O1O1O00003Loo?OSP@001O00000QgR[1
20140420195854Bh_8,Y\Y[277NVo12iPN3So1MkPN80F0Oin1R1M2L3O3N1NmNgQN?[n1^OjQN?Wo1B^bPd1
20140420195854Bh_9,VgTQ26io12L4O01O3L101O3Len5O\QJ2HO[PNO22bo18O1YQNEim14\QN0j0Mjm13]QNOg0Nnm12ZRNNgm11YRNOim10VRN0nn1Olng01RQXO10O01O100N200O1O1O100lPNI^n18bQNK[n15eQNK[n15fQNJYn17gQNHZn18g00000O100O1N2O101O0010O100O01O01O010O10O10O2O0O10000O10000O01O001O010O100001O1N100001N10jPNHcn18e0M3K^P<2boC2N01NXYQh1
20140420195854Bh_10,QZi]3<do13iQNBdl1n0hRN]OQm1K[RNc0;FXm1I^RNa00Oam1DdRNT1bj1dNdUN5V16gNo0_j1dNdUN9S14QOm0hj1POVVN3WOl0_j1ROYVN1^Ok0Wj1SO[VN0Cl0Rj1ROZVN4Fh0Qj1QOZVN7Hf0gk1ZO]TNd0`k1^OlTN6Sk1IUUN1jj1NZUN1dj1O]UN2bj1L`UN5^j1KcUN6\j1HfUN7Zj1HhUN5Zj1JgUN5Zj1KeUN5]j1HeUN7]j1FeUN:ol12N2OO1002O0ON2O2O`dP`0
20140420195854Bh_11,Y]mj21ko14000N2Ojo=1UPB100kl91TSF2N01O1N^U`01aj_O3N1N2N1L4H8O1O1N1O2O\ORQN7nn1IUQN5jn1LWQN3dj1DXYN8VL2cj1FWYN7XL0cj1JSYN6cg1IRUN1c23Ti1NlVN1Vi1MaR<1lPD1VQNNdm14[RNNkn1O00O11OfQ86SnG5aPNKln1h0M1O1OO0O2GUQNZOmn1f062`NZOdSNf0[l1[OdSNg0\l1WO]SNR1Ym1oNnQNR1_n101N2M200N20O1O2O0001O02UNoNmRN1e1P1^k1SO`TNo0_k1RO_TNR1_k1mN`TNX1`k1eN_TN]1Rm13dLCmVN=Ri1IiVN8Vi1MfVN2[i17\VNHn0aNVf1g1kXNGji18UVNGmi1iNhTNT1Z1IcNSOjk17WTN;Z16kk1_OSTN`0Pl1CPTN8Ql12gSNLZl13gSNKZl15gSNIZl1BfRN:Q14dl1JfRNC7b0Um1I`RNJ;<Vm1I_RNK=:Vm1I\RN0?3Ym1E]RN8;Okm12VRNIlm19k03L4N10M4M4M^MI`UN3aj1Ni2ORgjl0
20140420195854Bh_12,]oRf15jo1101N0K6M3O1N101N110O00O2O1O1O001N2O1O2N1N2O2N2Mbo52]PJ1N2N3N1L4O01000dQNBVm1>gRNFXm1:hRNGWm18iRNIWm17iRNIWm17hRNJXm16gRNKYm14hRNKXm16hRNIYm16gRNJYm16hRNHYm16iRNKVm16lRNGUm18lRNGTm1:lRNEUm1;X100OSQNGUn19jQNKTn13mQNNTn1OmQN2Sn1LnQN5nn1O2O000O1O1O2Ndn?1[Q@2O2N3M00001O000000O101N1O10000001gQNIgl17a1001N10001O001O2N1O0O2O0000HdPNL\o13gPNJZo1690O00100O00H^PN1co1OeP42_oK2O0QR]R2
20140420195854Bh_13,mW_i07ho10001N4LjV<2TiC2O3N0O02KZn15WQN`0N1oPNXOgn1j0710O1O1O1OO001O00CRQNImn14a0JQP20UPN3M0000O2M?2@5K2O2M4K2]QN@dm1a0\RND`m1<cRNB\m1?n04\Oe0L3001O1O101N2N2N2N4L3M3M2O1M3N1NlK]OoXNa0Sg1BkXN;Wg1EiXN9Yg1GcXN;`g1D\XN?ck100O2M2L4O1O1O01O0hLKfVN5\i1JbVN6ai1I]VN8el10O100N102N2N1O1O2O0O2O1N2O0O2N1M4O01N1N2O1O2O0O2O1O100O1O2N1M3N3N1O1O1O1O101N3MSm3OhT42PnG7K4M2O1N1I60100000O1O01O1N2YQN[OTn1d0kQN@Tn1>lQNDSn1<mQNESn19oQNDTn1:oQNDQn1<QRNBom1=SRN@om1`0g0100000O1O2N2NlTNDiM0hf1:`[NGgM0hf17d[NHcM3if12k]NOVb1Mm]N2Qi1N[m91cRF4YPNIbo1>L11N2J^PNI21^o13Qe\k2
20140420195854Bh_14,W[SW21oo1000SO1k02TPN4ao16O1hPNBmn1?SQNDjn1:ZQNEfn1:a0O3NfPNGln1;iPNE07Vo1a0O1O011O12N2M0000000O1OZO]OPRN4@3_n1KRRNNA7\n1M[RN3em1M[RN6am1LPRNKL:Sn1MnQNJO9Sn1MkQNN15Un1KkQN1O4Wn1IkQN3N3Yn1IjQN4M2\n1HfQN7N0^n1GeQN82Kgn15YQNKhn14XQNLin13WQNMin13VQNOkn1NVQN2kn1MUQN3kn1LVQN5Zo101O1N3N00O100_dfe1
20140420195854Bh_15,Y_mb11oo11^PN0Qo11nPN1Qo1OnPN2Ro1NmPN3So1MmPN3So1MlPN6Ro1JnPN8Po1HoPN:Po1FPQN:Po1FPQN:Po1FPQN;on1EPQN=on1CQQN=on1CQQN>nn1BSQN=1C`n10_QN=0E`n1N`QN=0F_n1MbQN<NK^n1HeQN<ML^n1HfQN;LO\n1EkQN9J6Wn1AQRN6I9Vn1AQRN6J8Un1BRRN4J:fn1E[QN;fn1C[QN>So10O1KAiPN?Wo15O1O1OFjPNLVo13lPNLTo14nPNJRo16oPNIPo18QQNGon1:PQNFPo1:QQNFnn1:RQNFnn1:SQNDon1<:01O002N2M2O001O0O100000000O10000000001O0O101NfPR20ZomM10001O1O001O001cPNKmn16QQNLnn15PQNMnn16oPNLPo14PQNLkn1JRQN;1Lkn1<TQNEkn1;UQNEjn1<UQNEkn1;UQNEkn1<TQNDmn1f01000000O101N2OVOVO_RNh0bm1XOcRNc0]m1^OcRNa0\m1@jQNMf0a0am1AfRN>\m1@eRN;kn1FQPb01no]O2O1N2O000000000000000VNJjSN5Vl1NhSN2Xl1OgSN1Yl1OhSN0Xl10hSN0Xl10hSN0[l1NdSN2]l1McSN3]l1NcSN1]l1OcSN1]l10bSN0]l11cSNO]l13bSNL]l16bSNI_l17bSNH[l1OSRN;co10000O0I]PN3io1N2N[`RR2
20140420195854Bh_16,WZ]W21gQ>1VnC2_PNOQo11oPN0Yn1MPRN4HNZn1NlQN4JLon14UOLgRN9]n12DEPQN=Po1CoPN=Zo10001N^OEbQN1A0Tn?OlS>3gmSO0002M_m50aRJ4M3M4M1O00O1O1O2O2L3MVS2OSmM0PPN3go?NVP@2ZbRd1
20140420195854Bh_17,Tkhl04jo14L8J2M3N1O27IO000O1dPNEQo1e0001O1O3LG_OWQN?fn1EaQN3^n1OcQN0[n10fQN0Yn1OjQN1Un1NlQN5Qn1IQRN8nn1N1M2MPTcQ3
20140420195854Bh_18,mVoi13ko13N3L2OO2N2O100O1O1O2N^oo21bPPM100N1002Mmo;0SPD2OO2NSo=0oPB1N0lP^22QoaM2O0O01Onok0LQP^O0]P60io_O000`o70lP60[o50SPD0kjji1
20140420195854Bh_19,QjjU31Voe00lPZO0lo10eRf00\mYO010O00010M2M7J7J1IBkPN>U1Eel1?bRNB31\m19_RNK2Mcm14VRN39@lm1:jQN7ll1_OkTN4\N<Vo10002N_NBaSN=al1C_SN;al1E`SN:_l1GaSN9`l1F`SN:Vl1FUTN:jk1FWTN9jm1O_JHY[N7Zj1OQP2KVk1OiTN0ZX[f0
20140420195854Bh_20,h^Uj01Rm_41lRbK0loa5OTP^J1KOXPN2eg=ORXD:K3hQNChl1?VSNChl1?XSNAgl1?^1O1Hc:I^\OOkbN2Q]10PcNO_[76kZJ1O0STNJRh16mWNMQh12QXNLQh12__h0KedWO1Qbnh2
20140514195854Bh_1,kVoW31mo14M2M1N3N1001OO101N2O2M2O1O2O0O1001O0001O1O0O2O0O1O01O010000O200O4L1O01O00OO2L02N301O001YQNPO^n1Q1]QNTOan1W1EcNPRN^1nm1:010O100O2O0O0O2N2N2N11O0O01G8001001E:N4M3L4K5L5IQk^c0
20140514195854Bh_2,Vbjb22lo13N2N2O1N2O1O2M2O3N0O2OO00001O001O1O00O010O10000001O01O2[QN]Ojm1c0VRN]Okm1b0TRN^Onm1`0SRN@mm1?SRNAnm1=SRNCnm1<k0O2O1N1003M6J1O2N3M1O10O011N2O2O000O1N10O101N1N2O1O01O01O001OH8O11O0O2O0012\OhPN<^o100O1O00100O2M4M2M^\QX1
20140514195854Bh_3,lbje01io17L8K2N1OO2O001OO001O01J60O2O0000000010O0O10000O10000O2O010O2O01O1O1N100O100O107H4M0O106KO01O3L:G1N1O1OmNaQNe0_n1=201M7J1L4WOVQN9[o1L4L3NP\YV3
20140514195854Bh_4,c\oT32i01Xn10fQN3Wn1OhQN2Un11kQN0Qn14mQNMRn15lQNLRn17lQNJSn17lQNJTn17iQNLVn14jQNMVn14fQNOYn1m00O1O101N3M1O22M04L0O000O10O1L0300010OK6O100O2O0O1O1O1O1O100O100N1O2N2N2O1O2M2O10^chg0
20140514195854Bh_5,SZkU16ko13NNdR81ZmG100O00O\LNZWN5ch11jTNIb17di12`TN0i10gi11^TNOk10ii11\TNNh14mi1OZTNLd19Tj1LZTNG_1?Yj1KYVN5ni1HnUN8Wj1HcUN:bj1EXUN=lj1CPUN=Tk1DeTN?\k1F\TN;gk1EUTN<nk1CQTN=Ql1BoSN<Ul1APTN:Rl1EPTN7Tl1FmSN9Tl1GjSN:Xl1EfSN;]l1E_SN<dl1BXSNa0kl1]OSSNd0Pm1ZOmRNi0bm1;24102O1M5E<G9HReXg2
20140514195854Bh_6,PcdS24mo12WP6OhoI3PRNIQl18k11N3N3M1O10O01O1N2N3N10ZOhPNc0\o1OjPNB8Lom1a0gQNEln19RQNHPo1c01O2N3O0O2N2N6K3M1O2N0NjP8NRnG0ZRN5bm11XRN1fm12YRNNfm12]RNLcm13`RN0Zm10hRN1ZOMWm10bSNg0dl1PO`SNn0im102N3M2M2L5L3M3N3LUYih1
20140514195854Bh_7,`_]V27co18M2N1iN_OoRNa0Pm1AoRN?Qm1CmRN<Tm1EkRN;Um1HgRN8Zm1JnQNL9:im19mQNWO1`0Rn1`0lQNAUn1U1O0O^OjQN]OTn1d0oQN[Oom1a0XRN\Oim1e0XRNTOmm1m0TRNmNPn1T1>01L4L3N3N10IYOUQNg0jn170O102M2N2O2N2N2L5K5N11N2M2N1N20O10001N2N2N1O2O00O100001O004J90KN\o30Uc`e1
20140514195854Bh_8,bVWX31lo50>0RoM0bPN0fPN0en10]QN0bn10^QN0bn50^QL0[o10noM10OUO0fQN0Xn50lPN0QPN0lPN0Xn30jQL3Qn1MSRN2mn1O01mNNVRN1km1OURN0ln11POOoQN0Rn10PRN0Po10nN0R10Y10_M0^RN0dm30gRN1_NO0010O0XN0bSN0^l10aSN0Tn30RPN0_N0TSN1^n1O^N0X10VRN0Zl12QRNNS12iN1Vn11jQNLW10Xm14\1N101N111O00ojbc0
20140514195854Bh_9,XbXR25jo1:G4L100USN@Uj1a0iUN_O]j1;dUNC]j13SSN2ao15201O1014K4K5K3N:GO001N2CRQN\O13Po1=<BePN5^o1KdPN1\o1900jRNFhj15SSNJo13nj10\UN1Vk3KZRN0YPd00joYO0c10[la02iR^ONdoU14YokNLPR40SjK2T4OhTNOWk1010O2:0A73KbXch1
20140514195854Bh_10,UbfY24jo15K2QOKSRN5mm1OoQN0Qn12nQNMSn16jQNJWn1:aQNHan18[QNKen17WQNLin1e01O001O0O2O1O2N2N1N3XOmPN>[o1O100O2M4M3MV^cd1
20140514195854Bh_11,mgXi01no15SPNKfo1:M101OK^PNN`o11aPN2\o1NdPN4[o1HiPN8^o1101N2O1O01O011O1O1N10000011N1O1OO4L2M3MXWmT3
20140514195854Bh_12,mn\k21oo10O2N2N200O0001N200OO1O101N1O010O10O1O0100O0O2O1O0O2O1O0O1O0fPNDRo1=nPNEon1<QQNFjn1>VQNBin1=YQNCfn1<\QNDdn1:^QNFbn15bQNL^n12dQNO[n1OfQN1^n1KcQN5To1N2O101KXQiQ1
20140514195854Bh_13,`TaU23mo11N2O1N4M0O2OO10O10O010000O1O0001O01OO100000001O01OO10O010000001O0O0O12OYODkQN=Un1FhQN9Yn1GgQN8Zn1HgQN4\n1MdQN0^n10YQNOJ0nn10VQN3MKnn13RQN5Uo1ImPN7]o1100000O2M3N2MjlTg1
20140514195854Bh_14,eXeT12mo12Z4NgK0QL1UUN2`m1M]QNOo0:em1IVRN:hm1HURN;en14M2O0O1001O000O20O01O1\OjPN<Wo1DlPN6Xo1JfPN4_o10PP>OiR@Mnj10iT60\kK0T20XS20Tl50dQN0YnK0fQL0mn70fdTg2
20140514195854Bh_15,SklU28Vo1MVQN5fn14RQNOln1f0N00101N22J2O10O2N0:F4K2O0001O0O2O100O01M203L5KaT]h1
20140516234034Lh_1,\dhW28go1202N8G4L3N10VOmPNd0Zo1O0N2O1O10O002N000O1N102M2L4N2M[OUQN;hn1D[QN=bn1C`QN<_n1CdQN<\n1BfQN>[n1]OjQNb0kn10O1012M10N2M6K1O1N3012L05NM10N11M4M1M3M4K5M3KdYod1
20140516234034Lh_2,TZok1<ao15M2O000001O000000O0100N2OTSNFTj19lUNJRj14oUNNQj10nUN2Tj1JlUN;bMAnn1l0L2O001O1O00O1M3L4N2N201O01O001OO010O10O2NO30O1O001O102M1O01O00000O1M300O20000000OOaQN@am1`0^RNAbm1?_RNA[k1MmUN;PNGh01Zk11kUN5YNFa04[k14gUN2[OHlj1=aUNNDDlj1`0YUNORl16iRN[O:j0Pm1:hRNGYm1^12N3M3M3K6L4fNoQN>Vn1]OdRNIam13UT4L\mILXcPo1
20140516234034Lh_3,ScX]11lo15M3L9I1O2M20O00001O000O101O0000010O1001O00010O00001O001O1O01O0000000000O1010OO10000O2O2RQNVOan1k0[QNXOen1R1O01O1O2N2N001O00000O2O1N101O0O101O000O2O001O00001O1O1O0010O1O1O1O1O1O102M2N1O01O00000O100O101O3M1O001O1O1O000010O002RQNBVn1`0fQNCYn1>fQNBYn1?gQNBWn1>kQNCRn1=oQNDom1>PRNDnm1=QRNDmm1`0oQNBom1MPRN1K5Tn1HTRNi0km1VOVRNj0jm1UOXRNj0gm1VOZRNj0fm1RO_RNn0am1oNcRNo0_m1oNaRNS1]m1lNcRNV1Sn11O1O0O2N3M2N2O00jNeQNg0]n1UOgQNh0[n1TOiQNk0Wn1TOjQNl0fn1O00O2M3M3J6M3O1OYOcQNL\n14eQNK[n15cQNN^n1i000OiNcQNn0\n1;2N0O2@bQN\O_n1`0hQNZOZn1c0c0O1O1037LJ200O1ORQN\OC2in1a0bQNBen1?UQN_Omn1?a0H2N2N[YWX2
20140516234034Lh_4,hhhm23mo13M100WPNKdo1<N0O0000002M?A2N2M2L4L4N4N5J3N3N2N1006K:F1MXRNeNkl15aRNj0=XOol1IjRNR10VOgm1m0TRNSOnm1_1001N2N3N3M5L7J00N4K1O01O101OO02O1N5K9D9GQUSo0
20140516234034Lh_5,XXek23lo12N1O1O001O100O10O010O100O010O1OO20O010O10O010000O010O0010O010O1BIRQN7kn1ORQN2ln10SQN0ln11UQNM8JQn1:gQNL6NPn17jQNL4OQn15kQNL40Pn14lQNK52om11mQNM50Pn12kQNO5MRn11jQN3kn1LUQN4\o1N100O100000001O1N2NmhlP1
20140516234034Lh_6,`amS18go12M2O010000000O2N1000000000JbPNJ_o13dPNL\o12mo11YPN4L4F:N1OO2M3N3O0O10000O101O1N2OO01O01O0000010O001N1N2M3O02N2O1O2O1N100O01OO10000001OO10000000O01O1O1000O100O2O2N2O00O001M3N20O1O01O1O1O2Nj`bf2
20140516234034Lh_7,eb_S12go17M3N2_PNC^o1=2GcPNNao1O\o;O^RB3ml1MPRN0f05Wm1KURN0c06hn10^NJZSN7el1I[SN7el1I[SN7Wn10^NI[SN8dl1I\SN6dl1J]SN5dl1J\SN6]l1JkSN4Wl1LjSN1Sn1OPn70bQ80gPH0]o;0Vom00UQ^N0_PN0]o31``Pg2
20140516234034Lh_8,VRmP26eo16N4M2N10OjSN@lh1?[3O1O01000O011O1O0O2N2N3Lm2NRM5M1001O4Ljm30TRL5O1O1O1O00000FEnPN<nn1MlPN4X3Dah1g0[WN^Oeh1i0SWNVOoh1OVTNb0j2@Pi1LXTNd0h2_OXi1a0iVN]OXi1c0oUNAgj1?WUNFfj19ZUNIej16ZUNKgj15WUNLjj14TUNMmj13PUNOQk12gTN4[k1KbTN6ak1EbTN:`k1CaTN>`m1O1OQO[OgRNc0Zm1BcRNJ@OTn19X1O3KilZk1
20140516234034Lh_9,gYof22no11XPNO_o12^PN0bo172M4L1O1Oao1O`PN4NN01dPN0in1NVQN4Yo12O3M2N2NIcPNL[o15gPNJXo1872L3O001OM2101N1O110N1I^OmPNe0So13010O1O1N2AhPNK7OSo16<0010000VQNNfm13ZRNMfm14jQNH05Un14iQNOLM[n12PRNNDN]n13PRNN]n10fQNMXP20oN11MkefU1
20140516234034Lh_10,YZmj01mo15WPNL^o1?L2N10O010JePNHXo18jPNGSo1e0N2ODPQNCN1So1;PQNGQo1:oPNGQo1:nPNBUo1?42N1M3DYOVQN23h0hn16O21O2MgQNWO^m1h0cRN[O^m1>gRNCZm1:fRN@XO0Tn1>kRNCVm1:Z1NeQNESm18nRNITm14jRN2an1O4M2O_elR3
20140516234034Lh_11,bTWo23mo11N2O0O1O1O0010000O10OoNI[RN7em1IZRN8gn1O01OO2O1O010O0001O01O0001O0001O00000001O1O2N0100O100N3K4Oio9OXPF4L1O0001O1O1OblXm0
20140516234034Lh_12,hh`m22lo13N0100NXPNNho10<1@O`PN0K0PP20no50QPJ1VPNOmo10L000en10dRN0hN0\n50cQJ0iSN3Sl11]LNaUNOE0cN7al1ImTNOC6PO7dl1CfTN2[ONZOl0gl1TO^SN0O0k01AOGg0el1YO^SN0U10iN7H6Zm1CkSN0PO035J9Ym1B\TN2\N2N4To1JmPN04OI1Vo11lPN1`o10_PN2`o18^NB`SN=el1DWSN;kl1FlQNOS19Zm1FfRN8Zm1HjRN4an16I2N2O0fNBRSN>Wn1OhNDPSN;Rm1ElRN:Xm1HcRN8WOGVn1OWRN>BD[n1OjQNa0JA`n1U19jNSQNg0Vo1M1O0000001O2O2M5K3M3M1N2O0Ono7OmSam0
20140519195834Ch_1,bRgR35ho13JL_PN6^o17O002O0O101O00000000O10000001N100O11N001O000O1O20000O10010O101N10VTNBdL0Pk1=ZXN3gg1LVXN7YM@ai19SYN`0RM^Ohi15lUNHf2h0^MCPj1=^XNm0dg1TOYXNg0ng1[OmWNe0Wh1ZOfWNg0]h1YO`WNh0bh1WOZWNk0hh1UOTWNn0mh1ROnVNR1Si1QOgVNP1Zi1TOaVNl0bi1TO[VNk0hi1TOVVNm0li1UOiUNR1Yj1oNWUNgNBb2Yk1o11O2M3M5L4L3L4M3L4AlSNkLZl1P3?K4H8I6L5YNfRN=em1ROjRNi0\n1Cc0Cjjfh0
20140519195834Ch_2,gPk>1^o;1^PF3N10001O2M2N2N2O002N2O1O02N01O0nPN^Oen1a0>O011_OgPN;_o1000OO101N1O0001N200O6LO000N2HgPN6Yo110O1O1O2O1O]PNMZo12fPNOYo11fPN1Zo1;1N1O10]NBcSN>Zl1DgSN<Wl1EjSN;Ul1EmSN9Sl1FoSN:nm1M7IhmZ]3
20140519195834Ch_3,jYah02lo12O010O2O0O00001M2001N100O1O2O010O11N101O00000dPNKmn15SQNKnn14?1O010O0001O01O010O001O4M1N1O00100O001O01O00001O0O100000010O000000000N2O2N1O0100O001O100O1O101M4N1N100001N2N5L1N10O10O01H8M3O0M4MKnPNBQo1>QQN@on1>UQN@kn1?;01O1N2O1N3KZgVQ3
20140519195834Ch_4,cib`01V10am13T11O1OM4O\P4OeoK2K3O11001O001O01O01O1O001O1O1O00000O2O1O1O19GO100O000101O00O3N0O10O100000O010O000101O0O2N001O1O0010000O1O1000000MUPN1QU[[3
20140519195834Ch_5,jZcj22lo14M1N2O01O1O1O1O10ZPNO^o10`PN2`o171O0O3M2M\RNOem12N2N3O0O2O000O10O0100O1000O01OO20O1O10O01O1O010O010O1O00001N1O2N2N2N2O1O1N2L4M3N2O1N2M3N01K5N200O1O1000N2O2H7100O1O1L4L4J6M2O2O1N4M4L3L4LPeRP1
20140519195834Ch_6,Zehd23lo12N2M2O1aPNGSo1=80O1001O000O02O0O20O1O10O103L2O1N0100O1O1O01001O0000O1O1O2O[OkPN=Uo1BlPN>]o1MGEoPN;Qo1EoPN;Qo1GhPNO1:Xo1LfPN4co103JYZ_X1
20140519195834Ch_7,nTio12mo11N2001O1O0O^OOWQN0jn10TQN2]o1O00N201O1N2O1O1N2O100O02O01N10000O010O10O101O000000O10O100O10fPNEnn1<;O0010O001O010[ODeQN<\n1EcQN:^n1EbQN;Ro1N_OH^QN8Uo1O1O01O001O0001N10^PNKZo15fPNLYo14gPNMXo13iPNMVo13nPNKPo15QQNLmn14TQNMjn13WQNMin12WQNOin10XQNOjn1Nf0NXldk1
20140519195834Ch_8,Vhhc21oo10_o30_PL5M001O10O02O0O0000001O3M3MM3O1N2O1O01000O100NZPNKeo145O001NUPb00lo]O1N102M2O001N110O0000101cPNFPo1`0iPNBWo1d0O10O0O3O3L10O100O00000001O00001O0O2O1L6KhW_W1
20140519195834Ch_9,\ePV31mo14J5M200O000O1N2O2O10O0100000000010O2N3N001O0O1N2O1MiP6K^oI1B6dPNJ\o18EHXQN8hn1IWQN8Xo101O1O_PNJXo16hPNJ>0Sn17^QNJ=0Un17[QNL=OXn1>fQND[n1MYQN9:Ldn14ZQNLgn1f02N1O1O010O1O1O1O1N200O1O1O1N2N2N5K2N2M3N^Yke0
20140519195834Ch_10,][kf0;k1Hgk1`0WTNDbk1e0VTNBbk1f1USN]N`l1g2O11O0O1O0O20OmNeSNbN\l1Z1kSNaNYl1e0SSN_OZn1FkQN19NPcXX3
20140519195834Ch_11,ejdT13mo11L4N110O0O101O000O10000000001O0000O100000O10O2O0000001N1000000O100O1O1N2O2O0O01_Uih2
20140519195834Ch_12,PjXb12mo12O000O100000O^PNMXo12jPNOVo10jPN1Uo1OkPN2To1ObPN052Yo12fPNNZo12ePNO[o12dPNN_o1OaPN1`o1N`PN1bo1O\PN2co16N20000001O0000O1000O100O1N2O1001N100000000002N1O1O00001O0O1OlUeZ2
20140519195834Ch_13,c`[n15io14M1N2O2N1O1000000000O101O1O001O001O0O1O1N2O2N100O101NZoe12dPZN1O2N2O0O10000001O0000000O102M2N_oi1OaPVN3L4N3M2O1N101O0O1O1O1O1O2O0O1O100O2N1O100O00100O10000O10O1001O5I3bQNjNPn1X1lQNkNSn1Z1gQNgNYn1`0gQN9Yn1FhQN9Yn1FiQN:Wn1DiQN=Wn1BjQN>Un1BlQN>Tn1AmQN>Un1^ORRN>nm1ASRN:A@\n14TRN;B@[n14SRN<Tn1CmQN<Tn1AoQN>ln1M3Le`Th1
20140519195834Ch_14,^Z[c13mo101O0010OOZPX10VPfN0Qo11PQNOnn12`00O2O1N1O10O01000O0100000O100O1O1O0100O1O1O2O000O100O1O1O1bPNDXo1=dPNIXo1`0O100O0100O0MjPN^OVo1b04O100O2O00001O001O00000000000000RQNCYn1=fQNDYn1<hQNDXn1<hQNCXn1>d000000OO2J5100O100O1O2O000O1N2dNBURN2e0<Wm1DSRN1d0:Zm1ESRN3`08Ym1KWRNO<6]m1LWRN095^m1MYRN143dm1LXRN2N6km1HWRNl0km1SOTRNl0nm1TOVRNf0mm1YOVRN?Pn1@SRN9Rn1DTRN6Pn1CWRN:ao3G`oM10O`PNOQo12jPN5ln1IQQN4N5Qo1HQQNa0nn1@RQNa0mn1^OTQNa0Vo1N2NJBnPN<\o1OFERQN9]o1JUo3N\QJ0Zo12aPN4So1JoPN>Po1DPQN<on1FPQN:on1GQQN8nn1JRQN6mn1LRQN3mn1`0000OBXOfQNi0Zn1YOdQNg0\n1]O^QNf0bn1;lRNeNek1Y1\TNiNbk1W1_TNiNak1W1d101N1O1O2K5\OSQN0Qo1MUQNNln1OXQNO^o1N2NcgbR2
20140519195834Ch_15,co^d1?^n1JRRNa0jm1CoQNc0om1_OoQN`0Sn1ROhQN<2e0[n1UOiQNk0en11O\O^QNL`n11hQNMRn16QRNIlm19ZRNBfm1;Q1O2MZ1IPONUPaZ2
20140520200054Bh_1,iZoR29eo13M4L200O1O100O0100O1K5O010O10O10O0100O01O100O0001O10O100O0100O1O1O10000O1O001O1O100O01O0M21O1O100O1\OBgQN=nm12oQNNom18mQNHPn1=oQNBPn1a0oQN\OSn1e0mQNXOVn1j0jQNROWn1n0kQNnNXn1R1;O1XOWQN8jn1@VQNN8<en1BcQN=Ro1M3K6Knfjh1
20140520200054Bh_2,jTk]28fo15L2N1O1O10001O00000000O0100O1O100O1O10O0100O00010OMiPN_OUo1?7O10100O010O0100O1O1000O01O00000O101N1M4O10O001O1O100O0O2N2O000N200000010O0100O010O01O001O1M4M3N103JelX]1
20140520200054Bh_3,TQeQ23`n11bRNOSO0Wn15bRNNYOLRn18fRNJZOMmm1=[110O0000O2M2F;E:N201O2N0100010aQNjNTn1P1iQNkNO;Zn1FkQN`03Nan1FcQN=Ro10N1fPN]O;3Un1i0gQNWO[n1i0?O2OkPNWOPo1m00O2OO010O0100000001N101N5L4K3M2N3M2N1MnnXk1
20140520200054Bh_4,\\en042520nn1i0J4J6J5B=J7J4N3M3L2KI<J6O2N1O11O0O2O]O\RNmNdm1o0fRNlNXm1T1i0O2N2N2D<L5N2N1O2O1N2O1N2O1O010O1000O0010000O010O010O0010O01O00010O0001O0010O10O01000000O10000000000000000000001O001O001O1O00O10000O10000010O01O10O01O010O010O01O010O000010O0000010O001O0010O010O001O00010OO1000000O100O010O001O01O01O1O010O1O010O01N1N20O01O1001O1O2M2Ohffg2
20140520200054Bh_5,b]QQ35io13N3M2M3N101O00010100O4K3M2N10O010O001N101O000O10001O00000000001O010O010000O0OVMKkUN5Qj10nUN0Pj13nUNNQj13gUNBmM:\l16dUNDlM8_l15dUN4\j1LcUN5\j1KeUN5[j1KdUN6\j1JdUN6\j1IdUN8]j1GbUN9_j1F`UN<aj1A`UN`0aj1^O^UNc0ej1YO\UNh0ml101O0001O001O00100O01000O100O010O100O0FTOaQNl0^n1;O000101O0001N00O1010N3O000O2O0O2O0000000O010O1001N100O2O010O1O2N1eN`QNU1bn1jN`QNR1hn100O1ONPOVQNo0kn121O1O3L4WORQN;_o1K2M2MlcXg0
20140520200054Bh_6,ocdl23mo11N101N101O2N5L0O0100O001O01O1O2O0O1O1O1O01O001N101N101O1OhPNIhn17UQNLkn14SQNNln13SQNMmn15QQNKPo1b000000001O001O00001O001O010O1O0001O0001O01O001O001O001O1O0100O01O1O10O102M3N0O103SQNSO`n1W1O101N2O00000O203L3M00YOnQN_OQn1=URNBjm1;ZRNChm19[RNGem15`RNJam14`RNL`m13cRNJ_m15cRNI^m15hRNEZm1:Y1N0O100O2N3JaZol0
20140520200054Bh_7,m^SW22no12N2M11O01O0O11OjQNJbl15]SNNal13_SNMal13[SN2el1MZSN4fl1KZSN6fl1I[SN7el1H\SN7el1H[SN9Vn1O100O10000O10jNK`RN6_m1L`RN4^m1HbQN4P15Ym10hRN1Wm1OiRN2Wm1MiRN3Wm1MiRN3Wm1LjRN4Ym1IfRN8Zm1GgRN9[m1DfRN<Ym1FfRN:Zm1FfRN:Zm1FfRN:Ym1HfRN8Zm1HeRN9\m1FdRN9]m1FdRN:]m1EcRN;^m1EaRN;an110000O1O010O100000000000O2N1O1O3M3Leo3OcPJOao1<N3M2N2N100O2O00O10O10O100O1000001O001O000000001O01O001O001O000O1000O0KjPNAVo1?60O100O00100O100O010O01O00001O00M400O010O10O10O010000O100O10001O0O100000001O0O101O00001O00000O2N2N1O2N1O2Nf`V_1
20140520200054Bh_8,\Wm^14eo1N]PN6ao16N4L3M2N1001O1O1O00O1O01N100O3N1N3N1N2O3N1N0100000001O000001N3N1Oihl^2
20140520200054Bh_9,TiRi02mo12NNVPN6go12N1N2N1O2O1O100O01O000001001N001O10O2OO01O001O001O0010O001O2N1O0O100O100O101N1O100N2O1NbVoS3
20140520200054Bh_10,ah`h01213O_o1<O1N1O2O001O1O0fPN@Uo1b0jPN]OWo1`0kPNBTo1;jPNB62ln1>VQNAjn1>WQNBin11mPN7<GPo13QQNMon12SQNNmn11b0O10PP20ooM000bPN0ln10UQN0kn10c01`PNO_o10@0PQN1Po1OPQN0Qo30PQL0nn10a00bPN0ln10b00cPN0jn10c00dPN0in30WQN0\O0_O0RQN0on10`00_PN0Ro10?0^PN0To10k00Wo10gPL0Zo10ePN0\o10:0XPN0`o10_PN0go11N2`VmS3
20140520200054Bh_11,RoVe03jo14M5L4M1N2O0010007H11N010O1O100O00010O001[ORQN6]o1O1N2O2MXP84doG3N1O001O00001O00O1O1000000100O1ePNEon1<oPNFQo19oPNHPo1<kPNFVo1b00O4K3N1N2N2N2N3M\P>LfoA4O1N3N1N3\PNDao1;20000M3O1O2N3M_P81[oGO[PN6ao16OO1I^PN0bo162K\PNKeo127NgPN0Xo14N2N5K1O01O0O101N100O002O0O1O1O1O3MWnjS3
20140526195834Ch_1,Uhjl22mo13N010ONboa0NaP^O3M2O1O2N10O0100O100O02O1O00O2O0O3N0O1O01O1O010O3M1O101N1O3L_PNOG0fo17N1O1O2O0O2O1O001O001O11O2N0O2O0001O1N200O1OO100O010O01N101O1O000010O1O001O1O1O4L1O1O1O002M5K^P\13_ocN2M201N2O1O001O000000000O01000O01001O000O2O0O2O0O2O1N1O1000O00100O100O1000000O100O100O001O1O001O001O1O1O1O1N3M5LYV_h0
20140526195834Ch_2,[a_Y23jo14M200O1O010O010O10O100O10O101O1O000O0bMFWUN;ij1EVUN;kj1ETUN;Xm1001DHoPN8Po1=OM4N1J7M2000O1O00O20000001N1M3O2N1M4N2O0010O1O1L4O1L4O1O001OO100YOFiQN:Wn1JeQN5]n1MaQN2_n12]QNMen14ZQNKhn16UQNJln1e00O1O2M2N2N2O001OQQN\Odn1c0]QN]Obn1c0=1N1K5N2O11O0100O010O010O0001O00100O1N101O100O10O100O1O00100O100O0100O1O1O100O01000OeQNYO_m1g0aRNYO_m1g0m001O002N2M101O1N101O0O2O0O10000O10000O10000O010O1N3Nko3OUPL2O100O1O100O001N100O1O1000000O10000O100O2O0010O1ORRNC[l1<fSNEYl1:gSNHXl17iSNIWl16jSNKUl14lSNLSl15nSNIRl17PTNGQl18k100001O001O00O1001O000O1fTNEPg1;QYNEnf1;[40O00101N10O1O1001O00001N11O01O0oRNCaj1=`UNB`j1=aUND^j1<aUNE_j1:bUNF^j19dUNE]j1:e2O001O1O10O01O001O1O1O2N1O]dRX1
20140526195834Ch_3,infV13mo11N4M1O001O001O0O101O0N2O101O001OBdPN9bo10000O1O010O01O1O01O0100O1O00001O001O00000O1LBfPN>Yo150M3O1000000000O1N200001O001O6KO02N001O002N001O01N101N2O001O000010O01O00001O11OO001O1O10O000001O00000001O01O01O10O01O000000000001O01O000GdPNN\o12ePNM[o12hPNLXo14iPNKWo15:0001N101O001NaPga2
20140526195834Ch_4,iWWZ11oo15K1O2\PNJZo1a0NO00000O0H8001O1O0001N1N3O001O10O01000O100O2O001O1O1N2O00000O10O010O0M4O00O200O0100O1O10O100O1O1O10000000O100O100O100001O10O1O1O1O010O0O2O010N2Mghn`2
20140526195834Ch_5,\ZgS31mo12O100O100O100O100O10O0100O010JIcPN7co10000000000O1000O2O0O100O100O10O1O1O100O100010O0010O10O010O10O010O0100O10O01O0001N10000JYPN2ho1MZPN0do11SfZh0
20140526195834Ch_6,eSSP2=ao12O00O2N1O2O0O11OO01000O2O1N202LgU`15Uj_N3M3aJEV[N;gd1JW[N7hd1IZ[N5ed1M[[N2ed10X[N0id11U[N0kd12R[N0md13mZN1Re10jZN2We1NgZN3Ye1NeZN3[e10bZN2\e12aZNO]e14aZNN\e12eZNOYe11hZNNXe13gZNLZe14fZNK]e15aZNKbe13^ZNKee15ZZNIje15ZWN]OW16eg1=RWN^OTl1a0jSNAWl1`0dSNA^l1`0`SN]Oel1f0WSNVOnl1j0U1k0UON101O26H2N1OO2O0N3N`0@4J4M3M>@Rj\j1
20140526195834Ch_7,PfTV19do14M2O2O2M3M2O0O2M2N3N2O0O2O000O100O1O1000BWQNEin17\QNBMMgn1;cQNFHNfn1:dQNFGOfn1:j0N100O2O010O001OO2O0\PNJ^o167ODMkPN3To1OkPN1To11lPNNTo12lPNMUo14kPNKTo16<0O001O3M1O000`PNB^o1>cPNB\o1?cPNB\o1a00O1O1KcPNG^o17601O001O02N1O3NO01O0O01O0010O1ePNCRo1>hPNC20Vo1f0O01N2N1O3M1O2N3M2O1O1N2O2M_Z[d2
20140526195834Ch_8,oXkS12mo110NTPN0no100010O001O001O00001O001O0O1000000000000O1000O10000000001N1Ono3NTPL1O2N1_PNMUo14jPNLVo15iPNJXo17gPNIYo18fPNHZo18fPNHZo18fPNHZo187100O02OO01O1O00010O0000001O000000O1000000001N1000ELiPN4Xo1LhPN4Xo1LhPN4Xo1LhPN5`o11000000000000001O0000001O00000O10001O1OmfVf2
20140526195834Ch_9,fSQP28fo1IgPN2Po1NRQN0on10QQN0^o10C0lPN0Uo10jPN0Xo10;0[PN0[o10:0[PN0Zo10gPN1Xo1OhPN1Xo1OgPN1[o1OdPN0]o11aPNOao1172TPNNeo1610000O101O00001O000001O00001O01O010O1O000100O00010O10LXPN0fo1N_PN0ao10_PN0`o10bPN0]o10ePN0Yo10hPN0Wo10kPN1ho7OloI100oo1OnoM0QP20PRL0Tk30P30URL0em10kM0PSN0a00bl10`TN0Sl11cRNOVO3[o1NaPN3em1L`SN9kNIO1mm1MkSN0Zl10bSN1`l1O`SN1al1O^SN1dl1ObSN2Tn1NTn30lQL00110YPN1mP2NgN0RO0R12QPNNO1;0]o12hiZj1
20140526195834Ch_10,cXeQ35jo12M3N1O2N1002N00O0O2G0800M3N2O20N101N3N10O0010N10M21O101cPNDVo1;iPNIUo17kPNEO0To1;nPNEN0So1<;2dPNBTo1?jPNBVo1>jPN@Xo1=7O3K3O1Nchhk0
20140526195834Ch_11,lSSh05a0Nan1Q1H6MPO`QNb0^n1UOkQNj0en11O2OO4TOkPNd0\o1M20N11O2O1N1N2O1N2N2N2NXn1NXn\V3
20140526195834Ch_12,eind161Kdo1:N2N2OO20O1O0000001O0000M31O1O1N3O1O01O001O01O000000O10O10OO11K50000O10O00O1M4O0100O102N1O0001O1O1002N00O2N01O001O4L0000O2O001O1F]PN5^VoV2
20140526195834Ch_13,cZk]12ko15L102M1O1N2O11001O1O3M2N1N1M3M3N2N2NEYQNAfn18eQND\n18g0M3N10011O0O10dPNKD0Yo15RQN6en1J\QN7cn1H_QN7an1H`QN8To110N1M201O1O4K^PN0F0lo12O2O1O4M1N01I]PNOco10feT_2
20140629195814Mh_1,aTcU33lo12OO1O2N^P21]oM3XPNLdo1712ON\PNJbo1720OO310N2O001O100O00101N2Omo;1QPD2N10000000001O01O1NXP4NkoK0N30O02N010O100O01O1N2OUP2OkoM101O1O00100O001O00000001N2O1OWP60ioI1O0001NojXe0
20140629195814Mh_2,nZkT26go17J5K3O0SMDVVN<hi1IUVN7ji1LWVN1ii13SVNNVNA@7Pk1;aVN\OPOc0G8dj1I`VNBROe0_O6oj1C^VNCROj1aj1fNXVNBUOh1dj1gNVVNATOi1hj1eNSVNDPOh1Pk1eNnUNo1Sj1QNlUNn1Vj1SNgUNl1\j1UNaUNj1bj1WN[UNh1hj1[NRUN2GKdk19ZTNN:B^k1k1hTNmM^k1o1fTNmM]k1P2gTNmM[k1P2hTNnMZk1m1_1N2M3N3N2MiSN\NXj1>nSN;k1XOWj1;QTN:e1@[j11UTN<b1C\j1JVTNa0a1CPk1;RUNDoj1:_2HXnW1LWRfN0co17N100N3M201O000000O100000000O1O1O2N100000O10000O2O00000O10O11O000N3M2O2XO\OQRNf0j5ZOha12YXNe0n5\Oia1OVXNf0R6[Oga12RXNc0[6YOda1R1f6M4M2O1N101O1O2O0O101N2N2N1O2N100O]LFcWN8[h1NbWN2]h11aWNN`h14^WNLah17]WNHch19\WNGdh1:\WNEch1>\WNBch1?]WN@Q1I[c1g0d[N_Odh1b0[WN_Ofh1`0ZWN_Ohh1`0XWN_Ojh1`0VWN@kh1>VWNAkh1`0XWN\Oih1d0VWN\Okh1e0X30001O2N00O1O0bSN]O^i1d0[VN^O]MOUl1e0]VN]O]MOUl1e0^VN\O]MOSl1g0_VNA`i1a0_VN^Obi1b0^VN^Obi1b0]VN]Ofi1c0YVN[Oji1e0VVNYOmi1e0SVNZOoi1g0oUNXOSj1h0d20O2N00WOTQN>Wo1OOa0_O3N5dRNhNfk1Z1XTNfNhk1Z1XTNeNjk1Z1a1M5K5KfQNVO^ONjm1i0dRN_O_OJnm1g0]RNKdm1Y11O0O2]NXRNj0bn1K4LhLXO^WNd0ch1]O_WN?Sl1N3M3M3KXlf_1
20140629195814Mh_3,mQa[14jm1NUTN5jk1KjSN1eN5`m1KcRNNj04RO4Xm1JfRN13On01QO6kl1LUSNNL040P1NQO8hl1OWSN1OJZ18_k1NXSNO1JV1;`k1NYSNLa17Uk1N]SNH]1:Wk1NVUN1mj10PUN0Rk12iTN0Yk1OeTN2]k1McTN1dk1J]TN3ik1HXTN8jk1EWTN:hm10O001N11O0O2N1N30O000O2HKcPN6]o170N101O1O1O0O200N101N1O101O00MO05N2OO00N3000O2O00010O001O0O20O00001O1N010O100N3O0LBePNa0Yo11oQN@gl1?[SNAel1=]SNBdl1>_1O10001O0O2N2M3KiPU_2
20140629195814Mh_4,WmXc21oo10SQ47enK2N1_PNF\o1:bPNJ\o1?N000000O2O001N2O0O1000O1O0O20O10HAQQN<on1FQQN9^n1FeQN4M6\n1HgQN1M7\n1IhQNOJ9]n1JjQNKI<[n1KSRN7lm1JSRN6nm1ISRN6nm1IlQNJD;en1HiQN<Xn1BgQN`0ln11K401N100OBPQNNQo11QQNMQo12PQNMQo12QQNLPo12`001MeReY1
20140629195814Mh_5,jY]o03h0N[n14[QNOGNmn10_QN3CN_o13`PNN`o12aPNM^o14bPNL^o14bPNL]o16aPNK_o1;O1O000010O01O1O01GePNMZo13hPNLXo14iPNLVo13kPNNTo11nPNNQo13oPNMPo13QQNNmn12TQNNkn12WQNMhn13XQNOfn12ZQNNen13[QNMen11]QNOcn1O`QN0Yo1O002M\e^n2
20140629195814Mh_6,^\ob0>`o13dPNHmn1h0N2M1000O1O001O1O1O101NXLUO]XNk0[g1AbXN>[g1IaXN7^g1O^XN0`g15]XNK_g1:`XNF^g1=aXNC^g1`0_XN@cg1b0[XNZOjg1f0TXNXORh1C\UN<`21nh1LQWN3Wi1FiVN:\l11L5ROFSRN>km1m0F9M4N1K5001M4XN_RNl0fm1PO_RNk0em1oNeRNj0Zn1N01K4N3NO3I9I8J9Cai31iVLJZkfY3
20140707023654Uh_1,il\g22ko15L2N3K4B?O1N102N1O00O1000O0010O01O101N1O2N1OB^QN@`n1?fQN]OYn1d0jQNXOVn1j0?O202L3N3N1NO1L4N20NQOAaRN?^m1G_RN7am1M\RN3cm13WRNNim18oQNJPn1R11O2N0N_MaNhVN]1[i1eNbVNX1bi1iN\VNT1hi1mNVVN2SNOTl10hUNOoj11VUNHlj19]22N1O3N1O113K4L6KOhQN\OTm1c0]RNLdm1V13L5K5[OhQNQO11Zn1j0QRNTOPn1f0h0K5L5JWXST1
20140707023654Uh_2,gPY`05jo14M1O1O1O2012N]PNJWo1`00O10O10008I2OOO00O0010O10000O1O10O7J0O000100O0010O001O100O1O1O0000O101O001O001O0O100N2O100O10O010O10001OO101O0O2O4K3L3N101N1001O001N3N4L00000000O20O01O0001nNZQNh0fn1VO\QNj0dn1TO^QNl0kn1000O1O1O1000O1000O100O1M3O0100O1N3O1N101N2N1O1O1N3K3O2N2OYOFjQN8Xn1IeQN8\n1HcQN8^n1HbQN6`n1J_QN3en1L\QN4fn1JZQN5hn1JXQN6[o1Mao3MePJ0lo12O10Nin\W3
20140707023654Uh_3,U\WS12cm=2`SBN`m18^RNK`m1:[RNEfm1;YRNDim1<WRNDhm1>URNClm1?PRNCQn1`0jQN_OXn1a0gQN^O\n1>hQN_OYn1`0hQN@Yn1`0d0O010O0O2OeQNHnl1:PSNFQm1:nRNFSm1:lRNHRm18oRNGRm18oRNGQm19PSNGPm19PSNFPm1;PSNCPm1`0nRN@Qm1b0nRN^ORm1d0kRN^OUm1b0iRN^OYm1b0dRNA\m1?cRNB\m1?cRNA]m1`0aRNB^m1>aRNC_m1=_RNFam19\RNJem14ZRNNgm11WRN1jm1MTRN5nm1JPRN7Rn1HmQN7Vn1IgQN8[n1a06K5L5H6O2O2M2O2N2M5ISePi2
20140707023654Uh_4,\lf_23]n1OoRN4ol11mRNOml1LnQN9R1KPm1?lRN@Tm1a0mRN]OSm1d0T11001O5LO010O001O000001N110O01O1O0O010001O1N2N2O0O2N101O000O10O10O1O10O0100O00102M0000001O001O0OTP:0moE1OOTP20bm31^TH1gk10WTN1UNM^m13\TN0VNM_m12[TN2RNOcm10ZTN7ek1JYTN7hk1HXTN7ik1IWTN7ik1IVTN7kk1IUTN6lk1ITTN8lk1GTTN:mk1ESTN;hm1100000001O01O0O100001N10OO3N1MLfPND^o1<201O2O1N1NgPNLkn11XQNNhn10e0OPTeY1
20140707023654Uh_5,]h^n2172\o1<N001O010001N1O10ePNJln15SQNLmn14RQNMnn12RQN0ln11TQNOkn12TQNOln10UQN0kn10UQNOkn12UQNMln11VQNOjn10VQN1jn1NVQN3jn1MTQN5ln1LPQN7Po1=00101N0O1OWOYOZRNe0dm1A[RN=em1DZRN;gm1FWRN;im1FYRN7fm1LZRN3em1N^RNObm11`RNLam13aRNN_m10bRN2WOGkm15oRNg0gl1XO]SNm0\l1QOfSNP1_l1iNcSNV1fm1N3K9BiUen0
20140707023654Uh_6,`hj]22ko15K3M4M2N200000O10000O1O100O101N2N1000000000O1O00100O100O100O1O0010O0000O2000000000000000000O1000001N1001O000000O100000001O2O2O02NOO4L2N1O1O000IcPNK^o12900NjW]]1
20140707023654Uh_7,YXQW38go14L3O1N2N2N3M4K4M1M2N2O11NO2H7M4I7N3N2O1N1O2N0O0NTO[RNDcm1>aRN_OZm1d0kRNYOTm1f0PSNXOol1f0VSNXOkl1b0]1K6K5L3L5In1MYN4Tgbf0
20140707023654Uh_8,R_]`12jo16K3O1O1O2O0O010O0O1O1O2O0L5O1O[OPQN;\o1N2O@E[QN;dn1E]QN:Uo100O0100O1O2N2M3N1O1000O1O1L4N10100O01000O01000O0100O0100O100N3N1N2O0NOOXPN1ho10YPNOfo152N1Lco31^PL3M2O1N100O10O10O1N3N100O2EDRQN<kn1HTQN8kn1KRQN7ln1JTQN5ln1LTQN4kn1MVQN1kn1NWQN1in1NXQN1hn10ZQNKhn13\QNKen13]QNLdn11g0NkcnY2
20140707023654Uh_9,XP_m23ko13L3O2N1N2N2O1N101O1000N3M3L5Mho1NXPN4N2M2O1O100O1O00N2O110O1O000001O01O1O1O00100O1O00010O1N2NSQco0
20140707023654Uh_10,Wcgf11gP>0WoC5K13M00O2OO011OeHOi^NNWa14Y71N101O01O100O3LTo?0VRP2ObU^M5na18m]NLPb17n]NLoa16P^NKoa14Q^NMoa12R^NNoa1KW^N5ia1HZ^N8ga1E[^N:gh1O1O1N3M3MQh=2kWB6M2M3N8G4mPNVOkn1o001O1OI8M2N3J5G9M1011O1O2O001O0O2iWNFf`1:Y_NIe`17X_NMg`14X_NLh`13Y_NNf`11[_NOe`10]_NNe`10[_N0f`1OZ_N1h`1NY_NMk`13a700001O0010O000010OO1O4JT70kH6K5L3M3PLCZXN?_g1I^XN9\g1McXN3Zg11hUN^OQ2a0Uh12hUN_OT2?Rh13jUN]O0M]1c0hh14kUNZO20[1b0gh13mUNXO53V1b0ih12hVN\O?b0ih11jVN\O>c0hh10PYNOPg1OPVN]OW2e0hg1MRVN_OV2c0hg1MWYN2if1NPXNEXN<hi1OoWNHXN8ii10mWNKYN6ii1OjWN0]N0hi12kWNMaNMdi16lWNLbNLbi18mWNKcNL_i19PXNIbNM^i1;RXNF`NN;I_N1jh1b0oYND^NN;0Wg1>SZNA_NK;5Sg1>TZNB9Kee1b0SZNDUi1;nVNDRi1;oVNDQi1;RWNCoh1:kTNE_m1:aRNI]m16cRNK]m14dRNK\m15X100O01O100O100O3N0O0100N1000N1000000020O1O1O000HbPNO^o119O1O1OdcVl1
20140707023654Uh_11,[]io23lo13M2N2O2N3L3N2N010O00000O100N6L1N2N1N2M201O1O10O1O:F2O100O001O1N3O2CdPN0^o1KePN1oaPn0
20140707023654Uh_12,^Umb25go18I5L5H8K3N2N1O2N2N2N2MROdQNG46Wn13VRNImm15VRNJim16P101OO2O010O001O10O011O000O2N2N1O1N201O3M10O0011NZkbZ1
20140707023654Uh_13,X^ko1350[o1OmPNOen=0dQD0aN0_QN1Uo1O\o30gPL0O1000O100000oo10hPL0cn10]QN1cn1O\QN1dn1O[QN231hm1MTRN155em1KURNO79bm1GVRN08<am1DTRN0<5]ONRn1MnRN5ROLQn1OmRN4^m1LaRN4fn10iNLbRN4^m1LbRN5\m1KeRN:_n10eNFoRN9]m1HZQN3h02bm1JQRN8`0I_m1OTRN5kn1KUQN4kn1LUQN4kn1MUQN3jn1NTQN0nn11RQNOnn11RQNOmn10TQNOnn10RQNOon11QQNOn00cl12_RNOnn10a01bPNNmn13RQNNmn13RQNNmn12SQNNln13lPNNO0To12mPNKM8Vo1NlPNJO7Vo1OjPNJ16Uo11iPNI26Vo13lPNKUo14mPNIUo15>Lkcnk1
20140707023654Uh_14,\hl]21lo10^PN1eo10O001OO^OOWQN1in1OVQN1jn10VQN0jn10VQNOln10SQN0nn10QQN0Po10PQN0Po10oPN0ao10B0kPN0Wo10gPN0Zo10;000[PN0Zo10fPN0Zo10fPN0Yo10hPN0Wo10iPN1co10COkPN1To1OmPN1So1OmPN0bo10A0nPN0Qo10PQN1nn1ORQN1nn1OSQN1ln10SQN0mn10SQN0mn10SQN0ln10VQNOjn12VQNNjn12VQNNin13WQNMin13WQNNhn12XQNNhn12XQNNhn12XQNOgn11YQNOgn11YQNOgn10ZQN0fn10ZQNOl2O\h12hTNOgn11ZQNN[20\i11ZTNOen11[QN0cn12\QNNdn12\QNNdn12\QNNbn14^QNKcn14^QNLan15_QNKan15_QNKan15_QNKan15`QNL`n12bQNN^n11dQNN]n11cQNO^n12h0OgPNObn14ZQNLin13UQNMmn12RQNNnn13QQNMQo11oPNOQo11hPN3KL^o11dPN0do107OSPN1jo12eQP13VnoN3N2N2N100O10001O01O010O1O2N2N2N[PNHfo15`R6KZmM0j00okK0e31oV_Z1
20140707023654Uh_15,_T[_16fo16K3N2N2N3M1O1EYOYQNl0mn11L21O2O00O01O1N0O1100OO1J7M3N4M4L4M3MTml^2
20140707023654Uh_16,]Pe[1=do13K8H4J5M3mQNYOml1e0QSNZOTm1c0kRN]OVm1a0aRNTOJ<em1?]RN\OK6gm1=\RN@N2fm1>ZRNDM0hm1>URN9km1n0O2M3L4OO1RNcRNW1_m1gNgRNQ1]m1mNgRNj0\n1AXQN^OSo17Qolb2
20140707023654Uh_17,WhX\14eo1:L4L2I6L4N2N2N3M3M3M3N1O3N000001N1GeQNmN]n1k0`0_OPQNMTo11PQNISo17nPNFTo1:90O10O10002N1N4KoPN1Qo12O1O1L301O101N001O1O2N1O1O101N1N2N2N2N2N1000O1O2M3F:JlWQ`2
20140710020754Uh_1,UY[U27fo17H5O1N3N1O0O3N30O5J010O001N1O001O10000000O1002N1O1O0000O001O1O1000O0000101N0101O000000O010O0100jQNCgl1>VSNDkl1=RSNDnl1=PSNDQm1;nRNFRm1:mRNGSm18lRNIUm16iRNMVm14eRN0]m10`RN1am10[RN2gm1Q13N1N3L5L4M3J7K8G7ISeZf1
20140710020754Uh_2,^ih`24ko12N3L3N1N1_OERQNN9>dn1MUQN5kn1`00O1O1O1M3O0010OO10O02OO01M3O11O1O010G]OTQNd0ln1\OSQNe0mn1[OSQNe0mn1ZOSQNg0mn1XOTQNi0kn1WOQQN10i0Qo13O1O1O1LPOWQNQ1in130O101O001N3N3M2N2M101O001O0000O2O002N001O00102N3NO01OO010O2O1N1O2N1O001OlPN[Omn1d0TQNAgn1?YQNDcn1>[QNEcn1;]QNFan1<^QNDbn1=\QNDdn1l0O101O000O1O2N1O101O0O100000O1O1O100O2O0O1O1N2O1O1O100O2N101O1N10001O000O2N1DWQN@kn1><000001O1O0O3M6ITWUW1
20140710020754Uh_3,m`WV13lo12N1O1N2N2L4O3M1O10O0L5O1O1O1O10O001O0001O000O11O0O2N1N3L3OO3O1N2O0100O1000001O0SQN@[n1?dQNB\n1=eQNC[n1=e0O000O1O1N2O10O2]PNF^o1?O00010O0000001O0010N2L:H2MVP<0loC1O0i_Re2
20140710020754Uh_4,RcSg24jo15]PNIWo1:cPNI]o1=0000001N1O1L4001O003M01F_PN3ao1L`PN5eo1001O1O1N2O4L1N101O0O010O100O1O0100O10O_OiPN;Wo1ClPN<To1CnPN<[o1O1000O1TMESVN;mi1JnUN5Sj1LlUN4Uj1LjUN4Vj1LiUN5Xj1IiUN7Wj1GjUN9Wj1FiUN;Xj1C_UNf0nl1O0O2OO100001O1O0EhPNOXo11mPNJSo17mPNIRo19nPNEQo1>7100O3N1O0000002M1000MUN^O]TNa0dk1AZTN?gk1AXTN`0fk1CYTN<gk1FmRNHn0c0Tl1GlRNHm0b0Xl1GgRNJP1`0Xl1HfRNHR1a0Xl1GfRNHQ1a0Zl1GmSN;Sl1DmSN<Sl1ElSN<ok1IPTN7Pl1IQTN6ok1JQTN6ok1KQTN4ok1LRTN4nk1LQTN5nk1LRTN3ok1LRTN3ok1LRTN3ok1LRTN3ok1KRTN5Pl1HRTN8nk1GSTN6Pl1JPTN5Ql1JPTN5Ql1KnSN5Tl1JYSNJA:Xm1LVSNN]O3bm10oRN0YO3im1MbRNHHl0fm1]O]RNMJf0jm1]OXRN1Ma0mm1@SRNP1nm1`01O2O000O101N10001O0O1O100O1O1O100N1N3N2O00100000O1000O100O10000O2O1N2O1N4Kh0XOT_`o0
20140710020754Uh_5,kVkR13cS24UKMRRN8jm1MkQN<Sn1FiQN=Wn1DeQN?Zn1e0O1O00O1O1^OaQNAbn1:dQNClk1H[VNa0nMCek1JPTN3b28Xj1FlUN7Yl7MZPJ2kPNOTo1?NMiPN@Wo1a0[OAoQN`0Pn1DiQN`0Vn1CeQNa0Yn1AfQN?Xn1EeQN<Zn1f0M4L4K40^NQRNQ1bn1M1O1N1O01N@hQN]OWn19l001M1101O1kSNBjh1<b3K1L303Mohni2
20140710020754Uh_6,l]\W19fo18H10O10101MjPNKdn13YQN3LCin14ZQNc0on12N8I10002O1OO00O1O2MVO\QN<an1@eQN?[n1@fQN`0Zn1^OhQNb0Xn1\OkQNc0jn1N2O1O10101L3M1O0O2OO21D]PN7T`]f2
20140710020754Uh_7,P_aa23lo15L0O100O100O100000O0100O100O00100000O2O00001O00001N1O100O2N1Olo9OTPF101O010O10O2N1Oina16mP^N6M2M3N2O1O1001N110O1O2O1N1O10O1O00000000O101O1N2O1O2NhNIkRN3Sm10URN5KIQn15PRN4`n1f0000O2OO1000O1O1O1O1N200O1O100O10O01OSSN]O^j1c0PUN@bNO\l1a0QUNBbNN[l1a0RUNDbNLZl1`0RUNHcNHZl1=VUNKdNCWl1>YUN0Tk10oTN0nj12RUNNlj14UUNKij17YUNGfj19\UNFcj1:`UN@dj1>`UN^Oaj1`0`2O001O11N10010O02N1O1O3KlP8HZoG1WPN2fo16N5I5lPNAbn1a0[QNAdn1o0M2002N2N2N1I8J5KXdRT1
20140710020754Uh_8,QZ_j13mo12N1O01O1Nk38lK4L3M4K5K5L4MBVQNIhn16]QNHan18bQNG[n1:gQNEWn1<lQNBSn1>nQNBQn1<SRNClm1:YRNDgm1;[RNDfm1:P1N3NIM:2O1O01O0O2O102JfPNO_o10bo[23YPdM3N2M4L2QNC[TN?ak1D^TN<ck1A_TN7SNO^o1OePNO\o1NfPN1]o1LaPN0Pm11_UN0ej10RT41bnK2N2N1N2O1fRNIjj18UUNJhj18XUNHgj19XUNDkj1=UUNCij1>XUNAhj1`0Z21O2OO1O10O1O1N1H9H8001N2M4K5M3M3N6K0N8IOM5O1Ogejm1
20140710020754Uh_9,PS[f25go1L\PN:OIYo1NfPN`0[o12PQNAgn16WQNNkn1NQQN;mn1<N2M2NL3N03MG\QN^Oen1?>01O3M2O2O2NXm\X1
20140828080414Th_1,Scj`05_o1>J4N3L3N3M2N4YQNoNYn1`1K4L3M4M3L3O1N2N100O2N2OkMeRNj1Um1UNnRNY2cl1cMbSN_28mM`k1T2ZTNRNfk1W2kSNnMVl1n23M3M2N1O01O0000000O101O9F3N000O_MTTNo0kk1POZTNn0ek1PO^TNo0ak1oNcTNPOJ\1ck1AhTNlNO^1Xk1DeUN;Zj1BlUN<Rj1DQVN<li1CWVN=hi1BYVN>fi1C[VN<ei1C\VN>ci1A^VN`0`i1@aVNa0^i1^OcVNc0[i1]OgVNc0Xi1\OiVNf0Ti1ZOnVNe0Ri1ZOoVNg0oh1YORWNg0mh1YOTWNf0mh1XOTWNh0mh1WOTWNg0Si1SOnVNl0Ti1ROlVNn0Ui1POlVNQ1Ti1mNnVNS1Ri1kNoVNW1Pi1gNQWNZ1nh1eNSWN]1lh1aNUWN`1kh1^NVWNe1ak11O2N2N3MbNSRNm0jm1PO[RNP1bm1nNbRNQ1]m1mNhRN0Ad0em1\OoRNHBP1Ym1WObSNl0[l1ROgSNo0Yl1nNiSNT1Ul1jNnSNV1_m101O0N2O000000O010000O100O2O0O1000O00001O0100O001O001N1O1O10000001O010O1000O000001O1N100O100O2N1O2N3N010OZOZQN4dn1IcQN5\n1JeQN7Yn1HhQN9Wn1GjQN9Vn1DmQN<Sn1_OSRN?jn1N00000O01000O01O1O100000O001O0001O0010O1000001N1O0010O01O102M4M104J1O00VRX2NhmgM4iR_Q3
20140828080414Th_2,i_Vc24ko12M3O1N101M2M4L4M3M3M2O1M2010010O001O1O\OWQN2gn1N[QN2en1J^QN7an1GaQN9an1CbQN<Ro1OM4M3O4L3OO03MPOUQNo0NROjn1S12mNRQNl0To1VOnPNa0Zo1O20O1gPN]OQo1i00N1L4OK^OnPNb07^O[1OZk1l0XSNZOX1O]k1j0WSN[OY1L_k1Z1^TNhNbk1Y1\TNhNdk1Z1YTNhNhk1Y1TTNhNmk1X1QTNiNQl1V1kSNmNYl1P1dSNRO]O_Ohl1a1hSNQO]OAOMil1b1iSN[OWl1e0iSNZOXl1f0gSNYO\l1f0bSNZOal1^OVSN8LE>d0Um1C`RNH;d0Xm1B_RNH9g0Xm1YO[SNh0Yk1TOPUN1Ij0Wk1UOYVNk0^l1000O1O1O2M4L4M2O000002N2M2N1HVQNXORo1a0:K3N2N2N3Ln\_W1
20140828080414Th_3,m[o^23mo1O2Ojna10VQ^N0cP40`oI1ho14000L40[Q6OenI101O0T15fFIX`N9e_1LW`N8e_1I[`N7e_1JY`N7g_1IY`N7g_1IY`N6h_1JX`N6h_1IY`N7f_1JZ`N6g_1HZ`N7h_1FZ`N:fg110O[HDf_N=X`1EX[NNZ1=]c1Fh_N:W`1Gi_N9V`1Hj_N8T`1FZXNNb7=S`1GV[NMi1=Qc1EV[NOi1<Rc1BX[N0f1?ij11N2O1O1O1O1N2O00001O001O01OaNVOiSNj0Xl1VOgSNk0Yh1XOiYNMdL0c1j0Qh1ZOgYNLeL1a1h0Uh1\OdYNLdL1b1e0Zh1]OaYNOVNc0[h1]O`YNMVNg0\h1ZOT[Nf0nb1]Ol^Nd0Ta1\Ok^Ne0Va1ZOj^Nf0Wh110O01N2O010000O100O[MVOVVNi0al1O00N3M201N1O2O0O2OoNVQNn0Wm1ROXTNR1ik1mNYTNQ1gk1oN^TNl0]m1N0010O00O2O0000O0\IXOR^Nh0ma1ZOR^Nf0na1YObWNO\6i0Sb1WOaWN0[6j0Ub1UO`WN1Z6l0eh11O1N2O000000000^JoNV\NP1lc1POeVN0[5P1Qd1SOo[Nl0Qd1UOl[Nn0Td1ROhWNLk2T1_e1mNgWNOg2V1jj10O10001O01O010O1O1N2N3M2M3NaNYOhSNg0Yl1YOgSNf0Zl1ZOeSNe0ng1XOU[N3lLe0og1YOT[N3lLc0al1]O\SNd0fl1^OWSNa0kl1_OTSNa0oi1[OjWN5VN?Pj1]OkWN4TN>Rj1]OlWN5dMIA15b0mm1KRRNFJ368Zj1BSYNP1dL\OZj1DSYNP1bL[O\j1ESYNo0bL[OTn1d0mQNZOTn1e0PRNVOTn1h0h0I2O0O10WL^OTXNa0lg1ASXN>ng1DnWN<Uh1BkWN<kk110100O1G@oPNe0Qo150O10O0nJUOQVN1k4j0Re1^OkZN`0Xe1_OPVNJc4f0^e1@PVNJb4d0`e1BnUNK`4d0be1@PVNK]4e0fe1[OdZNe0[j1K41O1N2L4K50O1O101N1D<M20010001O00001O1O1O0001O0M301N10O1N2DJmPN8nn1@UQN4MM2>jn1K[QN5an1MaQN1]n12dQNH_n1:cQNC^n1=dQNB[n1>b01O2M2O2N10L5J6N8I3Knh`Q1
20140828080414Th_4,\TU_3640[o1;1O1N4M1O01N2O2O0O2O020O0O7QQN_Oom1e0gQNCXn1\1KN02iQNZNPn1j11O70i0nN;F2N1N2N2N1O1O10O01O01O000001O0000000000O100O10O01O001O1N2O0001O0O2O1O1O1O2LohP=
20140828080414Th_5,TPWR11lo1;G3N?A1eNSObSNl0]l1VObSNj0^l1TOcSN:hN6Po1JQQN4Po1>O100001O1O0O1O1N201O1O000O1O01O0O2O1O01O00YOZOlQN2Id0[n1^OhQNk0Yn1XOdQNg0]n1[O_QNf0bn1;2M2N2O010O01O0001N201XO^QNNkn1I[QN1]o1MSPgj2
20140828080414Th_6,jmTP21no11O2L300lNK\RN6dm1J\RN6dm1K[RN5em1J[RN7em1H[RN8fm1HYRN9fn1100001N10000O100O1O100O1O100O1000O1000000000O1000000O2OaoQ11ZPnNOXPN3go14N10000O01O1O10O10O0100QQNIgm11kQN6Po1JPQN6Po1JPQN5Qo1KnPN5So1KmPN5So1KmPN4To1LlPN4b0KPn15QRNKnm16RRNJnm15n01000000000000O100O100O2O0000O10000OYQNHhm18XRNIgm17YRNIgm17XRNJhm15YRNLfm14ZRNLem14\RNLdm14\RNLem13[RNLfm13[RNLfm14S11O01O0001O000O11OaPNKVo13iPNMXo11jPNNWo11iPNOWo11gP>0eoA001O1O004L1ZOHcQN8\n1IcQN8]n1GdQN9[n1HeQN7[n1JdQN7[n1IeQN8Zn1GhQN8Xn1HhQN8Xn1HiQN8on100000001O00JIdPN6\o1KdPN5[o1LdPN4\o1LePN3[o1NdPN3[o1MePN3[o1MePN3:Ian15VQN18Kbn14VQN44Ifn13VQN44Jen12WQN52Jfn12XQN42Ihn12WQN41Jgn13XQN31Jgn14WQN22Jhn14UQN22Kkn12RQN33Kln12PQN34Kln1>TQNBbn1LbQNa0MB_n10cQN>NB_n11bQN<0C]n12cQN:1D\n13bQN83F[n11bQN84GZn11cQN74GYn12cQN74GZn11bQN84GZn11bQN49JVn10cQN49KUn1OcQN6_o1N3NeR]d1
20140828080414Th_7,eiPc12Zo12TQN3gn11WQN0in1OWQN5gn1H[QN5\o1JeQNO[c53lZL7N2OO1O00RZNGS\1;f94N101N1M3O1O2^QNZOhm1f0i0DQQNHon17RQNH];KmW1<kaNIed1?Z53\ZN[Of[1j0UdNYOj[1h0i`NSOVM4Qb1i0g9L201O00101000O0fWN@Ta1`0j^NFQa1<n^NFRa19m^NGUa17k^NHWa16lYNAk28Yc17kYN1^2Ghc18gYN6^2Blc19SYN]OWOl0e3@Rd18PYNj0h2SO[d12\XNa1m2bNmd1JUXNi1g2]NVe1JRXNNJo0n2XOXe1JSYNe0g1AVe1GXYNd0e1DSe1GXYNe0U1mNcMf0Qh1FWYNh0T1TO[Ma0Zh1AXYNj0Q18fe1mN[YNl0k09ie1mN\YNR1a01Tf1nN\YN\1GYN^Nb1dh1hN`YNW1YO3[g1eN\YN\1QO3eg1_N[YN_1jN5og1YN^YN[1SNbNHk1nh1TN^YNj0^M@=i1Sl1oMbTNP2il1kNYRNOgm1U1N2N3N102000[N`RNg0am1POgRNP1\m1fNmRNV1`0nNZl1g0gSN]OVl1b0kSN^OTl1?QTNDjk14_TNLdk1LcTN1hm1N2N11N010bIIR]N4`i1LWP65foIN3O00TPNOio15O2OO10001N20[VeV2
20140828080414Th_8,`Uml01no30QPN1aPNOmn11QQN1hn1OoPNO:2gn1OnPN0:2gn10nPNN;2gn10mPNO<1gn15YQNKfn17YQNIgn16ZQNIgn18YQNFhn1:?1O01O000000000000001O0O10000000001O001000O00001O000000O2O000000000010O2OO0000000000000001O0000000000001O00001O3M1O10O002M2O0000000O100O100000001O00000001O000000000aPNHVo18jPNIUo17jPNKUo15kPNKUo15jPNLWo13iPNNVo13hPNNYo12fPNNZo13dPNN]o19100000000000000O1000000O1O12N0O101O000000001O0000_OePN>_o1O100O0O2O000O100N3O0O101O001O100O00001N2Olidi2
20140828080414Th_9,Ud]V21mo13G9M2O6K000O1O100O101N2O2N2N1O01O5K001OIXOWQNg0in1ZOXQNd0gn1_OXQN`0fn1EXQN9in1IUQN6mn1>0O2N2O101M3M3N1O4L3N0O000000000O011O0L]PNJfo11P\df1
20140828080414Th_10,TmdS21Xoi00hPXO1N00000000000O1XP2NQP>0io_O0F0dPN0fo70PPJ0eo90[PF0PP40PPL0YPb00PP\O0Wo11oPNOXo10bPN1]o1OdPN0goc00QP@0noM1Vo1OkPN0no10SPL0lo102000TPN0ho10WPN2ko1000N21N2OQQ6OenM0`P20_o11[PHO10io52UPJOTPNOjo10ZP20RP20hoK0I070O1RScd1
20140828080414Th_11,Zjfd11nf[10RYfN0Qo70nPH0Rno00b\TO3^eKMoo5001loI0VP4OloK0RP20TPL0jo10WP40koK0hN0_RN0`m18XRNHjm19URNGkm16RRNKXOOjo14dPNLhn15c00O100O04L0OlQ:OUR]U2
20140828080414Th_12,Pmdm07ho1201N4L2N001O00101OO1O2E`PN3`o1HdPN8^o151O1O1O1O0O1O2O0O10N1O0O2L5L3N2OO10001O1O2N3N1M2O3LfRko2
20140828080414Th_13,YZQV13mo11VPNNdo18O000100O2N1000000O1O01O0000010O000DKmPN5_o10001O010O0000001O000O20O00001O001O00000O0HMePN3[o1NdPN2[o1OdPN2^o1LaPN5_o1K`PN5ao1J`PN6_o1K`PN5Uo1LPQN0J4Wo1NmPNNK4Yo1OkPN4Wo1MePN5[o172L5M2N4JjeZf2
20140828080414Th_14,Y]]b11oo11]PNO74Vn1MbQN163Xn1LaQN183bn1N]QN2bn11]QNObn13^QNHen18>2bQNFYm1:V1001[QNGcm19\RNJam17^RNKbm15[RNNdm12ZRN1fm1NXRN5hm1IXRN7im1HVRN9km1FTRN;mm1EoQN>Un1^OaQN0Nd0ln12500000O02M4N2O3Cbbd[2
20140828080414Th_15,aZiV11PP:0VP20doG0Toa03nP\O001O001O000000O100O1000]PNNXo12hPNMYo13gPNMYo13gPNMYo13910000O1O0100O100O100O1000O02O1O_fde2
20140828080414Th_16,VgnY31mo12SQNOkm10URN1km1NWQN1j02Rn10lQNOUn14gQNMYn14eQNM[n14cQNM^n12[QN5en1LYQN4Yn1ElQN9H2\n1EmQNk0Rn1WOnQNh0Rn1XOoQNg0om1WOURNi0hm1ZOXRNf0gm1[OYRNe0fm1\OZRNd0dm1^O\RNb0`m1BYRNFFi0Qn1BWRNGGg0Rn1BURNg0km1YOTRNh0mm1XOQRNg0Rn1XOnQN2M4Un1JnQN2N2Vn1LkQN2O2Wn1KjQN3O3Vn1JkQN4N2Wn1JkQN4M4Wn1IlQN1N6Vn1IlQN1N6Un1JnQNNN8Tn1JoQNK19Pn1LQRNF2>om1J_RN5bm1J`RN4am1LdRNFUO2Xn18X1002N001O0O2N1O100010O1N2O1O2N1O01O1O1O002M2L4L3M30001O0001O1O1O1O1O001O0O10000101N1O1O0100O01O2N0000O1O2N1000001O0002O0O0101N2N1O1O1O1N4G`PNJdo13nXW?
20140828080414Th_17,lZei13mo100Noo51UPH0jo130O100001O0O2O0010O001O000000000O1000000O1000000O100001EMgPN3Wo1OiPN1Wo1OiPN1Wo1OiPN1Wo1OiPN0Yo1OgPN1Yo1OfPN2Zo1MgPN4Xo1LhPN4bo10001O0000O10O0100O102N0001JXPN2ho1NXPN3jo1O100000GNdPN2Zo10fPN0[o1OePN1eo101OTeRR2
20140907195814Mh_1,\^gV12mo12O3N4LNhMH]SN2`01ol16X16@`0M5UQNnNNOVn12lQNa1MdNhm1n1000O2L4M3N3N2VNXRNY1Zn1O1N3M1001OO01N1010O001O00000000000O2O10OO10100N11O00O1O101N5L3L5K2NgMHlTN6Qk1NPUNOPk13PUNMnj15RUNK]j1HlSN?f1I_j1IhSN?i1Ikj19TUNGlj19TUNFlj1:TUNGlj19YUNBgj1=_2O2N5I_cRe2
20140907195814Mh_2,niTW35io12O2N2N2N3M2M2O1N3jKZOoXNg0Pg1ZOoXNi0Qg1UObXN0gLl0Zn1WOdQNj0\n1VOdQNj0\n1VOeQNi0]n1TOdQNk0jn1N1O2N2N5BcPN0cn1J\QN1ho17K2010O001N3N1MoP82PnGL^QN6;1Sj11QYNL_L4;0Sj13PYNJbL4<NPj1:lXNEjL1;HB4]j1`0hXNDoL0`0Iji1e0dXNBSM0Rk1>iWNCVMNSk1=dWNH\MHRk1>`WNLcMBnj1`0bVNJaN3ak12mUNNaNOdk12iUN1cNLek12fUN6cNHhk12cUN:`NGmk10aUNR1aj1mN_UNR1bj1nN^UNQ1cj1oN]UNo0ej1PO]UNm0ej1SO[UNl0BjNei1;gVNj0DPObi16hVNk0GPO`i16gVNi0KQO^i17WVNETOS1Y1PO^i18SVNGUOo0\1RO]i17QVNIUOm0_1SO\i17oUNJUOk0e1oNYi1<jUNNTOf0m1nNVi1?cUNT1`l1kNYSNCCb1Vm16lRNmNVm1Q1nRNkNSm1S1QSNhNSm1V1l0N3AeQNUO^n1h0g0CROBeRN2QOM]n12]1NR\Qd0
20140907195814Mh_3,aRYV3131eo16O1O00100O1000010O1O1M2hVNClb1`0Z605K10O4K2ZQNAhm1?WRNBim1>WRN@Pn1<SXNBka1>R^NEna1:Q^NGoa19P^NGQb1:n]NFRb1;m]NAWb1?e6001lSNBdh1>]WN@ch1b0\32N1nQNAc0MQj1c0QUNKm0@>6Wg1>\WNMT3Kae17mVN_OL?d3Mee15gVNCN:f3Ome1O[VNJ25g33Pf1:XVN\Om3:Qf17QVN^On39Wf16mUN]Ob3f0ff1LaYN4cf1K\YN4gf1JXYN6kf1HTYN7Pg1HoXN8Sg1G^UNDm2f0hg1EWUNHo2c0ng1C^XN=fg1BWXN>lg1BaWNOZM>Yk1BZWNP1hh1QOVWNm0mh1TOQWNk0Ri1UOlVNj0Wi1VOhVNi0Yi1XOeVNh0]i1YOmTNJ`0n0dj1ZOhTNIc0m0gj1]ObTNGf0>iNBSl1:ZTNHj08nNCQl1<VTNJn00nNIQl1<RTNNd1D^j1:nSN:Tn1^OQRNT1Tn12N01O6H6K3L3H8K6IdjPe0
20140907195814Mh_4,chhX31ioa01SP@1dPNNjn11dLOPXN0]l10WK0dXN0oK0]k10cXN0QL0ao10TL0jTN0Y20_M0`k10aXN2cKO[k1OaXN0eh;0TUD0J0Wk10oTN0go10`N0`l10QTN0RO0oPN0S10Tn10`00jM0_RN0Qo10\RN0Wl10WSN1SOOf00nk10o21_PNOI0M0ln10oP20aRL0lj11b2OcQN0jl11gRN2UONXo1OG0\QN0So10^PN0[ZWd0
20140907195814Mh_5,kaUb22mo13L2O2O0O110O001O01O1O0001O00000O100O1H8O1O100000O01000O100000000000000000000000I\ORQNc0mn1APQN`0on18O01O2O10O01O100O100O10000000000000SNZO`TNf0_k1[O`TNf0_k1^O^TNa0bk1A]TN?bk1B^TN8\NBWm15]TN9^N@Vm16\TN9kk1C`RNOe1>jk1CcRNNc1>kk1DbRNOc1<kk1EbRNOc1;lk1FaRNOd1:jk1HcRNMe19fk1KgRNKd17gk1NeRNKe14ik10bRNLg11hk14d1LVQN4jn1LVQN2kn10TQNNmn13`0O01O10O]P:LgoE100TPN0ho14000000O0100O0O20eRNOgj10YUN2gj1LZUN4Xm12O00001O00000O101O000O10000O10O010000O1O100O1O010O100O1O1O1O1O1O1N2N2M3M3G8O2O0100O010O101N100O1O2O0O2SOYQN?hn1_O[QNNL8bo1L\oa0LmP\OOko10UP80noG001O001OO101O\PN1eni00mPXO2N2O0O101N1O1O2N1O2N3M1O101M2N1O2O10O010O00100O001O1I8N100O1K`PNIao166N1N3NkoQ1OUPnN2N3N1O1O1N3M2O010O1O100O1000O1000O010000O01000O1J6M3O1O3Mda`l0
20140907195814Mh_6,ebg]21lo10UPN2io14N2O0O1O101N100O1O2O0O2M2O100O2O1N2O1N1O1O2O0O100000000000O100O101N1^OoPN5Ro1HRQN5on1JSQN5\m1FlSN3iN6\m1GkSN2kN6_j1HoWN0WO6jh1LnWNOXO2lh1OlWNOXO2lh1OlWNOYj12eUNOZj12fUNNZj12eUNO[j10fUN0Zj10fUN0Zj1OgUN0[j1NgUN1Zn[2OjneM0foQ10[PnN0000000PlW11nShN1O2O0O2O01N10000000jQNM^l14bSNM^l11cSNO]l11cSNO^l1OdSN0\l1OiR20QoM2OO2Oao?0^P@1O10OSP80noGOl01TO0O1O1000000000O`R:NbmI0coY40^PbK0^_jQ1
20140907195814Mh_7,olT[12mo14K101O1O101N10000001O011O00O01O0O100O2N1000O100N200O00000IKcPN5^o160O2J`PNJao137Mgoc0O\P\O3N1O1O1O0001O00001O00O1O100000010O0001O01O0010O010OjQNKcl15]SNM`l13aSNL_l15`SNKal14]SNJgl17lRNIXO2km15YSNJhl15YSNKfl15nRNJXO0km16b100O10O10O0010000O010O1OkQd0OVn[O1O11N1OWSQ^2
20140925195834Ch_1,[Xan08fo18J5K1O2O2M4L3O7H001O4M2M3L7I3M6J<D100101O0OO5L2M102N2M:F6K4mWNjLSc1_3a\NfL]c1`3Y\NcLhc1`3R\NbLoc1_3n[NaLUd1_3i[N_L[d11YXNj2W3UMcd11XXNh2R3WMhd11YXNg2k2WMod11YXNh2d2VMVe11YXNh2]2YM[e1OYXNk2U2XMde1LXXNm2P2VMle1KUXNo2l1WMQf1ITXNP3i1VMVf1ISXNQ3c1XM[f1FTXNY3l0\MRg1[OVXNY3=`Mag1PO]XNe0POg1o0dNfg1QO]XN9ZOR2<eNng1QO`YNY2]NfNUk1V1RTNkM5Q1Sl1^29F8H6K4L4J5M4K5K5L3N3N1N1L5N100O100O1000102N>B3M1N2L3M4L4K6JRaXl2
20140925195834Ch_2,cklP11oo11N10000001NUnc02hQ\O2O2N101O001bPNJPo17oPNJPo16oPNLQo15kPNOSo1`0O00000000000001O0O10000O100OYUNZOVf1e0kYN[OUf1b0e4O2O2N1000000001O01O0000000000000000000001O0010O01O01O101N100O10O00100O1O010O100O001O0000100O1O2N4M0O100O2O1N1O1O1O2M3M3M4M2N2N1O1N1000000O01N2O100O1N2N1A`0O10000001O001N101O001O00001O001O1O1O1O00001O00010O01O0010O100003L2YORQN9on1DTQN:]o1M0O10000O01O010O100O100O1O1010O000O00010O0001O001N2O1O1N2O1O1O1O010O10O1000000001O1OO100010O000O010O2N1N2O2N2M2O2N3M3N0O2N2N100O1O0O101O00O100O1O10O1O2N2N2O001O1O1N2O001O1O1OaNVRNh0jm1WOXRNi0gm1WO[RNh0em1WO]RNAIR1jm1]OcRNa0^m1^ObRNc0^m1\ObRNe0_m1YOaRNh0`m1VO`RNk0`m1SO`RNn0cm1nN^RNS1Wn11O1O1O100O1000O2O1N101N1O2N1O100O01000TOXQN?hn1_OZQNa0gn1\O[QNd0Qo1O100O00iPN[OTo1e0jPN]OVo1h0N10O1O001O1O001O00000000001O000000000O1001O000000000000000000O1000O10000O1O2N1O2O0O1O10000O01N2O1O100O1O2N108G3NlPNGbn17_QNK`n14_QNMbn11_QNObn10_QN0an1N`QN3`n1KbQN4Uo1010O00O2O0O2O01O001O001O000001OmPcX2
20140925195834Ch_3,UQSb02lo13O6K2J7PO0bQNHO6Vn1Z1I8QORNaSNS2Xl1UNdSNm1Vl1`N_SNd1\l1R1LPNgSNb0Ul1_OQTNHJ[OQl1n0YTNDF@mk1m0`TN=\k1DfTN:Yk1EkTN:Tk1oN]TN_Od0d1oj1gNhUNX1al1O1O2N0010O10O01M2O2N20O10O01N1oNVRN\OL3om1`0XRNYOO2im1h0XRNSO13im1i0dRNSOZOOUn1l0`RNTOhm1j0j0N1N7I1NRNHUTN7ok1DTTN:jm1O4JYnjZ3
20140925195834Ch_4,nmP`22mo11001O00000OXn71fQH3O0O101O0O10O0100O10O10O100O1000N110O01O2M2O1O1N20000000O10YOGfQN:Xn1LdQN4Zn1j0O001O100`TNeNZh1\1fWNeNYh1[1fWNfN[h1Y1eWNgN[h1Y1fWNeN\h1Z1V3O0O2O0O2O1N3N4K2N101O0O2O000000000000001O0001O0000001O00010O0000000000O2O001O1O001N10001OQQN^O`n1b0`QN@LOVn1a0mQNAMOUn1a0mQN@NOVn1`0lQNAN0Un1?mQNBL0Wn1>mQNBL0Wn1=oQNBK0im1NYRN`03CJO;Mkl11mRN`03CJO:Nll10mRNa02BKO:NKOcl11[SNa02CJNj0Mok11[SNa02CJMk0Nnk10\SNc00BLKYn1c0kQNC^n1<bQND^n1=bQNC]n1=cQNC^n1<bQND^n1<bQND]n1=cQNC]n1>cQNA]n1a0aQN_O^n1c0bQN\O^n1d0bQN\O^n1d0bQN]O]n1c0cQN]O]n1c0cQN]O]n1c0cQN^O]n1`0dQN@\n1`0dQN@]n1?cQNB]n1=cQNC^n1<bQND_n1;bQNE]n1;cQNE^n1;bQND_n1;aQNF^n1:bQNF_n19bQNFan17_QNJ`n17`QNH`n18`QNI`n16`QNJ`n16aQNI`n15aQNL^n14bQNM]n13dQNOYn10hQN1Xn1NhQN3Wn1MiQN3Xn1LgQN6Xn1IiQN7Xn1HhQN8Yn1GgQN9Yn1GgQN9Yn1HfQN7\n1HdQN8\n1HdQN7]n1JaQN7_n1IaQN6`n1K^QN4dn1L\QN4dn1M[QN3am1EWSN8XO3am1GUSN7YO2bm1GVSN6XO3am1HWSN5XO4`m1GYSN4WO5`m1GYSN4WO6`m1DZSN6VO6gn1IZQN7en1I[QN7fn1G[QN:Sn1EnQN1O:Sn1EoQN0N;Rn1FQRNMM>Qn1F`RN:`m1F`RN9am1G_RN9=Bjk13kSN:`m1EaRN;bn10001O001O001O001O0010O01O0010O0AKTQN4kn1NTQN3jn1OUQN1jn1OXQN1fn10ZQN0en10]QN0an1OaQN2\n1OeQN2Yn1OhQN1Wn1OjQN1Un10kQN0Tn11lQNOSn12mQNNRn13mQNNRn13nQNLSn14mQNLSn13mQNNSn12lQN0Vn1LkQN4Vn1JjQN7Vn1HkQN7Vn1HjQN8Xn1FiQN:nn101O001O001N101N110O0010O01O001O010O00001O010O1O1O0O20N2O1O0O2N10001O0010O004L1O001N10[Pn00doQO2O1O1N2O00001O01O1O4KkQb3OUnff0
20140925195834Ch_5,ga[P21no15K3N4[PNDgn13iQN>Tn1LdQN4Zn1OeQN1Yn11gQN0Xn10hQN0Xn10gQN5Un1FPRN=lm1BVRN?jm1AURNa0im1@URNb0jm1ASRNa0lm1_OSRNb0nm1]OQRNc0Pn1]OPRNIN=Pn1JSRNF1>km1MeRN0[m10gRNNYm13gRNLZm12iRNLXm13jRNKXm13kRNHXm16hPl0HgPTO4M3O0000000000000O10O1O1O001O010O1O1O2Meo37UPL3`PNGUo19jPNIUo1a002OO0O2O1N2O1N2O1OO100O1O1O1O100O1hQN]OSm1d0jRN_OTm1b0kRN_OTm1b0kRN^OVm1b0gRNAXm1?iRN@Wm1`0jRN^OWm1b0jRN]OWm1b0T1O010O100O1N2M3M300O1O0010O00000001O001O1O2M4Mf`^h1
20140925195834Ch_6,ZXUW21mo14N0O2O01N2N\20imM1fo19J5L2O0O1N0101N20O01O1O10O01OO2O1O1O1N2N2N3M2O2N2NWOVQNb0cn1_O`QNa0^n1_OcQNa0[n1@fQN3KL^n1OiQN10GH4_n13jQN1fn11ZQN0en11XQNMjn16TQNInn17RQNInn17SQNIln16VQNJjn14YQNKfn13^QNLan13bQNK]n16d020000001O00O010000000O20O00001O0O2O1000mRNI]j16cUN8Pj1GoUN;Qj1EmUN>Rj1ARVN<ni1B]VN5jk1MPRN1Rn1NPRNMWn30`P`05UP^O1010O1O1O1O2MTelb1
20140925195834Ch_7,elTS21e01Yo10O1O1O1N3M2O1O01O01O001O1O1O001N1000010OO1O1O01N200000100O1000001O000OEgPN1Yo1MjPN2Vo1MlPN2To1MmPN3So1MmPN3So1MmPN3So1NkPN3Uo1LlPN3ao1MXPNNho150O2OYSki1
20140925195834Ch_8,QYah12ko13N110001O2Moo7OSPH10OPQl01mnSO3N1O00000O2N101O01O0010O010O001N1100O000000O2N00101OO101O6JJKfPN1]fhS2
20140925195834Ch_9,ZY[P28go13M3gQNDil1e0oRN[OPm1j0lRNVOSm1m0kRNTOQm1P1nRNPOol1S1RSNlNml1V1RSNjNml1Y1QSNgNol1Z1PSNeNPm1\1j0O01O1O1O10O0BeQNYOZn1g0hQNWOXn1i0kQNUOSn1l0XRNQO_m1P1bRNPO\m1R1eRNlNZm1T1i000NWQNnNjn1Q13O0010000000O10O1000O10000O100O100O1O1O01O1O1O001N2N2N2O1O001O10O01000O1000O1000000001O0000N2000000O2O001GgPNIXo17lPNEUo1;80TRNDnk12]RN:f1Dmk1a0STN_Omk1`0TTN@kk1a0j10000000O1000002M10000O10O001O0010O10001O0O0jPNYOUo1e0400O1001O1OOiPN[OU21lMO11`l1b0gUN^Odj1a0\UN^Ofj1b0[21nRN]Ogj1b0YUN^Ohj1b0[2O1000O10O10\SN_Oii1a0k2000iRN_Onj1b0X200O1O0L50\SNDdi1<P3O100O]RNFak1;^TNEck1;jTNEij1;WUNEij1;WUNEQN2Wl18SVNG_MOJ1_l17oUNHjM122Rl13iUNJSN01120Rl14YVN1Uj1NiUN5Wj1KhUN6Yj1IgUNO^M3kl1MhUN0^M2jl1NhUN0^M2bo1M_PN3`o1LcPN4[n1LgRN2hl[1NnQfN000QP21cn5O\QH000RPN0ko1301O0O1O10001N101O1O1O00001O01O100O100O0010O010O01O001O1O001O1O002M_hba1
20140925195834Ch_10,el`[23ko14M2M4M4M1O1nQN_Ocl1a0\SNAdl1?[SNAfl1>ZSNAhl1=ZSNAgl1>_1N2NfQNFQm18oRNJQm11SSNO^n12N3M2O0O1O100O001O1OLaPNJ]o16dPNJZo16kPNGTo1990000N200000oPNJYn16iQNIVn18jQNHUn18_QNImn16TQNJkn16WQNIhn17YQNJen16\QNKbn16_QNI^n19d01O0O1O1K5L41O3N2L3N3F_PNObRQa1
20140925195834Ch_11,R[cZ31oo110O00in97PQF1N4M2M2N2O010TQN^OXn1b0hQN^OXn1b0d0O000100O010O01O1O0001O000O10000O2O0O10000O10001O008G2O00O1000000O100O3N2N1O010O1O0[OjPN`0\o1O001O002M3N1O001O10O01O010O100O010O010O1L]eX`0
20140925195834Ch_12,SQYb01ko11MOePN0nm90fQF0^R20\K1XTNOek10iSN1]n10VL4g30O0gRNK]O0[i14nUNLYn32XT2N`e?6]]ZOJ]b18a\NHmJ2Qi16Q\NIlJ7nh12d\N0Zc10h\NOPJHSi19Q]NKkIMUi17S]NKPc12a6Mc5N[ee16fTZN<K3O2M2O1O01N101N3K5M]QNEom1MTRN6kn10ON3N]n;OiQB0fo16O001O0001O0O103L2OiT]W3
20140925195834Ch_13,Q`Yi14ko12N1L4N3N2N6J2O2M2N00001O1O001O10O0[OSQNNONPo13TQNNTo12nPNJTo15<000000OO1O01001N2O00001O2M200O000100O1N2O1L4O6JPajS2
20140925195834Ch_14,]]if06io18G4AAWQNe0`n1g0H5K1OQOlQN2Un10oQNJQn18ZRNZOgm19iQNKPo15SQNGon18<01OO2O000FFoPN;Po1EPQN<Qo1BoPN?Yo1O001O001N2O00001O001OjQNKbl15[RNHi09cl1NdRNIk07al11nSNLSl15nSNHRl19j10001O2K5NRdbV3
20140925195834Ch_15,mYe]14lo11O1O10O1NWPN0jo10001OXPNNbo13]PNNco11[PN1eo151O0O2O0010O000001O00001O0000000000001O000001O0OMVPN2jo1NWPN1io10VPNOjo1221O0O10O001O10O010O001O10O010O1Odok0O]PTO1N2PQNLSn14mQNNQn14mQNMRn14nQNLQn15oQNLom14m0011O0hPNIhn15\QNJD3en11jQNM@2fn10RRN0nm1OTRNOmm10`R2NcnM1O2OO100O10O0N300_eZ\2
20140925195834Ch_16,n[en22mo12O01O1NoRP11QmoN3L20O01O0000O101M\nQ26lQlMH_o1`0N0O00001O00O100O00001O100O1O1O1N3N\OJbQN1`n11e03M2M4M2O1O1O100O1O00000001N2L4M2O2NO11O10101O@OQQN1nn11QQNOon11RQNMon13RQNKon15>01O1NcnU52bQjJLEOdPN3Xo1MlPN2Qo1OQQN0nn1OTQN1^o1O01\OOXQN0\o10lTN0Xf10fYN3fe1MSVN2S43je1KSVN3Q44_f1L_YN5ne1HTVN3l37oe1FUVN5j36Qf1EUVN4j37Qf1EUVN5i36Rf1FTVN4j35Tf1GQVN4k35Tf1GQVN5k32Uf1IQVN4k31Uf1KPVN4l30be1KaVN115m3Kae12`VNM36T3JRg14fUNL47R3KRg14gUNJ57R3KRg14\VN1a2KSg15eUNI97P3IRg18[VNOb2JSg18ZVNNc2JSg18cUNG<7n2JSg18ZVNN\m12dRNN\m12lQNG?6em13lQNG?7dm11nQNHRo17<00OeQNJol13SSNMml12TSNN_n10O100O100SOOkQN0Xn1OgQN1Uo1O0000[O0ZQN0en12ZQNNi01al1OfRN0g05bl1KfRN0g07bl1IgRN0f09cl1HdRN0j08bl1IbRNNm09al1JaRNMP17al1J_RNOQ16bl1J\RN0S14bl1M[RNOU10bl10YRN0Yo10fPN0[o30ePL0[o10;0YPN0\o10;0YPN0\o10;00002WeV`0
20140925195834Ch_17,mmX`21oo1000O1Yn31eQLNVPN1mo1O000010no30no=0coI0joM2]PJNXPL0000010PP40PPL010UP<0mPn00VnYO0kQZO0ln11O0O101nNMURN0QO1ko1OWP20loM0lo30gnM0]QN0]PN0co10eo10mQL0Qne00]P\O000Wo30jPN0PPN00000WQ20bn50XP20SoG0TRN0hn10ooM0kog00io_O0kPH0Ro=0_PB0TP`00WP^O0eo10F0]P:0coI0ZPL0ePN0en10SQN0M0go10ho70XPH0^O0_10gN0gPN0eo10SP60loI0jN0]RN0dm12XRNNmn10000000O10O00io10900000VPL0co30]P20io31moGOVPN0no10QP80[P\10do[N0QP40noK0QP40ooK0J2YPNNcQom0
20141009195814Mh_1,i]_\15ho18F8J5N1N10O1O2M2O1O1O1O00O1O100O1M4M3N1O2N1M3M4O0N2M3N20VOaQN3an1JeQNEin18a0O1O001O1O01O1N2O0000M3N2N2O1O10O1nQNKZl15eSN3Tl1MmSN2Rl1OnSN1Rl10nSNORl11bRN1i0Mel12bRN3j0Hdl16bRN1l0Gbl18bRN1fn10ZQNOgn10XQN1hn10WQNLmn14SQNKon15QQNJPo15PQNKPo16RQNHnn18=O10O010O1O001O001O1N101N100O0100O1000OO2O1O010O01000OmRNH`j19_UNJ_j14dUNL[j13gUNLYj13jUNKUj15mUNJTj14l201N100000001O001O2NRfh\2
20141009195814Mh_2,jj\W22no12N4L2N4[PNC`o1?O1O0010O1O2N01O0001OO10O1O1MYQNGUO3cn15YRNMgm12ZRNNfm12ZRNNfm11[RNOem11[RNMgm13YRNLhm14kQNKcn15]QNLbn13`QNM_n12bQNN^n12bQNN_n10i0NeQ83YnG100VOMgQN3Wn11gQNNZn13eQNL\n16bQNJ^n16bQNI`n16_QNKan16d000010O001O010O001O3M3N0O100O11O1O5K1N2O000O010O010O001O01O0001O01O01O0001O00O10GLfPN4Zo1MePN3[o1NdPN3[o1MePN3[o1MePN3[o1MdPN4\o1KePN5co100000O010@HWQN9in1JTQN6ln1JTQN6ln1IUQN7ln1HTQN8Zo101O000O1000000O10O10O1000mNKZRN6fm1KYRN5gm1KYRN5gm1KYRN5fm1LYRN5hm1HZRN8gn1O01O1N2O0_NE^SN<al1F^SN9cl1H[SN9el1HYSN8hl1IWSN7jl1HVSN8jl1HVSN7ll1HTSN8ll1GUSN8kl1IUSN6ll1IUSN5ml1KTSN3ml1MSSN2nl1MSSN3ml1MTSN1ml1Ob1O]Ua_1
20141009195814Mh_3,a_YS25ko13M2M4M4L2Ma0@2O10N11O6KiN^QNo0`n1nNfQNP1Xn1POiQNP1Wn1oNjQNP1Wn1oNjQNQ1cn1QOXQNe0So1N1O1O00100O10O010001N2O0O1O100O1O0010O00001O0O1000000O1O1000000O101O0000000000000000001O000000000000O10000000000O100000O100000001O1O000O10O1O010O1O001O010O010O0100O01O10O001O010O001@_O_QNb0an1BZQN?fn1>O01O010O0001OO110O1O0001O00001O01SOXQNa0hn1_OZQN>hn1AZQN>en1A]QN>dn1A]QN>dn1@^QN?Ro10O1O010O1O1O1N2O00001O1O1O000000O2N101O001O0O10001N0101[O@iQN`0Wn1BhQN<Zn1DfQN<Yn1EgQN:Zn1FeQN;[n1EdQN<]n1E`QN<]n1_OYQN69<\n1J`QN9^n1f0N001O1000O1M3O0O2N2J6N3N1DnPNISo16nPNHUo1`01O1O2O1N101O001N10001N101N3N1M\aR`1
20141009195814Mh_4,RePX13go17O2N1O5L1N4L001O0mPN[Omn1c0SQN^Onn1`0RQN@Po1=<M3KSQd0H]oYO1io12O1N103N1O000O100O10000O02OO10O1000O001N2O1O00001O0001O001O00001N10^SNE_i1;`VNG_i18aVNJ^i16bVNJ]i17cVNH^i19T31O010O1O001O001O0000O101O001N3N1O001N101OlPNL\n14aQN6Yn1HgQN;fm1AoRNa0\O@jl14jSN=WODml1OlSN?SOEPm1MlSNS1Tl1lNmSNT1Rl1lNoSNT1Ql1kNPTNT1Pl1lNQTNT1ok1jNSTNX1Zm13L10000O01O00000000000OVSNeNRk1Z1j101O1N3NAjNZRNo0]n1O1N2O001O001O1YOlPNa0Zo100O01[K_OjYNa0Tf1@lYNb0hj12N10000O10O1000eLXO^WNg0`h1[OaWNd0^h1[OdWNd0]h1[OeWNd0lk1O2O2N1O2N350H01O0\KFaYN<Zf1GgYN:Uf1GmYN9Pf1HRZN8le1HVZN7ie1IXZN6ie1IXZN7he1GZZN8fe1G\ZN9de1E^ZN;cj1010000O1O2O00O0100O100O2N3N1NSP60moI2kHNX^N3jh11O2N100O1O2N1O1O2N1O0001O01O01O001O10O0001O1O1OeJFQ[N9od1IP[N7Qe1ImZN7Se1InZN6Re1JnZN6_j10O01O00gKIjXN7Tg1KkXN5Ug1LkXN3Ug1OiXN1Wg1OjXN0Wg1OUVN1k00Pi1NTVN5l0LPi1NUVN8j0Jfj16ZUNJej18[UNGej19\UNDcM0Qm1<_UNDej16\UNK]m1Odi30b[J1ae12TWNM^12nMNZh12ZXNO]11oMOZh10c[N0TL0^m1OcRN3bn1201O1O0001O010O010O[LK_WN5bh1J_WN6Ul10eMJlTN7Rk1OjTN0Vk11iTNOWk11jTNOWk1JdRN2V24bm10jMM_TN3ck1M\TN2fk1LZTN4im101O0001O001O000010O000O101NUKOjYNOfd1OPXN2kl10b12N1N1O010ZUf1JljYN1OORUgT2
20141009195814Mh_5,Rhjf25lo11N1N1nQNIZl18dSNJ\l16cSNKWn12M10001RRNMQl13mSNOTl10jSN2Xl1LeSN7om12O0O1K5N1M5O01^OVQNMkn13?1011O103L\PNN]o1OePN2Wm1MiSN8Tm1LgRN9Wm1GgRN<Wm1ETRNN4=im1FiQNK544>nm1JkQNI4>Rn14mQNMSn13mQNLTn14lQNKUn16iQNJXn18eQNF^n1l03fN^QNQ1fn1mN\QNP1gn14oQNnNUm1P1kRNQO^m1e0bRN\O^m1c0cRN]O^m1b0bRN^O\OMim1d0kRN^O]OOim1a0jRNAam1?_RN@42Zl1<cSNA33]l15eSNGL3el11`TNObk1O^TN2ek1J[TN7gm1O3MlTcU1
20141009195814Mh_6,hWYZ14lo1001O001O0O20O0000[PNK_o15aPNL^o14aPNN^o12bPNO^o10bPN0go11N1000001O00000000000000O100001O2O0O0100N102N1O00000000001O00O1000000000001O00000O1000000000000000000O10O01O0100O0010N100010O10O10O10000O010O1000000000000001O01O00000000000000000000010O0001O00000O10000O10000O100O1O0100O1N200O101O0O1O2N102MThZ]2
20141009195814Mh_7,k][S22no11O000TONjQN1\1Obj13R31O1O1mSNJ[h17f31O0010O101N1O3LaT4Ogk=0loC0coI0<0000000oo50nkM1QTL1O1STNMmg15m32OO2OO0gTNKjf13WYNMif12XYNN]k10000000PP>0PPB0]o;0cPD0cPb00hn]O0YQN0Xo90PP60boA0]P:0koG0QP20XPN0PPN0oo10UQL0im10S11O1TQNNim12WRNNim12R1000001O10XPNOL1ao1OcPN0d00Rn11R1OQQ20on1010PPL0oo10PPN1000000O00OUo70lPJ0PPN0000001OO10[o10[QL0fn10YQN1fn1OmPN062mn1NmPN052nn1OmPN031Qo10mPNN02So1NhPN062I3Xo1KUQN5ln1Kc01`QNORm11oRNOQm10PSN0ol11`1000]QNOWm11hRNOYm10fRN0\m10bRN0`m10X1001O0cPNOkn11TQN0ln11a0000iPNNan12h0O0O10O001aPNOnn10RQN0nn10b00^PN0Ro10`00\PN0d`X`1
20141009195814Mh_8,g]_j21lo16L2N3M2N3N3L2O2N001O1mKXOlXNm0of1SOPYNo0Pk12N1OO1010O4L10O01N10O10O01O002N1O2N101N2N2N1O2N2N1N2N2O00O100N2O10O0N4O1O1O1N200O2NbNIVSN5il1NYSNJkl18\13M2O1O00000100O2N1O4K[Pb0MQP\O1`o18KFcPN;\o152N0F:N^n1MeQN2O1YPNMao13^PNNco136LXm]21fRbM5M2N1O1O10O0O100O11O0oMH[TN8ck1L[TN4ek1OXTN2ik1MVTN3ok1HQTN8Ql1GnSN:Rl1FkSN;lm1M4G_PN4ao1M_PN2`o17N2N20M210000]NDcSN<]l1FbSN9^l1HXRNMR19hl1JVRNMR18`n1MnV6LViI1]oe03`PZO1N1011O1O00000O1O1N\hi0NgWVO001O00010KOYPN1fo11XPN1go14000O2N2NkU<0VjC001O00OYeTg0
20141009195814Mh_9,RRWW11QR23cMO^PN5\o1=J3H9L3M4M3N2N2N10DdQNSO]n1>bQNE4J[n1a0eQN@2NYn1c0eQN^O3NXn1c0gQN^O2OVn1<P1O1O11O01N1O101O10O0001I[PN3eo1LRP`02RP@3NO2LhmRf2
20141009195814Mh_10,YRkY24ko11O1N2M2ZOHfQN7[n1JcQN6^n1OPQNK96gn14WQNMin15UQNKkn17QQNKon1c0101N1O010O1O1N1NL[OPQNe0Qo1[OoPNc0To1\OlPNc0Zo1N2O0O101O1N2O001O0O100O10O0101O5JUndc1
20141009195814Mh_11,e]]j21lo14UPN0do1MbPN1\o1OfPN0?0Qn1OYRN6cm1J]RN7en12lNGQRN1H7nn1HQQN9Xn1G_RN8bm1H]RN8dm1H[RN8em1IYRN8hm1HYRN6hm1IZRN5gm1K[RN2fm1NV10[QN1Ym1OeRN3[m1NbRN4_m1KcRN3]m1MdRN2]m1NbRN2^m1NcRN0]m50YQN0PPN002O0O2O01NWP2NloM01000oo30ooK0N110OOoo11jPLOan11]QN1dn10[QNNhn12c0000aPNNQo11`0O0100O3SPNNfo152MdQNLRm11TdfQ1
20141104195854Bh_1,jVoY3655kn1e0N1ON10011O001O2N1OoMWOmTNi0Tk1WOeTNP1Sm12B?M2O1OO1O2L4N2N3L3N200001O1O1N2O1O000O1iMeNhUNo0UNQOTl14dUNm0fj1TOnTNX1Rk1hNmTNX1Sk1jNjTNX1Uk1jNfSN2;h0\OUOcl13bSN79<gl1=SSNCol1f10O1O1OWOeMaSNM7]2Yl1QNeSNm1[l1UNcSNj1_l1WN_SNg1dl1j00iMaSNm0`l1QOfSNF5JYl1?PTNYORm1g0T1O1O001N110N2H8M4Lco31^PL2M1N2O0101M3N3MVP[a0
20141104195854Bh_2,[jVc23lo14J1H901O6L01O13K4LXOSQN>mn1@VQN?Vo10O002ZRN@gk1c0RTNDkk1?RTNCnk1>oSNDQl1=lSNDXl1<eSNCbl17^SNHcl18]SNEel1=[SN^Ogl1h0V13L4M2O10RO^QN<an1BeQN=Xn1AlQN`0Qn1^OSRNb0km1[OYRNe0dn1M200N2ORN@]TN=_k1K^TN2ak12^TNLdk14\TNKfk13ZTNMfk14YTNJkk14VTNIlk18m12OO0J`PNN`1M\l10jSN4Qn10_SeY1
20141104195854Bh_3,lSSm0;So1IYQN<cn1FXQNb0cn1@ZQNd0em1YOPSN5YOd0^m1BUSNk0il1]OoRNg0nl1^OkRNg0Rm1U1O2jRNYMPm1o2L2OO1O0O2kNTSNSOPm1k0oRNUOUm1i12M3NlRN_Mjl1a2USNcMil1f0RSNf04fNkl11fSNV1^OjNnm1U1QRNkNRn1`13M2M2O:E>C5K0010O1O02O1N8I0O1001O00O1O010O10O1O01O2N2N4LYjbo2
20141104195854Bh_4,Ym^R35go14\QNLgn120M^l10dVL2ji13SVN1ki1NTVN3oi1F^SN47<Z1Jek1;ZTNEfk1;\TNCek1<\TN_Oik1a0m1N1OO2dQN]OPO1Sn1c0lRN_OTm1b0[SN\OVl1g0iSNZOWl1f0hSN[OYl1c0eSN_Oal1MYRN50Og02Wl1MhSN0\O1c03Xl1LkSNO\O2?7km1IURN9im1GVRN8km1GWRN7km1JWRN1jm11VRNMjm1;oQNATn1b0d003O0O1O5KQOFVRN:hm1HWRN8jm1FVRN<hn100O1O2MoQkj0
20141104195854Bh_5,fa]U22no101Ocj10Z:3ijM8M2N2O1O1J6N2O1mMWOnTNi0Pj1VOQTN0m02S1h0ni1ZOnTNMU1i0li1[OlTNK\1c0kMBmk1OPUNLV1a0oMBlk1OVWN?Zl10O0kM_OkTNa0Zm10001O0OhLCoVN<Ri1EXVNORN<fk1EWVN2PN:ik1EVVN1QN:jk1DVVN1nM<mk1CUVN1mM=nk1BeVN?\i1@cVN`0_i1^OaVNc0_i1]OaVNd0Vl1\OQQNe0kn1:M3NM320N1O2N2N2O1O2N1N2OM3G:O10O010O100O2N1O1N2O2N1O2O000O2O000O2J@M^QNOcn14]QNGgn19YQNEhn1;YQNFen18^QNHan16cQNJ\n11iQNORn13l01N4N100lNEeQN1h0;cm1FcQN0h0;fm1KYRN4hm1LWRN5hm1KXRN6im1HXRN9im1DWRN`0fm1@YRNh0`m1WOaRNk0Yn10000O1N7VOlPN;_o1N2M5KZnk0OdQTO6N2N1O1M2O10O1O2O1O10000001O00O100O^OH^QN8bn1I]QN5dn1L[QN4fn1LYQN4hn1LWQN5jn1IWQN7=Lkm15TRNLlm14SRNKom14nQNNTn12kQNNVn12iQNOVn12jQNNVn12jQNMWn13k0O1O100O100000QTNLSh12nWN1og1NRXN2nk101Mm_b`1
20141104195854Bh_6,Xaie23lo11N10NWPNNio1230O2oNMRRN4lm10RRN0lm12SRN0lm11RRN0nm10QRN2nm1OQRN1nm10QRN2nm1NQRN3om1NoQN3Pn1OnQN2Rn1OlQN1Tn11jQN0Un12iQNNXn13fQNNYn15dQNK]n1k02O011N1N2O1O\OoNmQNN6S1lm1WOTRNh0jm1[OURNe0LoNgm1=\RNl0dm1VOYRNk0gm1h00O0N2O100O1O2UNRRNa1om1^NRRNa1om1^NRRNa1Pn1\NRRNc1Wn1O0O10O010O01O2NmNhNaSNNVOo0Zm1SOaSNLVOo0[m1UOgSNj0Zl1VOgSNg0\l1XOdSN4iN7em1FbSN1lN5dm1JaSNLPO8`m1NjSN2Vl10hSN1Wl11gSNOXl14fSNMYl16dSNI]l1=\RN[Ok06jl1f0VSNXOll1g0VSNWOkl1i0WSNUOil1k0WSNSOkl1n0S11N5K2N1O2O00TO^QN9cn1E`QN:`n1EbQN:_n1CcQN<_n1AdQN9bn1CaQN;So1N3N3L3Mo`hT1
20141104195854Bh_7,V]]m11mo120OPm70PSH11NcS20blK0fo160OfJKjZN5bj1O0OeJMkZN3Se1OnZNOkJ0]o10dPNO]o11901O00O001M300O1O010O0100O10BMnPN3Ro1OlPN1So11kPN0Vo10hPN2Xo1:10O02AcPN9bo1O1O1O1O10O00001N1O2N101CETQN;en1OXQN0il1DPUN>VNMjl1FPUN=VNKhl1KSUN9VNKgl1MTUN3YNOcl1NhUN0Qk1NZTN0fk17VTNGjk1>i14M6K3L4M3QQNnN52Yn1V1bQNmN\n1S1fQNjN\n1Q1;O1EXQN^Ohn1a0<K4001O0iN^OQSNb0Rm1_OjRNa0Zm1^OdRN?am1@_RN`0am1B]RN>cm1C]RN;em1FYRN:im1DWRN=hm1DWRN<jm1DVRN;jm1EVRN;km1EURN9jn1O0O1OmSNJ_h17aWNK\h15eWNKYh16iWNHWh19jWNDWh1<f30RTNGVh19jWNHUh18lWNIRh17oWNJ]L0bj1KoUN;S3J[L2aj1IRVN;T3HYL5`j1GSVN<U34^g1KdXN4[g1MfXNIWLMUk1:Z4O100O10O1oPNE]n1;d0O01]TNEag1:]XNJag16`XNK^g15dXNJ[g16gXNIXg17X40[OGeQN7]n1HcQN8So1O2N1N`S20ilKMbo1:0F\PN6go102N2NnQ`00Rn_O10MUPN2ko103O0OdaVi1
20141104195854Bh_8,Qedk01no12N1O2O000O11N2N10^Q\1NbncN3N100002N[S:OflE1O1OO[m32bRL4M1O2N3N0O10O100N2N2M3O2MgP8M]oG2N2N3N0O1O10000O100010O0001O1O001O10O0001O0000001O1O2N1O001O0010N101O001N101N101N100O2O00001N101O1O010O01O1O010O01O000010O00010O010O010O0010O01O00001O0010OXRNGik19VTNIik18VTNHkk18RTNKmk15RTNLok14PTNLPl15oSNKQl16nSNJRl17nSNGTl18oSNDRl1=i10O01O0O2N1O3K`oa0NeP^O1O001OO10RU\11mjcN0oKMVXN1jg10S41O00OgPj01XoUO2N2O001O10O100000010OO100000001N10O0100O011N4M1N4M0O1O100O101O3N02M2O2N2M100O0103L102M2OO4K4K6IkTac2
20141104195854Bh_9,mSQm08Uo1LXQNMN0fn10SQN060:0Un10\RN2jn1NdM4fSNLem10QSN0Zn30eoM31NPo91RoEOjSN0^o3OhnK4io114LmM0WTNOXk10lS:4mnELQPN4PP2LPP:0kn]23nPXMO0O10YR42emK1O10O1N10UP>1joA1O01O001Ngk1OURSl2
20141104195854Bh_10,`\V]2224bo17N1O2O0O6J2N3M3N1O[OSQN7mn1JRQN7mn1?O10O1O4L2N2N000000010[OjPN>Xo1_OjPN`0[o1000001O0O1O2OePNFPo1f00O10OO2O0@jPN6Wo1IjPN6Yo1FhPN:_o1000O2N1000O2N1O100010O10N3M3Nab[_1
20141104195854Bh_11,P]UY14jo13N1J5O2UOCRRN=om1DoQN=am1ASRN08h0gm1ZOoQNN:g0hm1\OmQNM:g0jm1[OmQNNN04g0Qn1\O]RNd0dm1[O]RNe0cm1[O]RNe0cm1ZO]RN?ZOCUo19;N2I\PN0fo1O600000O1O1O1O1O1O10O010O0100O1N2O1O000L401O1O001O01N1L5O1O2N2N2Nbddc2
20141104195854Bh_12,Rinf11lo15SQNMnn1O^n32^QL5M200O1O0100O01]QNE`m1:aRNH]m17bRNGoN1_n18bRNI_m17aRNJ^m16U1110O0cQNHRm18[101ObPNIWo1OjPN6`o14L2N1O3N00O1O101O1M3012NO0;DO2N0O2N3L3N2M5H_UQV2
20141104195854Bh_13,TaRQ33mo1001N10000O1O2J500000O100O3N1O001O2M2MSP41joK:J2M2O000001O0O2O0K5O2O0O2MUPNO[Pb00co_O1O0010O00NOUPN0lo13O0O1N1100000000000002N1NXP<0hoC10001N101N2N2JHaPN9_o14O1000O100N3M2N200O10001O001O010O10O1O100O000100O1N2MTo50nPJ1O0U_kg0
20141104195854Bh_14,okTY14no10OOWM1aUNN_j10oRN0_20aj11RSNOY21fj10SSNO]o11cPNO]o11dPNO\o10ePNOUo11gPN030Vo11fPNO40Wo10ePN041\o1OdPN1\o1OePN0[o11dPNO\o10ePN0[o10ePNO\o11dPNO\o11dPN0[o10fPNOYo11hPNOXo11gPN0Yo1OhPN0Xo11hPNOXo10hPN1Wo10jPN2So1MQQN1mn10TQN1jn1NZQN1cn10]QN0bn10_QN0an1O`QN1_n10aQN0_n1ObQN2\n1OeQN1Yn10jQNOTn12lQNMSn17jQNJWn16hQNJ\n14bQNLan13\QNMhn10XQNOin11VQNOjn11WQN3dn1N_QN0_n10bQN1]n1OeQN<nm1CTRN:mm1GRRN7Qn1LjQN3\n1L_QN3hn1MQQN4Vo13mT_c2
20141104195854Bh_15,ehTX11no11O0TPNOjo11WPNOio1130UPNOgo11XPN1ho14O01N2O2MbQn10UPZO0\Rab2
20141104195854Bh_16,VaiU2140lo10O000ol53mRJ1VRNLgk14UUNLVj10lTN0lN0Xn10hQN0Xn10m00iPN0So13ZOM_QN2Uo1N500000^O0b00PP20_P20kK0jSJ0]30jh11gSN0_3Ojh11gSN0jo130O2Na3O_l10PPN0RO0nQN0Tn10n00bo=0_QD0nm10QQL000lPN0Yn30l00fPN0XO1[OO[QN0fn10N0g03ZPNO=1Qn1OcQN0Vo1NmPN0To10lPN0ao10N1EOhPN0Zo12aPNO`o1ObPN1fo111N1000B0]P20PP20cPJ0bo11Vo3OgPL0SP42ooIN3081Vo1OhPN0[o10bPN0co10XPN0\aXd1
20141104195854Bh_17,_ljX32no12N1O2aPNKmn1;oPNEQo1<nPNDSo181HPQN5Qo1MPQN1on10QQN0ln14TQNJln17?01O1O0O100O11O0O100001O0N3N003OUP2OioM201N1O010O000000001O00000O100O0N3O0O2O0001O2N101N1M3O1N]Sac0
20141120195834Ch_1,YdP]22mo13N2M1N2O010O1O100O100O10O1000000O100000000000O2O0000010O01O0001000O01O101O00O10001O000001O1O1O10O001O02O3NO0O0O2O0O1001O001O000001O1O05`PN\OYo1j0LO010O1O1O1O2O0O1O1O1O100O10O010000O2O001O01O0000001N1000001N0100O101O0O100O10000O100000O010O10O01O010O0001O1O001O01O00001O0001O0010O01O0010O01O0100O1O010O1O001O001O00001O0KBgPN`0Xo14O110O001O01O1O1O1O1O1O1O0O2O00001O000000O100O1N2O100O1000000001O0O10000O101O0000001O0O2L3N201N100O2OeXoU1
20141120195834Ch_2,o`[R12bo10gPN1Xo10gPN2Yo1OePN15Min1<VQNGjn18SQNLPo10oPN1Ro1NmPN3Vo1JhPN9Xo171O0001N2N10000OKlPNARo1`0700O10O1000O001N10001O01O01O00001O01O1O10O01O010O1N1N2N110O1O0010O1O00O2N1010O0100O1O1N2000O1000K411O010O10O2O2oNWQNg0So1NO2N1O2N1O2N2N1O1N2M4L3M3O1O2O0O2O0O2L3N1O20O0E<M2B>0N3N2N10000O01M3M4N2O1O1O1O1L5N2O001O0101N100002N2M2N6Ieabe2
20141120195834Ch_3,f\Y^24jo13N2OO01O0000000001N2N1OO1O101000001O00100O010O01O0O11O01OUQNMjm13VRNOhm12TRN3jm1MVRN4im1LTRN9km1GURN9jm1GWRN9hm1GYRN8gm1HZRN8cm1J_RN5`m1JfRN1Zm10iRNKYm14iRNIWm18X10000000O1001O000001O01O01N1O2N1000001O001O01001N0gQN_OUm1a0jRNCSm1<lRNGSm19kRNFXm19iRNGWm18jRNJVm12mRNMTm11mRNOSm10QSNIgN2Yn13RSNMmN0HNlm13bSNMjN4ao11GKfPN5co1O2M_cb\1
20141120195834Ch_4,geTV12bo1OhPN3mn1:oPNHon1P1\OmNdQNU1Zn1nNcQNT1\n19O00000000000000O1O2O0N3I6B^QN[Ofn1c0<O2N101O0000001O01O0001O1O010O1O0010O01O1001O002N0O5L0O100O2N100O100O01O0O2O001N1O2M2O101O0O10000001O000000001O00010O00000000000O11O000001O001O001O1O010O0000000001O000O1001O102M1O1O1O1O001O1O001O00001O0O2O0O2N100O0100FXQN\Ohn1b0^QNYOcn1g0;000O1000000O100O2N1O100O101N10000000000010O000100O00010O01O00100O2N1O100O1O101N2OO1O14LO100O10O01O01O01O01O100O1O1O1O01O0010OTQN\O\n1e0bQN\O^n1e0`QN]O`n1c0_QN]Oan1d0^QN]Oan1c0^QN^Ocn1b0\QN^Oen1b0YQN_Ogn1b0WQN_Ojn1a0TQN@ln1j01O00001O00010O00001NbQNTOkm1j0VRNWOim1f0ZRN[Ofm1a0]RN_Ocm1:fQNCj04`m17dRNJ]m13eRNM[m13fRNL[m13eRNM[m13eRNM[m13eRNM[m13eRNL]m14cRNK]m15cRNJ^m16V11O001N10001O1O1N2OEdPN2\o1NePN1\o1NePN1[o1OePN2Zo1NgPN1Yo1NiPN1Wo1OiPN2Wo1MjPN2Vo1NjPN3Vo1KlPN4`o11O1O3M100O0000001OO10001O00001O010O001O00100O0010O10O01O10O01O0010O01O001O000000000000010O000001O0000000001O00001O00001O010O1O1O010O0010O001O001N101O001O001O001N101O0O2LUPN1oWSU2
20141120195834Ch_5,PYSY21oo11O100O1O1O100O1O01O01O01O01O010O01O0001O00010O00001O010O010O00010O01O00JJbPN7\o1LbPN4^o1MaPN3_o18N101O001O0O101O0000001O00001O000100[OhPN217[o1HfPN8Zo1HfPN9Yo1GgPN9Yo1GhPN8Xo1HhPN8Xo1IgPN8Xo1HhPN8Xo1HePNM1<Xo1HgPNM0<Xo1JiPN6Wo1IjPN6Vo1KiPN5Wo1KiPN5Wo1KiPN5Wo1KiPN5Wo1KiPN5Wo1JjPN6Vo1JkPN5Uo1KkPN5Vo1IkPN7Vo1HjPN8Vo1GkPN9_o1O000000000000000000000000O10O1O01000000O1O1O10O10000000000000001O00000000000O100000000000O11O000000000000000000001N1000O1000O10000000000O010000O1000O100000001O0000001O00000000001N`fV\1
20141120195834Ch_6,fUQh11no12O2N2O3L2OO01OO00100O10O01O001000001O001O10O0000001O0001O0O3LZP<0goC3N1O1O1O1O0000010O010O010O000^OI\QN6en1I[QN8dn1I\QN7cn1I^QN7bn1H_QN:Ro15\PNFYo1a00=B02N2N2N5K2N000O5L3LSi^S2
20141120195834Ch_7,[mh`24ko13M1O10OdLNoVNMRi15TWNJfh17WWNLhh15WWNKih16`31O0O2O0O2N2O3N1O1O00O10001O0100O01O002N1N2N010001O0[SNEei1;ZVNEfi1;Q3O1O0O110O0000O1O4L5K3hRNZOQk1h0iTN\OVk1\1PTNfNQl1]1gSNhNZl1Y1VSNSOol1m1:D4L4M4M1O2O002dNSRN`0Pn1TO]RNj0fn1F003M1N2O2M;DSRkZ1
20141120195834Ch_8,nnbQ22mo14J6L3N1N1O1N2L4IZOSQNg0mn1221001M201O10O100O1O1000O0010001O1O20O0O001O0O101O000005I6KbQmk1
20141120195834Ch_9,[ePb0;co17H9I3N2N1O01SOSQNf0Uo1N00JZOQQNh0nn15O001O101N1O1VQNnNfn1W1O02M3TOXQN:Po1]OTQNb0Vo1O00010O0101O01O2O1N02N1N11OQQNEXn1:eQNJ\n11bQN6an1BaQN2G5Wo1KlPN2Uo1MjPN3Yo1900004_OaPN8fo1MP1OkN;J5M4dQN_OSm1f0[RNHfm19SRNJPn13nQN0Vn1ImQN7Vn1AoQN>kn1M4M[LEhWN8Wh1JmWN0Sh1Oo302N1O2IZPN1gYoY3
20141120195834Ch_10,VjZP24lo11O0O2N1N2O1O1O1N2M3O01O1O01001O0010O10000O100O010O010O1O1O0000000001O0O10001N1O1O2O0O1N3O0O10000000O1000O10O1010O1O0O2O001MmUgk1
20141120195834Ch_11,V^iY35go18K2N2K4O101N2N3M1O2M3O1000O1O001O00001O0O2N1O1O1O1O1O10O10O001O100N2O1O1O1O10ON11dNCVSN:ml1HQSN8Pm1ImRN8Qm1MmRN3Rm12iRNNXm15dRNL\m18_RNI`m1:]RNGcm1;ZRNEgm1=URNEkm1=QRNDPn1=nQNCSn1?kQNAUn1T12N1O1O1O001N2O1N110N1O10010O001M]OnN^RNQ1]m1XO`RNg0[m1@dRN?]m1CaRN<`m1EbRN7_m1JbRN3_m1KcRN4_m1JbRN5`m1IaRN5bm1I]RN8em1GZRN8im1HTRN8om1HnQN8Un1HhQN8Zn1f01O00001OO101N1010O1O2N2M9H6I7YOlPN1f2Onl12O0O10O4K^a`?
20141120195834Ch_12,Vh\[33lo13iPNM[n18QQNI;1bn1=\QNDcn1?YQNDen1m0ZOlN\RNV1cm1mNXRNW1fm1kNWRNW1im1lNPRNW1Qn1<0O1N20O100O3N1O0001O0O101M2O2N1D=M3N2M3N2O0O2O1O0O1O2L300O11O00001O010O001O00100O001O01O001O000O2O001O1N101O101N10000O101N1O1O1N2O1N3KiWg?
20141120195834Ch_13,jo``22no13L11O000N2O\P44_oK3N2O010O1eIEP]N:\i10bIFU]N9[i1M3KWPNOeja10oTPO0ZS@0fm=3ko_O2cn14VQN2fn1NYQN4dl1C\TN0^O8C6dn1I]QN8an1HaQN8^n1IbQN7\n1IfQN8Xn1HiQN8Xn1A[QNO`0a0mn1O2L3NQjQ1IVVnNN]VcY1
20141120195834Ch_14,[eU\22mo12O1O1O2N1O1O1O1O1N2O0O3N1N2O1O1O001O1N1O3K4K5M3N3N2N2N5J20O1O1O2N2N2ZOaQNG`n17aQNL]n13dQNM[n13fQNMWn15jQNKRn14SRNKkm15YRNJem15]RNKbm15_RNL`m13bRNM\m15cRNK]m17aRNJ^m17aRNI_m17aRNI`m17_RNJam15`RNJam15_RNKbm15^RNJdm14\RNLgm11YRNOim1OWRN0lm1NSRN3om1JRRN7nm1DPRNJDc0Ro160000O10001O1N101N2O0O1O2O000000GXQNYOjn1f0[QNVOen1i0[QNWOfn10WQNa0Yo11hN_OoRNc0ml1@RSN`0ll1EQSN;ml1HSSN7ll1JTSN6kl1LUSN3jl1NWSN1il1OXSNMkl13XSNCol1<[100O0010O1O000O110000000004L2L4L3MZ[T]1
20141120195834Ch_15,`eP[11oo100000000000PP20nTL0Rk11O00000000Ojkg00YTZO0Xog00\QF0_nK0fQD0UO0SPl00lRVO0PmM2O0001O00Vm=OlRD0PPN0XPR10hooN000PPN000iPj50VoUJ0SQX42jngK2O0O101N10000`MKTUN6lj1JTUN6lj1JSUN7mj1HTUN8Zm1000000000001O001O003L2Nkoa0OWP^O0kN1T1001O0000001O000001O000000001O0O10mo52ooI200O1O0hRNKgj15XUNLhj14WUNLjj14TUNMmj13RUNLPk14oTNLRk13nTNMTk12kTNNVk12iTNMZk11UU2OVmM100000000100000^OOTQN1^o1O^O0U10kN0b00cPN0kn10b000000QP80PPN0^PL0SoM0>0]PN0Vo10hPN1Zo1OePN0\o10cPN1]o1OcPN0^o10bPN0^o10bPN0^o10bPN0ok10g32N1iSNMbh13]WNMch13]WNMch13e3000`SNMSi12nVNNcl10O001TPNOho140O2NlUak1
20141220201934Ch_1,cQmm02mo14L1O00001O001O100O1O1O101OO0N2010O100000O010O100000O101N2O001O1O1000O010O10O10O1000100O0O2O00100N20O1O1O101N1O001O2N2N2N2N2M5ESOXQNo0gn16O001001O2O2M3L5K3M3L3M3N010010O1100O00YNChSN=Wl1EhSN<Wl1GfSN;Wl1FjSN:Ul1HiSN8Xl1LcSN5[l1NdSN1]l10aSNO`l14]SNLdl14[SNMll1KUSN49_OgN1Zl1;gTN54FYk13cTN64E]k15^TN7MFik15XTN6LATl1MRSN6o0<\n12O00102M00N2N1O2M3K7J]kRk2
20141220201934Ch_2,jZmo02mo120O`P21]oM3N2N3N1N3M2N20O00001O2OO1O0O2L3OJ7O002N100O1O0010O0H9N102K4O1O1O1O001N1O0N4N00K60O0001O101N2N3N1M3O1M3O2M2N2O00001O01O2^PNG[o1`0N001OG9O100O11YQNHem17\RNJcm16^RNK`m16`RNJ_m15bRNL]m13cRNO[m12eRNOZm10hRN0Vm11kRNNTm12nRNKUm13mRNLTm12iRN2Xm1LjRN5jm10[QN1bn12^QNN`n14aQNK^n16cQNF`n19c010N2N2M4M4L^fRj2
20141220201934Ch_3,kQSd28ao19O0PO@bRN=Um10]11O6I6I4K4N1KmN[QNU1^n1nNbQNV1Zn1jNhQNZ1Rn1fNSRNW1nm1fN[RNT1\n1nNSQNk0So12MO2N4IhPN\OZo1?gPNAYo1:;Hom\Z1
20141220201934Ch_4,VTSk18bo1`0D1L4O1O4M2N6K7K3N^NgQN[1dn1MM01N1VO\QN0kn1Mf0KgkjS2
20141220201934Ch_5,dnTY3`0^o16PO\OSRNk0lm1[OgQNINR1[n1`0O10O2_OlQNSOUn1m0`0O0010O0000O000N11O1N302M2O0001JXQNPOkn1l07VOnPNc0Zo1N1O1O3N1N0101OO001L5JTR_d0
20141220201934Ch_6,eTQ]23lo1100O01O1O^PX1OdogN001N2O001O1O01OUOMiQN4Un11gQNOVn15iQNKWn16iQNJVn16jQNJVn17iQNIWn16jQNKUn15lQNJTn16lQNJTn16mQNISn17mQNISn16nQNKPn16QRNIom16RRNJnm16RRNKmm14TRNLlm14TRNLlm13URNMjm13WRNMim11XRN0hm10XRN0im1NXRN2kn10O10O10000O10000O2N2Oboe04YPZO1JM`PN0^o1N`PN32N]o1NaPN103co1M^PN002lo1N_kb]1
20141220201934Ch_7,WoZS1130go12WPNOio1400O1000000O010001N1000O100N2O1O00100O01O100O2Nno;MVPD1L3O2N011N1O1hPNEkn1:TQNIkn16SQNNkn13UQNMkn12RQN1on1OoPN3Po1NoPN3Po1MPQN1So1OmPN1To1NlPN2To1MmPN4Ro1LPQN3on1MQQNMLNTo14PQNK00on16[QNJdn16\QNJdn15^QNJan17c01O001_PNIXo17iPNKTo15nPNKPo16TQNFjn1<VQNDhn1=YQNCMO`n1>cQNCgn1<`0OUQNDRn1;oQNEQn19QRNGPn16n0N2O2MgQQh2
20141220201934Ch_8,^VSZ25jo1202M2M4O0012N1NnPNF]OOmn1:dQNJ]n19`QNEcn1=YQNChn1=WQNCjn1=VQNBkn1=VQNBjn1`0TQN@mn1a0;M2O1N10SOFSRN:lm1FURN9kn1OoNGZRN9fn101O001O1O1O00001O02OOZhdc1
20141220201934Ch_9,fih[17ko1N1Ncl17SULG^l1>a1FfPN0Xo1=1O1BfPN4co1O3L`RN0`m13ONcm30^RL2nQNNRl13lSNMUl14l10O0O2O1O2M300TRNIlk17RTNOkk11RTN4lk1L[SNm0dl1SOWSN?GYOSm1:PSN<hm1FnQN:Yn1;dQNkNen1n0;J8G:FbXka2
20141220201934Ch_10,U\ce13go1:K2M3N21OO2O0O1O1O1O2N000N2M3N201O01O1N20OO10000O0010O00O200O10001O0O010O101O001O1LgPN^OZo1a03O1001OO2O000CcPN7^o1GcPN8do1O2JPdPW2
20141220201934Ch_11,n_jb11io10[PN3co1500000010O0O02O1O1Nno;LVPD10001O1N3N4XPNITo1OSQN>ln1BSQN?mn1BRQN>nn1BRQN?mn1BRQN>nn1CPQN>Qo1800001O2N0O2O0000000O2N1O1O2N10000O101O001O1O1N4M1O0O2O001N1OXPf12loWNNfo1<K1O0O2O0O2O1O1O001mPN^Ofn1e0UQN_Oin1m0O1O1O01O010O1N1N3O001O1O1N2O1K5M3N2O0O2O0O2O001N10000O2OmNI]RN6dm1KeQN0F0`05Un1M[QNO24?NUn1=lQNBTn1>mQN@Tn1`0YRNBYm1<hRNEWm1;iRNEWm1:iRNGVm1:cRNN\m11dRN1[m1NfRN4VOAmm1;mRN>ol1]OUSNd0jl1[OWSNf0hl1YOZSNg0fl1WO[SNi0gl1TOZSNl0fl1TOZSNl0mm10010O0000001O00CUOeQNj0jn1O000000001YOnPN?]o1L3N1N2M3NYP:OhoE2N00000001O0001O01O001O001O00000O2NS^SQ2
20141220201934Ch_12,iWgW33ko12bPNMnn12RQN0mn10SQN1mn1OSQN0nn11PQN0Qo11lPN0Vo1;2N4L5JmP2L\oK0ho12YPNNfo17OO01O10O000010O0001N3Mon9NUQF3L4ePNLdn1>PQNEQo1c03N1O3K5L2KXhfe0
20141220201934Ch_13,i_jb13mo11no7MTPH0oo11PPN1N2YPNL`o182N2O001O100NVPNNjo11WPNOio11WPN0go11ZPNNfo12[PNOco10`PN0J4]o1LmPNOI2mn1NXQN180`n1OXQN091^n10YQNO91^n10TQNOO1`0O]n11UQN3>L]n11VQN1>N[n13mQNMSn13m0001O2N0oPNJXn17h0MYPNMgo13ZPNLfo13[PNMfo12ZPNNgo10[PN0jo100001aPNOmn11b0O00`PN0Po10PQN0Qo10nPN0Ro10nPN0So10lPN0Uo10>0ZPN0[o12bPNN^o13aPNM`o12_PNOao12^PNNbo12^PNNbo13\PNNeo11ZPN0eo16001O01O1O01O2OO04L2Nook02noSO3NL[PNNN2ao1N<0O10O10bPNOln11VQNOin11c0000fPNOen11\QN0AOjn11hQN2_OMcn11ZRNOem11\RNOdm10]RN0in10jN0\RN0fm50VRL0mM0RQ2010ooM0g01aNO[QN0in10UQN0mn10Q10QO0m00UO0^P20ZPL0Zo10;000ZPN0\n11ZRNOYO0]n12eQN07NF1_n11aQNNK0`00E0bn10URN0WO1do1O[PN0go10WPN0jo12^PNNRn11TRNO?1\m11USNOkl11TRNN82^OOVn11mRN0VONfm11TSN0XOOdm10TSN1ZO0A0im1O\SN1]m10dQN1c0NSn12nQNNRo11O0iN0^RN0bm10_RNOam10`RN0G0Rn10o01O0PQNORn10nQN0Rn10nQN0Sn10lQN0Tn10k10WN0hQN0Xn10hQN0Xn10hQN0To1000ZO3b03VPNJ>0in12\Q2OZoM0L51N0100N3NL^PNL`o146000000010O0[PNL^o147001O010O03N0O1O1OTPN0io10UPN0mo1100000OM400OO2O2NmQ`21Sn_M1O4L1N2O1O0O2O00000001O001O0O2O0000001O00001O001O3LT\[l1
20141220201934Ch_14,eQ[n01oo1000000000Toc43bQZKMbn14d0OjPNM\o10eP20nn12\PLO3OO0ZPN1eo1OA1`PN0io1;IG_PNO]Q:NTjRk2
20141222201814Mh_1,nPWg16go15L3N2N2N101O2O102M100O00010O00O100N2N3M2N2O1O11OO0100^QNH[m17dRNK[m16cRNM[m13eRNM\m13cRNN\m12eRNM[m13eRNM[m14fRNH]m18eRND\m1<T110O010000O101O0001O100O1000O100O1000O000000O1000O100O00100O10O2gPNBmn1h01N2L4M201O010O001O1001O3L2000O11N2OO1O1O1N1O2O0O10000000001N1N2O2M4JVlXR2
20141222201814Mh_2,Ul^R33jo10lo33RPL3L3N2O0O1O1O2O2L4N000001O001O00010O1N2M2O1NTQNEXn1;fQNIYn17fQNE^n1;cQNC_n1=aQNC]n1=eQNCZn1<e0OXQNGkm1:YRNDcm1>n01O10001N10O2N1O2O0O3M6IcUaj0
20141222201814Mh_3,W\m\28eo13O2O001O00001O01O0000O2N2N3N1N2O1O0N2L5DQObQNS1[n1oNeQNR1Tn1TOlQNl0Sn1UOmQNl0Rn1TOnQNm0om1VOoQNl0Pn1b000001G9M4L4L4N0O10N1M300eQNlNmm1S1RRNoNmm1Q1QRNROnm1n0RRNSOmm1l0TRNUOkm1j0VRNWOjm1g0WRNYOim1d0[RN[Ofm1=bRN@gm15^RNJmn1O3KUcl_1
20141222201814Mh_4,o^ZY22mo13N1N2\PNMXo1a0L3M2O00001O00000004K2O0O100O101N100000001N101O00001N101O00001O1N2O2N1NcQ^32YnaL6L2N1O2O0@D\QN<cn1F[QN;dn1F\QN:cn1H[QN9`n1L`QN4`n1KaQN5_n1K`QN6`n1J`QN7_n1HaQN:_n1EaQN<`n1B`QN?`n1@`QNa0an1]O^QNe0an1\O^QNd0bn1]O]QNc0dn1\O\QNd0dn1<00001O0O100N00101O1POTQNl0Qo1O1O00000000000000001O00001O0GlPNFUo18nPNFRo1:nPNFSo19PQNCQo1<;0O00001O0010O1O011N100O001O01ePNEPo1:oPNIon17mPNFN3Vo17iPNI00Zo1`010O001N10000O10001O0O10004L1O1O1O1O1O001O00000000000000O10O0100O1N2L301N1O2N101O1O1O1O2O0O100O2O001O0O2O1O002M2OT_iX1
20141222201814Mh_5,oghi27go13N2N10000010O11dPNHmn1e0101O2OO0O1000O110N6J2O010N1O0O10WODnQN=Qn1BoQN`0nm1@SRNd0dn10O10N3N6J1N3N3LmVmS1
20141222201814Mh_6,\l\m0422ao1:J6L5L2O102N2M3M02M2N1N2N1O1N2O10000O2N1O1O1N2O1O100O2N11O00OoMF^TN9bk1G_TN8oj1H_SN1c16oj1K\SNMg17nj1KbUN5]j1KdUN3^j1LdUN1[je03gR\O3J5M2N101O1O1N100OO200001O100O10001O01O001N1N4FePNH`o11[R84kmG0_Tam2
20141222201814Mh_7,TQiY33ao1=N4gPN@jn1o0M6K5J6I5L300M3NfNSRNc0jm1YOZRNe0jm1SO\RN7HLao1IcmXe0
20141222201814Mh_8,Qc`T22fo1;L2N2N2N2O1N1001O001O0O1K4O2O1O100000001O00000O101O00000O101N4LV]]i1
20141222201814Mh_9,^o``14jo15L5L100O100O2N2O2O1O2M4L3N000aQNWOem1h0WRN[Olm1`0URNA[m1JdRN<5LRm1NjRNO83nl10lRNE:<il10kSNOUl11lSNOTl10mSN0Xl1NeSN1`l1EWRN0Y19Xn1N3Mbnf]2
20141222201814Mh_10,Xl\]25jo16J12IWQN3in13CFoPN>mn1<O1O1OOO1020O00O010L220ONSQNVOln1f0YQNYOln1`0WQN^Ojn1a0WQN_Ojn1?<L5N5JbSo`1
20141222201814Mh_11,hPig11TQZ10\ngN0oP20bo10`o30V10\og00_PTO0eo50hoE000^o10dP20ooK0bPN0kn10gQf00nn]O0noK0XQ26_nM4N3M2OO105J4LYjRR2
20150105104334Ch_1,WZeU23ho18M1N3N200oPNF\n17cQNJ\n17cQNI^n18`QNH`n18`QNH`n19`QNEan1<a0005J3N3eRNZOWk1f0cTN@]k1`0mSNYOVOON8Zm17`SN<bl1D^SN<cl1C\SN:hl1FUSN;ml1DnRNa0Sm1[OmRNi0Tm1TOlRNm0Wm1QOZRN]1hm1aNYRN^1N`Nam12aRN]1ObN_m14]RNZ16dN[m1e1gRN[NYm1e1gRN\NXm1c1iRN\NXm1c1c00ODTRNbNPn1S1jQNQOcn1n08XO]QNMjn1O\QNL^o1N[PN3co1MZdhg1
20150105104334Ch_2,XgVj02no11cM1cRN6g1Hfk1c0k18HO6I5L3N0:E3mPNWOhn1Z1`QNeNim1i12N2N23K0O2O3N0O01`NQRNn0om1nNVRNL8>am1GVRNI<?^m1ITRNG`0?]m11fRNN[m10kRNKVm13mRNKSm15nRNJTm13mRNLVm10lRN0cn1O1OgXgS3
20150105104334Ch_3,ea^R23\m10QUN2nj1NSUN0nj10RUN0mj11RUNOoj10RUNOmj13`20O1O1N3N1000O1000000O10O100O10000000000O2O001O00100O0iQNBll1?QSNFml1:PSNHPm19nRNHRm19lRNEQOJTn1b0iRNC[m1=fRNA\m1?cRN_O_m1a0Q10dQNAVm1>jRNBWm1>hRNCWm1>gRNB[m1=dRND\m1<cRNE^m1:bRNH\m18bRNJ_m14aRNN`m10aRNO_m10bRN1^m1OaRN1`m1O_RNNVOH\n1=[RNIjm17VRNEmm1<RRNBQn1=j00000O010O01O10O010O1O10FCPQN;Po1GoPN9Qo1HnPN8Ro1InPN6So1ImPN9Ro1EoPN>Yo1O100O1O1O2M4I]Q:1fnE1O5J20O10O000O1GKePN6Xo1:kM\OhTNk0Wk1XOgTNh0Yk1YOfTNh0Zk1YOeTNf0\k1ZOdTNf0\k1[OcTNe0]k1[OcTNe0]k1ZOcTNg0]k1YOdTNf0\k1ZOdTNe0]k1ZOeTNe0\k1YOeTNg0\k1XOeTNg0[m1N3N2N_N]OeSNb0nm1M2N3N1000KFdPN:[o16001O000000000001O00CfPN3[o1JhPN5Yo1JiPN3do1NSo15hPN10O02O0@IXQN5in1KWQN1mn10RQNOon12`0O000000XRN3]k1LcTN9`m11O1O100O01N2O0O2O1O2N2N1NQ^Wc1
20150105104334Ch_4,l[iS14lo11O1M1H:L2kN^OhRNh0Xm1XOfRNj0Vn13L3N2M2BmNiQN[1Vn18^O]NgRNc1Wm1fNaRNZ1_m1a03O1O1NGSNbRNm1\m1;1O3O2M3N2N:E4L2M3N001N2O3M7K2O00O0N2K6L3N2N^OjQN\OWn1?SRNYOTn17hfZi2
20150105104334Ch_5,jiXa033Nfo19M001O000002O0O10O000010O1000O01O000001O001O1O01O1O00000000000000O100O1001N10O10OO2N3O00000O110OCcPN7co101O00O10000O0101O00000000000000000O2O1O0OkUYZ3
20150105104334Ch_6,k[ei21ko16M2K4M3B=SOWO_RNo0am1SO]RNn0am1TO^RNh0hm1[OTRNb0Pn1@lQN?Vn1d03K6G7L6H:I7D]eVU1
20150105104334Ch_7,ZUg[21oo10N3O000O101]PNKYo15fPNLKO\o15iPN0Vo10jPN0Vo10jPN0Vo10kPNOVo10jPN0Vo11jPNNWo11iPNOWo11jPNMWo13;1O0O101O010O0000000O10001O01O00000000010O000000001O01O0MH^PN9ao1H^PN8bo14O01O00001O00010O010O2OO00010O000GFmPN9_o1N1O1O000000001N1O\jd_1
20150105104334Ch_8,RV[W31oo10O101O000O2O00001O101N1O00100O0010O00100O100O100O011N10O010O0001O100O1O01O001O00000000000O1000O10O100O01000O10O10O1O1O0010O10O0100O100O1O2N1OhiTd0
20150105104334Ch_9,W\ac02lo19E<G2M200N2N2N210020N1N00O1O2N1O0001L30EWO^QNk0bn191O1M3N2N01TNROfTNo0fj1IUUN8Zj1=gTN=Wk1X2M2O102OoK`TNH:Y3Vk1nLXUNm2fj1SM`UNf2aj1ZMbUNd2^j1[MgUN`2Zj1^MlUN^2Tj1^MSVN_2mk1J8H2O1N100N3N1N3N2N0001O0O2OcNVRNd0lm1XOXRN1H3Rn1GQSN2^bjX3
20150105104334Ch_10,clRR15jo13N1L4M2N1fMDlRNOQ2=Sk1CSUN:oj1GPUN7Tk1FlTN:\m1N22M2N2OO1NL7M2O2000O1O1L4O000HHJQQN0N6Qo1LnPN=So1BmPN>[o1O01OO01K501O0`QN^Obm1c0^RN^Ocm1a0]RN^O]m1OoQNa0e0_O\m11oQN43Kkn11VQNMXo13;OTVWk2
20150105104334Ch_11,`QWc11ko10WPN1io1OiP88UoGIXPN2ho1NgS67UlI4K4^O@VQNn0cn1:M3I6N@gQN^OYn1?TRNUOnm1k0b01kN]OhRNi0Wm1e0:OK6N30O10000oN]RNUOI8km1>mRN^OSm1<VSN@kl1>ZSN_Ofl1`0\10O1O20O0010O2N2M3I8J5KFbQN]O[n1a0lQN\OSn1a0SRN[Oom1c0g0M3N3N2ON3NLfPNFZo1970001O\OEdQN:Zn1GhQN8Xn1FiQN;nn101O1OYQNJon101M]Q>3_nA2O00N2OXl=NkSB4MMUPN0jo1301001NiohV2
20150105104334Ch_12,QTen01lo14M3O100^OLVQN4in1MXQN1hn1N\QNOdn117NPQN2Po1NPQN2on1OQQN0Qo1NPQN2mn9MePH000jo72SPH1O100N11010O010O1O00000000001O002O00O1O2Moo70QPH3XPNO\o1=N1O1O10102M1OO01O10BlPNNUo10mPN0Uo1LmPN3To1KnPN5Qo1GiPNO9<Yo14M2N3L10O10005K0OgNATSN<jl1FWSN:hl1FXSN:hl1GXSN8hl1HYSN7gl1IZSN6fl1KZSN4fl1L[SN2il1KZSN2[n1MPlnk2
20150105104334Ch_13,mQ_S23lo11O2XPNLbo19O10I]PN1bo18O1O0000000[OIbQN6]n1MiQNJXn17gQNIXn18iQNGWn19iQNGVn1:jQNFVn19jQNHVn18jQNGWn19iQNGWn19iQNGWn18jQNHUn19kQNFVn1:jQNFVn1:jQNEWn1;g0O101MoP8IZoG0O1O10O10O100O010O01O010O101Nio91VPF1N2O1O1lPNJ]n16cQNK]n14cQNM\n13dQNN[n13dQNOZn11fQNOZn11gQNNYn12hQNNWn10TQNLe01[O0ln13gQN1]n1NeQN0[n11eQNO[n11fQNMZn14i00O02O1N1Onndg1
20150105104334Ch_14,k^ZS21eQV11XnkNO\N0gQ80jQL0]lK0[SN0bn10ao90gPD0Vo10=0^PN0_o10I0fPN0Yo10>0L0jng00TQXO0WPN0mo10oo31noK1Xo[1NhPdN0QP40QPL00000XPN0`o108000WPN0co10[PN0fo1152NMdP40UQj00^]Wd1
20150105104334Ch_15,Tbnh04jo15L3M6aTN_ORg1f0R41O1jUNYORe1f0lZN_ORe1>Q[NDnd1<R[NDod1:S[NEmd1:fVNAf33de1:gVNGim1:VRNFjm1;WRNCim1?l0O0O2N10kRNCgj1<YUNFhj15ZUNMhj1K[UN7dMHM19Ojn18e0OmMK[TN4bk1OW23N1YSNJ`i1<bVNAZi1d0cVN\ORM0Vl1e0T3N`TN]Oeg1`0\XN@fg1=[XNDeg1:fVNEQk1;oTNE32`h18iYNIXf16cUNHfn16RSNJWk15jTNJF0`i15\WNMbNNRj14YWN3_MIm04Wj1N_WN4bNOll1OTSNLbmS12_ZQR3
20150105104334Ch_16,Pnfc12no11N1J6N3O0O2O0[QNBim1>VRNBkm1=URNCkm1=m0O1O0N2O2O00O2O001O1O1O010O02M2N1O11ZPNL^o1<O001N1oPNAan1`0]QNCan1=^QND]n1K\QNb01Hbn1H[QNa02Hbn1?]QNAcn1m01O0N120O01000O1POZQNf0gn1SOZQN10k0Po10O1000CSQNGmn17UQNIln1LPQN261So1LnPN4_o10`PNJVo16jPNJXo13fPNM]o12dPNOZo12:0012M2OWQYX2
20150105104334Ch_17,QUiZ21no12O001N1O10O101O001O0000]Pl0Ngo_O0goG0WPL000YP60_o90bPH0ZoK0bPd00[oM0_PZO1O0001OQkb_1
20150124081954Uh_1,go`h12mo12O1N3N3M2N4L101N101OO10O103jPN[Ojn1m01O101N1101N010O4L01O0O2O1O05KO1O00100O0ZORQN;nn1CTQN<mn1BTQN?Wo1O01O0010O0001O0001O100O1N10001O1O001O1N10000000000001N101O0O2N10001O000000000010O00001O010O001O1O010O1O01O010O001O010O01O001O00001O000000010O01O1O00000001O000000000000000O0100L4O1O1000000000000000001O000000O101O0O100O1000O1000000O10O0100O10O010O1O100O010O1O10O01O1O01O001O01O00O1O1001O00C_O]QN`0cn1B[QN?en1BUQNb0ln19O01O0001L310O010O01M3O1O1N2M4L3O2O2M2N101N101N2N2MdoXj1
20150124081954Uh_2,RX[k13mo13L200N2N2M3O1N2N2O7H4M1[QNTOSn1l0mQNVOPn1l0nQNVOnm1n0PRNTOkm1R1PRNROom1_1O20XOURNZOkm1g0VRNYOgm1g0\RNVOi0Gak1U1hSNRON11M]l1>QTNAA9LNal12UTNE@T1\l1kN^TNMXOX1Xn1O1L31000M3M3M5K<DPf^R2
20150124081954Uh_3,aXeQ12^Pf04`PZOM\m1d0YRNGbm1;]RNGhk1EWUNb0WOI`k1JQUNa0AC_k1MoTN>EEbj12kTNLk0=KB_j18kTNGl0>LA\j1;oTNDh0?1_OYj1<QUNDe0?ik1HRUN6oj1ISUN6nj1IRUN6oj1JRUN5oj1KQUN3Qk1MPUNORk12PUNHTk18Z20O101OO10000O1O[MFeUN:[j1GeUN8[j1IeUN6Yj1MhUN2Wj1OhUN1Wj11iUNOSj17kUNISj1<jUNDUj1=kUNCTj1?kUNBSj1j0bUNVO]j1o0`UNPO_j1S1_UNnN`j1U1\UNlNcj1X1ZUNiNQ3GZK1Xg1d1[ZNcNV3K]b1f1mXNVNX19_3J\b1h1mXN`Nl0Mm3JYb1j1nXN_Nm0IXk1h1mSN\N\m1c1fRNZN]m1d1eRNZN]m1c1b0N_VN\Njd1a1Q[N`N_KOmi1U1dZNmNae1P1nYNPO_L0ai1P1mYNUOef1k0ZYNVOff1k0YYNUOhf1k0WYNUOlf1k0QYNSOXg1j0fXNSObg1i0j35J3M2O7JO002M2N4K9F3M3N101N101O1O2N3Kokfh2
20150124081954Uh_4,lghX35io16K4FBhPN`0\o1N4M2M8IXO9>4NK5O11O01O010O010001O000000001]PNE_o1?000011M3N1N2O1OO000010O002N0010001N11XOkPNb0\o1N1@dPN9bo1O2M201O06J4MO01001N0O101N1O1N6JcWYc0
20150124081954Uh_5,hYSW21oo12M2N2O0O1N3N1O1O3N000O2O0O100000000001O001O1OO100O001O01O1O10O010O0010O001N2O1L4O10O0100O1O2O1Mhfje1
20150124081954Uh_6,ikb_12no10O2OMVPN0jo10ko30XPL1N2O1O001O00010O0010O1O10O0001O000000000010O0001O0001O000010O00000000000001O0O100000000000O100000O10000O10O10O10O01000O001000O01O1O10O10O10001O0O2Onoa00QP^O1O2O001O0O100000000O0[PNKao15_PNKao15^PNLbo14^PNLbo14^PNLbo14500O10000O2NeTYY2
20150124081954Uh_7,mYgV21no11N2O0WPNNfo12311NONXPN0go10TP20PPN0no10aPL0So10mPN1co3O^oM0RQN0mn30UQ20]oK00000]O0VQN0]o10^O0c00]P:0PoE0SQN0nn10Q10_o10_O0kP42doINRP2000ko10YPJ0afle1
20150124081954Uh_8,[Qin23lo12N2O1N3N2O0mPNE`n1:^QNK_n16_QNLan14]QNMdn13ZQNNgn11YQN0gn1OYQN1hn1OWQN0jn11UQNNln15PQNJRo17mPNFUo1b01O0100000010O2O1N010O1EYO\QNMNd0dn1BdQN=[n1DeQN;[n1FdQN;Zn1EjQN<Rn1DPRN<nm1CTRN=lm1_OXRN`0jm1\OXRNe0an11O0002O1N010O01O^OgPN=`o1AaPN8do10O00O0NmNLaRN3`m1N_RN3bm1K]RN7en1000011O0N3MQONQ120NmnVm0
20150430082014Th_1,`dni25io17I3M1001O001N1OYMIiUN1]j11`UNOaj12^UNLdj16ZUNIgj19SUNFSk1<jTNGSk1<kTNDTk1=kTNCTk1l0_TNSO`k1P1^TNPOak1R1_TNlNbk1T1^TNlNbk17lRNc0in1[O[QNb0So1M6L1000aRNB[k1>dTNB]k1=bTNE_k1:TTNCgN4Ym16nSNGiN3[m16iSNHlN2]m16dSNHQO1^m15^SNKWOO[m1`0TSN_O_m1b0`RN^O`m1d0^RN]Oam1e0]RN\Obm1f0[RN[Oem1g0XRNYOjm1i0QRNYOom1g0oQN[OQn1f0lQN]OXn1`0dQNCbn1j000N2L40CgQNROZn1m0iQNSO^m1L^RN19m0MUO]m15hRNOGL=0Tm14RTNLPl1OTTN0kYgR1
20150430082014Th_2,c[[l01mo13N1O1O100O2O000000000000O1000000000001O0000000000000001O00000000000000000000O10O10000O001O10000O10000O010000000000O103GXPN4lo1N0Obna00^Q^O2M2O100XPNJao1=O1O01O1O1O010O10000O1O2N2OHKePN4Zo1NgPN1Wo12hPNNWo13hPNNXo12hPNNWo14gPNMYo14ePNMZo1<10O10000O100000O101O0000001O000000000000000001O000000000O101O00000O10000000000gRN[OWk1d0jTN]OUk1b0lTN^OUk1a0jTN@Vk1?kTN@Vk1`0kTN^OVk1b0T2000001O00001O1O1O1O001O000001O000000000000000000000000O100001hPNCN2an1;ZQND1O42`n1<ZQNE0N61`n1<YQNF1N50`n1e0ZQN[O6Oan1f0YQNZOQo1g0oPNYOQo1g0PQNXOPo1h0oPNYOQo1g0oPNZOPo1e0QQN[Oon1e0PQN]Oon1j001O0000000O101O00000O010O1O100O100O00100000001O3M00000001N1N4N0O010O010O010O0100O010O100000000000O1000001oNUQNk0kn1TOVQNl0Po1O0000001O001O001N10001O0O101O2N1N2O001N101O0O100O1O2O0O10000O10000O1000O0101N10000O101N1O^fha2
20150430082014Th_3,Tnf[32lo13N1J600O01O00O101WODnQN;ln1O100O001O0O2O1O10O1O2O000O01O00010O01O1O0ELiPN7Uo1:01N110001N2N1O2IfPNFZo14dPNMco11aPNL`o13511OUS[a0
20150430082014Th_4,mh\b1190[o12`PN5]o1L`PN6b0GZn1>fQNBZn1>d0O100O100002O00000O01O1O001O1O1OfPNGmn19TQNGmn18>00O100O1001O0000O20N2N2O0O01O100O0001OO2N103L2NWVeZ2
20150430082014Th_5,]VUg12lo15L2O0O2O0000001O00001O00100O10O000010O00000001O00000001O00000000O100000000O10000O10000O101O000O1000000O1O1O2Nlm=NWRB0O100mP:ORoE3O0O100VQNOem11ZRN1dm10\RN0dm10[RN1em1OZRN3em1L\RN4dm1L[RN5em1J\RN7cm1H^RN8dn12O0O100000O01000O010O10000000O2O001O00001O0001O00001O001O000O10000O100O100O10000O10000O0100O02O001O001O1O1N2O00[o?2[P@9O1N2O1O2N001O00001O0000000010O001O101N2N0000010O0000001O00010O000O10O10000O010000O010O10O01O001N11O01ON3OO101G_PN2co1M9N^Q20jlg00gQVO2O2M2N3M2N2N2O1O1N1O2O100O001000O1O100O100O10000OjPNCkn1=SQNGkn19SQNKkn1g0N0O3N1O0O2N2N101@iNTRNX1lm1kNPRNe0N@Rn1LPRNb05]Okm11oQNb08\Oim12oQNa0;[Ofm14oQN?>[Oem15mQN?a0XOdm18lQN?kn1\OYQNb0So1O1O1O1N2N2O1N2O1O1O001O1N110O10O10O100O100O1O100Ojoe0OWPZO100O010jo?OUP@4M1O2O0O11N101O0O4L^oQ11`PnN2O2N2N100O101N1O001N10O01000010O0001O10O0100O2O0O2O002M2O1NRT:NQlE1N10000O1N20O00100O100O2O0Ojk=2TTB10000000O100OmmR_1
20150430082014Th_6,f^md01oo10O1UPN0fo1O[PN2io10O100O1O1000001O00001O0000001O000010O01O010O01O101O0001N01O0010O010O3N1O0000O1O10O01O00001O0000001O000O2O001NWji9N_UnG0PQP10]oWM000bo10mPL0ao1001]oc0OcP\O00000oo50QPJ0R10nN000oo70QPH0000000loS10TPlN00000oo70QPH000PP40PPL0000000meZd2
20150430082014Th_7,oolb07fo16N1O0O10O1O2M2MdQ`10[n_N6K3O3M4M6I2O1O000lNROVSNm0Pn1O1K6M1N2O10001O0O2N4L7GTQb02\o[ON=3gm1OgRN>I@Rl12oRNMS1c0IATl10RTNb0H^OWl1OPTNf0F\OZl1NoSNP1^OQOdl1NnSNW1YOjNnm1Y1;10N3L3H8E;L4N2N1O100O1O1O1NmPN0fm1NlRN7Pm1KQSN3Qm1KRSN0gh`W3
20150430082014Th_8,fih\13lo14L5L0O2OO0101O1O1O1O03C`PN5co130O11N1O1O00000000007H3N\OmPN;So1DoPN<Po1ATQN>Wo10100O11O1O0O02N6J001O0O101L_Uc`2
20150430082014Th_9,_^ih22mo13M2L3O100N2N2MBdPN=Zo150O10000010000O101OO10O002N100O1O1O2N1O1O0100O2O000O10O10O001O000000O10O1O10N3N1O10fbPT1
20150430082014Th_10,kifY31io52YPJN40\o14dPNOZo11fPN1Xo1OiPN5To1IlPN8Wn1J[RNM^O:Vn1I[RNM_O:Un1KdRN6\m1JdRN5]m1JaRN9_m1G_RN:bm1D^RN>bm1A^RN?bm1B^RN=cm1B]RN?bn1O1N8H4M[OMiP83loG2L4N100O010O2N3M100O00L5M2O2O1N3MYW_c0
20150430082014Th_11,\^Qh14ko11O2M2O2N2M2O1O00KcPNI[o19fPNEYo1a0O011O100O2OFhPNLln1H]QN<HLVo13lPNLgn1IVQN2680Mcn1N[QN6Vo1820O0O1O1N11O2O00000O100O100NH90GnPN@To1d031000O2D`cVU2
20150430082014Th_12,\VSg15jo1MXPN2eo1M`PN1ho1OF0dPN1fo1OD0hPN0Xo10hPN0Xo10hPN0Xo10<0]PN0Vo10jPN0Vo10k00C1@OnPN1ao1OA0nPN0ao1000B0m00A00000B0lPN0bo100000PP:0PPF00000B0>0]PN0Vo10=000\PN0Xo10<0;0[o10ZPN000YPN0^o10bPN0^o109000XPN0`o10_PN0ho10L0YPN1go132Olm7MbTF1Yk1OfTN3Wk1MaRN0X24Xk1LhTN5Wk1KiTN5Uk1MkTN3Vk1LjTN4Vk1KkTN5Uk1KkTN5`m1O`NMgQNO\12nl1NiQN0X12nl1OjQNOl07SOKXn1NjQN0<1L<nm1CjQN0<2JNI8Xn1HiQN0<2INL7dl1IfTN0fN0;2INL7dl1IfTN0XO1BOM7cl1IeTN1ZOOJ5Xl1KdTN1fNOh00\O5Rn1LRSN4ol1KhQN0U13Tm1MfQN0k00]O3Rn10oRNMTm10`RN0]O0bo1000ao10mPL0So50TQJ0[o1000Zo10fPN000^PN0co10O0QP40^oK0a000010O000010O10Xm52eRJ00O100000gR:OcmC0]o30cPN0^O0bPN0^o10bPN0^o11aPNO`o10`PN0`o11_PNOco10\PN0eo10YPN0ho11WPNOjo10VPN0jo1300O10O1O`o3OXPLOgPN0Wo10kPN0To10mPN0co30PPN0N0\O0d00ePN0fn10ZQN0fn10e0000QP60ooI010dPN0fn11d02OMVPN0co10S10fn10`PN000QP20_PN0Qo10_PN000_PN0Ro10nPN0ao10`o10oPN0A0@0`00_PN0ao10O0ao30_PN0]PL0Wo10<0O2^PNNUo10>0_PN0So30dPL1eo10ZPN5ao1L]PN3fo1N500Ogoe00XPZOOVPN0io1OYPN1fo1O\PN0jo10F080ln10UQN100QQNOnn10fPN0\o1000YO0]10ZO0Xo10hPN00000jP63QoIN[PNObo10bPN1dn1OeQN2KN_n10S10UQN0em50_RJ0hn1000O0SN5RRNK00\o10gPN3JN^1Obl10YRN2e0N@0nm12`RNND0lm11iRNOSO0Tn11jRN0POOVn11]RNOC1HOnm10WRN1P10gNO^n10bQN0co11`PN00Oao12oP:NnnE0iPN0Xo10<0oo30XPJ0ao30_PL0bo106010WPN0ao1170WPNOco11]PNOco11\PNOeo11ZPNOgo114002ZSNM[i12fVNOYi11fVN1Xi1NkVN1Si10nVN0Qi11oVNOoh13QWNLPi13_300O010MVPNOko10VPN0io11WPNOio10WPN1ho10XPN0ho1310000O1Ono10QSLNUj13jUNNTj10SSN1i2NZj10k20ho1080XPL0`o10`PN0ao10=0YlZd1
20150430082014Th_13,b\ah21QR`00]mG1iP8OhoA0_O0RQN0mn30b00_PL0So90^PJ0XPL0ho10G0bPN0ho50noM000nN2PQN00100fo10ZPN1ML[PN1do10\PN1co1O]PN0co170OoPNJZn14j0L_Q<3anC2N2N0lNJ`RN5`m1L_RN4cm1J]RN5gn102N\blR1
20150430082014Th_14,X^oh22mo1001OO1ON1cP2O`oM00000no=0QPF0bRJ2mj1NPUN8mj1HTUN8kj1HUUN9aj1GZSN0V29ij1GWUN9Wm1010000O2O000OVMJlUN5Qm1O^MLXUN3hj1MZUN2ej1O[UN1dj1O]UN0bj11^UN0aj10^UN1bj1N_UN3Um1200N2M3N2N10100O100O100O100O010O1000O100000002M6K2M5KWo;NkPD100]P<0boC2N1O2N4L2N1000000000O1O1O1N2L5N[nY1NhQfN1N1000O[PV40eoiK1O2O1N101N2O00000000000O11O0O101O2M3N\om0ObPRO4M3M2J501O10O010O1O1O100O2N1N3N2N1O2N10bbZg0
20150601122834Ch_1,b^mk11no12O000O1KN\PN3co1O[PN1eo1501O001O1O00010O01O10O1IDhPN<_o12NO010O1O001O1O1O1O0000001O0O1M201000000000O1000000000001O0000001O0[PNL_o14_PNN`o1900001O0000001O00010O1O2N001O010O0001O0010O0001O010O1O010O000000O1000000000001O0000001O001O001O0000000001O00000000000000001O0O10O10000000O10O10000001N10O10O10000000000000O10001O0O1O1O10O2N100O2O0O1O2N1M300N200O10LfPNA[o1>3O2000000O10O100000O10000O0100000O001N2O10O1000O010N2000O1000O10O100000000O10O10O010O01O1000O1000000O01000O100000O10JHdPN8\o1HePN6\o1KcPN5]o1KcPN5]o1KdPN4\o1LdPN4\o1LdPN4\o1LePN3[o1MfPN1[o1OePN1eo1Nfabe1
20150601122834Ch_2,kPYe22T32Vi1?dVNDXi1b0dVN^O[i1h0nSNUO[23ei1Q1lTNoN:Ojj1S1jTNoN=Mjj1V1gTNlNa0Lmj1U1aTNnNol1R1QSNmNSm1P1o00O1O0000O100O2O1N3M3L4N2M2O1O1O1O1N110000O2O2N01O10O9\RN[O[k1f0_SNXO86Xl1c0]SN[O64_l1c0USN\O93dl1V1YSNnNgl1R1WSNoNkl1P1RSNROWm1e0jRNZOXm1c0iRN^OWm1`0jRNAWm1<kRNCWm19kRNFWm16lRNIYm1_ORRN<i05^m1DdRN<_m1_OcRNa0^n10O1000M3O3L6JSlPW1
20150601122834Ch_3,^PSk02mo12N1N2O2O0O10000000000O10001OO010001O000000010O010O0100O010O2N001O2N2N1O1N]o`R3
20150601122834Ch_4,n[gf23lo12N2N2M3N1O1O10001O0O1000000O10O11O1O000O1001O0000000O1000O2O0O2O0O100O100001O001O001O0000001O010^OhPN:`o1N2O2N2M2NncjU1
20150601122834Ch_5,mn\T11no13M1hPNLdn14c02mPNLXn14gQNNXn12hQNOWn11iQN0[n1KeQN6Qo12O1M2M2M21O1N30O1K4GAoPNb0on118M12N20O0100O01O001O1002O2M10O2N1K5L4M4MWQQi2
20150601122834Ch_6,bWg^12oo10bQN1Zn12N1N2O2L4N2O1G9L40M3N2N3K4O2O0O1N2O00O02O010O0OHHhPN;Yo11401O002N2N2M]1LjNO10efn^2
20150601122834Ch_7,iVic11eo129OXPNOao11^PN0bo115101O000000010O0010O0100O4L0010O0010O01O001O2N010O1O100O100Noo1OWijY2
20150602122934Ch_1,cQcn24lo13L11N2NgN2U16H5O2N3hPN[Oon1m0K40O101O1N3K5L3L4M3N2N2O100000iRNIdj18ZUNHgj1?Z23L4L1O2N1001O0000_SNWOki1j0^UNUOeN2nk1h0[UNXOfN3mk1e0\UNZO[k1f0dTN[O\k17oRNLd1N]k14RSNN`1Mak12PSN1Qo1JQQN6]o1O100000O100O2N1N2RTNGPh1<nWNHog19oWNIQh17lWNMRh14mWNMSh13mWNNRh13nWNMRh13nUN@>?di12iUND`0<fi13fUNCa0<ni1N]UNJb08Sj1MZUNMa05Xj1MUUN3>0_j1MQUN5=Odj1LlTN9:Nlj1IiTN:9Noj1HhTN;6MTk1HeTN<5\OZO0nk19aTN<ELNYOQl1d0VTN8HM_l1O_SN^1bl1o03M2FYSNVMkl1g28iMoRN\1Tm1aNPSNZ1Sm1cNRSNl0_m1kNlRNn0cn1\O7JRlTl0
20150602122934Ch_2,_^[V2110lo14M2O001O2N1010O0000O01O1O010O00001O00001O00]PNK\o14dPNL]o13cPNM]o13cPNM]o13cPNN]o11cPNO]o11cPNO]o11cPNN^o1280000000000000DMkPN3Uo1MjPN4Vo1LjPN4ao1000FLhPN5ao1000000001O01O0000000001O0001O0000000001O0000001O01O010O00100OKK_PN5`o1M`PN2`o1N`PN2`o1N`PN3_o1MbPN2^o1OaPN1_o1ObPN1]o1OcPN1]o1OcPN1^o1NbPN2^o1McPN3^o1LbPN4eo1001O001O001O0UOImQN8Qn1IoQN7Qn1JnQN6Sn1JlQN7Sn1ImQN7Sn1JlQN6Tn1JlQN7Sn1ImQN7Sn1JlQN7Tn1HmQN7Sn1ImQN7Tn1HlQN8Un1GkQN:Un1EkQN;nn1O001O1O001O0000000000000O10000000000O0100000O10000O100O2N101O00PPl00foSO1bPN0^o11aPNO^o12bPNN^o13aPNM_o1370O10O1000O100JL_PN5`o1600000001N100000000000000000000O010O1000O100O1O100O10001N10000O1O100O1O100O10L4M210O100O10000O01O0010O100OO2OO20O010O100O2N100O1IYPN5ko1M2NhanZ1
20150602122934Ch_3,bmjT21oo13M1O0gPNLen15[QNLdn14\QNLdn14\QNLdn15\QNJdn16c00001O000010O01O1N1000000001O001O001O010O001O00010O001O001O00001O001O01O1O00100O0000001O0000001O000O1010O00010O010O010O10O010O^OLXQN4hn1MWQN4gn1OXQN0hn10XQN1gn1OYQN1gn1OYQN1gn1OZQN0fn10ZQN0gn1OYQN0in1OWQNO^o1OlQoe1
20150602122934Ch_4,nifb23no10@2mPNMSo14<01O001OlPN0F2_m1K[SN8RO0am1IZSN:RO0Ym1HkSN=hNL]m1HhSNo0Xl1QOeSNR1Zl1oNcSNS1^l1mNaSNQ1bl1nN^SNR1bl1oN^SNo0cl1RO_SNj0cl1VO^SNNVO:^m1H]SNLXO5_m10m1002^PNNQo1a00000_QN[Ojm1a0TRNAnm1<SRNCmm1=dQN_O74Un1<URNClm19XRNFim1OlWY[1
20150602122934Ch_5,_\UQ31no11N201O0FMhPN1Yo11fPNM[o1382O00001O000O101N1N2M4M2O1000001O1O010O02N10OO2O01O000001O0000001O1O001O001O1O1N1O8Hgcfk0
20150602122934Ch_6,RSUj12io150001O00001O2N1O0O1O10O1O1N2O10000001O00000O100000O101O01O0001O0001O00010O000JGePN9[o1HdPN8\o1HePN7[o1IePN7[o1IfPN6OIUo10mPN7MJVo1OmPN6OK\o14dPNK]o158O0000001O00010O001OGNdPN2[o10dPN1[o10ePNOZo13ePNNYo13gPNMYo14fPNMYo13gPNOWo11jPNOVo10jPN0Vo11iPNOXo10hPN0Yo1OgPN0Zo10fPN0[o1OePN1]o1MdPN3\o1LdPN4To1KmPN103So1LVQN4[o101LUPN0clnP2
20150602122934Ch_7,UP]V11XP`01foA1N101O00001O00000O1O1O2O1N2N1N3O0O1001O01O02N10O0^OAcQN`0\n1AdQN>Wn1A\QN1=?Vn1A\QN0>?Zn1BfQN?Xn1BiQN=Wn1CmQN8Tn1HnQN6Sn1IoQN4Qo1LXoa0NkP^O3M1N2O2O000O100O1000O1O01O001O0L401000O10000O01O1N1O20O010O1O1O1N200OKFfPN:f0Eim1`0URNDjm1;WRNFhm17\RNHdm17]RNHdm14aQNIl02cm15bRNI_m17V1N4LPQ]c2
20150619133554Bh_1,bdjU34ko13N1N2O0O1000O010O10O1O100O100O2N101N101N100O100O10000O010O01O01N1N2K501N1001O100O1O100O100000001O001O1O010O1O010O1O1O010O010O01O100O0010O10O01000000O10O010O10O010000O101O2M2O1O1O1N10010OO1000010O01O102M<D1O1O2NO00100O1O100O2N2N1O1O2N100O1000O100000O2O2N5J2N2O1N100000O1O1O3Lc0]O4L3M2N2NiNSRN>km1A\RN;cm1CgRN5Xm1LkRN2Tm1MQSN0ml10XSNLhl14ZSNKel15^SNIal17`SNI_l17cSNH\l18eSNHZl18hSNGXl19hSNHVl19jSNHUl18jSNJUl15lSNLSl14mSNLTl14kSNLUl14kSNLVl13jSNMVl12kSNMVl13jSNMUl14jSNLWl14iSNKXl15gSNKZl15fSNJ[l16eSNI\l16dSNJ^l15bSNJ_l16`SNJal16_SNIbl17]SNJcl16\SNJfl14ZSNMfl13YSNMhl13WSNNil11XSNNil12VSNOkl10USN0kl11SSN0ml11QSN0ol10QSNOPm12nRNNSm12lRNOUm10jRN0Xm1OgRN1Zm1OeRN1]m1NbRN3_m1L`RN4am1L]RN5dm1K[RN5em1MWRN6im1JURN7lm1KoQN7Qn1OhQN4Wn1NdQN5[n1j0O001OO2aNeQNV1\n1fNgQNX1cn1N1O0O3M3N3M101O001O001O2N0205J00O2N1O4L2M3M2M2L6K`Vi;
20150619133554Bh_2,cVoQ32jo15M3N3M100O1000000000O10O0100O00O1M201M3N2O110O010O1000O10O100000O1000000O10000000iPN[OSo1e0lPN]OSo1h00001O1O0000100O1O010001N2N1O1O01000O2N1O1O2OO00010O010O01O010O2N1O1O01O01O01O010O02N010O00KChPN=Vo1EiPN;Wo1EiPN;Wo1EiPN;Vo1FkPN9Uo1HjPN8Vo1HjPN8Uo1IkPN7Uo1IlPN5To1LlPN4To1LmPN2To1NlPN2So1OnPNOSo11mPNOSo12lPNMUo16hPNIYo17hPNHXo17iPNHXo18hPNHWo19jPNEWo1;7O10O0100O1O1O100O1O2Nji^f0
20150619133554Bh_3,Z`Pc2:ao16O1N1001O001O00O2O100O0010O00100O1O1O1OgPNBQo1=hPNC33To1=iPNGVo1e0L10O100O000001O1N200O2N103M01N2OO101OO01O00F[QNXOgn1f0:00O2N10O01N3O001O7I1O01O00O100O101N1O2Nk^iX1
20150619133554Bh_4,nkfT14[10Rm10mRN6\n10eN2cRNO\m15aRNJ^m1`0ZRNYOmm1k0nQNUORn1P1aQNYObn1S1;E3M0O1M1I8M[S[j2
20150619133554Bh_5,fk^Y23:1To11kPNLI1\o13iPNMLO[o15hPNMLO[o15hPN0Wo1=O1O1000O100001N101O001O00001O01O2N3M2N1O2N1O00000000O2O01O100O2N10O0000000000000000001O01O00001O0010O010O100001OO1000003MO010O1N2O10[OFcQN9]n1GeQN7So1N2NYSia1
20150619133554Bh_6,abXb16io13M2N4L6K1N2O1O1N10001N100000000001O0010O02N010O1O01bZNYOb[1f0^dN\O`[1d0`dN\Oa[1c0_dN]Oa[1d0^dN[Od[1d0]dN[Od[1d0l910O10O10O1001O0O100000O10O2O00O01O010O001O01O00000O100O100000000O10000001O000010O01O0010O01O01O010O0010O010O010O010O010O01O001O00001N1O2O001N10000O2O0000001O0O101O001O0O1000001N101O000O2O1MbPR15XomN5M2N2N2O0O2O1O0O2O001O01O01O010O0001O0O2O0O2O1N2N2N3M3MfP6M[oI6K3N3M2O1N1O2N2N1O2N100O1O2O00000O10O10000O010O10000001O001O1O001O1O1N3N1O1O1O1N2O1O1O2N1O1O1O001O000001O001N100O2N1O2N1O2O001O010001O000O01000000O0100O010O0010O0010O01O1O1O0010O01O1O1O1O00100O1O1O100O1O1O1O010O1O100O2O2M2O1O1000O010O3N2M1O0O2O0O1O2N2N3M1O2N1O1O1O001O1O010O0001O010O0010O01O00001N2O1O001O1N2O002N1O2N1N3N2M\SN]Ooi1a0PVNAQj1=nUNESj18nUNISj14mUNMTj11lUN0Uj1NjUN4Yj1FiUN:nl11O100O10000000000001O00001O00001N2O001N2N3MdQh1ManWN0^P20aoM000dSad1
20150619133554Bh_7,hdl?9co17N2YOH^QN<[n1j0F:K6L0O1O20O010N1O1O1O1O2jNRRN8om1A`RN6A[Oim1=gRNa0Xm1]OiRNe0Um1ZOmRNg0Sm1WOmRNk0Tm1mNQSNS1nm1000001O0001N5VQNkNan1]1MlNdQNe0[n1ZOgQNg0Wn1XOkQNh0Tn1VOoQNl0cn105I3L2O2M2O3K6L4JiYY]3
20150619133554Bh_8,]]fR15jo12N3nMJUTN7jk1JTTN9jk1GUTN;kk1A^RN3d1`0ik1]OgRN1`1f0mk1YOSTNi0am14mPNTOQm12aTNP1[k1SOfTNl0[k1ROgTNm0hl1ROlQNg0Un1BhQN;Xn1FjQN7Vn1ImQN5Sn1IQRN5om1JTRN4lm1LURN3km1MWRN1im1NXRN2em10]RNO]m16eRNIZm17iRNGVm18lRNIPm1:QSNE`l1IiRNc0h0D_l1IgRNb0m0E\l1IeRNb0Q1F`l1;aSNE]l1<dSNCZl1`0eSN@Ul1g0kSNXORl1k0oSNUOPl1l0PTNSOQl1b0fRN_O\1Mnk1b0n1N100N6L2M3M4Ked_j2
20150619133554Bh_9,YSeP13jo15K4N1O101[LBeWN`0Zh1AdWN`0]h1_ObWNb0lk12N2O10O010O1O01O101N1N1M3N2O2O1O101O00O1O10N10100000O1N2G9N2O1L3L4O101L[NLXRNMU16el1ORRNOW11hl18YSNGgl19YSNFil19WSNFjl1:VSNEkl1;gRNFfm1:XRNLdm13\RNOcm11\RN1bm10]RN3am1M^RN5`m1L`RN5^m1KbRN5_m1K`RN4cm1K]RN4dm1L[RN4gm1JYRN5im1JXRN5im1KURN7km1HTRN9nm1EPRN>om1BPRN`0jm1EURN=im1DWRN=im1BWRN>im1CURN5GATn1;TRN4K^OQn1`0SRN2Un1MmQN2Sn1LoQN4Rn1JQRN5Pn1ISRN9im1FZRN:dm1E^RNI[O;`o1N2NlnVj2
20150619133554Bh_10,lcZ?4io17I5L5K4kPNI[n1S1JYOjQNNom11TRN5dm1K^RN5am1J_RN\O1:_m1<_RNVO9<Vm1a0]RNVO?7Sm19eRNA<5nl15lSNHSl12WTNJjk14\TNHdk18\TNGek18\TNHdk17^TNIak18^TNHbk18S21ZRNGdk18[TNIek17ZTNJfk16YTNKhk14WTNNhk13RSNM81el13lRNLF3`0M[OLam19lRNH11`0Mcl1:jRNG8O=0_l1:kRNG:0lm1;`RND`m1?`QNDh0Mhm15gRNKL0Xl14RUNLnj13SUNN[l1OYRN1gm1OYRN2fm1N[RN8gn1HYPN3ko1OjN0YRN0em12\RNMbm15^RNL^m1NgQN0m00Sm15URNKfo13MOjPNN[n10dQN0]n11`QNOcn10h01_PNOnn14c0NUPNNmQ22gM5N1N2O000O100000O001O1O1NcP<LboC3M3N1O1O10O2N2NYog2NgPXM1L41O10[PNHbo17401M4L`R<0nk52aQ^O2O1N1000O2NRWgV3
20150619133554Bh_11,f]PS11QP20bRh73XmWH4L3N1O1O001N2O00000O10000000000000000001O00000010O001O1O1O1O1O2M3N1N3N1N2O0O2O001O0O10000001O00001N1O2N1O2N2O002M2O2N1N2O1O1O001O001O1O001O001N2O1N3LaP>2^oA4M4`PNJnn1f0M2O100O1O100O10001UQNQOan1X1000O1O1O1O1N101N2N2N2M2O2O1O1O2O00100O2O0O1CjPNNUo10nPN0Po1ORQN3kn1LYQN3fn1K`QN2^n1NcQN1]n1NeQN2Zn1NgQN2Xn1NiQN1Wn1NjQN2Vn1NjQN2Un1OlQN0Tn1OmQN1Sn1OmQN1Sn1OmQN1Rn10nQN0Rn10nQN0Rn10nQN0Rn11mQNOTn10lQN0Un10kQNOUn11kQNOVn12hQNOXn10iQNOXn11gQNOZn11eQN0[n1OfQN0Zn11eQNO\n10dQN0]n10bQN1]n1OdQN0]n10bQN0^n11aQNO`n10aQN0_n10`QN0`n11`QNO`n10aQN0_n10`QN1_n10aQN0_n10bQNO^n11bQNO]n11dQNO\n11dQNO\n11dQNO\n11cQN0]n10cQN0]n1OeQN0[n10eQN0Zn11eQN0[n1OfQN0Zn10fQN1Zn1OfQN0Zn10fQN0Zn10gQN0To10UO0fQN0Zn10fQN0Zn10k00jPN0\n10j00iPN0Vo90QPH00000QP40WoM0aQL0^n10cQN0\n10dQN0]n30cQL0\n10e10[N0dQN0]n30cQL0Vo10WO0c10]N0c10]N0c10]N0cQN0Vo11VOOdQN0\n10dQN1\n1OcQN1Vo10XOOaQN1Wo1000O000]OOYQN0in30UQL0ln10SQ20onM0PQN0Po10aP40ooK0^PN0To10lPN0Uo10jPN0Vo10jPN0Vo11=O[PN0Zo10fPN0Zo10fPN0Zo10fPN0Zo11dPNO^o10bPN0^o11aPNO_o11aPNO`o10_PN1ao10^PN0bo11[PN0fo151O1O0O2NaPf02\oYOM3O20000010oo10QPN0P\ST2
20150620161314Mh_1,T]]m22no11N2N1O101N2O1O00000O2O1O00001O000O10O100O01O001O010O01O0010O01O10O010N2O001O000010O00010O001O01O010O01O01O0J7N11O0010O0100O001O1N2O1O1N2O00100O001O0100O0010O010O01O100O10O1000O1001N10000O10000O1O100O1000001N101O1O000001O00000000O1000000O2N2NZdnj0
20150620161314Mh_2,TmR\11no12O2N2N102M8G3M2O3M2N10001O0000O10O0010O100O1010N4N0O010OSOSQNi0jn1VOXQNi0gn1WOZQNi0en1WO\QNi0cn1WO]QNi0cn1YO[QNh0en1XO[QNh0OWO^n1NfQNT1Yn1mNeQNS1[n1mNfQNR1dn101O001O3M4L1O1000O01OjPNXO\n10ZRNk0dm1WO\RNh0bm1[O]RNe0bm1\O_RNa0bm1A]RN>dm1B\RN>dm1B\RN9\O@Yn17\RN7hm1JXRN5im1KWRN5hm1LXRN3im1MVRN3lm1LTRN3mm1MSRN3mm1MRRN3om1MPRN4Pn1KQRN4Pn1LPRN4Pn1KPRN5Rn1JnQN6Rn1IoQN7Sn1GlQN9Vn1DkQN=ln10O10O01000O010O010O001O1O2N2N3IjQ[^2
20150620161314Mh_3,Qk`d16lo16XPNG[o1=3M6HVQ`0Nnn_O1O001N101O100O101O0O02O000000ZLIcWN8Yh1NcWN3[h13aWNM^h15aWNJ`h16`WNJ`h17_WNIah18^WNHbh19^WNGbh1:\WNFdh1;[WNDfh1=YWNChh1;XWNFih19WWNGoh13QWNLQi13dTNI\14Qj1JjSN5e07X1K]j1N[TN9V1I`j1MZTN;T1Icj1KZTN<Q1Jej1J[TN;n0Ljj1GYTN=k0Mnj1CXTNb0g0Kok14oSNLSl13kSNOVl1OiSN3Xl1LfSN5\l1J`SN9bl1AYRNLS1e0gl1\OYSNh0bm1VO_QNP1bn170OO11O1O001M3I8J:I6ERUSW2
20150620161314Mh_4,b_\_21oo100000K14001O000000000O101QQNLPn14oQNNNNWm14kRNOLNYm13kRNOLNYm14iRNOMNZm13iRN0LM[m14hRNOMM[m14hRNOMM[m15fRNOOK[m17fRNNOK[m18eRNMSn13mQNLSn15mQNKRn16nQNISn17mQNGTn1:lQNFTn1:mQNDTn1<g010O1O1N2O010O1O100O1000000000lQNL\l14dSNL\l14dSNM[l13eSNM[l13eSNM[l13eSNM[l13eSNM\l12cSNO]l11cSNO]l11cSNN^l11cSNO^l1OcSN0^l1OdSNOlm?1ZPB1N1000000000000kN1YRNOfm12[RNMem14ZRNLSO0]n14`RNLSO0]n14`RN2`m1N`RN3^m1ObRN0^m10bRN0^m10bRN0^m10cRNO]m11bRN0_m10`RN0am1O_RN1bm1N^RN1dm1N\RN1em1O\RNNgm11XRN0hm10XRNOim11YRNMgm13ZRNLfm14ZRNLfm14S10GNcPN2^o10`PN0`o180000001O0001O000001O000000001O0O1000001O0000000100O10O010O01O010O0000010O00000001O00001O1O001O00001O0001O0000010O1O1O0010O01O00001O0O101^PNF\o1c0L1O1O0000O10000O2K400HcPNM]o13dPNK]o14ePNK\o14dPNL\o148O101N10QQ^2OhnaMNaPN3]o10bPN1]o10aPN2^o19O1N101O001N100000001N1001O00000000000O100O2O00O01BdPN8\o1GfPN8Zo1HfPN8Zo1HfPN8Zo1HfPN7[o1IfPN6Zo1JfPN6Zo1IgPN6Zo1JfPN5\o1IfPN5co1O2O0O2NT_go0
20150620161314Mh_5,fUmZ31SP>0koC2N1O1N3bPNKnn16RQNKln16SQNKln16TQNJln16TQNKkn15VQNJjn16VQNJkn15UQNKln14TQNLln14TQNLln14SQNNmn11RQN0nn11PQN0Po10oPN0Ro10nPN0Ro10mPN2So1NkPN3Uo1;101N1O2M201N1O0010000O101N1O6H_PN4_o1100O1L4O0100O100O10001O0O1000@IWQN8hn1HXQN8hn1HYQN7gn1IYQN8Wo1001O001O001O01O0001N101N101O01O1O1O1O00001O0000010O00010O00001O1O1O001O001N2N1O`id>
20150620161314Mh_6,iZ]h03lo12hPNLbn14]QNMcn13\QNOcn12[QNOdn14ZQNLfn14YQNMgn13YQNMgn13XQNOgn11XQN0hn10WQN1in10VQNOkn11TQN0ln11QQN1on1?100O1000000O101O000O10001N1O101N100O\MAiUN>Wj1ChUN>Xj1BeUN`0\j1AcUN>^j1BaUN?_j1B`UN=`j1D_UN=bj1A_UN>bj1B^UN>dj1_O]UNa0Pm11000O10000001O1O2N1O1O1N1O100O10000000O101N2N2L4L4K5KWo9NlPF4M2N3N1O0O2N2O0N3N101O1O1O1N2O100O1O2O5J1000001OoNWQNk0in1SOYQNm0gn1SOZQNk0nn1GPQNAQo1>81000O100000O100000O0FjPNLY1L]l17\RNKW10\l14oSNNok13PTNNok12QTNNPl11PTN0Ql1NoSN3Ql1KPTN5Pl1ISTN7^k1HSSN1_18]k1IkRNN21f18^k1IiRN1N0l15]k16dTNI\k14hTNLWk13jTNNSk14nTNKRk15oTNKoj16SUNImj16TUNIlj17UUNHlj17UUNIjj17XUNGij18XUNGhj1:_200O010000O1000O10O10000O11N2O001O00000O100000000O101O0O102KUPN1ggRm2
20150620161314Mh_7,Wlde12mo10100O1000PP20PPN0`l54kUHOWk1NgTN4hj1K`SN0h14ij1L_SN0h13jj1MgUN2Pk5NWRL000YO0[QN1fn1OYQN2Zo1O_SNOUi10lVN0hh10nSN0j00B0om13^RNNE1mm1N^RN0F2km1O_RNOF1S1OQl10kRN1R1OYk10PTN0E0`o10\O0TQ20^oM0ko10iPL3_n1MRQN0?6^n1LdQNO]O1ONQ10cm10o06^PNLao182000bQNFVm19jRNGXm18Y1O10315JTPNNkm12l11cSNMmh12WZmV2
20150620161314Mh_8,Wk`g27ho12L4N2O001N3N2O0O2N100O0105J10bPNCXo1c06KO000O100O001O00001O000001O001N2O1O1O001O01IAlPN>So1DlPN=Ro1EnPN:Ro1BkPN14=To1BmPN=Ro1DPQN:\o1O010O100O10000O01O2O2NO1N101N3N2M`ScT1
20150620161314Mh_9,Ukbg2190io70WP:0go_O060SO2hPNNcP20hN0dP20dPN0\o30Zo30ZQJ0YPL0Ro10Ro30nPL0dP42ZoK0fNOeRN1\m1OdRN0gm1O]QN0Wo10hPN0eo30doM0<0ZPN0fo10E0;0YPN0go101010M0C0iPN0do10aPN1ln10RQN2fn1MSQN057in1IoPN088jn1KWQN6Zo1O01VNJiSN6Vl1JkSN6Ul1IkSN8om1O100O10O010O01O0010O01O10O01O2O0O1O]RSS1
20150620161314Mh_10,\dPf07ho13K7K2O1N101O1O6J1O00000010O01O10O1O002N4L1N10000000O1000O0100000O2O1O001O4M1N3M10O101N1O000O20O00001N2L3O103KQ[_V3
20150623152934Ch_1,eojf01ko14O100O2O1O0O12N0O2O000O2M]Q^11cnaN3N3M3N7I2N2N2N5L0O01N100O2N10002N2M101N10O10O1010O100O2O1N2O1O001N5L1O00O1N2O0001O2VQN[OUn1Z1N2N5kQN^Nam1R2O10O01O001N2N1OoMgRN]1Wm1aN[SNO[Od0Wm1\OQTNe0mNXO\l12jTNX1Vk1bNoTN^1il11O000O2N1O2M2O2PRN^N_m14eRNh0JXO^m1OnRNd0F]OZm1OSSN?GBSm1OZSN6LIil1O`SN4JLfl1NdSN2I0cl1MfSN0H3[OGQm15oSNNG<Zl1EPUN<oj1BSUN>oj1^OSUNa0Wm1O2N2N3L2O2LhhbQ3
20150623152934Ch_2,_[Wh13mo10N2N2H8O100O100001O000000010O1001O2N2N0O10O010O001O100O001O1O0000100O001O00001O000000000000000O10000000O10O0100O10O100000000O1000O10000O10000O1000000O100O10000O10O100O100O01000O010O1O1O0O2N10000O101O100O1O1O1M3Onog00QPXO2O10O100O1NSo12kPN3N2O0O1O2N1O1O1O100O100O100O010O1O1M2J7O1O1O010000001O2N1O100O10O010O010O100O1O1N2N1O1O1N2N2N1O200O100O100N3M2N3N2MWo;LWQB1^o1;N1O0N3O0O1O1O2N101N1O010O1O100O2ON1010O000001N2K410O10O01O1NQRNB`l1<bSND^l1;cSNF\l19eSNG[l19eSNG\l18eSNG[l19gSNEYl1;f10001O001N2O1O1N100O2O1Oggbh1
20150623152934Ch_3,c]nT22no11O00001O000dQNNil13WSNNhl12XSN0fl10ZSN0fl10ZSN1el1O[SN2dl1L^SN4Yn1N2NPo10mPN4N2N100O2N1O1O1O0001M21O1M2O2O100O10O10O100O100OL500O1000001O001O1O0000001N100O100000000000O1O10O10O1O01L40001O010N[PNKbo14^PNLco12]PN0io11N11O1NdPR15RomN8N1O1O1O001O1oPN]Odn1b0=0000000000O10O010O00001000O1000001N100O10000010O1O1O00100O00100O001O00010O000010O3N0000O0100O002N1O2M2O1N2N4Lo`m`1
20150623152934Ch_4,cili25io122Nnm3NiSJ0dl15YSNLfl16WSNLjl13USNOjl11USN0ll1OVSNMll12VSNLkl11WSNNdm10j04aPNKmn10A1P12O2M2N1O2N2eQNHkl1:USNFgl1=ZRN@h00kl1b0ZRNAk0Mjl1a0[RNEj0Kil1>_RNIf0Hll1;cRNN]n1NfQN4Zn1HiQN7Qo11^OG[QN8dn1G^QN9an1FaQN;^n1EbQN;]n1EdQN<[n1DfQN<Xn1JdQN5\n1KfQN3Zn1NgQN1Yn1MjQN2Un1MlQN5Sn1InQN9ln131N1M0N5KjVQS1
20150623152934Ch_5,mm`g22lo13N2M3O0O100001O10Nb0_O100O02OTQN[O\n1d0cQN^O]n1`0cQNB]n1=aQNF_n1:]QNJ9@I7gm1R1aRNSObm1j0`RNSOam1m0aRNoNam1Q1bRNkN_m1U1f0O101N110YOXQN4hn1I]QN6cn1H`QN6cn1CaQN>Qo1O010O1000O3O2N0O00O0000001O010O1O0100O112M2O0O01N5BbPN0ko1LmohT1
20150623152934Ch_6,Qd`V32lo16K5K2N100000000000O2N1O2N1O2Kmoo0M_QF0hnYO5M2O0000O10O00100N2_OHnPN6N5mn1FSQNk0ln16O1EnNfQNT1Wn1oNfQNS1Yn1;O3L3N000O100O010O01O0O1010N110O0100001O001O1O0000010O0001]NSRNQ1mm1oNSRNP1om1oNQRNQ1om1POnQNT1Qn1lNlQNW1Sn1<00O101O0000001O006I4L<D2N1O2N2O2N00O1O2O0O101M2EmRNeMVm1Z29N101O010O1O1\NXRNn0jm1oNYRNP1hm1nNYRNQ1jm1lNWRNR1lm1lNURNR1nm1mNRRNQ1Qn1mNPRNh0]n1UOdQNh0ln1M5DS[m`0
20150623152934Ch_7,Yn^e29fo12N100N3N1O2O0N2WN]OTTNc0lk1^ORTNd0nk1\OPSN37c0]m1@`RNa0`m1@_RNa0`m1B]RN?bm1FYRN9gm1KURN6km10mQNI0]OZn1^14O01O0010O00100O2O2M3_O_QN_Oen1=b0I6K8IYQ2ORQWX1
20150623152934Ch_8,RQWi01io50WPL000j01]n1Ok00noM00010O0001100QP2OnoM0nQX10eneN0dPf00gl[O1STNO[k10QSN0k10Qk10`UN1im10VLO^VN1il1O0000QP20PPN0O1WPN1`o11ePNMUo11oPNOnn13RQNMml10`TN2UN1hm1M\TN2ak1NbTN1TN0jl10^TNOPO1H1hl10UUNNSN2GNnl11WSNOi10aN1^l10ZUNOYN0hn11XQNOhn11WQNOjn11UQNOln12RQNNQo11mPNOUo12gPNN]o10bPN0eo10dhbQ3
20150623152934Ch_9,ikRU21oo11N2O1O000JM`PN2`o1O81O100O2O001N010O1OO2O00104LO1O1O2OO1001N11N10TOKlQN6Rn1JoQN6Pn1KoQN5Qn1KeQN1G4cn1LeQN1H2cn1MeQN3GOdn1NeQN3HObn1OfQN2HNbn11fQN1GNdn11eQNMCO34dn10lQNL@3fn1NRRN3mn10010O001O000001O1O1O1O1O1O1O000XOFjQN:Vn1GiQN9Wn1GiQN9Wn1H[QNN4:an1IZQNM5:an1IYQNN69bn1HZQNN39dn1IYQNN39en1IWQN115in1JVQN105kn1KTQN103mn1KTQN3N2nn1KTQN3M3on1JTQN3M2Po1KSQN3M2Po1KRQN4M2Po1KSQN3M2Po1LQQN202nn1MRQN1O2Po1MQQN003on1OnPNO31Qo1OlPN031Qo17nPNITo16lPNJTo15mPNJUo14kPNMWo10jPN0Vo1OkPN0Vo10iPNOYo10hPNNZo12ePNN\o10gPNNfo1OkSUe1
20150623152934Ch_10,RmXf21QP20Z10Yn11]PL1go1Nang00URVO0]Pf00WnK2gR^OOXl13j11N2N10N3MfRb0Mam_O0co50PQJ0`og00moPT1
20150623152934Ch_11,Pl^_256NZo1=L3011N20O1N2OAiPN7^o14K4K2001000012M3L3N2OO000URNCSl1>g11TRNAVl1>hSNB[l1?b17I2N6J5K1N3NlNYQNP1Qo1K5K2OO002M2O2eQNTO`m1P1PRNWORn1[11O1O1N5K5J3M2O2M3G:E>G[RW]1
20150913082034Lh_1,UVSa121Ojo15K403L2O0010N100000000000000001O010O1O2N4L2N3M1O1O01O10O0100O00000O1O1O101O00010O4L1O1O2N1O2N0010OO11O0001O001O010O0O1000000000000001O000000001O00001O01O00001O001O0O3LWibY2
20150913082034Lh_2,ZTS[2=ao13N1O2N1E;M2N3ZOb03O1O1OZOfN^RNL3U1gm1f02M4G8K6H9E<N4K`0A[m`c1
20150913082034Lh_3,h]iT16io13N0O2O000O02O0O11O0FNePN3[o1901O01O00010O0000001O1O0001O000002N2N1N102N001N101N2N2MWbfh2
20150913082034Lh_4,Uam^23lo16I2N2O1O2OO10000O2O0000000M^PNHbo17^PNJao1;00N2J7M2O100O2N10O0N4O1M3N3N2M101O0O1O1O010O10000O1O1O100O100OgPNLhn14VQNNin13WQNNhn12XQNMhn14a02O1O00O100O3KXPNNR_^]1
20150913082034Lh_5,YUof21lo1301N1N200O20O010O1O1000O1O10000O1O011O1O1001N011O000O1N1O1O1ORjPW1
20151003081954Uh_1,`en^24lo12mPNNSn14gQN3Wn1NeQN6[n1IcQN:]n1EbQNl0om1oNTRNT1Zn13M3M2OXO_QN1_n1OdQN0Xn12kQNLTn13PRNLom12URNLkm14WRNLhm13ZRNMam1AnQNb0b0N^m15cRNL]m12eRNOYm1NjRN4Um1IoRN5Pm1KRSN5gl1_O[RN;Q15bl10aSN0^l1OdSN1[l1OfSN1Zl1NgSN4Vl1LlSN3Rl1MoSN4ok1MRTN3nk1LRTN5mk1KSTN5lk1LTTN5gk1OZTN0ek10^TNNak13bTNJ_k14dTNJ\k16fTNF\k19gTN_O_k1a0P2O1O100O2N101N1MlZo]1
20151003081954Uh_2,X\[U34io14M3M2O100O1O1O1N2O1N2N1O101O0O10001N0100O10000000O1000001O010O01O2O0O101N3N4K4DbPNNdn51PQL8J3M2O0O3N1O1O100O1O10O01O1N1O2O0O1O100000O2N2O2L301N2O10O010O1N2O001OO2O001N2O2N1N3K]nc1LhQ\N5K3N2M4M2N101N2O2N1N3N?TUNdNVf1]1fYNhNXf1Y1bYNmN]f1T1_YNPO`f1P1`YNQO_f1o0ZYNdNbL=Sj1P1YYNeNdL;Sj1o0WYN]Oif1c0TYN@kf1?WYNAif1<ZYNTOfLKPj1n0^YNjN`L275ki1m0gYNkNaL7ii1l0WZNROje1m0XZNROhe1m0YZNSOhe1j0ZZNVOfe1i0[ZNWOee1=gZNCYe1:jZNFVe19kZNGUe17]ZNHeK2mi16[ZNOeKKPj14[ZNa0de1_O\ZNb0ce1]O^ZNd0be1[O^ZNf0be1XO_ZNi0be1UO^ZNl0ce1QO^ZNP1Yj1OO2O0O2O01O10O01O1N2O0]O]QNHcn13f021O2N2Mmcl?
20151003081954Uh_3,f^_Y21mo14M2O1N2N2O001`PNDYo1>dPNE[o1`000ZO^OnQNb0Qn1AmQN?Sn1CkQN=Tn1GiQN9Wn1HhQN8Xn1HhQN8Xn1IfQN8Zn1HeQN9[n1GdQN:\n1FdQN:\n1FdQN<Zn1CgQN=Zn1AfQN?\n1^OfQNb0Zn1]OgQNc0Yn1]OhQNa0Yn1]OiQNb0Yn1[OiQNd0mn1L1M3O2F9NQP20QPN1WPNO`o1:O0O100O2OO1000000O1000O10O010O0100O1O1O1O1O1O1O10OO1O2O0L50O1O100O1O2O1N2O1M4L4K5Loaba1
20151003081954Uh_4,UfTg22mo14L2N2L4_PND\o1d0iPN^Ohn1o00O00000@SQNKnn14TQNKln15TQNLln13VQNJkn15VQNKin15WQNKin15WQNLhn13ZQNLgn13ZQNLfn13[QNLgn12[QNMen14ZQNLgn13[QNJfn16[QNHgn18b0N01O001O0010O10O10O100OJIdPN8Yo1IhPN7Wo1JhPN6Xo1KhPN5Yo1IhPN7Xo1HhPN8Xo1IhPN6Xo1JhPN7Xo1HiPN7Wo1IjPN6Wo1IjPN7`o1N2O2MQYeU1
20151015170634Ch_1,VQ[c04ko12N10000O1O1O2O1O1O03NO00000O2M2O2N100O101O1O1O00O11O2N0100O1O1001N01O01O1O1O2M3N2N1O0O2O001OSOWQNc0in1\OYQNd0fn1\O[QNh0an1VOaQNk0]n1TOeQNl0gn100001UQNQOcn1Q1XQNTOfn1X1K1O3M1nQN^Ndm1b1YRNaNhm1]1XRNiNdm1V1ZRNnNim1m0SRNXOlm1i0RRNYOnm1]1O1O10O01O010O1O0XRNlMdm1Y2N4M1O0O2O7I2M1O0001]NlRN:Sm1SOoRNJ1R1Pm1SOQSNI101>nl1HQSNI1087gl1OQSNI1097fl1NQSNK0KILc0?cl1MRSNMOIc0<al1AUSN:FIg04TOKmm17YRNJRo16nPNHTo17;01N2Obm`V3
20151015170634Ch_2,Xani01oo11O00001VPNNbo1;J4O1N2O0K^OmPNc0Qo1@nPN?Ro171O1F:O1O1O1O1O1O101O0O2O1O00000001O1N2O1M2M4HDiPN=Vo18O0O0100K410O100M3O01000O10O100O001O2N1M301O001O001O13L1O000JiPNCWo1=iPNCWo1<kPNCUo1=7O101N101O1O001O001NbPNJUo14jPNObo1101O001O1N2O0O1N2O10O10O10O100000O10000000O01N20OO2N110O0010O01O01O001O0001O0001O010O1O001N2M2O2O1N1O2O1N2O101NT`_m2
20151015170634Ch_3,XlPU2324ao18kPNBSm12hSNa0POCOMil13VTN=QOHI53FXl18cTN5ZOg0Pl1UOdTN4^Oh0lk1VO]TNA^O<b0n0ak1YOXTN0?b0Wk1_OXTN0b0c0Sk1]OSTN^OOc0l0d0Pk1;QUNIlj12hUN_OXj1?iUNmN_NLQl1U1`UNmNdNJok1W1^UNgNWk1W1lTNgNnj11_SNW1Xn1lNhQNT1Wn1mNiQNR1Xn1nNhQNo0[n1QOdQNn0_n1QOaQNo0en1O[QNnNdn1P17O3BRQNFXo1NkPN1eo1McTWi1
20151015170634Ch_4,hXei02mo10O02O_10Wn70VPH0YPN12O_o11^PN021jn1NfQN5_ONhn11gQN1ANin11fQN8Zn1HeQN9\n1FdQN:\n1FcQN;^n1DbQN;_n1DbQN;Qo11O0O2O0O2K5N3N3N0O100O001O0O2WQNRO`n1m0aQNSO_n1l0aQNUO_n1k0`QNUOan1k0_QNUObn1i0_QNWOan1i0_QNWOan1g0cQNWO]n1i0cQNVO]n1j0=1N110O10O0ZOPQN<[o1O001O00001O10O02N2N2O1O000O10O1O10N101N2O1N2O2NTffQ3
20151015170634Ch_5,mf^U11lo15M3N5L2M2O6I1N1YSNXOVj1i0iUNWOUj1j0`21N10110O1001O02N3L3N10O2mNVQNl0on10003MO0001M4M1O2N011N2OPQNIXn16gQNL^n1NbQN2_n1MaQN2`n1NaQN1^n1OdQN0\n10eQN0Yn10hQN5Sn1JnQN7Qn1HPRN;mm1DURN<jm1DWRN<hm1CZRN>dm1B`RN;_m1EdRN9\m1FhRN7Xm1GlRN7Tm1GnRN:[n13kNF^RN<`m1E_RN<`m1C`RN>`m1A_RNf0Zn14M1O1OVOQQNd0Wo1O0O01O0001M3N3N2N10OFcPN3eo13M000000O2M3MmUae2
20151015170634Ch_6,eRoc04lo12N1O00O4Ljn7OVVH0nJ7M2M2XKEiYN=Vf1CjYN>kj12YKAjYN?Vf1@lYN>Tf1CmYN;Sf1EoYN9Rf1FPZN7oj1K`j1N\VL0bn10_QN0`n10aQN0^n10cQN0\n10iP60SQH0on10O010O105OL1OXPN3\n1L\RN0WO6\n1J]RN0VO8\o1IbPN9^o1K`PN2bo1IcPN6ho1L`PN7hn1IUQN9nn1EPQN<Zo1F^PN5bo1IaPN7Vo1ImPN032Po1NjPN1:Oln12YQNNgn10[QN0Xm10SR40SRJ1lm1O00lM0YTN0lm31hmMObTN0Yk50lTJ1c2Oje15U5LTMOeUN0Um10O001TMOVTN0:1Ul11]TNOfk1OVSN012il1NWTN3km11O1O0JL_PN5Zo1<3E\T6IRlI0UPN1fo10YPN1fo1500O0iLKeVN5Zi1MgVNN\i12Y31OO3MlT:1afE0b41kTNM^f12RY4NgkK000oL0Q34mRNLeM0nk15mVNKSi17kVNIVi17jVNIWi15\3M\PN9Yo17K2XRN\ORl1c0nSN]OZO0mk1>iTNC[OOPl16hTNKXO0mm1OURN0km11TRN0km11TRNOlm12TRNMmm13P11N100001N2O1NoPN0Tn11n0Oo00[N2ZQNOdn13[QNMgn11YQNNPi13S\NOlJNoh17T\NJmJOnh19U\NGmJ0oh19T\NGlJ0Qi17U\NI\d16X\:JfiE0PP40ooK0O100O1SfjQ3
20151015170634Ch_7,QXmh14ko101OEO;2J7O0jQNJdl18cRNNCJlm19_RNLELkm19aRNGGNim1;cRNDPn14aRNMbn10O1O2N1N2N2F:F;AQOcQN01R1\n1oNdQNT1^n1PO_QNJ31Nh0fn1XOgQNb0To1H4L3Meg\U2
20151015170634Ch_8,gXW`36jo12M2N0000001N2N2O3OO0001O00001N2eN@SSNb0kl1CPSN?ol1GjRN;Um1EjRN=Um1DiRN`0Tm1@jRNc0Vm1]OeRNg0[m1ZOcRNf0_m1[O^RNf0bm1[O\RNe0dm1]OZRNc0fm1_OWRNb0im1j0O02O00100000UOQNWSN02m1gl1cNYSNd0G]OPm11XSNa0H^OPm11YSN?G@Pm13XSNS1il1mNVSNR1ll1oNPSNR1Qm1m01O1O100WNjRNh0Vm1YOnRN>Tm1GnRN5ol11SSNJhl1=VSNgNK`0Pm1k0TSNeNJ8Zm1U1lRNROUm1o0kRNoNVm1n0nRNPOSm1m0QSNQOPm1n0XSNjNil1V1YSNgNhl1Y1P1O102N2NPTNiNYi1U1fVNlN]i18WTN4\2DXj15m2Mfi`;
20151015170634Ch_9,UQYc06io1L[PN0do1O^PN0io10H080O0ZPN0[o12fPNNYo12:11OO1aPNMQo16a0J0000\PN0Wo10;0bPN0on10`0010cPN0in10d00ePN081n22WLNZj1OUWN2ll1NTSN2Y2NaL0mi10_VN032\3NQf10`VN0]40Qe10cVN2k3NmK0ci10fVN2\n1NfQN1g3OQf10WVN2i3Noe10XVN2i3One1OXVN2l3Ocf10`YN0ge1OYVN0S40YK1lj1OTU62koI10OPONRRN0nm10SRN0Vo34^oML^PN7eo10gNIhQN2e07cm1GgQN0M0n03UONQn1OTRN0f02TO3Pn1KVRN0f01SOO12o01Um1MkQN031m04Sm1KlQN061i05Vm1LSRNNg06dm1K[RN5fm1KZRN3hm1MXRN1jm1OT1OgPN0bn10oPN0`o10_PN0om10]SN0cN0do10YPN0?0\m10VT20mmM000km10ZTL0jm10QP20QPN0PPN1oo1O10O1021NTm3OgR40hPF020K2=NSn13iQNNnl1OfSN0YO2ol1NiSN0XO2Vo10SM0QSN4l1JgN2Yo10gMNSTN0aN9]m1GTTN3^N1_m1LZ2000_R43ZmK4N3LJ`PNLO1ao12bPNMao13_PNMbo12_PNNbo10]PN0do12YPNNko11XP>OioA4M0001OPQN1on13NNXPNMfo11^PNNao11`PNO`o10bPN0]o10cPN1]o1OaPN4]o1M`PN5bo104N3N30O2YPNKao11YiTT3
20151015170634Ch_10,R\UZ1451]o1:OOFCSQN<mn1ESQN;ln1FTQN9mn1FSQN6GIYo11PQN5Qo1LjPNNO6Wo1MhPN003Wo1NiPNN04Xo14hPNLYo13gPNNXo12gPNNZo1<0N2O101OoPND_n1;`QNFan19^QNGDMln1<`QNJan15^QNMan13_QNMbn12^QNNbn12^QNNbn11_QNIE0ln17_QNIEOmn18_QNICOnn17aQNIA0nn17aQNJANnn18bQNIANmn19bQNIan17^QNJbn16^QNJcn15]QNJdn16\QNJdn16TRNHWm17hRNJXm16Z1O00PQNJB1Xn15bQNJ<3C3`n1O`QNM<1D3an1N^QN0<NF4an15jQNFE4cn16gQNFG3bn17oQNIRn17k01O1O001O1O100O1O1O1O1O1O2OO2O5J101N4M0O0010O0001O1O1O000010O1O01N100O2NdPN3hn1KXQN7Vo120O1000fNJiRN6Xm1IiRN7Wm1IiRN6an1O1O1010O01N100010ENgPN0Zo11ePNN[o14800001O010O001O010O000001O0O3LWo;0kPD0O112NMgcd]2
20151015170634Ch_11,c_Ym16jo11OOgRNOgj10XUN1jj1MfSN1;4Pl1JoRN363g01^l1NcRN9o0I]l11`RN8R1G\l1i0RSNWOE0Xm1j0SSNUOE2Xm1b0ZSN]OYO5]m1=]SNLfl1GgSN8[l1_OkSNd0em16^OUOeQNS1Sn1QOkQNR1Qn1mNRRNR1mm1nNTRNR1lm1mNVRNQ1km1oNURNP1lm1oNVRNP1km1nNWRN`0EHjn15WQNCVo19jPNF[n12VRNO[n11c_PQ2
20151015170634Ch_12,WQUc02lo14MK]PN0jo?0PPB0coa20]P^M0SPN0ho13`Pb0MfQn00Pn_N0_O0\O0[Q:0ioE005]m^V3
20151015170634Ch_13,SWU`09V2JTk1?o1<lPN]OMM21em1Q2M6J5K4KaMoRNT2ol1hMXSNV2im1B:F3L8HO11O4N10NK4C=K5J5N`f^^3
20151015170634Ch_14,\U[k1130do180000O2O101O02N2N^PNJYo16dPNI`o1<0M3O1002OO0O1O0O20O8HO0010001B`PN9fo1N1M5LnihR2
20151015170634Ch_15,Z]kU14io14L4OO0100O1O0010OO2N3NI700O1O1O1O2N3M[clh2
20151015170634Ch_16,aWW`01ZP20[PN3go1MXM0eR40joI0]R20cK0kSN0^l11XSNO]n10gN0b20gN2iNN\RN1fm1OmQ23PoMN1O\f`^3
20151026171014Mh_1,kbcd22lo14lPNKYn15gQNM^O1^n13SRN8km1IURN7km1IURN7jm1JVRN6jm1IWRN8hm1HXRN7hm1JXRN6im1IWRN7im1HWRN9jm1FVRN:jm1EVRN<jm1CWRN=en11DBUQN>kn1DRQN>mn1;O00100O010O01O0010O010O1O10000O0PNQOQUNo0oj1QOPUNo0Qm100O001O0O11O001M3O01000O0100O10O10O1O010O0100O010O100O1O2O1N1O2O0O1O1N101O001O00000000000001O0O2O1N2M3N101O1O100O1O0010O1N1O2O00001O1O01O01O01O000000000001J5I7N2O101O001N10000O1O1N3O0000001O00O2O1N2N2N2N3N2O_OhN]RNT1bm1nNaRNo0^m1ROdRNl0Zm1VOfRNj0Xm1XOhRNi0Um1YOjRNh0Um1YOjRNh0Um1ZOiRNf0Wm1\OfRNf0Ym1\OeRNd0Zm1_OdRNa0\m1Q1001O0O2dN_RN8am1GaRN8_m1HbRN6`m1HbRN6_m1GdRN9]m1_OjRN`0Xm1_OhRN`0Zm1_OfRN`0\m1]OfRNb0]m1ZOeRNe0am1UO_RNl0Xn12O1O10O1N1N3N2M4L4N4L3M2N2O2M2O1Nc`lo0
20151026171014Mh_2,R[aR11no12N4L10M2OTSNOXM3Yl1LaVN2RM5\l1JaVN=_i1BbVN>^i1CbVN=\i1DeVN=Yi1DfVN<Zi1EeVN<Zi1EeVN;Zi1FfVN;Yi1DhVN<Yi1BiVN>Wi1@jVN`0[l10001O001O001N101O1O5K1O0O10\ML\UN4dj1L\UN4dj1MZUN3fj1NZUN2fj1NZUN2fj1OYUN1gj1OYUN1gj1OYUN1hj1MYUN3Zm1O0101O1N2O1N2O1O0O10O10O10L3010O010O1N2O0N3O000O2N1O2N2N01O0N31N1F]OWQNd0gn1<O1O1O001N200O1O1N2L4O1N2O1O1M2O2HXNTRNk1km151[OVRNSOjm1l0XRNSOim1i0\RNmNJMlm1S1j0K4M4M2O2O00000000O1000N2O10XRN[OUl1e0mSN\OQl1d0oSN^Onk1b0TTN^Okk1b0VTN^Oik1b0XTN^Ohk1?[TNAek1=]TNCck1;_TNEbk19_TNGak18aTNG`k17W2M3Mcdde2
20151026171014Mh_3,c`Si1320bo1;I6I7M3M2M3N2M3L3O100N1OOVOmNhRNX1Xm1mNbRNU1^m1nN]RNS1dm1c01O1O10jNoM^TNP2ak1UN]TNa1kk1bNSTN]1mk1fNPTNP1Yl1TOeSNh0_l1ZO^SNd0fl1^OVSNb0kl1P1eRNiMam1T28M2N2M4M3N2N2L3N3MhSNdNQj1Z1PVNfNQj1X1PVNiNQj1T1PVNnNni1o0UVNROki1k0WVNUOii1i0ZVNWOei1g0]VNZOai1e0bVNYO_i1e0dVNZO\i1e0fVNYOZi1f0P301O1N100000O1001O000000010O00100O1N2O0000iQNAnl1>RSNGjl19VSNHil18WSNIhl18XSNHhl17XSNIhl17YSNIfl18ZSNGfl19[SNGdl1:]SNEbl1;b1O0000O1O0O2N3K4J7N2O00100O101N101O1O010O0002Ma0@3L100O1O100O2N100O1N20SQNHRn17oQNHRn17oQNIQn16m00O01O100O001O101MUdln1
20151026171014Mh_4,igZ^12mo1201N2M2O1N3M2N4M2N2N1O01O101N1O00000001N10002N01001O0O1O101N10000000UOoPNe0Vo11O010O0000010002OO4L1O0000O1O001000OO201M2O1N100001O11O0O3M2L3M8HjV[]2
20151026171014Mh_5,Rjnn22mo13N0O1000O1O2Mmn35kPL7M2N1O1000O1O10001N10100O2O00O100O002OO01O1O1O01O1O0O1O2N2N1MoP>MWoA2M2N2M3O0010O01O2M2O1N2O1O3M4L3N1N11QOPQNk0To1O000O10000010OO11O0O1O2N1O1O3M3M2O0O20SOYQN>Wo1N103J2N4M6J3K\m11eRN1N100000001O2M2O1O1000JZWUj0
20151026171014Mh_6,ndXV31mo13O1N1000000000000O10000000000[OK_QN5an1K_QN4bn1M]QN3cn1N\QN1fn1NZQN2fn1OYQN1gn1OYQN0hn10XQN0hn11XQNNkn1NWQN0kn10RQ`03\o_O100O10000000000000001N0010000O10O1000O100O0LI`PN8`o14O10O001O1O10O0100O1N110O100O10gPNIin16XQNJhn16XQNJhn16XQNJhn15YQNKhn14b0Og0M]O0Uo30kPL1O0j[Wd0
20151026171014Mh_7,PXQf07fo13UQNMhm15TRNOh0I_k19gSN2f0K^k16iSN2f0J_k16jSN1LHFH3<_l16kSNOId0Zl1@mSNOCc0^l1BlSNZ1nk1kNQTNV1nk1lNQTNU11lM\k1Q1bTNS1MVN\k1h0fTNR1K\N\k1c0gTNR1JcN0VOXk1U1lTNV2Rk1jMmTNW2Sk1iMlTNY2Sk1gMmTNY2Sk1hLoTNT4Rk1kKoTNU4Pk1kKRUNT4aj1hK`UN5OR4`j1\L`UNc3`j1^L`UN`3aj1bL^UN]3cj1cL\UN]3ej1cL[UN\3gj1cLYUN[3ij1fLUUN[3lj1k01O2_ORUNnKoj1o3TUNPLmj1n3TUNQLmj1m3UUNRLmj1l3TUNTLmj1i3UUNWLmj1f3TUNZLoj1b3RUN]LQk16bTNj2>PMRk1M_TNO6P3;SMck1k2\TNVMfk1h2ZTNXMik1d2XTN[MPl1^2QTN`MVl1Y2kSNgMVl1W2k0O0O7I2N3M1O2N1GkQNgNUn1X1lQNfNWn1X1:M3N1N3H7M3O1O1O2N1O4K4L3N1O100O2N2NPgXU3
20151026171014Mh_8,UidS17ho12EMePN7Vo1<L3N3M2O1O1N2N2NBeQNZO[n1e0a0N1L5L3N200N3O0010L4O01N1O10O1001O100O1O00M31O1O1O10O01O2N3N0N\QN3^n15M0_PNH_o18aPNIio112NPWYi2
20151117212434Ch_1,a`Wg14ko12N2M201O000010O000H\PN4do1J_PN0fo10ZPN020\o12gPN1Vo1OjPN3Uo1LlPN5So1JnPN7]o10AJTQN7Zo1001O001O001O1O2N1O0000O1000000O1000000O10O100O1010O000000000O1O01000001O1O2N0O2N2O0O02N1M3N200O01O2J5O10003L3N0O010O001N1O2O1N101O001O001O1POoNoRNS1Pm1oNkRNU1Tm1nNiRNS1Wm1mNgRNU1Xm1mNgRNR1Zm1oNdRNl0bm1TO]RNl0dm1TO[RNl0fm1UOXRNj0jm1VOTRNj0nm1b02O0001M11000000O1N1J242K4M3M21M12M210OO10O3O1N2N2VO[QNMTo1Oa0L3NVbhP2
20151117212434Ch_2,mWah22mo11N2O1O001O1O001N1O2O0010O01O001O000O1O10000O11O001O0O100O01O1O1N101000O101O010O001O01O0000001O0O10000O101N100010O0O2I7N2N2LXoo0LmPPO6L2M2O1O1O001O0010O00000010O01O1O001O00O100O1O010O1O1EHmPN9So1:O1M3O1O10002N10O01O100O0O2N1O1O1N2N2O00ICWOSRNj0mm1d002O1N1000O10O100N2M3M2M3L5M2M3O1O0OO2O100010000O10001O1N2O1N2O1N3N1N3O1N2M3N1O2N2N1N2L4N2O01O1O0000000001M2O1O1O101N10010O01O0010O001N2O1O2M2O2N1O3M2M3M4M2N4L7G^oXj0
20151117212434Ch_3,hlba24go1<Fa0YRNPO`k1S1b14M3O03K5K3N2O1O11N4L4_RNmNok1T1oSNPOok13lRN>T1A`l1=bSN^OQO;gl17cTNJ`k19YTNGnk16oSNJYl12cSNMbl17VSNHnl17PSNGTm1k0YRNSOjm1n0TRNROQn1l0kQNTOWn1Z12M3fNdQNk0kn1M4L6J2O100O00001O1O2N1M3LWQg[1
20151117212434Ch_4,c`Xi26ho13N3L5dPNEmn1h0N101O0O2O01O01O0GoNeQN2Jf0^n1]OnQNb0Qn1@oQN`0om1BPRN?om1AQRN?nm1BRRN`0lm1_OVRNa0im1_OWRNa0im1_OWRNb0hm1^OYRNb0fm1^O]RN?cm1A_RN=`m1CaRNO\O1Sn10bRNM@Onm14cRNKBOjm17dRNHnm19k02N1O100O100ON3O100001O00100O1O4L2N1O001O1O01O01O0001O01GWOYQN7K8ln1CWQN5N7kn1EUQN506kn11UQNOkn1c00N2O100N3O0OoPNVOon1j0oPNXOPo1k01000O2O00001N4SQNoNen1W1N2O001O000010O0O2N2N3L4M2N3N1N1O10O001N1010O010000O101O001O10O01O100O10O010O00001OO1000O1O001O10000O1000001O001O0010000O1000O01O0010O0010O03M2N10O000001O01O00001O1O6J2N0O2O1O1O1N4M1O0O2O1N2O1NW_ik0
20151117212434Ch_5,f^SQ1:co16K5J6L5K3M1N0ON301O20001O0O110O01OO00010O1N1N2O02N2N2N2N2M2NG:M4L3N2N2O000101001O0O2OlNCoQN576km19SRNGmm1:SRNDnm1<SRNBmm1>URNAkm1?VRN^Okm1c0j00O00N1L5NhNFmRN9Qm1KoRN4Pm1NPSN1ol10TSNNll10ZSNIhl18`1N1O2N1O101O00000010O1000Oho=K]PB2L4N0011N3LafZi2
20151117212434Ch_6,flnW37jo1000O1H9M2gQN_OPm1e0`RNOYm17ZRN2fm1T12L4TNoQNc1Pn1`NQRNP12mNPn1NURNm0jn1WOnPN4fo1IgRSg0
20151117212434Ch_7,jc_V24io16M1N1O100O1N2N2O1O01O001CdPN6Zo1LgPN2Yo1OhPNOYo10iPNOWo11;10O011N010O2N10OO20ePNNgn12d0O2O00ePN1Yo1101O0O10OO2M2M4O1N2N101O1O01O100O1O1O10001N10000000O10O0J^PN0ao10`PN0:Kin15mPNO:Mhn15nPNN:Mhn15mPNO:Min1;XQNDhn1=WQNBkn1<=01O00001N101N2O01O000O2N1O1O11O0000001N2G\PN4io1O1Nfoe00[PZO00000]P<OdoC0N2000001O1N5K000N300O1N1K60O1O1M3N2M3N201N2O1O0O1O1Ol\h`1
20151204133714Th_1,fVoR21no12N2O0O100DLlPN4To1MkPN3Uo1NfPNMO5Zo1=0000001O1O001O1O0O100O100O100O1000000O1000000O1000O4M0O10000O11O000O1O2N011O00000G[PN6ho100O1O2N10001Ndi\i1
20151207173614Mh_1,[mVR25jo14M0RL1jWNOSh18jWNGVh1>fWN@\h1b0cWN[O]h1j0[311O00100O01M2O101UQNQOan1X10JoUNPO]e1o0dZNoN]e1R1bZNmN`e1Q1i4O102M7K3L1N2M3K6JcRN2[m15K7K5K5L4L6L;YO`NmQN0:]1cm1iNbRNT14jN]l12cSNS1NiNbl12dSNS1JjNgm1P1XRNQOmm1k0g0M21N6I2ONnKnNXYNP1ef1UO\YNh0df1WO`YNj0mj1O0O3M1N2O1N03M10O02ON3L3NXLKgWN2Wh11jWNN^g1KbUN6S3N[g1M_UN6W3N[g1FUUNN6>^3Jeg1:_XN^Ofg1`0o3M2O4LlTSi1
20151207173614Mh_2,SZgc07go14L4L2N2O2N0010O10YO]OQRNb0Pn1CjQN=Un1EkQN:Un1HjQN7Vn1IkQN6Un1KjQN5Vn1KkQN3Vn1NjQN0Wn11jQNLVn16kQNGVn19g02O0000001O000000000O1001OO1000O01000O1O1001O000O1001O0000010O00001O1N3N1O1O100O1O1O1O100O2N2N[hPX3
20151207173614Mh_3,PolS25jo12MOoMK\TN3RNM01Vm10kTN0`k1OnRN0gn10YSN0Ym13^MMWUN3fj10YUN1ij1L\TN0RO8on110H`PN0Qm1OWUN1fM2Rm1M`SN0Q12]N1Pn1M\SN3dNOao18iNFgRN;Zn14UOA_RN6in1L1NSo10RRN0PO0O0QP20WoM0cQ23RoMO002NO1YOO\QN2Yo10O1QNOoSN1Rl1NnSNOfm30hPL1Zo11^PNOO1eo128M`PWi1
20151207173614Mh_4,[VmT13mo11O1O1N1O101_OMRQN4mn1NRQN2mn1OSQN1mn10RQN0mn11SQNOmn11SQNOmn12RQNNnn12SQNMmn13SQNMmn13TQNLln14UQNKkn16TQNKln14UQNLjn14VQNLjn14WQNLin14VQNLjn14WQNKjn14VQNMin12XQNNin1OXQN2jn1KWQN5kn1ITQN8mn1GSQN9Yo11000001O000000O10000O100O100O100O10VOJhQN7Xn1JhQN6Xn1JhQN5Xn1LgQN5Yn1LeQN5[n1KfQN4Zn1LfQN3[n1NdQN2_n1KaQN5_n1K`QN0_O1Ro10^QNO_O2So1MaQN0\O3So1N_QN0^O2Ro10^QN4bn1K_QN4cn1K\QN6dn1I\QN8Uo11O1O1O01O]OG`QN9an1F_QN;`n1F_QN:an1G^QN:an1G^QN:bn1E^QN;cn1FXQN>hn1BWQN?in1BPQNc0Qo160O1O2O0M3N2O1_OgPN8]o1FePN6do1Naj`e2
20151214171854Bh_1,ePaf11mo14N1N2O1N1ZMJaUN8]j1IbUN8]j1IcUN7]j1JaUN7^j1JaUN7_j1H`UN:`j1F^UN<bj1C^UN=dj1_OTSNOW2c0ej1]O_UNb0Pm100N1O2O100O0O2N1100O001N101O0O100L4N3O000000001O000010O00O100M3O1O2O2OO010O0IUQNZOkn1a0=N1O01O11OO100WOEnQN;mm1MoQN4Qn1MoQN1Rn11lQNOTn13jQNKXn18eQNH\n1:bQNE_n1m010O10O1L5M2N4M4L3M2O1N1O10000O1O1O1O1O2M2N3N1O2N4LSR_S2
20151214171854Bh_2,YUUj252Ldo1:OOoPNH\n17aQNM^n14`QNN`n11_QN1`n1OaQN1_n1MaQN5_n1JaQN7`n1FbQN:Qo1100O1N2O001O1O01O00000010N020O001O001O00O2O001O1N100010O00O101O001O000O2O01N20N2N4M1NUk`R1
20151214171854Bh_3,Wi\[12n21ki1OZSN1i21li1M]SN1g23ji1M_SN1g21ji1O]SN1co161O0001O001O0O2O0001O00010O010000O11O1N10O1O2O0O01000O01001O1O1O1N1O2O004M000O0110O0000O00O01000O101N2N3M100O01O100O;F0001O1YOoPN<]o1OO1O100O00O2000O000O10O02N1O1O00O1AfPNL27fSY_2
20151214171854Bh_4,oa]m12no10ZPN0[o12bPN2[o1:01N1N3N10001N1010O01O01O100O001O2O0O001O1O1O1O1O1O001N100O2M20000000000001ZOI`QN9bn1F\QN:dn1G[QN9an1FSQN1;:bn1ESQN151J;mn1CTQN24`0gn1@TQN05`0gn1@TQN04a0hn1_OTQN04a0in1^OSQN05b0hn1^OSQN05b0hn1BXQN=jn1@XQN`0in1_OWQNa0in1^OXQNb0So10001N101O1O0O101O000000001O00001O0010O01O000000000O10O0100O1O1000000O1000HLdPN3[o1OfPNOXo14hPNKXo1681O0010O1000O1EKiPN7Vo1:0000O10000O100O1O010ON3N2O1000O10O101N100O100O1O1O1O100O100N2O101N1O1O2Ln^fi1
20151214171854Bh_5,c]_i0=ao1101`bZV3
20151214171854Bh_6,P[eZ26jo11N2O001O0000001O0001O0010O00100O0010O010O0000010O00000001O00000001O00001O1O001O001O000000000000O1000000O10O10O100O100O1000O0100O100O10000O10000000000O10000000O1O1O1000000O100O2O001O001N10001O0O2O001NG1cPNOWo179O010000000000001O00001O1O0O2O00001N10^o_21aP`M0ZPNO]o11aPN5Zo1LePN6Yo1LePN5[o1KdPN7[o1IePN7\o1601O010O0000010O01O01O05L0O2O^PND^o1`00O10O010O00100O001O10O0000001O1O0O2O001O001N3N1O1N2O2N001N100010O000kddW1
20151214171854Bh_7,oVU]16io12N1O2N101N2O0O5L1N100O10O0N201L3O1J601O0N3O00010O1O100Nko5OWPJ3M0010O1O01O001O100O010O10O100000000O10001N[1NgN001O2O00O1002M1000MXPNNgo12ZPNOeo10\PN0do10]PNOco11]PNOco11]PN0bo10^PN1ao1N`PN1ao10^PN0bo10_PNOUn10QSN0iN0Wn10[R`00To_O0XPN0ho10XPN0ho10XPN2ko10N1UQNMim13PRNM\O0dn13WRNMim13T1MXO0bQN0^n10bQN0ho?1^oA00OmhT\2
20151214171854Bh_8,gffZ15jo13K4O0000001N10001O0O10O101O010O11OO0010O10O01O1000O3N00O0100O01O010O1O01O10O010OO2O6I2O1NeX]b2
20151214171854Bh_9,aa]Y1210jo14M3O2M2O0O100O001N2O2N2N000001O1O01E]OXQNb0in1ASQN`0mn19100O10O101N20N1O1MdNWOfSNh0Yl1[OgSNc0Vl1[O^RN3\1a0Xl1BhSN7_l1J`SN4bl1M\SN2gl1MYSN2il1MWSN1kl11RSNOPm13mRNLTm14mRNKTm14lRNKXm13gRNI^m12`QNM`P62[oK0O100O1@NRQN3kn10TQN0kn12SQNOln12TQNOkn11UQNOin13VQNOhn12WQNOen16YQNKdn1:XQNHgn1j0N10O2O2N2M2O1O1O1AQQNJQo14QQNKQo12RQNJRo13Sana2
20151214171854Bh_10,j]^h03lo12N1O2N1N2O1O1O1O1000O101O001O1N3N3LaQ\20_ncM2N2O1N101O010O01O000010OO10001O00O1O2N1N2O1O2O001O01O001O1O1O1O2N0O2O1N2N2O001N10oo50koI6N2O101O0000001O0010O001O001O00001O0000001O0O101N2N2NfP`04To_O5N1O1N10001O000000000000000000O01000O100O1O2N2N1O2NgQf3NZnYL3N101N2O001O00010O01O1O001O1O00100O010O0100O1O1O010O001O01O00001O010O001O1O001N101On]kf2
20151214171854Bh_11,k_nk22no11K301N101O001O010N100O1O2O1O010O11O00O11N2O00O1001O0O0010O01000001O000O2M3O0O3Ne`_Q1
20151214171854Bh_12,Qb]m11lo10VPN013fo11cPP1LnnoN0f00VP`00VP^O0co10do10ePL0^o109000YP40^oK0UP81ooIOTPN010000000dPN0hn10XQN0hn10XQN0kn=0PQD0A0PP20PPN000PP:0foI0ZP40PPH0oo10QPN000XPN0_o11800000XPNOao117000100O`o10_PN0PP20[PL0Zo12fPNNXo14hPNLVo15kPNKUo13mPNMco10000000000000WO0^Q60YoI010\O0ZQN0fn10ZQN0Zo30]O0dPN00000`P20_oM000PP20knM1T11UQNOfm12YRNNfm13[RNMem12[RNMgm12YRNNhm12WRNNim13R101NbP>2\oA3M1O1O001O10000O010O010O1O0O20O10000O10000O100O100O00100000O1000O10002M6Ka_hf1
20151214171854Bh_13,efhZ11lo1012_PNNTo12lPNNTo12lPNNRo14=OcPNMnn14RQNLl42fd11_VNMh46hd1L`VNOg46hd1JbVNOh45gd1L`VN0j42gd1N_VN0d10R1Onf11[VNOe14mj1MVSNO90d12lj1OZSNO50en13WQNMXo12iPNN30Ro10nPN0So10mPN0Ro10oPN0Qo10nPN0Ro10oPN0ao10W20aK0^TN0Tk11SSNOTo11lPNOTo10lPN0h10Wk10WUN0hj11QSNOVo10=0^PN0Uo10=0?0]QN0jk10hRN0k10Qk10^UN0nj10e40ZK0gTN0Xk10[20_RN0Xm90jP<0ao[O000hPN0Yo50ooM0ooM000`o10QQL0`o100000goQ10WPnN2O1OOVU[_2
20151214171854Bh_14,cTmX15go15L3D=K4N3N1O01O0N3GSQN^Onn1a09N2O2N100O1N11001N001O10000O2O1N4KVlXe2
20151214171854Bh_15,_^\Y25io12O1000000LI^PN8ao10_PNIao17_PNI`o18301O0100O11O10O000O01001O0001O0000000O100O1000001O1O1M3NhaWd1
20151214171854Bh_16,ZoPV23lo18H3L101O0100O11OO2N1O3L6JdP63VoI;WQNH\m1=_RNI[m1<bRNF[m1<dRND[m1>dRNBZm1a0bRNB^m1?^RNEbm19_RNGbm18`RNGam17_RNN^m1MfRN2[m1_OURN1a0a0an111O00103LXN]OUTN`0kk1AVTN=hk1GXTN6hk1LZTN2fk1M^TNOdk1O_TNMdk12mR[g1
20151227133734Ch_1,\k^T25jo12WTj0JnkUO0O20OQOOoQN002Pm1OPTN1Pl1O90VWN0Qe11nZN1Qe10nZN0cb14ZZNIU33Ub1c0b]N[OYM2gNNXe1j0c^NWO^MOgN2We10iYNb0d3[OR13ja1d0U]N_Og0MWb1a0R]NEe0Hhf19eVNKkk14bSNGYO5Wm12RTNMQl11P2OjRNL^h13mVNMg01[h12hWNMSO0Wi12cWN3Sm10100OQi1LdXL0[n12bQNOY2Ogf11hUN5V1MY2Ocf1OkUN134V1N6M?2Uh13QVN0V1L5ObNOk14Uh11TVN0j2MPMOn13Th10UVNOj23lNOUh1M\YN4`NMVh1N[YN4^NO`g1MiZN3hM0_g1MkVNOJ0g32VN2^g1MjVN0JOi31UN5gg1NV\N2jc1NV\N2kc1L^[NO`K5Ri1LV\N4ki10001NdMNmTNOUk10R60\L100do3N`mK0QSN0e21Yj1OQSN1g2OYj10oRN1mo10m3OTL1O3M0ZOM`QN2_n1ObQN0]n10eQNOWP20RMOkSN2`i10UWNN[O4ed1LV^N3G1oa10Z^NNI1ma11Z^NNJ0la13Z^NLSL4Vi11c[NO]d12b[NO]d11\WNLh23ke12]WNKj20ie16]WNJkl16_1100O100fVNFnb1:R]NGmb19T]NIjb17ZWNIX5N_c19YWNJ`n17_QNIQ30kg17UUNIo20lg18hXNHYg17gXNIYg17hXNHXg19gXNFgf10fUN:e3Def12fUN:S5Eic10UWN:R5Fjc1NUWN<Q5F\d1:d[NFnL1kd18j`NHV_18j`NHW_17j`NHW_17j`NHW_18h`NGY_19W80ZYNLa]13_bNO_]11cbNN\]12lbNHR]18nbNJP]16S]NK]20_`14RcNLn\14ScNLl\13VcNLk\13UcNMk\14UcNKk\15`911O000000bVNKfIOVi16S]NLgINVi17Q]NOPc11o\NNRc13n\NJnK0md16UaN6h^1KVaN7i^1IVaN:h^1GWaN:h^1GWaN9j^1HTaN8l^1I\aNNe^12baNE_^1<c81N2O000fUNBPe1>P[NDod1;Q[NEdb1KaZN`0l2Dbb1NbZN=`1E^MNaf13_ZN:`1IYe1LYYN:_1JYe1IYYN>]1Ihg16ZXNGig18XXNFig1;VXNClg1?j30WQNDnm1;oQNIom18mQNLd6DZ`1`0oXNOe6HW`19QYN2h6EW`1:nXN2k6EW`1R1l_NlNU`1S1m_NkNS`1T1^7O1N2O001O1OiXNoNa_1o0^`NSOc_1k0^`NTOc_1k0_`NSOc_1l0i7010O3L6J:G0O1eVNbNSd1\1n[NdNTd1Y1[5NbTNgNXh1V1\3L3M3M3N3M2OmSN[OjNOQh1e0UYN]OiNOQh1e0VYN[Olh1e0Y3O1N2N01000OnWNBb`1?]_NAe`1>`7N0010O02O0O2O0000001O1OdTNLkf14TYNLmf14QYNNPg12nXNNSg12lXNO_LIPj17_YN2\LMTj11^YN3[L0Wj1L]YN5[L1Xj1J[YN7[L1Zj1JWYN6_L1Zj1JTYN7aL2Yj1G^VNETO1`2b0dM2Yj1G]VNHf1a0cM1Yj1IZVNFj1`0dM0\h1]OWYNa0kNBo1>eM1Zh1^OXYNb0]NL_20dM2Uj1j0jWNdNVN<N3Tj1l0dWNjN[N4O4Uj1m0fVNhN]O3I43OXj1n0QVNYOMBH7[k1k0nTN^Ob0Edj1k0hTNAd0Cfj1k0eTNAh0Bgj1j0`TN@o0Ddj1k0\TN^Obm1c0o0M1N2M4J5L8EZPj01joUO2fn?OXQ@1100O[n70dQH1jTcY1
20151227133734Ch_2,fYcR223Oho16N2N3M3M3L3O2N1O2M2O2N19G1O0O100O10001O00cPN_OYo1e0O02L4M1O1O1O001O1H_PNNco10PeZk1
20151227133734Ch_3,f`Vg1120^P40dPN2YPN2\n14_IHT]N7bf3I[SNb0QO201URN_OUl1e0^SNHbl18oRN6Pm13dRN0al1nNPTNV1FC3WO]l1;WSNHn0e0ii1]OVVN1VOJJ0k06`0b0]i1^O]VNKPO3g02h0:hh1DiUNOY13[O3k08hh1APVN6e0OH0n0<nh1J[VNKKKn01\N5^j16ZVNJ_2KUg1<[VNIQ1L]O0Si1=dXNJVNHVi1?cXNISh1J]UN=4@f13ih12[UN;4Bk1LcM1Pk17^UN:OGj4FTc1;SXN7KLn4Bib14TXN5=:CLXm1FfRNOe0m04POjk15\SNN>T1Zm1iNZRN1<U1Un1100nRNPOTk1R1iTNPOQk1W1oTNhNoj1Z1SUNaNoj1]1YWN_Nff1^1lVNiN^k1W1eTNfNVk1:\SNb0\n1]OiQNHL4fn13kQNHoS2L^kM2^\QV2
20151227133734Ch_4,cboa21no11^ni00aQVO1O1N2O10O1N2OkQN6Vl1I]SNOSO;]m1FnSN>ik1BbRN0e1?Rk1AjSNO@1d1f0jj1[OWTNNP1h0gj1[OUTNNX1g0bj1[OVTNN\1d0]j1_OZVN`0fi1@[VN?ei1A\VN>ei1@]VN?bl101O001O001O1O5K100O001O00dMJnTN6Rk1JnTN6^m1OeMKmTN5Qm1MoPN3Qo1OnPNORo14<3M1O2N001O000dPNCVo1=hPNDXo1c0hM\OWTN1_Ob0Zl1]OWTN1A`0Xl1^OXTN2A?cm1B\RN?cm1B]RN=cm1C]RN=cm1C^RN<cm1C]RN=em1A[RN?cn101N2O1O000O10000O00100000O1000O01O1M30O001O100O100O100O10UMFPVN9Qj1GoUN9Qj1GoUN8Rj1HnUN8Rj1ImUN7Sj1IlUN8Tj1GmUN9Sj1GmUN8Tj1HlUN8nl1O100O1O1O0100O002O0N2O1N2O1O1O1M3O10O100O101O000O2O000000001O0O100O1O0010000O10O10O2O0O100O101N2M_o50bPJ3N1O1N2O00000000000000O100000O2O0L4O1TOBVRN=km1CURN=km1CTRN>gn1O1O1O1O010O100000O0100000O001O01O1O0010000O010O1O01000O10O100000O100000000000000000O10O100000001N2Nbo=N`PB2N100000001N101O000O1000O100O10000O10000O10O001O0010O010O01O0O20O0100O010000O10O010000O01000O2Nc_jk0
20151227133734Ch_5,]mRf12mo13N3gPNN^n13`QNO`n11^QN1an10_QNObn12]QNOan12_QNMbn13^QNLcn14^QNIcn17]QNHen17b00gPNFmn19SQNGmn19=010O0000100O1kPNEcn1;\QNFen19\QNFdn1:a001O000001O1O1oPNEZn1=eQNCYn1a0[QN^Oon1d0PQN^Onn1c0QQN]Oon1d0PQN]OPo1c0oPN^O5Lcn1g0WQN^O5Kdn14YQNc01[Ogn1N[QNg0L\OPo11RQN`0nn1^OUQNa0kn1_OVQN`0jn1@WQN?jn1_OXQN;GESo10WQN:ln1FUQN9kn1GUQN:in1GWQN9in1GXQN8hn1GYQN8Yo1O1N2O10O01O001O1O]QSV2
20151227133734Ch_6,ekXe11oo10[P22coM1O012AKmPN0G4Zo1LSQN4\o12N000]OK[QN3@LTo12\QN2fn1OXQN2hn1NXQN2in1NUQN3kn1MUQN4jn1LVQN4jn1MWQN1jn1NXQNOin12b0010O001O0000001O01O01O01O01O001O02O0O010O02O01N100O10O0001O0010O000001O00000001O000000000000O010000000O10O1000000O100001O010O1O01O0YON`QN2`n1MaQN4Uo10O100000000O10N20000O2MTPN0no1001O001O0001Oko1O20TPN1SPNOio11WPNOho123O1OVT[S2
20151227133734Ch_7,RYWa02mo15J2BKPQN6on1LoPN4]m1JmSN3dN3\m10nSNMeN3\m13nSN7Ql1KeRNFQ1>Yl1NeRNES1;Wl12fRNCT19Vl14fRNDT18Ul13gRNGU14Tl14hRNIT13Sl13jRNKR12Tl13jRNLR10Tl15gRNMV1NRl1f0nSNYORl1e0PTN\OPl1c0oSN^OQl1`0RTN_Ook1`0RTN_Onk1b0RTN\OPl1d0PTNZOQl1g0nSNXOSl1i0lSNWOVl1g0lSNWOUl1h0b1O2O0O2N1O2N2O0000HBmPN?Qo1900O0FVO`QNi0_n1ZO_QNf0an1\O^QNc0Tn1WOSRN7Hb0Un1YOSRN4Hc0Tn1ZOSRN4K`0Rn1]OQRN475im1FoQN6:2hm1FoQN9:OSn11nQNNRn12oQNMQn12QRNNom1MURN4ln1ObNJRSN6ml1LSSN3ll1OTSNOll12USNKml15^10010OkPNIan19^QNIZn1>fQNDWn1<iQNFUn1;mQNBSn1>nQNBRn1>h001O1O1O010O00000000000001SOGQRN9om1GRRN8om1C\QN1e0;Qn1CZQN2f09mn101OAHXQN6ll1L]TNNgN6jl1O^TNKiN5il10QUNOoj11RUNOnj1OSUN2^m100O2Mdm3M`RL0RRN0QN0io14O2O01O001O1O]m10_RN5O1O1OO1OO02MLO^PNO^n10cRN5`m1I_RN8dn1010O00100O10001N100CEUQN;jn1ISQN8ln1ISQN6nn1JRQN6on1HSQN7nn1HSQN7]o1N1O0O10010O0100O1O10000oPNF[n19g0O1M\Sj0LhlUO20O2Ocla01[S^O3N1O0O1001O0000]OK[QN5dn1L\QN5dn1I]QN7Vo1100O1O0010O100000O2M4L3M1103^OePN7LHeo1;O000002M2M103L2OQTl00okSO001SPNOio132O`J0Q[NOnd13_52N0001N1O2NSW80i`Vo2
20151227133734Ch_8,gh^V34l0OQn12jQN3Un1OgQN4Xn1k000O2N1O1OO3M:F4J5H8KiPNIon11SQNO^o11QVah0
20160116133734Ch_1,\^^Z16_o1LfPN9Yo18O6J1O001O001O011N01O01O001O001O01N1O2M2N3N0010O01O02N2O1O^OlPN9To1EmPN<To1AnPN?Yo12N2O0O10000O10001O2iPNZOPo1k0cQNTOgm1V1fQNhN06\n1\1001_NeQNX1dn1N1O1O1O4L1N2N101N1O2O1O101N1O1O00100O4L2N1N2O2Lo_o`2
20160116133734Ch_2,`eZ[2:eo15K2O1N2N2N8K12M3MlSNAdh1b0VWNEgh1<UWNYO\M1`k1g0PWNWOcM0`k1h0kVNYObM1gk1e0eVN[O_M3Ql1`0_VNGci1;_VN_Odi1a0\VNWOli1h0h2N3N01N023fPNVO0132O9Xn1\1N7G4M3L6K2M3MeMiRNo1Um1PNQSN=Mb0Sm1nNRTNn0om1_O>B]PN1co15L3N0N2O1N2N200O110O1O0000N2N2M7JgU[a1
20160116133734Ch_3,Q[W]19do13TNGPTN:Pl1EoSN>Pl1BnSN`0Rl1A]RN0Y1?Zl1GfSN:Zl1EgSN;[l1AgSN?lm100O2M20100O01O0O1N2J5C?O1O0010M2G8O101000O2O001000O1DPQNHon18TQNFmn18WQNCkn1=<00OO1N4N1O2OO101N1N3K5Mlfb_2
20160116133734Ch_4,gmnc01mo13N1O1HKdPN6Wo12ePNOYo1<0O20O0002N2N1O1OO101N10000O2M2O0O11O010000O1bQN\Oam1f0]RN[O`m1h0`RNWO_m1k0i02jQNVOUm1i0nRNVOQm1j0R1H8N2O01100O00011O001O2M4L4JoSoX3
20160116133734Ch_5,Tihh1133co16N2O20O001O10O3M2N101OO2N5L01O2M2N1O2O2M2O0QQNZObn1j0XQN[Ofn1P14K3L1010O01O0O200O100O5K1O2N2N1N1M3OhUaT2
20160116133734Ch_6,dhVT12no11O00001N10001O00000000001O000000001O0O2N1O1O101N1001O001O01O000000000O100O1ONbPNC^o1;5O1000O01000000000000000000000001N5L1O001N_Wmg2
20160116133734Ch_7,eZhh13lo16K0oPNJWn17dQNOZn12eQN4Vn1LiQN5Vn1LiQN5Wn1KaQN?]n1B`QN`0`n1[O_QNk0bn1TO^QNk0cn1QOaQNj0KVOen1OaQNh0nn10IXOWQNi0in1WOVQNa01_Oin1h07O200N200O101O0O10O1000000O2O00001O001O001O0001O0O10001N101N10002N000001O0000000O1000O1000000O1O1M3O1O2N1N4K^eiR2
20160116133734Ch_8,h_od07go14ROGoQN;fm1GhQN0?<hm1HdQN0?:lm11RRN0mm12fQN]O211a0Vn15gQN\O2?Vn1<jQNDUn1T100O10O1O1BjQNQOVn1P1mQNlNTn1S1mQNnNRn1R1oQNnNom1S1RRNlNnm1T1SRNkNlm1V1TRNjNkm1W1VRNhNim1Z1VRNfNkm1Y1TRNeNHOTn1]1TRNdNnm1]1QRNdNnm1\1RRNbNQn1^1801O00eQNdNRn1]1mQNcNTn1]1iQNeNWn1[1iQNeNXn1Z1hQNeNYn1[17O2N4L1O1O00101ROXQN`0Wo1M3M100O1O1O00001N101O1O1O1N101O00000O20OO10001N2OmoQ10RPnN1O2N3N2N1O1N101N100O1O10001O001O01O010O1O001N2O001O001N1O2O1N2N2Nfo7OnPT11]ocN0000OU`bQ3
20160116133734Ch_9,j[lQ22mo12N3M4L3M8H2O2iPNWORo1P1L1O1O00001O001O0000000000000O01000000O10000O100O100O1O1N200O2O0000000O100000000O2O00001O0102M001O001O000VQNTO`n1l0_QNUObn1k0\QNVOdn1j0[QNWOen1i0[QNXOen1g0[QNZOdn1g0ZQN[Oen1P11O00000000001O000O100000001O0000000O2O0000TSNoNij1Q1WUNoNij1Q1[SNRO_n1m0_QNWO_n1h0aQNZO^n1f0aQN\O^n1c0bQN_O]n1a0cQN@\n1?eQNA\n1>dQNC[n1<fQNDZn1<fQNDZn1=eQNC[n1=dQND\n1<dQND\n1=cQNC]n1P10O100O1O10000O100000001N100000000000000000000O10000O1000001N3N2N0O101N10000O1000001O000O100000001O0000000001O00001XQNTO_1OQk1l0_SNWO_1MRk1m0]SNYO_1KSk1\1lTNdNTk1_1iTNaNXk1b1a13M2N1O1N2O2N2N2N3M0010O0010O01O001O001O001O0010O01O1O4L1O00001O0YOnQN_OSn1`0nQNXONKUn1l0nQNWO0JSn1o0nQNUO\n1j0dQNVO]n1i0dQNVO]n1i0cQNWO^n1h0bQNXO_n1g0bQNXO^n1h0bQNXO_n1g0aQNZO^n1f0bQN[O^n1d0bQN\O^n13[QN67H^n10]QN75I_n1N^QN83Jan1K]QN<1Imn15SQNLln15SQNKnn15QQNKPo14PQNMPo13oPNMRo12nPNOQo12nPNNRo14kPNN3Fln1Q1M1O2N2HjNbQNW1[n1kNeQNV1Zn1jNeQNX1Zn1hNeQNZ1[n160O00O100O100000O101M2O2N2N2N1O2O1O3M1O1N2O01O00010O1O001O10O01O001O010O010O010O001O010O1O1ZQNjN`n1\1O1O1O0010O0001O00^OcQNB]n1<eQNC[n1=eQNDZn1;hQNDXn1<hQNEXn19iQNIUn17kQNJTn16lQNKSn14nQNLRn14nQNMQn13oQNMPn14oQNNPn12PRNNPn1DkQN13=Qn1BlQN22<Rn1BlQNP1Tn1POlQNQ1Sn1oNmQNQ1Sn1oNmQNQ1Sn1oNmQNR1Sn1mNmQNS1Tn1<1O4M0O100O001O001O1O1O001N2N2N5K1O2O0O1O1O2N1O101N100000001O01O000000001O01O01O00001O006J1O1O1O0000010O0001O00001O0O101O00001O000O1000O01O2O0O1O1O2O1O001O1O00100O0010O0001O00001O01O01O001O1O000O2O000O100K5O2N1O2O1Nc`ST1
20160116133734Ch_10,bg^\3131fo18hPNGcn1<XQNFin19lPNE93jn18YQNIhn15WQNLhn1OoPNN83jn1NoPNN83in1O_QN0`n11aQNL`n15f0001O001N101N01O10O1O1O010O02O0O002N1O01O01O10O001O00001N1O100O1O100000O1000002N1O2M2OhWU`0
20160116133734Ch_11,jZTh12mo12N1O1O2O000O100O10G]PN5lo1KF0dPN0fo100001XPN2\o1N`PN7_o1M9MMONOaPN1_o1O]PN5co1K\PN6do120I\PN3eo1M[PN2^P4MeN0bQL0`n10`QN0`n10_QN1an1O_QN0bn11]QNOcn11\QN0dn10\QNOdn11]QNOcn11]QNOcn11]QNOcn11]QNOcn10_QN0`n10`QN0`n10`QN0`n10h00000000QP40ooK0000001O001fPNNdn12\QNNdn12\QNNdn14ZQNLfn14ZQNLfn14ZQNLfn14c00001O000O2O1O00bP60[oI2000000O1JM^PN6co123N1O1N101N10\Qj22anUM10001O000000O10001Neoa00\P^O0O2NMXPN0ho1OZPN1co10`PN3Zo1MjPN2So1NPQN1ENUo11^QNOan10aQN0YO5nn1KkQN0WO4no1Lnn30RQL0TQN0hm10T10UQN0fm10U10000000O100000OWQN0dm10V1000000000000000SQN0jm10S100000oPN0Po30ToM0jQN0Vn10m000000lPN0Xn10hQN0To1000oo10WoM0dQN0Vo1001O100VONgQN0To10QP20YPL1eo10O1HNaPN1KOdo10aPN0L0io10XPN1ko10KO\PN0`o10]PN14O_o12\o=NTRD0jnM0kn50Y20lnI00000oo50QPJ0RPN0ko1121N1bQNMQl10^SN3a0Nml13SSNMml13SSNNml11SSNOml10TSN0ll10TSN0ml1OSSN1^n1000O10O101Nbm;0_RD000QPn00PPRO1N21MQP20nP>0Qo_O00000PP:0QPJ0PPN0PPN0?1B2ON10OO000000SP20noM0lm90SRH0_Qn00bnmN1jo1OXPN0mo1000VPN0io90PPH010Po31mPL2HM`PN1L1<Nkn10jPN021jo12^PNMTo12mPNNRo13\QNMUn14l00nPNLVn15j00ePNKjn16cQNLVONdn18Q1000O10J\PN0do1N^PN2bo1N^PN1co1O]PN0do11510O0O100O1000QP40PPN0PPN000Y10am30VQL00000PQN0nm10SR20onM0nn70dQR21QaoX1
20160226151654Bh_1,XZaY11aP66VoK4M1O0IEjPN<Uo1FiPN:Qo1DQQNb0Wo1O1OK@lPN?To1CkPN=Uo1DjPN<Vo1DjPN;Wo1EiPN;Wo1FhPN8Zo1HfPN6]o1IcPN7]o1IbPN8^o15001O000000O1O1N2O0O01L500000O010000M3N2O2N2O1KRfdc2
20160226151654Bh_2,QkXo24lo11O0O11O00O1000001O000000000O1000O01O100O100K500O100ON30000O101O1N2O0000000001M2O1N2O1O10O10O01N02O1O100O1000001O000oPN@bn1a0]QN@bn1`0^QN@bn1`0^QNAan1?^QNBbn1>]QNCcn1<]QNEdn1:\QNGcn1:[QNGen19[QNHdn18\QNIdn16\QNKcn15]QNKdn14]QNLfn10ZQN0hn1MXQN5in1IWQN8in1GWQN9kn1DVQN<kn1BSQNOK?Zo140000001O001O001N3AcPN6do1O2N101NbToj0
20160226151654Bh_3,SXah23ko13DLjPN5Uo1LiPN6Vo1LhPN5Wo1MfPN4Zo1OePN0Zo1;0001O0001O001O1N2O010O1O4L2N01O10O01O0HEkPN;Vo1EiPN<[o1200O1000000000O2O0O101N101O1O1N2N3Mig`T1
20160226151654Bh_4,objT29S2H_k1:`TNF_k1:T20mPNLe0L[l17oRN4Vn1KiQN:Tn1FjQN?Un1@gQNg0Xn1VOeQNQ1Wn1oNfQNV1Yn1iNdQN[1_n1TOeQN7Xn1GnQN;lm1EcRNO[m1KmRN4Wm1DmRN<]n11M3M1O101OO10O001M]OPQN:\o1N2O2M3LkZYi1
20160226151654Bh_5,WiTe22no10ei33c\JMZc18d\NH[c19e\NHZc18f\NHYc19g\NGYc19h\NEYc1;V60O100QOEYRN;`m1O]RN1bm11\RN0cm12[RNOem12XRN0hm12URNOlm12QRNOom13nQNNRn14iQNOWn1l02N10000000000mNbQNe0]n1[OdQNd0[n1]OeQNc0[n1^OdQNb0]n1`01O1O1O1O1O0001O100O00001O0O2L4N2M201N2O0O10O101O000O100O100O2O001O001000O01O2O0O2N1O2N3L4M2N1O1O001O0O101N10000001N11O01O1O1O1O1O002N100O10O1O0O2O1N2O1O10000000O2O6JO0O1010O001O2O1N1O100O1O1O1O101N10OSUNbNYg1^1cXNgN]g1W1aXNlN_g1S1`XNoNag1o0^XNROdg1k0]XNUOdg1j0\XNWOdg1f0^XNZOcg1d0_XN[Obg1<TUNXO[3<bg18mUNBd17_h15mUNGc13ah14lUNLa11bh11nUN1^1Nfh1MnUN6VO_Ol1?Qi1@RUN0n0b0SOAj1>^j10iSNCh1=_j10iSNCh1>^j1NlSNCf1?^j1NmSNBe1`0]j1OnSNAe1`0]j1OoSN_Oe1a0]j10PVNNSj11mUNMUj14kUNGZj18hUND\j19i2M2MQ[eP1
20160311020654Uh_1,Zb`_11no17J3M3M10O01O010O1O00001O00000O10001O00CfPN4[o1IgPN8ao1O1O01O01O0010O0100O010O010O01FHjPN9Uo1HjPN8Wo1HhPN8Yo1GfPN;_o1000010O010O1O100O1O02OO010O01O010O1O001O1O10O01O100O0UQNCTn1=kQNETn1:lQNGTn18lQNHTn18lQNHUn17kQNJUn16kQNIUn17kQNIVn17jQNHVn18j0O2O00O01O10O11N10O2O0O1O001ePNEon1<oPNFPo1;nPNGQo1:mPNHSo18lPNISo1b01000O10O0100001OO01O0O2O01O00001O100O001000BmPNNSo11nPNNSo10PQNOPo11QQNMPo12PQNNQo11PQNNQo11oPN0Po1OQQN1on1OQQN3mn1NRQN3mn1MTQN3kn1MUQN3kn1MVQN3jn1LVQN4jm1FlRN5ZO5ln1HWQN7Yo1010O010O01O2N1O1O1O[OM_QN1`n10g02O00Oe[WW2
20160311020654Uh_2,gbkl11no13M100O2O001O003M0000001O01O1O1OFJjPN6Uo1LiPN5Vo1MiPN3Vo1NjPN2Vo1NjPN2Uo10jPN0Uo11jPN0Uo11jPN0Uo1>00000O1000002N1O10O01O1O1O001O1O1O1O1O2OO000JEgPN<Xo1EgPN<Xo19M1O1O2N00001O000000000O10001O000O10001O0001O00000000FRObQNn0]n1SOdQNl0\n1TOgQNi0Yn1WOhQNh0Xn1XOhQNh0Xn1XOhQNi0Xn1VOiQNi0Wn1WOjQNh0gn101O1O1O2N4K101N100O10000001O00000000000000000000O100000000O1000000001O000000O1000O10000001O0000000001O1N4M0O2N101O000000000000000000O1O1O1O10001N3M2N2N2O0O2O001Nn\hh1
20160311020654Uh_3,ea\T33mo11N4M4J200O1MDdPN9\o1HdPN7]o1HePN7[o1IePN5]o1KdPN3]o1NbPN1_o1OaPN0ao1N`PN1ao1O_PN0bo11\PN0eo1O[PN1eo10ZPN0fo151O00PRNMSl13lSNNTl13jSNOUl12iSNOWl12hSNMYl14fSNLZl14fSNK[l17YRNFR11fl1c0YSN\Oil1c0Z11O00000000O001O1N2O1O1O1O1O100O010O100000O100000001O00001O7JO0100O01O001O001N100010O000001O00010O0001O010O100O10O01O1O4M1N1O1O01O01OO101O001O0O2O100O0100O2O0O100O1UOVO`RNi0_m1XObRNg0^m1YOaRNi0^m1XOaRNh0_m1WObRNi0Zn110O01000O101OO01002N2O00N1O3M10QOYOdRNf0\m1ZOeRNe0Ym1^OgRNa0Xm1BgRN=Ym1EfRN;Xm1FiRN9Wm1HhRN7Ym1JgRN5Ym1KhRN4Xm1LhRN4Xm1LiRN3Wm1NiRN1el1FjRN9b0Oel1LdRN6g0Nel11^RN1o0Kdl18\RNJQ1Ncl1c0_SN\Obl1:]RNCS12`l1;jSNCWl1=jSNBVl1>lSN^OVl1a0e1O2M2N3Mj^ca0
20160311020654Uh_4,][Zo15jo12I8L20000000000001O00010001O0O2O1@_O_QN`0^n1DbQN>Yn1DhQN<Un1FkQN:Tn1GkQN;Sn1GlQN:Rn1GnQN<nm1FQRN:nm1HVRN3im10WRNNhm15WRNJgm19YRNEfm1>YRNBfm1a0XRN^Ogm1d0WRN^Ohm1d0VRN]Oim1e0TRN]Okm1\10001O000001N6K2M100OD_N[RN3KS1fm1PO\RNM0R1cm1^O_RN`0am1@aRN=am1C`RN9cm1F_RN6dm1I^RN4dm1L\RNMkm13TRNLPn12oQNNVn1NhQNEK5^n15gQNFN1^n18cQNG1N]n1;bQNGln19SQNFnn1;RQNCPo1`0lPNBRo1i0M2O0O100O001O0CnNkQNS1Sn1ROjQNn0Vn1SOiQNm0Vn1UOiQNk0Wn1UOiQNk0Wn1UOiQNj0Xn1VOhQNj0Yn1VOfQNi0[n1WOeQNi0[n1XOeQNg0[n1ZOdQNe0^n1ZObQNf0^n1[OaQN302_n1K_QN340_n1:bQNF_n18bQNH^n18bQNH^n18bQNI]n17cQNI^n17aQNI_n1E^QN<11in1c007J00000O0O;E1N2O1O010O0aUNWNgf1j1WYNWNjf1i1TYNXNlf1i1SYNVNnf1k1d3O00001ROQRNIPn15RRNJom14SRNJPn14QRNKPn14PRNLQn12QRNMQn11oQNORn10oQNCE4]n18nQNCG4\n17WRNHjm18XRNDkm1:n0O2O1N2N2O2MUQ`0Oln_O11N\Q88\nG3N2N1N200O01O3L6JSPd00mo[O3M3N1O1O100000100O2N1000N010O0001O1N101O00100O0010O00010O0000001O1O1O2N3M1O2N2NgPNNin1LXQN5Yo12O1N8G3M2L4N2O2N1O101N10000O1TNnNiTNR1Vk1nNkTN2]Nc0To1N1O0O000O10O01N2M201O1OlNGcRN9]m1GcRN9]m1EeRN;an1N100000000000001O001NPLKYXN3fg1N\XNNeg13U4Odci`1
20160311020654Uh_5,Rifn21oo110O00R22iM3M4N1O1O1O1O010O1OIbPNN^o11cPNN]o13bPNN]o12dPNN\o11ePNO[o11fPNN[o10fPNOfn10^QNNK31Mgn14[QNMM1Po14QQNMNNdn10\QN0O70Mkn1OSQNe0mn170O010N101N10001O00000HTQN\Onn1;mPNK[o12iPNMVo13lPNKUo15kPNKUo13mPNKUo13=M3OUPR12jomN1N23MO010O00000JN^PN1co10\PNOeo14XPNLho161O1O0010O100O00000010O0001O010O010O0100O100O1O10O01O1O[Pb00do]O201N1O01O0OWPNMho12XPNNno10WoU10fPjN3M3N2N2O01O000G\PN21Nfo12aVmg0
20160311020654Uh_6,\idR31oo10O014L0XPNLdo1530YPNKco15310JXPN4ho1LYPN3go1M\PN0ho=0YPH0coM0VPN000QP20XP20io10noI0L0YPN0ko100000TP60koI2O100O1000N2NVPN0go104071H1NOUPN1io1OWPN1go12YPNMio13hok0NZPTO10000VOMQQN0b02an10UQNNM2hn1NUQN72I02in1OQQN88HH002Ro1MoPN592in1InPN592GIRo16VQNLSo1NePN281Wo1M`PN14OL2bo10cPN1`o1MfVkg0
20160311020654Uh_7,Tihn22lo1OUPN3io1MWPN2iQh0N[nWO0do70koI0WP20UPN0O000fni00^RTO3dm1M[RN6dm1J[RN5gm1KYRN5gm1KXRN5im1KVRN4mn1LjU]n0
20160311020654Uh_8,m[ii06io12O11OO01OO1O010O101N2N1O000001O010OK60O01O100N3N101O12M1O00O00010O11O011NH]OVQN`0in1CVQN<jn1DVQN=hn1DYQN;gn1DZQN<en1D[QN>So110O011N1O1O1O2MPOIZRN5em10ZRNLgm17o02N1O2M2N2N101O1N1O1001O101N3N2N000O1000oM@bTN?^k1C`TN>_k1D`TN<`k10TTNOlk14STNKmk16STNIlk18TTNHlk18UTNFlk19WTNDkk1;XTNAik1>o1N2M2N100O2O0000001O00000O100O2O001N`gfo2
20160311020654Uh_9,``\c23mo11XTn0OgkQO2O3O3M0O1O2O002NO10O10O1M3NcZcZ1
20160312020554Uh_1,Tcbh13mo11OO0010an5N_QJ4L3L21000QQNHVn18jQNI6NQm18jRNKSn15mQNKTn14lQNLUn13lQNLTn15l0O00100000O0010O0001O01O02O0000010N1O1001O00000O011O01O0O100O01O00000000010O0100O101N10O002N100001O0000O1O1O001O001O1O1O1O0O2Oan;0TSB1fl1NZSN3Yn11O2N100O0010OWNKgSN5Xl1MgSN3Xl1NhSN2Xl1OgSN1Yl1OaSNJhN6gm10aSNKgN6gm1ObSNKgN6gm1NaRNKc02UO6fm1JbRN2b00UO3Wn1MdRN0UO4Vn1MeRNLXO6Sn1NnRN3Qm1MoRN3Rm1KkQNMn09Wm1HQSN7Wm1HbRN9bn10O02O0000001O010O1NcNMfQNOU14Tm14kRNKUm15mRNHTm19X12O1O0O100000I7N3MY^kn1
20160312020554Uh_2,SlRY36io12N1hPNJTn1OkQN9M4om1FPRN9N3Rn1CnQN=N1Tn1CmQN>L0Xn1BkQNR1Yn1lNgQNR1dn1N20001OO2N2O0SOnNmRN8AHOOam16mRNOom13m03M9H4L2M2N0J7OO3N1HXQNVOln1g08O1O1AiPN3Zo1LfPN3[o1LfPN3j1Kbk1NeRN8j1Ifk17R2O01O1O100O010O10001O00002N000010N10fRNCQk1<nTNGRk19kTNIUk17kTNIUk16lTNIVk16kTNHVk17[2N101O1LSVkb0
20160312020554Uh_3,\_Xe242Oco18K500000O2O0O100000O2M3N1O2O00000O1O100N3O0001O01O01O1O1N2O10^QN\Ogm1b0l00O10000bQN]O_m1c0`RN_O_m10gQN<h0Fgm19YRNHfm18YRNIim16VRNKlm12TRNNlm13RRNOnm11QRN0nm11PRN1Pn1OmQN4Sn1LbQN>an1?2O1N1O3N2M201M3N1N0OYO[OURNd0im1_OXRN`0dm1E\RN9em1G\RN7fm1H[RN7gm1GYRN9gm1GYRN9hm1EYRN<fm1CZRN>fm1AZRNa0em1^O\RNb0em1\O\RNc0bn1N1O2K7K3La_oU1
20160312020554Uh_4,cdnP12lo121Mgo12TPN7M2N2O0N3O1N101O1ZO]OmQN9_ONbn1KnQN2H1Sn1KgQN1?2J0Pn1NeQN1a0OM2mm13jRNLVm15kRNHVm1<S12ICjPN60L\o13:McP:1^oE0O1N100100O1N1OO210O1O010O1O0gPNLcn18^QNI`n18`QNH_n17dQNG]n18e001O01000000O100hQNGil19XSNGgl19YSNHfl19ZSNGfl18ZSNHfl18YSNIgl18VSNJkl15USNJll16USNHml17`1O0N2O3Mk\cj2
20160312020554Uh_5,_baU24ko110001O0`PNOQo12lPN0To10kPN2To1OhPN4Xo1:0000O10000O2N2N2N3N1O001O003M11O00O1O000000000000001O0001O1VOVQN<mn1]OXQNb0So1O100O1O2@dPN:\o1EfPN:ao1N2O000001O010N100KFdPN:[o1GdPN:bn1ESRNb0km1ARRN`0nm1APRN`0Pn1@jQNf0Un1]OaQNH4l0\n1A`QN?an1`0001O0O101O0N200O1N2[OXQN2hn1J\QN5fn1DaQN;_n1DbQN<Qo1000001O001O2N01O00000O1O1M3O100000000000O2O002NO101O00001O001O5K001O0001N101O001N2O2M5A`PN3_\nb1
20160312020554Uh_6,dboQ21no11O2N1O1O1O10O1O100N2N200000N3M4M10000dPNHRo16nPNKRo11QQNO`o100000001NcP61]oI1O0000OPoY12nPfNMYPN0ko10[PN0Zo11dPN0Vo1OhPN0O1L2[o1MjPN1N2[o1MhPN1K15NZo151KfPN1]o1O:000g00YO0XO0`QN0Yo10QP20PPN0oo10PPN0O1on5OXRN0inK000000000Xo70]PH1aPNOO0`P80gnI0iPN0fo10YPN2go14aPNJRo17mPNITo16lPNJTo16lPNJTo16mPNJSo15mPNKRo17;O100KYPN1fo1O[PN0Po10aQNOZo10L1XPNO\o13iPNM_o11[PN0nP:OemI0[QN0YQN0gn10O0O1^OOV10`N0[QN0co10TP<0ZPJ0boI000000000oo70`oK1QQJOon10RQN0`o50VP20ioI10OXo70lPN0RPJ1loMO31fo11j\jb1
20160312020554Uh_7,aZSl01oo11N1O101N101N2O001O00H]PN3io1O0100O010O00001O010O01O001N2NTPl00RPRO1eo16O1O000000000]PNI]o17bPNK]o14cPNOYo12hPNNXo11iPNOWo11hPN0Yo1OgPN1Yo1;00000@fPN6NJ\o10fPN6NI]o10fPN6NKao15_PNKao15^PNLbo14^PNMao12`PNNao11_PN0`o10`PN1ao1M_PN4ao1J`PN7eo10O1O000O1O2O0O10O1O1N2O100O10003L3N001O40L1O00Oeo31hoK0UQN3in1LXQN5gn1KYQN5Yo1001O00N3LXP84goG1N1O100O10000O101O0O011N1000000000000000000000001O001O001O1O001O0000000000000001O014K1O001O00001O01O010O0002N001O1O00ZOMcQNN]n14f02N100O100O100000O1000000O1000001O000N3O0NNOYPN0ho11WPNNjo123O0OZedg2
20160327133714Th_1,ZY_f12no10O1O2N100O100O10O010O10000O6Kfo10YPN1N3N1O1O001O1O001N101O00001O10O010O00000O101O0001O10O01O2N1N2O2N100N2OK50O10000O100010O1O1O1O001O10O00100O0O2O0O2O1N1O101O0O2O1O1O001O00O2N1010O01O001O10L3N3O001O1O1HPO`QNo0_n1UO^QNl0an1VO^QNj0bn191O010O010O0010O0O01000001O0001O00100O2O1N2H701O00O100O1M4N1O101N2O3L2O000O1O01O0O100N3N10100O011O000O010000O2O1O0O2O1N1O101N1O1O2N1O1O1O1O010O01O00000000000001O010O2O1O2N000O1N2M3N2O1O001O0010O00O1N3G]PN1WQ<OenE10O^iVl1
20160327133714Th_2,]XgX24k21Pj11nUN1Pj11oUNOPj12oUNOQj11oUNOPj12oUNOPj12oUNOPj11QVNNoi12QVNNPj1ORVN2ni1MSVN2mi1NTVN2li1MTVN3mi1LTVN4li1KTVN5ni1HSVN9jl1O01O010O10O02O000O10O1O001ORLJSXN6lg1NRXN2lg1OTXN2jg1OVXN1jg1LYXN5hg1E]XN;ck11N101O1O101N6K3M1O0001O00OEQQNFPo19SQNDnn1<:1O1O1O1O0\LDeWN<Yh1IeWN5[h1MdWN3[h1OdWN1\h10cWN1[h11cWN1\h10cWN0]h1OdWN2[h1MfWN3[h1LeWN5Zh1JgWN7Yh1HhWN8Xh1GhWN:Xh1DiWN=Wh1CiWN<Xh1DhWN;Yh1FfWN:[h1FeWN7]h1JcWN4_h1LaWN2bh1M_WN0dh1O\WN0eh1O[WN0fh11ZWNNgh12XWNMih13WWNLkh13UWNLmh13SWNLoh13QWNKRi14^3O001O01O100O101N101N10O0O101N1010O102M4M2N1N2N2N1O2N2O2M>B2O4K01N1O2N3M5TO^QN1kn1CaQN3nf`_1
20160327133714Th_3,^[aX23ko13O1NJ]PN1jo1OH0`PN0ho10G0bPN0go10oo10PPN0PP20oo30goK0cP`00go]O000]oa00TQ22ZoGNUPD0SoQ10oPnN010YP80\oG0aPN0`o10_PN0bo10\PN0eo151O1O1Oleda1
20160327133714Th_4,P^gQ122Oio14O100O1O010O1O1O010O10O10000O100000O10O10O10000O010000O1O01000O10001O0O1000KN\PN1eo1O[PN1do1O]PN0do1O]PN0ko1O\nU10cQjN1O2O0O100O100O1N2N2O1J6O0100001N100A^O`QNc0^n1_OaQNa0_n1^ObQNb0^n1]OcQNc0]n1]OcQNc0mn1000O1O1O1O1O1O101N101N2O00000O1000O10000O2O001O1O2N2000N10O000001O0SQNVOdn1j0[QNXOdn1h0ZQN[Oen1P10001OO100O1L4N2O1000001O1N3M2N3N0O1O2O0O10000000000001O000O100000000000O100O01OO2O010O100O0100000O100001O002N1O1O0000000O01O0OO2010O100O1N2N201N100000O1000000O10O1N3N1O1O100O100O2O001N1000_dd`2
20160327133714Th_5,olfh04lo11O1hQNLal19ZSNIel1;XSNDgl1>]15J6K4LYOSQN=kn1BXQN=hn1A\QN<Wo1N2M2N3N1N11O1OO01O010O11O0O100O010O1OmNNZRN0em13ZRNJdm10]QN9bo130001O3L2003^OaPN<ao13_PNBYo12hPN;OESo1NQQNa0Xo1N;F1N2OXRYT3
20160327133734Ch_1,fYge1120lo11boc0O^P\O3M1O100O10O0100O100O1O2NK5O0101O0N201O01O1O00O2N1010O1OgPNHkn19UQNGjn19WQNHgn18ZQNHen19[QNFfn18a0O0101YOFgQN:Yn1GgQN9on110O01O001O01O000010N101O001O1L300010O1O001O1O010O001O010O0000N3O0ZQN_Onm1b0RRN^Omm1b0TRN^Ojm1c0i00O1O2O0010O00O2N1010O1O10O010O0O10001N1O100JTOZQNl0dn1WO[QNh0en1ZOYQNg0fn1[OYQNd0gn1;O010O01O000000O110O10O[RNjNal1V1`SNkN_l1T1aSNnN]l1S1dSNlNZl1V1fSNjNYl1V1hSNjNXl1V1hSNiNYl1W1gSNhNYl1Y1P1jNcQNV1]n17000O1000000O10001O010O001O@dNaRNV1_m1kNaRNU1_m1kNaRNU1_m1mN^RNS1cm1mN\RNS1fm1lNWRNU1jm1lNURNQ1om1oNPRNR1Qn1mNmQNU1^n12N10001N100O0XSNdNnj1\1RUNdNnj1\1k1O101O001N101N1O1O100O001O01^SNnNVj1Q1]2O100O1O100O010O1O0O10100O00O1010O2N2O4J2O1O001N110O00001O00mSNDch1;_WNEah1:`WNF_h1:cWNE]h1:e3O100O10^QNLYm11iRN0Wm1OiRN1Xm1MiRN3Xm1KhRN6bn1OdRNKnj14SUNKnj13SUNMSm11iPN0Uo11kPNOUo11=O1O[gjk1
20160327133734Ch_2,eWkW2110ko14O000XRNLek12[TN1im1O00iQ2NZkM0oUN2SMNil14QVN1ni12RTNLn03Pk11PTNOn00Rk13oSNMo00Rk13oSNNn0NSk14oSNOm0NSk14oSNNo0MRk12STN1j0NSk1OVTN1h0ORk10WTN0g01Qk10XTNNg03Qk1OXTNLh05Pk1OSVN1mi1NTVN2li1MTVN3mi1LTVN4li1JUVN6kl1O0010O10O01O10O0100O01O01O0`KIZUN8U3O`g1LVUN7Z3N_g1LUUN7\3N`g1ITUN8]3O`g1GUUN6^34ig1JWXN9gk1000nLBcVN?[i1DcVN=]i1BmTN0;>Tl1EhSN;dj1@nSN2]131;hNAak15fUNN2<dNFbk1OiUNN2=cNFak1NmUNM1=cNGmn19TQNEnn1:SQNDnn1<:10O1001TLFPXN9og1KnWN6Qh1MkUNG?<fi10iUNE?;ii12fUNC`0;ji14cWNL\h16cWNK[h17dWNI\h18cWNI]h16bWNK^h16aWNJ`h14aWNM^h11dWN0\h1NeWN2\h1LeWN5[h1HgWN8[h1EfWN;og1\OgTN178R3;Qh1\OPUN:n29_h1GaWN8`h1HaWN6ah1J`WN4`h1McWNO^h12aWNMch11iTNHg16ai12gTNJf13ei12dTNLg12ei12dTNKh12fi12cTNJh14ei13TWNMnh12RWNMPi12PWNMRi12nVNMTi12mVNLUi13\3000jRNM_j14_UNN`j12_UN0aj11\UN0dj12ZUNLij14WUNJkj16kRNJ^o1<1O000O2L30000001O3M5L3M000O2N2N3bSNVOYMOUl1k0RTNWOS22ki1i0oSNYO9KY12aj1l0iSNZOOI70mm1b17O1O1N1N3UObQN1`n1MfQNM^n1B]QN7:2en1GRid_1
20160327133734Ch_3,lYmW23mo101OQP2OooM10Oe10^nM2ho1OZPNOgo104000YPN0`o1080WPN0ao1080WPN0ao10`PN0`o10_PN0`o11aPNO_o10a00_O0bPN0^o10a00_O0bPN0fo10H0aPN0go10I0WP20YPL0ho10oo10QPN0F0YP20ZPL0[o70ZPJ100O10N2000`P60foG2io10PP4NRPL1ZOO\QN1cn1OfP60QPJ0_PN0Qo10PQN0on10QQN0on10_P20QPN00000no10cP80_oE001OO_O0d0120oo1OWPN0^o10aPL0`o10?0A0_PN0bo10]PN0do10[PN0fo11XPNOjo121Ogela1
20160327133734Ch_4,ilhh08ho11N2mQNFdN1am1;fSNHfNOdm1;eSNFfNMhm1>bSNCfNOim1?_SNAgl1e0W14K]OoPN<mn1CWQN<hn1EZQN;dn1E]QN:dn1C`QN9Xo1L2N2O001O00O1O1000O101OO10O010O101N01eNLjRN3Sm12\16J003MI`PN0]o10ePN2Wo1NkPN3So1KPQN5on1JTQN4ln1LUQN3IIO0hn14aQN4FJNOkn11cQN7CHO0_o16cPNMco1L_PN2SRYT3
20160327133734Ch_5,i[UV122Oho15K501O0O1000000O10000000000O1O1O1O1O2M2O101O000O2O01O0001O000000000001O000000011N2MlPN\Oon1c0QQN]OPo1a0QQN_OPo1a0oPN_OQo1a07010O3M1O1O0O10001N10000010O001XOlPNb0Zo1O0O2N100O100000000O1000000001N2O0000O100001O00O1O1O]OCbQN?_n1AaQN>Qo100O100000000O1000000O100000000000000O10000000LFaPN;^o14000O1N2O100O2N10O1O101N1000IaPNM_o13bPNL^o14701O00001LUPN1[dZa2
20160327133734Ch_6,P^gQ12mo11N2N2N2O10O01O010O1000O100000oMH[TN7ek1I[TN6fk1JZTN6fk1KYTN5gk1KXTN5jm1000O10O1O001000001O00FLhPN4Wo1OhPNOYo12fPNNZo13fPNLZo15ePNJ\o1680O00100O1O0010O001N100O2N1Mfna0O]Q^O2N100O10000O100O1LJ]PN1O3bo1McPN3Xo1MmPN3So1MnPN2Qo1OoPN0Ro1OoPN1Po10PQN0Po10PQN0on11QQNOon10RQN0mn11SQN0ln10TQN0mn1OSQN1nn1NRQN2nn1NRQN2mn1NTQN2ln1MUQN3jn1MWQN3hn1MYQN3en1N]QN1Yo1000XONcQN1\n10dQN0\n10dQN0[n10gQNOYn11gQNOXn13gQNMYn13gQN0Vn10kQN0Sn11mQNOSn11mQNNTn12lQNNUn11kQNN=Oal13RSNN<1al11SSNM=2al11QSNM?1`l12QSNM`00_l13QSNMYn13gQNMYn13hQNMWn15gQNK\O0hn17iQNJ]O0OOjn18iQNM]OKjn12VQN3a01_OJjn11]QNO:5_OKgo1701]OH]QN7cn1I`QN4`n1LaQN3_n1MbQN3]n1McQN3\n1MeQN3[n1MeQN3Zn1NgQN1Yn1NhQN2Xn1NhQN2Xn1NhQN1Yn1OhQN0Xn11gQNOZn10fQN0Zn11nPN1b0Nan12mPNOa0Ohn10WQN0kn10SQN1mn1OSQN0nn10QQN1on1OQQN0Po10`00_P20ao10PPL0A0oPN0iP40_mM0`RN1ml1O\RN1g03jl1L_RN1g04il1K`RN0g08gl1HkSN7Ul1InSN4Rl1LoSN3Ql1MPTN2ok1OQTN1mk1NVTN2jk1NWTN1[k10oRNOf10\k11nRNO20dn11ZQNO20Ro10nPN0Ro10?000^PN0To10lPN0To10lPN0To10lPN0To10kPN0Vo10jPN0Uo11kPNOUo11kPNOUo11kPNOSo13mPNMRo14nPNLQo15oPNKQo15nPNLQo15oPNJQo17oPNIQo17oPNIQo17oPNIQo13ePNN;OPo12TQNNln12TQNNln12SQNNnn12PQNORo10mPNOUo11>O10YPN0\o10d00F0D0iPN0co1000I3[PNMeo14300MMO]PN1io100OL0WPN010ho150O2O000O2N`dl`2
20160405014154Uh_1,n\ii02ho11ZPN3bo17J50O1N2N2L4O1N3N1OPS82mlG3N2O00000001O2N2OWPNLon11aQN8]n1O]QN1cn11ZQN0fn11XQN0hn1c010002N2N2N1O10O01N101N100O1O1O101O0O101O0O100O2N10000000001OBJRQN6mn1LRQN3nn1NSQN1kn11VQNMjn13XQNKhn16`0001O0O10001O0010O1O01000O0100O10O10001N10001N1000000O[OJbQN6]n1KcQN5\n1McQN2^n1NaQN3^n1NbQN1^n1OcQN1\n10cQN1\n10dQNO\n12dQNMXn17iQNHUn1:lQNEUn1:i0O001N1N20M3N3O100O1O1gPNAQo1h0N10000OLoPNYORo1d07O0100O100O01001N100O2N1CVOdQNj0[n1WOdQNj0hn1100O0001N11O011N100O01L4O100O1O2O0N2O2N3N1N2O001N101O1N10001O00000O100O00101NcQ60^nI000ZP21_oM701N0000F\PN8ho1N2L`aXj2
20160405014154Uh_2,mlbP14lo11N2N2]PNH\o18bPNJ^o16bPNJ^o17aPNI_o17aPNI_o17bPNG_o1940001O1O011N001O00000000O10000000000O1000000000O10001O001O0001O0001O00001O1O000O11M2O2O1O01N103M2NjRgk2
20160405014154Uh_3,fcni14lo12N100O0001N2OiPj0OWoUO2O2dNKjRN6Tm1ImRN:[n13M2WOCkQN?Rn1DmQN?om1ARRN0^O:]n1DaRN<^m1AdRN`0]n12N2M3XNYOSTN:_NOYm1KXTN6_NOVm1O[TN2^N4Rm1IeTNOZN8Pm1HhTN0YN7<Fnk12dTNKVO252I78Lok1KfTNORO69JM425Vm1G_RN9\13Xl1MeSN8Yl1HgSN:Xl1EiSN;Wl1AoSN?ok1_OfRNNU1b0_l1B`RNKc0b0kl1D_RN0e0;kl1CcRN1d0<il1AfRN0c0?Wm1_O^RN2F>an1F^QN<]n1EdQN:Yn1IhQN7Vn1IlQN9Qn1GPRN9Pn1AbQNLa0b0nm1^O[RNm0Wn15L0OROSQNg0Zo1I6I1O001O5FRXeQ2
20160405014154Uh_4,jnbZ31no12N101N03NhP81UoG200O2[PNJ^o16aPNL^o1<O0O1L5M2O1O10000O02N6I2OCBZQN>fn1B[QN=en1B\QN5D1_o1OaPN1_o1ObPNO_o11aPNN`o12aPNLXo10iPN5^o1KaPN5_o1L`PN4`o1600000O2O000O1OYOHhQN7Yn1JfQN5[n1KeQN4JMPn1NnQN1G3;1om1KfQN022N1<2nm1KdQN4OLO330=NA0^n1OcQN<0I<LEO\n11bQN;0J=JWn1j0hQNVOWn1l0hQNTOF2\n1k0QRNUOnm1l0QRNTOPn1l0QRNTORn1h0oQNWOQn1i0c00000O1O2N1O1N2M4N1O101O0O1O1M4N]Qc`0
20160405014154Uh_5,c\TY12no1O15J4\PNHZo1a0PQN@\n1a0aQNCHM]n1b0gQNLXn1o0O00000000O^RNbNcl1^1]SNdNal1]1^SNdNbl1[1^SNfNal1Z1_SNfNbl1Z1^SNfNbl1Y1`SNfN`l1Y1aSNfN`l1Y1aSNfN`l17cRNe0bn1YO`QNe0bn1YO`QNe0bn1ZO^QNc0fn1\OZQNb0hn1^OWQNb0kn1]OUQNb0Vo1N1O2O001O000000O2M2N3L5N2L3N2N20O01O002N2OO3N2M1O1O1N1O1N3N100O20O00O2O5K2N1N101N2O001O10000001N1000000VRNEnk1:QTNJlk17RTNJok15PTNLQl14nSNKSl16lSNIVl17jSNHWl18jSNEWl1<f10DETQN:ln1GSQN9mn1GTQN8ln1HUQN6kn1JVQN6in1KXQN4hn1KYQN5gn1J[QN4en1L]QN2YP`0OPoA1YPNN`o10`PN3eo12O0O2O0O2N1N3N1EBSQN`0kn1ATQNa0ln1^OWQN`0Wo1N01O1N2O7IO3L4L3K;GkP8MYoG0@0``[^2
20160405014154Uh_6,f_gj02oo10GObPN0]o10:00000SP40XPJ0hn10iQN0Vn11l00]PNOYo11;0SQNOlm10SRN0on;0Yo30gPB00010_P60dn12jPH0VP2N`PL0en14oPNL30Qo11WQNOjn10UQN0ln10aP20_PN1]nk0OUQ\O0PP`00WPZO0aoM0_PN0bo107012MOea`o2
20160405014154Uh_7,SXab11no11N2001N10000001N2YPNO]o11bPN0^o11_PN2_o18O1O100O10001O000O0100O101O0O3N001N1O1O1O1O01O01000\PNJ]o1?M1O10L5FcPNO\o11ePNKOO\o16fPNJN0Uo12lPN3^o1NcPN0]o11cPNN^o1272O0O2O1O1O1O1O1O001O000O10O1O001O2O0O3N1O1O0O2O0O10`PNMSo13lPNNco100OogbX2
20160505025554Uh_1,XmZX32ao1OiPN4So1?O00N2O102N10101O00O000O1O01OECSQN>mn1BSQN=Xo101O_PNG[o1a0B\O]QNd0Po10O1O001N10O2O001O1O1O1O00010O00100O1001N1O@fPN;Yo1EhPN:Wo1FkPN:To1FlPN:Uo1EkPN;]o1000001O001O001O1O0001O011N00100O01O00001O0010O00000O1000000100O001O0O2O1O1NiQWb0
20160505025554Uh_2,odb^23ko13O1O1N100000O1O100O01O10O0100O0001O010O1O01O1N20O010O010O1O010O10O010000O100O01000O010000O10O10O01O1O1000O1000001O002N1O001O00001N101O1O100O1ODbPN7_o1FePN8co1O1N3M1N10000000O002N1O01O0101N2MO\PNL0N_o16aPN0^o10bPN0]o10dPN1[o1NfPN2[o1KgPN5bo1010O000001O^OKYQN6dn1L\QN5cn1K^QN5an1L^QN5an1J`QN8^n1GcQN:]n1EdQN;Po1100iPNGfn1:UQNJkn1f0001N3N0N2M6HfZoY1
20160505025554Uh_3,YaVU14io13O3M4M1N2O2N1O1O0000000000O2O1N101N10000O2O00000O101N100000010O010000O010O01O010O1O0000001O0001O010O1O01O000000001N1M3OZPd10go[N1O00000011MPQn04knQO3O0O1O101N10000AEXQN=fn1DZQN<fn1DZQN<`m1CXSN0YO>]m1DYSNNZO>\m1EiSN;Wl1EiSN;Vl1FjSN:Vl1FjSN9Ul1IkSNN]l13cSNL^l1OQRNOa13^l1MSRNO\1OcN5nm1MSRNO[18bl1ISRNO[18cl1HRRN0[19bl1GSRN0Z1;gNFem1NZRN1Z1b0\l1]OZRN1Z1c0nm1000aN\ObSNd0^l1\OaSNe0^l1\ObSNd0^l1\ObSNd0^l1[OcSNe0lm100000O10O10O100O1K\OnPNd0Ro1501O000000000010O000O101O00001N1O100]OjPN<Vo1CmPN;To1DmPN:To1EoPN1I2Zo1L]o71mPHO\PN7bo15O00000000O2N1O1O1N2O1O2MR_a^2
20160505025554Uh_4,boPd04ko12N1O2N1O2N101O1N2O2N1O1O001O11[OhPN=_o1N2N1O2O0001O001N100O1N110O100000001O0001O1O5J1000O100O0010O[OIcQN6_n1J_QN7an1I^QN8cn1G\QN:cn1H\QN8dn1I[QN8dn1H\QN7en1IZQN8fn1HZQN7hn1IWQN6LIdn10_QN8LISo16oPNIPo16RQNJnn15SQNJmn16>1O001`PNJUo15kPNNRo13oPNLQo15oPNJPo17RQNEon1<90010O1O1O1O1N2NTQNMQn12oQN2mn13M2L3O1O10O2E`PN2co1K;O\P_V3
20160513133714Th_1,\U_:6om1OgSN3Wl15aSNL^l17bRNF84Zl1HRSN7>7BB75:5jk1JeSNK6?82LA7:jk1f0QTN_Oc0M\k1j0jSNYOk0MPk1DUTNR2h0[NRk1ESTNS2i0ZNTk1BPTNY2i0VNXk1P2fTNnM\k1T2bTNlM_k1V2`TNiMdk1AjSN03W2a0TNPl1j1STNPNRl1o1Q1O4N2NO_NPRNR1^n11N_NeQN_1`n1O2M1O00100O4K2N2N2N1O2N3N1N2O1N3N2M2N1O2N1O2M4Kljbb3
20160513133714Th_2,h]em26ho13M3O4J3N3M1N2N20000O11OO100O1O0L50004L1XQNkNdn1Z1O0O10lN^QNi0fn1PO\QNP1kn1O1JSQNWOmn1h07]OjPN9Xo1DkPN;Vo1DjPN<^o1O02ODcPN4]o1JePN5do1O0001N100O1000001N110O001O1O100O000nND`RN=^m1BcQN1o0<[m1FhRN:Xm1FmRN6Sm1HoRN7^n1N`NKWSN5il1KXSN3\n1L`a\n0
20160513133714Th_3,VkbS32lo13aNNfQN1h0M\O6Sn15^RNI]O3Sn16_RNJ\O1Tn14`RN8`m1HmQNK6?lm13RRNNnm13PRNMQn14mQNMSn1P10O1fNjQNi0Wn1WOjQNg0Xn1POPRNg0[n1VOfQNi0hn103M3]OhPN9`o1O2O0O100O100O1O1O1O2McUaj0
20160513133714Th_4,Q`fl23ko12O1O1O2N2N1N200O2O001O001K5N2N2O0010O101O000O10O0O2O1N2N2O0O10XOVQN;in1DYQN:hn1FZQN8fn1H[QN7en1H]QN7en1F]QN9Uo101O01O0001O010O02N2O2M2N2N1O10[OkPN>^o1L2O4J4LT_eo0
20160513133714Th_5,TcTP19fo12N3M2I8N1N2O1N3N100O1O0O101O11SOTQNK0c0nn1^OYQN`0Vo1N2N1O05L1O0O1O0O1O\OhPNb0Vo1@kPN`0To1@mPN`0on1]OPQN4O`0Qo191]OSQN3kn1MVQN3kn1LTQN4mn1KSQN6ln1EoPNO6<ln1CZQN=To1010OO20OOnNDcRN;]m1EcRN;bn1N2N1O2O0001OO2O0Nn[_l2
20160513133714Th_6,W``o03mo11N10100O1O1O10O01PSNJTj16PVNHni18SVNIli17fUNHoM0Zl18fUNHRN0Xl16ZVNJei14]VNLdi10_VN0il10[o?1gP^O0mo10dPNOjn10TQN1ln10RQN1on1NPQN4bo1LjL4cUNLoj16QUNJnj18PUNHPk1:nTNFQk1=X22dRNA^N0Pl1`0aUNASk1a0kTN@Uk1`0kTN^ObN0nk1d0TVN\Oli1e0aUN@lj1b0RUNYOQN2ml1f0VUNXOjj1i0W22M3M2O0nRNPORk1Q1o1OoRNPOSk1P1n10oRNPOSk1o0P2OnRNROUk1k0lTNUOUk1i0SUNWOfj1h0SUNXOUN0il1f0\2N1N2O1N3N1O1N101O00001N2O2N1O1NPRl0OTnWO0imM2TTL1lk11STN0lk12STNMmk15QTNKok16QTNIok19PTNFiN0cl1;UUNIij1:SUNHmj18bTNJ_N0ol17aTN7_k1J`TN6ak1I_TN7ak1J^TN6ck1I]TN6dk1J\TN6ek1JZTN5gk1KYTN4ik1LXTNJaNIYm1<WTNHRl18PTNFPl1;PTNDPl1<QTNBQl1>oSNAQl1`0g11gPN^ORo1i0O1O0010O01O2N10O_QNSOom1n0b0O_QNTOom1l0PRNSOUn1h0d0N001O010O0100OO2O001O10O0100O10O01O10O01O1O001O010O1O1O1O1O002O3L2M2OUQ^10jnaN3N2N5K1O1O1O001O1O0010O01O0000O100O1O001O1O100O010O2O0000001O001N1O3Kj[Yb2
20160513133714Th_7,Uif`02ho16O3N1O1N2O4M2M004L100O1010N1O010O1O100O0O2O1O0O1O10M2010N10100O1O100000O1O2N1000DiPNNXo11lPNKTo15<00O100O2O1O1OmVS\3
20160513133714Th_8,mbnk22no110NYmQ10XRTO0_PJ1hP:ObnK0aQH0]n10i00jPN0n08nm13N3M2O1O1N1iMAmTN?Xk1]OgTNd0Zk1\OdTNd0]k1\ObTNd0_k1\OaTNc0`k1]O_TNc0ak1]O`TNb0ak1^OmRN0X1>kk1BcTN=`m1O\NDgSN;lk1EkRN0Y1;Zl1EeSN:ok1FiRN0Y19]l1GaSN8Un1OmMI]TN6gm10000O1OVNLiSN5@KWm15iRNKWm15HKXSN7Xn1000000001O01O00000010O01O100O010O0000VPZ10^oeN=O2N1O10000O02O0O1O10O010O2O1O0001N2O1AdPN6^o1HbPN9]o15O2N101O00001O01O1O01O001O1N1O2OO2O0O2_OPQNMT\ej0
20160602010754Uh_1,k^gn12no12CMhPN5Po1LiPN442Qo15lPNMRo1a000PQNVOin1l0UQNVOjn1j0UQNWOln1n00O2O1O1HPQN^OPo1a0SQN]Omn1d0700102NO01002M0O3N001O1O00001O00001O2O0O001O0000001O00000001M200O1O100000O2O1N3N1O00000000O10O100O2O0O10001KXPNOl`nl1
20160602010754Uh_2,ldXS13ko14L3N102N3L5L000O2O0000001O01N1N2O2O00001O0001O2N0001O010O01000O0N2N3O0O010O2N1L5M2NT[Qj2
20160602010754Uh_3,hQm<6go15M1O1O1O01L31O010OOO3O0001N001001O0010N2O001O1O10O0100O000010000MTon`3
20160602010754Uh_4,bdPk11oo10O2O0O1O1J7N2N2O000100N10100O5MN1O1O2N2N1O00000000O0100O10O1O001O1O1000O1O2O0O2O1O010O02CdPN2_o1JcPN6co10_OH[QN7en1KYQN6fn1J]QN4bn1L_QN5`n1IaQN7To10ZOIcQN7To1O00O01NV[YQ2
20160602010754Uh_5,[_\j01no12O000O010O10000O10O10O100O10001O000001N100O101MYPh11goWN2O000000OVPb0Oko]O2N101O0O101O00001O0000001O00010O00001O001O01O0001O00000001O0000000000001N100O101N1O2NZQ6NgnI3N2O1N2O00001O0O1000000000O10000O100O2O0O1OjPNMbn12]QN1bn1L`QN6To11N102N1O100O01O1O1O1N2N2N2Njoe01UPZO10001O00000001O0O2N^P62_oI2O2N10000O1000O1O1O0O2OSN2iSNOVl13iSNMVl14iSNLXl14hSNLWl16hSNJXl16gSNKYl15gSNKYl15gSNKYl15gSNKYl15gSNKZl14fSNL^k1KjSN9i0KYl15hSNJXl1;dSNC]l1>c1O01O01N3N2N1N2M3LW11jN4M1N2O2N1N101O001O00002bPNAWo1e0oMZOfTNg0Xk1[OfTNf0Xk1\OhTNe0Wk1\OhTN7VNNQm1LiTN4XN18JTl11]UNLUNN6;3LTl1OlUN5oMMUl1MmUN6nMNTl1LnUN7mMMUl1LnUN7hMDO;[l1InUN8gMEO;]l1FnUNn0Sj1POnUNP1al10_OQOQRNo0om1QOQRNo0om1ROPRNm0Qn1SOoQNm0Qn1ROPRNn0Pn1ROPRNn0Pn1ROPRNn0Pn1ROPRNn0Pn1QOQRNo0_n1100000O1000O10O100O1O1O2M2M300O2O01O0001O00001O0O2O1GcPNL\mc0L`R^O3M2O0O1mRNK[j15eUNLZj14eUNNYj12hUNNXj12hUNNXj11iUNOXj10hUN0Xj1NkUN1Uj1NlUN2Rm1Nb]eb2
20160602010754Uh_6,dfVV12[o15nPN5hn1NWQN4fn1OWQN9an1J[QNN3Jan1b0dQN@Yn1<nQNCom1=YRN\Ogm1`0n0EhQNJTO1nm15lRNOVOKmm14mRN4UOIom10lRN:an1E`Ymh2
20160713133714Th_1,XYUW39co16ACSQN`0mn1:1M2M2O1L4N102N10O1000O00O2O102Mf0[O4KTOiQN3F^O]n1?QRN0om11URNJkm18XRNDhm1=l00000M3O2O0011O1TQNAVn1?eQN@C4hn1=d0001O1O1O01I;HnhTf0
20160713133714Th_2,\jfV12PP20O0do1O[PN3[PNMWl11_VN3YMMUl15`VNNYMLYl18X3001N101O001O1N2O1O00001O00O100O10001O01O2O0O10O01O10O1O010000000O1O0O3M2N2N10aQN0nl1OQSN6ml1GTSN;Vn14O001YQN]Onm1e0nQN^OPn1Z101OO103L4L1N3N2N3M2N1O1O100O1O001N2O1N3N1O0O3N100O2M3MQVUd2
20160713133714Th_3,lQQi17io13L2O1O1N2O1O0000001O001O001000O103M1O0O10000O10O0100OkRNM^j13^UN5^j1K`UNc0Tj1]OiUNh0Uj1XOiUNj0Wj1VOfUNm0Zj1TObUNo0^j1QO_UNQ1bj1oN\UNS1ej1lNYUN3hN7nk1FXUN3oN4ik1IVUN4UO1dk1KXTNOO591^k1KUTN60Na0O[k1NmSN:5Ih0LVk1m0RTNVOm0ISk1P1PTNVOcm1i0]RNUOgm1h0ZRNWOjm1=nQNZO<4om19R1O0O2O1O1O2N3LdT`04Wk_O6J5^Oc0J>B5K6K5K3L3N2O1O01O1O10001N2]N[RNg0im1mNgRNk0hn1_O7I3M3Jef`Q2
20160713133714Th_4,Qf\W25ko110O1O001N2OfQN1Wn14M2O1aNNmRN1Um1OjRN0Xm12gRNMZm15dRNJ^m14bRNL_OL_m17QSNM_OO`m17`SNHcl19XSNKhl16TSNMll17mRNKTm16hRNLZm14cRNMkl1BnRNR1A@am1@mRNd1Um1[NnRN`1Rm1_NVSNW1Qn1kNUQNh0Uo1ElPNElm1L\SN8Pm1H`[gf1
20160713133714Th_5,RRWh15ko12NO01O01O1O2Moo31QPL1O26LEOgP41boK00O00QP60]O0cPJ00030oR`01\m_OOioM6Rl1J[WN1Sk7O]oI0YU60jiI1TSN0e0O;0fk10aSN0Rn10oQN0S20fM0Vm10XSN0=0QO3Xm1MjRN0`1;nk1FdRNOV16fj1JlTN0WO0Un11\RNOVO290KNhn10cP40_PL0001001SPN0fo15^l^S2
20160713133714Th_6,cmlo0<To1b0UQNClm1]1J8G6@gMSSN^2el1e0K3N1NiNdSNmNYl1f0bTNoN[k1a0\UN]Oaj1`0cUNA[j1=iUNBVj1;oUNCPj1;TVNEji1:YVNHci16bVNI\i16hVNJUi13PWN0mh1C_WN>Rl1N2M3N3N4L5K^PN0]o1Okk1O[TN0YTUn2
20160713133714Th_7,gi`h12mo12TPNN0Oeo190M[PNLfo1O]PN2co1N\PN3NL^n15eRN2Ym11eRN0Ym13bRNEUO8Yn14aRNO^m13aRNL`m14`RNM]m16cRNI\m18dRNG\m1;dRND[m1>dRNB[m1`0dRN@[m1c0aRN_O_m1b0`RNZObm1i0]RNUOdm1m0[RNSOfm1m0ZRNQOgm14iQNd0>XOim13kQNNNa0>\Ojm13TRNMG=fn1ElQN9nn1O1O1O1O001O001N2O`Ph0MboWO100O2O00001O01O01O0000001O00000O2O00001O1O1O1O00O100O100O101N2N101NjoQ1NXPnN2O00000O100O10000O10O010O10O10O1O101N1OcVoo1
20160713133714Th_8,ii`h11ko10YPN0eo1060XPN0`o12[PN1eo10[PNO5NYo17hPNIZo14gPNL]n10TRN1WO08OPn10TRN0=0B0\n10QRN0B1mm1OWRN0:0C0jm10bSN0]l10cSN2Un1OE0hPN0Xo11gPNNem10fSN0gN0cm12SRNN_10gN4gm1NjSNN[N2em1N]RN1i10kk1OZRN3eo14`PNIWo17fQNI]m17bQNIm00`m16Y1N3L^10dN00000oo10[P`00foG0[nG0ZS40[nI0[n10eQN0eQ60en10goG0oo30doM0\PN0ZVgR2
20160713133714Th_9,ehPV23lo12N2N100O1000O10bMKQUN5nj1MPUN4oj1MQUN3oj1NPUN2Pk1NPUN2oj1NeTNL]N8ml1KfTNO\N6nl1KfTNN]N6ml1LgTNM_N5jl1OgTNJaN5il11WUNMij14VUNLjj14a2J]PNOdo10YP81joG2fP>MboA0^QN0ll10c11TP2OloM0ZPN2Pn3OcQN1gPNNbn10jPN0nP20ToM1WP6OPXcf1
20160820233134Lh_1,acRk07fo13O1001F[PN9fo1000O011N100O1O1O2M4M5NN002L2N1N2000000001O001O5K2M201O3M24MM0002VOnPN?[o1N2O16K000O003M02M3M2N1O1O1O100N2N3MgZ]Q3
20160820233134Lh_2,ofbm23ko13K5M2I8N2O1O0000O100O1O1O2N1O1O1O2O0O2O1O5Jg0M]O1OO2OPP60moI4M2O1POKURN5jm1LWRN9cm1H]RN8bm1H_RN8`m1HbRN6_m1GdRN9an101O101N100O001N102M10gPR15SomN1O101N11O0O10000001O001N2O1O001N1000000010O000000000000000001O1O0000001O1O1O1O01O0O101O1O011M2O0000100O0100O02M2N2Lhn1L^QN1cXYj0
20160820233134Lh_3,d^bT25jo16J2N102M003N2M3N1N6J2O2N6J101N0OO2WO_QN2`n1OcQNGdn1:^QN@en1>a0J6Ngami1
20160820233134Lh_4,`gX[121Oho17N5K2O1N1O1N3N101O4L1N11O00001O00KWORQNi0on13000EPQNFRo19PQNEQo1;PQNAQo1a07000001N10000O1O1OQQNB^n1=bQNE^n19aQNJ^n15bQNL_n12aQN0bn1HaQN:Qo11O101O000O100O1000BePN7co10O0O1O1O101O000100O0001O2N0000O100O10001N2O001N2O1O1NoWo_2
20160820233134Lh_5,U_jZ23ko19I0CKoPN2KHUo19UQNGmn1;:201O001N4N0N203M000O1010O8H113K6Ge`gc1
20160828133734Ch_1,oc`k15io14L8J4K5L1O010O1O1O00001O000000TOoPN02e0mn1]OVQNb0To110O4M0O00100O100O01O0010O01N101F]OUQNd0ln1\ORQNe0mn1\OQQNf0To12OO1ZOkPN?[o12N0100O1O2O0000O11N100O1O10O00010O0100O3L5KYPN2fo11O2M2O1O1O1O10000001O00O01O00100N3L6KoY]o1
20160828133734Ch_2,Palm15jo13M2O1N1O2O1N101M2O0O200O1N2M2O2N2O1O100O10O02O00001NHWQN[Oin1c0]QNXOcn1h0;0O0010O10O1O10O010O1O1O010O1O1O100O1O1O1N2O10O0100N2O1O010O100O100O1000O100O0010001O0O2OO1000000O1000000O1000O11O01O001O00001O0O0100000jPNBjn1>TQNEkn1:VQNFjn19WQNGjn18UQNJjn16VQNJjn15WQNLin13VQNNkn10VQN0kn1NVQN5gn1KZQN5fn1J[QN4hn1IZQN6gn1IZQN5Zo1O000N^_oj1
20160828133734Ch_3,YknT21oo10O100000000SM0jUN0Vj10jUN0Uj12jUNNVj12jUNNUj13kUNMUj13kUNMUj13kUNMTj14lUNKUj15j20G1cPNO\o1:1O10O01O1N20000O10O10000O010O100O100[QNDfm1<ZRNDem1=[RNBfm1=[RNCem1=[RNCem1=o0000000000001O000O1000000O1000000O1000000O10000001O0001O010O01O0010O01O00001O001O0010O00001O0000`PNFZo1;dPNF]o1>00001O00001O0000001O0000000000001O00001O00001O0000000000010O01O1O1O100O001O000010O00000000000O10000O101O000O10001O0000001O0000001O0O101O0O2O0O101NePj01[oUO1N101O001O00001O0000001O00001O0000001O000000000000000O2N100O10001N10001O001O00001O00001O010O000010O0000000000010O001O001O001O00010O010001N10000O010O010O01O01O01O01RQN]O^n1b0aQN@^n1`0bQNB]n1=cQNE[n1;eQNE\n1;cQNE]n1;cQNE]n1<bQND_n1;aQND`n1=`QNB`n1?`QN@`n1`0aQN^O`n1c0>01O010O1O3M100O0010O00100O0000001O01O00010O1O100O1OCDXQN;gn1EZQN:fn1E[QN;Vo1O01O010O2O2NO010O0101aPNBYo1c00O001O001O1O001O001O00001O00001O000000001O00001O001O001O2N1O1O0O3MVU[U1
20160828133734Ch_4,eb`S32lo13N6J2N1O1O100O10O0100O010O10O1000O10O1000000O100O2O0O100000O01000000000010O0010O2OO0100O100O2N10O010O0010O0lPN_Ojn1b0PQNDnn1g01O2N1O1O1O10O01O001O001O001O1O1O1O001O1O0O101O001O001O1N2O0O2NePNOIMgn13_QN3GNin1N`QN5EO[o1<O0O10000001N101O1O0000000001O1O1O001O0101N1OVNATTN>lk1CTTN<lk1ESTN;lk1FTTN:lk1FUTN:jk1GUTN9lk1DVTN;lk1CVTN<gm100O2N10000O1O1O2Ml[[d0
20160828133734Ch_5,h^_Q21jo16K4O00000NF`PN8bo115K3N1Njo73TPH1N2O10O010O01HIfPN8ao1O01DJnPN5Ro1MlPN4Uo1HmPN8]o1000000000O2O0O1000000O01O10000001O001O0001O00001N2O0000O10O10O100O1000000001O0O101N2L_20dM2OO0001O100100MYa^i1
20160828133734Ch_6,\b_d12ho17L4M;G1N2O2O2M7I4M1O0O10O1O1N1O2N2N2O3M2\OoPN5Ro1GQQN9[o10O1L4O2O1O0O1O1001N101O0N4I50O001O1O010001M6J3K[]bX2
20160828133734Ch_7,ZkPU25ko11O1cPNKon126NiP23^oM2M30O1O10MI]PN:`o1F_PN?]o13000O101O1O2NO002N10O101O0000nQN4ok1KPTNd0ck1\OhTN<Tk1F_TNCmNk05SOjk1?RUNIjNh04UOmk1<TUNJgNi04UOmk1:gTN@B9Gh01UOok1<eTND_O10V1jk1WOfTN2Bd0hk1]OdTNOFb0gk1AaTNLM>ek1F\TNL0<gk1GVTNO5VO@n0Xl1KQTN472lk1DmSN=60ok1]OmSNf0MnNIn0`l1YOoSNj0F2bl1mNjSN^1_O[Oam1b0aRN[Obm1c0_RN[Ocm1c0_RNROmm1`0R1CmPNEVRkg1
20160930165914Mh_1,UinQ33lo12M3K4O4J4N10O100001OO10000O2O0O10000010O0001N1000001O0000010O0100`PNB]o1a0OO100O100O1O101O01001N10O10001N4MO01N10100O10O6K00O010O01D`PN6eo11O100O01N2H\PN2jo1OPVci0
20160930165914Mh_2,hb\n04ko1101O1O1O010O1000001O0000001O000O10001N2N100000O10001N1000O10O1O01O010O1O100O2N2O2M10:F1N1000O010O10O01O1N2O001O1O1O1O1O2N100O10O100O2O1N3N0O2O0O2O1O0O2O0O2N3N2M2N2O0O1O10O01O01O01O01O00001O0000001O00001O001O1O010O3N1N100O10O2O3M7I3L0100N2O001O0O2N101N2N10001N101O0O2O001O0010000O01000O010O100O010O10O1000000O2O001O3M1O1O3[QNkNXn1_100O0100O1O1O001O001O1O001N2O0O2O1O001O1O1O010O001O00001O001O0000001O0O10001O1O1O1N3N3N0O100000O010O100O2O2N000O1000000000001O2N0O10O1O001O10O010O100O100O2O001N100000001N101OO010O1O0O2O1O0O2O1N1O2N1O2N1N3NjJ[OS[Nd0md1]OT[Nb0ld1^OT[Nb0kd1^OW[Na0Tj10100000000O10000000000O10O100O010O00001O00010O0000010O01O00010O001O010OdPNCUo1d0001O01O0001O000001O1O1O100O10O100O001O0O2O0O1O1M30000000000000000000000000001O000000001N10001O001O00000O2O00000O2O0O2O1N2NdVeZ2
20160930165914Mh_3,WimS21oo1001O001O2N2N2N1O00100O1O0010O01O01O00001O000O2O1O1N3N001N`oc30`P\L010O2O001N10001N100O1O100O2O0O1000000000000000001O00O101O000O2N2O0O2O1N1O2NUo]10lPbN1O000O10000O10000O1000000000000000000_PNLVo14jPNMVo12iPNOWo11iPN0Vo10jPN0Vo10iPN1Wo1OiPN1Wo1OiPN1Wo1OiPN1Xo1NgPN3Yo1MaPN023]o1;O000000000002OO000O1000000O100000000000000000001O0000000001O001O00001O000000001O0000000000000000000000000000000000000O100000001O00000000000000000O100010O000000O1000000000001O000000001N1000001O0000001O0000000000001O0000001O000000000O10000N2001O1N2O0O100O1000000001O001O0O2O001NcWTX1
20160930165914Mh_4,monP31oo11O00001fPNNdn13ZQN2bn1O]QN2an10SQNK46hn10RQNM53gn1;VQNGin1;TQNFln1i0N001OO110O001O0N2N2O01M12M02100O1L4OO1001O2O1N2O1_OgPN8Zo1GiPN7ao1N2KRPal0
20161015144954Bh_1,Zhbm21go10_PN9Xo19N10O01OOO20001NO3O010O1O0010O000010O1001O1O00O2N100O1001O00O2O012M10O100O11O0O2OO1O0010003NOO1O2O0000O10O01O10O02N1O010000O02O0O2O10O1O0O10002NO1O001M4GZW_m0
20161015144954Bh_2,VkT]11lo1<]Ob0E6J5J6D<E<K3L3M3N1N3NIhRNgMZm1f1mRN]N[m1c1`0N3N2N2O1N3M2M3N101N2F:O1000O1OH91O011N100O2O001O0oRNUOlj1l0S22N1O100O01O1D<O2O0O10001N100O1O101N1000000000000000O2O100O1O001O010O2O2M6K1O001OO100O1N1M4N1N3O0O10000101N2O100O1O1O1O1O001jPN]Okn1m00O010O00010O00001O0O1N3M2O1O001O00O2N1O2000000000010O001O104L000001N5L3M1N1001N1O4M3L7I9H3iQN_Ngm1d1QRNbNom1i1O1O045`RNPNal1o1YSNUNgl1l1USNYNll1d1QSNcNPm1V1PSNkNQm1S1oRNmNRm1j0lRN^N6i0ml1f0\SNYOdl1?eSN_O\l1:kSNEVl18oSNDSl1L_TNEXNOdm17S2N2N2MRUWX2
20161015144954Bh_3,XjTh03]k1OQYN2jf13UYNMif16_42O1O1O1O0O3M2O1O1O1nTN]Ogf1b0XYN^Oif1b0UYN@lf1?RYNCof1<PYNDTg18lXNHVg17iXNJXg14hXNLYg13gXNL\g11^XNH[L7\k1J[XNOYL7_o1J\PN5io1MSla00oS^O3M1N101O001O2O00000O01O1000O201N100O00100O001O1O1O0iPN_Omn1o0LO2N1O3M11O0000011PQN\O`n1S1O0O1dQNjN3L\m1k1]RN\N`m1S2000O2O0dN]RN:dm1AcRN<^m1@kRN:Vm1CRSN7Qm1DSSN:Pm1@TSN?Wn102M3M3L4M2LSVSR3
20161015144954Bh_4,jg\<5do16N101O11O6I`o3NbPL4M1N2M3MM4O11O1M1002N3LGKPQN2nn12^TNOSh14iWN1Sh13jWNNTh18gWNIWh1;fWNEYh1=lWN]OQh1f0SXNVOkg1l0c31NCYQNFfn1:]QNCcn1>`QN^O`n1d0<2N2O0O2OO010M2N3O1O11O1O2N101N101N2OOgSNYO\i1e0dVN^O[i1`0dVNC\i1;eVNFZi19fVNIYi16gVNLYi11hVN1Wi1LjVN8Ui1GjVN<Ui1BjVNb0Vi1[OiVNi0Ui1UOlVNm0Si1QOnVNP1Ql10000001O001O0O2O0N2N1N3O1O0101O0oNdQN>]n1\OjQNa0ln1O2L5_OePN6ho1HUmY15gRfN5ePNMan1R1F3L4M3N1O2N1O2N3M2N1O10O001M3M3M3O1O10000O01000O1O0O2O1N3oNfQN8\n1DkQN7Yn1CnQN7]YeZ3
20161019133714Th_1,lfVT23lo13M2O3L3N1N101O1O1O0O2O1O1O1N2O1M3N2O001O001N10000O2O0O101N101O1OO1F^QNXOan1f0aQNYO_n1g0bQNXO_n1g0aQNWOcn1g0]QNXOfn1f0ZQNZOgn1f0WQN\Oin1m02N3M2N2O00O3N0O001O0000000001N100O2O0O2N2O1N3N1O1O2N10O01O10O110O0O10001O0010O1O01O000O3N0O1O1O10O00010O00001O00001O0001_O_ObQN`0^n1@bQN`0]n1AcQN?]n1BcQN>\n1AeQN?on10O100O1O100O1O0001NgPN]OXo1a0iPNAVo1<lPNJon14RQNMSo1LnPN5To1HlPN7_o101NQWQd1
20161019133714Th_2,ciPg15ko10gMNcTN4Zk10STNKlN8ml10PTNNSO2ll13mSNNUO0ml13[SNEK9M0kl14[SNDL9M0jl16ZSNCO8K1il16XSNF35I1jl17YSNC4k0cl1CXSND3j0bl1E[SNB2j0al1E]SNCNj0dl1E\SNCMj0gl1C\SNR1dl1oNZSNQ1fl1POXSNQ1il1R11O10O100O001N2M2O2O1N3NkNcSNiN[l1X1jSNdNUl1\1oSNbNnk1_1VTN^Nik1c1\TNYNbk1h1`TNVN_k1k1bTNUN]k1k1dTNUNZk1m1gTNQNYk1o1hTNPNWk1Q2jTNmMWk1S2lTNiMTk1X2Z1O00001DeRNRN\m1m1iRNnMWm1R2<00000O100000O0@[RNgNem1W1_RNgNam1W1dRNeN]m1U1kRNiNTm1V1l0O1N1O2O001O1O1LTQNROnn1m031O0000000O010O100000000O10O1001O1O2M2O1O001O0O010O01N101N101O10O01L3M3L5M3O1O1N2O2K4O2MfZkQ2
20161019133714Th_3,X`UP11mo12O1N5L3M2O1M200O0100OM4O1O1O00O11N2N02000O0NYOlPNe0Vo121M300O1N1IgPNHZo1861^PNF^o19dPNF[o1:6L4O1OO1001O1N3Nj`Vm2
20161019133714Th_4,bc\^26io110000O100O1O1O1O100O100O01O10O010O00100O10O1000000O1000000O2OO10O100O1001N10000000001O00000000010O001O000000001O0000000000001N10000000000000000000000001O0O101O0O2O1O1O001O1JYPN1lo1NQP^10ooaN1O2N101N101O1O1O1O001\PNG_o1>O001O0000000O1000000O010000000O1O0100NePN_O[o1a0200O2O00001O1O0O101O0000000O1O100O1N2O1O10001N1O100Oc\mV1
20161019133714Th_5,Z`ii11no12N1N3N2OO010O100O101N1Oko=MWPB3O1N2G9N1N201M2O1O01N2JfPNE[o1:60O002O2M2O2N1O0010O000N201O0OQQN^Ogn1=XQNEjn17WQNIln12UQNOmn1OSQN2mn1LSQN5[o11QOKWQN1h04Pn10PRNOom13QRNMnm15SRNHlm1:k03N3N1N2O000O100001O0O101N10000O1M3O1O00010O010O01O10O1O00TQNF[O2cn18PRN0om1NRRN2nm1EZRN<en1N2O0M6N1N2NT`RP2
20161020145454Bh_1,Qij`21fm51URL4M2O2N2N2N3K6L2O1O001OO2O1O001N1O2O001O001O01030ON1O000O000000O10G]OUQNc0jn1_OUQNa0kn1ASQN`0ln1ARQN?on1900001O0O2O1O001O1O01O010O010000O1O00100O02OO01000O2O0O1000O1O010O2OO11O11NnPN\Ohn1c0VQN_O0Mbn1e0\QNAOKen1d0ZQNIen1i01O1O1O1@XQNEjn19[QNAhn1>>00001O0001O00000001N2O1N100O1O100002M11OO10000O0100UNYO\TNg0_m101O03N12M0EiPNJWo13lPNLUo12lPNNVo1MnPN2ao1NdVYW1
20161020145454Bh_2,mYUb11oo11O00OXRN1hm1001O0FNfPN3Xo1OgPN1Yo1OgPN2Xo1OgPN2Xo1MiPN3bo1000O1000O10000100O100OO10000O100000O2O00000O01000O100O1O1O101OO010O001O010O2O000000O0ePNGQo19oPNHon18QQNImn18TQNHkn17WQNIhn17YQNIfn18ZQNHen19`001O0000001O010O1O01O01O00100O10O000O2M2001OO100O10O1O1O2O0O1O1O1O11O01O001O1O1N\e^W2
20161020145454Bh_3,Z^YZ23jo14N103M2N1O01O1O1O100O20O001O0O1O001O00O102N0000000000O100O010O1O10O100N20O100001O1N1MYPNMgo126Mko11UPN000O101O001O0000000NLXPN4ho120ObPNMPo14PQNLPo14PQNMon12RQNNnn10TQN0ln10UQNOkn11WQNMin14`01000000O11N1N20_PN1`o11OO1O1000[ad`1
20161020145454Bh_4,mfnc124Oko12NOlo31SPL3N002O8G01001N1O1N10001O000100O2OO0100O0JdPNF^o18600O2N2N1M_Q:4lmEK]QN7]n1MbQN5\n1LcQN6[n1L`QN8_n1I`QN9^n1GdQN8[n1JdQN6\n1KdQN4[n1KhQN3Yn1MgQN3Yn1KiQN6Wn1CPRN<jn112N1N100000O100O02N001HZPN4jVUX2
20161020145454Bh_5,lhZW37_o1>L6J:mPNWOZn1Z1M11aNkQNR1Wn1iNYRNl0_n100N8G1M4M4K4KPVgg0
20161104133714Th_1,cbnQ28go13M2N2N1O2N2N10001O10O00100O100O1O2N10O010O01O001O01YQNDhm1<WRNGhm18XRNJfm17YRNLdm17YRNJfm18XRNIgm18XRNIgm17YRNIgm18YRNHgm17YRNIgm17YRNIhm17WRNIlm14URNLlm12SRN0nm1NRRN3nm1LRRN6lm1KSRN7km1ITRN9km1HSRN:lm1GRRN;mm1FRRN:mm1IPRN9nm1IQRN7om1KnQN7Pn1m001N3N1O2N1O1O001QOkMRTNT2mk1nMRTNR2ok1nMQTNQ2ok1QNoSNn1Rl1RNnSNm1Sl1RNoSNk1Tl1TNlSNj1Vl1TN_SN6Ed1Ym1gNcRNX1]m1f0O01O10OFfRNoM[m1P2:10000000000001O0O101WN[RNU1em1kN^RNR1cm1lN`RNR1`m1nNgRNl0Xm1SOjRNl0Wm1SOjRNl0Wm1ROjRNo0Um1POmRNo0Rn101O00001O010003M3OOO01O0O100O3N1O1O03ON1O0O3M2O2XOjPNa0Zo1010O00010O0010O01010O00O1001000O00000O0101OO1000010O10O1N10O00100O001O01O010O01O\OhPNa0]o1N101N1O001O1N1O2N2O1N2NkY]c1
20161104133714Th_2,dU[a15ko1001O001O1iPNIcn18c0000O1O01O0001O0000O10O01000000O01^PNI[o17ePNH\o18dPNH\o186002ZPNH4NVo1c02N100011O00O1N3N1O00ND`PN<`o13cQNBWm1>gRNCYm1?dRNB]m1NfQNa0g0Agm1`0WRNAim1?WRN@km1?URN@lm1a0SRN_Olm1b0URN]Okm1b0VRN^Ojm1b0VRN^Ojm1c0VRN\Okm1d0i000204KNlPNXOSo1d0mPN_ORo19UQNFnn15QjjZ2
20161104133714Th_3,ciVT32:OWo1590N2N2O100O1O0O20OM4O10O1O1O100O010001hPNDkn1;TQNGQo14mPNMTo12kPNOUo12hPN0Yo1:1OJ@oPN`0on1@mPNN3b0Zo1O000010O10O100AbPN:bo10010O00100O1O1O00100O2N1O5MN2M3N0N2O1O0100L4KVVQh0
20161104133714Th_4,oaPl22lo15L10000O10OM4O0H9O1O2OO10O10O00N2001O10O100O1ON201O1O1M4L6M1O000OlPNGdn16^QNKbn13`QNL`n13aQNNWo1OQ^cQ1
20161104133714Th_5,kbZf15jo1010eMMaRN0W2OYk17W22N001O1OO0O2O002O0N^PN1bo13N1N0100O10001OcQNKol16PSNOll13QSNOol15kRNLZm11cRNO^m11aRNO_m12gRND]m1<T10000010O00001O000TQNJnm15oQNNY1Jfj17oSN1Y1Lhj11nSN5JDP18Xk1NnSN6GJo05[k1JoSNj0>Cek1_OnSNP1:C]l1a0oRNoNOc0Rm1m11\MiRN^2_m10fRNaMQm1NPSNa2Ym1N1O0O001O1O1bNbRN9^m1\O_RN_O8U1Ym1XOQSNh0ol1UOTSNl0kl1ROYSNl0gl1RO\SNm0mm1QOWQNb0Uo1M3M3N4M2M3M3L_ZYU2
20161104133714Th_6,P]g\178ORo17hPNKWo1?N5K3O0N2N1JDb0N201O1NlPN@ln1?RQNHin18WQNJJJin1;^QN3`n1KcQN5[n1JhQN4Wn1LjQN5Un1KlQN4Tn1KQRN1Pn1MURNNlm12VRNJlm14Q1O3Macda2
20161104133714Th_7,^bRh142Mmn70SQL0eP60VoG0aPN0Qo10`00aPN0E0So10g000010UU43djK6L2YNEgSN<Xl1DhSN=ii1CoVN0YO`0Rl1@nSNd0ok1\OQTNe0em100O00\N\OmSNb0Ul1^OjSN`0^k1@gSN1l0<`k1CaSN2P1;Sl1CQTN<ok1DRTN;im101O0010001O1L5L[XQU2
20161104133714Th_8,U_[X21oo10O100O7I1O2O1N2O00001O0010O1O000O101O001O00000O01000100]PNE_o1>0000000O0100O1000O1O1O010O1O2N1000000O1000O010O0O2O10O10O010O100O10O2O000010O1O000001O0O10010E_PN5go1N3Nj`fb1
20161111133734Ch_1,jjXS11Z20Yk11bTN7[k1IcTN9^k1G_TN<ak1D\TNb0^m1110O_OjPN8Vo1GQQN3`o1MPMNR32O1O1O0000O100001jQNO[l11bSN3]l1MaSN5`l1J\SN9el1GhRNNF<cm1DfRN4C9]m1BZSN7XO7^m1DXSN6XO8`m1BWSN7WO9bm1@WSN7TO;fm1^OUSN7TO=gm1[OWSNORO4Ob0jm1ZO[SNj0om1N1JmPN^OTo1a06O01O1O0010KePND\o1;5O01O001O1N2O10O0100O1O100000000O10O10O1O10JiPNBWo1>6O0100O0bQN@N1Wl11QSN>i1AVk12PSN6LLUo1NnPN50LRo1OnPN41NPo1NoPN230nn1MoPN44Nmn1NoPN350Ro10nPN0Qo10oPN1Qo1OPQN0Po10PQN0on10RQNOln14TQNLln14TQNKnn15RQNJnn16RQNJnn16RQNIPo16=000oQNIZl16fSNJZl16fSNJZl16h11O01O01O0jPNIdn16c000O101N10000O10C0jPN0Vo11iPNOXo11fPNO[o11dPN0]o1O`PN4_o1M`PN5Ro1HYQN1F7Qo1H^QN9To1001O0N3DEPQN<Po1EmPN=So1800O10000RSNXOdj1h0[2O000]OoPN7Ro1FQQN9\o1I\PN0fo1L]PN4ho1O10O1O10O002N]PNOXo1OiPN3LO^o1OaPN1_o1NbPN2ZQj0OelA0YV[b2
20161111133734Ch_2,`dRg03lo11B7cPNK]o1<F@SQNa0ln1@TQNa0ln1^OSQNd0So12N2O1N3N1N2O1O001O1O1OO2O0JVQNVOjn1i07O1N101JjPN@Xo1?50000O1O10000O2O1OnPNF^n1:bQNG]n19cQNH\n18dQNH\n18cQNI]n17bQNI^n19aQNG_n19aQNG_n1:`QNDbn1;b00O01010O01O1O1O0G^PN4co1J_PN4b[aU3
20161111133734Ch_3,Vh`j24lo11O1O00OVN0fSNM\l14g11N2O1001OdPNHPo19nPNHSo17;1O01000O10O010O20O01N1N1O0O3OWQ23dnM2N3O00100N21N011OO2O0O0N2dPNCTo1?jPNBUo14lPN5Uo1JmPN4Vo1IlPN4co1LmW]R1
20161111133734Ch_4,cjRQ12oo1OVO0i011OcR61\mI1N10001O0UQNLjm14URNMlm12SRN0ck1MgUN3fN0ck1MgUN2hN0km1OURN1mn101Olm;0TRD01O00[o10ePN1UNOeSN2Yl1OgSNOXN0Y20\i12UVNNVl13iSNN6Ooi13iUNMZN0nm13hSNNk0Okh13[VNNi0Omh12YXNNWl10`M2nTNNPN1cl11]UN0oj1OeRN0jo1OXPN0ho1040000000UPN0ko1000lo50TPJ0E0gPN0Xo11gPN1Wo1NkPN0Vo10=00030h30TL2O1O0001Ofoe0N[PZO101O01O\P8O\ok10YPlM1O0`K0TUN0V32fg1OSUNOX31eg10RUN1X3Ofg10PUN3Z3Mfg10PUN3Y3Mhg10oTN3Z3Lhg1OoTN3BNho124NdQP20\noM1ANQQN2nn1OdPNO=0Po11nPN0co1ORPN0lo121N10co32ZPL2O1O001XRNJdk16[TNLek12V2OmQd0NTn[O10000O1001O0000Vm1OjRN2O0dQNNjl13nRNLnN2Sn12mRNNPO0Sn11oRNOnN0Rn11PSN0mN0Sn1OPSN1nNO^o11bPNM_o13702OcPNNjn12c0Ohn1O[QL1ko111O10gP:OZoE0gR60ohI0dXN2Zg1OeXN1[g1OeXN1[g10dXN0\g10Z4O2O00PP>1ooA000l00SO11Oco50\PJ2O000010O000001O0000001O001O00001O1O0001O10O01O0001OO10O1\RNI_k17aTNI_k17U20]RNI]k16bTNM]k12dTNN]k10dTN0\k10dTNN_k10cTNOhja01mR@101O000SOMmQN3Sn1MnQN1^Rj0OclWO100001O01O0glS1OZSlN10O`VcX2
20161116222134Lh_1,Tea]14ko1<E2N1N101O010O010O00O10000O11O0hPN@Po1a0nPNCPo1g0O1O10O101O1O00000O2O1O00N2O0O2O0O101N10TOXQNa0fn1_O]QN`0an1@aQN?^n1AdQN?[n1@gQN?Xn1BiQN>Vn1AmQN>Rn1BnQN>Rn1BoQN>Pn1ASRN>hn1OO2O001N101O001N2O000O2N100O11O0O100001OGnPNDQo1=oPNCQo1=oPNDPo1f0O1010O000000000001O1O3M101OO100000000000O00100O1N101O00000O10000001O0O2O0O2N2O1N101O01O010UQNRObn1o0[QNSOdn1U101N100O10001O00mNdQNb0\n1\OhQNb0Xn1\OkQNd0Sn1[OPRNd0Pn1[ORRNe0mm1[OTRNe0lm1YOVRNf0jm1YOXRNg0an1O2O1N001O1O1O1@fPN7co1N3K`o50`nIOVTN2ik10VTN0jk10VTN0jk1OXTN0lm10kXlX2
20161116222134Lh_2,]YSh14ko12L3L4O1O1O1O0010O01N2O11N2OOO2N02OO0100010O01O1OO20O001O001O00100O01O001N1O1O100000000O20O00010O01O00000O10cQNEVm1;kRNETm1;X1000100O2M2N2N2NXhjS2
20161116222134Lh_3,S^_Y12lo13N2N2O001O1O000]NFaSN9_l1GbSN8]l1IcSN7Qn12IFfPN<Xo17O01N2O1000nM@dTN`0\k1AcTN?^k1@bTN?_k1AaTN?_k1AlRN1X1>mk1AjRN2X1=nk1AiRN6V19Ql1BiRN2HN^1=Ql1C^TN>bm100IcPNK\o16dPNI[o18fPNHZo18gPNFYo1;6O10O0`NHZSN8dl1J\SN5el1KZSN5hl1IXSN6jl1IVSN7jl1IVSN7hNJlm1N\SN8gNMXo14gPNNXo12gPNOYo1<000000O100O0010OK\OPQNc0Po1^OoPNc0Qo1^OnPNb0Ro17O000O1BTOhQNl0Xn1TOhQNk0Yn1UOfQNh0^n1XObQNg0_n1YOaQNf0em1YOWSNf0jl1ZOVSNe0Tn1O0O1O2N10000O100O101N100O10000O10O1O10O01O1O010000O10000000N2O2O1N2N100O010000O1N2N2N2O100O1O001O000010O001000O01O1O001O001O0001J5O20O010O1000000WQNJhm15VRNOim11WRNOjm10VRN0km1OURN2km1LVRN4jm1KVRN4mn1Mjn3OYQL10O3OSQN0mN0fn11]RN0dm10\RN0kn1Ofne01YQZO1N3M100XRNJek17ZTNJek17ZTNJfk16YTNKgk15XTNKik15Q20000O10000000jPNIcn18b00000001\QNI]m1:_RNH`m19^RNHcm17]RNIcm17\RNKcm15]RNJdm17[RNHfm18ZRNGgm19YRNDjm1;n0O0O2O001O010O100O001O001O1O10000O2O001O0O10WR60nmK0dmM3[TNMdk14T20YRNL`k10]RN4ho1LXPN4jo10O00N]PNN_chW2
20161116222134Lh_4,b^WS11no12N3N100O2N4L1O2N0000001O01O001O4L100O11N0O2O001O01000O100O0100O1O0010O0001O1O00001O002N2OO1O000001O001O00@Ld0OXaXi2
20161116222134Lh_5,P^aY11no10PP40QPL00000\P20doM2N00000O11N[OOVo96ZQF3OO3MNKZPN3go124Lko=0WPBO00mQj00lmM0VPXO0Yo30i00\Pb00coYO000oo10PPd00_oYO0UQN0hn30[QL0dn10\QN0Yo1010jnQ20VQnM0VQN1cm1OW1001ZQNOgn31loM1abV]2
20161116222134Lh_6,f^YT11;0Zo30ePL0[o10:0kM0VR20ooM0PQ21mnM3O01O2Mg10lM0lPN0bo10C0kPN0bo100000000000000000I070lnY30WQdL1mo1O10fo10cPL0go10PP20ooM0E0fPN0[o10ePN0Yo1181MNYPN3?M_o10TQN1gm1OXRN2bm10^QNOo01cm1OcRN2\m1MfRN2Zm1NgRN1Ym1OgRN1Rk1OTWN2lh10gUNNWO2Rk11fUNMXO2Rk1NiUN0UO2Rk1NiUN0VO1Ul10`SNOmm11cQNOO0_n10RRN0nm11QRNOnm12aQNNK2in10[QNNM0G020ln10iQN0^O0bo10]PN0co30koM0kN1\SNOXl10^30RM0X10YPN1a1Oal10mQN2f1OZl12dSNM]N1km1OSRN2X1NSO0hm14aSNL`l13_SNNcl10SS4OdnM0io30^PH0`00Zo10YO0^QN0mm;0jQD0`00nn1400_PNLUo15jPNMSo15mPNKRo1NgPN48NUo11kPN0Vo1MkPN3bo1OZON^QN0Rn10YQ:0mo50]PJ0eoE0bo30lPL0Po30nP>0VoA0]PN0:0\oM0e00Zo30]P<4io_OLUP2010PPN00000O101O000TQNN90Ql10hRN2Z2Nnj10gRN3go12100OJLbPN4^o1LbPN3^o1ObPNO^cl\2
20161219133734Ch_1,YgTc07io1100O100000O10O010O01O010O000010O001O001O00001O0O1O10001OKbPNI]o168NWQ2MVnM7UQNO5Jom18kQN01Oom13nQN0KGO8Wn12nQNd0Rn1\OoQN:HAYn12SRN:Xn1EkQN86ESm12kRN70MPm1LRSN5M4nl1FXSN4J7nl1CZSN5G:om1FPRN:Qn1EmQN<Tn1DjQN<Yn1DeQN=[n1CdQN>2[Omm15QRNa0N@Pn1MRRNe0M^O_n1c0bQN]O]n1d0bQN[O`n1d0bQNYOcn1b0`0NbQN_O_m1?]RNG]2HQh1<aUNNBFG1c20eh19]UN2[OE39hm10iRNj0Um1UOjRNP1Rm1POnRNP1Rm1POoRNJEf0]m1^O`SN`0Qn1O2O4L1OO1O1N1oQN^Oel1a0ZSNBel1=ZSNDkl17VSNHkl17USNIll16USNJk0Mgi19`UNHh01gi17iWNIWh17j30O0fSNFiL1Pj1OjWN;[1FjL0Qj11jWN9Y1Knf1MhWN9Y1IPg1NZVN0j08l1IQg1N[VN0h09m1GSi1:Y301N2O1O010O010OQMIVVN6ji1JWVN5kl1O1N`QNOTm1NmRN4bi1MmYN3Rf1OlYN3Tf1LlYN6Rf1JmYN7Tf1HlYN8nh1LUTN3jk1NVTN2jk1NWTN2ik1KYTN6im1OWMIiUN9ci1GRTN0E1f29bi1GSTN1]28^i1IQWN8nh1HRWN8oh1GRWN8oh1GRWN7\l100002N1O100O3M1N1010O001O01O010O2M2ODjPNNVo10mPN0Ro1NQQN2nn1LUQN3kn1LVQN5in1JYQN6Xo1010O10OdLHQWN7oh1JQWN5^l10O1O2OO000000YIKc]N5]b1Jd]N7Qi1101O10O00010O1O[HFe_N9[`1He_N7Rh1001gNIdQNNP19\m1IcQNOP18_m1KaRN4cm1I^RN5Yi1JS[N3nd1OgUNNgo115Ob21]M1O1ao7N_PH10OZTUQ3
20161219133734Ch_2,nmXi06jo1LYPN0eo10]PN0bo10^PN1ao1NaPN1_o1OcPN0[o10fPN0Zo10fPN0[o10dPN0\o10dPN0]o10cPN0]o30cPL0\o10fPN1do1OD0iPN0Vo10=0011OZPN0Zo10fPN0eo13O0O000AMPQN3on1MTQN0ln10a001010O010bPN0jn10WQN1gn1OYQN2gn1NYQN2fn1N\QN1Zo1OXO0TQN2NOmn1OSQN2IN70mn10QQN2NN40ln10PQN14OO0mn10oPN16OO0kn10oPN19OM0in15[QNKL0in14\QNMKOhn14]QNMmn13UQNLmn11TQNO_o10WPN0ao10_PN1_o1ObPN1^o3OYPN0ZPN0fo10F0dPN0\o10dPN0\o10ePN0eo10eo30[PL0QP20ooM100[PNOYo12fPNNXn10aRN1WOOXn11`RN0jm10VRN0jm1OWRN0mn10ZPN0Yn10`RN1UOO\n12^RNOSO0`n10_RN4bm1K^SkQ3
20161219133734Ch_3,\eUi13mo10FNePN4Zo1LdPN6\o1JdPN6bo1101O0^PNH\o18dPNI[o17ePNJZo16fPNJZo16fPNKZo14fPNLZo15ePNK\o14bPNM`o15aPNG_o19400000`PNGXo1:hPNFXo1:gPNHXo18hPNGZo18fPNH[o18cPNI^o1<O2J5010N8I003N2M000010O0JJbPN7\o1701O2N1N3N2M2N1O2000O2O0O0010O00O7J2N1O010O3M2N2M1O2N2O0O3MkY`R2
20161219133734Ch_4,Peoh11no12]PNOUo12jPNOTo12nPNLQo15kPNKK0Zo14kPNL11nn1OkPN1<OE1Wo10lPNO10L1Wo11SQNNF2io110OONVPN2jo120000GLfPN4do1OGMePN1^o1OdPN2co11O00002N00O10WPNLfo14ZPNLgo12ZPNN\o10PQN0on93aPHM_PN0So12>10M:0]O051WPNO[o10RQN2nn1N_QN0Vn10kQN0_n30YQL0\o11O0O0O01O10O0To10iQL0So10TO0l00l00ZN1mPNOc00fn10XQN0om10WRN0I0Pn11XR21WoMN00YPN0do10H0aPN0`o11_PNObo10]PN0eo11XPN0jo112NSok10lPTN1RPd0OPP\O1O10O0OlP<1RoC3N1N3L3L5N1O8I10O016I10PO_OaRN>`m1BdQNOj0<cm1EcQNOl0:am1GcQNOm09`m1HcQN0l08am1HbQN1m07am1HbQN1m06bm1N_RN0cm1N^RN2bm1N^RN1dm1L^RN3in1O0OiY^m1
20161231223534Lh_1,YdfS34jo14N2N1O1O100O02OO102N1O2N0000O1O1O1O2N001OO1000000000000001O010O2N001O2N1NYP2NhoM4N2M2O1O0O2O1N100O2O0000000O10000000001O01O0001O0000001O000001O1O001O100O2N3L3N2N2L`Q`11`n_N5J3N2O0O2O0O101O0000010O010O100000O10O01O0000FARQN`0mn1AQQNa0Vo10100O11O0001O10O0001O0001O00001O000100O2O0O1O001O001O00001O000O2O00001O0000001O0O2O001O1NeXWa0
20161231223534Lh_2,j_Ya21oo10O2O1O0O10001N1O1O2O0KGcPN9[o1IePN7Zo1KfPN4Zo1LgPN3Yo1NfPN2Zo1NfPN3Yo1MfPN3\o180000012N00O02N11O1O00O00010O00000O2N1O1001N1010O0000000000001O0000000O1O0100O2O0O2O0001N2O1N2N10000O010O2N1N3OS`PZ1
20170129133714Th_1,aTm^2721\o1<M20N1O1O0101O1O0O1O1O1O1N20001M2J5POSOnRNm0Rm1TOnRNl0Qm1VOmRNi0Sm1ZOaRNFKQ1dm1CVRN^O5o0em1KXRN5hm1o01O3GRRN]NPn1n0PRN@Xn1P15K4DcQNRO_n1n0910M3N2M3M3DiPNMZo1OkPNLYo12iPNM`lb^1
20170129133714Th_2,_kPX32lo12O101N1O2N2O0O1O01O00O2O1O1O2O1N1O2O1OO04M2N0O02O2N1O001N10001O011O3_OePN5co102N1O1O[T_e0
20170313145450Bh_1,eaXd24ko13N2OO01000010N10O10010N100NfQ\1O[ncN3M2O1O000O2N20000000O2O3M1O002M]P61aoI6J2N3N1O1kQNDP1OVi1>eUNHP12Vi16gUNMo02Xi1OZUNa0[1FVi1GbUNb0T1NXi1\OgUNf0o02Yi1UOkUNh0j06\i1lNoUNm0c0:_j1G_UN<_j1E_UN?_j1AaUNZOgNd0ik10bUNVOkNi0dk1WO]TN5g1d0aj1YObUNe0`j1XOlSNOT1d0fk1ZO^TNf0_m11N01N8FaVcV1
20170313145450Bh_2,TnPn18`0LYn1d0XQNYO67`n1R1O0O200O0fQNjNjm1X1QRNkNPn1c1000O09H1N2O5K00hM`RNn1jm100O2O7H2N10O1O1O10O0000000[OiQNAWn1>kQNATn1?nQN_OSn1b0lQN^OUn1a0lQN_OSn1c0kQN^OUn1b0kQN^O]n1Q10N1O3L2N2M2\OYQNLin13XQNIln16TQNHon17QQNHQo18oPNFSo19mPNFUo19901O1N2N101OeRNLjj13VUN1hj1NWUN4ij1KWUN6jj1GVUN:Xm11O0O10000fMDPUN;Pk1FPUN:Pk1ERUN:Zm10100O100O010O100000000O100O010O01O00100O1O101O0O01O0000O1O01000000O2O00000000000010O010O10O0000000000000001O01O00001O1O1O1O1O1N1OXja30iU^L0001N[U63bjI2N1JK_PN7^o17O1O0010O10O0100O100O010O1M4J5Nhm\d1
20170313145450Bh_3,mmPn1150_o10;0O1\QNOYm10\110O]QN0Vm10ZSN0Yl50kQN000PPN0\RN0Wk10aRN4n1Mhk11XTNNik12VTNNlk12T24g1JXN0000000O001O001O0WNNdSN1Un101OYN0h10jQN0]l10cSN3[l1OdSN0Vn100O0000gNObRN2en11MN3O20I0_PN0bo1080K040O0F0ePN1QR4OjmK1co5OdPJ0do10C0kPN0So11mPNOSo10nPN0hl10SUN0UN0gl13RUNM]k11^RNOT20WN0il10mRN0S20]k11_RNOU21[k12gTNMSN0Wo10=0[PN0Yo10gPN0Xo11gPNOZo10gPN0Yo10fPN0[o10ePN0[o10ePN0[o10ePN0[o10ePN0[o10dPN0go30G0aPL0^o1090ZPN0\o10:10O_PN3\o13CJPQN4Qo1LoPN3_o10CMmPN1bo1OD0<000_PN0So11mPNOSo11>01O10Xo;0mQL0jnG000D0<000QP60PPN0PPL000llli1
20170313145450Bh_4,jYQe23lo12N4M1O000O100O1000O1N110O01O010O1M21000O10000000M_PNGao184O1000000OdPNIQo16oPNKQo15nPNKSo14oPNKPo16PQNLmn15SQNKmn14UQNKjn16VQNIkn16?010N2O1O100001N1M[PNKeo140MZPN4eo1400O0oPNG\n1:dQNG[n18fQNG[n19dQNH[n18fQNG[n19g0N2O1M3O1OlfnV1
20170313145450Bh_5,k`hn11lo14^O7iPNK`n1KQRNf0mm1[ORRNf0nm1[OQRNg0mm1YOSRNg0_m1WO[RN1EN`0g0am1]OYRNNFN`0d0fm1\OVRN35>hm1@SRN23=[n1BdQN?^n1@bQN?_n1@aQN`0an1@^QN=dn1D\QN;en1E[QN9fn1HZQN7fn1JYQN7gn1IXQN7hn1MVQNNnn13QQNLon15SQNGin13nPN7[o19N10100O000001N1M4L3O2J]PNKgo10l`mn1
20170326133730Ch_1,dbV]21mo15L100lQNM\l13bSNN^l15]SNMcl13ZSNOgl12]RNN20bm1HnQN8<40Mim1NURN8MO_n12_QN0`n11aQN06Cem1=WRNe0em1YO_RNi0\m1WOhRNg0Vm1UOQSNi03QOlk1OXTN1ROh0h0[Olk1J]TN0SO02`0?Ikm14RRNMom14bQNB5;Xn1=dQNB^n1?^QNAen1EaQNn0jn1N2O2[OPQN6Ro1GPQN8LDRo11SQNa0Vo100O002N005KjLIdVN6Zi1MeVN4[i1IjVN6Ui1GcUN0\O8]n11N10O10O104L00O0O2N1O2O0001O1000O100O00001O1O100001nKKVXN5hg1NVXN2jg10SXN1lg11QXN1Ph1MoUNL79li1GoUN03;lk1BPTNb0fm10101O5_O^PN026go1O4KPYo]1
20170326133730Ch_2,bj`g13lo11O001BLPQN3Qo1OlPN2Ro11mPNNTo12kPNOTo12kPNOUo11kPNOdn1KeQN5G0cn1NfQN1F2en1KgQN2D3en1LgQNOE4fn1KnQN6nn10O01000O01O1O010O@LVQN4in1NUQN2kn11RQN0nn10PQN2Po1LQQN4Qo1JoPN6^o10O00O00100001O0O1cPNHSo18:0000NjPNJfn16b000O2NdVaU2
20170326133730Ch_3,dVmf11oo1000go31VPL3N010000NMO44K3`PNHWo19dPNMZo1>O0001L3N2O100O01M1101O011N1000010O00001O01O1O00004L1N100O1M3O0100JkPNAUo1>lPNBTo1=mPNCRo1>nPNBRo1NmPN:2HPo1NPQN91Hon1OPQN9`o1O001N2O01M3O3M2N101M201N1010O102M0000O100000DePN3[o1JiPN5Wo1JjPN6Wo1IiPN7ao1O001O0001O01O0000000001O0001O000000000N011O100N2O1OSj\R2
20170326133730Ch_4,cc\R24io13O100000001O001KGbPN9co10O0000000001N11O001O1O0O1O1O01000N20IbPNL^o13cPNM^o1OePN1[o1MiPN1i[ek1
20170326133730Ch_5,RhVe18go11O1ePN1fn1J\QN:Ro17H7I4BROgQN`0NEYn1OdQN;nn193F`0H`o3OcPL0aXiY2
20170326133730Ch_6,T[Va22no11O001TPNNio15O0EKkPN5Uo1KkPN6To1JfPN016Yo1IfPN3O8[o18O2M2O003M1O2N2N1O000000O100[OTQNIN4Qo11ZQNLkn10WQNOin11WQNNjn11XQNNhn12c000O100Oeoo12YPPN1O1O1O0010O100O100O10001O0003M1N2O1O6I3cPN@Vo1f0O0O01O1N2O1CkPNMWo12jPNLXo12kPNKWo14f1LiN1OO1000SoW11kPhN1G0bPN0^o11`PN1_o18000001O0000001N1000000O10O100N2O1O1O1O1O2O0OYQNMcm13]RNNbm12^RNMcm12^RNNbm12^RNNcm10W1O10`eQU1
20170328014950Uh_1,g_R^22mo12L4N1O2N2L4N4M3L4M3M1O1O00000001O001N2O002N2N1000001O1O1O1N1O1O1O001O00100000fPNBQo1>jPNHVo1b0O00000002XOiPNc0\o1NO1000O10O010O01O0100O0100O2O1N2M2O1O1O1O2MTR8LQnG1O1O01N^l11aSN0^R82amG3M3M1O100O010WOFkQN9Tn1KjQN1Yn1OhQNM[n13i000O2NoQN0Tl1OjSN6lm13N3N1O1O2N2O1O2N1O1eMXO\UNi0cj1WO]UNj0nl1N2O0O1O1N1N3O0010O010010O1OFBQQN=nn1ESQN:ln1FUQN9ln1FUQN:Xo11000O1O10O01O001O1O1N3KTm?0oR@01On^YX1
20170328014950Uh_2,fS]_22no11O0O2O1O00100O00002N1O1O000001N1001N2O1M3N1001N3N01O00O1000M3O1O1O01O100N2N2N20O10000O100O0010O10O1N2O01000O2O0000000000L400O0100O010O00001O01O2N1O1000fPNGmn19SQNIkn18SQNJmn14TQNKmn15SQNKnn13a0N1O2O0O2NjlT[1
20170329014850Uh_1,bc^g22lo17K4M2M11O10O0eJCR[N<nd1DS[N;Zj1O0O3Mmj17lTN2]UNCae1?]ZNAee1>ZZNCfe1<[ZNCfe1=ZZNAie1=n4N2O1NoPNI]n13bQN3Ro13O0O100O010000000O2O001O1O2O0O101O3M0110M2O1O00010O01O002M20O000000001O1O1O1O001O0000O1O1kN]OkRNd0Sm1]OmRNc0Sm1[OoRNg0Tn10001O010O1O010O1000000O1000010O2O0O2N1N101O0O0100001O010O00001O0O1O1O3Klna00UQ^O3N00O10ZRN0\k1OeTN5`m13N100O100O10O1007J1O01N1N10F^OTQNb0hn1EUQN;jn1HTQN8kn1IUQN7kn1IUQN7kn1IUQN7ln1HUQN7ln1GUQN9mn1DTQN;nn1CSQN=Xo10001O00010O0100000000001O1N2N2O0O2N1N3Lc[Qn0
20170329014850Uh_2,PTek21no12O1N1L401O00O10000000000001O3M1O0001O0000010N1000O2O000O10001O0010O0001O0000000O1000000O1000O10O1O1O1O1O0001O0NgPN^OZo1a0300N10MBfPN>Yo141000O0B^O`QNa0`n1A_QN>cn1B[QN=gn1BZQN:GDQo10XQN<Xo10kPNEen1:\QNGbn16aQNL^n14aQNN^n11bQN0^n1OcQN1\n1OfQNL]OOin19kQNGXn18i0O00100O001O1O010002N0MI^PN7ao1I_PN6fo101O010O2LolVn0
20170330133710Th_1,Rc^n12mo12N1O2O00001O0O10001O0010O010O0002fPNEkn1<<0iPNE=Obm1<RRND<1am1;mRNESm1;mRNESm1;iRNEoN0Xn1;iRNHXm18nQNF=3em18nQNC>6cm17fRNI[m17dRNJ\m17cRNH_m18`RNGam19_RNDem1;[RNDfm1;\RNDem1;Q1O001O00010O00O101O000O2lPNEan1<\QNGcn1:ZQNHgn17XQNKhn16TQN0in1d00O2O1O001O1VOoPNb0Qo1ZOUQNe0Uo1M001O1O2N4I8Hh[]m1
20170330133710Th_2,Wa^V33ho17M3N001O0CIRQN6mn1LRQN5mn1LSQN3mn1OQQN2nn10oPN1Ro1>0O2O1O2N1O2O01O7I1O00000O01N100O2O01O01O0101O000O100O10O001O00100O00101M3N100O10000O00100O101O1O00000010O0O0101N1001O0O01K5O1N2JZPN0ko10`o71\nGOVTN3hk13STNNkk18mSNLRl15lSNMSl15jSNLUl15PTNFPl1;oSNEQl1<PTNBPl1>PTNB`0L\i1b0SVN^OaNOo19Vi1;ZVN[ObN1n1;Ti19]VN_O?9Si1:\VN]O`0;Ti17\VN@>:Vi16\VNA<:Xi15[VNB<9Yi15ZVND;8\i14YVNC;:\i13XVND<9\i13XVND;9^i12WVNF:9_i12TVNF>7_i13SVNE?8^i15PVNBkNGd1b0bi19jUNBf03ai1j0XUNSOY12ai1k0UUNPO^13^i1n0QUNgNk1:Vi1o0[WNmNih1S1XWNhNlh1Y1n2N102M1O3L3M3K7HP_oa0
20170330133710Th_3,U`\c11m01Qn13TQNLe03Un15iQNMWn14fQNNYn13fQNI@1in18cQNN^n19YQNFkn1g01N2N1OnPNWOmn1k0TQNTOln1h0SQNXOQo1g0SQNZOen1k0\QNTO]n1R181001O01O@XQN]O24gn1>`QN]Obn15TQN5[o1JgPN2\o1M<00O\`mZ2
20170414151450Bh_1,ib_V23ko16J4M2N2O1O1O03M2N2N1O0010O1O2]PNE^o1?O1O1O01O1O001N1001O001O001O00000000O101O0000001O000O1000O01001O4L1O1O00001O0O100O1O1O1O2N1O2O002OoNSQNn0Po100O0100RQNSOgn1n0XQNSOgn1S11ROVQNe0jn1VO\QNj0ln1001O100O0002N2N2N4L1O2O1N1O1BbPN8do1O2M2Oh[hc1
20170414151450Bh_2,icoX12no10O2O001O00001O00001O001O00001O0O2O1O001O010O0001O1O1O00001O00001O00010O001000BIQQN7on1IQQN8\o10O01O100O1001N00001O00001O00001cPNGQo19nPNIQo17oPNIQo18nPNHQo19nPNIQo18nPNHRo18mPNIRo18nPNHRo19mPNGSo19mPNGSo19nPNFRo1:nPNESo1;:0O000010O010O010O100OePNBUo1>iPNDWo1b0100O1O1O010O00001O001O010O1O3M100O001O10O01O01O01O01O000000001O000O1000000000O1000000O1000]PNG_o19`PNH`o18`PNH`o18`PNH`o18`PNHao17_PNIao17_PNIao17_PNIao1:1000000001O000010O01O001O001O010O1hPN@on1`0nPNCRo1e01O1O100O1O1O1O2N4L1O01O01O0000000I]PN2co1L_PN3ao1L`PN4go1N101Neo10ZPN3N2N1O2O1^PNGZo1;cPNH\o1?O1UO^OURNc0km1]OURNc0jm1^OVRNc0im1\OXRNd0hm1\OXRNd0hm1\OXRNd0gm1]OYRNc0hm1]OWRNc0im1]OWRNd0hm1\OYRNc0gm1\OZRNd0fm1\OZRNd0fm1[O]RNc0cm1]O`RN`0`n101O01O0001O1O001O1O1O001O00001O0000001O000O10001O00000O10O1000O10001O0O10001N101Nfo;2XPD2O00001M2O1000O100O1M300O2NfZbV2
20170414151450Bh_3,hihg14So1McQN5Ro12O1AHTQN;Wo1100O1O000O2O1BBXQN`0hn1@VQNa0en1EYQN:ln1<2M2O0O010O00100N10001I7O100O2O1L4J[WUV2
20170414151450Bh_4,lRUa123001_o1;O2O0000001O6LN101L4N1O3M01O01O1O101N0001O01O0O0101N11O0LZPNMho11ill\2
20170516134450Bh_1,Yblo18fo13M3N2O2O0O3N0O01O00000100VSN]OUj1f0eUN^OZj1c0_UNCaj1=]UNEcj1<[UNEej1<YUNEgj1;XUNFij19WUNGmj16RUNIQk16mTNLQk14lTN0Tk11gTN4Yk1LeTN5\k1KcTN6^k1J`TN6ck1H[TN;ek1EYTN=gk1DVTN=jk1CTTN?lk1HlSN9Vl1HgSN8^l1F_SN:dl1D]SNWO[Om0]m1G]SN9gl1@\SN2ROKem1M]SN8POGSo17e0DhZam1
20170516134450Bh_2,]d`R35io13O0O1@HXQN8hn1JVQN7hn1KWQN6in1ITQN:mn1=OIoPN_OPo1a0RQN_Oln1a0VQN]Ojn1d0VQN\Ojn1b0XQN^Ohn1a0<N200O100O1010O1O1O1OO2O0N2O1000K4101O002N1M3N4L3MR\oj0
20170626133730Ch_1,eT[h15bo19L4O2N00O2N100OO3L3O2O1O0O0UO@hQNM7f0mm1JQRN7mm1JSRN6lm1LTRN3lm1NTRN0mm11SRNMem1[O[RNh00Mam1@]RNe02I`m1D]RNc04H_m1e0bRN[Ocl1DgSNQ1E[Oal1LeSNj0JWOcl11[SNm05POal1f1gSNUNYl1h1kSNUNWl1i1kSNUNnk1M^SNl1j0SNik1S2T1N2TOURNATn1BSRNOM=fn1[OUQN27a0Vo1M1N1O2L4MgmPU2
20170902231930Lh_1,doXg16ho14dPNNdn16VQN0en1h0N0ROlNPSNU1Pm1nNlRNR1ml1mN^RN4d0o0nl1XORSNg0ol1YOQSNf0Pm1ZOPSNd0Sm1ZOoRN`0Vm1@jRN=Xm1DhRN;Zm1DeRN<\m1DbRN=_m1C_RN=cm1B]RN=em1CYRN=hm1CWRN=hm1EVRN>im1BVRN?jm1ATRNb0lm1^OQRNd0Pn1]OkQNe0Wn1a0001O0OOKkQNcNTn1]1N81O2O0001N2O1N200MO4N11O11O1O100O01\TN[Nlh14eTNU1]2lNlh1NjTN;K5`2AZi17YTN7^2@[i16YTN9dn1B_QN<So1O2N2N3N2LYRQU2
20170902231930Lh_2,dcgY12mo1100010O2Nin13`PN2UQN0gn13YQNNdn14[QNMen18UQNIjn1h0O00O01O1O2N7I1O2N0O1O2N2OO1N3QOcQN;^n1BeQN<\n1DeQN;]n1AfQN=`n1]ObQNb0on100O13L1O1O1O1N1O2O00000001N101O002N3N2M5K1O1O001001N100OEcPN3]o1LcPN5\o18N200\N^OiSNc0Vl1^OjSNc0im1001O1O105K2N01N4L001O00001O000FmPNGTo17nPNHRo14RQNKPo13?O3NR]h`2
20170902231930Lh_3,QfZU12ko16K3L5M2L4M3N1O2N1O1O1O1O1000O1\OSQNORo11PQNMPo12SQNMmn11UQNOkn11UQN0in11XQNNin1L\QN4Yo1N1MTZSi2
20170926225530Lh_1,eljg02mo14K3M3N1mPNF^n1;^QNM]n1n0M3M1O001OO11N1O000O201O7I2M3M2M2M4Ob0]O4MROSSNmNjl1Q1ZSNoNcl1Q1^SNPO_l1?]SNPO6a0DYOal1V1kSNhN9c0Ql1:^SNWOZ17Tk1e0[UNXOdj1i0`UNSO_j1n0W22N2M2O3OOO1O101_OaNbRNZ1dm1hNXRNY1hm1iNVRNW1km1hNTRNX1nm1hNQRNV1[n1110O1OFfQNPO[n1n0;01O002N1O10010F9O101O2N2LiVQT3
20170926225530Lh_2,oVYg01oo11N010eo71ZPH000001O000000000001O001O00001O010OLVPN2lo10O1010O0000000001O0000000011OO00001O0000O10001O10N100001O000OYPNNbo126OVinT3
20171018223630Lh_1,Xfj_19eo15K4L4M1O2O1O1O001O1O2OVOUQN>Yo1N1O0000000O100O1000O100O10000O01000O010OO2O001O1O1N2MdP4LaoK5K4M101dVNEob1=m\NGRc19l\NJSc16l\NKSc16l\NKTc16j\NKVc15i\NLgJEhg1`0a]NJeJHjg1?`]NJdJHlg1>a]NIcJHng1?^]NIdJGog1`0^]NHdJFog1b0]]NHWc17i\NIWc18h\NHYc18f\NG[c19e\NG\c1:c\ND^c1=a\NBhJJVh1d0R]N@hJNUh1c0h]N^OYb1b0f]N^OZb1c0d]N^O]b1c0a]N]O`b1c0_]N]Obb1c0]]N\Oeb1d0[]NZOhb1e0W]NZOkb1f0Y600N2O00001O001O1O1O10O100O0O1O2O0O1O1O000]UN\Oke1d0RZN^One1b0QZN^OQf1b0nYN^OSf1c0kYN\OWf1e0b41N2O000O101N10000O01O001O001O0O2N1O2N1O2N100O2O0010O010O1O100O001O0001O00000O1O100O2N100010O1O100O2N101N101O2M3N2N2N1O10O002N6K4MOO0100O2N100O001O100O5K1O2N1O1O1O3L200O1O1N0100N102YO^QNJgn1MeQNFgPd01dn]O4M2O1O1O000000010O01O1O011N1O1N^Pd05\o[O4N1O1N2O01O2M4K[h?NhW@20N^YcP2
20171018223630Lh_2,[fh_11XP41UoMOUQN0_o30ooM0UO0j0000lPN0Xn10iQN0Vn10kQN0[n36jPNJ_PN0nn10QQN0Qo50oPL0Qo10mPL0So10mPN0So10>010QP40_PL0oN0QQN0on10QQN0_o10@0P10QO0nPN0ao10B0lPN0Uo10jPN0Wo10gPN1Zo1OcPN3^o154L^PN3`o1M\PNOao10dPNNZo11jPNNUo11lPNOSo12>O10aPNOnn11RQNOnn10SQN0mn10b00bPN0jn10WQN0hn10YQN0[o10\O0d00QP20ooM010PP200000QP20ooK00010SP40bPJ0dn10[QN0en10[QN0[o10[O0YQN0\o10\O0e00aPN0ln10SQN0nn10RQN0on30`PN0PP40ooK000000001O010001O00SQ<0mmC0PQ200000j00ToM0oo10QPN0QP:0TPN0moG0O000\O0XQN0hn10XQN0hn10XQN0hn10WQN0jn10UQN0mn50PQJ0Ro10n00SO0>0QP20`PL0nn10U10iN0dP20fPL1bn1O`QN1Yo100O10O0Po10oPN0112OooM0g00dn30e00noM0RP20hPN0_n30bQJ0Yn10lQN1nm1OSRN0Wo70anI0XQ20ZQL0Ym10hRN0Wm10jRN0bn1100bNOjRN2bn1OgNOPRN1]O0=0Zn10cQNO13E2go1K_Q>3dnAOWPNOfo10^PNOao10aPN0^o1090000000QP20\RkR2
20171018223630Lh_3,ajjk26go14M4MHePNNTm16dTNKWNOSm19hTNNWk13kTNKTk16nTNGRk1:Z2O0010O1O1O1N1000011N2N10001N1O10100mPN\Ojn1m08IOOmQNYOll1g0TSN[Okl1a0aRNB1M_m1<_RNNOGdm1NdRN?GD]n1>bQNB^n1?aQNA_n1?aQNA_n1>cQNB]n1<eQNELMQn1:URN:lm1@ZRN=cn101O10001O5I3M2N2OiUQQ1
20171018223630Lh_4,]Xkb11jo17L4L2N2O0O2O100O100000O10O2O00O0N3O0O2O010000O2O1N100O1N0N3N201N3M2O101O0010]OVQNOin1O\QNOdn1O^QN1bn1N`QN0an1NaQN0cn1K`QN4Wo1N2M`M0a22N2OOlPNOZn12hQNLWn15jQNIWn16i01N2FHkPN9Uo1800100O10nPN@dn1?`0O0O0N3O10O100O2O7I0000O1N1O1N2K140000001N2O00O2O10O11N1000O1O00010O0N3N3MdklV2
20171021223430Lh_1,R^kl03lo12N4L100nNKYRN5gm1KWRN7im1HVRN:jm1FURN:mm1CTRN>gn10000EaPN5_o1HcPN:`o11O2N1JBiPN?Wo15O101N10O100N2O1O10O1000^OePN?^o101N2N1O10O0100O01O1O001OO1O100000O20O0010O0100O01O100O0010O1O1O2N1O10OO2O00000010O0UQNJmm16TRNJkm17URNIkm16o0010O01000O1000O2NYQ4LknK2N11O1Oka\m2
20171021223430Lh_2,_eR^22]ni17YQXN2N2N101N101O000O2O000O2O001N2N101N2O000001N2M4K5L4M5JgP6M]oI2N2N2N2N2iPNFfn1=TQNIin1:QQNJnn1e0O1O00000O11O101O1O1O000O1O100O1O1O1002N00O2O1O00O01O001O001101O00HhPNDZo1c0N@mPN5Po1HSQN:Zo10O00100N012N1O01@gPN6do1M^QZ2MbneM5L3N2N2O00001O0000O2O001N2O1O1N2O2KlP<3SoC2M5L2M3N2O00000O0O0O02000O11O010000010O01O1O1O10O000000001O0O1000O1000000010O01000000O2O1O2N1O01O01O1O00O1O1O100O10M3N10001O01O1O1O0O3N2N3M1O2N100O101N10001NdSNFSi19mVNHSi17lVNJVi14jVNLWi13eSNOk2Nbi1;]VNDfi1:Q3O10O0001O100O1O2N2LhP6N[oI6L1O2M3fPNGhn1;VQNFin1:VQNFkn1:>O2O0O1O1O3L3MdP4O\oK20Ojo10UPN201000N2MRo71oPH0UUcn0
20171021223430Lh_3,RdS\12mo14K3N2N1N1001O1O100O2O2N`P:JdoE5L2N1O1O1O1O100O100O101O1O0O20O001O1O001O001O0O7J2N0O2NhPd00Yo[O00O10O100001Olo=4hoAMbPN5[o1ObPN2Vo1IlPNc0Ro16O1O10000O10000UQNVO`n1j0`QNVO_n1k0aQNUO\n1n0dQNSOZn1o0gQNoNXn1S192N2N1M30oN_QNc0an1\ObQNb0]n1^OeQNa0[n1^OfQNb0\n1WOjQNg0in1O0O2ZOhPNb0Xo1^OhPNa03_OSo1`0mPNBRo1=mPNERo1<nPNDTo19lPNHUo17jPNJWo14iPNMXo12gPNOZo10fPN0Zo1OgPN1Xo10hPN1Wo1OiPN1Vo1>OEjPNLVo14jPNMTo14mPNLRo14mPNOQo1c0M1O1O001O001O1O0001O001O0O2O1O=C2N0010OO100O2K5MbZnZ2
20171021223430Lh_4,\]^S23lo12_PNOFNWo14QQN5mn1LQQN6mn1MPQN4Po1>000O1O01000O001O10O100O100O1O1O1M3O2M2O2N3L3N5L6I100O10O0[OmQN^OTn1`0oQN^ORn1`0RRN]Oom1a0VRN[Okm1c0ZRNZOfm1d0_RNWOcm1h0k0O1O10000O1O2N2O0010O1O4dPNZOVo1h0O2M3N1O10000O1000O0101O1O1O1O1O001OVOYQND6>an1McQN3]n1KfQN4cm1DcRN7M3`m1FcRN7N1`m1GcRN7So1O0O2O1O1N10no=0QPB3M2N3N0O101N1O1N2L3100O100O010O100O1O1M3O2N1O101O0O2NUPh11joWN2O1N1O2O001N101O1N1O01000O01N2O100O1O1O1O1O01O1N20000001O0N2O2Nnc[a1
20171021223430Lh_5,TVm[12no110O00]PN4Ro11dPN5\o170N2O1O102O05MM002N1O000N2O100O10BISQN7mn1LPQN3Qo1NnPN2So1MmPN2To1NlPN1Uo1OjPN1Xo1MfPN6ao11O2O000O10O10000O3M1O1O00001M30hiXa2
20171021223430Lh_6,Sdf_22fo1O^PN7]o170FhPNNUo12mPNMSo12oPNNPo11QQNOon11RQNOmn10TQN1ln1NUQN1kn1OUQN1jn10VQN0jn1OXQN0hn10XQN0gn11YQNOfn11\QNOcn11]QN1`n10aQN0^n1OdQN1Zn1OgQN3Wn1MjQN3Tn1MnQN2Rn1NnQN2Rn1NnQN2Rn1NnQN1Tn1OjQN1Xn1OeQN2]n1O^QN3en1MWQN2nn1NoPN1Uo11ePN0^o18ePNFRo18lPNKTo14kPN3Po1LoPNNNOSo11PQNOOORo11nPN02ORo1LnPN42OWo10kPN05O\n11aQNONNH6gn1MfQNMG024`n1OjQNNJ2[n11ZRNNfm12[RNMdm14\RNKem15[RNKfm14ZRNLfm13U10UQNMhm13XRNMim13VRNMjm14URNMkm13TRNNmm10SRN1mm1NRRN2nm1OQRN1Pn1OPRNORn11mQNNVn11iQNO20Xm11bSN3\l1MkRN1F2am1MgRN3G0bm1NgRN2FOem1OdRN2FNjm10_RN1Wn1OhQN0Zn1OfQN0[n1OeQN0]n10bQN0^n10bQN0^n11aQNO_n11aQN2]n1NdQN2[n1OfQN0Zn10fQN0Zn10^QNND3nn10eQN5Tn1K\QN251om1KQRN2H5:Lkm1NWRN3B1<Mjm1MgRN3_O2jn1MWQN2jn1NVQN1jn1NVQN3jn1MXQN1gn10ZQN0en10[QN0en11kPN26Nmn1<PQNFUo1MiPN<_o102L2M2NPY]Z1
20171021223430Lh_7,Uhbh21PP2001RPN0bP<1XoEOYPN1_o10cPN1Zo1NkPN0Po13RQNMmn11VQNOhn11ZQNOen11[QNOdn12\QNNdn12\QNMcn14]QNLbn14^QNMbn11^QN0dn1O\QNOfn11ZQNOen11\QNOen11ZQN0fn1O[QN0fn10ZQN0fn10ZQN0fn10[QN0en10ZQN1en1O\QN1cn1O^QN1an1O`QN0`n10aQN0_n10`QN0`n10`QN0`n10`QN1_n1OaQN1_n1OaQN0an10^QN0bn10]QN0dn10\QN0dn10\QN0cn10d03M300mPNJ\n16g01mPNI`n12aQNN`n11`QNO`n11`QNO`n11`QN1^n1NdQN2Zn1OgQN1Xn1OjQN0Un10lQNOSn12mQNNSn13lQNNTn11mQNNTn11a00jPNOUo13jPNMb00fm14fQNMc0Oim15bQNLd0Okm17^QNKg0Nlm1=SRNDmm1<SRNDmm19VRNFkm18VRNHkm17URNJlm14URNKmm13SRNM>0Tl11]SNO=2Wl1O[SNO=2Zl1OcTN0_k1OUSN0Xn12fQNN[n13cQNMan12h0NcPN0in11UQNOmn10SQN0mn10RQN0nn11RQNOnn12PQNOQo10oPN0Qo10oPN0Qo11mPN0Uo1NjPN4Uo1LjPN7To1JjPN:So1FlPN1O1Uo1OTQN1ln10RQN0Po1OoPN0So10mPNOSo11mPNOTo10lPNOUo12jPNOUo12kPNMUo14jPNLVo15iPNKVo18hPNHWo12iPNOL133ln1LWQN3O3gn1JiQN6Po110OYPNMbo11dPNM\o11ePNN45en1LYQNOK<jn1D^QN:GIin1MbQN8gn1HYQN7hn1IXQN5kn1JTQN3Qo1MnPN1To1OkPN0Wo10hPN0Yo10fPN0[o12aPNO`o12]PNOfo13So7LRQH00O`UWo0
20171021223430Lh_8,cobc12ko14N0dPNLnn13PQN0Qo1MPQN5]o10N2O1N2N2N2K51FgPNKYo1>O03N2N2N000O100O10O10O1000OO2O1O2N1O\P]Z2
20171027150050Bh_1,ZVcW23lo13N107H1000O0010O01O00CDVQN<Xo10O01O00bQNEXm1;`RNGVON[n1;_RNGTOO]n1:`RNESO4\n17cRNI]m17cRNH_m18U1O0100000O20O00O100O0O3N1N:MI2N2N2O2N2M3N2N1N3O01O0O2N4MO002O1O0O2O1O03M0000O11O001O1N1O100O00000010N101O1O00100O2O10N100O100O010O100O10010O000O1000O0100O2N1000O100O0100O2N010O01O2O1N1O01O001M4Infl`1
20171027150050Bh_2,gabn14jo14M2O1O1O1O1O1N10O2O0O100O1010O01000O0100O2N1O2N2MXP81doG5O1O010O010O010O2dPNFon1;iPNNTo1`0O10O001O001O001O1O1N2O001N1O1O001O100O101O1N4JoRl0LTmSO5N1O1QOLQRN5om1MPRN3Pn1NnQN6nm10lQN2Sn1OlQN1Tn1OkQN2Tn1OjQN2Vn1OgQN4Yn1l0M1O01O1O1O2N2N2N001O13M4K10O1N2N2N3L4M2N8H7I2DjZWj1
20171027150050Bh_3,afen12>1nn10oPN:jn1FUQN:mn1DSQN=Wo15WO@jQN`0kn10OO1010BBYQN>an1AYQN34:JBhn1<\QN2hn1c001NK5O2N20052MMWO^QN2Xo10001NQYho1
20171027150050Bh_4,SWke14lo10O10000O2O0O100O1O011N100O10000O100O1O1O1O1O100OMePNC[o1<gPNCXo1=510O01YNCjSN?Ul1AkSN?Ul1BiSN`0Vl1@jSNa0Vl1^OiSNc0Wl1\OiSNe0Wl1[OhSNe0Yl1[OgSNe0Yl1[OfSNf0Zl1ZOeSNg0[l1YOeSNg0im10cNYOcSNf0^l1ZOaSNf0`l1ZO_SNg0al1YO_SNg0al1YO^SNg0cl1YO]SNg0bl1ZO^SNf0bl1YO^SNh0bl1XO]SNh0nm10O1O01L4N10100O001O01O10LePNB[o1>301O1O0010O010O1000O01O001O000010O0O1O20O100O2O1O2M1000BfPN6Zo1IhPN6Wo1KiPN5Wo1JjPN5Wo1JkPN5To1LlPN3Uo1LlPN4To1LlPN3Uo1LlPN2Vo1NjPN1co100000000O2OeP:Ndn71fP^O2O2OO001O1O01O100O01000O1O10000O1000000O10O10000000bPNISo16nPNJRo16<0O10O01M300O100O01000O10O010O1O100O1O1O101N1O100O2O00001OeQT11WnkN4N2O00000000000001N1OZill1
20171027150050Bh_5,dabn13lo1O\PNO]o10:0WPT10jokN01090]O1_PNObo10[P23eoMOYPNOio10_PNO\o10[P20eP62QoW1Ng]kk1
20171029171010Mh_1,ialb23lo12]SNMVi1;cVNE\i1b0^VN^Oai1g0j22N1O1O0000O1O010OmSNXOPi1f0RWN[Omh1c0VWN[Okh1b0[3O2N101OcSNBYi1>fVNB\i1<dVND\i1<dVND\i1<f2FVQN:in1IUQN6mn1JSQN5d0F[m15PRN7c0E]m16nQN5e0F]m15nQN4d0H_m14lQN5c0Ham1g0]RNYOdm1i0YRNWOgm1j0XRNUOjm1j0g0O1N2N1M3N20O100000000001O1O00O2M2O2O001O1O01O1O1O0O2O001N10000001O10OjPN]Oon1d0oPN^OPo1k0O1N1O100O0100O100O01N10010O0010O001OTRNoNil1P1U1O[QNTOVn1k0iQNYOWn1d0iQN^OVn1=nQNDSn1:jQNIWn17hQNHZn19cQNG_n1:^QNHcn1i02M4L3N2M2N3N2OO10O010101N1001N2O0BjPN0Xo1MkPN2:KXn10_QN543fn1MXQN5gn1LVQN8hn1IVQN:hn1GVQN<hn1?O1O2kQNjN\m1Y1`RNiN_m1X1`RNiN_m1X1`RNkN^m1T1bRNmN]m1S1cRNnN]m1P1eRNPO[m1n0eRNSO[m1l0fRNUOZm1i0fRNYOZm1f0fRNZO[m1f0cRN\O]m1c0bRN^O^m1c0`RN^Obm1b0[RN@fm1?YRNBhm1<XRNEhm1;WRNFim1ZOSRNk03KQn13oQNNPn13nQNNSn1o0001M2M4N2N2O0O2OTOdNTSN[1jm1O0O1O2O001O1O1001O1O2M2_OhNWRNX1gm1iNZRNNL2Hd0Rn1\OPSN`0Qm1@PSN>Pm1BQSN:Sm1DoRN9Tm1EnRN9]n1O1O2O0011N2O0O1000N6KgZ]Q1
20171029171010Mh_2,bUY`21PP20O000gPN0Xo10O0111OkP80ToG2N1QONPRN2Pn12kQNOUn11kQNOTn12lQNNTn11lQN0Wn1MiQN2So1000O10O1Ldo;1_PD1O1O0[PNN\o13bPNN_o12aPNM_o1550000O11O001O1N1O1O1O10O01O100O001O10O01O1O001O1000J5010O0010OO1001O0O00100001O01O01O000N21O1N101O1O2O0O1O100O2N3MXQ22gnM1O10O001O1N10ViTY1
20171029171010Mh_3,mlTZ21TP20K000Ro91mPF000001O01O01O00O100O100O2O00010O00001O1O10O0101O1O1O01O000001O0000O3N1N00100OANQQN2ln10TQN1kn10TQN0kn11VQNOin11WQN0hn10XQN0hn1OYQN2en1JnPN1?5bn1MTQNL47in1LRQNO46bn1H[QN3O035cn1H[QN4NO54in1MRQN052in1NRQN052in1NSQNO43jn1MRQN053hn1MSQN142in1NSQNO43jn1MSQN023mn1JSQN214Uo1KlPN4Uo1KkPN5`o1000000000nNKYRN5hm1KYRN2hm1OT1001O0001NQTc`1
20171029171010Mh_4,gek^24jo14N2M4L2M200UQN@Un1b0`QN]OO6^n1>_QNN`n12`QN0]n12aQNO^n1k0N101C_NYRNa1gm1`NWRNa1im1_NWRNa1Tn1SOfQN3Zn1NhQN0Wn1EhQNK2?Vn1EXRN9hm1GYRN5]O@\n1:WRN4nm1LRRN3om1LRRN4Pn1HRRN8kn1O2N2HnYZ_1
20171029171010Mh_5,PeRo04lo11WN0aSN0]l14`SNL`l15`SNJal16^SNJbl16e1N2NSj=OnUB4L2N3N1N101O000010O10001O1N101N1O2MXVn0KliQO3OO011O2Llja0<hT^O5M1O2N3N4L1O8H001OO100O001O00010O01O100O0101N100O10O1\QNROUn1o0iQNQOWn1P1hQNoNXn1S1:1O1O110O10O100O01O0000O10O001O0O2O01kN^QN0Ob0cn1ZOnQNc0hn110O001N101O1N2O1N2NRQNEYn19i0N2LkQ6NYnI2N2YPNL_o14`PNMao1O`PN2go11O1O1O102N0010OO2H7M2O2O1O1jJZOQ[Nf0md1\OS[Nd0ld1]OT[Nc0kd1^OU[Nb0Zj1M30L001O01O0O001O001O100O001O0O2N3M2M4JiK0Y42OO1000[S27^lM000001O2KWo3OaSJ1dj13XUN4^j14_UNO^j12aUN0^j1OcUN2\j1MfUN3Zj1KhUN4Zj1IhUN6[j1EhUN9Rm1M2N3KaZ[d2
20171107222630Lh_1,ldfT17io110O00YRNJck18Q22N<D2N:G0O100000O1N2HSQNXOSo10mPNc0Vo1^OlPN?To1@PQN>nn1CTQN<kn1DVQN<in1DYQN;Wo10O01O10O1O2O0O2O0USNASj1a0gUNA[j1?eUN_O^j1a0aUN_O`j1a0`2001N1O6J1N5M1M2O1O1N4M4K6K2M10hNkQNf0Tn1XOnQNi0b0lNel1:iRNl0=oNil14jRNo0:oNll12iRNW12hNVm11gRNZ10eNZm11dRN01o0NRO]m1NeRNO3\1Ym1dNhRNJ3=J?^m1WOUSN6A`0Yn1_OjQN=Xn1BhQN>Yn1AiQN=Xn1BiQN>Yn1^OiQNa0Yn1]OiQNb0ln1O00O2M3N2M4M_OQQN2mn1LWQN8dn1CaQN?^n1_OcQNb0]n1\OeQNd0mn10O010N002N102N0mLVOWWNa0hh1CVWN<ih1EXWN:hh1FYWN9hh1E[WN8Xl1N2Ofl5IaSJ01OmZUe2
20171107222630Lh_2,[jTn12no11O0000OWo=0gPB4M2O1O1GIfPN:Zo1GdPN:\o15001O001O00010O00100AcPNON9fo1O1O10O0000O2O0N3NkPZ1OinkN1]PJOVPb01io]O2O000001NPP<1ooC2M2O101N100O2OO1000000000000000001O00001OJHdPN8[o1JdPN6\o1KcPN6[o1KePN7Yo1JfPN8Xo19O1O00010O1O00O2\OiPN<Xo1DhPN<Xo1CjPN:Yo1DiPN:_o1O2O000000TOHPRN8mn1O1ObPNJSo15mPNLSo12nPNMin11TQN13Nhn15SQNL5Ogn17TQNLUo16jPNLTo14lPNNRo10PQN0Po1NRQN3mn1LTQN4ln1KTQN6Un1HURN1G6Un1ISRN1G8Vn1H_RN8bm1H^RN8bm1H^RN7dm1G^RN7hn1OO011N0YOLbQN5]n1LbQN4^n1LbQN5@G30an14lQN5_ONen1MkQN6@Mfn1KkQN8@MXo13iPNNVo12kPNIMNYo19lPNGWo199OaPNGWo19hPNHYo18fPNH[o17ePNI[o19cPNG]o1:cPNE]o1:50N200O1O10000000O11O000001O01O0004MO1O1O0O2O001N10004L1O1O000000O101GjPNEWo1:8O1N3N1O10FJkPN4ao101Mlo=1TPB2N1L401`PNFXo1:gPNHXo19fPNHZo1?1000000004K10O2AfPN4[o1JhPN4co1O1N\n;JjQD1O2O0000O001OTWka1
20171107222630Lh_3,^i^U11oo10l10bn52\oI401^PNKWo15iPNLY1MbN1fm15aRNKVo12[Q8ORoG1hKMbXN3_g3NdVNOjmM1fo1501^LJXWN6[l1MVia0Ll]81RiUOOWK0i41T60QjMOj00om16oQNLWOOXn11PRN3c0O]m10oQN1f0K^m13lQN2To1NlPN2Vo1LmPN0RPP13\oQO3XHIo^N4\I5bg1JP_N4]I1fg1Im^N6^IOfg1Lj^N6bILdg1Nj^N5ka1KT^N6YJI]f10Z_N6YJOXm1NjRN1en1L_PR11domNOml?3lR@7K4L3O1N1N1O1\LZOmWNg0fk1O2O10STN^O[h1`0fWN_Obg1NhUNa0im1BWRN;_OFnm1NeRN:^OKkn1N[QN2fn1K^QN1^n1OPQN0Y17jl1NUSN4oj1FbUN6XOIRO=Sl1EcUN7SO<a1]OWg10VXN8oNNZO2Y2G]i15nTN0_O5Sn1I_RNMB9Qn1JiRN6Xm1JgRN9Vm1GmRN6Sm1JQSN2`n12MO10O0eJInZN6Qe1KTVN3X40de1LUVN4[4LZic00gQ^O3O4L100O02O0O3MdSN0[l12O0O03M1O`o?0_P@4M1dQS_2
20171108222430Lh_1,fdl_12ko14aPNNln15QQN0jn13TQN3en1h0K5L3M2N1001N1N2O2N2N101O3M1O1O1O0010O1O0001O1O1O1O1N2O2N2N4M0O101O0010O2M3N000O01O2M2O1003NO02N01O0001O001O001N2O001O0WQNYO\n1b0aQNCan19^QNIcn1FVQN;72hn1HZQN9fn1D[QN=Po14O106I2O1N2O001O001001O2N4L00O0O1O2O[OPQN:Qo1CRQN=mn1@WQNa0To10O2O1O2OO0O1O2N1N3M2N2N101N102M3M3MjW[Y2
20171108222430Lh_2,]jZa2131Uo10VQN9gn1HWQN9in1MQQN3nn1OPQN2Po1?00000N101O1N3N100N2L4O1O10O01N2010O10O01O0EERQN:Zo101O00001O00KHbPN8^o1HbPN8^o1HbPN9\o1HdPN8bo10O10001O0O10000O100000000000J`PNL`o14bPNI_o16601O000001O0000O10000O3Mno91RPF000010O01O001O2N1O1N1O1O2M2O2N1O1O1O0000O2000000O100CdPN6\o1HgPN7co1N100O1O100N1ORVmW1
20171122022450Uh_1,gUmP11no13M3N1O001O000000001O000001O00010O1O10O01O1O00001O0O2Obo]1O]PbN3M3M2O100O10000O010000O100O1O1O1N2O1M0102O1N2M4N1N2O1N3N1N200O1O1000O010000O01000O10O10O010CYO`QNg0`n1\O^QNc0bn1_O\QN8nn1HQQN7Qo1JlPN8To1900100O010O00010O010O01O0010O01O010O01O0O2M2M3O20O00000010O000010O0010O001O0010O010O0100O01000O10001O000O100000000O100000O100O100O1O100N2O10000O1000001O00000000001OO1000000000000000000O100O100O100O2N10001O001O001O001O01O01O00010O00010O01O1O1O001O1O1O1O010O001O010O010000O2N100O2OO010O010O010O100O010O010O0010O01O10O010O010O010O010O0101012NaPNGTo1e0M1O0O001O01O01O0001O1O1O001O1O1O001O100O1O100O0010O100000001O01O01O0O10001N1O2O1N3N2M3N0O102N000O101O01O000O4M5J2N01jQNTOWm1k0hRNWOXm1h0gRNZOYm1e0gRN[O[m1c0eRN]O\m1b0dRN_O\m1`0cRNA^m1>bRNB_m1=aRNC`m1;aRNEam1KgQN5j01jn11O001N101O01O00000001O01O01O000100O010O01O010O001O001O00001N100O2N10O0100O1000O10000O101N101N10001N1O1O2N1N4M\hXV2
20171122022450Uh_2,hgba17ho13M101O0O100O100GCoPN=Qo1CnPN>Ro1BnPN=So1ClPN>[o1O100000O1O0000100000000001N10001OO10O01000O1O1O2N3K301N10]PN0Vo1OhPN0I1lo10QXe[2
20171122022450Uh_3,o[mY21no11O1O1O100O1O01O10O00100O00100O01000O10000000O10O10O0010000O100O10O100O10O100O0101N2O1O0O1\PNGao19`PNF`o1:3O101O00O01000O010000000O10L4N2O1OgdPb1
20171122022450Uh_4,_WWl0=bo13M2M3M2O2N2M3]QNTOBO?2Xm1l0dRNYOO4Vm1g0hRNXOO3Wm1g0dRN\O3OVm1\1iRNeNVm1]1hRNeNUm1^1jRNbNUm1V2N1O1N3M2O2M2O1N200O10000O10jN\SNPOdl1o0^SNPOal1P1`SNPO`l1o0aSNQO^l1o0dSNPO\l1d0`SNaN5k0Zl1c0STN\Onk1c0TTN\Okk1c0WTN]Ohk1c0YTN]Oek1d0^TNYObk1h0_TNWO_k1j0cTNTO^k1k0dTNTO[k1m0fTNQOZk1o0iTNmNXk1S1mTNfNVk1Z1g100POlQN6Sn1HSRN4mm1JWRN4im1J\RN4cm1M`RNO`m11eRNJ\m16fRNF[m1:V10O01O010O100O10O0100O10O01O100O10O010000H\PN4do1K_PN3ao1LbPN2^o1NcPN1]o1OcPN1]o1OdPN0\o10dPN0\o10dPN0\o10dPN0\o10dPN0\o10:0Xok31ePTLO20PP^10ooaN0Wo70jPJ0VPP10nnS10mPjM0oo1000_P`00coK0ooA0koW10]Qh20jnmK1_PV1OaoUO0bo50]P@0QP40oP20Xn=0hP\O00021^j`Z2
20171122022450Uh_5,`^bo0141do17N001O01OIIfPN7Yo1KgPN4Yo1NfPN1Zo10fPN0Zo1OfPN1Zo10fPN0Zo10fPNO[o11dPNN^o175M101O000O2O00000001O01O003L>OC3N2N2N1O01O000000000001N100000000_PNI\o14dPNM[o14dPNL\o14dPNL\o1<01O01N101O10O0001O000000000O1O1O2O0O1O10100JXPN3jo1000001Oo`ck2
20180507140210Th_1,]j^j03no1O`m33ZRL6L6L1N104K100O1O34J3K7H4LeP23YoM3N10OO13M2OO10003OM1O13M2M1001N]PNJeo151F\PN3hUWS3
20180726232450Bh_1,dfjR31mo121Omng0OPSVO0Wl14fSNMYl14eSNMYl15iSNIUl1:[1HPQN:Po1GnPN:So1DoPN;\o1O2N10O0100001O0001O1N2N2MoS4NdhK1]3<E3N0100O1O100O1000O2OOaQNC\m1<cRNF_m17aRNJdm1OkQN1MOln13UQNJln18>1N101cQNFQm1:nRNFTm19kRNGVm19Z1N100OdRNIQk16mTNNRk10oTN1Qk1LPUN5^m110N2NllU2NUSjM2OOdR44UmK5N4M2N010O01O000O11O000000000100O1O1NkLDiVN:Wi1GjVN8_l110O2N1NoUad0
20180726232450Bh_2,[obR31oo11[PNOXo12gPN0Xo11gPNOYo11gPNOXo13gPNMYo16dPNJ\o17bPNJ]o1>I@lPN`0So1BlPN?So1BkPN`0To17N3N0000O2O000LoPNYOQo1g05O1O001@iPNONNZo12lPNLK2Yo11RQNNnn12RQNNnn11SQNOmn10TQNOnn1OTQN0ln10ZQj11VoUN2N2JK^PN6ao1L]PN6bo15N2O2N1O1O00001O01O001O0O2O001O001N3N1O001O00000000N200011N1O0000001O00O1001N10001NO20000O1O101O001N2O000O2O0M301O002NHgPNIYo17hPNHYo16hPNJXo16hPNJYo15hPNJXo10ePN030Yo1OePNN51Xo10cPSe0
20180726232450Bh_3,ff\S31bP83dmIM_SN4^l1OaSNO]NNUn10^SN2^l1NTRN0^10_N0Sn10[13;N2O2000\PN0Xo10fPN0fo30PPN0E0ePN0[o10fPN0Yo10gPN0Yo10gPN0Zo10ePN0eo10I0^PN1co1OZPN3RP8NRPH3Yo1MnPN0Po1OSQN0ln10TQN0ln11c0O00_PN0To70]PL0_PL0Qo10nPN1So10jPN022in1NnPN080Ro10PQNObo30ooM0\PN0Yo10hPN0Wo10iPN0Xo10gPN0[o30cPL0]o10:0XPN0`o10_PN0ao11]PN1co1OZPN2ho11WXih0
20181012105930Ch_1,Xefd25ho13N101N10001O1N2M5NI6N20O002N1L4O1L4L5M5L2N3N2OH[QNVOcn1j0_QNVO`n1i0aQNSO_n1O^QNo02QOen1o06DSQNEln1;WQNDhn1;ZQNDen1=[QNCen1<]QN_Ogn1`0=00O100O1OePNBVo1=>FX\eX1
20181012105930Ch_2,Qeld21XP40G0PPN0Po=0nPB0K21OSQNOQn30PR22SoKNJ0jo30dP22XoIN\P80RPH0I0]PN0dna13SQ`N3M3N1O0O100O10O01O01000[QNDfm1<ZRNFdm1:[RNGem19\RNGbm1:`RND`m1=P11O3mQN_Obl1c0\SN^Odl1c0ZSN]Ogl1e0XSNZOhl1g0X1101N101O2N2N0O01WOQQN?Po1@SQNK66hn1Mk0N11N01O1NV]eT1
20181012105930Ch_3,`_j[13lo12O1N2GLbPN6^o16O100O001OO1N3O1O0001N2O0N3O100000OH_ORQNb0nn1^ORQN>Ro1AoPN>Yo101O1O001O00100O100O1O100O1000OKZPN1go1N[PN1do10]PNNco1350YPNN`o12`PNN`o12`PNN`o12`PNO_o11aPNO_o11aPNO_o12`PNN`o13_PNMao14]PNMco1710001O00012NO0dPNIPo18nPNHRo19mPNHRo19mPNFTo1:lPNFTo1:mPNETo1:lPNFTo14gPNLdo1440001000O1O1O001O2N001N10000O10O0O2O1O2N100O2O0000001O000O2OVam]2
20181012105930Ch_4,e_n[11PP40ooM000oo10^oM0QP<2aPD0jPNN\n12dQNN\n12dQNN\n12i000OWPNOeo10XPb00noA0PPL00000]aea2
20181030230030Lh_1,^dTg16jo101O0ObPNMQo14kPN0To10iPN3Wo1OdPN4[o1900O100O11N1O1O2N10001001O00O0100O11O105JO3M1O1O12M10O03N0O000O2O\PNK^o13bPNO]o10dPN0]o1MdPN5bo12O2M2]OG\QN<bn1E]QN<an1F]QN<bn1E]QN=bn1B_QN`0^n1AaQN`0^n1@cQN`0\n1@dQN`0\n1@eQN`0Zn1_OhQN`0Xn1_OkQN`0Un1\OoQNO_O`0[n1_OdRN`0^n1O2O2EbPNOcYQU2
20181030230030Lh_2,Y]`c21jP25RNKXQN2`06BK[n1NaQN1a08@L`n1MnQNd0en1100O1O2N5L1O1O1OGWQN]Ohn1=ZQN^ON2jn1?`QN_O`n1=c01O01G8N4NfbS[1
20190605025430Lh_1,bSYW16ho14N10O01O0M3L4O1M2O2M20000O010O20O01O2NIRQN]OMNPo1d0901NoPN@en1`0>0O0K6N2N2N2O1O100000OO2O11N100O000001K4O10O2N11000O2CVQN\O00jn1d0<1O0O1O01O001O2N2O0000N110O01O1C=N2O100O\nTd2
20190605025430Lh_2,kPSc06fo17K6K4I6L4L4L3N6I>B4M3McN[RNb0cm1]ObRNg0Wm1XOmRNf0Rm1YOTSNc0kl1ZOXSNg0hl1WOZSNi0gl1TO[SNl0hl1nN[SNS1jm1000000000O1O1O0_QNhNYn16mQNf0Tn1TOSRNj0hn1J2L2N2K6J5Nmo1NXPL2go16N11O100O10O00O00O2N2M3N2N3N0O2O0I7O2O2N3N2M3M3N1O001O10O9HOYO]QN0dn1M`QN2`n1LcQN3_n1HdQN8So1O2M4LUn33iQL3MN6IcnjW3
20190605025430Lh_3,flTi01mo130NlS6OokI=_O;O1010O1N2O0100N1OO0L5O12O001M2LERQNLln14XQNIfn19_QNC^n1>3HVQN7mn1JQQN5Ro1:2N3N000N01M4O001O1L3F;O01O10M3G80O012NO1OAjQNZOTn1g0oQNVOQn1f0WRNUOjm1i0f000100200O2Ne0ZO`RoR3
20190605025430Lh_4,`S_W11:0fo10O1O000\OOYQN1dn1O^QN1`n10bQNO]n10eQN0Zn11fQN0Yn10gQNOZn10fQN1Zn1OfQN0Vo10TO0gQN1Xn1OiQN1Vn1Om00hPN3]OMmn11eQNO^O6kn1JmQN6Rn1JoQN0WO1]o1OkPN2bn1NQ10ePN0`n12h00002N100010O1O1SQNNkm11R1011SQNNjm12Q11TQNMjm13VRNMjm13VRNNim12XRNMgm10]RN0bm10_RN0am10^RN1cm1O[RN2em1N\RN0fm10ZRN0jn11mNOkQN2`n1N`QN0bn10g00O00001iPNO^n11bQNO_n11h01O1N1M3OOmPNJ_n17aQNIVn1?jQNBTn1`0kQN_OWn1a0\QN_ORo1`0lPN@Wo1?hPNA\o1<7M\PNGeo175Jem3?lQL;F8I3M1O10O1N2M3M4K4O2N1O2O1O104M1NkNBfRN=Wm1DlRN:Sm1FPSN9ol1GSSN9ll1FVSN9Wm1F\RN;QOF_n1OeQN1f0;dm1FdQN3e07gm11XRNNfm1KgQNNe03hm1MURQb2
20190605025430Lh_5,cPYc01UPb00YQ^O0Pm10^S80_n10hnK0aQL0do]10go_N010doc07\P\OI[nc03fQZOMfo1:^PNGVo1<iPNFUo1;lPNERo1;oPNFPo18RQNHnn16`0O9GiJ5R53M1O2N2O1N10O1M_PNEZ42kf15XYNN[k10100N2N\O3iPNMco10jP2Oj02\mMOcRN2dl1MlRN1`03cl1LnRN1?2cl1NnRNO]n10i00d01ZO03OZo10dPN0<0D0gm32ZRLNdQN0Qn51[PLOO1N0mo1OoPL0^n10g01E1aPN2j0Ljm10aRN0^m10bRN0_m10`RN0_m12U1OZQ2OinM0^N2TSNNll11USNOkl10lRN0\m50YRJ0bn=1cPB0QT`01ikA2O101OO2NdnTR3
20190605025430Lh_6,Ue`c16io1MXPN0en1N]RN4cm12ZRNKhm18P11N1M2M3O102O3NN03L02_OgPN?3[Obn11bQNONi0an1WOlQNd0Un1\OkQN`0Sn1@\QN2c02]O2dZY[2
20190607032610Mh_1,VSUR2<ao14K4N2O2lPNYOln1Q1MO1O2N1N20O01O10O0N2N3O01O0N20010000000O2O0N3N0O1O1O110O0O2N100O1001N1O10O1001O001O0O1K6000O2OVOWO]RNi0am1YO_RNh0\n11O0O1G9N1MB\QNCgn1;eQNZOZn1h0>CQQNJQo15<0H9iNFbRN=_m1NmQN:Wn1g0001M2O2L4N2O1O1N2O1O2M20000O10O1O1O0ZRNmN^l1n0aRNSOo03_l1i0gSNZOYl1d0iSNZOXl1c0lSNZOVl1d0f1L4FUQmg1
20190607032610Mh_2,]nXX18fo15M1O1N101PRNB]l1<aSNL^l10^SN4el1HYSN;Tn12O1O01O2M2N2O1N2N3N5I[R85amG5L2M3M3N2M201O1O001O00100O01O100O10O02N100O1O2N1O1O100O1O1O00000O10O0[FFfcN:Y\1HecN8[\1LbcN4^\1LbcN4]\1MbcN4^\1JdcN6[\1IfcN8Z\1HecN9\\1EdcN<Pf10O1O1N2O001O1O001O1O00001O001O0101N2O\HYOaXN201m6d0``1N^_N1b`11]_NOb`12^_NMa`14`_NKa`14`_NJb`14`_NJb`14`_NKc`1A^XN9Q75m`1CX_N<Vh1O10cJDU[N<ac1F[XN0R4:dc1FZXN0Q4;od1EP[N;Qe1DoZN=Xj110100O010000N2N2N110O100O1O1OALTQN3ln12oPNOQo13kPNNXi1J_\Nd0ac1^O\\Nc0dc1]O\\Nc0dc1^OZ\Nd0fc1[OZ\Ne0hc1YOY\Ng0_i10000O2O2NeH_OZ_N?f`1EY_N8h`1IZ_N3g`1MZ_N1g`1N\_NNe`12^_NIe`15f7JoV61RiI6J5\PNJWo1a0O0O10O1N3N1N?@Yj93eUF4_NLQSN8kl1JTSN7jl1KUSN6jl1JWSN6hl1JXSN7hl1FZSN:Wn100OlPNBgn1=YQNChn1=>OhSNGjh18SWNOih12nVN9Pi1GmVN<Si1EjVN=Ui1DhVN>Xi1BgVN>[i1BcVN<`i1E^VN8fi1IYVN5ii1LWVN2ii10VVNOfi17ZVNFgi1<XVNChi1KnSN5Z2Oii1KQTN3W20ii1LSTN1U23ji1HlVN7^l11O000O2dNLjRN5Tm19TRNYO4=dm1k0XRNVOgm1m0WRNROkm1n0URNPOkm1P1b002N4J8^OkSmZ2
20190607032610Mh_3,]RcY13ko15L2NHaPN2]o1MhPN0Vo11lPNOQo11RQNOln10WQN0gn10[QN0Zo1010QP60ToK0k00PPN0O1000O11gPNO`n11g01003NO000aPN0mn10a01001O]P40ToK0lPN1`o1010O100BNoPN0Qo30]P40RPJ0`Pb00]oM0TP@0O001N0_o5OdPJ000O0>0So10oPL0Qo10]P40RP20QPJ000\PN0Wo50QPL3ePNMZo15ePNKZo17ePNI^o14aPNM2OYo10ePN0Yo11YQNO_n10aQN0Wo11VOOdQN1Vo1O00VO0fQN0Yn10gQN0To10O2O00O\OOg023NN0[PN0Yo11cPN1^o10]PN1fo132M3Mknh^2
20190607032610Mh_4,anTX12io17LJcPN1Vo10oPN1kn11VQN0R1LTl14kRNOP1OTl11mRN2k02fNI\m13TSN2f0KlN5^m1NnRN5=N_OJXm1O^RN4=2;0FK\m10aRN5<MJN[m16XRNOa0LNN\m14XRN0=N0Nim12SRN44JXn1<gQNEYn1<dQNC`n1<^QNDen1;b0I^PNL80nn10mPN031Yo10ePNO]o15\PNMfo152M4LQPYf2
20200806072410Th_1,`cSP22no1O10O100O10001O0000000YPNMao13^PNOao11^PN0bo10^PN0ao10`PN0`o11_PNOao11_PNO`o12_PNO`o19aPNEWo1c0L\OkPNe0To15O001O001O0005K1O1N2O001N3N001O003M001O0000000O00100O100O100000O10000000O10O01N110O0100000000000001O000000O10000O00100O1O1000O100000O100000000O2O001O00000010O00000XOOi00QP20noM100`P8O`oG2O001FNcPN4\o1LdPN3]o1McPN3]o1McPN2]o1OcPN1]o1OcPN0^o11aPNO_o11`PNOao11^PN0bo1O^PN2bo1N^PN2bo1N^PN1io1000000000JM_PN3fo110O10000O100OJ0_PNO`o13_PNMao13^PNMbo15]PNKn00bm16V100000]QNJ\m16dRNJ\m16dRNJ\m15X1000001KWPN1S10in10^n35\QL101N10000O101O0gQNEml1;\100000O100000O1J]PNObo12_PNMao12`PNN`o12PRNKcl15\SNL`l1OQRN5^1M`l1OQRN5`1L^l10QRN4a1L]l1:bSNE^l1=aSNC_l1>V1ATQN`0ln1@TQN`0ln1ARQN`0mn1ARQN`0nn1@PQNb0Po1_OmPN`0Vo14101O0O2O00001O0_OgPN<^o10fQNBRm1>mRNCRm1>nRNBRm1>nRNARm1`0W1000O10O10000O1O1O101O2N1N1000001O01O0001O00000000000O101O00000000O10000000O101O0000RRNLPl14PTNLQl13o1O0000PRNNRl12n101Nh]f_1
20201228202510Mh_1,fZc\13ko14M2N1O2O00001O1dPNGon1;mPNHRo18nPNKon1d0O10O2O1N1O2N5K2O2M1O0000000000000010OO1000001N1O100O100O010O1O3M101Mjd``2
20201228202510Mh_2,R\Ub21mo13O0O2N1POLaQNN78Vn1KbQNN86Xn1K`QNN87Yn1LoQN5Qn1KnQN5Qn1LoQN4Qn1MnQN4Qn1MnQN3Sn1MlQN3Vn1LiQN4Xn1KhQN6Xn1JgQN6Zn1IeQN8]n1FcQN9FGRo19mPNKPo15PQNKPo15nPNNRo11oPN0on11PQNOPo12PQNNPo11QQNOnn12RQNNnn11TQNNln11VQNNin11YQNOfn11\QNNdn11]QNObn11`QNN`n11bQNL_n15f0O00010O01O1O1O00001O001O0100O\QNFdm1:ZRNIem17ZRNJfm11^RN0dm1L^RN4fn11000O2M2NPdTZ1
20210101202450Bh_1,]big27ho14L2O1N101O1N2N2N1O10N2N2O2MUo1GUQN5K3N10O0N3N2M4MRO5f05_OKRQN9ln1=O10N1H9N10100O11O00000OO2N3MBD^QN:bn1K[QN3fn1a03N101N101N2McNB^SN8fNEim1=]SNLfl18YSNEhl1=\12N2N2O1O01N2N2O1O001O02N1O2N100O2PQNVOfn1h0:O0O2O1O10O10O0000ZO[ORRNe0fm1GVRN:hm1HXRN7hm1HYRN9fm1D]RN<cm1D]RN=cm1C[RN>em1CZRN>em1CZRN=fm1DYRN;im1EVRN6om1MnQN1Un1OkQNNXn13gQNK[n15gQNE]n1;d0O100N3O0O11O0O100O1000O001N2O101N2N4K`djP1
20210101202450Bh_2,mbWU22mo12O1O1O001O0O1IJbPN8]o1600O1O2L5N0010O001N1000000000O100O100E\OYQNd0fn1<00O2OJXQNTO2Man1l0aQNWOMNbn1j0aQN]Oan1`0[QNEfn19[QNHdn11ZQNF29dn18]QNHan19_QNGan1:^QNGbn19]QNGcn1j0100O1O1O001K40100O1O10000001NJTQNZOin1f0[QNXOcn1g0bQNXO^n1g0>00BlPNJ[o14;IW^ff1
20210101202450Bh_3,YYWe07jo1M3OYP23loKK44Uo1d0@]O[QNc0Yn1YOiQN7L`0Yn1NdQNL]n1n01ON3N4L3O11N1N2M5^OeQNWObn1a0bQN]O_n1a0dQN]O[n1c0a00N13M7HAEdQN3Xo1M2NSgnX3
20210127110130Ch_1,b[ha24fo1O\PN3ao17O1J6O00KhPNDXo1;jPNDUo1<0EkPN:So1KiPN6Xo18001N10100O10O11AdPN7]o1IcPN6_o150O2OjPNDhn1<WQNEin1<VQNDjn1<WQNCFORo1=YQNFfn1:ZQNFfn1:ZQNFfn1:ZQNFgn19YQNFin18YQNGgn19ZQNFgn19`00O010L40O0100001O001O000O10nPNF^n1:d01000000O010O000100O3M1O1O00BLQQN2Po1OoPN1Qo1OPQNNSo11>01O\ekY1
20210127110130Ch_2,bYee26go15M1M3OJcPNI^o175000O101M20O01N0hPNEnn1;TQNGI0jn19^QNNan12`QNN`n12`QNN`n11dQNL[n13jQNKUn14mQNKSn12n00N3M3K5N12N2M3D_PN5jo1M_g\X1
20210127110130Ch_3,^_ok11lo13I7FKgPN7Yo18O1O1O0010O100N2O1O1OL@kPN=Wo1BjPN=]o10O00100O000O200N40O0N100O1M300O100N3N2O2M[adQ2
20210127110130Ch_4,[a_l11oo12OOQQN0mm12nQN6nm1KPRN7om1KnQN7Qn1KmQN6Sn1JlQN6Un1IiQN8Xn1IdQN9[n1JcQN5_n1@YQN1046<gn1EXQN;hn1DZQN<gn1CYQN=hn1@ZQN?So1O1LLHjPN6Uo1OhPN1Wo11iPNNWo13iPNMWo12jPNMVo12nPNIUo15]QNLSn12nQNNTn1OdQNNF4Yo1MgPNOY]jQ2
20210219230330Lh_1,TZU[11fX<3T`EMU^N8ca1I_WN1m68ca1K]^N5ea1Hj]N1dIN::fn1MYQN4en1OZQN0Rn1FWRN;FLYm1JVSN3I;FC^m14mRN1N:[m1IdRNN27Xm1ObRNM63Wm14_RNK;NVm1n0jRNQOUm1Q1mRNmNRm1U1nRNiNSm1Z1kRNdNVm1`1gRN_NXm1e1dRN]N[m1c1dRN_N[m1b1dRN^N[m1c1eRN]N[m1a1hRN]NXm1Z1k0O1O1kNfQNe0[n1ZOkQN`0Un1@mQN?Rn1@QRN`0om1]OSRNd0en10O3L2OODXO`QNj0^n1=O0000O1N1O02nIkNW]NW1jb1jNo\N\1Qc1eNl\NT1^c1lN`\N9iJ5ih1AQ\NNQK`09Ohh1@n[Ne0]KKim13XRNLfm1@lQN22;5:km1@SRN22?jm1@WRNON`0oi1XOeYN;lL=`i1XOdYN<kL;^m1FaRNLRj1GSYN>nLDRj1OoXN?ek11M2N201O0O1_O_OcQNb0\n1C^QN>cn196K5M2I6200O2O_OkPN8Vo1GkPN8Wo1FiPN:Xo1EhPN9\o1EdPN:ao101N3N3M\o54_PJ2N1O1001O00001O01O101ePNEPo1e01O5G4L5N2MfQ:0[nE2OO1OZn?0gQ@10N^P2OcoM3N2gNJdRN6el1MVRNM=6f00el10cRN3h0Lcl13dRN2j0K`l14fRN1k0I^l18hRNMbn13aQNI_n18d00N2O01N11O02OO010O1O1O2K5N3N10000ZQNWOm04fk1e0YSN[OP12hk1a0YSN\Oo03QONd01[j1a0RUN\O`16QOMQ2NXe1c0WZNBe1LTd1b0WZNAf1MUd1`0WZN_O`j16c[NH]^18aaNI_^16hYNLQn13oQNLRn14m0O3MmUNMYJ2io13VOLgQN5Yn1KgQN5Ro1O100N]k72TVFM_1Ngh15iUN0Y1L_M0`k11jUN3W1Mbj11STb0NXjG0^TF0jeVX2
20210219230330Lh_2,Z_al21no12O1O0001O00O2N2N2M3N101N1011N1O02O1N1O001O1O001O1O01O0O101N1O20O1O10O001O1O2M2O2N1N1O2NnP\11QocN101N2N1O1O2N1[OJ_QN7Pn1EnQN9N3Tn1T1O2N101N200O13M1O1N2N1O2N10`RNeNYl1[1eSNhN[l1LiRNT1k0RO\l1GnRNT1e0WOfl1i0YSNWOhl1h0XSNXOil1g0WSNYOjl1f0USN[Oml1d0RSN\OPm1c0oRN]OSm1d0iRN]OWm1e0`RNPOG=im1c0^RNDbm1<]RNEcm1<[RNEcm1]1M3O2_RNhMWm1Z2gRNhMXm19jRNd1Vm1[NkRNe1Tm1\NmRNc1Sm1\NnRNc1Tm1[NmRNe1Sm1ZNoRNe1Rm1YNoRNg1Rm1UNQSNj1\m1UNZRNj1fm1WN\RNf1dm1ZN_RNc1am1\NcRNb1Qn1L1O2O0O2N2N1O1O1O001O1O1N3N2N1O002ZORQN7nn1D[QN7Xo1O1O1O1N2Nb]\j0
20210607142350Bh_1,l[[j12lo12]PN1Wo1NePN=:CINI0bn1a0eQN3Xn1k0N2O01O011cNjQN?So1EmcnT2
20210627163630Mh_1,kbjZ11mo15L4M3M20O1O1N100O10001O0010]OJYQN6fn1MXQN3gn1OXQN1hn1OXQN1in1MXQN3\o1O01OO010O1O001OROLQRN3Pn1MoQN3on11O1O001O1O01O010OVOJjQN6Vn1LiQN4Wn10dQN0[n16`QNJan18\QNIcn19[QNGdn1;[QNEen1<ZQNEdn1=[QNCen1<[QNEfn17]QNIdn15]QNLen10\QN0fn1O\QNOdn11[QNOhn11VQNOkn12RQNOnn11RQNNon13oPNMRo12oPNNPo12RQNLon14QQNLPo11QQN0Po1NQQN1`o100000O0001OZOM_QN3`n11\QN0dn12[QNNdn11^QNNcn10`QNMbn12_QNLcn12h0N^\[`2
20210627163630Mh_2,e`_l13lo13L200O100000000000000000O10000000O2M201O001O001O1O1O001O01O00O10000000000O010O100O10O01O0100O100O1000O10000000000000010O01O001K4O2O00001O000O010O010001N2O2N00001O00O0100O010000O2N1OKFfPN9[o1HdPN7]o160O102M2O00000000O1O1L4O02N101O01O01O0O2M^PNGao176KP`Vl1
20210627163630Mh_3,gfiR2175Zo1;L4J5N2N3M2O1N2H8GeNgQN_1Xn16O1O01O1K5N4\O`QNAjn1N_QN1Xo10000O10000O2N1O1O2N2NWP60koI0O0I0]PN1co10[PN0fo141O0100000000O1FJjPN5Uo10fPN1[o1:O1iPN@nn1`0SQN_Onn1a0QQN_Oon1b0oPN@Qo1`0mPNATo1>lPNBUo1d01O01000O2O1O1N2O0O100O1O1O1O100O1O00001O0O3M2NWP8MmoG000no12QPN1N7I2M2I7N1O1O100N2K6I7L300O11O5K4K5UORQNM42do1MnW^f1
20210627163630Mh_4,W_YU1b0\o19eQNYOnl1l0iRNDjl1c0QSN_Oil1f0XSNXOfl1k0[SNTOal1m0dSNnN\l1P1lSNiNUl1U1\1D6N512EUQNBkn1?:1gQN_ORm1a0PSN^Ool1?kRN@`m1=]RNN^m10aRN4]m1MaRN6^m1IbRN7_m1HaRN6bm1J_RN4cm1K^RN4lm1MiQN3Xn1OcQN5\n1MfQNO]n1DQRN8Z_Pi2
20210627163630Mh_5,djPS12lo17D?E6L2N2N7J3K3KPOnQN:Rn1EPRN:Qn1EQRN8om1GWRN3mm1CaQN3d02gl10fSN1FIil1=o12O22JSWik2
20210627163630Mh_6,nfV]12mo12O1N2O1OJYPN4fo1L[PN4ho11O00O1MWPNNko112000QP40ooK001O010O00001O000XOMcQN3\n1ObQN2^n1OaQN1_n1OaQN1_n1O[QNMF6nn1M\QN8dn1H]QN7cn1J\QN6dn1K\QN4dn1NZQN2fn11WQNOjn11TQNHJ4So13SQNIK3So13RQNIL4Ro13RQNHM5Qo14VQNLjn14VQNLkn13UQNLln15SQNKnn10VQN0jn1OWQN1jn1NVQN2\o1O010ON20100O001O1O0_PNJYo17hPNIWo17kPNGTo19mPNGmn11nPN7\o170O101O0ONDbPN<]o1EcPN:Yo1GgPNO0:Zo1HePNM0;\o1GgPN9Yo1GhPN7Yo1HhPN7Xo1JjPN3oXU^2
20210627163630Mh_7,Ta]a15ko10O2N2O2N2N1O01O004L2M3N2NoPNOQo1101N100101O0O\o11bPN2N2N2O2ZPNFbo1=N2O1N20O010O001O000001O001O001O001O0O2ODkPNNTo12mPNNRo12PQNMon12SQNNln11VQNOhn1JQQN274en1McQN4[n1LfQN4Zn1MeQN4Yn1MgQN3Zn1GUQN2`08Zn1GVQN1`07[n1GVQN1`08Zn1GVQN1?9Qo12O001O0100010O31N0H^PNNfo1L]PN4io1O00OO1O1OZ]hY2
20210627163630Mh_8,hklR18io1O0O3LRQN9en13L4J5gNZOTSNj0nm11NMSNXO\TN0SOd0ln1G[NEUTN1_l1OXRN6HOgn1N\QNO44dm1K^RN4K5[n1JWR6MXnI5<3O2O01N4GWPN2QS_k2
20210701163730Mh_1,ecj`21no12[ONZQN4dn1L\QN5Wo11O0000000000O2ObMOnTNOPk15oTNKoj18\2001O01OmRNFaj19d2O1O1O1OePNMjn12VQNOjn10VQN0kn1OUQN1kn1OUQN1ln1NTQN3ln1OSQNOnn11`01O1O1O1O2O2YRNEck1<]TNDdk1;[TNEgk1:XTNGik18VTNHkk17Q2O10O1_RNIVk17iTNKVk16hTNKYk13gTNMZk13fTNL\k12eTNM]k10eTNOgm1Okoa00am]O3TUNOUj1OQTN1j11Tj1NRTN1k1Okj11UUNOnk1O`13M3N1O1N1mQNG`l18_SNIal17_SNK`l15`SNJal15_SNL`l14aSNKjj1NWUN7kNId02Zk1NWUN7jNKd00Pm15\RNLd0NPm16\RNLhn14XQNMhn13XQNL<M`m18URNJ<O]m17XRNHfn19?10001O001O0ZNIcSN7]l1JcSN5]l1KcSN5]l1KcSN4_l1JbSN6Tn1000000O10001O0001O100UNGmSN:Rl1GmSN9Sl1HlSN9Sl1GmSN:Sl1DoSN;km1100O1O001O0[QNAim1?VRNDhm1=YRNBfm1>ZRNCdm1>\RNBdm1?[RNAik1OVUN`0QO@fm1`0m001N3M2O0O2O0000JIcPN7\o1JdPN6\o1JePN5[o1KfPN4Zo1LgPN4Yo1KgPN5co10O100[OI_QN8`n1HaQN7_n1IaQN8^n1GcQN9Ro10010OcMKPUN4Pk1MPUN2Pk1NQUN1Qk1LVSNNX17Tl1LkSN3Ul1MkSN4Tl1LmSN4Rl1LoSN3om110OnNI\RN6dm1J\RN7fn10SOIRRN6ln11O0010O`MNRUN2nj12^SNHi05ik13_SNHh04hk16`SNEi04gk18_SNDj05gk17PUNHRk16nTNJVk11kTNOdm1O1O1NSnQ12kQnN4M2M100O10NPR`0Jjn]O0\l1NdUN3oM1[l1LgUN2nM4kn1KVQN5[o100O2Na[aQ1
20210701163730Mh_2,dl\c23_k12[44CJiPN8Vo1IhPN:Wo1DhPNa0Uo1^OjPNf0Wo12O0O1N2L30[OTQN8jn1FZQN;cn1E^QN=_n1CaQN`0]n1@bQNa0]n1@aQNKM`0cn1A`QN01>\n1BcQNO9;_n1BeQN=Qo1N[SNH`MMak1;lVNH`M2Yj1KeVN:R2FdL5cj1KhVN;T2Gbh1;RUNDXm1a0cRN_Oml11eRN>Zn1CgQN?Un1@nQNc0k0]OWl1f0gSNYOek1ObSNk0e0UOhk14fSNd0=[Omk12eSNf0=UOnk16eSNf0bm1TOcRN0YOe0Xo100M4^OcPN6go1MQRNNRl10QTNORm34kPN1QMLnUN5Qj1MnUN4Pj1LQVN4mi1LUVN6jl11kPNH_n18^QNKan14aQNM^n12cQNO[n11fQNOYn11gQNOUk1J[WN7_M1Tk1J\WN4aM2Qk1IaWN4_M2kj1NcXN0^g1NeXN1[g1NhXNN\g10Z4OaR<0amC1M1oQ`0NWn_O0_RaW1
20210701163730Mh_3,e\[S17[o1d0G5N4ZQNUOPn1n0kQNTOVn1[1:1HN0000O2O1N3O2M2O14LbRNVNal1o1RSN\NTm1[1iRNjNUm1U1iRNmNVm1P20NdRNaM]m1X29L3M4M3M3M2N2M2N3NgNcNPTN<YO1fl1GoSN6AMal1GTTN<Yn1K6IRaZj2
20210701163730Mh_4,\_Ug18eo1>E2M3M2@TOiQNn0Vn1TOhQNk0Wn1ZOeQNg0Zn1`0N11N0CdQNQObn1k0;0200O1O10aQNWOgm1h0[RNXOem1f0o0\OgPN8`o102L4MYaZW2
20210701163730Mh_5,ihZR11lo15L3N101O1N13M2N2N1N2O00O1000001O00001O0O1L400001O010O01]OF^QN:bn1H]QN7cn1L[QN3fn1NXQN2hn1NYQN2fn1N[QN1en1N^QN1an1JoPN1b05Vo110O01O010001O00O001O001O1O01N101O004KhVUj2
20210701163730Mh_6,alPQ33no11ONPn1OnQN6O1O02K_Pd02ao[O2N3N2M:F100O02O01mPN[Ohn1f0UQN]Ojn1m0N7H7ICeQN[OXn1g0gQN^OTn1GlQNX1Wm1cN[SN4@]1ol1aNQSNM74L^1kl1`NPSN19OO_1nl1dNTSNI2i0IGPm1GkSN;WOMPm1GkSN;SOOSm1DlSN>oNNXm1@jSNb0nNNbn12]QNNgn1NYQN:an1E]QN=cn1b0ON2N8^OVQN]Omn1a091N2N2N12O2O5I3IaPNHbo12mRUk0
20210701163730Mh_7,j\kZ21no13N2N00N4MYP<0goC101N1O100O2OO1000O01O1000O0100000000001O0O2OO0100O2O00O100000000O1000010O01O100O12N2N00O0100O1O0O0MVPN0jo12VPNNko1210010N10TP8OdbX`1
20210701163730Mh_8,eh`c21UPb00VPH0foG0cn34WQL0dQNLll14_1LWPN3a1Mel10jQN2jo11^QNNUOO`n14_QNLR12Zl12ZRNM;O3090ol15`SNKWm15`1MM1TPNNgo12]PNN`o13aPNL`o12aPNN\10bl12lQN0d1Nhl32aRLNTo11ooMO01YUWZ1
20210701163730Mh_9,d\[S1170TP61PQ:OTmG0hQJ0eQN0kN1[O1VP4NYj71\UF3ON1O^T8OYlI8YnMIl022NeLOnT26[nM2cMHnTN9oj1IPUN8Pk1HYTNORO8gl1IXTN0oN8Y2LVMJUj12QXN9c0O[g1HSXN2h06Vg1GV[N:kd1EU[N;Xj101O0M]PNIco157LVl90kSF3_O2lPNORo16jPNKTo1a02F>Ilc^h2
20210701163730Mh_10,X[cT11no11M3O1OKYPN3fo1M]PN0co12[PNNdo14[PNLeo171O00]PNL\o13ePNNYo13hPNNVo11kPN1Ro10nPN1Po1OQQNLH1Uo14TQNOin1KnPN69LHNSo16VQNJJOPo17c0000OOZPNJfo1440O1001O1000O1O0001O0000aPNLRo14<1000000000000LK\PN6do1K[PN5do131000002M2O2N1OYePh2
20210701163730Mh_11,]\ga26io13O00010ZOI`QN8^n1L]QN7an1K\QN6cn1L\QN4dn1L]QN2en1LaQNMV1Ock1OTUN2[m10_o=MbPB4OO3N^n10QSLNVm12fRN3bn11N3M2N2M2N3O1hQN@Yl13nRNa0Zn1CaQN=an1C^QN9fn1H\QN1gn11ZQNIln15b0K6La12[N32KYb^[1
20210701163730Mh_12,S][]21oo1000oo30QPL000eQ21ZnM1O0O2M3N1EImPN8Ro1ImPN7So1JlPN6_o1O1O1O100000O101O0O2O002N1O1dNDSSN;nl1DjQN0U1<Sm1DnRN;\n101O0O1O1M02010O1OhNMeRN2[m1LbQN0R14\m1KdQN0P15\m1KdQN1n04_m1KcQN0n06_m1N`RN4am1J_RN7cn12N2OO1O2N2HTP6NRPJ4N2VOJgQN8Zn1IdQN70Jem13VRN46Kbm13URN2:Icm15SRN1;Jdm11SSNN`n1O100100[aR^1
20210708060030Lh_1,WbZS11eo15`PNM\o16cPNK[o16701001N1O3N2N2O0N3N2ON5LO1000@dPN:bo100O01O0O01O10001O00000000VOFWQN0e09Tn1KSRNLnm12R1OV^]j2
20210708060030Lh_2,UbYR32mo11000OjoQ10VPnN2gN1`RNN_m14`RNKam19Q14L4L3M1O1oPN\Oen1c0[QN\Ogn1c0;01O2N00O1N2E^OVQNd0hn1<M3N3M2N2O1O000OGaQNSO^n1l0hQNPOVn1R1;0000001N100O1000010O1000E_QNWOan1h0aQNWO`n1f0bQNZO_n1d0bQN[Odn16fQNI\n15eQNJ]n14j0N2Ngn=2TQB8J3N1N010O1N2M3O10000001O0O2N1L5M2O1O1NQTNHZh17dWNL\h13aWN0ah1M^WN5Ul12O0010O0001N1N3iJCiZN>Ve1GfZN9[e1O[ZN2fe10VZN2ke1OlUN@l3a0Yf1<cYNC_f1=aYNAaf1>_YNBbf1:bYND_f1;bYNC_f1<cYNDZf1?fYNAYf1a0eYN_O]f12hUNFd3NVL<]j1OmYN6Tf1DSZN:jj1O1N3L6Jm^`e0
20210708060030Lh_3,\eam12lo13O102M100]PNK8Mbn1:TQNJ:NDOin19XQNL9Nan1a0]QN^Odn1c0[QN\Ofn1e0;0O001OEkPNLTo13nPNLUo11lPNOTo10lPN1To1NlPN3To1LlPN5To1JmPN5So1KnPN4Ro1NnPN1Qo10PQNNPo13oPNNPo12oPN0Qo1NPQN2Ro1KPQN4Po1KRQN4on1KRQN5]o1O1O1O00100O010O001OYONb0700O11O3M2N\Z`o1
20210726041650Uh_1,YYgS12mo12M3O1N3L4iPNFan1`0ZQNF`n1P1M6K2M1J^NmQNe1om19N1O1O00hNURN<jm1B[RN;em1E^RNEK0gm1:`RNDL0dm1<aRNCL0cm14lRNIC2am12QSNHA6]m11eSNOZl10iSNOWl11iSNOVl11kSNNVl12jSNNVl12iSN0Vl10jSN0Vl10jSN0Vl11jSNNVl12jSNNVl12kSNMUl13lSNKUl15k1000010O0000000O10000000001N100001O010O001O0000001O001O010O1O010O0010O10O010O10O01001N100O100O2N1O2MdPl01[oSO3N2N2N1O101N2O0O010000O2O000O2O1O1N1000000O1O100O0O3N1N_eVd2
20210726041650Uh_2,jXW`17io11N2N101N010O0010O101O001O0O10001O0000000001O001O001O0010O01000O100O0100O0100O1O010000000106JO0010N3N:F0000OgQNWO\m1i0]RNUO^O6Un1d0\RN@fm1?XRNCmm18RRNAA0`n1<oQNCDN`n1=lQNLUn13lQNLUn13lQNKVn14kQNGZn19h02M06I10O1O10O01hPNGhn19VQNHDOVo18SQNNln14PQNNQo1`0010O001O2O`N_OaSN?^l1DaSN<^l1EjSN2Vl1OnSNKTl15l11OO2M2N3N1MbfnY2
20210730044930Lh_1,\fdk16ho13N2M4N0YMBlUN?Sj1AnUN>kl100N8Gal5M_SJ7M4M3N0O001kSNAhh1?gVNBhi1>XVNBii1>VVNBki1=m201NWSNDPj1;m2N1NmPNI_n17^QNM`n14_QNLan14^QNLf10aj15hSNKg11aj14jSNHd14cj16nUNJRj18lUNHTj1;iUNEWj1<g20O0001N2N2N101O11O1O5K02N2NZODgQN;Yn1EhQN;on1O1O2N2N1O2N1NRQ`02ln_O4ZN2TSN0il11XSN0el11\SNOdl1O^SN2Xn10O10O1000000O2O001O01O01O000001O000000O1O1O2N1O1MkYSn1
20210730044930Lh_2,hZ_i11oo10mW61UhG0jo15N002O0O10O10O1000O10O010O0001N2O1NXom1NjPRN2N2N1O1O2O000O2O000O100001N101N2N2N2MbnS14ZQlN6L2M3N0O2O0O2N1O1O1O00010O01O010O100O100O0010O01O0O1010O00000001O01O0000010O0010O001N100001O001N1O2O01O1O100O2O00001O00O101N100O2O0bN@\SN?bl1G[SN9cl1J]SN4cl1NdSNI]l18e11O1O0001O001O0000000O1O1O1O1O001O00001O010O102M3Mdmk00\RTO2O0010O1NinQ1NYQnN5L0000000O10001O0O2O0O100O1O2M2O1000000000O2O1O1O1O1O010O100O00100O1O1Nioe1J]PZN3M10000_oc1NbP\N1O20N101O1N`fna1
20210730044930Lh_3,]gjV31lo13100O0O2Omn55nPJ2N2O3L200O1O2N01O02N0001ND@ZQN>en1D_QN7`n1K`QN4BMcn12kQN0B1`n1OoQNOB2^n10PRNNB2^n1OQRNNA5]n1LSRNN@6]n1MSRNLA7[n1LWRNJ_O:Zn1L^RN4am1M_RN3am1M`RN2`m1O_RN2`m1MaRN3_m1MaRN5]m1KbRN7^m1HaRN9_m1GaRN9_m1GaRN9_m1EdRN:an1O101N10001O4L3LZXme0
20210730044930Lh_4,cYad22mo12FMfPN2Yo10hPNNen14_QNOLOan14aQNNNN_n17bQNLin17UQNJin18VQNIhn1:VQNGgn1j0M3N2O1O10TO]QN:cn1EaQNMJ0fn12eQNHJ3`n15QRNKom13SRNNkm11WRN0hm1OYRN1gm1NZRN1gm1OXRN2hm1NXRN1im1OWRN1im1OWRNOkm11WRNLjm15P1O1000000O1O10fPNNfn11ZQN0fn10ZQN0en11ZQN0fn1O[QN1dn10[QN1en1O[QN1dn1O]QN1cn1O\QN1en1N\QN2cn1N]QN3cn1M\QN3dn1N\QN2dn1N\QN2dn1M\QN4dn1L\QN4dn1L\QN4dn1L\QN4dn1L[QN5en1J\QN6dn1K[QN5en1K[QN4fn1LZQN2gn1OYQN0hn10XQN0hn10XQNOin11WQNOin11VQNOkn11TQN0ln10SQN0nn11QQNOon11PQN0Po11nPN0Ro1?001O01O01O0100O1O100O1001N101N100O100003M02M10010O1O2N1O1O0O1O100O1O01OO2O1L3N4MkfdT1
20210730044930Lh_5,dbhf21oo100000XQ20hnM0an91]QF2O1O1O1WQNJfm17RRNKZO0cn16RRN0nm11QRNOom12QRNMom14PRNLQn14nQNKSn15mQNKTn14lQNLVn13jQNLWn13jQNKXn14jQNJWn15k00O000010O0001O0O100000000000010]PNI[o17ePNI[o17ePNJ[o15ePNJ]o15ePNJZo17ePNI\o167001O010O1O0100O10O10O1000O010O01O01O01O010O00BLQQN3on1NQQN1on1ORQN0on1OQQN1Po1OPQN0ao1OQo?1nP@00000SQ`0Non_O0O100O1000O10O1000O100OQP61ooI01OioS31QPlL7N1O000004KQPT1NSPlN0O10O001N10k\el0
20210730044930Lh_6,]j\h12ko14O1O1O1O2M3N1O0001O010000O13MO10000O1O2N16J20O1M3OO1N1O2N1N4LhTcU2
20210730044930Lh_7,^cjk11oo11O0VPN0do10[PN3do17M1O1O1[OCfQN<Yn1GfQN1ANin12UQNM=0H0dn10^QNO[o10iPN1So1OPQNOPo11PQNOPo10PQN0Po10hQN0oN0[n10eRN0nN4ao1M_PN3\n1LdRN3mN2`n1KbRN:_m1F`RN:am1G]RN9em1GZRN8im1HTRN8Xn1G^QN1_O3mn1LQRN2om1NkQN0\O0kn10hQN0]O0Vo10:0SQN2Vo11ONWo3OmP20ooI0`P60boG3Zo1MVQN1jn1OVQN0Xn10jQN0dn13c03XQNJbm16T13NL4NPQNMUn12nQNNYO0_n13_RNMam13ZRNMTO0bn11]RNOoN1b[cP2
20210730044930Lh_8,Welo14ko1O3N1010000000`P:0UoE0ePN0fo1000io30fP40aoG0O1O3MOKM_PN3bo1M]PN3do1MYPN5ho113LgYom1
20210730044930Lh_9,\ZYW22mo12M2O1O1O10I\PN2do1M80YPN0^o10bPN0^o10bPN0^o10bPN0go10F0dPN1[o1OfPN0Yo11gPNOYo10iPN0Vo10jPN0Uo10lPN1Ro10nPN0Po11QQNOnn11TQNNkn11WQNOin10XQN0gn11YQNOgn11YQNOgn11d001O0100O1001O^PNOSo11nPNORo11mPN1Ro1OnPN1Ro1OmPN1To1NlPN3So1NmPN1To1OkPN1Uo10jPN0Vo11hPN0Yo1:1E_PN6jo1K101Non;OSQD0YQ21fnMO1000`o51[PJ5N1N111O0OI]PN3co1L`PN2]o1M_PN152[o11ePNN[o13ePNM[o1<00O00O1L`PNI`o16420O10O02O0N2O1O2N1O1Oio;4TPD4L00I]PN1Uf\b1
20210811072510Th_1,`ldR13lo12O0JO]PN0co1510O3L4VQNC[ONan1`0RRNGmm19TRNM8C_l1?VSNA@0O:k0F`l1?VSNA@?Wn1NZRN6hm1GYRN7GCbm16eRN4IN^m1OgRNN06Xm1MaSN5`l1HaSN8Un1O000010N2N1N2O1OO:F101OO102N2OO00001O001N101O1000O1O01O000000UMHnUN8Rj1HoUN6Pm1N3LVQQj2
20210811072510Th_2,X]mo2210io1OZPN0eo11[PNOjo50SPJ4ho14N1O0O1001N101KZPNNfo115Om00SO2O3MJYPN3go1M\PN0do11[PN0do11[PNNXo10hPN3co17O1O1N2O1O010O102M^OfPN?]o106I20O4L1O01O1O1O00002N2O0O1O2Nbanl0
20210811072510Th_3,Ye^R1<`o16J6IIXQNCdn1;aQNDYn1>lQNASn1<PRNEUn13oQNKRn13PRNNlm11XRNOgm1OaQ62aoI5L2O3]PNE[o12fPN1_o10bPNLL3_o12:01N2Njo72ooG70GbPNOdZek2
20210811072510Th_4,YmPS12lo10WPN030Zo10kPN3To1MoPNO`00bm12aQNOgo1OYPN2Z1NUn12`0NZO1>O[PN1ZP6Oeo70moC020bPN0^o70foc00XPVO0[P60`oK0YPL0nPSj2
20210811072510Th_5,h]kP33lo1OUPN0jo10VPN0jo10VPNOZP20foM1ko1OUPN4ho1LYPN3lo1MTPN0lo10UPZ10SoeN2e00WPNNho12WPNOjo10VPN0jo10WPNORbnl0
20211119005210Mh_1,o]Va1?ao15J3N1O3M1N5nPNXOdn1R10O1N202N^QNnNXn1P1eQNTO^n1U1RRNeNYm1X1iRNhNXm1U1l0POWQNe0So1N200O2O61J20N1OOO1O2M2O11ON201O05J0100O2N2OePNAWo1=ePNJWo1?001O1N3M2MRNC]TN=bk1DVTNN[N22;^m1EUTNc0kk1]OYTN?fk1B[TN<`k1K_TN0YNGYm19[TNOnk10Q20Rb[[2
20211224120130Ch_1,UXUU23jo15M001XQNIfm17ZRNJfm13WRNKXO4eo121O10]NKYSN6dl10YSN1dl12ZSN0cl11^SNNbl11_SN0`l1LdSN8Yl1EjSN<Sl1DnSN=Rl1BoSN=km1O1O010O1O1O1N01KGcPN9\o1GePN8ao1010O1O000O10O1000000000001N101O2M2Nho11_PLNdo18jPNK`n16_QNL_n14aQNM^n14cQNK[n17eQNH[n17gQNGWn1<jQNCUn1?e001N2O10O001N2N011N1^QN^Oem1d0\RN]Obm15fQN0m0MYm1MiQN4Y1Nan110OYPNNjo12ZfZf1
20211224120130Ch_2,jdb^21Xn55lQJ3Wo1a0K8H3N1:E3M0OQRN]Obl1b0RSNATm1c0iRN@Tm1b0kRN_OTm1k0aRNYO_m1f0VRNFhm1\OURNe1\n1C5K6J7E2XOdQN2]m14i1MS]m_1
20211224120130Ch_3,mWcP33ko11Wo5OkPJ0TQNOkm1OVRN0U12fm11O1O001YMM`UN2^j1OcUN1Vm1100O001PMLRVN4mi1KUVN5kl100O1000O0oLKXVN6gi1KWVN6il11O0002M3LPm32PSL20NQQN0Qn1MmQN9kn110N4LaQN0bm1NmQN6nl15mRNNKOVm15PSNNEJ_m18nRN=Um1AlRN>Wm1^OlRN`0Zm1XOkRNc0bn1]ObgZl0
20211224120130Ch_4,Q^i_21oo10PP41PPLOf01YO001N2O000ZOL`QN5^n1LbQN5]n1KcQN6To10O0001O10O01O010O01O001aPNJSo18iPNJWo16gPNKZo15cPNM^o1:000O100000001O0000000O01N3O0000000000001O1O1O14K2O1N10O1O1O1O0[O@jQN`0kn10001O002N:F2NioU11UPjN1N2M301N10O100O100O100000JKaPN5_o16O2`PNCZo1b0L401O000mPNYOmn1m0010O000O2O001O0O100000O100O0100002N01OO100oNROPSNn0ol1SOQSNl0Rn100O01000000O1000O100O10O10O10000O10O10OQQNUOkn1k0UQNVOjn1j06MUQNYOcn1g0]QNZObn1e0_QN[O`n1f0`QNZO`n1f0`QNZO`n1f0aQNYO_n1f0_QNYOen1g0YQN[Ogn1d0ZQN]Oen1c0[QN]Oen1b0\QN^Odn1b0\QN^Odn1a0]QN@bn1?_QNAan1>a00O10O1000O100000001N010O1O1^OZOiQNe0Xn1]OfQNc0[n1]OeQNb0[n1_OdQNb0\n1^OdQNb0\n1^OcQNb0^n1^OaQNb0_n1_O`QNa0an1_O]QNa0en1_OZQNa0gn1_OXQNa0in1_OUQNb0ln1_OQQN`0Ro161N2N110OJ320201N1O10000000OJkPNCUo1=kPNCUo1=lPNBTo1>lPNBTo1>lPNBSo1?nPN_OSo1a06@iPN7ao1O2N2M3NlaTR1
20211224120130Ch_5,i^gi21no90QPH0000000000000dPN0hn10cP40QPL0oo50QPJ0oo10PPN0dP60TRJ1VM6J2O2N1cLDVWN<ih1DoVN3PM;ok1BQWNg0Rl1200000000001O1O2N1O00mL\OkVNc0Yl10000000eL^OWWNc0Sl101O001O0000001O01O000000000O100O2O0O100O100000000001O0EiPNMWo12kPNMVo12kPNLWo12jPNNVo11lPNNUo10lPNOUo10mPNOSo11nPNMTo11foe00gPZO2O1O0O10010O2N2M2O10O000001O10O010O001O1O00001O001O0O100N200O1OonS2NRQlM2M4N1O2O0000000000000O10O0100O010O10O10OO10100O01O10O010O0010N2N2N110O1O1I@mPN`0To1AjPN`0Vo150O100O2O1O1N101N103M00000000010O100O001O0000001O0000000000000O10000O10000O10000O10O1O1O1O1K5O01000000001O000010O0000000001N100O2O0O1000O2N1J7M3ISadd0
20211224120130Ch_6,odo[23ko14WPNN`o1;N1O3M1N101O0O011O0000002iPN]Omn1l0O2O01N3MHTO\QNl0dn1UO[QNk0dn1:O2N000001M3N3M2N2O0O2O1O002O2M1O001O1O1AgPN4Zo1LhPN2Xo1NiPN0So1KjPN64LSo1;710000000O101O010O01O01O00001O0O1N3N2O1M3LiZh_1
20211224120130Ch_7,o\U_12no11N1001NXP6OhoI0TPN0ko11UPNOko11UPNOko111100TPNNjo12VPNNjo13111M200OH07100O100N2000O0010001N100001O01O0001O010O0001NhoS10ZPlN0O0UPR21jomM0N110O1bPNMon13?NUPNOjo1211ZPNO]o11bPN0]o11cPNO]o11bPNO_o14^PNKco15^PNIdo163O_P4KfoK2O01O00mbVY2
20211224120130Ch_8,P`fi21no12N1N110000001O001O001O01O0001O00102M0101N00100O010O01O01OGLfPN4Zo1MfPN2Zo1OePN1\o1OdPNO]o12cPNM]o1O`PN13N_o1O`PN2jo110O00O11Om_eS1
20211224120130Ch_9,]ZoP35ko1LXPN0ho10YPN0fo10;0eo10[PN0eoa00TP^O0XPN0]o;0]PF0RPN0Xo?1ePBOPP20joM0[PN3^o3M[PN0N0B3igZl0
20211224120130Ch_10,Y_ce21coi00[PXO0100000Q10om10P20Qn=0nQH0RnG0nQN0Qo10on?0PQF0QPJ0nPN0Tn10iQ>0RoE0WPb00`oM0\P^O0PPN000ko;0nnC0]RN0an;0VPH0QPN0Qo30mQJ0Ro10Wo10kPN00000PP20N1PPN1gPNNen11d01ePNNin10XQN0hn10m00QP40`aRR1
20211231180850Bh_1,kY[[23jo14O001O001O000000000000O0100O1LGaPN8`o131O010O1000O1O1N1010O10000000000O100O1O100000O1O100O2N1O1O1N2O1O1O2N010O00001O101M2O00DPQNIQo14SQNGKLTo1;TQNFmn1OlPN7ao11_PNHao18400O01KHaPN9^o1410O2N10O010OO02O0O200O2N2N1O1O1O1O1N2OjgP_1
20211231180850Bh_2,o]We24io13N2N20O01kPNFcn1?VQNFgn1<RQNA081Fcn1U1\QNmNcn1Y13L00O013MoN]QNg0bn1SOdQNl0]n1QOfQNm0gn101O103M0O100O8G1N3L33N0ON3N100LYPNOho1OXPN1PafX1
20211231180850Bh_3,kaTX22jo19XPNF^o1g0E4M3O1M2N2XQNmNbn1U1[QNnNdn1X1JgNbQNY1]n16OO12NXOhQN[OM8[n13gQNAd04gm17iQNDSo1=80N11L4O1010o^[f1
20211231180850Bh_4,ahXU13io16M2O0O2O11O1O10N3N0000001N1O03N0O0010O1O0000002N3M2N000O100000000000O01O1OEjPNNVo11lPNMUo14kPNIWo17lPNEUo1;801O0000dPNETo1:lPNFUo1990001O1O001M2N3NTWUg2
20220124155050Bh_1,icnf132Oeo1?G3O0O1O1O2O5J2O0O7K0O001O4YQNfN_n1a1M0O`NdQN]1`n1O2N10O5K2N2N002NaNiQNY1Un1cNnQN]1\n1N2N2O1UO[QN7jn1[OVQN34`0Wo1O0100O0O2O000O002N00013M3M3L1O0011N002N2L3O1O1O0O2O1O001O1O01O0002N1O2N001O010O100N2O001M3O]YST2
20220124155050Bh_2,SfQo13lo12O1O2M2O1O1O10O01O0010O1O_PNE]o1<aPNF_o1>0O10O01O000M`PNF`o1:aPNE`o11_PN5io1O1K[oo51cPPJ0YPN2fo1NZPN2fo1NYPN3go130JYPN3go1MZPN2fo1NZPN2fo1NZPN2fo1N[PN0fo10ZPN0fo1O[PN1jo1010O0YPN0^o10`PN3`o1L`PN4`o1L_PN6`o1J`PN6eo11O01O01O0001O`PNJWo15hPNMYo12ePN0Zo10ePN4Yo1KgPN7MF01So13oPN>Qo1AnPN`0So1@kPNa0Uo16O1O1O0000001O00000010O4L1O1O0O3N1O0O2N2@bPN204co1J`PN4fo101N101NUYde1
20220124155050Bh_3,na`o02mo11O1LM[PN3co10\PNOdo1430O100O00100MH^PN7^o1IcPN1O5_o1JbPN1O4`o1KaPN1O4_o1MaPNO04_o1M`PN004`o180O100O1O2N3N00001O0Joo;0WPD010O3L2O1N1O1O100O1000O1002M1N2dPNCUo1=kPNCUo1=jPNEUo15iPNK20Uo15iPNJ32So13TQNLmn13SQNNln12UQNMln12UQNMkn13VQNKkn16?0VQNJjm16URNKkm14VRNLim15WRNKim15Q1O2O00001No^ok2
20220124155050Bh_4,ZY[]19bo17M3M2M3O1N2O000]TNZOkg1g0SXN\Olg1e0RXN\Oog1d0PXN\OPh1d0PXN\OQh1c0oWN]ORh1b0nWN^ORh1a0oWN_ORh1`0nWN@Sh1>mWNDRh1<nWNDSh1:mWNHRh17oWNIRh15nWNKTh13mWNMTh11lWNOWh1NjWN1[h1IgWN6Rl1O1000O01O1O2N100O1O1OUmW22cSfM0]n13`QN2[n1OcQN4]n1KbQN7^n1HbQN8Sl1FeUN2WN8Sl1IgUNKXN<Pl1KYVN4gi1NXVN2gi10XVN0gi11YVNMii13WVNKki16SVNIPj16PVNGRj1;bUNCPNNal1?]UNHkj17lSNH23Sl13lSNNLO\l1OiSN3JNcl1GeSN=FLhm14XRNKim16URNKjm16VRNIkm17URNHlm18TRNHmm17SRNHom18RRNDQn1:m0N2M4LafT\2
20220124155050Bh_5,jclf12lo1OWPN1O00O_o10PQN2in1NZQN1fn1OZQN0fn10[QN0dn10]QN0[o16POJlQN1Tn3OnQL1UO0ko10jNO]RN0bm11^RNObm11_RNO`m11dRN1fN0[n10a112MSPN1jo135L[QN0Wm10iRN0Vm10SS40\nK2^NNRSN0dl10mR60]nI3dPNMn00jm10XQN16O<0\o10YO0f00fPN1an1OaQN0_n10aQN0^n11bQNO^n10bQN1Xo3OooM1SPN12Nfn10SRN9lm1GWRN6im1JZRN2kn1O001OlN0XRN0hm10XRN0jm10TRN0nm10nQN2Sn1NlQN1Vn1OiQN0Yn10e10^n10jP20dPJ0dn10f00O102O0101MbPN0mn10RQN0nn10SQN0ln11SQNOmn12`01aPNMPo13`0N2OZPN1Yo10fPN0Zo1:2I8M]YmS2
20220124155050Bh_6,iclf1125co1KePN1G4oo1KPP20XoM0`10_N0h0010oPN0So10PPN0hn10V10Y10hN0^P<0ioI0mo10PoK0`PL0\PN12Ol00Zn10cQ40ToK000PP20PPN0SPN5do1L\PN2mom0MXoWO0_Q80enC0d00bP80mnG0PQN0Ro10lPN0bo10O1J0YPN0fo1O[PN0oPT32knmL2N2N1O1O1O1O010O01O10O02O0O2N3M^Xio1
20220328035030Lh_1,_ZWb05fo16K4M2N3N2N1O1N2O1O1N3N001O1N101O2N1000N2K5N2O1001O0O1001OO1O02N2K4M4O0N200001O1O1O00001O001bQN]O_m1b0bRN@[m1`0gRNBTm1?mRNARm1>oRNBol1a0nRNAPm1a0lRNCRm1?mRNCkl1c0WSN]Ofl1e0[SNZOcl1h0^SNWOal1j0_SNVObl1j0^SNUObl1j0_SNVOal1k0^SNTOdl1k0]SNTOdl1k0\SNUOel1j0]SNTOel1j0\SNSOil1j0XSNTOll1h0VSNWOll1g0X1M3N2M3L4M3M4K^hRY3
20220328035030Lh_2,fed_22lo14L4L4N3M2O001100O00O0001OkQN_Ojl1a0USN_Okl1a0USN@kl1?VSN@kl1?\1O1O1O1O2N1O_QNLWm13fRN2Ym1LgRN;Tm1DlRN0oN6Un1IkRN2QO4Un1IiRN4RO3To1IjPN61OUo1a00O1_Oa0N200100O10000]OJZQN7en1LYQN3in1MVQN3kn1LVQN1ln1Oc0001N2O1N10001N2N100O1O01O2N2MdPNLPo11PQN2^o11O1O1O1O1O1O1O1O1O01O011M2O1N4K]P21coM3M2N1000J`PNM_o12801N2OaWkZ1
20220328035030Lh_3,dbRR1:co18Dg0SNjNlSN\1jk1oNPTNT1lk1ROPTNP1ok1TOmSNk0Tl1XOiSN=]OoNml1i0aSN1ol1\17K7MO1N201O1M3LSOeRNZOWm1IdRN79OQm1GQSNFF3;?ol1CWTN:im10OO010O1011O9H1M0010O009G3NO0O00^Oh\ak2
20220523234912Lh_1,hZQ[2;co14M3M101N2N1N2O001O1O1000000O100jLTOXWNl0hh1TOWWNm0mk11O1N2O1O1O00001O1O001O01^O[QNIdn17^QNHan19`QNG]n1;dQNC\n1=b0200O0000O20O0O1OM3N21O101O2M2N2OO01000O100O1O1O1000O100O1O100000N200O1N20XSN[OVj1d0jUN^OUj1a0lUNASj1<hUNLWj14hUNNWj11jUNOWj10iUN0Wj1OkUN0Vj1NlUN1Tj1LQVN3oi1IVVN5bh1KhUNLk12TMLXk19[40O2O01N3JaiZ_1
20220523234912Lh_2,RYf_13lo12N2N2N2N2BDUQN>in1ETQN=kn1<0001O0000000O100O100O10O010N1O110O01O100OERQNEon1:SQNEmn1;RQNEnn1=QQNCon1f01O1O001O010O100O010O100O1O1N2I7O1O1O2N1O100O100O100O01O1O00100O1O2N1O100O100O100O2O0O10000OO2M3N101O0100O010O2O0O100O100O2OO010000OIgPNHZo11ePNN40Vo12hPNK51So14=20O01O2O000O2O1O0O2O1O1N2O3M2M2O1N2N101N1O1O100O0100O0010O001O100O100O1O100O2N1O2N2N1O2O1O1N3NXOoQNBPn1=SRNAnm1=TRNCkm1<WRNCim1<XRNDhm1;[RNDem1;^RNBbm1=bRN@^m1`0dRN]O]m1c0P1O101O00001O001BbPN8co101O0O10001N1O1OViYU2
20220523234912Lh_3,b\_n22lo16I8J1N2O2O0O101N1000001SQNXO`n1i0]QNYOcn1h0ZQNZOfn1Q1O0000N3L3O10001O001O0000001N100O10001O0O10000O101N1O100O1000O0100O10OO200O001O010O0001O010O100O001O00001N11O010O010O0100O00001O0M3O1N3N100L4O10001L3M3O1000O2N1N2O2N2N2O1O1N2O1O1O1N2O1O1O0O2N2N2M3M2M4O1O_eVj0
20220523234912Lh_4,\`_d23lo12N1QJKS\N4lc1OS\N1lc11]WNLZm17eRNJZm17eRNJ[m15eRNL[m14dRNL]m13eRNI]m17V1N4MZP<0goC000UUl06odSOJb[N7\d1Jd[N7[d1Je[N7Yd1Ig[N7Yd1Ig[N8Xd1Gj[N8Vd1Hj[N8Vd1Hj[N8Vd1Gk[N9oi1O000O2N1O2NJOZNNmSN4Rl1LmSN6Rl1InSN8lm12O0O2O1O1N101O0O10000001O0O1O2N1Jaoa0KiP^O3N1O1N1000O100O2N1Oeo1N\PN3N1O2N1N2N2O010O0gLEoVN:Ri1GmVN9Si1FnVN:\l100O100O2N1O2M]m_2NfShM0ToE3do1NbPN1Yo1N=0X12eN2hNLcRN6Rn1JWQN7Rn1IeRN6Tn1JSQN7mn1IRQN8nn1IQQN6Qo1IoPN7Ro1JhPNON5]o1OePN0go1N1Okn3OXRJ2ln10100O1O10RO0lQN0Ro10So30iQJ0Xn10g10[n30cQL0_n70hPH000000000oo50PPN0PPN0aPL0on30QQL0on10QQN0_o30QPN0^o10]P60RPN0gPH0gn30YQL0gn30dPN0oo10QPN0ko1010SPN1MORP20VQL0hm11Q1OgPf00iN0hefi0
20220523234912Lh_5,S[Q[21]o;0\P40oPd00jnmN0>0nN0WRN1Xn9O[PN3XoKMe10[n30mQH1nm7OlQN0Xn10kQJ0TO00000N020O0O0]RN4^m130OhMJgSN0J7]l1JjSN1FOPo1O10PP20TmM0k50SJ0WSN0`20Yj10SSN1h2OZM1eo11mdd_1
20220523234912Lh_6,a[om23mo10000NTPN0lo1110\Q<OfnE0XoM0m10iN00001ZPNO[o128O_PNO`o71RPJ02OmN0WRN0km50S10PP40PPN0gPN0VO0RoY10oPbN0dPN0gn50ZQJ0oo12ZO2O00Okj7OVUH2N0100OYS6M]l70\PH0RPJ00000PP60PPJ00000O010O100000OXPN0bo10im72ZRH3O1N100000O100O\QNN\m12cRN0\m1OdRN2[m1OdRN1]m1OY11mTNLZf14h42O0O101N100O100000000000O100O010O100O1001O001O0001O001O1N1N3MUhTg0
20220523234912Lh_7,bVU<363bo1Omm50VRJ2lPNOUn14gQN0Un13eQN3Xn1m0M8H4K8I4\RNPNol1W2kRNlMRm1c1PSNnNnl1Q1WSNmNhl1R1\SNkNdl1S1aSNjN_l1o0mSNcN[l1\1S1BfQNYO[n1f0?01K5M2K6M4M4M2N2N0001L30101O1O1bSNFRMNkk1=PWN0Pi1OPWN1Pi1OQWN1oh1OPWN0Ri1OoVNOSi10nVNOTi1OmVNOVi1OjVN2Wi1LkVN3al100O1O001O^i``3
20220523234912Lh_8,fcX`11ko10VPN3io13N2N7H3O1O001O00O1O3M4M000OO2O10O100000O2O00000O100O0100O1O101O1O1O3L3O0KYPNOho10WP22ioMNVPN2jo1210OLVPN2lo11O2O1M102OO010O100O1O1O00001O00000001O0O100000O10001O001O3Mj[oZ2
20220621185332Bh_1,[fZg18fo13N3N00001O00000O010O1000O2NjJEiZN:We1JfZN6Ze1MdZN2\e10bZNO_e12`ZNNae13]ZNMce14]ZNJee17YZNIhe19UZNGke1;SZNEoe1;oYNERf1<lYNDUf1=iYNCXf1>fYNB[f1>eYNA\f1?bYNB_f1>`YNB`f1?_YNAbf1`0\YN@ef1`0ZYN@gf1`0WYNAjf1?UYNAlf1?RYNCnf1=PYNDQg1<nXNDSg1<kXNEUg1<jXNDWg1;iXNEXg1:hXNFXg1:hXNGXg19gXNHYg17fXNKZg15eXNMZg13dXNN^g11aXN0_g10^XN2cg10YXN1gg11VXN0kg11RXN0og10PXN0Rh1OmWN0Wh1NhWN2Zh1MdWN3^h1MaWN3`h1L`WN3bh1M\WN4dh1M[WN3fh1LYWN4ih1MUWN1nh10PWNNRi14lVNKUi17iVNHYi18eVNG]i19cVNE`i1;^VNCfi1<ZVNChi1=VVNCmi1<QVNEQj19nUNHTj17jUNJXj14gUNM[j11dUN0]j10aUN1`j1O^UN2cj1N[UN3fj1MWUN5jj1KSUN7mj1JQUN8oj1HPUN8Qk1HmTN9Sk1HkTN9Vk1HgTN9Zk1GdTN:`k1D\TN>fk1AWTN`0lk1_ORTNb0Pl1^OiSNe0Zl1_OlRNE1P1Tm1Z12O1O1O1N101O6I3M3BTRNcNPn1Y1RRNfNSn1`0mQNG2IUn19lQNL2IWn15jQNN3LWn11gQN24Jhn15c0MoZiQ2
20220621185332Bh_2,dgbf03mo11N2L4M2O011O1O10N0100O01O10001O0O1N200010O1O1N2N2O4M05J201OO2^PND\o1c0N012LO2M2O1N2M3N2L4N2NgWeV3
20220621185332Bh_3,bZSh17Zo1OmPN3mn1d0L4L4L?C4L3MfN\RN;[m1WOWRN:h0=kl1G^SN7_l1JfSN3Wl1NmSN0Ql10RTNOlk11XTNMoNATl1c0oTNK`k18bTNGlNDjk1g0]UNBiNIek1h0eUN\OfNL@0kk1l0PVNUOgN4Wk1j0SVNQOgN1Vk1R1nVNjNRi1j0ZTN^O_n1b0cQN^O\n1`0gQN_OYn1`0hQN@Xn1?iQNAWn1>kQN@Vn1?lQN^OUn1b0e0OjPNAnn1>PQNFnn1f00O100O1O1O10O01O1O1O1N2N2O0O2O0000VTNBTh1>kWNFRh18PXNIog16RXNKmg13UXNMkg13VXNLjg13WXNMhg14YXNLfg13[XNNcg13^XNLbg14^XNLag14aXNK^g15dXNJ\g16eXNIZg18gXNGXg1:oXNDkf1<TYNHjf17XYNIff17[YNHef18`410100OO20O0oTNG]f18cYNKZf15fYNMYf12hYNNXf11hYN0Wf10kYN0Tf1OmYN1Rf1NPZN2Pf1MQZN4me1LSZN8ie1HXZN9ge1GXZN:ge1FYZN:he1FXZN:he1EXZN<ge1EYZN;ge1EXZN<ie1^O[ZNb0aj11N2O1O110RK[O`ZN3\K4Sj1JoZN5Qe1KP[N5md1NS[N1kd11V[NMhd16Y[NIfd18[[NFed1<\[NAdd1?^51O01000000O2O0N2O1O10O01O100O2N1O2NPiTP2
20220621185332Bh_4,Uf\`29eo13L4M3M2N2OL5N1N2N3N1O100000000O110O000001O001O0000001O1O1OMaPNF_o1940N3M101001O2O001O00001N2O1O10O00O1O2O0NR[[\1
20220621185332Bh_5,VjPX33mo11O01Oani05XQVO4jQNFal1<^SNDbl1<_SNCal1?`10O10009G01O1OQQNZOdn1e0ZQN]Oin1?VQNDjn1;UQNFmn18RQNIon16oPNMQo1b02M0O2N6K2M3M11O0001N1O1O10000000O1000O010O00000000O010O100O1O100O100O100000O1000000O1000000O10O10000000O001O2M2N2MmUWb0
20220621185332Bh_6,Vbbb19do1501O12LROLoQN4nm1MTRN3gm10\RNNam10fRNNXm13aRNF]O8Pn10^RNH^O355nm1N`RNJ^O088jm1LaRNMJ6bn1J_QN7^n1JTQN085bm1IQSN1UO294in1KXQN4\o1O1O1OO10O01mMLlRN3d01_l1MiRN1BOU13`l1MhRN1E0R11Tm1OjQN0R11oNNom16RSNLYm1O[RN2Po114L\O2QQN0on1NfPN39Ng\][2
20220621185332Bh_7,m`XV31no13N2N2O1O05KO1O00100O1O10O1000001O0000O100O100O10O10O0EJmPN5Ro1MmPN4Ro1LnPN4Ro1MmPN3So1MnPN2Ro1OmPN2Ro1OmPN1Ro10nPN0Ro11mPN0Ro10nPN0Ro10nPN0Ro11mPNOSo11mPNOSo11mPNOTo10lPN0To10lPN0To11kPN0Uo10hPN2Xo1;00000FhPNLXo14hPNLYo1=0001O000001O0001O00001O0000001O001O1O1O010O1O1O100O100O]OUQN2kn1K\QN1cn1O_QNObn1O`QN1`n1N`QN3_n1MbQN2^n1MdQN3[n1MfQN2Zn1NfQN3Zn1KhQN4Xn1LhQN5Xn1IjQN6Qo10O00100O0100O010O1O1O001O00100O2N11N100O10O010O010O01O010O1000000O10000O101O001O001N2O101N5L0O01O1O1N3N2N1O2M4Ln[a`0
20220621185332Bh_8,naTT161Kco1<J402N2O1001O04NN1O2M20O2NO00gPN^OUo1a053M0O100O3M1O1O3M4L2O_OVQNMin11ZQNOO@`n1;`QNI3>\n1IbQNG6>Wn1KTRN1km10WRNOhm11^RNJam15bRNK[m17hRNEWm1<U112M2M4L3N4M^^Ui2
20220621185332Bh_9,_\Wj25io14L20OO00100KFePN:[o16N1O010000O11N1O00200O0SQN\O`n1?cQND[n1<eQND\n1=cQNCbn15`QNKan14_QNMan13^QNMbn18[QNEfn1;?M4O10O01OhPNJhn15UQNJF9mn1M]QN7cn1I]QNKE9mn1LcQN1_n1NWQNKL106nn1OVQNJM0O4Qo10UQNLK1Yo10QQN0ao1OPdTS1
20220621185332Bh_10,WjXX31cng00TSXO0el10TSN3\n1MVPN0jo10VPN1io10VPN1jo13O0Qo5KUQJ081FOfo=0dPD0[P20bo;0Zoc10`PPN0PPL000kUWb0
20220621185332Bh_11,dZQh12bP<O[mK1nQJO20no30ZRJ0bk11U2O01O0001OjP20VO0RPN0jRN3Zj1MgUN4Wj1LjUN4Uj1LmUN2Sj1No20TPN1io11TPf0NnoYO0]O0W10kN0UQN0]o1000lo50hoK0h00XO0[P20oo10RPJ0]P20bo10`TN0akM0PP60QPJ000\PN0Xo10[P20mjc01PU^OORPL000O02000nUN0Td?0oUB00000\PN0Xo10fP20E0PPN00001M2kom20VPRM1O100O001O0010O01O001O1O101N0010O1O1N3Mmhjk1
20220621185332Bh_12,h]Xh0?`o13M4M3L1TQN\O[n1g0]QND^n1P1O0O2eQNbNRn1h1N1O1O00O10000O1000000O101N10000O101O0O10000O10000001O0001O00000000000O1O2O0N2O1O10O02O2M2O1O0O10000O10O10O101kN\QNk0nn1N2O1N2^OjPN7Xo1FPQN0Zo?NYPB4M2M8I2N1O2N1O2N1O1O000010O00001O1O00001O001O0O10001O00001O00001O0O100O101N100O100O2N101N101N2MWSn34dlQLM_PNNko31noM001O001O13LXO0_QN0an11^QNOcn12ZQNOgn11YQNNhn11c01fPNNen11[QN0dn11[QN0dn10f00iPNN`n11aQNO_n11aQNO^n11h001OnPN0Un10m00PP20fPL0en11YQN2Ro1OaPN0LO`o12bPNN4OWo11SQN0in1Od00O11Omo30QPL1X^[i2
20220626185332Bh_1,[gbo05ko11[PNK\o1`0M1O1O0010O010O01O0010O01O010O1O100O000010O01O1O4M0O2OO0O2O0[OQQN8\o10SQNFUn18kQNLRn13nQN0Pn10PRN0Qn1OoQN1Qn1OoQN2Pn1NnQN4Rn1KmQN8Rn1HnQN:Qn1EoQN=om1CQRN>om1AQRN?Pn1@PRNa0om1@PRNa0Pn1^OQRNg0jm1XOVRNj0hm1VO[RNh0em1WO\RN1]O?Wn1@eRN?\m1@dRN`0\m1@eRNa0Zm1^OgRNg0Sm1YOnRNg0Rm1WOPSNh0Xn1M001N100O0010O10O10O01O010O1001O0004L1N1O001O0010O0O3N1N2O3M001O00000000000000000000001O0O101N100O101N101O0O2O1NHSQN\OOMnn1f0:N2N1O2O1N1O2N20O010O010000O010000000O010O01O01O00001O00001O3M1O2MZVUg2
20220626185332Bh_2,ifjj12mo13N1O1O1O1O1O1O1O00000001O0000001O01O00001O0IGgPN9Xo1HhPN9Wo1HhPN8Xo1IfPN8Zo171O01O010O010O1O010O1O100O0000000000O1O1O100O10WQN_OTn1`0kQNAUn1?jQNBWn1<iQNDXn1<hQNDYn1;fQNF[n19eQNF]n18cQNH_n17`QNIbn16^QNIcn17]QNHen18ZQNGhn18`010O01O0010O0000010O000010O0001O001O0010O010O100000O10O01000O10000O100000O010000O1O101O000O010O100O1O1O0010O01O01O010O00100O010O00000010O00010O01O01O010O01001O110N0O100O3N1N001O010O0010N6K5JXWYk1
20220626185332Bh_3,k[k`11oo10O2O0O20O01O00001O000O2O00000000000000000000002N1O1O0000000001O001O001O0000001O001O001O00000000000000KL]PN5co1400O1O1N2N1010O001N202M10O01O00O11O1O10000O10O100O010O0O2O10O0O2O100N2L4OPP4OjdVY2
20220626185332Bh_4,gZSU16go13O2O01004L0N01O1O1O0M4O00HIgPN9To1MgPNJ29Po14TQNIkn19<1N3K8J4M2M3K4ON3H8J6O2O2NL3L311O1O2OBTQNJjn16YQNHfn17^QNHUn1MfQN:8Inm1d0URNYOkm1g0h0O100M4K6L3N2L4MThhg2
20220626185332Bh_5,Schi25jo12O0O1O1M30ON3OO2O00LFdPN9\o1320IDjPN=Vo1DiPN<Xo160001O1O4L01O1O1N101O2N1O00O1I_OoPNc0Qo1\OnPNd0on1[OQQN01d0nn1\OQQN03a0mn1_OXQN?jn1AWQN<jn1FTQN:mn1DUQN<Wo101O1O10O2O0O0100N2M3O010O10O0002M3Mn\eR1
20220626185332Bh_6,\UgZ21oo11O0WPN0fo13O2O001O00000O1000O01O100O01O0O2O1O1000O1000O01O01O1001O1O001O00000001O01OO10001N1001O01O1O001O2McjPb1
20220626185332Bh_7,cXQn24io16M001OO1O2N2OgPNNen11ZQN2dn1NZQN6dn1KXQN9gn1GSQN?mn1:1O0O2N101O1O1O001O0OO2N11N2O00K\OoPNd0Po18CWO_QNP1Zn1<O10O1EcQNRO^n1h0kQNTOVn1c0URNZOmm1c0i0O2N2M2M5L5KmgVo0
20220626185332Bh_8,j[]]36ho14N1O4M2OO00002NdPNDWo18gPNJYo1>101O010N10001O0O101O00010O01N1N1N2O1O1O2N101N1O11[OmPN;So1CPQN<Zo10O1O11O2NTcn?
20220626185332Bh_9,naYW11no10jm36PRL5K2O1000L7GUPn0OPPRO2O00OSQ2OonM2N101N10O001000001OO010000O1001N104L0O01O00001O000O11O0001O01O0bNKRSN4ol1MPSN3ol1OoRN1Rm1NoRN1Rm1NnRN2Rm1LPSN4^n1O02O000010O011N1O010O010O1O001Nao=1bP@1ho140O1O4Li^bb2
20220626185332Bh_10,iflk11oo1000000000000000aPf10_oYN0oo30QPL00000`PT30aoSM0bPL0^O0_oM0QQL0on30`PN0a00_O0@0RQ60nnI0PQN0ao10O010O010co30]PL0PP2000PP40bW]k1
20220626185332Bh_11,o^`T21ko15K5O0O10001O0M4N2O0O2N3N1O2M1QQNUOM0in1h0`QNXO^n1j0bQNVO^n1i0bQNXO]n1h0>LkPN]OTo1c05O1N2O10000O10O1000O011O00001O0O1O1O01000000000H`PN0`o10`PN0`o1OaPN1_o1ObPN0^o10dPNM]o12cPP1OgooN1N3M2O2N1O1N2O001O0OLbPNI]o17ePNG1NUo1;jPNG1NUo1<iPNF10Uo1?kPNAVo1?hPNBYo1c00O10O1O100O0001O00kPN\Onn1d0SQN[Omn1d0UQN\Ojn1c0WQN^Ohn1a0YQN@fn1>]QNBbn1=_QNCan1<`QND`n1<`QND`n1;d0O1N2O1O000O2I[PNOl`ed1
20220626185332Bh_12,[b^W13lo14M1O000000000001O1KWPN1mo1O1O000001OO]P40doK1N102M2N1O1O101OO010000001O000O101O0O1000O1O2O00001O001N2O1O1O0O2O1O1O1O1N5L001O00000001UOlPNf0Xo1O2O001O00O10O01000O100O10002M2O1O1O11N10O001O0O2O0000001N110O1O01O001N2\PNF`o1>O00000000O2O0000001O0000DDUQN;kn1EUQN<Wo101O001O1O00001O01O01O1O00100O01O00O10001O00000010O01O001N101O^\[_2
20220626185332Bh_13,o[Ya11oo10RP<0noC0TPb10eomN0YP40goK0aoo00fP`N1O1N010O10O010OQebX2
20220714185352Th_1,`\eR29ao17O0O1O0O0IAkPNO3`0Ro180100N2O1N2BROhQNQ1GSOYn1NmQNX1Zn14J501N101O00O1M2GgQNlNYn1S1;N1O1N2O1OM310001N1G:O0O10O101N2N1N2ONO21002N0010K500000A\OcQNc0[n1a0O0EgNTRNY1hm1oNTRNR1jm1b001ON4K5N6I2O0O0O01O100M3000100O201O10O1N2N2M3O0J6N200O100O1N3N2O6J2NPQNZOfn1f0YQN]Oen1c0[QN_Obn1a0_QNB]n1?cQNC[n1=eQNFWn1<fQNGYn1P10O0O2M2O10000K5N3O0O2N2I6O1N2O2O0O2N3E;KRhje1
20220714185352Th_2,\iPm23_o1b0I5L5K6J8I5J5K4K4IjNlRNNol12WSNLgl10aSN0Zl1OkSN0Sl1NRTN1kk1OYTNOek11_TNM_k14eTNIZk16jTNITk15PUNJoj14UUNLhj15ZUNKdj14`UNK]j15fUNKXj16hUNKUj16mUNIii1HjSNa0_2G\i1i0eVNVOZi1k0hVNUOUi1k0mVNUOSi1h0PWNWOQi1g0RWNXOmh1a0[WN^Ofh1>^WNBah1:dWNF\h19dWNI[h17eWNI[h16fWNKXh16gWNKYh15gWNKYh14j30000O10000O1000000O100001N10O2M3L_Y[o0
20220714185352Th_3,gccY24fo17gPNHhn19WQNGjn19TQNHln19SQNGmn1;PQNFPo1<mPNERo1e00000000001O0000001O00001O02N2N9F2N2N2N1O1O2M3Mhn_13VQ`N2N2N1O2N1N201N1O1O1N2O1O1O1000O100O101O00000000O100O2N1O2O1N6K2M3N1O001N100O1000O100O1O0L5O1O010O010O100O1O10001N10001O00000O001O1O1O2N1O1N]O^OlQN`0Tn1DiQN;Wn1HhQN7Xn1KfQN5[n1KeQN4[n1MdQN3]n1NbQN2^n1NbQN1_n1OaQN0`n10_QN1an1O_QN0bn11\QNOen11ZQN0en11ZQNOen14YQNLgn15WQNLin1f00O1O0@UQNMkn10XQN0hn1OYQN0hn1OYQN1fn1O[QN0fn1N\QN2cn1N^QN1cn1N^QN2an1N`QN1an1N`QN1an1N_QN3`n1M`QN3an1L_QN5`n1L_QN4bn1K_QN4an1M^QN3bn1N]QN3bn1N]QN2cn1O\QN1dn10[QN0fn10YQN1fn10YQN0gn11WQN1gn1e0O1O1O100O100O2N2N1O2O1N1OIeQNkN[n1R1;N2N2O010O1O1O1O001O00100O1O100O1O2N101N1O01N1O1O2N2O100O1O100O100O1O10O0100O01O001O0010O0010O00O10000000N201O0O2N101O001O1N101ClPNLVo11>Nk`jV1
20220714185352Th_4,_fX^26io12N2O0O1O101O000000O2N100O1O01010O000010000O10O10001N10O1000DGPQN9\o10000O1001O00001O1O010O2OO3K4MdXi^1
20220714185352Th_5,TXck03lo14WPNK`o1>J5L2O100OO20OO10O0N4N1002N1O01O1N2L3N2O1OYOWQN:in1FZQN4jn1L^QNJdn15c01N10001O1N110OO2M2O2O0010O5K2M2N10N3N201O1ObPNDZo1a01N001O2C_PN6io1M2MPilP3
20220714185352Th_6,c[RZ13lo12WPNMbo1:ON03N1OO2O001O00H8N3O1O101OO010O01000O100O100O10000O1O1O@AbQN>\n1EcQN;[n1HeQN6Zn1LgQN1Zn10gQNMYn15iQNHWn19g000001O01O10O100O1O1N2M3O1N2M3O0O0101N200O2N1N2N2O0010O000001O1O2N101N2M3LhfWa2
20220714185352Th_7,ZiPm22YP4OioM010bna00mPH0RSN0ciG0jSN0d31Xl10Yla0OhSB00000RU<1mj_O4K4L40OmPNE_n1<^QNI_n1:\QNIdn1:TQNKln1f00N100O1O000O100O10N30O1O3ZORQN4Ro1FQQN8\o1000010O1000O01N1N3O2K31N02O00000000SSol0
20220714185352Th_8,n^fo22mo12O0O1O2N1O2N2O1O0O11O0000010O00001O0000001O000000001O0000000000010O00001O01OO2O1O0O2N2NZPl02eoSO001N6K1O2N2hPNCin1>TQNEkn1<SQNEmn1<QQNEon1<oPNEPo1f00001N101N2O0O10O10000OGTO_QNm0_n1VO`QN=3@_n1k0;O1001O00001N2L4O5K10O00001O0010O01A?M3O1O1N2IhPNB[o1=7M2N2N3Mf`Wi0
20220714185352Th_9,Yb[b12mo14M1O1O0O2O0000O01ZLIcWN7]h1IbWN8_h1H`WN7Zh1OfWN2Yh1MgWN5Yh1JeWN9[h1EeWN=[h1AeWNa0Zh1@dWNa0]h1@aWNa0`h1^O_WNc0`h1_O_WNa0ah1^O`WNb0ah1]O^WNd0ch1[O]WNe0nk11O1O1O100O10O01O001O1O01O000L401N1001O1ODnPNKQo16RQNGmn1;SQNBPo1:TQNEmn1:TQNFln1:=O1O2N1O100000001N10^PNMWo13gPN0Yo1NhPN2Xo1NhPN1Xo11fPN0Yo11ePN1on1ORQN;nn1<000MnPNXORo1g0oPNYOQo1g0oPNXORo1h02100O1eMWO_UNh0aj1[O]UNe0bj1]O]UNb0dj1^O\UNb0dj1_O[UNa0ej1@ZUN?hj1@YUN;kj1FUUN8mj1HTUN5mj1LSUN2oj1MRUN1oj10PUNORk10oTNORk11nTNMTk12lTNNUk11lTNOTk11kTN0Uk1NnTN0Sk1OoTNMPm91^PH4O1O2K4O1O1O00O0100O2O001O0O2N1N3O0001O010O0000100O2O0O1000PQN@bn1=^QNEcn1ORQN4;Nhn11YQNOin1OWQN1ln1KUQN4ln1LTQN3nn1LSQN3Zn?0QQB3N001O1O0N3N2O0O2O100O001O010O010O1000000000000000O10OIfPNI[o167010O0100O10001N1O1N3N]aRR2
20220714185352Th_10,he`P12lo1OUPN2lo15L1O002N1N7KN00H@QQN?on1ARQN>\o1K1010O0001O02OO01O1001O00O01O1N3N1O0013POIoQN8mn10O3ON1OmNH_RN5cm1Lf[Qm2
20220714185352Th_11,Po``26ho16L2N000002OO01O1O1O0000000001O001O4L2N1O3M1O4L01O000O1HlPNDTo19;O0O0020000O2O00001O1N4M000OWoc0OjP\O2N1O2N1O2N1O1O000010O100O1000BGVQN8jn1KSQN5mn1MQQN4nn1MQQN3on1NPQN2Qo1MoPN3Qo1MnPN4Ro1LnPN5Ro1EjPN329Xo1FhPN9Zo1EfPN<_o10O100000001OO11OKbPNG^o195O01O0010O1O1O2O0O2O0O100NoP60ToIO000OUQaX1
20220714185352Th_12,ckZP32:0Xo13cPN1[o16bPNG]o18gPNFXo189NZQNMcm15\RNJdm16T1O1L_QNM]m10eQj00YP\O0]oI0\P40aoK2HNbPN2^o10]PN3dn1MWRNOVO3cn10URNLXO4en1OSRNNWO3fn1NURNNUO4hn1LSRN0UO4fo1LZPN3go1MYPN3go130000fNKiRN4Ym1LfRN4cn101O0O2Nmo52SPJNVSSl0
20220714185352Th_13,eXUP38do1:J>BO1O2L3N2M3GhPNIXo17jPNGXo179I^PN0jo1NiPl01WoSO0O1O0100OO11O01O0001Oko7OUPH3UPNMgo1501N2O10000O01N002O0O10001O1OXgRl0
20220714185352Th_14,a_l^16jo13M2N1O001O0O2O10000001OO100001N10010N10O010O01O000010O01O02OO10001N110O00O10O1O1O001O1O1O1OWQP2OinoM2IL_PN6_o17N2N101O000O101O0000000000000001N100000001O00001O001O00010O0010O00010O1O101N1O1O101N00100O1O100O100O101N1O1O1O1O001O001O0010O000001O01N100O2O0O1O2O001O00001O000000000000010O01O001O001O0000000000001O0000000O1001O00000000000001O0000001O00001O00010O001N101O00001O00O1000001O0O1000O1000000O10000000000000000000000001O01O0001O00001O000010O01O01O01O00001O00001O00000001O01O01O001O00100O1O00100O0010O01O00100O0010O01O01O00010O0001O01O000001O001O0010O01O001O010O00001O00010O00001O01O0000010O00000010O01O010O10O01O010O00100O001O1O001O1O1O2N1O10O010O010O010O0100O1O10O1000O10O010O1O010O1O10000O101O00O100O10O11OO0100O100O101N1000O100O10000O100001O101O0O1O0000000001O001O1O2N2O4LO2N1O2M101O1N2O1O2O3L1N2O3K3M3N2O2LbYoe1
20220714185352Th_15,Tej_22mo13M2O0O2O1O1N1[QNEem1;[RNEfm18R1O2O0010O10O2OO1000O1O010O10O100O1O00100O1O001N3N2O0000O102M4L1O1NYP4NjoK1O1001M`o50bPJ0O010ZZc\1
20220728185352Th_1,i_hj26co1LaPN6]o18O0O1O010O1OML61001O010O1O1OIkPNDUo1<oPNAPo1?QQNAon1>:M201O1000O001M201O00O20O01O001N1010O010000001O0000001N100O11N100O101O0O2O01O01O00001O10000O1O1N2MnP6OfnI2kPN0To11jPN0Vo10iPN1Vo12gPNOYo1<000000O1000O100000000001O0WO^OTRNa0lm1ASRN?mm1CQRN=om1CQRN=om1DQRN;om1EQRN;om1EQRN:Pn1EQRN;Pn1DPRN<Qn1ARRN>hn10000001OO10001O001OoPNF\n1;bQNF^n1:aQNH_n18_QNN]n11bQN0_n1O^QN4cn1K\QN6en1I[QN7in1DWQN<Wo1O0010000O100O10O100O10O100000mNBfRN=Ym1DiRN9Wm1HhRN8Xm1HhRN8Xm1IgRN7Ym1IfRN7[m1IdRN6^m1IcRN6^m1IcRN5en101N2NQ`Sl0
20220728185352Th_2,VeY`23io15N1_OHmPN187jn1OUQN0kn13QQNNnn16nPNLQo1a01O2N10001O1O2N000000N2N2KXOQQNi0nn15000010O1O1O01O2O00O00O0100O010O100O10O10O1O1O1O1O1O1O10XOXQN6jn198M3M3O1M4K3N3N4GYPNOa[R\1
20220728185352Th_3,Pamo23ko13O00000O2N2N2J6N1N2N2O001O1O100O10O0100O100ODRQNGnn19VQNAmn1>:O2N2O3KQom0MPQRO4010O0001O10OTRNJQl14P2KRQl03mnSO1N3M2001O3J\QNOhn11N101O1N2N1O1O2O1N101N2O0010O00100O001O010O001O1N2O2N3Lc^bi0
20220728185352Th_4,Yo\>4io16K3M3L3N1N3O000100O0010000O1O001000O1O01O1O1N1O2N00O10O10003O1O0M2O1OjQ[_3
20220728185352Th_5,VTY[23io51RPL4M1O105J001O1100N1ONGbPN4]o1MdPN2\o1NdPN3\o1KfPN5Zo1IhPN7`o11O1O0GFmPN9So1GmPN9^o1O0OO21N2O2L_kjb1
20220728185352Th_6,Z[mb26jo13M0001OO2O0O10000O2N1N200O0O2OO1N3M10100010O1O00N3N1O3LZeX[1
