filament_id,segmentation_rle
20110120105534Ch_1,]ilP21mo12O2O1]NKYSN7el1I[SN1XO1dl11nTN1Qk1NoTN3^m11lNJ^RN5fl1KWTN4ik1MaRNOY11Zl11WSN3]OO\m1NUSN5^OMcn1LbQN5So100100O2O01NK6O2H70N1101M200K4O3O1N2N2POmNPSNb0[OCNKfm14mRN>CA:Mel16kRNK:b0d0^OWl1=mRN;m0WOWl1?kRN9[n1HdQN8\n1d02N2M30nRNjNZk1V1fTNjNZk1V1lSNiNM1Vl1V1nSNiNL1Vl1V1gTNjNZk1T1i1M40O1001O0000000ZOYQN3gn1FXQNK2?en1GaQN9_n1GaQN9_n1GaQN8`n1H`QNOin10XQN07Mhm12TRNO4Ojm11kRNOUm11]10TQNMmm10TRN2ln1000gWej1
20110120105534Ch_2,c`Ti21oo11L5oPNJUn15jQNMUn14jQNMWn14fQNM[n12dQNN]n11cQN0]n1OeQNO[n12eQNM[n14eQNK[n15h0001I7N4M00O01000N11QQN_O`n1`0`QN@`n1`0a0O100O2N1O1O001O0010O1O10O0100O02OO1O1O2N2N1M3O1O003N10N1O2M9GYOGiQN9Wn1FjQN:nn10000O10001O0000100O10O10O2N1O13MO01O1iNHdRN9Zm1HfRN9Ym1GgRN9`n1100O01O0000QOFYRN9gm1GYRN:fn101O0O1O1O10000000001O1O000O2Oao?0_P@2N103NN2M2Mb^ao0
20110130110334Ch_1,c_Re2;do12O5K1O11O0OkPNBl2Mgh1`0[TNFm2Jih1`0XTNGnn1f00O5L1N10O7J1N001O1O5L01O[QNlN]n1S1bQNoN^n1Y11O1O001O10O18G10eQNROcm1o0PRNPO04om1l0oQNQO24om1k0nQNRO23Qn1S1nQNnNSn1Q1mQNoNTn1Q1kQNoN8J`m1U1XRNRO6Kbm1R1XRNTO5Kdm1^1\RNcNfm1[1YRNeNim1Y1WRNgNlm1V1TRNiNSn1P1oQNmNSn1S1=N2O101O001O001O2N3M1O1O010O003M01O1O2N1O0O101O01O4M4K010O0010O01O001O100O1O001O01O0100O00cNCXSN<gl1FXSN;fl1F[SN9el1HZSN8gl1F[SN:el1DRSN2SO9Qo1HPQN6Po1JRQN4nn1KTQN4mn1JTQN6[o10000007I2N10O1O00000O100000000001O1O1O010O0101N1O1O0000000001N1O2O4L2O\OlPN;\o11O100O1O3N2M010O01]ORQN2`o1M1O1000000001N1O001000000010N2OS\gP1
20110130110334Ch_2,enPg24lo12N00001O0001O210NO00001\PNK[o15dPNOZo1;0M30000O1M4O001O1O10O100000N4LkPSW1
20110214175414Mh_1,hY_g29eo1<E2N2O1N1O1O1O1POUOjRNj0Wm1WOeRNh0`m1YO^RNe0em1[OZRNe0gm1[OWRNf0jm1ZOTRNh0lm1XORRNi0Rn1TOmQNm0Sn1SOlQNn0Tn1SOjQNn0cn1101M2M2001O0O2@_QN_Ocn1>a0L3001000O010O00100000000O010000O1O1O10N2N2000O11O0O2N2M5K]gnT1
20110214175414Mh_2,T]d[2<co12N2M3J5O2N10001O1POVOhRNj0Vm1ZOhRNg0Um1DaRN=^m1EaRN;_m1EaRN<^m1G_RN9am1L[RN3em1M[RN4dm1L\RN^ON6fm1=]RNZOO9cm1>^RNWO39^m1`0bRNTO39[m1c0USN\Ojl1e0VSNZOil1h0WSNWOil1j0WSNUOil1l0WSNSOil1n0WSNnNll1R1Q10O1000000O01B[QNAen1=`QN@an1?i0G1O2N2O1N2Nkcca1
20110214175414Mh_3,hY]g25io1M`PN0Yo1O<0PP20PPN000oo10PPN1NOQQN0Un10iQN0Yn10gQN0Xn10iQN0Un11m0OQQN0Qn10PRN0om10RRN0mm10TRN0nn10mN0P11X10iN1O1N2@4jPNNSo1JSQN3KN_n1NjQN39M\n10\P40m00To30^PL0^P20aoI20O1O10oo10PPN0G0bPN1`o11[PN0go13SP\1LRPdN2N2N1O1O001O0010O01O10O10CGQQN9on1GSQN8ln1HUQN7jn1JWQN5hn1MXQN2gn1OZQN0fn10ZQN1dn11[QNOfn10ZQN0fn1O[QN1fn1NZQN3fn1K[QN5Xo100000VQNLhm14XRNLhm14YRNLem15[RNKem14\RNMbm14^RNLbm14^RNLbm13_RNMam12`RNN`m12^RN0cm1M_RN3gn101O002NjejP1
20110214175414Mh_4,W]^[27go13M3NEjPNOTo11nPNOon12>0iP6N`mI3TRNNYo15dPNMZo1OdPN9[o1EiPN9ho1H00O30N[1NbL0T20mPN0E5jm1KjRN0RO0N1Un1OkRN1POO32om1NoRN3lNM92im1NjRN0ZO37Ocm1NmRN0XO2<N_n10kQN0Rm10QTN0nk10STN0lk10UTN0PN0gm10ZTN2fk1N[S60jnI1B4hPNMUo18hPNHXo1OjPN8fn1K^QNL33`n11\QNLXo14fPNL[o1581N2O1NO2NfQj3K`nUL1O1O1O001O10O01O010O0000000O2O000000000000001O0001O01O01O1O010O1O1N103LePN0[o12O1N2O001N101O00001O000O100O010000000O10000000010O0000001O0010O01O0010O01O0010O01O001O1O1O001O1O1O100O1O010O010O01O6KO0000000O100000000001O00000010O0001O0000100O1O100O100O100O0100O6K0O0010O00001O01O01O00001N1000001O00001O001O1O1O1O1O1N3N2MWlS10iSlN1O2O1O000002NTdUR1
20110214175414Mh_5,hScX26io11O2O002OO02N001O00000000001O001O1002M1O2O1N10O01O000O2O001O2Njk\e1
20110214175414Mh_6,`^`d22no11NOUPN0jo1OXPN0ho10SP40YPL0I0O0010O00co;0]PD0QPh00QPL0no[O000O100001O00010O0010O010O010O3M00003M01N101OTP6MnPn00lnkN65J10O0]o10WQN0\O000aog00_PXO0011O00;0D0O1JO]PN1eo1OXPN2io11[`gS1
20110329082654Uh_1,fWeU18do1<G7RQNVOZn1Z1N2N1O4K4K4K4M4L5L3M1N2O0O1000iNhRNkN2>Wm1h0YSNoNil1S1Q11O1O1000YOfQNHYn17kQNGUn16QRNFPn17m000O2O1N2O0O2O1O1O1000O11NS2LoM5NO1N_g^g2
20110329082654Uh_2,_b^Z12mo12O1N20O01O01O010O01O010O001O0010O0010O10O01000O1O10O01000O100O1000O010001N100O100O01O01O00001O10O01O01O001O0100000O3M10O010O001O01O00001O0010O0010O00001O00001O2M\\]`2
20110329082654Uh_3,o\_`12mo11O1M4N2O1N2N101N100O2N1O1O1O5kPNYOin1o0M20100000000005K2OO0100O100O1O3N2M000O1O100000002_OiPN6Vo1JjPN6Vo1GmPN:Ro1FoPN9Qo1GoPN:[o10000000O100001O0O2O00001O000O10000O101N1ObbZ[2
20110329082654Uh_4,a_lR27go12O1N200105L01OO0O1O10O101N1O001O00000000001N100N1O2O1001DdPN2eo101000O10O0101O2N3fPNLKOVn1^1M4L1N10kNURN3nm1A[RN?cn1N2H8N3N3L4Je^mi1
20110329082654Uh_5,[lb\22lo13M3M2O100O2O5L0O000002M2O0000000001O100O01O10O000000000eQNCRm1>mRNCRm1>nRNBRm1g0dRNYO\m1h0dRNWO\m1j0m00006J5LO001O002N2N1O2N5K5K100O02O4K001O01WQNUO\n1j0cQNXO]n1T110000O1O2F\QNTOgn1a0b0N6K2N2N3M1N2NdRQ_1
20110329082654Uh_6,Q_Xo04lo10O10000O10O1O1O1000O10O01O1O1O1O010O0010O10O10O010O00010O010O100O1O10000O10O10000O10000000O10000O10O10O0100O10O10000O100O010000O0100000O10O100O1O10O100O100O1O10O01O10O01O0010O10000O1000000001O0O2O001O001O1O2N1O001OO2O001Mioc0FcP\O0Wboh2
20110329082654Uh_7,oWkb25jo12N2N1jNGeRN:Xm1IgRN8Wm1JhRN6Xm1JhRN6Xm1JhRN6Xm1KgRN5Ym1LfRN5Ym1KgRN5Ym1KkRN2Um1MlRN4Tm1KlRN5Tm1ImRN8Sm1FnRN;[n11O1O001N103NO01O00OE@XQN`0gn1@ZQN`0dn1@^QN`0bn1_O_QNa0Po1O101O1O4K101N1OZOIYQN017en1KWQN133fn1MVQN142en1NWQN041en10WQNM63bn11WQNK:1an14UQNK\o1<0001O10O01O0000O2O010O01O001O1O0000100O100O1O1000O1O100O1O1NoQNCcl1<]SNEcl1:]SNHal19^SNHbl17_SNIal17^SNIcl17\SNJdl15\SNKel15ZSNKgl14iRNIA3gm13hRNK@2im12hRNK@2im13gRNK@Nmm17^100000010O001O001N100O2MkQ2OVnM2\gbV1
20110329082654Uh_8,^Vhb14ko12N3M2O1N9G4RQNZO[n1l0_QNVO`n1U11O007I07I1O0DhNPRNX1om1iNXRNP1gm1PO[RNo0dm1QO]RNo0bm1ROeRNg0[m1YOgRNf0Xm1ZOjRNe0Um1[OlRNf0Sm1XOoRNi0ol1WORSNk0kl1UOVSNl0Pn1O1O0N10000000000001OXOPQN`0on1AQQN?nn1ATQN>ln1AVQN>Wo1O1O02O01O0031NN0N2M5IlgQZ2
20110329082654Uh_9,]e^b14jo13N100O01O0100000000O11O00001O00001O1O00000001O00001O00000000001O0000O1000000000000000O00100O010O1O10O00000ON31O1O001O1O01OO3NT[aY2
20110329082654Uh_10,UaTX11mo13N1O10O00010O0010O0100O00000O11O001O0000000^OOVQN1kn1OTQN1ln10TQN0jn11VQNOjn11VQNOkn10UQN0nn1MRQN3]o11O010O1O010O001O1O10O011O1N2O1N101N1000QP:OooE2M2N2N1010O1O4Jn_kc2
20110329082654Uh_11,VReV22no16I3OO01O0gRNHjj18UUNJjj17TUNImj19PUNHoj1;nTNESk1<kTNDWk1?dTNB\k1?cTN@`k1`0]TN@ek1b0WTN^Okk16fRNNZ1LRl11hRN8i0CSO4_m1MgRN=e0MTm13kRNMVm12lRNKVm15iRNJYm16fRNI]m16bRNJ^m17aRNH`m19^RNGdm19ZRNHgm18WRNIjm17URNImm15SRNKnm15iQN3Yn1KdQN8]n1I_QN9bn1b01O1N2N2O2M3L4M2K5O2N1OoPNBan1=^QNEbn1<[QNFdn1;[QNEfn1=VQNEkn1:TQNFPo1d03L8H<DUkPf1
20110329082654Uh_12,gYUc23ko13kLL[VN5di1L\VN5ci1KQUNNF8Xk1J]VN8bi1H^VN8ci1G\VN:el10kNEdRN<]m1DaRN=`n1100O100cNAYSN`0Wm1@XRNb0im1^OSRNd0lm1\OTRNe0dn10OOXO\OVRNd0cn10VN\OXTNd0bm10O0XO\OVRNd0bn10gN\OWSNe0Qn10nN[OkRNd0Yn1O1O1O1O2M2N3KaNJ]SN5el1K\SN1^l13o1LM01000O0mo50doI0oPN0Qo30_PN000aPN0`o10Zo;0d00RPD0000000oo10QPN000=0_Rh00SmWO0QfPW1
20110408083214Th_1,eidc23ko1201O0YNN_SN5^l1MaSN4]l1McSN5Zl1LfSN5Xl1KhSN7Wl1HiSN9Wl1FfSN?Zl1_OdSNe0jm11O2N2N2O2N2L3M4M2O0O2O2N5K1O0011ZNlQN]1]n11M2N1O2N1jQN^Njm1n1N00100O11O3M000O2[OSRNSOom1l0SRNROnm1m0TRNQOmm1o0SRNPOnm1NnQNg05XOom11mQNf0cn1XO^QNg0on1O0O1O1O1O1O2O0O2O1O1O3LgMEQUN7mj1MUUNNlj14]23O1WOK^QNLK;fn1h0O10O01O001N1\RNlN]l1U1aSNnN]l1S1bSNoN]l1Q1cSNQOZl1P1dSNWOWl1i0fSNZOYl1g0eSN[O[l1e0dSN\O\l1e0bSN]O]l1d0`SN_O_l1g0YSN[Ocl1S2I6L4I7O010O11O000O101hLiSNd2Zl1[MiSN`2Zl1_MhSNV2cl1gM_SN1Lc1_m1XNdRNe1nm1M3K6Kd0]O2HkPNCWo1<7O10002M3MmX[U1
20110408083214Th_2,^`l\18\o1IjPN`0nn1DQQN>mn1>M4NOO1OZO\QN2bn1JdQN5[n1HjQN6Tn1JoQN6om1JSRN6lm1IURN8jm1GXRN9gm1FZRN:fm1E\RN<am1DbRN<[m1DnRN9ml1GUSN8jl1G[SN7cl1I]SN9\l1LdSN5Yl1LhSN4Wl1LjSN2Xl1NgSN2Zl1LhSN1\l1Mm1M^`[a2
20110408083214Th_3,\kPk05jo14K5mPNGVn1f0]QN^O^n1T1M3N2M5K6K2O1N1KWObRN\O\m1a0lRN[OSm1d0SSNXOll1g0XSNSOll1m0T1ZO[QNMcm1JWSN7\OF`m16SSN2]m10bRNN`m19YRNFhm1;m05I:H11O0O2O7H1M3M3E;OO1ROLPRN6mm1NQRN2om1OPRN1Qn1OmQN3Wn1IZQN4O5gn1GWQNi0in1701OON2M3O10O101O1O010N1O1O3J5O1O8I2N_OG\QN7cn1K^QN1cn11^QNLdn13e00O02N1KoXgP3
20110408083214Th_4,VkjW32mo13K5K6I4L4mPN_Ocn1U1H8I301O1OO10N1O03N2M3H7G:O4L6J3M2N6IPUcf0
20110408083214Th_5,affW23ko13F900O101O01O0O2O0O2O1O2N1O001O00FJjPN7_o110O1O10O010O01O1O]Yaf1
20110408083214Th_6,Yidn15io13N3N11N001OaPNKTo1`00112O02OL4M2bQNYO^m1j0]RNXOkm1i0jQNYO]n1a0aQN_Oan1`0]QNAdn1n0101N1N8G2O1M3K40000000000100001N4J5ImTQo1
20110408083214Th_7,YdbX36ho17J4M2O1001N00O2N2O20O4N1O1L3O02iNCdRN?Vm1ClRN?Pm1@USN?gl1A]SN>al1B`SN>^l1CdSN<\l1CfSN=Xl1BkSN<nm1OYNFjSN7Vl1HlSN8Pn1M3Mkm;NWRD2O1N00002N1K310h[cd0
20110408083214Th_8,QXQ^18co18K11O1O1N1OM22O1N1010000O02N11O0O101OlPNHan18]QNLan14_QNLbn14^QNKbn15_QNIbn18c00O1O1O01O00000001OO101N100001O1O10O010O01OOSQNFXn18iQNJUn16kQNKTn16kQNKUn15lQNITn18i001OO10O1N110O101M2O1M4Omin]2
20110408083214Th_9,Tk^n16jo1OWNOfSNOTl31]RL3Vo1KmPN3ao1OEMiPN3bo1004eo3I`PL1fPNO\o1000fo70iP60PP@0^oc00`Tan1
20110408083214Th_10,^^bR22no100O01O1N2001NfP20ZoM2O1EOePN2Xo1=N101O100O107JO2N3M1N4M2M10O2N3M1O1N2O1N10001O0001O010O002N7I3M1O1000O1O1O101O01OO001O1O001O10O01000O1O1O1N10001O000BePN7[o1IiPN0Zo10;00O_na01Rc_g1
20110408083214Th_11,d[_X11mo15L4\PNJWo1a0N0100O1O10000O001O000000O1O1N2O1001N2O1O1O2O00000001O00000000O1O1N1N2O2N1O10O0N4N101oLGYVN:mNCRi15mWN9POEfg10kWN3]19POEhg11jWN0^19QOGgg10kWNO]19SOFfg12kWNN\19fh1HhXN7Yg1HhXN8`k1O00001O1O1O1N3MZPf1NhoYN4M01O1Olje0OUUZO3M2O00OXPP1MkooN20N^j^_2
20110408083214Th_12,ld\X31Zo51cPLORP40koK701gQNI_m1OlQN4Po1OYn7NgQH200PQNMTn12oQNNnm10WQN0lo50joK0<0D0[PN5eo10M32H\PN0eo10]20RWce0
20110424064534Lh_1,c]mk02mo13M3N1EKhPN5Yo19O1000002N3M1O1O1N2O1O100O11O=C1O1O0000001O1O100O011OO0O01O010O1O001O1O010O10bNJPSN7ol1KQSN4nl1MRSN2ol1NQSN2nl1OQSN1ol10QSN0nl10SSN0ll10TSN1kl1NWSN2cl1NbSN2^l1NcSN2]l1MdSN2\l1NdSN3^l1JbSN7Sn11O1O0001O0O101O1N`NOTSN0ll11TSNMnl13_10001Kfb`o2
20110424064534Lh_2,_j^l16io1<D2N2O1O1O1O001O00001oPN_Obn1R1M1O100O1O2O2M2O6I1O01O1O3L6K1O001O0010O0001O00000O1O1O1N3N1O2L4M3N3M4L10001O00000002N2O0O1O001O0O100001O0000010O00001O01O?A101N10O100=JJN1O1O1O2N1O01O001O001N3M1O2M4QOaQNJon13TQNGRo17=N101N4KlSUm1
20110424064534Lh_3,f^jh09fo14L3N5L8I2M3N0O2N1O01N7KOO1O2O1N3LXQNFc0F]l19oRN=0Fjm1`0oQNAQn1c0jQN_OWn1X1L4L20O1OO3N4K4L3ON8H2]N^RNc0em1ZO_RNc0cm1ZO_RNd0_n101O0O1000001O1O2O9F2O001OO0100O001O1N3Mo\gS3
20110424064534Lh_4,k_^W12ko17K2M2N2N1O1O1000010O001O1000002N101N00000fQN[OYm1d0gRNCSm1<nRNInl15SSNLll13WSNLil12YSNMhl11ZSNOROIUm15kSN2lNNYm1LnSNg0Rl1TORTNl0bm100O1O1O0002N1O1O3M3M1N2N101OXOaQNO_n1OdQN1]n1MdQN5Zn1IhQN9Vn1FjQN=Tn1BmQN>Rn1BoQN?om1ARRN>om1ASRN>mm1ATRN>mm1@URN?fn1100001O2N1O2N1O0001O0010O1001OO10eM@TUN`0hj1CYUN=ej1D\UN;ej1C]UN<Tm101OO100O1O1O2O1O21M3M1N1O1O1O001O000001O001O0O2O0001O1000O1O1O1O1N1O10O10001N4Km[Wa2
20110424064534Lh_5,k\mg13jo15L2N3M2L4N2O1000000O100O2N1N3N1O1000O10O100N2O2L3M4N001N010O100O1O01N1O011O0O2N2M2N2000000O1O11O110O1XNRO^TNn0ak1UO]TNk0nNnNUl19jTNj0oNPOVl18hTNg0lk1YORTN4dl1LYSN1ll1OSSNOQm10nRNNUm11kRNOWm1OiRN0Ym1NlRNLSdVT2
20110424064534Lh_6,R]Sf16go14N2O1O1O100O0001O00000001OO100O1O1O1N101Nmo9KYPF3LOZPNNco10bPNO[o11gPNOXo10:1OOQP80RPJ0ko;0UPD0N0eo;0eQF0[mK0_R60dbZU2
20110424064534Lh_7,hhf=2io18J3EEnPN>nn1<K7L;E3Fc0E4MRN`RN^1:aN[l1LiSNU2Sm1M3M3M40O3MO0O1YNWRNT1km1eN_RNV1an1@:C=FbUi`3
20110424064534Lh_8,QZch05jo12N1`PN0Po11mPN5a0Dgm1l0VRNTOjm1n0TRNQOmm1P1RRNPOom1P1nQNRORn1P1jQNROWn1n0hQNQOZn1o0<O00101N3M4M1N2N1O2M2N3J_Q6IknI3OO0O2O[Qd1NQoaN0cm10bSF0Qo=0boC0aM8dTNHZk18W2O1000oNLWRN2im1OnTNLah13aWNM\l30moM0Un=0ST@0Qk11QSN2Uo10jPN1To11kPN0d1Kdk13hRN4To1KnPN3d1Knk14dQV11ZPjN1N2O105J3N0O1O1O1OM3N200O1O2O1M4K5Mfchn2
20110424064534Lh_9,UagQ22mo14L2N2O3L6K1O2O001N100O100O01O:F2M5J\^Rm1
20110429120534Ch_1,bglR25ko110O0002NO`m3LdRL3N2N3N1O02N001OhRNLcj15WUN2hj1NUUN4lj1LRUN4Pk1KQUN3Pk1NnTN3Rk1NmTN1Uk1OjTNNYk13hTNH[k18V22OO100000100O0000001O001O00YOHeQN8Ro110O02O0O1O001N3M3M3M8H11O1N011N4M4K2O0O101O1N100O2N10000O0100O001O2N1O1O00001I8M2O1N1004^OnPNMVo1KSYeg1
20110429120534Ch_2,\`nn23jo15M4aPNHon1g0N1N3N1O001OO101M2L5O0000001O1O10O100000010O1O11OOO100O010O001O1O10O01000O10001O00010N2N100O010O000000O101O6I3N1O001OjPNFH4bn1T1OmN_QNf0cn1VO_QNj0ln1O11OO5L3N00O1O2NO4M2M1O001O00002M1O2K6LS]gk0
20110429120534Ch_3,^^W^24ko14M0000002hLGeVN:Wi1KgVN6Xi1JgVN8Zi1EeVN`0\l11O0O100`M^ObUNb0^j1_OaUNa0`j1^O_UNb0Xl1CmQN<Un1IdQN7]n1K_QN7an1d00000O1O10000000N1H9L31^MXOjUNj0Sj1]ObUNj0]j1\ObTN`1^k1cNmSNA0l1Wl1]15KkSNeLRl1n2mSNSMVl1Q2gSN[N3DZl1P1^SNA<Ill1:PSNH9Kil1:USNA74el19VTNFmk17STNIQl13PTNLRl12nSNLVl12m1Nicf^1
20110429120534Ch_4,gcd\21no13M3N3M3M1O1O0003M001O000002iPNEen1<YQNEgn1<XQNCln1:SQNGmn19SQNGnn18RQNHnn18SQNGnn18>O00100O1O01O0000001O1O01O000000001O001O1000O001O2N00100O1O1O01N3M1O100O100O001N3O00e[[_1
20110429120534Ch_5,_md<6ho14L3N2M2O1O2N3N2N2N1O1O000000000N[OUQN9jn1G[QN4en1L`QNNan13f0O0OeI3g\NLXc17f\NIYc19f\NGZc1:e\NF\c19d\NH\c15g\NKZc10i\N1ci1N100O1001N10001N1O1O2N1O2O10O001O1O1O1O1O1O1O1NK052O1002N1O1O1O1O1NmmW16fQhN;D<J6K5L3L2O2M2O1O100O000000000N2J7H7L5A?M2O2MPOWSNoNdl1R1aSNmN\l1T1gSNkNnk1]1WTN`Nik1_1ZTN`Nek1_1]TNaNck1]1aTN`N_k1_1dTN_N\k1`1jTN[NUk1Q1QTNkNR1Knj1Y1V2002O001O0001G9L4N2O1N2O2CPQNDUo18<NcYoZ3
20110429120534Ch_6,bjTb01QP40^nM0QS20_nM0[N0moi00YQVO69K400010dSNOih10fVN0_M0kk10eUN0SO2XOOnk1OgUN1[O0gN1Wl1NeUN2A1jj1Md3010_QN0Rm11oRNOQm10oRN1Pm1OPSN2Pm1NkRN4Xm1L^10O1O10010hPNObn1ORQN0[o10cPN0`o15cYmZ3
20110429120534Ch_7,YWgd12mo16QQNJjm15URNMjm11S11N1fQNMgl14RSN4ml1LTSN5kl1IWSN7Yn11ON2O01N002M2M4L4H7O1O0NL5J52O11N2D=JQi`Y2
20110429120534Ch_8,dghR23lo114Mcl53oSHMgn14XQNLin14VQNL_o10O1O0101OZS>0flA1Ynm00bPVOOURJ1km12WRNMkm10WRf00nnYO0YQX10fnkN0PPL0Vo30i03QPLON1ONlm1Om\[g1
20110429120534Ch_9,ie^n21oo1005L1N2O1N001O000000000O2O001O3M001O101O1N2O\OkPN<\o10001N100O2M3O001O000000000000M3O1000O10O10O101N2O1O1O1O1O1Ngo=1WPB200O1O2N1OO20CMlPN4Ro1>O1O01ElPNJSo17oPNDTo1::K401O01O0O2O001000O10001N3MlZmk0
20110429120534Ch_10,kbdf26jo12N1O002O00NfP`0Ibo_O2N1O1O1N1102NO001O1O1M3M3O0O2O000O20O2N1O1O5K1O10O01O000000000000O1O01000001O00001O0001O001O01O4L00o[WU1
20110429120534Ch_11,`gPQ13ko17G8K2O113M10O3MO0010O3MYRNAmk1?PTN4`k1K_TN8`k1G^TN9ek10PTN0Pl14lSNLTl1?aSNA`l1f0XSNUOVm1e0gRNWO`m1[1<K?Ag0YO:FnU[m2
20110429120534Ch_12,P[[m06io12O001M21O0000000OO0O3N1100O0010N2N2O1O100000000O100O2O1O1OO1ON210OL32N2L4M3O1O0100L4N2O1000O1O1O3N000001O9G1O1O203L1N2N2N2M\efn2
20110429120534Ch_13,oeh^13io14O2N2M2O1RRNFVl1;iSNEWl1<fSNFZl1:fSNAYl10\RN?[1AXl1g0`10O101N1001^OoPN4Qo1KVQNOkn1NWQN1in1NXQN3hn1KZQN5Xo11001N1000O01000O010O2O5K1O00O1O2N1J50ePN5To13`PNEYo1:601N4KjX]^2
20110429120534Ch_14,oef^13lo1Nko50QP20VPJ0PPN0010O10VQN0cm12aQN2b0Lim12dRN0Zm12dRNO\m10\1OO1nP2M\oK0[o30oP:0`oC0O0O00000ZP<0^XQ^2
20110429120534Ch_15,l\Yk08ho1000000O3M`o70aPH1N2O1G8O010kMBhTN>Vk1EjTN:Uk1GkTN9Uk1FlTN:Tk1DnTN<Rk1CoTN=Qk1CmTN?Sk1AmTN>Sk1CmTN=Sk1CmTN<Tk1DlTN<Tk1DmTN;]m1N4M1N3NlNL]RN3dm1M[RN2]m1NhQN0]o11YP2OQPN000000080Xo11nPLOSo11>0^PNOUo10kPN1Uo1OkPN0co100000]o30cPL000oo10fPN0\O0Xo10fPN1gPNOYo10YO0g00ePN0fn10d00N0iP:0ZoE010000000RP20Zo30ePJ0001030M0:0\O0`PN0bo10[PN1fo14\Q:Khbnm2
20110529063154Uh_1,Tco`12no11N2O0mQNMYl14fSNLYl17eSNI[l18dSNH\l18dSNH\l19dSNG[l1:dSNF\l1;dSND\l1<c12O1O1O001O100O100O102M2N2O0O100O1000O02O0O100O100O1002N1O0000000O2O0O010O0010O0000001O00000N2K6O00001O00001O010O100000O010000O10O3N0013L2O0O10OO0100O1O010O1O010O10O01O10O010O0001O10O02O2M010O01O0010O10O0100O2O2M2N1O2AmPNMTo11nPNNco1O1NVPP1NmooN0001O00QP22moM1O1O0O2N2B?M2N1O3M2O1N101N1001O00001O001O1O0010O01O1O1O101N1O1O0010O010O01O001O00000O100O010O001O1O100O1O1O2O00001N10001O00001O0O2O0O10001N10001N1O2NoYTQ2
20110529063154Uh_2,obdi11oo13L1O2N010O100O1000001O6J1O1N101O1N101N101N1O1O1000O0100000O1O001O0001N101O100O0100O10O10O100O01000O100O1000000O100O1H8O1O1N3Ng][R2
20110529063154Uh_3,a`g]25ko12M2O001O0O101N101O0O2O1O1O2N1O001OO101O00000000000100O10O10O0100O0010O001O1O1O00001O0000000000O101N10000O10000J6OCEVQN<in1JQQN7on1=00O10000O100001O001N2O1N2N1O10000O100O0100000O10O00100O0100O0010O01N2O100O10000O10001N100O2N2N3Kk_^[1
20110529063154Uh_4,RcYT2153`o18O2N1O101N2N2N2N1O9H0O2N10O1O001O00iLQO^WNn0bh1RO^WNn0bh1SO^WNk0ch1UO]WNk0ch1UO^WNi0ch1VO^WNj0bh1VO^WNi0dh1VO]WNh0nk100O10000O1000O1000000O1000000000001O0_OZOhQNf0Wn1\OhQNd0Wn1^OgQNd0Xn1]OgQNc0Xn1^OhQNb0jm1UOZRN:Ka0jm1WOZRN8La0jm1WOYRN:L8Qn1_OSRN:J8Sn1_ORRNS1om1nNoQNS1Qn1mNnQNS1Sn1=000O10000XOkQNEUn1;kQNDVn1;lQNDTn1<mQNCSn1<oQNWOK4Wn1c0WRN\Ojm1c0WRN]Oim1b0YRN]Ohm1a0YRN^Ohm1`0[RN^Ogm1?o0M3N4Ld1JbN2N2N1O0O10100000001O0000O2O0O2N2Olm]2OTRbM1O1O1N20O10000KYo?0ePF0WPJ0[PN0eo10D0iPN0co1010@0nPN0bo100000]o;0bPD0ePN0fn10ZQN0fn10ZQN0[o10010O[O0[QN0en30[QL0en10e00fPN0en10f00dPN0fn10ZQN0gn10YQN0fn10ZQN0fn10[QN0dn10]QN0bn10g00hPN0`n10`QN0Woa00hQ^O1Xn11L3[NK_SN5Vn10fMKiTN4Xk1LmRN4Z1Nhk1OmRN3en16\QNFmn14TQNL`o10Uoe00lPZO0fPN0bn10]QN0dn10\QN0dn10f00ePN0fn10ZQN0fn10YQN0gn10ZQN0fn10e0000dPN0gn11d0OePN0gn30d00QPN0c00Zo30RPL10O0010oo10co10kPJ0ao50QPL0K0YPN1b_`[1
20110529063154Uh_5,iilU31oo11L301N101N1O101O0000000O10000000001O002N001O001O3M000000M300O100000000O2O000O1I70O10O1O1000O1000010O010O01O1OUP8MnoG000VVUf0
20110531070514Th_1,UcVg01n00Qn12\QNO33`n1OYQN5OOhn1j000000O1ON3L42N1O000O101O001N2O1O2M2N3K5M101O1O1O10O4M3L2O3N1O2N206JO002K3N1O1O2O05NO0O1N0O1OO01O1O1N3M2N2N1O2O1O000001O000K5O1O10000010000O1000O1O1O1O101AdPN6do11N2N1O2N2N2N2N2O1O6K1YQNVOSn1k0gQNXO[n1U12F>WOVQN0gXkR3
20110531070514Th_2,QdaR22no1OXoe03ePZO4L4L2O1O2N1lPN_Ofn1d0VQN_Ogn1c0XQN_Ofn1n00O10001O2N1O010O0002N2O1NTO[QN>en1A\QN?en1^O]QNa0en1\O]QNc0To1L1000[QNBfm1?YRNAgm1`0XRN@hm1a0k01mPN]Ogn1e0UQN^Oin1n0N10000WOPObRNQ1\m1POcRNQ1]m1oNcRNQ1\m1oNdRNR1[m1nNfRNS1Wm1mNkRNS1Tm1mNmRNU1Pm1lNQSNT1nl1lNZSNm0dl1SO^SNm0al1ROaSNm0_l1RObSNn0^l1POdSNP1fm100001O1O1N101O1N101O10O2N:G1O1N10O1O1O0000000000O10000000\NWORTNh0mk1ZOSTNe0lk1\OUTNc0kk1\OVTNd0jk1[OXTNd0ik1ZOXTNg0gk1YOZTNg0`m10000O001O000O100O10O1O1O10GoPNCQo19SQNHmn16TQNLkn11WQN0\o10O1M4N1O2O0O2N2N3M2N1N3N1N3N1N7J2O1O1O01O:G5J2N200[OnPN9do1JO00O10O001O1O1O2N1N2O000000001N101N2TO_OWRNa0hm1@XRNa0gm1^OYRNd0an13L3J5K5N1O1N2N3N1I\OjQNLVn1HkQNG0a0Wn1DWRN<fn11O010O01O001O011N4L2N100O10O01O10O01000O1O01O1O1N4J4NhXf`1
20110531070514Th_3,fZTP14io1:G5K2G]OSQNe0ln180000O2O1O1O1O2NQO_QNa0_n1^OeQNa0Yn1^OiQNb0Un1_OlQNb0Rn1^OoQNd0mm1]OTRNm0am1SOaRNn0\m1QOgRNP1Vm1POlRNP1Rm1POoRNP1Pm1oNRSNR1ll1nNVSNR1il1lNcSNk0[l1TOiSNj0YOWOTl1NfTNh0ROBTl1FlTNf0oNFTl1DoTNe0kNIUl1BQUNe0hNIXl1BSUN]1oj1dNSUNV1Qk1iNQUNQ1Sm1N1O1O0018G4M8HO00000001O000001N3N2M3[O^QNHcn17aQNE`n1:aQNE`n1:`QNFan19_QNHan17_QNJan15_QNJdn15[QNKfn15XQNLin14VQNKln1d00O2N2N2H8M3M3N1N2MfQN0kl1NTSN5kl1JUSN9Wn1200O2O:F1O10N2O1N0O1FjPNHXo18801O1NhP`0MYo_O31OiPNOWo14M2\ONSQN7kn1d0K1N100000O2N2M3O3L3N2N2N1O001O3L9Ga_Yh2
20110531070514Th_4,kYah02mo13M100O2O00001N01O1O10bNMoRN2Qm10nRN0Rm11mRNNTm13lRNLTm16jRNJWm15iRNKWm15iRNKYm13gRNM[m1OfRN1en10O100O001O0O2O1N1O1O1J6N2UOFoQN<om1i02O2K5N2M3N0O2M3N2F;D=MVh`T3
20110531070514Th_5,nab\17jo100O1O_P2O]oM7N11001OO1O01O1O101002O]QNE[m1:dRNF^m19U10001OgQNLel14XSNNil15PSNMSm18eRNH]m1;aRN_Oem1b0m01M7J00O13_NQOjSNS1nk1TOQTNi0mk1ZOVTNJlN6Pm10gTNMZk12kTNIWk15^2Ji]m`2
20110531070514Th_6,Wb`\21oo11O0O2O1O1WQNMcm13]RN1_m10`RN1^m10aRN2^m1NbRN3]m1McRN3]m1McRN3]m1McRN3_m1K`RN5cm1G_RN9dn101O00001O001O00000000K5O100000000O100O10O0O2O1O1000000O10001O000O100000001O0000000001O00000000O1N2O10000000001N2O\P:0doE2N1O0O2O11N2N1O0Ono5OTPJ0]O4;6L3O1N2N101N101O0O2H[OSQNe0mn17O2N1N200O1O01N0O3O1O1O10000000O100000OO11M2H9L4O0O2N200O5L001NaPNOQo11nPN0Ro1OoPN2Po1MPQN5]o100001O000003M001N101O0NT]QZ1
20110531070514Th_7,eZTP1140TP22FO00000000001ORP20ooM10OVO2bQNNdn70dPJ0TQN1gm1OZRN0mn10kn51RQJ2R2OXLN^SN0bl10`R27bn3IkQL0cnM7\P20LInoM00000an90cQH0cPL4Uo1L4000000000dPN0Qo10fo30ZQ25ToIKI0?0O000UPN1eo10YPN0ho10WPN1io130O100O100OPckj2
20110531070514Th_8,UcSe22mo12O0O2OO103MSP63joI00000O104L1N1M4O0O100001O10O1O001O001O1O1O10O00001O000010O0iPN]OQo1c0oPN]OQo1c0601O0O10000O1OXOAPRN<ln100000O100]OEaQN;^n1J^QN6bn1J^QN6bn1K]QN5cn1K]QN9Tn1DfQN369Sn13lQNNSn13mQNMSn14lQNKUn17iQNHYn1n01O2N2O0O1N2O10000O10000O10000O1O2N2ROVQN80KVo1KQQN5^o1O000O2Oi\XU1
20110603123034Ch_1,\cjg11mo13N7J1N100O1O2O0O2M4M3K4N1O2O000001O1O0O10000O100000O1O1O100O10001O001O001O1O1O1O2N1N2O10O00000O2N2N2O1O001O1O0101OO10O00001O1O1M4N2N1N1110cNcQNU1dn1O1O1O100O2O002M101N2O0O10UQNWO^n1j0^QNZOcn1Q10NeQNlNQn1o0nQNSOTn1j0kQNXOVn1c0lQN@Tn1<kQNGWn17gQNLYn13bQN2`n1L`QN4bn1J]QN7dn1I[QN7fn1a03M2O0O001N2N1O2O00001O3M2O0O2O0O1000000O1000O2O0O101N1O1O1O000000000000000O11N106I2M2O101O001O01O1O010O1000O100O1000O1O010O0100O10O10O10O1O1O001O1O001O001O001O00001O@kPN5Uo1JmPN5`o1O1O1NYYel1
20110603123034Ch_2,Sk^e05ko12M3_PNNPo1b0000001001N1O2O3L100O0010O01OO1_QNJWm18cRNK]m1?WRNBjm1?TRNAnm1?PRNARn1>nQNBSn1=nQNBTn1<lQNCWn1;iQNE[n19cQNZOnn1d0PQN\OSo1g02N1O01O10:F05L0N2N000M3000000011OO1O0O1M301O3M1O10O10O0100001N2N3M2N[RaV3
20110603123034Ch_3,g^^h02`P82YoI4N2N101O1O1O1N2K5L6L4L200O10O1O2N1N1O1000000O100O0100K5N2O101O0001O1O1N2O00001O100O001O1O2N1O1O2O2N0000O2O1N2O104N;VQNiNom1c11N3N4L3M2N2E:M4C<M3M4Mg_kR3
20110603123034Ch_4,^Xml15Y1NXm11fRN0[m10dRN1[m1OeRN0\m10cRN1]m1OcRN1]m1ObRN1^m1NcRN3en10O1O001N11O010O01SNKnSN5Rl1NkSN2Vl1OgSN2Zl1OdSN1]l11`SNOal13[SNNgl13TSNNol14mRNLUm14hRNMZm12dRNN_m10`RN0dm1N[RN1jm1KURN7hn11L4J5N11O2N01N21N11K41O2N2N2N2O1O\O@jQN?Un1CiQN=Yn1CfQN=[n1CeQN;]n1EbQN;^n1FbQN9_n1G`QN7en1FZQN:Vo10000O100O1N202N3M2Mgo12XPN2ohjn1
20110603123034Ch_5,Z`bh13lo12O1O0O20O001O2Lmj?5iT@8O2iPNDfn1=UQNHjn1g00000000O1O2O000O2O0O1O1O1N2O10O10000O2O10O00001O1O1N4K9H2N3M[Pd00do[O3O9F3N6J3M1OO1O1O1O101O000O2O000O100O1O1O10000O100000O100O1O10000O100O1O2N101O0O11O00000000000000^UNYOke1g0g41N101O1O0RQNXOen1`1B1N02O2M2M2O0O2O0O1O1O2N5K2O2N1O1N2O000O101O00001O2N3N000000O0010O010O15K1oPNYOen1S1O000O00001O0O1O10O010F^QNUObn1l0:O000UOTQNb0mn1\OTQNe0So11O7I1O1O1O0O10000OYOYQN6gn1KYQN4hn1LXQN3in1MXQN1hn10YQNHnn18>0O01O2NnQNFal17]SNMbl12]SN0cl1O]SN2dl1K\SN6Vn12N1O1O2N1F:I7O1O10O100OTOUOeRNi0\m1YOcRNf0^m1[ObRNd0^m1\OcRNc0]m1ZOgRNe0Ym1ZOkRNc0Um1\OnRNb0Yn10O1O1O1O1O2N4L2N1O01O010O010O100O01O000001O00001O100O010O11O0O10O01O01O001N2L5K6K5L8I1O0O100000N2PQNMSn13kQN1Rn11mQN0Rn11lQN1Sn11jQN>hm1CVRN?jm1AoQNf0Pn1e0000O101N1N3N2L4O1N2O1N4M1M4A>N2N[`_e1
20110603123034Ch_6,edbS14lo12N1QRN2jk1NUTN5ik1KXTN6gk1J[TN2fk13VTNImk1=oSN@Rl1f0a12O0nPNC`n1KeQNd0Zn1VOoQNl0an13L4;FM1NUOoPNi0To12N00Ob0^O001N0200N10O11O;KLM5L1O01[OnPN6^o1OVo7LoPH0MO04N2001OoLNUVN3hi10VVN1ji1OVVN0ji10XVNMii13ZVNIii16R3NUTNOig1OTXN7ik110O1N2OUWgh2
20110603123034Ch_7,hY[V15co18N2N2O1N2L4O1M:A9M2O1L3N3OYOmQNBTn1>mQN_OTn1b0mQNZOVn1f0jQNYOVn1h0kQNVOUn1k0lQNSOUn1m0>1O\O_QNJbn15`QNGcn17c010O01O1O1N2N2O100000000000000000O10000O1000000O2O1O00000001N1O10O1000O1001O000000010O0O2O004L00000000100O0100O1000O010O010O011O2M1O3L[glc2
20110603123034Ch_8,idbS11mQ23mMN_PN0Zo1OiPN1do1O`M0cTN0VN1Wm1OdTN0QN3\m1MQSN2o0NaN3`m1M]2010jPN4\n3L]QN0]O021<Od00RO0QO0i10SO0QP20VP40WPL2lnM2VQNMln1Od00fPN0ok10lUN0jj12VUNO`M0402O\l12[VNNXM1ao13\WSj2
20110603123034Ch_9,^XiR25io13N2N3ON2GPS82UmG2M2000M4O1N`n10_QN3N02MlP42jmK2`RN1]m12`RN0^m12aRNO]m12cRNN]m11dRN0Zm10gRN1Wm10kRNESO4hm1?]SN@bl1`0oRN_ODOQm1n0[SNUOSm10`RN9?FPm10cRN8`0Fml12dRN7`n1FbQN9So1O00000001M21000eQNGol18RSNH_l12aRN5Q1I_l12^RN5T1I`l10[RN5Y1Ldl13]SNNcl10`SNN`l10cSNOWn11O1O00ORfbi1
20110603123034Ch_10,`Z_U13lo11O1O2O00O100O100000N2O10O2N1Nko;OYPDO01_NOQSN0_n10Yo10nPL0do1060PO0PRN0Po10Xo90[PH0UP:0XPD0000000dPN0hn=0VQB0ln10b000000aPN0Po30_PN0000000`00@0O0@0RQN0nn10RQN0_o1000_O0RQN0nn10RQN0nn10RQN0nn10RQN0nn10^SN1Uj10iUN2Wj1M^SN0j15gj1LgUN5Yj1KfUN7Zj1L_UN7cj1G\UN;cj1E[UN<fj1DYUN=ij1AWUN=Xm1MgMFQUN6`m1L]efd2
20110603123034Ch_11,ha`b0`05Bfn1W1_O2kQNmNPn1V1QRNiNnm1W1URNfNlm1Z1=N2H80001O0020O1O0003M000O0010001O1O002N9G2N2M2N2N3M1NfP`11Zo_N3M2N5K5K2N2N3N2[RN[Okk1e0QTN_OQl1`0jSNCZl19jRN[O;?Sm1M_RNI9a0Um1F_RNK:c0Vm12gRN1Ym1OeRNWOM=^m1<cRNVO2>[m1=RSNCol1;RSNFnl17USNIjl12[SNOdl1LaSN5Un13L3N1N100O10WOUQN<Yo1O1O00O100O101TNDRTN<fk1K^TN1^k12dTNMXk15iTNLVk13kTNOUk1KPUN5Qk1ETUN;Zm1M=DhXSW3
20110603123034Ch_12,bYae16io17I2N100O10O10kPNAjn1=WQNEhn19YQNH_o11N2O0O100O1O1O001O0O1000O101M2M210001O0O1O1O1N3H7N1QQN@an1>cQN_O^n1`0a0M4L5HVglW2
20110706164014Mh_1,QoZi23ho1:G7L5K7J2N2N3L6L2OkNlQN?Rn1\OYRNa0en1N2OM2O00N1O3M1O000002N2N100O10O1O1O001O0000000O2N2N3M5JWoTT1
20110706164014Mh_2,kcXe26io12N3M2O1O1O2O05L0O1O01N101O1O00000fPNF0Obn1U1ON1N1N2O1N2O0O3C<01O4L0010O2N3DBQQN=[o1NVOFoQN9ADUn14\RN7_OLgm10PSN3WONim1JWSNf0hl1ZOZSN4nN3hm1I\SN2mN4gm1J^SNOmN6em1JkSN1eXQX1
20110706164014Mh_3,kZaY24ko13N10MnP6OUoI3L1O0H43101O1O100O1O1000O0O2L4O1O1O002MZP<KmoC0nn54nPJ5K0O010O1cPNMkn14VQNMfn14^QNK^n17dQNIYn18iQNIRn18QRNIkm17XRNJdm17^RNG`m1;bRNC^m1=dRNBZm1?iRN_OVm1`0T1OURNAYl1<hSNKTl13oSNNnk10VTN0jk1NWTN2ik1MUTN7jk1HVTN:`k1O`TN2_k1NbTN2]k1OcTN1\k1OfTN1Yk1OhTNC]N1jl1<XUNBhj1=ZUN@ij1>]200000fQNFnl1:QSNHnl18QSNJnl14SSNNll11TSN0ll1OVSN1il1NYSN2fl1M\SN4bl1KaSN3al1GeSN5acZa1
20110706164014Mh_4,R\e>2mo120O00oM2QTNLPl16l12M2O010O10O0O2M3N1O3MiP80RoG8M2O10O001O1OePNLkn13TQNOPo1LoPN6]o1010[P<HkoC101A1jPN0Vo11iPNOWo11iPNOgo11NNgo?5TP@1N2O001N10000O10000O1O1GBoPN?on1;N10000001O2O2M3M1N2O1O1O0O1O100O01N2M210O10O1O1O10O0VOAURN?km1BTRN>lm1BgQNOO`0Yn1BhQN2K;^n1DeQNi0[n1[O`QNf0`n1ZO`QNf0`n1=NoNbQNd0]n1\OeQNd0Yn1]OhQNb0Zn1[OiQNc0Zn1ZOjQNa0So1H5Ion3JZQL0ceTZ3
20110811121534Ch_1,QjRo07ho11O101N1O001O1O0010O1O010O01O1O010000000000001O0O10O10O01N2O001O001N10001O1O101Nlog0OUPXO1O100O10000O10000O101OO010O1O1O00101N2MZo95aPF3N2N1O0O2O00000O1O101O0PQNA`n1`0^QNBan1>_QNC`n1=`QND]n1=dQNDZn1>dQND[n1=dQNC[n1?cQNC[n1?cQNB\n1Q1N2N2N2O1N2N2OVOQRNEom1;URNAkm1`0WRN]Oim1e0XRNXO^m1H]RNR15TOVm1`1kRN]Nnl1l1`02NE[RN_Nem1a1^RN\Ncm1c1>00O2N2N3M5K1N2N2M3M2O]TNSOVh1m0hWNWOVh1i0iWNYOVh1f0lWNZOTh1d0mWN\OTh1b0nWN]ORh1a0RXN\OQh1`0RXN_Oog1:Q4IaZYh2
20110811121534Ch_2,nfnU37go11O10O001M2N03UONiQN3Sn11lQNOQn16oQNG30Qm1=\RND3N?5kk1K_TNj00@Zk12\TN`09]O[k1<UTN8=[O`k1=UTN4;@`k1=UTN1;C`k1=UTNK?G]k1c0PTNCe0J\k1i0iSN[Om0K\k1i0eSN]OP1Hdk1Z1\TNgNok1m0QTNSOQl1LVSN<i0Ghl16ZSNHll12d1M3LeZYh0
20110811121534Ch_3,Vlhj25ho13O1N2N1N3ML60100O0O2N2O01O100O010O010O0HKgPN5Xo1:0O1O1OO11O00001O1000000O101N101N1M4N3MiTcR1
20110811121534Ch_4,g`Qd22fo1b0F0O2O00O10000O010000000O10000000O4L4M0O1AUOhQNl0Un1XOiQNh0Un1[OjQNf0Tn1\OkQNd0Un1]OjQNc0Wn1]OgQNd0Zn1a0O100O1O0100O10O1O10CiQNQOVn1P1kQNoNSn1R1nQNmNRn1S1=00010O1O100O1O0100N2N2O100O000G]QNVOcn1j0^QNUOcn1k0811N101N6J2M2O1O1O1O1O3M1N3Li`ZW1
20110811121534Ch_5,T]dP11lo13O2N00100O1000O2O0000000001O0000001O1O3M1O3L1O1000000000000000000000000O2O00000000000000O1000O11O01O0kPN^Oln1l0O1N1000000001O5J1O2N3M3N1O0O100O1O1O100O1000000000000000013NN0101N1O3M1N_bii2
20110811121534Ch_6,Qij\31mo17J010O00O2NgP4O[oK2O1O001H7O2]QNBbm1>]RNC^m1b0bRN^O]m11nQN6f0G]m13mQN6So1ImPN8Ro1GoPN;[o1000nPNC_n1?ZQNEgn1;WQNFjn1<SQNDnn1e03N\RN\Ook1b0PTNAPl1=QTNCok1<YSN@J6ll1:YSNAI8ml17ZSN@I<ll13\SN_OGb0ml1MhSN;Zl1DbSN`0^l1_O`SNd0cl1XO[SNj0dl1VOZSNm0el1RO\SNm0GTOok1MQTNLCQ11RON6\l1HnSN7Hf00UOO6\l1ElSN=Ka0NVO07kl13XSN>OWOM9il15\SN::BWl16fSNO5MQl15mSNK41lk13STND98dk1FaTN1M7ck1EdTN1M8]n1M1O2N1NjRg?
20110811121534Ch_7,habo12mo12N2N2O2L3N1O1N2N2O100O101O0O101O2N1O1O000000[OQQN9on1FRQN;nn1DUQN9kn1FVQN:kn1DVQN=Vo1000001O00000O1000O1O10O100000001O006J010O00001O01O1O100O0000001N1O10000O11O0000P^Ul1
20110811121534Ch_8,PbPP21oo10000000gQN>Tl1BiSNb0hm12hM\OSUNf0ck1ZOeSNi0hm13M3M1O1O0fNoNeSNQ1[l1oNdSNR1gk1ROaSNLh0S1cm12N1jNjNaSNW1cm10nNiN\SNU1gl1kNYSNS1Yl1mNUSN0b0R1Zl1oNSSNOc0P1]l1POPTNQ1Ql1oNmSNR1=TOgi1JiUNT1?TOhi1HhUNU1?SOji1HfUNV1a0oNSk1Q1n10UOjNlRNY1BSOWl1DfTNU2Wk1kMiTNV2Vk1jMlTNS2el1L1O000002O000O02N?A12M3M1O3M4L11N:F01SN^N]UN2oN>ck1@^VNa0ai1_O_VNc0^l15K3M5K1O1O000N2NDbQNXO_n15[QN9on1HRQN8gn1NZQN2cn1O_QN1`n1OaQN2i0LVl11RSN3e03UOCfl15cSN3a0b0gl1YO[SNg0om10002N01O1O2Nf0ZOmNnQN;mm1[OaRNf0[m1WOjRNi0Tm1VOoRNk0nl1TOTSNm0il1SOYSNT1fm15K1fNaNQTNc0mN3\n1IgQN6Ro1O1O1N2O2O2N001O0MUWei1
20110811121534Ch_9,gZkm27co18M2O0O0101N2O1O0O10000O100O100O1O100O002N2Namg5O]RXJ4N2O0O2N10M2011N11O1O2N^hTj0
20110811121534Ch_10,Y`i`14ko12N100O0010O100O100O002M^Pd11co[N1N100000O100O2N[ne04_QZO4N1O101O001O1O00O2O000O2N1OhPNLfn13ZQNNgn10ZQN1gn1K[QN4Zo1Nfmc10YR\N3N1O1O1O1O1O0001N2O1O1O2Lko;OYPD1bmi30[RVL4M2N10000000O1O10O10O100O2NnebR2
20110811121534Ch_11,Xhda0`0Zo19K4M1O001O00]OUQN0on1KUQN3]o1M3Nc0O_O3N1O0O1O11N2N4M00Sm=4]RBJnPN5Ro1MkZ]\3
20110811121534Ch_12,W_hj07go14H6O2M4L3O1O01O:F01O00001iPN@ln1a0SQN@ln1k0O001O000004L00000000010WOPQNa0Xo11O10O04L00O2N4L4L4L100O2O1Le_cR3
20110811121534Ch_13,YklX21mo14NO]O5SQNKmn17QQNInn1:PQNFon1f0N210:E2OO3NO1O2NAD[QN;dn1F\QN9dn1JZQN5fn1NXQN2jn1NTQN2ln1ESQNe0Uo1O2N5JQUce1
20110819131834Ch_1,Yk\P24io16L2N2N2O0O2O2N1O1O001O0001N2O1O1N10000000N2O1O2N1000000001O10002NO3M2N1O1N20O01O010O100O1004L2N00O3N3M2M1O8H1O0N3M2N2O1O1O2N2O1O0O4M1O1000]NTRNQ1km1mNYRNQ1im1lNZRNS1an1I100O4L1OO100O1O1O3M2N2M3N4L4L02O0O100O2N2N7I2M101N2SOVQNa0Uo1L6J_RWi1
20110819131834Ch_2,_j^e04fo1b0A4N2L4eRN]OVk1d0QTNTOC`0Vl1?TTNVOA?Vl1a0UTNQOD?Tl1e0VTNiNIc0ok1e0XTNgNIe0mk1e0\TNdNIe0[k1X1nTNoMJg0Wk1\1bUNcN\j1>_TNCY1NUj1`0fTN]OY11ni1f0kTNWOX12^i1V1\UNeNX14[i1e0TUNWO;NV16[i1e0UUNWO=GU1>Xi1f0VUNSOZ28_h1g0WUNnNZ2<ah1e0XUNhN[2b0^h1f0mWNZOTh1d0nWN[OSh1d0oWNZOQh1e0RXNYOng1g0TXNWOlg1h0VXNWOjg1i0WXNVOig1k0XXNSOhg1m0[XNoNfg1Q1e3N2O1XOXQN8gn1IZQN6en1J\QN5en1K[QN5dn1K^QN4an1L`QN4^n1McQN3\n1NdQN2[n1NgQN1Xn1OjQN0Un10lQN0Sn10PRNNPn11ZRNEgm1:o00100O0O2O0001O1O01OO2N1O20O0O2O1O2NPY]V3
20110819131834Ch_3,ceV\1371Yo1>M010OO2K4001O100O100O100O100000001O000O10000O1O001O1N2O1O1O2N1O1O10000O0100O10O1GSO^QNn0bn1RO^QNn0_n1;0001M3O001N010000O101N1N3O00000O100O100O10O10O100L4O1O00O1L30010010O001L3M40O01O1O00010O010O0010000O1O001O1N2O001L30100O1O100O1O1N2O10O010O100O01000001O000O101O2MZ\m[2
20110819131834Ch_4,ne`[11no13M2N101M3L3L4O100O10_OgPN41LWo1Oc0OdPN0jn10b00cPN0ln10oPN3_o101M30`o30^P<0QPD0ooM0gPL0en10d010O100000no50RPJ10O01FOePN1e0Oem13eQNNYo14ePNL\o13ePNL\o14_PN1ao1L;0O10N2000`10`N0oo10QPN0O0O20O100O010O010O01000O0010L4lNL[RN0jm10R10SQN0hm12YRNNdm11_RN0am1O_RN0cm10]RN0cm30]RL0in10kN0XRN3gn113O000MVO0kQN0Ro1100O010O0001Oko90UPF000M30MSP20PPN0oo30PPL1DOjPN0Xo10g00do50PP40QPF0F0dPN0\o12aPNO_o18101N1K5OXPn00ioQO2N1O0O100000010O0000000000000O2O00001O001O00100O2dPNHln19SQNJkn16RQNMmn1d0O1O00010O0100O0000001O1O001O100O01000O1O1O001O00000O2O0O1N2N2O100O10001O1N3N0O3N1O2M][WV2
20110819131834Ch_5,fh`Q31oo10fm30bRJd0kn1ATQN>jn1BWQN?fn1A^QN=cn1^OaQNa0_n1_OgQN>Vn1BkQN?Sn1APRN<Pn1D\RN6^m1JbRN:Xm1IgRN9Wm1GiRN;Tm1FoRN;ll1EXSN;el1E\SN:dl1E^SN:Un1O0020O02M2O0O1O102M010000O010O02N2N`WSl0
20110819131834Ch_6,]j^e0249mo1FO0SO0hP20N1SPNOcQN0ol10RSN2[l14oSNNnk1LZTN4dk1L^TN2gl1OQRN3gl1LcSN0ol11VRN0To1OVSN0nl31bPL0on1ObQN0_n11`00]PN1ho1ORnS1ORRlN0\10eN0B1kPN0Vo10dPNOL3ho11on5LgP40]PF0mo70UPH010YPN0_o15oX[V3
20110819131834Ch_7,ff^T34jo17J3N1O0103NO0001O11000O000O000O0100O010oNHZRN6em1L[RN5cm1K^RN5am1KfRNM\m12Y100OcQNO_n15K1N20O1O1O00000O_n3KfQL2O2N1O5K1O0lQNGal19]SNKbl14[RNGf06Sm1NURNNh04Tm1MSRN0j02Tm1MRRN3i0OUm1MRRN6h0Lbm15]RNKbm16_RNIam16`RNJbm13_RNMbm11_RNObm1OUZmg0
20110827141254Bh_1,\l\Z33ak;4fSFQ1_O3N1O2N2N2O103O0YO_NkRNc1Pm1^NPSNc1nl1^NSSNb1ml1\NUSNc1fm1N5L4L2NVVNiNkd1V1T[NkNod1R1oZNoNTe1n0lZNPOYe1o0eZNoN_e1Q1j40WTNmNah1S1V32O3M1OO000O10001O010O010112MO010O1N1O2N2O1N10O000001O1002ON2N1O000O100100OO100101N101OO101O000001N2N1001O1O1M2O3M11OOURN[OZl1f0bSN\O`l1d0^SN\Odl1d0YSN]Ohl1k0oRNUOSm1k0iRNWOYm1g0eRN[O^m1b0_RNAfm1:WRNJkm10TRN4Pn1FjQNb0jn1O1O1O101OmQNYOnl1f0QSN^Oll1b0SSN_Onl1b0nRNAQm1a0lRN@Um1b0fRN_O\m1b0aRN_O`m1b0\RN^Ohm1a0VRN^OQn1?kQNAXn1R11O101O1M4M3M4L2N1O2N1O2M4L9G4J^Q_=
20110827141254Bh_2,Zl`R23ko14N1XQNIdm19Q12N1O1N2O0011N10O100O00001O000jPNAln1>SQNDln1<SQNFnn19PQNH6M_n17[QNL4Obn1`0\QNCdn1<\QNDdn1<\QNDdn1<[QNDgn1;XQNFhn1:XQNEin1i00L4N2O2N10000O100GmPNETo19mPNGSo19mPNGSo19mPNGTo18mPNGSo19;00O2N1N2M]Q>1cnA3L3N3M2O1N3N2N1O1000O1O2@jPN2Wo1LkPN3Vo1KlPN4To1LnPN1RnS1O`QnN000F0a01HO1000M30001O00000O1K6N100O1O10001O1O001O1000O100O1O1O1O010OePNBUo1e00O1O1N10001O001O010000O3N0O1O1O101O01O01O3M3L10003M01N2O6I20O4LO8H1N2O002N7IZQWc1
20110827141254Bh_3,hl\Y21no110000001O01e0O\o10ooM00000fo?0[PB0QR41nkIOoSN2om1OSn3OPRL0TP60lPL0To10loM0WPL1ao183K0O10O100000O1NUQWc1
20110827141254Bh_4,`m^o13jo1301O101N001O010O1001OO2O0O1001N0101O1OO1000O1O1001O01N20O\OBfQN=Yn1DYQNO8<]n1NcQN0^n13aQNIan1NZQNN61`o1LeQYn1
20110827141254Bh_5,ihbb16ho15M1N101N1lNHbRN6_m1IdRN4\m1LeRN3\m1KfRN4dn1N2MhP42WoK5K3N00O1N3M2O3Ngn7N[QH100\RN0Wk10hTN0Yk10[21O1O1O006J10O1O1O010O1O101N1O102M11O000O4QRNNik12TTN2kk10QTN2ok1OnSN1Tl1OjSN1Xl11dSNN_l10aSNOcl1O]SNN\n1N3MXo51ePJ6lMJXTN7gk1L[TNLhk16Q2O1O2M3NUXiX2
20110827141254Bh_6,S^Xm21:0Xo1>HBkPN`0To151O0N2N3M101O1O10O10000011O1O1O0O1O2M3L`bYQ1
20110912142254Bh_1,\dng06ho15K;F3O1N7J1N2OO01;E011M3M4M2M2000O1O00001O0000O100O01000O000001O3L4M2`QN@\m1?cRNB^m1=bRND^m18eRNH\m1OmRN1Tm1KnRN6FGhm1:WRNHhm18XRNHhm18WRNJhm18TRNKkm18QRNIPn1:lQNFTn1<jQNCXn1>fQN@\n1a0cQN_O_n1`0aQN]Odn1`0c0K1002N3MO001O2N1O1O000000000000001O0O2M2O3L[X]S3
20110912142254Bh_2,baiT26ho14M2O0O100O100O10O01O0O2O001O100O010000O10000O1000000O1000O010O01O001O010O010O0010O01O1O001O1O0O2O1OTOOlQNOUn12kQNLUn16h02O10001N101O2N2M2N1O1O1O0000001O01M2O1O1L4N10^OMYQN4gn1b01O0O200O1O001O1N10100O1O1N2O1L5L3O1O2N1O1O1O1O3M1OZQh00knYO4ioMO1O1N10YM8VUNHij1:]22N101N3N1O0O101N100000000O1001O0O2O1O001O0000000000O2O00000001O000000000000000000O1O101O0O100010O001N101O1N101O0O2O001N10001O000000000000010O00010N101O001N2N3MYb\^1
20110912142254Bh_3,]edc24ho15N2O0jQNFgl1:XSNFjl18_1001O2N2N1O0000001O001O001O0001O000000000001O9G3M000O10000O10000000001O0000N2O2O1O9G2N1O100O10O100000O0010O00101O0010O1O01O001O000O2O0O100O100000O2O2N0O100O100O010001OO2O1O0001O010OO010N101O0O2N6IcXkU1
20110912142254Bh_4,Vdn^21jo16K5M2O2N101N100000O100O1O2O0O1000000000001N100000000000010O010O01O010O100O0100O1O1O2N3M2M2NlQd00Tn[O1O2O1M20O100O103MTo;1jPD7IM_PNJ`o12ePNNZo11hPNOWo11iPNOWo12=0ZPNN[o11ePNO\o10ePN0Zo10hPN0Vo10mP60aoK0_o70RQJ0^oK001VPN4_o169H2M00QO0nQN0Qo1000Soi00VQVO0H0`PN0on10a00_PN0Qo10aP40ooK0?0QO0o00A0eo70kPF0bo30ooM0\O0UQN0kn10UQN0kn30c00WP80]PN0]oI000A0^PN0^PN0Vo50\PL0PP20]PL0bo10C0jPN0bo1001J0ZPN1jo1ObXiU1
20110912142254Bh_5,Xbif14io14_OKRQN8ln1KQQN7on1<O2N2N2J5E:101K3M4N3O101M3M3N1N2O1O2M2O2N1O2N1O2N100O100O2N4JQ_PW2
20110912142254Bh_6,h[ZX21ho1>G3M4L2O1M3O1N20000O1O2M3M2O110iNkNcSNU1Zl1lNgSNU1Wl1kNiSNb1ck1[N]SN3P1h1[k1bNdSNDi0m1ak1eN_TN\1ck1aN\TNg1bk1VN]TNk1ek1WNYTNe1kk1XNXTNd1kk1XNYTNf1hk1WN\TNg1ol1O0N2K8L;F8H4L2L3O0O2N2O3L4L2N\cmd1
20110912142254Bh_7,_nn`27go13M2N2000OlNEeRN;[m1EnQN457Yn1MeQN3Rn16mQNKSn16iQNMWn1o0O10O6L0O0O1O2OO07I2N2N1O3L9H1O00002BnQU]1
20110912142254Bh_8,ZV_a06io16I7H>@6I7O2N2N0OL04OO3N2O2jNfQN<dn1@aQN9Xo1Gmi^]3
20110912142254Bh_9,kaoT21oo1001OO10Yo?0fP@010000000oM0RTN0mk11eTNO]m1000oo10PP20ko;0UP@0ao50_PN0ooK1I8bPNGgn11]QN8KGjn11ZQN9en1GWQN049bn1H\QNN43dn1NZQNOWo10=000aP42_oKO0O0000WO0bQN0Vo10WO0cQN0]n10cQN0]n10iP20hPL0hm;0`QF010O0QQN0Pn10P1000oo30PPL0lPN0Zn10k00000000QP20XP60foG0UQ20n^fd1
20110912142254Bh_10,\`m`12no12oU25hiM4J5M2N3M2O101O:F01O2O0O1000O0001O1O2N2N2N1O2O1N0001O000O1O100000000O200O1O1O01O0O2M3M4L8H4Lgm_10VR`N6N1000O2M4M3LnQN1Pn14XOO]QN3bn1O\QN2dn1O[QN1en10ZQN1fn1NYQN4gn1LVQN7on1;04K2OOoKVOlXNj0mf1D[UN^O\3o0Vg1BbUN_OW3o0Vg1SO^UN78GU3?eLJ_j1HbUN57JT3=fLJ]j1KUVNNi2<gLI[j1LWVNOg2;iLHWj1O[VNNe2;jf1JoUNOW47ie15iVN@^2<hf1ITWNLT2<gf1HUWNKU2>ff1GPWNN\2:ef1FlVNOe2:af1EhVN1j29_f1FfVN0n29]f1FeVN0o2:]f1FaVN1S39]f1F]VN1X39[f1G[VNO\3;Yf1EYVN0_3=Wf1CYVN0`3?Vf1AYVN0a3a0Vf1_OVVN1d3b0Uf1]OVVN0f3e0Tf1[OTVN0h3g0df1YO\YNi0Sf1WORVN0l3j0Qf1VORVN0n3l0oe1TOQVN0R4m0ke1SOSVN0R4n0je1ROSVN0U4n0bj10001N`N\OfSNd0Yl1_OfSN>[l1DdSN;\l1FdSN8^l1IaSN4bl1M]SN1dl11dRN^O:a0Rm12aRNB:;Vm13^RNG95Zm15[RNK70^m15[RNN5Kam17ZRNO4Icm17ZRN04Fdm1:YRNO5Bem1?VRNO\n10eQNN\n11gQNK\n14gQNF]n18i0L7Hb[hU2
20110912142254Bh_11,\lf`28go14L5L0100OPRNA`l1?]SNAoN0\m1>PTNBSl1=\SNCXm1<dRND]m1:bQNFo00am18`QNH?0N0Wn17mQNIJ0Zn16lQNJhn10YQN060em10`1010`QN0an10aM4[SNL>0Tl12nTNNRk12nTNOQk11gSNN30gn11hN4ZRNKnn10RO0lQN0Ro10VO0cQN0Wo10@0PQN0`o10UQY]1
20111015063134Lh_1,gelR21oo11SNOhSN3Vl14dSNL[l16dSNK[l15fSNJZl16fSNJ[l16dSNJ\l16eSNH]l17cSNH^l18e100000TQNHPn18oQNIQn18nQNHRn18mQNISn17mQNISn17k001O0000000001O000000000001O0000oPNIYn17gQNIYn17gQNJYn15gQNKYn15fQNL[n13eQNM[n13eQNM[n13fQNK\n14dQNL\n14eQNK\n14i0O10PQNNQn11oQNOQn11oQN0Po11OO10UONiQN1Wn10hQN0Yn10gQNOYn11l000000O1O1O1O001O001O1O001N2O001O1N2H8N2O1O0001O001N2O1O002N10O01O100O02OO100O1HePNI[o178O1O0010O100O1O1O101N101N4M00O01O00100O0000000001O000001O000000000001O001O00000000000000000000000O10000000001O000000000000010O01O00000001O0000000O10000000001O0000000010O00000001O0001O00010O1O010O0010O000000010O00010O0000ROCZRN=em1C[RN=em1C\RN>bn1001O10O00000000001O000000002N00001O01O001O000100O1O0010O00O2O001O1O001O1M3NXZc]1
20111015063134Lh_2,aV_>3jo13O1000000000000O10002M3N2M100001O00000000O100O01O002O0000000000O100000001J5O100O100O101O0O2O0O2O0O0100M3O1O1GmPNDTo1;nPNDRo1:QQNEnn1:=0O01O0100O100O10000O1000000O100O1N3O0O101O0O2O0O101N100O1O1000000000100O2O0O1O1O2N1O001OZO[QN1en1O[QN2dn1N^QN0an11`QNN`n12`QNN`n12aQNM_n13aQNM`n11aQNO_n1OcQN2]n1IgQN7Zn1FhQN:Xn1DkQN;mn110O1O006J1O2N\ilY3
20111015063134Lh_3,ehPm01no15K6J3N1N2O00000O1000000O10001O0O2N101O00000010O002O0O0001000O10O1O2N1O0N3RQNTOfn1U1N001OmN_QNg0an1WObQNh0kn10100O1O001O001O0010O0107I0O010O00010N1N@F^QN:`n1I_QN7`n1L^QN4an1O]QN1bn14ZQNMen1h0N2O000001O6J000H8O100N2M3O1O2O000O100O10O0O11O001N2O1N2N2N200O2O0OSWcl2
20111015063134Lh_4,oUmj03^o1OnPN5on1LkPN=Qo1;N2H7O001O00001O005K6J000O1000UOkQNKTn15oQNIRn15PRNJQn1JfQNK;;Pn1G\RN8fn101O00001O01O1O0000000001O001N4M2N1O1O1NXP>OhoA3M2O1O100000O1O2NViZQ3
20111015063134Lh_5,_eXg03mo10WU<1fjC300WJJf[N6Ud1Ol[N0Td1Oo[NNSd10_S63\RJ4M2N2N<C2O000fVNWO]c1h0b\NYO_c1f0a\NZOac1d0`\NYOcc1g0l5N2N2O1N2OWYNAQ^1>oaNDP^1<QbNCo]1=j8OWXNDQ`1;o_NHn_17S`NJn_14R`NIS`14n_NLS`13nXN0o5KUa14kXN3om1LRRN5ln100001O1O1000OlRNK_j14_UNO_j11SUNLVN5gl1OnTN2YN0il1MjTNh0Vk1YOhTNh0Yk1WOhTNh0Yk1VOQUNa0Pk1^ORUN?oj1@SUN?Wm10001O2N2O0O2N001N3LXR2JomM1\Pb00do]O0jn72RQH3M20O1O1Nfk92QZDJhd16X[NJhd16X[NJid15W[NKjd12X[NN]j10nkY10`YVO2`j_O0ZnY1NgQfN0_O0TQN0kn13SQNMdj10TYN5Zg10bXN2\g1NeXN1[g1LiXN0Sjo02_QRO100OO3M`o5OlkI4c410OZQ6LPTL0jjM0WPf00foYO4N1000O10RXQk2
20111015063134Lh_6,[j\U16io1202M8I2M10000[O_OjQN`0Tn1DmQN9Rn1IoQN5;C1OYO3Pl17\TN39D1;[k1O[TN26F46^k11ZTN23H54_k11ZTN41G54ak1N\TN8NE54cl19VTNGkk19RTNIok17lSNMUl14cSN2_l1N`SNNel12YSNFQm1<kRNDXm1`0bRN_Obm1f0URNXORn1f0f0N1O13N00O003L10OOlPNBgn1KWQNo0kn11ON2O3L8H2N3N4L1O000000000000000001O00000000001O1O001OOWMDPVN;aj1EnSN2G6\l1ImSN2G1^l1MjSN4IL_l10hSN4[m1KfRN4Zm1LfRN4en1NXTSf2
20111015063134Lh_7,`cVR31no12N2O0010O01O010O01O0010O000000000000000O01000000O10GNdPN2[o10dPNOZo14fPNLYo16fPNJYo1780O100O1O100O2O0O100O1O1O100O100O2O1O2N1O1O1O1O100O1O2N3M2O1N1000O0010O01O1O001N2O1N2N101O3M3M1O01000O11O0O0100O002N1O1O1O1O5K1N2N2O1NQ\cg0
20111015063134Lh_8,\dXl15jo12O0001O12ON000000000000XOMcQN3\n1NcQN3]n1MbQN4^n1M`QN5bn1J[QN7Vo11O0L5O0O1M3A^OaQNb0`n1B[QN=gn1DWQN:ln1;2N2N2O2N3N1O1O3J^\_Q2
20111015063134Lh_9,oaUT24ko1101O000010O02N1O1O1O00000O100L4O100O1001O03M1O000000000000O1000000000O1O1O100O100000000001NF[O[QNe0dn1\O\QNb0fn1_OYQN>jn1CUQN=jn1EUQN;kn1EUQN;kn1FTQN:ln1FTQN;kn1EUQN<in1FVQNO0Njn13VQNO0Njn13VQNO0Nin14WQNN1Lin1c0WQN]Oin1c0WQN\Ojn1d0VQN\Oin1e0WQNZOjn1f080O100O1000001O0O10000000000000O2O0O100YOQQN<\o1N00000O10000O010O0100N2O1O10IePNIZo16hPNJXo14jPNMUo13kPNMTo13mPNNRo12nPNNQo12PQNNnn13SQNLnn14RQNLmn15>1O10000O01000OL5M30P_\d1
20111015063134Lh_10,^VY>1no12O1O00MZPN0ao10`PN0`o10`PN0`o10`PN0`o10`PN1_o1OaPN1_o1OaPN1_o1OaPN1go11O02O1OQP20noM000@0PQN0Po10PQN0Po10PQN0Po10PQN0Po10_P20_P20bo=0\o]O4?LRP<0iP40Yo_O0H0_PN0M0bo11cPNO]o11XP4Ofo10\PN0PP20ooM0cPJ0kn90SRH1PMOQSN1_n10O100O1000O1O01000000000ObNOoRN1an1OPo95kPFK50WPN0jo10PP20ooM00000XO0`QN0an10^QN0bn10jPN1a0Odn12fQ6NSoI0ioa40VP^K00000D2ePN0Vo11ePNM42hn1O\QN3L3gn1LlQN0Tn11mQNMSn13oQNLUo=8joCLZo94`PFHcPN1Zo1OiPN0kn14mPNMXo1OPQN6Qo1KPQN0b0OPo10000000foc02_PBNloI1N00OXiVR3
20111017113714Th_1,hd`\25ko120O3L0O10XNi0RRNWO\n1^1TOdNfRNe1Rm1h0J3G63gNWSNZOml1a0iSNiN^l1n0_1K4N2N2N2M3M2O1O002O1O0010O01OaQNFZm18fRNJZm12hRNOfn1O2NV][a1
20111017113714Th_2,iiRf13ko14M1O2N2N2N1O1J7N103L4M1002N3M1O1N2O002N4L1O000001O0O101O3L101N3N0AVOgQNj0Wn1YOgQNh0Xn1YOhQNg0Vn1[OiQNf0Vn1]OgQNc0Yn1^OfQNc0Yn1_OeQNb0Zn1b0O2O2N0O10000O10O1000001N101M5C<N2N1O002O0O10O0001O000001O010O11N1O1O010000O010O0010O0000000000000001O0001O1O001O0O2O1O1N2O1N2N2O1O1O1O001O1O2N100OFKjPN4Vo1LkPN2Vo1NfUaR2
20111017113714Th_3,eakh23lo12N3\PNI[o1?N101O000001O000O100000000O0100O100O100000000O2O002N2N0000O2FlPNEUo1;lPNDTo1;:O001N2N1O3MZoo03cPPO4L8I2N1O0001O2N2N1O1O001O000000000O100O1O100O100O10000000G9O1O2O1N1000O10000IjPNCWo1=510000O10O01000O100O1O1O010OO000K60M400O10000O10000O1O100N2O100O100O1O1O1O1O2Og_`n0
20111017113714Th_4,`T]j24ko12N3L;E5K3N1N3N2O1N2N1O1O;E2N2N3M5L0O1O2M2N101lNRNUTNo1ik1bNhSN]1Sl1mNiSNR1Wl1[100O101N01O1O2N1O2fNbSNPO_l1o0dSNoN\l1Q1gSNiN\l1V1iSN\Ncl1a1bSNVNel1g1o0K2O1M:F2I7M3O2M3M4L;DZmXR1
20111017113714Th_5,i^`U15io15M5M0N3M1O1O101N1000^OkPN9^o10O11000N212MN010001N00011N1O01O3M00010O1O2I6LW`Yh2
20111017113714Th_6,UdXn23ko13O0O2O0000000O1000000O10000000000000001O00010O0000001N100001O00000001O000010O01O01O01O0000001O00000O2O0000001O00000000001N3N0000000000000000O10O100000001O0O3N2N1O001O000000O1J6K5O1O2O00001O001O1O00010O01O100O010O011N2N1O010O100O010O00010O0001O00001O0000001O1O0O2O1O0IaPNM`o10g[Wi0
20111017113714Th_7,kPQm12no11N3M102N5J100O100O100O1O103L3N001J51O1O000O1O1N10100O1L5N2O1O2N1O4L2N1O1M3NSo`P2
20111017113714Th_8,cjTc02ko14N2O1N10001O0000O0100O100O2O0O100O1O1ON12O10M2010O0010N110O100000000000000O3F`PNO_U]Z3
20111017113714Th_9,jf`a14ko11O2O1N101O001O00001O1O001O2O0O10O10O0100O00001N1J6O2KnRj20SmWM0\PL0jo50]oK0PQN1kn12VQNO^o10O12NSP2OnoM000SO1hQNOZn10eQN0\n10bQN1_n1O`QN0Yo10ZO0h02ONO000cP20]oM012YON\QN0Zo11010N00TO0gQN0Uo10bN0nQN0Uo10dPN0To10TQN0<0bm10RRN0ln10PQN4Po1LTRN0kl10WSN0hl10d10fQN0cl10^SN0bl10^SN0al11_SNOal10h10gQN0bl10g100001eQNOel11f10bQNOll13gRN1cm1M[RNO^l10mSN0C0`l12lSNNC0`l13mTNMSk14mSNMQm14oRNLAOal17mSNJPm17oRNIQm17PSNHB0`l18nSNIAOal18oSNH@0bl16oSNJ_O0dl13]2N`RNOgl50lPL0kPN0Yn10fQN0Vo10Uo10fQN0YN0k00lPN0Yn30kPN00000000000lPN0Xn10hQN0Wn11e07UQNHnm18RRNHom18PRNIPn17oQNITn14lQNKXn13gQNM\n10cQN1^n1OaQN0an10^QN0cn10[QN0gn10XQN0in10UQN0mn10QQN1Po1OoPN1Ro1OmPN0Uo10jPN0Wo10hPN0do10ho30joo02\PlN11N]UaQ2
20111017113714Th_10,W`ij11PP2=FM3L3NcN0iRNNWm15X12O2lPNF]n1<c010O2O04NNO10O43L0N1N5K20O235F6I2M2O1Mc_\S2
20111017113714Th_11,ZXQb25jo13M2N1O2OO10RQNISn17hQN0Vn10iQN2Vn1NiQN4Vn1LiQN5Wn11cQNM^n15bQNI_n17e0M3O001N101N3M4Njgb\1
20111017113714Th_12,XdXn21PP40PP40foI0bPN0go100000F0dPN0fo1000000000000000QP40doK0;000\PN0Xo10hPN0Xo10\P60PPJ0]PN0Vo10jPN0Vo10jPN0Vo10=0>0Uo10kPL0Uo50kPJ0To10mP40RO0_PL0`PN0ao70PP20ooG010QP40noK000000000YO0g00fPN0dn10\QN0Zo10000000YO0_QN0`n10`QN1Yo1Olo?0no_O40L40do;0jPB0co10do10iPL0Xo90jPH1ROOoPN1ao1O00O01000\O0W10iN0W10\O1\OOXQN0\o1000]O0VQN1in1OWQN1in1OWQN1in10VQN0jn10VQN0jn10VQN0kn1OUQN0ln11SQNOon10PQN0_o11BOmPN0Uo10jPN0Wo30_PL0ko10QQh11PoWN1N2N100O1O101N100O100O100O100O1O1O01L301M3O1O101N101NjZee0
20111017113714Th_13,^]og15ko13NO5LnR63nlI0O5MI_PNO_o11aPN0_o1NbPN1Wlo0N[SRO1]PN1ao1O_PN1ho10RQNOnn120O1OUR6OjmI6K4E:M2O1O000>B1L3Kmn50\10TP20\oG0oPN0mn10a00cPN1co5OWmK1a21SRN0gk13^TNM[k14hTNJZ]bS2
20111114063134Lh_1,]_e_24ko1200O00001O0000O10000000O100000000O2O00O0100O100nMG]TN9em1O1000O10O1000000000000O1N2000G900O3N1O00000001O0O100000000000O1QL_O_XNa0ag1_O^XNb0cg1^O[XNc0ak1O01O1000003M1O10O1O100O001O000O10000000000GkPNFUo1;80O010O10O1O01O010N101N2N101O1O1O1O100O1O1O00001O10000000GRQN@]m1OUSN?^O0gm1CiRNT1Zm1jNeRNV1Rn100000001O001O0O2O1O100O1O1O1O0010OO2O100O010O1M2L4000001OJ^OPQNb0nn1AQQN?nn1BRQN32Kmn11SQN1Yo1O<Odo3OZPL5L3M3I6N21N2L4LiQNHPm13SSNN^n12O0ALSQN3]o1000000O101NdbbU1
20111114063134Lh_2,P]`k0;do14L3M7I2N3M2N2N2N2N1O2O0O1001O3MaQNmNQn1a101O000O1000O100O1J6O2N1L5N8I1N6K1O1O1O2N0100O1001OlPN_Ohn1a0WQN@in1`0UQNBkn1?SQNAmn1h01N8J1O000011N12N3M00000O01O1O01O1O001O1O010O010O0100O00001O001O1O001O1O1O3M2O03N06IO100O010O1O2M2O1O0000000001N3N3M01O2N1O00000N2O1O1N200O1N2O100O2O001O00000000000O011N100O2O1O0O101O0O\ON]QNOdn13c010O1Oea_k2
20111114063134Lh_3,Q`UU12Zo12TQN1hn12VQNOfn17WQNKgn17XQNIfn1:YQNEgn1=YQNBgn1>ZQN@gn1a0YQN]Oin1c090NG;0N2O2F9C[O_QNg0\n1`000O2O1O010O1000O010O2O1O1N2O0O2O000O1N2O0DZQN_Ogn1?\QN_Oen1`0\QN@dn1?^QN@bn1?_QNAbn1>^QNBbn1>_QN@bn1`0?0000000O100O100O01O1K5000001O00001O000001O0010O000000000000eQNFQm19oRNGQm19nRNIQm17oRNIQm17oRNIQm17nRNJRm16mRNJTm16mRNISm17mRNHTm17mRNHTm18Z10000000O10000O10000O100O100O0010000O010O1O001O1O1O1O100O10O1O010O10000000O100O10000000000001N10000HiPNGWo19jPNEWo1;610O10000O2O1O2N001O00000001O0000O2O000O2O1Ngbj`2
20111114063134Lh_4,lfh^21em10dTN0\k10dTN1Zk11eTNO[k11eTNO[k11eTNN\k12Y21O00001O0000000_RNMUk18cTNL\k12eTNO[k11dTN0\k10cTN1^k1NaTN2`k1N_TN3ak1LXTNK^N9[m1LVTN9jm1N101N1O2O001O0100O0\OI`QN8`n1H_QN9`n1I_QN7an1I^QN7cn1I\QN8dn1IZQN8en1IZQN8fn1HYQN8hn1HXQN8gn1JWQN7in1JUQN7kn1IUQN7kn1JTQN5mn1?00O01JSQNYOmn1g05^OnPN7So1GoPN8Ro1GoPN8Qo1IoPN6Ro1JnPN5So1KmPN5So1JmPN6To1JlPN6Uo1HkPN8_o1O01O01O01O001O010O1O10O10EGnPN:Ro1EoPN;Qo1EnPN;\o1000O010O010O01N10100O100000O010000O10000O10000O100000000000000000O100000000O100O1O010O1000000O0100000000O100O100O1000001O0000010O0010O00010O00010O0100O00^ONWQN1hn10XQN1gn10XQN0hn10YQNOfn12ZQNOdn12\QNObn13]QNMbn15]QNKdn15[QNKfn14[QNLdn14\QNLdn14\QNLdn15\QNKcn15^QNJan17`QNH`n18aQNFan19c01O1O001O6J1O00001O01O01O1O01O00010O01O010O00000000000001O1O02O00O0001O0010O0001O0010O01UQN\OXn1e0`QNWO06_n1U101O0014LO100O1O3M004LhNjQNh0Tn1VOoQNi0Qn1SOTRNm0lm1POWRNP1]n10O1O100O2O000OYO[QN4fn1G^QN8en1D]QN<dn1A]QN?So10O1O1O01O001O1O8H1O4KkX_Q1
20111114063134Lh_5,T^ST32io19J4L4L2O1NO101O10O1O10O10000O1O1M301N100O2N1000VJKj[N5Td1Ok[N0Ud11j[NOVd12i[NOVd10k[NOUd12k[NNUd12k[NNUd12k[NNUd12j[N0Ud11k[NNUd12k[NOUd10k[N1Ud1Ml[N3Ud1Lk[N4Wd1Hk[N8oi1O3Jah[1KgWdN2N1K6N010001N1JcUj13_jUN1O1O1O000010O1O3Mco90\PF2RUNNme12SZN0ke11TZN0le10SZN1me1OQZN2oe1NQZN3ne1NQZN3ne1NQZN2oe1OPZN2ce1;\ZNEce1=\ZNDce1=]ZNCbe1>]ZNCbe1>]ZNCce1>\ZNBce1?\ZNCce1=\ZNFae1;^ZNGae19]ZNKae15^ZNN`e12_ZN0`e1O`ZN2_e1NaZN2`e1MaZN3_e1EgZN=Ye1[OnZNf0Re1XOnZNj0]d1oN]WN5V4m0\d1QO]WN0X4P1Zd1SO]WNI[4T1Xd1UOX\Nl0hc1VOV\Ni0jc1ZOS\Ng0lc1ZOS\Nf0nc1ZOQ\Ng0nc1YOS\Nf0nc1ZOQ\Nf0oc1[OQ\Ne0oc1ZOQ\Nf0oc1ZOR\Ne0nc1[OR\Ne0nc1[OR\Ne0mc1\OT\Nc0kc1^OU\Nb0kc1^OV\Na0ic1@X\N`0gc1_O[\N`0dc1A]\N>bc1Ba\N<_c1CQ\N_ObKl0^h1DP\NCbKg0^h1Fo[NFbKc0^h1GP\NHbK?_h1HP\NJaK=^h1HS\NL_K;^h1IT\NM\K:`h1IT\NN[K9bh1GT\N1ZK7bh1HU\N1WK8eh1DV\N5TK7gh1AW\N9PK6kh1^OW\N=mJ5mh1[OX\N]1^c1jNe\NV1[c1kNe\NS1\c1mNe\NR1\c1mNd\NR1]c1nNd\NQ1]c1nNd\NP1^c1oNb\NP1bc1kN`\NT1Vi101N1O2M2O2M3^Oc0M5IdR45YmK2O10O1NWaR?
20111114063134Lh_6,Ybdj23ko12O2N0O10010O01O0001OO11O00100O1H7010000O100O100O1O10ORQN\Oan1e0_QN\O`n1c0`QN^O_n1b0bQN^O^n1b0bQN^O]n1b0dQN^O\n1a0eQN_OZn1<lQNDTn18PRNGQn19oQNGQn19PRNFom1:l00000O10000O1000000000O101O00000000000000O100O101O00000000001O000000010O00000000010N10000O2OaPl0O`oSO1O1N1000000000000000001N3N001O0O100O1O001O1O10O1O100O0010000O1000001O00000O2L3O2O1NY^_l0
20111114063134Lh_7,Zb`V13fo18L4H70001O0001O000O2O0O2O0O1O2O001O001O0000001O000001O00001O1O1O1O1O1O001O1O1O1O1O1O1O100O01O001N100O1O1O1O2O0O100O101N2O001N101O000000001O0001O001N101N2O1N111N100O110O13NOO0O10000000O104L0O010O0010BnPNLRo13RQNIon16>O2OlPNM[n12eQN1Yn1OhQN3Wn1JjQN;ln12N12NO000O10O1000O10O0001O010O1O1O2N1000O7KO010O010O001N108G10O00001O001N2O1N1O2O1N1O1O100O2O0000000000001O001O010O010O101O1N1000O10O01O10000O2O0O1O100O1O100O1O1O0001O00000O100O100O010O100000O10000O101O0O200O001O010O001O01O010O100O101O3M0O100O010O10O20O3MO010O0010O100O1O1O100001N1O100O100O100O2N010O0010O010O01O01O01O01O010O001O00010O000010O001O2N1O2N1O1O000O10O1O1O1O1000mRNAej1?[UNAej1?^201O00008H4LAOPQN0on11`00001Ne00\O1YPl02doSO2N001O10O010O10O9H0O010O0010O001O0000001O000O1000000000000O101O001O1O1O010O1O00100O100O1O10O0101MeWSR2
20111114063134Lh_8,nbfY21ko16L3RNJnSN7Rl1JnSN2Ul1NnSNORl11VSN5\m1LaRN8]m1H`RN;am1D[RN>gm1BWRN?km1@TRNa0mm1^ORRNa0gn1L2102O0000J600000001N1000aQNHWm17jRNJUm16mRNGTm19Z1O1O1O3M2OS_Ud1
20111114063134Lh_9,]SQ`13ko13@OoPN1Po1?O2O1N2N2O4M4L000O00001O010O0000O2O1YO]QN1cn1O]QN0dn1L`QN2bn1M_QN0dn1O]QN0dn10[QN1fn1M[QN2Yo10100O1O0000001OTmf]2
20111114063134Lh_10,\e^o02QP66goK5K1O0007JDLkPN6Qo1KQQN5mn1JUQN8Zo1O000O2Ka0MdN0PRN5mm1LRRN7kn101O17H3M1OMkNBnRN:Tm1HQRNN>4cm10mQNNPo15nPNMRo11QQNMQo1NTQN0_Yen2
20111114063134Lh_11,dZmZ24eo16N2oME]TN=\k1JbTN8`k1E_TN=ll1BgQN`0Yn1AfQN`0Yn1AfQN>\n1AdQN>^n1BaQN<an1E_QN9cn1GXQN<kn1@VQN?Wo1M3N[OGhQN5lm1IlQN2kn1<69I1`RNYOgk1?gRNBa11hk1;iRNC_12hk1:bTNF_k17QSNFQ13nk15eTNK^k10dTNO^k1OcTN1em110N_eVc1
20111114063134Lh_12,[hda02no12N2N0PQNNQn14nQNMQn14nQNLRn15mQNKTn15kQNG[n17bQNL`n13_QNMdn11[QNOln1NPQN2Po1NPQN2_o100001L6M1O000000O1000O1O001O100O1FEoPN;Po1;000O102M1O1M30001O00000O100O1O1I7000001N2LYWQ[3
20111114063134Lh_13,[`ag03mm1OPTN2Pn1N\m76_RH3M3N01O0O0010O000001O3OO7H2RQNCVn1>_QNO^n1j0120N34I0mQN`Ncm1`1ZRNcNfm1]1WRNfNim1h17J1M3M6Eb0C4M1N2M\NEjSN7Vl1LmSNLVl15j110O3KRbdU3
20111114063134Lh_14,\e`h2140fo105000WPN0bo10^PN0bo10^PN0co10I0jPN0Vo10RP:0[PF0000000000000fPN0dn10gP20ePL0dn10gP40ooK0gPN0[o70WoI0_QN0`n10`QN0`n10`QN0_n11aQNO_n11aQNO_n11aQNO_n11aQNO`n10`QN0an10^QN0cn10\QN0fn50dPL0gPN0Zo30PPN0WO0`QN0Xo10QP20WO0hPN0cQ`01_nAOTP20]o=4QQ^OL]o10]oM0UQN0_o50noK00000fXgQ1
20111114063134Lh_15,\ZWZ38fo13N1O1OFcPN3]o1LdPN4[o1LfPN3Zo1MgPN3Xo1MhPN4Wo1LiPN4Xo1KiPN4Wo1MhPN3Xo1NgPN2Yo11dPNOZo19O400000N2DePN3\o1LfPN2[o1NePN0^o1OcPN0^o10bPN0]o11cPNN^o11bPN0^o1OcPN1\o1OePN1nn1;SQNEkn10bQN0]n1OeQN1Zn1OgQN1Xn1OiQN1Vn1OkQN1Un1OlQN0Sn10nQN1Qn1OoQN1Po11O1oNMSRN3mm1MSRN4lm1LSRN5kn10ROKRRN6mm1KkQN;em1HSRNM0b0lm1DRRNK0NJ;Vn1GiQN1500M18Pn1ImQN210ON91jm1OPRN1K4NMkn1M^QNb0dn1^O^QN=dn1C_QN:an1F`QN:`n1F`QN9`n1G`QN:`n1F`QN:So1O]OG`QN3Yo1O10]ONYQN1dn12]QNMcn13^QNMbn13^QNMbn12_QNNan12^QNNbn12_QNO_n11aQNO`n11_QN0`n11_QNObn11^QNNcn11]QN0cn10\QN1dn1N[QN4en1L[QN4fn1KZQN4fn1NXQN2bn15^QNJbn18[QNJen17XQNIjn18SQNHon19nPNHTo1MSQN6mn1JTQN3nn1MRQN2on1OPQN0Qo10oPN0Ro10mPN0So11lPNMVo16ePNK]o1:3I9J`il?
20111122063134Lh_1,ZPgi16jo13oM1lSNNQl1<jSNAUl1e0`13N0001O0101dQNZOZm1i0aRN]O\m1f0_RN]O`m1i0XRNYOim1`1O0001N1O1O1O02N1O2N2J5M3N2O2O1O00fMgRNl1[m1nMiRNQ2dm12O2M01N1L3O2N4M6I5L1O1O1OUSNkNkj1T1TUNnNmj1P1QUNTOnj1l0PUNVOPk1j0nTNYOQk1g0nTN[OQk1e0mTN^ORk1f0TTNoNC>Xl1f0nSN3[3gNcd1X3bXNRMX1GUf1X3\XNZM3TO8`0Yg1T3XXN\MM\O98cg1T3PXNYN9eNig1T3hWN[N;cNog1^5lWNdJYh1\5aWNfJdh1X63M2N4XIVWNT6]i1N3M4K4L3K8K2N2N2N100O1O1N4M2N3L;PNmTNSN2mN^k1a2iTN]Nck1_1`TN`Nck1o0QTNXN`0f0dk1?WUN@Qk16SUNTOfk1c0o1L5M2L5Ill`P2
20111122063134Lh_2,gdXm01mo1201O1O1O1O1O1O100O1O001O00000O101O1N2O1O100O00001O00000001M2O3N1O1O1O010O100001O0O10001N7J8G2N0100000O10O0O2M3O1O001O100O1O1O15K1O1O1O010O1O1O00O2O0O3M3M3N100O001O0O2O00000002N1O3WQN]Onm1l0fQNVO\n1j0`QNXObn1R11O0<E04AeQNmN`n14dQN0kWcl2
20111122063134Lh_3,aijR36jo12O010O000O0mNJ]RN6am1M^RN2bm1OW11O0001N2NmS81QlG2000O1OUn;0kQD2O1O2N:F2N1N200O2O1O2N2O01N0001RNSOfTNW1nj1nNnTNU1nj1nNPUNR1Qk1mNoTNS1Qk1mNoTNS1Qk1nNmTNT1Sk1kNlTNW1Sk1iNlTNY1Sk1gNmTN7eN<_l1[OmTN8gN<Tn1CnQN<Rn1DoQN<Rn1AQRN>Sn1\OQRNb0mn1J001N100O2O1N00100O100N2O1N1NdS]h0
20111122063134Lh_4,mfVc22io16O001O1N2O14LO10O010O010O001O00010O001O00001O000000010O02N001O00001O011N000001N1O2O0000000001O000N3O1N11O000000101N1001O2M010O1O004L001O000001O5K010O1O3N1N0010SOIPRN6om1KRRN4om1KQRN6ln101O001O2N1NPXUW1
20111122063134Lh_5,WhZW23ko13O000O01O2O1N2OXm51gRJ2N1O1O4L100O010O002O2M10000001O1N3N2M1O1O100O]PNObo16L201N2OO8GZQh1MhnWN101N1O1O10O01O001O01O01O10O01000O0100000O01O00O2O0010O0100O001O2MQP`00PP@2N1O1O100O100JIcPN7\o170O10000O10001O1O001O1O1O1N2NhPNOdn1O]QN2Xo11O001O001O00000N1100000001O100O10O100O100O001O1O1O1O1O000001O001O1O2M2Mlle0Om]]\1
20111122063134Lh_6,Qi\c04ao10ePN1Yo1<01nPNAan1R1N7I3N1O00N1nNhQN;[n1^OjQN`0mn1O0O2N3M1O2N1O1O001O1O10000O10000000O1O1O00004M05J000001O0O00O2O1O`UiY3
20111122063134Lh_7,aeRX23oo1Nmo;0fPL0`oM0noK0ooM0010O00\PN2To1OQQN2^o10CMlPN2co1OO1E1aPN0bo162M3M\oa0OeP^O1^Qb1MangN0\PD0Xoi00kXca1
20111122063134Lh_8,`hhT11oo10N1[P:0foE0iM2\TNNbk14^TNL`k15aTNJch11SXN5Rj1MmUN1Uj10jUNOVj13iUNLXj14hUNLYj14j20O0010O01]VNI[c18c\NI^c17a\NI_c18T61TSNGoi1:nUNJPj17nUNJRj17mUNISj18mUNGSj19mUNGmNKdi1?[40010O02O4K2O0O7I3M101N1O001O00000_UNlNVf1S1kYNPORf1P1oYNnNRf1Q1oYNnNSf1Q1mYNnNTf1Q1^4N3M3N1O2N1O2O1O1O2N1O00100O01O0000100O2O1O0O100O001O0002O1N100O1O1O1O1O0010O1000000O101O6I1000O10OO2O1O001O001O001O010O1O00100O1O001O0010cSNDTi1<jVNFWi1:hVNFXi1:hVNFYi1:fVNF[i1:dVNG\i18dVNH]i18cVNG^i19aVNDci1;XUNEnk1;PTNHnk18QTNJok15QTNKok16PTNKPl14PTNLQl13PTNKUl11lSNNVl10kSNNXl10UR<0foCb0_O1O0PM]OcVNc0]i1]OdVNb0_l1M4L4JcQ<JfnC0?5cLKgUN6Xj1LeUN5[j1KeUN6Sm101N2NQP`0MQP@2QNMnSN5Ql1KoSN6ok1MoSN3Ql1OnSN1Rl1NnSN3Rl1KoSN5om10O01000\OJ]QN5cn1N[QN1dn11\QNNdn14[QNKen16[QNGgn1:URNHll1;QSNFnl1<oRNEQm1=nRNARm1`0nRN@Sm1`0W1O001OoPNAan1?^QNCcn1:^QNGin10YQNO\o11O010O010OO2Njn70VQH11Nel=0]SB0O000c[a\2
20111122063134Lh_9,QZma2<co13M2N100O100O100O1N2N200O01I60100O010O1O1O1O1O001O1O1O01000O01O00M3O02O0010O10RQNIRn17jQNOTn12jQN1Un1NlQN2jm1JgQN2a04dm10lQNHa06bm15gRNIXm19iRNGUm1;kRNESm1=nRNBQm1?oRNAPm1`0PSN_OPm1=USNCjl1=WSN_Oml1a0oRNCQm1=oRNCQm1=oRNBQm1?PSN^ORm1b0U11O10OC_O]QN`0bn1D[QN8hn1a0O100000000001O001N1I7O1O2N101O1O1N6K2M3LmgjX1
20111122063134Lh_10,ecPU13mo11O1O1O000H8O01L4J\PN0do1O^PN0ao11`PNNao10aPNO`o10`PN0ao10_PN0ao10_PN0`o10`PN0ao30_PL0io10go10XP<0PPB00010O0cPN1jn1OdP20mPL0To10RP20oo10noM0ooM0oo1000no10mo30coM0dPJ0PP20PPN0`PN0`o30ooM0TP40noK0YO0[QN0en30\QN0dn50gPJ0O00000000000PP20RP40aPL5enMKjP60ooM0ooM0QP40aPH0jn10c01O1O0dPNNTog00iPZO0Wo50gPJ0WO0hPN0eo10O0E0fPN1Zo12bPNNbo10\PN1eo1OYPN1ho141O1OO11OO1ON3N101O001001mY_a2
20111122063134Lh_11,lcZc0:do17I:F=@8G8L5L5J6J2O1O01O1O0010N1OAbRN`NVm1h1kRNVN_l1KhSNS2JRNZl1d2fSNYMZl1i2?O1N2jN\SNmNfl1o0aSNmNal1Q1aSNnN^l1S1cSNlN]l1T1dSNkN[l1U1gSNkNWl1V1gSNlNXl1U1iSNjNWl1V1iSNjNWl1W1hSNiNYl1V1jSNgNWl1X1jSNgN_OHYl1_1[TNgN[ONYl1W1S2J2M2N5K7I3Bb^mY3
20111122063134Lh_12,^cXT12no12N1O10O1O1O2N01O2N001OM300000G1aPNO^o1:OI9NbPNNRo10jPN5Uo1KkPN4Vo1LjPN0eo1000F0dPN0ho70go=0gPZO0Po70RQH0Wn31VQN1N1bQN1kl1Od1N2OiPd00Wo[O0WQf10elWO0TRRO0eRN0\m10PP20O0[oa01dP\O004MK:0UPP10fooN0O0_P40`o30XPH2G3GKcP:0koE0eY[a2
20111122063134Lh_13,VhR_17ho1L^PNO_o11bPN0\o1OePN1[o1OfPN1Yo10gPN0To16jPNJVo18hPNFZo1`0O00N4O1O1O1O102KZPNKgo12[PNNdo11^PNObo10_PN0`o10`PN0`o11`PNO`o1080YPN0_o1080YPN0_o10aPN0_o10I1`0OePN0en11YQNOin10QQN0G1Xo1OQQN0D3\o11kPN2Wo1MhPN2Zo1MePN4\o1JdPN6\o1JePN6co100000SOJdQN0I2HNkn10dQN0I1JOhn12bQNOMOhn18RQNI8OG0Ro15XQNKG0jo10K0[PN0jo10K0[PN0do10[PN1fo1OXPN2ho122O2MZO1f001OeWY]2
20111124153054Bh_1,cina15ho13M25Kjk7c0cSH3N01O1O00003N10O011OO103N1N1;EO1N1N4L`QN]Oem1b0ZRN^Ofm1b0ZRN^Ogm1b0XRNEbm1:^RNH`m19_RNJ_m16_RNL`m15^RNN`m13_RNN`m12_RNObm11\RN1cm1O\RN4cm1L\RN4em1LZRNNmm12RRNLRn12oQNLSn14mQNJVn14jQNF]n1:bQNF^n1;aQNE`n1;_QNEbn1;]QNEdn1=XQNEhn1j002N4L100010N4iN]QNi0on1OO04L1O1O1O00001O001O2N10O010O2N002N10OZO@kQN`0Qn1CPRN<nm1FSRN9nm1ETRN9nm1BXRN<ln1EiViX2
20111124153054Bh_2,mmdg27ho14L3N2N2N01O0010O0100O1001N100000O1ORQNIUn14iQN3Un1KiQN:Wn1BiQNc0hn1b0^O3M2[SNdNbj1]1[UNhNbj1X1[UNnNaj1S1ZUNSOdj1o0UUNXOij1i0UUNZOhj1g0VUN_Ogj1`0XUNFdj1:ZUNJdj16ZUNNdj12ZUN2cj1O\UN2bj10]UN2aj11[UN1ej11VUN2jj18jTNKUk1a2O0M5QUN\K^j1X5LgJbUNQ5[j1oJfUNS5Xj1kJkUNX5Qj1gJPVN_5Vj16KO3N3WLgUNc1Zj1YNhUNh1Yj1SNjUNo1Uj1oMkUNS2[j1eMeUN\2^j1^MdUNc2^j1ZMcUNf2`j1mLWUN@M34`3gk1_L[TN_3Sl110O001YNiSNkN3FWl13cSN?^1[Ohk1<_TNAfk16_TNIlm100001O2M3N1N10000001O001O00000O4JjjRS1
20111124153054Bh_3,YiTg133NYj96\UH3M2O1N2O0O2O002N1hVNAmb1`0R]N_Oob1c0o\N\ORc1h0k\NVOVc1l0o50O2N00001O1O0O1O2N1100O2N1O2O0O010O0010O000001O00000000000000001O00001O000010OZOSQN9[o1O10O010O1000000O10O2O0O2N\QNHcm14^RNLkn10000000000000N2N3K5L4N2O0O2O0O101O00000O2O1O001000001N2O1O1O0100O1O0O11O1O002N100O0010O1O1O01N1010N2O1N2L7\ORSd0Nof[O0Q]N1lb12S]NNkb14U]NKjb17_61N2O001N2O001O010O00010O0100O01O01O0010O01N2O1O002Mc\[n1
20111124153054Bh_4,YcXo11oo11N2O001O0O101OJ[PN1do1O_PN0_o10cPN0Zoc00]PB0PPN0PPN0QP80ooI0_PL0Qo10nPN0Ro11mPN0So1OmPN1So11jPN1Uo1=1O010O01O00010O01O00100O0010O100O1O1O10O01O1O010O100O100000O1000O101O2M100O10O0100O010O100O002OO01O10O01O00001O01O0001O0001O01O01O01O0000001OO1000000000001O00000010O01O001O01O01O00010O1O00001O001O010O001O01O01O01O0010O010O01O01O010O010O0010O0100O001O1O001O001O001O001O001O001O0010O1O010O01O100O100O011N2N2N100O1O1O2N1OYZ[d1
20111124153054Bh_5,TbbW12k16lk10lSN8Pl1KlSN9Rl1IkSN:Sl1GjSN=Tl1EjSN=]OUOQl1?bTN<\OWOPl1>cTN=\OUOPl1?dTN<\OTOPl1b0cTN;\OSOPl1b0eTN;nk1FRTN:ck10^TN0ak11^TN1ak1O_TN1ak1O^TN2bk1N]TN2dk1OZTN2fk1OYTN1jk1NTTN2ck1POeSNo0NRO<P1Pl1POgSNY16IQl1oNiSNm2Vl1TMkSNl2Sl1WMkSNk2Sl1VMlSN\23_MPl15mSNi1f0RN\k16nSNg1g0SNZk17oSNd1j0TNVk1:oSNa1l0VNTk1]2mTNcMRk1^2oTNaMoj1`2SUN`Mkj1`2VUN`Mij1_2YUN`Mgj1_2[UNaMcj1f0[TNg0U1aN_j1f0aTN[OKR1Pm1DeSN9Wl1KkSN3Sl1OnSN0Ql11oSNOQl11PTNNok12STNMlk13VTNKjk15XTNGik1:ZTN]Okk1e0WTNWOjk1j0\TNoNdk1Q1e11O1N2N2O1O1O5K4K4M2N20O01O002N2O1N11O0O4L4L3M2N2N2M3L6Ib0@5L9EdS4N`lK0U[Sc2
20111124153054Bh_6,mhZ[1:eo12O4J5M2M5L1O1O102O0O001O01O3ON0001O1N2O0O2O3M1N011O10O0000O1O3N001O00O010O010O01O2N000O10001O000O100O1O1O100O1O1O010O1O1OgUi`2
20111124153054Bh_7,_\]V21lo18J3M3N2N2N2M7G5K4N2N4O0O100000N100O3N2M1O1Ob0^O2N2M5Kcblg1
20111124153054Bh_8,ngfk28ho12N1O3M00004L0000001O1OO101O1O0O1O2O001O001O10O10O010O100O2N10O01NeWUR1
20111124153054Bh_9,UhX]23mo14L1O2N001O2N001O10O00100O1O1O00001O100O1O01O001O11N10O1O1O1O2N1O1O0O101O003M001O2OO2O1OO1O01O3M0011OO1O1O6K0O1O1O1N2N2O0OhVk^1
20111124153054Bh_10,Tgjm11QP20QP20Wo90hPD0O0VP80koG003UPNNao11Xli1NQTXN0QP60_PF0on30QQL0fU41bcMO[\N5fi12\II[]N:Ti11O2N1O1O2VJ_OS\Na0mc1_OS\Na0ei11iI^OP]Nb0`c1^OP\Nb0ac1^On\Nb0Xi1OlI_Ok\Na0Uc1_Ok\Na0[i1N101O0O2O^JDa[N;Sj1N2O1Mbj5KfUJ0ZO0[QN0[o10Zo10iP<0moC0ooM0mPN0Wn30lPN0QP20ooM0QP80oPF0Pn10PRN0Qo50onK0PRN0Pn10QQ20oPL0Pn10P100000QQN0nm10Q10QQN0nm10RRN0nm10RRN0nm10RRN0on100000PO0PRN0Po100000Ro30mQL0SN0lQN0Un50kQJ0Ro10To30i10SoK000QP40UoK0dQN0]n50cQJ0Wo30UO0k00kP20ZnM0fQ20^n70^QB0Xo10YO0^QN0Yo10ZO0\QN0Zo1000000000]O0VQN0]o10000010PP20PP20go90RS`20cm[M0doG0QP2010noK0SP80moI0mVY`1
20111128175514Mh_1,Y`jl12mo13M101N1N3N1O2O1N10000000000O101O001O1O00000O1001O001O00001O1O2N100O002N100O100O00010000O010O0010O010O101N010O010O010O100O011OO0100O1O1O002MC0>10O1OZ__n1
20111128175514Mh_2,\_^S11lo15J401N2O00001O00000000O10000OM300hPNIin15YQNLfn12[QNOdn10^QN1an1N_QN5`n1J^QN8bn1H]QN:bn1F]QN;dn1D\QN<dn1DZQN>gn1=001O001O1O10O10O10O01O1O1N2O3M001O001O0O2O1N101O00001O0000000001O10O01O10O0100O01000O0100003M00O001O0000001O0O2O1O0O2M201O1O1O001000O01O1O1O001N2Oc_Wf2
20111128175514Mh_3,odbQ31Po16fQNOVn14gQN0Un12iQN0Un12jQN0Qn14nQNNom13QRNOlm12TRN2gm1OZRN3cm1M]RN4am1M`RN4^m1KdRN5[m1JgRN7Wm1HkRN8Sm1HnRN9Qm1^O]RNGe0l0ll1]O\SNe0al1ZOaSNg0]l1YOdSNh0Zl1WOhSNi0Wl1WOjSNi0Ul1WOmSNh0Rl1XOPTNh0nk1XOUTNf0jk1ZOXTNe0gk1[OZTNe0ek1[O]TNd0bk1\OaTNa0_k1_OcTNa0[k1_OfTNa0Yk1@gTN`0Xk1@jTN?Uk1AlTN>Tk1ClTN=Sk1CmTN=Sk1DmTN<Rk1DPUN;oj1FQUN:nj1GRUN8nj1IXUN0hj11^UNGcj1:a2001O0\TNBgg1>WXNDhg1=VXNFhg1;WXNFhg1;VXNFjg1;UXNFjg1;UXNGig1:WXNFhg1;WXNGgg1:YXNFfg1;YXNFfg1:[XNFcg1;^XNF`g1:aXNE_g1;bXNE]g1;eXNDZg1<fXNDYg1=hXNCWg1<kXNCUg1<oXNAQg1>RYN_Oof1a0SYN[OPg1d0V40001O1O10O11O1O2M100O0100O10O10O01000000000000000O10000O10000O100O101O01ORQN]O^n1T17JO0000O0O100O100O100O010O100O10O1001O01O3M2N5K3L2gMhNgUNX1Wj1jNhUNX1Vj1hNkUNX1Tj1iNlUNW1Sj1jNmUNV1Sj1jNnUNT1Rj1lNRVNMmMi0Pl1[O_VNd0ai1\O_VNc0ai1^O_VNb0`i1^ObVN`0_i1@eVN;[i1FfVN9Zi1FhVN7Yi1JgVN5Zi1KgVN1\i1NfVNN\i13dVNI`i16V3O1N2N2N]P41coK002N2N1O2N1O2N1O010O0001O0000010O00001O0M4Ij[Yc0
20111128175514Mh_4,ddb\33do1N^PN9ao13001O00000000000001O000000001O000000000000000000000001O0001O01O01O000010O01O010O01OoNC`RN=^m1H^RN8am1K^RN4bm1N\RN3bm1O]RN1cm1O^RN0bm11]RNObm13]RNNbm13]RNMcm14\RNLdm18XRNHgm1;WRNFhm1;WRNEim1<VRNDjm1<VRNDjm1=URNDjm1<VRNDjm1<VRNDjm1=URNCkm1=URNDjm1<VRNDjm1<WRNCim1<YRNCgm1;]RNCdm19bRNBTZU?
20111128175514Mh_5,WddQ32eo1OePN:KHln1N[QN`0en1@]QN?So1O\OBfQN>Yn1BhQN>Wn1BjQN0@9en1GkQN0G2]n1NmQN0I0Yn10mQN1KOWn10mQN0N1Tn1OmQN1O1fn1O\QN0Pn1OkQN0B1g0Okm10mQN0nn10oQN0C0`l10nSN0Rm10hQN0n00Ym10iQN0o00J0nm10QRN1Po1O00Xm50aUH0\j10PU40kmK000RN0k30SN1fPNOcn10]QN0Yo10A0nPN1_o11M2^Yik0
20111128175514Mh_6,[aXc28fo16_PNFSo1f0N1M2O2O1N4kNTOoRNo0ml1VOPSNn0jl1WORSNl0ll1VORSNl0kl1UOUSNl0jl1UOTSNm0kl1SOTSNo0kl1RORSNP1nl1POoRNS1Pm1o000O1000000O`N]SNEcl19bSNE]l18gSNHWl17kSNIUl17kSNJTl16lSNK:TO_j1Q1WUNN4ZO_j1h0]UN0N_Ocj1`0_UN3BImj13bUN6[OLRk1NcUNc1^j1\NbUNd1_j1[NaUNe1`j1ZN`UNf1cj1VN^UNj1ej1RN\UNn1ij1jM[UNV2Xl1O1O1O1L4M4K5M3M9F5I7POnQNJ`[cY1
20111128175514Mh_7,j_Th23mo10O2O1N1O2O1N1L5N2N100J7N1O10000O1000O10O100O00100M30O01000O100O1000000O100000000O1O2O0O1O1O100O100O2N1O100O100000000000O10001O001O1O1O2N100O3M2OO010O0010O000000001O00000001O00000000000000001O1O3M0000000000O101O0O101O01O00010O001N2O0JnPN^OSo1`08FfPNL^o10f`YP1
20111128175514Mh_8,mgPT32lo13O1O1O2MN]PNJbo15`PNK_o14700O2O1O10O010RP4OooK0`PN0`o1000O2O0@NPQN3Qo1NlPN4Uo1KhPN7Xo1JdPN:Zo175J2O2N01O11O1N004M02NOO1YOIdQN8Yn1IgQN9Xn1IeQN8Zn1IgQN6Yn1HiQN9Un1GkQN;Tn1DmQN<ln11O1O00O2N1O4K2O3KTV_h0
20111128175514Mh_9,njfk23jo14N200O10O10O0001O001O1O001O3Lom;3nQD3M3N1O1O3N1O001O0001O10O001O01O0000000OhQNCnl1=QSNCPm1=oRNCRm1>Y1O00O2cQNCTm1=kRNFSm1:lRNFUm1:kRNEVm1;kRNBWm1?U1000010N2O0O2N2N2M3MbP>O_oA3M2O0oMMVTN3hk10WTN0gk13XTNMgk14XTNMgk14YTNKgk16YTNIgk18XTNHhk19XTNGgk19YTNGgk1:XTNGgk19ZTNFfk1:[TNFek19[TNGfk17[TNJek15\TNJek14\TNLdk13^TNMck1O_TN3gm1O010100OO0010O0000M3000O01000O10O2L3OfTYm0
20111128175514Mh_10,ZUoW22no11O1O2N1O1O1O002N10O1O11O0O001O10000O1O00020N1O1O001O01O001O00001O001O010O2N1N102M101N1OTjVe1
20111128175514Mh_11,S`ZU11oo100010PP<0ooC0XO0`QN0Xo10YO0^QN0Yo10oo10QPN0]O0UQN0^o10_O0a00QP20ooM000`P20Qo10`00PPN0QP20aPL0^O000_o30aPN0RP:0e03ToC2N2O000001O1O1NjRP10WmoN1N2O01O001O010O0101N=C2N1O0O2O000100O1O101N2N101N1O1O1O001O1O1N2O2M3KXQX14gngN2M2O1O1O1O100O10O010O10O10OeNERSN:YOInl1LjSN:TO0]n1O`QN6`n1H^QN;bn1D\QN?en1]O\QNe0nn1101O10O1O001O2M2O2M3N1N2O1N2M5JRn=0oQB5M2N1iNM_RN5]m1NbRN3\m1OdRN0\m10eRN0\1I^i18UUNO\1K^i16WUNNY1O`i12XUNOV10bi11XUNOU11di1OXUN0`0KlN7[k1NYUN0>NlN5^k1LXUN2<NnN4_k1JYUN390oN4bk1CYUN860PO6hl1JXTN0PO6il1HXTN1QO7hl1EXTN3QO9Qo1O1O1O1O1O2M2O3K^XY]2
20111128175514Mh_12,kdVR31UP<0UP20ePD0QO0RP40noK0QP40WoM0_QL0Yo10_m;0aRF0WP<0ioA0_30VH0UUN0e20Pi10`3000TO0hQN0i20jg10]UN0To10O1OOXo30jPL0\UN0[j30Sl70WTH0PPN0]O0UQN0kn30cPN0hP<0XoC0000000\O0WQN0]o10SP60moI0SP40^oM1`PNOSQ40lnM0iY[g0
20111128175514Mh_13,PehS11no12O1N101O000O100WQNMem13[RNNdm12\RNOdm10\RN0dm11[RNOem11\RNOcm11]RN0cm1O]RN2bm1N_RN1am1O_RN2`m1NaRN1_m10`RN1\m12eRNNYm13hRNLWm14jRNLVm14kRNLTm13mRNMSm12oRNMQm13oRNMQm12PSNNPm12PSNNPm12PSNOol10RSN0nl10lRN6Tm1JjRN7Xm1HgRN5]m1KcRN5]m1KbRN6^m1KbRN4^m1LbRN4^m1LcRN4]m1KcRN5]m1KdRN5\m1KeRN3[m1MfRN2[m1MfRN2Zm1NfRN2[m1MfRN2\m1KnPh00kPVO0Xo11fPN1Xo10hPN0Xo11gPN0Xo10hPN0Xo10hPN0`0Nnm12bQN1?MPn11aQN2?NZn12gQNNXn13gQNNXn12iQNMWn14hQNMWn13jQNMUn13lQN0Pn10PRN1om1IXRN9em1G]RN8bm1H_RN8`m1HaRN9]m1GdRN9\m1GdRN9an11lNH_RN7am1I_RN8`m1HaRN7_m1JbRN4^m1KdRN4]m1KcRN5en1O10O02M2ObY_f2
20111128175514Mh_14,QbXY21mo13PONoQN4Rn1KlQN7mn12L4N2OO00N2O2N2@]OaQNe0^n1]O^QNf0an1<001OO11O2I8M2L4L4EY_We1
20111208173814Mh_1,Shng25io14N102N0000003M1hLDiVN<Ui1IhVN6Yi13_VNLai18]VNEdi1;\VNEei1:[VNEgi1:ZVNDii1;UVNERj13PVNMTj1MnUN1Rm1N1ObM0]25M011N10000O1O0100O1000010O001O2OO2\PNG\o1b0ON1O0O0101OO2O00011O20`PNC\o1?nL@cVNa0Yi1@jVN=Vi1BkVN=Ui1CUWN2lh1Nc3001O0N21O`[ST1
20111208173814Mh_2,SdnQ16io14J4M3N5L1O1O001O01O010O01O010O001O1O100O100O1000O010O100O100O1O100O2N2N1N3N1O1O1O010O00010O00010O000001O01O010O01O01O01O0000100O1O10O0101N5L1O0PQNZOdn1f0YQN^Ogn1n00O001O001O001O00001O0000000001O01O0WOUQN41Hln11UQN6Uo1HlPN8_o1O000010O0001O00010O0001O100O1O1O1O01O001O0010O010O0100O010O010O00010O01O10O001O1O2M2O1O2N1O00dYUe2
20111208173814Mh_3,h]Ya13ko14L3N2N101N100000O0100000000001O00000000000O10000O1000000000O1000000O2nMB`TN>am11O00000000000O100O1O100O1O1O100O0100O1O100O1O101N1O1O2N2N2L4Mao?1[P@5O2M2O1O1O1O1O100O1O1O1O10O010O0100O01O100O0O1O2N2N3M3N[O0\QNOdn14[QNIfn19?2N100O1O1N2O001O001O1O001O0000O2OAC\QN=dn1>01O1000000OG91N3O010O01O01000O1000O10O100O010O1O1O010O1O10000O100O101N100O2O0O10000000000O100O1O0J6O1100O10O010O10000O10000O100O100O100O2O2MVf\R2
20111208173814Mh_4,Pebb25ko12N101O1O1O1O1N2O000O110N2O1O002N01O0000000O011N100O1O1O1O2O0000000O1000001O1O1O000010O002N1aPNEVo1d0O2N2N0000O101O0O101N1O2NPNB_TN>`k1B`TN>_k1DaTN;`k1DaTN<_k1BcTN=am10O1000O010O1001O0001O1N10O2O0O100O2N100001IfPNEao11cPNO\o10ePN0io33joM000ko9MPmI0bVJ0]j;0o[[V1
20111208173814Mh_5,kPU`22mo13N1N100O2O0000001O0O1O1L4O1O2O01O00001O00000001N10000O2O00001^QNAbm1`0[RNCdm1<[RNFdm1;YRNHfm1>RRNDnm1>oQNDPn1=nQNDRn1U103M001O00O100O2O0N200O10000O2N1N3L4F;L2YOVQN6mn1GXQN6hn1F^QN8Vo1O1N2O1Nanh[1
20111208173814Mh_6,oVSc24ko13L3O6H4N2M2N2O1N1O1N2O2N1N2N10000O1H800NM4110O0OO110M4L3N3N1010O01O2O000O100O10O1O1URNROdl1n0V110O001N101O1K6L4M2O2O0O3M^jZY1
20111208173814Mh_7,Yahd25jo13M2M3M3N1O2O000010O1O1O00101N1O2O0O2N]LH`WN6`h1KbWN2]h10j3O00001O001Omo;2noC4O1N2O1N101O00001O001N101O001N101O001N1000000000000000000O10O10O10O1N2O1O1O10000000010O07I1O0010O0000001O1N2O1O001O10O01O01O01O010O001O10O01O001O1N2M3M3N3M]Q\2ObncM5L4L4L3D=M4L4L2N3N1N2O1N2O000O2O00O10000O1O1O1N2O2O1O2N1O101N100O2O001O0O100000lQNPOVm1Q1iRNoNXm1Q1gRNoNZm1S1cRNmN^m1U1_RNkNbm1V1\RNjNem1W1YRNjNgm1W1YRNgNhm1Z1VRNfNkm1Z1TRNfNmm1[1<00O100O1O1O2M2O1N4M2M2N3M4L2N2I6N3O1N3Me_Ym0
20111208173814Mh_8,ieX\22no14L012N1O0O100003OO000O2N2M2O1O00001O0fPNCPo1h0O01O001N3N1N3N001N2O000000^SND`i1;^VNGbi19]VNIbi18\VNIdi17[VNIgi17XVNIii17UVNHni17RVNHoi19TVNAoi1?i2001O0010O01000O02O1OO0O101N1O2O00000000010N10O10O100000O2O001O1O1O1O1O001O01O0001O001O00O100O010O1O101N100OUQNBUn1=jQNFTn1;kQNEVn1:jQNGVn18kQNFVn1:kQNEVn1:i0O010O0010O000oKE]XN<cg1D\XN<eg1DZXN<hg1DVXN<lg1DRXN<ik11WLClWN>kk11O001O010O0010O01O10O010O_L_OcWNb0nk1O0010OO1O2L301O1O001O1O00001O00kL0ZVN0Pj1JlUN6Pm1N2NnUYZ1
20111208173814Mh_9,Vcf?5jo18H6K4L4L3L2O1O1O1O1O001O00001O001O001O001O0000010O00001O00001O010O1O1O100000kNeQNc0mn1O1O010O01O0001O00001O000O101O0O2O00000O101O00000O2O00001O1N2O0O2N4KVQX1MnngN2N2N2O001N100010O000001O000000001O0000000mNF`RN;^m1G`RN:`m1G^RN:bm1G\RN:dm1F[RN;em1FYRN;fm1FZRN9fm1IXRN8hm1HXRN8gm1JWRN7hm1KVRN6jm1KURN4lm1MSRN3mm1NQRN3nm1NRRN2nm1NRRN2nm1NQRN3Pn1LPRN4Sn1ImQN7Tn1HlQN8Un1GkQN9Un1GkQN9Vn1FjQN;Un1DlQN<Un1BlQN>Tn1BlQN>Tn1]OQRNc0Pn1[OQRNe0en10000O10000O100N3K4O100O100O2O0O100O2O0O2OlZoU3
20111208173814Mh_10,ejj^24mo1MlnU20eQh10joWL0clI0XVN0el30]PL0eo10YPN1go132O1Nll;OkVf06TlmN2N2O1N2O1O001O1TM@VVN`0dl12O0O1O0000O101O00100O01O001O0N3O010O01O100O2M2O2M3M3LnUYV1
20111208173814Mh_11,adR\13ko14J6M2XMDfUNa0Yj1_OdUNd0\j1]O_UNh0`j1YO\UNi0dj1XO[UNi0ej1WOZUNj0ml11M20001N11O0O100O20O100OBYQNEgn1;?O01000O1O1N5L1O2N4KPo1ORQN5J4O3L3NO2N0000000O01O1_MA`UN`0_j1B_UN?`j1C]UN?cj1BVUNc0jj1_ORUNc0nj1_OnTNb0Sk1@gTNd0Zk1\OdTNe0]k1\O`TNe0ak1[O^TNf0FnNej1>cUNc0IQOcj1<QUNU1>^NXONhj1a0\UNW1e0YNWO2fj1>ZUNZ1[1ZNYi1=XUN[1`1YNWi1<WUN]1c1VNVi1?SUN]1h1SNUi1g2T2J5N2O1N2O0O2N1O1O2N2N2M4M2O1O2M3M2K6E;J7J6K5L4M4L3K4Ln^S^2
20111208173814Mh_12,Xblm15\o1MRQN2mn10a02OO01010O02N10O10O1O0O2O00O3N1O1O001O0O101M]]aP2
20111208173814Mh_13,\]fm13lo12N101N10000000000000000000O100O100O1O3MVPR20komM1O000000OjPX22TogM3M2O001N100000000000O10001O0O101N102MXPV11goiN2N2N1O101N100O10000O101O000000001N101O00001N100O2O0O101O000O2O0000000000000000O100000000O100O2M2L4O100O2N10hPNIgn17XQNKhn14WQNNhn12WQN0hn11VQN0jn12TQNNln1d0N100000000000O010000O010O100O010O100O1000000000000O100000000000000001O000O10000O100O100O100O2O00001O001O1O1O001O2N8H1O1O00100OiPNFhn1;QQNNmn1d0N2N100O1O10O01O001O001O01O0000000000001O000O10001O00000O101O00001O01O01O10O010O01O01O010O1000O0100O0100O010O01O01O00010O00001O100O00100O010O100O10O100O0100O10O1000O100000O10003L10000O10000O0101O1O01O104M3L00O01O00O100\OZQNMfn11]QNMcn12_QNNbn1NaQN1`n1LcQN3_n1JbQN7^n1GdQN8]n1GcQN9^n1FbQN;Ro1O0001]OE_QN;So1100O0010O01O004F_OmPNb0To161N104K2N5K00000O1O1O1O2N2N_]oX1
20111208173814Mh_14,UdlQ14PP2MgPd10Yo]N0[o90k00[P80Po]O0_P20^PJ0bo50SP40moG010VP60mP`01jnYO101N7J00000[NJZRNLi09Rm1GZSN8Wn11_NGZSN8Wn110O001Ooo[1KVPdN000000000^mS2NhRnM0ZSd10blYN0TP<0koC2O2N1O1O01O010O010O1O1O1O001O`Wa`2
20111208173814Mh_15,[]aQ23lo12N2L3L5O1O1G9N1001O00001O001O001N1N2O1O1O010O1O0O2N4JWcfl1
20111216103234Ch_1,iiTf02no11O1O1O001O2N1O001O1N1O2K4000O010O1K5O010O10O0100O1O010000O01O0OO21O100O101O001O001O0010O01O10000O10VP41hoK1O2N101O1O000O100O010O01O101OO2O0O0100O10O02M2O3LcUmT3
20111216103234Ch_2,ZcVZ15ko12M3kLMgUNOPN7Rl1e0UUNXOjN4nk1h0SUNVOQO3jk1g0QUNWOYO2fk1e0mTN\O_OOck1e0jTN]OGN^k1e0YTNJ?AWk1e0VTNLf0Coj1a0XTNMl0Bgj1l1[UNSNdj1k1`UNTN_j1k1cUNUN_j1f1eUNYN]j1c1fUN]N\j1l0\TNjN]19\j1e0XVN\Ofi1`0^VN@bi1>aVNB^i1<eVNDZi1:hVNFXi19jVNFUi19PWNDPi16YWNGhh13_WNJ^l1Nl[Qd2
20111216103234Ch_3,`fl[24jo12O101O1N1O1N1O0UOGRRN9lm1KRRN5^m1FXRN793[m1a0dRN@jl1EPSNl05@fl1LQSNe08@el10oRNb0:_Oel1Y1ZSNhNdl1[1ZSNfNdl1\1[SNdNel1^1XSNdNhl1\1WSNdNil1]1USNdNll1W21N110J402O01N200O100O2N1OAUSNkMil1T2[SNkMel1T2]SNlMbl1P2dSNnM^l1n1l0M2N2L4G9M2M2RObQN<`n1BbQN=_n1AcQN<bn1@aQN<Uo1M4M1N3LS\g`1
20111216103234Ch_4,c\cb21oo11N4J5K;kPN_OZn1d0cQN^O[n1g0aQNZO]n1U1OIeQNkN[n1U1eQNkN[n1U180O1O2O\O^QNKan1L_QNG78Xn11QRN1lm1OVRN1hm1OZRN0cm11`RNO`m1JhRN4Ym1JiRN6Vm1HnRN6`n1LPo3MkPL;8Gccb[1
20111216103234Ch_5,PePd16do1a0@6L4I6O2N2O]O`QNH^n1OoQNMQn11ZRNDhm1;o0N2M3M30dQNNjl12USN0il11VSN1il1ORRNMk03Qm12SRNMl01Pm12RRNOn0OPm11RRN1n0Ool1OSRN7k0Jol10WRN7i0Jnl1OcRNMa03ll1OiSN2Ul1OkSN2Sl1OnSN1Pl10PTN0Rl1LPTN4Ql1IhRN4a03Zm1OeRN1Zm10fRN0Ym11nQNH>8cm10iRN0Wm1OkRN0hl1J]RN5k01cl11bRNLl02`l15dRNGm03_l1M`RN0Z[cY2
20111216103234Ch_6,icl`07^o1;H800O10001O3M4L3M2M3N2M=D5KWNTRNb1im1ZN\RNP2fm16H4M2M4L4N4L\M\SNk1^m1N9G1O2nNQRN0Rn1GTRN8ln1N3M1O01N1O2N1O1N3N9G0O2O10M3I7K4L40000000]MDbUN<Qm100100O1O01O1N2O1J]Y[[3
20111216103234Ch_7,a`l`22mo13L2N2O2N1O010000000O1O2O000000001J6O00001OO01000O100O00O01001O001M3O1O10000O1O10001N1001O001N2O1O0O2O0O101O0000000000000010O1O0001O0O101O00001O011N1O1O01O3M1O1O1O1O0000000001O0000000NL23HnPNBTo1=8IdPNI]o176O101N1O2N10T`cX1
20111216103234Ch_8,leTY14ko110OJ700000000000ON3O1000INLfPN4Zo1MePNMbo18ROISRN7mm1OoQNOQn11PRNNlm16WRNJfm16[RNJem14^RNKam15`RNK_m15cRNI]m17V10N201O1002M7I`[id2
20111216103234Ch_9,\Zcd03lo12O1O1N101O1O00100O1O2N2N1O0O2O01O01O1O01O3N20NO002N1O1O1O001M3O0000[OJaQN5_n1KaQN5_n1KaQN5_n1KaQN5Uo1000000O101N2Olo71RPH2O1O000O100O100O10O10O10O104L1O001NWeRW3
20111216103234Ch_10,l[lg14lo11O0O2O0O10000001O0001O001F90001O07I00000001O2N001O1O1O3M00001OOO02N2N200000K500001O0000001O002N0O2O0000000000012M00000O100000000100O2O1N2fPN_ORo1g001O00000000O101O1N4M001O0O1O3M2O002N1O001O^PNMXo12gPN0Yo1;2O0O0001O000L4O2O0000AlPN2Uo1LlPN3Uo1LoPNOhb_Q2
20111216103234Ch_11,_`n`21UP40jo10PPL00000C0jPN0Uo10lPN0co90PPH0Yo10]QL0bn10^QN0an11g00hPNOan10h000000O10OdP20fnM0f00hPN0`n11aQNO]n10fQN0Yn10kP40nPN0SoM0QO0nQ80TnG0n00PP20hPN0WO0XO0`QN0`n10`QN0`n10`QN0`n10`QN0`n10`QN0`n10`QN0Xo1000YO0_QN0`n10iP40ooK0gPN0Yo10ZO0\QN0Zo100000]o10WQL0in10VQN0kn10TQN0ln10UQN2^o1N00Yo?0fP@000O1O1iPNOTo13H0`PNObo16KKbPNM^o1OiPN6Xo1JgPN1go1OJ0]PN0do10[PN0go10WPN0WQ`13cnaN1O2N2N100O1O10O00010O0000100O1N2O2N1O1O]^mU1
20111216174914Mh_1,gfP_21jo16L4L20100O1000002M1O10N11O0aMFYUN:ej1JZUN5ej1N`TNEYO>Wl1OZTNIZO;\l1OTTNK\O9_l1MmSN3A2al1McSN]1]l1dN`SN^1_l1dN^SN[1el1o0000010000O1O1O10000O010N2O1N2M201M3N2N2N2O2M2O2M2O5G;G5L2M3N2M3O1M2M5L4L4L4Ea\Q]1
20111216174914Mh_2,aiXh03lo12N1O101O0O101N100000000001O00000000000000000000O10000O1O1O001O001000O1O100O100O100O1000000O010000001O01O001O00010O2O1N101N0102N000O2O00O10O0001000O010O011N1O13NO4L2ON01O_OLWQN3in10UQNNkn14UQNJln17=10000002N1N2M\VeQ3
20111216174914Mh_3,f\_e29fo14K4M4M2N0M301N2O0F:N3N10O01O0002J7J4M4I7M3MncRY1
20111216174914Mh_4,Y`lb23lo13M101O001N101N1O1O1O2N101N101N2O1N2O0O2N1O100O100O2O000O100O010O100O100O0010O010O010O1O1O001O10001O00000000001O0000000000000000000001N1000000000000000O1000000O2O0000001O00000000010O000010O0000O2O0O2N2G8O2O1N101N101O0O2O1O0OeQR2O\nmM2O001O001O001O01O01O010O01O1O1O00QQNOPn10PRN1on1001O01O00001O00_Ph1NcoWN0000000[O2b01O2O0O2O0000001O000001O001O1O000O2O1N\]on0
20111216174914Mh_5,kb`]1:^o19lMKUTN=Rk1@gSN8T1<Qk1:lTNGUk1:TTNkNLm0Ql19nSN>Rl1CjSN=Xl1EfSN6_l1L_SNJml1`14N5Ib0^O5K5J5TOoQN\OLNZn1d0i0N2K5N2O1Nh_Qa2
20111216174914Mh_6,gbXa0?^o14N10001O00000010O10O210OO0101M0000010O1O010O10O012M1O1O1O00001O0000001O0000000O2M2N3M3HmQ61go71^nA7K3kLF_VN>_i1A`VNa0_i1C]VN>bi1B]VN`0al11O1O10O00001O1O0O2OlM@hTN`0Uk1CkTN<Tk1DnTN;Sk1CPUN<oj1BTUN>kj1BVUN>Vm100000000O10001N100O2N2N3M_YoX3
20120107063134Lh_1,doPi18go13M2O6K1N1O0SO\O^RNe0^n1005J2M20011N1O1O4L00000[OnNZRNU1em1mNVRN6Lf0fm1I[RN:bm1E_RN<`m1CaRN>^m1AcRN?]m1@cRNb0\m1\OfRNe0Xm1ZOjRNCKc0Zm1JlRNCKb0Ym1IoRNDId0Vm1GSSNCHS1il1VOSTNj0Ql1POQTNP1`m1000002OO0O0001O2N:C5K4N3K4N3JgnlS2
20120107063134Lh_2,Ri`>;ao18I?@7D=I;F8^RNkMjl1i2M2L3M3N3SLkLkZNl3_d1UL_[NP4^d1PL_[NU4`d1hKS[Nj3PMnLoj1T3TUNlLhj1U3^UNgL`j1V3fUNhLZj1o2oUNRMni1m2VVNRMii1m2ZVNRMXi1CjUN]3Q1nLSi1^3PWN`Loh1`3SWN_Lkh1b3XWNZLhh1f3]WNULdh1j3i1O1000000000O1O2O010O]OVTNPMlk1m2[TNnLfk1P3e0O1UO_SNXNal1e1gSNUNYl1i1mSNTNSl1i1UTNPNlk1n1S1O1001O1O2OXO^RNSOam1l0cRNQO]m1P1dRNoN[m1Q1hRNmNVm1U1lRNeNWm1]1e00000O101M3M3L4N200O01O1O100O2O0000O000N3K4N3O0O101N2O1O1O100O010O01O0010N1O1O2O0N3N2O001O100O100O010O101M5Kf[_Z3
20120107063134Lh_3,l[Pi12io16N1O2dPNGnn1j0L1N1O1O1O1O1O2hQNTOYm1P1`RNTO_m1n0[RNXOcm1c1O5J5I5I6J6N2O1N1O1O200>mLRSNN2m1om1G2O1N2N3M:F01oMlNTUNT1kj1mNUUNS1ll14M4K3M4L3N1O1O12\NnQNS1_n101N1O1N20001N3L5K3M4L4N2M4M1O1O1OSbSS2
20120107063134Lh_4,a]RZ14jo14L3N2O1N2O1N11O1O2N102M1000O1O001O1O00000O1N2O1RTN@[h10\TN9W3Ifh16YWNKhh14YWNJhh17a300001N2O1O7JO000O000O1000001O1O002N7IQPb0JSP^O5L1O1O2OOO24KVRP1MjmoN9nQNKjk1:STNIlk1:nSNJQl19kSNIVl18gSNE_l1;^SNCgl1;XSNDml1:RSNERm19mRNFVm1;gRND\m1i0TRNWOom1k0nQNSOTn1m0lQNQOWn1n0`0M3M9F4L2N2N2M3Na^]_2
20120107063134Lh_5,de\h18fo14N1N2cPNDTo1e0O11N3N0O001N100O10000000N200O10100O011O@lPN3`o12O0O02M2O4KXP80hoG3M2O1M3N7I9H1O1UOTO`RNl0Zn100O101N2O001N2O1N1O1O2M2N2O1O100O100O10000O1000000000010N2N2O001O0001OOYYaR2
20120107063134Lh_6,h[Pi14jo1M>0H1ZPN0ho1OPO0kP20QPN000oQN1Rl1OiSN8Ul1HjSN1aNOdm10iSN0gN0_m10_SN0Ym10bSN0ck10QR20kRL0`j10fUN0Um1000lL0R30WSN0di10]VN0bi10`VN0_i11aVNO_i1?^SNIN2m1Fij1h0nSNYOP1OSk1a0VTN_O_m1`0dRN@a00Uk1`0\TN@=0Wk1?^TNC8NZk1=cTNCmN0l00dk17RUNISl12TRN0j1NRl11URN0j1ORl13P4MQN0aQN0nl10a1010O1jQNO\l11eSN0Xl14TRNK00S12il16VRNHQ12Ti13dVNL`11hMOn02Qi1;dVNEP2NZN1Ri1a0`VN@U2NWNOWi1g0ZVN\OX2NWNOWi1h0[VNXOX21VNOWi1h0[YNYO\MOZi1i0\YNWOVM0ai1i0[YNWObg1i0k31VUNVO]f1h0_40aTNYOcg1g0]XNZObg1f0^XNYObg1g0^XNYOcg1f0^XNYOdg1f0\XN[Odg1b0U4I4J3KUfiR2
20120107063134Lh_7,`Zck15jo12N2N2O2N6J1O1O000000001O1O002O0O001O001O1O1O3M1O1O001O006J001O0001O0000000O10O01N200I6N3M3N20O1O100O3M3G8O1N2O00000000OChNSRNY1jm1kNURNT1jm1oNTRNQ1lm1POSRNP1mm1>3O2O00001N2M5L3O0O1O1N2O1J6N2M300O1O100N2N2N2O1N3O0O1O1O100O0010O0010O10001N7J1M`fhm1
20120107063134Lh_8,lnVb08ho10O2O001O2FDlPN=kn1`0O00N3O01N2J6L4O2N1N3MlNhQNd0Vn1[OoQNb0Rn1\OVRN>jm1@ZRN=gm1B\RN;gn1G9Mjn10TQN30O010O1NeRi[3
20120107063134Lh_9,gbV_14\m1MSUN2kj10VUN0kj1NVUN1ek1OoRN0XO3Po1MaP40PPL1YPNO_o10aPN1_o10_PN1Yo1NiPN2L0]o1NfPN6a0LVl1NmTN0\N5a01nm1JbQN2:;Tn1CVRN=fn111M2LRo1Ie_[_2
20120107063134Lh_10,ae`h11no10kP40Vo10ooK0QP:0\oE0dPN0_P20joo00gomN000O100nPNOVn10m01kPNOZn11eQNOVo10O0\o70ePH0^SN2[l16RMHnUN<Rj1DVUN2dN;Ul1CVUNV1il100O2000gMkNgUNU1bl1000000O100O001L300100O1O1TNnNiTNS1kj1^OQUN`0nj1CQUN<Pk1DQUN:Pk1FRUN7Qk1GPUN7Tk1EoTN3Yk1KiTNM^k12hTNFZk1:W2N2NZYkQ2
20120107063134Lh_11,]ih]36ho13M2O1O0O1N3N2O100O10000000001N1O101N3M4L3L3M3M3N1010O010O01O1O2N2O1O1O2M2N2N1O2O0000O1O1O1N2OlRNZNPl1d1oSNaNnk1^1RTNcNok1[1QTNgNnk1Y1QTNiNok1V1PTNlNPl1T1nSNnNQl1R1nSNQOPl1o0oSNXOkk1g0bSNgN1c0\l1f0bSNjNOb0^l1d0bSNmNN`0`l1b0cSN1]l1OcSN1^l1OaSN1_l10`SN0`l12^SNObl1g1105K5J3M2N1N=C3K4N2N1O1]NXRNl0km1PO[RNl0gm1RO\RNh0cn1J8J2N2M3N2M[Tm<
20120107063134Lh_12,\cTV32no11N2O001O1O01O01O00010O01O01O0001O01O0100O010O10O10O01O1O10O10O00100O0000001O001O000O2O0O1L4O1O1O01O1O1000000000000O2O00001N103L2N101O0O2O001O1O1OW\We0
20120107063134Lh_13,U^lh23mo11N:G1O001O0O2O1N100O101OO010N2O1O2O0O2N1O10001O1O00000000O1000000O100001O0O3N1N101O0O2O1NhaWT1
20120107063134Lh_14,n][f01ko14O1O100O10O010O100000O100000O1000O010O10O01O1N200O10O01O010OM301O10O01O100O100O1O2OfbnV3
20120107063134Lh_15,eUc?1oo10WO1aQN0\n14bQNL]n1:^QNEcn1c082N10O1000002N1O1O01O11N4L001O1O101O01N01000O1O01O1N2O0O2O2N1NajR^3
20120107063134Lh_16,XaT_12ln3OlPf00YPVO1ko12SRNMok11jSNO]l11aSN1_l12f101O\QNMVO1em12VSNMYm13[1Nn_Y_2
20120107063134Lh_17,b]PZ13ko1NYPN0do10`PN0io30`oM0mPN0bo10^O0aP20QPN010O011no;1loC2O1O00O101OWPNMgo151KRQ60\oK0joM0_oe00hP\O4Raib2
20120107063134Lh_18,ViP^31[P20Po50cP40gPH0VTL5[e1KbVN0P49Wf1GfYN;oj100001`KDZYN<Tk11cKCVYN>Vk1OYJCm[N=ki10YJCaWN0o2:ae1Fm[N9Sd1GP\N4Rd1LhW40fl50dQF0lQ60SnI0ZN0\SN0Zn10]N0VSN0_n30PPN0O0`QN0ol10O0RSN0_n10iQN0^l10eRN0hl10lSN0iN0^o10bPN0om10`SN0I0nl10RSN0nl10QP40dTL0lL0]n=0PRH0QTo<
20120111191454Bh_1,W_`k04ko1100O1N7H4K6M4L5L3M106I2O1N2O8IO1O12M1O00001OgNRRN>Pn1\OURNd0dn100O016I3M4M2O0O0O002N3NO102M1000O010O0000001O101N12N0003L1O1O0001O04KnPf03nnYO7J3N01O1O2M5K3MZ]_o2
20120111191454Bh_2,nkbV21no1101O4L3M2M3ePNIin1h0WQN[OUn1f0iQN\OVn1Y1N100O1O01N101O1J5O1O1O1\OeQN\Obn1d0=01O001O1O5L0O01O100O2O0000O101N1O2N3M10O2N1O01O1O00000001N3M101O1O00001O01O2M7J0O2N1N4LoRWe1
20120111191454Bh_3,T\Tc12ko15M3M4L1O2N2N100]QNBdm1>[RNH_m1:_RNK\m16cRNL[m15dRNMZm15dRNL\m15cRNK]m1>YRNCgm1[100000000O1O1O01O0O001O2N200O1O10000O2O001N1O2M2O2O001O1O10O010000O001O00101QObQN8_n1GcQN9[n1GjQN6Tn1JmQN6Rn1JoQN5Qn1LnQN5Qn1LnQN6LZOQn1;RRNf0mm1YOSRNh0lm1YOSRNg0mm1ZOQRNg0om1ZOoQNg0Rn1d0O1O002N1O2N1O2N1N1O1O2N100O100000nM^RNf1bm1ZN^RNf1bm1YN`RNf1am1XN`RNi1_m1WNbRNh1^m1WNcRNj1]m1UNcRNk1]m1TNdRNl1\m1TNeRNk1[m1UNeRNk1hm1000000O100O2N6J2N2N1O1O1O1O2N1O2O0O100O100\O[QNMdn13`QNJ_n16dQNH[n16iQNHXn17iQNHXn14mQNKSn13PRNKQn15m001N101O0Oj00UO3N2O1N10000O1000001O3M3M10O1O1O1O01O001O001O2N2M2O1O1O1O1O1UQNUO_n1Y1M2N2N1O1O0001O2M3L2N2O1O1]OZQNCon1<;O0100000O1000000O2O0O2N2N2O2MVbSQ2
20120111191454Bh_4,Pah^23lo12N101O00000010O0001O00001O0O101O010O02O000O1O1O000100O100O2N10O010O001O2N1O1O1O25J1O004K2N1O001N100O2O001O1O_OoPN3Ro1JRQN5on1HSQN7\o1Mn]a]1
20120111191454Bh_5,YcZk2a0R3AYi1`0fVN_O[i1b0R30O0001O100O1O1O001O001O00oQNG\l1;`SNFal1>YSNCil1<VSNDkl1<SSNEnl1:QSNGPm18PSNHQm17nRNJUm13kRNMVm14hRNLZm16bRNJ_m17_RNHcm17]RNIdm17[RNIfm17YRNIhm16YRNIhm17WRNHkm17WRNGim1:o01O2O1M201OO01000O1NoNDaRN:^m1GeRN6Ym1OeRN2Xm1OhRN2Vm1NnRNOQm12oRNOol10TSNOkl10WSN1gl1O[SN0dl1O^SN0al11aSNO[l11nRN2IFZm18mRN4em1L[RN6cm1J]RN7bm1J^RN6am1J`RN5`m1LbRNG\O0Qn1:eRNB\O3Pn1:oRNDRm1;Z1O2N2N3L2O1Od\WP1
20120111191454Bh_6,^hRR25ao1<I5L4M3[OWOPRNl0nm1ZOlQNh0Sn1c0O1O1eN[NZTNf1bk1_N\TNb1C]NQk13SUNi1IWNRk13nTNk1OTNQk16gTNl16PNQk1P3mTNRMQk1P3mTNRMQk1o2nTNRMQk1P3kTNRM_j1CeUNZ4[j1gKbUNZ4_j1hK^UNY4bj1b00O2O0mM[UNlNgj1Q1hUNbNXj1\1kUNcNUj1e0YUN[Ne0P1Rj12]UNdN31d0Y1li1N[WN6`h1DgWN?Uh1@dXNKYg14lXNJRg1^OeUN5b38gf1BkUN1b3<bf1BUZN<le1CX501O001O010O1O2Lho97SPF0010O100O2O0OfYf1Klhhf1
20120111191454Bh_7,__[c0;70bn1V1D3O0O11O00100O2N2N1O1O1O1O2N4L3M1O001N101O001O00000000N2N2O1N20000O1O10D_QNXObn1f0<01O000O1O2O0O10001O001O0O2N1O2O0O20O0100O1O1O2Ml`fX3
20120111191454Bh_8,jel_21no12O1N101O00001O010O1O010O000001O0O1O100000000000000000000O100000000O1000000000001NQPb01oo]O0O10000O10000O1000O10O10000O1O1O010O10O01O10O01000000001O0O_PNKYo13hPNNYo11fPN0go1N01O10O0OPZaZ1
20120111191454Bh_9,_ZXT13lo12O01O]P67ZoIg0[O2N1O001O1O0000O1O0O1O011000L4O100O100O10001O001O000000001N20N2O1N103^O]QN^Ogn1`0=03M2N5J2M5Kodah2
20120111191454Bh_10,cf^e03lo12O2N1O1O2N1J6NBhPN8Uo1IlPN8Ro1HoPN9on1GRQN:ln1FUQN<hn1DYQN<fn1DZQN>en1@]QNc0K]Ojn1n04K1N010N3M2L4CSYQY3
20120111191454Bh_11,ZZX\21no12N5L1O0O010001N101K4O^Q\42\ncK500000001O04L0O2N^Pb01ao]O6K10O011OO1O000001O1O14MN2J40001O0ORQf30nnYL2N2O2M3N2N1O001O10O010O100O1O1O1O31ON0O101N000O2O1O^QT2MdnkM11O10b`_T1
20120111191454Bh_12,`hbZ13lo12O1M3B=M21N101O0O101O1L4L3L5O1O1N2O10O010000OYXmc2
20120111191454Bh_13,_fhQ22no101Oi02\PN0am11RRN2^O2\n1MTRN8@F[n13SRNONLnm16PRNM7Mgm18oQNJ>Nam1:nQNHon10lPN32Lgm11]SNOPO6cm1N[SNLVm16jRNIWm18gRNHY16[i1NXTNMS1OZ18Yi1I_TN0b09P1FlN2AO`k10cTN0=3\1LaN1F0[k10hTN220i1N[NOI2Vk1OPUN;l1ESNOM2^j1OhUNOj21QMO11Zj14gUNKo20mL150Vj15hUNJQ31iL190Rj16iUNIU38RMIPj1OcUNO32W40Sf1OdUN0N1\41Rf1NfUN6Y4LRf1M`ZN1be1O]ZN1ee1OZZN1fe1OWXN6lNLmh1OTXNOZM=X1EZi1ORXN0`M1LOW11[i1OZWN5[NK;Oe02[i1OgVN9dN31Hf0Kc05Yi1KeVN3mN3Z1KO4Pi1KdVN6P1L_O1kh1MeVN3V1f0eNYO^i1NfVN0U23eMN_i1OoUN45Nk25]MIci10oUN81KY3NSM0bi1OPVN0M`0`3AoL1di1NoUN029a3?^f1XOoUN142T42ke1KlUN1\o1OdPN1]o1ObPN1^o1OcPN1\o10cPN0^o10aPN0_o12]PN0bo170O1O02O0TVNHQd1N`VN0_53Pd1MaVN0[o10;0ZPN0\o10dPN0eo10I0`PN0`o10_PN0bo161O1O1O100O0100O100O0010O1O2OZTX2OlhgMOl20fZkf1
20120111191454Bh_14,efd[31lo13O2O00001O0O3N000010O0100002NO1jPNGdn1;XQNGgn1<TQNGkn1g000001N100O100GoPNBRo1>801O002O00002N0023LO1O1N101N010O10OO2N2N3M^XYa0
20120111191454Bh_15,Udb]24ko12O1O1O10O1O10O2N2N3N00000O10O11N1O01003MO10F_OTQN`0kn1AUQNc0fn1^O\QNa0cn1^O_QNb0`n1^ObQN`0Uo1J1O1O2N0000000000001O000010O0000O101N2NmZ]_1
20120111191454Bh_16,dfTd03ho16N2J6O0O1000FiPNJXo169O100O101O1NPPn0OSPROO0000fYgY3
20120115063134Lh_1,nePf19^o1900O02@fPN8cm1IWTN3gk10[TNLek16[TNIek19o12O2M:G3L3N100O2O1O4M1OO002mNZQNg0To1LO0000000O2O1O2N2O^OQQN2on1MRQN3nn1LSQN3on1KQQN5]o10001O0000001O010OXOJfQN6Zn1JfQN7Yn1I^QNNL`0`n1@oQN`0in1O100O100O010O0010O0001O0010O000001O000100O00001O0011O3L10O0000000000O1O1O2O00001NUZ[T2
20120115063134Lh_2,VchT14ko13N0O101O0O10000O1O100O100000O10O1000000O0100O1O1N101O2N10000000001O001O001NaPn0O`oQO1O2N1000001O00001O0010O01O01O01O00001O01O01O0001O01O01O01O0010O0100O2O0000100O10OVOMfQN3Yn1MiQN2Vn1OjQN1Tn11lQNNTn13kQNNTn12lQNNUn11lQNOSn1I`QNM>;Qo10O100O1O10O0010O0010O20O1OO00010O00nNBbRN>`n100O1000000000001N1000001O0O101O000001`NGXSN:fl1FZSN;Vn100O00001O0O100000jNIdRN6\m1MaRN3`m1M`RN2am1M_RN4bm1J_RN6fn13M001OO001O001O7HmZi`2
20120115063134Lh_3,^XgR11no12O2N2N2N00100O1O1O01O001O1O01O001O2N1O001O05NM010O01O1O001O01O01O100O1O001O00000O10O1000O0010O1O01O10O0010O1O0010O1O001O1O10O100000000O1000001N1O2O0O\g`h2
20120115063134Lh_4,ZZ`i12mo13M3H7N2N2J5O1O2N1M3N200O100O100O100O100O010O010O01L3001000O100000001O001O001O00010O000000000O10001O0001O01O001O10O01O00001O00001O00100O010O100O1O1O2O0O1O001O01O0101N2O2M2N001O00000000000001O001O001O10O010O01O0100001O0000O103L0100O100O1O1O1O000M3000000000O2N2O2M2N1N3NSeQn1
20120115063134Lh_5,^_Xn12jo16C=K4K6C<N2O1N101O1N2N2O2M2M3N2N2O100O1OTNXRNa1Tn10O001O1O00_NnQNU1Rn1fNTRNZ1Zn1001OO1O1O1M2O1O1O1O10O100000000O010000O001O1O00000O2O2[OSQN3So1EQQN9\o1O1O010000O1000000O2O0O2OO01O1O00001O01O010O001O1O1O0O2O1O001O000009H2O07HO2O00O2N1O002N1NSQl0LRoSO001O1O004L2M3L4N1O0001Bh]ci1
20120115063134Lh_6,PnZd05ho15M1O001O001O1000OWN1bSN0Tl1c0cSN]ORl1P1lSNPOQl1S1nSNnNPl1S1QTNnNmk1Q1UTNoNik1P1[TNPObk1Q1aTNlN_k1T1eTNhNZk1X1kTNcNUk1_1d11iN`NnSN?XO4gl1GZSNf04]Oal1^1eSNXN\l1k1k01O1O2L2ODbRNYN]m1i175L41O1O1NfIWNb^Nh1_a1\N^^Nc1ba1_N\^Na1ea1`NX^N2`Jc0Yg1ZOS^N3kJ?Sg1_Og]N7^K6mf1Bc]N7SLG[f11_]N;XLBZf12\]N>[L^O[f13W]Nb0`LWO\f16m\Nj0jd1VOlZNU1Te1jNhZNZ1Ye1eNeZN]1ii16L4N1O2N1XOVNWSNo1gl1e001SNYM_VNh2`i1fMRVN\2ci1QM^UNh0k0W2di1XNXVNj1fi1XNVVNl1ji1TNoUNR2Rj1nMiUNV2Yj1jMaUNZ2aj1a11N2O100O2O0O3M<D4K4L4K5M2L3M4H8L7I6K9G4K4L4L4K5L5K8UN]RNn0]n1M3M2O0N3N1L6JkZ[U3
20120115063134Lh_7,\\hf12mo12O1O010O0001O1NTVn02jiQO101O001O0000O2O002M[j=2dUB1N2O010O00O10001O1O1O\RT4OimiKO]o194H80nPNOXn10UR>0SmA0e10UP<5moCKg10Zn30]nK4oRNLVm10jRN0Vm10jRN0jmU10iPnN0PPN0O0RQ20mmM0RRN0nm12]QN23Lan17TQNJ207Ocn1:ZQNF20en17\QNIN0gn15hQNKYn11mQ4OQoK000cPX21]P`N2mnWO1N10000O13M1Nn\oi1
20120115063134Lh_8,YXU`06io12N2N1O001O0F:O2N2O1O1N3N4K3J6J6F:I7N2O2N2O1N000000O00N1kNjMcTNl1fk1\NSTNd1lk1`NQTNa1Pl1_NPTN`1Pl1`NPTN`1Pl1`NQTN_1ok1aNTTN\1lk1dN\TN?SO_Oal12_TN;TO@]l15aTN8TOCYl1:bTN0UOFXl1>dTNFXOJQl1c0mTNZOWOOkk1i0^2200ZOWOURN`0Tn1DhQN9\n1J`QN5cn1a03N2N5QOTQNa0Wo1M3N2O2MfkZ\3
20120115063134Lh_9,liRZ33ko16K3M3M2N2N2N1VO]OVRNc0im1ASRNa0km1CQRN>nm1HkQN:Tn1i0N1M3O12O1O1O2O1O1O2hNiQNc0Xn1ZOlQNd0Tn1[OoQNd0Pn1\ORRNb0nm1^OTRN`0lm1@TRN`0lm1@TRN?mm1@TRN`0km1AURN?km1@VRN`0im1@XRN`0im1^OXRNc0an12N3M2TQN[OZn1W1N1O100O10001N3SSN_NVk1h1bTN[N\k1g1aTN[N[k1j1cTNWNZk1k1fTNVNYk1k1eTNWN[k1h1dTNYN\k1g1bTN\N]k1c1cTN^N^k1a1bTN`N]k1`1cTNaN\k1>mSNIf0J\k1=QTNGb0M]k1;STNG;4ak14VTNG7_OH5kk1e0XTNF2BO0fk1g0[TNFNE5Ick17PTN2=8IGbl1NYSN3>8DHfl1KYSN4?9_OJil1HZSN4a0n0Wl1iN[SN8c0l0_l1TOfSNh0Yl1XOkSNf0Tl1YOoSNf0ok1[OSTNd0lk1[OVTNe0ik1ZOXTNg0gk1XO[TNh0ek1UO]TNl0ck1QO_TNo0Ym10000A`0N2M4L5JeS62[lI2N1O1O2O0O100O10O01O100O100O1O1O1O100O2O0O101O000O11O0000000000000O101O00001O00001O002N2N2M3M3LbQa=
20120115063134Lh_10,\[a[18ho11O0O1H8M1O2100O100O1O100000O1O1N6K@SQNOmn11YQNKdn15d0N10O2L400N21N2M2Nbebb2
20120115063134Lh_11,VcTa05jo13N0gNLgRN3Vm1OlRNNTm13`[^3L^ecLNkn?1oQ\O0_1OeN0nm10SRN0Y10nk10[UN0ni70mk56QWD6`XNDT_13oXNNVo11nPNNPo11RQNOmn11TQNOk50lI0_h11iWNOP54cKLbg10g^N0Wa10U]N0oJ07<Vg1D[^N0Qc10n\N0Sc10lVN0b40PL0ch10jVN0X44bLLih10_ZN0ff10WUN0Yo10fPN0n30Tg1:fXNFag18\XNHjg15`W2LVmKOZo11Um7OVSF4eQ2LRN0L1io14mnMKi60hJ0Yk90kTF0WT20_k10PPL0400010UM0bU20XmM0O01000XN0PRN3^P4MSP40VoI0I6jZYU3
20120218152654Bh_1,[efn14ko12N1O7J0O100O101O000O11N1000000OjPNCkn1=UQNEin1;WQNEjn19VQNIin16XQNKgn15YQNKgn15YQNLfn13[QNNen10[QN1en1O[QN2dn1N\QN1fn1NZQN2gn1MYQN3gn1MYQN2in1MWQN2jn1NVQN2kn1MUQN3kn1MUQN3ln1LTQN4mn1KSQN4nn1MQQN3on1MQQN3on1MRQN2nn1OQQN0Po11oPNNRo12nPNMRo15nPNJRo16<001O0001O0000001O01O0001O01O0010O001O010O000100O10000O2O0O1O100O1O1O1O2N1O001O0O2O000000000000000001O00100O1O011N10000O3M2N1M3N2O1N2NgY[j1
20120218152654Bh_2,l[eT24ko14L2O001O001O9G2N006J00000M4O1N2O2M2O1O001O01O100O010O4L1O2N1O000O2O002M101N2N2N2O1N2O00000010O01O010O0000001O0001O001O0000O1N2O1O4L2O1N2O\cnf1
20120218152654Bh_3,X[Pg16ko1O00010O01O01O010O10O2N2O1N1O2N2N2N2I6N3M2O1O2N1O2N1O3M2N2O00gNaQNP1gn1101O1N1ORO]QN`0cn1]O`QNc0`n1\OaQNc0cn1YO_QNf0nn1O100O102N0O0010O1002M101N1001N100O2O0O102M2O000000O1O1O8H010O10000O2N2M_bWT2
20120218152654Bh_4,g^Po25jo110001O001O2M2N2O0O2O001O1O1O1N101O00001N100O3N000000N20000O010O1N2O100O100O2O00000001O000010O1O1O1O0100O000101O00O1O010O001O10O10000O01O010O001O01O1O1O0O4M1EbPN1Y`Ql0
20120218152654Bh_5,n`Xo03mo11N101N100O2O0O2O00001O000010O00000001O000O10O1000001N100O101O0O7I\o71cPH2N2O1N2O1O1N2O001N10001N100O1O101O0O10001O0O1000000O1000O1O001O1O1O1O1O1M3O01000000000001O00001O001O001O0N2O2O0O100O101N10O0100O01O1O001O100O1O010O100O100O100O1O1O1H710O100O2O001M2O_Pl11`oSN2O1O1N110O00010O01O0001O000AJTQN6kn1LTQN4kn1MUQN4in1NVQN2jn1OUQN1jn10VQN0in1d0O1O101N100O100O1O1O100O1O10O01000000O01O1J6O100O001L400O1000O001O0O10N101M301O10000000000000000001O01O0000001O000O101N100O100O10000O2O000O100GbPN0_o1NbPN1^`m`2
20120218152654Bh_6,fYjT29go11N10O0100001O000001O000000001O0N2OEdPN7Yo1IgPN7Yo1IhPN7Wo1IjPN6Uo1KlPN5Ro1LnPN5Qo1LnPN6So1GmPN:Ro1EoPN<Po1CPQN?Xo11O001O03N00O1O2N4L1O01003M000O02N3M0000001O0010O01O1O1O1O000000001O000O2N4L106IWemf1
20120218152654Bh_7,hYgb21no11O101O001O01O01O01O001O001ObPNOnn10SQN1]o10002OO1OOao72^PH2N010O00100O1O00100O01O010O0010O000100N3N0O1000000001M20O010000000003M01O000000000O2O0O1O10hNOaRNO`m13^RNNbm13]RNMcm14[RNMem13ZRNNfm14XRNLhm14WRNMim13WRNNhm12XRNNhm12WRNOim11VRN0jm10VRN0km1OTRN2lm1NSRN3mm1MRRN4om1KQRN6nm1JRRN6om1HRRN8om1GQRN9Pn1EQRN;jn10000000000000O100O1N20000O100000O1O1O1O10000000HFjPN:Uo1GlPN8To1IkPN7So1KmPN5Ro1LoPN3mn11TQNNkn13UQNMkn14TQNKln16UQNFnn1:RQNEon1;;0000O100O10000O1000O10000O1000000O010000O100O10O1000O010O1O2N1O101O1N3LjfRS1
20120402105814Th_1,Uf\h01no16J3M10O1N201O1O1O1O00RM3jUNLTj18kUNFTj1=c27J5L5M3M2N21M20OO104M5J4L2N1O1OO10O1O3M2N2N010O01O1O1O0001O0000001N101O1O001O0000100O00100O10O100O1O0000O0100000000O100O1O10O01000O010O1O10000O01000000000O10001O0000000010O01000O10002N1O3M3L3N2O1N02N2N1O1N5L2M2O0O010O100O1O]n7NcQH3O1O1OO1NY\Qo2
20120402105814Th_2,R[mV36\o1`0F=J2L3N3L3NTOfQN6Wn1KnQN2Qn1MTRN2im1L\RN5`m1IdRN9Xm1GiRN;Sm1EoRN=nl1BTSN`0il1AWSNd0dl1WOaSNl0gm18I1O0OmNhQNc0Un1\OSRNa0jm1]OYRNb0hm1[O[RNc0an100OcN\OaSNb0^l1@lSN6Ql1MQTNNfaZg0
20120402105814Th_3,QTUR24ko17H2O1O10O01DDSQN<mn1;ON3O20O10O10O10O2L:H10000000O1000000O0100000O11O0000FEPQN:Po1FPQN:Po1FPQN:on1GQQN8Po1HPQN8Po1GQQN8Po1HPQN7]o1O1J51O10000O100001O2OO3M5K1O2N1O1N2O00000000O101O0O3N1O1O_PNH[o17ePNI\o16dPNK[o15ePNK]o13dPNL^o11cPN0fo11OO1000000000O101O0lPNNZn13YQNMO2fn13VQNO3Ogn1=YQNCR1KZl1b0fRNAfn1=?01N1O2M2N3Maoe00aPZOO101NUR60lmI1O1O0O2O01O00000000\PNM[o13dPNO[o1;01O00004L10N10001N101O1O1O1O000000010O001O8H1O1NciZd1
20120402105814Th_4,^c`X11oo10`PN2nn1OPQN2Po1NPQN2Po1OoPN1Qo10?001O001O1O11N010O0001O0100O010O0001O1O001O00000000000O10000OO2O1O0100O0100O01O10O10000O1000O01000000000O10O100000O10O1000000000000001O00001O0001O1O0012OO4K010N[\Sb2
20120402105814Th_5,Z_mm24ho14N2O10M2McKNTYNOmf13]XN0iLMjj14\XN3bLMSk1O[XNc0eg1^OZXNb0fg1^OZXNc0eg1^OZXNc0eg1_OYXNb0gg1]OYXNc0ig1[OWXNe0kg1XOPXNn0[k18K4M2O2O10O2MnLfNbWNT1ah1PO]WNl0fh1VO[VNJiNP1mj1WOWVN3dNe0Vk1XOUVN5cNc0Yk1WOUVN8_Na0]k1WOSVN9_N<ck1[OmUN9`N:fk1]OiUN8bNNck1D]TN5^19bNIfk1L[TN1[1:gNDfk12WTN1Z16Yk1H^SN1jn1MVQN3ln1JUQN7Zo12N2M3N2N<E2ON1N2L5^OQQNKZP24SO3O02MSchn0
20120402105814Th_6,iY]l26io12000ORSNMoi13`TNO10]k12bTN00M_k11aTN5ll1JUSN7[n100N1NhSj0IelSO0bo10bPN0go10Wo90YP40gPb00gmI1mQVOOWPN1ecRo0
20120402105814Th_7,[ZSR32no12N1O010O10O01O1O001O1N2O0010O10O1O01O00001O000O1O10O1000002N00000O010O001O010002M101O0O1L4O10000000O1O10O1Oee^j0
20120402105814Th_8,bVco01mo13N2O0O2N1O1O9G1O1O1O1M3O1O1N3N1000@WQNIin16ZQNHfn16\QNIen17\QNHdn17^QNGcn18c0N0O11O2M300O0101O00000O1O100O100O1O2O1M_PNNXo12gPNO[o1NfPN2co12N2O1O0010O00]OMYQN4cn1O]QN1bn10`QN0]n11cQN0[n10fQN0Zn1OgQN1Xn10iQNOXn1OjQN1Xn1KjQN5Vn1IlQN5Qo1O1MgiZl2
20120402105814Th_9,_ZWn24ko1O8Ngo10<0joM0jo30\PJ0do10YPN1ho1310O010O0100O0M;0Wo93\PF20LZPNOeo50^PJ0bo11\PNOdo13YPNMjo14O00O1OPP2NjPL0bn10hQ40VoI0_n51hffn0
20120402105814Th_10,R]_e21no1101oPN2mm10PRN>bm1C\RNk0Tn15D;N10VOlQNIRn1L\RN3bm1LcRN2[m1OgRN1Vm10jRN2Tm1NmRN1Rm10QSNMnl15TSNHkl19USNEll1<VSNAjl1>\10jPNAkn18SQNHXo179000O0PcnX1
20120402105814Th_11,`cfX11QP60ooM0lo70[PJ0jo30QP20moE00000F0dPN0fo10eo10ZP20YPJ0fo90QPL000ioM0_PN0I0co55XPJO10\PNL[o1580000O1000000000O1]PNK[o15ePNK[o15ePNK[o1580000000000100OK5O:0H4K010VPNL^o10hPN6Xo1JiPN5Vo1MiPN3Wo1MiPN4Vo1LjPN4Vo1LjPN4bo1O001O00001O00]PNMZo12fPNN[o11ePN0eo11O0000000N201O000001O001O1O1OToa0OmP^O001N0SQ6OonI0f[S_2
20120402105814Th_12,Z[Ze15jo14M0010O02N10O1O0O10000000000001O0001O1O0O1000000O2O2N0O`dkX2
20120402164214Mh_1,j[_m22lo13O0010O010000O1nMNTTN2lk10STN0lk11XTNKgk17WTNIjk17VTNHkk18o11OO101ObQNJRm15mRNKTm15kRNKVm14\10gQNJgl15XSNLil14USNLll14TSNKnl15_1O00100O010O01O010O1O010O100O3M2O000O01000001O0O100O100O0100O10O1000O100000O010010O0O1001O100O03M5J11O1O001O1N1O2N2M4LPdTm0
20120402164214Mh_2,]cdk05jo13M3M2O2N2N1O100001O1O2N0O10000O1O1O10O0100O000010O0001O01O01O00001O01O01O00010O1O001O2M2Oio7OaPT10_ocN80O00100O100000001O01O10O01O100O2O0O10001O1O5K2N001O0001O1O001N104L4K1O100O1O010000O10O10O10O101O0O100O0100O1O1O100O1SNIPTN7jk1OUTN1jk1OXTN1fk1O\TN1bk10_TN0`k1NcTN2ak1HaTN8cm1100O1000O10O0100O1O1N3LRZkj2
20120402164214Mh_3,hScU24io16L3M2N2N1O1L400O1OK6O01001O1O100O1O01O001O00000L40000000O101N1O103M2N001O001O0000001O000000000000010O0100O1O001O1O011N2N010O01O001O1O2O0O01O10O100O00bPNJSo15lPNLUo1a0N100O01O1O1O1O1O1O1N6K2M4L]kfd1
20120402164214Mh_4,gScU2143`o1MfPN1Xo1OkPN0So10>0O1ePNOfn13[QNMcn11aQNO^n12h0O00fPNOgn11XQNOin10XQN0\o10]O0VQN0kn10TQN0nn30lSL0Yi10kSN0Z22ji1N^VN;ai1EnSN0P2<Qj1D_VN=ai1C`VN=_i1CaVN>Wi1IYTNIo1=gi1G^TNLk1>fi1F_TNLl1<fi1H^TNLn1:di1JVWN2kh1M\TNMW23]i10\TNMX21^i12XTNMgn13XQNMjn12VQNNkn14RQNLSo11_P2O00PP40ooI0:0F0000000QP20PPN0E0:0<0fo30aoK0lPN1bo1OO0@0`0010?0QO0nPN0So10lPN0Uo11jPNOWo10hPN1do1O10O0?0gN0dQN0hn10lPN0To15ePNMQo1N`QN0Yo10]o=0cPB031^Qh01[nWO3N1O1N2O001N101O1O7H2O0YMZORVNi0li1ZOQVNg0oi1ZOPVNf0Pj1[OnUNf0Rj1ZOnUNg0Rj1XOnUNh0Rj1XOmUNi0Tj1VOlUNj0Uj1UOlUNj0el1001O001O001O1N2O000000D[QN\Ofn1d0[QN[Oen1d0=N100O1N2O001O1M3O1O1O100000000000001N2N2NWj``1
20120402164214Mh_5,Z[g[13lo1100O101EKiPN6Uo1;01N2O010O000000000000000O100000000001N100000001O001O0010O01O001O0000000000000000O100000000000O10000O1O1O1O1O010000O1000O011N3L3Mcoa0MbP^O10O0000ko90TPF4L101O0O2O00001O00O10000000O10O0100O10000O10000O10000O10O1N2O10000O100O1O1O2M3NieR\2
20120402164214Mh_6,S\iW31no13N001O001O0RO0kQN2nm1;kQNETn1>jQNCTn1c0fQN_OXn1d0eQN^OZn1U1O0101O1O003O2L1OO1O1O1O000N3OVOiQNKTn17oQNGQn19QRNDQn1LfQN2<MPn11eQN1>HPn17cQN0Ro10oPNOSo1NPQNOgcRf0
20120405130014Th_1,e_\o01oo12N1O001N2O001O0010O00000000001O0000001O001O01O00010O0000001O0O2O0O2O1O001O00002N2N101N2OO000000E_OWQNa0in1@VQN`0jn1@VQN?kn1BSQN?mn1:0O1O101O1N103L101O001O001O3M001O0000000000JCiPN=Uo1800O10O10000O00100000001O0000000O100O1O1O1000K5N20001O0O11O010O1O10O0001O0000001O000001O00001O0N2O101N01000O1O1O10O1N2O0100000005K001O0O10000O100000O101O0TOVQNa0kn1]OXQNb0hn1]OYQNb0in1]OWQNc0So1O101O00000O10000O101O00001O0010O001O0001O001O10O03M1O100O1000O10O00001O002M10l_[d2
20120405130014Th_2,dTQX34jo15M00001O005K2N2N5K3M1O01O0001O6J1O1O1O01O001O2N0O2M201O1L5M3H8L3O1N2Mojfe0
20120405130014Th_3,X_^g17ao1:L3^Oa0N10N3M3N3LWRNWObl1f0k3ZOYN002N01NSP23joM2O2N1O2M2O1O02M2N3MbP`0O^o_O2N3N0010O00100O011N100O100O2O0O100O2O000001N100O100O10O001O010O01000000010O1O0O100OaPX6O_ogI2N101O1O0010O0010O0102L]Q`21cn_M2N101N2O0000O010O100O100O2O1N4MO1O1O001O1001OO010O11O0000000O10SP4NnoK1O1O10001O2N2N3M3M1O00104K2N2N2OO01OO2O0N2N2N2L`JEb[N:^d1Gb[N8_d1Ha[N7`d1Gb[N8Tj1N3MZQ`2Ogn_M2N3N1N2N0100L301N100001O0000000100O1O2MRXUb1
20120405130014Th_4,Z[]Y22mo1101N2O1M3N100O2O00000000001O10O010O001O000000001O0O10000000000000O1000000000000010O00000001O001N10000M4O000O100O1O1000000O101O01O00001O1O00000000O100K40100O10000000O1000000O2O7I1N100O2O0O10001N100L400O1O5L00000000000001O0O1O1O10000O10O10000O2O0O1O1000Yoe02aPZO6N2M2O1O2N1O10O1O1O1O3L101O1N100O2M[oW20dPhM4O2N001O000000010O01O00001O000O2N4LoeZY1
20120405130014Th_5,laVo23lo13N1O001M3N101O1O01O1O2N10O0001O1O1O010O0000^PNK2Onn15PQNL11nn11\QN1en1M[QN4Yo1O2N1O_og0OhPVO7\o18M1001DfPN2[o1JhPN6ao10000O01O10000001O0000000000O100VOKiQN5Xn1NeQN1^n1MbQN2^n1OdQNN\n13j0NU^_l0
20120512063234Lh_1,TidS34ko12O0O3L4K51O0OO2N1O1O1A_O]QNb0an1B\QN`0cn1_O]QNb0Po11:E100O11N3N000000O100O1O00101000O10O00010OO2O0O1001O1N20O1O000O11O001000O001N2N6K2M4MYOVQN=en1^OcQNe0Uo1E1M5IoS]h0
20120512063234Lh_2,j]il29fo12O1O1O2M5K4J5J5L3J7N1O1E<M4K;G3M3N01O2O:jNYRN]Okm1^OTRN4f0>`n1001O\OjPN>\o10102N10OO001O001O1O1O2N02OKQafP1
20120512063234Lh_3,l^Uj13lo12M2O1O1O3N001N9H2M2O1N2M2O10O000010O1000003M101O00O010O1O0O100O1M3O1O100O10O10O1O100O100000O101O01O41K00O1O1O000L50000O10O100O010N2N2M3L4L4N3M2O1O1O1O000I7N2K6O0101N3N2\NQRNS1^n100O1M3N2N2N1O200O0O2OO101N1O2O00M4G7010M3N2O2N1000001O1N2O01O01O0J6001O1N3N1N2N2M3N2O1O2O0O1N3Hcc^m1
20120512063234Lh_4,[X]R17ho13K4L5M100B@\QN?an1G]QN7bn1N\QNJbn1a0`QNXO]n1o055K5M3N1O1O1O1OO1^OiQN[OZn1`0e0M2N3N1010]O_OhQNa0Xn1@gQNa0kn101O01N10O01O101N2N2N2M2O2N100001O1O101N3N3L3N001O001O1O1OVTN@Th1`0lWN@Th1`0f300000O2O0O2O00001O0O100O10O000001O001000O01^RNXOlk1g0UTNZOjk1e0XTNZOgk1g0h10^Ob010gRNiNik1V1XTNkNgk1T1ZTNmNfk1Q1\TNnNdk1h0gTNVOZk1g0jTNXOVk1g0R2N10000O1O00100O1O2O1O2O1N2N2O1N101M4Kjog03TPXO3N2N2O001N101O001O01O1000O0101O0O010001O0000O1O1N2O1O001N3N]klc2
20120512063234Lh_5,b\eX27io11O1O1O1O2N2N0RRNDYl1;bSNK^l14aSNN_l10aSN1_l1OaSN1_l1OaSN1_l1OaSN1_l1NbSN3^l1FhSN:Yl1EgSN;Pn1O002N010O00010O00000000000000O01000000O2O000O100000000000O010O010000Nin3L]QL1N3N001O000lPNK]n15g00001N2MUPP10looN2N2O6J1N100K4O20O100O100O101N3N1O0000000000O0010O0000RQNHUn19kQNGSn1:nQNFPn1;QRNEom1:SRNElm1<TRNDlm1;VRNDjm1<l0100000001O1O00000000O1000000H80001O0000000000000000000001O00001O001O3M3M001O00001N100000O10005K0O1000000000O101N1N201N100O10O10O11O000O1O1H9O0O1OWc^[1
20120512063234Lh_6,m^oi16io11O00K[PN1co10_PNO_o11cPNO\o11ePNOZo11gPNOYo10jPNOUo11kPNOUo11lPN1Po1O`01O0nPNNXn12iQNNUn12m0NQP20PQN0PO1POOQRN1on100000TP2OooM1N1N100O1kNL\RN4gn110O00N11KXO0kQN0Vn10jQN0Vn10iQN0Xn10hQN0So30PPN010O100VOOeQN1[n1OeQN1Uo101O00014OL2M1O2N1VOJiQN8jn15[OCgQN>Xn1BhQN>Xn1BgQN?Yn1AgQN0B9[o1GfPN7[o1IgPN3Zo1NGO[QN1cn1O_QN1Xo1001O1O010O00O100NeN0[11]1OdN0QN5k1OPRNLVl14jSNLTn1010jn;0PRD0So30RPL000PP20YkM1g400Oj30hlM1\o10@OTQN0^o100100O1O1OO2OVOOgQN0To30ToM0iQN0hm14gQNLUo1?0JcQNG]m1<S11O1O2O0\QN@hm1`0VRN@lm1`0QRNAQn1?mQN@Vn1`0iQN@Xn1`0gQN@Vn1e0iQN[OUn1g0jQNYOVn1h0hQNXOYn1j0_QNZOcn1k06M1101001O0AYQNDjn1;>N3M4IWSd01ag[O2cZN1Ze12eZNOZe12eZNNZe13fZNMZe12gZNNYe12gZNNZe10hZNOYe1OiZNOej1Olm11QRN6K6L1O1lRN@fj1`0`2M6J2Mbmg0KbRXO5eRNLcj16YUNMgj15VUNMij15UUNKlj16RUNIQk16nTNHWk16[2N4Kie`i1
20120512063234Lh_7,_X[R11bo90]PH0O1ePNOgn11`005O0000no50QPJ0\m=0dRB6KLYPN1:Mnn11iPN37LRo18=LVQNLjnc00PoC0VQJ0O11O[PP10\PXO0YoG000Qo=0oPB0jPN0Yidh2
20120512063234Lh_8,e^[c04mo11nK7kWNGVh1<f33M5L02M3M2N1OlQNH_l18[SN6W1_Och1:SVNd0P1YOhh12VVNl0k0UOnh1OVVNn0j0UOPi1KWVNP1h0VORi1HVVNS1h0UOTi1ETVNX1h0RO\j1S1`UNmN_j1V1_UNjNhi1MlTN]1[1eNfi1U2[VNiMfi1X2YVNgMgi1[2XVNdMji1\2UVNcMli1R1hTNK\1POni1o0PUNNQ1QOQj1l0SUN2l0oNUj1k0SUN4bl1I`SN5bl1J^SNGYOI]m1=\SNIUm12lRNNcn100001O0101O001O2JQRj0MSnUO1M4O1O1]OHZQN<dn1a0O2VQNRO`n1V11I8N;E5K3N3KQ`XX3
20120512063234Lh_9,[[ki04ko14L3_OGUQN=hn1=100ON2L3_O;8O000N21O1N200001N1O1E;O10L31O1O1O2N2O1N1O5E8IYfRT3
20120512063234Lh_10,lfhl22no1000O2fP20WoM3]PNKUo1d0L>PQNoNXn1_1M1M21OMlNPRN?om1@VRNHJ7Pn11gRNKZm14Z1NUYSR1
20120512063234Lh_11,eXaR11Zo90RPH0UQN3[o1MRP40Wmc00^S^O0YST12okeN4M2O1N10G]PN6bo1J^PN6bo141O1O1N^l7Ik30noG0no50SPJ000TO0l000000iPN0Uo50`ne00aQVO0QP60jkjf2
20120512063234Lh_12,QidS33io1301]PNJ[o169MWP4M_PJ0nn10a00@0PQN0on17kPNIVo12ePNN31Xo10iPN5ao106Jk00gn10_PN0lm52PRJ:aRNDej1a0\2O1N`RNBVk1h0\UNXOSj1b0UVN^Oki1`0l2MPSNCgj12eU6NgmM0nN0`PL0[Ph00TPZO001eS_h0
20120512063234Lh_13,PgkR23lo12_ONQQN3mn13nPNNQo14nPNLRo1`0100O101O4L1O001O000001O00000000000O100000010O01O18G10O010O0O101O001O3M1O1O10O0010O01O009G2N00O2O1N4L1O2N1N2M3O1O1000000000000001O006KO010O1OlPNCen1=ZQNDfn1<YQNEgn1;XQNFhn1;VQNFjn1:UQNGkn1:SQNHln18TQNHkn1g0O10000O010000O000001001O0000001O0O100000000\OTQN4ln1DTQN02:^o1N1O1O01O0000001O00000000000O10000O1O10O1000000010O01N2O1N2O1NSX`d1
20120512063234Lh_14,Qam^23ko12O010N2dPNLkn15TQNMkn13TQNNkn14SQNMmn16PQNJPo17oPNHRo18nPNHRo1b01O1O01001O001O1O00000O1O10O03N5K0O101O0O1O100O101O1Mm^f^1
20120512063234Lh_15,jk\_22no14L2O2N1N2O1N100O10O100O1O00001O001O1O1O1000O1O01O0100O2N2N<YOXO_QNh0^n1ZObQNg0\n1[OcQNe0]n1\ObQNd0]n1]OcQNc0[n1@dQN`0[n1AeQN?Zn1BhQN<Vn1FlQN7Tn1InQNFH5Zn16\RNEem1;Q1N4M6ITTg]1
20120512063234Lh_16,^kbc29Yo1KlPN<1G`n1V1M01N2O1N2O1O2N2N8J4YOPQN3on1MQQN3on1MQQN3\Sa[1
20120528063154Uh_1,^[[W29do15J5F8G:N1M20O2O1O1O1N3N1N2M3M3O0101N010OO2M3O102N1O101M2N3M3N2MlN3Q13N1O2N001O010O10O0001O0O2N101PQN_O`n1b0_QN_O`n1a0aQN_O^n1a0`001O01O000001O00_SN_Odi1a0]VN@ai1`0`VNA^i1?bVNC\i1>dVNFWi1:jVNHSi19mVNGSi18nVNIQi17oVNIPi17QWNInh17TWNIkh15WWNKhh12]WNMch12^WNNah12aWNN]h13cWNN\h11fWNNYh12iWNMVh14jWNLUh14lWNLTh13mWNMRh13oWNKSh14nWNITh17mWNHTh18i30001O010O010O000100O1000O10O01O10O10O10O10OO2O1O0010O100O1O10O001L4O00100O0100O1O0O200O100O0100O00100O1O010O0010N10O1O11O101N3Lei\_1
20120528063154Uh_2,]][]13jo15M1O100aPNGVo1:jPNFUo1;mPNImn16TQNIln18>00O10O100001N10`QNG[m17eRNK[m13dRNO\m1OeRN2cn12O8H1O1O1O001O01O000O1O1000001O001O00100O0010O01O1O001O2N001O001O0001O00000000000O2O001N103M1N101O0O1000FjPNIVo179100O01000O1O1O001O1O1M3O0N11N20O0011M1002L3O1N3N2N100010O1GQQN@Po1?9O1M3O1O1L4O001O1O0ON4O1O001N200O10O10000O1O100O10000000000000000001O1O001O1O001O001O001O00010O02N7I1O001O1O\bfX2
20120528063154Uh_3,SZea23lo12L3O2L2000O1000VRNGnk18STNIkk18VTNHek19o14N100O2O0O1001M3O100O1O1000XRNCmk1=RTNDnk1<RTNDnk1<RTNDnk1<RTNDmk1>RTNBnk1>QTNEmk1;RTNGmk19nSNLQl14PTNLPl13PTNMPl12RTNLPl13RTNLnk12TTNNlk10WTNOik11WTNOik10YTNOgk11ZTNNfk12[TNLek15\TNJdk15T20O100000O1000000000000O10000O010000000000000O1O010O1O100OVgdY1
20120528063154Uh_4,UW]S22mo13M2N100000100O00000001O00bPNJRo16kPNMUo13kPNMUo13kPNMUo14jPNLVo15iPNLVo14jPNMVo1>001O10O01011M2O00O10O0000O101O5K0011OO2N2N2M3N4Loghi1
20120528063154Uh_5,lToe05jo12O0O2O0O2O0000000000000hPNGin19XQNFhn1;WQNE`n12YQN9To1:O100O1000O100O0100O100O1000O10000O1N3N1O1O100O1O2K401O001O000100O00100O1000010O1N02N10000O00100O1O1O1O1L\o10gPN0gk`U3
20120528063154Uh_6,bd`o14]o11lPN0m1LPN2fl15ZSNOm1MRNNil1c0TUNFmj1<TUN@mj1e0mTN[OTk1e0nTNXORk1i0R21O0100000O000VQNTOan1m0\QNTOfn1n040001O1O02O0110O5H1\OnPN9Uo1DmPN:To1FmPN5bo1NPQN1nn15M3N1CBUQN>Wo11OO10001N2O1N105K000NZo5NfZWm1
20120528063154Uh_7,lePn25ko11M3O0M30000000O1O010000O02O000000001O0001O00000000O2O001N10001O1N1OVZio0
20120528063154Uh_8,j`PU21no13M3M2N2O001O001O00000O1O7J1O1O0O2iQNXOTm1h0jRN\OTm1d0lRN]OSm1c0nRN]OQm1c0oRN]ORm1c0mRN]OSm1c0nRN\ORm1d0oRN[OQm1e0PSNZOPm1e0QSN[Ool1e0V100000N2O100O1000010O00100014K0O1O1O1O001O00001O01O00010O0001O000100O1O2N1O1O11N01O0000010O10O01O1O001O1O1O010O010O001O10O02O1N1000oNWQNj0Po10O011N10000000O1O1O5K1O1N2M201O001O001O00010O0001O0010O001O00010O00000001N100N2000001O2M2O1O1O1O10O01O0000001OO1]ORQN4nn1LTQN2mn1MWQNNkn11VQNMln11c0Oe]Wa1
20120528063154Uh_9,ffnV14ko13N0010O0000[ML_UN3`j1O_UN1aj11_UNMaj15d2001O1O0001O001O001O1O10O01O001O0O2O00nPR1NSomN1O2N1O1O10001O0POIWRN7im1JVRN6im1LVRN4jm1MVRN2jm1NWRN1im1OXRN0hm11ZRNLem15[RNKem15[RNKem17YRNJgm16XRNJhm17WRNJkm14SRNMnm11SRNOmm11SRN0mm1OSRN3km1JXRN8gn11O010O00010O0100O010O1O001O001O00^NKYSN5fl1MZSN2fl1NYRNMa05Um10WRNNc02Um11XRNNc00Tm14XRNMc0OTm15YRNMc0MSm17ZRNMc0JTm1:XRNMgn13ZQNMen13[QNMen13[QNNdn13[QNMfn12[QNMen13[QNMb0ITm1:[RNM`0KSm18]RNLa0LSm17]RNL`0NRm16^RNL`0NSm16]RNJa01Qm15^RNJa01Rm12_RNM?1Rm11`RNN>1Tm1KcRN3:1im1OWRN2hm1OXRN1im1MWRN3jm1LWRN3ln10O010O010O0100O1O10010OO1O1`NLSSN3ml1MSSN4\n11O0HMcPN3]o18`NE[SN;dl1G[SN8fl1IYSN4jl1LVSN4jl1LWSN3il1MWSN3il1MWSN3il1MWSN3il1MWSN3hl1NXSN3gl1MZSN2fl1NZSN2fl1NZSN3dl1N\SN2dl1N]SN2bl1O]SN1cl1O]SN1cl1O^SN1al1O_SN1al1O`SN0`l10`SNObl10bSNL^l15bSNHal17d11O0001N2O2M2N\o_10eP`N1hQN0]l11aSN1_l10`SN0_l11bSNN^l12cSNNUON[l15`TNK]l15g11O1O001O10O10O010O0000000000O1O100O00100O2O0OW\Q[2
20120606063154Uh_1,Zkj^1c0Xo19I5J7J5L6I5K4M3MmNXRN2gm1N\RN2am1McRN2[m1NgRN3Wm1KmRN4Qm1LRSN2nl1MVSN0jl1OZSNNgl1O^SN1_l1KgSN4Yl1HkSN8Wl1CkSN>lm100O1O001O00]MOWUN1dj18YUNGcj1>\UNBaj1`0`UN_O_j1b0bUN]O^j1a0fUN]OZj1`0jUN_OVj1`0mUN^OSj1a0oUN^OQj1`0i2O0O2M2O2O0O200N2O101NWSNEQj16P3LRSNNQm110O010O]k?4_T@3N1O2O0001OgQNKfl16WSNMhl15USNLll13SSNNml12RSNNol12oRNNSm11mRNOSm12lRNNUm11kRNOVm10kRNOUm12kRNMUm13QSNGPm18\110O1O10001N1OkWe[2
20120606063154Uh_2,R^]P12lo14M2N2O2M1O3N1O1O00001N2O000000O10000O]OBfQN>Xn1HcQN8Tn13iQNOVn1m0100O10000000000O1M3N20O02O1M2N2K5M3N3O0O2N100O2EkPNIWo15;N2N2MobZl2
20120606063154Uh_3,cY]n26ho13I8K4O0000000jNAkRN?ll1LRSN4kl10TSN0jl13USNMkl15RSNKol16PSNJPm16PSNJol18oRNIQm17oRNHQm1:mRNGRm1;lRNFTm1:mRNESm1<lRNDSm1=nRNBRm1=PSNBol1?RSNAll1?USNAjl1`0WSN_Oil1`0YSN^Ohl1a0ZSN]Ogl1b0[SN\Ofl1c0]SNZOdl1f0^SNVOcl1k0Y100O100M3M2O2O10001O00000001O0010000000O2N3M3M2M1O2NVhnm0
20120606063154Uh_4,hkh^12_o1OTQN0^n32PRLNhm10a20Rm10^S20[n10joI0WO0bQN0Wo11YNO`SN0Zl11k3Oik11\Q80hPFO1010c30_L000E0gPN0do10Rm50_U41_mE1kl1N^SL0bo10ZPN0hR80SmI10ObP62]oIO1Oil70WSH2MNiVk\2
20120622063154Uh_1,eelk12`o10hPN5Vo1<O2M100O1000000O10O010O00ZO\ORRNc0om1^OoQN=Wn1DhQN;Yn1FeQN;[n1M\QN3fn1c000000000000000001O00000000100O010O1000O010O1O01O010O01O001O001O000000O100O001L4O1O100O10000O10001O001O100O1O100O010O0001O01O010O01000O10O10O0100O0100O010O010O00010O100O1O010O1O100O102N0000O101O0O10000O0100O2O0O001O01O001O0O2O00001N2O001O001O1O1O102M2N100O0100O10O0100O000100O1O101N1O1O010O001O001O001O10O01O1O2N2OO010O001O001N1E_QNUOdn1j0901O001O10O01O010O010O1O0010O01O1O001O1O1O001O001O1O1O1O4K4M1O1N2O1OgX[f1
20120622063154Uh_2,Wmje14ko12kKL[XN6bg10ZXN0eg13gTNGW36Rh1`0lWN@Uh1?jWNBWh1>hWNBYh1>eWNC\h1>bWNA`h1`0]WN@fh1`0XWN^Okh1c0SWN\OQi1a0oVN]OUi1b0UTN_OU2Nji1a0oSNDU2Kni1?lSNHV2HVj19cSN0V2G[j14aSN8P2Cbj11aSN>Uo110O2O000000O00100O0000002N0O2O001`M\OaUNe0]j1\OcUNh0Yj1WOhUNk0el11O2N1aMROjUNn0Vj1SOiUNn0Vj1ROkUN6iM:Zl1AoUNMoMb0Pl1B_VN?_i1AbVN`0\i1@eVNi0Pi1YOPWNh0hh1^OXWNb0gh1_OZWN`0fh1@[WN?eh1A]WN=fh1@\WN=lh1[OWWNc0jh1\O\WN=\l1FTQn0OnnQO4L2N3N1O1O001OO01O001O10O0100O1000000000O1000000O2O0N3M2N3N10001N2O1MVm=2jRB1OO2N[UcR2
20120622063154Uh_3,]\kf13lo11I7O101O2N1O001O1O001O010O010O10O01O1O10O01000O100000O02_OhPN7ao1O10O1O3M1O1O4K3O1N4L3N0O7I2]QNlNVn1a1N1N100000POoQN1Rn1G\RN2em1M\RN2em1L_RN2am1MaRN1am1LbRN2`m1KbRN4en102Lga`U2
20120622063154Uh_4,Tcda06io13M3N1O1O1O001O001O00100O>E0OO1O000000O10O10O01WOSQN>mn1@VQN>Wo1O010O0100O010O10O101O3L2O0O100N2OcPNLQo1OPQN3^o11O2O0O2N1O2N10O0100O00010O00100O01000O1_NB_SN=`l1F_SN:^l1HbSN8Wl1OiSN2Ul1OlSN0Tl10lSN1Sl1OmSN2Rl1OmSN1Sl1OmSN2Sl1LnSN5Rl1JnSN7Ql1IoSN8Ql1FPTN;Pl1DPTN<Sl1AmSN`0Ul1[OlSNf0gm10000O1O100O1O2N2O1N3N2N1O1O001O010O010O001O00001O0O2OcPf10\oYN4M2N1O2M101O1O001O000000000O0100O2O001O3M001O10O0001O01O000XNIhSN6Xl1KgSN6Xl1KgSN5Zl1KeSN5[l1KfSN3\l1MeSN1[l1OfSN0[l1NgSN0^WcS3
20120622063154Uh_5,ZZiU35jo13N2M2N2O0O2O10O01O00100O000jN@lRN`0Rm1DlRN<Sm1GkRN9Tm1IjRN8Um1JjRN6Um1KkRN5Um1LjRN3Wm1MiRN2Xm1OhRNOYm13fRNK[m19aRNFam1<\RNCem1?YRNAim1>WRN@km1`0TRN_Oom1`0QRN^OQn1a0PRN[OTn1e0c0000000O10O10000O1O0O2O0ROXOdRNi0Zm1^O_RNc0bm1AZRN=Ym1YOdRN;1;[m1_OaRN72:]m1B`RN32;_m1C^RN31;`m1D^RN2O;cm1E]RNP1dm1QO[RNn0em1f01M200O10O02O1O0O1M3A?000BmNPRNS1Pn1KRRNUOnm1k0c00O100O1jNmN_SNT1al1nN\SNS1fl1lNYSNU1hl1iNYSNU1jm1O1MMmNaQNo0Sm1VOmSNLWO1I:Sm1MlSNFG8]l15jTNEYk1=T21O2N1O1N20O00000000001N2N1K6M2N3N3MPo7OPQH4M3M2K6K3N3N100O01O0001O1E;N2O1M3M2O2O0010O1O1O1N2N2N102M2N2O1O1O10001O001O000O1O1O1N3M2N3M4Jkm^`0
20120622063154Uh_6,ohPf11no10ePN0ao30QP40loI0\P25[nMKXRN0UO1en1OQRN1ln1O^PN1do15OK]PN0ko1O[P:0UPF0A000UP80jlI1mRN3OLUPN2jo1NWPN1jo1OUPN1[2OTk10nTN0_N0Tn10n00fm30SUJ0^j10fV41kgK3]WNLkM0on90okG1VTNOgo12[WaV2
20120622063154Uh_7,_ZiU35mo100O01OO010O10O10O001O1O000O10000000Vn]10]QRO0[P@0Xo10ZmU20SRB0ePPO0hPXO0PQ40PoI0Ro50jnj`0
20120622063154Uh_8,[]Qe15ko13N3M1lNH]RN8am1J_RN6^m1MbRN2\m10dRN2Wm12iRN0Tm10nRNOPm12QSNNml13USNKll13VSNMil12ZSNLfl14]SNIdl16^SNIal16kRNFJ4[m15jRNIJ2]m14iRNKJ0^m14iRNKI2^m12lRNIG4]m13bSNL^l14cSNK]l15dSNLZl14fSNLZl14gSNKYl15gSNKYl15hSNJXl17g1N20]P4JM0goU10mPjN0^O0QPN0loM0TPd00SoE0fcZU2
20120622063154Uh_9,[lP]1:eo12N2L3N2O2M4L3O0O100O1O2N1004M4L6J0O1O1O2M3M3J`S_a2
20120707070914Th_1,``[h04lo10000NgP44UoK2N2O2M2N2O1N1O1O00EjPNOVo11oPNIQo18:2O1000O100N10O2N100dNESSN=ll1MjRN2[m1MbRN3bm1NYRN2jm13cQN8an1?8I5K3M;E8EY`TU3
20120707070914Th_2,Qij\18go12103MN1O3M2N3E9M3O8H0fQNPOdm1Q1\RNnNem1Q1h0O003NO1OO2N1O2O1O0O2M11OO2O1N2N1O1O1O003N1M2M2N2OdUg`2
20120707070914Th_3,XZgb11oo11O000O1000O100OhPN0Yo11N1CNkPN4So1MmPN3So1MmPN4Ro1KnPN6^o1000O100000O0100000000O10O10O10000O10001OO1000000000O10O10O10O100O100O010O100O10O10O0100O100O1O1O1nPNEgl10^TN;jNEil10\TN=Ul1CkSN=Ul1CkSN>km14K2O00000001O0001O00000000000O2O0000DlPNLSo14oPNJRo16nPNJRo16nPNJRo15oPNKQo15oPNKPo16QQNIon17QQNHPo18PQNHPo18PQNHon19QQNFPo1::0001O1O10000O10O1O1O100O001O100000O100O1O100O100O1O1O1O10O100O1O1O1O1O10O10OO2O100O1000O100M30000O10O1O10O01O01OO101N11O010O1O001O100O1CDUQN<ln1DTQN<ln1DTQN<ln1DTQN<ln1IoPN7Qo1<0O001O01000O010O1O100O1O100O100000000000000O1000_O_OcQN`0^n1AaQN?_n1AaQN<bn1C_QN<bn1D^QN<So10000003M1N10000O1O1O100O1000O100000O100001O0O1O1O100O10000000001O0001O01O001O00000000000001O0lPNBfn1>XQNDhn1<WQNEin1<UQNEkn1<SQNEmn1;SQNEmn1g000O01O10O010O10O01KJXQN^Ohn1b0XQN]Oin1b0XQN]Oin1c0:00O1O100O1L4O10O1O100O10O010O100EfPNO[o10gPNNZo12:O100O10000OggPk1
20120707070914Th_4,RYee02mo12O2N0011NZPNLao1<OO5NL4L100O10O2O00001N011N010N2O1O00001O0000001O00000000000000O1000O10O10000O01O010O001O01O0O100001M3OaffV3
20120707070914Th_5,ZgiQ21no12N2N2N2O1O001O0000001O000fPNEPo1:oPNKmn15SQNKnn14QQNNnn12RQNOnn10RQN0on10PQN2nn1NQQN5mn1`0O010O10O1O100O10001O0O1O010O001O2N6J1O1O1O001O1O4L0000000O2O000O10000O10001NjoQ21UPnM101O00001O004L1O1O1O1O010O1O001O00000000000O10O10O1000000001O0000001O0000000000000000000001O01O0000001O2N1O1O0O2O0000000O101N1000000000000000000O101OloW1OTPhN2YPNN]o13cPNMZo1>J6O1O2O0O100000O1000IZOTQNf0ln1ZOTQNf0ln17O10O100000001O001O5K0000001O001O10O01O1O001O000001O4L000O1oPNYOin1g0WQNYOin1P1O0O100O100O1GlNfQNT1Yn1nNfQNR1Xn1QOfQNP1Zn1POfQNP1Yn1;100000O0100000O1001O000O2O2N2N1O001O1O1O001O0oN\QNf0dn1ZO]QNd0en1[O[QNe0en1[O\QNb0fn1^OZQNa0hn1]OZQNb0Ro104L00000O101O00000O100O2N2N1N3NdWn[1
20120707070914Th_6,obhV13lo15L1O1O001O0003NO6J1O0000000010O01O1O001N2N2N101N101O0TQNWObn1W1LSO^QN=an1C_QN=an1^OeQNa0[n1]OgQNb0[n1\OgQNc0ln1N1O101O000O2O1O2NXOFjQN:Un1GlQN8Tn1HlQN7Un1JkQN5Vn1IkQN6Vn1IkQN6Vn1IkQN6Po10O010O100O010O0100O1O[\]e2
20120707070914Th_7,UW[?5ho13L4O2M20N10000000001O1N101O100O1O1O2O0O10001N1Ojo_10UP`N200O100O010O010O1000O10O10000000000O10000000000000001O001O3M1TQNERn1:nQNGQn1:mQNHSn17mQNIUn16jQNJWn15iQNKXn14gQNMZn12fQNN[n11eQNO\n1OdQN2]n1LdQN4To1000001O4LahdZ3
20120707070914Th_8,`dmd12lo1:G4M1N101O0001N101O0O2O1O1N101O0O2O001O001O0O2Neo92YPF10000000Omo_3NUP`L2N2]OJZQN6fn1JYQN7gn1IYQN7gn1IXQN8hn1HWQN9gn1IUQN;jn1FVQN:jn1FUQN;jn1GTQN:bn1A`QN6M9bn1E]QNi0bn1:01OK5100O10001O00001O0001O00001O0O100O1O1O1N2M3O1O100O1O1O10O0O110O1O010O10O010O01O100O010O100O1O100O2O1O0O2O00001O000O100000001O0000001O1O001O001O00001O000O2O2N1O1O1N10000000000OBlQNROTn1g0VRNUOjm1l0b02010O10N1001O101SO^QN:bn1E`QN9Uo1O2NUNHoSN6Ql1MnSN1Rl11mSNORl13oSNJRl17k12N1O2eQNDnl1`0nRNAQm1b0kRN_OUm1b0jRNASm1?jRNCWm1>gRNCYm1=YRNZO09gm1=XRN]ON7jm1<XRN^OL7lm1;XRN_OJ6nm1<WRN1im1OWRN1im10URN1[m1WOjRNi0K0Zm1ZOiRNg0LN\m1\OgRNf0LO]m1\OfRNe1[m1[NeRNd1\m1]NcRNb1_m1]NaRNb1am1=2N1O10001O0004L1OXO_RNQOam1m0kRNiNVm1V1kRNiNUm1W1kRNhNVm1X1jRNhNWm1W1jRNgNWm1Y1h0001O001O00001N1N2L4M210O100O0ZO]NPSNd1ml1aNQSN_1nl1dNoRN]1Pm1fNmRNZ1Rm1jNjRNX1el1ZN]SNb2cl1>0O001O1I7O100O1O1O001N2N1M4O1O1O100O1O1O2M2O1O1O1O010OM210O11]OcRN`N`m1]1c0O100O1N2O1N2D`QNUOcn1k0:O001O010O1O1O1N1O1ZOXQN4hn1LZQN1gn1Oe0O`a`f1
20120707070914Th_9,Rl\U21ho10]PN2`o1800000L31M300OO201O0000001O10O10O01O001O1O0001O000001O3J30M300O1IbPNL^o14701M[TWh1
20120707070914Th_10,cVSX32no100000mo31RPL000O116MMOO10000OHLfPN4Zo1MePN2[o1OePN1Zo10fPNO[o10;00OYP80goG101O1O01O000000000000000000001O1NfQ20]lM1jSN1Ul1OkSN2Ul1NkSN1Ul1NlSN2Rn1O00ang03[QXO2O1O1N3N1O100O13M00O1O1O1O1O101N2O1O1O1010O0O000CjPN0Uo1OlPN2Ro1NoPN2Qo1MPQN2Qo1MPQN2Qo1MoPN3Ro1KoPN4`o1ORhha0
20120707070914Th_11,QWS`01mo30dok30^QVL3mnK00000000O1000000000000000000Oon=0RQB2N01O010O16NMN2N3M010001N1O1O2Lmo9OSPF42M0000001O0OViXX3
20120707070914Th_12,XVkP35jo12N2J5I7N2N10O1L4100M3K40O1100O1OBRQNLnn14RQNMln14TQNMkn13ZQNHfn17^QNFln1OWQNOin10TP62^PJ0_O2PQNMPo14oPNMQo14mPNMSo14jPNNXo1;1000000000jPN@ln1k0O01OHUO[QN>NIen1K^QN90Kbn1M^QN54M]n1OURNOmm1OT1OdkTl0
20120710063134Lh_1,ehng07fo16I<F6K3M2O0O2O0DoNiQNQ1Vn1=N2NRORRNNim1LQRNC:?Rm1_OmRNb0=Kfl1FiRN`0d0Hbl1KeRN`0m0_O_l1n0X12O001000O10O01L4N2O1O1O001O00100O001N2O1O1N101N2O1O10O010O010O010O1O010O010O010O10O010O00gTN_OUg1`0lXN@Sg1?oXN@Rg1`0nXN@Rg1?oXNAQg1?_WNBgNOji1?_WNAQj1?i2O01O00001O1O1O0010O0001O0001O000000001O0000001N10001N1O2O1O001O0010O01000O10000O0101N010O10O0001O00001N101NmPj02QoUO3M2O1O00001O000001O0000010O00101O0O2O01O00000O2N1O10O01O0010O00001O100O1001O00001O100O4L1O0O0100O10O1O0100O010O001O10O00010O01O010O001O00010O0001O3N2M1O10000O02N1O1O0O2N1000001O0002O3L2O1N0010O0100O2O0000O102M2N2O0O1N2O4JUoQ1ISQnN2N2M2O1O1J6N2O100O01O1O2O0O1O2N1O2N1O2N3M1O2NVWme2
20120710063134Lh_2,ok^j1a0[o17J7H8F:D:M;E>B3N5KlMRSN[1hl1dN^SN[1^l1eNdSNc1Rl1]NTTN_1jk1bNYTN\1ek1eN[TNME=nk1F^TNIJ`0gk1G_TNENd0ck1F`TNC0g0`k1EaTNC0h0_k1E`TND1g0`k1C`TNE1M@8Pl1IcVN5`i1JaVN3ai1LaVNOci11V301NQUiS2
20120710063134Lh_3,SdfW11no12O00001O0O1O10000O0M4O100O1000000O101N100O1O2N100N3N101O01O000001O0000000000O2O000O100O10001O1O1O1O1O001N100000001O00001O000100O1O100O1O01O2NAE[QN8en1I]QN5cn1K^QN4bn11ZQNNgn11ZQNMgn12S]]c2
20120710063134Lh_4,]^_c13mo11B=1O01O010O0hRNCnj1<QUNFoj1:PUNGQk17nTNISk18lTNHTk18kTNIUk17kTNIUk17jTNJVk16iTNKVk16jTNIWk17iTNIWk17hTNIYk17gTNH[k17eTNHak12`TNMak13^TNMck13[TNNfk12fSN0nN0^m1O_SNe0cl1[O[SNf0fl1YOXSNi0il1VOWSNi0jl1XOSSNi0ol1VOPSNi0jl1@TSNa0HQOal1?eSN;0YOYl1;gSN;2@Pl16mSN59Ejk16lSN4<Fhk16lSN2>Ggk17jSN1a0Hek18iSNNd0Fgk1>bSNLi0Bhk1d0]SNIom17PRNIPn18oQNHRn18lQNHUn19gQNF]n1m02N2O4L2L4]OSQNKTo13mPNMSo13mPNMUo11kPNNVo12jPNNVo12iPNNYo1<7H100O1O1O0O2O1O0000101O[Rf0NR]hV2
20120710063134Lh_5,hhlg04go1N`PNO[o12kPN9dn1FhQN4Un1KQRN2mm1NVRN1hm1OZRN0dm12\RNObm11`RNN[m17eRNI\m16dRNJin1000PO2nQNNgm14`QNMl0Odm17^RNJam12dRNM\n12dPNO]n1O`RN4am3LYQ20QPL0O0M3OMSo30QQN0nPN0UN0n00jP20[nM0k0000_Pb00ao]O0Voc01iP\OO10nR:6niEJQVN:il10O0010O1O1OjMHgTN5dm1NUMMmUN0Tj10bSN0in70WQL0\oM000]O0VQN0jn10VQN0]o1000^O0SQN0Uoi00\P\O010WPJ0go10O1FOdPN0fo11O0GOcPN1fo1O10H0_PN1ho1O00O0QYWP3
20120710063134Lh_6,nk^j11a00fn12b01VQNMim13_RNMVm14Z1LTRN3[n16oo1GRmM0eUN1Tj10mSNOV10ij10VTN0P11ej1OW30YQN3\m1M[10XRN0TN0Vo10XP20VPN0RQ21[lMOjRN3h062HJOck10TWN1Ti1OaVN4bl13il1IdSL0go14XQNLdm14T10000000002MoTYS2
20120710063134Lh_7,WZWg14lo12N2M2O002N2N1O1O7JZOnPN=\o1N010O1O1O001O0O10000O1000001O000O1000000000000000000O1000000000O10O100O2NZehU2
20120710063134Lh_8,eego11no13D0cPN1\o1:01N101O00010O002O0O00000000000001O0000100O1O010O00001O210M1O00001N2O000000000000000O10000O2O001O1OYO1]QN1an1O_QN1an1O_QN2Wo1006J1OO01000O0O200000000000M6M2M1000000000O100O100O1000000000001O009F1O101N102M1OoYVj1
20120730072014Th_1,UY_g11\P<3`oE1N10000TQN0gm11YRN0ak1JjVN6Ui1LVQd02VR\O101hTNN`f12_YN1OIoa17P^N0bf10_YNNbf13e41O0oQNIXl19fSNJWl19gSNGXl1;hSNDWl1`0b12N1O1O1]TN_Ogg1a0TXNFig1<UXNEkg1;TXNBPh1>i30O2N2O1N2lQNoNVm1T1eRNPOYm1Z1]RNhNbm1Y1\RNhNcm1Z1\RNfNdm1[1ZRNeNgm1\1XRNcNg2KSh1n1kWNWNbMKSj1m1\XNYN_MLSj1j1`XNZN\MLTj1j1aXNZNlg1d1XXNZNig1c1[XNYNhg1f1Y300000000001N^OPRNVOPn1j0QRNVOnm1i0TRNWOkm1g0XRNXOgm1b0cRN[O]m1e0fRNWO[m1i0n000000000100000O1O1O000001O10001O1O2N0cQNYO`m1h0ZRNBam1?ZRNGdm1[10O1O0101N00O2O001N2O001K4M4N2O1O1O2N1O02aRN_N]l1`1bSNaNbl1[1]SNeNel1Z1XSNcNVm1T1n0N2O1O3ON0_UNQOQf1n0nUNROX36mf1e0fUNYO[34Qg1O^UN73HZ34Xg1J_UN8LNY30`g1G^UNi0Q3_ORh1a0mWN\OXh1b0iWN[OZh1d0a301O1O2NSSNKbi1B\TNb0n10ei1^O_TNa0i14Xj1LfUN4\j1LbUN1cj1O\UNOgj11XUNNjj13TUNKoj16nTNHVk18hTNGZk1:dTNF]k1:bTNF_k19aTNFak1;^TNCek1=XTNDkk1;STNCQl1=lSNDVl1=eSNE`2IQf1b0\WNEd2JQf1b0WWNCj2KPf1d0RWN@P3Mfc11]ZNc0hN^OY3Oac11^ZNc0]NAi3L\c1O_ZNd0[N@k3M\c1M`ZNf0XN_Om3Nde1d0aVNYOm34be1d0oZN\OQe1e0oZNZORe1h0kZNXOVe1j0hZNTOYe1o0\XNQOmi1P1QVNTOli1k0UVNUOli1NQTN;W2B[j1:i2EjT2O`kM0X15aN10100hKKdXN6[g1MbXN4\g1MdXN4\g1LdXN4[g1LgXN3Yg1LiXN1Xg1NkXN1Vg1JoXN5_k1MTl90mSF2O0RfTl1
20120730072014Th_2,fiPP12no11O1\ONYQN2en1O[QN2dn1O\QN2bn1N^QN3`n1NaQN2^n1NcQN2\n1NfQN0Yn11iQNMWn12l0000000O1O10PQN0Pn1OQRN1nn110000jN0\RN0cm11]RNObm12_RNLbm14^RNLam15T11O1O1O001000O100O1000000001O0O1000O1000O0100000000O10001O1O0001O0000000000000]PNI]o17cPNJ[o17ePNI[o1=101O0O1N20001O001O100O1O1O010O001O1O010O01O01O0000010O000100O10O10O10000O10003L3O?@01N002N3K=BZVgh2
20120730072014Th_3,QRm[23mo10O101N1000001\OK[QN5en1LYQN5gn1LVQN6in1LUQN5kn1KTQN7kn1?O2O2N0N2O1O100O10O10000000000001O002N2N1O00000000E`QNUObn1j0^QNVObn1i0_QNWOan1h0aQNWO_n1a0d00000000O100001O00001O00000000000001O00000000O1000000O01O10O1M3000001O1O01O00000000N2O0100O100O010O100ECRQN>nn1CPQN>on1:0000001O000O2O00000O2O00001[OjPN=]o100J60003M1N2Ojnf\1
20120730072014Th_4,_]Sn12no100000cPN0jn10VQN0jn10VQN1hn11TQN2ln1NTQN2kn1OUQN1kn1OUQN1gn13YQNMgn14XQNLhn15WQNKhn17WQNIin17WQNIin17XQNIgn17YQNIgn17ZQNHfn18ZQNHfn18ZQNHfn17[QNIen17[QNIen17[QNIen17[QNIen16[QNKfn14ZQNLfn13[QNMen13ZQNNjn1MWQN2jn1NVQN2jn1MWQN3jn1LUQN5[o1O010O01000O10O010O001O00O100000010KZPNOfo11[PNOdo11\PNOdo11]PNOco10^PN0ao10`PN0_o10aPN0_o10aPN0_o10bPN0]o10cPN0]o11bPNO_o10aPN0^o12`PNObo164Leblm1
20120730072014Th_5,TlPf11no12O1O001O0O2O1O001O1O000000000O1O1000000[OEeQN;[n1FdQN9]n1GcQN9]n1GcQN9]n1FdQN:\n1FdQN9Ro10O10000O10O1O10O100O1N2O100O0100O1O1N200O10000O10O010000O10000O1O100000O1000000O1000O100O01000O100O01N20O100O1O100O100000M3000O10001O000OcPNMon13PQNOon11RQNNnn11SQNNnn12`0O2O`TcS2
20120730072014Th_6,Sagb23lo12N2N1K5N2O100ePNBTo1f0O000100O1O2N1O1N2O00001O0O106I10DOiPN1Vo10jPN0Uo11kPNOUo12jPNOTo1?K5O100O01O1N101OVMYO]VNe0ei1[O[VNd0gi1[OYVNd0cl1N1O2O1O001O001N10PQNE[n1:dQNJZn16eQNL_m1KhRN9HM_m1LhRN6IO_m1KhRN6H0_m1LhRN3J1^m1LhRN3E5dm1HgRN2F6cm1HgRN2E7cm1HeRN4H4cm1HeRN4G5cm1HeRN4G4dm1JdRN2G5em1JbRN3F5hm1IaRNj0`m1WO^RNi0cm1YOZRNg0gm1[OVRNe0km1\OTRNd0lm1g010000O010000O10O10O10_NURNm0jm1ROYRNm0gm1QO[RNo0dm1PO^RNS1_m1kNcRNV1\m1iNeRNW1[m1hNfRNW1Qn101M201N1H800000O2[OPOXRNR1gm1VOQRNe0Tn1^OhQNc0Yn1b0002M4M5K2MlQNnNal1OcSNQ1MPO]m1n0dRNRO]m1m0cRNTO\m1k0eRNUO[m1j0hRNTOXm1l0n0000N1GUO]QNm0bn181G801O2O0O2N1O1O1O1N1O1000001O@C^QN>an1E[QN<en1>1N3O0O0011O01O00100N1L4O101O00000K5001N1O10L301001M3O1O10EnPNHQo15SQNKnn12TQNO^o102MeajR1
20120730072014Th_7,QUih14lo10O2OK;0K0O0QP20PPN0eo10ePL0Yo10iPN5on1LTQN2kn1NWQN2gn1N]QNObn11f001O0010kQ21TnM1SNNjSN2Ul1NkSN3Tl1MQSN1G5Xm1JRSN1D6Ym1IUSN:XOIGNkm1OYSN:ROGN0em1OeSN1hNO00cm10fSN0PO0mn10hPN0co10ePN0So14gPNLfo10PN0Q40nm11ooM1WNNfSN1[l1OeSN0\l10dSN0\l10dSN0\l10dSN0`00bi10nUN0\l10R34WoMLnn15RQNKdm10USN7WOIcm10TSN1RO06Ocn16[QNLONfn10fQN0@1jn1OhQN5Yn1Kn00000010oN0Q1000oPN2nn11QOMoQN3on10001O1OQOOPRN1Pn1OQRN0om10RRN042al1N]SN0D1A3^m1L]SN0XO414[m1H]SN0TO1>2Qm1M^SN5GKnl50[TJ0ek30VR2010mQN2lmMN40YN0`SN0al10^SN0cl10\SN0fl10XSN0@3Rl1M]TN1[O8lm1GPRN4ZO0Sm1L]TN0oN:BIWm1MeTN;TNIXm1LbTN9SN1\m1MVTN`0Xm1YO`QNh0_m1XObSNg0al1ZOTSNm0Sm1ROlRNi0Wm1WOiRNg0Ym1[OfRN=RODZn11aRN6YOI\n1MgQN473HK[n1OcQN78LNLXn12_QN9i0Ejm1?m00WQNAom18]QNHc00Qn17\QNIc00Qn17]QNIa00Rn17]QNJ`0OSn16_QNLWo11bPNM91To11cPNO:0Ro13PQNLPo14PQNLPo13QQNMPo11QQNO30jn10WQN1gn1OZQN0fn10ZQN0en10e00gPN0cn10\QN2cn1N^QN1cn1O]QN1dn1O[QN1en1O[QN1en1O\QN0en10[QN0en10\QN0bn10`QN2\n1NeQN1[n1OfQN0Zn10fQN0Zn10fQN0Sl10XUN0fN0Pl12YUNOck11]TNNiN0lk14ZUNLlN3ek10`UNMmN2bk11eVNM]i10d60bK0\QN000;0[n16\QNJ53bn1N\QN0G:]o1HhPNOUgdm1
20120730072014Th_8,`e`Y27ao19K4N1N3M2O10J6K41N1O3N2N2TQNZOXn1k0gQNYOVn1g0gQN]OYn1`0iQNAWn13VRNLlm1GcQN0g01eY[e1
20120730072014Th_9,hj\[22no100Oao70_PH2O2N1O100O00001O001O01O3M2N0010O1ZPN1Yo1OgPN2Xo1OhPN1Wo1OiPN2Vo1OjPN0Wo10iPNOWo11jPNNVo13jPNLWo13;01McPb0Nao]O001O1O0M120O1001O01O100O10O010O01O010O00010O0001O00001O001NiTm_1
20120730072014Th_10,fTol11oo10ZQ80onG0\n10dS28amKOgMIgTN8Xk1HgTN9Yk1GgTN:Yk1FfTN;^m1EcPN4^o1L;0nM0hVN0df10ZYN6bf1K^YN3df1Li40iR21PmM0[OOcQN0F0]n10ZRN0fm11aQN2Uo1MjPN4Vo1LjPN2co1OIOaPN1XT4`0kjMBgPN>Uo1@QQN5Wo1KkPN1ik1N[WN0nL0jk10UWN1QMOlk10PWN3SMMok10mVN4QMM\o13aPNLak50ZTL0[SN8lh1HhTN0[14VNNZk1NdWN2VM0Uk1OcWN0[M0Sk10`WN0]M1Sk10_WNN[M1^k1OVWN0ZM1jl1OUUN0Pk11[TNOcN1Tm10WTNOcN1Zm1OQTN1dN0]m1OnSN1eN0_m1OkSN0fN1Yj12gWNM10nM1Xo1OfPN1Yo10hPNOYo11ePN0;4Yn1K]QN0<6Sn1JcQN0<5Pn1KdQN0Wn14[RNL]O1[k14YWNLjM1AO^k1O`TN0f20bM8IKik1MlVN0^M212]11^h1KgXN0[M320a13Xk1JTSN32Nh13Tj1LhTN0ZO5MLYn1OaRN0YO5\n1KcRN0bm10\RN2dm1N]RN1cm1O]RN1bm10^RNO^10ai11eWNO\h10oTN0gQ>1banl1
20120730072014Th_11,eaZj28io1N1O2N3N00RQN1km1OSRN4lm1LSRN5mm1NoQN3dm1JlQN6>2dm1KkQN9:Njm1b0RRN^Omm1Z101O10O010O2M2O1N2dNfQNo0]n1QOcQN901_n1FaQN732\n1GaQNO<9Sn1HaQNM`08Pn12QRNMnm14SRNJnm16SRNHhm1>l08I001O0000O1000001O00000O1BRQNHPo17>L3OP_gR1
20120730072014Th_12,^c^[32no101OWPN0bo18O0000O1OmQNKbN1am13mSN9Ql1FPTN;ok1EQTN<nk1DRTN<nk1DRTN<nk1DlSNe0Pl1\OoSNf0Pl1[OnSNf0Rl1\OlSNc0Vl1]OeRNJk0i0`l1]OdRNLk0f0bl1H^SN8bl1HaSN3al1N^SN1cl10\SNOfl10ZSNNhl13WSNJll17]RND32cm1;XRN;im1EVRN;km1FTRN9mm1k02O1O001O2N1O1N2[OkQNZO[n1e0gQNXOZn1h0a0N3M2O00O1000N3E=HS\_a0
20120730072014Th_13,^edW12mo14L3N2M2O1N10000O1mPNBdn1>[QNDen1<ZQNDfn1<[QNBgn1=?O001O1O7I01O001O002OO100O001O000010O11O1N0000mo3OUPLOYP2OdoM7M1O00001O001hPNKZn1>fQNCXn1>hQNBXn1?gQNAZn1`0dQN^O^n1b0bQN\O`n1d0`QN\O`n1c0_QN_Oan1:ZQNB55an19eQNG\n17eQNKYn11lQNNUn11kQN0Tn10lQN0Tn10lQN1Sn1OmQN1Sn10mQNOSn10oQNOQn10QRNOom10RRN0nm1MURN3Ym1LZSN5dl1L\SN4cl1N\SN3cl1M]SN3dl1K]SN5Wn102NhNKgRN2eWac2
20120730072014Th_14,T_jd13Ro11eQN0Zn10gQNOXn12hQNNXn13hQNLXn14hQNLXn14i010000O101O000000001O01O1O01O00000M210O10000000000002N2N00010O002N010O1O000000001O1NXPd00io[O000^P\2ObocM4L3N0BMoPN4on1NoPN3Qo1NnPN2Qo1OoPN2Qo1NnPN2Ro1NnPN2Ro1NnPN1So1OmPN1So1OmPN1So1OmPN1So1OmPN1So1GmPNa0Yo1000000O100M2O0O201O100O10FGmPN9]o1O01FGmPN8So1InPN5So1KmPN4Uo1KkPN4ao100O101O0Omo?OUP@0O1010O^aaQ2
20120813063134Lh_1,eaRY11no12N2O0O2O0O10000O100000000O11O000000000000000000O1000001O001O0O101O0000000O1000001N101O1N2O001O001O010O00010O01O001O010O01O010O0010O106I1O010O010O001O1O2N2M4L`P:1]oE7K2O1N2N2O1N2O2N2M3N1O001O00000000O1000000O0100O02N100O1O1O1O7J0O2O0O1O2N1M3O2M3NRRn03kmQO2O1O2M101N2O1N1N2N3N1O100O01000001O00001O000010O01O0001O01O010O001O001O1O1O001O1O0010O0001O0001O0010O01O10O10000001O000O1O100O11O0O101N2N2O1N100O010O10O10O10O0100O010O10O100O1O1O010O1O10O10O01O102M2MgPV1N[oiN2O1N2N1iMIdTN9[k1HbTN:^k1FbTN;]k1EbTN<_k1CaTN=bm1O0O2O0O1O1L4O010O10O1O1O1001N2O1N2O[YiT2
20120813063134Lh_2,idla12XPb0Ogo_O010O00000O010\oc00ePB0ooI0\RN3Vk1MiTN5`m13M11N4LjmS1MZRlN000QP20ooM0O000cPN0kn10UQN0^o10\O1c00bPNOmn10b01_PNOQo11mPNOUo11>0ZPNO[o10;0YPN0go30foM0ZP20PPN0PP20PPN0QP40ooM0[P20eoK000co10iPL0Vo11<0^PNOUo12jPNNWo12iPNNZo11cPNO_o11^PN0do151O115J00ZPj03ZmUOMbTN1mMO`m12aTNNQN0\m14aTNMTNOZm14ZTN4mk1NRTN1`NITm11eRN2g13bNJQm11gRN1g11cNMnl12hRN0g11ok1OZRN0h1OdNOll12gRN0i1OdNOml15aTNLaNOPm13_TNN`NOTm11]TN0^NOVo10iPN1bo1ON2WYaU2
20120813063134Lh_3,Q_iQ25io13fPNJhn17TQNOjn10UQN3in1NVQN2jn1OUQN1kn1OUQN1ln1a0100O1O4M1N10000O1O101N1000\OEaQN;_n1EbQN<\n1EeQN:Zn1FgQN:Xn1FjQN9Vn1GlQN8Rn1HQRN7mm1IXRN6em1I]RN6bm1K]RN6bm1J_RN6`m1K_RN5[m1DnQN6g06bm1J_RN5am1K`RN4`m1LaRN3`m1MbRNNam10Sbhk1
20120813063134Lh_4,i[]_17ho1?B3M4J3N1002O1N000000000HSQN]Omn1b0UQN\Okn1d070O3O1O1O100O010O1O0O2O1N1001H710I8J5O101N10000000O0O2O1O100000O2N1ISe^]2
20120813063134Lh_5,X^_W22lo17J2O1N200O1O100O0101O1N3M2N10OO3J`l;5^SD7K00000O0bSNGVi18iVNJWi1LjSN2n25]i1JdVN7al12N2O0aJGV[N;hd1GQXNJS1?lf1GPXNKR1a0lf1EPXNLT1?lf1DbVN0f0Nl1?kf1CbVN2f0Lm1?lf1AbVN4d0Om1;bg1H_VNNP29ag1I_VNNR27_g1K_VNKW28Yg1N^VNLZ24Xg12\VNK]22Vg14]VNJ^20Ug17dVNBX26Sg1:TZNEme1<TZN@ne1`0i4010O0000000WSNARj1>nUNCRj1<mUNETj1:kUNGVj18jUNHWj17hUNJYj15gUNLYj13gUNMZj11gUNOZj10fUN0[j1OeUN1\j1MeUN3Tm100O2O0O`le0OjTXOLcm15mQNKK3Vn13nQNJL3Un15nQNIL2Vn15jQNM1MTn17jQNM3KSn18iQNOgn10ZQN0fn1O[QN1en1O[QN1en1N\QN2fn1K[QN5Xo10iQNIel17[SNJdl16[SNKel14\SNLdl14\SNLel12\SNMfl11f1NjQf04SnYO3L2N2O010O01N2N2O0O2O000O10\QNL\m13dRN3an11O1O1N2O2O0O10001O1O1O1O1O00001O_OkPN7Vo1FmPN8_o1O`kc0JeT\O5L0O02O1N2OYT>4bkA2N2N2O1O001O01O2N2N1O1N2N\n[10cQdN3N100O01O00100O1O5Kgne00XQZO4L4N1N101O000bLKQWN5mh1OQWN1kh15SWNKkh19SWNFmh1=QWNCoh1?nVNBRi1?lVNAUi1?kVNAVi1>iVNBYi1>eVNC\i1<mTNZOD099Zk1:hTN_OCO;7ak1HgSNOP14[O079Wm1GaRN177\m1IZRN094cm1KTRNO92jm1NeRN2]m1M_RN6en101O100O1M4N2NbflW1
20120813063134Lh_6,_ba]2:fo10001O0000000L3100O1O101N10000O100O010000O10O100000000000O100000000001O0O1000O100M300O1O1O2N2Ng]^_1
20120813063134Lh_7,b\_R28eo19I2K4M30O2N2L5HXn7HbSF0Vm13hRNOWm11iRN0Vm10jRNOXm11gRNOYm11fRN0Zm11eRNN]m11cRNO]m12bRNM`m12X1O01OMSQ<4knC00001O010N2O0DGSQN9ln1HSQN7on1MkPN4Vo19201N101BgPN2Zo1NfPN2Zo1NgPN0Zo10gPNNZo12;OSeVj1
20120930063534Lh_1,gmbc26ho14L3M3O1N10O10000O010OL5O001N101N1100O010O10O0100000000000O110O010O0001O0K6O1O001N101O001O1O0010O010O1O101O1N2O000O100O100O1O1O1O10O010O109F2N1O010O1001N1O1O1O2N1N2O1O1O1O001O010O1OYOmPNb0_o1J000001O1O100O01O000000ZQNChm1=URNElm1;QRNGPn1:nQNESn1<kQNEVn1;iQNEXn1=fQNB[n1?cQNA^n1?bQN@_n1`0aQN@_n1`0`QN@an1a0]QN_Oen1`0ZQN@gn1a0<103LO2N2N5L1O1N1O1NdMHSUN7mj1IVUN4kj1KVUN2lj1Nc20^RUT1
20120930063534Lh_2,]jbc14jo14Nb0^O2N5L1N3N5J1001lN^QNf0cn1WObQNg0nn1N2N2N1O1O02N101N0000O1O2M2O1O2N2N1O10O10O101N2NlSUZ2
20120930063534Lh_3,\d^j04jo13M3N2O001O0000001O1O101N3M1O1O1O4M0000O2N00100O1O1O1O1O1O100O01000O10O1O1O1O1O1O100O2O00000O2N3M3M:F1O2N1O2OO0111N5J10O10O01O10O02oNjQN5Vn1_OVRNa0jm1]OYRNb0gm1\O]RNc0cm1YOaRNf0]n1N2O1N1N200O10000O100O2O1N1O2N2O1O001M_Ymo2
20120930063534Lh_4,_QW]26ho18H9G7J5L3L2O2M3M;E4L2M2N2M1001N21N2N2NaNeRN=Ym1BmRNk0al1UOcSNn0Vl1ROnSNn0nk1SOUTNm0hk1SO\TNm0_k1SOeTNl0Wk1UOnTNj0lj1WOXUNk0aj1WOaUNj0Zj1YOhUNg0Sj1\OoUNg0ki1ZOVVNi0fi1WO[VNm0`i1ROeVNn0Wi1QO\WNa0ah1[OeWNg0Wh1VOoWN@ZMk0ej1CdXN;[g1DhXN<Vg1AQYN<nf1_O]YN<bf1AdYN<[f1EfYN:Zf1FgYN9Zf1FfYN;Yf1EgYN;Yf1EgYN;Zf1^OlYNb0hj11N3N2N2O2M101000O1O1N4XOPQN8_o1N2N1O1O2N1NWkb^1
20120930063534Lh_5,lXkn13mo11K5O2O000000O01O10000001O001O00000O100O1000O2O00O2O02gPNLan15\QNLen16WQNKjn17RQNJnn1d00O1000M30UOTQNa0ln1@VQN=ln1BVQN;ln1DVQN7\o1M3N2N2Nne\n1
20120930063534Lh_6,aY_Q35io13N2N100O2O0O0^NF`SN:^l1J_SN6al1K^SN6bl1CWRN2T1<fl1BVRN2S1=gl1AVRN3Q1<hl1CWRN1P1<il1DWRN0P1;jl1EVRN0P19ml1ORSN0Rm1MoRN1Xm1HjRN7_n1001O1N1010000@JVQN6in1OSQN0mn1a0OHTQN@ln1`0:000001N2O00000O100O1000O0100000001N2O1N2O0N_o=JePB6L2O100O1O100000001O00O1000O0100O1O100O2O000O2O0O10001OYP4LRP60egPh0
20120930063534Lh_7,b`lb23lo12N2M3O001O0O1O10O1O0O2O^OJ\QN6cn1L\QN3dn1O[QN0en11[QNOfn11YQNNin11WQNOin12TQN0mn1ORQN2Po1KQQN4]o10010O1000O0M4O1O0M4L4J6000001O001N2O0000@VQNIkn16WQNIin16YQNIgn17ZQNHfn18ZQNHfn18[QNGcn1;]QNEcn1;^QNDan1<`QND`n15hQNLVn10oQNORn10oQN0Pn10RRNNom10bacY1
20120930063534Lh_8,gfWe16ho14L3O1N3N1N2O1O01O0013L1O1O2N01O000000010O001O01O001O1O1O4K4M6J1N2O1N2O1001O02NO101N7I2N100O1N7J5XOnPNNjWfW2
20120930063534Lh_9,eQW]22[P4OUP80fo;0UoE0ePD0WR<0SI0_TN1Pna3OURVL0bPL0^o30lo?0UP^O00000ZT44bkK1O1O001O001O00000001O001N2O1MSk1OUXb33gl[L20OTTX1NnkgN001L4O01LdkPT1
20121024073354Uh_1,acb[13lo12K5N101N1dPNESo1;lPNHRo1c000000001O0O00O3M4M1N200000000000O2O2O6I1O0001O7I5K20O100001OO0O3M3N0100OO10O00100O110O00O1O010O1001001N2N1O01N10]RN_Ohk1LjRN8MLO0i03ll1OZRN>f0DPm1o0hRNROXm1Q1dRNoN^m1U1[RNlNgm1f11ZNZRNP1gm1iNaRNU1`m1iNcRNU1Vn1N1O2O00ZQNPO[n1P1cQNRO\n1Z1O1O002L3O1OiNkQNc0Vn1XOoQNh0en1O2N2M2O0O2N1OmKZOnXNf0Vk1O2O0O1O1M3L5M3NSLJYU20jnM1_[i]2
20121024073354Uh_2,[`Wc27go14N1N1N2O2N010O0cNA[SN>Sn101N10^LF]WN<dh1D\WN<dh1D\WN;Ul1O100O1000O0O0^OKZQN7en1NXQN1gn17YQNA[n1m093O1QRNmNQm1R1oRNoNPm1m0TSNTOoj18bUN=E]Ogj18cUN:H\Ocj1>dUN5gk1OoSN7Rl1MiSN5Ul10gSNOZl14cSNLLVOjk1\1kSN]O9[Okk1[1iSNYO=]Ojk1\2VTNdMlk1JSTNh13^Nel1Z1^SNeNnl1IdRNi0`0\O]m1?Z1H5L1M5IcafY1
20121024073354Uh_3,VRgg13mo13NOgPNLfn13ZQNOen11WQN3[o11O7KNUOFPRN;nm1FSRN9mm1GTRN9nm1DSRN;jn10O0000000M4IAkPN?To170ClPNNSo1NRQN2nn1NRQN3mn1LUQN3ln1LTQN4mn1KTQN4ln1LTQN4ln1LTQN4ln1LTQN4ln1LTQN4nn1JRQN6\o1O010O1000O1000005J101N1O2N2O0OFiPNLWo15jPNIVo17:OO1O1O2F9OO1O21N2O1O01H9OTODVRN9gm1MYRN0gm11[RNGjm18o0N3O2LaRN1am11N100O10ObldS2
20121024073354Uh_4,ZQgX12jo17I4L5M3N5I7J4M0001M3N2O2N3N4JQL\OiXN?`k1L6J2NRne00lQZO4M2O2K4O1K5K5M3N2O2M2O00LoNU1L301N1011M3N2M5IhRNYNhl1]1YSNeNhl1Y1YSNgN\m1d0eRNZO]m16oQNNf0H]m16QRN1on1KUQN3]o1MgQ_c2
20121024073354Uh_5,heXi22mo13K4N2O4L1O10O1O1O5K1O000000010O01O010O1O1O1O00001N1O2G8N3N2O3M1O1O1O1O010O100O01O00100000000O1O1O1O0O1N200O1O1000001O101N1O1O11OM5G7N2MiY]R1
20121024073354Uh_6,bbkn03Vm1N_UN4`j1M_UN4`j1L_UN5aj1J`UN7Tm100001O0O100000O10O10O1O2O0O1O2Ndoo00]PPO1N10000O1000000O1000001O0O101N1O2N100O100O1000O010O001O00001O100O10000O2O0O2O1N3Mgn[2N[QdM3N1N2O0^PNKYo15fPNLZo14fPNLZo14fPNK[o159O0O101Ngo;OXPD7I5M3M101N1O1000000000O2O1N1O1N2N2O1O1O001O1O10nLLXVN3hi1OWVN0ji10WVNN;NTf14n\NLRc15\601O2N]R44]mK4M2O1N11O@C]QN=bn1D_QN;To1O1O00000O100O100O1O1O_RNKZk13eTN1mNLWk12mUN2kNMXk10mUN4jNMcm13\RNNdm12]RNMbm14_RNJbm16T1000000O101ORQNLQn11QRNOPo10:3B2O0fMKiTN5Vk1MiTN2Xk1OgTN1Yk1OhTNOYk11gTNNZk11ZOOTVN0hi17n22N1O2O0O1O1O1O1O10O100O1O1N200O2OkUNFdd19][NHcd16^[NJcd14f5MbRf0NbmYO1O0O1aPNMQo13>O100O10T`Ra2
20121024073354Uh_7,P\o\21oo11O1N101O0000001L3O1I701N10000001O00000000000O101O0O2O1O1O000O1O10O100O1000O1N20O10000001O00001O00CKPQN4Po1OmPN1So10mPNOSo11mPNOSo12lPNNUo11lPNNTo12lPNNUo11kPNOVo10kPNOVo10jPN0Vo10jPN0Wo1OiPN1Wo1OiPN1Wo11gPNO[o10dPN0\o10cPN1]o1900000000O1O1O2O000000000O2N101N1J601O0O1000O100O1M3N2O10000O2O1O0O2O0O2O001N101O1O1O0O2O00001O0000000000000O101N100O2NadT[1
20121024073354Uh_8,U[Yi01mo12O10000000000O1000000O100O01000001O00000O10000000000OO2N11000O1O10010O1O001O0000O1O101O000000000000001O00000000001O0001O1O0O1000000000000O01000001O001N3M2OodhQ3
20121024073354Uh_9,fZU_21PP20a22[M20O01O0010N10YS20flM1000Oal9OaSF0[S<N_hG3UTL0^SN0Ti10kVN1Ui1OkVN0cl1O^l1NfS80PPH0PP20QoK0m01O01000PQNOQn11nVN1Rd1Nm[N3Sd1Mn[N0Td10n500000g00YO0[O0Y10iN0c00bPN0mn10RQN0nn10RQN0on10oPN1`o100001O1N3N001O00O1N2N2O100OjS80ZlG0kn]10TQ`N2ZahY1
20121024073354Uh_10,jjVh22no1000O1]PN0Vo10jPN0Uo11kPNNVo12;1000002OO01O013L100O001O000000000IEiPN;Wo1EjPN:Vo1FjPN:Vo1FjPN:Uo1FoPN7]o14L0000000001O00000KJKlPN4To1MkPN3Uo1MkPN3Uo1NkPN1Vo1NjPN3Uo1MkPN3Vo1LjPN4bo1O0000000001O00000000O10O1000000000O010O2O000O1000000000O100O10000000000000O100000O1RUYR1
20121024073354Uh_11,WodZ11Toc00ZoG0^QF0^RN1Wk3O^RN0a22emM1_o11aPNLao11aPNOhn10hQN0@0dm11PTNOll15[RNM_m1NfQN11Oa03Qn1N\QNOYQcc2
20121024073354Uh_12,`]QU33io14N10O1000O100O1O1000O1001N1001O001O1O1N20O001PQNKSn16mQNLQn14PRNIRn17oQNIPn17QRNInm18RRNHnm17SRNIlm17URNIkm16VRNKim15WRNKim14XRNLhm14WRNMim12XRNNim10WRN1jm1NVRN2on1M0006J1O00O1NTP:LQPF2O1H61H_PN0bo10^PN0Rb`g0
20121024073354Uh_13,ijVi21\P80coI00000000001O0GOcPN3ho3MooM1hNO_RN1`m12^RNOam11_RNOam1OURNOA2Zn1OaRN1gn10K5JIcPN7co100I]PN0_o10`PN010So10YQ<0^oM0koE0TP80QPH0TP20hoM04000SPN0Po[20lPfM2O0O10000000001O0000000000000001O01O011N10O100O1OfUao0
20121024073354Uh_14,VRcg13a01gn10XQN0kn1MWQN2\o1OdP`2O`oQO0blUO0ZSXO2N2N100000O10000O10001Njo\R2
20121125063154Uh_1,m`UV12ko16I5N2N010JBjPN=To181O010O100O10O10O0010O100O1O10NJ]ORQNc0mn17VQNXO_n1g0cQNYO[n1h0fQNZOTn1i0PRNVOlm1l0TRNTOjm1n0VRNSOhm1m0YRNSOfm1m0\RNROcm1o0`RNnN`m1Q1g000OQRNoNRm1P1o0100O10O100O1O00O2PRNQOnl1o0SSNQOll1k0YSNUOfl1k0[SNTOdl1m0W1000001O1O1N3N1O1N2O1O1O1O00001O0O2O100O1O1O^RNEak1;`TNE_k1:bTNF_k18U2O1O1O3MSald2
20121125063154Uh_2,ZnnV32lo14M3O1010N2NTj;Jf\B3cb1NZ]N6db1J]]N7Ui120O00`J4mZNKod17R[NJkd1=P[NDnd1>R[NBmd1N\VNK^11b14Pi1LQWN4nh1MRWN3kh1NWWN3eh1O\WN1ch1O]WN2dh1J_WN6ah1GbWN:Ql10RJEW\N;ic1EW\N;ic1EW\N;gi10I8M2O1fL[OYWNe0ch1A\WN>dh1D[WN;dh1I[WN5fh1KZWN4nh1ESWN9mh1GUWN7\e1GgZN0O8[e1IT^N6la1KS^N5ma1LS^N3na1MQ^N4oa1LQ^N3oa1NQ^N2oa1NP^N3Pb1No]N1Rb1Om]N1Tb1Ok]N1Ub10j]NOWb12h]NNYb12f]NNZb13e]NM[b14c]NM^b12b]NN_b13^]NNeb10l\NJ]J6ih10h\NL\J5mh11c\N=_c1D^\N<cc1D[\N=fc1CY\N=gc1EU\N=lc1CR\N=Qd1Bn[N=Td1Dj[N;Xd1Fj[N6Xd1Jh[N4Yd1Od[N0]d17][NGdd1;Y[NEhd1;c[NYO^d1g0b[NWO`d1i0]5O4M2MeTN]OYg1d0cXN_O]g1a0`XNAag1?]XNBdg1>ZXNBhg1=WXNCkg1=TXNBng1>PXNBRh1=mWNBUh1>jWNAYh1?eWN@_h1`0]WN@gh1b0SWN^OPi1g0hVNZOZi1V1ZUNlNoN2kk1U1jTNoNWOOSl1Q1_TNTO\OMXl1o0WTNMlk16kSNMWl13fSNN^l10]SN3gl1iN]SNT2Zm1M1O001N2M3K7J5J6M6G7Eg0YO`Rea0
20121125063154Uh_3,TW_e22mo11gPNNdn10]QN2Xo11O1000O01O01O01O00010O0000000O100000000O001O10O00100O010OFLiPN4Uo1NlPN1To10kPN0Uo11jPNOWo11hPN0Zo1NePN2\o181O1O1OO1BJRQN6on1=O02O1M3N4K;FSiZW1
20121125063154Uh_4,aYki12no11N100001O1NeP:1ZoE1O2N001O1O01O1O01001O0000001O0O2O_3ObL1SO3dQNN\n12dQNOZn13fQNK_O0en15SRNNjm13URNNjm12WRN0fm11YRN1em10[RN3Sl1F\TN7A4Rl1F\TN9@1Tl1E\TN;@0Sl1D^TN<_O2Rl1A_TN=A1[m1OfRN0Zm10gRN0Wm11kRNNTm11nRNOQm10QSNOol10SSNOll11VSNOil11XSNNgl12\SNMdk1IlSN;`0Mbk1JkSN:e0L_k1JkSN;g0J^k1KjSN;j0J[k1KkSN:l0JYk1KlSN:l0LWk1InSN7P1Omk10UTNOkk1OWTN1ik1NXTN2hk1MZTN2gk1LZTN4fk1K\TN5ck1K]TN5ck1K]TN5ck1K^TN4ak1M`TN2`k1N`TN2`k1NaTN2^k1OaTN1_k1ObTN0^k10bTN1^k1NbTN2fm11O01O0000000001N101O001O00001O000O2O00001O0eLHnVN8oh1LPWN4oh1NPWN2oh1ORWN1lh10TWN0kh11VWNOih11WWNOih11XWNNhh11[UNGa07Sj13[UNHa06Sj11]UNIa05Rj12]UNIa05Rj12]UNIa05Rj11_UNI`05Qj12_UNHa06Pj11aUNG`08oi11aWNO_h1OcWN1^h1LeWN3\h1IgWN7Ql10000001O0000000O10001N1bKHTYN7lf1JTYN6kf1KTYN6kf1KUYN5kf1KTYN6kf1JVYN5kf1KTYN6kf1JVYN6jf1IVYN8jf1HVYN8if1HfUNLh2<bg1GfUNOg2:cg1FgUN0f2:]g1CYUN2f01c2:]g1GUVNO^2:\g1HXVNL\2<[g1IZVNJ[2=Zg1JfVNMa18jg1KeVNMa18jg1KeVNLb19ig1JhVNK`1:hg1KkYN4Vf1KkYN5Uf1JlYN5Uf1ImYN7nj1O1O100O100O100O10YMM`UN3`j1O_UN0`j12aUNL`j14e2100000O1N200O2N^R60amI4M101N1O100O10O01000O01O1O001O10O01000O100O10O10O10O100O10000O100000O100O1000O01000O1O010O001O000000010O01OfLDRWN<nh1DQWN<Pi1DPWN<Zl100O1000O010O010O10O0100O1O0O2L3MM51O1M3L32O1OJ5O2M2N21N2M4EQQNDon1<:1O0010O01O0001O0N2MO4O1001N1001O0O1O1O1001O0O2O1O1N101O1O100O1O01000O010O[RNGek18[TNJck16^TNJbk14`TNN]k11fTNNXk13iTNKYk11kTNOUk10`QP2OnPPN2O0O1O1000000000O2N10PV2OQjM1N10O001O1000Y`X_1
20121125063154Uh_5,ZSc]24a0Mhn1>LBSQNb0Yn1^OiQNW1Sn1iNjQNZ1Vn1fNiQN[1Vn19N1H\NTRNc1mm1]NSRNb1Xn1K4O2M3E?J7G6@ePN3[l\a1
20121125063154Uh_6,o_i_21no11M3O1O100O1OJZPN4eo1M\PN2do1M]PN3co1M\PN4do1K\PN6do1J[PN7do1J\PN6do1J\PN6do130O000100lNG`RN9`m1H`RN7am1I^RN7cm1I]RN6em1I[RN6fm1KYRN4hm1MWRN2km1LWRN2ZnS1NaPnN4M3N1O100O10000O2O0O1O2OO10O01N1000O2N2O100O10000O1bQN@[m1a0dRNA[m1?dRNB\m1>cRNB^m1=cRNC\m1>dRNA]m1?cRN_O_m1a0aRN_O^m1b0bRN^O^m1b0bRN^O^m1a0bRN@]m1a0cRN_O]m1a0cRN_O]m1`0dRN@[m1a0eRN_O[m1a0eRN^O[m1c0eRN\O\m1c0eRN]O[m1b0gRN]OYm1c0gRN]OYm1b0iRN]OWm1c0iRN]OWm1c0iRN\OXm1c0iRN]OWm1c0S1OZQN^OPn1a0PRNAom1?PRNBPn1=oQNEQn1:oQNGQn17QRNIom16QRNJPn14RRNKom14QRNMom1NVRN1lm1MURN2lm1MWRN0d_`Y1
20121125063154Uh_7,]^el11TPb10moeN0blY10aSRO0ZmQ50`R\J2O1O0O101O0O11O0000001O000O101O00000O1OTTf20TjK0^Pd20[QjJ2N1O001O0ZOL`QN4`n1M`QN2`n10^QN0bn10^QNOcn11f00001NRTN0ok100O10000000WmW10fRhN30001O000O10001O000001O0001O000001O000O2O001ObehY1
20121125063154Uh_8,Y[oo15go1N^PNO_o11dPN0Wo12kPNNSo12nPNNRo11oPNOQo10PQNORo10nPN0Ro10nPNOSo11lPN0To1OmPN0To10lPN0To10kPN0Vo10jPN0_n10kQN0E1`n1OkQN0E1Wo1OhPN2Wo1OiPN1Vo10hPN1Wo12fPNN[o14aPNLao181O1O000O20O101N1000O1OOIaPN2_o1NbPN0`o1OaPN1^o1OcPN0^o10bPNO_o10aPN0`o1070YPN0`o10_PN0`03Wn1NYQNO=8Xn1H[QN0=3_O0cn13`QNK>1A13ORn15kQNJ`01@>Pn1CmQN12Mb02_O<Pn1CQRN3b0M]O=om1CSRN2c0OYO<Pn1CURN1c01WO;Qn1BVRN1d0<YOBmm11VRN0f0<WOCmm11VRN0g0;UOEnm10URN1j0:QOEPn10URN0k00SO8mm1HTRN0m00SO7lm1ISRN0o00TO4km1LPRN0S10SO3km10SSNMTOOlm12QSNNacZl1
20121125063154Uh_9,n[Sm2280[o12dPNN\o12cPNO]o11dPNN\o12dPNM]o1381O0O100000001O0000000O101O1O1O000000000000001O01O001O01O0000000O1O1N2O10000002N001O00001M2O2N1O101O1O000000001NQdPo0
20121125063154Uh_10,^[oo11PP20WPj20hoUM000eo70dP>3coYO2O1O0010N2O002NVN3bSNL^l15aSNK`l16^SNJaNOPn16]SNLaNOWn1OZSN4Yn100N3OPmo02mRPO101NMXPN0ho1OZPN0fo10[PNOdo12\PNObo11_PNOao11`PNN`o12`PNN`o11aPNO_o12`PNN`o12`PNN`o12`PNNao11_PNObo11]PNOco11]PNOdo10[PN0fo10ZPN0go10XPN0ho10XPN0ho10XPN0ho10WPN1io1OVPN2do1NaPN3_o1MaPN3fo100OUgRh1
20121203063334Lh_1,e^Ue14ho16M101N101N1O1O1000000000O10000000001O0000000000000O10O0N3L31O010O2O000O1O10O100O1O1O00N2100O001O00000001N2O1O010000000001O01N10002I5O2O0000000O101O1O1NRbPV2
20121203063334Lh_2,o`W^26jo12nNJVRN6im1NfQNNM3Zn15dQNM0J_n1m073M7J1O1O4K4M1O2N2M3N100O10100O001O10O01O001O00000000O100OO100O100000L5O1O1O101O1O001O010O1O010O0O100O1O1O100O100O1O2M2BbQNVOcn17]QN0Qo1LPQN4Ro1HPQN8\o1O2I601O001OQ`R]1
20121203063334Lh_3,jcco12mo13N2M3N1O1N2O1I7N1O101O1O0O100O1O2M2O3VQNQO]n1[1N1O1L4M3O2N100O2O1O0001O00001O100O0O2N2N2O0O101N100O1O10O00001O010000000001N10000O10000O1000000O010O10O0O10000M40O1O2O2M1O2O1M2O2M4N1N2O00001O0000000O10O0100O10000O010O100O10O0100O1O101N1N3O0FgPNK[o13;NP]nh1
20121203063334Lh_4,l\[R34ko11lRN3Uj1MjUN5Vj1IjUN:ml11O0gLJhVN6Vi1MiVN3Vi1OiVN1Ui12jVNNUi14jVNLTi16lVNIUi18jVNHUi1:jVNFVi1;hVNFXi1<eVNE[i1=aVNE_i1>[VNEfi1=TVNEmi1<oUNGRj19kUNIVj16iUNKWj15gUNMYj13fUNNZj12dUN0\j10bUN1_j1O^UN3cj1L]UN4dj1K^UN3cj1K_UN4bj1JaUN4`j1KcUN0`j10bUNC_i1GgUNe0n0\O`i10aUNc0il1]OXSN`0kl1_OUSN?ml1ATSN<[n1L5K\oQ1LhPnN3O001PO1nQNMim1?XRN^Oem1f0i01O10O100O1NXRN]OWl1b0iSN_OWl1?kSNAVl1=g10000O10001O000O2O0O3M3M3KWPb02io]O2O1O0001N]eZg0
20121203063334Lh_5,[i^U21no14]OOQQN4jn1OUQN3hn1OXQN2fn1N[QN1fn1N[QN1fn1M\QN2en1L^QN1Xl1OR32N1O1O1N2O1N2O1O1O1O010O10O01O0101N5L`PNJVo1a001N02N1O00O1002N0O2N2N1O2M5K3KcQX10\ngN8H8I5M1lM[OkTNh0Sk1ZOlTNf0Tk1ZOlTNf0Uk1WOmTNh0Vm10000O2N1L5N2O0000001O0001O001O1O0O100O1001O000001O100O0010O1N101N2N2O1L7JnVcc1
20121203063334Lh_6,PiRm04jo1`0A3M3N3L2N2N2N9H1O0000O01O1N2O1N2M4N10O0bNnQNP1Sn1nNnQNQ1Un1lNlQNR1bn104QOZQN9[o1FfVWQ3
20121203063334Lh_7,UddQ12io1501N3N2N1O1O001O1O1N1O1M3M3M4O2M3N3M1O01O1O100O01000O0mNZQNl0nn1O1O1O1N2O000O2O0O8I2M4L3N2M[[ek2
20121203063334Lh_8,TkXh13lo15L2N1N2O1000000000O2N10O010000O0010FGkPN:So1HmPN7nn1NTQN1kn1OUQN1kn1OVQN0jn12TQNOkn13SQNMmn14RQNLon14PQNLPo1c00O01002EnPNBSo1=nPNBSo1=:N2N1O2M1O3LbTUU2
20121203063334Lh_9,lcco11QP21GO_PN0_o1090\PN0Wo11jPNORo13PQNMnn14TQ2L_oM0WO0cQN0\n10i01lPNOYn10hQN0C0Un11XRN0_O4Vn1L\RN1\O4Vn1L`RNOXO8Vn1HdRN`0[m1@hRN3QO2Un1KVSN4il1LXSN4fl1M[SN3bl1LbSN4Un101O00001O1O0000000O10001OTN0g30[L0cSN0_l10_SN1al10^SNOcl11\SNOfl10ZSN0fl11XSNOil11WSNOil11VSNOkl11TSN0kl11USNNll11TSN0ll1OTSN1ll1OUSN1\n10100O1000_n10QSL0Pm10PSN0Pm10`10_QN0Rm10nRN0Rm10nRN0Rm10mRN0Tm10lRN0Tm10lRN0Sm11^10^QNOUm10]11^QNOTm12\10`QNNRm12oRNNPm13PSNMPm13PSNNan1O_N0SSN0nl10QSN1ol10PSNOQm13lRNMVm12iRNOWm12hRNMYm14dRNN]m11bRNO_m12^RNNem13YRNMhm13VRNMlm13SRNLom13QRNMPn12PRNNQn12nQNMTn12lQNNTn12lQNNUn11kQNOUn11jQNOWn11iQNOWn10iQN1Wn1OiQN0Xn10gQN1Yn1OgQN1Yn1OgQN0Zn10eQN1Zn1OgQN1Yn1OfQN2Zn1NfQN2Zn1NeQN2\n1NdQN2To1010O0001O[OO\QN1Rm12iSNMSO2Tm13hSNLSO0Um16gSNJjN4KMcm17hSNHhN100am18gSNHfN0km19_SNLal15_SNJbl15_SNJal17_SNHal18aSNF`l19c110O10O10O1O100N2N3MQPV4OQPjK2N101N101N1O2N1O2N2N1O2N2O0O2N2O2M3N1N2O1N1A`0O0O2N100O100O1O1OZOQRN]Onm1d0TRNZOkm1GoQNh06Aim1HURN6NM36im1D\RN4M0J<km1ARSNh0ml1WOVSNh0hl1XO_SNc0_l1^ObSNb0]l1^OdSNb0[l1^OiSN?Vl1@nSN>Ql1BPTN>ok1BSTN=mk1BUTN<kk1CXTN<hk1CYTN=gk1CYTN=em101NRNEZTN:fk1FZTN:fk1F[TN8fk1H[TN5gk1LXTN3ik1MXTN1ik1OWTN1ik1OXTN0hk10XTN0hk10XTN0hk10XTN0hk10XTNOik11VTN0ik11WTNOhk12WTNNik11XTNOhk11XTN0hk1NYTN2gk1NYTN3im11K401O1O1000OWNFnSN:lm10WNFlSN9Ul1GlSN7Vl1IiSN6Xl1KgSN4[l1KfSN2\l1OcSN0^l10aSN0`l10`SNObl10]SN1cl1O\SN1el1OZSN1gl1OYSN1gl1OXSN1il1OWSN1il1OVSN1kl1OTSN2ll1OQSN2Pm1NbRN3VO2Yn1LnQN20=Rn1DjQN04<Rn1FfQN089Sn13lQNNTn13eQNF1L[n15fQNGN83JZn15gQNIK7kn1O[QNJJ6ln1O\QNKG6nn1N\QN6en1H]QN6en1H]QN7Xo1M3Mn_h\1
20121203063334Lh_10,held26eo16O11N1O1NmNN[RNNfm15Q13N2M2O1N2N1O3hRNZORk1f0nTNZOQk1h0W2L1O100O10O10O01O001O1O2M3M2O2M3O00O2M4L4[OTQNMSQ81ZnI7J5_O`0F9N2O1004J8I4L2N4L5K4L302M1L[n56^QJ3N3M2N100010O01O10O3N1N5ISZ[V1
20121203063334Lh_11,afk`12mo13M3N1O1N2O1O1O1O1O00001O0000000010O0000000O2O4L7G`oS10`PlN5L2O1N2O1N100O2O0O10000000000O100000O100000O10O1000000O2O0O100O100O101O0O101O0O101O0O2O1NUoc02jP\O4\PNJUo1b0O001[O^OiQNc0Un1@jQN`0Un1BjQN?Tn1CjQN>Vn1ChQN>Wn1DhQN<Xn1EfQN=Xn1DgQN=Yn1e001O000000010O000001O002N1O2N1O1O1O1O1O1O1N10001N100O2O0O2N2N2K4N3M3N2N2O1N2N101N2O2M_nk4ObQTK4LLZPN1do1O`PN0^o1OdPN0[o10gPN1Vo10lPNOQo12QQNNln11XQNOfn11[QNOen10]QN0an10g00kPN0[n30gQL0B2Un1NfRN5Ym1K\RN0\O3HN_n1OgRN1oNOWn11iRN1QONUn10gRN5bm1KY10O0jQN0_l10bSN0Zl12hSNNWl10lSN0Rn1000Rng00iSXO0[L0kQ40ooK0000000d10[n100000PP20[ng00USVO0_n10QPN0PPN0PP20no10kN0^RJ0em10V100000O010O0fPT10YokN000G4^PNMXo1OnPN0L3Wo1MlPN0^o10aPN0`o10_PN0bo10]PN1co10[PN0fo150O2N101NR]Zh1
20121206063154Uh_1,\hRS2<co13M1O3M1000004K3N1N2N2N1O3M4M3M1O00001O0001O002N`QNhN]n1\11O2M2N1O1O1O1O2N1O1O1N100O2M200O1N2O1I7O1M3O100O1O000010O010O1O01N2M]WUi1
20121206063154Uh_2,oin[38ho1N3OjRN0\j10cUN6Xj1JmSNNo0:Rk1HaSN=[1MSk1F_SN`0]1KSk1F]SNa0`1JSk1?PUNZOVk1e0mTNSOYk1l0m11001O0000102N3LmPNYOnn1k02O1O3M001N101O1O2NoPN@G0fn1?aQNI_n1:]QNGen18ZQNHNKgn13eQN4So11O001O001O0jPNHcn1:[QNIcn1:ZQNGgn1h02O0O1O01O20022NmNVQNh0Ro1O1N1N4L4K5K^Sa`0
20121206063154Uh_3,PWmi02lo13N1N2O0O2N2N2O00100O100O100N200N2M3N2H701000O10O10O1000OL5O0100000000O11O0O10001O001N10001O000O1000000000001O0001O00010O001O001O001O000O1O1O1O1O101N100O10001N10100O001O0000010O100O01O0100O010O1O1O1O1O1O00000000\OaQNH]n17fQNHZn1IcQN145Yn1KcQNO65Wn1KeQNN65Wn1LWRN2nm1ISRN6mn1N1O2MQijn2
20121206063154Uh_4,i^Qg02mo12lN0URN2im1OVRN2jm1OURN0lm11SRNOPn1OoQN1Qn1OoQN1Rn1NmQN3Sn1MmQN3Sn1OkQN1Vn1MkQN3Vn1LiQN2[n1LfQN3So1100O100O010O100000001O1O001O0O100O100ON210O0100O10O01O10000O1O1O1O100O010O01N2O001O1O000000O2O01N1O1OO010O21M3M3O1Mbb^T3
20121206063154Uh_5,^h\R11no12O1O1O0000001N2O0000000001O000102N1OO001O02N001O1O1O10O2N0O3N1O1O0000101N10O0011NRWoj2
20121206063154Uh_6,bfPd01ko15O0000001O00000O101N1O1O100N2N2O1000000O10000O101N1000O10O10O0000001O010O00101N1O100O1O01O10O100O001000O10O1000000000000000000000001O01O0000001O001O1O1O0O10000O100000000000O101M3O1N2O000000000000O10O10000000000000O0100N110O10O10O100O1O1O100O103LVZWT3
20121206063154Uh_7,Rd_S11oo11N2FMePN3Yo10ePN1[o10dPN1Zo10fPN0Yo1<00O100000000001O0010O01000O010O100O100O10O10O0001O00001O001O001O2N1O1O1O1O001O00001O0000000000000000000ON20N3N11O1ZOK`QN6^n1MaQN3]n1ObQN2]n10aQN1_n10_QN1`n11_QNOan11_QNOan11_QNOan12^QNNbn12^QNNbn12^QNNbn12^QNNcn10^QN0cn1O]QN2dn1L\QN4en1J]QN5dn1J\QN6fn1G[QN9Wo1O1O1O1O001O010O1O1O001O001N@2<4M3N2M2O2N100O101N100000000000000001N10000O1000000O10000O10O1H710O10O010O100O10O0100O100O100O1O0000O2O0100O010O01O1O1O001O1O1EZOZQNh0en1:N1000I8O01O01O0000O2O01000O010000O2O000O2O001N1O2O0O2O0O101O0O101O0O101O0O101N100O2N1O2N2M]o?OeP@3M3BImPN;Po1HmPN:Ro1;O001O1O0000001O0001O00001O2N5K2N2N1O001N100000000000000000000000000000O10001O001O0O2O000QSN@^j1`0aUNA_j1?aUNB^j1>aUNC_j1=aUNC`j1<_UNEaj1;_UNEaj1:`UNF`j1:`UNF`j19aUNG_j19aUNG_j19aUNG_j19aUNF`j1:`UNF`j1:aUNE_j1;aUNE_j1;bUNC_j1=b2O10O1000O10O01M3O1O001000000O10O10000O1O0M4O100000000O100000000WSNFli1:RVNHoi17QVNIoi17PVNKoi16PVNJPj16PVNJPj16QVNIoi17QVNHPj19oUNFRj1:PVNBRj1>nUNASj1`0lUN_OUj1a0e21O1O001O001O00001O00001O001O0010O010O02O1N010O01O100O001O1O2N4L1O1O1O1O1O1O4L1O1O001O000O2O00eQ4N\nK2O0O1O1M300O100000O100O10000O101N^\lS2
20121206063154Uh_8,`Wc^12;OVo13iPNMWo13hPNNWo13hPNNXo13gPNMXo14gPNMYo13gPNM]o190O2O00001O00000000006I2O_PN2Qo1MnPN5\o13N1oNHYRN:fm1FXRN<im1CWRN>hm1BXRN?cn1100000O10001O000000001O01O02O0O1O10O0010O0010O000000000000000000000iNEiRN<]n100000014K1O010O0000`PNJVo16iPNKWo15hPNMXo1=00000O100O100O1O2O00000000000000000001O000000001O000000001O001O01O01O000_NAaSN`0^l1@bSN`0om10000O01000N201O0000100O01O10O01O0000000000O0M40O1O1O10O10O1000O010O100O001O001O10O10O10O10O0O101O00100O1N2O101Nkoe0NXPZO0kgPV2
20121206063154Uh_9,bgbe23mo1000Qn=2lQB4M1O1O2N101N11O00000000O1000O1O7I4LeR<4ZmCOeNKgRN5\k1KbVN4]i1MdTN1\ONf03Zk1MdTN4f0Nnk14m11QOKSRN6km1KURN5jm1LURN6im1KVRN7im1IVRN9jm1EWRN<en12O1O100O10O001O001O1O1O1N2O1N2OdPNHPo18nPNKRo14nPNLRo14mPNNRo12nPNMSo14lPNLTo14lPNLTo14lPNLTo14lPNLTo14lPNKUo15kPNKUo15jPNLVo14jPNKXo14iPNJXo16hPNJXo17gPNHZo188O02OO0010O1O100O0010O001000O02N1M5L]XWT1
20121206063154Uh_10,deff21UPT13fomN3MJYPN6ho10O2[QNH_m19T100N2O2N[PNL`o13aPNMao1180UPNOd00QPj10VoWN000L130_XYU1
20121216154954Bh_1,lkf`36go15K4N3N2O01000O7I6J3M10O0010O01O0O204L1OO2O9F3M1O1O0101O1N2O0O2N1O1O11N1O010O101N3N6I2O2N1N102O0N1001O0O101N2N8H2N2M=D2N2N0O2N2N3M2NULHPXN5ng11SXNHng1<h34M1N201b0]ObSc:
20121216154954Bh_2,Ph\R14lo11N2N2O1N3N1O2N00000010N10001O1O0O2O1O1N3N2N2N^PN2_o11N3M2N21O100O10000O0010O10O100O002NbPNOon1OoPN5Uo1:N1PO]OaRNe0\n10010O001O1000001N2O1O9HO0000000000O0010O0010O0010O0102M1O10000O02N1O010O001O000ROMPRN2om10PRN1om11oQNOQn15lQNJTn15nQNITn16l0O0O2O001OTNLmSN2Tl1On11010OXXWg2
20121216154954Bh_3,dfVU11mo18G4N101O0000001O000000001O000000O101O000O101O0000000001O001O0000100O1O10O01000002N0010000O00000O010O10N10gPN]OVo1b0kPN_OTo1a0mPN^ORo1d0mPN\ORo1j00000O10000O101N100O100O10O010O1O010O100O0010O01N2O0O2M2L5N101N2O1O001O1O2N1O2O0O2OO100001N]PN:ln1FQQN>nn1ASQN`0mn1_OSQNb0mn1]OSQNc0To122M5L0O100O10O0010000O01000O0100O010O010O100O100O2N001O1MhVYb2
20121216154954Bh_4,S`dU25io13N1O2N101N1O101N2O0O1O2N1M3N2M3N2O1O1O100O1O1O101N2O1N3N2M3N1O001O1O00001O00001O001O00001N101N10000O100O010O1O010O00O2O1N2O1O1O1N2N2M300000000001O1O001O1O1N2O001O00001O000000O1000000O10O100000000000001O001O001O010O001O001O010O010O01O0010O0001O01O0000001O000010O01O1O010O001O0001O00001O00001O001O001O001OQRNXNfm1g1ZRN\Nem1c1[RNaNam1_1^RNdNam1[1_RNfN`m1Z1_RNhNam1l1O1O00010O00001O001O[OgRNdNXm1[1jRNdNVm1\1kRNdNTm1\1lRNeNSm1Z1oRNfNPm1Z1PSNgNol1Y1QSNhNol1V1SSNiNml1V1TSNkNkl1T1VSNlNjl1T1WSNkNil1T1XSNmNgl1S1YSNmNhl1Q1YSNoNgl1Q1ZSNoNel1Q1[SNoNfl1P1ZSNQOfl1n0ZSNSOel1m0[SNUOdl1j0\SNWOcl1i0]SNYObl1f0^SN[Obl1d0^SN]Oal1c0^SN_Obl1`0^SNAal1?^SNCbl1<^SNEbl1:^SNHal17^SNKal14_SNO`l1OaSN2_l1HfSN8\l1QOYTNP1hk1lNYTNU1Zm1O01O00000001O000O2N1N3N1@VQNIln16VQNGln17WQNFjn1:?O1O001O0010O01O0O2N1NV^Q\1
20121216154954Bh_5,Xo\R11no13N3L5K2O1O00001O000YQNCkm1=TRNGim1:VRNFjm1:VRNFjm1:VRNFjm1;URNEjm1<VRNDjm1=URNCkm1>TRNBlm1>TRNAmm1?SRNAmm1`0RRN@om1?RRN_OPn1`0PRN_ORn1`0oQN^OSn1c0e01O_OjPN7`o101OO1dPNGon1;nPNGQo1:mPNIQo1d0O0O2O01O010O2N2N1O1O2N1N2O001O0O2O001N2M4M2N2NgoPj2
20121216154954Bh_6,f\Q[37ho12N2O001N101N1O2N1M3O1O1O2M2O001000O010O01O000001O1N2O100O00010O01N1K6N101O00O2O001O0M4O0010O000000000O100L5N10000100O10O01O100O0010O01O1O010I601NYRN@Rl1`0hSNGWl18iSNJVl13lSNORl1NQTN3lk1NVTN2ek12[TNOck12^TNO`k10`TN2_k1KdTN6[k1IgTN7Yk1GiTN9Vk1FlTN;Sk1CnTN>Qk1AQUN?nj1@SUNa0mj1^OTUNb0mj1\OSUNe0nj1XOTUNh0Qm11O010O10O100O2N2N3M3M5J7IWc\>
20121216154954Bh_7,flRc2<co13N0O11001N002hPN@47Tn1X1O101N02N2N1O1O3M1O2OOO102N2M101N2E:O107H7H[RQ[1
20121216154954Bh_8,\e_P25jo12N2N2O0O2O1N2N1O2N1J7M2O2N1O1O2O0O101O000O101O0O0100O100O0N3O1O2N1O2L_QN[Oom1`0SRNBPn19PRNIQn1MWRN5in11O2N2N1O0O2O000O2O001O0O2O001O001O001O0000000001O1O1O8H2N1O010O1O001O1O001O1O01O00100O1O01O01000O1000O2O1O1N001O0001O001O0O101O001O1O001O1O001O1N10nX^h1
20121220110614Th_1,\Qkh16jo11O001O10OfPNJjn18SQNMjn13TQNNln13SQNMon11RQNKRo14oPNJSo16;1O01O000001O2GJgPN4Wo1MiPN4Vo1LlPN4So1KoPN4Po1KRQN4_o1O0O3Mom^U2
20121220110614Th_2,cQa:3fo18M3M9H3L3M2N3N10000O100000000000AZQNEen1;\QNDdn1<\QNDdn1O[QNN32bn10]QNI47^n10lQN0Tn10lQN0Tn1OmQN1Sn1NnQN2Rn1NnQN2Rn1NnQN3Rn1LoQN3Rn1KoQN5nn100000000000O1O2N2O000000O100O1O1O100O01000O1000O100O01O010O10O11O00101N1O002NTnTa3
20121220110614Th_3,hTa^22no11O1N2O0O2O001O001N2O00001N1000000O10001O0O1O1PQNA_n1?_QND_n1=`QNE_n1;aQNE_n1;`QNH^n18aQNK]n15bQNM]n13bQNN^n13`QNN`n1i000000O1O1O1O2N2N2O1O1O1O101M2N2O4K2O0O1O100O1O1O100O100O2L3N4Mnj^]1
20121220110614Th_4,S`jj21^o;4XPF7J<G2L201MFVQNCjn1>WQNAin1>XQNAhn1?ZQN@fn1>?N101O1N1N3O1000000O1000000000O1000000000002N0116E3000k`]R1
20121220110614Th_5,]fdd23mo11O0O2O000O1O100O0100000000000000O10000O1000000000O101_PNIWo17900001O0001O01O010O1O1O1O1O100O012MM4O00IEjPN:Vo1FjPN:Vo1FkPN9Uo1GkPN8`o1KdYoW1
20121220110614Th_6,kZ[U1:eo14L100O1O2OO00O0101OBDYQN<fn1GWQN;hn1>N3M3O1O1O1OO2O1O100O100O1O3WOVQN8ln1EVQN9kn1GVQN8jn1HWQN4ln1LUQNOon11RQNMnn14`0N3MTf\h2
20121220110614Th_7,X[_U12^o1OQQN1_o110O]OOVQN3gn1NYQN2gn1M\RN3al1N_SN4`l1L^SN7Xl11fRNGa0:il1LjSN7jk1CbSN01?]m1AcRNb0Zm1^OfRNe0ok1[OWTN0Jf0mk1ZOZTN0Ig0kk1YO]TN0Hh0ik1XO^TN2Hj0gk1TO`TN2Jk0ek1SO`TN3Kk0dk1ROaTN2Lm0bk1QOaTN3Nl0`k1QObTN3Ol0^k1QObTN42j0_l1VOdSNh0ek1XOdSNNm0f0`k1\OaSNNT1b0[k1A`SNKY1a0Xk1E[SNJb1?Sk1HVSNIU24fj1Ll22F093N1XfZh2
20121220110614Th_8,RZSW12no100OnV`01Ri_O0L5N1000001O0O100000001O0001O000000001O0O10001N101N1O2Nkoo00VPPO000PL1nWN0Ph13oWNMPh14PXNLog15QXNMlg15RXNLng14RXNLng14RXNLmg15RXNLng14RXNLng14RXNKog15PXNLPh14PXNLPh14PXNLPh14PXNLPh14PXNLPh14PXNLPh14PXNLPh14PXNLPh13QXNMog13PXNNPh12PXNNPh12PXNMQh13oWNMQh12PXNNPh12PXNNPh11QXNOog10RXNOog11QXNMRh11oWNNSh11mWNNTh11n30\RR31bmmL2N1O2N1O100O1000O01000000001N100O2N1OVnW3OkQhL3N2M2O1N101N100000001O000000000001O00000000001O0000001O010O0000001O000000001O00000000O100000O10000000000000000000000O10000O10001N100O1O2O\oi1OePVN1N101N101O0O01000000O1000O0101N100Onn]63PQbI0O2O001O00010O00010O000001O00001N1O2N2NiPT5OWokJ3O0O10000001N101Nlchf1
20121220110614Th_9,SiZb22no100O\N4Z18N1O1000O0N6L1O1O1O2N\10dN3N1002MjmQ1NTRnNOZPN1eo1O[PN1do1O^PN1ao1O_PN0bo10^PN0ao10`PN0ho1000O01000G0bPN0^o10bPN0^o10bPN0^o10bPN0^o1090XPN0`o10`PN0`o1080WPN0g01lm1O]QN0f03lm1M^QN0f03lm1M^QN010=3Tn1M^QN011<2Un1M^QN002=1b0OZl1NhRN001<1c01Xl1MQSN0^13ak1MjRN0l13Zk1MjRN0l14Yk1LkRN0l13Zk1MkRN0j13[k1MkRN0k11gN0gk1OgSN0h21bi1OeSN0i21bi1OfSN0\o10dPN1\o1OdPN0\o10ePN0Zo10gPN0Xo10iPN0Vo10kPN0co10A0mPN0ao10B0>0^PN1To1OkPN1Uo1OkPN2Uo1NjPN2bo1OFOgPN1co10HO_PN4do11URR1KTlmN2iSN1Tl11jSN0Ul11kSN0Tl10kSN1Tl1OmSN2Rl1NnSN2Rl1NnSN2Rl1NnSN2Rl1MnSN4Rl1KoSN5aNHVm11ZTN7_NKPo15PQNLPo14PQNLPo14oPNMUn1L]RN7^OMUn1M\RN5_ONVn1M[RN5_OMWn1OYRN4_ONXn1OXRN3_ONZn1OWRN2@OYn10VRN1AOZn10URN0@1[n1OVRNO_O2[n10URNN@2\n1OTRNNA2\n11SRNLA3\n12SRNIB4]n12ZRNMgm13T1N2OoP60QoI1N101O000001O00000000\OL]QN3bn1N^QN2bn1O]QN1bn11^QNNbn12_QNLbn14^QNLcn13e00001N2N]oe00cPZO3N1N2O1O0001O0O2O001O1NWR`00im_O2N1O1O100O1O100000O100O100O101N2Ohn1NZQN1N2O001O0001OoNNURN1km1NiY]o0
20121220110614Th_10,W`[S13ko13N101N101O001O0O2O010O0001N3M2O2LfPh2O\oWM2N2O1O001N10001OK\PNNdo12\PNNdo1NaPN1^o1OcPN1]o1OcPN1]o1OcPN1]o1OdPN0[o11ePN0Zo1OgPN1Yo1OgPN1Yo1OgPN1Yo1OgPN1Xo10iPNOWo11iPNOWo11iPNOWo12hPNNXo12hPNNYo11gPNOYo11gPNOYo11gPNOYo12fPNN[o11dPNO^o10bPN0^o10bPN0_o10_PN1ao1O_PN0bo11\PN0do10[PN1eo10YPN0ho14000O10000O0100O10O10O100O1000O1JXPN4jk1MPXN0VL3hk10QXNMWL3fk1N[TNOh3OXL4ck1N`TNNe30XL4ck1MaTNOc31YL2ck1NbTNOb31[L0ak1O]XN0SL1`k1O]XN0SL1`k1OdTN0^31^L0_k1O^XN0TL0_k10]XN0TL0_k10]XN0SL1`k1O\XN0UL1_k1O\XN0UL0`k10[XN0UL0`k10[XN0UL0`k10[XN0UL0`k10[XN0UL0`k10[XN0UL0`k10[XN0UL0`k10cTN0^30_L0`k10cTN0e30hg10bXN0^g10aXN0`g10`XN0`g10aTN0f30ig10`XN0_g11aTNOh30gg11`TNOc30\L1ak10ZXNOSL3ck1O^TNNf30XL4dk1OXXNMSL4fk1O[TNMh37mg1LVXN4jg1NSXN3mg1MSXN2ng1MRXN4ng1LRXN4ng1LQXN4Ph1KQXN5og1KQXN4Ph1KPXN6Qh1HPXN7mk100O01000O10000O2O0O2OUoc0OjP\O3N1O10000000O1N2NI082N3M100O001O001OH^PN3bo1M`PN2_o1NbPN1^o1OdPN0[o10fPN0Zo1OgPN1Xo10hPNOYo10hPN0Xo10hPN0Xo10gPN1do100O100000E0ePN1[o1OePN1[o1OdPN1^o1O`PN2`o1N_PN2bo152N2O1NSnc21mQ\M0O2N2O1N6KEcPN4\o1KgPN3Yo1MiPN1Vo1OlPN0To10mPNOSo10nPN0Ro10oPN0Po1OQQN1on1OQQN1on1OQQN1on1OQQN1on1ORQN0nn10RQN0nn10RQN0nn10RQN0_o100000@0PQN0Po10PQN0Po10PQN0Po10PQN0Po10PQN0Po10PQN0Po11oPNORo10nPN0Ro10nPN1Qo1OoPN1Ro1OmPN1So1OnPN0Ro11mPNOTo10lPN0To10lPN0To10lPN0Uo10jPN0Vo10jPN0Vo10jPN0co1000D0hPN0Xo10hPN0Xo10hPN0Wo11iPNOWo11iPNOWo10jPN0Vo10jPN0Vo10=0\PN0Xo10hPN0Xo10hPN0Wo11iPNOWo11iPNOWo11iPNOWo11iPNOWo11iPNOWo11iPN0Vo10jPN0Wo1OiPN1Wo1OiPN1Wo1OhPN1Yo1OgPN1Yo1OgPN1Yo1OfPN2Zo1NfPN1[o1OePN1[o10cPN0^o10bPN0^o10aPN1_o1O`PN1ao10^PN0bo170O100O2N1O1O`oU10`PjN1O2OJZPN2eo1O\PN0do1O]PN2bo1N_PN1`o1OaPN1_o1ObPN0^o10a00H0G0bPN0^o1090XPN0`o10`PN0`o10?0I0H1^PNOco11]PNOco11\PNOeo160O100O1O2Njog0OXPXO001N1000O10Xoa4OhP^K2O00001edjm1
20121220110614Th_11,[`eh02no11M2O1O1O10000O2O000000O01000000000000O10000000000000O10O100000000000000001O00001O0000001O000000001O000O100000001O0O10001O1Nio=3TPB101O000O100001O000000000000001O0O101O0000000000000000O1000000000001O0O10001O0O10000000000000001O00001O1N2O00000001O001O2N1O1O01O01O0000000000000000001O0000000000000000000000000000O100000000M300O10000OL_PNL`o12cPNM]o12dPNO[o11fPNNZo11gPN0:OYn11^QNO91Xn10_QNO82Xn10aQNM74Wn1ObQNN54Yn1MdQNN35Yn1MdQNO16Zn1LeQNM17[n1KdQNO07[n1JeQNO07\n1JbQN026\n1L_QNO55]n1L]QNO65]n1NYQNO:3_n15aQNL_n13`QNNfn1H^QN8Uo101O00001O001O4L0O2Ofo]11XPbN2O00001N10001OKZPN0fo1O\PN0co10_PNOao11`PNO_o11aPNO_o11bPNO]o10dPN0\o10dPN0\o10:00000[P20YoM0hPN0Xo10hPN0Wo70]PJ0oo50QPJ001O0000010\PNOXo11gPNOZo10fPN0[o10c00fo3000QPL0io10]PL0jo10I0^PN0io10H0_PN0bo10^PN0ao10`PN0`o10`PN0ho10G090XPN0`o10`PN0ho1000G0bPN0^o10a00H0G0bPN0^o10bPN0]o30cPL0^o10bPN0^o10XP20ZPL0^o10900000000000000000XPN0`o10`PN0`o10`PN0`o10`PN0`o10`PN0_o50YPL0XPN0_o1081O010O010O0\PNO[o11ePNO[o11dPN0\o1OePN0\o10cPN1]o1OcPN0^o10aPN1go1000O01000O0KO]PN1ho11LNZPN2fo140O103M1Nbo=0]`f`2
20121229085414Th_1,`\ia27io10O11O1O0000000001O2N8G2N2OO01OO1001O1O1WOZOWRNg0im1YOWRNg0`n110O1O1M3ON3O1O11O1000O001O01O1O0000000O100O1O100N2L4000O1O1O01OO11O1N2N4MJKcPN3\o10dPNO\o12ePNK[o1725N101N2O1O100O3N000OO2M2O2O1O101N100O1O1OkPNIM3Sn13PRNKL4Sn1OSRNNH5Un1LTRNMI6Sn1LURNLM4Pn1MiRN0madX1
20121229085414Th_2,b^oo02lo13M3L3N2O0000000001N110000O1O100OO001OO2L4O1N2M100101N3N2N101O1O1O10O100O1001N2N1O1O100NePNKnn15RQNLnn13RQNOmn10TQN1kn1Nd00000Nho?0VP@4N2ZOM]QN6an11WQN1in1c00O3M2O00001O3M3M00001O02O1N02N1O2M3N4K3M3MYcbj2
20121229085414Th_3,gX[_21no11O0O2000O101O00000001O1O10O010O1O1Nfm70XRH300000O2NWQd03fn[O2N10O010NoQ4LWnK000N3OMK153OO01O000UQNLok10nTN4PO0Ql10kTN0TO0aj1LPXN2`M2nm1LURN2Ul?NiRB2O3M01N1N\QNOgn13L10O102MC4910O01O0001N110OTR8MomG2O01O1OSP40moK001O00O1000YM1]UNObj12^UNNaj13_UNM`j13f20[V2MiiM0Ym=1dRB3GLcPN5]o1KfPN1i0Oln12`k1NaTN1O0dP<O]oC20N00go31XPL1lRNOWj12gUNOTm110Onl7OSSH10OcR<0]mC0dl9O]UH4Wn3NgoI3O1N101`RNHUk1?bTNC]k1>bTNB_k1=aTNC`k1;bTND_k19U2N20000000[MHaUN9^j1IaUN7_j1I`UN8`j1H`UN7Um10000O01N1O2N2N2O10O001O1N1O2L30010O100000000O1O2N2N\n=7]QB101`PNGXo1b0N010O01O001O1NQTN@`h1>c3M2N2N2N3N2MaSj13^lUN01NVe\o0
20121229085414Th_4,hV_f0:ho1NBISQN7ln1NPQN2Po1MQQN9kn1EUQN<Un1D`RN<_m1F`RN9dm1DgQNO:=Pn1CgQN01d0Po1MO0M61M3K3O020O100N30kPNChn1:YQNGjn10\QNOchTX3
20121229085414Th_5,a^oo0120no1000O0io;0WPN0`oE0PP:0XPH1VPNOf00Xo10PP40TPJ000A0nPN0Ro50TQ21\oIOO010Wo10kP20loK1fo50ZPJ000O12NQPP10no]O0UcVj2
20121229085414Th_6,f^QP11PP20ho=0VPB1000000001Oeng00hQF0hoM0joC0VPN0lo11UOO\QN0E1ao161N3K^bjl2
20121229085414Th_7,Zd`U21eo10cPN1\o11cPNN^o13JOkPN1Uo10jPN3So1NlPN2To1OkPN0Vo12hPNNWo1:40000000kPNAin1`0VQN@jn1a0;8MJ1O7IbPNEWo1d0OEiPNJYo13iPNMWo13iPNMXo12iPNMWo13jPNLWo13iPNMXo13gPNNXo13gPNMZo12fPNOZo10fPN0Zo11ePNO[o11ePNO[o12dPNN]o19\OEfQN:[n1EeQN;\n1EdQN:Qo102OO00L40001O001Nc[ag1
20130104104234Ch_1,QW_m14_11hl10WSN1hl11WSNNil13VSNNjl13USNLkl15VSNGml19\1101O0000000000000`QNE[m1;eRNEZm1<T11O100O10001O001O1O2M2O2O1N[OoPN<[o10000O100000O1O1O1O001O1O1O1O1O1WQNYOWn1h0hQNXOYn1h0?1002N2N1O00001N101O0O1O010O1O1O1O010O1O1O1O1O1O1O02N5K2N1N2N101N2O1O3M100O10000O1O00001N101O0O10000O6K2N00000000O1mNaQNc0Po1K401O000011N2N1001N1O010O1O001O2N1O4M001N101M3N1NffVj1
20130104104234Ch_2,liln23mo13M2N2N0O10000YMIfUN7Yj1KfUN3[j1MgUN1Vj13k2001O1O1O100O10O1010N1O2N2N4J7F6M20O1O1O2N4L2O2N<C^RNGkm1O[n12eQN1O1O2]PNIZo1a0OO2M0000000;D2N01000001O1O0N2N2N201O2NTO@ZRN>cm1G^RN6am1KbRN2^m1ObRN0^m10dRNM]m12fRNJ`o36QoM4M2M3N2O1O10O001O2N1O1O1O2L4J]Vgk0
20130104104234Ch_3,eddP18do16@a0B?G8M6I1NmNXRN2gm1IbRN4Zm1GQSN;gl1EaSN:[l1FjSN7Tl1IoSN6ok1JRTN4Pl1JSTN5nk1HVTN6Pl1BSTN=hm1000010OhNFc]om2
20130104104234Ch_4,[]ej2;co19G3N3M4N8H000O1O00001O2N1N1O10QOdQN;Zn1EiQN9Xn1FPRN2Qn1LPRN5om1ISRN7nm1FTRN:in1000013N01N0O2NN20001O3M03_OEWQN:jn1FVQN:in1GXQN7\o1J_alR1
20130104104234Ch_5,Zd`Z23mo10O100O1O2N2N2N1O1_OE\QN;`n1K^QN6bn1J^QN6bn1J]QN7cn1J\QN6dn1J\QN5en1K[QN5en1K[QN4en1K\QN6Wo100O1O00001O1O2O00001O00000002N001N100BGUQN9jn1IUQN7jn1KTQN6ln1JTQN6ln1IUQN7ln1GUQN9kn1FVQN:Wo12O00000O0O1M4N1O20000O10000000000001O3M5K0000000000002O0O000000001O0O2Ogo5I_PJ4MO2N3MZ\m_1
20130104104234Ch_6,ieTZ26co1:K?B3N101N1kQNPOYm1P1dRNXOWm1g0hRNZOXm1g0gRNXO[m1g0gRNTO]m1l0l000N3NURNROgl1k0XSNXOil1e0WSN@gl1=YSN_Oml1a0QSN]OSm1d0T13M0O1000O2OO001O001@?N4K3M4MXOURN@im17bRNH^m12iRNMZm1JmRN4dn1IbP21`oM2N1O1O13K_n7O`QH4M3O15IkY]b1
20130104104234Ch_7,nRW[11Ro37aPN7N3L8J?@1001N\OPOZRNn0_m1[O`RNd0Xm1EkRN9Um1EoRN;nl1DUSN?fl1@]SN?cl1BZSN`0ml1[OoRNe0Rm1\OlRNc0Um1]OkRNb0Vm1^OmRN>Tm1BXSN1il1OaSNDbl1<b16MK2M?@3000Qnlb2
20130104104234Ch_8,^e\Z21S10hm11S10101OTQN0im70SQJ0RQN0lm10RRN0Qn10lQN0Ro1000\o10ePN000kPN0Uo1000O0VO0j00000000m00eM0n20]m35eS4MZmG4mNJWRN7jm1JTRN6cm1IiQN0i08am1H`RN<`n1001O1O00O01QMB\VN=`i1H_VN6_i15WVNFni1`0bTN]O6OXk1f0d2\OUQN0hYYb1
20130104104234Ch_9,`dmm02lo13N2N2O1O001O001O0000000000000000O1O1O0010O0101N1N3N2NdoS13YPlN101O1N101O001N101O001O000O2O00000000O101O0000001O00010O00001O00001O001O00000000001O0000001O0000001N10001O000O100OboU30_PjL001O000000OdoW13YPhN101N2O1O1O3M2N0010O01O010O0100O010O000001O0000000000000000O10O1O010O1O01O001O1O1N2O2N101N1N3Nnno00QQPO5M1N1000000000000000O1O2M3MRoe1OQQZN2M3K4M3O0O1O101O0O1000000O10001O00000O101O1O2N100O001O001O1O001O1O100O0000000001O0O100O2O0O101O00001O00001O000000001O0001O0001O0001O0000000000001O0000000001O0000001O0000001O0O101O1O001O1O1O0O101O001O1N101O1N101O1N101N1O\^TY2
20130104104234Ch_10,n_gk12no10^PN2Qo1OnPN2Ro1NmPN4Ro1LmPN6Ro1JmPN8Ro1HmPN9kn1FTQNd0kn19O1O106I1000000O10O10000O2O2M3N6J001O001O01O001O0O1000O2O1O3M0O1O10000000O1N3N10000000000O2OO100O1M301N1O2O1O1O1O001O000000000001O000000000O0N3O0NN41O10000O1000000O10O01000000001N2N2N101O0000001N2G`PNOf_dm1
20130104104234Ch_11,k`Ya11oo10O101O0SQ>OnmAORRN1nn1001O000000O001ORPT20ookM00000R^nZ2
20130110085614Th_1,Zjjm02lo14L3M3[NGdRN417Xm1HbRN<MO`m1F_RN\1`m1eN\RN`1am1c0M3M2N1O1OXNjRNLN0Rm11ZSNIL3fl12dSNFI9al10dTN1Zk1NhTN2Wk1NjTN3Vk1KlTN5Tk1JmTN6Tk1GoTN9Qk1ESUN9kj1GWUN8ij1GXUN9hj1FZUN8fj1H\UN7dj1H]UN8bj1H_UN8aj1G`UN8`j1HbUN7^j1HdUN7[j1IfUN7Yj1IiUN>oi1@SVN`0mi1]OVVNc0el1O0001O000000000000000O0100O10O10O01oL^ObVNc0Zi1BdVN?Yi1DgVN;Xi1FhVN;Wi1DjVN<Ui1ElVN;Ri1EQVNFmNd0Qk1FSVNGlNc0oj1GTVNHlNa0Pk1EVVNJkNa0nj1EWVNJlN`0mj1DZVNJjNb0lj1C^WN<bh1BaWNMiL8gk1HjWN8ok10001O101N00010O0001O000O1000000000O3JSl_1ORT`N1N0aSN5Yl13N1O00001O1O1O1O1O1O5L1OO1M3O100OXQNAQn1>nQNDRn1;nQNFRn19nQNGSn19mQNGSn19mQNGSn19mQNGSn18kQNKUn15kQNKUn15kQNKUn14lQNLSn13oQNMQn12PRNNom12RRNMom12RRNMnm13TRNLlm14TRNKmm15o0O2N2NiL0aVNNai11W31O0000010O00010O01NcWmg2
20130110085614Th_2,[`jT24k02lm15mQNOZ1K`j1Z1cUNcN\i10VUNi1il1]NRSNf1jl1^NTSNe1gl1_NXSNd1dl1]N\SNe1al1\N`SNe1]l1]NmSN:DM2YOdk1c0hTNAA2:l0Wk1DcUNXO^OP1lj1KfVN2Vi12nVNKoh17SWNJhh18YWNHeh19\WNGch1GmTNIa2`0ah1GPUNG`2b0_h1FSUNIm22iNFRg1>[WNJj22gNFSg1:bWNLh23aNGUg17eWNNj22kMFXh17WWN0h23eMJZh12ZWN1i2:ZMDeh1LZWN6h2;ng1DTWNNUN=fj1EUWNOUN<ej1FVWNJXNa0aj1EWXN<ig1CWXN=Zf1GUWNL`2>Zf1FXWNJ^2a0Zf1DYWNK[2c0\f1AZWNK[2c0\f1_OT[Na0Wj1NZN^OPTNa0nk1GgRNGj0a0]l1JfRNIl0=]l1KeRNJn0;\l1KfRNIP1<Yl1KSTN6lk1JUTN6Sl1AnSN>jm102O0O100O1O1O1O1N[JJR[NO[K7di1IS[NM[K9Xo101O1OeQNIol16^1000000000O2N10O011O2MYLLdWN0]h13g30003Me_]f1
20130110085614Th_3,hdnQ31gn3<kPN6K1N3N1N3L4N2M3N5J1J7G`NnQNb1Qn18OjNPRN=om1ASRNE39hm11WRNC5=bm1OZRNC5?`m1M]RNC3a0_m1KQSN5ol1JRSN6ml1KSSN5ml1DcSN4\l1KhSN4Vl1LkSN4Tl1LnSN3Ql1MQTN1nk10VTNKkk15WTNIik17P20000000000001O1O010O0001O000000dQNJnl16RSNJnl15SSNKml15TSNIml17^10001O100O010O01O01O010O00001O10O00001O001O0001O1000O4M000O10O02N2O1N10O1O1O010O100O1L4M4LPoe00iRXO0bl10^SN1al12[SN0dl14XSNMgl14XSNMgl13YSNNgl11YSN0hl1NYSN3gl1J[SN5Xn110O1O10O0100O01O1O00010O000000O2Ke[ee0
20130110085614Th_4,ffRa24no1NXm9OkRL2loI100O1]QNOQ1Nhi14UUN0S1Lhi14TUN07L_OOVk16TUNN6Ndk14UTNN7Nek14STNN8Oek12TTNN71ek11TTNK94dk11aUNO`j11`UNMaj14oUNJci1?SVNAni1`0k20\QNBfm1:WRNGjm19URNI>MQl1;`SNJ:NVl17`SNM9MUl17aSNM9KWl1:_SNK<HVl1>^SNGnm18oQNFRn1=g02nRN]Ocj1e0ZUN]Oej1d0ZUN\Ohj1d0VUN\OSk1<lTNDVk1<jTNA_i11SVN?Ql1AoSNa0gm11O0001O1O2N1O1O1O001O0001]RND`k1<R202OPSNG[j16dUNHmi11oSN7en1KZQN5en1LZQN5en1K]QN4Xo110002M102N3M1N20N2O21hL^OXUN1O?Yl1EgSN:Yl1EhSN;Wl1EkSN;Tl1CnSN>jm12YM@iUNb0Tj1^OnUNc0ni1^OVVN?ei1E^VN:ci1D`VN;]i1EjVN4oh1GRTN4S33Qi1MQWN2nh1MTWN2lh1MWWN2Vh1L_XN4_g1MbXN2_g1MbUN0h11ni10Q33CLjPN2m3Olf14UUNMUo13kPNNSo13mPNJUo18jPNHVo1880X4JoK1N11O1Njj;OXUD1WU20hjM3NL\WYW1
20130110085614Th_5,a\_d24lo11N3N1N2O2N1N2O1N2O1O2N1O2O002M2TQNVO^n1l0^QNZO^n1V1OO1cNeQNS1[n1mNiQNo0Wn1QOjQNn0Vn1ROkQNn0mm1SOjQNO9n0jm1]OVRNc0hm1^OYRNa0gm1_OZRN`0gm1_OZRNa0fm1^OZRNb0fm1^O[RNa0em1_O]RN?dm1@_RN>`m1BbRN<^m1CeRN;[m1BiRN>Wm1]OnRNb0[n1NO000000000OJ7N2JdbdX1
20130110085614Th_6,^cVR31no30RQ40ToI0K0QP20Tn10]RL0go10kN0TS80cmE0YPN2ho1NVPN3ko10Rn?MRRB0ooM0000000oo30UPl00noWO0goG07000ZP40QP80go50en52WQXOOTPNOko11UPNOko11XPN0eo1O60ZPN0fo10lQj00_YWe0
20130110085614Th_7,TPgc13ko13XLKbVN1YN5jm1KURN7hn120O01001O1O000001O0O1O1O2N1O1O1O001O001O00O0O3O00000O1M3O10O000O2N110O1RMCUTNOZ1a0aj1BSVN?oi1BfUNf0\j1]O_SNKg1j0lj1CQUN>ZOTOSOOWk1>]VN>WOA[j10_VN=WODYj1OaVN:XOFXj10aVN8^N]O;O@2Yk1:_VN6]NAUl1NhSN1f1?\NBQl14nSNJf1?[NBQl16nSNKd1=]NBQl10VTN1D0\1=hNBTl1NVTN=m0?dk1A[TN=ik1BSTNa0nk1^OmSNg0Tl1XOjSNi0Yl1ROhSNk0Qm1SOWRNQ1jm1a04_OlQNQOa1Jlj1R1gSNQOZ11oj1m0aUNPOdj1m0Y2N2K6GfRoW2
20130110085614Th_8,PRiV11oo11O1O2N0O2O000001O00000001O000O2M4N00000mPNDbn1<]QNEfn18ZQNIen17[QNIen17[QNGhn18`010O1O2O0O001O001O1O1NYPl05coSO1O0O2N1001O0010O012M10O0O100N2000000000001O01\PNI]o17cPNK\o14dPNM[o1<10O00010O01N101O0O100O2O0000000O10SOIQRN7nm1KQRN5om1LQRN3om1MbQNL38Zn1LbQNM47Zn1MbQNL46Zn12^QNG<5Un15RRNJom15QRNKom14RRNLRn10nQN0Tn1MnQN2Po101O001O1O000000mo10SPN000nlha2
20130110085614Th_9,UhlV11mo16K2O16JO1O0QP2LWPL0mo70koI040UPN0fo10ZPN0go10ePN0nn10fPN0go10WPN18OWo13iPNMXo12hPNNYo11gPNOYo11gPNOYo11gPNOYo11;0M3ELjPN4Vo1LjPN6To1KkPN6To1JlPN6To1JlPN7Ro1JnPN6Ro1JnPN6Ro1KmPN5So1KmPN5So1KmPN6Ro1JnPN6Ro1JnPN6Ro1JnPN6Ro1JnPN6So1ImPN8Ro1GoPN9\o1010O03M2OO01O00000N200000@NRQN2mn1OSQN1ln10SQN1mn1ORQN2nn1NRQN1on1OQQN1on1OQQN1on1OQQN1on1OQQN1on1NRQN1on1OQQN1on1NRQN2nn1NRQN2nn1MSQN3]o1000000000000000O101O000001O00CLnPN4Qo1MoPN3Qo1MoPN4Po1LPQN4Po1LQQN3on1MQQN4nn1LRQN5mn1KSQN5mn1JUQN5[o11O01O1O1O1O1O0OXWgb2
20130110085614Th_10,cZS`14io14M2O1O1N20N2O1ImPNNfn11ZQN1en1N]QN2bn1M_QN5^n1LcQN4[n1MeQN5Yn1KhQN4Xn1KkQN4Qo1NPo5NQQJ2O1O10O00100O0100O1O0000O10100000O1000N2000O1000O1000000000001O010O00010O01O10O010O010001N10000000O10O1000O01O10O0010O01O2O0O00WQNMfm13WRN0hm10XRN0im1OWRN0km1OefZZ2
20130110085614Th_11,fcYm15jo110000^PNMWo13gPNOZo1<O5K1O1O1N1O101O00000001O1O1O1O001N2O00001O001O000010O0001O00000O2O000O1O101N1O100O100000O10O0100O10O1O00100O100O10O100O1F:O1000O1O101N1O100O1M3O10001N10000O6KYoW1NhQfN0Qn12mQNOSn17gQNIYn18fQNHZn18fQNG[n19f00O10K50001M201N10000000ZPj00foUO0000000ZPN1[o10dPN1Zo10ePN1[o10dPN0\o10dPN0\o1:O10O1000GCnPN>Po1FnPN:Po1<O0010000O10000O100O1O1O10000000014K01O1O001N101O00001UOZQN;fn1A^QN>Ro110O01O0000000000001O0O1O1O1O1000000H]OSQNd0kn190000000O1O1J60000000001O2N0000[O^OlQNb0Tn1_OkQNa0Un1@jQN`0Vn1AhQN?Yn1AgQN?Yn1AoQN7Qn1JSRN1mm1OSRN1nm1NRRN2nm1NSRN0om1OQRN1om1NRRN2nm1NRRN2om1MQRN3on1O0001O01O1O0001O01O00001O0OQP<0boC0lPN0So11mPNORo13mPNMSo13lPNNSo13lPNNSo13mPNNRo13lPNNTo12kPN0So11mPN0Ro10mPN1So1OmPN1To1OkPN1Uo1>0O010O00001N2O001ORQN_O^n12WQN5;K]n10YQN4:M]n1MZQN68Ofn1OZQN2fn1M[QN4en1J[QN7en1H[QN:To11O100O2N1O1N200000000001O1O2N2N2N0O2H^PN0][R`1
20130110085614Th_12,ignQ31oo11N1[PNN\o12dPNN\o13cPNM]o1381O01O001O00^PN0To11kPNOVo11iPN2To1NmPN1To1NlPN2To1OkPN1Uo1OlPNMXo13gPNMYo14:O10O010O01O10O010O010O01NSP:0noE1O0O1O2O000000O10000O10001NkWgj0
20130110085614Th_13,WWUg22mo10002OjPN1To12\PNMYo14ePNMZo16dPNJ\o19311O0000FFoPN9Qo1GPQN=kn1CYQN:en1G[QN:dn1F]QN9cn1F^QN;So1EbPN4eo100001O00000000001O00000001O00000O1O2Ncok0OYPTO?F3M1O000O0OO4L6GdhnT1
20130110085614Th_14,[Z[`11ZP40Xo50\PH0PP40QPL1ko5ORPL0mo?0[P^O0J100000002N1M11K00ZPN0ko1000O0PPl00TP\O0UPH0jok00RPZO0noM0QPJ0ko12beXZ2
20130110085614Th_15,kYXV22lo13O0YOMVQN`0dn1a0GoN`QNR1`n18O1O0OCgQNVOXn1h0kQNXOSn1h0nQNXOQn1i0c0000O0O1O0O3N2O1O1000O1N2O1N2O100O1000N2O1O2O1ON3M5SOSQN40OYo1NkgWg1
20130206063154Uh_1,i]ab29go11O1O0000000O2M2M3O1O1O1O10O100O0O2M3M3O00100O01O1O010O0010O000010O1O1N2N2O1N1N2L40J6O101O000O10H6N4O0101N10gQNWO\m1h0eRNZOYm1f0gRN[OVm1f0lRNYOPm1l0P12O1oQNoNRm1R1mRNoNSm1Q1lRNPOTl13lSNm0OPOSl16XTN`0EXOQl1;\TN<Zl1IiSNCmN5Ym1:WTNBhk1a0j12N2M3N1O1O2M2N2O0000M2L420O0O2O1N101O0O2N100O1O100O2OXTN@Rh1`0mWNARh1?nWNBSh1=mWNCSh1<cWN@TM0[k1>aWNCPi19QUNJ`0Nfj10jTN4>MTl14lSNLUl13jSNNWl16cSNJel10ZSNOgl11d101OfdbV1
20130206063154Uh_2,dafn19fo15K5L3L5L4M1N0001N1O1O1N3N1O101O0000001O010O01O01O00010O001O000001O000O10001O001000O010O100O2N100O1O001O1O1O0010O010000001N103L4M1O0O10001O003N8G001O1`QNWOfm1f1M3M5K=D8F3M0001O1N4M3L3M2O2M>bM\RNd1Sn1M3M4Lh0XO2N1O2O0O2O1O0000O2O1N2N2N:G:E8I104N02L1N2O1O1N4M2M2O<C4L4M6I100O000O10O10O01YQNM`m13]RN13MWl12cSN4O3\l1HcSN7N6^l1CbSN9N8^l1_OaSN:0=\l1ZO`SN:4`0Yl1WO`SN:7b0Xl1UO\SN;=a0Vl11jSN1Ul1NmSN2Sl1LoSN4Pl1KRTN5nk1HWTN4kk1I\TN2ek1JkTNHWk15RUNCoj1<VUN]Onj1a0Y2O2O0N3M3M3M3N`Sj0JelUO3aS]f1
20130206063154Uh_3,gelV16ho14M2O1O1O1O10O01O0100O2N100O010O010O001O1O001O0010O0100O10O10O1000O1O010O1O010O00100O000000OO2000000O10100O0011O1N001O2N1OYOKdQN4[n1NdQN2\n1NdQN2[n1OfQN1Yn1OiQNOWn11kQNNTn12lQNOSn11mQN0Rn10nQN3nm1NRRN4lm1LURN4jm1LWRN3im1NXRNOim12XRNLhm14[RNHfm18Q100000001O1N3N001NVZec2
20130206063154Uh_4,bcTa12no11O2N0010O00QOMQRN4mm1NRRN2nm1NRRN3lm1NTRN2lm1NTRN2km1NVRN2jm1NVRN2km1LVRN3ln1000O01000O010O0010O0001O01O01O00001O000000O10O010iPNJen16[QNKen14c00010O0O2O101MU]i[2
20130206063154Uh_5,nhPo01no110O\PN1co13M2O1O2N3M2N1O2N101O2M4M00O2N2N2N3KlP`1E_o_N3O1O00010O2N2O1N2O1O005J1OO101N1000000000O1N2O1O2O1N2O1O1O0O2O00001O1O1O00TOWQNa0kn1ZOXQNf0Qo11O0000001O00]OPQN6Qo1HQQN8\o1O10O103L0000O100O1O10O010000O1O101N2O1N2NhTki2
20130206063154Uh_6,`aRQ11oo11N2O1N3N7I2O0O1O1O001O00000O1001O0000000000002O1N0101N2O1O04M2M2OO1O001O01N3N002N2O0N3N3KV]Ql2
20130206063154Uh_7,faZQ14hoY1MXPjN0]P80K0^Q`13VnUN1O1O100O000001O00001O001O\Pb00co]O3M3aPNGfn13ZQN7LK9Kom15kQN`05\O0Obm16YRN>5]OPn15kQN>5]OPn15kQN>5]OPn14mQN=5_Onm12oQN>3@`n1=bQNB`n1;f0L3K^QNN[n30iPL0Sk32bXLNig14Q41UTNKhg15R4OhPNMen13ZQNNo2NVh14jTNOin1NWQN3Zo11O001O01MYTNMhg10UX60QlM000ZPL0nj13bTN200O1O1lTNI`f15SVNNS2Mjg14TVN1P2Klg12VVN3a1KaM0Ul15ZVNKaM0Ul15gVNKXi16iVNJRi19aVNGmi19m20O02OZSNHfi16S3O1NZSNMbi10aVN0hl10RP60noI1OORok00oPTO1OO01VZec2
20130206063154Uh_8,T\Xe17go13M3N2L4N3M2O1O1gQNWOXm1k0cRN[O[m1e0cRN@Zm1KURN:>L`m1EURN`08Mmm1>gQNDXn1R11O001O1O2TOlQNHVn15lQNJUn14mQNJTn16mQNISn16nQNJRn15PRNJPn15m0N3M3N200O1OX12_oMOan11ZQN5en1KXQN8in1FXQN:Vo1110O0002OO001O1002N3NWOJgQN4Vn1NmQNOQn13n00O100000O2O2NZbUW2
20130206063154Uh_9,UfVh26jo1101N010O1O001O0000001O01000O10O1O010O1O1O1O]TNKfk13M2000000O10OgKJkXN4Vg1O^4010N0dPNO[o15N000000N3L`QT14^nkN2OOeP8K^oG4N00101\MOSUN2kj10UUN1hj13VUNMij14YUNIfj1:[UNBfj1`0[22O1O_OmPN6So1IoPN6Tn1OWRNJG5Rn11WRNJG6Qn10XRNJG6Qn10XRNJG6Qn10XRNLE5Qn1O[RN>em1C\RN<cm1E^RN:em1B]RN<hm1^O^RN=fn1K6H\XoQ1
20130206063154Uh_10,lXS^2;do11O102N1N100000N2O1O1000O10OeNDSSN=ll1DTSN:nl1FRSN9Zn101O1M2O2O2Nboa0N`P^O2WPNN54mn15QQNNln13TQNOkn1OWQN1hn1J]QN7cn1I\QN7Vn1JeQN056Un1McQNN84Un1;kQNDVn1=iQNCWn1>hQNAXn1`0iQN^OXn1b0c001O0O1N2O1O2N1N2N2O1O10O10000O101N100000000O1000O101OPRND]l1;e1N5J]hR]1
20130206063154Uh_11,ieXe25ho14L40O010001OO010O000O100O10000000001O002O7H_RN0Rk10lTN2bm1O1OZm?1dR@5K20O1O0101000O0O010O01OJ^PNOao11`PNO`o118OYPN0_o10UP:3PPF03MgT`00jf_O0lXN0fK0]k16eXNJag14V40`TNLTg14lXNLTg14\40L41HYPN6ko1NWTNM`g1OaTN4do1M\PN1eo1Nkom25UPRM100000O2NaQ8MenE1TXQR1
20130206063154Uh_12,j`Um24ko12M3GHfPN:Zo1602N00100O2O1OO10O1O001O0O11O00001O001O1O1O0006J1O00000011M2O1O1N8H1000004L00VOIkQN7Tn1JlQN6Sn1KmQN5Sn1KmQN5Tn1JlQN6Tn1JkQN7Un1GnQN8mn1O^OJ\QN5cn1N\QN1en13WQNLjn14VQNLjn14VQNLln12RQN0on1OmPN5So1KlPN6To1JlPN;on1<6I000O101O1O001N1CfPN4\o1JdPN2ho1Mi^Zn0
20130206063154Uh_13,b^[T14ko12N2O2N001O0O100UOFPRN:Pn1FoQN;Qn1EoQN:Rn1FmQN;kn1001N0101N101J60O00100O1O10000O1000000000O001000000000O3N00000000O1000O10000O10000O100O1000000001O0O101N100O10000O10O010OO20O00010O01O10M2100N2K_bZf2
20130208063134Lh_1,dZeP31mo13N2N2N2O1N1O1O010O00O01N200O1000O01O0\NCgSN=[l1DcSN<]l1EcSN:`l1E^SN;dl1D\SN<Tn1O1O001O0000M210001000O0100O1N200O0100O1O1O1O101N10000001O1O1CdPN2ina03iP@2N2N1O1O2M2O1O1O001N2O10O10OJ7O1O000000010O0100O010O00O1N2N200001O100O10O10O100000O1O001O100O1O1O2O1NYS:NflE5M2N2dLGQWN9oh1FQWN;Zl1O1O100O1N3N2MYenf0
20130208063134Lh_2,hZ[e12Z3OXi12gVN0Wi11iVN0Vi10iVN1Wi1OhVN2Yi1LhVN5`l1100O1O1O101N10001N1O0100000O1000000000000001O0000]NDbSN;^l1GaSN9^l1I`SN8_l1IaSN7mNDUm15nSN7lNEVm13PTN7jNGUm12QTN7jNGUm12QTN7jNGUm11RTN8iNHTm10STN8iNHTm10STN8iNHUm1ORTN9iNHUm1ORTN9iNHUm1ORTN8kNIRm1OSTN8kNIRm1OTTN7jNJRm1NUTN8jNHRm1OUTN9iNHhn18YQNFhn1:?O101O00000001O0000000cKFTYN:kf1HTYN8kf1JTYN6lf1KWVNK^1:[h1KZUNK;2o18\h1LYUNJ<2n19]h1KYUNJ<2n18[h1OYUNJ=On19ah1JSUNN=0o18bh1IRUNO=0n19dh1GQUNO?Om1;dh1EQUNO`01j1<jl1100O100O1gPN@Ro1?oPNCnn1>QQNCon1=RQNAon1?QQNAnn1`09O01O10O0100O100O10O10O1000O10O1000O1N2M3O100O010000O100O100000O010O10O01N11N1O101O0O10010O0100O10O100O1F:N2MHYQN\Ofn1d0]QNZOan1g0;O1010UMZO]VNe0bi1_O\VNa0di1AYVN`0gi1AYVN>hi1BXVN<ji1EUVN9mi1GSVN8ni1IQVN4Rj1MmUNOWj11iUNL[j14eUNI]j19d23N1N3UQNNcm13XRN3em1Z1K1OO4L2N3M3L3N2M3AeQNTO^n1g0b0C^flo1
20130208063134Lh_3,c`Zd11oo11N1N20001N10000O100O1O1O1O10001N1000000001O000100O2N10O010O01O00001O010O00010O01O0O2O001O000010O01O01O010O10003L2O2N0O2O00O02O0000000O10000001N2O1N1O101N100O10000O20010N1O00100O0O100O101O0O100O1O2N1M`Qb23^n]M3M2O10O010O010O1O01VNGlSN9Rl1HoSN8lm1101N3N0O100O1000O1001O0`MB]UN>aj1D_UNc0Xj1^OjUNd0Rj1\OPVNe0mi1[OUVNd0ji1]OWVNb0hi1^O[VN`0di1@^VN?ai1B`VN=_i1D`VN=_i1D`VN=_i1E`VN<^i1FaVN:_i10_VNH`i19`VNG_i19bVNG^i18bVNH^i18cVNH\i17fVNIYi17gVNJXi15jVNKUi1CWTN7f26Ri1BYTN6g2:nh1@\TN4h2<kh1@^TN2i2>hh1@_TN0k2a0eh1_OgWNb0Xh1^OiWNa0Wh1_OiWNb0Vh1^OQUN0n1b0Qi1^OQUN1n1`0Qi1AnTN0Q2`0Pi1AnTNOR2`0Pi1AnTNOS2?oh1BnTNOS2?oh1AoTNOT2?mh1BoTNNU2?nh1AoTNNe10SN`0Yk1BZWN2\M:[k1DXWN4\M7^k1CVWN8\M3`n1O`QNOan12_QNMan14_QNK`n17_QNIan18_QNGan19`QNG_k1KRWN>_MG^k1MRWN;bMHZk1OSWN6gMKUk10SWN3jMMSk10SWN1mMOkj13YWNNlM0ij13[WNLnM0gj13[WNMoM1fj10\WNNoM3fj1K]WN2mM4im1JXRN6hm1JYRN6fm1I[RN7em1H\RN8dm1G]RN9fn10O01O00001O010O010O10O01O1O001O1O1O1OSP:OnoE2M2O100O0010O1O001N2Ocmc00]R\O0o[[j1
20130208063134Lh_4,dhRo02mo12N1O100O2O000010O00001O010O1O0001O01O01O100O1O10O10O10O0100O010O1O00100O0010O01O00001O2N2N104K1O9G2O04LO1O1O0000O100]OVQNOkn10^QNGcn19b0O100HTWkl2
20130208063134Lh_5,lbfh28go11O2N1O1O2N1O101O1aXNDX_1=f`NEY_1<e`NFY_1<e`ND\_1<e`NB[_1?f`N_O[_1b0R8O0001O0001O1O00dSNZO_i1e0aVN\O_i1c0\VNBdi1>P300O1O2O001N100O0100O03M3M3IlQf06PnYO3M4M3M3O000RQNAYn1`0dQNC^n1;`QNGan1l000O1001O2N1O^QNTOPn1^1000O10O11O00100O10O001O1O01O0103M3M1N0O0100OXNVN]UNf1bl1M2NTTN_N[i1_1bVNhN\i1V1cVNmN`i1o0^VNSOmMJWk1P1kVN0mh10RWN4kh1LTWN6jh1KTWN8lh1FSWN=mh1BQWN`0Pi1_OnVNc0Ti1\OjVNf0Wi1ZOdVNi0\i1ZOnUNoNUO:0h0nj1OfUNK_O6kj10`UNKK3fj16VUNG74ej1a1]UN_Nnj1o0YUNQOij1k0YUNTOjj1h0WUNXOlj1e0TUN[Ooj1a0RUN@Qk1:SUNESk12PUNNXk1GmTN7Xk1CjTN<`k1XOdTNg0_k1SOdTNm0Xm1010N10000O11O002M7Je0\O2M0O2NmPT10]Q_l0
20130208063134Lh_6,`akk07go14N1N2N1F;N2N3UQNTO^n1m0_QNVO`n1U101O1O1O00O1O1O0K6O1N00O2G900O00O1L4101O1O1O1OCeQNWOSn1n0QRNQOnm1n0URNROim1o0WRNQOim1n0XRNROgm1m0\RNRObm1m0aRNSO^m1k0fRNTOXm1l0kRNPOXm1o0l0HVQN[Okn1d080000O1O1O2O1L4N2O1O001N2O1O4Kd`^P3
20130208063134Lh_7,liVi11oo11N101O000001O001N]o90dPF00000000000[P`01^o_O7O1O0010O0001O01O01O01O01O1O9H6I1O001O001O1O1O1O001O0O2O001O01O0000001O000UO`QN6an1I_QN6bn1I_QN7bn1G_QN9Uo1O000000001O0000001O0000000000000000000O100000000001O000O101O0O2O0O2O0O1000001O00000010O02N100O04L2N1O0000000O01O001O000N300000O01001N1000001N10001O00001N2O001O0O101O1N101MbUml1
20130208063134Lh_8,T^eT32io16N2N2O0O0100O1O1O10PNJVTN5kk1LSTN5mk1KSTN5mk1KSTN4ok1JSTN1Pm33YQLOXo1?M10000O1E;O0001O0O2M3N2N2G8O11N2O1N2N3M3M2N2N3M2O1O000M200O0O201O01O101N2M202N2E0[OYQNd0Ro1OE]O[QN=Wo1L3N2O2O00O1JJcPN6^o1K_PN6co121O2M3MXeff0
20130208063134Lh_9,_`nc14ko12N2O0001O0NXPNLho142O1NYPNOco11]PNOco116OYPN0_o11aPNO_o11aPNO^o11cPNO]o11cPNO\o11ePNOZo11gPNOWo12jPNNVo11kPNOUo11kPNOUo11=O10QP60ooI0^PN0co11@OnPN1Qo1OQQN0`o10^O0RQN0on30QQL0nn10a00bPN0ln10TQN0ln10U10kN0b00cPN0jn10VQN1in10WQNOjn10VQN0jn11UQN0kn1OTQN1nn1OQQN1on1OQQN1Po1OoPN1`o1O10co30_P40^PF2on1NTQN0_o11YOO\QN0cn10]QN0bn10`QN0_n10aQN0_n10`QN1_n1Oj00000000iPN0\n10eQN0cm11YRNO40am12\RNN30`m13]RNM30_m13`RNMO0bm11d2OG0hn10UQL0kn10c00aPN0mn10b0000`PN0on11QQN0mn11TQNNmn12QQNOQo1OnPN1Ro1OnPN1Ro10nPNORo12?O]PNOWo10=0[PN0Yo10gPN0Yo11;0ZPNOgm10dSN1el11[SNNdN0hm11eSNObN0im12eSNO`N0jm12fSNN]N2mm11eSN3[l1NeSN1[l1OgSNL[l16g10001O2M^_kT2
20130208063134Lh_10,^ciW23mo10O2N1O1M4O00000O1N2000001O00000001N1000001O1O1O6I1000000000O1O10000O10000O101O000O10000O2N100O2O000000001O001000O001O2N0010O001O010O1O1O1O20OO10O010O001O001O00001O000O2O00001O0000001O01O1O000M300O10O10O1O10O1000000O100O100O1000000O2O0O100O2N1O101N3MZ\Z`1
20130208063134Lh_11,bcfl13mo11N2O100O102N3MHaPNN_o10dPNO\o1OfPN1Yo1OhPN1Xo1OgPN1Yo1OhPN1Xo1OgPN1Yo1OhPN0Yo10fPN0[o10dPN0\o10ePN0[o10;0PP2000_PL0Po10QQN0on10QQN0nn10SQN0mn10a01aPNOnn11RQNOon10a0000aPN2kn1N\QN3\n1NfQN0Yn11hQNNUo1000WO1`QNO:1Rm12cRNM:2Sm12bRNL:2Um11bRNM82Wm10bRNN72Rn1NlQN2Un1NjQN3Vn1MjQN1So10Vo1OlPN0_O0QQN0`o10^O0SQN0mn10SQN0`o10O0\O0WQN0]o10[o10YQL0fn10[10eN0ZQN0fn10e00fPN0dn11[QNOfn10ZQN0fn11YQN0gn1OXQN1jn1OUQN1Yn1O[QN15050[n1O]QN120Qo1OoPN002on1NSQN0M32Mbn10`QN2MN00bn11bQN4IK20cn10dQN40L\n10eQN3GM00dn10eQN3HMjn10^QN30MZn10eQN1MOK0bn10cQN050_n10ZQN18OE0an10`QN1<0CO_n11XRN0Pn10PRN1YON^n10ZRN2YON[n11cQNOb02ANYn11]RN1[ONWn12]RN0\ONWn12]RN1mm1OTRN0lm10WQNNk01]OOVn12aQNOm0O\O0Un16_RNKkm14VRNLjm13XRNMgm12oQNNB0_n11PRNOBOO0Vn10ZRN1A0NOQo12PQNOYo12gPNNOOPo14QQNLWo17hPNI00nn17RQNJVo16jPNJVo17iPNJ0Non18PQNK0MPo1b0PQN^ORo1a0mPN_OSo1b0lPN^OTo1c0kPN]OVo1c0iPN]OXo1e01O2O00=B1MVPNOjo10XPNO_Yik1
20130208063134Lh_12,Pkn]34mo100OZn92VTD0kj13SUNNmj13QUNMTk11jTNMYk13Z201Oonk0MSQTO2gRNO`j11_UNOaj12g21jRN4Uj1KkUN7Tj1HlUN9nl100O3M4L3KXP64eoI3N1O100O001O000VNHlSN8Tl1JjSN6Vl1JjSN6Wl1IiSN8om10ZMFfUN:Yj1HfUN8Zj1IeUN7[j1IeUN6]j1JbUN5aj1KTUN>oj1FjTN9Wk1JcSNF8`0Vl1K]SNI<;Xl1NYSNI>8Zl1OWSNJ?Ojl10dRN3c0Lkl1ObRN4d0Mkl1NaRN5d0M^m11dRNN]m10dRN0fn1O2OPTY=
20130208063134Lh_13,aPoo15jo12N2O2N1O1O7I1O1O2O0O1O10O01O01O001O1N102N1N1O2O2DcPN1^o1NbPN2go1O0O2OTPT2OmokM1N3N0O2O1N2O001O000000000000O2O1NWPj1JPPVN001O1O6J010O001O00001O001O0103M01N010O01000O01O1O00001O00000000001N1000000O101MUn`f1
20130208063134Lh_14,\aQl01mo11bPNObo3010ln70QQF000oo10PPN1OOVQN0em10]RN0]n91[PHOen10\QN000N2UQNNkn1010kn10VQN0PQ20onM0ho10YPN000eo90ZPF0Pnc06iQ\O4O1N2O00000O100O010O01O3M5InmU2NTRjM5M1N3N2N100O100O010O010O0010O0010lPNCdn1=\QNEan1=^QND^n1`0cQN^OZn1f0>2CWOaQNj0_n1XO^QNj0bn1:0O2NTRNnNml1P1RSNSOSm1f0mRN[OSm1e0mRN[OSm1d0mRN]OTm1b0lRN^OTm1b0lRN^OTm1a0mRN_OTm1`0lRN@Tm1`0lRN@Tm1`0lRNATm1=mRNCSm1=nRNBRm1=oRNCRm1;PSNCZl1MYSN<`0EWl11ZSN0Xn10m0O0O2NlQ86mmG3N1O1O010O10O1O2N1O3M[dTi2
20130208063134Lh_15,]abX21;1Vo1=1O1O100O1O3M1O00QRNJTl16kSNMSl13mSNMSl12nSNNQl11QTNOok10QTN1ok1OQTN1ok1OQTN1ok1OQTN1ok1OQTN1lk12TTNNik16VTNJjk17UTNIlk15TTNLmk11TTN0lk10RTN2nk1NRTN2nk1NQTN3ok1MPTN4ok1NoSN2Rl1NmSN3Rl1NnSN2Rl1NmSN2Tl1MmSN3Sl1JnSN8Rl1DRTN;im110OO2O0001O1N1O2M7Jk\cd1
20130213063454Uh_1,dZYT22mo15L1N100O10000O1000000N2O1O100O100O1O00100O001O100O010O01O100O01O01O001000000O01L4O1N2N200O0100O001O0N2010O1N110O0N3N101M2N3O0010O0010O00010O0100N1O20O01O100O1O2N1O2M2N200O100OO1O11N2O10O0010O1O1AfPN7go1IPg^e1
20130213063454Uh_2,Q^\^11no12O101N5K001O7I2L4M100O20O001O2N1002M2O00O000010O5L0TQNTObn1V10O1O2O0O1O10O00O2O00001O001O3L2O1O1O002N001O1O001O00101O000O1O1K401O3M3Mf`c]2
20130213063454Uh_3,Tghi02mo12L3N2N2O1O1O10O100O1000O1O1000O1O011N1O2K6MWYiT3
20130310063154Uh_1,k[Ud11no13N0O101O0O10000O10000O2O2N2N1N2O1O01O01O0000001O10O01O1O100O1O1O2N1O1O2O4K1OROXQNd0hn1\OXQNe0gn1[OYQNf0fn1ZOZQNg0en1XO\QNi0dn1VO\QNk0cn1TO^QNl0jn12O0O101OROWQNf0hn1ZOXQNg0gn1XO[QNh0dn1XO]QNh0cn1VO_QNi0ln11004LO010O104LO1O100O10O10O010[OQQN7on1IRQN6on1HSQN8mn1FVQN8Zo1O100O1O1000O4MO001O1O001O010O00010O01O000001O0001O0000000O10001O0O10000O10000O100000000O1000010O00000000000000000000O01000000O10000N3N1O1N2O101N10000000000000O1000O1O101N2N10000O1000000O1000O1O1J6O100OD_O[QNa0dn1A[QN>en1DYQN=fn1DYQN=fn1?O10K5OWQNRObn1n0^QNRObn1m0_QNTO`n1k0aQNUO_n1e0gQNZOZn1e0gQN[OYn16bQNL6MYn15dQNLon11lclo1
20130310063154Uh_2,cjVm21no14L2O2O8IO2N1N00QLGXXN8gg1KWXN4jg13PXNKQh17SXNCmg1>j32M1O1010O01000101O01O23J7I2N2N3N302K04L2N1O4L1N4M1NXRN[O[l1?cSNBdl17[SNJfl16YSNJil18SSNHml19RSNFol1=nRNATm1?kRN@Xm1?hRN@Ym1`0T1O1N2L9G_P62boI1O100O0101Ngn;OZQD2N20O0O]QNLZm14gRNLYm14Y11O100O00012M2O0O10EaPN4fo1N101NXQb04en]O:G4L00O003L8HQUUl0
20130310063154Uh_3,`cVV1?ao12N2N2VL\O^UN3b1b0kh1^OaUN5b1=kh1_OaUN7e18ih1AbUN7g16ih1A`UN7l16ai1KfVNOZi11iVNLYi12jVNHZi16Z3Nhna0MZQ^O3O10N1NmRd03Qj[OORVN2ki12UVNMki14o2100000000O2N100O10000O10000001O2N1N2N1O2O1NSQZ11cneN;N1O1O1O101O0001O000O101OaUN_O_e1a0^ZNCae1=^ZNFae19_ZNK]e15cZNK^e14bZNL^e14aXNAUO;\h14\XNFUO6`h14YXNITO3eh15TXNIVO3hh15nWNIZO2jh17hWNG^O1mh19bWNGANoh1=SVNA84g0G\h1NdVNk0^OJh0Hoj1FkTNe15fNPk1DmTNe11WObk1P1TTNSOlk1n0PTNUOPl1l0jSNXO>TOfj1T3XUNPMhj1n2mTNeLM>Wk1l2jTN`MXk1k2fTNhLkk1j1UTNgM0a01Lnk1U1YTNbN29KCYl1[1oSNgNO1ll1m0[SNQOJ0Pm14dRN3j0Gg[ma2
20130310063154Uh_4,gSYS11no12N100O2N100O1O10O2O1N10000000O010O1O10O1000000O010000O1O10O0100O100O2N1O2M200O4M1O001O05K000001O00000O010O10O1O1J7N3N1M3Ndljh2
20130310063154Uh_5,ifhm2130go10\PN0bo107000aPN0nn1088mPNH`n17aQNI`n16j0L1N100010QQ40Xn31PRFO_m10X10[QN0Ym13gR2Mkm10kPL050RP20TPL0Wo10m00B0M001OO00gN0aRN0`m10]RN1em1ObR40cnK010VPN0eUWo0
20130315063154Uh_1,k`ja12mo13M2N2O1N1N2O2O0000O1O1O1000001O01O1O01O[QNFdm1:[RNGem19[RNGem19ZRNGgm19YRNFhm1:XRNEim1;WRNEim1<m0103M0O1003ON000AA\QN>dn1C[QN>dn1B\QN>dn1A^QN>Ro11O01O012N0O10O10O01O01O00005K1OHJiPN3Vo1NnPN4kn1MUQN4in1MWQN4fn1NZQN2dn11[QN0cn11]QNOcn11]QN0bn10^QN0bn10_QNNan12aQNM_n13bQNK`n14bQNGbn17e0KS_gY2
20130315063154Uh_2,acPm23lo14\KOSYN3jf1OUYN3hf1NXYN3gf1MZYN3ef1NZYN3ef1M\YN2df1O[YN2df1O[YN1ef1O[YN2df1O\YN0df11[YNNff12d4100O10O0100O1O10O10O00100O01O00010O001O001O]SNCci1>[VNFci19^VNHai17`VNI_i18aVNH_i17cVNH\i18V3100O001O00100O010000O01O001O1N2N3N2N102M2N2O001O1N2O001O0000O100O1O0010O0010O010O001O1O010O106J1N1001O6I2O1O0010O1O1O000O011O000O110O01000000000100O000O100O1O100gQNQO_m1S1YRNQOgm1c1101N1O1O1O2N1O<D3N1O015J5L1N2M3N1N4K6JZ\oi0
20130315063154Uh_3,egTf17io15K4M1O1O001O00O11O2O1N1O2O000O21NO11N4M1N10001O2M2N1O0000\NEbSN<\l1EdSN;Qn100N3N1O1O1O2NaPN0Po1NoPN4]o11O2N2O100000O0100O2N010O2N1O1O1O1O002N100O0010O10000O11000O001O1O3M2M1O2N2M3MoTmT2
20130315063154Uh_4,V_Zm21PP40XU:1djC4N1N3M101O1N2N1N3O1N1001N2N6H5JZk7NnT20QPN0ooK0_O0_PL0000000]Qn00`mUO0TQN0PP20PPN0S10lnM0Wo50eQJ0UO0`o?0`P@000`Qd00bn[O000Ro50nQH0So50PPL0fn30fQ60aoE0U10kn10SQf03PmWOO]SN5bl1I\SN:Rn14M2O2O00000001O100O101O010O5K001N100O1O100O1O2M_Zog0
20130315063154Uh_5,bkZl11no12O1O1O1O0ZOKaQN6^n1KaQN5Vo110N1O[OM^QN2bn12d0101N0100O1000O010000O1000000O1O100OSP:0loE101O001O1N101O001O000O2O0O2N2O001O00100O1O000000O0100000O01O10I230100CAYQN`0fn1DVQN>in1=O1O1O1A?I7N1O1O2OO1O100O1M4M3M2O1N1O2O010O0O2IbQNlN_n1Q19O10001FXQNZOjn1b0<K6L4M2LSWml1
20130315063154Uh_6,^Yhk12mo11001NbP\12]ocN1N11OYQf0OfnYO4M2M3M3L5M2N1O2N2O1O1N101N2O0O2O1O001N2O100O1O010O01O001O001O000O1000O1O1O1O10000O2O00001O1O001O01O010O00001O001O001O1O3M2N10O01O01O01O000000001O01O10O01O100O1000O010001O000000O0100O1O10001O5L1O0TRNcNRm1^1jRNhNSm1X1jRNmNTm1T1iRNnNWm1R1fRNQOYm1k11O00001N101N101N2N2N4K5G8L3N1O2O0O2O001O001N101O1O1O1O1O2O1N2O000000O1O1^QNQOQn1Q1kQNROTn1_1N1O2N2N1O3M1O2N7I01N3L5L4M2M5L7H4M2M3N1N2N2N2N3L3N2N2N2O2M4L_P<HioC2O1O1O01O01O000cQNNll13RSN2jl1OSSN5jl1MTSN5jl1MTSN5kl1LSSN6jl1OnRN7Pm1M`RN\OLm0bm1[1M3N2M2O1O1O000000O100O2M2O2N2M2O2O1N2N3M2O2N1O1O2N11N104L0O1000000000O001O1O001]NPRNS1Sn1jNoQNS1an1M3M4MbQNUOjm1i0WRNXOZ10^j1f0YTNZOU14dj1?WTN^OQ17jj18VTN@j0?Rk1NUTNBg0c0Uk1IVTNAe0g0Xk1F`UN:bj1E\UN<ej1DZUN<gj1EWUN;ij1FVUN:kj1GSUN9nj1HoTN9Qk1HnTN8Sk1HlTN8Uk1HiTN9Wk1HhTN8Zk1FfTN:[k1FdTN:]k1EcTN;^k1EaTN:ak1G]TN9dk1G[TN9ek1HZTN8gk1HXTN8ik1GXTN7nk1DRTN;Ql1CPTN;Rl1DnSN8Wl1FkSN7Xl1GjSN6Sn1L4Ko\e`1
20130315063154Uh_7,o\SU36ho14M2N2N100PQNFZn1:`QNN^n13^QN0bn10]QN3an1g0N1N3O2N2NO0J61G9O10O2N2N]RNeNcl1b0gRNLe0Edl1MYSN<4Ham15_RNLem1N\RN3em1J]RN5cm1J^RN5gn101N2NUanh0
20130315063154Uh_8,jaTi11co1<O1O1O100001O1O0O2M3N3Kngc00SX\O4M3L3O0O2N100O100000O2O000000001O000J`PNKbo13_PNMao13_PNMbo13\PNNdo171O1N2O1N3MlQl1OTnSN0VPN1eo1O_PN0^o11dPNOZo10iPN0So11PQNOmn10a011OiPN0_n10cQN0[n30kPN0n00SN0oQN0om30SRL0Po50ooK00000hn50XQL00000ooM0000000O00000PP20QPN0[Q40Zm50\QH0ooM0QP200000PPN0021NSQN0gm10UQ20PP20SQ40jmK0VRJ0mn10ln50TQJ0UQN0kn1000kn30UQL000VQN0cm30VQN0QP20PPN0ZQN2Ym1NlRN0Qm11PSN0ol1OQSN1SOO@1To1OYQN0I0ln11k0OZPN0hm10`SN1dNOom30WT20XkM0]R20QPN1lQLOUl10bSN3cl1Mh10]Q40an30QPH00000000000QP20PPN0Ro30\RN0dnK0go11\PNOlo10O010Vn10cSL0Zl10k10oQN0WN3bm1MYTN8fk1HaTN1_k1OaTN1`k1O^TN1dk10XTN1lk1OPTN1Tl1OiSNO\l10aSN0cl11X3OTM0bRN0`m10]RN0fm10XRN0kn10000000WO0bQN1`n1O^QN1dn1OZQN1hn1OVQN1ln1OSQN1nn10oPN1Ro11jPN0\o175K101OO1O10LWPN0ho1OZPN1eo1O\PN0do10]PN0co1O]PN1co10\PN0do10]PNOco11]PN0bo10^PN0V1OhN1Sn10PRNOS11oN0jm10URNOP10Wm10kQN0kP20[M0mQN0b03Rn1MgQN2an1NoPN2J4m0Jhl50XR20QPJ000_R60UkM0dTJ0gm10om50URL0QP20dQJ0al10a30^l10kQ40noI000m10RN0TN0hSN0bl35VQNKiPN0l00Sm12TSNNlN5Qo1KQQN7lm1IfRN0@1E0So1OYQN1E0Qo1O[QN1D0Po1O]QN0D0on10]QN1C0\n1OQRN011A0Po1O`QN2]O0en1NhQN073Tn1MdQN0Uo10kPN0Uo10lPN0bo10@0PQN0on10RQN0_o10]O0c00PP21aPLOmn10b00`PN0on10QQN0on10`01bPNOln10UQN0jn11c0013\PNLXo10<000WPN0ao10]PN0eo14j^g`1
20130328063154Uh_1,P\Po01no11O1O100N110O010O010O0100O100O100000000000O10001O0O101ePNJin17TQNLln15SQNLln14TQNLkn15UQNKkn16TQNJjn18VQNHin19WQNFjn1:VQNEjn1<WQNBjn1>;2O0O100O100O1O2O0O1N3O0O100O101OO01000000O10001O00000O101O000000010O00O100000001O000000000000000000000000000000000O1000000000001O001O1O00001N100O2O1N101O001O2N1O1O1N101O0000001O000001O1O1O1O10O5K100O05L000O4L2O0O1O001O01O00001N101M2O1O2N100O2O001N100O2O1O1Nicaf2
20130328063154Uh_2,VYWe12j04Qn12jQN3Qn15hQNNUn14hQNOem1D\RN?I2fm1G]RNT1_m1i0N2N2O0010O001O1O1O0fNdRN0]m1MhRNOYm11iRN^Ofm1a0\RNZOhm1f0i000N3M3K5K4M3O2N3MbglX2
20130328063154Uh_3,VaRd05Yo1NTQN5hn10TQN3jn1OUQN0kn12TQNNkn13UQNMjn14WQNJin17XQNHgn18[QNFfn1:[QNDen1=>010O0001O00eUNFRe19dZN4Ye1KfZN:We1EhZN?Ve1^OlZNf0Re1YOnZNk0od1TOQ[Nn0md1SOR[No0md1POS[NR1ld1nNS[NT1ld1kNS[NX1ld1hNS[NZ1ld1eNR[N^1nd1aNR[Na1nd1\NS[Ne1bi12O1O2N1O001O1O0000A?K6L3O1O2N100M4L3N2O2O0O2M3O1O100O1N3M2L6JVom00kPRO5I5N3N1O1O2N010O1O1O1O0O2O0O101O01O00000N3N10fSNATi1?kVNCTi1<mVNERi1;nVNFQi1:oVNGQi17PWNJoh15RWNLlh14UWNLkh13VWNNih10YWN1gh1MZWN4eh1L[WN4fh1J\WN6dh1I\WN7dh1J\WN6dh1I\WN7eh1H\WN8ch1H^WN7ch1G_WN8ch1E_WN;Sl1O2M3KVl73jSH2N100O100O10001O0000010O01O1N2O1N3Mmno11QQPN3O0O2O0O100O1000000O1000010O0000000001O000O2O0O2O1M4MPP\10nocN6L2O1N2O1O1O1O1O1O1O001O100O1O010O00010O01O1O1O001O1O001O1O100O1O00100O10O10O0100O0010O0010O01O010O1N2O2KkR`00Wm_O3M2O1O001N11O00001O001N2O3LUn70kQH20O1O00a]Yh2
20130328063154Uh_4,Zclh02jo11OO4O1000oo30O0RPL0no10cP:0^oC01000ko50]Sb00ih[O0mWJ0Uh10cWN0`L2ok1NbWN2`h10d34N2OHaPN1^o1OdPN0fo10E0fPN0eo10000000joc00SoY13nPRNNSP2O[PL0]o30YPl00RPVO070doK0RP\11UPbN0oo1OO0000000TP:0\o;0`PZO0QP40`00QO0kPL0Vo10iPL0Wo10]P20\PL0Wo30^P60ooI000PPN00001TPNO`R>2XmC3MK[PN2ko1O0O10O0QP40ooK000E0fPN0eo10F0cPN1^o1OaPN1_o12]PNNkm13gSN3Xl1OiSNOUl14lSNISl19i1K`PNL_o14cPNK]o16bPNK]o16bPNJ^o16bPNJ^o1<10O1O010O010O010jPNEen1;[QNHbn19\QNIdn16\QNKdn15[QNKen15[QNLen14[QNKfn14ZQNLfn14[QNKgn13ZQNLgn13ZQNLgn13YQNMhn12YQNMhn12YQNMin10XQN0in1OXQN0]o1NTPT1OnokN001XQNO`m10_RN1bm1N]RN4gn10O100000000000000001O1N2NRQX50mngJ4L3N2O1N100O10000000000O1000O10001N10001N2N2N\Zg]2
20130521063134Lh_1,l^kV1<do11O0O10000fPNFnn1f001O010O01000O02O1N100O2O1N101N10O010O0001N10001O000O2O1O001O1O10O3M1O010O001O1O001O00000O100N2O2O0O101N1O1O1O2O010O00VOWQN>Uo101O2OO0000000000O100000000004K3N1O0000001O000O10004L001O0010O001O0000000000O10O01O1O100O1000000O10O100K500O1N2O1O10O0100O100O10000000001O1O001O001O0O2O0O2N1O2O1N100O2O0O101NQ`b_2
20130521063134Lh_2,eY]]21no12O1O1O001O001O0000001O000000000O10O1000O100000O1O1O100O1OM4O001ON30O1O1O1O1O10000000O10000O1000000O100000000001O0000001O0O101O00000000000O1000000O01000O01O1O1000O1000O100O2O000O101N100O2O0O1O2Nlf^\1
20130521063134Lh_3,hjhg24ko12M3N2O1O1O2N2M7J000O000O200O0000O1M4O100000001O01001O0O2O2M10000000001O000000O3N1N2N10O01O1O10O02O2N2NO3M7I3L5K3N2Lnn51QQJ3N1O2O0O2O9G3M1O1O001O1O1O010007I1N101N2N3M100O001O00YRNHgk17XTNNfk10jRNMm05\l1IgRN3;1B5jm1LbRN2B3km1LaRN5@0nm1LaRNg0_m1[ORRNG5o0im1k01O1O2O001N101O000N2M3O1O1O1O1O100O001O1O100O100O3M5EVQNXOln1f08O001O1O1O1O1O1O102M10O000HDlPN<So1FlPN9To1IkPN7Uo191O2O00001N100O2O1N3N2M`Sen0
20130521063134Lh_4,eY_f12mo17J1I6O2N10000000001O10O3M1O00000000000000O100O1000000000O1000000O1000ON3O01O00010000O101N1O1O1Lhf^V2
20130521063134Lh_5,[iZ[22eo1OaPN38Ngn18SQNOmn11TQNNln11UQNNln11WQNMjn12WQNLmn11TQNMnn12^QN0Qo12O00000000000000O100000000000O100N201N100N2O100O10O1NVV]b1
20130521063134Lh_6,nej\21no12N10000O2N100K5000O1O0010000000O1000001O000O100O100O1O1O100O100O1O100O1O001O10O00101N100O100O001I8N1O1O4L2OeZg_1
20130521063134Lh_7,ijdg21c01en13YQNMfn10^QN0bn1O_QN1Xo16J1O0O1N2K47I1L4N1O101OVO0j00k00TO0Xo;0jPD01001d0O\o10PPN0eo70Q10gnK0WQJ0fn10[QN0^o77hoIM3M000000O1O100N0VTaT1
20130521063134Lh_8,YZSm27go14M4L2N1O1mPNBbn1b0[QNA`n1b0_QN@^n1c0aQN]O\n1U1M3MGjQNlNWn1U1kQNiNUn1W1lQNgNTn1Z19[O`QNIRn1DTRNc01Bkm1LTRNb02\OPn12lQNb0fn1\OZQNa0jn1^OVQNa0kn1_OTQN=gn1CbQN;To1J6M[o90ePF3N1ePNLin15UQNNjn12TQN0kn11WQNMhn13YQNMhn12XQNNhn12XQNMin12XQNMin13VQNMkn13a0O10000N_gPP1
20130526063134Lh_1,ii^W11no12O2N00001O0J64L000001O001O001N2O1O001O1O1O00100O0010O010O2N5L0O001O001O01O01O000010O0001O000001O0000000000000000000000O1000O1000000O01000000000O100000001N1000001O001O002N1O1O0010O00]QNAem1`0YRNBgm1=XRNFgm1:XRNGgm19XRNIhm17WRNIjm17URNIlm17SRNJlm16URNJkm16TRNJmm15SRNLmm13SRN0km1OURN2km1MURN3lm1LURN4km1KURN5km1KURN5lm1JTRN6lm1IURN7lm1FWRN9jm1BZRN>fm1A[RN`0bn101O00001O1O001O001O0000000000000O100000000000000O1000O10O10O10O010000O010O1000O010O10O10O010O010O1O01O0010O0001000O010O01O010O01O010O01O01O010O1O0010O01O10O01O010O0001O0010O010O0M310O00100O2M2O^U][2
20130526063134Lh_2,hWmR12ko17nPNJPn19mQNKQn15nQNMPn15bQNHO5]n14cQN;2YOnm1h1N2O0O3M2N1O1O1O1O101OO0N201O1O1L[SNTN^k1k1bTNWN]k1i1cTNXN\k1h1cTNYN\k1g1eTNZNZk1f1eTN[N[k1d1fTN\NZk1]1cSN[NS19[k1[1kTNfNTk1IeSNU1X1RO_k1m0aTNSO_k1l0bTNUO^k1j0bTNVO_k1i0bTNWO]k1i0cTNWO]k16WSNK^1OZk12bSNIU16Xk1NgSNJU15Sk1OkSNJT17Pk1MkUN4Uj1HoUN7ml101O1O3M3M02N1O2N1O1O2aPNFUo1:iPNHVo1a01O100O1O10O10O001O001O001N2O001N1O2M3MYPb00ho]O2O00001O00000O1000000000001N3N1O1O000O1000O10O100000000O1000001O001O000O1000000O2O001N101N2O001O0107H1O001O010O1O0O2O000O10000O1000000O10O100O1O100O1N2O1L4M3O1N110O1O00010O00001O0N2101N3M1O1N200OTO]O^RNa0bm1A^RN>am1E_RN8am1K^RN4am1O]RN0dm10\RN0cm11]RNNdm12]RNMcm13]RNLdm13]RNLdm13^RNLbm13`RNJbm13W1N3Nl03iN:N100O10O100O10001N101N2O00001N10000000^NG\SN:bl1I]SN7bl1K]SN5bl1L^SN4al1M_SN3`l1MaSN4^l1LbSN4^l1LbSN5]l1JeSN5dk1G_SN4m05ck1I^SN3o04ck1I_SN1P15`k1K`SN0T11\k1O`SNOU10\k12_SNNV1M\k16^SNM]n13dQNK\n16dQNJ\n16eQNI[n16fQNI\n15i0LVhP^2
20130526063134Lh_3,dWci12lo13N2N2N3G6O20N1100O1O100O1O1N10100O1O1OAQQNOnn11SQNOmn10VQNFN0kn1:b001N1010O010O1O1O0VQNHnm18QRNIom16QRNLnm14QRNMom13QRNLPn14PRNLRn12nQNMTn1OnQN2Rn1MPRN2Ro1LYhhS2
20130526063134Lh_4,bPSR12lo13N1N3M2N2M3M4O0O10O10O100N1N3N1001O1O1O100O0O2N3AUP:0XPF1O2N1BJQQN7mn1KRQN6mn1LRQN4mn1MRQN4nn1MPQN3Qo1=0100O01O0N20O01O1N1O0200OO20010O0001O10O01N2N110O1O1O10000000000O01000O100O1]RNWOok1j0oSNWOPl1j0oSNXOok1i0PTNYOok1h0oSNZOok1f0RTNZOnk1f0`SNROD9ml1d0^SNVOC6Pm1d0]SNVOB6Rm1c0\SNYO@3Vm1d0ZSNYO_O3Ym1b0XSN\O^O3Zm1a0XSN\O]O3]m1?WSNOil11VSNOll10TSN0ml1NTSN1ml1OSSN1ml1NTSN1ml1OPSNC_OIOOcm1d0TSN_O\OLhm1e0mRN]O\m1c0Q1000O0100O10000O2O007I000O1000000O1000`RNHWk18gTNLXk14fTNOYk10gTN1Yk1NgTN4Xk1KiTN5Vk1LjTN4Vk1KkTN5Uk1KlTN3Uk1LlTN3Vk1JmTN4am1N1Ndode2
20130526063134Lh_5,Ycb_12mo19G2O1O1N2O1O1O100O000]QN]Ojm1c0URN]Olm1b0TRN^Omm1a0SRN_Oom1`0i0O1O4L1NUQP1HnnoN6N3N100O2O00001O1O001O1O001OO10001O000O10000000000001O01O01O00001O000001O0000000000001O1O1O000O1000000O10O010O01O010O001O010O010000O1`PNHXo1?1000O10000000O100O001O1O100O100O101N1O10000O10000O10DIoPN7Vn1LURNOD4Vn1OVRNMD3Wn10TRNNE1Wn12TRNMFNXn15QRNM\n14dQNL\n14dQNL\n14dQNL\n14eQNJ\n17f00001O000O2O1N3Nk\QW2
20130526063134Lh_6,WkbP26bo18N21O002M1O4GQTN0Yg14dYNM\f11eYNOVk1Ngj54aVHN^m14RRN<lm1FoQN?om1AkQNf0Tn1YOmQNj0Pn1VOSRNi0lm1UOWRNo0\n1A[QNBi15]j15PTND_19cj11PTND\1=fj1LhUN<\j1^O^UNj0gl15UNmNfTNT1[k1mNkSNNHW1_m1iN]RNc1jm16J4N02N<EOBlQNnN]n1=j0M2M]Rol1
20130526063134Lh_7,j^YP32no15\PNKSo16iPNMWo13hPNNXo1=000000O1O1O6I3O1OO0010O0101N6K0O2N1000001O001O0O1O10000000O010O01O1O0L50O10O01O000H8M301O1O100000001O01O1O2N4L4L1N2O1O1N100O1O2N3MYaZk0
20130526063134Lh_8,h_oh23lo12O00000kPNM]n14aQNM_n13`QNN`n13]QNOcn12[QNOen14XQNKin15UQNMln13SQNMmn14QQNMon1b01O2N001O00010O010O100O4L3M10O100O1O01N1000000O10O10000101EdPNM^o12k_XT1
20130526063134Lh_9,[_Wh23mo10O100O1000O10O100O1O1cPNJmn18>K4100O1kPNK_n15URNKWm14WRNLI1Qn13WRNLF0Un14VRNMBOYn14aRNM`m11XRNNZO0an10WRN7jn1Nfo3L`PLOiPN0_n10`QN0Xo10QP20Yo10gPL012aPNNmn10PQN0Qo10oPN0Qo30\nM0S2000TRN0gk11YTNOgk10ZTN0ek11[TNOfk10iTN0\m10000000co10bPL6MJao11aPNO30^o139N`nY40oQdKOUo12iPN0Vo11hPN0co101MN4ho5LVQJ1QO55K1OQo10nPN0PQN0Rn10lQ40\N0\QJ0[o10]o70TQJ0_oM0_o30oP20RoI0oPN0\o14FL^P20\PL0Yo10;0]PN0Vo11jPNOon10YQN0[o10cog00bP^O020foI1VPNOUa\k0
20130526063134Lh_10,RbZb065K\o1b0I4N1N3N1O1O2N1O1N2O100O2O000O2O0010O01O00010O001O1gQNgNjm15nQNh03XOnm10oQNW1Rn1hNnQNX1Rn1hNoQNW1Qn1hNQRNW1om1iNRRNV1om1hNSRNW1]n1N2N2M2N2O1N101O1O1O100O1O1O1O10O000001O00001O1O2N2O1N1O001O001N3N4LPQ`0MSo_O0O2O1O1N2O0O2O1O1N2O1N1O2O1M3N3N1N101O000O2O000000001O0000001O00001O00010O00100O02O0O010O000O1000001O0O101O001O001]OQQN3on1MRQN2on1LSQN3nn1LSQN4mn1JTQN6\o1O0000000001O0O1000001O1O001O001O001O001O001O000000001O000010O0001O010O0000001O0O2O000O100O100O101O000O101O001O1O:F00001O000O1000000000000000O10O10000000O10O1000000O100000O01000O100O001C^QN[Ocn1e0^QNXOdn1h0:O100O1000O0100N2N2O1O100O1O10000O1000000000000000000O10000000000O10000O2O0O1000001O00001O01O0010O00010O000000000000010O0001O00001O001N101O001N10001O000000O100O1000001O001O1O1O1O1OfPNGnn19PQNJPo14PQNLQo13oPNNQo11oPNORo10nPN0Ro10nPN0So10lPN0To10lPN1So1OmPN1So1OmPN1To1NlPN2To1NlPN2To1NlPN3So1MlPN4Uo1KkPN5Uo1LjPN5Wn1G`RNd0_m1]OaRNd0^m1\ObRNd0]m1]OcRNc0]m1]OcRNc0]m1\OcRNe0\n100000000000000O10jK[OQYNd0of1^OQYN`0of1BPYN=Qg1DnXN;Rg1FnXN:Rg1FnXN9Sg1GmXN9Sg1GnXN7Sg1HnXN8Rg1GoXN9Qg1FPYN9Rg1FnXN:Rg1FnXN:Rg1FnXN:Sg1EmXN:Tg1EmXN;\k10000O10000O1O1O2O0NgnU1L_QjN0Y\ad2
20130530133654Bh_1,]jlY14ko1:F1O2O000O10001lPNCcn1o0aQNmNmm1U1nQNPOPn1Q1mQNRORn1n0mQNSOSn1]100010bNPRNj0Qn1TOQRNk0Pn1SORRNl0Pn1PORRNQ1^n11O1O1O1O1O00000001N1O1N3N2M4N6I3M1O10000000O100O1010000O3N3L100O1O2WQNWOWn1j0fQN\OWn1Y1M1O01eNjQNj0Vn1VOlQNi0Tn1TOPRNj0Qn1SOSRNk0nm1QOYRNl0_n1O000000101O21M00O2N0O1O01O000000000O2M2O101N100000000002N1O1O3M0007I1O001O000O101O01O000010O1O100O0100N100O2N1O1O2J6O0O101N1O1N@AcQN?]n1AdQN>\n1BdQN>on101O0001O1O010O0\NCeSN=[l1DeSN;[l1EeSN;Zl1GeSN9[l1FgSN9Yl1GgSN9Yl1FhSN:Pn1O01O010O1O010O1O00001O0001O00001O001O010O0101N101N100O1O3M3N1N100O1O1O1O001O0001O01O01O00010O01O010O1000O01O1O1O1O1O001N101N10000001O1O2M3M2_Oa0N3L3N5IdQ[X2
20130530133654Bh_2,oWkR18go14lPN7km1MnQN9om1n001O1N2O03M;FMVOeQN2Xn1MoQN1mm1OVRN0im1OXRN1gm1OZRN1em1O\RN1dm1N^RN1am1OaRN1^m1OeRNN[m11iRNMWm11kRNNYm1NhRN1Zm1KhRN5bn101O00000O10O001O1O1O10O2O000O10O1000000O10O1O001O0010O10O100O0010O010O100O100O1O100O1O1OOWMFnUN:Tj1ElUN:Tj1GkUN9Vj1GiUN9Xj1FhUN>Tj1CkUN?Tj1AlUN?Sj1BlUN?Tj1@lUN`0Tj1@mUN?Sj1AmUN=Uj1BmUN;Uj1DlUN<ml1O1O1O10O10O010O10O100O100O0100G^dRg2
20130530133654Bh_3,]dXR156O[o1`0K3N6K00N3N1O1O2N9G1N1001O0010O01O1O001O1O000001O1<C0O2N000ROWOeRNi0[m1YOaRNj0_m1UO`RNl0Yn1100100N2O001O00000001N1000O1O01000O010O1G9H9M2N5KlP>1ToA3N2M2O1O002N1O0010O0100000O01O1O1O3M1O2OO01O01O0\OmPN;]o1O2M2O2MhXgg2
20130530133654Bh_4,ZboY11no14L2N2N1O2N3M3N2L3N1O1O2O0O2O1O001O1O106I001O01O102M2N1O1O000O100O101N10001O001O0001O000000000O10O1000O0O2L4O100000000000O2O001O5J10000000O001O0M3K6F901O01OO1M30100O10000O11O00G`NRRN`1Xn1O001N1O1O100O1N2N200O10O01O1O1O1N101O0O200O000O011O0001O0O2OO2O00010O10O100O0O20O0O2I700000001N1000000000O10O1000000O1000O0100O10000O100O100O1O1M3N200O2O1N2O001N3NV_X[2
20130530133654Bh_5,coRi27io12N2N1O010O1O010O01N1O100O1N1000O1I8N2N101O1N101O000N2001O1O010O1O0001M201O001O100O1O1N02O001O1O1O\OWOSRNh0dn1N100O2N2O1N1O1O100O1OO200O10O1000001O0000000O01000000O0100O10O0010000O0100O0010O10O01O1N2O1O1O1O100O1O100O101N10001O0O10O10O10O10000O00^QN]Oim1c0VRN@hm1?YRNAfm1`0ZRN@fm1?[RNAem1>\RNAdm1?]RN@dm1`0n0N1J70O0100G9N3M]Ran0
20130530133654Bh_6,kdnP33lo12O1YOLdQN0[n13g02O1O0000000001O0000000000000001O0O10001O2N1O00000003M1O01O2N101N1O10O00010O2N10O01O100O101OO2N1O1O1N12N000O100O^[Wk0
20130530133654Bh_7,mcRW22no11N2N3N2M2N2O1N2O1O1O1O3B<L3O2O2N000000000000000000000O10O100N2O1O2N100O1N2M301O001O0O1O2O1N2O3M1O00001O0000101O01O0000O1O1OfPNEon1f05K1O1^OhPN:`o1O101N2O_[_d1
20130530133654Bh_8,Teb`23lo14M1N1O100K5N201O0O000100O1000E;N2O10O100000O101N1O2O0O1N3N20O0A^QNAan1=bQNB^n1=dQNB\n1=eQNB\n1>dQNB]n1=eQNA[n1?gQN^O[n1a0b000O2O1O1O1N101O00001O001O00100O2N1O0N3N10][c[1
20130530133654Bh_9,b]mg14;NPo1d0OBlPN0Zn14nQNLKNVn1:kQNHO1Sn1;jQND32ik13iUNf0^NWOjk11iUNh0]NXOkk1ImUNS1TNUORn1l1cNWNeSNm1Tl1[NfSNg1Pl1dNlSN]1Ul1T1XOfLPUNU3Vk1nLfTNo2]k1RMbTNS2]l1lM`SNn1hl1;9M6I5KBRNSSNj1ol1XNTSN:04Qm1AZ2N1Lje\V2
20130530133654Bh_10,SWk\13ko14M2OO10M2M40000001O01000000O2O0fPNEnn1h0OO10001O05KO2N2M101O2L201O001O101N6J4K3N2MQhf`2
20130530133654Bh_11,d]V_12no1100SP60loI1O1O100O01O01O1O001O2M2N1O2N2M3C]OYQNf0LZOcn1Z1L3N1O2M2O2M2O0O101O00O100O2O1N2O1O0O2O0O2O0O2O1O001O01O01O010O0B`QN[Obn1b0cQN[O^n1a0c0M3L5N1O2N3M1O1O1O1O^Pf01^oYO6M4mPNHWn19eQNKYn16eQNMZn12eQN1Yn1OfQN3Zn1LfQN5[n1IdQN9^n1CbQN?on10O2N100O1001O0100O2O1O00O100O1O00001N4M3M2N1O1N10000000000O101O001O1O1O2M4Lmnm02RQRO1O0O2O0010O010O1O1O1OjP\1NWocN3M3N2N2N1jPNFdn1;ZQNGgn18XQNHin18VQNIjn17TQNJ?Ldm1:lQNJ5MH3Wn1d0oQNFSn17lQNJXn12gQNOZn11dQN0]n1i000000000O2O001N3M4M1N2O0O2M2L5O0O100O10000001N10001O1O1O1O1O10000O100O01O001O00001O00000000O100EURN`Nkm1`1;0O10000O1000000O100000O2O000O1O2O0000000000O2O000001O008H2N1O001O001O1O1O1O02O0O1O2O1N1O1O00O2N1M3]OXQNMjn12VQNMkn1J_QN4dn1H^QN7Vo10000O2O0O101Mg^mm1
20130530133654Bh_12,VYoh29co18K5_H_OZ_Nd0_`1HY_N;e`1GX_N;h`1EV_N>k`1AQ_Na0Wa1YOe^Ng0`a1ROc^Nn0Xh10O1N2O101L3J600iQNeNim1m1aKQNeZNQ2We1eNTZN\1je1gNTZN\1]e1QObZNQ1Ze1ROcZNR1\e1nN^ZNX1be1hNZZNY1ie1gNVZNR1Rf1_NUWNYOh2W2Uf1]NXZNh1Pf1mMmYNh1oLPNaj15UWNi1`NoM[j1<_UNFP1n1Zj1mNbUNP1ej1nNYUNo0oj1oNmTNP1[k1lN`TNV1ek1iNRTNU1[l1iN[SNh01nNil1g1`SNUNQm1U1S1K5L7DaiZT1
20130530133654Bh_13,TYoh22]P2Okn70ZP81lkEOfTH1dS:OjhK0SYJ0Zd10XYN4\OLSm10bPN0ao10oK0_TN1nP2OmPN0fi10`T20[QL0QP60UnK4on3MhiVT1
20130530133654Bh_14,QZRb15jo12O001N1001O001000002M0001O0000000O10000O10000]PNI]o1=00NN31000O10O01O1O10000O10000000001O1N100M3000O10O1000001O70G3O1O001N1000O0100GJgPN7Yo1JfPN6Zo18000O107I1O00001O01O0100O1O13M1O0O0000001O000000001O00001O00000001O0O10001O1N101O000O100000000001O00000001O31L000000001O00000O2O0O100O10O1000000O101O1O1O1O001O1O1OYeeT2
20130530133654Bh_15,RXaY31no14L2N1BKQQN5on1LPQN5on1MoPN3Qo1NnPN3Qo1NoPN0Ro11mPNORo13mPNIVo18810000ON3O100O1O0100000001O001O001O001O001O1O2N1N3N1O0100130L04LO00100O11N3M2N3L4M1N2NigPc0
20130603063154Uh_1,[^UP22lo14L3N2O1O002N3L3M6K5K2M6K2N1O2N1O2M4M1O2N2N1ObNPRNm0om1ROURNl0km1ROYRNl0fm1SOcRNe0]m1ZOfRNf0Ym1YOjRNg0Sm1YOoRNg0ol1YORSNg0ol1VORSNj0Sn10O0RQNXOdn1S1O01O002N2N3M27KM1N100O101OO12N4LO1O1O001O000000000000O1O1O100O1O1N101I7N2O1O2N1O1O1O3Mg_nj1
20130603063154Uh_2,Qff^21mo14L3O2N0O100001O00000010O3N0O1O010O100O0100O1O00001O0000000001O0000O10000000O100001O00010O0000010O010O001O001O00001O001N3N2MaY[]1
20130603063154Uh_3,YXS^21no1000P1a0[N<I3M3M2N2N1N2N?A3N4LSOZRNCcm1^ObRN:N8_m1^OhRN01b0Tm1]OiSNa0Ul1]OPTNc0mk1]OXTN=km1IcPf0MboYO1O10004L0O0010O001O001O001O0O100O101N101Mbo71nPFORo13mPNNRo12mPN0Ro10mPN1To1NkPN4To1LkPN4Vo1LiPN5Wo1KiPN5Wo1KiPN5Wo1MgPN3]o1IcPN7]o1IcPN7]o16003M1O1O3L1O[dR]1
20130603063154Uh_4,ldbZ1:eo12M201O1O1O2N3J3N3O01O2N1O1O002031J<D2O05J1O0O101M4M2L3N3O1O0O2N3MZOMaQN0bn10f004LU[Qc2
20130603063154Uh_5,S_dQ1=ao14M3N1N2N2O1O1O1O1O000000O100O1N3N1N2O1O1O101N2N3L3NQU^4LPkaK6L3M2N3N1000OPOBaRN=_m1CfRN4^m1L\1Oc12[N1O000001O0O2M]o;3aPD2O0O11O001NVQ:OjnE4N2M101O0O2OEgPN0Xo1OjPN0co11000O11\OOWQN0gn11^L1U40010NoTNOSk10[K1YYN1Zk11O201XOLdQN6Vn1HWQ41joK00OmP20YnM0k00dPN1Xo11_ONVQN0mn10Xn13URN1]RNLZk14nTNLij15a20000O10001Nn\ib2
20130606133454Bh_1,i]id05io14M3M2N2N1O1[NM]SN3Yl19ZSN3bl12XSN2gl11mRN9Qm1]1M3N0O0M300D^NdSN:[l1GjSN5Pl1H[TN7`k1LdTN1\k10fTNDXOPOSl1\1hTNkN[ONYl1U1`TNjNTl1T1PTNiNPl1T1^1H8K6N2O01000001M2J5OO3I7010001N2O1O1O0O2O000000001O1O1N1O100O100000O1O00000010O10000O2O00000001N1O1O1H7001O1N2O1O0000001O00001OO10O101O01O0O1N2K5O2N10O1N3N2O2O0O10000O101O001O001O0010O001O0002M3Lfg^S3
20130606133454Bh_2,^_jf05Yo1LWQN6_n14[QN4^n10^QN6^n1LaQN7\n1h0M4M2N_OlQNZORn1?WRN_Okm1<ZRNChm18[RNHfm13^RNNjn13N00O1N1O2O01001O02M2N1O02M1N2O1N2M^_WW3
20130606133454Bh_3,f`eo26io12O2N3@?D;O1fQNjNgm1X1WRNlNfm1T1ZRNlNem1k0eRNVOZm1g0iRNYOWm1a0oRN_OQm1a0mRNASm1?jRNESm1=lRNEnl1`0RSN@kl1b0oRNGol19PSNJll18TSNHkl19VSNGhl1:XSNKbl14`SNNVl1oNZSNl0h06ik13YTNNfk1N^TN3`k1LcTN3]k1KRTNUOMl0Rl1KSTN\OOc0nk1OUTN@M?Pl1MVTNDN:_m1EeRN7\m1I]101O10000O101LT_lm0
20130606133454Bh_4,hd^`2<do11O001O00000O1O100001O0002N1O0001O1N3N0N3O00001O000100O10O0001O0000000001O000010O010O010O010O01000O100`QNFXm1:hRNGXm19gRNHXm18hRNHXm18hRNGYm1:V10000001O01O100O101OO101N10O10O10100O001O7J003M^OlPN4Wo1FlPN;\o1010O00O1O10001O1O2N2N`o9McPF20NnYWY1
20130606133454Bh_5,^dXg01en19P13K5L3N3N2O1N6J3MnNZQNn0bn1ROcQNk0Tn1\OnQNd0nm1^OTRNa0jm1@XRN?gm1AZRN?em1@]RN`0am1@bRN`0[m1^OkRNb0Qm1\OSSNe0ml1WOWSNg0il1XO\SNd0Rn1M4L4K4Li[SW3
20130606133454Bh_6,fZSZ11no12N2aQN0kl12RSN2ll1NTSN3kl1NSSN3ml1NRSN2nl1NQSN3ol1LRSN4ol1JRSN6]n1O000O10000000000000O1O100O1O10000O2O0000000oNAaRN?`n101O0000001O00001O1O3M2N0000000000000000000O100000000O2N2NWok06cPTO1O2N1UQNFPn1:gQN1Vn10iQN1Wn1NjQN2Vn1NjQN2Un1NmQN0Tn1OSRNIom17m0O100O010O1O1O001O01M2L4lPNEdn1:<4N21O1N3N2N2O100O_eR_2
20130606133454Bh_7,j[o\33lo13RN?WRN_Oi02ml1n0bRNUOHMcm1R20O2N2oM]RNb1Xn1I>B3M1O10000N4L3M2O1N4M4L2N1O14K2O0OO1N2L_dVa0
20130606133454Bh_8,cefV35io13M201002M00100O010O100O10O10O0100O100O10000CJnPN7Po1LPQN3on1NQQN1on1ORQN1nn1NUQNOkn11VQNOln10TQN0jn12UQNNkn14TQNLkn13VQNNkn10UQNOkn11VQNNjn12WQNLjn14a0O1OWZkf0
20130606133454Bh_9,S_aU13lo12O01O1OaPl02YoSO6M2N2O1O0O20O0010O0001O01O000001O0001O010O000000010O001O2N10O001O1O2N9G00000O2N101NQoe10PQZN3N1N2N100O0000000001O1O1O1NdP4M_oK3N1N1N2O1BJRQN5mn10PQN0Po10PQN0on12PQNNPo12PQNNon14PQNLPo15oPNKPo16PQNJnn1f0M20001O1O1O1O1O101O0000O1O5K5K2N000N2N3O000000010O001O2N1N2N1OCGVQN6ln1JUQN5jn1MUQN2ln1OTQN0ln10UQNNln12a00VP8LnoG0O1O2O0O1L4O1O100000O10O0100O100000001N1000001O1O^OMXQN1hn12a02O001O1O00000000001O0010O001M3NYa`]2
20130606133454Bh_10,gd\m225Obo12^PNOao18O10M30001O001O00000OKL`PN4`o1L`PN3ao1M_PN3ao1M_PN2bo1N^PN2ho10000001O1N10100O001O000010O000000001O001O11N1O0010O0000000000O100001O010O0010O0001KU[kn0
20130609133454Bh_1,Yg`d04do1;L3O113L0O10O0O10[SN^Oki1a0UVNAji1>UVNDli1:SVNHmi17TVNHni18PVNHSj17lUNHUj18lUNDWj1=g2O11N0O30O3N\RNAhj11STN=em1CcRN>_n12O07KN3M01MTQNFVn10lQN8mn11O0gPNIin16UQNMjn14SQNNmn1b03L3M6K7I5Iek11[TN4N00NeY_X3
20130609133454Bh_2,ZP]b06jo12N1N2O1O00001O4L1N2M2N3N1O100000000O100O101N101O10XOWQN9gn1FZQN;gn1BZQN>in1^OXQNc0Ro10O2N1O10000000O10000O1000L3OO20001000001O1O2O0O2O1N0010O01O00<CUofY3
20130609133454Bh_3,ecVX32mo1=D1O001O001O010O0010O10O10O1O10O01O0010O01O1O00100O001O10O01O010O010O010O00010O01O001O1O1O1O100O1O1O010O1O10_OiPN8_o11O0001O0O100O1M4O001O2LXP>2goA2O2M2O1O1N2O1O001O2N100O00001O010O00100O0100O2N1000002FcPNOeo13M2N101N1O100O101N1O1O1O2N1N2O0O2O1O1gMYOXUNf0hj1[OWUNf0hj1]OUUNc0lj1_ORUNa0mj1@RUN`0nj1BQUN>nj1CRUN<oj1DQUN<oj1DQUN;oj1EQUN;Pk1DQUN<oj1CQUN=Pk1CPUN<Sk1AnTN?Sk1_OnTN`0Tk1_OmTN`0Sk1@oTN=Qk1ESUN6mj1KUUN0mj11RUNKRk15oTNGUk18[2N1N4Kl[a>
20130609133454Bh_4,QndQ16fo16M6J6nPNBVn1V1K4L4N0OOOON6001M6L8I3M5L2WObNFj1l0D31O100O1OfQN[O[m1g0cRN\O[m1e0cRN^O[m1c0cRNAXm1b0eRNAVm1d0fRN@Xm1d1XUNeMkg1\2WXNcMgg1_2j2201N100O100O1N2OO102N2N2O1N3iMiRN\1`m1`NhRNU1Zn1\Oj0CaUUk2
20130609133454Bh_5,U\_^21no15L0000001O0O10000O100O100O001M3N2O001O010O001N2O0010000O101O1O1O001O00000010O000O1000000O10000O2O0000000O1O100O100O010000O1O10O10O01O1O100O1O1O2N101I6O1Oadd\1
20130609133454Bh_6,m`nd22lo14^RN1mj11QUN2mj1ORUN3jj11UUNOjj12VUNNjj13UUNMkj13TUNNlj12TUNNmj11SUNOnj10RUNOoj11RUNMPk12QUNLQk13PUNKQk15QUNGRk18]2M102MgQb0M]n]O1O000SO3hQN3Pn1OSRNMkm15URNKhm19YRNEfm1<P1O010O010O0100O101O1O0O1O0010O000001O00O01O1O1O1000AkPN3Vo1LkPN4To1LlPN5So1KnPN4To1JmPN6^o10010O010O01O10O010008IO00O10O01O002N5L1N12N1N01O000001O00001N1000001O001O001O010O1O101N1O2O1N100O1O1O1O0O2O0O2Mk\[S1
20130609133454Bh_7,l^ci01mo13N1O2O1O0000O1000O10001O1O0001O1O1N10000000N200000001O0O2O000O2O0001O0O100O1OO1O2O1000000000010O0100O1O1O1O00000O100O10N101O1O1O0100000000O10O010O001O0001O10O0O11O010O100N2O1O2O1NfafP3
20130609133454Bh_8,S`eW21;2Vo1OhPN2Xo1NgPN4Xo1MgPN3Yo1NePN3[o1:O0000001O000O1001O005K0000000000000000000000O100O100O2O0001O0000000010O01O1O001O001O1O000000000000001O0001O0000001O1N101O1O000000N3O00001O010O1O001O1O000O10000N200O10000O10^_bb1
20130609133454Bh_9,QWeV1268Vo1;O4L111ON001000O10O1O0100O1O^ORQN3nn1LUQN2jn1MZQN0fn10\QNMgn10ZiRh2
20130609133454Bh_10,Unjo02:3So11iPN1Vo1<1N3L5HXPZ1NgoeN:NGdPN1Zo1LlPN4do1M`PN3nn1LF0g00ko30QRJ0jm70cL7STHKQo1h0SSNWOoM9gk1:STNAg2LUi12^U63cnIJ@0mPN0\m30gSL0il10m26PmQ1JaSlN0dl10QSN0al10iRN12O^O2Po1NYVUk2
20130609133454Bh_11,T^nY12mo15K3N1N201N1001O0O2N3M2N1N2NhP>4ToA2^OLTQN8jn1HUQN9kn1EVQN=in1CWQN=Yn1CWRN=im1CWRN=im1CXRN=gm1EWRN;im1FVRN:jm1EWRN<im1CWRN=jm1BVRN>jm1BVRN>fn110O001O2O2N001O0O0010O01O1O100O1O1N2N[Pb00fo]O2N1O1O01O10O00010O1nMMVTN3hk1NYTN3dk1N\TN3ck1L_TN4_k1MaTN4^k1LbTN4^k1LcTN3]k1LdTN4]k1IfTN7bm1O01000O1O0010O01N2Md_S`2
20130609133454Bh_12,e^eZ11lo15M3M3N1N2N2O1N101O001O000001O000000001O00001O0000000O01000O10O10O10O10O100O10O10O100000001N10001O0000000000O1000000O10000O100O10000000000000O100O100O100O1O100O01O00000O1F:0O1000010O001O10O01NCB\QN;fn1GYQN4ln13=01O0O2N2N2J[ne10iQZN2N1O1O1O1O01O01O00010O010O01O011N2N2NPom05kPRO3M2O1N101N2O0000001O01O00001N10001O00001O00000010OO100000O1000O100O1000O0100O10000O100O1O100O1O1O1O001O01O1O1O1O100O10O0100O10O100O010O10O01O01O0010O0001O1O1O001O100O00100O100O01000O0100O10O010O10O01O00100000O1000000000001O001O001O0000000O100O1O10O01O1O001O0010O00O2O01O001OO11O1O100O2O0O10O10O100O010000O01000O002O0O1O1O2N1Oko;1SPD3N2O0O2O000O100O1000000000O10000O010O1000O010O10O001O1O2N1O2M]og01bPXO3N1O1N2O1O100O10O010000O10O010O1O1O4L`o;KePD101N10O100N[i\k1
20130609133454Bh_13,n_R[12no1000YO2\QNN[o1OfP<1YoC10OPOOTRN0`ma00`RN0RoA1K1O1O0]ONZQN0bn1OmPN2io122O0O00012NO1O1O10NVPN0fo10\PNOco11^PNNbo12_PNNbo10^PN0io10lo50\PL0fo=0Ro_O5i03N2O0VQNFmm1;m0OWQNFmm19P1LbPN16Jfn11[QNO_O2ko1Ne_Q`2
20130609133454Bh_14,o][V23i10Xl12eSNO[l11eSNO[l11dSN1[l1NfSN2[l1MeSN3[l1MeSN3Tn11O0O10001O000000001O1OG`PN3_o1LbPN4fo10^PNMUo11bPNO7OYo12aPNO4ON0Yo12ePN5ao1K`PN43JVo12hPN23LUo12a00dPNNjn12VQNNjn12VQNNin13b00000OgPNNfn12ZQNNfn13YQNMfn14ZQNLfn19UQNGkn19UQNGkn12mPNO8Oln10nPN060To10lPN0To10lPN0To10lPN0To10lPN0To10lPN0To10lPN0So11mPNOSo11mPNOSo10nPN0Ro10nPN0ao1000QP40^oK0RQN0nn10RQN0nn10RQN0_o1000@0`0010O10O10O0^PN0Uo10jPN0Vo11iPNOXo10hPN0Xo10hPN0Xo10hPN0do10000000`N2cRNNXO0Tn14cRNLYO0Tn15bRNKim15WRNK[O0Rn15cRNK[O0Rn15cRNK[O1Rn13cRNL\O1Pn13dRNL]O1om10TSN1^n1O10O00000N2BMoPN3Qo1MoPN3Qo1MoPN3Ro1MmPN2To1NmPN1So10lPN0Uo10jPN0Wo1OiPN1Wo10hPNOZo11ePNO[o11ePNO[o11dPNO^o10bPN0^o1090WPN1ao1O_PN0ho110OPP20O0TPh01moUO1O4L10O4L2Nknc00UQ\O2N000O10O010OSo[10mPdN1O2N101N10000O1000O100000000000000000O10O10000O10O1000000O01000O10000_PNHZo1?O10000000O1HgPNIXo18hPNHXo18hPNHXo18800000000000001O0000000001N10000QRNFXl1:hSNGXl19gSNGYl19g1003M1O00GdPNO\o1LhPN4bo101O000000001NQOOQRN1om1ORRN0nm11P11O00O101O0000oo=0PPB1O1001O0001O00001O0000001O1N7J1O001O000001O001O0O2O0O2K5NSbnV1
20130627063134Lh_1,kZUX26jo13M6fNCeRNb0Vm1^OjRNf0Qm1[OoRNf0Qm1YOnRNi0Un12N01O001O001O1O002N2M4M0O0010O01O1O00010O00010O01O0000001O000O101O001O00000004L000000EDRQN<mn1FRQN:nn1FRQN:nn1GPQN:on1GQQN9on1;10O100000O0100O10O0100000O1000O100QOTOiRNl0Xm1TOhRNl0Un1010O1O010O0010O1O100O10000O10O010O010O1N1010O00`NUOkSNl0Ul1UOiSNl0Xl1SOhSNm0Yl1SOgSNm0Yl1SOfSNm0[l1SOeSNm0fm110O100N2O1N200000O100O001N1O10001OO201N1O1NbQNYOhm1c0[RN]Oem1b0\RN^Odm1a0R1K9G2NXe`_1
20130627063134Lh_2,QePS12mo12O001O000O2O0O01000O1O1O10O0100000000000102M1000O0100O01O001O010O001O001O000000000002N1O01O0001O00000000001O01O1O1N2O1N2O1KQQl01QoSO1_O1QQNOnn12RQNNnn12RQNOmn10TQN0I0hn10_QN1G2hn1LbQN?]n1AdQN?[n1AfQN`0Xn1@nQN;Qn1DPRN?mm1ASRN?mm1@TRNa0en1001O00001L3O1O01000000]OmPN9To1FlPN9Uo1GkPN9Uo1GlPN7Uo1IkPN7Uo1IkPN7Uo1IkPN6Vo1JkPN5Uo1KkPN5To1LmPN3So1MmPN2So1OnPN0Ro11mPNORo12nPNNRo12nPNNRo12oPNNQo11oPNOQo11oPNOQo11PQNNQo11oPNOQo11oPNOQo11oPNOQo11PQNOon11QQNOon1OSQN0mn11TQNNmn11TQNNmn11a0O2OdYgd2
20130627063134Lh_3,\dnQ23ko14N0O2O0_OIoPN118on1OPQN2Qo1>00000000001O2N1O2N1O1O1O001O001O5NM000000001N1000O1OM3010O1O1O1000O10000O100O2O00000O010O10O1O010N2J50010O01000O010O1O00100N2O1000X\_i1
20130627063134Lh_4,`WcP34lo11N2O00001O10000^PNIZo17ePNJ[o1?0OO010O0001O0O101N1000000000O10000000000000001O002N1O2N4L00000O1O01O001M3O1N2L4M3O1M3N3L^hnk0
20130627063134Lh_5,i[WV13mo100001O01O000O100O10O100O100O1O10000O01O0100O100N2N200O1N2O10O01O0001O000100O1O0000100O010N1000O1000000001OM3O1O1N11N21O001O1O1N2O1OkPNMWn10[QNO`02Un1MURN3ln1O10O10000000O2Njdnd2
20130627063134Lh_6,leQQ21no12N2O1N101N101N100000010O01O001005K0O15J28G0O1O01O3M00001O2N0014K0000001O000O1N2O100O10000100O001O001O00011N0000000001O1O0O101N100O100ODQQNIon17RQNHnn18RQNHon17RQNHRo14nPNKTo14mPNKSo15=O001O00001N^Yli1
20130627063134Lh_7,gkbo01no11O2M11000M30005K3M2N001O03NO001O00@gPN:Xo1EjPN:^o1000000000O1O1O1000000000O1O1O1N2N2O100O1000000O10001OWT_m2
20130627063134Lh_8,]eXl22no11O00OTne0OmQZO2O10O1ORo10lPN;E3N1N2O1N2O100O0001MoRN^Ojj1a0VUNAij1>XUNChj1<WUNEij19XUNHij16YUNIgj14\UNJgj13\UNKej14e2N2NQQV1OQoiN00000YUN0gj1000[n52aQJ3N101[OI_QN7`n1K_QN6`n1JbQN3]m1LoRN1GOXm13SSNLfm15YRNKhm14XRNLhm14R100M4OonW12nPhN4L2fRNJhj17WUNJhj16XUNKgj16XUNJhj16XUNKgj15YUNKgj15YUNKgj15YUNJhj16YUNHhj18XUNHij17`2O2O001N2O1MVoc00kP\O2O0O1001OUONiQN0Un13l00010OoRNNUj1NlUN7ll12L3O2OOoPNCan1=_QNC`n1>`QNB00^k12aVN;QNC01]k11bVN:QNE00]k11bVN:QND20[k12cVN9aj1G`UN7aj1I`UN5bj1J_UN3cj1M^UN0dj10f200010O00000001OSS>1klA2M201O001O00000010O01^RNKWk15iTNKWk15iTNKUj1NfTN7S1LVj1MhTN7S1KUj1NiTN6S1KTj1NjTN7dn101O001O001O010001N1O100O0GHjPN9To1IlPN6To1JlPN7Ro1JnPN6Ro1JoPN5Qo1KoPN5^o101O1O010O101OO01O2N^P`0Nco_O2O1O1O0010O01OO2NnPh00RoWO2O2N1O1O1O01O002MZXWc0
20130627063134Lh_9,TYSY23mo11N10O010O010O01O10O01O10O01O010O010O10O10000O10O10O001O10O10000O10O1000O1000000000N2O100O10?0^flc1
20130627063134Lh_10,gfPV32mo12O0001N2Oonc00PQ\O2O000O2ONWPNNgo12QRNNXl10TRN0^12]l1NiSN8Rl1H[RN0[19Yl1GoSN9mm1O]NHbSN4^l1LcSN3Un10]PN0Vm1MiRN0_11cN3Tm1LnTN2^k1NXTN2hk1NXTN2_k1NkTN0Vk10^20O00010O0XPN0ao10^PN0bo10^PN1bo1O]PN2c1NVl10XRN1a11Wl1NXRN1`12Wl1NZRN0]13Yl1L[RN1Z15Zl1J]RN0Z15Zl1K\RN0Z14Zl1L\RN1[11dl1N]10dPN1mn1OWQN0M0ln10bQN0^n10XQN0K0\o10dPN0]o30ZPN0O010YP22doM1O1KL\PN4co160O6LO010N100O00NXPNMho11ZPNOeo11\PNOco11^PN0`o10`PN2^o1NcPN2\o1OcPN1Xo14iPNKWo15hPNLXo15fPNH^o177O1LUQ<OonC1O2NMYPNNgo10[PN1co1O_PN1_o1ObPN1]o1OdPN1[o1OfPN1Yo1OgPN2Xo1OgPN0Zo10fPN0Yo13dPNM\o1;1GbPNO_o10:O^Xob0
20130627063134Lh_11,ZbQg01oo11O10Nhn?1kP@>N2N1O100jPN@ln1`0SQNBln1k0N3M2N3M2O0004K2N2NZQNoN^n1o0bQNTO]n1k0bQNWO]n1h0dQNYO[n1f0fQNZO[n1d0fQN\OZn1c0gQN]OZn1a0gQN@Xn1?iQNAYn1M_QN632in1MVQN5jn1JUQN8jn1HVQN?dn1@[QNc0dn1[O]QNe0cn1[O]QNf0bn1YO^QNh0cn1VO^QNk0kn10001@RQNLnn14SQNLmn13SQNMnn12RQNOmn11TQNNmn12SQNNln12TQNNmn11SQN0ln10TQN0ln11SQNOnn1a01APQNLPo14QQNKPo13SQNKnn13TQNLmn12UQNM_o10000002N1ML7O^Pf00aoYO101O01N1Oj\^S3
20130702070714Th_1,oi\f227O^o12`PN2^o1NbPN2^o1NbPN3]o1LdPN4eo1O_OLXQN2hn13TQNLln14`000001O010ePNJjn16a0O001O010O0100O010O00100O1O10O0100O010O01O1O010O1O01O001O1N20O01O3M1O01O1O0O2O0000001O000000000000000001N010000000O2O2GCkPN=Uo170\OkPN=Uo1CkPN=Uo1CkPN<Vo1DjPN:Xo1FhPN9Xo18M3O0010M2O2M3M3K7JZVmS1
20130702070714Th_2,h`ml23XP<NfoE1O1aPNO_o11O1O1O1O001O1O1O1O100000O10N2^OKVQN7hn1a00OmNWOSSNf0nl1]OQSNb0nl1@RSN?ol1BPSN<Qm1HlRN2[m1ObRNKfm16QRNNTn17bQNKan1h04M6J3L3M3L6\OhPN4do1N3Nh_ZP1
20130702070714Th_3,Wb\k05ko11GLcPN6\o1JdPN7Zo180000001O1N6K0000000000O100000O1O100000000004L1O00001N100000000O10004L2N001O1O1O00000000O1O101N10000000000000000O1N200O2N1O100O2O0O10001O002N0010O010O00010O1OO2O001N3Mb]So2
20130702070714Th_4,eYeg11ko1401N100ePNNgn12ZQNOen1O\QN2dn1N\QN2en1L\QN4en1K[QN5Xo14K10000O2O1O01O1N100O10000000000000O2O1O000O1000000O010O010O0010OXOBPRN=jn1N2O0O200000O1O10O01000O0O2O1O000000N201mPNH^n16dQNKZn16eQNKUn1;kQNEUn1:kQNGUn19kQNGTn1:mQNESn18TRNDjm1=k02NO2I70_QNJZm16eRNK[m12iRNMXm10m1OneZS2
20130702070714Th_5,kejb13lo12O1O2N0O2O001N100O1000001O0000000000001O0000000000O1000000001O001O0M3O10000000000000000000000001O00001K4O2O0O2O00000O101O000000000001O01O00000000000000010O000000000010O00000000000000001O000000000O100000O1000000000GHjPN8Uo1JjPN6Vo1JjPN6Uo1KkPN4Vo1LjPN4Vo1LiPN5Wo1KiPN5Wo1KiPN5Wo1JjPN6Vo1JjPN6Wo1IiPN7Wo1HjPN8_o1O10000000000O1000001O00000000000000000000001O0000001O001O01O1O001O00001O0001O00000001O0001O01O00001O000000O10O0100O10O1000000000000000000010O0000001O1O00000O10O0100000000000001O001NXQj00inUO00000000051J0fN6^RNJbm16^RNJbm16^RNIcm17]RNIcm17S1000000000001O3M1O010O001O0O`P40aoK1O1O0O100000000000001O00000O101N1000000000000000000000000001O000000001O010O12M10O01O01O102M10O0000004L1O10O01O000011N001N1000001N2OiXUi1
20130702070714Th_6,PYWf02:2nn1e0N4K7H5K3cRNfNSl1]1jSNeN^k12mSN\1d0eNZk12nSN]1h0aNVk16nSN^1l0[NSk1]2W10O3N0O2O0O10gNoRNC4VOZl1n0lSNIKZOYl1l0cTNQOVO5Vl13bSN2e1Mhj12eSNOa11ij11gSNLa14gj10jSNJ`16fj1OlSNH`1<aj1KQTNEa1b0[j1HZVN7fi1G\VN9di1C\UNKZOc0Zk1@\UNOYOb0[k1^OZUN1]O`0Zk1]OYUN3_O?nl1BRSN>nl1ASSNa0ll1[OWSNf0Rn100\OPQN8Po1ERQN`0Uo11N01O001O0010001O0O1O0002N01O01O00O1O2L3O2MddPV3
20130702070714Th_7,d^oP25jo13M2O1B?M3N2N1TQNZO1Nlm1h1M2L4MjN^RN3am1L`RN6]m1KcRN=Um1ClRN>Rm1BnRN`0Qm1_OoRNe0ml1ZOTSNk0gl1TOZSNm0el1RO\SN^OOm0dl1D]SN^O2n0`l1B`SN_O5l0Zl1DaSN@f0=hk13cSN]Oi0a0ak12TUNNjj12XUNNfj12[UNNbj13_UNN_j12cUNN[j12gUNNWj1NUVNLji14VVNOgi11YVN0fi10ZVN1mi1DVVN>ii1_OYVNb0ii1ZOXVNg0^l12O2O09G4L8H3M2MWRn03dmQO4M3N2N2N2M3N2N2N2N1O1N3M201N2O4K2N000O1NEjQNROTn1m0`0M4K5N2M2O2M3M3OWQNGmm18RRNLTj1JkXN8RMOQj1JnXN5RM0Qj1LnXNNUM5ni1KQfPi1
20130702070714Th_8,m^UQ21\P64PPJOfo1NNOnn30WRL5mNKO000hn50^QH1]o1O10cPN071nn1O:0^PN0P10^m15eRNKYm13dS2MkmM0XO0g07kP<IYlI1VUHOXN0`l12\UN2lMLil11\UNOnM0bo10Z^Vl1
20130702070714Th_9,YfRb11no12N10000000000000NPPh1OSPXN0000000RPR10ZomN0XQN0hn10XQN0mnU10_PlN000ZPf00jo_41koiJ01O000000O100jYWR2
20130702070714Th_10,]XgS32mo12DOgPN0Yo11:1000000001O1O2NjQN5Wl1KgSN7Yl1IdSN:\l1FbSN;_l1E`SN:al1F^SN;al1G^SN9bl1G]SN9fl1FYSN:il1EVSN:Wn1010O2N0O1O1N00N31100N1010000O1O11O00O10002M4LQR20PnM3NO2M201OdeRi0
20130702070714Th_11,mXWf0327SP2GSn10eQN4M1TRNKlk17m1J_PNO70jn11RQNO00on10UQN0H0UR>5mkCKZSN0cl10_27foMIN0cm14V2M0O100000So30TQJ1^o1O`PN0co1070SPN0io12fSNNaj30lSN0Zn=0ioG0moI0011OO0010Ooo10PPN0N11O00N2iP64ToI2O1O0001O1ORk7ITUH100[50fJOiPZ45PoeK3O1N10O10000O1000000001O0001N2N2N2Nal50`SJ000Rfln2
20130702070714Th_12,fUmd23lo14nNKRRN8km1HURN;im1EVRN>gm1CXRN?gm1AXRN`0gm1AoQNMIb0Yn1AlQN0I`0Zn1@nQN1G>]n1@kQNj0fn1M4EoPNCSo1<900O10lPNEcn1:]QNH]n1=bQND\n1=dQND\n1;eQNEZn1;hQNDXn1;kQNBkm11hQN>mn1:I80O1M2100000001O1003L1AUQNHln14WQNJkn15UQNKkn14WQNKin15YQNHhn17a0O0O2O1000001MbkPX1
20130702070714Th_13,QW]a26Vo1MZQN4en1NZQN2fn1OXQN2hn1NWQN3in1NUQN3kn1NSQN3mn1OPQN2Po1>100O2M2O2O0O1N2O1K6J_oY2LnPZN0ao]O0QQ63WoG0001NcNOmRN1Rm1OP10]Q40hn;0YP@0mo90RPN0akhW1
20130811121434Ch_1,eT_k12mo15L1O000O101WQNGim19VRNIim17WRNKgm15YRNLgm13XRNNhm13WRNMim13WRNMjm12VRNNjm13VRNLjm15URNJmm15o01O000PQNIWn17iQNIWn18hQNHXn18iQNGWn1:hQNFYn19gQNGYn1:gQNDZn1=d010O01O0010O000000001O000010O01O1O1O1000O010O10O000000000000000O1000000O2O00001O00000001N103M1O1O000000001O00000000000001O00001O001O1O1O10O01O01O01O01O1O1O10O01000O100O001O001O010O3M6KO2N1O00O1000Tjfl1
20130811121434Ch_2,[aYR11mo15L1O2M2O100O100O101O001O1O01O000O10000N2O1O01O1O01O100O1000000O01N1K6O010O100000000000O100O1O100000O1O1N2N2O10O1O1O010000001O0O3M1N2O10000O101O0O100O1000O001O010000O1OM31O1O103Hh_Rh2
20130811121434Ch_3,R`Un0:Vn1JUSN=`l10gRNHC>_m11hRNe0Rm1_OgRNh0Um1T1I9J4NcMZSNa1el1VNlSNk0AXObl1IVTNi0[O\ORn1:SRNBom1;SRNCmm1=WRNBim1=WRNBkm1<XRN@j]lP3
20130811121434Ch_4,^h`S23lo1100001M_P21boM1N1000OPo5ORQJ1N100010O00001Onl1OQSN3O000XTNNag13^XNOag12_XNO_g11aXN0^g10cXNO]g11eXNL[g15Y4O0000100O1O2NTP60loI1O1N2O001N101O1O10OQTNGWh1:hWNFYh19fWNH[h18cWNI^h17aWNJ_h15aWNL_h14`WNM`h13_WNNah11`WNNah12`WNMah11aWNM`h12aWNMbh10_WNO[l1OO3N0O1O1oJNSZN2me1OQZN2ne1NSZN1me1OcVNMR25[g1KeVN0Q24jh1LWWN2VMNlj11mWN0XM0ij12gXNOXg14gXNKYg16X41O100O01O00hNIhRN6Wm1LhRN4Xm1MhRN2Xm1OgRN1Ym1OgRN1Ym10TRNI08lm1NSRNL06mm1NSRNL07lm1MgRN4Xm1KjRN4Vm1LjRN5Tm1KnRN4Rm1KoRN6Pm1JQSN5ol1JRSN6nl1JRSN6nl1HTSN8[n1OdPNIon17QQNJnn16QQNLnn14RQNLnn14SQNKmn15SQNKmn14UQNKln14a0N2M^og06]PXO3N1O001OO2O2M101N2N2NQR:1omE2M2O0010O10000004M22KO1000001N104K3NO010O1O6I4KRP:0PPF2N1O00001O02N130LmNOXRN1gm10XRN0gm11[RNMem13]RNKdm14\RNLRO3Yn11eRN8Zm1DhRN>\n11000O100O2N101N0001O00100O1O1000001N0gMCPUN=oj1CRUN<nj1ERUN:oj1ERUN:Zm101O1O1N2O001O0O2N[P>NgoA3N000O10000fNLiRN1Wm11\100Oin13TQN100001NXP`0Mko_O101dX[\1
20130811121434Ch_5,_lnV38ho12N2N4L2N1O1C]OXQNf0in1ZOUQNi0in1XOVQNj0on10010O1O1O2O100O01O0cQN[O^m1f0`RN[O`m1e0_RN\Oam1e0^RNZOcm1f0\RNZOem1f0j02OO10O10O100O001O2N1O2N10:HN2N01O1N5K2N1001N3QOHPRN9om1HQRN7mn1O3MRPb0Ono]O2N3N5J3N2N101O1O1N10O01O00000O2OO1AnPN0Ro10PQNMRo12PQNKRo14>O110O2M010O2N\Q]c0
20130811121434Ch_6,gdhT21no13M2O00MXPNNho10[PN0do10\PN0do10\PN0co10^PN0bo10_PN0`o10`PN0`o10`PN0_o11aPNO_o10bPN0_o10`PN0`o10`PN0Zo10lPN0To10ePN010`o11_PNObo11]PN0co11[PNOgo1500000KYPN0fo10[PN0do10]PNOco1070XPN0`o107010O100100O10000000ZPN0[o10ePN0[o10ePN1Zo1OePN2[o1NePN1]o1OaPN2fo1OMOYPN1;0`o11O1O0000O`N1lRNOYm12fRNNZm13dRNN\m11dRNLmN1_n13dRNLmN1`n12cRNMmN1ho10YPNOfo115OZPN0^o10cPN0\o10ePN0Zo10gPN0Yo10gPN0Xo10hPN0om13lRNMTO0om17jRNIWO0om13jQNNP1OVO0Pn12lQNNX10ll12mQNNm00UO0Qn12nQNNk00VO0Rn11mQN0;0KOK0Sn10mQN092LNXn10bQN0;1KOXn10bQN0;1KOXn10bQN0731MVn10aQN1k00YOOom10mQN1k00im1O[RN0UO0mm10nQN0do10dQN0mN0km11cSNO]l11cSNO]l11cSNO]l13WSNMmN0lm12XSNNlN0lm10ZSN0jN0\o10dPN0\o10dPN0\o10c00_O0`PN0ao10]PN0eo10XPN2ho12101O0000001OnYkd1
20130811121434Ch_7,hb[`15ko12M2O1O0O2O001O00010O000000000001O00000000000000001O00000000000000O2O0001O00000000O10O100O1N2O001O1000O1000000O10001O00000O101O000O10001O000000001O00000010O0001O00001N100000000O100000000O10O10000000001O01O00000000001O0000000O100000000000000000000000O10O10000O10O0100O1O010O10O01O10000O100O100O101O00001O01O0O101O001N101N1O1O100O10000O10O10O100O0100O1O001N2N2O1O10O10000O10000O1O1O1O1O10O001O0O2N2N101N11O00100O1O1000001O010O001O000O1000000O010O1N2FhPNJYo1780000001N100O2M2K5N2O1N2N2M3N2O1O001O1O0O200O010000000O100O100O1O1O100O10001O000001O001O1N2O001O00001N1000000O100O100O10000O010O10O010O00001O001N11O00010O01O00010O0O1O2O0O10000010O010O01O001J6M3O00100O1000O100O100O101N101N10000O10O1O001O1O10O0100O01O100O1O1O0010O001O1O001N1J7O001N01OL5O1O010O02O0010O01O1O1O1O2N1O1O1O100O2N10000O10000O2O000O101N1O1O1N3N1O1O1O100O10000O10O0010O001O0001N011N1000O10O10O1M3000O001O2O00O20N1AQOnQNn0Sn1UOjQNk0Wn1UOgQNl0Yn1VOdQNk0]n1UOcQNj0^n1JcQN@^n1LaQN4:IXn11bQNNXo1O_chc1
20130811121434Ch_8,TcQc11bo10jPN0Vo10iPN0Xo10fPN1Zo10ePNO]o10cPN0]o11bPN0^o10bPNO_o11aPNO_o10bPN0]o11cPNO]o11cPNO]o11cPNO]o10dPN0\o10dPN0\o10ePN0Zo10fPN0Zo10fPN0Yo11gPNOYo10hPN0Xo10<0O10O_PN0So11mPNOSo11>000`PNOQo11oPNOQo11oPNOQo11`0O`PN0Po10PQN0`o10ao10oPL0Po10PQN0Po10`00aPN0nn10RQN0nn10`P20dPL0jn10VQN0jn10VQN0in11WQNOin10XQN0hn10XQN0hn10XQN0gn11d000O10dPN0hn10XQN0hn10XQN0hn10XQN0hn10XQN0hn10XQN0hn11WQNOin11XQNOhn10XQN0hn10XQN0hn10XQN0hn10XQN1gn1OYQN1gn1OZQN0fn10ZQN0fn10ZQN0fn10ZQN0en11[QNOen10\QN0dn10\QN0dn10\QN0dn10\QN0dn10\QN0dn10\QN0dn10\QN0dn10\QN0dn10\QN0dn10\QN0dn10\QN0dn10\QN0dn10[QN0en11[QNOen10\QN0dn10\QN0dn10\QN0cn10^QN0bn10]QN0cn10^QN0bn10^QN0an10`QN0Wo10YO0`QN0_n10bQN0^n10aQN0_n10bQN0]n10dQN0\n10dQN0[n11eQNO[n10fQN0Yn11gQNOYn10hQN0Xn10hQN0Wn10jQN1Un1OlQN0Tn10lQN1Sn1OmQN1Sn1OnQN1Qn1OoQN1Rn1OmQN1Sn1OlQN2Qo100000O010WONcQN2^n1NaQN1an1O^QN1cn1O]QN1cn1O\QN1en1O[QN1en1O[QN1en1OZQN1gn1OYQN1[o10O0]OOYQN1gn1OXQN1\o10\OOYQN0gn10ZQN0en10[QN1dn1O]QN0`n12bQNN]n11eQNOZn11gQNOYn10hQN0Xn10gQN1Yn1OgQN1Yn1OgQN1Yn1OfQN2Zn1NfQN2Zn1NfQN2Zn1NeQN2\n1NcQN3]n1MbQN3_n1M`QN3an1M^QN3bn1N^QN1bn1O^QN2an1N`QN1_n10aQN1]n1OeQN0Zn10hQN0Vn10kQN0Tn11mQNOSn1OnQN1Rn10mQN0Tn1OlQN0Vn10jQNOWn11hQNOYn11fQNO[n11eQNO[n11eQNO[n11eQNO\n11cQNO^n10i01iPNO^n10bQN0^n11aQNO_n11aQNO_n11`QN0`n10`QN0`n10`QNOan11_QNOan11^QN0an10`QNOan11^QNOcn11[QN0fn10PQN3JNWo1NPQN9Qo1GoPN8Qo1IoPN6Ro1JnPN5So1KnPN3So1LnPN4Qo1MoPN3ln11VQNMin13YQNMen10`QN0_n1OcQN1[n10fQN0Xn10jQN0Tn10nQN0Pn1OSRN0mm1OURN1jm1OWRN1hm1OXRN1hm1OYRN1em10\RNOdm11\RNOdm10^RN0`m12`RNN_m12aRNN_m13aRNM_m13aRNM_m13aRNM_m13aRNM_m12bRNN^m12bRNN^m11cRNO]m11cRNO\m11eRNOZm11gRNOWm12jRNNTm14lRNLRm15oRNLol15QSNKol15RSNJml17SSNIml17SSNIml17SSNIml18RSNHnl18RSNHol18PSNHYm10eRN1\m1OcRN1fn10000O10iN0]RN1cm1O]RN1cm1O]RN0dm10\RN0dm10[RN0fm10ZRN0fm10YRN0hm10XRN0hm10WRN0jm10VRN0jm10S10RQN0mn30onM0TRN0km10URN0lm10TRN0km10URN0km10URN1jm1OWRN0hm11XRNOhm11YRNOfm10[RN0em11ZRN0fm1OZRN1fm1O[RN0fm10YRN0gm10T10VQN0em10[RN0em11[RNOcm12]RNNcm11^RN0`m10bRNO]m12cRNO\m10eRN0[m10eRN0\m1OdRN2[m1NfRN1Zm10eRN0\m1OeRN1Zm10eRN0[m10fRN0Vm13jRNMnl1;SSNEll16ZSNIfl15]SNKcl14]SNMbl13_SNLbl14^SNLal14`SNL`l14`SNL`l14_SNMal13_SNLbl14]SNMcl13]SNLel13ZSNNgl11YSNNhl13VSNNkl11USNNml12QSNOol11QSNNPm12PSNNPm12oRNNRm12^1O00aQNOQm10PSN0nl11`1001cQNNll11USNOkl11USNOjl11VSNOkl11TSNOml11SSNOll12SSNNnl12QSNNPm12oRNOQm10oRN0Qm11oRNNRm11nRNORm11oRNOPm11QSNOnl11RSN0kl12VSNMfl16[SNKcl10dSNO\l11dSN0[l10fSNOZl10fSN1Ul14jSNLUl11PTNOmk13TTNLmk13STNNmk12STNNmk11STN0mk11RTNNPl11PTNOQl11oSNNRl11nSNOSl11lSN0Tl10kSN0Vl10iSN0Xl10gSN0[l10cSN0^l10aSN0`l10_SN0cl1O\SN1el1O[SN0fl10YSN0hl11VSN0kl1OUSN0ll10TSN0ll10SSN1ml1OSSN0nl10RSN0nl10QSN1Pm1OoRN0Rm10nRN0Rm10mRN1Sm1OmRN0Um10iRN1Wm1OhRN1Ym1OfRN0dn11jNO^RN1cm1O\RN0fm10YRN0hm10WRN1im1OWRN0jm10URN0lm10TRN0lm10R10QQN0mm11SRNOmm10SRN0mm10TRN0km11TRN0lm1OTRN1lm10SRN0lm11TRNOlm11URNNkm11URN0jm11WRNNhm12YRNNgm12YRNNfm13YRNNgm12YRNNgm11ZRNOfm11YRNOhm11URN2km1NURN0mm10SRNOmm11SRN0lm10URN0km1OWRN0im10WRN0hm11WRN0im11WRNN[m11QRNOe00Zm10gQN16Oh01\m1NiQN9k0I\m1OiQN6l0J]m1OiQN4k0M]m1OhQN4j0L`m10ZRN5@KWn10eQN44OOMJ1_n10bQN7NL=OTn10^QN<Xo143N=@mbbc1
20130811121434Ch_9,VZib2;a01Tn17bQN4Tn1P1H8A>M20YOhRNaN]m1d0hRN[Onm12nQNLjn16`002N2N0000efX\1
20130825141154Bh_1,meUQ1<bo15K4L4N1N2O2M2N2N2O1N101N2O00001O0010O01O000001O00000000O2XOiNcRNY1[m1kN]RN[1bm1b0O1O1000000000O1000000O01O\O]RNmNbm1S1`RNlN]m1U1fRNjNXm1V1jRNiNWm1T1mRNkNRm1R1SSNlNml1S1VSNlNil1S1YSNkNhl1T1[SNjNfl1R1`SNjNbl1T1V1O0O2O1O000N3N1OHVO]QNi0cn1:OO10L4002N101O1O0100000001N2O0O1O1O1N1O2N101O01O0N3N2O010O100O010O001000O0100O1O1N2N1O2O1N101O000001O00010O01O10O010O001N101N2N2N2N2O1O1O001O00L4O2O01O00000001O1O1O1O1O2N102M2O0000000O10000O0O2O0O2N101O0000000010O001N2J5O1O2O001O000001O01O001O0O2N11O001N2O0O2O1O1O1O1O1O2N1O2N2N2O1N2O1N101N2O1N101N2Nl^Za2
20130825141154Bh_2,]aVh24io15N5L1O1O001OO10001OO1_RNGZk1:dTNH]k16bTNL]k15bTNK_k17]TNJbk18\TNIck18\TNHdk19[TNGek19[TNFgk1:XTNFhk1:]TN@dk1`0_TN\Obk1d0m10010O1O01000011O2VQN^OGKnm1i0WRNIim16URNHQn1_OiQNb030^n1LbQN4`n1K_QN5cn1J\QN6en1b010005K5LO000O2003NO0O01O1O1O0O2M3J6J6LQ\ST1
20130825141154Bh_3,PiZi02ko16L3I6J7K3O2N2O0O2N1O2O3L2OF_QNUObn1i0;O2N100000000001L3O3N6J]O^QNIan16`QNK_n1EdQN0O=[n1AVRN?fn10O10000O2O3M000O100O01O010001O1O1O00O10O1O1O01N101L4N101O1O001O1N1N3M4MUV_R3
20130825141154Bh_4,b\mm21mo13N2O0O1O100O0O100O1O1O1O1000000000O2O1NoNK\RN0`m1<m07QO\OXRNl0am1TO_RNR1Un10000TO^QN9Yo1JQo1EXQN6L2N101N100O1000O1001M200O010001O1O1O01O01O1O0O2NmRNL^j11eUNO\j1OdUN3Tm10O2O1OO10O100PMHXVN8fi1NVVN3ii1MWVN4gi1MZVN4di1L]VN5ai1K_VN5ai1KfVNK]i15W3000000001O0O2O0O2O0000O10001O000O100O2N1O2M_P4NdoK3N0kfhk0
20130825141154Bh_5,ildo11no11O1O102N000O1000O010N110O2N1Njn70WQH3O1N1O100O10000O101O1O01O0001O1O2N1O0002OOO1000O01O010O103L1O1O100O2O000O01O1O00001O0001O0000000000O100000000000000001O000O1000\o;MgPD1O000ST]j1
20130825141154Bh_6,gWki21no110000000Omo32QPL10000O10000O100O1O1O1O1O1O100O1O1O100K4O2O00010B^O^QNa0`n1D\QN=an1b0M3N101001N100O2O0NZOkNeRNT1\m1QO_RNo0bm1XOVRNh0lm1d02N2O1N2O1McRNbN^l1\1cSNgNZl1Y1gSNhNXl1X1hSNhNWl1W1jSNjNVl1T1lSNkNUl1R1^1I7M3O001N2M3L4N2O2N2M3L5LQkbQ1
20130825141154Bh_7,R_[h04ko1100O10000010O01O010OO2O1O1O[Pj05^oUO3N2N2N101O000100O1O1N100O1O100O0001O1N2O1O1N100GAQQN`0mn1;O0O2O0100O2N1O2N2N1N2OmNAgRN=Zm1EeRN:[m1HcRN9]m1H_RN:bm1G\RN9em1HYRN8gm1IYRN6gm1KYRNOWm1KaRN89JWm11]RN6<HVm1n0lRNoNhl1MkRNS1`0kNgl13hRNS1Sn1lNoQNR1an1N3M5K4L4L5J7HgbVR3
20130825141154Bh_8,fZ]\32mo19H3M2O1N11O001O11O5I1000O1O1O2N3N0003M000QO_O^RN`0am1A_RN?_m1CaRN=]m1DdRN<\m1DdRN<\m1DdRN;^m1DbRN;`m1DaRN;bn102N4K]d`a0
20130825141154Bh_9,[_Yj01no101000b00^o50fm]10`RZN0bo117O10RQN0lm10SRN0nm10^10C0d00bM0f30bK0mRN0N0n00nl10VRN0M0To11nPNO00To13RQNMjbdR3
20130825141154Bh_10,fWaZ2>bo11O1O000G9A>N3F:O1O1O1O]OSRNTOnm1d0ZRNZOhm1e0ZRNZOgm1c0[RN]OQn16SRNGPn1OWRN1lf\d1
20131027185354Bh_1,]aWd14lo10`PNMg02Wm1ORRN1L16:Wn1EbQN:N3_n1CcQNo0]n1QOcQNo0^n1QOaQNo0`n1PO`QNP1an1oN^QNS1an1mN_QNT1`n1602NOO_OcQNB]n19g00N2O00O2O2J5N3O00O1000O11O0N010PRNCal1<_SNG_l18cSNG\l19eSNGZl19gSNGXl19iSNGVl19kSNHQl1:RTNDlk1=k101N2N2OjPNHhn14ZQNLh]RY2
20131027185354Bh_2,Yddb01no13M2O1O0O2O001O2N2N5K10O01O1O001O00O010O1O1O1000000000100@gPN8ao1O10O01O10000O10O01O001O00001O0O2NkPN3Ro13N1O2N1O1O1O0O2O0O1N2000000000000000001O3WQNZORn1g0kQN[OUn1f0iQN[OWn1e0hQN\OWn1f0hQNZOPn1MiQNj06ZOQn1m0PRNROPn1m0SRNoNom1P1a0M3N20001N100O2O00001O001O001O00001O00000O100O1O0O2O001N101O1N2N2O2O1MoP2NUoM1O001O00001O001O2\PNKYo1>0001O0O2O1M5L3N0O10000O1M3N2O100000O10001O3M2N10O0000000O100O1O1O1O100O10HXQNXOgn1`0[QN^O00fn1b0`0O1000O11O0000000001ODhPN0Yo1NhPN2Xo1MiPN4Wo1JjPN6`o11O0O100O100001O01O01O100O1O0000000O10001O000001O0000O101N1MeY_P3
20131027185354Bh_3,cUU\32no1000jo=OVPB2N2O1O1O001O0000001O1O1O01O1O001O000O1000O100O1O01O100O1O01N2M3O1O10O01N2000O101O00001O03NO0000002N001N10001O1N2O2Khj`?
20131027185354Bh_4,khRY32fo19N3N2`LDXWN=fh1DZWN;fh1GYWN8gh1J_WNIeh1:_31O2O0O10O10000000O2O00101XSN@mi1c0dUNG^j1;^UNFcj1;ZUNFgj1:YUNAlj1>TUNAnj1?QUN@Qk1?X210O100O1O0010O10O01O101N11N2N1O00011N4M10O001O01O0O101M2NZoa2JkP^M3nRNMTj14jUN2Rj1MmUN7Sj1GkUN<cl1:N2O1N3N100O01O0O2O1N101O000010O0010O100O1N2O2M3M3N1O001O1O1N6K2N1Ojm51SRJ2O1O1O0002N3LhYc=
20131027185354Bh_5,[djg21oo12N001O00O1N\PN4bo11O3L2000c0\O0000000001O0O1O2M2L6J5O1O1O2N0100O101N10O011O06J1OO01O0010O100O1N2O001O0001O000O101O0010000000O02O0O4L1000000000O1O1O1O0000000001O2N2O000QQNZObn1f0]QN\Ocn1d0[QNBan1o00N2O0O2O1N1O1O100000M3WOnNdRNS1[m1oNcRNQ1\m1ROcRNKBk0km1[OjRNd0Vm1]OjRNe0Um1YOkRNi0Tm1VOlRNk0Sm1TOoRNk0Rm1ROQSNm0Rn101N2N00100O1O2O0O2N1N1N3O003M2N2N1O0O2O1O2M^MOQ^WP1
20131027185354Bh_6,[\Y\16ho13ROKmQN8Pn1KmQN7Rn1KkQN7Sn1FPRN<om1DPRN6BF_n11QRN9AF`n1OnQN;CF_n1OmQN<\n1DaQN?mn13N2O1OO0JnPNBQo1:<O1O2O1N2O003Ln00jbTb2
20131027185354Bh_7,PhTg24lo100OWl=1gSB3lRNKZj16fUNJZj16fUNJZj16fUNI[j17g2000YSNIei15\VNMci12^VNNbi11_VNMei10f81_J0O1PQNOYk1O`WN2`h1NaWN1\iU10kRlN1O0001Nfn10m40]lM200O0im31URL2OO2N`o1NbPN1_S42^lK1O1O1001OEKkPN5[n1KSRN1B4Yi1L\[N0hK0D4Xi1MT\NNeJ2[i1N^\N1ii1OO2N2O1O0ZOMbQN2]n10cQNM]n15dKKZZN7fj11001M[j7JnUH0hT:4SkE0CNlPN1Uo10jPNOWo11<0jl5OWSJ1oVNMSb13l]NOSb12l]N1Qb1Oo]N1Qb1NY<NgJ4M200UMImUN6Ul1JjQN5Vn1MiQN2Vn10m00PNLTTN4mm1N[QNOfn13N1O0O000hLKgVN4]g1MXXN0Rj10ZR8OePH2UTNOeg11ZXN0gg1OZUN0j11Pj10PUNOQO3lk1OSUN0oN2b0Lki12cVN1PO2a0Lkk13cSN2`0Lmk12bSN4`0Jek1;dSN4d0Bhk1:cSN6d0_Okk1<`SN4f0^Olk1`0^SN0lm11QRNO9@Vm19bRN58BXm18aRN48DXm16cRN26G=2dk12SVN0nl1Oel30[SL2YNKaSN6\l1MdSN2\l10h110O1OZNN`SN1`l11f11O10OaTNNQg12PYNNPg11RYNMof12oX6Nml10fnG1O1O02N`10gH0b[N0]d11c[NO]d10d[N1Xd1Ok[N1Sd11m[NOSd11gVNN`4Ojd13fVNNkn90\PH3N1XTNLcg16[XNMdg12[XN1cg1M^XN5bg1I_XN9ck1101N010O2`JA\[N`0bd1A^[N?^d1Cd[N=\d1Af[N?ni1@fPN8bo1000cJJoZN6Re1HP[N6^j10ZNJ`SN6_l1L`SN4Wn10O0YIMb]N3]b1Nb]N2^b1Nc]N1^b1NfYNMT14We1NeYNOT12Rh1NoWN1Ph10P40XYSj0
20131027185354Bh_8,fPcU22mo12O1O1N101O003L100O100OO1O1O1O2M2O2N002NWQ62hnI101QO5gQNKYn15fQNMYn14fQNLZn14eQNM\n12dQNN\n12\QNHL7hn11[QN6gn1JXQN4jn1LUQN4ln1LTQN4ln1KUQN4ln1LTQN4jn1NVQN1jn10VQNOjn12VQNMjn14VQNLin1f0O1001O0O2O1O1O0O101N1O10000000O10000003M01O1O@mPN5Qo1KoPN5Qo1KoPN6Po1JPQN6Qo1IoPN7Qo1IoPN7Ro1GoPN9\o10000004K10FhPNLXo13iPNMWo12jPNNVo12kPNLVo13kPNLVo14;0O1ZOKaQN5_n1KaQN4^n1MfQN0Zn10k0Okofd1
20131027185354Bh_9,ZToo23do1;M3ePNB41]n1?^QN@44\n1<`QN_O4:Zn1:hQNG<IQm1;dRNM6Kll1KjRN3=9JJPm1JiRN1?=DIWm1GaSNU1dm1001OO2O10O01N11N20OH62E<O2G;K6EdPNJXk^n0
20131027185354Bh_10,Zc`Y23lo11\NOXSN2hl1OTSN4jl1NVSN2il10VSN0jl10VSN0jl10VSNOkl11iRNI]O5jm11jRNJ]O4im12jRNK\O3jm12jRNK\O3jm11ZSNNfl12ZSNNfl12ZSNNfl12ZSNNfl12ZSNMgl14XSNLgl15YSNKgl15b1O101O0O1000000000000010O00010O00010O1O00001O000000100O2OOVQNIlm17SRNJom14QRNKom16PRNJPn16PRNIQn17l01O00001O00001N100O2O1O02O000O1O010O01O17IO0SOJQRN5om1KQRN6ln1001O010O001O001O00100O01O00000O100000000O1000000OCLPQN4on1NPQN2on1OQQN0Po10PQN0on10RQN0kn12UQNNln12UQNMkn12VQNNjn11WQNN^o101OiPNO_n11aQNNan10`QN0`n10_QN1Yo1O\oc02`P\O4N0J7O001O01O0DcPN5do11O00001O001O00100O0001OoPNHZn18fQNHZn18eQNI[n17fQNH[n16fQNJZn15gQNJZn16h001O001O0022L01O0010O0]PNK[o1>O1O1O1O1O001O00001O00O100O2L3N2N201O001O205KNN20j\aZ1
20131027185354Bh_11,cg^W22lo13O0000100O01O001N2OUP85eoG3M2O0O20N1000QNHWTN7ik1IWTN6lk1HUTN6lm1O2MelS4N\SlK2O100000O2N[Tj0OfkUO11OSnQ51kQnJ1mNOVRN2im1OVRN2WOL\n12]RN2VOM]n10_RN1UOOho1Ogom01XPRO2O0O10O2O1NSke11lTZN2O0001NVVl8OlQaf0
20131027185354Bh_12,hV]f24jo13L3O0O2M2O0O11OoPNE`n1:aQNF`n18aQNI^n17cQNH^n16dQNJ[n16gQNIXn17iQNIWn15kQNKTn14nQNLQn14PRNLnm15oQNOQn10oQN1Pn1OQRN0om10RRN0nm1OTRNNmm13P100O010000O100hQNJfl16ZSNJfl16ZSNJfl16ZSNJfl16c1O0N2O2NYPj0;^oUO0O00OZQNGgm16[RNLem1M`RN4en1000001NihfU1
20131027185354Bh_13,gbYf23lo16K1O0O0010ON2001O1000001OgPNGkn1<mPNJSo1a01O1O1O000000000000000101N^OmPN;Po1CRQN<Yo101O00000O100000O10002N1O00O100N2O100O010000O1000000000EdPN2\o1MePN4co11O01N2N1O]PP11cooN0O0100000K5K5O100O1O1O2M4K;F3M20001O0010nN\QNj0ln101N4L000N2O100000000^OmPN7To1GmPN9]o100O10001O001N2O0O2O1N2O0On[hQ1
20131027185354Bh_14,lV[f24lo101N10DOhPN1do1O\o30_Q20VoI001O0O100O1oo7MXPF0kng00QQZO0N2O1O1O20O0O104L0000RP<0[PB0Vo11<01O\PN0Xo10=0jinU1
20131027185354Bh_15,TcZ\23mo10I7iNGfRN0mN7co1I^PN5do1K[PN0jo1030RPN0Ro10bP>0ZPB0QP60RPN0WP80SPd00YoSO0ZPL000YPN0Ro70gPJ1HO\PN0jo10H151dPNNkn10mPN0^o10mPN0hn10XQN0hn10R21aNO10RPN1ko1OUPN0no10N0Uo90mPF1XP6O`oK6RPNJ6000QP20ooM010bP`00]o_O0fPN1cn1O^QN0bn10[QN0_O0mo10M0VPN0jo10VPN0jo10UPN0Vo;2TQ2NhoK0moK0O0ooM0^oM0QQ<0doC0L0YP<2X\iY1
20131027185354Bh_16,m`ef2152bo161IgM1X260O4Ih11Zj14hSN;NL002KPl1NUTN1N2N10O2M2O3MY97^F8G8K3K4L3I7H8VJcNo\N`1mb1fNm\N]1Wb1]NRYN7d4`1Xb1ZNSYN7c4b1Tc1\Nm\Nf1Tc1UNm\Nn1ah12M1D=aE_MZgNf2fX1[MVgNh2jX1XMSgNk2nX1TMQgNl2Qc11O0gKTM`[Nj2`d1XM`[Ng2`d1ZM_[Ne2dd1ZM\[Ne2Pe1WMiZNg2We1aMcZNU2he1jMXZNS2le1lMUZNS2li101O2N2O0O10O0000002O2NO010O0O100000000001OO101O0000000000O00100O10O1OOOQMlMVXNS2mg1mMQXNT2mj10O2N2M3N201N5K3XNZMQVNh2bk11O1N2O02NPM[MgXNd2Xg1^MhXNa2Xg1_MiXN_2Xg1`MjXNe0YMf0ni1eNjXNd0YMg0ki1eN^VN1P12iNb00e0gi1gNaVN1l05iN?4c0di1jNdVNNg0^1TOF`i1POdVNLh0_1^O\N_Oc0hi1FcVNMh0^1ImNmh1GcVNMh0^1JlNlh1HdVNLh0_1JkNjh1IbWNMnN_1f0iNnh1G`WN1lN_1f0gNak1X1aTNeNak1Z1aTNbNak1^1^13L22O1N2N3J6LSNgNZUNV1il1O2M2N2M3M3NbNXOhSN<hNFbm10dSN9hl1FYSN8Xn1O^me1NeRZN2O1O0O0hlY1GaSfN000`hPm0
20131027223034Lh_1,fdbi24ko1101\PNLYo1`0M6K1O2dRNWO]k1j0bTNWO^k1i0aTNXO^k1h0aTNZO^k1f0cTNYO]k1g0cTNYO]k1g0dTNXO\k1h0dTNXO]k1g0dTNWO]k1i0n1N1O2I7O001O1O011O00O10O100O10O1000OSRNDVl1=iSNCWl1>hSNCXl1=fSNEYl1<fSNEZl1;eSNFZl1:eSNG\l19cSNG]l19bSNH^l18aSNI_l18_SNIal17_SNIbl17\SNJdl16[SNKel16ZSNJfl16[SNJel15[SNKel16[SNJdl16\SNJel16[SNIel18[SNHel18[SNGfl1:YSNEhl1;XSNEgl1;ZSNDgl1<YSNCil1<WSNCjl1<WSNBkl1>USNAll1?Z10100O10O010O01O10O0100OnPNH]n18YQN2fn1e000O010001N001O1ODQOgQNo0Zn1POfQNo0[n1QOeQNo0fn1000ROQOlRNn0Tm1ROlRNn0Tm1ROmRNm0Sm1SOnRNl0Rm1SOPSNm0ol1SORSNn0kl1SOWSNk0Pn101N100O1N3N1N2N2O1O1O2N2N2N2N1N2NQYYo0
20131027223034Lh_2,VPQV21no14L2O1O000000MaPNMWo13iPNNVo11jPN0Uo11kPN0To10lPN0To1OlPN2Uo1MkPN4`o1000000001O00001O00001O01O0000001O00001O0010O0001O000O100000O100aPNKSo15mPN0nn10RQN1mn1ORQN3ln1NTQN3kn1MUQN3kn1MUQN4jn1LVQN4jn1LVQN4jn1LTQN7kn1ITQN8ln1HSQN9mn1GSQN:cn1A^QN5N;dn1A\QNl0dn1800O10000000O2O001O0O3N1O1O2N1O1O1O1O001O2N1O1O0O2O00001O0001O001O000O101O00000001O0N2O100O1K6O000000000000O1O1O1000O100000000O101O0O101N1O2N2ORofa1
20131027223034Lh_3,ibce14jo13M3M3M2N3M3M6J4Ja0A2N3N10O01N2N2O1OAQRNfN11nm1Y1?N3A>O2M3N2M3M4L3N3M3NW^^X2
20131027223034Lh_4,adfc07ho12N3M2O1N101O000O2O00000O1000O1000000000001O010O3N1N10100N8H001NlPj0O^oSO2]o10aPN2]o1OcPN1]o1900O1000O1O10O10000O1iPNBln1?RQNChn1d0VQN]Ogn1Q1M2N2O5K3L2O0000[OhQNAYn1?gQNAYn1>hQNBXn1>iQNAXn1>iQN@Xn1`0iQN^OXn1a0jQN\OXn1d0b0000000O101O0O10001O00000000000O100000001N1O1O1L4N2O1O101O0O100O2O0O1OaQb1NVn]N1cPN5Uo1?N2N2N10001N100O010O1G9O10O10000O100O10000O1O1IYQNTOhn1k07L4M3O1O10001O001O1O1O1DePN1eo11O1O1O1O001N2O001N101O001O0O1000000001O00000O1O2N1N2NdYao2
20131027223034Lh_5,`\ei21oo1001]TN8Vk16K6K3WO\OoQNj0lm1h0L4L3L4O0001K50001O0001O1O2DSN`RNo1]m1;N2O2N1O2O1O2O001N01O1O2N1O001O1N1O2O0J6M3N2N2O10O100000<D2N2N1O1O000O101OO10O010O00001O00O1000O1O1N3O00001OO1M2010O1YN\MRVNf2mi1]MPVNc2Pj1_MmUNb2Tj1^MkUN`1mNQOXk1@nTN5OX10mNWk1GgTN70P1:mNRk1LcTN:Nm0dl1iN]SN=Kj0kl1iNYSN^10bNil11USN[17]Nil19oRNX1em1hNZRNV1hm1`02N101N;E2N101N2O0O2O1N2N2N2N2N2M3N2M2O2M4K5L3K7I`bnn0
20131027223034Lh_6,c_ik04lo11O0O11O000001O0JKbPN5do12N2`PNJRo16mPNLNMln1l00000004NN02N1O106I1O001O1O2M2O001O1O1O1O001O00000001O0O1O13M100O100O001O1N\_PQ3
20131027223034Lh_7,im`a22mo1102N1O1O001N10000O100N2O010O1000N2O010O1000000000O2N1M3O101O0O10000000O0N3M3O10000O105J1O2NbRa[1
20131027223034Lh_8,gb[h2=ao14N2N1O10O100O10001N2O000O10O01O10O0001O0000iMDnRN1`1;^k1DXSN0Y1<\k1DXUN;gj1E[UN;`j1EeUN:Pm1O2N`LJ[WN3gj1LZSN3cj1MmUN1A1dl10CNSTN7km1O1OTNKoSN3Sl1MmSN3Sl1MnSN2Rl1NoSN1Ql1Oo10VR80lmG10O01WMOaUN0Wm100000[M0ZUN0gj10XUN0jj50cRN0ooM00000000000_R80_oG8iM3L3XNBjSNa0ai1_O^WN0oNe0Ul1[OhSNj0dm13aNSOgSNP1ci1POPYNS1ci1mNhSNU1bi1kNRYNW1kj1000oKiNYYNW1ff1iN\YNW1gj1O8HaKROnYNl0ej1N2N4L2OeM]OYUNa0Tm1O00fJ@U[N?Vj101OWMBPVN>il100O10ZLCiWN=lk1010WJCaXN2Q1:Yf1HV\N8Re1EiYN:Qd1EV^N<ka1Io]N7Rb1Hn]N8mh1OjHEi^N7ch1Lnh15XWNIQcTP1
20131027223034Lh_9,c\i]19fo13L2N2J6M30000O2OO1O00O100OM4N3NE<0O1O1N21N11O001O1CQQNIon16UQNEmn1;<00N3N2MgdT`2
20131027223034Lh_10,bh\W21oo10WPN0bo10^PN0ao11_PNO[n12bRNOdm12[RNOem12YRNOfm12ZRNNfm13XRNOgm11fQNJ75Sn11eQNL64Un11dQNK74Vn11bQNL73Wn11cQNK64Wn12cQNI65Wn12cQNI56Xn11SRNOmm12RRNNom11QRNOom12PRNNPn12PRNMQn14nQNLRn14oQNKPn16PRNJPn16PRNJPn17oQNIQn17PRNGQn19PRNEQn1<i00001O00001O001O1O000000000006J1O3N1N10O001O1O001O1N1O2L301O001O10O0100O11O02N11N0O10000O01O00000O2O002M3NfW_c1
20131110185354Bh_1,][WV16io12O1hWN8V`1Hg_N>V`1Bh_Nb0W`1[Oj_Nh0eg12N1000000000O3N9F3M101O1O00001O001O001O000000000000O02O000O1O1O10O01O0100O10000000010O1OO2NPHNU`NOm_12P810O2MYW>0ehA5L3M1010O1O1N4Keo9OTPF>H6K5K4J5O1000O1M4L3O1O1N2M2010O1L1iIYOY]Ni0hb1XOV]Nh0Pi1O1000N2ZOf0O1101N1N4M2O4L7J000000000ON1M3N3G9I8M3N2[OZNmRNi1Qm1d0O1N2\OaMfSN`2Yl1bMcSNQ2NoM]k16PUNMCj16QNPk1a0TUNg16hMbj1f0WUNa19hM_j1h0YUN>H\Ob0]O[j1j0]UN:6oN5IZj1l0`UN95jN70Rj1k0gUN8Wl1GnSN7Ql1IQTN6nk1KSTN4lk1MUTN3jk1NVTN1jk1OXTN0hk1OZTNOfk11]TNYOjN9il1=aTNVOhN;gl1>mTNASk1=oTNBQk12\UNNbj11bUNN]j12eUNM[j11iUNLWj14l2N2NWeR`2
20131110185354Bh_2,VidV35io13N2N100O10000O010O01N1OEHRQN7nn1MoPN2Qo10nPNOSo11mPNMUo13kPNLVo15iPNKWo1?hNDlRN<Sm1JgRN7Ym1KeRN7Xm1LeRN8Xm13]RNMcm16YRNKfm18WRNIim1W10M300O1O3M1M3J6M3M3N2O00000O1O101N101ORNoNoTNo0Sk1QOkSN41j0Qm1YOfRNm0Zm1VOdRNj0[m1ZOaRNf0`m1[O^RNf0kl1jN_SNb0Ed0il1nNaSN?Dd0il1POaSN>C>Qm1VO[SNe1el1[NZSNf1el1[NZSNf1el1[NZSNf1fl1ZNXSN]1Rm1dNlRN]1Sm1fNjRN[1Vm1c04N12O0000O2O1N1M4K4O101O00000010O10O0O1J6N3N2N2O2M20000000000@eQN\OZn1d0hQNYOYn1f0a0N3J8K8H_[Qc0
20131110185354Bh_3,Xl\g25ho1<@:L2M6J4M3M3LXOeQN1Wn10oQNLom14ZRNDfm1<[RNH`m16bRNK]m14dRN2Wm1DRSN>nl1_OSSNb0Qn15NFSQNDln1<UQNDjn1<WQNCjn1<WQNCin1<ZQNAgn1;a0K5NN4M3O1N2oNA\RNc0em1_OWRNb0im1_OURNb0lm1^OSRN`0Pn1@oQN>Sn1ClQN;Vn1FjQN9m0Ffk11\SN:n0Fek1O^SN;m0G]l16eSNJZl16gSNIYl16hSNJXl16hSNJXl16hSNJXl16iSNHWl18kSNFUl1:j1O7HfScU1
20131110185354Bh_4,T]ek13jo14N2O1N110VRNGlk18oSNMVl1NiSN4Wl1KiSN5Xl1IiSN7Pn100000000000000O10O1O10O01O1O1O10O100000O010000O100O010O1O1O100O2O0O1Ofoc0OUP\O8M2O001OM3010O0100O10000O01000O010O001O10O01O10O001O010O0[OIcQN6]n1O^QN2an1O^QN1bn10^QNOcn11\QNOfn10YQN0hn1OWQN3in1LWQN4jn1KUQN7kn1GVQN9Xo10000001O00000001O00010O00VRNHmk18TTNIjk18VTNIhk17XTNKgk14ZTNObk11_TNO`k11aTNO^k11dTNN[k13fTNLYk14Y20001O0100O01000O01000000O10O0100O10000O1000000O010000000O10O10O100O1000O0100000O10O100000O100O00100O0000O2O00002N1O1OfcZi1
20131110185354Bh_5,bXWc09eo14M4M2M3N2N0:F9G4LXP24doM3N4K2OO100O010O2N101N1O1O1O1O1OUP:NioE5N2O1N10000O10000O10000001O0O10000O10O0010OO10000O10O0101M2N2M3N2O00O01M300N1003M3K6K5GjglW3
20131110185354Bh_6,b[aj07ho12N2N10000O100O1000O10000O2O001N1N2M3N20M3O1O1N3N2O2M10O1N2O1O010O001O1O001N3N1Neo52doIM_QN8^n1HaQN:Qo11O01O1O2N1000001O01_PNLTo15jPNMUo1?0000O0100O1O100O101O1N2O1O00001O0000001O1O001O00000000000000@KTQN6MGdn16\QN5ln1`00O001M2M21M3ON3O001O01000N3I7N2N2O2M[fbn2
20131110185354Bh_7,eWec11mo14N1N4M001O0O2N1O1O2O1N1010O012M6J2N1O00000000000000gPNJin15WQNK[n1OdQN;JG^n12hQN7JG^n12hQN7JG_n12fQN7KG_n11gQN9IG`n1OhQN9HH`n1OhQN;FFbn1OhQN;GESo19<N100000000001O1N2N2O001000O01000O3N2M1O1O1N2N3Ndg`X2
20131110185354Bh_8,UWUf21oo12M3M100O01O01N2O000O1O2N100100N1N2O2O00010N110O01000O010O010O01O01000O1000000O01O0O110O1O1O2NhijV1
20131110185354Bh_9,YbfS22no11N2O001O0DMkPN4So1NlPN3Ro1OmPN1So1OlPN2To1OkPN2So1>0000000O01000O10O01O01O001O1O10O010000J50100O01O1J6O101N1O2O0O1N2O100O010000O10000O2N101N1O101N1O100O1O100000O100O1O1O1O00100O100O010O100O0100O010O100O00001O0001O00O2O0001000O01000000O100O100O100O10O10O100O01000O010000O10000O101O001N3N1O1O1O1O0O2O0O2O000O10000O1000O1F:O1O10O0100O1O1O1O100O1000000000000000001O000001O0001O00001O01O01O1O00010O01O01O01O01O001O00001O00001O000O2O001O001N101O1O1N3NRRR30lmmL3N2O3M2N1O3M1O1O001O001O0010O10O0100O010O10O0010O011N001O1O0000DCVQN<gn1HXQN7hn1JYQN5gn1LXQN3in1MXQN2hn1NXQN2hn1NXQN2hn1NXQN2in1MXQN2hn1MYQN3gn1LZQN4gn1H\QN8Wo1O1O001O001O1O1O001Nc\gX1
20131110185354Bh_10,^bPT21`o10PQ`00[oM0YoG0jPL0loM5o0KUn10QRN0Pn70gQF0bn10]QN0dn11[QNOfn10YQN0Zom00SPVO0ooM000000000SO0m00lPN0Xn10l00000000cP`00gnA0[QN0eN0bP80no10UPJ0iPL0XO000oo10QPN0O0no;0RPF0YPV10iogN0O0lN0XRN1kn1000kNO[RN1jn100O00ln50YQf10^PB0ZoiN0\_o^1
20131110185354Bh_11,\`ao25io13I6N3M2M3O1O10O01O010H8O0J51N3M3O0M400O1O1O1O001N101O00001O00@^ObQN`0an1EZQN<en1?100O100O1O1FVQN\Oln1d08O2O001N2O003L4M1N2O0O102MTPZ10joeN3O1N3L3K401000O01O00010O001K41O1K5N200O101N1M3N3Mjo]1OVPbN4M200O10000000001O00001O1O1O0O10001O;E1O0O2O01O01O01O1O0001O000000000O1000000000000000001O001O00001O000O010001O001O0001O0000000TRNUOcl1k0]SNVObl1j0^SNWO`l1j0`SNVO`l1i0bSNTO`l1l0`SNTO`l1l0Z100000000001O0\QNROVn1o0hQNSOWn1n0fQNUOYn1k0fQNVOZn1X101O00000000CgQNTOXn1k0iQNUOWn1j0jQNUOWn1LfQNe05^O^n1a0cQN^O_n13[QNO6Oan10[QN030dn1MkQN2Wn1LiQN3So1NRabb0
20131110185354Bh_12,`Qki2:^o1<G;F7K8I6J4M3L7I5KZN\SN4al1LcSN2[l1MPTNKnk11ZTNKfk15]TNFek1;Y2E^OMe02B0kPN1nn1d0M20NL60OaRNUOnk1h0QTN[OPl1`0STN@ok1<TTNDUn1OQQ62lnI1_mPT1
20131110185354Bh_13,e`iT22mo1101O7I01JaP4NfoK1jNN[RN4dm1MXRN6hm1KVRN6jm1JPRN<Pn1DnQN>Rn1CmQN=Tn1BkQN?Un1CiQN=Xn1CgQN=Yn1CgQN=nn1O1000000O101N2N100000000000O1000O10O100000O1O100O100O10O0101O3L`PV1LdoiN1l^df1
20131217192134Ch_1,RjP`23mo12N10O1O00^P80aoG7J3M3M4M3N7H0O1000O3N1O2N1O0O1O1O1O001O2N2O2N1N2O2O00bPNJPo1c01O2004J100O0O2N1OROTQNi0kn1WOWQNg0gn1[OZQNe0fn1ZO\QNd0Ro1N2O1ObN_O\SN`0el1@\SN?Tn1O_NE\SN:dl1H[SN8el1H[SN8el1E_SN:Sn101O1O1O00100O2N1O2MYQ`01fn_O11OSOOkQN1Un10jQN0Un11lQNMVn13k01O01000O010O10O2N1Oiko02UTPO2N1O10N5K\TN0dk12O1N2O0O2O0O1O100O10000O10000O1O001O1O1O1O00M4O1O1O2N2N2Nkkc0MZT\O00O\VoU1
20131217192134Ch_2,l][S32ko14J4N101O1000001M2N3N2N200O2O2N3iMZOnTNi0_j1;nTNEoj1d0kTN[OSk1l0jTNQOUk1R1VUN`Njj1c1h11N_O^RNfNcm1f0[RN^OWn1`0d010N1011jRNAij1`0VUNEfj1<YUNEej1=\UNAdj10eSNIi10ej17gSNEan1;b00N2O1N1kQN]Oll1c0ZSN\Odl1b0]101O0O3L4IRP`0MVP@2O1O100O100O100O00OZTNJfg13V4OcgZh0
20131217192134Ch_3,Tc`d26io1101O1O0O2O1OO2N1OWOKiQN4Vn1OjQNOWn12j0101O1N1O100O100O0O20O100O10001N100O2O000O1000dRNKmj15RUNMmj13SUNOkj11UUN0jj10UUN2kj1NRUN4nj1LRUN5mj1KSUN6lj1KSUN5nj1KYUNMgj13ZUNLfj15ZUNIgj18`2001nPNJXn16hQNKWn16iQNIWn17iQNJVn17jQNHVn19jQNEWn1;g01O100O010O01O00001N1000001O0000000001O001O1O1O001O100O10O010O010O10O001O1O1O001O0000000ZRNZORl1f0lSN^ORl1b0mSN@Sl1?lSNCTl1<nSNCQl1=PTNBPl1?PTN@Pl1`0PTNAok1?RTN@nk1a0QTN_Ook1b0RTN\Onk1d0f12N2O0O2O0000000001N1M4M2000001OSQN_O[n1b0dQN_O\n1b0aQN@^n1b0`QN^Oan1c0\QN_Oen1m02O0O1O1O2N1O2N1N2N2N101O00000001O0000001O00001O001O001O2N2O1N1000O10000O011N2O01O0O2N1000O2O1N1O1O2XOQQN;\o1N1N3L2O2O001N10f[co0
20131217192134Ch_4,`lhS25on1NjQN4Tn1LmQN3Vo1MgPNOkl10bTNk0ej1[OXUNi0dj1[OWUNg0jj1[OQUNg0Pk1ZOkTNi0Vk1VOhTNk0\k1ROcTNn0ak1oN^TNm0kk1oNSTNQ1ok1oNmSNS1Ul1_ORSNf0Pm1^OgRNf0Zm1m0201O2N3YN]RNm0fm1lN^RNGO7:MPn1L[1000iSej1
20131217192134Ch_5,^eVa21jo16N3N1N2O0O2O1O001N100O2L3000O2O0OZQNClm1;URNElm19URNHjm17XRNIhm16XRNJhm15YRNKhm14XRNLhm14XRNLim13WRNNhm12XRNNhm12XRNNim11WRNOim11]RNHdm19Q10001O01O0000O1000001O00010OVQNHlm18QRNLnm14RRNLnm14RRNLom13PRNNPn12PRNNPn11QRNOom10SRNOmm11SRNOmm11SRNNnm12P100000O1O1O1000000000000OJ_PNNbo1251O10000O1mP6LWoI1N2O1O1O1O1O2O0O0100O1001O1N01000O10001N1O1O1HAQQN<nn1HPQN6Po1JQQN7nn1HSQN:jn1EYQN:gn1E[QN9Wo100O1O1O1NUYiW1
20131217192134Ch_6,]bb]13lo12O0O2O001O2N8I1N0010O0001O01O0001O1O1O1O1O001O000001O001O1N101O1O0000000001O001O1O001N10001O1O1N2O1O1O0000000010N100000RTNSOjh1k0VWNVOjh1j0VWNVOkh1h0VWNXOlh1f0Y3N1O1O001O01O001O010O001O10O2O1N1O010O01O1O1O101N2N1O2O0O100O2O0O10001O000O2O0O3N1O10OO10O10O0000O2O000O2N2N2N2O1N2N2N2N1N2M3O1O100N2O100000001O1O1N2OhPf0M[oYO001O0000OnPf0ORoYO3N2O001O001O1O1O2O1O0O2O00000O10O0010O0001O001O001O000O2O00001O0010O01O1O001O1J>5B1O100O1O010O10O100O1O1O1O001O001OlKOS44M3L3M3N4L2O1O1O01O001CjPNNXo1NkPN1do1NaT^1MakaN2O1hPNMan13g0O00100O01O1O1O1O010O0001O00001O000O100000O10O2O00000O`ma10aR^N0P[Wn1
20131217192134Ch_7,Vcn^11Vo30cQL0\n10dQN0\n10dQN0\n11cQNO^n10bQN0Vo30TPd00TPL0io]O00000PP20PPN0oo30^ok00cPPO2fP2NYoS20RPjM0fN3V11N12N000010000O01iQNM`l12g10ZQNNUO1lm10oRNOTO0do100000000000O1k[gY2
20131217192134Ch_8,mc\X22mo12M2O5L2O1kPNDbn1>[QNBfn1>ZQNBgn1=YQNCgn1=YQNChn1<XQNDhn1<XQNDhn1<?O010O001O1O00000000010O1O10O011N0bPNGVo18jPNHWo179O1000000001_OIWQN9gn1GZQN8fn1IYQN8gn1HXQN8hn1IWQN8hn1HXQN:Vo11O1O10O1O_OB`QN>`n1C`QN<_n1EaQN:`n1G_QN9an1G`QN7Vo1O001O2N2N1O^[kc1
20131217192134Ch_9,haXm01no13M5K2N101O1N101OO010O0001O10000O010000O1O01O10000O10O00001O10000O2O002N000O100000001O0O101N2O1O2N1O10O0000001N3N2N3M100O1O000000O1O0O2O1O2N1N3N\^Un2
20131217192134Ch_10,hUkS23lo13N2\PNI\o16dPNL[o14dPNM\o1`0L1NCjPN0Wo1OkPN0To10nPNNRo12PQNMon13SQNJnn16>10O10O1O010O100O1O3M1O1GBnPN`0on1CoPN>Po1900O]OQQN7nn1JSQN5on1ISQN5nn1IVQN4kn1JXQN3PiRj1
20131217192134Ch_11,\a^_21no13M2O00000O1000000000000O10001O0O10001O0O10000O101O0O010000O1O1M301N102MUSd1Mol[N100O0lm[11RRdN2OMRP2OZPN0_o10UPl00]PTO0goM00000000000QP40goM0bPN0\P:0hnE0TQN0nn50TP>0oP80PoG0WQ\10ToQN1100000_PN0Ro10`0OZO0f0010XP:0joG0noM00000`PV20comM0moK1SPNOjo10]PN0fo1001VPN0ao1O^PN2co1N\PN2io10O10O2Nd[ao0
20131217192134Ch_12,mnRh11mo14M2O00O1O2NeTd0O]k[O1Soe01enYO1ZTN0ek12YTNOgk11YTNNhk13WTNMik12XTNNik11XTNMjk11XTNMgj30USN1`Q22_nM1hPNN`n12^QN5]n1LbQN4^n1KbQN6^n1IcQN6_n1HbQN8So1O3M]Pb0Lfo]O2O2N001N2O010N100010O0100O1O1O1O1N3N2dN]OXSNe0Tl1_OZTNb0dk1BYTN?fk1CWTN?ik1ASTNb0mk1@QTN`0Pl1@PTN?Ql1BnSN>Rl1BPTN;Ql1EQTN8ok1JRTN3ok1NQTNORl11nSNNRl12oSNLSl15lSNJUl16kSNHXl17hSNHYl17jSNEWl1<g1O1000O10O1O1O0O2N4K\PSQ2
20131230192154Bh_1,W`af12lo18J1O1O00000O10000O10N1ON21001N2O010O1000O1O000H900O1OLM71O01O01L4BNlPN3So1>N2O1N10O0O2O01O000fN]OYSNd0hl1\OWSNd0kl1[OTSNe0ml1ZOTSNe0nl1YOSSNd0Vn1000O0oQNBbl1=]SNFbl19^SNHbl17^SNIcl16\SNLcl14]SNLdl14\SNKdl16[SNJel17[SNIel17[SNHfl18YSNIfl17[SNIel14bSNH]l13iSNMVl13kSNKVl16kSNGWl18h101O00000O10O2N1K5N2M3M3O2O000L4O101N2M30O010G:M2O3L4L2O1N2O1O1O0M4MP1LcanR2
20131230192154Bh_2,bXmm26ho14M4L3M2L3L4O1O10M2J500M5N1100D<L4L5M3O0O1M4L2ON0N5K51000O2O0O1N2O1O1N2O1000O1O1N2N2N100O03L4G:M2N2J5N3O3LXifn0
20131230192154Bh_3,]Tmb1>]o18K5L3N1N2NXOZQN8fn1F^QN8Yn1D`QN3=5Sn12TRNIkm17YRNIcm17_RNI^m17eRNHZm18hRNFXm19jRNFVm1:X10N1011O1N2O0O2O0O2N10001O000000000000000O100OUP<OkoC201OO1000RQP13inoN2N200O1O1002M1M4M20SkVX2
20131230192154Bh_4,TkdQ14ko14M0O2N100O100O100O1O100O001O01J24O00100O0100O1O010O0100000O100000001N10001O001O001O001O1O100O0001O10O01O0010O01O0102M010O00010O01O0010O01O002N00009G001O000000O101O0O1L5O5K00001O0O2Oi0NYO3M1O2N3M2O1N2O001N2O000013MN100O00102N000O0101OO101O001O1O23MN10OO001O000O0100O1O2L3O2O2N001O1O005J3N`R[e2
20131230192154Bh_5,]RgU11lo16J5L3N2N100O100L4M3N2O100O00CWQNEhn1;>0O2N100O1O10010O01O1O2N1O2N1O100O10O100O01O1O01O0O1N300O1K5gQN\OUm1e0jRN]OTm1d0kRN]OUm1c0jRN^OUm1c0jRN^OVm1a0kRN_OUm1a0kRN^OVm1b0kRN\OWm1b0jRN\OXm1d0R1\OoPN9Qo1GoPN9Qo1FPQN:[o1000O100O100O0010O1O10O0100O1O000O2000O10001O1O0000O10000O102M101O1O001O2MmnXd2
20131230192154Bh_6,]\Sg04ko13N000001O_PN0Ro11kPN4Ro1?N1O1O2M2O2N1N100108G2O0O01O101O1O001O6J10O2M4L10O001O2N1O2N1N3O0O1O2N2N1O000001M2K5]Oc0L40000000000010O0nSNJ[h15QWN`0nh1@QWNc0mh1]ORWNf0mh1XOTWNj0kh1oN[WNW1`h1gNbWNX1ck110N2O3MVMnNiVN2_M?jk1^OUWNa0Ul101O001003OM5L2L]MHbUN6]j1LbUN4\j1OcUN1\j11cUNO\j13^TN3lNJ11al16]TNS1bk1nNQTN_1nk1bNRTN]1nk1cNSTN[1nk1eNTTNY1mk1eNVTNV1mk1iNVTNU1kk1dN]TN[1ck1cNaTNZ1Vm1L6I8I4L4L5I:Dl^dR3
20131230192154Bh_7,iVoe11oo1000O101O1O000O10000O1J6O10O01O010L4O100O1010O00000O1HgPNIZo15hPNIYo1780000000000000000O1000O100000000O10O1000O0100O1000O10O100O10O10O10O100N200O010O10O1000O010000O100000O01000000O010O01O0100O0100O010O10O01O1O0QQNIVn17kQNJTn16lQNKRn15oQNJQn16PRNJPn16QRNHhm10cQN8Zo162N1O1O10000O100O100O10000O1M301N10001NejTR2
20131230192154Bh_8,nWo]21oo1001O2N001N2OM3O1OiP2OWoM8J1O003MM300000ON3000000000000000\OJ^QN6an1K_QN4bn1L^QN4cn1K]QN4dn1L[QN5en1K[QN4fn1K[QN5en1KPQN035To1MkPN2Vo1NjPN2Uo10jPNOWo12hPNNXo12gPNNZo12fPNNZo12ePNO[o1:1O4M0O1O100O01O1O001O0010N2M4M2O1O2OmgR^1
20131230192154Bh_9,P]Pl12no10_o;OYPD1`PN2]o1;N1N2O0O100O10000O010O100O01O10O100O0100O00100000O10O100000000O1O101M2N3L300O2O001N1OjPX1NYogN2N00101N0010O1O1NSONP13M1O13L00`P^11_oaN1N2O000O2O000`PNKUo16hPNNVo1>000000001L3N3N10000O100000000001OJ60001O000O100000001O0000000000O101O00001O0000001O1O001O000000000000000001O000O101O000O2N1N\c_h1
20131230192154Bh_10,Sl`W11oo10000010eQf10Zn_N0PPJ0O0kPN2in1<N1001OnNBdRN<bn1N001OaPNGN3Po1i0N1O1001O5K5K0O11N102OOoNAbRN=\m1HbRN7^m1GdRN8\m1HfRN7Ym1HkRN6Vm1GlRN8^n1001O00001O010O15J1O2N2N1NWPcc2
20131230192154Bh_11,WeP\23lo1101N101N2N101O1001O0O10O010kPNH`n19^QNIbn17\QNKcn15]QNKdn14\QNIgn18`000010O1O010O1O00000000000000M4N2N5LfPb00io[O0Po13oPNMQo15mPNKSo16;1O1O1O1O1O1O01O0010O0000000000000003M10O1O001O001O00001O0YOCkQN=Un1ClQN<Tn1DlQN<Tn1DmQN<Rn1GkQN:Tn1FlQN:Tn1FlQN:Tn1FlQN:Tn1FmQN9Sn1GmQN9Rn1GoQN9Rn1EoQN;ln10O2OO1N1O2N3N5JVYg]1
20131230192154Bh_12,iTUV24\o1OPQN1Po1`000YRNBlk1>fSN2Xl1NWSN@Cf0Vm1IVSND@e0Zm1]OfRNM`0Q1kl1POiRNJ>V1jl1PO_SNo0dl1mN^SNl0jl1ROWSNj0Rn1F:M3LK3\OD`QN3N<dn1c0107I1N2O1O1NVRN@Yl1>fSNBTONcl1`0YTNAUO1al19_TNEnN5bl12YUNOej10]UNOcj10_UNNbj12_UNMaj12bUNKoj36TRN10O5Lmj`g1
20140118180214Mh_1,oe`a26go19PQNLgm16lQNEL6Un19lQN4Sn1n0M2N3O01ObRNeNYl1Z1eSNgN\l1X1cSNiN`l1U1_SNkNal1W1\SNjNel1^OUSN]14WOSm1h0lRNXOUm1h0jRNYOWm1@cRNi06Gcm19^RNGbm18bRND^m1<dRNB`l1CfSN9@M<6\l1EiSN5FI9;Yl1FiSN3b07Xn1O001N100O100O0000100O1N3NTWW\1
20140118180214Mh_2,jXY_12mo11EOgPN1Yo10ePN1Zo11dPN0Xo1=O2O1O1O100O10000O2O00000001O00001O0O2O0O1O1O1O100ON3M201O0J6J6N3N101O01O002N2O0O2O0O2N1O3M3N5K1N2O001O1O0000000001O00000001N100O2N1N3M2O4LShP\2
20140118180214Mh_3,_abm22mo11M4N1O1O100O100000O100OL5O1000000000001O0001O0010O0001O0000001O00001O0001O0000O100M300000000000O2O1O1O0010O010O010O2N1O001O0O2M3Le^Yn0
20140118180214Mh_4,UodS13ho18K3N100O200O002O0O100VQN]OC1[n1b0PRNHPn17PRN2hm1NVRN2km1OTRN1lm1OTRN0mm10SRNOom10QRN0om1ORRN0om10QRNOQn1OQRNOQn1OoQN0Sn1OnQN0Sn10mQNOTn10mQNOSn11mQNOTn10lQN;im1EXRN;hm1DXRN=im1@YRN`0fm1_O[RNb0em1[O]RNe0dm1ZO\RNg0cm1YO]RNh0bm1XO^RNh0bm1XO^RNi0am1XO]RNi0cm1XO]RNg0cm1XO_RNg0am1YO_RNg0am1XOcRNe0]m1[OoQN1e07gm1I^RN1`mdi2
20140118180214Mh_5,]\_S36ho14L3N2N1O1O10O1000000O100000^MD`UN;`j1H^UN8aj1J^UN6cj1I]UN7cj1H^UN8cj1F_UN8dj1E]UN;Um1N2N3Mfoa0L_P^O0O11NSok02jPTO4M3M2N2N1N3O1O0O100000O10O001O1O1N2N2O1O1O000O1M3J6OO2O2O00001O001O1N2E;M3N2O2N3L5JmjY33oVdLOXl13gSNNXl12gSNOYl11hSNMXl14j10nXNKY^15[aN9c^1HXaN<h^1DVaN?i^1BTaN`0k^1BSaN?m^1ARaN?o^1Bo`N?Q_1Ao`N?R_1@n`N`0S_1_Om`Na0S_1^Om`Nb0U_1\Ol`Nd0U_1YOm`Ng0Vg10000000000O100O100O1O2O0O1O1N2O2N1N2O1O1O1N2LUcd`0
20140118180214Mh_6,fSgn29eo18I2O0O10000N2\LCiVNKYNb0nj1IcVNG\N`0Qk1KaVNIZN<Uk1M_VNKXN7Yk10_VNKYN1Wk16`VNH]NHZk1`0XVNHbj18ZUNLfj14PUN6nj1MWTND_O2NGYl1e0RTNNBHjl1;`SNh0al1WO_SNi0al1WO_SNi0al1WO_SNi0al1XO_SNf0bl1ZO_SN7HQOjl1Q1XSNKUm16oRNDTm1:nRN@Ym1A\RNa0>D_m1ISRNc0ln1\OTQNd0mn1[OSQNf0So10M30O100000LWOUQNd0Uo1N3L4Lkodn0
20140118180214Mh_7,TXci03ho18M3N3L3M3mPND=FYm1[1dRNgN`m1\1XRNeNhm1[1WRNeNkm1[1SRNfNUn1R1jQNoN[n1X13M2N4L3K7K3J:H7IXfTU3
20140118180214Mh_8,l_UT34lo12M1000000O01N20001N2Nnn]37bPbL;M3M4K5L3N101O0O1001O00001O1O3L4M1N2O0O100O100O010O10O1000O1FlPNHTo18;O001O1O0O2O0O2NVoQ2NdPnM6MJ80nok10VPTN0O1O1N3N001O01O00000O2N10O001O100001O000O2Ohc^?
20140309170314Mh_1,^S]X23mo14K3N2K5M2O1O1O101N00010003L6K00O1O0100O2M4GcPb05]o]O3M3N2N1O1O2N200OO01002N1N2O2M21O24JO1O1N102M2O01O001O00O105J2O000VSN\OWj1d0gUN^OYj1b0dUN@\j1a0bUN_O`j1`0^UNBdj1?UUNEoj18oTNISk17jTNIXk16gTNJ[k16bTNL_k14`TNLak14YTN0jk1NUTN2nk1MQTN2Sl1LlSN3Wl1MgSN3Zl1MeSN2^l1MaSN3_l1N_SN2bl11YSN0hl12gRN_OI`0bm11bRN<`m1F]RN8fm1JWRN6jm1o02N101O1O1N2N2H:L2N4K6K4L3M1K6L3M5Knhl`1
20140309170314Mh_2,SRah03ko1g0ZO7I4L4K4LeNgQNS1hn1K203K1N4KjVN^OTc19nWNKc32cd1JmWN8]3Ome17PZNJle1=PZNDle1a0SZN_Ome1e0oYN[Oee1Q1[ZNoNae1U1^ZNmN`e1K]VNk0R4[Oae1I^VNl0Q4[Obe1H`VNm0k3[OWf1k0aYNVO^f1m0^YNSOdf1n0ZYNROjf1l0SYNSOYg1d0dXN]Odg1<ZXNEig1;]WN^OjM7jj1:YWNCnMMoj1>oVNHni16oUNKTj1MSTNGj0i0\k1YO`SN:Q1<Pl1EoSN9Sl1GmSN8Tl1IkSN6Tl1MkSN1Vl1OSSN_O4b0il1KUSNH0;ll1JRSN5OMPm1OPSN9NERm13PSN9O@Tm16kRN=1[OVm17hRN?nm1@RRNa0om1]ORRNb0Pn1ZOSRNf0en100O:F2L6FViRT3
20140309170314Mh_3,^]YR31no12N1O2O0N2N2H801O0O010O0101O1O1O0002N1O1O000O1O1O0001000O01000O1N2O100O2O0O1N2O2N1O100000O10001O2M1O2O1O00000O1OFYO]QNf0dn1ZO]QNd0dn1[O^QNc0Ro1M100O1O10M20N30O01O0010O10O100O1O1O1O1O1O1O101M2O^c\h0
20140309170314Mh_4,\oXW31no13K4O1N10000O100000000O2O000O100O2N1O100O10O10O100L40O100O10001O1O2N001O00010O002NjPNCjn1<UQNFkn19RQNJon15PQNLPo14oPNMQo1a0001O003L2O1O001O1O00001O0001O001O0000000000O10000N200000000010O00010O0000010O1O1O010O00001O0000000L400N20000000000IZOTQNf0ln1ZOTQNf0ln1ZOSQNg0mn1YOTQNf0ln1ZOUQNd0ln1\OTQNd0To1O10001O0000003M0O100000O01000O010001BePN4kof`0
20140309170314Mh_5,Zn`V32no11N10001O0000001O0000O10TQNMkm13R1O0OnPNN_o30[oM0fPN0eo1000D0hPN0Xo10hPN0Xo10hPN0Wo50kPL0B0^o50TQL0knM0VQN0]o10Xo30_QJ0bn10g00TP80moI0`PN0lo31gnKOfQN0XO0io129NRO0dQN0Vo100000WO0aQ20hn;0`PB0`PN0Po10`00aPN0nn10a00bPN0ln10TQN0ln10TQN0^o1000O101O1M2000K500000RP<0`oC0_P60`PL0fn38`PJ1kPNGan17cQNI]n17cQNI\n16fQNJZn16h000000001O000O11O1O0O1lPNI`n16g0N2O2MRP41moK0aPNOon11QQNOon11`000OaPN0on11>2O0dPNMmn13`0001UPN24JXo18jPNIWo17811O1O01O1O1O0001N2O0O2L5N^Pg?
20140309170314Mh_6,_ejQ24ko14M3M2M1000003M4M00O1004L1O04K001N2O2N1MUZkl1
20140309170314Mh_7,lS_i12mo11O1O100N2N1O10001O010N2N100O0O210M20L4N00110001O1NO200O101O0N20001N2O4K[Q21gnMORlPT2
20140309170314Mh_8,Z]ea13lo12N1O1O2O0O1O100O100000O1000000000O100000O0100O01OO2O001L3001O0N3O100O101O0O@KWQN4in1MWQN1jn11UQNMln14TQNKln17SQNIln19SQNFnn1;QQNEnn1=QQNCon1f01000O10001O0000000000000000010O0000000O1000O101O00002M4L2J6N2L4N2Njne21UQZM2N1O2N2O002N1N2O0000000000O1L310O100O1O0010000000000001O010O1O001O00001O1O2N3M1O001O00000001O00001N100O101N10000000000000000O0100O100UQNBTn1=mQNDQn1=nQNDRn1<nQNDRn1<nQNCSn1=mQNCSn1=mQNBTn1>f0100O2O1O0O2O000O2O0O1O100O1000O1000000O101O6J001N2O0000000O100000000000O1000000O0100000000O10000O10000O1000000O10000O100O100O1O1O100O1Ono1NTPN1O1O100O1O2N1O1O1O10000000000000O10001O1N\Qd0Jkn[O1N1001O001OQdTk1
20140309170314Mh_9,XnbU36io13L3M2O2N1N2000000000O1L40000M`PNFao193O101O00000000001O1O[PNK_o158NSQNOUONco10aPN0ho30co30iP40ToG0o00`oM00000\O0XQN0im32aQN0nPNNH0jm12ZRNN]n13h001O`QNNmm50fPL0RQ<0mnC000go30lo30RQH0]oc00oo]O0ooM0]O0VQN0]o10010Oloa00fo]O0nP60QoI0PQ20fn74dPFMPQNOXn11kP2OP10Qo=0PPD0WoK0k01O21Mmo?0QP@010000000ZPN0\o10dPN0fo10F0dPN0\o11cPNO]o11901O00[P20\oM0bPN0fo11IO\PN4eo1MYPN3ho113M1O^Pa?
20140309170314Mh_10,`[Wg22mo11N2O2O1N2N101N1O0100O1O0100000000000004M0O1O001O02N001O001N100O100O1O1L5M2OddZV1
20140309170314Mh_11,iVQ^31no13N001N1DKmPN5Ro1LoPN1So1OmPN1So1NoPN1ao1Omoa00RP^O2O00001O0O1O10000001O0000000000O101O1N2O1O001O000000010O010O0000001O0O100000O2O00000000O0010N20DIPQN4Ro1MnPN1So10lPNMYo11=Nei\=
20140309170314Mh_12,[]ca12PP2OPP20goM0`PN0_o30cPL0[o10fPN0Xo11iPNOWo11iPNOVo11kPNOUo11kPNOUo11kPNOVo10iPN1Wo1OiPN0Xo10hPN0do;0ooE4MNENlPN1ao1OE0iPN0So32oPLNPo13<O3001N1011O00aPNLbo50PPL1TOOgQN2Yn1NfQN0Vo110O00VO1eQNO[n10j01kPNO[n11eQNO\n10dQN0Vo1000QP20ooM0TO0hQN0Xn10hQN0Xn10hQN0Xn10hQN2Vn1NjQN3Qo1000UOMjQN1Wn1OiQN0Xn10l0000oo10QPN0lPN0Wn11iQNOWn12hQNNYn11gQNOYn11gQNO\n10aQN0Wo10YcbY2
20140309170314Mh_13,eWQV33lo1101M2AKSQN5mn1KRQN6nn1ISQN7]m1IRTN8nk1IQTN7ok1IQTN7ok1IQTN7nk1ISTN6nk1JQTN7nk1JRTN6ok1HRTN7lm10O10OkNJbRN6]m1LbRN4^m1LaRN5^m1LbRN4^m1LbRN4^m1LbRN4^m1LbRN4]m1McRN3[m1NfRN2Ym1OgRN1Ym1OgRN1Ym1OgRN1Zm1NgRN1Ym1OgRN1Zm1NgRN1Ym1NhRN2Xm1NiRN1Wm1MlRN1Vm1N^100OYQj03enUO1O3nNLRRN9hm1HXRN9gm1HXRN8hm1IWRN7im1JVRN7hm1KWRN5\m1DWRN8=3[m1FXRN8<2\m1GWRN7>2Zm1GYRN6=3Zm1GYRN6>3Xm1HYRN5`03Vm1HZRN5b02Sm1I[RN5d00Rm1JZRN5f00bl1GlRN4L5g00_l1HPSN0J9g0O^l1I\SN78O\l1J[SN89N\l1J[SN89O[l1I\SN7:0Zl1J[SN6;0Zl1LYSN4=0Zl1MXSN3<2\l1LWSN2<2_l1KUSN3<2_l1LUSN2;1al1MTSN2<Oal10RSN1=Ndl1OPSN2<Mgl1OnRN4Zn1IgQN6Ro101O0O1O1O10000O10001N\PT40ioeM0joWN0Vib=
20140309170314Mh_14,_ehQ24jo1NZPNOeo10_PN1]o1OfPN0Wo11<O0100`PNOQo11RQNOln10XQN0en10[QN0en10ZQN0gn10YQN3]o1MVO0bQN0]n10i05KK;0]PN0kn10TQN0mn11b0O\PN0ZYml1
20140322200714Mh_1,`XkP32mo12N2N2O001N2O001O00001O00000000000000000O0100000O100O100O010O1O1O1N2O1O1O010O100O100O1000O2O001O1O2M101O0000001N10000O1000000O10O100O010O1O1O0010O01O1O010O10O010O0100OO2N1O1001O0O100O10O10000000O1O1O2N10010O01O0O2N10H_ORQNa0nn1APQN?on1:O010O100O010O01L300O010O01O1O101N01O10010O01O10O00O1O02O100O10000O101O1O1O00100O001O0000000001O0000O100000000O1O1O1O100O1O1O10O0100O1000O010O01000O10000000O1000000000O1000000000000O100000000000000000000000O101O000O100000000000000001O0000000000000000000O10O1000O10O10O10O10000O2N1O2N3N1MZjV?
20140322200714Mh_2,cRmn14ko11O1O0N210dQNLkl15USNMil12WSN1fl10WSN4gl1LYSN6el1J[SN7el1H\SN8dl1H\SN8cl1H^SN8al1I`SN6_l1KbSN4^l1LbSN5]l1KcSN5\l1LeSN3[l1MgSN0Zl10hSNMYl13j10000000000000001O1000000O01QVN3jc1MT\N7jc1HV\N<gc1DX\N<ic1DV\N;lc1ES\N;nc1EP\N;Sd1Cl[N=Vd1Cg[N>\d1B_[Na0bd1_O[[Na0hd1_OU[Nb0ld1^OS[Nb0Pe1]OnZNb0Ue1^OjZNa0Ye1^OeZNb0\e1_OcZN?_e1B_ZN=de1DZZN;ge1GWZN8ke1HTZN7me1ISZN7ne1IQZN7oe1JPZN6Pf1JPZN6Pf1JoYN8Pf1InYN7Sf1JkYN6Vf1JiYN6Yf1IgYN6[f1J_YN7ff1HZYN6hf1KWXNJcM<Xj1ISXN0WMIN;jj1LPXN?XMAkj1OlWNa0YM_Olj10jWNc0YM[Ooj12gWNM`M2INRk12dWNKWN2Uj13nXNLRg14[WNNhNLoi15WWN0kNJoi16UWN0\j10cUNN`j12_UNLdj15d20O01000eQNOfl10VSN8gl1HWSN6ll1KRSN3Rm1NlRN1=FXk19YTN0>KXk16XTNOb0IXk19STNNf0HYk1?hSNKom16iQNMZn1j05J<ZO>IWlnj1
20140322200714Mh_3,SeXV13lo13N00003NO00002O0O001O0O1NQo30PQL4L1O1O010O01N11M201O010O01O0001O10O10O10O1O10O10O1000O100000O100N2O1O1000000000001O00000010O01O010O010M_Pl00coSO0RPj00noUO1N101O0O10000O100O100000000000010O00001O01O01O0010O01O1O0010O00100O00100O2OO100O10O01O000101N01000010O001O001dNHmRN9Qm1InRN6Rm1JoRN5Qm1KPSN4Qm1KPSN4Qm1JQSN5^n1O1O1NmZa_2
20140322200714Mh_4,XZae23lo17I2O0O2O0O101O0O1O2N1000001O0010O01O02N1O1O01O0000000000000000O1O1N1100N2M3N2O1000001O000010O001000O10O010O1O100O00000O1000O00100O1O1M2J7O01O1O0000010O0001NN22N2OBYQNEfn1:]QNEbn19aQNH]n17fQNIZn16gQNIYn16jQNHWn17lQNEVn19j0O5JaffT1
20140322200714Mh_5,g\W]15ko11gPNLdn15ZQNMen14XQN0fn10YQN2fn1OWQN3in1NUQN3kn1b0O01O1O1O100O6J000000000O10000000001O0O10jPNAln1>TQNBln1>VQN@kn1?<O00000010O00000010O000000000000000O10O1000000000001N1O2N7J1N1O100000O1N3N100O10001O1O1O0000010O0000001K4O2J6Lib\]2
20140322200714Mh_6,TfTV34lo12N100O1O001O011N2N100O010O00100O1O01O0001O000100O1O10O01O1O000100cQNGRm1:lRNFTm1:lRNFUm1:jRNGQOMnm1:SSNGoN1om16YSNLjl1OWSN1]n1N`n74]QH1N2O1O001O02O0O2O0000000001O00O10000010O0000001O1O1O0001O1O1N4KRXod0
20140322200714Mh_7,Wd^\11koe00TP\O0RP`00no_O0RP>0WP>0PPB0_oA0`PN130on11mPN05Nln13]QNMbn19`00`PNGYo19<J2O\[e_2
20140322200714Mh_8,^PWW22mo12N100O1O1N2O1O2N1O100O101N100O6K3M1O00O010O10000N2O001O10O01N2000000001O0000001N1000O100O1O6J1O2O5K1N2Nmo7OTPH1O1N20OIMbPN4^o1601OO20O1O001O0010O010O100O1O10^OG^QN7cn1I]QN6dn1J\QN6dn1J\QN5en1J\QN6dn1J\QN6Vo11`PNIWo17iPNJVo16jPNJUo17kPNITo18mPNFTo1:81O101O2N1N10000O10N1N3N10100O001O1O2N2O0O100000O01O01O10O10O1000000O10102MM301O001O00001O000O2O1NePQ`1
20140322200714Mh_9,PdP`24go16M3QOEVRN<jm1ESRN=lm1DSRN=lm1EQRN<Pn1EnQN<Qn1GlQN:Sn1HiQN;Xn1DfQN>Zn1BeQN`0Zn18dQNSO\n1l0dQNWO[n1g0eQN]OWn1c0iQN\OXn1d0hQNZO[n1f0dQNXO^n1S12N20001O0001O1O00QO`QN>`n1BeQN:[n1DhQN;Xn1ClQN:Tn1EmQN<Sn1CmQN=Tn1AmQN?kn100O1N4K5LP\a]1
20140322200714Mh_10,jZan12mo11O2O1N1O101O0000001O001O2O0O000010OiPNDkn1;TQNFmn19SQNGmn19RQNHon17PQNJQo15oPNKQo15oPNKQo15oPNKQo15oPNKQo15oPNKon17TQNFln1:<10001O01O01O1O000000O1O1000001O02O0O0001O001O01O00001O2N3M1O0000000001O02OO1O5K001O2N0O2O2N0O100O101N2ObdZl1
20140322200714Mh_11,fSee14[n10PSN3ml12nRN2el1=TSNHkl1:dRN4_m1J_RN7im1k06E:G8H7G8K7I^m`Y2
20140322200714Mh_12,VdTW13mo12MLXPN2mo7NmoM0RPN0oo30QPJ0eo10YP`00SP^O0oog00QPXO0010O000010O010SPN0mo30PPN0M2O7LO4LO12M7OKOe[od2
20140322200714Mh_13,S\Y`08ho11\O3RQNOjn1e0L5L3N2O1N2O1O1O2N101N2O0O2N2O2M11O100UOQRNGlm13[RNNcm1OaRN1^m1McRN4]m1FiRN;Vm1BmRN>Tm1@lRNa0Um1\OmRNd0Tm1YOmRNh0Vn1O1O000O1O1O1O2O2N1N3M3M3M3LZcl\3
20140322200714Mh_14,mjdU16jo11N2O00001O0O1cPNFTo1:kPNHSo1g0L2O00000O001O001N1O2O0OO2GXQNZOhn1e0;O0N2M5M2L5IUU_h2
20140322200714Mh_15,lS_e1195Uo1MmPN4Po1LPQN4Po1LPQN2So1Mb0O@0PQN1^o16J0TNInSN6_m5JioK0\ndY2
20140322200714Mh_16,mcj_23lo13L4MM_PNJ`o11fPNOVn15\RNKnm17XQNIg00om1:[QNFc00Un18YQNHa00Xn16YQNJo00Xm15[RNKK0lm12XRNOMOlm10URN12Ojm10jQN0L0b00hm10jQN7`0Kcm1NeRN5SO0Tn1LhRN4WOOom1OhRN2fm1NZRN2\OKnm12fRN3ZOKTn11bRN3XOLXn11kRNOXm10fRN0\m10dRN0fn10gN0bRN0^m10bRN0^m10cRN0\m10Z1000\PN0c00Zn122Nf00WPN0812OSn10bQN0;0fn10`QN0K0Rn11_QNOR10bm10nQN0[o10`00RO0hPN0do10N1n[_]1
20140403081714Th_1,Ya\e2;eo12N1O2N100iTNFhf19WYNGnf14RYNLRg11mXNNUg12kXNKWg16lUNHRm19iRNLVm15iRNKWm16iRNJUm19iRNGWm1:iRNEWm1=hRNA^m1=R1101O01NO10O2O00000000O10O2O0000O11O1000O00100O1O100O3iRN_Ohj1l0kTNUOVk1m0gTNSOZk1m0dTNTO^k1l0`TNSOek1S1RTNkNPl1V1^1OSRNnNll1Q1SSNQOnl1m0nRNTOXm1i0jRNSO\m1h0P1N1O1O4L4M1O1O0O10O010iLEhVN<Vi1FiVN:Xi1BmVN0mL7do1000O001O1O1WSNGji19SVNJli17SVNHoi18m20O01001O00001N100O01O1O001O2N1O001O1OTLJoWN6og1LQXN2Ph1NRXNOPh10VX<0kkC2RP2OloM4L2O0001N2O11N2M102O3ONO10O1O2M`MKYUN0ej16`23M3M22N8I1N2Kf[QR1
20140403081714Th_2,P_gd2a0^o12O1O02N1O01O00000O01N2O100O1000000001O1O1O001O000O1O001O001nI]Oe\Ne0[c1ZOV\NV1Wi12O1100O101O000001O1000O1O1O001O0000UMmNiVNR1Wi1POhVNn0Zi1SOeVNj0^i1VObVNi0_i1WOaVNh0ai1WO_VNh0ci1VO^VNi0]l1O1O1O10O100O101M3M2J7M2N11O0000O1O100010O1O2N1O3M2N1N2O1N2NA?O1101O0100VOlNgRNU1Wm1nNfRNS1Zm1oNcRNS1\m1nNbRNk0gm1UOWRNk0im1f000GUN^RNl1`m1;N2O1O10O01N11O001N2N2K6TN^RNU1Xn1M3NYNkNgTNU1Wk1nNhTNP1Xk1ROhTNm0Tk1XOSUN`0lj1BUUN=ij1EWUN;hj1FXUN:gj1HXUN8hj1HXUNB[N:[l16YUN_OcN6Sl1;[UN^OdN5Pl1>\UN\OeN6ok1>^UNXOeN:kk1?SVN_Oni1b0RVNZOPj1g0RVNVOni1k0b22O0O010002M2N3M5I4M3N2N2O100O1O1OO1N2O100O1000O1O2O2N1O2NofRQ1
20140403081714Th_3,S[WT32no11O1N101N1O1O1N3L3N2O1000O101N2N1O1O1O10000O01O1O001O1000O2N2N3MnoW1NTPhN2O0O2O2M101AHSQN9ln1IQQN:mn1GQQN=ln1=O0O1O10O0O1O1010O00100O10O01O1O0000ON200O1O2N2O1O10000O1N3N2N2N2O2N1N01H9N1000O0O2O1O1N2M30000O10OL41O2N2M3M4M3M2M3H8M3N2N2M3M101O2O100O;EWh^c0
20140403081714Th_4,d]Sh03ko12O2N10000O100010O0O100000000000000000O10001O01O01O00000DGQQN:mn1IRQN6nn1JRQN6nn1JRQN6nn1JRQN7mn1ITQN6\o1O0001O000000000000000000O100000O10O100O00100O00100O01O01O000000101Mio11WPN1O1O1O1O0100000000O10O01O01O010O001O1N1O2L4O010O1000O1000O01O100O010O010O010O10000O1O1O1O001O01L4O1O001O1O100000000001O000001O1O001O1O001N101O1O000O2O00001O001O1O01O100O1O1O001O1O1N101N1N2O1O100O10000O10O100000O1000000O1000O010000O010O010O001O01[OEeQN:[n1GeQN8\n1HcQN9\n1HdQN7]n1IcQN7^n1GbQN9Ro10100O0010O010O1N101I7N1O2O010O10O100O101O001O001O00eRN_OXk1`0hTNAWk1?iTNAWk1?iTNAXk1>hTNBXk1>hTNBYk1=gTNCYk1=USNB_n1<bQND^n1<c000O10O10O01M3M2010O010O100O10000O1O1O100O100O100O10O01O1N2O1O1N3MjdTg2
20140403081714Th_5,bdRS34ko12O1O2N2N2N1O1O1J6N2O001N30O001O1012L2N1N3M1O1O102M2N1001O2N0O2N1O001O1O1O2O0O1O10O1O01010O000O2O00001O1N4M101O0N1O2N2N>C00104PRNWNdm1Q2mRNmMZl1P2_SNUNcl1j1YSNYNil1e1VSN]Nkl1`1XSN^Nil1]1\SNaNgl1Z1_SNbNdl1[1_SNaNel1]1Q1N1oNbQN>_n1_OcQNa0nn1DRQNEon1;;000003L8H^Xgg0
20140403081714Th_6,nXmW25io14M5L1O02N0000001OTNEUTN9jk1IbSNNZO6Um1M_SNO^OOVm13bRNL:5hm11iQNO97lm1IkQNN8=nm1CjQN07?\n1@cQNb0]n1]OcQNk0en100O1O10000O000000UOZO]RNf0am1]O^RNc0am1@]RN?dm1BZRN`0em1AYRNa0fm1AWRNa0im1ATRN`0lm1ASRN?lm1AURN?km1_OWRNa0im1]OYRNc0hm1YO[RNg0_n10L4M00H8001N12BUQNGln14c0M5IXild1
20140403081714Th_7,ja\e14lo11O000001O001O000001O1O00000002NZP>OfoA2O1N2O1N2O1O1000O10O01O001O00001O000010O0001O01O0010O0000010O00oQNIZl16fSNJZl17g1010SOIoQN8om1IQRN77Idl11USN57Kcl10VSN66Lbl1NXSN66N`l1MZSN55Nal1MZSN55Nal1NYSN4]OHa0:el1J]SN4]OHa0:el1J]SN47Kcl10WSN4om1JRRN6om1IQRN7ln1000001O10O0001O00001O000O10001O0OUPl00loSO1N2O1O1O0O2O00001O000000010O2N2N0000001N200O13M1OO01N2O0O_Q>IinA0O2O10O01O01O100O001O1O1Ofn?1YQ@2N0O20N101O1NbQd01^n[O0WMObUN3\j11aUNO^j14`UNL_j15aUNK_j15aUNK_j16`UNJ`j17_UNHaj1:^UNFbj19^UNHbj10TSNOZ21kj1OTUN2\m1010O1O010O010O01O010O010O1O001O1OiM2V21O000O100O1O10O1M3Of]el1
20140403081714Th_8,PfXj09go1000000000001OZQNM_m13]RN4`m1L]RN9bm1E]RN?am1A]RNd0`m1\O_RNe0am1[O^RN7ALQn1K_RN5G1an1LeQN4Wn1JnQN5Pn1JmP2OPPNO_PN5^o1LbPN1co11fYYT3
20140403081714Th_9,]ofS32ko13O13KmPN3Po13K4O1O2O001O01O002N3M1O000001O1M3J7I6M2O100O010OMIXO]QNf0en1]OXQNc0hn1:1O10N21AWQNEkn18VQNHkn15XQNJin14\QNHgn12\QN0cn1L`QN5Uo101Joobi0
20140403081714Th_10,UnfV17go131OO2N00000`PNGYo1b0J5N3N1O1O2N3aRNWOak10SSN<X1Egk1NUSN:S1Glk1LTSN<m0HRl1ITSN>f0Ikl19QSNGQm1;iRNGYm1;lRN]OUm1e0TRN]O^n12^QNd0an1]O`QNc0en1VO^QNf0Po1L4N4LePag2
20140403081714Th_11,_Teo04lo1O[P83aoG3M1O0O20O01O10N2N01TQNHlm1?QRNEnm1:RRNHnm17RRNJmm16TRNJlm15VRNFmm1:m0OO2O0L500O010OO2O0O101O00001N2N2O1NUQNKom13QRNNZm1L`RN66N[m1N\RN48N^m1NZRN2;L]m13XRNOfn11d01001O[mVm2
20140403081714Th_12,XSiZ2<ao14hNFfRN<]l1a0cSN@Yl1e0dSN]OYl1R1WSNROhl1n0VSNUOkl1h0TSN[OPm1`0PSNoNLI[m1T1hRNhNRn1b0Q1M3O1M3O1NmnVd1
20140403081714Th_13,Xbjf12mo1OUPN0no10io30VP20bQ80\nA20O10jni0O`QXO0io30WPJ1E101O00MUPN1eo1O_PN0do10\PN0_ok00aPVO3F2O00O10OL40WP60koI0O0lo;1RPDO20TPN0go50UPL0ao90^PF2O0O1aPNMQo12PQNNN0en12]QNNPo12PQNNQo11oPNOao1000B2=O]PNOWo11iPNOWo10kPN3RP6MVO3^ONkPL00000000ORQ22lnM1001Nd\YQ2
20140403081714Th_14,YndV13TP>2noALgoa01ioAO]PN2_P:3\oE2OJ6ORQN0gn12bP_g2
20140410195814Mh_1,QVeg06io19G00000000O110O10O010O1O0N3K5L4L4N2N1O2M3K4YOfNhRN[1Tl1gNUTNS2fk1UNTTNn1jk1WNQTNi1ok1\NlSNe1Sl1T1M2MUMlSNR2Sl1QNPTNl1mk1WNSTNi1lk1XNTTNh1kk1YNUTNn0LhNmk1a0XTN;;jN[k1R1YTNL`0ROUk1T1[TNGe0ROPk1X1[TNEll1:TSNDnl1<RSNAQm14XSNLjl10SSN7ml1E[SN7fl1F]SN9fl1@`SN>dl1[ObSNb0]n1C1N2L4LgkTU3
20140410195814Mh_2,WZUh05jo14L2O000000O01000000000000000000O10000O01000O010O10O100O1000000O10000O100000001N100O1Ohm1:gQN:K4M2O2N3N0jQN@ll1>USNEhl10dSN3Yl1GmSN:Ql1DRTN=mk1AVTN?hk1@ZTN`0fk1_O\TN`0ck1_O`TN`0`k1_OcTN>]k1CeTN1ek1N^TNNdk11_TNJdk14T210O0010O001O100O1O100O1001O001O00000001O00000O1000O10000O010O100O01000O1O2MVi\Q3
20140410195814Mh_3,SRoc12ko15J6M3M2O2N<D2N1O2N2N10O1_O\QNCdo1H\P68aoI3M3O00OdRNDUk1;fTNI[k16dTNL[k15cTNK^k16aTNI`k18_TNFck1<P2100O101gM@nTN`0nj1BSUN?kj1B_TN2oN<cl1_OXTN=UO4em17[RNIbm1:]RNH`m19`RNG_m19bRNH\m1C]RN667[m1AcRN737Ym1]OlRN:K:Tm1_OSSN6J9Rm1BXSN1H<nl1DaSNICb0kl1EYTN:gk1D\TN;ek1B^TN>cm10O0O2O1N3M1O3M1O100O10]OTQN1nn1LRQN5nn1DXQN<Vo1000N0200N3LjjdW2
20140410195814Mh_4,gRid11YP:0eoG1^PNOUo119OJ2bPN0a0NVn1:i0M5KYQ2Nane00]PXO0N0co10oQL0ll11?0R1OUP43]RLMml=0ePF0jPL0Rm51oQJ1WlfW2
20140410195814Mh_5,[Xcc12no12N0O2O1O00001XOJdQN6[n1LdQN4[n1OcQN1]n10bQN0^n11bQNN^n14`QNM`n13`QNL`n15_QNKan15`QNK`n14`QNLan13bQNK^n14bQNL^n14bQNL_n13aQNN^n12bQNN_n11`QN3^n1LbQN5]n1KcQN7^n1GaQN:_n1DbQN<Po1100000000001O000100000O1O1O000001OO1000O1000O10O010000O010O10O10O01000000O101O00000000000000000000000000000000O010O010O01ZOCiQN<Xn1EfQN<Zn1DeQN<\n1DdQN<Po1O1000000O10000000000000000O100O1O101N1N2NhgXU2
20140410195814Mh_6,RSgd11no11O1000003MK40O26N\om00cQB0f00[nA0moM000Qn=0WnZW2
20140410195814Mh_7,jbPi15ho16M0O1O2O0O101N1000000000O1O2O1N2L3O1N2O1O1O10]Pd0OWo[O0hPN2Wo10hPN1Wo1OhPN2Wo1OhPN2Xo1NhPN2Yo1MfPN4Zo1LfPN4co10000000O100000001N100O2O100O1O01O001O001O2N1O0010O1O10O01O1O5K0001O000O1000BDWQN<jn1EUQN;kn1EUQN;kn1EUQN;kn1DVQN<Wo12N0000000000000000L5N6Jg\mP2
20140420195854Bh_1,nUoR21lo15M2N100O2O00O01000O001O100000O1M3O1O1O100O1O1O01O00100O10O010O01O001O010O10O1O0O01O1000000O11N1M4L3001K6O2N1O1FbPN0go100OQkZi1
20140420195854Bh_2,nePW13lo13M2N1N3N2N102N1O1N2O1O1O1O0100O6J3M1O1O2N2O0O10O101N3NO01O0001O00000000O1000000001O000010O010O0101N1O0100O1O010O100O0100O001O0000jNIdRN6\m1JdRN6dn1O11N1O10O0100O01000001O0O100O001O01O1O1O001N2O00O010OVOEQRN:om1GQRN4Po101O2N1OhXeb2
20140420195854Bh_3,\cbd26ho15VRNGfk1;WTNGik1:XTNCik1=m11O2N101N1O11O00O2O1N4MO2O2N11M3N0009G3M1O0O100O10]QNH]m17bRNJ_m15bRNJ_m15aRNKam13`RNJem14T10O1]O0VQN1en14XQN0nn1GRQN:Yo13kPNF^n1:bQNKYn16fQNMXn12hQN1Vn1JmQN8Tn1EkQN=Xn1^O`QNl0ln1L3K6J7L`ZWX1
20140420195854Bh_4,hUQg11mo17I5L6J2N2MInPNEPo19<N2O100O2O010O0O20O00010O10O010O0010O0100O010O010O010O01O1O100O1O1dQNFQm1;nRNGPm19QSNHml18TSNHkl19USNGkl18^101O00001OSRNGTl19kSNIUl16lSNJSl16mSNKSl14nSNLRl13oSNMRl11nSN0Rl1OoSN1Ql1NPTN3dk1KjRN0c17ak1KkRNNe16_k1MlRNLg15^k1OiRNNj11^k11gRNOn1M[k1=T205K0O10000O01O1O010O010O10O100O101O1N101O002Nfk^S2
20140420195854Bh_5,\blS31no121NZPh04`oWO4OO01O100001O000001O0001N3N1OnVNMUb14f]N0Zb11d]N0]b10a]N2ab1L^]N4bb1OZ]N3eb1NY]N5fb1JY]N9fb1GX]N:ib1FU]N;mb1DQ]N<Rc1Cm\N<fJJol1IhRN;MA0<Ym1JjRN0a09cl1GQTN;ok1EQTN<nk1DRTN=ok1@RTN`0gm11O1N1O3N2M2N2O1O1cIROf]Nn0`b1YOU]Nf0kb1^OS]N?mb1CS]N;nb1EU]N6lb1LT]NOob14U]NCmb1a0P]N]OQc1f0S62N001RUNSOgf1n0`XNSOUM7Wj1h0`XNZOQM2]j1h0\XNNfg13TXNOVh1KXUNROQ2S1Ui1NfVN1mNlN_i1V1\WNNVOoN_i1V1TWNJ^OROZh1JiWNW1=MASOWh1KnWNT16NFTOei1l0dVNNIUOfi1m0^VNL0SOfi1U1VVNCkj1XO\TNV1j0\Ooj1AUTNR1m0YOPk1F[TNh0i0\Onj1L\TNg0f0ZOPk1N[TNh0e0YORk1K\TNn0?VOUl1k0a11O4MM3M=A<CcXUf0
20140420195854Bh_6,mWUk12no1000O2M10100000000O10000000O100000O010000000000OJ7O10O010O1INMePN3Zo1NfPN2Yo1NhPN2Wo1NjPN2Vo1NiPN3Wo1MiPN3Wo1MiPN3Wo1LjPN4ao10015J01O00002N0\PNNZo12ePNO[o11ePNO[o11ePNOZo12fPNNZo12fPNOYo11gPNOXo12hPNNXo12gPNOXo13gPNMYo13gPNMXo14hPNKXo15iPNKWo1591O1O001O10O01000O01O1O0N20O20O01L301O10O0100O01O10O002O0LXiXo1
20140420195854Bh_7,PYW]21oo11O0O102N00000000000000000O1000001O0000O010000O1O01000000000000000000000001O0000000000O10O100O001O100O10O01O10000000N3N10001O001O010O2N001O000001O2O0O1O00000000000O010000O1000O1000000000O1000000000100O01O1O1O001O003Loo?OSP@00001O000QgR[1
20140420195854Bh_8,Y\Y[277NVo12iPN3So1P1CNL2N1O3N1NmNgQN?[n1^OjQN>Xo1C]bPd1
20140420195854Bh_9,TgTQ28go12N2O03M1N101O3Len5OWQJ7M2O1O100VQNGmm19SRNGmm17TRNInm11WRNOkm1OVRN0jmk00RQVO10O01O1O1O100O1O1O100mPNH]n19bQNK[n15eQNK[n15eQNKZn16fQNI[n17gQNFZn1:f000O100O1N20001O001O010O010O01O010O10O10O2O0O10000O10000O01O001O010O100001O1O0O1001N101O1M3M^P<2aoC1O00O3MWYog1
20140420195854Bh_10,QZi]3<co14M>YQN^OQm1j0fRNZOXm1j0]RN_Oij1YOiWNW2Vh1mMdUN3V19eNm0bj1dNbUN9T15oNm0jj1oNVVN3WOl0_j1ROYVN1^Ok0Wj1SO[VN0Cl0Qj1SO[VN3Fh0Pj1ROZVN7Hf0gk1ZO^TNc0`k1^OlTN6Sk1IUUN1jj1NZUN1dj1O]UN2bj1L`UN4_j1KcUN4^j1JdUN5\j1KdUN5\j1JfUN4[j1KeUN6\j1GfUN8Qm11N1O2O100O1O1OM3N20adP`0
20140420195854Bh_11,Y]mj21lo130O1OVn1O`S:1[nCOkl;3RSD2O1OO3K`U`04^j_O3N1N2N1J7H700O0O1O2O00\OUQN5jn1KXQN4cj1DXYN8UL3dj1EVYN8YLOcj1JSYN6[h1JlVN4al1Ohk=MaU@Ofm12YRN1cm10\RN2hn100O2O2NgQ85inEKjn1;PQNKln1g0N2NO1O001I61O100`NXOgSNi0`m19AmNnQNT1^n101M3N1O1O0100O101O100O1VNQOcTNo0]k1ROaTNo0_k1RO_TNR1_k1mN`TNX1Rm13M2gLClVN=Ri1IiVN7Wi1NeVN1\i18ZVNHgi18YVNGii19VVNFmi19QVNF_j1M_UNFlk1^OSTNa0ok1BRTN8ok12iSNKYl14hSNJYl16gSNIZl1AgRN;P13el1KdRND8a0Tm1JbRNH:=Vm1I_RNK=9Vm1J]RN0>2Zm1G[RN7<Nlm13o02M3L4N01N3M4M^MI_UN3cj1Ng2OTgjl0
20140420195854Bh_12,]oRf15jo1101N1J6M2O101N1010O01OO2O1O001N2O1O1O1O2M2N3N2Nbo30]PL3N1N2O2N1L310O100dQNBVm1>gRNFXm1:gRNGYm18hRNHXm18gRNJXm16hRNJXm16gRNJZm15gRNKXm16hRNIYm16gRNJYm16hRNHYm16iRNJWm17kRNGUm18mRNFSm1;Y10001NRQNGWn19iQNJUn14kQNOUn1NlQN2Un1LlQN5on101N100O101N1Odna02[Q^O3M1N2O1O00000000O1O2O0000gQNJhl16XSNJhl16XSNJhl16YSNIgl17a1001N10001O001N3N1O001OO1000001J500000001O0H_PN0QP80foI3O0QR]R2
20140420195854Bh_13,nW]i04ko12N1OO2OiVd0OXi[O0Xn32YQLa0L2N2O0100O00000O10N10CSQNGmn16?K50O2000100O10055F1O001O0M2]QN@em1`0\RNBam1`0aRN^O^m1c0k04\Oe0K41O00101N2N1O2N3M3M4L3M2N2N2N1NlK]OoXNb0Rg1@lXN=Wg1BjXN;Yg1DdXN?^g1@_XNb0`k100O1N2L4O1O1O10O0O010O100O10OO2O2N1O2N1O2O0O2O1O1N2N1M4N1000O2N1N2O101N2O1O100O1O2N1M3N3N1O1O1O1O101Njna03PQ^O5N1N2N1J6O1O10O100O01N2O1XQN]OTn1b0lQNARn1>nQNDRn1:oQNFRn19oQNDSn1;oQNCSn1<PRNAPn1>h0100000O100O2N1O2N2MSWNIWb14j]NMXb1Ok]N0^f=OcRD7L2NO1Gnd`k2
20140420195854Bh_14,W[SW21oo1000RO1l0;F0nPND_n1>YQNCln1>TQNEin1;WQNEjn1:VQNFkn19UQNGnn16RQNJon1d000O1O100012N2M0000000O1OZO]OoQNc0Pn1_OoQN1D4\n1MoQNLH8Wn1MQRNKH:Un1LPRNLK9Tn1MnQNKN8Tn1LlQNO05Un1KkQN1O4Wn1JjQN2O3Yn1JiQN3N2\n1HfQN7N0^n1GeQN81Lhn14XQNLin13WQNMjn12VQNNjn12VQNNln1OUQN2jn1NVQN2kn1LVQN5Zo10002M101O0000_dfe1
20140420195854Bh_15,Y_mb11no11_PN0Ro11lPN1So1OmPN2Qo1OnPN2Ro1NnPN3Qo1NmPN4Ro1LnPN5Qo1JoPN8Po1HPQN9on1GQQN9on1GPQN;Po1DPQN=on1CQQN=on1CQQN=on1CQQN>3A_n11^QN>1D`n1N`QN=0F_n1MaQN=OI_n1IdQN<ML^n1HfQN;LN]n1GiQN8K5Xn1CoQN5J9Vn1AQRN6I9Vn1ARRN3J<gn1BZQN>To100000K6N1O1O10000000EnPNHQo19PQNFPo1:PQNFPo1:QQNEon1;QQNEon1;RQNCon1>:O001O1O3L2O001N10000000000O1000O1000O2O1O0OgPT2OZokM10001O1O00001O1bPNLnn15PQNMon14PQNMon14oPNMPo15oPNLPo15nPNLkn1;UQNEkn1h0O10000001O000O10YORO\RNn0cm1TO]RNj0dm1WO\RNh0cm1[O\RNc0em1ZOcRNa0]m1_OdRN`0\m1@eRN>\m1AfRN=\m1BeRN:jne0HPP\O1O0O2O0000001O000000OWNLhSN4Xl1MgSN3Xl1OgSN1Yl1OhSN0Xl10hSN0Yl1OgSN1[l1NdSN2\l1NdSN2\l1OcSN1]l1OdSN0\l11cSNO]l11cSNO]l13bSNL]l17aSNH`l18aSNF_l1;c10000O016I2N[`RR2
20140420195854Bh_16,WZ]W21fQ`03fn_OMSo13mPNMRo14IL\QN4Vo12O4L2O1FCoPN=Zo10000O2EbPNOSn?1eQB00OVRh00hmWO4N0`m7LcRH4M3M4M1N10O1O2N2O1N3LVS2N`m=1ka`c1
20140420195854Bh_17,Skhl05io14N5J4L3N1016JO000O9G2N0000000KZOXQN>en1EbQN4]n1MeQN1Zn10fQN0Zn1NhQN3Vn1LmQN6Qn1GRRN9ln1N2N1MPTcQ3
20140420195854Bh_18,mVoi14ko11N3M20O0O2O1O100O1O2N^oo21cPPMOPo[1ORShN0jlW20TQdM2N2OOkom0MXPRO0PP2000QPN0oo30PP40PPH0ko70RP60dPB0ln=0i00`jdi1
20140420195854Bh_19,fkPW31TP60loK00000O010O001N1M5L8I1I62OVQNA11\m1;_RNJ3Fhm1;PRN3en1KYQN6kn1EWQN;Wo101O1OaNA_SN=bl1D]SN;cl1D`SN:`l1F`SN:`l1F`SN:Vl1F`RN0\19Tl1HUTN8jm101N2N2N02kj7K^]Uf0
20140420195854Bh_20,Z[[T11:1Wo11`PN6bo12Rh=OoWB4hQNCgl1`0WSNBgl1`0YSN^Ohl1b0[1O2IdZ2G[\M1nW44[QL2N110RTNJQh16RXNIng16SXNImg15b_h0KcdWO0Qbnh2
20140514195854Bh_1,kVoW32lo13N2J401O0001OO2O1N2O1O1N3N1O100001O0001O1O0O2O0O1O010O10000O110O4L1O001OO1N2L04L4O1O1O6K1N2DdNQRN]1nm1:010O100O100O1N2N2N2O0O10O01G81N21N1G;L3N3K5L4L5HRk^c0
20140514195854Bh_2,Ubjb23ko13N2O1O1N2O1N3N1O2O1N1O10O001O001O0000000O010000001O01O2O0\QN\Olm1c0SRN^Onm1?TRN@mm1?SRNAnm1>k0O001O001O01O5K2N2N3M1O010O11N2O2O000O1N10O100O2N1O1O00001O001OI700000O101O02]OiPN;^o10O01O1O001O2N3M2M_\QX1
20140514195854Bh_3,ibje04ho15M7K2N1OO1000000O10O01K50O10000000001O01N10000O1000001O001O2O01O1O1N100O100O107H4L10005L0O1O3L:G1N1O000001O2N6I2M3VOWQN9[o1M3L4Mo[YV3
20140514195854Bh_4,c\oT32h02Yn1OfQN3Wn1OiQN1Sn13lQNOQn14mQNMRn15lQNLRn17lQNJSn17lQNJTn17jQNKUn16iQNLWn14fQNOYn1m00O1O101N3M1O22M04K01O00O100OM031O01O0L5O100O2O0O1O1O1O1O100O1O1O0O2N2N2O1O2M3N2N]chg0
20140514195854Bh_5,SZkU16ko13NNgR6J\mI7K10O01OO\LNZWN5dh10jTNI`19ei11`TN0h11hi10^TN0i10ki10\TNNg15ni1NYTNMd19Uj1KUTN@P2f0mi1KQTN_OP2f0Vj1HhSNBP2f0]j1K_UN8fj1DXUN=lj1CoTN?Tk1BfTN?\k1E\TN=gk1DUTN<nk1CQTN=Ql1BoSN<Tl1BQTN9Rl1EmSN:Wl1CiSN=Xl1CgSN=[l1BdSN>^l1AaSN>bl1AYSNa0kl1]OSSNd0Qn14^O:24102O1M5E<G:FReXg2
20140514195854Bh_6,PcdS23no12_R4NXkK2\TN0ek13YTNKik16P21O1N5L1O10O01N2N2N3O0014KkPNAhn1>UQNEln1f01O2N2NBWOhQNh0Wn1YOiQNf0kn1N3L6L3M1O2KmP:0omENZRN6bm12VRN2gm11YRNNgm11\RNMcm13`RN0Zm10hRN1YONXm1ObSNg0cl1QO`SNn0jm1O2N3M1N3K5L3N2M4LUYih1
20140514195854Bh_7,__]V29bo16N101gN@oRN`0Qm1CmRN=Sm1DlRN<Tm1EkRN;Um1HgRN8Zm1JmQNM:9im19TRNGlm1?nQNARn1V110N1O\OPRN\Omm1b0XRN\Ohm1f0YRNSOmm1m0b01001L3M3N2O10K5O00O2O1N2N2N3O1N2M4N1O00000001M20O100O2O1N2N1O10000000001O004J:OJO\o30Uc`e1
20140514195854Bh_8,jVoW31lo30ko50UPJ0oo10gPJ0hn10[QN0cn10^QN0Yo100000YO0^QN0bn10^QN0bn10g00iPN0^n10bQN1Wo1O00So30lPN0QPN0PP20nPL3Qn1MSRN1nn10O10N00O1POOoQN0Rn10RRN0on10jN0\RN0cm10^RN0am30g20`nM100O01O010Olo30SPL0_N0S30nL0SSN0]n10`N0jRN0nN1Tn14`1N4O0O200O10dPN0gn10dkbc0
20140514195854Bh_9,XbXR27io16J5K1O1TSN@Wj1`0hUN@]j1;eUNB\j1<e20001O1O24K3L6J3N9HO001N2DVQN\Omn1a0:BePN5]o1LePN1[o1:00hRNDmj11TSNLm10mM1Sm1OaUN0Tm10oM0V2000VP`00ko_O0jo?4nP^OLXn13`RNM[Pn01UnC0lo_O1N2N2O8OK0NgXch1
20140514195854Bh_10,VbfY23jo15L3POLRRN4nm1OoQN0Qn13mQNLTn16jQNJWn1:`QNJan16\QNLdn1h01O1O001O0O2O1O2N2N1N3VOoPN`0Yo1O100O2M4M3MV^cd1
20140514195854Bh_11,mgXi01no17I3M102N1O3M2O06I01O1O1O01O10001O1N10000011N1O10N3M2M3MXWmT3
20140514195854Bh_12,mn\k21no1101N2N200O0001O0000000001N1O010O10O1O0100O0O2O1O0O2O1O1N2N6J3MGQQNFjn1=WQNCgn1>ZQNBfn1=[QNCen1:^QNFbn15bQNL^n12dQNN\n10fQN0]n1LcQN5To1N2O100MXQiQ1
20140514195854Bh_13,`TaU23mo11N2O1O3L100O100O10O010000O1O01O0001OO10001O000001OO10O010000001O0O00001ZOCkQN=Un1FhQN9Yn1GgQN7[n1JdQN4^n1LbQN2`n1NYQN8hn1HUQN3MJon13SQN4So1KnPN6]o11003M0O1N2O1NjlTg1
20140514195854Bh_14,dXeT15io12]4Kig11TUL4`m1M]RN7cm1KXRN8gm1IVRN:en14M2N1000000001O1O001O1\OjPN<Wo1DlPN6Xo1JfPN4_o1OjR4MamI0fo90ooM0VPJ0jm11l1O_R>0Ym=0PQPO1WdZg2
20140514195854Bh_15,SklU28Vo1MVQN5fn1e0N4N001O20O2L1O10O2N0;E3M0000000001O100OO2N103M4JbT]h1
20140516234034Lh_1,\dhW28go1202M9G4L3O00O7J0N2O1O01O002N0O1O1O002L3N2N2M4LWO\QN<an1DaQN;^n1DdQN<]n1AfQN>on1O10O1101NO2N2N5K1O1O2012L05MN10OO2N3M1M3M5K3M4KdYod1
20140516234034Lh_2,SZok1=ao14M2O0000000000000000O1O1NVSNFRj19mUNJRj14oUNOPj1OoUN5Qj1GoUNe0]l14N2O010O000000N2K5M3N210O01O001OO02OO1O02N02O01O1O1O1O100O1O10OO11N1M3O1O20O1000O1O`QN_Obm1a0^RN_Obm1a0^RN@^k1KkUNe0gN@[k11kUN6TOIoj16gUN2\OGmj1;`UN1F@kj1c0WUN0Sl1?SSNKPm1:gRNHZm1]12N3M3M3K6K5fNoQN?Un1]OeRNGam15dgTo1
20140516234034Lh_3,obZ]17ho13M7J2M2O100O0001O000O101O000000100001O00010O00001O1O001O01O0000000000O1010OO10000O2O2RQNVOan1j0\QNYOcn1S10O1O1O2N2N1O0000000O2O0O2O1O0O10001N101O001O00001O1O1O0010O1O1O1O1O1O1O3N1N1O01O000O10000O102N2N001O1O1O1O000001O002UQN^OTn1d0hQN@Vn1a0hQN@Wn1a0hQNAWn1?iQNBUn1?kQNCRn1>nQNCQn1=oQNEnm1>PRNBom1NnQNg0Qn1WOSRNg0mm1XOTRNj0im1VOYRNi0gm1UO\RNj0dm1ROaRNn0]m1ROdRNn0]m1POdRNR1\m1lNdRNU1Sn11O1O0O2N3MiNfQNk0Yn1TOiQNk0Vn1VOjQNk0Un1UOlQNi0Wn1TOkQNk0fn1O00000001N2L4I7N2N2O001O02OO0000000001_OdQN[O^n1a0iQNZOXn1f0a00000015K08G10102M61KL7I3M3K[YWX2
20140516234034Lh_4,hhhm23mo13M1O5K3NO00000003L=C3M2M2L4L4N5M4K3N3M3N11O7K9E1OWRNgNil12dRNj0<YO`m1j0ZRNVOgm1n0SRNROom1_1001N2O2N3M6J7KN3M3M00O1O1000001N104J;C9HPUSo0
20140516234034Lh_5,XXek23lo11O2N1O001O100O10O010O100O10O000010O010O10O010000O010O0010O010O1BJQQN6ln1NSQN3kn10SQN0ln11UQNM7KRn19gQNL5OQn17iQNK5OQn17iQNJ6OQn15kQNK51Pn12lQNM50Pn12iQN17KRn11jQN3kn1LVQN3[o1O100O100000001N10mhnP1
20140516234034Lh_6,`amS18go12O0O00100O100O2O0O10000000O1I8MFN<4K4FGiPN=So19O10N2M2O3O0O100O10001O000O1O1O10O0000010O000O2L3N2O02N2O1O2O0O100O1O0000000001OO10000000O01O1O1000O1O2O1O1O100000O0N3O0010O01O1O1O2Mk`bf2
20140516234034Lh_7,_baS12jo15MM410O1NUo=OaR@0il10WSN3gl1MXSN5Yn10O2O01OlNJ^RN7en10^NI\SN6dl1J]SN5\l1KlSN3Vl1NjSNOPlc00lQ80moK0ho70cPRO0000001@OoPN2Po1NPQN2Po1NoPN0_o111O``Pg2
20140516234034Lh_8,VRmP26eo17M3N2N1O0lSN^Ojh1a0[3O1O1000O10O2O1O0O2N2N2MiR21UmM2O02N3Llm3OSRL7N1O1O1O00000O1C=TTNXOah1g0[WN^Oeh1h0TWNWOnh1i0PWNXOPi1h0oVNXOWi1b0jVN\OXi1c0PVN@\NKfk1e0lUNCgj1<YUNGfj18XUNJhj16VUNKkj15SUNLnj14oTNNRk12fTN4]k1JbTN7`k1EbTN:`k1AcTN`0^m1O1OQO[OgRNc0Zm1AcRNLPn17l0N5JhlZk1
20140516234034Lh_9,gYof22no11WPN0`o18002M4L1O1Oao1OaPN3M0O1dPNOjn1OUQN3[o12M3N2N2N0NKgPNGYo1;42N2O001OM2101N1O110N1I6O11O1O100N2D;M30010000VQNNgm12YRNNfm14iQNJ03Vn14hQN0ML[n13oQNMEN]n14PRNL]n11eQNN;Njm1OWRN3in123MkefU1
20140516234034Lh_10,YZmj03ko19G5L2N100O100N2L3O2OO10O02L3K42N1M3B>N03N2N1NfQNXO`m1f0bRN\O_m1=fRNDZm1:gRNG[m15fRNL[m12fRNN[m1OiRNOWm1NmRN1Tm1LnRN4_n1O4M2N`elR3
20140516234034Lh_11,cTWo22mo13N0O1O1O1O0010000O10OPOHZRN8fn110O00001O1O010O00010O000001O0001O000001O1O1O1O010000O1N3K4Nio94UPF0O1O0001O1O1OblXm0
20140516234034Lh_12,gh`m23ko13O01O0MXPNOho10<1LOoo70PPH54KK0en30cRL0on30mmK0j10PRN0Ql10kUN2Ql12`LL^UN0F:Sk1IlTNMDg0Sm1ZObRNO]Oi0dl1WOeSN0c01Kf0Pl1[O`SNN`1g0`k1YOlSN0nN04h0Sm1XO\TNh0dk1XO\TN?fm1M400000cNEUSN;Qm1FjRN8bn1M3NO5J3M1000000eNCRSN>ol1AQSN?Pm1DjRNc0\m1[OWRNi0mm1XOkQNk0Yn1<;E7I1O0000001O2O2M5K4L2N0O100N2O1O011N10hSim0
20140519195834Ch_1,`RgR37ho11J7M2O1O100O101O0000000000O100000O10000000O00000O1O20000000001O2O0O2O0OSTN5fg1KWXN8jg1GSXNa0nL\OSj15dUNLg2h0[M_OWj1>ZXNj0ig1WOSXNi0Ph1XOlWNi0Wh1WOfWNh0^h1XO_WNi0ch1VOYWNm0hh1SOTWNP1lh1QOoVNR1Si1QOgVNQ1Zi1ROaVNm0bi1TO[VNl0hi1ROVVNo0ki1SOlUNS1Vj1oNWUN`1kj1i12M2N4L5L3M3L4M3L4AmSNiLZl1Q3?J5G9K4L5\NcRN:hm1UOgRNf0_n1DYkhh0
20140519195834Ch_2,dPi>5mo1M`o91_PF2N10001O2M2N2O1N102O1N2000N11O00O1O019JOOO1OO101N1O0001O1O105K0000O1FhPN8Yo1O1000001O17I0O1001N1O10\NBeSN>Xl1EhSN;Wl1EjSN;Ul1EmSN9Tl1EoSN:mm1N7IhmZ]3
20140519195834Ch_3,kYah01lo13O100O10O01O0O1O1010N100O2N10010000O101O00000001O01O010O0001O01O010O001O5L0O1O00100O00000010O00001O000000001O000000000N2O1O1O1000O001O1O100O101N3M2N100001N2N5L0O10000O01H8M3O0M4M3O00F:O101O1N2O1N3KZgVQ3
20140519195834Ch_4,cib`01no13M1O1O02K^P40eoK2K3O200000001O010O001O001O1O1O00000O2O1O1008HO100O000101O00O3N0O10O100000O010O000101O0O2N001O001O10000O1O2N10O01OXUY[3
20140519195834Ch_5,iZcj24ko12N1N2O01000000013MO00001N2N2NZRN0dm13N3N101O00001N10000O01O010O01O00010O1O010O1O010O001O10O0001N1O2N2N2N2N2N2O1L4N2N2O1N2M3N10J6M300O1O11K4O1O1M4O01O001M3K5K5M3N2O1N3N4L3L4LQeRP1
20140519195834Ch_6,Zehd22mo13M2M2O1L4O100000000000000O20O1O10O103L2N2OO100O1O0010010N1000O1O1O2OO000O1000O11O:F2JZZ_X1
20140519195834Ch_7,nTio12lo12O10000000O1O1O10M20001O1N2O1O1N2O100O10000000000O010O10O10000000000O10000O10O10O0010O001O01O\OEdQN<\n1DdQN;]n1EbQN;_n1EaQN9an1H^QN7Vo100O01O001O1O100O4L1O1OFhPNNWo12jPNOTo11PQNMnn13SQNNkn12VQNNjn11WQNOin10XQNOjn1Nf0NXldk1
20140519195834Ch_8,Vhhc21oo10_o31^PL3O1O1O10O02O0O0000001O3M3MN2O1M3O1O0100000000000L5O1NTPd02ko[O002M2O001O001O0000101bPNGQo1e000O010O02N3M2OO1O10O0000001O00001O0O2O1L6KhW_W1
20140519195834Ch_9,[ePV32lo14K4N1O1O000N2O1O2O10O0100000001O0003M3N001O0O1N2O1LjP8LQoG654M000001O1O`PNIWo17hPNK=OTn1`0kQNAUn1?iQNDVn1=gQNEZn1;dQNFdn14YQNMhn1e01O2N1O010O1O1O1O1O1O2N001N2O1N3M4L2M3N2N^Yke0
20140519195834Ch_10,\[kf0<k1Ggk1`0VTNEck1d0VTNBbk1f1USN]N`l1g200000O1N1010OlNfSNcN[l1Z1kSN`NZl1[1]1_NjQNN=2lbXX3
20140519195834Ch_11,ejdT13mo11L4N101O00001O000O10000000001O0000O10000000O0101O00001N1000000O100O1O1N2O10000O`Uih2
20140519195834Ch_12,PjXb11no12O1O0O10000M3`PNIWo17iPNJYo13gPNNXo12hPNOWo13fPNN[o1<O0002N0O10000000000000000000000O100O1N200000O100000000002N1O1O00001O0O1OlUeZ2
20140519195834Ch_13,b`[n16io13M2M2O1O1O10000000000001O1O001O001N100O1O2N1N2O1O10Zog10ePXN1O2N2O0O10000001O0000000O102M2N_oi1OaPVN4K3O3M2O0O2O0O101N1O1O1O1O100O101N1O1O100O00100O100O10000dQNTOdm1l0\RNTOdm1l0[RNUOem1Q1TRNPOjm1T1QRNoNom1R1oQNnNRn1`10O10000lNkQN<Un1DlQN<Tn1CmQN=Sn1BnQN=Sn1AQRN<om1DRRN;om1DRRN8Rn1GoQN7Sn1HnQN7Sn1GoQN9Rn1EQRN8Qn1DSRN9__Vh1
20140519195834Ch_14,jZmd11no12N1O10000O1O100O010O10O01000O100O1O100O0100O1O1O100O2O000O1O1O108G2N10O001000OL5000000O2O00001O001O00000000000000RQNBZn1>fQNCXn1=f00O1O001OO0N3K4100O1O100O2O000L400oNC`RN<Wm1DSRN1d0:Zm1FRRN2a08Ym1KVRNO>7[m1KWRN1:4_m1LWRN352dm1LWRN304jm1IVRNm0lm1QOURNm0mm1SOWRNg0lm1WOXRNa0nm1^OXRN8mm1DXRN8jn1NjP2G_oM2M2bPNOkn14QQN0mn1b0O1O1O01WOSQN=nn1DRQN9Qo1GoPN8Ro1HnPN7So1HnPN7So1GRQN2ln50aPL3H8EFoPN;Po1FPQN9Po1HPQN8nn1JRQN5nn1>O2O0O0CWOfQNi0Zn1ZOcQNf0]n1?0O1NlRNhNck1Y1b1O100O2N1O1L6ZOVQNOnn1OUQNNmn1MXQN1]o1N2MdgbR2
20140519195834Ch_15,do^d1>^n1KRRNa0jm1CoQNc0om1_OoQN`0Vn1d02N4L0ZOhQNDXn18oQNFPn18SRNGmm18VRNFim18ZRNEim1:XRNFim17YRNIon101NUPaZ2
20140520200054Bh_1,iZoR29do15L2O2O0O1O100O0100O1K5O010O1000O00100O01O100O01O010O0100O0100O1O100O100O1O010N200O0010N1N11O100O100ZODhQN<lm14QRNLmm1:oQNFPn1=oQNBPn1a0oQN\OSn1e0mQNXOVn1i0kQNSOVn1n0kQNnNXn1R1;O1O1UO_QN6dn1BcQN=Ro1M3L5Jofjh1
20140520200054Bh_2,jTk]27go16K2M2O100000001O000000O10O1O1O1O100O10O0100O00010O1NJ7O10100O010O0100O1O1000O01O00000O101M2N3O010O01O1O1O10O01N2N100N2000000100O010O010O01O001O1M4N1N3O1MflX]1
20140520200054Bh_3,fofQ25Q1Ocm14ZRNNcm16\RNIcm19Q110O000000J7H8E:N3O1O100O11O00bQNjNTn1b1=hNdQNO`n1GeQN<on11O1WQN_Oom1j0a001O0O03M0000O1O01000000001N102M4M4K3M2N3M2N2LmnXk1
20140520200054Bh_4,\\en0?5Imn1j0J4J6J5B=H8L4M3N1L4JI<J7N2N0011O001O]O]RNlNbm1Q1gRNjNYm1U1h0O2N2M3E;L5N2N1O2O1N2O1N2O001O100000O1O01000O010O010O010O001O01O01O0001O0010O10O01000000O1000000O1001O00000001O00001O001O00000000O10000000010O1O10O010O0100O0001O010O00010O000000010O01O0010O010O001O01O00000000000O100O010O001O00010O00100O00100O01M2O1O001001O1O1N4M3Kfffg2
20140520200054Bh_5,b]QQ35io13M3N2N2O0O2O1O02O1N1O6L1N0O10O001O001O001O00000O101O000O1000010O0010O1000O000VMIkUN6Rj1OmUN1Qj12nUNNQj13gUNBmM;[l15eUN4[j1MdUN4\j1LcUN5\j1KeUN5[j1KdUN6\j1JcUN7]j1HcUN9^j1EbUN;_j1DaUN=`j1A_UNa0bj1]O^UNc0ej1XO]UNi0ll10000010O001O001O10O1000O1000O01O10O01D;O1O01O10001O00O1OO1001O2O001N1O10001O000O10O0100O02O1O001O001O1O2N1N3N4M0O1O1O1O1O1N3N2YOUQN6nn1EYQN6Zo1MmcZg0
20140520200054Bh_6,ocdl24lo10O2O0O101O2N5L0O0100O001O01O1O2O0O1O1O1O01O001N10001O1OjPNDin1;UQNIjn16UQNLjn15UQNLkn14SQNMmn1c01O00000001O001O00001O001O010O1O01O0000010O00001O001O001O1O0100O01O1O10O102M3N0O2O;E1O0O2N101O000O203L3M000OTOVRNCim1;ZRNDgm18\RNGem14aRNK`m14aRNK_m14dRNI^m16dRNG^m18iRN@Ym1?W1M1O100O2N3K`Zol0
20140520200054Bh_7,n^SW21no12O2N1O00000O10000jQNL`l14_SNMal13[SN1el1OZSN2gl1LYSN5gl1JZSN6fl1IZSN8fl1G[SN9el1F\SN9Vn100O100000O1kNIaRN7^m1KaRN5Ym11gRNOYm11gRN0Xm1OiRN2Wm1MiRN3Wm1MiRN3Wm1LjRN4Ym1IfRN8Zm1GgRN9Ym1GgRN9Ym1GgRN9Ym1GgRN9Ym1GgRN9Ym1GgRN9Zm1GdRN:\m1FdRN9]m1GcRN9^m1FbRN:_m1EaRN;an110000O1O010O100000000000O2N1O1O3M5Jco31XPL;J3M2N2N100O2O00O010O10000O1000001O00001O0000000010O001O001O000O10000OO1K60O10O01O100O100O0100O0000001O00O2N110O100O0100O010O100O1000001N10000000001O0O10001O00001O000O2N2N1O2N1O3Me`V_1
20140520200054Bh_8,\Wm^15do18N1O4L3M2N1001O000000000O0O2O0O3N1N2O2M2O3N0O1000000001O000001N3N1O1Nihj^2
20140520200054Bh_9,TiRi02mo12O6J2N1O1O001N2O100O01O000001001N1O0010O2N010O001O001O00010O01O2N001N100O100O101N1O100N2O2MaVoS3
20140520200054Bh_10,`h`h065K_o1<O1N1O2O001O1O6KLjPN^OVo1?lPNBTo1<RQNCjn1<XQNChn1<YQNDgn1;ZQNDnn14RQNLon13RQNMnn11b0O10PP20ooM000bPN0ln10UQN0kn10c01`PNOon10PQN0Po10PQN1Po1OPQN0bo30]oM0a00bPN0ln10b00cPN0jn10c00dPN0\o10]O0W10\O0_O0RQN0on30oPL0Ro10?0^PN0To10k00Wo10gPL0Zo10ePN0\o10:0XPN0`o10_PN0co10ZPN1ho11aVmS3
20140520200054Bh_11,QoVe04io15M4L3N1N2O1O01007I0000O001O10O01O01O01O0[OTQN6\o1O1O1O2LYP84doG3N1O001O00001O00O100000000010O1ePNFnn1;PQNFQo19nPNIQo1d00O2N4L2M2O1N2N2N3MYP`00ho_O1N3M2O2OO000O1N2O1O2N3MYP88`oG2M100000O2N1J7Mg05UO2O4L2N01O0O1O2N100O100O1O100O2NXnlS3
20140526195834Ch_1,Shjl24lo12N0010O0O2Mbo=O`PB3M2O2N1O1O10O010000O02O001OO2O0O3N0O1O01O1O011N2N1O101N2N?M_QNOZl16bSNJ]l18d11O2N101O1O001O001O11O1O2M10O110O1N200O000000O01O001O001O1O00001O01O1O1O1O1O4L1O001O1O2N3L_P\11_ocN3N101N2O1O001O00000000O010000O100000000O2O0O2O0O2O1N1O10O10O01O10000O1000000O100O10O01O1O1O0010O01O1O1N2O1N3M]Vah0
20140526195834Ch_2,\a_Y22jo15N1O1O0010O0100O10O1000O1000001O000O001O00O11O0E<O1ON2N3M2J7OO1O1O1OO2O100001N1N2O2M2M4N10100O01N2M3O1L4O1O001OO100YOFiQN9Xn1KdQN5]n1MaQN2_n12]QNMen15YQNJhn1f02O0O2O000K5N2OoPN\Ohn1c0YQN^Oen1b0\QN^Odn1a0^QN^Oan1b0>0N3L3N2O10010O1O010O010O0001O001O1O1O001O100O10O1000O01O1O1O10O010O100O1O100O010000cQNZO`m1e0aRN[O_m1e0bRNYO_m1g0m001O2M2O1O1O1N101O0O101N10000O10000O1000O0100O1N2Nmo3OTPL2O100O1O10O01N10001N1O1000000O10000O100O2O01O010ORRNC[l1<eSNFZl19gSNHXl17iSNIWl16jSNJUl16lSNJTl16mSNHSl18oSNFRl19i1101O000010O0O1001N100dTNETg1;mXNFQg1:QYNEnf1;Z410O0100O1000O100001O00001O001O0PSNAaj1?_UNB`j1=`UND`j1;aUNE_j1;bUNC_j1<c2O1O001O1O100O001O001O2N1O2N\dRX1
20140526195834Ch_3,infV13mo11N4M1O001O001O0O100O2N1O101O001O16J000O1O010O01O0010O0100O001O00001O0000001N1K50O1N2O10000000O1O1O100001O001O6J010O1O1O002N000001O1O001N101O00001O010O000010000O001O1O10O0001O00000001O0001O01O10O01O000000000001O01O00000GfPNLZo13hPNLXo14iPNKWo15:01N1000001O1NaPga2
20140526195834Ch_4,iWYZ15ko11O2[PNLZo1`0M000000O1G8001O1O0001N1N3O001O10O01000O100O2O001O1O0O2O1O000O10O10O00M4O00O2O010000O1O10O100O1O1O10000000O100O1000000000010O1O1O1O010O0O2O001N2Nfhn`2
20140526195834Ch_5,\ZgS31mo12O100O100O100O100O10O0100O010000000000000000000O100O100O100O10O1O1O100000001O00010O10O010O10O010O0100O10O01O0001N10000O5JJ0TfZh0
20140526195834Ch_6,eSSP2=bo11N10O2N1O10001OO10O100O2N2O1OiU`11Uj_N4M3N1O1aJGV[N9id1HZ[N5ed1LZ[N5fd1MW[N4id1NT[N2nd1NP[N4od10lZN1Se10jZN3Ve1MgZN5Ye1LfZN4Ze1OcZN3[e12`ZN1]e11cZNO[e12eZNOYe11gZNOYe11hZNMZe13eZNL^e14`ZNLbe13^ZNKfe14ZZNIie16ZWN\OY15dg1?QWN^OTl1a0jSN@Xl1`0dSNA_l1`0^SN]Ofl1g0USNVOPm1j0jRNXOZm1f12N1O2N33K4L0001N1O2N`0_O5K3M3Le0ZOli\j1
20140526195834Ch_7,PfTV19co14O2N2O2M3M1O2N2N1N3N2O0O2O000O100O1O100000^O\QNHen11bQNGHNfn1:dQNFGOfn1:j0N10001O001O000000\PNJ^o1<0K6ODMkPN3To1OkPN1To11lPNNTo12lPNMUo14kPNJVo16:001O1O3M1O001O2N001OO100O2N1M4O001O0001O3M001O00O10O100O1ePNATo1f000001O1N2N2N1O2N3M2O1O1N2O2M_Z[d2
20140526195834Ch_8,oXkS12mo1100002N10O001O00001O001O001O0O1000000000000O100000O100000000O1Ooo3MTPL1N201^PNLVo15iPNKWo16hPNJXo17gPNIYo18fPNHZo18fPNHZo18fPNHZo187101N02N001O10O000001O00000000000000000000000O100000FKiPN5Wo1KiPN5Wo1KiPN5`o11000000000000001O0000001O0000000O101O1O1OlfTf2
20140526195834Ch_9,gSoo19eo17IBoPN1Po1OQQN0on1ORQN0^o10C0lPN0Uo10jPN0Vo50[PN0^PL1Xo1OhPN1Xo1OgPN1[o1OcPN1^o10aPNOao11^PNOco17O010000O10001O001O00000001O000010O00100O000100O00010O1O2OI^PNOao11`PNO`o10aPN1^o1OdPN1Zo1OhPN0Wo11iPN1Uo1NP10`o11PPN11ONOP22kM4PNJRTN8mk1HQTN:Pn1JTMLmUN2Wj1NYUN5kMMnl1NSUN1UN1Qo1N[N0PSN0a00oN0Ym10WSN0h01Sl1OVSN18OUO3]o1M`PN5em1K_SN?nNBkm1OkSN1Wl1OgSN1Tn1000[NOaSN3\l7MjQJ001>0i0OgN0RO0lQN0Yn12SQN3NMdo11hiZj1
20140526195834Ch_10,cXeQ35jo12M3N1O2N10000000O01G08O1N2N2O20N2O1N2O10O0010N2O1M3N20003M0O1OM31000N2I7O3K3O1Nchhk0
20140526195834Ch_11,kSSh06?Obn1P1H6NoN`QNb0^n1UOkQNj0en11O1006I3M2OO11O2O1N1N2O1N2N2N2NXn1MYn\V3
20140526195834Ch_12,eind18eo13N2N2O01O01O0000001O0000N21O1O1N2000010O01O01O0000O1000O010O01J5100000O01OO1M40O100O101O1O01O001O1002N00O2N01O001O4L00O10001O1O1NlVmV2
20140526195834Ch_13,cZk]13jo14M2N2O0O1M4O100000004L2N0O1L4N2N2N2NEYQNAfn18eQND\n18g0M3N0110001N10cPNMJOmn14YQN6en1J\QN7cn1H^QN8an1H`QN8an1FaQN:Ro100L4O`PNIYo16hPNKWo14jPNMXo1NjPN2bo10O2O104K1O10N1IfeT_2
20140629195814Mh_1,aTcU33lo12N02N2O^P2O]oM6J330O1NN20OO301O1O001O100O00101N2Omo;1QPD2N10000000001O01O1OVP4NloK001O002N010O100O01O1O1OTP4OmoK1O001O100O001O00000001O1N2OWP4OjoK1O1OO1000ojXe0
20140629195814Mh_2,nZkT2:do13M3M3O0SMDVVN=fi1JVVN6ii1MUVN3ki10RVN1XNO]j11YWN2RN4dj1L^VNASOh1_j1gN\VNBSOi1aj1hNXVN@VOh1dj1gNVVNBSOg1ij1hNRVNCQOg1nj1gNoUNm1Sj1SNlUNk1Wj1VNfUNj1\j1WNaUNh1bj1YN[UNe1ij1]NRUN1GLck19[TNL9C`k1k1fTNoM^k1m1gTNnM\k1o1hTNnMZk1o1iTNnMZk1n1^1M3N2N3M3NhSN[NYj1>nSN<j1XOXj18RTN=d1_OZj11UTN>b1BQk1;RUNCPk1;\2M5JXnU1KoQjN4K2N2O0N2O2N101O00O1000O11O000O1O2N1O10000000O10001O000O10000O10001N1N2O2N1SWN]O\b1e0d]N]OYb1b0j]N]Oha11PXNc0[6[Oda1P1g6N2N2N2O1O001O2O0O101N1O2N2N1O2N100O[LL`WN3`h11]WNObh13]WNLch16\WNJdh17[WNHeh19[WNFdh1<\WNCch1?\WNBdh1>\WNAeh1?[WN@fh1`0ZWN@gh1?XWNAjh1>VWNAlh1>TWNBlh1?TWN\OQi1d0U311O001O1OO1O001]SN]Ogi1c0XVNCci1=\VNDbi1>^VNBai1`0]VNAbi1`0^VN@ai1a0_VN^Obi1c0\VN\Ogi1c0YVN\Oii1d0WVNZOli1e0TVNYOoi1f0f21O1O1O1;DO1O2jPNBfn1n0N4eRNiNdk1Y1a110O3M7I3M1ObQNCZm1>]RNJdm1X1101M3\NWRNk0dn1K3MiLWO[WNe0fh1\O[WNb0Tl1M3L4M3KYlf_1
20140629195814Mh_3,mQa[12no14@MkPN4To1MkPN4Xm1J\TN0[N7kl1NUSNLm16mj10VSN0d12Uk1OWSNO`16Xk1LYSNL`19Uk1M]SNDa1>Sk1NVUN1mj10PUN0Rk11jTN1Xk1NgTN1]k1MbTN2dk1J\TN5ik1EYTN;fm1O100OO2O0001N2N1N210OO101H7001O001O1O1O0O20ON3O000O100000L20200O1OO02000O2O00010O00001N110OO101O1OO10O1O1O2N1M3O0nQN@gl1?[SNAel1>\SNAel1>_1O10001O0O2M3M3LhPU_2
20140629195814Mh_4,WmZc21TQ40inM7J2N107H2O10O000O2O001N100O100000O0O20O10HAoPN>Po1EoPN;an1DdQN3K9_n1FfQN1K8^n1IhQNNJ8^n1KiQNLH:]n1KlQN>Sn1CmQN<Tn1CmQN;Un1DlQN9Xn1DhQN=Yn1AgQN`0ln11K401N100O01AQQNMQo12PQNMQo12QQNLPo13?O2M3MdRcY1
20140629195814Mh_5,kY]o02h0O[n14[QNNHOln10_QN:Ro1100O100O1O100O000010O01O1O100OFiPNMWo13jPNLVo13kPNNTo11nPNNQo13oPNMPo13QQNNmn12TQNNkn12VQNNjn11WQN0fn12ZQNNen13[QNMen11]QNOcn1NaQN1Wo101O2M\e^n2
20140629195814Mh_6,]\ob0>ao1`0@3N2M1000O001O1O1O1O101N10mKCdXN<[g1IaXN7^g1O]XN1`g14^XNL_g19_XNG_g1<`XND_g1?_XN@cg1b0ZXN[Okg1d0TXNZORh1A]UN<`21nh1LQWN4Wi1BkVN>Xl13K5SODSRN?hm1P1J5M4J5O1001L5XN^RNn0fm1nN`RNl0em1mN_RNR1Xn1O1000M20N3I9J7I:D`i30fVLN^kfY3
20140707023654Uh_1,il\g24jo12M4ZOH`QN:`n1MUQN7kn1`0O1O002N0000000O01O01O100O100O2N2N1O1N@eQN^OZn1c0iQNYOWn1i0?O201M2O100O1ON2O000POAbRN>]m1H_RN7am1M\RN3dm12WRNNhm1U10O1O1O0N`M`NgVN^1\i1cNcVNY1ai1iN\VNT1hi1mNVVN2SNOTl1OjUNOmj12`21O2N1O3N1O112L4M6I0iQNVOXm1i0WRNKgm1V13K4L6K1_OPRNPORn1g0h0L4L5JWXST1
20140707023654Uh_2,gPY`05jo13N2N1O1O20128D00O1000O109H10OO00O0010O1O10000O10O7JO01O0100O0010O001O100O1O0000000001O001O001O0O1O1O1O1O1000O010O1000000001O0O2O4K3L3N101N1001O001N4M3M00000001N11O01O000001O0jN]QNo0jn10000000O1000O1000O100O1N2N1100O2M3O0O1O2O1N1O1O1M3L4N2OYOClQN<Vn1FhQN9Yn1HeQN8\n1HcQN8^n1HbQN6`n1J_QN4dn1K]QN4fn1JZQN5hn1JXQN5[o1Nbo3O`PL0000Nhn\W3
20140707023654Uh_3,U\WS12bm=3bSBL_m19^RNJam1;YRNFgm1:XRNFim1:VRNGim1;URNElm1>PRNBRn1?kQN@Wn1`0hQN_O[n1?gQN^OZn1b0fQN^O[n1a0c0O001O1O00eQNGol1:PSNFQm1:nRNFSm1:lRNFTm1:mRNETm1:nRNDRm1<nRNDRm1=nRNCQm1>nRNCQm1?mRNARm1a0mRN_OSm1c0kRN]OVm1c0hRN^OYm1b0dRN@]m1`0bRNA]m1`0bRNA]m1`0aRNB^m1>aRNC_m1=_RNFam19\RNJem14ZRNNgm11WRN0km1ORRN4om1KoQN6Sn1IlQN7Vn1HhQN8[n1a06K5L5H6O3M2O1O2M3M5JRePi2
20140707023654Uh_4,Wlf_28go13cNLlRN2nl17PSNHPm1<nRNASm1a0mRN]OSm1d0T11001O5K0100O001O000001N1010O1O1O0O010001O1N2N2O1N1O101O000O10O10O1O010O100O00102M00001O00001O00kmi00URVO1SRNOUNO]m13\TN0VNN^m12[TN7ek1I[TN7ek1JYTN7gk1IYTN6ik1IWTN7ik1IVTN7kk1IUTN6lk1ITTN8lk1GUTN9lk1FSTN;hm1100000001O01O00000000O010N2O1M1200M3O1O2O0NhPNHmn14a0O1NQTeY1
20140707023654Uh_5,bh^n26do18M101O010001N1O10ePNJln15SQNLmn14RQNMnn12RQN0ln11TQNOkn12TQNOln10UQN0kn10UQNOkn11VQNNkn11UQN0kn1OUQN2kn1MUQN4kn1LTQN5ln1`00000101N0O1OWOXO[RNf0dm1@YRN?fm1CZRN<fm1EYRN;gm1FZRN8em1K\RN2dm1O^RNObm11`RNMam11aRNO_m1OcRN=Qm1AQSNg0fl1XO\SNn0\l1QOfSNP1_l1iNcSNV1fm1N4I:CgUen0
20140707023654Uh_6,`hj]21lo16J3M4M2N110000000000O1O100O101N2N1000000000O1O00100O10000O1O1O010O000O101000000000000000000O1000001N1001O00000000O1000002N101002ONO4L1O2N1O000HdPNL]o12900NjW]]1
20140707023654Uh_7,YXQW38go14L3O1N1O3M3M4K4M1M2N2O10O10G9L4I7N2O2O2M1O1O0O0NTO[RNDbm1>cRN_OYm1d0kRNYOTm1f0PSNXOol1f0VSNXOkl1a0]1M6J5L4K5Ho1NWN5Tgbf0
20140707023654Uh_8,o^]`15io13M3M2O101O0O010O0O1O1O2O1K4O2O\OPQN9Qo1CTQN;Zo1O@E[QN;dn1E]QN:Uo1000O100O1O1O2L4O0O1O10O1N2L4O1O100O0100O01000O01000O10O1O100N2O1NO20N20010O2N1N`o1ObPN3L2O1M30O00000O10O1N3O0O110CFSQN;jn1ITQN8kn1IUQN7jn1KUQN5jn1a0O\OWQN2jn1MXQN2gn1OZQNOgn10[QNLgn13\QNKen12`QNJbn14h0KjcnY2
20140707023654Uh_9,XP_m23ko13L3O1O2M2N2O1N2O1O0100N2N2N2N2G45N2N2N2O1O100O1O00N2O110O1N11N110O01O1O1O00100O1O00010O1N3MRQco0
20140707023654Uh_10,ocUg15jo12O001O00000001O1N3N^h3ObWL1SWZ35gaeLKV^N8da1OX^N3fa1NY^N3ga1MY^N4fa1KZ^N6ga1HZ^N8fa1F\^N9fa1C^^N<ch101N3M2N4Kng90SXF3N5K4L2N2N7H;F010O1OH8N2N2L4E;N20O1O1O10001O0O2iWNGe`19Z_NJd`17Z_NJf`15Y_NMg`13Y_NMg`12Z_NNf`11[_NNg`10Z_NOg`10Z_NOg`11Z_NKi`15b7O0001O001O00001O01N1O3KRW24jhM5L3M3oKB]XN`0^g1H]XN9^g1LbXN4[g1OeXN2Wg11iXNNWg12iXNOUg11mXNNSg12mXNORg11nXNORg10PYNOQg10PYN0of1OSYN0mf1NVYN2if1MYYN2gf1NQXNDYN>fi1NPXNGYN:gi10mWNH]N7fi11jWNKaN3di13kWNKdNNai17lWNJeNN^i19mWNHfNN]i1:oWNGdNN9I_g1c0fYNAeN27OXg1>a[NAXM1Vg1>_]N@ab1`0a]N]Oab1a0_6O1O2N2N101O1O1O10O01000O1O101N2O0O01O1O000OO10O2O01O20O1O001N1Iic^l1
20140707023654Uh_11,Z]io24ko13N1N2O3M2M3N2N001O000000000N6L1N2N1N2M201O1O0101N9H1O1O1O001O1O2N3M3@dPN1PbPn0
20140707023654Uh_12,]Umb28eo15K5L5H8K3N1O2N2N2N2N2MROdQNF57Vn13VRNJlm14WRNJim16Q1O00O2O010O00100O01000000O2N2N1O1O101O3M1O00010M]kbZ1
20140707023654Uh_13,`^io12eo11_PN2[o1OmPNMPo11UQNOin10ZQN0[o10WO0aQN0^n10bQN0_n10aQN0_n10aQN0Vo11ZOO^QN1Wo10OO20_O0UQN0kn10b00O10OfPN0gn10YQN0gn10d000000gPN0cn10]QN1Xo10[OO[QN141hm1NSRN153gm1LSRN155im1JPRN184jm1KlQN0<5Po101O0100iNKcRN5gm1KnQN6gm1JhQN0b0:am1FmQN0b0;_m1EPRN0c09im1NSRNNam1KRRN6`0Knm13`0LTQN4kn1LUQN4kn1MTQN3ln1NSQN2ln1OTQN0mn10RQN0on1NRQN1nn10QQN0Po11oPNOQo11PQNNQo11QQNNon13PQNNon13PQNNon12QQNOnn12PQNOon12jPN6Uo1:00001O1ClPNMTo14lPNJWo13=M4MTQ41knK11Nfbbk1
20140707023654Uh_14,\hl]21lo10^PN1eo10O0O100^ONVQN2in1OWQN0jn10VQN0jn10VQNOkn11TQNOmn11RQNOon11QQNOPo10oPN0Ro10nPN0So10kPN0Wo10gPN0Zo10fPN0Zo10fPN0Zo10fPN0Zo10fPN0Zo10fPN0Yo10hPN0co1100COkPN1To1OmPN1So1OmPN1So1OmPN1Ro1OoPN1Po1OQQN1nn1ORQN1nn10RQN0mn10SQNOnn11RQNOmn11TQN0kn10VQN0in11WQNOin11WQNOin11WQNOin11WQNOhn12XQNNhn12XQNNhn12XQNOgn11YQNOgn11YQNOgn10ZQN0fn10ZQN0fn10ZQN0l2N[h12jTNOen10\QN0dn10\QN0dn11[QNOdn12\QNNdn12\QNNbn14^QNKbn16^QNJbn15_QNKan15_QNKan15_QNKan15aQNK_n13bQNN^n11cQNO^n10bQN0_n11h0O03ONcPNNkn13SQNMnn13QQNMPo12?0YPN3\o1MbPNOco11]PNNeo11YPN1go141NgQn02VnQO3N2N2N100O10001O01O002O0O1O2N3MSR6ITnI0QP40\P40QSWZ1
20140707023654Uh_15,`T[_15fo16L4M2N2N3M1O1EYOYQNl0hn151O1N2O0O010O1N0O1100OO2I6N3N3N5K4M3MTml^2
20140707023654Uh_16,^Pe[1=co13L8G5J5XRNPO\l1R1XSNXOml1e0PSN\OSm1b0lRN^OUm1a0aRNSOK<dm1a0]RNYOM7em1`0\RN\ON4fm1`0YRN4fm1S100O2N2L4OO1QNdRNW1_m1gNgRNR1\m1lNhRNj0\n1BXQN\OSo19Polb2
20140707023654Uh_17,XhX\12fo1<K3M3F8N2N2N3M2M4M3M3O1N2O001OO2N2N2@`0LjQNWO[m1<mQNHTo18:0000O1000002N1N4KoPN1Qo12N2N2N101O100O1O1O2N1O1O1O1O2N1O1N2N2N2O0O10O2N1N3G9ImWQ`2
20140710020754Uh_1,UY[U27go16I4N2N3N1N1O4M22N4K010O001N1O001O100000O100002N2N1OO100O001O1O100O01O1O100O0101O000000O010O0011hQNDhl1=VSNDkl1=RSNDnl1<QSNEol1<oRNEQm1;nRNFRm1:lRNGUm19hRNJXm16cRNN_m11^RN1cm1O[RN2gm1R12M2N3L5L4L4K6K8G8HReZf1
20140710020754Uh_2,_if`22mo12N2N3L3N1N1_OIZQN8en1b00O100O1O1M3O001O0000O0100N2N1011O10O01G]OUQNc0kn191O0001O0000000O1L4000O101O001N3N3M3M1N101O0000000001O001O1O1O00102N3NO00O1000O2N2O0O2N001O0000nPN_Oen1a0ZQNBdn1n0O1N2O000O101O000O1O2N1O10001N1000O100O1O100O2O0O1O1M300O1O100O2N101N101O001O000O2N1DXQN_Ojn1?<0001O001O0O2N7HTWUW1
20140710020754Uh_3,l`WV14lo11N1N2O1N2L4O3M1O1O01K5O1O1O1O10O001O0001O0O2O01N1O2N1N3L3OO3O1N2O0100O1000001O0SQN_O\n1`0cQNB\n1=eQNB\n1>d0N100000000000O2O1O00010O0000001O00O2N2N6J4LUP<OmoC1O0i_Re2
20140710020754Uh_4,QcSg24ko13^PNKUo1`000000N2O2O00000000000001O1O0104K01O1O2N4L001N100O100O010O1O0100O1000O10\OlPN<\o1O1000000OVMKkUN5Uj1KkUN5Uj1LjUN4Vj1LiUN5Xj1IiUN7Wj1HiUN8Xj1FiUN:Yj1CeUNa0il122ON20000O11O1O000GkPNHUo1981N2O100O2O1O0000000O10O10RN^O]TNb0ck1@\TN?ek1BYTN?fk1CXTN=ik1DkRNJn0b0Xl1EhRNJo0b0Yl1EdRNLQ1a0Zl1NeSN3[l1DlSN=Tl1DkSN=Tl1DkSN<Ul1DkSN<Pl1JoSN6Ql1JPTN5Pl1KQTN5nk1LQTN4ok1MQTN3ok1LRTN3nk1NQTN3ok1LRTN3ok1LRTN3ok1LRTN3ok1KRTN5Pl1HRTN7ok1HRTN6Pl1IQTN6Pl1JPTN5Ql1K\SNGA>Um1JYSNK@8Zm1MUSNN]O3bm1OoRNd0Rm1\OdRNIDl0im1\O_RNn0bm1RO]RNn0dm1RO[RNn0gm1ROWRNn0jm1d00O10001O0O2O0O2O0O1O100N2O100L4O001O001O01000000O10O100O10001N1O2N2M4L5]OW`bo0
20140710020754Uh_5,`ZmR18hn1LQRN9km1LjQN=Tn1EiQN=Wn1DdQN`0[n1d0O1O00O1O0O4ZOdQNCmk1G[VNa0mMCik1N^VN8Xj1FlUN7Yl7MZPJ3jPNNUo1?O0ON[OAmQNa0Rn1DiQN?Vn1CeQNa0Yn1AfQN?Xn1f0M3M3N2L4O0?B0N2N2N2ON_OjQN]OUn1:l001L31M3N23L4L2M5M3Mohni2
20140710020754Uh_6,l]\W19fo17I2O0002NnPNBcn1=YQNJen13YQN9en1@[QNd0mn13O7I1O20001OOO1O1O2N2NnNdQN`0[n1@fQN`0Zn1^OhQNb0Yn1[OjQNd0jn1O1O1O1O201L1O1O1N2O011Ma`[f2
20140710020754Uh_7,T_[a22no10M4N1O100O2O0O10O10O10000O010O1O10O010000001N10001O00000O1O100O1OO11L31000O1O10N101O0100O1Ohne15PQZN5M2M3N2O1000000010O1O2O1N2N01O000000000000O2O3L6I\o56]PJ4^Oa0O1O0010000O01O1N2O1O1O100O1O100O10O00O1O02O0OL5N11O1O2eQN^OWm1c0iRN^OUm1b0lRN^OSm1b0nRN^OQm1a0QSN_Onl1?Z1N200O02O1N110O01O1O1O2KjP<NZoC6J4L3lPN^Ogn1o0K5M06K5K3K6K4J7EXdRT1
20140710020754Uh_8,QZ_j13mo12N1O01O1Nk38lK4L3M4K5J6M3M1O@]QNF`n1;bQNE\n1;fQNEWn1<lQNBSn1>oQNAPn1<TRNClm1<WRNChm1:\RNEdm1;Q1MO2MI:2O001OO2O010O2OcPNKRo10nPN2bo1NcoY21ZPfM3N2M3M2QNDZTN<dk1G[TN9fk1E[TN>cm1GePNK[o13hPNLZo10Ro71XQH2N2N1O1N2O1O1N2O0O2O1O0N3OO1O0100O001D<J6001N2M4K5L4N4L6J4L2MfePn1
20140710020754Uh_9,PSWf24lo1000La0C10OPQN@hn18UQNLjn1j0K1O0000J4MO4MG\QN^Oen1?>01O3M2O2O2NXm\X1
20140828080414Th_1,gbl`0b0Zo15L3N3L3L5M4]QNlNTn1d1L2M3N3M3M2O1N2N100O2N3NiMfRNn1Sm1QNPSN]2bl1]MeSNc25kMbk1V2XTNQNgk1T31O3L4N1N000010O00000O100O;F1O1N100O]MWTNP1ik1mN\TNQ1ck1nNaTNPOMZ1bk1C^UN9aj1EdUN:Zj1DkUN<Sj1CPVN=mi1CVVN<hi1DYVN<gi1CZVN>ei1A\VN?ci1A^VN`0ai1_O`VNb0_i1]OcVNc0[i1]OfVNd0Yi1[OiVNf0Ti1ZOmVNg0Qi1YOPWNg0Pi1XOQWNh0nh1XOSWNg0nh1WOTWNh0mh1WOTWNh0Qi1SOPWNl0Si1QOmVNo0Si1POoVNo0Ri1oNoVNR1Qi1lNPWNU1Pi1iNQWNY1nh1eNSWN\1mh1bNTWN`1ek13M1O2N1O4L3M\N[RNQ1am1mNcRNR1\m1mNhRNQ1Wm1nNoRNFCQ1Zm1WO`SNm0\l1QOfSNQ1Xl1mNkSNS1am11010N2N000000000O100O1000O02O1N100O01O001O01O010O001O1N1O10000000000001000O10O00001O001N1O100O1O2N2N3N001O2OUOaQN5]n1KdQN6Zn1IhQN7Xn1GjQN9Un1FmQN:Tn1_OSRN?jn1N0O10O1000O0100O1O1000O010O001O0001O010O1001N100O1O10O01O1O3N3M1O6J0O1OiTkS3
20140828080414Th_2,k_Tc22lo12O2M3O1N1O2M2M4M2N4K4N1O1L40000000001O1O1OZO[QN2dn1K_QN6an1GaQN9an1BbQN>Po10N3M3O3M3M2N4MPOYQNk0ln161H2O:F11O1M6J00000M3UQNUO]1O\k1n0USNWO[1O]k1Y1`TNhN_k1Z1^TNhNbk1Y1\TNhNdk1Z1YTNhNhk1Y1TTNhNnk1W1PTNjNRl1U1iSNoNYl1P1eSNQO\l1o0bSNYOWl1i0fSNYOYl1g0gSNYOYl1g0fSNXO]l1f0bSNZOal1_OTSNd0;M[k1UOmUN>]NH;d0Wm1BaRNG9h0Wm1XO\SNi0nm1O100000O1O1O2M4L4M2O000002M3N0O2M7C;L3L3O2L5Jm\_W1
20140828080414Th_3,m[o^23mo101NbRn00ZjK1TSVO3M00O[Q:NhnE1O1T14eFKW`N8f_1KX`N7f_1JY`N7g_1IY`N7g_1JX`N6h_1JX`N6h_1JX`N6h_1IY`N7g_1IX`N8h_1GY`N9h_1C\`N<dg10001O[HEe_N<Y`1Ff_N:Y`1Fh_N:V`1Hj_N8U`1Gl_N:S`1FV[NMi1=Pc1FX[NMg1>Rc1Bo_N?hg11O1O1O1O1O1N1O2O0VHWO^`Nj0[g1000010O^NYOlSNg0Zh1VOlYN0SNj0ng1ZOjYN0WNf0Qh1ZOgYN0WNd0Uh1]OcYNOWNc0Yh1]O`YN0WNb0Zh1^OW[Nc0md1YOR[Nh0Qc1ZOj^Nf0Ua1[Oj^Nf0Wa1YOi^Ng0Wh1010O1O0O200000O100O1O1O00O1N3O0O2N101N2O100006J2N010O0O1000000O1000ZIZOR^Nf0na1\Oo]Ne0Qb1\Om]Ne0Tb1VOo]Nl0Qb1SOn]Nn0ah11N2O000000000^JoNV\NP1lc1SOQ\Nl0oc1UOP\Nk0Qd1UOm[Nm0Sd1SOj[NP1Yd1lNf[NU1ai11O10001O01O010O1O1N2N2N2M3NbNWOiSNh0Xl1YOgSNf0Zl1ZOeSNe0ig1]OZ[NNlLd0mg1YOZ[N4gLc0cl1]O[SNc0gl1^OWSNb0jl1_OUSN`0ni1[OkWN6UN?Pj1]OkWN4TN>Sj1[OlWN7cMMF`0mm1KRRNI47Vj1BRYNR1dLZO[j1GoXNn0fLZO\j1HoXNm0eL[O]j1DRYNo0cL[OTn1d0oQNWOTn1g0i0J1O0O10YL\ORXNc0ng1_OQXN`0og1BoWN=Th1AlWN<lk11O1O1O1H900O010O0mJ[OlZNe0Se1AhZN=Xe1GfZN8\e1IcZN5_e1K`ZN6`e1BRVNI]4e0ee1\ORVNMY4f0fj1K41O2N1M3J5O20O2O1M2D<N2O01O10001O001O100O0O11N1N2O2O00O1O1D<N\ORQN;hn1J[QN4cn1M_QN1_n11cQNI_n1:cQND]n1=eQN@[n1`0a01O2M2O1O10M4K5M8J4Jnh`Q1
20140828080414Th_4,iTS_32ao1>N11O2N2N000001O2O0O2O020O1[QN_Oem1i0nQN^OQn1d0hQNBWn1]1KNO;JL0O7Oj0nN<E1O1N2N2N1O1O10O010O000001O000000000000O100O10O01O1O0O2O1O000001N2O1O1O1N3MnhP=
20140828080414Th_5,QPYR1<co13N?A1eNSOaSNm0^l1UOaSNk0^l1TOdSNl0hm1O01O1001O1O1O0O1O1N201O00000O1O10N1O200O0001OYOZOmQN1He0[n1^OhQNk0Yn1XOdQNg0]n1=1O1N2N2O1000O000001N2O2XO^QNOjn1IXQN4[o1O1K5000WPaj2
20140828080414Th_6,jmTP22mo11N2jNL^RN6bm1K]RN5cm1K\RN6cm1K]RN5cm1K]RN5cm1K\RN6dm1J[RN6fm1IZRN8fm1G[RN9en110O2O000O10000O1O100O1O100O10O100000000000O1000000O2OaoQ12YPnN401N1000O010O1O01000O0100BJQQN6Po1JPQN5Qo1KoPN5?Jgm11iQN5a0Jfm10jQN6Ro1JnPN5So1KmPN5^o10010O01000000000000O100O100O101O00O10000OYQNHhm18WRNJhm16XRNJhm15YRNKfm16ZRNJfm16ZRNJfm15[RNLdm14\RNLdm14\RNJfm16ZRNJgm15R10001O0001O000001O1O_PNMWo11jPNNWo11hP`0Odo_O101O1O1O3M100YOIcQN8\n1HeQN8Zn1IeQN7[n1JeQN6Zn1JfQN6Zn1JgQN6Xn1JhQN6Yn1IhQN6Xn1JhQN6Yn1IgQN8Po10000000K501O00001O000oPN@an15VQN27Jcn14VQN44Ifn13VQN44Ien14WQN42Ign13WQN42Ign13WQN42Ign13WQN42Ign1c0YQN]Ohn1b0WQN_Okn1?UQNAln1>TQNBln1>TQNBbn1LbQNa0MB_n10cQN=OC^n11bQN<0C^n11bQN;1D]n12aQN93F[n11bQN84GZn11bQN84GZn11bQN84G[n10bQN84GZn11bQN49JVn10cQN4So1JnPN6_o1N3NeR]d1
20140828080414Th_7,fiPc13Yo10VQN5en10WQN2hn1NXQN3in1IZQN4_o1I_f34XYL9N1O00000VZNBR\1>e93O2O1N1N2N2O2aQNWOem1i0\RNUOfm1k0h0O00kUNWOSe1i0R50bZNWOe[1k0VdNYOi[1i0WdNUOi[1i0h9O1O100000000000hWN_OQa1a0m^NDPa1=n^NESa19m^NHTa17k^NGWa19mYN]Oj29Zc1:iYNN_2Gic1;eYN3_2Clc1:SYN^OUOh0i3AQd18oXNl0i2PO[d13]XN_1m2dNld1JUXNi1g2]NVe1JSXNMIo0n2ZOXe1IRYNf0f1BXe1EVYNg0b1EXe1BWYNi0a1EYe1AVYNj0T1QOZMe0[h1@WYNj0R16fe1POYYNj0o07he1oNZYNR1c0OUf1oN\YN[1GMRg1gN^YNY1YO1\g1eN\YN\1RO2dg1`N\YN^1jN5mg1[N_YNZ1QNfNHf1gk1^O`TNj0Vl1nMbTNR2fl1000O1M3O102000ZNaRNh0`m1oNiRNo0Vn1NbRNmNYl1h0hSN\OUl1b0mSN@Pl1>TTNCjk13`TNM`k1OfTNNhm1N1O10000O1O3MTP60loI01O03M2N1000O101OO2N0_VcV2
20140828080414Th_8,_USm01`01mn1ORQN2gn15YQNKgn15XQNLgn15YQNKgn15YQNKgn15YQNKfn16ZQNJfn16ZQNIgn17ZQNGgn1:?0010O00000000000000001N10000000001O00011N01O0000000000000001O00000010O10O000001O00000000001O00000000001O00001O3M1O010OO3N1O0000000O100O100000001O00000001O000000000aPNHVo18jPNIUo17jPNKUo15kPNKUo15jPNLWo13iPNMWo1>10O01N10000000000O100000000000000000O10001O0O10010O001O05K100O0O2O000O1O1O2O0O101O001O1O1O00001O1Olidi2
20140828080414Th_9,Ud]V21mo13G8N3N6K000O1O100O101N2O2N2N1O01O00000000O1O1O0002N101N2O1O1O3M2N1O4L3M1O000000000O100O2L4Lm[df1
20140828080414Th_10,UmfS21oo70Xo70iPB1N00000O1000000XP2NQPb00io[O0PP40eoc00dPH0QP^O0\o10cPN0go110Ooo?0SP@0PP20ooM0Uo10jPN0RP20PP20noK1O00000oPNOSn10m02lPd0NVo[O000do10\PN00000SP20C3VPNOVPNNjo1040VPN0jo10hPN0an70gPJ000O1RScd1
20140828080414Th_11,\jhd11dnm20^QTM0TPn00ooQO0fo50\PH0io10iN8nQNH_O0cn19URNGlm15URNLmn140O01O10O010JTVUV2
20140828080414Th_12,Rmdm04ko14L4M2N1N2O1O00100000O2O0O2O1O1O1O1N1O101N01O1O1O1M3K3O1N20O1O2O1O101N2N2N2N4IgRko2
20140828080414Th_13,YZSV19go11N11O101N1O10000O100O01O00000010O00DKmPN5_o10001O010O0000001O00001O000001O00001O00O01GMePN3[o1NdPN2[o1OdPN2\o190O100OFEQQN:on1IoPN6Ro1LlPN3Vo1;1N2M4L3N4JjeZf2
20140828080414Th_14,Y]]b11oo11]PNO74Vn1MbQN074Wn1KbQN273bn1N]QN2bn11]QNObn13c01N11001O1ZQNGdm1:\RNHbm18]RNJcm15[RNNdm12ZRN1fm1MYRN6gm1IXRN7im1IURN8lm1HSRN8nm1HmQN;Wn1b0:H2O1N2O1O1M4N2O3Cbbd[2
20140828080414Th_15,aZiV11RPj00lnK3nP\O001O001WQNKem15S100O10000O1000^PNMWo13hPNMYo13:000O100O100O0100O010O100O10000O2O1O_fde2
20140828080414Th_16,VgnY31mo12RQNOmm11SRNOmm11RRN0Qn11kQNOUn14gQNMZn13eQNL\n14bQNN^n13ZQN4fn1MXQN4in1a0@TOmQNk0Rn1WOnQNh0Rn1WOPRNh0nm1WOURNi0hm1ZOXRNf0gm1[OYRNe0fm1\OZRNd0dm1^O\RNb0`m1BZRNd0fm1]OWRNe0im1[OVRNf0jm1ZOTRNg0mm1ZOQRNf0Qn1YOoQNg0Rn1YOmQNg0Tn1XOlQNh0Tn1XOlQNh0Tn1XOlQNh0Tn1XOlQNh0Tn1YOlQNf0Tn1ZOlQNO05Tn1LmQNNO7Sn1KoQNK19Pn1LQRNF2>om1J_RN5bm1J_RN5bm1KdRNN\m13Y1O01O1O1O0O2N1O10010O01N2O1O2N1O01O1O1O1O1N2L4L3M30001O0001O1O1O1O1O001O0000000002O0O1O0100O01O1O0000O101N1000001O0002O0O0101N2N1O1O1O1N4K4InXW?
20140828080414Th_17,mZci11no12O0000O1000M30000000000O101O0010O001O0000000O100000000O10000000000000FMgPN3Xo1NhPN2Wo1OiPN1Wo1OiPN1Wo1OiPN1Xo1NhPN2Xo1NgPN3Yo1LhPN4bo1000000000000000O100O101O0001O012M0O1000GNdPN2[o1OePN1[o1OePN1eo101NUeRR2
20140907195814Mh_1,\^gV12mo12O2O5KNcNKRSN0nl17X16A?M4VQNoN92[m1S2O00O1O2K402N2Nb0^O3N3M2N1001OO01N1010O001O00000000000O2O10OO10011M11O00O1O102M4M3L5K2NgMGmTN7Pk1NPUN0oj12QUNMnj16RUNImj18SUNHlj19TUNHjj1:UUNFkj1:TUNFlj1:UUNFkj1:YUNBgj1=_2O2M7H^cRe2
20140907195814Mh_2,niTW35io12N3N2N2N3M2N1O2M2kKZOoXNg0Pg1ZOoXNi0Rk11CVOcQNk0\n1VOeQNi0[n1WOeQNi0[n1VOfQNi0jn1N1O2N2N4KXODS14M1O20O001O2M3LnP84omGL^QN6;1Sj10RYN;iLFSj13PYNIcL5;NPj18nXNGgL2`0Kki1`0hXNDoL0`0Iji1d0dXNDSMORk1>iWNCVMNSk1=dWNH[MJRk1<aWNL`MFPk1<cVNJaN4NDoj1=aVNNaNOdk12iUN1cNLek13eUN5dNHhk13bUN9`NHnk1OaUNR1aj1mN^UNS1cj1mN]UNR1dj1nN\UNP1YOdN[j1<\VNn0[OfNYj1<\VNl0FgNfi1=dVNk0FmNbi18gVNj0HQO_i16gVNi0KQO_i16VVNFTOS1Y1PO^i17TVNHTOo0\1QO^i18PVNIUOn0_1PO]i19nUNJUOk0kl1[OmSNR1Vl1oNeSNS1_l1mNWSNZ1kl10lRNmNVm1P1oRNlNRm1S1PSNhNUm1U1l0O2L:\O`0IROBeRN7^m1J\101NR\oc0
20140907195814Mh_3,aRYV35io13N1O1O00100000001O1O1N1M51N4L1003K2O0005LOOWWNDoa1<o]NFPb1:P^NFPb1;n]NESb1<k]NBXb1>e6000lSNDdh1=^32M3O0nQNAcl1?RSNKX3HYe1>]WNJV3L_e19mVN^OL=f3Oce15gVNCN6j32je10ZVNJ22j35ne1;WVN[On3;oe18RVN\Oo3:Uf17mUN]Oc3e0ef1MhUN^Oa3d0kf1LeUN@^3d0Qg1JaUNB]3c0Ug1I`UNCY3c0[g1I\UNDW3d0_g1GZUNET3e0eg1EWUNFQ3e0kg1E^XN;gg1CWXN<lg1D`WNN[M>Yk1CYWNn0jh1ROUWNm0mh1TOQWNj0Si1VOkVNi0Wi1XOhVNh0Yi1XOeVNh0]i1YOmTNJ`0n0dj1ZOhTNId0k0gj1_O`TNHh0g0lj1BYTNGk09lNCSl1<UTNJn0OoNJPl1<QTNNf1D]j19oSN;Tn1[OQRNX1Rn11001M7I4K4L3J6J8GdjPe0
20140907195814Mh_4,nhhX31ko50go51ZPF1dPNNVk10mWN1[h1OPXN0XL4\o1L^L0VXN0oK0]k10TUN0h20hL0ao10`PN0\k10RUN0Y20_M0`k10cWN0oL0`k10a40kRN0hh10\TN0Po10PQN0Po10PQN0`o1000XSN0`i10_VN0bi10\VN0fi10U300000d10ZL0b20PQN0bl30kSL0Wl10jTN0Tj10o21gPN5\n3JlPN0aRN0nj11UTNOhl10WSN0jl11RSN0[m3OZP20kPL0n[oc0
20140907195814Mh_5,kaUb23lo12M201N101O00000010O1O000001O00000O1I7N2O1O10000O010000O1000000000000000O1000000I\ORQNc0nn18N10O1O2O1O010O100O10000O10000000000000SNZO_TNg0_k1[OaTNd0_k1]OaTNc0_k1]OaTNc0_k1\OaTN>[N@Tm12aTN>fk1B[TN=ek1B\TN=ek1C[TN=ek1B]TN=ck1C^TN;bk1F_TN9`k1HbTN5^k1LcTN1`k1NbTNN`k12W20_OMUQN1ln10b00OO20O1\P:OdoE2O1N1000000O100000O010OfRNNhj12WUN0hj10WUN1ij1NXUN3gj1MYUN3gj1LZUN4fj1LZUN5fj1I[UN7Wm1000O10001N10000O1000O0100O100O100O1O010O100O1O1O1O1O1O1N2N2M3M2G:O0010O10O0100O101N100O2O0O2SOYQN?in1^OZQNOL8bo1K_oQ1MgPnN000_om00`PRO2N101N100O2N1O1O2N1O3N1N1O1N2N2O1O001O010O01O100O1J6N2O100O1O1J7N2NhoU11WPjN2M200O1N2N2O100O1O100O10000O010000O10O10O10OO2K5M3O2Nfabl0
20140907195814Mh_6,dbi]23ko13N2N1O100O100O2O0O1O2N1O2N1O100O2O1N2N2N101N100O10000000O10000O101N101[OQQN6_m1DkSN5iN5[m1HlSN1jN6Zm1J[TN5ek1K\TN3lh1JlWN3XO2lh1MjWN2[ONmh10hWN2\j1NdUN2\j1NdUN2[j1OeUN1[j1NfUN2Zj1NfUN2[j1LfUN4Tm1N2OWQV2O]nmN0]l?2lS\N201N100000O1000O1000O2O0O2O1N\Q^10enaN000O100O100oQn4NSnQK0O1001O^_hQ1
20140907195814Mh_7,olT[12mo14K2O1O1O100O10000001O011OO01O001O000O100O1000O100O1O0000OJ70O100O1F;Neoc00[P\O3N1O1O1O000001O000000O1000000000010O010O0010O00010OjQNKbl16^SNK`l15`SNL`l14^SNMcl12]SNLel15ZSNKgl15YSNJhl15YSNKfl15[SNJfl16b100O10O10O0010000O01000NlQd0OVn[O0011NWSS^2
20140925195834Ch_1,[Xan08fo18J5K2N1O3M4M2N8IO01O4M3L2M7I3M5K=C100101N1OO6J3N002M3N:E5L4nWNjLQc1_3b\NfL]c1`3Y\NcLhc1`3R\NbLoc1^3o[NbLTd1_3i[N`LZd13XXNe2Z3WMbd12WXNg2S3WMhd11XXNg2m2WMnd11XXNi2d2WMVe1OZXNi2[2YM^e1MXXNl2U2XMde1KYXNn2n1WMme1JUXNn2m1XMPf1ITXNP3i1VMVf1ISXNQ3b1YM]f1DSXNZ3k0]MTg1YOXXNW3:cMag1SOZXNa0TOh1m0eNfg1RO^XN6YOS2>dNng1RO_YNY2]NfNUk1^1VTNdNSl1^2;F7H6K4L4J5M3L6J5M2M4N1N1L5N100O100000001O5L;E3M2M2L4L3M4K6ISaXl2
20140925195834Ch_2,ckjP11no12O000O1001O1NUnc02hQ\O2N3O1O00001dPNHnn19oPNJPo16oPNLPo1d0O0O00000000000000O1000000O100OZUNYOUf1f0c4M3N2O1O10001O0001O0001O00000000000000000001O001O010O01O101N1O10O10O01O10O0100O1O010O001O001O011N3M3M100O101O0O2N1O2N1N3M3N3L3N2M2O001O0000O001O1O00100N2O1_Oa0O100000O101O1O001O001O00001O1O001O1O1O00001O000010O0010O010O1002M3N1VOVQN:ln1AZQN=Vo1N100O010O0100O1O100O100O101O00O100O0001O001O001O1O1O1N2O1O1O1O1O0100O1000000001O00000000010N10O01O2N1O1O2N2M3N2N2N2N2O2M1O1O1O1O00001OO10000O10O100O1O1O2O1O1N2O1O1O001O001O1O1O`NZRNg0em1YO]RNf0cm1YOaRNc0`m1\ObRNc0_m1[OaRNf0`m1XO`RNi0`m1VO`RNk0am1RO`RNn0bm1oN_RNR1Vn12O1O1O10000O11N101N1O3N0O2N1O10O010O1001PO[QNb0en1\O]QNd0Po1O1O010O15J10O10O01O1O1O00001O000O100000000000000000001O01O00000000000000O100000O100O2O0O2N1O1O1O10000O01N2O1O1O100O2N2OQQN_Ofn19[QNHfn15[QNLen13[QNOdn1O^QN0cn1O^QN1bn1M`QN2`n1MbQN2Wo1O010O1NSP:OooE0O11O000000mPeX2
20140925195834Ch_3,TQUb04lo16J3K6nNR1I7G9QORNbSNR2Xl1VNcSNl1Vl1R1L5L5KkMRTN?kk1BYTN>bk1CaTN=\k1DfTN:Yk1EjTN;Tk1oN^TN\Of0e1lj1jNiUNV1al1O2N1O1O01O1O001N1O2M31N10O01O00001]OWRNmNkm1k0\RNSOhm1j0ZRNROlm1j0i0L3M9H0OTNETTN:nk1DTTN:km1N4IYnjZ3
20140925195834Ch_4,omP`21no11O10000000O1OXn52gQJ0N3O0000000O1O100O10O10O100O100OO20O100O1O1N2O1O1O10000O0^OAeQN?Yn1FdQN:Yn1MbQN4\n1h001O1O10000`TNeNZh1\1eWNeN\h1Z1dWNfN\h1Z1dWNeN^h1Z1U3O000O2N2O1N2N6K1N101O0O101O000000000000000010O0000001O0001O01O00000000O2O001O1O0O2O00001O_QN^Odm1b0nQN@MNUn1c0mQN_OM0Vn1`0lQNANOVn1`0lQNANOVn1`0lQNBLOXn1?lQNBL0Wn1>nQNAL0Vn1?nQNBKNXn1`0mQNBKNkm1NYRNb01BKNkm1OXRNa02CJMlm1OXRNa02CJLmm1OXRNc00C]n1=cQNC^n1<bQND^n1<bQNE]n1<cQNC]n1=cQNC]n1=cQNC]n1=cQNC]n1>cQNA]n1`0bQN@]n1b0bQN^O^n1c0aQN]O_n1c0aQN]O_n1c0aQN^O^n1b0bQN^O^n1a0cQN@]n1?cQNA]n1?cQNA]n1?cQNB]n1=dQNB]n1=cQNC_n1;aQNF^n1:cQNE^n1:bQNF_n1:aQNE_n1;aQNF_n19bQNF`n18`QNHan17_QNJ`n16aQNI`n16`QNK_n15aQNK_n15bQNK^n14bQNM]n13cQNO[n10fQN2Xn1NhQN3Xn1LhQN4Yn1JhQN7Wn1IiQN7Xn1HhQN8Xn1HhQN8Yn1GgQN8<CPm15dRN8=Cnl16dRN6]n1IcQN7]n1JbQN5_n1K`QN5an1L^QN3cn1N[QN3en1M[QN3am1FVSN8XO2am1HVSN6YO2am1HVSN6YO2am1HWSN5XO4`m1GXSN5XO4`m1GYSN4WO6`m1DZSN6VO6fn1JZQN7fn1G[QN:dn1F\QN:Un1CmQN2N;Tn1DoQNON=Rn1EQRNLN?Pn1F`RN:`m1F`RN9am1G_RN9am1F`RN:am1D`RN<cn1O001O001O001O00001O10O01O0010O0BITQN6jn1NTQN3jn1NVQN2jn1NWQN2gn1NZQN3en1M[QN3dn1L_QN4^n1NcQN2Yn11gQN0Xn10iQN0Vn10kQN0Tn11lQNOSn13lQNMSn14lQNMSn13nQNMRn13mQNMTn12mQNOSn10lQN1Vn1LkQN4Un1KkQN6Vn1HkQN7Vn1GkQN:Un1ElQN:Vn1CkQN=mn1O001O001N101O00001O0010O01O0010O01O001O00100O1O000001O1O0O2N101O000010O004L1N2O00[PP10dooN3N001N2O001O01O001O3LlQ`30Un_L0noXj0
20140925195834Ch_5,ga[P22mo14L3N4UOFgQN>Rn1NfQN3Xn1OgQN1Xn11gQNOYn10hQN1Wn1OhQN6Tn1IlQN;Pn1FPRN;om1EQRN=nm1BRRN?mm1ARRNa0nm1_OQRNb0nm1_OQRNb0nm1OQRNCmm1;WRNDhm13cRNJ^m11hRNMYm12hRNMYm11jRNLXm13jRNKWm14mRNFWm15kPl0IdPTO5M201O00000O10000000O1N2O010O10O01O2N103M00@7iPNIVo1;gPNHVo18jPNIUo1a00011NO2O1N2N2O0000000000O1O1O100O1gQN^OTm1c0iRN_OVm1b0iRN@Um1a0jRN_OWm1`0hRNBWm1?iRN@Wm1`0jRN_OVm1a0lRN]OUm1b0nRN[OSm1d0T110O100O1N2L4N2O100O0010O00000001O0O2O1O2N3Mf`^h1
20140925195834Ch_6,XXWW25ko100000001N\26^M4L3L3O1N1N0101O001O100O1O0O20O1N2O1O1N2N2M4N1N3M3M6KQO`QNa0^n1_OcQNa0\n1@dQN1OM\n13eQNM8IRn1<fQNJjn18UQNIjn12VQN1kn11UQNKnn15SQNJmn16TQNJkn15WQNKhn14[QNJen14^QNLan13bQNK]n16e010000001O00O010000000O20O00000O2O1O100OnRNOWj11hUN8Pj1GoUN;Pj1FmUN>Rj1@PVN`0Qj1^OiUN1kMON4en16hQNH[n13o0K1O00eo?4VP@101O02N1O1NVenb1
20140925195834Ch_7,\mRS21Wo12]QN0Yo10O1O1O1M3O1O1O01O01O001O1O1O0O2O0000010OO1O1O01N200000100O1000001O000O10BjPN2Vo1MkPN3Uo1MkPN3Uo1MkPN3Uo1MkPN3Uo1MkPN3Uo1LlPN3ao10000O2OYSki1
20140925195834Ch_8,RY_h11mo12M3O010O12N0O1M3000000001O0QQl0OnnSO4M1O00000O2N101O01O0010O010O001O00010O00000O1O1O10000001O6J4LiffS2
20140925195834Ch_9,ZY[P27go15M3fQNCjl1e0oRN[OPm1j0lRNVOSm1m0kRNTOQm1P1oRNoNnl1T1RSNlNml1V1RSNjNnl1X1PSNgNPm1[1i01O001O100O100OAfQNZOYn1f0iQNYOUn1g0oQNWOnm1l0\RNnN_m1R1bRNoN[m1R1gRNlNYm1T1i00001M3O010O1000O1000O10O10000O10000O100O1O1O01O1O001O1N2N2N2O1O001O10O01000O10O100000000001O0000O1O100O101O000OSRN]O_l1c0`SN^O`l1:gSNGUl1=jSNESl1<nSNDRl1<mSNESl1:nSNERl1<mSNESl1;mSNDTl1<mSNBTl1>g10O1000002M10000O10O1O000010O1000001N10M3000000001XSN\ORj1b0gUN]OnMO[l1c0gUN^Odj1a0\UN_Oej1a0\20oRN^Ofj1b0YUN^Ohj1b0[2O1000O10O100000ZSN_Oli1b0cUN^Onj1b0QUN^OPk1a0X200O0M4O100O10O01000hRNEkj1;UUNEkj1;UUNEQN4Xl16hUNFmM1N2Wl15PVNHjM21OUl15QVNJjM2al13nUN0Rj10jUN4Vj1KjUN6Vj1JjUN6Vj1IkUN6Wj1IhUN8Xj1GiUN9nl118GVn_1NmQ`N2NN2000gN0bRN0^m11W1100O2O000O1O100O2O1O001O1O00001O01O010O2O0O0010O01O010O001O1O1O001N2O1N_hba1
20140925195834Ch_10,el`[23ko14L3N3M4M1O1nQN_Ocl1a0\SNAdl1>\SNBel1=[SNBfl1>_1N2N2NfQNGPm17PSNJQm11RSN0^n12O2M2O0O1O1O100O1O1O1O1NI8000000N20O1001OQQNIVn17i010OgPNIjn17WQNIhn17ZQNIcn18^QNI`n18b0101O0O0O3K3M50O3M3M2N3LQSo`1
20140925195834Ch_11,R[cZ31oo110O00in97PQF1N4M3L2N101O01O001O000100O010O01O000001O000000000O2O0O10000O10001O008G2O00O10000O100O2O1O2N1O001O10O05K1O1O1O2M2O1O1O0010O01O010O10O010O0100O1N3LZeV`0
20140925195834Ch_12,SQSb02mo10WPNOeo1132N0XQ:MnnE0bk54YTJ000fTNLhf13TVNMiQ:0Uf91`V^O6L2O100ZVNM]c14d\NK[c15i\NIoILQi1;T]NGPc17_6Mc5K_ec10QU\N6C<K3N3N1O000001O0N4L5K^QNGmn11001O2K^n;6^QD1N101O0000O2O0O2O4KiT]W3
20140925195834Ch_13,Q`Yi14ko12N1L4N3N2N6J2O2M2N00001O1O001O10O0N2]OSQNMUo12nPNIUo16;000000OO0010001N101O1O1O1N2O10O00100O1N2O1L4O1OUajS2
20140925195834Ch_14,]]if06io18G5^OBZQNb0an1h0G5K00O1VOmQNGTn1:h0CPQNJQo16RQNGon18<01O01N101EEPQN;Po1FoPN;Qo1CPQN>Wo111O1O1O1N2O001O00001OjQNKcl14YRNJj07dl1OcRNIj07cl11lSNMTl14mSNISl18j10001N2M4NSdbV3
20140925195834Ch_15,nYe]12mo13N1O01O150J001O06K0O01N101O001O01O0001O00001O00000000001O00000001O0O1000O001000O10O001O10O010O001O1O0100O1Odok0O]PTO1N2PQNLSn15kQNMTn14lQNMRn14nQNLQn15oQNKPn15l0010hPNIhn18WQNIhn15[QNKF0en13iQN5Wn1JQRNOom10SRNOmm1OaR2ObnM101OO00100O01N2O0`eZ\2
20140925195834Ch_16,n[en21no12O01O00oRn0OQmQO6K1O00001O01N100O2N_no1MbQPN<F3N1O001O0000O100O00001O010O1O1O1N3N2L]OOf02L3N3L3O1O100O10O01O0000O2O0L6L3O2M\o9OfPF2N101O01O0NgnW5O`QhJODOdPN2Yo1NkPN2Ro1NQQN0mn10U10^o10[oM0XQN0\o10jTN3fe1MSVN1U43he1LSVN2R44_f1M^YN4oe1ISVN3l35Qf1HSVN4k33Tf1IQVN4j33Uf1IQVN4j32Vf1KoUN4j30Yf1KmUN5en1K[QN5en1K\QN4dn1L\QN5cn1K]QN5Pn1MmQNN36nm1NnQNL46T3JRg15eUNK57S3IRg16[VN0c2JRg17dUNI96jm11cRNO\m13cRNM]m13lQNG<6hm13cRNM]m13cRNN\m12lQNG?6em13lQNG?6em12mQNHRo17<00OeQNJol14RSNLnl12TSNN^n1100O100RONnQN2Sn1OkQN0Wn10hQN0Yn1OgQN1To101O00ZO1[QNOfn11YQNOg05al1LgRNOg07bl1JfRNOh08bl1JcRNNl09al1IbRNNm09bl1I`RNNP17al1K^RNNR15cl1K[RN0T12bl1OZRNOXo10hPN0Yo10fPN0Zo10<0ZPN0[o10:0[PN0[o10[P20PPN0O101YeV`0
20140925195834Ch_17,mmR`21no30QPN0000000RPN0mo10Xn12fQNN30no70PPL010hoa00XPZO0\o70cPH0lo30UPL0PP20QPN0cPf20`P^M2knK001OM30PO0TRN0ln10lo30TPL0dN1\1O;0fo50oPL0hn70YPF0O0Wo50kQN0Rn30RRF0cn30`P20lo30noK0enK0`R60YN0^PL0]P60eoI000To70X10RP60boE0XoM0jPJ090Zo30ZPN0[PN0Yo10<0gPN0`n11bQNO]n10ZQN0Po10`0000c00^O0]P40go30]oI0mPL0ao1000000000O1fo1OgPf00doWO0mo30SPL0TPN0ho10XPN0ho10YPN0fo1050no30RPL0cP^10\oaN0TPN0oo30ooM0PP20ko70nQcm0
20141009195814Mh_1,i]_\15ho17G7L4M2N100001M2O1O1O1O00O1O1O1O2L3O2N2N1O1M3M4N1N2M3O10O2TOdQNFjn17a0O0O2O10O1O1O1O000O10M3N3N1N200O01O100QRNJUl16lSNJSl17j10dPNJon16QQNKnn16RQNJmn16SQN1fn10WQN2in1NWQN1kn1OUQNKPo15QQNKon15PQNKQo15nPNKRo15PQNJPo16=O010O10O1O001O1O001N2O0O1O10O100O1000OO2O1O10O1O010O010oRNF]j18eUNIZj16iUNHVj18j2N1O100O2O0000001O001NTfj\2
20141009195814Mh_2,jj^W24lo14L2N4L2O0O1O10O2N1O01O00000000O1O1NZQNIgm15ZRNLfm13ZRNMgm13YRNLhm13YRNMgm13YRNMgm13YRNJjm16P1OjPNMan13`QNM_n12bQNN^n12bQNM`n11h0NeQ83YnG10000UO0fQNO[n12dQNM\n15cQNK^n15`QNKan15e0001O010O001O010O001O3M102M100O11O1O5J2O1O000O010O010O001O01O0001O01O01O0000000000HKePN5[o1LdPN4\o1LdPN5[o18O100007I00000O10@HXQN8hn1IVQN8jn1JTQN6ln1IUQN7ln1HTQN8Zo101O000O1000000O10O10O1000nNKXRN6hm1JXRN6gm1LXRN4hm1LXRN4hm1LWRN5im1JXRN6in1O01O1N2O001^NF^SN9cl1H[SN9el1HYSN8hl1IWSN7il1IWSN7jl1HVSN7kl1HVSN8jl1HVSN7kl1IUSN6ll1IUSN5ml1KSSN4nl1LSSN2nl1MSSN2ml1OTSN0ll10b1O^Ua_1
20141009195814Mh_3,a_YS25jo14M2N3L4M3M`0@2O0001O07KfNaQNo0in11N00O100QOXQNd0To1O0O1O00100O100O01001N2N100O100O1O0010O0000001N10000O100O1000000O10001O0000000000000000001O0000000000O10000000000O100000O10000000001O1OO01000O001O10O010O01O010O010O010O010O0001O0010OA@^QNb0an1@\QNa0dn1>O01O010O0001O0001O001O01O00001O01O0TOZQN?gn1@ZQN?fn1@\QN?en1@\QN?en1_O]QN`0Ro1000O00100O1N2O1O001O001O1O000000N3O001O001O0O10000O1001[O@jQN?Vn1CiQN<Xn1DgQN<Yn1FfQN9[n1GeQN9[n1GcQN;[n1GcQN;\n1H`QN:_n1f0M1O10O01000N2O1O001M3J6N3N1O1N3N1O1O2O1N100O2O1O00001N101N3N2L[aR`1
20141009195814Mh_4,ldjW12lo13O5J3O0O2N1O4M1N4M0O7J1N02DVQN]Onn1?=L4KUQd0KRo[O2M101O3N0O2O0000O0100O10O10000O10O1O001O1O001O001O0001O00001O0O10^SNG]i18dVNH\i18cVNI]i17cVNI]i17cVNI]i17cVNH^i19T31O010O1O001O000000000001O0O2O1O1O1O1N101O0OkPN6Wn1HiQN;cm1CPSN`0ZOBnl10gSN`0WODnl1NkSN`0TODPm1MlSNS1Tl1lNmSNT1Rl1lNnSNU1Ql1kNPTNT1Ql1jNQTNW1mk1iNTTNX1kk1fNWTN\1Vm11O0O010O01O0000000O10USNeNQk1[1k1O1O1N3NAjNYRNP1hm1POZRNn0]n1N2O001O00105J2OO010ZK_OkYNc0Sf1\OoYNd0fj12N100O1000O10001O1O0O101O0O3N1N3M4J^PN0do12N2ZKH`YN9^f1IbYN9Zf1HhYN:Sf1GoYN8Pf1HRZN7me1ITZN7ke1IWZN6he1JYZN6ge1H[ZN7ee1H]ZN8ce1F_ZN9dj11000O011N10000O10O0101N1M4NWP:1hoE1O2N1O1O1O100O2N1O1O1O1O00010O01O001O1O0000100O1O1OdJIP[N6Se1HlZN8Te1IeXNOTO8Vh1HfXN1TO7Yk1JgTN5Yk1KgTN6Xk1JiTN5Wk1JjTN6Wi1JiXN6Ug1MiXN3Wg1NiXN1Wg1OiXN1Wg1OjXN0Vg10VVN1j0OPi1OUVN5k0KQi1NUVN8i0Kgj15ZUNJej18[UNGdj1:\UNGdj18`UNDdj15_UNLTl10]RNOcm12U1000iJ1\ZN0ee1O[ZN1TLM[h16\[NLZLO^h11V[N0]L0Zm10dRN3[m1LfRN5Ym1KgRN6an100010O0001O10O0010O010OgM0bTN0^k10bTN0^k11bTNO^k11aTNOak10^TN0ck10]TNOfk1M[TN3im10001O01O001O00010O0000O2O0O3Mai11_VN1O2M10N\ZeV2
20141009195814Mh_5,Shjf23mo13M1N1mQNJ[l17cSNK]l15bSNLWn12N00010PRNOSl11lSN1Tl1NjSN3Yl1JeSN9nm12O0N2K5L3O30O1^OVQNMjn14`02N20L403L\PNMfn10TRN2gm15FLfRN9Vm1HhRN;Wm1ETRNO2=km1JmQNJ4?om14oQNLRn14mQNMSn13mQNLTn14lQNKUn16iQNJXn1l03N3L4M3OoQNnNTm1Q1lRNPO^m1e0bRN\O^m1c0cRN]O^m1b0aRN_O\OLkm1d0jRN_O\ONjm1a0jRNA]OMkm1a0hRNA^OL=6dl1;aSNC33^l14eSNGL6al1OdTN0`k1M`TN3fm102N4KkTcU1
20141009195814Mh_6,hWYZ14ko12O00001O001O00006K0O002N09HO0000000O2O00000001O000000000002O0O01O1O1O1O1O0000001O00000000O10000000001O0000000O100000000000000000O01O1O0100O0010N100010O01000O10000O010O1000000000000000010O0000000000000000000001O01O01O00000O10000O10000aPNFWo1;iPNEWo1;iPNEVo1;kPNETo1<lPNDTo1<lPNDTo1::O1O101N10000O2N10Uh\]2
20141009195814Mh_7,k]YS22mo11O2O00O1O\RNN_j53TSL2lSNKZh16gWNJWh16i310O101N2O_T8Mhk50moC0PP40coI0<0000000mk;1PTD3N1STNKog15m31eTNJlf16_400O1O2NfT6N]kI0PP<0PPD0]o;0cPD0bP80_oG0oo10PPN0[o10W10Yo=0RPH0RPJ0]O0WQL0^n32fP2NXPN0PPN000000001O001TQNNim12R1000001O100O010OQQ20on10]O0W10]oK0O1000O01OOno10[o10hPN0PPN00000no30SPL0ZO0[QN1en1OZQN1fn1OZQN2MNXn10jQN3NMXn10_QN0229N^n11WQN0=O^n16dQNJmm30[QN0`QN0Qm11nRN0Rm1OoRN0Qm11_10^QNOUm11jRNOWm11\1O10000001O00001O000102NO0c00kN0TQN0ln11b0O0010O0_aX`1
20141009195814Mh_8,e]aj26ho14M2N2N3N2M3N2N0O2O1O1O4L3M000000102M2N00000000O001O1O1O101N1O2O1N1O2N2N1O1N2N2O0O1000O1O1O01N201N2O1O1O1O1OeNHRSN4ml10_13N1N2O001N10010O02N2M4L\Pb04ao]O1N1M30N2M4Jdn30bQL4KL50Wma22fR^M2N1O1O00O100000001OnMJ[TN7ck1K\TN5ck1N[TN2gk1NVTN4ok1GPTN9Ql1GnSN9Sl1FmSN8lm111O01O1N2O000001000^NDaSN;`l1GURNNS1:il1HTRNNS19jl1ISRNNS17`n1M]VP10dioN2N2O11N2O1O0O3L\hU10eWjN0K6O1N10O2O1MoUb0MVj]O0VeVg0
20141009195814Mh_9,TTYW14do1:I7K3H9K4M4M3N2O1O0O01CfQNRO[n1a0eQN@2NYn1b0fQN^O3OWn1c0gQN^O2OVn1<P1O1O11O01N1O101O10O0001O0JRP`01RP@3NN3MgmRf2
20141009195814Mh_10,YRkY24ko11O1N2M2ZOHfQN7[n1JcQN6^n13YQNMgn14XQNLhn16UQNKkn1e000101N10O000000O1M02002N8H100O101O1N2O1O0O100O1000O0101N6KTndc1
20141009195814Mh_11,d]]j23ko18JHaPN0]o1OgPNO=2Rn1NYRN6cm1J]RN7en11mNHoQN2I6nn1HQQN8Yn1H^RN8bm1H]RN8cm1H]RN8dm1HZRN9gm1GVRN<jm1DZRN8fm1H]RN5cm1K]RN5cm1K]RN8`m1H`RN8`m1HaRN7_m1JcRN3^m1LdRN2\m1NdRN2\m1NdRN1]m1OcRN0^m10Y10oo10PPN1O100O20O01VP6LmoI000gPN0bn10g00mo11PPN10O1OO1hPNOcn12[QN0en10f00cPNNln12SQNNnn12QQNNQo11nPNOTo10kPN0bo10F1cPN0^o172N3NcQNLQm11VdfQ1
20141104195854Bh_1,[WmY33]o12hPN6kn1e0M11N0001001N200O2NO1K6N2A`0N1O0000O2L4N2N3K4O100001O1O1N2O1O001N0jMdNjUNo0aj1VOZUNm0fj1TOnTNW1Sk1iNlTNX1Sk1jNjTNX1Uk1jNfSN2:g0ATO_l15bSN79<gl1=SSNCol1f10O1O1OWOnMgSNQ2Yl1RNeSNl1]l1UNbSNi1_l1j03O0iMaSNm0`l1QOfSNF5JYl1?PTNXOSm1h0S1O1O001N110N1I9L4Kdo31^PL2L2O1O10O2N2N3LWP[a0
20141104195854Bh_2,[jVc23lo14J3F:N2O30O1002L3MYORQN>mn1@VQN?Uo11O1O1[RN_Oik1c0RTNBkk1a0QTNCnk1>oSNDQl1=lSNDXl1<eSNCbl17^SNHbl19^SNDdl1>[SN^Ohl1g0V13L4M102ORO^QN<an1AfQN>Wn1AlQN?Rn1_ORRNb0km1]OWRNb0gn1N100N3N2NkMK^TN2ak12^TNLdk14\TNKfk13ZTNMgk12YTNMik13UTNGRl1:lSNFTl1<jSNDWl1;iSNEWl1=fSND]l1OjSN4Qn10_SeY1
20141104195854Bh_3,lSSm0;So1IXQN=dn1FWQNa0dn1`0kNQOSSNR1hl1UOUSNl0hl1\OPSNg0nl1^OkRNg0Rm1U1O8I2M2OO1O1N2N3N4L2N2NlRN^Mkl1a2TSNeMil1Y2WSNhMjl10gSNV1^OjNnm1c13M3M2M3N9G=C5K000010O02O1N8I0O1001O00O1O010O10O10O100N3N]jdo2
20141104195854Bh_4,]m\R31ko14L3]QNNfn100M^l12dVL0ki15QVN0li11QVN1oi12gSN3[1KPk1JiSN?V1Fgk1:ZTNEfk1;\TN^Ojk1b0l1NO1O2fQN^ORm1c0mRN^ORm1b0oRNZO[O1Ym1g0iSNZOWl1f0gSN\O[l1a0dSN@jl11QRNOg03Ul1LkSN1ZO1c04Rl10QTNJ\O2`06jm1JURN9im1GVRN8km1GXRN6jm1KWRN1jm11VRNMjm1;j03M03O0N204KQOFURN;im1GWRN8jm1FVRN<hn100O2N1NoQkj0
20141104195854Bh_5,WaiU24eo18M2O1O1O1I7N2O00100O1kMUOVUNi0mj1WOQUNh0Um1J6O000000000O10iLAYVN0QN>gk1CWVN0QN=gk1DWVN2PN:ik1DWVN2oM;jk1DWVN0nM<lk1DVVNOnM>lk1CfVN>Zi1BeVN?\i1@cVNa0]i1^OdVNb0]i1]ObVNd0Sl1:M3NN300O1O2N2N2O1O1N2O1OO1G:N110O10O100N201N1N2N201N101O001N100O2M\OKbQNMdn15[QNHhn18XQNHgn17[QNIdn16^QNJan14cQNK]n10iQNOSn10n03K400O2kNK\RN7dm1J[RN7em1IZRN8dm1J\RN6em1H[RN9em1F[RN;fm1C[RN`0cm1^O]RNj0]m1TOcRNn0Wn100O1O2M5YOlPN:_o1N3L5KYnk00fQTO4N2N0O2N1N1100O2O100000000000000O100O1O00000100O1TQNHPn17nQNLRn14lQNMUn13iQNOWn11iQNNWn13iQNMWn13iQNLXn14j0O1O100O1000STNKog14PXNOog11QXN0og1NRXN2nk1Om_d`1
20141104195854Bh_6,Wake23ko12ON2100O1POMRRN4km11SRNOlm12SRN0lm11RRN0nm10QRN2mm10RRN0nm10QRN2nm1NQRN3om1NoQN3Pn1OnQN1Sn10kQN1Tn11jQNOVn13hQNNXn13fQNNYn15dQNK]n1l0001O2N1O1O00\OTOTRNl0NhNgm1>ZRNQ1dm1QO[RNo0em1g0O0001O0N2O1O1O100O2N1O2TNRRNc1Vn100O100O10O01O2NmNhNaSNV1`l1jNbSNJVOQ1Zm1UOgSNi0[l1WOfSNg0[l1YOeSN1mN7am1HbSNOoN6am1KaSNLPO9_m1MkSN3Ul1OiSN1Wl11gSNOYl12fSNOXl16bRN_Oh0:gl1c0XSN\Ohl1d0YSNXOjl1h0VSNWOkl1i0VSNVOjl1j0XSNROjl1o0R12O4K2M3O0000O1SO`QN:`n1EbQN:_n1CcQN;_n1BeQN9So1N2N3N3L3Mo`hT1
20141104195854Bh_7,V]]m11no11bP`00\o_O2O1O1O01O2O0NdJ0mZNOkJ1]o1O:00000O10O01N2O1O1O010O010O0100OCNlPN3To1OjPN1Vo1=O0100O2O5J1O1O1O10O00001N1O2O0O1DGRQN9hn10UQN0jn12VQNLhl1FVUN=SNLgl1JTUN9VNLfl1LUUN4XNOcl1MiUN1Pk1OXTN0hk15o16J4M7I4M3L3\QNlNVn1V1hQNjNXn1V19M2O100D;L4001OO01O01M40QO@_RN?cm1B[RN>em1DZRN;gm1EXRN<hm1DWRN<jm1CWRN<im1EVRN;mm1BTRN<in1N100OoSNG^h1:`WNJ]h16dWNJ[h16fWNIZh18fWNHYh18hWNHVh19jWNHUh18kWNITh17mWNIRh17nWN5fg1L[XN4dg1K_XN4_g1LcXN3]g1LdXN4[g1MeXNIYLLUk1;Y4O100O0100000O010O]TNH_g18`XNK^g15dXNJ[g16W400O2O001N3N2M]S41clK20O1N10nQb00Rn]OOSPN0no10eaZi1
20141104195854Bh_8,Pefk03lo12N100O10O2O1N2N^Q\10ancN3N100001N]S8OelG1O0010NZm34aRL3N2N2N2O0O10O010N2N2M3N3MhP8M\oG4L2N100O1O10000O1000001O010O1O001O0010O0001O001O002N1O1O001O0001O001O0O2O001N1O2O000O2O0O101O001O010O0010O1O01O01O01O010O000010O010O010O0010O01O00001O0010O01WRNHhk18WTNIjk17TTNJlk16STNLmk14RTNKok16oSNKQl16nSNJRl17nSNGTl18j11O010OO2O1N2M3Lao?NcP@2O001O0000OSU\1NPkcN1nKOR40010OdPl02YoSO2N2O1N110O11N11O0000000000000O2O00O01O10000O4M2M3N0O1O100O2O1O2N12N1O2M4M0O0010O4M0O3M3OM4L4L6HkTac2
20141104195854Bh_9,mSQm07Vo1MWQNMN0fn10SQN032Xo1NmPN0<1om1OaRN0Zl11j2OWPN0RQ62[nKNQm70oRH001US26elMN5K[m11fS6OUoG3M72FPP:0hP`00SoUO0M2Xng10iQXN00OZR63dmI0001O1O1OTP>2joA1O0fKMhXN2Xg1NiXNOZg10VRYl2
20141104195854Bh_10,g\T]22eo1:O1N1O2O0O6J2N3M3N1N10100O10O1O4L2N2N000000010O7I0000001O00001OePNDSo1e0O010OO2O001O8H000001O0000O2N1000001O010N3M3Nab[_1
20141104195854Bh_11,o\UY14ko12N2I5O2TODSRN<km1HSRN9am1ASRN71a0nm1YOoQN0M06f0om1[OnQNNM15f0Qn1[OmQNNM15f0Qn1\ORRNMMg0Rn1[O]RNe0cm1[O]RNe0cm1ZO]RNf0_n1E;M3O1J600000O1O1O1O1O1O10O010O0100O1N2O001O0L401O1O001O01N1L5O1O2N2N2Nbddc2
20141104195854Bh_12,Qinf13ko13TQNMnn1O^n32^QL5M200O1O0100O01]QNF_m19aRNI]m17cRNJ\m16dRNJ\m16dRNJ\m16l0FPQN:[o110OcQNIQm17\101ObPNIbo15O4L1O2N3N00O1O101O1M3012NO0;DO2N0O2N3L3N2M4I`UQV2
20141104195854Bh_13,TaRQ33mo1001N10000O1O2J500000O10002M2O001O2M10000000N8I3N1O0001O000O2N1L4O2O0O2O`Pb0Nbo]O001O0O1000000O1N1100000000000002N1NXP<0hoC10001N101N2N2J500O1000O1O1O2L3O100O101O00001O100O01O1O100O0010O1O1NTo7MPQH1O0U_kg0
20141104195854Bh_14,okTY14lo11O0ZMO]UN1aj1NPSNO]22cj1ORSNOY21fj10SSNO]o11dPNN\o11ePN0[o10ePNO\o10ePN0[o11cPN0]o10dPN0[o10ePN0[o10ePN0\o1OdPN1[o10ePN0[o10ePNO\o11dPNO\o11dPN0[o1OgPN0Yo10gPN0Xo11gPN0Yo1OhPN0Xo10iPN0Wo10iPN0Vo11jPN2So1MQQN1mn10UQN0in1OZQN1cn10]QN0bn10_QN0an1O`QN1_n10aQN0_n1OcQN1[n10fQN0Xn11jQNOSn12nQNMRn16lQNJUn16jQNJ[n13bQNNan12\QNMgn11XQNOin10WQN0in11WQN3dn1M`QN1_n1OaQN2]n1NfQN=mm1BVRN9lm1IQRN7Qn1KkQN4[n1KaQN3fn1NRQN3Uo14mT_c2
20141104195854Bh_15,chTX13lo110OUPNNjo12VPNNjo1221TPNMio1600O01O101LcQn1OZniN0QRF0XR[c2
20141104195854Bh_16,\akU21oo10@0PQN0on10`00J0oM2\TNNek14YTNLiN0Tl14nUNLQj15SUNKkN0To10TO0gQN0To11K4^OK[QN4Yo1L4000oo10\l50XWH0kh30bSL0O1MOWPN0jo13^R6MfnG0mm10RRN0Pn10P1000do90\QF0nM0SR20mN0SO0hQ40WoI0YO0^QN0Yo10ZO0[QN0fn10PP21kQLObm11dQNOWo10=0^PN0So10lPN1To1OkPN0Vo11hPNOZo12aPNO`o10_PN2bo1MaPN2fo1OFOhPN1Wo1OYP60SPN0hPJ0`o90hoG0ZO0lPN4:Lao10O0M0XPN0\aXd1
20141104195854Bh_17,_ljX32no11O2N2aPNJnn1<nPNDRo1=mPNDRo1;0EoPN;Qo1GRQN4nn1MSQN1kn15SQNImn17?O2O1O0O100O11O0O100001O0O2N1O2OVP2OioM201N1O010O000000001O0000000O1O0N3O0O2O01O002N100O2L3N2O\Sac0
20141120195834Ch_1,YdP]22mo12O1N2M2O100O1O100O100O10O1000000O100000000000O2O000000010O01O0100O010O101O0O02O001O00000002N1O1O01O0110O3MO1N101O0O1000O200O000001O1O08G4NN010O1O1O1O2N100O1O1O100O010O10000O2O001O01O0000001N10001O0O0100O101O0O100O10000O100000O010O10O01O00010O01O1O001O0001O001O0001O0000100O0010O01O0100O001O100O001O001O00001J5O101O0010O00010O1O1O1O1OXMAPVN=Pj1CRVN<oi1BRVN>ni1ATVN>gl1000000000000000O1M300O10000000000001N10000O10001O00001N101L3N200O2O0O2NfXoU1
20141120195834Ch_2,o`[R12bo10gPN1Xo10hPN0Yo10ePN14Oin1;UQNHkn17SQNLPo10oPN1So1MlPN5Uo1:1O000001O1N100O100OK6O10O100000O0O2O00001O01O01O00001O01O100O001O001O1N1O0O200O1O0010N20O0N3O0010O0100O1O1N2000O1000J6O1100O10O11O2mNYQNi0on10000001N1O2N1O2N1M3N3K4N2O1O2O0O2O0O2L3N1O20N1E<N1B>0M4N2O000O10O1L4M4O1O1O1O1N2M4O1O001O0011N1001O1O2M3L6Jeabe2
20141120195834Ch_3,f\Y^24jo13N100O1O0000000000O001O000010000001O00100O010O01O0O11O01OVQNKjm15URNNim13TRN1jm1OTRN5jm1KURN8jm1HURN9jm1GWRN9hm1GYRN8fm1I[RN7cm1J`RN4_m1LeRN0[m10iRNKYm14iRNIWm18X1O11O000000000000001O01O01N1O2N1000001O001O01000O1fQN@Tm1`0kRNCSm1=kRNEUm1:kRNFVm19jRNHWm16jRNJWm13lRNLUm12lRNNTm11PSNLROMbm15^SNMlN2fm1O`SNOiN3Zo1KfPN6Zo1JePN6do1O1L`cb\1
20141120195834Ch_4,geTV12lo13[O8oPNJ1Ken1T1EmNdQNV1Yn1901O0000000000O100O101N1O2H7C]QNZOgn1c0<01N101O0000000010O0001O1O010O1O0010O0100O11O1O1N104L0O101N1O1O1000O001O001O0O2O0N3N1O2O0O1000000001O000000001O00001O0000000000000001O0001O001O1O001O1O01O000001OO2O000000000013L1O1O1O1O001O1O001O00001O0O2O0O100O100O10EZQN[Ogn1d0;00000O1000000O100O2N1O100O100O2O000000000010O0001O10O0010O01O00100O2N1O100O100O2N1000O13M00O100O010O00010O01O00101N001O01O0010OUQN[O[n1f0cQN[O]n1e0bQN]O^n1c0aQN^O^n1c0aQN]O`n1c0^QN^Obn1c0]QN]Odn1c0ZQN^Ogn1m01O001O00001O00010O0000bQNQOlm1n0TRNSOlm1k0URNVOjm1f0YRN\Ogm1a0[RN_Oem1<`RNE`m16dRNJ]m13eRNM[m13eRNM\m12dRNN\m12dRNN\m12eRNL\m14dRNL]m14bRNK_m15bRNI_m17U11O001N101O0O3N001O000000EfPN1Yo1NhPN2Yo1MhPN2Xo1NiPN2Vo1NjPN2Wo1MjPN3Vo1KkPN5ao10O1O3M1O10O0000000000001O0000001O10O01O00100O0010O10O01O10O01O0010O01O001O00000000000001O000010O0000000000001O00001O001O10O01O1O010O0010O001O001N101O001O001O001O0O2O1O2MSXQU2
20141120195834Ch_5,PYUY22no1100O1O1O1O100O00010O0010O0010O01O0001O00010O001O00010O010O00001O00000L5N10001O0O2O001O0O2O000000001O00001O01O010O3]OhPN8Yo1GgPN:Xo1FhPN:Xo1FhPN:Xo1FhPN:Xo1FhPN;Wo1EiPN;Wo18O1O1O000000000000000001^OkPN8Uo1GkPN9Uo1EmPN;]o1O00000O10000000000O1000O1000000O0100000O1O1O10O10000000000000001O000000000O100000000000000000000000000000000000000O1000000O1000000000000O010000O1000O100000001O0000001O00000000001N`fV\1
20141120195834Ch_6,fUQh11no12O2N2N4L2OO00000O1O1000O01O1O010000001O1O10O0000001O0001O1N2M[P<OgoC3M2O1O1O1O0000010O010O10O00001O0100\OI^QN7Vo12N:E2O=B02N2N2N4L3M00005J3MSi^S2
20141120195834Ch_7,[mh`23lo14L100cLKoVN5Pi1OPWNNoh14TWNKih15WWNKih16VWNJjh17_31O001N1O2O1O3M200N10O10001O01000O00002M2O1N10O101O010YSNEfi1;[VNAii1>n2N100010O000O2N3M4L4eRN[OTk1f0hTN]OWk1\1oSNfNQl1]1gSNgN[l1Z1USNSOol1m1:D4L4N3M1O2N2O1eNSRN`0Rn1RO[RNl0fn1F1O2N2M103M9DTRkZ1
20141120195834Ch_8,nnbQ23jo15M4L3N1N1O1N2L4I70L210O2N101O1000O1O100O10O0100002N0020N00001O00001O0000O6J5KbQmk1
20141120195834Ch_9,[ePb0:do18G8J4L2O100002M01O00000N2O100O2O3N00O1N5QOUQN`0Wo1O1O00001O10O2O01O3N00O1O1O000QQNDYn1;dQNJ\n11cQN5`n1BcQNa0ln111N3N00002M9FjP2;knM5M4dQN_OTm1e0ZRNIfm18TRNKPn11oQN1ek1WObVNc0jM7bk1VOjVN:iM?\k1]O_WNa0^h1BeWN:[h1HgWN5Wh1LoWNMRh12P4N1O2O0NSZmY3
20141120195834Ch_10,WjZP23lo12O0O2N1M300O1O1N2M3O01O0010001O0010O10000O100O010O00100O1O0000000001O0O10001N1O1O2O0O1N3O0O10000000O1000000O1001O1N101O1N1OlUgk1
20141120195834Ch_11,V^iY39co15N1N3I7M3O0O2M2010O01O2N10O1O1O001O00001N1O101N1O100O1O010O010O100O1O1N2O001O00bNA[SN?fl1DWSN;jl1GSSN:nl1GPSN9Pm1InRN7Rm1NiRN2Xm10eRN1Zm14bRNK_m17]RNJcm1;WRNGim1;TRNFlm1W10O2N100O1O1O1O1O1O001N100O1O2O0O2O1O^OeNaRNY1]m1oN_RNP1]m1WO`RNi0\m1]OcRNb0]m1AaRN>`m1P11O1O2N2N1N3N2M3L3O1N2O1O10O001N10010O02O0O2N8H5J7I?@Ydh?
20141120195834Ch_12,Vh\[33ko14jPNL[n1=\QNEbn1=\QNDcn1?YQNDdn1n0\OjNZRNX1cm1mNYRNV1fm1kNVRNW1km1?000O1O010000O110O1O0000O2O0N201N1C>M3M3N2N2O0O2O001N1M4N10000000000010O1O001O010O1O000010O001O000O2O001O1O001O1O2N10000O101N1O1O1O1N2O2KiWg?
20141120195834Ch_13,jo``22mo14M0001O1N\P4OdoK4POMnQN6Pn1JPRN7Pn1HPRN8Qn1GoQN:kn11O0fIEo\N<nb1ET]N:lb1EV]N:jb1FW]N8jb1HiV20PQb00QRF2_la0NaQB3_o_O3bn13WQN2fn1NZQN3cl1HPUN4]N5en1J]QN6an1JaQN7]n1IcQN8[n1HgQN9Xn1FiQN:Po11OO2L3N5Jmio0OUVPON]VcY1
20141120195834Ch_14,ZeW\24lo11O1O1O2N1O1O1N2O1O1N2O1N2O1O1O001O1N1N4L3K5M3N3N2N5K2N1O01O1O2N2N2N03MXOfQNKYn15hQNKWn13lQNMom15TRNJkm14YRNLem15\RNJcm17]RNJam17`RNI_m17aRNI_m17aRNJ^m17aRNI_m17aRNI`m17_RNJam15_RNKbm14_RNKbm15]RNKfm12ZRNNhm10XRN0jm1NVRN2lm1LTRN4mm1JTRN6nm1EPRN`0gn11O10000O101O1N101N2O0O1O10000000O2J6O7I00iN\ORSNd0kl1ASSN?kl1ESSN;ll1HSSN7ll1JTSN6kl1LUSN3jl1NWSN1il1OYSNLjl14XSNCol1<[100O0010O1O0O100100000001O3L3M3L[[V]1
20141120195834Ch_15,Xfj\11QP\10moeN0QP>0PPB0QSl01nlSO001O0001O000OXma00VSn00PokN0TS\93[mWF1O2O000O100aMIUUN7jj1KTUN6lj1ITUN8lj1HTUN8Zm10000000000000001O1O1N4Mene0O\QZO001O0000000000001O01O0000000O101Omo71QPH1O1O1gRNLfj14YUNLgj15XUNLhj14WUNLjj14TUNMmj12SUNLPk14oTNMQk13nTNMTk12kTNNVk12iTNMZk11UU2OVmM10000000010000O_O0SQN0_o10]O0U10kN0b00cPN0kn30bPN00000QP60ooI0QP40ooK0?0SO0>0]PN0Vo10hPN1Zo1OePN0\o10cPN1]o1OcPN0^o10bPN0^o10bPN0^o10iL1^32O1O000001N10`SNNSi11mVNOcl10O1O0UPNOho132OkUck1
20141220201934Ch_1,cQmm04ko12N1O001O001O1O1O1O100O100O01M2010O10000O01000000000O1O1O2O001O100000O0010000O01001O001O001O1O001O10O1O100O1O2N001O2N2M3M3M2N5J3M2N101001O2N2N5K4K3L3N2N2N1O0101001O10O0ZNAhSN?Wl1DgSN=Wl1FhSN;Ul1GjSN:Ul1HiSN8Wl1LeSN5Zl1NdSN1\l10cSNO_l14]SNLa0^O_j1f0oTNM=Alj1:hTN49DQk16hTN63FXk13eTN61F_k16]TN5MGik14ZTN6GFTl14VTN6kl1FZSN;el1]ObSNd0nm1101N1ON2N1N3M3L7I\kRk2
20141220201934Ch_2,jZmo01no13NObP21\oM3N2N3M2O2M2O001O0001O01O1O001M2OJ7O001O1O100O1O10O0H9N2N2M3O2N010N2N100N1O2O00K60O1O01O101N2N3M2N2N2N2O1N2N2O1000O1O1O5L1N001OG9O100O10ZQNIdm17\RNJcm16^RNK`m16`RNJ_m15bRNL]m14bRNN\m12eRNOZm10gRN1Wm10jRNOUm11mRNLVm12lRNMUm10jRN4Wm1JiRN7km1N\QN2an11_QNO_n13bQNK^n16cQNG_n18d010O1M3M4N_fTj2
20141220201934Ch_3,kQSd28ao19O03LeN1\11O6H7I4L3M3J6K6LbNgQN[1Sn1eNRRNX1nm1fN\RNS1\n1O5MNN2O3K3L1G9GQn\Z1
20141220201934Ch_4,VTSk19ao1?E2K5N2N2O2N5L7K3N]NhQN\1cn1MM01N1VO\QN0kn1Mf0KgkjS2
20141220201934Ch_5,dnTY3`0^o15PO]OTRNk0km1e001O10O2@kQNROVn1n0?O000000000O1O0N12N2M300O101O01J6M3M9I1O1O3M2OO101OO001L5IUR_d0
20141220201934Ch_6,eTQ]23lo1100O01O1O^PZ1OdoeN1N2O001O1O01OUONhQN3Un12hQNNVn15iQNKWn16iQNJVn16jQNJVn16jQNJVn16jQNKUn15lQNJTn16lQNJTn16mQNISn17mQNIRn17oQNJPn16QRNIom16RRNJnm16RRNKmm14TRNLlm14TRNLlm13URNMjm13WRNMim11XRN0hm10XRN0im1NXRN2kn10O10O10000O10000O2N2Ncoe04ZPZOOJ7L30K33:F_kb]1
20141220201934Ch_7,WoZS11no12O3M0O10000000O10000O1000O100N2O1O1O010O01O100O2Nno;NUPD0M4N1O100O1O1hPNEkn1;SQNHln18QQNLmn15RQNKon1c000O1OO201O000001OGQQNAon1>SQNAmn1<VQNDjn1<WQNChn1><1O1O2NHiPNMRo14oPNKon16UQNGjn1:WQNEgn1<ZQNCL0an1=cQNCMO`n1=oQNCQn1=oQNCRn1;oQNEQn19QRNGom17SRNInm14P1O1NhQQh2
20141220201934Ch_8,^VSZ25ko11O3M2N3N1101O1NnPNF\n19cQNG^n1<^QNDdn1>XQNChn1=WQNCjn1=WQNAjn1>VQNBjn1`0TQN@mn1a0;M2O1N1000SOETRN:kn1OoNGZRN9fn101O001O1O1O00001O020L[hdc1
20141220201934Ch_9,fih[17jo1O1Ndl16SULH]l1=b12N11O1BfPN4co1O3L`RN0Sk1OlTN4Rk1LoTN2Rk1N`2003M1oQNNRl13lSNMUl14k11O001O2N1N300TRNIlk17RTNOlk11PTN4mk1L[SNm0dl1SOWSN?GYOSm1:PSN<hm1g07F;G9J8G:EcXka2
20141220201934Ch_10,U\ce13go1:J3N2N21OO2O0O1O1O1O2N0O1O1L4O101O01O1O1O0O10000O0010O00O2O100000000O100O101O001O0O2L3000000O2O00006I2O2IQdPW2
20141220201934Ch_11,h_lb18ho11O000001O01OO101N2Nno?MVP@0O3N2M5L5J2EASQN?mn1ASQN?mn1BQQN?Po1810O0001O1N101O00000O101N1O1O1O100O2O00001O1O1O1N4M1N101O0O2O0Olo94QPF0^PX10aogN5I4O0O2N2N2O001O001nPN]Oen1Q1N2N1O01O1O010O1N1N201O1O1N2O1N2K5N2N101N2O0O2O000O101O0O101OZOJbQN5Rn1LbQN2<0Sn1<lQNCUn1>kQNAUn1>ZRN@Zm1`0fRNCWm1=iRNDVm1;jRNFVm19dRNO[m10eRN2Zm1MgRN:Rm1FnRN?ml1@TSNa0ll1[OWSNf0hl1YOYSNg0hl1WOZSNi0el1VO\SNj0fl1TOZSNl0mm10010O0000001O0O101O000000001ZOoPN;]o1O2L4M1O2N]P:LdoE4N2O0001O00000001O01O001O1O00000O2NS^SQ2
20141220201934Ch_12,iWgW33ko12aPNNon13PQNNon13PQNNPo12oPNNRo12mPNOTo10jPN2Xo192N4L5JmP2OToM3O1OO01O10O000010O0001N4Lnn9OUQF4K3gPNJdn1k00M3N1O3L4K3KXhfe0
20141220201934Ch_13,i_jb13ko7NUPL0ooM00000O2XPNN`o13^PNMbo181O1M3O01000000OOWPNNho12XPNOgo10\PNOco11_PN6Xo1ImPN5gn1LUQNO91`n12UQNM=0^n10SQN5?K^n10SQN5?K^n10TQN3?M\n12lQNNTn13l000001N2oPNIWn17iQNIWn18h00001OnPNI[n17g010O0J]PNOdo10\PN0<0ln10b00aPN0nn11QQNOPo10PQN0Po10PQN0Qo10nPN0Ro11mPNOTo11>0[PNOZo13cPNM^o13`PNN`o12`PNN`o13_PNMao13^PNNbo13]PNMco13\PNNdo17M301O0O2ODfPN2Zo1NfPN3Yo1:001O2N=Bnoi06koUO4NM`PNJ\o158M30O01O1O10fPNOen11e00gPNOcn11^QN0`n10i0O00X10aM0^RN0cm10\RN0fm50VRL0nm30QQL0000000ePN1dn1OZQN0in10UQN0]o30boM0m00UO0iP20doM0E0;0ZPN0\o10dPN0Yn15hQNL8OF0\n14cQNLK2>NG1`n16^QNJ<OD1Qo1O`QN1To1OYPN141Zo12fPNMJ0ao10dPN1Vn1NlRN1nN1Vn1NlRN9Um1GRRN092FNgm10YRN0;1GOdm10YRN0=1MOVm10`RN0=1km1OgQN1>0lm1ObQN3d0MRn14nQNLSo11O0iN0^RN0bm1O`RN0G0Rn10o01O0PQNORn10nQN0Rn10nQN0Sn10n00mPN0So10TO0hQN0Xn10hQN0Xn10hQN0To1000[O4VQNLgn19a0I_PNN41Zo1OcPN1fo11IN^PN2eo141N01O1O2N00M20101O01O00000\PNK]o1570010O013M0O1O1OTPN0ho11VPNOko130000M2100N2O101NmQ`21Sn_M1O2M4M1N2O1O000000000001O001N2O000000001O00001O1N4LT\[l1
20141220201934Ch_14,eQkm02PP2OI0VPj20QP@0RPdM0jo10ZO3_QNMbn14d0OjPNMRP61mN1\PLOdP2O\oM0f10`L1dSNOSl12o1O^2O\m;0dkfj2
20141222201814Mh_1,oPUg13ko14L4L3M3N2O001O102O3L01O010O0001OO1O1O2M2N2O1O1O1O10O10O^QNI[m18cRNL[m14cRNN\m12dRNN]m12cRNN\m12dRNN\m12eRNM[m14fRNH]m17fRNE[m1<T110O010000O101N11O1O100O1000O10000O10O000000O10O100O010O100O10O>CN2N2M3N1N3O001O001000O2O2N2O00O11N2OO1O1O0O2N2O0O100000000O2N1O1O2M3JXlXR2
20141222201814Mh_2,Tl^R33ko10ko34QPL2M3N2N1O2O1N2O1M3O000001O001O0010O01M3N1O1NSQND[n1<eQNHXn18gQND]n1<cQNE]n1;cQNE\n1:fQNFXn1:g0OXQNHjm19ZRNDcm1>n01O10001OO100O1O2O0O3M6IcUaj0
20141222201814Mh_3,V\m\29eo13N10001O00001O00001O000O2N2O2N1N2O0N3K4DROdQNQ1Yn1QOgQNP1Rn1VOnQNk0Qn1UOnQNl0Qn1UOoQNl0nm1WOPRNk0om1c01O001G9M4L4L200O100OM300eQNlNmm1S1QRNPOnm1P1QRNROnm1n0RRNSOmm1l0TRNUOkm1j0VRNWOjm1g0WRNYOim1d0[RN[Ogm1;bRNBfm15^RNJmn1O3KUcl_1
20141222201814Mh_4,n^\Y24lo11N3[PNMXo1b0K2N2O00001O000000O5L0O2O000O100O2O0000001O0O2O00000O2O001O00001N3N1N3NaQ^33ZnaL5K3O0O2O0AC[QN=cn1F[QN;dn1F\QN:cn1G\QN:_n1KaQN5_n1KaQN5^n1LaQN5_n1JbQN7^n1HaQN:_n1EaQN<_n1CaQN>an1_O_QNb0an1]O^QNe0an1\O^QNd0cn1<00000000000O1O1O1N101O4M1O1O00000000000000001O00001O001O1O0FoPNEQo1;PQNCQo1=:O0001O0010O1O100O100O0010O01OdPNGQo19kPNLUo1`02M0001O001O00000O10001N10004L1O001O2N1O001O000000000000O100O010O100N2L301N1O2N101O1O1O1O1O2O000O2O001O0O2O1O1N2O1OT_iX1
20141222201814Mh_5,oghi27fo14N2O00000010000ePNGnn1f0001O2OO0O1000O101O5J2O010N0000000001O3M1O10N3N6I2O2N3LmVmS1
20141222201814Mh_6,[l\m0=ao15L4L5L2O102N2M3M02M2N1N2N1O1N2O10000O2N1O1O1N2O1O100O101O000O100OlMGcTN8mj1GeUN8\j1IdUN5Vm1N1NVmc03eR\O5L2M3O1O1O1O1N100OO20O110O100O10000010O001N1N3G;HaR40YmK1dPNO]o165M`Tam2
20141222201814Mh_7,UQiY32ao1>N4gPN^Oln1Q1K6J6J6J4L300M3NfNSRNc0jm1YOZRNe0im1TO]RN5JM^o1IdmXe0
20141222201814Mh_8,Qc`T23eo1:M2N2N2N2O1N100001O000O1K5N2O1O100000001O00000O101O000O10001N4LV]]i1
20141222201814Mh_9,_o``13ko16J5N0O1O100O2N2O2O1O2M5K2O0N2cQNUOam1k0\RNXOdm1GRRNi0:A[m1IZRNM5`0:LSm10fRNM;3nl11kRNC=<gl11kSNOUl11lSNOTl10mSN0Xl1NeSN1Wn1N1N3Mbnf]2
20141222201814Mh_10,Xl\]25jo16J03JVQN3in13DHkPN<Po1<O1O1OOO2O11O000O10K321N20GYQNYOkn1a0XQN]Ojn1a0<N1L5N6IaSo`1
20141222201814Mh_11,hP[g11lo50SPL0SP40TQ^10ZnaN0a00fP40loa00]oWO0QP40VP60UoC0VQN0]o10^O0TQN0^o10]P<0L0hoE0]Q84\nE5L4M2OO1O6J5KXjRR2
20150105104334Ch_1,UZeU24jo16K2N3N200oPNF\n17cQNJ]n16bQNJ^n18`QNH`n18`QNH`n19aQND`n1=a00O5L3M3eRNYOXk1g0bTN_O^k1a0lSNXOWO?Wm11`SN;bl1D^SN<cl1C\SN:hl1FSSN=ol1ClRNb0Tm1^OiRNe0Ym1ZOcRNi0^m1l014KF`RNVN^m1h1dRNYN[m1e1gRN[NYm1e1gRN\NXm1c1iRN\NXm1c1c00ODTRNbNPn1Z1=K5UO`QNMLKen14eQNLH0[o1OePN1lclg1
20150105104334Ch_2,YgVj01no12cM?ZTNAek1b0l17I04K5K33J5K9G:^QNeNkm1i11N3M05K001O3N00O02OjN_RNKam12cRNM]m11eRNN\m11fRNN[m10kRNKVm13mRNKSm15nRNJTm13mRNLVm10lRN0cn1O1OgXgS3
20150105104334Ch_3,ea^R23lo12O0`MLTUN3mj1NRUN1oj1OQUN0nj12_21O1O1M301O0O10O10000O100000O10000000000O2dPNDRo1<nPNDRo1=80010O01hQNCkl1>RSNFml1:PSNGQm1:mRNFTm1;jRNDXm1=hRNBXm1>hRNBYm1>iRN_OWm1a0iRN_OXm1a0gRNBWm1=iRNCWm1>hRNBYm1>fRNB[m1=dRND\m1<cRNE^m1:bRNH\m18bRNJ_m14aRNN_m11aRN0_m1OaRN1`m1N`RN2am1M`RN2am11\RNMfm14YRNGkm19VRNBom1>j000O10O10O01O10O01O02N1OGDoPN;Po1HnPN8Ro1HnPN8Ro1InPN6So1ImPN9Ro1FoPN;[o1O010O1O1N2O4I]Q:0enE2O5K1O00001O00OH9gM^OoTNf0Pk1\OiTNj0Wk1XOgTNh0Yk1ZOeTNg0[k1YOeTNf0\k1ZOdTNf0\k1[OcTNe0]k1[OcTNe0]k1[ObTNf0^k1YOdTNe0]k1[OcTNe0]k1[OcTNe0]k1ZOeTNe0\k1YOfTNf0[k1XOgTNf0\m1N^N]OhSNa0Xl1@iSN>Yl1AhSN=Zl1AgSN=om1O1000L400O1001O000000000001OO:G1L4MXO2d05N10O01001NAKUQN1nn10a010O0000YRNO`k10^TN4`k1K_TN<am10O100O0100N101N2O1O2N1O2MQ^Wc1
20150105104334Ch_4,l[iS15ko11O0M2I8M3iN_OiRNg0Xm1XOfRNj0Vn13L3N2N1A`0O1_O\NfRNd1Wm1fNaRNZ1_m1b02N2N2OE;O02N2O3N1O4L9F4L1N2O1O1O102N7I2N02N1O1O2K4N2N^OjQN[OWn1a0TRNVOTn19gfZi2
20150105104334Ch_5,jiXa08ho12N001O000002O0O10O000010O1000O0001O0001O001O1O01O001O000000000000O100O1000O100000N2N20000000001O06J000000000O10000000000000000000000O2O1N2OiUYZ3
20150105104334Ch_6,k[ei21ko15N2K5L3B>ROVO`RNP1`m1RO^RNn0am1UO]RNg0im1[OSRNc0Qn1_OkQN`0Wn1c03K6G7K7I9H8D]eVU1
20150105104334Ch_7,ZUi[21mo13O000O101O0^PNNVo12iPN0Vo10jPN0Vo10jPN0Vo10kPNOVo11iPNOWo11jPNNWo11iPNOWo11jPNMWo13;1O0O101O001O0000000000001O01O00000000010O000000000001O0N3N100100O00001O0010O0010O2OO0001O01O01O2N1O1O000000001N1O\jd_1
20150105104334Ch_8,RV[W31oo10O101O000O2O00001O101N1O00100O0010O00100O100O100O011N10O010O000100O1O010O0001O00000000000O1000O10O100O01000O10O10O1O1O0001000O0100O100O1O2N1OhiTd0
20150105104334Ch_9,W\ac08do17K6J4M2N1O1M3O110020NO1O00000O1O00O2M20G802O01N2M3N01SNROhTNo0dj1IWUN8Wj1?gTN>Vk1W2O2O100OoKRUNR3nj1mLYUNm2fj1TM_UNe2bj1[MaUNb2_j1]MgUN_2Xj1`MnUN\2Rj1`MUVN]2ok1H6J2O1N1O1O2N1O2N1O000000010bNURNe0mm1WOXRN1G4Rn1GRSN0^bjX3
20150105104334Ch_10,elRR13ko14M2L4M1O2dMHoTN8Rk1CSUN:oj1FQUN8[m1O1O03N1N2ON2OJ8M201000O1O1L4O000GIKPQN0N6Qo1a01O1O100N2ON201O0`QN]Odm1c0\RN_Ocm1a0]RN^O]m1LRRNd0b0_O\m10PRN52Kkn11VQNLYo14:OTVWk2
20150105104334Ch_11,\QYc14UTh04akYO5J4]Od0J4J5L5N1O\OURNTOnm1k0c00jN^OhRNh0Xm1f09OK6N30O10QOPNnSNQ2Pm1oN]RNFdm15mRN]OUm1<USN@kl1>ZSN_Ofl1`0\10O1O20O0011O1M3M3I7J6K6N]OlQN\OSn1a0SRN[Oom1c0g0M3N3M21M3O00K60001O1O1O0000001O\QNFon12\Q`01_n_O1000NYla02hS^O0O001001NiohV2
20150105104334Ch_12,mSgn06io12O1O1_OJWQN5hn1MXQN2hn1M[QNOVn1NhQN3mn1NQQN2on1OQQN1on1OQQN0Po10PQN0nn9MePH0jo92SPF1O100N2001O0010O1O000000001N1001001OO1O2M1N200000N2O;E3M3N1O10111M1N010O10O102]OmPN3To1JoPN6Po1GTQN;Wo13N3M3L1000O105J102McNEVSN;hl1FXSN:hl1GXSN8hl1HYSN7gl1IZSN6fl1KZSN3gl1MZSN2il1KYSN3\n1LPlnk2
20150105104334Ch_13,lQ_S24lo10YPNM`o1:00O100O2O001O00000[OHcQN7\n1MhQNKYn16fQNJYn17gQNIYn17gQNIXn18hQNHXn17iQNIWn17iQNHXn18iQNGVn1:jQNFVn19kQNGUn19kQNFUn1;kQNEUn1;kQNDVn1<h0N101M8HiP61XoI1N0010O010000O010O01O010O101Njo70VPH1O1N2O1O1kPNK^n15cQNK]n14cQNM\n13dQNN[n13dQNN[n12eQNOZn11gQNNYn12hQNNWn12jQNMVn11hQN0\n10dQNO\n11eQNO[n11fQNMZn14i00O02O1N1Onndg1
20150105104334Ch_14,a``T22mo1O\N0bS`00Tn_O0YN0^SN0Yn10go=0ZPB000nne01mP^OOTPL0QP40moK2Wo[1NjPdN0PP40QPL0O1001OXPN0`o10`PN0`o10YP20PPN0RPN0ko10cPN1`o3OL0PQT10RokN0S`ed1
20150105104334Ch_15,Tbnh04jo15L3L5dTNAof1d0T42N1ONiUN@Se1>P[NCod1=Q[NDnd1;T[NCnd1<dVNBf3Ofe1?cVNDlm1<TRNDlm1<URNBlm1?j0O2O0O10mRNAej1>[UNDfj17\UNKZm12jPNIbn18e0OSQNIQn16fNOW22O2[SNH\i1;fVNDWi1d0o210N`TN]Oeg1`0\XN@eg1=fVNC^O0ni1;dVNESk1;XSNFP1Oh02ch18aUNJU1Lg00fh19^UNJV1Mjk16jTNKUk15lTNKDOai15\4N]SNMlM4gn1OnnS10dZoQ3
20150105104334Ch_16,Pnfc12no11N1I7O2O0O2O010YQNBjm1>VRNBkm1=m0O1O0N200000000001O2N0010O002N1O0005K1O001N1oPN@bn1a0\QNCan1=^QNDbn1m0J600O01O0N120O01000O101iN^QNm0kn1000000BTQNHln17UQNIln15UQNKTo1KnPN4_o10`PNJVo16jPNJVo15;0]PNL[o13ePNL\o149O2NZQ[X2
20150105104334Ch_17,PUiZ23mo1000O2N1000O10001O001O00_PZ1NeoUO0F0dP20foK0doE0;0[P60hnI0lPL1O00000Rkb_1
20150124081954Uh_1,go`h11no13N0O3N4L2N4M0O1O2O00000O2O4L4L1N02O1O02O0O103MO001N2O0004L00O00100O10O02TOTQNa0Vo1O01O001O000010O001O1O1O1O00001O1O001O1N10000000000001O0O2O0O2N10001O000000000010O00001O010O001O1O010O0010O0010O01O010O01O001O0000001O000001O010O1O00000000000001O000000000O0100M3N2O1000000000000000001O0000O10001N10000O100000O10000O10O0100O1000O001O1O010O100O10O01O1O01O000010O00O1O100001OC_O]QN`0cn1B[QN?en1=010O001OO2M2010O1O0O2O1O1O1N3K4O1N3O1N2N101N2O1N2N2MdoXj1
20150124081954Uh_2,RX[k13lo15L1O001N2M3N2O1N2O9G2M1\QNSOTn1n0kQNUORn1l0lQNVOPn1n0mQNUOmm1b1O0O20XOTRN\Okm1d0XRNZOfm1g0\RNXOg0Ebk1U1jSNSOI35KUl1d0YTNZO@:MMal12UTNE@T1\l1kN^TNMXOX1Xn1N2O001O1M3N2L7J;DQf^R2
20150124081954Uh_3,bXeQ11bPd00Po]O`0WQNEam1a0YRNGhk1GYUNf0mNEfk1JVUNf0TO_Ogk1LQUN`0@D`k1MmTN>GCcj12kTNMj0=JC`j16lTNIi0>N@\j1;nTNEi0>0_O[j1;RUNDc0`0hk1HTUN6nj1IRUN7nj1ISUN5oj1JRUN5oj1KQUN3Qk1MPUNORk12PUNISk17Z2100000000000O1O00[MGeUN8[j1IeUN6Yj1MgUN3Xj1NhUN1Wj11iUNORj18lUNHSj1;kUNETj1=kUNCTj1?kUNBSj1j0bUNVO]j1o0_UNQO`j1R1^UNoNaj1T1\UNlNn2Lfb1]1YZNhNo2Nbb1`1]ZNaNS3N_b1n1QZNUNa3L]b1X2jYNkMk3L[b1g1PYN_Nl0Im3OWb1j1QYN[NZm1e1gRNYNZm1f1jRNWNXm1g1e0KZVNaNod1\1R[NdNZe1P1fZNoN^e1n0QZNoN_LO`i1R1oYNSOdf1l0[YNUOef1l0YYNTOif1l0VYNTOlf1m0QYNQOZg1j0Q4OM3M3L205J10O1M3N9F4L2L301N2O001O1O2McSND\i16Tofh2
20150124081954Uh_4,lghX35io17J3G54K4M4KBLYQNObn1:?3NK5O110O010O0100O1000000000004L1000002N2N1N3N00O000010O002N0010002NO7J1O1O6I2N1O1015K3L0011O0O0O101N1O1O5JcWYc0
20150124081954Uh_5,hYSW21no13N1N2O0O1N3M200O3N000O2O0O100000000001O000000000O10O1O01O1O10O010O0010O001N2O1L4O100O010O1O2N2Ngfje1
20150124081954Uh_6,jkb_11oo10010O00000000F0dPN0Zo13ePNM[o148001O00010O0010O1O010O001O00FMgPN3Yo1MgPN3co10010O00001O0001O000010O0000000000000000O2O0000000000O100000O10000O10O10O10O010O10O01000O01O1O10O10O101O000O2Omoc01QP\O2O001O000O1000000O5L1OO10000K50000O2O0O1OeTYY2
20150124081954Uh_7,kYiV23lo15K01L311O2NKO\PN0co30VPN0[P21WoMOmPN1Ro5OQQJ0mn30U10]oM0000000]O0VQN0]o10oo50O0`oI0SQN0nn10PQ40onM0kP42doINjo10aPL0eo70ooI0WPN0afle1
20150124081954Uh_8,[Qin24ko11O2O1N4M100O0lPNJ_n16^QNMbn13]QNMdn13ZQNNgn11YQN0gn1OYQN1gn10XQNOin13UQNLln1c01L4O1O0100000010O3M1O001O1G9NROcQN<\n1DeQN;Zn1FgQN:Xn1FjQN<Rn1DoQN=om1AURN>km1_OXRN`0dn11O1O000102N0O0001O07H100O1N2JnNO`RN2_m1O`RN2am1L^RN5fn1001000O1OQOKVRN2km1OR110NmnVm0
20150430082014Th_1,`dni24io19H3N0001O001N1OYMIiUN1]j10aUN0`j12^UNLdj16ZUNIgj19WUNFjj1=SUNCmj1?oTNCQk1?mTNASk1l0`TNTO^k1Q1_TNnNbk1S1]TNmNck1S1_TNkNbk1T1f1mN\QNg0Po1O4L1OdRN_OZk1`0eTNB[k1=dTND]k1<bTNE_k1:TTNCgN4Ym16nSNGiN3[m16iSNHlN2]m16dSNHPO2_m14^SNKWON\m1`0SSNB^m1`0`RN@`m1b0^RN^Obm1d0\RN\Odm1f0ZRN[Oem1g0XRNZOim1h0RRNZOnm1f0PRN\OQn1e0kQN]OYn1S110O000000CgQNROZn1m0iQNQO`m1OlRNm0FTO^m15hRNOGL=0Um13QTNMPl10STNNmYgR1
20150430082014Th_2,c[[l01mo13N1O1O10000O2O0000000000O100000000000001O00000000000001O00000000000000000000O10O100O1O0010000O1000O10O100000000000O102N4K2Obna0O]Q^O3N1O1O1K5N200O01O100O100O100O1O100OKKcPN3[o1OePN1Zo10fPN0Yo11gPNOXo12hPNNWo1>0O0100O1000000O1000O10001O0000001O0000000000000001O000000000O101O00000O100000000000O1O100O2O000000001O00001O1O1O1O001O00000001O00000000000O1001O000000000000iPNCkn1c0oPN]OPo1j000O100O1000001O001O001O0O100000000000000O100O100O1O100O100O100000003M000000O2N1O1O100O100O10O010O100O010O100000000000O1000001O006J0000001O001O001N10001O0O2O2N1O0O2O001O0O2O0O100O1O101N100O10000O10000O01000O2O000O101N1O^fha2
20150430082014Th_3,Snf[33lo12N1J600O01O00O1010O1O100O001N101O1000O100O100O01O0010O001O1O0E<N101K4014L2M1O2O0O1I7I7OO11OUS[a0
20150430082014Th_4,mh\b11no12XPN3[o19RQNBZn1>fQNBZn1>d0O1000000001000000O01O1O001O1O1O002O000O100O1001O0000O11O1N2O0O01O100O0000001N2O2MXVgZ2
20150430082014Th_5,]VUg12lo14N2M1O2O00001O0000001O0010O0100O000010O000000001O00000001O0000O100000000O10000O10000O1000001O0O10000O100O1O2NenQ12ZQnN000O1WQNMem13[RNNdm12[RN0dm10[RN1em1N\RN3cm1M\RN4dm1K\RN6dm1J\RN6dm1I]RN8dn1100O1000000O10O10O010000000O101O001O00001O0001O00001O001O0O10000O10000O100O100O10000O10O01000000O2O001O2M^oe01[PZO8M3O1O1N2O1O1O00001O00000000010O01O2N2O0O000000010O00001O0000000000000000000O01000O010O1O1O001O001O01O01O1O2M3N^oS1OcPlN2N1N2N3M2N2O0O2N2O1O1O1O010O0100O1O100O10000000jPN@ln1`0RQNEkn1i0O2N1N2O2N1N1O2O0AgNVRNZ1im1jNSRNW1mm1>0^OTRNPOlm1n0WRNQOhm1o0[RNnNfm1Q1\RNmNfm1Q1e0N3ROYQNa0So1O1N2N2O1O1O1N2O1O001N2O1O010O10O010000O100O1O1Oboa1O_P^N3M1O100O1001O0O2N^oU12`PjN1O2O0O100O1O10OO2O0O01001O000001O010O00100O2O001N2O2N0O2OQT>NQlA0O1O001O10O10O11N100Ojkg00WTXO0kmV_1
20150430082014Th_6,n^]d02no1O10O10000K4O200O100000000000000001O000010O0000001O001O00010O00010O01O2O000001O1N100O101N10O010O1O1O100O00001O00001O0000000O2O000O2Nmi[?NVVd@000QQ<0onC0kok10UPTN000oo90QPF0mejd2
20150430082014Th_7,nolb08fo15M2O0000O1O2M2MdQ`10[n_N5L4N3M3N7H2O1O0lNSOTSNm0ll1ROVSNm0Pn1N3K4N1O1O1O101O0O2N4LYQd0IZPZO0Xm10gRN=nl1EoRN>ol1APSNb0I[OXl12nSNf0GZOZl10nSNQ1^OoNdl10mSNW1ZOgNom1\1:O1N2M3H8E;L4N1O100O1O1O1N3MkPN2gm1MlRN7Rm1IPSN5Qm1GTSN3eh`W3
20150430082014Th_8,fih\13lo14L4M1N2N10000O200O1O03N4LO100O1O1O00000000007H3N00[OoPN<Zo10100O1O11N20OO02N6J1O000O101L_Uc`2
20150430082014Th_9,_^ih22mo13M2L3O2N001O1L3N20O1000001000000O10000O002N100O1O1O1O1O100000O10000O10O10O001O000000O10O1O10N3N1O10fbPT1
20150430082014Th_10,gidY35jo110000O7I2N2N5SO[OWRN3]O9Yn1HYRNO^O:Xn1GZRNO^O9Xn1IZRNN^O9Wn1J\RNL]O9Xn1J\RN>dm1B\RN=em1A]RN?bm1A_RN>bm1B^RN=bm1C^RN>bn1O1N8H4M`o1M_P44PPJ1M4N100O100O1O3M100O00L5M2O2O1N2M[W_c0
20150430082014Th_11,\^Qh13lo12N1N3M3O1M2O1O001N1O1O011O100O101N100GYOXQN;OKen1OZQN6Uo1:00000000N11O2O00000O100O1O1OG90G73N2000N3E<HYcTU2
20150430082014Th_12,[VSg16jo1LXPN1fo1N^PN1ao1OaPN0]o10dPN0go10C0hPN0Xo10hPN0Xo10<000]PN0Vo10jPN0Vo10=0^PN0co10A0lPN1bo10AOnPN0ao1000bo10_P60]PF0bo100000PP60PPJ000B0lPN0To10>0]PN0Vo10jPN0Vo10=0\PN0Xo10<000[PN0eo10fo30ZPL0YPN0^o109000XPN0`o1080WPN0ho10L0YPN1go132NXP8O^mG0hTN1Vk10iTN2Vk1NjTN3Uk1MkTN3Uk1MkTN3Uk1MkTN3Uk1LlTN4Tk1LlTN3am1O_N2RSNMTm1NlRN1ol1OjQN0l01XO0Rn1OjQN0<1L;nm1DkQN0;1KOG9Xn1GkQN0;1KOH8Wn1HkQN0;1JOK6Vn1J\RN1J5im1KjQNOi00ZO5Sn1LRSN3Pm1LgQN0T11Xm1OdQN0T11Xm1OcQN0k00]O0Un13kRNMVm10_RN0\O0co100000B0lPN0ao30XPL0To10ZQN0So10`PN0`o10J0lPN0To10lPN0To10lPN0bo10QP20_o10QQJ0nn10a0000010O00010O10O0^PN0]l50YVJ0hi11R3100TSNNji12R3NTS20ml10hoK0a00_O0bPN0^o10bPN0^o10bPN0^o10aPN1_o10`PN0`o10`PNObo11]PNOdo12YPNOio1300001O000O1O`o5O^PJ1XPNO`o11hPNOVo10>000aPN0`o1000[o10dPN0ePN0fn10e00fP60enI0e0010O2cPNNin13VQ6MnnK0aP20_PN0`oM0000000`o50oPH0ao10`o10oPL0`o30boM0mPN0To10kPN0bo10D0iPN0Wo10iPN0Xo10gPN0Xo11;0^PNOUo13jPNMWo13hPNMXo15ePNK]o16aPNJ_o1:2N2L5N1Ohoe00WPZO2NMYPN1lo1OI0^PN0`o10bPN0\o10SO0^RN0dm11U10SQNO^O0lm11WSNOil11WSNOhm10ZQN0en10\QN0Yo3000oo10QPN0QPN00000WPN2`o14]PNL`o12ePNLho10mN0R10V10cm10aRN0gN0bN0jRN0gl10PRN42LX10el10URN6W1Jdl10jSN0Vl10_SN0iN0hm10VSN0QO000Qo10QQN1KOTo10TQN0F0Pn10bSN3cm1MC0YQN6`o1LbPNNho100000000000]PN0Vo10=0XP20_oM0aPN0`o10_PN0ao30_PL0bo1060XPN0bo10^PN0ao1170WPNOco11]PNOco11\PNOeo11ZPNOgo11XPNOio13100O1Omo31QPL200000O010O100O010000O02O00ko51SPJMVPN2io1NZPN0eo10\PN0co10^PN0bo10^PN0ao10`PN0`o10`PN0ao1070VPN0eo10YPN0\l\d1
20150430082014Th_13,U^Wi21VPd00io]O0^o10b00_PL0Roa00hPH0foI0mn10SQL1dP2O_nM3k01O000M3O10O1N_Q<LenC2O2M3O0kNHaRN8`m1H`RN7am1I^RN6gn1O1O\blR1
20150430082014Th_14,\^mh21ko11200000O00ObP20^o10no?0eRZO1nj1OoTN6oj1JRUN7lj1ITUN8kj1HVUN8jj1HVUN8Ym10O10O101O0O10UMJmUN4Pm10^MLXUN3hj1NXUN2gj1NZUN1fj1O[UN1cj10^UN0aj10^UN1bj1O]UN3bj1L_UN5Um11N2N2N1O200O1O100O100O100O010O1000O10O11O0O4M4L1Ngoo0K_PPO0O2N2N3M2N1000000000O1O1O1N2M4L]nY1OgQfN0O1001OXPX42eogK2O0O2O1N101O000000000O02O00001N4M\oo00cPPO1N2N2I7O1O10O010O1O1O1O101N1N3N2N1O2N2NbbZg0
20150601122834Ch_1,a^mk12no11O000O1K6O00001O001O1O00010O01O10O1O012NO001O1O010O1O1O001O0000000O1N2N2000000000O100000000000001O00001O7J0O000001O0000001O00010O1O2N001O010O0001O0010O0001O010O1O010O000000O1000000000001O0000001O001O001O0000000001O00000000000000001O0O10O1000000000O01000000000O100O10000000000000O101O000O1O10O1O10000O2O0O1O2N1M3O1O1O1000O0L5O1000000O10O100000O100000O01000O01O1M30O10000O0100N20O1000O1000O10O1000O10000O10O10O01O1000O10000O10O10O10000000O1000JHdPN7]o1JcPN5]o1KcPN5]o1KdPN4\o1LdPN4\o1LdPN4\o1LePN3[o1MePN2\o1MePN2fo1O0Oea`e1
20150601122834Ch_2,hPYe26S3NWi1?dVNDXi1b0dVN^OZi1P1ZVNPOei1Q1\VNnNdi1S1lTNmN;Ojj1V1hTNkNkl1S1SSNmNQm1P1oRNnNTm1Q1n00O1O0000O100O2O1N3L4M4L2O1O1O1O1O1O001000O2O2OO0010O8]RN\OYk1g0`SNWO86Xl1c0]SNZO75^l1c0USN[O:4cl1V1YSNnNgl1R1VSNPOll1n0SSNSOVm1e0iRN[OYm1b0iRN^OWm1`0jRNAWm1;lRNDVm17mRNHUm16lRNJYm1MkRN3]m1CeRN=^m1^OdRNa0^n10O100ON4N3L5JUlPW1
20150601122834Ch_3,^PSk02mo11O2M2O2N10000000000O1000001O0O100000000000010O010O0100O010O1O1O003M2N2N0O]o`R3
20150601122834Ch_4,n[gf23lo12N2N2M3N1O1O100O2O000000000O1000001O000O100001O0000000000O100O101N1O10000001O001O001O0000001O011N7H2O2N2M2NncjU1
20150601122834Ch_5,mn\T11no13M1hPNLdn14c02lPNMYn13gQNNXn12hQNOXn10hQN1[n1KeQN6Qo12O1M2M2M21O1N30O0L5E:OI9N02N110O100O01O0100000012M10O2M2L4L4M4MWQQi2
20150601122834Ch_6,bWg^12d1Ofl11WSN1Zn12N1N3N2L4N2O1F:M21L4O1N3K5N100O1N2O00O02O010O0OH91K401O002N\QNGdm17_RNHam15aRNLam1OaRN1hn1OgfP_2
20150601122834Ch_7,_Vkc13mo10000001O1O000000010O0010O0100O4L0010O0010O01O001O2N010O1O100O1O1ORiPZ2
20150602122934Ch_1,cQcn24ko14M00ObQNKTm1341Q1:K201N8E5M110001O1N3L4K4L4L4O1O1O1O10jRNHcj18\UNIdj18b27WUNAbe1b0YZNBde1a0l42N2N1001O0000^SNYOki1h0^UNVOeN4mk1e0]UNXOfN3mk1e0\UNZOfNOok1h0ZUNZO\k17oRNLd1M^k15PSNNc1Ibk16lRN2Qo1JRQN5]o1O100000O1O1O2N1O1RTNGng1>PXNEng1<oWNHPh18nWNKQh15nWNLRh14nWNMRh12nWNORh12nUN@=`0di12jUNC?=gi12eUNDb0:oi1O\UNJb07Tj1NYUNLb06Wj1MUUN3?O^j1NQUN5>Ncj1MlTN9:Nlj1HjTN;8Nnj1HiTN;7MRk1IeTN<6KWk1JaTN<FLMYOPl1d0WTN8IM^l1]22N3L3M4F8jMnRN\1Tm1aNPSNY1Tm1cNSSNl0]m1kNmRNn0cn1]O6JRlTl0
20150602122934Ch_2,_^[V23mo12M2O1O002N110O00000O01O1O0010O000001O001O00]PNK\o14dPNL\o14dPNL]o13cPNM]o13cPNN]o11cPNO]o11cPNN^o12bPNM_o137000000000000000DMjPN4Vo1LjPN4ao1001O00000000001O01O000000000001O0001O00000001O0000001O01O01O00001O0N2O1O101O0000GcPNO^o10bPN1]o1OcPN1]o1OcPN1^o1McPN3^o1LbPN4eo1001O001O001O0TOJnQN7Qn1IoQN7Qn1JnQN6Rn1KmQN6Rn1JnQN6Rn1KmQN5Tn1JlQN7Sn1ImQN7Sn1JlQN7Sn1InQN6Sn1ImQN7Tn1HlQN8Un1GkQN:Tn1FlQN:mn101O1O1O001O0000000000000O10000000000O0100000O10000O100O2O0O101Ofom00ZPRO2M101O000O1000000O100J6O100000000O100000000000000000000O010O1000O100O100O1O10001N10000O1O1O100O100O01L4N1010000O10000O010O0010O10O01N0110O10O100O2N100O104K2NhanZ1
20150602122934Ch_3,bmjT22no12N1O0O1iPNMan13_QNMan14^QNLbn14^QNLbn14e00001O000010O01O1N1000000001O001O001O010O001O00010O001O001O00001O0O20O1O1O00100O0000001O0000001O0000001O000010O010O010O10O01O01O^OMWQN4hn1MXQN2hn1OWQN2gn1OYQN1gn1OYQN1gn1OZQN0fn10ZQN0gn1OYQN0in1NXQN0]o1OlQoe1
20150602122934Ch_4,nifb22oo11_O2mPNMSo14<01O001OlPN0F2gn14UQNOam1IZSN:RO0Ym1HkSNm0Ul1TOhSNo0Xl1SObSNQ1]l1oNbSNR1_l1mNaSNQ1bl1nN^SNR1bl1oN^SNo0cl1RO_SNj0cl1VO^SNNVO:^m1H]SNLXO5_m10m1002\PN0So1?0000_QN[Oim1b0URN@nm1<SRNCmm1=SRNCmm1<URNClm1:WRNEjm1OlWY[1
20150602122934Ch_5,^\WQ32lo120000EOhPN0Xo12gPNLZo1491O00001O000O101N1M3N3M2O1000001O1O010O02N1O001O01O000001O0000010N2O001O001O1O1N1O8Ifcfk0
20150602122934Ch_6,VSki12io90QPH5O001O00001O2N1O0O1O1000N2N2O10000000O2O00000000000001O00001O000001O01O01O000JGePN9[o1GePN9[o1HePN7[o1IePN7[o1IfPN6Zo1IgPN7Yo1IgPN7bo1N101O00000010O0001O001O01ENfPN2Zo1OfPN1Xo11gPNOXo13gPNMYo14fPNMYo13gPNOWo11jPNOVo10jPN0Vo11iPNOXo10hPN0Xo10hPN0Yo1OgPN1Zo1NfPN2\o1LePN3[o1MePN3\o1LdPN4eo1O000OillP2
20150602122934Ch_7,UP[V11no110O\P<0doC2N101O00001O00000O1O1O2O1N2M2O2O0O10000010O2N10O001]OAdQN>Wn1GiQN:Vn1FjQN:Vn1FjQN;Wn1CjQN<Vn1DnQN8Sn1GoQN6Sn1IoQN5Po1KXoc00jP\O2M2O2O000O100O10O10O010O0010OL401O10O10000O01O0O2O1O010O01O1O1N2O10J6\QN_Oim1`0VRNCim1<WRNEim18[RNGem19[RNGem18]RNGcm15bRNI_m16W1O3LPQ]c2
20150619133554Bh_1,bdjU35ko12M100O2N10O10O10O10O100O1O100O2N101N101N101N100O01000O010O00001O0O1K5O101O010O01O1O100O100000001O001O1O00100O00100O1O010O010O01O100O0010O10000O01000O010O0100O01000O10001N2O2N1N2O1O000010O000O110O01O1O3N9F4L1O1N01O100O1O101N1O2N1O1O1O1O10000O1000000O2O4L3L2O1N2O0O10O1O1O2N2N5YQNoNTn1d1J2N2N2NiNSRN>km1A\RN;cm1CjRN2Um1OoRNNPm11TSNMjl13ZSNJfl16[SNJdl16^SNIal17`SNI_l17cSNG]l19dSNG[l19gSNFXl1;hSNFWl1:iSNGVl19kSNGTl18mSNISl16oSNIPl18oSNHQl18oSNHRl17oSNGRl18oSNHQl18nSNHRl19mSNGTl19kSNGVl19iSNGXl19gSNGZl19eSNG\l18dSNI\l17cSNI_l16aSNI`l17_SNIbl17]SNJcl16]SNIdl16\SNKdl15[SNKgl14XSNLil13WSNNil12VSNOjl11VSNNll12RSNOml13QSNNPm11PSNOPm12nRNNSm12lRNNVm11iRNOYm10fRN0[m10dRN1]m1NbRN2`m1M_RN3bm1M\RN5dm1K[RN5em1MWRN5jm1KTRN6mm1LnQN6Rn10gQN2Yn1k0O10O100O2N2N9H0O011N2O1N2O1O0O20O01O1O1105JO1O2N2N3L4K4L3M6I^Vk;
20150619133554Bh_2,aVoQ34jo13M3N3M10000O10000000O10O0100O00O1M2N3O1M30010O010O100000O0100000O1000000000000004L00001O001O00010O1O10O01001N2N1O010O2O0O1O1O1O100O0010O010O01O00101N1O1O01O01O01O01O100O01O00000K6O000O10000O01@kPN5To1LlPN4To1LmPN2So1OmPN1So1OmPN0To10lPN0To11kPNNVo1=1GiPNIWo17iPNHXo18hPNHWo19800O10O10O1O1O100O1O1O2Nji^f0
20150619133554Bh_3,Z`Pc2:ao16N2O0001O00000001O100O0010O00100O1O100O18G104K10O100O000001O1N200O2N103M02M10O101OO01O00F[QNXOgn1f0:00O1O100O1N201O1O7I1O01OO101O0O100O2N2Nj^iX1
20150619133554Bh_4,]mbT14lo1000aNOnRN7ml1ISSN7ml15fRNLZm17cRNH^m1`0ZRN\Ojm1h0QRNYOnm1]15K:F6L0O1M1I8M[S[j2
20150619133554Bh_5,fk^Y22;2To1OkPN2To10iPN1Wo10hPN1Wo10hPN0Wo1=O1O10000000000O101O001O000010O003M3M1O1O2N1O0000000001O000100O2N10O00000000000000001O0001O00001O010O001000000000O10001O1O0O10O1O1O1O1O[OGeQN7So1N2OXSia1
20150619133554Bh_6,dbVb12ko15M3M3M4M4K3N1N101N10001O0O01000001O00010O1O1O010OeZNXO^[1h0adNZO_[1f0_dN\O`[1d0`dN\Oa[1c0_dN]Ob[1b0_dN]Oa[1d0^dN[Od[1d0^dNYOd[1f0k91000O10O1000000000000O100O100O10O01O01O01O000001N10000O1000000000000000000000010O01O001O010O01O010O0010O010O010O1O010O010O01O001O0O2O0O2N101N100O101O00000O2O0000001N101O0000001N10001N101NdPT11YokN5L3N2N2N2O0O2O001O0O2O01O01O0001O00001O1N101N2N2O1N2N3LiP6MYoI6L3L2O2N2O1N1O2N1O1O2N1O100O10000O1000O10000O0100000001O001O1O1O002N1N2O1O1O1N2O1O1O2N1O2N001O1O0000000001O0O2N100O2N2N10001O1O0010O2O00000000O10O10O0100O01O01O01O010O1O001O1O10O01O1O001O100O1O1O1O100O1O1O010O1O1O101N101N2O1O1O010O10O013L3M1O1N100O2N2N2N2N2N1O1O1O1O001O010O00010O01O0010O01O00001O1O0O2O1O1O1N2O1O2N1O2M3N^SNXOmi1g0QVN]Ooi1`0QVNBoi1=QVNCQj1:oUNHRj15nUNLTj11lUN0Uj1NkUN3Xj1FjUN<ll100100O1000000000000001O0000001N101O1O1N1O3MeQh1LanWN0^P60US[d1
20150619133554Bh_7,hdl?9do16M3YOG_QN=Xn1l0H8L5K1O1O2O0100N101O00001eNWRN=jm1]OcRN?Ym1_OiRNb0Wm1]OiRNe0Um1ZOmRNg0Sm1VOnRNk0Tm1nNPSNS1nm1000000001O009G3M2NiNhQNg0Wn1XOkQNh0Un1TOoQNn0bn105I2M3N2M2O3L5K5JiYY]3
20150619133554Bh_8,]]fR15jo13M2PNGUTN;ik1HUTN:ik1GUTN<jk1DTTN?hk1DWTN`0hk1^OXTNd0fk1\OZTNm0]k1SOcTNn0\k1ROeTNm0[k1ROfTNm0]k1oN[TN0mNj0Un1AiQN<Wn1EkQN8Vn1HlQN6Sn1IQRN5om1JTRN4lm1LURN3km1MWRN1im1NXRN2dm11^RNN]m16eRNIZm17iRNGVm18lRNIPm1:QSNEll1<VSNDil1:ZSNFdl1;]SNF`l1;aSNE]l1<dSNCZl1`0eSN@Ul1g0kSNXORl1k0oSNUOPl1l0PTNSOQl1k0RTNSOnk1b0n1N102L4N2M3M4Ked_j2
20150619133554Bh_9,YSeP13io15M3N2N1O2O1]L@dWN`0\h1@bWNb0kk13O1O1O10O1O10O00100O1N2L3N3N2O1O10007I1OFbQNRO^n1n0cQNPO]n1P191O1O11N1M3H8N2N2L3M3O101L\NKVRN0U14fl17YSNHhl18XSNHhl18YSNFil19XSNEil1;^10[QNDfm1<WRNIgm16YRNOcm11\RN1bm10]RN3`m1N_RN4`m1KaRN5^m1LaRN5_m1KaRN3bm1L]RN4dm1L[RN4gm1JYRN5im1JXRN5im1KVRN6jm1ITRN9mm1FPRN>lm1ETRN<im1FVRN<im1DVRN>jm1AVRN`0im1ATRNa0km1ATRN4Vn1MjQN4Un1KmQN5Rn1IQRN7nm1HURN7km1HXRN7hm1GZRN9fm1E]RN:cm1DcRN6gn1L2KnnTj2
20150619133554Bh_10,lcZ?4co1=I5L6UQNXOUn1`1I5K8H6K1NWObRNSO]m1j0iRNTOUm1m0nRNQOQm1;fRN@=4ll15PTNGQl14WTNIik16\TNFdk19]TNGck18^TNHbk17`TNH`k18`TNH`k19T20ZRNGck19]TNGdk19[TNGek19[TNGek19[TNHdk19QSNM=Lal17lRNJH4g0Hdl1:kRNI3O?Oal1:lRNF70>O^l1;lRNE;1jm1<hQNC`00im1?`QNCi0Ngm14hRNLK0Xl13SUNM`m11O011N45MMN10gN3\RNMbm15^RNK^m10gQNOWo13oPNMfo12MNjPN0Zn10k01fPNOcn10h01O21OWR23amM2O1N101O0O10O10O01O1N3MbP<O`oC3M2O1N2000O1O3LYog2LfPXM7N3N1O10N2M2M4MmPP11TooN0O2O0000O2NQWgV3
20150619133554Bh_11,g]PS11PP20dRh73WmWH3M3N1O0O2O1O001N10000O1000000000000001O00001O01O001O001O1O1O1O2N2M3N1N2O1N2N101O0O100000000001O000O2O0O2N2N2N2O1N2O2N1N2O001O1O001O1O001O1O0O2O1N2N2NaP>1^oA4M3bPNIln1i0M1O1O100O100O2O0O9H00O100O1N101N2O1N2N2N1O2O1O1O1O1O2O002O0O2GfPNHZo13kPNNSo10PQN0on1NTQN3in1L[QN3cn1MaQN0^n1OeQN0Zn10gQNOYn10hQN1Wn1OjQN0Un10lQN0Tn10lQN0Tn10mQNOSn11mQNOSn10mQN1Rn10nQN0Rn10nQN0Rn10nQN0Rn11mQNOTn10lQN0Tn10mQNOTn11kQNOVn11iQNOXn11gQN0Yn1OhQN0Xn11gQNOZn10fQN0[n10eQN0Zn10fQN0[n10dQN0\n11cQNO^n10cQN0]n10bQN0^n11aQNO`n10aQN0_n10h01hPNO`n11`QNO`n10aQN0^n11bQNO^n11bQNO^n11bQN0]n10cQN0]n10cQNO^n11bQNO^n10cQN0]n10cQN0\n10eQN0[n10eQN0Zn10gQN0Yn10fQN0Zn10gQN0To10UO0fQN1Yn1OhQN0To100000UO0eQN0\n10dQN0\n10c10WO0PPb00Xo_O0aQL0^n10i00jPN0Wo30UoM0e10[N0dQN0]n30cQL0Vo10WO0c10]N0c10]N0cQN0Wo30PPN0O0VO0eQN0Uo10VO0dQN0Vo10WO0bQN0Vo11YOO_QN0Xo10\O0YQN0in30UQL0ln10S10_O0@0`00_P20SoM0lPN0To10lPN0To10lPN0Uo30iPL0Xo10hPN0Yo10fPN0Zo10fPN0Zo10fPN0Zo10fPN0Zo11dPN0]o1OcPN0^o10bPN0^o11`PN0ao1O_PN1ao10]PN1co152O001N3McPh01ZoWOO[PNO`o118O10000010o[WT2
20150620161314Mh_1,_\ml21PP20cP<1ZoC2O0O1O2O002M2O00001N101O00001O000O10O100O01O001O01O010O001O10O010O001O1N10010O0010O00010O001O010O00010O01N1K6N1001O10O0100O001O1N2O1O1N101O100O001O0100O010O0010O01O10000O01000O1001N10000O10000O1O100O1000001N101O1O0001O0000000000O1000000O2N2NiP>OjbPj0
20150620161314Mh_2,QmT\15jo13N101N3M7I2N2N3M2O001O000000O10O0010O10000O20O3N0O003M16I1O00O00108G100O01O001O1O3M4L100O10O101VOUO[RNk0dm1WO\RNi0am1ZO^RNe0bm1]O^RNa0bm1@^RN?cm1A]RN>dm1B\RN=em1C[RN8im1IWRN6jm1JVRN6im1KWRN4jm1LVRN3lm1LTRN3mm1MSRN3mm1MRRN3om1MPRN4Pn1KQRN4Pn1LoQN5Qn1JPRN5Qn1KoQN5Rn1IoQN7Sn1FmQN:ln1100O10O01000O01O010O01O1O1O1O3M2KjQ[^2
20150620161314Mh_3,Qk`d16lo1=CM3L7IUQ`0Nmn_O20OO2O00100O100O101OO10000000XLMbWN5[h1NdWN2[h12bWNN]h15aWNK_h15aWNK_h15aWNK_h16`WNJ`h18^WNHch19[WNGeh1:ZWNEgh1<XWNDih1;WWNEjh1:VWNFPi14PWNLQi13dTNH\16Qj11`TN3X1K^j1MZTN:V1Iaj1LYTN<T1Icj1KZTN<P1Kgj1HZTN<m0Mkj1FXTN=l0Nmj1CYTN?i0Mmk12QTNNQl12lSN0Ul1NjSN4Wl1KfSN7\l1HaSN:al1D]SN>el1\OZSNi0bm1UO_QNQ1`n171NL6M22N5K3K3H9K5M:ARUSW2
20150620161314Mh_4,`_X_21no12O1O00000NO30000000000000O2O0RQNLN0Vm14lRNML0Xm13kRNOKOZm13jRNNK0[m12iRNOK0\m11iRNOK0\m12hRNOKO]m12hRNOKO]m13fRNNNN\m15fRNMNN\m16eRNL0L[m19eRNJTn16lQNJSn17mQNHTn18mQNETn1<h0000O10O1O1N2O10O01O100O1000000000lQNL\l14dSNL\l14dSNM[l13eSNM[l13eSNM[l13eSNM[l13dSNN]l11cSNN^l12bSNN^l12bSNN^l11cSNN_l10bSN0_l1OaSN0nm?0ZPB1N1000000000000jN0\RN0dm12[RNMdm14\RN2^m1OaRN1_m1OaRN1_m1OaRN2^m1ObRN0^m10bRN0^m10bRN0^m10bRN0^m10bRN0^m10bRN0`m1O_RN0cm1O]RN1dm1N\RN1em1O[RNOgm11YRNOhm10YRNNhm12YRNMgm13S1000000OI8O10000000000010O0000001O0000001N100000001O00000001O100O010O010O0010O0000010O0000001O00001O1O001O00001O01O00000010O01O1O0010O01O00001O0O106J4K2O1O0000O2O000O2O0L4O100HePNK[o15fPNI\o167O100O2O1MRQ\21nncM2F:O1O1N2O001O001N1000001O0O10000001O0000000O100O10000O100000O010000O1BgPN5Yo1KgPN4[o1JgPN4Zo1LfPN3eo1N101NT_go0
20150620161314Mh_5,fUmZ31SP>0koC2N1O1N3bPNKnn16QQNLmn15SQNKln16TQNJln16TQNKkn15VQNJjn16VQNJkn15UQNKln14TQNLln14TQNLln14SQNMnn12QQNOon12oPNOQo11nPN0Ro10nPN1Qo1?1O0O101N1O2M2O100O1O10000O101N1O4M^PNObo1100O1K50O100O100O10001O000000@HXQN8hn1HXQN8hn1HYQN7gn1IYQN8Wo1001O001O1O0000001O00001N110O0001O1O1O00001O0000010O00010O001O001O1O001O1N101N2N_id>
20150620161314Mh_6,iZ_h02e00an11^QN1an10^QN0bn11\QN0cn11]QNOcn13ZQNNfn12YQNOgn11YQN0fn10YQN1gn10WQN1in1OVQN1kn10SQN1mn10QQN1on1?100O100000000O2O00000O101N1O100O100O1O]MAfUN`0Yj1AeUN`0\j1AcUN>^j1BaUN?_j1AaUN>`j1B_UN?aj1A_UN>cj1A]UN?Rm1000000000O1000001O2N1O1O1N1O1O1000000000O101N2M3M3K5L5IVo9OmPF5L3N1N2O1O1N101L4O001O1O1O1N2O1O100O5K3N00001O000000O7I1G90000O100000O10000O01EjPNLVo13lPNKUo14]RNLQl15nSNLQl14oSNMQl12oSNOQl10oSN1Ql1MPTN4nm10PNHWTN8]k1InRN1d16^k16bTNI^k17cTNI\k12jTNNTk13lTNMSk14nTNLPk16PUNJoj16RUNIoj16SUNIlj17UUNHlj17UUNHkj18WUNGij18_210O10O1000000O1000O100000000O101O0000000O100000000O2O000O2O1NmgPm2
20150620161314Mh_7,Xlde11no11O0100O[PN0\o10:000000000`l13lUL0Uk1NiTN3hj1LhUN3Yj1MgUN2Zj1N]SN0nn10SQN0`o10[O0XQN0\o1000YO0\QN0en10ZQN0ln10nPN0To30_QL0^O0om14]RNMF0om1O[RN0G1mm1O]RN0F0nm10nRN1Rm1OmRN1Tm1OlRN1Qn1ORQN1_o1OO10O10`03gNN]QN5Vo1KYPN3eo1LN:cQNFSm15_1MfQNNll13RSNMol17lRNIVm18Y1O2O4L9NoM2f110OgVmV2
20150620161314Mh_8,Yk^g22lo15K3M3N101O1N3N2O0O2N1O10O105J16J06KO000O100O001O00001O000001O1O0O2O1O1O000001O0J7N]OnPN:Ro1FoPN:So1CoPN;Qo1EPQN:Po1ERQN:Zo110O011O0O100O01O2O1OO1O0O2O2N2M`ScT1
20150620161314Mh_9,Vk`g21mo10^P20F0eo=0lP^O0eo30RoM4[1LhN0dP20dPN0\o30YO0fPL01000c00ZPN0Tn10lQN0Tn10n000000eP41YoK100QONQRN0Rn30ZQL0eo30E0<0ooM0YPN0go101001M0DOiPN0co11bPN0ln10RQN2nn1MPQN7in1IoPN088kn1JVQN7Zo1O01VNGlSN9Sl1IkSN8Vl1GjSN8Pn10000O10O0100O000010O01O10O02N100O1N^RSS1
20150620161314Mh_10,Uk\h24mog0MfPJ0\o_O00000L4Y1LonS10kokN0Xn70kQF0ko11WPNOgo1340N00O101NfTmS1
20150620161314Mh_11,\dPf07ho13K7K2O1N101O1O6J1O00000010O01O10O1O002N4L1N10000000O1000O0100000O2O1O001O4M1N3M10O100O1O1O001O0000O2O1L3O1O5JP[_V3
20150623152934Ch_1,aohf05jo11N3O0010O01OO10000O01001N3L]Q^12cnaN2N2N3M8I3M100O4L10O001O0O10001O1N3N1N10000O10000100O101N2O2M11O00O5L1OO010O1O1O01O2WQNZOSn1\1O1Nc0]O2N010O001O1N2N1O2NTNSSNDDe0Wm1^OoSNd0oNWO[l13iTNX1Zk1`NkTN`1jl11O1O000O2N2N2N?@UNcRNZ1Ym1eNmRNX1Qm1gNTSN?FDTm1LZSN8IKll1L^SN6INgl1KdSN3H3bl1IiSN1G9[l1GPTNLH>Wl1DSUN<mj1BUUN>Vm102N1O3M2M3M3MhhbQ3
20150623152934Ch_2,`[Uh11no12N1O1M3I7O100O100001O000000010O100003M2N0O10O010O001O100O001O1O0000100O001O001O000000000000000O1000000000O010O100O10O1000000O10O100000000O10000O10000O10000O10000O010000O100O01000O10O01O1N2O0O10000O101O100O1O1O2Kjoe06TPZO102MM301N101N1NRo13lPN2N2N1O1O100O2N1O100O10O0100O100O1N2M2K6N2O01000O10010O2N1O1O10O010O01000O1O100N2O1N1O1O1N2N1N3O1O10000O101M2O1M4M5LTo;OWQBN_o1<N1N2N2N100O1O2N1O2O0O100O1O100O10O001O0000001N1L5O100O010O1NRRNA_l1=bSNE]l1:dSNF\l19eSNG[l19fSNGYl19gSNF[l19eSNG[l19fSNFZl1:fSNE\l1:e101O0O2O1N2O000O2O1Nhgbh1
20150623152934Ch_3,c]nT22no11O00001O000O1eQNNhl12XSN0fl10ZSN0fl10ZSN1el1O[SN1el1L^SN5Xn1M3Non12mPN3M201N101N1O1N20O001N1001M2O2O10000O010O100O10O0M400O10O11O001O1O001O000O2O000O100000000000O1O010O1O10O1000001O0010000O104K2N001NcPP16RooN8N1O1O1O001O1oPN]Odn1b0\QN^Odn1b0=00000000O10O0010O0010O10O10000O2O00000000001O01O1O00100O00100O001O00010O000010O3N0000O0100O001O2N2N1N2N3M3LPam`1
20150623152934Ch_4,cili23lo120Oeo1OenM0\SN3bl11ZSN0el13YSNNhl11WSN0il10VSN0kl10USNNnl10VSNLjl13WSNLfm1Oi04NNPO0P1102M2N1O2N2eQNGll1;TSNFgl1=ZRN_Oj00il1b0[RNBk0Lil1b0[RNEj0Kil1=`RNJe0Hll1>`RNJan15_QNMan11`QNOin1GXQN:fn1G[QN8dn1G^QN9an1G`QN:`n1DaQN<^n1DcQN=[n1CgQN=Wn1JdQN5\n1KgQN2Yn1OhQN0Xn1NjQN2Un1MlQN4Un1IlQN9mn132M0OOO4MhVQS1
20150623152934Ch_5,mm`g21mo14L3N2O0O100001O01Oa0_O1O0101NUQN\O[n1d0bQN_O^n1`0aQNB_n1P1gQNeNlm1[1SRNROam1m0`RNROcm1k0_RNQOcm1o0`RNmNam1S1aRNkN_m1T1g00001O001O0WO]QN6cn1H`QN6cn1CaQN>Qo1O010O010002O2N0O0O01O00001O010O0001000003N1O0N13L4L>AmohT1
20150623152934Ch_6,Pd`V34ko14K6L1N100000000000O2N1O101M3L4LlPh16PoWN101OO1000ROISRN6mm1NoQN3Pn1OnQN2Sn1NkQN3Un1l00001O1H8N3N1O2M3N1O0O10O01O10O1O0O10000100O10000000001O1O0001O01O01O00001O0100O100O101O00001O001O6I3M<D1O2N1O2O1O0010N1O2O0O1O2C;01O1O000010O01O2O1YNZRNP1km1kNVRNS1mm1kNTRNT1mm1kNTRNR1Pn1kNRRNi0in1M3I9FQ[m`0
20150623152934Ch_7,Zn\e22mo17I2N100N3N1O2O0O1UN_OUTNb0lk1^ORTNd0nk1\OPSN36d0^m1_O`RNa0`m1@`RN`0_m1C]RN?bm1FYRN:fm1JVRN6km1i07K4O01O010O000100O2N2O3^O`QN^Ocn1>b0J7K_Q2GSQYX1
20150623152934Ch_8,kPWi01oo1000TP60ePH0en90cPH000RP20ooM010c00\Q\10]leN0PT20mm70QmC0jSN0TO0i01Vl1O`UN0_M0QP20G1OOQP40PPL00009iMGaTN0hm10\M0SUN0kj10_TN7ok1JZTNO[N0il11nTNOYN1gl1ORUN0XN1cl10VUNOZN1\l1O\UN0YN0[l10YSN0j10bN1Zl1OXSN0n10`N0[o10\O1WQNOkn10TQN0nn11oPNOTo10iPN0co10bhdQ3
20150623152934Ch_9,ikVU23lo1101O0JL`PN4`o1330001O0011O0O010O0001O00101O2NO1O10000O2O01N1001ROJnQN6Rn1KoQN4Pn1LfQNOG6bn1LeQN1H2cn1MeQN3GOdn1NeQN3HObn1OfQN2HNbn10gQN0H0bn10fQNMJ4`n1NSRN1nn11O0010O001O000001O1O1O1O1O1O1O00000YOFhQN:Wn1GiQN9Wn1HhQN8Xn1IZQNM5:an1IgQN7Yn1I[QNM39dn1IYQNN39dn1JXQNN37gn1JVQN114jn1KUQN2O3mn1KTQN3N2nn1KTQN`0ln1@TQN?mn1ASQN?mn1ASQN?ln1BSQN?ln1;0O100O101N2O0O2O2M100N2DgPN0Zo10fPNO[o1OgPN1Yo1NiPN0eo1NjSSe1
20150623152934Ch_10,RmXf21UQ81dnI03Ofo=0doG1^PL2aPP10gomN1N2O1N1OO3MiRf0LgmE0foC0\O0XQN0Poa00oPaT1
20150623152934Ch_11,Pl^_2>`o12L400000001O00211L1OO100000003M3M2N2N0000URNCSl1>lSNCSl1>lSNAVl1?e11O7I2N5K6J1O2N12hN]QNn0Po1K2OO1O1N203]QNXOgm1k0oQNYORn1Y12O1O1N4L6I2N4M1N3G:E>G[RW]1
20150913082034Lh_1,UVSa14jo13L303L2O0001O000000000000000001O010O1O3M3M2N3M1O0010O10O0100O00000O1O10001O00001O4L1O1O2N1O2N001O0001O0001O001O0010OO1000000000000001O000000001O000000010O0001O001O0O3LWibY2
20150913082034Lh_2,ZTS[2>`o12O2N1O1E;L3GoNcQNS1om1b0202N1OZOnNaRNi0gm1e03N3G8K6G:F:O5K?@\m`c1
20150913082034Lh_3,h]iT16io13N0O2O000O010000000G90001O01O0001O01O00001O1O0001O000002N2N1N2O1O001N101N1O3LWbfh2
20150913082034Lh_4,Uam^27go13M2O1O2N1O10O2O0O101O00000000O100N3I6N2O101N1O10O0N4N2N2N3N2M100O100O1O100O10000O1O1O100O1OhPNKgn15WQNMin13VQNOhn12XQNNgn13YQNLhn14b01N101OO100O3NZ_\]1
20150913082034Lh_5,VUQg24lo11N1O1O1O20O010O1O1000O1O10000O1O011O1O1001N011O000O1N1O1O1NSjPW1
20151003081954Uh_1,`en^24lo12mPNOSn12fQN5Yn1LcQN8\n1HcQN:]n1EbQNl0om1nNURNV1Xn12N3M2O0N2LXOkQNMSn12QRNMnm11VRNNjm10YRNOfm12[RNNcm13^RNM^m15cRNL\m13fRNNXm10jRN2Tm1KQSN3ol1LSSN4gl1O\SN1al1ObSN0^l1OdSN1[l1OfSN1Yl1OhSN3Ul1LnSN3Ql1MPTN3nk1NRTN3mk1MSTN4lk1LTTN5kk1KUTN5gk1OZTN0dk11_TNMak13bTNJ_k14dTNI]k17eTNF\k19hTN^O^k1b0P2O1O1O100O2O1N1MlZo]1
20151003081954Uh_2,W\[U36ho13M2N200O1O1O1O1N2O1N2N1O101O000O2O000O0100O100000O1000001O0010O100O101N102M4L3DfPNLcn51PQL7K3M2O1N3N1O100O1O100O001O1N101N1O100O1000O2N2N3N101O1O1O0001O1O001O0001N101N2O2N2M3J]nc1NgQ\N5K3N3M2M3O1N2N2O1O1O2TQNVO]n1Z1M2^UNfNZf1Z1bYNkN]f1V1^YNoNaf1Q1_YNPO`f1P1YYNWOgf1i0WYNZOgf1f0VYN^Ojf1a0UYNAjf1>XYNBhf1;[YNEef19_YNPOgL1ji1m0gYNkNaL6ji1m0VZNROje1m0WZNSOie1k0ZZNTOge1j0ZZNVOfe1h0\ZNXOde1=gZNCYe1:jZNFVe19kZNGUe17[ZNJhKOli16\ZN0dKKPj14[ZNa0de1^O]ZNc0be1]O^ZNd0ae1[O`ZNe0be1XO_ZNi0be1UO^ZNl0Zj1000O2O000001O001O1N101@?K30O32N3M2Mmcl?
20151003081954Uh_3,d^aY25jo12N2O1N2O006I2O000ZO^OnQNb0Qn1AmQN?Sn1CkQN=Un1FhQN:Wn1HhQN8Xn1HhQN8Xn1IfQN8Zn1HeQN9[n1GdQN:\n1FdQN:\n1FdQN;[n1DfQN=Zn1@hQN?Yn1@gQNa0Zn1]OgQNc0Yn1\OhQNc0Yn1\OiQNb0Xn1]OiQNb0nn1L1M3N2H80000000O6K1N100O2OO1000000O1000O10O010O0100O1O1O1O1O1O1O010N1O2O0L50O1O100O1O2O1N2O1M4L4K5Loaba1
20151003081954Uh_4,UfTg22mo14L2N2M7J5iPN^Ohn1o00O00000O10001_OUQNJjn16VQNKjn14WQNKin15WQNLhn13ZQNLgn13ZQNLfn13[QNLgn13ZQNLfn14ZQNLfn14\QNIfn16[QNHhn17a0O01O001O0010O10O1O001O0M5M2O0101OOAgPN7Zo1HgPN7Yo1IgPN8Xo1HiPN7Wo1IjPN6Wo1IjPN7`o1O1N3MQYeU1
20151015170634Ch_1,VQ[c03lo12O1N1O100O1O2O1O1O01O01O00001N1O1O2O0O101O1O0O11O01O2N1O02N10000O01O001O1O2N2N2N2N001N10001O00ROYQNd0fn1\O[QNi0`n1UObQNl0]n1ROdQNn0hn1O0001UQNQOcn1Y1M4L1O2N1O1kQN`Nim1_1VRNbNjm1R2NKO100O1O1O010O001O1O1O4L1O2N1N2O5K2M1O2N010O01[NPSNXO2=nl1HPSNJ1096gl1OPSNJ10:6fl1NPSNL0Ja0;_l1MRSNMOIc0<al1AUSN:FIg09Qm1MYRNISo17mPNHTo17;01N6K^m`V3
20151015170634Ch_2,Xani02no10000007H1M3M4M101O1K4O1001F:O1O1O1O1O1O101O0O2O1O00000001N3N0O1O2L4H7O2O0O0100K410O100O1M21000O010000O1O1O1N2N201O001O0010O3NO01O0000000I7O101N101O1O001O001NbPNJTo15kPNNbo1101O001O1O1N1O1N2O10O01000O100000O10000000O01N2O0O2O0010O010O01O01O001O000001O01O010O1O001N2L301O1N1O2O1N2O101NT`_m2
20151015170634Ch_3,XlPU2<co13jPNDRm12iSN?POEOKjl14UTN<ROe0Sl1WOcTN4\Og0nk1VOeTNNCn0fk1UO_TN00k0`k1YOXTNO`0c0Vk1_OXTNOc0d0Rk1>oTNDoj18TUNKjj13fUN_OZj1?gUNZOaj1d0`UNmNdNIPl1X1]UNgNWk1W1lTNgNUk1X1`1kNiQNU1Vn1lNjQNS1Wn1mNhQNQ1[n1oNeQNo0^n196F4N2O2O;WOkPN1eo1McTWi1
20151015170634Ch_4,hXei01jPd05[o[OL^o1;[OEeQN;Xn1HgQN9Yn1GfQN9\n1FdQN:\n1FdQN:\n1FcQN;^n1DbQN;_n1DbQN;Qo11O0O2O1N2J6O1O2O0O2O0O001O1N2WQNoNcn1o0_QNQOan1o0]QNSOcn1l0^QNTObn1l0^QNUOan1j0`QNVO`n1j0aQNUO_n1i0dQNVO\n1j0dQNUO]n1k0cQNUO\n1l0<010O1O01O;E001O00001O010O2N2N2O1O000O10O1O01O001N2O1N2O1OUffQ3
20151015170634Ch_5,lf^U12lo14M3N4M3L2N7I1O0ZSNWOUj1i0`21N2N2000010000001O4K3N10O4M3L002N0O0O2N3M1O1O1O2O1OQQNHWn17gQNK_n1OaQN1_n1OaQN1_n1OcQNO]n10eQNO[n11eQN0Yn10hQN5Sn1JnQN7Pn1IQRN:lm1EVRN;jm1CXRN=gm1C\RN<bm1D`RN;_m1DeRN:[m1EjRN7an1OO2N3M2N001M7J4M1O1O18H0O01O00O2M3O2N2N1O126KNOO1000O2M4LlUae2
20151015170634Ch_6,ZQ]c01[Qb03`n_O2O0001NjS<MVlC7M2N1O2N2N2ZK@iYN?Wf1AkYN>Tf1CmYN;Tf1DnYN9oj1M_JJ\[N2fdc0NiV^O0mN010O1041K:3YOMcPN7[n1I^RN0VO8\n1H^RN?bn1F`PN2jo1N3M`PN6in1JUQN7mn1GRQN:on1FoPN;^o1M008H10nm10VT21kmKO0010QP20RPN0M10O`M0oTN1`m13lTNLYf12R2NbUN1\j1OeUN1Vm1OO100O1nNNVRN2kn1101]OLXQN5hn1KWQN5kn1KRQN6Po1;4Dan3KhWN5oiM1O100fLMfVN3Zi1NfVN1[i10eVNM]i13W312MUU`0L`jE0nPH0So10>0oL1P33nRNLSj16jUNJXj19g202OdPNHnn1h0ZSNXOQj1e0e20YRN[ORl1c0nSN]OZO0lk1?jTNB[OOPl16gTNLWn1N11RQNOlm12TRNNkm13TRNMmm13P10O100QQNLRn14nQNLRn14nQNLSn12nQNNSn11mQNOTn11n0Oo00QO1XO3[QNLhn12XQNNPi14R\NNmJNoh17T\NJmJOnh19U\NGmJ0nh19V\NGkJ0Pi17Z6LcV:MdiI0noK000O100O0TfjQ3
20151015170634Ch_7,QXmh14ko101OEO;2J6mQNG_l1:]SNJcl19eRNLBKjm1;aRNKDJlm1;aRNJCInm1<aRNJlm1N^RN5cn100N200OO1N2_OETQNe0hn1<BPOiQNR1Wn1:2M6gNgQNb0So1I5K3Meg\U2
20151015170634Ch_8,gXW`36jo12L2O10O01O1M3O1O20O0001O00001N2eNARSNa0ll1DoRN>Pm1GjRN;Um1EjRN=Um1DiRN`0Tm1@jRNc0Vm1]OeRNf0\m1[ObRNf0^m1\O^RNf0bm1[O]RNd0dm1]OZRNc0fm1k0000O1O11000000UOQNWSN02n1fl1bNZSN[1gl1gNWSNY1hl1hNXSNW1il1jNVSNU1kl1kNUSNS1ml1n01O1O1O100O0NOeNmRN1Rm12PSNKkl1;USNAml1a0SSNVOUm1k0kRNSOVm1n0jRNPOWm1m0mRNQOTm1l0QSNQOPm1n0XSNiNkl1V1WSNgNjl1Y1o0O101O2N2N3TO_QN3]o1I2Ogi`;
20151015170634Ch_9,WQYc03ko1NXPN1fo1O]PN0bo10^PN0io1000G0bPN0]o10dPN0[o10;0O100_PNOTo11kPNOUo11=000_PNOSo11>OaPN0on10RQN0mn30aPN0ePN0Y40be10oZN3dJNZj1OQ[N0Ve10SVN0Q40dK0cj10iYN0eK0ki10_VN1P4OhK0fi11cVN1m3NlK0bi11gVN1i3NQf10XVN1g3OoK0`i10jVN2h3Noe10XVN1j30me1OXVN1m30eKOji10cVN1P40`KOfj11lYN0ZKOmj10o40100012N00OoNOQ10RQN0on1064ZNLdRN;[m1EfRN:Zm1FgRN9Ym1GgQN4j00VOOom1MVRN0e03UO2Pn1KVRN0e08TOIS1Ofk10_TN5lNKn01Sm13PRNMk00em1OZRN2fm1OZRNOhm11T10\PNOXo11ePN0\o10dPNO30on10mPN050nn10lPN16O[m10kSN0cN18Obo10nM0U40nM0lM0WTN0mm10km10[T20kmK3OM10O1020OVMNcUN0Wm10O0SM0lR20k15VlMKRTN0kN0\n10_QN0Yl10RS22ooK4XP4JjQL3ek1MSTN0Xl10l1015\R6OamIOO10O0000O3KL`PNNgPj04nnWO3NNYPNLeo12^PNO_o10cPN0]o1OfPN0Zo1OfPN1[o10dPN2Yo1O>2MO002O21RiVT3
20151015170634Ch_10,R\UZ1>bo11OOFCSQN<mn1ESQN;ln1FTQN9mn1GRQN8on1IQQN2So13iPNLWo1?O1001O000O100O2N10oPNC`n1<_QNEbn1:]QNGcn19]QNHcn17\QNKcn15]QNMbn12^QNNbn12]QNOcn10_QNOan11_QNNbn12_QNMan12aQNM_n13aQNM_n13aQNKan15_QNKan15_QNKan15_QNJcn15]QNKcn15]QNJdn16]QNHen17QRNIYm17gRNIZm16X10oPNKC0Xn15bQNJ<2E3^n17lQNFE4`n16jQNFF3bn16hQNGG2bn17gQNFG3cn16nQNISn18mQNEUn1<g01O001O1O100O1O1O1O1O1O2OO2O5J101N4L10O010O0001O1O1O000010O0001O000OfPNLkn11VQN4Wo13N10O10fNJjRN6Um1KjRN5Wm1KiRN4Ym1JhRN6Ym1IgRN6bn1000001O1O00001OFNgPN0Zo11ePNN[o14800001O0010O00010O000000001OWo?LlP@2O20Lgcd]2
20151015170634Ch_11,c_Ym15ko1O10fRN1ej1M[UN4ik1NoRN3\l1NiRN3g01^l1NcRN9n0J^l1e0aSN[O]l1h0RSNVOE2Xm1i0SSNUOE2Xm1c0YSNMgl11[SNOgl1CeSN=]l1\OhSNg0gm14@SOeQNS1Rn1ROlQNQ1Qn1mNQRNS1nm1mNTRNR1lm1mNURNR1lm1nNURNQ1km1nNWRNP1jm1oNXRN>FISn1IYRN<DC[n11URN8Tn1HmQNO[n11c_PQ2
20151015170634Ch_12,TWU`08V2JUk1`0n1<lPN4dm1Y1L5K4L5JaMoRNT2nl1iMYSNV2hm1B:E4M7G012N3O1N0K4E;K5J5N`f^^3
20151015170634Ch_13,YU]k18go1100O2O110N12N2N^PNHZo1>3N1O1O1O1100OO1O000008HO1O101O3L3M2NQjjR2
20151015170634Ch_14,Z]kU14io14L4OO0100O1O00100N2N2OI7O100O1O1O2N3M[clh2
20151015170634Ch_15,nVW`01b00en10gQN4lm1LU1000eRN0fj10o24URNLgk30jSL0\l11YSNOVm30^RL0in10hN0^RN1kn10OOL1H241NL_f`^3
20151026171014Mh_1,lbcd21mo13WQNMbm15SRNM\O1_n13TRN7km1IURN7jm1JURN7km1IURN7km1HVRN8im1IWRN7im1IWRN7im1IWRN7im1HWRN9jm1FVRN:jm1DWRN=fn10N2EATQN?ln1;O1O00100O01O0010O010O010O100O100O010O0100O001N1010N101N2O0010O01000O10O0100O10O010O1O010O100O1O101N2O1N1O1O001N2O0010O0000O1001O00000O2O1N2M3N2O001O1O100O010O01N1O101O001O10O01O01O000000001O00O1K6G8O1O101O001O0O100O1O1O1O2O00000001O1N2O1N3L3O1ODaN[RN]1am1iN`RNS1_m1oNcRNo0\m1ROdRNn0Zm1TOfRNl0Wm1XOhRNh0Wm1YOiRNg0Vm1ZOiRNg0Vm1[OhRNf0Vm1]OhRNc0Xm1_OfRNa0Zm1AdRN`0[m1R11O000O101N100O1^NeRN?\m1_OgRN`0[m1]OgRNa0[m1]OgRNa0\m1\OfRNb0_m1XOcRNg0bm1SO_RNn0Vn13M3N20O2K5M3M2M4M4L4N2M2N2O2M2O1Nc`lo0
20151026171014Mh_2,R[aR11no12N1O10O0OTSN0XM2Xl1MaVN=_i1BaVN?^i1BbVN>^i1BcVN>\i1BeVN>Yi1CgVN>Xi1BhVN?Vi1CiVN=Wi1EgVN<Xi1DhVN<Yi1BhVN?Yi1^OiVNa0[l10001O001O001N101O1O5K1O0O1000\MK]UN5cj1L[UN4fj1LZUN4ej1M[UN3ej1M[UN3ej1OYUN1gj1OYUN1hj1MYUN3Zm10O10001N2O1N2O1O0O01000O01L3100O010O1N2N1O2N10001N1O2N2N0001N20O1E;O2O1O1O0O2O1O100N2N2M3N2O1O1N2N1N3I6000[OXRNSOim1k0YRNTOgm1j0gRNiN[m1T1j0J5N3M2O2O000000O100000N2O1O01O0]RN[Omk1f0TTNZOkk1f0VTNZOik1e0YTN[Ogk1c0[TN]Oek1a0\TN@ek1=]TNCdk1;Q2O2N4L3Lcdde2
20151026171014Mh_3,c`Si18do16H7J6L4M2N2N3K3N2O1O1O0N0VOmNhRNX1Ym1lNaRNU1`m1e00O1N200OjNRN]TNn1bk1UN\TNb1lk1aNRTN]1nk1gNPTNn0Zl1UOdSNg0`l1[O]SNd0el1_OVSNb0ll1n0;M4N1N2M4M3N2N2K4O2M3NfSNfNRj1W1oUNiNRj1T1PVNmNoi1Q1TVNoNki1o0WVNQOii1m0ZVNROfi1l0\VNTOdi1j0_VNUOai1i0k201N101O1N100000O100001OO11O010O00100O1N2O00001NgQNHml18SSNIll18TSNHjl19WSNGil18WSNIhl17YSNHgl19YSNGfl19[SNEfl1<^101O00O010O1N2N3H7M4N2O1O1O10000O101O1O0001O002Na0_O2M100O1O101N1O100O1O1O1OTQNHRn17oQNHRn17l0O010O1O100O1O1O1NUdln1
20151026171014Mh_4,jg\^12mo13N2N1N2N3M2N4M2N2N1O01O101N1O00000001N101O010O101O0O1O101N10000001N4MO010O000010O102OO4M0O0O10O1O00100O001O2N1O1O000000011O0O3M2M2MPW]]2
20151026171014Mh_5,Rjnn24ko12N10O100O1Onn51kPJ8O1N2N1000O1O10001O001O1O2O00O100O00100O1O1O010O01O0O1O1O2N2LoP`0OTo_O2L4N2O010O001O2N1N2O1O1O3L5L3N0013L1O000O1000001O0001O0O1O2N1O1O2N3M3M10000a0_O2N3K2O3Ldm5GeRJ3N000000001O1N2O1O10N2MWWUj0
20151026171014Mh_6,mdXV32mo12O1N10000[OK_QN5an1K_QN5an1K_QN5Vo10O10000000000[OK_QN5an1K_QN4bn1M]QN3cn1M]QN2en1NZQN2fn1NZQN2fn1OYQN0hn10XQN0hn1N[QN0\o1Onoa02oo]O2O0O100000000000000O2OO010000O10O1000O100O1K410O0100O001O100O010O1N110O100O10gPNIin16XQNJhn16XQNJhn16XQNJhn15XQNLin13WQNMin12YQNM]o1000Uo30kPL1O0j[Wd0
20151026171014Mh_7,oWQf08eo14SQNMjm15SRNNj0L[k16jSN1g0L]k16jSN0e0L_k16kSN0I1LK_l16kSNOFg0\l1_OkSN]1ok1iNPTNX1mk1kNRTNV1lk1lNSTNU1LnMbk1n0aTNg1Zk1ZNdTNj1Yk1WNeTNo1Wk1b1K001O00O1^KoTNU4Pk1kKQUNU4bj1eKcUN6KT4aj1kK_UN30Q4aj1]L_UNa3cj1_L]UN`3dj1`L\UN_3ej1bLZUN\3hj1dLXUN[3ij1n01N1O2^OSUNoKnj1o3SUNQLnj1l3UUNRLlj1m3UUNSLlj1j3VUNULlj1i3UUNWLnj1e3SUN[Loj1b3RUN]LQk15fTNh2:SMRk1NjTNm25UMek1i2ZTNXMhk1f2XTNYMok1`2RTN`MVl1X2kSNfMWl1X2kSNfMWl1X2j0O1N6J3M2N1O2N1O1G:N2M2O2L4I6M3O1O1O2N1N6J3N2N1O100O2N2MQgXU3
20151026171014Mh_8,UidS17`o1JgPN8Uo1=L3L3N3M2O1O1N2N2NBeQNZO[n1e0a0N1L5L3N200N201O10L40O0O1O10O1001O100O1O00N2001O1O10O01O1O2N_QNMXm12dRN3an14L3N2:E3MPWYi2
20151117212434Ch_1,``Wg15jo11O2O1N2O00010O0000I`PNN`o1162N2_PNMTo13mPNNRo11oPNOQo10oPN2Po1MQQN4nn1KSQN6[o100001O1O001O1O1O1O1O00O1000000O1000000000O1000000000000000O1000O100000001O2N0O101N10O1O1N2N20O100O1K500O2O3L2OO0100O001N1O2O1N101O001O001O1POnNPSNT1ol1oNkRNU1Tm1mNiRNU1Wm1lNgRNU1Xm1mNgRNR1Zm1oNdRNl0bm1TO]RNl0cm1UO\RNk0em1VOXRNj0jm1c03O1O1O00N20000000N2O0I431L4M3N10N20N30O0O11N201N3K4XOYQNMSo10b0KXbjP2
20151117212434Ch_2,mWah21no12N1O1N2O001O001N2N1010O01O001O00000O1O100000000001N10000O01O1O1N20O010O2O00010O001O01O0000001O0O10000O2O0O10010O01N1J7M3N2MWoo0NkPPO4M3N1O1O1O001O010O0000000100O001O001O0000O1O01000O010D;01N2N2N2O101O1O100O100O001N1N2O1O1O2N0O10JCd0N300O10000000O0100N2M3L3N3K5M2M3O1OO1N101001000O10000O2O1O1N2O1O1N3M2O2N2N2N2N1N3N1O1N2L4N2000O001O000000O2N1O1O1O1O2O000010O001O0010O1N2O1O2M2O2N2N2N2M3M3N3L5L7H]oXj0
20151117212434Ch_3,glba25fo1<G`0@3J5N20N3M4K30000000O2N3`RNmNok1T1oSNPOPl11lRN`0S1A`l1=aSN_ORO9hl18bTNIak1:XTNGok15nSNJZl13bSNLcl18USNGol18oRNGTm1k0YRNSOjm1n0TRNROQn1l0kQNTOWn1Z12M3fNdQNk0kn1M5K5L1O1O1O0000100N3N1M3LWQg[1
20151117212434Ch_4,e`Vi22ko15M2M4M4dPNEln1i0O0O2O000010O0001DQOgQNOKg0\n1^OoQNa0Pn1AoQN`0Pn1@QRN`0nm1AQRN?nm1BRRN?mm1ATRN?km1AURN`0jm1@VRNa0im1^OZRNa0em1_O^RN>bm1B_RN=`m1D`RN<`m1DaRNLAOnm15bRNJCNkm19cRNEom1;j01O2N100O100ON300000000010O1O2N3M2N1O001O0010O01O0000001HVOXQNj0gn180000000O2O00001O0000000000000000O2O8H1N2O001O000001O001N3M2M4M2N3N0O1O100O01N1010O010000O101O001O10O01O100O10O010O000000000O100O001O10000O1000001O001O1O01000O100O010O0010O0010O03M1O2OO000000010O00001O2N5K2N0O2O1O1O1N4M1O1N101N2O1NW_ik0
20151117212434Ch_5,j^QQ11ko19H6K5J6L5K3M0OO00101O201O0000000001OO1O010O1N1N20O1O2N2N2N1N3NE:N4M2N3M10001001O11O0O3NlNCmQN785km19SRNGmm1:SRNDnm1<RRNCnm1>SRNAmm1?TRN^Onm1b0h00000N2K4NhNHmRN8Qm1KoRN4Pm1MQSN2ol1OSSNNll12[SNFhl1:^1O2N1O2N101O00000010O1000Nio=L[PB3M2O0012Maf\i2
20151117212434Ch_6,glnW36jo11O1O1I8M2fQN@Qm1d0_RN0Zm16YRN3gm1S13K3N0XNQRNR11mN\n1k0c0CVSUg0
20151117212434Ch_7,jc_V23jo17L1N1O100O1N2N2O1OO20O001O0001DjPNNVo12;10O10O01000O01O1O1O1O2N1000ePN1Yo1101O0O1O001M2M4O1N2N101O1O01O1O010O2N10001N10000000O100O001jPNCin1<WQNEin1;VQNFjn1:VQNFjn1:VQNEkn1;UQNEln1:=000001O0O101O0000000001N1O1000000001O0O6K1O1Nfoe00[PZO00O10]P<0coC0N20001O003L3M001M210O1M2N3O0001M3N2L4O101N2O001N1O1Ol\h`1
20151204133714Th_1,fVoR22mo11O2O0O100DLlPN4To1MkPN3Uo1<O10000001O001O1O001N100O100O100O1000000O100000000000O2O1N10000O11O000O1O2N10000000002M1O1O2O000O2Ndi\i1
20151207173614Mh_1,[mVR25jo14M0RL1kWNNRh19jWNGVh1>fWN@[h1d0cWNYO^h1j0[311O00100OO2N1O2O0O3NO10O10O1O1O3M7K3K2N2N2K6JbRN2\m16K6K5K5L4M5M:HM[OiNaRNV15gN]l14aSNT1NjNbl10dSNT1JkNhm1m0WRNSOmm1k0g0M22M7IN101NkKQO\YNl0Pk1O10O01M3M2O0O11N2N1000N2M^L@hWN=Vh1LfWN2Wh11kWNM]g1HfUN:o2NZg1KbUN9U3Klg16XXNFdg1>P4N2N2O2M8FnTQi1
20151207173614Mh_2,UZec02ko18I4M1N2N3N1O0010O10YO^OPRNa0Pn1DlQN;Tn1FkQN:Un1HjQN7Vn1IkQN6Un1KjQN5Vn1LjQN2Wn1OiQNOXn11jQNLVn16kQNGVn19g02O0000001O0000000000001OO01000O10O10O1O1001O000O1001O000010O000001O1N3N1O100O1O1O1O1O100O2N2N[hPX3
20151207173614Mh_3,QolS22lo12N1lMLaRN0d15gk1LdTNO`k10mRN0gn10V32kJNVUN2fj13XUNOfj15[TNGWO8^l1KcTNMlN9cl1GWUN3eMOTm1N[SN0Y11ZN1Qm1N`SN0Q13]NOQm1NiSN2`01fNOao18iNFhRN:Zn14TOBaRN4bm1L\RN4in1O00003N3OZo30[QJ0cn10]15VOO1N1OWOOcQN0^n10`QN1an1O\QN2Xo1100RNO_SNNPO2`o1N10E1ePN0]o12kP[i1
20151207173614Mh_4,[VoT14lo11O1N1O1CJPQN7ln1MRQN4mn1NRQN2nn1NRQN2mn10RQN0nn10RQN0mn11SQNOmn12RQNNnn12SQNMmn13SQNMmn13TQNLln14UQNKkn16TQNKln14TQNMkn13VQNLjn14VQNMjn12WQNMin13WQNMjn12VQNOin11WQNOjn1NXQN2jn1LVQN4ln1ITQN8Zo10O100000001O00O10000O10000O100O100O00XOJhQN6Xn1JgQN6Yn1KgQN5Xn1LgQN5Yn1KgQN5Yn1LfQN4Zn1LfQN3Xn13dQNNbn1K_QN5an1K_QN4bn1L^QN4bn1L^QN4bn1L^QN4an1M^QN3cn1L^QN4cn1K\QN6dn1I\QN8Uo11O1O0010O]OG`QN:`n1E`QN;`n1F_QN;`n1F_QN:an1G^QN:bn1F[QN<fn1DXQN>hn1BVQN?kn1;000O2N1O1N2N2O1M4L9Gbj`e2
20151214171854Bh_1,ePaf12mo12N2N2O1N1YMKbUN6^j1K`UN7^j1JbUN6^j1JaUN7^j1JaUN6`j1I_UN9aj1G]UN;cj1D]UN=dj1A\UN?ej1_O]UNa0Qm1O1O1N2O001O0O2O0100O0O110N101N100K5O1000001O001O000010O00O100M3O2N2O10O010O001C<O1O01O1000000TOHPRN9nm1KPRN5om1NoQN1Rn11mQNNTn13jQNKXn18eQNG]n1n0O010000N2O2L3M5M4L3N1O1N1O100O1O1O1O1O1O2M2N3N1O2NVRaS2
20151214171854Bh_2,XUUj2:eo1100mPNH^n17`QNL_n14`QNN`n11_QN1`n10_QN1an1N_QN3an1K`QN6an1H`QN8`n1G`QN;Qo1001O1N2O010O00010O000000O20O1O001O0000O2O001O0O2O010O000O101O0010OO1O2O01N20O2M3M3NSk`R1
20151214171854Bh_3,Wl\[13il14TVNMki14TVNMji15VVNJji16P300010O00001O001N1001O00010O10O1O1001O1N10O2N100O01000O01001O1O1O1N1O2O005L00O001100O00O000O01000O101N2N3N0O1O01O100O:G1O01O3WOnPN=\o1000O1O1O00O2000O000O1O1O1O10O00001]OmPN7`SY_2
20151214171854Bh_4,oa]m12mo12YPNN^o1<M2N2O0N3N10001N1010O00010O100O001O100O1O1O1O1O1O1O1O001O0O1N3N10000000000001N101O0[OFcQN;\n1F^QN`0bn1EYQN<fn1EXQN<hn1DXQN<hn1DXQN<in1CWQN=in1CWQN=in1CWQN<kn1BVQN>kn1AUQN?kn1_OWQNa0To101O0O101O1O0O101O000000001O00001O0010O01O000000000O10O0100O1O1000000O100OILdPN4Yo1OhPNNXo1491N3OO010O10O100E;O10000O10000O100O1O10O0N3O1N20O1000O100O2O0O100O100N2O10000O1N200O2N1O1O2Mm^fi1
20151214171854Bh_5,c]_i0=ao1101`bZV3
20151214171854Bh_6,P[eZ26jo11N101O00001O00001O01O0010O00100O0010O0010O00000010O00000001O00000001O001O1O001O001O000000000000O10000O1000O0100O10000O100O010O10000O10000O1000000000000O10000000O1O1O10000O101N10001O0O101O001O0O101O001NB2<2N2O000000000001O00001O001O0000000O2O_oa2OkP\M1]o10aPN4[o1:N101O001O01O10O001O01O010O010O4M0O2OO3N000O010O010O001O1O01O01O01O001O0O2O001O003L2O1O1N2O1O1OldPX1
20151214171854Bh_7,oVU]16io11O2N2N101N2O0O5L1N100O10O0N3O0M3O1K5O2N1O2O00010O1O101Mio52VPJ2OO010O0010O001O100O010O10O10000000000O101N[1NgN1O1O1000000O2O00000O2O00J]PNOco11]PN0bo10^PN0bo1O_PN1ao1O_PN1ao1O_PN1ao1O_PN1go101OWo?0fP@401O13MO000UQNMim13S1NXo10iPNO10\Q60cnI10001OO1OmhT\2
20151214171854Bh_8,gffZ15jo13L3N1000001N10001O0O100001O001O1000O010O10O01O1000O3N00O0100O01O010O1O01O10O01O001O6I2O1NeX]b2
20151214171854Bh_9,ba]Y13lo13M3M2N2N10000O1O1N2O1O1O1O0001O1O0000G@RQNa0mn19010000000001OO1OaNUOjSNi0Xl1XOhSNf0Yl1[OgSNc0Yl1_OfSN`0Zl1BfSN7`l1J`SN4cl1L[SN3gl1MYSN2il1MWSN1kl10SSN0ol13mRNMSm13nRNKTm14lRNKWm14hRNI\m15RR4J\oK1N2N100_ONTQN2kn10TQN0kn12SQNOln12TQNOjn12VQNOhn12WQNOhn12WQNOdn17ZQNJdn1j0O1O2OO2O2M3N2N001O1N2AQQNKQo12RQNJQo13Uana2
20151214171854Bh_10,j]Zh02mo12N2N1N2O2N1O100O1O10O1000001O001O1N3N3LbQ\2O^ncM3O1N2O001O000010O001O00000000000000O2N1N2O2O0O1010O001O1O1O1O1N2O1O1N2O0O2O0O2O0O100000N2J6O1O2O0O10001O01O010O001O001O0000001O0000001N101N2N2NgP`03Uo_O4L3O1N10001O000000000000000O10O10000O1O100O2N1O2N2MgQh31YnWL1O2O1O001O0000010O01O001O1O001O10O010O100O1O10O01O001O01O00001O001O10O01O001N101No]kf2
20151214171854Bh_11,k_nk22no11K301N101O001O010N100O1O2N20O10O10000001N10000000000O1O10O01000001O000O2M3O0O3Mf`_Q1
20151214171854Bh_12,Qb]m11PP25RPNKTPh00koC0no;0noYO0H0cPN0^o109000000000YPN0^o10XP40]PN0Po10dPL0000000dPN0hn10XQN0hn10eP40QP20]PJ0A0B0lPN0bo1000co30jP20YoM0ZP60ooI0QPL0XPN0`o1071000000001O01io1OM0YPN010ZPN0Zo12fPNNXo13iPNMUo15kPNKeo1000000000000000WO0^Q61YoI0OO^O0ZQN0[o10oo10]o10dPL000_P40`oK010oo10ooM110\PNOXo11iPN0Pn1OaRN0[O150om1OhRN0[O1lm10hRNOhm12VRNNmm11jRN0^l10bSN1Wn1O1Oen95UQF2O0O1O1O1O10O10O10O01O010N1010O10000O10000O100O1O10O0100000O1000O100O5Ld_jf1
20151214171854Bh_13,bfjZ12mo10_PNOTo12lPNNTo12lPNNSo13nPNMPo13QQNMn40cd14_VNLl43dd11aVNLi45fd1NaVNMh47gd1JbVNOh45gd1LaVNOi43hd1M_VN0nn11QQNOhn10PQN080Qo10nPN0fn11WQNO30fn10XQN020Ro10nPN0So10mPN0Ro10oPN0Qo10nPN0Ro10oPN0ao10W20aK0QTN0cN0nl11SSNOh10Vk11RSNOTo10lPN0h10Wk10WUN0ij10PSN0Vo10=0^PN0Uo10=0fRN0Sk10STN0jk10hRN0Uo10k00UO0jPN0n10Zk10[20J0[PN0Y20Xm90jP<0ao[O000hPN0Yo50_o50PQD0`o100000mo70VPJ0aoc02YPZO0UU]_2
20151214171854Bh_14,cTmX15go14H9H8K4N3N1O01O1M201G9N2O1O100N2O10000O1O1O10000O2O1N4KVlXe2
20151214171854Bh_15,_^\Y27go12O1000000L4O100OK501O01O1001O01O0000000000000001O00000O100O1000001O1O1LkaYd1
20151214171854Bh_16,ZoPV23lo19G2M101O0100000001N1N3M4LdP63XoI9XQNG[m1>aRNHYm1<cRNF[m1<dRND[m1>dRNBZm1a0bRNB^m1?^RNEbm1:^RNFcm18`RNGam16`RNO]m1MeRN3\m1KeRN5cn1000010O5KWN^OUTN`0kk1BUTN<hk1HYTN6gk1K[TN2fk1M]TN0dk1O`TNLdk12mR[g1
20151227133734Ch_1,[k^T26jo11WSj0JnlUO010nPN0Rn11mQNOSn11lRN0Tl11lSNNTl127N_SN0P21hf13mZNNRe11oZNOcb14h_NLn_1b0o_N\OP`1j0RaNYOd]1OkYNd0b3ZOS14ia1c0V]N@f0JYb1e0P]NCjg1I_XN8jMKjk15bSNJWO1Ym13STNLPl12P2OoMMWTN0kk1OPUNOSm12N2O0001LdJ1Y55bQNKhl1=YSNDY21af11oUN3W1L6N>3Th11RVN1W1K53<0Uh11TVN0j20mN0Th1O]YN2^NOVh1N\YN3^NOik11WTNOjk1OWTN1kg1NRZNOTN3ig1OSZNMUN5gg1MW\N3ic1LX\N5gc1KY\N5ii10000O2NeMMlTN0Uk1O_20fS20Qi10VVJ1Uj13fUNNZj12gUNNXj12iUNMZj10hVNOSl13N2OO00010O1O2MaL0_32bTN0Pb1NV^N4JOma11X^N0KOma12Z^NKL0ja16V_NO]d11c[NO]d12b[NO]d11c[NN]d13]WNKg21ke15_WNHil18_1100O100gVNFlb1:S]NIkb18U]NHkb17ZWNJW5M`c19YWNJ`n17_QNIQ30kg17UUNFR33ig17iXNIXg17gXNIYg17gXNIif1KdUN<d3Gff10fUN9U5Efc12UWN9T5Fhc10UWN9R5Hjc1MUWN;Q5H\d19d[NFmL2ld17i`NIW_17j`NHW_17i`NIX_17h`NHY_17h`NGY_19W80ZYNM`]12`bNN`]12bbNL^]14W90001OdYNKm\15TcNJm\15ScNJn\16^9010O10O1000dVNJlb17Q]NNmb12R]NNnb12Q]NOPc11o\NNRc13m\NLoKOkd15XaN6f^1KWaN8h^1IVaN9i^1GWaN9i^1HVaN9j^1HTaN8l^1I\aNMf^13`aNEa^1<b8001N100fUNBPe1>P[NDod1<P[NEdb1L`ZN?m2Dbb1OaZN<a1D_MMbf14^ZN;`1HXe1LZYN;^1IXe1K[YN=\1Hig17XXNHig18XXNFig1;VXNAog1?i31O0TQNHom18nQNKRn15jQNOe6HW`19QYN1h6GV`1:oXN0l6FU`1S1m_NkNT`1S1o_NjNS`1U1]7N2O001O1O1O1OhXNRO`_1l0``NSOc_1k0j701O10N4M4UQNoN]n1\1N100eVNaNTd1]1l[NeNTd1Y1\5M2M3M3M4L3N3NoUNYOjd1f0VYNYOiN1Qh1f0VYNZOiNORh1f0UYN[Olh1e0Y3N2O0O100000oWN^Oc`1a0_700O1O10O0101O1N10O11O1O10dTNIlf17RYNKnf15QYNLPg13oXNMRg13lXNO`LHoi18`YN0\LOSj11^YN3\LOVj1N\YN4\L1Xj1KZYN6\L1Zj1JWYN6_L1Zj1JTYN7`L2[j1G^VNEf1c0aM2Yj1G]VNHf1`0dM2Xj1JYVNEk1?eM1Wj1NVVNBo1>eM1Wj10hUNL]22fMOVj1k0YXNPOdM3Tj1l0eWNiNYN7O2Vj1m0fVNhN]O3I411Yj1m0RVNXOJEK4[k1k0nTN]Oc0Fbj1l0iTN^Of0Edj1k0eTN_Oj0Cej1l0`TN_OZm1`0dRN[Odm1f0m0L3M2M3L5K]Pl0EPPTO1fn?2WQ@0100N\n70^V]Y1
20151227133734Ch_2,fYcR27jo10O2N3M3M3L3O2N1O2M2O2N19G1O0O10000O101O0004K02L3N2N1O1O001O1H_PNN\d^k1
20151227133734Ch_3,f`Vg14no1MiQ20goK4Zn14NOXm1I[SNa0RO3M3XRN]OSl1e0`SNG_l1<PSN3ol15fRNNZm13nRNDQm1KcSN4ii1\O\VNMPO2d06??_i1^O]VNKPO3e05i06jh1EhUN0l0LXO6`03j09gh1^OoUN?h0HH0n0<lh1L[VNKKKQ1MZN9]j15\VNJ_2JTg1=\VNHR1K\O1Si1=^VNBU17WOIVi1?cXNISh1J\UN=7^Oe16fh12]UN:0FT2G^h1:^UN9OGj4HQc1:UXN8LIQm17USN1EIa0BPl1>PTNe07mNik1>jSNj0Zm1hN[RN2:V1X1hNUk1W1kTNlNSk1U1fTNSOWk1o0iTNPOQk1W1oTNgNPk1[1RUN`NPk1\1l1OnRNgNZk1_1iTN_NWk1]1g1nNiQN3bn1KlQNFoS23kWoU2
20151227133734Ch_4,bboa21oo1000\ng03^QXO300000O010NnQNM[l12SSNOZO6]m1JZSN1XO8[m1G^SN0WO<^l1BjSN5R1;Qk1BlSN2T1d0gj1[OUTN1T1d0gj1[OUTNNX1g0bj1\OUTNM]1c0^j1@YVN`0ei1A\VN>di1B]VN=di1A^VN>ci1A]VN?cl1O001O001O2N4L100O0000001O0O1000BMoPN3Po10nPNOSo13<6J0O11O01iMBjTN>Vk1CiTN=QNCol10QUNc0oj1]OQUNd0nj1\OXTN0^Oc0Zl1]OWTN1A`0Xl1^OXTN3@>dm1B\RN?cm1A^RN>bm1B^RN>bm1B_RN=cm1A]RN?bn100O2O1O1O000O100O100O010000O1000O01O1M30O001O100O100O100O10UMFPVN9Qj1GoUN9Qj1GoUN8Rj1HnUN8Rj1IlUN8Tj1HlUN8Tj1GmUN9Sj1GmUN8nl100O100O1O001000O1O1O1N2O1O1O100N2M3O10O100O101O000O101O0000001O0O100O1O0010000O10O10O100O101N101N2M_o50bPJ3N1O1N2O000000000000O10000000O2O0L4SOCVRN=km1CURN=km1CTRN>lm1BTRN>gn1O1O1O1O010O1000O10O1000O1O0010O1O1O010O100O010O1O01000O10O100000O100000000000000000O10O100000001N2Nbo=N`PB2N100000001O0O101O0O10O10000O100O10000O10O010O001O010O10O0001O1O0010O01000O1000O010000O10O02O0Oc_jk0
20151227133734Ch_5,]mRf11no14M3fPNO_n12_QNObn11]QN0bn11^QNObn11^QNObn11^QNNbn14]QNKdn15]QNIcn17]QNGfn18a001O000010O0000100O1jPNGcn19\QNHen17ZQNIgn17WQNGmn19QQNIPo16PQNGSo19:1O001O1oPNEZn1=eQNCYn1a0ZQN_OQo1j0M101O100TQNROXn10mQNV1fn1H000UOVQN`0kn1_OVQN`0jn1@WQN?in1@YQN=in1CWQN;kn1EVQN:jn1EXQN:hn1FXQN:hn1FYQN9Wo1O2O1O1O1O001O1O001O]QSV2
20151227133734Ch_6,Pl^e13mo11CMkPN3Uo1MlPN6Po1KoPN6Po1JTQN3kn1LVQN6hn1JXQN6hn1JXQN6fn1LZQN4en1M[QN1gn1OXQN2hn1NXQN2hn1OVQN2kn1MUQN3kn1MUQN3kn1NVQN0kn1OWQNOin12b0010O1O000000001O01O01O00010O1O0002O0O010O02O01N100O10O0001O0010O000001O00000001O000000000000O010000000O10O1000000O100001O010O^OMXQN2hn1NXQN3fn1NZQN2Zo10YOMaQN4Uo10O100000000O10000001O2N0000000O10001Ogo50YPJ003MM3OUT]S2
20151227133734Ch_7,RYWa05jo12M2CKnPN6Qo1KnPN5^m1HmSNd0ok1DnSN;Ql1GoSN8Pl1JfRNFP1`0Zl15eSNJZl18fSNGYl1;gSNDYl1=fSNDYl1=fSNDYl1=gSNBYl1?gSN@Xl1b0gSN_OYl1`0hSN_OXl1`0jSN@Ul1`0lSN_OUl1>nSNARl1?oSN@Rl1`0nSN^OSl1c0mSN[OUl1e0lSNXOUl1h0lSNWOUl1h0lSNVOWl1h0a1O2N100O1O1O1000K5N2O1000OEWO`QNi0`n1YO^QNg0bn1;CiNRRNW1nm1kNQRNU1nm1mNPRN5M?Sn1\OoQN684jm1DoQN883Un1MmQN1Sn1OnQN1Qn1NQRN1om1ORRN0nm1NURN2ln10dNHQSN7ml1LSSN3ll1OTSNNml13TSNJml16_10O10OO2kPNI\n1<cQNGYn1:hQNFWn1:jQNFUn1;kQNETn1<h001O1O1O01O01O0000000000WOCoQN>mm1FRRN:nm1GRRN7om1IQRN7Pn1HQRN6mn101OgMF^TN1cN8ml1K]TNNgN6jl1O^TNKiN5il10QUN0nj10RUN0oj1NSUN2^m1O1O1Ndm1N_RN10OQRN3lm10O2O01O00001Lam14[RN4N10O1O000OiNIiRN4Um11eRN3]m1KcRN3bm1K]RN7en110O01O100O100O101O0CDVQN<in1ISQN7mn1JRQN6nn1ISQN7nn1HSQN7nn1GTQN8\o1N001O00000010O100O100O10O1N2N5KXSh0OjlWO0clc01[S\O3M2N1000000001O000001O001O10O01O0100O02N2N2N2N1N3O03]OfPN:`o1000000O3N0N2O4K10QTn04kkQO0010NcJMoZN2od12R[NLnd15^51O00O2MPojo2
20151227133734Ch_8,gh^V34l0OQn12jQN3Un1OgQN4Xn1k0O101N1O1OO3N9G3M2BSQNEnn18TQNIPo10RQN0_o10QVah0
20160116133734Ch_1,[^^Z17_o1JfPN;Yo18N5K1O001O0000100O1O010O001O001O01N1O2M2N2O1O10O1O100O101O1000YOoPN>Yo12N2O1O0O010O10001O8IOcQNTOgm1b12N0O3M7I1O1O1O4K2O1N101N101O1O1O2N1O1O00100O4L2N1N2O2Lo_o`2
20160116133734Ch_2,beX[24jo17J4L2O1N2N3M7K23L3MlSN_Ofh1d0TWNEgh1<UWNFmh1;oVNFSi19kVNGYi18eVNG`i18cVNA`i1?^VN@ei1`0n201O2N00O02P1PO1N7G4M3L6K2M3MeMiRNo1Um1PNQSN:Mh0Rm1lNSTNm0om1^O?B]PN2bo15L2N2N1O1N2N102O010O1O00O1N2N3MkU]a1
20160116133734Ch_3,Q[W]19do13TNGPTN;ok1EoSN=Ql1CmSN?Sl1HfSN8Zl1GfSN:Zl1EgSN;[l1AgSN>mm10001M20100O01O0O1N2I6C?O10O010M2F90001000O2O001000O10ODTQNFln19XQNBjn1><000O1M3N2000O101N1N3K5Mlfb_2
20160116133734Ch_4,emPd04ko11O1HKdPN6`n1KoQNa0Rn1_OkQNb0in1O20O01O1O1O1O1O0001N10000N3N1O0O11O010000O2aQN[Obm1f0]RN[O`m1h0`RNXO_m1i0i02lQNVOSm1j0nRNVOQm1j0R1H8N2O1001O01O01001O1O2M4L4JoSoX3
20160116133734Ch_5,Tihh18fo12N2O20O00100O03M2N2O00O2N5L01O2M2N1O2O2M2O0PQN[Ocn1h0YQN\Oen1P14K3M001O001O001O100O1O4L2N2N2N1N1N2NiUaT2
20160116133734Ch_6,dhVT12no1001O001N10001O0000000000001O0000001O0O1O2N1O101N1001O001O01O000000000O100O1O00L5O1000O10O100000000000000000001O0O2O4L001N_Wmg2
20160116133734Ch_7,eZhh13lo16J1PQNIWn17dQNOZn12eQN3Wn1MhQN5Wn1KhQN6Wn1KaQN?]n1b0001N1O1I7O1O1GWQNZOin1f071O21N2N1O10000O1000000000O2O001O00001O001O0001O0O10001N101N10002N000001O0000000O100000O10000O1O1N2N2O2M2O3K^eiR2
20160116133734Ch_8,h_od08fo13SOGoQN;fm1GhQN0?<hm11TRN0km12SRNOlm1T1O0O1O1000O10O0100BmQNoNRn1Q1oQNoNQn1Q1PRNnNom1S1RRNlNmm1U1URNiNkm1W1URNhNkm1Y1URNgNkm1Z1TRNfNlm1Z1TRNdNmm1]1SRNcNmm1^1RRNbNnm1^1;O010O00eQNcNSn1]1mQNcNTn1e1OO2O0J7O2N4L1O1O00101QOYQNa0Vo1M3N0O1O1O001O0O2O001O1O1O1N10001O00001O00000O2O1NmoS11RPlN2O2M3N1O1N100O2O0O1O101O00001O01O010O1O001N2O001O0O2O0O2N2O1N]`bS3
20160116133734Ch_9,k[jQ21no12N2N2N3M4L7I4M3L5L1O1O001O001O000000000O100000O10O10O10000O100O100O100O2N1O100O101O00000O100000001O001O0002N1O10O01O000VQNTO`n1l0_QNUOan1l0]QNUOcn1k0\QNVOen1i0[QNXOdn1R10100O01O0000000000000O101O000000001O00000O101O000000YQNQO]n1[1O0O1O1O1O0010O00000000000O100O1O10000O1000000O1000001O000000000000000O10000O1000000O2O2N1N2O000O101N100000000O2O000000000000001O0001O00001O0ZQNSOYn1n0dQNVOZn1k0cQNXO]n1W1N2N2N4L2N2N1O1O1O3M2N3M001O01O001O010O001O1O001O001O010O1O3M1O1O000O2O0YOnQN@Sn1?nQNVO1KRn1o0nQNUO\n1j0dQNVO]n1i0dQNVO]n1i0cQNWO^n1h0bQNXO^n1h0cQNWO^n1h0bQNXO^n1h0bQNYO^n1f0bQN[O]n1e0cQN[O^n1d0bQN\O_n1c0aQN^O^n1b0bQN^O`n1`0`QN@in18VQNIjn17UQNIkn17UQNIln17SQNJln16TQNJln17SQNJln1e007I3M1O2M2L5M2O001O1O001O01O000O2O000O2N1O1O2N2N3N1N2O2N2N1O001O00000100O001O1O0010O01O010O10O010O01O00001O100O6J1O1O00001O010O001O010OZOgQNEYn1;hQNEWn1:jQNGVn18jQNJTn15mQNLRn14nQNLRn14nQNMQn13nQNNQn13oQNNPn12PRNNPn13nQNOQn1P10001O000010O1O2N2O0O100O1O001O1O001O1N101N2N2N5K1O2O0N2O101N100O2O000000001O01O0000001O01O01O00001O1O3M3M1O001O0000010O0001O001N10001O001O0O100000000O100O1N201N101O001O1O0010O01O010O001O0000010O001O001O001O0O10001N100J6O101N2N2Nc`ST1
20160116133734Ch_10,bg^\36io14hPNGcn1<XQNFin19WQNHhn19XQNHin15WQNLhn15WQNKjn14WQNKin13[QNLdn14^QNIdn16c001O11O1N101N01O10O1O1O0100O100O002N1O01O01O10O001O00001N100O1O1O100O02O0000002N1O2M2OhWU`0
20160116133734Ch_11,jZTh12mo12N1O100O2O0O10000OH]PN5lo1K000000ZPN0\o11`PN4^o18OHlo3KaPL00000O100O0j0O^n30bQJ0_n11`QN0`n10`QNOan11_QNOan11^QN0bn10^QN0bn10^QN0bn10^QN0bn10^QN0bn10^QN0bn1O`QN0`n10`QN0`n10h00000000000000010O000001O001fPNNdn12\QNNdn12\QNNdn14ZQNLfn14ZQNLfn14ZQNLfn14c0000001O0O2O001O00`P61]oI100O101IL_PN6co122O2N0O2O0O2O\Qj22anUM100000000000O10000Ogoa0OZP^O2NNVPN0io10YPN0eo10]PN0ao10aPN0]o10fPN2Uo1NoPN1on1NXQN1bn1ObQN5Wn1KlQN3To1M00ln10SQN000000000000000oo10QPN00000SQ<0lnE0on10P20UnM0mPN00000lPN0Xn10hQN0To100000UO0fQN0Uo10VO0dQN0Vo111O00So10iQL0]o10F1NOTPN0do10aPN0L0mo1000G4_PNLjo10QPd00oo[O0kn90YRJ0lnK000000000VPN0SQ>0WlC0PUN1oj1OQUN1_m100000000000000O10mn90goK0\QJ00000000000000000QP<0PPD10O00QQ20mN0PP60QPH0000000000000000000QP40[PN0foK0SP60moK0020OO00O00000020O0ioc10[PZN0]o10dP80ioG010PP40@0ioK1lPNOjo110O01O0PQNOQn11o00QQNOom11XRNOam11V11]QNNWm13[1O\P^1NhoaN0PP20PP40SPb00jPd00Y`YZ1
20160226151654Bh_1,WZaY11bP66UoK4M1O0IEjPN<Uo17J]OQQNc0on1]OQQNa0Qo1_OoPN`0Ro1@nPN?So17000O100N2N3O0000000000000000O1N2O0O01L500000O0100O1N2N2O2N2O1JSfdc2
20160226151654Bh_2,QkXo24lo11O0O1000000000001O00000000000O10O01O100O100K500O100ON30000O101O1N2O0000000001M2O1N2O1O1000O001N02O1O100O1000001O000PQN_Oan1b0]QN@bn1`0^QN@bn1`0^QNAan1?^QNBbn1>]QNCcn1=\QNEcn1;]QNEdn1:[QNGen19ZQNIen17\QNIdn16\QNKcn15]QNKdn14]QNLfn10ZQN1gn1MYQN3in1KWQN6in1IWQN7kn1GUQN9ln1CRQNb0Vo100000001O001O001N3M7I2N101NbToj0
20160226151654Bh_3,SXah23ko13EKiPN6Vo1KhPN7Wo1:N101O00001O0001O001O1O1O001O1O4L2N01O1O001O00001N100O1000000000O2O0O101N101O2N0O2N3Mig`T1
20160226151654Bh_4,PcjT28fo13\RNF_k1:`TNGak19PSNMd0K\l17oRN4Vn1LhQN9Un1GiQN>Vn1@gQNg0Xn1VOeQNQ1Wn1>O01POhQN6Vn1HPRN9km1EdRN0Zm1KlRN5an1O02M3M10001OO10O0018G1N2O2M3MjZYi1
20160226151654Bh_5,XiTe21no110000dI5b\NL\c17c\NJ[c17f\NHZc18f\NHYc19g\NGYc19W60O10000RODXRN<_m10]RN1bm11]RNOcm12ZRN0fm11XRN0hm12URNOlm12QRNOom13nQNNRn14iQNNYn1l000000000000000O100001O1O1O1O1O1O01O00100O00001O0O2L4M3N2O0O2O0O10O10001O0O100O101O0000001O1O10O0100O2N2N2N1O3L3N2N2N1O001O0O2O00000000000001O001O1O1N2O100O100O10O1N101O1O001O1O100001O003L10O010O01O1O2O1N1O100O1O1O1O101N10ORUNdNYg1\1cXNiN]g1U1bXNlN_g1S1`XNoNag1o0^XNROdg1k0]XNUOdg1i0]XNXOcg1g0]XNYOdg1f0]XNYOdg1f0\XNZOeg18YUN\O75R28^h15[UN]O3:S23`h13]UN_O0>P21bh11`UN_OMa0P2Oeh1LoUN6WO_Oj1`0]j11hSNBi1>^j1OkSNCf1>_j1OkSNCf1?^j1NmSNBe1`0^j1NmSNBd1a0^j1NoSN_Od1c0]j1NPVN0Rj10oUNMSj13mUNKVj14kUNHZj16hUNF\j18h2N2MQ[eP1
20160311020654Uh_1,Zb`_11no17J3M2N100O1O010O001O00001O000O10001O000019F1O010O000010O0100O010O010O01O001O0O101O0010O010O1O100O1O0100O10O010O01O001O1O1O1O010O100O0UQNCTn1<lQNFSn1:lQNGTn18kQNIUn17lQNHUn17kQNIVn17jQNHVn18jQNIVn16kQNHVn19j0N10O0100O10O02O00O2O0O1O001ePNDPo1=nPNEQo1<mPNGQo1e0O010O10O1000O100001N001O001O01O00001O100O00100000O1AoPNNQo11QQNMPo12PQNNQo11PQNNQo11oPN0Po10PQN0Po10PQN2nn1NRQN3mn1MTQN3kn1MUQN3lm1FjRN6[O4im1GlRN6ZO3km1FlRN6ZO3jm1GnRN2ZO7hm1G^SN8bl1H^SN9al1G`SN8Tn110O003M001O1O[OM_QN0an12e01000Oe[WW2
20160311020654Uh_2,gbkl11no13M100O10001O000O5L0001O01O000IFhPN:Xo17N200O100O1O1O1O100000O10001O1O1O10O01O1O001O1O1O1O1O000001O0N3N2O3M2N1O1O0000001O00000O100000001O0O10001O0001O00000000FRObQNn0^n1ROcQNm0\n1TOgQNi0Yn1WOhQNh0Xn1XOhQNh0Xn1XOhQNi0Xn1VOiQNi0Wn1VOkQNi0fn101O1O1O2N4K101N100000000000000000000000000000000O100000000O1000000001O00000000O10O10000001O0000000001O1N4M0O2O0O2O000000000000000000O1O1O1O10002M2N2N2N2O0O2O0O2Om\hh1
20160311020654Uh_3,ea^T34ko14K5L10000M30O001O1O1O1O1O2O0O101O000000QRNLRl14mSNMTl12kSNOUl11kSNOUl13hSNNXl13gSNMYl14gSNJZl17ZRNES13dl1c0YSN\Oil1c0Z11O00000000O1O001N2O1O1O1O1O10O0100O100000O100000001O00001O7I010O010O01O1O001O00001O00001O0000010O0001O010O100O10O01O1O4M1N1O1O0001O00001O001O001O1O1O0100O2O0O100O11O0010N100O10O01000O10000O11O3M01O1O0O2N1O1OROZOcRNe0[m1^OfRN`0Ym1CfRN=Ym1EfRN:Ym1HgRN7Ym1IgRN7Ym1JgRN5Ym1KhRN4Xm1LhRN4Xm1LiRN3gl1AjRN=?1el1GiRN8c0Oel1OaRN3j0Nel1b0]SN\Ocl1d0^SN[Ocl1c0_SN\Obl1;hSNDXl1;jSNCWl1=jSNBVl1>lSN^OVl1a0e1O1O2M3L5Ik^aa0
20160311020654Uh_4,^[Zo15`o1<M3O01O001O00001O00001O02O001O1O1@_O^QNa0_n1CaQN>[n1DfQN=Wn1DiQN<Un1FkQN;Sn1GkQN;Sn1FlQN>Pn1DnQN=Qn1EmQN@1b0Qn17QRNHnm18TRNGjm1:XRNDgm1=YRNDem1`0XRN@hm1b0VRN_Oim1c0URN^Ojm1]1N10001O01O001N100O1000I6N3NbN`RN?am1@aRN=`m1DaRN8bm1G_RN5em1J\RN4gm1KYRN0mm1OSRNNRn10nQNOVn1NhQN4Yn1KgQNEO2\n19dQNE2O\n1;bQNFln1;SQNEnn1;QQNEon1f014K100O1O1O001O0DnNjQNR1Tn1ROjQNn0Vn1SOiQNm0Vn1UOiQNk0Wn1UOiQNk0Wn1UOiQNj0Xn1VOhQNj0Xn1WOgQNh0Zn1XOfQNh0[n1=10001O1[ObQNF_n19bQNF^n1:bQNF_n19aQNG_n19aQNG_n19aQNH^n18bQNH_n1m07I02O5K000O0O;E1O1O1O0010O01O100O1O01O001QOQRNKPn13SRNJom15RRNJom14RRNLom13RRNLPn12PRNNQn11PRNNQn11PRNNQn11PRN@F6\n18WRNFkm19VRNElm19n0O2N2N2O1NbRP13[moN4M2N1N20O001O5K3KTPd01lo[O3M2O2N1O01001O1O1O2N1000N10O001O001O001O001O010O10O001O01O0001O001O1O2N3M1O1OkPNGen16[QNNgn1MYQN5gn1HZQN9Vo12N8H2M2L4N2N3N1O101O000O1UNlNiTNT1Vk1lNkTNT1Tk1lNmTN3\Nd0Ro1O1N1O00000O1O1O1M2O200O10000O2O00000000000000001OPLIXXN5fg1N[XN1eg1OV401Nfci`1
20160311020654Uh_5,Rihn22oo1O00Q22kM3L4N1O1O1O00100O1O10O01O100000EgPNNfn10^QN8MEen16\QN5mn1LQQN4bn1e0610O10O01O001N10000100O1OFVQN[Oon1c0YQNA\n1`0dQN@\n15\QNK9O\n15]QNK7O\n15_QNJ61\n13QRNLPn12RRNNom1OSRN0RnS11lPnN1O21N0O01O0000OKO]PN1co1O]PN0do161O1O001O01O10O01O000010O0001O010O010O0100O100O1O10O01O\Pd0Odo[O2O2O0O10O010O^oW1KePhN3M3N3N000002N1K4O^Vmg0
20160311020654Uh_6,\idR3120jo10WPN0go1143M1WPNKeo15\PNKco15]PNKco1531YPNJdo10[PN4ho1LXPN4ho1L7000QP80TPF0ko50ioM0VPN0QP40WPL0io10QP60joG0YPN0ko1000N2VP6NloI1N200O11OOO2NVPN0go30\PN0H100O1J53Ljnk0MVRRO3Tn1OkQN1Un1OkQN1Un1OkQN1Un10`QNMJ3fn15\QNHM3gn1:XQNEN1jn19[QNMjn1NVQN2kn1MUQN4jn1LVQNNQo13mPNLYo10bPN3ao1KcPN0`o1OeVkg0
20160311020654Uh_7,Rifn21QP21KOUPN2jo1NVPN2PR>NmmK0_oK0bPL000\PN0Vo70^PJ0O0oog00jnWO0_RN2`m1N[RN0RO2io11LMZPN2go1OYPNOaUan0
20160311020654Uh_8,m[gi02lo16M0O100O000000000O100O1O1O1O0001O010OK600O1O1O1O1O1O2001N000O100000O11O003M1O2N01O000C@ZQNa0Ro110O1O100O1O2N1NPOH[RN6dm10ZRNLgm16P13M1O1N3M2N101O1N1O100002O1N4M001O0O1000oM@bTN?^k1C`TN>_k1D`TN<`k10TTN0kk13TTNKlk17TTNHlk18TTNHlk18UTNFlk19WTNDkk1;XTNAjk1=n1O2M1O2O0O2O00001O0000000O100O101O1N`gfo2
20160311020654Uh_9,^bj`23XRd31dm]L2N3M3O1OO02N2O1O01N01OO2N2NdZcZ1
20160312020554Uh_1,Uc`h11no12O1OO1O1O^n75\QH2N20000QQNHVn18jQNI6NQm19iRNJ5MRm19iRNJ5MSm18hRNKVn14jQNLVn14l0O0010000O01O1O01O0001O01O1002OO01N1001OO100000O100001N100O10O1O00000000010O0100O100O1000O1O100001O00O1O100O001O1O001O1O1N10bn=NVS@1Xn12O1O1O2OO01O10O00VNMgSN3Xl1NhSN2Xl1OhSN0Xl10hSN0Xl10aSNJhN7fm1ObSNKgN6gm1N`RNLe00TO7gm1IbRN2b0OUO5Vn1MeRNNUO6Un1MnRN2Rm1NnRN3Qm1MoRN3Rm1LnRN5Rm1HPSN8\n100000001O00001O00100NcN0mRNORm15lRNIUm17lRNHSm1:Y11O1N100O1000I8L4NX^kn1
20160312020554Uh_2,jkjX31ZP60coK5L2N1gPNKVn1MjQN:M3Qn1EmQN=O0Sn1DmQN=N1Un1BlQNT1Un1mNjQNR1bn1NO22N2O10N101O0SOoNlRN7BGNNfm18iRNOom13URNGkm1<k08G5L2M1O1I7OO2N3H8M3O1O1N3NbRN@^k1?aTNCdk18]TNGck18S200O10O100O100O10000000001O1O0001O0000dRNETk1:kTNGUk19jTNHWk16kTNHVk18Y2O2N101M3NQVkb0
20160312020554Uh_3,]_Ve21mo18I2J500000O100O100000O1O2N2N2O00000O100N2O2O0001O01O01O1O1O1O1O0O10000000bQN]O_m1c0`RN_O_m1b0_RN@fm1:ZRNGgm17XRNJim16VRNKlm12TRNNlm13RRNOnm11QRN0nm11PRN1Pn1OmQN4Sn1LbQN>an1?2N2O0O3N2N1O2M3N0N2OXO[OURNd0im1@WRN?dm1F]RN8cm1I^RN6cm1I]RN7fm1FZRN:gm1EYRN;gm1DZRN<gm1BZRN>fm1A[RN`0dm1_O\RNb0an1O2O0N3L6J5K`_oU1
20160312020554Uh_4,cdnP12lo121Mfo13UPN6M2N2N1O2O1N101O1ZO^OkQNd0mm1ZOgQN3<3I0Rn14VRNJK0om16VRNHN2km16XRNFO3gm1;lRNDTm1>V10L41FkPNGUo17PQNHnn10\Q61WoI3N0O1N100100O0O1O0110O1O010O1O0hPNKbn19^QNHan19_QNH_n17dQNG]n18e001O01000000O10000iQNGgl1:XSNFhl1:XSNGhl18XSNIgl17YSNIgl17WSNKjl15USNJll16USNHml17_101N1N4Mk\cj2
20160312020554Uh_5,ab_U21mo13O0O101O0`PNOQo11nPN0Ro11kPN1Uo1>O000O10000O101N2N2N3N1O001O001O3OO00O001O00000000001O000001O1O3POWQNc0To1N1O100O101O8H001O00000001N100J6O1WO@RRNa0lm1ARRN`0nm1APRN`0Pn1AhQNf0Wn1]OgQNc0Zn1`01000001N101N1O100O1N2O2WOZQN6fn1D`QN<`n1CbQN<Qo1000001O001O2N0001O000O1O1M3O100000000000O2O1O000001O00001O001O5K001O0000O2O001O1N2N3N4HP]lb1
20160312020554Uh_6,cboQ22mo1101N1O1O1O0100O1O1O1N200000M3O4M0O100dPNIPo16PQNJQo14PQNLbo10000000cP8O^oG0000000RoW1OlPhN1UPN0no1OK0ZPN060Zo11dPN0]o1O`PN7]o124O`PNH[o15gPNKQo10f0000gP20YoM00010QP21ooMOPP20PPN0O100mn1OTQN0U10kn50ooI000jn70WQH011TPN3`P8LfnK0ePN7H010O000bPNISo17mPNISo17;O100J50\O0ZQN0Zo10K5FLa0Ogo;0bQB0\m10cRN0gn10O0O010mN0Z1070do50RPN0moK0]PN0Vo10=000>0B000oo;0QPD0_O0RQN0nn10RQN0_o10QP4010SPL0K10Omo=0boA0n02^O03Oh\hb1
20160312020554Uh_7,aZSl01no1101N1O2O0O2O1O00000015J0010O1O010O001O01O01OO2O00ZPn0NcoQO6M3O000O10006J101N0000000001O000000006J0001O01O02O01O4LO1O00000O1O100000O1M210O10001O3LXP8NkoGO10do31ZPL3M20O000001ON3LXP84goG0O2N100O10000O10000O2O0O10000000000000000O1000001O010O001O1O00001O00000000000001O005LO01O001O001O01O01O01O02N001O1O[OK_QN5`n1NbQNM^n14f02N1O10000O100000O1000000O1000001O0O2O0O1NXeng2
20160327133714Th_1,ZYaf11no12N101N1O100O10O10O010001Njo5MXPJ3N1O1O0O2O010N2O0O2O010O010O0010O000O100O20O00100O1O1O1O1N2O2N100O1N10K4100O100010O001O1O1O001O10O00100N101O0O2O0O2N101O0O2O1O1O00001OO2N10010O1O1O0010L3O2N101O1O1HPO`QNo0_n1:O10O010O1O010O1O0000O10000001O0001O100O1O101H8N1000000000N2M3O2O0O2O1O3L100O100O1O00O2O0N2O2O100O0100000O100000O2O1O0O2O0O2N1O2N100O2N1O1O1O1O10O00001O000001O00000010O11O1N3N000N2O1M3N2O1O1O001O1O002Nljjl1
20160327133714Th_2,^[eX22ml12nUN1Pj11nUN1Pj11oUNOQj11nUN0Rj10nUN0Pj12oUNOPj12PVNMPj13PVNNoi1MVVN3ki1MUVN3ji1NUVN2ki1OUVN1ki1NUVN2li1MUVN3ki1LUVN4kl11O010O010O100O100O1000O001O00SLISXN6ig1OWXN1hg10WXN1hg1OXXN1ig1LYXN5gg1F^XN:ck11N2O1O1O100O6K3M1O000000O1DQQNFPo1:;0O1O1O1O1O0]LAfWN>Xh1IdWN7[h1LdWN3[h1OdWN1\h10cWN1[h11cWN1\h1OdWN1\h1OdWN2[h1MfWN3[h1LeWN5Zh1JgWN7Yh1HhWN8Xh1GhWN:Xh1EhWN<Xh1DhWN;Yh1EgWN:Zh1FfWN9\h1FeWN8\h1JbWN5`h1KaWN2ch1L^WN1dh1O\WN0eh1O[WN0fh11ZWNNgh11YWNNhh13WWNLkh13UWNLmh13SWNLoh13QWNKRi14^3O001O01O011N100O2O0O0010O00001O1O0102M4M2N1N2N2N1O2O1N3QQNSOen1Z1J3N2M1O01N2N2N6RO`QN1in1D`QN4of`_1
20160327133714Th_3,^[aX23ko13OLXPN0go1O\PN0ko10G0`PN0_o3080ZPL0go10O0koQ10UPnN000]oa00QQ25[oIL[oe0OoPlN0PP40noK000000000UPN0eo151O1O1Nmeda1
20160327133714Th_4,P^gQ12no13L1O100O00100O1O010O01000000O1000O1000O10O10000O0100O10O010000O1000000O100OM4O10O1O1K5OdnS1O]QlN1O2O0O100O100O1N2O1N2J6O1O10000A]OaQNc0_n1^O`QNb0_n1@`QNa0_n1_OaQNa0_n1^ObQNb0^n1]OcQNc0]n1\OdQNd0ln1000O1O1O1O1O1O1O2O001N2O00000O10O1000000O2O001O1O2N20O1O0O01O000001RQNVOdn1j0[QNXOdn1R101O00000000N2M3M300000001O1N3M3M2N100O1O2O00000000000001O0O100000000000O10000O01OO2O0010000O10O100000000000002N1O1O000000O010N10O1O20O100O1N2N200O100000000000O1000O1N3N1O1O100O100O101O0O2O0O`dd`2
20160327133714Th_5,olfh03mo12N1hQNLal18[SNJcl1<[SNAel1`0\15L6J4L2NVOXQN=hn1A\QN<Wo1N2M3M2O1N11O1OO01O010O11O0O100O010O1OmNNZRN0fm12YRNKdm1;o010001O3L2003M02M;FVORQN`0Xo1N;F1N10YRYT3
20160327133734Ch_1,fYge11cog01ZPZO2N1O100O10O0100O100O2O1MJ610001O0N200010N20O0O1O200O01OgPNGln1:TQNGjn19WQNGhn19YQNGfn1:ZQNFen19a0O01010O0100O010O00001[QNDfm1;o0000010O01N101O1L300010O1O001O001O10O01O010O00N201O0ZQN_Onm1b0RRN^Olm1c0URN]Ojm1c0i00O1O2O00010O0O1O2O10O1O10O010O000O101M2000010GWO[QNh0en1:O001O010O01O000000O101000O[RNjNal1V1`SNkN_l1T1bSNlN]l1U1cSNlNZl1U1gSNjNZl1V1fSNiNZl1X1W10O0K6O1O10O1000000000001O00001O1O@dN_RNX1bm1iN]RNW1bm1kN]RNT1dm1lN\RNT1dm1lN\RNS1em1mNXRNT1jm1lNURNR1om1mNPRNT1Pn1kNoQNW1\n11O10001N10O0100O11N10001O1N100O1O1O1O100O1O001O100O100O100O010O1O0O2O001O01N1100O1O4L2N1N2O1O1O1O0001O01O000OoSNEah1:`WNF_h19dWNF\h19f3O1O1O1O`QNMVm12iRN1Vm1MkRN3Vm1LjRN4an1000eRNJnj13SUNMnj11SUN0Qm1OkPN1Uo1OkPN0Vo10<1Zglk1
20160327133734Ch_2,fWkW23lo11O100XRNLek12\TNOjm1OfQ64VkI1PVN0oi12STNJn05oj11PTNNo01Qk13oSNMo00Rk13oSNMn00Sk14oSNLn00Rk14PTNMn0NRk13STNOj0OSk1NWTN2f00Sk1OWTN0g01Qk10XTNMh04oj10SVN0ni1OSVN1mi1NTVN2ki1NUVN2li1LVVN4ki1JUVN6kl1O01O010O10O010O010O010O01O0aKJWUN4Z32]g1LVUN5\30^g1JUUN7\31_g1GUUN8]30_g1GUUN6]35jg1HXXN:fk1000mLCdVN>[i1CdVN>\i1AoTN09?Tl1EhSN;dj1D\UN01<gNAak14gUNN2=cNFak1OkUNN1=cNFak1MdWN;lLHnn18SQNFnn1:<000000000ULFoWN:Ph1JnWN6Qh1MlUNF>=fi1OkUND>=hi10gWN0Yh13dWNM[h15dWNLZh16eWNJ[h17dWNI]h17aWNK^h15bWNK^h15bWNL^h11dWNO]h1NeWN3[h1KfWN6Zh1GhWN9Ph1\OmTN;R39Ph1^OnTN9Q39^h1FaWN:`h1FaWN8`h1HaWN6ah1J_WN5ah1LbWN0_h11aWNMbh12jTNId15di11gTNJe14fi11dTNKg14ei11dTNKg13fi12eTNGg17ei12TWNMmh13SWNLoh13QWNLRi12nVNMTi12mVNLUi13\3000jRNM_j14_UNO_j11`UN0aj11\UNOej13YUNLij14WUNJjj17`25J01N1N201O00000003M5K3N1O001N2N2cSNZO\i1i0RTNUOT22ki1i0oSNYOS2LPj1Y1\28HO1O1N1N2VOcQN0_n1OeQNM_n1A]QN7:2dn1HSid_1
20160327133734Ch_3,mYmW21oo110O000000e10YN4LM401O00YPN0`o10?0A080WPN0ao10`PN0_o10aPN0_o11aPNO_o10a00_O0bPN0^o10a00_O0bPN0fo10H0aPN0fo90RPH0F0cPN0go10F0cPN0]o30cPL0\o50ZPL0O011N01O1000aPN0`o10000042J0PP6NSPJ2Vo7NXQH0QO0PQN0on10QQN0on10_P20QPN00000no10e00\o30QPJ001\o1Oj00WP20coM000ioM0_PN0bo10]PN0do10[PN0fo11XPNOio131Ohela1
20160327133734Ch_4,jlhh06io13N1lQNGdN1am1;fSN0Zl12fSNK\l15dSNI]l1:aSN_Oel1g0W14L3LZOUQN:jn1FYQN9fn1F\QN9gn1B]QN;Xo1L2N101O1O00O1O1000O101OO10O010O2O0O10dNMjRN3Sm11]12N5K3M2M4LCkPN3So1KPQN4Po1KSQN4ln1LUQN3IJkn13]QN=_n1@dQN?So1L8G]RWT3
20160327133734Ch_5,i[UV15jo11K500O101O0O1000000000000O100O1O1O1O2M2O101O00001N11O0001O1O0000O100000000000100O2M3N1O1O000011N2N1O1O0O10001O0O100010O001O6J0O2N100O10000000000000000000O2O000000000000O100O00O1@AaQN>`n1B`QN>`n1B`QN=an1C_QN=Ro10000O100000000O100000000000000O100000O1M3O1000O1N2O100O100000O10000O100001H700000001O`dXa2
20160327133734Ch_6,o]gQ11mo14M1N2O1O10O01O010O1000O100000oMG[TN9ek1HZTN7gk1IYTN7gk1IYTN7hm1O1000O10O1O001000000000GKgPN5Xo1NfPN1[o1:0O100L401O0000010O0001OO2O1N1O101Mdnc0O^Q\O2O0O100O10000N23MILbPN4Xo1MmPN3Ro1NnPN1So1NnPN2Ro1NoPN1Po10PQN0Po1OQQN1nn10RQN0mn11SQNOmn11SQNOmn11SQNOmn11SQNOmn11SQNOmn10TQN0ln10TQN0ln1OUQN1kn1NVQN3hn1MYQN3en1N]QN1bn1N`QN2Wo10XONcQN1\n10dQN0[n11eQNO[n11fQNNZn11gQNOXn13gQNMYn13gQN0Un11lQNNTn12mQNMSn13mQNMRn14nQNLRn14mQNLTn14lQNLUn13kQNLVn14jQNLXn12hQNNXn12hQNNXn12hQNNXn13hQNMWn14hQNLXn16eQN1Un11iQNOWn12hQNNXn1I^QN097cn1I]QN7Vo10^OI]QN6bn1J`QN4`n1LaQN3_n1MbQN2^n1NbQN3\n1MeQN3[n1MeQN3Zn1NgQN1Yn1OgQN0Zn1OgQN1Yn1OgQN1Yn1OhQN0Xn11gQNOYn11gQNOZn11eQNO\n16^QNJhn10WQN0jn11TQN0mn1OSQN0nn10QQN0Po10PQN0Po10`00PP<0`PB0on50SQJ0f02ll1N^RN0f04jl1LhSN5Wl1KhSN8Vl1HkSN8Tl1HnSN6Rl1JPTN4Pl1LQTN3nk1MSTN3mm10nMMWTN2jk1NVTN2\k1NPSN010T10mk10nRN010Ro10nPN0Ro10>1_PNOSo11mPNOSo11mPNOSo11mPNOSo11mPNOSo11lPNOUo11kPNOUo11kPNOUo11kPNOUo11kPNOSo13mPNMRo14nPNLQo15oPNKQo15nPNKRo16nPNJQo17oPNIQo17oPNIQo16PQNJPo13SQNMmn12TQNNln12TQNNln12SQNNnn12PQNNRo12mPNNTo12>O0000000O1000PP60VPH3ao1M_PN1co1O]PN1io1O10K0ZPN0fo150O101N10`dn`2
20160405014154Uh_1,i\ii02mo16I2M4N10O1N2M3O1N3NPS:1nlE3N2O00000001O2N06VOH`QN8_n1N\QN2dn10ZQN0fn11YQNOhn1c0101O1O2N2N1O10OO2O001N1O100O1O10001N101O0O100O2O0O100000001OBJRQN5nn1MQQN3nn1NSQN1kn11VQNMjn13XQNKhn16`0001O0O10001O010O01O0100O01000O10O10001N10001N1000000O10YOKcQN4]n1McQN3]n1MbQN4]n1LdQN3]n1MbQN4\n1NdQN2[n1OeQN0[n11eQNNVn17kQNHTn1:lQNEUn1:mQNCUn1;h001O0N11N2O2O1O1O108G100O100OL4N3O0100O100O10000O100O2N1CVOdQNj0hn11O100O00O2O01O100O10O001M3O1O100O2N1O2N2N2O1N2O001N2O001O0O101O00000O1O010O2N10lQ>1mmA7O100O02N2MaaZj2
20160405014154Uh_2,mlbP14lo11N2O9F10000000I7000001O1O011N001O0000000000O10000000000O2OO10000O10001O001O0001O0001O00001O00000000O1O2O1O01O0O4M2NjRgk2
20160405014154Uh_3,gcPj15jo120O01O01O111LfPj02YoUO1eNKjRN7^n12N4L2WOBlQN?Rn1CnQNa0mm1_OTRNc0jm1[ObRN=_n12N3M2N1O2SN]OYTNd0dk1^O]TNe0_k1ZOfTNc0Yk1]OhTNL]N;8Fnk11oTNN\O9ELok1JgTNORO7g0LA7[m1OeSN4Wl1OeSN6Zl1JfSN7Yl1IgSN7Yl1IiSN6Wl1_OcRN3U1?_l1CaSN<^l1EaRNLa0`0ml1E`RNLg0=hl1BgRNOc0?Pn1_O\QN`0`n1E_QN=\n1DeQN;Xn1HiQN8Un1IlQN9Qn1ERRN;nm1AWRN?gn18G6J2OOb0]O1N1O1O3Lcm7IeRH1\Z[Q2
20160405014154Uh_4,jnbZ32mo11O2O0O02O1MiP64ToI101O6I2O1O0O1L5M2O1O10000O02M6K2NBDZQN<gn1B[QN=en1B\QN>So100O1O1OIFiPN5]o1700001O001N100O100O1O1OZOJdQN5INQn1MnQN0H4:0Pn13fQNKO2;0Pn1f0nQN\ORn1d0mQN]OSn1c0nQN\ORn1d0nQN\OQn1f0QRNWOom1j0PRNVOom1k0QRNTOPn1l0QRNSOSn1i0nQNVORn1j0b00000O1O2N1O1M3N3N1O101N100O1M4M^Qc`0
20160405014154Uh_5,c\XY16io13N9iPNAH0Xn1a0kQNMUn15gQNNXn1m0000000000O^RNaNdl1_1\SNdNal1]1^SNdNbl1[1_SNeN`l1[1`SNeNal1[1^SNfNbl1Y1`SNeNal1Z1`SNfN`l1Y1bSNeN_l1Z1U1lN`QNe0bn1YO_QNf0cn1YO]QNe0fn1ZOZQNc0in1]OWQNb0jn1^OVQNa0Vo1N1O2O0000000000O2M2N3M3N4L2N2N2O001O002N20N3N2M1O1N2O0O1N3N10001O0O101O5K1O2M101O1O001O1O1000O101O00000VRNGlk18STNJmk16QTNJPl16oSNKRl15mSNKSl16lSNIVl17kSNEXl1;f11O01O001O1N10@IWQN7in1IXQN6Zo1NZQb0Lin]O3N2N101O0O2N1N3@DYQN=fn1EXQN=gn1BYQN`0Vo1M2O10O1N2O7IO3M3K4M9H5K000010S`a^2
20160405014154Uh_6,f_gj02io1O\PN0bo10aPN0]o10:00000SP40[oK0?12O]PN0Xo10<0SQN0km10SRN0on;0PPH0Yo10gPL000000000aP80cN0lPH0jP20]nM6QQNJ30ln10nPN1=Oln10TQN0ln10aP20_PN1]nk0OUQ\O0WPd00hoSO0J07010QPN0lo11ea`o2
20160405014154Uh_7,SXab11lo1300001O00000000\PNNYo14cPNO]o1:O100O2N100O1000001O0O0100O101O0O2O1O0O1O1O1O1000O10004K3N0O10L40000FePNOSo1NmPN2]o1OcPN0]o11cPNN^o1274M0O10001O1O001O1O1O000O1O01O1O1O2O0O3N1O1N101O0O1000]hfX2
20160505025554Uh_1,YmXX31mo12O2A?OO1O10002N1O3O01OO0000O1O0010O1O0015J2O0O1O1O00001OO2O001O2N001O01O01O00100O1001N1O1O^OiPN;_o10O0000000001O001O001O001O01O100O00100O01O00001O0001O0000000000000100O001O0O2O1N2NiQWb0
20160505025554Uh_2,odb^23ko14N0O2O0000O100O10O010O10O010O01O01O10O01O01O1O001O10O10O01O010O010O10000O100O01000O010000O10O10O01O1O1000O1000001O1O1O1O001O000O2O001O1O1O100O11@ePN8co1N2O1N1N100000000O01O100O1O1O1O2N7J1O0O1001@iPN5ao100001O0001O^OKYQN5en1M[QN4dn1L]QN5an1K_QN6`n1J`QN8^n1GcQN:\n1FeQN:[n1DfQN=on10hPNHgn19UQNKjn1e0101N3M1O1M6GgZoY1
20160505025554Uh_3,XaVU14io14N3N3M1N2O2N1O1N1001O000O101O1N101N100O101O00000O10001O0000001O010000O010O01O010O1O000000001O01O010O1O01O0000000O101L3O[P`1Nfo_N3O1O00000001OTQn0NknQO4M3N100O101N10000ADYQN>en1DZQN<fn1DZQN<_m1DYSNOYO>\m1EZSNMZO>\m1EZSNL[O?[m1EiSN;Vl1FjSN9Wl1GiSN9Vl1HjSNO^l12bSNM^l14aSNM_l12_SN1al1O^SN2cl1M]SN3cl1M]SN4bl1L]SN<]l1CcSN>\l1BdSN>_l1_OaSNb0^l1^ObSNb0^l1^ObSNb0^l1]ObSNd0^l1\ObSNd0^l1\ObSNd0^l1[OcSNe0lm1000O10O1000O100O1K50001O000000000010O0O10001O000O2O0O1000001[OmPN:To1EoPN7To1H\o71PQH6K5O00000000O2N1O1O1N2O1NS_c^2
20160505025554Uh_4,boPd04ko12N1O2N1O2N101O1N2O2N1O001O1O01O7H2N101O00000001N100O0O2O100000001O0001O001O4L0O100000O00010O0]OH`QN8`n1I^QN8bn1H]QN9cn1H\QN8dn1I[QN7en1I[QN7en1IZQN8fn1HZQN7hn1HXQN7LHdn1O_QN:LHRo17oPNIPo16RQNJnn16RQNInn18<1O1OMbPNNUo12lPNNRo13oPNLQo15oPNJPo17;1O0010O1O001O2M2NTQNMQn11PRN2mn14K3M2N2000N3M4EePaV3
20160513133714Th_1,[U_:7om1NfSN4Xl13aSNM_l14dRNI52`l11YSN6FB28<1lk1IgSNN1?75IA=6ik1h0PTNAc0H]k1l0kSN\Og0ITk1ERTNU2i0WNTk1S2jTNoMVk1Q2hTNPNYk1Q2eTNnM\k1T2bTNlM`k1T2`TNjMdk1CoSNV2>SNQl1k1STNPNPl1o1QTNmMSl1R2Q1O3MO1?AN14L0O3M010O1O3L3M2N2N1O2N3N1N2O1N3N2M2N1O1O2N1N4Kmjbb3
20160513133714Th_2,h]em26ho13M3N5K2N3M2L3O10O0100000000O1O1K50003M4M1O1N1005J6J1O0J7O1O1O8H10O10AfPN6bo100001O00000O100O2O010O001O1O100O000nNCaRN=]m1DeRN<Ym1EgRN;Ym1DlRN9_n1N0OaNJWSN5il1KXSN3i_`n0
20160513133714Th_3,VkbS32lo13aN5^RNG\O6Sn15^RNI]O4Sn14_RN7`m1J_RN7am14SRNNlm13RRNNnm13PRNNPn1Q10O1O1O1O3^NoQNh0in1O1O3M2N8H2O0O100O100O1O1O1O1NdUaj0
20160513133714Th_4,Q`fl23ko12N200O2N2M2O1O101O001O001K5M3O1O0010O101O000O01O001O1N2N2O0O2OWOWQN:jn1EXQN:gn1G[QN7fn1H[QN7en1H]QN7dn1G^QN8Uo101O01O0001O010O02N2O2M2N2N1000ZOlPN>]o1N1O4J5KS_eo0
20160513133714Th_5,TcTP19fo12N3M2I8N1N2N2O2N1O1O1O001O0100O2QOYQNa0Uo1N2N1O13L2O0O1O00000L5O1L3001^ORQN2ln1NUQN2ln1LTQN4mn1JTQN7kn1IUQN7on1BUQN>Vo1010O01N10mNEbRN:^m1EcRN:cn1O1N101O00000O101Mn[_l2
20160513133714Th_6,W``o03mo11N101O1O100O1O1O0QSNJUj16oUNGoi19fUNGkM1]l18gUNGoM0Zl19dUNHTNOXl18XVNHgi17ZVNIfi16[VNJei14]VNLdi12mU`0O\m_OOaPN0ln10RQN1nn1OQQN2on1NTQN0Xl14cUNLoj16QUNJnj18PUNHoj1;oTNEQk1=cUNCgi1?WVNAii1`0WVN@hi1b0k20[SN^Oji1d0TVN\Oli1e0bUN_Okj1c0SUN^Omj1c0VUNXOjj1j0V21N3lRNROQk1o0o11nRNPORk1Q1o1OoRNPOSk1P1n10oRNPOSk1o0Q2NmRNSOUk1k0lTNUOUk1i0R2OjRNXOUk1f0U2N1N2O2M2O1O1N10001O000O2O2N2M10PRn0NRnQO1O1O0mM0TTN2kk10TTN0lk12RTNNnk14QTNKok16QTNIok19PTNFhN1dl1;cTNChN4dl1;bTNBhN5fl19aTN8^k1IaTN7_k1J`TN6ak1I_TN7ak1J^TN6bk1J^TN5dk1J\TN5fk1KYTN5gk1KYTN4ik1LWTNJdNGWm1?VTNHSl17nSNHRl19oSNDRl1=bRN_OS13\l1>_RNAU1O]l1`0^RNCmn1i0O001O001O010O001O010O02O3L2OO01O001O000O2O001O1O001O100O10O01O10O01O1O001O010O001O1O100O2N3M2N1O1O1OTQZ10kneN3N2N5K1O1O1O1O0010O01O00001O00O100O1O1O001O100O010O101O00001O001N2Mj[[b2
20160513133714Th_7,Uif`02io16M3O1N2O104K2N1O3M10O02O10N1O010O1O100O0O2O000O1O10N1001O00100O10000000O1O1O1000O1DlPNLSo14=00O100O2O1O1OmVS\3
20160513133714Th_8,mblk24lo11O0001O1OWmm0N[RXO0_PJ1hP:ObnK0aQH0\n10_SN1ej1OaSN0m08]k1H\UN<bj1D]UN>Rm12M2O0O1iMAmTN`0Wk1\OhTNd0Zk1\OdTNd0]k1\ObTNd0_k1\OaTNc0`k1]O_TNc0`m1ORN^OmRN0W1?om1N[NCgSN<Zl1DfSN<mk1DkRN0Y1;Zl1EeSN:ok1FiRN1X18^l1GaSN8Tn10nMH]TN6gm100O1000VNKhSN6@JXm16hRNJWm17Y1000O1001O01O0001O000010O01O010O1O010O0O1MYPX14[ogN<O2N1O1O100000O1O100O010O11N2O0001N2O0O10O1O00001O00001O01O1O01O001O1N1O100000O2_Ob]cj0
20160602010754Uh_1,k^gn12no12BNhPN5Qo13mPNNPo1c0O000O7J10N101O1N101O0N201O001O01002L101O1O1O1O00001O00001O101N00001O00001O00000001M200O1O1000O101O1N3N1O00000000O10O101O0O1O101O1NSall1
20160602010754Uh_2,ldXS13ko14L3O0O3N4K4M000O101O00000010N1N2O2O00001O0001O2N0001O010O01000O0N2N2O10000O2N1L5M2MU[Qj2
20160602010754Uh_3,iQm<5go16M1O1O1O01L31O010OOO3O00O2OO01001O0010N2O001O1O10O0100O000010000MTon`3
20160602010754Uh_4,bdPk11oo1001N1O1O1J7N2N2O0001O001O101N4NN1O1O2N2N1O000000O10O100O10O1O001O100000O1O10001N2O010O02N3@dPN7bo10_OIZQN6fn1JZQN7en1J]QN4bn1L_QN5_n1JbQN6^n1IcQN7]n1IdQN6So101O0O1NT[YQ2
20160602010754Uh_5,[_\j01oo10O100O100O10000O10000O100O100000000001N100O1OYPh1OhoWN2N10000001NVPb0Oko]O2O0O2O001N1000001O0000001O00010O001O00001O01O0001O00000001O0000000000001N100O101N1O2NYQ6NinI3M3N0O2O001O000O10000000O10000O10000O1O2O0OjPNMbn11^QN2an1L`QN6So12O1O1O2N010O01O1O1N2O1N2Nkog0OVPXO10001O00000001N2O\P82aoG2N1O10000O1000O1O001NVNMjSN4Tl10jSNOVl13hSNNWl13iSNLXl14hSNLXl15gSNKXl16gSNKYl15gSNKYl15gSNKYl15gSNKYl15hSNJXl17gSNIZl16fSNJZl17fSNG[l1<cSNC]l1>c1O001O002N1O2M2M3LW11jN4M1N2O2N1O1N10001O00007I1nM[OfTNg0Xk1[OgTNe0Xk1\OhTNe0Vk1\OjTNd0Vk1]OjTNc0_N[OUl11bUNLTN:4LTl1NmUN6oMMSl1MnUN6nMNTl1LnUN7mMMUl1LnUN7mMNUl1IoUN9kMOWl1GnUNn0Ql1QOQRNo0nm1RORRNn0nm1RORRNn0nm1SOQRNm0om1SOQRNl0Pn1TOPRNl0om1UOQRNk0om1TORRNl0nm1TORRNl0nm1TORRNl0nm1SOSRNm0mm1SORRNn0`n10000O1000O10O100O1O1O2K4O10001O0000001O00001N101O1FfPNK]o1OWn?2RR@101N100mRNLZj14eUNNYj12hUNNXj12hUNNXj12hUNNXj11iUNOXj1OiUN1Wj1MkUN3Uj1LmUN3Qm1O1Na]cb2
20160602010754Uh_6,cfVV13[o14nPN5hn1NWQN4fn1OWQN9an1e0O^OfQN@Wn1=mQNDPn1<RRNElm17YRNIfm1LfRN8Um1HlRN2SOHPn14mRN6SOGQn10lRN:\m1FdRN:\m1FdRN:fWmh2
20160713133714Th_1,WYUW3:co14K4F:0N2M3N2J40002N10O1000O02M3N2O1Nc0^O4KTOiQN3Tn1NPRNNPn12URNIjm19YRNCgm1>l00000M301N1011O1O1oPN_Obn1a0>001O1O1O01I;HnhTf0
20160713133714Th_2,SjnV12mo12]PNMTl14`VNOji13VVNLii16P30O2O001O1O1O1N101O00000000000000000001O02O0O10O01O10O1O010000000O001O2L3N2N10aQN0nl1OQSN6ll1HUSN:Wn13N101O2oPNZOK4\n1Z10000003L4L1N3N2N3M2N1O1O100O1O001N2O1N3N1O1O1O1O1O2M4LPVUd2
20160713133714Th_3,lQQi17io13L2O1N3N001O0000001O001O001O10O2O3M1O0O100O1000O0100OjRNN_j12^UN5^j1K`UNd0Sj1\OjUNg0Vj1YOgUNk0Xj1UOeUNn0[j1SObUNo0_j1PO^UNR1cj1nN[UNT1ej1lNYUN3hN7nk1FWUN4PO3ik1IUUN5VO0dk1KVTN11390_k1LSTN71Ma0OZk1OnSN86Jg0LVk1m0RTNWOl0ISk1o0PTNWOdm1h0\RNWOgm1f0ZRNXOmm19_RNBgm19R1O1N2O002N2N2NdT`02Xk_O6]OFVQN?dn1e0I<E5J6K5J4M2N2O010O01O011N101\N^RNf0fm1oNkRNg0fn1A6J2M6Hdf`Q2
20160713133714Th_4,Rf\W24ko120O1O001N2OfQN2Vn13N2O1aNNmRN1Um1OjRN0Xm12gRNMZm15dRNJ^m14bRNL`m13_RNM_OO`m17_SNKbl16ZSNLgl15USNMll17mRNKTm16hRNLZm15bRNLll1DlRNe1Um1[NlRNd1Tm1\NoRN_1Rm1_NVSNV1Pm1jNUSNo0ml1QOZSNe0il1[OZSN8Pm1H`[gf1
20160713133714Th_5,SRWh16io110O01O01O1O1N2000N2O1O17KFOhP61aoIO000000QP20_o70gS80am]O5cKKZVN0\N0Po10fn30QoK0eRN0Xo30T40^iM0WSN1c0O:0[l10c10^QN0Y10]N0Vm10jTN0Vk10cTN8\k1HhRN0g14Zj1LjTN0VO0Xn12SRN8FGLOYn70aQL0PPN000UPN0eo15]l^S2
20160713133714Th_6,amlo0>So1a0VQNBlm1]1J8G6@gMTSN]2cl1g0L2N1NhNdSNoNYl1e0aTNPO\k1`0\UN]Oaj1?dUNBZj1<jUNCUj1;oUNCPj1;TVNFii19ZVNHci16bVNI\i16hVNJUi13PWN0lh1DaWN<Ql1O2M3N3N4L5K]PN1_o1Nik3NeXQn2
20160713133714Th_7,fi`h13mo16I1001010iNL^RN6_m1M`RN3^m10`RN1_m10`RN0_m12`RNN_m13bRNL]m16bRNJ\m18dRNG]m1:bRNF]m1<bRND]m1>bRNB]m1a0aRN_O^m1c0aRN[O`m1g0_RNUOdm1m0[RNSOfm1m0YRNROhm1o0XRNPOhm1R1VRNmNlm12YRN9Xn1EkQN:nn1O1O1O1O1O00001N2O1N_Pf00boYO0O101O00001O01O01O0000001O0000001N10001O1O1O1OO10000O100O101N2N102MioQ1OXPnN2O00000O100O10000O010O10O10O0100O100OdVQP2
20160713133714Th_8,ii`h11ko103010[PN0Zo11fPNOYo13gPNOVo10lPNOom1OjRN1WO0Zn1OTRN0C0lm10TRN0j00Qm10WRN0g00Qm10YRN090C0jm10USN0QO0Vo10iPN1Wo1OiPN1Wo1OiPN1]m1OQTN0bN0]m10RTN0aN0em11aSNOhN2em10jSN4Vl1KPTN0Pl11j15[QNIam17aRNI]m18cRNH]m18V1J6N]10dN0H0`PN0ho10oo10[PX10foeN0PP:0PPF000[P80eoI0PPN0do10\PN0ZVgR2
20160713133714Th_9,ehPV23lo12N2N100O1000O10bMKQUN5nj1MPUN4oj1MQUN3oj1NPUN2Pk1NoTN3Pk1MeTNK^N9ll1KfTNN]N7ll1LgTNM]N6ml1MfTNL`N5il10WUNNjj12WUNMij14WUNKij15XUNJij10mRNNeo1061O1O001O10O1NfP<OaoC0M001TP2OXPN2nm1OcQN0hPNOan10mRN0hl10cQ40kWcf1
20160820233134Lh_1,acRk06go14N100111N00O002O0O1O1O1O2N3M5NN002L2N1N2000000001O001O5K2N1O2O3N22MN01O2M7I1O15L00O01O2NO4M1N2N1O1O1O1O1O1N3MgZ]Q3
20160820233134Lh_2,nfbm24jo13L4M2I8N2O001N02O0O100O1N3O0O1O1O101N2O1O5Kg0K^O0mo;1PPD5L1POKURN5jm1LVRN:dm1F^RN9am1G`RN9_m1GcRN7]m1HeRN8an101O101N1O1O001O002MhPT14TokN2N10001O0O1000000000001O1O1O001N1000001O0001O0000000000000001O1O0000001O1O00001O01O001O1O1O1O1O000010O10O1O001O2M6Hcn10_QN20MeXWj0
20160820233134Lh_3,d^bT26io15K2N101N1O3N2N2M2N6K1N3N6J1O2N00N2WO_QN2`n1OcQNGdn1:^QN^Ogn1b0=H8Ngami1
20160820233134Lh_4,`gX[14io14N5K2O1N1O1N3N101O4L1N1000000000ON3O01O0O2O0N2J7000001N10000O1O1O1OPQNE^n19aQNJ^n15bQNL_n12aQN0bn1I`QN9Ro11O101O000O100O101O05K0000000001O00010O01O01O2N0000O10000O2O0O2O001N2O2M10nWo_2
20160820233134Lh_5,T_fZ24lo1000O7J1BKoPN4Po1O=3O102N000O4M1O103M000O1010O8H113K6Hd`gc1
20160828133734Ch_1,oc`k15io15K6L6I4M1O1O1O001O001O000000001OTOUQNc0kn1[OXQNe0To1M2O0O00100O10O010O001O001O001O002H74L00005J01000O101N1000000O100O1O10O000010O100O3M44OJO1O2N2N001O1000O20O0000O00001O1N3M3MQZ]o1
20160828133734Ch_2,Palm15jo13M2N2O1N101N1O1O1O1O1O1O1M3N1N3O1O1O100O100O1000001N10E:010O0010O0100O010O0100O1O010O1O1O100O1O1O1N2O10O0100N2O1O010O100O100O1000O100O1O100000001N1000O10000O10000O1000000001O001O00001O0O1000O100OiPNEkn1;UQNEkn1:VQNGjn18UQNJjn16VQNJkn14VQNMin13VQNNkn10VQN0kn1OUQN5hn1IZQN6fn1J[QN4hn1JYQN5hn1IZQN5Zo1O0O2M]_oj1
20160828133734Ch_3,YkRU21no110000SM0jUN0Uj11kUNOUj12jUNNVj12jUNNUj13kUNMUj13kUNMUj13kUNMTj14l200OJ7L310O01O100O0O20000O01000000O010YQNEhm1<XRNDhm1<WRNEim1;WRNEhm1<XRNEgm1;YRNDhm1<XRNDgm1<ZRNDfm1<ZRNDfm1<ZRNCgm1=n000000000000001N1000000O10000O100000O1000000001O00001O010O01O001O001O010O001O00000010O00001O00aPNEYo1a01O0000001O00001O0000001O0000000000001O00001O00001O0000000001O010O1O1O1O10O01O00001O01O0000000O10000O101O00000O10001O0000001O0000001O0O101O0O101N1O2NfPj01YoUO2N101O001O00001O0000001O00001O000000001O00000000000O101O0O100O101N10001O001O00001O001O00010O00001O01O00000000001O010O001O001O0010O010O101N100O10O10O010O00010O00010RQN\O_n1c0`QN_O_n1a0aQNB]n1=cQND\n1<dQND]n1<bQND^n1<bQND^n1=aQNC_n1=aQNC`n1=aQNA_n1`0aQN^O`n1b0?1O01O010O1O2N2O0O0010O010O001O000010O0000010O1O100O2NBDYQN<fn1D[QN;Uo101O01O011O0O2O0O10O10O6K1OO001O1O001O001O00001O00001O001O000000001O0000001O001O1O2N1O1O0O2NWU[U1
20160828133734Ch_4,eb`S32lo13N6I3N100O100O10O0100O010O10O1000O10O1000000O1O101O0O100000O01000O11O000010O011N1O01000O100O2N10O010O0010O0lPN@in1l0O01O2N1O1O1O00100O001O00001O1O1O1O1O001O001N101O001O001O1N2O0O2OePNMHOhn13^QN2HNin1O_QN>Qo1001N10000001N2O00001O00000001N2O10O0000101N1OVNCRTN<nk1ERTN:nk1GQTN:mk1GSTN9mk1FUTN9kk1GUTN9lk1EUTN;lk1CVTN<gm1O2O0O100O101N1Ok[]d0
20160828133734Ch_5,c^aQ26fo14O1O0001NO15K3N1Njo73SPH2O1O10O01O010O10O01DHPQN7Po1MlPN4_o1000N21O1O00O2N100000000O0002O000001O001O1OO2O00001N2O0000O1000O0100O100O11O00001N2N2O1K_21eM0O1O000011O2NVa`i1
20160828133734Ch_6,\b_d12go18L4N:G1N2O3N1N7I4M1N10O1O1O1O0O2N2N2O3M2N1O6J00000001N1O2N10O3N001O0N2K500O10O10O01001M6I4LZ]bX2
20160828133734Ch_7,YkPU25jo1LWPN5?Lhn14VQNLon11`000003M1L3000000L414L0O10O101O1O2M01O2N10O2O000000nQN4ok1KPTNd0bk1]O]TNg0_k1[O_TNj0\k1WObTNn0oNfNlk1=TUNP1lNgNmk1:gTN@Bn1fk1dNfTND_O10V1jk1WOfTN2Bd0hk1]OdTNOFb0gk1AaTNML=ek1G]TNLN<hk1GWTNO19lk1EQTN437ok1_OnSN=33Rl1ZOnSNe0L2Zl1SOnSNk0E2Zm1Y13nNaRN]Obm1a0_RN]Ocm1a0_RNQOPn1b0o0APQNETRkg1
20160930165914Mh_1,UinQ33lo12M2L6M3J4000000000000000O101O000000001O00001N1000001O0000010O010002M0000O100O10001O00101O0O010001N3M1O1O00100O02O3M1OO01O010O5LO100O01O1N7JPVci0
20160930165914Mh_2,ib\n03lo11O2O1O1O100O10000000001O001OO10O101N101N100O10O101N100000000O010O01O010O1O101N2N2O1O:F1N1000O010O1O001O1O1O001O1O1O1O2N100O1O10O100O2N2O1N2O1O0O2O1O1N100O2N3N3L2N100O1O1O10O001O01O01O00001O000000001O00001O1O00100O3M2O000O10O3N3M4K4M1OO1O001O1N101N1O2O0O2O0O2O0O2O001O001O1O010O010000O01000O01O100O010000O1000001O1O2N3M1dQNgNnm1f1O10O100O1O001O1O1O001O001O1N101O1N2O001O1O1O0010O01O00001O001O000000001N10001O1O1O1O3M2N1O100000O100O011N2O1O00000000000O10001O1O1N010O01O1O010O10O100O101N101O0O1000001O0O2O00O001O1O001O0O2O1N1O2N1O2N2N1O2N101OgJ\OV[Nd0Tj1O1O00100000000O100000000O10O10O0100O00001O0001O01O0000010O01O010O0010O010O5L0O0000000010O0001O1O1O100O0100O1O001O0O2O0O1O1N2000000000000000000000000000001O0O1000001O001O00001N100000001N10001N1O2O1MfVeZ2
20160930165914Mh_3,WiQT21oo11O1O2N2N1N2O1O1O001O0100O0000001O001O001O0O2O0O2O3Laoe31^PZL100O101O0O2O000O101N100O1O2O0O100000001O0000000001O0000001N3N0N3N1O101N1OUo_1OmP`N1O000O2O000O1]PNLZo14ePNM[o13ePNMZo14fPNLZo14fPNLZo14fPNMYo14fPNLZo14ePNM[o13ePNNZo12fPNNZo12fPNNZo12fPNNZo12fPNNZo12fPNNZo1=O01O0000000000010O000000000000010O000000000000O10000000001O000000000001O000000001O00001O000000001O0000000000000000000000000000000000000O100000001O0000000000000000000000000000000O10001O00000000001O00000O2O001O001O000000001O0000000000001O0000000000000O2O00000000O101N100O10000000000001O000O2O00cWVX1
20160930165914Mh_4,monP31oo11O1O0gPN1an1O^QN3an1N^QN2bn1O]QN2an10SQNK46hn18VQNIhn1:VQNFjn1i0O1N2O0001O10O0000O1N2O1ON12NO12O1O1M3OO1001O2O1N2O1N1_OiPN9ao1M2LQPal0
20161015144954Bh_1,Zhbm21go10_PN9Xo18O100O1OOO2O101ON3O010O1O0010O0000100000001O00O2N1000000000001O003M10O100O11O0O1000O0010003NOO1O2O0000O10O01O10O02N1O0100O10O2O0O2O10O1O000O102NO1O1O0N4GZW_m0
20161015144954Bh_2,UkT]15bo1?F<F5I6K6B>E9L4M2M3M2N20O0WOQSNZNYm1e1`0O1O3M2O1N2N3L3N101M3F:00000N20G91O1O100O101O001hRNZOSk1g0mTN[OQk1e0oTN[OPk1g0oTNXOPk1j0SUNROnj1n0Q20100O1D<O2O0O10000O2O0O1O101N1000000000000000O2O1O10O01O1O00101N3N5K1O1O0000O1O1N1M4M2O2O0000000002O1O100O1O1O1O1O008G2O0O010O00010O0001N100N2N2O1O100OO1O1O1010000000000010O01O101O3L1003L4M3L2O0001N103L4L6J:G3hQN`Nhm1m101O10O46]RNQNcl1o1XSNUNgl1l1USNZNkl1b1SSNcNPm1T21oNoRNPOPm1l0USNSOll1g0[SNXOel1?dSN@]l19kSNDWl19nSNDTl1K^TNHmk14R2N1OSUYX2
20161015144954Bh_3,XjTh04Xk1NZYN2ef14VYNLif16_42O1O1O001N3M2N2O100oTN[Ogf1d0WYN^Oif1b0VYN_Okf1`0SYNAPg1=nXNETg18lXNHVg17iXNIYg15gXNK[g13eXNM]g10]XNI[L7Yo1LfPN4Zo178HXla0MlS^O3M2O001O001O2O0000O010O1000O201N100O00100O001O1O1O:F2M11N1O3M11O0000011PQN\O`n1S1O0O2cQNhN5L\m1Y2M2O00O2O001_NdRN;]m1AlRN9Vm1CRSN7Pm1ESSN:Pm1_OUSN`0Vn102M3M3L4L3MRVSR3
20161015144954Bh_4,mgZ<3jo12J5O101001O8G]o32aPL3N1O1NN0K8000E0fPN2Xo1;1N3K5MCNRQNNln16]TNNTh14iWN1Sh12kWNOSh16jWNJTh1:mWNBog1c0d33N1NDWQNGfn1:^QNCan1>aQN_O_n1c0>1N2M3O1O1N10N3J5M3N2001N2O1O101O2M2OO10hSNYOXi1e0gVN_OYi1?eVND[i19fVNIYi10mVN2Ri1NmVN4Ri1LmVN6Ri1JmVN9Qi1GnVN<Pi1DnVN`0oh1@QWNc0mh1[OSWNh0lh1VOTWNl0nh1oNUWNQ1lk110001O001O001N001N2M3O1O010001O1hNjQNc0ln1N2L:G7GVmY15gRfN4ePNKcn1R1E5L3M2N3N1O2O1N3M2N1O0010N1N3M3N2O1O10000O10O10O1O1N101N3oNfQN8]n1BkQN9Ro1JaZcZ3
20161019133714Th_1,lfVT23lo13M2O3L2O2N0O2O1O1O0O2O1O1O1N2O1M3N101O1O0O2O00000O2O0O100O2O001O00F^QNVOcn1h0_QNWOan1i0_QNXOan1g0_QNXOdn1f0\QNZOen1e0[QN[Ogn1d0WQN]Ojn1l02N3M2N2OO102N0O001O001O00O101N100O2N101N2O1N3N1O1O1O2OO0100O011O01N10001O010O01O01O000O2N2O0O1O10O00010O00001O001O00010O_O@bQN`0]n1BbQN>]n1CcQN=^n1BcQN>\n1AeQN`0nn1O0100O1O10O01O00101O1O5K06J2[OiPN:`o1O2MQWQd1
20161019133714Th_2,ciPg15ko11fMMdTN5Xk10PTNORO3kl11PTNNSO2ll12nSNNVO1jl13nSNMWO1jl13]SNCK;L0jl15WSNG34K1il17WSNE4l0bl1BZSNB4l0al1CZSNB5k0_l1E\SN@4l0]l1H^SN^O1l0al1F]SNAOj0al1I_SNm0al1X11O1O2N10000O10O1L4O1N2O1N2O1NjNlSNeNRl1[1QTNcNmk1_1WTN]Nhk1d1\TNYNbk1h1`TNVN_k1k1bTNUN]k1k1dTNUN[k1l1fTNRNYk1o1hTNoMYk1Q2hTNnMWk1S2mTNhMTk1X2Y1000001O1D;0100000O1000000O_O\RNgNem1W1_RNgNam1W1dRNeN]m1T1lRNiNTm1W1k0N2O0O2O1O001O1N2M3000000000O100O1000000000000O10001O2N1O1O0O10000O01O001O0O2O001O010L3M3M4M3N2N2O1M4M2O2MfZkQ2
20161019133714Th_3,X`UP11mo12O1N5L3M2O1N1O1O0100OM4O100N01001N2OO1100O0N0201M300O1N101M2100OK6L4O1OO1001O1N3Nj`Vm2
20161019133714Th_4,bc\^26io1100O10000O1O1O1O100O100O01O001000O0010000O0100000000O10000O10000O100000O1000000000001O00000000010O1O00000000001O00000000000O2O000000000000000000000001O000O101O0O2O1O1O001O1OUP`1JPP`N1O2N2N10001O1O1O1O004L2N00001O00000O1000000O010000000O1000O001O100O2O00001O1N10001O00000O100O100N2N200O10001N1O100Oc\mV1
20161019133714Th_5,Z`ii11no12N2M2O2O00O010O100O2N2Nho?1XP@1N2G9N1N201M2O1O01N2O1M30O1O100O102N1O00010OO100O2O0O6KjPNEkn15WQNKkn12UQNOln10TQN1mn1LSQN5[o11QONPRN2om10PRNOom13RRNLmm16SRNHlm1:k03N3N1N2O000O100001O0O101N10000N2N2O1O00010O010O01O10O1O00SQNMom12QRN0nm1OSRN2mm1FYRN;fn1N2O1L5N2O1NT`RP2
20161020145454Bh_1,gfPa22ko15M1N3N2N2N4K4M2N2O010OO2O1O0O2O0O2O001O00001003O0N1O00O1O01O0000OH]OUQNc0jn1_OUQNa0kn1@TQN`0ln1:000000001N2O1O001O0010O0010O10000O1O001000O10O01000O2O0O1000O1O010O2OO110OQQNZOdn1f0YQN^Ofn1a0XQNAhn1Q1K0O01O100O1N2L4H8O1O1O1O101O00000001N2N2O0O100O100002M11OO10000O0100UNZO[TNf0ek1YO\TNg0`m1O0014OM0O0CkPNMVo10mPN0To1LoPN3`o1O2MbVWW1
20161020145454Bh_2,T\[b12no1001O0E0fPN0Yo11gPN0Xo11gPN0Xo10hPN1Xo1NhPN2Xo1MiPN3Xo1LgPN5bo10000000000010O1O01O000000000000O1000000O01000O100O1O1O100O1000O001O010O100000000O10dPNGPo19PQNImn18SQNIln16VQNJin16XQNJgn17ZQNHen18a01O01O00001O010O0010O01O00100O01O00001M2000000O1000O1O1O1O2O0N102O000000100O1O1N\e^W2
20161020145454Bh_3,Z^YZ23jo14N103M2N1O01O1O1O100O110O01O0O1O001O00O101O1O00000000O100O00100O10O100N20O1001O001N100LPP4NVPL000O10001O1O0000000N2000ObPNMPo14PQNLPo14PQNMon12RQNNnn11SQNOmn11TQNNln12VQNLjn14`01000000000O1N_PNNXo12hPN3`o102N0O1000[ad`1
20161020145454Bh_4,Qgnc11oo1003MN20M3O10003M7J000O2N1O1O0000001O0100O2OO0100O0O1I700O2M3O0N_Q8OcnG4WOM_QN5]n1MbQN5\n1MbQN5\n1L`QN8_n1I`QN9^n1HbQN8]n1IdQN6\n1JeQN5Zn1LgQN3Xn1NhQN2Yn1LhQN4Xn1DQRN;jn112N1N100000O1O10O1O1O1OTWSX2
20161020145454Bh_5,^hXW32no10^PN5Qo1`0L6Jh0XO2N01aNkQNR1on1E000N8F2N3M4K4K3000mUcg0
20161104133714Th_1,cbnQ28go13M2M2O2N2O1N10001O010O01O100O100O2N10O010O01O001O01YQNCjm1<URNGim19WRNIgm19WRNKem17YRNJfm18XRNIfm19YRNGhm18XRNIgm18XRNHhm18YRNHgm17YRNIhm17WRNIlm14TRNMmm11SRN0nm1NRRN3mm1MSRN5lm1KRRN8lm1IRRN9mm1HRRN9mm1HQRN:nm1FRRN:mm1IPRN9nm1IQRN7om1n0N101N3N1O1O2N001O1QOkMRTNT2nk1mMQTNS2ok1nMQTNP2Pl1QNoSNo1Ql1RNnSNm1Sl1SNmSNk1Vl1SNkSNk1Wl1UN]SN3Fg1Zm1b010O000010O1E:10000000000001O0O100XN\RNT1em1jN_RNS1am1mNbRNP1_m1oNgRNl0Xm1SOjRNl0Wm1SOiRNm0Wm1ROkRNn0Um1POmRNo0Rn101O00001O0101O2O1O000OO10000O3N1O1O1O12NN102M2O2M5L0O01O0010O01O010000001O000100O01O00O01000000000010000O0O10O00100O001O01O010O01O15J2O0O1O001O1N101N2O1N2MlY]c1
20161104133714Th_2,dU[a15ko1001O001O1O10000O1O01O0001O0000O10O01000000O01^PNI[o17ePNI[o17ePNI[o17ePNI[o1>0004MO0000100O10OO4M00000001bQNCWm1>gRNCYm1?dRNB]m1c0]RN\Ohm1a0VRN@jm1`0VRN@jm1a0URN^Olm1b0TRN^Olm1b0URN]Okm1c0URN\Olm1d0h00100011O5LM23LBTQNEon16PjjZ2
20161104133714Th_3,ciVT32mo13M1N2N2O100O1N1010OL5O02O0O1O1000O10000iPNDkn1;TQNFRo15lPNMTo12kPNOUo1>1N10I]ORQNb0mn1_OSQNa0Wo1O000010O10O100O4L010O00100O1O1O00100O2N1O2OO3M1O1O0O0010N2N2KVVQh0
20161104133714Th_4,oaPl21mo16K10000O10OM4O1G9O1O10O10O10O00N2001O10O1O10O0O101O1O1M4L6M1O000OlPNGdn16^QNKbn13_QNN`n11aQNOXo1NQ^cQ1
20161104133714Th_5,kbZf14ko12O0eM2eTNJ]k18T2101O0000O1000O11O082HN1OO100000001OcQNNll12TSN0kl1OUSN2kl16lRNK[m10bRN0^m11bRNM_m14eRNE^m1;T10000010O00001O01OSQNKnm14PRNOY1Ifj17nSN2Z1Kgj12nSN5JDQ17Wk1OnSN6FKP14[k1JoSNj0>Cdk1_OPTNP1LlNMh0ml1?PSNPONc0Qm1n1109IdRN_M`m1a2LN1O0O001O100`NdRN:]m1[OnRNe0Rm1XOQSNh0ol1UOTSNl0kl1ROYSNl0gl1RO\SNm0mm1POXQNc0To1N2L4N4M2M2M4M_ZYU2
20161104133714Th_6,T]e\11jo17^PNNRo1a0O0N5K3O0N2N1JG?1O100OGQQNCon1<RQNHjn17WQNOcn10^QN3_n1LdQN4Zn1KiQN3Wn1LjQN5Un1KlQN4Tn1KQRN1Pn1MURNNlm12VRNJlm14Q1O3Lbcda2
20161104133714Th_7,^bRh13lnc0NUR^O0lN0aPN0Qo10`00aPN0nn10a0000XU61cjI8K2jKEoVN0WO<Xl1DhSN>hi1BPWN0XOa0fi1_OhXNd0Yk1000O10N]N]OlSNa0Vl1_OiSN`0^k1@gSN1k0=ak1BbSN0o0>Sl1BPTN=jm1O1O1O1O01001O1L^XSU2
20161104133714Th_8,U_[X21oo10O100O7I2N101N101O001O001O02N000O101O000000000000000013L000000O10O100O1000O1O1O10O01O2N1000000O10000O01O0O2O10O10O010O100O1001O00001O01O000001O0000001O6I3Nj`fb1
20161111133734Ch_1,hjRS11QP60YRJ1Yk10aTN7]k1I`TN:`k1F_TN<ak1C]TNc0]m1101O_OkPN7Uo1HRQN1Po1LTQN0^l10P3102N001N100001O00kQNO[l11bSN3]l1M`SN6`l1J]SN8dl1HiRNLF>am1EhRN1D:\m1B`RN1>6E7^m1CVSN8YO7`m1BWSN7WO9bm1@VSNQ1kl1nNVSNR1Qn1J2N2N1M3L4O10N20O010O1K5O01O001O1N2O00100O100O1000000O1000O0100O010OK6O010O01`QNAWm10PRN?Po1CoPN=`1@kk13eRN=Qo1OoPNFPo18RQNHnn18RQNHTo11mPN0Ro10nPN0Ro1OoPN1Qo1OoPN1Qo1OPQN0on11QQNNmn15SQNKmn15SQNJnn16RQNJon15QQNKon15RQNIPo16=0001O000001O01O00010O000O100O10ZOM_QN3an1N^QN1cn1O]QN1dn1MQQN211Wo10hPN0Yo10fPN0Zo10ePN1[o1:001O3NO001O000EFoPN<Po1:0000O1000000001O0]OoPN7Ro1FQQN9\o1O2N6K00O1O1O01O001LaPN3JO\o10dPN0^o1NbPN1TTmc2
20161111133734Ch_2,`dRg03_o1NmPN3Ro1>00F@SQNa0ln1@TQNa0ln1^OSQNd0So12O1M3O2N1N2O1O001N20O001O0O1J6O1N101N2K50000O1O10000O2O1OnPNF^n1:bQNG]n19cQNH\n18cQNI]n17bQNJ]n17cQNH^n19aQNG_n19aQNG_n19aQNEan1;b00O1001O001O1O1O001NQ\_U3
20161111133734Ch_3,Vh`j25ko11O000WNKgSN5Wl1OhSNL[l15f12O100O11OdPNHPo19nPNHSo17;1O01000O010O01010O01N0O1O1O2NE0:2eQN1el1L[SN7Vn12N110O1O0011OO1O2N1O007I0O01_OmPN3Xo1IjPN5do1KlW]R1
20161111133734Ch_4,cjRQ12oo1OVO0j00dR80[mG2O0O2O000TQNMkm13URNNkm11TRN0lm1OURN1km1OURN1nn1O001Omm=O`QJ0inG0eSN2Yl1OgSNOXN0Pn13gSNM[l13eSNM[l13eSNM[l13eSNNZl12fSNMl00jh12`4N]11bN1`RNNUN0Zl10USN1jo1OWPN1io1O4000oP`00hmA0gQL0To11iPN0Xo1O=00002kS20SlM1O0001Ngoe0OZPZO101O01OSP^2OnoaM1N1aK0mXN1Sg1OSUNOW32eg10SUNOX31eg10RUN0Y3Ofg11PUN1Z3Ngg10oTN2Z3Ngg1OPUN3\o1O1OeQP2O\noM100B0>O`0OdoM0lo120O2Oco32ZPL2O1O000YRNLbk14]TNLdk14\TNKgk12QTf0OSnYO10000O1001O0OWm10iRN2O000]QNMnN0Sn14mRNNnN0Tn11oRNOmN0Tn11oRN7Rm1HnRN8]n1K6O001O1O1Nin12VQN000002NeP:0[oE0h20XM0O101fKNdXN2[g1OeXN1[g10dXN0\g1O[401O00QP80ooG000O10OnP20QoM20Nfo51ZPJ2O00001O0001O0001O00001O001N101O0010O0010O01O000000000000\RNI_k17aTNI_k17aTNJ^k15cTNK]k15cTNL\k13dTNN\k11eTNO\k10dTNO^k1OcTN0ija00mR@2O00000SOMmQN3Sn1NmQN0^Rl00dlUO000001O00glS10YSlN10O`VcX2
20161116222134Lh_1,Tea]14lo1;D3N1N101O010O010O00O10000000iPN]OQo1k0N3M100O10O101O1O00000O2O00O1O1O001N100O2O0OUOYQN`0fn1_O]QN`0an1@aQN`0]n1@eQN?Zn1AhQN?Wn1AjQN>Vn1BkQN>Tn1AnQN>Rn1BoQN>Pn1ARRN?gn1001O001O001O001N2O0O101N100O11O0000000000O101N10001O01O0000000001O1O3M2O0000O1000000000O001O1O1O001O00000O10000001O0O2N101N2O1O001O000001VQNQOan1W10001N100O10001O00lNeQNc0[n1[OiQNc0Wn1[OlQNe0Rn1[OPRNd0Pn1[ORRNe0mm1[OTRNe0lm1YOVRNf0cn101N100O1O1O001O8G3M4J`o30bPL1O100001N10kXlX2
20161116222134Lh_2,]YSh14jo12M3M3O1O1O1O1O10O01N2000O100N2N0100O100010O01O1OO20O001O001O00100O01O001M200O1O11O00O2O01O0001O010O000O100000000000100O1N2N3M2NXhjS2
20161116222134Lh_3,S^_Y12lo13N2N1O11O0002N1O0000000O1I7N02O1O100000000000[NAiSN?Wl1DfSN;Zl1GeSN9\l1GcSN9Rn100000O00JfPNHYo19610O10O0`NHZSN8el1I[SN7el1IZSN8fl1G[SN9el1FZSN<fl1DYSN?el1@\SNb0om12O000000000O100O0010O10J6O100000000ATOiQNl0Xn1UOgQNj0Zn1UOfQNk0[n1UOeQNi0jn10hNWOYSNf0il1[OWSNd0Sn101N1O1O2O0O10000O100O2N10000O1000O100O001O010O1000O100000O100O2M3O0O2O0O0100O100N2N2N2O100O001O001O00010O0100O010O0O2O10OO20O001N1K60O100O10000XQNHhm17VRNLjm14URNMkm13TRNNlm12TRNNnm1OSRN1nm1NRRN3mm1LTRN2nn1OTP`0Nen50YQZO2O1N2N100YRNIdk18R20XRNHhk18P20000O100000000001O0000000]QNJ\m1:_RNH`m19^RNHcm17]RNIcm17]RNIcm17\RNJdm16\RNIem17[RNGgm19YRNDjm1;m001O0O200O010O100O001O001O1O100O101O000O2OWR80imG0oM1PTN0ok12QTNMnk14n1100O11O0N2NRdfW2
20161116222134Lh_4,a^WS12no11N3N1O101N4L1O2N0000001O01O001O4L100O02N001O0010O0100O100O0100O1O0010O01O001O00001O1O1O1000O000001O001O0OAMc000OXaVi2
20161116222134Lh_5,o]cY11no50QPL000000000\PN0Xo10hPN2Vo1NjPN2bo10\ONZQN2Xo12O0^OLg00_n75[QH40M1O1NN23L\Q<OYmE0^QN0nPT20cokM0[o?0TP@000oo30PPN0coM0[P`00QPB0fPL0gn10e00e00[O0O0Zoc00nPJ0To;0ePVO00000Z10fN0oo10bbT]2
20161116222134Lh_6,f^YT11;0Yo10<0ZPN0Wn=0]QD2O000001OYQ2OVoK0bo10C0^P20\PN0WO0hPN0do10000000G0bPN0`o30VoW30lPfL0[PN0ko10F0bPN0go11O1O02O0O0010\o35WRNLVmMOZRN2`m1OeRN1[m1NfRN2Zm1NfRN2dn1N20_L2PWNNPi13^3M30VRN0hl11SRNOlm13SRNMmm13SRNMmm13SRNMnm12P1ORQNOom11_QNOM4HLko11ko1O60TnM0jSN0Ul10`SN0jN0fm10SRN0d10Yl10RRN1X1OQO0em10QRN2f1OXl1ORRN1i10Rl10TRN1io130O2N^Q4NdnM0jo35QPJKUP60QPJ0C0gQN0hm10kQN1Qo11N2^PNMWo12iPN0So13mPNMRo14nPNLRo13PQNJon50aP:0foM0h00foC0000000A0nPN0[oi00hoYO0fP60goI0doe00\PD1PPDO1000O1KO[PN1eo1OZPN2fo13100O2O2Mecl\2
20161219133734Ch_1,YgTc07io1100O1000O10O10O10O01O00010O00010O0001O001O001N1O100O10O2M2M5MWQ22QnM2YQN2en11YQN010nm12oQN10NQn11oQNe0Qn1ZOQRNd0Pn1[ORRN9Xn1FkQN96DSm12iRN92JQm1MPSN7M1Pm1GVSN6J4Pm1CZSN7E7Rn1HmQN9Tn1FkQN;Un1EiQN=Xn1CfQN>Zn1BeQN?1ZOnm15QRNb0M_OQn1LSRNf0L^O`n1b0`QN^O_n1d0aQN[O`n1c0cQNZO`n1d0a0McQN^O^m1`0^RNF\2HQh1>bUNMAJem16hRN5_OHhm12hRNk0Sm1UOlRNn0Rm1ROnRNn0Sm1QO]SN?cl1@`SN?bl1[ObSNd0nm104L1OO1O001nQN_Ocl1a0\SNAcl1?]SNBhl18WSNIkl15VSNJjl16VSNJkl15`10QTNGWh19i30kSNGah19XWNMjf1JiWN:[1Llf1LiWN8Z1Kmf1NiWN8Y1HPg11[VNMh09m1IQg1N\VNOg0:Zn10001O1O1O0010O010O01O1O1NbQNN`n11RKNmYN4Qf1NmYN4Tf1JlYN6nj12O0PNLTTN4kk1MVTN2jk1MWTN4ik1JYTN6[j1IRWN6nh1JUTN3Y25`i1JUTN1[26_i1JUTNLa2;Yi1ISWN7nh1HRWN8nh1HSWN7nh1GTWN8Zl10000002N2N1O2N001O01O010O01O001O1O1O1OBmPN0Ro1NQQN2nn1LUQN3kn1LVQN5in1JYQN5Yo1100O01O100O0100O100O00000[IHb]N8Ri12O001O0010O0010O01O1O0001hNJdRN5]m1LbRN3_m1MaRN3fn1O4KaJ0a510NeR2Onl90gTkP3
20161219133734Ch_2,nmXi06jo1M20XPNNdo11^PN0`o1ObPN0^o10bPN1\o1OfPN0Zo10fPN0eo10F0dPN0go10fo10cPL3Yo1MiPN1do1OD0<000011OO0<2B20O1O001N]O0VQN0jn10c0010bPN0jn10d00bPN0jn10WQN1gn1OYQN2fn1N[QN2dn1N]QN2bn1N_QN1an1O`QN1_n1OSQN50Kmn10QQN2NN40ln10PQN14OO0mn10oPN16OO0jn11PQN09OL1jn14[QNKL0in14\QNMKOhn14]QNMKOhn14_QNLH0ln11]QNO_o10WPN0io11FObPN0ho10F090ZPN0\o10dPN0\o10dPN0\o10dPN0go10O010O0do10=0ooM010[PN0Xo11gPNOWn10aRN0XO0Wn11`RNOmm10RRN0ZO0Zo10ePN0\o10dPN0Yn12^RNNXO0Zn13_RNOROO`n11`RN2bm1M^SkQ3
20161219133734Ch_3,\eUi13mo10FNePN4Zo1LdPN6\o1JdPN6bo1101O0^PNH\o18dPNI[o17ePNJZo16fPNJZo1?0O001N2O0L400000`PNGXo1:hPNFXo1:hPNFXo1:hPNFXo1:gPNGYo1`00001L3001O7I1O2O2M000001O0K6N2O1O1O1N3N2M2N101O10O2O0O0010O0007I1O1O001O3M2N2M1O2N2O0O3MkY`R2
20161219133734Ch_4,]eQi12`o11kPN0So12nPNLQo15kPNKK0Zo14kPNLZo14lPN1ln1LlPNO15So1LTQN5\o1O0O100000go1L>0PPN0:3B00002N00000WPNKgo14ZPNLmo1000_o73`PHO_PNNTo12>1M000]PNMYo13:0BMmPN0Xo10\Q20[nM0[QN0\o11O0O0O01OQP20RoM0n00l00WN0l00VP21koMOUO1dQNO\n11d1OXO10O00YPN0Zo10ePN0]o10aPN0`o11_PNObo10]PN0eo11XPN0jo11Soe2NPQZM100O00OjP>3SoA2M3L3K501N8I001000O7JPO_O`RN?am1AbRN<^m1H`RN6`m1JaRN5_m1L`RN3am1M_RN3am1M_RN2bm1M_RN2cm1M^RN2bm1N^RN1cm1M_RN2in1O0OiY^m1
20161231223534Lh_1,XdfS35jo14M2N1O001O1001N0101O2N2N0000O1O1O2N1O0000000000O100001O001O100O1O1O1O1O1OUP20koM3M1O1O1O0O2O1N100O2O00000O1000000000001O0000001O00000010O00001O1O001O1O101M4M2N2M4L^Q`12`n_N5J3N2O0O2O0O101O0000010O010O10000000O0000000000N10100O11O00001O10O0001O0001O00001O000100O2O0O1O001O001O00001O00001N10001O0000001O0O2O001O1NeXWa0
20161231223534Lh_2,j_Ya21oo11N101O000O100O2N1O2O0J6O1O1000001O0001O00003N00O02N11O1O0O01O010O00000O1O1000000001O01O00000000001O0000000O10O100O100O2O0001N3N0O1O100O10000O2N1N3OS`PZ1
20170129133714Th_1,aTm^2a0^o13M2OO100000000000O1O1O1O1N20001M2J5oNTOoRNl0Rm1UOmRNj0Sm1XOkRNh0Tm1ZObRNEJR1dm1H[RN8em1P11O0O3M2I8L4K5EcQNQO_n1n0901N2N2M3M3N3BkPNLYo12hPNNalb^1
20170129133714Th_2,_kPX31mo13N101N1O2O1N1O1O01O01N2N200O101N1O2O1O1N2O1O1N02O2N1O001O00001O100O4_OePN5do1O2N100N[T_e0
20170313145450Bh_1,eaXd24ko14M1O010O10010O00O10010N1O1OdQ\11[ncN2M2N10001O0O20000000O3N2N1O001O\P60coI5J2N3N1O1kQNDP10Ui1=fUNHP12Vi16gUNMo02Xi1N[UNb0Z1FVi1FcUNc0S1NWi1]OhUNe0P11Xi1UOkUNj0k04[i1lNnUNP1d08^j1H`UN;_j1E_UN>`j1B`UNYOhNe0gk11cUNTOlNj0ck1VO^TN6f1d0aj1YOcUNd0_j1YOmSNMT1e0fk1ZO^TNf0^m12N11L9EbVcV1
20170313145450Bh_2,TnPn18a0KYn1e0^QN@_n1R1O0O2O100eQNiNkm1X1QRNlNom1b110O018G2O1O5J11O8G1O2N3N7H10O1O100O00000000000O1001O01016K1M1N4L2N1O1M4K4M3N2N2N1G:O1N2O1N101NfRNMij13VUN0ij1OVUN4jj1JVUN6Ym12O0O2O00O10fMEoTN;Pk1FPUN:[m101O10O0100O100O0100001O0O1O10O00100O001O100O101N10O0000000O010000000O101O000000001O01O010O1O00000000000001O01O0001O001O001O1O1N2O1MYj_30iU`L1O00O\U82bjG2N1J6M3O00100O010O0100O10O0100N2L5K4Ogm\d1
20170313145450Bh_3,mmPn17do1K9010\QNOYm10\10010O10SP:0ZRF0VK0iTN0^k11YTNOhk11WTNOkk11STNOQl10m30RN0000000O001O1O0WNNdSN2\l1NdSN1Vn1000WNOcSN1]l1OdSN0\l11eSN1Yl10gSNOUn10O00001O0N2M3NIbPN1\o1OfPN1Xo1OkPN0So10654K410OF0ePN0]o30nRL0`M1do1O_PN0_o30dPL0ml10aUN0^j10UUN0QN1il1OUUN0TN0gl10UUN0TN0gl12SUNNUN1hl12QUNNWNOhl12mRNNS21XNOhl11nRNOR21XNOgl15SUNKVN0gl13UUNNSNOVo11=O]PN0Wo10iPN0Wo10hPN0Yo10gPN0Yo10fPN0fo100000E0;0YPN0fo1010O010F090ZPN0\o10:010[PN6_o10CJPQN4_o1OBMoPN2Ro1NnPN1So1OmPN0To10>0]PN0To11mPNOSo11>0001OQP20PP60ooG0<0fo50noI0do70]PN0PPL0YP40[lbi1
20170313145450Bh_4,jYQe23lo12N4M1O000O100O1000O1N11O010O010O1O0O200O1000000000L4O1000000OcPNJRo15nPNLRo13oPNMQo13PQNLon15QQNLmn15SQNKmn14UQNKjn16VQNIkn16?010N2O1O100000O100L13O10OnPNH]n19cQNG\n1:dQNF\n19eQNGZn1:eQNG[n18fQNG[n19g0N2N2N2O1NmfnV1
20170313145450Bh_5,k`hn11ko15^Oa0ZO[OQRNf0mm1\OQRNe0om1[OQRNg0mm1ZORRNf0`m1WO[RN35c0am1]OYRN06`0fm1\OVRN35>Vn1BiQN=Zn1BdQN?^n1@bQN?_n1A`QN?an1A_QN;en1E[QN;en1E[QN9fn1HZQN7fn1JYQN6hn1JWQN6in1NUQNNnn13QQNLon15SQNGin1`093N10100O000001N2L3M3O1J9Kh`mn1
20170326133730Ch_1,dbV]22lo14N0O1lQNM\l13bSNN^l14]SNOcl12ZSNOgl12]RNN20bm11[RN3ONhm1LWRN9L0^n11`QN2^n1OcQN15Cem1;YRNf0cm1ZO`RNh0\m1WOhRNg0Vm1UOQSNi03QOkk10XTNP1JTOmk1H^TN0SO11`0?Ikm14RRNLPn1=eQNDZn1>cQNB^n1l05hN_QNn0kn1O1O2ZOQQN7Qo1FPQN:Ro1CPQNb0Uo100O1O1O00PMCbVN8\i1KdVN4[i1MeVN4Zi1JkVN5al1O00O10000O103M1ON101N101O000001000O1O10O0001O1O1000O2oKJTXN7jg1KUXN5kg1NRXN2mg1OPVNJ:8gi1LPVNM69mi1EoUN22;cm14O0101O7I5KSYQ^1
20170326133730Ch_2,bj`g12mo11O1O1BLPQN3Qo1OlPN2Ro11mPNNTo12kPNOTo12kPNOUo11jPN0dn1JgQN5F0cn1MgQN2E2en1KgQN2D3fn1KfQN0E4fn1KnQN6nn1O010000O01O1O010O@MUQN3jn1NUQN2kn11QQN1on1OPQN2Po1LQQN4Qo1JoPN6]o11O00O1O1000O2O0000000000NjPNJfn16b000O2NdVaU2
20170326133730Ch_3,dVmf11fo91VPH3N0100000K5N2M5M2N2O00O2M2N2O100O01M1101O01001O0000001O000010O1O001O3M1N100O1M3O01000000HmPNCRo1>nPNBRo1=oPNCPo1NoPN:2Gon1OoPN:`o1O1O1O10O1M3O1O2N100N3O1N1010O2O0O0000000000000AiPN5Xo1IiPN7Wo1HjPN8`o1O001O0001O01O000000000001O01O0000000O1OO11O1O1O1O1OSj\R2
20170326133730Ch_4,cc\R24io13O100000001O001K55KO0000000001O000001O1O0O1O1O01000N2001O0EePN1go1NV\ck1
20170326133730Ch_5,RhVe18fo1200ePN1en1OYQN6dn1JZQN<bn1e0L1MCeQNYOYn1e0b0N3F`0H`o3OcPL00000aXeY2
20170326133730Ch_6,U[Xa22no1004L1O0DKmPN5So1KmPN6Qo1KnPN6So1>0ON1O001O3M1O2N1O2N000000O100[OUQN2nn1LZQNLhn13ZQNLin11WQNNjn11XQNNhn12c000O100Ofom10ZPRN2N1O1O1O010O0100O100O101O000003M1N2O2N5aPNARo1g001OO010O1O1N2CkPNMWo12jPNLWo13lPNJVo14h1LhN00000SoY10lPfN101GO`PN2_o19O00001O0000001N10000O10O100O1O1O1O1O1O1O2O0OYQNMcm13]RNNbm11_RNNbm12^RNNbm12_RNLbm13W1N10`eQU1
20170328014950Uh_1,g_R^22lo13M3N1O2M3M3N4M3L4M3M1O1O00000001O001N101O2N2N1000001O002N0O2N1O1O001O00100000ePNDQo1f010O00000006K0O00000O10O010O01O010O01000O2N2N2N1O1O1O1O2Manc0NbQ\OO^R82amG3M3M1O100O10OWOJiQN5Wn1KjQN4Vn1LkQN3Un1MlQN1Un1OmQNNTn11o0NoQN0nm15L4N1O2N1O2N2O1N3N1O1fMWO\UNi0cj1WO]UNj0nl1N2N100N2O0O2O001O0001O2N15KFCQQN;nn1FSQN:mn1ETQN:Zo10O10O10O02OO01O001O1O1NTm?LPS@2O1O10O1No^UX1
20170328014950Uh_2,fS]_22no11O0O2O1O001O10O0002N1O1O0000000000001O1M3N1001O2N00000O1000M3O1O1O0100O1N2N2N20O10000O100O010O010O1N2O10000O100000000000L400O0100O010O00000011N1O1O1000fPNGmn19SQNIln16TQNJln16TQNJln16UQNIln16`0M2O2O0O2NjlT[1
20170329014850Uh_1,ac^g24ko15L4M2M1[MCgUN=Xj1BjUN=Uj1ClUN=ag1CZXNO6=`g1DS[N;Yj101O2NgJHS[NOmd1d0`ZN\Oce1b0\ZNAbe1?]ZNBde1=[ZNCfe1=ZZNBge1=o4O2N1N3MnPNK\n12cQN3Ro1201N10O01000000O101O001O1O2N10001N4N0001N1N101O10O1O001O1N20O000000001O1O1O001O1O0000O1O1kN\OlRNe0Rm1[OoRNf0Un11O0001O010O00100O1000000O1000010O2O0O2N1N10000O1000001O010O00001O0O1O1Oona0IVQ^O4M100O02OZRN0]k1NdTN6`m13N100O1O1000O1017I1M1O1O001L3M3O1O100001XOVQN8kn1GUQN9mn1DTQN;nn1CSQN=Xo10001O01O01O010000O11O001O1N2N2O0O2M2Oc[Sn0
20170329014850Uh_2,oSek22no11O1N2K400000O10000000000001O3M1O0001O01O000000000000000O10001O0010O0001O000000000O10000O1000O10O1O1O1O001O01O0N300O1N10M4O01000O0B^O`QNa0`n1A_QN>cn1B[QN=hn1AYQN;kn1DUQN<Xo10kPNEen1:\QNGbn16aQNL^n13bQNN^n12aQN0^n1OcQN1\n1OeQN0Wn14kQNGXn18h001O100O00100000O10000M4O04L1O00001MQmVn0
20170330133710Th_1,Rc^n11mo14N001N10001O0O10001O0010O010O0002N1O0jPND<0bm1<kQNDj01Zm1;lQNDj01Zm1;mRNESm1;iRNIWm17iRNHXm18nQNF>2dm19nQNC>5dm18eRNI[m17dRNJ\m17bRNJ_m16`RNHbm18_RNEdm1:\RNDfm1;Q1O1O001O0001O0000001O001N1lPNFbn1;[QNHen18YQNIgn17XQNLgn1i0N00O2O1O001O1O0UOSQNb0Wo1O0O1O1O2N3Jn[_m1
20170330133710Th_2,Sa`V39eo13O1O1O0CIQQN7nn1KQQN6nn1>01O0001N2O1O1O2N1004M3L1O00000OO2O00001O00001O010001O0O100O10O001O0010O01O2N1O2N100O100O10O0100O101O1O000O1010O0000O100O1O001O1O1O1N2Ihm90aTD2gk14TTNMkk15RTNLmk1:lSNISl18lSNISl18lSNIRl18PTNFPl1;PTNDPl1=STN_Omk1a0STN_Onk1a0QTN_O=4Yi1>YVN^O>9Ti19^VN^O>:Si19^VN]O><Ti17]VN^O><Ui16\VNA<:Xi15ZVNC=8Yi15ZVND;8\i14XVND<9\i13XVND<9\i12XVNF;8^i12VVNG;8_i11UVNG=8^i12SVNF`07^i16nUNEb05ai1:QUNWO9;V12bi1j0UUNUOZ10bi1l0RUNSO^10ai1m0PUNQOc10_i1o0lTNQOg1M`i1h1cVNSNai1k1\2B=O3I5O3K4M3K7HP_oa0
20170330133710Th_3,T`\c13l0ORn16iQNLUn15iQNMVn15gQNMYn13fQNOYn13cQNN^n1h03O00000000O10FXQN[Odn1j0]QNTO]n1S171001O000D[QN]Oen1?`0N2M3D<00O\`mZ2
20170414151450Bh_1,ib_V22lo17I4L3O2N001O03M2N2N1O0010O1O6J100O1O01O001O1O00000001O001O0000000000O2O0000001O0O100000O1000004L1O1O00001O0O100O1O1O2M2O101O0110O1O0O0106I1O0110kN\QNk0ln1001O10O01O02N2N2N4L1O2O1N1O1O6J2N1Ni[hc1
20170414151450Bh_2,hcUY12no12N1O001O00001O001O00001N101O1O001O010O0001O1O1O00001O0000001O010O001000O0BJRQN7mn1HUQN8Zo1O002OO010O100O1O0000001O00001O0cPNGSo1:lPNHRo18nPNHQo19nPNHRo19mPNHQo1d00000000O1O1J601O00001O0100O01O100OePNBUo1e0000O2N001O010O00001O00010O1O004L100O001O10O01O01O01O01O000000001O000O1000000000O100000000003M000001O0000000000000000000001O010O001O001O0010O0100ePNBRo1g01N1O100O1O1O1O2N4L0010O01O00000010O01N7J001Mfo11YPN3M3N101N8I1UO^OVRNc0im1^OURNd0jm1]OURNc0jm1^OVRNb0jm1@TRNa0km1^OVRNb0jm1^OVRNb0im1_OWRNa0im1_OWRNa0im1^OXRNc0gm1]OYRNc0hm1\OYRNc0gm1\OZRNd0fm1\O[RNc0em1\O^RNb0cm1]O_RNa0`n1010O0001O001O001O1O1O001O00001O0000001O000O101O00000O1000O1000O10001O0O100O2O0Ogo=1XPB2O000O2N1O1000O1O1O1M4NfZfV2
20170414151450Bh_3,jifg11mo13M2N2O1O2M200O1O000O2O1BBXQN`0bn1F\QN;en1=5N2M100O1O10O0100N100O2J6O100O2N2N2I\WUV2
20170414151450Bh_4,lRUa1=bo11O2O0000001O6LN1O2N2N1O3M00001O1O100O1O01O000BHTQN8ln1HTQN8Zo10O11O0O3Jhll\2
20170516134450Bh_1,Xblo1:do13N2N102O0O3N0O01O00000101USN]OUj1e0fUN^OZj1c0_UNCaj1=]UNEcj1<[UNEdj1=ZUNDfj1<YUNEij19WUNGmj16RUNJoj16oTNKQk15kTNOUk11gTN4Yk1LeTN5\k1LbTN5_k1J`TN6ck1H[TN;ek1EYTN=gk1DVTN=jk1CTTN?lk1HlSN9Tl1JjSN5]l1G`SN9cl1EaSN4dl1D`SN;dl1A]SN?fl1[O]SN8QOFRo17\[cm1
20170516134450Bh_2,]d`R35io13O0O100@JVQN7hn1KWQN6hn1JUQN9kn1?O00HSQN]Omn1b0UQN]Ojn1c0WQN]Oin1b0;O1N200O1000001O01O1O1OO2O0N2O1000K4101O002N1M3N4L2NS\oj0
20170626133730Ch_1,eT[h15ao1:M3O2NO101N10O002L3N300OO01SOFSRN=jm1IRRN8lm1JSRN6lm1LTRN3lm1NTRN0mm11SRNMfm1ZOYRNj01Lam1_O^RNe01K`m1C^RNb02J`m1d0bRN[Obl1EhSNP1E[Oal1LeSNi0KZO`l10\SNk08QO^l1f1gSNVNZl1f1lSNVNVl1i1kSNUNnk1M^SNl1j0SNik1S2T1O1O;TNSRN2L=Uo1N3M1N1O2L4MgmPU2
20170902231930Lh_1,coXg17?Ndn16WQN0dn14XQN0dn1g0O0O1SOnNlRNR1ml1WORSNi0nl1XORSNg0ol1YOQSNf0Pm1ZOPSNd0Rm1[OoRN`0Vm1@jRN=Ym1CgRN<Zm1DfRN;[m1EcRN<^m1D`RN<bm1C^RN<dm1DZRN<gm1DXRN=gm1EVRN=jm1DTRN=lm1DPRN`0Pn1@nQNa0Sn1d02O0O2O0OOK51F92N2N02O1N2O1O1O00N1011001O1O100O012ZNmQNZ1\2kNYi19XTN6`2_OZi18YTN8]2_O\i17XTN9dn1B_QN<So1O2N2N3N3JYRQU2
20170902231930Lh_2,dcgY11no12O0001Okn31_PL3VQN0en14ZQNMdn14[QNMdn19VQNIin1g00000O1O1O1O7I1O1N2O0O2M2001M3O1POeQN;\n1CfQN<\n1AfQN>_n1[OdQNd0mn1O1O13L1O1O1O1N2N1000000001N101O002N3N2M5K1O1O0010O2O0O1O00000O1O1[N_OjSNb0Vl1^OjSNc0im1001O1O105K2NO2N4MO01O00001O0O1HkPNEVo18mPNGSo15?N1O3NR]h`2
20170902231930Lh_3,RfZU11ko17K4K4N2L4M3N1O2N1O1O1O1O1000O1J5AQQNOnn11TQNNln10VQN0jn10VQN0in10YQNOgn11YQNO]o1O0MTZSi2
20170926225530Lh_1,fljg01mo13L4N3M1mPNG]n1<[QNN`n1m0L2N1O001O1OO01O2M3M3O101M3N2M2M3L4Oa0^O4MQOSSNnNjl1R1YSNoNdl1P1^SNPO_l1>_SNPO4b0[l1>fSNiN3h0Ul16_SNUOZ18Uk1e0ZUNXOdj1i0`UNRO_j1P1V22N2N1O3N0O1O1100LEfNXRNZ1im1gNVRNY1km1gNSRNY1Yn1O10M41O1C<O001O002N1O10000H8O2O1O2N3JiVQT3
20170926225530Lh_2,oVYg01mo130N10eo71ZPH000001O000000000001O001O00001O010O01O00010O0000000001O0000000011OO00001O0000000001O000000001O07IH`PN0`o108OVinT3
20171018223630Lh_1,\fh_13io17K5K3M4M2N101N2O00101N12SOUQN`0Wo1O1O0000000O1000O01000O1000000O010O10O1O00001O1O001N3LdP4M`oK4L4M101cVNFPc1<l\NIQc18n\NJQc16n\NKRc15l\NMTc14k\NLTc15k\NLUc14j\NLeJDmg1a0^]NKdJDng1a0_]NJcJEng1a0_]NKTc15k\NKUc15l\NJTc16l\NIVc17i\NIXc17g\NHZc18f\NGdJGWh1b0U]NEdJJWh1c0S]NBgJLVh1b0S]N_OhJ0Uh1b0g]N_OYb1b0f]N^O[b1b0c]N_O^b1b0`]N^Oab1b0^]N^Ocb1b0\]N]Ofb1c0Y]N\Oib1d0W]NZOlb1e0Y6O1O00001O001O002N100O10O001N101N1O1O0010O[UN]Ome1d0QZN]Ooe1c0PZN^OQf1b0nYN]OTf1c0e42N1N2O000O101N10000O01O00001O1N101N1O1O2N2N10001O001O010O01O10O01O1O00000fN]OWSNc0hl1^OXSNb0Tn1N100O1O2O00000010O101N1O101N101N3N2N2N1O2N010O02N5L5KO100O100O2N100O001O1O5L0O2N001O2N2M3N1O1O1OO1O1O002L5QOPSd0Mmm[O3O1O1O00000001O10O01O011N1N2N\Pd08\o[O4M1O0O20O1N2N4L\h=JjWB3M12M]YcP2
20171018223630Lh_2,Zfh_123Odo106000ePN0hn10\QN0an10g00kPN0\n10iP20nPL0To10RO0oP21QPL7oo1H`PN0nn10QQN0on10a000000_PN0Qo10`00?0Ro10aP40^PJ0oN0QQN0on30QQL0on10PQN0`o1000A0nPN0So10lPN0bo10C0iPN1Xo10dPN2^o17290A]PNN`o11dPNNZo11jPNNUo11lPNOSo12>O1O10aPN0mn10SQN0mn10TQN0^o10\O0WQN0hn10YQN0[o1000\O0d00QP20PPN0PP2000QP40ooI000000010h00`N0]QN0Zo1000ZO0[QN0[o10[O0YQN0\o10]O0UQN0ln10c00`PN0ao30\oM0bP20ooM00000gPN0bn10g01O000101OgPN0an10h00TP>0loC0ooM0QP20PPN0kPN0Yn30eQL0Uo100000\O0gP80ooI0cP20]oK0PP20ooM00000\o10WQL0jn10dP40ooK0QP40PPN0ooM0d00iN0Y10eN0\QN1[o10000OQO0lQN0Uo30mnM0SQ20RPN0ePN0an10jP60bPH0dn50jQ20jmI0RRN0Ro30noM0TP20O0moM1O0N1O0dNNjRN2bn1OgNOcRN2am1N`QN166fPb0Lfn_O3OK\PNObo10aPN0^o1090000000QP20PPN0O010QP20WRaR2
20171018223630Lh_3,ajjk27eo15N2N1jMKcTN4Zk1OhTNNVk14lTNJTk17mTNFSk1:Z2O0010O100N2N101O100O1O10001N1O1010;HM6JO0nQNXOll1h0SSNYOml1g0ZRN^O7L_m1<ZRN34Bdm1MdRNb0GA]n1?bQNB^n1?`QNB`n1>aQNA_n1>cQNB]n1<eQNEKNRn19URN:lm1@YRN=en100O10001O5H4M2O1OiUQQ1
20171018223630Lh_4,ZXkb15io14K4N1N2O001O1O1O100000000O1000O0N3N1010O10000O2O1N010O1N0N3O2N2N2N200O101O1O]OXQNOhn1O\QNOdn1O^QN0cn1O_QNObn1O`QN0cn1K`QN4Wo1N2M`M0a22N100O1O10O01dPNJln18RQNKcn1MYQN:3Kbn1=_QNCan1<_QNCbn1>^QNAcn1>]QNCcn1=]QNBen1<_QNAan1?`0N2N200000O1O6K2N00O1O1O000L4L13O1000O101OO20O010000O1000O1O00001O1N2N3McklV2
20171021223430Lh_1,Q^kl04ko12O2M2O0nNI[RN7em1IYRN9gm1HVRN:jm1EVRN;km1CVRN>fn10000001O001O000L4O2O0O010000N101O011O00003M1N1O1O100O100O01O1O001OO1O100000O110O01O01000O01O100O0010O1O1O1O1O1O1O1O000000010OUQNJmm16TRNJkm17TRNJlm15o001O010000O1000O2NYQ4MjnK1O1001Ola\m2
20171021223430Lh_2,ncl_29fo12O1N2N1O101O000O101O0O101N2O1N2O0O10000001N2M3M4K6L5JgP6M]oI3M2M3O2M2O2fPNHgn1k0N0O2O0001O001O10001O1O1O0O00100O1O1O100001O01O1O000O001O001O11O20O0O01O_OnPN6Po1FTQN<Xo1O01O1O000O2O10N2@gPN3VQ^2M]ncM6L3N2O1N100O1010N10001N101O1N2O1N4JmP<2QoC6L3L3N2N2O000O000O00001000010O1000000010O01O1O1O01O000000000O10000000000001O01000O10001O2N1O1O001O010N0100O1O10O001O1O0000000001O1O1O2N2N2N2N1O101N10000O2O0O2N1ObSNITi16lVNJUi1=cVNB`i1>^VNAgi1;P3O01O0001O011N1N3L3OhP81WoG4L2N3N2gPNDhn1=XQNBin1>>O1N1O1O1O2L4MfP4N[oK2O010I142001N10Ro;MVVWn0
20171021223430Lh_3,RdS\12lo16K1O2M101O01O1O1O101O5J\P<2boC2N2N1O1O1O100O1O1000002M1010O001O1O001O000O2O7I1N102MdPb12Qo]N0bPN4Yo1;J7N1O1O100O1000000UQNUO`n1l0_QNUOan1k0_QNUO^n1n0bQNRO]n1P182N2N1N2N3O0OoNcQNa0]n1^OeQNa0[n1^OfQNb0[n1XOkQNg0hn1O001O03OOO0001O2N1O1O000001O0O2O001O1N3N3M1O1O001O001O1O0001O001N101O2N<D2N00001O0O1O2L4MbZnZ2
20171021223430Lh_4,\]^S23lo12_PN2mn1OQQN5mn1LQQN6mn1?000O100O010O10O01O10O100O1O100O1O1M3N2O2N2M4M2N5L5J100O100O01YOoQN]OSn1a0QRN\OPn1b0URN[Okm1c0ZRNYOgm1e0k0O001O10000O1O101O2N0001O4L2M2M2O2O00000O100O1000001O1O1O1O001OYO^QN0bn1KdQN4\n1KfQN4Zn1KhQN4am1EcRN7N1`m1GcRN7Ro101N2O1N2Ono=ORPB2O2M2N3N0O2N100O1N2L40O1O100O010O100O1N2N2O2N1O101O0O2NUPh11joWN2O1N1O2O001N101N1O10000O01O1O1O100O1O1N200O01N2O10000001N1O101N5JkcYa1
20171021223430Lh_5,TVk[11oo11O1O01O]PN4Ro1>0O0N2000001O23NM002N001O0N2O100O10BHTQN8ln1LPQN3Qo1NnPN2So1MmPN2To1NlPN1Uo1OjPN2Wo1;5K000000000O10000O1O1O1O1O1O1M3OiiXa2
20171021223430Lh_6,Sdf_22jo17H5OGhPNNUo12mPNMSo13nPNMQo12QQNMon12RQNOmn10TQN1kn1OVQN0jn10VQN0jn10VQN0jn1OWQN1hn10YQNOgn11YQNOfn11[QN0dn10]QN1`n1ObQN1]n1OdQN1Zn1OhQN1Vn10jQN1Un1NlQN3Sn1MmQN3Sn1MmQN3Sn1MmQN2Tn1OjQN1Xn1OeQN2^n1M_QN5cn1KXQN8jn1IRQN1KNUo13jPN11LWo1;iPNIUo15kPNLUo13kPN3Po17lPNCTo1;oPNCRo1;PQNEPo18SQNGTo12nPNM40[n12cQNML9_n1JgQNLF221an10ZRNOem11[RNOdm11^RNNbm12^RNMcm13]RNMcm14\RNLem13[RNMfm13YRNMhm13XRNMim12WRNNim13VRNNjm12URNOlm10SRN1lm1OSRN1nm1NRRN2om1NQRN1Pn1OoQN1Sn1NlQN20NXm10gRN2O1Zm1MgRN6IMam1NfRN5HMcm1NfRN4FMfm1OdRN3FLjm11_RN2Vn1NiQN1Yn1NgQN1Zn1OeQN1[n1OeQN1\n1OcQN1]n1OcQN1]n10bQN2]n1NdQN2[n1NgQN1Yn10fQN0Yn11fQNO[n10fQN3Vn1MYQN360^n1NXQN6<J]n1=bQNCkn10VQN0jn1OWQN1in1NWQN2in1NWQN2in1MYQN2fn1O[QN1dn10ZQN1fn10jPN331Qo1d05UOkPN>]o1O3L2M4KoX]Z1
20171021223430Lh_7,]hdh21io11XPN0dP<2UoE0YPN0ao1NePN1Xo1OkPN0Po12SQNNkn12WQNNhn11ZQNOdn12\QNNdn12\QNNcn12]QNNbn13^QNMbn12^QNObn10^QN0cn1O^QN0dn1O\QN0dn11\QNOen11[QNOdn11]QNOcn11]QNOdn10\QN0dn10\QN0[o11XOO]QN1cn1O^QN1an1O`QN0`n10aQN0Wo10XO0`QN0`n10`QN1_n1OaQN0`n10`QN0`n10`QN0`n10_QN0bn10^QN0bn10^QN0bn10^QN0_n13aQNM]n15cQNK\n16dQNJ\n16g00nPNJ_n12aQNN`n11`QNOYo10WO0aQN2]n1NdQN2Zn1OhQN0Wn10jQN0Un10lQNOSn12mQNNTn11mQNOQn12oQNNPn14m00SQNLfm11bQN4_o16XQNEjm1;URNElm1;TRNElm1:TRNGkm19VRNGim19XRNFjm18VRNHkm17URNJlm14TRNLnm12RRNNPn10PRN0Rn1OmQN0Un10jQN0Wn10hQN0Xn12fQNN[n13cQNMan11]QNOfn10XQN0in10VQN0^o10]O1SQNOnn11RQNOnn11RQNOon10PQN1Po10oPN0Ro1OmPN2So1OkPN3To1MkPN5Uo1JjPN;Ro1EUQN4kn1MUQN1ln12PQNOQo10nPNOTo10mPNOSo11mPNOSo11mPNOTo11kPNOUo11lPNNTo14jPNLVo15hPNLXo16dPNL[o1MiPN0K332ln1LWQN3N4hn1IhQN7Po12O4MIaPNK`o12dPNL37fn1KYQNOK<jn1D^QNb0an1^OaQN9fn1F[QN9fn1GZQN6jn1JUQN2Po1NnPN0Uo10jPN0Wo10hPN0Yo10fPN0[o11aPN1`o10]PN1eo13cTeo0
20171021223430Lh_8,cobc12ko14N0dPNLnn13PQN0Ro1LoPN6]o10N2O1N2N2N2K5000O102N2N2N000O100O1000O01000OO2O2N1O1O\P]Z2
20171027150050Bh_1,YVeW25ko12O7H1000O0010O01O00010O001O01ZQNFem19[RNHem18ZRNKcm15^RNKbm15]RNLbm14`RNJam16aRNFam19S1100000O2O000000O01O2N2NUP20koM1O1O2N2M3N2M2O1O2O01N4L3NO00101N2O1O1O03M0000O11O001O1N1O1O10O0000001O001O1O00101N1010O0O1O1000O01O100O11O01O000O10O10O1O2O0O1000O100O0101N1O010O01O102M1O01O001M4Infl`1
20171027150050Bh_2,gabn12ko17L1O1O1O1O1O0O1001O0O1000001O0010O10O100O1O2N2N2N1O0001O1O4M0O10000O00010O101cPNFPo1i0M0O10O00001O001O1O1N2O1O0O100O1O1O1O100O101O1N3KlRn00VmQO1O1ROKQRN5nm1NPRN3Pn1NnQN6nm1OmQN3Rn1OkQN2Un1NjQN3Un1NjQN2Vn1OgQN4Xn1l0O1N01O1O1O3M1O2N001O13M4K10N2O1N2M4M3M2N8I5I5@kZWj1
20171027150050Bh_3,afen13=0on10oPN9kn1GTQN:mn1DSQN=Wo15XO_OiQNa0kn10OO1010BBYQN>an1J]QN6cn1L[QN3gn1c000OL410000007MNVO]QN3Xo10001NQYho1
20171027150050Bh_4,SWke12no12M10000O2O0O1O100O100O100O10000O100O1O1O1O1O10O010K41O100O1YNBlSN>Tl1BkSN?Ul1AjSN`0Vl1@jSNa0Vl1^OiSNc0Wl1]OhSNd0Xl1\OgSNe0Yl1[OgSNe0Yl1[OfSNf0Zl1ZOeSNg0[l1YOeSNf0\l1ZOcSNg0]l1YOcSNf0^l1ZOaSNf0`l1ZO_SNg0al1YO_SNf0bl1ZO]SNg0bl1ZO^SNf0bl1YO_SNg0al1YO^SNg0cl1YO\SNh0mm1100O01M3M20100O001O010O00000O2N2O0010O010O1000O01O001O0000010OO1010O100O101O1N2O00000O10O0AlPN4To1LlPN3Uo1LlPN4To1LlPN3Uo1LlPN4To1LlPN1co1000001N100Okom02TPRO0O100O01O1O01O1O10O10O100O10000O1000000O0100000000O1000O10000O0O2O1O100O010O1000O010O1O1O100O1O1O2O0O100O2O00001OeQT11XnkN3N2N100000000000O2O0OZill1
20171027150050Bh_5,eabn1220fo1O700000000000?0Zok00YPTO0QP20moM0VP22loMNE0cPN1[o1OfPN0[o10;0ZP20PP21hoIOP]on1
20171029171010Mh_1,ialb23lo12N8XSNE\i1b0m25L2M2O1O0000O1O1O00oSNVOnh1i0RWNYOmh1e0VWNZOjh1c0\3N101O1OcSN@Zi1`0fVN@\i1>dVNB\i1>T3OCFTQN:kn1HTQN8ln1ISQN7d0D\m16oQN6d0E]m16nQN5d0G^m1f0aRN[O_m1f0_RN[Obm1f0[RN[Ofm1h0WRNVOjm1j0VRNUOlm1j0f0O1N1O1M3N2000000000000000000001N1O2O001O0010O1O1O0O2O0000001O000001O0lPN[Onn1m0N100O2N1O10O10O02OO001O000010O010O00001N10\QNSOVn1l0hQNXOWn1g0hQNYOZn1f0dQN\O]n1S10N2O1O1O3M2M4M1N3M2O100000000002O0001N100O2@kPN2<HWn13_QN442fn1OWQN5gn1LWQN6hn1d0M2N1O1O2lQNiN[m1Z1bRNgN^m1Y1`RNiN_m1X1`RNkN]m1U1cRNlN]m1S1cRNnN]m1P1dRNQO[m1n0fRNRO[m1l0fRNUOZm1j0eRNXO[m1g0eRNYO\m1f0cRN\O]m1c0bRN^O^m1d0_RN]Ocm1b0[RN@fm1?YRNBhm1=WRNDim1;WRNFim1:VRNFQn1R1O01O001M2M4N2N2O0O2O0O2O0O1O2O001O1O1001O1O3L1AfNWRNZ1fm1iNZRNNKm0km1UOPSN`0Qm1_OQSN>Pm1ARSN;Qm1EPSN9]n1N10001O000012NO010N2O5KgZ]Q1
20171029171010Mh_2,bUY`21PP40fPN0XO0O11OlP:0ToE2N1QONPRN2Pn12kQNOUn11kQNOTn11mQNOSn11lQN0Wn1MiQN2So100000`o?LcP@2O1O00100O1O000000001O1O1N1O1O1O10O01O100O00100O001O1O001O01O1L300010O1O000001OOO20O11O01O01O01O000O1001N101O1O100O1O2O0O2N3MXQ22gnM01O00Xi\Y1
20171029171010Mh_3,RmVZ21oo1000Ro91mPF000001O01O000000000O1O101O000010O0001O1O10O0101O1O1O01O0001O01OO10O3N1N1O010OAMRQN3kn10TQN1kn10TQN0kn11VQNOin11WQN0hn10XQN0hn10XQN1fn10[QN0dn14XQNLin14VQNMan1H]QN<1Lcn1H[QN<3Kin16WQNIin17WQNIin17WQNIin17XQNIhn17WQNIin1NSQNO43jn1MSQN023mn1JTQN104Vo1LjPN5Vo1JkPN5`o10000000001OnNLYRN2hm1OT100001O01OPTc`1
20171029171010Mh_4,gek^24jo14N2M4L2M200UQN@Un1b0_QN^O13^n1W1N1N2N2N101C^NYRNc1gm1_NWRNa1im1_NWRNa1Tn1O000UOiQNOVn1DXRN;hm1FXRN8jm1GWRN4nm1LRRN3om1LRRN4om1ISRN7kn1O0O5GmYZ_1
20171029171010Mh_5,Qeln01no13M2O001YNO^SN0al13^SNM`l14`SNLal14_SNJbl15`SNHbl18e1LTj=0mUB4L2N3M2O001O000010O10001O1O000O2M5JWVn0NkiQO200O02Nmjc0;gT\O4M2O2O2N4K2O8I0O00O100O001O0001O010O100O0100O2O0O10O1]QNQOSn1Q1jQNPOVn1Q1iQNnNXn1S192O4MO1O200O10O010O00O10O1O00001O0010jN`QNL1g0To1N1O010O1N2O1O0O2O0O2N2N2N3KlQ8OWnG2OOYPNOgo12O1O1O1O101N2N2N1O1N2L301N2O1jJ[OP[Ne0nd1]OQ[Nd0nd1\OT[Nc0ld1\OV[Nc0Yj1M21L00000000O10O01O001O100O1O1N2N2N2L5JiK1Y40O11N[S48^lK1N1001O1N2MWo1NaSL2\j19`UNM\j16aUNM]j13bUN0\j1OeUN2[j1LfUN4[j1JgUN5\j1FhUN7Rm1N2O1M5JaZ[d2
20171107222630Lh_1,ldfT17io11O00001N2N<D3M9G1000000O01N2K5L4YOnPN?So1@PQN>nn1CTQN<kn1DVQN<jn1CXQN<Vo110O1O10O1O2O0O2O0O2PSN^O^j1b0bUN^O_j1b0`2000O2N2N5K1O2N4L1O1N2O3M4K6K2M101O1`RNYNel1h1VSN\Njl1e1SSN]Nml1j1jRNWNWm1Y20O1TNhRNo0Ym1oNjRNP1Xm1cNUSN6B?Xn1@iQN?Xn1@iQN?Wn1AkQN=Wn1AjQN>Yn1^OjQN`0ln101OO1O2N2N2M4M2M[OXQN8dn1CaQN?]n1@dQNa0nn1010O01OO1O2N1O20OmLXOUWN`0ih1BWWN=ih1CXWN;hh1FYWN9hh1E[WN9Wl1N2Ofl5H`^Se2
20171107222630Lh_2,[jTn13mo1000000OVo=1hPB2N2O1O2F9000000001O001O0010O0100O7J0O001O00001N1O1O[QZ1MSnA0ePTO2N100000OPP<1PPD1M2O101N100O10000000000000000000000000000L4O101N3N2N1O001O0010O00000O1O2N9G1O10TOHQRN7om1IQRN7om1IQRN7Pn1HPRN8Pn1HPRN8ln100000J6O1OIfPNLWo15iPNMUo12lPN0Ro1OoPN1Qo1LRQN5kn1MUQN3kn1LVQN4Un1HSRN3H5Vn1IQRN1I7Vn1HQRNOJ9Vn1H^RN8bm1H_RN7en101O1O10O0ZOKaQN6]n1LbQN4^n1LbQN8Zn1HfQN:Xn1FgQN<Yn1BhQN>ln11000JgPNEYo1;gPNEZo1:fPNFZo1:fPNGZo18fPNH[o17ePNI[o1>0L4O10O1O1O1O100000000000000000010O01O2OO1O1O001O001N10004L1O001O0000O1O2HjPNCWo1<7O1N3N1O10FJkPN4ao100O2Nlo;0TPD2L3M301`PNFXo1:gPNHXo1`000100000O2O3M00O1O2N;E1M]n;KiQD2N100000O001NUWka1
20171107222630Lh_3,ZkbU11^P80\oI6_PNKUo15jPNMX1M\l16\RNNW1L]l16]RNKVo12[Q80QoG000iKOY4O\24aM1O1O02MXkc1MP[\N4hI0SQNO_m1NmQN3e0N]m10nQN2So1OmPN1To1NlPN2Uo1M_Qn02VgQOLb_N6]`1KP_N1]I5dg1Im^N6]I0gg1Jk^N7^IOgg1Ki^N7aIKhg1Oe^N6na1KQ^N4\JL[f1NZ_N6ZJNXm1OkRN0Xm1LYPf14oPZN7J4N3M1O1O1N00100001O2N1MUOCWRN<AClm1OeRN;_OKgn11^QNNbn12`QNL4Ocm15QSN0kl11TSN1Qk1F_UN:[O6Uk1A_UN;VO9Zk1[OdUN<nN;`m1@^RNO@4Rn1MkRN4Wm1KhRN5Ym1JhRN9Tm1HmRN6Sm1IRSN5]n1O1N01000NdJJVVN3V41Wf1NmYNOZic00gQ^O3M3N10O100O2M2MhSN2Wl11O1001N]oe03aPZO000dQo^2
20171108222430Lh_1,edj_13ko13N2bPNLmn16PQNOkn13TQN3en1h0K4M4L2N1000O2M2O2N1O2O1O3M1O1O1O000100O0001O1O1O1N2O1O2N3M3N000O2O0010O2M3N0O10O1O1O2N1O13NO02N01N11O1O001O000O2O1N11OVQN[O[n1a0cQNBan18_QNKdn10[QN2hn1HZQN9fn1DZQN>Ro12N3O5J3N1N2O001O001001O2N3MO1O00001O00XOTQN=ln1_OXQNb0So10O2O101N00O2N1O1N3M2N2N101N1O3N2M3MjW[Y2
20171108222430Lh_2,\jZa27Yo1JUQN:gn1HWQN9in1MPQN4on1?00000O1O001N2O2N1O1N2L400O1O0100001O001O01O0EERQN:Zo101O0000001O000001O000O10001O0O10000O1000000000O100K5O101O000001O0000O10000O2NPP:NRPF10010O1O1O001O1O1O1N2N1O1N3N2M200O1O00O101000000O10001@fPN8co1N100O1O1O1O0O2OPVkW1
20171122022450Uh_1,gUmP15jo12N2O0000000O2O0001O000000001O10O01O1O010O1O00001N2O1Nao]13[PbN3M2N200O100O1000O100O010O100O1O1N2O1NO111N2N2N2O1N2O2M2O1O1O1O100O10O010000O01000O10O10O010CYO`QNg0`n1]O\QNc0en1]O[QN9nn1IPQN7Qo1;1O00100O010O0010O0010O01O010O001O01O010O0O2N1M4N1000000010O00010O00010O0010O00001O001000O010000O100000001N10000000000O1000O100O1O100O1O1O1O10000O100000001O000000000000000000000000000O0101O0O100O100O2O0O101O001O001O001O01O01O00010O0001O10O01O1O1O001O1O1O0010O01O0010O10O11N101N1O2OO0100O01O010O100O010O010O0010O01O10O010O010O010O01O01001013MbPNFRo1f0N2N0O0010O0000010O001O1O001O1O1O001O100O1O100O0010O1000000010O0001O0O100O2O1N101N3M3N2N0O2O0O2O0000001O01O0O3M8I0O001O2OO01O1OdQNZO`m1d0`RN\Oam1c0^RN_Obm1?_RNAbm1=_RNDmm1LURN6jn11O001N2O0010O0000000010O000010O01O01O0100O010O001O001O00001N100O1O100O10000O010000O100O2O0O101O0O101N1O2M3N]hZV2
20171122022450Uh_2,hgba17ho13M101O0O100O100GCoPN=Qo1CoPN=Qo1CnPN=So1ClPN>[o1O100000O1O1OO1100000000001N100000000O01000O1O1O2N3K4O0O10]PN0Vo1OhPN4eo1MQXe[2
20171122022450Uh_3,o[mY21no11O1O2N10O01O01O010O0100O00100O01000O10000000O10O10O0010000O100O10O100O10O1000O100O2O1O2M2O00M3O1000000O1000O010000000O10L4N2O1OgdPb1
20171122022450Uh_4,`WWl0<bo14M2N2L3O2N2N2]QNVO2OVm1m0eRNXOO4Vm1f0hRNZOO2Vm1h0gRNYO11Um1]1jRNeNTm1]1kRNcNTm1U2N3N1O2M2N2O2M2O1O1O100O10000O100OiN_SNQOal1n0`SNRO_l1n0cSNQO]l1n0dSNRO[l1b0dSN`N2m0Zl1c0TTN\Okk1c0WTN]Ohk1c0ZTN[Oek1f0]TNYObk1h0_TNVOak1j0aTNUO^k1k0dTNSO]k1m0eTNPO[k1P1hTNmNXk1S1kTNhNXk1X1g10000oNPRN4om1JVRN3jm1K[RN3dm1MaRNN_m12eRNI\m18fRND\m1;T110O010O100O1O010O100O10O01O100O10O010000H`PN0`o1ObPN0^o1OdPN0\o10dPN0\o10dPN0\o10dPN0\o10dPN0\o70ZPJ0Xok30fPTL010PP^10[n[20fQVL0oo10XRT80RnWH0SoC0gQ:0Wn90gPZO0djbZ2
20171122022450Uh_5,`^bo07ho12N001O01NIKfPN6Yo1800010O010O1N2M5M101O00001O00000000001O003L>OC3N2N2N1O01O000000000001N100000000_PNI\o1=O00001O0001O001O1O00001O000000000O1O2N100000001O4L00001O00o`ck2
20180507140210Th_1,]j^j01bm50ZRL5L5L6L1N104L0O1O1O33K4J6I6JdP24YoM3N1O0003M2OO10003OM1O22L3M100152G6JoUUS3
20180726232450Bh_1,bfjR33mo102Nmng01mRVOOYl15eSNLYl15fSNLYl16e13DGPQN:Po1GnPN:So1DoPN;\o1O2O0OoSNG[h1:f3O10O20O001O1N2N3KoS40chK2\3<E2O010O02N100O10O100000O_QNE`m18`RNHfm11iQN1NMln15?2O1N101cQNFQm1:mRNGUm18jRNHWm18hRNHYm17gRNI[m16dRNI^m16W10bRNLPk12PUN0Pk1LRUN5]m100O3MllU2OTSjM2ONfR44SmK6N4M2N010O01O0000000000000000100O1O1NkLDiVN;Wi1EjVN:^l101O1O2MoUad0
20180726232450Bh_2,[obR31oo11[PNOXo12gPN0Xo11gPNOYo11gPNOXo13gPNMYo1=00O2H701O1N2O1O00000001O000L402N0O2O0AlPN2To1MRQNNnn12RQNNnn11SQNOmn10TQNOmn10UQNOkn11\Ph0OVQ81onoN2N2N1L5N2O1N3N1O1O00001O01O001O0O2O001O0O2O2N1O001O00000000O1000010O01O00000000001O0O10000O0100O100O101O001N2O001N100M301O001O1O01O001O001DjPNJYo15^PSe0
20180726232450Bh_3,ff\S31bP83ZoI1VNLPRN1b11]NNjo123NUPN0em32URNO1OK1\PNOko10\PN0Xo10hP40YoK0ePN0go10C0gPN0Yo10gPN0Zo10ePN0eo10I0^PN1co10XPN0WP80koG7]o1IoPNOon10SQN0ln10TQN0ln11dP2ObP60mnG0oPN0Po11oPN0To1OiPN113kn1LmPN180bo1ORP20ooM0\PN0Yo10hPN0Wo10iPN0Xo10gPN0eo3000PPN0H0^PN2bo1NZPN4ho10WXih0
20181012105930Ch_1,Xefd24io14M1O2O001O1O1N2N3NI7O1O01O2N1K501K5J6N2N2N3N2O1N01MO33J400BYQNCgn1<[QNCen1=[QNCen1<]QN_Ogn1`0=00000000MgPNBWo1<=GX\eX1
20181012105930Ch_2,jdVe21mo1010ZP20To12\PNNooM32M4000lPf02ToYONbo70_PH1HO^PN0dna12TQ`N4M2M2O0O100O10O01O0100000[QNEem1;ZRNGem19\RNGcm19_RNE`m1=P11O3mQN^Ocl1d0[SN]Oel1d0ZSN\Ofl1f0XSNZOhl1f0Y1101N2O002N1N2O00O1WObQNM`n12h0O1O1O1OV]gT1
20181012105930Ch_3,`_j[13lo12O1N2G800O100O001OO1N3O1O0001ACYQN?Ro11O2O100000OH_ORQNa0on1_OQQN>Ro1AoPN>Yo101O1O00001O100O1O100O100O100O0100O00L5000000000YPNO_o11aPNO_o1900000O101O0000100O10cPNHPo1:nPNGRo19mPNGSo19mPNGSo1:lPNFTo1:mPNETo1:lPNFTo15>000001O10O1O1O001O2N001N100O1000O1N1O201N100O2O0000001O000O2OVam]2
20181012105930Ch_4,e_n[11PP40ooM000oo10^oM0b00ao91_PF1jPNN\n12dQNN\n12dQNN\n16e00000O6K00mo=0SPB00000000000]aea2
20181030230030Lh_1,_dRg14ko12O01O00`PNMSo13kPN0To10iPN3Wo1;O100O100O11N1O1O2O00001O11O00O0100O11O105JO3M1O1001N100O2O0O000015K0O0103MO2N1_OE[QN=cn1D\QN=cn1D\QN=bn1E]QN=bn1B^QN`0`n1@aQNa0]n1@cQN`0\n1@dQN`0\n1@eQN`0Zn1_OhQN`0Xn1_OkQN`0Un1\OPRNb0kn1L0O2O2MUZoT2
20181030230030Lh_2,X]`c22lo15kPNOTn13iQN0AL\n12QRN`0Pn1]OoQNd0en12O1N2N2N2O1O1O1O1ON2A`QN_O`n1=c01O01G8N20hbS[1
20190605025430Lh_1,bSYW15io14N1O1O1O0N2L4N2N1O2M20000O010O2O1O100O10GTQN^Okn1b0VQN^Ojn1`0XQNAfn1?\QN_Oen1a0<0K6M3N2O1O1O100000OO2000O100O000001K4O0101N11000O1E\QNZOdn1f0;00000O0001O1O1O10000O1000O01O0D>M2O1O10[nTd2
20190605025430Lh_2,jPSc06go17J6J5J5L4L4L3M7I>C3M3McN[RNb0cm1]ObRNg0Vm1YOnRNe0Qm1ZOTSNc0ll1YOXSNg0hl1WOZSNi0gl1TO[SNl0hl1nN[SNS1im111O000001N001O0_QNhNYn15nQNg0Sn1TOSRNj0hn1J2L2N1K5M3O10O1N2O11O002OO0000O1OO2N2M3N2O1N2N2I\OQQNe0ln19O1O1O2O3L2N3N1N110O10O8I0XO]QN1cn1LaQN2`n1LcQN3_n1GeQN9Ro1O2M5KUn31jQL3OOcnlW3
20190605025430Lh_3,flTi01mo12hS82SlG8A;M210O01O000001OO1OOL51O10000M3MDRQNLkn15YQNIen18`QNC^n1>3HVQN7mn1<2N2N2O1O1MO2M40O01O1K4G:O01O01N2G80O2O00O1OAjQNZOTn1g0oQNUORn1g0d0O1010011O2N1Oe0ZO`RoR3
20190605025430Lh_4,jS]W11PP2000O1O000[OO[QN1cn1O^QN1`n10bQNO]n10eQN0Zn11fQN0Yn10gQNOZn10fQN0[n10eQN0Vo100000RO0lQN0Sn10nQN0Qn11fQN4^OLkn1OmQN0XO2jn1NfQN0D0M0]o10J0c00ePN0`n12h0O10101O000100O1SQNNkm11Q1200UQNMim13R10TQNMjm13VRNMjm13VRNNim12XRNMgm10]RN0bm10^RN1hn10kNO[RN2em1N\RN0fm10Y20aN0bo50gPJ10010000000N2N2jPNK`n16`QNJ^n18bQNHWn1>iQNBUn1a0jQN_OWn1`0]QN@Qo1`0lPN@Wo1?hPNA\o1<cPNDao197M3Kdm3?lQL<E6K3M2N01O1O1M3M4L3O2N1O2N2O2O3M2NiNEgRN9Xm1HjRN7Um1ImRN6Rm1HRSN7nl1HTSN8Zn10mNH]RN7bm12VRNNjm14URNImm1MbQN1VPUb2
20190605025430Lh_5,bQac01Vo90XRF0Pm10^S80Vm10YQL0YPX27\oaMIbna01TQ^O9K9I4M101O00B>0TKGQZN8oe1KQZNLVf17g43N2N101O00O1M_PNEZ42jf16YYNL\k11O01N\o1NoPL0]o12lP2Mk01\mMObRN3]m1McRN4\m1LeRN3al5MiRL1en5OPQL0foM0gm11ZRN0WQ8OinG1L0no10TPN0O1F6\QNHim10W10ZQN0_m10`RN0_m11V10YQ2OYmM0RSN0ll12TSNNll11USNOkl10lRN0\n30YPN0To70[QJ1lS>1ek_O1O1000NenTR3
20190605025430Lh_6,Ue`c17ho102NlN2ZRNKhm18n03M2N1O1O102O3K2N3M1O<CkN`QNM0h0bn1YOjQNc0Un1]OlQN?Wn1AkQN<QZY[2
20190607032610Mh_1,VSUR2;ao15L4M2O9G3NO1O1N2O1O100O10O0M3O2O00O2N10010000000O100N2O1N2N10001O0O2N100O1001N1O010O1010O01O000J700000000000001F9O0O1M01B?00DPQNJQo15RQNImn165:hNHcRN:`m1o040001M2O2L4M3O100N2O1O2M20000O10O1O0O10IZQNTOn05`l1g0fSN[OYl1d0hSN[OYl1b0kSNZOXl1d0e1L5DUQmg1
20190607032610Mh_2,^nXX17go15M1N2O001PRND[l1;aSNL_l10^SN4el1GZSN<Tn11O000001N2O1N2O2M3M^R:0bmE4M2M3M3N2M201O1O001O001O010O01O10000O1O1O2O0O1O2N1O100O1O1O000O100O10YFHecN8[\1LbcN4^\1LacN5^\1LacN5_\1JbcN6]\1IecN7[\1HecN9\\1EdcN<oe1100N2O1O001O1O1O001O001O001O00010000O2OaH\Ob_Nd0X`1M]_N2c`1O]_N1a`10`_NO``12__NMc`11__NNb`10`_NNc`10__NNi`1IY_N6Yh100O1O10YIGf]N9Zb1He]N9\b1Fc]N:Pi12O00100O0100O1O1M201O100O100O1OCLoPN4Po11mPNNSo1`0RJ\O_\Nd0bc1]O\\Nc0dc1]O[\Nd0ec1]OZ\Nc0gc1\OX\Nf0ic1XOW\Nh0`i101O0O2OhH[OX_Nc0g`1BV_N>i`1DX_N9h`1IZ_N3g`1L\_N1e`1O\_NNf`10__NJe`13c^8LSiG7J=D2N10O001N3N1O=AZj93eUF3`NJPSN:kl1JTSN7jl1KUSN6jl1JVSN7il1HYSN8gl1FZSN:Wn1O010O2N100OeSNMjh13nVN8nh1InVN;Ri1EkVN=Ui1DhVN=Zi1CdVN=]i1DaVN9ci1H[VN6hi1KWVN4ji1MUVN2li1OTVNNni13QVNLii1FoSN:X2Nii1IQTN7V2Oji1JRTN4U22ji1HTTN3S25Sm1O1O01N1YQNDjm1>BKhRN5Vm18_RNH[m1k0YRNTOgm1n0XRNROhm1o0XRNlNkm1T1a0O2M5J9^OjSmZ2
20190607032610Mh_3,]RcY12lo15L3MHbPN1\o1NhPN0Vo11lPNOQo11RQNOln10WQN0gn10[QN0Zo1010QP60ooK0PP20UoK0k00000000gPN0`n12g00TP2NmoM1bPNOln11a01002NO000^PN0To10lPN0To10kPN1Uo1OkPN1ao11CNlPN2ao100Obo1O]P40ko50WPD0i00Wo10mo=0TP@0O0O2OOlo9OioE0k00So10mP60QoK0bPL0]PN0Uo70RPJ0hPN0Wo14fPNLXo17gPNI10on11mPN11N30on10WQN0I0on11aQNO^n11bQNO^n11bQN0]n1OdQN1\n1OdQN1Vo1O0001UOOfQN1So1101YOM`QN2bn1Ni01TP2OWPL0Yo10dPN1^o11\PN1fo132Mlnj^2
20190607032610Mh_4,`nTX13jo16JKcPN0Wo11nPN0mn11TQN0S1LTl14kRNOP1OTl12lRN1l01Vl1NoRN1g0LmN2]m11nRN3<0@I\m11dRN7>MFK\m10[RN;b0GJN[m16XRNOa0MMN_m11URN2>ONOjm10WRN2OM[n1:eQNF[n1;cQNE`n1:_QNEdn1:ZQNFjn18UQNHUo10hPN1Yo10dPN0^o182N2MSP[f2
20200806072410Th_1,_c[P21no12O001O0000000YPNN`o190000O10000O1N7J2K4O2O001O001O04L1O1O1N2O001N2O1O001O3M000000000O100O100O100O100000O100000O1000O01N110O0100000000000001O000000O100O00100O100O1000O0100000000000000O2O0000SONmQN1Qo1000010O0O10XO1g00000000000OaP81_oG0O2O0GMePN3[o1MePN2[o10cPN1]o1OcPN0^o10bPN0^o10bPNO_o11aPNN`o12_PNOao18001O5K00000000000O10O10O10000OJ0^PN0bo10^PN0ao11_PNNao19OM40000000000O10001O3MWQNOjn10^n35\QL2O1N10000O10000gQNFll1;\100000O1000O1000O10O1JoQNKcl15\SNLdl14\SNL`l18`SNI^l18bSNH]l1:bSNE^l1=aSNB`l1?U1ATQN`0ln1@TQN`0ln1ARQN`0mn1AQQNa0on171N2O101N101O000000lQN\Oml1d0QSN]OSm1?mRNBRm1>nRNBRm1>nRNBRm1>nRNASm1>X1000O10000000O1N200O2O2N001O00000010O0001O00000000000O1000000000000000000O1000001O00001O001O00000O2Og]f_1
20201228202510Mh_1,fZc\13ko14M2N1O2O0lPNEcn1;]QNEcn1<\QNDdn1=TQNJln1e001O1O1O03M2O0O2N5K2O2M001O000000000000010N1000000O2N100O100O010O1O3M101Mjd``2
20201228202510Mh_2,R\Ub21mo13O0O2N1POLaQNN77Wn1LaQNN86Wn1L`QNN96Xn1MPRN4Pn1LoQN4Qn1LoQN4Qn1MnQN4Qn1MnQN3Sn1MlQN3Vn1LiQN5Wn1JiQN7Wn1IgQN9Yn1FgQN;Zn1CfQNc0hn12N1O10AnPN0Qo11oPNOPo12PQNNPo11QQNOnn12RQNNnn11TQNNln11VQNNin11YQNOfn11[QNOen10]QNObn11_QNNbn11`QNM`n14e001O010O01O1O1O00001O001O0100O[QNGem19ZRNHfm17ZRNKem11^RN0dm1K^RN6fn10000O2MPdVZ1
20210101202450Bh_1,]big28go13M2O1N101O1O1M3N1O10N102M3MVo1FTQN6L2N1O00O2M3M4LRO8e04_O`0O0O10M3G8O20O02O01N100O10N2N3M2OAIXQN6in1>2O101N101N2MbNC_SN6dl12YSNKfl1:XSNEhl1=\12N2N2O1OO2O001O2N1O0001O2N100O2N00O1N2O001O1000O01O00O1ROFWRN;gm1GYRN8gm1E\RN<cm1C^RN=bm1D\RN>dm1B[RN>em1CZRN>em1CZRN=fm1DYRN;im1FTRN6Qn1LmQN2Vn1NjQNOYn11hQNJ\n17eQND^n1;d000O2N1000000000O100O10O0O2O1O1O2O1N4K`djP1
20210101202450Bh_2,mbWU22mo12O1O1O001O0O1I7O100O1O2L4O1O10O000O2O0000000000O100O1E\OYQNe0en1<O1000002O2OOO1O001O00010OO100O1O1O001K40100O1O10000000O1MJZQNXOcn1i0_QNWOan1f0>O1K6E<JV^ff1
20210101202450Bh_3,YYWe06ko1M2000hPNNbn12PQNa0kn1_OTQNf0en1]O[QNb0Yn1[OjQNR1Tn16hQNfNSn1a160M3N2N4N02N1M3N4K2_OhQNYOYn1f0iQNXOXn1f0b0N2O1N7HAFcQN2Yo1MTgPY3
20210127110130Ch_1,b[ha24fo17N1N2J6O1O01IjPNDnn1OSQN=So18O1001N2O001O1000O02N101O001OjPNCin1=VQNFhn1:XQNFhn1:YQNFfn1:[QNEfn1:ZQNFfn1:ZQNFfn1:ZQNFgn19YQNFin18YQNGgn19ZQNFfn1:`0O1000L40O0100001O001O0000000000100000O010O000100O3M1O1O00BLQQN2Po1OPQNOQo11oPNNSo11>01O\ekY1
20210127110130Ch_2,bYee26go15M1M2000K5O11N101M3O1N2MLkPNFon1:TQNNcn12^QNNan12`QNN`n12`QNN`n11cQNM\n12iQNLVn13mQNKSn12n00N3M3K5N12N2M3M9I_g\X1
20210127110130Ch_3,^_ok11lo13I7F:O1O1O1O10O1O100N2O1O1OL36K1O10000O01O1N200M42M1O000O1M300O100N3N2O2M[adQ2
20210127110130Ch_4,\aal12no11PQN0mm11nQN7om1JoQN8Pn1JnQN7Qn1KmQN6Rn1KmQN5Sn1KkQN6Vn1KfQN8Zn1IdQN5_n1L_QN5fn1FYQN:hn1DZQN<gn1CYQN=gn1CYQN<hn1DWQN;kn1ETQN7Qo1KmPN2Vo1<O0O200OCoPNMQo11WQNIJ3cn12dQNKI3en1OcQNOG3Yo1MgPNOY]jQ2
20210219230330Lh_1,lba[12gh13Y^N3ba1N\^N5ca1K]^N6Uh1JXQN6fn1MYQN4en1NZQN1fn12XQNL[m1KTSNOJ<HC\m15nRN0M:]m1IcRNN09Ym1NcRNL53Xm15_RNJ:OVm1n0jRNQOUm1Q1lRNmNTm1U1mRNiNRm1Z1lRNfNTm1\1jRNdNVm1a1eRN_N[m1b1dRN_N[m1a1eRN_N[m1a1eRN_NZm1a1hRN]NYm1X1l0O002kNeQNe0Zn1ZOlQNb0Sn1^OoQNa0Pn1_ORRN`0om1\OTRNe0cn12N2N000DVOaQNk0\n1=01OO101N0N12lImNY]NU1ib1kNP]NY1Rc1hNk\NS1]c1mNa\NT1ac1kNR\Na1Vi1000M^NPRNZ1om1iNSRNT1lm1mNWRNo0im1SOcRN`0]m1AcRN=^m1DbRNLmm15WRNClm1?j00L3O2N100O1_O@bQNa0]n1C_QN<dn196L4M2I531ON3O01O2M3M3N3L2O2N2Lco30]PL3M3N1O1010O0O1010O1O1O10;IL4F6N2O2NfQ:M]nE4L04LYn?1gQ@0]P61boI1UNLhSN5Sl10aRN1g00el10cRN3h0Lcl13dRN2k0I`l16eRN0m0I\l19hRNLcn14`QNH`n18d00O1N11O010O10O01000O2L4L4N2O10000fRN]OWk1c0ZSNZOn04hk1a0ZSN[On03SOOc0N[j1d0SUNYO`18ROKP2NWe1f0VZNBg1JSd1c0WZNAg1LSd1b0XZN]O_j1:e2NnXNG^^17iYNJPn16m001N2NoUNNRj12WOMdQN4[n1MeQN3To100O2N[k72WVFLX10oh14gUN0X1N`j12h2NhbXY2
20210219230330Lh_2,[_gl21oo11O0O1O2N3M2N1M301O01O100O02O1N1O1O001O001O1O01O0O101O001O0000010O1O1O2M3N1O1N1O2NnP\11QocN101N2O0O1O1N2[OK^QN6Qn1EnQN:M3Sn1U1O101N2O100O13M1O1N2N1O2N10`RNeNYl1[1eSNhN[l1W1dSNkNel1k0ZSNWOfl1i0YSNWOhl1h0XSNXOil1g0WSNYOjl1f0USN[Oml1d0RSN\OPm1c0oRN]ORm1e0jRN]OUm1e0bRNB^m1?`RNB`m1>_RNCam1>]RNCcm1]1N2N3_RNhMXm1a2N10hMkRNe1Tm1[NnRNd1Rm1\NnRNc1Tm1\NlRNd1Tm1\NlRNd1Um1XNnRNh1Sm1TNPSNk1]m160oM\RNf1dm1ZN_RNc1am1\NdRN`1Pn1O1N2O0O2N2N1O1O1O001O1N3N1O2N1O1O1[ORQN7on1B[QN9Wo1O1O1O1N2Nb]\j0
20210607142350Bh_1,m[Yj11no11N2]PN1Wo1c0oPN[O[n1`1C0000O1O012bNiQN`0So1EmcnT2
20210627163630Mh_1,iblZ16io14L4N10O1N2O000O10001O0010]OJYQN6fn1MXQN3gn1OYQN0gn10XQN1hn1MZQN3[o1O0000O10O1O001OQOMRRN2om1NPRN2on11O1O001O1O01O010O00WOKhQN5Wn10dQN0\n15_QNKan18\QNIcn18\QNHdn1:ZQNFen1<ZQNEdn1<\QNDdn1;\QNFen17]QNIen15[QNLfn12ZQNNhn10XQN1hn1NXQN2kn1NRQN3on1?0O1O1APQNMon13RQNLon13RQNMon11QQN0Qo1MPQN2`o10000O01O000[OL^QN4an10\QN0dn12[QNNdn11^QNNbn11aQNLbn11aQNLan13h0N^\[`2
20210627163630Mh_2,e`_l13ko14M1O10000000000000000000O10000000O2M201O001O001O1O1O1O0000000000000000000O010O100O10O01O0100O10000O10O1000000000000001O010O001K4O101O00000O100000O10000O2O2N00001O00O0100O010000O1O1OL41O100O102M2O00000000O100K50O2O00001O0000001O0J7Lo_Vl1
20210627163630Mh_3,gfiR2264Zo1<L3L5M3M2O1N2M3H8H7O2O1O01O1K6M4L9QO^QN0Yo10000O100O101N1O1O2NYP:NjoE0I0]PN0do160O1O01000000O100FJjPN5Uo1<00hPN_OPo1b0PQN_Oon1a0QQN_OPo1`0PQNAon1`0PQN@Qo1g01O1O1O0100001N2O1N2O0O100O1O1O1O100O1O00001O0O3M2NUP`0Omo_O2N7I2N1I6O1O1O2O0N2K6G8O2O0O12N4L3L6TORQNL62_Wbf1
20210627163630Mh_4,V_YU1c0\o18eQNXOol1m0hRNDjl1c0QSN_Ojl1e0WSNZOel1i0]SNUO`l1l0eSNoN[l1o0mSNjNTl1T1]1E5N520EWQNAkn1?:1gQN^OSm1b0nRN^OQm1?jRN@YONPn1?dRN0\m1NcRN5\m1LbRN6^m1JaRN6`m1J`RN4bm1L^RN4cm1K]RN5mm1JjQN6Wn1MeQN3\n1MhQNOXo1M^`nh2
20210627163630Mh_5,djPS12lo17D?E6L2O2L7K3J4LoNnQN:Rn1EPRN:Pn1FRRN7om1GWRN3mm1KURNNfl1OfSN3FGjl1=o12O22JSWik2
20210627163630Mh_6,nfV]12mo12O1N2O1O1O1002M0O1O1N201O1O0001O001O10O0001O0000000WOObQN2^n1NbQN2^n1NbQN2^n1O`QN3_n1M]QN7cn1I]QN7cn1J\QN6dn1K[QN5en1MYQN3gn10VQN0kn10TQN0mn1OSQN1nn1OQQN1on1OQQN1on1OVQNLjn14VQNLkn13UQNMkn14TQNKnn10VQN0jn1OWQN1jn1NVQN1]o10O10OUONgQN4Zn1KfQN6Zn1JfQN6Qo11O1OO11^PNJYo17hPNIWo17kPNGUo182IfPN7[o170O10000O10M2M40O100_OiPN8Xo1HhPN7Yo1IiPN4oXU^2
20210627163630Mh_7,Ta]a15jo1101N2O2N2N1O01O0O5L2N2N2NoPNOQo110000O2001O00[o10cPN2N2N2N5L1N2O1O10O010O000000010O0001O001O001O0O2O1O1OBPQNMon12SQNNln11VQNNon1LRQN5dn1LdQN5Zn1LfQN4Yn1MgQN4Xn1LhQN4Xn1MfQN4Zn1LfQN3[n1LfQN4Zn1LeQN5Qo12O001O1001O00031N1M3N5K1N000OZ]jY2
20210627163630Mh_8,P`iU11ko11cNOQSN1_n1000000O10G0]PN4cn=0oQHLbnK3e1N^_lh2
20210627163630Mh_9,hklR18io1O0NT16fN4K4I6fMXOYUNj0ll11NMCXOlQNl0Tn1TOlQN`0FF^n1JlQN7OO^m1JiRN6E14ORn1MoQN036fm1H]RN3M6Zn1IXR6NXnI3<5N110OO7HUS]k2
20210701163730Mh_1,dcj`23lo12O1O1O1O00000000000eMJlTN7Qk1LnTN5oj1MQUN3mj10TUNNlj13TUNLkj15WUNIjj16`20101N1O1O00fPNLin13WQNNin11WQNOjn10VQN0kn1OUQN1ln1NTQN2mn1OSQNNnn14?0O1O1O1O2ZRNGbk1:\TNGck1:]TNFdk19[TNHfk17ZTNHhk17WTNJjk15VTNIlk17P20O001_RNJUk17iTNJXk14hTNLYk13gTNM[k11fTNN\k10eTNNcme00am[O2SUN0lj10TUN1kj1OUUN0lj11SUNOok10`11N3N1O1N100lQNI`l17_SNJal15`SNK`l14`SNL`l14bSNJ^l16bSNJ^l16]RNJe0Onl17\RNLe0Mol17\RNLhn14XQNLhn15WQNKin15XQNJ>O\m17^1101O001O00001YNIcSN7]l1JcSN5]l1KcSN5]l1KcSN4^l1KcSN5Tn1000000000001O000001O1VNGlSN9Sl1GmSN9Sl1HlSN9Sl1GmSN:Sl1DoSN<jm1010O1O001O000ZQNAkm1`0VRN@gm1a0YRN@fm1`0ZRN@em1a0[RN@jk1NTUNc0RO^Odm1b0n0N2O2M2O0000000OK60000000CgPN4Yo1JhPN7ao1O0100O1O010O0000010bMKPUN4Pk1LQUN3oj1MRUN2nj1NXSNMW16Ul1LkSN3Ul1MkSN4Sl1MnSN3Rl1LnSN4Pn100O0010O01O01O0010O`MOQUN1oj11PUNNPk13PUNLoj15RUNJnj17QUNIPk16QUNIQk16nTNKUk10lTN0cm1N2ORnQ10mQnN3N3M2N00O010NPR`0Kin]O0ln12RQN0mn1OSQN3kn1LVQN6[o1N1O2N2M`[_Q1
20210701163730Mh_2,alZc21oo11dK4_XN0_g13`XNKXg1NmTN9Vo1;M4L3N2N1O1000O0ZOVQN8in1FZQN;cn1E]QN>`n1B`QNa0^n1^ObQNc0]n1]OcQNLLa0an1^OeQN2N?hn1@_QN<To1O1N[SNFbMO_k1;kVNHbM3Wj1JfVN:R2Mdh14_WNGah1<a33_QN_Okl12dRN?[n1AgQNb0T1\OQl1e0iSN]OWl1f0fSNZO\l1i0_SNWOkk12dSNd0>[Omk12eSNf0`m1[O`RNf0bm1TOiRNe0[n1N2M8F4N1MUQ23knM1O0O2RMIPVN7ni1JSVN8jl11kPNH_n17_QNL`n14`QNN_n11aQN1]n1OeQN0Rk1JaWN6^M0oj1NaWN1`M1oj10_WN0bM1lj1NfWNN`M3jj1NbXN2^g1LdXN3]g1LgXNO]g1OjV>0`mA1OOPR`0OiPSW1
20210701163730Mh_3,d\[S18Zo1d0H4N4ZQNUOQn1]1019OI00O00O2O1N3O2M21O2O`RNXNal1l1TSN\NTm1[1iRNjNUm1U1iRNnNUm1o116NA<L3M4M3M3M2N1N3N2NgNaNRTN=XO2el1FPTN6AN`l1GTTN:[n1L5IRaZj2
20210701163730Mh_4,[_Ug1=ao19I2M3M2@TOiQNn0Vn1TOhQNk0Wn1ZOeQNg0Zn1`0N11N0H7G:0200O1O10aQNVOhm1i0[RNWOdm1g0P1J6J2L4MYaZW2
20210701163730Mh_5,ihZR11lo15L3N101O1O02N2N2N1N100000000001O00001O0O1M3O1001O010O01]OF^QN:bn1H]QN7cn1L[QN3fn1NXQN2hn1NYQN2fn1N[QN1en1N^QN1Xo10010O01O10O101O00O001@IUQN7Zo11O1O01O0O2O004KhVUj2
20210701163730Mh_6,blPQ32mo130Nkm11TRN3M20O2K_Pd02ao[O2N3N2M:F1000O10O2nPNZOfn1R1N1O7H6J2N5L5ROWN[SNn1_l1\NXSNIL^1jl1jNZSNFN`1hl1jNZSNC3a1bl1mNQTNm0Tl1nNoSNP1Ul1lNlSNS1Wl1hNkSNX1`m1O44JO000O1N7H1K50000000103M6J2M4FlRUk0
20210701163730Mh_7,j\kZ22mo12O2M11N[P>LioA2O0O2N100O10O1000O01O10000O010000000001O0O2O0O10000O10O10000000000000001O01O100O13M1O00O010O0000O1N102O00001O00TP8OdbX`1
20210701163730Mh_8,khRd21[P:0foG0cN0^QN0jo1301O0dQNL21Wk13XVNMhi1OYSN3a1Mdl15RSNKZm13gRNMVO0b01jl12cRNM40:2ml12ZRNLco15]PNKco19mPNGdn14d03MM]PNL`o14aPNL`o12aPNN\10bl12lQN1c1M\n10]N0bRN0B0Po14fPNLlTWZ1
20210701163730Mh_9,l\[S11[P60d00]o30UnM0dQJ0_RN0aM0SP40Xj92\UD1O1N0101O001OeTNNkK0bj11SYNOjg11^YN6di1Jl022Nik3OgVJ5Rk1LmTN7Qk1IoTN8oj1IXTNOUO8dl1IWTN1RO7gl1HXTN1oN8Z2M[g1JQXN9c0O\g1GRXN3h06Wg1FU[N;Xj10001O0M3LZl=0ZSB3lPNOln1g0N11Gc0Emc^h2
20210701163730Mh_10,X[cT11no11M3O1O1OJ[PN2eo1N\PN2bo1O_PN1`o1N`PN4eo11JK`PN111`o1OaPN2Yo1MdPN242Vo1LePN353So1JhPN364Po1OQQN1mn10TQNOin14WQNMkn10VQNKon15>NYPNKgo14ZPNLfo14ZPNLeo1440O100100000O000000000000000000000000000O1M3O01000002N1O2N1OYePh2
20210701163730Mh_11,]\ga27ho120000O2\OG]QN;an1I[QN8dn1JZQN7dn1K\QN4dn1K_QN2cn1LbQNMV1OTn10[o?0cP@3OO2O_NMd13OOZQN4an11N2N2M2O2M3N2ZOBfQNb0Yn1AcQN>`n1C_QN8dn1J]QNOhn12YQNIln15b0K5Mc1N_N010Ub^[1
20210701163730Mh_12,S][]21oo1000dQ<1[nC1O0O2M3N1EImPN8Ro1ImPN7So1JlPN6_o1O1O1O100000O101O0O2O002N1O1cNESSN;ml1ElQNNU1<Pm1GQSN9Rm1CoRN=Zn1O100N2N00101O10gNMeRN2[m10dRN0\m10dRN0[m12cRNN_m10aRN1_m1N`RN4am1J_RN7cn12N1000N3O1HQP6NWPJ5L1M2ZOIdQN7\n1L`QN55Hem16RRN2:Hdm16RRN1;Hfm15oRNKP`\^1
20210708060030Lh_1,ma\S166K\o1`0MM301O1O0003N2N2O0N3N2ON5LO1000O6KO001O00O1O10001O00000000WOFmQN9Rn1KRRNMPn10Q10V^]j2
20210708060030Lh_2,UbYR32mo11000OanU13\QjN3N2N5K4L2mPN]Oen1e0YQN\Ofn1d0ZQN^Oen1b0\QN[Oen1e0<O0000000000E;N3M3N3M2N2O1O000O1OEhQNPOVn1Q1<1O00000O2O0O10000010000000CbQNXO^n1g0cQNYO_n1d0bQN[Ocn17gQNH[n16gQNH[n17j0M1O1O2NWl70WVH4[M7K3N0O1O1O1N2N2O10000001N101N1M3O1N2N2N2O2N2MgSN0Xl13O01O010O1O1OJ3lJNaZN2_e12\ZNOee18RZNIoe19mYNGUf1;bUNAj32gf1j0XYNVOhf1i0XYNVOjf1i0VYNXOjf1e0YYNZOhf1c0[YN\Odf1d0]YN\O`f1g0_YNZO`f1h0_YNXOaf1;aUNEm31af19mYNHUf13mYNMTk1O2Ln^de0
20210708060030Lh_3,\eam11mo14N102M1O1^PNI9Nan1b0^QNB^n1?`QNAan1a0]QN^Odn1c0[QN\Ofn1e0;0O001O1O03@lPNOTo10lPN1To1NlPN3To1LlPN5To1JlPN6To1JlPN6To1NlPNOSo11nPNNRo12nPNOQo11oPN0Qo1NPQN2Ro1KPQN4Po1KRQN4on1KRQN5]o1O1O1O00100O010O1O00Ro15iPN0O11O4L2M\Z`o1
20210726041650Uh_1,XYgS13lo12N2O1N3L4iPNFan1`0ZQNF`n1P1M6K1N2H8N4M1O1O001OeN[RN;em1E^RNEK0gm1:`RNDL0dm1<aRNCL0cm13mRNJB3`m11SSNH_O6^m10fSN0Yl10hSN0Xl10hSN0Wl10jSN0Vl10jSN0Vl10jSN0Vl10jSN0Vl10jSN0Vl11jSNNVl12jSNNVl12kSNMUl13lSNLTl14l1000010O0000000O100000000000001O0000010O01O00001O000010O01O1O010O0010O10O010O10O10O11N100O100O1O2N3LcPl02[oSO3N2N2N1O101N10000O11O0O10000O2O1N2O0000000O1O100O1N2O1N_eVd2
20210726041650Uh_2,jXW`17ho12O1N101N00100O01O101O00001N10001O0000000001O001O001O0010O01000O1000O010O0100O10O01000000105KO010OO4M9G1O00OhQNVO[m1j0]RN]Odm1b0ZRNAgm1>XRNCnm16RRNIQn16nQNJTn14lQNKVn14kQNKVn14kQNJWn15kQNEZn1:h03L06I0100O10O01001ObPNNln14PQNNQo1`00010O01O2O`N_OaSN?^l1DbSN;]l1FjSN2Vl1OnSNKTl15l11OO1N3M2O2LbfnY2
20210730044930Lh_1,Zfdk18go12M3N3N0ZMAlUN?kl1O101MaMEaUN3ai7OfSJ6K3M3M00100VOAQRN?U2Ajh13QUN<T2Ajh14SUN;im1CZRN<fn1O102N2N1N10jPNL`n15]QNKi1O_j16hSNKg11`j15hSNIh14`j13QVNLPj15oUNKQj17lUNJUj18hUNHXj1:gUNEYj1<iUN@Xj1`0e2O0N3O1O001O1002N4L02N2N[OCfQN<Zn1DgQN<on1O1O2N1O2N1ORQb00nn]O3ZN1USN1hl11XSN0fl10ZSN1fl1M\SN4Xn10000O1000000O2O0010O0001O000001O00000000O1O1N3N1MkYSn1
20210730044930Lh_2,ebii16jo11O1O1O10000O010000O010O010O001N2OXoQ2MjPnM2N2N1O1O2O0O10000O10O100O2O1N2N2NbnU14ZQjN2N2O2M3M2O0O2N1O001O010N110O0100O1O100O1O010O001O00001O00000000010O0001O01O00100O0O1001O0000001M3O0001O010O2O00001O00000000O2N10000aN@^SN`0_l1G]SN9bl1J\SN5dl1MdSNI]l18hSN@Zl1a0b11O0001O00001O000O1O1O100O1O1O001O000000100O2N2Limk0OYRTO4N0001O1O2Ljnm02TQRO3O1N10000000000O2O000O101N1O1O1N200O1000000001O001O1O1O100O010O1O1O1O1O2Ljoc1L[P\N2N2O1N01O2Maoa10`P^N2N2O0001N2N`fna1
20210730044930Lh_3,ZglV35lo1O1O0O2Omn55nPJ2N2O3M1O1O2N1O010O001O01ND@ZQN>en1D_QN8_n1JaQN=Vn1DkQN>Qn1DoQN<Pn1EPRN<om1CRRN=mm1CTRN<lm1DURNL@7Zn1M_RN3am1M_RN3am1M_RN3am1N^RN2bm1N^RN3am1M_RN3am1L`RN6^m1JbRN7^m1HaRN9_m1GaRN9_m1GaRN9_m1DeRN;`n1O101N10001O4L3LZXme0
20210730044930Lh_4,bYad24lo10GMfPN2Yo10hPNOdn12aQN0KNbn15`QNOMM`n17bQNLhn18VQNIin18VQNIhn1:UQNHgn1j0M3O1O1O10O0TOaQN9_n1FfQNHJ4_n14jQNEH7^n12TRNNkm11WRNOim10XRN1gm1NZRN1gm1OXRN2hm1NXRN1im1OWRN1im1OWRNOkm11VRNMkm13Q100000000O1O1OgPNOen11ZQN0fn10ZQN0en11ZQN0fn1O[QN1dn10[QN1en1O[QN1dn1O]QN1cn1O\QN1dn1O]QN1cn1N]QN3bn1N]QN2dn1N\QN2dn1N[QN3en1L\QN4dn1L\QN4cn1M]QN3cn1M]QN3cn1M\QN4dn1L\QN4dn1L\QN3en1M[QN2fn1NZQN1gn1OYQN0hn10XQN0hn10WQN0jn10VQN0jn10VQNOkn11TQNOmn12QQNOon11PQN0Po10oPN1Qo10mPN1So1>001O0010O00100O1O100O1001N101N100O1001O1000N10010O1O2N1O1O0O1O100O1O00001N2M2OmffT1
20210730044930Lh_5,dbhf21X10^m10bRN0^m11aRNO_m10aRN1gn1000000010OOan10_QN2O1O1O1N2O0TQNOim12URNOkm13SRNMnm13QRNMom14PRNLPn15oQNJSn15mQNKTn14lQNLVn13jQNLWn13jQNKXn14iQNJYn15j00O00001O00001O00000000000001O01O0001O1O010O0001O010O1O0100O10O10O1000O010O01O01O01O010O00BJSQN5mn1MRQN2nn1NSQN1nn1NRQN2_o1O1OQo?1nP@00000nPNNYoc00ko]O0oo10PPN10000O1000O100000O11O000000foU36SPjL2O0001N5KQPT1NRPlN2NOn\ml0
20210730044930Lh_6,]j\h12lo13N2O1O1O2M3N1O0001O010000O13MO100O100O20O4L20N2N2OO1N1O2N1N4LhTcU2
20210730044930Lh_7,^cjk13mo100OTPN2ho16N2M1OO^PNEao1=\OCfQN=Xn1GfQN8Zn1DWQN5;MH0dn1O_QN0>0Sn10bQN1So1OPQNOPo10PQN1`o1OiPN1mm1ObRN2om1N`QN8Po12jNFdRN:]m1FbRN:_m1FlQN05:Pn1F^RN:dm1GZRN8im1HTRN8Xn1G^QN8cn1HaQN2Yn1NnQN2Sn1NhQN0\O1io10UOOfQN4fn1LoPN3So1MlPN2gn1Nl0000QP20ooM0`PN0Qo10nPN0So10lPN0bo1000TP25YoMKVQN0kn10UQN0mn10QQN0Wn12U15VQNIcm17T11NM4NPQNMUn13URNMam13_RNMam13_RNMam11]RN3aZcP2
20210730044930Lh_8,Welo14lo1MYPN0do106010cP`00Ro_O0ePN0fo10jo50eP20aoG000O3MO01KM]PN3do1MYPN5ho113JiYom1
20210730044930Lh_9,\ZYW23lo11N2O1O1OL\PNNdo10_PNOao11`PNO_o10bPN0^o10bPN0^o10bPN0^o10bPN0^o10bPN0]o11cPN0\o1OfPN0Zo10fPN0Yo11gPN0Xo1OiPN1Vo10kPN0So10nPN0Po11QQNOmn12TQNNln10VQN0jn10VQN0in10XQN0hn10XQN0hn10XQNOin11WQNOjn10c010O01001O^PN0So10mPN0Ro11mPN1Ro1NoPN2Qo1NnPN2So1NlPN3So1NlPN2Uo1NjPN2Vo1OiPN1Wo11ePN1\o181O9G102MWPb00jo]O0`o91[PF4O1O1O10JZPN2eo1N]PN2bo1M`PN2\o12ePNL\o13dPNN[o13dPNN\o13aPNO^o1:0O0O100K51O0100O100N2O1O2N1O1Oko91TPF2N101OM4NbfXb1
20210811072510Th_1,_ldR14ko12M2M201O1M3N2VQNFnm1:QRNOgm11XRN1hm1NXRN2:_O`l1?VSN4gm1KXRN6jm1HVRN6ICbm17dRN3KM^m1OgRNN05Ym1N`SN5`l1HaSN8Un1O000001N2N1O001O09G00000001O2OO00001O00001O1O1O10O1O01O000000UMHnUN8Qj1IPVN6Qj1HRVN5Qm1KUQQj2
20210811072510Th_2,X]mo25io121O4L0005K2N1O0O1001N101O0K5Om00SO2O3M0000L40A682O3M0O101O010O102M13L6J1O04L1O01O1O001O002N2O0O1O2Mcanl0
20210811072510Th_3,Ye^R1<`o16I7JHXQNCdn1;aQNDYn1>lQNASn1<QRNDSn15PRNJPn15RRNLlm11XRNOQn92hPH4L2O8HO1O1F:01N2Mko73noG70FcPN0cZek2
20210811072510Th_4,XmPS13lo1N`PN2So1NQQN0]P20UN0j10dN1a0OYO1>3SQNLgn50`00moK000000000hP80Poa00dQei2
20210811072510Th_5,h]kP33lo12O00O`P4MhoI4do1L\PN4ko1LF2ooY10XPfN3O0001OYbll0
20210811072510Th_6,iebR11RP80jnI1VRNOoN0hn11U10YQNORO4om1NYSN1Qn1M`P60jn50XQB0fo11WPN1fZSl2
20211119005210Mh_1,P^Ta12mo1=D4K3N3M2N1TQNVO_n1X1N1O0000027IO3L2M3N2N:F1O1O2O60K11O0N000O2N1O1O1O101O05J01O2O0O2OePNAWo1g0LO001O0O1O1N20SN@VTNc0kk1]OTTNd0lk1\OZTN>`k1H`TN7`k1K_TN5bk1J_TNLjk15U2Kna[[2
20211224120130Ch_1,TXUU24jo14M00000ZQNJdm14\RNOin110010O1[N0YSN1dl12ZSN0cl11^SNNbl11_SN0`l1LdSN8Xl1FjSN<Tl1CnSN=Rl1AoSN?km1N1O00100O1N10000O10O010O1GGjPN9]o11M31N2O1O00O1001O1N101O1N1O2NI621jPNK`n16_QNL_n14bQNL]n15cQNK[n16fQNIZn17gQNGWn1<jQNBVn1?f0O1O0010O0O2O0O1O2O0N2aQN]Ocm1=cRND\m12mRNObn1O109NTfZf1
20211224120130Ch_2,Sch^2c0[o17K8H3N1:E0O01TRNYO]l1g0WSN\ORm1e0kRNBPm1>oRNCPm1g0eRN[O[m1e100OPN_RN_1fm1\N^RN`1Sn1K5kNaQNa0gn1_OiQNL]m14fRNOUn1NQ^m_1
20211224120130Ch_3,mWcP33lo10Vo50kPJ02N[SN3bl1001O010O00010O1O001PMLRVN4mi1KUVN5kl100O1000O001nLKWVN6il11O0002MPm5NTSJ10NoPN3ln13O10O3KbQN1el10cSN3Ql1:QSNIJOVm17PSNMEJ_m18nRN=Vm1@kRN?Zm1[OiRNc0\n1K;\OcgZl0
20211224120130Ch_4,h^U`21oo11O1N101O0ZOL`QN5^n1LbQN5]n1JeQN6Ro11O0001O00100O010O01O0cPNJQo16mPNLRo17jPNJWo1?1O1O000O100000001O00000000M30000000000000001O1O1O1005J2O0O01O1O1O00000001O001O:F3LjoU12TPjN1N2M301N10O10000O1O100000J600O5K2K401O006J00010O00O2O001N1000000000O1O100000001O000000O10000O010000O100000O100O01000O10000000O103M1O00GYQN[Oen1e0[QN\Odn1c0]QN]Obn1d0^QN\Obn1d0^QN\Obn1d0^QN[Ocn1d0\QN]Oen1c0[QN]Oen1b0\QN^Odn1b0\QN^Odn1a0]QN_Ocn1`0^QN@bn1`0^QN@bn1?_QNAan1>a00O0100000O100000000O100O1O000_O]OfQNc0[n1]OeQNb0[n1_OdQNb0\n1^OdQNb0\n1^OcQNb0^n1^OaQNb0_n1_O`QN`0bn1@\QNa0en1_OZQNa0gn1_OXQNa0in1:1M3O1N2O001OJ33O10100O100000000000O100000O1J7^OhPN:ao1N2M3N2MmaTR1
20211224120130Ch_5,h^Uj21oo100000000000c00in10dPN0oo50QPJ0oo10ZS83clE3L3N1O2M2H8N20000O10000001O001O2N1O00000000000000001O00001O000010O000000000O1O2O0O100O1000000O11O0O10001O1O0DkPNLWo12jPNNVo11lPNMUo12mPNMTo11?NYog02ePXO2O000O2O001O2N2N1O001O0010O0010O0001O000000001O000O100O1O1O2N3KQoS22nPlM2M4N1O100000000000O0100O10O10O10O001O0010O010O1O010O0100O01O1M201O1O1O0J7000O10000O2O1N2O001N10002N00001O010O010O1O001O0000001O000000000O1000000O1000000O100O10O001O1O1K5O100000000000001O00010O000000001N100O2O0000O1O2I6IUafd0
20211224120130Ch_6,odo[22lo1<F2N1O2N2M101N1000000000009G2N2N1O000N2O101O2N000001M3N3M2N2N101O1O002N3M10O01O000O1O1ON20I7100000000001O001O01O01O00001O0O1N3N2N2N2LiZh_1
20211224120130Ch_7,o\U_12mo12O0001OUP6OloI0O010O1000002N0002N1O1OH07100O1O1O10O010O10001O000000001O0001O010O0001NioU10XPjN0UPP21jooM000N110O1bPNMnn14?N20O1YPN0^o10bPN0[o13ePNM[o1;1O1O4J3O_P4KfoK2O01OmbXY2
20211224120130Ch_8,P`fi21no12N0O200000001O001O001O01O0001O00102M0100O1O100O01O001O000I700001N100O2J9L0000001Om_eS1
20211224120130Ch_9,]ZoP34lo1M30UPN0fo10;0E05060E0UP`00oo_O0XPN0ao10TP80UPH3mm5M^32TmINPSN0\m12VRNNTn10XQN0M1_o17io1H[PN0N0A4ePNLSg\l0
20211224120130Ch_10,Y_ce21coi03XPZOMTPN000QQ20omM0PR20Rn;0mPB0oP60SoI0O000oo10PP20Qo70PQD000nPN0lng00\o[O0iP60QPH0o00QO00000doc00\P\O0000000O0mo90mnE0]RN0an;0VPH0on31PRHOWn10hQN0Yn10l00000000000000O1O02O00000010QPN0^P40_O0laRR1
20211231180850Bh_1,kY[[23jo14O001O001O000000000000O0100O0M40O1O00100000O1O1N1010O10000000000O100O1O100000O1O100O2O0O1N2N2O1O1O1O100O001O1O100N2O0001ASQNGQo18QQNEnn19>M21100O01K5O100O1O010O010N02O0O200O2N2N1O1O1O1O1N2OjgP_1
20211231180850Bh_2,o]We24io13N2O1O1O1kPNEdn1?VQNFgn1R1F3O12M000002N10hNcQNk0^n1ROeQNm0gn101O103M0O100O7H2N2O001O0N2O101O1J\adX1
20211231180850Bh_3,kaTX22jo1<F:E4M3O1M2N3N5L2I4O2O1O1O01RO[RN@fm18eRNC]m1=S10N11L4O101OP_[f1
20211231180850Bh_4,ahXU13io16M2O001N2001O2ON4M00O1001N1O02O0O1O10O1O0000004L1O2N000O100000000000O01O1O0100N2GlPNEUo1;lPNDTo1<9O0000dPNETo1:lPNFUo1990001O10OO2M2N3OSWUg2
20220124155050Bh_1,icnf17go1:G3O0O1O1O4M3L2N106K0O0O2O9H1N0O05L1N0104K2N1O1O2N4NYNnQN]1\n1N3M2O0O5oN[QN=Uo1011OO00O2O001N001O00013M3M1N2N1O11N1O1O1M4N1O1O0O2O001O1O1O01O0002N1O2N1O00010O1O1O1O0O2N1O_YST2
20220124155050Bh_2,SfQo13lo12O2N1N2O1O1O10O01O0010O13L100000O000010OO100L5O\oQ6GlPnI2K5O0000000000O10005K1O01O0WPN2`o1N`PN3_o1MaPN3`o1L`PN5do11010O01O000001O`PNJVo16iPNLYo12ePN0Zo10ePN4Yo1KgPN>Po19100O01O001O1O00001O0000000103L1O1N102N1O0O2N2N5B`PN4fo1O2O001NUYde1
20220124155050Bh_3,na`o02mo11O1L4N11M21O100O00100M2L41O1000O1000O100O1O2N3N00001Oio=J]PB00004L1O1N1O1O100O100000001N1N2dPNCUo1=kPNCUo1e0O00FnPNGQo14TQNLmn13SQNNln12UQNMln12UQNMkn13VQNKkn16?0VQNJjm16URNKkm14VRNLjm14VRNKjm16Q1N1000001No^ok2
20220124155050Bh_4,XY[]1;bo15M3M2N2N2N2O0_TNWOkg1i0RXN\Okg1f0SXN[Omg1e0RXN\Oog1d0PXN\OPh1d0PXN\OQh1c0oWN]ORh1b0nWN^ORh1a0oWN_ORh1`0nWNARh1=oWNCQh1=nWNDSh1:nWNGQh18oWNIRh15nWNKTh13mWNLUh12kWNOWh1MkWN2Zh1HhWN7Ql1O10O10O1O1O1O2O0O1O1OVmW21cSfM0\n13aQN3[n1NcQN4\n1LcQN6]n1IbQN7Tl1GeUN1VN9Sl1IYVN7fi1KYVN4gi1NXVN2gi10XVNOhi12XVNMii13WVNKki16SVNIoi17QVNFRj1;bUNDjj1<TUNHkj17mSNH12Sl14lSNNLO\l1OiSN3JNdl1FdSN>FLhm14XRNKim16URNKjm16VRNIkm17URNHlm18TRNGnm18RRNGPn18RRNDRn1:k0O2M4LafT\2
20220124155050Bh_5,kclf12ko1O\PN4Zo1LPQN2^o1O[OOZQN0fn10[QN0dn10]QN0bn10bQN4Wn1LlQN1To36gnMI^RN1bm10^RNObm11^RNObm10`RN0_m10jRN0ll12`11O0fQNMkl14d1L[QN0dn10bN0RS20\nM0120NTN0XR20oPL0Xm10^Q23WPL2=KUn15TRNK]n30dPN0fPN1an1OaQN1]n10cQN0]n10i00kPNO\n10e10UO7oNIoQN8lm1IWRN5hm1KYRN3hm1LZRN2kn1O1OlN0XRN0hm11WRNOkm10TRN0mm10PRN2Rn1NlQN1Vn1OiQN0Yn10e10_n50gPJ1O0000011N12O0OaPNOnn10RQN0nn10SQN0ln11SQNOmn12RQNNnn13QQNMPo13oPNMSo11lPN0Vo1OhPN2Xo1NgPN2Zo1:1M3IcYmS2
20220124155050Bh_6,iclf1222do1MgPN5co1KPP2011Vo1OhQJ0Zo30goM00010dN0dQ80VQH0in50an30XQF0YQN0_m31gQNO_P<0QoC8NKQPl0MPPTO0000000\o90YQD0hn10d00RP:0ooE0<0B1M1KNZQR32knmL2N2N1O1O1O10O00010O010O100O2N4K_Xio1
20220328035030Lh_1,^ZWb06eo16L3M2N3N2N1O1N2O1O2M2O1O001N2O1O1O1000N2K5N2O100001O0O11OO10O2N1L4M4N1O100001O1O00001O1O1O0bQN^O`m1a0aRNA\m1?eRNDVm1=kRNCSm1>nRNAQm1`0jRNDUm1=kRNERm1=nRNDil1d0XSN\Oel1f0\SNYObl1i0_SNVOal1j0_SNVObl1i0_SNVOal1j0_SNUObl1l0]SNTOdl1k0]SNTOdl1k0\SNTOfl1k0\SNSOfl1k0[SNSOil1j0YSNSOkl1i0X1N2M3N2M3M3L4M4K^hRY3
20220328035030Lh_2,ded_24jo14M3M3N3M2O0012OO000O01O0000O01O1O1O1O1O1O2N1O]QNNYm11eRN3Zm1KgRN;Tm1DlRN=Tm1BkRN?Vm1@jRN?Un16010N2@`0000001O0100O100_OKVQN4jn1MWQN2jn1MWQN0kn10c0001O1N2O0O101N2O1N1O0001O2N2MdPNLQo10oPN3^o11O1O1O1O1O1O1O1O1O01O011M2O2N2K\P23doM2N1N10001OH801N2OaWkZ1
20220328035030Lh_3,dbRR1:co18Dg0nMPOPTNV1ik1QORTNR1lk1ROQTNo0nk1UOmSNk0Tl1XOiSNf0Zl1_OaSN1ol1`13M4L2N0021M3M3MROfRNYOWm1e0mRNZOQm1FSSN108nl1BXTN;hm10OO010O1012N8I1M00010O09G3NO00OU\ck2
20220523234912Lh_1,hZQ[2;co14M3M101N1O2M101N200O10000O10000O100O1N2O1O1O001O001O1O0000100O^O^QNHan19`QNF^n1<cQNB]n1>b01N20O000O100000OL3012O1O1O1N2N2O0O01O011O0O1O1O1000O100O1O100000N200N2O10XSN[OVj1d0hUN@Xj1>fUNGXj18gUNJYj14hUNMYj12gUNIjMG^l1`0hUNJ]j15eUNK[j12hUNNWj10mUNOmh1GdUN7c11eh1NgUNLj11`h14Y41N1010N2LaiZ_1
20220523234912Lh_2,RYf_13lo12N2N2N2N2O1AEUQN>jn1<01O00000000000O100O1O10O001O0O110O01O10O10O10O10O01O1O001O010O100O010O100O1O1N2I7O1O1O2N1O100O1O10000O01O1O00100O1O1O1O2O0O100O100O2O0O1000O1N1N3N110O0100O100O100O100O100O100O1000O010FjPNJUo12QQNLnn15>100O100O100O2O1O1N101O1N2O3M2M2O1N2O1N1O1O100O1O01O10O010O00100O1O100O1O100O2N2N1O2N2N101O003LYOoQNBPn1<TRNBmm1<URNDjm1<VRNDjm1;XRNDhm1;[RNDem1;_RNAam1>bRN_O_m1a0P1O101O0000001O001O5K1O0O10001N1O2MViYU2
20220523234912Lh_3,b\_n23jo19G4N2N1O2N100O2O0000001O1oPN[Oen1P10001O00N2O2M20001N10001O00001N100O10001O0O10000O101N1O100O10000O010O1O00100O001O010O0001O010O100O001O00001O000010O010O0100O00001O0M3O1N2O1O1L401O001K4M300000O2M2O1O2N2N2O1O1N2O1O1O1N2O1O1O1N1O2N1N3M3L4O1N`eVj0
20220523234912Lh_4,\`_d23jo14jIN\\N1bc17Y\NIgc19X\NEhc1<cWNAUm1`0iRNBWm1=iRNDVm1<jRNEYm18gRNF\m18W1N2N1O4KZP:2foE10OUUl05PeSOIb[N:[d1Hd[N9\d1Fe[N:Zd1Ff[N;oi1010O00O101O000O1O1O1NM131O1O100O101N2O1N101O0O10000000O101N1O1Ieoa0KeP^O3N101O00O010O2N10bo50]PJ2N1O1N2O001O10OfLFoVN;[l1O100O100O1O2O1M\nk2MmQRM2co1N\Q63inI1^OLWQN5Yo11AJSQN6nn1JRQN6nn1KPQN6Qo1InPN7To1IlPN5`o1O1Nmn7NXRF1nn1O10PO0oQN0Qo1000So50iQH0Xn10g10[n30kP60ooE0ePN0fn10e00000000]P>0RoC0PQN0`o10lo?0TP@0\O0YQL0gn30aP40noK0SPN010oPN0Sn11nQNOQo10mn10QQN2Renk0
20220523234912Lh_5,S[Q[21QP20PP20ooM0O0YO0^10]n30VQV10goeN000co90ZPH0QPN0K4on=LRQH0mo50TQB0So100000mo1001W23hmM0gMLeSN1I1jm12TRNMPn11PRNNQo10\PN0eo10D0hPN1Zl1OhSN0]21ji1OgSN0W20hM1Zl1O[VN0ZM1\l1O^SN1h2OYM1go10mdd_1
20220523234912Lh_6,b[om22no1O10[Qb00fn_O0XoM0m10iN001O0O1K2aP2LeoM11OO1001OnN0URN0nm90nQF0Vna00eQ^O0^nk00hPZO0]P:0aoK0_oE0c0000X12_MNaRN4en101Nkj5NWUJ2N1O1000OYS6MmmI0^m;0^QJ0RPJ000000000000000000000O001O010\PNOYo11cPNObo10im72[RH2N2O0O1000O100O^QNK[m15X1O10O1O100O2O0O2O0O10000O10000000O10000O10O01000000001O000001O001O1M2O2MUhTg0
20220523234912Lh_7,lVS<1do1>4Gmm5OVRJ2lPNOUn14gQN0Un13eQN3Xn1m0M8H4K7J5[RNPNPm1V2kRNlMQm1c1QSNoNml1Q1WSNmNhl1Q1]SNmNbl1R1bSNkN^l1n0nSNcN[l1\1S101@`001L4M2K6M4M3N2N2N1O01L30101O1O1aSNGVi1:hVNOQi10oVN1Pi1OQWN1oh1OPWN1Qi1NPWNOSi11mVNNUi1OmVNOVi1OjVN2Wi1LjVN4al100O1O1O2N]i``3
20220523234912Lh_8,ecX`12mo12M3N2N6I4N1O001OO100O2N2O000O100000000000O1000000O10O01000O1O101O1O1O3M2N1O1O1O01O0001O011OO2N1O1O2OO010O100O1O1O00001O00000001O0O100000O10001O001O3Mj[oZ2
20220621185332Bh_1,[fZg17go14M2O1O001O00000O001000O101N1OiJJfZN6Ze1MdZN2\e10bZNO_e12`ZNNae13]ZNMce14\ZNKfe16YZNIhe18VZNHke1:RZNFoe1;oYNERf1<lYNDUf1=iYNCXf1>fYNB[f1>dYNB]f1>bYNB_f1>`YNB`f1?_YNAbf1`0\YN@ef1`0ZYN@gf1`0WYNAjf1?UYNBkf1>SYNCnf1=PYNDQg1<nXNDSg1<kXNEUg1<jXNDWg1;iXNEXg1:hXNFXg1:hXNGXg19gXNHYg17fXNKZg15eXNM[g12cXNO^g11aXN0_g10^XN2cg10YXN1gg11VXN0kg11RXN0og10PXNOSh10lWN0Wh1NhWN1[h1NcWN3^h1MaWN3`h1L`WN3bh1M\WN4dh1M[WN3fh1LYWN4jh1LTWN2nh10PWNNRi14lVNKUi17iVNGZi19eVNE]i1;bVNDai1<^VNBei1=ZVNChi1=VVNCmi1<QVNEQj19nUNHTj17jUNJXj14gUNM[j11dUN0]j10aUN1`j1O^UN2cj1N[UN3fj1MWUN5jj1KSUN7mj1JQUN7Pk1IoTN8Qk1HmTN9Sk1HkTN9Vk1HgTN9Zk1GdTN9ak1E[TN=gk1BVTN`0lk1_ORTNa0Ql1_OgSNf0[l1^OlRND2P1Tm1[11O1O1N1O2O2N5J3M4M2N6\OnQNmNVn1:kQNK3JVn15iQNO4JXn12fQN2]o1N3NnZiQ2
20220621185332Bh_2,dgbf03mo11N2L4M2O10001O1OO1000O01O10001O0O100000000001O1N2O4M05J201OO7J2N011M01M2O1M3N2M3M3N2NgWeV3
20220621185332Bh_3,bZSh17Yo11mPN1mn1e0L4L5L=D4M2LgN\RN;Xm1GTSN7hl1G`SN7^l1JeSN4Xl1MmSN0Ql10RTNOlk11XTNMek15^TNI_k19bTNGkNFjk1e0^UNBiNO_k1b0lUN[OeN4[k1e0PVNUOgN4Wk1j0TVNPOfN2Vk1R1k23NAcQN^O\n1`0gQN_OYn1`0hQN@Xn1`0hQN@h1JZj1f0oSN]Oj1MVj1f0QTNZOYn1g0a05J1O00O100O1O1O100O001O1O1N2N2O0O2O0000VTNBTh1=lWNGQh18PXNIog16RXNKmg14TXNLlg13VXNLjg13WXNMhg14YXNLfg13[XNNcg13^XNLbg13_XNM`g14aXNK^g15dXNJ\g16eXNIZg18gXNGXg1:W4OgTNIjf17XYNHgf18[YNEff1;^410100OO2O01nTNG]f18bYNL[f14eYNM[f12fYNOYf10hYN0Wf10jYN0Vf1OkYN2Sf1MoYN3Pf1MQZN5me1JTZN7je1IWZN8ge1IXZN8he1GYZN9ge1GXZN:he1EXZN<he1DXZN<he1DWZN<fj11O1N2N20001SKZO`ZN2]K5Sj1InZN6Qe1KP[N4nd1OR[N0ld12U[NMhd16Y[NHgd19Z[NFed1<^5001O010000O101N1O1O1O10O01O100O1O2N3MohTP2
20220621185332Bh_4,Uf\`29eo13L4M3M2N2OL5M2O1N3N1O101OO10O10010O000001O0010O000001N2O1O00L40N3L21000101N101O00001O1O1O1O000O1O2O0NR[[\1
20220621185332Bh_5,UjPX35ko110O0Oeng0N\QXO6J4jQNG`l1;_SNEal1;_SNEbl1<`1100O109G10O2M2OmPN^Oin1?WQNCjn1;TQNGmn18RQNJnn1d02O1N1N1O6K2M3N0000001N1O1O1000000000O10O010O00000000O01000O1O1O100O100O100000O10000O100000000O1000O100000O001O1N3M3KmUWb0
20220621185332Bh_6,Vbbb19do1501O12LROLoQN4mm1NTRN3hm1O]RNM`m11fRNNXm13jRNNTm10^RNH_O246mm1OaRNI@048im1OcRNJ_OO67gn1JSQNO87cn1JUQN175bm1IQSN1VO185in1JYQN5[o1O1O1O00O001mMLkRN4e00_l1MiRN6g0M`l1MhRN9g0ITm17lRNIUm15kRNKXm10\RN1Po110O@0QQNOon13PQNKg\][2
20220621185332Bh_7,n``V31WP>1goC001[P>NfoA1O2M2O0010ODLlPN5So1KmPN5Ro1MmPN4Ro1LnPN4Ro1MnPN2Ro1OmPN1Ro10nPN0Ro11mPN0Ro11mPNOSo11mPNOSo11mPNOSo12lPNNTo12lPNNTo12lPNNUo11kPN0To10lPN0To1>001O000000000010O000000010O00001O0000001O00001O001O1O1O1O010O1O2N100O]OVQN1jn1L]QNOcn11_QNN`n11bQNO^n10cQNO^n10bQN1]n1NeQN1\n1NeQN2Zn1NfQN2[n1LgQN4Xn1LhQN4Yn1JiQN6Qo10O0010O010O10O0100O1O001O00100O2N10O2O0O10O010O010O01O010O1000000O10000001O0001O010O1O10002M3OO0O3M4K3Mo[i`0
20220621185332Bh_8,naTT18do14K5O2N2O10012M11N1O2N1O02N0O4L000000000O1O1O1O3M4L2O1O\O[QN1_n11bQNO\n1OhQN0Wn1JTRN2jm1OXRN0gm10_RNK`m14cRNK\m16gRNFVm1=W1N2O1M4L3N4M^^Ui2
20220621185332Bh_9,Z[Sj21TQ43fnM4L3OOO00100K501N1O010000O11N1O00200O0SQN\O`n1?cQND[n1=dQNC]n1=cQNC`n1:_QNFbn1:\QNHdn18\QNGen19\QNDfn1;`0L3010O010gPNHjn18UQN1bn1M]QN7cn1I]QN7bn1IXQNKO:kn1JWQN<in1DXQN9kn1FVQN1Vo1KnPN2bo1NPdTS1
20220621185332Bh_10,cjPY31\n10TSN3\n1M30TPN0ho10XPN1km1OnSN4om10\o9NePHNQP>0ePB0^oM0UP`00koA0^om10aPVN0PPJ1RPNOfUYb0
20220621185332Bh_11,X[]h11go?0UnA0YTN0bk10cTN0Xk10[20N11O00gP60[oI0jRN2\j1NeUN2Zj1NgUN0Zj10k20kok00RPVO0`oM0UQN0]o100000`o70kPN0Vo30jPL0doM0QPL0iT:0YkG0^ji02hZTON^E0Z50WPN0bo1060O02000nUN0Td?0oUB0^PN0To10kPN0Vo10iPN0Xo10fP20E0PPN000L0YPN1ho11mom20TPRM200O001O1O0010O01O00100O2N1O0010O1O2M3Lmhjk1
20220621185332Bh_12,l]Vh01ko1>E5K4L5Ka0@3L1jQN_Nmm1a1PRNcNnm1j1N001O0000O10000O10000O100O101O0O10001N10000O2O00000001O000001O000000000O1O1O1O1O2N1O10003L2O000O100O1000O11N107H2N3N1N2]OlPN7Vo1GgP`01jo_O3M7H2O2N2N1O2N1O1O000010O001O001O00001O00001N101O0000001O00001O0O100O2O0O100O100O101N1O2O1N2MVSn36dlQLK5NaPN0co11000001O12N0OXO0_QN0bn10]QN0dn11ZQNOfn12YQNOgn10d010O0000000000O01O00nPN0Un10m00PP20PPN1dPN3Yo11LL00jPN0in1Od00O11Ono10RPN0N1X^[i2
20220626185332Bh_1,[gbo05jo12\PNJ\o1`0M1O1O010O010O001O0010O01O010O1O100O00001O010O2N3N0O100O0001YORQN:on1@VQN?9DWn1:iQNIUn16kQNNRn12nQNORn1OoQN1Qn1OoQN2Pn1MoQN5Qn1KnQN7Qn1InQN:Qn1EoQN<Pn1DPRN=Pn1BPRN?Pn1@PRNa0om1@PRNa0Pn1^OPRNh0km1WOVRNj0hm1VOZRNh0gm1WOZRNi0em1WOdRN`0]m1_OdRN`0\m1@dRNb0[m1]OfRNh0Tm1XOlRNh0Um1VOnRNi0Xn1M1O1N10O01O10O10O10O01O010O1001N1005K1N1O001O0001O1O1O1N2O3M001O00000000000000000000001O0O100O2O0O101N101O0O2O1NH8O2N2N1O2O1N1O2N20O010O010000O010000000O010O01O01N100010O0011N1O2M3MZVUg2
20220626185332Bh_2,ifjj12no11N3N1O1O1O1O1O1O00000001O0000000010O001O000JEgPN;Xo18N10000010O0010O010O1O010O1O100O0000000000O1O1O1O100000VQN_OVn1`0iQNAXn1=hQNDXn1<hQNDYn1;fQNE\n1:cQNG^n18bQNFan19^QNGdn18\QNHdn18[QNHgn17ZQNFhn1:`00O010O0010O0000010O000010O0001O001O0010O10O0100000O10O01000O10000O100000O0100O011N101O0O10O10O100O1O1O001O010O01O010O010O1O0010O0000010O00010O01O01O010O010010000O1N101N1O2O0O1O0010O001O4L5JYWYk1
20220626185332Bh_3,k[m`11no12O001O001O00001O000O2O00000000000000000000002N1O1O0000000001O001O001O0000001O001O001O00000000000000L400O1O1O1N2N1010O001N200O100O1O1OO11O100O100O10O100O010O1N1010O0O2O1O1O1LkdbY2
20220626185332Bh_4,gZSU16go130001O103L1O00O1O1N1N3OO1GHkPN9Ro1<IJRQNGmn1;:2M3K5M4M2M2L4OO1I9I6O2O1OM1M401O1O2O1NAYQNHfn17^QNHUn1MfQN99Jmm1c0VRN[Oim1f0i0O1O1N3K6L3N2K5NShhg2
20220626185332Bh_5,Vcfi21lo14N2O0O1O1N2O0N3OO2O00K50N3OI70100000001O4L01O1O1N101O00000000K6O1N10WOTQN=mn1CUQN:mn1ETQN:ln1EUQN;ln1CVQN<Wo101O1O10O2O0O01O1O1O1O001O1O00002M3Mn\eR1
20220626185332Bh_6,\UgZ21oo11O0WPN1do14000003M00000O1000M21O100O10N2N101O1000O1000O01O1000000000001O00000001O01OO10001O0000001O001O1O2McjPb1
20220626185332Bh_7,cXQn24io16M001OO1O2O1OgPNMen13YQN1fn1NYQN5en1KXQN9gn1`0001O0O2O001O1N1000000O1O01OO2000I7N2DUOaQNP1Zn1<O10O1O1@kQNTOVn1c0i0M2O2N2L4M3M6JlgVo0
20220626185332Bh_8,j[]]36ho14N1O3M3O00O002NdPNEVo1`01O101O010O000O101O0O20OO11N1O2N1O000O1O1O2N101N10000005K01O0007HTcn?
20220626185332Bh_9,naYW11im50TRL6K5K2O1000JYPP1HSPPO2O00OSQ2OonM1O2O1N10O1O0100001N01001OO01001N105KO001O00001O00000000000010O0bNKRSN5nl1LQSN3ol1OoRN1Rm1NnRN2Rm1NnRN2Sm1LnRN4_n10000000010O011N1O010O010O001N10ao=4ZPB10O1Ol^db2
20220626185332Bh_10,Tglk11do10;000000000bP`10]ogN0QPH0_P`30comL0`P@0on90PQF0_o10@0`00aPN0nn10RQN0_o10@0QQ20Po10oPJ0ao10O010O010co30]PL0O010dWok1
20220626185332Bh_11,n^`T22ko14K5N1000001O0M4N2O0O2N3N1O2M1QQNUOin1i06100XQNVO\n1i0=01L4O1N2O10000O10O10O1000000000000O1O1O1000000000000000000GdPNM]o12cPP1OgooN1N3M2O2N1O1N2O001O0O10001O5K10O100O10O1O100O0001O00lPN[Omn1e0SQN[Omn1d0TQN]Okn1b0WQN_Ogn1`0ZQN@fn1?[QNBdn1<^QNDbn1;`QNE_n1;aQNE_n1:e0O1N2O1O000O2OUacd1
20220626185332Bh_12,[b^W13lo14M1O000000000001O4L1O1O00000000[P82coG1N2O0N3N10000O1000000001O0O100000000000O1000001O001N2O1O001N2O1O1O1O1N5L001O001O01N1N4N1O0O10000O10O10O10000O10002N1O1O1O10O10O001O0O2O0000001O001O0001O001O4L001O000000O2O0000001O0000001O01O01O1O1O0000001O010O1O00100O01OO1000001O0000001O010O001O0O2O^\[_2
20220626185332Bh_13,j[m`11no50QPL0VP20joM0QP4000ooK00000TP^10loaN000eoa00aPN0SoS11`PlN0UP@100O10O100NQebX2
20220714185352Th_1,_\eR29bo15O2O0O0O1I8N10010N2N2N2CSOfQNV1Rn1jNlQNY1Tn1:0O01O000000O1N1O1G9O2N1N2O1OM3011N2N1H9N10O10001M2O2N1N0O02002M20O1K41001O@]OdQNb0Zn1b00OEhNSRNX1im1oNTRNR1jm1b0O11N2L5N1N2N2N2N2NO100M3000101N20000002N1M3N2N1K5N200O100O1O2M3O6J00RQNXOdn1h0[QN[Ocn1e0]QN]Oan1c0_QN_O_n1a0aQNB\n1>dQNDYn1=eQNFZn1P10O0O2N1O100O1K5O2N1O2O1O0I7N2O2O1N2N2FYhle1
20220714185352Th_2,\iPm23_o1b0I5L6J5L6I7J4J5K4IjNlRNNol12WSNMfl1ObSN0[l1NjSN1Sl1NRTN1kk1OXTN0fk10`TNL_k14dTNJZk16jTNITk15PUNKnj13VUNLij14YUNLdj14`UNK]j16eUNJYj16hUNKUj16mUNIii1HjSNa0_2G\i1i0eVNWOXi1k0jVNTOUi1k0mVNUOSi1h0PWNWOQi1f0RWNZOmh1`0ZWN@fh1<^WNDbh17cWNI\h17eWNI[h17eWNI[h16eWNLZh14fWNLYh15gWNKYh15i3O100O10O02O00000000000000O10N3N2L_Y[o0
20220714185352Th_3,bceY29?Ign19VQNHjn19UQNGkn1:SQNGmn1;QQNEnn1g0000000000001O00000O10000010O1O3M9F2N2N2N101M2Nina10XQ^N2N2N2N1O2N1O101N1O1M3O1O100O010000O1000000000000000O2N1O2O1N6K2M2O1O1O0O2O00O010O100O1O0M4O1O0010O10O100O100O101O0O100000000O1O1O1O1O1O1N2O1M\OEiQN:Wn1HhQN7Xn1KfQN5[n1KeQN4[n1MdQN3]n1McQN2^n1NbQN2^n1OaQN0`n10_QN1an1O_QN0bn11\QNOen11ZQNOfn12YQNOfn1e0O110O01O1000O\OYQN0hn1OYQN1gn1NZQN1fn1N\QN2cn1M_QN2bn1M_QN2bn1M_QN3`n1N`QN1an1N_QN3`n1M`QN3an1L_QN5`n1KaQN4`n1L_QN4an1M^QN3bn1N^QN2an1O^QN1bn10\QN1en1OZQN1fn10YQN1fn10YQN0gn1e0O1N2O100O1O100O2N2N1O2O1N10N1G:O1N2O1O010O1O1O001O0010O01O2N100O2N100O1O1OO2N1O2O1O1O1O1O100O100O1O00100O0100O001O0010O001O000000000000N2O101O0O2O1O001N101O1N2B>Nk`jV1
20220714185352Th_4,_fX^27ho12N100O1O101O000000O1O100O1000001O00010O100O10O10001N1000O100000000O1001O00001O1O010O2OO3K4MdXi^1
20220714185352Th_5,TXck02mo1:F3K4M4M100OO20OO10O0M5O0001O1O10O1O1K4N2O1O10XOZQN4jn1L^QNJdn15c01N10001O1N110OO2M30O1O100O1O2M2N2O100001O1O2O1N00003L8I2MPilP3
20220714185352Th_6,c[RZ13lo17J1M011O10O001O001NI9M3N2O10000O10O10O10O100O100O10000O1O10^OAdQN=\n1FbQN:\n1HeQN6Zn1MfQN0[n11fQNLZn15iQNHWn19g00000010O010O100O1O1N2M3O1N2M3O0O10O2O1O1O1N2N2N200O100OO1001O1O1O2O1N2M3LhfWa2
20220714185352Th_7,YiPm23YP4NM0noM0Vn50oRJ0hm10kPN000fo90RSN0biG3bTNMT20WiU10mX^O1mj]O4K4M3N1nPNE]n1<`QNH^n1;]QNHcn1k01O1O000O1O000O100000O1001O2ZOTQN4Qo1FQQN9[o1000001O100O001O0N6LRS_m0
20220714185352Th_8,n^fo22mo12O0O1O2N1O2N2O001O0000000010O00001O0000001O0000001O000000000000010O00001O001O001O0O2N2N[Pl00eoSO2O4K2O2N2N1hPNEin1=TQNEkn1<SQNEmn1g000O10001N101N101N10O10000OG:OO1E<00000000001M3M4N5K10O00001O0O2L4N1L5K5N3M1O2M3K7M2N2N4Kf`Wi0
20220714185352Th_9,Zb[b11mo15M1O1N100000000O100O10OVLKjWN6Vh1JgWN9Yh1GeWN;[h1CdWN`0[h1AcWN`0]h1AbWN`0^h1@aWNa0_h1_O`WNb0`h1^O`WNb0`h1^O`WNb0ah1\O_WNe0ch1YO]WNg0mk11O1O1O100O010O1O001O0010O000L5N10000001OO0GoPNFPo1<QQNAQo1;SQNEmn1:=O1O1O2N100O101O00000O_PNMWo13hPNOWo11hPNOYo11gPNOYo11gPNOYo12dPNOTo1NmPN<Po1;01000O1000O100O10OeMZO^UNe0bj1]O]UNc0cj1^O\UNb0dj1_O[UN`0fj1@ZUN`0gj1@XUN>jj1CWUN8mj1HTUN5mj1LSUN2oj1MRUN1oj1OQUN0Qk10nTN0Sk1OnTN0Sk10mTNOTk10lTN0Uk1OlTN1Sk1OnTN0Sk1NQUNMkl;5aPF1M4M2O001O0O10000O101O1O0O2M2O101M21O1O10O0001O2O000O2OSQN^O\n1b0`QNCbn19_QNGcn17\QNJin10XQN0in1NXQN2ln1JTQN5]o1N2Non;ORQD2M2O1O1O001M3N2N101O1O010O1O0001000O100000000000000000O1O0H810O01000O10000O2M2N3N]aRR2
20220714185352Th_10,he`P11oo12N5L1O002N1O6JO00GARQN>Yo1O4L001O00001O02O0O001001O00O01O1O2N1O0012M100O3ON1NnNI^RN5cm1LX1O_Zol2
20220714185352Th_11,Po``25io18J1O000002N010O001O1O00000001O001O4L2N1O3M1O4L01O000O100E;O0O002000001N10001O0O5L000OWoc0OjP\O2N1N3N1O2N1O1O01O010O100O1000BGVQN8jn1KSQN5mn1LRQN5mn1MQQN3on1NPQN2Qo1MoPN3Qo1MnPN4Ro1LnPN5Ro1<0O6K004L00000001O0000O0L50O001O01O1O100O1O2O0O101M3NnP61RoI0TQcX1
20220714185352Th_12,dkZP31no1?BLbPNG]o18gPNFXo18bQNHfm17ZRNLdm14^RNJbm16U1O10[QNJ`m10eRN0emk00dQ\O0]oI0\P20coM0N2H1_PNOao18QOHVRN8jm1IVRN5km1LTRN4mm1JURN5lm1JTRN6kn1O100000000O10001O0O100M30N2O11OUSSl0
20220714185352Th_13,eXUP39do18ePNDgn1k00O1O2L3N2M3N2HhPNGYo188H_PN1aPP1OXoQO0O1O010O00O11O10O002Njo70UPH6L0O0O2O100000O0O002O0O10001O2NWgRl0
20220714185352Th_14,a_l^17io12N2N1O001N2O001O1001O00000000000O2O1OO10O1O010O0000010O010000O0101O1O000000O01O1O1O001O1O2MYQP2OhnoM3F9N2N10001N10000000001O0000000000O10001O0000001O001O00001O010O00010O0100O002O0O2N1O1O100O00100O100O2O0O100O1O1O1O1O1O001O00001O01O01O0000O2O0O101N1O2O001O00001O000000000001O00001O1O0000001O00000000001O000000000000000000000001O01O0000001O0010O0001O001O001N100000000000000000O100000000000O100000000000000000000000000000010O0001O00001O001O01O01O01O01O00001O00001O00000001O01O01O001O1O010O1O00100O0010O01O00100O0010O01O01O00010O01O0001O01O00001O001O010O001O0010O0001O00001O01O0001O01O0001O01O00000010O0100O00100O010O001O010O1O001O1O1O2N1O10O01O10O010O010O0100O1O010O0100000O0100O00100O100O100000000O10O100O10000O10O0101O0O100000O10000O1000000003N0O10O01O0001O001N2O00002O4L1OO2N1O1N2O002M2O1O2O3L1O1N3M3L3N2N3MaYoe1
20220714185352Th_15,Tej_22mo13M2O0O2O1O1N1[QNEem1;Q1M201O001O010O2OO1000O1O01000O0100O1O002N001O001O2N2O0000O102M4L1O1OXP4LloK2N1O11MnYQ]1
20220728185352Th_1,i_hj25jo12I7N1O1O1O100NNM51001O00100N110OIoPNAPo1>RQNAon1>:N101O1000O001M201O00O20O01O001N101O010000000001O00001N100000O100O101O001O0000001O001O100O2N1O0O3M]P82PPF0To11jPN0Vo10iPN1Wo10gPN1Xo1<0000O100000O1000000000000000VOASRN?mm1BRRN>nm1CQRN=om1DQRN;om1EQRN;om1DRRN<nm1DRRN<om1CRRN<om1BRRN>hn100000000O10001O001O01mPNF^n1:aQNH_n17`QNN]n11bQN1^n1N_QN5bn1J]QN7dn1H\QN8hn1BYQN>Uo1O010O100O10000O0100000O1000003MiNGgRN:Xm1GgRN9Ym1GgRN9Ym1GgRN9Zm1FfRN9[m1GeRN7]m1HcRN8cn1O1O2N3MP`Sl0
20220728185352Th_2,VeY`22jo16N0]O0UQN1kn10TQNOkn14RQNMmn1d0O01O2N10001O2N0000000000N2K5O1000001O100O01O2OO1O00O1000O010O1O1000O0100O1O1O1O1N2000N2I8M3M4N1M3L4M3N3Jj[P\1
20220728185352Th_3,Pako23lo11O2O0O10001N2N2K5L3N2O1N2O100O1O001000O0100O1ODSQNFmn1:WQN@kn1`0:O2N2O1MRom0KTQRO20OO2O010O10OURNIPl15P2LoPl03onSO2N2N1001N^QNJ_m11bRN1en1101O1O0O1N3O0O2O0O2O0O2O00010O01O10O0000000010O1N4M2N2M3Mb^`i0
20220728185352Th_4,[o\>2jo17J4M3M2M2O2N11O010O0010000O1O010O10O10O001O1N1O2N00O10O101O20000N2M2OjQ[_3
20220728185352Th_5,VTY[24lo1000L4O1000104K1O1O11OO1O00000010BfPN5Zo1IhPN7Wo1HjPN9Uo1GkPN:To1FlPN:To1FmPN9So1GmPN9]o100O100O3M2N1000]kfb1
20220728185352Th_6,Z[mb26jo13M00001O000O10000O2N1N200O0O2OO1N3M10101O01O1O00N3N1O3LZeX[1
