filament_id,segmentation_rle
20110130110334Ch_1,``de25ko11N2N1O2O1O2M3K6L3M7J1O1O1000O11O1OO203K1000O01O2N010N2O1O1O2J6MfPNB43en16YQNIJ9mn1KZQN;hn1AYQNOH=[o1BePN`0Zo1AePN?[o131O0001N100O1010O3M1O1O00001O4L00101O2N1HXPN5jo1O1O01O0001O001N\P<0coC200O2O1O2N0O2O00001O000^NF^SN:al1F`SN9Un1O1O5JXP>2eoA3M3O0O1O1O100O101O010O1O0010O1O100O1O001O001N2O3L3Nh\aR1
20110214175414Mh_1,V\f[24k05mm1LQRN7lm1JTRN7km1HURN:jm1EVRN=im1ASRNe0cn12N2O1mNZOjRNf0Um1\OiRNf0Um1\OjRNd0Vm1^OhRNb0Xm1_OgRNb0Xm1_OgRNa0Ym1CcRN=]m1G`RN8`m1K]RNAJ6im18]RNAM6em1:]RN_O15bm1>\RN[O65^m1`0[RNZO95[m1b0^RNUO:8Xm1d0SSN\Okl1f0USNYOkl1h0USNWOjl1k0VSNTOjl1l0XSNoNkl1R1gRNPOdm1P1[RNQOem1o0\RNoNem1Q1f0O0BVQNFkn18YQNEhn19`QNG\n15dQNN^n1McQN4]n1KdQN6\n1GeQN;Zn1FeQN:Zn1GfQN9Yn1GhQN8Xn1HkQN5Ro1M2N3Mnb[a1
20110214175414Mh_2,iYag24jo14L3N1O2N2N1O1N2O1N101O0O2N101O010O01O001N001M3N2L4N2N3N11O10O0100O010O10O100O100O01000O10000O101O0O2O1MRPh12moWN2O1O1O1O001O1O010O01O100O1O100O001O001O01O0001O00000000TQNMlm11TRN1km1MWQN0n03mn111NkeZQ1
20110214175414Mh_3,PZeg21oo12XPNN_o12_PN0ao1O^PN2bo1N_PN2`o1M:0nng00PQXO010000000PP20XgbV1
20110214175414Mh_4,e]bb23mo11O1O1O001O001O00000O2O0000000O101O000000010O000001O00001O1O1O1O0NjP2N[nM0mQN2Qn10nQN1Rn1NmQN4Rn1LnQN4Rn1LnQN4Rn1MmQN4Qn1MnQN4Rn1LnQN5Qn1KoQN5Qn1JPRN6Qn1IoQN7Rn1FoQN;kn10000O1000O1000001O0000010O00001O00010O1O00010O010O0010O00010O0100O10O01001O00000O010O01O0000000000001O00000000000001O00001O001O001O1O101N1O100O0010O2O0O6J1O1O0010O001O01O01O0000001OgNCoRN=Pm1EoRN;Qm1EPSN:ol1HPSN7Qm1IPSN6Pm1KoRN5Qm1KPSN4Qm1LnRN4Rm1LoRN3Qm1MPSN1Rm1OmRN1Sm1OoRNNSm11oRNLSm13^1NkaiS1
20110329082654Uh_1,Xa\S21dn51ZQL002M2O2N1O0O2O000O1XRNFjk1:VTNGik19o1000O11OO0NGdPN4fo1N10O1O1O1000001O1O2fPNLN0Rn18hQNL23Rn1c0jQNCTn1:mQNHSn13QRNMQn1GYRN8in1O1H9If^Sj1
20110329082654Uh_2,Zlj\23lo12N1000101O1N1O0001O00O0100001O0100O1O001O1O0O2N]Q40dnK0jn57oPJ1O1N101N1O101O00101O02NfPNBRo1>iPNGVo1b0000O1O0EjPNLWo12kPNMUo13mPNLRo14oPNL2Kdn18\QNK0Mdn18^QNHon17`0LmRa_1
20110329082654Uh_3,hWkU1a0\o1>C:G3M2M4L8H4L5K3N2N1O1N1O\O^RNmNbm1a0gRNoN0:Zm1c0Y1I71O11OUQN\O\n1c0cQNA[n1<gQNGWn17lQNGTn17PRNHPn16VRNCmm1;l001O0O2O1O1N102N1O100LXPNOi14om120O1N[gbg2
20110329082654Uh_4,k\k`13lo14L3N1N2O0001O0010O2N2M3EAoPNb0N[Onn1R1N0010_OUQNKnn12RQNNPo11PQNNQo11oPNORo11nPNNUo1OlPN1Uo1MlPN3To1MlPN2Uo1LlPN4Uo1KlPN4Vo1JjPN7`o1O0O10GJhPN6Wo1KjPN4Vo1LjPN4Vo1MiPN3Wo1LkPN3Uo1MlPN2Uo1LlPN5_o100001O0000000000000001O1O00000000000O2N`b`[2
20110329082654Uh_5,^bbY15jo11O2O1O00O101O1L4NQP81noG3N1O001O001O010O010O01O01O0010O01O010O010O10O100O10O0100000O10000O010O1000000O1O010O010O0010O01O010O01O00010O01000O100O2OO00010O00010O01O00001O0000001O0O2N^\c`2
20110329082654Uh_6,R_Ro05jo12O0O2QOHTRN7km1LSRN5lm1LTRN4lm1LSRN5mm1KSRN5mm1KSRN5mm1JTRN6lm1ITRN7nm1GSRN9jn10O01000O100O00100O00010O01O010O01O01O010O00100O1O100O1000BIRQN8[o1O1001N10O1000O10O101OaPNJTo16kPNKUo14lPNMRo14nPNLRo14nPNKRo15PQNJPo16<10O1O100O10O10000O010000O`PNNSo13mPNMSo13lPNOSo10nPN0Ro10nPN0Qo10PQN0Po10PQN0on11QQNOon11QQNNPo12QQNLon15=10000O0010O010O1O10O10O10001OO1000001O001O001O00001O100O0001N2F\PN5aaii2
20110329082654Uh_7,RXob23ko13O1N2N101O01O00001O1O100O0010O1O3L200O1O001O1O0001O001O2N2N1O00001N100O2O0O`NMc12O00000cP2O\oM5K3N101N1O10O010O0010O001000O010O1O100O10001N2O1O0O2NJ0\PNM00fo170100O1000000O0hQNJhl16WSNKil15iRNI\O3lm12gRNN\O0mm11fRN2\OLom11fRN3[OLom11fRN2]OKPn10fRN3kn1Ong\W1
20110329082654Uh_8,Zenb13mo11N101O000001O001N101O01O00001O00001O001O01O001O001O0000O10000O100O100O100O010O1O010O001O000001O0O2O100N3NnZeY2
20110329082654Uh_9,`Vbb15io13N1YQNM`m14_RNNBOTm17WSNKDOUm16USN6]OD]m1`0lRNOEA_m1a0iRN0H^O_m1d0gRNOK\O^m1h0cRNMim15TRNKlm1T11_OQRNhN1Oom1X1PRNiNZn1]101N2VRN`NSm13^RNU1=jNSm11aRNU1<kNRm10bRNT1=lNRm1JaRNN2\1;mNZm1T1fRNlNYm1U1gRNjNYm1X1hRNeNWm1^1e0SOfQN5Xn1LjQN5Qn1MoQN6om1ISRN7km1HWRN8im1F[RN8dm1F_RN9am1FaRN9_m1FbRN:^m1EcRN;\m1FdRN:\m1EeRN:\m1GbRN:^m1G_RN;am1E^RNFD;nm1O\RNHG8nm1NZRNLH6nm1M[RNLI6mm1LZRNOI6lm1J[RN0K5im1L\RNOL6fm1J^RN2L5cm1JaRN4I3dm1JcRN5H6^m1DlRN8F6Zm1_OSSN;F3Wm1_OUSN>IOSm1_OoRNNI4M4:9Sm1^OoRN1G212;4@GZn11PRN0RP21^O0ogkY2
20110329082654Uh_10,XXUc21oo1010O0E0fPN0Zo10fPN0eo10F0dPN0]o10bPN0ho10\QN1Um10iRN1Wm10gRN1Rm1MmQN1P13Sm1LnQN2l03Vm1KQRN0g08Um1HVRN0d08Vm1IVRNOb0:Wm1GXRNO`0;Vm1GZRNO><Xm1D[RN0<=Xm1C]RN0:>Xm1B^RN0:>Ym1A]RN1:>Ym1B\RN0;?Ym1@\RN1;?Ym1A[RN0<>[m1CWRNO>>]m1CSRNO?>am1BoQN0`0>am1BoQNO`0`0bm1@nQN0?a0dm1_OkQN0b0`0fn1O1O2O1M4Ilma0M[R^O00001_PNOSo10?0^PN0So10mPN0So11mPNOSo10mPN1Ro1OoPN0Ro10nPN0Qo11nPN0Ro1OoPN0Ro10mPN0So11lPNOUo11kPNOVo10iPN0Xo10hPN0do10E0ePN1\o1OcPN0_o10`PN0ao3080oo10PPL0oo30lhhW1
20110329082654Uh_11,TSiW23lo13N2N2N002WQNGgm1:WRNGjm1:TRNFmm19SRNGnm19QRNGQn18nQNHSn17mQNJSn15mQNKUn13jQNMYn10hQNOdn93]PH3N100O10000O01001O1O04L2N2LgkRf1
20110329082654Uh_12,n`ZX11no12TPNNgo18N00O10000O10000O1O0000000001O0000000_OLWQN4jn1MTQN3mn1MRQN3on1LQQN4^o1O01O001O00100O010O010O10O011O0O2O1N2NPPd0Ooo[O4N1000O2Lm_mc2
20110329082654Uh_13,jT]W23jo12O101[NN[SN3el1OXSN1jl1LRSN9Pm1EPSN<Qm1CoRN<Rm1DnRN;\n1O1F\o?0TQ^O0fo13ZP6MioI01010TP<0lPB0nn11cn52XQJ3002Lclje1
20110408083214Th_1,kiVd23eo1:M1N3K4M3O1O01O11O101N102lPNUOmn1P1O3N2N2M10002N1O2N0000000101N2M2N0O1N2N1M4J6N2O01000O1O001O011N1O2M3N5Fjma0MRR^O0bPN8Vo1=J5N3N2O1O1O100000000mQNoNXO1km1P1kRN[OPm1d0oRN@ml1b0oRNAPm1c0lRN_OPm1j0iRNXOQm1n1K6K4O001O01O1O1O2M4L5K7E<D9I<C8K9B;CRYiU1
20110408083214Th_2,WkXk0<`o18I;F7J4K3N1O1OYOPRN]OSn1>k0M4K_mg14\RXN6K3L4M3O00O101N3M2O2M3O2M3M5J4LoWUQ3
20110408083214Th_3,n_n\15jo12bPN3c0HTm14RRN=f0AYm11nQNd0Po18OON^OUQN3gn1L`QN1^n1LhQN4Un1KnQN5Pn1KRRN5mm1JURN6jm1IYRN6gm1G\RN8dm1F_RN:`m1EcRN9[m1IjRN4Rm1NQSN0ml11XSNOal13`SNO]l11cSN0[l10eSN1Yl10gSN1Yl1NfSN2\l1LfSN2]l1JYb]a2
20110408083214Th_4,njfW34lo11WPNN90jn1NQQN330Sn14\RNM_OMTn1<YRNICKTn1<XRN1mm1LoQN9hn13M3nPNE]n1>cQNDXn1`0gQN@Wn1V1J60WNPRNb1Zn1cNeQNo0hm1mN`RNb1_m1aN]RN`1em1dNVRNZ1mm1dNVRNX1[n1J5D=K7O6K0N3M3JoTcf0
20110408083214Th_5,RXY^13[o=3^PD2M2O1O1O0001O00001O000001O001O100O010O0001O000O101N1O1000000100O1O10O001O001O01001N2N^i`^2
20110408083214Th_6,Q_XS24ko12HKcPN5Zo12aPN0^o1:YQN@lm1`0SRNBkm1`0TRN@lm1a0TRN]Onm1b0i0080OI0O1OTQNGRn18nQNISn13oQNMRo1OZo35`PL3M3O1O1FCQQN;nn1HQQN7nn1KRQN4nn1LRQN4nn1MRQN2on1MPQN4Qo1JPQN6^o1N3NYP<LkoC2M2O1O0O2N1O2O0O2O0010O010O100O1O2M2O]NI_SN3cl1Mh1O^akh1
20110408083214Th_7,bfhW22lo12I7M30O11O10O1O1O0O2N2O1O10O0GJiPN5ao11O010O01O100O10O02N[Yaf1
20110408083214Th_8,giVo19fo15L4M2O10011O2NOmPN_Ocn1a0ZQNAhn1j0:F3M3M2N3M2M2O00O1O1O1O1011M3MlTUo1
20110408083214Th_9,c`XR12lo16L2PQNLPn17lQNKSn16`QNF15_n14_QNI13`n14^QNI41_n16^QNG42_n16mQNHSn18j01O1O10O1O1N20000O12]QNHQONSn1<iRNIQOLVn1<gRNMZm12eRNO[m11bRN2`m1LRRNHJ;Yn1NlQNGI;^n1NhQNFJ;an1OcQNGJ:fn1O^QN7dn1JYQN5kn1<]QNTO[n1d0gQNAXn1<iQNEYn18gQNI\n13eQNM^n1OdQN0^n1MdQN1^n1MdQN1W]]k2
20110424064534Lh_1,d_jW1:do13L201O1O100000001O001O0010O000O2O0O2O1M5KUR41gmK7I6N2M200O10000000001N7K5J1O\O]QNLcn12_QNO`n1NbQN5\n1IfQN8Yn1FhQN<Wn1BkQN?Un1^OlQNc0Vn1XOmQNh0fn101O0O01001O001O100O1O0010O000001O011ON2001N1O101N100O000O1010O01N2O1O2M2N4Kk[kb2
20110424064534Lh_2,jjhl17ao1:M2N2O1N10001O1O0010001jPNAhn1m0O0002O1OO002N0O10O0001O01O0O2O001M3N2J6L4K5M3O1N2O1O1O1O1O0001O1N101O001O1O001O1O001O100O000010O0010O010001O1O0001dPNFon1h0N000O1O1O2N3N1N2N10O001O1M3J6A`0MoSgm1
20110424064534Lh_3,`]Yl05fo18L2O2bQNCTm1`0`RN@]O4Pn1?_RN@_O4Pn1=_RNMam14^RNMam14^RNLbm15^RNKam16^RNJcm16]RNIcm18^RNFdm1:[RNEnm13SRNJQn14PRNJSn14mQNKTn15lQNIVn18hQNHZn17fQNH[n19dQNF]n1;bQND`n1<_QNCbn1<_QNCim1OaRN>EAjm13aRN<lm1EVRN8im1JWRN5jm1JVRN6jm1KVRN4lm1KSRN5nm1JSRN6mm1KRRN4nm1LSRN3nm1MQRN3om1MRRN2nm1NSRN2mm1MSRN3mm1MTRN3mm1JURN6`m1IlRN6Sm1LmRN4Qm1NoRN2Pm1OPSN0Pm11PSNOol12PSNOol11RSNOPm1OoRN2Pm1HjQN4V13Vm1JkRN6_n11O001O0010O01OO2O1O1N2N2NQaho2
20110424064534Lh_4,S]af16jo11N2O1O01O001N3M_oW13]PhN4L4L201N1O2N001O100O01O010O1O01O000N11O00101OO2O000O1O1N2N2O1N11O010N101O2N1M5M2M4M5DRelT2
20110424064534Lh_5,c`dh07U10Xm12eRN2Xm1NmQNM;9Rl1DjTNU1cNZO\l1KnTN_1Pk1fNnTNU1Uk1RObTNn0`k1ZOUTNh0lk1_OjSNb0Yl1S1?K7I7I6SOn0M4L4M2O0OaSN[Odi1d0ZVN_Oei1a0ZTN_O>HE8ek1>WTNK4IMHok1>RTN6LFQm1GVSNh0DBPn1b0mQN_ORn1a0nQNAXl1BUUNf1jj1]NSUNe1dj1QNTTN:Z1e1aj1aN`UN`1^j1^NeUNd1Xj1\NjUNf1Rj1[NoUNe1oi1ZNSVNf1mi1YNVVN:ZN>_k1XO]UNFI>B?Xk1\OXUN1MOJ?Qk1XO_TN1h0=0DMd0Tk1YOPUN?n07Rj1YOQUNa0m05Qj1ZOTUN`0l05Pj1ZOVUN`0j05Qj1ZOYUN>e09Qj1ZO_UN8>`0Rj1XObWNh0kk102O[MXOSVNe0ei11TVNHfi1a0[VN[Oci1i0^VNTO`i1o0aVNoN\i1U1eVNhNVi1^1e20OM2Bb0M4J6M7]O_PN8c`cS3
20110424064534Lh_6,WaRY14ko12O1dPNLkn13RQN3mn1MXQNMhn14XQNKgn10_QNOan10aQ80WoG1O2O23Nkn7MUQH0gPN0`n11h00[PNOZo12cPNN_o14\PNNeo162MgRl1KSmSN0iPN1Wo1OhPN1Yo10dPN0]o11aPN0_o13\PNNdo171O1O1O1O01O001O0010O1N2O2LUP40moK1O1O10Oc[aa2
20110424064534Lh_7,oafi05d03Xn1d0600[OUQN9^n1AgQN251FN2OTn10iQN2=NJ4Xn10Z1M00Qo=OPQB2iPN1Uo13EJ01dPN1^o17CHVQN4kn1Oa0100XQN3^m1K`RN6dn12N2O3NKfPNGVo16;KbQNMol1=jRNCWO0mm1?mRNBTO0nm1?oRNAPO1Rn1?lRNGWm1IjQN9o0M\m11fRNN\m1LjRN1a[kS3
20110424064534Lh_8,`b]c13co10bPN5Zo1NbPN5]o18O1O1O1005J2O0O2O0O1O2N2N2N^PNOWo10fPN5Xo1JfPN9Zo1FePN;\o1DbPN>`o1O1O1N3N1O2N2OcPh0N^oWO3M2O1N1O1O1O100O0001O01O10O01000O2O0O2M4Mb\fX2
20110429120534Ch_1,Se`S24lo15K2O1O000000100O11N10O1O1O2N0O100O1000O102O0O0000000000[OFdQN8[n1JfQN6Xn1KhQN5Xn1JiQN6Xn1GkQN:nn1001M200O1O2N1O3M000000000001O0O3N00001O0O110N2N3N00O010O00001O0010O1O00001O010O]Xkg1
20110429120534Ch_2,Z`Ro27go15L4_PNKQo1c0O1N2O000000O2N2KdQNZOfm1e0[RNZOfm1g0i001O100O2O000001O1O1O1O0010N0100O01O2M1010O01O02OO100001O1O001O0O100O01O1001OO\O^OkQNc0Rn1@nQNb0mm1_OTRNa0jm1AWRN>hm1BXRN?gm1AZRN>dm1C]RN>`m1D`RN<_m1CdRN<EYOYm16WSNc0ZO]O]m10ZSNR1dl1nN_SNJXOl0Xm1ZOkSNf0Ul1YOmSNe0Ul1ZOTTN=mk1BTTN=kk1CVTN=ik1BZTN=ek1C^TN;ak1EaTN;]k1EeTN9]k1CgTN<_m1OmNG`RN8^m1KbRN3_m11^RNLcm10eRNJ\m17bQNM]o13cPNOZo12gPNNXo12hPNNZo1OhPNKK010g]ek0
20110429120534Ch_3,gcj\23lo14M4M0O010MF_PN8bo1HbPN4fo1N2O01N3N1O1O010O0001O00001O010O1O0010O1O001O001O0001O000000100O100O01O1O1O1O0010O001O001O2M1O0N1200000000e[[_1
20110429120534Ch_4,P[am01mo13UPNMgo170O3M0MUPN1jo1102M2O2O1O010O001M3N2O10001O000000O1000000O1O100O100OJDjPN<So1HlPN7on10PQN0on12PQNNon1b00O1O1N1O2O1DiPNNWo1>O100O0101N110[OkPN=]o103O0O0O001N2O0O2O0O2M2OVOOk00QfZn2
20110429120534Ch_5,^^Y^27ho11000001O1N2N2O0O2O1OO100O10O011N1N3M3L3N2O1O1O1O01OLTOTQNk0kn131O30M3fMTO\UNR1bj1TO^TNg1ak1\N[TNg1fk1YNmSNR2Ul1nM^SN^2gl1WM_SNi2nl1[OUSNPNml1j1XSNVNll1b1ZSNYNnl1g0gRNE>Col1b0g1M4K8Hjcj^1
20110429120534Ch_6,`gRQ14jo18J2N1110001oQNDWl1=fSNFXl1<gSNB\l1>c11000O1O1O02TRNA^NN`m1g0kSN_OVl1j0bSNPOel1Z1P1NO4L13M7kNTQNa0bo1BTV[m2
20110429120534Ch_7,\hna08fo13aQN2il10mRN=nl1CkRNg0Sm1WOmRNl0Qm1UOnRNm0Rm1QOnRNQ1Rm1lNPSNU1Sm1eNnRN\1km1O10000O00O2N2N1O2M3B=K5N3MPOeRNAWm1`0mRN_Oil1h0[SNWOnk1^OlSN`18QOjk1BhSN`1`0nNhk1_1[TN_Nek1_1^TN`Ndk1]1^TNaNgk1?^SNoN7?i0Odk1=oSN]Og0K^k1d0`2N02D\OYQNg0cn1<O2N1O0O01G:N1O101N2N3F;J:G^YmZ3
20110429120534Ch_8,adZ76=MS2NbM7=JE0c04T4>lKH=IQo5NfoK2hhi1OnVVN<I7H:J4J6J5^NjNkSNi1ik1^NSTNi1Y1QNUNHo1Nge1c0mXNg1Q1]N8_Ofe1>oXN\1BUN_1d0N[OcN4]g1:RYNR10aNl0g0I2Wf1AVYNn07fNc0i0H:Rf1UO]YNU1d1`NjMj0R1>Sf1QO^YNX1d1`NhMh0h0j0_f1aN^YN_1f1^NbMh0j0l0]g1OaXNaNi0g0YOi0Zg1NfXNfNf0b0WOn0Zg1FnXNnN?9[OV1Sg1BXYNQO:3[O]1Pg1ROiYN_ON0XOa1lf1QOmYNB1FYOh1hf1QOmYNBY1^1ed1@gYNROc1_1[d1NnYNeNe1\1\d12oYNdNc1Y1\d1QNQYNo1n0hNe1V1[d1SNUYNo1j0iNf1S1\d1RNWYNS2g0hNg1o0gd1eNiXNn0h0_Oh1l0hd1bNmXNS1c0_Oj1i0kd1]NlXN\1=_On1e0]e1McXN_OQ2a0^e11_XN^OU2>^e15[XN^OY2:^e17YXN^O]25lb1mN`\N`1VN^Ob2Oib1TO_\N`1VN\Og2IYe1j0PXN]Om2BUe1P1nWN[OYl1f0eSNWO_l1R23L5K5L301N101O2jMcRNe1om1LoK]N[WN1h0]1mg1cN\WN;hNFU1Y1f1oN^c1GoZN<fNGW1T1f1VO\c1CQ[N<hNC\1P1]1D]c1^OR[N:e0=o0NSe1CRZN9m05Qe1@WZN4l0=nd1XOW^Nj0_h12N0O2O1N2O1N101O0O1O2O0N2O0kIkNa]NS1^b1TO^]N:XJEYh16]]NOeJEng1>\]NLYc15f\NK[c14e\NL]c12b\NOac1He\N7^c1Df\N;_i110N10O101O0001NN202O001O1O010O010O10O0O2N10O100100N201M5K4Kdm]1b0gQbN8JC_QNF]n12PRNKnm1N\RN0bm10aRNO]m12eRNOXm11jRN0Sm11nRNNQm12PSNOml13RSNOll12TSNNkl13USNMkl13TSNNjl13VSNNil11YSNNfl12\SNMel11\SN0Vl1<lSNCik1f0ZTNYOdk1<iTNDVk18oTNHmj1:VUNFfj1;ZTNIALSl19]TNO_OHPl13hTN9WODnk10PUN>QOAnk1NTUNc0nN_Ohm14lQNM:Nim14SRNL3Ojm15VRNKcm10iQN7?L]n1`0\QN@jm1MeRNQ1]m1POaRN`0^OHTn1G`RN;hm1EiQN0b01jm3OYQN000gP<0ToC4RYQ[3
20110429120534Ch_9,YWid17k0Nmm14SRNJmm17m0OO2O1hPNK<O^m15VRNM:1_m10ZRNN63am1L\RN034Yn1JgQN7Qo10O000O2N1M4L3jNAfRNf0Zm1[O`RNh0cm1WO[RNf0^n101L41O01O1K5G901M5NPiZY2
20110429120534Ch_10,oejn23lo13N1O1O00000001O002N1NXP40hoK3N1N2O1O0001O00001N2O00001O01O000O100O001O100CHRQN8nn1HRQN8nn1IQQN6Po1KoPN5Qo1KoPN4Ro1MnPN2Ro1NoPN0So1OmPN1So1OePd0Njo[O3N1O100O1O0C0lPN0So12lPNNRo14oPNKQo15PQNIPo18<O0O2O1O00100OO1010O100O2N1O2MlZmk0
20110429120534Ch_11,mbff24lo11N2QQNLPn15nQNLRn14lQNNTn12lQNNUn10mQNNTo1Neo;1ZPD3N1O0010O1O1OXP8NioG2O1F:N101O0CBYQN=fn1D[QN;en1F[QN:dn1FSQNK74H4nn1MSQNK>7_n1MeQN3\n1KeQN5To10O00000001O00000O11OOoNMWRN3hm1OVRN2im1OWRN1im1OWRN1im1OaQNN;3Un1N^QN2<0Wn1L^QN4<O_n11aQNO`n10`QN0`n10`QN0an1NaQN1Xo1NR\[U1
20110429120534Ch_12,lef^14ko12O10O01O000dPNLin17WQNIhn19?1O1O00000gPNCQo1<mPNGSo17mPNIXo13hPNMXo13iPN4on1LPQN6on1IRQN6nn1KQQN4Qo1LoPNOUo12kPNLWo14iPNLWo14hPNOVo10kPN0Uo10jPN1Vo1OjPN0Wo10iPNOWo11OLoPN4Po1MoPN4Qo1LoPN4Po10lPN5Po1FlPNO5?kn1@[QN`0So101N1O2H]PNNoXk^2
20110529063154Uh_1,`cQb12lo15K4N1N2O1N3N2N1O2N010O2N1O1O010O10000O01O100O2OO02OO02O00O010O10O010O10O10O01O001O0000001O1O001O001O1O010O010O1O100O010000000O0100O1001OO10O1000O100O1O2N1O2O1O0O100O0101O1N2N1O100O100O10O01001O0O2N103L9G2N1O001O1O001N2O1NVPZ12eoeN6J4L5O1N2O0O2N101O00001O000001O010O0010O01O1O100O1O1O10O01O1O1O001O10O01O0O2O00001N1000000O00100O100E]PN8fo10000O10000O10000O101N100O1OmY`Q2
20110529063154Uh_2,obVj11no11001OXP83[oG2aPNO^o1;O00001O000O1000O01OO100N2O2K_PNKao14aPNJ_o175000\PNI^o18aPNJ^o1=N1O2M2N20O0100O1000O10O10O10000FjPNIWo16nPNESo17=O1N3N2Nd]_R2
20110529063154Uh_3,c`o]23lo12N101N101N1000001O000000001O010O001O1O10O001O100O001O01O101N1O1O010O01O010O2N1O1O1O1O1O1O0O2MWoe01jPZO1O8H4L1ePN_OUo1a0jPN@Wo1`0gPNAZo1b02M2O1N101N100O100000O1O001O01O001O1O0010O10O10O10O10001N2N1O101Nh_j[1
20110529063154Uh_4,eiZV33mo11TPNOfo16000001O0000O01000000000000\PNHao1<O1O1O0000000000O100O100N2K]PNLdo13410O1000000O1O10O0100001O3M0010O1O1O1KVPN2lo110O000000001O0OQP80ooG10001O000001N10VVWe0
20110529063154Uh_5,acmT24lo12L3N2N2M3O0O2O1O001O001O0000000001O0O101O000O101O000O2O0O100O10000O1000001O00001O1N102M2OUm_6NmR`I1O1O010O1O1O1CKmPN5So1KnPN4Ro1LnPN5Qo1LoPN4Po1LPQN4Qo1KPQN5on1KRQN4nn1LSQN4ln1MSQN3mn1MSQN4mn1LRQN4nn1MRQN2nn1OQQN2on1MQQN4nn1MQQN3on1MRQN3nn1LSQN3mn1NTQN0ln10UQNOln10UQN0kn1OUQN1kn10UQNOkn11UQNOkn12TQNNln12UQNMln13SQNMmn15QQNKPo15oPNKQo16<1O100000O10O20L3Mco;6XPD2O1N27H4L10O01O_o11`PN1O1O001aPNLPo14PQNLPo14oPNMQo13oPNMPo14PQNLPo14PQNKQo14PQNLon14QQNMon12RQNNnn11RQNOon11PQN0Po1OPQN2Po1NoPN2Ro1NmPN3So1LmPN4To1LlPN4`o1O010O10O01O10O0000Ne_n[1
20110529063154Uh_6,jYoj12mo1100VP`02ho_O1O1ZPNK^o1<00000N100O2M3O0O2O1O100000001NUfTS2
20110529063154Uh_7,hiZV31PP20SP20loM0oo[20UVad0
20110529063154Uh_8,jQQY13lo12ZPNMOOXo15hPNLO1Zo10mPN2`o10001Ofm`f2
20110529063154Uh_9,fZco21mo1223VPNM]o14bPNM^o12aPNO_o12`PNNao180O100000fPNFmn1;SQNEmn1=QQNBPo1>91fPNAQo1?nPNCRo1=lPNESo1e0O01O0O100M4N1O101N1O2N2M200O2M201O1O00100O0000AOPQN0Po10PQN0Po1ORQN0[dfm0
20110529063154Uh_10,b_Xj23lo14BLiPN5Wo1LgPN6Xo1JhPN5Yo1KfPN6on1IVQN=in1GUQN7mn1JRQN5on1LmPN7So1;00002VOjPNf0[o1M1O1O1O1O1O00001O000001O00001N2O0gPNBPo1?nPNCen1N`QN?KCen1O`QN<LFbn1ObQN;LFbn1OcQN:KGbn1OdQN9KGan10eQN8JI`n1OgQN7JK]n1MkQN8HK]n1KnQN8FM[n1KPRN7EOZn1HTRN7C2nn1NRQN2mn1OSQN2kn10TQN1in11WQNOhn12YQNMgn14XQNKin15XQNJgn17ZQNDjn1<=01O001O1N1O3Ld`QR1
20110529063154Uh_11,kfd_125Oco12[PNOdo18O0001ONH]PN7co1J]PN5ho1O01O0001OO11N4MO0011OoXU_2
20110531070514Th_1,\ceS27ho13M5K1N3O1N7J1O100O1O00000102N006I2O0O1N3M3N2M20O3M2N5K2N3L3N2N1O1O1O0010O10O02O0O1O010O1O01O001O002N3M2N01001OO101O1N6J100O010O00000O100O100O2O0N2O2O001N2O1N101O1O2O1O1M_PX10_ogN5M2N2N2N3M101N2N1011O000O2N2O0O3M4@hPN0ko32goM5K100O1N2O1O001O001N101O00001O0O2O001O2N010O1O1N3N0N3O01O100O4MO10O2N101N1O1O1O1O2N2N100O001O1O1O1O1O1NnXTa1
20110531070514Th_2,\clg06io15K2O1O1O0O10010O01O0101N010O2O003L106I2N2N7J3O4L0N23K2N3N0N5L2O02N0011N1N3NOOXNVO\TNi0^m1N2O1O2M2N101N101O10O00000O2O000O1O2N101O100O0011N10eQN\O[m1a0aRNE_m1:_RNI`m17_RNIcm17[RNIfm18XRNGim1;URNDmm1=RRN@Qn1a0mQN^OTn1d0jQN\OVn1f0fQN_OXn1b0bQNGZn1Q10N100O2N1O2E=SO[QN4bXiR3
20110531070514Th_3,YYYh04ao1=aPN@dn10mQNe0gn101DXQNKWo1100O100000001O000O01ObN0nRN0Qm12nRNMSm15kRNJVm17jRNHVm18kRNFWm1:hRNFXm1:hRNGXm18gRNIZm15gRNK\m10eRN1dn1100O1N101O0O2N2O0N3J5N2XOZOVRNg0em1EQRN=om1HlQN7Vn1h02L4M3M2O1M2N3L5CnPNC[o16<NWh^T3
20110531070514Th_4,]Yfn02lo9OdQP14WngN7N0N2M3M3O2N2M3N2O1O2O2M3M3M3M100O10O010O1O104J3NeQNnNim1g1ON3L1O3M1M4O0O1N3O06I5K3N001N1O0010O1O002N1N3M2N2N2O1O1I7O1O1N2O002N1O1N3M3M4K4LeQ:M`nE2N5K5L3NO0O3L2N2H9M\QP16YnoN8I8F8N2O0O1001N4K5L;^O^PN1X_ih2
20110531070514Th_5,bcP]24lo1001N1000001N1O1000000000000000000O100N2N1010000O1000O01000O1O100O10000O2O0000000000000O1000001O0O100000000O10000O100O101N]Pb02bo]O000001O^oe0O^PZO6M3N2N106I2O001N100G[OWQNe0gn1_OVQNb0jn1_OTQNb0kn1:0O0010OO2O1N200O1000O010000O101N1N2GjPNC[o1:8M2N3M3Nb]U[1
20110531070514Th_6,eZ`P13ko101O11nQN2Rl1NmSN1Ul1NTR6OmoI00000O101O0O2M2L5L4]RNE]k1=^TNK]k18]TNMak12_TNE]N1Sm19oTNCQk1<QUNCPk1<PUNDQk11YUNOgj10ZUNOZm121N10oM0QTN2nk1NSTN:dk1FcTN5[k1JkTN1em1OOOjL4ZVNKei17]SNJ]o17bPNK[o17ePNG\o19ePNF]o196O0O5IgP22XoM4L3cRNGnj1<RUNDij1a0QUNEoj1:RUNFnj1:RUNFnj19RUNHnj18RUNGej1L^SN;n1Iej1K^SN:n1KPk11SUNNij1NnRNN^24dj11gTNJjN5_l12hTNJfN1dl17gTNJ`NNll19YSNFi04nNLRm1;VSNHi07Sl10VSNGi07Rl12bTNM_k13aTNLak12`TNNak10aTNO`k10`TNOak11_TNNak13_TNMbk12^TNMdk11]TNOYl50`QL21N]d_j2
20110531070514Th_7,^bl\14ko15K3O002O0O1O10O1OoQNC_l1?YSNIfl17WSNIll18PSNHRm18nRNCWm1=V1O10WRNIik16UTNLkk14iSNJjNMbm1:^SNLml16mRNKVm1<aRNAdm1a0ZRN\Ojm1d0j01N2N1O1O4NZOUQN5Vm1DUTNNlN<nl1GhTN6Zk1HkTNO]k1Mo_o`2
20110531070514Th_8,dcn\21ao30ePL020Vo12fPNOOO20Xo13ePN06NTo12fPN24KWo13ePN24KWo13ePN2bo1O]PN0eo1O[PN0fo13ZPNJfo16201O0000001O1N1Ooo?Oooo00aP^N0Vo11jPNOUo11bP4OfoK0\PN0do10\PN0eo11YPNOgo11YPN0OOdo11]PN2do1N\PN2eo1M\PN1a\o^1
20110603123034Ch_1,XcXh16jo14K3M3M3M101N1O2O0O2O000000O1O101O00000000O010001O0000000000000000O1000000O2O0000001O00000010O01O010O10001O1O0O2N1N3N101O0002N1N0101N100000O3N2OOO10O00100002M4L1ZOkPN`0\o1NWQN@Un1>gQNGXn19fQNJYn16dQNN[n13cQNN^n11_QN2cn1d02N3N1N010O1O0O2O0O2O1O00100O1O100O1O111M1000000001N010O1O1O1O01O01OO2O001O001O001O2M1O1O1O2O1O10O1O010O10O100O1O1000O100O10O1O10O02O000O100O10000O101N1N]Y]m1
20110603123034Ch_2,Tk`e06io14L`0B1N2O1O02N101N2N3M1O1O0100O00002]QNA_m1d0ZRN@dm1b0YRN@gm1a0VRN@km1`0TRN@nm1?RRN^ORn1`0oQN]OUn1a0g002N3M000O010O010O100O001O1N10O1O010O001O01N2N2O1O001O00100O1O1OaRkV3
20110603123034Ch_3,][ji12no11O0O2XPNM`o15_PNL`o1:N3N1N3N2O1O0000O2M2O2N1O2O001O1O3L2N2MhPT10WokN4L7K4L2O0O2O00000O01000O100000000000O1O101N101O0O1O10000O101O01O0O10O100O10O1O2O0O100OL5N2O1O10001O1O0O3MTQ2MhnM3ZPN4ao17N5K2N2O00O10J42O10O0100O2O0O2O000O2M3M4MeP^1JboaN1N101O001O00000000O1NRP6JVPJ1O1O000000OeQ`04Wn_O3M101O1N1O1O1O1M3O1O1O0100O2L3O3B`PN8fo1M2O1N`QZ33]neL:G1L4N100O1000O1N201N2O2N1O2N2Lh_ce1
20110603123034Ch_4,Z_bh03jo13nQNKWl18gSNKVl17bSN0]l12_SN1`l11^SNNdl13ZSNLhl15VSNKQOHam1>[SNFRO5bm16ZSNDVO7^m18YSNBXO8[m1:ZSN_O\O7Xm1=[SN\O\O8Xm1?ZSNYO]O8Ym1b0XSNHjl19TSNDPm1>nRN_OUm1a0kRN[OYm1f0fRNXO]m1g0cRNXO`m1f0aRNWOcm1f0_RNWOdm1h0\RNXOdm1h0\RNVOLK[m1n0jRNWOJM[m1m0kRNTOfm1l0f02O0O1L3000001O1[RNoN[l1R1bSNQO^l1o0`SNSO`l1l0_SNVOal1j0^SNWObl1h0^SNYObl1f0^SNYOcl1f0^SNYOdl1f0]SNROkl1l0V1N2N2OfQNUOam1i0m0N1O101N2O01N101O1O1O2N?B?A0O01O2M2N3L3K5D<J7B>Jh_mR3
20110603123034Ch_5,^Xml17ho12N2O000001O0O3MZ1LjN2M3N1O1O0\OJ`QN6_n1L`QN4`n1L_QN4[m1KXSN1\O5[m1MjSN3Ul11gSNO[l12cSNN^l13_SNMdl14VSNNml13oRNNSm13iRNNYm11fRNO\m11aRN0am1O]RN2fm1LXRN5km1FVRN;cn14L3N20O10N1010000O1011N2N2N2N2N2O0O2M2O100O1O010000001O1N3N1MehVo1
20110603123034Ch_6,bY_V17fo14L5L2N2N3K5H8L7JG^QNXO`n1f0fQNXOWn1f0nQNYORn1f0PRNZOom1g0QRNWOPn1j0QRNTOPn1l0a010O010BTQNHkn17YQNEin17a001O00001O01O1O1O10O001O100O00100000000000001O0K^PNLco12^PNNbo13\PNNdo17000001N100001N1M4MWP`00ko_O1N10001O01O000010O011N100O1O010O0001O1MbgRd2
20110603123034Ch_7,^YmS29eo13N1O0[ODhQN<mn102NHIjPN3Uo12;2M2O1N100AGXQN8<Dem16lQN7`0Ecm14lQN6c0Fbm12lQN7b0Hmm17URNIjm17YRNGgm17Q1001OO100001O010O010O0000O2N2N2Moghi1
20110603123034Ch_8,WZ_S26eo17M4K10NJ6O28G4N1FbPNNao127NfPN0Zo14lNNTRN5dm1IcQN53K;:Tn1MPRN4em1EPRN4<8Pn1GPRN:Pn1EPRN;Pn1DPRN>om1AmQNd0Rn1\OmQN1@a0bn1^OoQN1A>Qn1AYRN062@7Wn1GRRN081@8bn1GQRN0]O8bn1HRRN2ZO3en1KURN6mm1JhP20\PN00000fQN7^l1IYRN0l0<hl1DcSN>gl1BmRN`0Yn10hN@PSN?Zn1M3L6JUfli1
20110603123034Ch_9,cY]V12jo111O`PNOUo10=0O11O\o;0ePD0PP200000dPL0in10d00^PN0So10?0O000^PN0Vo10iPN0Wo10jPN0Uo10lPN0So10nPN0Qo10?1`PNOQo10oPN1Qo1OnPN1So1OmPN1So1OlPN1ao110O10000000000ORPb10PPbN0ooK00010O0SP20noM0PP20YgZd2
20110603123034Ch_10,cfhS1?ao13N01NWNDPTN9nk1NRTNHSl1:j1NPQNLWn10gQN;jn17K9H5M26I0N4L3L1N5H\YQk2
20110603123034Ch_11,m_nX22no10XPN2gn1MPRN6mm1NQRN2Qn1LnQN4Sn1MlQN2DMQn12gRN5Wm1LjRN2Um10kRNOTm14kRNKUm17nQNH>1cm19lQNHa0Nem1d0\RN[Oem1c0]RN\Ofm16dQN2Wo1MkPN1Vo1NjPN2Vo1LmPN4_o101NON3100Y`ce1
20110706164014Mh_1,Po^i29do17K7I4L3M4M2OPOUQNM0k0]o1Fe0FD4L3N1O2N20N1N2N1O01O1O1O1O10O010O2M1O2O0000001O1N2N4KXoVT1
20110706164014Mh_2,`Zk[21lo16L1O1O10O10O1O0O0O0O3O1N2O1O1O1O1000O1L4N3L3Mfo50[PJ6L2N10O1O002N1000dQNLml13RSNOml11RSN1ml1NTSN3kl1LVSN4jl1KWSN5il1KXSN4gl1NYSN1gl1N[SN1el1O\SNOfl10e1O4KTgRa1
20110706164014Mh_3,lcZe25jo13bQNLkl17QSNKnl17oRNISm18jRNIWm18fRNH\m1:aRNGdm15XRNMlm12QRNOQn10nQNOTn12kQNLXn13iQNJXn18h000000001OdPN5cn1KYQN8gn1HVQN:jn1=1O1O00^OXOnQNg0Sn1\OjQN3LM\n11hQN0in10WQN0in1OYQN1gn1L[QN4en1J]QN6Wo10O1TOEhQNNJ=]n1FeQN2M7]n1IeQN1O5[n1JfQN015Zn1IhQNO16[o1McP2MaoMOQo93nPFO1OlPNOgYcW1
20110706164014Mh_4,\[[Z27go14M2O0O1000O1O1N3LWok0MSQRONho11^PNO_o10bPN0`02Rn1N_QN1=4\n1LdQN4[n1LgQN3Yn1MVQN47Kdn10UQN8`o1001UOHmQN8om1GWRN9em1GjQN05:]n1FeQN:gm1FURN06:bm1FYRN06;^m1E]RN079Pn1GRRN8mn1Mjn1KnRL3Yn14M1N2M3N200hMAnRN1h1?bm1N103DXNNd10mPN1`o10DOjPN2Vo1NjPN2bo1OFOgPN1Yo1OgPN1V1Obl10WRN1Y1Ohl11YSN0el11[SN0dl1O]SN1Yn10ZNN^SN2Wn10M1`eVa1
20110811121534Ch_1,libo05jo12N3N0001N1O0001O010O1O1O2O000O100O2O0000O2O0O1O1O2N2M2Nfno2N\QPM7J3L2M201O1N20O00M3O011OO0001O01OO2M3J50O10N03O1NKXOVQNi0fn1:L3011O000O2N2O1O1O1N2O2M3N2L3M4M4K5LjYgh2
20110811121534Ch_2,b`Ud23ko15L9H1O001O000000O1O1O100O1O0100O1O2N1O2NGgPNMXo13iPNMen1KfQN8FNan1NgQN4GO`n10fQN2J0_n1NfQN2K1_n1LgQNc0Xn1]OhQNe0Vn1\OiQNe0Vn1\OiQNd0Xn1]OeQNd0[n1>3M3M3O1O0lN\QN=MOfn1E_QN:K0gn1F_QN:JOgn1H]QN;LLgn1J\QN:OJfn1?[QN@en1?]QN@cn1`0`QN]Oan1b0?00O10001O0O10O1MDiPN5Vo1JlPN7So1ImPN7Ro1JmPN7To1HlPN8To1HlPN8Uo1FlPN9^o1O100O1O1O2N3Lc`bW1
20110811121534Ch_3,R]fP14jo12O2N1O2O001N10O01O010O10000iPNCkn1=TQNFGOPo1;WQNKin15VQNLnn12oPNNRo1`00O010N101O0O20000000001O000000O10000O01000000_OgPN:Yo1GgPN9Yo1GgPN9Yo170000001O00lPN^Ojn1b0UQN@jn1a0SQNAmn1`0QQNBnn1h00001OO101O4L3L7J2M2M110O00010O1O1O100O2O000000001O01O2O000001O1N2O2NO01O001OXb_i2
20110811121534Ch_4,Xllj22ko1300IO`PN0^o1262O1OO2M3O01O1O100O10O01O10O010O01O000N2O100001O010O100O100O1OePNJnn14TQNLmn12ZUgR1
20110811121534Ch_5,fih]33io15KI_PN7ao1J]PN8co1202N2N001O10O02mQN_Odl1a0WSNDPO1Zm1<`SNGTO2Ym18`SNGXO2Xm16]SNJ\O1Vm16[SNJ@1Tm15[SNJA2Tm14]SNEA9Rm11`SN^OBc0nl1NmSN6Ul1GgSN>[l1^OdSNf0`l1RO`SNQ1fm12N2jQNoN\m1Q1`RNUOkl1MoRNl06ZOfl1NUSNe06]Oal13ZSN<7B\l14aSN54HXl15hSNM3MTl17mSNE25Pl14VUNMjj10ZUNNhj1BfUN>ol1O1N2N2M3N2MkRc?
20110811121534Ch_6,haho12mo13M2N2N1O101KEcPN;\o1GcPN9\o1HdPN8\o1HdPN8\o1HePN8Yo1IjPN4Vo1LjPN5Uo1LjPN6To1JlPN7So1ImPN8Ro1HoPN8Po1HPQN8Po1GRQN8nn1HTQN6ln1IVQN6jn1JWQN5[o1O0001O000O100001O00BJRQN6nn1JRQN6nn1JSQN5mn1KSQN5mn1KSQN5]o1O0O101O000001O000001O0001O100O10O1O0001M2O100000O2N5Kj]Ul1
20110811121534Ch_7,Pb`P21PP21iQN6nm13WNGfSN;Zl1F`SN?`l1@`SN`0`l1@^SNb0bl1^O]SNc0cl1]O[SNf0dl1ZO[SNh0dl1XO[SNi0el1WOZSNk0el1WOYSNi0hl1WOVSNj0jl1VOUSNk0kl1UOTSNl0ll1TORSNn0nl1ROQSNn0Pm1QOPSNP1Pm1oNPSNQ1Qm1nNnRNT1Rm1lNmRNS1Um1mNlRNQ1Tn1N001N4K4L4L5ISQ86inG9F6M2M3N3M2O1N4NO011M5K6mNRQNh0]o1G00N4M1O1O01N1O3N3M3L5JgQ>9RnA1000M3LcXoj1
20110811121534Ch_8,kfPV3;do11M2O1O0VODQRN;om1JoQN5Pn1NnQN2Rn10mQN0Rn12fQNBM;^n16aQN1`n1g0SRNkNkk1=RTNf01POlk1?QTN?1TOmk1?STN46^Ofk1?TTNO9Cck1>TTNL:Gck1<STNK<Hck1=PTNI?Jfk17lSNN`0Kjl14WSNLhl13YSNMil12VSNOkl1NUSN3Pm1GQSN:]n1KhMJ_240Ld[Uh0
20110811121534Ch_9,o^dj07[1Kml1<kRNIUm1;fRNGZm1;dRNC]m1>bRNA^m1a0bRN]O^m1e0aRNZO_m1i0^RNXObm1i0\RNXOcm1i0[RNYOfm1f0SRNAmm1`0mQN]OKJ[n1h0iQN]O_n1M_QN<3E`n1KaQN?0D`n1LaQN`0OCan1M_QNb0OBan1KaQNd0MAbn1K`QNQ1_n1PO`QNQ1]n1QObQNP1]n1QOcQNo0`n1mNbQNQ1gn101N5L0001N3N2MWOVQN?hn1AZQN`0dn1^O_QNc0]n1]OgQNd0Vn1[OmQNd0Pn1^OQRNa0nm1@TRN?km1@YRN=fm1AaRN;_m1EfRN6Zm1JgRN5Zm1HiRN7bn1N2Md_cR3
20110819131834Ch_1,akZR24ko12N2O1N101O10O0101002NO0000000O100O0010O00O101N101O0O9HGjPNJTo16lPNLRo1c0O1N1100ZOQQN8Qo1CRQN=Yo10002N00200O1O1N01OO02N010O1O1O0010O0O2O1M4Md0KA2O1000O1OURei1
20110819131834Ch_2,Zjde0b0\o15K4M2fRNUO[k1n0`TN^OWk1c0hTN@Tk1b0jTNATk1`0lTN@Tk1`0kTNATk1?mTNA[k16fTNIUj1D[UN;c00oi1M]UNMi03ii12hWNIXh1:jWNBig1m0b33M200000O2O1O010N2O100N3O0O101N106I1O2N3M2M4JhWmW3
20110819131834Ch_3,_eP]142Mgo1600O100O2O0O1000O010000O100O1O1O0N3O100O01O01000O1O010J6O10O01000O1O0O200N2O100O1O100O1O1O1O100O100O100O10O10O10O1O10O00O1O1OO1O200O1010O00010O001O001O001O1O010O100O1O1O001O100O010O1O1O1O100O1O100O101O0O100O2N2NV\Y\2
20110819131834Ch_4,beh\13lo12M2O2OH]PN1MOfo10`PN0`o10`PN0_o10bPN0^o10bPN0Yog20^PZM1O1O1O000O10O10OO10lZY_2
20110819131834Ch_5,hg\R35jo13O00011N1O00O2N3MmWol0
20110819131834Ch_6,kfbT32lo15M2N011O000002N4K3OO5J2O1N10O010O1O2N3Kcoi12]PVN02MlXSh0
20110819131834Ch_7,[^QQ13ko15M1O10O0000N10001O0011O0O101N1O3J]PN5ao11O2VQNLfm14gQNHL2N6^n10fQNb0[n1\OeQNe0]n1XOcQNi0jn10O0M31M3M4K4O2N2M7BWajl2
20110819131834Ch_8,c^QR13QP2NN0T10_M0QRN0kn50fPJ0PQ40hmM1TRNOln1001fn3O[QL4N0kPNLX`ll2
20110827141254Bh_1,ogjZ36ao1h0XO=K2O2N1O111N3L101N1001O4L1O4L2N1O4L10O10O11O2M101N100O00001O1O01003L010O2O10O0O000101ONeMeNTVNZ1ii1hNYVNV1fi1iN[VNW1hi1fN[VNY1Wl1O012OO00O2N2O000O00O11OYNnN_TNS1Zk1ROgTNo0Rk1VO_SNEY1V1Rk1EjTN;Tk1FnTN:nj1ITUN5ij1MXUN4fj1L[UN5aj1N`UN4Zj1OeUN4Vj1OiUN2Tj12hUN2mi18TVNGki19YVNEei1;aVNA]i1?fVN@Xi1?kVN@Ui1>oVNBRi1lNVUNJMQ1n1;_i1DaUNnN0]1_j1E_UNTO1U1`j1G[UN[O4j0ej1ISUN@8f0fj1OiTN@a0`0hj1NfTNCc0b0cj1JjTNDe0a0[ORO`j1h0`UNEf0b0UOZO_j1?fUNEh0`0RO_O^j1<hUNEh0`0QO@^j1<iUNCT16cNO^j18jUNBZ12^N7lh1]OXXNj0oNAc1M[N;ih1BhWNAJl1h1WNPNk0eh1DdWNDBJ8i1Z2UOYf1CbWNJLZ1Z2ZOYf1C`WNHOX1Y2]OYf19cWN5V2CWf17dWN4V2GUf15fWN2T2LQNnNYg1T1aXN0U20mMPO]g1o0`XN1W21iMPOag1P1WXN4a2McMPOfg1^1[XNoN^2d0^MoNjg1\1aXNkNY2j0YMPOng1Z1eXNgNW2]1Xe1LcXNbNY2`1Te1NdXN_N_2^1nd13T\NKmc15S\NKoc15o[NKTd15j[NJVd17j[NHVd19j[NFVd1;j[NBXd1>m[N\OUd1c0l[N[OUd1c0n[N[OUd1`0o[N]OSd1b0o[N[O_d1YOnVNa0o4Mjd1Ca[N2ec=4_VD21M^PNH_o15QXk<
20110827141254Bh_2,^ljR24ko14L2N2O1O001O001O1O001O000010O001O1O3M001O00001O1O1O010O002OO1O01O01O0001O1N2O\Qb00bn]O4L3O1N101O1O1O1O1O000001M2M4N2N3Mmnm1MTQRN5J5O0O2N1O2O1N101O00100O010O0100O1O100O1000O100O010O3NO01O011N101O1N100O011N1O110O103L1N10000002M101N4L5K7J1O0O1O1O3L`QYc1
20110827141254Bh_3,amdo12no1001O2N1O0010001O0O1O2O0000000000000O100O101O001O02O0N1OAGXQN8in1HXQN5in1Ji02RRYn1
20110827141254Bh_4,hnT\21oo10UPN2do16000O000000O0O1ZQWc1
20110827141254Bh_5,[[h_21no12N1]PN0Vo10jPN1To10hPN6Vo1IjPN8Wo1FiPN<]o12N1O00DbPN5do110O0O1000100O0010O010_PNJWo17iPNJQo1NkPN84JQo1;oPNEQo1;PQNCPo1>;B_PN8fo1O0M300O2O01N3\PNJYo18dPNKYo17gPNIXo18hPNHXo18iPNFWo1;8O0I`PNNao1Onda]1
20110912142254Bh_1,aeZd25jo13M2N2O00001O001O001O0000001O001O1O1O1O1O1O1O00001O001O010O0010O1O1O1O2N2N100O2O0O100O100O010O10001O01O2N10O01N10001N1O2O0O1O10000O1O0100O10000O100O100O101N002O1N2N1O2N5JgXYV1
20110912142254Bh_2,caYU21no12N2O0O1N2M3O1O1O1O1O100O1O01000000O010000O10O010O100O01000O100O1O1O2MmmW2KXRhM4L3O1O0O2O00O10000O2O0N3OknS2LVQlM5M2N1O2N2O001O00000O100001O00001O00000000000000001O000000000000O2O000000001O0O100000000000000001O0O2O000O2O0O2N2O0O2N3L]b\_1
20110912142254Bh_3,ZgPh08jl10jUN2Sj17gUNIWj1`0bUN@\j1h0_UNVOaj1n0\UNQOej1P1\UNkNgj1W1Q20001mN]QNf0bn1WOcQNh0\n1WOhQNg0Vn1ZOmQNc0Rn1]OQRNb0mm1_OVRN?hm1A]RN>`m1@eRN?^n11O00001O00O1O1000O10O0001O001`NA]SNa0`l1@`SNa0_l1_ObSN`0^l1@bSN?Rn1L3M7E^Q45bnK4L4L4M3M2O0000O2N3N1O1N100000001N1OfLFoVN9Qi1ImVN7Qi1LoVN2Ri1NoVN1Si1MmVN2Ui1KmVN5Si1IPWN6]l101OXXcS3
20110912142254Bh_4,c[`X2<co12M3M3N1O1O1000O2O1O1OaNC[SN=cl1E^SN;\l1IfSN6Ul1LnSN5ok1JTTN6jk1MTTN5kk15jSNMUl14jSNMWl12iSNNYl1OiSN2QOBfl16^TNh0ek1SO^TNl0fk1kN_TNU1Vm10O0101M6J7J2M3M2O0O2O1N4K_cSe1
20110912142254Bh_5,jcRk15jo14L101N2O00001O01N2N2O1M`PX1OaogN5L2O1O1O0O20O01O01O001N3M3MbQj0ManUO3N1N100O1O1O2N100O1O100O1O01000O01O1O1N3M2O1O2N2N\Z_o1
20110912142254Bh_6,Vbmf16ho12N2CIoPN8on1MlPN5To1;00O0@_OdQNa0[n1E`QN9cn1>3M4N2N2O2N2N1N3N1O2N4L1O1O10TQNIom16QRNNlm11VRNOim10YRN0fm10[RNNfm11[RNNgm10ZRN0gm1MU`RW2
20110912142254Bh_7,`eVd26ho14NI_PNO`o11cPNN\o11:O10iPZ10_niN0hPL0fPV10[oiN00000010OO010O10OQP20QQV10nngN1O0JO\PN2ho10dXWV1
20110912142254Bh_8,^fYa14io17J4N2M2O1O3M2N1O1O1O100O01O1O1O1O2N2N2M6J3M10N2O1O2N1O2O1M4N1O002N0100O001N1N2N5J8IooU1L\PhN5ao16O2OM4Kao90`PF4L3N2N1M4M2J8M1O2O2M5M0O011N0001OmKQOUYNn0hf1ZOTYNe0kf1[OXYNc0ff1SOdUN1j3i0`f1VOkUNLh3f0cf1_OkYN:Wf1HkYN2Wf1OQVNFS38mf11PVNGYn14eQNNSo12N111O010000O_TN1Sg10kXN5Rg1JoXN;lf1ESYN>kf1BUYNa0Yf1[OoUN4g3e0Yf1VOoUN4j3g0bf1YO^YNi0af1UOaYNl0]f1ROeYNP1fj10O010O000000O3M1OdNYObSNc0_l1B^SN;cl1I\SN2hl1OXSNOil13YSNFjl1;]10O1000O2O0O1O2N5Je[nU2
20110912142254Bh_9,anPa23io17L2O00O1O3L20O1UO0fQN0Xn14fQNMXn16fQNJ[n16dQNJ_n15_QNL`n16^QNJcn17YQNLin1e02M2N3M3M3\OhPN:ao1M3M3L`Q]]1
20110912142254Bh_10,b]i\22lo1O2000oo50RPJ000O10O1000010OPPb10PP^N0O100001O00\PT12bokN1N101N11O001OXbb^1
20110912142254Bh_11,dnPa22Xog0OiPXO1mo1202N1_OJg00UP40joK1QPN1XP6NQQY]1
20110912142254Bh_12,jdTh01[o10_QN0cl16QTNJhl1=TSNCL0gk1a0\TN_ON1dk1a0gUN_OYj1<kUNDUj13TVNMnk14oQNLVn10iQN0Yn10eQNO_n10^QN0kn50VoK7\RNI^O0^m1<c10bQND^O0Xm1;]SNE[O1ok19[TN0=FZO0jk1b0[TNDe0JVO0hk1c0RVN]OUN1gk1b0VVN]ORN1ek1e0lVN[ORi1e0^VNZOoM1`k1d0dVN[OmM0\k1f0jVNZOiM0\k1f0lVNZOhM1Zk1e0oVNZOhM0Yk1f0oVNZOhM1Xk1d0eWN\OZh1c0iWN\OVh1c0VUNLWOBS1OVk1b0`TNNWOAT1OTk1a0aTN0WO@T1O[O0Xk1:WUN;9[OTO0Sm1;mSNEmN0iP80`nI0ePN1Uo10oPN1ln1OXQN1en1O^QN1`n1NbQN1]n10cQN0]n10cQNO^n11aQNObn10\QN0gn10e0000O0iK5XXNKig11ZXNO\L0on10QQN0Po10nPN0So10lPN1ak11oWNNRTUT3
20110912142254Bh_13,caQU24io15M1O2NJ^PN0bo1O`PN0_o10cPNO\o12dPNM]o12dPNN[o11gPNOYo1NjPN1Vo1OkPN1To1OmPN0bo10YoW10gPhN00000O110O9HM3MkmQ2MaRlM0ao1OcPN1fo11ANmPN2Ro1NnPN3`o1O@NRQN2nn1NQQN3on1MQQN2Po1NPQN1_o110N00Pa\e1
20111015063134Lh_1,QdXS22mo1101O000N3N100O10000000001O0001O000001O000000000000000oPNG[n19dQNI\n16dQNK[n15eQNK[n15eQNLZn14fQNL[n13eQNM[n13eQNM[n13eQNM\n12dQNN\n11fQNN[n11eQNO[n10gQNOVo1N70J000\og02aPXO1O2O1M3O0O2O0O2O0O2N2M2O101O000000000001O001O011N001O001O001O000N3O010O2O0001OO100O10O002N011N01O02N100O001O1O00001O01O00000000010O000000001O00001O0000000001O000001O000O1000000001O000000000000000010O00000000000000001O00000000000010O000001O00000001O00010O1O0010O000010O0001O01O000010O000010O000010O01O01O000010O00000001O1O001O001O0010O01O001O001O000O2O001N101N10ZZk]1
20111015063134Lh_2,fhTm02lo15UPNLco1:N2O1N10001O00000O10000\QN^Ojm1b0URN@jm1`0VRN@im1a0XRN]Oim1d0i00001O00001O1O00001000O005K1O2N2L2O2N2TQNQOen1P1YQNSOen1T10SO[QN`0dn1_O^QN`0bn1^OaQNa0`n1[OdQNd0\n1YOhQNf0in101O1O1O00010O001^OfPN=`o1N0010O0WOCPRN<Pn1DPRN<Pn1EoQN;Qn1E]QNO;<Xn1E[QN3<7Yn10fQN0[n10dQN0]n10bQN1]n10YQNG1:fn1i0N101O0001O001lNZQNl0gn1PO]QNn0kn1I70O01O1L4O2N100O100O10O10OO1010N2N2O1N2M3N2O10mPN0So1001O00MUPN1QV_l2
20111015063134Lh_3,\Vkj03;1Vn1OfRN3Ym1OfRN0Ym11jQN2<Ljm14fQN::@Pn17dQN<ln1DSQN>ln1BTQN?jn1AWQN?in1_OXQNb0hn1^OWQNd0hn1\OWQNe0in1[OWQNf0hn1:O3YQNkN]n1]1O00VOgQNMXn12kQNMUn12mQNLTn13nQNLRn13PRNKQn1KeQNK;:Qn1CbQNO905>Ro1N2O0O^PNI^o14dPNM[o14dPNL\o15cPNKPo14RQN7nn1KQQN3Qo1MoPN3]n1DQRN:B2]n1DnQN=EO\n1DQRN:E2mn1KUQN6bn1F[QN257Xn1FaQN43M49Xn11dQND69Vn14URNIkm17WRNGjm17XRNHhm1O`QN0k00gm1LcRN2`n9OPPH9M1O1ePNEQo1:oPNGQo14SQNLon12QQNO`o1NVibQ3
20111015063134Lh_4,dU]>2g00^n10aQN8Yn1HfQN9Yn1GgQN9jn1IbPN9\o1600O1^O^OfQNb0Zn1^OfQNa0[n1AbQN`0^n1B_QN`0`n1A[QNMLb0gn1B]QNf0`n1ZO_QNg0`n1[O_QNe0an1[O_QNf0`n1ZO`QNf0`n1ZO`QNf0`n1ZO`QNe0`n1\O`QNd0`n1\O`QNd0`n1\O`QNd0`n1\O`QNd0`n1\O`QNd0`n1\O`QNc0`n1_O`QN?`n1B`QN=an1C_QN<bn1[O\QN41a0cn1[O\QN41M1;bn1D\QN;40`n1E\QN971]n1G\QN683\n14cQNM]n13cQNM^n12aQNO_n1M[QNE4`0cn1H`QN;_n1E`QN<`n1\OZQN45a0an1[O[QN34b0an1[O\QN23d0`n1[O]QN03e0^n1]O`QNL2h0]n1]OiQNc0Wn1]OhQNe0Xn1ZOhQNf0Xn1YOcQNLOk0^n1YOcQNMNj0_n1XOdQNNLk0cn1TOaQN1Ll0jn1UOTQNl0ln1TOTQNl0ln122O2QOQQNj0So1FnPNFRo19PQNEPo1<QQNBPo1>QQN@on1a081NJePNI[o16gPNIXo18hPNHXo18hPNHWo19iPNFXo1:hPNFXo19jPNFUo1;lPNC50dn1=cQNE[n1;eQNFZn1:fQNFYn1;gQNEYn1;_QNCL3cn1;`QNDL1bn1>aQNAN0`n1`0aQNBNNan1a0`QNAONan1b0_QN@1M`n1c0_QN@in1a0WQN_Oin1b0WQN]Ohn1d0XQN[Oin1e0WQN[Ohn1f0YQNYOgn1h0YQNVOhn1i080O1ZQNXOTn1i0kQNXOTn1h0kQNYOUn1g0kQNYOUn1h0jQNXOVn1j0hQNVOXn1m0dQNTO]n1l0bQNSO_n1n0`QNRO`n1n0_QNSOan1n0^QNQOcn1>\QN4en1J\QN6dn1B\QNL2a0bn1C\QNK3b0an1C\QNK4a0`n1D\QNK4a0`n1D[QNL6>`n1FZQNL7<`n1HYQNL8:`n1JXQNL8:`n1JYQNJ9;^n1JhQN6Yn1HiQNN_O3in1MjQNM_O6fo1O00001O00001O1O\ilY3
20111015063134Lh_5,XcTQ31VPP12foQO2O1O001O0gPNMen14YQNNfn12ZQNNfn13XQNNin11WQNOin11WQN0hn10XQN0in10VQNOln10TQN0ln10TQN0ln11SQNOmn11TQNNkn13UQNMkn13UQNLln14VQNHln18>O2O0000000OGLgPN5Yo1MePN3Zo1OePN0Zo13ePNMZo14gPNKXo16hPNIYo17iPNFWo1;6100O100O100O100O1O2O0O10000O10001O002N2N1O100O1O010O7J0O10000O01O012M1O00001O1N1O2N2O1OVQNXO]n1h0bQNXO_n1g0aQNYO_n1h0=1O000O01O101N1O1O2NF@TQN`0kn1BVQN<jn1DYQN9fn1H\QN5en1K\QN4Un1HjQN423Sn1KkQN132Rn1OkQNM61Qn11iQNLPo14SRNMjl12TSN2ll1LTSN5Zn1101O01Lg[Sg0
20111015063134Lh_6,oa[T24lo11O0VONfQN2Zn1OeQN2Yn1OgQN1]OKhn14kQN1[ONin11lQN7Sn1ImQN7Sn1ImQN7Sn1ImQN7Tn1HlQN8Tn1HlQN8Tn1HgQNNB:gn1HgQN=Yn1CfQN>Zn1BfQN>Zn1BfQN>Zn1BfQN>Zn1BfQN?Yn1AgQN?Yn1@hQNa0Wn1_OiQNb0Vn1]OlQNb0Tn1^OlQNb0in1000000000000000O100J]OnPNd0Qo160000000000O010O1KUOSQNm0ln113MVQNTOfn19UQN85_Oen19XQN72Ben17ZQNOMN3Lfn17ZQNNOO0Lgn16\QNMN2OJfn18]QNLO1NKfn18]QNLO1OJen19^QNLM1jn12ZQNLN1hn13ZQNLN1gn14[QNKN1gn14[QNKN1fn15\QNJOOfn17[QNJ0Mfn18[QNJon17QQNIon17QQNIon16QQNLmn16QQNKon15PQNLPo14oPNMQo13mPN0<EVn1;^QN0;GVn1h0jQNXOUn1i0kQNVOVn1j0jQNVOVn1j0kQNUOUn1k0`001O0O101O0O4]OiPN7`o100O1000O010O010O1O001O1O10LcPNF\o18ePNJYo15iPNLVo13jPN0To1OmPN2Qo1OoPN1Po1OQQN1on1NRQN2mn1OTQN0kn10VQN0jn10WQNNjn12VQNNin13YQNIin16a00001N2Nk^`d1
20111015063134Lh_7,\jZU12lo15cQNLhl16TSNMkl16RSNJol1=iRNCWm1a0TRN[O52im1c0PRN]Ol02\l1b0gRN^Oj01`l1a0eRNBg0Mel1`0eRNBf0Nfl1`0bRNC3L61Zm1;\RNG504K_m1=WRNE86Qn15hQNA9<:DVl10eSN?1M3KQl1HlSNa00L1Lil19TSNKLDF8[m19TSNJH5Um11SSNIF8Xm1OSSNFF<Wm1NeSN2\l1ObSN1`l1O^SN1dl13WSNERm1a0gRN[O_m1i0[RNTOmm1i0h0M1O0101O010O02N1NmPNYOL4in1c0XQNDhn1j06KO[OSQN5on1HRQN8Ro1_OSQN`0Xo1O1N2O2M11O000000000000001O00O100010N101O00000cMGQTNOH9Wl1HPTN2J2Xl1LnSN3MJYl10lSN6bn1O1N[TWf2
20111015063134Lh_8,YddS33mo11VOMdQN4hm1LmQN0b05^m1MoRN3Qm1NnRN2Qm1OPSN0Qm1NWRNN72bm10WRNNA0a02Zn1NTQN1N0d02Yn1MUQN3c00Xn1MUQN3b01_n1LcQN3Uo1NB0QQNOnn14=2O00000000O2N2Nona0OQR@1TnMOlQN4Vo3LmoM00000O0kN0ZRN1kn1O00000000oo10PPN000]PN0co1100SPNOko11UPNOlo10TPN0eo50ZPL0O000kn13QQN2N6K3aPNBUo1;iPNFYo1<iPNDUo1=kPNC3Oin1=UQNERo1<nPNDQo1NkPN<4EQo1OmPN<1EXo10jPN2LO<NXn10^QN122JO^o1NjPN5e0L]m1OiQN045f0Kam10lQN4c0Mmm13SRNLnm13SRNMnm11i]Ug0
20111017113714Th_1,ZcP]2?_o14VODlQN6km1=b08M01M5L4N2N2N2M2N2O1O1O10100N3N0N4Lc^ca1
20111017113714Th_2,ji\f14ko12N2N1O2O0000001O104L10O101M3ON01001O0O100O10000O10O02O0O1O10001O4K00100O000HZOWQNf0gn1]OVQNd0in1:O1O01K5N20OO201N100O2O010O1O00100O1O1O1O2O4K1O0010O01O001O1N4Kno;LWPD200O1O002N001O102M100O10O1O100O1O0O2O1O2MQUYS2
20111017113714Th_3,\Tkj26fo15M2O2N100fPNHkn1;PQNJmn1f0O0N3O0O1O2O0O3]QNjNWn1c1M1NbNPRNn0cl1kN`TN6POn0\l1SO`TNOTOn0[l1WO^TNMSOn0_l1XOaSNG<a1Tl1XOgSNj0[l1YO^SNi0dl1W13M5J7`NPSNDVm18lRN\Obm1a0aRNZOcm1c0aRNYObm1e0cRNTObm1i0l0N3L5K8HjljR1
20111017113714Th_4,haUi27ho12M4N0O2O0000000000001N10O10O10000O1000000000O100N200O1O2O0O2O0O2N3M\oS1NePlN6L2N3M5K1O010O01O001O001O0O2O0000QQNC\n1;eQNFZn1:eQNG[n19eQNG[n18dQNF_O2mn18dQNF@1ln18eQNG_n18bQNH^n18e0O2N10GLfPN4Xo10fPN0Yo12gPNMXo15gPNKYo16fPNJYo18fPNHZo19fPNE[o1;51OO01000000VQNCQn1=nQNFPn1:oQNGPn1:PRNGom19PRNHPn17QRNJnm16RRNJnm16QRNKom14RRNLnm14RRNLmm14TRNMkm12VRNNjm11XRNMgm14ZRNL_m19dRNFYm1:lRNCTm1:Z1100O1000O10000O100O100OiQNDll1;SSNIkl16USNLjl14VSNLil14WSNMil12XSNNhl12XSNNhl11YSNOgl10ZSN0gl1NZSN2fl1NZSN2fl1KbRNO43]m1L`RN222Un1OlQNOVn1OkQN1Ro1O1OU^Rn0
20111017113714Th_5,Ud^n24ko12N10000O2O0000O10O1000000000001O0000001O0000001O000001O0001O0001O0001O0010O0001O0000010O0000001O00000O101O001O00001O0O2O00001O0O10000000O01000001O000O3N001O001O0000O1JnPN]OSo1>kPNA]o1>3O2O0O10001O010O1O001O010O0010O1O101N2N1O2N100O1O00100O001O010O00000O1O10000O^OiPN=Yo1@iPN?]o1O1N2FbPN0_o1MePN0iZ]i0
20111017113714Th_6,m^bU13ko15M4L3M2N1O0TQNAWn1a0fQN@Zn1b0eQN]O\n13YQN7;D]n14ZQN8Vo1DmPN=\o1O001O10O10O01O1O1N2OO001O011N100N3NAGXQN8[n1I`QN144]n1M`QNM42_n11oaYh2
20111017113714Th_7,QjVc03mo12\PN2Ro1NmPN4So1KmPN6Uo1GjPN:^o101O1O1N1O02N1O1O2N101O0000M_PNG`o19300001N2O010O01OOD`PN;ao11001O200O00bPNFVo1:jPNGTo1:kPNGUo11iPN02NUU_Z3
20111017113714Th_8,Y_Uk13lo13N2M2O11O0O2O0O2O001O10O;D2O3O04K4M3K1O0Nb_^S2
20111017113714Th_9,kPYm13mo11O1N3N3M0O10000O10O02O1O2O3L000OO2N100N20O02O1N2O201O3M1N1O100ORodP2
20111017113714Th_10,hi^f1160jo10O10O0001O01O11do3O\PL110]PN0Qo12nPNMTo10lPN1bo1010@OnPN1ao10@OPQN1on1ORQN1nn1ORQN1mn10SQN0mn1OTQN1ln1OSQN2ln1NVQN1jn1OVQN1in1OXQN0]o10[O0YQN0gn10d01O01OO2O0J6OI^PN3`o1McPN0]o10901O01SQN0jm10TRN1mm1OSRN0nm1OQRN3om1MQRN3om1NoQN2Sn1MmQN1Un1OjQN2Wn1NhQN2To1OUOOgQN1Zn1OeQN1[n1OeQN1Vo10O00000001O^O2RQNNon12PQNNQo11oPN0Qo10oPNORo10nPN0Ro11mPN0So1OmPN1So10lPNOVo11hPN0Xo13cPNO^o182O1N100000O11O1000JHbPN8^o1HdPN7[o1IePN8Zo1HgPN8Xo1HiPN7Xo1IjPN4Vo1LkPN3Uo1NkPN1Vo1NkPN1Vo1OiPN1Wo10hPN0Yo10gPNOZo11ePNO\o11cPNO^o10:0SU]S2
20111017113714Th_11,Zdnn21fo10bPN0go100000000000gog00YPXO000QP40ooK0]P20WO0iPN0do30ooK0C0=00000^PN0To10>00000?0Qo;0_PJ0QPJ0YQ41\mKOeRN2Zm1NfRN2dn1000\ONZQN1[o10eNO\10eP`01Uo_OOXPN3ho102O2O0010000ORP40ooK00010O0fPN2bn1O]QN2cn1M\QN4en1LZQN5fn1KYQN5\n1KPRN4nn1000001O1Njog0OXPXO00000^O0TQN0mn10RQN0nn11PQNORo11dPN30L^o10_PN80Ibo13_PN1jo1LYP24eoM002N1O0O11O0O1O2O0O1O3MkZ[h0
20111017113714Th_12,fVWh14jo15L2O2N2N10O1O2N6GViTW2
20111017113714Th_13,[d`o21oo1000QP40ooK0foe00ZPZO0000010O00000`P>0`oA0QP40^oM0aPN0bPN0ln10aP40QPL0oo70gPJ0ZoM000Yo10UQR10bokN000E0g00YO0fPN0[o30ePL0fo10D0fPN1Yo1OhPN1do11O01O001O000000O010PP200000ooM00000QP20ooM0\O0XQN0\o10]O0VQN0jn10UQN1ln1OSQN1mn11QQNNQo12fPNO1OYo1;cPNG^o1=1CePN5ho1J000000kNOfRN0Pm11eRNOUO1Un11eRNNUO2Vn13bRNKWO3Wn14`RNJXO2Xn14aRNIVO4Xn14bRNHUO5Yn13bRNJRO4\n13cRNO]m12cRNL^m14dRNI]m18U11O10OlPNDdn1=YQNGen19ZQNIfn16YQNKfn17YQNIgn17XQNKgn15YQNKgn15XQNL=Hdm1<oQNL<Iem1;oQNL<Jdm1:PRNL;Ldm17RRNL:Ndm16RRNL:Ncm17SRNK90cm15URNI83cm13VRNJ73cm13WRNH75bm14mRNMSm13mRNMTm11lRN0Tm10lRN0Tm10RRNF`0:^m11QRNE`0;_m10PRNF`0;am1NoQNG`0;bm1LoQNI>;em1KnQNI<=gm1ImQNJ<=gm1ImQNJ<<im1IlQNJ;;lm1I_RN6cm1G_RN8dn1O2O100O1N2O2NkZae0
20111017113714Th_14,ZXUb26io11O2O0000OTQNIQn17iQNJ\O4in11kQN4Tn1LkQN5Un1KkQN4Vn1LoQNNRn12m05L1OM3O1O2N2Migd\1
20111017113714Th_15,mXaZ3221co19kPNL\n14cQN0Zn10dQN3]n1JbQN9^n1EbQN<Qo11OO00fM@UUN`0\j1_OeSN;j14_j1;hTN[OWO:Ql1=aTNDXO0Wl1<_TNITOO\l19^TNd0bk1]O\TNHXO0[l1:\TNA@2Tl1>^TNYOD7nk1a0]UNXO`NEjk1T1gUNSOhj1n0T21O1\RNROUl1o0jSNWOok1i0STNZOhk1h0YTNVOek1l0_TNhNfk1\1]1205JCQRNmNlm1S1WRNiNlm1V1a0O1NjRNUOXk1l0cTNVO[OITk1Q1_UNWOYO1Uk1l0WTNgNQ1;C5Vk1P1QUNlNG7_k1e0iTNUOF9ak1?iTN\OA2E^ORl1R1gTND^OIUl1=_TNN\OBWl17dSNZOi0Q1kl1SO\SNh0Qn1\O\hbb0
20111017113714Th_16,]nba12no10ioi0OWPVO2N10000O100O1000000O1O1N2M3L4O000001J6O1O1O10000O2N2M\Rg[2
20111017113714Th_17,hXW\24jo12O1O101N10001N1O1O10OcPNFUo19kPNJTo1OiPNN53Ro1NSQN4kn1LVQN4in1NWQN0jn10VQNOjn12WQNMjn12b0O3Lcg\b1
20111114063134Lh_1,^_]`21no12O1O1N2O0O2O0O10000O10O10000O1O1O2Mjoe01UPZO6L1N2N101O001O001O000000000O100O100000O010O010001O0001O001N2O001O0O100000000000O1O00100O00100O01O01O001O1O0010O0100O1O001O010O01O01OO2O000000E]OYQNd0an1?O2000000010O00001O0O2N101O1N110O1O001O1O1N101O1N1O2N1O2M3L7IToa0KRQ^O4N10Onc\V1
20111114063134Lh_2,X__U13mo10JN^PN2^o13bPNL]o156001M3M2E;O2@_O_QNb0an1>O2O001O010O10N200O1O1O1O2O1N100O100O1O100GWQNYOln1e08O1O1O100O1000O1000O01000O100O0O200O100O101O000000000001O000001O00hQNEkl1;SSNGnl18RSNHnl18QSNIol17QSNIol17QSNIol17mRNEoN3Un18lRNEoN2Vn19PSNEQm1;kRNEYm1;gRNHVm18kRNFWm19X1000000O010000O10001N10000O1O10O010000O100O001O00100O1O10O10O0001O100O10O10O100O0010000O100000001N1O100O1000001O0O101N2O0O2O0O100001O01O000N2OhbRa2
20111114063134Lh_3,Y\li038Og0O\ng12nPXN0k0OTm1f0kQNZOg0OZm1P1j02N102M101N2O1N:G2N1O1O10O1O01N100000O101O001N1O2O1HeQNgN^n1W19I8K6K1N20O010000O0100O11O0000O101O0003M01N2O000001N100O1000O0100O010OdN\O^SNb0bl1_O]SNa0`l1CSSNK\Oc0]m1ERSN0_O;^m1ERSN1@:^m1EQSN3@9^m1DQSN5@8am1_OPSN9@7am1^OPSN;_O7am1^OPSN;A6^m1_OQSN;A7]m1^ORSN;A8^m1[OZRN1d0:D<]m1YOZRN3e05F`0Xm1XO]RN7c01Ha0Wm1^OUSNMGe0ol1WOeRN51KU1k0Sl1VOfRN1ON31V1j0Pl1ZOnRNLR1k0ok1YOoRNMS1k0kk1WOSSN0Q1h0lk1WOTSN2Q1g0ik1VOWSN4P1f0hk1UOXSN6Q1d0Tl1\OmSNd0Rl1\OPTNb0Pl1^OPTNb0Pl1]OSTNa0ok1]ORTNb0gm1O1O1O1O000100O0SO^O\RNb0bm1A]RN`0bm1@^RN`0bm1@_RN`0`l1]OdSN2La0`l1^OcSN1Ma0_l1_OeSNMNd0]l1_OcTNa0]k1^OdTNa0\k1@dTN?_m1O100O001O1O2O0O101O0001O000000O101N1O2O002M2Nl`mk2
20111114063134Lh_4,_f\`22no10O2O1N1O2O0O001O1O1O10OON40N11O0100O010O10O01000O0010O0001O010O01O01O0001O010O00001O1O010GElPN<To1DlPN<To1DlPN;]o10O100O100O010OO200O001O10O01000000O10000O1000000O100000000O10000000O1000000O100O1O100O010O10000O100000000000O100O10001N100O10010O00002N002M2Ndoo03ZPPO0O2N101N10001O00001N2O1O1O001O010O1O1O00001O00010O0000O2O01O0000001O1O010O1O2N011N001O0010O01O00100O1O100YQNTOXn1m0dQNSOH2en1k0`QNYO`n1g0_QNZOan1g0\QN\Obn1Q10010O100OQO_QN?dn1\O_QNd0`n1ZOcQNe0mn15J100O101N100O01SO^QN;bn1CaQN<`n1AdQN=\n1BeQN=Po10O01O1O1O1O100OSYgQ1
20111114063134Lh_5,Q^QT34jo14J5N4K7J2N1O1N2O01O0M30N110000000O02O0N111O10O100OJkPNBUo1>lPNAUo1?jPNAUo1f0O2O1NJoPN^OQo19QQNGVo199O0010O10N6HhPj16RoUN9J5K3L4L4L2O2N3M3M2N3M101O001fQN`NQn1i1O1N2N[OURNWOjm1i0WRNWOim1i0WRNVOjm1k0TRNTOnm1_100O100000000000000001O002N1XOnQNoN46Qn1c0_RNWOcm1h0_RNVOcm1g0m0K5N2N1001O2M1O1O1]NAcSNa0[l1DaSN>\l1F`SN>^l1BaSN?^l1CaSN>LROck1a0`TN>KTOdk1?_TN>LTOek1>^TN`0ElNE7Yj15TWN8YO`0DnND6Vj1:XWN1[Oa0B[Oii16YWNN[Oa0C\Ogi17\WNJZOc0B]Ohi17\WNIZOc0A^Ohi18]WNFYOe0A]Oii1:\WNC[Of0[OBmi16]WN@]Oh0WODoi14]WN@]Oh0VOENWOni1m0aWN]O_Ok1Pi1gN`WN^OCj1mh1gNaWN]ODl1kh1fNbWN]OEl1ih1gNbWN\OG;iNm0ni1ZOcWN^OH0lNJN\1li1[OcWN^O<W1Qh1YOcWNB<U1Ph1XOfWND9T1Qh1TOiWNI6S1Ph1oNPXNN2Q1gg1VOWXNL1n0Zg1^OjXNELm0Xg1_OmXNDKn0Ug1_OQYNDIn0Sg1_OXYN@DS1Qg1_O[YN_OCR1Qg1@\YN^OCS1Pg1_OZYNAFQ1nf1_O\YN@FR1lf1^O`YN^ODU1kf1\OdYNVOI_1kN\Ngf1o0o\Ne0XL]Nif1m0Q]Nf0UL\Njf1o0Q]Ng0RL[Nmf1n0R]Ng0hc1YOY\Nf0oK[Nof1o0S]Nf0lK\NQg1m0l\NUOaKc1Zh1YOl[NX1Rd1gNo[N[1Pd1fNo[N[1oc1eNQ\N]1VLfMTg1n0g\N\1TLeMUg1P1g\N[1RLfMXg1o0f\N\1QLeMXg1P1h\N[1mKeM]g1o0g\N]1jKdM_g1P1h\N\1gKeM^g1R1m\NX1cKfM`g1S1PZNkNZ1a2dd1fNPZNoNY1Z2gd1eNQZNTOW1U2hd1hNQZNTOW1R2id1iNRZNUOU1Q2id1iNTZNVOS1o1kd1gNWZNXOP1o1jd1hNYZNUOo0P2jd1jN\]NU1eb1iN]]NV1db1gN_]NX1bb1eNa]NY1cb1cNe]NV1^b1gNc]NX1`b1cNc]N[1bb1`N_]N`1ah1O0N30iK^NQZN^1Rf1bNSZNW1]j1L3O2N2M4L5@kPNM[o1MgPN1do101N00100M21N020O100OOPP2000QPNO11oo1Ogo90[PD0oS61okM2h_l<
20111114063134Lh_6,RbPk23mo10O2N1O1O1O1O1O10OIIfPN8Yo18O100O100O10O10O100O1O010QQNZOcn1f0]QN\Obn1c0^QN_O`n1a0aQN_O_n1`0aQNA^n1?cQNA]n17jQNJVn15kQNKUn14gQNFD6en13hQNGC6dn14iQNGB5en14hQNHC4en14hQNHB5fn12jQNH@6fn12dQNHHOO7en11eQNJFN06fn12dQNKENO6hn11cQNLFMO6hn11cQN9]n1GdQN7]n1IcQN7]n1IcQN7]n1IcQN6^n1JbQN5_n1KaQN4`n1M`QN1an1OaQNO_n11aQNO_n10cQNO]n11dQNN\n12dQNN\n12eQNM[n13eQNM[n13eQNM\n11eQNN\n12dQNN\n12dQNN\n12dQNN\n12eQNM[n13eQNM\n12dQNN\n12dQNM]n13dQNL\n15g001O000000001O0000^PNMWo13iPNNVo12jPNOVo10jPN0Vo10jPN0Wo1MlPN2ao101O`P2OaoM2M2O0000000XOLdQN4\n1McQN3\n1OcQN1]n1OcQN1]n10cQNM_n13bQNL]n15g00]PNMYo13gPNMYo13gPNNXo12hPNNXo12hPNNYo11fPN0Zo10fPN0Zo10fPN1Yo1OgPN1[o1KfPN7ao10O2O0O100O1O1O100O010000O0010000O10001N10FGnPN6So1KmPN5So1KnPN3So1MnPN1So1OT_cl0
20111114063134Lh_7,TcTQ11k20Xj10hUN0Vi_59dSbJ3M2O001M2N3N1010O0000000O2O001N10001O001N1001O0000001O2N1O1O1O001O001O1O002N001O1O000001O00001N100O100O1O101O0O1O101O001O1N101O0000001O01O0000001O1O1N2O1O1O2O0O2O1N010000O5L00O0100O2O0O1O001N1O1O1O2O0O2N1O1O1O101NWQN4en13N1O1O2N10000O10O000010O00101O0O1010O20N2M020O01O01O3MO0010O001O0001O1O002N001N2N100O2O000O10001O0000001O001O001O002N3M3MUP`04go_O3M1O2N1O1O2O0O1O000000000000000O0100O100000O1O1000000O101O10O000001O01O010O00010O1O01O01O101N002N5K1O1N3KfPR11[omN3N5K1O1O1O1O001O010O010O1O0000001O01O00010O1O001O010O01O00001O1O1O0000000000000000O2O0O2O001O2M3N3MgPj1MgoSNO[o13bPN0[o13bPNO]o1;O10O01O00000001O001O00000000000000000O1000000O10002N00001O1O001O2N1O1N3MjWYR2
20111114063134Lh_8,]SS`12mo12N1B0lPN0on16PQNIPo19jPNKWo1>0100mPNZOln1h0PQN\Omn1l0O100O0O@UQNOjn12VQNNjn1IYQNKM;kn1JXQN:in1FYQN8hn1H\QN3dn1M]QN2dn1N\QN1dn1M_QN1cn1M_QN1cn1O]QN0en1N[QN3gn1JZQN5Xo110O1O1O1Nmo51TPJ01NTm`]2
20111114063134Lh_9,[Z_Z39eo12O1M201O01O01O0iLKcVN7\i1KaVN6`i1K\VN6gi1IVVN8li1IQVN8oi1IPVN5Tj1JkUN6Vj1JiUN7Wj1IhUN8Xj1HhUN7Yj1HgUN8\j1DfUN;Pm10O010O0ED\QN3cn1JcQN4]n1KfQN3Zn1LhQN4Xn1KiQN5Vn1KlQN4Qo1O00RM4hUNLWj16hUNJWj18gUNIXj18gUNIZj16eUNL\j12dUNN^j10`UN3_j1MfTNIUO;Xl11eSNKGJ:<Zl15]SNJKE=?Zl13\SNLID=a0]l10]SN31[OI=gl18`SNI5CG9cl1=`SNZO>5A2`l1`0bSNWO>7CO^l16YSNHV14UOK\l18kTNNjNH\l19kTNOjNJF0Ul16\UN3eN7ok1C]UN8bN6Rn1KmQN5Rn1LnQN5om1LRRN4nm1LSRN3km1LXRN4gm1J\RN3el1^OnSN8_O8cl1APTN4@7al1FjSN6LLCLWl12VTNb0Xm1_OiRNd0Sm1[OlRNi0Pm1YOQSNg0ml1YOSSNi0WOWOYm1OaSNk0SO[OYm1IfSNOnNi02BXm1FlSNe0oNFSm1DPTNb0POLml1ClSNNWOa0O0jl1BQTNNVO`0O0gl1AWTN1kNN5a0N25DPl1KnTN4oN<KL1E57ok1GSUN3ROj0MRON;ok1FRUN5WOd0MUOK<nk1ETUN6YOa0KXOI=ok1CSUN8\O?IZOG=Wm1LYSN=ILgk1]OWUN6YOb0GLik1\OZUN5UO9@J4=\m1@oRN9Ec0mk1oN[UN6RO7Ia0kk1ROZUN6RO6Ja0kk1SOcTN1L5L5Kb0jk1UO_TNN63^OOI;:`0lk1WOYUNLcNe094ok1]OWUN?jN3Ql1@SUN;mN3Sl1APUN<nN2hm1O[RNMem15[RNAPn12aQNOa0KUn12ZQN1Sgd?
20111114063134Lh_10,ibjY25io13OO2NYO:;3M3M1MO400O1M4N10010O0O2OkQNGfl19ZSNIdl17]SNIbl17_SNIal16aSNI^l16eSNI[l16lRNHPn17oQNLom14QRNMnm12URNLlm14P1O0O2O2N10S_Sd1
20111114063134Lh_11,^edh24lo11N2O1O0001O00\OJ_QN5Wo1OYOLk00000000oo10QPN000000001O0001OcPN0jn10VQN0jn10WQN0hn10XQN0hn10XQN0in10WQN0hn10XQN0hn10d00cPN0jn11b0000001O00QP40YQj04`nQOOXPNMio12211N`P6OcoI1POOmQN1Tn1OlQN2Sn1NlQN4Sn1LS20kM0URN0jm10WRN0im10XRN0fm10[RN0em10[RN1in11SONkQN2Ro10^OOTQN0mn10RQN1mn10SQNOnn10RQN1nn1OQQN1on10PQN0Qo10nPN1Ro1OmPN1To1OlPN0Vo1OiPN1]o163MlXcQ1
20111122063134Lh_1,`nPj18do18L2M4M3N2N1N3^QN\Obm1g0XRNAdm1a1MO1O001O1O2O01O01OO2O00O1000O1000O0011O00010O0001M2O4L3M2M2O1N1O3LQSNmNUk1Q1lTNTOQk1k0nTNXOPk1i0mTN[OQk1h0lTNXOTk1k0iTNTOXk1o0PTNjNC8_l1e22NbSNkLVl1S3`UNnLjh1R3TWNTMih1k2TWNnMWh1Q2iWNUNRh1k1lWNZNRh1d1lWNaNWh1Y1hWNoNSh1o0iWNYOVh1d0iWN@Yh1lM^VNV2V13fh1KXWN9hh1EUWN>lh1ARWNa0Qi1DeVN=^i1C_VN<ei1DUVN>Pj1AfUNf0\j1]24M1N2O2L5M2L9cNnTN\M\k1W2UUNZMUk1[2\1K6A?@a0H9G8H8GmldP2
20111122063134Lh_2,Shjj05c00jnY2NjPfM0Zo1<N200O10O_LCaWN<`h1F^WN8dh1I[WN7eh1JZWN5gh1LXWN3jh1NTWNKRi17[300001O00001O0O2N1bSNDXi1>fVNFVi1;iVNFWi19iVNHVi19hVNIXi17gVNIYi17hVNHXi18jVNDVMMik1?SWN]OYM5ck1>`WN]Och1c0^3N1O3I7N10001N21M2N2N3M1O1N200O2O0O2N100O010O010O10001O000000O10O02OO104L1O101N1O000O2O00O102M103M2N2N`RNZOfk1e0UTN_Olk1a0PTNASl1>kSNBWl1>hSNBYl1>gSNAZl1>fSNBZl1?fSN@\l1`0c1O10O5L1N1kPN]Oln1k04J4L6^OTYcl2
20111122063134Lh_3,nf`c24lo11O001O2N00100O00010O0001O00001O001O00001O00001O0010O001O1O000010O000000001O01O000010O01O0O101O0000010O01O01O102M10000000O010000000O2O0O1O100O1O010O00100O00001O1O2NoWYW1
20111122063134Lh_4,eedX26jo11N2O10O0100O02M4MfP6N[oI3N0010N3NgP<7QoC2O1O1O001O01N2O1O1N2NTOMnQN2Qn10PRNMQn13n001O2McQ<2[nC2N1O2N1O010O00001O010O100O1O10O10000O10O10O0000001O010O1O1O1OWne0LQRZONRZ_a1
20111122063134Lh_5,djhT32mo13N2M2O1O8H2N010O11O1^OhPN9`o10O101]PNHZo1a0N2N100lPNZOln1P1N0OQOVQNi0gn1XO`QNc0\n1@eQN`0Xn1BjQNOE2`n10lQNME3^n10nQNKF4\n11PRNGG8Xn11[RNOdm12\RNOcm10_RN1_m1OaRN3^m1LdRN3]m1KfRN2]m1McRN2_m1OTRNID7Yn10PRNND3[n1OPRN1C0^n1NoQN4ANan1MnQN6@Nbn1KoQN5ANPn1J]RN323COmm1L^RN25NC3]n10]RNLfm11kU]h0
20111122063134Lh_6,PZ[b24ko11N3N1O2N1N2O0010O010O1O010O10000O011N1O2M2OdPh0L`oWO102NO1O2O\NOb16L2N2N2N10000O10O100N2N2M4MAO`05M3L6K1O1O00O2O0O2N3M3MRhZY1
20111122063134Lh_7,ecRV13ko13O1O1N201N001O001O1O1O001O00002O0O101N103fPN^Onn1m0M1O1O1O1O0010N10000O1O101N1O1N2N3O0O2N2N101O1O2N010O10O010O0O2O2O0000001N001O000100O100O1O1O1O2N010O01O3N0000001N100000000O1000O1O001O10O00000010O00100O1O1O0010O01O100O10O1000O100O1O1O2N002N1O2M^Z]b2
20111122063134Lh_8,bcjU14ko12O1O1OL[PNNdo10_PN0`o10aPN0_o1ObPN1go10EO;0\PN0eo30ZPd00QPZO0\Ph30YoWL0QPV21ooiM3XZ[b2
20111122063134Lh_9,ogP\21no11O0001O0010oo10oo10RPL0000000SnW10lQhN31MM211O000cR`20\m_M2O010O0001O001O1MbWU^1
20111122063134Lh_10,Qi^c02eo1<K2jPNIcn1l0N4L6K2O0O01nNbQN?_n1[OlQN>on1M0O001O1O2NSOFURN9jm1HWRN6jm1IXRN6jm1GYRN8om1NcQN2Zn13dQNMZn16dQNKkm1JSRN<2Jim1KTRN<4Hgm1NTRN:6Hem1NURN6;L`m1MVRN2?1[m1MXRNLa07Wm1LXSN5hl1IYSN7Xn1002NK_PNKbo13_PNMnn1OaQN2A0mn10hQN1Vn11fQN2Zn1NeQN3Zn1NdQN4Zn1MeQN4Zn1NeQN3Zn1MiQN0Zn1MkQNNWn11m0L^VcY3
20111122063134Lh_11,ljPU32XP60goK00000B1jPNOVo11jPN0Uo1OlPN4Qo1LPQN0HOTo11]QN0`n10bQN0]n1OdQN5Wn1LiQN2ZONin10WRNOik11QUN0VOOgk12SUNOWN1i0Okk12YUN6gNG\n13dQNM_n11RQN020mn1OPQN23OTo13kPNMXo11hPNNZo10fPN0ZS_i0
20111122063134Lh_12,gaTc0:l0KT1M]j1>mSNGN3b1M`j1<kSNI2Mh0HM4\k1T1oSNmNe03JNbk1R1nTNXO]OCfk1U1jTN1Xk1OeTN4_k1G]TN?ak1AZTNe0dk1[O[TNh0dk1VO\TNm0ck1RO\TNS1ak1lN]TNY1`k1gN_TN\1`k1bN]TNb1ek1\N\TNd1gk1WN\TN[O^OY2[l1RNbTNl1^k1QNeTNn1[k1UN`TNn1`k1RN]TN`1YObNYl10XTNa1B^NVl12PTNf1KXNTl1d2lSN]MSl1c2mSN]MTl1]1oSNPOLETl1X1TTNPOKGQl1V1YTNoNIJnk1V1[TNnNIInk1W1\TNnNJGjk1[1]TNmN\l1S1eSNmNZl1S1fSNmNYl1S1gSNoNXl1P1iSNROWOHal1V1XTNAfk1`0XTNBgk1>ZTNoNZOM]l1S1ZTNoNZOM^l1R1[TNmNZON^l1S1\TNjN\OK]l1Y1j1N2NLjNcQNR1_n1oNbQNn0[1RObk1NTSNn0Y1ZOik1a0YTNBgk12cTNO^k1EmTN:Sk1GkTN9Xk1FhTN6em1IW\aY3
20111122063134Lh_13,fdjQ14RTX31hkiL2K4O10O1O101N3K\kS1NiTlN010O1O111NO110O12VOLcQN1]n1Oj0000QP80ooG0O100001O010OkP:0UoE0PP40_o30`Qh00QooN000QP20PPN3ON0001O010O000010O0O001O00000000QP40ooK0Yo11^QLOan11_QNObn11^QNOan12^QNNcn12\QNNfn11YQNOhn10XQN0hn11d0O01ZSh2OflWM2N0SPh0NooWO2M2O010O1O02N00_WS_2
20111124153054Bh_1,[i\a18Vl[1OaSfN5L201O1OO1O2N3LhP:3VoE3L2O2N1O010O1O100\QN^Ohm1c0VRN_Ojm1`0VRN_Okm1b0j0O100O100O2N100O2N3M4LPQ82mnG4M2O00001O00001O0000001N11O1N011N11N02O1N2N3LnVSY2
20111124153054Bh_2,bo\i2<bo17J4M3N0O010QSNA\j1?]UNIaj18]UNJbj17\UNLcj14[UN0cj1O]UN4aj1J^UN9dj1B]UN`0ol14M3M4M7I:F5L3M2O001N11N000N2O1N3L3N3L5K4SOP1DWmZT1
20111124153054Bh_3,mhb[16io12N1O2O0_PNH[o17dPNMYo11iPN7Po1FRQN=Xo11N2O1O00001O000001O1O1N3N2N2N1O1O0000O100O10000O010O01O00001O0000001O0000000O100O1O2N1OdUUa2
20111124153054Bh_4,mcnW1<bo15L2M4M1O2O00O101O0O2O2LZNDnSN7Rl1Om13M3M2O1N2O1O1O2O0O010010O1O000O2O0O2N1O1N3M4Kmm7NURH3L6K3N1O1O2N1O2O0O3M2O2N1N20001N1000O11O0100O2M3N4K7I6I5FT_ac2
20111124153054Bh_5,Pd\h17io11O2O001OO100O02N1O3M2N4L1N3N1O1O1O00001O000001O0000001N10001O100O2N2N2M2O2M2O1O002N00aQj1N^nUN5M2N3M101O0O200O10O1O1O2O00001N2M2O2O001O1O6IjRR17nlmN3N1000O1O2O001O0OSVko1
20111124153054Bh_6,\cTP24ko12O0O2O1O1O0000001O1O0000100O0001O010O01O1O010O00001O01O01O001O01O0100O1O01O01O100O1O010O1O10O10O0010O010O001000O102M10001O0O1001OO010O010O1O010O010O010O0010O01O0000010O00010O0001O01O00000000000000000O100001O000010O0010O00010O00010O001O001O01O01O001O1O010O0010O0000010O1O010O00100O0010O1O010O001O1O001O001O1O00002N000O2O001O1O001O1O1O0O2O2LgZUe1
20111124153054Bh_7,a\gV26go15M20O02N9E5M20O1N13O0OO1N6J6K2M3M4KcbRh1
20111124153054Bh_8,\hh]23mo11O1N110O01OcWia1
20111124153054Bh_9,ki`o04mo11N2N2N10O00102N02M1001N1NSQ80nnG2N2N1O010O0001N2IZPN0]Tin2
20111124153054Bh_10,UhTl21no12N2VPNLfo18O0000O1O2O1OO1001O3N0O03M1001N01O0002McW]R1
20111124153054Bh_11,ioPU11lo;0SPF1YP_j2
20111124153054Bh_12,cc\P21PP41noM1O0100O01O0100O0000010OCOkPN2To1NmPN2Ro1NoPN1Qo1OoPN2Po1OPQN0Po10PQN1Po1NPQN2Po1NQQN2nn1NRQN3nn1MQQN4nn1LSQN3mn1MSQN4ln1LUQN3\o11_OLTQN4ln1LUQN3ln1MTQN2ln1NUQN2jn1NVQN2kn1NTQN3kn1MVQN2jn1NWQN3gn1NYQN1gn1OZQN1en1O[QN1en10[QN0dn10]QN0cn1O^QN1an10^QN0bn11^QNObn10^QN2`n1NaQN2_n1N`QN2`n1NaQN2`n1M_QN5_n1KaQN6_n1JaQN5_n1LaQN4`n1JaQN7]n1JeQN3\n1LeQN4Zn1MfQN3Zn1MgQN2Xn1OhQN1Wn1OjQN0Vn11jQNOVn12iQNMWn13iQNOVn11jQNNVn12jQNOVn11jQNNVn12kQNOSn11mQNOSn12mQNNRn12nQNORn11nQNOQn11oQN0Pn11PRNNPn12PRNOPn10QRNOom12PRNOPn10QRNOom11QRNOom11QRN0om1OQRN1om10QRNOom11QRNOom11QRNOPn11PRNNPn12PRNNPn12PRNOPn11oQNOQn11PRNNPn12PRNNPn12PRNNPn12PRNOom11QRNOom11QRNOom11QRNOPn10PRN0Pn10PRN0Pn10PRN0Pn1OQRN1om1OQRN1Pn1NPRN2Pn1OoQN2Qn1MoQN3Qn1MoQN3Rn1MnQN2Rn1NnQN3Qn1MPRN2Pn1OoQN1Rn1NnQN2Rn1NoQN1Qn10nQN0Rn10nQN0Rn10oQN0Pn11oQNOQn11oQNORn11mQNOSn11mQNOTn11kQN0Tn10mQNOSn11mQNOTn11kQNOUn11kQNOVn11iQN0Vn11iQNOWn11jQNNWn12hQNOXn10hQN0Xn11hQNOWn11iQNOXn10hQN0Xn10hQN0Xn11hQNNYn11hQNOWn11iQN0Vn11jQNNWn11iQN0Vn10kQNOVn11jQNNVn12jQNOVn10kQNOUn12jQNNVn13iQNMYn11hQNNXn13gQNMZn12fQNOYn12fQNN[n12dQNN]n11cQNO^n11aQNO_n11aQNO`n11_QNOan12^QNNcn11]QNNdn12\QNNen13YQNMhn12XQNNhn12WQNOin12VQNMln12TQNNln13SQNMnn13QQNMPo12PQNOon12PQNNQo12nPNNSo12lPNNVo10iPN1Yo1NfPN2bo13L40I]PNOko1O[Zod1
20111128175514Mh_1,Y`Rm13lo12N2O0O1O2O0000001O0000000O100O2O001O001O0nPNCan1=_QNDan1:`QNF`n1:`QNFan19`QNFan19`QNEbn1:c0O01000O100O010O10O010O01000O10O001000O0100O100O010O0010000O010O10O1000O1O2Mn^in1
20111128175514Mh_2,UdhQ32jo16M1SQNMlm14SRNOkm11URN1im1OWRN4em1M[RN8_m1IaRN9]m1HbRN9]m1GcRN<Zm1CgRN?Vm1@mRN`0Rm1_OoRNc0ol1YOVSNi0gl1VOZSNl0dl1SO^SNm0al1SO`SNn0]l1ROfSNm0Yl1ROiSNn0fm1O1O2N1O001O10OO10001NnM\OiTNc0Vk1_OjTNa0Uk1AlTN<Tk1EmTN9Sk1GPUN5Pk1MSUNOlj13`21O1O001O1O1O001O1O001O1O001O001O0000000000000001O001N10011N00100O2O00O10O100000O010O10O10O010000O10O10000O0100O101O0O1O2N1O3KkP27inM9L4M3N001O100O10O00100O00100O010001O002N2N4L1N3O1N0O101O00000O11hNdQNi0Ql1TO_VNi0`i1ZO`VNe0_i1\ObVNc0^i1]OcVNc0[i1^OfVNa0Yi1_OiVNa0Vi1_OjVNb0Ti1^OPWN`0oh1_OSWN?mh1AUWN>oh1]OXWN=Xl1N002M100O1O011N1O1N4MUX]d0
20111128175514Mh_3,TiTm26go16L2O3M1O2O0O2O001O1O01O1O00000000000O11O001N1010N11N020O0001N011N1O1O3L2O3Jkni0NWQVO5M2N2N2O1N100O1010O001N102N1M3M4KTW_n0
20111128175514Mh_4,Y_jS151Lfo18O2O0000O100O2N1NfP:MgnEO_QN4_n1N`QN3_n1MaQN4^n1MaQN3_n1MaQN3`n1L`QN4`n1L`QN4an1J_QN7Uo10N110O101O002N001N1O2N10O01000O100O101O0O20O01O001O10O01O0100000O11O000O010O0010O01O001O0010O00000000001O0O2O1O001O1O1O10O01O100O0O3Nd__f2
20111128175514Mh_5,PdfQ39eo1N]PNM`o10fPN1I173_n1JbQN2IO72`n1MaQN161Yn1OaQN070Wn11bQNN81Un11dQNM91Rn12fQNM90Qn13gQNL81Qn13^RNLbm14^RNLbm13`RNM_m13V110000001N1002N000001N100O11N2O1O0lRNK\j12RSNNa21\j10kUN0Tj10lUN1Sj1OmUN1Rj10mUN2Rj1MoUN3Qj1LiUN;Wj1EnUN5Sj1KQ30Z\gk0
20111128175514Mh_6,PhZT34ko13M2O1O1O00101O1N1000001O01O1O0001O10O10O01O1O1O100O01001N1O100O10O001O0XOIfQN8Wn1IiQN8Wn1IhQN7Yn1FiQN:on1003M10O0O1O2N2N3MTVah0
20111128175514Mh_7,k_`h23lo12O1N2O1N1N3L3O1O1I8N0100000O1000O010O01LVORQNh0on1ZOoPNf0Ro1400O100000000001O0O10000O100N2O2N1O1N2O10001N1000000000000000O100O100O2O0000000010O2OcPNBXo1d0O1O00O101N1O01O01O01N100000000000000001O00001O001O0000O100O1O1O101N101O0EVO`QNk0_n1VO`QNj0`n1VO`QNj0`n1WO`QNi0_n1XO`QNh0`n1XOaQNg0_n1YOaQNg0_n1ZOaQNe0_n1[ObQN5I2en1IcQN3J3dn1IiQNMD9cn1IkQNMB:cn1IRRN6om1IQRN0[ONen11RRNOSo10Q`QP1
20111128175514Mh_8,jd`Y33mo10O2O0O1jNO\RN2dm1O[RN1em10ZRN0fm10ZRN0fm11YRNOgm12YRNMgm1M`QNOi05fm1KdQNOf05fm1LbRN4^m1MbRN2_m1MaRN3_m1MaRN3_m1NaRN1`m1NaRN0am10aQNO]o11cPN0]o14^PNLbo1;O00001N100GDlPN=So1CnPN=Qo1DoPN<on1FRQN9mn1GXQN5hn1JYQN5gn1KZQN6dn1J\QN9an1G`QN9`n1FaQN9_n1GbQN9^n1FcQN9]n1FeQN9Qo10010OWOLfQN4Yn11cQN0\n11cQNOZn15eQNLZn14fQNL[n14eQNK[n15eQNL[n14dQNL]n1F[QN872_n1D[QN:62en1M[QN3fn1MYQN3hn1LXQN4in1KWQN5in1LWQN3in1MWQN3jn1LUQN5kn1KUQN5kn1KUQN5ln1JTQN6ln1KSQN5ln1LTQN5kn1LTQN4ln1MSQN3mn1NRQN2mn1OSQN1en1D]QN<M0fn1FZQN<ONdn1C[QN51:0Ndn1=[QNCen1l000010O0010O001OTO\QN<dn1D^QN;an1DaQN;]n1GfQN7Yn1IiQN5Wn1JkQN6Sn1KPRN2Pn1NQRN2nm1NSRN1mm10RRN0nm10SRN0mm1OSRN1mm1OfQNE5<Tn19lQNFTn1;kQNEUn1=jQNCUn1>jQNBVn1>jQNBVn1?jQN@Vn1a0iQN@Wn1?iQNAWn1?iQNAWn1`0hQN@Yn1`0gQN_OYn1c0eQN]O[n1`0dQNTO1;\n1`0iQN_OWn1a0iQN_OXn15cQNG54Yn1GcQN52M44Yn1HeQN5OL66cn1Jo0Nn[Y?
20111128175514Mh_9,^a\c27ho13L4M3M3M4L4L5iNXOmRNl0nl1ZOnRNi0nl1YORSNi0kl1YOSSNj0jl1VOVSNk0il1UOXSNk0gl1VOYSNj0fl1VO[SNi0fl1WO_SNc0al1^OfSN;Yl1EjSN8Vl1IkSN5Tl1MlSN3Sl1MnSN2Ql10mSN1Rl11mSNOSl11mSN0Ql12nSNNRl12mSNOSl11mSN0Rl10nSN0Rl10nSN2Pl1MQTN50UOej1e0[UN8IZOlj1<[UN<_OBUk10]UN`0UOGbk1B\UNo1[l1O1O0O3N3L5kMWRNi1Tn1L4K5L9cNYQN687Zo1J\\gY1
20111128175514Mh_10,YffT11oo11O0100OQPZ10noeN3N1O1O10O1O001O00koc1OUP\N3N1O001O010O01N101O001MfYcf2
20111128175514Mh_11,dUeX21no11O101O2N10O00O200O10O10O10O0010O1O1O01O010O001O1O001O1O1NSj^e1
20111128175514Mh_12,QaVY21mo15M1oPNLTn15jQNMVn14hQNNWn12gQN0Yn1OfQN2[n1LcQN8^n1DdQN;Qo1O1O01L4ZODfQN>Zn1CcQN?]n1B`QN?an1B]QN>dn1DZQN4jn12SQNNon1a00OWQNVObn1f0^QN[Ocn1c0^QN\Obn1=VQND90an14lQNLSo111No]Se1
20111128175514Mh_13,f_lT13lo11O1\PNOXo12hPNOWo11iPN0Uo11kPN0So10nPN0Ro10nPN1Po1NQQN3on1MQQN4nn1KSQN6ln1JUQN6in1KWQN5hn1LZQN2en1O[QN2dn1N]QN2bn1M_QN3an1LaQN3_n1LbQN4_n1K`QN6`n1IaQN7`n1H`QN7h5I]b10jWN8k5G[b10jWN9c6Ii`1NcXN:d6Hi`1NcXN:d6Hj`1NaXN9e6Ki`1LaXN:f6Jj`1L`XN9g6Ij`1N_XN9in1HVQN8jn1HVQN8jn1IUQN6ln1KTQN4ln1LTQN4ln1MSQN3mn1MTQN2mn1NSQN1mn10SQNOmn12RQNNon12RQNMmn14SQNKmn16SQNInn16RQNKnn15RQNJon15QQNLnn14SQNLln15SQNLnn12SQNMnn12RQNOmn11TQNNmn11SQN1ln1NUQN1ln1OSQN1nn1NRQN3mn1MSQN3Q59Pd1CoVN4P5<oc1@QWN4o4`0\d1@d[N`0\d1@d[N4fJ1di1Kg[N3hJ1`i1Jj[N5gJ1^i1Im[N5eJ2^i1Hn[N6eJ1Ro1NnPN2Ro1OnPN0Ro10nPN0Ro11lPN0Vo1NjPN2Xo1MgPN1\o1NdPN1^o1O_PN0TP^6MhocI2O0YYQ`2
20111128175514Mh_14,RPgh25jo12O0O101N10000000000WOHjQN8Sn1LlQN4Rn1OnQN0Qn11oQNNQn14nQNKSn14oQNKQn15PRNIQn17m0N3L_PN0co11O1O100O10000000O100O1O1N3NVPSU1
20111128175514Mh_15,]ePR31RP23ONWOO_QN1_n1ObQN1]n10eQNOZn10hQN0Vn11jQN0Un10lQN0Sn10oQNOPn10RRN0on110O0001O0000001O000UONhQN2Wn1NhQN2To11OOWONeQN1Vo100O[o10gPN1100Ohm50mUJ0]lM2co1N`PN2\o1OfPN1Xo10iPNOVo12kPNOTo10lPN1So1OnPN2Ro1MoPN2Po1OQQN1nn1NSQN2mn1NSQN3kn1NUQN2ln1MUQN3jn1MVQN3Vk1LmWN2lL2Vk1LoWN3jL1Vk1LRXN2hL3Tk1KUXN2hL1Sk1MVXN2hL1kn1OTQN1Xj1MlYN3lKNXj1OnYN2jKOWj10oYN2iKMSo11ek1O^UN0\o10RP40noI0^o10TQL0jn10VQN0kn10UQN0jn10WQN0hn11WQNOjn11VQN0in1OWQN1in10WQN0jn1OVQN1in10VQN0ln1OTQN1^o10000O00Q[ah0
20111128175514Mh_16,cT_k11oo11N1000001O000001O00001O0OTQ^<2jnaC21N11N0010O100O00HNcPN2\o1NePN1\o1OcPN1]o1OcPN1]o10cPN0\o10ePNO[o11:010O0010O01O10O1000O10OUj\e1
20111208173814Mh_1,Yfdi27ho13N1000O2N2NfPb01Wo]O3O1N2N12N2MmXmT1
20111208173814Mh_2,f]Qb14ko13N1N2O0000000O0100000O10O100001nMG[TN9ak1GaRN1n18ak1L^TN4bk1L]TN5dk1J\TN6ck1K]TN5bk1L]TN6bk1J^TN6ck1I\TN8dk1H\TN8fk1E[TN;em1000000000O100O010O100O10O010O10O0100O10000O2O0N3N3M2L\oi01dPVO4M2N1O2N1O1O1O1O1O1O1O100O1O1O010O1O0000O2N1000F901\QNUOTn1j0nQNYOnm1g0RRN[Olm1c0WRN^Ohm1a0YRNAdm1=_RNC`m18fRNIYm15iRNLVm14jRNLUm14mRNLQm15oRNKol16RSNKll16TSNJll15USNKjl15XSNJgl16ZSNJfl15[SNKdl15]SNJdl14_SNKal12bSNM`l10bSN0^l1NdSN1_l1KdSN3gk1NWSNLT16ck11PUNNnj16PUNIPk19oTNGPk1:QUNDoj1>PUNBoj1?QUNAnj1`0RUN_Onj1b0SUN]Olj1d0TUN\Okj1d0VUN]Ogj1e0ZUNZOdj1h0X210100O1eSNVO_i1j0aVNXO^i1g0cVNZO\i1f0cVN[O\i1e0eVN[O[i1e0eVN[OZi1e0gVNZOZi1f0fVNZOZi1e0hVNYOYi1g0fVNZOZi1f0fVNZOZi1f0eVN[O[i1e0fVNZOZi1f0fVNYO[i1f0fVNZOZi1f0eVNZO\i1e0eVN[O[i1e0fVNYO[i1f0Q3O0O101N100O1O2N2N2M2K4M4000oo1OPPN2O2O0O0101O001NSfnR2
20111208173814Mh_3,RdXR15io16L2N2M3N1O1N2O1O1O00100O010O100O010O10O100O100O100O2N101N1O100O1O100O0010O010O00010O0001O01O010O001O010O001O010O00100O010O100O10000O2O0O2O000O100O010O01O10O01O1O2M103M1N3N1O1N2O1O1N3MWPh01ioWO2N2N001O001O00100O001O010O01O0010O01O001N2O1O1NjYce2
20111208173814Mh_4,egd^21oo13M010O2O02M2NUP22ioM4M002N1O2N00O010O100O1010N020O002NO01000O10O100O1000000O0100O4K2NkPV1OVoiN1O2O001O0000001O010O0O2O00001N101O001O1O001ZLAjWN>Uh1DjWN<Uh1FjWN;Uh1FjWN:Uh1HkWN8Sh1ImWN7Rh1JoWN5Qh1KoWN5Rh1KnWN4Sh1KnWN4Rh1MmWN1Vh1NkWN0Wh10iWNNYh12hWNKZh14j3O103K[P<1foC2[PNNVo14gPN2Uo1?M11OO010000O101N1O100O1O1O002OO010O0100O100O100000002M2O0O009GTX[X1
20111208173814Mh_5,n]^g22ko14M3N2O0O2N101O0O2O000O10000O2OO10000O10000O100O10000O10O10O10000001O01O000001O0000010O01O010O010O1O01O00010O00010O01O001N2O001N2O1MbQR3O_nmL6J5FChPNb0To18J6K300O2N10000000001O0001O0O2O1O010O1O10001N10000O1000O010O01000O0100O1O011N100O101N2M2N3M2O1J9FV`om0
20111208173814Mh_6,jPUa25jo12O0O2O001O01O0010O01O1O010O01O01O000001UQNLgm15WRNNgm13XRNOgm11WRN1hm11VRN0im11dQNL46Vn10dQNM34Yn1?cQNC]n1P10000000O100^OeQN^O\n1a0fQN]O]n15dQNB45]n15Q1Ion\\1
20111208173814Mh_7,mVmc24jo14M2N100O1O01O2N4KTo7;`PH4N1O1O1O01O1N102N10000001O000O10O1O1O1N3M3M4J[jfY1
20111208173814Mh_8,^eXc25jo14L4M2N3N100O1O1O00O1JePNFZo19hPNFYo18iPNHWo17jPNIVo15lPNJUo14lPNLTo13mPNNSo11mPNOTo11lPNOTo11kPNOVo10kPN0To11kPNOWo10iPN0Wo10iPNOXo11gPN0Yo10fPN1[o1NePN2[o11`PN1bo161N10100O000J\PN2ao1NaPN0_o1OcPNO^o119O11OO10UP80loI0ooM000b00^o10PPN0O0QP2000PPN001OO10O010O1O0K2XPNNPX]X1
20111208173814Mh_9,_d\\14io15K3K5N2L4N1O01O100O001N101N3O100O101M4M3K`li1NcSVN4mQN2nk11mSN6nk1MoSN6Pl1JoSN7Pl1JPTN7ok1IPTN8Pl1HoSN9Ql1HnSN8Sl1GlSN:Tl1FWSN3\O8^m1EnRNV1Sm1iNiRNZ1Ym1fNdRN\1^m1a02N2N1N2O1O2N1N3M4G9M3L4M4J4L6J__a^2
20111208173814Mh_10,lb\>:ZPP2KWoQN>cPNEQ1N^l1m0]SNZO_l1h0RSNoNG;Wm1g0oRNROC=\m1d0mRNHQm1>fRNcN1P1Wm1>lRNBSm1=oRNCQm1=oRNCQm1=nRNcNLl0Vm1b0kRNbNOn0Wm1b0mRN\OTm1d0mRN[OSm1e0mRNZOTm1e0mRN[OSm1e0mRN[OSm1e0mRN[ORm1g0mRNYOSm1g0mRN\OPm1e0oRN\OPm1e0oRN\OPm1d0oRN]OQm1j1O1O0000000100O0mMoRNW1Rm1fNQSNY1ol1gNRSNX1nl1hNRSNX1ol1[NQSNL1h1ol1VNjRN082Og1Rm1WNPSN3Mf1Sm1VNPSN5Me1Rm1VNQSN7Mb1Rm1WNQSN8La1Sm1WNPSN9M?L5Wm1SOPSN9N=M6_m1^OdRN;O5^m1AbRN:14]m1BbRN93HHMdm10cRN:3DK0_m12cRN:c0Cjl13cRN:c0Bll13aRN;d0Akl13cRN:c0Cjl13cRN:d0@kl15bRN;b0All14bRN;?Dol11bRN;<GQm1OdRN98KTm1LdRN97LTm1LeRN87LPm10jRN35Nfl1BoRN`0604Oel1DmRN`0;L30el1ElRN>>L02fl1EkRN=`0KO3el1:]SNBM5fl19^SNAL5gl1:^SN@J6il1:_SN_OE8ml19_SN_OB8Pm19_SNBZO7Xm18^SN5cl1K]SN5cl1K^SN3cl1N\SN1el1O[SN1el10[SNOel12ZSNNfl12ZSNOel11[SNOel11[SN0dl11[SNOel11ZSN1el1O[SN1fl1NZSN3el1MZSN[OC8Sm1=ZSNZOF8ol1>[SNZOG7nl1?ZSNZOJ7ll1>ZSN[OK6kl1?YSN]OL3kl1`0YSN]OL4jl1`0YSN\OM4jl1?ZSN\ON4hl1`0YSN]OO3il1?XSN^O02hl1NkRN3=M03gl1LnRN3<L05fl1KQSN38M24el1KSSN37L26dl1KSSN48H29cl1KSSN5NGe0:Zl1ISSN7KHh08Zl1CjRN2:<HIi06^l1EPSNj0a0A_l1EoRNk0b0@_l1EoRNk0b0@\l1HQSNj0a0_O^l1GQSNj0a0@]l1GQSNj0`0@^l1GQSNj0`0@_l1FQSNk0?_O`l1FQSNk0>@al1FPSNk0>_Obl1FPSNl0<_Odl1FPSNk0;_Oel1EQSNl09@fl1DQSNm08^Oil1EnRNn07^Okl1EmRNm07_Oll1DmRNn06^Oml1GiRNl0:]Onl1Q1QSNoNol1Q1PSNPOPm1P1PSNPOPm1P1PSNPOPm1P1PSNoNRm1P1nRNPORm1P1nRNPOSm16gRNJ61Rm15hRNJ52Sm14iRNI43Sm14iRNI43Sm14jRNH34Sm14jRNH34Tm13iRNI33Um14hRNI33Vm13hRNI24Vm13hRNI23Xm13gRNI14Xm13gRNI13Zm13fRNI03[m13fRNI12[m14dRNJ10]m15dRNI10]m15cRNJ10_m14_RNL3O`m1IURN38271]m1HURN4:K:8_m1MSSN0ml11SSNNol12QSNLPm14^10010O001N\\kU3
20111208173814Mh_11,a^fV22lo13O0O2N2N2O1N101N100O2O000O100O2O0O10000O101O000001O01O000000O1O10001N101L4M3O1N1O2N1O1O10O1O0YPN0`o19O1O1O1O1O2N1O1N2O1N101N1O2O0O100O2O0O10000O1000000O1000000000000O1000000000O10001N1000O1000O2N10000O2O0O101O1O4K2O1O1O2_OePN9co1M2O1NbP43[oK2N3M2IDgPN>Xo17N1N2O1N1O2O1O1O00001N10001O00000O1000O10000000000000001O000000001O0000000001O01O01O10O010O01000O10O1000O01O010O00010O01O100O00101N010O10O1O0100001O0O0100000O110O0O10O10O010O10002N007I2N1O1N011N010O2O0O01O2bNfQNS1dn1O2O001N100O2N100O1O001O1O1O1O1O1O1N2O2N1O3M3L7E_^kY1
20111208173814Mh_12,[fni21QP20aYmU1
20111208173814Mh_13,eeea13hn1NaQN79Mom14eQN303Zn1KeQN3O3\n1KcQN402\n1Q10OO100O1O1O10O010010O1O010O01O000010O01O0_NhQNZ1`n1O1OGfNmQNY1Rn1hNoQNW1Pn1kNPRNT1Pn1lNQRNR1Pn1nNPRN6I>Vn1^OQRN3J>Un1_OQRN2K?Un1^OQRN2J`0Un1^OQRN2J`0Un1^ORRN1J4K0Zn1JQRN3I2M2Xn1ISRN3G3M1Yn1LPRN0J`0Yn1_OkQN2K?[n1@hQN2M=Tn1]OlQN513M<Vn1]OkQN6Ok0Un1POlQN\1Tn1dNlQN\1Un1dNjQN\1Vn1dNjQN\1Vn170YOjQNDVn1<jQNCXn1;jQNDVn1<kQNCUn1=lQNAUn1?nQN^ORn1c0oQN[OQn1e0oQN[OQn1e0oQN[OQn1e0oQN[OQn1e0oQN[OQn1f0nQNZORn1g0mQNYOSn1g0mQNYOSn1h0lQNXOTn1h0lQNWOVn1h0iQNYOWn1h0hQNXOXn1Y1OgNgQNk0Zn1TOgQN8M0\n1GhQN9L0\n1GhQN8M1\n1FhQN8L2\n1FhQNl0Yn1SOgQNm0Yn1SOgQNm0Yn1SOhQNl0Yn1SOgQNm0Yn1ROhQNo0Xn1POhQNP1dn1000000000HmNbQNT1\n1PO`QNR1_n18000000000O100kN`QNi0bn1UO`QNi0an1VOaQNi0_n1WOcQNg0]n1XOfQNe0[n1[OfQNb0[n1^OhQN?Yn1AiQN<Wn1EkQN9Un1GlQN8Tn1HmQN7Sn1InQN6Rn1JoQN5Qn1KQRN3Pn1LRRN2om1MSRN1nm1NTRN0mm1Na\VW2
20111208173814Mh_14,f\]k21oo11N2O001000O01O01O01O01O012M01O001O0100O1O10O000PcPS1
20111208173814Mh_15,SdRR18go12N2MGcPN6Yo1ImPN4Ro1LPQN3nn1NTQN1kn1NXQN1gn1OZQN1en1O\QN2Yo100000O010VOMfQN4Xn1LhQN4Yn1LgQN4Xn1LiQN3Wn1NiQN2Wn1MiQN3Wn1NiQN2Wn1MjQN2Vn1OiQN1Xn1OhQN1Wn10hQN0Yn10gQN0Yn10fQN1Yn10gQNOZn11eQNO]n11aQN0^n11bQNO^n12`QNNan12^QNNcn12]QNNcn12\QNNen12ZQNNgn12YQNNgn12XQNNhn12XQNOhn11XQNNin11WQN0hn11XQNNin11WQNOin11WQN0hn11XQNOhn10XQN0hn10XQN1gn10XQN0in1OXQN0in1OWQN2hn1OXQN0in1OWQN2hn1NYQN1hn1NXQN3gn1NYQN1gn1OYQN2gn1MZQN2fn1NZQN3en1N[QN2en1M[QN3T1Nhk1OUSN3Q10ik1NVSN3n01lk1KVSN5m01lk1KWSN4l01nk1JWSN6h02Pl1IXSN5g02Ql1IYSN5e02Sl1IXSN6b03Ul1HYSN5`04Wl1G[SN3>6Xl1GZSN4;6[l1F\SN387\l1G\SN188]l1G[SN168al1FZSN159bl1FYSN05:cl1EXSN249el1EWSN13;fl1DWSN13;gl1DUSN14;hl1DTSN04;jl1DRSN159jl1GPSN069jl1HoRN068ll1IkRNO;7jl1JkRNO<7il1LhRNM?7jl1LeRNMc05jl1OaRNLf04kl1O^RNLh05ll1NZRNMk05ll1NXRNMm04ml1NURNMP14ol1LoQN1S12ol1NkQN0X10Pm14QSNKRm11`1NWZgg2
20111208173814Mh_16,f\kP22no11O1O001O01MfPNO]o1001O001O001O0JM^PN5`o1N]PN4bo16CESQN<ln1FSQN:mn1GQQN:nn1HoPN9Ro1;O01O00001O001O1I7N1O100O00N12GaPN0_o10cPNM^o147O10Wcbl1
20111216103234Ch_1,nbVZ1b0\o15K3O1O2]M\OgSNM[13gN6Ul1>nTN\OQO6ok1?lTN\OYO4kk1?fTN@C2jk19`TNDK3ek17mSN_OO7b03dk14fSN>i0_Obk13^SN`0S1]O\k1X1gTNgNUk1[1mTNeNjj1a1ZUN`Ndj1^1_UNbNbj1n0QTNcNO1b1>`j1g0PVNYOoi1c0VVN\Oki1?ZVNAdi1>_VNB_i1<eVNC[i1<hVNAYi1=X3L4Hi_Sd2
20111216103234Ch_2,[jRf03lo11@NRQN3ln1OSQN0nn11QQNOon12PQNMQo14=1ePNKjn15VQNJjn17VQNHjn19=101N1O2L30O01O10O1L4O001O10O01O100O0100O01O10O01NhPNKin15WQNKhn15XQNLIOen14cQNMG1en12eQNLF2en12eQNLF2en11gQNKD5fn10lQN0Tn10lQN0Un1OkQN0Vn11jQNMWn13l00O01000O00100O1XPNLbo1:O2N2OCdPN5\o1JdPN8bo100000O010O010O0100O2O00000O011N1O1O3MbUoT3
20111216103234Ch_3,_fR\24ko13NO1O1Ofn92ZRD1_m1a0[RNB`m1d0\RN_Ool1HnRNj02_Onl1MkRNf05^Oml10kRNe05^Onl1X1QSNhNol1Y1oRNiNPm1X1nRNhNRm1Z1mRNfNRm1T20O2N1iMjRNe1Vm1[NkRNd1Vm1[NiRNe0MM[m1b0hRN^OXm1?jRNAVm1`0hRNBWm1d1O10H7M4M3N2N1N4M2N1N3G9L4oN`QN=dn1A`QN;dn1B_QN;dn1A`QN<Uo1L4LT\m`1
20111216103234Ch_4,PeRd13go1b0@7J4N1O1O_OZQNHhn10i0L_Q:NfnE2WOO`QN0^n14aQNL]n15cQNK]n14eQNLWo11O0010O10O1O01O1O00eNOgRN2Vm11nQNL=3em11lQN0>Nfm13kQNO`0Mfm13kQNO?OTo10hYeY2
20111216103234Ch_5,W\eb22;4FNco13_PNKa0O[n15i02oPNLUn16iQNLTn19iQNHSn1e0cQN[O\n1i0bQNWO\n1l0cQNSO]n1m0dQNRO\n1o0dQNoN\n19fQN6bn1IcQN4[n1MjQNOUn10nQNOPn11RRNOlm12URNOim1OYRN2fm1M\RN2`m1KhRN5Vm1KmRN3Tm1KnRN4an1N2Lfn32cQJM[cf[1
20111216103234Ch_6,a`Pa23lo12N1N3O0O1O1O100O001O10001O00010KCePN>Yo1DhPN:Xo1GgPN9Yo17O100000O100O000O1001O0O2N2N2O010O2O00000O11O00001O1N2O1O000O101O0O1O010000001O0000000O2O0001O010O01O002O1N1O0001O001O2`PNBZo1c0O001O00000000O2O1N1N4GaPNJco1OO28101O000U`kX1
20111216103234Ch_7,P\Zi14ko12M3N1O2N3N0O2O000O2O00O0100000000000001O00000000O10000000001O00001O001O001O0O1000010O01000O02O0O1O2O0O0100O1O1O1O0O2O0O2O3L3N2LmQd42Sn[K00101N1O000000000000OeQh7M`nWH0O1O000O1000O1NT`md1
20111216103234Ch_8,\Zed01no13N0bPNMon14nPNNQo13oPNNPo16lPNJTo17kPNIUo17kPNIUo18kPNGVo189102JCcPN>[o15O001O0001000ePN\OXo1d0hPN]OXo14iPN:^o100010O01N2O1M3O1O001O001O00@MSQN3mn1NRQN2nn1ORQN0nn10RQN0nn10RQN1mn1OSQN1mn1OSQN1mn1NTQN2ln1NTQN3ln1LTQN3mn1LVQN2Xo5MnoK1`PN2^o1OaPN3]o1NbPN3]o1MbPN4^o1KcPN5co110O00N3O100O02O000O1J\PN0ko1Nio3OXPL1`elV3
20111216103234Ch_9,`cPa0?ao1ObQNITm17mRNJRm16nRNLPm17nRNHQm1<X14J5L5K3N4M<E1O7H9G4L2M4L4M4K6L0^ORMiSN2I5?m1nk1[N^TNc1ak1^NfTN\1Yk1cNjTN]1Tk1bNoTN8PO3Rl1BRUN3SO9ok1YOWVNg0fl1JlMCgTN<Wk1GPTNM[O;Sl1AjSN8d04[O4Rl1JjSNLi08ZO3Pl1MUUN2iN3Pl1MTUN2kN3ok1MSUN3mN1nk1LUUN7iN2nk1FYUN[1ej1eN\UN[1dj1dN`UNZ1_j1eNmUNQ1Rj1PORVNk0oi1UOZVN?ii1C_TNIS16^j15[TNIW1O_j1ElSNa0;KZ1O]j1GPTN?7K[10]j1GTTN=2K^11]j1FTTN>1Eb19Zj1@VTNa0b1B^N=Wl1N]UNE\N>Yl1DQVN<jl101NdLAXWN=jh1BnTN2T19fj1JVSN1V22bj1:a2MW\W[3
20111216103234Ch_10,W`Tb23no1O_P8OlnG0\QN0cn11\QNOdn11\QN0cn10\QN0fn1OZQN1fn1O[QN1cn10]QN0cn1O_QN1Xo1000O1001N1000000000000000O1WOOcQN1]n10bQNO`n10`QN0`n10_QN1an1O_QN1an10^QN0bn10]QN0en1OZQN2Zo10000O10\OOYQN1gn1OYQN1[o1000O100001O001O01O000@ORQN0on11oPNORo11mPN0Ro10nPN0So1OnPN0Ro10nPN0Ro10oPN0Po10`00000000000000QP20ooM10O02YPNO]o10\PN2jo1OJNWP63QPJN_Qb10an]N4M2N1O1O001O001O01O1O001O1O001O1Na^QV1
20111216174914Mh_1,gcT`26ho14L3N2N2O1N1^RNF^k1;USN53Cgl19RSN:2_Oll18nRN>2]OPm15kRNc0OZOWm1T2000O1O1O1O1N2O1N2N2M3N2O1O2M2O3L8G:E4M3L4M3O1N2M4L3N3L4KP\[]1
20111216174914Mh_2,ai^h03lo12O0O2O0O2O00000000000000O10000000000000000000O10000O1O10O01000O1O010O100O100O1000000O010000000001O0001O01O010O10011N1O00O100O1000O100O10O010O01000O1O100O3LRVcR3
20111216174914Mh_3,h[\l11mo1:H2M2O1N101O0O100000O101N100O3M2O1O1O1O001O001O00001N10001O001N11N101O1O0O2O0ePNLjn15TQNMkn13TQNOkn11TQN0ln10TQN0mn1OSQN1mn1OTQN0mn1OTQNOmn11UQNLmn12\Q\1OUocN2O1N10001N100001O000O4M2MScYn1
20111216174914Mh_4,RdV]1>bo101OO2N2O0000000aLKSWN5lh1LTWN3mh1NQWN2oh10mVN3Qi1OgTN3l01Zj1OcTN7Q1KXj13eTN3S1JWj14eTN2V1IVj14dTNO\1JQj17dTNK`1Koi18iTN^O^1:li15nVNKSi13oVNKTi12nVNMVi1LnVN4_l1O3N5In[Sa2
20111216174914Mh_5,l_b[27io100001O0000000000000000000001O0000O1000001O0O100O2O00000O10001O0O10000001N10001O2M2O1O1N2N2N[Pn41doQK4K4M1O2N1O2O0N3O1N100O101N1O100O100O2N1O100O100O100O010O10000O10O1000000O00100O100O100O100000001O000O100000O100000000000000000000000O2O000000000O2O0000000O101O00001O0O101N100O2N2K5N1O2N3MR`cV1
20111216174914Mh_6,VU[Z26io12O1_PNNRo12oPNNPo11SQNOkn11VQNNkn11UQNN`00Zm12YRNK>5Xm1M[SN5Yn1MUiPe1
20111216174914Mh_7,i\ce23mo15J2M3N2M3O2N000O3N1GYOTQNj0kn1M:G3DfPN;[o142J5N3MkcVY1
20120107063134Lh_1,jo\i18fo15L3M2N2N2O1N2O1O2N1O1O1OWOSQN?ln1]O[QNb0an1B_QN>]n1FbQN;Sn1^OgQN:87om10SRN1jm10XRN0fm1O_RN1\m1OkRNMTm10PSNOol1OTSN1ll1KWSN7hl1F[SN;el1@^SNa0Qn1102M6K00O2N2M3M3M2M2N2N3KfnRT2
20120107063134Lh_2,^bf<g1>eNlPd1NTn]N;^Om0QSNlNUj1T1gUNWOXi1^OaUN[1;cNIm0Qj1C`UNl0f0d0bi19]VNOKkMah1X2cWNP1Yh1ROdWNQ1]f1_LgZN`2kNU1\f1ZLiZN`2kN_1Qh1^NRXNQ2_g1gMhXN]2Vg1YMSYNg2of1aLkWN[OX1U4Pg1YLeYNj3Zf1TLfYNn3Zf1PLeYNT4\f1gKdYN[4^f1bKcYN_4_f1]K`YNg4^f1WKbYNl4]f1SKbYNP5]f1PKaYNS5Zf1SKbYNP5[f1TKaYNo4\f1TKaYNo4\f1TKbYNn4^f1QK`YNd3QO`Lag1K]YNa3^O\LXg12XYNa3GWLVg12UYNd3ch1VL^WNj3\j1N11N1O100_OXLkTNi3Sk1c0O011EZKYUNf4cj1740101M4QOXUNfLij1V3_UNeLbj1X3jUNZL\j1c3R1]LgSN[3cl1L5J6Ie0UO9N2M3O1O1O1O2O000O2N2N2N1O2O0N30O010O1O010000O10OO2N2M3M3N101N200O1O0010O10O001O10OO2N2O1N1N3M3L4L7Kb[Q[3
20120107063134Lh_3,i[Vi15ho15N2^PNLSo1c0N1O0O101N1O3L3N3L7J4K4L3A]N\RNg1`m1`0M3L5M2M3NdMhSNR1Vl1lNQTNP1ok1lNXTNQ1ik1hN_TNV1`k1jNdTNS1Zk1oNhTNn0Vk1UOkTNj0Tk1UOnTNj0Rk1VOnTNk0Qk1SORUNm0Qm1O2002N3M01O3NOO00000O100O1O1N3N1N2M4L5K5K5KSb]S2
20120107063134Lh_4,jedh14ko12O9F20O01O0001O0O2O1N101O10000O101O1O00O10O1O1O2MXoc00iP\O001VQN4^m1KbRN8\m1HdRN9`n12O001N100000O100O1O1O1O1O1O100O100O1O1000000O10000O2OYYSS2
20120107063134Lh_5,c[di11no10QQN0nm11P1OXQN0bm11aRNO\m10Z10O0O1M2HM<1O011kRNN[j12hUN0Tj10`SNO82j0O\k10`TN10O`k10\SNNm034Oek1OSSN0[12KN_m11^RNOdm11YRNOjm10URN0km10TRN0lm10URN0km10URN0km10TRN0nm10RRN0nm10TRNOlm10ZQ41ioKOPQN0mm10SRN0mm10SRN0lm11SRNOdi1:[YNGbg1?\XNARMO`i1b0^YN_O`g1d0`XN[OoL0bi1g0_YNZOmLOdi1i0_YNWOkL0gi1j0^YNVOhL0mi1j0nYNVOUf1j0a41O010O1O10O1O1N3M5K_fmR2
20120107063134Lh_6,aZkk18go12O2M2N3N1O1O001O01O01O01O0001O001O1O1XQNZOTn1h0iQNYOWn1h0hQNXOEO_n1k0jQNVOF0an1l0fQNTO]n1n0cQNQO]n1P1:0O1O1O1O001OO1000O01O1N1I8M3O1O010O0100O1O2O2N1N2N2N_OYQNKfn14\QNLdn13^QNMan11aQNN_n10eQNO\n1MhQN1Yn1LkQN2Tn5MoPL2O1N2N2C>M2O101O0O100000000000O1O100O2N1N2O1O1O2N1O100N201N1O2O0N3N_fTn1
20120107063134Lh_7,Ygh[31VW\17bheN01Nnj=2oTB4L3M2N1N3O1N10010O100O101O1O0O2O0bUN_O]e1c0]ZND_e1?^ZND`e1=]ZNG`e1;_ZNG_e1;^ZNG`e1:^ZNI_e1:`ZNG_e1:_ZNG_e1<`ZND`e1<`ZND`e1=_ZNBbe1>^ZNBae1a0]ZN]Oee1d0[ZN[Oee1f0ZZNYOhe1h0XZNVOhe1l0VZNTOje1o0TZNPOne1P1PZNoNRf1Q1nYNmNSf1V1kYNiNUf1Y1QWNUNj1b0Vg1Y1nVNWNl1?Vg1[1lVNXNo1=Sg1\1lVNZNo1:Vg1[1iVNbNm15Wg1Y1lVNgNg13\g1U1lVNmNb11bg1Q1lVNPO]12gg1o0lVNPOZ13ig1n0lVNROV13og1i0kVNVOS13Rh1g0iVNYOR11Vh1g0fVNZOQ11Yh1e0cVN^OQ1N^h1Y2aWNfMbh1Z2[WNgMfh1Y2YWNfMih1\2SWNeMmh1\2SWNcMlh1c2oVN]MQi1f2kVN\MTi1g2iVNYMVi1j2hVNVMXi1k2fVNVMXi1m2fVNTMYi1n2bVNVM^i1f40lM]VNkMei1Q2\VNPNfi1n1WVNUNji1P4J501I6O1O20O0010O0010O002O2fKmVNa1Xi1eM`VNQO>V3Ui1dMeVNoN9[3di1SMUWNi2Si1nLRWN8gNm0InNfj1KmVN1POO_O=4Faj1IhXN:mLHZo1LaQa<
20120107063134Lh_8,XaR_15jo11]OMb06D;N21O3M2O0O3M2O00N5_PNGRo1f0N02N1M;F3L2NgNIlRN6Sm1LlRN3Um1MlRN1R]__2
20120107063134Lh_9,`nRb01?3Wn13hQNLN4Yn11`QN53M[n1O_QN2:0Wn1:jQNGSn1:nQNFmm13fQNL=2jm12kQNK=3fm11nQNL=4dm1OPRNG8OI<nm1GbRNj0]m1VOcRNj0^m1UOcRNj0^m1UObRNj0am1SO`RNm0Yn11G9N2O2M3LoNfQNb0Xn1]OnQN`0Qn1_OXRN:im1C[RN9hm1D[RN:gm1D[RN5mn1MXOMm00YPN2in12^QN7^n1JbQN9[n1GeQN:Zn1EhQN:Xn1EjQN9Yn1CQRN2cPi[3
20120107063134Lh_10,`]XZ16io13N1O3NO010O1000000O0100O1O1O001O0001O001O0O2O1O2N2M[P:1eoE4L1O1O1O1O01N2O1O3LQPn0MSPRO10OSRR12gmmN1\PNM`o10fPNOfo1001O1O0_OMUQN3jn1NUQN2kn11RQNOon12PQNOnn12RQN7fn1F_QNOGNjn11WQ63VPLLi]a_2
20120107063134Lh_11,V^nh22:OXo13ePNO[o12cPN0\o11bPN2\o1NcPN3]o19N10O10O1O101N0100N2O100O2O0O2N1O1O2O1O0001O0O2O001N101bPNBXo1>hPNBXo1>gPNCYo1=gPNCYo1;701N3N1N101O]PNK[o14_PNN2O_o12`PN0OObo1O_PN7fo1N10004L^amS1
20120107063134Lh_12,aif]32io1030iQN1_l1O]SN0aN4Pn1KaSN;[l1EgSN<om10TNDSTN?fm12OObPNGTo1d0O00O2L7I5J4M3N[m9LiRF0oo10mR<2olA8K2N100000HcPNM]o12ePNM[o12gPNNYo10jPN1fo1N20clQ18nRnN010O2L4N4N2NO2K4O2H8M^Wc=
20120107063134Lh_13,Yfjh12no1100]ONVQN2in1OWQN1in10VQNOkn11TQN0mn10RQNOPo11nPN0Ro10nPN0Ro11mPNOUo10kPNOVo11jPNNWo12hPNN[o10RQX10aoeN1[o10hPN1To10mPN1Po1ORQN1ln10TQN0ln10UQN0jn1OWQN1hn10XQN0hn10XQN0hn10WQN0kn1OUQN0ln10SQN1mn1ORQN0Po10oPN0So1OlPN1Uo1OjPN1Xo1NgPN1eo1O00WR67amI5K4M2N1O1O10000O1O10000000O2O1N3M3KSW]R2
20120107063134Lh_14,fcRV32no13M0FNePN3[o1OcPN1NL[o13gPN7Wo1JhPN7Wo1IiPN;So1FmPNOO3So1NQQNKL8So1NTQN2ln1NTQN3ln1MSQN3mn1MSQN3mn1MSQNKJ0ONVo17oPNLXo14hPNKYo15hPNJYo16fPNJZo168010O010HJdPN6\o1KdPN5[o1KePN6Zo1KfPN4Zo1LgPN4Xo1MgPN3Zo1LfPN5Yo1KhPN4Zo1IgPN8ao1O010O010O010O01O001O0O2O00000O1IFgPN;OCVo14iPN:1CUo1a0mPN_ORo1a0oPN_OQo1a0PQN^OPo1a04_OiPNa0Wo1@hPN`0Wo15O11O0O10000O100AfPN7[o1HjPN4Vo1LkPN2Wo1MjPN2Vo1NkPN1Uo1NlPN2To1NmPN8ln1HTQN8ln1HUQN7ln1GVQN9in1GWQN8jn1HVQN8Zo1O_OJXQN7gn1IZQN7en1LYQN3hn1NVQN3in1NWQN2hn1OXQN0hn10YQNOgn12YQNMgn13ZQNMen14ZQNLfn14ZQNLgn13ZQNLgn10]QNOV[Yd0
20120107063134Lh_15,a]TZ14jo14MJ_PN0_o10dPN010mn10SQN0N2mn1OXQNNJ2KOon12dQNN\O1Qo10gQNOZn11fQNN[n12k0ORP2OO0io72SPF3N0O1nPNMWn12iQN0Wn1NjQN1Wn1MlQN2cn3MgPL1co1701O1N0100LdPNKTo14lPNLUo13lPNLVo12RP22WPN3N2\PNG]o19cPNH^o13cPN0fo13[PNI\o10dPN5eo1Oaamb2
20120111191454Bh_1,abZk02oo10cl75TSH8nPNJT1Knj1>nSNE>4YOLWl1?QTN^O>=VOGYl1e0QUN6nj1MnTN4Qk10lTN0Uk13fTNM[k16bTNI`k17^TNIdk18ZTNHgk19WTNElk1<RTNCPl1?nSN]OWl1e0eSNTOcl1l0]SNROel1P1YSNnNhl1U1WSNhNjl1Y1WSNcNll1^1j011eNoQNe0gn1N2O002M4M4L3L_NBeRNN9>nl1JgRNH><il1OhSN0Wl12iSNNTl16lSNIQl1;oSNDPl1=PTNDnk1=RTNCnk1=QTNDmk1>RTNCmk1>STNBlk1f0lSNZOCFek1R1fTNXOCHhk1Q1cTNXOCIkk1m0bTNZOAKnk1k0`TNZOAKPl1HfSNj0i0D@J]l1>TTNJ]OHgl16mSN2[OGil17mSN2ZOEil1:oSN0cl11_SNM`l13bSNLhk1ESSN1NN1d0W1Gfk1IRSNk0X1]Oek1k0[TNVOek1i0\TNWOck1h0_TNYO`k1e0bTN[O^k13USNJ`13Zk10^SNFZ1;`k1CUUN<Wm111N3L4LVn37cQL5`RNCSk1b0hTNBVk1`0hTNBVk1?iTNBVk1=lTNCUk1;lTNEUk19mTNDWk19lTNCYk19Y2M2NSOGVRN8ln1N3Ka_Uo2
20120111191454Bh_2,RllV25io13N3YQNHbm1=WRNHfm1d0lQN_OSn1c0hQNBVn1a0eQNA[n1S1O0001N2N2L5L4L2@YQNEjn16c0K5O000100O1O1O010O010O10O11O10O0O2O2M10O010O0010O010O1O10O010O1JIbPN7\o1LbPN4To1IQQN5J2Uo1IQQN`0nn1@SQN?Wo1EbPN5_o1GcPN9co1O1O1N2OmR[e1
20120111191454Bh_3,S\Xc14jo13N3M2O2M100O2]QNAcm1?ZRNI`m19]RNKam16\RNMbm15\RNN`m14_RNN_m14_RNN`m13\RN1bm11VRN6jm1P100O1O1O10O100O0O101N1O2O1TOQRNFPn19RRNEom1:SRNDom1;QRNEPn1:PRNEQn1<nQNDSn1:nQNESn1;mQNDUn1;kQNDWn1<gQNEZn1:fQNE\n1:dQNF]n19cQNF^n1:bQNF_n19aQNG`n18`QNH`n18`QNHan16`QNK`n13aQNM_n11cQNO^n1NeQN1\n1JhQN6Yn1IhQN7Xn1HiQN7Xn1GjQN7[n1EfQN:Qo100O\OJ^QN7`n1K_QN6`n1K_QN6_n1L`QN5_n1KaQN6ID\n17iQNd0Rn1]OmQNe0Qn1\OlQNg0Sn1[OjQNh0Tn1c0O1O101N1O1O00001N1O2N1N3O0O2N10001O00001O010O0001O000O2O0O2O1N2RNYRNa1Vn1L2O0O1N3N1O1O1O001O100O10OUOaQN6`n1IfQN1[n1NiQNOXn1OmQNLUn11fQl0K\oSO3N1O0010O0112M1O0O1O2N1O002N1O1N3N1O2N1O2N2N;E1O100O0010O010O001N1O2O0O1O2O0O2G8G:K400O1N3M3MTbaQ2
20120111191454Bh_4,ccbk26ho14M2O1O1O000001N2N2O2L^P4LeoK6L4M001bQNFTm1;hRNIXm17eRNL[m15bRNL_m15_RNKbm16\RNJem16ZRNJfm17YRNIhm17XRNGjm18WRNFkm1:n00hRNGhj19WUNIij18SUNKlj17QUNJPk16nTNJSk17kTNJUk17iTNKWk15hTNJYk16gTNJYk16gTNI[k16dTNJ^k15aTNKbk13]TNMfk11ZTNMcj1IhTN8d0Ocj1KkTN5`00dj1MnTN2>Odj10nTN2=Mdj12QUN1:Mdj11TUN19Nbj11VUN18N`j11ZUN15Mbj11_TN01O[m10cRN8Rn1IoQN9nm1GSRN:lm1FURN9jm1HWRN7hm1I[RNL[OL\n18U110O2N4LhRNNXm19I6Kb0_O0O20N2N101N4L2N3N0O101O2M2N3K6JmXYo0
20120111191454Bh_5,Qaj^22mo12O1N101O00010_QNJVm16jRNJVm16jRNJUm17kRNIUm18Y101O`PNJ92Xn15dQNIL5^n13eQNKK3_n13eQNKK2`n13eQNKJ3an13eQNIJ3cn14bQNIL2bn15dQNFK5an16lQNIYn13hQNLXn14hQNMXn13hQNLXn14hQNMWn13jQNLWn15hQNJXn17gQNIZn17fQNGA3`n17TRNJmm15SRNKmm16RRNIim1LeQN:c0Fjm12bQN8Wo1JiPN5Wo1LiPN3Wo1MkPN0Vo10kPNNVo13;000jPNKan14\QN1cn1O\QN4bn1L^QN9^n1FbQN<\n1EcQN<I_O[n16kQN<H_O^n14jQN=HA\n12kQN>I@\n12jQN`0I^O^n11iQNa0J\Omn1f06AlPN3So1LoPN4Po1KRQN5nn1HVQN7Zo1O2O4K10c][]1
20120111191454Bh_6,^hXR26do17M3G8K5AVOcQNo0Wn1a0I6fNZNXTNh1bk1`NPTNm1mk1\NdSNm1:cMZk1[3dTNjLXk1W3eTNmLWk1V3gTNlLXk1T3gTNmLXk1V3eTNkLZk1n30O00AcK]UN]4aj1gK]UNX4bj1kK\UNU4aj1RL\UNm3dj1ULZUNg15@cj1jNVUNc1c0[OWj1ROVUNn0Y1Nbi1TOUUNf0b15Yi1UOUUN<m1?mh1UOWUN8Q2b0gh1UOZUN5T2d0bh1VO\UN0o21fg1O\UNL`n13eQNE_n19d001O1N2O7H`[Yk1
20120111191454Bh_7,_[l_26fo16N2M2N2N2N3N0O2O0O2N1O2N2N2O1O00000APOnQNQ1Pn1ROmQNP1Rn1QOlQNQ1Sn1ROiQNP1Vn1>N1O2O0N3O1O2M10`NURNm0im1ROXRNo0fm1ROZRNP1dm1PO]RNP1bm1PO_RNP1`m1PO`RNP1`m1POaRNQ1]m1nNeRNR1Zm1mNhRNS1Wm1lNkRNT1Tm1lNlRNU1Sm1jNnRNV1Rm1jNoRNU1Qm1kNoRNU1Qm1kNoRNU1Qm1kNQSNGER1Ym1WO]SNi0cl1WO]SNh0dl1WO^SNh0bl1XO_SNg0al1YO`SNg0`l1XOaSNg0_l1ZO`SNf0`l1ZOaSNe0_l1[OaSNe0_l1\O`SNc0bl1\O_SNc0bl1\O_SNc0bl1\O^SNc0cl1]O^SNa0el1]O\SNa0fl1^O[SN`0gl1^OZSN`0jl1]OYSNOkN:nm1GWSNOkN:gm_2JnQbM3XPN0\o1;O0N3L5N1N2TSNVO`j1j0`UNVOWj1LjSNo0n1WOVj1LjSNo0n1WOWj1LhSNo0n1XOYj1P1cUNUO[j1l0cUNUO^j1j0aUNYO]j1h0aUN[O]j1e0cUN\O\j1e0bUN^O\j1b0dUN^O\j1c0cUN^O[j1\OUTN406_1;[j1[OWTN315]1>Zj1YOYTN326[1=Yj1ZO[TN227Z1>Xj1XO]TN13:X1<Wj1XO_TN23:X1<Uj1WOaTN14<W1<Rj1WOdTN04=W1<Pj1WOeTN04=W1<oi1XOgTNM4`0V1;ni1WO\UN?e0:oi1WO\UN?e0:oi1WO[UN`0f09oi1WO[UN`0f09oi1WO[UN`0f0:ni1UO\UNb0f09ni1TO]UNc0f08mi1UO]UNc0f08mi1TO^UNd0f07nj1IUUN5kj1KVUN4jj1KYUN2hj1N[UNOdj12]UNLdj13aUNGaj19b2010O01O001O1N1O2O0M4O10O01O100O101N2NdTb0N^k]O3N000O1fMKjTN5Tk1OiTN1lj1JWSN6m11kh1KkVNO\N6n10[h1MiUN1_1N^N4o11Xh14eUNKe1L^N5P20Wh1`0[WN[O^N6P2OVh1`0\WN[O^N6P2OVh1a0[WN[O^N5Q2OVh1b0ZWN[O]N6R2NUh1c0[WNIa0BSh1g0[WNGc0ARh1i0ZWNFe0@Qh1k0ZWNDf0_OPh1P1XWNAj0]Ong1S1WWN@Vk1`0jTN@Vk1a0iTN_OWk1a0iTN_OWk1b0hTN_OWk1b0hTN_OVk1c0jTN\OVk1d0kTN[OUk1f0kTNYOUk1h0lTNVOTk1k0lTNTOTk1l0lTNTOTk1m0lTNQOUk1P1jTNoNWk1S1hTNkNYk1V1gTNhNZk1Y1hTNbNZk1`1b11O002N010O2OO02QRNcNWm1`1cRNdN\m1R2N1N3N000O1O2O1O002N1O000000000O2nSNRMPk1n2lTN_Mkj1a2jTNPMIc0[k1^2jTNRMHa0^k1^2gTNSMKa0[k1l2eTNVMZk1j2fTNWMYk1i2gTNWMYk1h2hTNYMWk1f2jTNZMVk1f2iTN[MVk1h2fTNRM2^OXk1X48O100000001oN[TNeMek1Z2\TNfMdk1Y2]TNfMek1Y2[TNgMek1Y2ZTNhMgk1X3SXNkKoc1U4P\NnKnc1R4S\NoKkc1Q4U\NoKkc1Q4fXNkKQ34Xd1S4[XNlK21Z30Yd1Y4[XNiK\3NXd1Y4\XNiK4JR34]d1m2_XNVNNPO2KT31]d1n2`XNUNMRO0KW3O\d1o2`XNUNMXOoj1d2TUNSNNXOnj1e2TUNSNNXOnj1e2TUNSNNXOoj1e2RUNSN0WOoj1o3RUNoK2Efj1\4YUNnK0Hgj1T3VUNbMO@500Jgj1S3VUN`M1@c0MVj1T3UUN^MP1^Oki1U3UUN[MQ1@ki1T3VUNZMP1Aji1U3VUNZMP1Aki1T3WUNXMo0Dki1S3WUNVMTl1R2kSNRN9DPl1U2lSNSNil1h1^SNSNcl1^1SSNaN<1cl1Z1mSNdNWl1X1jSNhNWl1R1^102G9L<\O^eYm0
20120111191454Bh_8,jeR`21oo11N2O1O001O0010O03M010O00O1N2O101O00O101O0ELjPN4Vo1LjPN4Vo1LjPN4Uo1MkPN2Vo1NjPN2Vo1NjPN2Wo1MiPN3Wo1MiPN3Wo1MiPN2Xo1NhPN2Xo1O`PNO42\o13cPNM]o13cPNM]o14bPNK_o15bPNJ^o16bPNJ^o16bPNJ^o17501O3L2O1OVP61ioI0O10000O10000DLlPN4To1LkPN5Uo1KkPN5`o1O10O100O100O10O010O01O010O0100O1O1O2N`P2NcoM0nYkZ1
20120111191454Bh_9,Wdf]23lo12O100gPNLen13ZQNNfn12ZQN2cn1M^QN2bn10^QNOdn11YQNOgn12XQNMin15VQNJjn18>1O100O100000011N00OaPNCnn12YQN;HEmn12[QN8HFmn12\QN7FHnn11]QN6EInn10fQNN\O3nn1OiQN1Xn1MiQN4Qo100000000000000000001O000000HMdPN2\o1OcPN0^o10cPNN_o10][[_1
20120111191454Bh_10,kfVe05<0J0`n1O^QN4OLO?bn1A_QN6NL0=cn1B_QN4NL2=an1C^QN50J12N6cn14_QNC11O7an14`QNF74Yn16`QNG90Wn13]QNI74IN62]n15iQNNIL_n16hQNOGKan16hQN8Yn1IfQN6Zn1LfQNGG2fn17lQNEVn1;h02N1O0O1nPN@cn1o02N4K001O1N2N3KHDSQN2Vo1NlPNNWo11]YkX3
20120111191454Bh_11,aZ^T16ho1;YQNAZm1c0oQNCKJ01Vn1OfQNd014]n1g01OO2I6OcNjQNR1Vn1nNjQNQ1Wn1nNkQNQ1Un1oNkQNQ1Un1nNlQNR1Tn1nNlQNQ1Un1oNjQNQ1Xn1:1O1OhQN`NSn1^1nQNbNRn1]1oQNcNQn1\1PRNdNQn1[1oQNeNPn1\1QRNcNom1]191010000O2N001O1O0O2O00000O10O1N3L4M3L3O0100dQNiNom1X1oQNjNPn1j0kQNZO4MPn13kQNMO29ONOom12mQNLO192LNQn11dRN0\ONVo1NmPN0`c[h2
20120111191454Bh_12,WhZR21jo13MMO4IMdPN5o0JWm13ZSNMbl10dSN0Ql19QTNHik11dTNOnj16[UNK]m1O`LORWN1_l11ZLNZWN3ch1N`WN5Yh1Lm31N110O1O010O0_RNNjM1f1Lgi13fVNNYN5R1Joi13QVN1V1Mih12iUN45I01Rj12_UN8f0EI2Pj12]UNOW1M[O1Pj15ZUNM_1NUO0Qj17UUNKn1<fMB=0kj18PUNHVo12bPNNnVj21WhcMNgPD00001O1OO10=2mRog1
20120115063134Lh_1,WcRU14ko12N2N100O1O1O100O1000000O1000O10O10O100O1O1O1O100O2N101N2O`P^1O`oaN2O0O2O001O1O001O00001O00010O001O0000000010O1O01O01O0000001N101O1O2M_P64^oI001O1O001O1O00100O1O0010O010O010O010O01O010O010O000000000001O0000000000001O00000O101O001O00011N1O010O0O101O00002MY[ca2
20120115063134Lh_2,Tddf13jo15N3YPNL[o1?M3N1O101N1010WOQQN?Zo1O0O000O100O1O00O0100H9O1N_P22`oM2N001O001O0001O010O100O0101O2N0O10O00010O010O01O01O010O010O000010O010O01O2N1O2N1O2N1OQZQU2
20120115063134Lh_3,^XoR15ko12N2N1O1O010O01O10O01O0010O00100O02OO10O10O10O010O010O01O01O1O10O01O0000000O10O100O010DJmPN6So1LlPN4So1MlPN3Uo1MkPN3Uo1LlPN3Uo1MkPN3Vo1LiPN4bo10O0001O01O001000000000O1000000O2O1M[gfh2
20120115063134Lh_4,b_dn11ho1;YO0TQN4in1c0N2M4N1O2N1O1O1O101O01O00001O1N2O000O101O1O0001OO2O0O1O1N200O100O1O10O02O0O2O1O1N2N?A2N1O2L^PP13_ooN4M2O1O0O100001O001N2O1N3Mo^]l1
20120115063134Lh_5,ZZji14jo14H7J6L4M2N3N1O1O1O100O100O1O010O01O00100N101O1O1O011N100O101O0O110O01O01O010O00000000001O000010O01O010O001O010O001O00ZQN[ORn1d0mQN^OSn1b0lQN^OUn1a0kQN_OUn1a0kQN_OWn1?jQN@Wn1`0e0O1O10O01O1O001O011N1O101NROITRN7km1IWRN5hm1MXRN3gm1MYRN3fm1M[RN4dm1L\RN4em1J\RN6gn1000000001O001O001O001O01O01O01O10O011O000100N3NO100O1O010O010N100000000001O1N2O0O2NQeUn1
20120115063134Lh_6,YZji11mo10[oe00hQB0nnG0oo11PPN00001O100O10O010000O02O001O00UONhQN2Xn1NiQN1Xn1OgQN2Xn1NhQN2Xn1NhQN2Xn1NhQN2So1000VONfQN2Zn1NfQN2To11VOMfQN2Zn1NfQN2[n1NdQN2\n1NeQN1[n10dQN0]n1OcQN1]n10bQN1^n1NcQN1]n10bQN0_n1OaQN1_n10`QN0an1O_QN1bn1O]QN2cn1N]QN1dn1O[QN1Zo11\ONXQN2\o1O^OOUQN1ln1OSQN2mn1NSQN1mn1OSQN1nn1OQQN1Po1OoPN1`o10BOmPN1bo10A0lPN0Uo10jPN0Wo10iPN0Wo11gPNOZo11fPNN[o13cPNM^o13bPNM^o12bPNN_o1180ZPNO^o10bPN0go100001O01O0010O010O0YPf00goYO1000O10PP20jdon1
20120115063134Lh_7,YXQ`09Tn1HfRN7D4Sm1JfRN08?LISm18oRN2JJSm15SSNk0kl1TOXSNl0gl1TO\SNj0fl1RO`SNi0dl1SObSNf0dl1QOgSNh0hm10eMVObUNi0\j1]O`UNd0_j1]O`UNc0`j1_O]UNd0cj1ZO]UNh0cj1UO]UNn0gl14QMkNmUN7POS1oj1iNnUN[2kk111O1N6K2O0O0OaNoMPUNo1nj1XNoTNd1Tk1`NiTN\1Zk1hNbTNS1ck1QOYTNn0ik1SOTTNn0lk1RORTNP1nk1PORTNP1ok1mNUTNP1lk1oNXTNn0ik1oN\TNn0dk1RO]TNm0ck1SO_TNk0ak1VO`TN6nNBal1:bTN1oND^l1>dTNJQOFYl1b0iTNDQOEVl1j0\22ZOXOQRNi0om1[OmQNd0Tn1=8L4L4M4L7I5M4J3N4LdkZ\3
20120115063134Lh_8,gi^Z3;bo14M3M2O1N2N2O1O0GYOZQNh0en1ZOWQNh0jn1YOUQNg0kn16011POUQNh0Ro1000003L11O000001O00000001O0O2O2M3M5L5J3M3M2N2O2M2QSN_N]k1b1_TNcN_k1^1_TNcN`k1^1^TNeNak1[1]TNhN`k1[1]TNgNak1[1^TNfNak1Z1^TNhNak16fSN3h0H`k15lSN1c0K`k12QTN2<Ock1ORTN192ek1MSTN057gk1HWTNO0<gk1E[TNNM>hk1POoSN8=;Fa0nk1lNPTN6>=@d0Sl1fNSTN6<Q2bk1gMSTN7>o1nk1oMUTNn1lk1QNWTN\1UOiNel1KYTNY1WOgNal1N]TNY1`1fNgg10lVNX1[1lNgg1KQWNY1T1oNjg1HRWNZ1R1POkg1EUWNZ1o0RO\i1P1bVNPO^i1P1aVNQO_i1P1`VNPO`i1R1_VNmNai1T1^VNlNbi1V1]VNhNdi1Y1[VNgNei1[1ZVNdNfi1b0XTNLQ2Bhi1?^TNKi1Fki19bTNOb1Ini14cTN3^1IWi1FbVN`06KVi1HeVN:6NTi1IhVN642Ti1HlVN01:Ri1FSYN;nf1DQYN=Pg1AQYN?Vk12O1O1N2bL]O^WNd0ah1]O\WNf0fh1WOZWNk0lk110000001O0000000001O0SNTOfTNl0Tk1ZOlTNf0Uk1XOlTNh0Vk1UOkTNk0Tm1100bKSOiYNm0Sf1\OhYNd0Vf1@gYNa0Wf1DfYN<Zf1FdYN:Zf1JbYN8]f1J[YN=df1FSYNa0lf1@QYNc0of1^OmXNe0Sg1\OcVN\On0\1^h1YOcVN@i0Y1ah1ZOeVNBd0V1fh1YOeVNDc0S1gh1[OdVNDd0Q1eh1_OfVNBc0o0fh1AeVNBd0m0gh1D`VNAk0h0gh1IZVN@R1BlN6ii1k0RVN@]1mNdNN`0g0_i1U2YXNiMhg1V2YXNhMmg17iUNn0^2ZNcM7\j1:eUNQ1a2\NbM5[j1P2X3O2M3L3M6XOTRNRORn1NeQNf0Wo1KZVg<
20120115063134Lh_9,Vahi16eo18L2O0O2N2N2O0N201O0O2O00000000000000000000O1O2N1O2N3L2O8G[ni2KgQVM=F4KLfPNIXo11SQNKnn12VQNN^o1O1010O01O0000QP20jn=0UQ@000O2O1[QNM[m12eRNNZm13Z1010O0001OVQNOdm11\RNNem12ZRNNgm12YRNNfm13YRNNhm11WRNOim12WRNNim11WRNOim13VRNMjm13URNMlm14SRNLlm16SRNIom17oQNIRn18l0=A20O011CgPNK^o10X`Un1
20120115063134Lh_10,_mfd04go1;H6J4VNNaSN4Xl1:bSNEZl1`0fSN]OXl1j0fSNTOYl1n0iSNoNUl1S1lSNkNTl1W1nSNgNok1[1Z101N10O0O1dNlNhSNY1Xl1U1OSOo011L310O1O000010N11O1O1O1O6Ge0^O7H:FSn5CgRH0Ro1g0F:G8J6K3H9M2K5L4AkMnRNZ2ml1>O2N11O1ORN`M_VN^2Ui1[N_VNd1`i1`N^VN^1di1dNXVN]1ji1eN^UNP2dj1d110000O011O1O1QKSUNh4Wk1J3N3L6J5K3M2N3K6K6J6K5K8F5K6I6L5K6K8Ha0_O6K5K2M3M5\OW[]U3
20120115063134Lh_11,RQYd24ko1101N101^OKVQN6in1LWQN4hn1MWQN3jn1KWQN4Yo1101O101O1]PNG]o1?0100OFgPNKZo10kPNOgo1OM1N1O01000101M]nPZ1
20120115063134Lh_12,[^j?j2V1]MlnW30doiL7L13MO1fKGkXN9Tg1LeXN5[g1LeXN2^g1M[4O1O1N4MRPb0Ooo]O201g]:MbbE2H200MO010O00O0O2ON11RM4hUNKQj1MoSNa0Y1Aij1N\VN1[i;0^SF11O10R2OkK1WTN0jk1OUTN1Te19YaNGi^1;SaNFl^1>V_NAZK3ee1<R_NNgJFZf1;S_N0[JEgf17X_N3gIGVg11Y_Ni0Vh1UOiN8^1JgPNO0Nnn1NiQN3mm1L]RN4hn1O1OO1PNMRTN2lk1NVTN2lm12N000OO20O0TK8aYNHRf11bUNf0Q4ZOZf1:oUN1`3E`f1OiVN1HMl12eg1NkVN2VO;X2Fgg1NmVN3hN?e2@gg1OnVN4P2LTg11`ZNNbe12^ZNMee11[ZNOee11ZZNOge10ZZNOge12XZNNie12S50TPN0h4NUf19eYNG_f18_YNHdf18XYNHkf1;oXNEUg1<fXNEfg11WXNOlg10RXNORh11iWN1Yh11bWNObh13XWNNoh10lVNM\i13_VNNii11mUN0ol12^MLWUN5nj1KnTN6Vk1JeTN5cm1OWNMiSN3Qn1O2MUO0mQN0PYeU3
20120115063134Lh_13,i^fn1:do1G91O11N11000000001O011O10PRb10om]N0O1O0O2O00000N2K4012M3NVP:LnoE2M3N2N1O1O10IaPNL^o129O10000O100010O010[PN0Yo10<0XPN0_o11^PNOeo14o^[l1
20120218152654Bh_1,n[mT21no13M2O001O0001O010O2O10N100O0[PNM\o15bPN5Uo1=N1HXOUQNi0jn18O00O102N3M2N2O0O1O1O1IiPNCXo1<iPNBYo1=501O1O00001O001O0000001O0000000010O0001O001O0O2O0O2N^c\g1
20120218152654Bh_2,[eVo12mo12N2O1O001O0000000001O0000001N2O0OVPV10joiN2O00001O0000000001O00001O001N]PV10coiN4M2M2O1N2O0O2O0000000000000001O002N1N3N1O1MoYkj1
20120218152654Bh_3,j[Vh11oo12O001O3M2M101N101N2O1O100O000001O001O0000001O00O10O0100000O01000O2O0000O1000N2N2O1M`P2LfoM001`bkT2
20120218152654Bh_4,iYTU24ko12O001O00000001O2MZPh02doWO2N101OO2O00001N2O1N^P62`oI3N2N1O0000000000001O01O1O10O0001O1O1MZe[g1
20120218152654Bh_5,Pa`o01no12O1N10001N1O2O0000001O00001O0O10000001N100000001N100O2O`o;LcPD3M2N2O001O0O2O001O0O101O0000001O000000000O10000O100O010O10O10O01O100O1N2N2N20000001O000O2O001O0000000O2O000O1O100O1O100O100O0100O10O0100O00100O100O101M201M2O3Mjog3LZPXL2M3O0O3bPNInn19PQNInn1:nPNHRo19lPNHSo1c000O1O10O010O0010OO20O01O10OO2O010O1O10O010000O10O01O1N101N2O010N2O1O10O1000O100000001O0000000O101N10000O2O0O1Ok`_a2
20120218152654Bh_6,i^Po23lo12N101O00001O1O1O0O2N2O1N2O1O1N101O001O0O101N2O2M2O0000K5O1O1M20100O1000001O00001O000001O01O2N1O2N0010O001O10O010O0010O1O100000000O001O100O001O010O02N1O2C^PN8jo1Jc`Ql0
20120218152654Bh_7,TZUh23lo12O000O1000000000000001O0O10Zo_1NgP`N2N101O0O1000000000000000000001N1O2MffVT1
20120218152654Bh_8,Uanb16io12N2O1N2O001O1N20OO1UQNHom17nQN1mm1ORRN5lm1JTRN8km1GURN9mm1CURN=gn101N2O2M3M3M3F[PN3[]e[2
20120218152654Bh_9,WeeX11]25nj1MPUN5nj1NaTN5YNOUm1N_TNb0_k1@`TNa0^k1B^TNa0`k1C[TN`0ck1LoSN7Ql1JmSN7Rl1JnSN6Ql1KoSN5Ql1LnSN5Ql1KoSN5Ql1KnSN5Rl1MnSN@WOLll1d0mSN@WOKml1f0kSN@WOJnl1f0kSNOYOnNil1S1nSN3Ql1MoSN4Ql1LoSN3Ql14hSNLYl14fSNL[l14eSNG`l18WSNgN0P1kl17SSNmN1k0nl1TOTSNd0M_O0h0^m1HbRNA0f0_m1HaRNDOc0am1H`RNFNb0cm1F`RNIM`0cm1GaRNHM?dm1H_RNJM=em1H_RNJL?dm1G`RNJL?em1F`RNJL?em1F_RNKL?em1F`RNJK`0fm1F^RNKL>fm1G^RNKL>gm1F\RNNL6N@jm1<[RNOM5N@jm1<ZRN1N1OBjm1:WRN61K0Ehm14SRNM4`02HRn1HRRN`01C]n18iQNGWn19iQNGXn18gQNJXn16gQNMEG[n1=mQNOFEOOZn1>oQN5F^O[n1=nQN6G]O[n1>kQN8IYO]n1?iQN8Zn1IdQNKL0`n17aQNI1O^n1f0aQNZOan1e0_QNZObn1;dQNI]n17dQNF_n18aQNEcn1<[QNChn1i011O010O001N101O000O2O000O2N1N3M2N3N3N00002fQN\NTn1h10O1O2nNmQN5Tn1ESRN8om1EURN9lm1C[RN7jm1E\RN6em1H^RN5in1K[X\a2
20120402105814Th_1,WcXi0;co14M3M4L2N3N3M2N2O001O02O2M3M4L2M2O1O1N100O10000O010O01O001O01O0O\QNBim1=VRNEim1;WRNEjm19WRNFkm18VRNHkm16P101O2MnP>N`nI0cPH3M2O1O1O1O2M2O1N2O1000000000000001O0O1000000O2N1O100N200O101O001000O101O3M2M2N2O2M3N100O01O00001N2O1O0O4M4K100O100O11O00O2NaZ_o2
20120402105814Th_2,gSkR23lo12N2N2O000O10000O100O1000000000O101O0O101O002M2O1NPPX14logN2N2N2O0000001O00O2O0O2N2O3L]Rl30cmSL3N1N10010O0001O2N002Mhifd1
20120402105814Th_3,hZoV3481mn1j0I6L2LD]QNB_n16`QNG20]n17hQNHan19cQNE[n1<d0O1OeQNHQm17nRN0ml1OTSN5hl1JYSN9el1E\SN?cl1]O_SNg0im15K4LTO`QN>]n1AhQN>Un1BPRN:Pn1FRRN9om1DTRN;jn1NZNEiSN8\k1CkSN<kn1O3KeeXg0
20120402105814Th_4,^cbX12<OTo13kPNMUo13kPNMUo14jPNLVo14jPNLVo15:1O0010O011N010O00010O010O010O10O1O1O001O0000000000000O1000O0O2O1O0100O010O010O0100O01000O10000000000O1000O10000000O10000000O100000000000000100O1O1O1N`\[b2
20120402105814Th_5,]ZUR32mo12O1O010O1O01O1O00O2N2N3O0O0100O010O1O001N100O2N1O1001O001O001N1O1N11N101O1O1O1O2OPP:OQPF000O1O1O01000O11NeeXj0
20120402105814Th_6,bZ[n21oo12N001O001O100O01O2N100OTP6OloI2N3N3N0O2O01N10001OO0@JWQN6gn1MWQN4jn1KVQN5kn1JUQN6jn1JWQN7hn1HYQN;Uo12M3N00O1O3M3L4K^dPo0
20120402105814Th_7,cVgo02lo12O1O1O1XOKcQN7\n1KbQN6]n1LbQN4BIgn12eQN>Zn1BeQN`0Zn1@eQNa0[n1_OdQNb0]n1\OcQNe0jn12OFnPNHQo18QQNFPo19SQNEmn19?N2N1O2N3Ljo10WPN3M1O2N001O1ePNGon19PQNHon19RQNFnn1:<00O100O100O2M3N]P4OdoK2N2O0001O001O_OMVQN3\o1OZO0\QN1cn1O^QN1Xo1O20fidl2
20120402105814Th_8,nUgY22mo1101O0000O10001O40PPN16NVo18iPNJTo19kPNGUo19kPNFVo15gPNL`o13cPNKco=0^PB0`o12^PNNbo12^PNOao13\PNOco19NH`PN1`o1KcPN5eo1O1Obi\d1
20120402105814Th_9,e^_n25eo1?E4N2OO001OGZOUQNj0hn19K5M2O1001N2N2M3N101N1O1OVMQOgVNl0Xl1IQbRP1
20120402164214Mh_1,P\Qn22mo1101oM0oSN1Pl12oSNMQl14mSNMTl13kSNMVl13iSNMWl14dSNN`l10^SN2dl1MZSN4gl1KYSN6gl1IYSN7Yn1O001N2Nknm0LYQRO3N2N2O1N101O000O010000O1000O01000O1000O02OO10000O0110[OH_QN8^n1LaQN4^n1LcQN4Rn1GdQN7;1Pn1GgQN7;1Wn1OkQN1Un1LnQN5Pn1IRRN9jn110O2M3N2LSd\m0
20120402164214Mh_2,eSSV23ko14M3M1O2O0O101O00001O000001O00001O000O2O0O2N2N4JZP`10ho_N3N1O00000001O1O^RX3OamgL4M2N2N100O2N1N2N2O001O01O1G9O1O1O2O1MQjha1
20120402164214Mh_3,acfk01lo17K3N1O2N1O2N1O101O0VSNARj1?kUNETj1:lUNHSj18mUNHSj18lUNHUj17lUNHUj17kUNJUj16jUNJVj16kUNHWj18hUNHYj17hUNGYj19hUND[j1<d2010O010O01O001O001O1O001O001O001O1O\QNJ`m14]RN1bm1M]RN6cm1H]RN:bm1F[RN=an13M4N001O1O01N2O\OCgQN:Zn1IeQN6[n1KeQN4[n1MeQN3Zn10dQN0\n11cQNO\n12eQNMZn14fQNK[n15eQNK[n15fQNI[n17eQNIZn18gQNGYn19gQNFZn19hQNDZn1<gQNA[n1?c00000O100O2N1O100O2O0O1000eRNFPk1:mTNMoj14nTN0Pk11nTN1Qk1OoTN2Pk10mTN2Rk1NnTN3Qk1OlTN3Tk11hTN0Vk14fTNNYk12gTNMZk14fTNKZk16eTNI\k18eTND\k1=jTNUOYN0Pm1k0Q2000O1000O101O0O100O2N1O2N3M4M2M20OO10O100O1O1O1O10O1000O10O02OO11OO01000O0100O1O1QNB[TN=ck1G[TN:ck1G^TN8ak1I_TN8`k1H`TN8`k1H`TN9_k1GaTN9_k1GbTN9]k1GdTN8\k1HdTN9[k1GeTN9\k1EfTN:[k1DWSNMm0>mk1CVSN2k0<bl1E_SN9al1IeSNN]l12dSNM[l15dSNK[l16eSNI\l17dSNI[l18dSNH\l18cSNJ\l17cSNK[l15eSNK\l14eSNK[l16dSNK[l15eSNK[l15eSNK[l14gSNKZl14gSNJZl15gSNI\l16g104K4La[_i2
20120402164214Mh_4,S[[\16ho15M1N2O001O0O101O0000000000O7KOO2O0000000000001O0000001O0010O0000001O0O100O10000O10O100O10OO2N2O10O01000000O101N[oi11ePVN1N10001O00000000O100000O10O10000000000O1Odel\2
20120402164214Mh_5,hSoU23ko131N2Neo5OgPT21coeM2O1N101O1ONYPNLgo124000YPNMao13_PNMbo12^PNOao11_PNObo11]PNOdo11[PN0eo151O010O1O1O1O100O0010O102ZPNNYo14bPNO^o1:O0010O1O1N3M3Jekld1
20120402164214Mh_6,Q\cW35jo12O10O010O00000O11O001oN1\QNJ<6Tn14_QNH;4Un16`QNJ52Yn16bQNH42Zn17bQNI01_n16cQN6]n1IfQN4\n1JeQN7[n1HdQN9bn1A^QN?dn1_O[QNb0dn1@YQNb0fn1_OXQNc0gn1<00O10OLjN`QN=5OXn1HcQN6:0Qn1LfQN2<Onm1OgQN1=Mmm12gQN1>Ilm17eQN0So10mPNOSo11nPNNSo11nPNMUo10mPNOhcPf0
20120405130014Th_1,e_Xo01no12O001O1O1O1O1O00001O0000001O000001O0000001O0000010O00001O0001O00001O1O001N2O1O1O001O1O100O1O01O0001F@RQN`0ln1CSQN=mn1CSQN=mn1DRQN<nn1DRQN<nn1;1N1000001N100O2O001O1O2^OePN;\o1CfPN;`o10001O00000000GEmPN;Ro1IjPN8Uo1IkPN7Uo1KiPN4Xo1LgPN5Yo19000O1O100O1000000O10001O0O1000001O00001O1O0000O1O100O1O10001N1000000000001O000000000000000000FePN0Yo10hPNOYo10iPNOWo11iPNOWo11iPNOWo11jPNNVo12jPNNVo12kPNLVo14kPNKTo16nPNGSo1:90000000000001O01O0002O1_PNC[o1a01O001O1O00001N1000000001O01O0O1O20O0001O00010O00010O001O1O102M1O000MUPN0l_Se2
20120405130014Th_2,eToW33lo11O2O1O01O00O100\PNL\o15bPNN]o11cPN0\o10cPN8Vo1:O1O00KkPN^OVo1b0RQN]Ogn1d0XQN]Ogn1d0VQN_Oin1b0UQN@jn1`0VQN@jn1`0VQN@kn1`0SQNAmn1i01O1O1N2O0O110O2DkPNIXo13kPNLVo10lPN1en1IbQN5I2dn1LbQN1J3dn1MaQN3G1hn1KhQNO_O0Qo1NaQN0Rjde0
20120405130014Th_3,X[mY23lo13N00001O1N110O000100O1O001O0000001O0000000000O100000000000000001O00001O01O001O001O1O00010O00O10000000100O00O2O000O10000O1000000O1KGcPN8^o1IbPN6]o1KgPN1Xo10iPNOon19RQNFnn19SQNGmn1:SQNDmn1=jPNE]o1?01O00010O01O7I1N1O2O0N4Mhdd`1
20120405130014Th_4,Sabh14mo11N1001OlPj0NSoUO4M2O1O1O1O010O0100O100O00100O1O10000O2O0O2NYQZ82eneG1O1O01O1O1NWQP20hnoM5N2M002N10000000O100O1O1O2N1O2NlPf14PoYN4M3L8I002N1N1000O1O002M2N3L4M2O1O1O1N4LQYQf1
20120405130014Th_5,_^gP34ko14L2O1N2O1O001O001O01O00001O00O0100000O001N1L401N10000K\OnPNf0Qo141O2O2N1O1N4_OjPN2co1O1Nnnm04nPRO4L3N001O0001O00001O001O001N2N2N3MTo=OlPB5L1O2O0O100`QNFI3_l18eSNHG3dl16dSNHE5gl12eSNIB7il10eSNIA8jl10dSNHB8jl10dSNHB8jl10fSNEA;il10\TNOfk10ZTN0fk1O\TNOek11\TNKgk15oSNJfNL]m18nSNNZl11gSNOYl1OiSN1Tn1N2Mealh0
20120405130014Th_6,c`Wd13lo13M2O1N101O1O001O0O13L5LWoU2LlPjM101N110O00O3M[o]21bPbM5N1N2O1N2O1O1O0100O2N2N1O1N3Md`jT2
20120405130014Th_7,naZo21mo15M1N2N2N100010O1O1O1O1O10O01O0010O01O00\PNL]o13cPNN21nn10QQNN14on1K[QN5Wo12M20G^PN4io1Laoa02cP\OOho17ZPNI^o1=O2O00000009G000O0100000O10000000001O00O11OWOMeQN3[n1OdQNO\n13eQNJ\n16h0O2O0NV^]l0
20120512063234Lh_1,m]kl26io12M4M2N2N2N1L9iQNUOll1Q1PSNQOll1S1m04M3N2M3F:M6K5J4N17SOURNVOom14VRN]O2>To102N10iPN_Onn1`0PQNGmn18QQNIPo16PQNJXn1KYRN;_OIUn10]RN7]OGll10VTN3A6`l1JlSN0E6_l1KkSNOG5_l1KjSNOI4_l1LgSN1K2`l1IfSN5L1bm1OaRNO_m10cRNO]m11eRNNZm11gRN2Xm1IkRN7_n1O1Nn``P1
20120512063234Lh_2,SidS32io18K5M2N2N2O00010N1H]OQQNd0mn18O3N101N1kQNRO\m1JoQN06c0=Ekm1:SRNIlm17SRNInm17QRNIom19QRNDQn1<PRN@Sn1a0f000O100O2O0O10001O10O1O01O01O1O0O100000O20O0001O0O1000002O0O00000OPOE]RN8_m10_RNLbm17S11O1O01N2O1K_VYh0
20120512063234Lh_3,`XeR12no1OPo1:aPN7L4I7G8K6M2N1O2M2O1O1O1O01^OhQNXO]n1c0b0JQQN[Oon1e060O01001O00001O0O1O10000O2O1O10O00010O1O1O100O1O2O1O0O10000O2O1N110O000000O100O2O000001O0000O100O01O1O2O00001N2O1N2M3N4Lgno2M]QPM0001NgkPe2
20120512063234Lh_4,b^_Y22no1001O1O001O00001O1O010O0000000000000000000000000001O0O2O0O2Ndnc22[Q\M2M1O2N2N100O101O000001O0000001OO1000O10000O100N3NJM92N2N1000000O10000000000001O0O100O1O2O00001N1001O00O100O10PP42noK1N101O1O001O1O1O1O1O001O01O00001O1O001N1000000000000O10000000001NobV\1
20120512063234Lh_5,k^ij15io17J3L3M3N2M2O2O000O2O00000001N101O0O2O1O10O00000000O1000000O1000000000001O0000001O2N0000O010O10O10O10O1O01O001O0N3L4L3N3N2O1O1O1O00010O10O10O02N10OO3N2N1O010O1O001O1O001O0O10O2OO01O0100O0O10N11100000000000010O01O100O1O2M2M4L6KPcRn1
20120512063234Lh_6,^^ak11mP40QoM10000O100XONbQN2_n1NaQN1_n1OaQN1_n1OaQN1^n10bQN0^n10bQN0^n10aQN1_n1OaQN1^n10bQNO_n11aQNO_n11`QNOan11_QNOan11_QNNbn12^QNNcn11f00gPNObn12^QNNbn13]QNMcn13]QNMcn13]QNMdn12\QNNfn11YQNOhn12VQNNkn11UQNOjn12VQNNin12WQNNin13WQNMhn13c00O10O10ePNMhn14WQNLin14XQNLhn13XQNMin12XQNNfn13ZQNNdn11_QNOYo1O0101mNNVRN2hm1OYRN1fm1O[RN1dm1O]RN1bm1O^RN2am1N_RN2bm1N^RN1bm1O_RN1`m10_RN0am11_RNOam10_RN0bm11\RN0dm10\RNOgm1NXRN4im1LURN4mm1LQRN4Pn1LoQN4on1O0OUONkQN3Po1000000001N1001N0100O10Omn7LXQH0O100O1mPNNYn12gQNOXn11hQN0Xn10hQNOWn12iQNOWn11hQNOXn12hQNMXn14gQNMYn13fQNMWn18fQNIZn18cQNJ^n17^QNKcn18XQNHjn1f01O1N2J7J6O1M3N5HZc`m1
20120512063234Lh_7,PidS33jo1N`PN0oo90^nG1`RNO[m1:S14\QNB`m1>Q10]QNBem1:S1N\QNHdm15]RNKln10ZO1f00cPNOin10WQN0in10WQN0hn10ZQN0en10[QN0en10f00f00ZO0O0]O0d00bPN0kn10UQN0mn30RQL0nn10a000010O00000PP20PPN00010O0cPN0]o11\OOVQN0kn10TQN1ln1OTQN1^o1000@OQQN1on1OPQN1Po1OPQN1Po1OPQN0Qo10a00ZPN0ao10PUgh0
20120512063234Lh_8,agTm26eo16`PNISo1:lPNGRo1o0RQNnNXn1U1dQNlNZn1\11QOcQN=\n1]OnQN>Pn1DcRNJ]m17V1N5JPYSR1
20120512063234Lh_9,QgkR21mo13O0O1COcPNM64Vo13hPNOVo13hPNNXo1<10eQN^OXm1b0hRN_OXm1`0hRN@Ym1>hRNCWm1=iRNCXm1<iRNCWm1=iRNBXm1>iRNAXm1>U11O000000000O2O00000000001jPN_Okn1b0RQNBmn1i0O01O10O01O000O]QNWOQn1i0oQNWOPn1j0oQNXOPn1h0PRNYOnm11eQN=>Clm10gQN<<Emm1NiQN<:Flm1OjQN;:Flm1OkQN:9Glm1OkQN;8Enm10jQN;7Fom1NlQN<KC13Yn1MkQNf0K]OZn1LmQNg0H]Ojn1l0001FTQN^Omn1a0SQN_Omn1`0UQN_Oln1`0TQN@ln1?VQN_Okn1?XQN@hn1:^QNFbn18d0O2O00000000aPNGWo19hPNIWo17iPNIWo18hPNI7Nbn19VQNJ8Mcn19TQNI9Ocn1?]QNAcn1?]QNBcn1=[QNEen1;[QNEPn1NWRN=HFPn1OXRN:GHQn1OWRN9HGQn11VRN9HGRn10VRN:FGTn1OVRN:EHUn1NURN;FFVn1OSRN=EEXn1NSRNi0mm1WOSRNi0mm1WOSRNi0mm1WORRNi0om1VORRNj0nm1VOQRNj0om1VOQRNk0om1UOQRNj0Pn1VOnQNl0Rn1SOnQNn0Qn1SOoQNm0Qn1SOnQNn0Rn1ROnQNm0Rn1TOnQNl0Rn1TOnQNl0Rn1TOnQNl0Rn1TOnQNl0Rn1TOnQNk0Sn1TOnQNl0Rn1TOnQNl0Sn1SOmQN<ILZn1HmQN;MJVn1KmQN:0ISn1MmQN2KK65Rn1NmQNN0N26Pn1NnQNM?5cm1OmQNKa06bm1OmQNKa06bm10hRN1Wm1O\RNJD7Pn1O[RNLD5Qn1O[RNMB5Sn1NZRNNC4Sn1NZRNNC4Tn1MYRNOC4Tn1MYRNOC4Un1JZRN2@5Wn1GZRN4_O5Po1LPQN4Po1KQQN5on1KQQN5on1JRQN5on1KPQN6Po1JPQN6Qo1HPQN7^o1O0O2O4JSXhd1
20120512063234Lh_10,ZX]R1;co15K3M3NGiPNKVo16iPNKUo1a0J52M3MSOZOeRN>\m1@lRN5Zm1KlRN3Rm1NPSN1ol1ORSN2ll1NVSN1\n10000Oon7ORQH0XO0gP20RPN0dP>0\nG0PQJ0QQN0om10Q10PQN0om11PRNOQn11nQNOTn10n00l00Zn10jPN0iPN0^n10i00gP40en30YQF0[o10ZO0\QN0cn70gPJ1gPNOan11_QNOan11_QNOan10g010O1000fPN0dn11[QNOfn10ZQN0fn10e01cPNOjn11c00`PNOPo11mPNOVo11hPNO[o12hjXh2
20120512063234Lh_11,hkP_22lo13O001O001000O101O1O02N2M100000O1O1O1O2M20N2O1O1O1O10O10O0010O10O101N101N3N7H100O0^O^OgQNa0Wn1AlQN;Tn1FPRN5Pn1LSRN1mm1OR1O002NXTk]1
20120512063234Lh_12,kZgi06io120O]PN0Uo10kPN3Wo1IhPN:To1JjPN8Ro1=OO1OVOXO^RN>XOITo18nPNEkn1c0XQNYOUn11RRNi0Un1ZOgQNi0Yn1=1O11O0101O6J0A\QNBdn1>^QN@bn1?_QNB_n1?aQNB]n1>eQNCSn1b0nQN@Pn1?PRNEmm19TRN0em1N\RN3dm1L]RNAB:Qn15]RNBEK11om1`0]RNCLKim1<bRNGnm1OZgRT3
20120528063154Uh_1,bZoW2=\o18M2O00000001OO11O002N1N3L3M4N1O3L`n?NdQ@1M4M2O2M2N10000O000O1O2O0N210O00010O0010OO10010OO2O1OO2O0100N1O2O2L3O1O1O2N1N3N`oi00`PVO7J1M3O0O1000000000O1O1O102M2N2N1Oeoi04XPVO01ON1N3N2N20O1000O1O0010O10O0100O002M4K]ih_1
20120528063154Uh_2,f^c^15jo12N3N3M1O1O1O1O00001O00000001O001O0010O01O001O100O001O1O1O001O001O000001O0000000O100O10000O10000O0100O01O0100O0010O01000O10O10000O2N1ODM?2M3N1O1O100O1H8M3O001O00GkPNIUo16oPNDTo1;9O1O1O1O1O1O2Mho=OZPB2N1O10001N0100000000O10000000000001O00001O001O001O01O00001N2O1O5J`bTY2
20120528063154Uh_3,\Yab23jo16L2N1O100O100O010O01O10O10O10O0100O100O00100O100O010O10O10000000O1000000000001N100O3MPgfZ1
20120528063154Uh_4,eajY24do19O2M3N1O1O1N200O1O2OO010YOkPNb0Zo10O100O010O010O0100O1O2N1O2O1N1O001O10O01O1O1O001O1N2O1Nf]ac1
20120528063154Uh_5,VWgS22mo12O001O0O11O0001O000`PNKVo14jPNMUo14jPNMUo13kPNMUo13kPNMVo12kPNNTo14jPNMVo13iPNMYo12gPNMYo14gPNKZo14:0]PNLXo15gPNNWo12hPN1Uo1OkPN1Vo1OiPN2Wo1MjPN2Xo1MhPN2Xo1OhPNOZo11fPNM\o1391O2M2O01N1N4LUhli1
20120528063154Uh_6,nTSf03lo12N2N2N100cPNIQo18lPNLRo14nPNMRo12mPN0Ro10nPN1Qo1OPQN1on1OQQN2nn1NRQN2on1MSQN1mn1OTQN1`n1H`QN710^n1L_QN45OZn1NaQN37LXn13aQN08LWn15`QNOSo12kPNNVo1=0100O10000O1PQN[Oen1e0ZQN]Oen1c0ZQN@dn1`0\QNAcn1?]QNBbn1=_QNCan1;bQND^n1:dQNF\n11[QNJ;4[n12\QNG;5Zn14mQNJUn15k0000010O0010O10O0100O011O0O20O01OO10000O1O100O001O1O1O1O2M[o3OfPL2N1010OSQNNlm12SRN0lm1OVRN0mn102N`jnT3
20120528063154Uh_7,[eb[14lo11O1O001O00000000010O01O001N102M^n;0cQD00000SRb21km]M2O1O0000001O0001O0O2OoY]_2
20120528063154Uh_8,adno17do17N2N1O100O1000001N200002N1N0O4L3L5KVQ>1knA3MO2N`YUn1
20120606063154Uh_1,ckn^1?`o14L3[OAeQNa0Vn1DhQN>Qn1HnQN9om1JRRN5jm1NWRN2gm1N[RN1em1O]RN0bm1O`RN1_m1OdRNOZm11jRNLVm13oRNJPm15SSNIml15WSNJil14YSNKhl1O^SN1dl1I`SN6Wn1N1O1O1O1OYm31`RL=G3L4N1N2N1001O000O2N1N2O2O1N102N1O1O1N3N4KUPd0Lno[O8K1N2N3N001O1O001O001O00000000000001N10000O10000001O00O2N2N1N3M3KZPNM]VY[2
20120606063154Uh_2,S^aP12ko15M3N1N2O1N2O1O01O01N1001N100000O10O\OGbQN:]n1I`QN7`n1K_QN4Yn1DaQN<22]n1l00000001O00000XO_QNLfn14[QNJfn16[QNIfn16ZQNIgn16[QNHfn17[QNIfn15^QNGdn18_QNDcn1<`01O1XQNBlm1>TRNBkm1`0TRNAjm16cQNLd0Ljm16eQNLWo13kPNKVo14<Nnb^l2
20120606063154Uh_3,akP_11no1001ZO0TQN1H0Po1N^QN8^n1JeQN7Wn1HlQN2[O0hn1MmQN2AN`n11oQN1CN[n12QRN0\n10dQN0INRn11URN1MNkm11WRN13Nbm11ZRN0bn10\QN1fn1OXQN1jn1OPQN3Vo1MdPN1dn?0]Q@7go1KWOMbQN4Zn1KjQN4Tn1MmQN3Rn1LPRN5mm1KTRN5lm1KTRN3nm1NQRN2om1NQRN0Qn10nQN1Rn10lQN0Vn1OhQN2Yn1NfQN1]n1ObQN1_n1O_QN1cn1N]QN2dn1OZQN0hn10WQN0kn1OTQN0]o110ORS61hi7O\S@3ao3NXPN1bPNNPo11`00cPN0_m15TSNK^OO]m1=oRNDEO[m1?nRNBG0Zm1`0mRN@JOYm1b0lRN_OK0Xm1b0lRN^OMOWm1d0kRN]ONOXm1c0iRN_OONYm1c0hRN^OOOZm1b0gRN_OOO[m1a0fRN@OO[m1`0gRNAPn1?PRN@Qn1?PRNAK0am1>dRNBK0cm1<^1OgQNEol19QSNGQm17oRNITm14lRNLVm12RYe[2
20120606063154Uh_4,UXeQ12no1002N1O0001O1O0000O10O1000000O01LOYPN1fo1500O1000O10000O100O2N1O2Nko91XPDOko14O0O101O0010O01O0001O01O01O0O2O3M00RPP10mooN2O0000001O00001O0001O002N1O00jglh2
20120606063154Uh_5,eYan23jo15J5L4N1O101O000cNFUSN9il1LSSN5ll1MSSN2nl1OQSN1nl11QSNNPm13oRNLQm15PSNIPm19oRNERm1<oRNCPm1>QSNAol1`0PSN@Pm1?RSNAll1?VSN@jl1?WSNAhl1>[SN@el1?_SN^Oal1b0^1O200O10O01O10000O10000000001O0010O010O1001O1N2O1O0O2L4LShRn0
20120606063154Uh_6,nm`g01fo10`PN3KNao1O`PN;^o1GaPN9_o1GbPN8^o1HePN5[o1KePN5[o1JfPN5\o1JdPN6\o1KcPN5^o1K_PN7ao14OD_PN;^o150010O0001O5K1O001O1O000O10O01O0100MJ[PN6eo130O0100KGcPN9]o1GcPN9]o1GcPN8MI1OYo12hPN53JTo11hPN55JSo11hPN46KRo19oPNGQo18<0001O00001K4O`RYU3
20120622063154Uh_1,Wenl14jo12N3N1N2I7M3O100O1O10O10000O1000000O101N10001O1O001O001N1001O010O0O101O000000001N1000000001O00000000001O10O01O1O10O01000O100O010O0010O01O001O010O010O010O010O01O1O010O0010O01O1O1O001O1O1O1O0O3M2OdPd0N\o[O4N1N100O2O0O2O1O00001O1O00001O10O0001O1O01O01O001O001O010O001O1O2N1O1O1O100O001O000010O01O00000001O0000001N2O0O101N101O1N10002N002N001N2O1O1O1O1O0O2O1N2NVY]g1
20120622063154Uh_2,mk^h17ho13N1O1O1O10O00001N6HcQn12]nQN2N3N1O001OO2O2L5K[RYT2
20120622063154Uh_3,UiVf19fo15N2N1000N002M3MXQb0Njn]O2N2N1001O00O100000O004JbP63]oI3MJbPNL]o12:O1O]PN0do1000A0lPN1So1OmPN1ao10O0G2_PN0cSmV2
20120622063154Uh_4,\\_g16ho14N2M200O1O010O010O1O010O0101O5K1O0O10O100O1O100O2N2N3M3M2N2O1O1O1O01OmPNYOmn1d0RQN@To16nPN1^o10001N2O2M1O1O1N4LdabU2
20120622063154Uh_5,`YcW34eo19M2O10O01O000000O011O1O0O4L4JQn;2nQD4nPNIUn1;dQNJEOYn1<nQNGHOXn1]1N1O1N2N02M3F9N4M2000O0O11N1O1L5M3K4O1OO20O3N100O2M4Inm7LYRH5L2O1N1O1001O1N2O0O4K^nU1<WQjN2N1O1M3L5K4O1M3N3M2N2N200O0001O1O1O1O1O001O1O2N1O1O1O100O2O0O2N1O2O0O3L4M4KZXZ4BUheKOnPN1Vn1OjQN3jn18L46H4LM5ddd;
20120622063154Uh_6,Qf^b03gm1O\TN4Yk1OgRN1m11[k1>`SN]O^O14ND8Xm1?\SNKFKll1;]SNLDKml1<\SNJGKll1<\SNJGInl1>YSNKGHPm1=YSNKGGQm1?WSNJGGSm1`0TSNKGEVm1a0RSNJHDWm1c0PSNIHDZm1c0mRN9Tm1GjRN9Wm1lNgRNb0Ob0]m1iNfRNQ2[m1nMfRNQ2[m1nMgRNe1IbNlm1]1=KfRNaN[l1V1nSNjNSl1U1mSNkNTl1T1kSNmNWl1Q1iSNPOYl1m0gSNSO[l1k0dSNWO]l1:\RNMU1J`l17]RNOQ1Lcl12^RN2m0Nel1MaRN5h0OWm12hRNOXm11fRN1Zm1OeRN2Zm1OdRN2]m1NbRN3]m1M`RNB[Ob0Un1M^RNB]Oa0Vn1McRNO]m12bRNN^m12cRNM^m13aRNM_m13bRNLRl1E_TN?^OMPl1H`TN;@Mok1J`TN:AKnk1LbTN8AKlk1ObTN7BFok13`TN7CBmk18aTN5DAkk1:bTN5\l1McSN3[l1OfSN1Xl10hSN0Wl11iSN0Vl10kSN0Tl10lSN0Tl10lSN1Sl1OmSN1Sl1OmSN2Rl1NnSN2Sl1MnSN3Rl1KoSN5Ql1KoSN5Sl1HnSN8Tl1EmSN;Ul1BlSN>km10001O0O1O2O001N2O1N2N2O1O1N2OhP^22UoaM3M2N2O001O0O2O00001O00000O1000O10\M@hUN`0Xj1@iUN?ml1O1O1O100O001O001O0000ZNGfSN8[l1HdSN8Rn101O00VMJkUN4Vj1MkUN0Vj11m2O001O1O00T\US3
20120622063154Uh_7,WY_W34ko14M2NI7ObPNOon11RQNOmn12RQNOmn11TQNNin15WQNKin15WQNKin15WQNKin15VQNLjn13WQNLjn15UQNKkn16TQNJkn17TQNIkn1<QQNDPo1?jPNCVo1b00O3ON101gN_ORSNc0ml1[OURNOk0e0ol1]OZRNOa0f0Sm1\O`RN061C:hm1BdRN5MNI9fm1DgSN:Pn10VNHlSN7Ul1GmSN8lm11N2G9N2fN[OYSNf0hl1ZOXSNc0il1_OWSN0Ym10gRNOXm12iRNLYm15V12O101000ORQNHVn17iQNIYn14iQNLYn12fQNO[n12cQNN^n12bQNMan11h0010[PN1Xo194Kfm3J_RL1O210O01O1001O1O10O12mng01lPXO7H5L4N1N4M1OTObQN9\n1GfQN7[n1HfQN8Un1LlQN4Sn1JPRN5om1IVRN6jn1O10001N1000000O000O1O1000cN0kRN0Vm10_Qf00noYO001O011O1O251Xm\`0
20120622063154Uh_8,d]Ve21oo10YPP40gooK0O3N2N001N100O100O101N100O101N1O100O10000O100000000O10000O100000000O100000000O10O1000000O100000000O100O1O101O0000000102M1O1O00100O0000001O00001O0000000O100000000O1000000000O10000O1000000O1O1O101N101N1O2O001N2O001O1N2N2N_oS1LePlN3N0O2O001O0O10000001O01OO0100O1M21L]PNKo0Ocm15ZRN5cm1K[RN9cm1G[RN?am1B]RN`0am1A\RNd0bm1\O^RNe0`m1ZOaRNh0^m1XOaRNi0_m1WO`RNj0`m1VO`RNj0`m1WO_RNi0am1WO_RNi0am1WO_RNi0am1WO^RNj0bm1WO]RNh0dm1YO[RNg0em1XO\RNg0em1YO[RNg0em1YOZRNg0gm1YOYRNg0gm1YOYRNg0gm1YOXRNh0hm1YOVRNg0km1YOTRNh0mm1WOSRNi0mm1XORRNg0om1YOQRNg0om1YOQRNf0Qn1YOnQNg0Sn1YOmQNf0Tn1YOmQNg0Sn1YOmQNg0Tn1XOlQNh0Tn1XOlQNh0Tn1XOlQNh0Tn1XOlQNh0Un1VOlQNi0Un1WOkQNi0Wn1SOkQNm0dn1O10000O10000O2O00001O001O1O1O0O101O001O1N10mPN@gn1?YQNBnm1O]RN>EElm1O_RN;EGkm10nQNM:;MIim11nQNL<:MIhm19ZRNNMKhm17\RNLLNgm17^RNIL1em17^RNFO4bm16cRNAK;am1LRRNNR17jl1LURNLQ19il1KURNMR1;el1IYRNLR1;el11[SN0`l14`SNM^l14bSNM]l14bSNM]l13cSNM]l13cSNM]l13cSNOZl12fSNOYl11gSN2Vl1NjSN4Tl1LlSN6Rl1IoSN8Pl1HPTN8Pl1HPTN9Pl1FPTN;ok1FPTN;nk1FRTN:nk1FRTN;mk1ESTN;lk1FTTN;kk1EUTN;kk1FTTN:lk1FTTN;kk1EUTN;lk1DTTN<lk1DTTN=kk1CUTN=kk1CUTN=lk1CSTN=nk1BRTN?nk1@RTN`0ok1_ORTNa0Pl1\OPTNe0Pl1ZOPTNf0gk1gNaSNc0g0g0gk1hNaSN?i0j0fk1gNaSN>i0k0ek1iNfSN7e0Q1dk1dN]SN2<6d0S1gk1gNeSN5d0T1gk1hNfSN2c0W1fk1hNgSNOd0Y1gk1gNkTNY1oj1dNaSN5_1V1Pk1fN_SN6`1T1Rk1eNaSN5\1V1Sk1fN]SN004_1V1Tk1jN`SNOZ1W1Xk1iN^SN0Y1W1Xk1eN\SN3ON03]1W1Xk1fN[SN215Z1S1Yk1fN]SNOO120N4Y1W1[k1dN^SN0N02104V1l0jNVObl1I]SN0O21O24S1h0kNTO3OL3fl1OZSN01NO204U1d0VOVOE3fl1NZSN124ONS1d0\OZOYl10WSNO0O0302U1a0\O\OUl11[SNNO00320R1a0]O]OVl1NYSN116OJ0002S14PO2>JUl1M[SN004OL1301P12TO3<JVl1N]SN2MM0105n00WO1=LRl10]SNO0221j01XO1=LSl1OZSN10M20N33OMOm05ZO0<MSl1M]SN21NL10008k0M\OO>MQl1OZSNO2012O7NIi05^OM?NPl12ZSNL0020N11:OFh06_OL`0NRl13XSNMO218OGg05@L_m1MZRN0061M0O31a04BL]m1M]RN82HN21OO3c04BK`m11ZRNM1OO2021M14`03DKJO1N]m11bRN030M30O09a0MD4Wm1CdRN022O2O72G?7D4Um1CfRN14OM1O70K2MN3`07AF12N7Ym1HgRN042MO0O020OO1?;AD17[m1IeRN00NO21O21N6>9BI9Fel10RSN41LO200O01N15<=BH9Gdl10WSN1NOOO00090G03<k0KSOel12USNM13MN62J21N<j0KTOfl10TSN01ON111O10003<f0JVOil1NRSN3NN1;OL1K<h0JVOjl10oRNO00022OO2O:1DO1<h0ol1XOiRNOM20N050LOO05>`0nl1ZOdRN041O0N0O00000180I=a0Rm1^OcRNON0O60J23O52J;2D5am1HaRN1L13MN71I5251H3dm1JZRN1NO60J101000N110O00O2e03_m1KnQN4N30L40a01em1MgQN40NON06c0Nnm18_QNHe0Mmm1c0RRN\OQn11[QNO0106_o13bPNG^o19aPNI_o1OaPN20O^o1<2O1H`PNN^o12aPNJ03co11]PN0fo1K[PN5gQX3KVniL00000oo51YkIOPYN0VL2d^i>
20120622063154Uh_9,^lV]15jo12HL`PN8\o18NGePN0Zo10fPN0Zo10fPN0Zo1NhPN3co1O1O^OLXQN5gn1LWQN7hn1HQQNNO<]o112O0O0N2M5M2N^Saa2
20120707070914Th_1,lZkc11no12O1O1N10000O10000O10000000000O100001O0000001O00000O10000O2O0O2Nkoi02SPVO1LNYPN4eo140001N101O0O1000003MO1O100O10001N10O11N100O1O2N100O3N2MnnQ41RQnK0O2O00001O00000O100000O1O2N10WoY2OiPfM6J101O1O2N1O2N1O00001O0001O00001O0010O0001O01O01O00000000000O10001O0O10001O000O1O2O0LXgVm1
20120707070914Th_2,[iP]12lo14N2N1O3M2XQNF\m13kQN9:AO5im1f0VRNVO14im1f0WRNUO05im1l0_RNSObm1;kQN1nn1`03M2013L10NDTOeQNj0Yn1XOiQNg0Un1YOoQNd0Pn1\OTRNb0lm1YOXRNg0an100O2O1N2N2NDCVQN;kn1FUQN9Zo1O1O1N3N0O2NcUg`2
20120707070914Th_3,oXee05ko12`PNKQo16nPNJRo1=gPNCYo1>ePNDZo1a00100N]OkPN>To1BnPN=Qo1CPQN?mn1ATQN?kn1AWQN>Vo1O101O000O100O1O1O001O1O1O00HIhPN6Wo1LhPN4Xo1LhPN4Xo1LhPN4Wo1MiPN3Xo1LiPN3Wo1LjPN4ao100000O1000000O1000000O010O0010ON2N30O000000EElPNa0To142N2O1O2@cPN9eo1H[PNO`f^V3
20120707070914Th_4,``ah06Xo1MTQN9en1NVQN4hn1NXQN31Kmm19SRNJ0Oim1<YRNDI2mm1a0VRNLim1FURNK1`0im1EVRNK2?im1GRRNK5=lm1GPRNJ4?Sn1_OkQN02a0Un1^OlQNL1d0Un1@URN`0km1BSRN>om1@PRN8CGTo1892K5cN_OYSNc0fl1@YSN>QO]O^m15bSN<oND]m1MjSN9lNKPm1K[TN;gNJkl14VTN2ROIfl1;RTNMYOGgl1=lSNL]OHil1=fSNK@Kll1:`SNKDLPm1:VSNKILTm1Y1mRNfNWm1W1iRNiNYm1\1`RNcNdm1m0ZRNSOO2km1d0XRNKjm1OZRN1Qn1^OVRN0D1So1KUQNKZ^TU3
20120707070914Th_5,objV15jo13N1O1N20O00TQNHRn17lQNJVn14gQNOZn10dQN1]n1NcQN0_n11aQNN`n11bQNM_n13h0N\PNN\o12cPN1]o1MbPN5^o1JbPN7\o1KcPN5]o1LbPN5]o1KcPN6[o1LdPN4Zo1NgPN2Wo1NkPN1To10lPN1So1NoPN1Qo1OPQN1on1NRQN2nn1MTQN3MLan10dQN4JLbn10dQN4INbn1MfQN6HLcn1MfQN8EKWo17gPNH[o1<201O010O1O1N2OXOGjQN8Tn1KkQN4Un1MkQN3Un1MlQN1Un1NlQN2Tn1MmQN2Tn1MmQN3on10100O0100O10O010O1O3MX\]e2
20120707070914Th_6,^giQ21ko11VPN0jo13O2N101O1N102N2N1O0010O05cPN]OSo1i000O1O101N100O1O100O01O10O01O100O0010O0XQNSO]n1m0<O001O01O01O001WOmPNc0Yo1O001OnPN]Ogn1c0YQN]Ogn1c0;0000O10000EePN1[o1NfPN2Zo1NfPN1[o1NgPN1Yo1OgPN1Yo1OhPN0Xo10hPNOYo10iPNOWo11jPNLXo14:0O10000001O00000000000000001O000010O00010O1O001O001O001N101O002_PNFXo1;fPNFZo1`00000000001O000001O000000000000000000000000000000O1001O0000000000001O000000000000001O01O000000O10001O000000000O2O1O1O1O1O0000001O000O101O00000000001O00000000O2N2O0O2O000O1O2N1O100CASQNe0mn1[OSQNf0kn1\OSQNe0hn1XOYQN4Me0in1XOZQNn0fn1TOWQNm0hn16000001O001O000O100010O0000000000000N3O00001O001O3M2N10O01O00100O001O1O0001O001O00000O0FTObQNl0]n1WOaQNj0^n1WOaQNi0^n1XOaQNi0_n1XO`QNh0`n1XO_QNi0an1XO]QNi0cn1:00O1000O1000000000000000001O0O2O00001N2AXQNDhn1;ZQNDgn16WQNA38hn14_QNKbn1OcQN0^n1JTQN0?5_n1JfQN5To1N1ObWT]1
20120707070914Th_7,fdmd15io16J3N1O1N3N10001O01O0000001N101N2O1O001O001N3M2N2NYog3OhPXL1O102N1O1O1N100O1N3N1O2N1L@hPN`0Xo15M200DWO^QNl0`n1YOZQNj0dn1:01N1O1N2O000100O100001O0001O0O100O10O10O10000O1O2O0N3H7O1O1O0001O00100O010O010O1O1O010O010N200N20000O1000001O1O1N20O0001O00010O00001O001O001O1O000O10000O100O2N101O00001O1O0000O100O1N2O2M2N3M4K3L4N4K5M4L2N3N2LYn7JoQH3SQNLhm16TRNNjm14SRNMkm1:nQNJAHXn1b0PRN2mm11nQN3Qn1NlQN5Sn1m0N2O01O0001O0000000000O2O001O0O1O100000N2L4M3O1O1O10[OYRNQOgm1n0\RNPOdm1n0_RNQO`m1P1bRNnN]m1R1eRNlN\m1U1dRNiN\m1X1gRNeNYm1\1gRNbNYm1`1c000000O2K4O2O00000O010O01OWO[NYSNd1fl1_NYSNa1dl1cN[SN\1cl1hN\SNX1[l1ROcSNn0[l1VOcSNk0Yl1[OcSNf0]l1^11O1M3N2N200N2O1O0010O01O1N2N2N200N2O2K4O1N101O10O01O001O1^OZRNhNgm1W1b000N3L3O1N2N2N2N3I7M2O3N0O2O1O1N3M4M4J4Lo``f1
20120707070914Th_8,UdXW11oo10fo50^PH0io12^o;NfPD0O0O100O0100OmPN1Wn1Ol10on70Voa00kPVO6L00JWPN3ko1O1O010O100Of\ae2
20120710063134Lh_1,UiPh03ko14G9G8N1N3O0O1O20O1O7I1O3L`N@URN50LP1>dl17\SNG_l1?cSN_O\l1b0fSN[O[l1e0jSNUOVl1l0^11O1O1O10O1O0010O01O10O01O00100O1O1O10OO2O1O001O100O10O01O1O010O100O00100O1O01O01O100OnRNF_j1;aUNF^j19cUNH\j18dUNH\j17dUNJ[j18dUNH\j18dUNH\j18dUNH\j18cUNI]j18bUNG^j1:bUNE_j1;aUNEPNKQl1a0nUNCQN1mk1<RVNBQN4lk1;RVN@QN9kk17bVNNZi12fVNNZi12fVNNZi12fVN1Wi1OiVN2Vi1NjVN3Ui1MkVN4Ui1KkVN5Ui1LjVN5Ui1KkVN6Ti1JlVN6Ti1JmVN5Si1JnVN6Ri1JnVN6Si1ImVN:Pi1FQWN:nh1FSWN]OZMh0dk1IZWN5eh1K]WN4ch1K^WN4ch1J`WN4`h1LaWN3`h1LaWN3_h1MbWN2_h1MaWN2ah1M`WN2`h1N`WN1bh1O^WNOch12^WNLch14\WNLdh15]WNIeh15_WNFbh1;b3O10O01O10O010O01O000O2O1OoPh0MSoWO2M4N1O0O2O0000001O001O00001O01O0013M1O0001N2O000O01O001O00000000010O01O100O0111M113L2N11OO01O0O2OO00100O001O0010O0001O000010O0010O10O001O1O010O0002O0O1O100O010O0002OO02N1O000O101O01O100O4MO0100O01O001O1O1O1O1O2N5J2O3JVVeh2
20120710063134Lh_2,RdhW13mo11M2O1010O001O1N3Mho13UPN2O1O1O00001N101O1O1N1O2O0O2N1L5O00001O0001O0000001O000O10N[OjPNc0Vo1_OiPNa0Wo1@iPN>Wo1CjPN;Wo1EiPN;Wo1EjPN:Vo1EkPN;Uo1ElPN:Vo1CkPN=]o1O001O00000O101O000000010O0100`PNFXo1;fPNFQo10SQN:KFQo11TQN:IGQo11VQN<jn1EUQN:kn1HUQN7jn1JWQN5in1KYQN2hn1NYQN1fn10\QNMen13\QNLdn13]QNMcn11`QNMcn1OW]Yc2
20120710063134Lh_3,Sl`j12io1b0_O8J7J4H8G<Ff0]O4LRNiRNW1Tm1hNSSNW1il1hN[SNY1`l1gNeSN\1Tl1dNnSN1@a0`l1\ORTNNGb0Vl1@TTNKKc0Ql1@UTNJOe0lk1_OWTNH2f0jk1_OVTNH4g0ik1\O_UN>Xm1I3M2NlQQT2
20120710063134Lh_4,ehng02io1;I2M01J510O11VQNGlm19URNGjm19d0<M3L:E5L6^OhNTRNMO0L80M:Jem14fRN3Rn1HTRN8km1HVRN7jm1JVRN6jm1IWRN6jn100O100O00000NlPN2\n1MdQN4[n1KhQN4Wn1MiQN3Ro101NRn7NQRH0cRN0jj10VUN1\m12O0OOYme0NiRZO01000eRN1dj10ZUN4dj1K\UN9Tm12ZMEcUN<\j1DdUN?Yj1AhUN8Tm1O1O1O0O100000O01000O1O1O100O3M0IIgPN6Yo1KgPN5Xo1LhPN3jn1L\QN1K1in11ZQNL10en16YQNHVo18:O001N2NYn=LlQB010PP20PPN0<0WO0<010PP21\PLOVo10kPN0Uo10jPN0Wo10iPN0Vo10jPN0Wo10hPN1Xo1OhPN0do10fo30dPN0co11oXSP3
20120710063134Lh_5,`^oc11lo14O0]RN2Tk1NjTN5Uk1KjTN7Vk1GkTN9]m11O0100O1O010M3N3N]o1MRQL3mn1h0K2O0O2N1N2O1OO2E;L4OkQN@ml1`0TSN@ll1>VSNBjl1<XSNCil1<YSNBhl1=^1N2O2NTo9HbRT12_naN2\`jW2
20120710063134Lh_6,eeSP23do1:O1N101O0000001O000010O00010O010O001O010O1O00102M1O010O001O1O1O1O00O100000000000O2O\OL\QN3dn1O\QN0bn13_QNJ`n19c000000XQNHhm18mQNID1]n16oQNJD0]n15PRNLBO_n13PRNO@N`n10RRN3^OMan1MSRN6\OMZo15ePNK[o15ePNK[o15fPNIZo18gPNGYo1970000000^PNH[o1:dPNF]o1:aPNH^o1=000O101O2MJGhPN8Xo1HiPN7Wo1IiPN6Xo1JiPN5Vo1LjPN4Vo1LjPN4Vo1LkPN2Wo1LjPN4Vo1KkPN5_o11000O1O2O0O_oe0NcPZO100KO[PN0eo1331UPNMfo17O1000000O100000O01O10O2GWQN0Rn1OoQN1Po10oNOR10mZXh1
20120710063134Lh_7,jbQ`12no11O00O[PN0]o1ObPN2fo11N10001O000001O000O2OTP>0koA1O2N100O100000000O10O1000EImPN7Ro1JnPN6Ro1JnPN6So1ImPN7^o1000O10000000O01N1O100O2O1O1O1O10001N100000000O01K4O20O0100000000I_PNOao10aPNNao10bPNN_o10e]T[2
20120710063134Lh_8,bX[Y13`o_20[PbM2O101O000000001O00000000O1000_PNJXo15hPNLXo14hPNLXo13iPNMkn11UQN11Nin13UQNO2Ohn12VQNN4Ofn13WQNL40en15h00O1O10000O1000000000O100OQQNJVn16jQNJVn15kQNKUn15kQNKVn14jQNLVn12lQNNUn10^QV11_oiN00000000000Zo_41eP`K1O1N2O001O1O0010O01O01O01O01000O1O010O1O010O00100O001O010O00001O01O0J`PNL`o13aPNM_o12cPNM]o13dPNK^o147O1O101O0OZh`X2
20120730072014Th_1,QUSi16jo11O001O001O000O2N1N2O100N2O2N3ePN]OUo1h0O00001N100O2N1000O010KQQNWO>1NOcm1h0bRN]OHLfm1e0aRNCGIhm1b0`RNIGDjm1a0aRNOA@nm1`0bRN0_O@Qn1?`RN1_O@Qn1>bRN2]O^ORn1`0aRN3am1N_RN1bm1N^RN2bm1O^RN0bm11^RNNbm12_RNM`m15_RNKam16_RNIam17`RNH_m1:aRNF^m1;bRND^m1=cRN@^m1a0cRN]O]m1d0fRNWO[m1i0n01O1O00100O0100O1O01O001O1O10001O0O100O1XRNmNbl1S1USNVOjl1k0TSNWOll1h0TSNXOnl1g0QSNYOol1i0oRNWORm1i0mRNXORm1i0lRNYOTm1g0kRNYOUm1h0iRNYOXm1h0eRNYO\m1l0\RNVOem1a12O0O2O0L4O2N2O3M100O011N5K2O2cNaQNS1hn1N1N6J6JlPNBin1<YQNFfn17\QNJdn12_QNNLH`n10hQN8FNQo1a0O010000O00001O1O2N00001O00O10001O0O100O10O101O001O11N100O1O1N2O00001O01O00001N2\OlPN9Vo1ElPN8`o1Mogdm1
20120730072014Th_2,eilo02no1010O1O2\OLXQN6en1LZQN5dn1L\QN5bn1L]QN6bn1K\QN7bn1J]QN7cn1I]QN8an1I_QN8`n1H`QN8`n1H`QN1GL>Lhm17SRN1GL=Mim16SRN2FK>Nim13TRN2D0`0Jhm13URN2E0in1NbQN2E0jn1KcQN4D2[o1MePN3[o1LfPN4\o1IePN7bo10lNK^RN3bm1O]RN1bm10_RNNam14`RNJ_m17U10O100O100O0100O1000000000O10O100000O10O100000000000001O00000000000000000000000000000010O0001O0100O0100O001O01O01O001O100O0010O00000010O0010O1O100O1O010O101O2N1O1O01O^PNIZo16ePNL\o1;1EgPNK^o11kVih2
20120730072014Th_3,Q^]n13\o1NTQN3in10UQN1kn1OUQN1jn11UQNOin13WQNMhn15WQNKhn16XQNJhn17WQNIin18mPND75kn1OoPN45Mkn10PQN35Mkn10QQN24Nkn10QQN16Nin11QQNO80gn11QQNO80gn11QQNN91fn11QQNN91fn11PQNO:0gn1OPQN0:1fn1OoPN1:1gn1NoPN1:1hn1LoPN2:2kn1OTQN2ln1MUQN3jn1NVQN2jn1MWQN3jn1KVQN5[o10O010O10O1O10O00010O0O10O11O0010O01O010O1O010N101O01OO11O0O1J8Ohbjm1
20120730072014Th_4,VlVf11no12O001O1O0O2O001O00000N200O100O01M\PNIeo1720000001O00000O1000000O01000O1000L\PNLao17_PNIao17_PNI`o18`PNGao19_PNGao1930000O1000000O100O1O01000O100O10000O0101O00000O01000000O100O010O100O2OLOYPN0ho11WPNOho13200000000000O10O01cPNKon15QQNKJ0mn15XQNMJNnn15XQNMJNnn15XQNMJNnn14ZQNLI0mn14ZQNLnn13`000O2O0OaTcS2
20120730072014Th_5,[Ugi11oo11O1O2OO2MWoa00iP@0V13fnMO12002N01lSNNZh10ZS41aPL2M3NO10O10000000O1MUOMmQN2Ro1O1O010OQO0o00PQN0Qn10oQN0Qn10nQN1Po1010O10O1O10nN0SRN1lm1OS10S10mN1O00001N3N010O1O3M0001N6N_Ph0KboWO10O0001N2SOMjQN5W41`e10RZNa0je1ARZNd0ke1TOlUN3V4d0hK[O_j10fUNOf3`0Tg1@VUN0e3>Xg1BQYN;Tg1D]UN0e2:kh1FUWN7nh1Jk2OaQN1_n1OaQN1_n1OaQN1`n1O_QN1Xo10\OOYQN1m17ej1IWUN=gj1CoTNd0aj1[OoSN1`1b0cj1]OmSN2^1?[k1AdTN>^k1BaTN<ck1C\TN;gk1EWTN;kk1ESTN:Yk1FcSN0V17Xk1HcSN1Y10Wk1O_SN2Xo1O1O1001\OOYQN0\o10ZO0[QN0[o10XO0_QN0_n30cQL0[n11eQNO[n11j00lPNOZn11eQN0Zn10fQN2Yn1MgQN3Zn1MdQN4So11N1OM\SR1NjlmNO2000adZl1
20120730072014Th_6,RRU\22mo1101O00001MLXPN4Xo1LSQN9kn1JSQN7mn1JQQN7on1JPQN7nn1KmPNJ0;So1>N2M4N101O001O0O1000000000001O001O2N0010O000WO]QN5dn1J]QNK0Kcn1;]QNI1Kcn1<]QNF2Lbn1?\QNCPo1=PQN@Ro1`07000O2O0O10000000000000000000001O000000000001FfPNK8Lgn19QQNK7Ngn17SQNJ60fn16TQNI62fn15VQNG44fn15WQNF35fn15aQNK_n15`QNL`n15_QNKan15_QNFC1on1:]QNDhn1<>000000000O1000O01O100O0jPNDjn1<UQNEjn1<VQNEdn1NUQN<8Fcn1MUQN>8E^n1NZQNa08A^n1d0bQN\O]n1e0cQNZO^n1g0bQNXO^n1g0>01O00001N101_OhPN7Zo1FjPNNL5jo1MgnX]1
20120730072014Th_7,Raob22ko15L3N2O1O001N110O000100O0O2N2N1O2Njo7OVPH3M4K6L2N2N1O2O0O1001O0O10001N100O101N2O1O1N2O1N2O2M2NkPNMXo12XNMaSN4]l1O`SN2]l12bSNO]l11cSNO]l12bSNN]l14cSNJ]l18bSNH]l19cSNF]l1<lRNAL3Xm1=dRNHBI>O^m1`0^RN4Pn1MmQN7Qn1KlQN6Tn1l0O1O00000O10O1000000M3O1001O1OhNhQNh0Xn1ROPRNl0Pn1oNVRNo0^n1000000O001OM3O1O1N2@mNQRNV1om1nNkQNS1Wn1:00100O1O4cNbQNR1gn1NYOkNeRNU1[m1lNeRNR1\m1mNeRNR1Tn101O002N10O00O1N3OO101O001O010O0001O1OOO1011GYOXQNg0fn1\OYQNd0fn1^OZQN`0fn1=OO3OO0002O0O200O01O01O000N2O1M4O0O2N1M40O0OO2M2O2O2N3HXbVS1
20120730072014Th_8,Z\Wo13co16dPNMmn1KdQN5Un1LPRN3nm1LmQN3[O3cn1LlQN2B8_n1HmQNMK9Vn1KlQNM45om1NkQNNQo12lPNMYo19[o7MdPHOiPNKnn16XQNIen1ObQN3^n1N`QN0cn10[QN1fn1OYQN0gn12WQNMk00WO1jl14RSNKo03ROOkl13bTNObNNkl13TSNLT11mNOkl18QSNGQo1?hPNCWo1a02L02SQNEYn1;iQNEUn1:g02N0L401^RNYOnk1c0TTND^N0ml19jTNGYNNol15QUNI]bZn1
20120730072014Th_9,^a`j21oo12L4N00O^QNNdn12QOMmQN6em1IkQN5=3fm1KjQN5?0fm1NgQN5a0Ngm1e0PRN[OPn1[10O011O0O3M;E3SOYQN;jn1BYQN:ln1CUQN<Zo1N1NQOKWRN2im12URNLdm1KiQN:d0Hcm11fQN9Wo1<M1aQNXObm1i0]RNYOam1g0_RNWOYOOYn1j0]RNYOcm1f0l0CmPNMSo12nPNNRo12nPNOQo12nPNNRo13lPNOSo1>1O100AnPNMi0MZm15PRNIi04Vm12USNMll11WSNNjl1NQR21coM1O10NKN`PN0^o14aQNN]m12aRNOU\UR1
20120813063134Lh_1,faVY15jo12O000O1O10000O101O000000O11O0000O01000000000000O101O0000001N1000001O00001N101N101O001N2O00001O010O0010O001O1O010O1O0010O010O01O0010O02N001O1O1O1N2N2N3LmPf0OUoYO3K6M1N2O001O0O2O001O0001O00000000001N100O2O1M3N2N1OnQh1NTnWN2N4L2O0O2N2M2O2N100O2O0000000000O100001O0000001O0000100O0001O1O1O001O001O0O101O1O1O1O1O10O01O002O0O1O101N2O000O102N1N\Q`3Nen_L4L4M00000N2N2O02O2M101N1O2O1M3OXYaU2
20120813063134Lh_2,Y\c_14io15I6L4O0O10000O01N2N101N20000O1001O0G9O0010O0O1K41O2OO1M4M3M300O101N101N101O0O10000Ofdf]2
20120813063134Lh_3,`\cR2;co15H5L4M3OO1M4F;Jan3NdQL3_QNHXm18gRNKWm16gRNKZm14fRNL[m14eRNK[m15eRNJ\m16X1O1O1O00100NRQ2NPoM2N1001NZo9OhPF1O1N101]PNKYo16cPN0Zo1;O110OO10000OmQN@hl1?VSNFgl18[SNIel14^SNLfl1N\SN1\n1M]cPj1
20120813063134Lh_4,fbg]22jo10XPN0ho11WPNOio1121000000O1O1O1O101N10O1000000O10O00100O100001O001O001O00O101O1O0OM]PNKco14^PNLbo1440100O1Ni]b_1
20120813063134Lh_5,S_kQ22mo13M101dPNMin14VQNNhn12XQNNin12WQNMjn12VQNOjn10WQNNmn1NgPN45OWo12gPN0Xo12ePN0Zo1<0O100O2O1N1O1O@D\QN;cn1G^QN7cn1J^QN2dn1Ng0001O010O0VQNOem11[RN1cm1O]RN3am1N^RN2bm1N^RN2bm1N_RN0bm10_RNNcm11X1Mk`jk1
20120813063134Lh_6,RZUf23jo18J3N2N00O10cLIQWN6mh10PWNOmh17QWNHnh1<PWNCPi1a0lVN@Ti1b0iVN_OWi1b0hVN^OZi1a0eVN_O]i1>dVNB`i19cVNEml1MSffX1
20120813063134Lh_7,ndTb11PP21YPj2OfoUM010O001COjPN0Wo11gPN0Yo11fPN0Yo10gPN0Yo10fPN1Zo1OfPN1Zo11dPNO[o13cPNO\o1;0O010O10O0100O1O101N100O10O01O100O1O10CIPQN7on1JQQN5on1KRQN5mn1KTQN5in1LXQN6fn1I[QN8Wo10O1O1O010O0010O001O001O1O1N2OlP^1KYoaN0O100O0TYiU2
20120813063134Lh_8,adlR31no13M3N0O1O100O100O10O0001O10OPQNG[n19dQNIZn18fQNHZn18fQNHZn18fQNHZn17hQNHYn17h00000O1001O000O101O00010O10O03M3N0O001O101N3M10O1O1O00000O2NlPNAin1>XQNCgn1<YQNFgn18ZQNHfn17[QNJdn16[QNKen14\QNLdn14\QNL^n1:bQNF^n19cQNG]n19cQNF^n19cQNG]n19cQNF_n19aQNFan19_QNGan18aQNG`n18`QNGbn18d0N101000`PNGXo1:fPNGYo1:ePNG]o18bPNHao16_PNIbo165O001N2O1M[PN5ao12O1O0010O001O1O2M2NgZ[g0
20120813063134Lh_9,bdlR33oo1OQP2OooM0000000no50E0]P20PPH0PP80PPH0O0100000fPN0en10ZQN0ina00ZQ^O0Yo10Wo10aPN3400000000O10NNVPN2jo1NVPN1mo1OkPN0Vo10O1]OOWQN2gn1NZQN2fn1NYQN3gn1MYQN3Yo110O1O1O001O10O010YPN1eo110NTPN0ho10ZPN0io10YPN0eo10ZPN0io30P[Wh0
20120930063534Lh_1,gmjc24ko12M3N3M100O100O1O1O010O001O1O001O10O01O01000O100O0100O10000000001N10001O00001O00001O00100O01O100O10O02O2M100O10000001N10001N101N2N2N2O0N3N1O4KTP24ioM2N1O2O0O1O1O10O10O1000O1000O101N102N1O1O00010O00O1000O1000000000000O11O000011OHcPNJ^o12ePNMgo1101O01N2NPPeT1
20120930063534Lh_2,_jfc15jo13^PNNRo1c0M3N2M2O1O28G0N3N2O2M1O10O0001O0000001O1N10001N10001N2O0O1MoSYZ2
20120930063534Lh_3,]dbj03lo12O1N2O1O000O2O1O001O101N2N2O0O10001OO100O101N1O2N2N2N1O10N101O1O1O010O1O1O1O100O1O10O010O01O010O00000UQNAUn1`0hQNDVn1<hQNIUn16lQNKTn14kQNNUn11kQN2Rn1NnQN4Qn1KoQN7Pn1HQRN8om1GQRN:Pn1CRRN<om1_OURNb0mm1ZOURNe0dn101N1O2N1O1O001N2O1O00001N101N3M2N]Y[P3
20120930063534Lh_4,cQ[]25go1>B7K7J4L3M3M2O2M2O1N3K3N3M2O1ObNWRNf0gm1\O]RNb0_m1@dRN?Ym1AjRN`0Sm1@PSNc0hl1^O\SNe0^l1[OdSNk0Sl1VOoSNl0lk1UOXTNl0ak1TOeTNl0Uk1UOPUNk0ij1XOYUNj0`j1YOcUNg0Wj1[OnUNf0ki1\O[VNb0`i1_OiVN;Ui1CUWN8gh1G`WN7]h1FmWN7og1FWXN9hg1D]XN:cg1DaXN:_g1BgXN<Zg1^OmXN`0\k1N2M1O10O00000O2N1O101O0O11O1N2N4LjkR_1
20120930063534Lh_5,oXQo11no14M2N100O010O10000O1000000000O10O11N01001O1O000001O1N2O1O1O2^PNGXo1a01N2N2M2L4LTfdn1
20120930063534Lh_6,jfYe12ko15K5M3M3dQN@Tm1a0kRN@Tm1a0kRN@Tm1a0iRNBVm1>kRNAUm12nQN39K2Ogm13PRN35L6Kfm15PRN44L]n11^QN45J]n14\QN38H[n1e0fQN[OZn1d0gQN[OYn1d0jQNZOWn1f0a0100O10O[QN^Omm1a0SRNAkm1`0TRN@lm1`0VRN_Oim1b0WRN]Oim1d0WRN[Oim1e0XRNZOhm1h0VRNXOkm1i0SRNWOmm1m0oQNSORn1T1fQNlNZn1U136N101O10001OO2aNeQNV1cn102M2N100O2M5XOPQN8_o1L:FjWbW2
20120930063534Lh_7,b`Pc22lo14L3O1O000000O00100OZON`QN1`n11_QNO`n13^QNMcn13]QNLdn15[QNJcn1MRQN8:Ldn1MRQN79Len1NRQN58Nfn1MSQN46Ohn1MTQN143in1JaQN6Uo100O10000O10O0L4L4M3L5O2O2N1O1O1O001O@SQNMnn11UQNLln13VQNLjn14WQNKin15WQNKin15XQNKhn14XQNMgn13ZQNMbn1NSQN0<2an1MhQN2Xn1NiQN2Un1OlQN0Tn10mQNOTn10P1M^`aY1
20120930063534Lh_8,bYcQ32ko15M2N2N100O1O1^NF]SN;bl1H\SN7dl1J[SN7dl1K[SN5el1K[SN4fl1K[SN5el1K[SN2hl1NXSN0kl1NWSNMZn70UPJ2N2O0O11N10@1PQNMPo15<2N2O0O100001OO10000000O10000O10001O1N2N3LVoe02iPZO2O1N2O0O2O000000000000O100O101N1O1O2N2O1M[hVi0
20120930063534Lh_9,^Q[]2550\o1LRQN1^o13ON0O0O10O011N1O10OO010O001`N4iRNMXm15fRNL[m13dRN<nl1CSSN=ml1CVSN<fl1F]SN7cl1HcSN4\l1KfSN2^l1McSN2\l1OdSNN_l12aSNM^l13dSNK]l15cSNLZl17h13mQNC]N2hm1c0eSN^O[l1i0`SNVO^l1o0`SNPOal1T1\SNlNal1V1^SNjNil1P1USNQOll1o0RSNQOYm1f0eRNYO[j11nWN`0eM_OQn18mQNHVn17gQNIZn17eQNIcn10]QN0bn10^QN0bn10^QN0an11_QNO`n11bQNN]n12dQNN\n11eQNO[n11j00lPNOYn10hQN0Xn11l00iPNO^n11`QNObn13ZQNNgn1d02N4@jPNNYhg3O[WZL10001O01O10O10O100OgPN0dn10\QN0dn10[QN1en1O[QN1en1O[QN1Zo1000\o1OaSoY1
20120930063534Lh_10,ZQ_]21mo1010O1\QNOZm11iRNOTm11nRN0ol11TSNOil10ZSNOel11]SNOal10aSN1Vn110OYme0OcRZO2nPNNYn11jQNORn12QRNNkm13WRNNhm11ZRNNfm12[RNNfm12XRNNim12VRNOkm11RRNOQn11lQNOXn11eQNO_n10SVf0OfjYO0PP40TkT_1
20121024073354Uh_1,acR\17ho15L1O1O1N1000O001N3N1N4M2O1O2O00000OiPl03QoSO6L2N3N1O1O1000O01000O01O01O1O1N4K3NcQ<2YnC6M2N4L6J6K1O1O10O1O1O8H00001O0O200N10O11O1OO10O1O1M3N1O4K7I`X[^2
20121024073354Uh_2,he\i24ko12M3O2N3M10O4L1O1O0O2O0001EKjPN4Uo1MkPN3Uo1MkPN4Uo1KkPN5Uo1JmPN6^o11O000010O01N2O0EIlPN9So1IjPN9Uo1GkPN9To1HlPN9So1;O2N2N2N10O00010O01001O001O0O10O0001N1M3M3O1001O1O1000O100O2N2N2HcPNHao11nYaR1
20121024073354Uh_3,l[Sb22]TX1O`kiN;E2O2N0010O000000O10001O02O0O10000O1O2N2N4JPo32hPL>I4K21OXNBPTN>nk1FPTN9ok1KnSN5Rl1NjSN3Vl10fSN0\l12aSNMal14]SNLK\ORl1e0QTNOJB[l16[SNA4h07ATm1GeRNe0:D`m18fRND^m18X1IjanY1
20121024073354Uh_4,TSYh15io13N1O2O0010O001OFKjPN4Uo1LlPN4So1LoPN3Po1NPQN2on1ORQN0nn10SQNOmn11SQNOln11UQNOln10UQNOkn10VQN0kn1NVQN2\o102Nmoa01QP^O1O1O1O1O1O1O00010O01O0000L3K222O2N2O00K7NWOEPRN8mm1NTRNKnm18m0O1M4MlnPT2
20121024073354Uh_5,SojZ18go12M2M3N1N1L6N1O2O1O02OhN_OYSN8al1:USNDil1e0RSNYOml1P1oRNjNTm1X1i01cQNeNUn1c1;YO_QNWOdn1d0^QN[OQo15QQNJQo15nPNLTo10mPN1`o111O4JeQ_c2
20121024073354Uh_6,UQoX16go15L4L3N2N1O2O0001N3M3M5GQnS1LVRlN0N101fPNMin12XQN0\o10VONeQN2Zn1NhQN2So1O01TOOiQN0Qm1O^RNe0ME;GPn1k0nQNTOZn1g0dQNYOdn1c0VQN]Oon17mPNJ11Yo11Zo1OZRL0km10PRN2Sn19]QNFSo1NhRgc2
20121024073354Uh_7,R\a]21oo11N101C1aPNL43Zo16cPNL\o1<000000001O00001O1N101N2OCGSQN8nn1HSQN7mn1ISQN6nn1KQQN5on1KRQN4nn1LRQN4nn1KTQN4mn1KSQN5\o101N100OO01100O2N100000000000010O0FKiPN5Wo1LiPN2Xo1NhPN2Xo1NhPN3Wo1MjPN1Wo1OiPN1Wo1NjPN2co1O001OO10000ZPNN]o13bPNN^o13aPNN]o13cPNM]o13dPNK]o15cPNKWo10hPN5^o1MaPN3^o1OaPN1^o10aPN1_o19N1O100O2N100OKhPNDQo1NQQNe0on17N10O10000O1N2N2O2O0O101N1O2M2M4O1O001O1O2N001N2O001O0001O001O000000000000O2O0O`dX[1
20121024073354Uh_8,]nho12mo12N2O001N10000000001N1LI_PN7`o1501O1O00EbPN5]o1JePN5[o1KePN5[o1JfPN6Zo1KfPN3[o1MePN3[o1NdPN21LTo11lPN2N1To1MnPN2N3So1IQQN2M;Wo1BjPN?[o101O1O010O2N1O2M3N1MPQkm1
20121024073354Uh_9,d]ci04]1OX32jig4MmnYK1PUN5lj1MRUN5lj1LTUN6ij1KVUN7gj1KYUN5fj1LZUN5ej1KaSNJV1=Xk1IbSNKU1<Yk1IbSNKU1<Xk1JbSNLU1:Yk1JaSNMV19Yk1JaSNMV19Yk1JaSNMT1;[k1HaSNLT1=\k1F_SNMV1>Zk1E_SNJZ1b0Xk1C^SNKZ1b0Xk1C]SNL[1a0Xk1A_SNMY1c0Xk1_O`SNOW1b0Zk1\ObSN1U1b0Ti1]OYWNO_N2T1b0Si1^OnWNOoNb0Si1AmWNNPO`0Ri1CnWNMPO?Si1DmWNMPO?Ti1CmWNMdMO<2K<Zj1ElWNMcM1;2K:]j1EUXN0cM1L8dm1FaRN2K6fm1H^RN2M4fm1J]RN2M3_n1MaQN2an1M^QN3cn1NZQN3hn1LWQN2ln1NSQN3nn1MlPNMM6Yo1LiPN9Wo1HgPN:mn1C\QNb0dn1^O\QNb0Qo10`M_OaUNa0_j1@`UN`0`j1@TUNNZNb0al1CSUNK]Na0`l1E_UN:cj1F]UN9dj1H[UN7fj1HZUN8fj1IYUN6hj1KWUN5ij1KWUN5ij1KVUN6lj1GUUN:kj1DlSNM:`0ll1@PSNd0Un110000000O10000001N100O100O001O10O001O1O10000O1000eL[O\WNb0fh1_OZWN`0fh1AZWN=hh1CYWN:hh1FYWN8[l1LPPl1Kjn]N2gQD0To15gPN0Vo11iPNNXo13gPNM[o12gPNKYo15gPNKYo14kPNHWo17901N2O1Nbo51^PJ4K3M2K5N2O2M2O001N100O1001O00001N2O001N1O10O01O1O2L4N1O2L301N2N_o13^PN2K4M5M2O0O2O0O1010O1O1O1N101O000O1O001O100O1O\RNM]k12dTNO\k1OeTN1[k1LhTN5Wk1IkTN7_m100000001N1O10001O2NoNMVRN2jm1NWRN0cjc07ST^O1N1O2O0O101N1O1O1000O10000O1O2N2O0O2O4K`bZb2
20121024073354Uh_10,]^oS32ko14N1O1O00O2O1Ngo5M[PJ5M1K5M2O1O0WOBSRN=om1D_QNO7>[n1B_QN14=To100O01YQNDkm1;URNHhm1:WRNHgm18PRN2nm1OQRN2om1MRRNMCG[n1<RRNMTn13lQNMTn13lQNNSn12nQNMRn12PRNMQn13nQNNQn12PRNMQn12oQNNQn12PRNMPn13PRNLRn14nQNKRn15nQNJSn16nQNJQn16oQNLom14RRNLnm14QRNNLI]m18hRN0HK^m15jRN2FJ`m12ZRNK5;1I_m11ZRNN483I_m10[RN0184I`m1N\RN1084I`m1N\RN1163L`m1L]RN1251Nam1K\RN23311`m1J\RN045K6em1EnRN6[O7fm1DnRN6\O4gm1GmRNj0Tm1UOlRNj0Vm1VOjRNi0Vm1XOiRNh0Xm1XOhRNh0Xm1WOgRN<]OG5H]m15PSN:AI2H^m13PSN2K1IH^m14nRN2NNcm1L`RN6OLZn12j0O2Nlbdg0
20121024073354Uh_11,U[]i01mo13ENfPN2Zo1NePN3[o1MePN3Zo1OePN2Zo1NfPN2Zo1NfPN2Zo1OePN1\o1NcPN3]o1NbPN2^o163O1N2O00004L0O10001N10000000L40O0100O1O100O1_PNHZo18bPNH01^o1;aPNE_o1;aPNE`o1:`PNF`o1:aPNE_o1;aPNE`o17_PNIeo16301O01O00000001O001O000000001O01O00002N0O2O00000000N0JZPN6eo13000O011H[PN2kdPR3
20121024073354Uh_12,ljVi21oo11O0WPNObo12]PN0co1O]PN1[o1NhPN1M1[o1NhPN1L2\o1MhPN1L2\o1MlPN4So1MmPN2To1NkPN3ao1000000000000O11ZPNL^o14bPNM^o12bPNN^o12bPNN^o13bPNL_o1370000010O00000001O001O0OPP>0PPB10000O2O0000O101O000O100000O100O2O0000000000O10001Oko1OUPN2O1O0000000000000O1O001O1N02N3N1O[UWQ1
20121024073354Uh_13,g[i_21oo1000[PR20eomM00100O0O0100O00O1O1001N10PP20PPN0O2M2100O100O10mT<Ngi;2SQXOa0D6LARQN0ln1IbQN1^n1NfQNOUo10VOOfQN1[n1OeQN0[n11dQNO\n11dQNO\n10eQN0To11O10O1Ono10PPN1ZaRZ1
20121125063154Uh_1,m`YV14io15J4O1HFiPN;Wo1EiPN:km1GYSN0kN9lm1IdRNJ1d0[m1CcRNI1d0^m1CSSN=ml1DQSN=Pm1BPSN>Pm1CoRN<Sm1CmRN=Sm1ClRN=Um1CkRN=Vm1AjRN?Ym1^OhRNb0Zn110O001O00kPN]OL1on1`0WQNEgn1:YQNGhn17YQNIfn18[QNH`n1<`QNDPn10jQN?8Alm1k0VRNSOjm1b0jQNAjn1`0WQN^Oin1d090O1O1O1O1O1000O010OdQNSOgm1l0XRNXOELfm1l0fRNYOCJfm1n0gRNYO`m1g0aRNYO]m1g0eRNYOZm1g0gRNYOXm1g0jRNXOUm1g0mRNYOSm1f0PSNWOQm1h0T1O1O1O1O1O1O1O1O00SRNDXl1;cSN@iN6cm1:dSNK]l14dSNL\l13]SNCPO;cm11]SNGnN8em10]SN9cl1F^SNKmN5em1O_SNLmN4dm10_SNKoN4bm10_SNMPO2am10dSNImN1LMdm17QTNJTl15l1N5KRald2
20121125063154Uh_2,_onW33no1OWm5OhRJ3A5gPNI[o19hSNGQi1;oVNHjh1<VWNEhh1<XWNGfh17\WNIdh15]WNLdh10_WN0bh1KaWN6Ul10O010N101N1N2O2N1^LCaWN=]h1I_WN7`h1K_WN5bh1K^WN4jh1DXWN:ih1EXWN:Xl100O000O2O1O001O1M3O001O01VI1a]NO^b14_]NN`b13_]NMab14\]NNdb14Y]NMib12V]NNlb11S]NOob12h\NFTJ:Vi13Y\N9gc1JU\N7kc1KR\N6nc1Mo[N3Rd1Mm[N3Td1Nj[N1Xd10h[NMZd16c[NGad19^[NFcd1;a[N_O`d1c0d[NVO]d1k0[5101dSNYO[i1j0`VNZO`i1f0^VN]Obi1b0\VN@\NFXj1i0ZWNAYNO[j1`0\WN_OXN4\j1=\WN\OXN9^j1;`WNPOUNf0[j1<UXNBng1=UXN_Olg1b0RXN]OUh1`0iWN_OYh1`0fWN_O\h1a0dWN]O^h1d0`WNZObh1T1PWNhNVi1a1_VN\Nhi1i1iUN[N^j1c1iTNcNUOMUl1`1\TN[Ogk1d0RTNARl1=hSNHXl1P21N2N5K3Me0ZO2N4K5J5L5K4J6M6Gb0ZO<AaRca0
20121125063154Uh_3,TWae23lo12O0gPNOcn12\QNOXn1N_QN39OWn10`QNO:2Un10WRNOim11WRN0hm10XRN0im1NYRN1hm1MYRN3jn11O0001O0000O1000000O1oNKWRN5`m1MeQNOj05am1NcQNMl05am1NcRN2^m1NbRN2_m1M`RN3bm1LPRNMJ7ln1LQQN4Po1MoPN2Ro1NnPN2Ro1NmPN2To1NkPN1Vo1OjPN2Vo1MkPN2ao10N3O0O1O1O1BGVQN8jn1LRQN4on10lPN1To1<2M4J7KZi\W1
20121125063154Uh_4,\_ag11inm42PQTK5N202M02O000O010O10O01000O100O01O011N001O001O0000001O2N1NRPP15jooN1O001O001O001O0O101dLFPWN:oh1IoVN7Pi1KoVN5oh1NPWN3oh1MRWN2mh10RWN0mh11SWN0lh10UWNOjh12WWNNhh11ZWNNfh12ZWNNfh12ZWNNfh12[WNMeh13[WNMeh13[WNMfh11\WNNeh11[WNOfh10ZWN0fh1N]WN1dh1M]WN3Xl11O0000000000000O10001N100000O0100O1O1000001O00O10000000000O011O0O101O000O100O1O1O1O2O0N3O\oW12bPhN2M2O0O100O100O100O1M30O01000O1O10000O1000O001O1O101O0O1000O10000O2N10O01000N2O010O1O1O1O1O1O10L301O100O1000000O0100O010O1O01O00100N20K4O10K32010O001N3M]OFdQN:Xn1KgQN4Yn1NgQN0Sn18mQNFSn1;oQNASn1?f0101N010O1O1O10000O001HZORQNh0on123M3N101O0010O0N0201O001O0O10010N3N1O1O1O10O01O1000005Indnb1
20121125063154Uh_5,i_Q`23mo12M2N1O2O00000O1000000O10OmNK]RN5bm1M\RN4cm1N\RN1em10ZRN0em11ZRNOgm11YRNNim12VRNLlm14TRNKmm14TRNJPn14oQNJUn15jQNLYn10hQN0So11001O0OGOfPNOZo138100001O0O100001N1O1N2gPNJdn1:[QNHbn1:^QNFan1;_QNI\n18fQNGYn19iQNFVn1:kQNFSn1;mQNESn1:nQNFRn1:nQNFQn1:PRNFPn19RRNFmm1;TRNCmm1<l0O1O1O000010O1O1O1O0O2O1aQN@]m1a0bRNA]m1?bRNC]m1=bRND^m1<aRNF]m1;cRNE]m1;cRND^m1<aRNE^m1<bRND]m1=cRNC]m1=cRNC\m1>dRNB\m1>dRNA\m1?cRNC]m1=aRND`m1<TRN\ON8mm1=URN\OL8om1;VRN]OJ8Qn1;VRN\OI9Qn1:WRN\OI:Pn19bRNF^m1:bRNF^m19dRNF\m19eRNG[m19fRNE[m1:^RNA@4Rn1:]RNDCNRn1>YRNFRn19oQNGQn18oQNIQn16PRNIQn15QRNKPn1M[QNOg03Pn1KVRN6jn1O1O100Oi`\Y1
20121125063154Uh_6,bZSP22b00gn12WQNN]n12\QN05N`n14ZQNN5ONNWn15fQNN5Nbn14ZQNM4Ncn15iQNKWn14l0O1NXPN0>Oen14ZQNLen15[QNKen15[QNKen15[QNKen15[QNLdn14[QNNdn12[QN0en1N[QN3Wo13N2M10O001O1N21N1O10000O000011O00100O001O010OoPNLWn15hQNMWn12iQN0Un11kQNOQn14QRNLmm14dQNE77Tn13hQND68Qn14[RNJfm15^RNEdm1;Q10fQNEgN1Un19VSNIil17WSNIil16XSNIil16YSNIgl16c1N4LSfXl1
20121125063154Uh_7,WR_]23lo12cQN1gl1OYSN2gl1NhRNN@3im13`RN0Rn10lQN2en1HnPN>jn1FRQN?kn1<O1_OROnQNm0Qn1]OeQN`0`n1>3L5J:J:G2CcPN1io1L>0B2POKSRN6km1LVRN2SkTa1
20121125063154Uh_8,W_kg11oo10coU90]PjF0PP:0PPF000[PN0eo1000PP80PPH00001O000001O00O10Onoe00QP^O0QPL0no30Zo[10cPlN2mma5NdQRJ0YQN0fn11YQNOin10WQN1in5OdPL000^PN0To10kPN0Vo10jPN0bo100010ho31]PJOio1110]Sf6OblYI11OO1O1cPNNmn11UQNOkn10VQN0in10XQN0hn10XQN0gn11YQNOgn11YQNOgn10ZQN0fn10ZQN0en11e0OPP20fP:0[oC0O1O010O00010O0010O00000O00`ahY1
20121125063154Uh_9,Y\Qm21eo11bPN1\o11bPN0]o11bPN0^o10bPN0^o10aPN0`o10aPNO_o11800000O1000000O10000O10O010000ZPNJbo1;0O1O000000000010O01O100O00000000KI`PN9^o1500O1001O001O1O002M2M2O1O2N1O2OWPN0jo1O0000hcVo0
20121203063334Lh_1,jcko16io13N1N101K5M2O100O01O1NZQNAom1=RRNEmm1:SRNHlm18SRNImm17SRNIlm18SRNImm18QRNInm18QRNIhm1?WRNAem1d0ZRN\Ocm1g0\RNYOdm1j0ZRNVOdm1n0YRNSOgm1S1SRNlNmm1d1001N100O2N1O2N101O1O1O1O0O2O0O2N1N3N1O2N1000O100000000001O00001O000O01N100010N1O2O1O01O010O001O0O100100O2N4L2N2O2N1O1O1O1O1OOEfPN1Zo1OgPN1Yo1OhPN0Wo12hPNMo0KVm1a0kRN_OTm1;lQNFP10Tm1;QSNEol1;PSNFPm1;kRNIUm17kRNIUm17lRNGUm19kRNFVm1:jRNFWm19iRNGWm19iRNGWm19jRNFWm19jRNEXm18Z1N5Kf\\i1
20121203063334Lh_2,ff\V22mo13L3N2O1O10O01O01O001O2M3MhP:NYoE4N1O1O0001O2MbQd11Zn[N6K4N2N1O100O1000O2N10001O00001O001O00000000000000000001N10010O01N102M5IQWoc1
20121203063334Lh_3,o`U]22mo13M3L30O001O1O10O1O001O1O001O00000001O0OPOKWRN5em11ZRNMem16[RNHem1:kQNC21Sn1>gQNGfn1:WQNJgn1i0N1N3N2M2N3N1O2O1O2N3M2N1O2N100O010O01O00001N1O1O0O1N1M30010100O100001O00010O001O1O1O001O0O100TOgQN1Yn1MkQN0Vn1MnQN2Rn1KRRN3om1LSRN3nm1KTRN2nm1NSRN0nm1OgQNKN2^n12cQNM2L^n15`QN1nn1LTQN5[o10001O0O10001O1N2Nn_n\1
20121203063334Lh_4,e_]R3;do13M4L2O001O00OiLGhVN9Wi1KgVN5Wi1NhVN1Xi12fVNNYi14fVNKZi17cVNK]i16aVNK^i18]VNKci17YVNJhi18SVNLmi15PVNLPj15mUNNRj12mUNOTj10jUN2Vj1NiUN3Wj1MhUN4Xj1KfUN8[j1FeUN;[j1CfUN=[j1BfUN=[j1AhUN=Yj1BhUN=Yj1ChUN;Zj1ChUN:Zj1FgUN5^j1IdUN2`j1McUNNbj1OaUNLdj10_UNNij1F_UN5ahc11mT\NKbo1=L3N100000O1O2N3M2NhT4K]kK3M3N000001O1N3Lam74\RH2O0O04I]cfg0
20121203063334Lh_5,b^ae13lo13M3M2N1O100000000001O00000000000000001O0O010O100OL5O1O01O1O100O00100O00O2O00001O0010O01OO101O1O10O10O10000O101N101N2N101N10Rb`V2
20121203063334Lh_6,RdbQ15io13O001O3M1O01O1O100O01N1O001O1I7K7L4N104LO1O0010O001NSOZQNc0en1\O]QNc0cn1]O^QNc0an1]O_QNc0bn1[O`QNd0on1O2N1N2N7J1O2M3N00010O[[gk2
20121203063334Lh_7,SdVR11oo10[P20eoM001O11ORP2OZnM3a12N1N11O0OQQ2LUoM0000O100010Yme14]RZN8J5L2N3N1N100O010OO2M3M3O2O002M2O2F]PN1jo1Na^[i2
20121203063334Lh_8,ohVm0a0^o15K3N1O2N1O1O10O011N4L3N00]O]OhQNc0Vn1AgQN`0em1YObRN7Ha0dm1ZOgRN1Fe0am1]O[RNO`0c0Um1@XRNOc0`0Wm1]OWRN52K4a0nm1DmQNN3<Tn1BkQN400Ro1L^WYQ3
20121203063334Lh_9,Uhlf12mo12O1O001O00010O01O001N1OWPh01ioWO1O000010O01O10O11O2N0O101N10O01000O10000000000O10O10O100O001O1O1O2LmV[U2
20121206063154Uh_1,ahZS22lo15M1N2O1O1O1O1N2L5L4M3M3N5K1O1O0002N1O3M5K2M3O1N32M0O0O01O0O100O2M2M4L3O1O101N101NoVQj1
20121206063154Uh_2,mlZ\34^m19_TNDVN2[m1<^TNI_k1:S20O10O]QN@hm1`0WRNBhm1=XRNEgm1;ZRNChm1=m01O0100N101O100000O010mPNJZn17cQNL]n16]QNMdn1f02N7H5FQQNIhn1HaQN:Ro11N2O001O0nPNEZm1OYSN<\OGYm1N[SN<ZOGZm1N]SN;WOIdn18YQNIin16TQNMln1c0110ZORQN8Pn1ChRNL^Ob0cm1GZSN9bl1K]SN5cl1J_SN5al1JaSN4bl1GbSN7Wn1JRNNWTNKok12YW_`0
20121206063154Uh_3,nVSj08fo12O0O011O001N101O100O1O100O100O001D_OYQN`0gn1CVQN>in1DVQN;kn1GRQN9on1HoPN8Qo1;1O1O10O0100O0100O1000O10001O1O1O1O001N101O00000O2O000000000O1000000O100001O001O2M101O0O2N1O1O2N1O100O1O2O00001O1O001O10O01O10O01000O01O10000O1O1O1O1O]O]QNJbn15`QNJ`n15bQNK]n15cQNK]n1F_QN386Yn1GaQNO8:Xn1FaQNL<<Sn1GXRN5jm1H\RN3jn1NkhTo2
20121206063154Uh_4,kWS[11oo10O100O100N110001N10fP\51YocJ1N2O001O00001O00000000001O01O00000000001O00001N101O001OTPn0OmoQO1N101O00001O0000001O000000001O001O01O000001O000001O000001O01O001O000O100000000000000000000000000O1000O100O10O010O1000000N200O101NZgnW2
20121206063154Uh_5,_hbR11no12O1O001N101O000001O0000010O010000O10O0010O1O1O10O1O2N1N2O0010O0SP2NooM10ORWSk2
20121206063154Uh_6,]fPd01no12TPNOgo16O001N1_OGZQN:fn1HYQN8fn1G[QN9dn1H\QN9cn1G]QN9cn1F^QN:bn1E_QN;Ro1100O1O1O100O100O1000001O000O1000O0100O0010O001OM^OiPNa0Yo1_OgPN`03APo1OmPN?3CPo1NlPN?5Con1?QQNAPo1=PQNEon1:RQNFnn1:RQNEnn1;SQNEmn1:SQNGmn19SQNFmn1:UQNEkn1;=O100O1O100O1000000000001O0000001O0001fPNHjn18TQNJln17RQNJnn16RQNKmn16RQNJnn17QQNIon18PQNGQo1:nPNFQo1<oPNCQo1>nPNARo1`071N100O10000000O100O2N1O2N3N001N100000O10000000O10O100000O10O01O010O10O10O100O010O2N100OXZYT3
20121206063154Uh_7,oehf22ko1OWPN2ho13100O2LUQd12jn[N2O1N200O1O0100O1O2MUPf0MnoYO2O1O000001NfX]U1
20121206063154Uh_8,j]Sg01jo17YPNLb0NTn18XQNLa0OSn1`0kQNBRn1`0mQNAQn1b0nQN^OQn1d0mQN]OSn1d0lQN\OTn1d0lQN]OSn1d0lQN\OTn1e0kQNZOWn1OcQN;5GXn1MdQN=3FYn1LfQN=1F[n1LeQN=OG^n1JjQN9GN`n1GjQN;FNQo11nPN0Ro10nPN0So1IjPN137Ro1GlPN137Xo1GhPN:_o1000010O01N10000O1O10O001N1000100O0100O10O01O1YOEhQN=CA\n15nQNc0Qn1]OnQNd0Rn1\OnQNc0Sn1]OlQNd0Tn1\OlQNd0Un1ZOlQNe0Un1ZOkQNf0hn1FoPNDRo1;PQNDon1<RQNDmn1<TQNDkn1<UQNFin1:XQNFgn1:ZQNGdn19]QNG`n1;aQNE[n1>fQNBYn1>hQNAXn1>kQNATn1>oQN@Qn1?i0NZQNClm1=TRNEkm19XRNEim18Q1M[QNKem12gcZT3
20121206063154Uh_9,PdaS12mo14L1K6N2N101N100O2O00001O0O2O001O00010O00001O01O01O0001O010O001O1O00001O001O00RO^O_RNa0am1_O_RNa0`m1A`RN>`m1C`RN;am1E_RN;am1F_RN9am1G`RN8_m1J`RN6`m1JaRN5_m1LaRN3_m1MbRN2^m1NcRN0]m12bRNN^m12cRNM]m13cRNL^m14bRNJ`m16_RNIcm18ZRNIgm17_QNHd01mm1>QRNDnm1=QRNDnm1=PRNDQn1<mQNESn1;lQNFTn1:kQNGUn1:jQNFVn1:jQNFVn1:iQNGXn18hQNHXn18hQNIWn18hQNHYn17gQNIYn17gQNIZn16fQNJ[n15eQNK\n14dQNL\n14dQNL^n12bQNN_n12`QNNan11_QNObn1O_QN1an1O_QN1bn1N_QN1bn1M_QN3bn1L^QN4cn1J^QN6cn1H^QN8cn1F^QN9Uo10000O10L3N2O10L32O1O1O1O1000001O0O10000O100000O100000O100000O10000000O01000O1O001N2O0010O010O10O0100O00100O100O100O0010O0010O01O1N1O2O1O1O0O2O0O2N1O2OO0M310O1001O010O0100O0100000O1000O10O100O2O000O101O0O1O101N100O2O0O2O0O2O0O2N101N2N2N2N]oa0MfP^O3M2N2O0O2O1O0O101O0000001O00000000000001O0000000000001O0000000O10000000001O0000000001O00000000000000000000O10000000000O2O00000O101N100O2N1Oho]1OYPbN1O10000O10001O0001N101NVP4OkoK2N100O101O1O1N3O0O1O001O0010O00010O0010O1O1O010O1O2O0O01O101N1O001O1O2N2N3L3Mm]dU2
20121216154954Bh_1,VhhR11mo14M2O000O100001N102L\Qh15`nWN3M1O2O01O001N3MaVWj2
20121216154954Bh_2,omhc26fo16H7M3N1H\OSQNe0ln171O2N1O2I8K6L6F`R[[1
20121216154954Bh_3,ffRV14ko12O1N2N10000O100000001O000000001O01O00010O0100O10000O102N01O01O001N100O100O1O10001N100O100O100O100O010O10O010O010O1O10O02N001O1O0O2O1O1N2O001N2O0O3M2O1NWQZ1OjneN2O1O001O010O10O001O1O1NmVob2
20121216154954Bh_4,f_PW25jo13L3N1N3O0N3O1N1O101O0O101SQN\O\n1d0cQN_O[n1a0cQNC[n1=cQNE]n1=^QNGan1m0O001O01O00000000000000O100O10O0100O0001O001O1N2N1K6M3O10O101O0O2O001O001O0O2O001O0O10000000000O10000O10000000001O00O10000002N00010O3M010O1O010O010O02N1O6J3M00000000O100000O100EZQN\Oen1e0[QN[Oen1e0\QNZOdn1e0]QN[Ocn1e0]QN[Ocn1e0]QN[Ocn1e0\QN\Ocn1d0^QN]Oan1c0^QN_Oan1a0_QN@`n1`0_QNAan1>_QND`n1;aQNE_n1;aQNF^n1:aQNG_n18bQNH^n18bQNI]n17bQNJ^n1l000010O00001O01O000001O000000000000001O00000000001O00001O0O10001\OZQNKgn14\QNJdn15^QNJbn15bQNG_n19bQNE`n1:c001O0O2O001N10YRNDkk1;RTNOXNH[m18]TN6ck1I]TN9ck1D]TN?bk1_O^TNb0_m12O1N10001N1000000000000000O100O2O0M4G8N3O1N2N1O3LT^a\1
20121216154954Bh_5,Qlj`32jo19I4N1O1O2N101O2O=C1OO1O2O3L10^SNYOhi1g0VVN\Oii1e0UVN[Oli1f0RVNZOoi1i0nUNVOSj1Q1fUNnN[j1W1U22N0010O2O1N2N3M2N2OO010[NnNYTNS1ck1RO\TNn0ak1TO_TNl0`k1TOaTNm0^k1SObTNn0[k1TOfTNn0Vk1ROkTNR1Pk1oNQUNV1hj1kNYUNX1bj1hN`UNZ1\j1fNfUN[1Wj1eNkUN[1Sj1eNoUN\1oi1cNSVN]1ki1cNWVN]1gi1cN[VN]1di1bN^VN^1`i1bNbVN\1_i1cNcVN\1\i1dNfVN[1Zi1dNiVNZ1Vi1fNnVNW1Si1eNQWNY1nk1N1O1OO0NQObQN`0[n1^OnQN>Qk1DRWN2PN6oj1JlVN2[NNhj11mVN2]NJdj18nVNLcNE]j1f0PWNCUj1<jUNDZj19eUNG`j11cUNNhj1E^UN3`nf:
20121216154954Bh_6,ZohR13lo12N3N1O00100O00010O0010O01O01N2I[PN1[PP11]oQO2XPNO_o12_PNOao19O01O001O0O2N101O1M4MhoZj2
20121216154954Bh_7,_ekP24ko12N2O1N2O1N101N1N3H7N2O1N200O1000O1000O01O1O2M2O1M4K5K5K_Q`00dn_O3M2N2O001N101N101N1O10001O000001O1O1N3N1O1O2N1O1O1O100O1O1O010O01O1O010O1O1O1O1O010O100O2N100O1O1O10O00001O001O0O2O1O002N1O0O2O1O001N3MmX`h1
20121216154954Bh_8,f\W[32mo16J2N3M101M2O2J5O1N20OTN[O^TNf0ak1\O^TNd0bk1]O\TNc0ek1]O[TNb0ek1^O[TNb0gk1]OYTNb0hk1^OXTNb0hk1]OYTNc0hk1\OWTNd0jk1\OVTNc0mk1[OSTNd0ok1[OPTNf0Pl1[OdRN3n0a0_l1^O_RN4Q1=`l1M^SN3cl1M]SN3cl1M\SN3dl1N[SN3dl1M\SN4dl1L[SN5dl1K[SN7el1IXSN:gl1FWSN>gl1CXSN>fl1CYSN?fl1BZSN>el1B[SN`0dl1_O\SNc0bl1]O_SN6]O^OQm1;cSN5B@hl14lSN<]O@fl15lSN;_OAdl14mSN;@Acl12mSN<BBal11mSN>BA`l11nSN>CB\l10RTN>DAZl1NRTNc0F^OXl1ITSN1m0i0H]OXl1HTSN1i0l0M[OYl1HiSNn00XOSm1h0oRNTOSm1l0PSNROPm1n0P101O10O010_QNTOnm1k0SRNVOkm1k0URNUOkm1j0VRNWOhm1j0XRNVOhm1i0YRNVOgm1k0[RNROfm1m0f010OlQNTOVm1l0iRN^Oml1c0gRNROJ>\m1d0cRNWOK6bm1f0^RNL^m1FaRNm0[m1ROiRNm0Sm1VOnRNj0Qm1VOPSNj0nl1WOSSNi0ll1WOUSNi0jl1XOVSNh0il1YOWSNg0fl1\OZSNd0dl1@ZSN`0fl1CVSN=kl1\1O1000O1O1ROUSNcNol1\1SSNbNnl1]1TSNbNll1[1WSNeNil16QSN1=Ial14USNO`0LZl12YSNO?0Xl1K^SN3<4Tl1GcSN3:5Ul1DfSN387^n101M2MccZ>
20121216154954Bh_9,U_hT12mo12N2O1O1O0O2O0000000O1000000000000000000000000000000O01000000O10O01O100O1O100O10001N101NTPh21loWM1N1O1J6O1O2O0O1000001O0000000000001O0000000000000000O1000001N1O1I_PNNbo11`PNMbo12^PNMco127N10TaWc2
20121216154954Bh_10,[eoP22ko13^PNMVo13lPNMRo14oPNLnn15SQNLjn16WQNJgn16ZQNKcn15`QNK^n1OiQN1Vn1NlQN2Rn1OoQN1Pn1NRRN3mm1MSRN3mm1LTRN4km1MURN2lm1NSRN3mm1MSRN3Xk15UVNHcN2Vk1<TVNAfN3Vk1>SVN_OfN3Xk1?QVN^OfN3Yk1`0RVN]ObN3^k1`0PVN]OaN3ak1>eVNC^i1;_VNFei18XVNIni10RVNOUnc0KQo]O0]PN0Wo10kPN0Ro12nPNNRo12oPNNon12RQNOmn11TQNOkn10VQN1in1OXQN0gn10ZQN1en1N\QN2dn1N\QN2dn1N]QN2bn1N^QN2bn1N^QN2Xo11ZOM]QN3cn1N\QN2en1NYQN2jn1NTQN2nn1MQQN3Po1MoPN2To1NjPN1co10000010O001IN^PN3ao1M`PN3_o1N`PN2ao1M`PN2`o1NaPN2^o1NbPN2_o1NaPN1_o1ObPN0ho100000O10000COjPN1Uo1OmPN0Ro10oPN0Po11PQNOon11`00cPNOkn11b01O000100ObPNOnn11QQNOPo10oPN1Ro1OmPN1ao10000O10O1iXjh1
20121216154954Bh_11,VfSS28ho1K4O1000oo9ORPH0QPN000000001O01O101000O0`00RO0jPN0co100010O0G0RQ^10WoaN0bo70cYjh1
20121220110614Th_1,iTm^23lo12O1N10000000000001O00010O0000000001O0LK]PN5?K`n1:_QNH`n18`QNH`n18_QNIan17^QNKan15^QNLDKjn1:aQNO^n12bQNM_n1MWQNM96`n1MWQNM95an1MWQNN84cn1MUQNN:2dn1NTQNO`o1OlP42ZoK2N2O0O100O1O10O010N200O100O1O101Nmjf]1
20121220110614Th_2,a_Xk27eo16^PNFXo1c0N1OGjPNJSo17PQNHmn1:UQNEin1<YQNBgn1=\QNAen1=?01O001N2N2O1O101O000O010000000000iPNLbn14^QNLan15_QNL`n14`QNL`n14aQNK_n15g03LI]PN1io10YPNMbo11_PN0io1Nc`]R1
20121220110614Th_3,^Qmh14lo11O0010O010O01001N02N1O10O001O10O101CLjPN5Uo1KePNO37Vo1NkPN2To1JhPNO65So1JSQN5^o1O2Mom^U2
20121220110614Th_4,]fPe23lo12O000O100000O1O1O010O10000001O0000000000001O0000000001O01O0000001O2N002OO0100O02OO01N2O1M`YSX1
20121220110614Th_5,Z`Wd02:015F1hn_4L\Q`K7Uo1LhPN74Cgn12TQNe02@en1f0YQN\Ofn1o0O2FgNkQNZ1Sn1hNlQNX1Tn1hNkQNY1Un1hNjQNY1Un19O10001O00000000001O0000000O1001OO1000000000000000000000000000000000\NmQN[1Sn1eNnQNZ1Rn1eNoQN[1Qn1eNoQN[1Rn1dNnQN\1Rn1dNoQN[1Qn1fNnQNZ1Rn1fNnQNZ1Rn1fNnQNZ1Rn1fNmQNZ1Tn1gNjQNZ1Vn180000O1000O1000000000000001O000000000000000000000000000000000001O000001O000000000000000O101O00000O10000000000000000000000000000000O10000000000000000000000000001O0WNlQN31\1Sn1aNlQN23\1Qn1aNmQN14^1om1aNmQN05_1Yn1O2O0000JcNiQN]1Wn1cNiQN]1Tn1cNoQN]1Qn1cNPRN\1Pn1dNPRN\1Pn1dNPRN\1Pn1dNPRN\1Pn1dNPRN\1Pn1eNoQN[1Pn1gNnQNZ1Pn1iNoQNW1Qn1iNnQNX1Qn1jNnQNV1Rn1<01O00000000000000000001O0000000000000000O100000001O0000000000O1O1\NmQN[1Sn1eNmQN[1Sn1dNoQN7Mf0Tn1SOPRN5Ng0Rn1TOQRN4Ng0Qn1UOQRN30g0om1VORRN2Oh0om1VOSRN0Oj0nm1VOTRNN02K?Qn1AaRNO_O`0Qn1@jRN?Xm1@hRN`0Xm1@gRNa0Ym1_OfRNb0Zm1^OgRNa0Ym1_OgRNa0Ym1_OhRN`0Ym1_OgRNa0Ym1^OhRNb0Ym1]OhRNb0Xm1^OhRN6PO3Xn1GhRN4SO4Un1HfRN5VO3Sn1IfRN4YO2Pn1LfRN2ZO2Pn1LfRN2[O1om1MfRN2[O1om1MfRN2\O0nm1NfRN2\O0nm1NfRN2\OOom1OeRN2]ONnm11dRN1^ONnm11dRN1^ONnm11dRN2^OLnm12dRN2^OLnm13cRN1_OLmm14dRN0_OLmm14dRN0@Klm15dRN1_OJmm15dRN1_OJmm16cRN0@Jmm16bRN1AImm16bRN1AImm16bRN1AImm16bRN2jm1NVRN2km1MURN3km1MURN3km1MURN3km1MURN3km1MURN3km1MURN4jm1LVRN4jm1LVRN4jm1LVRN5im1KWRN5im1KWRN5im1KWRN5im1KVRN6im1LVRN4km1KURN5km1KURN5km1KURN5km1KURN5km1KURN5km1LTRN4lm1LTRN4lm1LTRN4lm1LTRN4mm1KSRN5mm1KSRN5nm1KQRN5om1KQRN5om1KQRN5om1KRRN4nm1LRRN4nm1LRRN4nm1LSRN3mm1MSRN2nm1NRRN2nm1NRRN2nm1NQRN3om1MQRN3om1MQRN3om1LRRN4nm1LQRN5om1KQRN4Pn1LPRN4Pn1LPRN4Pn1LoQN5Rn1IoQN7Qn1IoQN6Rn1JmQN7Sn1ImQN7Sn1ImQN7Sn1IlQN7Vn1GkQN9Un1GkQN9Un1GkQN8Wn1FjQN:mn110O1000000O0100000O10O1000000000000O1000O100000000000O001O1O0010000000O1000O010001N1000kPNFI0an19gQNHGObn19gQNHGObn19fQNIHNbn17hQNKFNbn17hQNKFNbn17hQNKFNbn16jQNJan15_QNKan15_QNKWn11]QN3Xo1NiPN1Wo10hPNOYo11;0000000O10000000000000000001LUPN1no1Ok_b`2
20121220110614Th_6,mZ]U19do18fPNDKLcn1d0\QNO^n1m0M2MUOfQN3Xn1JnQN6=ZOhl1?oRN67^Ogl1<TSN62Ahl19ZSN4IEnl17^SN2@IRm14cSN1YOK1Bal10aSNc0e03WOE1G\l1P1]TND[O\Oal1Q1UTNERl1>nSNCok1>RTNDkk1=UTNDik1<XTNEgk1:ZTNGek19[TNHek17[TNJek15ZTNLgk14YTNLfk14[TNKek15iTN^OWk1c0PTNjN0b0Pl1g0kSNjN5>Pl1k0gSNjN8:Pl1`0^SNYO8O;5ok11^SNK6O12>Onk15TTNG_O5bm11]SN2cl1N[SN4fl1KZSN52GTk12lTN8NITk1LQUN:MKQk1IVUN8JOel1M_SN1cl1KbSN0WaTh2
20121220110614Th_7,XQm91iok00gPTO2jn1P1B4M1N10001O00O1000000001O000000000000TO\QN;dn1F]QN9cn1H\QN8dn1I[QN7en1b0001O001N2O001O01O001K4000O100000000O1O2O0000O011O00002N10O001O10OO10O100O10O2\O\QNHgn1KXQNN61hn1MTQN25OfmTa3
20121220110614Th_8,bZmU11no10D6bPNK\o1>mQNBal16SRN0]o1K=0YQNNcm10`RN0gn1010O1oQNORl11PTNOok11P2O10SRN0dj10Y30ZSN0\i10hUN8lj1IXUN3hj1L\UN1cj1Oa50jJ3gRNNd10\NOml1:lTNOcmY3IVPhL3K5M1O2N1O100O100000000000000WMBQVN=ni1FPVN:oi1HPVN8Pj1IoUN7Qj1HPVN7Qj1IoUN7Qj1HPVN8Pj1HPVN8kl101O100O2N1O1O10000OZMKeUN3Zj1NfUN2Yj10fUNO[j11eUNN\j11fUNM\j11eUNOc`lb2
20121220110614Th_9,_Z]W12bV2O]I1O001O01O01O10O000000000000000001O001ALPQN4Po1LPQN4^o100000000000000O100O0O20hmk62VRTI00000QnQ48gQnK001O1O001O00001O000000000000000000000001O00010O001O0O10001O001O0000000O00100O01000O1O100O10001N2M20nbPX2
20121229085414Th_1,`^QP15en1M^RN5`m1MlQN0M7Vn1IjQN4M5gn1NVQN3kn1MTQN4mn1LQQN4Qo1KnPN5Vo1GiPN:_o1N2O1N20O0ZOKbQN6^n1K`QN5`n1L_QN5an1K^QN5cn1K\QN6en1IYQN8in1FSQN>Vo11L4O000O11N3M2OoPN_Ogn1?[QNB1NUn1?kQNCN1Vn1;mQNDH7Zn13XRNNgm13ZRNKgm15YRNJgm17[RNDgm1<o001O1N]QNHam16_RNL`m14_RNM`m13aRNM^m14kQNI:3km13kQNM80mm11mQN06Mnm13kQN27Iom13lQN5hn1IYQN8fn1G\QN8Vo104JWbfl2
20121229085414Th_2,e\ia21mo13N2O00000kNK_RN5am1K_RN5gn1O000101M2O1O2N1O0000OJFhPN9Wo1IiPN7^n1GSRN4^O5_n1HRRN4]O5an1GRRNb0im1\OgQN1`0b0jm1]O\RNd0`n1OO100001O011O010O00000O2O1O01O010O000O0100O1M3O1000O1O0100O001O2N1MLJePN3[o1163O1M2M4O0O2N1000O2N2O1001O0O10000iPNCln1<TQNDln1;UQNDln1;TQNEmn1;RQNDQo1:oPNKmn13VQNM10Un12jQNO01Un1OlQN1N1Vn1KnQN3M2hn1NYQN1hn1M[QN1[o1N[c`X1
20121229085414Th_3,^^SP11ko112O0010oo1000aPL1Qo1OnPN1_o1110O01O010O00BOoPN0Po10QQN0kn10YQN0[o10WO0cQN0\n10dQN0Zn12fQNN[n10fQN0So11ZOO^QN2Wo1O_OOWQN1kn1OTQN0nn10QQN0Po10nPN1ao1O1000O1000O00E0gPN0Zo10fPN0do1010mo10]PL0fo70QPL3noM2Xnc00cQ\O8H4M4L1O001O01O1O2N01O010O10O2N1O2N3L4M3J\cdj2
20121229085414Th_4,aXk^23nSh3N\lWL3Vo1NlPN0To10mPNORo12nPNNRo12?O00]PNOWo11iPNOVo12jPNNVo11kPNOco10O100O00O10000100001O000000O10O1010^n[21aQdMO00QP20YPN0\O0:0kmU31SRjL4N2M6J01O1O0O1O1O1000O2N100001O0O1000O01O0001N0002O00O2O1ON200010O11O001N100O1Ocn?NgQ^ON^o1?M2O101N1O010O0001O1N2N2N4KehbQ1
20121229085414Th_5,jXmi22mo12O1O0WPNLgo1;OMO2O00J\PNO5NVo11iPNOM4Uo1KlPN256kn1KPQNN:2en11QQNM:2dn12SQNL81en13UQNL51en14WQNJ32fn14dQNJ^n13i0NbPNOPo12PQNNon14oPNLRo14mPNLTo14lPNLTo14fPNO]o11bPN0OL\o12ePN3eo11ZPNJbo16]PNKco14]PNLco19JHcPN87Fln1?UQNBjn1<VQNIgn15YQNNjn1NUQN3ln1KTQN5mn1IUQN5nn1ISQN1So1NkPN4Uo1LnPN1Ro1O`00_PN2^o11_PNMgn10[QN3M0bn1OUQNN<3L1an10XQNL;1M3`n11WQNKh04Qn11WQNKg03Tn11VQNL4082C0kn11XQN252Qo1KPQN6^o1O1IYPN3lo1NbffR1
20130104104234Ch_1,SWmm12lo13N2O0O2O000O10001O0O100000000O11O01O00O2O1N3N`P>MaoA5L3M2N2O1N2O1O001O100O1O1001N10001N100O3M2N1O1O2N2M3N^Pl00`oSO4M2N1O2O0O101O0O101O000O2O1O0O2O00001O000010O1O106J1O001N2OO100O10O01O01O001O1O1N2NRgjj1
20130104104234Ch_2,Vgbo23ko15M1O2M101XQNIem18YRNJfm17XRNKgm15YRNKhm14XRNLim14VRNKlm16TRNGnm19SRNCnm1`0h02M4K4L4N0fRNROak1o0]TNUO`k1l0^TNXOak1g0^TNZOdk1c0]TN]Odk1b0[TN@gk1<ZTNDPl11QTNOSl1KoSN5nm1OcNJSSN3nl11PSNMQm15mQNHVo1b01O002M2N2N0002M7I3N1O0001O001N1O1N2O2O2NiNGhRN8Vm1OgRNOWm15kRNGUm19mRNFRm1:TRN_Oc05Zm1;RRNBe02Ym19URNCf01Wm18h3MgM5M2M3lME`TN=^k1EaTN<^k1EaTN;_k1FaTN:^k1EeTN9\k1EhTN8[k1CjTN:`m1L3OZVkk0
20130104104234Ch_3,\]gj28fo15L4L4M2O2N3M2N0O2N001O2M1OXOZQN8dn1I_QN5`n1KeQNO]n10j001MXQNKjm12WRN1jn11010O1000O2N1O00O3M3N03^NNbRNN^O7mm1McRNN^O7mm1LdRNN_O7lm1LbRNNC6lm1N^RNLG>em1DbRNOMKG7lm1L_RN370]m1G_RN95NSn1LWQNMgafR1
20130104104234Ch_4,feXZ27fo15bPNLjn17RQNNln11UQN1in1OUQN4g0FRm1l0iRNXOXm1f0gRN[OZm1d0eRN]O\m1c0dRNYO_m1g0n001NVRNXO`l1d0_SN]Ofl1>YSNDil1:WSNEjl1:WSNCll1<]12`QN@[m1c0^RNAcm1>ZRNFhm17WRNIkm16TRNJlm16TRNImm17SRNImm18QRNKmm15QRNMom13QRNMPn12QRNM]m1CcRNa03EXm15`RN7Wn1NiQN0Sn15oQNImm19VRNEhm19]RNFbm14eRNL\m1JmRN5an107NI2N2N2O1O30L9GUXmb1
20130104104234Ch_5,\dhZ21no12M3M2O1O1]OI\QN8bn1L[QN5dn1M[QN3dn1N\QN1en1OZQN2fn1NZQN1gn1OYQN1gn1NZQN1hn1MYQN2in1LXQN4Zo1O1O2NQPd0OPP\O2O1N101N1AIUQN7in1KVQN6in1LVQN4jn1LVQN4jn1LVQN3kn1MUQN3ln1KTQN6mn1GUQN9Yo1000O10O10IIePN7Xo1MfPN3Zo1:000000O100001O00010O7I1O1O0000001O001O00100O0O3N1O2M\o92cPF11M_\m_1
20130104104234Ch_6,Sa[`1;co14N0O100000000O100O0010O100001O0010O2O0OO6K0O2O1O0O101nPNWOkn1Q1OO0000001O001N1O2K4N3N1JfPNE\o19fPNFZo1;ePNE\o1?10O01O010O001O000000001O0000O100000001O000000001O2N1O1O000000O2O0O10000O2O0O2O1O001O1O1O1N2O1N2O002M[^hY2
20130104104234Ch_7,T`Yl18Zo1`0L3N101N3N1N2O001OO2JVQNTOjn1j08H9L5DjP42\oK2M4M2O1N2O00000000O2N1000000001O000O2O0000000MBdPN>[o1DePN;[o1EePN;[o1EePN;[o1EePN;Zo1FgPN8Zo1GgPN8Zo1HgPN6[o1GhPN7bo1N1O01O100O100O10000001O00001O001O001Nco94YPF3M3N0O2O0O100000000000O2N2N1O2M3N2NU`jm1
20130104104234Ch_8,PRa[1<co15L2N1gPNJhn1g02M;DiNFkRN9Qm1LQSN2nl1NVSN0il1NYSN6fl1C\SNd0mm11jN\OnRNe0ol1_OaSNO_l11eSNI]l17f101N3M6OK2N11L\nnb2
20130104104234Ch_9,cdfP1;_o18B=K7F<I6JPOSRN2jm1GbRN6]m1FjRN9Rm1FVSN;SOZOXm1:lSNb0Pl1_OTTN;ok1ERTN7Ql1HQTN5Ql1IRTN5nm1O2ON100\NJ^SN6bl1LVRNKo04Rm1LlQN5eo1MU\km2
20130104104234Ch_10,Paab11oo1001O010O0aPNOE1To11UQN0FOUo11VQNOE0Vo11YQNOgn12YQNMgn13YQNMhn13WQNNhn12YQNMgn14XQNLhn14XQNLin14VQNLjn14VQNLjn14VQNLkn13UQNMkn13UQNMkn14TQNLmn13SQNMmn13SQNNln11UQNOkn11UQNOkn11UQNOkn11UQNOln10UQNOkn11UQNOkn11UQNOkn11UQNOkn11UQN0jn10WQNOin11d0O000000QP40ooK0cP40knK0TQN0ln10SQN1mn10RQN0on10PQN0Qo1OoPN1Qo10nPN0Ro11mPNOTo11kPNOVo11hPN0Xo11gPNN[o12cPNO]o12bPNN_o11aPNN`o14]PNMdo171N101O1N3Lkn[61TQdI2I701GHhPN8Yo1GgPN9`o100GaPN1_o1NcPN1ho1N10oo=0PPB0000000PPl00ooSO0G0cPN1]o10aPN0`o10_PN1ho1O1000000O100000b_lo1
20130104104234Ch_11,ncWl03Z11Vm]43YQdK001N101O0O101O00001O0000001O0O10001O000000000001O00000010O000000000001O1O0000001O000O101O001O001N2O1O1O001NYoi55bPVJ2N3N001O1O001O000000001N1000000001O0O10000O2O0O100O2N1O1O1MRnU5MSRjJ1000010O10O0100^ONTQN3doS1MjomN11O0000XO0`QN0Xo11O0YOO`QN0Xo100000YO0^QN0Yo10000001O0001O000000000000000010O0QP`00oo_O0ooe00U^ZY2
20130104104234Ch_12,RR_[15gP62YoKK[o7OhPN0koI104ZPNO`lbc2
20130110085614Th_1,niZn0>_o13O10OlNDfRN;Xm1IgRN4[m1NdRN1\m10eRNN[m12jRNFZm19W1NeRNJQk14hTNLPN4Vm10jTN7Tk1ImTN:Pk1FQUN;mj1ESUN<lj1CVUN<jj1DWUN<ij1BYUN>hj1_OZUNa0Tm1O00O0101O1O06K1N001000O00O10O11N1O00101N02N100O10O0100O10O0100O101N1O2N4L2O0N2O001NVP<KooC3N1O000000M3OZoY23aPfM7K2O1M201O0O11O0000000O1O1O101N101O1N3J[TYi2
20130110085614Th_2,R`nT2b0>Jnm1Z1QO\N\SNg1_l1aN[SNd1]l1cN_SNa1\l1bNcSNa1Yl1aNhSN`1Tl1bNnSN^1ok1dNSTN4A<Ql1B`TN_O_O0;k0`k1FUVN9fi1G^VN9^i1HdVN8Yi1IkVN4Ti1MnVN1oh11SWNNjh13YWNMdh14eWNDZh1InTNMo24Sh1KSUNOm23Sh1G[UNOWo1N11O1O0lSN;mg1EQXN>og1APXNb0ng1^ORXNc0dk12O1N2O010O01O1O3M3OO000O1O1O12M010O2N2OO01O2M2O1O2N1O001O2M2O1O011O0OU\Sg1
20130110085614Th_3,gcTR36ho14L6I4O2M2O7F5M2N3G:K3L3N3MkNoQNH0B2b0nm11URND5:em12XRNA6=am10\RNA4?`m1OoRN2Pm1NQSN1nl1OUSNOkl11WSNMil12YSNNfl1KWRNJX17al1OfSN0Zl10gSNNZl12fSNL[l14i10000000^PNH\o18dPNH\o18dPNH\o1951O0010O0000010O0000000000eQNGol18QSNIol17PSNJPm16PSNIRm17lRNJTm16lRNJUm15kRNKUm16jRNJWm16hRNJXm16hRNJXm16hRNJYm16fRNJ[m15eRNK[m15fRNJZm17fRNG[m19V101O01O001O001hPNFhn1;VQNGjn18VQNHjn1:TQNFln1;SQNEnn1;QQNEon1<oPNDRo1=83L2N2O1N]OlPN=g0^Obm15gQN>f0_Oam12kQN>c0Bam1OmQN?b0Bam1OmQN?b0CZm1NQRNO5?`0DYm14XRN8>EYm11\RN9;FXm11_RN98FYm11_RN98FZm10`RN87GYm11aRN76HYm11bRN65IYm11cRN55IXm12eRN34JXm12fRNL83Qm11gSN0Xl1OiSN1Wl1OiSN1Xl1OgSN2Xl1NXSNMXO5am1MWSN0UO4em1KVSN2TO3fm1LTSN2VO2fm1LTSN3UO1em1NhRNND4N0dm11hRNLF4MOcm13iRNLG3LLem15hRNLG4LIfm18fRNKH5MEgm1:dRNMH4km1O^RNLG6jm1N_RNLG6jm1O^RNLH5im1O`RNLG5hm1OcRNKE5im1OcRNMB5jm1NfRNFYO486jm1OhRNJ^O7jm1OhRNJ_O6im10QRNGb04C5km1NQRNJ?4F4jm1LRRNM=2H5km1HRRN1<1H5Tn1JTRN1I5Sn1IVRNOH8Zn1KSRN5mm1MRRN2mm1OSRN0nm11QRNMRn12o0O5K[\_e0
20130110085614Th_4,b\cd24ko13N1O2QQNHQn1;lQNGSn1:lQNFSn1<mQNBTn1?f0001O2O1O001N2N2O0PQN[Ocn1S17H4LO1O010O0_OUOmQNl0Pn1VOQRNi0nm1XOTRNg0jm1ZOWRNM@b0Zn1@]RN?cm1B]RN>cm1A]RN?em1_O\RN`0em1^OjQN348DJhn1NeQN7CKin1LfQN8AL^o13bPNM^o12bPNN_o11aPNO`o11_PNOao11`PNN^o14cPNK\o158O1O1O2N]b`X1
20130110085614Th_5,jbT_21ZQj20dnWM4M2N2O0O10O1O100O3M_P40aoK3M2N100O10O3M2N1001OO`P60^oI4N1J7M2N1001O1O0010O0002N1O1O0001000O3N1O0000000014L3M3M4MO0O1002OO0N2O1000O1O002N1001O2OON<E1O1N100O101MSXmX1
20130110085614Th_6,SPmc14jo13N100O01000001OO2O0O100O2N10000001N3M2NIK<2J6M2O1N1010O00O1O2M101O01O00N4O0N1O2K400101O1O3M1O2N2O0O1O00O2L4L4O0L4G3303O2O1O2M3L4K:BbRmW2
20130110085614Th_7,Vo`f11no100000000000]O0VQ20]oM01000SQeX2
20130110085614Th_8,SR]W11no12O1O00001N101O1O001O00001O01O0000100O1O1O1O1O1N[PZ11eoeN10O0OSP60moI2O001O0000001O001O0001O01O010\PNJ\o16cPNL]o13cPNM]o14bPNL_o14`PNL`o1:1O000O2O0O1010O00O100000001O01O0SOIRRN6nm1JSRN6lm1JURN5ln1O1O0000001Oml\b2
20130110085614Th_9,Rdkm11mo14M2O000O6K1O001O001O0000000000000000000000O101O001O001O00001O0O2O0O2N10000O101N100OToY61hPfI5L5N1N1O2M3M2O101N1000000O101O0001O0000001YOkPNa0Uo1^OmPNa0Yo10002N3M4L1O1O001O000000010O00000000001O01O00000000000000000000000000000001O0000000O101O0O101OQPh10ooWN0O3M100FKiPN5Vo1MhPN4Xo1LhPN4Xo1LhPN5Wo1KiPN5Wo1LgPN5Yo1KgPN5Yo1KgPN5Yo1KgPN5Yo1KgPN5Yo1KgPN5Zo1JfPN6Zo1JfPN6Zo1JfPN6\o1HdPN8bo10jPNIdn16[QNLdn14\QNMcn12\QN0dn10\QN1dn1N\QN2dn1N\QN2en1L[QN5Wo11O10001O0000001O00000001O001O1F^PN4ho1Nf[T`1
20130110085614Th_10,dZW`11no12O0O2O0ILbPN3^o1ObPNO_o1180O01000ZP2OfoM1001O0O`o31_PL2N10O100000000Olo3OUPL2O000O10000000000O010000O100OPQN0Rn10nQN0Rn11nQNOQn11oQNOQn11PRNMRn12n01O01O01O010O0001O1OUP4OloK2N1O100O01000O100O010O0010O001O2N1OdebZ2
20130110085614Th_11,[hVW13mo1001O001O00001O01O01O0001O_PNMUo13kPNMVo12jPNNVo12jPNNWo11jPNNVo;2\PF1N2O001DJlPN6To1JlPN7So1InPN6Ro1JnPN6Ro1JnPN7Qo1IoPN7]o1000010O001O10O01O1O001O000O1000000000O100AMQQN3mn1ORQN2nn1NkPNN04Uo1NjPNO12Vo1OiPN001Wo1NjPN1O1ONRo1OQQN2N1ONZo11gPN00OZo1OgPN2OOao1170O10000000001O0000000000001O000001O01O00010O0001O001O1O1NYWmb2
20130110085614Th_12,aZ]`11boW10XPjN050000040I3io7MXQ82on_O2O1OKYPN2fo1NZPN2fo1OZPN0fo10ZPN0fo11XPN0io13002M^og0NfPXO0g01`NO^QN3bn1M]QN3dn1MZQN5fn1KYQN5an1KeQN6an1JXQN5cn1KSQN095kn1KUQN5Zo10\OK^QN5Wo1O2N10000OUe`Z2
20130206063154Uh_1,m]ob25jo12J5O1O2N001O01O001O1N101N2O01N2O0O110O1O00100O10O01O0010O00O1N2K220011O0001O000O0M4M2N12O1N3O0O2O100O1O1O2N2M7DYn78dQH5K3N2M3N1N2N1O2O0O100O20O1O10OO2O001N101N1O2N2O1N2O1N2O3L4JbfXW1
20130206063154Uh_2,QbVo13do1=K3O1O03N0N0N3N1O11N2N1N3N2O0O2O0O2O0001O001O001O000000001O001000O0100O2O0O1O2N2O1N001O001O1O1O1O1O10O1N2M3O2N4L4L3N1N3N00106K0N2N2N102N010N1O1N10O001OmRNjN]k1U1YSNhNh0=Pl1f0VTNBjk19VTNKlk1MXTN5kk1DXTN=em10001O1O1O1O1O100O10O0100O10100O00O100O00O2BjPNLXY[j1
20130206063154Uh_3,ccZa13mo11O1O0010OQONPRN2Pn1NPRN2om1OQRN1om1OQRN1Pn1LRRN4ln1100000O0100000O01O1O010O00001O00001O00001O01O00O001001N100010O01O1O2N2NS]g[2
20130206063154Uh_4,[iZo04jo14M3N2M2O1O1O100O010000O1N3M4LTQV2MoniM3M3N1N2O1O001O001O001N101N2O001O1O1O1O1O001000O3M2OO01O00100O1O100O5K1O010O001O10O000001O000000001O1N3M4LdTSj2
20130206063154Uh_5,`clP18ho100O4KWn93dQF6M3M2O1O1O01O01O1O001N10O1O10001O0100O102N2N01O101N1O1O001O00000O3M2O3K[SX3KjlgL4L3N1N2O0O2O0100O0100O010O01O001O001O1O1N101O100O1O011N2O0O01O1O1O1O1O1O010O01O1MfY[f2
20130206063154Uh_6,aghl26go15M2N3L4N0O2O1O0010N1O1K6K6HiXYR1
20130206063154Uh_7,jePW11mo1100100OcPP10^ooN00010G0`PN1`o1O_PN1ao1O`PN1`o10^PN0co11\PNOdo11[PN0do10]PNOdo10]PN0bo10_PNObo10_PN0`o10aPN0^o10c00]O0ZP20PPN0UPN1co160010O00000O101O00010O0001O001O2N1NYo5OiPJ0O2O00000001OWQNMem12[RN0em1O\RN0jW_d2
20130206063154Uh_8,V\\e16ho14M2N2N200010N2O0OVQNJjm17TRNLkm15RRNMnm15nQNMRn14lQNLVn13iQNNWn11jQNNXn10jQNNWn11jQNNVn10nQNNTn10nQNMTn11R1LOOgQb02Vn]O5M2N101O0001O10O02N2NcakW2
20130206063154Uh_9,aaTQ12mo12O1kPNM[n14cQNN[n14dQNL\n15UQNH83dn10ZQNN01fn10]QN1mn1NUQN2kn1MVQN2jn1NWQN0onS10lPZO0coC0cP40SnK3`RNM_m13VRNN]O1\n11ZRN7em1I]RN8`m1GgRN4dn1N002N1NR]ik2
20130206063154Uh_10,Raol21mo120OK501FJhPN8Xo1JdPN8[o1701O010O002O4L00O2N0000000000000O2O001O1O001O01ePN@To1g0O1O00000100O1O2[OiPN<_o1O001N2O3L10UOKkQN5Tn1LkQN5Tn1LlQN5Sn1KmQN5Sn1KZQNM<9Zn1I[QNO:8[n1H[QN295]n1G[QN584cn1N\QN1en10ZQN0en12ZQNMgn13YQNLin13VQNMkn14SQNMnn11PQN10Gjn18TQN3OImn13RQN6OJon1>QQNCPo1f01O2N1O00001N2N2N3M2L9F5Nj^Vn0
20130206063154Uh_11,mXY^22mo13M2N2O0O101O000000000O0101N1O1NSPP1MPPPO3N2N1O10O101N2NoNMXRN1hm11`QNOWo12fPN1Yo1;1O0O1O1N2N2O010O0010O010O100000000O1001O1O001N6JYhZ]1
20130206063154Uh_12,\Wmc13mo11N5L1O1O001O000000O101G\PN4io1N2Mao94]PF1N101O00001O1O1O0001O100N2O1O000O2O1NjhbY2
20130206063154Uh_13,a^iR14ko13N0O10O010O1000001O000O10001N1Olo11SPN2N10000001O000OYPN1`o1N_PN5eo11O1N10000O10000O10O010O1OO1O02O0J_PNMco1350O01000O10O10O001000O10O0100O10O010dPNMkn13TQNOkn10UQN1kn1OUQN2jn1NUQN3kn1MUQN3kn1MUQN2ln1OSQN1mn1OTQN0kn12UQNLln14`01N10000O2O00000000000000000000O100000000O0100O01O010O00100N2N2O2NUb`f2
20130206063154Uh_14,Vcig13lo11O2O0O2O1O1O3M1O0010O001OGEnPN:Ro1FnPN:Ro1GoPN7Qo1IoPN7Qo1IPQN6Po1JPQN6on1KQQN5on1JSQN4nn1LRQN4nn1LSQN2on1MRQN2Wo;MYPF2N1000000000000O100001N1000000OTPl0OnoSO1N2O2N1O0O101O00001O2O0O1O10O1O01O01O00010O00001O00001O01O00000000000001O1O1O001O001N10001O0O10HObPNO^o13700001O000000000000000O1000O10000O1O0N03O001000O100O10O10O1O2Oo\Xo1
20130208063134Lh_1,o]Sf13lo13M3M2O1N101N10001O0000000000O100000000000000000000000000O1000001O0O10000000001O000O2O000000000O2N1N2O010001O1N2N1O2N100O2N1O1O100O1O100O1O1000O01O100O01000O100O010000O100O100O00100O100O010O0100000O10O1000O1O1000O01O0000O100001O1O1O100O2N2N3MZmm1K^hZn1
20130208063134Lh_2,_`jd13mo13L2N100O2N1O1O100000001O01O01O0010O01O1O010O1O0000100O00010O1O010000O1O00001O00001O1O0010O1O3N2M2N101O0O1O2O0O1O11OO10000O11O0O1O2O0O1O3N0O100O10O02O01N020002M2N3L2O1O000O1O2N1OhQ`3M[n_L1O2N001000OPQ`0NPo_O3L5N1O1O3M1O1O2OO013MO1O101OO0100O2OO010000O010O001O00010O00010O01O1O001N3K3O2N3M101O3M1OVP>OkoA0O3N1O001O01O00010O00001N2O1OmYil1
20130208063134Lh_3,dZmP31ko16N1N1O1O1000O0000001N00O0O102O2O00100^NC`SN=`l1E_SN;`l1G^SN9cl1G]SN9cl1G]SN7el1I[SN7fl1GZSN9hl1FUSN<Tn12101O0010O10O100O010O100000O100001O00001N3M4KVoc01iP\O4M1O2M3M2O100O1N2O0010O010N1O2O0O2O001O00100O100N01N10L510O0100O10000O10000000O1O100O2N3LWh\h0
20130208063134Lh_4,`aQl09do15lPNCXn11]QN?4HZn1c0dQN^OZn1f0cQN[O\n1U101O01O001O0O100N2M3K4O2O0O10N2M2NO21O2N3N2N1O2OCdQNXOXn1i0mQNUOPn1m0RRNROlm1o0VRNPOim1P1YRNnNgm1Q1]RNlNdm1R1d001O1O2GVQNYOln1f07000000O1O1O2N2N2O1N200N3N2N2Mc`^P3
20130208063134Lh_5,dhVo04ko11O101O0000001O0001O0001O01O0001O0bPNJSo16kPNLTo14lPNMSo14lPNLUo14jPNLWo14iPNKWo16iPNHYo1790O100O10O0100O010O010O0100O01O01O01000001O00000bPNIRo16lPNNRo12mPN0Qo11nPN1Qo1OmPN3So1=1_OlPN4Uo1JmPN5To1HPQN5do1HUVUm2
20130208063134Lh_6,ci\k14lo11N101O00001O0000000001O01bPNKon15jPN4Uo1=N1O1O1O1O1O1O1O001O001O0000000001O0]OUQN1ln1G\QN8en1E]QN;To101N100000001O0O101O00001N101N10001O0000000001O0O2O001N101N101O0O2O1O000O2O00000001O01O000001O010O1O1O1O1O001O00O100O100O0010O10000O10000O10001N101O0O2O0O2N`U_m1
20130208063134Lh_7,nblh26fo15M2N3O0O2O101N100O1O1O2N1N1O1M4N11O001N2O1O1N2O1O100O101N2O1N0100O05K5JkQh0NVnWO6K2N4L4jPNCbn1P1M3N2N2N10001N113L2O10000O0O1O1O1O1N3N1N102M20O4M0004K1O1O01O1N2O`NnMQUNQ2nj1QNRUNn1Pk1PNRUNn1bl1N2N4L3M1O3N001O1O01O001101O11nQNjNRm1X1eRNoNZm1m1000OlSNoMZj1n1cUNZN^j1`1\UNmN`j1P1^UNSOcj1k0\UNWOej1g0ZUN[Ohj1a0XUNAlj19UUNHnj11UUN0Wk1^OnTNc0Tk1XOoTNh0\k1iNhTNV1Sm1O1N1N2O1O101M4L9F7GTTon0
20130208063134Lh_8,_cUX22ko14N2N100O1N3O0O10000001N10001O0O2L4LXPd0Oko[O2dPNNgn13XQNNhn13WQNNhn12XQNNgn13YQNNfn13YQNMgn13YQNMfn14ZQNLfn14ZQNLfn14[QNKdn17[QNIen17\QNHdn18\QNHcn19b0001O000001O013L1O00010O00O101O00100O2N1O10O01O10O010O001O1O001O001O0O101O00000O101O0000001N1000000000XPNMbo14^PNL_o17aPNJ]o18bPNH^o18bPNH]o19500000000000000O1000001N1O2OZ\f`1
20130208063134Lh_9,][US14ko12N2O001O0O100O0010O010O1O1O10O001O10OCKPQN6on10lPNNUo1?0O1O1OPQN_Ocn1`0^QN@bn1`0^QN@bn1`0?0001N2O0CgPN3Yo1LjPN2do1Nldbj2
20130208063134Lh_10,fPYP24ko12O1N3\PNH\o1?O1N2O1O000010O00001O1O1EePNO\o1OfPNO\o1OfPN0eo10WPj2MkoUM2O0O1001O00001N[P\22cocM2N101O00001O001O0100O00100O010O2N1O10O01O001NSnVg1
20130208063134Lh_11,n]iT3:do13N10000O10O1O10O1O10O01O1O000YO2]QNMdn1f01CXQNBin1>ZQN_Ogn1a0[QNYOhn1g036L2100N2M4L4K4O2O01O1O1O1O1O1O1O1jQNCil1=VSNDjl1<USNG`l1EeRNc0l0H]l1KcRN=P1IZl1b0jSN]OTl1c0TTNVOik1k0]TNQO`k1P1dTNnNYk1S1h12N11N2N201M2G81OO1N201O1O200N2O100O2M2O2L7IhR63XmI1]b`f0
20130208063134Lh_12,b`Rd11no12N2O000O2O001O000O2O00G]PN5co1K`PN2_o1NcPN1\o1OePN1[o1OePN1Zo1OhPN0do100000000000bo30_P20SR>3hm[O3N0O10001O0UNHoSN6nm100OVNKmSN1Ul1OoQ20ooM10O010O0010QP60UQh00jnQO0O010O010O2O010N1100O0000O0ENiPN2Wo1OhPN1Xo1OhPN0Yo10fPN1Zo1OePN1dm11hSNObN1dm12jSNMaN1em13jSN4Ul1MlSN2Tl1OlSN1Sl10mSNOTl10mSNNTl13lSNLTl18jSNEWl16WRNJ`o15bPNK_o12j_mT2
20130208063134Lh_13,\cSX22no11RPP1OkooN3N0201MUP2OmoM2O1O0O2O00MWPNOio10YPNOfo11[PNOeo11500OXPN0bo1070XP40io30PPL0ooK000ho10aPL0^o11aPNO_o11aPN0^o10cPN1[o10dPN1\o1NdPN2\o1MePN4Zo1LgPN3co110OFMhPN3Wo1MkPN1Uo1OlPN1So1OnPN0So10lPN1So1OnPN0Ro10`00^PN0Ro10`00O0_PN0So10lPN0To11kPNOUo11kPNOVo11iPN0Vo10jPN0Vo11iPNOXo10gPN1Yo1OgPN1Yo10fPN0Zo10fPN0Zo10fPN0[o1OdPN2\o1NdPN2\o1OcPN1]o1OcPN2\o1NdPN2\o1NdPN2\o1ObPN2^o1NbPN2^o1NbPN2]o1OcPN1]o1OcPN1]o1OcPNOMM`o13dPN0LM`o10gPN3Zo1MhPN2Xo1NhPN2co12NO1000000O100O001O1000F0cPN0fo11IO_PN1ao170O2N100O2N10io?NYP@000O2O000000000000000000000000000000000001N10lo[20TPdM00000000000jP61UoI000000000000000000000ao_20^P`M101O001N10001O000O101O0000001O1O0^PNF^o1:aPNH^o19aPNG_o19aPNH2NWo1`0gPNBXo1c00000000000001O00000O10OEiPNOUo1JjPN064Qo1LUQN3kn1MVQN1jn10c000000000000000000O01000000000001O0000000O2O^\VT1
20130208063134Lh_14,[hVn21PP20O0000000an;0aQD0_QN0bn3020ZnM2XZcP1
20130208063134Lh_15,[iX^33jo18I4hRNGej1;WUNHgj1<UUNFkj1<QUNFoj1<mTNETk1=hTNCZk1`0bTN_Obk1a0[TN]Okk1b0RTN]ORl1a0nSN]OUl1b0kSN[OXl1f0b110N121O0OO2L8I5K1O11O9lNSQNa0Yo11N1QQNYO_n1f0`QN[Oan1d0^QN\Odn1c0\QN[Ofn1d0<01N101N20001N1O0000O10O0100WNFjSN:Tl1JiSN7Vl1KiSN5Wl1KjSN4Ul1NjSN2\k1GjSN6j03Zk1KkSN1k04Yk1NkSNMl05Xk10nSNGk09Wk12]UN3cj1OXUN4hj10RUN2nj10lSNA6`0ok10gSNC8>Rl1OdSND8>Vl1O_SNE9=Xl1O]SNE<:Xl12ZSNE`06Xl14XSNFb03Wl18USNFe00Wl1:USNDf0OWl1<USNCf0NXl1<USNDe0MZl1OaSN17O\m1NfRN1fn1N1KUTU=
20130208063134Lh_16,oc[i02]me20]R\M101gPNM_o1010kn52QQJ0O2O0O1O1O1O1N1^QNG]m1;bRNE[m1>dRNDYm1>gRNBXm1=jRNCUm1;mRNFSm17lRNMSm12nRNNSm10oRNOQm10RSNLQm13QSNKml17TSNIkl17]12]QNJ\m14eRN1Wm1NkRN4Sm1KnRN3Tm1MlRN1Wm1NhRN2Ym1OeRN1\m1NdRN2]m1NbRN2`m1M_RN2cm1OTRN0YO1en1OQRN6Rn1InQN4Vn1KjQN4Xn1KhQN4Zn1KeQN5Ro11O0000O2N1O\kW5NnTPK0koG0idRk2
20130213063454Uh_1,dZmT23ko13O1N100O100O1000O01000O01O01O10O010O010O10O10O00100O0010O01O010O10O01O010O001O001O1N101O001O001O001O00001O0O10000N2O1001N110O1O1O1O1O1O2N1O1O2N2N102L3NhfXf1
20130213063454Uh_2,S^d^15jo13N1O2N1^PNF\o1a0L4N00000000^OiPN;Yo1BiPN=]o1000O101O002O2M0100O1O10PQN_Obn1?\QNCdn1=[QNCen1a0WQN@in1`0VQN@jn1`0VQN@kn1`0TQN@ln1`0TQN_Omn1b0RQN]Oon1c0QQN]OPo10oPN<0EWo1;iPNDYo1;fPNFZo1:fPNF[o1>2O0010O0001O0000001GaPN0bo1L_PN4`o1M_PN3ao1M`PN2`o1N`PN2ao1N^PN2bo15101O1O2N1Nh`c]2
20130213063454Uh_3,VYQa11no12N11OlnU1OSQjN4M1O1O0001O2MVhP]2
20130310063154Uh_1,i[ed13mo11O1N2O1N3N2N1O1O2M100010O01O0000100O1O010O1O1O00100O:F10ROSQNh0mn1WOTQNh08VOXn11bQNi05VOZn10bQNj03VOcn1i0]QNXOcn1h0\QNXOdn1i0[QNWOen1i0\QNVOen1i0910O0010O4M0000O2O1N2O0010N10O100000000O010O10O01O1ZOkPN?^o1M2OO0002N1O1O1O4K1O10XP>OhoA2O2N1N2O00000000001O00000000001N100000000O100000000000000000000000000000O0100000000000O0101O00000MDaPN=_o12O2O0O1O1O101O0O100000000O010O1O100O2N010O1000O100O100O01000O2N1O1O2O000O2N1O2M3L@Ji00000000XcTP2
20130310063154Uh_2,kfPn29go12M6K1O1O011N3N100O1O4M7J0N2N7J3L2O11N2N1O2N1N2N3M2N4M4N7I0N1O0O01OO100OTOAXRN>gm1GVRN7jm1JXRN2jm1NU1N2MbRl2ObR_i0
20130310063154Uh_3,o^VY1223co18M101O0O2O000004K3M6JgPj19onUN4J4O101O010O0O010001N10001O0101N3N2O1N012O3SQNClm1Z1SSNUNbk1l1YTNYNgk1g1VTN[Nkk1j1mSNYNRl1h1lSN[NQl1f1nSN[NRl1f1lSNZNWl1e1hSNYN\l1d1Q1O3M?@5L6H8UOoPN8b]ma2
20130310063154Uh_4,fhhm2115nm1MeSN6Yl12cSNK^l1:a1CjPN3Uo1MmPN3Qo1LUQN0jn10WQNOin11d0OdPN0hn11d0O10010OYP:0oPj00dnkN7KJ\PN2mo1MYWao0
20130310063154Uh_5,fSaS13mo10O2O0O100000O100O1000O0CNnPN2Qo10mPN1So1OlPN2To1NlPN2Uo1NjPN2Wo1MiPN2Xo1NgPN3Zo1LfPN4Zo1LfPN3[o1LfPN4bo1100O10O0100O010O1O2M2O2N1O1O0100OePNCUo1;lPNFUo16nPNJ\o11_PN0`o12^PNNao1900O2M2O10O1KbPNH^o16ePNH\o178KYPNO\lTi2
20130310063154Uh_6,YPUm21ko15N101N1000000000000001O^OKYQN5fn1LZQN4fn1MYQN3fn1NZQN2fn1NZQN2fn1NZQN2fn1NZQN1gn1OYQN1gn1OYQN1gn1OYQN0hn1OYQN1gn1OYQN0hn1OZQNNin10PQf00coYO2O1N101O4L3]PNE[o1a0O00001O0001O1O1N2O1O1O5K2N4L1O[o70dPH1]PNNXo12hPNOWo11iPN0Vo10jPN1Uo1OlPN0To10lPN1To1MmPN3`o11OO2O00001N_o12_PN101N101O1O00001O0001O001N2O0O2NZPil0
20130315063154Uh_1,U_Rm25eo17N2N2O1N2O0O2O001N2O001O0eQN[O[m1g0`RN@]m1?_RNF`m1:_RNHam17_RNJam16^RNJbm16^RNJcm16]RNIdm16_RNGam1:`RNBcm1=`RN_Obm1`0P1O10O1O01O1O0000001O10O01O01O1O1O1O1O1O1O0010O10O1O002N010O1O1O1O2N10000O2N101O1N101O001N1O10O1O1O00100O0010000O0100O11OO110O1O1O0001O02O0O0001N101N101O00000010O100O1N201N101O00O02O1N01O0002N2O2M3N011O001M01O1N2N1O4M7H9H7H4L4M2L3Mlka0F^T^O2O2N2N1O2N1O2jUNFbd1;][NEdd1;_52O002H6N2N1O1100NiRNWO\k1=mRNCk10Yk1<Z2O1O10000O2Nl`mg0
20130315063154Uh_2,\`^m2270]o1;N1O1O2N2N1OFiPNNVo1OQQNNnn1NWQN2hn1MZQN3en1M\QN4bn1L^QN5bn1J^QN6bn1K]QN6bn1M[QN3fn1NVQN4kn1NQQN4Qo1<2O0O3OOO4M1O4L2M4L00N20001N11O001O2McPZ3MbogL0bQ^14]n_NO0OVPb0Njo]O0PP20ooM0I7`\Sj0
20130315063154Uh_3,k`Vb12mo12N2N1O10O1001O0000000010O001O0010O000001O001N3MXP22foM2O1O1O100O10000O10O0100000O1O10O01O1O1O2N1NYP80foG3O1O0001O0OW^QZ2
20130315063154Uh_4,`[ln14ko12N3M3M2N1O1O3N0O2O1N2O1N1O2N2N2O0O2O0O2O1O0000001O00001O0000000000001O00001O00001O00000000000001O1O000000001O100O001O010O0010O0100O01000O10O100O1O10O2O2M10O0O2O001O1O1O1O102M1O4M1O2N3L5L4K000URNXN_m1h1^RN[Nbm1Q21O1O1M3O0N3M4J5M3O1N10001O1O00010O00001O1N101N2O2N1O1O4L2N0O2N2O10O102XQNTOKMTn1P1kQNASn1X1OO0101N110O0OYNoQN`1Qn1_NPRN`1Qn1_NPRNa1Xn1O1O2N3M4L2N1O1N101M3O0O3M2N2N1O7H5I5N3LdPh01\oWO2M2O2bQNJml1:oRNKnl1i0WRNBem1]1O2O2M2N3N0O3N001O001O0010O0O2O0N2O2N101O1N101O000O2O2O000O1O01O01O2OO01O1O1O3M2M4M2M2O1O1O3L7I7H3O1N3M4M6If_Yb1
20130315063154Uh_5,XhZj151LmPb10Qo_N1OO1000XPV11eoiN5L2M4N1N3M2O1N3N0O10001O0O2O000O100O1000O1YO\QN1en1NRS4OemK2N2N2O001N1000000000O10O100000O010O100O100O1O100N20O0N111O1O1N2O1N2L3L5H7[OUOSRNn0jm1e00O1O100O2O010N2N101N2M2O2N2L4I7K5M4M3N_VYm1
20130315063154Uh_6,[gfc14ZRf14\m[N4N1N3[MF_UN<`j1F]UN<bj1F[UN<dj1E[UN;fj1DZUN=fj1BZUN>hj1@XUN`0ij1^OXUNa0_k1_OkSNa0mk1KoSN4Ql11kSNOUl13iSNKYl17eSNH\l19eSNC^l1=cSN_O_l1c0_1000010O100O10O01N3N3L4L9E`o]1MiR`NOhk13UTN1fk12YTN1bk12^TNO`k12_TN0`k11_TN0^k12bTNO]k12bTN0[k11eTN0Zk10fTN1Xk1NkTN3Sk1KoTN5Qk1JPUN7nj1HUUN8jj1HVUN8jj1HWUN8hj1HYUN8fj1H[UN7dj1L[UN2fj10ZUNNgj16WUNFkj1:XUN]Onj1c0X2HhPNEZo1b0O00O101O2M2N2I[PNN]WUU2
20130315063154Uh_7,`Y^j12mo12O1O1G9N2O0O2O0O100O100000000O100000O101N100O2O1N2N2N2LYR`2Mkm_M4NL\PNM`o15bPNNXo13kPNLSo14PQNJon16SQNJkn16VQNKin14XQNMfn13]QNKbn16^QNK`n15bQNJ\n18eQNHYn18iQNIUn17lQNIRn17oQNIQn16QRNJnm15TRNJlm15P10VQNKhm15R10XQNKem14T1000ZQNL`m14`RNL`m14`RNL`m14aRNL]m15cRNK]m15cRNK]m15W10O1001O00]QNK[m15eRNK[m15X10^QNKZm14fRNLZm14Y10^QNLYm13gRNMYm13Z10^QNMWm13iRNMXm12hRNNXm12hRNNYm11gRNOYm11gRNOZm10fRN0[m10dRN0\m11cRNO^m10bRN0^m10b20gN000jn10VQN010O010O001O010O10O100000O0010O001001O2OO2M\Q>1dnA21N0O26KN3LZP23\oM25M]P6OdoKOQPN0N2011N101O10000000QP60ooI0O010O10000000000mNOWRN1kn11O1QOMQRN4nm1MRRN2DOem1OhRN1C2cm1N[SN2bNLTn11h1010kQNOYl11hSN0Wl10jSN1Rn1010QNNmSN2Yl1O`SN0Zl1OURN2`10[l1NTRN3a1N]l11QRNOa10fl1OYSN1il1OUSN1ml10PSN0`n100000O01OO11O0001O00000^OOUQN2Yo112MN0ZPN0`Pn00ePRO5Zm1KaRN4QOM^n1=iQNEIO5Nkn19fQ:GXm]10obga1
20130315063154Uh_8,ogRf15oo1O1N20NOSP40ooM0noM5L3L1ROGSRN7nm1JQRN6nm1LRRN2om1NQRN2om1OoQN2Pn11nQNNSn15iQNLWn17eQNJ[n1>ZQNEgn1j0O0202M0O5L4K9^O]og0OjPXO4O0XRNIek17\TNKQNN^m17bTNITN0Xm14gTNKTN0Sm13lTNMRN0Qm12mTNNTN0ml13oTNMUN0jl12SUNNTN0gl13UUNMYk12hTNNXk12hTNNXk11iTN0Vk10jTN0Uk11kTNOUk10kRNOe12_k1OlRNOe12_k1OlRNOe13^k1NmRNOe14]k1MnRNOe15\k1KRUN5mj1KTUN6jj1KUUN8ij1HXUN:bMHml1OaUN<`j1E`UN8bj1IaUNOcj12f2000O2O2N1O1_PNEZo1c0NCePN24LPo1NnPN421on1JPQN325Vo1GlPN;[o12M3M2N2O1N2O0001O0010O0001O001O1N1000000O2N2O1N102MYQ6JmnI3[MJ[UN7dj1KZUN6ej1LYUN5fj1MlTN1TN4Pm1NiTNGVNc0Pm1InTN4Rk1MnTN1Sk10nTNMRk15nTNHTk18nTNFSk1:mTNESk1;nTNDRk1=oTN@Rk1`0nTN@Rk1`0nTN_OTk1`0lTN@Tk1`0V210O000O10001N101O1O00001O001N2OUSn1IklQN:KM2K40jUan1
20130315063154Uh_9,_^mT37ho11bNMoRN3ol11oRNNQm13]12N2O0O1PQNGYn19cQNM[n14aQN0^n10`QN2`n1O^QN3`n1N_QN3an1L`QN5_n1KaQN6^n1JbQN;Yn1DhQNa0Rn1@nQN2LKSn15PRNO0Knm19oQNL5Lim1m0YRNVOam1k0hRNnNVm1Q1kRNQOPm1E_RNZ1a0ROol1E`RN`013a0Him15ZRNJgm13\RNLem10\RN1fm1K[RN5em1KkQNNO6Vn1MlQNMN5Un1OnQNLL5Vn1N`RNNbm12`RNIdm14`cjh0
20130315063154Uh_10,cdTa02ho1O\PN4mn1LbQN<[n1K^QN7`n1J`QN7_n1K^QN7an1J^QN7`n1J`QN6`n1J`QN7_n1IaQN7_n1L^QN5an1L^QN5an1L^QN4bn1A\QN31>bn1J^QN6bn1K]QN6bn1J^QN6bn1J^QN6bn1d0000O100VO]QN5en1K[QN4fn1J\QN5en1K[QN3hn1KYQN3in1LXQN4in1JXQN5in1C`QN<Ro1O10KCgPN=Xo1DiPN;Wo1EiPN;Vo1GiPN9Wo1GiPN8Xo1HiPN7Vo1KiPN5Wo1KiPN4Xo1MfPN3Zo1NfPN2Qo1GUQNc0kn1]OUQNc0in1@UQNa0kn1_OUQNb0in1@VQN`00_O`n11`QN`0OA`n1OaQN`0OAan1O_QN4M13Lbn11\QN1O23Man1;\QNH4Kan1i0_QNVObn1k0^QNTOcn1k0^QNTObn1l0901O000HPQN@Qo1>QQNAon1>TQN_Omn1a0801O0101ePN_OUo1g0N1RQNWOen1i0[QNYOcn1g0\QN[Odn1d0[QN_Ocn1b0[QN_Oen1b0YQN@fn1m01O00001O000000000O1O2EWQN\Ojn1c0:N3O1N2O1O001N101N1O1O2M2KT\cX3
20130328063154Uh_1,hZhl011110oPT20knmM4N2M1^OJZQN7en1IZQN8cn1L[QN5cn1M]QN4bn1M\QN5cn1L[QN7cn1IYQNFNc0hn1c0O1O1O001O0^QNgN]n1_1O00001OO10O10jNdQNh0\n1XOdQNh0\n1WOeQNi0[n1WOeQNi0[n1VOfQNj0Zn1UOgQNk0Xn1UOiQNj0Xn1UOiQNk0Wn1UOiQNk0Wn1TOiQNl0Xn1SOhQNm0Yn1SOfQNm0[n1SOdQNn0[n1TOdQNk0]n1UOcQNj0_n1UO`QNk0an1UO_QNk0an1UO^QNk0cn1UO\QNl0dn17102M100000000000O1000001O001O0000001O0O100000O1I]QNPO5NVn1R1oQNoNQn1P1oQNQODN[n1Q1QRNUOmm1k0SRNUOmm1k0SRNUOmm1k0SRNUOmm1l0RRNTOom1k0RRNTOnm1l0RRNSOom1n0QRNoNQn1Q1?000000000000000000000000O10000O100O100O10000O1000000000001O0O01000O1000O010000ZOoPN=Qo1CPQN;Qo1EQQN9on1GRQN8nn1GTQN8ln1HUQN7kn1HVQN8jn1HVQN8jn1HVQN7kn1HVQN8kn1FWQN9Xo1001O00100O1001N2O00O101N3M2O1N2N2N1O1O01O001O001O001O0O2K4O2N1O3N0N3O1Nicif2
20130328063154Uh_2,SZ[e16ln1OlQN3Rn1OnQN1Pn11PRNOnm14PRNMom14PRNMXm1MaRN95LYm1M_RN9O@L:fm1N]RN71EK5gm11YRN56FK2hm1f0_RNXOJ0hm1e0aRN\Omm1b0TRN_Omm1?SRN@om1>SRN@om1?RRN^OPn1b0h0N3M5Kjo9HaPFN]gnX2
20130328063154Uh_3,Z_Pa0925>Mlm1IjQN4WSh3J_lYL8J1O1QNFeRN4HLS1<`0FSj13]TN1KLT1<>JbNLSk1e0lUNGPOCR1f0oi11nUN011Pj13gUN232Rj1NjUN301Uj1MjUN4M4Uj1InUN4BkNJ\1cj1GPVN2Ba0[j1@QVN1Aa0^j1_OPVN1\Oe0cj1]OoUNo1Qj1RNnUNn1Rj1TNlUNl1Tj1VNjUNk1Uj1UNkUNk1Uj1VNjUNj1Vj1VNjUNj1Vj1[NeUNf1Zj1\NcUNe1]j1\NbUNd1^j1\NaUNe1_j1ZNbUNe1_j1YNcUN`1dj1`N\UNY1lj1fNTUNV1oj1lNPUNS1Pk1`MoTNo03\1nj1eMSUNn0OV1Sk1lMoTNn0NS1Uk1PNmTNm0NR1Sk1UNPUNh04h0nj1bNnTNe0<`0gj1lNlTNf0>:gj1POlTNe0a03gj1XOiTNd0`03gj1ZOiTNc0`02hj1[OiTNb0?2hj1^OiTN?=3kj1@hTN<<3mj1BgTN;<2nj1ChTN993Pk1EhTN783Qk1FhTN584Qk1GhTN466Rk1FiTN177Rk1HiTNO49Tk1HiTNN38Vk1JkTNI09Yk1NhTNGO9\k10fTNEO:\k10gTNCO;\k11hTNB\OG1e0mk11hTNAZOK0a0Pl12iTN^OXO3J?Vl1MYUNc0ij1\OWUNd0jj1[OWUNe0ij1YOXUNf0kj1YOUUNd0nj1[ORUNa0Sk1_OmTN?Uk1@kTN`0Vk1_OkTN`0Vk1@iTNa0Wk1_OhTNb0Xk1]OhTNd0Yk1ZOhTNf0Xk1ZOgTNg0Yk1YOfTNh0Zk1XOeTNi0[k1VOfTNi0[k1WOcTNk0]k1UObTNl0^k1TOaTNl0`k1UO^TNl0bk1TO]TNl0dk1TO[TNm0fk1ROZTNm0gk1TOWTNm0ik1SOVTNm0kk1TOSTNm0lk1TOSTNk0ok1UOPTNk0Ql1VOmSNj0Tl1VOjSNk0Wl1UOfSNi0_l1WO`SNi0al1XO\SNi0dl1XOZSNh0n1VOfg12\VNg0n1ZOdg10\VNf0P2[Odg1O[VNe0S2]Oag1N\VNc0S2Aag1K\VNc0U2B_g1K\VNb0V2C^g1K[VN?[2E[g1LYVN=_2GXg1LXVN=a2GWg1KYVN<b2IUg1KXVN<d2ITg1KXVN;e2JSg1KWVN<f2ISg1KWVN<g2GSg1MVVN;i2FRg1OTVN;k2FQg1OTVN:m2DQg11SVN;l2CRg12QVN<n2@Rg14PVN<P3]ORg16nUN=im1CWRN<jm1DVRN<km1CTRN>lm1BTRN>lm1BTRN>lm1BTRN>mm1ASRN?mm1ASRN?mm1ASRN?mm1ASRN?mm1ATRN>mm1ASRN?mm1ASRN?mm1ASRN?mm1@TRN`0mm1^OTRNa0om1\OSRNc0en1O101N2N2O4Igoo0K_PPO4M1I7L301O000001O010O0010N101O1O010O010O0100000O02O0O100O101O000O2O001O0O3M1O2N2LSPR13lomN2O1N3L4M1O3M1000001O001O1O001O001O00010O0001O00010O1O1O010O0O2O002M2O1O2N001O1O3L3Nh^Uk2
20130328063154Uh_4,daVm01PP20O103YPNL[o1:6KZoi08\PVO010100J6M4O00000010fPNMfn13d00fPNMfn13ZQNMgn13YQNMfn12[QNNfn11e0O0010oo10PP20QPL0PP20PPN0dPN0hn10W10]O0^O0b0000aPN0on10PQN0Po10PQN0Po11?0_PNOTo12iPNOWo11hPN0Xo11fPNO\o11`PN2`o162N2N1O2N2O1O0O1000O2O1N101N2O1N2OGbPN1\o1OfPN1Yo1OhPN1Wo1NlPN1co1N01QP2OooM00010O010PP2000PP20PP40WoK0iPL0O010O010ePN0Zo10[O1XQN0in10VQNOln11SQN0mn11QQNOPo10PQN0Qo10nPN0Ro11mPNOTo13hPNMZo14dPNL^o1:1O1N3N2KaSd51`l[J2O001O00000000000000000001N101NTPX20logM2N2HL`PN7^o17O0O2O011N10O1O001O0001O1O001O1O3M2mPNZOhn1o001O001O0000[OZQN0fn1KbQN1`n1MbQNOan10aQNNan11_QNNZo1O1ObZg_2
20130521063134Lh_1,P_QW11no13SPNNho16N2O109F1O1O1O10O0100001O2M2O0O100O100O00001O001O001O001O001O1N2O0O2O010002M1O001N2O001N101N100O2O0O101O00001O000001O104K001O1O1O1O001O0000000O100000000000O101O001O1O3M1N100000000000O2N100NiPNDnn1;RQNFnn1:RQNFnn1:QQNHnn18RQNHnn18RQNHnn18QQNIon17QQNIon17QQNIon17QQNHPo18QQNGon19QQNGnn1:RQNEon1<9100O100O10000000O0100000O100000000000001O00001N10001O0O2O001N2N101N2NP`l_2
20130521063134Lh_2,ijXh25ho14O1N1O2O0O2N100O10O1O010001O0010O010000O101OO1000001O0O100O1000O2N2O0O1O1O010O01O1O1O2M5A_PN6nng0NhPZO3O0O4M2N3M2N101N2N110O02N000O2N1O2O1N1O1O1O1O1N2O3Lf1OjnM1on16mPNLQo17kPNLTo1a0M3O0O1FYOYQNi0fn19N110O10O010N2O2N1O1O1N2N2O1M3O2N1O1O100O2M2O2O0O2O1O1N`SWP1
20130521063134Lh_3,]Ygf1350_o12^PN1ao18O0O2O2OO014KaPNEZo1:fPNFZo1:fPNFZo1:fPNFZo1:fPNFZo1:ePNF\o19ePNG[o19ePNG[o1961O1O000O10000O0100O101OO0100O10O00010O0010O101N1O2MdfbV2
20130521063134Lh_4,hYk]22mo12N10001N100000000O100000O10000O1Nmoa0MWP^O2M2O1O1O100O10O10O10O10000000000O1000000000000000000000O10001O001O0000000O100000O10000O01000O1000000O10001N100O102Lkfh\1
20130521063134Lh_5,meR]23lo12O000AMQQN3on1MkPN1K3Zo1LkPN2J1\o1MjPN7Xo1HhPN6bo1O10O1000O100O010001O0O2O1O00000O1O10O11N1O1O1O1O1N101O0100O2O000O1IbPNL^o12fPNK[o158N3Nf0N\O11OQZi_1
20130521063134Lh_6,fYi]24lo1NVPNOho114O1000oo10QPN00000oo70QPH070G1M32O0Ofoa0N\P^O0PP20PP20XP:0ioA00000ho50XPJ0000000XPN0ho1000go50YPJ00000oo70QPH000YP40fo10PPN0PPN0gfj\1
20130521063134Lh_7,_kjg24Vo1O]QN2an10^QN0bn11]QN0bn10^QN0an12_QNLbn15]QNJdn1OQQN1io10ENgPN2co13N0O01N1NAOa0001O10O1000001OWQZ10jngN0ooM00000O1O0<OfSiT1
20130526063134Lh_1,jilW12lo14N0O2O1O0O101O0000002N001N4NO01O1O010O01O010O014K1O10O01O00000010O0001O01O01O0000001O0000000000000000000000O10000O10O1000000000O100000000000000O10001O1O010O1O100O0100O002NYQNHgm18XRNIhm16WRNLhm14XRNMgm14XRNLim13WRNMjm12URN0jm10VRN0jm11URNOlm10TRN0mm1OSRN2mm1MSRN4lm1LTRN4mm1KSRN6mm1ISRN7mm1HTRN8nm1ESRN;nm1CSRN=in10O0000000001O001O001O000010O0001O0000000000O0100000O100O1000O0100O010000000O1000O1000O010O10O010O10O1O001O01O01O0100O000100O01O010O010O0010O010O01O010O]ODcQN<[n1GeQN9Yn1IfQN7Xn1KiQN5Tn1NkQN2om15PRNKQn15nQNKom1DcQNb0>IQn19oQNFRn19oQNGPn19PRNGQn19oQNGQn18nQNIRn17mQNJTn15lQNLTn1EbQN7:4Tn1FbQN6:2Vn1H`QN5;2Vn1HaQN593Vn1GbQN682Wn1HaQN672bn1N]QN2en1M[QN3fn1LYQN4in1KVQN6kn1ITQN8mn1FSQN;nn1DRQN;Zo10O10O5L1O1O1N10aUcZ2
20130526063134Lh_2,gXWS13lo13CMdPN;`n1HlQNe0Qn1\OmQNe0Rn1^OkQNg0Qn1ZOmQNg0Rn1ZOmQNg0Sn1ZOkQNh0Tn1XOkQNi0Un1WOkQNi0Un1VOkQNk0Vn1SOjQNm0Xn1QOhQNP1Yn1jNkQNW1^n110O001O2O0O1O1N200N2O100O101N101M2O3ZORT\41_lcK6L1O1N101O1N10001O0000001O00000O20O010O10O0010O002O0O00001O001O001O1O001O0O100O01000O010000O1O100O100O1O1O1O10O10O100O01O001O10O01O2OO01O1O0010000O100O1O101N1O2N2M\oi04aPVO2N2N100O100000O1000000O100O2I[PN1TeZ_2
20130526063134Lh_3,Zcj_143Nco1:N1O1O100O1O00010O0VQNCRn1<mQNETn1:lQNFUn19lQNEVn19l0L2NTPP1MoooN2N2kPN2Vn1NiQN3Wn1NhQN3Wn1MhQN4Wn1MiQN3Wn1MiQN4Wn1KiQN5Wn1KiQN5Wn1KiQN6Wn1IiQN7Xn1GiQN:Xn1CiQN=mn1010O000010O000000001O01O000000010O0000000000000001O000000001O0000000O10000000O01O01O01O0O20O010O10O010O01000O10O10O10000O100O100O100O10001O01O001O010O000001O0O2O0Ob[SX2
20130526063134Lh_4,[P_R14io15L3N3M100O10000O1000O100O2O0O3M4LYok0KmPTO0O1Xo?0gP@2M3M2M3L400N2O001000O0100O0100O1O1O101M5L2Lio7L^PH0M3O2O1N2O3M2N1O0010O01O000XRN@Ql1?nSNBSl1=mSNBTl1`0e1100O1N1000000O1001O00000O101O1N2O00000O10001N100O10000O1O2N_RNK[k12fTNNem11O1000Oboje2
20130526063134Lh_5,eWii13ko13N1O1O0GKhPN5Yo1McPN4]o17010O01O10O0IcPNMZo15gPNJYo16iPNIVo17kPNHNNRo1:QQNHMOQo18TQNGL1on19\QNEen1:`001N10001O01000O100000QQNLRn13nQNNSn11mQNOTn1NmQN3Po100O2N10ZhhS2
20130526063134Lh_6,ViRP21]Qd1;Tn]N4OO2NRS4MllK7K5L5M2108H2ON02M5HURWm1
20130526063134Lh_7,\_oo21_o10PQN1ln12RQN0nn11QQN0nn10RQN0nn11PQN0Qo10nPN0Ro10nPN0Ro11lPN0To11kPNNWo11hPN0Wo12gPNOYo1<00hPN^OQo1b0nPN@nn1d0QQN]Oln1m0N2N2N20O01O010OVO[QN;en1C^QN;bn1AcQN>^n1@dQN`0]n1^OeQN`0\n1_OeQNa0nn1O1N2O0O1O1I`PNN`o11aPNO^o11cPNO]o11cPNO\o12dPNMjn1NcQN5CMin1OcQN5EJin10cQN6Vo110000O10O10O01O00C0kPN16I`n1e0`QN\O`n1d0`QN\O_n1e0bQNZO^n1f0iQNYOPn1h0PRNXOPn1i0oQNWOQn1i0c00001O1O1O3^OhPN6ao101O1N1OgPNKjn14VQNLkn12WQNNP`bk0
20130526063134Lh_8,k_[i23mo11O1aPNNmn14PQN0nn13nPNNRo13lPNOSo1?01O0010O00000010O010O01O1O2N4M0O1O1O001O001O001O0O2O0O3M2Nnnm3LVQRL2N10001N1000MWPNNjo122N1100G1aPNNao12]PNOco12[PNOfo142OHKePN4eo1NGN<0d00\O0jP60VoI1OO10bn30_10ooK001O100O00000ZPNO]o11bPN0_o1NaPN3_o1MaPN3fo10HMcPN1go1O10fo30YPN0PPN1N1H1^PN2ao16ePNEYo14g0LG0000000QP20ooM0co71]PHO1000O0XPN0ao1080TPN0go132NXa\k0
20130526063134Lh_9,i_mh22mo12O0lPNOYn12fQN1Wn1OiQN1Wn1OhQN2Xn1NhQN2Wn1MkQN3Un1MjQN3Xn1LfQN5[n1JhQNO]n11cQNO]n11j0O00oPn00QoQO1O00000SOOkQN1Tn10lQNOTn13kQNMTn14^QNLO1bn15^QNKOOdn16]QNKN0en15]QNMKNin14^QNNjn11ZQNLgn12l`XT1
20130526063134Lh_10,XWgX22mo12N10001O000001O0100O001OO100M21010O000101N2dPNJkn16TQNJmn16QQNKon16oPNJSo15mPNJTo17;O01O101N2N10O001O1N3N1000001N3M[P8Nagnc1
20130530133654Bh_1,dj\Z12mo12N1O1fPNMfn14WQN1gn1OWQN4in1GZQN;To110100O001O001N100O2O01O01O0000100O010101O1N2M10O001N1O101O001O00010O10O0010O01N102M2N2L5LeQ`0L^n_O7K4M2M2O1O1O1O1O00001O00000O10000000000001O001O0000001O0O10O2O0O2O001N101O000100O000001O0001O001O00010O001O001O000O1O10001N2O0001O01O01O1O0001O01O01N2O0010O1O00010O01O000001O01O001O002N1000O10000O1O002N1O001O1O002N0010O0010O1O0O10O101O00001O001O001O1O001O1O1000O010O10O001O1N2O1O1N2NdQmX2
20130530133654Bh_2,[b[Z11lo16L2M3M3N2N2N2O1N2N101O1O1O013L4L100O0100O2N100O1O000O101O1N101O0O2O001O00000000O10000000000O1000000000000000O100000000O1000O1O0N3M3M2O1G9O2N10O100001O1000000O10000001O0000001N1O1O2N2N1O2N010O001O1O0000000000O1000O2O0010O000100O001O1O010O1O010O1O1O1O0O1N3N2O10O010000O0100O01000O010000O010000000O10000O100O2N1O1O2M2O2O0O2OV_`[2
20130530133654Bh_3,ioXi23mo11O01O^om01_PRO4L3N1O1O2O0O10O10001N1O101N100O10O100O1M2G:N110O01O1O1O1O100O100O2O1N1O100O10O010O01000000O1000O10000O10000O010000O010O01O10O10O0100O0100O00100O001O1O100O100O2O0O10000O100O10O01000O100O001O100O1O1O1O2M2N3N4KRRon0
20130530133654Bh_4,jd\R18go15L5K3M101O0002N3L4M0001O010O1O00010O0O11O000O2O1N01O010N100O101O1cPNDTo1f0O0O1O10O0001O001O00000O0100O10O10N2G:J6L5LnPd0MUo[O5L3M2O1O1O1O00001O11N01000O1000O101O00O101N1O2M3N2KkXig2
20130530133654Bh_5,UXmR12ko17kPN9hm1KRRN:lm1ImQN=Rn1ClQNc0Pn1\OPRNj0mm1ROSRNS1mm1gNURN[1Wn14L2M3NnNQRN5mm1JVRN4jm1KZRN3em1M\RN2dm1M^RN3bm1L`RN3am1KbRN3^m1KfRN3Zm1LiRN1\m1HiRN5dn1M4LXP:0goE3M3N1O1O1O10000O10O0100O10O10O01O1O1O1O1O1O002N1O2OO002AJPQN7on1HRQN9in1GnPN09;fn1GPQN08;fn1EQQN1:9en1J\QN8cn1F^QN:dn1D\QN=dn1A]QN?Ro101O0O2O000001O0010O1N101O001O100O2OO0100O010O3LWd^g2
20130530133654Bh_6,lcZW24ko15L2N1O1O001O1O100O3]OC\QN`0an1C]QN=bn1E\QN<dn1FYQN;gn1?0000000000000000000O1O1N2O1O1O2N1L4N2O101N10001O001O4L1O1O000000000010O011O10O1O001N1N2O_PNNWo1MiPN6`o11O000002M2O3K_[]d1
20130530133654Bh_7,TdZQ34lo11N2O0001O00000000000O10O101O001N2O002N10O010O1OjPNGan10SQN8:Kbn1MUQN79Lan1NWQN59Jbn11UQN6[o1IePN9Yo1GgPN;Xo1DiPN<Uo1EkPN<To1EkPN;Vo1DkPN<So1DnPN<So1CnPN=[o1O010O1O1O011N02000O[OGaQN9_n1GaQN:_n1EXQN1J>Vo17001\OgPN>`o1M2Eh[Wk0
20130530133654Bh_8,\YQi21ho1<I4N000O1N1O1O1O2O2N1N2O100K6M4M3M5K4L3N2M1O1N2M1MM5M3O12M2N11K6K3B=OO4K23L7M3M3J^iZT1
20130530133654Bh_9,P^\`15ho14L6L1O2N2dPN_OTo1k0L3M2N1N4N1N2O0O2O1N100O1000O10000000000O2N1O2O001N100O2O0N3L3L5N1L6G8N3M2OgQT1M[nkN3L2O4L101O1N2O1O1O010O001N11O01O0000100O010O010O01O002N1N2O1O2N1O001O0O3M3M2N[QT5NgnkJ1XO3]QNMan16]QNKbn16]QNLan16^QNKan15_QNL`n14_QNN`n13_QNO^n13aQNM_n13`QNO_n11aQN0^n12_QNOan11^QN1an10]QN1cn10ZQN3en1d000011N4L1O01O0O1O1000000O10000000000000O10001O0O10000O100O2O0000000000000O1N2L4O1O1N110O10001O001O0O2O00001N101N101O2M4LZ_Yo1
20130530133654Bh_10,l]og12mo15gn17mPN4M3N2O2M4iNZOhRNU1GiNZl1=fSNe1ok1fNkSN]1Sl1dNlSN\1Xl1YNoSNf1Yk1TNlTNI0m1[k1\N]UNY1Rk1eNmTNg0jk1ZOQTNa0Ul1KjRNh0Ym1k06K6I:_NXRN;Uo1[Omc`V2
20130530133654Bh_11,TZVb12mo12O00001O000000011O01N01O0000000000000O10O01O1O10000O10O100000000O1000000O10001N10VPP1OjooN1O2N100O10000O10000001O0000001O00100O1O2O0OVPNNfo17O1O001O000000001O0000000001O01O01N101O00001O000O101O00000O100O2OVP`00ho_O3N1O100O2O00000000000000O10001N10001O0O3NYeiT2
20130530133654Bh_12,Sdf`24lo11QQNOmm12QRN1nm1NRRN2om1MPRN5ln1100O0KHdPN8\o1IbPN7_o14101N2O0OBIUQN7jn12mPNNSo1`00000O2O001O0O2N2O0O2M3O00@]QNDbn1;aQNC_n1<bQND_n1:bQNG]n18eQNG]n17dQNG]n19dQNF]n19f0O000O10001N101N101O001N2O1OTP40koK2O001O01O001OZ[][1
20130530133654Bh_13,fVY\11mo15\PNMTo15kPNMTo13lPNLTo15lPNKSo15oPNIRo16=O2M?NB200001Mjo54SPJ4M2N1O100O10000000000dPNERo1;mPNFSo1;kPNEVo1;jPNBYo1>6NiPNEjn1<TQNEmn1<QQNCPo1=:010O0O2O01N2O1N3M3LThh`2
20130530133654Bh_14,PXkY34_o1OkPN4Qo1OkPN5Ro1MmPN4Ro1MmPN3So1OkPN1To1>ODlPNG10So18RQNInn18QQNHPo14SQNMmn12SQNNnn11SQNOln11UQNNln12SQNNnn11TQNNln12TQNMmn14?00001O1O0010O01O1iPNFfn1;XQNGfn1;YQNFfn1;YQNEfn1=ZQNBfn1`0XQN_Oin1b0:010O02AfPN6bo10O5K1O1O0100O2N4L4L3LTO0kQNNWn11m0Ndhnb0
20130530133654Bh_15,YZXd11no70QPJ000O100M31O001NSP6OnoI101O001O00000000N2O[PT10dokN3OOUPNNoo10PP2000ooM00000QP60ooI00000fo30dPJ0\o10dPN0\o11cPNO]o11cPNO^o10bPN0^o11aPNO_o11aPNO_o11`PN0`o10`PN0ao10^PN0bo10^PN0bo10^PN0bo10]PN1co1O]PN1co1O\PN2do1O[PN1fo1401O00010O01O01OM[PNKfo125O1O10XQV51gniJ00001O0000000O1O100000000000000000O2O0OWd[o1
20130530133654Bh_16,bYSi22^o1OSQN2gn11YQN1cn11]QNOcn10^QN0an1O`QN1_n1ObQN2[n1OfQN3Wn1MkQN3Sn1NoQN1Qn1NPRN1om1OSRN0lm11URNOjm12VRNNim1N]RN2`m1NdRN1[m1NhRN0Wm10[1100hK7YXNKfg19TXNIlg19RXNGPh18PXNFSh17mWNHYh12hWNKUl11lQN0Zl11eSN2Yl1NiSN1Ul1OmSN1Rl1NoSN1Rl10iSN0oj1;YTNG^m1>[RND<OWl19XSNI`0N[m1OiRNNbn11N13N2N`h\T1
20130530133654Bh_17,WYQi2510`o1MnPNOhkk14^SVN;IEPQNLnn11WQNOin13SQNMon1a04IfQ6GWgTT1
20130530133654Bh_18,hdZR16bo14fPNHSo18RQNJin15\QNHen15URNKSm13kRN2Sm1NkRN4Vm1KiRN5Ym1JgRN3`mi01SQXO1O1O01Noo5NSPJ3N1001NiP4K\oK0PPP10WZWi2
20130530133654Bh_19,PeVa21no10;0F0O0D1iPNOUo13jPNNnn1:RQNFVo11jPN0co10000O20O0SOOlQN0Tn10lQN0So10PP20ao36WPJN[PNMbo12aPNM^o1190@0RQN0MOen10^QN0O0bn11^QNO21]n11`QNNSo11?O]PN0Vo10jPN0Vo10>0ZPN0Zo10fPN0[o10cPN0^o10bPN0_o108010UPN0eo1060boQ11\PnN1O000001NWPn02hoQO3L101O001O000001O00000O10kPNK`n13`QN0`n1MaQN5To11N10000010O0O10000O2N2NkZmW1
20130603063154Uh_1,\^]P23ko15L2N2N3M2O2M5L9G3M3M2N100O2N1010gN`QNo0ln1M2N3M2N2M3N1N1O10O01O16I2O01BiPN0Xo1KlPN5_o10001O1O2MeP8N[oG6K3M3N2O1N2O001O0O10000000O01000O1O1N2N2L4N3N2Ne_Zk1
20130603063154Uh_2,m^\Q1141bo1b0F3M3M2N2L4M2O001O10O01O01O01O0001O0O100O2O000O2N1O2M3O1N3M3L5L7FYVb8Oli]G5KNaZgc2
20130603063154Uh_3,oeV_24lo11O01O010O0000010O010002OOO01O11N10O00000001O0O100000000000O2O00001O00000001O00001O001O01O10O0001N2N2NbYa]1
20130603063154Uh_4,UeT[17go12K5002N3M1O2MjP6OToI5EKhPN7Uo1;0\OhPN`0Xo1@mPN9Uo1GiPN6\o162M3M3N101O1O\ZYc2
20130606133454Bh_1,a]Yc03e1Nhle16YQ\N5L3`NHVSN9al13[SNM]l1?TSNXO^O;Ym1f0gRN1Wm1]1N3N3M1G9OOBQMjSNS3Rl1?N110NVNQTNImk11^TNKbk13bTNIak16bTN@gk1?\TNiNZOGel1`1TTNeNUl1X1VTNbNhk1_1\1F:I601O2K40N2O1N0101N2LlSN_OSi1a0gVNGWi19hVNJUi17kVNJTi16nVNWO[M<gk1=XWNZOmh1e0W3O1000eRN]OYk1b0eTN^O_k1a0^TNAdk1>\TNBek1<]TNBek1=]TN@ek1>o1O100O1O0100N2nRNE]j1<cUNE]j1;cUNE\j1;eUND\j1<dUNB^j1>bUNA_j1>b200O2O00000000O1O1LBfPN=Zo140O10001O01N2N11O1O1O00O1000000001O01OO10O011N1O01N10110O100OeUNCUe1=jZNEUe1;lZNDTe1<nZN@Te1`0V501O1N2O100O1O2O0N5J_g`S3
20130606133454Bh_2,g`eo26jo11M5ZQNOVm14fRN0Wm13`RN@@>^m1f0kRNROH7Zm1i0lRNROK3Ym1l0lRNQOL0Ym1o0lRNQOKN[m1k0PSNXOCN]m1d0VSN^O\O0]m1=\SNDVON_m1<\SNH\OCG6Zm1?aSNJAIkl1=aSNMEFgl1?aSNOI\Odl1k0aSNLnl16QSNLll16TSNKjl16VSNMgl12[SN0al1OaSN3\l1IiSN9Sl1EQTN<gk1H\TN9bk1F`TN:^k1EfTN:Zk1DUTN]OFl0FoNXl1g0\TNAKb0Sl1HTTNGM;Ul1]OUSN4l05M6]m1IhRN1Zm1O?KoQN3om11QRNNmm13VRNJjm15WRNLim10ZRN0kn10]NNYSN0^]lm0
20130606133454Bh_3,ndb`25jo13M1O2O0O1000O10000O10000000001O001O010O010O010O01O10O01O001O0000000000010O000010O01O0100O0100000O10O0100O0000010O00010O01O01O100O010O100002N2N12M00O0101N_PNJYo14gPNNZo1OgPN3bo11O01N100O1O1O2OcYmY1
20130606133454Bh_4,Pe^m21no12GOaPN1_o1073N0100O00000O2O0Oio1OXPN11OWP82goG1O1O1O001O0JKaPN5^o1MaPN3_o1MbPN2^o1OaPN2^o1NbPN2^o1NbPN2^o1NbPN2_o1LcPN3]o1LdPN3go1N1O10O3L101O00000001OO1000000DKmPN6Ro1JoPN5Qo1KoPN5Qo1KPQN4^o1OR[on0
20130606133454Bh_5,QfhV31`o16fPNLYo16fPNKYo16fPNK:M`n17YQNJWo16:O010O01000OdPNKnn14SQNKnn15>010O10000O10000DJmPN6Qo1MmPN4Ro1MnPN3Qo1MQQN1on1ORQN1mn1OUQN0ln1OTQN1mn10SQNOkn13TQNNkn12UQNNln11TQNOln10VQNNkn11VQNNjn11c0OVZmf0
20130606133454Bh_6,^dXg02Qn16ZRN0g0Jol18VRN3=HDLim1n0_RNYOkm1g0SRNXOTn1d0kQN\OVn1d0hQN]OWn1d0jQNZOWn1h0`03O17JWO[OoQNe0mm1_OSRNa0im1BWRN>hm1BYRN>fm1B[RN>cm1B_RN>_m1BeRN<Ym1CkRN=Rm1@SSN`0ll1^OXSN`0hl1_OhRN1I;am1AgRN5J9Un1JmQN2Rn1ORRNLdm1NlQN6c0Hbm13jQN3Vo1LlPNL[o12^]kV3
20130606133454Bh_7,l`UR11[nY30cQhL1O1VPNNgo10ZPN0jo1101O01O00YPf05`oYO3N2N2O001O001O001O0000010O00001O01O0001O01O0001O01O0010O001O01O10O01O1O4L4L1N101N2O00Voi1OiPVN3O1N2O1O00000001O0O101O0O2N1O1001N2N2O1N2O000O2O0O2fPNEmn1;RQNGmn1:QQNHmn19RQNImn1f0N2O001O1O0010O0000010O00001O2M9H001O00001O001O1O002N1O1N2O1OBFWQN7kn1IUQN7kn1IVQN5]o1M^oa01aP^O100O1O101N10000000O1000000000000O10001O001O2Me`b^2
20130606133454Bh_8,_dZ]34jo15M1[RNL\k15aTNN^k13YTNF_N9Vm13WTNJ`N3Ym14UTN7jk1KUTN5mN@\l1<eTN4oNA[l1>dTN0SOAYl1g0\TN_OFImk1l0YTN[OLGkk1Q1WTNVOhl1l0WSNSOil1P1VSNlNll1W1m04L3M1O2N002O1N2O1N2O1O1N10O01000O010O0100O100O0100O10OO2O2NGTN_RNj1_m1\N_RNc1`m1aN^RN^1am1dN_RN[1am1eN`RNZ1_m1iN`RNW1l0\NUOORl1>oSNW1g0]N\k1c0mSNP1f0]N\k1d0PTNo0c0\N]k1e0QTNR1jl1nNWSN]1_l1bNaSN`1]l1_NdSNa1_l1\NaSNd1^l1]NbSNc1_l1^N_SNa1bl1bNYSN`1fl1gN\SNP1dl1RO`SNi0_l1YO`SNg0Xl1YNaSNS16d0Wl1FhSN9Vl1\NcSNY188Tl1_NeSNY1b0Lik1<XTNBhk1?XTNAfk1`0[TN_Oek1b0[TN]Oek1c0\TN\Odk1d0]TN[Ock1e0^TNZObk1f0^TNZObk1e0`TNZOak1e0_TN[O`k1f0`TNZO`k1g0_TNYOak1g0`TNXO`k1i0_TNWOak1i0_TNVOak1m0]TNROdk1R1WTNnNlk1S1kSNSOWl1k0bSN\O`l1c0_SNQOO[Odl1_2^SNcMfl1S2[SNaM1<fl1P2aSNnMbl1m1aSNSNbl1h1aSNWNal1f1`SNYNcl1S1oRNPO?Mdl1Q1mSNnNXl1LgRNi0S1XOXm1La[]<
20130606133454Bh_9,i^jf03ko14ePN0c0Mal1;hRNNb0Jel18dRN5e0Bgl1:bRN8\n1KcQN6>]OVm1?ZRN6<^OWm1\1gRNgNVm1\1hRNdNXm1g0cRN^O6JWm1a0kRNDOHYm1`0lRNG1CTm1b0bRN]O4=4HUm19bRNJ264H]m12^RN1171Fcm1OZRN546Qn1DlQN646[n1KgQN3Wn18aQNH\n1;dQNEZn1=gQNCWn1=kQNCSn1<RRNBmm1;VRNFlm16URNKRn1MoQN3Pm1B\SN;E2il1K_SN3I1hl1NgRNK;86Mil11dRNK=68Mhl11ZSNO2Mfl12[SNL^_WW3
20130606133454Bh_10,nd``25io1M\PN0ao108O[PN0[o10;0\PN0Wo30]PN0\PN0Xo10hPN0Xo10<0[PN0Zo10fPN0Zo10fPN0Zo10fPN0Zo10\P200000QP40WPH0_o50dP:0doA0E0;0<0E0O10O010OD0hPN1do1O10C0iPN0Wo10hPN0Yo10gPN0do10E0<0ZPN0Zo10fPN0Zo10fPN0Zo10gPN0Yo10fPN0Zo10fPN1Yo1OhPN0Yo10fPN0Zo10gPN0do10E0fPN0[o10;0YPN0\o10;0YPN0]o10911O00lP<0UoI0moK0PPN00010N2cYkY1
20130606133454Bh_11,V\]Z17go13O0O11O001N10000O100O2O0O1010K4O101N10000O10000000001O00O100001O00010O0001O3FZPN4jo1N1001O000O1000000000O1000000O1O1OicPb2
20130609133454Bh_1,kc`X37fo17L1N101O1O100O00100O01O1O01O01O0000100O001O10O01O1O10O0100O00100O01O01O0001O00100O1O101N100001O3L010O000000001O00001O0O2N5IQo;1XRB0bm11\RN2bm1O[RN5cm1L\RN5cm1K\RN7bm1L\RN4dm1MZRN5em1LZRN5em1K[RN6dm1J\RN7dm1H\RN9cm1H\RN9cm1G]RN;bm1D^RN=am1C`RN=_m1CaRN>_m1AaRN`0^m1@bRN`0_m1_ObRNa0]m1^OdRNc0[m1]OeRNd0\m1YOfRNf0Zn10100O01000001O010O10O2OmN\OhRNc0Vm1@iRN`0Vm1CiRN<Um1GgRN<Xm1EfRN=Ym1EdRN>Zm1BfRN?Ym1BeRN`0Zm1AeRNa0Ym1_OgRNb0Xm1^OgRNd0Wm1^OhRNc0Wm1]OiRNc0Vm1^OiRNd0Tm1^OlRNc0kl1ETSN=il1EVSN=hl1DWSN>gl1CXSN>hl1BWSN`0hl1@WSNb0gl1_OYSNb0el1_OZSNc0dl1@XSNb0hl1\1O00001OYMZSNT2fl1lM\SNS2bl1oM_SNo1al1RN^SNn1bl1i0OfN]SNQNOO1Q1cl1i0VTNjNjk1V1aSNWN?a0Ql1V1aSNYN`0`0nk1W1bSNYNa0?mk1X1aSNZNb0?lk1V1_TNjN`k1`0_SNBQ1O`k1=bSNBn01`k1=dSN_O2Ca0`0ik1=fSNTON012a09ok1`0UTNXOM2Vl1c0PTNXOYm1a0iRN]OYm1`0W1M5Jf[m=
20130609133454Bh_2,\P_b02lo15M2iPNHbn19]QNGbn1;]QNE[n10\QN;^o1O01O1O2N2M2O0N3N1O00100O101N100O2O\OSQN5mn1JVQN5jn1IYQN6fn1JZQN8en1F]QN:To11O0M3O1O10BePN7[o1HgPN7Xo1JhPN6Xo1KgPN4Zo19000N2O1M20N2M4O01001O01O101N3N1O00O10O1O1O7I2MUofY3
20130609133454Bh_3,Qgbd0`0_o13nRND\j1>bUNE\j1<cUND^j1>`UN@bj1`0`2O1O01OO2N1O1011O0O1O002N010O2O01OWO^OSRN`0jm1DWRN<fm1E[RN;cm1CaRN?\m1[OkRNg0Yn112K0N3L5HUQN2ln1200003LZo1OhPNM133J]ViX3
20130609133454Bh_4,m`^e22mo12N20O0010O00OkPX10UogN2N2O1O001O001O010O100O1O100O10O010O1O010O1O001O1O1O002O0O100O001O1O2MbPl01foQO0^o1=L2O0O2O001N1000000000O10001O001O001O1O010O1O2N1O2M4Ln\mS1
20130609133454Bh_5,TnnQ1:`o1<C8L4J5N100O02L4M6GUm=HWSB3M4L20O0OfQNFQm1:mRNLml15SSNNil12XSN1dl12TSN6hl1b1N3N10O1O2M4M2N3M3N1N5mNURNHQn1OWRNLQn1IZRNLSn1HPW[k2
20130609133454Bh_6,V\_^22no11O0O2O0000001O00000O100000O010O001O0100M2O101O1N1M4O1O10001O0000001O3M001O000001O00000O100O100000000O100O100O1O100O1000O10000O010O0100O001O2J5O1N3Madj\1
20130609133454Bh_7,[^ei03mo11]PN0To10lPN2Qo10mPN3Qo1MoPN4Po1LPQN4Po1KQQN5on1KPQN6Po1KoPN5Ro1JnPN6Ro1JnPN6Ro1JnPN5So1KmPN5To1JlPN6Uo1GmPN9]o101O1O001N1000O011N101O1O001N1000001O0BDXQN;in1EWQN;Xo1O0O10LG_PN9ao14O010000000010O0010O01O2N1O1O2OOO10O0AKTQN5mn1LPQN6Po1KnPN5So1KlPN6To1KjPN6Vo1JjPN6Vo1IjPN7Wo1IiPN7Wo1HjPN8Vo1HjPN8Wo1GiPN9_o1O010O10O0O11O010O0010O0100O001O1N2O2NfahP3
20130609133454Bh_8,mVgV14lo14XPNK`o1=O5JO1O000O01O1O100OBhPN5Wo1JkPN6To1JPQN2Po1NRQN1mn1OWQNMin13c0NfhRh2
20130609133454Bh_9,``kW21mo13ENfPN3Yo1NePN3Zo10cPN1]o190000001O0BbPN:bo101O000010O01O00001O00000O100O1000O0O2O2N2O001O0010O001O1O1O001O001O0O10001O000000010O00010O01N101O001O000^PNG]o19bPNI]o17cPNI]o17cPNI\o18dPNH]o17cPNI]o17dPNG^o186O1000O01O0O2O000O1O1O\_Pc1
20130609133454Bh_10,faTg26io1L[PNOdo11^PNO`o118000001O00QP20^PX10hoeN0C0\PN0eo10ZPN0fo12WPN0io1300010N2O2M[P83boG2O1O00OaPNKVo12=O10cPNOkn10c00dPN0hn10XQV10[oiN1M32Mj\iS1
20130609133454Bh_11,W_^[15jo13M101OO10000O10000000001N100OYPNNio12O100O1O1O010O01O1OiPNLcn13\QNOcn10^QN0dn1M^QN2Pom0NYPTO3N01O001OVP>1hoA2O1O010O0100O010O1O0Od_Y`2
20130609133454Bh_12,`jPS1<PP2FOOQQ47PoKJQmi08cRVO203_QNCYm1:gQNGg07am1OaRN<_O]Oam12hRNN_O311:0jn1MRVYk2
20130609133454Bh_13,c^kZ14jo15K3M3O1N2O2N1N101O1O000001O001O00000000001O0000O10O10O010O100O0100O10O0100000001O00001O001O000O100000O1O10000O101O0O100O1000000001O00000O10000O1O1O10O00001O1F^OTQNc0jn1:00O20O0O1O2O1NKXOVQNg0fn1;N3N101O1O01M2OEkNnQNS1Rn1SOkQNi0Xn1XOhQNb0]n1@cQN=^n1DcQN:]n1FfQN6[n1JgQN4Yn1LkQN0Un11nQNJTn14QRNGQn18l0N2NXoQ14ePnN1O1O010O001O1O100O0001O00001O100O1O2O2M3Lldh[2
20130609133454Bh_14,c`YX21oo10000001O0000010O0FOePN1Zo10fPN0Zo10fPN0Zo11ePNO[o11ePN0Zo10fPN0Yo11fPN0Zo10fPN0Zo10ePN1[o1OePN1[o1OePN1[o1NePN3[o1KgPN6bo1O1O001O001O0000CNlPN2Uo1NjPN2Vo1OiPN1Wo1OiPN1Wo10hPN0Yo1OgPN2Xo1OgPN1Yo1OfPN2Zo1NfPN2[o1MePN3[o1NdPN2\o1NdPN2\o1NdPN2\o1NdPN2\o1NePN1[o10dPN0\o10dPN0]o1OdPN0\o11cPN0\o10ePNO[o10fPN0Zo10gPNOYo11gPNOYo11hPNNXo12hPNNYo11gPNOYo11gPNOYo11gPNOYo11gPNOYo10hPN0Xo11gPNOZo10fPN0Zo11ePNO[o12dPNN]o12810O010O10O01O1OQng51nQXJ0M4O0O1O2O0000000O101O000O1000O1000000000O100000O1000001O00000000001N101O0O2N`ajZ1
20130609133454Bh_15,Q_c\11oo10lo]20RPhM0QPJ010O000on50Zmo4;]SjJ2N0O3N1O1O001O1O000010O000000001O1O1O001O001O0001O00001O00O10O10000O10O10001N1N201N2M3M20WoY2NkPfM0O3M3N001N2N10000O10000O00100N2O100O0001000O10O10001O2N002N1N101O1O1O001O1O002MefRS2
20130609133454Bh_16,Ri^]1;bo14M2N3N1OO1M4N4L]Qb0Ofn]O1002M2N20N4L5K2N2O00O100O2O0O2N3MeP>O[oA3O1N2O000001O1M4LYTW_2
20130609133454Bh_17,]_\m22no1001OOho3OcPJ2\o1OcPN1]o1ObPN2]o10bPN0^o1901O1O1O2OO10H@oPN?Qo1BnPN>Ro1BnPN>Ro1DlPN<To1EjPN<Uo180O2O00001O1O1N2O3M1O000000000O2O1000O0001N2N2N2Nd`eo0
20130627063134Lh_1,oZUX23lo12N4M5J3N6J2N102N0000010OO101O002M2O1\OePN`0^o1O1O10O02N1O1O1O10O01O00001O00001N101N102MQP:3joE4N2O0O2FDnPN<on1HoPN9Po1HPQN8Po1InPN8Ro1HnPN8Qo1JmPN7So1;O100000O010000O1000O100000O01000000O100O1000O01O1O100O10000O1000O00010N2N100O1O2O0N3N020O01O010O001O1M3O1O10000O10O001O1O01O001M3O1O1O1K6N1N3O0Naef_1
20130627063134Lh_2,]dVR24Wo1N[QN4cn1NPQNN28mn1KmPN154nn13PQNNPo12PQNNPo13oPNMQo13nPNNRo1`000000FmPNGSo1KoPN7NNSo1KPQN6NNRo1LQQN5MORo1LSQN3K1So1JTQN3J3Ro1JUQN2I4So1IUQN1I6do100000ZPNJbo1:00O10000O1DCUQN<jn1GUQN8ln1ISQN5on1KPQN5Qo1LnPN3So1MiPNLO6Yo1NhPNLO6Vo11kPNIO6Vo11kPNIO6Uo12lPNIN6Uo11mPN3So1GkPN128So1GlPNO2:Ro1GmPNN0<So1ESQN;mn1ERQN<nn1DRQN<Po1BPQN>Xo110O00001O001L4O010O010O010O0010fPNIkn16VQNJjn14YQNKfn16ZQNJfn15ZQNLfn14c001N100OW\[i1
20130627063134Lh_3,RejR13lo12O000O2O0O100O2O000000O0100O100O010RQNGUn19iQNJVn16jQNJVn16iQNKWn15iQNKWn16hQNJXn17gQNH:NRm1;bRNG;OSm1:bRNG;0Sm19aRNF<2Sm19`RNE=2Tm18_RNE;6Vm16^RND<6Vm16^RND<OYO2om1:]RNDdn1<`010O001O00001O001O000001O010O001O01O00100O0010O0001O001O001O1N2N^P<NeoC1N101N100O10000O1M2ePNInn18QQNJmn16TQNJln16SQNKln15UQNLMLcn18`QNLLOan15dQNLJ2`n12fQNLI4`n10gQNLI5_n1OhQNLI7]n1MkQNKH9\n1KmQNKH;Zn1JnQNKH<Yn1HQRNKF=Yn1HQRNKF>Xn1FTRNKD?Xn1F\RN;bm1F^RN:am1G`RN8_m1HbRN8]m1IdRN6\m1JdRN6\m1JeRN5[m1JfRN5[m1KeRN5[m1JfRN6[m1HRRNJ8=gm1GQRNN7;Xm1FbRNN0358Zm1GoRN2H6Xm1JoRN1H4Zm1KnRN1H4Zm1KnRN2H2Zm1LnRN2H2Zm1LoRN1H2Ym1MoRN0^OK18bm1MPSNO[O013fm1LoRN0ZO310fm1MPSNOXO52OQo12oPNMPo14PQNLon15SQNHnn18TQNFlm10fRN;fm1GXRN:hm1GVRN:km1ETRN<lm1DTRN<lm1CnQN2_O;dn1CmQNc0Sn1]OlQNc0in1BfPN6[o1IfPN6Zo1JgPNL11Zo13<O1O10002MTZYd2
20130627063134Lh_4,aWeP33lo12O1N20O01O01001O0000O03N1N1O010O1O01O000O100000000O11O000010O01O001O1O1O2N4L1O00O01OO2O0O1N3M3N2K6M\hTl0
20130627063134Lh_5,leYQ23lo12O1N2O001O000001O00000O2O0O2N\P21doM001[PNM[o13dPNO\o10cPN2]o1LdPN4do10O1001O000O2O1NWP:2foE2CNiPN5Vo1MiPN3Wo1NgPN3Yo1:001O01O01O003N1N1O0001N10001O0O2O0OEePN3Zo1KkPN4To1JPQN4on1LRQN4mn1MTQN2ln1MVQN2jn1NVQN2jn1MXQN2hn1MYQN3[o1OBOmPN0To11lPNNTo12lPNMUo14jPNMUo13kPNMVo12<0]Yni1
20130627063134Lh_6,SZaW14ko11O11N`Q8NanG3M3N1O1O1O010O001O100O00010O01OnNJ[RN7dm1KZRN5gm1LVRN5jm1LVRN3km1MURN2]m1HWRN6;2]m1LVRN2>1[m1OVRN0?O]m16oQNJRo17nPNGSo1;8001O01O1O3L3M1O1O2O2M2M[f^e2
20130627063134Lh_7,UYSY24ko12OO10O10O001N1100O1O0010O010O01O0100O01000O100O100O01O01O001000O100000000O10O10001N1O[gTd1
20130627063134Lh_8,cgTW34ko12SNNiSN4Vl1MhSN4Wl1NhSN3Wl1NgRNI31]O118hm1NfRNH38]O3im1N\SN<dl1EZSN<gl1CYSN=gl1CYSN=gl1DXSNMPO4hm1OXSNMRO1gm12WSNLXm15gRNKZm14gRNJZm17fRNG[m19V101O00001O00jPNIcn18\QNHdn18]QNGdn18b01QRNHUl19hSNHXl19gSNIXl17fSNKYl15gSNKRl1KaRN;\1KQl1NaRN6^1LPl10aRN5^1KPl1`0PTN_OQl1a0jRN[Og04^l1c0hRN\Oi00`l1d0gRN]O3M62Qm1c0eRN@2M70Rm1d0dRN_O1O9NSm14_RN43K2O9NTm12`RN7NK5M:OTm10aRNd02\O:O_m1e0XRN[O:Mam1f0WRN\O^n1c0a0M3L4O1000AB\QN=an1FaQN8^n1IdQN5Zn1LgQN4Xn1MhQN3Vn1NjQN3Vn1LkQN5Sn1KmQN5Un1HlQN:LEbm1OcRN>HEem1KdRN`0FF]n1<bQND[n1KZQNb09DMIK2Vn1g0QRN^OMORn1d0PRN]ONOcm1MbRNg0N]OK0em1LbRNh0N[OK1em1LbRNj0LYOMOgm1N`RNm04TO]m1NaRNQ1NQORn19eQN79^OUn1OPRN?Po100OoND^RN>^m1J\RN8am1J^RN8_m1J`RN7_m1J`RN8^m1HbRN9]m1GcRN9]m1GdRN9[m1GfRN9Zm1FhRN8Xm1GkRN8Um1EoRN:Qm1CRSN<[n1M102M2G8O1O2N^Xkb0
20130627063134Lh_9,iekf13mo10O2O000O2O0000001O000000000000000000000O10000000000000000000000001O0O100000001O00001N101MTPN0ko?1QPB1000000001O001ORP\62locI001NMXPN0mo10mok01dPFOeo[O0ao11_PNOao11^PN1`o11_PN0`o11^PN0bo18O1O1O001OKdPNF[o19gPNGZo15iPNKXo14hPNLYo12hPNNeo11O0001O000001^OOTQN0ln12RQNNnn13QQNMPo12PQNNPo12?O100000XP4OfoK5L4M1010I^PNObo1ObPNN_o10eY`j1
20130627063134Lh_10,fkfo03io14N3N10000^PNH\o17ePNI[o17dPNK[o15ePNL[o13dPNN\o1<0O01O00010OBgPN5Yo1JiPN5Xo1IjPN7_o100001N100O100O010O010IEiPN:_o100O1M300O10O010]PNLZo14fPNMYo13fPNN[o10fPN0Zo10gPNOZo1OgPN0fo1OjS_m2
20130627063134Lh_11,]bge049MH20:5HM5NJ0Nen]11WQdN3jNOVRN4gm1NXRN4em1M[RN4dm1M[RN4bm1N^RN3am1M`RN3_m1NaRN1Wl13fSNL32Tl15hSNH52Sl17hSNE65Ql17PUNIoj18XSN[Ob1=Tk1c0hTN_OWk1c0eTN@Zk1a0eTN_O[k1c0cTN^O\k1e0`TN]O_k1e0_TN\O`k1f0]TN\Ock1d0\TN]Ock1d0\TN]Odk1c0[TNZOjk1e0UTNZOnk1e0SSNhNj0a0Vl1l0iSNROZl1n0eSNoN_l1o0cSNoN^l1Q1bSNnN^l1R1cSNmN]l1T1dSNjN]l1U1dSNjN]l1V1cSNiN^l1V1dSNhN\l1X1eSNdNPO0\m1^1U1dNbQNT1fn10N2O0O1O0100kN\QNl0dn1SO^QNm0kn1O10O0100O0010O00010O0010001N0100O100O3M2O0O1O10O0100O1O2O7H2N1000O00100O00100O1O010O0100O001OnME_TN;`k1G_TN8ak1J]TN7ck1DbRN2j1;ek1G[TN8fk1G[TN9fm1000010O000O200O1N2O1N2Nf\lQ3
20130702070714Th_1,hilf22mo13\PNLXo14fPNN2Nnn15oPNN1NPo14PQNM1Non16oPNLZo14gPNJ[o15810O01000O010O01O1O10O01O10O010O010O1O010O1O00100O0010O100O0O2O100O001DGPQN8Po1IoPN7Po1KoPN5Qo1KoPN4Ro1LnPN4Ro1LnPN4Ro1LoPN4Qo1KoPN5Qo1JPQN5Ro1IoPN7]o10000000000000000001AJRQN6nn1JQQN7on1JPQN6Po1JPQN6Po1KoPN5Qo1LnPN4So1KlPN6_o1O1O100OFOePN3Yo1;0O1M3K5O1N2NXVoS1
20130702070714Th_2,Xb^k05co1LdPN5Zo1LePN7Yo1KdPN6\o1JcPN8\o1IcPN7]o16001N101B`PN:do1O000O10000O100O100O100000000000[PNJ51Po16iPNJ70Qo1:nPNFRo1:kPNEYo1;gPNEZo1::L1O00HLdPN4\o1LdPN4[o11aPN01KXo16fPNO1LYo1c0O1N2O1O0000000000O2N1O101O0000000O1000000O1O2N1O100O2O0O101O0O2O001O1O1O01O010O0001O00001N2Nb]Uo2
20130702070714Th_3,PaUm25>2hn1OVQN3in1MVQN3ln1LTQN3nn1LQQN3Xm1NZSN1GLF6Xm11WSN040dl11WSN21Oil1MUSN8OLml1JRSN=0Jfm17YRNKgm14YRNMim10WRN1Pn1ESRN;in1O100O01O1_OJVQN7in1a0O0oNoNUSNP1il1VOTSNi0ll1YOSSNe0ml1^ORSN`0Pm1AnRN>Sm1EjRN9Zm1HcRN2dm13QRNOTn1k05M4LTRNhNUm1T1iRNSOVm1j0iRNXO[m1b0fRN_O\m19jRNFYm1JPRNNl03Z]`P1
20130702070714Th_4,QfXc11ko10VPN3io120000O101O000000001O0000000O10000O10000O10000000000O2O000000000O10000000O1000000O10000O10000O2O000000000O1000001O000001O000000000001O000001O01O000000001O000000000001O000000000000000O10000000000000000000000O10O100000000000000000000O10000000000O101O000000001O0000001O0000001O001N11O002N001O00001O000000001O00000O1001O0001O00000000000000O1000000O100000000000001O001O000O3NgP`41Xo_K001N10001N100000000000000000000000O100000001O001O001O00UYgj1
20130702070714Th_5,WZQh12lo14N001N10000000000001O001O01O00001O000000000O100O10O10O10000O10O0100O010SOGRRN9nm1HRRN7om1IPRN8Pn1HPRN7Rn1GoQN9kn110O10O1000O1O100O1O1OO0100001N10000LJ_PN7d0ISn1<mQNESn1:nQNFQn1:oQNGQn18PRNHPn17QRNIjm1:XRNEhm1;ZRNDem15cRNK]m15X1N2Mlf^S2
20130702070714Th_6,g^SQ23ko15M2M2M2K400mPNGan18_QNMIMVn15QRN?mm1BQRNa0mm1^ORRNe0nm1ZORRNi0lm1UOURNo0jm1mNWRNV1Yn11N2N3MgNmQNh0Qn1UOSRNk0km1ROfRNa0`n1N0O00100O2O1N5LO1N2N2N2N101N10O3M3M6Ic^^l1
20130702070714Th_7,leTc13mo11O1OLVPN0lo102000YPZ10goeN10O00000001O00000000O01000000O10O1OhoY50ZPlJ0ooI0RPb00no]O0000000RZ[S2
20130702070714Th_8,^Z_h12no10Xom1OiPRN1O0io12UPN1O0001O1N[P4O_o50UQH0cdRT2
20130702070714Th_9,Z^_Q22U1=Um1C`RNOD2MNlm10YRN2EOj00Tm10^RN1A0P1NPm11^RN2ANT10ll10^RN0EOT12fl1O_RN0U1O]l11ZRN0]1O^l13eSNNWn101OeN7^RNI]m1;cRNEgm1=lQNCYn1;eQNF_n15`QNLen1N[QN3dn1N\QN2cn1O\QN2dn1O[QN1gn1NWQN2kn11QQNOQo1NPQN2on1MSQN2mn1MUQN2jn1NXQN1gn1OZQN1fn1O[QN0dn10]QN0cn10\QN0en12XQNNkn12c03XPNKfQ`1<cmaN4K4N2N2N1O2N1M3O1O001O00001O0000O1O0O3L4M4N2K5L7DU]\i1
20130702070714Th_10,mX[f0e0Wo17J7J4PTNjN\M3Xk1W1[WNgN[M9Qk1U1bWNbN]M;kj1X1nWNjNng1Z1QXNfNkg1_1SXNbN`g1CkUNo1e2^N]g1n1cXNRN[g1P2eXNoMZg1R2gXNmMYg1S2hXNnMUg1S2XVNiMP22gg1V2WVNlMS2Igg1\2UVNmMV2Ddg1X1WVNBOCW2Acg1;RVN:<EGK1=Zl1HeSN5_15jj1EiSN4^18hj1CmSN2\1;ij1]OaSNM>7Y1`0ck1YO`TNf0^m10O1O0100O002N1O3L3NbPNEZo1b05\O`PN<`o11O1O2N00100O00100O01O001O1O1O1O2M2N2MbdVV3
20130702070714Th_11,WcgT21ho30nPL7Qo13Wo1InPN1O0001OWQNMmn30ooM000O2O0O1O10Oin?MZQ@2QQN4hm10[QNKe06om12QRN0nm10RRN0nm1ORRN2nm1MSRN3nm1KRRN5nn1M4KU\nh1
20130702070714Th_12,jX[f03jo1ORQNO:7SONhl1LUUNh0fj1XO\UNj0`j1UOeUNi0jl10jLXOSWNf0jh1@UWN?ih1EWWN8jh1AVTN1Q3:ih1DeWN6^h1Il30100O1OeRN0gj10ZUN0ej10[UN1Xm1O_M0d200011UPNOco19ONeS2IdlM0SN6bSNJ\l1:bSNF^l1;aSNE_l1;aSNE`l19`SNGcl15_SNMWn3ORPN1001O1O0010YPh00goWO2]dTV3
20130702070714Th_13,Z_]Q26`P2KYPb00`m_O0fQN0WPN1co13kQh0L[nWO0011Oe00ZO0H82N2Ngn3OXQL5M1O10N4Kf_hk1
20130702070714Th_14,mY]T35dn1L`RN8[m1N_RN5`m1L]RN6dm1J[RN7dm1J\RN4cm1O[RN2dm10[RN0fm1M[RN3gm1J[RN4hm1KWRN5lm1ITRN7nm1GQRN;hn11N2M2N11K\QNBRn1=PRNEmm1<TRNDkm1;k0020000OKEgPN<Zo1CfPN=\o11101O1O[QNDhm1<XRNDhm1;jQNIbn16]QNLbn13_QNMan11bQNN^n10gQNLQfZi0
20130702070714Th_15,eUod24mn10mQN4om1NnQN5Qn1LnQN6om1LoQN7om1IPRN:nm1FQRN:Pn1EgQNLL`0\n1AkQN1H<_n1BiQN4F:bn1AiQNh0Wn1YOjQN=G@an13iQN=]n1CdQN;\n1FdQN9^n1EcQN:Ro1O1OlPNGcn19[QNJ]n1<cQNE\n1;eQNEZn1;fQNEZn1<dQNE\n1;eQNC\n1>dQNBmm10gQNd0?ZOjm1k0f0010O11O0011O01FoPNBRo18SQNGon15SQNKnn14SQNKmn14UQNKln14a0Moo5OTPJ01O00_kPX1
20130702070714Th_16,jeRk11oo1000QP60ooI000000010O0010O01RPNOlo1020SPN0jo1030PP:0QPb10ooSN0010O00PZSQ2
20130811121434Ch_1,hTkk11no13M2O1O0UQNKkm16SRNKmm15TRNJlm17SRNImm17n010O01O001O0001O01O001O010O0010O00010O0000010O00001O1O001O001O1O1O100000O0001OO2O00000000000000O1000001O00000000001N1000O2O1O3M1O0O101O000001O01O01O001O001O1O001O00100O010O0100O1O100O001O01O00001O001O1N2N\jVm1
20130811121434Ch_2,PedV26io12N2O1O0010O001O100O1OiPR2OXomM1N2O1O1O10O00000000001O00000O2O0O]Sj5MglUJ1O2N2O0O10O001O1O1KeVm^1
20130811121434Ch_3,\a]R11lo16L3L2N10100000001O001O000001O000O1M3O1O1O01O100000O100000000O0100GIhPN7Wo1NdPN4\o1800O11O000OiPNAon1?PQNBQo1<PQNEon1:RQNFon18RQNGon19RQNFmn1:=000O100N2K5O10O00100O101O0O2O0O2N2N100O10001O0O10000O010O01O0fPNJln16SQNKln15TQNMkn12VQNNjn12VQNNjn11XQNNhn10[QNNfn11[QNOW^Xh2
20130811121434Ch_4,glVW38fo15K3`QNB[m1`0bRNC[m1`0dRNAZm1`0fRNAYm1`0gRN_OXm1b0iRN\OXm1d0S1O001O2O0O101N1O1015I4M1O1O00O10000O1O1O1O002N101N8G3N1N`P:MdoE2O0O1POKTRN4mm1LTRN0nm10P10UQ`03hn_O4L4L4M2N1O1O2O000000O010O1OkN@kRN?Tm1DkRN;Um1FkRN9Tm1ITSNNml11USNLll15`1O0O2O[QNK`m12cRNMTPec0
20130811121434Ch_5,S`Qn0:5GO6Po16ZQN1Zn1OlQNOom13QRNK\l11VTN8@DUl1=eSNb05kN\O4gl1d0bSNf06hNWl1d0^SNj08\ND4fl1h0ZSNm0Um1T1IgMWSNb1fl1TNPTNh0[OAdl1F[TN=YOJnm11VRNMkm12WRNKjm18VRNEim1?WRN_Oel10QSN1O?<@_l14VSNN1:hm1@_RN50MP_hP3
20130811121434Ch_6,gdjT23lo12O1N10001O000O1000000000000001O001O1N2OWP:0hoE2O1NL5O1O10000010O0\PN0Yo10fPN1Yo10gPN0Yo10fPN0\o1OcPN2]o191N1O2O1M2N_Pj04^oUO1N101O010gNIgRN7Ym1JfRN5Zm1MfRN2Zm1NTRNNL5om1NSRNON2om10RRNN01nm11QRNO10nm12PRNN21nm10PRNO9Jgm17QRNN9Kem16SRNN:Lcm15TRNMgn12d000O2N1OdQ`00Wn_O52NPZYe1
20130811121434Ch_7,m\[Y13m61oa1OQ^N1ig[61TQfI2O1O0O2N2O1O001N2O1O00001O1O0O2O010O000001O000000001O00001O00000000000000000000000000000000000001O0O100O1000000O0100000OO20O100O10000000000000000000000000000000000001O00001O000001N101O0O100O100O100O1000000000000O10000O101O00001O01O001O0O100000000000O10000000000O100000O100000O10000O1O001O100O010000000000000O1000000001O00000O101O000O100000O001O0100O101O00001O00000O1O0100N2O001000O100000000O1000O010OO200NO2O2M210M2010O100O100N20000O10000O1010O000000O1000O100000O1O2N100N2O1N200N2NDHRQN9on1GQQN9kn1?0N2010O1O2M3O0O1N20000O1O1000000O1O2O00001O0000001N101O000O1000000001O00001O00000O10000000000O1000O01O10O10O0010O1O0O200N2O1O100OO011O10N020O010O0N20010N2O01000O000O200N101N10100O10N1O200O1O1000001O0O10000O1O100N2O1O1000O01000O1O1O010O1O00O20N2L3O110N2M3L310N2N1H900M2O1O200OO101N20000N2J600N3N2N1O101O000O100O1N20000N2O10000O1O10000N200N200O1N10100O01O010O0O11O10N0100O20O0001N20000N10100N1N3O10OO100O200N2O1O103J7K5J5L102Lnadc1
20130811121434Ch_8,VaaR12go152N4M2O000000000000QP40;1boK001FNePN2[o1NfPN2do1O1OF0fPN0Zo10ePN0\o10dPN0\o10dPN0\o10:000YPN0]o10:0J0[PN050Zo10PPT20\PlM000PP20O0PPN000[PN0\o10c00]O0cPN0^o10bPN0]o11bPNO^o12`PNO9Oin12mPNOco17iPNJdn15^QNJbn14aQNK_n14cQNL\n13dQNOYn13gQN0Tn12lQNORn12nQNOQn12nQNOQn12oQNMQn13oQN1mm10SRNOmm11URNMkm13[RNGem19R1M3O1Nh_Rg2
20130811121434Ch_9,_Ycb25jo12hP46koIN]n17\QNO_n1m0C;MERRNhNcm10[RNS1Vn1oNjQN6Po1IUQN0nn1Nb0010ef^\1
20130811121434Ch_10,XcWh11knk00TQVO000000000PP:0PPF000PQ80mn50SPB0000000So50mPJ0N101N02O1O0100oPNOSn11mQNOSn11mQNOSn11n000000000O10O0mPN0Vn12k01mPNMWn12kQNNSn13oQNMPn11RRN0mm11SRNNmm10URN1mn10O01O010OO1ROOoQN0Rn10o00nPN0Tn10n0000mPN0Vn10jQN0Vn11l00000000mPNOVn12jQNNVn12jQNNVn11kQNOUn11n0O0000010O0000d00bn74VP2LbPF020O0VQ20knM00000gN0bRN0]m11cRNO]m11cRNO]m10dRN0[m10gRN0Xm10hRN0Xm10hRN1Wm1OjRN0Vm10jRN0Vm10jRN1Tm10lRN0Tm10mRNORm11oRNOQm11_10O10O0100002N010O_Q80anG0VnY11hQfN0PP2OQPN1oo1OQPN010_ok00_PTO1010OO20O1000001O1O0010O0ioW10QPjN0ko70gQj00cnkN01000oo10no10PP20mo90Yni00lQfN10O10O10O10N2M2O1001000001O1O12OKZPN0mo10O0lahc1
20130825141154Bh_1,iabh22ko16M1O10O100O3KVP22QRL1`k14\TNMck16ZTNJek19YTNFhk1;n11N1001O00100O1O1O2O1N2N6IRQ46hnK3N1N2O1000O01O2N1O2O00100O10O001N1O3M3J8Hn[WT1
20130825141154Bh_2,afkn058=LCM2an1KiQNOF1onc22SQ\MMco1>J4K6K2K5N2VRNoNbl1R1^SNoN`l1R1aSNmN^l1T1bSNlN^l1T1V11O100O100O10000O2O000O1N1M4D;01N101O1O1O10O01O10O100M1M5O0O0O2N110N2N2M40ON2N3M3O1O1N2O1N200N1N201OB=K51N201L2N4K410001N1000001N10000O1O001O0000001^SNfN^j1Y1bUNiN\j1X1dUNhNZj1Y1gUNhNQNOok1Y1PVNhNRNOlk1Y1TVNgNQN0jk1Y1UVNgNQN1hk1X1YVNgNPNOfk1[1ZVNfNRNNck1[1]VNgNPNNak1[1`VNgNoMNak1Z1bVNgNii1X1XVNiNfi1X1ZVNiNei1V1]VNiNci1V1^VNjNbi1T1`VNlN`i1R1cVNmN\i1S1eVNmN[i1R1fVNnNYi1R1hVNnNXi1Q1iVNoNVi1P1lVNQOSi1o0mVNQORi1o0oVNROoh1o0QWNQOoh1n0SWNROkh1n0WWNQOih1o0fVNUOjML_k1o0fVNYOjMG_k1P1gVNZOci1g0]VNYObi1f0_VNZOai1f0_VN[O`i1e0`VN\O_i1e0oUNoN_N?ak1b0_VN_O_i1b0`VN@_i1a0`VN^O`i1c0aVN]O_i1c0`VN_O^i1a0cVN@Zi1b0fVN^OYi1b0hVN^OXi1a0iVN_OVi1b0jVN^OUi1b0lVN_ORi1b0oVN]OQi1b0PWN^Ooh1c0QWN]Onh1c0TWN\Olh1c0UWN]Ojh1d0WWN[Oih1d0YWN[Ofh1f0[WNYOeh1f0]WNXOch1h0_WNWOah1i0_WNVObh1i0jVNkN\N;jj1i0kVNlN[N;jj1h0lVNnNZN9jj1h0nVNnNXN:jj1g0fWNWO[h1i0fWNVOZh1i0hWNUOYh1k0hWNTOXh1k0kWNQOVh1P1]3O1O100N2O100O1O001O1O1O0O101OO001N3M201N1000010OO1001O0010O001O0000001O01OO2N2O100O1O1O1O1N3N2N2O1N2N4Km^fa2
20130825141154Bh_3,a\Qn21no12N2N2O0N1O1N2N3N1O2N101O002N1O01O1NmMAiTN>Wk1CcSN7O5`l1C^SNo0_O\OTm1D\SNX1CfNom1Y1=00O2O2kNaQNd0Ro1J9Dgn11[QN2N3L3O1N2O0000001OO11O0kRNDgj1<YUNFdj1;\UNGbj18_UNI`j17aUNJ]j16dUNJ\j15eUNJ\j15fUNI\j15bUNDeM6kl13_UNNgj10YUN1Ym13O0O101O000001N101O1O0O3N1O3Kkl;3SSD2O1N2O0O2O000001O0O2O4KTg^l0
20130825141154Bh_4,khbi0:do13L5J4N2O1O0010O010OWQNYO[n1g0eQN[OYn1d0hQN]OXn1a0iQN_OWn1`0lQN\OVn1d0d0O1O001N1O2M4Kf0N^O3N1O1O2N10000O100000002N000O10O010001O0O3N00000O01O1O1N2O0O2O1O1N2O1N3JUVeR3
20130825141154Bh_5,_WSk22mo13M2N1O100O00100O01O01O0N2M3O001^OLXQN5fn1c0O11O0O100O1O010O1O\OROXRNn0im1ZOnQNf0Sn1_OfQNb0[n1?3N2N2M3M3N2M3N2N2O1N2O1N2M4J7HQknQ1
20130825141154Bh_6,Yk\P21no13N1O0001O000010O01O1001O1N100O10O100O1NYP20hoM1O201N1N2O00001O00O010O010O2N3M1O1OVP>OkoA1O00000001NQPd00oo[O1010N^SYk1
20130825141154Bh_7,T_ah04ko1100O2O2M2O2O1N1O1O01N101O1O010O010000000O1000O1dNEQSN<[l1GhRNOl0;[l1GiRNOj0<[l1FlRNMi0>Zl1EnRNKi0`0Xl1FXTN:hk1GWTN:fk1HZTN8ek1I\TN6ak1M_TN3_k1NcTN1\k1OeTN1[k1NgTN0Zk1NhTN2Yk1HmTN6Vk1ElTN<\m1O10O0O2O1O1O1N2O001N1H8O2O10O00101N1O2N1O2M2OmN@gRN?Zm1DcRN<]m1F`RN;am1F]RN:cm1G\RN8em1JZRN5gm1KYRN3Vm1CcRN<8MUm1M^RN8>ITm1j0mRNSOdl1KRSNS1<nNdl1OPSNS1mm1mNSRNR1om1lNSRNR1_n1N2M5L5I7KlbXR3
20130825141154Bh_8,j\j`13mo12M3N3ePNGjn1:RQNJmn15RQNLQo12mPNOTo10kPN1Uo1<1N2IfPNF[o197O100O1O1O10000000GKhPN53Jgn13UQN3Wo1MjPN1Xo1O<000D0hPN1Vo11iPNOWo11iPN0Vo11jPN0Uo1OkPN5Qo1KoPN6Po1KnPN7Ro1HnPN8So1GlPN:Uo182N1O0N1010001N101O2EgcW\2
20130825141154Bh_9,kWeZ22oo13MO01OOTOMaQN4F0gn10WQN=NCln1g0=GlPN^O\n11oQN:JEUn15X12YPNL`o13bPNKohbd1
20130825141154Bh_10,embQ21oo100001O001O1O1O1O100O0010O00001O1O1NYoW2OhPhM100000OPSej1
20131027185354Bh_1,\djb01mo13N2N1O2O1O2N3M1O2OO01O0000001O01O0O10001O001O01002M10000O1O1O100O010O00001O1O00001O1N2NmPN4on13M101O1N2O00000O10000O2O000O1000000O1000000O1O1O1O100N2O10000O10O2O00000O1000001O0000001O000O101O0O100O1O1O001N200N2O2N1M3O3MPQj0OQoUO2N2N2O0O2N6J1O1O100O10000O10000O100000000000KfPNDZo1:iPNEWo1;7000O10000N2O10000O100000000000000001N11O0001O1CcPN5]o1JePN6bo101O00O2O0001O001O000010O00010O000000O2O0O101O001O1O1O^YgP3
20131027185354Bh_2,^aUd12mo13N1O1^PNOSo12kPN0OL86nm1NjQN0N61OWn1IjQN2Ng0cn1YO\QNg0gn1VOZQNi0in1SOYQNm0mn10O1GRO_QNn0gn1MSQNYOjn1g08M3N11OO101O1M3N3NXQNGlm19TRNIjm17XRNHfm18\RNHcm18`RNF_m1:S100N11mQNCdl1<]SNH_l18bSNH]l19lRNHIOYm19nRNJHMZm18oRNKHLXm19RSNIYOK82\m1;USNFHMQm1>i1000gPNBRo1;oPNIon15RQNNPo1KSQN5]o1N3M^^lX2
20131027185354Bh_3,eajZ21oo1000000000QP40noK10010O001O001O01O01O0000000001NXP40hoK2O1N2O001O0000001O001O1O000010O010O010O001O010O004L2N01000O01O100O010O001O1O001O00001O0O10000O10000000O2O00CGSQN9ln1KPQN5Po1LPQN4on1MQQN2Po1NPQN2Po1MQQN3on1MQQN3Po1KQQN4Qo1JQQN5]o1O2N3MVPj02hoUO2N2O001O00001O00000010O0001O00001O0001O001O1O001N102MVP>1ioA2O001N6K2N1O1O0O101O01O000001OO1O1O1M4M2O2N2NS]iZ1
20131027185354Bh_4,jd`h2?1FXo1f0L001N100001O000O1O2M3J6M3O01001O01N100O100000010N2O0O1O10O01O01O2N001O1O010OO2TOAURN?km1AURN`0en1010O1F^OUQNa0jn1AUQN`0kn1_OVQNa0Uo1O0100O10000O10000O0100O1O001O00000010O001O100oPNB_n1>^QNFan1=WQNGjn1h00O002N1N2O0O2O001N3N001OnN[OjRNd0Um1^OkRNb0Tm1_OkRNa0Tm1@mRN?Sm1AmRN`0Rm1^OQSNb0nl1]OTSNb0Vn101N2N101N2O0O1O1O3M3M1O2NlXiP1
20131027185354Bh_5,SUg\31no13XPNN\o14cPNN\o12dPN0Yo11gPN0Zo1NfPN2Zo1MhPN3Wo1MiPN3Wo1LjPN4Vo1KkPN6^o110003M000010O1O1O1N1000O010O100O1O01O1O100OO2M3O00100L40O01000O2L310O001004HAePN?[o13O10001ePN_OUo11kPN?Uo161O0O100\OnPN20KSo11QQN0Xjb?
20131027185354Bh_6,Se^Y33lo14K4M2N2O0O1O101O000000000_SNB`i1?^VNBbi1`0ZVNAgi1`0WVN@li1a0oUN@Rj1a0cUN_OnMOal1b0aUN_Ohj1b0[UNXOgj1g0Z2000O10O01000O0100O1O10000O10O100O100O10O02O2N0000O1B_O]QN?an1CaQN;_n1EbQN:]n1GeQN6\n1JfQN4[n1KgQNO_n1Oj0O10N1L4O0012N0Oj1MYN2O1O01O2N1N=4]O3O2N2VOFlQN:Sn1HlQN8fl1FoSN4ZO6fl1HPTN3XO6gl1GQTN4WO6fl1GSTN4VO5gl1IQTN7SOOml1JQTN9POLPm1JQTN;oNFSm1OQTN9mNDVm1NSTN=Rn1N1O4L0O3JPN1o17J4L2M5L3VSNZOni1OgSNj0i1]OUN5Tl1g0mTNmNBk0_k18nTNPOAi0`k18nTNoNBj0_k1;kTNjNGl0^k19lTNiNGo0]k17nSNkNa1P1aj13oSNmN`1P1bj11YTNQOj0n0lj10[TNTOg0l0nj10[TNWOf0g0Pk11ZTNXOf0g0Qk11XTNYOg0e0Rk12VTNZOh0c0Rk14UTN[Og0a0Uk15STNZOh0`0Vk16QTNZOi0`0Wk16oSNZOk0`0Vk15PTNYOk0b0Vk14PTNYOj0d0Sk14WTNSOi0h0Pk15eTNQOOk0Yk16dTNUO2d0Yk18dTNVO3a0Yk19dTNWO2`0[k18dTNVO3b0Yk17dTNWO4`0Xk1LnSNFf0M8=Uk11nSN@h026<Uk11oSN]Oh047<Tk13kTN@5;Pk14kTNA7:Sk1BeSN9R1L78Yk1H`TN095Yk1J^TN1:4Zk1H]TN3<2_l1NdSN0\l10d1M_PN2\o15dPNJ[o1762M2<CZmQ1Ok^c;
20131027185354Bh_7,fPiU23lo14L2O001N2M200O10O01O0001N2K_PNJbo146N2O2NTQ81knG2N1YOMaQN3^n1OaQN1^n10aQN1_n1ObQN0^n11aQNO_n11aQNN`n13e010ObPNKRo16mPNKQo17nPNLnn15SQNLln14TQNLkn15SQNMln1e0O000000000001O0O2O001N100O101GhPNHXo17jPNGWo19iPNGXo17iPNIWo17iPNJXo14gPNM^o1MbPN6co1100O0O2O000000000000O001O1O2N1O1O1O1O1O10000O01O10001O00001O00O2O001O1NonRd1
20131027185354Bh_8,\cXd21PP20O001O0001OO0lo30hoK0hPN1co10HObPN1`o1O^PN1]Qj3OgocN0UngM0TQJ1]o1O]O0WQN0]o11ZOOZQN1en10[QN1dn1N]QN2cn1N]QN2cn1N]QN1Yo101O00\O0XQN0\o10]O0VQN0]o11O000^OOVQN1\o12O1O1YPNL_o1:1M6H`o50ePJ000QP60kPH0Wn11gQNOYn11gQNOZn11eQN0[n10dQN0\n11dQNN]n11cQN0\n11cQN0]n1OdQN0\n11dQNO]n10bQN1Wo1OZOO]QN1dn10ZQN1en10[QNOgn11WQNNjn14b0O2N0002M3SYmP1
20131027185354Bh_9,oV]f2121ao1<M2fPNCmn1a0QQNAnn1?RQNAln1?UQNBjn1;[QNDdn1<]QNEbn19`QNG`n19`QNG`n19_QNHbn16_QNK`n15`QNL_n14aQNL`n12bQNN]n11eQNN[n11gQNOXn10jQN0Tn11mQN0Qn10PRN0Pn1O]QNK=6Vn1N]QNM<5Wn1O]QNL<5Wn1N^QNM:5Yn1N]QNJ:2D0gn14lQNLZn14fQNLZn13UQNK<0an15SQNNa0NSn13^QN2:MWn11_QN38NXn10`QN180Vn10cQNN82Un10YRNOhm10XRNOim11XRNLjm14R1O1OaPN0nn11QQN0nn10PQN4nn1MPQN5KHon11WQN>hn1BWQN`0hn1@XQN`0in1^OYQNa0So1DfPN1\o1LgPN3Yo1LhPN1So56gPJK[o1d0K1N01O`QNYOjm1e0VRN\Okm1a0VRN@km14`RNLbm1NUkjU1
20131027185354Bh_10,nUYg21]P:0SoI0oPL0`o1000M2_PNNco11001ORPN0ao11gPN0\o1Ogo=0dPB0TPN0fo10[PN0do10\PN0eo30ZPL0fo105001SPNOjo121O^PNOoo72foIOO0N001OOZiPV1
20131027223034Lh_1,hdhi22mo12N2ZPNOZo1?M2N2N0010O01O0001N1N3L3O2O001000O011OO01000O100O01000O1000O10O1000kPNDdn1=[QNDdn1<a00O001mQNBbl1>ZSNBgN2om1;ZSNHfl19XSNIgl17YSNJfl17YSNIgl17ZSNHgl18XSNHhl19XSNEjl1;USNEkl1<VSNBkl1>VSN_Oll1a0Z10O10O100O0010O01O010O00100O001O1O1O1O2NjPNM`n12_QN0an1N^QN5dn1F]QN<So1001DEPQN<on1GoPN9Po1JnPN6Qo1=0000kNUOUSNj0kl1ZORSNf0ml1\ORSNd0ml1]OTSNa0ml1@SSN?nl1@RSN`0nl1@SSN`0ml1_OTSN`0ml1_OTSN`0ml1^OUSNb0kl1\OWSNc0Tn1O2N1O1O2N1O1O1N2O2LYYco0
20131027223034Lh_2,dPkV22mo1101O0O101O00000000001O0001O00001O00001O001N101OfPV10WoiN4M2SOL\QNO67^n1LYQNN78`n13^QNNbn12ZQN2fn10VQN2jn1b000001N101O001O1N2O1O1N2O2N2M3N5I4IYP>NmoA2N2O0O100O2O000O1000O1000000O1000001OO10O100000O100O1000O2N1O100O2MSoTb1
20131027223034Lh_3,Pami2:co15K3I7\Od0L4N2N1O10O10001O1O100000O1O1H8L4N3N2N3M2O1O2N001000O1O1O1O001N2N1N3M2N2N2N2M3N2N2N2N2M3KZRNlNjl1S1TSNSOil1m0USNWOil1j0bRNUO14\m1o1O1O00000O01O01O01O000O010000O2M2O10O0O2N21O001O0OTOfRNVOZm1e0RSNQOPm1m0VSNnNkl1Q1Q1O200O2_O`QN_Oan1`0`0N01mNXO_RNZ1am1jNYRNX1hm1jNTRNW1mm1jNQRNV1Pn1kNnQNU1Sn1jNnQNV1Wn1bNlQN]1[n110O2N1O101N2N2O2M2M3N3L6I7JZbXo0
20131027223034Lh_4,nace13ko13O0lPNOZn1NgQN4Ro11N1N2O2N3M3M3lPN@]n1h0^QN]O_n1S1N2N10ROfQN8Yn1GkQNDN6Wn17YRNHdm1:]RNEbm1;`RN^O[ONUn1e0P100N3L4N2O2L3M4MV^bX2
20131027223034Lh_5,ddnc04jo14M4L2N1O2O000O100000000[QN_Okm1a0SRNCkm1=TRNEkm1;TRNFlm1:SRNH]OG^n1`0URNLjm14WRNKjm14VRNLkm14TRNLmm13TRNLlm14TRNLlm14URNKlm15TRNIPn1O[QN0b01Un1J]QN5=1]n10cQNN^n12bQNN_n11aQNO`n10aQNN`n13f000O10001O1NjP`00Vo_O2N2O1N2O1N1O2O0QQNFXn1;fQNGXn1:dQNK[n16cQNK\n17bQNK]n15cQNK\n17bQNK]n15cQNK\n16dQNJ[n18dQNH[n19eQNG[n19eQNHYn19gQNGYn19gQNFZn1:fQNFYn1;gQNEYn1;hQNDXn1<hQNDXn1<iQNBXn1=jQNBVn1>kQN@Vn1`0kQN_OUn1a0mQN\OTn1d0nQNXOUn1g0b0O1000001N10000O10000O100O1O1O100OVOERRN9om1IoQN6Qn1LnQN4Rn1NlQN1Tn11kQNNVn13jQNLVn14jQNKWn15iQNJXn16iQNIWn18iQNFXn1:iQNCYn1=e0000O10000000O1O0L5O1O1O100O100O2N`Rd00Sm[O?M3N2N2N100O1O1O1O1O100N2O1O1O1O1000O1O010O1O1O1N2M3M3N2O1N2O1O2O0O2N2L5HbP41boK3M2N2O000O2O0000001O000000000000O10001N1O2N2KbYco2
20131027223034Lh_6,bZYk03io1NXPN5go120100O001O0000010O001\PNFao1=0O1O1O001M2O1O01N2O2J5O1000O100O1IbPNK`o12_P<MloC1O00000O100O1O01O01O1O100O10O1000001O2N0O2O`elP3
20131027223034Lh_7,]glW21mo13O001O000VQNLhm15URNMkm13TRNNmm11SRNOmm12RRNNnm13PRNNQn11oQNOQn12nQNNQn14oQNKQn15oQNKQn15oQNKQn16oQNGSn19i01010O0000001O1O1O1O1N101N0101O1N101O1O1O001_PNJVo16jPNKVo14iPNMWo14hPNLYo13gPNMZo12fPNN[o11ePNO[o11fPNN[o12dPNM^o129O1O1O4NN01OUP82ioG2N002N010O01000O01O1OWOLhQN0Zn11j00aX_c1
20131027223034Lh_8,b`ak01no13RONiQN4Un1NiQN4Un1NjQN2Vn1NiQN3Vn1OiQN1Wn1OjQNOWn11iQNNXn12hQNNXn12hQNNXn13gQNL[n13eQNM[n14dQNL\n15[QNIK2kn16WQNJM1kn16UQNMMNnn1j0O101O000001O4M1N1O1XOnPN`0Zo1O1O1O2N1N101O1O1O1O00VOHmQN7Rn1KYQN0=4Yn1NYQNO=3Zn1NYQN0<2[n1NYQN0<3[n1LYQN1;4]n1IZQN188^n1GjQN:nn11O0HFoPN5Qo1LoPN4on1MRQN2nn1NSQN1nn1NRQN1on1NSQN1nn1NTQNOi^PQ3
20131027223034Lh_9,imda22no12N1O1O000O101OO10O10000O01O0O110000O10O100000000000O1NO[PNKco16310O10O10O1O100O2N1OMN61fRg[1
20131027223034Lh_10,^\U^13io16L3N2O1N1O1OO100N2M4O001O1O@KWQN4hn1OWQN0in11XQNMin14`010O100O101N3McdV`2
20131027223034Lh_11,[\U^133Obo10dPN1Wo1OlPN0To1OnPN1Po10QQN0mn10TQN0kn10VQN0in10VQN1kn1NUQN2Zo12M30N200MTma22nR^M2N10O2MefR^2
20131110185354Bh_1,Tc_V1:eo13L3N2O10O100O3N001O0O10O0010O010O001O1N2N100O1O1O100Odnk23WQTM4H8K5N1N3M1O1N2OO2N2ZORQN9kn1L^QNGen1:?2N2O1N2K5L201O1O1N1N3M20O01N2O20O2O10001N1O01O0O2O0M4J4K5I9M2N2ZOWNRSNm1ol1b0O0O1O1OO3H_NkMfUNQ2Zj1VN`UN@jNP21TNek1a0]UN^1lj1dNRUN[1mj1hNRUN7CYOZk1b0SUN5FUOWk1f0TUN4jk1LXTN3hk1MYTN2fk10[TNNek13\TNKdk16]TNIck15`TNJak13dTNIlm1M2L4L4O1M\b\`2
20131110185354Bh_2,YgPX39Q10Zm16_RN0^m13]RN0am1;SRNHkm1W10000001O001N1O1M3MnMdNfUNZ1Yj1mNcUNP1_j1RO_UNn0aj1SO^UNk0dj1VO[UNj0fj1VOYUNi0ij1WOVUNh0lj1WOUUNg0nj1WORUNi0Pk1TOQUNj0Uk1QOmTNn0Sm1M3O1O1OPOZOgRNf0Xm1_OeRN`0[m1BdRN<]m1GaRN8`m1I^RN6cm1L\RN2em10ZRNNgm15VRNJkm1;mQNFTn1R1\OaNiRNX1]m1lNaRNU1]m1QO[RNR1em1e0N10O101N2N1M4O0O1000001OO10O1O2N1O2M4N1N2N3N1N3M2N4M1O2L3I8K4M5L3M3M\[Uc0
20131110185354Bh_3,T_Wl14ko12O1O0001O0000O10O01O1O001O1O1O10000O10O1000000O2O000O101N2N2MYoQ12ePnN4N1N1O1O1000000O010000O01000O001O010O1O10O00001O10O1O001O0010O0O1N2O2O10N100001N101O0100O01O00O2OO110O01O01O000001O01O00O110000O010O10O1000O0100000O01O10000O10000000O010000O01000O2O0O1000O0100O10O10O101O00O100000O101N2O\chi1
20131110185354Bh_4,bXWc09fo13FEiPN`0To1BiPNb0l0BSm1e0iRN]OXm1c0gRN\OZm1e0eRN[O^m1c0bRN]O`m1a0iQN^O>1Yn1;fQNDan16_QNIdn15[QNKen16ZQNJlm1N_RN:om1IPRN9mm1HSRN8km1JURN6jm1JWRN5im1LWRN4hm1LYRN3gm1M[RN1dm10\RN0[m1FRRN:e0OXm1GSRN9g0OVm1HSRN9h0N^m10eRNO\m1OfRN0]m1JhRN4cn1Mjo7OXPH2O1YPN2om10RRNMe0OZO6mm10RRNMm04Qm19oRNHPm17QSNInl18QSNIPm15QSNKol14QSNMPm11QSNOPm10PSN0Qm1OoRN1Sm1MmRN3Vm1JjRN6Vm1IkRN7Vm1HkRN7_n10O01000O00001O000O1O00100N2L5N1N2O1N2M2O1J6O1002M2K4O2N4E:FaPNO_gjW3
20131110185354Bh_5,Wl`g28eo1=D5J6K3N3M\OXQN6dn1FeQN8Xn1FPRN5Pn1G[RN0hn9ORPH5L200OO3Mko9MWPF2O10O3L_Q8NllG2^SN2_l10aSN0]l11cSNO]l11cSNO\l12dSNO[l11fSNOYl10iSNOVl12lSNLVl10n1NiSeU1
20131110185354Bh_6,d[aj04jo14M2N1O2O0O100O100000O1000000O2O1N1O3Kno30SPL2O2N1O1O100O100000O100O1O2O1M3Mao;1^PD4N0O2N1000O101O00000001O1O1O1N101O1O001O001O0100O00001O1O00001O00001O1O001O0001O00000AITQN8in1OSQN0mn13QQNMnn15RQNIon18QQNFon1;SQNAon1>91O0M3N3N11O0N3O1N2G9N3M3NUfdn2
20131110185354Bh_7,eWic13lo12O001N101N2N1O2N2O001O1000O6J2O1N000O10001O00001O1O00001OYPN0^o10aPN2fo11N1O1O10M200100O011O00002N1O1O1O1O0010O002N1O1O2N1O2LggbX2
20131110185354Bh_8,oa`T23mo11N3N1N3M2O0000000O1O001O10O10O10000NAcPN>]o13000L400O10O10OO2O0010O0001O00010O10000O2O0O100O2O0N20000O01000O100000O01000O1O10O01O10O010000O01000O01000O10O010O010O001O0001O01O010O0010O100000O01O100O0010O01000O10O100O010000O100O101O0O10001O000000001N100O100O1000000O10O1O1O1O1O100O010O100O100O10000O10001O00000000000000001O001O00010O1O00000000001O01O0001O001O00001O00001O00001O0O2O1O001N2ObRX4LamgK3M2O1O1N2O00001O00010O00001N1001O00000O100O2O0O1000001O001N2N2Nf\UY1
20131110185354Bh_9,eVQe23mo11O000O1001O0OaPd00`o[O3K2O2N100N2O1O0O2O0N2001O1O010O001O0L5O001O001O10O0100O010O010O01O01000O100O100O10O0O200O1O2O0OhihV1
20131110185354Bh_10,ma\T25ko12ML[PN1co1O^PN5]o1JfPN5Xo1LiPN3Wo1LlPN3So1LoPN3Qo1MoPN3Po1NPQN2Po1NPQN2Po1NPQN2Po1MQQN3nn1MRQN4]o1O10_OMTQN4ln1LTQN4kn1LVQN3jn1NVQN2in1OWQN1in1MhPN0>3jn1MYQN3gn1MYQN2hn1NTQN6ln1JTQN3on1MPQN1So1OmPN0So10nPN0Ro10mPN0ao30Woa50PP\J0e10UO000SO0jQN0So10000000no30Uo30mP>0PPZO0000000RP<0e_Qa1
20131110185354Bh_11,Z`go22no11I1[PN0co18M3N1N1O2O0N1J610L31O1O20O010OO20000O001O001000O0C\O]QNf0an1=000O2O1O001O2CSQNDnn1;TQNDln1<VQN@ln1?;00000000O2O0O101N1O1O2O1MQP\1LTPdN4L2N2N2O0O1O1O100M3M3O010O0001O1O1N2O100N2N1M4N3M2N200Nmo]10TPbN2N2O1O0O101O001O00000O2O1O0000010O003M9G001O010O00000000001N1000000000000lQNWOQm1i0mRNZORm1g0lRN[OSm1e0mRN[OSm1e0lRN]OSm1c0lRN_OSm1a0mRN_OSm1a0lRN@Tm1`0lRN@Tm1`0kRNBTm1>lRNBUm1>jRNBVm1=kRNCUm1=kRNCUm1>jRNBWm1<iRNEWm1;iRNEWm1;iRNEXm1:hRNFXm1:hRNGWm19iRNIUm17jRNKUm15kRNLTm14lRNOQm11oRN6jl1JVSN6kl1IUSN6ll1IUSN6ll1JUSN6ZOVOZm1d0\SN<dl1D\SN<dl1POiRN;d0e0bl1POkRN:c0f0bl1oNmRN:a0g0bl1oNmRN:b0g0`l1nNPSN:a0g0_l1oNPSN:a0g0_l1oNPSN:a0DXOP1Wm1ROPSN:d0d0[l1SORSN8d0d0Zl1UOQSN5HGm0n0[l1UOQSN4IIk0n0[l1UOQSN3i0h0Vl1TOSSN3g0h0fl1VO\SNj0nm1N2N101N5K7IbP2EhoM020io50VPJ0lo30VQR10]mmN1RSJ0Z]f`0
20131110185354Bh_12,RaaU24go1OZPN2`o1:O010O011O000000JaPNK_o14bPNK_o1;001N2O1N100O1O1000O1000000O10O101O0O100O001O1O1O[_Th1
20131217192134Ch_1,mjl`25io18J1O2N1O2N2N4M01000O000000O1O1O002O001N1O2N2N4J5Le06RO9J6K1O2N11O001N101N101N101O0O2N1O2N101N1O2N1N3MPQh3OPmWL4mSN2nk12oSNOok15oSNLok16PTNJok19nSNHRl18nSNHQl1:mSNGSl1:lSNFSl1<kSNEUl1;kSNDVl1OdRNNT14Xl1MfRNNR15Xl1LhRNNP15Yl1MhRNMo05[l1MfRNNo02^l11bRNMQ11^l11`RNOS1M`l14[RN0U1Lbl1`0`SN\Ocl1c0_1M2N4K5ImScV1
20131217192134Ch_2,o]US37eo15M3M2N2N1O1O1O2N1L31O001OO20101N3N1O1`M4jTNLRk1`0gTN_OVk1i0fTNVOXk1o0gTNoNWk1U1iTNhNVk1Z1mTN^NVk1d1b11OO1M3QOo0M3NoRN[Omj1c0RUNAlj1>SUNFlj18VUNHij17YUNIej1OfUN0Vj1MTVNNki13\VNBgi1`0l21N1N2N2OO2NaUN@de1=[ZNEge19ZZNGhe16ZZNJie1O\ZN0a\fi0
20131217192134Ch_3,Yb\e24jo13O1N100O2N1O10O010000O10O10001O0O10000O10001O00001O00001O01O002N1O1O001O001O1O001O10O0001O01O0001O0001O00001O0001O01O01O1O001]QN@dm1`0[RNCdm1=[RNDdm1<\RNDdm1=[RNDdm1<\RNEdm1;[RNEem1;[RNEem1<ZRNEfm1:ZRNFfm1;YRNEhm1;XRNDhm1<XRNDhm1<XRNDim1<XRNAim1`0k001O010O01O0000000WRN^OTl1b0lSN_OSl1a0lSNATl1>mSNBRl1>nSNBRl1>oSNBPl1>QTN@Pl1`0QTN^Ook1c0g10000000O10000000O1000000O2O00000010O2O1YO]OnQNe0D\Oom11^RNc0_O_ORn1O_RNl0_m1UOcRNi0]m1XOcRNh0[m1YOgRNe0Xm1\OhRNd0Xm1\OiRNc0Wm1]OjRNa0Wm1_OiRNa0Xm1^OiRNa0Wm1_OiRN`0Ym1_OhRN`0Ym1^OhRNa0Ym1^OiRNa0[n10010O000010O01O01O00001O100O2N3M100O101OO10O1001O1O010OhNSO\SNm0bl1UO_SNj0`l1VOaSNi0^l1YOcSNf0]l1YOdSNf0\l1[OdSNd0\l1\OfSNb0Zl1]OjSN`0Wl1^OoSN=lm1M3M3M3Mmm70TRH0i]_o0
20131217192134Ch_4,gb`^18go12O0O3N001N2N2N2O0O2O0001O00001O001O00000001O010O1O001O001O00001O001O010O1O10O01O000000000001N10002M10000010O01O01O0001O02O0O010000O100O0001O101N1O001O2O1N2O2M100O100O11N10O1O010O1O02O2M010O00000000000000001N3N2N1N2O1N1O2N1O1000O01N2N2O3N1O1O2N1NjQ^2NWnaM5L3N2N1O1O1O001O010O0000010O0001N2O001O0O2O001N2O1N3LPZaU2
20131217192134Ch_5,mcbX23jo1301WPNLeo18kPNGan1<[QNEen1<ZQNDgn1;YQNEhn1:XQNFhn1:`0N101O1O010O001O000000010O1O010O100O^PNLXo14gPNNYo11gPNOYo10hPN0Xo1OjPN0Vo11<001O0001O01O01O@MSQN3mn1NRQN3CMWo10VQN9hn1FXQN<fn1EZQN:en1HZQN8fn1IYQN7gn1IYQN7gn1IYQN7gn1JXQN6hn1IZQN5hn1IZQN5Zo1Md[Sd1
20131217192134Ch_6,gb\^13jo15ML4010O01000O01O00100O100010O01O01lPT1OVPZ21nnaL1N100O001O00O10000O100O00100O00a[gZ2
20131217192134Ch_7,hkjS24jo16M02Kg13WN3bPNFTo1f02KfM_OSUN`0nj1AaTN4cN9fn1IXQN6ln1<3L4LaNH^SN4`l14bRNNOM^m17^RN05G^m17^RN35E^m15`RN26G]m13cRNMan1JQUkj1
20131217192134Ch_8,SZbl178Ljn13QQN81G2Lan1j0\QNZOjn1e0WQN\Oan1KaQN`06F_n1<`QNDZn1K^QNb0:@Yn1f0fQNZOYn1i0eQNWOJ1Xn1k0jQN^OWn1c0eQN_O\n1R10fNdQNo0^n191O1M4WO\QN1hn1J`QNOcn10^QNNcn1M^QNOGLReWR2
20131217192134Ch_9,ia^m01no15I5N2M3N1N1000O001N11O0010000O0100O100O0100O1O00000100O1000001N2O2N0000000O10001N101N10io=LZPB2TPNM70Yo16ePNLZo14fPN3So1MmPN4Ro1LnPN5Qo1JPQN7on1FTQN;kn1DVQN<kn1CUQN>jn1CTQN=mn1CSQN;on1FPQN9Qo1GoPN8Qo1IoPN6So1HnPN6To1JmPN3bo1N\^Un2
20131217192134Ch_10,\e`a24ko12N2N2N2O1N2O000000000000O1OXQNHjm17VRNKim15WRNLhm14WRNMim13WRNMim12XRNOhm10XRN0hm10YRNNhm12XRNNim11YRNLhm14R1001O01O0000001O000O2O001N2OPQ43lnK1O2O00000001NQo=LSQB2O0O1000000000O101NTQN0mn11N2O1O010CJoPN6on1LRQN2mn11RQNNnn13SQNJnn18<001O2N1O100O1000O11O0O10000O10000O10O2OGAiPN05?Qo1CPQN=KAQo12XQN;Yo1N^PNF`o1<3M2M2M4MRYkW1
20131217192134Ch_11,`Ti\12ko15M2N2O000GHjPN8Vo1HlPN5co1K_ok0NePTO0O0iPd03Uo[O0hPN0`n11]QN1dn1MWQN8Wo1O20010O1O1O3KQo=OSmZ_2
20131230192154Bh_1,V`gf17ho12O1O000O2O1O0O01O0NO3010O1O100O1O1O4Kjnm02SQRO4L3N20ON2O2N2O1O100000000O0100O010O1O0010oQN^Ocl1b0]SN_Ocl1`0^SN@al1`0`1N1O2O0O100010O01O0O2OO0O2O2K4N2N2N2O2N10001O0O02O00O02N1N3O1N3N2M3N2M4KScXS2
20131230192154Bh_2,`XQn2:do14L3M4YN]OkSNf0Rl1\OmSNe0Tl1ZOkSNf0fm102J5O0O2N3O0010O1DJnPN6Po1NnPN2Po1`0N2OBTQNIln17WQNEkn1;4_OSQNa0jn1DUQN;jn1HTQN9jn1HVQN8jn1JTQN5mn1?0O1O0O2N2M3O1000O10O01OO2O1M2L5NmQNFdl19]SNIbl15^SNLbl13_SNMbl11_SNOcl1LaSN3deln0
20131230192154Bh_3,_TQc1`0_o15K4IZOoPNg0nn1ZOYQN`05^Oom10RRNa0LBom1OWRN>JAom11^RN8om1ISRN5km1MXRN0hm1O[RNOdm12T11O1000O1000000O10000O1O101N2O00000000O100O100_PN5mn1KRQN7mn1JQQN8nn1HQQN91Ddn13[QN91Ddn13ZQN:2CKOen15]QN97D[n13^QN89CZn15]QN8Ro1HnPN8Ro1HnPN7To1HlPN8To1HlPN7Uo1IkPN5Wo1KiPN3Zo1LhPN0Zo10<N1101N1O1O1O2N2aPNGTo19jPNJTo16lPNJUo15kPNLVo13hPNNYo12fPNOZo11ePNO\o1:11bPNESo1e00O001BlPNNUo1=2O1L5L4I`PNHho11\kTX2
20131230192154Bh_4,]RkU12lo14M2M3N2N1O101N1N2J5O2OBRQNKnn15>00001O0N2O2N110O10O100O1O1N3N1O2O0O0100O1O010O000000001HGiPN9Wo1GiPN9Vo1IhPN8Wo1IiPN7Wo1IiPN7Wo1IjPN6k0GYm13lQN6k0HWm13nQN5k0HWm12PRN5i0IWm12PRN4k0HVm13QRN4Ro1KoPN5Ro1IoPN7Qo1HPQN7\o1100O1O1O1O10O0100O01O1O1O1N110O1OUQNLlm14TRNMkm13TRNNkm12VRNNjm12VRNNjm12VRNNjm11WRNOjm10VRN0jm10WRNNjm12R110O001N102Nlndd2
20131230192154Bh_5,jVQf12no10O2O0O1000O10000000O01000I0]PN0co16010OL50O10O0100O1O2O0O101N100O10000001O00O100000O10000O3N001N101O00K_PNL`o13aPNM^o13dPNL\o14dPNL\o14ePNK[o15fPNJYo17gPNIYo1690000O01000OdPNJPo16oPNKPo16oPNLon15QQNLnn14RQNMln13UQNMZn1KkQN8KMYn1MjQN7MLYn1NiQN6NLYn1NiQN5OMXn1NhQN60LXn1L]QNO;90L[n1KeQN81Mgn13YQNMfn14[QNJfn15[QNKen15\QNJdn16\QNJdn15]QNKbn16^QNJbn16_QNHbn17c010O0100O01000O0100O0100O00100O0000010O01O1N2N200O2O1N]jPS2
20131230192154Bh_6,W\jl14ko13M3M4M0O1O2N100O10N20O0100000O100000000000O1000000O100O100N2O1O1N201N100O2N2NQQ:OQoE00000iog03TPXO1N2O00010O000001OUOMiQN3Vn1NjQN2Vn1OjQNOWn11jQNMWn13k00000000000000cPNLnn14RQNLon13QQNNnn11SQj0O_oUO2M101O1O0aPNLRo15mPNKSo15lPNMSo14lPNLTo16iPNKWo18fPNHZo1>101O0N2N2O2O000O100O100O1O1O1O10000O101O00000O2O001O0O10000001O0O2O000O2O001O0000000O10001O0001O0000001O0O2O001O1NYceh1
20131230192154Bh_7,SXW^22no10000000fP80YoG2O1O01O1Nlo3OVPL0PP22noM1N10001OO0100O010000O10O1ELjPN3Vo1OiPN1Wo1OiPN1Wo1OhPN1Yo1NhPN2Xo1NgPN3Yo1LhPN4Xo1LgPN4bo11O0O11O_PNKXo16hPNKTo17mPNISo17mPNIRo17oPNIPo18PQNHon18SQNFnn19=O1M3MPhX^1
20131230192154Bh_8,RkPR18go1101N1O1000O000000000000O20O01O10O10O01000O01000000O2O0000000O2O00001N2O1OfQ^31XnaL4M1O1O1O2N100O100O1O010O101O1N101O1O1O010OO2O005K0000O10O00000O2N2O1N2O1O002M3LdRce2
20131230192154Bh_9,Sb[e06Vii10gVXN7ZWNETa1<iWNEWo1m0D5gTN[OPg1S1_XNQOag1Q1[XNoNfg1Q1YXNoNjg1P1UXNoNng1o0RXNoNRh1P1oWNjNVh1U1^3L4M:E3M2O00O100O1fTNVO\g1k0cXNVO\g1k0dXNUO\g1k0bXNXO]g1i0aXNXO_g1j0_XNUObg1l0^XNROdg1o0f303M001OO1O2N1N2N3M2N2O1O1O1O000000O1O2M2M4@?O1M5M100O2O00jSNKbh14QWN>kh1@RWNe0nh1YOQWNl0lh1SOTWNo0nh1mNRWNV1kk11WMjNfVNY1Vi1fNkVN\1Ui1aN`TN0T2_1`i1gN_VNZ1`i1fNbVNY1ai1bNaVN]1Rl1O1O3M5K8H2N2NnMBdTN<Yk1JgTN3Wk13fTNLXk1:gTNWO^N5kl1i0bTNROeN3fl1P1fSN\OBI0Mfl1P3N0O10cM[SN^1el1aN`SNZ1bl1dNcSNX1_l1eNeSNW1^l1fNeSNX1]l1eNfSNY1al1[NgSNa1am1L3L5K7H7J5J6JP_dR3
20131230192154Bh_10,YeX\22mo13N1N2O0010O01O010O01O10000O10O010O001O0010O0000000O2O1NiPT1OXokN4M2N1N2O0010O00001O001O001N101O1O1O10O00001O0O2O000O2O00000[OGdQN8\n1HdQN8Ro11O01O01O01O01O01O001N3M\Yo]1
20131230192154Bh_11,cjfS11]Rj40RnkK0ao[O1O00000]OOVQN1]o1O]O0VQN0jn10VQN0in11WQNOin11VQN0jn11TQNOnn11QQNNQo12mPNNVo11iPNOXo11gPNOZo10e00\Q`01Yn_O10NgPod2
20140118180214Mh_1,Rffa26m03em13URN0im13TRNOjm12URNOkm12RRN1nm1OPRN2Qn1LoQN6Un1EjQN<Zn1^OhQNb0kn11_QNB]m1`0`RND^m1=`RNE_m1<`RNE`m1:`RNG`m18aRNG`m18aRNHom1FSRN9kn1O1O100O100O2N1O1O2LZWc\1
20140118180214Mh_2,UohS13io18K2N101N2O1WQNCnm1=QRNDom1;QRNFom1:PRNGQn18nQNHSn18mQNHTn17lQNHUn18kQNIDKWn1;URNL_OL]n17TRN5mm1JSRN5om1JRRN4om1LQRN3Pn1MPRN1Rn1OmQN1Sn1OmQN1Tn1NmQN1Tn1OkQN1Vn1MlQN2Vn1KkQN6Un1IkQN7Vn1GlQN8on10O1]PNLYo14ePNNZo1=O10O010O001N3N8EQofi2
20140118180214Mh_3,[alm27ho110O10O1001O00HJfPN6Zo1KfPN3Zo1OfPN0Zo11ePNO[o13cPNM]o14cPNK]o16bPNJ^o16bPNK^o15aPNK_o15bPNJ^o17aPNI`o16`PNJ`o16`PNJao15_PNKao16_PNIbo16^PNJbo16dPNJWo15hPNLXo14iPNLWo13iPNMWo13iPNMWo13iPNMWo13dPNL01]o12cPNN0N^o14bPNNbo12^PNNbo13]PNMco13]PNMco13^PNLbo146O00000000O1LK]PN6ao1501O2N1LBfPN=Yo1ChPN<Xo1DiPN<Vo1EjPN:Uo1GlPN9So1GoPN7Ro1HoPN7Qo1JoPN5Qo1KoPN5Qo1KQQN2Qo1Ma00001On^Un0
20140118180214Mh_4,lWY_11k02Ro11N10001O01O01O0@3nPNLQo16nPNJQo18oPNFQo1<oPNBQo1`071O1N2O0010O0001OO2O1O000O2O0O1O010O00O100010O@C^QN=`n1I\QN8cn1KZQN5fn1NXQN1in10TQN2kn1a0100O1O101N101N102M8I1O1N2O000000001O000000DCVQN<jn1EUQN;kn1EVQN:in1GXQN8in1GWQN8kn1GWQN7Zo1M4LQhV\2
20140118180214Mh_5,io^W31n20Rj10mUN3Sk=3hQD3N0000O2NkP6MVoI6L2N1000O3Ldn3M_QL3N200OO5Imo`f0
20140118180214Mh_6,mWai05ko16J3N1O2O1N1oPNDZn1>cQNE^n1<[QNIfn1o0I11N9eNYQNj0Po1O000O1O6L2L6J8GVfTU3
20140118180214Mh_7,\\gS36jo12N1M3M101O10010OO101O00SJDV\N;ic1JZ\N0dc14S61O03LaTZ28WkeM2O2M100O10000O1N2M210O000100N1O1O1O00110OO002ON3N2K8IejS4KdUlK1O1N2O00O1O3MXk\b0
20140309170314Mh_1,`SgX2;do12N2N2O1O1O10O1O5L3L4JgPR11XomN4M3N3M1O2M3O0O0100O2N1O1M6KcP6N_oI4K6L2N101O0000001O1O010OO1000O11N2O1O1N2N2N1N2OfP8H^oG5L5L4N2M2N3N1RQN@Zn1b0aQNHYn1P10O001O1N2O1O4K4L6J6I4L6IjhTa1
20140309170314Mh_2,YReh0`0[o1;I5L3N02M2N5K4I9F`V61fdI3fYNOUf18gYNKSf1:jYNHTf1<hYNHTf1<iYNJQf17oYNLne16oYNITf19iYNGWf1=dYND^f1>]YNAhf1>TYNDRg17kXNI]g11aXNNfg1NiWNA\M`0Pk1J`WNi0eh1POZWNS1ck1C`04OO3M2N2NfNXObSNg0\l1ZOfSNe0Vl1^OlSNa0Ql1DPTN:nk1IVSNOL5ml1OnRN92DQm1[1oRN_NUm1c1c010eNTRNa0lm1]OWRNa0km1ZOXRNf0lm1QO[RNm0en1H6I8ETiRT3
20140309170314Mh_3,]]]R34ko12O0O1N2F;M2O010O10O2N101O1O1O100O03N0O000O100O0000010O010O000N3O1O100O2M3N2N100O2O000O01000O0100O2POUQNh0So1N101]OlPN7_o1O100O100O0001N2N1O1O020O01O1O010OO2O0100O1O10O02N1O2M2O^c^h0
20140309170314Mh_4,[njV31lo11UPNOko113OSQd01kn[O2N101O0O2O000O101N100O1O1O1O100O1O10000O10O010000001O00001O00001O1O002O0O1OaPNIVo18hPNIXo1`00O002N1O010N100000000000001O0001O00O100000000000000000000010O00001O01O000010O00010O001O0GBQQN=mn1ESQN;ln1GSQN9mn1GSQN9ln1ISQN7mn1JRQN6nn1JRQN6nn1JSQN5mn1KSQN5mn1KSQN5mn1LRQN4nn1LQQN5on1KQQN5on1JRQN6nn1JRQN6nn1KPQN6Qo1JmPN7So1HnPN8Ro1GoPN9Qo1FoPN;Ro1DoPN:Ro1EoPN;Ro1CoPN=Zo101O0000001O000O01J50100O01GfPNLZo15gPNF[o1;500001O00000001O00001O1O001O2N001O0OeNKoRN2Qm10a1NjQW?
20140309170314Mh_5,[ofW31no10PP20QPN0mo;0PPH0RPL010O0mo11VPLOko130O100O10001O10jPb03To]ON1OVPn20joQM0000000\o;0dPD012NN01000O11O01ORP:0noE000]PQa0
20140309170314Mh_6,`ejQ23mo11O2O2NO00L5O16KN2N20O00O3N0O2O1NCcPN8^o1EdPN:co1MnYml1
20140309170314Mh_7,`[Yg22mo11O1[PNM\o14cPNN[o15cPNK]o16bPNI^o193100O01M21001O0O1N30N3N001N3N3OO000O2N0001O1NMaPNG_o19bPNG]o18dPNG]o18600L5Obd^V1
20140309170314Mh_8,gSmi11mo13N1O1000OL40O02O0O2ON20OO2N2ON3N2000000O100000O2N101N3N^mXT2
20140309170314Mh_9,iVU^34lo11N100DNjPN2To10lPN0To11kPNOVo10jPN0Wo1OiPN1Zo1KhPN4kn1LbQN4\n10bQN0]n12bQNM[n1NTQN5a0L\n19bQNH^n18aQNHdn14[QNMfn13XQNNjn11TQN0mn11QQNOon11QQNOPo10oPN1Qo10nPN0Ro10nPN0So1OmPN1So1OmPN1To1NlPN2To1NlPN2Vo1KkPN5`o101O0000O2SOIoQN7Qn1IoQN8Pn1IoQN7Pn1JoQN8Pn1IoQN8Pn1HPRN8Pn1HPRN9nm1HRRN8nm1HRRN8nm1IQRN8nm1HSRN7nm1HRRN8nm1GSRN9om1EdQN1O9jn1IUQN7jn1JWQN6hn1JXQN6gn1KYQN5gn1KYQN5hn1JXQN6^n1DaQN607^n1EbQN219\n1FRRN:nm1FRRN:nm1FQRN;nm1FPRN;Rn1DlQN>Tn1AlQN`0Tn1_OjQNd0gn11O2O000O1N1000100N2010O1BTQNEon1;<I`QNIim1OWRN3jn1O20Qih<
20140309170314Mh_10,Z]ga12mo11O2N101N100000000O1000000O1001O0000001N101M20WoU1OdPjN9K2O2N1O2O1N10000O2O0O10001O00000000000001OO10O2O0000001N101O1N2N2O000O2L5M2N2Nine20XQZM1N10000O100001O0O2O0O2Omoi05noUO2M2O1N2O001O002M2O001O1O000000000001O000000000O2O0000000O1000O10O0100O100000O0100O1000001O0O101O00000O2O0000001O00000000000000O10001N101O1N101O001O00000O100000000O10000000000000000O1000000O1000000O10001N1000001N1O2O0O2Lioi02XPVO1O0O2O000O100001N2O2MWeVl1
20140309170314Mh_11,fWSV31no13M1O1O1O2O00O100000000O010O001O1000O10O100000000001O0010O10`PNKVo12iPNOWo11iPNOYo10fPN0Zo10fPN0Zo10fPN0[o10dPN0\o10ePNO[o1290001O00001Nfo;2YPD3M2N2N3M1O0010O001O001O100O2IZPN3ho10010O000001O01O00KK_PN5ao1K_PN5`o1M_PN3ao1M_PN3ao1L`PN3bo1L^PN1eo1O7OYhdd0
20140309170314Mh_12,eWSW31oo100000O100000000001O00no_12RP`NO11gn9ObRDOZm12fRNNYm14fRNMXm15ZRNJB1Sn17[RNHB1Rn18\RNGA2Rn17^RNHYOO`n19XRNLgm15ZRNJfm16ZRNKem15[RNKZOKRn1;dRNJZOKRn1;eRNI]m1MiQN:j0I]m1MiQN:k0I[m1MjQN9k0K[m1MhQN9m0ESO2Xn10hQN:l0DTO2Xn10hQN:P1EYm10gQN;P1E^m1:aRNG_m19^RNETO210Wn19dRNETO7Yn14cRNFSO5[n15bRNM`m12`RNN`m12`RNLbm13`RNJbm16^RNHdm18S1O0O1O2N2N1OWQj13fnUN2O000000O10000O2O0O2O0O1000O2`N0oRNOQm11oRNORm11mRNOSm12mRNMSm13mRNMTm12^101N0000io30nPJ0Yo10ZO0\QN1cn1O]QN1dn10jPNO<1kn12VQNNkn11mPNNO1_o1OaPN2^o1NbPN2]o1NePN2Zo1NfPN2Zo1NgPN1Yo1OgPN2do1O1O010O00010OA0nPN0Ro10nPN0Ro10nPN0So10lPN1So1OmPN1So10mPNOSo11mPNOSo11mPN0Ro10nPN0Ro10nPN0Ro1OoPN1Qo1OoPN1Po10PQN0Po10PQN0in1OoPN091hn10]QN1cn1O]QN0dn11[QNOdn1O_QN1_n1ObQN2Vo10O001O0O0001M`o;0`jb<
20140309170314Mh_13,]]ka11oo1010O0000000G0bPN0go10F0dPN0\o10:0PP40QP20ooI001O0O4MO2O0Oln_2NWQ`M0PdlY2
20140322200714Mh_1,aXWQ34ko12N101N101N101O0000000O100O10O1000O100O100O00100N110O1N200O100O01000000000O100000000001O1O0O1000000000000O1000001N1000O100O001O1O010O10O100O01O10O10O01O10O010OO2ON2O1OO20N01101O0000001O0000010O010O01O001O1O1ODFSQN;ln1HQQN8on1<010OO1000O100O10OO200O11N10001O1O0000001O01000O01O1O10O01O1O100O10000O2O00001O000000000000001O000000000O1000000O100O010O100O10O01000kRN_Okj1`0UUNAjj1`0VUNAij1>eTN@kN2`l1>UTN_OXO3NMF4ol1=UTN@WO3NLG4ol1<UTNBWO2M4gl18TTNDWO0N4gl18RTNGXOMN4il18PTNHYOLN4il17PTNKXOJN5il17QTNKWOJN4jl17QTNKYOHK8jl15RTNJZOHK9il15STNI[OGH<jl14STNIB3[l13TTNIB4Zl13TTNHC5Yl13TTNGD6Xl13UTNEC9Wl13VTNDB:Xl12WTNCA;Xl12WTNCA;Xl12UTNDBL]O=kl13UTNDI9Ql13WTNBH>ok10XUN0gj11YUN0fj10YUN1hj1NUUNDTN9gl13SUNFUN9gl11SUN9mj1GRUN:nj1FPUN<Pk1CPUN>Pk1BoTN>Rk1BnTN>Rk1BmTN>Tk1BlTN=Uk1CkTN<Vk1CkTN=Uk1CkTN=Uk1CkTN=Uk1CkTNMYN3ll10kTNMYN2nl10iTNNZN1ml11iTNM\N0ll13gTNN]NNml14mSNDH:_OMml15jSNFI8ALml16gSNII7BJnl17fSNLF4DJPm16gSNLE?dl1EgSNME<el1GfSNNE:el1HgSNMD;dl1HiSNMC:el1IhSNLD;dl1IhSNLD;dl1IhSNKE;dl1JgSNKE:dl1LgSNIG8dl1NfSNJF8dl1NfSNJIK@0Qm1;fSNI4LVl1:iSNH2LVl19kSNK0KUl17QTNKSm15nRNJRm15PSNKRm10PSN0`n1Ojh^?
20140322200714Mh_2,j\_]14lo11N200bPN1in1OVQN2jn1OTQN2mn1MSQN4ln1KTQN6mn1IQQN9Po1EPQN<Zo1O100O1N1010O1000000000O2O1N2O1O00O2O00010O1O1O10O010O001O001N101O1N^Pj0NRoUO2kPNNO3So13iPN7Wo19OL5O1O2N10001O0001O010O0010O1HaPNM_o11dPNM^o119Oebb]2
20140322200714Mh_3,eRkn17go13N1O1_QNEoN9Qn13oRN1Qm1NoRN4ol1JTSN7il1JXSN7gl1G[SN9el1GZSN;dl1E\SN<dl1C\SN>el1_O\SNc0om11O1O1cNZO`SNf0^l1^O_SNc0`l1^O`SNb0_l1_ObSN`0^l1@cSN>^l1BcSN=]l1CdSN;]l1DgSN8[l1FiSN4[l1Jn1O1N`R41^mK4O0hm3NZRL2O001N2O000001N110NfUN6_d1J^[N8dd1EY[N?gd1AX[N?jd1@V[N>nd1@oZNb0Wj101OO02N1O3NSKJSZN4me1OQZN1oe10PZNOPf13oYNEYf1=c43N2N1O001O0100O1N1O3N2M1O2N3L4MTP8NooG2L2O2O1`QNJVm15hRN3Qm1NmRN6Qm1JnRN5Tm1JnRN3cn1LTk\k1
20140322200714Mh_4,kdPW13lo13M2N1O2N10O10O1O010000O10ZOJcQN4]n1NbQN1^n10bQNN_n12bQNIbn18b0100O010000000O0100O1000O1000O1000000O2N1N202M_Pn22`oQM1O0O101O0O1000000000001O000QQNJTn16kQNKUn16iQNLVn14jQNMUn13jQNNWn12hQNNXn12hQNNXn13gQNMYn13gQNMYn13gQNMZn13fQNLZn14fQNLZn15fQNI\n16dQNJ\n17f001000O0100O1000O0100O001O001O1O1O001O1M:1G1O001O01O1NZPN0fo12L3000O2O1MkZa_2
20140322200714Mh_5,[Zge23lo12N2N2N101N1O2O000O2O0001O00010O1O1O10O010O00000000O100O1O1O10O010O100O2GGhPN:Wo1HhPN8Wo1901O001O01O101N2OO01O100O001O1O0000000000000O100O10POC\RN=em1C\RN;em1E[RN:Vn1LTQN3mn1NSQN0mn12SQNLmn15?0O1O1O1O0O2N100000O2N3N1O1O2MefjT1
20140322200714Mh_6,XPgW24ko13M2N101O0O101N1000000cPNDVo1<iPNEWo1<gPNFXo1a01N100O0LfPNDZo1<410O1O1O01000000O2O0001O0001O01O0O2O1O1N3N3L2O`ok0O_PTO3N3M100O100O1000000000O100O1O1O1N3N1O1000000001N2O000O10000O100O1O010O1O01O1O1O2Nloi0NVPVO101O0000000001OePg`1
20140322200714Mh_7,XfZV34ko13N1N101O100O00100O1O010O1O0010O0001O00010O0100O00100O1O01fQNJil16USNMjl13TSNNml11SSN0ml10RSN0ol1ORSN0Pm1MRSN2Pm1KRSN4`n1Kfn71ZQH3M2O1O1O00100O01000001O0001O0000O2OO2O01O0001dNFoRN:ml1DmQN4U19kl10QSN1ml13PSNNnl15PSNKol18oRNHQm19oRNFQm1;nRNETm19nRNOll1LVSN5Pm1CTSN9ml1EWSN6kl1JVSN4ll1KUSN3ll1LWSN1kl1KZSN0lUcd0
20140322200714Mh_8,iZUo12mo14M1O2N100O0100O1O001O0O2OaPNMQo13oPNMRo11oPNOao10co;0\PD100000000oo7OQPH2N2O1O1O1O0100O1O1O000001O1N3N1O0O4M010O01O003N001N2N1O0O3N1O1Nbdfl1
20140322200714Mh_9,kcj_24jo14N2N1N2POEYRN<em1GYRN9fm1IXRN8hm1IURN9km1HSRNM_O3^n10RRNN@2^n11RRNM_O23HWn18YRNK@20LWn18bRNJXONWn16cRNMROO\n11dRN7[m1HQRN4O5om1GnQN;0NRn1HiQN?4HTn1d0iQN\OYn1d0fQN[O]n1d0bQNZO`n1g0`QNUOcn1l091N3N1M2O00QOaQN>]n1CkQN5Un1KnQN2Rn1MQRN2nm1NRRN3nm1KSRN5mm1KRRN7lm1ITRN8lm1HTRN8mm1FTRN:mm1DVRN9ln1L4Ko[a]1
20140322200714Mh_10,Yd\\11no12O02O0O0000`P20_oM2O0O2O0000O2Oook1NSPTN001O002L3O02N1OWPNMeo13\PNMdo12\PN0To1NVQN2E1Xo13jPNLL2[o12iPN2Wo1MlPNNXo10jPNNaZi_2
20140322200714Mh_11,URke16Z1Nkl1MQRN9n0KYm19`RNIbm18mQN5Xn1L`QN4gn1=6L5I6I7K^m`Y2
20140322200714Mh_12,lS[o12]nW11_QjN2kQNa0fk1AnSNd0iNZOVm13nSNb0PO[OQm13oSNb0PO\OPm14nSNm0Sl1SOnSNj0Ul1mNjRN2R1j0bl1UObSNa0[l1^OaRN0_o10eP20doM000E0dPN0UU2>oIFQQNMjn14XQNLfn12^QNN`n13`QNM_n15_QNLan12aQNNan10_QNObn12]QNMdn12\QNOen11YQNOin10VQN0ln11RQNOPo11nPNOUo1OkPN0Vo10iPN1Wo1OaPN8Tk5HiTL0O010O010O0O0QSN3li1OQVN4ni1KSVN3nl1Mjo1OWPN3O1O11KVm72PUF6bk1IYTN>gk1AQTNf0Rl1ZOSTN:om1IXNMYRN1V10el1OTRN2h0O[O1jm1:hRNIZONnm1;cRN4em1EYRN<en1O6G`kTk1
20140322200714Mh_13,YdXW11mo13N2N10O01O01O00003N1N1O010OYP:0goE1\o5OePJ0`PN1^o11@NRQN3mn1MSQN2nn1NSQN0on70`PJ00002N0O100000001O000bPNMPo12hPNN01Xo12gPNM12Wo11PQNNQo12nPNNSo12>O010OVPNOfo10ZPN1jo10001NP\Se2
20140322200714Mh_14,mjdU18go12N100YOJdQN7Zn1KeQN5[n1LeQN3\n1MbQN3`n1KaQN5lm1JhRN6Vm1NiRN2Um10jRN=il1DcRNH1f0[m1BVSN`0il1_OXSNb0gl1^OYSNb0fl1_OYSNa0hl1@WSN?jl1AUSN?kl1BSSN?ml1ASSN=ol1@SSN9Um1ElRN:Vm1DkRN<Vm1CkRN=Um1@oRN>Rm1BnRN:Vm1EnRN6fm3NkPN11KkU[h2
20140322200714Mh_15,_kRV14ko11O1^OKXQN7gn1IaQN0^n10dQN0Yn11iQNOTn13lQ:NUnEOgQN5Xn1KlQN1Un5O`QJ0\o12BOiPNO_o165JQU_h2
20140322200714Mh_16,godV15jo16J3L3N4M6K4kPNXOmn1U1G01YOiQN_O[n1;i0O00fPNKhn15UQNOjn12TQNN]n1GlQN:GN\n1KnQNd0Rn1^OnQN`0Sn1_OPRN>om1BTRN<mm1AXRN<ln1@\PN5PoPh2
20140403081714Th_1,T`dc24XQn10dnSN3M11M^P<MeoC5K2O3M2O004M0O00O02O000001OO10O10001O0100N112M1O0O1O1000003M6I4M3M11N30M1O1011NO03N0N9H0O1O3M105I3N1N6HcP>O`oA1O3N3M1N2O1O1O1O1O2O00O2OO10O1O1O000O5L2MmnU2OUQjM2O01Nj[WR1
20140403081714Th_2,mZgT38go11O2N100O2O000000O2O0O10000O10O01O101N101N2Mkoc13SP\N2M3O0N3N1EFoPN;nn1IoPN<mn1<O1O1O0010O0010O1O001O1O0O2O000N200N2N2N011O01O11N1O1N200O2N101O00O001O0OM5M3M4N01O1000000001O00M4N2M2N3N2M3O1N2M4H`SNQO]j1m0dUNUO\j1i0bUNZO_j1b0aUN@aj1=aUNC_j19cUNH^j17cUNH^j13gUNK^j11cUNNaj1N`UN1Ym1M^e^c0
20140403081714Th_3,ddPS32jo17L2N2N3N101N1\SN_Ofi1d0i22N200N2O1O100010O02N2O1N001O001O2N2M3O0O01N3M2N2M2O1O1O1O01O10O1O01O01000O1000001N101O2M2O1O2N100O001N8I6J0TO]NZSNc1GZN^l14kSNU2Ql1kMQTNU2nk1iMVTNU2ml1N0O3M2M3M2MUNXNcUNf1]j1\NdUNa1\j1bN^UNI_Nb1Tl1VOgTN]OWOY1Tl1\OaTN^O^O4H7bl16XTN@M5Pl1;STN_OM6Rl18STN@M7Xl10mSND0;Vl1NnTN0Tk1NmTN0Uk1NnTNOVk1LQUNNlUeg0
20140403081714Th_4,b]Yh04ko12O0O10001O0O1000000000001O000O100O101O0O100LDdPN<Yo18N100O1000AkPN3Uo1LmPN4Ro1LnPN4Ro1LnPN4So1JoPN5Ro1IPQN6^o10O000O100000000001N100000O100O10O100O100O10O01O010O001O100N20UoU14fPjN1O1O2O0O1O100O1000000000O100000000O1000000O0010O01O000O2N1O02O002O1N2O0000O0100O100000001O001O1O1N2O00001O000000001O0000000000010O0002M101O00001O00002N00000O1000O1000000000000O0100000001N10000O0100O10O100O100N2O1O1O100O2O0O2N1Neo92ZPF2M4M100O2N1O101O000O100000000000000000000001O0000000O10000O100O01O1000O1O001O1O100N200O1O100O10000O2Naddg2
20140403081714Th_5,Z_We23io16L3N1O100000O1001O001O001N1O101O0O100O1O1O0O2M3K5N2M2N20001OO2000O1001O1N2O001O000O1O1000000O10000O1O1O1000O100N2O1N2K5N2O100O001N100010O01O0100O1O1O1O2N1N1O1OO2L301O010O10OOO_OlN[RNS1hm1SOmQNQ1Qn1>0200000O3O01000O0O2N3N0N3M4K3N3N2N2M4M3M2N^MCdUN:\j1JiUNKYj18f22N2N2O0O100O1O2M1010O001O2M2O3L3M4J6K[fZR1
20140403081714Th_6,[bRg12mo13N1N101O1O1O001O001O01O00001O00000010O00010O0010O0000001O0010O100O001O0100O000001O01O0000001N10001O1O10O00O2O1O1OSP\12jocN101N2O001O001O000000010O001O010O01O001O1O1O1N101MkQR4OWnmK1O1000O1ORP40noK1U[cm1
20140403081714Th_7,QYUX21mo15M1hNMaRN3el1LoRN1<3cl10WTNOik12XTNJjk17P20O0`QNLTm15lQNN>Ofm13kQN162Qn1KjQN7O0Yn1FiQN:LOln10TQNOon1OPQN2To1ImPN`0Vo10O10O0O01UO[OYRNf0fm1\OZRNc0fm1^OYRNb0em1_O\RNa0cm1A\RN=fm1DXRN;jm1GRRN:om1GoQN;Pn1FoQN=nm1DRRN>lm1BTRN?km1AWRN>gm1B]RN;dm1B\RNa0em1ZO\RNh0Yn14M2OL5N01100O2@`0L4K[ild1
20140403081714Th_8,ZnlV14lo110OXP41doK5L4M101FEnPN;c1F`k10mRN<^1Gdk1MRSN;V1Igk1NUSN8Q1Ilk1OTSN9n0FQl1LgRNN<a0Qo11cQNBXm1;fRNE^m1:V10AIQQN8ln1HUQN9jn1FWQN;Xo1N2MfPag2
20140403081714Th_9,WPQT33ko13J6N2O1O10O0OaPND^o17ePNJbo7O[oIOhQN3Vn1OhQN3Wn1LiQN7mn13L4G8O1O1O01M2O11E\OZQNc0fn1@WQN`0in1BUQN>ln1OSQNDnn1:XQNAin1?XQN^Onn1=<N1M2OlPNL`n11cQN0]n1LfQN4To10hobi0
20140403081714Th_10,YSkZ29eo13N1lMMZTN5dk1d0bSN_O]l1d0]SN@cl1g0SSN\Ool1c0nRNQOHK\m1g0aRN]Ocn16nQNBUn1:j002N2N4LhnVd1
20140403081714Th_11,V_kd27ho14L2O1N2O00GcPNO\o1NjPN0Uo1OnPN0Qo10PQN0Po1OQQN0Po10PQN0Po10PQNOQo11nPN0Ro10nPN0Ro10oPNOQo11oPNOQo11?0000OPP20PPN10O10Yo9:\PFO2M2N3O1O1O2O00PP40QPL000O010coU11ZPjNO1010O0O10O10PP20dnQ14YSjNLRl14lSNMVl13k1MhP\1OebVR1
20140403081714Th_12,ZbPg12mo101O010O01001O00\QN0Xm10hRN0Xm10hRN1cn10001O^oe12`PZN001N10000001O000000JM`PN1[o1O>000VPN0eo10ZPN0fo11YPNOgo12XPNNho15YPNLco13\PNNdo12[PN0do10\PN1co1O]PN1do151H[PN3eo1L\PN5go100O2O00001N2Olo;1WPFNooM0RP`00no_O0O010O10O01O001O1O001HLaPN5eo10N2N21N3Lk\SR2
20140403081714Th_13,\gfj03go1<G6K4L4M4L4MZO[QN5an1GeQN9Xn1FlQN9Rn1FRRN:jm1FZRN9]m1MiRN0Tm10SSNKll13XSNLhl11\SNNfl1L_SN3Yn1N3LRn72kQH5]PN0on11oPN1Qo1OoPN0Ro10nPNN`0Jnm15fQNM<3So110O2O01O0O1001L`XoR3
20140410195814Mh_1,TVcg01mo19XL1QWN1jh13SWNOkh13TWNMlh15RWNMlh13WUNCc0:Xj11VUNG`08Zj10XUNH=8]j1L\UNH7<mm1000O0hNFkRN:Um1HjRN8Wm1FhRN<]n12L3L3M4N2N1O2N2J6L3PNnNdTNKPOZ1Zl1QO^TN^1ck1dN[TN[1gk1eNWTNZ1lk1dNTTNR1\l1gNdSN[1Pl1bN^TN^1`k1hN\TNV1hk1mNTTNo0Pl1VOlSNe0Xl1_OeSN>]l1EaSN73UO]k1f0`TN17XOYk1g0aTNO:VOUk1k0bTNNdl10]SNOdl10]SNOel1O\SN0fl1M\SN2gl1K[SN5gl1G]SN7fl1CmSNNVn1LgkZU3
20140410195814Mh_2,nWeg08^1Jhl1<SSNFkl1<TSNEkl1<USNCkl1>TSNAml1?Y110010[RNEek18[TNJlk1MTTN4km12O0O1000000O0@G[QN9bn1M[QN3cn10\QN0dn10\QN0cn11]QNOdn11[QNOfn1O[QN1gn1K[QN5Xo10O10000O10O\NFdSN:Xl1MkRNJ09Um1NjRNK07Vm1NiRNM05Wm1NiRNNO3Zm1MgRN2N1\m1JhRN6KO`m1EiRN=FNTl1I_UN:\NMTl1K`UN7\NMUl1L_UN8[NLVl1M^UN7[NMWl1L_UN5[NOVl1K`UN4\N0Xl1H^UN5\N3Uo10001O0O10TNNjSN1kk1=TTNAdk1i0\TNUObk1o0f11O1O0XRNUO]l1k0[SN@bl1`0\SNDal1<_SNEal17bSNK\l1NlSN2Tl1HRTN9mk1DVTN<jk1BXTN>ik1^O[TN`0fk1_O\TN`0ek1]O_TN?ck1@`TN;dk1C_TN4jk1HoQ`03TP@3M3O0O1010O0000000001O0000000000O2O0000O010nRNKYj14fUN0Xj10hUN0Xj1OiUN2Vj1MlUN2Uj1MlUN2Tj1MnUNOXMNke`Q3
20140410195814Mh_3,YSWe15jo15L2N200O001N200N11001N101O0O2O00O]OAdQN`0Yn1BhQN=Xn1ChQN>Wn1CiQN<Wn1FhQN:Wn1FiQN:Wn1EkQN;Un1BmQN>Sn1@PRN?jn1O1O2OO010O00000O10O0N3I8Lf0N]O4M1O0010N2NYn7MSnXW2
20140410195814Mh_4,URUd12jo17M1O0000O1O3KfQh0NanWO0O10O1000O2O2OO010O001O0O0100XON_QN2an1N`QN2_n1O`QN1`n10`QNOan10_QN0an11_QNNbn11^QNOcn11\QN0dn10[QN0fn10YQN0hn11WQNNkn10UQN1jn10c0000000O10Xk^X2
20140410195814Mh_5,_XYd11no11[O0d02O1N2O00100O000001O0O2O2MhP40XoK2O1O1N2O1O1O010O10O010O1O2N10O0000000O0101N101Mlo;0UPD2O0O2O000O10001O000000000000001O00000000000000O010O0010O010O010O010000O10O11O000000001O1NdghU2
20140410195814Mh_6,Rc^k13lo110000O10000000O2O0OPP4OQPL010TPN2eo1600O1O01O001O001N3MUP60koI3N001O000ZPNM_o13`PNO`o1OaPN1`o1LbPN5do1000\OK^QN4an1McQNN^n12V13_O1N2N2O2N1O1N100000O2O1K4Mk\oP2
20140410195814Mh_7,]Xoc12no11O00001ONUPNOko10VPN0ko11UPn0OloSO0QPN0UPd00SPZO0ao10WP60WPJ0bo10ko]20QhRT2
20140410195814Mh_8,gWad11oo70PPJ0oPb00Ro]O1O00O1000O10Ofo10;0PPN00000O1O0O10O10000001O1UPNMgo151O1M3O02N12O00JN\PN2jo10HN`PN2`o1N`PN2go10001OGOcPN1]o1OcPN1]o1OcPN1]o1OcPN1]o1OcPN1]o1OcPN1]o1OcPN2\o1NePN1[o1OePN1[o1OePN1[o1OePN1[o1OePN1[o1OePN1[o1OePN1[o1OePN0\o10cPN1fo10FOdPN1eo10HOcPN0fo1010O0PP20PP20QPL000000000XN4\SNLbl17]SNIcl19[SNGel19ZSNGgl19VSNJjl16`1O101N2N2NViZU2
20140410195814Mh_9,ohRo02no10fPN1cn1O]QN2Xo11O00010O00001N1000O100O10O0010O010O01O0O2O001O1O0010O0000NH^PN7bo122N1N110100O100001N2Nc0LA2O1OO`Vmm2
20140420195854Bh_1,mUUS23ko13iNM]RN6am1K_RN5am1L]RN5cm1J^RN5cm1J^RN6fn100O1000O02OO1QOKSRN5lm1LSRN5mm1KSRN5mm1KQRN7Pn1GPRN:jn110O01O010VOFmQN;Rn1FmQN:Sn1HlQN8Tn1HkQN9Tn1IkQN6Wn1IhQN7Yn1JfQN6[n1IdQN7^n1I`QN7an1I_QN6bn1J]QN7cn1I\QN7en1IZQN7fn1IZQN6hn1JWQN5ln1ISQN8nn1GRQN:on1DQQN<Xo110000O1N2N02N2O2N3M5LZk`i1
20140420195854Bh_2,meVW15jo12N3M2N3N1N3`QN_O]m1b0`RNB^m1?_RND`m1=_RND`m1<`RND`m1=^RNEbm1:^RNFbm1;]RNGcm17^RNIdm14\RNLgm11YRNOhm10XRN0im1OXRN0jm1OVRN0km10TRNN[OGcn1:RRNK[OLfn19PRNH\ONdn1;`0FUQN9kn1HTQN9kn1GVQN9in1GWQN:in1DXQN<Vo101O01O0001N100001nPNIYn17fQNJ[n15eQNLZn14fQNLZn15eQNK[n15eQNK\n14dQNL\n15cQNK^n14bQNK_n16`QNJan15_QNJbn17\QNJen16ZQNJfn17WQNKjn15UQNKkn16SQNKnn14RQNLdn1I_QN;LLen1I_QN;LLQo14oPNJRo16nPNJSo15nPNISo17<O[OGcQN9\n1IcQN7\n1KdQN4\n1LdQN5[n1KfQN4Zn1LfQN5Yn1KhQN5Wn1JjQN7Vn1HjQN9Vn1DmQN;ln11O01000000O101N011N00100O10O1N1000000000O1J60cN2gRNOXm13jQNJc02dm14hQNLc00fm1NlQN0`02jWgb2
20140420195854Bh_3,_cfd23jo17K3N1N3N1O101N100000001O0\RN]Ojk1d0UTN[Omk1d0j1M2N11O5MO5J2OOObQNDYm1<eRNGZm18fRNH[m18dRNH]m17dRNH]m16fRNG]m17mP:K[PF7dPNGhn1<UQNLcn15\QNObn10]QN2cn1L_QN41Ohm1HYRN9I7`n1G\QN?dn1^O_QNa0en1XO_QNg0on1M3J7K`ZYX1
20140420195854Bh_4,gUWg13`0N^m10]SN5SON^m1M]SN8TOK^m10YSN8Ym1FgRN:^n11000O10001O010O1O01O01O010O010O0010O10O1O0010O10O0001O0010O0100O100N200O0010O10O01O1O001N3N2N2Liog0O]PVO1jo13N2O2OO`PNLUo15kPNLSo15lPNMSo13mPNNRo11oPNOQo11oPNOQo11PQNNPo11QQN0nn10SQNOnn1OTQN1a0K[m14URNO?1[m1MXRN2=1mm1ORRN2nm1OQRN1om1OQRN0Pn10PRNOSn1OnQNNTn11o0NSkXS2
20140420195854Bh_5,kbRU35io15M002O000O11O001O5J2O000001N2O1N10OaVNLRc15l\NLTc15k\NKWc13j\NJZc14\6Kjn92oPF9M11LaR:6ZmE:G103N3M1O4N0N01M2O100003UMPO_VNQ18ROWMM6NUh13XZNQ1OHfe1YO]ZNT1@JQf1UO^ZNR1\OKVf1TO`ZNR1SOL^f1SOcZNS1fNKhf1ROdZNS1aNJnf1TOdWNDj2]1bNJSg1\OXZNl0`NHZg1^OTZNk0`NE_g1_OUZNj0ZNDeg1ATZNj0UNBkg1ATZNl0QN^Oog1FRZNk0RNXOog1MRZNi0PNVOPh12UZNc0nMVOog16UZNe0_g1ZObXNe0Zg1]OiXNd0Sg1[OQYNd0of1YOVYNd0nf1PO^YNl0Sk1E6IQYUf0
20140420195854Bh_6,Ro^f16io12N3L4N0O0010O001O1O001O1O1O1O2M3Mao;1_PD2M200O2N1O100O1O010O10O1O010O00001O010O10000O101N1OPQNMVn11jQN1Ro11N1001N101N2Ngnc01XQ\O3M2N101O0000000000O100O2O0000000000000001OO100000001O0O1O3M[RYS2
20140420195854Bh_7,SZkP38ho12N1O1bPNIRo17kPNMSo13nPNKTo15=MaN1SRN<O_Onm18lQNc02TO9NZm1h1bRN\N]m1e1bRNYNam1f1>_NkQNU1an1oNcQN<Zo1HO00:G2M01O;D2N1O3LPebm0
20140420195854Bh_8,kWek11oo10O1O2O00000O0ENjPN2Vo1OiPN1Vo10jPN0Vo10jPN0Vo10jPN0Vo10jPN0Vo10jPN0Vo1OkPN1Uo1OjPN2Vo1NdPNO12]o1NaPN121`o11`PNMao13_PNMao13510000FMgPN3Yo1MgPN3Yo1MgPN2Zo1NfPN2Zo1NfPN2Zo1NfPN1\o1MePN2fo1NWPN1ho11000000001Nno;2QPD1N1O101N1O100O001O10O0100O010O00100O0O1O110OO1N3OgPNGln19TQNIkn17UQNIkn16VQNJin17XQNHhn17YQNIgn17a0O2N1O1MTiXo1
20140420195854Bh_9,heTR21oo12M100001OaP8O_oG2O0ANQQN1on10PQNOQo11>10000O010O10O0010O1O00100O100iPNKbn15^QNN`n12_QN2^n1NbQN3\n1NdQN2\n1N]QNJK4LMln15\QNKL2NMjn16[QNMMM1Ogn16\QNNRo12nPNMSo12nPNNRo11PQNMQo12`QNNPn12oQNOQn11nQN0Sn1OhQN6Xn1KeQN7[n1JcQN7^n1H`QN:`n1H]QN8dn1H\QN8dn1I[QN6gn1IYQN6hn1KWQN4kn1KUQN5kn1LUQN3ln1MSQN2nn1ORQN0on10QQNMQo15=O01000000O010O01OIJdPN7Zo1LePN3[o1MePN4Yo1NgPN2Xo1NiPN2Vo1NkPN3So1NmPN2Ro1NoPN2Po1NQQN2nn1NSQN2ln1OTQN1ln1NVQN0jn10XQNNin11YQNMSYgh1
20140420195854Bh_10,]\[[2293Wo1MgPN8^o14_PNOln1f0K3O2MTO`QN<_n1BdQN>\n1_OjQNKF9do1Kao5NXcbc1
20140420195854Bh_11,QY_]21oo11O0O2O00000000000000000O1000000001O000O10LNcPN0Vo11iPNOVo13iPNMWo15gPNKYo16ePNK[o15fPNJZo16fPNJZo1680000000001O000001O000000000O01O1O1O010O100O1000O100N201N10001O002N1O00001O01O002N3M10O01O0000O01000O100O010000O1O10O1000001O00001O010O0010O001O1O2M2NPgn[1
20140420195854Bh_12,Tkjl04jo15jPNLYn19cQNF]n1>aQN@`n1b0?06KO1O001dPNDQo1<kPNHTo1b01O0O10K^OXQN5en1N^QN0`n11bQNN]n12eQNNYn11iQNOVn10mQN1Pn1OQRN2Pn1JSRN6mn1N2NmScQ3
20140514195854Bh_1,Vblb21no14L2N2O1N2O1O1O1O2N1O10O010O001O1O001O0000000O1000100O1OVQNGom17PRNKom14RRNMom11PRN0Qn1NPRN2Qn1LPRN5mn1O1000001N2NXo11ePN:H4M1O1000O101N2O0011N1N100O2N2N2OO0000010N1IlPNAVo1>60101N2O0O101N1O1O101N2Ngn3N[QL0g]oW1
20140514195854Bh_2,c\mT34lo10jPN0Zn13dQN0Wn13iQNMUn14kQNMSn15mQNLQn15oQNJQn18nQNHRn18mQNISn17lQNIUn18iQNJVn16iQNKWn17fQNLYn1n0000O3M3M1O3N2N01O1OO001O0N3M2NJYOVQNg0in15301N200O1O101N100O1O1O1O1N2O0O2O1O1OWQNEom19RRNJlm14URNMmm1OTRN1nn10O01O]bdg0
20140514195854Bh_3,dbfe01:4o0Oil11RRN6MG903=dm1:URN[O7<cm1:RRN\O<:bm1d0[RNQOH4mm1k0ZRNROJ1mm1?SRND7KK0km1`0TRNE7HSn1a0gQNGgn19YQNFhn1:XQNFhn1:XQNFgn1:YQNHfn17[QNLan14_QNO_n1NdQN4Zn1KgQN5Yn1JhQN7GAXn19PRN`0nm1@RRNb0lm1^OTRNf0hm1ZOYRNg0em1YO[RNh0em1WO[RNj0dm1UO^RNj0bm1VO^RNHKe0gm1ClRN;Um1EmRN8Tm1HmRNN\m11fRNN[m11fRNM[m14eRNJ]m15dRNI^m17U11ZQNHcm19YRNJgm17VRNJjm17TRNJmm16RRNJnm17QRNIPn17QRNFC0om1<jRNEVm1`0dRN@\m1d0`RN[OZm10PRNf0f0XOZm14PRNd0jn1\OWQNe0gn1[O[QNh0`n1XObQNi0[n1VOgQNo0Sn1QOnQNU1km1jNVRNX1hm1gNZRNY1em1gN[RNZ1em1cN^RN\1Sn10001O5J3L2XOZQN5jn1D\QN8Yo1KP\[V3
20140514195854Bh_4,VZYU19^oY12ZogN0iQN3i1Kgi16]TN1h1Mii14]TN0i1Mji15[TNNk1Lli17WTNLm1Mni18TTNIk11Tj16RTNDf1<[j10RVN1Qj10iUN2\j1N_UN3ej1LVUN6mj1JoTN6Tk1KgTN7\k1HbTN7`k1J_TN4dk1K]TN2fk1L[TN2ik1KVTN6lk1HTTN7Sl1BmSN?im11WMZOVVNf0`l12N1N3J5J5N3101O2K5H:IVeXg2
20140514195854Bh_5,kVSX33lo15L0OONN42O1O2M2M3M3N2O1O1000000001O1O00O2O0O00100O011O0O101O3M4M1OO000O1O1J50H801O01OXQNTO]n1m0aQNVO^n1j0`QNYOTn1JoQN[1Pn1hNnQNY1Pn1;1O100O1CnQNjNUn1T1;0100O01OO00HiNiQNU1Xn1oNeQNR1[n182N4L4F9M4L3K6G:HPk^c0
20140514195854Bh_6,_cTT28ho13N4L2O1N1O1O001bQNETm1<iRNFXm1;eRNF\m1;bRNDam1;_RNAfm1>o0003M1N11O0OVO@URN>km1B\RN7cm1GeRN4hn1KYP4O^P65RnEMYRN4em10XRN1gm10YRN0fm10]RNNcm11dRNLXm13lRN0oN1`m1KcSNg0km100O1O1L5K6IZYoh1
20140514195854Bh_7,jV_X31PP40ooM00001O0000000000000000010O0O010XOOaQN1^n1ObQN1_n1ObQN0^n10bQN0Wo11002OQo10mPN10O0000O1kPN0Un14kQNLRn1OVRN1jm1OWRN0im10WRN0jm10URN1mn12jNNZRN0gm10T11TQ81jnGN201O00Un32gQL4]PNJYo14gPNMZo1391O3M3[QNE`m1=P1MbPNHZo17lPNGon1;UQNEO3Yn17RRNITn14l010LmkXc0
20140514195854Bh_8,VbhY23jo15M1SOLnQN4Qn1OmQN0Tn12kQNLVn17iQNGWn1>]QN_O00en1`0YQNDNOhn1>XQNEOMjn1h0UQNZOkn1e0UQN[Okn1m02M2O003[OoPN4So1IPQN6Po1IQQN6Ro1GnPN9]o1N2O1O2N103LS^cd1
20140514195854Bh_9,^_aV28fo14M1O2O1OO00100O0O110OlNMdQNJc08gm19WRNEhm1?YRN^Ogm1c0j01O01O1M3O2O0O100O1OON12N2100O1O1O1N4L5L20N3N1N2N1SRNEUl1;jSNFVl19jSNIUl17jSNKUl14lSNLTl13mSNMTl12mSNMSl12oSNLRl14oSNJRl16\SNIWm17gRNMWm13iRNMWm13jRNLWm13kRNJWm14ccPf1
20140514195854Bh_10,eb`R21mo12O0XP>;]oA5L2N1O10O1O3L3JhP<HhoC1N02OOO^OOTQN0kn10VQN0in10XQN0gn10YQN1fn1O[QN0en10\QN1bn10_QNOan11`QNOan10^QN0bn11]QNOdn10\QN1bn10h000O110O01140NjQn02_nYOKXXkh1
20140514195854Bh_11,]\SU31mo10ZQN0lm30hQL0hm30mQL0nn10RQN090km10gRN0Xm10nQN080jm10PRN0in10d000020WQN0_m10^RN0cm10\RN0fm11XRNOkm10SRN0nm30QQN0PP20ooM001O0M2UPX1MhPfN0Tn11ZQN0b0OUn17lQNJUo1OYPN0_o11`PN0_o17100O2O1O2MbbXg0
20140514195854Bh_12,`TeU24ko12O0O2O1N10000O01000O10O01O100O0000000000000000000000N2000O10000O1001O001O1N2N3NH0aQNO^m15`RNM^m14cRNK\m16dRNI]m17U1100001N1NllTg1
20140514195854Bh_13,jn^k24lo1101N2OO00001O001N1000O10000O1000O010OO200O001O0O2N101N1O1N110gPNDnn1<SQNFin1<XQNDhn1:ZQNFfn18\QNHdn15_QNKbn12`QNNbn1MaQN3Vo1O2NRQoQ1
20140514195854Bh_14,djPV23`00hn15TQNNjn14QQN1nn1MoPN:Xo13N2O001O10YOiPNc0`o1J3N00000O0001O010O01O2G\PN2TTeh1
20140514195854Bh_15,Qh\i03io15N10M[PNMa0N^n14RQNO>O_n12SQN0<Ncn10SQN56Kon17;101N2O0100O10101N000O0101O101^OD[QN;dn1G]QN7bn1JaQN3_n1LdQN0^n1NkXkT3
20140516234034Lh_1,`dlW22mo13OOUPNNjo1>G21ON0O10O1O000001O1O00O10O1000001O000000O100O2O0O111O00O001O2N1O011O000O2OO00_N_ObSN`0\l1DdSN:\l1FeSN8^l1EeSN7Vn1JbYSe1
20140516234034Lh_2,WZYl16ho16J4N0O1O10O1O1O1O2N4KmR21RmM4K4N1N2O1N10O100O0110OO2O1O0O1N2N001100O20O01O00000O10001O1O1O1O1O1000O01O10O0O2O1N1O10O000QNITTN;kk1KmSN8Sl1L`SN<al1;cRNI_m1Z12O1N2N3L5K4L6cNTRN:Wn1]OcgTo1
20140516234034Lh_3,Tc`]19eo14L3O1N2O1O001O01O0000010O10O101N011O000000001O1O0010O000O10000O0100000000O1O10O11N102N3M1O2N01N2O0O010O001O1O0O2O00001O00001O001O00001O000010O1O010O001O1O1O002OO01000O001N10001O1O1O01O01O1N2O000000001O0O100O1O1O2M3MbQb0N`n]O4M1O2N2O1O010O010O00001O01O10000O100O100O1O100O1N3M4J[Y[Y2
20140516234034Lh_4,ghdm24io14O03MVP2LnoM4L2N2M2N100N3N2M?B2M2M3XRNPO^l1S1`SNoN^l1R1bSNnN]l1X1`SNdNbl1c1j03N2O03XNTRNS1_n1O2mNYQNg0Ro1O\NWOPTNj0kk1VOXTNm0\m15K:E2O02N4K<D1O1O0O1OROEXRN<fm1HXRN8hm1IWRN6]m1_O[RN;95\m1@]RN888\m1^OdRN14?jn1MSMFYVN5gi1K^VNNei11V3NPXQo0
20140516234034Lh_5,Tc^]12ko111ORPf0ORPZO0O010m\]a2
20140516234034Lh_6,WXik24ko11O1O1O100O010O1000O10000O1O01O0010O0010O0100O010O0010O10O01O1]OOVQN1jn11TQNOkn13TQNMln14SQNLnn13RQNMnn13RQNNmn12SQNN8IUn17dQNO9JSn16dQN1on1MQQN4^o1O001N2O0O001O101OkhPQ1
20140516234034Lh_7,ZbcS12lo1=C6ePN\ORo1Q1I1O0WOVOZRNk0dk1POgUN9eNf0ck1TOeUN7kNd0_k1UOdUN8POa0\k1VOcUN;UO:Qm1GQSN8nl1IRSN7ll1KTSN5kl1LUSN4jl1LVSN5hl1MWSN4hl1LXSN5gl1KYSN6fl1JZSN7dl1K\SN5_l1OaSN1]l1AoRNJd0e0[l1@YSNF=i0Xl1B]TN=`k1EcTNI`N2gl1:ZUNDdj1=^UNB`j1>dUN@[j1?iUN_OVj1`0XTNBb0KWk1b0UTNIYm17gRNLVm13jRNNVm12iRNOWm10jRN0Vm10jRN0Vm1OmRNOTm10nRNOQm10RSNOml11VSNLjl13YSNKfl15\SNJ@NRl18aTNH\O3Ql15cUN1fMA\l1>PVN2Rj1NoUN2oi1NSVN1ki10VTNCI1T18lj16QTNHK1\1Hgj1`0QTNJK0gm17^RNJJ0gm15aRNLHOem15dRNLILcm18fRNJKIam1<fRNJlm15VRNJjm16XRNGjm17\RNDem1:]RNH_m18aRNK]m13eRNOXm11iRN1Tm1OnRN2ol1NRSN2nl1MTSN3jl1MXSN2hl1MZSN2fl1M]SNOel1Og1OePN1fn1M[QN6Vo12O01O1O1O2LPo3OSQL0``Xg2
20140516234034Lh_8,VRUQ28go13M2N1O1000O01001O1N2O2LYPT11fokN3N2N101O0O10O010O2OgRNHkj16RUN0mj1OQUN4Pk1IoTN9Tk1BlTN?Ym11O1001N3N3K`kbk1
20140516234034Lh_9,eQUh24ko12O002N001O00000000000O0100O010O0100cPNJPo16PQNJPo17oPNIQo17oPNIQo17oPNIQo17oPNIRo16oPNIRo16<10O0000O1000O1000O11N100O2O1N100000WPNOdo1O\PN4bo1L^PN5`o1L_PN5ao1K^PN6bo1J^PN6bo1J^PN6ao1K_PN4bo1L]PN4do14000002HEgPN=Wo1DhPN=Wo1CiPN=Wo1CiPN=Wo1BkPN<Vo1DjPN<`o1L1O101N2J[ndS1
20140516234034Lh_10,P`Tn249OVo1a00O^QN_Odm1e0URNZOlm1h0d02OBnPNNRo10QQNOPo10PQN0Ro1NmPN4d0Gdm1j0VRNXOjm1g0VRNYOjm1h0TRNYOkm1l0PRNTOQn15hQN:3@Vn15hQN<2]OXn14hQN`0O\OYn11kQNd0KZOin1g0ZOZOhQNOf0j0`m1ZO`RNf0am1ZO]RNh0bm1YO]RNh0am1ZO^RNg0am1ZO]RN2G2km1M\RN0L3gm1M\RNO15bm1J\RN064_m1MYRNO83`m10VRNN92am11SRNO<Obm13oQN0?Ldm14kQN1c0Hem12kQN4Ro1JRQN0n^go0
20140516234034Lh_11,`^if27io1O101MB3<1O2N101N1000000O10O100O1O2N1O2Nloe3MPPZL:M3M4K3MHkPNJSo15PQNJon16SQNImn15UQNKkn14XQNIhn16b0O100O101N2NgbTS1
20140516234034Lh_12,ZZoj03Ro12`QN3\n11bQN1[n10eQN2Zn1NeQN3[n1KgQN4[n1HgQN9Po1ON2lNEaRN?]m1CbRN<WO@Tn10iQN2k0<ZODSn1NdRN>ZOCQo1=80O2XODjQN=Un1GfQN<Zn1E`QN?an1B[QN?gn1;2N1OdQNPOkm1m0WRNYOdm1c0`RN^Oam1=cRNC_m19aRNH`m17_RNJdm13\RNNdm10^RN0am1NlQN042om1NmQN25Nnm10mQN19H@N\n17nQN1jn1MXQNOho1NoehR3
20140516234034Lh_13,]aS_15jo14kPNOUn12hQN4Un1KnQN3]m1J]RN175Zm1M]RNO85Zm1N]RNM85[m10\RNM63]m13]RNJ52^m17[RNH6Obm18WRNK6Lgm16RRN0hn1MWQN4nn1;5K2NYQNBRn1:kQNHYn15gQNJ[n15gQNF\n1:e0O2O1N2O1O_^Z_2
20140516234034Lh_14,cTao21mo13N101N00100O1O010O10O0010O01O0001O0001O010O00001O001O0001O1N2K5KFdPN:[o1GePN9[o15101N1O1N2L4O100O01O0O2O000001O0O01001M013N2Lmljl0
20140519195834Ch_1,oWmP34emc13QR^N4gPNMdn13XQN1ek1ETWN9VM3ek1FUUN0k05\N4bk1LUUNK_16Xi16XUNETONZ21Zi1>ZUNDWm1>T11O2N102\TNZOjg1f0PXNFjg1:SXNKkg15QXN1mg1OQXN4ng1LQXN6ng1JRXN6ng1IRXN8ng1HSXN6ng1ISXN6mg1KSXN@TM0kj1`0QXN^Odh1a0_WNZOeh1e0Z301O1O0000002O00010OjRNEgj1<TUNJkj15SUNNmj12QUNOVOMWj13cVN0SO4Xj1LdVNMSO<Yj1HdVNFSOi0Vj1KdWNe0`MaNRj1m0WXNf0eM]NUj1o0QXNk0Vh1VOgWNk0Zh1VOcWNj0`h1UO]WNm0ch1TOZWNn0hh1QOUWNP1lh1ROPWNP1Qi1POlVNP1Wi1POfVNQ1\i1POaVNP1bi1oNZVNR1ii1oNRVNT1oi1oN]UN_1fj1l13L3M2N4L4M3K6J5D=J6JnNSMZUNg2ij1XM[UNa2Wl1H7XNeRNb0cm1POkRNh0_n1H7BRkhh0
20140519195834Ch_2,gQU?2[n14QSN0kNNem14\SN2oNJcm16]SN1mNLem14^SN=_l1DTSNI^Oc0]m1ERSNMD7[m1MoRNMG4Zm10oRNMF3[m11nRNLG2\m13kRNLI0]m16hRNJKO^m19eRNHMO_m1:aRNH0M`m1=]RNF4M`m1=[RNF5N`m1=XRNF7MJFcm1e0\RNG7NKEdm1e0[RNF5Nkm1=oQND6Mom1`0kQN]O:2mm1c0[RNYOhm1g0n0KoPNAen19YQNIhn17WQNJjn14VQNLKIkn1;YQNLLJkn19XQNLPo14oPNK>Mnm1:aQNIa01lm1>TRNCkm1=VRNBRm1JPSNd0OAol1ORSN`0cm1\OjQN3e0j0Wm1SOTRN0i0l0Xn1N;E1O1N101O_PNJYo1?0O10dNAWSN=gl1F\RNIb0?ol1M[RNHe0;nl1O[RNGh0:kl10]RNF6N3<Zm11]RNC623:Ym10mRNHK6Xm11lRNJO3Vm1OlRN01MUm10kRN3Vn1EQRN6nn1NPoV]3
20140519195834Ch_3,ZTUP21`00_o110Oko71SPH2M3N1O1O1O1O01000000000000O10O01000000O11N010O1000O010O01O10O01O010O010O01O1O1O10O000O2O0000O2N1001O001O01O1O1O2MXlhk1
20140519195834Ch_4,S\kj27an10^RN3ANVm13SSN5_ON]m1NSSN6]OO_m1KjRNHDd01Iam1JhRNZ1Xm1fNfRN\1K\NWm17oRN]1FaNZm12PSNg1Pm1UNSSNk1am1ZOTRNXOlm1g0WRNWOim1<RRN]O68gm19XRN\O1<gm18WRN]O2;fm19WRN]O3:em1:WRN]O58cm1h0^RNXOam1i0_RNWOZm1P1fRNPOXm1Q1hRNPOVm1Q1kRNoNSm1S1lRNnNTm1Q1mRNoNSm1d0eRNSO79Tm1d0fRNSO59Vm1c0fRNTO48Wm1b0gRNVO19Ym18nRN^OI;Ym1BeRN8:KH;Ym1AhRN77LH=Ym1_OiRN77LG>Ym1@jRN55MH?Ym1_OkRN44MH`0Ym1@lRN22MJb0Xm1_OmRN1O0K`0Zm1@mRN0J2N>[m1AoRNNE7M<_m1_OQSNMAT1_m1oNQSNX1Pm1hNQSNV1Pm1kNRSNQ1ol1oNQSNQ1ol1oNRSNP1nl1QOSSNm0ml1TO_RNF>U1Rm1WO^RNEb0R1Qm1[ORSNc0ol1ZOTSNf0ll1XOUSNi0kl1VOTSNl0ll1lN]RN0g0b1`m13M3N2L3M4N2MTOaRN[O^m1e0dRNZO[m1f0gRNYOXm1f0kRNXOTm1i0mRNWOQm1j0oRNVOPm1l0nRNVOPm1l0oRNTOol1o0PSNROol1n0QSNSOjl1R1VSNmNjl1R1WSNoNil1o0XSNROgl1m0ZSNSOgl1l0YSNUOhl1f0[SNZOfl1a0jRNoN9b0nl1<iRNYO3<Um19hRN<Zm1_OgRNc0Zm1ZOhRNf0Xm1YOhRNh0Xm1UOjRNk0Wm1SOlRNj0Vm1SOlRNl0Wm1QOkRNm0Zm1mNiRN4C<`n1BiQN1]n1NfQNL_n11nddo0
20140519195834Ch_5,did`01mo13]PNM96Sn1N`QN1;4Sn1KbQN23LK7_n1LbQN22NK5an1KaQN41:^n1AbQN6O8dn1^O]QN<L5hn1e0000UOZQN:hn1C\QN8gn1I\QN1gn1O[QNMhn13WQNL0OZn15fQNK01Zn15cQNJ42Yn14cQNI44Yn14bQNH54Xn16bQNE66Un18SRNImm18QRNIom18oQNIRn16nQNIUn16jQNFZn1:gQNDZn1<gQNCYn1>fQNFVn1;hQNHVn19gQNIYn18eQNI[n1J_QN354[n1GbQN62MKKan11dQN7OLOJ^n13dQN70JOL]n13eQN7OH1M[n14fQN7mn1ITQN7ln1GVQN:Xo10O100]ODaQN=]n1DcQN<\n1DeQN<Yn1FfQN:Yn1GhQN8Xn1HhQN8Xn1HhQN8Xn1JgQN5Yn1LgQN3Yn1MhQN3Wn1MjQN2Vn1NkQN1Vn1OjQN0@I`n17QRNO_OL^n15SRN0^OK_n16SRN5mm1LSRN2nm1NSRN0nm11dQNJ04]n11bQNL21^n13]QNO4Nan12ZQN06Man12YQN16Nan10YQN170_n1N_QNN33_n1MPRN2Po1N2O1MXUmZ3
20140519195834Ch_6,jY_h02mo12O1N1O00100N2O0O2O001O01O0O1M4O00^PN0Vo10jPN5Po1LoPN5Qo1LnPN4Qo1MoPN3Qo1MoPN3bn1EgQN8G3`n1E\QN0=8G3`n1HiQN5G2`n1IiQN5G1an1KgQN4HOcn1MeQN5IKdn1OdQN5JIdn10YQNO48mn1IoPNO49^o1O10O001O102M1O10O010O01O01O00000010O01O000OYOGiQN:Vn1GiQN9Vn1IiQN7Wn1IiQN7Wn1IiQN7Wn1HjQN8Vn1HjQN7Wn1HZQNN:9\n1H[QNONO69ln1GmPN354So1MmPN1Uo1OkPN1Uo1OjPN2Vo1NiPN3Xo1KhPN6Xo1JgPN7`o1100O100O2O1N101O01O001N4M1O0000GGjPN9Uo1LiPN3Uo10jPNOTo14lPNLRo16oPNIon19RQNEnn1;SQNDln1>;O1O1O1O0O3M2M5LUgTQ3
20140519195834Ch_7,[eld249OUo14hPNOVo12jPNNSo15mPNKnn1LmPN:6Jmn18UQNGkn18XQNDln19[QNH]n19cQNH\n18dQNH\n18dQNH\n18dQNH\n19cQNF_n1:d00O010O101N2O3M00ORQN@]n1?aQNC`n1=_QNCbn1=`01001N1000002N01HDiPN<Uo1FkPN;Ro1FoPN=mn1DRQN=mn1CTQN=ln1BTQN?mn1^OUQNb0Wo1_OcPN8go1LjY]X1
20140519195834Ch_8,QePV3381Wo13ePN0Yo1<00jQN_Oml1a0SSN@ml1?mRNAPO3Sn1:lRNGQOMSn1;lRNISOJom1>nRNJSOGom1?nRNJUm16mRNKPm16PSNKol15SRNFNO>6_m16URNN;L`m16TRNO=J_m17URNM>K]m18URNJ6E18em18TRNK3K20im19SRNK0O6Iim1<QRNMN0^n14dQN:]n1FcQN85]Okm1;PRN74@km1:QRNBL?7Glm18oQN53Gmm15oQN14Mmm12oQNB047:jm1OWRNFO;jm1OVRNHN:mm1MURNIO6om13PRNH0OWn1;fQNG4IXn1d0aQNEen1m001N1O5K3kQN_Ngm1b1WRNaNhm1_1WRNbNhm1^1WRNcNjm1]1URNcNlm1h11^NRRNo0Pn1oNSRNo0nm1mNXRNP1im1nN\RNn0am1WO^RNh0am1[O^RNd0am1^OaRN?_m1CaRN;^m1HaRN7_m1K_RN5am1L_RN3am1N_RN1am11_RNMam14_RNKam1BVRN697am1BZRN558am1B\RN637bm1A^RN706fm1_O\RN:O5Xn1AZQN8b01Xn1OhQNOZn13eQNI_n167MPQN2ln10WQNNdYie0
20140519195834Ch_9,b[Sj22ko18YPNI[o17dPNNWo13jPNOR1Kfl16XRN1o0Kgl15ZRN2m0Iil1j0dRNVOJ1bm1j0cRNVOJ0Rm1NRSNl01WOKOnl14USNf00XOMNml17TSNe0MYO3Hml1<TSNS1Xm1nNiRN0M8Ym1]OgRNO4LG886NBVm14mRNN065NNJPm13nRNOM79JOLml14nRNOLNL0d01INml14mRNOb1Mak14mRNOb1Mbk13kRN0To10lPNOVo11fPN1\o182N4IhRNM_m100000]O0VQN0jn10VQN1\o16WOI]QN7Vo1N^OK]QN6Ql1M]VN2ci13dUNH\N4Pl16bUNF^N3Ql1;RVNEmi1>]UN_ObN4Ql1>[UN^OeN4ok1a0oUN\OTj1f0TUNYOkN0Rl1g0fSNYOn00Sl1g0\SNYO30I0Tl1d0eSN\OL0a00fl1d0nRN\OJ0a00L0Ul1b0[SN^O210Oa00ll1a0aRN_O31N0`0OPm1`0jRNCFM>020Xl1?dSNECL<0Xm1?^RNA16Y1J^k1?XSNA17W1Iak1?WSNB07V1Hdk1?WSNAN<S1Dik1?VSNBM;T1Djk1>USNCK>U1Akk1>VSNCI:1ES10nk1=VSNDH1b1N`k1<VUNDoM1^l1<aUNDoM1al1;\TNCM1UO5_l17^TNCO1SO7`l14\TND3b0kN^Oel1:\SNH^28ni1FhSN=]2Kli1LbSN8e2Kei1JhSN?e2Gbi1KhSN>f2Gbi1>_VNBai1=`VNBai1=aUNAVNNb04hk1<_UN_ORO5`k1;]UN@TO5`k1:ZUNAWO6`k17YUNCXO5`k18WUNCYO6`k18iSNAS10E7^k1;eSN_OZ1OB7]k1a0TUNXO_O6\k1c0UUNXO_O2_k1a0WUN\OZO3_k1a0VUN]O\O1_k1b0SUN]O@1]k1a0RUN]OC1]k1b0oTN]OE1]k1b0iTN]OM1^k1?`TNA60\k1>lTNGTOJTl1=gUNC_j19_UNGdj17[UNIfM0jl14`UNLcM4nl1NdUN3Sm11gLKgVN4Yi10dVN0\i13WUNI\NOQ13_k18YUNH_N1kl1:eTNCZN2MNWm18iRNGl12fk10lgbo0
20140519195834Ch_10,hgPd22mo11N3O0000001O1gPNJfn16YQNLfn15YQNKgn15YQNJhn17WQNIjn17?2N1OOoPNF^n17dQNJ\n15eQNLZn13gQNMYn12hQNNWn13iQNMWn13jQNKWn14aQNKjn14VQNMin13WQNMin12XQNNin11d0OPPd01oo[O1O2aPNKL0in16cQNL\n15cQNL\n15cQNK]n15cQNK]n16bQNJ_n16aQNH`n18d0002O1N0ePNDSo1<gPNJYo15fPNM[o1;101N2N10O1O001O1O01O0O101J7M3KiWcW1
20140519195834Ch_11,en`d11n05TON_n15QRN;mm1HlQN=Un1BhQNb0\n1UOhQNk0fn1AUQNKjn11_QNL_n11gQNNVn12mQNMnm18TRNEjm1<fQNFjn18b0L\QeZ2
20140519195834Ch_12,oi^b13lo12O0O11O000N_PN0Vo10jPN0Vo12hPNOWo13gPNMYo14gPNLXo15gPNKZo14fPNL^o10bPN0`o1MaPN2fo1100FMgPN3Xo1O`PN022_o192N00001OIFgPN;Yo1EfPN<Zo1DfPN;`o1O1L4O1001\PNK[o15ePNLYo16fPNJZo16fPNIZo18gPNGYo19702O1N1O001O001MkUgZ2
20140519195834Ch_13,ejhT14io14N2O00001[PNFco1;0O1O01IHfPN8Zo1HfPN8Zo1IePN7[o1HePN9\o1FePN9ao110O0000IGgPN8Zo1JcPN7]o1JbPN6^o1JbPN5`o1IaPN7eo1O0O1000001O0O002O000O0N21000O`Uih2
20140519195834Ch_14,Uj^T14ko1100LLZPN4^P2MPoa03VP^OL_PN3ho10001O3Nko11RPN2N2O0104Ka00Uo10[P60ooG060D06000UPN0ho112OM0XPN0ko10O0aUgh2
20140519195834Ch_15,jZef04R2O^N5]l11bSNOh0NTO7`l1McSNOg0MVO>\l1DcSN6l0DXOb0Yl1D]SN=a1LTk1d0hTN[OXk1m0\SN@2Dal1g2O21N1N001N101SOXSNbNhl1W1eSNbN]l1[1gSN_N_l1]1W1`NhQNP1fn1N3RO\QN:fn1B^QN:bn1H_QN6an1K`QN3dn1H`QN5nbjW3
20140519195834Ch_16,b`Sn11no13L4N1N10000O2O001N10001YNFfSN:Yl1IeSN7[l1JdSN6[l1McSN3]l1McSN3]l1NbSN2^l1NbSN2^l1OaSN1^l10cSNO]l11dSNN\l12dSNN]l11cSNN^l12cSNM]l13cSNM^l12cSNM]l13cSNL^l14bSNL_l12aSNO_l11aSNO`l10`SN0al1O^SN2el1K[SN5hl1HXSN8hl1GYSN9Wn100O2O001N1OlNK_RN5am1L^RN4Qm1NZRNMe06ol1O_SN1`l1OkRNKI7[m1OjRNNG4_m1NhRN1H1`m1MiRN2G1`m1MhRN4GOam1MhRN4GOam1MgRN5HNam1MgRN5HNam1MfRN6IMam1MfRN6JL`m1NfRN6KK`m1NeRN7LJ_m1OeRN7Sn1ImQN6Un1HkQN9Un1GkQN9nn11O001O0O101TODRRN<mm1FRRN:nm1GQRN:nm1FRRN:mm1HRRN9mm1GSRN9mm1HSRN7mm1ISRN8lm1HTRN8lm1ITRN6lm1JTRN6mm1ITRN6lm1JVRN3km1MXRN0hm10[RNLfm14]RNH]O2fm16[SNLel13ZSNOel11[SN0dl1O]SN1dl1N[SN4dl1K]SN5dl1J\SN6el1H\SN8Vn11O00000jNIcRN7[m1McRN2]m11aRNO_m12`RNN_m14`RNKam15_RNJbm16_RNHam1:`RNBbm1>o0101N2O0O101N1]QN^Ohm1c0URNAhm1a0WRN_Oim1a0VRN@jm1`0VRN@im1a0WRN^Oim1d0URN\Olm1e0SRN[Olm1f0TRNZOkm1g0URNXOlm1h0SRNYOlm1i0SRNWOlm1j0TRNVOkm1k0URNVOim1j0WRNWOhm1j0XRNVOhm1j0WRNWOhm1j0XRNVOgm1l0WRNUOhm1m0VRNTOjm1m0TRNSOmm1`10hNSRN<mm1EURN9km1FWRN8jm1GXRN8hm1HWRN9im1GURN;lm1EQRN<Pn1CnQN`0Rn1@mQNa0Rn1_OnQNb0Rn1[ORRNd0nm1[OTRNd0km1]OURNc0km1\OVRNd0jm1\OVRNc0km1\OWRNc0im1\OYRNc0fm1^O[RNa0dm1^O^RNb0bm1]OaRNF@:OJQn17bRNC^O;1IPn18fRNOcm10^RNOcm10^RNOcm11\RN0dm1O`RNMbm11XRNL[O1^n13WRNNPn11PRN0Qn1LRRN4mn10001N2Md`\g1
20140519195834Ch_17,jo`d12dn1OVRN0Wn11dQN04Obm13WRNMkn13ePNM71eo1O`PN0G0To10QQN1`o1OK0bPN0[o10jPN0ao1001OOoN:oRNFQl1<kSNHTl14nSNMUn`Z2
20140520200054Bh_1,jTS^25jo12N2N101O000O10000O100O0010O00100N2O001O001O0O10O2O001O100O100O100O01O01O01O00010O010O00O1O2O0001N101N2N2N2N2O1OO1O2N2N200O0100O1O1N3N`ld]1
20140520200054Bh_2,boTR22lo14L2O1O1N2M3M3N0101N4L6IVQ`0Omn_O5K4M3M2N2O000010O2O8G4L1Nondk1
20140520200054Bh_3,gZ_S22ko15L3O0O1O10O10O10O10000O010O100O01O010O01000O1O1O010O10O01O01O01O1O01O1O1O001O1O1MQo9OQQF3M3OO2O2MSgVi1
20140520200054Bh_4,\\gn0?_o1`0_O5J7D:G9J5J7M1O2K3MO4J5N4O100M3N20OO010ZOd003M4L3G:E;N200M4M3Meoe3O]PZL1000010O00001N101N2O1O1O1O10O00O20O00010O001O010O010O01O00000001N100O2N5JRfVi2
20140520200054Bh_5,b`oX22mo12O1N1O101O0O10000O100000000O10O100000000O1000000O2O0O2Ndok00\PTO2N1N3K4O100O100000000001O000000000000000O10000O10O010O001O010O10O0010000O10O01O10O01OO2N1000001O01000O0100O10O100001N1000000O101O00001M[PNIfo163Nf`l_1
20140520200054Bh_6,To`e04jo14N3M3M1O3M3M2O0O010O01O2N0O3N4JeP]Y3
20140520200054Bh_7,c]WQ35jo14M2N1M3O0010O1O2N2N3O0N1O01O1N101O001O00001N1000000001O0000001O1O1O0O2NUMMmUN0Qj15k23L3O1N1O1RSNDXj1=^UNMaj13^UNNbj11]UN2cj1M\UN4dj1K\UN7dj1H[UN9fj1EZUN<gj1AZUN?ij1^OVUNd0Rm11O001O001O00100O0010O01000O010O1O010O1O0000O1N1O1001000O101O000O1O1N2N3N100O10O2O001O1O0O2O1O1N2O001O1N2O3L2M5I6KWdlg0
20140520200054Bh_8,Xd\m24ko13M2O0O2O1O010O01O1O001N3LVP>4goA4L4L8I2N1O1O1O1O00001O1O001N101O000010O001O1O001O1O1O1O1O10O0100O1000O100O100000002N00;E1O1O000O1O2O2PSNfNTk1^1hTNdNVk1g0eSN^OS1NUk1`0nSNAl0OWk1=PTNDi0NXk1;STNDg0OWk1;VTNCg0LWk1?g2N3L5KeZ]m0
20140520200054Bh_9,fhfh01mo14M4M2N1O1O0101N1O6H[P27`oM1N2O1O1O010O0001O1O100O1O10O010O1O001O1O2N001O01O1O001O001O0O2O0O1O101N1N3M^VST3
20140520200054Bh_10,]d\n22no1101N4L1NIbPN0\o1OhPN8^o104J1O00000ORO0mQN0Rn10nQN0Rn10nQN1Qn1OPRN1om1ORRN0nm10RRN1mm1OTRN0nn1010O000QP20ooM000nN0TRN0nn10oN0RRN0om10PRN0Qn10nQN0Sn10lQN0Un10jQN1Un10kQNOVn10jQN0Wn10iQN0Vn11iQN0Wn10iQNOWn12iQNNWn11jQN0Un10kQN0Tn10mQN0Sn10mQN0Sn10mQN1Rn1OnQN1Rn1OPRNOPn11P100000O1000O1O010O00SSN0nl30mlM0UVN0ji10hSN0j12\j1NhSN0o13Wj1MhSN1nn10nPN1To11gPN0\o183McR\3JcmcL3M2N2N100000000001O0O2M3KVXQi0
20140520200054Bh_11,WWU_17ho15L2N2N0000O1O1O1N2N110O1O1O1O1O101O0O1O0100O1010O00001NkhP_2
20140520200054Bh_12,To^e02ko112N2000O1001OfPN0dn10^QN0an10g00hPN0an10jP40aPL0Zo10\PV13cogN1O001O0001NnofW3
20140520200054Bh_13,QiVi01oo12N0UPN0fo1O[PN2do1N;O]Pf00aoYO0O1000O010O110OO0QP20ooM0000000SVgT3
20140520200054Bh_14,UdVm25ko12M2OK]PNMco126O100O1000010O0100O01001UPNNeo153LkQP32ZnoLNOO10O0000102O01MZO8e0JO001O103NL]Yam0
20140520200054Bh_15,Zi\i05PP2LloY10SPfN0aPN0nn10b00O1_P4OVo70[PD001RPNOko11`VQT3
20140520200054Bh_16,ShXd21no12O1O1N2N10001O00O2O2MgP`11Xo_N2N1O1O100O10O10001O0O2O2MYWcX1
20140526195834Ch_1,d^Y]24ko13M7J1O2N001O1O1O00000O10O1O010O1O100N201N2O1N2N1N3NZo3OhPL1M4N1N2O1O1N2O1O1N2O1N1O2N2N101N100O1000000000O1000O1000O1000001O1O2N1O0O2N2O0O101M2O2O0O2O000O100N3O1O1N3MSo[10lPdN2N4M2M3O0O1000O100O100N10100O2N3L3NUoS12hPlN3N1M3O101N1N200O010000O100O1O1N3M6LTdbX1
20140526195834Ch_2,igRn21RP40loM2O2O1N2N101O0O1O1O1O10O001O10O01N2O1O3LdP:0\oE2N3N1N2O0010O01O01O100O1N2O2N^P6MdoI3M2O1O1O001O010O1O01O00010O001O1O1O1N2O2MaPP20_ooM3M1O2N10000O100000001O0O10000O100O2O0O001000000O10000000O10000O10000O2N101N2M202JUVoh0
20140526195834Ch_3,oe\V19do16L2N2N2O1N2O0O2N1O1O100O10N1HoPNBRo1<RQNAon1>9N3L4O2N1O101N101N2Odo=0[PB2N2O001O00001O010O1O1O0000000000O1O101O0O2O001O000001O0O101N101O0O2O102M2OO1O002M4L4L2N]Zcd2
20140526195834Ch_4,gSQP2:do13N2M2O10O0O2O1N2M5M2JnoW10VPhN2N2N2O0001O001O00003NONTPN0no100030SP64doI4N4L1O2N1O2O1N3N1N100000100O00010O2O1O2M2O?A1N10O2N001N102M2N3M4K?A4K4L]j^j1
20140526195834Ch_5,lnlV13lo12O1O1N101O001O00001O01O010O1O01000O0100O0100O10O001O001O0O101O0000000000O10O1M20100000000001O000O2O1F]PN5io1M2O1NSPb0Ono]O3M101O1O1O1O1O1O1O001O100O001O010O000010O001O001O001O1O0001O000O100000000000O1O1M4N100O2O1N`PUb2
20140526195834Ch_6,nWcZ146M^o15aPNL]o1561O1N101O01O0O101N2O1O1O2Nno;0RPD1O2O0O10000O10000O100O10O10O1O0100O010O01O1O100O0100000000O100O100O1000010O002N1Nhh\a2
20140526195834Ch_7,XYYS27ej1KZZN:ee1HVZN<je1DSZN>[e1_O_VN5S4=]e1^ObVN6n3=_e1^OdVN5l3=_e1^OhVN3i3>`e1_OhVN2h3>ae1_OhVN3g3=ae1AhVN2h3:be1DfVN2j33ee1KbVN1Xn10hQNOYn10gQN1Xn1OhQN1Yn1OgQN1Xn1OjQN0Vn10kQN0Un1OmQN0So10lN1R100O0110OOUP40loK0Tkhj1
20140526195834Ch_8,PZgS348M[o13dPNN\o11ePNO\o1OdPN3do10O1O100O1O10O010O10IJcPN7\o1JdPN5]o1KcPN5]o1KcPN5]o1KcPN5do10000O100000000000O2N1O100O10O1N200O100010O010O010O100O010O0010O0100O010O01O1O1O1Nee`h0
20140526195834Ch_9,fiPe13ko13N1N2O1O10O010O00M30N2N30O1O101O0O1001O1N102HZPN2lo1Mho73UPH1O10000000O2Nlo5NVPJ1O10002O1N100O0100O1N2O14K1O001O1O1O3M01O1E]PN7jo1JeVoV2
20140526195834Ch_10,cXiQ35io13O0O10O100O2Ndo31[PL1O0O11O01N2O1O001O0010N1O1000001OPQNJWn16ZQNK41an13\QNL23`n12^QNK31`n14^QNJ3O`n18i002O0O2N_hlk0
20140526195834Ch_11,aZQ^14jo12O1N1O1O2O1O10000O10N1OO2N3M2OM3O2O2N2M2O0M4001O0010O1OiPN0Wo12OO1N2O00lej_2
20140526195834Ch_12,SYeT12mo1101O00000O10000000000O10O10000O101Nko;1UPD1O0O2O001O10O01O001000O100O001O000010O01O001O0000000O100000000O10O100O100O101O00000001O00001O00000O2O00mf^f2
20140526195834Ch_13,PWUk15jo11O100O0ZOJcQN6So11O000000000001O01O000000O2O10O010O1000O01O010O10O1O10O02MgidR2
20140526195834Ch_14,lZQh13lo12O1O1N101O00001O0001O000000001O1O0O2O[QX5MWngJ2oPNOPo13oPNNPo14mPNMRo16lPNJSo17mPNISo17mPNISo17mPNITo15nPNISo16=O1M3NXddP2
20140526195834Ch_15,TXUn04jo14M2N4L2N0001OO0N21N100OO2H61J8O10OO2JW1KUO1Sh^P3
20140629195814Mh_1,S[SU27fo15eLKdVN9[i1L_VN6_i11ZVN5eMYOdk1g0`VN=]i1H]VN;ai1G[VN;ei1FXVN;ii1EVVN<ki1DSVN<ni1EPVN<Pj1EnUN;Sj1GSUNTOAW1\k1EQUNXOYO[1fk1@iTNV1Vk1nN[TN]1fk1O^TN_Nck1]1dTN^N_k1`1eTN\N]k1a1kTNXNVk1f1nTNPN[k1m1iTNkM]k1Q2[1M3O1N5K5K4L3mNcQN`0dn1WOaQNe0on1L4M5IRn_1NRR`N3N2M2O001O0O1O11O00001O1M3M3N1N3M10O120N2O1O1N2O1O1N2N1O2M3O0N3M2O1O101N00O1O2N201O0O10001O010O2N1O1O2N100O2N1O1O1O2J^L;TWNAmh1c0V3100O100O10000000001O2O0010O5K1N001O1O100O001N101O2N3L4LdPj02YoUO3O0SQ60inI5M21O1O1O2N1O2L]lj_1
20140629195814Mh_2,kTSV34jo13N100DOiPN1Vo10kPNOTo12lPNNTo12mPNMSo12PQNKPo15>O10O01O100O100O100O1O10O1iPNO^n12bQNN^n13aQNM^n14]QNKD1on14YQN0GKQo15WQN2ln1NTQN2ln1NTQN1mn10SQNMon13QQNLPo15>00O101OO1cPNKnn14QQNNnn13PQNNQo12mPNOSo12kPNOVo11iPN0Vo11iPNOXo11gPNOYo11hPNMZo13fPNLZo14iPNHYo179O011N1O10O0HMcPN4[o1NePN2Xo11gPNOXo12iPNNSo15mPNKSo14nPNMQo13oPNMQo13oPNMQo12PQNNPo1MVQN1kn1LXQN4\o1NVP6NljXe0
20140629195814Mh_3,dQY\15io13N1O1O10000O0O2O0100N2N3Kjo;OWPD5O0O10O101Neno10[QPN2N1O1O02N100ObPa_2
20140629195814Mh_4,daen11mo13O0O1000000000O1000VPNNfo12YPN0fo10ZPN0fo150000005JQP<NQPD2O1O1O0000000001O0O]P`0Nao_O7M2N101O0001O5L0O00101N01O001O0001O000N20O100[ON\QN3cn1M]QN3cn1M]QN4Wo1000000000001N10001Nj]Zl1
20140707023654Uh_1,lPY`04jo14M3N1O1O107H4M1O1O00001O4L1O1N2O1N100O01O100O10001O7I1N0100O01O010O100O1O00100O00000001O001O0000000000000001O002M101N101O000100O1O2N1O1O001O00000001O00000000001O00001O001O1O00O2O0O1O10O0101O0O01000001O001N100O1000O001O0000BiPN5Wo1KlPN1Vo1M?01N3MmmZX3
20140707023654Uh_2,UlVh28eo16K4RN@VTNc0fk1CVTN>ik1CVTN>jk1AWTN?dm11O100OO11N11O010O1O2N1O2N00O1M3M3O1O0TO]O]RNc0`m1E[RN<cm1JYRN6fm1R10O1N2N3M5I7L7G>]OXm1GWSN5M3N1N3O2N3M4L5L2N003M1OO1N2L3M3K6J<CmWST1
20140707023654Uh_3,jYgS15io15M2YQNIam19]RNGdm19\RNEfm1<o0001O01O0OjQNCil1>TSNFkl1:SSNHml17SSNInl16SSNInl17RSNHnl18SSNFol1;[10O1O001O010O10O10000000O001]QND`m1=]RNGam19]RNIcm17[RNLem13YRNOgm10YRN1hm1NWRN2km1LVRN3km1MTRN3nm1MRRN0Qn10oQNLUn15k04M1N01N1O2O1M5JQeRi2
20140707023654Uh_4,`hbn28fo14N1O100000O10O10OePNJmn16QQNMmn13TQNNkn12UQNOin12VQNO`n1DcQN<NO^n1HcQN9OO]n1GfQN9NO]n1FhQN7N3Zo1001O1O001O000002NO2O0QOFXRN:gm1IWRN6im1LVRN4jm1MVRN3im1MYRN3fm1MZRN4em1K]RN4em1I]RN9`m1EdRNP1lm14LO001O2M5IjUen0
20140707023654Uh_5,bhP^21do1<N1O1O2O0O0100O1O100O2N101N2O1N1000O100O10O0100000000O01OO1O02O0100O1000000000O01O100O101O000O2O0001O001O001O0001O014L110000NO01O1O001O2N7H^Wa]1
20140707023654Uh_6,fcek13jo15N02MonS4ORQlK3OO]]ho1
20140707023654Uh_7,[XQW37]n1KjRN9Pm1NmRN5ol1MPSN5nl1KTSN6kl1GWSN:Xn11M5L4L3L2N1O1hNTO\SNl0bl1VO^SNi0cl1VO]SNj0km12@a0K4N3O0O2O000OeNcRN4\m1MgRN0el1BoRNc0<Jdl1FlRNc0`0Fdl1IhRN>OYOg0?dl1b0dSN\OPOCbm1g0bSN^OmNLfm1c0c1N1O3L6GmP2OPPL5\n1MbQN7_fbf0
20140707023654Uh_8,hjj_25jo13M3N3L5L2N2O000014K10N2O000001N2O1N2O010N110O001O001O1N2N2NaP^2MboaM0O1O1O2N1O011N1000000000O100000000O101N100O102MfSWZ1
20140707023654Uh_9,]UQc25fo19I5K4M3N1O10N0BRQNKPo14cQNGQn18oQNKnm14URNKim16P1O101O10000O010O1O10O0O10100000O1O2N_kP[1
20140707023654Uh_10,m^c`16ho14L3O0O1O100O0010O01000O100O100O100O10O0O200O100O100O100O01O1O1O1N200O00100O2N100O1O2N2Nenk11ZQTNNUPN2io1NYPN1go142Mnb\Z2
20140707023654Uh_11,\]eo21no12N2O0O2O2M2O2N1O4L1I_OmPNb0on1BQQN=nn1DSQN;mn1DTQN<Po1_OQQNa0Vo11O1O0gPN_OTo1b0kPN@So1g0M3N2N1O2N1010O2O0QOZQNd0fn1ZO^QNd0bn1[O`QNd0Po1N01000O5@cPN3eo1O3MVblm0
20140707023654Uh_12,SPim25[o1OoPN4Po1LoPN5Ro1InPN9[o11O10O1O3LYOJjQN1Xn11l0N`P61\oI6L3N1N1001N101O00000010O0100O1O1O0O101O01O0010O1N4MnPco0
20140707023654Uh_13,Xkn_22ml1ORVN3mi1NSVN3ai1LiSN1h23\i1LmSN1i22Xi1NoSN1i21Wi1NPTN1j21Ui1NQTN1l20Qi10STN1l20oh1OTTN2o2Nlh1OVTN3P3Mhh10YTN4o2Lgh10ZTN4P3Leh1O\TN5P3Lbh10_TN3o2Nah1O`TN3]2LhM2Zk1OaTN3^1OQOND2[k1MdTN3[12ROMC1[k1MeTN4Z11SONDOYk1NfTN4Z12SONBO[k1MeTN4[12SOOCMYk1NfTN4[13SOOBKZk10eTN3[14UONAKZk1OeTN4[14VOO_OJZk10eTN3\14ZOL[OL[k10dTN3]13_OLlj1NYTN2n2Ogh1O[TN2P3Och10oWNOQh10P42N2O10M3N00eQV16RniN3N2N2M3N101N2O001O010O0010O1O1O001O2M3M5ITRX3OnmgL7J4LEiPN0Uo1NQQNOon1OUQN0fn70fPJ0PP20PPN0jPN0Vo30PPN010O000YO0_QN1_n11`QNO]n16aQNJ]n18cQNHZn1:gQNFYn17jQNI^m18YRNL<LZm1<XRNF?NYm1?URNBhn1NWQN;NFYo18dPNHao19oP6FYoI0N1Po34SQL2bm;JcRD1hoe00ZPXO0]WUT1
20140707023654Uh_14,Yk\j03mo12M100010O101OO0O1M3000O4L1OSP60noI2N2N1O001O00O1O01O0001O101O1N3MUP63ioI1O010OO9MJ2O1N1GNdPN4Wo1=N101O00O101M4_ObPN;co1O1N2O1N[TkQ3
20140707023654Uh_15,cPg[11oo12M3N<F0O1dQNAUm1=jRNEUm1;jRNHTm18lRNHTm16nRNKQm14^RNII4hm11_RNNG2jm1N`RN1F2hm1MaRN4D2im1JcRNl0Ym1VOgRNk0Wm1TOlRNl0Sm1SOnRNk0Vm1SOjRNg0^m1VOcRN;in1Mfnnb2
20140707023654Uh_16,X^oo1:^o19K4N0010O1N201N1O1O2N10O1001N1O10O011O001N2O1O10OO1^QNCcm1=\RNFam1:_RNH`m16`RNLam11`RN0`m1OaRN0`m10_RN0am10`RNOam10`RNOam10`RN0_m11bRNM_m12dRNK]m15V11000000000O2O0N4Ldo5M^PJ6K2O00O2N3Mdc\l1
20140707023654Uh_17,k]Qb27ho12M3M6K7I1O01O2N01N1O0N2O001N3O0mQNVORm1k0fRN_OVm1a0jRNBTm1:QSNEol18WSNEjl1:]SN\OUO3Pm1`0[TNBdk1;_TNE`k1:cTND^k1:gTNA\k1;beX\1
20140707023654Uh_18,\_k`23jo1300gnk0LXQTO8KHcPN2[o1NgPN1Wo1OlPN3Po1LVQN6cn1JdQN0[n10fQN0To10Wo10bQL0^n11g00O1OO2OoPN0Un10lQN1Qo1O01oNOP10TQN0lm10PRN1Sn1OjQN0k02^n1NWm10[SL0mn70dcP\1
20140707023654Uh_19,UhfZ13lo14L3M2O0O10000O11N1O2N2MWP:MloE4M101N10O101N`o90^PF6K6J=D3M2N2O00O100O2LbRNQORl1`0XTNHek14]TNNdk1L_TN7cm11010O002N2M4Jjnk03TQTO4M3M2O1N3N1N2O0O11O0O1N3K7AlWU`2
20140710020754Uh_1,\YeU24io1400O2O002M2O0O100000000000000O2O0001O00001OO01000O010O1O10O010O1O1001O0O100O10O10O00010O1O1O001O01O00\QNEdm1;WRNJhm16URNMlm15mQNOTn1m02O2M2N4K4M5J5J7IReZf1
20140710020754Uh_2,\in`23ko13N2N1N3N1M3O1N1O2N1000000O1O0001O2N1N2O10100O010O10O100O002N1N2O1O1O1O1O100000O2O1O1N101N2O1O1O1N101O1O0010O011O1N2O1N2O0002M101N011N1O101N0010O0iPNIen17YQNLfn14XQNOgn12XQNOgn11XQN0hn11WQNOjn10UQN2jn1OUQN1kn10SQN1mn1OSQN1ln11RQN0nn1b0O0O1FPObQNR1\n1:O100O1000O10000O1O101N1N2O1O1O2N100O2O0O2O0O2O0BQQNIRo15RQNGon19RQNDQo1;:O2O1N2O1N2NUW]W1
20140710020754Uh_3,k`]V15kn1MQRN6mm1MnQN7Pn1KmQN7Sn1JjQN8Wn1IfQN8Zn1IeQN6]n1JaQN6bn1H]QN8fn1FZQN8in1GWQN8kn1FVQN9Yo1O0010O00001O000001O00O1O2M3M2O1TQN@Yn1?hQNBXn1<jQNDUn1;lQNFTn1:lQNFTn19lQNHTn17kQNLTn14jQNNVn12hQN0Xn10gQN1Yn1OgQN0Zn10fQN0[n1OeQN1[n1NgQNO\n1OfQNK@Lon16dQNJbn10eQ61SnI1nQN1Pn12nQNNRn16jQNJVn1:gQNEYn1<e00000000001O0O2O2F]PN1SP:NioG0jo32UPLOi_Re2
20140710020754Uh_4,^ZQS17on1JeQN>Tn1JdQN<Yn1I\QN?an1a00O1O1N3J7D<L4K7I\P:0foE3bNGQSN9ml1KRSN3ol1M_P42TRJInm1>jQNHRn1V1N11O1N2N001M4L5Dc0[O[hdj2
20140710020754Uh_5,UcWg26io15J6K2O1OO10000O101O0010O01O1O001O01O001O1VNBPTN?nk1CQTN>nk1CQTN>nk1BRTN>ok1APTN`0Pl1@PTN`0Ql1_OoSNa0gm1010O0010O01jN]OoRNc0ol1@PSN?Qm1BmRN?fk1@aTN1I?fk1AaTNOI`0ek1CaTNMJ`0ck1FdTNGJc0ak1HhUN8Xj1HfUN:Yj1GdUNGPN:\l1OcUNHQN9\l1OaUNJSN6]l10_UNLRN5`l1M^UNa0cj1_O]UNa0cj1^O]UNb0ej1\O\UNd0ej1ZO\UNe0fj1YO[UNf0gj1XOZUNg0ol101N200O1O010O0001O010O010O10O10PNZOeTNg0[k1ZO_SNN=h0Tl1[OYSN4`0a0Xl1[OWSN7?>Yl1]OVSN8>;]l1^OSSN8?;^l1^OQSN8`09`l1@nRN9a07bl1AlRN7b09bl1AjRN6d09cl1BgRN5f09cl14_SNMal12_SNNal12_SNO`l10aSN0`l1OaSN0_OWObl1h0PTN2^OVOal1g0RTN3\l1JhSN5Yl1KfSN6Zl1JfSN6Zl1JfSN6Zl1KdSN6\l1KcSN4^l1LoRN[O4i0nl1LkRN_O4e0Rm1LjRN_O4e0a0WO`k11cSN?7F4b0b0YOak1NdSNa04F4b0d0XOak1NgSN?OK4>f0]Ogk1:]SNM5;g0Bdk17^SNN58k0Dak1h0aSNEo0C`k1b1`TN`N`k1_1aTN`N`k1_1`TNbN`k1]1_TNdNbk1\1]TNeNdk1Y1[TNiNdk1W1\TNjNdk1V1[TNjNek1V1nSNYNJa0Wl1W1lSN_NH:\l1X1kSN`NH8]l1Z1hSN`NJ6]l1\1gSN`NK3_l1^1eSNbNI0cl1_1bSNTO^l1o0^SNQOcl1V20O100001N2O1O0O100OkNbSNjN]l1FeSNb0NI]l1DgSNb0LI^l1EfSNa0MJ]l1EfSNa0MI^l1EfSN2KD0e0al1_OiSNHF071If0dl1[OlSNJEO55G8NJil1KkTN1_N4Vo1IlPN5ao1J]]no0
20140710020754Uh_6,n]^W1:fo12M2O01O1N3MhPNOgn1KXQN8Uo1=E3M4N3M10O01O1O0OWOYQN;en1D_QN:`n1EaQN=\n1CfQN=gm1]O\RN5N?cm1@^RNN2a0_m1BUSN=kl1BVSN>Wn1O2N2N2M2O0N3N3LZ`_f2
20140710020754Uh_7,U_ga21mo12O2JM[PN5eo14N1O100O100O100O010000000000O100O2O1N102M3K\ng25_QXM5M2N2O0O101O010O0001O1O1O1O1O001N102M2MSoa07dP^O6L4M100O10O10000O1O100O1O2N1O2N3L4MfR6M]mI1O0K6K5N2O01O1O2O00001N1O100O101N2N[mo03`RPO6K4K;G3N0O01J6M4K5M2O2M3M[dbS1
20140710020754Uh_8,k^hW12SQ8OknI1mo;OnnC0]RN2`m1NbRN1\m1OfRN0Zm10[11UPNOfo13hPNM`o50eo52ePDOG0Wo12QQN1bo1MY`[f2
20140710020754Uh_9,S^mj13ho18L3K5J6L3MCVQNJhn15\QNIcn16_QNJ`n14cQNK[n12jQNOom14TRNLjm15WRNKgm16ZRNJem16^RNGcm18R102Mho1NZPN2O10O001N102NbP21^oMOibVS2
20140710020754Uh_10,P_Wa26io12N101O0001O000MZPNLfo12\PNNco12_PNMbo10`PN0]o[11^PdN1go1300O1O10O1001O1000O1O1O0001O1O001O010hPNKdn16[QNLdn13]QNMbn15]QNKcn15^QNJan17`QNGan19c000O2J[PNOlo1N_ajZ1
20140710020754Uh_11,h]ak13jo11cmg4O^RXK4M3M1O10000O10O2N2N001N4KPefn1
20140828080414Th_1,d_V>Z16TO0Jk09POGene2ObP\MKRQN>cn1f0M4L3M3M4L3M6K3M1N4M1N3M1O2OO4N11\SNYNij1h1kTNbNUk1a1_TNiN`k1l20200VMlKdYNS4Zf1nKiYNP4Wf1oKkYNQ4Ri10100N1001N2O1O00001O1OO02N2N]M\TNm0ak1lNkTNP1Tk1oNoTNQ1oj1nNUUNR1hj1nNZUNQ1ej1oNfUNg0Yj1ZOkUNb0Tj1_OoUN?Pj1@SVN?ki1AVVN?ji1@WVN`0ki1]OXVNc0fi1]O\VNa0di1^O]VNb0ci1]O_VNc0_i1]ObVNe0\i1ZOfVNe0[i1YOfVNg0Zi1WOhVNi0Xi1VOiVNi0Xi1VOiVNj0Vi1UOmVNj0Si1TOoVNk0Si1ROoVNm0Si1QOoVNn0Si1nNoVNR1Ti1iNmVNX1Si1eNnVN^1Xi1YNiVNi1fk1101OO12M3M4M1N1O1O2N[NeRNj0Vm1SOXSNe0el1XO_SNi0al1QOdSNR1Zl1kNhSNX1Wl1dNkSN^1\m11NO100O2N2N0101O11M3M1O0010O02O1O00O1O1N11O001N2O0000000O10000O110O100O2N0001O001O0O100O1O1O1O10001O2O0110N4kNZQNg0Po110O1N10O02O3MO10O000001O02O2N00O01O0000001000O02O1N1N5FaUaT3
20140828080414Th_2,i_^c27go14L3L301M3N2N2N100N2O2N101O1O0014K8H101N002N0103M11O2M14NO3M0OO1N110O002N00O0100O2N2PQNZOcn1S1O1\RNSORl1m0lSNUOUl1j0iSNWOWl1k0fSNVO\l1j0`SNXO`l1i0^SNWOdl1i0ZSNXOgl1g0XSNYOll1c0TSN^OPm1>oRNBUm11TSNOPm1KRSN7Zn11O2N1RMZObVNg0^i1XOaVNi0Yl12O001O01O02O2N1O21YOQQN8Po1CTQN;Yo1N2H9Mk\kW1
20140828080414Th_3,eXg^23d30cmS31enmL001O001O1N2N2O1O0O11O01O0010O00O101O0O2N1O1O2O0N2000000O01000O01O10O00001M2M3O20OOO2010O10O10O1O1O0010000O1000O10O01O010OO02O1000000000O1O10000001O001O0000O1O100O00100N3O0O100O0O010N2O11OO1M202O1O1N200OO110O000O2O1O100N2N2K5M3O0000O02O0O2OlNXOSSNf0ml1]ObRNNId0fm1@[RN2O;gm1JQRNO84im1a0SRN^Oom1a0RRN^Onm1b0SRN\Onm1d0SRN[Onm1d0URNTOQn1k0c0O1O00000OO2M3O0OM1201O11O01O100N200OO1M4N1O11N11O01NK51M3L4N30N2O0001N_O\QNAjn1`0;1M2001000O1O010N2O01L301N2O1M3O1N20TOESRN9mm1LSRNLlm1O]QN6h0Iim1`0k0O01O1N101O1O0001J8M3GQibQ1
20140828080414Th_4,UP[R14io19I>C2N1OO1_OoPN2Ro1=1000001O1O1N01]O\OjQNd0Un1]OlQNb0Tn1_OkQNa0Vn1]OkQNc0in100O100O10XO^OQRNb0nm1BmQNa0Sn1_OkQNb0Vn1_OhQNa0Rn1XOjQN55a0om1AZRN?fm1DnQNKK?Xn1JjQNHM=Yn1MiQNGN;Zn1MhQNHN9]n1OfQNEM:en1LbQN7`n1K\QN6dn1c0O1O2N4LL5N3N2XO_QNNgn1GeQij2
20140828080414Th_5,PVWm01oo10YO1[QN1dn10\QN0dn11[QNOdn13[QNMen14ZQNLfn15b0001O001O0000001O000001OoPNHZn18fQNIYn17gQNIYn17gQNIYn17gQNIZn16fQNJZn16fQNJZn16fQNJZn16fQNJ[n15fQNI[n17h0O00001O00000000000001O01O0000001O0001O00001O00001O001O001O001O0010O01O1O000101N1O00000000000O1000000000001O00000001O00000000000aPNHVo18iPNJVo16jPNJWo15iPNKWo16hPNJXo16hPNJYo15gPNKYo15gPNKYo16fPNJZo16fPNJZo17fPNG[o1:501O01O0000001O0000O11O0000001O2N1O12M100O1O1O0000000O2O0O100O2O0O101OoiPj2
20140828080414Th_6,gTU_3:_o17TQN@@6]n19ZRNGdm19^RNCfm1<P1O01O1O2N2N101O106TQN^Olm1d0lQNJkm1d1A2O2O20N6JO02gMZRNR2mm1N3TNhRNi0bn1E2O3L1N3O0O1OeMHoTN8hj1GSSN6R23ej1;eTN_OPO5Yl1`0`TNBUOOYl1b0_TNAWOMYl1e0dSNWO4<OHYl1g0`SNYO3<3C[l1[1]SNVO7_O^l1X2bSNhM_l1:VSNZ19]Nal1X2^SNhMbl1X2]SNiMcl1U2^SNlMbl1o1bSNRN^l1U1XSNmN`0OVl1f0[SNWO13=1Ul1e0`SNVOO2;5Xl1a0_SNWOO367^l1>]SNXOO349al1;[SNWO62L>gl1LQSNE4O<0Eb0nl1FnRNJO1d0h0al11_SNN\l19bSNGZl1f0ZSN\Ohl1m1001O2_OPSNoMSm1KmRN31Y11dNbm1N_RNa0N04\Oom1>\1Fijh<
20140828080414Th_7,S`dc1<bo13O0O1O2M2O2O1O1O0O001O1000N2O0002O0O2O2N1O0001O002N3N00O1O0dWNCUa1?d^NGZa1;e^NE[a1;kYNZOj2:\c1<dYNIg2Kec1;^YN7e2^Ooc1;XYN=c2[OVd19TYNb0`2WO^d17PYNd0^2WOfd13kXNh0Z2WOmd10jXNj0V2VORe1NkXNi0S2YOTe1LmXNg0n1_OVe1HmXNh0l1AXe1EnXNj0b1H`e1]OPYNl0\1Jde1WOSYNU1l0JQf1jN\YNa18H^f1`NcYNl1FDPi1>iVNCai16]VNHhi18TVNIPj14PVNHYj11_UN7jj1]ORUNROPOc1Wl1nNfTN^1kl14N2M4O2N0010O3N2UNgRNi0]m1nNjRNP1Vn1L6J3K6I<A\YmW2
20140828080414Th_8,gc[V22no10O2OO`PN0Ro10cPN50M30Ro1=lPNDon1KSQNa0MEnn1MTQNf0ln1ZOTQNf0mn1XOTQNg0So1L4000NBjPN9Ro1HnPN<mn1ERQN<mn1=N11O0UOTQNb0kn1\OXQNd0hn1[OYQNe0gn1[OZQNd0fn1]OZQNb0fn1@ZQN2J2ln1MZQNOL2ln12UQNKN4mn12TQN5mn1?1N1N3O2N1O2N2N1O7J00O0010O00O0_PNF^o19cPNG]o19cPNGnn10]QN7FImn10^QN1DNUo11f0000[\^f1
20140828080414Th_9,UlTm11`QV33ZnkL3O00000O100O100000000000O1000O10O100O100O100O10000O1000000O2OaoY10\PfN3O100O100O100O01000O10O10O10O100O010O10O001O01O10O100000000O01000O2O00O1000000000000O1000O10O10001O000O110O001O001O1NaPT1OdoiN1io15N1O1O1O0010O0001O0000001O01O00LFcPN9]o1IbPN6^o1JbPN6]o1LbPN4^o1LcPN4\o1LdPN4\o1NbPN3\o1NdPN2\o1NdPN3[o1:lPN]Oin1c0WQN]Oin1c0VQN^Ojn1b0VQN^Ojn16PQN26Hjn1b0VQN^Okn1a0UQN_Okn1a0UQN_Oln1`0TQN@mn1?SQNAmn1>TQNBbn1O^QN?0Ban11^QN<2Ban12^QN;1Can13]QN93D`n13]QN93Can13]QN:nn1FRQN:on1EQQN:Po1FQQN8Po1GQQN7^o1N101NgR[d1
20140828080414Th_10,XZSV13mo11O1XPNLbo1910002MKJaPN6]o1KdPN5[o1KfPN4Zo1LgPN4Xo1LiPN3bo110O0001O00000DLlPN5So1KnPN4Qo1NnPN2Ro1MoPN3Qo1MoPN3Qo1MPQN2Po1NPQN2Po1NPQN3Po1KgPN073Wo1NhPN2Xo1MjPN1Zo51XPL1ZPNM]o13bPNO]o11cPNO^o11aPN0ao1N^PN2bo1N^PN2bo1M^PN4go10GMePN3Zo1OePN1Zo10ePN1[o1OdPN1]o1OcPN1]o1NcPN3]o1MbPN3_o1LbPN3`o1L_PN4[o1KhPN1M4Zo1NfPN0O13MRo1:kPNF50Po1:>N2N5KfeZf2
20140828080414Th_11,a`jd11To90kPH0nPN1Sn11kQN2Sn10kQN1Sn10mQNOSn11nQNMl5:Ta1IPYNMg53lIL[g13TYNMd5OSJ1Tg12WYNNU60e`11VYN1e0Mi32\b10VYN1W1Oc2OQc11TYN19NN2[3N\c11RYN16M73\2MoL1Xg10QYN13N?4l1OZe10XXNN2Ob05e1Nbe13SXNK20f03`1Nje13mWNL31g00^10hMN]g11aXN18Oa01a10hMN`g10\XN2=0:Oe11jMN_g10YXN2a0O70d12mMM_g10VXN2d006O_1OYN0Xg10`YN3ANW12cNMUg10aYN2P21`MNWg13nXNNU21iM0kf1MeWN9f1Il11nM1lf18\YNEe12TNOof1;\YNGW10\NNUg19`\NI\LMXg17_YNHc06bNMSj1NQWN0TO2Uj1MRVN6XNJc13lk10`TN1^k1NfTN1Xk10jTN0Uk1NoTN2oj1OSUN0lj10TUNOmj11TUNNmj12RUNOPk11nTNOik1;USNESm15kRNKYm14cRNM`m15ZRNKmm11nQNN[n10n03QPNLiRb02Pm_OOTVYW2
20140828080414Th_12,UmhS21oo10000000fo50YPL0QPN0eo10ePL0\o10dPN0\o10dPN0\o10:0RPN0lo10_Pd00co[O000PP40fo50ZPF00000gP61anIO^QN3an1M_QN3an1MPQN074^o10\OL\QN4dn1L]QN3dn1M[QN3en1M\QN1fn1OYQN0hn11gPNOjo131N?0B1O000001N10no50QPJ2O1O2N1O1OLYPNNho124O00]ONYQN1gn10XQN0gn11YQNOgn12XQNOgn11ZQNNgn11ZQNNfn12ZQNNfn12VQ:O_oE000O01000000O01000000001O0010O0E471\PNK[o167MYPNMgo12[PNNdo12\PNNdo12501OVPNOfo1060TSed1
20140828080414Th_13,f`b>n0Q1\ODL\1MihY2OSUhM1O0100001VVd1Nmi[NO02N10O11M2000O20^MLSUN4^m10`MMRUN1Pk1NoTN2Yj1NRTN8[1K^k17^TNIik13UTNMlk13STNLPl11PTN0ok10QTNORl11nSNMRl15lSNKUl14kSNLUl15k10010O1O001O01O00010O0iMLdTN0Zk11Z2O]40gk11omMOPTN0Rn12ON01N004M1^NLWSN3gl10WSNN_n1200_NKSSN3_n1O]NNd10bQN0kl10gQ40koK01000111ON0PP20ooM002000O0O00PP2010PPN0O0000000VQN0dm10\RN0jn10O0Wo[10TRhN0gnK0O101O001N00O1010O01000[ON[QN2Yo11[OM[QN3en1M[QN4dn1L\QN4dn1L\QN4dn1M\QN2en1N[QN2dn1N\QN3dn1N[QN2fn1NXQN3hn1MVQN4kn1OkPN8Uo191O1O2N1O5K1O3L4LRRf12mmYN4M3L1M4N0O2N2O010O02O001N100O1O2N3M3L4Mmo;ORPD4N1O000002KcRUP3
20140907195814Mh_1,e^SW12Tn18YSNN`l19\SNHSl1k0kSNUOTl1n0jSNROTl1R1kSNlNVl1X1iSNcNXl1c1P12O1O001N12]NmQNT1hn1H3N0O11N101N1O1N12O0O1O1O001N2O00000O101O010O1O1N7J1O1N101N2N2M3N2LbM3[25L2N2O1O1O01O1O1O1M5JdcTe2
20140907195814Mh_2,ni\W35jo12[KJ\YN:`f1LZYN6ff1KWYN6kf1JTYN5Qg1FoXN:[k11O2N1O101O10N3K8FPo96nPF2O10N2N2MQP4OooK7J4nPNB\n1b0_QND]j1LTYNa0^LEZj14oXN9gLBYj19hXN;RMVOYj1a0_XN=Qh1EkWN=Uh1DfWN?[h1AbWN3XMBYk1:^WN2^MAVk1<aVNGaN=^k1JoUNNaN7ak1JmUN3_N35[Ooj1>\VN7\N2jk1GiUNU1Zj1jNfUNU1\j1jNcUNV1^j1jNbUNT1aj1kN_UNT1cj1kN\UNV1VOfNZj13_VNW1WOlNUj1McVNV1YOoNRj1NbVNS1]OQOoi1MbVNP1BSOki1O`VNm0ITOfi10_VNl0MSOdi12YVN^OlN^1Y1ROci12QVNR1>lNai13kUNU1d0iNai15fUNS1j0gNbi18`UNo0Q1gNbi1b0QUNf0d1bNai1d1lTNiNc1Bdi1b1PUNdNRm1Z1m0L4L6YOg0GS[Wd0
20140907195814Mh_3,^ReV31bPR16UooN5L2O2M1O2O1kSNFbh1;\WNGch1:[WNGdh1;\WNDdh1=]WN@eh1`0_3MTVNBYd1<c[NI`d14XWNFn29Qf1KS[N6Ue10XZN4he10TZNOne12hYN3\f1O`YN2af1O\YN2ff1NYYN2if1MTYN4of1KoXN6Rg1KiXN7[g1FdXN:_g1D_XN=dg1@RXNBUMn0lj1_OiWNn0Zh1ROaWNQ1bh1nN\WNP1ih1POTWNo0oh1ROoVNl0Ui1VOhVNh0\i1XObVNf0`i1\O^VNb0ei1@XVN=li1EdTN[Od0m0lj1IZTNAi0?Sk10oSNHn02Wk15hSN3T1YO\k1`0aSN>mm1ZOVRNk0^n12N10O1M4L5J4K6HfjRe0
20140907195814Mh_4,_eTY34ko1002jn9KZQF000001000mRN0Uj10lUN0Sj70oRJ0^PN0ao10B0>100O0]PNOWo10=0aQN5Yn12O1M1\PNGao15Po7L\QH1O002N202nPN7hm1JoQNLi1Nej1:`UNG\m12O0RXQd0
20140907195814Mh_5,oaYc21ko15N1I8L3O1N2000O10O0100O100O10O10O1N1010O1O1O0O2O10000O10O10000O01000O1000001O0O100O10001M2N2O1O101O0O3L3Mnoa23PP^M2N2N2O0O2M2O1O10000O10000O10000O1O1O1O1O1N200N2N1IVOVQNn0cn1RO]QNU1cn14O10O0010000O01000O2N10001N101N101WOVQN9kn1F]QN2dn1M^QN1dn1N]QN1dn1M^QNOen10f001O1N_Pl0OboSO100O010O101O1O1O000OKXPN5kn10jQNK[O4kn12jQNJ[O4jn13kQNI\O3in15jQNH]O3hn16kQNG]O2hn18nQNHRn18nQNGQn1<i01N2O0O2N100O1M3O1O1O1O00100O10O10O1000O1000001O00001N101O002N2N2N2N6J00001O000O10O101O001NH]PN5co1J^PN6co1I\PN8ln1HkQN9Sn1LjQN4Vn1NhQN2Wn10iQNOVn12jQNNUn14kQNKUn15lQNISn19mQNGSn19nQNFQn1;j0000O100000000001O001N2O1N2F[PN6ko1JZafl0
20140907195814Mh_6,fQk`11mo14N0O2O0000OmNNZRN2em1O\RNOdm13[RNKfm16TRNOmm11RRN0nm1OSRN1nm1NRRN1Pn1MQRN3nn101N2Nkoi00UPVO1O1O1O100O10O010O10O01O1N201MXo51hPJ100\PN0Yo1NgPN3co11N0100O1O_o^[2
20140907195814Mh_7,]bQ_229OYo15ePNKZo17ePNI[o17ePNIZo19dPNI[o1>0001O0001O0O3N6I2Konc3OTQbL0QPN0QPL00000O01000aPN0mn10SQN1mn1OSQN0mn10TQN0jn11WQNOhn11XQNOhn10ZQN0en10\QN0cn11]QNOcn11]QNObn11_QNO`n12_QNO`n12`QNN`n12`QNMan13^QNNan12`QNN`n12`QNMan13^QNNbn12^QNNbn12^QNNbn12^QNMcn14\QNLdn14[QNMen13[QNMen13ZQNNfn12ZQNNfn12ZQNNfn13WQNNjn12TQN0ln10SQN1mn1ORQN2mn1OSQN0nn11QQNNQo11nPN0Ro12jPNOWo12fPN0[o192N101O1N2O1N7Foog14ooWN3N101O00H^PN2ao1NaPN1^o1OdPN1Zo1OhPN0Vo12jPNNTo13nPNMQo11QQNOon10RQN0mn10TQN0ln10TQN0ln10TQN0ln1OUQN1kn1OUQN1kn1OUQN1jn1OWQN1in1OWQN1in1OWQN1hn1OYQN1fn1O[QN1Zo100000000000O10OhN0bRN0gn1000O1O01000O0100O01O1000O0010O01OYO0_QN1`n1NaQN2Vo1OHOePN1fn1OfQN0@3Qo1MZQN6hn1JXQN4en1LoPN0=2fn1NkPN0jo131O1O]oY10bPfN3NL30UQ40lnK0UO0eQN0Uo11PP6OPPJ10000[o7OQUn70ekiG0XnW30hQhL0N2N2KL^PN4eo1LYPN3eo1MZPN5h1KVl16h1K[PN1bo109OQP2O_PL2E0]10el16mQNJ[10ZZTd0
20140925195834Ch_1,\Xgn0b0^o13M2WWNBka1d0m]NBoa1b0j]NDTb1c0h]NYO[b1h0h]NoN\b1S1X63N4K2N5K3M4K9H2M2O1N200OO12M3M3N2N5K;D4L7jWNdL[c1`3[\NiLbc1^3U\NbLnc1`3m[N_LWd1d3e[N[L^d1f3_[NYLbd10\XNP3n2nLjd11YXNQ3k2kLPe16TXNP3i2fLXe19QXNR3b2gL]e19QXNR3Y2kLge12SXNP3R2QMme1MTXNP3l1UMRf1ISXNS3h1TMWf1HSXNV3_1TM`f1ESXNX3n0_MQg1ROZWN1j0^3c0cMbh1Z2ZWNgMmh1AnUNi1o0gNVj1Y1cUNgNcj1[1TUNgNbk1_28H6K4I5M3N2N4K4K5K6I5N3L2O1N2N3N100O2O3M3N2N7I3L2N3L3L4L5K5DYaXl2
20140925195834Ch_2,]mTn03<0^k_44mSbK7K1N101O001O1O001O0000000O0100O1O10000O100010O000000000000000000000000001O010O1O2O00O011N2OO010O00001O010O10O01O1O1O3N0O1O010O00101N1O2N1O10O02N0O3N1N2O2M4M2N001O00000O1O1000O01001N1@`0N1010000001O001O00001O001O00001O1O001O1O1O0010O0100O01O010O1O2N100O2O01OUOUQN`0ln1]OVQNc0Uo1O1O0O100O1O1000O101N1000002NO00001O0001O00002N2N1O1O00000010O010000O10O10000012MO100O10001O00O101N1N3N2M5L1O2N1O002N101N1O1O0O2O0O101O00001O001N2N1O2N10001O001O1O2N10`NZRN]OOP1gm1AdRN>]m1@fRN?Ym1@hRN`0Xm1@iRN?Wm1AiRN`0Wm1_OiRNb0Vm1^OkRNb0Vm1\OjRNf0Um1YOkRNg0Vm1XOjRNh0Wm1WOiRNj0Xm1SOiRNm0Xm1oNkRNQ1Sn1000O10O01O0012N2M1O101N3N0O3N0O2N10O01000O0010O100O001O1O000010O11OO01O00010O001O01O0O10000001O010O0000000000000O10O10O100O10O1O100N11O10O01000001N2N3M2J]PNKfo12URWZ2
20140925195834Ch_3,okfa21no12N2O0O2N1O2O0N3M2O1O100000000AA]QN?^n1H_QN9_n1d010O1O100O100000000001O001N1O102M3N1N2O0000000O1O101O000000000000001O00000000010O0000001O00001O0O2O00001O00001O00001O0000SQN_O[n1a0dQN@\n1`0dQNA[n1?eQNBZn1?eQNA[n1?eQNA[n1`0dQNA[n1?dQNB\n1?cQNA]n1`0bQNA^n1>bQNB_n1=aQNC_n1>aQNA`n1>aQNA_n1?bQN@^n1a0bQN]O_n1c0>2O0010O001O00001O1O01O01O001O001ORQN@]n1`0aQNB_n1<bQNE]n1;cQNE]n1;bQNG]n19cQNG]n19cQNH\n18eQNHZn18fQNKWn14jQNMVn12iQN0Vn10iQN1Xn1MiQN5Wn1IhQN8Yn1GgQN9Yn1FhQN:[n1CfQN;\n1DdQN<]n1CcQN=]n1DaQN<`n1D`QN<an1D]QN=cn1D\QN:fn1FZQN:fn1GXQN9in1GWQN9in1GWQN:in1EWQN;in1EWQN;in1EXQN:in1EWQN<hn1DXQN<in1BXQN?To11O001oNA_RN?am1B]RN?bm1B^RN>am1D^RN;cm1E]RN;bm1F^RN:cm1B`RN>am1^OcRNa0^n101N101O000001O0001O1O100O000010O1O011N00020N01000O1]ODaQN;_n1G_QN:^n1IcQN5]n1KdQN5[n1KeQN6Zn1KfQN6Yn1IgQN8Xn1HhQN9Xn1FiQN:Wn1EiQN;Xn1DhQN=Wn1CiQN=Zn1_OfQNb0ln11O05K1O0000O101O01O00002N01jPNChn1<XQNEhn1:XQNFhn1:XQNFhn1:?010O000O100O100000010O01O100O1O00100O002N2N00002MXR_o0
20140925195834Ch_4,bYcP22mo13L5XPNK_o1<G:L2MEVQNEjn1:YQNEfn1<[QNBdn1`0=1O1O00100O1O1O10O0100O100O010O1000000O00100O1M3O10001O0O100O1gQNlNem1U1ZRNmNem1R1\RNPObm1P1^RNPObm1o0_RNQO`m1o0bRNPO^m1n0dRNQO\m1o0k0O1N1L5N2O1O101N100O10000000O00101OO0100O10000O01000000O10nQNAbl1`0\SNBdl1=]SNDbl16ZRNCT18`l15fSNLZl14fSNLZl14eSNM[l12fSNM[l13fSNLYl14hSNLWl15kSNHUl19lSNETl1<g100100O01000O10O10O1O010`QN]Obm1c0^RN_Oam1a0^RNAam1?_RNA`m1`0`RN_Oam1`0`RN@`m1`0`RN@_m1`0Q100O100O1O1ORSNA]j1>aUNJZj16fUNJYj17eUNLZj13fUNOYj11fUN0Zj1OgUN1Yj1OfUN2Yj1NgUN3Yj1MgUN3Yj1LhUN4Xj1LhUN3Xj1NhUN2Xj1MiUN2Xj1NgUN3Xj1NhUN2Xj1NgUN3Yj1LgUN5Yj1KgUN5Yj1JgUN7Yj1IgUN6Zj1JfUN6Yj1KgUN5Yj1KhUN4Xj1LhUN3Yj1LhUN4Xj1LhUN2Zj1NfUN1[j1NgUN0Zj10fUNN\j12dUNM]j12eUNK]j13eUNM[j12j2O1O10URNLjk14VTNLkk12R2O2Oc15VN3O0O100O0010O01M2O2O0001N101N10100O1O10O1000N20O01O10O0100000O0iNKeRN5Zm1OcRN1\m10dRN0\m10dRNO]m12cRNM]m13cRNL^m14bRNK_m16V11N001O00000100O001000O10O001L5LchVb1
20140925195834Ch_5,QQQb07do18N02M6Hln3<]RJGml1a0PSNETl1IZSN[1LPOal10[SNU11mN\l1Q2cSNPNXl1V2fSNkMUl1S3M3MmMnSN=ok1CXTN9fk1G^TN7ak1GbTN9\k1FhTN8Zk1@nTN>Sk1nNbUNQ1dj1_NnSNJg1c1bl1O0001O02OO]OhQN^OVn1b0lQN_OPn1c0RRN]Ook1EaUNm0cN^Ohk1M_UNf0jN]Oek16YUN<TO]Ock1:WUN7YO]Obk1;TUN7]O\Odk19nTN:_O\Ohk15jTN?^O]Okk1OiTNd0[O]O`m1d0]RN]Ofm1b0YRN]Olm1`0TRNXOWn1f0c0OlM_OhTN?Vk1GhTN5Zk1OeTNM]k11dTNN^k10dTNNak1LbTN0QllZ3
20140925195834Ch_6,jZgW23mo12O000O0000O100O1O0010O010_OOSQN0mn10TQN0^o10]O0VQN0]o10\O0WQN1in1OWQN1in1OWQN1in10VQN0jn10UQN0mn1OSQN1_n15gQNKZn16eQNI\n17f01M102N1O10000OLaPNK^o16bPNG`o1<OO011DePN4eo1NGMgPN2Yo1NhPN1Xo10hPNOYo10gPN1Xo1O<1O0VP<OkoC0YR>3dmA2N11O1Nfoe0M\PZO3UeTc1
20140925195834Ch_7,eXSh1131fo1OZQf02knYO0N2O1O000001O0O2O]PN1ao12N1000000O000N102O100O1O010O0001O10O3M1NJePNLYo14hPNMVo13kPNMTo13mPNMSo13nPNKRo15=O010O01O01O01O00000O1O100001O1N3MmfhS2
20140925195834Ch_8,kaeP25jo13M3M5L1O4J3O2YO[OoQNf0lm1@RRN`0mm1BRRN?mm1CRRN=mm1CURN;lm1DURN;km1E]RN3bm1NbRNN^m11eRNL]m12Z1O3KToU11mPjN1O1O0001O0Ogoo0K]PPO3N2O1O02LTP:OmoE4L3N2N2N2O0O2N101N100O1000O100O100O1O1N2N2N2O1O1O4K_`Ri1
20140925195834Ch_9,elb[25io14M2N3N1O1O0010O1N3M2NZQNHhm14f2M^N3M3N101N1O010O00O1001O000O10O1000O01O101O0010O0001O00010O00O1N3N1N2N2M3O20O2N3M3L]QNEdPQa1
20140925195834Ch_10,^Yg]12no11O0`PN0Po11oPN0on11PQN0Po11mPN:in1HTQN;kn1FSQN=jn1ETQN02Njn1>VQNCin1>VQNBjn1>WQNAjn1>VQNBkn1<WQNCkn1;UQNFmn1IQQN93MTo1MoPN3`o1O0010O0001O000000001O00000001FMdPN4\o1McPN3]o1NaPN3_o18O1O1N11O003M1O00O0100000OO2O0L5O1O1O1O1Ocoe00]PZO2N1O1O1N2O1O0010O0O101O1O1M3O1OffP]2
20140925195834Ch_11,S`]i12mo11O2I6N201N2N4M1N1NHjPNJUo17kPNITo18lPNHTo18mPNFSo1;mPNESo11lPN12LRo12oPN01Lon15RQNMWo13:1000O2O1Mmo5OTPJ3O1N1M3N2O1O001WQNDnm1;SRNFkm19WRNGim18lQNGbn15f0N3NQanS2
20140925195834Ch_12,lYY[37go15XQNFdm1=URNHjm1:RRNHnm1:oQNHPn18oQNIQn17oQNIQn17oQNIRn16nQNJRn17mQNISn17mQNITn1>eQNA[n1?eQNA[n1`0dQN@]n1?bQNB^n1>aQNC`n1<`QNCbn1<^QNDbn1;_QNDbn1<^QNCcn1>]QNAcn1a0\QN]Oen1e0^QNUObn1m08000OIPQN@on1`0SQN_Omn1a0TQN^Okn1c0VQN[Okn1e0UQN[Okn1e072O0nPNYOkn1h0SQNZOln1n0O1O000O101[QNnN[n1Q1dQNQO[n1Q1bQNPO^n1Y11O0@aQN_O`n1`0_QNAdn1l01O2N4K2O1O2@PQNLQo13PQNLRo12oPNMRo11oPNOQo11oPNORo11mPNMUo13lPNKVo14jPNMfn1M`QN7IMdn1OcQN3I0]n1HaQN781KO[n16jQN8Vn1HkQN7Tn1JlQN6Tn1ImQN7Sn1InQN5Tn1ImQN7Sn1HnQN8Rn1GPRN7Qn1HPRN7Qn1IeQNMJ;an1HdQNa0]n1_ObQNb0^n1^OaQNc0`n1[OaQNf0]n1UObQNN1m0]n1UOhQNm0Wn1XOdQNh0[n1?O1000UOdQN2]n1MdQN1^n1NcQN^OL36Man1OZQN?go1G1MjeR?
20140925195834Ch_13,Pkdb27go10[PNL7NPo12PQN0J1Wo1Md01O01O010O100000QP40ooK010O0RP20noM20O000O00_PP40coWL0QPN0moM0PPL0X11[ng0OloWO0a0000`PN0`o;0boE0lPN0bo;0PP20ooW10iPZO0\oG0loYO0dRSQ1
20140925195834Ch_14,flnR22mo12O0001OfPNOZo11O1O1O1O1N1O200O1O1O001O00000O10010O0001N010000N2O01100O100000001O0000EdPN2\o1KiPN3Wo1LjPN4Uo1MkPN3Uo1NjPN2Vo1OhPN2Xo1OfPN2[o1LfPN3\o1IgPN7ao101N2M[Sii1
20140925195834Ch_15,_lZb04lo110LSTNR1Pk1MaNQOfRN0N2c17jNGjl15[TN1_k1J_UN5PNKbk16dVNMPj10nVNMZh12iWNOjg12`TNOc1N=2]i18VVNM9K_i18XVN17Fai19VVNI`N1i1Mfi12PVN0gNOa10ii11gUN5ROJ\10mi10QUNf0J[OW1NQj15^TNKJ0\167I\j15PTNNb14Wn1M2N0002L2YQNLbm12^RN0`m1ObRN1_m1N`RN3am1L`RN2gh13hZNL`L1eh1:iZNE`L1gh1=hZNA`L3fh1?jZN]O_L5gh1?iZN\O`L5hh1>i[N@Zd1>h[N@Zd1>hZNAZf1<hYNGVf15oYNLUk1N1O0010NO011Ocl;:oRD7H5M10OO1I7ON2MgQN]O\m1c0bRNDZm1;fRNLSm15nRNMPm11QSN1ol1LSSN5nl1HTSN8ml1FTSN:ol1ASSNb0Tk1ESUNFJh0lj1JUUN^O1j0fj1JWUN\O6R1Wj1E]UN_O;m0Wj1D[UNE=g0Uj1E[UNH`0c0Sj1E]UNJa0a0Qj1B]UN1c0;Pj1C]UN3c0:Qj1@]UN7d07Sj1\O[UN=c05Vj1VO\UNg0=1]k10fTNL\k13gSNROe0?_l1IgRNLj0JQm18RRN0So10jPN2Vo1;2N200O01O0000O1O1M5L5KiQcW3
20140925195834Ch_16,b`Ud22lo13O0O1001NbQ\51]ncJ1O2O1N2O00000001O001N2N3L\P:3aoE3N2N2O0000000IIePN8Xo1JhPN6Wo1LhPN4Xo1:O10O1EiPNMVo14kPNLUo12mPNMSo13nPNLRo14oPNJSo15mPNKTo13mPNLTo14lPNLVo11jPN0bo13N3M2N2N0000000001O00100O00100O3L[]\R1
20140925195834Ch_17,U`QS24jo;MUPF006J00O1O100O2Oco;2YPD3O0_PNJXo13cPNM23Zo1NgPNOM4\o1LiPN7Wo1IjPN6Wo1IiPN7Wo1KePN6]o163CaPN3fo11O000O1001O1O1O1O001O001OYok00fPTO103L3M00001O01OjPNJdn15]QNKcn14_QNKan14g0Ng`^h1
20141009195814Mh_1,dfRZ12io18M1O1O1O101OO100O01O1O0O3N001O1O1O01O0010O001O01O001L3O10O2O1O1O1N10001O0010O00001O0O1000001N2O001O2MbQNFXm19[RN6dm1JZRN?`m1@_RNf0]m1WOcRNm0\m1QOdRNQ1\m1mNeRNT1Rn12O2N1O1O002O1N3M12OO01N0000000O2O001O001O2N2M6K2N1N2O1O000010O001O002O0O101O010OO1O101000N1001N2N1O1O2N2N2N2N4NdPNCYo1`04K1004K10OO10O3NO02O0O2OO0100O00101O0O10O01O004L4LWP>1goA4M5J3N2N1O1O1O000000001O00001N1O1000000001O010O1O6J1O1O1O00010O00000000001O1O2N2N1O100O001O100O01kNL^RN2hn11O1O1O2N1O1N10001O01O01O01O0001O010O0001O00001O1O00001O0001O00001O00001O00000001M2K5OoSkV2
20141009195814Mh_2,QkdW21mo16L1O1O1O001O01O0001O0000O10000O2N1O10001N1OjPP1OWooN2N2O1O1O00001O001O0001O00001O001O_PNJXo16gPNNXo10gPN3Wo1LjPN5`o10010O01O010O10O0000001O01O0001O000010O000HHhPN8Wo1KgPN5Xo1MgPN3Xo1NhPN2Xo1NhPN2Xo1OfPN2Zo1OePN1[o1:0EePN1\o1LgPN3Zo1JhPN6`o11@HXQN8hn1HXQN8hn1IWQN7in1IVQN7kn1IUQN7kn1IUQN7ln1GUQN9Yo1000000000000O1000000O10O10000O1000000O001O1O1O1O0100O010O1O100O1N2O1O101N1OlSg_1
20141009195814Mh_3,e]e\16go14N3M2N2O2M10000O1O000O2N10001M3O1O01O001O1O2M201M3I[OMkQNLYn16g02N001000O10O01O0O1O2N100N3N1O10N1O1O3N10001O1O001O1O0010O10O10O01O010O0100O10N200N2O1N1O1O101OO101O000O00100M3O011N010O100O2N1O2N1O2N2MleX]2
20141009195814Mh_4,e_]S25jo12O1N2O001cPNOjn10UQN5gn1KXQN8gn1GXQN<hn1BXQN`0O[Ocn11^QNn0in1100O2OO010O0SOYQNb0hn1ZO[QNf0Po1O1O0010O010O010O02O1N2N1O1O010O1O00000001O0000000O10000O100000001O0000000O10001O0000000001O00000000000O1000000O10O1000000000000O10000O10O10O10O01O010O0100O0100O010O00010N101O01ON3O0O2M2M4O000010O1O010O1O101N1O1O2O0O1O1N200N110O0001N2O1O010O1O1N1010O01O0000000100O001N101O001N2N101O001O1O1O1O100O0100000O1O100O2O0N2O2Nd`^a1
20141009195814Mh_5,jW_Z12mo12O1O1O001O00O100O1O\P20eoM1N1O10000O2O0000O1000001N10001N2NEO=1bPNOkn11TQN0ln10TQN1kn1OUQN1kn1OUQN1kn1OUQN1kn1OUQN1kn1OUQN1kn1OUQN1kn1OUQN1kn1OUQN1kn1OUQN1]o100000000000O10001O00000O1000000O10000O100O1O001000O00010O0010O001000O10000O1O010O1O100O1000001O000000000O2O0000TP2OloM2N1O2O000O2O000O10001N010O100_PNIYo17gPNIXo18hPNIWo16jPNKUo14lPNLTo14lPNLTo12nPNNRo11oPNOQo10QQNOon11QQNOPo1OSQNNnn12a0NTh`]2
20141009195814Mh_6,iinf23io18XRNK\k18_TNN]k13aTN0]k10cTN0Zk14bTNO\k13cTNO[k12dTNO_k1MbTN4ak1H^TN:gk1_OXTNc0am11NI70010N4N3M8Fbn?3\Q@6L2M3RODfQNK6c0Rn1FcQNK9`0Tn1MjQN4Un1NjQN1Wn11fQNO\n1h04L3L3M4M2O2O1O1O1O2M2M4M3LZRNJik1K_TN6dm1O4LjTgU1
20141009195814Mh_7,m_eS22oo10bPNOkn11b05KO6KkPN1XOOSP:0koI0PPN0PP60ao90_P@000_PN0Po10a0000^P40Ro30^PJ0QPN0oo30QPL0bPN0ln10b00000000cPN0]o1000\O0d000000ePN0fn10ZQN0fn10ZQN0gn10XQN0hn10XQN0hn10XQN0hn10XQN0hn10d0000cPN0jn10VQN0jn10c0000bPN0ln10TQN0kn10c0000000000cPN0jn10VQN0]o10\O0XQN0hn10XQN0gn10e00dPN0hn10cP20ePL0fn50e00PPN0dP20\oK0\O0Y10\O0O0XO2_QNN`n11cQNOZn13fQNMYn13j0NQQNOSo10O000oo30Ro30PQH000kPN0Zn11j001OdP40gnM0YQL0[o11[OO[QN0[o1000O100000O0100O10O01O000010N1Ooo11QPNOYO0aQN0_n30hPN10O010O0100O100O100aPNMPo13?0bPNMon13?0aPNMQo13nPNNYn10RRN2ENWn17oQNKINYn19mQNIIMZn1;mQNHGO\n19mQNHFO^n1:lQNGDOan1:kQNMWn14hQNJZn16i00O01O1O2M2N3L_aj`1
20141009195814Mh_8,ZRoY23ko12N1PO0PRN1Pn12nQNMSn14kQNMUn1<bQND^n1>`QNB`n1`0]QNAdn1`0ZQN@gn1l00SOVQNe0jn1YOWQNg0in1XOYQNg0hn1WOYQNj0fn1VO\QNh0IZOen1OgQNa0E@cn11hQN=FBbn12hQN:GCbn13gQN9an1H\QN9fn1FYQN:hn1FXQN9jn1EVQN;Yo1O0O2O001O0O1O2N1OdPNKon14RQNLnn14>001YOLnPNOa06an1KnPNO`07en1I[QN7Wo1000AKSQN5mn1LQQN5on1KQQN5on1KQQN5Po1KgPNM68Uo1NhPN1Yo1OgPN1Yo10fPN0Zo10gPNNZo12fPNM[o12gPNLZo14:N2Nfn`b1
20141009195814Mh_9,e]_j22lo16K3SQNIlm19PRNKom15PRNLom15PRNLPn14oQNNom1:jQNEWn1<hQNDXn1=fQNC[n1=eQNB\n1>cQNB^n1?_QNBan1?^QNAcn1m01N2O\QNmN]n1R1bQNQO]n1n0bQNTO^n1k0aQNWO`n1S12O0O1O1O0010OO11O01O1O1O3lNUQNn0Qo1M1O1O2N3L3M101N11N1O1O1O2N1N2000N3N2OfQNAUm1>kRNDTm1;lRNFUm19kRNFVm18kQNHg01_m15jQNLe00bm10lQN0b00bm1MgQNL66a01Qn1OoQN0Rn1ORRNKRn12j1Nd``Q1
20141009195814Mh_10,W^Sk21Vo10bQN1]n1OdQN3So10Uo1MnPN00000TQN1gm1OXRN2hm1OU100O0000YQN0fn11gNOcRN1dn1110O0000000oNOTRN2mm1OPRN1Rn1NmQN2Tn1NkQN3Un1NiQN2Yn1OcQN1_n10^QN2dn1K\QN3hn1LVQN2mn1NTQN0^o1000\O0YQN0Rmg04URZO2M4L4L2O10O0010O02O1O2L7H_Ph00eoWONmcVP1
20141009195814Mh_11,blTZ21oo10aoe00_PZO2N5K00O1O01NJ\PN4jo1NRPV1NbokN1]PN1`PNNPo12PQNNPo13PQNMon13?010O0YPNM10Zo12fPNN`o12aPNO]o10:01O000000TPN2go1NXPN3jo1000001OnSka1
20141009195814Mh_12,[WaR35io13M3N1O1O1O0010OSODWRN<en11000O2O01N10000UNBVTN>ik1DUTN<mk1BQTN`0em13N0100O0O100100000O1O1O1O3N2N1N2O3Lkne2NYQZM1N2N2O1O04JRklg0
20141009195814Mh_13,kS_W1<`o16K3PQN_O[n1g0eQNZOWn1h0?2N10O1AVQNIjn16\QNCen1=jQNFem19[RNKbm14`RNM^m11eRNOZm10iRNOVm10mRNNTm11]10O02OlPNN[n13eQNL\n12j0O3LWmPg2
20141104195854Bh_1,_VUZ3d0Vo17L3M3O0O1O1M2O2O1ElNhQNV1Un1=M3O1M2O01N2L5M2O1M3OO12OO2N11OO11OO01O0OJ24N13kNlN\SNV1Vl1_OcSN=_l1LZSN2hl1`12N3OJVMYSNh2Zl1`MdSNK0e2Xl1oMfSNP2Yl1k01O0M5M2N3K4RO[SNmM[m1T1mRNmNim1R1b0O1O1O2M3N2L4K6K<B`o54`PJ3PTN0kg13RXN3kg1MSXN7kg1GWXN9jk1N3M3K^n7KiQH1O0_mj`0
20141104195854Bh_2,Sj^c2:do14M6K2O1O1O3MXOnPNb0Yo10jQNEcl1;]SNFbl1<]SNCcl1?^SN]Ocl1d0dSN^OSl1c0iSNBVl1=iSNCZl1<dSNDal19]SNFel1;[SN@il1a0Y13N6I5L2OXO]QN4an1HdQN8]n1DgQN=Wn1_OmQNb0jn10000N011O1O1N3MmMK[TN4dk1O[TNOfk11[TNMgk12XTNOjk10UTNOmk11nSNG^N5gm15gSNM^l13`SNMcl11]SN0dl1N]SN2[n1M_SeY1
20141104195854Bh_3,PTWm0:do15L3N2M3[N_OTSN2A`0Ym1CoRN2G<Wm1JiRNMO;Um1d0jRN]OUm1d0kRN]OSm1f0jRN[OUm1h0iRNYOVm1g0kRNXOUm1h0kRNXOTm1i0mRNVOSm1k0kRNUOWm1LnRNl0Sm1PORSNn0Pm1mNUSNQ1nl1jNVSNU1lm1O00eQNbNUn1\1;XO[QNNon1BXQN=Wo101OO100O010OO100O101N0100O02O0O1O1000O10O1O1N5H`jfo2
20141104195854Bh_4,Vame25io12O101N10ObMJTUN6jj1NRTN0B2]l1OoSN1B1`l1MmSN4A0bl1LmSN5_O0dl1JmSN7^O0Pn11nQN0Rn10mQN1Sn10kQN0Un12iQNOWn12gQNOXn13fQNNZn12eQNN\n14`QNN_n1j01O1O1O3L4M0O\OoN[RNP1dm1XOVRNg0jm1]OTRNb0km1@TRN>nm1CPRN>Pn1DlQNg0lm1g0O01O1O1N2O1N3M1O2N1O2O1O1N2O2MhNiNlSNS1Sl1POnSN8jN2Zm1GlSN0RO5Tm1KlSNMRO5Tm1O^TNLdk14T2O2O10O1oQNJVl19eSNJYl18eSNJZl18dSNI[l19cSNG]l1<aSNC_l1?_SN@bl1c0\SN\Odl1f0[11N1O2N1O2M2O10O000PO\QNc0Ro1N1O3L2M4N5Io`lT1
20141104195854Bh_5,m\eP21mo12M3O001O2O01H\PN1dm;7nQF7H6J4M2N100O001OO0N4ONN2011N2NO2M4L4010O10O010N2O001N2N1N2000O1000100N1000001OO2O1O100O10O10O1O100O1O1I[PN1afXk1
20141104195854Bh_6,clhR39U1JYm18cRNMdk12hTN0A2ek13jSNK7N:5ek12eSN7[1Ggk1:XTNFik1;WTNBlk1>l1O1O1OeQN@Um1`0jRNDSm1;nRNGnl1:SSNJil15XSNKol1KTSN5]n1O2N^MF^TN3ZO7Rl1MaTNN[O6Rl1MeTNMXO6Sl1KhTNNUO6Pn1KQRN2nm12o08G4M1O0M4H8K6L\OdQNHZn1;dQNF]m1KPSN`0BDYm12`SNNYOOSm18dSNF\O1nl1;^TNBbk1`0P2N5I;DRTej0
20141104195854Bh_7,^\X]251Odo19jPNEcn1<ZQNHdn19[QNGdn1:]QNEbn1<^QNCcn1=?100O1jPNAkn16RQNK11mn14RQNK03mn1<PQNGPo1d0101N3M2N1O000000002ZOiPN7M0^o1ObPN2_o17000OAC^QN<an1F^QN9cn1H\QN8dn1I\QN6KH^n12gQN5IK`n12eQN2IOcn1NdQN3H1cn1MeQN0I3an1NgQNNH4an1NhQNKI6`n10PRN0Qn1OoQN1Rn1NnQN2Rn1MoQN3Rn1LmQN5Sn1KmQN4Un1KkQN5Wn1GjQN9on10@IWQN7^n1IVQN02296]n1HXQN121:5an1IVQN1N066mn1GnPN463Qo1MQQN1Po1MTQN0mn1NccY_1
20141104195854Bh_8,g`kV29do15M101N01000O1O1O1O1N2O010O10O010O0000O2O0000O2M20001OO0J7O1K411O0000O200O1O10001O0O2O0O101N1O1O2M5J6Ihna0OZQ^O5K301O0O10001O1O01O001M3I]PNLimc21QR^M3O0O100000001OO001NocVa1
20141104195854Bh_9,o\YY15jo11[ONVQN8[n1GfQN1L:]n1HgQNLL<\n1JQRN6om1KoQN6Rn1JhQN;Yn1EfQN<[n1CdQN=^n1AbQN`0_n1]ObQNd0ln1O1J7K5M3N3N2Nmo53PPJ2N1O1O10O01O10O01N2O10O00hPNDjn1?VQNCgn1>YQNDen1<\QNCdn1<_QNC`n1=b0M3O1O1O1O]QNJ^m15cRNL]m12eRNL^m1Oiedc2
20141104195854Bh_10,Sghn07go13N2N2N1N3O0000O100O1L4N2K5NfP20\oM1N1O3M2M3N1O1000000000001O00002N100O01O00000001O1O002N1O1O00100O00010O01N101O1M20001N2N100O101N101O1O0011N00010O00001O01O00001O010O10O001O01O02N01O01O001O00001000O000100O010O1O010O01O00001N3M3MSQd3Nnn[L3O2N011OO11OO02O000O101O001O0O010O02OO2N3N5K0O1O10000O1O1O3N0012N003M1N3M1O000112LO2O001N8HnTac2
20141104195854Bh_11,fgno01PP20PP20ooM000000001O010O0011N10\O0c00dPN0in10VQN0jn10VQN0jn10VQN0jn10VQN0jn10WQN0hn10d00ePN0fn10e00000000010O00010O10PP20PPN0O0QP20PPN0O000QP20\PL0Vo10>000ZPN0Zo10fPN0[o10f00D0E0;0\PN0Xo10hPN0Xo10<010O000\PN0Yo10fPN0fo30eoM0ePN0eo1010O0E0fPN1Yo1O<0]PN0Wo10hPN0Xo10<0]PN0Vo10k00B010A0?0O0^PN0Uo30lPN0SO0mPN1Qo1OPQN0`o11@OPQN0`o11@OoPN1`o1O10O001OON1\P^22eoaM001O0100O1ObP`03[o_O1N2OJ]PN0ao1ObPN1]o1OePN0[o1OePN1[o10fPN0Yo10fPN0[o10fPN0Yo10fPN1Zo1NhPN1Xo1OhPN1Xo1OhPN2co10CNlPN2So1NmPN2So1NnPN0So10mPN0ao10QP20boM0kPN0To10nPN3mn1MVQN4gn1L^QN0an10_QN0`n10aQN0Xo10VO0j00O0l00WO0N0_o70^QN0_nI0fP20VP22fT]c2
20141120195834Ch_1,i`WR17fo13O2O0O1001O001O1OdPNGSo16kPN0\o16M2N2O1O10O0100O010O1O100000O10O001O01O001O01O0001O000010N2O010O10O0001L3O010O1O1O1O00000O2O0010O100001N010001N1O101O1O10O010001N2O000000O1N3N1O1O2M2O2L3O1M3O1N3N1O100O0000K5O1N110M3L3N30O100010N101N2L5L3M3O1M4M3L4N4KjaXf2
20141120195834Ch_2,Wdn]23lo12N2N1O2N101O0O101O001N10010O00010O001O010O10O010O2O0O3N0O1O2N10007IUP21moK3do18N2N1N010O101N10001N101O0O10100O3L0110O1OO11N101N1O100O1O10O10O010O010000000O11O0010O0010O00O10000000000O10O01O101OO10O1000O10O10O010O000010O001O0010O01O10O0000010O000000010O01O1O100O01O1O001O0001O01O00001O0000001O0000001O0001O0000001O001O1O0000001O0000000000O1000000000000000O100O01000O101O000O1O2M2O3MdXWV1
20141120195834Ch_3,lU_h13mo1000WPP21gooM3N001O0010O00010O0010O01O100O100=C2N007J00O2M4L2N2M3L4LRi`S2
20141120195834Ch_4,mXeV29QPP3IloQM2O00001O001O00001O000001O0001O01O00100O100O10O01O01O001O00010O001O00001O0000001O0000010O0000010O000001O0000IJePN6Zo1KePN5[o1KePN5Zo1LfPN4Zo1LgPN3Yo1NfPN3Yo1MgPN3Yo1MgPN4Xo1KiPN5Wo1KiPN6Vo1JjPN6Wo1IiPN7Wo1IiPN7`o100000001O01OO10000000000O1000000000O01000O100O1000000O100000000000000000000000000000000000O100000000000001O000000000000000000000O010000000000000O10000000000O1000000000000O101O000O101N^fZ\1
20141120195834Ch_5,YehV19:Ign14RQN47Hfn16RQN29Gdn1c0<0100O10000O1000000000000000010O0001O01O01O01O001O0000100O1000O2O3L3N0O2O0002N0O1O1O1O01O0000000000O2O00O1000000000000000000000001O0000001O0001O000O1000000001O00000010O00000000001O00000001O01O01O1O001O001O0010O0000000000000000000O10O010O100001O01O000O1000001O00000O101O0O1000001O0000000001O00001O100O001O1O2N2N3M3L2O1O1O1O001N1O_P8LeoG2N3M2N3N0O2O00001O0O2O001O1O001O00001O0001O01O00001O000001O00001O001O1M3O0O2O0O101O0O2O10O00000001O2M`PR1LdomN4M1O0O101O000O100001O0000010O001O001O1O10O01000O100O001O10O01O0000001O000000000001O001O01O01O0001O000000001O00001O00010O00010O01O000O2O1N1OYXgU2
20141120195834Ch_6,e\c^23lo111N_oa02_P^O1O2N1O1O0010O010N11O0000010O001N100010O0O01000000000001O00O1001O0001O001O01O000O1000010O01O010O10O10O100O101M3N2MWeP]1
20141120195834Ch_7,Wj`P24lo10O2N1O1O1O1O1O0K6O01O101O001O100O100O1000O1O1O1O002N001O000001N10000O1N3O0O1O2N1O2O000000O0100000000000001N101NkUmk1
20141120195834Ch_8,Sjfa28eo16K5L2O1O1O1O2OO10001O010N101O002N10O01O001N102N1N3N1OO011N1O2N2N2N3O1Nm0UO0101c0[O0N1O10N2O1N2fNWRN:lm1[OaRN`0dn1MYRN\OQl1b0nSN_OSl1?mSNBTl1<lSNDXl17kSNFZl13VTmZ1
20141120195834Ch_9,lnfQ2;eo11N1O1O1O1M2O1000O0ONAhPN?Xo1400100O0010O1O10O01010O1O00101N2N1O10O01O001NbQSl1
20141120195834Ch_10,UhX[34f0N]n14`QN0]n12bQNO]n13aQNN]n18]QNJjm1GcRNa0AHhm1MdRN>@Hkm1KdRNo0[m1ROdRNn0]m1RO`RNQ1_m1PO_RNQ1bm1oNWRNW1im1`0001N1N2O11O4L5K1O1O1O1O01O0M3O1VO^RNmNlm1o0e0N3L3N2N2N1M3O10DZOUQN16d0en1\OTQN16c0fn1\OUQN05c0kn1]OUQNc0kn1]OVQNa0kn1^OVQNb0To101O01O1O101N1O1O2nPNZOfn1h0VQNZOc0L`m1R1_RNoNbm1o0_RNQOam1o0`RNPOQm1OhRNP18POol13gRNn0Pn1SOPRNm0om1TOQRNo0km1QOURNQ1im1oNXRNQ1gm1nNZRNS1em1mN\RNR1em1lN]RNa0AK7C_m11iRN`0CL3E`m1NlRN`0BL1Ham1KmRN`0BL0IXn1;gQNMOJZn18gQN0MH]n18eQN;[n1FcQN:_n1a03MWOkNlRNT1Tm1mNkRNS1Vm1mNjRNR1Vm1oNiRNQ1Wm1oNjRNP1Vm1QOjRN<\OMjm1F\RNL4>H1hm1A\RN466H4Qn1FYRN0KLH7Un1JVSN1TU_?
20141120195834Ch_11,Qjfa22hPd10Wo]N1OO\PNOZo11gPNOXo10iPN0WT]\1
20141120195834Ch_12,WhRb0:Qm1KQTN6MFSO:ol1NjSN81MTl12dSN39H:2Vj16TUN0?D2>Yj1OWUNLb1<Vi1JXUNDb1g0Vi1EaWNa0]h1@aWNa0`h1_O]WNc0ch1]OZWNf0eh1\OXWNe0ih1ZOXWNc0kh1]OTWN1bME^k1:nVNLhi14XVNKji13WVNLki13UVNJoi16gUNN_j11]UNOhj11TUN1mj1OQUN3Pk1MoTN2Sk1MnTN0Tk10nTNMSk14]200000gSNBoh1?mVNDTi1<jVNEWi1:jVNBYi1?eVN_O_i1`0P32O000mPNG_n17]QN0en1E`QN>Po11O01N102M1N0G:N]16]N7L5VQNK_m1:VRNOhm1V11NgM\NXVN`1gi1bN[VN\1ci1fNcVNITNe0Yk1B\WN9fh1E_WN6bh1FfWN3\h1Ll3O6KmYQZ3
20141120195834Ch_13,^ee\23lo12N3N1O1O001O1O1O1O001N2O2M2O2K4H8M4N1O3M3M2N10O1O1]ObQNC_n19eQNE\n18fQNH\n13iQNLVn14lQNLRn12RRNNjm14VRNLhm15ZRNKdm15]RNLam15_RNL^m16bRNK]m15cRNK]m15cRNL\m14dRNL\m15cRNK]m15dRNJ]m15cRNK_m13aRNMbm10^RN0fm1LZRN3hm1KYRN5km1G]QNLf0<ln100O10O2N2M2N3N2N1O2N101O0O101N100O010001J<H2OfPNBRo1>lPNCUo1=kPNCUo1>jPNEim1OZSN;mNFfm14[SN5POCM1gm19\SN2PODNOfm1<]SNOml12SSNLml15USNGml19\101000OO200O10O01O100O1O2O0O2N[[Z]1
20141120195834Ch_14,_\cY35ko11SONjQN2Un15eQNJi0=bk1NPUN8nj1IbSNCl0h0ak1DdSNDi0i0ek1BcSNBg0o0fk1^OiTNc0Yk1[OgTNe0[k1XOcTNk0^k1TObTNl0`k1QOaTNo0_k1QOaTNo0^k1RObTNo0\k1ROdTNo0Yk1TOfTNm0Yk1SOhTNm0Uk1UOmTNi0Rk1XOoTNh0nj1ZOSUNf0kj1ZOVUNf0hj1\OYUNc0fj1]O\UNb0bj1@^UN?bj1B^UN=bj1D_UN;`j1G_UN9`j1I_UN7Sj1SO]TNe0`19Qj1WOZTNb0e17Pj1XO[TN`0e19oi1XO[TN`0e18Qj1YOXTN?f1:Qj1WO[TN=e1;Pj1XO]TN:d1?mi1XOaTN6c1c0ji1YOfTNMc1k0fi1XORWNh0mh1XOTWNg0mh1YORWNh0nh1XOgUNJGm0cj1YOdUNNGh0gj1ZO`UN1Ge0jj1ZO^UN2Fd0mj1[O[UN3Gb0Pk1YOXUN7G?Sk1ZOUUN8G=Vk1[ORUN:E<Yk1ZOSUN:B<^k1WOQUN?^O;bk1UOoTNc0\O9hk1nNoTNk0UO8Vm1KeRN7[m1W1O11O0001O010O1O1O2M3N1O1N1cN\M]UNe2aj1^M]UNc2aj1`M]UNa2bj1`M\UNk1SO\N_k1L\UNg1XO\N\k1NjTNJIk13]NYk11bTNV28iMVk1m2jTNTMVk1l2iTNUMWk1l2eTNXMZk1h300O10O1O2N5K4L1O1O1O100O00TTNPLfk1U4HWNbTNA\k1?gTN_OVk1e0kTNYOSk1j0mTNVOTk1i0mTNUOUk1k0jTNUOVk1k0kTNSOVk1m0jTNROYk1l0gTNSO[k1l0eTNTO]k1k0bTNUO`k1i0`TNVOdk1g0\TNXO4bNVk1Q2gTN\O3eNWk1m1eTN_O4eNWk1k1dTNA4fNXk1f0gTNHOk03hNWk1b0mTNFKn02jNWk1`0PUNBJR11lNVk1>SUN@FV11mNXk1;eUNi0POoN]k16bUNk0QOPOak10^UNQ1POoNnk1FQUNZ1SOnN\m1P1gRNmN[m1R1gRNhN^m1V1g0_OdQN\O`n12m1Jmaf>
20141120195834Ch_15,_cYj22i04Sn10iQN2Vn10cQN7]n1I`QN:_n1G`QN9an1F`QN:`n1E`QN<`n1BbQN>^n1AcQN?on12N5L0O1O1O0O2O001N1N3K5G9M3N2N10O10O1000O010000000O2gNhQNg0Yn1VOjQNg0Yn1XOiQN7LL[n1LjQN7NJYn1OiQN6OKXn1NjQN7NKXn1NjQN6NNWn1KlQN7MOUn1JoQN6M0Sn1JPRN6MJIOYn12QRN4MJLOUn14SRN1LNLKVn16SRNNN0Wn10nQNLN2Vn11Q^bR1
20141220201934Ch_1,\Qan03lo11O2O1N10000O1O1000000000O00100001O001N3N1O1N2O100O010O10O10O1001OYTNCjg1=SXNGmg17QXNLog14PXNMQh12nWNNSh12lWNNUh11lWNNVh11lWNJXh18UXNAbg1`0[XNAXL2Wk1>]XN@\L4Wk1>ZXN^O^L5Yk1=XXN^O_L5Zk1>UXN^O_L4]k1`0RXNCPh1>oWN^OUh1d0c31O1mSNYOjh1h0QWN[OPi1f0jVN_OVi1b0fVN@Xi1c0fVN^OZi1d0dVN[O]i1f0bVNZO`i1e0_VN[Obi1e0]VN[Oei1d0[VN[Ofi1e0[VNXOhi1g0YVNWOki1f0WVNWOli1f0UVNYOni1e0RVNZOPj1d0QVN[OPj1e0PVNZORj1e0e2003L2O23MO0O001cRNWO`k1h0]TN_O`k1b0]TN^Oek1b0ZTN^Ohk1a0WTN^Oej1HPUNi09@fj1JPUNf09@fj1MPUNc08@ij1NPUNb05@lj1LQUNd02_O]l1`0cSN^Oal1`0]SN@el1a0YSNZOnl1e0X1000O11N2N1O1N2N2M3M4K`kTk2
20141220201934Ch_2,\[]P11mo15K3N2O2M101O10O0O100O01N11O001O1O100O0001O1N1M3O2O001N2O010O000L4M2O1O101000O100O3N1O1O1N1M4N1O2O0O2N2O00dQNIol18QSNInl17SSNIml16USNJil17[SNEel1;_1000O1001O1O001O1O2MbfXk2
20141220201934Ch_3,YoZS11no12N101O0O1000O1000000O2OO010WO0aQN1_n1O`QN2`n1N_QN3an1M^QN4cn1J]QN7Vo10O01O101N2Mjoc00VP\O4M1O101N100000O10_PNKWo15gPNNXo12hPNNXo11iPNOWo11iPNNXo12hPNLZo14gPNI[o1680O10O10O000O1000100O00100O01O2O0NfQYh2
20141220201934Ch_4,PgX]15io15L3O0WRNJhk15TTN5gk1KYTN7dk1J\SN7GLml1OVSN9OGkl11nRN:<Cgl1o0`SNnNcl1j0_1J7G:FeXka2
20141220201934Ch_5,cnVY3e0\n1@RRNNIf0Qn1AoQNm0Pn1a010000]OkQN]OTn1`0VRNXOjm1g0[RNVOem1j0ZRNVOgm1i0XRNWOim1j0TRNXOmm1g0QRNZOPn1f0oQN[OPn1e0QRNZOom1e0RRN[Onm1d0TRN\Oim1f0XRNZOfm1h0ZRNYOdm1h0\RNYObm1j0]RNSOem1n0ZRNoNjm1Q1TRNPOlm1b0jQNE5NQn1;kQN:Tn1FmQN:Rn1UOmQN:Ob0Un1ROnQNm0N_OTn1AQRNm0NA]n19iQN[OF4bn1>PRN@om1a0QRNBkm1?TRNBlm1>URNAkm1>VRNBkm1;o0GXQNKXn10kQNORo1OVQ[d0
20141220201934Ch_6,RTWk1=`o18G5L4O1104L23K3MO003K4@mknS2
20141220201934Ch_7,n_Xc12lo12000O2Nnog05moWO4L2O1N2O0O2O0O100O10000O100000O10000O1O2N100O1O101N101N2MfPZ2K^oeM6L2N2N2N2N2N4M1N9H1O1O010O000010O000O1O2O0O2O1O001L4N2N2O1N2N3L4LbPn00^oQO9H2N3N1N2O1O001O001O000001O10O01O0O3N3M4L1O1O001N3N2Ld^eR2
20141220201934Ch_8,eQUd2<fo11iNFfRN8Vm1LSSNOhl13TSN1kl1NTSN4kl1LTSN4ml1KTRN0b01\m11jQN7Vo1<N2N1113NO14LO00O2N4KcN_OZSN>dl1F`SN2cl1MoP]Z1
20141220201934Ch_9,^TY\24VP^1NhocN1IN]PN4bo1L^PN4go11O0000001O1O0010O01003L0100O00001O10O010OXOKeQN6Yn1LgQN3Xn10fQN1Xn11gQNOYn12fQNNZn13fQNLZn14fQNLZn14fQNMYn11jQNNWn10jQN0Vn1OkQN1Un1MmQN3Po10010OO10000000000O100000O1000000O101O0O2N2N`oa03\P^O3N1L4N110OI`PNO^o14cPNK]o13fPNK]o11Ql\]1
20141220201934Ch_10,a`fh11PP20QP22ooMN00XPj00do[O2PPJ0\ON[QN2gn1NXQN1jn1OTQN2mn1NQQN3Po1NlPN3Vo1NfPN3\o183K_Ph01aoWOIaPN1\o1N;0dPNOjn11c000O10000000000000RP40ooM010PPN101M000i^mR2
20141220201934Ch_11,T\ge16io13N2N1O1@DZQN<en1F[QN;cn1E]QN<Ro12O1O1N101N2G8O1001O001O1O0M4N100O010N2O02O000000O1N2O1000001N1O1N201OO10I_PNObo1O`PN1_o1NbPN2_o1LbPN4eo10001NlcRW2
20141220201934Ch_12,cVYZ24ko14N10O3L70I2N2N2O1N3N01O1O010O000O10001O0O001O001O2N2M[hnc1
20141220201934Ch_13,R\ie1190[o11:01O00^PN0To11=00O1000O010N1gn5OZQJ3OO00UQNNmn1001iPNO]n11cQNO]n11bQN0^n1OcQN0^n10`QN1`n10_QN0bn1O`QN0`n10h00000000ePN0fn10YQN0hn10XQN0\o1000]O0UQN0ln10SQN0fm15[SNLel18XSNGil1;USNEkl1<TSNDkl1>mRNBSO0Pn1>lRNDZm1=fRNBZm1>T101O0000000O100N3O0O2O1N2O3KZe\V2
20141220201934Ch_14,Q`nh11oo10O0QQN1om1ORRN2lm1NURN3kn11nNLWRN4jn10001O0O1N100010goS20YPlM00000000001000O10nPV11oniN2N2O1O0000000001O1O00U^]Q2
20141220201934Ch_15,^Q[n03lo13M2NI\PN6ao1J`PN6_o1JcPN5]o1KdPN4[o1LfPN3[o1MePN2\o1NdPN2[o1NfPN1Zo1OgPN0Zo10fPN0Zo10fPN0Zo10fPN0Yo11gPNOYo11fPN0Zo1OfPN2Zo1NfPN1[o1OePN1[o1OfPN0Zo10fPN1Yo1OhPN0Wo30mPL0Po10VQ<0jnI0aPJ010O010O0`PN0_o11012OO0^OOTQN0kn10c0000VP>0VQ\10SkZj2
20141222201814Mh_1,SQeg13jo15M2O001O1000O101O000O2O1N010000O3N0O101N1O1O1O0cQNEUm1<jRNDVm1<kRNBWm1>U11O100O010O100O10O11O10N200O1001O0O2N10O1O001OO100O0100O100O10O0100O01000O1000O00100000000O2O1O2N2O0O1O00010OO3N1N101N003M1O2M3L5KZl`R2
20141222201814Mh_2,lkhR33ko13N2M2M2O1O2O1N2N2O000001N1O1O101ODCVQN=Wo1O001N100010oPNGZn19fQNIXn16jQNJTn17nQNHQn18QRNFnm1:l00N2O1O101O0001N2N101N3McUcj0
20141222201814Mh_3,X\Q]25io13N2O1O1O000001O000001N101N2O1N2O1M2N3N3M3VOVOYRNl0fm1VOXRNk0gm1WOWRNj0im1VOURNk0lm1TOSRNm0om1QOoQNP1Tn1lNmQNn0dn1L4100010O1O00O0N4N200`QNUOkm1k0URNVOjm1j0VRNVOkm1g0WRNYOim1`0^RNAcm17dRNHbm1LeRN3gn1LTcP`1
20141222201814Mh_4,Z_dY24ho16N0O2N1O2O0O101O00000000O10001O0O101N102M1O2N4LbQT45YnkK2N3M2N2O0O101O0O2O00000O2O1O0O2N101O0O1O1L4O1000O10O10O1O100O101N10000O100O100O100O1O1O101K4N201O00001O00001O010O001O1O1N2O2LZPd01fo[O2N2N2O0O2O1O0O2O2N8H0O3N1O002N1O000000000O10O1000000O1O1M3N2O0O2N101O1O1O2N1O1O101N101O001N101N3N1LV_kX1
20141222201814Mh_5,\mh]24ko12_ONjPN:Uo18000O11M22N3J5H9KAOc0O:8_O0OO2LdSSa1
20141222201814Mh_6,Shli22lo14M2O0O1010O010001\PNJ]o1>O0O01O00002N2N0O1O2N1O1O10O2N2M200O02N2N3L4MmVQT1
20141222201814Mh_7,Phni2161dm16jSNIdN1`m19jSNFfN1`m19STNGnk19RTNFnk1:RTNFok1:QTNFok19RTNGlk1:l1101fRNDnj1>QUNCnj1=RUNCQk18ZSNN8IF1cm18[SNHel16lRNI_O1on10oPN0Ro1OmPN2So1NlPN2Vo1NhPN3Xo1MgPN3Yo1NfPN2[o1NePN1[o1OgPN1Wo1OkPNOUo10mPN0So10fW[T1
20141222201814Mh_8,Zl`m01mo17ZPNKWo1b0N11N1O01cPNBVo1g0NO3L1O000O2N1O2O1N3NO1OO2O0O2O00^OH^QN7cn1KZQN5gn1OUQN1ln1NTQN2ln1NTQN2mn1MTQN1mn1MUQN3kn1LVQN4kn1JVQN5[o10O01O2NXSUP3
20141222201814Mh_9,RQgY33lo12G353N1N1O2gPNHfn18ZQN1^n1N`QN>Xn1@gQNf0Sn1\OmQNe0Qn1[OSRNd0jm1]OVRNg0em1XO\RNh0dm1UO_RNOO3dm1JaRN0O3dlZe0
20141222201814Mh_10,ZnVn15jo110O2NbPd0N_o[O4M2N2O0O2O0001O000O2O1OO100O2N100O01O1O1O1O1O2Mno1ORPN4M3N1N2O001O0001O1N3M3LkQ_n1
20141222201814Mh_11,mldm01QP21N1O2OL_O0d0102M00O00iPNNan12]QNNen11ZQN0fn11YQNOgn12WQNNjn14TQNLln13UQNLln13SQNNnn12QQNNPo11oPN0Ro10mPN0Pl14bVNK^M1Pl16aVNI^M2Pl16bVNG^M3Pl19`VND`M2Pl1;`VNC`M2ok1<lVNDSi1<mVNDTi1;mVNCTi1<Z3K4NhPN0dn1O\QN5Vo12N0mPNH_n17aQNI`n15]Pf01UPZO5M2M2O1N101N10000100O020O0000001N2N2K7GcVQn2
20150105104334Ch_1,WZiU28fo14N2O000PQNFXn1<dQNJYn16fQNJ[n16dQNI]n18dQNC`n1=b0O101O01O2[RNDak1=[TNFek1:dSNB_O5ml1:aSN=`l1@aSN:fl1E[SN:fl1DZSN>gl1@USNd0nl1ZOmRNi0Wm1TOgRNm0]m1POXRN[1Tn12010O1]OcQNA9Egm1h0lRNYOTm1d0PSN[Oel1NaRNe0dn1BYQN<gn1E\QN7en1I^QN2dn1NPfng1
20150105104334Ch_2,Q_XS23lo12L4O0000000O1O2O001O00000000001O1O1O00001O1O1O100O0010O000100O01O01cQN^O[m1a0eRN@[m1?dRNC\m1<dRNE[m1;eRNE]m1:cRNE^m1;aRNDam1<_RN@em1`0n0O02O00O01O010O010O0010O1O010O010O001O001O010O1O1O1O1N3NcQj0JYnUOO`PN6\o19EBlPNf0Ro15SNUOeTNk0[k1VOdTNi0]k1WObTNj0^k1WOaTNi0_k1WO`TNj0`k1WO_TNi0ak1WO_TNi0ak1WO`SNL7m0Yl1VOaSNM7l0Yl1UOQSN22Oc0i0[l1UOPSN42Oc0g0el1[OhRN0`0e0il1[OfRNOc0e0gl1\OfRNNd0e0hl1[OiSNc0Xl1[OjSNc0jm101M2O1O1000000000001N101N2O1O2M2MZo5OhPJ1LMZPN4fo1300^OLXQN1kn1OVQNNln13?2O00000001O00\RNL\k14cTNM^k11bTN1]k1OcTN1fm1O1OY^ec1
20150105104334Ch_3,YgXj05jm10STNOhk1:h19L40M2N3L26I3L;F7ZQNgNVn1d1OO@[NdRNd1Ym1aNfRNa1Xm1^NhRNe1im12MgNPRNc0om1ZOTRNg0lm1TOXRNl0Pm1lNYSN80FBg0Vm1ZOXSN9;9Sm1HmRN7Sm1KmRN3Sm1OmRNOTm11mRNMTm13lRNLUm13cRNF\O6Rn12bRNI\O5gm1H_RN4a01XO3hm1H`SN6iN1Uo1NmPN1Sn1HgRN5YO0om1Nd12N0XZ]S3
20150105104334Ch_4,n[eS11oo12L2ZNM^SN5ak11bSN0h00fk10bSN3e0Nik1MdSN6`0MQl1HaSN;63Vm1LhRN5Zm1JcRN8_m1G]RN?cm1]O]RNf0\n14M1O1L4@?OO@dNaRNZ1`m1`04N10DXNaRNi1_m1;011N1O3N3L:E7J4M4K00100N3O3N1O2ON1N3L3C=N1001YOSRNXOQn1`0U1XORfXi2
20150105104334Ch_5,fUSd12jo1<F4ZOe0L3F9N3N_OnQNWOSn1f0c02jN\O\RNF4T1am1m00I16OO2001O10N2_OZRNhNgm1h0P1J6N0010O11O1O2O00N2M4I7L3M30FaQNPOcn1m0:L4M3O1L3M4L2N210100002M3LnnhX2
20150105104334Ch_6,\jXa02[o17nPNKPo18nPNHRo19mPNGRo1:nPNGQo19oPNGQo1:oPNFQo19oPNGQo1:nPNFWo15iPNKXo14hPNLXo15hPNIYo1790GHiPN7Wo1IiPN8Vo1HkPN8To1HmPN7So1HnPN8Ro1HnPN8Qo1IPQN6Po1JPQN7on1JPQN6Qo1HPQN8\o11O0001001N00001O000O1000O010L_PNHbo18GIoPN7Qo1InPN8Ro1HkPN;Uo1FiPN;Wo1EhPN<Xo1601O00000000DjPNNVo11kPNOVo1LnPN4Ro1JPQN6\o110O100000001O00O1001O0OFKlPN4Ro1OmPN0To11mPNLTo14<O2MYVUZ3
20150105104334Ch_7,^\ib03jo16L5lMD[TN>bm12N1WN_ORTNb0ik1ETTN;nk1ASTN`0^l1CnRN=ol1GQSN8ej1OhTNDh04K8dj16aTNEo0JM:cj1m0gVNSOYi1o0dVNRO\i1n0cVNSO^i1k0aVNXO`i1b0cVN_O`i19cVNIci1LfTNNb07lj1G`TN9>1Sk1E]TN`0<LWk1C[TNd0=I^k1\OTTNn0>FTl1:mSNHQl16RTNJTl1MmSN3]l1WOnSNj0dm10O0`MUOmUNk0Pi1SOcUN5Z1g0Ui1VO_UN3[1g0Ui1XOcUNMW1l0Ui1YOlWNh0Yh1ROfWNQ1dk1O01O010O1dMESUN<Xj1?fTNkNBQ1ek1h200O110O1OZLfTNg2Zk1XMlTNd2Rk1^MRUN^2mj1cMXUNX2gj1hM^UNT2bj1hMgUNS2Zj1jMRVNl1Pj1RNUVNj1Pj1QNTVNj1ji1YNXVNe1ei1]N]VNa1bi1`N_VN`1`i1aN`VN]1ai1eN^VNZ1ci1iNZVNV1fi1oNVVNP1ji1QOVVNn0ji1SOUVNm0ji1TOWVNk0ji1TOVVNl0ki1fNaTNLc1]1Qj1_NbTN3]1MUO;`k1GbVN3`i1FdSN2ko10TgdX3
20150105104334Ch_8,cVQW33Zo1NXQN3gn1NXQN2hn1NXQN2hn1NXQN2hn1OXQNOin11WQNOgn14b00O101O0000100OH[PN6go12N10O01O0010O0001O010000O100O10O0EIoPN6Po1KPQN4Po1MoPN4Po1NoPN1Qo10nPN0Ro11nPNORo10nPN0Ro10oPNOQo11PQNOon11QQNOPo1ORQN0nn10RQN0nn10RQN1^o100000000000]OLZQN4fn1LYQN5gn1KYQN5gn1JZQN5Xo1100O010O100O10O01O1O01O0100EGoPN8Ro1HnPN7So1JkPN7Uo1IjPN7Wo1JhPN5Yo1KgPN4Zo1LgPN2[o1MePN1]o1N]jPd0
20150105104334Ch_9,[Ua[22mo1100XPNO`o12`PNO_o11aPNO_o11aPN0^o1OcPN1]o1OcPN2\o1NdPN2[o10dPN0\o10ePN1Yo1OgPN2Xo1NiPN1Wo10hPN0Xo10hPN0Xo10hPN0Yo1OhPN0Xo10iPNOXo10iPNOWo12;0000001O00001O01O0000000000HKePN5[o1KePN6Yo1LfPN4Zo1LgPN3Yo1MgPN3Zo1LfPN4Zo1LfPN4Zo1KgPN5bo100001O000010O01O001O0000000010O0010O0100O1O01O01O00CKoPN6Po1JQQN5on1KQQN5on1KQQN5Po1JQQN5]o1O2N101NZjd_1
20150105104334Ch_10,g[ii26go14M2N2`NGgRN6[O6mm1IbRNg0_m1[O^RNd0hm1ZOWRNd0lm1]ORRN`0Rn1CiQN;[n1`07I5K8IG[OhQN5[n1Ok0OaQNN`n12[dRU1
20150105104334Ch_11,blnQ16io11UNOfSN3Xl1OgSN2Xl1NhSN4Wl1KgSN7[l1GdSN9]l1GbSN9al1C`SN=Rn1N1O00O011N2N2O1OOK6N3O001000O2N2K5M5LJJLNlPN=Q1Dhl1NVRN`0Q1Cnl1=SSNCll1=[11N1M3O10000bQN\Ocm1b0]RN^Odm1a0]RN]Ogm1`0RS2BYnM0`SWk2
20150105104334Ch_12,mQeS24ko13N001OO01000O1O2M\O1e01N2mPNLXn14fQNNYn14fQNMYn13fQNNYn13gQNMYn13hQNLXn13iQNMWn13iQNMWn13jQNLWn12jQNMWn12jQNNXn1OhQN1To10O100O10O010000O10O01O01O010O0100O0010OO2@HXQN7in1JUQN7kn1IUQN6Zo11O01N11O10O01O0O2O01N1O2O01kPNK^n15bQNL]n15bQNL]n15cQNK\n15eQNJ\n14cQNN^n10cQN1]n1ObQNO`n11aQNO_n11aQNO_n10bQNO`n1O`QN1Xo1000Tndg1
20150105104334Ch_13,PTkn01mo15M1O0nNKgQN220Xn1OeQN15MUn14eQN0mn11mPNNL1Wo11lPN6So1JoPN5Po1LPQNMK1a0LPn16`RNM_m13`RNO^m12bRNN^m12bRNN^m11bRN0^m10bRNO_m1OcRN0hn1Mfn1O\QN1N3OO0100000000\PNNZo13dPNO[o12dPNN\o12dPNM]o13cPNM]o14bPNK_o15600001O010O1UQNIlm17RRNKnm14RRNMmm13SRNMnm11SRNOmm11SRNOlm10WRNOgm13ZRNLfm15Q16K2N5L0O3OOdQNYO^m1h0]RNXOYO2Zn1g0[RNWO[O2Zn1h0k0O10001_OkPN3Xo1IjPN7`o12N4K2O1O0O1100N3N1O1O0O2N1O2NcNGTSN8ll1IUSN4^n1MPlRl2
20150124081954Uh_1,ZQej18go12O2M2N2O0O1O2O00001O000001O1O00000000001O001O0000001O00O2O001O001O0O101O0000001O01O000000001O10O01O1O001O001O00010O000010O01O0010O01O001O0O101O001O001O0001O001O0O2O0000001O000O100O100O100O1O100O1O10000O100O10000001N10O10O100O1000000O2O00000O1000O10O100000O01000O0010O00000010O000O1O1000O1010O1O010O1N1O1010O1O00100O1O100K6M3J6NXoPk1
20150124081954Uh_2,VgXY37bo17N3M2OK5O2O10iPNGfn19ZQNIen17\QNGen19\QNFdn1:a0000001O0100O2O002M6K1PQN[Oan1f0]QN\Ocn1d0\QN\Oen1c0\QN]Ocn1c0]QN]Odn1c0=O001O2O000002N1_O\OdQNc0Zn1_OgQN?Yn1A]QN088[n1G]QN286\n1E]QN773dn1L]QN4bn1L_QN3bn1L_QN;Zn1BiQNa0kn1O010O1O2M1O2N2N3Man1LbQN1TYUc0
20150124081954Uh_3,XQ[j13ko15L2O1O1NJ7O100O1O100OkP`2OXocM0ooK000000001O01O0000010O01O0001O00000000O1000000000001O01O010O001O000000_o?0`P@0PP20bPl00jnM0dPTO010O1O01O10O000]P<0boC1001O[o50bPJ200100100O01000000000bPNNnn13oPNNTo11fPN3[o1NcPN2_o135M2N3NZohj1
20150124081954Uh_4,QXkk18fo14L3O2M2N4L2O0O1O1N1000N3K8FSR43enILkn1g0N000002M4L7H9Gne`R2
20150124081954Uh_5,^XaR1;T1JRm1`0jRNEml1a0QSN_Oll1d0X1N110O2O0M4L5K6J]m;HUPh0e0QRlN6J6J5N1O0001O2M2M3N2N2O4L4K;CdP:5XoE6K4N0N2N2000O3L102M2N4CZlPi2
20150124081954Uh_6,]Qmn21no13N1O0O2O1nPNJYn16aQN0_n1OaQN2_n1M`QN4an1K_QN6bn1I]QN7cn1J\QN4gn1LYQN0jn11b01O1O1N2O1O1001N1O2N1N\PNN]o10cPN3do11O1O001O10O010003M10O0O01WOFjQN:Vn1FjQN:Un1HkQN6Vn1IlQN2Xn1Nm001NlP:0ToE2N10O1O1Ogm`m0
20150124081954Uh_7,RXgk17ho12NHbPN1PP<OgoE0Qo50ZRH7Rm1IoRN8ol1IQSN7ol1LQRNM`06am15fRNF_o11QPN0_o1Moo70SoG0gQN0So11OOfe`R2
20150124081954Uh_8,ZZ[V25jo12N2GIgPN8Wo1JhPN6Wo1LhPN4Xo1LkPN2So1OnPNOSo10QQNMnn14?O1Nio?OYP@2gPNMcn14[QNK@0To17[QNKen15\QNJdn17a01000000^PNH\o1>010N2O000O1O10OO1001O0PQNE]n1;cQNF\n1:e0000O1O001O01N2O1N2O100O101N1Offne1
20150124081954Uh_9,ikdb11oo11N10000O10000O10000O010O1000O01000O010O100O1O00100O10_Tc[2
20150124081954Uh_10,hRmS11lo14O0000Ofo?2YP@1[PNa0gn1FjQNESn18SRNH@2jm12lRNJYO:em1IaSN8^l1HbSN8^l1HcSN7]l1IcSN5`l1K_SN4Xn1O1Nin7NdQH0ooM0_o17101O00\PNM\o1?MK4N8I200N4L[P<1ioA7bo122O3Lnkjh2
20150124081954Uh_11,kYmV21oo10O102NO101Nlo70_P80fo_O0`o10PQL0`o10no30PPN0VfTg1
20150124081954Uh_12,WQol11oo1000000010O0QP60PPJ0PP20PPN0PP20ooM010O00001O01O01O0100O010O10O001O00010O0010O01O0001O0000oo?O`Ph00bogN0oo10QPN0oo10QPN00000O010Pndm1
20150430082014Th_1,^dRj28fo14L3aNIQSN9nl1LlRN5Um1MhRN3Xm10dRN1Rl1D\TN<_OOVl1G[TN;\OK]l1LVTN9[OK`l1MVTN6YONal1NUTN4XO2`l1LXTN0XO6^l1KZTNNXO8]l1LZTNJZO;[l1MZTNE^O=Xl1;oSNSOMb0Rl1>iTNAWk1?jTN@Vk1`0lTN\OVk1d0lTNXOWk1JZSN`0`1Dfk19[TNDik1<XTN_Olk1a0STN^Ook1b0PTN]ORl1b0h1O1O2NYRNDkk1:RTNIok17nSNKSl15kSNKVl1<bSND^l1`0`SN[Ocl1g0Z12PO\O`RNe0]m1^ObRNd0Zm1@eRNa0HSORm1=XSN?AZOUm17]SN=ZO_OXm1>YSN>il1AVSN`0ml1\OQSNf0Sm1VOkRNk0Vm1TOiRNl0Zm1ROeRNe0GTOdm15hRNOC38G^m15kRNH]n15k0Kn]eR1
20150430082014Th_2,[YYR12mo12N2]PNLWo17fPNJZo17dPNK[o16cPNK]o1<O10000000000000000001O0O1000001O000000O1000000000000O100000000O1000000001O00000000000000001O00001O3M2N001O000000000000O100000001O000O01000000000000000O10001N10001N10001O0000000kPN@in1a0VQN@jn1`0UQNBjn1>UQNCkn1=UQNCkn1=UQNCjn1>UQNDjn1=TQNDln1h000O100O1000O1000O10000000O011O003M3L1[OmPN=Ro1DoPN;Po1FPQN9Po1HPQN8on1JPQN6on1KSQN2mn1MVQN2jn1MXQN2gn1OYQN1gn1OYQN1gn1ORQNF4;jn1OQQNH49kn13UQNMkn14TQNKmn15RQNLnn15QQNKon15PQNLQo1a01O1O2N1O00001O00001O000O101O0000001N10001O0O2O001O1N2O00000O2N10000O101N1O101N[fbb2
20150430082014Th_3,Wibb13do1NcPN3\o1ObPN2^o1O`PN0bo17001O100001N010O01O010O001O1O1O2O000O1O010NWP6OkoI1O1O103L10O1O001O001O001NXVgZ2
20150430082014Th_4,`[al04lo10O2O0O101O0O100000000000000000000000000000000000000000001O000000O100000000000O0010000000O1000000000001O0O101O0NomU2MYRhM2lo1O1011CNgPN2Xo1NiPN0Xo10[P20QPN0000000000000QP20ooM000000001aPNOmn11SQNOmn11SQNOmn11SQNOmn10TQN0ln10TQN0ln10TQN0ln10TQN0ln10TQN0ln10TQN0ln10TQN0^o10]O0VQN0jn10VQN0jn10VQN0jn10VQN0]o1000000000]O0VQN0jn10VQN0jn10VQN0]o10000000000000000000A1mPNOTo12jPNNVo12jPNNWo12hPNNXo12hPNNYo11gPNOYo11gPNOYo11gPNOYo11gPNOYo11gPN0Xo1OiPN1Wo1OiPN1Wo1OiPN1Wo1OiPN1Wo1OjPN0Uo11kPNOUo11kPNOUo10kPN1Uo1OkPN1Uo1OkPN1Uo1OkPN1Uo1OkPN1Uo1OkPN1Uo1OkPN1Uo1OkPN1Uo1OkPN1To1OmPN1So1OmPN1So1OnPN0Qo10PQN1on1OQQN1on1ORQN0_o11]OOUQN1kn1OVQN0jn10VQN0jn10VQN1in1OWQN1in1OWQN2[o10WPNNdo161O10000O2N\P<NF0QPD000oo30\oK1YQNOgn12c00dPNNjn12VQNNkn11UQNOkn13RQNNln15SQNJmn18RQNHnn18RQNHnn18RQNHnn11gPN4;Knn10iPN49LRo14nPNLSo13lPNMUo12lPNNUo11kPNOUo10lPN0bo100000000000000000000000O01000000000O10O1000O0100000O0D0jPN0bo50foK0ePN0\o10dPN0co90Yf^b2
20150430082014Th_5,nojb06io13M3N3M11O0O1N6J6NXQb17[n]N7K4M3L3O2M2O10O001N1O3M2N2N1O1O2N3MmRn0OPmQO7K5L3M2O2N1OO2M3M4L4L3N4J7IjjlW3
20150430082014Th_6,nlb[3341`o10_PN3^o1OaPN1_o19TQNFPn10]QN2`02Sn1J_QN692Xn1HaQN642[n1JdQN007[n1JeQNO06\n1KeQNNN8\n1KgQNLK:_n1IhQNJJ=_n1InQN8Rn1GoQN8Rn1GoQN8Pn1GSRN8mm1HdQN027Zn1KaQN143[n1N_QN052]n1;bQNE_n1:bQNE_n1;aQNE`n18aQNIen1O]QN1dn1M]QN4cn1K\QN6Wo11\ODaQN>\n1EcQN;\n1GbQN;]n1EbQN<^n1DaQN7EI1Oan11gQN8H0bn1K`QN5O1`n1<`QND\n1?eQNXOM2]n1g0fQNVOO1[n1i0gQNUO00Zn1k0eQNUOen1S10000O2O001OUO\QNE0`0cn1IfQNKF5an10iQNKH3`n10kQNHI8_n1F\QN0j08PQ[a0
20150430082014Th_7,c\gh24lo11O2N0lQNK]l15`SNO_l10_SN5`l1I[RNNh0:]m1FaRN;`m1D_RN=an10_ND^SN=bl1D[SN>fl1BXSN`0Sn10001O010O100O10O10O100O1O100O1O2N1O01^OKYQN5fn1MYQN3fn1NZQN2fn1NYQN3gn1LYQN4fn1L\QN4an1KcQN5\n1LcQN4\n1MdQN4[n1MdQN3\n1NdQN1\n1OcQN2]n1NcQN2Xn12iQNNVn12jQNOVn1MmQN4Sn1LmQN3Un1MkQN1Wn1NjQN0Xn10hQNN[n10fQNN]n10l0K\Q:0dnE6L1N3N0BHUQN9hn1KWQN5hn1MWQN1ln1MVQN1jn1OWQNOkn10c0NobhR1
20150430082014Th_8,e]kh22?1H0fn10UQNN6070C2in11TRNNkm13P11000001O0cPNLon13PQNKSo15=O0O=MYom02]PROO10O000O1N20O1000mP2M_oK0[o14bPNO]o11cPNO]o11cPNO]o1OgPNN[o10ZP23moM2O00O002NlajS1
20150430082014Th_9,gil\11mo1:H0O100000O1O1L?NG1N2O001N2O1O1O1O0O101O005KAePN;Yo1BlPN=\o1O100O1O00101MZP2MjoM00000001M]Ue`2
20150430082014Th_10,_Vag13mo11O0O2O0O10000001O01OO10000O1N201Nhoa32WP^L1N3N0O3M2O0O2O000O10000O100000O100001O1O00001O0000000001O001O001O0O101O0000000O1O1O2N100O3L_o[1NcPdN3M3M4N0O4L3N001O0000001O01O01O01O1O1O00000010O000000000010O001O0000000000000O10O10O100O1O101N1O2N2N101NSoa10jP^N5N100O2M2O1O1N200O1O001000O10O10O100O10000000O101lPN_Ogn1a0YQN_Ogn1a0YQN@en1a0[QNBbn1>^QND_n1<cQNC]n1<eQNDZn1<fQNDYn1;jQNDVn1<lQNBSn1>oQN@Rn1`0g0O100O100O100O101N2M3N2M3M20hk\g1
20150430082014Th_11,hUi;V2c1RNfN;`3^OcM1mN0J25MM?Vd1f1X]NRNfN;`3^OcM1mN0J25MM?io;AQPF1O000XmS43TRlKOSQN3fn15WQNLfn1:UQNIgn1:WQNIgn17YQNIgn1k0M1N4M4K2N2M5VN^NPTN26c1hk1[NRTN26c1ck1dNRTNL4f1fk1fNoSNI7c1fk1_OXTNa0\k1KcTN7Zk1JfTN7Yk1IhTN6Xk1LgTN4Yk1LfTN4Zk1LfTN4[k1LeTNiNO8^k1n0cTNiN07_k1P1bTNhN25\k1R1cTNgN46Zk1Q1cTNgN77Uk1Q1fTNcN:<Pk1P1gTNbN;=nj1R1hTN]N>`0ij1S1iTN]N>`0jj1[1`TNSNi0a0fj1]1^TNSNn0`0cj1Y1bTNVNn0`0`j1W1eTNYNl0`0^j1V1gTN[Nk0>^j1W1hTNZNj0?_j1U1iTN[Nh0`0_j1U1jTNYNh0b0^j1U1jTNYNh0b0^j1T1WVNkNii1U1WVNjNji1V1VVNhNli1X1TVNdNPj1]1oUNbNSj1^1lUNbNTj1a1iUN_NXj1a1gUN^NZj1b1fUN^N[j1b1dUN^Nge1C[]Nn1nLTNfNOQg1O\]Nn1YMQN\e11[]No1Zi14\SNmMSk1T2dTNUN[k1l1dTNTN]k1k1bTNVN^k1j1bTNVN^k1j1aTNWN`k1h1`TNXN`k1h1_TNYNak1g1_TNYN`k1h1_TNXNak1j1^TNVNbk1l1\TNTNdk1m1[TNSNek1m1[TNSNek1o1YTNQNgk1Q2WTNPNgk1Q2XTNPNhk1R2VTNnMjk1R2UTNoMjk1R2UTNPNjk1o1WTNQNik1o1VTNRNjk1n1VTNRNkk1m1UTNSNkk1n1TTNRNlk1n1TTNRNlk1P2RTNPNok1P2PTNPNPl1Q2oSNoMQl1R2iSNSNWl1n1eSNVNZl1j1fSNVNZl1h21O01kSNbLgk1l3OiNUTN[Njk1d1VTN]Nik1n20O00001O1O1iNSTNYNnk1e1VTNWNkk1h1WTNWNik1h1XTNWNjk1d1[TN[Nek1e1[TN[Nfk1c1[TN\Ngk1a1\TN_Ndk1`1\TN`Nek1^1]TNbNck1]1^TNcNck1\1\TNdNek1HlSNj0a0\Odk1HnSNk0=]Oek1HnSNk0=]Ofk1ASTNo0;_Ock1_OUTNP19Aek1YOUTNT17Del1M_SN3fl1F[SN;el1C\SN>dl1XO`RN0m0e0fl1YOeSNf0\l1ZOdSNf0km1ZOmPN?So1AnPN=So1CnPN;So1EmPN:To1GkPN8Uo1JjPN5Wo183N100L4N2O10000O001O10_o13\PN1001N100O3L30^mo3LfRPL0000001O01O000000O1000O10oo50QPJ0do11XPN3O100000000001O100O1O3NQP21Vno11_QnM0^PN1ao1O_PN1bo12\PNLgo10ZPN0lo10O1O001O00000[OM]QN3cn1M]QN3cn1M]QN3cn1M]QN3Xo1O]ONZQN2Zo10O01000010O0001O001O000\OL\QN4dn1L\QN3en1M[QN3en1M[QN3dn1N\QN2dn1M]QN4bn1L^QN4an1M_QN3an1M_QN3an1M_QN3an1M_QN4`n1L`QN4an1K_QN5an1K_QN4bn1L^QN4bn1L^QN3cn1M]QN2dn1O[QN1en1O[QN0fn10ZQNOgn11YQNOgn11YQNOhn10XQN0hn11WQNOjn10VQN0jn10VQN0jn11UQNOln11SQNOnn11QQNO`o10A0nPN0ao10B0lPN0bo100000bo50^PJ000`Pn00`oQO2OO01O0001O0011N1XPj0MjoUO0000000000001O0O100SONlQN2Qo1O010O100OPP20lede2
20150430082014Th_12,^Vch1110no10QPl40aomK0^PVO0000000QP40ooK0_oW12]PhN3M3N1OM\PNMbo12aPNN]o11fPNOYo1OkPN0To10lPN1Ro1ORQNOmn10b0000000000000010dPNOgn11e0O0100cPNOjn11UQNOln10TQN0^o1000_O0a000000bPN0ln10TQN0ln10TQN0ln10b01O010O01O00000000O1000O010000`PNOQo11nPNOSo11>1]PNNVo12iPNNYo12ePNN\o13bPNN^o12bPNM_o146OWPNMho10XoW11PQfN2do1600OL_PNL`o10ePN0Yo10hPN0Vo12jPNOUo10mPNOQo11QQNOon10RQN0mn10TQN0kn1OWQN1hn10XQN0hn1OYQN0[o11000O010O10O010O100VPN7]o1IaPN:kn1EeQN?[n1AeQN?nn11[O@iQN8_OLgn1LjQN8_OMfn1KkQN8@Ldn1LmQN8BJ`n1NnQN8DIRo19mPNGRo1;nPNE\n1OPRN<DE[n1OPRN9@I4O\n1OPRN7DKNOQo16SQNKJ0So14VQNOWn1KoQN6OJSn10nQN4fn1LYQN4hn1LXQN3Zo101Mco30aPL0ZPN1Zo1OdPN1]o10`PN1bo1O[PN2fo1NZPN1go122MmkXg1
20150430082014Th_13,]^Uh16ho13L3O1O0O10K51O1O1N2O1N3N1O01IePNHon1NYQN9on1HPQN7Qo1InPN7^o1OO2N1O2N2O01N1O200001O001OO2Odo3EdPL6K2O0002M2KYcTU2
20150430082014Th_14,PVQn11PPb30PPlL0ooC0PPj00PPVO0oo10oo30PPN0^nY20cQhM0PPL0QPN0000000S10iM0XRN1gm1OZRN0em30VQN0oo10QPN0O10O00PQN0SO0ln11oQNOYO0fn11PRNO\O0cn11PRNO_O1_n1ORRN0A4FLWn10QRN0fo100010O0bPN0ln10RQN1on1OQQN0Po10oPN1Qo10nPNOSo12kPNNWo11hPNO[o10cPN0^o10aPN0`o10^PN0do10YPN0jo11mkVg1
20150430082014Th_15,]n\a22mo1101O0O101O00001O0001O00001O1O0OXPj0OhoUO3N3N1O1N10001O000000OGGnPN8Qo1IoPN7Qo1IoPN6Ro1JnPN4To1LmPN2To1NlPN2Uo1MlPN2To1NlPN1Uo1NlPN2ao11O01O0001O0001O001OSP`00lo_O2N101N100O100O1000000000000001O0O101O2N1O1Odo70\PH00000aQ[X1
20150601122834Ch_1,b^Yl13mo11O0O101O001O000O101O000001O0001O000001O001O001O2N0O3Nooa00PP^O101O1N10001O001O010O4L1O10O01O00010O000001O100O001O10O01O0001O00010O0001O0010O00000001O000000000000001O0000001O00001O00001O00001O001O000000001Oeo]22YPbM0N2N3N1O100O100O100000O10000O10O10O1000O0100N2O10O010000O1000000O0100O0100000O01000O0100000O100000O010O10O100000000O10O1000000O1O100000001N101Ndaje1
20150601122834Ch_2,VQee26go18J4L3N2M2L4N1N11O1N2O2O0O2O2N2N100O100O001O1000O100001N2O2O1O1;oQN^Okk1b0PTNBSl1;jSNGWl1h0VSN[Ojl1e0TSN\Oml1c0RSN]OQm1a0nRN@Sm1>nRNBTm1;mRNEVm17kRNIem1AaRN?`n10001N102L3N2MRlVW1
20150601122834Ch_3,fQke21RP40oN0lQN0RN0oQN0on12OOWOOgQN0To11000O1010O0QP40ooK0_O0SQN0mn10SQN0_o100000^O0RQN1on1OPQN1Qo10nPN0Ro11mPNODO02Zo10e00j0Nbn10oRN0[K0bTN0_k10XSN080bl10SSN0<0cl11mRNOa00gl1<RRNHY1LSm10RSN0SjdW1
20150601122834Ch_4,TYo^13io14N2M3N10000XODcQN1J<cn1EaQNd0mn101M4M200N2N2O00O1000000IEiPN<Xo1EfPN;[o131N201O00^QNDcm1;\RNGcm18_RNGcm16W1JShP_2
20150601122834Ch_5,`Poj01no11O1O100O1M4N100000000000000_PNHZo18fPNHZo18fPNHZo18fPNHUo1OjPN92GTo11hPN9ao12001O10O010O010O10O010O1O100O2N2O0N2NA0`01N2N20O001OloTR3
20150601122834Ch_6,bPac24jo14N0001O1O1LWQ\20kncM0100OXO0aQN1an1O]QN1dn1O\QN0en10ZQN0gn10XQN0in10VQN0^o10\O0VQN0^o1000\O0d0000001000hPN0^n10]QN0_O7on1IiQN3To12ZQNKZm15nP>L]RFOomM0O0mkTW1
20150601122834Ch_7,mndT12i00Zn12cQN1Zn10fQN1Yn10fQN0Zn10fQN1Yn1NhQN3Wn1MiQN3Yn1JgQN7nn13L3O02N110O2O0Nbo14YPN3N2N10O2O001O1O10001O001O1O_PNIYo1?1GfPNJZo15:M4KXQQi2
20150601122834Ch_8,P\kf21no13M1O2O0O2N1O10001O000001O0O101O1OLI_PN7`o1L^PN4bo1500000L^PNJbo17^PNHbo1:01O2N1O2N100O2O000000001O01O00001O00001O006J5KWOIjQN6Vn1KkQN3Un1LnQN1bn]11]PdN101FNdPN2[o1OePN1[o10dPN0[o11ePNO[o11fPNNZo12fPNM[o139000O100001O000O2O1NedXS1
20150602122934Ch_1,[PWo28eo14L5M2L4N11M2O2N2M3M3N3M2O4LRP21loM205J6J4L2N2N2O1N0100O2N2L3K9Ig0K@2N1O100O00100O2N1O1N2N2L4O0000100010O10oSNF[h1:_UNDc05ni17ZUNLd0LSj18VUN1e0FVj1:RUN2g0CXj1<oTN5h0\OZj1`0mTN5i0YO]j1a0iTN8ml1HRSN8ol1IPSN8ol1IoRN9Qm1GmRNb0ml1]OPSNg0Pm1WOnRNj0Tm1UOjRNl0Ym1QOhRNn0Zm1nNiRNo0]m1jNhRNR1Wn1K7H`0^OTlVl0
20150602122934Ch_2,j^oV21no12N10001O000001O0000001O001O0OSPn01loQO101N2O0000001O0000001O000000000000001O0001O0001O0001O0000010O00001O010O001O00001O100O02N001O00001O001O001O001O0000000010O0000000000010O001O0000001O0000001O0O1000001O0O1000001N10\o_22aP`M3N1O1O0O101O000000000O10000000000000O1000000O10000O2O000O101N100O2N1Ofok0O\PTO1N11O0Oea`[1
20150602122934Ch_3,cmPU22no11O1N10001O01O0000001O001ORPb00no]O1O1O001O01O01O0010O01O0000001O01O01O000001O0010O000001O0000001O00000010O0010O010O10O10O001O0010O0001O]ONXQN1in10c00]RSf1
20150602122934Ch_4,`ijb26io12O000101MZOMj00bQN6jNO[m1LhSN8kNO[m1IjSN:fN1^m1HiSNi0Wl1XOgSNi0Yl1WOfSNj0[l1VOcSNk0]l1VObSNi0`l1WO`SNJYO>Xm1JoSN1Tl1OoSNJTl17k1O011OaPNLRo12jPN4^o14WQNAmm1?PRNFnm1:RRNFnm1:SRNFlm19VRNEkm19o0J9KcVW[1
20150602122934Ch_5,]\WQ32no11@NPQN2nn11ePNN82To13lPNLUo14jPNLnn1NSQN5Wo1LiPN3Wo1MiPN4ao10010O0000O1000001JJ^PN8ao14O1O2N10001O01O3N0O1N10000O1001O3M0000010IBkPN=Uo1DkPN;To1FmPN9So1GnPN7To1HmPN7So1IoPN4So1KnPN4So1K`011OPP21Td^k0
20150619133554Bh_1,^dlV32mo17I1N5M001M3O1M3O000O100N10100N2O000N201N2O0100O10O0001O1000O10010O01O010O00001O1O10O001000O1O10O100000O10O01000O0100O01O2N101O1O002M2N200O1O0O2OO11O000000102L1O3N3M001N4L102N00O11N02O000O10O0101O001N10O110OO10100O01O00001O102M010O1O1OO14K3M3N0N2O3M1O002M2N101O1N3OO0002N10O010000O10O001O100O010O1000O0001O100O2OO010O1jMaMjVN^2Si1jMjVNU2Ui1oMgVNR2Vi1QNkVNo1gh1`MfUNc08[Oj0a2Vi1bNdUNoN08Q1W2Yi1]OdVNd0Zi1^OfVNa0Xi1@hVNa02gMgg1j1WXN`0LlMjg1e1ZXN`0HmMmg1e1[XN`0]OVNTh1\1`XNb0TOUNZh1Z1cXNg1\g1\NcXNe1[g1[NfXNe1Yg1[NhXNd1Yg1\NhXNc1Wg1]NiXNc1Yg1[NjXNb1Vg1_NjXNa1Vg1^NkXNa1Xg1^NiXN`1Wg1_NjXN`1Wg1_NjXN`1Xg1^NjXN`1Wg1`NiXN_1Zg1_NgXN_1Zg1`NgXN_1Zg1aNeXN_1]g1_NdXN`1^g1_NbXN`1ag1]N_XNc1if1eL[XNf1m0d1hf1iLYXNc1n0e1nNaLYg1;lXN\1m0g1hNoLXg1OSYNZ1n0h1eNQMYg1OTYNW1n0h1cNUMZg1OTYNS1o0b2le1\LUYNQ1o0b2le1aLTYNm0o0a2le1cLVYNj0o0b2ke1fLVYNg0P1a2je1jLYYNc0l0b2ke1lLYYNc0i0a2ne1mLZYNa0i0a2me1QM[YN=e0b2Pf1QM^YN;a0c2Rf1TM]YN9a0a2Qf1WM^YN9c0\2oe1]M_YNEXO@[1]3oe1`M^YNBZO^OY1^2cNYN]g19^YNAXO^O\1\2dN[N\g1<ZYN@VO\Od1[2cNZNYg1a0ZYNDl0^1bN\NXg1d0ZYNAo0Z1bN_NVg1i0XYN\OS1W1aNbNVg1l0UYN[OV1R1bNfNSg1o0TYNZOX1n0cNfNSg1S1SYNZO\OWOe1\1oNgNRg1]1mXNGS10Tg19kWNOi0D]g1=kWN2f0^O_g1a0nWN0a0_Ocg1a0nWNO>_Ocg1c0oWN0;^Ofg1b0nWNO>]Ofg1e0kWNN`0[Ofg1f0kWNMa0fNeN6Si1V1nWNBR1QOSg1^1lWN[OR1XOSg1_1jWNVOU1YOZg1\1`WNXOZk1e0dTNZOak1b0^TN^Oik1>VTN@ok1<RTNBVl1=fSN_Ocl1;\SNCil1;YSN@lTR2DSjoM1im73TRH0je5OncH3`F:7KbR]7
20150619133554Bh_2,`VUR35jo12N1O2O0O100O2O00O100O100N2O1N3Mmo70foG1dPN9Zo1700O1000O10000000000O1000000O10001O000000010O0102N0001O0O1000O02O0O10O01O10O01O0100O10O0010O0101N1O010O0001O01O000010O010O00100O0001OIEiPN;Vo1GiPN9Vo1IjPN6Vo1JjPN6Uo1KkPN5Uo1KlPN4To1LlPN4So1MnPN1So1OnPN0Ro10nPNOSo11nPNMRo15mPNKSo15<000000000000O1O1O100O100Oiibf0
20150619133554Bh_3,[`Tc26ho14M2O1O000000000010O01O01O001O1O1O2N1N2O1NbP63[oI2M2O2FFlPN:So1IkPN7Uo1IkPN8To1HmPN8Ro1GoPN:\o1O01OOLDgPN;Yo1HfPN5Zo1MjPNLXo1591]PNJ[o1`0M2N0010N100O2N2N1O3N3M2N0001O00O2O0Oj^QY1
20150619133554Bh_4,VcRe1:fo12M2O001O1N200O1O001O00000000000000O100000000000000000000001O010O10O00001O100O001O00001O0O2N1N3M3M4L20VQl60PoQI4_o1=J4L003M1N3N2M2O2M2O0O2N2O1O1N101O1O00001O0010O001O00001O0O2O000010O0001000O1000O2OO1O010000O010O010O00010O1O001O1O1O00001O001O1N2O1O002M2O2M3L3L8F^ZSl1
20150619133554Bh_5,`mhT11lo15N1eN2bRNM^m18R17K121mPN]Ofn1m02N00OO1I6BjPN0Yo1NgSYj2
20150619133554Bh_6,jknY24jo14M101N101O000010O001O1O3M2L70K2N1O1O1O0000010O001O00010O001O000000000001O0000001O010O001O001O00010O1000O101N010000O100O2N[SUb1
20150619133554Bh_7,USQQ15jo12N2O001O00O10O0O1O2O1O1O100O2N1O1O0O2O100000O1O1O1M4J6MlmQ1NWRnN2N10000UQNMim12VRN2hm1NXRN2im1KYRN5in1O2N_n^k2
20150619133554Bh_8,[bh=<`0MKLQno0LcQRO0`RR12YmmN;I3L4J6WO\OmQNj0Pn1f0M4M002N001O1O00000010aNYRNd0gm1WOaRNg0]n10O001N1000000O10003M2N1O11O2M3L4M3M1N2N3K4N2M6ImY[]3
20150619133554Bh_9,g`V]13ko18J0O3L4M2O1O1O0O101O0000000001N1O1O101O001N2O0O101O1N1O2O1O002MUQT12hnkN4HGdPN;Zo160001O1O00000000O10001O001N102N0O2N101N101M6JhPb06To]O3L2N2O002M2N101O1O00001O1O001O001O100O010O00001O01O000010O01000O001O10O10O1O00_OWQNKjn14XQNKgn14[QNLdn14\QNLdn14]QNLbn14_QNKan14aQNL_n14aQNK_n15bQNK]n15cQNK^n14cQNK]n15cQNK]n15cQNK]n15cQNK]n15cQNK]n15cQNK]n15cQNK]n15cQNK]n15bQNL_n13aQNM_n13aQNM_n13aQNM_n13aQNM_n13aQNM_n13aQNM`n12`QNN`n12`QNN`n12`QNO_n11aQNO_n11aQNO`n10aQN0^n10bQN0_n10aQNO_n11bQNO]n12bQNN_n11aQNO`n10`QN1`n1O_QN1bn1O^QN0bn11]QNOcn11]QNOdn11[QNOfn10ZQN0gn1OYQN1gn10XQN1hn1NWQN3in1NUQN3kn1MSQN5nn1KoPN7Qo1JlPN9To1HhPN:Yo1EgPN;Yo160O2O1O001N101O001N101N101O0O2N5KRQ`55jn_J0N4M8H5KZOkPN248Po1E]QN6bn1JbQN2^n1NbQN3]n1MfQN0Zn10gQN1Wn1NlQN0Tn10nQN0om30PQN010O0`[oo1
20150619133554Bh_10,][jR15a0Odn15VQNOi00dl10cRN2f02dl1KhRN8=0il1D^RN0=>81kl1EnRN;44ll1APSN<35kl1_ORSNLH6;a0jl1YOeRNOi06Ic0gl1XOgRNOl00Jj0al1UOkRN0g1h0_m1M\N_OoRN9K7Um1BoRN9L2Um1FoRN8N0Sm1HPSN6O1Pm1KPSN410ol1LPSN330ml1LRSN321jl1MTSN132hl1NUSNO52fl1OSSN170el1ORSN3;Mbl10PSN5a0J^l11PSN5e0IZl12PSN3j0LVl10nRN4n0LTl1OmRN7o0KSl1NjRN:T1GTl1NeRN>V1EVl1d0jSN\OUl1d0lSN\OSl1e0lSN[OSl1f0nSNZORl1e0oSNZORl1<WTNDik1;YTNDhk1:ZTNFfk18]TNEek19S2M3Lfdaj2
20150620161314Mh_1,Vm\\11mo12N21O`01]O4M2N3N1N3O0O1O100O0100O101N3M3M101O002NO101N1_PNGYo1c0M2N1O2O002N01O2M2O0O010N2O1O1O1N2EbPN2_o1MaPN2`o1O73N1N1ROISRN8km1JTRN6km1LTRN4lm1LSRN6km1LTRN4lm1LTRN4lm1LTRN3mm1MRRN4bm1FQRN6=4bm1FQRN6<5cm1EQRN5=5cm1GoQN4>5cm1GoQN3>7cm1FQRN0=9cm1FkRN;Um1DlRN<[n110O01000O010O100O1O1N4MdQe^2
20150620161314Mh_2,S]im24ko13M2O1N101O001O000000000O10000O010O0010O010O001O010O010O01O1O001O0010O01O001O0001O00001O01O01O01O0O2L30001O01O1O001O1O1O100O1O1O001O10O00001O01O01O010O00100O010000000000O100000000O010O100O10gQNDnl1;QSNIml17RSNJnl16RSNKnl14RSNLnl14RSNLol13PSNOol11QSNOol11QSNOPm10PSN0Pm10PSN0Pm10PSN1nl10RSN0nl10SSNOml11SSNOll12TSNNll12USNMkl12VSNMkl13VSNKkl15URNJb0N]m14RRN0]o110010O01O1Micbj0
20150620161314Mh_3,^_Z`23mo1001N1O2O0O101N100O10000O10000O10O10000O1O1000O10O100O1000000000000O101O00001N101N1O]PX10cogN101O001N1000000001O00000001O00O10O2N1N200O10O1000O100000001O0000001O000001O00000000001O01O0001O01O10O0010O0001O00010O00001O0000001O001O01O01O01O01O01O001O000010O01O00001O1O003M1N2O001O00O10000O2O0KbPNG_o18dPNF\o1:500O2O000O101N101N2OnPZ2OPoeM6L1M4N2N2O000O2O00001O000O10001O0000000001O000O101N1000005J1000001O000O2N1O1O2O1N2OR_go0
20150620161314Mh_4,k[]e02[o1OTQN4hn10WQN2gn1OXQN2hn1MXQN4Zo1O01O101O0O1eNFPSN:ll1LRSN4ml1MSSN3ml1NRSN1al1FeRN;i0O`l1JeRN7k0O_l1MdRN5l0M`l10bRN4n0Kal11aRN4n0Kal12_RN3P1Kal13`RN1n0Lcl14^RN0o0Lcl14_RNOn0Ldl15^RNNo0Mdl13^RN0o0Kdl15^RNNo0Ldl16]RNNo0Ldl15_RNMo0Kel17j1O2O1O1O3MSQf02jnYO2O1N101O00001O0000000dPNIon18mPNMQo13nPNNRo1a00O00000000UOXO^RNh0bm1XO^RNh0bm1XO^RNh0bm1XO^RNg0cm1YO]RNg0cm1YO]RNg0am1[O_RNe0`m1\O`RNd0`m1\O`RNc0bm1[O_RNe0^n100O1O100O100O10O10O0010000O01O1000O100000O10000000O0100000O1000000O100O2O0N3N2N3Ionc0NSQ\O7M2M3L4O0O2N100O2N10000O100O1000001O000001O001N10000O10001N10001N101O1N107H4Lfnk02YQTO1N2O1N100O100000000O1000000001O00000O101N101N102Mjgdm2
20150620161314Mh_5,Qk`b11oo10SP82ioG21O01N6J7IFePN3Yo1LjPN4To1KnPN5Ro1JnPN6Ro1JnPN6Ro1JoPN5Po1LPQN4Po1LQQN4nn1LSQN3mn1ORQN0nn12QQNMon15nPNLRo1`010001O1O0O2O1N2N2N4KVQT1JPokN3K5O0O100000001O0\LI_WN7`h1L]WN5bh1N\WN1ch12\WNNdh13[WNNdh12\WNNeh12ZWNMhh12XWNNhh12XWNNjh10VWN0nh1KRWN5Qi1GQWN9[l1000O1O1O1nMH[TN8ek1KYTN4hk1MUTN5kk1LSTN5nk1JQTN6Ql1HnSN:Sl1DmSN<Wl1_OiSNb0jm10N2O1M3O1001N1N5K5J7KbTYW2
20150620161314Mh_6,iUa[32lo13aPNNmn14QQNNmn13SQNNkn13TQNNln13SQNMmn13SQNMmn13TQNLln14TQNMkn13UQNMkn13TQNNIMln15[QNNINkn15ZQN6gn1IWQN:hn1FWQN;in1EWQN<hn1EVQN<jn1=001EUQN_Okn1`0WQN_Ojn1?WQNAin1>YQN@in1>XQNBhn1=ZQNAhn1=>00O1O2O0O101NcPNIWo12hPN1bo12N010O1M3`PNFZo1:ePNGZo19gPNGYo19fPNIYo16hPNJXo16hPNJXo15iPNJXo16hPNJXo16hPNIfn10eQN7EIfn11dQN6dn1LZQN4fn1LZQN4fn1MYQN3gn1MYQN4fn1LZQN4fn1L[QN4dn1L[QN5fn1I[QN7en1I\QN7cn1I]QN7en1IYQN8fn1IYQN7hn1IWQN8hn1HXQN8hn1HRQN>mn1CRQN?mn1ASQN?mn1BQQN`0nn1900000CRQNHnn14WQNKin15VQNLjn13WQNMjn12WQNMin13WQNMjn11WQNOin1OYQN2fn1I_QN7bn1H^QN8bn1G_QN:To1O001O001O1O2N1O0OSOMPRN2Pn1NPRN1Qn10o0O^jb>
20150620161314Mh_7,]^d\11oo11O1O00001O00010O01O01O2N100O1O001O10O0100O0010O01O0010O1O10O00010O1O01O01O00010O0000000001O001O001N100O2OUPP1OkooN4M0O2O1O00001N10001O0001O0001O01O0010O010O01O1O1O2N1NSQl3MPoSL1M7K1O2N2M2O2N1O101O0O100O1O1000O10O010001O0O101N2O00001N101O1O00001O001O0010O100O2O00O0100O1O010O1O001O01O00010O00010O00001O01O01N101O1O1N101O1N2O1OmP>JWoA3L4M4N0O2O1O000000000001O0O2O2M3N3L^^oR2
20150620161314Mh_8,`cfT21mo16J5L2O2N0O2N2O1O1O1N3N1O010O1O1O10O001O00001O1O1N100O2GiPNEYo1;gPNEYo1:7O2N1M4MUPR11lomN0O3N1O00001O1O1O001O0010O01O001O0000001O00001O0000010O1O001O1O1O00000000000001O0000001M2N3N1O2N101N1O2N2MlPj0>gnUO3L4M3M3M2O0N3N2N1N3O00001O00O101O01O010O000010O00001O0000001O001O1O1O1O1O0010O01O10O010O000010O1O1O1O100O00001O10O010O010O01O100O1DiPNMXo10jPN0Wo1NkPN2Vo1JlPN6To1JlPN6_o1010O1O1O5K2M5L002M2N1O2O010O1O01O00010O1O102M003M1O2N2N1O2N;D10gPb05So]O2N10O2MXTd4Lnk[K2N2O1N1010OO02004K2N1N00100O001O1O00010O01O00001O1O001O1O10O0001O1O1O1O1O1O002N1O3LgSWU1
20150623152934Ch_1,YoTe01mo13lRNOVj12hUN2Vj1MjUN7nl1001mTNF]f1<WWNIK8ch11^WNNK2eh12_WNNI3dh14hUN^O\1=55eh1=TWN@54fh1=TWNA35ih19TWNCO8lh1KmUNYOW1e0N9oh1DaWN2ZOa0Vi1[ObWN3WOc0Yi1VObWN6SOe0^i1QObWN8POh0nk1UOoSNn0Yl1gNkSNY1^m10ZMdNhVN\1Vi1kNcVNY1[i1hNaVN\1^i1dNbVN\1^i1eNbVN[1]i1eNcVN\1]i1bNeVN]1[i1cNeVN_1Zi1`NfVN`1Zi1`NfVNQ1nMoN[k1MiVNS1PNnNhm1R1XRNnNim1Q1XRNmNkl14^SNm0IlNVg14i]N7VKb0eg1ZOS]N9VK9ig1_OP]N;XK0mg1Bk\N`0YKIQh1Ed\Nd0^KB^m1>Q111N1M4K6L]ka0JjT^O20001OO3LbP<9UoC9G5K4M2N1O2N1lTNUORg1l0hXNXOXg1i0aXN^O_g1b0]XNAcg1`0[XNAfg1?YXNAig1=WXNBkg1=VXNBlg1<UXNCmg1<TXN@Ph1?RXN]OPh1c0h3O01O011N1O100N3O002M002O1N01010OO0011N2O107G5Kf0[O2M1O011OO2OO2N1O215k0TOMO0OOO1O1O00O112M3M3M08J0N2N3M2O1POjQN1[n1APRN>in1000101M1N3M3M3LlhdQ3
20150623152934Ch_2,Z[mh13lo12O2M3O1N1O2N101N1O1O1O010O010O01O0010O00000100O00001O001O1O00001O001N101O0O2O002M1Omoa00SP^O2N101N1O2O000O100O100001O00000O100O100M4N1O2OVnS33fQlL2N2N101N100O2N100O1O1O1O1O00100O101N2O0000001O0000001O01O000O2O00000O2O0N3O0O2O0O2N3M2O]f\l1
20150623152934Ch_3,Z^TV25jo12O0N4M1O1O001O001O000O101O001O10O10O0100O1O1N200O01001N100000001N10000O2O000O2O000O2N1OQP6OQPJ00001O01Ono10iPb13Uo[N4L2O2N001O0O101O00000000000O10O01000000O010000O100O101O000001O101N1000O010O10O01O1O00100O001O001O001M3O2MUa[a1
20150623152934Ch_4,\nde23ko12N3N100O1O1O100O001IJfPN3[n10VRNODKUn1=QRNJYn18eQNIYn1<`QNGan1l0O01O00001M2N2M2M6D<K5KcScX1
20150623152934Ch_5,Zl`_21io17N2O01M6KPP42loK5L3N2N1010O1O3N10O0O1lQNH^l19_SNK^l16bSNK]l16bSNJlk11PSN5U1Gkk16oRN3en1N[QN3dn1M\QN3dn1NYQN6fn1f0O4K1M01O1RO_QN:an1BeQN<]n1]OiQNb0kn10010O1105I2VQNSO]n1m0\QN[Odn1o02N3L2DTQN@on1=<M5J]R[]1
20150623152934Ch_6,fkfU22no12N1N200O1O01O010O1O002MhPR2NZomM2O1O1N1000000O10000O010EKjPN6Vo1KiPN4Xo1LhPN4Xo1MfPN4Zo1LfPN4Zo1LePN4\o1LdPN4\o1KePN5[o1KePN5[o1JfPN5co10O01O2N100OfSce1
20150623152934Ch_7,So^h21b04dn11XQN1fn11YQN0dn13[QNMcn15^QNJan17aQNE_n1=iQNDlm1>URNAjm1?l00010O1O2O0O100O10O01000O1001O11N1O01O0O0010O01O001000O1001N2N`PNHZo16ePNLgo111MmojT1
20150623152934Ch_8,bgXj25k1MRl16k12N10O2N2Mko;0TPD4M2O1O0O1gQNGil1;USNHil19VSNIil14]RNH;4Xm1OaRN16L\m10_RN7So11N1010O00_OIWQN9gn1HZQN8dn1H^QN8an1H`QN7_n1IeQN5Zn1JiQN3Xn1MiQN3So1O11N5M02N`PNIRo1d00N3M`0]O[VmR1
20150623152934Ch_9,lmlg26jo10O2O002O9F3N0001M2M6D\Q2M`nM0nPN0ao1000O1PO3mQNLRn18j00SQNHRn18nQNHRn18^QNH60[n17QRNIPn15R2KcN0m00SO0mPN0So10aP40\PJ0To10aP40moK0>0SO0_P20]PL0To10lPN0Uo10kPN0To11lPNOTo10mPN0So10mPN0To10jPN0Xo10fPN1[o1OcPN0joPU1
20150623152934Ch_10,RdbV34jo14M2N2N2O0O101O00O01IBlPN>So1DlPN<To1CnPN;To1ElPN8Vo1IlPN2Wo1L?O11N2O0O2O0O1010O000001O0000000O10010O000gRNLfj14YUNNhj1OXUN4Ym1001`NJTSN6kl1MTSN3jl1NVSN2jl1OUSN1kl10TSN0ll10TSN0ml1OTSNOok1HfSN9<Nnk1IeSN:=Mkl13VSNKjl15XSNKfl16ZSNJdl18\SNI[l1`0cSNBZl1`0fSN@mk1HkRN30k0V1[Onk1o0QTNROmk1o0STNQOfk1W1YTNiNfk1Y1ZTNfNek1[1[TNdNfk1]1ZTNaNfk1`1[TN^Nek1d1Z110O10O00010O00010O010O011O00001O00000001O001eNkQNh0Vn1WOkQNi0Vn1TOmQNj0Tn1VOkQNk0Vn1VOfQNl0Zn1=1000O2O1N2O4L2N002N6I3[RNmMXm1_2O2N010O100O100O2OO01N10O001O0O2N1_OlRNVNUm1g1RSNSNPm1l1c0O2VNXRNX1[n1L2N6K1\OaQNCbn19f0LiZSa0
20150623152934Ch_11,icbY34ko1NVPN2ho1NXPN5do15O00010O112gRNBij10lRN130R2OTN0Zo10gPN0Xo10hPN1Wo1OiPN1^l1OoUN1bM0^l1ORVN0_M2_l1NRVN1]M1al1NoTN0\O2RO0cl1NTVN8jl1NPOJ\RN5kk1KlTN0XO5jn1Onl;LUSF0QPN0000000l10TN0000000O0]n?0dQ@01000000000QP40noK1N3N1O20O7Jm21QM1RMNlUN1Rm10O1O1RMMmUN0Vj10iUN0Xj11fUNO[j11j21O1WRNMck14\TNLek15aRNM\1Oek1OSSN?JAV12jk1:oRN0_1Gak1;SSNJ4Ii02Pl1<WSND1N41FNM3Tm1;TSND3NO104ll18X2L7KkPNLYo14M1O1Z[i`0
20150913082034Lh_1,[TU[28eo14M3OO1OFKjPN5To1=N10ESQNA]n1R1801O1ZO[QNNPn16nQNKen19ZQNDhn1><02N4Igmdc1
20150913082034Lh_2,RV]a14lo13L101O00001O00001O0010O01O001O001aPNGUo1c000O1O0010O00010O001O0O10001O00001]OhPN<`o1N1O1O1O1O1O0O1001O0000001O0000010O01O00001N1000000001O0000001O00001O000001O001O0O2O1NUidY2
20150913082034Lh_3,SaS_26io14K200O1001O001N100O2M110O02O4K2FElPN=Ro19O1O1O1000N2O1N4M6J1O1O100O2O0O100O101N1O2Noo3OgPJOhn13WQNOgn11XQN0hn10UQN2kn1OSQN3mn1MSQN3kn1OUQNOmn11SQNMnn15QQNKon16PQNIQo19nPNFRo1::02F]PN3jo1LT_Z]1
20150913082034Lh_4,i]kT14lo12M1O100000O5L00O010O2C4dPNL\o1=0000O010O01O2A`PN:do1N01N2O1N110001O3M2M2O1O10O0001NVbjh2
20150913082034Lh_5,SV[a15no1NJN?0I0O000F0ePN0Zo10fPN0Zo10fPN1Yo1OhPN0Xo10hPN1Wo1OjPN1Uo10jPN0Vo10kPN0To10lPN1To1NmPN2Ro1NnPN:jn1FWQN3GNQo1ObQN1]n10cQN0\n10eQN0Zn10fQN0[n1OfQN0Zn11eQNO\n10dQN1[n1OfQN0[n10dQN0\n10dQN0\n11cQNO^n10aQN1_n1OaQN1_n1OaQN1`n1O_QN0bn10^QN0Yo10^O2RQNNmn15QQNLPo13oPNMRo13mPNMTo13kPNMWo12hPNNYo12fPNN[o11dPN0]o1OcPN1]o1OdPN0]o1OcPN1]o1OcPN1]o1OcPN2\o1NePN1[o1OePN1[o1OePN1eo10GOdPN0\o10dPN0\o11cPNO^o10bPN0^o10bPN0^o11`PN0`o10`PN0`o10`PN0`o10`PN0`o10`PN0`o10aPNO_o11aPNO_o11aPNO_o11aPNO_o11bPNO^o10bPN0^o10bPN0^o1090QP40PPN0VihY2
20150913082034Lh_6,XUUg21mo13N2O001O001O01O1O10O010O100O2O001O1O1001N120N0O0O100O1NRjPW1
20151003081954Uh_1,]fZ_23ko14M2ePNNen12ZQN2en1K[QN8Vo11N2O1UOBSRN=km1FURN9jm1GWRN9km1CYRN<fn100O011N1O0110[NJ]SN7^l1MbSN3\l1NeSN3Xl1NiSN2Vl1NkSN3Sl1MnSN3Ql1MPTN2Pl1NQTN2nk1NSTN2kk1OVTN0ik11YTNMek14^TNIbk17S201O100O10001N2N4LdZS^1
20151003081954Uh_2,P\kU38fo13M3M2N2N101O0O2O0N2000001O00001O00000010N200O1O2N1O2N2M6Kmng0OSQXO4L2O1O2N1O1O1O1O1O1N101OO11O0001N2O1O101O000000000000001O001O1O2M2N3MZni1NdQVN9J4M2N2N2O2M2O4WUNQOXf1Z1YYNVO[f1m0`YNXO^f1j0_YNXO`f1i0]YNYObf1i0[YNZOdf1f0YYN]Ogf1c0VYN@jf1`0SYNBnf1>PYNDof1<QYNFnf19QYNIof15QYNMof11RYN1mf1LZXNoNWNV1`i1GYXNZOQNQ1fi1DWXN@PNn0hi1@WXNGnMk0ji1]OYXNc1gg1\NXXNf1hg1XNWXNk1ig1SNVXNP2jg1nMWXNS2hg1jM[XN`0QN2fi1]OZXN`0SNLgi1CYXN`0QNKfi1E[XN?oMLfi1D^XNFhM22f0ii1@eXN]OkM5Hm0hi1AnYN`0Rf1^OoYNd0oe1[OQZNh0ne1WORZNj0me1VOTZNk0je1TOXZNl0he1SOYZNm0ge1RO^ZNj0ce1TO_ZNj0^j1K4N2YOWQN3_o1HcQ8LdnG10O10O10OfPX10\`T=
20151003081954Uh_3,f^UZ22no1OWPN0io13M100000001O1GLdPN5Zo1LfPN4Zo1LgPN3Yo1MgPN3Yo1LhPN4Xo1KjPN3co1O1Nfoi00ZPVO3N0O2O00000O1000O10000O01O1O010N10001O1O1O0O2N2N101N2O01O101M3N2O3JQbha1
20151003081954Uh_4,Vf\g25io14N1O1O1fPNKhn14WQNOin1OXQN0in10YQNNgn11ZQNOfn10[QNOfn10ZQN1en1O\QN1dn1N\QN2dn1M^QN2cn1L^QN5Wo1N@LWQN2in10c0010O1O001O1O001O001O100O0100O10O100O0100O010O100O100O1NRYgU1
20151003081954Uh_5,V\_U36ho13N2N1O2O07H2O1O0O10O01N11oo1Onne00TQXO0O1010O012NSoc05eP\O3M4MEgPN1Xo1NlPN1ao11^ONTQN2kn1NWQN1\o10000OXo30fPN0RPN000000010nQ64jmIe0^O2N2O0001N2N4K8F^dbe0
20151015170634Ch_1,nffU19go13L3O1N2O0O100O0O2O0O2O1O001O2N9I03M2M000O10O01O0O2O3L101N2O2N001O2NkPNK_n15aQNL^n13bQNN^n12bQN0[n11fQN2Vn1MkQN5?Abl1:QSN6=^Obl1;SSN8jm1FXRN;hm1DYRN<fm1C^RN;bm1CaRN=`m1^OdRNa0an1N01N001O0O1O4L1O1O11O1N010O001N1O2N2O2L4L4L`P4OcoK10OmUee2
20151015170634Ch_2,VQWc05ko11N2O1URNHlk18n1O10O101O001`QNLRm14mRNNRm12mRN0Rm11mRNOTm10lRN0Tm11kRNOTm12lRNNTm13kRNLUm15kRNJUm17lRNGUm1:X1000_QNAam1?^RNBam1`0o00000001O002N00100O010O1O00100O1PSNXOfj1h0YUN_Oaj1b0\UNAcj1?\UNBej1?XUNAjj1`0TUN@lj1a0RUN_Ooj1b0PUN]ORk1d0lTN[OZk1`0fTN@[k1`0eTN_O\k1a0cTN^O^k1c0aTN]O`k1d0_TN[Oak1f0^TNYOck1h0j11O2O1O001N1XQNlNbn1U1]QNkNdn1X1111M02N1jQNmN^m1U1TRNeN68em1Z1VRNjNhm1h1O1O01O010O10O1O001OmMYRNn1em1oMZRN11S2bm18O3K7JO1WOjRNjNVm1T1mRNkNSm1OjRNKO064Rm10iRNK2N93ml13hRNK4M93ll13iRNLo0OZl13gRNOP1Ial11bRN5[o101N1O1OemdV3
20151015170634Ch_3,``Xj01no11gPN2Qo18M3N0N3L4M2O0NL7O1N2O2N1O1O10WOEnQN9Sn1GmQN9Sn1GmQN8Tn1HlQN8Tn1HmQN7Sn1ImQN7Rn1JnQN7Qn1IoQN8om1IQRN8nm1H_QNN:<Vn1F_QN09<Wn1D`QN08=Xn1D^QN17>\n1^O^QN45a0`n1@YQNi0en1WO[QNi0en1WOZQNj0fn1VOZQNk0an1PO`QN5Nl0`n1ROaQN01n0]n1SOcQNM1o0]n1UOfQNk0[n1UOeQNb0J@an1MfQNb0L^O1MWn13lQNa0M@MNZn11lQN>1HSn1IlQN?3GQn1JlQN?3HPn1ImQN>5Hmm1KmQN>7Flm1MkQN>9Ekm1MmQN>9Djm1NlQN?:Ckm1NgQNb0>@mm1g0RRNYOmm1h0RRNXOnm1h0SRNXOnm1g0QRNYOPn1g0PRNXOQn1g0PRNXOPn1h0QRNVOPn1k0oQNUORn1j0PRNTORn1j0c0O000O1HlPNDUo1;lPNDTo1;nPNDRo1<:O001NjPNEjn1;SQNHmn17QQNKon14QQNMPo12nPN0So1OlPN2Uo1LlPN4_o11000000O1O1O100O1000000000000O10O1000O10O01O1hPNAnn1?RQNCln1>TQNBjn1`0UQNAjn1?WQNAin1>XQNBgn1?YQNAfn1?[QNAdn1?]QN@dn1`0\QN@cn1`0_QN^Oan1a0?001O00010O01O1O010O1O1N2N2O1N2O1N2O1L5NR`am2
20151015170634Ch_4,fmXU2a0]l1FWVNe0ci1@UVNe0ii1_OdTNK;h0Qk1^O^TN0`0c0Qk1AXTNOg0b0Qk1@PTN2R1AVO9fk1n0mUNPOTj1m0RVNkNRj1R1`2M2N1O2K5M3O0100O2002M5J?B4KbTWi1
20151015170634Ch_5,gYmi01mo13O1N1000001YPNKln10cQN5ALjn13cQN8Zn1JfQN6Yn1KgQN5Yn1KgQN4Yn1MgQN3Yn1MfQN4Zn1KgQN4[n1KdQN6]n1GdQN9^n1EbQN;Po12O001M3N101M4N1GVO[QNk0en1WOXQNk0gn1UOXQNk0in1SOUQN01n0ln130O10XQNQO^n1o0bQNRO^n1n0aQNSO_n1l0aQNUO_n1k0aQNUO_n1k0aQNUO_n1j0aQNVO`n1i0aQNWO_n1i0aQNWO_n1j0`QNVOan1j0^QNUOdn17[QN42Cdn17]QN5ln1GWQN:Wo1000O010000010O01O100O200O0O2OO001YOHeQN7[n1JdQN6[n1KfQN4Zn1LgQN3Yn1MWQNN94`n1NVQNN<3_n1MVQNNL0do127O111ORg^Q3
20151015170634Ch_6,UYm`0d0lma2^OSR`M<SPNGZo1j0F22M2N00O00O10O0000O10UNWOlRN4V1f0lk1HPTN9gf1UOV]Nf0QL7ef1TOY]Ng0QL=]f1mNa]Ni0PL>[f1iNRYNNP4n0aL=Zf1gNh]Nm0_KUOFZ1Pg1dNk]Nm0_KWOD\1nf1`N^YNNn3o0QLWOFa1gf1[NdYNNo3n0QLVOGe1bf1YNhYNNm3o0cLTOnN^1if1aNiYNOl3n0nL?\e1dNlYNNQ34mLj0l0>Ze1fNlYNOP33nLj0o0:Ye1iNkYN1i3i0TM:\e1kNgYN1k3h0TM3Yf1VOc\Nf0VM2Xf1WOc\Nf0VM1Yf1XOb\Nf0VM1Xf1ZOc\Nc0YMMWf1_Oa\Nb0`MFRf1I]\N`0Sf1@lYN`0Tf1BkYN=Vf1BjYN=Wf1DiYN9[f1GZWNN\k11cTNO^k11`TN0ak1O^TN2dk1MZTN4e1NWf10RXN2ik10TTN0Qk1LmSN4Q1MRl14n1N100O1101OO0010O00OTPNNno13OOO020O7KIXPN6io1Kd0MB0O00010O01000O1000O_o92]PF3N2iTf0JZkYO2O01O\QP1NfnoN10O00O1aPNOon11SQNOln11TQN0jn11WQN0dn11_QNO`n10aQN1^n1OcQN1\n1MhQN2kk1<XUNBnN2ik1a0QVN_Ooi1a0RVN^OQj1?nUNBTj1<lTNBZO2nk16jUNJUm1100O01O00PONTRN0nm10RRN0nm10QRN0Pn10oQN0Qo10_o33\PL3dPNJin19`0OhPNHkn15UQNKkn14UQNMln12TQNNmn11SQNOnn10RQN0nn11RQNNon11QQNOPo11oPNOgefR3
20151015170634Ch_7,h[S[12no11N101O001OO101OUPNN`02dn1MmPN4=Ohn12WQNOin11WQN0gn11YQN0en11\QNNdn12]QNMbn14`QNIan17`QNH`n18d0O10001O001O0O2OoP2NSoM2[ONXQN2gn10XQN1gn10XQN0hn10YQNOgn11ZQNNfn13ZQNLgn14b01N1N4M2O002M2O1O1O1O100000O6K002M2N100O00100O1O0O2O00001O01OO2O001NWc``2
20151015170634Ch_8,l[c[11no100010O090H00000oo10QPN0000000WQ41gnK2N100001O1NXo90kPFO00O11O00000000000000O0_O1RQNOon10b01\PNOUo11iPNOYo10<0ZPN0Zo10fPN0[o10:1000OXPN0`o11_PNObo10^PN0io10J0iP`04Yo_O1N10000O01O2N1O1Nko92TPF1O2O1O0O20O001O01O0000O101O1Nnb\^2
20151015170634Ch_9,Ybam17go13\NI\SN9Tl1LbRN3T12Wl1>iSNAVl1`0\SN[O\O4Ym1`0\SN[O[O6Ym1=hSNFYl10kSN4Xl1FjSN<lm13M6K4K3@nNmQNT1Qn1mNoQNS1Qn1lNQRNS1^n1^O_QNAgn1:f^XQ2
20151026171014Mh_1,lcWe24ko11N3L3O1N2O1N2M3M3M3N2N110O1O1O10O01O1000O010O100O100O00100O1O010O1000O001O0O2O00001O10O0100O010O0010O10O000O2O10OO2N2O001O10O01O00010N101O0001O00010O010O1O100O1O100O10O0001O0001N10100O001O010O0000010OO0100O2N1N3L3N200O100O20O0000001O001N101O010N2N2O1N2O1N2N2O100O010OVOROdRNn0Ym1VOeRNk0Zm1WOeRNi0Zm1YOdRNh0[m1ZOdRNf0[m1\OcRNd0^m1\ObRNd0]m1^ObRNa0_m1_O`RNb0_m1_OaRNa0_m1_OaRN`0`m1@`RN?bm1_O_RN`0bm1_O`RN?am1@`RN?am1_O`RN`0dm1\O^RNc0lm1ROVRNl0an1M2O1N3L4M3M3MYo5JnPJ4M01N1O2M^`VP1
20151026171014Mh_2,R^mR1223eo17M1O1O1O001O1O001O010O0000010O01N101O1N2O1O2M4MmoS1ORPlN2O2O000O2O0O10000O10O01N2L3O100O01O1N21N1O2O1O0O2K5M3M3N1M4M3N2O1O1N101N2N@fQN^OXn1c0kQN[OTn1e0nQNZOom1g0TRNWOlm1h0WRNVOhm1j0\RNROem1m0g0N20O0O11O1N2O1O10001O000O010O100N201N101N3L3N2N3N2Kbdne2
20151026171014Mh_3,``Yi15`o1<K5N2L4M2K5M3N1O101N1000OUOkNoRNT1nl1SOoRNl0ol1YOoRNe0Rm1^OlRNa0Um1@kRN<Wm1EjRN8Wm1JjRNL]m15gRNC]m1=S1O01jN^OnRNa0Rm1BlRN=Um1FhRN9Ym1HgRN6Zm1NbRN1`m15ZRNHhm1=TRN@nm1d0oQNWOUn1j0`04L01N101N100O1O1O1O00100O001O1O00001OO100000000001O0010O01O1O001O1N101O00000O10001O000O2O0001M2O1O1000001O1O1O1N20001O0O20O001O1O1O001O1O1O1O0O1O2N101M2N3N6Hncdo1
20151026171014Mh_4,ihjo24jo17K1N2O0001O001O100O100000O0100O01lRNMZj12fUNOYj12fUNOZj10fUN1Yj1OgUN1Zj1MgUN3Zj1KhUN4Sm1N3Lnmi02QRVO3M101O1aRNEWk1=dTNHZk19dTNH\k19QTNDQO5ml18oSNFRO3ol18mSNFSO3Qm18jSNETO4Sm17gSNFUO4Tm18fSNCVO5Um18dSNBXO6Vm18aSNAYO7Wm18`SN@YO8Xm19^SN]O[O9Xm1;]SN[O\O8Ym1=ZSN[O^O7Ym1>XSNZOC5Vm1a0iSN]OXl1d0b1000O10001N2N2N101O001O11O108G10O02M3M2M1O2N3M2J^mc00eR\O3XSNKai15U301LSWmi0
20151026171014Mh_5,UifS18fo13F:N2M2N2L3O2OO1F81001N2O1M4L300O2O10O01OO1000O2O0O1O10100O00100O00O1002O0O1N[Xii2
20151026171014Mh_6,nd\V31no12N101N10000ILbPN4^o1LbPN4]o1NbPN2^o1NbPN2Yo1KgPN302Yo1KgPN302Yo1KgPN302^o1NaPN3_o1LbPN4_o1KaPN5Ro1JkPN0?5gn1NYQN1gn10XQNOin12VQNNjn13UQNLln15TQNImn17>0000000000O1O1O2N2NbP22\oM2O00001O000000000O100O010O1000O010000O1O001M30O001O001O1O0100O0100O010O100OiPNIgn17XQNKgn14ZQNLfn14ZQNLcn1OoPN2`0Nbn10dQN0\n11cQNO]n11cQNN_n11`\_d0
20151026171014Mh_7,Qhl^14jo16K2O2M1O2O1N1010O0000010O000001O1O2O0O2N10000002N2N1O0O10000O2N100O10O100O10001N01000000O1O1O00001O001O1N2O3LoVc]2
20151026171014Mh_8,oZQf05jo11N3PM3STNM?7Zk1OQTN1a02[k11RTNO?3]k10STNOHKK9Xl1OTTNc1kk1_NTTNb1hk1bNXTNa1FgM00Uk1l0UUNT2hj1nMWUNT2fj1mMZUNT2fj1lMZUNT2ej1mMZUN`0LDkj1LXUN?2Bgj1OUUN?4Bij1NRUN?6Ckj1MmTNa07Coj1IiTNd08CVk1D_TNk09B`j1nNfUN^2GfNdj1POaUNn3_j1UL_UNj3bj1YL[UNf3fj1^LUUNa3mj1aLPUN^3Rk1f02N3H8L4`M_TN=ck1B^TN<ek1A^TNWOI6kk1?_TNYOH7kk1=_TN\OE7ok18`TNe0bk1]NRTN7?\1bk1VNVTN8;b1Ul1XNnSNg1Wm1N1O1O1O100O1O1O0O1N2M3O2M20001O1O0N3L5K4N2O2N1O2N2N2N1O3M2N2M5KPg^U3
20151026171014Mh_9,mgf^14ko12N3NM]PNK`o147O100O2N10_Ql20[nWM3oV]]2
20151026171014Mh_10,[X]f03:2:M[m10hRN6\ONan1LURN>im1A[RN?cn10lNAgRN>]n10lNBhRN>Wm1BjRN=`0Lnk13QTN2mk1LSTN4ij1BgTN9?6Ql1HPTN7oj1C]TN5d08Rk1GUTNNk09Sk1HkUN5Yj1Jo20M31N\OL`QN1_n11hM;eUNEWj1c0eUN^OR2Ncc1h0[ZNZOn1Ogc1j0ZZNXO_OO=0ie1l0[ZNTO^O1<Ome1l0[ZNSOYO5WOI62Qg1m0ZZNSOTO8YOH70Sg1m0\ZNQOnN<\OE71Tg1k0_ZNSOeN`0e0BYf1i0nZNYO]M?\1_OZf1e0lZNDXM;b1[O\f1d0nZNFnL>g1XO`f1?Y[N1\LLi1Cif16V\NOPMKok15PTNKQl15nSNKSl15mSNKSl15l1000O01O001O01O01O10000O^QNNYm11cRN2^m1O]RN2fm1NXRN2jm1NURN1nm1OPRN1Qn1OnQN0Un10iQN0Zn1OdQN2]n1NaQN2Vo1O100NffbU3
20151117212434Ch_1,m`gh13lo13N001N2O1O0000001O0000O10000O10000O100O10000O2O1Moo;3PPD1N2O1O001N1O010O100O1O100O1N2O1O1O00100O2N100O1N2O1O1N2O1O1O1O1N101O0O1N1N22OO1ZOPO\RNP1em1TOTRNn0nm1SOPRNm0Qn1`000O10O10000O1O2N1M2M004O0O2N2O2N101M3N3L5K5L7ZOTbPQ2
20151117212434Ch_2,mRYP34fo1:I6L3K4I7L3L4K5N200O10O01O010N2N101N1O1O1O1O2O0O2N1O2O1N1O1O1O2O01O01OO101O001O0O2N20ON4L3N2M3L4M3O0000010O1O001O0O200N10001O001O1N1010O01N200O001O1N201M200N3O1N2K7J5L`o\j0
20151117212434Ch_3,dlha2>`o14M2M2O10O1O11N100101^OjPN6do1L5L]Qd07Zn[O4N2N2O0OO101M20O01O1O2MTQm[1
20151117212434Ch_4,d`^i23lo12O1N2O2\PNOUo1`0M2N20O10000O1O]OYOoQNf0om1\ORRNb0mm1@RRNa0mm1_OTRN`0km1AVRN>jm1CURN=km1CVRN<im1EWRN;im1EYRN7im1IXRN2km1OVRNOkm11VRNLlm14URNIlm18n00O10000O100O1000000000001N200O2N2N001O1O001O001O000000000O1L4O10000000O11OO100O100000O3N00001N3N5K2M2O001O00000001N101N1O2O0O2N2N2O0O100O010O100O010001O00001O1O1O001O0010O01O00000000000000O10001N1000001O00001O001O100O1O010O1O10O1CWObQNh0]n1YOcQNj0Yn1XOgQNl0Sn1UOmQNn0Pn1SOoQNm0Pn1TOQRNl0mm1UOSRNk0mm1UOSRNk0mm1UOTRNj0lm1VOTRNj0lm1VOTRNj0lm1VOURNi0jm1XOWRNf0jm1YOYRNe0hm1ZO\RNa0em1^O_RN?bm1@_RN>bm1B^RN>cm1@_RN?dm1]O^RN`0cn1N2O3M0O2O1N2O0J\PNOl^ok0
20151117212434Ch_5,f^WQ1:co16J5L3M2N2O1N2O01000O101O00000O10O0O20O00OO110O00100O0N11O2O1M3M10001M10300O2O1O1O1N4M2M5Jnblk2
20151117212434Ch_6,ilnW34ko1200O1O2N1O2QQN;`m1FZRN`0em1DRRN`0Qn1f01N2AjQNPOZn1e0h0XOmPN8SRWg0
20151117212434Ch_7,g^UQ19do1IfPN1Uo1NQQN1`o1O00O001OORmY21hSdMOYn17gQNJ]O0`n19URNHmm19l0001N2O01O1N2O2MVdXk2
20151117212434Ch_8,kcgV22lo13O000O3N0000O1O2N1Oao52^PJ0O10O0100000O101O0O2Ng01ZOOio;2TPD2N1O1M3M2O2N200O01O100O1O1000001N100G^PN4ao1L`PN4`o1LaPN2_o1ObPN0^o10bPNO^o12800001ePNNfn12mPNM71ln12kPNO80mn17TQNGmn19=1OO2O2N001O00000000O2O00000001O001N3N1O_oW1OaPhN2O0O100ePNLkn13TQN0jn1OVQN2\o11N2O001N1[OGaQN;^n1G`QN:`n1F_QN:bn1E^QN<bn1DYQNa0Qo111JgPNC[o1;6O1O1N200O2O0O2Mm\l`1
20151204133714Th_1,iVoR23ko12000000000000ALSQN3ln1OTQNOmn12RQNNnn16mPNKTo16jPNJVo17hPNIZo17ePNI[o1>1N2O0O2O1N100O100O100O1000000O1000000O100001O0O101O01O0O100N2O1O11OO2Obiji1
20151207173614Mh_1,gifR2;co14K5N1N2O1N110OO2N2N2O2M4JYSd0Nhl[O:H6K4M2O2O1O6L2ON=A2N1O002M2N3M7FhQej1
20151207173614Mh_2,jlVT25io1N3O_Q80in9Ooo[O2jo10eP:4VoE2O10O1OlPoi1
20151207173614Mh_3,SX]d03ko15nPNLQn17kQNKTn15lQNMjm1;VRNFjm19VRNHjm17VRNJim13ZRNNgm1K^RN5cm1J\RN8dm1G\RN9dn12O001O001O00000000000000O10O10O100O011OO10001OO02O000XQNBPn1=PRNEnm1;QRNHnm17RRNKlm15TRNLlm13TRNNlm11nQN7Qn1HoQN8Rn1HmQNKE4^n10nQNKH1[n13nQNLJJ\n19lQNK_n14bQNJ`n15f000O1O1O101L\hPX3
20151207173614Mh_4,[VUU14ko12O1O0AMQQN4mn1MSQN3ln1OSQN1mn1OSQN1mn1OSQN1mn1OSQN0nn10SQNOmn12SQNLnn14?0001N101O2LePN2[o11O1N10000O2O000O10000000000000O1000001N100O2N2NgoY11XPfN1N2N2O1O1O001O1L3O2O1N1010O1O1N3N1M4L_jbe2
20151207173614Mh_5,lXic02mo14L2XQN0^m13\RN1am12\RN1dm1OYRN3gm1NVRN4km1MSRN3om1KPRN5Sn1JlQN5Vn1JiQN6Xn1A_QN1:>Vn1@bQN28=Wn1@cQN17>Vn1AdQN16=Vn1BeQN06<Un1EfQNO6:Tn1GgQNO66Un1KeQNO91Tn1OeQN0Po11PQN0on1OSQN0mn10SQN0mn10TQN0kn10UQN0kn10VQN0in10WQN0in10WQN0in10WQN0in10WQN0in10WQN0in10WQN0L1\n10hQNOK8Wn1ImQNOM;Sn1FPRNON<Pn1DSRN0N<nm1DSRN10<km1CURN11<im1CURN14=Vn1CkQN=bm1CYRNO8=^m1C[RN17<]m1C\RN18<Zm1D_RNO8=Xm1D_RN0:<Vm1CbRN09<im1DXRN<gm1DYRN<gm1DZRN;fm1EXRN<im1DYRN8im1HXRN4km1LVRN2km1OVRNOjm11VRNOkm10R1000000001aQ<3\nC11M_fjW3
20151207173614Mh_6,mVic04jo13L7K6K2M2O10OO1O1O11O1N24NWOoPN=\o1MgQNDRm19_1J_QNMcj11ZTN0a30Vh11XTN0_30Zh10VTN3NK[32bh12TTN5W3Jfh11RTN51GO6k2MeMMlj14dTN513f2GYi11PTN247=KX1KhNMlj13dTN24990V1EnNMkj12eTN32:92T1BQOMRk16]TN>90S1@UOMRk1m0fTNGQ1_OWOMSk1n0dTNGP1^OYOMTk12ZTNg08LP1^OZOM[k1j0ZTNKP1^O[ON[k1k0XTNIQ1]O]OO[k1k0WTNJo0\O^O0]k1k0VTNHn0]O_O0_k1j0TTNIm0]O@0`k1k0RTNGn0^O@0ak1k0QTNGm0^OA0ck1j0oSNHl0^OA1ek1j0lSNHm0]OB0hk1j0hSNIn0\OB1jk1c1dTN\NC0kk1c1aTN]NDOok1a1]TN_NE0Pl1_1[TNaNE0Sl1\1YTNcND1Wl1Y1TTNgND0gl1k0eSNTOD1jl1i0aSNWOD1kl1h0aSNVOD2ml1g0^SNXOD1ol1g0]SNWOD2Pm1f0]SNXOB2Qm1g0]SNWOB1Rm1h0\SNWOA1Tm1h0[SNWO@1Vm1h0iSNXOXl1h0gSNXOZl1h0eSNXOdk1OhSNh0c0YOfk10fSNg0gm1YOYRNh0fm1XO[RNg0em1XO]RNg0^n101O2N1N5L5JUS:HWmC2do19L4L3M2O1O2N001O0nN\OiRNb0Xm1AfRN>Zm1DeRN;\m1GbRN9^m1I_RN7bm1J]RN6cm1K]RN4cm1M]RN2dm1N\RN2cm1O]RN1cm1O]RN1bm10^RN0bm10_RNO`m12`RNN`m11bRNN^m12bRNN^m11dRNN\m12dRNM]m12eRNM\m12eRNL]m12eRNL]m11fRNM^m1NgRNNhl?1jQB5gRNGfj1<VUNFhj1=VUNCjj1?TUNBkj1`0TUN_Olj1d0VSN[Ob11Vk1T1fTNlNYk1W1gTNgNXk1\1c14L3SRN]NYm1e1^RNlNXm1[1bRNgN[m1[1eRNfNYm1X1jRNhNVm1U1nRNkNPm1U1RSNjNml1V1VSNhNjl1W1XSNhNgl1W1\SNgNel1P1fSNmNZl1Q1kSNlNVl1j0e1L4L4L5J7IeoY1HhPfN10ORjfQ3
20151207173614Mh_7,dibR25jo13MM3O1N30UP`0Ooo_O0?1\O3N2O000000NdUok1
20151214171854Bh_1,bPUg13ko13M3N100O1000O1O3LWoQ13fPnN4M3M1O2N1O1O1O001O1O001O000000M3K6M201O1O2M4Lkn;0TQD6L2O1N2O001O00001O010O01O01O0000O2O001N2N2NTRkS2
20151214171854Bh_2,YiX\13mo11N2O10O00100O101N11N1O1O1O1O1000O02O000O101O1N2O000001O0102OO2N1N12N0000O000000O01O001O1N101N3MYUe`2
20151214171854Bh_3,\UWj23lo12M2O1kPNJ`n15_QNN`n11`QN1^n1OaQN3^n1MbQN5]n1KbQN5_n1JbQN6^n1JbQN5`n1HaQN9So1O010O01N2N101O000001O01O01O01O000O100001O1N11O01O000O1000PQNG[n18eQNJYn15hQNMVn13jQNOUn11jQN0Un10kQN1Tn10gQN4Xn1MhQN1Zn10fQNN[n11gQNK]n13dQNM]n11fQNL]n11ok^R1
20151214171854Bh_4,[bgm12do1OdPN3Yo12bPN1[o1;O2O0O1O20O0001O01O1O100O1O1O1O1O1O1O1O1O0O2O1N2N2NYo?OhP@2O1O0iPNN`n12^QN1an10^QN1an1O^QN2bn1N^QN2bn1N]QN3cn1M]QN4bn1K_QN5bn1J^QN6bn1J^QN6cn1H_QN7Uo1O101O00000O01O100O10000001O00001O001O001O001N10000O0010O0100000O1001Nco;1\PD100O1O100O10000O1EKkPN5To1NiPN3Wo1;O1O1O100O10JiPNAYo1>41000O10O1000O10000O2O0O1O1O1O1N2O1O1O2N2NgP2OZoM11OS^fi1
20151214171854Bh_5,Qbkn11PP20O1000000O01000000002NOPP<OooC4N0OM[PNNco11610O01O010DNiPN3Wo1MiPN3bo1001O00010O0001O[PNM]o12dPNN\o11:00ORP60PPN0ooK010O010O0_o[10`PfN0PPN01000O0010OUP<0koC010oo10_oM0TQN0]o50_oK0TQN0ln10b00aPN0nn11`00`PNOQo11nPNOSo11lPNOVo10iPN0Xo10fPN2Zo1NePN2\o1NcPN2^o1NaPN2ao1N]PN2eo1NYPN2io11hP2MZoM0TPN1ko120001O01O001O1Oen;0ZQD2N1O2O0O100O10000O010000O011N100O3N0O2N`_`g1
20151214171854Bh_6,S[oZ22no11O0O2O1O00001O001O00010O1O0010O01O00010O000010O00000001O0001O00001O00001O001O0000000000O1000000O100O010O10000O01000O1000000O0100000000O1000O10O1000000O10001O000O10000O101O0O100O2O0Oooi20RPVM1OO_oS13_PlN0O2N2GJePN8Zo1HfPN8Zo1HfPN8[o1GePN:`o1000O101O0000010O010O011O00000O11N1000O0100O0001O01O00001O1O1O1N102NPe`X1
20151214171854Bh_7,h_eY14io15WQNHB5]m12SSNMUO7hm1MnRNOZO5gm1LjRN2@3em1M]SN3cl1M\SN4dl1LVRNGP1>jl13SSNLnl15oRNMQm13oRNLSm1JRRNLk0:Tm1ITRNIi0?cl1ClRN4h09[l1EkRN3j07\l1FjRN4h06_l1EjRN5e08bl1@kRN87N\O<Sn1F`RNd0`m1\O`RNd0`m1\O`RNc0bm1[O_RNe0bm1YO_RNf0^n101N1O]NZOnSNf0Ql1\OnSNb0Sl1@kSN>Wl1CiSN7]l1IcSN5_l1K`SN4cl1L\SN2fl1OXSN1jl1OUSN0ml1ORSN2nl10PSN0Qm1OoRN0Sm10mRNOUm1NmRNOWm1NURf00XoYO2M3\ONWQN3dn13ZQNNdn17VQNLin1f000001O1O1N2O1N3_Ob0Kg`Rb2
20151214171854Bh_8,PW]]12lo13M3N2N1O2N1O100O1O1O00O2N1N2000000O10O100010O1O01O000001O00001O001O1O010O010O1000000O10000O10001N3NUPV11ioiN2O1O001N102O1N1O10O10O0100O00100O1N2O2M3M^ij\2
20151214171854Bh_9,c[Tc0<2U2?iM\me3NgQ\L6M1O1O2N1N4M1O2N2M3O1N2O1M3O1O1N101O2O0O3M9H00O001O100O1O0100O0100O0010O01O01O1O001O0O3M101O002N001O1O00[NTRNW1km1hNXRNW1gm1hN[RNW1dm1jN\RNW1cm1hN`RNW1_m1iNaRNX1]m1hNeRNW1[m1iNfRNW1Ym1hNiRNX1Vm1hNkRNW1Um1hNmRNW1Sm1iNnRNW1Qm1iNPSN1^OKMj0dm1ZOdSNe0[l1[OeSNe0[l1ZOfSNg0Yl1YOhSNf0Wl1[OiSNf0Vl1ZOjSNf0Vl1ZOjSNg0Ul1YOkSNg0Ul1XOmSNh0Rl1XOnSNh0Rl1XOnSNi0Ql1WOPTNh0Pl1XOQTNi0mk1WOSTNj0lk1VOUTNi0kk1WOUTNj0jk1VOVTNj0jk1VOWTNj0hk1VOXTNk0gk1UOYTNk0gk1UOZTNj0fk1VOZTNk0ek1UO[TNk0ek1UO[TNl0dk1SO^TNl0ck1SO]TNn0bk1QO_TNo0ak1QO_TNo0Ym1001O0O10000O10000O101O000001O00001O001N2O001O1O1O1O001N2O001O1N101O000000001O01O000001O0000001O00001O001O1O001O001O001O0O2O1N2N3MfP2O[oM2N2N2M3N2O000O2O1N1000000000000000000001O0O2O0O2M3N2M4LP`[m2
20151214171854Bh_10,k_Pl23lo11M3N101O00010O010O0O2N1N20001001O000O2O1E]PN7bo1J^PN6bo14000O2OO00100O0100000001N1O2N2Ng`aQ1
20151214171854Bh_11,]oVV24lo1000oo1NRPN11NmQh05`lWO0mRN3Pm1NoRN4ol1MQSN4ol1KQSN6ol1GSSN9Zn101O1O001O1O1N3N3Landg1
20151214171854Bh_12,VZid23lo12nPNMUn13jQNNVn12jQNNVn13iQNLXn10RQN0ho10XPN0ho10XPN0ho11WPNOio15WPNJfo181N2O1O1O1O100O]PP1OQPPO0C0oN0RRN1lm11SRNOmm12RRNNom11PRN0Qn1OZQN29O]n1OYQN3:L_n11WQN38Nbn1NWQN3[o1MUfZX1
20151214171854Bh_13,PcWg0;aPd1H[o]N2N2YPNJ^o1>XOJdQN9e0Gfk1f1VTN`NVh1KoYNi1hMaNRh19^YN_1\N_Njg1a0_YNV1cN\Nag1n0YYNX1SOnMYg1X1^XNVN5h24kMPg1k5PYNUJmf1n5RYNSJkf1P6TYNQJjf1Q6VYNnIhf1V6WYNkIff1W6ZYNhIff1Y6ZYNgIef1Z6[YNeIef1\6\YNbIdf1_6[YNaIef1`6[YN`Idf1b6[YN]Ief1d6[YN[Ief1g6ZYNYIff1f6[YNYIff1g6[YNWIff1h6[YNWIef1j6\YNTIef1l6ZYNSIif1l6VYNTIlf1k6TYNTInf1k6RYNTIof1l6QYNSIPg1l6PYNTIPg1m6PYNQIQg1P7oXNoHQg1Q7PYNkHRg1W7nXNgHRg1[7nXNdHRg1]7nXNaHQg1b7oXN\HPg1f7SYNWHmf1j7SYNUHlf1l7UYNSHjf1P8a02O00001O100100O1O1O0O019F010O6LO000001O000O4L011O0O3N1N3N0OXWNjHfh1X710N3NN]WNgHch1Y712N2O0WOnHcXNT7Yg1QIdXNP7Yg1XI_XNl6_g1l0O0O1O2M2NN4N201N2O001O1O2N1O2N2N001O1O001O00001N3N002N00N2FSH]XNR8]g1;K500000000O1O1N2O1N2O1O11O1N2O2M4M2M6J6aKVXN=og1XOZXNe0hg1[MoWN<<W2gg1dLPYNi0]O^2gg1dLPYNl0[O^2gg1]L]YNn0mN^2og1]LXYNT1lNa1@hM_j1f0SVN[1ij1eNYUN>ZOlNdk1f0cUNB\k1=lTNWO_k13TSNIb^jm2
20151214171854Bh_14,kfZ[14ko13M1O1O101O001O01O1N5JWSd1Nol[N0O2^ONQQN2on1NQQN2Po1NoPN3`o102OO000BNkPN3To1NnPN1Po10PQN0Po10PQNOPo12oPNNQo12oPNNQo12oPNMRo13nPNMSo11mPNOTo11lUQa2
20151214171854Bh_15,jflZ13mo11N10OO2O101OM3O2N1OSP>3RP@Meo180O102N0O0011N3NO01000O1000O0100O1O2N1NfXeb2
20151214171854Bh_16,d^fY22oo1Odo92ZPF1OO10O101OO01000001O000000000001O0O10001Nha_d1
20151214171854Bh_17,fXej11no12O000000000O1O10OO2O1N2N101O1O010O01O00001O00001O1O010O100O1000O1000O1000000O2N[ON_QN0an13e0001O001O010O01N2O1MQP61PPJ0001O`hbQ2
20151214171854Bh_18,gX_j13lo11001O1N10aog00]Ph00kgXQ2
20151214171854Bh_19,e[Uo2223do17M1O1F:L4M3N1O2OO2O1O1O101M2O1N101M2K5N2001O0O2ROBYRN?em1DYRN<gm1EWRN=im1BWRN?bn1201ON1N4LoPNIan16_QNM_n12bQNO]n10dQN1[n1NfQN2Yn1NhQN3Wn1LjQN4Un1LmQN3Rn1MoQN3Pn1LSRN1Sm1JlRN63Nol10kRN39Jll16hRN0Yn12fQNMZn15eQNKZn16fQNJZn16fQNJYn17hQNIWn17iQNK2J\m1:cRNMNOEI^m1;oRNOJ:Tm1GRSN0H;Um1CTSN5C;[l1SO]TN<FY1kk1]N_TN8F\1jk1]N`TN6G]1ik1\NaTN6F^1kk1YNbTN6Dh0@GUn12SRNLnm12TRNMmm11URNNkm12URNOkm1OWRN1im1NXRN1jm1MWRN2jm1NVRN2jm1NVRN2_l1@YTN<YO4Zl1IXTN3]O4Zl1LXTN1]O4Yl1MYTNO]O6Xl1L[TNN]O<Ql1H`TNN^O>mk1EeTNN\O>ok1DcTN2\O;Pl1CcTN4\O9Pl1DbTN7[O6Sl1BbTN:YO4Ul1BaTNc1_k1[N`TNh1`k1WN_TNj1bk1TN_TNl1bk1RN_TN8WOl0_l1iN[TN:\OHI<hl1_OUTN=]OCJ;nm10gRNM_m1MgRNIQOM\n17[1N_fRk0
20151227133734Ch_1,fnXU226OQjU58_UlJ2O00010O001O1O001O1O000001O0000000010O01O1O1O1O0O101O001N]Pl0KhoSO3J5O2N2N1O1O3N1N3NO010O001O001O010O100000O3N10000O0O2O?A4L1O0O1000O1O1N101O1O00101OO3ON21N7I2M100000N3M2N3N1M4L202M2N3N0010O12M1O1O2N10000O101N10O01O101OO100001O001O100NdTNFRg1<kXNIRg16mXNLTg13jXN0YLE`j1;UYN1YL1Xj1N\YN3[L1Yj1MYYN4]L0Zj1MVYN5^L1[j1KUYNn0kf1TORYNm0mf1UOQYNl0of1UOmUN^Od2]1_g1H\XN^O[MOYj1e0\XNXObMMSj1n0]XNnNcM2Rj1P1[XNkNeM5Sj1P1VXNgNoM3Pj1S1QXNfNWi1W1j2N3N1O2OOO3O1M4L2N3K6K7IQRa[1
20151227133734Ch_2,g_g_22TSj35dlWL3M104L10O001O002OO00O2O001O4Jnoe0NTPZO7K001M201N101O010O010O1O010O00001O01O010O1O1O001O0O10000O0100000O10O1N10010O00100000O0100000000000O10000O1000001OO010000O01O0N210O0O200O10O01O0O2M301OO100O100O2OUO_OWRNa0im1_OWRNa0dn10001O00000O10000O1O1000O02O0000001N100O2O1N1O2O0O\o5OfPJ1N2O1O1O0000001N10OmNI^RN8bm1I[RN9fm1FZRN:fm1FZRN:fm1GXRN:hm1GVRN;jm1DVRN<jm1EURN;km1ETRN<lm1DTRN;mm1ERRN<in1O01000O1000O010000000O10O0010O1OO2O100O10O0001000O01000000000000O10000000000O01000O1000000O2O000O1O5Jbo91ZPF7N00001O00000SRNIQl17PTNHPl18PTNInk19QTNGok19QTNGok19QTNHmk19STNGmk18TTNHlk18TTNHlk18TTNGmk18TTNHlk18UTNFlk1:m1O100O1O10O10O0010OO110O000100O10O0100iQNIel17ZSNJfl15[SNKel15\SNJdl15^SNJbl16d10000O101N3MdSZ31\leL0O1001OPP40j[jg0
20151227133734Ch_3,oQYh0132eo15O1O1MM`PNK]o1852N1O00001O0100OTQNDVn1<iQNGUn1:jQNFVn1:jQNFVn1:jQNFVn1:jQNFVn1:jQNEWn1;jQNDVn1<g00001D_PN7eo100001O100O1oPNE[n1<bQNF^n1;aQNF_n19\QNEH2ln19[QNFH2nn17ZQNHG0Po19XQNGH0Qo18WQNGI1Qo17\QNHen16^QNHcn17SQNIXo16gPNLeo1101O0000002N10O2OO000000O10XOLeQN2[n10eQNN]n11gQN0Tn13hQNNZn11\QNMJ2jn12ZQNNK0kn13YQNML0kn13YQNNKOln13YQNNKOkn14ZQNMKOkn15YQNLLNln16XQNLLNln16YQNJLOln17YQNII1on16\QNLdn14\QNMcn13\QNNdn13[QNMen13[QNNen12ZQNNfn12[QNMen14ZQNKgn15YQNKgn16YQNIhn16YQNHhn18XQNHhn19`04K1M3N6K1O1O010O_OnPN4So1JoPN6Ro1ERQN:Zo101OYOGhQN8Xn1HkQN5Un1LlQN2Tn12hQNNYn11hQNMYn13gQNMYn13gQNLZn14gQNKZn14i000O2O1N^nlP3
20151227133734Ch_4,^mTf12mo13hPNO]n13_QN1_n10_QN2`n10^QN0cn10]QN0bn10^QN0cn10]QNOcn11^QNNcn12]QNIgn17YQNIhn17WQNHkn18>000010O01O0kPNHcn17\QNLbn15\QNMdn13[QNMen13ZQNNfn12YQNOhn10WQNLnn14QQNMPo12PQNNPo12PQNNPo13oPNLLNon17TQNKL0on16UQNHM3mn16\QNKVn1KeQN>5GTn1MeQN>8CSn1OdQN`02]OO2\n11cQN`02^OOO]n13bQNa01^Ocn10]QN6MO4Lan1MaQN3O3NOln1LWQN2O4KHXo10oPN8IJ`o16`PNHVo10SQN8on1JPQN6on1LPQN4Po1LPQN5nn1LSQN3mn1MSQN3ln1OSQN1mn1OTQN0ln1OUQN1jn10WQNOin11WQNOin11XQNNhn11ZQNNfn12ZQNNfn12[QNMen13\QNLdn14]QNKcn15e0O000O101O0OHN:2N2O00O1O`R[U2
20151227133734Ch_5,gY_R23ko15M2OO02N2N3M3M4K3M4N1O1N3M2NQO_QNa07]OWn1a0fQNCYn1<fQND[n1=dQNA_n1?a00@_OaQNa0Un1\OdQN68=Qn1@eQN3<<nm1BfQN1>=km1@bRN?cn1M2N1N2O0OUOJmQN5on101N3LgdZk1
20151227133734Ch_6,hVaa07go13M2N3dNCPSNa0ml1BURN0??Zm1CVRN1<=[m1FXRNO;<Wm1J^RNL9;Ym1I^RNM7>DVOcm1=cRNO5b0Ym1SOlRN;H:IBUn16oQNe0Rn1ZOnQNe0Tn1ZOkQNg0Pn1^OnQNc0Sn1\OmQNd0Rn1\OPRNc0Qn1\OPRNd0Pn1\OPRNd0Pn1ZOSRNe0nm1YOSRNg0nm1WOTRNg0nm1XORRNg0Rn1VOoQNi0Qn1^OhQNa0Yn1AeQN?[n1b000O2O0O110000000AfNXRNY1em1mNYRNS1fm1c01O10O010^RNmMWm1T2<O0oMTRNl1Qn10O]NQRN50KO5Pn1KRRN40KO4Qn1LPRN41LO4om1LRRN12NO4mm1NRRNJNK78M4lm1NfRNL_O6jm1O^RNF7:[m10\RNK64^m11\RNM60FH_m1;eRNM7ODJ_m1;eRNO8IDMK1\m1=mRN07BE0K1Zm1>oRN16AYm1?aRN14AZm1>cRN22AZm1=dRN23@Xm1?eRN04AWm1>gRNOom11RRNJRn16oQNFTn1:nQNBTn1?g0O000000oPNC_n1=`QND`n1<_QNF`n1:`QNF`n1;_QNE7Lem1?TRNE6Nem1=VRND13jm18URNDO7lm15XRN@L;nm13cRNGWOKXn1>aRNFem19ZRNIfm16ZRNJfm16[RNIfm16\RNGem19aRNHXm19fRNIYm17gRNIYm17hRNIVm18kRNGTm19mRNGSm1OmQNNT12SO4Wm1MPTNKiN8Wm1N[TN3dk1N\TN2dk1N\TN3ck1M^TN4`k1M`TN2ak1M_TN3ak1MbTNNlfTX3
20160116133734Ch_1,]^`Z15eo17K6L6L2N1O1O01O1000O10O0010OElPNJTo1a0000O1O1O1O1O`QN@bm1?^RNCam1<_RNF`m1:`RNF_m1;bRND]m1=dRNB\m1?dRN_O]m1b0P11O1O[OmPN>[o10O2O1O0O1000O1000114NOO00PQNBZn1Q12OO02N1NnNQOVSNn0jl1ROXSNj0il1WOYSNg0hl1WOZSNh0Pn1O1O1O1O1O002OO02N00gNBRSN<ml1GRSN8nl1HUSN5ll1GZSN5\n1Ll_Sa2
20160116133734Ch_2,oZ[]17Qn1JeSN8Yl1KcSN8[l1IdSN8\l1HcSN9]l1FdSN:Pn10010O01O01O10O010N1O1M2J7M4O000J33L3M300M4K5001O00O2O1O1O1O2N1O2Moo5KUPJ6M1O00O2Nhfd_2
20160116133734Ch_3,kef[2;eo17F6N1O4L111O01O1O010N1N3N0O1O1O1O2O11N3N1kPN1Tn1MkQN9Sn1AVRN<lm1ZO]RNd0an1O<@PQ<LToC5K3N2O1N110001N2O1MkUaa1
20160116133734Ch_4,Vmhc03lo12[ONYQN4cn11ZQN0en13YQNMONYn15hQNLN0mm1JVRN92NG0Qn1IVRN830DOSn1JURN662@Oan1OoQN=Pn1DoQN=Qn1BPRN<Qn1EnQN:Tn1EmQN9Un1FcQNOJ9fn1F_QN4K4gn1G^QN6K3gn1G^QN5K4hn1F_QN2K9gn1DfQN=nn1000O101SOBVRN>km1DSRN<nm1DPRN=Pn1DnQN<Un1BjQN?Wn1AhQN?Yn1AfQN?\n1_OdQNa0ln12N2O001O0O00H8100`QNIWm18lRNFSm1:oRNEPm1;RSNDnl1;SSNEll1<TSNDll1<bRNBJ1fm1;_RNGJMjm19[RNMYn1OgQN1\n1JgQN3Wo1MnRoX3
20160116133734Ch_5,TiPi16io12O1O00100O2O0102M01O1O0O2O0O2O1N2O11O2M02N8G10O101N3N2M1O101N9G2M^UkT2
20160116133734Ch_6,nhXT12no11E0dPN1Zo10ePN0\o11dPNO[o11fPNM[o1391O000000000000010O00001GLdPN4\o1LdPN4[o1NcPN4\o1LdPN4]o1701O01O1O3M0001O1O3M1O000O10LdPND[o1790001O010000000O1000000000O10000dPNJnn16RQNJnn10kPNO72nn1MmPN053ao1000001O1O1OnVgg2
20160116133734Ch_7,eZnh15jo12oPNMRn14gQN7Tn1KiQN8Un1IiQN:Vn1EeQNa0[n1_OcQNc0]n1\OcQNd0^n1\O`QNf0`n1XOaQNd0en1YO\QNf0gn1XOYQNg0Qo1HlPNBin10]QN=jn1IPQN7Po1<1O1O100O101O000O10001O01O00010O001O001O000001O0O0100O001000O010^OjPN:?BTn14]QN:>DTn12^QN:>ESn11_QN;<EUn10_QN;<EUn10_QN;<DWn1O^QN>;BWn10_QN=;AXn10^QN?So1@mPNa0Yo1O100O001N2O002N1O2M^ekR2
20160116133734Ch_8,a^ae046O\o12dPNOZo14cPNN\o1<fPN@Qo1l0L1N2M4N0O2N1aQNmNPn1T1oQNmNPn1U1oQNkNQn1U1oQNlNom1U1PRNlNPn1T1PRNkNPn1W1oQNiNQn1W1oQNiNQn1W1oQNjNPn1W1oQNhNSn1W1mQNiNSn1W1mQNiNTn1V1lQNjNTn1V1lQNjNTn1V1lQNjNUn1V1kQNhNWn1W1iQNhNZn1V1hQNgN[n1W1;L101O0VOYQN:gn1@`QN>Ro1O2OO01O1O1O01O0001O001O001O1O00010O000001O00O2O000O2O0O2Ocn7M_QH2O1O1O00001O0000010O000YQNLbm14]RNNbm11^RN1bm1N]RN5am1K_RN6`m1J_RN8`m1H`RN9`m1E`RN<bn11O0O101O000010O0000001O001O1O001O0O2O1N101N2O2Leo3O\PL4N1N101O1O000010O000000TOIPRN6om1KQRN5om1LPRN4om1MRRN3nm1LRRN4nm1LRRN4nm1LRRN4nm1LSRN2nm1NRRN2DKim13cRN2ANlm1NhQNOk05_O1nn1NRQN1on1NQQN3on1MQQN3on1MPQN4Qo1JPQN6]o100O1O2N2MW`XQ3
20160116133734Ch_9,S\TR23ko18I3N0N2O3L3N1O2O1N101O00000000000000000000000000O1000000O1O100O100O10000O100000000O10000O100O100O2O0O100O1000001O001O0000000001O1O1O00010O1O001O001O1O001O00001O01O0001O00010O0001O00000010O01O00001O0010OO2O00001O1N101O001N101N3M4LWP<2goC3M2O000O2O1O00001O000O101O000O2O0O1000000O100O10000O101O1O0O2O00001O1O1O1XQNXOVn1j0dQN]OYn1c0gQN]OYn1V1O1O2N2N1O1O2N001N3N2N10O03M010O000010O001O001O010O001O001O1O1N2H8N100O2M3K_QNgNcn1T18N3N1O2N1N4M2M2N8I1N2N2N101NjP2OaoKO\o15bPNM\o1>M1O2M3J6N2M201O001N100O2O000O10001O0000O100O1000000O2O001O000000001O01O0001O00001O1O00001O10O0001O0O101O00000000000O101N101O0O10001O0O[QNZOSn1d0nQN]OQn1c0nQNAPn1=PRNEPn1:PRNHnm18QRNJnm16RRNKom12RRNNom11PRN1hk1ClUN0lM7`06hk1DPVN6VN8hk1CRVN5UN9ik1BSVN4TN:hk1CTVN3SN<hk1AVVN2QN>ik1@VVN2PN?jk1_OVVN2PN?jk1_OWVN1nMb0jk1]OXVN2lMb0lk1\OXVN2kMc0nk1ZOXVN2jMd0nk1YOZVN1hMg0an1YO^QNh0cn1WO\QNj0mn11O0O1000000O10000000O10O0100O10000O100000O01000000O1000001O0001O0000000000001O001O1O100O000010O0010O01O010O1N10001O00001O00001O0O2L3O3M2O1N2O1O1N2N2N3Mb`iU1
20160116133734Ch_10,Wifo01mo13O1N3M2O1N2O000O100000000001N1O1O2N1O2N2Mfoi3O]PVL0000001IO^PN0bo10^PN0bo10^PN0bo10_PN0`o10`PN0_o11aPNO_o10cPN0\o10dPN0fo10doa00\P^O0O10O01O0]PNOYo10gPN1co10FOfPN1eo10000O10O1000O1000^P60boI100O1O00001O00000N21O1NmVag2
20160226151654Bh_1,kcTU26ho14N4O43JOO5K01N1O2OO11O0N2O10O000O1O102LmZai1
20160226151654Bh_2,Rk`o2110lo13N1\OL\QN4cn1O[QN1en1O[QN1en1N\QN2en1M[QN3fn1LZQN4Zo1O0O101N0001O2N100O1O100K410O10O1000001O0O101O00001O00O100O1O010O1O010O010O100N2N2O1O100000000000O10PQNA_n1?`QND^n1<bQND_n1;`QNG_n19aQNG_n19aQNH^n11UQNN=1_n1MWQN2:2gn1MYQN3gn1MYQN4gn1KYQN6gn1H[QN7Xo1O010O0001GHiPN7Vo1KiPN5Wo1KiPN4Xo1LhPN4Yo1KgPN5Yo1KgPN4do1N2N`TYk0
20160226151654Bh_3,ibZf27do17M2L3N2O1N200N2O100N200O1O1000000000000O100O1010O010O0001O1N1O1N3M2O2O0O1O1N200O10O1O100O1O2O0N3N2N101O1O01000O10O11N2O1O0O10000O01O000O100000000000001O1O000001O1O001M3O0O3N003M1O1O2N1O2N1N3N1O2O1N2OOO1NYPN0bo1O]PN7co14M3M1N3M101N3N10O0001O001O0001N2N2O1N2N3LfTNEWg13kXN0bk11O01O00PMMTVN2ki12TVNLli15o201O1O1N2NoZQQ1
20160226151654Bh_4,YZgY12oo1OTPN1:1]o14M4YOI`QN9_n1G`QN7BGnn13^QN6fn1JYQN5jn1JUQN6mn1JnPN:So1ElPN<To1EkPN;Uo1FjPN9Wo1GiPN8Xo1HiPN6Xo1JhPN5Zo1JfPN5\o1JdPN6]o1IbPN8^o1HbPN7_o150000O10000O00J51O1001N101000000O2O1O1Moehc2
20160226151654Bh_5,UXih24_o1NkPN4So1MmPN3So1OlPN1So1OmPN1So10mPNOSo12lPNNUo12jPNNVo13jPNLXo12hPNNYo12fPNNZo1<1O1O4L100O1O01O0010O01O000FHmPN8Ro1IlPN8To1HiPN;Wo1DiPN<^o100000001N1O2M3O2N001NjgfT1
20160226151654Bh_6,nbne21no13K4M2O1N3NGfPNNXo1OoPNOQo10go?2gP@01OYP8OhoG000O010oo10QPN1N101N1O100O0O1O01O0110O0000O200O10000000O110O001000O10O12M2O2N_Pl10coUN0WP:0goC01000WP23boMOZPN1ao1MePN1Xo5O^Ph00PPTO00001_PNOPo14hPNOYo1;3MbQNJXm1OjRN4_n12OH_PN2`o1MdPN0[o11fPNN[o11ePN0Zo11ePNO[o12dPNN\o13bPNN_o12_PNOao173MR[mP1
20160226151654Bh_7,mbfe22mo12O1N2OLXPN0fo11]PNNao10cPNOgo1000gn10YQN1N2O1O0O100O101O0aPNIUo17jPNJVo11ePNN50Xo12cPNN41Zo11aPNN50[o168O1O1OYPNMbo1260RPd0Noo[O0]Qn30dnQL000E0<1N3NO2N5OL0_PN0Ro10Y]QS1
20160311020654Uh_1,_bh_15jo12N3N1O1O1O1O1O001O01O01O01O1O101N0010O01O001O010O10O11N010O01O10O01O001O00010O00010O0001O10O010O010O10O01O100O0010O01O10O010O010O1O1O100O1O1O1O002M2N\Pf02boYO102N001O001O1O010O0bPNHUo18iPNIWo17iPNJVo17iPNJWo16hPNKWo15iPNLWo15hPNJXo17gPNIYo17gPNJYo1>0HhPNHYo17gPNIYo17iPNGXo17kPNFWo19801N2O1O2Li[mX2
20160311020654Uh_2,kbcm13ko13O00001O00000CKoPN5Po1MoPN2Qo10nPN0Qo12nPNNRo13mPNMRo15lPNLTo1?1O1N200O2O00001O001O2N001O1O1O010O102M2OO010O1O010O7I1O1HBmPN=Ro1EmPN;So1EmPN;Ro1FnPN;Qo1FnPN:Ro1FnPN:Ro1FnPN:Qo1GoPN9Qo1GoPN9Qo1GnPN:Qo1HmPN9So1;O0000000000000010O001O1O2N001OCYOaQNg0_n1YObQNf0^n1ZObQNf0^n1ZOcQNe0mn1O2\OdPN`0`o1N1O1O1O000O1000000000000000000000000000000000000000000O1000000000000000000O10000000000000000000O10000O1_PNG[o1:cPNH\o18cPNI\o1?O00000O10000001N10001N1O2DcPN2ho1Mh\Zi1
20160311020654Uh_3,fa\T31mo14L5L2N2N2N10000O011O1OO1O1O1O1O2O00001N100000mQNI^l16`SNM_l13`SNO_l11ZRNIl06jl12XRNKl03ml12TRNNn0Ool1?QSNAol1`0PSN_OQm1a0PSN^OPm1b0PSN]OQm1d0oRNYOSm1g0S100O010O1O1O1O1O1OlQN@jl1?VSNChl1=WSNFhl19YSNGgl18YSNIgl17XSNJhl16XSNJhl15YSNKgl15XSNLhl14XSNLhl14XSNLgl15YSNKgl15ZSNIgl17YSNIgl18XSNGjl19VSNFjl1;VSNCkl1`0Y11\QN\Okm1d0TRN]Okm1d0SRN^Olm1b0SRN@mm1?SRNAmm1?SRNAnm1?QRNAom1?QRNAPn1>PRNBPn1>PRNBQn1=oQNDPn1<PRNDQn1;oQNEQn1;oQNEQn1;oQNEQn1<oQNBRn1>nQNBSn1=mQNCSn1=nQNASn1?g01O010O001O1G\OUQNd0in1]OWQNd0hn1]OWQNd0hn1\OYQNg0cn1YO]QNi0an1VO`QNj0_n1WOaQNj0^n1UOdQNk0hn1000001O0000001O0010O00100O1N2M2O2N2O1_OlNjQN04V1om1ROPRN1L`0Sn1@PRNOOa0Pn1APRNM2b0mm1ARRNK2e0km1BSRNF4h0hm1BbRN?]m1AdRN>\m1BdRN?\m1AdRN?[m1AfRN?Ym1AhRN?Wm1AjRN?Vm1@lRNa0Qm1_OPSNa0Pm1^ORSNb0ml1^OSSNa0nl1^OTSNa0ll1@SSN?ll1CTSN<ml1DSSN;Pm1CPSN<Qm1DoRN;Qm1FoRN9Qm1HoRN7Pm1KoRN6Pm1KPSN4Pm1MPSN2Pm1OoRN1Rm1OnRN0Rm11nRNNkl1A\RNc0j0Jjl1<WSNCil1>XSN@hl1`0YSN_Ogl1b0YSN]Ohl1b0YSN\Ojl1a0WSN_Oll1NWRN3o0MXm10jRNOen1Od\ma0
20160311020654Uh_4,][no15io14M1O1O2O1O1O0O2N2M2L5N1O2N101N3N1O3L3N3^QNiNUn1a100N2000O10001O010O01000O010N1O1OO1J6000hNmQNd0Sn1\OPRNa0Qn1_OoQN`0Rn1@QRN:Rn1GoQN4Un1KlQN1Wn1OjQNNXn13kQNHVn19h02N2N3M10O0101N2N3N0O1O1N101O00000001N2O1O1N2O1O0010O10O2O0O2OO002O5J4L2N4L4L1O1O0O2O1O001O001O000010O0O2O000O101N2XOhQNC\n1:g0N3L3O0N5L3MZSR3KjlmL9I1N3N0O2O1O0O2O0O20O010O001O1O1N2O1O2M2N2M3MWQh0:anWO1O1O1O1N2N2K5O1O10O012N1N1O2N4L2N1N1O1O1O1N2Ii_Qb1
20160311020654Uh_5,jj^o23lo1101N1O10000000O2O0OZO3]QNJbn19>6cPNBQo1d0kPN\OTo1i0N1O10001O0010O001O1N2IoPN^ORo17mPNM\o11;M3NooY11PPfN2O1N10001O0000000000O2O1O000011O0O0UQN0fm10XRN3gm1NWRN4hm1LXRN4hm1MVRN4jm1LVRN4jm1LVRN4jm1LURN4mm1LRRN3om1MQRN0Sn1OmQN1Sn1OmQN1Tn1NlQN1Vn1NkQN1Vn1MkQN2cnk0MaPVO4N1O1O0O10O010O1N2O2LhUei0
20160311020654Uh_6,m[[j03lo13L3N2O1N1O1O1O010O100000O0100N201N10000O10000O100001O1O001O100O001O001O100O2N1N3LRo;LQQD5L3L4L3O001N200O0101O00001O0O100O10001N1O1OWNFoSN9nk1MTTNLmk16STNHmk19l1101N10O10000O10001N101N1O3M_gRP3
20160311020654Uh_7,`jnn22lo13O1O0cPNOmn1LSQN8Yo11O1OO4OO10IZPN2fo1M[PN4do1L[PN5]o1JiPN1J5]o1JiPN0L4\o1LmPN1Uo1OePN0bo1100]PNOao1532MM\PNNgo1NYPN2ko10O0000OPo9ORQF1UQNOgm11WRN3gm1MWRN5jm1KTRN6mm1J`QN146hn1LUQN4kn1NSQN3mn1NRQN0Qo1OoPN0Qo10PQNNRo12?O1Nk00VO10O1N[Umm0
20160311020654Uh_8,m`aU11;0Wo11gPN2Xo1NgPN4bo100000000000001O0O2O0O000100IN]PN5co14O1001O0O3N00O10001N101O1O0O2N10O101C_PN9eo1M2O1N200000000000O1O1O100O100000O10O010[PNK_o14bPNL^o14aPNM`o11aPNO_o10bPN0^o1NePN1]^df2
20160311020654Uh_9,R\Ze12no11N2O0000000O1O010O1000O1000O100000O01JJbPN6]o1LaPN5_o1L_PN5`o160000O100O1000O010000N2000O010O001O100O10O1000000001N100000000O101N1O2O1N5JmoU61SPjI2N2O0O1O101N100000H`PN0_o1OePNO[o10fPN0eo10Zo14aPN2YPNJbo1:O01O0O1M30001O10aQNMPm13nRN1Qm1OoRN2Pm1NPSN2Pm1MPSN4Pm1LRSN1nl10a100N2000000001O001N101O1O001N1000N2IWQb09hn]OOGHjPN8Xo1HfPN7bo1OoNJZRN3im1MWRN3jm1MRRN1TO1kn1NSRN3dm1OfRNNYm13eQNM]o13cPNM\o15cPNK]o1561000001O00000^PNI[o17ePNJZo15gPNLYo13gPNNYo11hPNOXo10hPN0Yo1OgPN2Xo1MjPN2bo11O2N101N000010O001O1O001O1O1N10000000001O000010O001O01O1O00md[i1
20160312020554Uh_1,__Ze23io17K2N2bQNCmN0Yn1>iRNEWm1;iRNGUm18lRNGVm17Z1O10O100O2N1O2O001O000O101N1TQN@Wn1a0hQNBVn1?hQNCWn1=iQNCWn1>iQNAWn1?iQNAXn1>iQNAWn1?kQN^OWn1a0e0O2N1N101O1O100O1O1OZQNGfm19XRNIim15VRNMjm13TRNOlm10TRN1lm10RRN1mm10RRN0om11nQN1Rn17eQNI]n19]QNIen1h01O2O2M2O1N:G0O00UO^OYRN`0fm1DYRN;em1HZRN7em1K\RN4bm1N^RN1bm10_RNNam12aRNM_m13aRNM_m12bRNO]m1OeRN2Zm1MfRN4Zm1HjRN8Wm1FjRN9`n1Fg_UV1
20160312020554Uh_2,caZi12lo13O001N1000000001O010O1O10O0001O001N[P>OgoA1O001TP21koM0O1O1O1O1O1O10O0001O00001O010O0010O10O100O0101N110O000O00010O001N2O1O1N]Ph0OdoWO3N001N2O0010N11O0000001O010O1gNJfRN6Ym1LgRN3Ym1NfRN3Ym1MgRN3Zm1LfRN4Zm1LfRN4\m1JdRN6cn101O00001O0O3Mh\io1
20160312020554Uh_3,abeU21no12O1M3O000_PNNTo12kPNOUo12iPNOWo12gPNOXo1=00O100O2O1N2OElPNKSo15mPNLRo13oPNOon11QQN0nn10RQN1mn1c0O0O100O1O001O01O01O0001O001O1N3TOTQN`0Xo1M7I2N2N2N2NTP8OmoG2N2O001N100nNI[RN8cm1K[RN5em1MYRN3fm1OhQNH69Rn12cQNJ93Tn1?`QN[O66Zn1f0dQNZO]n1e0cQNZO^n1g0aQNYO_n1h0aQNWO`n1i0_QNVObn1k0^QNSOcn1n080O01O010O1YOVQN6ln1EXQN:Wo101O1O001O2N1O0001N100O1O1N2N2O100000000000000001O0000kPNBhn1?VQNAkn1?UQNCin1>VQNCin1?TQNBln1i0000O2O0O1O2K5O002M3M8H6Ie\lb1
20160312020554Uh_4,QlZY39:Njn16RQNMjn1f0N2N2O00O10O100O10NUOQOjRNl0Vm1\OfRN2@Inm18aRNMkm17SRNHlm1<SRNClm1a0RRN]Onm1e0SRNUOBOZn1n0a04M2O1ZRNnN_l1P1aSNUO\l1i0fSNZOXl1`0nSN@Rl1=QTNDnk1;TTNElk19VTNFkk17XTNIhk1HeRN7f1Nhk1HcRN8i1Ngk12\TNKdk14T2100O1O2OO1000O1000001O001O000fRNGmj1:PUNHQk17nTNKQk15nTNLRk14lTNMUk12kTNOVk10jTNOWk11hTNOZk10eTN0\k10XTN;jk1DTTN=nk1ARTN>Rl1_OWSN1G7]m1DmRN9B1_n13]QNObn14VQN1jn1c0O1010OCnNmQN:K3Yn1EkQN611Sn1LlQN08KPn14kQNKa12[k13SUNNlj12TUNNmj11SUNO`m1N2NmRka0
20160312020554Uh_5,gZUm01oo11O1O000001O0OTPR11lomN1O0O2O002N0000O1010OO^PNMYo13aPNN1O^o13aPN3`o1K`PN6`o1IaPN8co1O1000001O0O[PNJbo16^PNKao15_PNKao15_PNKao14_PNMbo12^PNOao10`PN0ao1MbPN2fo10000001O01NQPV20ooiM1O2O0O101N100O1000000O2O0000000000000000001O0000010O0000001O001O0001O01O02N1O001O10O01O001O001O001O0O2O1N[o5OfPJ2N101O0O10O100000000000000O1000001NUeTh2
20160312020554Uh_6,SdZQ18go13M3M2N2N2[O@hQNa0Vn1@iQNb0lm1]OjQN39a0km1^OkQN1:a0km1^OjQN2;OJ3om19VRNBO3km1?dRNA[m1`0eRN_O\m1a0dRN^O\m1b0eRN]O[m1c0fRN\OZm16kQN1l0IZm13oQN1h0Imm12SQ40moK2N1hPNLdn14ZQN0bn12]QNOan12`QNO^n12aQNO^n11cQNO\n11eQNN\n12cQNO]n1OeQN1Zn1OgQN1Yn1NgQN2Yn1OgQN1Xn1OhQN2Xn1NgQN3Xn1MfQN6Yn1K^QN>^n1EbQN<]n1DdQN;\n1EdQN1JKbn14dQN1LEen19`QN2en1N\QN1en1O[QN1en1O[QN0fn10[QNNfn12[QNK;Lcm19TRNH74bm15lRNOSm11fRNFYO9Qn11`RNN\O3Tn1N_RN?am1B^RN?am1A_RN2]ONUn1O_RN1_ONRn11`RN0@LRn13_RN0@KSn14_RNOnm10SRNOnm10`QNL82Zn11\QN29Jgn19`0O00000O2Kd\Yj2
20160312020554Uh_7,kSo>1mo16UPNKbo1:O2@FXQN:en1JYQN7fn1KXQN6hn1JXQN5in1LUQN4ln1LSQN1MGPo19RQNNTo12kPNNon1KPQNd0in1<00010O1FWQN\Oan1KeQNh0LZO_n10^QNM5i0dn1\O^QNc0an1]O_QNd0`n1\OaQNc0_n1\ObQNe0]n1ZOdQNf0]n1XOeQNg0[n1XOfQNi0in1:F000O10O01O000000001O0O100O1O@\QNFcn19bQND^n1;cQND^n1;dQND\n1;fQNDZn1;gQNDZn1<gQNCYn1<g0N2N2N2NLHdPN4\o1OfPNL[o167000001O1N2OXQ:NgnE5L2M5M2O1N2O1O0010O010O100O100OPOA`RN>^m1EbRN:]m1HdRN6\m1KcRN5]m1KdRN4[m1MeRN3[m1LfRN4Zm1LfRN4Zm1KhRN4Xm1LhRN3Ym1LhRN4Xm1LhRN3Xm1NhRN2Wm1OjRN0Um11lRNNSm13nRNLRm14nRNKRm16PSNGQm19\1O2N1L[mZZ3
20160327133714Th_1,dWij1330co17N2O1O0O2O001N2N10001O1O1O001O10O000100O01O10O01O10O01O1000O010O10O10O00010O010O000001O001O1O1OO1000010000O00100O010000O00001N2N110O001O10O00010O001O0000O110M3M3N2N2O1N200O1O1000O010O1O2O0O1O1O1O2N1O1O1O1O2N1O100O1O1O1O1O100O100O100O2O000O2N2M3M`j^m1
20160327133714Th_2,Q[kZ22lo13M2N200N2O2N100O010O010O01O100000O001O10O0000001O01O010O010O00010O0001O0O101O100O2N3NVmm1OhRRN7J4M2O1O2N10O011M3L5Kbhf_1
20160327133714Th_3,^[iX22lo12O101N100O10O01O010O0010O01O0010O001000O01000O10O010O1000O0010O0M\PNLco136N2N11ao_1O`P`N0O0O101O01O010O_PNOUo10kPN0Vo10iPN0Xo10g00D1H0`PN0ao17001O000O2N2Ofena1
20160327133714Th_4,iVa\25go15N2L2000O1M3O2O0101O0010O020O0000O10O01O01O101N1O1N3MUP<1koC1N2O10O001N2NlPd0NYo[O0O1XOO]QN5]O1in1JkQN`0Rn1BkQN`0Un1AgQNb0Yn1@bQNb0bn1<6oNWQN?Zo1Img`_1
20160327133714Th_5,m[aV11no12M2O3L101O01000O10O100001O000O1L4O1O101O00001N101O01O01O0001O002N2N3M00001O00O1000O10000O1000000000cPNGSo19lPNHTo18lPNISo18kPNIUo17kPNIVo16jPNJVo16jPNJWo15hPNLYo14fPNL[o13dPNN]o1:1O0O101M20000O10001O000001O0000001O0001N1000001N100O1O1O2N2Mjo94SPF2O001O0O100001O000O10000000O1O0010O10O01O2N1O1O\dla2
20160327133714Th_6,P^SR11no12N1O100O100N200O1000000000000000O100O10000N2O2OUnm3NmQRL1O10O00010O010O00001O01O00000\OOYQN1hn10VQN0kn12RQNNnn12RQNNon11QQNOon12PQNOPo10PQN0Po1OQQN1on1OQQN1Po1NoPN3Qo1MoPN3Qo1MoPN3Qo1MnPN4Ro1LnPN4Ro1LnPN4Ro1LnPN4Ro1LnPN4_o11O0001N100000DMkPN2Vo1OjPN0Xo1OgPN0Zo11:10O0010^PN0Ro10nPN0Ro10nPN0Ro10mPN1So1OmPN1So1OmPN1To1OkPN1Uo1OkPN1Uo1OkPN1Uo1OlPN0To10lPN0To10lPN0To10lPN0To10mPNOSo11mPNOSo11mPNOSo12kPNOVo10jPN0Vo10jPNOWo11iPNOXo11fPNO\o10dPN0\o10cPN0fo1000K0[PN1fo1OWPN1lo11ocfc2
20160327133714Th_7,m[k[11oo1010O00001UPNOeo1241OON3O14L1O001O000000000000O100000O1000O0Sd\b2
20160327133734Ch_1,YVic12[Rb40cm_K00OO01010N2O1HO`PN2`o17N101O010N110O10O00100O01O001O10O000O20M2O2OO20O0001O01O001N100010OO101O0O101N0110O01O00O0200O01O100O1O100O100O10O010O1N1O10010O0010O000100ON200010O10O0O200O10O1000O10O1O1N2O1O001L3O2O00100N11O1O1O0100O0000001N1000100N3M2O100O1000O10000O2O001N1N3N1O1O100O1O1O2N100O100O1O1O1O1O100O2O0O1000O10O100O1O1N3O0O1O1O3M1NajXm1
20160327133734Ch_2,c[]X21mo13N1O1O100O1O010O1O10O01000O01O10O010O0010O010O10O10O010O0010O01O010O1O10OO2O0010O10O1dPNCUo1<kPNFTo1:lPNGSo19mPNGTo18lPNHTo17nPNHRo18oPNFRo1::O01000O01O1O00001O000O2O0O2O00001O0010O001O1O1O10001O2N1O1O0O10000O2N101M2OeePb1
20160327133734Ch_3,P\UV11no10go39PPL3M10O10O0100O1000000000LEcPN;\o1HbPN8]o17N1O10001N10001O0000001O0000010O01O002N1O3M1O0O10000O101O0000000000dPNDTo1<kPNFSo1;lPNFTo1:lPNFTo1:lPNGSo19mPNGSo1:kPNGVo18jPNHVo18jPNHWo1?2O2N2N1O000O10000O10000000000001O000000000000000[ODfQN;[n1EeQN;[n1EfQN9[n1HdQN8\n1HdQN7]n1IbQN7_n1I`QN8`n1H_QN8bn1G_QN8cn1G\QN:Uo1N2N200001O0O1000001O00O101O00O100O010O1O1N2O01O100O2N2O00N110000O1K50000000001O0O10_dVa2
20160327133734Ch_4,lZaZ22mo100001N02OaPNOPo11QQNOnn12QQNOon11QQNNon12RQNNnn12QQNOnn12RQNNnn12RQNMon14PQNLQo13nPNNRo12nPNMSo13mPNMRo14mPNMSo12nPNNQo13oPNMRo12mPNNTo11mPNORo11oPNOPo11PQN0on10QQNOQo10PQNOPo11PQNOon12QQNOnn10TQN0kn10UQN0kn1OWQN1hn1OXQN1gn10YQN0gn10ZQN0fn1OZQN1[o10ZO0[QN0Qk11mWNORM0Rk14hWNMUMOTk16eWNKVM0Uk16dWNJVM0Wk17cWNHVM0Yk18`WNHWM0Zk18`WNGUM0_k17kWNIVh19gWNGZh19f310O01O01ObSNGUi19\3M2NVP>MmoA10O_Pb0O\o]O8L8I2O1N3N2N1O0O201O1O11O0N3\Onhj_1
20160327133734Ch_5,cXQ\21Wn32cQN7I5M1O2N0010N1N3K4O5NKJaPN4^o1LdPN2\o1NePN2eo1OFOfPN1Zo1OfPN1Zo11dPN0[o10gPNOYo10gPNOZo10gPN0Xo11gPNOZo10gPN0Xo10hPN0Xo11gPNOZo10fPN0[o12bPNN_o13_PNMbo181O2N001O02N1OMZPNNdo12]PNMdo13[PNNdo18O0010N101O002N1OVP2MmoMN1010O0100000kPN1Uo1;hNDVRN>gm1BZRN>dm1C]RN<cm1F\RN8fm1HXRN8im1JcQNf0`n1XOjQN>Qo1Ihgf_1
20160327133734Ch_6,llnh07a1Mbl16ZSNMel17VSNJkl18dRNCC7hm1;^RN@J4im1`0[RNXOM9gm1d0eRN[O[m1h0eRNSO\m13RRN`0hn1AZQN=en1D\QN:dn1G^QN6bn1JbQN2_n1MbQN3^n1LdQN2^n1JfQN6Ro1000gPNJfn17WQNLin14UQNNjn13UQNN_n1M^QN430\n1ObQN002_n1LcQN20Non12TQNHon17=010mNKZRN4em1OZRN3bm1N^RN5]m1MdRN5Xm1LjRN4Sm1MYRNI5:_m1N[RNK5;[m1L^RNK76[m1GURN360<4Xm1IWRN53N?3Vm1LXRN41Ld0OVm11VRN4OLh0KTm14YRN=kn1\OWQNb0To1GePNM[o13ePNL\o13fPNK[o14QSUT3
20160405014154Uh_1,c_kj05io14M2N10001O1O1O0BISQN8jn1NQQN3on1?O11O0001O01O001O2N1O1O1N10001N10000O011O0O2O1N100O1O100O1000001O1N2O1N2NZO1_QNKbn19`00010O01O001O010O100O1O10O010000O1000O10001O0O101N2N2O0O1O2N1O2O0Nene04XQZO2M3N2N1O1O1O1O2O0O100O010000000O010000O10000000O010O010O1O0010O10O0010O10O10O2O0O100O2N1O1O2O0O10001N2N3MZclk2
20160405014154Uh_2,ZmhP11bo15dPNMZo15dPNL[o15ePNK[o16dPNJ\o16dPNI]o177O001O1O1O1O1O001O00000001N1000000O10000XPNLdo13]PNMbo14^PNLbo14^PNLbo1450001N2O000001O001O10O001O2MPP61noI3O1O0003MkRkk2
20160405014154Uh_3,oWmb11ZP:2coG0O2GNbPN2]o10aPN1^o1:O0O1000000000O2O000O2O1O0O1O1O1O1O10O01O010O001N`PNNUo13kPNNTo11mPNORo11oPNOQo10PQNORo10UP6OZPJ2N101O1O1O2N001O00001O000O10O2O0O101N2N101O0O2O0O\hhX2
20160405014154Uh_4,T]bY1e0Wo18J3N2O1N2OOKoN\QNR1bn1QO]QNo0an18100O1O2lN]QNg0en1WO^QNh0on1M2M3N2M2O2N2N3M2N3MTP<MaoC7ePNNUo1c0K4N2M2N2O1O002N0100O002N2N1O1O1O0O2N2N101O1O1N2O2N002N1O001N101010O1N10O10O001000O010O10O010O0AFZQN8en1KYQN5gn1KZQN4fn1MYQN3fn1N\QN0dn10]QNNdn12^QNKdn13e002M2MnQb04mm]O4O0O1O3L2O2O0[O_OkQNb0in10002N1O1O1O1O1N4Jk`o^2
20160405014154Uh_5,aoX[34ko12@MPQN4on1MQQN3JKnn12WQN5HKQo10WQN5GMQo1NVQN>jn1BTQNa0kn1_ORQNd0mn18O1O1FoNdQNR1Zn1QOeQNn0\n1ROcQNn0]n1ROdQNm0]n1SOcQNl0^n1TOaQN518^n1BbQN438]n1B`QN641FNnn10]QN1GMln12^QN1FLln13UQNM34mn1OQQNO02nn10RQNON2Po1ORQNON2Po1ORQN0L2Ro1MSQN;nn1CSQN=Yo1O001N101O001N1OgPNITn1NnQN1H6NI44Vn1MnQN3I10M14Wn1LfQN102200NN5Zn1JeQN3O15M01K5\n1IdQN<3E5;Tn1DdQN<1G88Tn1DcQN=0I95Tn1EcQNg09BXn1?gQNAXn1`0hQN@Yn1?gQNAYn1?hQN@Xn1`0jQN^OVn1b0mQN[OSn1e0nQN[ORn1c0oQN]OQn1c0nQN]OTn1a0lQNASn1>mQNBTn1<nQNDRn18QRNIom16iQNCK7\n16hQNDM5[n16iQNEM3[n18TRNHlm17WRNFjm18Q1M3M]Qc`0
20160405014154Uh_6,deVl13ko14M4M3O00N6Gf02WO7K3O101O0011N10000O1O\OH_QN8\n1MdQN4Xn1NiQN3Tn1NnQN3Pn1JTRN5mm1FXRN9in1N2M`PNGXP47ZoM2N04L3KPXgQ2
20160405014154Uh_7,UX_c11RnS;1kQnD1O3N001O00000001O00001O00000O10000000000000001O01O01O000O2Oei^o1
20160505025554Uh_1,nlbX35jo17I1010O010O2O2N01N101N010CDUQN;jn1GVQN8jn1HWQN8in1FYQN9Xo1O\PNL\o14cPNN\o12dPNN\o1<O001O0001O00001O0010O01O101N2O0O1010O00O010O01O000001O001O00001O10O010O001mNH\RN9bm1I]RN7bm1J_RN5`m1L`RN5_m1KbRN4]m1MSRNIO:nm1MRRNKO8nm1NQRNM14nm1NnQN240nm1NlQN46Nom1MjQN58Nnm1MiQN69Mnm1MiQN69Mmm1NiQN5;Mlm1MjQN5<Mjm1MlQN5:Njm1LmQN5:0hm1GSRN771Wn1KkQN5Qo1N101O1NiQYb0
20160505025554Uh_2,ien\21goa17PP`N1@JUQN7jn1KUQN5jn1MUQN3kn1MUQN4in1NUQN6hn1JYQN5gn1KYQN3hn1NYQN1gn1N[QNOgn11]QNIdn18b000O010OePNMjn14UQN0gn10YQN2fn1M\QN7^n1IcQN:Zn1FfQN;Xn1EiQN<Vn1CkQN?Rn1BnQN?Qn1@PRN`0om1AQRN?nm1ATRN>lm1BTRN>km1BWRN=im1BZRN<fm1DZRN<em1DeRN3[m1LgRN2Zm1MjRN0Vm1OnRNNRm11PSNNPm10a1000O100O100O100O100000O100O1O00100001N10001O001O1O1O00001O000001O1O1NbQX1N`ngN3N001QOJRRN6mm1LRRN4nm1LRRN5mm1LRRN5mm1KTRN4lm1MTRN3km1MURN3km1NURN1km10TRN0lm11SRNOmm13QRNMom14PRNKRn15mQNIUn18jQNGXn19gQNGYn1:fQND^n1;aQNDan1;c0O3L3NfZSZ1
20160505025554Uh_3,Sohc0110ko14N100dPNKmn15RQNMmn13QQN0nn10QQN1on1OPQN3Po1KPQN6\o11YON_QN4_n1N_QN3an1M_QN4KC\n1;gQN4KB^n1:fQN=Yn1CgQN=Yn1BhQN?Wn1AiQN?Xn1_OiQNa0Xn1^OhQNa0Zn1^OfQNb0Yn1^OjQNLF;bn1IoQN5Sn1KnQN2Tn1MmQN3Sn1MnQN1Sn1OmQN1Sn1OnQN1Rn1NmQN3Sn1MmQN4Sn1JnQN6mn11O1N200BEVQN<jn1EUQN<in1EWQN;in1EWQN;in1EWQN;in1DXQN<in1BYQN>Uo1O1O3L2O00O1O00010VOMfQN4Yn1NfQN1[n10cQN1]n11aQNN_n14_QNN`n13_QNMan13_QNMan14^QNLbn14]QNMcn13]QNLLG`n1=dQNMKH`n1;eQNLKK_n18fQNMLK^n12_QNK87LL\n12mQN2HL\n11jQN4KJ\n11jQN4LJZn11jQN6LHmn18UQNFin1<<1O1ePNAUo1a0jPN@Uo1?lPNCQo1>oPNCPo1=QQNCmn1=UQNCjn1=XQNBhn1<[QNBfn1;a0N2M4KT11mN3O1O01N4LUPcV3
20160505025554Uh_4,[a^U11mo17J2O1O1N2O0O10000000000000000001O00000O101O000000010O0010O10O001O010O001O10O01O001O001O01O01O0000001O000O2N\Pb1Nfo]N2N101O000001N2NnPR14nnmN2O1N1O101O000000000XNGiSN9Vl1IiSN7Wl1IiSN7Wl1JhSN6Wl1KjSN3Wl1MjSN0Wl11l1000O100001O0000000O2O1N3NeQ82WnG3L4M4M3M3M101N1O1O101N10000000000000000001N1O2N1N3M7H7J\]m_2
20160505025554Uh_5,i\`k12lo15K4M2N3M10O001O1O10O01O1O1O1O100O010O10000O10000O2O1N2O1NWPl02hoSO001O0001OWP:1hoE00OTQ4NonK000PP<0ooC1N2O02Obo;O]PD5L1O2M2O1O100001O001O00100O0100O2O1N1O2N0000001N01M4N2N4M1M4LZb_m1
20160513133714Th_1,[`^o01mo13M3O1N3N1N111N1O1O000SSNHSj18hUNMWj13hUN0Vj11hUN1Wj10hUN0Yj1OfUN4Xj1NdUN5\j1JcUN7]j1JbUN6^j1JbUN7^j1HbUN8^j1HbUN9^j1GaUN9_j1GaUN:_j1EaUN;`j1DaUN;`j1D`UN<bj1C^UN<dj1E[UN9gj1FYUN9mj1CUUN9kj1HVUN6jj1LYUN4bj1L`UN4^j1NdUN0Zj12gUNMWj14hUNLXj15gUNLXj15hUNJXj17gUNJXj18fUNHZj19fUNGYj1:fUNF[j1;cUNF\j1<cUNC]j1>cUNA^j1?aUNA_j1a0`UN^Oaj1b0^UN^Ocj1b0\UN^Oej1a0\UN^Oej1b0[UN]Ofj1b0[UN\Ofj1e0YUN[Oij1c0YUNZOij1e0XUNZOij1e0Z2O1O1O1N2O1O2M2O1N3M2O[PP2IjooM4M3N0O3N1O1O1O00100O001O010O001O1O0010O0100O01O0100O01O100O100O2O00O010O10O10O100O0100O0010O0100O1O1O001N2O1N2O2LcQV24YniM4N1N2O0O2O000O2O001O001O1O0000O100O2N100O101N2O001O00000O2N2Ng[]b2
20160513133714Th_2,`^gm24So14\QNO`n16]QNKbn18\QNIbn1;ZQNFen1<YQNDfn1l0N11FZQNYOgn14WQN75@gn18VQN6Ro1IPQN6Qo1IPQN6Qo1IoPN7Ro1HmPN8on1?J6O01002WQNoN`n1Z1N2O1NjNbQNj0_n1SOeQNl0gn10100N2GTQN\Omn1NTQN>[o100001000BePN5do10O0000000kNK^RN6am1L^RN4am1N]RN3cm1M]RN4bm1L^RN4fm1HfQN079_n1GaQN9^n1IaQN8^n1HbQN9]n1GcQN9Sn1DeQN488Qn1GeQN1:8Pn1HfQN0:8om1JfQNN<7lm1MhQNL<7lm1NgQNK>6km1OfQNM4J47Qn1?iQN\O73Pn1`0hQN^O;OQn13dQNMMO51:NSn12oQN1Yo10Rb\n0
20160513133714Th_3,Q`jl22;0To14iPNORo14nPNMPo15nPNNnn15QQNKnn16RQNKln17TQNHln18UQNGkn19VQNFjn1:WQNDjn1=;101N3M2N1010O0100UQNXO]n1g0aQN\O^n1e0`QN\Oan1d0]QN^Obn1c0]QN]Ocn1d0\QN_Oan1b0]QN@an1R1NEcQNSO\n1n0fQNoN[n1P1gQNoNXn1R1;UOZQN;gn1D\QN:dn1F]QN7en1I\QN5en1J]QN5cn1K^QN4cn1L\QN4dn1K]QN6bn1J^QN6bn1J^QN6bn1J_QN6`n1J`QN6`n1J`QN7_n1HcQN9[n1FYQNM7`0^n1A\QN05b0]n1\O]QN55a0`n1A^QNa0`n1D[QN=en1`0M20]O_QNGan18dQNC[n18aQN^O87Yn11aQNIa0OVn1OVaco0
20160513133714Th_4,nbVP11mo13N4M0O01N2O100000oPNLVn14kQNLTn14lQNLim12dQN2d0Ldm16fQNOf0Kdm17dQN0g0Jdm16eQN0g0Jem15eQN1e0Jfm15hQNLd0Ofm12fRNM[m12fRNN\m72XRH1om10PRN3mm1NSRN1nm1ORRN0nm10iQNOC1cn10iQN2CMen10gQN5FHXo18900000_OIXQN5hn1MYQN1gn10YQNNhn12c001O0O2O1O[10eN0L41O1NYO2f01O0b\cl2
20160513133714Th_5,dSe:588NFTm1R1PSN:cl1Q2@5M2O0O2O00000010O1O1O1N5K3I4N12K6N3M3N1O00000000O2N1O01000010OgNgSNkNZl1T1iSNjNVl1W1lSNfNUl1Z1mSNdNRl1]1PTN`NPl1a1oSN_NTl1a1jSN^NXl1c1gSN[NYl1h1gSNUNZl1l1fSNRNZl1o1gSNPN[l1n1gSNoM\l1o1dSNPNok1ERTNX21QNmk1GTTNV20RNmk1FYTNU1_OC?^Ocl11YSN2H?=[O\m14YRNa0;XOTn14PmPb3
20160513133714Th_6,Pij`023335on12oPN1nn1a0000001O000001N1000O2O00TOQQNg0on1YORQNf0nn1ZORQNf0nn1ZOSQNe0mn1[OTQNd0mn1[OTQNc0mn1]OTQNb0ln1_OTQN`0kn1BTQN>kn1ETQN:ln1IQQN7Po1<0O100000OM4O1001O004L100O0001O00O^OQQN5on1JRQN5nn1LTQNLLI02Po19TQNLSo12nPNMSo13RQNHSo12?OlVQ\3
20160513133714Th_7,UkfS34`n12[RNM\O3Tn15^RNJ\O2Vn15\RNL[O1Wn14hQNK=;km15RRNKom16oQNKQn15oQNKRn15kQNMUn1EgQN13:Wn1EfQN20;[n1BfQNj0\n1nNbQN43g0on1O00O1O11_OQQN1on1NRQN1Po1NPQN1To1LlPN4Uo1KkPN5Vo1IkPN6;GZn12[QN7:Jbn16^QNJbn15_QNKan14`QNL`n13aQNKbn13g0Mho53VPJ1N3ePNHjn1;SQNIjn19UQNHjn19TQNIjn19UQNGkn1:UQNDkn1<VQNCjn13SQNO6Ihn18SQNOWo1OmPNNSo11`0MVV[i0
20160513133714Th_8,V`Pm21PP40PPN0O001O010O010SP8OnoG0PP20PPN0hQ24QnM5L3M2O1N2O001iMAjTNa0Wk1_OgTNa0[k1^OdTNb0]k1^OTSNOm0d0ok1]OSSNOn0d0Pl1]OQSNOP1c0ok1^OQSN0P1a0Pl1^OQSN0o0b0Pl1^OQSN0g01QO`0Xm1^OPSN2f02QO<Zm1AoRN0f04PO;\m1@nRN2e03QO;\m1@oRN1d04RO9]m1BnRN1b04RO9Uo1DmPN:Vo1DkPN;]o1OKFfPN:Zo161N10\NCdSN?[l1E`SN<fl1@XSN`0jl1CQSN=Zn100O100O001O010O1OlNEcRN<ml1B\RN8e06nl1D\RN6g06il1I]RN3i04jl1I^RN2i04gl1KaRN0i05dl1LeRNMh08al1KiRNLg08ik1DgSN8MGf0=ek1HdSN4Y14mj10hSNK]14kj13fSNI_14jj17eSNCc14ij1<cSN[Og19fj1=dUNA]j1`0cUN]O_j1d0^210O0O3NoQN]Ofl1b0XSNBgl1=WSNGgl19USNKml12RSN1nl1MSSN3nl1KRSN7nl1GcRNGLa0cm1EaRNOI<fm1D`RN3H9hm1E_RN4H6jm1F\RN8HLo0Kgk11bSN8HKm00hk1N`SN:KGk06fk1KcSN8LFk09dk1JfSN7L_Oo0a0]k1KhSN5S11Sk1KkSN39_O3c0hk1LmSN17B4a0hk1LlSN18C3`0ik1LmSNO8F2?hk1LnSNO8F3>fk1NoSNN9F1>gk1OnSNM:F2=fk10nSNM:F2>ek10nSNL;F3=dk12mSNK<F4<ck14lSNJ=G4;bk15lSNI>I38dk16jSNI?I48bk17kSNG?K66^k18mSNG?K75^k19lSNH>J94\k1:nSNH<J:5[k19PTNH:I<7Yk19QTNG:G=9Xk1:PTNG;@_O1o0?Wk19QTNG]10bj1:PTNG]1Obj1<PTNE^10aj1<PTNE^1Obj1U1nSNaNU19nj1b1QUN]Noj1e1PUN[Nnj1f1RUNYNoj1g1QUNYNPk1f1QUNYNoj1f1RUNZNoj18nSNEM010X10oj1:lSNDOL35V1HcN0\l1c0iSND=0^m1;TRNE`0N^m1<RRNF`0Kdm1;lQNKon13RQNLRo1M^`[j0
20160602010754Uh_1,l^So14_o10jPN1Ro13mPNMQo16oPNHRo18<00O010O11OO1004L001OO10O0100O1O1O001O1O100O001O01O000001O00001N101MTP<OnoE0PPN2O000000000000000001No`Vm1
20160602010754Uh_2,ldPS13lo14L11O001N11M2dPNJmn18QQNInn19QQNGnn1=oPNCPo1`0mPN@To1f0O2O0001O000O1N3N1M4N101O001O01O3M1O102M000001O1N1O2J5000000O1O2LT[Uj2
20160602010754Uh_3,Zd^k1220go17N1O1O1O01O5J3MWP:1hoE3M2O2M1O1O1O1000O10O010O01O010O0101O002O0O10O2CcPN3eo101O00\o1MgPN1iPNO]n12aQN1^n1NbQN2^n1NbQN2Wo1O0OQ[]Q2
20160602010754Uh_4,S^Xf02TQf31hn[L4L2N2O1N100O2O001O1N101O1N8I2N5K2M3N1O3L101O0O100000000O10000000O10000O100O100O2N101O000010O01O2O1N3N0O0O2O000O1N2N2O1N2O1O10000000001O000O10001O00000O100O1O10000O10000001O00000010O0000010O000000001O0001O00000001O0O101O0000001N101O0O2N2O1NWQ2OjnM2O0O2O1N10001O0000000000000000O2O000O2N10Ro[3NoPdL2N101N2O001O000000000010O001O001O001N2O001NhQZ1NZneN3M2N2O001N2O001O0O2O001O0gPNDnn1=oPNEQo1<mPNESo1;lPNFTo1c001O00000000000001N1IkPNCUo1;nPNCSo1<901O0O2N101N3MX^cd2
20160602010754Uh_5,XaRX11no13N2N1N3N2N001O000O10O1O2N1NaPNNbo12OLYPNOgo10\PNNdo11nPN3]n1LcQN7[n1IeQN7[n1IeQN8Qo10001N10000OhNKgRN4Zm1LgRN3cn100001O01O0000000O100O1OVO0eQN0\n10j00000001O0_PNOSo12kPN1So1OmPN2Ro1OlPN3kn1JSQN5O2Wo1MiPN4Xo1HjPN8`o1O1O2Lo]Yd2
20160602010754Uh_6,SQi<1b08an1K[QN:bn1IZQN9an1M\QN4dn1NXQN4gn1c000O1000WOXQN9in1GWQN9in1>1O1N2001O0UQNnNhn13ZQNj0hn1SOYQNn0kn1100O01ASQNKln16TQNJln15VQNJjn15WQNFNLjn1;[QNJJKjn1;^QNIHKkn1;^QNIfn18[QNGen18]QNFcn1;`00UQNESn1:nQNGQn19nQNHRn18fQNFG2cn19dQNFF4gn15cQN0^n11_QN1bn13WQNNkn1c01O000[OSQN7jn1^OWQN917in1AVQN547hn1MZQN0jn1MXQNMln12b0O3LQoP`3
20160602010754Uh_7,\^`f11oo100000O11O00YPN1]o1ObPN2^o1O^PN5ao150000O01O010O1O0N3O100O1O2N1OQP8OQPH001O00Oeo=1YPB3O0001O1OYP2OgoM2N2N100O2O000O100000O10O10O01000O0010O1O01O100O010O2O0O10001O0O2O0NSb[T2
20160713133714Th_1,aXUW36bo1;iPNLZn1:]QNMbn1i01fNaQNn0jn1M3M`NIZSN4hl1NWSNNnl12QSNKSm14mRNLTm13ZRNB3:em13XRNE18im1K\RNOI7km1H^RN1F6mm1I_RNND:nm1FlRN:Wm1CiRN>[n13iN\OnRN\1\l1dNbSNa1[l1_NdSNd1Ym14LjNWRN9em1J_RN2`m1OcRNLkl1_OSSNe06Bnl1JjRNe0Xn1YOhQNe0jn1LZQNFnm19SRNKim16TRN2gm1MYRN8bm1J[RN<FXO`m1>`RNo0^m1j0O1O0010WOcRNlN_m1V1`RNhNcm1Y1\RNgNdm1HjRNg0D@[n1FmQN6L2jn1IcQNN\n12dQNO]n1LZhle0
20160713133714Th_2,Sg`W11mo14L4N1N101O00001O01O00000000001O010O011OO0100O10O12NO1O01O1MfQ`01[n_O1O2O00O1OdP4OZoK6L4L2O2O0O1O00010OO2O1O1O2M2O2M3LUV]d2
20160713133714Th_3,ih^i14ko14L2O1O0101MRQ\2IUocM2N2O0000001O01O0O100000VVmR2
20160713133714Th_4,kglW23ko13OO2Nfn1OdQ65coG2O2^QNJTm19gRNI[m17cRNHam15`RNHVn54dPLO^Xkf1
20160713133714Th_5,^mno0`0Wo1U1nN<G6I8H7I6J8HcNgSN]OUl19\TND`k16oTNDoj19[UNBdj1<`UNB`j1;dUNE[j17kUNHUj14PVNKRj1MUVN2ml103M4K3Imje0:gTZO:I4M2O01KRVem2
20160713133714Th_6,TXUm1:`o1<B=H7I7K4L5K4L2N102O00O2N5Kh0UOa0_OYghQ2
20160713133714Th_7,gohP11]l51cSL4\S4Kjlbn2
20160713133714Th_8,kiRm12SVmR2
20160713133714Th_9,dXWm12mn11VRN0am10fRN0Um1NRSN3gl1N]SN3^l1MgSN2Sl10QTNOmk10UTN0jk1OWTN3hk1LZTN3ek1N[TN2fk1MYTN3hk1NVTN2lk11oSNOWl1c0nRN@Vm1j0YRNWOkn1<WgfQ2
20160713133714Th_10,PgbX22QP2000@OmPN1>OZO0Wn11nQN2?NYO0_n1<aQNKXo1NiPN4bo1FaPN1oWof1
20160820233134Lh_1,ccTk04io16L2N1nQNE`l1;]SNIcl16dRN3DHhm15bRN5EFim16aRN5EEkm16aRN3DEmm19aRNOBGnm1;`RNLAKom1:_RNJBNnm19^RNJCNmm1=\RNFF0lm1?YRN1dm14ZRNGL[Ojm1o0YRNDO]Okm10URNd03MO^ORn1c0oQNNZn11hQNNYn10iQNNXn11iQNMYn13hQNJZn16gQNIlm1HgQN16?5Hom1MkQN;6Inm1LkQN=6G1Gam15WRN?5F1Gdm14URNb04]OKL85bm10URNe0=WOH6hm1LSRNh0;Fbm1AURNj07Elm1?nQNBZn1m03N1N3kN[QN>3Dkm1HPSNa0XOFim1IoRN?YOHem1OPSNh0ol1ZORSNa0SOXOjm19SSN>Pm1DPSN;ol1InRN7Rm1KlRN4Wm1JkRN3Xm1KjRN3Wm1KkRN3Vm1MjRN1Xm1OhRN1Wm11kQNBl0;Tm1FTRN`0f0IQm1J[RN=e0GQm1M^RN7b0JTm1L\RN9a0Ghm14o\[Q3
20160820233134Lh_2,hfjm28fo13N4L100O100000O100O2O0O1O2N1O3MhPf0K]oYO4M1O4M01OO100O0001O010O1O1O2MlPb1OUo]N2N2O0O101N2O001O0O2O00001O000000000001O001O00001O00001O01O0YNHgSN7Yl1I]RNNn0:dl1H[RN2Q15dl1H[RN6o03fl1E\RN8o02nl1NSSN1ml1OTSN0ll10TSN1kl1OUSN1ll1NUSN1kl1OVSN0jl10WSN0hl10YSNOgl11YSNNhl11ZSNNgl11YSNOgl11YSN0[n101O0O2OSWcj0
20160820233134Lh_3,f^bT22lo15L3M100O1IIePN7[o18UQNCRn1>lQNBVn1b0dQN\O`n1d0`QNXOan1n052O1O5K2N1OXO^QN1bn1O`QNO`n11cQNEen11VQNMZo14hPNJXo16iPNKVo14jPNNVo1OQbki1
20160820233134Lh_4,^g`[18fo14N1N2N2N2O1O1O3M1O1O0000O1OODmPNKTo16QQNEon1=91O100000O10000O2O0O1O1OZQNFim18P1OlPNM^n11bQN0Vo12N2N1O2M2O1O100000DbPN6_o1GdPN7eo1N3L2N01SO2gQNOYn11fQN1Yn10eQN1[n1OeQN1[n1NfQN3Yn1MgQN5Xn1HkQN8nn11O1O1O1O000000O101N101N102N1M\o70fPH02NaXe_2
20160820233134Lh_5,`hPR35ko11OLYPNOgo10`Pb00eo]O3NO02N3M1O03M1Naoa0MbP^O1O2N1dPNLln15PQNKF2Yo13RQNNSo1NlPN2ao10FMgPN0H1ao1OhPN0Qo13iPNN6OQo14hPNN6OQo13iPNO5NRo13iPN05LRo14jPNMjo1O\PN0Xo13gPNMVo16dPNJ21Yo16dPNI41Wo16ePNI43Xo11dPNM32Zo10dPNM14]o1LcPN1O2eo12VWaj0
20160828133734Ch_1,Udjk14io17K5L3M2N1O10O100O2N101N2O0O100O10O0100O100O01O00001O00000100O10O0100O010O102N1O10N100O2N00100O01O1O001O2N2M_P8OboG3M3N001O1000O1O100O2NSZgo1
20160828133734Ch_2,Vanm11lo13O101O0O101N4M1M2N3O0N2O001N1N3N2O001O1O100O2O0OI701N100O1O101O001O10O01000O1000O100000O01O1O1N10100O1O10O01O1O100O1O100O1000O0100O10O10000O1000001OO100000000O10000O2O0O2O1N10O2O001N2O0O100000000ePNInn16QQNLnn13RQNOmn10TQN1ln1MUQN4\o1O010O1O3L[_Yk1
20160828133734Ch_3,oglW21oo10O2OO1000bP\5O^ocJ11OgPX30XogL2M3N2N101N1000001O0000000O101N1O101N1000001O0000001O01O00001O00001O01O01O001O01O0001O00010O001O00010O10O00100O100000O1000O03N1OO10O01O1O001O001O01O01O010O001O01O00100O001O1O010O00001O001O00000010OO2O001O002N2MbPR11^omN1N10001O0000001O0001O001O001O001N2OWUQV1
20160828133734Ch_4,gbhS31jo17M2N2N2N1O1^QNAcm1?\RNCbm1>^RNBbm1>^RNBTON\n1?aRNCSON[n1`0`RNDUOL[n1`0`RNF`m1:aRND`m1;bRND^m1<cRNA_m1?Q100O10000O10000OoQND`l1<aSND^l1<bSND^l1<cSND\l1<e1OO1001O0000000010O00100O2O1N1^QNAbm1?]RNBbm1?\RNBem1>ZRNBfm1>[RNAfm1?YRN@hm1`0l010OiPNAnn1i0O1000O1O1O001O001O1O00001O1O1O100O1O10O010O1O3NO000010O01OYO_OoQNb0om1APRN?nm1DPRN?mm1CRRN>lm1DRRNe0em1\O[RNd0dm1\O]RNc0bm1_O^RNa0bm1_O_RN?am1AaRN=_m1CaRN=`m1C`RN<`m1D`RN<am1D_RN;bm1E]RN;cm1F\RN:dm1G[RN9dm1I[RN7em1I\RN6dm1K[RN5dm1L`RN0`m10`RN0_m1@QRN9`08^m1^OTRN9>9\m1_OXRN7<9\m1AYRN4<;[m1AYRN4=J_O9im1J\RN1>I@;dm1M^RNOg03kl1N^RNOh03il1O_RNMh04il1O_RNLj04gl10^RNLm03el10^RNNn01el10\RNNQ12cl1KaRN3l02Sm1LoRN2Qm1NPSN2Pm1NQSN0ol11QSNNPm11QSNNQm11h^_d0
20160828133734Ch_5,S^iR22lo13O0O100O1O001OO010000000010N1000O2O0O10O010O10001O1O0010O001O2NkbTk1
20160828133734Ch_6,Tbed19fo14[PNJZo1?N2O2O2M9H2N0001O0OO0101M3_ORQNMQo1OTQNMQo1ORQNNbo1NO1N2O1O1JIaPN:\o16N3N100100O1O1O1G8N3O00O100O1IIePN7Zo1KfPN3\o1KfPN3j\hX2
20160828133734Ch_7,fnda18ho12NOO002N0cNMPSN2ol15mRNIUm19hRNF[m1<bRNBbm1`0o03RQN^OYn1S12N7G8GXR[]2
20160828133734Ch_8,^lVf04Yo12RQN1mn11QQN0nn10RQN0on1OQQN1on1NQQN3Po1HUQN7kn1JTQN6kn1LkPN113To13lPNNTo11mPNORo1MjPNM47Ro1KRQN5on1KPQN6Po1JoPN5Ro1LnPN3So1NjPN2Xo1NgPN2\o1HePN:ao100OaPNHXo18hPNIVo17lPNGTo19712O001O1O1O2N1NVTiW3
20160828133734Ch_9,jk`V25jo13M3N2N1O10O10O1O1iRNGdj1;YUNLbj15]UN0^j10bUN3\j1LeUN6Yj1IgUN9Yj1EhUN<Zj1@\TN4M<ll1ISSN7kl1KTSN6jl1MUSN2kl1OUSNOll13SSNLol13SSNIol16VSNBPm1;_1IlRkg1
20160828133734Ch_10,gk^V29fo1K_PNNao10bPNO]o10fPN0ho70^oI0VSN6Zj1JdUN<Xj1DgUN5cMMZo10mPNNQo11ZQ21VoM0SN1oQNNe1Ocl10\SN0el10e10VRYh1
20160930165914Mh_1,VinQ32mo12gPNMan16\QNNan14^QNMYn1>cQNC\n1?bQNB^n1?`QNB`n1?^QNBbn1n000000_OZQNHfn17\QNHen17bQNA_n1>b0O2NRQNC[n1=fQNCYn1=gQNCYn1=gQNDXn1<hQNEWn1;jQNDWn1;_QNEM0dn1;^QNHLMfn1;^QNJKJhn1;\QNMLEjn1>ZQNNhn11YQN0fn10ZQN1en1O\QN0en10ZQN0fn11ZQNOen13[QNKfn1:UQNEln1;SQNEhn1F\QNP1bn1SO]QNm0cn1SO]QNm0cn1SO\QNn0dn1RO\QNn0dn1RO\QNn0en1QO[QN=6DH0hn1M[QN?7AH1mn1=a010O10GBoPN?2B_n12_QN?MAbn11bQN>KAcn12]QNb0O\Odn13\QNb0O[Oen14[QNa00[Oen15ZQNf0fn1ZO[QNe0fn1ZOZQNf0fn1[OYQNd0hn1910100O000001O0OB\QNCcn1<^QNDbn1<_QNCan1=_QNCan10ZQN15Ncn11YQNO4LKLjn18\QNK0Oin15dQNIan13eW]i0
20160930165914Mh_2,obln03mo11O1O2N2N2OO02O000O2N2O1N2O1N2O1O0O10000O0001O0102M3M106I2OO02N011N01O02N01000O000010O1O001O1O011N1O1O00100002N5K1O1O1OO100O010O01000O02O3M1N1O10O10O1O1O1O001000O00010O10O000001O10O0001O001O001O10O0001O10O04L100O01O010O100O10O11N010001N001O00001O1O0000001O1O01000O2OO10O11N0100O010O10O10000O2N101O0O2N4M000O1O3N2N1000O0000O10O0010O1O01O1O001O1N2O001O10O01O1O00100O001N2O1O1O001O1O0O2O1O001O2N3M100O01O1O010O1O100O2N10000000O02OO02O0O20O2N00001O0001N100O100O001O1O002OO101OO01000O1000O002N001O1O1O001O0O2N101O0O2N2O0N3N2N101O1O01001O1O1O00001O000000O10O01O001O0000000010O000010O0001O001O001O1O1O10O00010O10O01O1O01000O1O10O0100O0001O001O00000O100O101O001O000000000000000000000L4NiVk[2
20160930165914Mh_3,dhYQ22mo12N2N101O0O2O00000O2O00000O2N1000001O00001O001O2N1O1O1O2N1O1O1O1O1O001N1M4M3N101N2O0O3N1O1N102N0O10kNeQNf0Zn1YOhQNf0Xn1ZOiQNe0Vn1\OjQNd0Vn1\OkQNc0Un1]OkQNc0Un1\OmQNd0Rn1\OnQNd0Qn1]OoQNc0Qn1\OPRNe0om1[ORRNd0mm1]OSRNc0mm1]OSRNc0mm1\OURNc0jm1^OVRNc0im1\OXRNd0hm1[OZRNd0fm1ZO\RNf0cm1ZO_RNe0am1[O_RNe0am1[O`RNd0`m1[OaRNe0_m1[OaRNe0_m1[O`RNf0_m1ZObRNe0_m1[OaRNe0_m1[OaRNe0_m1[OURNH2m0im1[OURNI1l0jm1ZOVRNKOj0lm1[OURNKOj0lm1[OURNLNi0mm1[OURNLNi0lm1\OVRNKNi0lm1\OVRNKNi0lm1\OVRNLMh0mm1\OVRNLMh0mm1\OVRNLMh0mm1\OVRNLMh0mm1\OVRNLMh0mm1\OVRNMLg0nm1[OWRNNKg0nm1[OWRNNKg0nm1[OWRNNKg0nm1[OWRNNKg0nm1[OWRNNKg0nm1[OWRNNKg0nm1[OWRNNKg0nm1[OWRNNKg0nm1[OXRNMJi0mm1ZOYRNMJi0mm1ZOYRNMJi0mm1ZOYRNMJi0mm1ZOYRNMJj0lm1YOZRNMJj0mm1YOXRNLLk0lm1YOXRNLMj0km1ZOXRNLMj0lm1YOWRNMMj0lm1ZOVRNLOi0km1[OVRNK0j0jm1[OVRNK1i0im1]OURNJ2i0im1]OURNJ2h0jm1^OTRNJ2h0km1^OQRNK4g0km1^OQRNK4g0km1^OPRNL5f0km1^OPRNL5f0km1^OPRNL5f0km1^OoQNM6e0km1^OoQNM6e0km1^OoQNM6e0km1^OnQNN7d0km1^OnQNN6e0mm1ZOnQN24e0nm1YOnQN24d0om1YOnQN33d0om1YOnQN33d0om1YOmQN43d0Pn1XOmQN43e0om1VOoQN52e0om1VOoQN52f0mm1VOQRN33g0lm1VOQRN32h0mm1TOQRN52h0lm1SORRN52h0im1oNQRN5441i0jm1UOURN21i0jm1UOURN20j0jm1UOVRN01k0fm1mNVRN7410k0fm1nNURN651Ol0gm1mNURN6420k0gm1VOYRNOOl0hm1UOYRNN0m0gm1UOYRNN0m0gm1UOYRNNOn0hm1TOXRNO0m0hm1UOWRNN1m0hm1UOWRNM2m0hm1VOVRNM2m0hm1VOURNN2m0im1UOURNN2m0im1AWRN?im1AWRN?im1AWRN?im1AWRN?im1AWRN?im1AWRN?im1AWRN?im1AWRN>km1AURN?km1ATRN`0lm1@TRN`0mm1@RRN`0om1_OQRNa0om1h01O0000000O10001O1O2N1O000000001O000O01000000000000O100000000O1000000000001O1O2N001O000000000000000000000001O000000000000O100000000O00100O10000000000O1O1O10000O100000000001O010O00000000000000001O000000000000000000001O0000000000001O0000000000000O10000000000000001O0000O100000000001O00KSNWRNm1im1TNWRNk1im1UNWRNk1im1VNVRNj1jm1WNTRNj1lm150000000000000000O11O0000000001O00O10000VNURN11Q1jm1mNVRN12P1jm1mNURN23P1hm1nNURN23o0im1oNURN13n0im1POURN23m0hm1POWRNO4Q1em1POXRNM4R1fm1POeRNo0[m1POfRNP1Zm1POfRNo0[m1QOeRNn0Xn1N101^OQQNH00Qo13[QNMgn10ZQNO\o1O2O`VdX1
20160930165914Mh_4,gojP37ho12O1gPNHKOdn18`QNKG3fn14aQN7^n1HcQN8\n1HhQN6Wn1I`QNJ0<`n1K^QNK1:^n1O_QNI37]n1<bQNC_n1=aQNBan1>^QNBbn1n0NkN]QNQ1cn16001O001jN[QNP1en1mN^QNR1in1OJnN^QNS1`n1PO^QNP1an1SO]QNl0dn171N[QNiNen1Q18OZQNPO_n1n0`QNVO^n1i0aQNZO^n1e0bQN\O^n1a0eQN_OZn1a0gQN^OYn1b0hQN^OWn1b0jQN]OWn1c0iQN\OYn1b0iQN[OYn1e0a0@kPN4Vo1KmPN3To1KoPN37KWn11eQN130Zn1MSRN7hn120OaoXl0
20160930165914Mh_5,g\mj02mo13L3N2M2003M1O1N101N101MZPl01foSO2O000O1000000O10000O1O010O1000O1000000O2N2NZPd0Ogo[O3N1N3N000O1O100BMnPN3Ro1OlPN2To1NlPN2So10kPN1Uo1OkPN1Uo1OkPN0Vo10jPN0Vo1OkPN1Uo1OlPNOUo11lPNNTo11nPNNRo12PQNKQo13`0N1N3Nioc03TP\O2O001N1000001O00000001O0O101O0O1NgcPn2
20160930165914Mh_6,cb[o11no12O0O101O00O10000000O010O1O10000O10000000000O0100O0100O000010O010O0010000O010O10000O1O100O2NTPX10mogN1O0O10O10Vo?0iP@2O2N1O1O00001O000000O10001OnPNKYn14gQNMYn13gQNMZn11hQNNYn10hQN0Rne0ORQ\O3UPN1`o1801O00001O0001O0F`PN4fo1O2O1N1Na^jh1
20161015144954Bh_1,Vhlm28eo13N2O00001O00000100O001O00001O010O10O11O0O10001N2O1N2O\Pj0NeoUO3N2N2N2N3M1000O100O00100O2O0O100O100O1O3M1NYWSn0
20161015144954Bh_2,bj`]17Wo1g0E8L2M4M2O0O2O0000O1O2M3M3N2N3M2N3M3L6Cgo5KfPJ3M3N2N2N1O2O1N1O1000001O00O1O1O1N2O2N1O2M200O2N1O2MjPj22ToUM4M1O3M2O1O1N2O001O000000010O000000000001O0001O00001O1O010O010O1000000O2O01O01O001O2M4M3M1O2N3M4L2bQNbNUn1g1O0O01O1O4K6J4L2M2M3B`0IWUcX2
20161015144954Bh_3,ie`h03ko13N2M5M2N1O100O1001N2N3M4KPQV24kniM5L3N2O2M101O2O1N1O2N0100O01O1N3O2M8H1O2N1N4hQNjN_m1V1[RNQOem1f10O1\NPSN5Rm1GSSN7ol1DTSN;Yn1O2N2N3L4L6HWVWR3
20161015144954Bh_4,jc`U11io12YPN0eo11[PN06NTo12gPNO41To1OiPNO42co110O1O1O10ao1O_PN7I101O001bPNGKOUo19oPNIVo17iPNIXo16hPNJYo15gPNKYo16fPNJ[o15dPNM\o12dPNN]o11cPNO]o11cPN0\o10ePNO[o11fPNOYo11gPNOXo12iPNNVo12jPNNVo11lPNNTo12mPNLTo14<00010O104L0O100O00O2O0O101N2O1MR\[g2
20161015144954Bh_5,\_Za23mo1001O000000001O000000000001O0000001O00001Nb`Y]1
20161019133714Th_1,nfnT25io14N2M3N1N3N1O001O001N10O10000O1O10000O100O101O00001O1O1N201N2M4JWP24goM6K2M3N1O1N2O10O000000001O001O1N2O1O1N3M2O3KfPV13XoiN3M2O1O1O1O00001O001O01O001O01O01O1O1O002N1MZPNJho12ZPNNWWkd1
20161019133714Th_2,Xghg13lo13M10001gQN3\l1NcSN6Zl1IeSN;Yl1EgSN<Wl1FgSN<Wl1EiSN<Ul1FjSN;Sl1HlSN9Rl1HoSN7ok1LPTN4ok1NPTN2ok1OSTNOlk13TTNLjk17WTNGik19ZTNDdk1>^TN_Obk1b0aTNZO^k1i0eTNROZk1P1i12N3M2N3N1O2N2N1O1O1O2O0O00100O01]OVRNmNmm1R1`000O20OO2N1O2N1M4N1O2O001O1O1O1O100O1O1O2O0O2O000O2O0001N2N2N3N1N2N2O001O1N1001O001N2N2N3J5JYZiR2
20161019133714Th_3,W`UP14jo12N3N2O1N2O001N1O01000O1N1O2O0O2O000O1000000N12N2O1M3N2J501O010O0O2O1O0001O0O11N10001N2On`Pm2
20161019133714Th_4,ccP_23mo10O0101NK1[PNOeo114101N1000000000000000O2Omoa0OTP^O001N10001O00000000001O000000100O1O0000001O0000000000000000000000000000O2JXPN2ko101NTPP31PPnL0go16O1O001O0O1000000O100000O1000000O1000000O2O00001N101N1Na\mW1
20161019133714Th_5,b_Ql13lo12O1N3N100O10O1O1O2N1Naok00_PTO3M1O2O0O100000O100O100O1O2N1O2Nl`XQ2
20161019133714Th_6,akRV31oo11ZP85_oG4L2O2N3N1O04J\QNHTO0ao1:1M2N1O1O00000O01002K`R[h0
20161020145454Bh_1,gf\a26ho14L201N2O1O0000000000O2O00001O1O2N2MZP4MhoK5M2M2O001O1O000O100O1N200N200O10O01000010O001O01O001O10O0010000O10O010O100O010O001000O102N100N11O1O00O02O00000O100O01000010O00000010O00000O11O000O10000000O0010O0100O001O1N3N2M3M^WeW1
20161020145454Bh_2,V\Wd11no13N1N100O2N100O10000O1000O010O100O10O11N100O1O1Mmo51SPJ3M100010O01000O10O01O1O100O2N1O_dnX2
20161020145454Bh_3,Y^_Z25ko11O1O2N1O010O01O20O001OO10O100O01O001O000O2O00000O100O1000MNXPN2go1031000000000O101Nloi00UPVO0001O`01]O3O000001O2M[o11ePN000O11O0OiaRa1
20161020145454Bh_4,Ughd1222do17O0O100000100O1]QNCbm1=Q1N1O2N2N2MhPh0M[oWO4hPNO\n12aQN2^n1N`QN5^n1KbQN7]n1IbQN8^n1HcQN7]n1IcQN7_n1GbQN8To1O1000001N100O101NTW]X2
20161020145454Bh_5,oh\W34ao10ePN5Wo1OdPN7Wo1;lPNXO:1Rn10gQNm0KUO\n1NlQNS1nn1B3L9I1N1LVVmg0
20161020145454Bh_6,Z]ok23mo12M2O0010O0010OO1OPP:MSPF2N2O1O1O10O002N001O1O00io;NXPD2O001O010O21NO01O1O0OfbTQ1
20161104133714Th_1,fbTR26io11O2N2O1O001O00001O1O010O01O010O01O0100O1O001O010O1O010O001O1O001O2N]Q2KfnM5K5K4M2N2POCZRN?cm1IURN:im1HURN9jm1MQRN4mm1OPRN2Pn1OnQN3Pn10nQN0Rn1P1O1N2O1O0000010O0001O0O100O2O0OIVNZRNi1dm1]NXRNo00\Oem1o0dRNhN^m1X1dRNeN\m1]1eRN`N[m1a1b02M2O1O1N2O000010eNoQNe0Qn1WOXRNd0im1POnQN1?n0^n1O1O1O00001O00000010O01000O2O2N1001O1M7J0O2OO0100O1O1O100O1O3M6J2N3MYP<OgoC5L1O100O000100N2O3L^P6OdoI004K3N2N1O001O0O2O0010O0000100O1O002M2N4KPZoc1
20161104133714Th_2,hUia14lo11N2O1O0010O0000000000O0100000000O10000O10001O1OZP>1doA10100O1O1O1O2O0O2N100O10O1O101O0O2O0N4L`ilZ2
20161104133714Th_3,QjZT32_o12kPNOSo14mPNJSo18TQNIbn18b010O00O2O1O00010O01O101N1010cPNHQo17nPNLRo12mPNOTo11jPN1Uo10iPN0Yo10dPN2]o171000GBPQN>on1DPQN<Po1DPQN<Po1DPQN<Po1DQQN;Po1CQQN>on1@SQN`0Vo102AaPN:Po1E_QN;an1E`QN:To100O010O00GHkPN8So1JmPN5Ro1MnPN2Ro1MQQN1on1ORQN0gn10oPNO<0dn18_QNG^n1:bQNI[n17eQNJZn17dQNJ\n16dQNK[n14dQNNdn1J[QN6on1HjPN5Yo1LfPN3[o1MePN2\o1MfPN0]o1OcPN1eUmg0
20161104133714Th_4,maTl25ko12M100VOLhQN4Wn1MhQN4Xn1MfQN3\n1L`QN8`n1HWQNa0in1_OVQNb0jn1]OWQNc0So100O1O1OI]ORQNb0Po1@lPNa0Uo151N10GZOWQNf0hn1^OVQN`0ln1ARQN`0nn191N2NSQNWOjn1a0XQNAhn1;[QNFen19[QNGhn16WQNKin15XQNJhn16XQNKhn13ZQNLfn11]QN0cn1O]QN1cn1O_QNOan11`QNNX]cQ1
20161104133714Th_5,T_kX28go12O1O0010O01O01O001O00001N01000O10000O1000^PNKYo14gPNMYo13fPNOYo11gPNOYo10gPN1Yo1OgPN1Yo1NgPN2Yo1OhPN0Xo10iPNMXo14:000O101O01O0000001O000O2O0O2Nlo51SPJ1000OM031000010O1O6J1O010O1O000004L3MYPNMco11\PN0jo10001Ob`bb1
20161104133714Th_6,ScRi1=`o18J3^QNC^m1a0TRNOfm1W100OO3N0O1O1O1N5mNTRNHU2BZi15Y`QV2
20161104133714Th_7,ZaRh14io17K3N1O10000001O001O2M5IoR86glGHkPN4fo1KYP>9SoAGiPN<ln1LUQN6Zo101O1O3KdZiU2
20161104133714Th_8,cbjh18go12N1010N2O4JkR>4YmAK00jM0]RNOg0020ml14RTNLQn10eo10dPL0_o181O1O2KVPN0XZcU2
20161111133734Ch_1,ol`S12lo15M2NLZPNOhni0OPQXO6L6K1O1O1N1N3N1010OO2N02O0KjPNAVo1?5010O10O1M3N20O01O00O1M4OMdPNC\o1<41O10000O100000001O0O101N0010O001O1000O0L^OlPNb0So1_OmPNa0Ro1@nPN`0Ro1@mPN71LRo1LnPN62MWo12lPNLSo14oPNKQo15oPNKPo15>0O0O20001O001O00000001O000010O0001O1O001O002L2Omo=3PPB2M2O2O1O001O0N200O11OHDlPN<So1GkPN9Uo1GjPN:Wo173ZOiPN=^o1N2O7F]Ucd2
20161111133734Ch_2,]j`T11no11O1O12MSQ:0Wo70Vo_O0`PN001N10O^P2OdoM2XoS1NPRlN2YMOlRN3Rm1MhQNOQ14Vm1MjQNOo05Wm1LiQNO80;6dm1JfQN000;0H1<5km1MfQNM;2FO63J1[n1LdQNO50O3LN72L1]n1LlQN3DN72L0en1M]QN72MLM^n1OmQN6IO_n1K_QN026O0hn1JYQN6O1gn1I[QN4O4Po1LPQN4Po1KRQN4on1JRQN6\o101N1OPo?LUQ@010O002TPNNgo11XPNOio132Nmo9OTPF0ooo00TPPO3PPNM01VUed2
20161116222134Lh_1,Xee]1;eo12M2N1O2O001O00001O0_QN_Ocm1a0[RNAem1?[RNAem1`0[RN]Ohm1c0j08H101O0O1001O0001]RNQORl1n0lSNTOUl1l0gSNXOYl1g0fSN[OYl1f0eSN[O\l1e0cSN[O^l1e0`SN\O`l1d0`SN\O`l1d0`SN]O_l1c0bSN\O^l1e0aSN[O`l1d0`SN[Oal1f0^SNZObl1f0_SNXOcl1I^RNi0P1]Ojl1a0VSN]Oll1c0TSN\Onl1b0Z1N3N2N3L10O100O1O001O001N100O2O000O1N3N1O00100O100O100O10000O2O001O001O00002N1O2N2O0O10O11N010000O01000O01O001O00000000000000000001N101N101O010O0010O4K3N1N2O001O0O2OlNfQNb0[n1\OgQNc0Xn1\OkQNd0Tn1[OnQNd0Rn1[OPRNe0Pn1ZOPRNf0Pn1XOSRNg0nm1WOTRNi0bn1O1O1O2N2OO02N1N3N5K2M[X^Y2
20161116222134Lh_2,UY[h19fo13L200O1O01O10O010O01O0001N100@C^QN>`n1E^QN;bn1F^QN:an1G_QN9bn1F]QN:dn1FZQN;in1BWQN>Uo11O1O001O01O01O010O01M2O1O101NQQNFZn1<eQNFZn19gQNGXn19hQNHWn18jQNHVn18kQNFUn1:mQNCTn1=g010O1O00000000dQNDUm1;mRNFRm1:nRNERm1;Z1O1O1N2N4KVhlS2
20161116222134Lh_3,Q^YZ12io17I5O2N100000000cNAYSN?fl1DWSN<il1FVSN:il1HVSN8jl1IUSN7kl1IUSN6ll1JcRNIJ<dm1KaRNKJ9gm1K`RNKI8jm1L]RNLH9lm1J]RNKG;nm1IiRN7Wm1IhRN7Zm1GgRN9Zm1FfRN9[m1GdRN:an1O100O1O1O100L310O01O100O1O2O0O2O0O2O0O2O0O100O100O1O1O001O0100O100O100O1O100O10000O2O0O100O1000O1000O01O10O01000O01000000O100O1O010O1O10O10O10O100O1O100O1O001O000010O010O1O010O10O10000O2O0O3M3LIN:2O00000000OWQN0dm1O\RN2in11O01O0O1O`bX]2
20161116222134Lh_4,c^_S13mo11O1O3M4_PNFSo1=jPNEUo1;kPNFTo1;kPNEUo1;lPNESo1;mPNESo1<lPNDTo1<mPNBUo1=8O4L2N10N2O001N1O1O2O10@bPN=ao100O1000]PNF_o19aPNGQo1N\QN;CFQo1O\QN;gn1EZQN:Vo10DGQQN9nn1HRQN8nn1HRQN8nn1HRQN8mn1InPNNN9To1InPNNO8So1JnPNON7To1JnPNO05So1JoPN005Yo1LfPN4Zo1MfPN3Yo1MgPN3Yo1MgPN3Zo1LfPN4do1O1Mao11gaVi2
20161116222134Lh_5,n]YZ13lo]1NRPfN0aoa00hPZO0_o10bPN0ho10D0fPN0fo30aoM0>0_PN0Qo10?1O010cPNOjn11WQNOhn12XQNNgn12ZQNNfn11d00gPNOen10\QN0Yo10[O0\QN0dn10[QN0fn10ZQN0fn10YQN1[o1O00010O010O10O0B0?0^PN0To10>0]PN0Vo10=0\P40bo50RPF0^o=0_P20SP@000O10O10O0=0WO0WPX10UPhN1O11O00hog10VPXN3N2O000O10001O0000000000000000000000000001O0000001O00001N4MjcfY2
20161116222134Lh_6,SY]h11mo30`00RoM0oPN0Ro10>0`PN0Ro10lP20boM0PP20PPN0PP20`oM0a00O0bPN0^o1000no90RPH0mo10RPL000ao10oPL1ao1OA0oPN0`o1000B0nPN0Qo10oPN0`o10PP20boM0mPN0ao10B0mPN0ao10XQN0am10_RN1_m1Om00SRN0cl10f110000ZPNO]o11aPNObo12YPNOognS2
20161219133734Ch_1,Uif`01:3]ma22SR`M2N2N100O10O10O0001O1O0010N1010O01O000010O000O1O2MXQ:?`mECPRNa0om1BmQNg0km1\OQRNf0nm1]OmQNf0h3kN\f1?mUNg01POV3Njf1:QVNZ1o2]Nof18RVN^1m2ZNQg16TVNb1k2SNTg19TVNd1ol1[NTSNe1kl1YNXSNg1il1TN[SNl1_m1M3OO1O1O11N2N1M6J3N1M4K8IgQNROem1l0\RNUOdm1i0]RNXOG9Rm1;jSNHTl18kSNJUl14iSN0Wl1MjSN4Wl1JiSN7Yl1DjSN<nm111N000O0000001N204K00100O00000100VNCoSN>Pl1BPTN>jm10O1O00O2N102N1O01O01O2M3NdQ:NYnE6M2O11000O101gLCkVN>Pi1HnVN9Pi1HPWN9Pi1FPWN:Qi1DPWN<Ri1AnVNa0Yl1O2N0002N1O1O0O2M2001O3M1O1O01O0010O010O1EgPNMho1O0O3MQP20noM3N101N10O02N2N1O000000001O1O001O0001O100O0O3N2NmP[R3
20161219133734Ch_2,]eWi13lo12N1YPNKbo17\PNKe0NVn1=hQNFVn1:jQNGTn15YQNJc01Tn14ZQNLa00Un14ZQNM`0OVn14ZQNMa0NUn16YQNM6K3OG0hn18XQNN5M5M_n17WQNO5M5M`n16WQNN50on12mPNM40Qo13UQNMkn14VQNIkn17>101O000001O001O\PNJZo1OePN>Yo16N@hPN:Yo1DjPN:`o1N101N1O1O010O\OL\QN5bn1LWQNOJ5on1LVQN2H4Qo1JWQN>hn1@YQNb0Ro1001N4L3N1O0010O2N100O002O1N2N2N1O1O4L1O2N2M2MlYfR2
20161219133734Ch_3,Rn`i05io12XQNKem12\RN1in10000000O0GMfPN3Zo1OdPN1\o11cPNO]o11cPNO^o10bPN0`o1MaPN3go1MVP20koM2O0O1N200O100000000O0FImPN7So1ISQN0on11?100ZON\QN2dn1N]QN2bn1O]QN2bn1O]QN1cn15RQNHM3Po14TQNJK2Qo13VQNMF1Ro13SQNJM9on1LTQNMM0N1Qo11TQN0ML11nn13TQN0NK12ln13UQNOOM1Okn15VQNNOM10jn14VQNN1NN1jn12cQNME0hn12oQ4NPoK000SPb00co]O0dPN0]o11aPNO_o19000O101N1N2NPQmQ3
20161231223534Lh_1,`dTT33mo12N1O1O4M2M10O1O01O10O1O001OO100000000001O0O2O001N2O2L^P>3`oA2N2N2N2O0O2N1O2O0O100000001O00O1001O000000010O0001O001N101O1O1O1N102N2LhQh1L[nWN6L2N2N2N2O001O000000001O000010O010O1O10O00000O10000O101O01O000001O00000010O00000010O000100O1O00gMCoTN=Pk1FoTN9Pk1IoTN7Qk1JdSNI`0<lk1LaSNJc0:kk1N`SNIf08ik10`SNIg07hk12_SNHj05gk13^SNJj03gk15]SNIm00gk18YSNJP1Ngk19VSNKT1Kfk1<RSNKX1Ifk1Q1YTNoNhk1P1YTNnNik1Q1XTNnNik1Q1WTNoNjk1P1WTNoNjk1P1WTNnNkk1Q1WTNlNkk1R1c1N3TORQNM109OiYUa0
20161231223534Lh_2,m_Sa21mo13O0O10000O100YPNKco14]PNNao13^PNOao11_PNO`o12`PNN_o13aPNM_o14`PNKao15`PNJ[o1NgPN8]o1IcPN7\o1KcPN5]o1KcPN5]o1LcPN3]o1McPN3]o1MbPN4^o170000001000O10O11000O0O00100OaPNEZo1:fPNGYo18hPNIXo16iPNIWo16jPNJVo15lPNJTo16;1O00001O00000000000001O0000000O01O100O1O2N101N3N1N2OIhPNFXo19jPNGUo19kPNG[o12fPNNRo1LPQN6OLQo1OPQN4do1N2NS`RZ1
20161231223534Lh_3,Pe`W28go11O3N0O1001N101N2N2NdP60\oI2M4N1O1N1010O00001N20O01O0001O000O1N2O0010O1OhPNGln17TQNKmn11SQN1Po1IQQN9[o1OO00O20POLURN5jm1MSRN5mm1LQRN6nm1JRRN7mm1JRRN7nm1HSRN9lm1EURN;lm1CVRN<in1N]QNFbm18\RNKfm1O]RN2gn11O2O001O1O10O1O1O1N4KfXYd1
20161231223534Lh_4,\djS32ko16M2M2O10J_PNLao13aPNK`o14aPNL_o13bPNM]o13900O10_PNNTo11kPNOVo10kPN0inm01hPTO1O000oP>NRoA0To;1kPD3N0000000002OO3M5K1O1O101N10EePN0eo101O1Nco9N_PF3WQNM`m17]RNIbm16`RNJ`m17]RNKcm15]RNKcm15T1N3Mj[Sg0
20170129133714Th_1,eTY_26io13M2O000O2N1O1O1O1O1O1O0O100000O1N1H9NSOJURN6gm1OYRN0gm10U1O^PN1Uo1OjPN3Vo1KkPN5To1KmPN5Ro1KPQN4Po1Lgml^1
20170129133714Th_2,VfZk28go14M1O3N1O00O100N3N4M4J1N]YkS1
20170129133714Th_3,_kPX32mo12N2]OKYQN6fn1KXQN6hn1JXQN7gn1IYQN7gn1IXQN8hn1GYQN9Vo11O101N2O0O1M3O100N2K[OnPNf0Qo15O2PQNSOkn1Q11N100O100RORQNj0To1N1O0002OO00002XOjPN406mn1FdQN:Zn1HfQN8Zn1HgQN7Yn1IgQN7Yn1JeQN6\n1JdQN3_n1N`QN1an1O^QN0dn10SQNL04mn1OnPNNO330Ro1NoPN3N0ho1M11_Tmd0
20170129133714Th_4,ndbi25io13O10OO10O1O2O2M1OdQX1OdnmN0koI0N101EOfPN0[o14_PNLeo11YPN0VYmS1
20170313145450Bh_1,ln`n17go14M3N6I4L4J5N2M200O10O11OO100N101N2O001O1N10003M1N5M0O003M3M2N7I1OZP[o1
20170313145450Bh_2,Xifh23lo16I6L110OOhVmV1
20170313145450Bh_3,lYWe23ko13O1N100O10O1O100O2Mmo92RPF2M3O000O01O1O1O100O1O2N10lo=NUPB2N2O000N2O01O1N2O2O0OeP21[oM1O01ORf\W1
20170313145450Bh_4,g`Po12bo1>M1O10N1K6N2N11O01O002N2NZo;1ePD3GLbPN4^o1N`PN3`o1L`PN4fo10001Na`Wo1
20170313145450Bh_5,anZn17fo16@HQQN<jn1GVQN6kn1KVQN2ln1NUQN0=Mcm13QRNO;0dm1OSRNO<0bm10RRNO`0O^m1OTRNOc02hm1NZRN8dn11O000O02N003KeoQ1OfPlNNbo13]PNMdo18O10O1O00100O10O010000O1NUPan1
20170326133730Ch_1,[cf]28eo16J4hPNFMLan1`0aQNM0AO5lm1<WRNf0cm1ZO_RNh0_m1VOcRNj0^m1QOgRNm0Xn1N20mQNoNem1a0YRN@im1?XRN]Omm1`0j0O3_OaPN:^P8KZoI2N3M2O0O0100O1O1O3M4M02L3N2N001O2N1O100O01N2N101O10O0102L6JRPd06go[O3N1O11N4LUYW^1
20170326133730Ch_2,VjVg14mo1N]P6OcoI3N1O010BMnPN4Qo1OmPN1Ro10mPN1Ro11lPNOUo11kPNOUo11jPN0Wo1NiPN2Xo1NhPN2Yo1MfPN4\o1HfPN7Qo1LVQN4in1NVQN2in1OVQN1kn1NVQN2jn1NVQN1ln1MTQN4ln1LTQN3mn1LTQN4ln1KTQN5GKnn12[QN2GOjn12]QN0H0jn10\QN1J0in10\QN1K0hn1O\QN2LOin1M\QN3LOjn1K[QN7LMTo13nPNKRo15;01O100001N1`PNLVo13kPNMSo14nPNLQo14oPNMQo12PQNNon10UQNOkn1OWQNOln1NQWcU2
20170326133730Ch_3,RVig12lo13YPN0\o1:O100OO2O1O10N100O11O00100O101O00001OHGiPN:Vo1FjPN;Uo1ElPN:To1FmPN:Ro1FnPN:So1EmPN;\o10_PNF\o1:cPNG[o1;dPNGZo19gPNGXo19iPNGTo1<lPNDSo1<nPNDRo1<oPNCQo1<PQNDPo1<PQNDPo1<QQNCon11lPN65HPo10nPN6bo10100O1O1O1OLM]PN3bo1O]PN1bo10^PN0bo10^PN0ao11_PNOao10`PN0`o1OaPN0`o10`PN0`o1OaPN1_o1O`PN2go10YPNMao13^PNO`o12`PNN`o11`PN0ao1O^PN3\o1KePN1O5[o1KkPN5Uo1KkPN5Uo1KkPN5Uo1KkPN5Uo1KkPN5Vo1JjPN6`o101O001O001O01O000000001O00000001O000O2OmifR2
20170326133730Ch_4,UfT^27go13NIaPN0kn1NaQN2E0kn1O]QN4DNPo1M[QN=en1EPQN02;nn1FQQNNN;nn1MWQN3\o10000IcPNK^o14dPNL[o13hPNMVo12=00O10001OmN5PRNKnm17RRNKjm15[RNKRON[n13hRNNgn1O10_P40boK000no50QPJ0D0hPN1Xo1OhPN0do10fo12bPLN`o15ZPNLgo162MUP>1joAKRN4o111LWR2OomM3nXU^1
20170326133730Ch_5,ic\R21ho18N00N21000001O02O02M0000O100O2O000002N10O0000O001M11O2O]PNJ]o15ePNLZo11iPNOWo10jPN0Wo1MQ]ak1
20170328014950Uh_1,i_f^2>`o14J6M2N2O1N1000000001O001O101N001010O02M1O1O1O0010O000101N1O2OgPNAQo1>jPNIWo13hPN1Xo1JgPN:_o12O0O1O1O1O00010O01O001O1O100O1O2N2N4K4KVR`22gm_M5M3M2O1O1O1O0010O010O010N101O1O00100O2N2N3L[\mY1
20170328014950Uh_2,iSo_23mo11N10001O0000000010O000100O001O0000000O1O100N2N1010O1O001N2O1O1000O1000O2O0O10O010O001N2O1O10O0100001N10000O100O00001O01O010O01O1O1000000O2O1Nil`[1
20170328014950Uh_3,TebS12dn13_RN0`m10aRNO_m11X11O10O0100XPNLO9Wo1?M2O1O4M15KON2WOVQN2`o1MU[Yk2
20170329014850Uh_1,R_dh21oo10kP`01Qo_O7J3N2N1O2O2N1O1O1O1000001N3N100OO3N1O11N100O10O0001O00O1001O0100N101O0O020O01N2N0000001O1O010O011OO10O01O00100O1O200O2M2O1N4M3M1N2O0O1O2NTR^2OlmaM3L4M2O0O1001O0O10001O1O1N2O1O2Nk[kn0
20170329014850Uh_2,PTSl21no12O0O100O100O2O001O001O01O01O0001O0O2O001O1O1NTP<1koC2O0O2J5O1000O10O01O100O010O010O01M3N11O00100O010O01O001O00O2N1N201L310OlPNM]n13bQNO]n10dQN0\n1OeQN2[n1LfQN4To1O002Mmn5OUQJ1N10O2Omlhn0
20170330133710Th_1,Schn12mo12N101N1000010O0001O00000001O000dPNKmn16RQNKmn15SQNJnn16>010O1O001000O010O001N101O001O0001O001O001O001O10O10O010dPNKmn13SQNNmn10TQN2mn1KTQN7[o1O00O1O01O1O3Kh[cm1
20170330133710Th_2,l`\U31o10lk17gSN4Vl1O[SNFYO=Zm1NZSNJYO9[m10WSNNZO4\m11XSNa08nN^k1c0YTN?8PO]k1c0YTN>:PO[k1c0\TN;9TOYk1c0]TN8;VOWk1c0^TN5;YOUk1e0`TNM?_Onj1g0cTNG0_OE5dk1h0gTNB0CD3bk1l0kTN\ONIA1dk1m0lTNUO1a0Sk1<kTNQO3d0Pk1=oTNkN3h0mj1>RUNcN6n0gj1a0TVN_Oki1b0TVN^Oli1b0VVN\Oji1e0VVN[Oii1e0XVNYOji1f0WVNYOji1g0cVNjN_i1U1dVNfN_i1Z1d2O2N2O2NO2YRNgNcl1Z1[SNjNcl1W1[SNkNcl1V1[SNlNel1T1ZSNmNgl1R1XSNoNhl1Q1WSNPOgl1Q1YSNPOdl1S1\SNnNal1S1_SNoN_l1Q1aSNUOYl1k0gSNXOVl1h0jSNYOjk1WOgSNa1?YOhk1WOhSN`1b0XOek1ZOgSN_1e0VOdk1T1\TNlNck1V1]TNiNdk1W1[TNiNek1W1\TNhNek1X1\TNfNdk1[1\TNdNek1\1[TNcNek1^1\TN`Ndk1a1]TN_Nbk1`1`TNbN@_OZk1P2UUNbN]OC\k1l1XUNTOfj1l0\UNUOaj1l0^UNTObj1m0^UNSOaj1m0_UNTO`j1m0_UNSOaj1m0_UNROaj1P1^UNoNcj1R1gTNgM<V1nj1T1dTNhM=R1Qk1W1`TNjM<o0Uk1b1^TNYM9U1Yk1f1fTNYN[k1g1dTNZN\k1j1_TNWNak1T3000011N:F2N013L3M1O0000000O100O01001O00001O0000O10O01@TUNlKlj1S4WUNkKij1V4WUNiKij1X4VUN^KN020lj1g48001O001O00010O001O0010O0100O0001SNRUNeNPk1Y1SUNeNoj1X1XUNYMBO3l0Tk1j1lUNoMVj1P2oUNjMSj1T2QVNhMSj1R2Q2K7oN^RN[Oan1CeQN9Vo1Hh]Yb0
20170330133710Th_3,V`Zc12lo1200O101N2O1kPNI`n17]QNLcn14[QNNgn10nPNL16To1=3K3OjPNBln1`0SQNBjn1`0UQNAjn1?YQN]Ohn1c00;O1000D<N3N2AcPN6^o1LdPNO_o10b`Q[2
20170414151450Bh_1,jbgV28go12O1N20O010O1O1O1O0O2O1N\QNM^m11cRN0fn101Omn34mPL3N101N1000001O01N102N2Mmoc0NUP\O2O1N10001O1O6J2N001O00001O0O100000001O1O100O100003M4L10O1N2O000O1001O2M2O0O2N2M4M5Ji[Pd1
20170414151450Bh_2,lcmY15ko11O001O1O000000001O000000000001O0000001O00001O1N2OYPf01eoYO2O1N10001O001N10001O001O00000010O01O001O001O0010O01O010O10O11N11OO01000O01O10O01O10O0002OO0002N010O1O011N000010O0000001O00000000000000O10000000000000001O00000001O00010O001O00001O01O01O0001O01O01O00010O001O1O0O2O1O1N2OUPb1Mmo]N2ZPNO[o12cPN0\o1;O1O001O01O01O01O0000000001O01O00001O0000001O001O00001O0O2O00001O000O2O001N101N10WZbX2
20170414151450Bh_3,filg14jo13N2N1O1O10O01O000O1O1000000001N01O1O11O1N3M2M3N2NRW_V2
20170414151450Bh_4,QS[a12mo12O00101O0O3NO101N2Miln]2
20170516134450Bh_1,\bVP26io13N2O1N2OO0001O100000O10hRNDlj1;nTNNoj12oTN0Qk10mTN1Sk10lTN0Uk10jTN1Uk1OjTN2Wk1MhTN4Yk1LeTN6Zk1LdTN4]k1LaTN6`k1J]TN8dk1G[TN9gk1FZTN9fk1F\TN9fk1DaTN5bk1HaTN4lm1I_Zmm1
20170516134450Bh_2,^dbR33lo12N2O0]OLYQN5gn1LXQN4hn1LXQN3[o1NL5N2O1K510O01N2O1K`PNJ`o15bPNI`o1740001O01[PNH_o1a0L01GbPNN^o12cPNJ`o165000JK`PN6`o151O001O2M4L3LT\Qk0
20170626133730Ch_1,]Tah13ho19K1N3O0O001O1O0001O1O0ON3O1oNF[RN;fm1GXRN9fm1JZRN5fm1K[RN4em1M[RN2em1O]RNMdm15\RNIem17P12M3hNBjRNa0Wm1AcRNc0[m1@aRNb0am1]O_RNa0fm1[O\RNb0fn1J5M2N2N1O2LdmVU2
20170902231930Lh_1,eo\g18do16M6I6fN[OPSNh0kl1]ORSNd0nl1^OPSNb0ol1_OPSNa0Rm1^OnRN`0Um1_OjRN`0Xm1@hRN>\m1_OeRN`0_m1[ObRNd0]n101OO100O0O1O2N2[OXOQRNh0nm1^OmQNc0Tn1_OiQNa0Xn1@eQNa0]n1=3O2O001N1OATOkQNm0Un1>002N1O100M3O3M2N4M2O3L4L3N3L2O1N2N100O1O2N1O8FWRSU2
20170902231930Lh_2,ka]Z12a03dn13WQN0gn12WQNOhn14TQNOjn1d0O1O001O1O001O1O1O2O0000O1SO\QN>en1_O^QN`0dn1\O_QNc0Qo1N2N4MO0O2N3N3L2O0O2O1O000001O1N2O1O3L7J1O1O1O1O00001O2L3NQP67foI5N1N2O001O0100O10000O1O1O1N2O0O2N2O1MT]Ra2
20170902231930Lh_3,Pf^U17go13M3M2N2N2lPN^Ohn1d0XQN\Ofn1h076J2N10O000I7BoPNNQo11RQNNon10RQN0on1LUQN2kn1NVQN3gn1NZQN2fn1OZQN1bn13]QNLdn12_QNMcn1NbQNOVYSi2
20170926225530Lh_1,[mXh06_o1>H6I5N3K4M3N2N1O1O200O5L5J5L1N2N2Lb0@ZOoRNeNjl1Z1YSNhNdl1`0^SNUO1:_l1=iSNTOK=Zl1?fTN_OZk1?mTN^Onj1d0XUNXOfj1j0V21N3M2O001OM4L21M4O1O1O100O1O0001K4J7O1O00002O0O1O1O2K4L5O2M4LeVST3
20171018223630Lh_1,lfj`14ko14M1O2N1O001O2O000O2OO02OO01O01O0O3N0O6JiPd0LZo[O6K3M3M3N2N2N1O1O001O001O00100010O1OO1O100O2O001N02N100O1O2O0O10001O1OO02O201O0O00N011N1O1O0O101O00010O100010O00O10000O2O1N1O1N10000010O1O001N2N1O2N1O2O001O00000002OO11N1O1O001O000000O100O1O2M20000011N101N4M000O01000O101O4L6K1N1O1O03N8H3MO0010OO10001O0O22NO1N20OO02O0000000O1O2N2N1O2L2O5J`TUT2
20171018223630Lh_2,jfn`11oo10^Rn30cmQL0^o11dPNON1OO10O00000O001001OjPN0\n11j0O10jPN1Vo1O00UO0eQN0Vo10QP21ooMO10on;0PQD0O00100mPNOVn10iQN1Wn10gQN0[n1OdQN0_n10`QN0Xo10YO0^QN0Yo100000RP210OooM0O0QP20no10mo10TPN0YP21goI1O0O2O002NO212NWP2LQo50kQF2nn11N01OQONoQN2Po1O1101N10000000O00O100000OoNMVRN3jm1MURN3km1NTRN2lm10RRN0Pn10nQNOTn11kQNOVn12fQNO\n10cQN0`n12ZQNNhn1b0;C8K[ToS2
20171018223630Lh_3,[Xob11lo15L3M2N200O10000000O01000O1O1O0001O0001O10O1O010O100O10O1O2O1NHJ>2N1K5O010001OnPNG_n16aQNM^n12bQNNan1MaQN3of\Z2
20171018223630Lh_4,UhXl25io14L2O100O1000O101N1O01N3O1N2O1000O2N1O1O1O1N3LQQ42ioIM]n16aQNK]n18bQNH]n19f0N2N\Q2LfnM6L2N1001O2L6HeUUQ1
20171021223430Lh_1,T]ml02m0OQn13nQN0om12oQNOPn13nQN0om10RRN0lm11TRN0km1OVRN2jm1MTRN7km1GURN;hn10O1O0L@jPNa0hn1A\QN8J1jn1HZQN7M1in1HZQN6M4in1D[QN8K5Ro1=0000001N102M100O100000000OK\OQQN4M7Po1HSQNON9on1IYQN6gn1KYQN4hn1KWQN6jn1JUQN7ln1HSQN8[o10O00001O000000000O11O01O01O010O01O010O10O1O010O2OSQNEZO0in1:nQNFYO0in19oQNGXO0in18RRNHmm18m0001oPNHYn18fQNLWn14jQNMTn13lQN1Pn10PRN0Pn1OPRN2Pn1MQRN3nm1NRRN2nm1MSRNN]OJ`n17RRNOUn11iQNNYn12gQNNZn12eQNN\n12dQNN]n10eQNN\n11fQNMmn10:0`bfm2
20171021223430Lh_2,UdT`24ko12M3K5L4N1O1000001N2O0O2O0O2N1001N2N4LPQf0^OQPXOOTo15hPNOUo14fPN2Vo1?M2N1O00001O1O00002N10O2OO100O0001000O1O010O02OO02N2N1N2O0001000O1O5I3KkPNEWo1OlPN2`QX33kmiL3L4N2N101O00000001O0O2O1N2N2O1OiP`04So_O1N2M2O2N1O0K6ON2O10O110O010001O01O1O001O001O01O010O0O2O00000000O2N100001O10O020N012M1O200N1003N0O001N100000O011N001M2000010O01O00002N3L2O003NO03M011N1O2O1N2N1N2O3KSV_Q1
20171021223430Lh_3,Pd_\12mo13M1hPNKdn15\QNLdn13]QNM[o10O021O0PQ60onI0cN4fRNLYm16gRNHYm19gRNGXm1;gRNFWm1;V1100hPNEjn1<VQNEin1<VQNEin1;WQNEin1;WQNEin1<WQNCin1=XQNBhn1?<0001O001O00001O1NRQNIVn16jQNKYn11fQN1[n1LeQN5]n1HdQN8Ro1000000O01000000000O10O1000OaPNJVo15jPNLVo14jPNMUo12kPNOUo10kPN1Uo1MmPN3So1LnPN3To1KmPN5`o1N2NBO>3nPNMTn15^QNOINhn15]QNNKMbn1<bQNIJJbn1a0bQNFLI_n1d0eQND[n1a0eQN@Yn1a0fQN@Zn1a0eQN^O[n1c0eQN]OZn1d0eQN]O[n1c0eQN]OZn1c0gQN\O[n1c0eQN\O\n1d0dQN\OWn1i0iQNWOVn1j0jQNUOWn1k0jQNTOUn1m0lQNPOUn1Q1=1N1000ROYQNc0hn1ZO\QN1N8fn1G^QNLO>cn1DhQN<nn100O10000O100N2NcPNFXo19hPNJWo13jPNOVo1OkPN1Uo1NkPN3Uo1MkPN4To1LlPN5Ro1LnPN4Ro1LnPN5Po1MoPN4Po1LPQN5nn1MQQN4nn1LQQN7mn1JQQN8nn1>O1O1O001O001O000010O0O2O1O1O2M4VOnPN`0[o1N1N2O0O4D_PN2PZT[2
20171021223430Lh_4,Y]\T25io1<E3L3N3N1N2M3N2N3M3N2M102M2O00000000000001\OdQNA`n1:gQNA[n1;jQN@Yn1=h0M2L6Kdoa03YP^O3N2M201N1O100O10O10O100mPNCcn1=\QNEcn1:^QNGan19^QNIan17_QNJ`n15bQNJ^n15cQNK]n14dQNL\n13eQNM[n12gQNMZn11hQNMYn12iQNLXn13kQNJWn14m0Nmoc00QP\O6K101N1O1O2O0O1O1O10O010O010O100O100O1O1O1N2O1O2N101NTPl12joSN2O0O2N1O101O0O100O1000O10O10O100O1O002M101O0100000O100O2N2N2NkcYa1
20171021223430Lh_5,Qdn_26ho14K3OMbPNG\o19fPNGYo17jPNITo14>M201O10ePN0en11[QNOen11e0O01iPNO_n10h01kPNO[n10jP20RPN0jPN0Zn11dQNO^n13h0`0_OK7JbQb0Mhn]OO0N1NSO0kQN0Qn13oQNMPn14PRNLom15n00001O1O2N^QZ12_neN4L2OK\PN0bo11_PN3\o1;N001O100N11O0O2O2N6I4L4JSYcZ1
20171021223430Lh_6,hVS\12jo15D;N10N4M2O2001GCmPN`0mn1BTQN=kn1CVQN<jn1DWQN<hn1DXQN;Xo1M3N100O00CJRQN6nn1MPQN2on10PQNOPo13oPNMRo12oPNLRo14oPNITo15=NZPN2co13O1N100O1ePNFPo1:oPNGPo19QQNGon18RQNHon1OjPN36OUo1OmPN1Ro1NQQN1mn11`0000002MjiVa2
20171027150050Bh_1,eVYX23mo11N2O1O1O001O0010O001O1N2NcQn2O]nQM3O2N1O1O1O1O001O0100O00100O1N2O2Maghb1
20171027150050Bh_2,gV[g12mo12N3M100O2N101N1O100O1O1O1O10000O100O1000O01O000100O001O001O01O01O1O1O1O0O2N1010O010O10O10O0100O010O100O1NoPh7JXoWH3M2O1O000001N3NUinl1
20171027150050Bh_3,maTo12mo12O0O1001MkPn15onQN5N1O0000O2O2M3LkRZ23QmeM3M4K5K4O2N1O101O0100O100O=C2M3N4JZZaj1
20171027150050Bh_4,`fen15ko10_PN4nn1LQQN7dn1FZQN22:bn1G[QNM3=bn1FfQN<Wn1DiQN>Vn1_OmQN`0Tn1_OmQN`0Rn1BmQN>Tn1C]QNO5>`n1BZQN25;bn1EVQN178fn1NYQN0jn1NTQN6ln1IQQN:on1FQQN9Po193N2O7JhPNDnn10[QN2Yo10002KRYho1
20171027150050Bh_5,hahn14ko12O1N2O1O00M\PNJdo155O0O1010UPNNfo152O010O1O1O2N00mPV13oniN1ELjPN5To1NiPN3Wo1OjPNNVo1OoPNOQo11PQNNQo11oPNNSo11>01001O1VPNNco162N1O1O3NY]em1
20171027150050Bh_6,aeTT26ln10kQN2Sn11iQN2Vn1OhQNIFOcn17fQNHJ1`n18m0O3K\PNMho10kP21VoM0OOTO1l01N200nPN4om10]QNI77^n1M^QNL16To1JjPN2\o10^PN2co151N3MYZ[j1
20171027150050Bh_7,k\Wn24ko12O10OiPN0@Ogn10hQN;Yn1BgQN?ln12NJePNJSo1<nPNEPo1;QQNFnn1f0O2O00O2O1O1N3N1CjPND43To18;0O2O1N100GFkPN;Uo1FjPN:Vo180AQQNMnn13TQNKln15VQNIjn18?O1O2N1OM3N3O1O01O1M4N2MXcPo0
20171029171010Mh_1,Rb`c2410^o1>O0001N100M4M3N3N1O3LQP<1moC3M3N2M3N2M3N2N1O100000O1N2000O100010O0O10001O0000O2O000000001O0O10000000000000001O0001O00010O10gPNBon1i0N10000O010O01O000000001O001O1N101N102N1N20O010O11OO010O1O0001O0010O0001O101O1N2O0O11SQNA]n19_QNJbn16WQN0hn1h0L3L101O1O2N1nQNgN[m1Z1cRNiN[m1X1cRNlNZm1T1fRNmNZm1R1eRNoN[m1Q1eRNPOZm1o0gRNROYm1l0gRNUOZm1j0fRNWOYm1i0fRNXO[m1g0eRNZOZm1g0eRNYO\m1h0aRNZO`m1e0_RN[Ocm1d0[RN^Oem1b0ZRN^Ohm1`0XRN@hm1`0XRNAim1YOYRNl0NKQn17lQNJUn1o0100O2L301N2N100O2O001N101O001O103L2O00001N>B4L2N2N1O1N3JS[QR1
20171029171010Mh_2,QWUa21Vo12_QN1^n11`QN0^n13aQNM^n14aQNM_n13aQNM_n13aQNM`n12`QNNan10`QN0`n10_QN1cn1L^QN3Xo100O2Oio=NXPB2O000000Olo50SPJ3N2M3N1O100O1O100O1O010O0001O0O1000010O0010O0010O01O000000O1O100010O00010O000QQNFYn1:hQNGVn18lQNJRn15PRNJom16SRNHnm17n0O100O1O2N[Q8LQhXY1
20171029171010Mh_3,TldZ22mo11XPNOao12]PN0bo10^PN0bo10^PN1ao1O`PN0`o11`PNO3MTo14jPNM21To11SQNOmn11RQN1mn1OSQN1mn1OSQN1mn1OSQN1mn1OTQN0ln10TQN0kn12VQNLkn13a01O001O1O00100O1O2O1O1O0000O2O01OO10000O2N2O1N1000_OMSQN4ln1MTQN2kn1OUQN2jn1NVQN3in1MWQN3hn1MYQN4fn1K\QN4dn1L\QN5cn1KRQNO36kn1KRQNO45jn1LQQN143kn1LQQN153in1MQQN161in1NQQN161jn1MPQN261jn1MPQN261jn1LQQN45OQo11oPNORo10nPN0Ro10oPN0Qo1OoPN1So1MnPN2So1LnPN4_o101O0O2OmRQa1
20171029171010Mh_4,_]PP154L`o1;M3N3O1O1O0O101O1O010O11O001O1OO01O1N2N1N4LVQd1Kln[N=F5M3M3M2O1N2O2M3N3M1N1O2O10N2O001N010O10000O0010O1O3N001N001O2N0010O100O1010N020N00100000O1O1O3N1O6I3POUQNh0Qo1O100O2N1O2N4L3L3MaSZ2KdleM4L2O1O20O0O1O3L4Ka[Sf2
20171029171010Mh_5,ifg^24lo11kN2VRNOim12WRNL]m11mQN5So1KmPN5So1JmPN;>Idm1KnQN?;Hfm1GPRNb0:Gom1:bQNB43\n1;_QNE20`n1<^QN0bn10^QN0an12_QNNUn1]OPRN^1Yn10O10O001XObQNN^n12cQNN[n12gQN@M3[n11URNMAOZn14VRNO@I\n18TRN1Qn1OnQN3Qn1LPRN4Qn1JPRN6Qn1InQN8Un1EjQN;Yn1CfQN<HDmn14YQNMVn1NjQN41MbXX_1
20171029171010Mh_6,e^RS13oP`04mnAN3MePl05SoSO3N2N12McPNLPo13QQNMPo11QQN3mn1IVQN7[o1N6IVm93hRF1O1O01O1O1N10N2O1QQNLRn15lQNLTn15lQNNPn14XQNHd02Un1=e01005K[RNEck1;]TNEdk1;[TNEek1;[TNFek19ZTNHfk18YTNJfk16STN1mk10TTNMnk11VTNKmk13P2MUagh2
20171107222630Lh_1,ReTU1331^o1?J9H4M1N1001O1G9M3N3N1O1O000010O00011O1N2N100O1O100O0100001N4L2N1N3N0O3O2L3N4L7HmNgQNd0Un1]OlQNc0Sn1\OoQNd0Pn1\OPRNe0om1ZOSRNf0lm1XOWRNh0hm1WO^RNi0ImNYm19USNe0^OUO\m16^SN?RO^O`m12bSNg0bl1QOcSNm0jm1N3M1O1N2O1O2O1OO2O0O2N2N3L3O\OQQN9Zo11N1O1010O001OO10O2O2M3N1NeLBVWN<jh1FVWN8jh1HXWN4PTge2
20171107222630Lh_2,XiXo13lo12N2O000000010OO101O1MiPb32Vo]L3N0O101N10000000000O100001O0000000000001OJIcPN7\o1KdPN5[o1KePN5[o1LdPN5[o1KePN6Zo1LdPN5[o1KePN5[o1KfPN4Zo1LfPN5Yo1JhPN6Yo1JfPN6Zo1JfPN6Zo181AdPN8]o1FePN9[o1FgPN9`o101O0O1000SOHSRN7mm1ITRN5mm1KTRN3nn1O]o]10cPbN000001NhPP11XooN3M1N100O2O1O10O010O0001N1000000O10O10000N20000000000O10001O001N1O2O1NdU_d1
20171108222430Lh_1,TeT`12jo1;F5M2N2M4N1O100O00O10000010N1000000000001O01O1O1O1O1O1O1O1O10O010000001O1O1N1000O1O2N1101N100O1O00000O10000000O001O2N1N5K7GSQ4NmnK8K4M3M4M2M3N100O1O0101O101M10000O3M100O01000O011N1O2N2N2N3L3MPXiY2
20171108222430Lh_2,\j`a26io12A0jPN3Uo1NhPN4Wo1;O010O01O1O1O1N3N1L4O1O1O10001O0001O010O0001O00001O001O0001O0O10000O100O10000O1000O100O1O1O100O1000001O00000000001N101Noom03noQO2N2O0O1N3K40000O1O01O100O1000001C`PN8fo1N2M4KTVWX1
20171122022450Uh_1,lgfa13lo12N2O00000O1000O1ON210O0100O10O10O01M2100000001N20O1O01O0O1O102M2N[XU\2
20171122022450Uh_2,iTUV15jo11O2O0O1000O100O1O100O2M]oa0OeP^O2N2N3L4M4M1N1O1O100O01000O0100O1O1J6N2O1N2N2O101M^om23`PRM2N2O1O0O2O001N10001O0O100000O1000000O1O1O2N2NfQf4N[nYK5L5K2O1O1O1O000000001O00010O01O010O0010O01O1O00100O2N1O1O1O0O2O001N2KTQ>0onA3N1O001O0001O1O1Nmi\Z2
20171122022450Uh_3,f[mZ23lo12O000000O10O10O100O10O1000O01000O10O10000O01000O1O101O1O0000000001N10000O1O10000O10ad\b1
20171122022450Uh_4,[Vei23no1OdiVV1
20171122022450Uh_5,\W_l08do17M0N3M4L3O1N2N2O0O2M3eQNTO`m1l0`RNVO]m1l0`RNWO^m1j0bRNWOHE[m1T1mRNWOFI[m1P1oRNWOFIZm1Q1oRNWOEKZm1o0QSNDnl1<QSNFml1;RSNFnl1:RSNFml1;SSNEml1;SSNEml1;SSNEml1;USNCkl1=WSN@jl1`0WSN^Ojl1b0WSN]Oil1b0YSN\Ohl1d0XSN\Ohl1c0ZSN\Ofl1d0[SNZOfl1e0]SNYOcl1f0`SNXO`l1g0dSNVO\l1j0hSNPOZl1P1fSNPO[l1n0]1N1O2N2O2L202N1N6J5Khh^P3
20171122022450Uh_6,e^`o04<Mnn19oPNJnn1e0I7M3O001O1OBXQNFhn19ZQNFen1:\QNFdn19]QNGcn18^QNHan18`QNHan17_QNHbn17`QNH`n17bQNF`n19e0M3N101O000000000001O1O1`PNGXo1c0M2O01O3LE]OYQNd0fn1\O[QNc0dn1^O\QNb0dn1_O[QNa0en1_O[QN`0gn1^OZQNc0en1]O[QNc0To1M2N0000dPNCUo1=iPNGVo19hPNHYo1`01N1O1O00001O0O2O00WOARRN>nm1CQRN=om1DQRN;nm1GQRN9nm1IQRN7Pn1LlQN4Tn1LlQN4Un1LkQN3Un1LlQN3Xn1JhQN6Xn1JiQN4Yn1KgQN5Zn1IgQN6So1O3L2O10O000n`ek2
20180507140210Th_1,ogdj08eo14WQNGgm1=VRNLbm16\RNN`m14^RNLbm15\RNDmm1>QRN^OSn1c0e02N1N31M1M7I6J5Ka05QO=0YOfPNc0]o1N002M3N2O0001DGnPN9nn1KSQN3mn1NTQN1kn1NWQN5en1J]QN8an1FaQN;^n1BeQNa0nn1O4I8GQVSS3
20180507140210Th_2,Y`dR24ko12M2O10O4L^o1NePN0[om00dPRO3N1O3M4K2O1O1O01O1EcPN1]`Wk1
20180726232450Bh_1,^onR3120jo14N4L3M2O1N1JAjPNa0Uo1@jPN`0Vo1AhPN`0Xo14O1000O101O0O101@hPN2NJ[o13?O2NhPT22WokM1N1O2N2O0O2N2N101N100001N10001O001O002O1N00001O01O0001O001O00001O0000001O001N2Ojog0OVPXO2N2O1N100]PNJ[o17ePNKYo16ePNKZo16fPNJZo16gPNIYo16hPNJXo16iPNIXo16hPNKWo13lPNLUo12=OVPWe0
20180726232450Bh_2,fglQ33kmY2NQRhM4000O001O1OhPl06QoSO3M2O10O0100O0101N2M`SP4K_loK9N1O000000O100O1O101N2O1O1N1O2NRVgd0
20181012105930Ch_1,Uehd26ho13N1N2O001O0gNGkRN:Vm1GhRN9Ym1GeRN9]m1GbRN8am1G_RN7dm1G\RN9cn13N1O1N2lPN@gn1b0YQN@en1`0\QN@an1c0`QN[O]n1k084M3M3MH\QNYOcn14\QN42Han19^QNJ1N`n18aQNINNbn19aQNHMNbn1;bQNGLLcn1=aQNHMHcn1`0aQNGen19[QNGen18]QNGcn19^QNEcn1:b001N3M4K]PNLho1101O0j[aX1
20181012105930Ch_2,a_n[13ko13M3M2L4N200N1C_O]QN`0dn1AZQN?gn1AYQN>hn1BWQN>Vo1O0000EBUQN?in1CWQN=in1CSQN`0nn1@QQNa0on1_OQQNa0Qo1]OoPNb0Xo1O0O2O1O001O001N10100O1O10jPNIcn16^QNJbn16^QNKan14_QNMan12`QNN`n11aQNN`n10bQN0To1NXPN1ho11XPNMio13[ON`QN2`n1O_QN1an1O_QN1`n10`QN0`n11_QNNbn12^QNNbn13]QNMcn13^QNKcn16d0O000001O1ePNJkn16SQNKPo13oPNMQo14nPNMQo14nPNLRo14nPNLRo15mPNLRo14mPNMTo12lPNNTo12lPNMVo11kPNOUo10kPN1Vo1MkPN2bo10FLhPN4Xo1MfPN4Yo1NfPN2Zo1OePN1[o10dPN0\o12bPNN^o12cPNM\o15dPNI]o1761N100O0jPNGgn19WQNJhn16XQNJgn15ZQNLfn13[QNMfn11[QN0dn1O]QN1cn1N_QN1an1O_QN1bn1N_QN1an1O_QN1an1NaQN0an1O`QNOan11h0NVao]2
20181012105930Ch_3,idXe21lo50QPL1OOM4000O2N11hPNNbn11d0010101OPP20_PL1fo11K2\OLXQN5Yo1M@NXQN1in1OWQN1in1OWQN0jn10UQN0ln10TQN0ln10SQN0_o10O0D0iPN0[o10`PN0do11Poe13PQZN2N2N101N1O100O01001YQNFfm1:YRNHfm18YRNIgm17YRNIgm17ZRNHfm18ZRNGfm1:\RNCem1?m01N2mQN_Oel1c0YSN^Ofl1c0XSN_Ohl1a0WSN_Oil1b0VSN^Okl1b0TSN^Oll1c0TSN[Onl1d0RSN[OPm1c0X1O1N2AdPN6f\SU1
20181030230030Lh_1,kd`g13jo15K4N1O100001O0O1O101N1010O11N010O0O3MZP62eoI2N1O10O002N1O2N[P8OdoG3N3N1N2O2N1^OB`QN?^n1D_QN?^n1CaQN?]n1BbQN`0]n1_OdQNa0[n1_OfQNa0Zn1^OgQNa0[n1[OlQN`0ln1N2N3LRZSU2
20190605025430Lh_1,nPUc04go1;F9G6K5L4L3N4K6K7I6J3M5L]NbRNh0Zm1VOlRNi0Qm1VOSSNh0ll1VOYSNh0hl1TO[SNm0dl1QO^SNo0km10O1000000O10O1010>A2M5K2M2M2K6Kno33QPL2N2O01O002N1N3M1OO1N4M3N2N100N2N1N3N2O2N3N1O1001N101N2O4K8GolbX3
20190605025430Lh_2,dScW13ko14J4M3O1N2N1O10N1010001O01O00010O01O001O0001L3M4N2O100O100O10O101N1O1O01M1000010O01O1O1O2L3O1010O10000O1000O1O10001N100O2NDKRQNOon14>1OO4M3J`nTd2
20190605025430Lh_3,XPei0:[m1LeTN;Xk1GeTN<Zk1EeTN;^k1@dTN`0^m100O100O0O010001001N2M2KkMMeTNN`k16WTN0ik12RTN1ok1OnSN2Ul1LiSN4^l1EcSN;om12O000O101N1O2O10O10N2H8K400O2K4L4001N2N2^O^QNEcn1;eQNZOZn1i0=1100O01002O2M7EQSoR3
20190605025430Lh_4,YPac01mo110O100000bR60_kI0QTN0lk10XTN0ek10]TN0el70VQJ0N1010001O?HBaPNMmo10eoW13PPhN2OO1O2M2O10SP80ooG010O103`mW2ORRnMM]PJ000cP40[oK2O00N[nm05^QRO200N301N2M1YQNBlm1;\RNEcm17aRNJ^m16bRNK^m13dRNL\m10hRN1Sm1OQSN0Qm1OoRN1Rm1OlRN3^n1OA1RQNNPo10mPNOH4Zo1LgR_S3
20190605025430Lh_5,QSSX12mo1O01dPNOjn11VQN0jn10UQN1jn1OWQN1hn1OXQN1hn1OXQN1hn10XQNOin10WQN0in11VQN0jn1OVQN0kn11TQNOln11TQN0kn10VQNOgn11\QN0an1OcQN0\n10fQN0Yn10hQN0Wn11iQNOWn10jQNOWn11iQNOWn10jQN0Vn10iQN0Xn10hQN0Xn11fQNO[n11dQNO]n11bQNO]n12h0NmPN0To100100UOOgQN1Zn1OeQN1[n10dQN0]n10bQN0_n11]QN0en10ZQN0gn10YQN1gn1OYQN1fn1O[QN1en1O[QN0fn10ZQN0fn1O[QN1en1O[QN0gn1OXQN2hn1NWQN2\o1000O01O0000Vmc03dR\O;H9G3N1N20O001O1O2M2O3M2N2N2M4L6HVPib2
20190605025430Lh_6,YSkW11ko30c00_oM0eng10XRVN0Wn30f10VoM000\mbe2
20190607032610Mh_1,oR]R26ho17J2O1O1N3N1O001N2O0O100O01O010O01O1O001O1000N2O000O101N110N1O1O10000000O100000010O0010O10O010000O10001O0O2M4M4KRmc00oR\O5K3M3N4L6J1O2N1O10O00001OO01O1M4M2O3L4I9HfPQh1
20190607032610Mh_2,_RWZ16go15L4L3M3O0O2N10001000O01O01O1O3M2N1N2O2L4M4JPPj0ORPVO4L7I3N2O0N2O1O10O10000O101M4K4KRlW60UThIKeQS\2
20190607032610Mh_3,]RmY14jo15K3M4M2NHiPNIVo15oPNJPo14?N2N200OWPb00lo]O0RP40XPJ1Xo10ePN1\o11^PN2bo161O00000O100O0100O100O1O10G^PN4ao1KcPN3\o1LkPNOTo10>010mo?0SP@2\PNOUo12fPN2Yo1:100O1O010O010O001O001O1O010O100O000010O00000001O001N2O1N3Noo3ORPL1O1O100O100O10O@LWQN2gn14VQNKjn18>1N101O1O01O1O1O1N4JmnR_2
20190607032610Mh_4,_nXX17ho12M3M4M3O100nQNAal1=\SNHel1OWRNLn07ml1KURN0j07_m1G_RN;cn10_OE\QN;dn1GZQN8hn1IVQN7ln1GTQN8Zo101N2O3Kfo1N^PN2do1O\PN0iPSf2
20190607032610Mh_5,egPm12mo12N10OLOZPN1fo14001N20O11O000O2O001NQPP10oooN4M1O10O001O010O0000010O0001O010O001O1O010O0010000@KTQN5kn1KVQN4jn1MVQN3in1MXQN2in1MXQN2in1LXQN5hn1IZQN6Xo10001N100O1O2N10SX]n1
20200806072410Th_1,_ceP23mo100000XPNO`o13^PNOao11_PNOao10_PN1ao1O_PN1ao1O_PN1Xo1LmPN4J0Wo1<hPNCYo1b0hPN_OQo1h00001O000010O010O4L2CiPNLXo14iPNJYo14iPNK[o12ePNL\o1<1O002N1O01O01O0O10000O010O1O1O100O100001N10000ON[PNJfo1530O010GMdPN4[o1MePN3[o1NdPN2\o1NdPN2\o1NdPN27Jin14PQN25Lln11oPN32Oon1NoPN31ORo1LnPN7NM[o14dPNL\o14dPNK]o14dPNL[o13gPNMYo13hPNKYo14iPNKXo14:OKM_PN2ao1O`PNOao1170WPNNdo12[PNOeo10\PN0jo10a\\j1
20201228202510Mh_1,Y[Sb25ko11N0jPNMan13^QNO`n11aQNO^n12aQNO^n12aQNOXn1MZQN4=0Xn1M[QN2=2Xn1L[QN2=1Yn1MZQN0>4Xn1LoQN4Rn1LmQN4Tn1KlQN6Tn1JkQN6Un1KiQN7Wn1HiQN8Xn1HgQN8[n1FdQN<on1O10001OdPNEJ1Wo1:nPNJQo16nPNKRo15PQNJPo16PQNKon14RQNLmn13UQNMkn11WQNOhn11ZQNNen13[QNMen12]QNMbn13_QNLan15e00O010O00100O001O00010O0100O00100O2J\QNOin110Omc^Z1
20201228202510Mh_2,^[g\12Vo1O`QN3\n14_QNN_n15_QNK`n17_QNHbn19b01L3kPNAhn1a0TQNDkn1;TQNGkn1:TQNGmn1FTQNj0Ro101N1O1O2O2MCB]QN9cn1H^QN6bn1J_QN6an1HaQN7Uo1O00SOJoQN7om1LPRN4om1MQRN3nm1MSRN3mm1LTRN4lm1KURN5lm1JTRN6lm1IURN7in10101O0O10O0010O101N2Mjdb`2
20201228202510Mh_3,R[k\12no10VPV1OjokN0QPN0bo50^PJ0^PN0aoc00RP^O0hdb`2
20201228202510Mh_4,]nXj25ko11N1O100000N3N102Moo30RPL1O10O01O100O1O0000001O010O0100O100OGMfPN3Yo1MhPN2Xo1OhPN0Xo10hPN0Xo10iPN0Vo10iPN1Wo1OiPN1Xo1NgPN3co100M^QUS1
20201228202510Mh_5,ZYg\15lo11XQNKmN3_n12jRNLVm11nQN3;KUn19jQNGfm11oQN8<Gam18oQN0kn13TQNKd0J[O0gm1>aSNBbl1>]SNBgl19[SNGRn50^PL0ZP60eoI2O0O1O1dNOgRN0TOMim15YRNKG1>2IMim15WRNKL290Qn13iQNKN280Rn11hQNMN291^n1MXQN1<2cn1M`QN2Zn1NlQN2Po102O]PNOWo11<1O01OO01O01[PNO\o10aP20]d``2
20210101202450Bh_1,f_ei29do16K3M201O0000O1O2N3KcmW1LbRhN4N0O10011N002N0O3M102N00000000O00100N3O0N3N2N1N4LPchR1
20210101202450Bh_2,nbmU21eo12bPNN]o1462O0000O101N2M[P63coI2O0FLhPN4Xo1LhPN3Xo1M03hPNNXo14dPNM]o1;0O1N3M4M2N3NPQN0nn13QOMoQN4Pn1MnQN4Rn1M^QN012bn1O\QN011cn1O[QN12Odn10ZQN23Jdn16YQN5mn1KTQN4ln1LTQN4ln1LTQN4jn1NVQN2in1NWQN2jn1NVQN2jn1MVQN3kn1NSQN2nn10oPN0Qo1:6I7N1O3N3Mk]lf1
20210101202450Bh_3,^Y]l25ko11N111N1O1OO0K50010001O1OO2N1O1O02N1O2O1N2M3M2O10O0N2N1110O01O1O1O2M3NQo=1oPB10OogfP1
20210127110130Ch_1,c[ha23lo11VOMRQN290D3nn1NTQN078en1HTQN00?kn1BUQNOO`0ln1BTQNNOa0mn1AUQNc0jn1^OYQN?gn1BWQN?in1AWQN<ln1ERQN50Gnn1b0TQN^Oln1`0VQN@jn1?WQNAin1>XQNCgn1=YQNCfn1=[QNCen1<]QNCcn1=]QNBdn12RQN4;Jcn11SQN5:Jcn11RQN5<Jcn1;\QNFen19YQNJfn16YQNKfn16ZQNJfn16ZQNJfn16[QNIen18[QNGen19\QNFen19[QNGen10QQN1:0en1NSQN181fn1KUQN352dn1LWQN350dn1OUQN19Oan1;_QNDbn1<^QNDbn1<ZQNAJ3ln1<YQNDI0nn1<WQNFLLon1=TQNIon16RQNJnn16RQNJon15RQNJJKQo1;UQNNjn12WQNNhn12ZQNMen13^QNJbn16^QNJcn16\QNKcn17[QNHhn17VQNJln14SQNIRo17mPNISo17mPNJOKmn1;TQNKNKmn1;TQNJOKnn1:TQNJNKPo1;QQNJOKRo19oPNMWo11iPNOWo11iPNOXo10hPN1in1J_QN4I0in1M^QNOFO43in1MYQN1O010Po11mPN04Non12nPNO^o1O[eiY1
20210127110130Ch_2,^_Ql11mo13G9N1N2JCiPN<Vo1GhPN9Xo1710O01O2M6J2NIGjPN:Uo1HiPN82Gmn11PQN84GRo1:9000IFjPN:Uo1HjPN8Vo1HjPN7Xo1IePN9[o1GdPN:`o14M1O1OO2N1L5O000O2M202L\PNOgo110N:1FOf`\Q2
20210219230330Lh_1,Ybk[12ko16K6J5M3M2N0TOJnQN5Wm1i0gRNUOXm1P1dRNPO]m1i1001001O000O10_OdRN]N]m1a1gRN\NZm1c1b0K5L>D4N2N2OO1O0O1G9M3N2O001O1N2L21OL5NO3N1001K42O1M3NI]NURN`1lm1cNSRN8O`0lm1^O[RNILg0hm1BmRND\O9im12YSNIhl18`10O02OO0J51M3OO2L3D3902O1M3L5N2O0O1OO10O1N2O3J_o=0cPB6L1N20O1N3O1N2NWn[22eQdM3M3K50O01O0O1O01O01O1O2L4O2N1003M1O1N2O001N2O6I3M2LceZZ2
20210219230330Lh_2,[_Um25jo12N2O1O00001O002N1O1O0O3N001O01O0000010O0O20O01O101N0O3N1O2M2O1NoPb1OQo]N3N1O2N1O100YOM`QN4Zn16aQNKXn1>fQNBXn1b0eQN@Yn1T101O1O2N1O1000O2O0O101N10`RN]Nbl1b1[SNfNal1Y1^SNiNbl1V1]SNlNel1Q1[SNoNkl1l0SSNVOml1i0SSNWOml1k0QSNVOol1j0PSNVORm1i0mRNWOSm1j0lRNVOVm1i0hRNYOWm1g0iRNYOVm1i0eRNgNGa0cm1j0bRNdNKf0cm1h0_RN[O`m1c10001O001OPNbRN_1]m1`NfRN_1Zm1_NgRNa1Zm1]NhRNc1Xm1[NjRNe1im1O1O3N0O3M101N1O2O0O2N3M10OO3N002N1O2M4M104VOlPN>bo1I2N1O1O2N1Na]\j0
20210219230330Lh_3,a`kP31no10YPN0_o108000O2^PNNUo12lPNNSo12nPNNPn12`RN2lm1NVRN1jm1OS1100001O1O2O00hQN0Vo77hnIK[PN5ao1JgPN2Wo1NkPN1To1OnPN1Po10PQN1on1NSQN1ln10TQN0ln10UQNOjn12VQNNin13WQNMhn14XQNLgn14[QNKdn16\QNJcn13mPNMa00Wl11^UN0iMOf00nk16bUNKcNOjk15aVNK_i14bVNL^i13UTNMe10Rk10nTN1Qk1OPUN1nj10SUN0lj10RSNOd10[k11oRNOI0h10ak11lRN0J1Yo1NkPN:\o121OOO1O1O1M\R2KmM0ooM000PP20PPN0Zm16WSLMdn15[QNLdn14\QNMcn12^QNNcn10`QNMb^lj0
20210219230330Lh_4,W[]c15io12N2BIRQN7on1JoPN7Qo1ImPN9\o10O100OGdPN1[o1NhPN1Vo1OmPN0Qo3NWQ42ZoI1OO2OiN4S1L30WQN3am1L_RN5am1K^RN7am1L\RN4em1LYRN5hm1KoQNMB9_n1JnQNMC:^n1IoQNMD9^n1JlQNNH5]n1NjQNMD0Po13WQNNI0_o11`PN1Xo1LgPN61NXo15iPNKWo15jPNJWo14<N2OCMnPN1ndPZ2
20210607142350Bh_1,U]ej1=cn1NgQNKK7^n1HaQN10321in1JjQNOgaTU2
20210607142350Bh_2,eeob12lo13WPNLco1:O0001O2M2O1O000OZPNO_o11`PN2Wo1MhPN202Wo16hPNJWo1?1M300GdPNMXo1JjPN82LSo18lPNEM1Xo19kPNKUo15kPNKVo14jPNMUo13kPNM3Jkn16TQN1OI[o17dPNK[o16dPNJ\o16cPNKWo1NiPN<Yo151000O10BfPN6Vo1EkPN328on1InPNN58ln1LZQN2fn1M\QN2dn1M]QN3dn1L]QN3Zo1N1NoY\Z2
20210627163630Mh_1,jbP[18go14OOO20O01N10O2O01OO11CFRQN9mn1IRQN7ln1LSQN4ln1LUQN4jn1MVQN3in1MYQN2en10[QN0dn1O^QN0an11`QNO_n11bQNN^n12cQNM]n13dQNM[n13eQNM[n13fQNLZn14gQNK[n13eQNN[n10fQN0[n1OeQN2\n1KeQN6Ro110O01O01O0010TOLjQN4Vn14bQNM\n18aQNG_n1:`QNF`n1;_QNF`n1;_QNEan1;_QNEbn1:]QNGdn17]QNJcn15^QNJcn14^QNLdn12\QNOen10[QNOin1NWQN2jn1OSQN2mn1ORQN0nn12QQNNon12QQNMon13RQNLon13RQNM`n1HfQN:JOon1ORQN0Po1MRQN3]o110O1O0000\OL\QN4cn10[QN0dn11\QNNen12[QNMen12^QNKdn14e0O1N_\[`2
20210627163630Mh_2,ffQS22:6mn1c0M3M2N2L4H8M2O2N10O101M3N3]O^QNDgn14]QNJ^o1O0O100O2O0O2N3LRP:3loE2N1000000O1000000O10000HIgPN7Wo190010O102N101N3N0O010000O2O1O1O1N100O1O1O1O100O1O001O1OaNGXSN8gl1JXSN6hl1JXSN6gl1LYSN3gl1MZSN1hl1NYSN1gl1OYSN2fl1N[SN1fl1M\SN3dl1K]SN6Vn1010O3N2M2N1O0O2L3N3M2O1N2N2O2N1N20000001N3XORQNL50eo1LoW^f1
20210627163630Mh_3,e`gl11mo13O1N10001O0000O2O0000O100O2O0O100O2O00002N2O0O1O000001O000000000000001O0O3NIJePN5Zo1MfPNJN5\o12jPNKWo15jPNIWo1880O2O1O1O001O000000000001O001O001N101O000O10000000O0100000O2O1O00001O0000000000O10O0100O1O1O10O010O01000O01000O100O1J6O0100000000O100O1DbPN4a_Zl1
20210627163630Mh_4,]^UU12no10jo10XQLb0Zm1_OcRNg0Xn18G4K3M2OOO11G9H16gQNXO]m1=RRND`03\m19PSNHPm17QSNHol18RSNGnl18kRNDYO3lm16kRN5Vm1KhRN3]m1LbRN6^m1IbRN7_m1HaRN6bm1J^RN4dm1K^RN4dm1IfQN0;7Zn1LfQN3Zn1NhQNOYn1NmQNMWn1NVblh2
20210627163630Mh_5,Vaaa13lo12N3M2O2N2N10O2N2N3MSQNLPn11oQN2nn12O001O0001O1N2N^o5NdPJ3M3N3M1O1O1O0010O000010O0O2O001O001N100000FhPNKYo159O2N2Nd0O^O1TOOfQN3Xn1OgQN1Xn11fQN1Yn1OgQN1Yn1OgQN1Yn1OfQN2Zn1MgQN3Zn1KeQN7Qo1001O1O10O2O1O1Ni]VZ2
20210701163730Mh_1,Yana22no1000XPd00go[O3N1O2M5L2N100000O2O0O2O1O000O2O1MQQj1LToUN1N1O2N1gPNLfn15ZQNJen18ZQNHen19a00O2O00000010O00001O0000O100000000000001000O0001O1O10O0100O10O0001N101N10010O0001O0O102M2O0000O1N2O1001O3M2O0000O1O001O1O010O01O1O001O10WNFkSN9Tl1IgSNMbN:fm1IhSNNaN9gm1JhSNLaN:hm1HiSNN^N;bo112M1O10O01O0001O000001OgMKiTN3Vk1NkTN1Uk1OkTN1Vk1NkTN1Vk1NjTN2bm101O1NWnU11iQjN2M1001NQ^_R1
20210701163730Mh_2,h_SS1`0^o15ZOCaQN?^n1c0eMiNmUNT1ji1]OSVNJmMMok1d0n23N1^QNUOk1Lii1o0XTNYOj1MPj1h0STN]Ol1MVj1S1jUNmNWj1V1jSNcNf16bj1^1]UN`Ncj1c1m12N2N2N2O03N2OeNVNaTNe1PObNak1IcUNd1gNjNak1_OmUNa2kk1M3M4K3N1NkMQN]VNk1di1XN^VNd1ei1YN]VNd1Rl1M3N2N2UOkQNHml1JfSN<HA`l17gSN5Wm1LiRN2Xm1MkRNOYm1LlRNOa_Zj2
20210701163730Mh_3,^^Ug1271\o10bPN3=0`n1O_QN=Wn1DhQN?Un1@kQNc0hn11N1O0@^OdQNa0[n1b00DfQNRO\n1k0=J51O2ODkPNNc0Mgm13jQNM?1gm11mQNL=2fm12mQNK`00em13lQNMSo1OjPN4`o11101MV1NP_XW2
20210701163730Mh_4,_hTR15io13YPNL`o1<M2O1N2O002N1O2OO101N7I2N2H_PNLbo1360O2O0000000FNfPN2Zo10bPN2]o1:O0001O002@bPN;bo1O2O[PNI`o16`PNK`o14`PNLRo1L[QN7DLPo1O\QN5CLQo10]QN2CLQo12\QN3hn1MWQN3in1MWQN4hn1LYQN3hn1LXQN5gn1KYQN5hn1JYQN6fn1I[QN8Xo1N1000O0@LTQN4ln1MTQN2ln1NTQN3kn1MUQN2ln1OTQN0mn1OTQN0mn1NVQNOUV[j2
20210701163730Mh_5,Yhbc26U17Qm1MlRN4_ODQm1<^SN0_OGPm1=_SNLAGnl1?aSNJSm17lRNGUm1;jRNDWm1;jRNB[OMbm1`0USN\O[O9_m1:PSNB@7`m17lRNED9\m14lRNCJ:Zm13kRN@19Vm16eSNB]l1`0b10201M0OlQNDdl1<ZSNDil1:WSNEll19_11[OBcQN??Aal1?lRN1>Ccl1?QSN07Ail1=SSN51[OQm1:RSN<hm1AVRN`0em1D[RN<am1F_RN<_m1DbRN?Zm1AhRN?Zm1]OjRN?]m1]OcRN?_m1_OdRN<\m1Fa1KhVQZ1
20210701163730Mh_6,U]e[21mo12O1O10000O0100O10O01000O0100000O1000000000000O100O100000O100000000001O011O02N00O1000000O0100O1Noo5NTPJ0kbn`1
20210701163730Mh_7,nlnP32am32URN7O10O02O0O03M2M^P`0Odo_O3M2O2M1O2O2N2M3N1O1O100N2M5oPN\OZn1Y1L4N8SOPNZSNT2_l1ZNUSNML\1ml1hNVSNJ0^1hl1kNWSNE4_1dl1lNYSNC5g0JFil10oSN4YOLgl10STN3TONjl1MTTN5PONYm1@iSNX1am1O103K4WOUQN5mn1GWQN7Yo1O10M3N3N2M2011M2O7HXMFQVN2Rj1NQ3OgUQk0
20210701163730Mh_8,WhRd21XP80joI0PP20QPN0UP40ioK1O1N11NbPN0`o120O1OOOhQN6_k1KaSN0l05dk1L`SNNo00ck12`SNNXn12l01O31N3L^Q<4[nC2OO1N2O2Nil94SSF0TWoX1
20210701163730Mh_9,^[[T11no12M2N2N101N101O000000N200015J2OGbPN1\o10dPN1[o1NfPN3Xo1MiPN4To1MmPN3nn1GPQN543kn1IPQN462kn1KnPN38Nmn17>0001N10001O1O1O001O1O0O1001]PNMWo13iPNNVo12iPNOWo11iPNOWo11jPNNUo13<0000000O010M30O10fPNIkn17SQNLmn13SQNLon12b0NYeRh2
20210701163730Mh_10,U_US13oo7NnmI0T20O2O2SPNL:0Qo14QQNNQn1NoRN4bn1MTPN1Tn1N`SN1^l1OeSN1Yl1OiSN2Tn11ON2O0100oM0R26`RNIVi11gUN3_n1N2O0010OOjM6l1K_PN2i3Meg10eTN2e3Ngg12aTN0g3Nlg16cV4J\nI9Ym1GQR20ZmM3cTNM_N0?0ck11aUN0XN1Zo18do1M_PN4oNNnQN4Qn10lQN0Un11hQN1Wn10hQN0\2Jlh14iTN3W2LRi1NgTN7U2Lli15RVNMmi12TVNNli10VVN0li1JYVN5jl1N3H]PNMQn50Ucnh2
20210701163730Mh_11,acde22[o1OWQN3gn1MYQN4Yo1001OLYPNOgo12XPNNio11WPNOjo13001N1OTP`01lo_O1O1O00001O000001O001NUPh0OmoWO000loQ20VPTN0dnI1YRNORn16k0OmPNKZn15eQNKB0`n14R10001OVQNMmn10H0`PN0ao10^PN0io10J0\PN0do10\PN1co1O]PN1do1O[PN1eo10YPN1ho131O1O001N1OU\cS1
20210708060030Lh_1,ZbZS14ko12DOgPN1Xo12gPNN:L^n16kQNKUn15mQNISn18j02O1O2N2N1O1N1112M_OB]QN>cn1A`QN=_n1CdQN;Qo1O10O010O00O1O11O000\OH`QN8an1I\QN8dn1I[QN7dn1J\QN5an1N`QNMCNmn12dQNNcn11h0MR^[j2
20210708060030Lh_2,TbSR31ko15N3N010O2OO0000001N1O100O10JK_PN7ao1I_PN7_o17O0N2O2L4L2N3[Od0N2N3N2O10O010O10000O10000O0FiQNmNWn1n0oQNlNH1Wn1U1>2O2O0N4K7K1O0010000O000O2N110O0O0001N3K4O2O001OUNdNTUN[1ai1fNlUN2c0W1ai1iNjUN1d0U1di1iNhUN1e0U1BeNgh15RWN1f0S1@jNgh12UWNLg0W1VOfNSO;ji1JTYNV1mMVOPi1BTYNW1mMVOVl1i0jSNWOUl1d0oSN^ORl1a0mSNAQl1`0mSNBRl1`0lSNBRl1?nSNBRi1WOoXNW1nMCQi1XOmXNX1hMfNFk0Sl1n0STNBgk1b0YTN_Oek1b0YTNCck1?[TNDdk1;\TNFdk1:[TNHbk1:]TNFck1;VTNQN0e1jk1?WTNAhk1a0VTN@jk1Z210O10XMXTNX1ik1eNZTNV1KbMmk1V1[TNT1jk1jNXTNU1jk1hNYTNV1ik1eN]TNY1BjMkk1i0gTN[1^OnMlk1c0iTN^1XORNPl1=kTNi1fl11010N101O000O1OO2N1O001eLeMPYN\2df1UNWYNk1if1WNUYNi1WMcMZi1f0]YNh1XMcMZi1j0ZYNc1[McM\i1k0XYNb1YMdMai1j0VYNa1ZMdMai1j0UYNg1mf1XNSYNh1mf1YNUYNd1jf1[N[YN7QM7di1A[YN9VM0_i1HZYN:SM1di1@]YNi1ef1kMYVNGW3^2Xj1O010N2oMbRN812O[OM2cm16cRNLNM8`0L@]m15`SN6SOEdo1O0000O01000no30RPL0O10O10Y^bd0
20210708060030Lh_3,[fcm12on12lQN0Rn11dQNND3gn11cQNLF4fn12[QNI0O15dn13ZQNK82^n14XQNL81`n14WQNL70cn1?[QNAen1`0ZQN@fn1a0YQN_Ogn1b0YQN]Ogn1c0ZQN]Oen1d0[QN[Oen19XQNL2Jhn18XQNN0Ikn16VQN1OHln16UQN3Ro1LoPN4Po1LPQN4Qo1KPQN5on1LQQN3on1OPQN1on10QQN0nn10RQN0nn10nPN4Ro1KnPN6So1InPN6To1GSQN4]o1O[OIbQN6]n1KcQN5\n1LeQN3[n1MeQN4Zn1LgQN3So10100O1O0OdYlo1
20210726041650Uh_1,lXgW11no13N1O00010O01O1NWQX20jngM2N0010OkeTe2
20210726041650Uh_2,[bbU12mo12O001O001O0001O0001O01O00001N10PPh35koWL1N2O00OAGYQN9gn1GXQN:hn1FXQN:Wo100O1L4O10001N10PPh0OPPXO101N100O1O1JKaPN5^o17O101O0O1001O0000000O2O001N101N101N2O1O1O1O0010O0O2O001O00001O000001O0000001N101Nf]i`2
20210726041650Uh_3,[chR17ho12O1jQNL^l14`SN0_l10^SN2el1KYSN8hl1FXSN;gl1FXSN:jl1DXSN<\n1J1O2M3LTP42koK1\ZUl2
20210726041650Uh_4,b_Qh05jo13J5K5oL_O^VNd0^i1FZVN<di1IVVN;ii1FVVN:hi1JUVN7ji1JWVN5di10]VN0Zi18gVNGUi1<nVNBQi1?QWNAlh1`0VWN_Okh1?VWNAkh1=VWNBmh1;SWNEPi17RWNHRi14]UN\O6>`j13ZUNB:4aj14WUNJ:Lej15SUNNjl1K\SN0]``V3
20210726041650Uh_5,V\Wh08go1LZPN2oo1Lkn;0QQD11O1200RQ8N_nG1lPN0Vo12cPN1_o162O2N2N3LccTV3
20210726041650Uh_6,ZbXZ17ho13LL60O010O100O010001O`PNKUo15gPNOYo11fPN0Zo10fPN0Zo10fPN0[o10cPN0^o10bPN0^o19000000000O100000O1O100OIcPNM\o13ePNM[o13fPNMXo13iPNMWo13iPNMVo13kPNLUo14lPNLTo1NgPN151To1MSQN3mn1LTQN4kn1MVQN2jn1NVQN2jn1MWQN3in1MWQN3in1NVQN2kn1MUQN3kn1MUQN3kn1MUQN3kn1MTQN3mn1NRQN2on1MQQN3on1NoPN3Qo1MoPN2Ro1OlPN2Uo1MkPN3Uo1NiPN2Yo1NfPN2[o1NdPN1]o10bPN0^o11aPNO`o10`PN0ao10_PNOao11_PNOjo1O001O00a]aa2
20210730044930Lh_1,]bfg22no11O2N103L0UQNHom18oQNIQn17oQNIQn18nQNHSn17mQNITn17kQNIVn16k00O01O01O01O01O0000001O0001O00000000001O01O0001O00010O000101N1O01000000O010O10O01O01O00010O000DJoPN5Qo1LoPN3Po1OPQN0Po10QQNOon12PQNNPo12QQNMon13QQNMon14PQNLPo14QQNJPo16PQNJQo15nPNKSo15mPNKSo14nPNLRo14nPNMjn1NQQN55Min1ORQN45Nhn1NSQN36OPo10PQN0Po10PQN0Po10QQNOPo10PQN1_o1000XONbQN2^n10`QN1^n11aQNO_n12`QNN`n12`QNN_n13aQNM_n13aQNM`n12`QNN`n11aQNO_n11aQNO_n11aQNO_n11aQNO`n1ObQN0^n10bQN0_n1McQN3Uo1O10001O0OToS11lPlN1N1UQNNhm12WRNOim12WRNNhm12XRNNhm11YRNOgm11ZRNNfm12ZRNOdm11^RNNbm12^RNNbm12^RNOam11_RN0`m10`RN0`m10`RN0`m1OaRN1_m1OaRN2_m1LbRN4en10000000O100000000000O101O0O10XO0h01O0O2O0[PNK^o16aPNL^o14cPNJ]o176O10000O100O10001MY]em0
20210730044930Lh_2,ZYid22lo13^O0RQN1ln11RQN1ln12RQNOin17TQNJin1:UQNHfn1k0N2O100O00D\QN^Odn11bQNKM2an13fQNFL6^n13QRNMnm12TRNNlm12TRNNlm11URNOkm10VRNOjm12VRNNjm12VRNMkm12VRNNjm12WRNLjm14WRNJjm16P10lPNK]n15bQNL_n13`QNO_n10bQN0^n10aQN1_n1NbQN2^n1MaQN4`n1K`QN5an1J`QN5an1K^QN4dn1K]QN5bn1L]QN4dn1L\QN4cn1M\QN4dn1K]QN4cn1M\QN4cn1M]QN3cn1M\QN4dn1L\QN4KJ\n11jQN5IL\n1OkQN5IL\n1OkQN5HN[n1NmQN4HN[n1NmQN3IO[n1MlQN4I0Zn1LmQN4I0Zn1LmQN3J1Yn1LmQN2K2Wn1MoQNOK4Vn1NoQNLL6Un1N^RN2bm1N_RN0bm10^RN0bm10_RNOam11W100001O4L1`PNHVo1:gPNHXo1`010O1O00100O100O0100O101O0O010O23L1O01O1OO1001N3N2N1N2O0O1O1O1O1O1N3LmfjT1
20210730044930Lh_3,fcVl11lo18K1VOJ_QNML:cn1KiQN4Wn1NhQNN\n14cQNJ_n18^QNGdn1;jQNDhm1<TRNHlm17RRNKnm15QRNMmm14QRNMom13QRNNom12PRNNPn12PRNNRn10oQNOSn10lQN0Vn1OjQN0Xn1NiQN0Zn1OeQN1\n1OcQN1^n1OaQN0`n11`QNNan12^QNNbn14\QNLdn15\QNIRn16jQN2dn12ZQN0dn10\QN1cn10]QN1bn1N^QN3bn1K_QN5Wo1N1O2O1O0101@FWQN<en1F[QN;bn1F`QN:]n1GfQN8Wn1IkQN5Sn1MoQN2om1OQRN2mm1OTRN0lm1OVRN0jm1OYRNOgm10[RNOfm10\RNNdm11_RNLcm13V^_P2
20210730044930Lh_4,]jdh15ko12M2O1O1O1O01O2N1O2N1O010003M10O10O010O2N0001O002LkTgU2
20210730044930Lh_5,Wbcm11Xne16`Q\N8I2M4L3M2N2N2M3O0O010O100O01000000O100O0000010O1N011O01OO101O1O01O10O0010O0001O10OO10O101N1N2N21O010O1O101O00001O000000O10O1O10cN@ZSN?el1FYSN9el1KYSN5fl1MZSN2el10[SNOcl13]SNMal15aSNH`l19`SNEal1<hSNYOYl1h0`1O1O1O1O1N100O2N100O100O100O1O1K5O1N3N2O2L4MQbdj1
20210730044930Lh_6,Rcbl12QP200O00A0kPN0To11lPNOSo11>0`PNORo11?O20O1aP<0_oC0O10O1O01^O0RQNOnn10a0010_PN0_o11BOmPN1To1OkPN1Uo1OlPN0Uo10lPN1Ro1OPQN3ln1MUQN3jn1NVQN1kn10TQNOon1OoPN2Qo1OnPN0So1OnPN1Ro1OmPN1To1OkPN0Wo11gPNO[o10cQf07_nYO4M1N200O1O00100000O011O001O2N001O00001O01O0000O100N3N1N3LkYSn1
20210730044930Lh_7,YZ_W24ko11O2O0O2O000000000O2O00000O100O1N2N200O10001O00000001O001O10000O2O00O0100O001O1O4KRoe0JTQZO2O00000000OiP42ToK2O2N10000O1O1M300O00000001O0L40010O010O1O1O1O1O2N2Nho;5TPD1O1N101O001O0000O2Jgfla1
20210730044930Lh_8,UaaP21no1000eoi00\PVO0O1O1O10OO10M30no50SoQ10hQlN0inK4iPNM]o17eja4IcU^K001O0001O00000O10]O0VQN0]o1000RP40[eZf1
20210730044930Lh_9,\b^g23mo11N2O1mPNMWn1NTQN1e01Wn1NUQN1b02Yn1MWQNO`05Xn1LYQNO>5Zn1LlQN6Rn1JoQN6Pn1KoQN5Rn1JoQN5Qn1KoQN5Rn1KnQN0Wn10n0OaPP11\ooN2O001O0000000ML[PN2jo10MN5010ko;0jo52XP^O1OO100O10bPNOE0So10^QN0bn10^QN0Yo1000O100SO2hQNMVn17jQNITn18]QNH40_n19\QNG00J1jn14TQN0?KC1jn13UQN1>KD0in14UQN13M3NL0in19TQNI313MM0in18VQNI123MM0jn16VQNK024MK0ln14VQNNN15MUo19kPNGTo1:8H^PN3_o1KcPN1O3]o1LfPN0N2]o1N>0b]kR1
20210730044930Lh_10,Xeno14lo1O1ORQNOom11QR<1nnC0001OmNOWRN1im10VRN1ln1001OOWo1OjPN2N2000O1O10O1hPNLcn14\QNLen12[QNOWo1OWPN2dYUn1
20210730044930Lh_11,]gPW31no13VPN0Zn1NeRN3QOOZn10`RN5UOK[n11]RN5YOKYn11]RN4[OIZn17WRNMTn14kQNJWn17i01SQNFPn1>jQNFUn1:iQNHWn19fQNH\n19bQNF_n1;_QNEcn1:^QNBen1`0dQN@Qn1`0nQN@Sn1`0lQN@bm1MnQNO?c00Bbm1KPRN0?c0O@em1NmQN4:=2_Olm16TRN>Vn1BlQN>Rn1CnQN=Qn1CPRN0A3]n1MSRNO@5]n1LSRNNA5\n1MTRNM@7Un1HjQN3c0K_O:Sn13fRNL[m13eRNM\m13jQNFb06em1=YRNCjm1;URNFjm1;VRNDkm1;TRNGkm1MgQNN?5fm11mQNH=7fm11PRND;;em11eRNO\m1OQRNG7:hm1OQRNH69im1NRRNJ48km1LQRNN36lm1MPRNO33nm1MoQN220Pn1NnQN23MQn10mQN25KQn1NoQN3[Xme0
20210730044930Lh_12,]`_o11mo30mPL0Xn11jQN0Tn1OnQN0Ro10mN0TRN0mn11nNOURN0nn1000O0100000O1000O01OO1000O0PP20mo50UPJ0ooM100jo;OVPD000PO1PRNOnm11TRNOkm10S11SQNOkm10VRN0jm10URN0lm10SRN1nn10POOQRN1on1000QOOoQN0Rn10nQN0Rn10o00O00100000010O0010O012OfPNOYo10j_Tl1
20210811072510Th_1,WlRS16ho13O1UQNIkm18RRNNjm12VRNOjm11TRN1km1OVRNOlm10URNMom11R1MjQN4Rn14M2N2O010O10OO02N1O100O001O0001O1O1O0010N2O001O1O1O1O1O001O001O1OWQWj2
20210811072510Th_2,cnVS12mo12PO0lQN2Un1MkQN3Tn1MnQN1Sn1NcQN1Yo15MJ7O10ioe02TPZO2]PNOUo12iPN0Xo1OhPN0Yo11fPNM[o144L]PN4ao1N_PN1ao1O9O0O1O10mP6OToI01000UPN0eo14XQUj2
20210811072510Th_3,UnZT12no10TP2ObPP10[ooN0moM2VQSj2
20210811072510Th_4,XmTS17ho1M[PN4]o1KiPN3Uo1MPQNNPo11QQNOon12oPNNQo14iPNM\o17]Pb0Hoo]O0N2WQn0NlnQO0O0[Q_j2
20211119005210Mh_1,U^da11oo15K6K=C10O1028IK_QNZOim1f0URN\Olm1a0VRN^Okm1a0WRN[Onm1c0k0L3N1012NO0O000O2N1O1O10000O101N2MZP4MioK4N0O2O1N010O01O1O2Mh_e[2
20211224120130Ch_1,ldf^21Yn12`1c0A4L7aQNTO]m1m0`RNUOim1a0lQNBan1:^QNFcn1;]QNAfn1?QRNBVm1`0fRNCZm1=cRNF]m1;aRNFam19\RNIjm13jQN5gm1^O^RN=F5mm1A]RNo0fm1SOZRNi0im1_OQRN8Xn1IR1@cPN4k[Q`1
20211224120130Ch_2,XYeU24ko12O101N100O1O100O0@GZQN9en1G\QN9Uo1010000O]OJ\QN5en1L[QN3dn1N[QN3en1M[QN2fn1MZQN4gn1JZQN6Wo1001O001N100[OEfQN;Zn1GdQN9^n1F`QN;Ro1000hNFlRN9Tm1IjRN7Vm1JjRN4Xm1LiRN2Ym1MgRN0\m1OeRNO]m10\RN4hm1KWRN7gn12iPNJcn16]QNLan14_QNM`n14`QNL_n14bQNK^n15cQNJ]n17dQNF[n1<d0O1001O000O2N1BC[QN<fn1CQQNM7?kn1DnPNN6<mn1LPQN2So1MYRNIfl14[SNN[n102N`fZf1
20211224120130Ch_3,j^_`22no11N2O1O00100O00000001O00010O001O1M7OL5K001O1O1O001O001O002N000O2O0O101O000000001O002N02N10O01010N010O01O01O0001N2AaPN41O^ni0M^QXO000O1O100O1100O1O0OhPd02Wo[O1N101N3K6M2N1@@^QNa0an1_O_QNf0\n1ZOdQNg0kn10O1O2O1N01O@UOkQNk0Un1UOkQNi0hn1M2O01O1000001O1O000O2O1O00000000000O1000000O100000O10000O10000O10O100000O1O1N2O100000QQNYOen1g0ZQNZOfn1f0WQN]Oin1b0XQN^Ohn1b0XQN^Ohn1`0[QN_Odn1b0\QN^Oen1`0>00O010O0100O010O101N10000O001O010O00010N11O00O0IYOXQNg0hn1[OVQNf0in1[OVQNe0jn1]OSQNd0nn143O0O2M30OOM22O1O200O101O000JgPNEYo1:iPNEVo1<jPNCWo1=jPNBWo1=601O5J2NRbZR1
20211224120130Ch_4,hde[23mo11N2UQNMhm13WRNNhm12XRNNhm13WRNNim13TRNNlm14]QNK;1[n1<aQNG_n1:_QNGbn1:\QNEen1<ZQNDfn1<[QNCdn1>^QN_Ocn1a0_QN\Obn1d0=1O001O0nPN\Ohn1Q1M2OO101NJPO^QNn0bn1SO^QNl0an1WO^QNh0bn1\O]QNa0cn1O]QNAcn1>^QNBbn1>^QNBbn1?^QN@cn1`0\QN_Ofn1a0[QN]Ogn1a0[QN[Ohn1e0WQNZOkn1e0UQNYOnn1f0QQN[OPo1j000101O0O2N2]OiPN9Xo1GlPN4Uo1KlPN4To1LlPN3Uo1MlPN2To1OlPNNQo1MkPN6_o1KaPN5^o1MbPN3]o1NbPN2]o10cPN0\o10ePNO[o12dPNN]o12cPNM]o14bPNL^o1<000OkPNBhn1>WQNDin1<PQNJPo16PQNJQo14oPNMgn1F`QN<INfn1HaQN7K1dn1I`QN4N2bn1KaQNO06_n1KPRN3Rn1JRRN3SYj_1
20211224120130Ch_5,h_mf26g1K]no44foQK2N1O2J6L4N101O010O0100O0010O001O000O101N11O00001NZL]OeTNNS3f0Xh1\OcTNOU3e0Yh1ChWN<[h1@fWN`0^h1\ObWNd0mk1001O000O10O0100O10001O0001O000O2O1N101O1O1N3N:Dlnm03QQRO3O2N1O1O4L000010O0000000001O001O00001O00000001O00000O101N2O1M3N3L4Mlnk10TQTN2K5N2O0O1000001N10001O0000000O010O01O010OO11N10010O01O1O1O010lQN@gl1a0YSN_Ogl1a0[110O01O010[RN@hk1c0RTNEkk1;TTNFkk1;TTNGjk19WTNGik19XTNGgk19YTNGgk18[TNGfk17\TNHdk18\TNHdk18\TNHdk18\TNGek18\TNHdk18[TNHfk18ZTNHgk17ZTNGhk18XTNHhk19WTNFkk19UTNFlk1;STNDnk1<RTNCPl1<PTNCoi1M]VN`0DBSl1=h101N10001N1000000O10nRNG]j19bUNH^j18bUNI]j17bUNJ^j15cUNL\j14cUNM]j13bUNN^j11bUN1^j1NbUN2^j1MbUN4\j1LeUN6Yj1KgUN5Xj1LgUN5Xj1L]UNHRN>`l1K]UN?aj1CTUNF^Ni0[l1DUUNF\Nh0^l1CUUNj0gj1WOYUNj0fj1VOZUNi0gj1WOYUNh0hj1YOXUNd0jj1\OVUNb0mj1]OVUN?lj1@UUN=mj1DQUN<Qk1CoTN=Qk1DkTN>fNQOUl1a0UUN8]NZO9NUl1`0TUN8_NZO7NWl1a0RUN7`NYO70Wl1`0bTN^O\On0KTOXl1a0oTN:hNXOWl1?QUN6jN]OTl1=RUN4kN@Rl1>RUN1lNBRl1=cTN\O[Oe00CRl1<bTN?\OVORl1;_TN`0_OWOSl18]TNb0_OWOVl15ZTNd0@WOZl13RTNh0DVO[l12nSNh0HWO[l10lSNi0IWO]l1OeSNm0OUO]l1McSNn00VO`l1I_SNP11YO`l1G^SNP12ZOal1D[SNT14YOal1C[SNS14[Ocl1_OZSNT14^Odl1[OXSNW14_OPm1?QSNBnl1?RSNBll1`0SSNAll1?SSNCkl1>VSNBil1?VSNBjl1=VSNDjl1:WSNGhl18XSNJhl15XSNKil14WSNMil11WSN1il1MXSN4hl1KWSN7il1EYSN=fl1@]SNa0al1@_SNa0_l1A_SNa0`l1_OaSNa0_l1_O`SNb0`l1\OaSNe0_l1[O`SNe0al1YO_SNi0al1VO^SNl0bl1RO_SNo0bl1oN^SNS1al1jNaSNW1`l1fN`SN\1al1aN^SNa1dl1\N]SNe1[l1RN[SN7:h1el1VN[SNk1nj1UNQVNOQOm1fi1PNmVN6=IQOR2ei1oMlVN7Q1k1Sh1nMlVN8o0k1Uh1lMlVN:7F[OU2gj1VNkUNG]OT2gj1VNkUNE@U2dj1WNkUNDAV2dj1VNiUNFBU2ej1UNiUNEBW2dj1VNVUNGIK>[2cj1TNSUNHKJ>[2dj1TNQUNHLI?\2dj1SNQUNHLH?^2dj1RNPUNILG<b2ij1oMnTNEOJ9d2jj1mMnTNENK9d2jj1mMnTNEOI8g2ij1mMoTNDKJ>g2gj1lMlTNL<Y2hj1lMkTNDOJ>g2hj1_NWUNc1ij1\NVUNe1jj1nMRUNVO3n2kj1hMVUNYOMQ3mj1gMVUNWOLT3mj1eMXUNVOKU3jj1iMdUNX2[j1iMdUNW2\j1iMcUNY2\j1hMcUNX2^j1]MPUN@c0T3^j1PMPUNN1Ma0T3_j1oLSUNLO2>R3aj1PM\UNN4Q3ej1jL[UN31Q3[k1oLdTNQ3]k1nLaTNS3ak1lL^TNP3hk1PMXTN[1DkNL=O]O2O12Xl1OUTNm0?C^l17STNYOQl1d0^1[OYQN0J=e`X?
20211231180850Bh_1,_Ym]22mo12N2N1O1O100O100O0100O1N2OYoU1LkPjN10000agh_1
20211231180850Bh_2,k]ee23lo13ePNOcn12[QN1cn1OUQNOJ4Po1NTQN:nn1EPQN=Yo11O2N10HjPNEVo15hPNJ21Yo11lPN1To1MmPN4_o10000O2O1N2MVaTY1
20211231180850Bh_3,laXX22jo17J9I6K1MMnPN[ORo1f0nPN[ORo1j01NO@lPN4in1DaQN6K4an1JbQN160Un13YRNNcm14`RNI_m16V1O1O1O000M40o^]f1
20211231180850Bh_4,_h^U11no12O0VPNNlo11O1O000XP80goG2O2N1O1O01O001O0O1O100O010O10bPNMnn14?1O1`PNLRo14mPNMSo13lPNNTo12lPNNTo11nPNNQo12QQNLPo14>0O10000000O2O001O2NSWeg2
20220124155050Bh_1,\Ya]19do15K4N3M1O2N10000001O1O0O2O1M201M4LifZa2
20220124155050Bh_2,Ud^g12lo14N1O0dP6O\oI3O1N2N2O5J3NO100N4L4J\QZ1LkneN1O1O1O001O1O00001O01N102N1NcYSU2
20220124155050Bh_3,fdjg18go1J_PN0_o10dPN0Zo11gPNNXo12jPNNTo12nPNNPo13?O100000112NXQV10eniN2MMZPN1co1O^PN1ao1O`PN1_o1ObPN0^o10bPN1]o1OdPN1fo1O0000\Y_U2
20220124155050Bh_4,_f]X2470Zo11ePNOZo13dPNO[o1;O2O000O2O00001O00000001O00001O001O001O001DcPN3_o1JbPN5fo1O0O2O0O2O0OUYbe1
20220124155050Bh_5,na\o02mo11O2O000O1O0O1O11O010O10O10O00IJfPN6Yo1KfPN5[o1LdPN4\o1NbPN2^o180O100O1O1O1O1O2O1O1Mloc00UP\O3N0O2O0O10000O10000O10000aPNGVo1:jPNFVo14hPNK32To13QQNMon13QQNNon11RQNNnn11SQNOmn11TQNNln12UQNLmn13`000000001O0O1Om^Ul2
20220328035030Lh_1,RYma0:Xn1MnRN5Pm10SRNF><\m1c0ZRN_Oh0Fak1o0bSN]Oi0Kak1b1YTNgNek1Z1WTNiNhk1X1STNnNlk1R1RTNoNok1Q1oSNQOQl1o0mSNROTl1n0jSNSOWl1n0eSNUO\l1NbSNC0a0^l1GiSNT1Vl1hNPTNV1Ql1gN`TNk0_k1TOaTNn0^k1QOaTNQ1^k1oNaTNS1^k1lNcTNU1Yk1nNeTNS1[k1nNeTNR1[k1PObTNo0ak1QO^TNa0AgNPl1h0^TN?Ul1BiSN<Zl1DeSN9`l1G^SN38TO`k1i0WTN28]O\k1a0[TN27B]k1;\TN26F]k17]TN43I`k1EhTNd0FIgk1YOgTNn0@Lml15oRNOPm11oRN0Qm1OPSN2ol1IVSN8jl1CZSN>el1@^SN?dk1nN^TNc0O?\k1XOaTN84`0Zk1\O`TN37`0[k1\O]TN59:^k1AXTN5:9ak1ATTN799ek1^ORTN:0b0nk1kNbSNOb0e0Je0nl1]OmRNh0Qm1YOkRNl0Tm1UOhRNo0Vm1n0O2M3NPNPSNR1nl1mNVSNR1hl1nN[SNQ1bl1PObSNm0\l1UOgSNi0Tl1ZOoSNd0Pl1]OSTN`0jk1CWTN<gk1FZTN:ek1F\TN9ek1F[TN;ek1D[TN?ck1@]TNd0`k1[ORTNTOJf1Rl1TOSTN[1ok1bNQTN`1Pl1]NPTNd1Ql1[NmSNg1Tl1WNlSNi1Ul1VNkSNk1Ul1oMfSN@6`2Ul1nMhSNCN`0N[1_l1]NiSN=K92UOkl11YSN`0M7jm1F[RN7gm1BbRN9bm1@fRNNeePY3
20220328035030Lh_2,dbXR1k0on1:G5MZOhQNIRm1FeSNa0Sm1DhRN>Wm1EgRN;Zm1EdRN;^m1CdRN;bn1N2Mdo1HjQLOhm15SRN2im1LYRN7Pm1CiSN`0km110O0000O1001N3M2N3Mg\Sl2
20220328035030Lh_3,YQ_c15jo110N1OCOPQN3bn1MWQN370_n1;`QNF`n1;_QNEjn12TQN0]o11O0011N2N1O3Lkn`[2
20220328035030Lh_4,jeP`28ho12N2O0O3OO000000O01O1O1O1O2M3MSQn10mnQN3N01O1NfXg\1
20220328035030Lh_5,WfV`21RP20N00000A0m00A000D0hPN0Yo10fPN0\o10aPN0bo10[PN0cQn22UnSMNUPN2no1N00iWk[1
20220523234912Lh_1,lZ][28fo14M1O1000O2O1N3M3LUom05fPRO6J4L2O2N1O100O001OO1O100M3L40O1O200O10O01N1O010O2N001O000O2N200O000010O10000O10000O100O2N2N101O1O1L6Jngh_1
20220523234912Lh_2,iUR]12kPX2OSoiM3K4O2[PNG_o1>N1000O0L5O10_RNOSk10mTN2Rk1MmTN6Rk1JeTN`0Zk1@eTNa0[k1^OeTNd0Zk1\OeTNe0[k1[OdTNg0\k1XOcTNi0]k1WOcTNi0]k1VOdTNj0\k1VOcTNk0]k1UOcTNk0\k1VOdTNj0\k1VOcTNk0]k1UOcTNj0^k1UObTNl0^k1TObTNk0_k1UO`TNl0`k1TO_TNm0ak1SO_TNl0bk1TO]TNm0ck1SO]TNl0dk1TO[TNm0ek1SO[TNl0fk1UOYTNk0fk1VOYTNj0hk1WOVTNj0ik1WOWTNh0jk1XOVTNh0ik1ZOVTNe0jk1\OUTNd0lk1\OTTNb0ok1]OQTNb0Pl1^OPTNb0Pl1]OPTNc0Ql1]OoSNc0Rl1[OoSNe0Sl1YOmSNf0Vl1WOjSNj0Vl1VOjSNi0Wl1UOkSNj0fm1O1O1O1N2M4NlNCgRN;Zm1GeRN8\m1IdRN4]m1McRN2^m1ObRNO_m11aRNN`m12`RNLbm14_RNIdm16S10VQNIlm16SRNMlm11SRN2mm1MRRN5kn11O1O1O2N1O101N100O100O10O10O0100O010O010O01O1O100O1O100O1O10000O010O10O010O0L4N3N110O10O10000O2O00001N2O1N2O1O0O2O1N2O0O100O1O010O10O01O1O1O1O1O1O1O2M201N102N001O1O1N3N00ZOiQNDVn1:nQNDRn1:QRNFnm19URNElm19URNGkm19VRNFjm19XRNFhm19ZRNFgm19YRNFhm19[RNCgm1<P1O1N10001O1O1N3N1O0O2O1O1N2NSi[U2
20220523234912Lh_3,lZ[[26ho1L5O10000100_PNOSo12>001N2WPNKeo154K[og06gPXOL3Ndmk20YRTM1001100igf_1
20220523234912Lh_4,f_mg22mo1101N2N10001N1O2O001O001N10O2M200N3NQm]51jRbJ9K1O2N2N1O2N101N10001O1O001O002N0000001O01O0001O0001O001O0000000O2O00000O101O000N200O1O10OO200O10O01O01O00100O010O010O1O00100O1M210O0000010O010O010O00001O0M3N3N011L30001N011N01000O10N20ON4N1O1O2N2O2N1O2M2O1O1O1O1N202L3M4KWe^j0
20220523234912Lh_5,lZUT31mo101000oo10QP60QPH0010O000000RP40ooK0Ve`j0
20220523234912Lh_6,n]eP24ko13O0001O0OO2O100\PN0Wo1OjPN0Wo1NjPN2Wo1MiPN3Yo1JjPN2Yo30ZPN2N1O1O001O011N10000001O001O01O3M12L1O2MVaTm1
20220523234912Lh_7,odUc27do17N100000O00100O101O001N2N2N01O005K2N001N2IChPN>Wo17N2O0O100001O1O1O1O0O2L4M3M2000001N2O1O00O0010O1O002N2NiZdY1
20220523234912Lh_8,P[QZ18go12N2O1@FYQN9gn1HXQN8hn1HZQN6fn1J[QN5fn1JZQN6gn1H[QN7Wo101O01O1O100O01O2N1O10003LO2O001O000O1O00100[O0YQN1dn14YQNLfn18VQNJjn1f0O00WOTQN?nn1\OWQNb0jn1^OZQN<Xd`c2
20220523234912Lh_9,lch`12mo11O2O0O100O010O1N2O10O01O1O1000000O1000O1O1N2O2N2N1O_\a]2
20220621185332Bh_1,_aPi13mo13M2N3M2N1O2N2N101O0O100000O1000000O101N1000[TNCfg1=VXNGjg1:RXNIog16oWNKRh16lWNJUh17hWNJYh16fWNKZh15eWNJ^h15aWNJah15_WNKbh15^WNIdh17[WNHfh19ZWNDih1<^3000O101O1N100001O1O001O0O100001O00000001O0O10001O1N2O2NfQNNgl10USN5kl1JoRN;Sm1FhRN=Xm1E]RNc0dm1AnQNh0Tn1`03N3L3M4K3L5L5F;G9Ib[QR2
20220621185332Bh_2,egdf03lo12N2YPNK]o1:aPNH]o1>01O000mPNF`n1:`QNG_n18aQNJ^n12]QNE28an11^QNH11J0fn17`QNHRo18oPNGRo18nPNGSo18;O1O10gPNIin18TQNLkn13VQNMin14VQNLjn15VQNJjn17cQNGQn1:mQNHRn1:lQNFTn1<kQNBZn1;h0N11N102N4K20OO00N3N1N2N3L3MhWgV3
20220621185332Bh_3,ghRY36ho15M2N1O2O0O101O1O6K01N2N1O3M1NgPNFnn19PQNJPo16lPNNTo1?001O1N7I2O1O001N100O2NZNKbSN5\l1MdSN2[l10eSN0Zl10gSNOXl12iSNNVl12jSNOUl10mSN0Rl1NPTN3Pl1JSTN5mk1JTTN6\l1KSSN6ll1KSSN5ml1LRSN4nl1LRSN4ol1KQSN5Pm1IPSN8\n1O01O100O100O10000000O1000VNFmSN;Sl1FlSN9Tl1HlSN8Tl1HlSN8Tl1HlSN8Tl1HkSN9Ul1FlSN9Ul1FlSN:Tl1ElSN=Sl1C`RN23O>;Pm1C^RN7OOb07Ym1LRRN0d03Zm1<eRND\m1<dRNC]m1=TRN]O13om1>PRN@10Rn1?mQNA2MTn1`0kQNBkn15b0N3MPWma0
20220621185332Bh_4,Ybfb18ho130O0OQOLQRN4km1OWRN0em10`RNO]m11gRNMYm12\1MdQNMPm10QSN4]n11O0010NQ][\2
20220621185332Bh_5,Uf``27fo14L5K20O1O1O1N2O1O2N101OO10000001O01N101O01O000001O0000O10010O00001O1O1O1O1O2LQ[o\1
20220621185332Bh_6,fXai17go13M3OO010O1O2M3N3Lno71QPH4L3O010O0001N2LcgPU2
20220621185332Bh_7,`_\P36io12O3L2N10000000O10000000000O2O00001O01OO100O102N001O1O1OXP:OeoE6M3N2N011N1O001O1N2O1N101O1O10O01O10O02N0001000O01000O00100O1O0010001OO0100O1O1O1O100O011N002N01O10O2N00100O1O100O10O2OO001O10O02OO0010QOgNUSNZ1jl1kN\RNM`0W1Tm1SOkRNn0Tm1ROmRNm0Sm1ROnRNo0Qm1QOPSNn0Pm1ROQSNn0nl1SORSNl0nl1UORSNj0nl1WORSNh0nl1XOSSNh0kl1YOWSNe0il1[OWSNf0hl1ZOXSNf0hl1ZOYSNe0gl1ZOZSNf0gl1XOZSNi0el1WO\SNh0dl1XO\SNi0cl1XO]SNg0cl1ZO\SNf0dl1[ObRNAf0T1il1ZOZSNf0fl1YO\SNf0dl1ZO\SNg0cl1YO]SNg0cl1YO^SNg0al1YO_SNg0al1ZO^SNf0bl1[O]SNe0cl1]O[SNc0el1^O[SNa0el1@ZSN`0fl1EUSN<jl1EUSN;kl1EUSN;ll1ETSN:ll1FTSN;kl1EUSN;kl1EUSN;kl1EVSN:jl1FVSN:il1AeRN_Ob0P1il1GWSN9il1GWSN:hl1FXSN:hl1FXSN:gl1E[SN;el1E[SN;el1E[SN;el1FYSN<fl1EjRNUO:V1ll1JTSN7kl1ITSN8ml1GSSN9ml1GSSN9gl1gNSSNo06:fl1lNoRNk0:<el1KUSNjNO[1^2eNig1Y1nUN2X2gNig1Y1mUN1Y2gNig1X1nUN1W2iNig1Y1oUNOU2lNjg1W1oUNMV2oNig1R1nUNaN3_1T2QOig1n0TVN4R2nNjg1n0TVN4Q2POig1m0XVN2n1SOhg1k0[VN1m1VOfg1i0^VN1k1XOdg1h0aVN1j1XOdg1i0`VNOm1YOag1n0\VNKQ2YOag1a2`XN`M^g1i0bVNMQ2[O[g1f0fVN0R2YOUg1f0kVN1Q2XOSg1g0nVNOR2ZOmf1h0QWNMT2[Oif1i0RWNMU2[Ogf1i0TWNKV2\Oef1i0VWNKU2[Oef1g0\WNKP2_Obf1e0_WNMo1]Obf1f0_WNMo1]Obf1f0_WNMP2]O`f1g0^WNNR2[O]f1k0_WNKT2YO]f1l0_WNKU2XO\f1n0_WNIU2YO\f1o0^WNHX2VO[f1R1]WNIW2SO`f1T1WWNJ[2mN`f1[1SWNHa2iN]f1`1PWNGf2fN[f1d1mVNFl2bNXf1h1kVNGn2_NZf1_3T3O002O0O_ObLcTN\3\k1gLbTNY3]k1hLcTNW3]k1jLcTNU3]k1mLcTNQ3_k1oLaTNP3^k1QMaTNP3^k1QMbTNn2_k1RMaTNn2^k1RMcTNn2]k1TMaTNl2^k1VMaTNj2^k1XMaTNg2_k1[M`TNe2_k1]M`TNc2_k1_MaTNa2]k1`McTN`2\k1aMdTN_2[k1bMeTN^2Zk1cMfTN^2Xk1dMhTN[2Wk1gMiTNY2Uk1iMjTNX2Tk1iMlTNX2Rk1jMlTNV2Tk1lMlTNU2Qk1lMoTNY2lj1hMTUN`2bj1bM]UN_2aj1cM^UN]2aj1eM`UN]2[j1dMeUN]2Yj1dMgUN\2Xj1fMhUNZ2Vj1gMlUNW2Sj1lMoUNR2oi1mMRVNS2mi1oMSVNP2li1QNTVNP2ji1QNVVNo1ii1SNWVNn1fi1TNXVNn1fi1SNZVNm1ei1TNZVNn1ei1RN[VNo1ci1UN[VNm1ai1TN_VNo1]i1RNdVNn1Zi1SNfVNP2Vi1RNjVNm1Ui1UNmVNk1oh1WNRWNh1lh1ZNUWNe1jh1YLlVNd1=Q2fh1]N[WNb1eh1_N\WNa1ah1QLPWN^2?`1`h1cN`WN]1_h1dNaWN[1_h1gNaWNV1ah1kN_WNT1ah1[LPWN\2>W1ch1PO^WNn0ch1SO]WNk0ch1aLnVN_2?o0dh1bLmVN20V2`0R1dh1iLlVN01R2>R1ih1eLiVNh2>b0kh1nLfVNX2?g0lh1nLeVNc00T1>Y1oh1SMcVN\2?lNDK]i1POaVNKOL060c1>AJKZi1XO^VNP2?kNJJ\i1[O[VN:0ZO10OW1>OLH^i1oNXVN112O0030;0V1?@ME`i1VOTVN30L021R2OSN?d0FTOb0a0\i1_OmUN41NO20X2?\Nc0ETi1CjUN21g2=nMl0\Ooh1MgUN10k2>hM\k1\OWTN0O7120MOh1?dNak1KPTNH010M0g1?dNkk1CiSN5M41JOa1a0fNTl1G`SNQ2=VNol1HgRNU1;QOam1h0`RNUOTn1OjTj2M]lUM0N2M3?N[o59YYk9
20220621185332Bh_8,laXT19`o18N200O11O2N3NO1O1O010O00000O001N1O2O0N3O1N2N2N^OQQN7mn1H[QN3bn1LcQN3[n1LiQN1Vn10lQNO[ON`n13XRN5em1L`RN1]m1OfRNOZm11hRNLYm14Y1000010N3K`^Yi2
20220621185332Bh_9,PiTY31QP20O010O0010002ao5McPL1moMO^PN0Ro10mPN0co10_P80QoI0a00QP20kng00PQTO1M1hQNN\n1000aoa00^PD0QPJ0jUmb0
20220621185332Bh_10,P]bf08eQh23kmYM5N2N3M2M4N1O1N3N100N200O100O1O100O1O2O0O102M100O10O010O100O1O1O100O1O10000O101N101O0O2O1O1O2M101O1N2O001N2O0O2O1O0001O001O001O1N101O001O1O001O00010O000001O00001O01O01N10001O1O0O2O000O2O001N2O1N1O2O003L2O1NML[PN4fo131MaS`4Lfl_K3M10O100O001O^OOTQN0ln11TQNOln11TQNOkn11UQNOkn11hP>1joA4`]Sj2
20220621185332Bh_11,]\]j25io13N000001O00ILcPN4\o1ObPN1^o181O3L4MJKdPN3Xo13hPNKXo168O2M4NnPN0Zn10bQN0^n11`QN0`n1OaQN0_n11aQNN`n12f02M1010O0010O010iPN0^n1ObQN1_n1OaQN0`n1OaQN0an1MYeZS1
20220621185332Bh_12,SUUh02mo12N10000000000000010O0iPNMcn12[QNOfn10ZQN0gn1OZQN0fn10[QNOen11e01O001O1O1O000O10O101L^Ph00doWO2O0O10O10000O101O0001N2O1N2O1N101O0O101O00000001E_PN5go1O10O01O1O1NZjZS3
20220621185332Bh_13,lbok12no10O2O000000O101OlnU31RQjL2O0O3N1O1O001O01N2NY^bo1
20220626185332Bh_1,dgno05jo14L3N0O2O1O001O001O0000010O01O0010O01O101O8H000O001O1OYRl22emSM1N2N2O1O0O2O1O001O0010O000010O000000000000O01O1O1O000000000001O001O001O001O1O100O1O010O1O2O0O101N1OoUWh2
20220626185332Bh_2,Sgll12mo12N100N3N1O2O0O2O0000001O000O1001N1000001O1O001N2O1O1O10O02OO001O0000010O0001O001NjPX21UogM101O001O001O001O1O00100O1O001O0010O01O0010O00010O10O10O2O0O2O01O1N2O1OO100O1O8GWWek1
20220626185332Bh_3,l[Ua11no12O1O000000001O000000000000000000000O10001O001O1O1O01O010O001O00001O00000010O01O000O100000O10000O1N200O010O001O01O010O00010N101O10O010O010O010O010O00100O01O001O2N2ObddY2
20220626185332Bh_4,gZaU16io11001O1N1O0000Yo55`PJ5L2K5N1N2N1001N2M4O1N2N3M2N4KTo95gPF3I6O10O3K7JPhPh2
20220626185332Bh_5,cUS[21no12N2O00000001O0O2Ojo;0UPD1O01O010O1O01000002N0001O000001O1O000001O001O1O01O01NcjTb1
20220626185332Bh_6,cXUn25io13O1OO101O1N11dPN0gn1OVQN5in1LTQN6ln1JPQN:Po1GnPN9To181N3BkPNLYo12;02N1O10]PN0To10jPN2Vo1OfPN3Yo11cPN1[o1:001N2N02M3M3C^OZQNd0en1;ZQNnN`n1o0:D<N2O2N1N2O2M6JlgXo0
20220626185332Bh_7,gbhj22io17L2N201N2O00100O10O1O100O010O001O001O001O1O001O1O1O1O2M2OR][S1
20220626185332Bh_8,i^lT29fo12O0O2N1O1O2O0O1O010OO2O001O1O0O2O10OO200O1O1O010O1O2N1O101NVPZ21ioeM2O1O0O1000010O1O101N2O1O1N4N0O0O01O1O000N100F`PN5ao1JbPN3_o1LcPN2_o1MaPN2f`We1
20220626185332Bh_9,nbfZ12mo12O1L301O2OF[PN8fo11O0100O001O00000000O11OO010O01JZPN1go1N`P^10eoaN2O1N101O00001O0000000010O00001N101O1Of\Sa2
20220626185332Bh_10,Tcli24ko11N2O1O1N2O000001O0O00O12NHIjPN3JO[o10dPN0ho140N200O2OfPNOfn10XQN3gn1NYQN1hn1NYQN1hn1OWQN1jn1OUQN1mn1NSQN1mn10RQN0nn10SQNOnn11QQNOfn11RQN08Ofn12RQNO7Ogn12bQNN^n12bQNN^n12h000O_PNOoo30ZoM0dPN0]o10bPN0_o10`PN1`o10]PN2co1N\PN2do15FHmPN7So1JlPN6To1KlPN4To1LlPN4ao1O2N001No\iR1
20220626185332Bh_11,YaYZ13mo13N1N1O1O0001O001O00001O001O001O1O1O0O`^^d2
20220626185332Bh_12,P\Qb11oo1000PP40PPL0QP20PPN0joc00]PZO0ho100000jo30VPL000VPN0jo10000000io10VPN0Tdf[2
20220626185332Bh_13,mbZY13mo10O100001NSPn0OioQO1\PNObo13^PNMao14_PNL`o11cPNO]o11dPN0Zo10hPNOXo11^PNOko130010OO2ORPb0Ooo]O0O1SPNOko131O001NWP<1hoC2O000001O1NRP:2moEO1OUPN0go114O10000000000000k\ea2
20220714185352Th_1,X\US21lo16H7L3L4L4M2N2O1O1O1O1N200O001N10O1O011N0O2O010O1M3N2O2O00O02OO001O0O1O10O11N0002O1O101O000O1O1O01O1000O1O101OO01ON2\OF]QNa0an1?1N2N2O2N201M2O2OO0O2O001O000001O1O101M3N2N1O2O0000O1O10O10O1001O01O00O2O1M3N4K7G\g`f1
20220714185352Th_2,kcoY25io13N3M5L0O3N001N2O0O100001O1O1N2O5K3L2Ngn[2L[QdM6L2N1N2O1O100O2N100O10000000001N100O2O0O100O2N100O2N10001O0O100000000O1000O1000O1000000000O100O1000000O10000O1O100N20]OWOoQNh0Pn1[OoQNd0Pn1_OoQN`0Qn1CmQN;Tn1GkQN8Tn1JkQN6Vn1JiQN6Wn1LhQN3Xn1OeQN1]n10aQN0_n1h01O010O001N20O01O10O010O001000O10000O010O10N110O00010OO20O0001OO20O01O100O10000O10O0100O00010O10O10OO2O1N101O1O1O0O2O1O10O01O_SNTOcMOYl1l0UVN[Oii1d0WVN_Ogi1a0XVNAgi1>ZVNBei1>\VNDbi1;_VNE`i1;aVNF^i1:aVNG^i19cVNG]i19bVNI\i17eVNI[i17eVNJYi17fVNJZi15gVNKYi15gVNKXi16hVNJWi16kVNIUi17kVNITi18mVNGSi19nVNFRi1:nVNERi1;PWNCQi1=oVNCPi1=RWNAoh1?RWN_Onh1b0SWN]Omh1b0VWNZOkh1f0WWNWOkh1h0W30O010O01O10O01N2O1N3M2O1M4N2M2O2NU`VW1
20220714185352Th_3,PiTm2f0To1;H6K6K4L4K4J6H8LgNiRNOTm1NWSNLel12cSNLZl13kSNMQl13TTNJik17ZTNHek17`TNG^k18fTNGXk18kTNGTk18oTNGPk18TUNGij19ZUNFfj18]UNH`j18cUNHYj1:jUNEii1f0XVN[Oai1j0_VNWO^i1k0dVNRO]i1m0fVNQOZi1o0l2M2N3L3H9K5N3N1OmSNJ^h16aWNN[h13dWNN\h12eWNM[h13iWNGYh19g3O00011O001OO1YSNN`i11`VN2^i1O`VN2`i1NaVN1_i1OdVNK_i14[3KYY]o0
20220714185352Th_4,XgV^23mo10WO1bQNM^n15f01N100PQNJUn18iQNJVn16iQNKWn15hQNKYn15fQNLZn14fQNK\n14dQNK]n15cQNJ^n15g00000000010O0010O0100O010001O000O10O10O10000010O0001O1O001O2OO2M4KfXi^1
20220714185352Th_5,VXik08eo17J3M2O001O0001O0000kPN]Ojn12QQNa05Afn1c0[QN]Oen1b0\QN^Odn1a0^QN[Odn1e0;10N102MFETQN8mn1IVQNMPo14=001O001O001N1001O0O2N10001O01O1`QNIVm19jRNFVm19X1100XQNGim19WRNMcm13^RNLbm14aRNIam16`RNGcm1;Q1O5J1MRiPQ3
20220714185352Th_6,ZeXk21cSl11em]NOinG1OOiM0^TN1\l1>ZRNB`m18iQN1a0G`m1OfRN4HLcn13]QNMbl10iTN4bNLhn13WQNMkn14a000O002Ofl7NXTJ0PoM10OO1O0O0K221201O110O1NXUX13ejgN9H8H2O2O0O010O01O1O2M3N2M3LZne1HoQZN6L0OO0O111O0010O2N1OF^PN6io1MSUgk0
20220714185352Th_7,nYdY13:No00ml15nQN2R1Mll1=USNDYl1LlRNc0k0AXl1NdRN1Nb0T1BYl1k0gSNVOYl1i0fSNYO\l1c0eSN]O[l1b0fSN^OZl1b0eSN_O[l1a0eSN_O\l1`0cSN@^l1a0`SN@_l1b0_SN_Oal1a0_SN^Oal1c0^SN]Ocl1c0\SN]Oel1c0USNCjl1ObRNHa0;nl1JeRNI;?Qm1GfRNI8`0Sm1HdRNH8a0Um1GbRNH9a0Um1H`RNH:a0Vm1G`RNH:`0Wm1I]RNH<?Wm1J\RNF>`0Vm15kRNKUm14lRNKUm13mRNMSm12nRNMSm12nRNMSm12nRNNQm13nRNNQm1HZRNIf0>ol1K]RNCf0b0ml1K[SN5dl1LmRNAIc0Zm1LjRNFJ=^m1KgRNKK8_m1LfRNMK7_m1JfRN1L2dm1BeRN>HNdm1CdRN`0IKem1H^RN=NIem1K[RN<2Gdm1NXRN;6Fam10XRN;8C^m16YRN6;B\m19XRN5an1J`QN6MDVn17mQN4NGSn14oQN6MGTn13oQN6MG1Jim19XRN7ODO0im14YRN80BN4hm12YRN9<G[m1h0dRN[O\m1d0cRN]O^m1b0aRN_O_m1`0bRN@]m1`0cRNA]m1?cRNA]m1>dRNB\m1=eRNDZm1:gRNGYm18gRNIYm14jRNMUm11lRN0Tm1OlRN2Tm1NkRN2Vm1NhRNF\OGO96LZm1=TSNGCNM1[m19TSNIFKK5Zm15USNLGEG13:Zm13USNM11jl11VSNL14hl11WSNK05il1OWSNL15hl1NXSNL06jl1LXSNLO8jl1IYSNNO7jl1HXTN8im1N2N2Nado`2
20220714185352Th_8,WbUc13jo15M2L3O1N201N1O1O1O100O10000O010O0100O1O2N1O2N2N2LSne4KTRZK3M2N1O1O100000O1O2N2MZoo1MkPPN1OORabS2
20220714185352Th_9,o^nn22lo12O2O0O11OVQNLhm15VRNLjm14URNNjm12VRNNjm12VRNNjm12VRNNjm12URNOkm11URNNlm12SRN0km11TRN0km11URNOkm11QRN3nm1NQRN3nm1OQRN0om11QRNOom12QRNLPn14PRNKPn17PRNCUn1=lQNBTn1?f01O0010O01O0VQN^OH1Rn1`0VRN@F2Sn1>WRN@F3Sn1<WRNBE3Sn1;XRNBE4Rn1:mQNC10O3Sn1:mQNEON14Rn19nQNFNM24Rn19nQNGML34Sn18mQNILL33Tn18mQNILL33Tn17oQNIJN22Un17oQNIJO11Vn17PRNHJ0O1Wn17QRNFJ=Vn1LRRNDJ?Tn1M[RN2fm1NZRN2fm1N\RN0dm10]RN0bm10URNGE8Rn15XRNEF4Rn18WRNEG4Pn18YRNDH4nm18ZRNDI3mm19ZRNDJ2lm1:YRNEK1km1:[RNEK0jm1;ZRNENOgm1<[RNE1Kfm1`0XRNF4Gem1b0XRNF[n12ZQNJ<1\n15XQNJ<0\n17XQNI=L^n1b0a00O001O000fPN_Og0Nem1i0XRNYOgm1h0WRNZOhm1h0URNYOkm1j0QRNWOom1k0oQNUOQn1;eQN06GTn18hQN13GTn18jQN3OFWn17jQN`0Vn1@jQN`0Un1AkQN?Un1AkQN?Un1AkQN?Un1BiQN?Wn1f0O001O1O001O010O01O00000]OmQNYOTn1f0oQNWOQn1i0URNPOlm1P1VRNmNkm1T1VRNjNjm1X1=2O2M3N001O\OdQND]n1:eQNE[n1;fQND[n1:fQNFZn1:gQNEZn1:fQNFZn1:fQNF[n17hQN_OMM\n12aQN87GPo13Yaei0
20220714185352Th_10,Vol`25jo12O0O2O01O00O101O00001O2N2N1O0001O001N2O1M3N3KQog14mPXN1O2O0O100O1O10O10O10O2O01O000000000O1O1O10000000O10000O100O1O1O1O1O10O01O1O002N2OoQWY1
20220714185352Th_11,fe^P13mo12N10O10UPNLlo16M001N8cPNDgn1<WQNDan1M^QN`00Bcn10\QN=on1ERQN7on1IRQN6nn1JSQN4]o101O00001000O2O000O10O100O1O1N2OWo1NkPN0nPN2Sn1LnQN5nn11O01O1NZYSm2
20220714185352Th_12,ek^P34lo1:E3N2VQN_OQn1b0mQN@Sn1`0jQNCUn1:nQNFSn1M^QN2`02]n1JeQN6So1O2O0O001N1O100OZO0]QN1dn10ZQN0[n10[QN27O]n12[QN040bn1N\QN2N4_o10001O1O010000O10OO101O01N10TOOiQN0Vn13jQNLVn15iQNKXn15gQNKYn15gQNKZn14fQNL[n13eQNM`n1MaQN3Vo10fNLhRN4Vm1KcQN2V12Xm10hRN0Ym10fRN0[m1OfRNO\m1OgQ`0OeSYk0
20220714185352Th_13,Uen_22mo13M2O1TQNJkm18SRNJlm16SRNKmm15SRNKnm13SRNMmm12VRNJmm15o001O010O0100000O010O10O10O01O1O10O01jPNIbn17]QNJbn16e00O001O2N2O00O2O4K1O2MVZ_]1
20220714185352Th_14,g_R_15jo12O2N001O001O0010O0100O11OO011OO101OO10O01O010O001O010O02OO1O011O1O1OO10000O00001O1O001O1O1N3N2N00UQV1OjniN4L4L2N3N100O1O2N2N101N2O0000001O001O000000000000O10000O10O100000000001O01O00010O01O1O2OO1O2O0O2O0O00001O100O101OO000101OO02N1000O01O00001O1O00010O000001O1O000O2O1O0O1000001O0000000001O0000001O1O001O1O00010O001N10000O2O000000O2O00001O0000000000O100000000000010O01O0001O001O0O1N2000000000000000O2O001O00O1000000O2O000001O00001O000001O00000010O001O1O00001O1O01O0000001O0001O001OO100O2O000001000O010O000100O0100O001O000O101O001O001O1O000100O010O1O1O00000001O010O10O0010O01O0001O00000000001O10O00010O0001O01O01O0001O01000O0010000O10O0001O00001O001O1O001O1O001000O0101N010O1O00011O1O00O10O10O1O0001000O00101N200N0011N1000O01O01O02OO02O000O101OO1O02N01000O11OO3MTQNSOgn1k0704L3]OlPN3_Zkg1
20220714185352Th_15,Ubbe11oo10RP:0noE1000O20O10ORO0kQN0Tn10lQN0Tn10lQN0Tn10mQN0Rn10oQN0Pn11PRNOPn10QRN0om10P11O0RQNOmm11TRNOlm11Q11SQNNkm11R1001000OVQNOem11[RNOem11[RNOem11\RNOcm11^RNOam11_RNObm10^RN1bm1O^RN0bm10^RN0in1000jN0\RN0em10ZRN0fm10U10TQN0im10VRN0jm11URNOkm11TRNOmm11R1O0001O01O000000000000QQN0nm10Q1000000000UQN0fm10ZRN0fm11T10VQNOem11U1O10WQN0bm10^RN0jn30no10jnK0^RN0bm10W1010O000000000O0100000000000WQN0bm11W1O10UQN0dm10\RN0dm10V100000N1[1OgN000000000oo30hnK0bRN0^m10Z10O0XQ20_mM0bRN0^m10bRN0hn50ooK0fN0dRN0\m10dRN0\m10dRN0\m11cRNO^m10bRN0^m10bRN0^m10Y100000ZQN0]m30YQN01000WQN0hn100000jN0\RN0dm10V10WQN0bm10^RN0bm10^RN1am1O`RN0hn10000000jN0\RN0cm10^RN0bm10^RN0am10a20gN000hN0aRN0_m10X10010OY10_M0ZQ40noK0000000O010O100001O00QP40PPL0PP20PPN0O10O0000QP40ooK010O0010O10O0000000000000000001O00010O0_QNOTm10^1001O01O00_QN0Rm11mRNOTm10^11O11N^QN0Um10^10O1000O00010O\QN0Xm10hRN0Ym10fRN0Zm10fRN0[m10dRN0]m10bRN0^m10bRN0^m11aRNO_m12`RNNam11_RN0am10_RNO`m13V10ZQNM_m14aRNL_m15_RNKfm10V10TQN0gm10XRN1gm1OYRN1gm1OZRN1em11ZRNOem13ZRNMgm12YRNNim1OXRN1hm1OWRN3gm1NYRN1gm1OZRN1em1O[RN2dm1N\RN2dm1O\RN0dm11\RNOdm10\RN1cm1O^RN2am1N`RN2^m1NdRN1[m11eRNN[m11eRNO\m10eRN0Zm12dRNO]m10cRNO^m11bRNO]m11cRNO^m11aRN0_m1ObRN0_m1OaRN1_m11`RN0^m10bRN0^m12aRNN^m13bRNM_m12`RNObm1O^RN0dm10[RN0dm10]RNOdm10\RN1dm10ZRN1fm1N[RN2dm1O\RN1dm1O[RN3dm1M]RN3cm1L\RN6dm1KYRN2SOLfn12URN5mm1ISRN7Pn1JlQN7Sn1LZQN134en1i01N10001O10OO11OO12M021O2OO1O0O1N101N2N2OO05L4K3M7I4LeYSf1
20220728185352Th_1,d_nj27go14M1O1O1N1O2L3O2N101O1O001O01HnPNARo1?8N2O0010O010O0O2O0O20O000O200N101OeQNCUm1<lRNFRm19oRNHPm17QSNJnl16RSNJml17SSNIml17SSNJll16TSNIml17TSNHll18USNGkl19^10mPNF`n1:_QNH`n18_QNJ`n16_QNL`n14`QNM_n13aQNM_n13aQNM_n13aQNN^n12bQNN_n11aQNOOHQn19QRNNMKQn17RRNOLKQn16TRNNJMSn15SRNLK0KKnm19]RNKJ1KLmm18_RNJI2KLmm19`RNFI5IMom17nRNKSONPn18kRNJVOMom19lRNIUONom19mRNH]m18cRNG\m1:TRNGKNQn1;SRNIKLRn1;SRNILKQn1<RRNKZn16fQNJZn16YQNF55bn14YQNJ32cn14ZQNL11en13ZQN9gn1FZQN:fn1FZQN:fn1FZQN9gn1GYQN9gn1GYQN9gn1GZQN8fn1HZQN7gn1IYQN7gn1IYQN7gn1IYQN7gn1IYQN7gn1HZQN8fn1HZQN7gn1IYQN7hn1GYQN9gn1F[QN9^n1A[QN0O59:]n1BZQNO139<\n1F[QNK;?Zn1FjQN:Vn1ElQN9Un1GkQN9Vn1CmQN=Sn1BnQN>KB]n1=bQNE]n1;bQNG]n19bQNH^n19aQNH^n18bQNH^n18aQNI_n17aQNI`n16_QNKan16YQN0fn10YQN1gn10VQN3in1c00O00010O001O1O1N2O1RORQNh0So1000JXOTQNg0kn18O1M300O0@ROPRNn0Pn1ROPRNm0Pn1TOPRNl0om1UOQRN?GCWn1ORRN;KDTn11RRN8LFRn13RRN6MFRn14SRNI62hm16hRNIYm17fRNI\m17cRNH_m17W1J^aUl0
20220728185352Th_2,YdU`22no1002]PNOF1Uo12mPNL3`0ln1_OPQN40a0Po1801L3N2O1O001OO2N206J3M2N3MgPN\OSo1g0mPNYOQo1i011M4O01001O1O1O1O1O01O003M0O010O010ON3O2N10000M3N2O1000002N2OJ`QNjN`n1=aQN50]Obn1=\QN5ln1>1HVQNZOkn1?[QNBfn1:]QNFdn18^QNGcn15h0Lf[P\1
20220728185352Th_3,Tako25jo12L3O2N2dNFPSN;ol1HmRN:Rm1FmRN=Qm1BPSN>ml1BRSNb0Sn14M2O1O1N2O001O01OO20O00010O0AYQNEhn1:_QNA`n1??100N11O0N3M3O00010O10000101O2fQN@Pm1d0jRN^OVm1f0eRN]Oml1N^RNi0b0ZOll1X1oRNiNPm1:cRN98^OUm18fRN93@Vm17iRN9OAWm17kRN8MBVm17nRN6KDVm17kRN]OLe02HWm16jRN@M?3KVm16iRNA0;2OSm16lRN^O1:22Qm15[SNFG4nl15]SNCH8kl1KiSNH@<gl1JbTN6^k1HeTN7[k1GhTN7Yk1HhTN7Xk1ImSN0B3bl1MkSN3hNMg01fl1NjSN9\n10O101O1N2N3M3M201aQNXOcm1j0XRN_O`l1G_SN4Gg08@Qm10dRNa0:_OQm12dRNg03VOZm15aRNe05VOYm1<hRN10CWm1=jRNOODWm1<lRNOMEVm1=mRNNLFWm1=lRNMMFVm1>mRNLLHVm1<oRNKKIUm1=PSNJJIWm10cRNO<7JIXm10dRN0;5HKZm11aRN1=1IMhl1G^SNk01@HOil1F_SNj02_OG1hl1E`SN6E8;LI0gl1FaSN1L93OJ1al1KWTN4^O0K0_l1J\TN3^OOJ3[l1K`TNO\O0O3Vl1NaTNMZO2O3Vl1MYUN0bN0Xl1MXUN4`NL`n15V`ji0
20220728185352Th_4,Xf\Y32co11dPN3Yo1OePN2Yo1OfPN3Xo1NhPN3Wo1NhPN2Wo1OhPN3Po11oPN3Po1?000000O101OWOSQN?nn1_OSQN0N9Po1ETQN2N7nn1GTQN205ln1ITQN214ln1IRQN423ln1IQQN532kn1JQQN086gn1KQQNO77hn10VQN2jn1MVQN3kn1MUQN3kn1LUQN5kn1KUQN5kn1KUQN5ln1JTQN5KDon16VQN7KCPo15UQN8KDon14VQN7LEon15RQN7OEmn1g0SQNYOmn1f0TQNYOln1h0TQNWOmn1i05000000100O2N1N10000000000001N2O00O1O100O1000CRQNGPo1LPQN142mn1LoPN242nn1KnPN253YYeb0
20220728185352Th_5,QjVc06ln13cQN3\n1O`QN7Un12hQN3Tn1_OjQN40a0MVORn14VRNe0ICMDRn14XRNd0JFjm1KZRNa0JEim12URNo0km1c01O1N2O1N4M1O0O0`NkQNQ1Yn1POkQNn0Sn1ROoQNn0Pn1ROQRNo0nm1oNSRNR1nm1kNSRNV1Zn12BgNRRNZ1lm1lNVRNn0im1TOcRN>]m1BeRN=[m1BgRN3]ODnm18fRN2dm1M]RN2cm1O]RN0cm1N`RN1am1OhQNN:2Pn1NdQN3<L`n1MgQNOVUcZ3
20220728185352Th_6,^[mb23mo100O2Ono30QPL1O4M0O101M2O1O1N1O10O2M2N1110OO101N110O1MXeZ[1
