filament_id,segmentation_rle
20110120105534Ch_1,WjPQ21mo14TPNNfo13ZPNMdo1431O0000001N11N1N02O0100O02O01OJJaPN8^o15IBjPNa0Uo15O010O1J52ON2O2M3oNoNQSNn0Tm1ROiRNh0XO\Onm1OiRN?B]Ogm16RRNL4OMb0Zn1DdQNL4f0Yn1EgQN;Yn1GaQN<an1H_QN3an1KaQN4`n1L`QNON_Odn1W1300O10O0001N2O0\OVQN3ln1IXQN6hn1JXQN6in1IWQN8in1GWQN9hn1HYQN6gn1FUQNK6>en1FaQN9_n1GaQN9_n1GaQN9_n1GaQN1GMfn13cQNNJNan16eQNKLN_n12jQN0HN]n13YRNLim14R1O1OU1NmN1dWej1
20110120105534Ch_2,e`Zi21oo12N1O3NO10O10O01DMhPN4Wo1NgPN5Vo1MhPN6Wo1:O10FjPNIUo15nPNMPo12QQNNnn13RQNLnn17QQNBUo1>700O101N1O001O10O01O01O1O0010000000O1O01]PNE`o1=1O02N1O1L4O100000O1O2^OdPN;bo1O2N00O0O1101O1O10O10O100000O2O00O100O10O1N2O010O10O1O01O01O00010N100O1O1O1O1001O01O001O0O2O000000W^[P1
20110130110334Ch_1,c_hd22lo14O2M1M3N3N1O6K01N10mPN^Ogn1c0UQN@kn1j010O10O1O0VOoPNf0Po1ZOPQNg05VOdn1V10kNWQNR1ln1O1000TQNoNhn1U1O1000O1jNWQNT1ln1OO5L0000O1kN[QNn0en1QO\QNo0kn10010O00O100UQNPOen1V11N1O3N2N15KO1N3NO00001O01O2M102N2N2O0000O1O01O0YOlPNc0Yo1O01O1N1O2O0010O2O0O4M0O01O01O1O00010O0000001O10O0100O1O000100000O010O1O10O010O100O101N10O010O1O1N1O01O1000001O10O01O100O02N100O010O0010O0N3N2N5L2O04L10N10O0100O02O00O01FjPNHVo17mPNGTo12b0Ld\aQ1
20110130110334Ch_2,gnnf21mo13O1O1O001O01O10012MO0O101O0001O000001O010O01000000000O02NlPUW1
20110214175414Mh_1,PZ_g2140M0\o1g0K1N100O1O1O1O00NO11O3N1000O2M210O0001N10O0010L5O0M4N1O1N3O010O010O010O10000O100O10O10O01O01O00100001O01O0O2N100O2N^gjT1
20110214175414Mh_2,_]X[23lo12M2M210M2N3O2LAdPN`0Vo1AlPNb0To16O00010O0oN[OgRNf0Wm1[OhRNg0Vm1\OhRNd0Wm1CcRN=\m1EcRN<\m1FaRN;_m1EaRN<^m1F`RN;^m1IWRNWO5P1dm1JWRNVO3;15em1:VRNXO2855cm1<VRNWO0895`m1c0YRNSO99]m1?USN]Okl1c0VSN\Ojl1e0WSNYOil1h0WSNYOfl1i0ZSNWOfl1h0[SNXOdl1h0]SNXObl1g0bSNVO]l1k0fSNQO[l1n0]1N1O3E:M3O3L3N1O1O3NO01O2Njcaa1
20110214175414Mh_3,QZ_g241M03PP2MSo50gQH0So50RoK0kQN2on13QOKPRN3Un1MiQN3Un3OkQLNXn12k0NQQN0Sn11m00PQNOSn10mQN1Sn1OkQN2Un1NkQN0Vn10jQN1Ro1Oao90`PF0`o50PQH0Qo70`PJ0O100O1O001`PNMRo13>OaPNNQo13nPNMSo12mPNNTo12lPNNTo12lPNNTo12=001O010\PNMZo12fPNN[o11dPNO]o12aPNO`o181N1010O0O1M300O02O0O2N101O0000001O01O010O00100O010O001O1O0010O010O01O02O1N1O1O001O01O0000001N10000O100O2O0O010000O10000O101N2NUgjP1
20110214175414Mh_4,b]j[22oo1O01O10O01SNNkSN2Rl1OXRNOc0041Pm10\RNOK0>0;2nl1OeRN0O0>2ml1MhRN1L0`02kl1MkRN0A2OOk03il1LlRN><Ehl1MnRN<;Gel1MTSN1WO5P1Mel1MUSN1VO3;15NTm1NVSNOXO2855LSm10YSNMWO0895JQm11bSNNSO2MO<ORm12]SN>VOD7LTm14_SN;XOE4LUm14`SN9YOH0KWm14aSN8XOJ1HVm15cSN8]OE\m11VSN:@DYm12WSN:@EYm10VSN<AGVm1LZSN=_OKTm1H\SN?^OKUm1G[SN?@JUm1GZSN>CJTm1JnRNb01DRm1JjRNd04ASm1LhRNc05[OYm15^RNa09XO_m15VRNKKc0fn1A^QNKNd0en1@\QNL00O=gn1HhQN5Xn1JiQN5Ro101G[PN3jo1NlP:0ToE1O2O000000010[PNNZo12ePNO\o10cPN2\o1ObPN2^o1NaPN3`o160000002O1N1O1O0010O0010O0000010O0001O000010O00000010O000001O01O00001O01O01O00010O01O00010O001O010O001O1O001O1MPPV1OQPjN3O0O2O1O1O001O00001O00001O0000000O010O100000000001O0000000001O01O01O000010O01O010O00100O00100O1O010O1O010O1O01O100O100O00100O01O00001O0O101O0000001O0010O000000010O0010O010O010000000O001O1O1001N10O00010O0001O00001O00001O000000000000000000100O1O1O1O100O1O1O1O001N2O1N3LZ`YS1
20110214175414Mh_5,jSaX24jo1201N10001O001O10O0001O0O101O001N2O1003L2O0N201N010O010N101O0O2O2NikZe1
20110214175414Mh_6,_^Xd21XPT10\o30TQL0XooN000ooM010_O0PQN0Po10?1001Ooo30QPL000O1001O00010OQP60PPL0ooM010QP40jP>0To]O0V`]U1
20110329082654Uh_1,cW_U13ko13N2ZPNIao1<16H6oPNXO^n1X1N1N2M4K5K5K4L3M7J2N1N2OO010YO`RNoN`m1`0dRNRO3;Ym1a0^SNTOdl1l0W11010O0E\QNZOfn1b0>N2N1N2O2O1N1O2O001O1O100O01000O10]idg2
20110329082654Uh_2,ZbhY12mo110O1011N1O10O00000100O1O100O010O01O01O010O00010O1O0010O0010O10O10O0100O10O01000O10000O10O10O10000O101N000100O01O00001O010O01O0010O1000O3N0O01O010O00010O0001O001O01O010O001O01O0000012M1O1O0O2OX\U`2
20110329082654Uh_3,m\]`13lo12O000O2N1O2N2O0O2O1N1O2O0O1N2OBgPN8Xo1HhPN<3_Oin14TQNK1h0in1<N2O100001kNYQNo0nn1N100O1O100O10004K2_OgPN7Zo1DkPN:_o1O0O10O11O0010O00010O10O00O100000O1000001O0000001N100000000O1O1000O01O100OdbP[2
20110329082654Uh_4,c_jR27ho11O0O110O3010N1N100O100000O0010O1O01O0O10001O00000O10O104L00100000O100O10005kPND[n1<]QNOGO[n1Z1dQN]NVn1i1N1O0OkNURN5nm1@[RN>en1N2F:M4Kd^Qj1
20110329082654Uh_5,]lX\22lo13N1O11OO100N3M200O7I3NO101N101N101O2N1OOO_PNE`o1>01O0010O1O10O01N11O1O0O2N101N5L10O4L4L02OO02N1O2N1O2N2N2N4M1O13K01O10O010OXQNUO[n1l0bQNVO_n1V1OO1O1O1O1N3M3AVQN]OYo1<8N0O2O1MjRS_1
20110329082654Uh_6,Z_fn01lo14N2O0N2O001OO101O010O100O010O100O10O10O0100O010O001O010O01O010O010O010O01O01O10O0100O100000000O10O10000000O10O10O100000O01000O010000O10O10O1000O10O10O1000O10O01000O100O10000O1O010O0010O10O010000O10000000000001N1O2O001O1O002N1O00000000O2N9Fiagi2
20110329082654Uh_7,RXeb21mo12N3N2O0O2N101O1O0O1000100O01BaPN:co1000O1O1O001N2O001O4L10N10001O0O0100O01000O10O01O1O0F]OWQNe0hn1]OUQN9NLnn1;SQNDmn1LQQNf0on160@SQNLmn14UQNAL7on18XQNEILon1?XQNEjn1<VQNDin1<WQNDin1=XQNBhn1==0000O2O01O00001O01O01O0O11N11O2O0O100O010O0100O1O1O100O100O1O01000O1O1O010000O2N2O3M0O1000O2N1O4K4L3N1N3O1OTi`V1
20110329082654Uh_8,aVbb12lo12O101N2N2_PNLSo1b0O1N2N5QQNSObn1Q1ZQNQOcn1X1O0O5N0ObNcQNY1[n1fNgQNY1Yn1fNhQN[1Wn1dNRRNT1_n1N6J001O1O1001O2N1N1O22L1O000000O13N000UOoPNf0Uo101N2N1O2000O1O1N3hPNAkn1j000;E0NhPN\OXo1b02BfPN7]o1IcPN1bo116O2NRhiY2
20110329082654Uh_9,\e`b15jo12N1HIfPN7bo1O0100O1000000O11O1N2O001O010O0000000001O001O0000001OO1001O01O00O100000O1000000O01O100O010O0001O00000000O1000000001O001N2O2N2OS[YY2
20110329082654Uh_10,UaRX12lo12O100O001O01O010O0010O010O00O2O01O0000001O0000000000010O000010O01O001000O0100O10O10000O1000000O100O2MVP41ioK101O0O2N2N2O0O11O2MR`kc2
20110329082654Uh_11,lQiU23lo12N20O0000000005L0O101O2NN3OO6K00002O0N1O2N0O3N2N6K1O01N1O1[OPQN8Po1FUQN8jn1GYQN7hn1F[QN:Vo101N1000O2OO020N2O0O100001O1O7I000002N1N10001N10O110N101O11N101N2L2N3Jhkle1
20110329082654Uh_12,nWab23mo11N1OOYPNMfo10UP20ZPL0ho10O010PP20ooM0001000O1001OO10OQP20PPN0V10cM0URN9gn12O3M3TO@RRNa0mm1^OTRNb0lm1^OTRNc0dn10VO]OWRNc0im1]OWRNc0Um1]OeRN05c0jm1]OVRNc0km1]OTRNd0Xm1\OdRN03d0Wn1]O^QNc0em1\OcRN0E13c0Zn1\OcQN1J0OO0g0en1YOaQN1Kk0nm1TOeRN1A0Mj0jm1WOjRN0]OONj0mm1UO^RN1L2KOM813[n1EkQN11MH552fn1JoQN4Rn1KoQN4bm1NnQNNSo14bPNL70Wo17fPNIL1]o16gPNMYo13gPNMXo13hPNMYo14fPNKZo1;kPNCln1<VQNCjn1<<1@C^QN<cn1D^QN4in1LWQN3jn1MVQN1ln1OUQN0]o10_O0SQN0mn10a00cPN0]o10O1101O\O0XQN0\o10[O0ZQN0Zo10PP20\o10ePL00000\Pd00eo[O1O20M0001O0O00000O0010NSifV1
20110408083214Th_1,^inb23mo12N1O1O1O00100O1O1O002O000O1O1O1O00OaPNB]o1?03L3N3N1O3lPNUOon1o0NO22M2L5M2O1^QNfN\n1[1dQNeN[n1]1dQNcN[n1b1O1O01O6K0003M1N1L4O1O6I3N0O100005LO1OO1O1M4_OPRNoNQn1P1QRNoNkm1JoQNV18nNjm1LnQN5Oi0cn1RO^QN41i0`n1TOaQN1Oj0an1UOaQNQ1_n1oN`QNR1`n1PO^QNP1cn1SO`QNb0MWOen15aQNd0`n1ZObQNe0_n1XOcQNi0hn11001000oMYOiTNf0Wk1[O`TN0^Nf0Pm1]O_TNj0bk1XO]TNg0dk1ZO[TN?kk1CTTN=Yk1XO_SNg0X11Wk18iTNIVk18cTN_OjNMcl1d0bTNSOkN425`l1d0`TNVOoNc0_l19`TNSOTOb0]l1<^TNTORO?al1>]TNKfk16ZTNGik19VTNFlk1:QTNHok19oSNGSl19lSNGTl1;jSNEWl1;fSNF\l1=SSNgN5l0hl1g0VSNYOgl1P2G:I7N1010O1000N20O1O2L6PMbSNS2fl1iM^SNS2fl1hMnSNc1[m1L4L6K<_O=D6M4N100O2OnX_U1
20110408083214Th_2,[`j\143Nco1<K3N2L3M5L3M2M]OYQN3dn1JbQN5\n1IiQN6Vn1HnQN7om1JRRN7mm1HVRN7hm1I[RN5em1J^RN6_m1JdRN6Ym1JjRN8Qm1IRSN6kl1JWSN6gl1K[SN6al1KdSN2Xl1OiSN3Tl1MlSN6Ql1JnSN7Sl1HmSN4Xl1LgSN2\l1MhSNK]l14i1M_`Ya2
20110408083214Th_3,[knj07eo1K\PN;_o1DaPN=`o12I>F5SQNTO_n1X1L3K<F3M3M3M3ORO_RN@_m1=iRN_OUm1?TSN\Ojl1d0ZSNZOel1e0_SNPOVONUm1OiRNT1an123I7MO4LQOZQNm0gn12202N2ON2OoNWQNn0ln111O2VOPQNb0Qo151L4N202M1000L4N2K5N3M3M2N2L22N2O11O00iNZQNU1hn11M02N30OM22N3M11O1ZOYQN1in1NWQN2jn1@UQN:26mn1DXQN;in1DWQN5_o1K[XiP3
20110408083214Th_4,Wk`W33mo101O^PNOVo10iPN2So12kPNNUo14gPNNYo1<M4N2K6L6J9F6J5K5HUNURNR2`m1;N01O2O1iM]RNP2Pn1G7VNiQN[1en1F9K5O4L3L2N9FnTcf0
20110408083214Th_5,affW23ko13I6L30110O01O001N2O0O102N1O100O0001O0100O1O0100O10O2N\Yaf1
20110408083214Th_6,Yidn14ko12ZPNL^o15_PNMao1900010OaPNFYo1`002N2031OM3M0NYOmPNg0Vo15SQNSO_n1g0]QN\Ocn1d0[QN^Oen1o02O2M1oNUQNi0Ro1O1O1M3M3N2OO01O21N1O10NcPN@]o1`02AaPN:do1J7MjTon1
20110408083214Th_7,oc\X35jo18J2O2M3L]OfPNb0Xo1_OhPNc0Uo1]OlPNc0Zo1O10O1H81OO2O03N4L5K01N3O001OO1N100O1O1O001N1O2M3N0O30O5KO001O20N1O1O5K20O1L8GeXed0
20110408083214Th_8,eXY]15jo12N1O1N101N01N01O2O2M2O0L52M2O1O001OM11O2N101O1000000O1O10001O01OO110O02N0010O000010O00000000O1001O01N11O010O1O0001O0O2O01O1O1O0O10O10O01O1000O1O1001O1O4L4L10jif]2
20110408083214Th_9,Ti\n15ko11OKWPN55LYo19ePNHZo13fPNK02Zo12hPNLM0O0]o12hPNOMO]o10lPN0co53SPLMPP20QPN000RP20RoM0dQN2DOjm10mRNOQO0dn10P21bo1OboM1oNORQN0k01Ro100OXo10iPN100a0Onn10aPN0d00[O0aTWo1
20110408083214Th_10,\^hR21no12O1O3N0`PNMSo12ePNL34Wo1OfPNM35Vo1NgPNM36Vo12gPN0Xo1>N1O2N4NOO0011011OM3N0O2O001OO1O10XOjPNe0Wo13N1N101O00010O01O010O1O2N5K2N100000N2O10000000O01O100O1O10000O4MO00001VOkPNe0Wo1[OjPNb0Xo131OO3N]OjPN=To19O_OnPN5Po1KTQN3ln1KVQN5in1JYQN5gn1JZQN7hn1D[QN;Vo1O2N3L\_[h1
20110408083214Th_11,^\SX12co11dPN1\o191OO1O0AISQN:ln1>O010O01O1O001O1N2N11O00O1O0O20O1O1000000100O2N1O1000O10OO2N20O011N2N2OOO2NM31O2N110O01JBhPN`0Wo150O001O1O1O1O10O10O00000O3NGDPQN>nn1CoPN`0Po17M310N0102N3L6J4L4M2NXONdQNO]n15aQNJ^n18aQNIfm1O\RN;MGfm10ZRN;0Chm11XRN=0@jm12VRN?[n1@fQN`0Yn1_OiQNb0J]Onm11YRNc0E@om1MURNNMR1lm1QOURNO0o0im1ROXRN1Ok0hm1TO[RN1Ne0fm1_O^RNLM<em1M`RNHK1om15VRNKMNnm11ZRN2Xn1OeQN2[n1OdQN1]n1ObQN1_n1NaQN2an1M^QN2dn1J]QN8So12N2OO1L5NEJQQN6nn1KRQN5nn1KQQN4Qo1LnPN0H0\o1OlPN0I1[o1OlPN1G1]o1OkPN5To1KmPN4To1KkPN6Uo1JlPN5Uo1KjPN5Vo1KlPN3To1MlPN3To1MmPN2Po1NePN2:0Qo12oPNNQo12oPNNQo13oPNLRo13nPNMSo12mPNNSo12mPNNSo12mPNORo11mPN0To1OlPN2Uo1LlPN3`o11DLjPN6So1LnPN3Ro1MnPN3So1MmPN2Qo10PQNOPo11PQNOon12QQNOnn12QQNNPo11oPN0Ro10mPN0So10nPN0Ro1OoPN0Qo10PQNOQo10oPNOSo1OnPN0So10lPN0Vo1OjPN1ao100100020OO10ObiP^2
20110424064534Lh_1,U]Sl05ko12N3XPNIao1<O2N101M4M2M2N2O1O2O0O0102SOVQN`0Vo1O1O1O0010O01O1N101O0O20O00O10O010000O010O02OO10O1000O1000O01000O1O10O0O\PNGdo19\PNGco19]PNHbo1<O2O0O001OL5N101N2O1N101MSado2
20110424064534Lh_2,cjZl12lo13N2N8G4N1O1O1O1O1O1O1OO11jPN@kn1o0K2N100O1O102M2O3L3N0003K4M1O001O001O001O001O00000O1O2N1O1O1O2L4N2N3M2O0O2OgPN[OXo1f01O0NgPN^OXo1b0iPN]OWo1f001O1O010O001O0O110ONlPNXOTo1h0lPNXOTo1j00010O01O0OkPNXOUo1h011mPN[Oin1S1L1N2O00iN[QNR1kn13UQNlNan1[1N2N1O1O2N2O0O01O1N101O1oNfQN9[n1FhQNC81Rn19R1M3N2N2O1O1N10lSUm1
20110424064534Lh_3,b^bh0:1J^o1=01O101N2N5K6J5L23I2100M8J01N3lNWQNl0ln121O1ROQQNi0Ro1UOoPNi0=^OPn1b0mQNHWn1LiQNa0JZOfm1ObRN^1mm11N4L6JQNSRNl1Rn1O10O1N3M4L1007I1N2aNZRN?im1]O[RNa0hm1YO]RNe0fn1H3M10000001002M101O00000O10O0001O1N2O2Nn\eS3
20110424064534Lh_4,k_XW16ho14L3N2N3M2N2M2N1O1000N3N101OO1]QN^Ojm1b0TRN@mm1?QRNCom1>oQNCQn1X1N2O1N6KPOQRN3im1J[RN6dm1I]RN9am1FaRNCC=km1OdRNAD`0gm1NgRN@Ea0dm1NUSN0jl1OXSN0WOBUm1=_SN7TOE]m11aSNi0]l1VOiSNe0Xl1UOnSNk0em1N1O1O2O00O2N101N2N2M2O001OYO\QN3dn1K^QN5an1IbQN8]n1GdQN:[n1EfQN<Xn1DhQN>Wn1AjQN?Un1AlQN`0Sn1_OPRN?Pn1@RRN>Rn1]OPRNb0in10O01O001O1O1O0010O1O0010O100000O10O10O0011N1N1000O100O4M02O0O2N1N1O02OO001O000000000001O00001O10O1001N1O0O2N1O2N1010O1M3M4L5Gn[Sa2
20110424064534Lh_5,j\ig14jo13N3M100O0O3M2N2O1O10O10O2OO01O2N100O1O00010O1O101M3M2O2M1O11OO011N1O1OO1O1000O02O0M4N1O1001OO1NoMUOSUNk0nj1XOnTNi0Sk1XOiTNj0Xk1XOeTNh0]k1ZO^TNg0ck1\OZTNc0gk1^OWTN`0mk1AoSN:Yl1FdSN:_l1F^SN8hl1HUSN7ol1GPSN9Sm1FkRN:Xm1EfRN;\m1EbRN;`m1D_RN=cm1@[RNa0Rn1a0OH[QNRO00gn1f0`0M4JafhS2
20110424064534Lh_6,n\ke151Lgo18O1O1O1O1O10000O000010O00001O00000000O010O0001O01M200020O0O0CdPN6]o1IfPN5Zo1KiPN2co1OEOiPN1bo111O0OPP60]oI0XQN0gn30ZQL0[o10QP20ooM0oo10PPN0100000TO0iQN0mm;0YRF0omg00mPXO0jo10UPN0Wm10mRN0dRN0gj11TUNOPk10mTN0Uk11hSNOC2hl1NbSN0A7Pm1I\SN0D1Ym1OPSN0E2_n1N`QN0Xm10_RN0Xo10=0cP41eoIOUP41doK0ao145L23I84L2MQfbS2
20110424064534Lh_7,ehd=9eo12N2M3E;K6K:G7D>G9H5Md0]O`MZSNi1MgM]l19QTNR2Ql1hMXTNT2ml11N11LZRNmMbm1Y20O1N2QNbRNW1Zn1I9_O?EkUi`3
20110424064534Lh_8,QZUh03lo12N2O2M2N<D1kPNZOon1i0PQNYOmn1m00011N1010O01O1N2O5KI]QNPObn1P1`QNmNan1S170YQNlNcn1Q1\QNQOjn1i0TQNXOon1k01O1O1O01UQNWOMNZn1j0gQNB\n1;bQNGdn1h0O0eQNiNmm12hQNQ14oNL0^n14dQNn0]n1nNhQNQ1dn100O2O1N0QORQNm0Ro1O00nPNWOPo1NVQNb0Uo1O11O001NIfPNIZo16fPNKZo1>L\OmPNa0So1@lPN?Uo1AkPN116To1OQQN0kn10]QNJan17`QNI`n15cQNI@4cn13mQNK\O4hn10lQN6Sn1JlQN7Sn1IlQN8Un1IbQNLH<gn1H\QNJ0a0gn1I[QN2JDmn18\QNGI50Kln18`QNLDMmn15aQNLBOnn14aQNMAOmn15cQNK@Onn11QQNOe01_n1OcQN0Wo10QO1lQN1Qn1OPRN0Qn1OQRN0om10QRN0nm10RRN1nm1ORRN1\n1OWQN0jn10UQN1kn1OTQN1mn1ORQN1nn1ORQN2nn1NRQN1nn1ORQN1nn10QQN1on1OoPN2Ro1MnPN3So1MlPN1bo12DMiPN1do10DOgPN2Yo1NgPN3bo10100OFNfPN3do1OFNfPN2fo1N010O10PP20PPN000O100EOfPN1eo11O0CNjPN3`o1MVPN3jo1MVPN3io1MXPN3ko101O_ONSQN1^o10mo11eoMNkPN1co1OF0ePN0]o10910OSafo2
20110424064534Lh_9,VacQ23lo12N101N1O1O3M4N3L2O0O2O0O100O2OO1\OjPN=`o1K3N5F]^Rm1
20110429120534Ch_1,ldRS26ho13N2N1010001001OO02OO01O2N01000O010O0100O1O0O10000001O10O00001O01O001O0000010O0101N00001O2N2L4M7I11O000O3M4M2N1N10001N2O000O2N100O10O10O01O1O2O0O10O0001N3M101O2OO;CVXgg1
20110429120534Ch_2,U`fn22mo1101O2O5J6J7J2M1O2N0O2O1O01N2KoPNYORo1f041OO100010O010O01001O11OO101OO000O1O001O001O0010O010000000O2N20001N1N1O10000O1O2N2N3L4M3M33LOfN\QNQ12POdn1X1N100O02O1kN_QNh0mn11000O102OOO1O00O01O005L0O001O001O1O2MU]gk0
20110429120534Ch_3,_^Q^23jo15M2O000100O0001O1O1N2N2N2O0O10001O0O01O00O2G^OSQNc0ln1900O02OGSO_QNm0_n1VO`QNj0_n1XO`QNg0an1[O[QNd0gn13`MUO[VNi0fi1]OTVNd0li1@nUNb0Rj1ChTNBBS1gk1_OoSN_O1l1Rl1jNfSN\O5k1Yl1[15M8G5QO[SNYNjl1f0iRNPO0c0c0Efl1`0USND9Ihl1<VSNB61fl1;VTNDkk1:WTNDlk1:UTNDRl16n1N1Nicf^1
20110429120534Ch_4,ccb\22no12SPNMio16O1O3N4K2N0M300ON301O0IbPNM_o10bPN1^o1OaPN2_o190O1N1O001O3M1O1O010O10O01O000001O001O0001O0O10010O1O011OO001O1N20O0100O2N02M2N3M2Nb[i_1
20110429120534Ch_5,Znl:1ko19WPNKQo12QQN=ln1=O3N3M2M2N2G9M10O1O2N1O1N2\OeQN_O_n1`0?10O100O10001O00K5010O10O001O101O0O101O1N2N2M2N2O1O1O1O10N101N1N3M2G8M4O101O2N1O00O2O0O2O0O00O200O1010O000O2N101O001L3N1101O0001O0101O00001O1O2M2N1O0010O02M3M3LTODZ13O002L2H8M3M2gPN\OTo1e0PQNBdn1<`QNE_n1;bQNE^n1:cQNE\n1>eQN^OXn1h079I7J4L4O1000O01O01001N2O0O1O2O001N1I8L3K5L5H7M3N2N3J5OkN^SNoN`l1P1iSNjNQl1Z1UTNcNjk1[1ZTNcNek1]1^TNaNbk1^1bTN_N]k1a1iTNYNWk1g1QUNPNPk1i1f1L4N3O0O3M3L3K6M3L3O3M4K5E:M4M`YmZ3
20110429120534Ch_6,kida02fo1O`PN2^o12]PN3`o1<I_OiPN5]o1KfPNN^o165KRP4ORPL0001000lmQ11RRnN010c3OkK1VQNOhk11jVN2XMNnk1OSWN2fL1Ul1NYWN3hh1Le3010`Q20]nM0cn52_QJ1O2O13L10O3L000000MdYcZ3
20110429120534Ch_7,dXkd13lo13N2M2O1O002N1O0OM4OO1M3N3N1L5H700OMRQNVOkn1d0;0O3N01L5G7N4O1N2O00O14MViTY2
20110429120534Ch_8,ecVR23ho17N002N11O5LM3N3\QNDdm1<n00001O1O00fPNEK0on19QQNH3Omn1>UQNBkn1<VQNDln1:>0gPNGkn18VQNGjn1:VQNFQo14nPNLRo13nPNNVo1OiPN1co1OE0gPN0Zo11dPN0\o1OePN0\o10e00]o10aPL0]o10dPN0\o10dPN0\o30ePL0eo10C0iPN0Wo10iPN0Wo10iPN0Xo10gPN0Zo10fPN0eo1000D0^P20YPL0eo10E0ePN0[o10;00001ZPNOgo10D0;0=0Xo30YPL010PQ80[nG0^Q80XoG0PP40PPL0O0F0ePN0[o30ePL0Zo50[PL10O10O0_PN0Ro10oPN0jn15a0OiPNLcn15^QNKan15e0123XPNG40Ro10WQN1\Wgg1
20110429120534Ch_9,ie\n22jo15N2O2M20001000N2O0O001O1O11OO10000O10O1O2\PNJ[o1=000O2O0O101N1O2N1O2O00001O000000O001N200O100000O101O0O2O001O00000Oko70TPH2O100O1O010O00100C1hPNOWo1>O1O01O0M4M2F;O1O01N1O20O010O011O000OoZok0
20110429120534Ch_10,hbbf25ko14L3N1O0O3OO0O2O5KO02O2M11O1N1N3N100O100001N102M01O100O1N1O2N101O000100O1O004L1O1O010O000000O10000O1O010001O001O00010OO2O000001O010O010O002OO01O0O3Nm[gT1
20110429120534Ch_11,cgnP14ho1306F6N12010O12N0NO2O11N2O000O10O9F4jPNTOPo1X1F8PRN`N[O1km1]1ZRNoNhm1a15WNPRN[1`n1Jf0YO:F6HoUYm2
20110429120534Ch_12,S[[m05go14O1000000001OO1OO2ON201O1O01O0011K4O1O00100001N01O10000O10OO10001O0O200L4O1M3O10N2M4N001000N2M4N2N1000M4XORQN;\o1O0001O14K2M101N2OO02O0O1OWe^n2
20110429120534Ch_13,ie`^17ho12O00000011ON1N3O00001O1N100011N3M100F\PN6io1O0O10O10000000O10000O0100O10000O:G00002NO2O0DcPN3]o1LfPNa0kn1^OVQNb0kn1]OUQNa0Vo1O1Njo1APZY^2
20110429120534Ch_14,f\[k02eo?3]P@Leo181O0O10O1O1JIcPN7]o160001O00NOCcPN=\o16M1N0O2I[OQQNh0on15O01YORQNL45_n1O[QN1?OVn1:kQNEom1LeQN==Emm1LjQN?9Elm1LlQN?9Clm1NkQN?8Dmm1MkQN`07BF0om1NTRN`0MA02O0Pn1MTRN`0JE5KM4nm1NURN3MOM1>Ocm1MVRN2O0b00Ym1MURN24Ogn1OTQN1Zo1OhPN1Xo1OiPN1Vo1OkPN1To1OlPN2To1NkPN3`o11DLmPN2ao100O0O200000O10O10]O0VQN1in1OWQN2[o10\ONYQN3Yo10001O[ON]QN1Zo10YOO_QN0Yo10SO1iQNOUn10nQN0ln50[oK0b10XO000TO1gQNOVo10PP20ooM0N2XO2\QNL@1[o1OTQN2mn1NSQN2mn1NTQN1nn33bPNMQP2OnoM1N011N1O10N\e\n2
20110529063154Uh_1,Sc_`13lo12N2O0O2O1O001O1O0O101OO10O2O001`PNA]o1a0010O11N1O1O00N30O101N013L100O100O1000O10O100O101N1000O01001O1OO010N2O1001O0O01O01O0TOoPNj0Po1VOPQNl0mn1UOTQNj0ln1VOTQNk0Po101OO2N101N1O1N3O00100O01000O1O100O101O010O001O00O1O21N0000O0010YQNhNdn1[10O10O1000O010O100O100O1O101N2OO010O01O00010O0000100O00100O1O1O011N100O1O010O1O1^OmPN5So1IPQN7Po1GRQN8Po1DRQN=Yo1O0001N10001O001O001O001N1O2O0O2L3O2N2O0O2O02N01N101O0O1000001O0001O001O010O00001O1O0001O01O100O1O0001O00000000000O10O1SOQQNi0Po1UOQQNk0Ro100O10O0100O10000O2O001O1O001O001O0O10000N3KaPNG_o19bPNF_o1940000000O10O1N20000I[PN3jo1OO000N1101NUZ`P2
20110529063154Uh_2,Pcdi13ko13O1N1O0100000O10001O2N1O0O2O2N1N2O001N2O0O2N2O0O010O10O100O0010O01O0010N2O00100O010O01000O0100O100O011O0O0100000O1O1HkPNDUo1<8O1O2M2O2Ng]WR2
20110529063154Uh_3,^`W]26jo11O10O01O002N10O01O0O10001N1O2O0O011O001O01O01O001O1O0000002N0000100O0010O00100O1O10O1O002OO01N10001O000000O10000O1000000O1O0\OiPN=Zo1DfPN<Uo1:jPNXOTo15lPN<Ro1_OPQNg0Po1500O010O100000O100O2O1O0O2O0O100O100O1000O0100O01O10O1000O01O010O100O100O100O1O100O1000000O2O001K4O1O2Nk_X[1
20110529063154Uh_4,mbcS21no11O2O2N1O001O1N2O1\PNG_o1`0M0O2O1O1O2N2N2N2N100O2O1N5K2O000O01O001N101O1O1N2O001N1O10001O0OFUOaQNk0_n1VO`QNj0`n1VO`QNj0`n1WO_QNi0bn1VO]QNk0cn1VO\QNj0en1VOYQNj0hn1WOVQNj0en1SO]QNT1bn1lN^QNT1bn1mN]QNR1dn15O100JgNdQN8Ng0bn1ZO^QNf0bn1ZO^QNf0an1=0000BeNVRNY1HeNRn12VRNX1mm1jNQRNW1om1jNPRNV1Pn1kNnQNW1Qn1kNlQNV1Tn1;0000000O100O1N2O101O0FeQNnN]n1Q1dQNnN\n1j0dQNQOO034Zn1k0mQNUOTn1i0nQNUOSn1j0nQNVORn1c0VRN[OBOQn1c0hRN@Wm1<kRNFVm1NiQN3R10_m1JaRN7cn12N101N10000000O2O000O2N2N2MjlQ3OZSnL00O0100O20O00O01NZP20goM0000000I1]PN0ao11^PN0co16001O01O010O01001N1O0002N000JZPN1ho1NYPN0<0mn10VQN1in10VQN1jn1OUQN1kn1OoPN0J1Wo10mPN0LOYo10iPN41LRo10lPN62I\n1OSRN3^O53I]n1ORRN2^O63I]n1OSRN2\O63JUo1;kPNEWo19iPNG_n1NSRN;]OGan1NSRN:\OH`n1NURN:ZOHbn1NTRN:YOIcn1MURN:WOIdn1MURN:WOIdn1MURN<mm1ESRN:nm1FQRN:Pn1FPRN:Pn1FPRN9Pn1HoQN2[OOfn1OoQN1Yn1OgQN0Yn11gQNNYn13fQNNYn13fQNM[n12QQNM=5bn1MRQNN<4[o1KWPN3Vo1M[QN5^n1KhQN5Ro1Noo?MVP@0Vo30iPL1001OgPN0bn10^QN0bn10]QN1cn1O]QN0cn11]QNOcn10]QN0dn10\QN0cn11\QN0dn1O]QN0cn10^QN0bn10]QN0dn10\QN0cn11]QNOcn10]QN0dn10[QN0en10e01fPNOen11e00ePNOfn12d00ePNNhn12d0OcPNOjn12UQNNkn13UQNMkn13TQNMmn13?1000001O0O2_PNIVo188101N2N01O1J]PNNdo160O20000O1M301NX``Z1
20110529063154Uh_5,hilU32oo1OM4O000O101N101O00000O2O0000001O00001O1O1O1O1O000000000000O100O10O10O100M`PNEao1:3M300O1000OO2O1000O011O01O001N2N^Vef0
20110531070514Th_1,VcZg01no14M;EO21N01O00O2M2000101N01O1N2N101O1O2OO0100O10O10002M4M2N4M1O110N2lPNUOPo1n0O12L2N101N2N1201N1OO000OO11N2M2O1N2N2N2N101O0010O000LGbPN8\o1JdPN6[o180000O11000O2OO010O1O1O100O2O0001O001O1O1O4L1[QNZOmm1`1MO2N1O1M3H<PO]QN5bXkR3
20110531070514Th_2,UcYS21no18I4L1O100O1O2N1K^OhPNe0Vo14O1mPNXOln1o00O101N10O010O010OZOQQN=nn1@VQN?ln1]OVQNc0jn1\OWQNd0So101N2O0O10O2M2O00100O2N2jPNXOPo1n0N1O1O1O0O1O20O104MO0000O1O10O001O1O0O101VQNmNen1T1ZQNlNfn1W10O110O2N2O3N0N1O00101O0O01N1O1000100O10O00000010000O1O00O1000010O01O2N1OLVORQNj0nn14O11O000010O200OO1O1RORQNh0So10O2N2O2NROQQNl0Qo1NoPNWOon1i0QQNXOnn1h0RQNXOln1o0N3M3N2N2O1O1O1002N4LO2NhN_QNR1gn100lNYQNP1nn1M7I3N0000O0100O0001O0001[OgPNa0\o11O001O1O0O3NMiPN_OUo1f0000010N2O1O001O06J1O10gPN[OUo1h0010O0010O01O01O001O1001N3L101N10100]OdPNa0]o13M1O01O001O1O001O3M1OO1000O2C`PN8eo1O000O1O2OeXR`1
20110531070514Th_3,eZVP17go16K3L3N100O2O002O1hPNYOTo1j01O1010N4L4L4M001OO2N00021N0mNWQNm0nn10VQNSO`n1W14JZQNUO[n1X10O3M3L2N2M4L3O10O7I1O201N1M2O1O2O1N000bQNcNZn1`13N2M2O1\OaQNDan1;aQNCan1<^QNDbn1m01O001OfQNmNgm1S1XRNoNhm1Q1VRNTOgm1l0WRNUOjm1l0SRNUOnm1n0mQNSOSn1]1mQNZNmm1n1OgNVRN<hm1@]RN`0bm1^OaRNb0^m1[OeRNe0\m1YOfRNg0Ym1YOgRNi0Wm1VOiRNl0Vm1TOfRNP1[m1oN^RN9M7fm1^OXRN?46`m1[O[RN:0@7P1Ym1TOaRN:1B7o0Vm1TOdRN:OC8n0Vm1SOfRN;JD<n0Tm1PORSN9Kg0nm1QOTRNn0`n100O4MO01O01O2O3L2O2N1O2N2N2N5L10K3O2005]QN_NZn1c1100O2N1N6J2N3M2M4N3L3N1O1O10O00O2M<^Oj_Wh2
20110531070514Th_4,kY]h05jo110000O011OO1000O1000O001000001O0O10000O10O100O100O001O001N101M101J7N1UO@TRNa0lm1O`QN6^n1d0104L3N2N2M1O0O4@?J7N1N10101000ONYPNMho11bhRT3
20110531070514Th_5,Pbb\14lo12N2O1N8I13M2M0100001N10O002O10O3ONO00010O1O0003M5K3N2N7G2O2N004L21N1N3mN\QNb0Vo1J5J\[o`2
20110531070514Th_6,]ch\23lo1104L2N2N00000000O2O01OO2O00001O0000000O1001N001N2O1O2N1000O001O1O1O10O10O2O000O1000000000001O0000000000010O0001OO100MYPNLho13210001O0000001ON2N4Nmo13PPNO1000SP81moGO1O00lo30YPJOco16[PNKdo19O1M202O1N1O2N10001N101O000IZOSQNh0jn1[OUQNe0jn19O1O1O00N2M4O1O10000000O10O10O0OO3L4I6O2M3O001O1G]PN5do1I_PN4go1O101Mf]mZ1
20110531070514Th_7,fZTP14VP4MkoM0O0O0[O0eP60QPJ0iRP12UmoN0`n1NdRf21lnWM0O2O001O101NO1O2N1ORc]j2
20110531070514Th_8,ScQe22no15J1O2O1N1O101O00100OF`PN4`o1KbPN4^o1LbPN4]o1McPN3\o1OcPN1\o1;O2N10O1O001O002NbPN@]o1b0O0100O01O1O3NO00000O2O0000001OO20O01O001OO2N1002NGfPNMYo13gPNNXo1=OGlPNHTo17mPNISo17mPNHTo17mPNIRo18mPNITo16lPNIan1OjQN7EKan10hQN6EJ\n1KhQN665DLYn1OlQN06>nm1DlQNN5=om1HjQNK6>Pn1IhQNI8=Qn14nQNKSn18jQNGXn1:fQNE\n1;cQNC_n1=aQNB`n1?_QN@cn1m01O1O2O0O10000O10000O1O1O2ROWQN70JVo1OoPN1`o101O001O001Ni\TU1
20110531070514Th_9,S[`P11PP20O201OM\PN1_n1OZRN4fm1MVRN5jm1LRRN7Pn1IPRN7om1HURN7im1H[RN5dm1K`RN4]m1McRN4\m1LeRN2\m1NcRN3]m1NaRN4]m1LcRN6\m1IfRN6Ym1MeRN6_m1I[RNNSO4dn1L]RN2em1NY12NO0O0ORPN1mo13OO1OUQNOem13WRN1gm10XRN2fm1OZRN2ZOHQn16lRNLQO2Rn10nRN9Um1CmRN;Um1ElRN9Tm1GmRN9]n100O2O1N01OKZPN0jo12O0O100]O0UQN1kn11SQNOnn10RQN1^o11O2N1O2N2ON2N3M5Kbo32YPL5M3N101N10O0M5HPQN0Vo12IK`PN7]o1KcPN7[o1IePN8[o1FePN301_o1OaPN2]o1NePN2do11O1O4LN201N3M\P4LbQ:1XnA0YP6OfoI1N2N2N1O1N3O0ROGTRN:mm1GQRN9Qn1FnQN:Rn1GmQN9Tn1GlQN8Tn1HlQN8Un1GjQN:Wn1FfQN<[n1MSQN;on191O2N2O:E5L7Ijo51TPJ12MZPn10goQN2M10O1O10O001O1OO3MUP83hoG5M00O1N4LmRT20TmkM2N25L2Nl[ga2
20110603123034Ch_1,\clg11mo14UPNMdo19O0O2O0O1O2N2N2O0N4M1O2O000000001O01N1000000O1000O1O2O000O101O000100O01N2O1N1O2O001O001O0001O1MUQNoNkn1Q13O001O0101O1O00O100O0001O1N2O2O02M2O1OO1000O1O2O1O1O010N1O2O0O100012M15J1O1O1N1O1OPQNAan1=XQNNen12WQN2in1OTQN3mn1?101O1N1O0O2O001N10010O2O3L2O0O1O2OO1000O100001N100O100O2N1O0000O101O001O1O1O1O1N100O2M201O01O10O01O100O0100O1000O001O001000O1O0100000O10O1O1O100O010O001O10O00100O3O0N100O010O0010O01O1O1O1NVYWl1
20110603123034Ch_2,hjZe03lo1=D2OEbPN49Ghn14oPNe0on164L1O002O0O2OO01O3N2M2N100O0000O3M:F3N00O2M3M3O3M3N10O0O0O2N1O2O43JON3L4N1O01O1O001O1O01O1N1O2O2N0010O010O1O101O01O000O2M2O2N01O1002MVRUV3
20110603123034Ch_3,Y_Zh01no12O0O1O2N2M201N2O10O01O1O1N2K5L6L4L2O2N0101N1O1N2O002M01O10000O1NSORQNg00ZOmn1n0O2O10000100O1O1O0MSQNSOmn1m0RQNTOon1n00O2O1O1N2O1O1O2OO02O3M00O2O0O2O1O023aQN^OWm1P1TRNUOlm1_12N3M4L2L4L3AaQNXOdn1c0?D<N2M5Kg_kR3
20110603123034Ch_4,mYal11oo11TPNOgo16N100O10O1N21N0100O0001O001O1O1O00O200O0001O0O1XNJgSN6Zl1KcSN6^l1K_SN6cl1KYSN5kl1MPSN3Rm10hRN1Zm10bRN0am10\RN0hm1NVRN2kn11O1M3I5O110001ON12O00K52N2N2N2O2M2O00O010001N2OOO20O0100O100O00101N2O3L4Mghnn1
20110603123034Ch_5,R[`i1232co18M2O1O2M2ePN@To1k0K1O0001O000000001N100001O00LoPNYOQo1e060O110O001O10O001O1O1O1N2N8H2O1N1O1O`PNLUo14lPNLSo15mPNKSo15gPNK_o16^PNNao190O103MO2N7H2N4M4L1O01N100O2O00001001OO0O1M3O1O101N10dPNAWo1?iPNAWo1?iPNAWo1>jPNAVo1`05000O100O2O001O0O001O1O1000001O00000000O1001O001O1O1O2N3PQNQOjn1T1XQNnN_n1\1N2NO2O1N1N2O000000001O2O0O1O2N2N1O1O0000001JSQNVOnn1j05O1OmPNXOQo1f0mPN\OTo1h000O001O00O1100O10114I2O0O1O1O1O00000O101O011N010O05K10O010O00001N102N1N10000000O101O2SO_QN7bn1G`QN9`n1F`QN:an1E^QN<:^Oem14oQN?<@em1NnQN2L:`0Imm1;VRNGim18kQNA17Un1e0hQN]OXn1c0fQN^O\n1LaQNk0`n1SOcQNk0bn1nN`QNR1gn11O0O10000001N1O1O2O0001O1O1O01O1000O1O3N1O00O1O10O010O10O01O001O10O011N1O1O2N1O010O1000O10O0000100O0O2N2L4O002N3M2N0001O1O2QQN^O\n1c0bQN@\n1a0bQNB\n1?]QN[OO`0\n1R1N2N0O0001O0O2N101N2N1O2O1N3N2M3M2M4C>BcPN1h_ae1
20110603123034Ch_6,_dXS15jo17J2ON2100OO1N11O1M5L2cPNDSo1h0L4M?C3M04aNjQNQ1an11N3NjNZQNQ1nn12I5:CO000a0_O1N2O0002N1N:G7I0O11O1O4L1N106I2N1H_PNNbo1OaPNObo1421O2N01O1M3LTW_i2
20110603123034Ch_7,jYYV12mo14G6K6M2O1N3K4O3K4IoN[QNS1bn17OBaQN]O]n1d0eQN[OVn1c0gQNYO04Yn1c0iQNYOL4[n1d0kQN@Vn1`0lQN[OVn1f0kQNWOVn1j0lQNSOUn1m0>1O^OYQNMgn11]QNGin18?01O0010O1O1M3M3O1O10000010N2O001N100O1000O1001O001N1010O0000000O10000001N2O100O1O000000001N10O1001O01O001O00100O0100O01O100O10O2O001N1O1O3M2NWgfc2
20110603123034Ch_8,S[]S25jo11O10O101Nbn1N\QN6M100000O2NT1KhM7]RNL_m17`RNJ^m17bRNI^m17cRNH]m17eRNHZm18V110ODImPN;So1CRQN;fn1FbQN8`n1FbQN9So1O000000000000N3O10O2NO1O10O1O101O1N3N01O10M31Qh^i1
20110603123034Ch_9,^Z]U15ko1001N101N100O0[PNIco1=K200LAfPN`0Wo16L2KWORQN01e0So1\OQQN?ln1@ZQN?Uo1M2O[OEgQN:Xn1FkQN8on102N1O0O10bNLaRN0@2on1NRQN0in10]QN1bn1O^QN1cn1OH0nQN0Qo1000000000mN0PRN2VONkn10QQ20\PN0YO0;0^P80coG000PP20no50aoI0`00RPN0PP20^PL0ao10B0>0_PN0Ro10nPN0Ro10nPN0Ro10nPN0ao1000@0PQN0Po10PQN0Qo10mPN1So10lPN0So12mPNMTo13kPNMXo11gPNOZo10fPN0QR42amM1dMMjTN5Uk1KkTN5Uk1KjTN6Vk1JjTN6mj1JRSN0P27`m1O4Kkm;OciRd2
20110603123034Ch_10,[aZc0515\o1<M2N2N0101O001O1O001O2N3M1001O00N101N01O0M4N2NMhPNBVo1f0N00O1O2O1OL[OlPNh0on1<ITOWQNd0in1YOZQNf0Po11000N3M10O101O102N041I42M1N02M3N8ZRNoNmk1S1lSNQOUl1P1fSNSOUOBVm1Z1^SNXO[O^OZm1Z1VSN_Ohl1e0PSN@Tm1e1O0101M3UO`RNRO_m1j0dRN[O[m1`0fRNB[m19nRN_OC[O]m1Q1USNJil1CnRND<k0[n1O1O11O1O01UOSQN`0Yo1N1O0000O1O2N21N3M10N2O3L2OO1O2L>@lXQW3
20110603123034Ch_11,XZie12no1100O1O1O1O1N1O2O0O1M3O01N20O000O10O2N1N2N2000O101N1O1O1O2H7EBTQN=nn192WOmPNb0Wo1O5K4K5O1O1O2MVgdW2
20110706164014Mh_1,ln\i2<ao15M6I7J4M2O2M4NnN`QNe0^n1VOmQNe0nn1MON10N3MO1N2M3N2M11O1O1N3N100000O1O010NaPNB^o1>cPNB\o1a01OON301O011N2J\oTT1
20110706164014Mh_2,jcVe22lo17K1O1O2N1M3N3O00]OjPN;_o1O10O0O2O1N200N100VQNEPn19^QN8dn1`02N2M2N2N101@PQNNRo11`0O3OO000O2N101N0102L3O1O1N2N2NmZSX1
20110706164014Mh_3,i[cY26ho13O2N1O000L300N12NN120O20O0101M1010000O10NON40N111O2M20O1I8M2ML52ON3M3O2N2N2OEkPNJVo15kPNKUo14lPNMRo13oPNMon14SQNKkn16WQNIen1:^QND`n1=cQNB[n1>hQNAUn1?oQN@nm1a0SRNAhm1a0ZRN_Ocm1b0_RN]O^m1e0m010OOL6N1O10100O2LM60001O10O010M4N10001O00O10O1N2O001O01O001O13M3LVgPa1
20110706164014Mh_4,kYk>43MN1co1<M6K2M2O10OO2O2N3M7I2N2O2O00fN^QNS1an1nNaQNP1^n1QObQNo0^n1QOaQNP1_n1mNdQNS1fn1O01O0016I1O2M10000LkPN\OUo1c0lPN^OSo1`0nPNARo1<QQNEmn1;TQNEln19UQNHkn18TQNIkn17VQNHkn19RQNHon1d0011O00O11N4I5L2M4N100001O1O100O100O1O00001N100O100O1DBUQN>kn1FQQN;on1;01O01O1O1O1O1O1VOlPNf0To1ZOmPNe0Wo1O1O2N2O2NECSQN=ln1<O001O0010O1OF\OYQNc0fn1<I8M3N3O00O01O1O010CeNURN[1km1gNTRNX1mm1hNTRNW1nm1dNXRNX1]n1SO`QN1dn1EfQN6\o1E\d\Z3
20110811121534Ch_1,Tjfn02jo15M4M2O1O00000000000O1N10010O01O1O000100O100O2O0001M20`PNB^o1`0O100O010O01O0O2O000O2O0O10001O00100O100O2O0O1000000O10O1O1O001O1O1O10001O000000O100O010O001O001O00100N2OCOmPN1Ro11mPNMTo15kPNIUo19kPNGSo1;mPNERo1<nPNDQo1<PQNDon1=PQNDon1<QQNFmn1:SQNGln19UQNGjn19WQNGhn19YQNHcn1;\QNFbn1:_QNG`n19aQNDan1<_QNDan1<_QNEan1;^QNEbn1;_QND_n1>aQNC]n1>bQNC^n1>aQNB^n1`0aQNA]n1b0`QN_O_n1<`QNJ`n16cQNH[n1:iQNBSn1b0PRN[OPn1d0URNXOfm1l0f001M12O010O0ZOSOhQN52N0i0Qn1k0I7M42OO11O1O1O2O3L2M3N3aNfQNR1fn1K5M3M2N2O1M3N3L4EcZ_h2
20110811121534Ch_2,PglU37fo12O1O01O001N00TOMoQN4Pn1OmQN2Pn12lQN1Sn13eQN1Tm1EkRNN>>_O2Ym1DcRN4a0n0ll1^OQSNb0Pm1_OoRN`0Rm1@TSN5Pm1LQSNNTm12kRNH[m1=`RNBcm1?ZRN_Oom1=mQND]n14_QNMen1d02N7J1N02JUOWQN8M7kn1DdQN8_n1F`\Uh0
20110811121534Ch_3,Ylfj22io1OYPN4do16N1N100N2NL60100N2O001O00010O010O0100O0HKgPN5Vo1OhPN2Xo1NgPN1Zo1:001O100O1O1O2OO01000001N101M2N3N1OkTcR1
20110811121534Ch_4,h`mc244OXo11gPN21MVo1e0L200000O1O2O000O2O000001OO1O10O1O1O6J100CUOdQNm0Xn1WOgQNi0Wn1YOhQNh0Tn1\OlQNc0Tn1^OlQNa0Un1@hQNa0Yn1@cQNb0^n1`0O100O0010O1O001GcQNPO[n1P1hQNnNWn1R1kQNmNTn1S1<001OO10O1K6O2N1O10`NfQNZ1an1N1N3L3O1O01OJVQNWOjn1j0WQNUOhn1k05101O0O100001O1XOTQN:nn1DTQN;ln1CVQN=kn1BTQNNK>So1BSQN`0Yo1M1NMDePN;ao1NO1SaVW1
20110811121534Ch_5,S]dP12ko14N1O1O2ON[PNIeo17[PNIeo16\PNJdo16[PNKeo15[PNJfo16ZPNJgo15YPNKgo15YPNKfo16ZPNJfo16ZPNJfo1801OL[PNMeo18O4]PNC[o1a000O1000O10000000001O01O000000O10000000011N0O01O1O1000000O1O1kPN]Omn1d0oPNAon1j0M2O00O0100000O2O1N1SOQQNh0To1O2NK[ORQNd0nn1[OZQN0D;ao111O100O10001N101O000000010O01O101N0013M1O2M1N2N1010Xbai2
20110811121534Ch_6,_i\]35jo12N2NK[PN1co1OaPN0i02`m1OgQNOh03bm1LgQN2f02cm1LfQN3g00em1L`QN8k0Lfm1K_QN:i0Kjm17SRNKnm15oQNMQn15kQNLWn14fQNNP2Eli1=QTNO=HUm1;ZRNN?KVm1g0mRN[ORm1c0nRN_O]OHYm1i0[SN\O^OOSm1f0^SN\O@ORm1c0]SN^OC0Rm1`0[SNYO[OO8:Rm1=VSNVO@41O7<Qm1<USN[ODM5`0ol1;VSNXOC06`0Pm13\SNc0dl1[ObSNa0^l1^OcSNa0`l1]O`SNc0GmNTl1>UTNf0CVOSl11[TNg1dk1XNmSNHKR2Vl1WNlSNLLm1Xl1WNiSN1Mh1^l12eSNeNZl1Z1gSNgNYl1V1iSNkNWl1S1kSNPNFd0bl1[1hSNjNTl1UOcSNg03;4IZl1KoSN2G2\l1\O^TN?WO4^l1XOaTN8ZO?em1]O^RNa0an1O1O2N3M4L4L2NQS]?
20110811121534Ch_7,ia`o12mo11O1O2O0O3KH]PN;`o13O2N001N102O1N100O2O1O002N001O00[OoPN;Qo1EQQN9nn1GSQNLM7Po1MTQNJN9mn1L\QN4gn1IYQN7hn1HWQN:in1DVQN>Vo101O1O001N1000O11O0O10001O1O00001O01O01O010O0001O1O1O01OO2O001O0O1O10000000G`PN2`o1JgPN2fo1Ne]Ql1
20110811121534Ch_8,gabo11mo11WPN0co10_PN0`o10`PN3\o1MgPN2Vo1MbPN0;2ao101OO10O00200O00001000O3O2L10N10[OM]QN3g03]l1IjRN4g08al1EbRN3l0<_l1BeRN1j0c0_l1ZOgRN4g0j0[l1SOnRN3f0k0[l1ROQSN2c0m0[l1POTSN2b0m0Zl1ROTSN1b0l0[l1TORSN0b0m0\l1TOQSNOb0m0_l1SOoRN0?o0dl1QOkRN1>P1ZOnNYm11oRN1:S1_OkNXm11oRN08V1AkNVm1ORSN06a1fl1`NSSNN5Q2[l1RN_SNN5W2Ul1lMfSNL8Y2ok1kMiSNK?U2fk1RNjSNI?V2hk1QNhSNI>X2kk1nMgSNJ>X2kk1nMgSNJ>X2mk1mMdSNLg0o1ek1TNeSNLg0Q2ck1RNfSNNg0P2bk1SNfSN4b0h1jk1RNeSN8?e1nk1RNbSN9b0J\O`1`l1\NbSN9Q1Z1ek1bN_TN]1`k1`NcTNa1ml11N8I1009F100aNiQNT1nn1iNQQNc0on1]OSQNd0kn1\OSQNh0Qo12N6J1N101O1N4L2O3N2aQNaNWn1f141J2M7J6K5LN2N3M13L01N3nM\RNO1]1Wn18G4K5L_N[RNi0dm1mNkRNo0Sn12N4K3M1O10O2M;gNXQNf0Po101N102N2O2L3J\Wei1
20110811121534Ch_9,gaSb24do11]PN1bo18O001O001O010N101N10000001N1L4M4O0OHLgPN2Qo1LoPN310on1NPQN040kn12f0O1MjPN2Uo13N2YO3XQNNln1KmPNO18So1IlPN>]o1N0O1L40O0010000O1ZODhQN<Xn1DhQN<Xn1DhQN;Xn1FiQN8Xn1HgQN9Yn1GfQN9Wn1FVQN3c07Vn1KkQN4Un1LlQN3Vn1KPRNORn1OoQN0Rn10nQN0Rn1OP10O010O1N00OhP`01Yo_O1O000001OO01O1010boc00^P\O1N00010O000000OZo11\QLOhn10ml]40YSbK1gPN3Xo1OfPN2Yo11bPN1^o1810OO1LM5lPNDin1<WQNFgn1:YQNHfn19YQNFhn1;UQNFmn1e00O2N10VQNZOZn1h0cQN[O]n1e0`QN]O`n1d0]QN]Oen1n01O1O1O1O1O1O2N2N2N2N1N3N1O10O011N001O1O10O010O010O010OlPNYOQo1l0OIoPN_ORo1?oPNAQo1>QQN@Po1?801O0O2N100O1O2O1O1O2N3Lhm[42WRdK3M2MN12O1010O0100O100O1O1000O1O2N6J100N2N]h^i0
20110811121534Ch_10,i_Qc11mo13N1000OXo;NjPD1N2O1O001]PNJ\o16cPNL[o15dPNL\o1<00dPNASo1c0lPNAPo1?PQNCnn1>RQNBnn1>QQNCon1g0O1000002N6J1N101O0O1000000\OgNTRNN7[1em1hNRRN16W1hm1iNQRN24V1jm1ROTRNb00ZOkm1X1WRNfNim1Z1YRNcNim1Z1`0I6hN\QNR1fn1PO[QNk0hn1VOXQNi0in1WOWQNi0hn1WOZQNg0fn1ZOZQNe0fn1\OZQNb0gn1_OYQN`0hn1_OYQN2K5nn1HVQN4L4mn1IVQNa0kn1@SQN;Ro19KWOTQNj0in17O20nNYQNk0fn1TOZQNm0fn1SOZQNc01@en1MZQNb0Ro1]OnPNd0Vo1001O1O1N2N3N1O1N1O2N10O100M3N3O1N1K500O2O010O1ON2O01O0011O001O01O100O1O0000O2O001O1NO3N2M3CcPN7]o1IcPN6_o1HbPN8bo1000N2IGhPN:To1;O1O10N10000O1001O\OlPN=^o1N0O2L4N2MINePNO]o11ko32ePJM`o1551FMdPN3\o13510001O3L1N1N3O0001O1001O00N2L4N200O01000O1O1O2Noe^R2
20110811121534Ch_11,oh\a02Vo15?5M5cPNCPo1h0N2N1O1N2N110OO0\O[QNMgn12]QNKcn11cQNLLMSn16eRNMVm13lRN0Pm1ORSN2fl15ZSNLdl13^SNNal11aSNN_l11bSN0\l1NiSN0Vl10oSNMnk14UTNKik15YTNJgk15P21010OO1H71O10KDjPN7\o1FhZ[\3
20110811121534Ch_12,T_\j01lo15M2O1O1\PNH]o1`0N2M2N2O0O22MM4O101L7MM5L21lPNSOon1o00001N2O0000O2O0O2O3M01O2N2NVOTQNb0jn1\OYQNd0fn1ZO\QNi0ln13ON3NO01O5K3M202M0O2N1N3Lf_aR3
20110811121534Ch_13,fjPY21mo16K3M4L3M9F3OVOSQNb0Zo1L0001ON2O1O1N2O001N1OO2O14GPUce1
20110811121534Ch_14,bhfS11oo10O000O0001000ko90WnU10US`N0gN010kM3R20YRNMek13ZTNMgk13XTNMik13VTNMlk13STNMmm30RPN0lo1000SPN010N2O0\ON[QN1hn11mPN7Uo128M_Z[h2
20110811121534Ch_15,b]og11no10M3N20KUo32gQJNbn11]QN1bn10]QNOfn1O[QN0fn10YQN1Zo1001OOjo;OhcXV2
20110819131834Ch_1,]kfP23lo13L3N3N1N2N1001O00001O1O0O2O00O10001M2O2N100001N22NO1N11O3M1O1O1N2O1O1O2N010O2O00O2NlPNVORo1n0NTOPQNh0Qo17N0O2N0O1O1O3I6M20O01N1O2O1O1O001O3NWNkQNf1Yn1_NhQNX1bn1M3M2O5K1O103L1OO10001N1PQNROln1S1N1O1O2O3M2N3M1N02N2N2N4gNXQNR1ln1N101QOVQNe0Uo1L3M2G:I`RWi1
20110819131834Ch_2,^j^e0d0To19hRNZOSk1h0oSNTOH1]O4cl1m0fSNoNL=05\l1c0cSNmNL`1\l1IbSNhN1c1Wl1m1L5O0B>M20O1XN]TNTOak1e0`TNiM1OO7OJ1h0^k1X1oUNeNQj1f0bTNROa15ii1b1XVN]Nei1n0PUNjN]17\i1U1]UN]NY1=Zi1U1[WNnNdh1a0SUNTOZ2<bh1a0nWN_OSh1?oWN_ORh1`0PXN\OSh1e0mWNYOTh1h0nWNUOSh1i0PXNUOog1l0RXNTOkg1m0XXNQOhg1n0^XNkNeg1T1c31ON201O01O1OYO]QN2bn1O`QNOan1ObQNO^n12bQNN]n12dQNM\n14eQNJ[n16gQNHYn18iQNEYn1:f00010O001O00001N11O02N01N2N2M20000000O2O2M2N2N1N3O00010000O2N10O10O01000000000001O1O100O1O1OUYiT3
20110819131834Ch_3,feP\12mo12N2M3N101N1000O01O1O1N20O10N202N00O10O1001O00O10000O100O1O1O1O1O1O2N1O100O100O001000O10O1O2ONRQNROnn1n0RQNROnn1Q1N2N1N1XQNkNfn1X1O2NN30O01O0100O01O10O01000O0100N110O1O1K40100L30N2L4000L5M20001O001O10O00010O010O01O1O1O00100O1O001M30O0100O10O01O1O1O100M^PNGco1912O0N110000O101O000O1O101O0O1N3L]\g[2
20110819131834Ch_4,neh[13ko12O2M2O11O1O1O0O2O000O010O100O10O01000QP4NQPL00000000000\o10c00PPN0000000joc00VQZO0Rn10nQN0Qo10oo30QoK0jP80UPJ00000TQb00ln[O0L40O2NQOOoQN2Sn1NmQN1Qo1O1000L1WPN1fo1O6O1001O00O20O00010O010O001O000001O000001M21O0O2O00@0PQ20`oM000co10iPL0G0ao10hPN1eo1OB1kPNObo1010oo10doM0jPN0Vo11iPNOVo12jPNNVo12iPNOWo11hPN0Xo10hPN0Xo11gPNNYo13fPNNZo12dPN0[o12aPN1^o181N20O101O00000000O10010O0010002D]PN6co1I]PN7fo11O0001O01O000001O001O00001O010O0000001O01O1O0001O01O100O1O001`PNIVo16jPNJVo17iPNJVo16iPNKXo14hPNINNZo1:gPNH]o1=10O1O10O1001N100O100000O01O000001N1O1O1O10000000000000000O1000000O2N2N1O1IZPN1\[QV2
20110819131834Ch_5,`fdQ36do1j0[O3M3N1O2OoN\QNf0bn1VOgQNg0Wn1XOoQNh0lm1YOVRNf0gm1\O[RNd0cm1[ObRNc0[m1]OhRNa0Wm1@jRNa0Rm1@PSN?ol1@TSN`0jl1_OZSN?fl1_O]SN?Rn102O0O101N3N1OO100000001OO000O2O01OO0J\PN1fo1NZPN2ho11fWmk0
20110819131834Ch_6,\j\e0131bo151K61lo10QPN2OO2N13co1L^R40PnI0]m17]RNJbRNOoM0Um10]TN0kN0jl10jSN3TOMRo14cPN4Vn1HPSN4bn1O3Mhn30^Qb00ao30[PXO0PPN0aog00_PXO001000O10QYkU3
20110819131834Ch_7,ffXT32mo12M8I2O2M2O1N1102ON1011O2N00002M2N00000O0100O101O000O104ON1N1O0O2N010O0001O00000O10010O12NO11O2M10O0O1001O1O1O1O001O0O2NgWmg0
20110827141254Bh_1,PhfZ37Xo1OQQN4NHdn1V1K4L3M3L5K4K6L6JSN[RNf1`m1\NaRNe1\m1[NhRNc1Wm1]NlRNa1Sm1^NQSN`1Qm1XNWSNe1em1N7I2OOO3N6KO1001N2N05L00O100O0O11O0010000O2O20N00O1001O0O1O2O000O100O1O0020O00O1O1O0001O1O01O2M11O3N0O0100O10N3M2OnNWQNo0ln11O1O0112M0O000O0SOSQNk0Ro1OO2K4N260I1_QNnNnm1d1O9G3013I100YNoQN]1cn1H1NWRNiNil1W1USNnNfl1U1XSNnNdl1V1YSNlNdl1Y1XSNiNel1a1PSNbNPm1V24M2M3M9G5L4L5K001N101O1N2N2M3K9G4N2M5M2M8I5K2N2O010N3KZQS=
20110827141254Bh_2,Tl\R21no16K2M2O2N2N1O2N1O001O02_OcPN<ao10O100O00000010O002O2M1O1O10O00001O3N0O0001O0001O0001O00010O0000100O1O0100O01O1O10O01O01002NO000000000001O00O100O100000O2O00O1000000010O001O001O01O000O1O100O1O1M3N2O1000O1M4O1O02OO002M2OJKaPN5^o17M4N1O11O001O000100000O2O0O01000O1O1O002N11O2M0000010O0100O0100O2O1N1O101O00010O1N6K1N110O2N02N0037HN000N:G1N2O1N4L6J3MYQUc1
20110827141254Bh_3,`m\o12mo12N2O1O1O001O00100O0011O01O0O1001OO101O0000000O100000001O10O001O1O1L4L4MdQYn1
20110827141254Bh_4,Sh`c13mo12O00001N1O10O01001N10O001O1O100O2OO12M01O10O0100O1O01000000000O1010O001O0WRNIhk18STNLmk15nSNNSl12iSN0Zl12aSNO`l11^SNNel13USNOnl12kRN1Xm10dRN0`m11[RN0jm10nQN2Vn1d09GXQNTOln1i08J6K6IZVSY2
20110827141254Bh_5,]^Xm23ao13cPN0[o1<N01NN0201N101O1O010000001O2O002M100O1O1N2O_bWQ1
20110912142254Bh_1,]dlg03ko14M5J9F5L4M7H4N20O0RO[QNEOi0fn1]OdQNa0nn103M2N2N2N100O000001N12N00O11N0100O010O010N3N6J9F3N2`QNmNom1V1jQNoNTn1`10cNVRNb0jm1[OZRNd0im1VOYRNl0[n1WOWQNa0Vo1N0O1101O2M0002N3L2O001OO2N2OO101N1O11OOO2O0O2O1O00O2N1N2N3M2N4J^X[S3
20110912142254Bh_2,cagT26io12N2N2N100O100O10O0010O1O001O2N0010N110O1000O010000O100O0100O10O00001O0100O10O0000O1O2OO1010O0O1L4O1N30OG]OWQNb0hn1AXQN=hn1EWQN6mn1KSQN5ln1`00O1O0O2O01O00O100O11O1O2N1O1O00OO12M2MN1I:1O1M301O100O001O0N3O000O2O1O1N2NO12O2O000ONO301O0010O0010OK^OnPNa0So1AjPN?Wo150N110O101M3MFIPQN3Ro10lPNNVo1>O10O010ONIlPNGTo19mPNGRo1:nPNDSo1>kPNBVo1c00010000O01O010000O1O1O100O101O1O1O00000000000000000000001O000000O1000O1001O00000O2O000000000001O001O001O00001O0O101O00001O00000001O0001O0000001O001O0O2O1N2NYbZ^1
20110912142254Bh_3,^edc23io15N2O1O01O1O01O2N2N001O0000000010O01O000001O00000001O00002N1O1O2M2O001O001O1N101O0001O0O2WOkPNe0]o1K100O1O10O010000000O1000O001O1001O01O0100N110N10001N1O1000O11OO2O1O00001N010O1O100001O01N11O1O01O000000O2O0O0001O3M2M3M`XgU1
20110912142254Bh_4,Wdf^21mo14M101N2N1N2N1O2O101N100000O100O10000O1000000O1O100002OO00000N_PNEao1;2010O0010O01O10O010O010O01000O011OO1O010000C^PN:eo1O000001O2N3N2M10O01002N00O1O010O02N22NO00O2N1O4LMkPN\OTo1`0QQN@nn1?910DbPN6_o1HcPN8\o1GePN:5EQo1;PQNEon1;`0K1O1O1O1O1OaPNOPo10PQN0Po10QQN0on10PQN0Po10`00aPN0nn10RQN0_o10@0PQN1on1OQQN1on1OQQN1_o1100O1O200O000ZOKaQN3Wo1O0010O01O1O0011N00OPP20^O0VQL0^o30ooM10O001001^OORQN1nn1ORQN0`o11OO_O0RQN0nn10RQN0on10PQN1on10QQNOQo10`0001_PNOQo10`01OO20`PN0mn30TQL0jn11b001O100000e00gN0WQN0jn10UQN0kn10UQN0^o10]O1SQN0mn1OTQN2kn1NTQN2mn1NRQN3nn1MRQN3nn1MRQN2on1NRQN0on10SQN0ln10PQN3`o1O1O00@OPQN1Po1OPQN1Po1OPQN1Po1OPQN1ao1O^O0a00bPN0^o1000B0lPN1Uo1OhPN2Yo1OdPN3\o181000N2O10O1O2N1O4H5O1O01O4OMQXiT1
20110912142254Bh_5,Ybgf17go12O2M1BFUQN;ln1<O2M3O0K4M4I51M3O3M3O101L4M3M2O1O1N3N2M201N2N1O10000O10001N3M3Lo^nV2
20110912142254Bh_6,`[XX2?_o15K2010OO2N1O1N10002N003M2N1oNnNQSNV1al1kNgRN6g0n0`l1\O`SNe0\l1\OgSNBUOi0Pm1HUTN8ik1JQSNYOP1Q1mk1JnSNUOSOU1nl1FmSNi0hk1VOVTNQ1gk1mNYTNT1ik1fN_TNV1ck1eNbTN]1ol111N1O0N2M4K<F6K3M4K3N2M100O3N1N5K3M[cmd1
20110912142254Bh_7,[]W_22mo1001000000fPNNgn11YQN0gn1OYQN1hn1OWQN0jn10VQN0kn10TQN0mn30gPX10joeN010O0SP21TbV^1
20110912142254Bh_8,_nl`26io13M1N3N010001NZOFhQN:km18oQNIQn18kQNKTn18fQNLZn1m0O13N1O3L1gNZQNW1in1N2O2N2M3M2N3L5J8H205J_QY]1
20110912142254Bh_9,[V[a06io13N1N4J5bPN^OXo1h0L6I6J5M6H3L20N3N10103G<lN^QN=Wo1F8Lki\]3
20110912142254Bh_10,laSU21oo11OO000010oo10]o50VQF0kn10c00bPN0kn11UQNOkn11UQNOkn10UQN1kn1OUQN0ln10S10_O1N0100Ooo30QPL00010no50QPJ000oo10QPN0no50RPJ0QO4k013M100O00^nY1OaQfN1001O10PP20mo31QPJ01O10000000aaZe1
20110912142254Bh_11,_fk`15do16M4bPNDUo1f0N1O2N2O1N1O101O5K100O01000OjNZQNS1jn1O10O3N0O1O0104HTQNTOhn1m0ZQNTOdn1l0\QNUOcn1U1O10O01O100O001ND`QNZO`n1S100001O1O001N101O000O2N1O101M3N4IoPNXOXo19iPNI2NVo18=O1L3O0O110N_P`01bo_O0Zm7OdRH5M1lQNL\l13\SN9al1FRSNi0mm1SOVQNo0hn150000010O1O010003hLiN`WNW1_h1kNaWNT1^h1nNaWNQ1mg1VOXUNH40W2P1Zh1ZO]UNJLN^2m0Uh1^OcUN2X2`0Th1]OeUN1Z2b0Ph1oN\UN7;8\2`0mg1QOSVN?MDX1k0gh1ROVVN>MCW1l0eh1ROZVN>n18mg1\OUVN=n16jg1[O\VNa0i14\g1FoVNJkN5j2:]g1_OSWN4gN2i2=[g1\ORWN:kNHl2c0Vg1YORWN>R29lf1YOoVN?W28kf1XOmVN7b2`0bf1YOlVN4e2d0_f1XOhVN5k2c0^f1XOdVN6o2b0]f1YOaVN2XOMl3i0\f1WO_VN1Z3e0Zf1ZO[VN1\3e0Yf1ZOYVN1a3e0Uf1[OXVN0d3e0Uf1[OTVN2g3d0Tf1ZOUVN1g3f0Tf1ZOSVN0i3h0Tf1XOQVN0l3j0Rf1UOQVN0P4k0ne1UORVNOQ4n0le1RO`ZNQ1]e1oNbZNS1Sj112OgNPOaRNNk0R1al1[O^SNd0al1^O^SNa0bl1]OfRNB12;n0ol1^OeRNDN3<j0Qm1BbRNCO59e0Ym1J^RNB6b0`m18ZRNMgm1U11O2O0O1O1O1bNTRNe0Pn1YORRNc0Qn1]OoQN=Xn1AjQN8^n1HeQNKgn1MQQNKeo10g[jU2
20110912142254Bh_12,]lh`25jo15K3O3YRNAek1`0mSN@kN1Ym1a0hSN^Ohl1c0TSN]OVO0[m1a0^SN@Qm1c0lRN\OWm1c0hQN^OZo1j0ePNYOnn19SRNC\m1>V1EbPNMa01\OOon10^20mL3c1N^1OYM0Z10UQN0dm10[RN0om70nPJ0ePN0dn10VQN0Po12hPNN\o10dPN0]o14]PNMVQ[]1
20111015063134Lh_1,kcPS21oo1001O0UPNOgo12XPNOgo1501O0000000000001O0001O0000000000000010O00000000000001O00001O0010O0010O001O010O0010O001_OMSQN4ln1MiPNM76Po10PQN1Po1NPQN2Po1NPQN3on1NPQN3on1NPQN3on1NQQN1on10QQN0nn11RQNOmn11TQNOkn11nPNF68mn1OnPNK47mn1MQQNK28nn1KQQNN08on1HRQN0O8Xo1HhPN9Wo1GiPN:Vo1GiPN:Vo1FjPN;Uo19O1O1O0010O00001O1O001O1O1O1O100O1O1O10O01O100IbPNJ_o15bPNJ^o17aPNI`o16510O0100O1O10O01O10001N102M1N101O010O010O01O00000000010O000000001O00001O000010O00000000000O010000O2O00000001O0000000001O0001O1O000001O000000000O1000001O00000001O01O000000001O000001O011N0010O000010O00000010O00010O00001O0100O1O1O010O00000001O0000001O010O010O0001O0010O00100O010O00010O001O010O0011OO001N200O010O000O2M3ORZS]1
20111015063134Lh_2,_VQ?2no12N3L2O4L000001O00001O000O10O01NO3O1000000O1000O010000O101IDgPN=Yo1410O01N10010O1000O1O01O1N2O1O100N2O1O01O01O10O1O2O0O100O10000O10000O1O1N2000001O1N100O2N10000O1O1O101O00001O002N00100O1OnNTQNR1jn1nNVQNS1in1mNWQN`001in1GXQNHO44;dn1I[QNK3;bn1KZQNK59`n1L[QNK68_n15bQNJ^n16cQNAH2en1=cQNAH2fn1<cQN@H4en15YQNHb03Vn12PRNOom1OSRN1mm1NTRN3lm1LTRN4mm1JTRN7jn10002N1N2O0O]ijY3
20111015063134Lh_3,dhPm02mo15K5L2M2O1O001O001N1000O10O101O0O2M2O2O01O00O2N1O1010O0WOoPNc0Ro1[OPQNe0Vo100O10O102M001L3O2SQNROen1P1YQNROfn1U1NQO_QNa0an1XO[QN17g0mn101O1O1O0010O01O0000101[OiPN=^o100000O1O01N1O1O1000@JVQN6hn1MWQN3in1OUQN2in11TQN1kn1c0004K00M3000HSQN]Omn1b09O0O2N2O1O2N101N100O010O00O1001N1O2O1O1N2O010O10O0100O2OUW]l2
20111015063134Lh_4,oUmj03ho10YPN4co18EBmPNb0Po1^OoPNd0Qo1\OnPNe0jn1\O\QNe0cn1\O[QNe0en1\OXQNg0gn1ZOXQNf0gn1[OXQNg0gn1ZOXQNf0in1<L3L5L000O10VOjQNIVn17mQNGSn18oQNGQn18PRNHPn1MhQNI:9om1J^RN6gn1N1000]PNG`o18`PNH`o18`PNGao1:2100O001O0000O104L2O0O001O000O1O0N2180G2O1N100O100O10O001O1NYiZQ3
20111015063134Lh_5,XbTh02mo14VPNMao1:O2O0O1O2M8I1N2O0O11O0O101N10010O1O100O000000O2O3UQNXOXn1i0fQNZOYn1e0dQNBYn1BeQN;MM67]n1I`QNM59\n1J_QNJ9;Xn1JPRN7Pn1H]QNL>=Tn1F^QNN>=Vn1@^QN3<=[n1BgQN>nn1O10nRNE^j1a0hTNG_NKil1=]TNBhNf0il1H_TNb0`k1^OdSND0T1[l1YObSNF2Q1[l1[O_SND1EO\1al1M`SNkNLX1cl1KdSNnNIW1bl1IaSNVONJOm0bl14]SNVO4G1n0]l1d0oSN[OTl15aSNmN=l0Tl13\TNKfk1KfTN2[k1KiTN3Zk1HjTN7Vk1GmTN7UN_Oll15TUN8oMDnl13TUN8nMEol11UUN9lMF\o1?52H0O01O1AfPN7do1N`PNH]o13aPN0_o17101O0O2N3Le00SOMePN6Xo1LhPN5Vo1KjPN;Qo1EnPN;To1ClPN<6FGMnn1:]QNIfn15]QNJdn13_QNMZo1O1000000000K0XPN1jo12iPNLbn14]QNMen11[QNOen10\QN0en1O\QN1cn1O]QN1bn1O`QN1Wo101O000000QP20ooM0QP20ooM010PP201010noM0O10000Xo11iPNNRP60gP20VoG010\O3SQNNon10QQN0on10QQN0on10QQN0nn10SQNOnn10RQN1mn10QQN0Po10oPN1Qo1OnPNOUo11kPNOVo10jPN0Vo10jPN0Vo10jPN1To10mPN0on12SQNN`o1O10oN2nQNNQn13oQNMQn10RRN0nm10j12TON[O0_QN0Wo11O10O10@ORQN1on1OQQN1on10oPN1Ro1NnPN1So1OlPN1bo1OC0kPN0Uo10kPN0So11nPN0Qo10oPN0Ro10lPN1`o101001GMcPN5]o1KbPN6]o1JdPN6\o1JcPN7\o1JdPN6bo101IZPN3hVcl2
20111015063134Lh_6,WjPU12lo13O1O3M1000001O4M2M2M10000O01O2^ObPN?bo1N0O10O101M101O00101O1O2O2N6KO0OTQNWOan1h0YQN\Ojn1l03M3M020VOoPNc0Xo1OhPN\ORo1l0nPNUOln1T11I2N2M3N4K2O1N3AcPN7do1O1O00O1001O00O101O00O1010O001O1O0O2O0O11O0K6N3MVS[f2
20111015063134Lh_7,ScfP34lo1100O1O01O01O0001O001O00001O001O1OSP62koI1O001O001O010O010O0010O001O1O00O100000000000000000000FMfPN3[o1NdPN2\o1OcPN1]o1OcPN1\o11cPNN[o15ePNK[o15fPNJYo17gPNIYo17gPNIYo17gPNHYo19gPNGXo1:hPNFXo1;gPNDYo1=gPNCXo1>hPNBXo1>hPNBWo1?51N1O101N2O0O2O1O1O1O001O1O1O2N1O011N2N4NN10O0001O010O2N1N10001O1O1O3M2O01N100000O1O001O1O100O001O0O2O1O2N2N26I1N2O0000O1O1O2N2N1O1GaPNNdo1L_PN2V[Qg0
20111015063134Lh_8,]dVl13lo12N4M2N10O1N2N2O0O11O0000000O1O1O2N1O1LEbPN;^o13O1O1M30ODCXQN=hn1FUQN8nn1;3M2O2N2O1N2O2N3J\\_Q2
20111015063134Lh_9,oaUT23lo12O001O010O004L001N1000O1000JHdPN8\o1IbPN8^o16O0000002N010O1O00000000000000O1001O000O0L5O11O0001O0O1O001JTOVQNn0jn131K411N0100000InPN[O04Po1c0RQN]Oln1c0VQN\Ojn1d0VQN]Oin1b0XQN^Ohn1b0XQN]Ohn1e0WQNYOkn1g071O2N0O10O00100O1000O1000O10000000000O1O10;E2N0O2O00O0100O01O010O1M300OL5N2O1O10O01N11O00100O1O10O010O1N2NP_bd1
20111015063134Lh_10,^Ve>2mo12O00001O00MWPNOio1130O01000O10001O00001O0O1000O100M3O100000oo10QPN0oo10QPN0ko11XPLOko11aP4O_oK2O01N11000O10O1O1lo3NTPN0QPN1O0oo3Odo]20XPV31RPXJOXPN2ho1NXPN2go15jPNIA0kn18cQNM]n14UQNG;3_n13SQNK2O`00[n16SQNKg0OUn17TQNI10ao10_PN9ao1G`PN7`o1JaPN3ao1M`PN0LOdo10aPN0co30VPN0nP80ToG0O0>0SO0lPN0bo11BOjPN3ao100NVPNO^o10jPN1HOio11VPN0ko121ODNkPN1bo101O0000O10000IO`PN0ao10^PN0io11IO]PN2bo1N^PN2bo1N]PN3go11N210OMYPNMgo12[PNNdo126N10O010UP60ioI2O03N00RiTQ3
20111017113714Th_1,lcj\22So1a1TO;A<YRNiMVm1e2I313IfNWSNLhl1KTTNTO]OH^l1l0XUNTOgj1f0`UNTOdj1j0[2M3L3N1N101O1O2N101O0100O00O2M4Mg^]a1
20111017113714Th_2,hiRf12mo13M2N2N2N3ECiPN1O`0Wo17N2JVOQQNo0mn1202M2O010O1OnNZQNk0Ro1K2O001O1XOhPNe0]o1M1O0000O2N12N1OF_OTQNd0So11N2O1N100_OYOhQNg0Wn1[OgQNf0Xn1[O^QNK7j0[n1^OdQNc0\n1]OcQNc0]n1_OaQNb0_n1_O_QNb0`n1^OaQNa0_n1A_QN`0`n1b0N00O10000000000O1O2J6GWQNTOon1k0QQNUOPo1m0001O100O001O00001O01O0010O1O10O01O01O02OO1O00010O0001O00O100001OO2O001N1001O2N2M2O1O010O2M2O00O1003L2O1O0N^PNFdo193NYPNIfo181N2O1O2MkT_R2
20111017113714Th_3,eagh21no11O2O1N4M2M3N3M1O0001O00000001O000O100OO20cPN_O[o1c0O10000O101O1O00O10O10001NKmPN^OTo1b0kPN_OUo1f0O2OI7O2N2N1O10O1O0MCdPN>\o131^OdPN208_o1FaPN;bo1OIGgPNOM:\o1HePNOO9\o1IhPN6Xo1IhPN8nn1GUQN1L:mn1GVQNOM9ln1LTQNMO7ln1d0100O10000O101O2M3N1N10000O10O100N1102N1N100O10O010O001O100O1O1O2N100O10O2O0O010O100O010M2O2O10O3M10O001O0000N200O\OiPNb0Wo12101N3NO_OePN`0[o1AePN?[o12100O100O1O1O0O2O1O0000010O100O100O1O2O0O10O02O0O1O3Mm_lm0
20111017113714Th_4,`TQj21no12O1N2O2N2N3KO18I4L2O1N2M3O1N4M0O1O1YQNlN`n1^1M1NGdQNQOZn1o0gQNVOSn1^1M2N1M3O1N200jNkM^SN70I32:T2Ql1gNiSNZ1Vl1X10O11OO0100O10O3K4N1O101jN`SN_NNBfl1l1dSNXNjl1e1n0I4N4L6I4L2M3J6O2N3K8I5L3MVmVR1
20111017113714Th_5,n^ZU11no12M2O3M5L2N3M1N2O002N1O2N11O<D010O10O1N200N2O001O00O11OO001N20O10O100JaPNHao157MV`Yh2
20111017113714Th_6,VdVn21no13L201N1000001O000O1000000O1000000000000010O00000001O0000001O0000000000001O0001O01O00010O00001O001O0O10001O00001O01O0001O1O0O10000O2O001O00O100000000001N10001O1O1O1O1O2M11O01OHUQNZOln1c0:O1L5N10001O001O00oPNF]n19cQNG]n1:bQNF^n1:bQNF^n1;bQNE^n1;aQNE_n1;aQNE`n1;`QND`n1<aQNC_n1?a02M1O100O1O010O01O000100O1O01O001O000O1O101O00001N2O0K_PNJco136O1O1O`[Si0
20111017113714Th_7,kPml14ko11O101O0O2O1O1O1O1N101O0O1O101O0O4M2N1N100O010O00O11N10O2N4M3M2O2M2O1O3M2N1O3MRobP2
20111017113714Th_8,cjPc01no12M20001O1O2N00000O1O10O0001O100O100OO110000N110O1O001O0001O1O1O01000O100O1000000K5O5LlUWZ3
20111017113714Th_9,jf`a13lo12N102N1O1O1O0O10001O2N2N1O2O0O100O01003M0O101N1O1O10YOQQN;[o10O00001O2O02M1O010000O0001CbPN6^o1IePN6[o1JePN6\o1HePN7bo1001O00IZPN5do15N2OJ_PNMao13_PNN`o13`PNLao19010O00001O01O0TQNDTn1<hQND@0in1;gQNE@0jn1:eQNGBNkn19cQNGdn17b000OiPNLin1OWQN4Zo100O1O0100dPN2HJfn14aQN4FIjn13^QN7EGnn12ZQNLI>9BXn15eQNMI;nn1HZQNMH20M1O`00lm16lQN1?Idm12eQNO3:f0Enm15XQNKo00gm15[RNLfm12\RNMdm11^RNOin110000mN1TRNOim18RRNImm19RRNGnm19RRNFom12^QNNb00Qn1O`QN1GOe01`n14]QNLdn14[QNLfn13ZQNMfn13ZQNMen13]QNLbn14_QNLan16]QNKan17^QNJan16bQNH\n11RQN3c0LYn11WQN0b00Un10YQN0c0OSn11[QNOc00Qn12[QNOd0ORn12XQN0f0Nom10XQN32Oh0Nnm11XQN040Yo1OkPN0M0Wo12lPNNL0g00dm12oQNN>0bm13oQNMon13oPN0a0M`m14QRNM`01\m12VSNMil13WSNMil13VSNMkl13USNLll14`1000dQNMll12TSNNml11RSNOPm10oRN0Sm10gRN3\m1M[RNOTO30Odn1NWRN0Un10m00100000O0nPN0Un10jQN0Vn10jQN0So10TO0hQN1Wn1OjQN0Vn10jQN0To10RO0jQN0Wn10hQN0Yn10gQN0To1000QP20UoM0eQN0Zn10g10TO010O000UO0fQN0Uo11O00000UOOgQN1Uo10O010O0000000VOOdQN1^n1OaQN1`n1O_QN0en50ePL0XU[S2
20111017113714Th_10,V_kj14lo11O001O2N1N2N2N2N2003MO23NN002M5N0O1M3N1O4M1OSOPQNf0]o1ZOaPN;eo1M2N1Nb_\S2
20111017113714Th_11,ZXoa24ko13N1O1N1O1000OPQNG\O5hn14iQN3Un1LkQN6Tn1JjQN9Un1HeQN=[n1d001NYOmQN\OD1`n1>l0O001N2O1N4L202Kjg`\1
20111017113714Th_12,WdVn21QP40oo30PPJ0O0F0dPN0fo10E0fPN0Zo10fPN0Zo10fPN0eo10PP80PPH0eo10[PN000\PN0Xo10hPN0Xo50iPJ0Vo10jPN0Vo10=000O1_PNOSo11mPNOSo11mPNOTo10lPN0To10>0?0SO0lPN0To10mP20bo10PPN0PP40PPN0PPN0ooM00010[o10YQL0[o1000010O00PP40PPL0000001WOOaQN1_n1ObQN0Wo100010To30kPL000PP20PPN000jPN3Po102ON3@KVQN2^o1O10AOoPN1`o10BOmPN1ao10COkPN1Uo1OlPN0bo1010A0mPN0ao10B0mPN0ao12SPNNjo151M100O\OOZQN0\o10O0[O0[QN0Zo10[O0ZQN0[o110O[O0[QN0en50fPN0dPL0fn10ZQN0fn10YQN1gn1OXQN2[o10^ONVQN2\o1000_ONSQN4mn1LRQN4Xo1L]PN7Xo1IkPN>Zo12N2N2L4O03XOgPNd0\o1N1N2M3O0000000O2O1N2M21O20O0O0O2N1ObPN0nn10QQN2nn1NQQN4nn1KRQN6nn1JPQN8nn1JRQN6nn1JRQN7mn1IRQN9mn1GSQNNH9Uo1HRQNOI<So1ETQN>ln1AUQN?ln1@TQNa0kn1_OTQNa0Vo10O100O1N001001O10O10O001O0O2M3M03O0100O1O1O1O1O010O1O2N1NU[Ue0
20111017113714Th_13,T_Sh12no11O1TPNMjo122OUPN0ho1400O001O000001O0010O1YOJdQN6[n1KeQN5[n1LdQN5[n1LcQN5]n1LbQN4_n1M^QN4cn1MZQN4fn1MWQN5jn1KTQN5mn1LQQN4Po1MoPN2Ro1NnPN1So10lPN0To11lPNNUo12jPNNVo13iPNNVo1>1XOjPNd0Yo101O100O01O010L3O[OlPNb0Yo100L3CbPN8^o1HePN50IVo11jPN61I\o16fPNJYo15hPNKYo12iPNNeo100001O2N10O_ONePN0=0Qo10oPN1nn11TQNOkn1OZQNOfn11ZQN0dn10]QN0[o10O30MWo10PQNOkoM0oo11O00Oa_\S2
20111114063134Lh_1,]_]_22mo13M2O1O0000010O0000001O0000000000000O10000O01000O01000O10000O010001O0001O00O10O100000O10IHcPN;]o1400O100000O101O0000000O10O100O1O100O00100O01001O0001O001O1O1N2O0O10000O1000000O0100O001O10O011N010O0100N101O0O2O1O1O010O1O1O00000000O2O001N1O01GAmPNe0in1=00000001O0001O1N101O1O001O1O1O001O001O1O001N2O0M210O10K5N11N101O1OJ\ORQNd0Po1410N00100O2K4O2O1JN72O0000WOfQNNYn12hQNMWn15iQNJWn16kQNFWn1:g01O01FaPN2ao1KaPN5eo1ON3JJ`PN7bo1H]PN9eo1O2O0LYPNOgo10ZPNOfo133OodnT1
20111114063134Lh_2,n\Xk01mo14WPN1\o1<OO02cPN@Vo1c0N6N1O101N1O1K5O0O2N10000O10000O10000O10010O0O14L1O001O01000N3mNXQNj0So1L1O001O0010O10O0ZOiPNd0\o1O0O00O2N1gPN[OVo1h00XOkPNc0Yo100010O2O00O100^OfPN>Zo1AfPN>\o1AcPN`0\o1AdPN?^o10010O1O1O1O001O01O1O10O100O1O01N2N10001O1O002N2O2OO2N06J00O10000O1O1O1O2N1N2OcPN_O[o1a0ePN_OZo1d003M4L10O001O00000O1O1O1K5O1O1O001O101N101O00001O0O01O1000O100O10001O0O100O101NPagk2
20111114063134Lh_3,W`mT11mo12[ONZQN4en1NUQN6jn1LUQN5hn1OVQN1en15ZQNKfn16XQNKhn17VQNHkn19TQNGkn1;UQNCln1=VQN@kn1a0VQN[Oln1e080NFjPNMTo14PQNJon16VQNEin1<XQNCdn10QQN?Vo18DZO^QNg0]n1A_QNa0_n1`0O2O010O0010O1O2N1M5N1N2O0O100O100GTQN]Omn1b0VQN[Okn1d09N2O1O10000O101O00O10000O10O010KcPNF^o1:4O100000001O000001O0000010O0000000001O0000000000000O10001O00O010000000O10001O0O100O10O01O100O100O010O100N101O100O1O10O1O10O010000O100000O10000O11O0O1McPNC]o1=3O1O1O2O0000O10O1000001O1O0O20O0O100001O000000000O101O001Nhbh`2
20111114063134Lh_4,nff^21mo13N100000O100000O10001O4L1O00000O100IEgPN<Yo1FePN;Zo1EfPN;[o1EePN9\o1HcPN9\o1HdPN7]o12dPNC\o1=4M20`PNF\o19dPNH[o18fPNHZo18600001O100O0O200O00100O010O10KaPNH_o19aPNG_o18cPNF]o1;4O1O010O1O001O010O010O0001O001O01OO20O0100O100O010O10O10O1000O00001O1O001O100000000O100O10O1000O100O10000000000000000000O10O10000000O1O1O100O10O010000000O010O100O10001O0O1000010O0001O01O0010O00000010O2N1N2O\o14_PN101N1O1O4L100O10001O000010N1001O010O0bPNA\o1c0N10O01O0001O01O001O10O000010O100O0000001O010O1O01O1O1O00000010O1O10O01O10O01O1000O10iPNYO51fn1h0YQN[Oen1f0XQN\Oin1n0O3N0O1[QNhN`n1]10O1eN_QN20l0on12M0000000O011N2O00000OVOWQN>jn1_OXQNa0ln1YOUQNONe0Xo1ZOgPNd0[o1000O100000011OO1N1O1O1HbPNM^o10fPNN\o1OfPNO[o10gPNOZo1OVYWQ1
20111114063134Lh_5,W^kR33ko13O1O102OO01N1O1N1O2O1N2N2N2N2M3N4K8H3M2O00J501O10O000001O0O2O1M300000001O01O01N1N3J5O1001O2N1O2N0O11O0000000001O00O1O100O2M100O10I_ORQN`0nn1BPQN?on1BoPN`0Qo161O10001O1O0O1O1N2O1N2O10000O10O01001N1000001N1O1O20O1O101N1O00O100010O1O2N01N1010O00N2O1O010O2L3L5O00001ON3N2O4M0000O10O00O1N1N210000N2N10O21O100OK43M10K6N10010O000010O010O01O1O01O00N101OO10J42N3O1O1O100OM40000000O1N1O2O0N30000O01O001N20O10O001M300O2O0O10O1O2N2O1N10000O101N100O1N3N3N1O2M3L7I`id?
20111114063134Lh_6,^bVj21no1100O100O1M3O000000001O01O0010O001O1O0O2000O01OOK700O10O10O1O100O1O01O010O0010OM3N3N2O10O01000000O10O10N\PNHdo18\PNHdo18\PNHdo18\PNHdo1:000001O000000000000O1O10000O101O000000000001O0000010O000001O0001O00000001O000000001O00000010O01JWPN4ho1LYPN3go1MYPN4fo1MYPN4fo1LZPN4jo10ZPNK_o13]PNM41^o12cPN0[o11ePNO[o11ePN0Zo10fPN0Zo11ePNO\o11cPNO]o10dPN0]o1OcPN1^o1NbPN3]o1LcPN5do11O1O1N100O1O1M30O100O1O0010O1001N100000000O2N1O2N1O2N2NY^_l0
20111114063134Lh_7,iahU13lo13M4M1O1O0O2O0O101O1N4M3M10O01O01O001O001O1O001O000O101O00001O010O1O00001O0001O00001O1O1O010O1O001O001O1O001O0010O00001O00001O00000O10001O0O101O001O0O101O0O100010O001O1O1O001O1N2O1O1O10000O2O0000O101O1OO101O3M00O100O1O0100O100O10_OoPN3on1LSQN6jn1IYQNHK:kn1LbQN5[n1JgQN8Wn1FkQN<ln12N11N2OO000O2O0O0010O01O001O2N1N2O1N2O1010O9IOO0000iPN\ORo1j0O00O1O01O0000O2O001O1O1O1O001O0O2N1O10000O100000010O010O00100O00100O_PNF^o19aPNFbo1:2O10O010O100O100O010O1O010O1O1O2O0O00001OO100O10000O100000O1000000O10001N101O010O1O100O01N10010O00gPN_OTo1g0O01O1O1M201O1O2N2O0001O0O1000O1O010O1O1O100O10O2O000O100O2O000O10001O00O00100O001O01O0001O00010O001O00100O00010O01O001O001O1O1O001O00000000O2O000O10001O01O000010O2N5L0O01O010O1000O13M00O001O01O1O1O3M2N1O1O10001N100O010O0100O100O100O0010O01O010O1O2N001N10000000000000000O2O001O100O1O010O1O1O2N1O2NhW[R2
20111114063134Lh_8,Qc`Y24ko12M4L1O0O11O1OJIfPN5on1=nPN_ORo1b032OI531O001L30O201ON2K4100001O1N100O2O00001O001O100O101MV_Qd1
20111114063134Lh_9,mRS`12lo14_PNKRo16gPNK01Uo19iPNG01Wo1b00100O2lPNYOln1i0RQNZOkn1n00000O0O110O1O00O1YOWQN8jn1GWQN8in1IXQNGN8kn10XQNGN9in1MVQNI41M4mn11aQNN`n13^QNMcn13]QNLen12[QNO[o1O001O001O001O00N2101MWm`]2
20111114063134Lh_10,]e\o03lo1202N1O2N2M000O2NDePN6Xo1JlPN7Qo1IQQN7\o11O1O00101eQNDSm18iRNH[m18V110O1008H2M00N2L9GWYkn2
20111114063134Lh_11,gZiZ22lo13LLYPN5ao18N1O2N010N2O2OOA^OcQNa0]n1BbQN;om1BSRN4M9Rn1FmQN2H>`n1@fQNg0an1WO]QNg0on1MYO[OZRNb0em1GVRNK@0Zn18gQND84Xn1;_QND8NZn1>_QNB9OYn1?^QNBSo1;:O1N2N3N1010OO2O10dgRc1
20111114063134Lh_12,Zh`a01mo12O3N4L1O10O0100002O12L10OePNEQo1:nPNGUo16jPNJXo15fPNL[o16bPNK_o1:210N0N2O000000NF^PN9bo1300O100O10000000O0010OO2N2I\PN2co1N^PN2bo1N]PN3bo16N1010O0J`PNMao12aPNL`o146000001N2O1NVWoZ3
20111114063134Lh_13,e]kg08fo1114NO11N000000O1O0011OO1005K2RQN_OWn1c0eQNAYn1j0\QNYOcn1T1N5LO6HSRNiNUm1_1_RNcNbm1^1[RNdNfm1j1005L3K2O6I8fNYQNk0Qo1J6L4M5J8GT`lU3
20111114063134Lh_14,aehj21Vo31bQLO]n12i0O002O0000PP60PPN000QP20hPH4Yn1LgQN0YO1001Oco14`PNL_o11cPN0go1Okn70ZQH1QPN0l0Ofm12^QNN_Pf00Po[O0ePN2^o1O\PN2eo156IYP2OhoM100O1O200iP4LRoK0543L`X[Q1
20111114063134Lh_15,QZmZ31no10K40O1N210000000OPP4ORPL1lo1ORPN2MN401010O0O10010O001O0O002M21O2M2NH8000J7O101OTQN0im10VRN0km10URN0km10TRN0nn11O00001N1N002OOO12O1N1100O0100O010O001000001N1000O000mn10S10QPN1O00010O01O000101N101N203NMfib?
20111122063134Lh_1,]nhi14ho1;G<E3M3N1O1O0100002bQNTOcm1o0WRNVOhm1b1O10O0O2O0O1O1001O000O2M2K5OoMWRNl1im1RNZRNn1mm1O01O01O0011N1OO1N2N3N4K5L3M1O1O1O0O2NoRNQOSk1n0kTNVOTk1j0[SNjN[1?Yk1l0eTNWOYk1i0QTNoND:Zl1h0oSNROC:g3@_d1]1iWNNQ1fNU12oe1U3`XNWM[1HTf1W3VXNXM]1H\f1R3PXN]M6WO<a0\g1l2nWN\N`0nNag1Q5WXNUKjg1n4QXNlJ[h1T68K5M4M`0_O4M3M3M3L3L4M6J4N0N3N001M4L4L4I7L;E=VNbTN[Nbk1`1cTN\Nak1j0bUN`NYN1[l1W1[2I;E7K4L3N3Ill`P2
20111122063134Lh_2,edRl01no12NORP`01oo_O0O2O0000010O00100O001O100O1O1O1O001O01O01O00000O2O001O1O2N1O2OO0O100O1O100O2K`PNGco1920O100O010O011N2OO10001N02O4K2O00O1O010O10O10001O0O10O1O1O2N10O10003M5K100O001O2NO2N2O2M2O2M110O10OO2O000O11O0YQNCkm1>RRNDmm1=PRNEPn1b0cQND]n1o010hQNiNfm1X1RRNPOnm1a10M5I6Jd0POSQNJTo1MlX_l2
20111122063134Lh_3,ghRR37_o1JhPN9Wo180KiPN2hn1KYQN7jn1DWQN;ln1BUQN>Wo101O00100O010O01O01O10N100O2OO0101N100O1O1O1O1OO0^OiPN<Yo1CkPN9Vo1ElPN:_o1N01O6KO1O1000O001O23MO9F2N1N4MO3OmPNVOon1k0PQNVOnn1o001O0O110O1^QNlNVn1[1aQNgN^n1]1101L_QNeNbn1Z121O1O1O01kNeQNd0]n1XOfQNf0\n1VOgQNj0gn11002N1O1[OhPN?Xo1@iPN`0Wo1_OiPNb0Xo1]OgPNd0Xo13O100001O2ZOhPN?^o1N2M1O1N2N4LcSYh0
20111122063134Lh_4,ifRc25fo16N101O00100O1O10DaPN6eo100O0010O01O010O00001O001O001O01O00000001O01O001O001O0001O000010O01O0000001O01O001O001N101N1001O100O010O10O3N0O010O100O2O00O100O001O0010O04M0O100O1O01O010O0010O1O10O01O1O001O1O001OkWeV1
20111122063134Lh_5,Ye^W23lo11O2O1N101N1000I\PN4co1J^PN7do12000O101N10O3M1O100O6K00001N1010OfPN_O3Nln1o01O0O000O1O101O4L2O101M6J2N10N4M1O1M2N101N2J[OoPNe0Wo100O1@gPN7Zo1GhPN8Yo1FgPN;Yo1DfPN=[o1CdPN>_o1GbPN0ao1N_PN1bo1N^PN1do1O[PN1fo1NZPN2`0Nbn15_QNL`n14_QNN_n12bQNN^n12bQNN^n11cQNO^n1NdQN2To12O0O1O100O001aPNHUo18lPNHSo18nPNHRo18:010O0010O01000O1000O010O000001O001O00100O0010O01000000O011OO100O2O0O10O01KHaPN9^o150001N10000001N100MaPNE_o1>1O001O1O1OiPNEkn19UQNHjn17WQNJin14XQNMgn12ZQNOfn1O[QN1hn1LXQN5Zo1O10O01Omo3OTPL1O100O10O10O010O100O010O001O1O010O1N11O0O3N1NbWQ^1
20111122063134Lh_6,Qi\c03`o15dPNM[o1<01lPNCcn1o0O7I3N1O00O1nNfQN:Ro1O0O2N1O4M0O2M2O1N110O1000000O10000000O1O1O1O2NJ^PNObo1N`PN3fo1001N10O01O0002N2M`UiY3
20111122063134Lh_7,bcnT12mo12O1N1J6O1001O0O2N20O001O100000000O0001O00010O01O100O001O1N2O010O011N101N2O1N2N6J2N2O0O1O10O000O100O100O2M3N1O2N1O101N2O1O1O1O01000O010O00000102M2O000O00001O0101N10000O1N2O1O001000O1000000O100O4M001OO010O1O001O100O001O01O0100O00100O001O001O0100O010O2O00000000O01O100O1O010O01000005MN:GO00O1O10001O2N4L2N1O12N]QNPOTn1Q1hQNQOcn1d0\QN]Oen1o00003L3M6K1O001O0000O101O0O2dNbQNS1jn1CUQN[Onn1b0SQN]OQo1g04L1O1N2O1O3]ObPN?ao1NO2M2N3O02O1N2O2M100O013L_OIZQN7en1KYQN6fn1JSQNNN8on1LoPNO17nn12RQN1ln1NTQN4ln1JTQN6mn1ISQN8ln1HZQN2in1KXQN5jn1HVQN:Xo1O1O1O001O000O2O0O3NQWc]2
20111122063134Lh_8,RZia2221go11YPNMfo19M2N2M3O0O10O10O10ON3O10O0N30O10O1O100O001O100N20O01O1OO110O1O00001O0O00010O1N200O2L_OiPN`0Wo14O1O1O0001O1001O0001N002O100O01O0D^O[QNc0cn1A[QN6NFfn18YQN3MEln1l03101N1001O0O2N3J4O100O1O2O1O1O001O5K1O1N2N2NlgfX1
20111122063134Lh_9,WcVU13mo1O10011NRP60noI010RP40_Pb00goG0noC1koM0OO10O000oo50ooK0Ro70VQ80]PF1knMOdP40noE0RQn00onSO0`Zed2
20111122063134Lh_10,RdPc01jo16N10O12M7^PNDSo1f0M6SQNQO_n1[1K4H9M3L4M6I101O000001O01O0O2HIgRNVNVm1n1kRNQN^l1ObSNZ20fM\l1j2dSNVM\l1i2fSNUM[l1h1_SNSOol1k0[SNkNfl1k0hSNlN]l1U1dSNiN\l1V1fSNiNZl1V1hSNiNVl1Y1iSNhNVl1Y1jSNgNUl1Z1kSNdNVl1]1kSNbNVl1^1jSN`NWl1a1jSN]NVl1c1S1O2K5N1OhQNdNom1\1RRNdNkm1\1<1OnNdQN82^O]n19dQNMJOkn14]QNKmn13UQNLmn11VQNN^o1Na^cY3
20111122063134Lh_11,]cXT11ko16N1N2O10O2O2M2OFMePN4Xo1OfPN2Zo1OePNMN0\o13gPNKO1Zo14gPNK00Yo17dPNI40Xo11QQNOnn12RQNNnn12`00111O\PNNXo11gPNOYo11fPN0Yo10iPNOWo11=02OO0PP2000ePj00\oSO0_oQ10eP^O0moG0noM0l[Yf2
20111122063134Lh_12,ngda15ko100OQQ`0MTo_O6J01N2LnV[]2
20111124153054Bh_1,XeXb13do1<]PND]o1a004dPN[OQo1l0OO3N0O3M11O002O001O10N1O4M36G01O1M102N000O2N10O10000O001001N01001OO11O01N3M5L6K0O1O2N5K1O1000O5L9G1N1VOmPNd0Zo1N2N00000O2O100O1O001O0001O10OO2O2O0O00O1N3M3ImViX2
20111124153054Bh_2,gm\g21jo1:K3M4M1N2O1O1O01N2N2O00O010000000O2N3N4L2NOoPNBan1R1M3M3M>D01N9G0NaSN`N^j1b1[UNfNbj1[1WUNmNfj1T1VUNQOij1n0UUNXOhj1g0WUN_Oej1a0YUNDdj1<XUNLdj13[UN0cj12[UNOcj14ZUNOfj14RUN1nj15bTN5^k1W2000;GCmTNnKnj1e4M1O0VUNoJdj1\5L4K01O4M3M4L3N3K1VLTUN^2lj1aMSUN`2oj1^MPUNc2Tk1fLlTN22V3Zk1^LPUN0Ic3Ul1M10001WNiSNE`l1dNbSNg0;b0el1VOTTN5Pn1L0O1N20N2O100O4LO11O0001N2O1N2O0O2O2M2N4KgjlR1
20111124153054Bh_3,nc\g16go15M2O1O1O1O005K0O2O1O1O1O100O1O10O01O001O1O01O01O1O01O1N20O01O0010O01O01O01O00001O000O10010O1O100O3N2M2N1O100O01O010O101N01004L0010O1O1O101N3L3N200N1002[PNKWo1a0O0O1N2O00001N1O1O10VOoPNf0Po1XORQNh0So1100O0101O000001O001O10O010O00000100N200O4MO01O2O001N1O1N2O0101N2N101NgQNYO_m1?_RNHim1JWRN:fn13M2O1O001O0001SOSQNd0Yo1K10O1000O2N3M5IVVgo1
20111124153054Bh_4,Xcfn11oo11O001O00OTPNOko11UPNOio16O0000001O0O1011N00MI\PN9co1201O0O2O001O1O00001O0010O000010000O0001O010O01O01O000100O00010O010O0010O0010O1O100O0O20O1O2O0O001O1O100O010O1O011O0000O02O00O0011O2M010O10O010O0100O1O010O2OO01O1O01O0001O0001O01O000010O000001O1O00000000000000000001O00001O01O01O10O000001O010O001O001O010O001O010N1010O0000011N01O0010O1O010O01O010O00010O100O001O010O0010O01O1O00001O010O1O0001O0100O00100O1O01O0010O2O0O1O2N2O1N2N1O1O1O1O1OUZSd1
20111124153054Bh_5,Rb^W14jo13XPNJd17Ql14lSNORl12lSN1Rl11kSN2Tl1OiSN4Ul1LkSN6Sl1JlSN9Sl1GlSN:Sl1GeRN@U1k0Ul1GjSN;Sl1FnSN;Pl1GoSN9ok1IQTN7lk1LTTN4jk1NUTN3hk10XTN0gk1OZTN2ek1OZTN2ek10YTN1gk10WTN0jk12TTNNnk12oSN0hk1lN`SN2NV1c0Onk1c0iSN^OTl1X2O2OGjSNiLUl1R3QTNmLnk1k2g0N2O2N100N2N2SNiRNQ1Xm1oNkRNl0Wm1TOVSN?hl1B]SN:cl1E`SN:^l1FfSN8Xl1JiSN5Ul1MkSN2Sl11nSNNQl13PTNKPl15RTNHok18STNBPl1`0QTN\OQl1d0STNWOmk1l0b11OO1001O0O101O2M8I2N3M3N00100O101000O100N2N2O1M4M2N2N3M7H8H4M3L7J2N1O0O3Nc^Qc2
20111124153054Bh_6,jhV[173Jbo1>KObPND\o1=cPND[o1b0O1N3N2N3M100O102N0O2O1O01O4NOO1O2M201M2N4NOO10001O00000O101O001O000O010O010O1O2N00001O0O10000O1O100O10O0100O001O1O001O1O1NQP20PPN100O100000O1000kUQ`2
20111124153054Bh_7,^\[V25ko12M4L2M202N2N1M7E8M3K4101N02N100O01O002N1N3N1Nb0^O3M2M6Iablg1
20111124153054Bh_8,Qhdk21no15J5M101N1M2001OO2O1O000000O110O1O1O1O001O00001000O010O10O1010OO1O001O3M1O2L`WmQ1
20111124153054Bh_9,VhT]22mo14M3L2O0000001N2N2O0011N100O100O10O01O100O2N1O00010O010O0101N100O10000O1N101O2O1M2N20O0100O1O10O1O2O0O3M1AbPN:co10N1010O1O1O1O1O0LZPNMgo1250O1OO2NhVc^1
20111124153054Bh_10,Wcnn11no11TPNOio11WPNOho10500000XPN0`o1071ZPNO]o10dPN0\o10ePN0Zo12dPNN[o13ePNNZo1O_PN090Xo10jPN1co1O010O001000O0010O010O0001O01OQP20ooM0QP2000ooM0QP20ooM010O00010O010O00010O010O00010O0O1BOnPN1ao101O^O0SQN0^o110O100000O0\O0YQN0\o10O11O]o90cPH0PPN0O010TPd00TQl20ineL0UoI0cQN0Wo30PPN0O000QP20ooM010O010VO0bQN0Wo10XO0`QN1Xo1OXO0`QN1Wo10YOO`QN0Xo10YO0^QN0cn10\QN0dn10\QN0Zo11ZOO[QN2Zo10ZON\QN2en1NZQN2fn1NZQN3Zo1O010O\ONZQN3en1M[QN3fn1MZQN3en1NZQN2gn1NXQN3gn1MZQN2fn1NZQN2fn1N[QN2en1NZQN2gn1OXQN0in10VQN0jn11UQNOln12RQNNnn14QQNKQo15mPNKWo13gPNM\o11cPNO_o10`PN0bo1O]PN1do1O[PN1fo1OYPN2go13100O0100N101O001N110O0100O10XRNHfk18ZTNIfk16[TNIfk16^TNM\k11eTNO]k1NdTN3^m1N]PN3Zo1LnPN7Po1KhPNM75Qo10QQNOon11QQN0nn10RQN0nn10RQN0mn11TQNOkn10WQNOin10YQNOin1OWQN2hn1NYQN1in1OUQN1ln1OTQN1kn10TQN0mn10SQNOnn11QQN0on10QQNOon11QQNOPo11oPN0So1NmPN1To1OkPN2Uo1OiPN1Xo1OgPN1Zo1NfPN3Yo1MhPN2Yo1NfPN3Yo1MhPN2Xo1OgPN2Yo1MhPN3Wo1NjPN1Vo1NkPN2To1OlPN1So1OnPN2Qo1NoPN2Po1OPQN1on1ORQN1mn1NTQN3kn1MVQN3in1MYQN1gn10ZQNOfn1O\QN1cn1N_QN1bn1O]QN2bn1N_QN2an1N_QN2`n1NaQN1Xo10O0YOO_QN1bn10]QN0cn10\QN0en12XQNNin12hPNN:1nn15RQNKmn14TQNLmn13TQNMln13SQNMnn13QQNMQo12nPNNWo1NhPN2co10ko1NlVi^1
20111128175514Mh_1,W`fl13lo13N1O1N1N3N100O2O000000001O0000000O101O001O00001O000001O1O001O1O1O010O1O1O1O2N1000O01O010O10O100O010O01O010O2O00O00010O10O100O10O2O00O10O1O0100O2O0O1N2Oj^_n1
20111128175514Mh_2,Y_TS13lo12O0O2M3N101N101O001N10001O001N1O2M4M6K1O1O1O_OSQN0ln1MTQN7kn1>13M10MWQNmNin1U1000O0100010O002N4M0O10O01O1O1O002N2M2O1O001O1O0O2O0O101O00000000001O01O1O010O00100O10O1O10O1000O1001OO010O01O01O001O1O001N1N3O1O001O010O010O100O1O001O001Nd_Uf2
20111128175514Mh_3,nc^Q39go18gPNB_n1R1M4L2N1O3M3M2O2M5L2N1OnNoQN7om1FXRN[OIg0nm1LaRN5]m1JfRN5Ym1JjRN5Tm1IPSN7ol1BXRNIk0e0ll1@]SN`0bl1@`SN?_l1@dSN?\l1@hSN<Xl1ClSN:Tl1FoSN6Rl1JQTN3ok1MR2001O001O00001O1O001O001O1O001O1O001O10O01O1O1O2N1O001O1O0000000000000000O1N200O1010O01O010O101O1N100O10O100O0100O10000O1000O10001O000O4M1O0O2O001N101O002N01O34KO01OO10OO101O000000000O1O1O1100O00100O1O002M3N3M100O13L4M1N1O1O001O1O3M002N00001O101N1O3NO01O000000010O004J2N2MUXYd0
20111128175514Mh_4,]cTY32mo12N110O001O1O010O10O1O01O10O010O10O1O10001N011O0O2O0O1000000O012N0O0102N0O2OO101O00O00010O100O0000010O01O010O0000001O01N1000001OO10001O0000001O00001O001O0001O000001O00000001O0000010O0010O01O001O1O10O010O0001O010O001O1O001O2N2MS[g?
20111128175514Mh_5,mcZQ34lo12NK50nPN1VOOno110OO0O3O1OLUPN1jo1044NM1O010O02ONSPNOlo12kMN]TN3hm14L1O00000O2cMFPUN;Ym12CDTQN=mn1;1O000O1000000O10001O1O1O1O2N3L3NL4002M2M]Yak0
20111128175514Mh_6,^aRc24jo15L=D1M200O2N1O2N2lNVOPSNl0ml1YOoRNi0nl1ZOoRNi0nl1[OoRNg0ol1ZOPSNh0ml1YOSSNi0kl1XOdRN]O<]1ol1WORSNj0nl1WOoRNZOF_1[m1YOfRNP1Zm1l0N101N100000cNTSNGjl19^SNAal1<dSNB\l16mSNISl16mSNLRl14nSNNPl13oSNOok12oSN2ok1LRTN6MROkj1g0XUN:^O@Wk16[UNa1dj1]N^UNc1bj1\N]UNf1ej1VN\UNk1ej1oM`UNP2Xl1010O1000O2M2M3M5I6K:D8J5UOlQNB^n10S^_Y1
20111128175514Mh_7,j_Ph22no11O0O101N2O001N1O2JFdPN:[o1IbPN9]o15O2I^OmPNc0So16N1000O010000O1O010M3O1000O0100O010O10O101O000O10000O100O101O0O1O1O10001N1O100O01000O1000000001O0000001O1O002N1O2O0O1O1000O00010O000001O0001O00001O00010O000000001O00010O0O110O0000000001O00001O0010O010O0100O1O01O001]OnPN6So1AmPN42000Vo1NkPN110To1OlPNO20To10jPN03NTo12iPNOao11_PNOao10`PN0k_mo0
20111128175514Mh_8,jgdS33mo11O001O1N2O1O10O01O1O100O001O011N1O110N1000001O0002NO2O0003N0O010O1O100O01O02O1O0001N0010O01O0O2O100O00001O001OO101O1N2M2O2M3N2OoUYh0
20111128175514Mh_9,`hbl28eo15N4L3M2O2N001O001000O3M1O100O001O001O1O10O0001O00000O100001O00010N100000002N00001O01O000O2O00001O00O101O001O1N1000000001O1N2N2O1N100O100O01O010O100O1O2N10O0100O1O0100O01O1O1OLePNC[o1`02N1O2OON3O2N2O0O10001N1OfTQm0
20111128175514Mh_10,ZUoW24lo11O2N1O1O1N10002N001O12N0O0002N0100O010O001000O0010O00010O01O0010O00010O1O2N001N3M3N0NTjXe1
20111128175514Mh_11,W_lR16jo11O1O1NJ]PN1bo1O`PN1_o1OaPN1^o1OdPN1Zo1NiPN1Wo1NjPN2Uo1OlPN0To1OmPN2Ro1NoPN1Qo1OoPN2Po1NQQN1_o11O10O0100O1010O4L000000^O0SQN0in10[QN0Yo11RP4O00ooK00010O000010O00PP>0PPB0000000[O0ZQN0Zo11]OOWQN0\o1100_OOSQN1mn1OSQN1mn1OSQN1mn1OSQN1^o1000@OQQN2nn1NSQN1mn1OTQN1]o11^ONUQN1kn1OUQN2]o10]ONWQN2\o1O]OOWQN2in1NVQN5hn1KXQN5Zo11\OJ[QN5fn1KYQN6gn1JYQN6gn1JZQN4fn1MYQN3hn1LYQN4gn1LXQN4hn1LYQN4fn1LZQN4gn1LXQN5gn1KYQN5gn1LXQN5hn1KWQN6hn1JXQN7hn1IVQN9in1GUQN<kn1DTQN>kn1BTQN?kn1AUQNa0jn1_OUQNa0ln1^OUQNb0kn1^OTQNb0Vo10O010O000000000013L2N1O2N2N1O1N2O1O1O_P26lnMKjPN109d1I]k1k0_TNXO`k1m0[TNSOdk1Q1XTNQOgk1R1VTNoNhk1V1TTNkNkk1W1TTNiNkk1Y1STNhNmk1\1nSNeNRl1b1eSNeNVl1[1hSNhNWl1X1fSNlNYl1]O_SNX10Cal1TO`SNZ1LDel1PO`SN[1LEfl1mN^SN_1KEgl1jN_SNl2jl11O01000IQM\SNe0N_1nl1_NSSNc1ll1UNRSNH2V2kl1nMWSNIOZ2ml1hM\SN9MX1Xm1fNmRNW1Sm1gNRSNV1nl1hNWSNU1hl1kN]SNQ1cl1nNbSNm0`l1QOeSNNgN01h0dm1XOkSNg0gm100010O01N101O1N2N2M3LoPNHZo15L2O00001O0O3N4M2fPN_OPo1b0mPN_OTo1a0jPNAWo1c01O00001O2O1O0O010O100O010001N>DO02N2N1O00000000010O10N2O2M1O2N2N2M2O1O1N3M101O2M3N2N3M21O0OO1N_P4OcoK1M3K4O110O01O001O1O001O1N4LaXm]2
20111128175514Mh_12,Wd^Q31WP22noM1WP6MG0noK0So70hPH0eo70\PH2fo3N\PN0PPN000000000PP60PPJ0PP20PPN0]PN0Vo10kPN0WS40[lM010^P<0eoG000moK010QP40PPN0noM010O0RP20\k70bTF0O0VU80kjG0100000O00100O100N10O10O1XPNM`o15\PN0bo18N10100N23M1O0O2O0O3M3L2O1N[Ueg0
20111128175514Mh_13,lddS13mo11O2N1O1O1O001O01MZPNJfo162O11O10O00001ON20IYPN5io1001M2O01000O10O10O0100O101O0O100001O0001O000010O01O010O10O10O010002M101N4M001O1O0003M0O100O100O2O1O001O0001O4K2O00001O000O10O1O1O1O2N1O1O001O1O10O02McY]f2
20111128175514Mh_14,oaTY22mo12O0O2O1O1N2M3M2O1O0O1O2\O@fQNb0Yn1AaQNc0_n1BZQN`0dn1>N3O02N2M2L6K5M2M3J6M5GS_Se1
20111208173814Mh_1,Pe^h25jo16XPNL[o17fPNFXo1c0O1O10000011M105J010CbPN6fo1OO00000000O0100O10O10000010O02O01N7I10O00001O01O010O1O103M5M1O01M2N5J3M1N2N4LfWWT1
20111208173814Mh_2,SdlQ16]o1OjPN3Vo1OgPN2Xo1<00O013M0O10O00100O01O010O010O001O010O100O11N0100000O100O1O100O1O2N102M1O1O1O0010O00010O01O01O000010O0010O001O010O001O00010O1O1O010aPN@\o1b01002N0O2O000O100O100O100O100O10O0O100O2N1@hPN7Yo1GkPN7Vo1GkPN9Vo1FkPN9_o1N1010O01O0000010O000010O001O010O1O1O1O01O1O010O010O010O10O001000O01O010O1O010O010O01O100O1O100O001O01O0100O1O100O2N^Ycd2
20111208173814Mh_3,f]Ya18fo13N1O2O0O2O001O0O10001O0000000010O000000000000000O10ON4O000O010001N10000000000O2O0000000O1O00100O1O100O100000O010O1O1O1O1O010O00000OO2O1000M4O001O0O11O0O2O001O00100O001O00001O1O001O00001N110O001O0L40M12O0N3O1001O000O20O00O00O0102O001N11N1O11N11O0G9OO1100M3O100010NNJbQNoN`n1Q18O010O001O1O100O01000O1O10O01O1O10O01O100O10000O100O1O101N100O10000O100O100O001M2O2O0001000O10O01000O10O100O100O100O100O101N100O1O1OYfTR2
20111208173814Mh_4,[dRb24mo12O4MOO1O101O11N02M100O01O0O12M10000O111N1N10011N0000000000O100O2N011N100O100O1000000O2OO11O1O00010O01O1O3M6J003N0O1OO10001N100O2O1N1O100O100O010000O010O10O1010N10O2O000001N100O2O0O1O2O00O1O108I0O10N111N002OO1N2O000O100O012M001O2NXWeV1
20111208173814Mh_5,lPi_23mo11N100O101N1000000O100O101O01O00O100O1M3O101N11O0000001O0001O0N201O00001O2O0]QN@em1?YRNEem1=WRNFhm1;VRNFkm1<oQNHom1;iQNTO2b0Un1>iQNEUn1W1L0000O002N100O1O2O0O1O2O0N3N1K6I7M4IRQNVOSo13RQN9Ro1EQQN9]o1N1O1N3N2M_nh[1
20111208173814Mh_6,RWmb22io15O3M103M2M2N2O3L3N1N3M101M3N2N1N2N10000O01MM7OON21N3OOOO03L5N2N100O2O100N200O2O0O1000O010O1O10O001O1O1O0N5J4N2M4O00^j\Y1
20111208173814Mh_7,g]de24lo10O2O001O001O001O01O01N10000001O100O00O101M20000O1000001O1O0000000O2O1O001N101O000O2O00000000000000000O10O001N2O100O1000000O100001O1O2O0O1O001O010O011O0O10O0010O010O010O01000O0100O0100O010O001000O010O4M5J4M3M0O100O010O01O000010O01O01O001O1O3LTP40loK101O1O1O1O1O0N3M4L3fPN_ORo1e0kPN]ORo16oPNJ020MPo1>QQN@O7nn1:RQNJnn1d001N2O2N1O5K2N2N1O1O1N2O1O00000O1001O0O2O0O101N101N2O2N1O10000O10RRNkNPm1U1nRNmNRm1R1mRNPOSm1P1lRNPOVm1P1hRNQOXm1o0fRNSOZm1m0eRNSO]m1m0`RNUO_m1m0^RNTOcm1l0\RNTOem1m0WRNVOim1`11O1O1O001N2O1O001N2O1N4L2O1N3M2M3K8J5L3M2N2N2L3N3M3N3Kf_Wm0
20111208173814Mh_8,aeXZ24lo11N2O00001O001O0000000O1O10001O002O1N10O010O1O1O10O10O01O1O1O2OMcPNB]o1=cPND\o1<dPND]o1`0O10O1002M110O1O11N1000O2OO1O1M2016I1000O1O1O001O0O3N000000001O01O0100O10O010O001O1O010O1O2O000O1000N101O001N100000000O1000000O100O1000O10002N1N10001O01O010O00O100O20N2O0O1O10O0010O100O101O0O10O01O10hKClXN<Vg1DhXN<Yg1DgXN;Zg1EeXN;[g1FeXN:`k10nKE`XN:bk1101O000000000O2O010O0010O0100O002OO0010O00010O01O0LbPNF^o1:40001O010O2M101O01O000O10O2O1O1N2O2NjUQZ1
20111208173814Mh_9,Rdh?1ko16L3GGhPN;Uo1:N1O100O2N100O1000001O00000000000010O001O0001O0001O010O010O2O2N1O0O1000O100O00010O01O0000001O001O0001OO2O00001N1000000000001O00001O0100O02O0001O1O2NO1N1021M20OO01O10ePN@Vo1>jPNCUo1?hPNBXo1d0O00ZOoPN=\o1N2OO1000O010000OO20O0001O000001O00001O0000002M1O1O100O0RO@]RNa0cm1@\RN`0em1_OZRNb0fm1_OYRN`0hm1AVRN`0jm1@VRN`0km1_OTRNa0mm1@RRN`0nm1@RRN`0om1_OQRNa0Pn1_OnQNb0Sn1^OlQNb0Tn1^OlQNb0Tn1_OkQNa0Un1_OkQNb0Un1]OkQNc0Un1]OkQNc0Un1]OkQNc0Vn1[OjQNf0hn11O000O10000O11O1OJZOSQNd0mn1]OSQNb0nn1_OQQN<Uo1CkPN;^o100O1O10000O101N10000O2O1O0OnZkU3
20111208173814Mh_10,`eZZ21XPd00go]O001O010O11O1O01N10O000O1010PP20PPN000QPN1lo121NN0UPN0jo1OXPN1go1OYPN2ko1O1O01011OO0[OO[QN1[o100OZO0[QN1en1O[QN0en11[QN2an1NaQN3^n1LaQN6^n1JaQN6_n1K^QN8an1H_QN8an1IeQN0[n10fQNOZn12fQNNZn12eQNM\n14cQNL_n13`QNN_n12aQNN_n13`QNL_n16`QNJ_n1:_QNF`n14TQNL<1^n10mQN0Ro1000^OOTQN1ln1OUQN0^o1010O0_O0RQN0_o10_O0RQN0_o1010QP20[oM0VQN0^o1010O00000XO0h00dPN0[o10[O0YQN0gn10YQN0hn10VQN0kn10UQN0kn10UQN0kn10UQN0kn10c00aPN0mn10SQN0ln11TQNOkn10ePN0`00mn10RQN0on10QQN0ln10fPN0=0on10cPN0>0nn10dPN1>Oon11RQNOon10QQN0nn11TQNOin12d0NePN0gn10YQN0gn10d01fPNOen11ZQNOfn11f00O0O0100O02O1O0O1000O2N100000bPNOln11c00O0`PNOQo10Ul16_XLJZL0kj14e4OTTNMig12S40STNNkg11bXNORg11aXNO]g10PUN2ao1OPTNO\L0Wk11iXNOhf10\UN2_o12^OLUQN2kn1NVQN1U3O`h12^WNNch12\WNNiL0kj10\UN0gn10YQN0]30Xg10[UN0m20Xh10kTN0l20oL0kj10ZUN0gn10iTN0[L0lj10XUN0in10gTN0ig10VXN0^L0mj10SUN0PS20_H0bXN0mf10aXN0Qh10`80nJ0bP20ooM0]PN1Uo1O_P40[PJ0Xo10=0[PN0Xo12ePN0[o1OePN2Yo10fPN0Zo10gPN0Xo10hPN0Xo10hPN0Yo1NhPN2Xo1NgPN3Zo1MePN3[o1NdPN3\o1MbPN4_o1L`PN4`o1N^PN2bo17O010O0001O101N000001N110O1O100O2N2O0001O10O0O100O01OK_OkPNb0To1^OlPNb0To1_OkPNb0To1^OkPNc0Xo11O1M4N11O000O00001OLYOPQNg0Ro113N1OM[OlPNf0So13001O010O2O1N1O1O2N1O2M3N2M4KmUWV1
20111208173814Mh_11,gdf[12mo13K3O2N3]PNE\o1`000L3O2O0N200M200O3O1O0O1O2O0O11O0O11OObLPOPXNo0Qh1SOlWNl0Wh1SOhWNd0gLAon1>9000O2N2eLZOWTNOn2h0lh1_ORWNa0nh1@PWN`0Ri1@mVN`0Ui1_OjVNa0Wi1_OiVNa0Wi1_OhVNa0Yi1_OfVN`0\i1_OcVN`0`i1@YVNb0li1^OPVNd0Rj1[OnUNe0Qj1]OPVN`0Sj1_OmUN`0Sj1AmUN>Tj1BlUN=Uj1CkUN<Vj1DjUN:Xj1FgUN8]j1GcUN8_j1G`UN:`j1G^UN9cj1G\UN:dj1GXUN<gj1EVUN=jj1EQUN>Pk1CnTN=Sk1CiTN`0Xk1AcTNb0^k1^O_TNd0bk1]O\TNc0ek1]OZTNc0fk1_OkSNEVOo0Qm1]OdSNo0]l1RO]SNR1dl1oNVSNU1kl1o01O2N2N1O2O1N2O1O1M2O1O2N2N2M3N3M2O2M2M4L3I9H7K6K4L4N4L1O1O2M2LP_o]2
20111208173814Mh_12,gadm11no12N101N2O12NO10000000002O0O02OO1O0O2O0002M3N0000001N10001N[]_P2
20111208173814Mh_13,Ue^h21TP21SPNOco10WPN030mo10do;0_PD2gP>NWoG0ooK0ooM0jo30bPL6ko9J60ioE0QO0eQN1Yn1OgQN0Uo1000O0`W_T1
20111208173814Mh_14,^]bm12mo12M2O1O2O0O2O00000000000000000O2O0000000000000000M3000001O000002N100O01O1O1O000010O000000001O000O10000001O000000000000000000001O000001O00001O010O001O10O01O10O01O010N101O100O00EbPN4_o1KfPN0Zo10fPN0[o10ePN0eo1002N5K2J5O1O001O002O0O010O01O1N101M20001O000100O01O10O01O10O01O1I_PNLco12^PNNdo1063NO2OO00001O1N2O001N10001N101N102N0000O1000O1000000000000O2O00001O0O101N10001O00001O000000001O00000000000000001O0000000010O01O10O01O00001N1000001O000000000000O10O10000O10000O010O10000O100000000000001O000000001O00010O000000O10000LUQNSOkn1m0UQNSOln1l0SQNUOmn1k0SQNUOmn1o010O01O010O100O10004K10O100O010O1O1O1N3N100O1O10O01000O0100O0001O000O10001O001O10O0001O00001O0O2O001O0010O000QQNUOjn1k0UQNUOkn1k0UQNVOjn1j0WQNUOjn1k0VQNUOin1k0700O0100O01000O101N0010O00010O0000001O100O001O10O01000O10000O10000O1000001O001O0O1000O10O1000000O10001O00O1O100O20UQNROan1W12N000O2O01O00010O00O2O000O100O100O101O00000000001OSQNUOen1j0YQNXOin1P11N00001O0O3N1O1O1N11O010O3L100O00100O1005J101N1WOlPNc0Uo1\OmPNc0So1^OmPNa0So1@lPN?Vo1AiPN>Yo131O2O1O1DaPN6^o1JePN3\o1KgPN3Yo1MiPN1Xo1OhPN0Yo1O<01O10R]_W1
20111208173814Mh_15,gcjQ12no11ZPNN`o164MPPl0MmPXO0WoK000QP40ooK0SPb00Zo_O2cPNN0000=0UO0=0>0UO0^P20QP:0_P20boG0noI0RP2010O0noM001O1O001O0000O100O00O100O1O1@LSQN5kn1OSQN1ln1LjPN0:3So1LlPN3Vo1MhPN4Xo1LhPN4Yo1LgPN3co10GMePN3do10010OVPNM^o10hPN6ao10001O0010O01O1O1O1O01O00010O01O010OEOgPN2Yo1NgPN1Yo1OgPN1Yo1OhPN1Xo1OhPN1Wo10hPN1Xo1NiPN2Vo1NjPN3Uo1NkPN2To1NmPN1To1NlPN3So1NmPN1To1NlPN2To1OlPN0Uo1OkPN1Uo10jPN0Wo10iPN0Vo11iPNOWo12hPNOXo11hPNNXo13gPNMZo12fPNN\o11cPNN`o10^P<1koC0PP>2ioA7I5N1O4L2O0O2O2M0UQNWO_n1i0`QNYO`n1g0_QNZO`n1f0`QNZOan1e0_QN[Oan1f0^QNYOcn1g0]QNYOcn1h0]QNWOdn1h0\QNYOcn1;WQNM5Idn18YQNN3Kdn14^QNNNOfn1LdQN0G4bo1100O4M1O2M1O010O00100O2O1O0O1O10O1O010O1O001O1O001O0001O01O00001O001O010O000000O102N1O00LcPNE^o1:bPNF^o1:bPNE_o1>1O001O001O001O1O001O10O01O1O2O0O2N[We^2
20111208173814Mh_16,[]]Q23lo12N2O0ZOL`QN4`n1L]QN8bn1JZQN9en1IXQN9hn1HUQN:ln1FRQN:on1<O02N1O0000001O1N2N1N2O100N101O1O011L5KUcfl1
20111216103234Ch_1,iiRf01no12O0aPNNPo13>100dPNNhn12XQN0gn11WQNOin12WQNNhn13XQNLhn15XQNIhn18`01N2N1O1M21KdPNE]o1:40100O10O010O01O1000O10O001O00N21O1O100O2O001O0010O010O010O01000O10000O6J011O01D^PN7fo11O00001N010O0100O100000O2O0O010000O1O3M2N2N_UkT3
20111216103234Ch_2,PcTZ1;bo17J4K5[MZOiUNj0Sj1\OhUN4oM0Wl14`UNJ`N0ok1c0PUN_OUONfk1g0QUN\O\OMek1e0jTN_OFKhk1>oSNDC2j0Lfk1;iSN9e0]Onj1HTTNO7c0N9m0]Ohj12ZTN:K:U1ZOfj16UTNW1Y1bNdj1m1`UNSN`j1j1cUNVN^j1Y1STNeNc12[j1P1YVNPOki1h0YVNXOji1a0ZVN_Odi1?`VNA^i1>eVNA[i1>fVNCXi1<kVNCTi1;QWNElh18ZWNFgh15_WNK`h11dWNNXl1N2O001Nk[ic2
20111216103234Ch_3,cfh[25io11O3N1O10O10O0O2N01OVOGPRN9Ym1I`RN067Zm1K\RN194[m1NRRN5c0Nhl1HoRNi07_Ohl10kRNc0;_Ogl11lRNa0<^Ogl15jRN?=]Ofl1]1XSNdNgl1]1XSNcNhl1_1VSNaNjl1`1TSN`Nnl1a1mRNbNSm1`1kRN_NWm1R23O0O100001O101N100O2NDmRNnMQm1o1VSNnMjl1P2YSNoMfl1P2^SNnMbl1o1cSNPN\l1n1n0K3N2IkQN_NYn1\17oNaQN?bn1B^QN;dn1F\QN8bn1GdQN6^n1GeQN5_n1IbQN7an1CcQN<Xo1H3MR\i`1
20111216103234Ch_4,d\ab21no14M1N1LJ\PN9bo14`PNEXo1e0L5K2N2O1O001N2NVOYQNK0;en1J]QNH2<_n1LPRNOnm11TRNOjm11WRN0fm11]RNN^m15dRNJ[m11lRNOSm10oRN0Rm1LRSN3^n1O1O101N\bf[1
20111216103234Ch_5,PePd184IYo1g0F5N3JQOVQNS1gn15N2O2MUOjQNOTn1OZRNGfm15`RNI_m16dRNI[m14hRNMWm11kRN1Sm1NPSN1nl10SSN0kl11VSNOjl10WSNOhl12YSNNdl12^SNN`l13bSNM]l12dSNO\l10eSNO[l10fSN1Yl1NiSN1Vl10jSN1Tl10lSN1Sl1MPTN3ok1LQTN5mm1001O001000O001O0O2N3MjY_Y2
20111216103234Ch_6,icl`02fo19N100O1O2O3L3M4K6K3K6L3NfN^QNb1_n10M2N>A4K2O3L3M4M33gMgRNa1km11002TNnQNd1Wn1SORRNHom1OYRN1jm1@dRN=cn1N0O1OO100N3M2O1O1O:F1O01M2J7L4K400000O10001O001O100O01O1M3J]Y[[3
20111216103234Ch_7,``l`23lo13M1O2M2O1O1001O0000O1N201O1ONbPNC]o1=dPNDZo1>ePNA[o1OePN>0BYo10kPN>To1EkPN;To1GkPN9Uo190O100O1O1O1N02O001O1N1MZOmPNg0Ro1400O100O1O1O10000001O1O1O1O1N101N10001O000000001N1001O010O000001O00001O0000100O002N10O1O2N1N101O1O001OO101N10001OgPN\OVo1h0NLmPN\OTo17nPNMYo1MePN050Wo10>0002OP`kX1
20111216103234Ch_8,UenY13mo12O1SOKmQN5nn110010000O10O00O2N2NbN3\1Of[Qe2
20111216103234Ch_9,[Z_d02mo12O3M00001N2O00100O01O01O1O2KCcPN>[o15O10O010O10O0100O6J002N2N100O001O001O001O01O000000001O001O00001O00O01O10O1O01000000O10M[PNJeo17110OO2O0101O5K1O1OVeTW3
20111216103234Ch_10,l[lg13lo12O00001O000010O00001O01O00010O001N10000000003M02N04\PNDYo10fPN`0Zo14N10O1O1N3M10N21O010000O1M3000000001O3M1O0O01000000100O1O001O000000000001O1O010O3N0O1O3M1O1O1O0001O1N3N1O10O00O2O1O1O1O0K_PNL`o1;11M3M1K\OlPNe0So1]OlPNb0To16O010O01@kPN3Vo1<00O00@kPN5Vo1JlPN4Uo1JnPN4Uo1FPQN8bb_Q2
20111216103234Ch_11,``d`21no120O012OPP2OPP40ooI0C0=000O0_PN0bo11_OORQN1mn1OTQN0\o10UPN0jo114OYO1kPNO;0B0Vo11mPN0;OPo10PQN0nn12RQNN_o30oo10\oK0[QN0fn10XQN1[o3ORPN000O01000000000000000000000000000SO0n00jPN0Uo10O010000000000000YO0]QN1Yo101O01YOO^QN0bn10^QN0Yo11O0ZOO]QN1cn1O]QN2Xo10[ON\QN2dn1N\QN2Yo10\ON[QN2en1NZQN3Yo10^OMWQN4hn1MXQN3hn1LYQN3gn1M[QN2dn1N]QN1Yo110O1O010OO100XOO`QN1Xo11O1YOM_QN1\O0To1OdQN0Qo12WPN0[o12iPN5Vo1GiPN2N9_o13001O1O2O0O0000O101O0101OO02O1N1OO1004L2N1NXP<0hoC3N1O1O2N1O1O101N00100O10O100O100O0010000O01002N1N10000O1O101O00O0001O001O000OP^kT1
20111216174914Mh_1,kfd^27go16K101M200N2N2N2N2O0001O1N100O2O001O001O_ME]UN<bj1H[UN9`j1M\SN@o1c0ej12aTN\O]Oc0Sl13XTND_O;Zl11cSN]OKML`087^l12^SN=MDel1[22L30N020001O0O1N2000O01O1O1O1N2N2O001N2M3O1N2N3M2O2M6K4I6K5K4K4L301O1L4M3M4K5HhPND[o18dPNFfo15U\o\1
20111216174914Mh_2,bing01no1101N2O0O1O2O0O1010OO1O1010OO1001O000O10O11O0000O100010O0000O010O1000O01O0010O100O100O100O10O1000O10O10000O10001O00001O00100O2N1001O002N000O2OO1000O10O010O100O01010N1O2O2ON3N1N1O1O1O1O002M2NiUQR3
20111216174914Mh_3,f\[e27ho13M2O1N3M2O2N2M2M3O2M1@WO`QNM3n0[n1`0O1001N1O1H9K6L4J5N2M3M3G;KjcnX1
20111216174914Mh_4,[`jb21lo13O2O1N2O001O001N1N200O101N101O0O2O1N2O000O2N1O2O0O10000O2O0O10000O010O100O01O010O010O10O0100O100O100000000O1000001O00000000000000O101O00000O100000000000000000000001O01O00000000010O00010O000O2O2N2O0O1O01000O00\O\QNLen12]QNMdn11^QNObn1O`QN0`n10`QN1`n1NaQN1`n1MaQN4^n1LcQN3]n1McQN4\n1LeQN4[n1KeQN7Zn1HgQN7Yn1EWQN0`0<Yn1CWQN1`0=\n1AfQN?nn100O100O3N1N1O1O100O2M3MXPb00ho]O2O2N1O001O001O1O010O001O010O01O01O010O010O01O01O010O1O1O010O1O010O1000O010O1O10O00010O01O000000001O001O01OO10O1fPNGnn17QQNMnn12PQN1on1NQQN4on1KPQN6Po1IPQN8Po1HoPN9Qo1FoPN;Ro1CoPN=Yo1100O2O0000000001O001O001O00010O001O010O1O001O1O101N2N2MW]an0
20111216174914Mh_5,g`\]1230n16[k1MgRNOh1<\k1FlRNKO1d1f0[k1J_TN<\k1I`TN9ck1FZTN;fk1FXTN:ik1G]SN_O2j0dl1JVSNl0ml1UOnRNj0Rm1o06K3M5M2K6J4N5I5WOgQN]O4J[n1d0h0N1L4O1O2O1Ml_o`2
20111216174914Mh_6,Qcha04jo14N1O1O2N3L4N0N2O001O0100000001OO010O01O01M\OhPNd0Xo121OkPN]Oln1OPQNc04_Ojn1NRQNd03_Omn1b0RQNAln1`0RQNEin1o0I4M3M3M4K4K6_RNPNhl1g2M3MkMUSNXOLm1ml1iNaSNU1]l1jNVSN_O50N^1el1_OZSNQO6`1\l1kN\SN52^O9b1Wl1kN^SN0OCg0a1jk1mN_SNMo0V1_k1mNbSNKd1h0ij1YOfSNMj1g0\j1ZOlSNOk1e0Xj1\OnSNMl1h0Tj1ZO\VNe0ei1YO]VNf0bi1[O^VNe0bi1[O^VNe0di1XO^VNg0ai1[O^VNe0ci1[O^VNc0bi1^O\VNc0ci1^O]VNb0di1YOgSNOf2g0ci1YOaVNg0]l1O0O2O0O2N100O100O1000001O0O10O1000O10001N1O2N2N4J`YmX3
20120107063134Lh_1,dolh15jo15L2N0O115J10O2N01O1O1M6J3O1O1O101M5L1N1XQNjNen1Z1\OhN[RN[1dm1hNWRN_1em1YOVRN6hm1I[RN6dm1JYRNTOOS1gm1G[RN>em1^O^RNc0`m1\OcRNDKa0`m1JhRNAMc0Zm1LlRN^OMe0Vm1L_SN4`l1JbSN;Zl1@kSNb0iNSO[m12PTNo0am101O1000N2O0O02O2oNTQNh0So1O1M3J7K4N2M4KenjS2
20120107063134Lh_2,ViX>6fo19F<F9QRNSOZl1KgRNT1f0YOZl1HQSN[2jl1fMRSN`2nl1:N2mSNoLTk1T3eTNUMUk1o2cTNYMZk1j2`TN\M\k1g3K4M2NO1M3M31CdKUUN_4gj1>02N2O1N2M3M3M2M3JjNQVNeLmi1Z3]VN_Ldi1`3bVNYL_i1f3kVNmKZi1P4\1L3N3O1O10O010000O1O2N1@STNjLQl1S3?N2VO[SNYNel1c1gSNUNYl1i1oSNPNRl1n1Q1M2N20O11_OWRNkNjm1P1\RNnNdm1Q1_RNmNam1Y1`0O0O110O1N3O0O2M3K4O2O0001O001O2O1O0O10O0O2L3M4N1O2N101O010O1O10O01O0000010O0O100O2O001O0O2O1O010O10O010000O01O10O0000O11O100O1O1O1O2IZPN2jo1Nk[gY3
20120107063134Lh_3,j[jh14io14N2N200N2dPNCRo1i0L3N00000N2N2O2O1N4L2N6^QNcNTn1j1J3I7JjM^RN]2Ym1;J4L3M3M2O1000gMeSNTODf1gl1mNTTNP1mk1lNXTNS1hk1kN[TNT1dk1jN`TNT1ak1iNoTNh0Rk1UOQUNk0oj1SOSUNn0lj1QOUUNo0lj1oNUUNQ1nl11RQNoNjn1V1O11ON2OjN\QNn0kn11O1OO001N101N101O1O1M3M4M3L3O0O3N1O2N0O10002LUbmR2
20120107063134Lh_4,e]lY14io13N3N2M2O2O1O1O00O1O2O1O100O2O1OO010O10O0001N10000011N00100005J1O10001N102M20N2N2N1OO1O1N3O0101O0O101N2N1O000018JBfPN9Ro1DQQN=ln1CUQN>jn1AXQN>gn1CZQN>dn1B^QNb0\n1^OgQN?Yn1AjQN;Xn1CmQN:Tn1CQRN>hn1N2M2N01O001N200O10O1O2N2M5JQQ46QQJMck1<WTNJck1:XTNJgk17WTNKik17STNJok18lSNIVl18gSNH\l17bSNHbl17]SNEjl1:SSNDSm1;jRNEYm1=nQN^O;6im1i0PRNWOSn1Z11N3L5L4I<D7J4L4M3L4N2Ld^[_2
20120107063134Lh_5,ee\h16bo1;L2O0jPN^Onn1c0PQN_Oon1j03M3L2N1O001O0O2N2O1O000010O010001D\PN9go1O01N101N10O103L4M10N1O1O0O2O001O2M6K8H10O0000000O10001N101N2N1O1N2N2O2M20O01O100O1000000O1000001O00001N2NZYkR2
20120107063134Lh_6,d[Ri12<OTo11nPN3ln1Md0O01O1O11M00VQ20Vm90^S<0Yn_O0PPH00120[L2RWNMeh13oSN1^3LfL0_k1?g3HdPN2\o1:^TN]OXM0Yi1c0cZN]O]e1e0`ZN\O_e1g0_ZNXObe1h0]ZNXOde1h0\ZNXOde1f0^ZNZObe1f0^ZNZOce1e0[ZN[Ohe1d0l4NYUN^OUf1<jYNEZf18fYNG`f12aYNNlj10iP40doK1OOnaoR2
20120107063134Lh_7,cZ_k11no12L4N1O2O1N2^PND^o1`0O2N2O0O0000010O1O100O1O1O1N1010O03M1O001N2O001O001O4M0O1O0000O2O0O01000O001I7M3O10OMmPNYOTo1h0lPNXOTo1g022N4L2O1HROZQNQ1dn17O1O2N000CcNWRN\1hm1gNWRNV1em1hNSRN47T1em1TOYRNl0hm1TOWRNl0im1VOURNe0Qn1\OmQNe0Rn1e01M2N4J5N2N2O0O1O1N2J6N2N2N2N200O1O1O0O2N2O2M201N1O1O010O100O0010O0100O100O2N101Ndfdm1
20120107063134Lh_8,So\b04jo14I6HEgPN=Uo18J61N1O01O2I7N3L4N3L4LjNkQNd0Un1ZOPRNb0Rn1\ORRNa0om1]OXRN=jm1@[RN=em1B_RN5TOIbo14PONV12N20O010O000O2NhRe[3
20120107063134Lh_9,`eZh1?`o1GfPNNio1M10UPN1co11ZPNOOOgo14[PNLmo10TO1fQNO]n11_QNObn12\QNNgn10XQN0\o10]O0U10]O0B0?1N1O1aPNMPo15PQNKon15QQNKon16QQNJnn17>1XPNH90Ro1:mPNF]o10dPN0Zo10gPN0Wo10_PN0;0Uo11lPNOTo11kPNOVo11jPNOYo11cPN1`o1N]PN4bo1L^PN3ho10HMbPN2^o1NbPN3\o1MfPN2Yo1OgPN2Wo1OjPN2So1OoPN0on10a0000100O0000001O1O10PP20cSL5dh1KYWN8fh1HYWN9Xi1GVVN:Yi1FXTN2[2<]i1BWTN1Y2a0bi1^ORTN2[2b0ci1\ORTN1[2a0ei1^OPTN1\2?fi1@mSN1[2a0hi1_OmSN0S2i0Pj1WOlSN1h12SNi0Zl1TOkSN1h1R1^j1mNjSN1h1Q1_j1nNiSN1h1P1`j1oNgSN2i1o0`j1oNgSN2i1n0aj1POfSN2j1b0SNA]l1KfSN2j1a0UN@\l1NdSN1k1`0XN^OZl11cSN2j1:Sk1DSSN2j19Tk1FPSN2m16Tk1ImRN2Q2K[k1<W2N0O00O1N3L3O1001N4M2M1000O11O1N4LWYgQ2
20120107063134Lh_10,ai`]36ho13M2N2O1O00001N1O1O1O2O01000O10001N2O1O2N2M3N2M2N1N3N101M3N11000O1N2O1O2N2O1O1O1N1O2N2N2N1O000kRNQNZl1n1gSNTNWl1k1iSN[NSl1c1nSNcNmk1[1STNhNlk1V1STNnNlk1Q1RTNQO_OYOUl1g1WTNUOAUOZl1g1PTN^NCg0^l1l0jSN_NId0_l1m0dSNaNLd0`l1^20101N3M3M3O0OO1O1N3M4F;K4M3M2M3N8I1N3M10ON2N3L4NO11XN]RNR1em1jNbRNP1Zn1K5J6K5L4L4L5J[Te<
20120107063134Lh_11,ZcjU32no11O00001O1O000O2O10O00010O010O00100O01O01O01O0100O010O10O010O001O1O010O010O00100O00001O1O000O2O0O2JCfPN>Zo1400O10N2O1O1000000O1000001O0O100O2N3M2N2O0O2O1NZ\_e0
20120107063134Lh_12,U^lh22no11O1XPN0^o12_PN0`o19N10002M102N0O100O1000N2M3O100O2N1O1O101O1O0000O10O100001O00001O01O1N101O1O0O20O001O01O2N1NeaoS1
20120107063134Lh_13,i]]f06io1100000O0100O010000000O1001N0100O01000O00100N2O100O001O1O00M4O001O100O100O100O00100O1N2OibhV3
20120107063134Lh_14,lTa?2mo1101N2N6J3M2OO04M1N2O0100O1O0100O01O4M2M001O100O1O2OO100\PNEbo1=O0001O1M3O1N2O1O0NcjP^3
20120107063134Lh_15,Wil]31no10O00000dP20iN0Z10XT26kjK4M2N3M2O001N2eK\OWYNe0jf1[OUYNd0Sk10kK\OoXNe0Rg1[OmXNd0Xk11O0oK[OgXNe0Zg1[OfXNd0\g1\ObXNc0ag1]O^XNb0dg1^OZXNa0ig1_OVXN`0fk1OWLARXN=Qh1CnWN<Th1DkWN;ok1MZl1HoSN000000000010010`QNOPm11a10VPNOem10oSN5Tl1KQR20cSN1^L4L0TLLhWN3Rl100O01O0J51N3M3O010100O2N10ON2N101MEaPN:_o14XNKdSN5Zl1DbRN2n0;Pm1DkRN?Wm1AcRNb0_m1_O\RNc0gm1]OURNd0nm1\OnQNe0Un1[OgQN4N0^n1M^QN4Yo174KZTa<
20120111191454Bh_1,W_^k04ko11O1O100O5C:K6M3N4M2N11O03L101O00200N001N2N01gNiQNf0jn100O002N2M3N20OO2M100O02O00@aPN>`o11O010O01O010O1O10O002O1O01N1O1OO1010O0101O11ON2O1OO2N2N00101O11N5L8G[OkPN`0\o11N4L1N01O1N2O3@fPN2\o1IhPN6ao1O3KQ]Yo2
20120111191454Bh_2,mkZV22no10O101O001O2M2O1O3M2O2dPNG:Jom1o0gQN\OVn1d0iQN_OUn1c0iQN_OVn1V1O1O01O0O2N2JfQNbN]n1\14O1L4@`QN\Odn1c0=0001[OjPN>\o11O1O1O100O010000O01000O2N1O2N3M000100N12N2N1O1O010000O100O001O001O0001O00010O01O01O1H[PN3io12OO2N2NdRkd1
20120111191454Bh_3,S\Tc14jo14L4L3N2O1N101^QN^Odm1b0[RNAbm1`0]RNG]m1:aRNI\m18cRNK[m16cRNL[m16cRNK\m1<]RNEcm1<[RNFdm1<YRNEgm1Y110001O00O1O1O1OO1O010MURNQNmm1n120101TOQRNEom1;RRNROM;Sn1b0PRNSOM;Tn1b0nQNDRn1<nQNCTn1<lQNDTn1<lQNDUn1;jQNFWn19iQNFYn1:fQNFZn1P11N10001O100O01O0dQN_NZn1a1eQN`NZn1d1OmNhQN>Yn1@mQN@Ij0Yn1FTRN6mm1JSRN6lm1KSRN6lm1KSRN7km1JURN6FWOQn1c0YRN<dm1E[RN<dm1D[RN=em1DZRN=fm1RORRN;6d0om1\OPRNd0Pn1]OmQNf0Sn1c00100O1O100O1O1O1N2M200O1OSNWRNe1im1ZNXRNf1hm1ZNYRNe1gm1[NYRN1OZ1hm1fNXRN00Z1hm1gNWRN00Z1im1c01lMWRNo1nm1QNRRNj1Rn11O0O2O01O001O0O100N201O0[NlQN]1Un1bNmQN\1]n1N1O1O1O1O100O2O0O101N100^OVQNNkn1OXQN0hn1OYQNEL7ln12YQNFM7ln11VQNHO7nn1NSQNKN8Po1LRQNLM9Ro1LnPNL08Ro12nPNNUo1OkPN1Vo1<1O010O010O01O010O000001O0O101O1O1O1O1O1O01O001O1O1O2N1O1O1O1N2O2PQNUOM0fn1Y1M1O3M5K2N1OLiQN^N01Un1^1QRNaNQn1[1<N1M4N1HYQNVOhn1`0VQNCSo1;901O010O1000000O10000O101O0O101N2O1MYbmP2
20120111191454Bh_4,o`f^25jo110000000001O010O000000001O1O00010O00010000O100O001O01O1O2O0O100O10O010O10000001N011N11ON204K11O0O01N2O001OChPN5Uo1JmPN5To1FQQN:nn1ETQN;Zo1O01OO2O1N1O1Oe]W]1
20120111191454Bh_5,ZcPk22mo12O0WPN3^o1OaPN2_o18O1O1N2O01O2N11OO100O0010O01L`PNG_o1=1O04M01O0000O02O2OO10OO2NO210O1N1O1001O0O4M2N2M2O1O01O01000O3N2M100O0000010O01001N2O000O2N2N2N2OO3M2M3M2O1O2M3N3N2M01N2KlPNZOVo1c0kPN]OXo1`09K3L4KYYeo0
20120111191454Bh_6,chnQ21`o14dPN3Xo1<N3K4M3^OWOjQNl0Rn1c0N2O1O1N3dNXNXTNP2dk1TNVTNS2EkM[k16jTNS2HlMYk1<]TNR27fMYk1W3cTNmLZk1n3N2M3L3@[KbUNg4]j1_K[UNd4dj1<00000010O10eMbUNUO\j1j0QVNnNki1R1WVNoNgi1HkUN\N<1;k1]i1EiWN;Uh1A]XN3bg1GmXN4nf1KUYN3kf1KWYN6hf1FeYN1[f1KjYN5Uf1AUZN?je1^O[ZNb0de1]OmZN4Qe1LQ[N4nd1KR[N6md1KT[N3ld1MV[N2id1O\[NNjJEbi1:i[N7Sd1HP\N9lc1IU\N6jc1JX\N4ic1LX\N2gc11Z\NNec12]\NKdJHah1>k\NHdJ2Zh17S]NE`J8^h11V]NDYJ?ah1KY]NFRJa0fh1HY]N=hb1A^]N;cb1Cd]N6]b1Gg]N7Yb1Hi]N7Xb1Gm]N6Rb1IP^N8na1GS^N;ka1EU^Na0da1@[^Nd0ba1[O_^Nh0^a1XOb^Ni0\a1XOd^Ng0\a1YOf^N3UI:5Ahg13P_NNVI=2Bgg14Y_N:oHBgg15Z_N:lHCkg12Y_Na0f`1@[_NNmH74F[g15T`NNbHOWg14W`NLeH0Rg14Y`NKgH3E1nf10g`NLhH4GMff12l`NLWI5gm1KYRN4hm1LZRN2gm1NU10j10]L0bSN0Vn1000L13OcF0^92ZYNN\]12TbN5V^1IjaN6Qg1K50\O2VQNNC0So11[QN3fn1L[QN2gn1MZQN2fn1N[QN0gn10Y10gN0YQN0gn10YQN1fn1OYQN2[o100N13[OMWQN5hn1KWQN6jn1JTQN6mn1LPQN4Qo1KoPN6Qo1IPQN6Po1KPQN5]o10CKoPN5So1KkPN6Vo1IiPN8Vo1IiPN1K3Zo1LlPN1J2Zo1NlPN0J1Xo12nPNMJNZo15mPNMTo15lPNKSo15mPNKTo14mPNLRo14nPNLRo14oPNKI0Ro15UQN2kn1MUQN3kn1NTQN3mn1KSQN5Po1HQQN8Po1GoPN:\o1O0I[PN00Nfo135O3NbRQe1
20120111191454Bh_7,g_Ud021001_o1>M201gPN@Po1`0nPNEnn1h00O0000SQNSOgn1S10001O0000000000000O1000O11OO10000O010IYQNUOgn1k06O2O0O011K401N101O00001N2OO0101O00100O1O1N2O1O1N2I8NPaZX3
20120111191454Bh_8,jel_22lo12O1O2O010O010O1O2O2M01O00000O2N1O1O1000000000000O1000000O10000000O10O10001O000000000000010O000000000000O10O10O10000O1000O1000O100O100O001O010O100N110000O1000001N2O0O2O\ZiZ1
20120111191454Bh_9,kZ\T12mo12O2N3bPNJln19kPN0Ro1a0lPNTOPo1Q1M7I0001O0O101N0000000010O0O2O001O1O1O2O1N1O101O1O1O001O001O0010N1L5N5J3K5H:K3^OfPN;\o1CfPN:ao1O1LTeah2
20120111191454Bh_10,bfVe02mo1101O001O2N010O101O2M10002M2O1O010N3O0dPN^OXo1l0I102OM1M3L5K4E;M3OeXmX3
20120111191454Bh_11,a[j`25jo12N3M2O2N1O100O0010O01O1O1O1O100O1O0101O0000O1O100O1O10O01O10O010000000O1000000O0010O01O001N2O1O1N2N2N2M4JgPl1OgoQNN_o1;HGfPN;Yo17O000010000001N10O010O010O00100O2N4L1O0010O010O100O100O10O010O00100O001O0010O00100O100O10O01O1O0O2N3M:D\QX1MgngN5N1O001O01O010O00010O0001O010O01O100O2O0O1O1O2N_`eS1
20120111191454Bh_12,bhbZ14jo13N1O0CJoPN9Po1:01001O1N100O2N2K5K5O001N2O1O01000000O10O10YXgc2
20120111191454Bh_13,WgVR23ko13NL2Odn11^QN3M1OMZPNOd34Sh1L]TNO]31aL1bk1O`XN0Rk10\QNOcn11_QNOYo1004dJO`ZN0^e13aZNK_e12aUNNco11cPNOXo10=O00PP2000nS60RnM0Rh30nUF0YP60goI1N1001O001000co9OfPD0ao30WPN0TPN0go11XPN0ho10XPN0go10ZPN0fo10YPN1fo10ZPN2co1N^PN2`o1O`PN1_o10bPNN`o11aPN1]o1NdPN2\o1OcPN1^o1McPN1_o1OaPN1_o1ObPN0_o10aPN0^o11aPNO`o11_PN0ao171L4MV\eh1
20120111191454Bh_14,bfZ[32no11N2O0O10010O00001O1O1O00001O001O100000O10O2ePNGln1<oPNGon1;nPNGQo1d01O0O2O1O00O10000000O1O1011O0OYOlPNb0[o1O2N1O1N2O0O010O11OO010N2L3McXWa0
20120111191454Bh_15,Ud`]25jo11N3O100000O1O10O1O102M2OO1000O100O2OO11O2N0O4M00O101N2N1AaPN;co1N2O004LO101OO2O00001O02N10O0O10000O2N1OmZ[_1
20120115063134Lh_1,kcTf13mo11M3O1N2O1O2N1O2N4L7H3N101O2N013M0OSOWQNc0jn1ZOXQNMNb0ln1^O^QNa0Po101O01O0000DePN4[o1KfPN5Zo1JhPN5Xo1JjPN5Vo1JkPN5`o1100O1O10O0001O0001O0100O1O1O4L010001N1O1000O00010O01O00001O01O01O001O01O1O0010OO110OC`PN;eo1NO10O0001OO101N201JUZcT2
20120115063134Lh_2,Uc^T11no12O2N1O002N1N1000000000001O0O100O100O010000000O01000O01O1N2O1O1O1O1000_PNLVo14jPNLVo14jPNLVo14jPNLWo13iPNMWo13;10O001O01000000WPNOao1810O01O1O1O01O1O01O1O00001O1O1O010OO2O00010O00010O010O00001O0000010O01O01O10O01O0010O01O2O1N1001N01O2O0OCaPN:_o1DdPN<`o1O2OO001O10O11OO10O1O100O000100O002O00O2N10O000000000000000000001N10001O0000001O0O1001O101N10O10O0000000000O2O0010O100O102ON0100O01O001O001N2N2NR[c`2
20120115063134Lh_3,\XgR14lo11O1O2N1O1O1O00100O0011N1O1O1O01N101O1O1O1OD`PN8eo10O011O0O01O01O01O1O010O1000O01N10000O10O10O10O010O0010O010O001O010O10O001O1O1O10O101O0000O010000O100O2OO01N2O^g\h2
20120115063134Lh_4,ZZ`i11lo16J4M4N0O2O1L3M3O2N1N2M210O1O100O2N1O010O10O00010N2N20N10100001O000O100010O02N00001O001O000000000000000000000010O01O001O001O01O01O001O10O0100O002O1N2N000001O00]OfPN`0]o110O01N10^OhPN=^o1O1O010O0000002N000001O00010O10O01O010O1O10000O100001N1000000O01O1O1OB`PN=bo10O0MCbPN>]o13000O100O2N4L2N1N2O3MReQn1
20120115063134Lh_5,P_Zn12;0Uo1`0M3J5J7F9M3O1O1O0M4L5N1N2N2O1O1O2M2O12RNXRN_1hm1\NSRN08c1Rn11O0012\NjQNY1`n1N200001OO1O0O2N1N102OO100000O10O2OO100O100O1O100O1O2N3L:H0O2O0O10O1O100O100O10O10O1000O1OO2O00100O00011N00100O0100O100O10O101M3N1N2O3M1001O0O2UOlPNg0Wo102ZOgPN?^o100O11N1O2O12M3M1O1OO100O2fPNAon1j0N1O1O1O[OSQN8mn1EWQN9jn1DYQN<Uo110AaPN<ao11O0O1N11N5Eb]ei1
20120115063134Lh_6,Znjc05do19^OFTQNa0hn1BYQN=en1E[QN<cn1C^QN?`n1@`QNc0^n1`01OOOO3@?M3N2I7K6N2K5L3L5F9M101L6M2O1OlNkSN`NVl1\1^TNQNck1j1Z1MI;]Ob0OO1CPSNeM[m1V29N2O01N10O0J53N2O0002O0LPJTNW^Nl1ha1]Nn]Ne1Sb1\Nc]Ng0gJKhg1_O^]N?VKM_g1CY]Nc0^KUOBMjg1=Q]Nb0Yd1^Od[Nb0^d1_O][Nc0fd1]OV[Nb0od1\OnZNg0Se1ZOcZNo0^e1PO^ZNT1ce1jNSZNFYLb1ei1hNPZNb1Qf1]NnYNc1Tf1]NiYNd1Yf1cN\YN_1kf1]NnXNg1Sg1ZN\XNDdMW2Qj1WNTXNW2Ph1gMnUNF_1d2hh1bMhUNN[1a2oh1\NgVNe1Zi1]N`VNe1ai1]NZVNf1gi1ZNTVNi1ni1WNhUNQ2Zj1QN\UNV2fj1`11O1O2O1N2O4K6J3M3M5J4L3N2L3M4K7I7J5K:G4K4L4M3M3L6Jl0UO5K3N2N1O2M2M4L6GlZYU3
20120115063134Lh_7,k\fh13ko14N1N2O1O1O0O2O1NCbPN:]o1GcPN9\o16O2M2O2N1N3N1N3N110O01O0010O1N1O2M2O2O0010O000jN[QNQ1bn1POaQNP1^n1PObQNP1^n1oNbQNS1en1oN\QNg0on11O0O3M1014K01O2N1N010O01O01ORORQNk0ln1VOVQNj0hn1VOXQNk0gn1VOWQNl0hn1FZQNGen18^QNGan18aQNG^n1:dQNE[n1;fQNDZn1<gQNDXn1<hQNDXn1<iQNCWn1>iQN@Yn1?e0O101OO101N4M0O2N1O1O02N3M2ElPNFUo14?N1O1O^PN0Uo11jPN1To10kPN2So1OmPN1Ro10oPNOQo11PQNNPo12?O2NhPN1KNkn16jPNNZo175H8N200000cQNMll11XSNOcl12bSNN[l13fSNMYl12iSNNVl11lSNOSl11nSNOQl11PTNOok11P2O10URN0hk11ZRN5]o1J^PN162go1N1OfQN0[n10dN0\11YQNO]m11[1OXQN2\m1NeRN1Zm10eRN0\m10cRN0^m1OaRN2_m1O_RN1bm1O\RN1fm1NZRN1im1OVRN0lm50URJ1hm1OWRN2im1NWRN2mn1OkNOYRN1hm1OXRN1hm1OWRN1jm1OVRN1jm1OURN1km10TRN0mm10SRN0mm10RRN0nm11QRN0om11oQNORn13jQNOVn19bQNF_n1:`QNFbn1:]QNFln11SQN0mn10SQNOon1ORQN1on1MRQN2on1NQQN2_o1O11OO01_ONSQN1mn1OTQN0ln11TQNOln11SQN0ln11SQN0ln1OVQN0kn1OUQN2jn1NWQN2hn1OXQN0in1OWQN2hn1NXQN3hn1MYQN2fn1NZQN3Zo10[OM\QN2Yo110O0100O100010O1N10002N0000PP20QP21noKO01_OOSQN1^o101Obo31^PL0R^kj1
20120115063134Lh_8,YXm?2mo11VPNOdo19M004L2N2N1O0O0N201M3O2O2N2M3M3I6J6J7N2J6@RNbRN22n1[m1?004OkNbMcTN\2[k1fMeTNZ2]k1eMaTN[2`k1gM\TNZ2ek1lMSTNS2Sl1mMgSNT2Ql1iMgSN22T2Vl1PNgSNZ2`l1jM]SNR2fl1oMZSNo1el1f01010O00[OaSNjM]l1P1fSN]O0BXl1e0`SNTO?a0KFRl1f0bTN_O^OKlk1h0mTNTO[O3fk1j0nUNQOSj1P1]2000OC?M4MM4O11N3M4M2N2O1N0M2M511N3Mlkn[3
20120115063134Lh_9,Wj`Y36ho13G9M2O1O100O10HhPNHWo1a00000O0O2O1001O00N100O100O0100O2N2O1O2O0O1000M\OjPNd0Vo14O010N1N201O001O3M9G2M2M3N1O100O1O1N2N4M4K8H4M3M1O3M3M4L2O0O1O2USNUM^l1W30PN\SNd0dl1[O_SNa0cl1[ObSNd0^l1[ObSNf0;YN[k1P1[TNg08[N\k1o0]TNg0JYNO3R2O\g1l0lVNi0CgNR2H^g16_VN1>n1d1mM^g13cVN0:P2e1oM^g1LhVN09j1CQNm1;`g1FjVN38i1e1bNZg1]OkVN<7a1b1iNkg1FdVNa1_1jNmg1DeVNb1^1jNmg1BiVNd1X1jNPh1@lVNe1R1kNRh1^OoVNg1o0jNSh1]OPWN3oN]1m1ROUh1\OQWN4nN_1l1oNgi1S1YVNjNii1W1WVNgNii1Z1WVNeNji1[1VVNcNli1]1SVNcNmi1^1QVNcNPj16YTN>f1\OPj15]TN>b1^ORj12^TN?_1_OVj1N^TNb0[1AXj1IaTNd0X1CXj1CfTNg0S1GTk13nTNNTj1@PUN7S19Zm11O1O2O0O2N1N20000000000fMZOZUNf0ej1]OYUNc0hj1\OXUNe0gj1\OXUNd0ij1[OWUNe0jj1ZOVUNf0kj1XOUUNi0Qm10O2O00000O10O01000000O100001O1O001O010O1O0O2O1O0O2O001N2O2M3N1O2M2O1N3L`Qk<
20120115063134Lh_10,^[_[15jo12O0O2O0GIhPN8Wo16120O2OOAbPN=^o121O01O01O000LbPNF_o194O20O00N[PNJeo1701N3ME`PN<]o150O0O4J4Oee`b2
20120115063134Lh_11,jkld02ko1OO0K0mo30on90ZQB00020aH1_73L5L4M2N2N2QYN]O]^1e0_aN[Oc^1g0X83N101OBRQNKmn13\QNGdn18]QNGT7Nm_19PYNIP7NV`16iXNMY6NeIOG1eg14hXNMfn13ZQNNdn12]QNMdn13\QNLQ4OPf15mUNMo3NZf13hUNNin12VQNMln13RQNMPo12PQNNQo12nPNNSo12mPN0Po11`05KO2O6L10ON00O010O11O10oo30PPL000123NM00020N0PP20RP20QPN0noM4OLO00000SP20ePN0ZO0kZgU3
20120218152654Bh_1,Yedn112011do13[PNMeo14ZPNLeo180001N100O101O0O2O01O000000001O0O101N11O00O100O101O001O0O100010O0000010O001O01O01O0000000010O01O000001O0001O01O01O01O010O01O010O001O100O100O11OO1O100O1O2O0O1O0O100O2O0000010O0000000001O00010O1O001000001N3M3M1O1O1N3N3LcY[j1
20120218152654Bh_2,m[_T21lo14O0VPNLgo19N001O0O2O001OO2OM3dPNFRo1;mPNFRo1;lPNFSo1d0O2PQNUOin1Q1O2O1O2N100O1O010O1000N201N3M1O1O2N00000N4N1O1O0O2N3N0O2O1O000000001O1O001O0000001O01O00001O0000N2O1O1N3N4L_cRg1
20120218152654Bh_3,Y[Xf11no11O2O0O2O1O001O0000010O0001O010O00010O01000000O2O0O2O001O2M1O101N100O2N2O001O1N200O0010O3O0N0O2O002M10O10O2N10O0011N01002M10000O11O000O2O1N102M3N001O00O011O1N010O2O1N101N102M2M3K^bST2
20120218152654Bh_4,h^dn23mo11O0O1O2O0O1010O01O001O2M101M3O001N2O1O001O001N10O10O100O1000000000000O10O10000N200O1O101O1O0001O01O01O00000010O010O10O100O010O]OfPN`0]o10010O01O10O01O1O010O1O10000O0000O101N1O2N1M6H5M4Ol`gk0
20120218152654Bh_5,Padn02mo12N2O0O2N10001N100O2N10M_PNGao19_PNH`o18`PNH_o19bPNF^o1;aPNF^o1:bPNF]o1<cPNC]o1a0O00001O001O00001J\OmPNe0So14002N1O000O10000O10O01000I[OTQNc0ln1^OTQNb0ln1^OTQNb0kn1^OVQNa0kn1_OTQNb0kn1CPQN=Qo19O0100O0MnPNZORo1f03100O00100O1000000OUOnPNj0Ro1210MTOPQNl0Po1TOPQNl0Po1TOPQNl0Qo11000001O0O0100O1O1O1O010O1O1O1O1O1M3O1O100000O01001O0001O0001O0O100O2N100O100O1O100O10000O010OO101N200O1O100O10000O10000O010O1O1K5N2O101N1O101N1O1NbPj00aoUOO00PP20ooM2O1O0100O1O1O01O0J0\PN0co12]PNMco15[PNKeo16ZPNJfo1621O01O0001O0NI[PN7eo1I[PN7eo1I[PN7do1J\PN7co1I]PN7co1I]PN7bo1I_PN7Vo1IPQN1I7Vo1KmPN0M51GQo15SQN9KBQo17PQNJO=0BPo1n0O100O100O100O100O1O100O1O010O10O010O0M4N2O1O00100N1O2O1O100ON2N20M11101N200O10000O1000001O000000001O00001O000O2O0O2O0O2O000O1O2O1O1O3M0O2O001Nh`k`2
20120218152654Bh_6,jYdT21oo15J2N002O000O1O1O11O0000O100O2N3N00000O2O01O01ePN^OVo1c0iPN^OVo1f0O2O01O10O001O10O6K00O1O103NO0001N10N21N10OmPNVORo1g0nPNYOSo1j0001N4N0O1O01O01O001O001O1O00001O000O101N1O1O2K\PNKSemf1
20120218152654Bh_7,gYSb21no12O000O1O2O00000000001O010O00001O01O001O1O0001O01O1O0010O01O01O00100O100O10O010O01O1O100O1O010O010O100O010O00010O001OE^PN8bo1H^PN8eo1000LH_PN9ao1G^PN:do1O1000O100OF_PN7ao1I_PN6bo1J]PN7co1I]PN6go10O1000O100ONKZPN004fo1LZPN003io1MXPN2ho1OWPNOjo1400NLXPN4ho12OJYPN4go1MYPN4fo1KZPN60Jco10]PN8do1H\PN8co14O00000O1000O100000000001O000O010O1O1O100O1O101N1NOhPN]OYo1`0jPN@Uo1a0500000N20000O100O100N2L22O00010O1O1O1O1O1O1O1M3O1O10O0001000O0100O100O10O10O01001OO10O001O100O10000O4M3KjfRS1
20120402105814Th_1,VcTi09ao1K`PN7[o1;J6H9K4I701O0NbNkQNR1cn1O1O1O8H104K1O1O001N10O05K2N1O1O01O10O01O1O0000O2O00001O1O00001O000010O001O001O10O0001O0001O0000O100001OO1O10O0100000O0100000O10000O10000O100O10000000001O010O010O1001O1O2M2O3M3M2N2N10O2M2O1O1N5L2M101N0100000O1O1OYPf00goYO2N1O010O01O2N1OSZ[n2
20120402105814Th_2,P[kV36ao1<D;mPNTOkn1S1L3N3L300M3NTOlQN1Sn1NQRN1lm1LZRN5am1JbRN8[m1GhRN:Tm1FnRNCUOg0im1HPSNAYOj0[m1OZSN:al1K[SN8el1UOoRNL?o0Sn13MmNcQNb0Ro1L2O00O3MN2O6H7IecZg0
20120402105814Th_3,WTiQ26jo10O2L021O1O3M1O00001O010O0FCRQN=mn1;0O0200O00O2N2@jPN5Xo1EmPN:]o1O0100O01000O2OO001O1000O100001O0001OO1010O0O10O002O000K\PNMdo13]PNLdo14400001O011O2N1N1N2N2O1O10O0001O1O00O20O11O000O10O01O10O001O1O0102@`PN:co10XQNFjm1:kQNHC1]n1MbQN;=2om13kQN5Sn1KgQN@Of03YOQn1a0jQN=5ROQn1b18O010]OdQNCXn1;kQNCVn1;mQNCTn1<lQNDTn1;mQNDTn12dQNH86Un10eQNH8LE8_n13eQNH;4Qn1OiQNK85Pn1JcRN5dn1O2O0O1O2N]P43`oK2O1O00001O1O0O2OO2O0010O1N3N2N1O1O10EePNO[o11dPN0\o1:010O03M000001O01O1O02N2N1O0O12N1O01N101DaPN5fo100O0O1O5KaiVd1
20120402105814Th_4,]c\X12no1000O1010O01O1O001O001000O10O10O000010O10O00010O01O1O001O1O000O2O01OO0001O1N200O01000O010O1000O001000O100O1000O10000000O10O100000O1000000000000000000000000010OO20OO2O1O`\Yb2
20120402105814Th_5,RZem2321eo16YUN0\e1ObZN4^e1L`ZN5ae1K]ZN5fe1JYZN6je1ITZN8me1JoYN5Uf1K[YNIXL;`j1MVYNIXL8fj1OQYNKUL5nj10gXNG[L`0Qk1HcXNJZL1N9Wk1K_XNa0bg1_O]XNa0cg1AZXNa0eg1@[XN?fg1AYXN?hg1AWXNHbLb0Wk1FTXNHgLb0Wk1DnWNNgLc0[k1]OlWNo0Sh1QOkWNR1Uh1mNhWNY1Vh1eNjWNh1jg1WNWXNk1gg1VNYXNi1hg1XNWXNe1kg1]NTXNT1RMnNkj11QXNk0\MnNgj17lWNj0fh1VOXWNj0ih1VOVWNj0jh1VOWWNi0ih1XOVWNc0UMVOfk17TWN?YMZOek16RWN3ei1LZVNNmi12Q3O1001O1O2N3L5aPN]OXo1b0hPN_OXo1k0K3NN1OmPNVOon1o00O1N3K<C8Ikchn0
20120402105814Th_6,jYYl21lo17L2N1O2O000O01O10000010N6L1A@WQNc0hn1^OVQNc0jn1LQQNJn4DQe1a0QVNLn4CSe1m0S5M1O2WOkPN11=So1BSQN=W4CTf10dUN1eo1O[UN0\e10bZN0`e10_ZN0[e10fUN0lT20cE0cUN0c40me10aYN0iK0`00Zj10]UN0d30WL45Lgj10RYN0nK020>0cj10UUN0^30\L21N90ij10RUN0_o10aPN0\30UM0ij10^40aSN0^l10kPN0jj10jWN1fL0ao11^PN2b0Lej10VXN2gLNc00`j10mTN0m22RNN]m13fRNMXm11nRNOnl11b1OnL0UVN0fi10_VN0`i10aVN0^i10cVN0lM0[j10jTN0c20ki10^VN0ci10\VN0di10aSN0a20mi10^VN0hM0lj10[WN0eM0XO0Ul10_30:0ZP20I0ooM0A0Q11]oM0jo10WPNOXo30hPN0^P:3^c`n0
20120402105814Th_7,VZoQ35mo1OO101N1O03NO1O00KWPN4ho1LXPN5io110OM4O001000O01O010O10O00000O2O0N20O10001O1O00000O1O01O01000O100O2JYPN1go1OZPNOgo11YPNOgo123O1000O11O00N020O11N10deZj0
20120402105814Th_8,bVco03ko13N100O100N3N5K2N2N1O1O1N2N2O1N2OESQNEmn19WQNEin1:ZQNBhn1<?O1O00000O20MF_PN:ao13N20O1O110N100O1O10O02O000O2N2N1O010O010O00000001N2N2N101OO10100O2HYPN4ko1Ndj^l2
20120402105814Th_9,P^ae23ko17YPNKYo1a0ePN_Omn1m0M4E;M2OXOjQNFUn1N\RNObm10bRN0[m1MjRN3Tm1MnRN5nl1MRSN2ml1LXSN1hl1O\SNOhNGem19fSN1bNHfm15lSN7Sl1HPTN6ok1KSTN4kk1MXTNOhk11ZTNMgk13ZTNKhk14T2KnbnX1
20120402105814Th_10,]cZX11RP<0ooI0ooM0QP20hoK06010O070C0^P40boM0_P20eo?0io]O0aPL0_o50`PN0aoM0710OYPN0go50PPN0QPN0I0^PN0io10oo50QPJ0oo50QPJ0000000000000000001O001O010N11OO2O1LK[PN5fo13O001O00000001O010O010O001O2N1O1N20V\Ua2
20120402105814Th_11,Z[Ve11no12O3M3M0010O02N1O02N1N10O1001OO1000000001O001O0000000O2O2N0O`dkX2
20120402164214Mh_1,iYkm22mo13N1O2N101N1010O00001O1O000O100O100O010O10O0100O01O010O00010O00100O2O1O0O1000000000O10000O100O1000O011N0100000O11OO01001O0000000010O02N4L2OO0011N01O000O101O2M101N2N3Micll0
20120402164214Mh_2,\cbk06ho14K5J5L4O2O02N00100N3N3M1O1N100O100O1O10O0100O001O01O01O01O0001O000010O0001O001O010O001O001O01O000JL_PN6`o150010O00010O0000000000000O100000O10O100O0100O2O0O1O101N100000000000010O0100O100O100O2O001O2^PNA^o1c0N1O0010O001O1O001N3N4K2O0O100O10O01000O1000O01000O1000O0100000O1O100O010O100O10001N12M1000O100O10000O001000O1O1O001O1O3M3MiY_j2
20120402164214Mh_3,hSeU24jo16J2O2N010N2J5001O100O2O002N1O010O01O01O0001O000000000001N1N20001O0010O0001O000000000000001O000001O00010O1O001O010O0010O01000O100O1O10O010O001000O1O02_PNJUo15iPNMXo1?N010000O100O0O200N7G4Lbkhd1
20120402164214Mh_4,hScU29co1KaPN3\o1LjPN2So1MoPN3Qo1LQQN4mn1LSQN5ln1LTQN4in1MYQN3Yo11OO1MYPNOgo1040100O1000QP2000ooM000QP20ooM0`o70`PH0]PN0co10do10=0PP20PP:0YP@0\o10dPN0fo1010O0010OQP200000PPN1N10O10O010COiPN2Wo1NhPN2Yo1NgPN2co10FNgPN1do11aPNNon11PQN1Po1OoPN2Po1NoPN6dn1IYQN10:Ro1EgPN237Vo1JlPN6jn1GeQN6So10ZOJcQN4_n1LaQN3`n1M_QN2cn1N]QN1cn10\QN0en1OZQN1hn1OXQN0hn11VQN0jn16mPNM0MPo10lPN62MRo18nPNHSo18kPNIVo16hPNMWo1>10O0101_OgPNLO8Zo1MjPN3Uo1NkPN1Vo1NjPN2Wo1LjPN5Vo1GnPN8:H^n18aQNK^n14aQNO^n11aQN0_n1NaQN4_n1K^QNLC:ao14DBlPN210N;Uo1MkPN4To1b0J1N20O1O100O010O02N00010O010O1N3N1O00iNYQNU1gn1kNYQNU1gn1200000D\QN[Oen1JXQNg06^Odn1b0]QN\Odn1c0;02O1O100O2M2O1N200O10O010O0101O1O1N101N2L30WjZ`1
20120402164214Mh_5,jZk[15ko11_PNKUo13bPNM90Uo16iPNMUo15hPNMVo15gPNMYo1=11N010O10O01O0000O1000000000001O0O10001OO10O2O01O0010O00001O00000000000010O00O010002N000000000O01N2O1O0NbPNC_o1=aPNC_o1=12N1O10O001O000N2000001O00101N001O01O01000000O100O1M3O01N2O010O101N10000000O1000O1O10000N20O1O1O100000O101O0O0100N2O100O101O0O10001N3LheT\2
20120402164214Mh_6,o[aW36jo12N1O01O10O0000O10lNM[RN4am17WRNHim1<`QN@`05nm1a0QRN_Oom1a0oQNBQn1>lQNERn1:gQN@O5Yn1W1OVOfQN1]n1NcQNXO1e0]n1l01O1O3M3M002OO0000O1O3RObQN4an1GcQN8Vo1KZPNJfo13acXf0
20120405130014Th_1,c_ln01oo11O1O002N0000000O101O001O1O001O0000100O0001O001O001O01O01O010O01O0001N10XPNJfo16ZPNJdo10\PN8do1H\PN9bo130001N101O001O000ePN@Vo1b0hPN_OWo1f000O001IXOTQNi0jn1YOUQNg0in1WOTQN32g0fn1VOYQN60d0gn1VOXQNT1gn1mNYQNR1hn1nNXQNR1hn1300000O2L4N3M2O1O0O2O0YOjPNd0Yo10001\OgPN>Zo1AgPN?]o102N00000000000000000O01IDgPN>Yo150O101O0O100@cPN>\o1BePN=[o1CePN<\o140O101O0O100000000C`PN:`o1F`PN:`o14O0JAjPN`0Vo1AhPN`0Xo1AgPN?Yo141O000001O000001O00000000000001O000O1O2N10000O100MVOoPNk0Qo101OnPNVORo1i0300O10000001O00001N1O2O0000000O[OQQN;Po1@oPN01?Po1APQNN1a0on1@WQN>kn1AUQN`0Vo1O000000000O101O00001O00001O001O0001O00010O100O0002O00000O1O010O10O10O01O10O001N103M006Jd_Sd2
20120405130014Th_2,eTmW33ko13O1N1010O01O1N5L104K5K1O2M20N23L2M2O00101N10O0O3N0O1O2L4O002L3I8L3N3M2N2N2Oljde0
20120405130014Th_3,XbXj12no12N100O100O2O001O00000000000O10O1O10O01O0100O100000000000000000000010O00101N0000O100O100001N3N1N1OTP`00lo_O1O1N10001O0O10001O01O00010O00O1000O10O10O10000O10000O1000000000O01001N10000O100O10O010O010O100O1O2Nooi0ORPVO2N101OO1000000O2O00001O1O01O01OmPf1OSoYN20000O10O0100O1O10O10O101N3N2N2M2O1O002N0010O0O01000O1O10000O100000000000000000O10O0O2O1N2O101N2N2O1N`Ph01`oWO1O1N2O00001O1O01N101N2O0O1O2NQY[f1
20120405130014Th_4,Z[_Y21no12N2O0O2N2N2O00000000001O000010O00001O0001O0001O00000000000000000000O1000000010O00000001O000O101O000000000N3O000O10000O1000001O000000000000000O1J[OQQNe0nn1]OnPNN0f0Qo16100000000000O010000O101O1N3N7H100O10001N101N1MEJRQN6mn1LRQN3on1OnPN1Ro10nPN0Qo11oPNOQo11nPN0Ro1OoPNMH0Yo13oPNLJ0Wo14nPNLM0To12QQNNK0To12QQNMWo13;OcPN0ln10RQN3mn1LTQN5ln1JTQN6ln1JSQN6Zo12KI`PN8_o150O01OBaPN<_o1EaPN;_o122O000000000O2OFEoPN;on1GRQN7ln1GlPN285mn1KjPN14OL4Wo11mPN2To10kPNNUo14jPNJWo18iPNDNOZo1>61O3aPN_OYo1d0001O001N101OO_OdPN`0\o120O2O1DaPN5_o1KbPN4^o1LbPN3`o1KcPNOL0co10:01O0001I1\PNN^o10bPN5NK`o10aPN7NIao10aPN7NIco1;0O011N2N2O000O1O1O10000Oko1OWPN0000000O101O0O10000O1M300O1000001O01O001O01O01N101O001O1NPf\Y1
20120405130014Th_5,kaVo24ko13N1O0N3O1N2O010OO20001N00001O010OLGbPN8^o1HcPN8bo10]PNJ\o16cPNL\o14dPNL5Mnn15nPNN3Nmn1NnPN44N12Qo1MVQN6Yo11000K501NWP:OjoE2N1O0JM_PN5ao1L]PN4do140O1O2O000000O100O010000O20O000000O02N1WOJhQN6Xn1KgQN5Yn1NeQN1\n1OgQNMYn16fQNH[n19j0L1NR^]l0
20120512063234Lh_1,jhXS34jo14N2N3N0O2M101N2O2M3N2M200101NFYOZQNg0dn1<O1011M5La0_O1OO021M2O1O00O2N00100O1000010O010O00O20OO2O0O1001N2O1000O0O10010O10001N010N3L4M3N4LWOSQNe0fn1XOaQNk0So1F01N05J9F5K_SWh0
20120512063234Lh_2,k]cl24ko13N1O2M3N001O1N4L4I5L4L4J6N1O2E;J7I:I5I5M3N1011TOnRNgNim1NkRN1en1M2O0O1O2O1O000O010O001O001002NN11O00O102Mm`^P1
20120512063234Lh_3,m^oi12mo12N2M2LI]PN9bo13O1O2O1O010O3L5K2O1O1O0000O010O0100O1001O001N20O10O02ON1O1000000O01000O2N001O100O1001N100O20N2O2N3M1O00O0N3O1O010000O100000O10OO2N1O3M3J6L4M3N1OO1000K5K5O2O01O01000aNmQNQ1cn1N1O0N2L3O2N2N101O1O1O00O101N2O0N02G:N1O10N2L4O2O001O001O1M201N10010O00O100O2O0O3M2M4N1O2N2N4KYcbm1
20120512063234Lh_4,YXUR13jo17K8H5L2M2N2M2N2M2G8N1G9OH7O2102O1O002N1N11N1N3_Oa0M3K6L3O10O100001O000000O1N3O001O1N1N3L30000100O1O1O2O3L2O1O00001O1N101O100O0000O1N2O2O0000000000000O1O00010O001L4O10O2O0O1O00O1F;O10O0O2J5O1O1N30O1O00N02O1001M3M3O001O100O01O0010O2O001N101O0O01N2O10K5O2O01N2N1O2O000O11O01O0010O10000O100O11O1O0O102NM3N2M3O1N2N3N1O^kPd2
20120512063234Lh_5,g^QY22io18I4O2O1O00O10ON301O^PND`o1>1O2N0000000000000E]PN9co1G]PN9eo1000O1N200O1N20000O10O010BdPN8\o1HePN7[o1GgPN9_o110000IGfPN:Yo17O1O1O10N1J7N11O010O1O0001O001O1O0100O010K2bPNC_o1=2002M1000OOO3K5O01O001O0K6O0100O1O10O100O0K5100O1O2N101N2O1O0O100O0100O0N2010O10O00001O010O10O100N`PND`o1=100001O00O10000O1O1O1M31O0001O000O1O10000000O101O0010O000001O1O1O2N1N3N001O000O1001O002M3M10O10000`PND^o1:310001N100O1O10000O101OO1GdPNN\o11fPNM[o12fPNM^o10:NScd[1
20120512063234Lh_6,l^mi14ko1NWPN0go10[PN0bo11`PNN]o13ePNMZo10_PN090Wo10lPN0So10nPN0Qo10QQN0nn10a00bPN0ln11TQNOkn11b0OPP:0PPH0nPL0Un10m01oPNOSn10nQN0Rn10nQN1Rn1OmQN2Rn1NnQN3Rn1MlQN5Tn1KlQN5Sn1KnQN5Rn1KmQN6Rn1JPRN4Qn1LmQN4Tn1LkQN5Un1KkQN3Wn1MiQN2Xn1NhQN1Yn1OfQN1Uo100O00XO0aQN1Vo11XONaQN2`n1N`QN2Vo10101O00001OO1YOO_QN1cn1O[QN1gn10VQN1jn1OUQN3in1MWQN4gn1LYQN6Xo10[OIaQN6_n1JaQN2dn1N\QN1dn10\QNOdn12[QNOen11[QNOfn10ZQN0fn10ZQN0fn1O[QN0en11ZQN0en1O]QN1Xo111OTOOjQN0Poa00RPB0PPN01000jn10WQN0O000oPN0on10PO0VQN0h01Sn10TQNOg01To1001WONcQN3]n1MbQN4]n1LcQN4\n1LeQN1]n10dQN0Zn10hQNOWn12iQNNVn11jQN0Xn1O_QN9bn1H\QN3jn1MUQN4jn1MVQN4hn1KZQN7`n1IdQN7\n1HfQN7Zn1IfQN6[n1JfQN5Yn1LgQN4Xn1MiQN1Wn10jQNOQn14QRNLPn13QRNKRn12oQNNim12_QN0h0Nhm1<l01K5`QN^Ocm1b0n0O^QN_O\m12PRN`0c0^O]m14nQN>d0^O`m15jQN?c0]Odm1l0YRNUOjm1k0TRNSORn1j0mQNVOTn1k0jQNUOVn1m0hQNSOXn1Q1cQNPO]n1Y1ONJmNeQNQ1\n19M5O1UO]NWSN`1[O`N^m14SSN\1Rm1eNkRN\1Vm1gNdRNU1am1POYRNP1im1c000DSNfRNl1[m192O201N3K4M2M10M3OQOZRNFjm19\RNBdm1?^RN_Oam1a0bRN[O_m1g0aRNWO`m1i0aRNVO`m1j0`RNUO`m1k0bRNQOam1m0j0N1_OVQNKln13`001001O1N2NJePNJ[o168N102Meghj1
20120512063234Lh_7,kX[R12PP22M1OO0Nlo5OhoK0YPN0oo50nmm00TRPO0TPL0O0N1oo1OSPN101N2001O3N3Ooo30noK01000dPn00Po30fjnf2
20120512063234Lh_8,dZQc01mo17I301N3N2N1N3N3M3N0O13M4K1O1000cPN^OS13ml1e0lRNCPm1?jRNMnl15oRN1ll10QSN8jl1HTSN;kl1ESSNc0fl1^OXSNe0fl1BQSNa0ml1Z10010002N102M2eNkRNEVm17nRNFTm1KhRNVON09n0Rm1GgRNYOb0<ANXm1;fRN]O?:HDYm1d0WSNIVm1<cRNF^m1:[RNXODb0\n1_OjQNN6j0\n1WO[QNO0j0dn1\O_QNc0an1[OcQNb0_n1ZOdQNe0C\OVo1h01N1N2O1O01N3N1N6J3MQOWQNh0nn13O20N10000XOPQN`05ZOJ<Zn1HiQNa01NTn1U1O10O3NN1N4NO1OKYNQRNU11WOUn1Y1?_O5BVQN_Omn1=XQN_Okn1?=N10O2N00N3M2M3Mn_dW3
20120512063234Lh_9,T[ei01oo17H3M2IGdPN<Zo1;H3N01N1NLWORQNe02_OYn12mQNf0Wn1b001OO100O111N1O2N2I8J4N3O1NLZOnPNh0Po141O2N2N2N10O01L4L6H7MXfnS3
20120512063234Lh_10,dgPm22ko14L3N<RQN^Ohm1Q1hQNROWn1\1O2L2O1OPOjQN9Un1@VRNAF44:Pn10iRNBSO6Un15\1L5OUYQR1
20120512063234Lh_11,hhXS324Odo10`PN1\o10fPN0Yo1OjPN0To11lPNOSo11>ObPN0mn11`00fPNOfn12c00PQ4NYo30loI0ooM0\O1ePNO?0Po10o00RO0oPN0ao10`o50bP20moG010O0O2O01N20dP80lnI0`PN0O0bP20Uo70XPF0mP20XoM030[o11TQLOen10f0023kS[h0
20120512063234Lh_12,_fiR23lo13J4O2cPNHon1<nPNEon1=PQNDPo1<PQNDPo1<PQNDPo1e010000^OlPN8To1GnPN8Ro1GPQN8Po1HPQN8Po1GQQN:nn1FRQN<mn1CTQN<ln1DTQN<ln1AVQN`0kn1@TQN`0Vo101O0000O1001O100O1O03N0O1O2N100O01O1N3N1N2O0010O2O0O001O01ObPNFVo1e0M000002N1N2N2N1O001O1M3O100O2O01QQNFVn1:hQNHXn18WQNG;2]n1>aQNC_n19VQND;4^n1<bQND^n1<aQNF_n19aQNG_n1:_QNGbn18^QNGdn18[QNJdn16\QNJdn16[QNKfn14ZQNLfn14YQNMfn14YQNLhn15WQNKhn16WQNJin18VQNHjn1f0001O1O100O1O0100O001000000001O00000^ORQN2Po1JSQN5nn1JSQN5mn1JVQN4on1GSQN7nn1GSQN9[o1O0O2O00O2O000001O1O1O000O2O0O3NoWZe1
20120512063234Lh_13,Qak^22lo13O0O2N001fPNIjn18UQNJjn16UQNKjn16UQNKkn16TQNJln18QQNHPo19oPNFRo1;mPNDTo1<lPNCUo1>jPNAWo1`0hPN@Xo1b0fPN^OZo1c011000O1OO02O0O101AaPN:do1O1O0O10001N1O100O10001Nl^f^1
20120512063234Lh_14,gkl^21oo11N103N0O1O1000O010001O2M100O2N10O11O00O1O1OO11O0O200O100O10O1O10O000100O2O7I4K1N2O002ATOgQNm0Vn1VOiQNh0Vn1YOnQNd0Pn1_OQRNIE?Zn1G\RN3gm1M\RNNfm1O^Um]1
20120512063234Lh_15,ak^c23ko15WOM\QN9an1MVQNc0]n1SO_QN]1an101O1N3L3O2L4J8J8HdTe[1
20120528063154Uh_1,W\iV24jo14K3O1N1O1O2J6E:N2N2K4H7N21N5M1O011N1M3N2K5O1N2M3NO2010010K3O1O1L401N101N2N02O2N10L30YOiQNEZn1;e01O0000010O10O0001O000O1OO2000001N1000000001O0010O1N1001O0010O010O001N1010O001OO2OO1001OO2O01O1O0010O00010O10O01O010O0100O100O0O11001N10O010O0O200O0100O1O10O010N2N2N110O001O1O100O01O2N100O1O00000100O001O100O10O00N_OfPNa0Yo140O100O3L4LeiZ_1
20120528063154Uh_2,e^W^12no12M2O00001N102N1\PNG_o1>00O1O000000O2O00O11O000010O01O00100O010O001N2O1O1O0010O010O000001OO10001O1N101O1N2N2O002N1O0O100O100OFjPNEN6Vo16oPNIQo16oPNKQo15oPNKPo14RQNLnn14RQNLmn15SQNKln16UQNGln1:UQNEjn1;<2L4ON2N110O10N20O10O1M3O2M21ON2000O2M3N2N2N1O10001N2M20000O2O010O0100O1O1O100O10O100O100O100O2O00000000000001O1O0O2O001O1O1O1O10N1001O02N1O3N3L001O1O1O002MZb`X2
20120528063154Uh_3,d[e_2122go14N0[PNJ`o1;_PNH\o1?O2N001N2O0O1000O1M3L4001O1O1OO010O0L4000OL5001N2O0O2O01O10O1O100O0100O1O00O12NO111N10001O001O01M201O1O1O0100000000O10O1000O01O1O1O001O1O1O1000O010000O010000000000000O100000O10O10000000O1000000O1000O10000N201N1O1OVg\Y1
20120528063154Uh_4,UWYS22mo12N10001N10001O01O01O000001O00010O01N1010O010O01000O2O0O010O101O000O0100O2O1O4L1O01N1N3M3KVhji1
20120528063154Uh_5,nTke01mo14M2N100O2O001O00000001O0O0101O0GGkPN9To1IfPNN1:Yo19O100O01O1N200000O1O1000000O10O1O2N1N2K500O101N101O010O01O010O1O0010000O11O01O1OO100O100O010O1O010O1O010O1OPkbU3
20120528063154Uh_6,ad\o14lo12CLjPN5Po12kPN1Vo1>ON3O03M1O0O1O10O10O1O1O0020O00000001O12NO3033H0O1NlPN[Onn11PQNi0So1VOlPNe00ZOVo1i000N20O0WOnPNc0Xo113L2N0O2OO02O1N100O015J3LTY_m1
20120528063154Uh_7,lenm23mo13L1O2O0O1M3O1O0100O100O10001O001O00001O0000000001OO2O000O2O0000001N2N2OTZgo0
20120528063154Uh_8,i`RU22no11N3M2O1O1O1O00001O0O10O0100O2aPNCYo1=fPNEYo1<fPNEYo1b0N1000001O0O1000000OWOmPNf0So1[OlPNf0So1401mPNUOon1k0QQNUOon1k0RQNTOon1k0QQNVOmn1l0SQNSOmn1m0SQNTOln1Q1O11OO10O3L3N00001OLUOTQNj0kn1XOTQNg0mn1YOTQNf0ln1[OSQNMOe0nn1^OVQNd0hn1\OWQNe0jn1ZOUQNh0jn1YOUQNg0kn1YOUQNg0ln1XOTQNh0ln1WOWQNg0in1YOXQNg0hn1XOXQNi0on1010kPNXOPo1i0PQNWOon1j0PQNVOPo1m0010O00000001O01O00010O0100O1O010O10O010001OO10O1O1O11POUQNh0Ro1O1O10O00001001OO01O002M3N1O2N2N1O1O1O0001O0002OO001O1O0100O00001O01O00000000001O00001O2N1O2M2001N1O1O02OO10O100O02\OePN`0^o1O1O010O100O1N210O4K2O1N1Og\g`1
20120528063154Uh_9,QdTW11mo13N1O103M1O1O1O1]PND`o1>010O00001O10O000101N01dPNEQo1;oPNGon19PQNHQo18mPNJSo15mPNKTo15kPNKMKUo1:nPNNRo13mPNJNKVo1:kPNL0IVo1;iPNL1JVo19jPNMOJXo18iPNNOKXo16jPN2Wo1NiPN2Vo1NjPN2Wo1MiPN3Wo1MiPN3Xo1LhPN5Yo1JfPN7Yo1IgPN10NXo11hPN11MXo1MgPN106ON]o1LcPN=]o1BdPN?^o10O102O00O100O100O2N0000O11O101N1O0010O1O00010O000000010O1O0010O0100O01O1O1O1O010O00001OO1001O001O0010O00010O001O001O0001O01O001O01O001O01O100O1O001O00000O101O10A`PN=ao10O101OAaPN>`o1001O1O1O100O100O00FePN0Zo10fPN2Xo1<O01BhPN2Xo1OhPN0Xo18hPNAWo1?kPN@To1`0mPN_OSo1c0kPN^OUo1a0lPN]OUo1c05O0O101OnPNAcn1?]QNAcn1`0\QN@en1?[QNAen1?\QN@dn1a0[QN_Oen1a0>LcPNC^o1;cPNF]o18ePNH[o17ePNI[o17ePNI\o15ePNK[o15ePNMZo12fPNNZo12fPNOZo10fPN0Zo10fPNO\o1OePN1[o1OePN1eo10000000000O100ON210O100000000000000010O000000001O00001O1O1O^YU\2
20120606063154Uh_1,Xkj^1>]o1<D9L2L5G8L5L3K4N1OoNWRNNfm12^RNM`m12dRNMZm13iRNLTm15oRNJnl17TSNIil18ZSNGdl18`SNF`l18gSNDXl17oSNHPl16STNJlk13XTNMfk12]TNN`k13bTNL\k15eTNK[k1BnRN?h10Vk16kTNIRk19oTNGnj1<RUNDkj1>VUNBgj1?[UNAbj1a0_UN^Oaj1a0bUN^O]j1a0fUN]OZj1a0iUN_OUj1`0lUNASj1>PVNAoi1?UVN]Oli1a0k2N2OhM\OUUNc0mj1_OQUN`0jj1HUUN6kj1MSUN2mj11QUNNPk14oTNJRk18lTNGVk15nRNDj14]k1=cTN_Obk1`0V2I1O002N1O001O0O2OO1hQNKcl16[SNMdl13[SNNel12YSN0gl11WSN0il10WSN0il11USN0kl11SSN0ml10RSN0Pm10nRN1Rm1OnRN1Rm1OnRN0Rm10nRN0Sm10lRNOVm10jRN1Vm1NjRN2Vm1OjRN0Vm10jRN0Wm1OiRN0Ym1OgRN1Ym1OgRN0[m10dRN0]m10bRN0_m1OaRN1`m1O_RN1bm1O]RN0em1O[RN1fm1OYRN1im1MWRN3kn10000O0001O0O2N101O10000000O101N6IlVaZ2
20120606063154Uh_2,P^[P17ho11O2N3N010N2N012N000O2O003M000000O00_O^OfQNb0Xn1CdQN>om1]OoQN8O;Sn1CfQN53;Vn1l010001N2O0O1O10002MOdN`QN\1bn1N1O200M[QNjNgn1S15M2M30000O2M3KjPN\OXo1e01O3M2IePNF\o169O10nbZl2
20120606063154Uh_3,cYYn25jo13L2G902N000001O01N1aNIUSN7il1MUSN3il10WSN0hl11VSNOjl13TSNMml14RSNLnl15QSNKol15oRNMol16oRNKQm16nRNJQm17PSNHPm19PSNFPm1:QSNB\O_Ocm1o0QSNC\O_O`m1o0USNEjl1<WSNCil1;ZSNCfl1=\SNAel1>]SN_Oel1a0]SN\Odl1c0_SNZObl1e0aSNXO`l1h0\1O1O100N2O1N10100O2O0001O0010O02N10O101N102M2N1N101N2N2N2NThhm0
20120606063154Uh_4,djV`11lo50RPN0\20WjM1]TNOnm11TRNO]10Rj10`TN0om10aTN0oh10Q70_L0O2UMNbUN7]j1IgUN2Yj3NfR:0ooC1_PN0co143NQP:NRPF2M2OLYPN1eo1N^PN1ao1O`PN0io1000000000O10O10B0jPN0Vo10jPN0bo10fo30[PL0;0E0O10O1000oo10QPN000_Ve[2
20120622063154Uh_1,fefk12no11N101M2L4O1K5O1O1O1O100O0UO]O[RNc0em1]OZRNc0gm1]OYRNc0gm1ATRN?mm1BRRN=om1DoQN;Tn1EhQN=Yn1D^QNH3b0bn1FYQNK0a0hn1a00000000O2O001O0001O1O0001O1O001O00100ORQNPOln1S1O01O001O0010O01O0001O0000000000O1O1O1N2O1O100O10000O101O001O010O2N1O010O000010O01O01O010O0100O010O0100O010O0100O010O01O0100O10O010O0100O100O101OO10O1000O2OO100000000O1O10O010O00001O001O001O001O001O001O001O100O102N0O100O1000O00010O01O1O100O1O1O100O1O1O010O001O001O1O1O100O1O100O010O000100O0D\QN[Ofn1c0^QNZObn1f0_QNXOcn1g0^QNWOcn1i0;0O010O01O0010O01O10OO2O1O010O1O1O001O001O1O1O2N1O4L001N101O1O2MgXWf1
20120622063154Uh_2,ihje13jo15WPNM_o1`0K31M2N07I02O00jPNXOQo1m002M7I51I2O2O5K02N00O;E2O0O012N0003MO01O1O1O1O1O002N2N002N0O2OO1O3N3M4LgPN\OUo1f03O02N9F2O4L00O2N01VQNnNen1W1106J3M0O7I0O011N3N0O20O001O001O0002O0O0O10ONdPNAZo1a0fPN^OZo1e0O00O1000M3O0102N00000000O01001N01O2M20010O0O100O2O0O1O1O2O1L4N102M_RQS2
20120622063154Uh_3,\\gf12ko14N2N1O2O1O1N2O001O1O001O01O00010O01O1O002O00O01001N10O1O10AgPN6Zo1FfPN0N9do1100O101N1O1N5L1O2O3L3M4M5ZQNQOIISn1X1nQNZOnm1]1ON2L4eNlQNi0Vn1ROYRNc0gm1]O[RNH_Ob0O]OYn18_RN9XO_OZn17`RN:am1E`RN:bm1CcRN9cn1O002M3N2Mda^U2
20120622063154Uh_4,icTb02no11O1N5CIiPN8Vo1JgPN8Xo1:N2O0O1O1O1O1O010O1OYOoPN?Qo1@SQN>mn1@UQN`0Vo1001N4MM3OiPN]OQo1c0nPN@Qo1`0nPNARo1h0O1O0001O001N11OO3M104L00010O2N0O100000O0101N100O010001O0OO2O0010O00100O001O1O002N1O1O00001O1O0000O1N3O0O2O1O0011O00O1O010O0001O0000O10000O100000000O101O001O10O2O2NC_PN;bo11O1O100O0100O0001O001000O10O2N3M2OO1O1NfPN_OYo1`0gPN_OZo1`0fPNAYo1`0fPNAYo1c01O010O0000000O2N010O10000O2O1O2N001O01O01O0001O01O0000000000001O00000000000000001O1O1O010O0000001O001N101N1OXYUR3
20120622063154Uh_5,oXaV35ho16L3N2N1O1O1O1O1O002N1O2NO111O0001O01O0O1O01N100O010000O02N1N2N002_NTOQSNO8n0gl1UOmRN5DH62Mm0\m1XOiRN6MCOo0\m1[OfRN42a0Zm1\OcRN50?\m1@bRN2O?_m1AaRNT1`m1e01N01N2O01O1O101N10N1M4N01K6H_RNQNam1o180O1BUNfRNl1[m185N[OiMeSNo1^l1XNVSNILo1Pm1ZNYSNe1il1]NQSNe1Qm1c04M3L4LEgMTSNV2el1WNXSNg1hl1\NUSNc1ml1f02FmRNfMSm1Z2:0O1O10OOJ8mNbRNC_m1<dRN^O_m1c0bRNWOam1j0`RNROcm1o0^RNlNem1T1b02N1O1L3L51O1N1O2M10O1ON30M310000O01M2O101O1O02NN^NjQN`1Un1501O02O100O1O1O1O10O1O0001N3M3M2O1N3O0O1O10O01O101N100O100O1O2M2M3M4L3M5IQnT`0
20120622063154Uh_6,hhhe14io10ZPN3_o1JfPN0M0SP61goK0RPN3oo1L00eP80`oI0koM0QPN0no11102OSP60koI10OjTcX2
20120622063154Uh_7,YYeV31QP20O001O001O2M20O0O2M011001O3N0O0UOKjQN4Wn1LhQN4Yn1LfQN3Zn1NgQN0Zn1OgQN1Xn10hQNOYn10gQN1Xn10hQN0Xn10hQNOQn11[QN0c00Pn12\QNNf0Nnm16YQNMj0Mjm1<f06bQN^O`m1b0bRN^O]m1a0dRN@Zm1OhQN62Mm0N^m14cQNOo0Mam17_RNIem14[RNLgm11ZRNNRm12cSNNWn10O10O10aM0nTN0Sk10^20]RN0cm10eM0fTN0[k10SR20RP20SPN0coM5iPNKXo10gPN4Xo1O;2ZOOnPNL:7e1Ioj11dSN3]1MPk10ZSNON3g1NSk10ZSNOl10lj12`UNNbj14_21[PNO\o18gPNGUo16hPNL3MSo1OWQN3COUo1M[QN6en1Kh000O10N10001OO20ZQN5Vm1LiRN2mNLWn12mRN0Ym1OhRN2Wm1NjRN1Vm1OjRN1Tm10nRNORm10oRN0nl12SSNNgl14\SNMdl1NaSN1`l10_SN0cl1O[SN1Yn10_NOTSN1ml1OSSN0ml10TSN0gl14WSNNjl12VSNMkl10XSN0il10WSN0jl1OVSN1jl1OUSN2jl1NWSN1fl10\SN1Xn1O200O000000010O0010YN0`SN0`l10_SN0bl10]SN0Yn100010YN2e1OgQNOel10[SN0fl10XSN1il10TSN1nl1OoRN1Tm1NkRN1Wm1OgRN1\m1OcRN0^m10aRN1^m10aRN0`m10`RNOam10_RN1am1O^RN1cm1O]RN0dm11ZRNOgm11YRNOgm11XRNOim11WRNOim11VRNOlm10SRN0nm11oQNOSn11jQN0Xn10l01O011cn;8QQD>D3L1O010O0000O1O00001N2O2M2O2M4J6Klob>
20120622063154Uh_8,[\[e13lo11O2O0K6OL_PNIao173102OO1O001O1O00000001N2O000O1OM^PNJco12aPNN^o11dPNNZo13gPNMZo11hPNOWo11jPNOUo11=O10`PN0Po10bP>0bPF1^OO\O0cPL0WP42aoKNZPN20Nho147LN010dP40\oK0iP81PoG1eP4NVnK1dRNOim10lQN0Vn10oPN1b0O]O0Yo10XQN0_O0[o10VQN0kn10TQN0nn12nPNNSo12aP2NXPL0^o1091TPNOgo141O2O1O0O]aTU2
20120622063154Uh_9,[ll\1340`o14]PNNbo18O1N3N1O1N2O3L3N1M4L3000010O1O0204oNQQNe0Yo1M1N1O2M4H6M^S_a2
20120707070914Th_1,Uach05jo13M2N1N2O0M4N2O1O0O10O1O1E:10001O11O000OPNJVTN6jk10PTN1Pl14jSNMYl16aSNJdl17USNKPm13lRNLYm15bRNLbm18jQN3Zn1f05K5K6K3L4Ka0]OZ`TU3
20120707070914Th_2,Win\14lo12O1N2N2CIhPNM0`0Ro1<000OoPNWOjn1Q1000O3OO14MO0001N1O2O1O0O2N00001N2N3M1O001O102N0N2M2M3O102MbUc`2
20120707070914Th_3,R[ab11no12N100O10O1O000011TPNMio13WPNMio1500O10000O100O100O10O10000000000O010000O2O00000O1O10O10000O2O00000OO2000000O10000000O100O100O010000O10000O100O2N101N2O1N1000000000000000001O0000000O100000000O10EhPNF13Xo16mPNISo17nPNHQo19oPNFRo19;00000O010O001O010000O10O10O0100O10O0100O10O010O100O100O10O01O1O10000O10O1N2O100O010O10O00100OO200000000O100000O001O1O01O01O0010O0010O01O10M21O1O100O1000O010OKEfPN<Yo15N3O0010O10O01O100O100O1O1000O10000000O10000O10000O1000000000O100000000O1O100O100O10O011O000O10000000000O100O10001O000000000001O01O001O000000O1000000000000O100001O0000O10O1OO110O001O1O1O10O1M2100000O100000O100O0010O1O0IcPNM]o12ePNK]o157O100O1O10000O1O1Ohglj1
20120707070914Th_4,oXae03ko13O2M2\PNI]o1>002N0O3N]PNF`o1?NN22N11N0O101O001N10O10O100O1O1N10001O00000O2O00000000000000O100000000O10O010O1O00010O0000O2OO1O10BLkPN9Vo1JfPN7[o1IdPN6]o1JdPN2OK^o10ag^V3
20120707070914Th_5,QgmP22no10O1000000O1000000000000[PNN\o12cPNO]o12aPNO_o11`PN1_o19_PNC]o1b0N001O10]OfPN?Yo1@hPN`0]o11N003N2MGiPNMSo13nPNLRo14nPNMRo12nPNN4Egn1l0WQNVOin1P10001O0010O001O102KQQNSOPo1l0PQNTOQo1k0oPNVOPo1m01O01O01O00000XOQQN?Po1\OVQNb0To101O000010O0000000000O10OEdPN4\o1JgPN5Zo1JfPN6Zo1IgPN7Yo1IgPN7ao100O100010O00001O001O01O0000001O0000000MYPNMgo13YPNMgo13YPNMgo13YPNMfo170000000001O00000000H[PN5do1400O11O00001O1O000000O100O1O10N]PNGco19]PNGco1;O2O00000000000000000000O100000000000000000000000O1000000000001O000001O01O0001O000O10000000001L]PNIco17]PNIco1:0O1000000000000O1000000000000001N100001O1O000001O00000000000O100XOEkQN;Tn1GjQN9Wn1HhQN8Wn1HjQN8Vn1GjQN:Vn1EkQN;[ODhn10nQN<ZODhn10mQN=[OCgn11YQNOc0?Tn1BYQN0a0?Vn1AYQN1`0>Wn1AYQN2?=Xn1@ZQN3>=Xn1@ZQN3>:ADgn15hQN7[n1JdQN6]n1IcQN7]n1JbQN6^n1JbQN5`n1JaQN5_n1KaQN5CEjn15dQN5BFjn15_QNLH9mn1J[QNNH7mn1J[QN0H6mn1I[QN2G6[o1LdPN4\o180000O2O01N1000001O00000000M_OgPNa0Xo1@hPNa0Wo1400LZOnPN1Nc0Ro1^OoPNN0e0Po1_OQQNb0mn1_OSQNa0mn1_OSQNa0on1^OoPNc0To14O0000000O100000000KTOUQNn0in1TOVQNl0jn1TOVQNl0jn1TOVQNl0in1UOWQNk0in16001O1O1O1O1O1O001CPQNGQo18PQNHPo18PQNHPo1KnPN73Non1IRQN7OOPo1ITQN5M1Po1JTQN3M2Po1KTQN1M3do100O10O100001N1000cWd\1
20120707070914Th_6,jb`V12mo12O2O0O3N2M1O001O01000002NN2O1O010O1O100O010O1O1N1O2N2N101OCkPNOUo11lPNOSo11nPNO1Nbn13^QN>`n1\O]QNK7h0\n1\OhQNd0Yn1ZOhQNf0jn1N2M3N1000001N2O1O1O1O1O0O100N200O100O0010O100O001O10O2N3MY\[e2
20120707070914Th_7,WWW?4jo14L4L3L3OO001N3N100000001O001O1O1O100O1O100O2O000O2O00ioe0NXPZO2O001O001O0000O100000O1000O010O0100O010O10O1000O1000O1001O0O10000000000000001O1O101N2N1000O10000O1N2N103M2N[ilZ3
20120707070914Th_8,cdUd13mo112Nfo10YPN4K2O2M4`PNHRo1d0N1N2O10000001O001O01O01O00001O1O0O100O1O1O100O1000O0100O01O1O0010O1O1N2O2N100JbPNI`o16`PNIao16`PNJ`o17^PNKao191J_PNMao12aPNM_o11901O12N0O1N101N1N2O10O1000001N2L4NYP6NfoI5O01O1O2MXo17aPN3N1N101O1O1O2OO001O010O01GAoPN?Po1CoPN>Po1DmPN=Ro1900O1O1O010O10000O10000O101N1KnNYQNU1en14O100O100O001O10000000O100O100O1N200O100O10000O00100O1O101N1O1O1L30010O01O01O10O010O10O01O10000O100O1O2O1N101O1O1N100000000O100000001O00001O1O001O0000000O101N101N2O001O1O000O2O00000O10O01O001O0001N1L5N1O20O01O00NO4O100O1OSOlNPSNQ1Rm1ROkRNm0Wm1VOfRNi0Zm1A\RN?em1CWRN>im1l01000O1000O0O1001N1O2O010O000O2O0100O10000O010000000000001N1O1CYRN_Nim1a1;0O101OO010OO1000001O0N201O01O10\OVNRSNi1il1aNRSN_1ll1lNkRNU1kl1U1M2O2O0010N2N2N2N2O1N2O001O1N1N3N1O2O00100O1O1N101N10N201O01N2N2O1N2N1HYRNXNgm1h1\RNTNem1g1WRNZNRn1d15O2O1N2N2M3N1O2O010O10001lNYQNl0on1N2N2N1GlPNEUo18QQNDPo14b0Nea\f1
20120707070914Th_9,jk^U23lo1101O0O2O0L4000O101O0000001O10O0010O10O1N2O0001O1O0001N2L3O0010IbPNK_o156O101M3M\TUh1
20120707070914Th_10,fVoX32mo1100FNdPN3\o1NdPN2[o1OePN1[o1OdPN2\o1MePN3[o1MePN3do1N10UPNNio15O1000O10001O0001O00000000O1000000000COlPN0To13iPNMVo16hPNKWo16hPNJYo15gPNKYo16fPNJZo1>1O001O8H100O2NYP6KkoI3HM_PN4`o1L_PN6`o1K_PN6do12O1O1O11OO100001O00N2O100O101N1O2O1O1O11O01N1O1O10@lPN1To1NlPN3To1LmPN3To1LlPN4Yo1FhPN:_o101O5JPhfa0
20120707070914Th_11,XWU?3ko1NYPN1bo10bPN0[o1OiPN0So11=O20dPN0gn50dPN0VPd00_og00]PbN0000000oo30SP:0moI0QPH0jo10]P<0io90RPZO1ko7OTPH0ooM0010O01O1N2O01001N2O1N2O00002M00E^PN9eo100O100KZPNNgo1N]PN2ho1010O010O01NjhfX3
20120707070914Th_12,XVgP34ko12N1N4J5GDjPN>Vo16N1000JmPNARo1?72NHiPNIVo17lPNHPo1;QQNDon18>001O1O10O0001O1NH:ON21O2NDKoPN4on10PQN0on11PQNOon13PQNNPo13nPNNTo11iPN0Yo1:2O000000000O100O2M3N1O4H_kXl0
20120710063134Lh_1,ihlg0390Uo1a0K4L4L4N2N1O2M2O1JkN`QNW1Zn1:O1NTOnQNNlm1\OnQNf0:Lfm18^RNF`m1:eRNBXm1`0kRN^Okl1GcRNj0j0YOcl1P1V100000001O1O001L4N101O001O001O1O001O1N101O1O001O1O1O001O0100N200O10O10OO2O010O1000O1000O01000O10OMfPNBZo1>fPNA[o1?ePNA[o1?ePNA[o1?ePNA[o1?ePNA\o1?cPNA]o1a0000001O00000000010O0000O2O00000000001O001O001O001O001O010O01O2N100O0101OO01O100O1O001O000O101O001N101OcPNKon15QQNLon12RQNMon13QQNNnn12RQNNon11QQNOon11QQNOGOco10_PN0ho32ioM6O2N2N100O00001N10000100O1O001O010O101O1N1001O01OO100O1O2N1O1O0010O00100O1001O000O101OO1O10000002N0O10000O1001N100O010O00010O0010O0100O010O001O0001O010O1O3M100O10O100O2N001O0O1000001O0100dPNBTo1f00O01O10O10O100O2O1O00O100O3N0002N2N01O7H2N2O0O2N2O0O1O7I001OWUig2
20120710063134Lh_2,Pl\j15io1=C5E=H6J7E<J8I;D4M4JQNnRNZ1il1fN^SNX1al1fNbSN^1Xl1aNjSNc1Pl1^NWTN\1gk1dN[TNOC;Pl1G^TNELc0ek1GaTN]O3k0\k1HdUN9[j1EmUN5Sj1JXVNKii14YVNIji1LaVN2`i1OaVNLbi13V3O1000001O0O101O00oT]S2
20120710063134Lh_3,PdbW13mo11N2N2O0O10010O00O010000N102N10000O1000001N100O100O1O2K]OjPNd0Vo13O101O000001O0001O0000O101O000O1O11OO101O2N1O002N1O001O001N11O00O1001O00100O000bPNCYo1?dPNB\o1a01O001O1N3N2N1O2M2O1Nj[[c2
20120710063134Lh_4,l`ic11no13M3M3N3L2O0O1O100O100O0010O000IdPNJ[o19fPNEon12RQN9So1:K6O1O2N1O1O0O2OF;LnPNZOTo1b060OO201N1O1000N200NN4O101OO1BCYQN>hn1CWQN<jn1DUQN<ln1DTQN<ln1CTQN=Wo1M3O100001O01O1O00O1N2010N2O101N010000001N101N2OiadW2
20120710063134Lh_5,\hTh01no1000UQN0em12Q12^QNLYm16hRNJTm14gQNMW1OPm10ZSN0[n12N0000O000000Zmm0OhRRO0oo10QPN0oo30oo50QPH0mo90SPJ0PPL0QPN0O0100000dPV10\oiN000000000RYYR3
20120710063134Lh_6,hk`j12io1O3000\R40UkM0[UL0Yk10T40PN1]l1OnT20dnI2g1NRl13U3OhoMNSl10cUN0oM1Po1OmPN1Xl16RVNIdM1\l1OWVN1XM2al1MYVN7`i1IhSN0j25_i1K_30QP20ooM0VPN0do10\PN0do11[PNOeo11[PNOeo16O101O010O0010O001N3MnTgR2
20120710063134Lh_7,VZWg15ko11O1O1O2M2O3L201M2O@lPN9nn1GTQN9kn1FWQN:hn1EZQN:en1G\QN8dn1G^QN8cn1G]QN9Vo1O0O100O2OO1001O0O100000000000000000000O2O0000O10000O100O01O1O\ehU2
20120710063134Lh_8,ceco14do1OaPN2]o10aPN1^o10aPN1^o1:OFbPNJ06^o10bPN3]o180001OO12N01O01O001O00O10010O010O00001O2OO01O01O0103M0O001O1O001O1N10O2O000O10001O0001O0O1010O01O01O003M2N2M2O0000N10100O100100O1O0O2N100O11O0O100N200O10000000000BcPNN08^o1IbPNO08_o1HaPN008`o1H`PNO09eo100O1O2N2N2N1OoYVj1
20120730072014Th_1,SUmh11no12N2N2O1O1O001N2O1N2N3M2N100O2N100O2O001O0O2N2N3N1N2N4M4K3N1O1O1O1O1O2N1O0001O010O00000000O2O00O1@oQNlNVn1R1=HZQNTOhn1l0601O01O0O200O5MO0O000O1006KL4N2001N3N2Ne0[O3M2N1O000O1O0001O1O1O1O1O0L4O2N102N2N1O11O1101M1K;I_VNTOnc1k0i[N@Vd1?^[NLfd13T[N1Pe10eZNOPLPO[i1R1aZN1TLmN[i1T1\ZN3WLiN^i1T1gVNkNW3i0jL@di1f0WVNUOV3d0VM_O^i1P1ZYN@\M]O\i1S1UYNAhg1=nWNkNYMi0nj1;fWNJ`h12[WN1hh1OVWNITi16lVNG]i13`VN4^i1J`VN1ji1LUVN3oi1KnUN6Uj1IhUN7[j1JcUN2bj1O\UNNhj13VUNLlj14PUNLTk14jTNJYk17dTNJ]k16cTNI]k1:`TNFak1;^TNDdk1=lRNUOZ1=ok1<RTNDQl19nSNGUl19gSNH\l19aSNGbl19`RN\Oa0;Rm1:YRN^Oa08Zm1b0ZRNHhm1V12J6UOjQNFZn1;hQN@[n1b0dQN[O_n1P13O2M2O100O1O4POWQNb0Vo1N1N2N=Adg`m1
20120730072014Th_2,RiZo02mo12N101O0bPNKPo16=00O101O00001O0001O0000000O1O10O0100000O10O01O0000O11O010O0100O100O1O001O1O010000O100001O00O10000000O01000O010000000001O1O000000000000000000000000000001O001O01O11N01O100O001O001O10O000100O01O01O0000010O0100O0010000O1000000O3N2YQNEdm1`0cQNAPo1S1oPNnN^n1[1OO1N3A]QNZOln1;`0J6IbVeh2
20120730072014Th_3,QRe[21oo11O001O00000O1N201ZOL^QN4bn1M]QN3cn1N\QN2dn1OZQN3en1NZQN2fn1OPQNI3:mn1MPQNJ1:hn1FYQN;O0gn1FYQN;O0gn1FYQN:01gn1EXQN;01gn15XQNLhn1f01O001N100000001O00O101O1O1O3M00000000F]QNWOdn1g0^QNWOcn1i0^QNVObn1a0[QN@5Nan1a0[QN_O50`n1`0iQN^OXn1b0c0000O1000000001O0000000O10000001O0000000001HdPNI]o16dPNJ\o16dPNJ\o16ePNH\o18dPNH[o19fPNFXo1<600001O0011N010O000000O01O10O010O100O010O10000O1M3N2L40000001O000@hPN7Zo1DkPN;Uo1ElPN:To1EmPN:^o1O4L1NgnT]1
20120730072014Th_4,P^Wn11oo11N2O1O000000001O00000001O001O0001O0000000O100O1000O1000O010O10O010O10O10O010O00000O1001O00010O001O10O01O1O0000001O0N2O11O101O3M2Lhbdm1
20120730072014Th_5,SlPf12no11O001O001M3O001O100O001O0000000N20000000O100O10000000O010000O010O10O10000O1M300O10O1N2O1O100O1000000O0100000O1O1O100O1000000000O10000O10O001000000O010O01O1O10O100O1O1O2O0000M3O001000000000O100O1O2O001O1O0ObT_S2
20120730072014Th_6,Qaeb24lo12N0GMdPN5[o18O2N10O11O1fPN]OVo1g0O010010N1O1O1N2N1001O2N1O0O0M4NNmPN[ORo1f0nPNZOQo1g0nPNZOQo1k0N1010O00001O1000O0100O1J6O1N200]OfPN`0c0ATn1>jQNEUn1;kQNE_m1NbRN<OJZm1LgRN8OMZm1KhRN7L1Zm1IjRN5L3Xm1KjRN3M3Xm1KjRN2N3Ym1KiRN2M4Zm1JiRN3K3]m1JhRN2E:cm1EgRN2E9em1EeRN3E9fm1DdRN5D7im1BeRN7B6jm1CcRNQ1[m1QOeRN4B9jm1CdRN4B8km1EbRN3C8km1F`RNl0am1TOVRNGNV1mm1g00O100N2O0001O10000O01O0IPRN`NPn1_1QRN`Nom1a1QRN_Nnm1:VRNi0km1UOXRNj0hm1SO[RNm0em1RO[RNo0dm1QO]RNo0cm1PO^RNP1am1PO`RNo0`m1QOaRNn0_m1SOaRNl0`m1TO_RNi0em1WOZRNi0fm1YOXRNd0km1^ORRNc0nm1@oQNa0Pn1g0010O1L5O1N3M2O5K2M2N00001O1000O001LnNYQNS1en141N1J[QNPOgn1Q14O010O2N2O3L1N2NO102O1DYO^QNe0cn1_OZQNa0en1BYQN>fn1EXQN;hn1>1N20MN401O0100O01O000O1O1K51O1O1OHSQN\Oon1e0410O0O2O1OO2N2M30100N1OO101K4DmPNMTo10RQNLPo13XcfR1
20120730072014Th_7,RUah11no12O001O001NNWPNOio10YPN0eo10]PN0ao10aPNO^o129O1O00no11PPN000ePNOin10Y10dN1]QNObn11g0O10iPN0Xo30Qo70kPJ1RPLO10jQj00VnUO010O1N3K40OYNIkSN2Tl1NPTN3kk1MUTN4kk1LTTN4lk1LUTN3kk1MVTN1jk1OWTN2hk1OWTN1jk1NWTN2jk1NUTN2kk1NUTN2mm10O2O0O1lMK\TN4ek1L]TN3bk1M^TN3bk1M^TN3\m10fPN1To19gPNGco164M2M2N1OmMOXTN1lm1O00000000nM0TTN0mk10RTN0ok10PTN0Pl10lSN4om1L[N0cSN0Wn10XN1_SNOdl10ZSN1fl1OYSN2fl1O[SNOfl11f1110OO]QNOTm14bQNLeo11_PNOio11TQN2fm1NYRN1oNNno10ZPN3bo12N1OKYPN2lo1OfNNeRN1\m1OdRN1]m10aRNOam11X12NO00O6JM3O001O2OaPh1NmgPl1
20120730072014Th_8,fe\Y21no12C0aPN7^o15M4N2M3M10LmPN^OSo1b05J51O1M3M^OiPNc0Qo1]OQQNh0mn151O1M4CmPNEZo10ePN3ho1Nf[We1
20120730072014Th_9,Tjf[23lo12O101O000001O0O00100O01L31O1O2N1O01O1O010O00100O00100O103L100000O1O2M2O1OVPNMho1600OMYPNMgo13ZPNMeo12]PNMco145O0100O0100O0100O100O10O01O010O00010O1O010O0010O0MlTo_1
20120730072014Th_10,VXko11PP60ooK000Yoi00SSXO0YkM0XSN1>0\l1OSSN1`00cm1OSRN0nl50QSJ0F2cm1NhRN2@0km1NgRN1[O2om1NQSN0Tm10_100O00O10020VPNOe00Tn12Xifm1
20120730072014Th_11,jbdj23lo12O0N2fNJkQN4?3dm1LkQN3>4em1KiQN5OI5OJ9Yn1X101O1O1O0002M3N1eNdQNL0o0^n1UObQNK2708`n1EeQN3H8en1AiQN5C9Wo1DlPNML:fn1GURN9km1GWRN7hm1KXRN3im1OVRN0jm11VRNObm19^RNEcm1<]RNCcm1>`RNA]m1a0P1KfPNFXo19jPNGUo19kPNGTo18hPNE44So1:iPNB05Xo17jPNKUo1`0000O1N2FgPNMYo12gPNN[o1:2O2DaPN4ho1M2N1N`^]R1
20120730072014Th_12,bcb[34ko120N100O[RN4Wk1LYTNNbN1L5Ym1MWTN0^N302Zm1KXTNf0hk1YOYTNh0fk1XO[TNh0dk1YO\TNf0ck1[O]TNe0bk1]OWTNi0ik1WOVTNi0kk1XOTTNe0Pl1]OlSNb0Vl1^OjSNa0Wl1@bRNGQ12mNb0`m1EaRNIW1?Zl1OeSNN^l12aSNN`l13[SN0gl11hRN_OGc0am11^RNDJa0im1L[RN?gm1BXRN;km1k02N2O00001M201O2J6CdQNRO_n1l0bQNROan1i0]QNTO22cn1m0=K1LlPNZOUo1e040000O1F;LS\_a0
20120730072014Th_13,[ebW14jo13O3M2N1O2N1O001O00O2O00100O1O1F^PN4bo1K`PN4fo101O01O001O002OO10O01O1O01O010O0101O0O2Mno50RPJ3WPNMao1;N1cPNCXo1;gPNGWo19iPNHWo17iPNJWo16hPNJXo16iPNKVo15iPNOTo10lPN2To1MkPN4Uo1;1N2O1MePN_O]o1?30O10FbPN2]o1LePN4]o1IdPN6co11O0001O00100O0000O2O001O01O2N100NRY]c2
20120730072014Th_14,Z^jd11no13N1O00000O10000O101O00001O00000001O0010O000001O0000001O000000O1000000000010O01O010O01O001O0100O00000000010O00000001O10O1O001O0001O10O01O0001N10000KWPN2mo1Nno30SPL1O0O1O2O0001N2OfPh00ZoWO0H1_PN0_o19CGRQN:ln1ImPNK3<Po1LPQN4on1MPQN4Po1LPQN4Po1LQQN2Po1NoPN3Po10nPN0Ro1?0O100AlPN2Uo1DkPN021O:]o14O1M_OfPNb0Zo121N1O1I4F_PN:ao12100O100O10O01O101M20LJ^PN6bo1K]PN5co1K]PN4do1K]PN5co1K[PN014co1M\PNO14co1O]PN1co1O]PN1co10\PNOeo11[PN0do16000O11O0000O11O00J]PNOdo1O^PN0jo1OXa[Q2
20120813063134Lh_1,iaVX15io13N1O2O0O10000O1000000O0010O10000O1000O01000O100O1001O000000000O100001O1O001O0000000000O01000000000001O000O101O000O2O001O00001O0010O01O01OhPN[OUo1f0jPNZOWo1e0200010O1O101N2N0100O010O1O1O2N1N200O1O1O101N2N14O0M000J@kPNa0Zo11N1O1O1N3N1N3N1O2M3N1O1O1O001O01O00101N01O1YQNlN`n1\1N1O1OHaQNoN_n1Q1cQNnN]n1Q1cQNoN_n1o0bQNQO_n1c0^QN@3N_n1a0_QNA1Nan1`0_QN\ON124`n1?dQN^OJ4cn1>aQNI_n17aQNI`n17^QNJbn1k001N10I^QNnNgn1L`QNg0K\OPo1b0PQN^OPo1b0PQN^Oon1c0QQN]Onn1d0RQN[Omn1g0SQNYOkn1j0SQNVOln1o0110O1CRQNFPo17SQNFon18TQNGLMkn11TQN16;NCcn1OaQN?IEdn1KeQNk0Zn1TOfQNm0fn11N2O1N101O10O3N1N10O01O1O001O2N1O2N1O001O1O00010O000010O01O010O001O10O01O001O001O1O01O010O000010O01O1O001O2O0O1000O0010O10O01001O0O101N100O2N10000O10O010O1N1N3N101OBhPN5Yo1GkPN7`o10O10O01O100O1O1O10O01N101O1O2O0O010O010O1O10O0010O1000O2O1O1AbPNO33go1000DKkPN7Ro1LlPN6Ro1NiPN3Wo1<O001O0O2O01O01O0001O0010O0001O0001O000000LjPN_OVo1`0jPN@Vo1`0jPN@Xo1c01N3N1O1N3L4L5KWY_T2
20120813063134Lh_2,edda11oo111OYPb00go]O0O100O00O1000WQR50Ro_K0go]O1O100000O01000O1000IO^PN1jo1ORP60noK000ooM0nXQV2
20120813063134Lh_3,P_eQ23lo13N1O1O1O10O0101aPNLon17lPNKTo1a00O102M2O0O10000O2N1000000000101N2O1M101011M0O100]PND`o1=10101M2N1Nf_hk1
20120813063134Lh_4,j[]_162Lco1=K8I2N1O2N01O00000N2N3M2O10O0O1O1N201O2N10O10O1N101O1O00J60100H8L4O101N101O0O01O0O10100O1N20O1M3O1O1O001O3ModT]2
20120813063134Lh_5,[^_W22ko14L4O1N3N100O1O100O010O01O1O2O0O2N1N2O1N100000000001eLOdVN3Zi1OeVN1[i1OeVN3Zi1MeVN4Zi1LeVN5\i1IeVN8\i1EdVN<`l11N101hL@mVNb0Ri1_OmVNa0Si1_OmVNb0Ri1^OnVNc0Qi1]OoVNc0Qi1\OPWNe0Vl1O001O2N1N3N001N110O01O1000O5K3M1N2Nelc30\S\L1O1O0100MQP80]QF2Vm1NiRN5_n1101M3M2N2M3O101O1N202M2N2N0O10001O0O100001N101N3ZOnPN:^o1EbPNOio1Mko70WPH2N1O0001O1Oho30VPL4M2N3M2N2N2N2N1O2M2001O001O1OYO]ORRNb0nm1^ORRNb0gn1O@B^QN=cn1D]QN;cn1E]QN:en1E]QN9dn1E^QN:Uo1O1O105JoN0SRNOlm13URNJkm19m0001O000WOGYQN1:8]n12`QNN`n14VQNE26in1=UQNBln1i00O001L210M3O20001O00mPNYO_n13fQNd0JZO`n13eQN:KD2O^n16bQN6on1<1OIYOXQNe0hn1]OWQNa0ln1_OSQN>Po1CPQN:Ro1HkPN8dn1L_QN?`n1`0010O00100O01gLgNkWNX1Uh1kNbWNNVMS1Zk1SO\WNMYMk0Xk1B\WND\Mg0Wk1LZWN]O^Mf0Zk1OUWN:lh1JoVN6Ri1L_UNQOK2D1Ej0^k18SUNQOH0G08MIj0]k1:PUNROG:1`0\k15jTNX1Yk1hNfTNV1]k1iNdTNU1_k1jN`TNT1ck1jNWTNkNO[2lk1gNVTNoNMX2Ql1fNRTNTOLR2Wl1hNnSN_1Tl1iMfSNK2<5P2Ul1cMWTN3EY2ll1eMUSNW2]m1M3N3L3N3YNoQN4Nj0`n1SOcQNi0bn1ROfQNON<Zo1LhfhW1
20120813063134Lh_6,dba]21lo14N10000000O1000O100O1O100O10000O100000O10O1O100O10000001N101O000001N1000001O1OL`PNH`o1740100O1N2O2N1O10g]Z_1
20120813063134Lh_7,d\]R24io19H9G4H6M3N2NO2N2G9I7MdNEYSN;il1EVSN3hN0Rn1OTSN0Vm10jRN0Vm10jRN0Vm11iRNNXm12gRNOZm10fRNO[m12dRNN\m12dRNN]m12aRNO`m10_RN0bm11\RN0em1OYRN2hm1NWRN3jm1MTRN3nm1LSRN3nm1KRRN5Qn1InQN8mn1OVOLjQN3Wn1OeQN3\n1McQN2^n1O`QN1bn1O\QN1fn1OXQN2in1MVQN3ln1MRQN4nn1LRQN3Po1MnPN4Ro1LmPN4To1MiPN4Xo19101N1O1O100O1O1N2M3M4NUeRj1
20120930063534Lh_1,Qnlb23lo12N2N2O0O010OO11O2O0N0O3O0O2O100O0100O10O10O01L40OO2O0N2010O100O010O100000O1000001O01O00001O0M4O0O2O1N101O001N110O1O0010O2N100O2O1O000O1000000O100O011N1O0102N4L1N10000O1N20000000O1O1O2N100001N1000000O10000000O101O001000O00000001O001O001O001O1O1O000O2O010N1000000O11O1O1O1^OePN;bo1N2N2N1N2O1MnoTT1
20120930063534Lh_2,Yj`c17go14O2M0bPNLQo1d0N3M3L2O2N3M01nN\QNe0en1TOcQNi0mn1N2N2O0O1O0011N001OO1O2N1O101N2N1O1000O2O0001N2O1NjSSZ2
20120930063534Lh_3,\dVj04jo13M2O2N2O1O001O0001O01O101N1N2O100O00100O101M2001N1O1000000O001O2O0O00100O100O1001N1O00001O011N100O4M2M1O4RQNQOdn1W1N2M112M001000VO`QN4_n1JdQN6LXO\n1b0mQN5Rn1KnQN5Qn1KoQN5Rn1JoQN6Qn1IPRN6Pn1IRRN7nm1EVRN:km1CWRN>jm1_OYRN?hm1_OZRNc0cn1N0O001O1K5O00000O10O100001O1N100O2O1O1N1O2O0O^Yio2
20120930063534Lh_4,]QS]25io15M4L4K8H6K2M3N1N3M3M4L7I3L3L4M100ON3OO3N4MeN]RN<0lNVm1f0TSNd0il1[O\SNi0[l1XOhSNh0Tl1XOPTNh0lk1YOYTNf0bk1[OaTNe0Zk1[OkTNd0Qk1\OSUNf0ej1\O_UNe0Xj1`N[TNj0`1g0Sj1^OPVNb0li1_OVVNc0fi1]O\VNe0ai1YOnVN?kh1A]WN;ah1BeWN?Wh1^OZXN6dg1GbXN8\g1FhXN9Vg1ERYN7mf1F[YN6df1I`YN4`f1KbYN5\f1KfYN4Zf1LgYN4Xf1LhYN4Xf1LhYN4Xf1LhYN5Wf1JhYN8Xf1GhYN:Yf1@kYNb0Tf1[OoYNf0dj12O1O00O2000011WOoPN>[o1M3M2O2N2O0O2NSk`^1
20120930063534Lh_5,iXcn15ko11M2000100O100O11O000O01O1001O000O101O0000O1000O10000001O01O01N2gPNMbn15YQNMhn15TQNLmn1b02O1N3M102M3N2L3M4L2N3N2Nne\n1
20120930063534Lh_6,cY]Q33jo15M1N3O1N100O10O0001N100O11O001O001O001OIDkPN<Vo1EhPN<Xo15100O10DAVQN`0in1CTQN=ln1<N100001L4NYOXOZRNg0gm1ZOYRNd0hm1]OXRNa0im1CdQNI;c0Pn1FdQNH105`0Wn1HcQNO58Zn1J_QNN78Zn1B`QN>5Oen1M[QN3gn1LWQN5kn1JSQN7nn1IPQN8Qo1:3N1O9F2O0000000K`PNI`o15dPNJ\o1760O1E;K5O00KnPN]ORo1d041O2OFlPNGTo19:O100000000O1000O0100O2OO11O00000O100O101O01O01O0O]PNK]o14bPNO^o1MfPN1fo1OPh`h0
20120930063534Lh_7,c`hb21no12N2N2O1O0O2O1O000O1O010OO2N2O0010O02ONJZPN6fo11010O01O01O0100M20G]PN7bo14O0M4ECQQN?on1BmPNa0So16001O01O0O2ODoPNIQo15SQNImn16UQNIkn16WQNIin15ZQNKen15\QNJdn16\QNIdn18\QNIcn17^QNIan12SQNI?4]n13gQNNXn12iQNMXn10SQNLf04Vn10mQN0Sn1MPRN2Po1O1O__aY1
20120930063534Lh_8,ffUe18go12M4L4N1O1N2O0010O0101N1O1O1O1OO2NkPNXOTo1h0lPNYOSo1j0010O00001O1O01O0O2N4M3M3L10101O1N2N4M001O1O02ON13M1N3M1N3L4M4POQQN62M3M^WfW2
20120930063534Lh_9,WQc]21no10O1N200O1O01N10100OO2TRNNjk11YTNOdk12`TNM]k14XSN1<LYl11YSN2\O1X1Kgk13dSN2FKPn12[RN3HKP10Wk12QTN3LKl00Rk13WTN00Of0Nmj14^TNN4Oa0Ofj16eTNM8N<0dj13hTNN>N80_j10mTN2`0N50[j10oTN2c0O4OTk11kTN11OPk10PUN22Mkj11UUN22Ncj10_UN=FBej11jUN`0]O_Odj13]VN4ni1I`TN3k1<Wi1AkTN2T26ZMJdk1NlTN2j2Nkh13YWN0ng1MoTN4W32eg1JSUN3^32fLKRj10iUN3d3OaLNPj10kUN3g3N]LOQj10kUN2i3O[LOPj10lUN1j30ZLOoi11mUNOk31YL0mi11YZNOkK0ki11YZNNnK1ii11XZNNPL2gi11iUNMP52We10fUNOV51Se13P[NMod11T[NOkd10V[N1id1NW[N4[j1O101NjI1i[NNQK0Ui13m[NLkJ3Ri16U\NGfJ4Ti10bVN0P6O_c10cVNOf5N_J3Vi12c\NKVJ1Ui17f\NHTJ1Ui1;f\NDSJ1Vi1>f\NFYc1<h\NAXc1b0Q61N1000001O1O101OO2N1J5O002O001O100O10O00EbPN6]o1JePN4\o1KfPN4Zo1KhPN3Xo1NhPN2Xo1MhPN3Yo1MgPN2Yo1NfPN3Zo1MgPN2Uo12mPNMSo13mPNLSo13mPNORo1OQQN0nn11RQNOon1OSQN1ln1OUQN1kn1OUQN0]o110O_O0SQN1mn1OSQN0mn10TQN0kn11TQN0kn10VQN0]o10O100O0010N101O00PP20QPN0000000QP80ooG1O000M210O01N11000000O11O00DNjPN2bo10ENiPN2do1O01O0100O00000000]OOVQN1jn1OVQN1in1OXQN0in10WQN0hn10XQN1hn1OYQN0fn10[QN0dn10\QN1dn1O\QN0en12YQNNhn15a000O2N1O1O00RP40moM0PPN00001O101N100O11O4LbP80^oG2O00O0001O0001O0010O010O100\ONXQN1hn1OYQN0gn10e00oP`00Xn_O2_QNN`n14f01WPNL;Okn19SQNGon19oPNGRo1:;O1O1KXPNO1Nio13ooRT1
20121024073354Uh_1,^cV[11oo11SPNOio15O1O10N01YPNL_o18aPNH^o19bPNF]o1;dPND\o1<32N1ePNCTo1e0O000010ON2KXOPQNi0Po131O2TOQQNc0Yo1M100O13M00M3001O3N1N3N0O13L103MO13M0100O02N01N3N0101OO0O1O010001O0000O10O02cPN]OZo1f0O100O1O2N1O1O7JO0:GfN`QNS1in12K2jQNiN^m1[1ZRNiNem1Z1VRNhNlm19PRNh0Qn1VORRNi0om1hNQRN36S1`n1N3N001O6J00PQNVOhn1S1N2N1O2O16H2N001O2N1N2O1N2N100O101N1N2M3M3N3NgXQ^2
20121024073354Uh_2,b`ob22ko14K4O2N10000O1N2O1O010O01O1O0O01O1011M200O100O01DIkPN:Uo18I6O3N0H054TNnNjTNT1Sk1ROiTNn0Vk1UOiTNe0\k1_O`TN<bk1IZTN9ck1TOTSNe0S19mk1KoSN5Ql16cSNM]l1j10N3O3M3fMgRNi1Zm1oMTSNh1gm1J4N4K4bN`QN80`0]o1F3K300NaadY1
20121024073354Uh_3,kReg12mo13N1N101O1O5K10O100O2N100O001O010O1O001O000010O010O000000000O0100000O02OO1000000O10O0001O100O1N100N2O110DHkPN<To18O11O0O10O1]OYOkQNk0Qn1\OeQNi0Wn1<510TOhQN1Vn10nQNMRn10URNHom13Q101N3MUolS2
20121024073354Uh_4,WQ]X17go13O1M3O1O1N5J3L202M6I2O3N1N2M2M03O100000001O10OYOfQNIVn19nQNERn1:QRNEPn19QRNFnm1<QRNBPn1=oQN@B1_n1=RRNCam12PRNMN;mn1`00O3AnPNOSo1OPQN0Po10PQNKNJRo1=oPNJRo1b0OI6N41L4M3L4M2O2OO1OITO[QNn0hm1S1K311M3O10N2O2M4K5TNVRN]1Yn1_NeQNZ1on1A2AoPNLRo10RQN0nn1NUQN0kn10XQNLln1NnR]c2
20121024073354Uh_5,feRi24lo11O1O1O1N2N3M20001OO001C`PN9co101N01000100O0001O11N001O00001N1N201J6L4N101N2O2N10O02N010O1000O00100000O10O100O10OO101M200O1N20001O1O1O100N2O1JfPNC]o1:6N2L3M4NhYYR1
20121024073354Uh_6,^bSn04lo11N101O1N2O1O001O1O001O02L^PNGao19_PNG_o1<`PNE]o1=cPND[o1>ePNAZo1`0fPN@Zo1`0300000dPN_OZo1d0O0001O0O100O101O0O2O0O1O0O10000010O0L4L5O100O01O100O2O001N101O0O100001O00000LAgPN?Yo14O10000O100000001OO10O001OO2N10100O010O1O100O10001O1O1O1N3N2M3L`o;0aPD1O2N1O2N1O1O101O0O10000O10O0O1001O0000101N1M3O1J]OoPNc0nn1BoPN?Po1800100O010O1O1O2NK[ORQNd0nn1\OSQNb0nn1^ORQNa0on1_OQQN?Qo1AnPN>Uo1@lPN`0Xo1101L300010OO1N3O0010O0100N20O10001O1O1O0O1O1K400O101O0O100O100001O0N200F:0001O1O1O1L4M201O1OPO[QNg0dn1ZO\QNI2f0cn1D`QN:_n1GbQN8^n1HcQN7]n1HdQN8\n1HdQN7^n1@YQN39=cn1C]QN;en1D[QN:hn1FXQN:hn1FXQN9jn1GUQN8mn1GTQN7nn1HRQN7Po1InPN8Ro1HlPN6Xo1LePN4]o16101N2N2IVoc0NlP\O8NK[PNO_o17bPNH[o1;fPNDYo1>gPNAXo1`040iPNAln1`0SQNDin1=WQNDgn1>XQNAgn1a0YQN]Ohn1e0YQNXOhn1i0RQNXORo1l0N1000M3O2N1L4O2JePND\o1<5N2O1I[PN0Yb\b2
20121024073354Uh_7,P\S]23mo11O0O100010OKM]PN3co1N\PN2\o11cPNO01\o10dPN6\o170000001O000000000O101N10001O1N2O000O10001OO1O10O001O1000000000001O001O0000001O001O0001O01N1000000000IMaPN3_o1M`PN4_o1MaPN3_o1M`PN4`o1M_PN3`o1N`PN2`o1N`PN2_o10`PN0_o11aPN0\o12dPNN\o1;000000F_OUQNa0kn1_OTQNb0ln1_ORQNc0mn1]OSQNc0ln1_ORQNb0ln1@SQNb0ln190000001O0O2K4O1O100O101O1O1N101N10001O0O2O1O1O1O001K[PNMeo17001O000000000O100O101N10000O2NadR[1
20121024073354Uh_8,U[[i01lo1300O100ELjPN3Wo1NhPN2Xo1NhPN2Xo1NhPN2Yo1MgPN3bo110000O0020O000O2O000O100001OO10O0O2O100O1O1O101O0000001O01N1000001O00000000001O00001O00000000000010O0O10000000000O100000000001N101N3NPejQ3
20121024073354Uh_9,e[e_21oo10QP20ooM010WPN0`o10`PN1_o1OaPN1_o1OaPN1_o10`PN0`o10`PN0`o11_PNOao11_PNO`o12aPNM_o13aPNM_o14_PNMao13_PNLbo14^PNMao11\PNN31eo1O[PN3co1M]PN5`o1L`PN0N0bo1OaPN1M1]o1NcPN135Zo1MgPNMM2]o10fPNNN1\o11fPNN`o12`PNNao11_PN0`o10aPNO_o11aPNOho10PP80PU63kjA201nJJYZN5fe1K\ZN5be1K_ZN5gj1NjJM`ZN4`e1L\ZN5ge1KnYN0cK4aj1LSZN6me1JSZN3Qf1MnYN3Rf1MoYN2Pk1O1OB0nPN0bj10nYN0be11nUN0_4Ode11lUN1^4Nhe11iUN1m3Nnf10TUN3^4MYf13fYNMPf10^UN0M4S4LYL0ej14`YNMaf13mXNM]L0]j1O]UN4h3L^g10jTN4Xo1LhPN4h3L]L0bj10YUN3Yo1MgPN2j3NZL0dj10WUN2l3N[g10iTN1I0Q4OZL0ej11VUN5^3LcLNWk11hTN5d3Kig10aTN4Z31YMJ\j11QUN3X3MaM0Wj10PUN2W3MeM0Vj10mTN2V30gMOXj1OiTN1R3OmM:Yj1IlXNMmK2ON[k10PYN1[k1O1003fLNkVN0Si1=eSNCj2Oai1c0^TN@R1Maj1=eSNDS10Rm1>[1L5JYPNKjo11;ObP21[P40b`dY1
20121024073354Uh_10,ij`h22no10O1O10001O011N1O01O01WPNLeo1701O0001O0000001O001O1O0O10000O1010O0000010O0000010O00000001O0001O000000000O10000000000O0100O1000000O10000000000O10O100O100001O000000000O01M3O02O0O10O010000O100O01OO2O100OYU[Q1
20121024073354Uh_11,\^oS33lo12N01O`o?McP@2ho1OVPN3M2N100O01000O100O1000O1000O2O0001O000O2O001O01O001O000010O1O001O100O100O1O1Ono10RPN2O001O00O2O1NdcPh0
20121024073354Uh_12,hjTi2171go1OJ0XP6000YPH0fo10G0bPN0go10O010QPd00PPH0io90[oS21jPVM1N1000000000000000001O00000001O01O001O1`PNJUo16jPNKVo14iPNMXo13gPNNYo11gPNO\o1MePN4co101O100O001O00001OVUon0
20121024073354Uh_13,jRag14lo10ONWPN1go1N\PN0do10=0J000XPP10`ooN0?0A070PP20PPN00070ao10XPN070I000PP20PPN0go10XPN0YPN0ho50A1\PLOaPN0Ro10oPN0in13b0M]PN0`o10TQN0To10UO0k00kPN0[n10eQN0Zn10gQN0cm13fQNM80nn12WRNNgl11XSNOnl10SSN0ll11^RNOK0fm10dRN0C0\n10aQN1K2em1M\RN12Ob01Rm14WRNKWo19gPNG50hn1:RQNG3Oln14nPNLO415To1KkPN<Xo124IePNF^o1;301F^PNN12ao1Ooo\S2
20121024073354Uh_14,fjlh2150eo10500000XPN0bo50QPL051O0O0XPNObo11_PNO`o118O;0ho10]o10^PL3jPNM_n14`QNLbn11b0O6000kPf00ToG0QPB0UP80eoG0UPn00QPZO0lo10YPF0jo30SUeQ1
20121125063154Uh_1,m`oU12mo12M2O2XPNIdo1;L3N3O0K_OkPNa0To1@mPN>So1DkPN;Wo1DjPN;Vo1FiPN:Xo1GfPN9[o160O10O010O010O100O1O1O10MJ@QQN>Qo1DmPN<Ro19M3O2N2N1001O000000000010O0100O0O10O2O10M3N1ON31O00100O1N3N1N2O1N2O1O1O1O00001O001O2N1O100O1O1O100O1O100O2NTajd2
20121125063154Uh_2,XnPW3<do16K1OJdPNH[o18dPNK\o1>0N1O2N6K1O01]IHZ]N9\b1DZWN7Z65Xb13h]NMWb15h]NKfIE\h1a0m]N0Sb10m]N0Vb1Mj]N3Ub1Ok]N0Rb13P^NJRb14k]N_OhI<`h12h]NBiI;`h11i]NChI<]h10T^NOja12W^NOfa12Z^NOea11\^N0_a1BlWN=f60^a1CmWN<e61da1N]^N2ba1O]^N1ba11^^NNba12^^NNba12^^NOba10V^NFbI;Xh1OV^N8ja1HW^N7ja1HV^N7la1HT^N8la1HU^N7la1HU^N7ka1IV^N6ja1KV^N4ka1KW^N7ga1IX^N7ga1JX^N6ia1JW^N5ia1LV^N4ka1MS^N3ma1NS^N2ma1OR^N0oa10P^N0Rb10m]N0Sb11k]NOVb11i]NOXb12f]NM[b13f]NK[b16^]N@nI:eh16\]NOeb12Z]NNgb13R]N]OXJ`0hh12n\N_O[J>ih13h\N6Zc1Jc\N6_c1K_\N5cc1KZ\N7fc1IX\N8hc1JT\N8mc1IP\N7Rd1Il[N8Vd1Hg[N:Yd1Ge[N:\d1Fb[N4WKVOYi1h0^[N0jd1OU[N2kd11R[N1md1NT[N0ld12V[NIld17T[N\O\KMbi1h0aZNTOUL6KJbi1m0UZN^O[LIRj1d0^YNI^LAXj1e0QYNZOcLa0ij15aXNZOgLe0dj13bXNYOjLe0ej12_XN8cg1GbXN1bg1N^XNHeLCPk1e0ZXNFhLCPk1h0VXNEjLCRk1h0RXNFVh1:hWNFZh1<aWNFah19jVNWOTNa0Tk1<]TNTOl14_N>Zk1l0cUNnNjN9hk1l0UUNHQk18iTNH\k1:]TNHik17QTNKQl16gSNOZl1k12N6J;E6K4J2N2N3J7K4M5H8I8G>B:G\Rca0
20121125063154Uh_3,iWod22no1000O100001O000001O1O010O10O00010O00010O000001O00000O10000O010O1O10O00100O0010O01O000000O2M21ON200O1AJSQN7mn1>L3010O2M2O3AnPNLUo11a0L_iVW1
20121125063154Uh_4,W]Wk12no11O1XPNN`o1:0O0010O102M2N10O[ODgQN<Xn1EhQN;Vn1GjQN:Tn1FnQN9Qn1HPRN:mm1FWRN7gm1IeQNI`0=jm1KdQNId0;gm1MdQNHf0;em11\RN0bm1O`RN1_m1MdRN3[m1KhRN5Wm1IlRN6Tm1InRN7Qm1IoRN7Sm1EoRN<[n1O0E^PN9eo100O1001OO10O01O1O0010O000001O00100O001O010O00010O0001O00000O2O00001N10001O0000001O00001O0000001O000010O100O1O001O00001O000001O000000000000000O101O000000000O1000O01O100O100001O0O100000O100O10O1000001O1N10001N10O010LH`PN7ao1I^PN8bo12100O101O00O01O0O200O10O01O1O1O3NJ1\PNNbo14^PNL`o16`PNJ_o17aPNI^o18bPNH^o18bPNH]o1950O100O10O0100O1O1OO`PND_o1=2O10O0100O100O10O1O001O100O100O100001N1O10000O10O10O01O1O1O001O00001O01O1O01000O10000O10O010O0L5O01000M3N101N2O0O2J0TQNWOhn1m05001I7M3OK50L4001O1O1O1K41N1001L4N2H7001O0H71M4M201N200O01M201OO2O00O20O1N2O1N2M3O1O001O100O10O10O0000000O2OO02O1O102LYe^b1
20121125063154Uh_5,WR[]21mo14M200O0SQNMnm16mQNOPn12jQNG@:1I]n17bQNi0]n1>00N3N1N01N2L6M4I7J:POmPNd0[o1N<AhlZa1
20121125063154Uh_6,T`[_22lo12N2O1O001O010O1O001000O01O1O10O100000O10O10O01O01O010O01O00001O00010OO2L4O0O200N2O001001N1K5O1O1O01O010N3M2O1O1O10O1O11O0O1N2O2OO0O2O1O0NePN@\o1?1101O100O1O10O01N20O1000O100000O0100O10O01O10O01O0100O101O1O0O2O0O1O2N001O1O001O1N2M202N100O2O1O1NjaTY1
20121125063154Uh_7,f^aP21PP40PP20ooK000M0VPN0jo10UPN1ko12001O1O000000O0100000000000O01000_PNORo11?O10`00@000@0`00_PN0Ro10nPN0Ro10nPN0Ro10nPN0Qo10`00O010`PN0Po10PQN0Po10oP40aoK0do10gPL0Zo10e00co90bo?2\PVO02O002O0010O010O010O010O001O0001OPP20QPN0[P80YoG0gP20eoM000A0nPN0ao10@0PQN0`o10oo30PPL0PP4000QPL0_o30QQJ0on10`00bPN0mn10SQN0]o50QPL010oo10QPN0oo1000QPN0O010O10O10oo10QPN000TO0gQN0Xn10jQN0mm13SRNNWOOen10[RN2em1NXRN0mm10nQ46mnKJ\PN2co1N^PN2ao1Noo;0VPD3OM132Mln10TQN0QQN0mn10XO0eQN0Vo10O1ZOO_QN0bn10]QN1_n12bQNN^n1OdQN1\n1OeQN1So11XONcQN2]n1NcQN2Vo10VONeQN2\n1NbQN4^n1LaQN5_n1K_QN5cn1KZQN6hn1JWQN5kn1KTQN1_o10001O010O10O001O001N1EMjPN3`o101O1010N1012NReZb1
20121125063154Uh_8,X[oo17fo14N3K4M20O2N101N010O100O2N1000O1N3OOOO1O3OO01N2O000100O1O1010N01O01O2O010O1O1O0010O0JJbPN8]o1510O000001O1O1O1000O01O1O2M200O1O1O1OXfRl1
20121125063154Uh_9,P\kl21no11O101N10000O1000000000001O000O1000010O000O2N1O2O0001O00000001O01O001O001O0000O2N1O1O1O100O110O01O1O0O200N1N3N1O100O2O0O11O0001N2NQdPo0
20121125063154Uh_10,^[io16eo1K]PN9ao13NDfPN7bo1OCJRQN5]o1O00O1OLZPN0fo1OE0QQN0`o10O010O0B1lPNOTo12lPNNSo13mPNMSo12nPNNQo11?1OOQP2OO0QPN1N1O1100O1O`PNOUo10lPN0So11kPN0Uo1OlPN1So1OmPN1`o10FOhPN0eo10O0F0ePN0\o10cPN1\o1OdPN0]o11cPNOWo10dPN25NWo10cPN28Ndo10A0PQN0on10QQN0nn11RQNOon10QQN0_o1000010OD0jPN0bo10D0iPN0co10G0bPN0`o10N0dPN0M0Xo10kPN0L0do1060_O0SQN0ln10b00_P21_oM2N100O2N100K5M3O1O0N3N10010O01O10O10O1NePN_O[o1`021OGiPNJWo16:O01N101O0010O2OO0100O2O01O000O102N001O0001N2O0O2N1000001N10000000O1000001O0O10O1O1O1O2O1NVg^g1
20121203063334Lh_1,c^Se11no12M5M1N101N2O000O2N1000000000000O11N101O000000000000O10OO2N1O2O0010O2O0O10OO200O10O00000O20O0100O1N11O01OO101O1O10000O01001O000O100N4M101N1000000O110N10001N1OTblU2
20121203063334Lh_2,T`S^23io18K114I7I4M3J6M6J1O2M3N1O1O2N2M3N2N1O10010O1O1O1O010O001O001O10OO10O1N100000O1O110O0001N3M201O1O1O001O1O001O1N1O100O1O1O100O2O0O1N3O0D^QNYOdn1e0_QNXOcn12\QN8]o1O1O1N2N2N2NQ`T]1
20121203063334Lh_3,iceo14ko13N2N3L1N4L3L301N2N1O200XQNWOINWn1k0oQNZOGLZn1i0PRN\OELXn1l0PRN]Onm1g0oQNZOSn1f0lQNYORn1DjQNV11VOUn1\1O010H8M201O1000O101O001N2O1O1O1O1N1O2M3N100O2O0O2N1O100O1O01L4000O101O000O10001N1000000O100O10000O10OO2O100O00100O100O100O1O2M2O2N101N10010N10O100000O1O10O10O100O100000O100000O1O1O100O1O101O0FfPNM[o10iPNMZo12:O2On\jh1
20121203063334Lh_4,j\SR34ko13L2L6K3WSNEli10aSN4`20ki1NeSN2`22hi1LhSN2a24di1LjSN0a26ci17]VNJai17`VNH_i17cVNI\i16fVNIYi17PUN]Od0=\j15QUN_Ob0;]j16SUN]Oa0=\j17iVNHWi1;fVNFZi1?`VNB`i1a0\VN@ei1?YVNBhi1?TVNEki1;RVNHni19oUNIRj16mUNKTj15iUNNVj13gUNOYj12eUNO[j11^UNmNdNT1nk10VUN;lj1DTUN<lj1ETUN8mj1IUUN4lj1LUUN1mj1NVUNNlj11VUNJoj15RUNBUk1=nTN^OVk1`0mTN]OUk1a0nTN^ORk1`0QUN^OPk1`0SUN@lj1=WUNCjj19ZUNFhj13]UNN[m1O00100N2O`m31^RL1@OoPN4nn1?EFXQN2Qn1_OcRN`0_ODM2Qn1N_RN=Sn1FkQNNELen17dQNOan14[QN0cn13YQNOfn1GUQNi0hn1243L3O2^TNmNWh1h0dTN^OS3KYh1d0mTNYOl22Xh1d0i3O1O1O1O2N100O2N10O01O2O000OmTNDcf1=`4O010O3N2L4MYP8NhoG5L3N00O101M3M]e\g0
20121203063334Lh_5,_ffU22no12J5N2M3N2O00001O3M010001N100O2OO100O101O6JO22N1N0010O0000O1lPNUORo1l00100001O1ON1005M0WOjPNc0Wo1]OjPNa0\o1NcPNB[o1b00000N14M1N1O16J4K13N3L000O1O1O1OYQNDkm1=oQN@_O5an1<`QNI2M_n1i0]QNYOdn1Q19G0O001N3N101N101N2N2L3N3N1000001O010O00O3N1O00O010000000000000100O0100O000O1O2O1N1O2O1O7GkV_c1
20121203063334Lh_6,Pinl04mo11L2XPNMbo1?J2M3N2M2O1M4M3M5L3L2O0N1O2K5O1O2O1OO1O02OMlQNZNUn1e1301aNQRNb0FZO`n1N`RN0ZUYQ3
20121203063334Lh_7,Rd^Q14lo12M2N11OO2O1O010N2O000O2O1O0N2M4J\OlPNf0So16M2M4N3M1O01O01O03NN1O21O8H000O2M2N3M2O1O3L3N3K4M4M1M][gk2
20121203063334Lh_8,SkXh17io12N1O1O1000000000O100O10O010O0100O010O1000O010O01O1O10AOgPNL25Vo15jPNKUo16lPNITo17lPNHTo19lPNGTo19mPNETo1;lPNDWo199O1N2O1NmP4OToK3ZPNK^o16_PNLbo183N^SiT2
20121203063334Lh_9,mceo11QP20F0bPN0[o1181aPNNQo11?Og00_o11ioMO40RO0kQN0Sn11mQNORn12mQN0[OO]n10\RN0TO1do13mNL_RN3_m1L^QN0V11\m1O[10K6NJYR20omM000O1000000O01000000OTN0iSN1Rn11VNNdSN3^l1M`SN2bl1N^SN1cl1O\SN1fl1OYSN1gl1OXSN1il10USN0ll10SSN1ml1OSSN0nl10QSN1ol1OPSN2Pm1MQSN2_n1000O0100O10O01O10O10O1000O010O1dNOiRN0Xm10hRN0Xm10gRN0Zm10fRN0Ym10fRN1Zm10eRN1Ym11gRNNYm13fRNMWm1OcQN5V1MVm16jRNIWm17hRNIYm17gRNIZm16eRNJ\m16dRNJ]m15bRNK_m15`RNL`m15]RNLdm14[RNLem16YRNJhm16XRNIim18URNIlm16TRNImm17TRNHnm17PRNJRn14nQNKTn13mQNMSn13mQNMTn12lQNMUn13jQNNWn11hQNOYn11gQNOYn10hQN0Xn10gQN0Zn10fQN0Zn10eQN0\n10dQN0[n11eQNOZn12fQNNZn11gQNOXn12hQNMYn13gQNMYn13fQNNYn13fQNM[n13dQNMnl11gSN3[OKol13WSNMA58KPm15VSNL@59KQm15USNL@4:JRm17SSNL@4:ISm17RSNN_O32JMO`m16RSN0\O22MMLcm16RSN>]O\Ojm17iRN=\O\Okm18hRN>\OYOlm19hRNc0Xm1^OgRNc0Xm1]OhRNc0Ym1]OgRNb0Ym1^OhRNa0Ym1^OiRNa0Wm1_OjRN?Wm1@jRN`0Vm1@jRN`0Vm1^OmRN`0Um1]OmRNc0Xn100O10J[OPQNe0Qo1\OnPNc0Ro1^OmPNb0To141N2N200O1O2O0O10000O2O0O101O1O2N1O0010O10O0100O010O0001OIGgPN9`o100O2N4K^om0OePRO1N100000O10001OTo31iPL3N2N100O10001N1000000O2O0O2N2N2O1N3N2N2M2O1N2O1N101O0000010^OXOjQNh0Tn1\OkQNc0Tn1_OiQNc0Vn1POkQN]1Tn1`NTRN\1Xn1ODfNYRNU1fm1jNaRNQ1Yn1N2N2N5K001O1O000O2O1N2O1N10000O2O1N2O1N1O2N101O001OmMOXTN0hk11S2O10O1RRNOmk10STN1lk1OTTN1lk1OTTN1mm11O010O001N2N1100O10UNKkSN4Vl1LjSN3Xl1MgSN2Zl1OeSN0\l10dSNO]l12bSNN_l12_SNNbl12]SNNdl12e10fQNNfl12YSNNhl12WSNNjl12VSNNjl12USNNll13a1O00_QNOSm12lRNMUm13_RNOYONYn14\RN1lm1O^QN08M_n1`0`QN_Oan1=SQNE[o18jPNGVo16mPNJRo15QQNJon13UaT]1
20121203063334Lh_10,bdTe23mo13L2M4N2N002N100O001O10O100O1O0010N200O0010000O1N4M1O3N2N0021N4K5K1O1O2@`PN<bo10TQNLkm15QRNOmm18iQNNUn1Q1N1O0O1000O2^NgQNN6P1Un1oNVRNl0bn1M3N4L2O2O0O21N00O2M2M3L3O2MoWoV1
20121203063334Lh_11,afk`15jo13N2\PNH[o1?00ePNAUo1?kPNATo1`0kPNAUo1?kPNAUo1?jPNBVo1>jPNBVo1>iPNCVo1d0000O100000001O000000O1NYOkPNg0Uo1201O00000000ElPNJTo1`01O001M3O0100O000001N1010O1000000000000O1O1O10O10001O0000000000O1O1O0100O100O1O10000O2O0O1O100O1000O1O100O1001O001N010O0010O01O01O010O010O1N1M4K5ZO[OoQNg0om1\OoQNe0om1^OPRNb0om1@oQNa0Pn1AoQN?Qn1AnQN`0Qn1AnQN`0Rn1AlQN`0Sn1AkQNa0Un1e0O10000001O000000O100000O10008H001O1N2O001O0O2O00001O0O2O001O1O1N101O1O1BTQNEmn1:VQNCkn1<XQN@in1a0;O1O1O1O100O2M3M6JPPP21PPPN2O1O001O1OKXPN3go1L[PN3do1N\PN2do1N]PN1bo10_PNNbo126O1O010OQP40PPL00000O1000O1000PP:0PPF1O0O100KO[PN2bo11^PNNao14^PNLbo14^PNLao16^PNJbo16^PNJao1;]ODbQN7@Kmn1ObQN<`n1C^QN>cn1B[QN?fn1AWQN5H4Ro1GTQN6J2To1a0001WOlPNd0Uo131O1[OiPN32ONLWo12iPN25MLOWo11hPN18NUo13P1M_O0VN0eSN1Zl1OgSN0Tl12TRNNh11Sl1OSTN1nm10O02O0000mm;0TRD000QP60hQH0Un1000ZN0g10dQ40hlM0dQN0cQN0\n50no30oo;0SP^O0mo70ina00\QVO0ooM010R]Zj1
20121206063154Uh_1,chnR21no11J6N6L0O2O1N10004L2M2O2M1O2N2M5M2N2N1O1O0N2010O3O0O4LYQNiNen1Z10N2N1O1O1O1O2N1O1O001N1O1N2O1O2O1M3J5N1N210O001O01O01O10O001O10O0O2M2O2O^Woh1
20121206063154Uh_2,ojR\34ko12L3F:N2N1N20OM400101N20O1O2N2ON14M001OM3N2N10WQN_OTn1`0jQNCVn1=fQNF[n1P1dQNeNRn1g1N2OO2M3POhQNM]n10hQNLYn1BbQN995`n1AdQN`0JH`n18^QNFen1=XQNE0H_n1U1^QNlNan1Y101010O3N2N35H10ON16H5K6I6K4K5L5I6K]S]`0
20121206063154Uh_3,XW]i04lo11O0O1M3N20O01O1O0O1000000O00001010O10O100O1O1O1O0L_OjPNb0To1501J50010O01O001O1O1000O010O1O100O10000000O2O001O001N2O00001O0000O100000000010O1O001O01O001O000000001N1L4O2O00000O10000O101O1O010O001O0000100O1000O010O0100O1O1O1O2N1]QNdN`n1`1N1N100OYOeQNK[n14gQNKXn1FgQN138Vn1FiQN047Tn1HjQNM6:Pn1HmQNI7<nm1FdQNNj0;cm1FcRN7`m1GaRN3ignn2
20121206063154Uh_4,i^Sg02mo13M1O1O1000O100000O01O1O010O0100O1O1000001OO10000000O2O000O01O0010O2OO01O010O100O01000O001O1O1O1O0100N110O1O0000000000000ONEaPN<^o121N10010O2L301N1O2O1O100OebTT3
20121206063154Uh_5,^hZR12lo13O0O1100O0001N101O000000000000101O001N01O01O01O0002OO01O10O101L3O0010O10O100O010O101MRWmj2
20121206063154Uh_6,bfbc01no12N002O000O101M200000000010O0001O000O1O10001M2O1N10100000001N2O0O1000O1O001O0O20O01O001O1O010O100O100O010O0100O010000O010000000000001O000O11N11O00000001O00001O001O1O000O2O0000000O100000O101N1O101N10001O0O010000000O0100000000000O01000O10O010O10O01O100O10O100O100O1O1I`PNMao137M]ZmS3
20121206063154Uh_7,gc_S12lo13N1O2N100_PNIXo19fPNIYo18fPNHZo1?01O0000001O0000010O010O1O010O100O100O0101N1O001O010O001O001O1O1O1O1O1O1OLEdPN:\o1FdPN:\o1FePN9Zo1IePN7[o1IePN7[o1IfPN6Zo1JfPN6Zo1KePN6Zo1JfPN6Zo1IgPN7`o11O1N20000O010O1O1OMcPNERo12QQN;MCjn10ZQN3M;mn1CUQN2N;ln1ETQN10:kn1GTQNO0;ln1NTQN2kn1OUQN2jn1OUQN3in1MWQN4hn1LXQN4hn1LXQN4in1KWQN5in1KWQN5jn1JVQN6jn1DWQNK0`0jn1BXQNd0in1[OWQNe0jn1YOWQNg0jn1WOVQNk0on10O101N10000001SOPQNi0To1O1O00O1LXOoPNi0Po14O1O2N1O1O2O0O101N101N2O00A^QN@bn1>aQNA_n1?bQN@^n1?cQNA]n1>eQN@\n1`0dQN@\n1?fQN@Zn1`0hQNZOE1bn1a0^QN]Oa02lm1OcQNa0e0@hm10bQN`0f0Agm1OcQN`0f0Bfm1NdQN?h0Bdm1b0\RN^Oem1a0[RN_Ogm1?ZRN@_m1OlQN`0g0@\m11mQN?Qo1BmPN>So1CmPN=So17010O010O010O1O1000001O1O00I[OSQNd0mn1_OPQNa0Po171O1O1O1O2N0010O10O01O1O1O001JWOTQNi0jn18O0M022O00100O0001O00010O010O100O100O101N100O101N100O100O2O0O101O000O101N100O10000O1O1NJBmPN>To1BlPN>To1BjPN?Wo150HhPNGbn1MRRN:Tn1IWQNLc09Wn1NgQN2Zn1NfQN2Zn1NeQN2\n1O^QN6bn1J]QN7IBfn17_QN8KAfn18\QN9N^Ogn1Q1400001O0001O00001N101O001O00101N7I2N001O000O2O0O100000000000O0100000000000[ODfQN<Zn1FcQN;\n1GcQN:\n1GcQN9]n1GcQN9]n1GcQN9]n1HaQN9_n1H`QN8an1G_QN:`n1F`QN9bn1CbQN<_n1BbQN>Qo1O00000O100000O1O1000000000O1000000O100O001O100O1O10O100001OO100KGcPN9\o16000O1O1000000000O100001O01O0000010O0000000cPNAYo1`0fPNAYo1?gPNAYo1c00001O00000O2O00O100000010O00010O010O0100O10O010O1O100O002N2N2O0O1O001O1O001O1F]PN5ho1O1O000O2O001O0Om]RU2
20121206063154Uh_8,WWY^1180]o12_PN38Lhn12nPN49Lfn1<PQNA74in1`0PQN]O04Po1j00O1O1DnPNHSo1b02N02OO2VOjPNf0Zo1OO0001O01O1O3M01O101O0O10O01O100O2N010O001O011N00001O0O20O01O010O100O0001O0100O001O10O0000000000001O10O0001O01O2OO0010O010O00000001]PNH\o1>0O2O000O101O000O10001O0000000000000001O000000001O0000001O1O000001O010ONAcPN?]o1AcPN`0\o1@dPN`0]o1100N_OePNa0[o121M2O1000000010O01O01O00001O00O1N201NOE_PN;ao12O100O100O0100O01O10O0010O01MaPND_o1=11O1O10O010O1O001O1O10O0100OM31O0O3N1O1O100O100O10O02O0O100NPhnU2
20121206063154Uh_9,`eRf2<co13N1O2N1O002N1O101O2N10N1001N2OO3N002O0N000\OjPN?]o1N1O1O22M002N0O3M2N^OhPNM3:`o11LFaPN:bo10O2O1O001O001O100O100O010O01O1O1O1O`PNB_o1?1O010O0O2N10000000bPNEUo1a0fPNAYo1c01O001O00O1001O0O2OO02O00000000010O01O02O0O100O101N1000000O11O3M00O100O1O001O001O0010O00001O010O0000J]PNOlo1NhWeR1
20121206063154Uh_10,^eXf21oo10000000RP40UQf00inUO2jo;OXPB3eo152KZPNMfo161N101O2N0000SP2NeP<0jnA0PQN0Qo10`P40PPN1noM01O0000kXoU1
20121216154954Bh_1,bk^`3?_o16K5K3N2N2N1O2O3L4L3M3N001O0010O1O100O02O2N3N2M2O00O2M2O0O1O010O1O2N10jN`NkSN_1Rl1dNoSNZ1ok1gNTTNY1jk1gNWTNY1gk1gN[TNY1dk1fN]TN^1_k1aNbTNe1jl13M2N3M2YNPNYUNQ2[l12O1O0O2N1011N0O1lMWRNn1Qn1N2N3L5L1O0O3M1OO1N10dNhQNQ1en1N2M2N2N3L4L5ITPk:
20121216154954Bh_2,PhPR13ko1201O0O2O0010001M2OO01O201N0010O01O0O1bPNA\o1>dPNB]o1`0001O010O10000011N2NO10cPN^O[o1a0ePN@[o1c0000O10001O001N1O1O11O:E2O1O001N100O0100O5L001N101O2N001O4ML3O^OhPN=^o1O2O00O01O01O01O2O0O1O011N2OO0O2O10O1000O010O010O00010O01O010001O3M0O01O1O1N2O1N\U[g2
20121216154954Bh_3,ffPU13ko14M1O1O102N1N1000000000000000000000000000000001O00000001O01O0N^PNFao1=1O0001O1O10O0100O10000O2O01O01O2N00001N10000O01O04MO10O011OO0100O100O3NO0100O01000O10O010O100O0100O010O01O1000O1O01FPQNCPo1;SQNCmn1<TQNDmn1;TQNEkn1;UQNEln1:TQNFmn1:QQNGPo18PQNIPo17nPNKSo1a000O1001ONWOlPNk0Qo14OO2O00001N100O100O4MgPNZOXo1e06K21NO100O1000000O01O10O10000O10O10O010O10O0100O1O1O100O1O1O0010O01O010O00010O001O0000001O0O1000001O002MYV]`2
20121216154954Bh_4,P`\U28io1O00O1O2N2O1N2O0O2N10001N100O1O1O1O2M2O1N2O1N2O100O2N1O2O0O2O1N101N2O1N2O001O001O001O001O0000001O0O101M20000000000O100O10O0O2O001O1O1O1O100O1KgQNcNYn1\17O000001O0O101O001O1N101O001O0O101O000000O100000000000000000000001O00001O00001O001O010O0010O01O01O010O0003M01O0001O001O001O001O01O000010O1O0010O01O010O010O01O01O011O0O102URNlMdm1Z2OO0100O1O010O001O1O01O000001O004L00YOfRNiNYm1V1jRNhNWm1V1kRNjNTm1P1eRNaN8?Sm1o0SSNROll1n0USNQOkl1n0VSNSOil1m0WSNTOhl1k0YSNUOhl1j0XSNWOgl1h0[SNXOdl1h0\SNYOdl1f0\SN\Obl1d0_SN[Obl1d0^SN]Oal1c0`SN]O`l1a0aSN_O`l1`0aSN_OXO[OTm1V1dSNC[l1>dSNC\l1<dSND]l1:cSNFYOVOSm1S1dSNJ\l16dSNK\l13dSNM^l11cSN0]l1LfSN7Xl1TOSSNOj0o0Vl1kN[TNU1Xm11O00001O00O2O001N101N1\OWQNMnn11UQNMln11VQNLln14WQNHkn16a0O0O2O1O1O1NS^]\1
20121216154954Bh_5,ZoZR11no13L5M3L10001O000O10010O0O2O001O001O1N1O2O001001O0000001^OhPN9`o10O1O110O0cPNBVo1`0gPNDUo1f0O0O0100O100N2O1O1O1O2N0O3N000O2O0O2M4L4N1NgoRj2
20121216154954Bh_6,e\kZ37jo10N2O0O2N1O101N3N0O1N3J6MXOnPNf0Ro14O10O03NO100000OO110O00001O1N2O0O2O001O01O0O2N2K40100N1001O0N201N1O2O0001O000O1O1N20QOSQNl0ln1TOSQNn0mn1200100O011N00001O1O001O001N2O0N30OO2O0O100OO1O3N11N011O01OO1010O01O01O00O10010N200O1N2O2M3N1N3M4Mke^>
20121216154954Bh_7,jlPc26ho14M1N201O002N1O2VQNA]OO]n1c0gQN[OO`0Xn1S1O1O]NfQNa1[n113M3M1O3M101N1N2O2M1O2L4JmPNZOVo1e03O2L3ATSS[1
20121216154954Bh_8,]eYP2120io10XPN1fo10XPN2go14O101N2O1]PND_o1=aPNC^o10bPN>]o14N110I_OmPNa0Ro1^OmPNf0Po160001N1O2N100O2O001N1O2N2O0O2O0O4M1O0O3N11^OgQN[OXn1b0jQN_OVn1>lQNCUn1:lQNGUn1JfQNM6:Tn1^OeQN4425=Un1^OZRNc0an1001O10O3M01O0O20O01O1N101O001O1O010O0010O002O0O2N1O00011N1O100O1O0OgPN@Uo1`0jPN@Wo1?5010aPNCYo1b01O02N0001O0001O001O001O00ZOjPNb0Vo1^OjPNc0Zo1O0000001OM3001O2M2O1O00001O1O001O1O1O001N2NQYZh1
20121220110614Th_1,[Qgh11no13N3M11OO01000O1O100001N01O0010O1O001000O101O10O1O0O111M3Mlm\U2
20121220110614Th_2,dQ]:1go12\PN2ao18N3L4M2N3M2O1N1O2N100O10000O1O101O00CVQNDjn10UQNO4Ofn11ZQNN10en11^QNKN4dn10jQN0Un11kQNOUn10lQN0Tn10mQNORn12nQNNQn11YQNIf07Pn1O[QNJf06Rn10nQN0Tn1OlQN0Xn1LhQN4Ro1000O3M1O0\PNHao1<O10000001N100O1O00100O10O0100000O010O10O010O100001O01O1O2N1O001O1N2NTnn`3
20121220110614Th_3,iT[^22lo13O00001O00001O0O10001O00001N101O00O11N10000O2O0ZQNEgm1<WRNEhm1<nQNAF6[n1:mQNCD4`n1:kQNLVn14iQNLXn14hQNLYn14dQNN\n12cQNO]n12`QN0`n1g00100000N2O1O100O3M4M0O2O1O2M2O1O2M2N1O2O000O2O0O100001N100001O0L4K^PNLfo1ORkZ]1
20121220110614Th_4,b_Vk27co18J<FVOnPNj0Qo120DQQNHon18TQNFjn1<WQNBin1>YQN@hn1?<N3O0O2O1O1M2010001O0O10O1000000O1000001O001O0010H]PN2co1K_PN4fo111Mo`]R1
20121220110614Th_5,dflc21oo11O00O10PP20noM2O10O10O0N301O0000O0100N1100O01000000O010001OO010001O000O11O0O10001O001O0000010O00010O001O1O101N010O010O01O0O2O0N3MbYQX1
20121220110614Th_6,mZUU12mo11O2N5L4L3L1O1O01M2O10N21O1OBGQQN?mn1:O1M4O1O2N1O0001O2O0000001N2N6SOQQN>Qo1_ORQN>\o1K3K5N3Mbe`h2
20121220110614Th_7,jZUU132Ofo11[PN2co1L_PN3ko1N2O^O0Q10^O0O1M01O^o31VQJOdn11oPN4<Khn12dRN2Pn11gNKeRN9Wm1GiRN<Tm1DkRN`0Sm1@lRNb0Rm1^OnRNd0ol1^OPSNc0nl1^ORSNd0kl1\OUSNf0jl1XOYSNh0fl1XO\SNOlNb0gm1^OfSNa0Yl1_OhSNa0Vl1@lSN>Sl1AoSN`0Qk1A]SN2X2<[j1CZSN4[28[j1LgUN4Wj1LRVNLni13UVNLji12ZVNMdi11W3NXf\h2
20121220110614Th_8,o`ST12lo14M3M2M2M4O1O01O100O001O1O001O1O0O2K5Mhi;OYVD1O1OO01OOkP2N[oM000mUj01QjUO2O1O1N101O001O00001O0O100000000O1000000O1000000000000001O0O2O001O0O2O000O10000O10000O10O10O10O10000O010O10000O1000O1000O1000O10O100O01000O100000001O000000001O000000000O10000O010O1O1O10O01O10O10O01O100O1000000O10000O100O1O1O2N1O2OXo;3cPD3N2M1001L3M301Nno1ORPN3O0010O01O1O001N2O1N2O1O1O100O10000000000000O10O0100N2O1O4L2O1N2Nfnk1NSQTN2`PN0_o13]PN0bo17O001O1O1O00100O010O100O10000O100000001O000000001O000000O10000000000000001O000000001O00001O0O10001O00000000O10000O1O1O10001O0001O0010O01O00001O00000000000O10000O10000O01000000000O10000O100O1O1I`PNMao128Ncoa02[P^O2N2N1O101N2O1N2O001O00000O10N2O1O001O100O0100O101O0O101O1O1N2O4L0O1O100ON3O01000O100JjPNAWo1=7O1O1O2O2M2O2N2N2MQoQ43kPnK4M1O101N1000O10000010O01O00000010O000001O001O0O2O2Mbd`l1
20121220110614Th_9,Tgfb21no12N1WPNOco11]PNObo11^PN0ao10`PNO`o11`PN0`o10`PNOao10`PNOao10kog0O]PXO2O0O1OO0101XPNLdo14\PNLco14]PNMco10`PN0`o10aPNO_o11aPNO_o11aPNO_o11`PNO`o11aPNO^o12bPNN^o10cPN1\o10dPNO]o11bPN0^o1OcPN1]o1OcPN0^o10bPN1]o1OcPN1eo110000HNbPN2eo11HMcPN4\o1LdPN4\o1McPN4\o1LdPN4[o1MdPN6Zo1JgPNNK6]o1LhPNNK6^o1JhPN8Xo1HhPN4\o1LePN3[o1MePN3[o1MfPN2Yo1OgPN1Zo1NfPN3Yo1MgPN3Zo1MfPN3Yo1MgPN4Xo1LhPN5Xo1KhPN5Wo1KiPN6Vo1JkPN6To1JmPN6Ro1JoPN6Po1KQQN4on1KQQN5Po1KPQN5on1KQQN5on1LQQN3Po1LPQN4Po1MoPN3Qo1MnPN4So1LlPN3Uo1MiPN5Xo1KePN6\o171N2N2N1N201N100O2O0O91F2N3M101O3M001O00J`PNL_o14cPNJ^o10aPN0ko1OiQ21VnM2N100oNMTRN4km1NTRN2lm1OSRN1mm10QRN1om1OPRN2Pn1OoQN1Qn1OnQN2Rn1OmQN1Sn10lQN0Un10jQNOWn11jQNNWn12WQNJ;4^n19aQNG`n19]QNBG4ln1;\QNHdn18\QNIdn17[QNIen17\QNGen1:ZQNFOI_n1a0bQNE0K^n1`0`QNF2I_n1b0]QNG2Han1o0^QNRObn1n0]QNSOcn1b0ZQNE1Ifn1`0]QNLbn14bQNHan15`QNJan15_QNL`n14aQNKan13_QNMan13`QNM_n13aQNM`n12aQNM`n12`QNN`n12`QNNan11`QNN`n12`QNN`n12`QNN`n12`QNNan11_QNOan12_QNMbn12^QNNbn12_QNMbn12^QNNbn12_QNMbn12^QNNbn12_QNLcn12f001O1O1NWP<0ioC2N7J1O1002M01TQNGom19PRNKmm1M\QN3e04Sn1KmQN6Rn1JmQN8Rn1HnQN8Qn1HPRN9om1GRRN2YONfn1NRRN4YOMao13`PNKbo15\PNLeo171O4L00M3O1O1000O10O10000001N10000O100O2N2N]VQP1
20121220110614Th_10,Y`kR12no11N101O0O100O2O0O2O1O0O2O1lPNDbn1=ZQNGen1:YQNHfn19XQNIgn18WQNKgn16WQNLhn1f01EVQN_Oin1?[QN@en1>^QN@cn1>_QNBan1;aQNE`n17dQNI]n15dQNJ^n14bQNM^n13aQNM`n13`QNLan14^QNLdn12\QNOfn1OYQN0in10VQN0jn10VQN0kn10TQN0ln11SQNOnn10QQN1on10lPN3Vo1MgPN5Yo191N100O1O1O1O_KCbYN;]f1IaYN6`f1K^YN6bf1K]YN5bf10ZYNOgf1GUUN5R44if1GVUN5Q43if1HZUN4k33kf1I]UN3d3LPL8oj1HaUN1`38Pg1GbUN0]39Qg1GcYN9]f1GcYN9]f1GcYN9Rk1000\KHoTN3Z46hf1NVYN2kf1NTYN3lf1NRYN2of1MPYN4Qg1LnXN5Rg1KmXNLoK2Yk1NgXNORL3Wk15_XNH[L2Wk17\XNG^L1Wk19YXNEaL2Xk1ObTN3e3LbL1^k11PXNNbL1_k10PXNNbL1^k11PXNNbL1^k11PXNNbL1^k11PXNNcL0^k11oWNOcL0_k1OoWN0cL1Wo1OiPN1Wo1OiPN1Vo10jPN0Vo10jPN0Vo1OkPN1Uo1OkPN0Vo10jPN0Uo11kPNOUo10lPN0To10lPN0To10lPN0So11mPNOSo11mPNOSo11mPNOSo11mPNOSo11mPNOSo12lPNNUo11jPNOWo12hPNNYo11gPNOZo11ePNO[o11dPN0]o10bPNO_o11aPNO_o11`PN0`o10`PNOao11_PNOao11^PN0bo10^PN0ek1ORXN1YLOfk11PXN0YL0gk10oWN1ZLOgk10oWN0[L0fk10nWN1[LOco11]PNObo11_PNO`o12`PNN_o13aPNM_o12aPNN_o13aPNMgk10jWN2`LNek11kWN1`LNdk13kWNOaLNck14lWNMbLObk14lWNMbLNak17mWNKaLOak17nWNJaLO`k18oWNIaLO_k19PXNGbL0]k1:QXNFbL0]k1:PXNGbLO_k1:oWNGbLO_k1:nWNGdLO]k1;nWNGeLN]k1:nWNHeLN^k1:mWNHeLN^k1:lWNIfLM^k1:lWNHgLN]k1:lWNHgLN]k1:lWNHgLN]k1:kWNIhLM]k1:kWNIiLL\k1;kWNIiLL\k1;kWNIiLL\k1;kWNIiLL\k1;kWNIiLL\k1;lWNH^h18dWNF\h1:dWNF[h1;eWNE[h1;eWNE[h1;eWNE[h1;eWND\h1<_WNDeL1lk1:`WNEcL2mk18`WNKlLKYk18mWNM_h11cWNN^h11cWNN^h12aWNN`h11aWNOiLMXk14oWNN`h11aWNNah10`WN0hLOQo11?O`PN0Ro10mPN0To10>0]PN0Vo10jPN0Vo10=000\PN0Xo10hPN0Xo10;1\PNORo14ePNN9NQo19nPNGSo19lPNHTo18kPNHVo19hPNHYo17fPNI[o18dPNG^o13aPN3To1LQQNNO4nn15WQNJhn1;UQNDjn1?VQN_Ojn1b09BkPN3To1LoPN4on1LSQN3mn1KTQN6kn1JUQN7jn1JRQN:ln1GQQN<on1DQQN=nn1DPQN=on14QQN\OPo11oPN9Zo1EiPN:Wo1FiPN:Xo1EiPN:Wo1GhPN9Xo1GiPN2]o1NdPN2[o1NePN2[o1NfPN2Yo1MiPN3Uo1NlPN1To1NnPN2Qo1NPQN1Po1OQQN1nn1OSQN1mn1OSQN0_o10^O0TQN0ln10TQN0ln10TQN0ln10TQN0kn11b0000bPNOln12a0OcPNOmn11`01aPNOon11PQNOQo11nPNOSo14iPNLXo15gPNJYo18ePNIdn10mQN7]OIfn11mQN:Sn1GmQN0]O1gn1OlQNO]n10j0OUoc05fP\O2O1O1O001O010O010O01O1O010O000L]PNLbo1360O01O1O001O1O010O010O10oo10QPN0PP\10PPdN0RPj10noUN0QP20ooM0000000000000000000O1N20O1000000000001O00001O00000010co=2YPB2NLZPN0do11501O0010O010oo10QPN0000000oo50PPN0PPL1O010O010O10O1000000O10O10O0010O010oo10QPN00000000000001001kc`R2
20121220110614Th_11,V`ii01oo1001O0000000O10000O1000001O0O1001O000001O01O00001O0000001O000000000000001Nkoo02SPPO2O001O000000000000000000O2O0000000O10001O00O1000000001O0000000000O10001N100O100000000000000000001O001O1N2O010O01O1O1O001O0001O000000000000000001O001O000000000000NKYPN5co1L]PN004bo17000000100O00OM_PNIao17`PNI^o17cPNI]o17dPNH[o19ePNG[o18fPNHZo18fPNIXo17jPNHVo18jPNHVo17lPNISo17;0cPNIQo16=0001O0000001OcQNLol14PSNLQm13oRNMQm14nRNLSm14fRNO^m11aRNO`m11`RNNam13]RNMem13ZRNLim12VRNNkm12TRNNmm12RRNOlm14SRNKmm15RRNLnm14RRNLSn1NnQN1Qo1O10YO0^QN0bn10]QN1dn1O[QN0[o10O100O001O1O001001O00001N1OooQ10RPnN0000000boU20^PjM0doi40SPbK0YPD0O100m_b`2
20121229085414Th_1,`\ia2114go1310O02N000000`PNLTo14kPNNSo14lPNLTo17gPNKXo1?00O0001O0000000001VOARRNa0mm1_ORRNb0Pn1^OmQNc0Tn1\OkQNd0Xn1ZO_QNO0h0cn1WO]QNn0kn10100O2O7J1N10O00O1011OO00001N1O100O01000KMEkPN:^o1001N1O1JChPN=Xo1FePN:\o14100N2N1001N1O1OON40M30O2N110O100000N1O2O00001O100O2O1N1O1O1O1N20001N2Nfd`X1
20121229085414Th_2,i^eo03jo13N2O1O0O2O000N2O10O1000000O101N2O10O1O1O001OO01K5O10000M100O22N1O2O1N2O1O1O11N1O1O0101N2N1O1O1O001O001O100O100OG0dPN0\o11cPNN^o1375K1N3N1N1O0SOAWRNc0im1^OaQN3=<Vn1I\QNF:`0\n1f01100007I001N3K6L3N0O2O02N101OO101N2M3M4M2O0NZcbj2
20121229085414Th_3,g\ka21PP20O1O1O001O1O1011LSP`0NPP@10O0000O000N2001O010010O01O00O1002N[O0ZQN0[o1000\O0WQN0jn10UQN1kn1OUQN0ln10SQN0mn10TQN0kn11UQNOkn11PQN3Qo1MnPN3So1MmPN2So1OnPNOSo10nPN0Qo10PQNOPo11PQNOQo10oPN0`o10lo50ko31XPF100O1[OM]QN3Xo1O100OO0001O^o30UQJ0nn10Q10Ro10kPL0Vo10iPN0Xo10gPN0Zo10;0XPN0Ymo24gRPMMZo15fPNJ[o17ePNJXo18ePNJ[o1>01N1O01N101N2N1O1O10O001O100L4O1O100O01O0100O1O1O01O1N2O001N1O2O010O00O1O20O001O1O2M9H[n50WRHOon1c0N6J01O100O001O001O001O0N3M2N3L3K7Khh^Q1
20121229085414Th_4,SWgf051Leo19M2N200M3M10001N21K5N0110O10N3O2O1IVjRX3
20121229085414Th_5,`^aP11no10O010100000O0oo10oo10To10nPL0ho90aPB0_o182N5K102Oeoc01YP\O1]PNNco30moM24Nlb`l2
20121229085414Th_6,bchU23lo12O1O2N1O1OJ\PN1do1M^PN4`o1LaPN5]o1LcPN4\o1MePN2eo1O100O010O10O1O010O100O001001N1O01O001000O02OO10O01O00000010O10O10000O001N_[Wg1
20130104104234Ch_1,PW[m13lo14L2N100O2O000000001O00000000000000000O1O1N3O0001O01O0O2O1N4L102N\OoPN:Qo1BSQN>Yo1OO010O100000000O001O1N2O1O100O100002N1N2O0000O12N0O2OO10O1O002OO2N010O02N1O01O010O10000O1O1O1N2O0O2O1O2N2N1001OO00001O1O0O100000O1O001O1001O010O11UOTQN?Wo1O000010O01001N101O00O0100O01O1O1O2N4L03N01N1O1O2N1O1O1O2MbfPj1
20130104104234Ch_2,SgXo25ho15M10001O0010O01O1O2N1O0101N3ON0O3O1N2M;D2J7N01O2N3M4M3M2O:I1MO3N3M4LOO1O02O3L10000[OgPN`0Zo1@ePNl0Po11100O2O1O100O0N2O1N200O4N2N1O1O0001O1N2O=C10O100TOnPNf0Vo12N1000O2M3O5J2OO10O3J]Vgk0
20130104104234Ch_3,jd`P14jo12M3L6E;D=D;M6J3KoNWRN1hm1GdRN6[m1EmRN=il1E_SN9]l1GiSN7Tl1HPTN6nk1KTTN3nk1KTTN2nk1LVTN2mm101ON3OO1O2KgZom2
20130104104234Ch_4,[]ej2:co1:H2M4L4O5J6NMO01OO102O0O2NO0UO[QN`0bn1^OcQN?]n1@gQN>Yn1@oQN9Rn1BTRN<in1O001O02N3NO04M0OO1O1N3NO3M5N11MRQN^O^n1d0\QNAhn1i02IMVO]QNe0^n1^OZQNN><Yn1JkQN2Wn1LmQNMYn1OhbbR1
20130104104234Ch_5,\d`Z222Ogo16O2N0M40000O10O0100O010000O0100000O10O01O010O1O1O100O10001O000002M10001O000O1O1O0100000001O0000O1O1N1J70000O1000000O100002N1O5K2N00000000001O2N01O01O00000O102N1O1O1O1O0On[S`1
20130104104234Ch_6,jePZ25io14IHaPN;[o1:K:E4M2O1000O2O1N1001N01O3L4M1O2N3O01N2M1O1000O2N1001N0LZOPQNd0fn1a0K6L2N_OiQN^Ohm1DYRNo05\O`m1F[RN=g0Mml1:WSNGgl13`SNN`l1MdSN4Un1AaPN=`o12O0N3O4MO4K3K5LSXkb1
20130104104234Ch_7,oQU[18go13N1M3N3N1M^OfPNj0Ro18nPNQOen1Z1I5J^NhQN45T1cm1jN\RNNM<7i0Zm1HhRN8Wm1GjRN;Wm1@QSN<nl1BSSNb0hl1@\SN;el1D\SN=il1mN^RN>f0f0Pm1ZOmRNf0Um1YOkRNf0Vm1ZOkRNC]O05e0em1HaSNJ`l15g1006NI\nTc2
20130104104234Ch_8,iePZ2150`o12dPNNWo10aPN2;Ngo11SOOSRb00em_O0TQN0RQ80lnG000PP20ooM010RP61noKO\oM0fPN1oo1OO0N2O100dPNMmn11dPN0lo11100NePN0hn10\QN0Yo10O0N3DMgPN5Yo1<RQNBTn1=iQNFXn1<cQNF]n1HXQNc06Fcn1f07YOQQN7bo1K5G]W[b1
20130104104234Ch_9,ic]W12lo14M2N10000O10O101O0O2N10PP8MWPF0ho15N1000000000001O00000GMfPN3Wo1OjPN0Uo12kPNMTo15lPNJTo17lPNHSo1:mPNESo1=kPNCUo1>jPNBVo1d0000001O1O001O0001O000000O10000001O0000000O1000O1IWOUQNj0kn16O10O010O1M3O001O001O10O01ON2010O1GmPNCUo1LmPN<0E[o188O01AIRQN8mn1JQQN7nn1LnPN6Qo1<0100O10OO2O0OM4001O01000000000000O100N2O1O1N201N2N1O2L3N2O0O2ONJ\PN5do1L]PNOfo1231O100O0100O10O10O2O0O[o11ePN1N2N2O1N1O2N2_PNFYo1<fPNEXo1c0O0O2O000O10JlPN@So1`0oPN_OQo1a0QQN^Omn1c0SQN]Omn1c0SQN]Omn1d0RQN]Omn1c0SQN]Omn1d0QQN]Onn1k0001O000O20O0000001N2N101O10O00010O0O2O0O2O0O1011N000001O001N1000001N100O2O01O10O0001O00000000000000000010O000000001N1000001O0000001O001O001O1O00001O001N101O1O001O00001O001O1O001O001O000O2N2NY^fX2
20130104104234Ch_10,]`ik14ko12N1O2N1O1]OH]QN9an1K\QN6dn1LWQN7hn1a0O4L3M2L4O0010O00001O000N3gN\QNS1ln1lNVQNl0Po1O00006JO2N101M201N11O1O1O2M2N10000O100O0100O10000001O00O10O1O1M300O1000000O100001O0000O100001O00000O101N10O0O1O2NO3OJePNIZo1?00O100O1000O0101O000000O2N2M3J5N201O00001N3N1O0010OOS`Zm1
20130104104234Ch_11,QaY`11no100010O010O10O10oo10PP20ooK2O1O00101N11NWP8LmoG0UQ40lnK1O01O00O10O00[oi20^_fW2
20130110085614Th_1,Vjlm07ho12N2ROKmQN8Zm1FaRN?KMam1H^RN\1`m1fNYRN`1fm1`0M2M4M1K5L5LXOQSNdNkl17aSNFI4al16kSN\ON=Tl18mTNHRk16QUNJoj14SUNLej1ZOjSNh0b1Nbj1\OkSNe0f1N^j1^OlSNc0g1[OSNb0Xl1EiSNK0<R23Uj1GPTN3l16Sj1GRTN1o16ni1ITTN0o16ni1ITTN0P27ki1IUTNOQ27li1HUTNOP29`j1FaUN:^j1FeUN8[j1GfUN9Yj1FjUN:[ME`o1`0N01O1OO2O01O00000000O2OO10000O010O0100O1O1O010O01000O0100O10O01O1O1BaPN9ao12100O00100O001O2N01O0000001O0O2O00O010N10000100O001N1100O100010O1O01O0000O2O0O1N100O2OM4O00000001O10MbPNC^o1>11O1N2O100O01O1O100O1O1O10O02N10000000O10O001N2O0001O10O01O010O01O100O10000O002N1MhTQh2
20130110085614Th_2,[`jT23k02nm17[QNF97Tn1V1mNhNeRNL5j1Tm1h0J7L3M4K5L6ImMcSNRO31LF5NKk00XOok1j0eTNSOI68k0Rk1LaVN1[i11iVNNTi16oVNIjh1:XWNEfh1=ZWNCeh1>[WNBdh1?\WNhNaMc0Rk1MPUNNk20Rh14SUNKo2Olg15TUNMS3Nfg1N`UN2m21`g1LeUN2o2OdLDaj1;oUN0P35mf1IWVNG[O7c39if1AeUN2i03k29ff1AgUN2i04k29jf1@]VN8i28hg1HYXN8bf1@jVN7d2:`f1_OnVN7`2;kg1CTXN?mg1_OSXNb0og1[ORXNd0fk101N2O1O00000O11N100O02O00O0100O1O0O2O1O1O001O0102ON1O10O11OO2N1O2NO101O001O1M4IW\_f1
20130110085614Th_3,`cPR31no12O0WPN3^o1?H3M3M4L2O1N3N2M3H7G801NoNlQND42Pn17oQNB77im17PRN@::dm13VRNA8=`m10nRN1Qm1NTSNNll11VSNNil12[SNLdl1MeSN3Yl1LjSN3Ul1MmSN1Sl1OnSN1Ql1OQTNNPl12n110O10000001O001O001O010O0001O00000O100000000000100O1O0100O0010O000010O01O10O00001O1O001OO2O11N10O11O0O10O01O2O0O101O0O10O10000000007I0O11O2N000O1O0102M1O0010O1O100O01001N1000O010O1O1O10O1O100O002N000000O101IZPN0ho1OZPNOY[ee0
20130110085614Th_4,fcl`22lo13M3N2O2N1O2N2O01N3N2N1N20O001O000O1O100000000O101O2M3M3M2O1O00[OjPN`0]o1N12K10012N21M11M1002N5K01N2O000000O1N200O1O10O01O1O00010O011O1O02OOO2O010O102M2N2N3N02M0120OO2M1O11OO03M1O2O01O1O0O005J5LLG`PN9_o1IaPN6eo1O100O2M]P8NeoG6K3M1O2OO0100O000OO201F_PN3bo1K_PN5fo112MLM\PN2do1N]PN2co1N]PN0TW_W1
20130110085614Th_5,b\]d22mo12O2M2O1O1N2O2N0O3N1N2O2N1O101O2N1O1QQNYOan1V10fN\QNR1kn1O3L1O00002O0O100O1O002O2M1O2O0O102M2G_PNObo1O`PN0ao10^PN0do1N]PN1janX1
20130110085614Th_6,^cTR31=0E1Xo5OaQJ0Wn10n10mM0URN1Po30`nM0jRNOdn30nN0_QL42L[n10WQN1Q10fm1OZQN0R11_m11aQNN?0N0Pn12WRNOJOin15SQNK_m10aSN5oNKom10iRN2VONYo11gPNOfm10bSN0gN0[o11cPN0]o10cPN0^o10_PN3_m1L^TN9fm10PNGWTN9gk1GZTN9]k1GjRN0j1:bk1FaTN7em10aMInRN0m16em1O1Nkm1MYRf00hoWO09070jo30ooM0ooM000I0_PN0`o10`PN0ho10J0=0I010PP20PPN0N2O02O00O02OUP:0koE0SP60jo30ZPF0J0RP20moM0PP20G1`PLOao10^PN0bo10^PN1bo1O^PN0bo10_PN0io1000O011FOcPN0go10fo10cPL0go10E0dPN0^o30`PL0ao1050TPN0lo12100O1O0000O1000001UPNNgo11XPNOO000go12ZPNOio1OVPN2lo1000_[[e0
20130110085614Th_7,\Pmb12mo11M3O1O1N11000O1O2O02M1O01OO01O2O001O1001O1O1O0010N100N2O1O1O001O10O01O1N10N1010O1001N1N2O02ON10M31O1000M201WM_ORVNb0Pj1BdUNe0]j1EWUN<jj1ETUN;nj1EQUN9Rk1GnTN7Sk1JmTN4Pk11oTNNPk1<iTNCUk1h0bTNXOYk1o0fTNoNZk1T1dTNkN\k1W1cTNiN\k1[1_TNgNak1@`SN71S1k0YOYl1\OlRN20j0e00il1NTSN3nl1NbRNVO5n0[m12_RN1km1m03C>K9G3N3M3N0GPQN]OXo16mRmW2
20130110085614Th_8,TRkV12mo1100000000O1O1O10000O11O01N101N101O1O01O001O001O1O011N2OO0010O1O0010O0001O10O001O001O0010O002OO1O101N1O001O01O001N1O1O2O02O1N0000000001O0001O1O01O0010[PNK]o15cPNM\o12dPNN\o13cPNM]o13bPNO^o11`PN0`o190O001N100O101O00000O10000000QOJcQN125[n1KaQN135\n1J`QN226_n1H[QN47JJ4cn19eQNAJ5an1:mQNETn19mQNGUn16lQNJVn13kQNNWn1KnQN4on100010O01O001O1O0OPP20QPN0klha2
20130110085614Th_9,ShhV14lo12M2N20O0I\PN3io1O10O10O01O0001O01O0010O010O10O0100O1O00001Olo1OXPL1io15N0000000010O000001O000000001O01O010O2N010O000O1O10001OO1NMWPN3io12000O100000000O1000000O100001O00000000001O00000000001O000001O01O001O010O01O001O1O1O1O001OVWeb2
20130110085614Th_10,dZQ`15go15N3L2O2N3MKfPNFYo18lPNGRo18PQNIon15TQNKkn12YQNNen12]QNOan10aQN0^n1OdQN1DK\n14RRN0AM]n13SRN1_OK]n14WRN0Pn1OQ100O01N1010O010O010O10O1O001O0010O001O100O01O10001O00O010O1N3O0000000010O00100O000010O01O01000O101N2OO01001O0O100O10O100O1O1O101O100N01O_PNF\o1:dPNG\o18dPNH\o19dPNG\o19dPNF]o19cPNG^o186O1O0O2N1O1O2O]ehY2
20130110085614Th_11,ecSm11no12N2O1O2N1O000aPNII3Vo14oPN1Qo1OnPN3Po1NoPN4Po1LoPN5Qo1>O00010O00000001O1O1O1O1O0000O10000001O2O0O1O001O001O0O10000O100O10000N3O0O10000O0100O0010O10O0100O1O1000O010O1O1N2O1L301O010O0100O10000O1O101N2N1F_PN4ho1O1N2Nkoc31lo[L0bPN0]o12aPNO_o11aPNO_o12_PNOao12^PNNbo18O1HDkPN=Qo1HmPN9Po1LmPN5So1<O10000O100O1O1N2N2M3O1001O001jNYQNQ1mn1N001O1OJTOXQNl0on1O00001\OPQNHO:Qo1H[QN7fn1G[QN9Wo1O01O00000000001O01O00000000O010000000POHXRN8im1GWRN9hn100O2O0000000000000000oNJXRN6hm1KWRN5im1KWRN5im1L\QNMf07nm1M[QNLg07nm10SRNNnm12RRNNnm12RRNNnm11TRNNmm11SRNOnm10RRN0om1OQRN1om1OQRN1Pn1NPRN2Qn1LPRN4on1O0000001O0010O0001O000010O00000O101O000O1CMmPN3So1NlPN3Ro1NnPN2Ro1OmPN1Ro10nPN0Qo11nPN0Qo11oPNOPo12oPNOPo13nPNOQo11oPNORo10nPN0So10lPN0To11jPN0Wo1=0O000010O01O0010QQN]O`n12WQN88Gan11WQN88Han1OWQN;6Fcn1NXQN<4Jjn14VQNMin14UQNMln12QQN1on1`0001O1O1O010O0000O11O2N003M1O1O2N2M6D\PN2eo1L]PN2jo1Od[n_1
20130110085614Th_12,ig`Q32no1000000O02O00000000001O000010O001O00010O010O010O0100O010O0100O010O0010O010O0100O010O0000LOYPN1go1OYPN1go1OXPN3io1100001O000O10O10O1000kWij0
20130110085614Th_13,[XWg22mo1101OO11O0001O0O2O0001O1N101O01O01O00000000001O00001O000001O01O2N1O0001O1N101O0000000000O1O100O0O10OHNcPN2Yo1=1O01OO1ON2N02OOO4N3CfPN1ho1L`hhT1
20130110085614Th_14,kYTV22ko15M1FJiPNOJ5Po12TQNLL;nn1b0HQO]QNR1an1oN_QNR1an1nN_QNR1_n1PO`QNP1`n1QO_QNf0O]O`n1g0hQNWOWn1h0jQNYOTn1g0nQNYOQn1g0PRNXOPn1h0RRNTOkm11gQNk0in17O0O10O10001000000O1N2N2O100O1O01M3O013M00N3N1XOSQN<Po1ASQN<on1ATQN<Zo1M3N2M^gof1
20130206063154Uh_1,i]Ub22lo12O3N6J1N100010OO100002NO1M3O1O1O100O1000O10ON3N1O200O10N11O000010O10O0O2O0001N101O1N2N100K4OO4O0O11N2OOO1O110J4111O1OM3O0N3XOoN`RNS1Ym1VOdRNl0[m1UOcRNl0]m1UObRNl0[m1WObRNk0_m1UO`RNk0am1VO]RNj0_m1hNZRN`05i0_m1_O]RNK00am1j0fRNjNcm1U1cRNeN^m1R1l0000O101O0000L22O11NOK70001O00001O1N2O0O20OO1N2O100O2O10O010010O1N7H3NO12MbfjV1
20130206063154Uh_2,ga`n11ko18L8G4M1N3N3M1O2N0001O000O20O01N1O2M2O1101N1O01O01O01O010O00001O0O1001O0000O100001O00100O2O0O10O1O1O1O2N1O010O100O10O2O1N2O1O0O2O000000002M10O1O11O8H010O1O3Me0[O6J8K1N7G6J4M1N11O1N3M1O3M2M>`M]RNh1Qn1L6J<E2N6J1O001O0010O01O01O3L7J2M4L4M2N106K02M1OO101fQN]NUn1g15J5K2O1dN`QNT1gn104MO0O0104LN1O10O4M]QN_Ofm1`0XRNHcm1:URNN6Del1d1VSNbNgl1_2M4K3O00003L1O00O10OO2YNbSNJ^l13kSNFWl14]TN[Ofk1a0fTNTO]k1g0nTNnNVk1P1o1N2M3L3M4H8M4MoVYg1
20130206063154Uh_3,felV16io13J5O2N1O1O0101O0O2N2O0O10O010O01O001O10O01O001O010O10O01000O01000O1O010O0010O0100O10O0000000OO200000001O10O011N010O1O100O1O001O000100000002N3L10001OO2N2N3M2MnXSd2
20130206063154Uh_4,acPa11oo12N1O1O010O010O0QOLRRN4mm1NSRN2km1OURN1km1OURN1jm10VRN0jm10VRN0jm1OWRN1jm1MVRN4kn1000O0100O010O01O010O00010O00001O000000000000O0100001O00001O001O1Olo1NUPN3OO\]c[2
20130206063154Uh_5,Wi`n04ko11AMePN182Qo14nPNLln1OmPN:1GQo1g013M00010O10O10006OMN2N3M12M6J1O001O00O100O2N3N3\OnPN2ao1O10N101L3O1000O100O1O2O1O00001O0102M100O02O1N10O10O01O100O1O1O00100O20O0000O1O10O00000001O0L400O2O1O1O1N2O001O001O00VORQNc0mn1\OVQNc0So1010O00000O2O0000@lPN5So1IPQN6Po1IRQN6]o100O0010O4L00O10000O010O010O01O0100O1O0G^PN6bo1J_PN4bo1L_PN1bTki2
20130206063154Uh_6,`a\P12mo13N1O0000L3010010O000001O1N2O7I2N2O1NO1100000O1OO100NAdPN>^o11O10O0101N11O100O1001N2O0015J2O1OO001O0001O1O1O2O1N101N1O0000O1001O00O100O01O001O001O2Mk\Sk2
20130206063154Uh_7,^anP1120io11WPN0ho10XPN1eo11\PNN0O_o14bPN2\o1MfPN4Xo1LoPNOon11SQNNln12VQNMin14a00fPNMgn13ZQNLfn15ZQNKfn15b0LXPN1ho1NYPN2eo11YPNN`0Ofn16ZQNJfn14kPNL>0gn16ZQNJgn14ZQNLfn14YQNLin12XQNNhn12d0NfPN0gn10XQN1hn1OXQN1gn10XQN1in1NWQN3hn1MYQN2\o10O010\O0UQN0ln11SQNOnn11QQNNPo11PQNOQo10PQNOPo11PQNOPo11PQNOPo12oPNNRo12?010001N[Pf00UPZO7fNInPN02=So19O1LYOlPNi0To112O0000O2N1O14L002M1O10N1O11O2N1O2O000000O100O1O0104L00PQNNRn11kQN1Vn1OgQN3Yn1ObQN5N]OXn1OgQN_1]n1GgQNjNYn1T1jQNkNVn1P1oQNPOPn1P1RRNPOmm1o0TRNPOlm1P1URNPOkm1o0URNROkm1n0URNQOlm1e0fQNA=Jmm1b0iQND9JQn1?hQNG5KSn1<jQNJ2IVn15`QNL`00I0Uo10kPNOVo10jPN0Wo10iPN0Vo10jPN0Wo10hPN0Xo10hPN1Xo1OgPN1Yo10gPNOZo10fPN0[o10dPN0\o10dPN1[o10dPN0]o1OdPN1\o1OcPN1]o10cPN0]o1OcPN1^o1ObPN0_o10aPN0^o10bPN1^o1ObPN0_o10aPN0^o10cPN0fo10G0cPN0\o10dPN1[o1OfPN0[o10dPN1[o1OfPN0Zo11fPNOZo10<0ZPN0Zo10fPN0Zo10fPN0Yo11gPNOWo13hPNNXo10jPN0Vo10jPN0Vo10jPN1Uo1OkPN1Vo1NkPN2So1OnPN1Qo10nPN1Qo1OPQN0Qo11mPN0To1NmPN1So10lPN0Uo10jPN1Vo1OjPN0Xo1OgPN1Yo10fPN1Yo1OgPN1Yo10fPN0Yo11gPN0Yo1OhPN0Xo11hPNOXo11hPNOXo11hPN0Vo11lPNMTo13=O101O3M1000QYWd2
20130206063154Uh_8,U\ld11lo14O000O2M7K1O00001N2M4N1O11N5L[QNChm1<SRNIlm19QRNInm1=bQNXO4>Yn1>eQNC\n1<cQNE^n1:aQNG`n1l0000C_QN[Obn1Q11^ObQN@4Hnm1d0RRNCOIPn1`0URNHHHUn1?URNICIXn1>VRNOkm1OVRN1jm1OURNGB2Yn16URN5km1KTRN6jm1LVRN4im1LXRN@G<5F[m1>SSNL_OH^m1;TSNEWO7NKfm18WSNFUO`0bm1JZSN?el1TO_RN7o0JROa0`m1JgSN5Xl1FoSNH`N>`m1IVTN7hk1I[TN5ek1J]TN6ck1H^TN8em11O1012N1ON100002N2M[P2MhoM2OO1KPaUW2
20130206063154Uh_9,WfVh22mo15M1N1O10O01O000O2O1N101000O001O10O1O1O0O2O0011OL3O3N2O1O100O1N2001O=C3M1O1N1O1O2N3L\P83aoG4M1O2O0001O11O1O0O2M2O2L3N2M3N21O2N0O9G1O1OO10O010O010001OO001O0O3O10O2L4L100O1O01N1O2M3F`PN0mTQR1
20130206063154Uh_10,kXk]22mo15UPNN`o1;00M2O1N101O000O10N200NhPN_OUo1`06001N1O01O0N3L301O000O1O2OMI^PN6do12O0100O02O1O001O100N101iPNEhn19YQNJen13^QNMXn1K`QNOK9=MWn1O^QN7:JXn13\QN2<KVn1c0iQN[OXn1f0hQNZOWn1h0`002N0O2N2M2O1O1O2N1O1O1O1N101001N2O000O1000O10O100000000000O2O1O001O1O^hl\1
20130206063154Uh_11,_eRe22no12N1O9H0O1000O101O00O0001O000001O00002O0O00000010O10O010O010O001O0N3N100O20O1O1O100O1N2O1O100O0010OG_PN3ao1LdPN1\o1OePNO\o10ePNO\o10ePN0Zo11ePN0Zo10gPNOYo11gPNOYo11gPN0Wo10kPNOTo12mPNNRo11oPNOQo11PQNOQo10oPN0Qo10nPN0ao11AOmPN1To1OlPN1So1OnPN1Qo1OPQN1nn10RQN0nn1OTQN1]o110000O2000N2O100O10Zo52fRX1NnmaN001O01003N3L208KEf0Jho10noM001^PNORo11`001O00QP2001ZPL0Wo10iPNOWo11kPNORo10oP>0]oA1UUmQ1
20130206063154Uh_12,Qagl21no12N1O2N010O0N3O0DLmPN5So1NhPN5Xo1910O100O01O1O100O0001O1O1O010O1O01O00001O10O7I000O100001O3M1O00001N106I2O1BaPN9co100000O1O1O11O1N101N1O100O10O1O2M8I10IcPNK]o10cPN5]o1KcPN4^o17000MbPNC^o1>200DaPN8_o1GbPN7`o1I`PN2eo1M[PN2io10100Nk^Tn0
20130206063154Uh_13,a^WT1142NNco1:O2N1O10000000O100000O1O001O00000001O1K4M40O010O100O10000O10O1000O1000O1000000O1O0101O00001O000O1000000O1000001M200000000001O0O101N100O10000O10O01O001O01O010O001K4100O1O2M^bZf2
20130208063134Lh_1,eZYP31no12N0VPN0fo10ZPN3bo1510O100O001O10O01O001O0N3O0O1001N1O2O0O01O001O10000100O1N2O00000OO200010O1O1O100O1O0010O10O01N3N1O1O101N1O1O0O2M3OO2GnPNBTo1=7O2N001O01O2O010O1O2M2O1O2N1O1O1O1N2O010O10ERQNCon1;;0001O00010O010O01ON200O1000010O001N110O01000O010O10O0100O01000O1O100N2O2N[hng0
20130208063134Lh_2,U^Qe11no12O0000000O100O10000O101N1O1O100O2O0O10O0100O10000O100000O2O01O000000O1001N10O10000000001O000000001O00000000000000001O000000000000000000O10O10O100O01000O1O100O100O10O0100O10000000O01O1O01000O1O1O10O100O100O010O1N2O002OO010O10O1000O1000O0100O10O1O01O0O1O2O0O110N10001O0O1O101RLZOaXNf0`g1ZO]XNh0dg1YOXXNi0ig1ZOfTNKX3j0Vh1[OaTNLV3i0[h1[O_TNLV3g0^h1[ObWNi0`h1UO`WNj0ch1UO[WNj0hh1VOWWNi0lh1WOVTN3`2f0bi1]O[VNd0di1^OYVNc0hi1^OWVNb0ji1^OTVNc0mi1^ORVNa0Pj1_OnUNa0Sj1AjUN?Wj1BfUN=^j1BaUN>`j1B_UN>bj1FYUN9jj1HRUN5Sk1MUTNKRO8ll1ObSN8@GQm14[SNj0il1R15L3N3O0O2O1O2N8H4L2WOlQNBVn1:PRNAUn18QRNDdn1DcQN8nclo1
20130208063134Lh_3,a`dc12mo1101N100O2O0O101O2N1O000000000000O1000O100O1O100O1000001O000001O01O1O0010O010O0001O01O0001O00100O0010O001O001O010O001N101O010O02O3L2O1N2O1N10000O1000O1O10O101O0001O0O1O2O1N100O100002N00O100000100O1N101O1O2N000001OO1O1O100O1O00100O00001O00000010O01O0010O000010O0100cPNJnn16oPNOon13jPN3Uo1=O2N101N100O2N101O103LO1O1O1001O0OUO]QN:cn1BbQN=Qo100O001O100O100O10O010O103M1O0O10O0101O3M3M2N00001O1O00000000001N2O0O1000O100000O10TOZQN<hn1@[QN`0So10O2OO1000O10000O001O01O010O00001O001O1O1N2O001O0N`PNDao1;2010O010O1O002N1O1O1O100O000001N1O2O001O001O010O01O010O001O3M1O001O0O2O1O0001O1L4O10O10O010001O^OfPN=_o11OO10O10O100O100O2N1N2O\Yej1
20130208063134Lh_4,dhln03lo110000O100O100O2O0001O010O00001O10O0001O01O001O010O100O10O10O100O010O1O010O1O10O101N01O010O101N2O004K9H1O1OOO4M1O0000O3N0YOPQN=Qo1]O_QN9Xo1KRVSm2
20130208063134Lh_5,fbbg26io15L2N1JCePN`0Yo1500O10O00000000001O0O2O010O0001O000O2OO02O001N2O0O101O1O01O010O01000O1O00100O10O01003M0O20N1O10O0001O00002O01QQNXOhn1P1VQNTO]n1l0^QNXOan1S11O0:F4MTOnQNKom13WRNJhm15ZRNLdm13^RNMbm10`RN1`m1LcRN4]m1\OQRN8b0?\m1XOTRN5a0f0CZO\m10QSNh0BZO[m1MSSN]1nl1]NUSNe1`m13O001OYNlQNc1Zn1O10O108H20O1M6J1O0001O10O001O1000O1O1O0O3N3L5L1OO2O2M101N1O3M4MTTN\N]i1a1^VNiNRNGnj1^1nVNoNmMKTk1U1lVNMkh12RWN2oh1KnVN;Qi1EjVN`0Ui1@iVNc0Wi1^O\VNfNkNn1ij1]OXVNiNkNn1nj1YORVNT1Pj1kNgUN\1Zj1dNnTNdN`0n2bj1eNRUNa1nj1i10O2ZNmTN[NVk1a1mTN]NYk1]1fTNdN^k1l23N3N2PN\TNBck1NmTN0Uk1HRUN6Sk1@WUN<Qk1XOTUNg0Yk1jNkTNU1Xk1cNmTN[1ml1M4N1O100001O01O3M4L2N;E4M1N001O0O2O2O0O1KRSYn0
20130208063134Lh_6,caek03io15M3O1N2M2N3O1L4L4N3N1O002N4K10O100O1000O1MlNZQNR1gn13N1KiNbQN00U1]n1kNeQNW1[n1iNbQN[1\n131L401100O1N2HKkQNoNTn1o0PRNQOom1m0TRNROlm1m0URNSOjm1m0XRNSOfm1l0\RNTOcm1k0`RNTO]m1l0fRNTOYm1k0jRNPOYOOmm1Q1o0FWQNZOkn1f070000O1O2N2O0N3N2N101N10001O1O1N3N1O1O1Ni`TP3
20130208063134Lh_7,Wiji11oo10O2O01O01O00010O00010O011N1O0010O0102M2N100O001O01O01O00100O01O01O2OOaPNDZo1<dPNG[o1b0N1N2N1O1O001HTOZQNm0en1TOZQNl0en1VOYQNl0gn1TOXQNm0gn170000O01O1O2N1O0_OUQNMln1IVQNK1;jn1H_QN7bn1G_QN9cn1E]QN;To1O101O00001O00000010O000000010O00O10O100000O100000000001O00000O2O001N100O2O0000001O0000001O0cPN_O[o1c0014L1N010O0O2O00O010O001O00001M20100O1000O100O2O001O1O1O001N101O0O2O001O1N101O0OaUml1
20130208063134Lh_8,T^]T33jo13N2O2N10000O2O0O10O1O001O1O01N2O1N3L3\O@]QNl0an1:O00K50O2E:1DeQNSOZn1l0jQNROVn1m0oQNnNQn1S1>N2O2J5O0N2I7001N1O3L3N3M2N2N3N010O1N0N10100O2O1O01O2O0M4N10OI53O01N2O2M3K5N2O1O1O1O2N100O1N3N2O0OWebf0
20130208063134Lh_9,^ckW23lo1100O2O0O2O0O100000000O100O1O1001O0000001O001G]PN3ho10000000N20O02O00000O1000O10O2O00000O2L21010N10001O0000000010O10O01O2O0O1O0001O000010O02O000O3N0O100O01O00001O00000O2O00001O001OO10001OC_PN;ao1E_PN;co11O00000M30000O1000000O0100N200O1O100O10000O101N1O100N3O0O100O2OZ\Z`1
20130208063134Lh_10,ViV^35io15M2N3M111N11O2O11M1O01O0O2O5K00O2N2M4M3L4M5O1ON1UOTQN<Zo1O10O3M0O1OO101N2N2O1O1O0100O1O0O10000O01O010O000000000000000000O0L50O100O001O2L3N2O100O101NPTY=
20130208063134Lh_11,`Pko11no12O1O4L1O1N3N1^PND^o1b0M2O0O4L100O0010O01O01O1O0O2O2N1O0DfPN2[o1MfPN1\o1MePN0NL_o12dPN3]o1NbPN2_o1MbPN2`o1L`PN4ao1K`PN4fo10ONXPNNgo13YPNMdo17[PNIeo17[PNIeo17[PNIeo17[PNJdo16\PNJdo16\PNJgo161O01O03L3M20O0O1000OTPN0io11WPNOio11VPN0io140O3N1ON2O1000O1O100001O0O2O1N101O1O0O2O010O000O100001O00000E^PN8OHao10`PN9^o1GaPN1140L^o1ObPN0O6co1J^PN7fo1001OHZPN004ho12O101O0O100001O01O00K[PN1co1O^PN1ao10^PN0bo1700010O00010O0010O0010O010O01O0002OO001O01000000D^PN9eo10O10O0100O01O1O00001O1N100001OO100O1000001O000O2O00SnZf1
20130208063134Lh_12,fa]k02jo15L4I7NIfPNJYo13lPNMQo11TQNOin10[QN0bn11`QNO^n12bQN2Xn11hQN8mm1ITRN7jm1GZRN:cm1DaRN;_m1DdRN;Zm1FgRN:Xm1FhRN;Wm1EkRN9Vm1FnRN6Rm1IoRN7Pm1JoRN7Qm1IoRN6Rm1JmRN6Sm1KmRN4Sm1MmRN2Sm1NnRN1nl11nQNGR19ol11TSNNll11USNLnl1OkQNN00U12Pm10kQN0W1OPm10iQNN[10ml11VSN0jl10RSN3Pm1LPSN3Rm1MoRN1Sm1OmRN0ml10jQN1Z1Nkl17WSNIgl11TSN2Um1NiRN6Tm1LjRN7Sm1KlRNN[m12eRNL]m14bRNL`m13_RNMbm11^RNOcm12\RNNcm14S12PQNMZOLdn18RRNMlm17TRNFkm1>URNBhm1a0WRN_Oim1b0VRN]Oim1g0URNZOdm1n0[RNQOdm1Q1ZRNPOdm1T1ZRNkNim1U1URNkNkm1V1URNiNlm1?hQN01F9Knm1Q1jQNSOan1n0`QNQO^n1Q1cQNoNZn1S1hQNlNWn1T192O00001N1N2NM4L500O01M3O2M201M2N3O1O1OcNiQNS1Vn1mNURNh0lm1YOVRNc0jm1AgRNG[m1<Q14N102M2O000000OM4O01CnPNLRo13RQNHon19650001N2N2N2O0001O2N1N2K41N2O1O1O001O100O001OO2O0100O01N1000O20000O1J5N3O1@?N2004J4N1N2O1O1O2O1N3N1O1QORQNj0So1O1N2N100O101N4FdPNJed^j2
20130208063134Lh_13,ealX25lo1NPR20SlMOmSN1Rl10nSN0Sl1OlSN2Qn1000O10010O0O10000O10O01O1O1O100O10O01O1O1O1O010O0O2O01O0000OOjNDSRN1;9dm1GPRN573hm1KRRN35Jom14mQN1gn1N]QNNdn11T_[d1
20130213063454Uh_1,fZUT22mo12N2O2M100O2O00O01000000O10O010O0100O1O1O100O00010O100O0000010O01O100O01O010O1000O01O1O002M20O00N30O0O1000010O01O1N110N2M201N1N2M4O010O00010O010O01O001N101O100O2N100O2N2M2O2O0O1O1O1O2N2N1O2N100O2O0O2O1N2Mnf\e1
20130213063454Uh_2,o]V^12mo12O1O2N2N6K0aPNDYo1b0OMfPN@Zo1`0gPN@Wo1b0iPN]OVo1g0O2O1O00001O0020O000NmPNVORo1m00O10O01012MNPQNTOon1l0PQNVOnn1o002N0VQNmNfn1T1XQNmNgn1X1N1000O1O0L40001O2N1O2O0O1O001O00001O1O2M011O1O10OZOhPNd0Xo131N2M2M3N2O2D\PN7fo102Lk`_]2
20130213063454Uh_3,Sghi03mo10N3M2N2O0O200O010001O00O100O10O10O01O010K5N2O1M]YeT3
20130310063154Uh_1,j[oc12no10O2O001O1N10000000000O100N2O3N1O1O101N001O0000010O001O010O2N001O101N1O1O2N1OZOoPN=2]Okn15SQNd0ln1[OVQNe0in1[OXQNd0hn1\OXQNe0gn1ZOZQNg0en1YO[QNi0dn1VO]QNi0cn1VO^QNk0kn101O1O2O01O0O1000O10O10VOmPNe0Xo1000O10002N01O0O010O10O01\OkPN<To1CPQN:Qo1EQQN:[o1O11OO1O1O2N1O0100O2N01O001O10O01O010O01O00000010O00000000000001O0000000O100O10001O0O100O1000000001O01O0000000O11O000O10O10000000000O100O1M300N2O2N1000000001O00000O10O1O100O2N2N1O100000000O1000O0L5O0010H]ORQNc0jn1<0YOUQN8kn1?0OO10M31O00010OL04O10000OLVQNSOjn1o02_OUQNG0Mon1;a0N101H^PNOko1Nhc`o1
20130310063154Uh_2,jf`m26ho16K3N1O0GAPQNa0nn1CnPN?Qo1801O[OoPN;Ro1:O02O001O01010OO0mPNYOnn1n0NQOSQNk00ROQo1P1N2N2N6J1\QNeNdn1]1NO115K1N2M3N004OMROQQNh0Wo1L200O24J01O1XOhPNe0[o1N1O1000001O8IM33L0O01O0010O001O0010KI`PN7_o1JaPN8[o1IfPN6Zo1KePN6Yo191N101BbPN8_o1FdPN8do1N000O10000O3NSP60moI1N2O1O001N10010O101N2O006J6I001O0100O1O4YOmPN8ao1M1MoTok0
20130310063154Uh_3,fbPU14ko12OO]P4LgoK3N000Wm3OhRL2O000O1JN^PN3bo15000O100000O10O2O00000OPQNI[n15h001N1000001O01O1N101O10000000000000O2M2NQP6OmoI7N1O1N101N1000000O100000O10000O11N001O100001O1O2N1N101N110O10O100O001O1O2O02OO1N4I5N100001N1L402N1O01cPNCTo1e00O1O00010O001O1O000000001O1O0000^UNCbe1=\ZNGbe19\ZNHde1<WZNEje1;SXN@[O6ch1:oWND[O3hh19jWNE^O2jh19eWNG@0mh1:^WNITNBW1<Xi1;WWNJXNCW18[i1P1[UNlNh0<ZO@X18]i1[1mUNQO\OHn0Lji1\1[UN\N4Z16cNM<_j1h1YUNDOkN1@hj1n3VUNcL2^Ojj1f4VUNYKmj1e49N1N3N6eK]TNm3nk1K7fMQTNdNLW1\l1JmSNnNGK1l00RObl16`SNa0<]OKa0Qo1D[\ia2
20130310063154Uh_4,gSWS11no1100O2O0O1O2O000O10O2O0O10000O10O100O1O10O10000O10O10000O1O01000O1O100O2M200N2L5O00003L1100[OkPN=^o1N01O0O2N100000O1O1O2IaPNJ`o166N101Mellh2
20130315063154Uh_1,j`la15jo12O0O2O0O1O2N1O02O0O100O100001O10O01O001O000000100O10O11N20O0O11O01OO1O01O010O01001N010O10O100O000010C`PN8eo100O3N1OO2N10000O00100O01O1N2LY^mY2
20130315063154Uh_2,Q_fl22lo13O1N2N2O1N2O001O0O2O0100O0001O001O01O01O001O010O0010O0010O0010O010O00010O1O010O0010O001O001O00100O010O1O010O1O1O1O100O1O1O2N2N101O1N100O2O4M0O0O0100O1O00001O010O1O010O10O10O10O10001O001O01O1kNWQNQ1ln11O0001OO11O002N00000000001N1001O010001OO2O0100O00O100O2N018G5`QNfNPn1f10N101N1O1O100O2`NgQNU1dn1N4N012L5L2N2M2N1N3M4K3M7IT\mi0
20130315063154Uh_3,mf^e16io13N2N2O010O000N20O7G]PNOeo17K3M3N1N001O0000001O2N102M10000O20O001O2N1O0O2N100O100O1003M0O012L2N12N1N20O00O101N2O4L1O1OO10O10O100O1O100O1O1O1O1O2O0O1O101O001O01N20OO1O101O3M12M01O02OO1M4L4IlTiT2
20130315063154Uh_4,k^Vm21oo10O01001000O00000000010OQP60ooI0RP60QP80noA0aPN0mn30SQN0mN0aP40PPL000QP2000ooM0QP20PP60ooG000lPN0Xn10oP:020loE000RP:0ooI0WQ20hnI0So91jPF20000100N20O011OO1O00000001oPNOQn10oQN0Qn10o01QQNOnm12RRNNmm13SRNMmm10TQN2n0OPn1ORRN1lm10TRN0km12URNMkm14TRNLnm12RRNNmm12TRNOkm11URN0jm1OXRNOim10WRN7bm1JfRN5Sm1JRSN5kl1Kf10iQN0[l10eSN0\l10bSN0_l10`SN1`l1O_SN1bl1O^SN1Xn10\NOkQN3U1NSm10iQNOR14\m1NbRN2`m1LaRN3_m10]RN0hm10TRN0nm10PRN1Qn1OlQN2Un1NiQN3Xn1LfQN5\n1KaQN5cn1KXQN6kn1IRQN9on1KjPN8Zo115O0010aPNGTo1:jPNG5Ndn1;WQN4in1KVQN7kn1?VQNoNdn1W100O01N102N4L3M2O2N3L2O01000O0O1O2N1N2N204L000O2N1N0NaZgg0
20130315063154Uh_5,ej\k12lo1OUPN2io14N110O001O10000O000001O0102M10000O1O1000O1O1O002N1O0010000O100O1000O101O00000O0100O00100O01O00010O01O01O00000000001O001O000O1O2O1O001O001O1O001O00001O0O100O010OJhPNFXo197N12J6D^OYQNc0en1@YQN`0gn1ETQN<kn1;11O1O1CnNaQN30U1Vn1?O2O0O01O1O001N2N3M2O1N101O1OO11N1J6N3O01OKWQNVOin1g09M3N4L3N0O3N3M2O1O2N101O2LVW]l1
20130315063154Uh_6,[ZTm13jo13J6N20O10001O4K2O2MPQ:0PoE2N2N1N3K5M3M3N2N2O1O1O1O1O1O001O0O2O001O0O2O1O1O1O1O010O0000010O000000000000O1000O2O00001O000010O0001O01O010O02N01O0O2O1N2O2N1O1O10O0010O01O01O001O01O010O001O010O10O1000O100000000O10O10O100O101O5K01O01O1O1O1N2O1lQNbNbm1b1WRNcNhm1k1O010O01O1O1O1O3L2O2M2N1O2N2O1O001O00100O00100O100O1001O001O1O1O1O000O10O01O1O1O2N101O000001O0O2N102M4L4L2N2N1O1O1O1O1O1O2O02M01JSQNXOmn1f0UQNXOmn1f0701O2N10001N1012M1O1O00000O100kQNZOol1e0jRNCUm1>oQNYOh0:Ym1`0eRNBZm1?dRNB[m1`0\RNIcm1:XRNIfm1[1M2O6I3N0O2O000001O001O001N2N1O2M3O011O00001N100O1O1O001N20SRNSNfm1l1YRNWNem1j1ZRNWNfm1i1YRNXNgm1Q210O5K1O1N8cRNYMSm1k2O0002M6L1N]SNgM_k1X2WTNTNhk1k1UTNXNlk1g1QTN\Nok1d1oSN^NPl1c1nSN^NSl1c1jSN^NWl1f21N3N0O2N001O00001O001O1O4L1O2N1O1O1O001O0TNYSN?gl1@]SN<el1B^SNVOGg0ml1WOPSNa0m04_l1JcSN2`l1NbSNN`l10dSNL_l1J]RNJX18^l1LQ2Mi^_`1
20130315063154Uh_7,Q]mT31mo15L3M2O1N2N2O0oPNB`n1?XQNDJ0ln1<UQN1in1NXQN3gn1MYQN5en1J\QN7bn1J^QN7`n1J`QN7^n1JbQN7]n1JaQN7_n1b0`QNfN_n1Y141O1HfNiQNZ1Xn1gNfQNY1Zn16]RN_Njl1_1YSN`Nil11cRNOL7N>[o1L4M3M2M1O1O100O2N\blh0
20130315063154Uh_8,XYji13lo15L2N1O2M2M4L5L2N0100O01000000000001O2N2O0O001O1O0O2O0000010O0100O1000000000O010O001O10O01O1000O101O000O0IUQNZOkn1b0XQN^Oin1;]QNFbn18`QNHan17^QNJbn16^QNJbn16^QNJcn16\QNJen19VQNIin18VQNJin17TQNMjn1j0J10O1N2N2N101NYQNPOan1Q1[QNPOgn1R12L4N3M2O3YOkPN>]o1O1O1K_PNIbo15`PNJ`o15aPNK`o13aPNM_o13aPNM`o11aPNOgo101000000O10O1000000010O000001O00000O1]QNOWm11jRNNVm12\10\QNM[m13eRNM[m13eRNM\m11Z101O[QN0Zm10[10000010O0\QN0Xm10]Q20[QL0en10cN0hRN2Vm1NlRN0bn10cN0jRN1an11eNNhRN1Zm1OdRN0^m11aRNOam11]RNOem10ZRN0gm10XRN0im10S10QP20SQL0hm10YRN0mN0lo10TPN0hn10ZRN0ln10mN0VRN1im1OXRN0ln10mN0WRN0hm10XRN0hm10YRN0kn10lN0YRN0gm30YRL0gm10YRN0gm10YRN0fm10V1000UQN0em10V10O010UQN0em10[RN0dm10]RN0cm10]RN0jn10hN0bRN2Ym1N]1010O0000000PP200000RP40noI011OO10O0QP40ooK0PP2000PPN0PP20PPN00000SP60moI000000000O010O00000QP40PPL0O11O10O010O0111000OO00O0VP:0joE0RP60PPN0lP60]PN0^nG0ZPN0O0gn10RRN0Yn10mPN0f00D0Wo10H0TQN50K_n10]QN0=0^n10eQN0Xo35noMKmoi00noa20XPlL1P_a`1
20130328063154Uh_1,S\bn01no13M2N1O1O101O00N[PNIeo19O010N20003M001N101O00N11000000O1000001O001O2N0O10000O2O00O0100O1OO0200ONnPNXORo1h0210O10O100O1O0010OO2O1O0100O00100O010000O101O00000O1000000001O0001O00000001O00000O1000010O000O1000O100001O00000000001O00000010OO101O1O001N10001N2O001O1N3N1O001O1O001O00001O0010O00100O100O10001N100O2N102M2N2N2N2O0O0001O010O000N3N2N1O1M4N2N1O2M201N2O0O2N2Nhcaf2
20130328063154Uh_2,VYUe13ko13lPN1Sn13iQN3Rn12iQN0Tn1P1M2ZOmNZRNY1dm1c0M3N3N1OO12OO1N201gN^RNmN2l0am11kRNKXm13RSNXOYOKO5hm1g0Z101N100N3L4M3L2O2M4O0O2MdgjX2
20130328063154Uh_3,keTe04ho17E<I5M4WQNROXn1S1dQNoNZn1U1cQNmNZn1^1L4L3N2O000O10000O20O01N10000000O1DWRN]Nom1Z1oQNhNYn1R1dQNPOcn1n09N1001OO1JSQNXOon1f07O0O0O2O0101O0000O1M3O1001J@jPNb0Uo14O100O1O1O1O11O1O1O000O00010O1O10001O0010O001N101J50001O1O0000000000O1O1O1O100O1O101N101O1O1O1O1O001OO1O20O00001O1O001O0010O10ON^OgPNc0Xo121O1O1O10000001O000010N101O0O2M3N3Leo=J_PB6M3M3M2O2M2N2O1N1O1O1O1O1O00001O000010O01O01O00100O1O1O1O1O1O00100O1O1O1O100O100O100O100O101N1O101N1O1O100O10O10000001O000001O001O010O100O0O2N2O0O2O0O2O010O001O00001O10O01O01O01O01O0010O01O1O010O001O1O100O00010O010O1000O1O10O0100O100O10O010O001O1O1O1N2O9GY^Uj2
20130328063154Uh_4,jb`i01mo10N3lo3MWPL0000000no30RPL000O1001O00PP20dP<0\oA0Sog00_QB0_oE0boc00`P\O5Zo;KgPB0oo10D0fPN0fo10O0^O0`00PP20PPN000O100001O000000000010nPN0Sn10n00PQN0Qn11nQNOSn10mQN1Sn1OmQN1Rn10mQN0Tn10kQN0Vn10iQN1Wn1OhQN1Yn1OfQN1[n1OdQN2\n1MdQN3]n1McQN2^n1NaQN2`n1N_QN1cn1O\QN0fn10YQN0hn10d000000000000000010O0]PN0Vo10=1[PNOZo10ePN0Xo10bPN051Xo10cPNO50Yo12aPNN51Zo11aPNN51Zo13gPNLZo14fPNLZo14fPNLZo14fPNLZo15ePNLYo15gPNKXo16hPNJXo16iPNIWo17iPNJVo16kPNIUo17kPNJTo17lPNHTo18mPNHRo19nPNGRo18nPNIQo16QQNIon16SQNJln16TQNKkn14WQNKin15WQNLin12YQNMgn13YQNNfn13ZQNLgn13YQNMgn13ZQNMen13[QNMen13[QNMen13\QNMdn12e01gPNMcn13e0001hPNLcn13e0010O0010O01000O10O010O1dPNLkn14a000OcPNMnn12a00aPNNnn12`01bPNMnn13RQNMmn14SQNLmn13`0001dPNLjn14WQNLin14WQNLhn14b010O10O010fPNLgn13YQNMhn13WQNNin12VQNOin12VQNNkn12SQNOnn11QQN0nn19iPNGXo1`00010O1O010O100O2O000003L2O3L100O12M2N3M1O1N100O2O0O1RQNVOfn1j0YQNXOfn1i0YQN[Ocn1f0]QN[Oan1e0_QN]O`n1c0^QN_Oan1Q1026H0000O0100O1O100O001O1O0101O00O001O00002N2N2O1N2[OkPN;Vo1DkPN;Vo1DkPN<Wo1@jPN`0\o1O0000000001O0N2010O0010O01O10O0001O10O0001O000010O0001O00001O01O01O01O1O01O010O010O0001O00010O00010O01O010O0100O1O1O010O0010O01O10O10O010001O1O01O1N1O1O1O2N1O1O1O03XOnPN4L0bo1JaPN5fo110O01N10O010O001O1O1O1NmZY`2
20130521063134Lh_1,m^gV13lo11N3L3]PNH^o1>O0000001iPNBkn1>oPNHPo1d010O1O13L2O0O2N1000O02O1N2O0O0010O01O00001O001O001O1O100O1O01O1N2O01O1O01O0O2O10ONAcPN?]o1AcPN`0]o11N2O1O101N100O101O000O10^OmPN8So1DQQN;Po1ATQN?Vo101O10O0001O0000O10000000N`PND`o1<20O2O1O1O1O1O0O2N1O1O2O0O1O1000O1ZOkPNa0Uo1\OPQNb0Xo1N100O101N010000O100M3O10000000001O000000000000O100O01000O10000O10001O001O001O00001N101N1O101N2O0O101N100O2O0OQ`b_2
20130521063134Lh_2,eYY]22no100000O2O001N2O001O01O01O000000000O100000000O10O01000O001O010O0010O001O0100OO2O1O100O010000O100O100000000O1000000001O000000000O2O0000001O0000O01000000O100O0100O1O100000O10O100O100O2O1N100O2O0O1Omfb\1
20130521063134Lh_3,hjdg22mo12M3O1N2O001O1O2N1O1N2O2M1O1N2O0O101O10N1N3O2O010O010O01000O103M1N10001N10001O0000O1O2O1N2N001O1O1O01O011N1O3M7BZPN3Po?M[Q@OTo12jPN2So10kPN1To11kPN0To10lPN0So1`0O00O0101O2O0O0120N1N2M31N000010O2M100OhPNAon1`0nPNCRo1<mPNESo1d0YRNWOXl1j0eSNZOkNKXm1j0kSNCVl1<YSNYOF=Pm19XSN^OE:Tm18USNBC8Wm18SSN;nl1FoRN:Rm1ROaRNe029_m1QO_RNm1cm162mM[RNj1fm1VNZRNj1gm1UNZRNLOj1hm1YNZRNMOi1hm1YN^RNe1em1XN\RNg1om1O1M3N2N2O2N1O1O1O100O010O2N1O1I701O5K1O00001O1O0[OhPNb0Xo1^OiPNa0Xo1_OhPN`0Xo1@hPN`0Wo1ChPN<Xo17O0000@jPN6Vo1JkPN5Uo1KjPN5Wo1KiPN5Wo192O0O101N101O1N2O0O2O1N3IYPNOXScn0
20130521063134Lh_4,fY_f14ko13M2FHdPN10:Zo19O000O10001O01O2N3M1O10O01OO10000O10000O100000000000O100O100O1O1O001O01N1010O10O10O1O1N2O1L4O1NifXV2
20130521063134Lh_5,Tjf[21oo14K10O110O000000000O10000000000000O1O1O2N100O1O2N1O101O000<E0O0000001O00fUoa1
20130521063134Lh_6,leh\24lo1001O0O101KJ]PN7do12N2O10O100N2000O1000O100001O000O1O1000000O1O1O001O2O000O1O001O1O1O000100O011O0O1O1O1KcPNF^o186O1O1O2N2O0O2NhZc_1
20130521063134Lh_7,^kfg22mo12O1O001N101N00OLL^PN4eo123M1N2O1N11O10N20WPZ10joeN2O0000N0101O00O01O5TPNJeo19O001O0IEhPN<Yo144M3M1K[PNLgo12[T_T1
20130521063134Lh_8,\Zol23io14O2N3N3L2N1O1O5jPN[Oen1k0YQNUOdn1n0]QNPOan10[QNo00QOin1R103O102M10_O\QNXO43Tn10QRNe0\n1]OcQNb0]n1_ObQN`0]n1CcQN:_n1H_QN7cn1I[QN5in1?2[OQQN3Uo1KnPN2To1MmPN2To1MmPN2To1NmPN0Ro12=00O10010O0000100O1000000000000001O0O11N4L[gho0
20130526063134Lh_1,biXW13lo16J2N2N2N2O0OIdPNL\o14dPNL\o14cPNM]o13cPNM]o1;000DdPN4\o1LePN3[o1KgPN6Xo1IiPN8Wo1FjPN:^o11O1O1O001O001O001O10O0010O02A`PN;do1O0O1O0010O01O001O000010O0001O01O01O000000000000000000000000O1000O1000O1000000O10000000O11O001O0O2O1O1O000000001O10OVQNCQn1>nQNEPn1:oQNHQn17nQNKQn16nQNKRn14nQNMQn14oQNLQn13oQNNPn14oQNLPn15PRNKPn15oQNKQn16dQN_O3<Yn1<fQND[n1<eQNDZn1<fQND[n1;fQNE[n18fQNIYn17gQNKXn14iQNLWn12jQNNVn10mQNOSn10nQN1Qn1MQRN3om1KTRN4lm1HXRN8hm1FZRN;fm1B\RN>dn1O001O1O001O001O0000001O000000000000000O1000O10O10000000O010O10O010000O010O01000O010O010O0100O010O01O001O010O010O010O010O00010O01O01O010O01O10O010O01O001O0010O0010O0001O010O1O010N10010O00O1O10010O01O001O1O1O1000G`PN1ao1NaPN1`o1MbPN1go10bUcZ2
20130526063134Lh_2,gWoR14jo15K3N2SQNGQn1:_QNG13]n1V1bQNgN0Mfm1T2L4L1O2N1O1fRNdMnl1^2QSNfMkl1\2TSNeMjl1]2USNcMjl1_2TSNcMhl1l2O6J2O0O@aSNaM_l1_2aSNbM^l1d1iSNPNJi0\l1V1mSNmMJ3Nb0[l1]1]TNbNbk1^1_TNaNbk1\1aTNdN_k1V1hTNhNYk1V1iTNjNVk1U1lTNkNTk1S1PUNjNQk1U1PUNkNPk1CeSNZ1\1TOUk1k0kTNVOVk1g0lTNYOTk13dSNDY1:Tk1MbUN3]j1LdUN4]j1IfUN6Zj1HkUN6Uj1GnUN8Sj1DQVN;kl1O1O01O1O2N11N11O000O10OcPNCWo1d0O10O100O100O010O2N1O00001O100O1N101O001N100000010F\PN7co1I^PN6fo11O00001O000N2O100001O002N000001O1O001O00000000000O01000O1000000O2O0000001O0000000O2O0O100O2O001N110O0102M2N2N10O01O001O1O001O000O1000000O1000O100O100O1O1O1N1L5O1N2O001N2O1O01O100O1O01N110O1O10N1O2O100O1O2O1N2O1NO1SOEURN=jm1ETRN;mm1EQRN=om1BRRNMA8^n1HURNO]O8_n1IURNN\O8an1HTRN<hn1MLFiPN;Vo1701O0001O1O10000O1000001N2N1O2O0000000O10O1`NFZSN:dl1H\SN8cl1J]SN5al1L`SN4_l1MaSN3mk1IRSN4Q13lk1KQSN3T12ik1MRSN0V13gk1ORSNNX12ek12RSNLY12ek11SSNLZ11ck13TSNL[1Oak14USNL\1O_k14VSNL]1N]k17WSNJfn16[QNIen17c0IVhV^2
20130526063134Lh_3,fW_i12mo13L3N2N1O1O10OIFhPN:Yo1HdPN9]o15O00101N1O1N2O010O1ODkPN0So1OPQN0on10RQNOon10RQNIL1Qo16ZQNJen16\QNIen16b0O2O01O01000O001O0100O1000000O3K^ijS2
20130526063134Lh_4,dPmQ15ho16M000O1M3O1O1O0M4N2O010O01O0001H[OTQNe0mn1\OPQNe0Qo141O1O1O1O100OM[OlPNe0To121J6N3O001O0N20M4ECSQN<nn1DmPNN0?Ro1DnPN?Ro1AoPN=Ro1EmPN;Ro1901O010O1000O1OO010O1000O10O0000IQQN@Po1`0QQN]OPo1c06001O10O01O1M3O1N200O10O100O1001O00000O10000O1O1O100O0100O100O101O0O101N102M2N100O10O010O10O100O01000O1000OBhPN6Xo1IiPN6Xo1HjPN8Vo1FlPN:]o100O10000O01000O1O0100O0010O01O10O10O10000O10O2O1N1MWRUe2
20130526063134Lh_5,ob`_17ho13M4M3_PNCYo1c0O100O1O102OO002M02jPNWOO321en1T12M2N1GTQN\OPo1`0QQN[OO1Qo1b0SQN^OPo1?QQNARo1<oPNBSo11gPN8co1G^PN8co113N1O1N2O10;NF0O1010OUPNNbo10aPN2MNbo10aPN2LO4O_o16_PNL`o15_PNKbo19000001O00001O002N001O00000001O0O101O0000000000000010O0010O0001O0O1000000000000001O1O1O0O10000000000O1O010O010O010O1O010O00010O10O100000000O101O0O1000000000O1000000O100O2O00O10O10000000O0O1100O1O1O1Jo[iW2
20130526063134Lh_6,PkfP26io13O1N000O0N21M23M1M21OXSNHbi1NiSN9d2Jci1`0ZVNA]i1k0`VNWO_i1k0^VNWOdi1j0WVNWOmi1g0PVNZOQj1h0kUNWOXj1j0eUNVO^j1k0]UNWOdj1S1jSNbNi0<`k1Q1cSNhNf0>kk1a0bSNRO:f0Tl16aSNWOKG0U1hl1IYSNn0nl1YORSN:Pm1[12TNRSNj0Tm1dNQSN[1Um1ZNPSNd1Qm1XNTSNe1Sn1_O3H8VOQQN:]o101O2N\Rml1
20130526063134Lh_7,k^YP341Mio16O001]PNJZo1?O0O1O1jPN^Omn1d0QQN]Onn1d0PQN^Oon1d0oPN]OQo1i0O10O100O1O103L101M20000000001N2N2N011N1K`PNIao16`PNJ_o175O010O10O100O100O1O001GHgPN:Xo17N2O2O10000O1000000001O4L5K3M2N001O1N101N1O1O1O2O1NZaVk0
20130526063134Lh_8,h_eh21no12O001O001N11O0000kPNN\n13bQNN^n12aQNO_n12`QNN`n13^QNMcn16YQNJhn17VQNJjn17SQNKmn16PQNLQo1a0001O1O1O1O010O010O100O1O2]OePN>_o1N11O100O0001O00000O100N2O1O2M3M4N0Oc_VT1
20130526063134Lh_9,]_og2131fo15O100O10O010O010O10O010cPNIPo18PQNHmn1;TQNEkn1:VQNFin1;RQNEM0Po1;YQNEgn1;SQNEM0Po1;SQNEM1on1:TQNEM1on1:TQNEN1mn1:UQNEN1mn1:UQNEO170Tn1:fQNE023OYn10`QN34L30N1bn10WQNO6042H0ln1NfQN6\n1JeQN3gn1MbP20PPN000hPN0_n10`QN0an30_QL1Xo1O01XOO`QN0an10^QN1bn1O]QN1en1OhPN1>0kn12SQNOon1ORQN0on1ORQN0on10QQ20onM0PQN0`o1000O2O0N7J2N1N3M2M_OgPNa0[o1@dPN=\o141^OcPN?`o1O1O001O001O1O5K1O0000000000001O1O00O0101NYni20hQVM0SPN1bo10aPN6\o1KbPN6^o1H`PN108co120E]PN9do1L]PNMlo1O00WPNOco11\PN1co10[PNOOOgo14ZPNLfo12\PNNeo10\PN0jn50oQJ0Rn10m10QO1oo1O01QPNO1000oo30PPL00100O0L0YPN1fo10ZPN0fo15O01IYPN4^o1LiPN1J1]o1OiPN0J1]o1NjPN5Wo1KiPN3Xo1MiPN2Xo1NhPN1Xo1OiPN1Vo1OjPN2nn11hPNO;Okn10mPN0:1fn10aQN0_n1NcQN2Vo100O100O100000000000XO1_QNObn15YQNKhn12iPN0<NSo11kPNOVo10>0:0bo50RPJ0XaZk0
20130526063134Lh_10,VbRb02mo19C5M4L3O1O101N1O2O001O001O000010O01O001O001O1O001N10oNWQNl0hn1SOYQNn0fn1RO[QNm0en1RO\QNo0cn1QO]QNP1cn1oN]QNU1en15L1N0002O1N2N2N1O001O1O001O100O001O100O1O100O0010O001O100O10O100O1O0000000000O11000101N1WOjPNe04\Oln1d0SQN]OOMjn1f0WQNBin1JYQN9ONhn1GZQN;M0Po10PQN0Po10PQN2nn1MRQN5mn1KRQN6mn1LQQN6nn1CRQNe0nn1XOUQNh0jn1XOVQNi0Po1001N2O001O1N2O1O1O001O0001O1mNVQNo0mn10001O01O0000001O001O00010O000010O011N1O1O10O01O0O10001O001O1O1O1O10O01]OjPN:_o101N2N000010O000000001O000010O0001O00001O0000001O000000001O00000010O00010O000001O000000000O10000O2O0000001O00001O00001N101O001N2O3M1O1O001O0O10000000O10O100000000O1000000O1000O100O001N2ITQNXOnn1h0500O010O100O10000O10O0100L4O100O1O100O100001O001OO10000O100000000O1000000000000O100O2O00000010O1O0010O000000010O0000000000O101O001O001O10O01O1O1O001N10001O001O00001O00100O100O1O010O1O10O01O000001O1O1O1O00100O001O010O00010O000000O101O0000000000O2O000O2O0O1N2O2O0O10000O10000O101O000O10000O100000001N2JR[ke2
20130530133654Bh_1,[jjY13mo13L8I2N1O1cPNAVo1a0iPN_OWo1e001N4mPNUOkn1S1M2N1O1`QNkNSn1W1hQNmNWn1_1O10O0gNjQNh0Wn1VOjQNFNP1Yn1UOlQNLLo0Xn1QOnQN1Jo0cn1RO[QNP1dn170O2O0O100N2OO10O1O2O1N4L4M4L1O1N1000O2M20100000001N101N2O0O1O1XQNQO]n1^1L2N1N1000O3dNcQNP1jn1M1OMoNWQNP1hn1QOXQNn0nn102N003N2N00O10O2N000O001O01O00000O2M2O101O0000O101O1O2O1N1O1N100O11N2O1O3M1O1O1O0001O010O00001O001O0O1N3N10001O001O000N2O101O0O101O0001O001O1O10O001O000O2O001O01O010O001O10O01O010O000000010O010O010O01O0100O2N1O100O1O2N3N001N100O001O1O1O001O0001O010O01O010O10O0100O010O00103L001O0O010O100010O1O1O1M3M3A?N3K7KbQ]X2
20130530133654Bh_2,kWiR1;do13N4mPNDBM14Zn1`0jQN4Sn1P1O0DZN[RNg1_m1\NaRNf1\m1YNhRNf1Um1ZNoRNd1Pm1\N^SNY1al1cNbSN`0SO_OOe0]n1KmQN7nm1GURN:hm1E[RN8_OZOVn1=]RN7fm1H\RN6em1H_RN7`m1DhRN<_n1M3N10O0001O0N201OO1O1O100O01000O02O000000O1000O10O10O0010O010O010O0101N01O01O10O10O010O01O1O100O000001O0O1002N3M0100O00001M201O1000O2O0O1O100OO21N2N2O2N0OO1M3N3L4N1O3M3NSdff2
20130530133654Bh_3,ZdTR17fo15_PNFSo1i0K8J6J5K10fN_QNS1on1IQQNPOSo1i04O3M8G2O001O0001O010O001O1O0010O0101N2N3L100O1N2L301O00010O01O1O01O001O001O000O10O100O01O01N2L4N2FhPNI[o15:L4MmP81RoG4N1N1010O0100O1O1O1O0010O1000O100N2O011N101N1O001O01^OiPN9Wo1FmPN7So1JmPN5Uo1ImPN6_o1N3MfXeg2
20130530133654Bh_4,[boY13ko13N101N101N1O4L3N1O1M2O2N101N101O001O101N5L000O01O2N10O01O000O1O100O2O00001O000000000000000000000O10N2O1L4N20001OO2O00O02O1O2N1N4M00000000O01O01LXOoPNh0hn1=J5O20O00JeNhQN[1Wn17020O0OO101J60ZNlQN`1Tn1_NoQN`1Yn1O1N100O1O2N101N1M2100O0100N2O1O1O0O2O001O1O1O1O0O1001O010O0N1100010O00100O10O000O1O1O2O001O10000O2WOkPNe0Xo1000O1NZOjPNe0Wo120000000O2O0O10O010O1000O100O1000OO2O1N1O201N101O1O0O2O002M10001N2NX_nZ2
20130530133654Bh_5,coPi23ko16L1O2O1O1N1O1MAcPNa0]o11O0O1N11O0100O10IgPNFXo1;iPNBYo1?fPN@Zo1c00001N101N101O00OO1101O1O10O01O0001N1O10100O100O000O11O001O1O1O1O101N2O1N1O2N100O1O10O0N3000O100O2O01OO10000000O1000O1000O10O1O01O10O100O010O0100O10O010ON3O2N100O100O1O10001O0O100O100O10O1000O0100O0010O01O1O001O0K6O0O100N3N2N101N102N2N^R[n0
20130530133654Bh_6,VdRQ32io16O001O0001O0000000000001O0000000000O2O00001O2O0O01O001O1O000100O2N2N100O00010O02O0O001O101N101O01N1O101M1N3OO2O1N2E]PN04OkZYk0
20130530133654Bh_7,kclV23lo12O1N2N101N101O2M2O1O101iPN@jn1a0SQNBmn1?QQNAon1g0GXOZQNi0bn1TO]QNU1cn14O1000O2N100O11O0001O0O0100O10O1N2O2O0O1O1O1L4O2O0010O0001N101N2O2N1O1O010O001O100O12OO00O100O1O7J0001\OiPN;`o100N4K4L`[_d1
20130530133654Bh_8,Red`28ho11O1N2N2O0LCcPN?\o120O101O10000000HAoPN?ln1>N100O01O10O10001N1O2O0O1M4ODYQN@fn1?_QN^Oan1>bQNC]n1<eQNC[n1<fQNEYn1;iQNDVn1<kQNCUn1=mQNASn1?oQN_ORn1?h001O2N1O1N10001N10100O001O00100O2N01OO2O2M\[a[1
20130530133654Bh_9,XZmg12no12O3YRNOXk12fTN1Xk10fTN3Wk1NhTN5Uk1KkTN:Qk1EPUNa0jj1^OUUNi0ej1ZOWUNh1hi1XNWVNm1ci1RN_VNQ2^i1nMbVNT2^i1mM_VNR2ei1PNUVNo1Qj1RNkUNk1Zj1VNdUNQ1Wk1ROdTNf0gk1FTSNf0il1^N_SN`2bl1eM]SNU2hl1kMYSNn1nl1QNSSNj1Qm1UNSSNOF44a0Zm1YOog`V2
20130530133654Bh_10,RWk\12ko16HL^PN4ao150G_PN5ao1OcPNI^o1751O3N1N0011O00O011N101O1O6J10O0O1O2N1O1O100O1001N20O00005K3M1N2M3Mogd`2
20130530133654Bh_11,d]P_16jo12M2O0010O00O1002O0O10O010O010O00001N2O1M2O2N2N2B_O[QNb0dn1@XQNc0OXOcn17[QNi0bn1=N1O2N1O2cQN]NXn1g1O1N10000000O2N2O1O010O1O1O001N101O1O0010O01O0000100O1O1_O_QNAbn1=_QNCcn14YQNF46dn10fQN0[n1NeQNKB2jn12dQNKD2kn10bQNLF2in12jQNLXn11`QNNB20Nbo16^PNJbo17]PNJbo16^PNJbo16]PNKdo13^PNMao12`PNNao11_PNNao13N0`PN0^o1;dPNBSo1?jPNETo1=kPNDTo1d0010O01PQN[Odn1Q101N2O1O1O01O1N100O10O02N3M2O1N100000O11O0O1O2N1O2N1O1O3M1OePN]OZo1e0O01O00001O000MePNA[o1?ePNA[o1?ePNA\o1>dPNB\o1b0N10000010O2N0KdPNF\o19fPNFZo1:fPNFZo1a01N2N1O1O0O2O001O010OO1NI`PN2_o10`PN0`o19O00010OO3M3N3M1O00O2K3010O20O010000J[PN1`o11cPNJ^o1842H70EcPN5[o1KgPN4Xo1LjPN5So1KnPN9nn1FRQN;ln1GSQN9mn1IQQN7on1=O10FUQN@jn1`0UQNBkn1<VQNEin1<UQNEln1i00OO2O8H1O1O6KN2O0O001O00O2O001O1N2O2M2N2M3N101N101O0O101O000001N101O01QRNPNmm1R20O100O1O10O01O01O001O1O0O10000000O100O1O1N1O2O001N2M3O100O1000000O100O2O0O100O100001N101O0O100000000000000001O001_NdQN\1`n1fNcQNQ1^n1mNeQNQ1fn100O01O1O1O0001O00001N101N3TO[QN8Zo1M1N100O3Lf^Sn1
20130530133654Bh_12,PZ_h2326_o17H8I6NWOVQN?hn1B[QNOon14QQNInn1`045M20O]HH]_N:b`1IZ_N9e`1JW_N8j`1HR_N:Pa1Gl^N:Wa1Fd^N:ea1@[XNE\5i0^b1_OlWN5b5=hb1AdWNMa5c0ob1YOdWN40FQ5o0^c12_\N0bc10_WNQOc4o0Wd1PO^WN7E1^4j0Se1GbZN>jd1gNdWNh0ECZ3n0^e1fNcWN>AH49W3m0ae1gN^WN:Ff0V3a0ie1nNRWNg0Q3c0Pf1DUZNa0ce1A^ZNb0_e1]O`ZNg0_e1YO]ZNk0fe1SOTZNl0Tf1TOhYNj0[f1[O^YNd0kf1^NeVN3V2V1hg1XN]VNh0\1S1Vi1jNiVNT1di1cNgTN@V1n1Wj1POcUNm0ej1ROWUNi0Tk1TOgTNm0`k1POZTNm0Pl1[O]SNh0kl1d0ZSNdMll1S2g0I`0@3O7G8\Of0J\iVT1
20130530133654Bh_13,^Ygh22ko100OfPb00\o]O0cPd00WmA0aTJ0cM002[JNT[N0mJ3Wj1NcZN0le11QVNOSO5b3Keg13aUNM\O2V3MZi10dR40SRJ1hNO[n10eRN0nN0fQ21Tm7OciRT1
20130530133654Bh_14,kYda11no12N100O2O004L4KD`PN;_o1DdPN;ao100O01O10O1O100O2OO000001O00O10001O4L0O011O0O100O01O001O1O1O010O100000001O00002N1O002N0O10N20JXPN5fo1LZPN4io10O2N2O001O0O2M2O101OO10000ON300001AbPN:^o1EdPN:ao101O001O0010O01000O100O00100O000001O01O000]PNEao1;_PNEao1=01O00000001N1000001N101O00000O2O000001O00001O1O100O001O01O001O000001O000O1000O01O100000O101O1O1O1O1O1O001O001N2NZecT2
20130530133654Bh_15,aWiY32mo13N100O1N2N100O0100O02OO100O1O10O1000001O001O001O001O1O1O1N2O2M2O1O2O00_OjPN7ao1N1003L00100O10O2N2B^PN:eo1J]PNLagXc0
20130530133654Bh_16,hfnT14mo10O00O10O01O010O01N1M3O0OO032N3LfP60WoI1YPNMko131M20QP20PPN000RP60noI0O10OB0mPN1ao10@OPQN1`o11N110O01N10O01O0000dPN3en1MQQN2L5Qo1IRQN5J3[o1:00O20O0101O010O0O_OkPN8So1InPN81Fdn13ZQN8OGgn12YQNa0gn1@YQN?gn1BXQN>hn1CWQN<jn1EVQN:kn1EVQN9kn1HUQN6mn1ISQN7mn1JRQN5Po1;3JlPN]OVo1`07O0O1O2NZRNCXN23ORm1:dTNFZN8Qm10USNH=2HNM2jl14TSNK;4HK11hl14TSNL::DE70gl16SSNK:<DC90el17RSNL;;CB=Odl17QSNM:=C@hm16ZRNN:>B^Oe00\l13USN082C2MIk01UOOZm13VSN0F7m0EVl13XSNMH;l0EVm1:kRNFUm19lRNHal1OgRN8j0Jol15_1O2O4K_PN2^o11VPNNbo15_PNL]o16dPNJ^o14cPNJRQ<0amE0^RN0hn30PPN10O01O101UOOeQN1]n1NbQN2^n1O`QN3`n1L`QN4`n1L`QN5^n1KdQN4To101OWOLgQN4Yn1LgQN3Zn1MfQN3Zn1MgQN2To11000O000005gPj0IcnWO0iPN0TP40koK000O010O0O100O1jPNN^n11h0OnPN0To1010O000O2O00001VOMfQN2[n1OcQN1^n1OaQN2_n1N_QN3an1M_QN3an1M^QN5an1K`QN5_n1JcQN5]n1KdQN5[n1KhQN2Xn1NiQN2Vn1NkQN1Un1OlQN0Tn10lQN0Ro11ROOkQN1Un1OlQN0Un10jQN0Vn10jQN1Ro10TOOiQN1Wn1OiQN2Vn1OiQN1Xn1NgQN3Yn1MeQN4\n1MbQN4_n1KaQN4`n1L`QN3bn1M]QN3cn1M]QN2en1NZQN2fn1NZQN2fn1NXQN3Zo110OAMSQN2]o101O10001O01000O10O001O000O01000001O0100O01000O10O010O01O001O011N100O100O00010@JUQN5]o1N1000\OMZQN2fn1N[QN2[o101N00VO0jP20ooM00000000000QP40ooK010O00010O010O010O010O00010O00000O010eP`09Qo_OL20ML_PN4eo10bQ[X2
20130603063154Uh_1,V^SP26jo12M2O1O100O10O04K2N3N7I3L5L3M2N1O1O2M4M1O2N1O2NcNmQNo0Qn1POTRNm0km1ROYRNk0hm1TO_RNf0`m1WOfRNg0Zm1XOiRNg0Vm1XOlRNi0Un10O100O2N10N10PQNVOkn1Q1OO3N1O2N33JGRQN_Onn1i02N1001OO101TOmPNh0Wo1ON2O1O01O01O0000O10O0100O1O1O1N2N2K5M3O002N1O1O010O1O100N4Mh_hj1
20130603063154Uh_2,Qfd^21mo13N2N2OO100002N0000001O10O02N010O100O1O01000O000100O00001O0O20O000O11O000000O1000000001O01O000010O00001O01O01O0010O00O2O1N2JWPN2]Y_]1
20130603063154Uh_3,cYm]24ko11O2N1C>hPN\OPo1f0PQN[Oon1j0RQNTOin1P1UQNPOO1en1Y12NO2N2aQNdNVn1d1N4K3O2N5I5VRNjMdm1[2NeN^RN:_m1FjRN3GmN[m1:kRN19EBo0Xm1[OPTNGiNi0Tm1ASTNIgNf0Um1@YTNFdNi0Qm1BbTN=]k1CdTN=Zk1APSNGi1e0Wk1DQSNFj1e0Tk1DSSNGj1e0Rk1DTUN<mj1@UUNa0Vm1O00eM\OYUNc0Tm1O1N1O10O01O100A`PN<`o1DaPN;bo11N2O0012M0001OO2O0O10MG_PN9ao1201O010002N000001O0O10O1L^PNJao17`PNH`o18`PNH_o1:301N5LYPNMao13_PNMbo12^PNNbo12]PNOco10^PN0co1N^PN1kcT]1
20130603063154Uh_4,Pe`Z14io15N2M1M400N011K6N2L211OO2O0000010021K8I110NO2M2N1O2O1L4M3M201O0O2N3L3L300LcZSc2
20130603063154Uh_5,]^ZP16io13M2N2N2O001O100O101N2O7H4M3M1N2N2O1N2N1O3N4K2M2O001O001ObNjQNR1Vn1nNjQNR1Vn1nNjQNR1Wn1<O0010O0101O1N2O1N2N\OSRNVOnm1e0XRNYOhm1d0ZRN\Ogm1a0\RN^Oem1?]RNBcm1<^RNEcm18^RNHdm14^RNNbm1O^RN5bm1G_RN<am1_OaRNd0^m1XOdRNk0Wn11N1O2M3O1M3N2M2N3N3N2M200O0010WNYRNW1Yn1N2M3N2O1O002N001O001O2O0HnPNA50`n1=\QNC42_n1:^QNB46]n17lQNHUn18kQNGXn19eQNF]n1;_QNGcn19YQNHkn16SQNKon13QQNLQo14mPNLTo1OkPN7Vo1GlPN7Uo1JjPN6Wo1IiPN5[o161O1O1O1O100O1O2N2N100O100O2N1O`R23ZmM4^O0oPN5on1g0C7_OlNPRNX1km1a0N3N3L2O0O2N2O1TOiMlSNY2Rl1jMkSNW2BbM]l1`0hSNU2Xl1j0OeNhSNnN[l1l0jSNSOXl1i0iSNWOXl1h0gSNYO\l1c0eSN^O\l1_O[SNO1B8P1]l1VOXSNI791E6R1Yl1WOiSNKa0k0dj1SOWUN7P1d0gi1WOZUN3Q1d0\i1BfUNGo0f0Xi1GlUN^On0k0Ti1HRXN9mg1HoTN]Ol2l0Th1NlWN3Th1JnWN7Qh1GPXN;og1DRXN>kg1@ZXN?dg1@_XN`0_g1_OdXNb0[g1[OhXNd0Yg1ZOiXNe0Wg1YOkXNg0Tg1XOoXNg0Pg1YORYNg0nf1XOSYNg0nf1XOSYNg0of1VORYNj0Pg1TOPYNk0Sk1O1AQQNMPo1OUQNNmn11UQNMnn1OSQN1mn1LWQN3CNQo1O\QN9cn1F]QN<an1E`QN:Uo1O1OSKHPZN9oe1GSZN8jj12O1OH]PN2co16UODRRN:om1GQRN=km1EVRN7jm1H^RN2am1N`RN1`m11`RNMam12^RNNdm12YRNOim10URN0nm1NQRN2Qn1NnQN2Sn1NiQN5Wn1LfQN5\n1KaQN6an1I_QN5cn1L\QN3dn1N[QN2fn1OXQN2jn1NRQN3Ro1KjPN7Xo1HhPN6^o11_ZSc2
20130606133454Bh_1,j]id06ho13N2M3N2M3O0bNBZSN>Wl15YSN7YOROWm1n0XSN9el1MoRN;ol1]1M2O1HSM[SNm2el143OI7MUNdSN:Zl1ASTN;gk1G_TN6]k1NgTNM[k12jTNjNIK`k1X1kTNjNTl1S1]1N0K7H800L131O01O1N1NO1O3N2N210O100O2O0O2N10O1001O001O1N2O00O100000O01O1O0O0111OO10O2O001N1001O0O1N2O10OK51O1O1O001O0000O11O1O000000O1O02O10O00O02M2O1O10O001O2O10O0100O1000000O2O10O01O01O1O000002L5Igg^S3
20130606133454Bh_2,__df02mo12O0O2N3L4^ODUQN1Ia0fn1J[QN>bn1c0K4L5N]OmQNZORn1`0VRN_Ojm1=[RNBhm18[RNHfm11`RN0hn12O00O1O1N1010O11OO3M100O02N1N0O2M2N__WW3
20130606133454Bh_3,c`]o26io14L3OO100O01DHlPN<hn1d0O1N2O1OJYQNSOfn1k08N4L3N20N2M2N3QRNVOfl1k0[SNXObl1h0^SNYO_l1i0aSNXO\l1i0eSNXOYl1h0hSNTOlN0Wm1f0TTNEhk19ZTNJ\k1<fTNEWk1:mSNRO8e0jk18dSNROO4c0a0kk13ZSNXOf055`0[O\OWl1e0]TN_O2>ZO@Wl12gSN1j0N3;VOAim14QSN:Ym1FlRN4Um1LPSNNPm13_10O101OO1O1NS_jm0
20130606133454Bh_4,gdX`23mo11O5UPNIdo1:O1O0010O000000O10O01O10010O1O0101N1O1L30001O0000010O0100O10O00000000O110O0001O0100O010O000100O0100O10O10O010O001O001O0001O10O01O100000O101N2O000O102N002N4MO12M11N2N2M2M3N1N2O1N2O3M2M`YiY1
20130606133454Bh_5,XcTg01ko16M2O2M2L5M2N3N2O1O4J4M49FO0000N10010100N11N2M2M2N5I6K4Lg[QW3
20130606133454Bh_6,V\WZ14jo14M2O1N10000001N10000000001O000O10O1O1O1O2O000O10000O1001OO11O000000001O01O01O2N3M1N1001O000000O10O2OO10000000000O1000O1JKaPN4]o10bPN0]o12bPNL`o14501O001OJM_PN3bo151O4L01K5O010O1O100000O0O2O1O1O10O0100O1O000000L4O100O0L5N11O1N200O2OO1M20N4O0L5000ON[PNJfo172Lmeb^2
20130606133454Bh_7,Zdd\34jo12N201O010O1O2N1O10O`PNFZo1d0L2OO04L1N3M3K4O2N10N[QNjNbn1W1]QNlNan1\1N1N2O010N1O2N1O2O001N100O2O1O0O100000O01000O11N10000O1001N1O1O1N3N1O1O1001O1O10O01O0PRNWNhm1Q20O1000001N3SNoQNf1Xn1M1OiQN^NQn1b1oQN]NRn1c1mQN^NSn1c1mQN]NSn1c1mQN\NWn1`1hQN`N]n1_14M0O2N4M7I000O0O1JPQN\OPo1d0PQN\OQo1h0101O2M6K3BdPN1`o1LdPN0go1O000OWXQ=
20130606133454Bh_8,iYQ]35fo1k0YO:Hf0ZO000010RN_RNZ1Xn1gN^QNk0nn1N0O100O2M3M3N2N1N4M3M2N1O1O10O0001OZdXa0
20130606133454Bh_9,dedV32lo13M3M3O10O4MO0100O010O100000O010O01000O100O2O00O100O2O1O001O01O010O00O2N`YQg0
20130606133454Bh_10,Q__U121Oko15O1N11N10000O2OO01O2N00RP<2koC101XPNN`o1;N1O1O1O100O01O01O010O01O0000001O010O01O0010O0000001O01O2O00O100O1CaPN6ao1IaPN5eo100O10[PNJao15_PNKbo137O1O00UoS21jPlM1O00OdP`0N_o_O0O1]O3SQNMln16RQNInn18QQNIon18PQNHon19PQNI7NVn1:bQNH8NRn10_QN;7H7NQn1?fQNE9KPn1a0gQND9KPn1b0eQND;JPn1c0dQND<Hom1R1PRNnNPn1S1?3L5XQNfNan1\1010O1O1O1O4K2lNYQNm0nn1O1M2M3O101O0000001N2O2N1N1O2N1N3N2O1N2NT`f`2
20130606133454Bh_11,\cXg01gPd00_oC0joI0TP20QoM0mP21iPNO]N0]QN2Wo14J4[PNF`o10fPN4:LPZUW3
20130606133454Bh_12,gdVm21oo10O101O0O101O1O1O10O00000000000O2O0O010O10010OO2O00001O1O001O0010O00000000001O1O1O02N100O0001O00001O0000O11O0001O0010O01O01KZPNNho1OT[in0
20130609133454Bh_1,cfXd05jo14L4M6N9DNmPNWORo1j06MiPNYOTo1k03K1O0000O02N101N2O1O1O1000O100O1O1011N0100O1O141L1M1mPND^n18cQNL\n1KkQN6Qo10jPNHcn16[QNNcn13YQN0hn1c01M3N2N5L6I5L3M3MYUeX3
20130609133454Bh_2,\PWb03lo12O2M101O1O1O1N101O1O001O1O0O2N101N1001O01O01O010OH\OTQNd0kn1]OVQNc0in1]OWQN1J?mn1@_QN`0Qo1OO2O2L3O0O1O10000000O101N10JZORQNe0en1\O]QNk0dn1VOZQNi0gn1WOXQNh0kn1XOSQNh0Po122O1O2N1O1O2N101N2N01O0001O1O0DgPN1inhY3
20130609133454Bh_3,ecPX31mo14M3N0[PNN\o13bPNO]o1:000100O01O10O010O01000O01O100O1O001O010O00100O010O1O010O1O00010O010O1O010O0001O1O010O2N1O2O0O1O001O10O011O1N100O0010O0001O001O001O1O1O1O100O0001O001O001O1O1O10O01O1O2N101N100O1O1O10O01O010O02OO0100001O002N2O05J000000000O02OO0100O2N1O100O1O101O2O1M10O0O1O1000001O001O00100O1O01N110000O3N00O10O001O1O5K0O2N2N2L3O1O01O02JYPNOWYg=
20130609133454Bh_4,Vn`Q14fo19L4L4jPNE`n1R1JC`QNAXn1AhQNa1Vn16O0N1O2L2K5OO3N3M3O1010VNhNkTNi0SOkNQl1`0hTN5IYO[k1g0lTNI0@mj1l0UUNC1]Okj1o0iTNSOAa0jl1<`SNQO]O97:kl1<aSN^OC2nl1a0^SN_OENml1c0]SNAFJnl1d0\SNDGDml1e0kRNXO?a0IAml1n0VSNDN[Ohl1Y1SSN@7TOfl1_2<100M4O0O101O000N3N1OM302O1O1N2N4gMfRNc1cm1XNbRN`1Un1_ObQNSOon1<d0FbUSk2
20130609133454Bh_5,V\o]21no12O001N10001O0O1010O000O10O2O00000O1O100O010N2M3O1N101000O0100M3O0010000O2OO12N00001O00000001O000000000O011N1000001O0O100O100O100O100000O1O010O010O0100O1O1O1O001K500O2N1O3Lbdb\1
20130609133454Bh_6,k`jd23lo12M4M2K4O102N000O01000100O2N1O100O0010O1bPNCXo1=fPNEYo1a010O10O3O0GcPNK^o13cPNN]o10dPNO^o10bPN02LVo12iPN4OK^o16cPNI\o1?N2O0O2O0101N2O0O10000O02O001O0O0001O01O001O11N1O1O002N1O01O01O01O0100O10O010O00010O1O104L2N1O000O10O01O1O2O3L1O1O0200N2N1O00001O00001O0000001O001O1O00100O1O2O000O1001OO001N3N0O2O1N101O1O1N2Lj\SS1
20130609133454Bh_7,h^gi04mo10O0O100000000000000O2O0010O1O000001O00N11WPNKfo180010O001O0O2N1000000000O100O1OO2N101000000010O010O1O100O1O1O1O0O100O10O0O2O1N2O10O010O10000O100O010OO2O01O010O0000010O1O001O1N201O0O101NgabP3
20130609133454Bh_8,^`eW24lo1001N1FLgPN5Yo1MdPN4\o19O0000000000000010O3M000000000000001OO100000000O100001O000000000010O000001O001O001O1O0001O000000O100010O000010OO101O1O1O1O1O000001O0O1O1010O01O000O100F\PN8fo100O100O1N200000001N2N]_`b1
20130609133454Bh_9,eaZf21no13M2O000O10OXPNKio1321UPNLjo_11UPbNO00PP21WPn0OiooN0VPh00^]eT1
20130609133454Bh_10,`WcV13fo11[PN2[o1>ePN]OXo1i0NO11OO2O0O01O1000O10O1O@kPN6Uo1HPQN6nn1IXQN2hn1N[QNOen10f0000OOjhng2
20130609133454Bh_11,QobQ11ko16E0jPNOGMio13ALUQN0]o101O00O0UN0b16YRNKkk1OZTN1dk10[TN1hk1NS22PRNNSl1232dSNMZl1e0WSN[Ohl15dRNK`0Oll16hRNJ90L3ok13QTNJVO0>4HL=1\l11PTN4YO4MF=0_l11mSNOTO12:MFi0OVl10nSN1]O3DL90a00Vl10oSN0A1d0OPm13XRNN:OG0gm14VRNM7OD061gl1OmSN6QOM3N`0OC013gm1MXRN9KHl0OYO2kl1NSTN0QO4l0LRO1Yn13jRNMjN1jo11ol1MWSL0`20gj30]UL0Ym10YM0g20N2OO101O002000000011YPNOK0]o13cPNMfo13Q1MgoM0Zo10ZUSk2
20130609133454Bh_12,Q^dY15jo12N3N2M3J401O1O1N20O6K1O1N2O1N101N1O1O2N1O1001ZPNL[o16bPNM]o14bPNM3OQo14kPN7To1;lPNVOSo1k00100O00100O01O10O02N2N002N1O1O3N1N101N2O1O000O10O100001O0O001O001O001O0010O101O0O2O0000O010O100O00100O11OO0100O010O10O0010O0100O001O01O010O0002O2M3M^_m_2
20130609133454Bh_13,i^QZ12mo12O1N100O2N2M2N3N2N3M101N2O0000000O1000000001N10000000000000000000O2O000O2O1N10000O0100O1O100O1O100O1000001N10001O000O2O00000O010000O1O100O1O1O10000O100001O0O101O0O100O1O100OBA]QN>bn1E\QN<bn1F]QN:cn1IZQN8dn1LWQN6in1a0O0101N1O2O0O1O100O01J6M3K4O2O0O100NJfQNiNYn1X17L4N4QOYQNc0Vo1K4K:H2MZni0MkQVO3M4K2N1O1O001N101O1O00100O1O00O10O2O00010O010O0]O@gQNa0Yn1_OfQNa0[n1_OdQNa0gn16O2O001O010O01O01OO10O2O1N3L4M2O1O10O1O1O1O1O1O1O1O1O1N3L3N2O101O001N110O00001O0001O00O1000O1K]OlPNd0To14O10O1000000O2O3L2O0N2O2O0O1000O101N1O1O1OO1N20010O1O010O100O10000O10O010O01O01O10O010O01O10O01O1O1O103L1O1000O00100O001O1O0100O010O101N1O1O100OLmPN]ORo1c060000O1000001N101O1O00001O000000000000O0100O001O00001O01O001N2O001O1O10O010O1O10O01O100O0100O010O10O0100O01O010O10O010O0010O01O1O00100O1O10000O1000O1000000O10000O10O01000O010O010O010O001O01O010O010O001O001N01OO10001O0100N3N101O0100O100O1O1O10O001O0010O01N2O000O001O10O0O2N201O0O2O1O2N102M2N3MYiTk1
20130609133454Bh_14,k_kU21no12O00OWN0cSN1]l10bSN1\l10dSN0\l10dSN1[l10cSN2\l1NdSN3\l1LdSN5[l1KeSN5[l1JfSN7Qn10000001O1O001O1O1O001O1O1O1O00_OdPN=ao1O2N00_PNE]o1>2E`PN3ao1MaPN0`o1080000000ePNMin13WQNMin13WQNMin13WQNMjn12b0102ON00001O0NTPN0lo102000SPN0;0Qo10RQN0_o10A0nPN0Ro10nPN0Ro10nPN0ao1001O0AOoPN1Qo1OoPN1Qo1OoPN2Po1NPQN2Po1NPQN2Po1NPQN2Po1OPQN0Qo1OoPN1Qo1OoPN2Po1NPQN2Qo1NnPN2Ro1NnPN2So1NlPN2To1NlPN2Uo1NjPN2Vo1OiPN2Wo1MiPN3Wo1MjPN2Vo1NjPN2Vo1NjPN3Uo1MkPN3Uo1MjPN4Vo1LjPN2GN_o10jPN2GO^o10kPN0G0^o10kPN4To1LlPN5So1KnPN4Ro1MmPN4Ro1KoPN5Qo1KPQN4Po1LQQN4nn1LSQN3ln1NUQN1kn1OVQN0jn10VQN0jn10VQN0jn10VQN0jn11UQNOkn11TQN0ln10SQN1mn1OSQN1mn10SQNOmn11SQNOmn12RQNNnn12RQNNnn12QQNOon11QQNNPo12fPNK83Ro14nPNLRo14mPNLTo14lPNLTo14kPNMUo13iPNNXo12hPNNXo12hPNMYo13gPNMYo13gPNMXo15fPNK[o16cPNK\o1=0O010001O000O1RO\O`RNe0^m1]O`RNf0^m1[O_RNh0`m1XO_RNj0`m1VO^RNm0am1SO]RNP1cm1POZRNR1fm1nNYRNT1em1nNZRNR1fm1oNXRNS1gm1mNXRNOFo0Qn1TOWRNMHo0Qn1UOVRNKIP1Rn1WOSRNHKR1Pn1YOTRNELR1Pn1YOTRN;MEom11TRN9NEnm14RRN71^OMMPn1?RRN00_O52JOom1U1_RNjNA2Pn1S1cRNlN]m1T1h000O100O1FVQN^Ojn1a0XQN[OOMhn1g0XQN[OPo16oPN30FSo17mPNG090ITo19lPN2To1NmPN1Ro11nPNF10Ro1::CbPN?\o13O10HePNK[o14gPNJYo18gPNGYo1`0O101N10000O010O01N2O1O0O2O01O000100O010O1O010000000O1O10O0010O101N1N1001000O100000O100000O01000O10000O10O10000000O1000O10000000000000000O101O000O1000000O100O10O10000O10MDbPN:`o1F`PN9[o1GePN00008Xo1=O10O0FjPNLVo14jPNLUo1OkPNL05To1OnPNKN6To1OnPNJO7So1OnPNJO7So1OnPNJO7So1OlPNM04To1NlPNOO4Uo1MlPNOO4Uo1MlPNN05To1MlPNN05To1MlPNM16So1MlPNM16So1MlPNM16So1MlPNM06Uo1MkPN9Vo1FjPN:Vo1FjPN:Vo1FjPN:Wo1EjPN9Wo1GiPN9Wo1GiPN8Xo1IgPN7Yo1IgPN6Zo1KfPN4Zo1LfPN3[o1NePN1[o1:0O1000000O10001O0O2O0O101N1N3M3NSbnV1
20130627063134Lh_1,PZiW21mo17TPNM`o1;N2O1M3oPNA^n1`0`QNC^n1?aQND[n1>dQNHUn19kQNLom14RRNNlm1OWRN3gm1CTRNE7h0dm1BgRN`0Vm1_OmRN`0Rm1_OQSN`0nl1_OUSN`0kl1^OWSNb0il1YO]SNf0Pn1O003L101O3L10O01O010O001O010O0001O001O0000000O10001N2O001N10O01O1O^OiPN=Vo1CoPN9Qo1FPQN:on1GQQN9on1GQQN9on1GQQN9on1GQQN9on1HoPN9Qo1GoPN9Po1InPN8Ro1IlPN8So1;0O100000O0010000O10O10000O10O1O10O010O10O1O000010O100O1O1000O01O10O010000O01M21O01M200000100O0100O1O1O1M3O100000O1000OO2N1O1O1O1010O2N1O1L302N2N4AdPN3ho1LYeb_1
20130627063134Lh_2,SePR12mo12O0O10000O1000000000000000000O1000000000000O1000O10O1O1O1O100O10001OO12N10O10O1O02O0O000010O01O1O1O010O0001O001O100O000000O11O01O1O0001O010O1O00100O100O0102MaPNHWo19gPNHXo1`0100O010O1002N0O010O011N0O4M1O1O0PQNTOln1Q1O2NPOVQNj0kn1TOVQNm0jn1ROZQNj0on11000\OlPN9To1EnPN;Ro1DnPN<To1AnPN?Zo1O01O01O001O00001O000O2O00001N1O101O001N10001O01O0001O0000010N1001O000001O00001O000000001NSY[d2
20130627063134Lh_3,[dhQ21no14M1N2\OJ\QN6dn1J[QN8dn1I[QN7en1I[QN7en1JZQN6fn1LWQN6gn1KYQN5gn1LXQN4in1MUQN3kn1NSQN3mn1MSQN3mn1MRQN4nn1LRQN4nn1FXQN:hn1EYQN;hn1CYQN=gn1CYQN=gn1CYQN=Uo100001OO2O12NO1O0000O10000O01OO2O0100O01000O100001N01001N100000O0001O01O1O1O0LaPNGao183001O1000O10OO2O10OO200O10000000O010000O20O01N1OX\kh1
20130627063134Lh_4,`W_P31no12O3L2O1O001O01O1000]PNJ[o17cPNJ]o15cPNL^o1;O10O00001O010N10000O10000000O010000001O0000001O1O1O3M5LO0O10O1O1OO1O0O3N1N3N2N2M4M2O1M4N^hlk0
20130627063134Lh_5,h[kU11oo11O1O001O01OO2O001O00000000000000O100O0010O100O1000O0100O1O1O0O20000N10100O001OO101O01O100N101O0010O01N10O2O01N01001OO1O100N2OJGgPN9Yo17_O^OXQN16c0bn1^OXQN21a0fn1_OXQN10?in1AWQNf0in172O0O2N1M4_OQQNJWo13?K]fXe2
20130627063134Lh_6,keQQ23lo12N2O0O2O001N1000000O2O0O2O001O5K_OgPN<Xo1DiPN<Vo1DkPN;Vo1CnPN;MHjn1M[QN9JLWo14gPNNXo1=1O000000gPN\OWo12hPN<2CZo1<fPND[o1;dPNG\o19cPNG]o1>001O0000O100N2N2O100001O010O001O001O001O010O001O0001O001N100O1O2N1000EmPNIRo17PQNHPo17RQNHmn19TQNFln1:TQNFmn1NmPN66LSo13mPNMTo12lPNNUo11kPN0Uo1OkPN1Uo1OkPN1Vo1NjPN2Vo1NjPN2Wo1NhPN2co101N1OQYfi1
20130627063134Lh_7,fkdo02mo12O1O0N3O0YPNIeo1:N2O1O100O001O1O00010ODbPN6do110O000001O0O1O10O1001OO100O1O1O1M3O001O1000000O1000001O0NYT]m2
20130627063134Lh_8,bbbm22lo13YPNM]o16aPNL]o1=N1O1L4O10001O00KjPN@Vo1?lPN@To1`0mPN^OTo1b0501N2O1KbPNG]o17ePNI\o13;OhQ`3OVn_L4N2OK]PNMbo1542N3[PNF^o1`0N100O0J@lPNa0So1_OmPNa0To1_OkPNa0Vo1^OjPNc0Xo1100O0101O001O000O101O010O100O10cPNAXo1?ePNKTo1a0001O0001O1O010O10O000O3N1N21N0\OXOoQNh0om1[OoQNf0om1\OQRNc0om1_OoQNa0Rn1@mQN?Sn1BlQN=Vn1CaQNe0_n1[O`QNe0bn19301O106VOQQN5Po1=0O3N1N2O1O1O001O10iPN[ORo1d0mPN_OSo1g00O11N2O00O2O0\OmPN:So1BQQN=Zo1O0010OO101O000000O2N100O2O00000O20O010O100O010O01N2K5O1O2N1O10O00PQNSOmn1m0SQNTOmn1l0RQNUOon1m0102M20OO1O1O00001O010O101N7J1O1OO100O1N2N2N2N2O011N101N2O4L1005J2M20O001N2O0000001N1000O10O0100O001WOoPN`0So1^OnPN`0Zo1M3K5N3MbXib0
20130627063134Lh_9,XYoX22lo12N2O10O001O10O010O0010O01O10O01O010O01000O010000O010O10O0100O010000O01O10O100000000000O00100O10002M\gjc1
20130627063134Lh_10,Rh^\31PP20O10O01O0O1N3L3go3H]PL32N_Xeb0
20130627063134Lh_11,``Qg05ko1000O101O0000103L:F2N2N6J1O1O1O2N2N4WQNhNan1]1O2N00100O2O2O0000O1N10001N100002N0O10cNfQNo0NkN_n12gQNS1cn1101N00100O001ZQNgNdn1[1O0010O6K2N1N0100O10K401O001000000O3MnPNWOon1h0PQNXORo1g0mPNYOUo1h01O10O0cNXOcSNg0]l1ZObSNf0^l1[ObSNe0]l1\ObSNd0^l1]ObSNc0^l1\ObSNd0_l1[ObSN2fN<gm1BcSN1hN=dm1BlSN?jm1001O010O1O100O10]OhPN<Yo1BiPN>]o10O001IChPN>Xo150O1O2N1O2O0O2O010O1O1O001O1O1O1O1O1O1Nd\hQ3
20130702070714Th_1,fiff21oo12M2O001O1O10O100O00001O010O0100O00100O1O010O10O01000O010O1O00100O1O010O01O1O001N2O2N100O01O0O1O100010O01O000O011OO2O00001O000O10O1002M2O1O001OO1N2MNFdPN:[o1HbPN9\o17M2000N3N1O2N2L7GYPN1oUoS1
20130702070714Th_2,k`ml21UP42^PLOfn10WQN3in1MUQN5kn1JUQN7Zo1O1O0O02O00100O1O1O1O10000000O0001M3_OLSQN6mn1>kNUOWSNj0hl1YOWSNe0jl1]OUSN`0ml1BRSN=nl1EPSN9Sm1JjRNO[m15aRNI`m1>VRNESn1<bQNFen1g04L7J3L4L2Ib0D1Nh_\P1
20130702070714Th_3,ZbZk03jo14N0YPNJeo1811M3O000000000O02O1O0000001OO10N200O1000000001O1ZPNGdo1;O0O2O0000E`PN6`o1K_PN5ao16O002N0O4M1O002N1O001O0000O1O1O1O101O0000000000O02O0O1O1O1N200O2O0O100O2O0000002N0010O001O01001N10O010O1O2H[PN1U]Uo2
20130702070714Th_4,UZkg1131eo16001O00000000O103M0O10010OM4O02N01O00O100001OO1O102N001O00O0100000O010O01O0001O1N2O1O10O100O100O0010O1O0O2O1O0010N1NJ\PN5do13001OJ70O1O1O10M2O01O0O20000L5N1O1O10O02O00XgPS2
20130702070714Th_5,lehb11mo14N1O0O2O1O001O001O0O10000000001O0000000O101O00000000O1000000001O0000001O0O100O1000000O10000000000001O1O0O1N201O000O101O0O100O101O0001O00000000000000O2O01O001O00000001O01O00000001O00000000O10000000000000000000O10O100000000000000000O1000O10000001O00000000000O10000000000000000000000000001O00000010O000010O0001O001O00000000000010O000001O00000000O100000000O10O10000000000000000000001O000001O0000000000O1O10000000001O010O01O2N2Nko7KZPH0ZPN1[o1OePN1Zo10fPN1Xo10hPN0Xo10hPN0Xo10hPN0Zo1OePN1[o1OePN1\o1NcPN3]o1McPN3]o1MbPN5]o1KcPN5ao14N2O0O101O010O0000000000O10^PND`o1>1O1O102M1O001O010O001O10O0]PNJ\o16dPNK[o16dPNJ\o17cPNI]o18aPNJ_o15aPNK_o15aPNK`o14`PNLao13^PNNco11]PNOdo17O000O1O3N00000001O001O2N001O001O0000001O01O010O2O0O01O100O001O010O02O1N100O010O0000001O00000001O00001N101O2MlXSi1
20130702070714Th_6,oXUf0442\o1>G6N4L6H4L3O3WOfNfRN]1Wm1fNZRNO1b1`m1dN^RNf1^m1e0J1O4K3N3L`NUSN1gl1N[SN3bl1O]SN2bl1@mSNZOAc0bl1[O^SN7U1<\k1\O`SN7W1;Xk1@cSN1`15lj1KhSNL]19jj1MhSNHb1:ej1NkSNEb1=aj1OnSNAe1`0Zj1OVVN2hi1NYVN2gi1L[VN4ei1I]VN8bi1EcVN:]i1BfVN=Yi1EhVN;Xi1CjVN>Xi1]OlVNa0]l1NO01O11N0000O00100O011O1O00O1O1OO11O000000N2M3O2N2NcdnU3
20130702070714Th_7,c^oP26ho14M3\PNDXo1g0M5J5M2UQNRObn1\1bQNbNmm1m1K2N3M2N3M8I^NiRN>Tm1BmRN?Rm1nNiRN16T1ol1jNmRN05X1kl1hNRSNI8a1cl1hNhSNJAm0fl1WOjSNIEo0`l1XOkSNGJo0[l1WOnTNHWNd0nl1^OTUNc0hj1\O[UNf0Pm1O12M1N1001N5K1002M1O4L1O0011N3N2OO01O000O000100O100kPNXOSo1l0NVOoPNe0Po14QQNUOon1f0SQNZOnn1d0RQN\OQo1d0jPN_OWo1f0OO1@jPN5Vo1;gQN^OVm1MlQN=j0J`m14`RNNam1N_RN3bm1L]RN6bm1J[RN:dm1F\RN;bm1E^RN=am1A`RNa0^m1^ObRNd0^m1[O^RNL_Oj0ln1501O001N2N2O1N0OK5O011L4N3K4O1N3N101N2M4N010O2N6JS]Pi1
20130702070714Th_8,n_]Q23QP2NO0`P:0eoG1koMOWN0bSN0[l11RRNO]10`l11QRN0=Ob01ml15iSNJVl15l1MQSX2OP[lh1
20130702070714Th_9,\ZiS31no11O0go;1VPD3N2M2O1O10O11N0100O0010O1N2N1O0O01N211O001O1000000O0010O1001O2N2N2Mgg^i0
20130702070714Th_10,eX]f01lo10ZO2]QNNh00_l16gRNJm00Yl12]RNO81U1OPl13fRNM1O`11fk11nRNNf11Zk1Ob2100nRNOTj11oUN2li1NWVN3di1MlTN010Qk11mTN13Moj11PUN12Nlj12dTN?ZOAc0N_k12lSN077_OIOc0_m1]OkRN17212ALZm1NoRN410e06@Ekk11PTN8LJm07\OFjk11STN7HK]1MZk12dSN5BJc10Vk10fSN7^OIh12Rk1MPTN3R1Omj1NUVN2ki1NUVN2ji1OUVN1nl11OOfPNNgn12YQNNfn13d02ePNKfn18?1iPNGen1;ZQNGen1NRQN4:Mln11TQNOln11TQNNnn11QQN0on1OQQN2nn1ORQN1nn1OQQN2on1MRQN3nn1NQQN3nn1NQQN2on1NQQN4ln1LUQN5in1KXQN5hn1JWQN7in1IXQN7hn1HXQN8Xo11O1M2M4N2N4L4J47I1O1N23L000O1O0000002O2M1N1N3O10nNZQNi0on1O10O01O1O0000O1O]OmPN:To1EQQN7on1IRQN5Po1HRQN7\o1O100O011O002N1000O0010O1ObPX2O]ogM4M3NJ\PN1co1M_PN4^o1McPN4[o1NaPN5^o170O10O3N1OO1O101O01O0000000O1001N1O2N1O2N2O0N3MebRo2
20130702070714Th_11,eUmd24lo14K2N7I1O1N1G^OVQNb0in1@UQN`0ln1ASQN>mn1DQQN2NOSo19PQNBUo1<mPNBTo1=9N100OIHgPN8Zo170O100NFCTQN>dn1AYQN31<fn1CXQN3N<jn1CVQNe0kn171N1010000001002N1EPQNBQo18UQNGln17UQNJkn14WQNKin15XQNJhn15b000O1O001O10001O010O1N_kjW1
20130702070714Th_12,Tffc11bo90kPH0bo90PPF0PP40QP20]oM1aPL00O100000QP`00SP`30looK0PP80TPX20lo_M0ooo20QPPM00000O100O01O100002OO01O0001O0000000000000OWPb00hYWm1
20130702070714Th_13,cZ[S32mo11O1O1O1O00O0LXPN1mo1Oco=0[PB0lo30`PN0ZoM0VP80UPH0io30UPL0VP:0moE000`o30Whfi0
20130702070714Th_14,XZeg01fm50V20bS\10`l_N1001O0001O1O2O4NJ\PNOPdjU3
20130702070714Th_15,YVWa21no16fPNL^n15`QNO]n12aQNOan10\QN2en1MZQN5en1K[QN5en1LZQN3gn1NVQN4jn11PQN0Po1?100O1O2M3N1O1O1O1O1N3Ldom1EjPRN0O4TPNMeo170IZPN4_o1LdPN1N2`o1L`PN;Zo1ElPN:So1FoPN8Qo1HVQN1jn1OWQN0in10XQN0fn10[QN0fn10?0[PN0go10XPN0io12]PNNO0\o13_PNObo1N_PN0M0fo10J0kPN0co10O00100O10O_OOSQN2ln3NUQL0_o10O000oN0RRN2mn10QONRRN2nm1NRRN0Pn10PRN0Pn10o02O3L3jPNK]n16]QNKGLln16QQNK:0nn14iPNM7NPo15kPNM5NPo13mPNO2NRo12mPN01NSo11nPNON1Uo1OkPN0J050Yo10oPN0Ro10mP20boM0\kPX1
20130811121434Ch_1,eTUk12mo1101O1O0O110O001O0O101O000010O0010O001O010O001O0001O01O001O100O1O010O000010O0000001O0010O010O01N2O10O10O0010O0010O01O000O10O10000O101O001O00000001O001O1O001O0O2O000000001O00000001O00001O001O001O1O1O10O01O01O00001O10O01O1000O10000O010O00002O2M1O10O100O0001NVjhl1
20130811121434Ch_2,UaYR18eo14O1O10OO1000000000002N001N2O00O2O001OOO2O010O01O1OO11O01BaPN;^o131000OAePN:^o13L301O1O10O0101O01OO10N2O100O10O002N1O1M3O0001O101O00001O001N2M2O1O101N10001N10000O100O00O200000O1O1O001O2Ob_Vh2
20130811121434Ch_3,b^Wn04\13el1JRRN`0=EFLLb0bm17fRNa0Sm1Z1J\MjRNg2Rm18K3NdMUSNZO0W2kl1VNUSNC2O=X1D[Ofl1EXSNHU1a0[ONSo1L00200O000O2Md^fP3
20130811121434Ch_4,ddVT22no11O10000O0O2N101N1O101O0010O10O00001N10000010O0010OO2O10O10O100O010O0010O000O2O005K10O1O1O010000O1000O000100O010bPNAZo1d0O0000O1O2N010O1000O1O001O0103M000OKDfPN<Zo150@fPN:[o1EePN;]o1CdPN=_o1001M2O10010000O2O0O01O00O1O011O001O001O001O01O1O1O00L4O1001M3M4NEfPN0[o10jPNKVo16iPNJWo16hPNJPo11oPN50Jnn15RQN2So11kPN0To11lPNOSo12kPN0Uo1=0GlPNFUo18mPNGTo10kPNN22To1NUQN1HO[o11gPN0OOcn1N]QN321LNan14`QNJ65an13fQNMYn14gQNJO0em15PSN0ol1NRRNJa0?\m1FQRNMd0=]m1CoQN0e0=\m1DmQNOk0:Wm1IkQNNo09Um1JkQNMQ18Tm10lRN1Tm1NnRN1Qm1KmQNKS1;nl1JQRNJP1>nl1GRRNLn0a0ml1CVRNKl0f0ll1_OZSNa0el1AYSNa0fl1_OZSNa0el1@[SN`0dl1A]SN?bl1@_SNa0_l1@aSNa0^l1_OiSN;Vl1DkSN<Wl1AjSN?Wl1_OjSN`0Wl1^OjSNb0Vl1^OkSNa0Ul1_OlSN`0lm1N11O0O0100O010OO2O101O002M10O002O0O02O000O10000O100O010O0102M100]OfPN>^o11000O10000000O100000O1N2O1O010O1O000010O100O10001OO101N01O000001O0O10001N101O1N3MUVY]1
20130811121434Ch_5,aljV33ko13N4L2O103N0N1K@hPNa0Vo16O2M3N010001N101N2O1O01O1O001O0O1000000O1000O100O001O11N10O2O9HO1O0000O001O202NO001O00O3M7Foo;1RPD5L111M7H004N0O10001O1O0O2OOO101N1O2O00@PQN1Po1MRQN2nn1MUQN2kn1NUQN1ln1NUQN1ln10RQN0on1ORQN1nn1OQQN0Qo10oPNNRo12nPNLWo11kQ]c0
20130811121434Ch_6,fdTT21oo1100000OjoU10PPlN2[PLNdo1242XPNLco13^PNMbo12aP4NhoM000mo11QPL0001O10T[Qi1
20130811121434Ch_7,hba_13lo12O0O2O0O101O0O2O001O001N2O001O00001O00001O00000001O0000010O00000000001O00000000001O00000000000000O10000000000000000O10O10000O100000O1000O1000000000O100000000O1000001O000001O000000000010N1000001O000O1000000O10000000000000000000000000000000000000000000000O100000000000000000O1000O1000000O10O10O100O10O01O100O10000O10000O10000000000001O00000O2O0O100O01000O010000000O100O10O10O010O01O1N2O1O010000000000O100O10O01O0100O0O2O0O2O001O001O01O1O00100O101O00000O010000O10O1O10O0100O100O100O1O10O0O1O2N2O001N2N2O1O001O1O001O001O010O1O00100O1000000O10000O100O1O100000000001N101O001O000O101O0O10000O100O100O1O010O10O10O10O0010O0001O00001O01O01O01O01O001O001O001O0O2O010O010O001O001N1O2N2O001O1O10O100O10000O100O100O010O10O010O1O10O01O000001O010O0010O001O10O01O0O2O0N2O100000O01O1N2O10000001O00100O1O1O010O1O1O100O100O1000000O10000O1O1O1N3N1N2O100O1O100O010O10O010O00000O1O1N2001O0000O0101O000O01L400100O001O00JjNbQNW1\n17L32O001O100O1N101J5C=N3O1N2I9J[cZc1
20130811121434Ch_8,bbge11no70loa20TPZM0oo10QPN0QPN0oo10QPN0oo10QPN00000QP40foa10YPZN00000no?0QP@0O010O0100000000001000O1000QP20ooM00000oo3000QPL0hog00WPXO000O0001000000000000000PP20PPN00000010O1000O10O10O10O01O00010O1001O0010[QNOZm10fRN0[m10dRN0fn10gN0bRN0gn10O01000O010oo10QPN0O010O00010O010oo10QPN0O0PP20PPN010lN0WRN0im10WRN0im10W20iM0WRN0im10W20iM0WRN0im10XRN0gm10YRN0gm10ZRN0em10[RN0em10\RN0cm10]RN0cm10U11YQNO`m10X10ZQN0^m10bRN0]m10cRN0^m10bRN0]m10cRN0]m10Y10[QN0[m10X11_QNOTm12nRNNPm12_10cQNNml12TSNNll11a1010cQNOkl11b10bQNOml11a101O00000000^QN0Pm?0QS@0Qm10PSN0ol10QSN0_n100000PP20PPN0bN0nRN0`n1010oo1000QPN0\N0WSN0gl10[SN0Zn10Xn30^SJ0Zn10WN2aSNN^l11h1010000010O0100000000O1000PP>0PPB0\Q:0cnE0O010PP20PPN0PP20QPN0O010O010O1O1O1O1O00M3O100001N10OkNOW10K0[PN0eo141LTP40PPN0ioM2\PNObo12\PN0ao127L500O1000O100N101O01O101O1O02YPNO\o183M4KYcTc1
20130811121434Ch_9,UZib2=`0JGJZn1d0dQN2Un1R1H6CUN\RNS2am126^Oa0WOkQNWO1NYn18mQNIin16b0O5Lff^\1
20130825141154Bh_1,Zf[Q17fo15K5M3M3M3L3N2L3O1N2N200O100000000O100000O1O2O0O10O000O1O2^OkNTRNY1km1kNQRNW1mm1>010O1O1O1L4K5M3O0O2N10O0L33N2M200O001N3O2N1O001N0O1010O0O2M22N100O01O1O101O01O0010O10000O1O100O01O00O2O00O001000010O01O01O1O010O0010O01N2O1N101O1O1O1O1O001O0001O00001O01O10O01O0001O001O1O0O2N100O100O11O0001O0010O001O0000001O1O1O1O2O1N10000O1O100O1O0O101O000001O001O0000001N2O1000OO1M4O000010O00N21O1O10O010N100O02O1N101O1O1O002N1O1N201N1O2O1N2O1N2O1N1O2Nm^`a2
20130825141154Bh_2,Xang25io15N2M4L2O1N2N01N21O0dPN^OYo1d0100O11O1O00[OhPNa0Yo11fPN^OZo1d0O]OgPNb0Wo1]OiPNc0Xo1300O00001O01O01O01001O3M5K1O104TQNQO]n1]1MO1N4^NaQN\1an114K4M1O1O5KO21N3M2000O0O11OO101O1N10BoPNJRo1OWQNLmn1Mc\ST1
20130825141154Bh_3,ohZi04ko13M2K5M3I7M3N1O2O000N1001O100O1O2N10000000O2I7N2N2O4L^O]QNHan18bQNG]n1K_QN174Xn1HZRN8em1E^RN;dn1O1002M011O1O1O0O10O00100000O2O2N1O0O100O1O10O000JlPNATo1>lPNAVo1?5O2O001N101M3L4N2N3LTV[R3
20130825141154Bh_4,f\cm21mo14L3N2N100O100O0010O0001N100O0O100010O10000000jNEiRN9Vm1OeRNN]m17R1d0\O3M2O0O1O10TOdQN4[n1HRRN0om1JU11O1O101N100O100O1O10000O100O11N2OO101O0000000001N101N10001O1O0010O1O010O01000000O1000000000000001OO02O0000000000O11O0000O101N101N2KZgPl0
20130825141154Bh_5,WkXP22mo1101O001O01000O10O02O0O10000O10000O010O2O1N1002O0O0100O2N1O01O0O1000O010O0101N2N2N100O1000O010O001O001O01O001O0000000000O100000000001OO11O001OO10010O010O0001N1O^Sej1
20130825141154Bh_6,gWgi22no11N101N1O1O1O1O1O100O01O00100O100O1000O010O1N2O1O1O2N1O1O10OL401O01O10B_OUQNM11Nc0jn1FWQN<fn1?L401O02N1O100O2MXOQOdRNn0]m1UO]RNIBS1Rn1YOVRNg0mm1_OlQN?Xn1b02O1N2M3N2O1O0O1O2N2K5N2M300N2N2KiPN^OZo1`04N2O100M4L5JSkbQ1
20130825141154Bh_7,T_Sh07ho11O2N1O01N2O1O1001O010O2N100O10O0O2N2O001O0002O2N1N1000O10O1O1O1N101N2OO11000O002O0O001O0O1O1O010O00N3O1O1O0N2N3H7N3N110O1001N100N3NSOXOdRNf0^m1ZObRNd0_m1^O`RNa0_m1A`RN>am1C]RN>cm1D[RN<fm1EXRN<hm1EWRN9km1GURN9jm1HVRN6`l1A]SN13:02`l1GXSN5LFL>a0Lal1NRSN7L5a0Dbl13mRNn0c0mN`l1d1aSNYN`l1g1m0bNQRNk0om1QOXRNl0km1lN\RNQ1^n1J6K4K7IkbXR3
20130825141154Bh_8,^ZU\34lo11O2O1O3XPNHao1<12M1O0001O100OO4M3M00O2O000O2N3N0O11O2N00O100O001M201N101N3M]dba0
20130825141154Bh_9,gWaZ2;eo11O2N1N3G_OjPNc00]O_n1<aQNc0\n1a010O20OOJhQNfN[n1R1;K6M003C>KoiZd1
20131027185354Bh_1,UbUd12no11O2kPNNXn13^QN8Yn1C`QN5LN2<`n1BbQNP1^n1QOaQNo0`n1PO`QNQ1gn1O11N1O1N2MD]QN@bn1`0aQNWOL1en1c0b0OO20N110M3L4O2N10O1000O110NMGbPN7`o141O100O00O10OO2O20O0O2N2N4M3MQ_nX2
20131027185354Bh_2,WdTb01oo11O0000001O2M101O0O2O00001O1O001O1O2N4L010O1O00000000000O100O01000011O000O0_OhPN;_o1O001O1O1010N00000001O2N00001N2O1O1NXPN1ho10cPN2gn10WQN3fn1NZQN4dn1L\QN6bn1K]QN5cn1K\QN7cn1I]QN8bn1H^QN8bn1H]QN9cn1H[QN9en1G[QN9en1HYQN9J_Okn18[QN9J@jn17\QN<dn1D[QN>en1A[QNa08[Oim14oQNc06ZOkm1ORRNh01[Olm1MTRNh0L^OPn1LRRNf0N^OPn1NPRNe0N^OQn1NPRNe0O]OPn1OoQNg0O[ORn1NnQNV1Sn1iNmQNV1Tn1kNkQNe00]OYn1k0jQNQOZn1k0jQNSOWn1k0kQNTOVn1k0lQNSOTn10aQNi0<VOUn1OaQNj0Ro1O10O10O2O1O1O1O001O0000001O000O2OO10O0001O01L4N1O2O1O2N1O2O1N2NmPf2OToYM2O0O1000001O0010O00001O01O01O0010O1O00001N10000001O01O01O01O01O01O0O1000O2O00000001O00000000O10000O2O0O2NbYWP3
20131027185354Bh_3,[Ua\32no101ORPN0lo12O101O001O10O01O0O10000O3N10N2O100O0O101OO101N001O010O01O101NKM^PN4ao1J_PN9ao13O100O1N2O010001N2O001N1102M01O001O1O01O001OO1O1N2O5Jhj`?
20131027185354Bh_4,idhX33mo11N2NO20VPNOeo1;K1000O001F`PN2fo13M2N1O1N3O0001O0000O1000001O2O1O4L0000O100O11N10O00100O1O0100O10OO4M1000O100O1O10000XOjPNd0[o11N00O11O00003N0O1OO2N1N101O0OgPN_OVo1?hPND[o1?1O000AePN9[o1EgPN;Yo1EgPN4NNco11^PNLdo19O2M11LdPNIXo12<O2NSP41loK2000003M2M1O1O2O002N1N2O1O101dPN_OUo1P1F040JGVQNBfn1m0O1aQNgNVn1Y1iQNhNXn1X1fQNiNZn1W1fQNhN]n1W1bQNhN^n1Y144MbNbQNX1en1N1O1O1O0010M201O12M10O01N1NTQNQOln1Q101000O2N3M0OO12N3N2N2O2O04LO100O2N2L3N7FPWk=
20131027185354Bh_5,fdTh22lo14M101O101O3[PND_o1m0@100001O001O0O1N4G9L3N2O1O10O100O2N2OO01O100cPNEUo1:hPNGZo1?00001000O02N1O1O1O002N0010N100N3O1O01000000O10O1O2O2M10O12M02O0O001N2O2N01O1N1O2O2O1O1N10OQQNXOgn1g0WQN]Ohn1c0VQNCfn1l0O10O0O31NN2H700001O0100O1000O2O0O010001N20OO1NmPNVORo1k03N100O1O2N1O1L3O4M2N2N1O0010O02N1NkXYP1
20131027185354Bh_6,\\Y\15ho14M3M2O0OLcPNH\o194011O0N3M3O2N1N3MKmPNARo17?N3N2O0000O11N2OgdTb2
20131027185354Bh_7,YdPh21oo11bP80_oGO[Pd02Ro[ONPQN1To1OjPN1Xo1OgPN0L0Xo10kPN1K0[o1OjPN0K1fo10WPN2io122O1OON3OSP40`o10^PJ0d00hN0VQN0]o1000bo30_PN0=0Vo;0]PF0TP60noK1moIO00gP41ZoKORP40moK4MN\o9NhPF0O000000010000000TQ`00QnA0eQL0[n10eQN0Uo1001XOO_QN1bn1O]QN2bn1OZQN5fn1JYQN7gn1LVQN4jn1NTQN0nn12PQNMRo13mPNMTo12lPNOTo11lPNOUo1OkPN2Uo1OiPN2[o1JcPN7_o141N2O2M10IKdPN4M2To1KnPN3O2Ro1MkPN430So1LkPN204i0H]m11kQN`0f0A^m10jQN`0a0^OB4Rn1c0[RNFem19XRNMgm13URN1km1NTRN3lm1NRRN2om1OoQN1Rn11jQN2Sn1P1NTNQRN3Oa013^n1JcQN4bn1I^QN5]n1_OcQN0O5N<_n1BlQNe0Qn1_OQRN?om1BTRN:mm1FURNH@9]n1MZRN2km1HWRN1UO1lo1M20[OOXQN3cn11\QNNdn13[QNNdn12]QNLdn14mPNMao13`PN4Xo1JlPN6So1HoPN8NHin1N\QN5E5bo1110000010O11D_PN6NLco19GFjPN;Uo1FjPN:Wo1FhPN;Xo1EhPN;Xo16001O1N2M3O3M3M1O1N10XPNNjo11N2N2N3FIgPN8Xo1IfPN8Zo19O0O1003M01O0O101O00O1000000O100O101O0O10O0100O100O4L2N2N7JO1O01OPUmi0
20131027185354Bh_8,fP_U21no12O001N2O1O001O001O3L1N20N1O2N2O0O1N2O2N[P<NbPB2Zn10QQN0?1[n19eQNHYn1:fQNFZn1:eQNH[n17dQNJ]n15cQNL\n14\QNEN7hn13YQNIL4mn12VQN4mn1JTQN5mn1KSQN5mn1JTQN5mn1KSQN5ln1KVQN3hn10XQNOhn12XQNMin12WQNOgn14QQNF08nn1e0001O1N2O1O000O2N10000O2O0000000FhPND06Xo18hPNHZo1?0O1]OePN306eo1O11N1O0000000000O10OO200O1NaPNKWo14hPNNXo11iPNNYo11gPNNZo11;0onTe1
20131027185354Bh_9,TUQP36jo10O1O5L1O0O3M3mPNB_n1?_QNC^n1?[QNHdn1i01O100O001O00O2HoNaQNQ1_n153F901NOJ901N6B=IRlVn0
20131027185354Bh_10,aajY21oo11O001O001O001O001O0000001O0000O1000000001O01O000010O000010O01O001O001O00001O001O10O1000000O01O000010O10O001N101N1010O011N010O010O0011O01N4MN101O0001O2N01O001N10002OO001O1OO10000001N1000001N100O1000O10O1000000O101O00001O00001O001O00O2IM_PN4`o1O\PN3co152O0O10O1N101N11O010C`PN8do10O22M0001O001O100O1O0001O001O000O101O00000100O01O1O001O01O001\PNJ\o1?N1O2N1O0010O000000000O1O2L3M3N3N1O2O1NS]iZ1
20131027185354Bh_11,Wbb^21oo100000RP<0noK0ZPN0foI1N3NLWPN1io1OXPN0_o30ePL0_o11aPNO_o11aPNO_o11aPN2]o1MbPN5do11O0000000000O1L4000001OUP>0loC0ooM010C2fPNNfo10ho10aPL0^o10bPN0^o10c00]o30YPL00000010O01O01O0010O000QP20ooM010XPN0^o11aPNO`o10`PN1_o10`PN0ao1O`PN1_o1OaPN2^o1NcPN4iom0MkoSO101O100JL_PN6ao1410O100O100001N1O2IZPN0fo1OgR\6OameI0VZ_S1
20131027185354Bh_12,RWWf22io1OZPN3bo17N2M3O0N20N0O2N20011NoPNE`n1:d0N100O1O2O000O011O010O00010O10O10O100001O0000001O001O10O00001O0O10O10O1O100O11O1O10f0lPNUOfm1l0XRNUOhm1j0VRNWOlm1d0WRN]Ojm16aRNJcm1NbRN2en1O10001MjhfU1
20131027185354Bh_13,dbef23jo13O101O0001O0011XPNIdo1:_PNJWo16ePNN[o1;1O001N010000001O1O6J4L1O1OXP`3Nio_L6VPNI`o1=N1O1N3L5L4kPNWOin1OYQNR1cn17O0O2O003NlNcQNd0Po1NO02M1M2O10O0100AhPN6Xo1HlPN6To1HnPN8Ro1FPQN:[o100O10001N2O1O0O2Oo[PR1
20131027185354Bh_14,bQUW21inS10WQTO0QPL0PP:0noC0000000^PN0D0^o10PQN0Ro10cP20QPL0bo11\PN0fo10lP4OmnK0jPN0co10oo10eoM0f00]o?2Vobd1
20131027185354Bh_15,Tbj^23mo10003N=0UO0jPN0lo]30gocL1O00O10[PP10ko]O0joA0SPN2ho1NXPN3go1MYPN3jo101OWONlP40T]kZ1
20131027185354Bh_16,RaSh2;do14L2N4J4K5E;K5L4L3N2M[OkQNFSn1:PRNDom1=QRNCmm1?RRNBlm1Y1I5K332M2OO2M40O100O10G9N20O101O105KO2O0O01O10O01O101N10O001O00000001O1O0001N1010O010N10OO3M5M1OO1O1OOKbRNkM\m1V2610O10cRNhMRm1Y2nRNhMol1\2nRNeMQm1^2nRNaMSm1b242M1O2N1O1O1N20O011N000OPMXMjXNi2Tg1[M[XN3gMk00a0fi1iNbXNS1kM3Wi1\NmVN?l1V1QNOVi1]NjVN?m1X1SNKWi1]NhVNa0m1Z1\N^OTi1YOaXN[1eNoNih1HbXNT1QNYNf0?oh13[XNT1SOaNeh1:ZXNT1Xi1iNjVNW1Xi1fNbVNa1ai1[N`VNe1bi1WNaVNh1^i1YNdVNe1[i1\NfVNc1Yi1_NhVN_1Wi1bNjVN^1Ti1cNQUNF[1e1ci1gNoTNF_1b1`i1jNPUNEb1]1_i1QOmTNBe1Z1]i1YOmTN\Oh1V1]i1@jTNYOj1U1Yi1GRWN7bh16^WNHch1:]WNEbh1<_WNDah11lWNLTh1_OgXN;Zg1BlXN2]g1LiXNOYg1N`k\P1
20131027223034Lh_1,dd\i23lo13M101O1^PNIYo18bPNO[o1<O101N1O100O1O1O0010O0O2O0GnPNCTo1;901O10O100O1000000000O1000O0010O0100O100O10O01O01O10O0000100O00001O100O011O01O00O10O2OO10000O0100O1O010O0010O100dPN_O51in1g0RQN^Ojn1n0O0O1O1N2N2N2N2OO10000O3N1O1O6J00011O1N101N2O1N1O1O1O2M2N2O1N2O1O101N2OO0100O1O3N1M3NkXQo0
20131027223034Lh_2,bP[V22no100001O0O101O0000000O20O0000O110O00001O00000001O01O000001O001O00001O00000000000000O010ePNNhn12UQN2jn1OTQN2ln1NTQN3kn1MUQN3_n1HaQN504]n1IbQN314]n1IaQN423\n1KaQN2O8_n1FcQN1M:`n1FbQN0N:`n1G`QN0N<`n1G_QNNNI0c0cn11]QN1cn10]QN0bn1f010001N2O2N2M2O2N1O1O1O1O1O1O1O1O1O2M2O00001O0O2O0000000001O000000000000O1O1O101M2O1O101O000000000000O100O1O1000O10000O100O1000000O100O101N2NToba1
20131027223034Lh_3,lb]e12mo11N3N1N2N3N1O2M2N2M4N5K2L`0A3M2O1O1O1O1MCnQNROQn1m0RRNkNJ2Tn1j0bRNSO^m1i0n0N3N2M3N2M3M3N3M2O2M3OU^\X2
20131027223034Lh_4,dd^c04io14N3N1O1O0O100O102M101O000O10000O10000O10000000001O001O0014L1O1N102M1O010O1O1O10O0010O02N1O10O010O10O010O01O01gPNDln1<SQNFmn19SQNIkn18TQNIln16SQNLln1HoPN8610Ibn16]QN20Kan13_QN21L^n12`QN41J_n13_QN6OHan13^QNb0bn1>01O2O1N7JO001O0011OO0[OhQN_OOBYn1n0jQN_OMDYn1k0lQN_OMEWn1l0mQN]OMHUn1k0oQN[OMKSn1j0RRNXOK0Sn1f0SRNVOM5Pn1e0^RNZObm1f0`RNWOam1h0l00001NXQNZOXn1f0hQN\OVn1d0jQN\OVn1d0kQN[OUn1e0lQNYOUn1f0c000000000O10001N100O0N3N3N1O1O100O100O10000O100O101NlPN0[n1OdQN2Uo1O0100000000O10OFOfPN2Yo10fPNOYo14ePNM[o18ePNCZo1=5O10003NbPNEVo1:iPNHVo14nPNLRo13PQNLE000<0Zn13mQNLI1Zn12mQNOEOHOgn12fQN8GMMIbn11jQNj0Vn1VOjQNj0Vn1VOiQNk0Wn1TOiQNm0Wn1SOeQN0Jm0an1TOcQN0Ll0an1UO`QN00k0`n1VO^QNO2l0`n1ZO_QNg0an1YO^QNh0an1<000N3O0O101N101O0O100O1K5M3L4O1O2O0O10001O001O1O1AdPN7go1L001O01O1O0O2O0O2O001O0O2O000001O00000O100O2J7M`Ygo2
20131027223034Lh_5,Qa[i21no11XPNO`o12`PNO^o11bPN1Zo11ePN2Xo12ePNOXo1?N1N3TO^OURNe0im1k0M3J6M2N3N10001O000O01O0000O1N3O2M2O1O1O2O00101N2O0000O101M2O1O001O0O2O0O1I7NYRNnMdm1W2000J[RNQNem1j1[RNTN30bm1k1]RNTNjm1l1VRNVNOOdm1Z2M2N1N2O1N10000O2OO2O0O0000O2O001N11ON\MjRNd2Tm14O10000O1010OO02NO11O2N1oNlRNWOSm1e0VSNWOil1h0]SNoNRl1FkSNX19hNmk19gSNo0Xm1SOfRNl0[m1VOcRNj0ml1dNZSNh1E^NUm1KTSNf1MYNQm14oRN^1cm1cN[RN\1fm1hNURNW1mm1kNRRNR1Qn1mNPRNR1Qn1nNnQNQ1Tn1<3M8H2O0O2O1N1O2N2N2N1O2N2N1O2N1N3N2L5L4L3Jcbln0
20131027223034Lh_6,e_ck02mo11O2O0O2O001O000O20O0100bPNMmn15PQNMon14lPN1So1>PQNUOjn1m0UQNSOjn1P1UQNPOjn1S101O0000nNYQNk0on1O2N1YOlPN`0[o1O1O002N2N001O001O1O1O0O100001N11O1O01O000100O1O1O1O1O000O2N]_lP3
20131027223034Lh_7,hmZa22no11O0000002N1O1O0O101O000O100N200O01O00100O1000O10O100001N1N2L400O1010O00O101O00K5M20100O101N7IbRe[1
20131027223034Lh_8,fbQh22io1=G3N1O002N3M10O1O2O0O2O0000000O2O1O0OWNBQTN=nk1EQTN<nk1B\RN0f1=nk1C]RN0d1>nk1A`RN1a1>Ul1AkSN?lk1AgRN1\1>Wl1BhSN>Xl1ChSN;Zl1DfSN<Zl1EdSN<]l1DbSN<_l1C`SN>al1B^SN?al1B^SN=dl1C[SN<fl1EXSN;il1FVSN:kl1FTSN9ml1HQSN8Pm1GQSN9nl1GTSN7ll1IUSN7jl1IXSN5hl1KYSN5fl1K]SN2dl1N]SN1dl1M]SN2dl1N\SN2dl1N\SN0fl10f1O04M01O1O00UPNOfo15001OO100]MI]UN6Wm10^MJZUN5Xm1010O0JL_PN6`o1IePN4eo1N0100BMePN081Sm1O`TN2TNO83Qm1LcTN2VNO53Qm1LSUN1dM4e10gi1KRWN6UO3gi1GUWN7QO3\l1NaSN4_l1KaSN5_l1EURN3Y1;al1BWRN2V1`0al1_OXRN1Q1g0gl1WOYRN1n0l0fl1TO[RN0n0o0fl1QO[RN0o0Q1dl1oN^RN0m0S1cl1lNbRN0l0U1`l1kNfSNV1Zl1jNgSNV1Wl1jNjSNV1Vl1iNlSNV1Sl1kNoSNS1Pl1nNRTN0iNg0Tm1YO`TNd0_k1\OeTNa0Zk1_OiTN?Vk1AmTN=Rk1CPUN<oj1DSUN<lj1CVUN<ij1CYUN=ej1C^UN<Tm1O0O101O000O2N1O1O1O2N[i]1OhVdN0PPN0cbRo0
20131027223034Lh_9,d\e]12lo16WPN0Yo1<O2N3N0L4N1N3OO2O1N1M30000O0MN[OnPNg0on1YOSQN0Ng0on171N002M200000001CQQNHPo17<0002N1O1O2N2KidR`2
20131027223034Lh_10,ZgXW22mo12O00001O00001O001O001O00010O1O000001O01O001O00001O0O101O0001O01O01O00100O001O0000O100000010[PNFbo1=O010O10O001O1N1O2O001O010000O100O1O2N1O2O1O1bPN@Yo1?gPNA[o1<ePNE\o1;cPNF]o1>1O0@bPN>`o101O0010O01O2N2N100O1000000O10001N002OO0001O0O[Wab1
20131110185354Bh_1,dcSV13]o1OQQN2ln10hPN>Uo17N102N6J2O1O00O10000010O11N3nNQQNn0Ro1N1O1O1O1N101O1O001O001OO100O1OMhPN@Xo1?4101dPN_OWo1e01N010O01O1O11OLZOnPNe0Ro1\OnPNe0Po1\OPQNd0Po16O1000O100O1OO10N1M4O2N1O200O01N2M3N1N2N21N1N3N2O0O001O1N2OO1N2J6K6O1M3N3M20000100N1N2O1O1L301N2L32I60O0N3N1000N2O2N10L22001O2N3N100O10N2N1O1N2L3N3AlNjQN^1Sn18O2M3]OYNdRNo1[m1<O0bNaMZUNa2Zj1dM_TN3`0KGY2HfM_k1g0lTN@Jn1ek1eN]TNAKg1hk1nNYTN_1mk1Z1000ROSTNVMN<nk1^2hTNRM\k1o2h03J50_N`SN@dl12^SNjN1R1bl13mSNKSl14oSNJkk1RO^SNR1j0Iik1VO\SNm0T1Hak1[OZSNk0\1VOfN6el1g0SUNVOnj1h0UUNVOlj1c0\2N2I8M3M4LXeT`2
20131110185354Bh_2,Wi^V34jo15K2O2O1O1N10O1O010OCCYQN<gn1EXQN<hn1DVQN>in1DVQN<in1FTQN;mn1GPQN:Po192N1O200OiN]OSSNd0ll1_OTRNJg0i0Tm1CjRN>Um1EiRN<Vm1GWRNC7f0am12URNXO1h0im16XRNKfm16XRNMgm1S1OmMZRNR2hm122L3N3M2M4WNkQNa1Yn103N3N1L301O1N10N2J5YOfNkRNY1Um1kNiRNLBo0gm1VOfRNKDm0fm1[OcRNJFi0im1^O`RNJEh0km1A^RNh0bm1YO]RNf0dm1[OYRNd0im1h0ZOWNYSNf1hl1]NVSNc1jl1_NTSN`1ml1aNRSN^1Pm1cNmRN]1Tm1eNiRN\1Wm1iNdRNX1\m1bNjRN^1Um1cNiRN]1Wm1e01N101O1000001O0N2N2M4N2N101O001O00100N1H9O1O0M4O1N2O1O1000OBeQNXO\n1h0>O1L4O2M2N4BcPN3S[Sc0
20131110185354Bh_3,Vl\g27_o1KhPN`0ln1CPQNb0mn1<L6J4M2N4KROhQN9Sn1GSRN6km1I`RNO_m1NiRNNVm1OoRN1ol1JXSN6gl1H]SN6dl1FbSN7Sn121M20O00O101O100O001O0000O100O001O10N1100O0100OVNMgSN3Wl10hSN1Vl10kSN0Sl12lSNORl12oSNOnk11TTNMlk14VTNHlk18n103L2OiS]U1
20131110185354Bh_4,S_ik12mo10XPN0ao18O1O100000000001O1O01O0000001N001OO11N1010O10000O10O1O0100O10000O100O10O0100O10O010O10O010OO2O1M2K6O010N1001O001N011M3N101N2O1O10O0100O010O001O10O0100O0001O01O01O01O01O00000O2O0O20O000001O00001O01O0000001O000001O01O000001O0001O00010O10O10O010O10000O100O010O01000O101O0000O010O100000O01001N1000O10O10O10O10000O010000O10O01O001O01O00N2O1N2K6O01O2O1N3I5N2N3MQdnh1
20131110185354Bh_5,`XWc0;bo18L1N2N2O16J112M3K3NO0000O12N1N100O01O2O2N00000O1O1N101O1O01O1O2M3N00001N101ON2O01\PNFbo1<0O1O1000000O10000O1O01O00000000000O1O100N2N2N2M20000N2N2O0N21O2M4L4J7JjglW3
20131110185354Bh_6,c[aj06io12N1O2O1N1O101N2OO1O1O100O1O2N1O1N2N101OO200O2M2O2O2M10O001O1N1O\OHdQN7\n1J[QNNL9fn1MYQNO03gn14UQNI24in1;VQNEkn1;TQNEln1g02]ORQN1Qo1MoPN2Yo1GgPN8[o151N101O1O001O1O2N10001O01O0bPNHUo19ePNLZo1=0O10O10O100O10001N2O001N2O001O0001O01O001N10100O000000O1AIUQN8in1KTQN6kn1MRQN4mn1`0O10O0O2M2M12M21O100N10O12M2J6O1OMFcPN9^o141F:01Mcf^n2
20131110185354Bh_7,cWic17ho12O1O001O0O1O2N2M201N100010\OhPN>co1K0O001O000000000010O01O010OO1010O01O1O00001OO2O01O001O1O1N101O10O010O10O14K1001OO1O1N3LWPNMjo11fg^X2
20131110185354Bh_8,UWQf25jo12O1O0O1O100O0000001O0O100O100010O001L3O101O010O0010O010O0100O01O010O100O100O10O100O00001O00100O2NiijV1
20131110185354Bh_9,YbdS2233bo17N1000000ON_PNGYo1OmPN:JGWo12nPN7KHUo14mPN9Ro1<OO1000O0100O10O010O01O010O10O10O010O01O10O0100000O1O0JmPN_OTo1a0510O10O10O10000O10O10O0NdPNB\o1>dPNB[o1?ePN@\o1a010O100O100O100O1O10O0100O10O010O10000O1O001000O0100000O10O010O010O1O10O10OO2O0001N2O0010O001O1O100O0100O100O10000O1000O1000000O01O1000O100O4M0O1000O11N2O001O001O0O101O0O1O1000000O01O1L4M3O10O0100O100O10000O1O1000000000000O10000000000010O000001O00001O000010O010O1O01O0010O01O001O0000001O00001O001O001O001O001O1O1O10O010O1O2N2N12M1001O00J[PN0do1O_PNOao11_PNNbo1261O0O2O3M2N2N11B`PN9do10O1O1000O6JbP8LboG1N1O2YPNO]o11bPN1]o1;N3M2O0O13M00O0010O11N10DfPN1Yo1OhPN1Wo1OiPN2Vo1NjPN5So1=O2O0OUOoPNi0Po1VORQNi0mn1XORQNi0nn1VOSQNi0mn1XORQNi0nn1VORQNj0nn150POQQNn0Po10101O0O2N010O1WOlPNe0Xo1O1O010O100000O10O1O001O0O101O01O1O010O0010O1O10O01O01O01O0O1N3O1N101O1000O01O1MYPNKgo15YPNKho143O1N\\mW1
20131110185354Bh_10,abPT21Zo11gPNO12co1OaPN1^o1OePNO70cn10l00lPN0Xn10hQN0Xn10hQN0So10UO0hQN0Xn10gQN0Yn11k0O10O010^Pn01_oSOORPN10O10Xoe00[QZO0]O001ZOO[QN1Zo10ZOO]QN1bn1O_QN1Xo10XOO`QN2Wo10XONbQN1^n1OcQN1]n1ObQN2Vo1O001Odo]10\PbN001YOOkPN0jo12001O1OhPN0bn10^QN0Xo10Zo?0fPF0oo30QPH0PP20QPL0lP60UoI0O1O10O01O001O0000O01O0O0goS2M_PnM0S_k`1
20131110185354Bh_11,h`kn21no1100O001O2L4M2N1N201M2N3O0O2O1N101N2O1O1O1M2M4InN_QNS1`n1601O00N3K5N2O001N2O0O2O0O2O0000O20O01CZO[QNJ2l0cn176O1O101N10O0100O100O2N1N3K4O100O2O0BdPN8\o1HdPN8\o1GfPN7[o1IePN7\o1HdPN70IWo11gPN52OTo14nPNLQo11SQNOmn10TQN0ln1OUQN0ln10TQN0ln1OUQN1kn1OTQN5in1KUQN7kn1ITQN8ln1MlPNG0<Vo1;1O1000G]OTQNc0ln1@RQN`0nn18100O2O0O2NNWOPQNg0Qo1YOoPNg0Po1[OoPNd0Ro1\OmPNe0dn1^OcQNf0[n1^O_QNg0`n1<101O0O2O1O2M1lNWQNQ1hn1POXQNN1n0hn1VOXQNd01YOin12VQNc0Qo1^OnPNa0To1^OlPNa0Vo131O1N3O0O1O100O010O10000O1000000OLCfPN>Zo1CePN=4Cnn1c0QQN^Onn1;oPNG4Mmn1<oPNI5Jjn1g0710O000O2O0O1O1HfPNI[o17ePNI[o17fPNHZo19ePNG[o19fPNE[o1;ePNE[o1`0000^OdPN`0\o1@dPN`0\o13kPN^Ojn1b0TQN_Oln1b0RQN_Oon1b0oPN_OQo1h00001O010O0001O001O000010O01O01N10000000000000O2O0001O00001O0000000001O00001O001O00000001O000O11O0000001O00001O00001O0000010O1O100O001O0O100O2O1M3N9H2M^ahb0
20131110185354Bh_12,cQei24io15L4I7K7C;N2M5K5K9H3L7J4LZN[SN3al1MgSN^OiN<^m16VTNAjk1>l1NmNC_RNN^O`0Sn1GWRNc0km1^ORRNc0nm1f0L4L^NmQNa1Tn1I<N3M3M4L4L6KI]OXQN9nn1FmPNO26Vo198EZQUT1
20131110185354Bh_13,RaWU22mo12N1O2L3JGcPN<Zo16O10000000O100O10000O011N101N2O0O2O00O100O2N10O1000O10O10O0100O100O01O010O1O001O0NLePNIZo1851O3OGfPNJ[o1670001O00002NR`Rg1
20131217192134Ch_1,cih_2<`o17L5K4M2O2N2N00KRQNVOPo1i0PQNWOQo1m01N3N1XOlPNd0Vo11NO0201N4M3NROQQNk0So11ON0O102N1O101N0O001O1O1O2O100O1O1O1O13_PNBXo1d0010N11O2M3ON011N100O1N2O1N2O1O001O0O2O00001O0O010O1O03NO1O1O1O100O010O13M0O1KDcPN=]o131O10O000101N100O00100O101OO0010O010O010O1O10O00001O03M10O000100O100O010O010O0001O00001O0O100O2N101O00000O01O10N10100N2O1O0010L301O1O1O2N3L4MXRgV1
20131217192134Ch_2,j^oQ31lo16FLaPN6\o19M10DePN5Xo1NhPN1Xo1;OK6N2O1O2N10000001O2N2N2N1N1O0O3O0O000001O0M21O101O2O1O1N6F9VNjNaTN]1hj1IgTN6Vk14gTNHXk1?gTN[OWk1l0gTNROVk1Q1SUNeNkj1]1[UN^Nbj1d1hUNUNTj1l1oUNTNmi1l1UVNUNgi1U1jTNkN`12bi1b0hUNTOBK??Uj1<hTNWOo11SNNk0>Yj1<kVN]OQNJi0;\j1>hVNASOMUj1c0hVNATOHWj1f0gVN_Odj1?eUNWO^j1`0d20000002GAnPNa0Ro1501N10M4M3M4N1N2N3M2O1O02O010O10000O10O0100O001O01O0O2O1O1O2MhgVh0
20131217192134Ch_3,Ybdd21no12O1N2O1O001O0O2O001O1O0O2O0O1O10O010O01N20O2N1O2N10000O1000001O00000000000001O0010O0100O00001O00001O010N20O01O10O01O01O00001O0010O0001O0N201O01O001N2O1O010O2N10O0001000O0100O00001O2N010O001O0O10O100O2O100O01O001N101N2O001N101N10000001O0O101N1000001ORQNZObn1f0VQNYO43fn1e0ZQN\Oin1b0VQN_Ojn1l00O1O1O100O1N3N1O1N2O1N1O2O01O1O001O00010O001O001O001N2O3M100O20O000000O111N01N00TQNROgn1o0WQNROhn1T101N1001N10000QOXQNf0gn1WO]QNi0nn1N100ERQNAon1=<N101N1O1O2M3Mh[]o0
20131217192134Ch_4,amnS261Mbo1g0A3M3M4MOO1XNnNdTNR1^k1QO^TNn0ek1ROVTNP1lk1VOhSNm0Zl1CSSN`0nl1X12MN23_MbRN\2dm1N3aN[RN<im1XOfRND@M0e0[Rmj1
20131217192134Ch_5,ZePa22QP2OJ7L1O2O1N102N0000001O1N100O1O100000O1O2N2N1O2O001O00001O00000001O01O01O000O11O000O2O01O0000010O0000000000000000O110O00MH]PN9do11O1000N]PNHbo18^PNHbo18^PNHco18]PNHbo18^PNHbo1<0O01O1O10CaPN8co1101O12NOO103M0000O2O00000O1000O100001O0O10000O10001O0001O1O00^PNF]o1>101N1N2O1O1N4JUYiW1
20131217192134Ch_6,`bb]11mo13N2N2O1N3N3M2N1O100O0010O000010O001O001O1O001O0001O001O1O001O00001O0000010O01O001O001O00001O00001O10O01O001O000000O10001O1O1O1O1O001O010O0010O00010O10O100O01000O010O0001O1O100O2N1O101N101N101O000O101N100O2O1O2N10OO2O0O100O001O01N2O1N2O1N2O0O2O1O1N10000O1000000AlPN3To1KoPN3Qo1MUQNOin11XQNOhn10XQN1hn1NXQN3in1KWQN5Zo1100002M02N2^PNGYo1b0N0O101O000O2O2M2O2O0O100002M2O1N2O0O01000\OiPN=Xo1AjPN?\o1O10O100O010O00010O01O10000O10O1000O01O010O01O0010O01O02OO01O10O010O0100O100O2N10000O1000O010O1O1O1001O0O02OO000100O010L40000O01O010O10O010003L2N010O010O0100O2N2O1N1O1O000001OD`PN8`o1H`PN8`o1H`PN9ao1210O001O01O01O010O1O010O100O010O01O0000000O2O01O10O100O0000O00010001N2O0O2N1O2O1N1O`Xgo1
20131217192134Ch_7,kbn]11PP20000000O0TP`00mo_O0O10OWO1aQN0^n10bQN0^n11aQNO`n10`QN1an1N^QN1dn1O[QN1Zo1O10RP`00oo_O0O0RP:0ooE000O100O10O000000O101OO100N20`oc00`P\O001cPNOin12WQNNjn11UQNO_o10`o?0_P@0aQP10`noN010O00000O0PP40one01PQVO00001O01O100001O3m[gY2
20131217192134Ch_8,gcZX25ko17WPNE_o1?N2O0001O10O10O0000010O002N1O001O1O1O0001O000100O1O000100O0001O00010O0001O00010O001O1N2O2N11O0O00001N100O2O1O1O2N1O2M_[kc1
20131217192134Ch_9,iaVm01mo14NOVPNMho18N0N6L1O1N100000O0O2O1O01O100O10O010O0010O010O100O001O0010O1000000O2O001O0O3N1O1O001O0O101O1O001000O010O001O001O3M101N2O0_PNB]o1?2O1O0O2N2N2O2N1O1O]^Un2
20131217192134Ch_10,fUiS24lo12N2O2NO1O100N011O010O01O0010O10O10O0100O1O2O1N1O1O2O0O000100O2N3M4KdiPj1
20131217192134Ch_11,XaZ_23mo13M1O2N10O00O10O10O10000001O0000O10001O0O10001O000O3N00000O100000O2N10001K^PNJco14^PNLco13]PNMko1001O01O0010O100O2N001N101N01NZPNJeo1720ZPNIdo16\PNJfo144NePX1N^ogN1O02OO1O0MOXPN0ho10YPN0eo10]PN0ao1170YPNO_o1180ZPNO]o10:0[PN0Zo10;0O10O010O0010O010O0_P62RoINmPN3`o1000O1000O10EMiPN2Xo1NhPN2Xo1NhPN2Xo1NhPN2Xo1NhPN2Xo1NhPN2Xo1NhPN2Xo1NiPN1co110ODOiPN2co10CNkPN1bo11O01O01ONTPN0no10O0C0^P20QP2000QP40ooK0\PN0WoM0hPN0Xo10<0]PN0Vo10]P60SP60moC010O00000QP40ooK0RP`00ePF0[oc00XoA0jPJ0TP60ioC0d00gN0XQN0hn10d00000000QP20ooM000RQ`00on_O000oN0QRN0om10fQj01\oUOOO10OO10O10O010O0[PN0do10H0`PN1bo1O[PN0jo11f[[o0
20131217192134Ch_12,`Q[h12no1000aP<0^oC2J5K5lQNDcl1>WSNHgl1;oRNLRm15kRNMUm17eRNJgm1LVRN6km1KRRN5Pn1MlQN4Tn12eQNN]n1j02M1[O^QNLcn12aQNJbn13aQNFIJgn1?cQNCdn1<>101O010O10O010O2O00000O01O0000O2N3M3N4M1NO2N2M3O001N101O1N1010O001OO01010O1000O00QNEZTN;fk1GXTN9hk1JVTN5jk1OQTN3ok1NoSN4ok1OmSN3Rl10kSN2Sl1OlSN3Rl1FiRNEV1f0Ql1DVTN<jk1CQTNGhNg0Um1CRTNc0ok1]OQTNa0Ql1@nSN`0Rl1@nSN?Sl1BlSN>Tl1BmSN=Sl1EeRN@V1h0Vl1LiSN3Wl1NjSNMYl13hSNLYl13hSNKZl14gSNKZl14gSNI\l16hSNEZl1:g100O10O1000O1O1O00001O2L\PoP2
20131230192154Bh_1,X`Uf11no12N5L3L3N1O001OO100001N101O0O000M@hPN=[o112O10O2O1O1O1OO11N1N3O00I8N110O1N2O0N1001O2FIjPN8To1:O100O2O0N11M3O10M12O11O01O1M300O10O01O1O1N11O010O10O001N1L4010O0010O00001OO100O1O1K5M3O1L4O2O0KWOUQNg0ln1610IRO[QNo0dn1610000H[QNSOgn1l08N2M2O2O1NOOiPN^OSo1d0nPN\OQo1e043N2lPNZOkn18VQN5kn1E[QN9Xo1HaPNI\bnR2
20131230192154Bh_2,bXkm2123eo17M3M2O1N1M4K5N2N10EQQNDon1;;0NO4N1010F:L4M3L5N1O1L4N10I6JYQNROgn1S131N11O1N2M2O1O1O1KnPNYOUo1f030O101M3M2N2O00N3O1L4K8L1O1K6N2N3MXifn0
20131230192154Bh_3,[Tmb1;1F`o1b0I8K1N3M]OQQN:kn1C\QN;cn1C`QN>]n1BgQNNB7fn1JTRN3em1HdQN6i01bm1JdQN5k01`m13cRNMZm14gRNNVm11lRN0Rm1OPSN1Pm1NQSN2nl1NSSN1nl1MSSN3ml1MTSN2hl1HQRN6X12el1JRRN3Z13el1IQRN4_1N`l1OPRN2fo1NZPN2jo1O10000O1001O00000000000000001O01O000000001O00000000001O010O01O1O1O0001OaPb0Nlo[O3Wo1NePN6Yo1MdPN5[o181N1N3N101N1O2N2O1N3MXkjW2
20131230192154Bh_4,UkRQ12mo12N2O1O001O00001N101N10O1000O100O100O1O010O1N11LaPNF`o1940L301O01O100O010O1O01000O1000000000001O00001O001O00001O01O01O10O010O00100O001O1O1O0000010O03N0O10O100O1O1O1O2N6K0O1O010O1O00101N0004L11N100O1O1000YOjPNc0^o1L012M10O1O1O0O1010O010O01N10020OO2NO10O12N0000000000001O00002N12ON0011NO000O2O00O101N1KfPNC\o1<5O1O1O1O3M1NcR_e2
20131230192154Bh_5,\RiU13ko15J6J3O101O0O2N1L5N2M101O01AQQNA01O4Po19>10000N200O10001O01O1N2O2N101N1O1000O10O010O001O01O001O1O100O10O1000002N1N2O00000O10O1O1O1O10000O1O0100O010O10O10000OL_PNJbo16_PNIao17_PNI`o18_PNIao1:100O10000O100O10000O100O102N4LmnZd2
20131230192154Bh_6,m\]g04jo14L4M3E:N2O2O01O1O0O3N1N2OO1O1O3N0O011O003M11O0O2N00O1O002N2N1N2O2N103K2O101N001O1O010O001OQOPRNNPn1OVRN1gm1O\RN0bm1ObRN0[m11hRNMWm14iRNMVm13kRNLTm14lRNMSm14mRNCPO4Rn1=lRNGTm1;jRNEUm1d0cRN[O^m1h0_RNVOcm1k0[RNTOd1LRNNck1R1gTNROKL^13ZN3ek1i0RWNAnh1=RWNBPi1<QWNDPi1;oVNESi19mVNGTi1KUTNGO5`0Mb1<li1HYTNM84_17Sj1EVTNO97\16XNAfk11]TN189[1>Pj1VO]TN39;Y1:Xj1XOPTN2?>Z16Wj1[OnSN0c0a0T16[j1[OaTNb0P15Vk1OgTN[OdN<el1>aTNXOhN<el1a0]TNL`k1<gSNROHd0^l1W1`SNjN_l1ChSNj1Wl1UNnSNg1Rl1YNQTNc1Pl1]NSTN`1mk1aNUTN[1mk1dNVTNY1kk1eNXTNX1kk1dNZTNY1hk1]NcTNa1Pm1M4M6H8D9J6J:Em^dR3
20131230192154Bh_7,hVWe11oo11O1O010O1O00001O001O0000O010000O010000000HKdPN6\o1LaPN4`o16O10O010O2OO0LGcPN9]o150000000KbPNH^o17dPNH]o16ePNI[o177O10000000001O0O1000O10000000O01000000O10O1000O0100000O010000O10O0100000O1NJZPN5go12O100O010000O10O10O1000000O10O1000O10O10O01O0100O010O0100O010O1O0001O010O01O01O010N1010O01000000O100O2O000O2Naj^R2
20131230192154Bh_8,dXc^21oo11SPNOio17K20001OO101O0O001000O1000001O0000O2N100O1O01000O10000O10O010O001O0000001N101O1O001O1O000001M3O2M201MPhR^1
20131230192154Bh_9,b\bl12bo10ePNOK3]o11ePN4Yo1NfPN3Yo1:O2O000O10000O1O010O01N2O010OO20O100O0010O1O11O00000O010O10000O0L5O1O100F`PN3go101M2O[P2OgoM000000OWPj11ioUN1N2N101O1O0010O00001O01O1O010ON2M5N0O10j01UO0TO0gQN1Yn12dQNN[n14dQNL\n15ZQNJL1jn16XQNKLOmn16VQNMLMon15TQNOMLon15TQN0LJQo16RQN2LHRo17PQN5Qo1=000000001N2FmPNETo19nPNESo1;900O1O1O01000O1O2N100O100000000000000O1010O0000000O10001O1O000000001O1O000O2O0000O100000001O0000000O100O100N2O2N1O]cYh1
20131230192154Bh_10,[k`Q11PP40PPN0O0O100000O10oo50boI0iP40ioI0io10SP40PPL1O01O010O00001000O1000OQP>0PPB1O00000001O01O0HObPN1fo10HObPN1]o1OcPN1go10FOdPN0\o10dPN1[o1OfPN1eo100O01O000DOjPN1bo101O0100000000000010_o1OaP20ooK00000010OjPN0\n10dQN0]n13j0Mg00aN0_QN1Xo1O1000VO0lPN1c0Obn17ZQNIkn12VQNNjn14SQNMao1O10^O0a00O00110bPNOjn11c01cPNNin12d0Nf00hN0c012Ono10aPL0mn10UQN0]o1000\O0WQN0in10WQN0in10WQN0]o10\O0d00dPN0gn10YQN1fn1O\QN1bn1O_QN2_n11`QNN_n10lPNOe04Wo10XOM`QN9Yn1GgQN:Yn1EgQN?Tn1AnQNa0om1_OQRNb0nm1^OQRNe0mm1[OSRNk0hm1UOVRNm0im1SORRN1Cm0\n1ROPRNS1EoNUn1NURNS1EQOVn1LTRNS1ESOWn1JSRN[1KeNlm10XRNd1gm1^NVRNb1lm1]NRRN32V1mm1mNWRNT1gm1iN^RNU1Yn1M01ZQNiNbn1W1]QNjNbn1\10cNaQNW1gn1N2L3M10005K10OO2O0O2N12M1O0001O00100O1O4M1N100J6MYP_c2
20131230192154Bh_11,Se`[23lo12O1N101O1O001O001O0000001O1O10O111M100O00010000O00010O1O0010O02N1O2O0O00000001O001N4F\PNM11fo1OdPN1\o1O\PN3bo17100OM4N02N1000O2OO2N100O10O1O1O010O1O10O1O0010O1O00O100O]PNFbo1:3O10O10O010O01N10001O0001O0010O1O00001OO2O000010N3OO011N001O1F]PN5ho1O1O1N2O1ORY_]1
20131230192154Bh_12,fVSV2>_o16L0H]OTQNc0jn1CSQN:ln1:GWObQNj0Um1VOiSN3mNj0[m1TOfSN4mNh0]m1VOcSNT1^l1mN_SNS1cl1mN\SNQ1gl1QOUSNg0Um1[OhRN:cm1HXRN9lm1JnQN6Tn1JhQN8Yn1]ObQN5NH3d0an1_O^QN5NI0a0hn1AZQN5N:ln1_OWQNi0Qo1N2O1N3N1O2O0O1I7O1O10001N100O`kdg1
20140118180214Mh_1,UgZa26io12iNK`RN7^m1N^RN3`m13ZRNNem15YRNKfm17lQNBM:Vn17gQNG10Vn1[1M2O2O00001bRNZN`l1i1]SN]N^l1NVSN2Kd0=_Obl1C]SN9Eb05UON=_m1I^RNf02WOO<bm1C_RNk0MXO2;lm1f0TRNZOmm1;TRNXOO=mm1:RRNTO050<nm1MSRNKNG252:jm1J[RN084^m1I]RN184]m1EcRN04:ln10001O0O100000O0001O1O001O1O1NUWS\1
20140118180214Mh_2,_X]_12mo11JO[PN4do14O1O2O0O101N101N101O3M1O001O0001O001O0N3O0O1O1O10O001M2N3O0J6J6L5N1K60O1O2N101N102M4L2N2O1N3N2M6K1O001N2O0001O0000001O01O000O101OO01M4M2O3M1OUhn[2
20140118180214Mh_3,_a`m22mo11O2O0N2O2O0O100O01000IGgPN8Zo1IfPN6Zo1KdPN6[o1LdPN4\o1710000001O01O0O2O00001O0O2O000O101O0000001O000000010O0000000000000001O1O002N0010O01O01O001O1O1O001JZPNNho115Ob^Wn0
20140118180214Mh_4,So^S13mo11K5O2M2N101O001O010O1O100O1100O1O0001O1]QN@em1>TRN@]O5`n1:nQNBA:bn13mQNOUn10kQN0Un10jQN1Vn1L\QNG><Wn1OjQN1Un1OkQNOXn10iQNOEGZn19RRN3_OG^n16TRN9km1GVRN:hm1FXRN;hm1DYRN<fm1EYRN<fm1DYRN=hm1_O[RNb0em1\O\RNe0dm1YO]RNh0cm1WO]RNj0]n1O10O0104K7J3J4O1N1O1O2McnVi2
20140118180214Mh_5,Z\US39fo14M1N2N2M4M2N3N1O1O1O01L2100001O0O1O0O0010101N1O10O10O0010O0010O00000001O001O0O101N100G:O01O0000O11O01O00O2N110O01O001OLUQNSOln1m04O100N101O1O100O0100N2L30O1O11N1L5N2L3O1O1000O1O01M3O1N110O11O0K5N3N20O100OO1N2N2N2MO03OL50N2O2N2N2O1O1O2O1O101M3N2N2N4KPn50PRJ3N20M[na1MiQ^N2O2M2O001O1N3N1O1N2O100O10N2M4M2N4FZkPb0
20140118180214Mh_6,iScn29do13O4L5K1O01000ZL]OoWNc0Ph1FgWN:[h1I`WN8_h1J^WN8bh1HgVN@XNk0Pk1GfVNBmMP1]k1_OeVNk0\i1VOcVNh0ai1XO^VNe0fi1YOVVNNoMA4;Rl14fUN5YN]OM4Wl19`UN;XNZO6MRl1>^UN=ZNWOdl1;oTNc0Uk1]OjTNc0Xk1\OgTN6ik1IWTN8ik1GXTN3_NBYm1=\TNKjk15VTNFnk1>h12O0N02O01O1O00O2O010O001O1N2N6J4Jdo`n0
20140118180214Mh_7,lW_i05jo17K3L3N2N2N2oPN]OGNen1g0_QNC_n1U1K21M2O1O2N8G1O2N3O1N3J8H6K2M4KVfPU3
20140118180214Mh_8,l_eR33lo12YPNN^o1;O2N1O0O1bLCYWN=nh1@nVNa0Wl1101N1000O1000000O100O10O1O00100O1O100O1O1O0O2N2O1L4N2O001O0O2O010`MjNUVNW1Zl1O10000O100O100O2N1000O0100O0010OO2O01O0001O1O1O1O1AoPNNRo12oPNLSo12nPNNRo12nPNMSo13lPNNTo12lPNMVo13hPNNXo1<2O000O1000O1O001O1O1N^OkPN=So1EmPN:Ro1;M3N2L4N2OLYQNQOfn1P1[QNoNdn1R1\QNnNdn1W1O10000000N3N10001N101O1N2O1N2O1N1000O01O10O010000O2O0O100O0\OiPNa0Wo131O001O100O1O1O100GcPNN^o12cPNL^o15cPNG^o1:3101N10E_PN7`o1J`PN6`o1500O100O1O100O1O0O2N2O001O01O1N2O000000N3N1M4N2N2N2O001O1O010O01O1O1O100O100O100O10000O101N1O1O2N2N1N3M4K6Jjbl`0
20140309170314Mh_1,\SYX242Ndo1:N1M3O3M004LO1010O2O0O0010O2O1[OgPN`0^o1O0O0103L10O1N4L3M1N^P80`oG5N011N3N10001O00002N01OO013ON10O02M2O1O10O13MN110O2OO1O1O0000O2O1O2N0O2O000001O012M001OaRN_O^k1a0^TNE`k1;^TNFdk19[TNGfk19XTNHjk19RTNGQl17mSNKUl15gSNMZl13dSNN^l10`SN1al10]SN0dl14VSNNjl13RSNOPm12bRN_OE`0lm14XRN7im1LPRN7Rn1i02O2N2O1M3N2K5N3M2N3L5L5K2M4J5K5Mnhn`1
20140309170314Mh_2,oQ_h03^o12dPNn0cn1>0M03KO04KOfQN`NYn1d1eWN]NVb1f1f]N_N\b1IQXN[1_5oNPc1k0l\NVOZc1c0dWNYOY44Xd1=RWNYO4=^4N_d1:QWN2]4Eid1HfVN34b0Y4B\e1l0aZNUO_e1l0_ZNVO^e1o0_ZNQO`e1Q1`ZNRO]e1m0bZNWOfe1>ZZNBie1=UZNAPf1a0jYN_OYf1b0dYN\O_f1f0\YN\Off1d0VYN]Onf1b0nXN^OYg1?\XNHlg13kWN3Zh10[WN5hh1MPWN3Ui1OcVNDUNZO_k1U1UVN]O_j1b0TUNESk1;jTNC\k1<bTNAgk1:WTNFok17oSNGUl1<eSNC^l1h0USNXOml1k0nRNUOSm1Q1fRNPOXm1X1iRN`NYm1`1fRN^N]m1P23J7J5M2aNQRNn0Rn1eNZRNS1ElNin1R13M;D4M5EViPT3
20140309170314Mh_3,\][R34jo13N1M3JFePN<Yo16M31OO100000O101N110O10O100O001N2N1O1O01M21O1N1010001N01000O101O0LTORQNn0nn12O2N100000O2O0O100O3N1O2M10000O1AjPN3Wo1KkPN4Wo1HlPN7Vo1GkPN8]o1G]PN8eo11IGbPN=`o1100NO111O1O10O010O001001M2O010O100O2O0M4N2N\c\h0
20140309170314Mh_4,\oZW32mo12L4O00001N100O10000000001N100O100O2N1O1O100I^OPQNa0Qo1@mPNa0So1AjPN`0Vo150O101O1N10001O001O2N10O02N2N001O1OdPNFRo1:mPNGSo1<gPNHXo1`01O1O101N0O2O011N00001O0001O00001O0000000000MaPNE_o1;3002N000001O00010O000010O001O001O010O0010O0001O0000001O0000NcPNA]o1?cPNA]o1a0000O10000O10O10O1000001O0000000O1000O1000O101O0O2O1O2M3N1NVP_`0
20140309170314Mh_5,]oXW31PP2000PP20ooM0QP>0coA0[P20?0RoM0?000H270XPNNco10YPN030>0cn10mPN1io1OYPN0fo1050iPN0^n10j00O1fPNOZo1000000000^O0TQN0mn10cP20PPN0PP40ZPL1Yo5O^PL0N010noM00001O000000000001O00^P40doK0L0D0>0`P20QoM0nPN0ao10bo10_P20ooK00000QP4000noK1001O0000bPN0ln10b0000O1bPNOmn11SQNOln12a0000dPNNin13WQNMin13b00dPNMkn13UQNMkn12a01dPNMkn13UQNMkn13UQNMln12a01O0001O00aPNNPo12?0O01000O1O2N1cPNJPo17oPNIQo18:3aPNEUo1=iPNCWo1>gPNBZo1b00N2O1O100000001O001O000M^PNGco19]PNGbo19_PNGao1;2O1M3N2N2N_PU?
20140309170314Mh_6,aefQ22mo12N2N201M3M10001O3M3N1N00121M20N2M001N2O2N1KWZkl1
20140309170314Mh_7,nS]i12ko1300N11O01N2O1N10001O010N2N1000ON211NN3O2NO01010O2O00O001000000N200O01000O2N2N3MemPT2
20140309170314Mh_8,Z]ca15jo11O1M3000001N100O1O10O1000000O1000O10000O10O010O0001O1N10000N3O1N101O1O0NZOlPNe0To14N1M4O01N1001O010OO2O01000O100000000000O100001O00000000000O01O10000000O1O3N1N1N3M6K1O2N5IWPNNko11UoW2OmPhM2O0IN_PN3`o1O_PN0ao11^PN0ao12^PNN0M^o17aPN0]o1:01N1000000O100000000gPN\OVo1g000O01O1GhPNHZo16hPNIYo16hPNIYo17fPNI[o17ePNH\o18cPNH]o19cPNG]o19cPNG]o19cPNG]o19cPNG]o19cPNG]o19cPNG]o1:cPNE]o1;dPNE[o1<dPND\o1<dPNE[o1;ePNE[o1<dPNE[o1b0N001O00O101O0000000000001O000000000O101N100O10000000O10O10O10000O10O10000000O101O0O100O101O000O100O10000O10000000O101O2N1O1N101O1O001O000O1000O10O1000O1O1000000000O10000O2O00000O10O100O00101O00O010O1O100O100O1O1O010O01N10010O1O100O10O1000000O100000001N101O0O3N[eTl1
20140309170314Mh_9,YnfU34ho14O2N1O1OO2O0100000000001O010O01O01O01O01O010O001O1O1O2N1O3MRP20cP80fnG1XQLOin12b01N1dPNLln13`P2M]PL0^o10\PN2jo120OVPNMho12XPNNio11VPN0i0OXn12hQNNXn12k0OmPNO\n10i0020oo10eP60ZoG000B0lPN0Uo10jPN0G001co11_PNNL2Vo1NVQN0F1O1Uo1N_QN1Xo10ZOO]QN1Yo10[O0[QNOgn10XQN0in10UQN0^o10`o10`PN000a00_O0QP40^O0aPL001O00000_PN0Ro10?ORP20PP20_PN0QoM0nPN0So;0^PF0aPN0on30QQL0mn10b00O1dPNO^o50\O0cPL0O0fPN0en11[QNOen10f0000O010fPN0dn10f0000O0100001dPNOhn10XQN0hn10d00010O00bPN0ln10TQN0kn10c0000bPN0^o10oo50PPN0QPL0N100001O100000mo70UPF0lo10TPN0ko11UPNOmo1010N1IO`PN0co1070^PU?
20140309170314Mh_10,`[Ug22lo1200O2N101N2O0O2N10O01O01O100O11O000O11O03M2N10O10O0010O1O0O2N1O100O1O1N3M2N3NcdZV1
20140309170314Mh_11,hVo]33lo12N2O1O000001N101O0O100000000O10O010O100O100O100EKjPN6Vo1JjPN6Vo1JjPN6`o110O000O1000000001N101O1O0O2O1O1O0010O001O0001O001O0000000O101O0O0O2O100001NJAmPN?Qo180O1O1O1N02O100LFRQNKnn15VQNEmn1:=L5H_jP=
20140309170314Mh_12,[]aa13jo1O30YPNOao10`PN1go1000EOgPN1Xo10iPNOVo11kPNOTo12lPNNTo11mPNORo11oPNOQo11nPN0Ro10nPN0Ro10nPN0So1OmPN1`o10100O1001O2N0O100O1O01LWPNO[o10SQN1mn1OTQN1hn10jPNO>1in12WQNNjn1OYQN0Vng00UQZO0oo11QPNOO20O10QP4OPPL00000O10ORP40ooK0mPN0Tnc00lQ^O0RO1XcfY2
20140309170314Mh_13,eWYV31mo13N1O100000O10O10O10O10O1000O1000000000O10O101O0001O000O010MWPNNeo51XPL000SP`00mo_O3M2N1O003M4L1RODVRN=Xm1CZRN3>9Vm1IYRNO`09Vm1HYRN2?6Wm1IZRN2>5Xm1LWRN1?4Ym1KVRN3a02Ym1=gRNDXm1<hRNDYm1;iRNDVm1<kRNDUm1;lRNDTm1<oRNBQm1=oRNCQm1<QSNDol1;RSNEml1;TSNDml1<SSNDll19WRN[On0<kl17XRN]On0<il17YRN\OP1>el16[RN\OP1>fl15ZRN]OP1>fl15ZRN]OP1>gl14\SNKfl14ZSNLgl14YSNKgl15ZSNAmN3nm17[SNHgl16YSNKgl15YSNIjl16VSNHll18TSNGml19]1O1O2O000O2O001N1013LO100O3MXPb01ho]O000O02O01O1O1N101O001O2M10H]PN3co1L_PN2ao1NaPN1_o1O90QP40ooK001O0VPNOeo1150001OO1000OUPN0go11YPNOgo10ZPN0eo11[PNOeo10\PN0do10\PN0co10^PN0bo10^PN0io100000io10WPN000WPN0bo10^PN0bo10^PN1ao1O_PN1ao1O_PN1ao1O`PN1go10GOdPN1[o1OfPN0Zo10fPN1eo100O10O010@0nPN0ao10B0lPN0To10lPN1So1OnPN0Ro10nPN0Ro10?0`PN0Po10PQN0Po10PQN0on11QQNOon10RQN0nn10`01N1ePNNin11YQNOdn13]QNMbn14^QNLan15_QNK`n17^QNIbn11oPN2?M\o11N1O1O0O02N2O10B4iPNLWo18cPNJ]o1<0FdPN1go1NdiP=
20140309170314Mh_14,eWSV31no12O0OOUPNOjo1030WPN0jo10oo30QPL000O0PP40gog00YPTO100SPNOio1320000MVPN0io1130010NTP:0moE0PP20ooM10000ghbf0
20140309170314Mh_15,`ebQ22mo12NO3NO1YPNOao10aPN0^o11cPNOWo11aPN0;OSo12nPNOQo11>1bPNMon13a0NfPNOfn11\Q2Oin10eP20moI0O0\PN0Zo10YZil1
20140322200714Mh_1,`XeP31lo15M2O2N1N010000001O001O000010O02N0000000O010000O10O2O00000O10O01O1000NcPNA\o1`0dPN@[o1a0ePN_OXo1f0O010O01000O1O10O10001N2O1O1O0O2O000001O01N10000N2000O1000O1O10O1O1O1O1O0000010O1O010O00100O1O10O0N3N20O0O100O101N100000O2O001O00O2O0O1N2001O1N101OI_OPQNa0Qo1_OnPNa0Ro1AlPN`0To15O2O1O0010O0O1N210O00O10000N201N10M210100O1O0001O0000O11O01000O2N1O101O1O1O001O0000001O000001O000001O0O10O10O1O1O100O100O1O100O0100000O1O01O010O100000000001N100000O100000000000000O1000000O20O00000O10000O1000000000000O100O11O00001O0001O00O100000000O0100000O0100000O100O010000O2O0O2O1N1N4K\jT?
20140322200714Mh_2,dRem16ho14M101O03MO0N3001N2O0O100O010O10O2O0O1O001O1O1O001O010O01000O100000001N001O11O00WWNBoa1?o]NDPb1<o]NFQb19i]NMWb12g]N1Yb1Oe]N2\b1Nd]N1]b10a]N0`b10_]N0bb1O_]N0cb10[]NOgb12X]NLkb13T]NMnb12P]N0Rc1Nj\N7Uc1Kg\N7Zc1Ia\N:ac1F^\N9cc1H[\N8gc1GY\N7kc1HS\N7Pd1Hn[N9Td1Gk[N8Xd1Gf[N8]d1G`[N;bd1E[[N<gd1DV[N=ld1CR[N<Qe1DlZN<We1DhZN;Ze1FcZN:_e1F`ZN8ce1H[ZN8fe1IXZN7je1JTZN5me1LRZN3Pf1MPZN2Qf1MoYN3Rf1J_UNF^4a0Sf1KiYN:Vf1GgYN<Xf1EfYN=Yf1ChYN=Wf1D`YNFSLg0^j1CZYNg0gf1ZOVYNf0mf1ZO]XNNTMh0aj1ZOPXN^1]MTNdj1?lWN\1]h1dN`WN]1ah1cN]WN]1fh1cNVWN_1kh1aNTWN_1mh1\NmTNGS2e0SN8oj1[OmTNFo1e0_N4fj1@mTNFm1d0gN2_j1DmVN;VO^OQj17eTNGn1d0nj1IPUN7Pk1JQUN3Rk1LlTN3Xk1LYTNa0ik1_OVTN`0lk1@nSNd0Ul1\OhSNd0[l1\OcSNb0al1_O[SN>jl1BTSN6Wm1KeRN6\m1L`RN6am1K\RN4fm1ORRN5Qn1j04K4M4K6F9J7E]llj1
20140322200714Mh_3,_dZV11c02en1OZQN4dn1L\QN5cn1K]QN6an1K_QN7_n1IaQN7^n1JbQN7]n1IcQN6\n1LdQN4[n1MdQN3\n1NdQN1^n1N_QN5`n1M^QN3bn1N^QN1bn1O^QN1bn1O_QN0bn1NaQN0_n10dQNM\n13h00dPNIQo17nPNJQo16PQNJPo16<000O11O010O01O01O02N0100O010O01000O0100O0100O010O0O20000O010000000010O0100O010O010O010O03N000OJ[PN1fo1M[PN3io101L22M3O1O02N00000010O0000OYPf0NjoYO001N10001O000O1O100O100000010OO1010O1O00010O0010O01O001O010O0100O00100O1O11N1000O01O000100O010O2O0001O1O1YPNHco1;04L00O10O01O1O2N10O01O3L101M2NjZW_2
20140322200714Mh_4,WZae231Ogo17ZPNHbo1<N101O0O10001O001N100O100001O01O02N1O1O10O0000000O101O0O01O2N100O10O1O100N20000O2O001O0000001O0O102OO010O10O01O000ZOhPNd0Xo1\OhPNd0Xo12O1O001O1O1O10ON3L300001O001O01O001MOVQNQO^n13gQNm0]n1TO`QNm0an1:O@aQN_O`n1=fQN@Zn1>jQNAUn1?mQN@Sn1>QRN^OQn1a0i0N1N3D_PN4ko1K_fdT1
20140322200714Mh_5,d\Q]13n0Oom11TQN0i0ORn17mQNISn19jQNHWn18fQNKYn16cQNM]n13aQN0_n11]QN1cn11XQN1in10UQN1kn1a0101N10001O1O1O5K1ZOhPNb0[o1O10O10O10001O001O0000001O00001O001O0001O010O0000000001O0000O2O01OO10000001O00O2O0bPN@[o1d0N2N3N2M2O00O1O1N2O100O10001O0010OO2O000001O00K6O0O1N3K6MgbZ]2
20140322200714Mh_6,SfbU32no10N201O00001O1O01000O100O1O1O10O0010O2N10O010O0100O1O10N11O10O00100O10O01O010O0010O100O1000O2O1N2N1O0010N3N1O001O0010O100O2O00O11O0000O1O11O00001O001OO101O001O1O100O112M2N1OO1O1N3O1M2M3MdWad0
20140322200714Mh_7,^dl[11mo50QPL1O1O0011N101O0000ioc00_P\O0H0I070PP20QPN0O0QP20PP60h[]a2
20140322200714Mh_8,`PUW21mo13N001O1O001O2N1O1O2O0O101N100O101bPNCVo1f0N00001O00O10O1O01N2N2N2O010O10OO2002M11O0000O1O2O0O0100O1N1@hPN:Xo1EjPN:Uo1FlPN9Uo1FlPN1L2Yo1MkPN0M3Xo1LlPNON4Wo1LQQN4Po1KkPN0M5`o1M_PN3ao150100O00F^PN8ao1301O0010O1O01O000010OO2O0100O100O2O1N100O100000O010O100O100O010O1O3N1O1OO100O1O0O1O2O01OO200O1O1O2O1N100000O10O000100O1O1000O1001O00O2OXPNKeo190O1O000O10001N1N2OgPS`1
20140322200714Mh_9,mcP`23ko15M2N03M00lNK]RN5cm1L\RN3em1OWRNLTO4fn12QRNL\OOdn17nQNJ_ONcn19YQNH452Khn1n0010000011OO0O2O3N2N0O002N0000RO_QN=an1BfQN8Zn1GiQNGF;`n1MQRN4om1JQRN7om1HSRN8km1HWRN8im1FXRN;gm1EZRN9hm1FYRN9gm1F[RN8fm1G^RN4eZc]1
20140322200714Mh_10,kZYn11oo30loM5O0000001O0O101O00001O0000100O2N0O20O010N2O000000000F]PN7fo10N2000001O00000000010O00001OO10O0100N]PNGdo191102M0001O0000000001O001O100O3M1O0000010O10O1^OdPN?`o1N1O1N2O1O2N0O2O0O1O1O1Odd\l1
20140322200714Mh_11,mQ]e11no13O1O1O2eQNNcl13YSN0il1OSSN2fl1HSRN119o02ml19fRN]O]O?nm13^RN8gm1ImQN;\n1;9F:J5G9J6L6JXm^Y2
20140322200714Mh_12,icXX11mo50RPL0mo;0RPF0QPN0ZPN0eo30WPV10kogN0O3M102N01O000O1N2Oe[gd2
20140322200714Mh_13,Z\S`03Wo12oPN;kn1KPQN:jn1`0N2K500L5M2O1O100O1N200O1O1O2N3N1N3N2M2O2N3M002NjNdRNKZm1OmRN0Um1LnRN5Um1DmRN<Tm1AmRN`0Vm1\OjRNe0Wm1WOlRNh0Wm1TOjRNk0Wn1O0O101N2N2O1O2M2O2M2N3L3N10001O1N3L2O10Vc^\3
20140322200714Mh_14,Pk`U12lo14M2N10O11N1001OO100bPNJQo1f0M101N1O1O010N101O1N2N10EUQN@kn1`0[QNZOgn1d0<N1O2N4K3J5LUU_h2
20140322200714Mh_15,UT[e11jo18I6L2OG>K2OOOoM0hSN0jN2cn12SQNL?6Wn1JTRN6fm1J^RN8_n1M2M7NN03022IN^PN2go1OWm\Y2
20140322200714Mh_16,jcd_23mo11N3N1kNL\RN4cm1M]RN5]m1GdQN6n0NTOOWn18dRNGZOOom1>dRNDfm1=XRNDALmm1`0`RNH@IPn1?^RNIBHQn19jQNHa09DETn18hQNJ>:EEXn14gQNM6<FB41\n12fQNO1:KGOMbn12eQN1L9NDN20Ocn10fQNOH4520L]n10\RNNVO2]n1O[1000SQNOkm11S110NRQN0km10WRN0hm10[RN1bm1OX10X10om50nPJ0^PN0jn10dPN0[o50bPL00010kPN0C0Yn10X11O1O0R]_]1
20140403081714Th_1,QaRe24mo12M1O3M8I0O2M3M3M20O100XOmPNb0Yo10O11O3MO2O001N2O10O4ONO003L11O000001O000O10O11O0000000002OO01O1O010O011N6K7H01O11PQNROkn1Q110O0100O2N6J1N2N101O2N3L11O00000O100O110O0O1000@ePN:\o1CePN>_o10O1O0100000O100001O00O10O0010O1O001O12N1OO010N2O010000O0BbPN:do1O0O0010O1O1N3O10O1O011OO1O1O002N2N2N1O14LO1O1O2N3N20NN12O3WOjPN?[o102N1O1N3L3O1N1O1OkXeQ1
20140403081714Th_2,[_kc21no11goc04bPZOMXo1?O1N1O1001O3M03M0O1O01O1N2O100O22M0000O1O1001N1O1O11O000O01O001O1N2]Oc0O01O101N2O00O011O10O1O1O1O001O000O1O1O1O10O01O1O1N3O0O10O100O1O2N1HUOYQNm0en18O1O01O01O0M3O11O010000000N4L2O3N0MKQO_QNm0\n1\O`QNc0bn1<01000001O0YOiNfRNX1Qm1UOjRNk0Wm1XObRNk0`m1e04OL5M4N2N0L5001O2O0OHbMoRN_2Pm180000O1LZNUSN>cl1L_SNNel13ZSNKgl17XSNHhl1:WSNFhl1;YSNDfl1:dSN_OZl1a0lSNZORl1h0QTNUOok1k0TTNSOkk1n0WTNQOhk1i0hTNmNXk1T1SUN`Nnj1_1j1_ObQNVOhn1j0XQNUOhn1k0YQNUOfn1k04201O01OO1101O001N1N4M2M5K4MNDdPN:^o1310O01000O2N1O00O1O1M4O03N0001N3L4LofPQ1
20140403081714Th_3,U[aS31no12N101N2N2\PNH^o1>O0000O001O100O100000N20O01M3N2O001001N101N2O0O1O1O10O00001O001O1001N1001O11N01O00000000O1O00010O1000OI^PN2bo1M^PN4bo15N3N1O100002N00N3N1O1HAnPN`0Qo18O]OPQN8on1CTQNa0jn1_OWQN`0in1AWQN>jn1BTQN`0kn1<N1O01O0001OO20O001O00000O100O1N101O000N3N200O1OO20N20001N1O2O0O0100M30L5N1J5O101000000N3N1O1O000O1OO2N211N2O2FPRNaNQn1^1mQNdNSn1a14HjQNeNXn1W1:N3M3L3N3N2N1O2N2M4L2J7L3O2N1O2Nehlb0
20140403081714Th_4,d]gg01oo1000O2O0O2N1O2M20000O10010O000001N101O00000000YPNIdo1:O10000000001O10O0001O0O1010O00101N1O000000O10000000O1000000O10O10O01O01O1O100O1O01O01O01N1O100O2O00001O0000001O01O01000O10O010O001O10O010O1O10O1O001JBgPNa0Yo1200100O100O100O100O010O0001O1O010O0100O100O100O0001N20OO3N1O1000000001O0001O00000O2O001O0000001O1O000O2N10000000010O01O1O2N001N10001O1O1O0O1O1O1O1O1O1000O10000000O01000O2O0O1000N20O10O1O0100O010O0000100O100O1O010O1O0100O010O10O01O10OO2K5O001O00O200O1000001O0000000O10001O001O1O0O2O000O0100O1N1O2N2O00100O0100000O1000O1O2M3O0O100O10K41O2M101O1O1O1N2LQeRg2
20140403081714Th_5,Ud\R34lo11O1N200O1O1001000N2N1O1N2N3N_OdPN?[o15N^OjPN;_o10O0F:M3O1O20N3OO1N210N021M1N2N2N3M3N3L01N2O1O2N2N2N1O1N1010000O2N10000O010010O0O1000001O1O2M4M2O1O0O7H5J3O1O015kQNYNhm1Q2lRNlMWl1S2cSNRN_l1P2RSNZNQm1Y22N2N1N3L4SOfRN[NM?bm1R1lRNfNXm1X1i000N`0^O3DRQNDPo1?70001O3M2M6J3L]Xag0
20140403081714Th_6,mXiW22lo13O2M4M7C7O00[OmPN<^o1M11N2NODEWQN:hn1NSQN0ln11VQNNhn1O]QN0_n15`QNK_n17`QNHan19]QNGdn1<WQNEkn1f02N2O2N1O1O0000O1001O000O0LlPN^OTo1c026K5M1XOYOWRNe0hm1[O^RN`0am1_OaRNa0`m1YOdRNh0Wn13J5M10I70EUOcQNl0_n182A_QN@an1=c0O1M3M4L3O2M^idd1
20140403081714Th_7,kaZe12no11N101O01O01O000000001O1O1O1O01O10O0100O1OYPNKdo190O010O01O001O010O10O10000O010O00001O001O00010O00010O0001O01O01O0000010O010O10O01O01O001O0002N0001O00000O1000010O1O01O0000010O2N001O01O01O000001O010O4L100O1NLO\PN0do1052O2N2M101N11O001O01O0000000O1010O]PNG_o1?N2O5I2O001O1O1OKoPN[ORo1d06O2N2O03MO0012OO00000O01YQN\OQn17]QNL1N<4Un13_QNI1O;6Tn18RRNImm1;oQNFPn1:PRNFQn1;iQN^OG7`n1=gQNZOK8NK[n1d0jQNYOM>[n18gQNZOO=\n19cQNZO2=\n1<dQND]n1;dQND]n1;cQNE]n1;dQND\n1<dQND]n1;dQND]n1;cQNE^n1:bQNFbn16]QNKdn15[QNKfn14YQNMgn13YQNNen14ZQNLbn12\QNC1<cn1OdQN2]n1LdQN5\n1JdQN6^n1GcQN9`n1CaQN=Ro1O00100O001O001O1E_PN5go1O000001O01O000000O10O10O100O100O010O1O010O001000O1O01O0IIgPN7Xo1MdPN3]o171O100O2M3N1ON3000O101O002N4K10^[al1
20140403081714Th_8,Rf`j05ko10000OZQN1]m1O_RN8_m1H]RN=bm1B\RNb0bm1^O\RNf0am1[O^RNg0am1YO^RN9_OOQn1G`RN5G4gm1FbRN3M7^m1GcRN138Ym1FbRN2?1am1OdRN1nl19TSNHgl19\SNFcl18aSNGbl13bSNL[n1NfWWT3
20140403081714Th_9,ZPiS31mo12N3M2L400O1010O01O00N4N3N0O01O0O2O0K6M4I6N3M100O01O0O1LJ\OTQNN2f0jn1:0O110EUQN@ln1>=N3M1L4O1N2O1N4LgPai0
20140403081714Th_10,WnfV13ko14N2O10OOO]PNJ^o17`PNL^o12dPNOTo1MmPN>Ro1CmPN>Ro1BPQN=l1Cmj11VSN>f1FUk1KWSN>`1H\k1HVSNb0Z1Enk1<nSNDWl1:gSNG]l17_SNJdl16XSNKil16TSNIPm19gRNK_m12ZRN1om1LiQN7[n1J^QN8en1;8G7M5L3O3KdP_g2
20140403081714Th_11,RTko03lo11lPN2Un1OiQN3Wn1MgQN4Yn1MdQN4^n1L`QN5`n1K`QN4bn1L[QN5gn1JXQN7in1IUQN7nn1HPQN8Ro1ImPN5To1LkPN3Wo192O0O101O0000MDePN:[o1GdPN:[o15010O0100O01N10000000O01O1O101N3M^OI_QN6an1L]QN3dn1NZQN2hn1NVQN3kn1LUQN3mn1MQQN3Ro1LmPN2Vo1MkPN14N`o1000B0lPN1To1<011N4KTmhl2
20140403081714Th_12,ZSiZ28co16N1mMKeRN5ODP1>Wl1g0oRNiN<b0bl1S1XSNQOgl1S1QSNTOnl1o15J2YOoRNYNSm1<eRN\O77MLVn1>S1M2M300N3MknTd1
20140410195814Mh_1,TV[g08fo15M0O2O1OO01OO2OO1000O2O0010000O01O0O2M2K6N2L4M3N101K4M4VOVO\RNl0\l1nNoSNGBW2]l1YNdSNT2[l1i0N1OO0M3\MgSNh1Yl1XNjSNe1Wl1\N_SNYO7Z2Ql1o0=J5N2O4L4K4M2M4]NjRN9Vm1DRSN8ml1E[SN8cl1EfSN7al1\OfSNd0Yl1VOZTN>em1O3M2N3M3K`kPU3
20140410195814Mh_2,[Zag01mo13O1N2O0O011XPNIdo1:O01001O00000000O1O010O1000000000000000O100000O010O10O10O01000O10000001O00O10O0YMHhUN8Wj1JhUN6Rm1O02N00O10QNH`RN1[18lk1<RTNCfk1h0WTNYOfk1m0VTNSOjk1R1gSNhNZO7ol1U1bSNUO^l1Y1RSNiNol1S21QNVSNg0jl1RObSNi0^l1TOhSNj0Xl1SOmSNk0Rl1TOQTNk0ok1SOTTNl0kk1TOWTNk0hk1UO[TNi0ek1VO`TNf0_k1ZOhTN>Zk1AjTNNbk12W2O0010O0100O1000O10O01O10000000010O01O01N10000000000O01001OO1O01O10O10O10O101N101O1MViVQ3
20140410195814Mh_3,VQoa14lo11O1O1O1O1O100O1O1O00000100O102N1O1O0001OO10001N2MWP21goM5M1O1O1L4L3O2N5K=B3O22MO1O2O0O10O2N2RO\QN=fn1^O_QNOK6Vo1MgPN5Wo1>K6K120NXOSQN;nn1BZQN9Yo1N1O01O1O1O1000000O2O0O011O00000O1O10O00100O1O1O1O10O011N0O2O4K2N2N2N1O10O12N\ORQN4Po1IRQN7on1GQQN:[o1OO1M30O2O2L4M6Gdj`W2
20140410195814Mh_4,YXec14lo11N2O1O1O001YOIcQN7]n1KbQN4]n1NbQN3]n1M`QN7_n1K_QNIF8kn12[QNGJ7kn16WQNCO6jn1>VQNBjn1j0100O1O1O1O1]OPQN5on1KQQN6on1IRQN7on1GRQN9on1ERQN:Po1DSQN:Yo11O01O00001O01O11N1000000O1O0002N00000O010000O010O10O0100O10O1000O01000000000000O1000001O00000O1000000000O1000000O010O0100O001O01O010O10000O100000001O0000O10O1O10O01O1O10O10O1O1000O10O1O1O1O1O1O2N1Olg^T2
20140410195814Mh_5,ZXac11no12SPNNio10ZPN1eo1O\PN0ko1000PP2000ooM0^Pj10boUN00001ao=ObP^20mo_M0ooE0PPN010O001O010oo1OQPN0100000bgnT2
20140410195814Mh_6,Sclh12lo13O0K5L4O1O010O10000O1O10000001N2N3L3N1L4O1O101OUP<0joC10O30N4MO10L4M2O1O1002N1N1001O00000000001O00O11N2O011N010OO2O002N1N1010O1O100O1O001O2N3M1O1O1O1OFfPNOYo10iPNOWo12iPNLXo15hPNJXo17gPNHZo1:dPNF[o1`01O0001O00000000O2N1JePNF^o16;Kf\mP2
20140420195854Bh_1,hUmR21no12SPN2go1MYPN4fo1301O001O0O0100O1O1O100O100000N2L4MDaPN=ao11LBdPN>\o13O01O1O010O100O10O010O01O001O010O01O1OM2100010N01O101K4M3OL6N3M3N3L3N1M^k\i1
20140420195854Bh_2,PfjV12no10L5O0M3N3O1N10001O1O1O1O2M2O1O0100O6J3N0O2N1O2N1O10000O0102M1O1O01O000000001OO100000010O0001O01O0100O1O10O010O100O00100O10O1O010O0O101O001O10O1O100O100O0100O1001O00O100O010O1O01O001O2M2O1O001ODbPN6fo1M5L^Xmb2
20140420195854Bh_3,]c`d2122eo17N2O1O001O2N100O1O1000010N102M3OO102NO0O20O5K2N2N1O00000O10000O10010O00000011_PNFVo1d0gPN@on1o0I2N4M4L1O0OO2N3I:QOSQN<To1_OQQN>[o1C_PN3UZWX1
20140420195854Bh_4,gUQg121197kn13nPNOOFln1P1O00O100O1]OYQNMhn11c002O0O10001O0010O0001O0100O000100O010O010O10O010O010O001O100O100O1O0O20O001O001O000010N10O11O0O10001O00D_PN:bo1G_PN7^o1HgPN6Yo1KgPN5bo1000O00100O0010O01O010O010O0010O01000O10001O1O3M1O1O001OekVS2
20140420195854Bh_5,WbfS34io16L2O1O0011000N2N1N2N2O02O1O0101O12LO1O002NO10002N3N000O100O0100O1O10AcPN:bo11N2N1N2002OO3N1O000O1O1O0O2N2N1O0101N2O1003M3L2N2N2N2O01O:H1ONO0000O1N2O2nTNVOlf1l0mXNXOXg1f0TXNUOTM8jj1b0kWNO^h17QWNKTi14gVNK_i19XVNFni1;lUNEYj1;bUNEdj1:WUNGoj19mTNCYk1=dTN^Odk1b0ZTN]Ohk1c0WTN\OPl1?oSN@Ul1>oSNoNkN;Xm1f0WSNUO30il1l0fRN@`0Dkl1a1VSN[Nnl1c1i0M4L5L4K:F5K8GjXSf0
20140420195854Bh_6,iWQk15ko12M2O0000O10000O10000000000000000O10O10O1000000000O0100000O10O1000001N010000O10000O01000000O10O10000000O10O1000000O1O1O100O1O001O001000O0100O010O0MEbPN;^o131O0O2N2O0010O010O0O2O1O0100O1L5L5MUiTo1
20140420195854Bh_7,QYi\21no111O00N3O0000000000001N100000000001O00000000O1000001O0O10O101MQP4MTPL2N1N101O0000O100O2N2OPP21ooM1N2O0O010O0100O010O010O100O1000YPNN`o136O01N3N100O2O001O1O2N00001O04L1O2N001O000000000000O100000O010000001O0000000001OO10000100O01O010O0O3M2O0O10ofj[1
20140420195854Bh_8,g\W[23mo12N2VPNJdo1=_PNF1Nln1Q1K4L2N4M1OmN_QNF5l0]n1TO`QN2>b0To1H2LWbnc1
20140420195854Bh_9,oehQ21no12N2O1JL^PN4ao16O01O1O1O1O2O001O00000000O01001O000O10O0010O10O010O01O10O01O10O10O1000000O100O10O1O1O1O101O0010O0010O010O01000O010000O10O1000O101OO01O0100O1O1O11N10001N100001O0000001N100O2OO103L2N2N2N3M_OfPN=ao1M2O1N10001H[PN2jo1O00lXag1
20140420195854Bh_10,SZc]33lo14L4L4L9F:bQNVOTm1o0aRN[O\m1i0[RN^Obm1b1M3N3MTNXSNd0dl1[OcSNc0Zl1[OlSNc0Rl1[ORTNd0lk1]OWTNb0gk1^OaTN;^k1ElTN2Sk1NTUNLkj13XUNMgj12ZUNOdj10^UN0aj1OaUN0_j10bUNO_j10aUNO`j11aUNN_j12aUNM`j13`UNL`j13bUNM_j10dUNO\j1NgUN1Uj1OQVNOmi14UVNIji1:l211N5J^gR`0
20140420195854Bh_11,^_ik24lo12M4M0O0100OO100001O2L3MQP22noM3N2N2O2N2J5M4K5K5L3L3N2N1O1DgNRRNX1nm1lNPRNR1Pn1QOnQNo0Rn1ROmQNn0Qn1SOQRNk0om1TOURNj0km1QOZRNn0gm1ROYRNn0fm1TOWRN?FETn1LTRNa0IBSn1NQRNo0Qn1QOmQNb0NASn1OnQN=4Bnm12oQN87Eim14TRNO8Kcm18SSNFll1;]1O1O2M3M4LRP40coK2fPN4So10jPN>in1?M3M1OK6O1O1N1O100K60JWOUQNi0in19N1O10N2N1O1O1O01O101O2O002M2O0O0O3fLQOlUND=\1ci1KWUNlNU1Z1ai13SUNdNZ1Z1ai17RUN_N]1Z1`i19QUN_N]1X1ci1b0]VN]Odi1d0ZVN[Oii1e0UVNYOoi1gNgTNn1R1RNPOU1ek1lN_TN`1i0Fak10bSNkNg0o0[l1NcSN1_l1NbSN0`l1OcSNM_l13lRNXO7c0nl14gRN^O<<Vm1M]RNI?7Wm1MZRNM?4Zm1MXRN0=3[m1LXRN2<2]m1JYRN3;2om1MQRN2im16WRNHjm19VRNEkm1;VRNCkm1=VRNAlm1=URNClm1<TRNDnm19TRNEPn18PRNHRn14oQNLVn1JoQN7mn100000O10O2O2M[c\l0
20140420195854Bh_12,_one11oo15I3N1O2N2J6K4O000O01O100O1O2O1N01O11O1O001OM30M301O00000M4N1001O0O101N2O10O1O100O01000O10O1O001O00N2001O1GBPQN>Po1CoPN=Ro1ClPN=Uo1CkPN=\o1O1O001O0O2O01O1O1N1001N200000000O101O01O001O001OO100O1O100O101O000000O101O0000001N2O1O1O001O1O001O00FdPN0]o1NgPN0Xo10hPN0Xo11ePN1[o1:000O20O0000CfPN5Zo1HiPN7`o10001O2N2O0NoQUR2
20140420195854Bh_13,X][j07eo18M3G6_Oa0J6M3N3N1O01O2OO0L]NjQNd1Un13000C=YO`QNMcn12aQNHbn1MXQN0[o1NhPN2Xo1NgPN2Yo10ePN1[o1;0]OePNa0\o12L6oPNXOan1V1`QNjNRn1W1iQNnNUn1X1iQNeNUn1]14201NWOkQNKSn10VRNCQn1?7_O`QNe0[n1b0N3O01O2N1O2N1N3N4L3M3M2N1N3N1OO1N1O1101O1O1O2N1N2N2O0O11O0O1N200011N1O00O2N2N1O2OM2101O0O2O1N1N2N2001O01NM311N2N2O1O1O01N1O10N2_OiPN:Wo1GiPN8Xo1IgPN7Yo171ON20@lPN5an1HjQN4F2_n1M_QN0O25O]n1f0cQNXO^n1j0;1M3M3N1O01^OXQNJin1e02L3O2N0NM23N210001O0N1ON30101N3M1O2O0O1O0100O100O01O002N1N2O2N2N3M2O101Nohnk2
20140420195854Bh_14,YZUW22ko1OVPN2io14O1XPNJ01`o1=O00O2N2O102N02_PNHUo1d0M1O101O04M1N0000001N1O1@hPN7ao1O0003M001OO10001O1N5L1O0000O10001O000001O001O001O001N_dbe1
20140420195854Bh_15,h_kb11no12O1N1O1O1O4L3N1`PNDZo1<fPNDZo1<fPNDYo1b00001N107I1O1O10DQQNGmn18UQNHjn17WQNKgn1DXQN<22ln1IUQN7kn1IUQN8kn1FVQN:jn1FVQN:kn1DUQN>kn1@VQN`0Po15O1O1000000000ElPNJUo15lPNJTo16mPNISo17jPNMTo14lPNLTo1`0001O0GlPNFTo1:lPNFWo16kPNJVo14jPNLWo13iPNLXo13iPNMXo11iPNOWo12gPN1Wo1MfPNK38Wo1MfPNK38Wo1MfPNK38Wo1OiPN1Wo1OhPN2Xo1KgPNL19Xo1KgPNL19Xo1KkPN5Uo1KkPN4Vo1LfPNMO7\o1LePN7[o1JdPN5]o1KcPN5^o1IcPN7]o1HdPN8co1O10O00001OG\PN7co1I]PN8bo1H_PN7`o1J`PN6_o1KaPN5_o1JcPN4]o1McPN4\o1LcPN5]o1KcPN6\o1JdPN6\o1IePN7co1N11O1O0010O1O1O001LXPNNho12YPNMgo13YPNMgo13YPNMgo16001O01O0000001N10000iPNHfn18YQNJfn18VQNJjn16VQNKGKkn10WQN:5Odn1HWQN:3Obn1LXQN74Ncn1=ZQNDen1=[QNCen1k0001iNYQNU1gn1kNYQNU1in1O100000002M4M1O1N2O4L1O1N2O2M4K4L3M1010001N2OTPN0go1500O2O001O01N10001O0000O100001O0000001O000000001N100000c^`R2
20140420195854Bh_16,XZUW21ko11VPNOko1030YPN0J010\o10`00aPN0^o1001001OF0ePN0[o10gPN3EM30Uo10f00k00WO0O0SP40moK000O000A0aPN3oo1MYPN0H0lo132M03NOBNmPN3So1MmPN3`o1N2O00J1700O0050E0\PN012Zo1NfPN0N4[o1LgPN1L5\o1JhPN1L6Yo1KkPNOL7Xo1KkPNNN7Uo1LmPNL16Po11nPNI44nn13nPNI`o10_PN30Mgo11YPN0go10WPN3go15ZPNHao1<0O3H[PNO;1kn1NkPN075on1IkPN336Vo1KhPN5Zo1KcPN4ao115N5L0001XPNMbo1a0]PN^OXo19QQNGon16lPNJ00J141jn14RQNM=0F1NMen16\RNJcm12aRNM^m11dRN0Zm1OjRN0cn10lN0UQN030]o12PQN04Ngn10fPN4oo1N21UP2MeoM3O01Njabc1
20140420195854Bh_17,Skfl02lo16L3M3L3N2N1O25K00O0O3M5J3M1O11OO\OPQN9mn1H]QN2an1McQN2[n1MgQN4Wn1KlQN5Pn1LSRN4km1LWRN5gm1DbRN:cn10nSeQ3
20140420195854Bh_18,gWSl11oo10VP20C0WPN000O1M0VPNO50_o11\PNO50^o12]PNN50]o13^PNM50\o15ePNK[o15dPNL\o14dPNK]o15cPNK]o15cPNK]o16aPNJ`o1560000O4M000OXPN0ao11_PNOao11_PNObo10^PN0bo10]PN1co1O]PN0jo100000I0^PN0bo10]PN1co1O]PN0jo1001HO_PN1ao1O_PN1`o1OaPN1^o1OcPN1fo1OG0dPN0[o10fPN0do10D1<O]PN0Wo10=000oo10PPN010N100no1OaPN1TOOkPN2Vo1NiPN1Vo11jPNNXo12:0^PNNWo1364cPNIQo17;10010O1O1cPNFSo1<iPNFWo1=fPNB\o1`001N2O1O01O1O2L3N10ICkPN>Uo1700O01O1O1N102O002BgPN1eo1O010O1O`o?2[P@M\PN1`o1O]PN040_o10dPN1[o1OfPN0Yo11gPNOYo11hPNOWo11iPNOWo10iPN1Wo1OiPN1Vo10iPN1Wo1OhPN2Xo1NgPN2Zo1NfPNOI1ao10ePN0JObo11dPNO^o12bPNN]o13cPNM\o12fPNNfo10A0nPN0Ro10>1lo;OUPD0`PN0Po10?010O010O010O010O0O100_PNOTo10mPN0So10mPN0So10>1^PNOSo11<1L50LlPNMcn11`QNO`n10\QN5en1KYQN6hn1KUQN1FNVo13RQNOQo15kPNLJMYo19kPNIM1Vo16jPNK1NVo1>hPNDYo1`02N2N3IekRi1
20140420195854Bh_19,Wj`U36fo14_PNJVo15lPNLTo13mPNLSo15hPNNZo1<00000O02N2O9FDQQNNjn11ZQNN1B[n1`0dQN8Zn1FhQN;Yn1AiQN`0]n1YOcQNh0jn11O2N03UOPQNa0Wo11O0O2N2O2M3N1N2O1O1O0011O31L21OO22M03L1O03L200N6J3M2L2L5M2O^JBc[N=Qj1O1O002O1O2NXKIgYN5Zf1KfYN4Tnff0
20140420195854Bh_20,o\aj01Zo?0ePB0O0_P63^oI4L6KK401N3O2MZo7NgPH0O020N100jPNO\n12fQNOSn14QRNLQo101O0001O0000O0010mo50RPJ1000000O00OQP20QPN1O1O1N0001N1020_OORQN1mn1OTQN1jn1OXQN2Zo1011N1O00O2O\ON\QN1cn1O^QN2Xo10L30L50XOO`QN2Wo10VONfQN1Xn10iQN1Tn1OnQN1Po1000RONoQN2Qn1NPRN1kn140L300010000100O00OO11N20PP20O0QPN1O1O0JN_PN1co151O1N0M50O0O0jo30XoK0nQN1om11oQN2hm11ZRN2hm1LVRN6lm1HURN5nm1KRRN3Qn1LPRN4nm1MRRN4im1NXRN4em1LYRN8gm1GYRN0YO1_n1OXRNOUn1OiQN1Yn10dQN1]n1NbQN2`n1N_QN1bn1O]QN2cn1N\QN2dn1N]QN1dn1O\QN1Yo1000O2N1YOMaQN2`n10^QNOdn11ZQNOin10VQNOmn11QQNNSo11?0YPNO]o11bPN0]o11cPNO\o13bPNMWo1b0O02GhPNHXo18gPNIXo1?K6N1D]O[QNc0en1;0001N1M3jMjNeUNU1[j1QOTUNJgNS1Vl1YOkTNGoNo0Ul1_ORTNCL2Kb0bl1MdSN@L3M?dl11aSN^OL3M=hl1g0[SNGhl19YSNiNK?ml1i0WSNfN0>kl1l0SSNfN4<kl1AnRNV11mN8Odm1k0URNUObn1N_QN<]o1E[lXj2
20140514195854Bh_1,hVmW37go13N2N1N2O00O2O00O2O01O02N1O2M2O1O11N11O01O01O1M200O1O0001001O0O10101N4L10N1O1N1NL501010O0100O2VQNmNYn10nQNY1Qn1<N01O1O2O000O1N1O20O0AaN_RN^1am1gNYRN[1fm1gNWRNW1mm1kNoQNo0Yn1;2N1M4E;M3M4K5K6J5GTk^c0
20140514195854Bh_2,Sb\b22no12M101O001O0001OO2O1O1N102M200O2N2O0O1O01O00100O0000000O01000000010O0100001O0O1O01O00001O1O2N1O102M10000O10O100O4NO1O04L000O02N1O1O2N1O10O000JlPN_OUo1>80O2O001000_OfPN;`o1000000O00001O001O1Oc\QX1
20140514195854Bh_3,mbje02ko17G5O1000000001O0O000O2O01000O11O000010O0O1O10000O100000100O1010N2O000O2O0O10005J4M1O002N4L1O2M;E4L2O0OkNcQNg0]n1>1O1M7J3K4SOSQNM2`0\o1L4M2I[PNNh[[V3
20140514195854Bh_4,c\mT32h00[n11dQN2Wn1LSQN3f01Un13jQNOPn16PRNKnm17PRNJom18nQNKQn16mQNKSn16kQNKUn16hQNLXn15gQNKYn1;`QNG`n1m0000O1O3N1N1O22M01ON14L00OkNXQNS1hn1N4O011N2M20100O100O1O2N100O1O100O1O0O2O1N2N2O0O2O1O100L4N2Nacbg0
20140514195854Bh_5,j\kU13ko13N1M4[PNFco1<11ON0N2O1O00TL2gWNOYh13cWNN_h13\WNNfh13WWNOjh11RWN1Pi10mVN0Ui11eVN2]i1O^VN3di1NXVN3ni1KmUN5Xj1JdUN7aj1HYUN:kj1FQUN:Sk1FhTN;[k1G^TN<ck1FYTN:kk1ERTN;Ql1DoSN;Sl1DQTN6Rl1InSN6Tl1IlSN6Ul1KiSN5Xl1LeSN4^l1K^SN8dl1HXRNEj0e0Rm1KhRN8Ym1M]RN5gm1k0:J5L3M3L5F;G9HReXg2
20140514195854Bh_6,[clS24ko14M3L202M2011O0OO011N0O2M4N15LO10N10ePNCQo1f01O1O2N011N121M4L2O02M2M1O22O0N4L2O0N02O110kPNBcn1?TQNJkn1f000OO1O3L2M4L4K4N2O103KQYgh1
20140514195854Bh_7,a_]V242MQn13YSN;dl1HYSN<dl1FXSN<hl1EWSN;kl1ESSN:Pm1CPSN=Rm1CmRN<Um1EaRNK]O`0Sn1HPRNKOe0Qn1BjQNm0Un1`00OkQNYNSn1l1L3M2LQOXRNB7^O_m1Q1[RNPO04=JWm1S1S12N11K6KNSOXQNi0kn1XOTQNh0jn1YOTQN00e0ln1]OWQNb0jn1:0N3M2N2N3N2N1O3L4K`PNFbo1831O2N1N1O1O1001N101O1N1O1000000001O102N02M3N1O1O001O000Nja^e1
20140514195854Bh_8,oVmW31PP2000A0lPN2`o100O_o1ObPN0_PN0Ro10_P20`PL0on50_PL12OQP20QP60e00_nK0k00PPL0QP20PQN0cm90`RJ1\mK4oRNLil1O_30XN1O0\NO[SN1Zn1O00]N0VSN1[n102O00PN0SRN2:NT11^l1OYRN010Z10[l11\RN0KO\12^l10]RNOQ1OhN1km13l12hQNJcl17ZSNIhl19mRNG[m1<Q14H9aQNWObm1e0jQN\O?Ohm1f0lQN\O6NPn1f0mQN\OJN`n1e0e0N3N3L5JokTc0
20140514195854Bh_9,[bTR22ko16L5L2N5K1O3M10000O1O1N2O2O03ROmPNh0Uo13N010kPNYOnn1P1M02L2K7J4M3NO201OKhPNDWo12kPNM20\o10gPNOVo11lPN1Qo10?0dPNNln12UQNNjn14d0N0N`PN0Po10`00aPN0ln10VQN0ao30UoM4[QNLhn10Z10[O0QPN0Zo30ePN010fPN0bn30]QL2Zo1N01YO2XQNNmn1ORQN1mn10UQNOjn10c0000hPN0`n10jPN0QP20bPN0jn10RQN1on1OQ10A0^O0QQN1on1OQQN1nn1OWQN0en10f00O0QQN0Pn30dQ20YoK01010N4I2nXeh1
20140514195854Bh_10,XbdY23gn1O[RN5bm1NZRN4fm1MXRN4hm1MVRN4km1NQRN2om11nQNOSn14hQNMZn17`QNJ`n17]QNKen1g0001O001O001N2O2N2N2M3M4L3N1N2L5M2N2LX^ad1
20140514195854Bh_11,QhZi031Nio15M4N2OG]PNN07bo151D`PN9bo11O1N101O1O10O1O101O1O001O01O100O1O02M2M3MXWmT3
20140514195854Bh_12,hnXk25jo12N1100000O100O0100O1N10O100O11OO1O010O01O10O10OO2O1O0N3O010M101O100M2O11O2L4M4M2O1N2MRRoQ1
20140514195854Bh_13,`TaU23mo11N102N1N3N0O2O000O010O01O001O01O01OO1001N11O0000000000N1101O1O0O10N11O101O01N10O1CEUQN<ln1DQQN>Wo1N3O10010O001N1O2N2O2JYPN0flRg1
20140514195854Bh_14,VZoT14ko12O1N2N1O2O00O1O2N1O2N101MmRd0O]i]O0VWL0`l10_PN0Uo11<O11NO10bM0PUN0Wk30`TL0gk10STN0om10jPN0\n10eQN0Xl10oTN0bl10hRN1BOZl10dTN0RO0\n30]QL0Xm10_S40WoI0gm30XSL0ml10f12QONk02O01NZe`g2
20140514195854Bh_15,RklU29Ro10XQN3fn1e0O2N2000O010N2O1N11N05K9G1O100O01O001O10O0O2N3IhT_h1
20140516234034Lh_1,[ddW22ko19K1O1N4L6I6L22K6L1N1O003M0001O2OOO001O1N3M1O2OZOnPN?Qo1_OSQNa0Vo11N010O01O00200O3NO1N103M10O01O2M221L1N3N00O2M3M3JgPN_O]o1<6M2O002NdYkd1
20140516234034Lh_2,XZQl13io18K2O10N2NVSNHoi16PVNMQj1OPVN3nl11N1O1O1O2N2N1O1bPNAYo1d0L5M2O00100O00O100L4M3N201O01O00000000O02O0O0101O0001O1O1O100O0000M30000O10010O010OdM@ZUN=hj1FUUN9nj1InTN5Uk1LiTN3Wk11eTNO]k15\TNMek15TTNNnk15lSNMUl18fRNZO:i0Rm1a12L3O2L4L5K4L5gNnQN>Vn1^OaRNIdm14W1M3M\fPo1
20140516234034Lh_3,nbT]17go13N101O1O6J1O1O1O10O1O1O000000001O001O010010O001O01N0101O1O010O01O00000000O100010OO100O1O101O1O0O101mPNVOnn1n01O0O10O00000001O1N2O1O000O10001O1O00001O001O1N20O001O1O10O01O1O1O2N101N00010OO1000001N3OO010O01NgPN\OYo1c0gPN^OXo1b0iPN]OXo1b03001O013PQN\O\n1e0bQN^O[n1c0dQN@Zn1?gQNBWn1>kQNBSn1>nQNCPn1>QRNBnm1?PRNDmm1?QRNBnm1OmQNM26om1LSRNf0lm1ZOTRNf0lm1XOWRNh0gm1YO\RNGBN1f0Qn1DgRN<Wm1DkRN<Tm1BoRN=Qm1BQSN?ml1@USN`0ll1]OUSNc0ml1ZOUSNf0Sn101O1O000O1O000000O101001O1O001O0O10O001N101O01O3M5J4LYYWY2
20140516234034Lh_4,fhfm24lo14L4L014K0001O10O2N1N:G3K3N1KnNZQNU1an19L2O5J5M2N4I5M3OmM`RNh1^m1SNmRN1B`1[m1_NcSN\1am1iNdQNm0gn12N2N2M8H01N3N3L3N6J2NN1O100SQNPOjn1T10O00000O2N;D5K5JoTSo0
20140516234034Lh_5,XXck24ko1101N1N10100O10O010O010O100O1O10NJZPN5fo130O010O100O01000O010O0010O010O1O0DJoPN7Po1JoPN5Ro1KoPN4Ro1JoPN6]o10000000O100001N100O10O11O00001N1O0100QihP1
20140516234034Lh_6,nbV^11PP40RP20noK0nP>0RoA00000QP20ooM1OOfPh00[oYO0PP20no10fok20YPRM0QPL0010O10O10O010O01001O11^[oZ2
20140516234034Lh_7,iaeS11no13IOZPN3ao180O0000010000N3M200O2O0O1L4O1O00GQQNDnn1:UQNEkn19XQNEdn1?>100N1K6OK6M3O1O10O0010O2O1O0O2N001O0001O0001O01N10000O001O11O1O2O0O1O01O0000000000000O100000O1O1O01000001OO0101O01O1O1O10O1O010N11O01OO201N1O3Ll`\f2
20140516234034Lh_8,gaYS14ko14M1OMZPNNco13^PNMao171J]PN20K^o13ePN5Xo1GgPN037bo1O0O1NDMPQN2`o1O10AOoPN1ao1O00Soa00gP@0VPN0N0gPN0Uo34ooMLUP20aoM0Q10@0O0PP40doK0iPN0co10E0gPN0Yo10gPN0Yo10;0[P20XO0<0PPN0_PN0To10=020=0WO0g00D0bo70[P>0TPZO0N10OQP20PPN00000PP40mo30SPJ0f`^f2
20140516234034Lh_9,RRiP27go14L300O10001N01O0O0010000000001O01O00N3N1O3M6NM3M2M2O1O001O0dSNFRi1:mVNIRi16lVNLTi15jVNLVi14iVNMWi13hVNNXi12gVNOYi11eVN1[i1OdVN2\i1NiSNDg29ZMJVl1?\VNF`MJUl1a0WVNHdMFVl1c0oUNNhM@Xl1d0lUNJRN@Tl1f0iUNI`j18^UNHdj17\UNIfj16XUNKij15UUNLmj13PUNOQk12lTNOVk11`TN6bk1LZTN3jk1ORTN1Rl1OiSN1al1IQSNa0Tm1^OgRNc0^m1lNURN?6f0lm1c03F>]Oc0F9L4K5L`lTk1
20140516234034Lh_10,VZ[g24jo13O0OM3O02O1N2N3N1O001NN2001O2N2O1O00M30N210N101OON3I6002N100M2D=O0000100001N10001O11LnglU1
20140516234034Lh_11,ZZij07ho11O2M101O4L01N100O1OO2O1O01010O002M2M2@\OXQN25e0an1>001O1O0O2L5K6M4M2M3M2N1O2O100O2MWgjR3
20140516234034Lh_12,eTmn2120io14O1O10O10O010O1O1O010O11O00O1000O010O0000001O0010O0001O01O000000001O00010O1N1O2O100O010O00N2O1N201O01O010O0010O00001N3Mko3NVPL4N02Nnlll0
20140516234034Lh_13,fhbm25io14NI]PN2bo1NbPN0]o1O[P20ooM0QP<0goG0ZPJ1do5OXPN0PRL0Rl12l1O2020WPN3LLl10bk14aRNNdo11\PN1Z2Mmj18YUNGUN7AJhk14YWN=Sl12_N\O_SNg0fl1YObSN<Sn1NaNFZSN9jl1GTSN3Sm1OiRN0\m1ObRN1bm11XRNNkm12SRNNnm1OSRN1nn15iNJZRN1PO3en1L_RN3am1N^RN2bm1N^RN1cm1O]RN1cm1O\RN3cm1N[RN4dm16PRNLQn1M[QNL30<;cn1FWQN?jn1<001TOnPNf0Zo1NM11O2N1O1N2O6I6JeS[n0
20140519195834Ch_1,cRmQ33ko17K2M2OO010O01000000O10OM211O1O01000O100000001O00O10O10000000O01000O10O0000O10101N10O2O001001N2NdTNCVg1=\XN2XMEWi18]YN:kL\OF>mi1L^YN`0hLOki1EVYNa1lf1jNfXNW1\g1kN_XNV1cg1lNYXNT1jg1lNRXNT1Rh1lNkWNS1Yh1mNbWNT1ah1lN[WNV1gh1kNTWNW1nh1mNkVNT1Wi1lNgVNT1\i1kNaVNV1ai1jN\VNQ1li1QOlUNR1Wj1QOUUN^1nj1g12O3K5L3M4M4K4BkSNkLXl1R3=M6I8G7F8K5J6kNRRN2_n1XOcQNK5`0Zjlh0
20140519195834Ch_2,TPU?5jo1100O2O1O1O1N2N2N2O1O2O1O001O01O000O10O3O07H2N1O0O10O001O1O9F10[OiPNb0[o1008G1mPNTOQo1m02N:E1O010OePNFXo15fPNNXo1>0O011N1O002O00010O101M5L1N102KgmT]3
20140519195834Ch_3,hYgh01mo13N010O1N1O2O00O2O0O1010O10000O100000000001O010O01O01O01O00010O001O5L0O010O1N20O0000010O001N2O00O101O010O000000O1N2O2N1O10O10OO200O1O2O001N3M1O1001N3N1N2O0O1O0100K5L4N2O0N3M2OIoPNBQo1<SQNAln1a0901O1M3N3L4MYgVQ3
20140519195834Ch_4,diRa02mo13N1N2O00001O10O01O1O0O2O001O10O011NO2O0101O4L00O1O1O02O0010N1O1O10O2OO11N10O010O01O11OO2N1O001O0100O10O10O010O100O01O1O1O0O3MWUmZ3
20140519195834Ch_5,^]aj22mo12OO`MNTUN2ij13UUNMjj16TUNIkj19TUNHlj19RUNHnj18QUNIoj16oTNMQk13oTNMRk12mTNNUk1OmTN1Uk1KlTN6_m11N1O0O2L4O10010O1O1N10O010O000001O01O0100O0O110OO11O0O100N2N3M2N3N2001O000O10O1O0O1N3N2O2M2L4MN3M4N12M2N12O0010N2F:N2O01M2N2O2KhQNaNZn1Z18N3L4N2L4N1O2N1O1O1M3O1J7I_efo0
20140519195834Ch_6,Zehd23lo12O0O2M3L3N1011O0000O100O1100O1O0100O3N0O3N00O00100O011O00000O01O10^OgPN<_o11OO1O001O0O100M7JVZ_X1
20140519195834Ch_7,PUeo11no12M101N2O1O10O1O2N10O00001O001O1O1N2O1O10000000000O10O01O10O100O2O1O00O1O10O10000O010O0100O001O01O1O00001O1O100O0001O00000001OO11O0000000000000O2O1O1O\lbk1
20140519195834Ch_8,ggnc21jo15O2O000010O2OO3NO000001ZPNGco1=N2N00N2N2M3N110000O10O1010O01O1O00001N10000001N1010O000100O1O1O001O01O0101N6]PNBXo1d0000O1O1O102M01O100O0001O001O1O0N3M3N3KiWaW1
20140519195834Ch_9,cebU32mo11O1O2M2O1O1O1OO0001001O0000M4N2N10010O10001O0001O5L0000001O0O101N2N1O3NN2N3aPNGRo1<lPNESo1>jPNCVo1<jPNFUo19lPNGTo19kPNG`0MQn1<\QNHb0MRn1b0mQN@Rn1a0mQN@Rn1`0mQNASn1`0kQNAVn1?]QNZO6;_n1=^QNCin18UQNJjn1f01O3NO01O2N1O1N2O2M2O2N001O001O1N3M2N004LKL`PN2bo1O]PNOfo10ZPNO\Yge0
20140519195834Ch_10,iZef04lo110Nb09gNEUQNc0jn1_OmPNl0ln1ROVQNo1?YN[l1k2N20OO1O01N100TOWSNcNjl1R1fSNfN]l1W1iSN_N_l1]1X1`NiQN1JM0?bo1I3L3L3MhclW3
20140519195834Ch_11,fjbT12lo1201M3N10001O00001O000O10000000001O01OO10O1000O11O0O10000O101O000O1O1000000M30O0101MaUgh2
20140519195834Ch_12,PjZb12no11N1O2O00O100MVPN16O]o11cPN0\o10cPN2\o1OcPN1\o11cPN0]o10bPN1^o1NbPN2_o1M_PN5ao1L_PN3bo15O001000O100000000000O0100N2O100000O100O10O10100O2N1O00001O0O2NkUeZ2
20140519195834Ch_13,c`em14jo12O2L5M2O00001O00000O10O101O00000000O1000000O101O000002N2N1O001O01HFhPN:Wo1GhPN:Vo1IiPN8So1<O100POUOkRNk0Tm1XOdRNM^Ok0nm1YO`RN0Ag0om1[O^RN0Ad0Rn1@YRNLDf0Qn1_OYRNLFf0Qn1@WRNJHf0Qn1AVRNh0jm1YOTRNh0lm1ZORRNf0nm1[OPRNf0om1[OQRNe0om1[OQRNe0om1[OPRN20MPn10PRN31Mom1NSRNi0mm1UOURNk0km1TOVRNl0jm1SOWRNl0jm1oN[RNQ1em1nN\RNS1cm1mN]RNS1cm1mN]RNS1cm1iNPRN1<V1dm1nN[RNS1dm1mN]RNS1cm1mN]RNR1em1nNZRNR1fm1oNYRNc0H_Oom1NYRNb0J^Onm10XRNb0J^Onm10XRNb0J]Onm12XRNa0J]Onm13VRNb0JTON6Rn13VRNd0I[ORn11TRNP1mm1oNSRNQ1mm1oNRRNR1nm1nNRRNQ1nm1oNSRNP1nm1oNSRNQ1lm1POTRNo0mm1QORRNP1mm1QOSRNe0IYOTn14PRNd0MXOSn15nQNd0NXOTn1b10O2O00O101O1N2OSOPRNKom14SRNKmm15SRNKmm14URNKkm15URNKkm15URNKlm14TRNMkm13SRNOmm13QRNMPn1Q100OROURNIkm17URNIkm16VRNJjm15XRNJhm17WRNIim17WRNIim17XRNHhm18WRNIjm17URNIkm17TRNJlm1:PRNFPn1U10000000TOoQNHQn19oQNGQn19oQNFRn1S110O10000O10XOoQN@Rn1>RRN@nm1>TRNAmm1?SRNAmm1?RRNBmm1b0PRN]ORn1c0lQN^OTn1W1000O1O1O1gNiQNi0Wn1RORRNi0Pn1SOSRNm0an1oNSQNl0on1SOQQNm0on11100O013RORQNd0Yo1K2O1M4N1O3Lm_`h1
20140519195834Ch_14,_ZQc12no11L3O2O10O010O10O001O0001O1O001O00001O012OO0O0010OO2O0000010O0N2O1O11O00000O01O1O010000000000000O10O1O01O10O10O100O1O10001N2O0O01M21O1000001N1001N100000010O1O0O2O0000O1O1010N010O01O1O1NOdPNA\o1>30O10K41O1O10001O0M3O2fN^OPRN4l0>Sm1MhRN3Wm11gRNNTm1;hRNDXm1a0dRN@[m1c0aRN_O_m1f0XRN]Oim1\12M3M3K4K6POnQNMVn1I`QNL>7Vn1GWRN4`o7K_oI2O1N2O3L3N2O0O1ON3OHDnPN=Po1FmPN:So164O00ICmPN;So1BQQN>nn1DRQN;on1EQQN;nn1FRQN9mn1ISQN7ln1>M1CUOhQNm0Xn1VOeQNi0\n1YObQNh0^n1YO`QNg0`n1<1O1O100O001N2M4KUQNQOnn1=XQNKln11YQNLin1M^QN1Zo1MdgdR2
20140519195834Ch_15,ko\d15do1:mNCPRNOCg0Wn1BoQNg0km1AnQN?Vn1AjQN`0`n1POgQNo0dn11O]O^QNJ[n1J\QN:c0EPn1?i0O1O1O2NbQeZ2
20140520200054Bh_1,eZoR27ho14L4L2O000O100000O1N2M210O01000O10O1O010O0100O1OO20O01000O10O100N200O100O1O010O1N2O1O0000N20O010O1YO^O^QN20N7d0nm1GjQNL0g0Tn1j0O0010N3N0O2O1L202O2UOeQNO^n1LhQN1_n1AjQN<Po1M2L5KQghh1
20140520200054Bh_2,lTi]23lo14J4O2L3N100O1001O000000O0100O01O100O1O10O010O000O2M200O11O0000100O01O02M200O010O1O00O20M2O1O200M30O010M300O001O100O0O2N10OO1200O01O10O010OO10O11O1N2O1O002N1N3M3MilR]1
20140520200054Bh_3,go`Q27go14M1O10O01N2O0001O0001O0ECPQNb0_n1]O^QNW1an15N3N1O2cQN`NYn1e101N001a0A0mN]QNa0So12M0O3N2N1O02N2N20OOO2O02OO0O11O1N104L1N5K1O101N003N1O2M001MlnPk1
20140520200054Bh_4,c^Un0353[o1;G8N2NIPQNAon1`0UQN\Okn1c0[OA\RN>am1NWRN2Wm1A[RNk0<CXm1h0eRNWOZm1m0dRNRO[m1S1bRNlN\m1Y1bRNfNTm1h1iRNWNll1KTSN^2ll191H9K1A>O5O2OMQNWRNn1jm13010O1_OVRNaN07jm1R1fRNgN\m1W1f0O2M2N3J6M4M3O0O2N2N2N2O0010O02N1000M2010O1000O0100O01O1O01O00001O00001O0100O10O0100000O02O00N2000000000000O11O00001O0001O000000001O00001O01O01O0010O000010O01O01O01O00010O00001O01O1O01O01O0010O001O001O00O1010N1000O10O10O010O010O0010O010O0O2O000N3O0000O2O1O1O1O2K5Nfffg2
20140520200054Bh_5,b]kP34jo15L3L0O4N201N1dPN]OYo1c0gPN^OWo1f01O10O01O1O1O3_OcPN:^o1EbPN:_o131O3M10O01O01O0000001N1000001O0000001O1N102M101O1M3N1O[OmPN?Ro1AoPN?Qo1CmPN=Ro1801O000O101O0O10001O00O2OO200O00010O100000O010O01N2O000HnN`QNV1_n151ON1100000001N2NO2N10100O1O1OcNbQN\1]n13O2O00000O100N101N2K4100O2O00100O2M3O2M2O1N5K4K3N2M3M2O2]OmPNHO;Vo1IXQNOYc`g0
20140520200054Bh_6,ocXl23mo11N101O001N10001O1O2N3M100O1O01O1O0O101000O1O2O0O1O0010O000003M1000000gPN]OSo1i0O1000CnPNJRo1b0O1011OO001O0O110O002NO2O01O100O00000010O1O001O001O001O10O010O01O10O2O002M3N2N9G1N2O0O2O000O102N6K0O1O0O1O10oNVRNKim10^RNNcm1LoQN^Ob0b0^O^ORn1a0nQN_Od0a0`m11dRNN[m1OkRNMVm12nRNEnNNWn1<\1N1O1O2M4M2N]Zol0
20140520200054Bh_7,a`gW21no13N2M3M1O1000O101OO10O100000O110O001N101O0000000O1000000000000O11O0OO200O1O10000O2O01O00O01O1O1O1O1O001O0H^PN3^o1JbPN=\o1OdPNGZo1a0O1O1O100O10O100O01000O10O0101O000O101O0001O0000010N100000000000O10NN4O0010O1O010O1O1O10O001O100N10M_OiPN`0[o10KAjPN`0Uo1600O0010OO2001N101N10001O0O1000001O00O11O000O100_OcPN?_o1000O2OO2O1N1O1O001O1O001J^PNMdo10RaP_1
20140520200054Bh_8,]Wm^12ko15J5N1O4M2N1O000O10000O1O01N101N2O1N2N2O1O2O2M10N2O12N01O0000000003M1O2N002N00fhb^2
20140520200054Bh_9,TiTi03mo12O4K1N2N2O1N10100O01O0001000O1O010O010000O0010O01O1O10O01O01O1O1N100O1O101O0O1O1O1O1O1O1O100OaVkS3
20140520200054Bh_10,ih^h02jo16K5M1O2N3M2O1O003M1OLmPN^OQo1a0QQN^OQo1`0:MjPNAPo19>M2JWPN3lo1N2O10a00^O000`o10aPN0`PN0on10PQN0ao10_O0PQN0Qo30`PN0O0aPN0nn10a01aPNOmn11a0000010O1OdPN0in10VQN0jn11UQNOmn10QQN0Po10`0000^PN0To10>1O0]PNOXo10gPN0Zo10ePN0\o10cPN1]o1ObPN1_o1O`PN0bo10]PN0do1060aVkS3
20140520200054Bh_11,RoRe08eo16K2O2N1O2O001N2O10NiPN_OQo1i0002N000O100O0010O01O10OZOPQN>Zo1O00001O1N2O00O00100O0000000012NO002N00O100010aPNDXo1b00OfPN^OXo1b0gPN@Yo1e0O0O101N01N2O1N2]OfPN>^o1O100100O3N1O^OfPN=Yo1ChPN<Yo123BcPN9bo11KGaPN9`o1F`PN;_o1EaPN=^o1211O0O01N1O11O20N00002O`PNC]o1?1001N01O0O101O00101OnnlT3
20140526195834Ch_1,agdm25ko12M2O1N2O1O100OD_PN:`o1400O100001@aPN;co1000O4M000O1O1O1O01O10O0004M0006KO2N100O0O10O1O100O001dPN^OYo1d002O04L01O0000N2O0101O1O00O3N0O01O001O1O001O0100O010O1O1O1ObPNA^o1=aPND_o1>010O0010O0010BaPN;^o14O1O01O001O100O2OO0000100O0000NaPNCao1;32M010M2O10NbPNB_o1>aPNB_o1?1O011NN2000O101N100000O100000001N100O101N1N^OfPNc0Xo130000O01O2O000O10000O100O010O1O10M21O1O001O00100O101N1O1O2L4K`V]h0
20140526195834Ch_2,facX22lo13N2LO[PNOao1;M2N2O00001N1O1O00OM311O0100O1O1O10O00O10000001N2N101O1O010O01000K4001O01O01O0O2J500O00O20O10001OOOOO310000N3L301O0100O1N3L3O1O0O2O00O1O0100N@CbQN<^n1NZQN0hn1c01O100O2N1O1L3O2O001OM4O000O2N100000000100O0100O010O00O2O001O001O100O01000O10O101N1O0O10100000O100O1O10O1O000100O101O1O2N1O1O001O00001N1O100O100000000O1O0100O010N2M201O001O1O1OKgPNDZo1;gPNDZo1<gPNBZo1=41O0M4N2O0O110000O01O1N100O1O00110O01O2M4L2N101O00N2O11OO110O001O0010O001O000000O2N1O10N200001O00O00gPN]OXo1f0O001O0001O1O1O1N2O100O1O00100O1O000010O01O1O1O1N3M3N^dPX1
20140526195834Ch_3,jnfV11mo13O1O3M1O001N101O000O2M2O1O2O0010BdPN6\o1HfPN9ao10000OO101NCaPN;bo110O010O10O001O1O001O00001O0JAjPN`0Uo1CiPN=Wo151N3O0O100000000000001O100O2N001O00100O002N1OO10001O001O001O001O0000010O010O010O1O001O2N01O000001O00000010O001O1O01O0000001O000001O000GcPNO]o10ePNO[o11gPNNXo12iPNMWo12jPNOUo11kPNLI0\o14lPNKI0\o14=00O2O1O`Pia2
20140526195834Ch_4,kW[Z12no13UPN4\o1;N0O1N2N10A>1O001O0000O2M20001O010O10O10001N1000001O1O00O02O00O1O00001O010O01O0010O010O100000O1O100O0100000000O1000000O0110O01O1O001O001O0O101O2Mfhn`2
20140526195834Ch_5,[Z]S32mo1101O0000000O10000O1O010O10000O01000O010000000O1000O10000000O1O1O100O1000O100O01001O00001O010O010O0100O0100O10O100O0010O10O0002M2Mfe^h0
20140526195834Ch_6,XTco1520\o1?KI9N02O1O1O2O0000O1O00002N1000O101O001O001O010002N1N1K^PNKdo14]PNJdo16301O01N2N1100OO01103L1000I`PNL`5O\d14h[NOWd15c[NM^d11a[N0`d1O`[N2`d1O^[N2bd1O\[N2ed12U[NOkd12S[N0ld11S[N1kd1OV[N2id1NW[N3hd1MY[N2gd1OX[N1hd1MY[N3hd1OT[N2md10oZN1Re1OkZN3We1LgZN5Ye1LfZN4Ze1OcZN3\e1ObZN2\e11bZN1\e1OdZN3Ze1LgZN5Xe1KgZN6Ye1IgZN7Ze1KcZN1ce1N\ZN0he10UZN0me10RZNLSf13oYNDZf1=e41O2M1O5RQNQOan1]1K6JO20O6I2N1O00O1O2N<E6I1L5M:E6I9HmiXj1
20140526195834Ch_7,oeVV1:co13O2O2M3M2N2O0N3N2N3M1O2O0O100O2O0O1000@YQNGfn14aQNBK1dn18oQNGQn19oQNFSn18nQNHQn18QRNGom18m00001O2N1O0000O2O0FMfPN4Zo19O1O1O01O1N210O0001O00O11N3N0001O01ONfPN^O[o1a0ePN_O[o1:hPNGOOXo1:iPNGN0Zo18iPNKWo15hPNLXo1=10001O01O00LdPND[o1a001N1N3O0O100000O1O2YOhPNd0\o1M1O2N3M3M2O0O3MaZ[d2
20140526195834Ch_8,QYoS11oo10O1010O000000000001O00001N1000000000000000000O10000001N102MM030O2O2O0O103M00001O1OO2O01O02O00O01O001O000010O01O00001OO1O100000O101O0000000O10O2O00000O11O0000001O00000000000001OO10100O001O000Omfne2
20140526195834Ch_9,[T]o1221go15ZPNJ]o1a0HBmPNM05Po1K_QN2To11ona1LXQ^N0lok00UPVO0jST16hkiN8iLB^VN8YM6[l1BYVN;[M3]l1BUVN=`MN^l1EnUN>gMJ^l1HeUNa0QNBen1?=1lM]OiTNf0Vm12TNXO^TNc0\N^Ohn11UQNf0ln179I8I0O]N@iSN>Xl1BnSN6Qn1N1N1NTn10oQN0Skfj1
20140526195834Ch_10,dXeQ33ko13M3O1M2O1001O00M2L2dPNBYo1=6O2L201O2OO2O1N2O10O0010NO2OO2O1100O011N10N20O02N03L3M3N1Nbhhk0
20140526195834Ch_11,iSSh0`04Gmn1n0H5KWO_QN;[n1_OQRN?nm1WO[RNj0]n11104J3M10002M201N002N1N1O2O00100Ndj^V3
20140526195834Ch_12,mihd13ko12N2L4O0M4N20N101O00000001O001O0OO2100O2O000000O20O000O11N1000O010O1ON3O010O0100O00N201N1004L3N00001O03M100O2O0O2N01O1O4L001O000001O000O1O2K9IiVgV2
20140526195834Ch_13,gZc]12lo10VPN0go15O1N1O2N1001N10M4N110O10100O2M1N1N3O0NO2O101J6L4N2N10100O101O01O0000000N3O00N3N11O0O20N101O2NQgZ_2
20140629195814Mh_1,mTmU33lo11N2M3M3N2NHcPNL00Zo14iPNKN0Wo18PQNHPo17=N110O1O00100O100O10000O100O11N100O1O100000001O0011N101N10O100O00100O010O10000O0100O2OO01O010O000100O1O1O001O0001O1O100O11N1O100O00O3MRkXe0
20140629195814Mh_2,T[kT21ho1;I5L3mLMUVN6ii1MTVN5ki1MQVN9mMXO20KNoj1d0UWNZ1hh1lNQWNV1nh1kNoVNX1Qi1gNaVNTOdN^2lj1^N[VNk1ei1UNZVNk1gi1VNWVNj1ki1VNRVNk1oi1VNmUNk1Uj1VNhUNk1Yj1VNcUNl1^j1VN\UNm1ej1XNPUNj1Uk1\14M4]NaTNXNjk1e1cTNnMak1k1hTNlM^k1Q2gTNiM]k1V2V10O00JbRNlM_m1S28N2N3M2M3POPRNNRn1ORRNOom1ZOnQN=77lm1]OlQN;97lm1@hQN:Yo151L4N2NLHePN8Zo1710O00100000O10O1O1O0H]OTQNd0kn1^OSQNb0mn1@PQN`0Ro152N2O0001HYOVQNg0jn1ZOUQNg0jn1710O01K5N3O0O0010OO2M2N21N2N2OL400001O000O1O11O00O2N1N3N1O1O1N3E:O0100O2K5N2N101N10010O101N1O2N2N[L]OPXNb0og1GjWN8Uh1NfWN1[h11cWNN^h13bWNL]h15cWNJ^h17aWNH_h19aWNG\h1=cWNB\h1`0dWN@[h1a0eWN^O\h1b0dWN]O]h1c0cWN\O_h1c0aWN]Oah1a0^WN_Odh1a0[WN^Ogh1a0YWN^Oih1b0VWN^Okh1b0TWN]Onh1b0RWN^Ooh1b0PWN]ORi1d0kVN]OVi1c0iVN]OWi1c0hVN^OZi1a0dVN@]i1?bVNA`i1>_VNCai1=^VNDbi1=\VNDdi1<ZVNFei1;YVNGgi1:XVNFhi1:WVNGii1:QTNVOl1?Tj1;QTNVOj1?Vj1;oSNWOj1>Xj1;lSNYOk1=Yj1c0gUN\O\j1b0eUN]O\j1b0dUN]O_j1b0aUN\Oaj1d0VUNPO_N<[l1e0SUNRO`N:^l1j0kTNlNfN:bl1P1`TNeNoN:fl1o0`TNQOck1o0ZTNROgk1P1TTNROlk1c1WSNeNjl1W23M4K5L5J4M3M2N4L3M4L7I:F:E5K4L3M4L6JYlf_1
20140629195814Mh_3,nQe[12no13L2N1O0O2N2O000O100N20O2O1O2N01O0O2O0000O2N1O1001O0JIcPN8]o151O0010O01N101O0010O0ON3O1000N3N1O10OO20N2N110O10010O01O1O0OO20010O01O1O0O100O01000JEhPN;Xo160N3O1O1O10000O101O1N1LlPU_2
20140629195814Mh_4,[n^c26ho13^PNHYo1:ePNHZo18ePNIZo1?01O01O00001O001O0O2N1000O001O001O0104L0O0001N2N2O0JBlPN;Vo1512O001M2O100O1OCmPNOTo10oPNMSo13mPNLQo16PQNIPo17RQNFon1:;G_PN3io1M100O2OgR]Y1
20140629195814Mh_5,]Z]o02mo12O1N10000O100O2N2O1N1O1O1O1O1O10GePNM[o12hPNLXo14hPNLWo14kPNKUo14lPNMRo14nPNLQo13QQNMnn13TQNLkn14VQNLin15XQNJfn18[QNGdn19a0O001Icfbn2
20140629195814Mh_6,]\ob07ho16J3N2N6I3N1N2O0O10O101NXLXOUXNNcLj0nj1FaXN8^g1O]XN1]f1]OUWNg0Z2Kaf1]ObVNNG05n0n2G]e1[O_XNV2GjM_1d0ne1LSXN;4h0e2QOjd1S1VXN[Na0b1[2POhd1^O\XNi1d0NQ2kNjd1Z1bYN3Z1aNVe1h0VZNk0>[N_e1=dZNV1J\Nee1Im[NT1[NROke1FP\NW1QNTOXj1i0^UNgN_Nd0Xl1b0XTNUOKa0Rl1Z1fSNiNkl1m18I3M001N2M3N2J7[N[RNi0im1e03N4K3N2M3L4K6H9F:HPenY3
20140707023654Uh_1,`lZg28bo18M2L4N1N3N110N2O1N101O0O010O1O010O1O10O01O10O0E:0PL@aXNb0^g1B^XN?`g1D_XN<`g1G\XN;dg1E]XN:\g1UO[UN`0_36Vg1AVUN13He3d0Rg1MSYN2nf1ITYN9mf1DQYN`0Qg1^OoXNb0Qg1_OmXNa0Ug1_OlWNNkM`0\j1BfWN6hM8cj1CaWN>cM0mj1D^WN]1bh1eN[WN]1fh1cNXWN]1jh1bNUWN[1oh1fNoVNY1Ti1fNjVNX1Zi1hNdVNV1ai1jN]VNU1ei1kNZVNR1ji1oNTVNd0Yj1]OgUN1jj10VUNMlj16dTNAeN9il18^TNBgN6ll1:YTNBjN3Qm1<QTNBlN2Vm1?hSN@TOOWm1c0`SN@[OJYm1f0WSNNkl16oRNJTm17gRNJ[m17aRNKam1W14L4K6K5F8D;J5L5K4L6H[XQT1
20140707023654Uh_2,lPU`01jo16K4O4L200O112NOjPN^Oon1b0mPNATo1f0O000000OoPNXOjn1o012PQNPOjn1T1O10O01O10O1O4MO100OROVQNg0jn1UO[QNi0on1O010O01O1000O001O1O10O01O00O1000001O0010O01O000O1O100000O102N1O000O11O001O002N3NO010O01O000000O0100O101O000002N10O02O0O0001O0O100O002O00O100000000O010O002O2M1O10O0O11O001M3N2M3N10YOClQN=Un1GgQN8Xn1KeQN5[n11^QN1cn1O[QN1gn1OXQN0jn1c00O2N3K7G4O2N3N2L4Jmn\W3
20140707023654Uh_3,cYWS14mo12N2M1N1O1010O14L2N100N02O02OO0N101O10O1000O00001001ON110O0001N3M201O0dQN\O[m1e0aRN^O_m1c0^RN@`m1a0_RN@`m1`0`RNA_m1`0]RNCcm1=\RNEdm1;XRNIgm19TRNKlm15SRNLnm13jQNWO1j0Vn1l01K6M3J6K5M3M3N2M4N1N2O2N3L2O1N2N3N2Mldfh2
20140707023654Uh_4,]jZ_22no10TPN2jo11000O10O1O3M2N3M2N5L1N11O2O2M11N00001O10O00001O01O01O01O00O2O001N101N1O101O000O100O01O0010O1O010O010O001O01O01O1O10O0100O01O001O0O101O001N1010O0001O000O0101N001O0010O1O1O1000001O0001O000000000000O1O1O010O01O011N2N1K6MnSgY1
20140707023654Uh_5,fhVn22^o10nPN4on10lPN3Ro1>1O2N2N1O1O010O2O0O2O1OdPNInn16QQNMnn13RQNMmn14RQNMnn12SQNOkn12UQNOjn11UQN0kn10UQNOkn11UQNOln10TQN1ln10QQN2nn1a01O00010O001O2M2M2O001O1O3M3N101OO>B:G3M00O3L5J8GdUen0
20140707023654Uh_6,^hj]21no18H3IEbPN>]o13O1O10O10O02N1O001O101N1O2N1O10000000O1O1O010O01001N10O01O10O0001O1O1O100000000O100O10000000001O0001O001O00O1M210103N0001N4K13L010N4M0O2ChPNOQWe]1
20140707023654Uh_7,_XiV34jo13M2O2O0N3O002O0O2M5L1O3K4L3M2M3M3N2M3N2G9O2O1N2O0N100N1NVO[RN@\m1g0kRNUOTm1i0TSNQOnl1k0]SNjNhl1P1W1K5L5L4L3L6GTiff0
20140707023654Uh_8,o^U`13lo13N11NN3N1N3N1O2N10001N01O0000010O00100O1O2N100O1000O002O0O2N2N2M3M21N1O1N2N2N2N20O0000100O010O1O1O10OO20O1O00O0O2N1M4N2001O1O0N2N0K8OMFbPN9_o131ON20O10NBdPN=\o13K5O2K4M4N1O1000100O1O001O0OO201O1CTQN^O1Oon1;a0M4M4MlchY2
20140707023654Uh_9,ZP]m21no12M2M3M3O2N1N2N200O1N2O01M2O3M101O00M210O1O200OO10000N201O1O0O110OO20O1O0O2O01000O000001O0O02N3N2N2NSQ]o0
20140707023654Uh_10,UdYf12no101Ooo11loM4O2O0O2N1O100O10001O0O100O1O101O0100O001N1000O10000O0O02O1N3NOG^PN8^o160100O0101N1O2O1O01O00001O1O2OO20N01GbPNN_o11aPNO_o10:O1NSP80moG2OO]P4N_oM0WPN1O0ZPN1on16UQNLhn17VQNJin17UQNKjn16UQNKjn16TQNInn19PQNFQo1e0O01O001O1O100O1O010O10O1N2003M1O00000000000000N2O0001O0O2N2O101N1HbPNM^o13dPNK[o17ePNI[o16ePNKZo15gPNKYo14gPNMYo13ePN0Yo1;10O010O00001O1O1O1N2O02WOjPNf0Yo1M2O1O00N3N1O2O0001N2N4M1ON3N2O1M3PM@^VNa0]h1[OYUN5N>n14ih13SUNOP2KnMYOlj1U2RWNcNRNWOkj1Z2QWN_Noh1d1PWN]Nnh1e1QWN[Nmh1j1oVNVNPi1m1nVNTNQi1m1mVNTNSi1m1bUNZMo0h0`i1n1bUN[Mh0j0gi1l1`UN[Mg0i0ji1m1^UN[Mg0h0ji1Q1\UNjN1@f0e0mi1o0aUNkNJJ?<Vj1g0[UN\N;]12@Xj12^UN^O?P1I@Zj10hUNWO80\Oo08J[j10kVNSOeNS13J]j10VWN6ZNL^j1N[WN\1eh1dN^WNZ1ah1eNcWN>jM]Ocj15eWN<jM^Oaj14hWNW1Xh1hNkWNW1Th1gNPXNW1Ph1hNSXNV1ng1hNUXNT1lg1mNVXNn0mg1QOVXNm0jg1ROZXNi0ig1VOZXNf0hg1ZOZXNBmLg0ij1GgXN6Zg1IhXN5Yg1KgXN4Zg1LfXN3Zg1NgXNO[g11Y401N11O1O100O000000O100O1O1O00010100O001O000001O0FePNO]o1OfPNN\o11ePNN]o1NgPNORcRl1
20140707023654Uh_11,]]]o21no12N1O2N101O001N102M3ON12N1O10O01N2O2N0O4L3L2O1O1M3O001L4N1100O1oN]QNd0dn1ZO_QNd0dn1YO`QNd0`n1\OaQNb0`n1]ObQNa0Po1L5M6HbbRn0
20140707023654Uh_12,[Uob2;ao16L4J6L3N2N3M2N4L2O2MoNdQNG3=Vn1MWRN2hm1M[RN1dm1OdRNJ\m15gRNHYm18V12O0010O010O010O011O0O2N100O2O010O10000O1O100O1O001OWkZZ1
20140707023654Uh_13,d^eo15go11Roo0KVPX11bQfMOjn10WQN0in10c01O0O10000O110O0^PNMXo14fPNOYo11fPNM\o15`PNLbo180O101O2N1OPddk1
20140707023654Uh_14,bhd]24jo12N10JYPN4fo1M60OOno50UPJ0O011bPN0jn10UQN0ln1OTQN0nn10QQN1_o10AOnPN2_o10ENiPN2bo11000OGNfPN2Zo1NfPN2do1O10QRNOnk12lSN1YNNjm11kSN7Tl1JiSN5`NHfm13iSN2fNKam12YTNNfk12ZTNNRN1ol1OXSN3P2Mej10\SN2R2Nnj12gTNNYN0^l10bSN2h1NZN1Xl1OfSN3Po1MQQN1j1Omj10ZSN0on10RQN0ln11UQNOm10_j11dSNOQ20Wj11hSNOS20Rj12kSNNT20Pj12lSNOin10XQN0hn10XQN0hn1OYQN1V2Ogi10STN1gn1OYQN1gn1OYQN1Z2O^i11XTN0[2O]i10YTN0[20[i10ZTN0\21bMOSk10oTN1\20Xi1O[TN1]21Wi1N\TN1]22bMMQk11oTN0`22_MMPk12QUNOb21]MNmj13UUNNe2OWM0oj10WUN2T3Ndg10XUN3S3Mfg10WUN3R3Ngg12UUN0S3Mjg13SUN0R3Mmg12RUN1o2MPh11UUNOi20Sh10UUN1]n11_QN0j2NXh10oTN2an1N]QN3k2MYh12iTN3en1MZQN5b2IXM0^k12[TN6O2o2FXM0`k1j0XWNVORi18RTN2o2FUM0`k13bTN3_o1L`SNNoL0\o10dPN0]o10bPN1]o1OdPN0fo10G0bPN1^o1OaPN2_o1NaPN2fo10INaPN1_o10`PN0ao1O`PN0`o10`PN0_o11710O1000000O1001O00000000O_PN0To10lPN1So10kPN0bo10EOhPN0Yo10gPN0Zo10fPN0eo10C0jPN0co10B0lPN0To10lPN0To10>0QP20ooM0O1001O0000]P40coK0O1O10N10bSmY1
20140707023654Uh_15,_TY_17go15J3O1N100N3N2O0M3L4O10O2O00O0001N0O110O00001G8O004M3N2N5IZmj^2
20140707023654Uh_16,`Pc[1:do15L4L5J5L3N2N20OnQNQOSm1n0^RNPOM9`m1X1^RNiNam1X1YRN]N2;fm1[1XRNgNgm1j1N3N0N2000O2N1SN^RNX1fm1fNdRNk0`m1WOdRN`0am1_OgRN3bm1JRQkb2
20140707023654Uh_17,Ph\\18fo1:B6M4M3M3L4L4M2O2N1O3N3M1N201N_OlQNUONDVn1P1TRNYORn1c0g0@PQNMQo13QQNHRo17;2O0O001O001O10OYQNDmm14_QNJb06nm1OYRN2fm1L]RN4gn11N2O1O010O1O1O1O1O100O2N2N1O1N2N101O0O10O1M4H>DdWQ`2
20140710020754Uh_1,RYYU26co1>G3O1N2O100O10O4N1O2M010O1O010N1O10000O1001O0001O2M1000O10O01O100O1O01O011N010O02N11O000O10O0QRNB\l1?`SNDal1;]SNHcl19ZSNHgl18WSNHjl19SSNHnl19PSNHPm18nRNJRm16mRNKSm15jRNMWm13dRN0^m10`RN1bm17PRNMRn1n02N3N2L5K5L3L6K7I7I;DjdXf1
20140710020754Uh_2,gif`22eo1:N1O1OOO210N1IBlPN?Qo1GlPN9To1:OO2O1M2010OO2OO010O101NN30O1O2O00100JYOPQN0Oh0Po1YOPQNj0hn1YOYQNL1k0fn1\OYQNe0gn1:O101O01N101O000O2O1O1O4L2N2N1O1M2100O00O2OO1O2O1O1O0010001O2N001N1O1001O00O1O12OO0O1O3MlNVQNT1hn14M2O1O1O0O10001O00000O2N101N2O01N10O02N1O100O101N1O1M3O1O100O1O2N100O2O001O0O1O2KnPNYOSo1a0:M200O10000O101N1O1GcWUW1
20140710020754Uh_3,l`WV14ko13N2L2O2M2M3O001O1O01J501O1O1O10O010N1001N10001OO2O1M3M2N2N02O2O10O010000000000000000O011O1O001O0L_PNHbo1822]PNE^o1`0O0010O1O000000001O001O5C[PN5e_he2
20140710020754Uh_4,fb_f22XP`03aoA5cPNIjn19QQNKnn1d00001000O1O0O2N1O100000000LgPNBXo1c00_OiPN94Bln14QQN75Gin11SQN82Jkn1LTQN<LLPo1GTQNh0Qo12LVOPQNk0on1UOPQNl0Po1TOPQNk0Qo12O10O10O1O01O00010O2NOUOoPNk0Ro10100O1O1000O0O2N21OKTOVQN4Na0ln1\OUQN30`0jn1=1oNSQNo0on1ONROTQNm0mn1SORQNm0Po101O00001N4M10N110N101O10O0100O0100O1O0000010O0000011K40O1O1O0N30O1O00O12N00100O0100O01000O0N20O2O1NO20N30G]OSQNd0mn170O100000010O000000F:M210O1O11O001O1O0N3N101N1L4K501O100O100O2O1N2L5J9J__lo0
20140710020754Uh_5,mZeR12jo31\oMNWQN<Un1GnQNOF>\n1FkQNc0Tn1_OjQNb0Vn1_OgQNc0Xn1@dQNb0\n1a0O100M3O1O1N[OnQNAom1>VRN^OHEmm1k0bRN\O@Jmm1h0SSNUOml1i0U1E;1H9N1000OXOYOYRNf0hm1@eQNJ4j0Wn1_OeQNF0n0[n1^OeQNd0[n1]OeQNb0Xn1BgQN>Xn1e0M4N2K5M21SNaRNX1Un1M2NO1N3OBhQNWOWn1=l0N102NO1100O3L4LUiRj2
20140710020754Uh_6,n]VW12mo13M7IN_PNH00[o1b0N100TQN\O\n1d0`QNA^n1b0ZQNENE3O\n1[1bQNgN]n1`1N19E[QNjNcn1[1M2OfNdQNR1Yn1mNjQNT1Sn1kNnQNX1dn1I1OO2L4M3N1NcN`QN:5a0]n1]OfQNa0\n1\OgQNc0ln1O0YOiPNe0Yo110O3M2O1M1N4L110O2O00\`Yf2
20140710020754Uh_7,S_a`23ko14N00000O1O1O100O2O0O10000O1O1001O00000000N2000O10O1000O0100O01000O10000O10O100000O10000000O0000100O0010000O01O000010O0001O01O010OBCZQN>en1DYQN<gn1GVQN:hn1IVQN7jn1`0N20O01O00C[QNAen1>^QN_Ocn1`0>^OgPN>Zo1BfPN>Yo15O001O1O2O0N200M3N2N2NN130O1O1O1O1O100O2N2N2O1N2O0000000O@^OcQNc0]n1^O`QNd0`n1\O^QNf0an1<O2ZOjNPRN2=S1bm1TOQRNI8P1gm1_OURN^OKR1Qn1BQRNa0om1oNQRN`1om1^NURNa1jm1]NZRNa1Rn110FhQNkNYn1T1jQNiNWn1T1<N3L3O2N1N2O1O1O01N1O11O1O001O0O100O010O1O01000O101N1N200O11N01O010001O00O1O1L4O200O2O2MPelT1
20140710020754Uh_8,Q^gj14go19I5N1N3L4J5L5M3M2M3M2O2M2O1NWOnQNIPn14XRNHgm16_RNG^m19hRNAXm1`0Q101M302O1100001O01O1O00L4O1O1N2N10100O2O1O2N2NZO0f01O10O001OKOZPN2eo15O10000O0100O10O10O101O0000O1O10000O0100O01O01O01N1O101O1O100O1O01O1O1O1O01N101O001O0O001100OO10O1000O1O1N2D<O100M23L4M3M2N3N2M3N2N2H`PNL[ePn1
20140710020754Uh_9,RS]f22iP43]nMMZQN;bn1HUQN?in1=N001NNUQNSOin1g071NK:M111N3O2N3N2K[m\X1
20140828080414Th_1,Zbl`0>ao15H7I9J4L3M3N2N4L8I1N3N1O100O10O10O2O3L;E2O7kRN_M[l1Y3K0001N1000O1O001O0000011M5L3L100O2O1N100O_MUTNn0jk1POZTNlN;W1Zk1IaTNlN:Y1Sk1JeUN5Yj1IkUN7Tj1DXTNQOg1Z1Pj1EYTNPOj1[1li1FUVN:ki1EVVN<ii1CYVN=ei1C\VN=di1C]VN=ai1CaVN=^i1BcVN?[i1AfVN`0Yi1_OhVNa0Wi1^OkVNb0Ui1[OnVNd0Si1[OnVNd0Ui1YOlVNf0Wi1YOgVNh0Zi1WOfVNi0Zi1UOgVNl0Yi1POjVNR1Ui1kNmVNW1Ri1fNPWN[1Pi1bNRWN`1fk12N2O0O2N2OcNnQNm0om1POXRNP1em1mN`RNQ1`m1jNfRNU1Tn1lN\QNj0nn14J3N11O00002M1O000000O11O0O10000O101O1N1O01O010O000010O1O001N100O2OO100O20O010O10O010O001O1O001O0O101O001N2O1000ROXQNd0Uo1NO001O00O10003L20O00O010O01O100000O10O010O0000100O1000O10001OO01000O6K0002N1N1O2O0O2O0O10022M0N2N6I^T[S3
20140828080414Th_2,e_db23ko13N2O1N2O1O001O02OO0O2O010N3L2N101O5H4O10OO1O20001O100O0O3NYOZQN6dn1F`QN:an1CbQN=Qo1O2O01L4K7M2NO6L02O3MN2N016J3NO0O00O00gPN]OUo1d0kPN\OTo1d0PQNA\1Lbk1V1[TNlNdk1V1XTNlNhk1U1VTNmNik1X1QTNiNok1X1oSNiNTl1U1jSNlNYl1U1aSNmN`l1U1ZSNnNel1S1YSNoNfl1S1YSNoNel1V1USNlNjl1U1oRNWNNf0Tm1j0mRNcN0i0Ym1ROlRNR1NQOMj0dm12`RN3bm1]OZRNL4h0cm1QO[RN1M66h0Sn1VOnQNh0Un1VOmQNi0Xn1ROhQNn0dn1QOUQNk0on11O2PQNQOln1T1L2N201N1001N3N2M2N1H8O1N6L1_OdPN;bo1N3M3Ln\]W1
20140828080414Th_3,h]ca2;co13N1O10001O000O2O0O1000000O1001O1N1000000000O1O1O1O1O1O001N2M201O01O01O0100O0010O001O01O0O1100O010O001O1O0O2O101O0001N010O00O2N01O1010N2M3O11O1N4M1O00001O1O1O00000000O1O0L5O101O0O0010N100000000000O1O2N101O0O101O0001O1O001O1N2M3N2N100O00O2000O2O0OJVOYQNj0Qn1UO\RNU1dm1oNURNT1lm1?1O2N1O1O1O2H8M3K5L3M2001E:O10M4O0O2O1O010O0100OO1N3N1O1000O2OO0M22N2N3M10020O01K4N2M2M30N30000010O01O0O01O01O1O010J6K5M3L4O1M0111O2J5O0KYQNTOgn1k060OM5N1100O11K6N3[OgPN9do1LQi^Q1
20140828080414Th_4,lTQ_31\o18iPNOUo1=001O1O6K3NO1O1O1O2O00202[QN\Ofm1h0lQNDPn1b0dQNKUn1S1N3L<EfM`RNT2km1NN34HS1mN:F2M3M101N2N0010O01O00010O000000000001O0O1O1O010O0O2N101N101O01O1O1O1O000O2M3MTin<
20140828080414Th_5,lolQ13mo110O0111M2M8I2gPNBmn1k0N1O0O1OO1\OQQN6on1=1000001O1N100O0O201O1O0O100O00N3O010CYO`QNg0`n1\O]QNd0dn1]OZQNc0Zn1ZOkQN4Ib0]n1_OeQNk0[n1XObQNf0Zn1QOhQN[1_n101L3O1O01O0GmNeQNT1^n151O3M2N4[OUQNMUo1FYQN0jn1NSQNOE3fo131O202MTP_j2
20140828080414Th_6,lmTo14lo11O000O100O10001OO1O1O100O10O100O1O1M21000000O01O1O00100000O100O100O100O1O1O100000000O01000000O1000O100000000O10O100O0100000O1LK]PN5bo1M]PN3bo1N^PN2ao1O_PN0bo10^PN0bo10^PN0ao11_PNO`o12`PNN\o15ePNKZo16fPNI[o17ePNI[o16fPNI[o17fPNG[o187O010O0010CIPQN8on1JPQN5Qo1KnPN6Qo1LnPN3So1MlPN3Uo1MkPN3Uo1MkPN2Vo1NiPN3Wo1NhPN1Yo1OgPN1Zo1NePN2]o1MbPN4^o1MaPN3`o1L_PN4ao16001G^PN2bo1N^PN2co1L^PN4co1K\PN7co1I]PN7co1300001O0001O0000O100O10000O0010000O101O000010O00000MK[PN6do1J\PN6eo13KFbPN;]o1FaPN<^o131DaPNN03_o1NcPNNO3_o1NgPN2Xo1NhPN2Yo1MiPN2co11N10000O010O101N10000O100O0010O100O01O01O0001O01O1O10O01O01O001O1O1O1O01O10O000HGiPN9Wo1HhPN8Xo1KePN6[o17000000000KePNE[o1;500O2O0L5N2N10fR_d1
20140828080414Th_7,Q`^c1326[o1;M21OiPN^ORo1a0mPN]OUo1d011M4N3N1O1N1110O10O01O1O2OO001O1O1O0000O\WNWOSb1i0m]N]Oma1b0U^N@ha1`0Y^NAea1>\^NDca1;]^NL\a15d^NLYa16g^NIYa18h^NEZa1;g^NDYa1;g^ND\a19_^NUOhIb0ig19`^NKaa15jYNYOf2b0ac1?ZYNAf22Qd1g0\XNfNKi0`3M[d1a2`[N`Mcd1b2X[N^Mld1i0SXNFl2BSe1;`XN0[2GWe13fXN1k14`e1ClXN:a16be1_OnXN;[1;he1ZOlXN=Q1b0Sf1POnXNd0f0>\f1nNoXNj0=9ef1lNoXNW1MNVg1iNTYNV1^O4ag1cNVYN]1XNYN0S2fh1nM[YN_4if1ZKaYN^4Vi1I4LP1QO=E21M2NDQSNeMQm1Z2oRNgM3Lcl1\2YSNiM3Lel1Z2YSNiM0Oil1V2VSN[Nil1A`SNi1LTNN2nl1d1eSN_NWl1[1QTNgNlk1V1WTNkNjk1R1WTNoNhk1b0VSN[OR13hk1<PUN@Pk1;WUNDij12aUNN_j1HWSN3Z25fj1I\UN5Zm1NmVcW2
20140828080414Th_8,WUUm035Nbo12]PNOco12\PNNdo12[PNOdo12\PNNdo170000000000010O01O000000000000O2O00000000001O001O10O001O0000000000000001O000010O10O000000000001O0000001O000000001O0000001O3NO010O002N00000O10000O1000001O01OO10000001N1000000001O001O0010O100O1O1O1O0000001O001O1O00O1O10000003M0O1000001O12N0O010O1O00000O2O001N1O2N1O101O002N1O001Nniji2
20140828080414Th_9,nc]V2340ao1:M7F]OiPNf0Vo12O1O10O1000O103L1O1L4O10001OROYQNc0gn1]OZQNb0fn1]O[QNc0en1^O[QNa0en1@]QN=cn1D]QN:en1IXQN5jn1KUQN5ln1>2N10001O3M3M2N0O5M2M1O1O00000O1000000O2O6If[bf1
20140828080414Th_10,nldW21oo10QP20no50RPJ000QP20ooM0ZPN0fo1000PP20ooK0co92[PF1^PNMUo13<1O0000000O100O11O001LWPN0ho10YPN0go1O510O0000O100O100LNYPN3go140O0NXPNMho12YPNNfo125O0NoR[d1
20140828080414Th_11,g_Ze11oo10oo10RPN0RP20moM0mPN0So13bQN0dN5nm1O]RNOGM`0NPl1OiTN5bNO43i0JSo1101^LMVUN<FE^l1:aRNIn0LZk10`TN3G2:L_k1OXTN39O1Ncm11]RN0^k1OaUN0SO0[k10cUN0XO0Um10QSN0bj10QVN0ck10_TN3ik3MQTL0g20Vd10YYN4Y2Mnf11kXN0Yg1OcXN2bg10aTN;n2Dei13PVNNTj1OmUNOSj10oUNOPj11dUN0fMOhl11o20aRN0iMOH14Obl10hUN2iM0O0`l1NfUN1[N<bk1DoSN9i1LTNN2Nfl1NnTNg0_N\OVn1l0lQNROPn13fQN93G8NZl1NhTN4bN85J8OXm1LeRN2If0:]OQm1JgRN=0?4[Ool1I\SN3@l04YOgm1R1YRNlNjm1m0mQNoN92Pn1;XRNCF3Vn11ZRNM^O3Wo1=fPN_OPo1n0L1OO2L4M3M11N20N5H5O2N10010001OO1O1O100N2N5InUSV2
20140828080414Th_12,lfTc01UP60]m51dRDOf00km13cQNMVo12mQNNPm12TSNN`n1000aRb10bm_N0loM0122NO0O00000QP20noM00000RP60ooM0QO0nPL0mPN0Un50mPL000QP20PPN0PP20kPL0Xn10hQN0Xn10gQN0Zn11eQNO[n10fQN0Zn10fQN0Vo10O010O0UO0gQN0To10UO0gQN0To101000O010PO0nQN0Qo110OoN0RRN1mm1OTRN0on1000kN0YRN0gm10[QN4d0LPn1>j0NTQNDZn15k0N1OjPNN]n12cQNN^n11j02dPNMfn12ZQNNfn11ZQNOfn11YQN0gn1OZQN0fn11YQN0gn1OZQN0fn10[QN0en10[QN0en10[QN0en10ZQN0gn10YQN0fn10ZQN0fn11ZQNOfn10ZQN0fn10ZQN0fn10[QN0en10]Q40YoK0\o10XQN0gN0e00dPN0fn10f000011O00O01O0dPNOhn12WQNOin10VQN2in1NWQN3hn1MZQN1gn12VQNMnn10PQN1Qo1OmPN1To14ePNM^o194K2N3NdP>N^oA1N2aPN2jn1NSQN8in1JUQN9in1ISQN<kn1>O02N6J00O1O1O1N2N2001N:G2N000O1000O00001N2N101O1O1O010N01L4N3N2N1N4L4LgRQP3
20140828080414Th_13,TZkU11oo12O1N1UPNLio1:K1001N101N1O1O2OO01000O0000010O01O01O000000010O00000001O00001OO110O00001O0000O10O10000O001O01O_OMVQN3kn1ORQN2nn10lPN3Vo1MgPN4[o172N2O1Mle\f2
20140828080414Th_14,d]_b13lo12O0M30001K31N2O0001O1ZQNIcm18[RNKcm16ZRNNem12XRN1gm1NYRN3hm1KVRN8jm1GVRN8lm1GeQNK6>Vn1GcQNLO1N<cn1E_QNi0en1UO[QNi0jn1TOVQNi0Qo11N01N3M4O2M4BgPNO`af[2
20140828080414Th_15,PZiU15ko1OVPNNho1OXPN120ho1O:0loM0UPT10iomN000RP`00ooC0mN1PQL2O001O001O000000OYPNMe0OUn14WQNMao12`PNO_o11aPN0LM`o13dPN3:Jan13UQN1MLa00Xn13[QN0\o10dPNML090kn13[QNNhn12RQNM60\n14_QNLRo14<010O01O100O10000O10`fje2
20140828080414Th_16,hfbZ32mo12O1O0O2L300FGlPN9To1LePN3_o18O0cPN@Zo1`0fPN@[o1`0dPN@\o1`0dPN@]o1a03M2OO1O00O1000O1001O003NO001O2N00001O0O1O1O2N11O002N2N003M1O01O1N2N2N2N3M2I7O1O1O0001N2O1N2O1N2O0000001O01O2O0O0001O10O01O000000000000001O0O1010hPNZOTo1j0O1O02O0N3O0O02O00O2O2_OgPN5Zo1IhPN7Xo1HiPN<Ro1DoPN;Ro1DnPN<\o1O1O1O0O101N4LXXa>
20140828080414Th_17,lZgi11oo1000M0VPN0io1400O10O10O2O1O0NI[PN8go1O1O10O01O0000000O1000000O100000000O1001O00000000000O100000000000000000000O010O2O1O000OLZPN0fo10ZPN1do1O]PN1co1O]PN1bo10^PN0ao11_PNO`o11aPNO[o14fPNLYo13iPNLXo13iPNMXo11<O2O1NaelQ2
20140907195814Mh_1,Y\eV11ko15O0O2N001[PNHbo18^PNI=Ocn1:PQNG:6an16[QN1bn1i0M3O2M3M7I3N1O0O0103XNURNT1^n1N4N0N10O2OO01O1O0010O00000000001O0O2O001O00001O0000000O100O2TOmPNh0Yo1M3L5K2OO10O1O11O0O02N10O1O10O100O00002M10O0m`hd2
20140907195814Mh_2,iiPW37eo17K3M201020N00N6J4L1O5K2M3BmNjQNV1Un1:02ON2K4N3N10N100OGeQNPO[n1b0h00_L\OhWNd0Zh1]OdWNa0nk1N3NlKBkXN;Vg1FjXN9Wg1HhXN8Xg1JeXN7^g1H^XN<ag1E]XN<cg1GWXN;ig1FTXN<kg1FSXN;lg1IPXN8og1KnWN5Sh1MiWN5Xh1JgWN7Yh1IcWNMTMH[k1:_WNNPi11UVN@fN>Xk10PVNJbN6`k1NnUNO`N1dk10kUN1_NOgk10gUN4ZN_OM?Sl1NdUNQ1]j1POaUNP1aj1oN^UNQ1cj1oN]UNP1dj1oN]UNP1dj1PO\UNn0fj1ROYUNn0hj1SOWUNk0kj1VORUNj0Pk1VOlTNl0Vk1UO`TNS1ak1nN]TNP1gk1POWTNEROP1jl1[ORTNo0Pl1SOkSNm0Wl1UOQSN_O9_1il1ZOPSNk0Rm1P12M100O2YOnRN^NUm1^1l0J<B5_Od0HP[Sd0
20140907195814Mh_3,dRUV35io13M4M2N00N21N202N10N1O2OO4L1L5O21O4L0O00O2O11N4K100O00VWNBRb1>l]NDTb1<l]NCUb1=g61O1O0O2^VN_Occ1b0T\NHkc18o[NMQd14j[N0Vd10h[N1[d1Na[N2ed1NT[N3Re13_ZN1fe1MUZN4Pf1JmYN6Xf1HfYN8]f1GaYN6ef1IZYN5kf1ISYN6Qg1ImXN7Ug1IgXN8]g1H`XN8bg1HZXN:ig1DVXN;ng1DPXN;Sh1E`WNLQMa0bk1CXWNh0jh1YOTWNe0nh1]OoVNb0Ui1_OhVNa0Zi1AmTN@i0n0]j1DfTNAj0i0dj1J\TN_On0?Qk14kSNAQ19Yk14fSNEl07ck12aSNIi04jk10^SN31:el1BZSNW1GZNUm1<USNX1Sm1hNjRNV1am1fNXRN\1om169H1cNPRNj0mm1TOYRNj0`n1N2M5JcjPe0
20140907195814Mh_4,nama22lo13L3O1O2O000O100O1O2N1O1O10@dPN<`o100000O1O100LBePN?[o1301N1O100O10O1O100O0100000O1000O100O1000O10K]OnPNa0Ro1AmPN?Ro171OO20O00100O100O1O1O10O100000000000O1000O10O01000M3O2N101O0010OO2O0O2O1N3F\PN3io1O100O10noi00QPVO2O1M2XPNJdo18\PNHco1;0000001O001O00000000O1000000O1MEaPN;^o1FaPN;_o1EaPN;ao110O10O100O10O0100O1O1O1O1O1]O^OfQNd0Yn1^OdQNd0[n1]ObQNf0]n1[OaQNg0^n1[O_QNf0bn1<O10O0100O010000O0010O01000000O101N1AZQNChn1;ZQNChn1<ZQN@hn1`0=N2EdPN0\o10ePNN\o12ePNI_o175001O0000000000000000010O00O10000O2O000OEMlPN3Qo10nPN0Ro10oPNOPo12QQNMnn15>0000001N100O103L3M1O2N1O100O1O1O0M4O1O010O010O01O010O1M2O2M3O1O100O1O1N2O1O11O0001GcPNL^o119O02O2N1O100O100O101O00000O100O1LEcPN;\o16O0O100O1O2O000O10000O010O1O1O01000O01O1O1IhPNDZo1:7O1O2N1O2N1OiaXl0
20140907195814Mh_5,bba]23mo12M5K2O0O1O100O10000O1O1M3O10000O2O000O3N1N2O000O2N1O100O1O1000O100000001O00000O100O0^OSQN2nn1MTQN1mn1NUQN1kn1OVQNOkn12VQNKkn15nPNF43on18lPNE70mn1<lPND]o1=30O100000LbPNF^o1:4O101N10000O101O000O0001OLZPN0do10_PNOio10001O0001O001O01O00000O1000A0nPN0Ro10nPN0Qo10PQN0`o10_O0RQN0mn10TQN0^o10Xo?0]QF0dn90fP@1^Pd0OjnM0]QF0[oG0010O_O0TQN0^o10_O0bP2000PPN001QPN1jo1OQPf1OSPZN000J0\PN0co11]PNOco1160VPNOeo11[PNO70Qo12gPNO8OQo13ePNN;OPo13ePNN;OPo12fPNN;0on12fPNN;0on14RQNLnn14QQNMQo11oPNOQo10PQN0Po10PQNOPo11QQNOon11PQN0on10RQNOon11QQNOnn11SQNOmn10TQN0jn11WQNOgn12ZQNNUn12eQN07NSn10[QN092;Oom1O_QN042`0Olm1OaQN011e00hm1OcQN6g0Knm12SRNNem1OgRN1dn1O00PP40no50bo12^PD2YOL`QN6@Jhn10hQN<Yn1DeQN<\n1EYQN00:hn1FXQN1N8mn1FUQN3I9To1DSQN?on1AQQN?on1ARQN=on1CQQN7HLXo1MPQN6IMWo1MPQN5KLVo1OoPN5KKWo10nPN5Wo1KiPN5Wo1KiPN5Wo1KiPN5JKYo10mPN9To1GlPN8To1HlPN8To1HkPN9Uo1GkPN9Uo1GkPN9Uo1GjPN:Wo1FhPN:Xo1FhPN1L5\o1JgPN2M4\o1KgPN0L6^o1IfPN:kn1FUQN031L9Ro1GRQN0K9To1FQQN?on1ARQN>nn1BSQN<en1DYQN129fn1FYQN028Po1IPQN5fn1JYQN114fn1KZQN3O0gn1N]QNOL3fn1NkQN1Tn1OmQN0Tn1On000010N1N2000M300010O0oPN0Tn10lQN0Qo10SO0kQN1Ro10ROOlQN2Tn1NiQN4Po1OYPNMdo15]PNKbo15_PNK`o15aPNK_o15`PNL_o14bPNL]o15cPNKkn1O_QN8GHjn10^QN9in1GVQN9kn1GVQN7kn1IUQN6ln1JTQN5mn1LjPN4L0Zo1MgPN=Yo1BfPN?Zo1@hPN324Uo1IkPN213To1KlPN123Qo1LnPN122Po1MnPN1^o1OcPN1]o1OcPN1fo10FOfPN0Zo10fPN0Zo10fPN0Zo10fPN0Yo10hPN0Wo11iPNOTo13mPNMRo10cPN2;NQo10b00O010O0PP4000eP<0[o_O0J0\PN1co17O000EHoPN8\o10HHiPN8Xo1HgPN8[o127L2KhaRl0
20140907195814Mh_6,ml^[14jo13N101O1O100O010O001OO1O100O100001O0O10O010OO2IFfPN:Zo151O010000000O2O0N210O001O1O2O3IH282O1O1O0001O0000000000O11N0110O0001O01O0010O01O010O010O01000O0100O10000O010O010O10O01000O10000O010O010O1000O101N2N3NoTY^2
20140925195834Ch_1,XX[n06ko11N2N3L8I3N000O2N3N3N6I1O103L4L2N5K3L3M7I6K10000O001N3N2M3N3M5J9iWNVMfb1o2S]NTMmb1S3g\NSMXc1R3`\NoLbc1V3W\NjLkc1X3Q\NhLQd1[3j[NeLYd1]3_[NdLed11UXNb2R3]Mld1OUXNc2m2\MQe1OVXNe2e2[MWe10XXNe2\2[M^e1OXXNh2U2ZMee1MWXNj2P2XMle1MTXNl2n1WMQf1KRXNo2@fLT2?]f1LPXNW3X1TMif1EQXNW3j0\MWg1^OPXNW3b0\Mbg1\ORXN:ZOl1l0_NZi1QO]VN_23`Ndj1a1UUN`NTk1f1ZTN[NTl1`29H5K5K8I4I6L3M5I6M3M3M2N1O2L3O10O0101O00102O5K6I3M2M1O2M2K5L5HWaVl2
20140925195834Ch_2,giPR14jo12N3O001O1O1O2O3L2N1O1O1O1O01O000001O000000O100O1M3O1O10000O110O000002N00000000N201O0001O00001O1O10O010O1O1O100O010O01O010O10O01O1O001O01O01O100O2O0O1O2N100O1O2O0O2N1N2O2M3N3L3N001O000000000O10O100O1O1N2M2G:N200001O0PQNVOjn1k0UQNUOkn1k0UQNUOkn1l0TQNTOkn1m0VQNROjn1n041O001O001O1O1O1O1O1O100O10O10O01O001N3O1N2XOQQN;Qo1ARQN?Yo1N22M01N1O1O00001O10O010O10O0101O00000O010O00001O001O001N2O2M2O1O010O1000000000000000001O000000O1000O100O1N2O2N1N3N2N2N2N2O1N2O0O1O001O001O00000000O1000O2O1N2O1N2O001O001O001O010O100001N1_NSRNn0nm1QOSRNn0nm1POTRNo0nm1mNSRNT1\n1001O1O1O01000001O1O0O2O1N2O0O1O10O0100O4QORQNe0on1YOTQNd0To1100O10O100O1O1O10O00010O2N10O100O001O0001O0000000O100001O0010O00000000000000000000O010001N1O1O1O2O000O01O010O101N100O2O1M5L3M3M4L3MjQkY2
20140925195834Ch_3,iPma092I`o1>M4M2M4K5^OVOaQNT1Xn1>K5K5K8ROQN^SNT2Zl1cM^SNU3]l19L4M5L4\OYLhTNd1J;\k1RNaTNL2h186Uk1TNaTNj1>1oj13UUNLkj1WNeTNa1d08oj1oNjUNQ1Uj1iNRVNV1Pj1UNdVNi1jk1000100O00OAlQNTOTn1l0lQNROUn1n0mQNlNWn1U1iQNiNZn1o0gQNnNen1o0610O0M43MN2O3N200N2N3M5J2O0O2O0N4MWnhZ3
20140925195834Ch_4,Wld`23io16N1O0O2O00O10O010O0010O01000000O010O01N11O010O1N2O1N2000O1000ZOChQN=Xn1GeQN9Yn1LaQN7]n1g0N20O010000001O001N100O2O0O3N1N3N3M1O1N1000001O0000001O000000000000010O0000001O00000000001O00001O001N101O00010O00001O00000000O101O01O01O01O010O000001O0O2O1O000001O001O001O1O0010O01O1OoPNBan1=^QNEbn1:^QNFbn1;]QNFcn19^QNGan19_QNGan1:^QNGan19`QNG_n19aQNG_n19bQNG]n19cQNH]n17bQNK]n15cQNL]n13aQNO_n11aQNO`n10`QN0`n10`QN0an10_QNOan11_QNOan11_QNObn11]QNOcn11\QNOen12XQNOin13UQNMkn15RQNLnn1c00001O01O010O0AQQNNon10SQN0ln1OUQN1kn1OUQN1ln1OSQN1mn1`02N2O000[OoPN<Qo1ASQN=nn1ATQN>Xo1O2O0O001O0001O01O010O1O010O0010O001O00100O010O10000000O010000O100O100O010O010O0100O0010O0001M201O001O\PNGao1=0O00001O001O0000001O01O000M3000001O001O010O01O1O01O01O2O0O1O0001O0N201O10O1000O001O100O1O00100O1O101O01000O0O2O1O0O20O1N3N0O10000IePNH[o17gPNIXo16hPNKWo16hPNKWo1?1O1O7I1O1O1N2IZPN0mPil0
20140925195834Ch_5,faYP23lo12M3N4CEoPN>nn1BQQNb0`n1CZQN04?_n1M\QN6cn10]QNLbn1j0N5L2MkNhQNf0Vn1ZOlQNe0Sn1\OmQNe0Rn1\OkQNg0Sn1d01O03LQOVRNIfm16`RNI^m17dRNH[m15jRNIWm15kRNJol1^O^RNj0d0ASm1`0Y1N2E:N3N10O1010O101OO10O10O1O0O2O001O01LbPNE_o1;300000000O00000011O000O001O11O00O2L3K5000001O01N2O0O2N2O1O1OO10O01O100O1O1O100O100O1O0001O1O010O1O100N101L301O1O1O0010O00001O0001O00010O1O100O1O2O1Nj`Th1
20140925195834Ch_6,kZ_W25ko12DNcPN7Yo1:O3M3L4M1NEXQN]Ojn1c0:N1011ON3N0O2O01N2O2M1O2N2M4M2N3M2O1N3N3MSOaQN=]n1BdQNM2OYn14fQNK5NTn19hQNG7LPn1ObQN?7Ehn1>XQN@in1?TQNEln19VQNHin17XQNHin16[QNHen17b0O001000000000000000O02OO100000000001O1O00010O100O100O1O001000O100O011O0000000000O1O00010O2N2NcgPc1
20140925195834Ch_7,\mRS23lo12O0O1O1O1O0N20100O1O1O00100O00O0100O200OO2N1O0100N2O10010O100O1000001O0ODhPN2Xo1MjPN2Vo1MlPN2To1MmPN3So1MmPN3So1NlPN2To1NkPN3Vo1JlPN6_o1O10003MWSki1
20140925195834Ch_8,YZ]i11mo13N1O0100Ooo5MSPJ3N001O1O00000O11OO2N100010O001O00100O01O010N11O0001O000O1O1O10O0100001O2M2NSgbS2
20140925195834Ch_9,[Y]P26ho16K6J5K4L3L4J5N102M2N2O0O1O1O1O01BbQNZO]n1f0gQNWOXn1h0QRNQOnm1n0VRNQOem1Q1e000O02O01O1O00100O100O01000000O100O01000O100O010O1O01O1O1N1O2O1O1O1O100N101000O1O1000O100001O1N1000O1O1O1O101N101N1IgPNFZo19hPNEYo1;510OMDcPN=\o1310O100000O10O10000O10000O10O1O01O010O100000000O100VSN]OWj1c0hUN_OWj1`0kUN@Tj1?mUN_OUj1`0dUNAiMOcl1`0cUN_OjM1fl1?d2000kRN@ij1a0[2O100000iRN@mj1a0Y2O1000jRN@lj1`0dUNAji1`0UVN@li1`0cUN_OYN0Ul1a0`UN_O]N0Sl1a0_UN_OUk1a0T201O1N2000O3NO1N2O10O10ORSNC[j1;_UNEiM1hl19_UNGhM0il17aUNJdM1kl14_UNIjM4fl13iUNMWj12hUN0Xj10gUNN\j11k2Nnoe1MUPZN2O0O2O000O101O000O100O101N101O1O00001O00010000000O01O1O1O001O001O001O1O0O2O0O2O`hda1
20140925195834Ch_10,dl`[24j1NUl14iSNMUl17hSNJWl18hSNGXl1<eSND\l1<bSNE_l1;aSNE`l1:`SNFal19_SNGcl16]SNKel11\SN0Yn11O100O1O1O01000N110O0010N1O1000O010O100000O100O1001O010O00000O1O2O00000O1_OHYQN;fn1?N2N30O1O3N1YOVQNKN0nn12g000OaSi`1
20140925195834Ch_11,mYS[332Neo1:N3L4L3N00000001O1O001O0001O1O100O01O2N00O101O00001O000O10O0101O0O2O001N2O1O010O00000001O1O1O1O1O010O5K100O0O2O1O2N1O10O01O01000O1O0010O2OO10O010O01O10O01000O10O10O10O01O0001O0N4NPeV?
20140925195834Ch_12,RQma02ao50UQJ0^n11fQN2bm1<eQN@n01[m14kQNM[1O^l12k10SRNNYN1^m11^TN5ij12[SNNT2LYj1NaSNN7;T2HQj1ObSN1U3ORi10iSNO^30gh13]WNNaLNWk1>hTNFe3M\LOnj11RUNe0h3[O_g13jTN5d1J;NUi13mTNLL2h186GWi15mTNJj13[NNf10Wi14lVNK^N1^10jh14\UN41IW2NB1hh1l0WVNTO`0Oa01gh1l0RVNSOn0081hh1n0fWNRO@1lh1h0hWNVO\O2mh1a0mWN]OVO3Si1NSUN7e2IUO1Zi1OeWN0PO2Wl1MiSN6Sl1J^SN0TO8[m1IaSNORO6ELfm1OcSN1lN:dm1EaSN1iN<fm1DYSN1nNg0em1\OZSNj0fl1VO[SNk0il1POVSNQ1il1oNTSNU1kl1lNXSNR1gl1nNWSNU1hl1kNWSNW1hl1kNVSNS1ml1nNSSNi0Xm1UOfRN3ZO5[n1GYRN1]n1O`QN0cn13WQNMnn10QQN0Po1OoPN2Ro1NmPN3So1LkPN7Uo1JhPN7[o14fP8IaoG2N1O1O100002N1OcJ0jZNOnd1KSVN7P5Kld12RVN163`n16XQND28]n1FeQN?K2`n18`QNFan10SRNFgm1`0]RN\O^m1i0cRNVO\m1j0fRNVOYm1j0fRNYOWm1i0fRN[OWm1f0jRN[OTm1e0lRN]ORm1c0oRN]OPm1b0RSNYOWOJgm1l0jRNXOA2im1e0eRNF[m19fRNG[m16hRNIU4DUd1>jWNFW4Omc18PXNEV42ic19TXNCV40hc1<a61O1O0OGdPNN\o13fPNKZo1662O6J1OO1L5N100N200000@IXQN6hn1`0110O00001O2DhPNI_o158KcUgV3
20140925195834Ch_13,S`Qi11no12O1N2N1O1L5O0O2N0dPNFSo1e0N1O1O01O01N102O0OO1100O\OQQNM21ln12TQNK2MNOln17XQNIVo17:00O01O01O0001O000O11OO2O1N3N1O01N110O2OOO2L3010001N1O2LVabS2
20140925195834Ch_14,Q]gf02;OVo13gPN3MMnn12RQN5MKnn1NRQNh0jn1[OUQNh0en1e0E5K3MjNoQNa0nm1@QRNZO:l0cm1LgRNKXm1IXRNJd0M\O4hm13^SN1bl1OaSNIel16b11O0O1URNHPl18PTNIlk19UTNDXN0cm1<WTNEik1;VTNGhk19[TNFck1:_TNEak1:S2O0O2O00001O010N20O000O2O0O1N21N2N011O00101N2LQP6NRPJ3O00O\djU3
20140925195834Ch_15,gY_]11no13N3N3M2^PNEZo1;dPNG[o1;cPNF_o17aPNI`o1<5J2OO010O01O0010O01N2O01O1OO2O0000001O0001O000000000000001N1000O0100O01O1O010O1O010O0001O0010O00000O20O000001O000010O010O001O00001O1O1O1N101O00O020M2O1O2O1NifR]2
20140925195834Ch_16,]_km23lo1101N101O001O0O1000000O010O10O01O001O1O001JGdPN:[o1600O100O10000O11O00001O0O100N1101O000O1O010O001O01O001O10O01O00010O1HdPNJ]o158N5Jbo15YPN7J6F6N2ON2O101O2O0O1OF:N2001N110O1O10O00000O101N1O1N3O1O001O0O101N2N1O1OGcQNPO_n1P1702M2O101OO1O1O1001M2N2000O1O100O1O1M20101O01N2O1O2N101O1N1ImPNASo17?N20JGcPN<Yo1700O10GgPNJZo15hPNJZo15fPNI]o15bPNL^o15aPNJao19KEgPN:Yo1IfPN5[o1LdPN3]o18IClPN4[o1MfPN2Zo1OePN2Yo10gPNOYo1<1O001O1N101O001O0O2O0O1OXoc2LjP\M30001N2NF_PN1N5jo10BJQQN4`o1N1N01O001O1O1[OL\QN5Wo11\OJ\QN7cn1I]QN7cn1I^QN7an1I`QN7_n1IbQN6^n1KbQN5]n1KcQN5]n1LbQN4^n1N`QN2`n1N`QN2`n1MaQN3_n1MbQN3]n1McQN3]n1McQN3nm1KkQN283km1NkQNO:3km1NkQNO:3km1OjQNM<4im11iQNL=4jm10iQNK>4jm12gQNJ`03im13gQNJ`03im12hQNJa03hm11hQNL`04gm1OjQNM`03Un1LmQN4Rn1LoQN3Qn1MoQN3Rn1MnQN3Qn1MoQN3Qn1MoQN3Qn1MoQN3Qn1MoQN3Rn1MmQN3Tn1MkQN3Vn1MiQN3Xn1MgQN3Zn1MeQN3Uo10VOMeQN3]n10^QN0dn1O\QN0en10ZQN0gn1OXQN2in1NVQN2jn1OUQN0mn11QQNOPo11oPNORo11nPNORo10nPN0So10lPN1To1NmPN1To1OlPN1To1OkPN1Vo1OiPN1Xo1NhPN3Wo1NiPN1Xo1NjPN1Uo10jPN0Wo10iPNOWo11iPNOXo11hPNOWo11iPNOWo12hPNNYo12:0]PNNXo13;00O0100O010O01O1O2OReZ?
20140925195834Ch_17,Sld`24ko3MTPN0ong10lPXN0M2\PNNeo152N200O10001O010O2OO00010]Pd10coeN0ePN0\oY40ooaK0oPL0QN0mQN0Tn11kQNOUn11kQNOUn11m01VPNNdo13ZPNMho142NaQT5OnPYj0
20141009195814Mh_1,n]]\1;_o17M3I7L4N10O1O2M2N3N1N2O0000O1N21O00L4N3M3O0M3N2O100O2L3N11N2@a0H7LfPNB\o1=301O10O1O1N1O10O1N3M101N3OO010O10001O001O1O00100O01O001O02OO1O010O1O0100O00001N101N101N1O1000O100O10O01O10O001O0010O001O1O1O1O011N2O1O0000010O0101O0O1000O1O1O100O0N302NTfT\2
20141009195814Mh_2,SkhV21oo11O000eo11YPN2N10001O1O2O0O3M6J1000O011O000O1O1O000000000O100J`PNL`o13aPNM_o13`PNN_o1:0JbPNJ^o16bPNI50Qo16kPNI33Qo14lPNH36Po10nPNK26on1NoPNN14Qo1LnPN2O3So1KnPN>Ro1BoPN=Qo1CmPN>Uo1241O1O1001O0@hPN8Xo1DkPN<]o1O0100O01C^PN;do1O1O1O0101N100O3M1O100O10000000O103L2O2M10000O10O01O010O0001O01O0001O01O0000000000HKdPN6\o1JdPN6[o1KePN5[o1JfPN6bo1000000000O10000O10O10000000000000001N1000O0100000O10000O0100000O1O0O2O001O1HDkPN<Vo1FgPN;Yo151O2O1M2O2N1O1O100O10O01O1N201O1NQTY_1
20141009195814Mh_3,P_cR26io13M3N101O1N10O0N`PNE`o19bPNH]o12cPNM04co16N3M3M3N3L>C0O2O0002N3M:LJ001N20O0QOXQNd0To1O0O00100O1O010O10002M2N01O0101N1O0001O0000001O0000000O1O1000000O1000001O00000000000000001O000000000000O1000000O100000O10000000000000000O1O0100O100O010O01O0100O01O0100O010O000100N101O0C@[QN`0en1FTQN<kn1<010O0010O0001O010O001O2N101N2N2N3M2N1O10O0010O0100O0O2O100O1O001O1O000O10O1O11OO101O0O2O0000N200O1101N001O0001O1F[OWQNg0hn19N2O1O1O0010O001O1N3M2N2M3N2N3N1O101N100O10001O00001O1N2N2O1N5JUaR`1
20141009195814Mh_4,bd^W12do12aPN0]o13_PN0^o1;N:G3L3O1N2O00001N4M2]QNhNXn1a1O1004]NhQNU1bn1O10000O0010O02O1oN_QN`0To1M1O01O10O01O6J00O3M2O1O000O10000O0100O10O100O1O10O010N2O001O1O01O01O01O01O000000O2O0O1010O0O2O1O1O001gPN_OQo1a0nPNAQo1?oPNAQo1h00O0HnPNCRo1<nPNDRo1<oPNDPo1<PQNDPo1<oPNFQo1d01O0102N2N2M2O002N1N2O1N4dQNeNmm1NPRNb1Wn1aNgQNV1Yn1gNjQNY1_n1000O101O1000O000O00010O0000010O001O1O2N5J4M1N2O0001O0100O2O2N0003M1N010O01O100000001O000O1O2O0O2O2N23K21M6K1O02N2N00N101N1O2O01O00O0010O10O2O00O01O10O10O2O1O1O0O100001N101N1O1O2O0O1O10O01O001O01O0001O01O001O01O01O1O001O100O1O1O0010O010O01O0000100O1O010O010O010O0001O001O010O1O001O001O001O0001O100O01O0O2O0O10010O0001O001O010O010O11N2N101N3M3M1O000000O1KkPN_OUo1?8N10000O2O1O1O2M2O1O1O1O3LeSUV2
20141009195814Mh_5,Ylff21mo13L3M5L1O1O010O10O010O01O0M2010OM4K5M2110O0M3K50O2N3M2ZNXOkSNk0iNWO\m10gSNi0al1ZOgRNI8`0AEbm12dRNK5`0H_Oam16aRNM4>hm1GPRNM4>mm1IjQNJ8=om1JiQNH7>Qn14mQNLTn14lQNKUn15kQNKUn16iQNIYn1m03M3fN^QNQ1fn1mN[QNR1kn1oNSQNk0To1M101N1O2O1N1O2N1M3M2O2O1O3IZWcU1
20141009195814Mh_6,jW_Z16io12N2O00010O000013GXPN5io1000O1O00010O0000000000O1000000100O001O1O0001O000000001O0000000001O00000000000000000001O00000000000O10O10O10O0010O010O000001O010O10O1000O010000O100000000000O2O00000001O01O000000000000000000010O1O001O0O1O1000003L2O000N20HfPNJYo15jPNJVo15lPNJTo15<00O2O001O001NVh\]2
20141009195814Mh_7,n^eR21no101010^PN0So10oP20]oM0UPN0jo11WPNOao12_PNOgo105O000010PP20VQL0ln30kn11WQL5LJ00^P60boI0UPj40eoeK0^og00hPhN0kog00SPXO0mo50SPJ0lo50SPN0QPN0PPN0O1OO110O20B0lPN1Qo13mPNLTo14kPNMTo15kPNJVo18fPNIZo1>0GbPN0`o1O8O0100000010O0100001O00000oPNJXn16fQNK[n16cQNI_n17`QNIan17d01iPNHen17c0OgPNJin15WQNKin15WQNKin16VQNJjn16VQNJjn16VQNJjn17?1O1cPNGQo1:;0aPNFWo1=cPND_o1<2NMGcPN11N_o11gPNNYo14:O1Nead_1
20141009195814Mh_8,T^]i22ko13N2O1N2O1O010O1O0O2O2M3MIhPNKVo15kPNLSo1b0N3N1OO10000001N1O1VQNROan1P1[QNTOdn1T10000000O1000000103L01O001N010O10O0010O00100O101O11NO10O000N201N11O6I2N2O0O02K400KmN^QNR1km1ROdRNS1Xm1ROhRNm0Wm1TOiRNm0Vm1TOhRNm0Wm1UOgRNm0Xm1TOfRNm0Zm1VO_RNn0_m1j00OIfMkRNZ2]m100O2MEkMoRNm0K3Xm1QOlRNl0M2Xm1ROiRNo0L1[m1POhRNU2am1E^RNYNbm1f1<0O0O2N00101K6N101O0001OO1O1O1N2M3N3I60O2O100O10O^OhRN\NZm1_1mRN^NTm1^1PSN`NRm1]1QSNbNQm1[1QSNdNQm1Y1QSNgNPm1V1SSNgNol1V13lNkRNT1Sm1UOfRNj0Wm1gN_RNh01L:AVm1i0`RNBWn1?hQN@Zn1`0eQN^O]n1Q110K6O001N2J5O1O10O1O2BPRNiNRn1V1=M2N2N20L3NJaQNQO_n1Q17]OaQNF^n19eQNF\n19eQNE\n1;eQNC]n1<d00O1O100N3L300O1O01O00O10000000HmPNDQo1>PQNAln1c036N10010ONPQNUOQo1g040N30O1O1OmNZOPSNe0Wn1O0001N6KO1M3L3EkPNKVo14;0O2OO2O1O1O001O1N1O`jTj0
20141009195814Mh_9,ST[W15ao1;K6E\ORQNh0kn19I6O1O00O2L4N3DSQNAnn1=YQN]Ohn1c0:0O01J7N1000001O0N3O01O00001N1N3N00O0O02010EcPN5]o1H_nZf2
20141009195814Mh_10,[RiY23ko15K20OO2NN3000\OHUQN058fn1IoPN691in13SQNOon12mPNOSo1?0010O01O010N1N3N1O2N1O1O002O001N10001O1N1O101O0O3MWnjc1
20141009195814Mh_11,f^ij24jo111O2O0O1OUP85foG1N23M000L4O00YaRT1
20141104195854Bh_1,^WgY33io17[Od0H7L01O100O1O10001OO200M2OO12FoNeQNR1Wn1=O1N200OO1M5M3L3O1O1L\QNlNen1U121O0O2O001O0bMiNTVNW1li1lNnUNU1Tj1lNjUNi0aj1ZORUNQ1nj1QOnTNS1Qk1mNmTNS1Uk1oN`SN0d0R1lk1PO^SN5>e0[l12_SNKel1e10XMRSNc2hl1=IPM_SNQ3`l17011O0O0K6O1O2lNXSNXN43fl1f1P1TOjRNoNWm1n0n0N3N1O2N10O02L2NM41O0O101N201O1O2O0O3M3L4LZPWa0
20141104195854Bh_2,]jRc22lo14L3N0O1H9N3M4O04NO1M2NZOPQN>nn1@VQN?Vo1000O2L4L3N31O9INOO1O3M4K5K4N1O10QO_QN=`n1AeQN?Wn1@mQN`0Qn1^ORRNd0km1\OWRNb0gn1N1O1O2O1M2N1N2O0O100O2N1OWSmY1
20141104195854Bh_3,jSQm0:Vo1JSQN<in1FUQN>em1_ORSN5WOc0am1_OQSN0]Ob0^m1ImRNFCb0]m1NlRNa0Rm1AiRNe0Tm1\OhRNTO0a1Vm1W1N1O1O6J2N00mLUSNQ3nl1nNRSNPOnl1Q1RSNmNol1TOWSNe2Um1M2O0O01kRN^Mnl10kRN=2E3_1ObNPn1\1oQNfNTn1X1iQNiN[n1\11O7I=C8H2N0010O10O2O6I2OO010000000000O1000O1O10O12OO010M2N101O01O01O1OVjRo2
20141104195854Bh_4,kjfR36ho15L8Gj0WO2M3001cNSRNd0in1M1N1O01O0L6M4M5LO4QOnPNO0f0Yo1O01OAjPN4Uo1ImPN7\o145K03M6H32M1O101N5J010OO3N10O1O2N1N1O4KjQej0
20141104195854Bh_5,[aQU22mo13L200O100O2N1N3NF`PN6_o1510N3N001O001OOfPN^OVo1e012N10100O10O2N2KiPN^OXo1b03000000O002O0O10000OO2O1N110O1O1N1O1M2O3N010000O2N1010000O0OO2N2J7O010O0100O1O1O100N3N1OCXOdQNh0[n1ZOdQNe0]n1]O`QNd0an1_OZQNa0_n1ZOcQNP1Wn1?O10L5M4N1O_QNgN_n1X14\O`QNI^n14iQNITn17QRNFnm1:l00O1N3O2QO[OiQNOb0h0cm1_O\RNj0[m1WObRNl0^m1TOaRNm0_m1SO`RNn0`m1RO_RNn0bm1RO^RNn0bm1RO]RNn0dm1RO[RNn0lm1mNRRNS1nm1oNQRNP1om1SOjQNQ1Vn1<0N2[OnQN[OUn1d0QRNTORn1k0b00O00M22O0000N3O01O1N1O0O10J7N2O1000O2NN3N3O0N3N3O0000O1001N1000O010O0010O010O100000O010O1O11O0O2N1O1O100O1O1O1NPdd`1
20141104195854Bh_6,Waie23lo11O1O1O100mNLYRN5fm1NWRN2im1OWRN1im10URN1km10SRN1mm1OSRN1mm1ORRN2nm1OQRN2mm1OQRN2Pn1OnQN2Qn10mQN1Sn10kQN1Tn11jQNOVn13hQNNWn14fQNMZn16cQNK]n1k0100000O1N2DdNRRN2NS1nm1YORRNf0mm1\ORRNm0em1<]RNYNcm1R200001N1N2O100O1O2N1WNRRN_1om1`NRRN_1Pn1_NRRN`1nm1_NSRN`1nm1`NQRNa1Qm1bNcSNL\Oa1Rm1cNaSNM\Oa1Sm1eN^SNa1cl1_N\SNJ@a1Tm1eN\SNK_O^1Wm1hNYSNJA\1Xm1iNWSNJ@NN90i0]m1VOVSNIB7Kh0`m1WOTSNIA3O8M8_m1DVSNJE:G6_m1FUSNKE9GNgm1MlRNLG9FMhm1OiRNMK4ENhm13fRNKM5EJjm19`RNJ03GIim1;_RNI02JJgm1<\RNJ3KEO6Ofm1a0VRNH9HGOSn1P1g0O1OSQNQOkn1o030_QNQOQn1P1nQNPORn1U192O1N1N20O1UO\QN:dn1D_QN;`n1DcQN:_n1DcQN8bn1AWQNM:=Uo1O2N2O1O1N5KQafT1
20141104195854Bh_7,j]km14ko11N2N10001O001N6J3N1O01O002M6G50000O01O010O100JK`PN6_o1510O10OJEiPN:Wo171O00100O1O2O2N000000O1O1N100N1J@nPNa0Qo18FXOXQNl0dn181O2N3N3M4L^NXORTNc0mk1BRTN:nk1KoSN2Tl13oRNIH3\m1>bRN6`m1S13M2O1O1O0O1D;L400YOmQNBTn1>QRN\OPn1d0e00O1001O1L40gPN@To1f00N1KiPN@Yo1?400O2N2O0O1000O2O00010N2O010O0OO3O1O001000O010O01000000O01O0O2O1O1O01O0O2N2N101O0O2O2M2Omo=NUPB1001OZgbi1
20141104195854Bh_8,Tf^m01mo1>D1O1fPNCon1>oPNCO0kn1=TQND2Ojn1d0XQN[OL0en1>ZQNC74`n17ZQND76^n15\QNE66_n14[QNF66`n13YQNI55cn19[QNIfn17XQNJin1f01O2N1O2N2O1O002M0100O1N2O1O1N101O01O1N2O0ZOQQN;M@Qo11TQNb0Uo1000001N2N100000001O0001O00100O2OO00001N10001O01O001O002N1O1O1O10O00001O000O2N101O0O2O001O0O101O00001O10O010O001O01O01O01O0010O00100O010O100O00001O1O0000000001O00cPNCWo1>hPNBYo1=gPNDXo1=fPND[o1a0O0001O00000000O1000000111N0O000OO2000O20O01002M1N101O0000EjPNLVo14jPNKWo15iPNKXo1>1O10O00]OfPNa0Yo1_OhPNa0Vo1AjPN?Uo1AlPN>Uo1BkPN=Uo1DmPN9So1HlPN8To1HlPN8To1IjPN8Wo1GhPN;Wo1EiPN<Vo1DjPN>Uo1@lPNa0To1]OmPNc0Xo1001O01OJ\OPQNd0Po1]OoPNb0Yo1M2MfPNDWo1;hPNHVo1b00O1O1O1N2O1O02OBhPN5Uo1InPN8\o10O2O1O1O00100O1KDfPN<Xo1DiPN<Vo1DlPN;To1DmPN<So1CnPN=[o1001O000O10O1000O2N3N3L2O000O1O2O4K1O5L0O0101N5L2N3OlPNUOPo1P1OM100003M1000O0O3M5I8G9GiT]c2
20141104195854Bh_9,URWm0131Q1O`m10gRN0gN0[n10RSN1_o1O]L0b31UoM0a1O_n30QPL0io154Knl30RSL0PRN0PO0mk10TUN0mN0Pl10TSN6e2JXj17TSNIa20\j11ZSNOYR20]M0]M2dRNO=2EM20Qo1;\1FAOPP24noM7NM1IOOePN0gn10d001010O6\PNJXo10g00E00000D0<000ZPN0[o10ePN0[o10ePN0Zo10gPN0eo11BOiPN3do1NCOjPN0Vo11=1[PNNZo11dPN0]o1OcPN1^o1OaPN1_o1ObPN0^o10bPN1]o10bPN0_o10`PN1_o1:O5J3N2NO1O001N100O2O0O1N2O2O2O[PNI]o1?O01N2N100O10O11O2O0O10O010O10O02N1O00000001O3NO00O1O1O2N2O1NciTl2
20141104195854Bh_10,^\P]21no12N2YPN0[o12aPN2^o180001O4L0O2N2M5L1010000O10O102M2N2N1O000010OYOlPNa0\o1N0000001O000001dPNCTo1d01O10O01O002N1O001O012M1O1N1O2N1001O10O1O1O3M0O1O2O`bU_1
20141104195854Bh_11,Q]QY14ko12N1O1[OK^QN5cn1LVQN:in1GUQN:ln1ETQN<ln1ERQN;nn1ImPN9So191O0O200O001HlPNDTo19;N101O1O1O10O1ON2010O1O010O010O100O1N101O1O0L401O1O000001O0O101N4K4N3Maddc2
20141104195854Bh_12,^hRg14lo12N001N201N00100O0100O010O01O000O200]PNE_o1b0L1O1000120O0M_OiPN;_o12M11N3M012N1N13OO1OcPNFPo1e02O1N0O2O2M3M2K5J`UQV2
20141104195854Bh_13,UaPQ31no1101N2O001GMbPN4^o1M`PN5^o18O0000O1O100O4M1O0000001OO2OJ\PN1co1O]PN3ao17O2N000001O001O001I60`PNJWo14hPNNXo12hPNNYo11fPN0[o1NfPN2do100000000001N110O0100O01O0000JXPN4go1MYPN3fo140O0100O1000001OF]PN7ho1N1O2NTP6NmoI3N001O001O2GJdPN6\o1LaPN6]o170000000O100O1N2N3N1O10001O000N30O01O10O00010O01NVPNOQ^ah0
20141104195854Bh_14,ji`[11TP20aQ>;QnA3L0O1ON0EgTac2
20141104195854Bh_15,T`eU23mo11O11NeP2NYoM3O1ON20mPNN\n10eQN0[n10fQN0Zn10fQN1Xn1OiQN1Wn1OhQN1Zn1OdQN2]n1N_QN0]O2Uo1N^QN3cn1M\QN3Yo1N2O01O010O0PP4O_oM0UQN0]o50VoI1dQN0Zn1OgQN0Yn10j01PQNORn13n0O00011N2Oco76VPHJ6010iPh00VoWO00000co?1k`nd1
20141104195854Bh_16,kkjX31TP81hoI4N2N1O1O101O01O1O1N1O10000000O100010O01O10O004L0O10O100O0010O00000001O00000O10O01M3N101L3O11O2N3M2M3L4N10[Sac0
20141120195834Ch_1,[dl\21io11ZPN1co18O0O100O100O100O10000000O2O000O100000000000000001O00000010O0010O0010O01O1000000O11O1OO1000002N010N1101N10O2O1O0OO101O10O2N001OO1O101000O0O3N2N1N0101N101N2N10O02N100O010O2O0000000O100001O000O3N1O0000O011O0O101N100O1O100000O10O10O10O01O010O0001O010O001O0010O001O00001O01O001O10O01O0010O010O001O1O001O0010O0010O001O00001N1O2O0001O0010O01O00001O00001O000000000000O100O1O1000000O100000O100O100O10001O000O2O0O1N3N1O100O2O1N1O10dXiU1
20141120195834Ch_2,]a]R13[o10TQN1jn10TQN3ln1MPQN8on1HoPN;Po1DoPN>Qo1@oPN<KH[o19fPND[o1=31LAePNa0Zo14O0O2O00O0O101O1O011N10O01O001O0O2O00010N10010O0010O001N110O00000M3N20O10N100101O0OM^OjPNc0To15O02ON20000N1O3OO01O1M3M310O001001N3N7POnPNc0Yo10O0N2M4N1O2O001M2O2M2JlN^QNV1_n17O2O1O1O0O101I_NmQNa1Qn1701O00E<CbQNVOan1d0;UOTQNk0kn16N2N10O2O1L3N3M201O1O001O2N2KgPN@[o1?ePNA[o1?fPN@[o1?310ObPNA[o1b01O3N101M2M6Ifabe2
20141120195834Ch_3,i\S^24ko11N2O1O1O1O00000O1000O100O001O100000000001OO110O001O010N11O0001O01O00001O0000000O10001O00000000O10000001O0001O0001O001M21ON20001O001O00100O100O0010O2N3L4N0O2M2O[ej\1
20141120195834Ch_4,feZV14ln1MgQN1D7cn1IeQNf0BZOcn13fQNj0Xn1XO`QNn0`n1:O0000000000O2N1O1L5N1M4J6IlPN_OUo1a0kPN_OVo1`0jPN@Vo1`0jPN_OWo1a0iPN_OWo1a0iPN_OXo1`0hPN@Xo1`0iPN_OWo1a0iPN_OXo1`0hPNAXo1?gPNAZo1>fPNB[o1=ePNC[o1>ePN@]o1?201O1O1O010O02O000O3N1N2N2O0O001000O010O001O001N101N101O000O10000000000001O01O00000001O0000001O00000000000001O0001O001O001O01O00000000001O000001O001O1O2N1O2N001O001O0010O00000O0100O00N3O001O1000000000O10001O000O10000O100O101O000000001O00010O010O01O100O010O001O100O1O2N10O0102M11OO01O10O01O10O01O01O010O1O010O0001O010O0010001OO010O10O100O1jPNXOSo1k0O001O010O1O0001O1O1N2M3M2M4M2O2N101O00001O0001O01O01O100000O01000O010O0100O01O1N10001O01O1O1O1O1N100010O000O2O0010O01O1O1O00\PNHao17_PNIao18^PNHco174O01O10O10O1O010O001O0000100O00000O100001O001O010O000001O000O101O0000010O000010O010O0100O0001O00001O00001O001O0010O00010O01O002N2M1ORXiT2
20141120195834Ch_5,QYWY23mo11O001O010O1O1O01O00010O010O010O00010O0001O0010O0010O010O00010O01O00010O01O00001O00010O0000001O0001O01O010O0001O01O00000010O0001O1O1O1O001O2N000010O0000001N100O1O1O1000000O1000000000O100O01000O1000O01O100000O1000000000001O000000O1001O000000O10000000000000000001O0O101O0000000000O100000O10000000O010O10000O1001O000000010O000000001O0O1O3JbfV\1
20141120195834Ch_6,eUQh11?0on13mPN0Ro12iPN1Wo1;100O1O1O2N2O1NO21N1O010O1O1000000010O01O01O00000001O001O1O1O100000O2O0O2OO01O011N000010O010O010O0010O010O101O4L6I2O>B0001N1N3N3M1M6K4M6Ioh^S2
20141120195834Ch_7,jif`21mo18J1O001O10O01O1O01O010O01O1N101O3N0O2OO10O1001O1O010O0O102N1O000O1001O0100O0010O0001O0000O102M3M4M3aRN\O[k1f0lRN]OO1o0OVl1\1USN]NK0N;Tm1Y1mRNVOWm1i14J4L4K310N2N2N3aNWRNd0en1nNWQNf0So1O2N2O0O102O3N2K2M3M1LWPN0`QeZ1
20141120195834Ch_8,ln^Q22mo18H3N1O1N2N1O100N2M2N0M51OO0101O2N0010O1O1N20O010O1O1001O0102NO001N1000010O02N1M4M5@nQkk1
20141120195834Ch_9,]ePb0;bo18J3N2N04M10O00O10O001N02O11N01O00100O100O001N2O02N101N2O20O0O01O1O002mPND]n1Q101N12M;D3L7I6L3M1`0_O2N6JjN^QNn0kn12`QNCVm1f1O06K3M4J4Mf0YO4L3K6ITVWZ3
20141120195834Ch_10,VjZP23mo11N101O0M3O1O1O1N2L4O1O0100O101O10O02OO011N1O10O010000O001O001O000000O101O0O1O2N1O100O2N1O2O0O1000000000O010000000001O1O001NlUgk1
20141120195834Ch_11,_^_Y35Zo1NRQN5jn14oPNMon1b0N3O3M2N100001OO0O2O10001O1O1O101O1O001OO0001O000O1O0O2O1O11N1O01O100O0100O10lNbNfSN]1Yl1hNdSNT1^l1oNaSNQ1_l1QO^SNo0bl1SO]SNm0bl1\OVSNd0il1^OUSNb0ll1_OQSNa0Qm1@lRNa0Vm1S111N1O0010O1O1O1O10OdM`RNY2am1gM`RNW2am1iM^RNW2bm12100L5N1O10N1M4N1SOjMSTN3WOk1el1UNPTNT2Ql1oMjSNS2Vl1PNfSNQ2[l1i0001N3N2M:F5L3N1M3N2M2O2M101N2N1000O1F:L4N3N1002O1N1O1O2N1O:E2O2N00N02N3N2N2]ORRNnNUn1h0h0N4L5I3K8JVel>
20141120195834Ch_12,ohZ[32^o1OQQN1fm11eRN4[OL80fm13dRN;DDfm13cRN=CCim11bRN?AClm1OaRNn0_m1SOXRNGJ[1nm1nNTRNY1km1?0O000O1N20O102N5K2O0O010OO2M2IWRNVNkm1g18AmQNeN80mm1W1b0N1O3L3O0O2O1N101O0M3O2O00001O0001O1O01O01O00001O1O01O001O001O001O001O0O2O1O2N1O01000O010O100O001O100O1O2N1O1O1NdW]?
20141120195834Ch_13,Rjf`21no111O001000O010B0^P20\PL0Vo10=1O0O1O0cPNNnn12SQNOln10WQNOhn11XQNORoa00[P@0bPN0^o11O0@OPQN1`o1O0011@OoPN1`o11@NPQN2Po1NoPN1ao10BOmPN1ao100Oeo30jPL0D001RRNOik10PTN8Pl1HiSN3`NOim1ObSN1hNO`n1OhQN0A0O1<0_n1OWQN0i02Ro1OO000O13N000000dN8cRNHC1I3Ql11`SNK:0G4f0LM5G2Um1IVSN1H9LOVm1HTSN0H802Vm1EQSN0F954Tm1CPSN1C::6Pm1_OSSNc0NOPm1_OQSNd0KNWm1_OlRN>N5[m1\ObRN=76Ym1\O]RN:`0:Rm1^O[RN4j0>jl1]OXRNO03S1`0cl1GcSN8]l1DfSN<Zl1AjSN=om1N01OJZNGQTN6dmVZ1
20141120195834Ch_14,Xek[21oo14L2N2N0001N11O1O3M1O001O1N2O1OO02N2O001fPN[OVo1i0O001N2O1ESO_QNP1^n1;O2M3N3L2O004L02O2M1O2N100O11MYOeQNLYn14hQNMVn15iQNTO0g0Rn17SRNEK\ORn1j0oQNXO5b0nm16WRNIE]ORn1j0YRNKfm16ZRNKem15[RNKfm15ZRNUOEd0Pn18ZRNJgm15YRNLfm13]RNKdm14ZRNWOEf0Qn12ZRN0hm1NXRN3hm1LYRN3im1KWRN6im1JURN7nm1FnQNBJg0[n1JeQN;en1;11N00nN]QNc01UOdn16[QNe00UOln10TQNk0OVOon1n000O100O2O001O0O2O01O001O2O3L00000000O1001QOPQNl0So1O4_OiPNH4N]o11_n90lQF1N2O2M21N2O3L\[^]1
20141120195834Ch_15,lfPb11PP4000PPN00010N010O1000002NMUPN0no10O010O10000O001O000O0O0ZON`QN2Uo11@MUQN4[o10CLoPN4_o10DLlPN3Uo1MkPN3ao10EMiPN3Wo1MiPN3co1O00ENhPN3Wo1MjPN2Vo1NkPN1Uo10kPN0Uo10kPNOUo12jPNOVo10kPN0Uo10kPN0Uo10jPN1Vo1NkPN2Uo1NjPN3Uo1MlPN2Uo1NkPN2ao100OFOfPN0fo1001O100000O10BOlPN1Ro1OoPN1Qo1OoPN2Po1NQQN1on10PQN1on1OQQN1on1OPQN2Qo1NnPN2Ro1NnPN2So1NmPN2So1MmPN4So1LlPN4Uo1LjPN5Uo1LjPN4Wo1KiPN2HO`o1OgPN2IO`o1OhPN1H1`o1NgPN5Zo1KePN4eo1O1N10HObPN1]o1OdPN0fo10G0cPN0\o10dPN1[o1OfPN0Wo10aPN081Uo13kPNMUo13lPNLTo15lPNKSo15mPNKTo14lPNLTo14lPNLUo12lPNNTo12lPNNUo11kPNOUo12jPNNVo12jPNNWo12hPNOWo11jPNNWo12hPNOWo11iPNOVo12jPNNVo12kPNNTo12lPNNTo12lPNNUo10lPN1So1OnPN0Ro10nPN0Ro10nPN0So1OmPN1So10mPNOSo11mPNOTo10lPN1So1OnPN0So10lPN0To10mPN0So10lPN1So1OnPN1Ro1OnPN0Ro10nPN1Qo1OoPN2Qo1NnPN2Ro1NnPN3Qo1MoPN3Qo1NnPN2So1MmPN2To1NlPN2To1OkPN1Uo1OkPN1Vo1OiPN1Wo1OiPN1Wo10iPNOWo11iPN0Vo10jPN0Vo11jPNNVo12jPNOTo13kPNMUo13kPNNTo14jPNMUo15hPNLXo14gPNMYo1>0O1O1O2N001O0000O1M300O110O0100O1O0001O0001O1OoPNBbn1<]QNFcn1:[QNHdn19[QNHen18YQNIgn17WQNLhn14UQNOkn12SQNOmn1b01O001]OQQN3on1LRQN5nn1CUQNLNa0mn1BZQN>fn1BYQN?gn1AXQNa0gn1@UQNc0kn1^OSQNc0mn182N100O00001O000O2O1OPQNZOgn1e0XQN^Ogn1a0XQNAhn1=YQNCgn1=YQNCgn1=YQNCgn1>XQNAin1?WQN_Okn1b0SQN^Onn1j001O1O1003_OQQNJon14RQNLon1HSQN1O8nn1EVQN0M;_o1D]PN:eo1O01LF`PN;7Fmn1>PQNFnn1NoPNd0nn1\OSQNd0ln1]OTQNc0kn1]OUQNd0jn1]OVQNb0jn1^OVQNd0hn1]OWQNd0hn14XQNUOhn1j0YQNUOgn1j0ZQNVOgn1i0ZQNWOfn19VQN14Fhn16UQN16Jfn13TQN27Kfn12SQN28Lfn10RQN49Mkn11WQNOin1M[QN3dn1M]QNO_O1ho10YPNOgo11YPNOfo12ZPNNfo12ZPNNfo12ZPNOTo1OZQN2@0ho14_OKXQN5gn1KYQN5hn1KYQN3gn1MZQN2gn1MZQN2fn1OYQN2gn1MZQN2fn1OZQN0fn11ZQNNgn11YQNOgn11ZQNOen11[QNOen11f0O0000e00[O0\O0XQN0hn10WQN1[o11_ONSQN2nn1NQQN3^o10O1CLmPN4To1LkPN5Vo1KiPN4Xo1LgPN5Yo1KgPN4Zo1LfPN1I0ao1OfPN1I0ao1OfPN0J0ao10ePN0J0io11WPNOio11WPNOio113O1000H0`PN0ao10^PN0bo10^PN0bo11\PN0eo142O1MlUak1
20141220201934Ch_1,fQ_m09eo12O011O1O0O1N1011M1010O1O0001O01O0O20O1O10O0001O0O2000O10O100O2O00O101N2N110O100O010O0100000O01100OO110O001O1O0O20O1O1O002OOO2O011N101N3M1O003K1K7O0001O1O4L2M4M1M4M2N1O1001O10O2O01N10O01O101OO02N00000SRN@Zl1?cSNC_l1<nRNCA2dm1<hRNF\O1nm1:dRNOam11`RNHfm18Q12O1N103N1M11N001N2M4K5K]kRk2
20141220201934Ch_2,lZQP13no10^PNNUo13fPN2Wo1<1000O10000O01001O01O0O0000O1MMhPNAZo1?301O1O3N0O000010GGjPN:So1JjPN7Wo19J\OnPNf0Qo15O1O2N1N101N11ON2OL4O2O10N11O10001M3N3M2N2N3N2L3O1N11O01O0001O100O0O01O10001O000001OO010O01N1O11O1OLGcPN9^o132N2K^gbj2
20141220201934Ch_3,]PUd27io14L3N101O4L5I5K3N3M3L4N13M5K0oNVQNj0Qo13O0OO4LOM2M4Lim\Z1
20141220201934Ch_4,WTQk176KYo1`0J5O0K6N1O4L4N6J5NeN`QNU1dn126MK0000TO]QN=`n1@nQN:mm1A[RN:gm1AgRN4lhjS2
20141220201934Ch_5,mnRY31fo1g0TO[O]QNk0Qn1TOlQN2OW1Sn1>OM5N2L4C=M400O01O01N010N1O10M4O1O1O2O11M2N4L3M2N2O1O2N10O100O0O21L3M3I8MRR[d0
20141220201934Ch_6,iTg]21no12O1O000002OO0O2M200102M100O0100O001O00100O01O01O000010O00010O001O0001O01O01O0000000O1000000O10O10000O10000O1O2Nmo=0RPB2O1N2L3N2M2M4M3000O2GiPNFZo197N2O2NlkX]1
20141220201934Ch_7,XojR11no12SPNNio1411O1O00O1001O1O0O10000O10O100O011O02N1O00O00O100010O00010O1O3M1O2O0000O1M201O1N20O001O0100O01O010O100OO2001N10001O0O010000O010O1N101O0O1O2M3O010001N1L5N101N1MkQQh2
20141220201934Ch_8,_VSZ24jo14L5M2O21N3NO02NO101O0O1N10000010O1N2N10001O000O1O00100O1O01O0001N2O1OYhdc1
20141220201934Ch_9,`fP\18fo13O1101O0O000N4M1N10O2O10O01O1O001O1O1O2N2VRNGkk18RTNOjk12STN5ik1KSTN9lk1H]SNn0dl1ROVSNS1jl1nNQSN<MXOG68Mbl1[1hSNkNFKcl1l0kTNSOVk1g0U2L7H:F`Xka2
20141220201934Ch_10,P\ce1;do12N1O2O101N1O2N1N2O1O2N0O1O1O1M30000101N000O100O0001000O0O2O2O0000000O1O1000000O2M2O2O000O100001O01N0DbPN8^o1GdPN7^o1GfPN2ccRW2
20141220201934Ch_11,g_Zd15]o1NmPN4Ro1MlPN6KHRo13RQN<kn1FTQN:ln1GSQN9mn1HQQN:nn1GPQN:Po1;0000O10VOQQNb0Po1^OQQNa0on1^ORQNb0on1]OQQNc0on1]OQQNc0on1]ORQNa0Po1^OPQNa0Qo1_OoPN`0Ro1@oPN>So1@nPN`0Ro1@nPN?So1AmPN?Zo1000001O001O001O1O2O00O00001EHlPN8To1:0O10fPN\OXo1g0O00000O10001O07JO^OfPN>ao1L2O2GZPN4jo1N1001O000VPNMbo1O`PN8_o141O02M205K001O01O10O001O100O101nPNZOfn1h0VQN]Ohn1o0O000O10O001L301N200O1O0O3M1L5N2N2O001N2O001L_PNFbo1:2O10000010O01O0L`PNN[o1OfPN6ao1000O01OO1O2J;J2N4M0O2N000000010O10O1O001O001N2O111N1N2N3N0O2N1O2N1O101N0010O1O1O1N2O00000000010O000001O112L1O1O1O00001O0000O10O2OR^eP2
20141220201934Ch_12,mX[X33ko13N100O010O001O10O001OO11O000O2O1NjNOaRN0`m13YRNNlm12PRN0Pn13lQNMVn15fQNL[n15bQNKbn1>oPNDTo1c02M3N2L4M2K4M4KXhbe0
20141220201934Ch_13,h_Vd11no14LL[PN1bo1O`PN4fo1Neo3NXPb00VP^O0ooK000000000QP20ooM010O001O1O2N1N1O1N24LKK:00000000000oo10QPN00025KNVPNNho17N01I[PN1jo10oo3OQPL1NOUPN1io1N50O0oo30RPL00010O1O0gPNOcn11^QNObn10_QN0`n11`QNO`n10aQN1]n10dQN1XO0nn1NlQN2Vn1Om01001N010O10O010000000n00TN0iQN1on14O0\OK^QN5dn1K[QN5en1K[QN5fn1KXQN5in1LVQN4kn1KUQN5kn1LQQNOF6Yo1KQQN0F4Zo1KoPN2H2Yo1LoPN2I1Xo1MoPN2JOXo1OnPN2Yo1NgPN2Xo1NhPN3Xo1MgPN4Xo1LdPN6NK\o1OcPN7do13O10OcPNFTo1;kPNFTo19mPNJPo15RQNLmn1N^QNN`n12bQNO[n11k00O01O00PQNNRn12nQNNRn12nQNORn11nQNOQn11PRNNQn12nQNOQn12nQNNSn11mQNOTn11kQNOVn10jQNOWn12gQNOZn11eQNO[n12j02N1O101OOgPNImn13QQNNPo11oPN0Qo11mPNOTo11kPNOVo11jPNNWo13gPNMZo12fPNOZo11fPNOYo11hPNOWo11jPN0So11nPN0Po1ORQN0nn10RQN1mn1OSQN1mn1OSQN1nn1NRQN3mn1MSQN3mn1NSQN1mn1OSQN2ln1NTQN2ln1NTQN2ln1OSQN1nn1OSQNOmn15oPNKRo15mPNLSo14lPNMTo13kPNNTo12lPNOTo10lPN1So10lPN1So1OmPN2Ro1NnPN3Qo1LPQN4Qo1KnPN6Ro1KmPN9Po1<OGoPNCRo1e00O2WOnPNa00@Ro1h001M101N2N12OQQNROkn11TQNh00YOPo1k002N1OJSQN[Oln1d0UQN\Oin1n0000TOXQN;0]Oin16ZQN<jn1BXQN>Vo13L3N2N000O01O000YOlPNc0Zo1N06fPNXORo1k0O100O01^OnPN4So1KmPN4Uo1KlPN4Uo1KkPN5Xo1HhPN8Xo1HhPN:Vo1;N0O01O2N2O0O001O100N2O1O1O001N100000001O10O02N1O2M3MR\Wl1
20141220201934Ch_14,hQ]m02ko1Ocom10aPRN0no70RPH010PP20RP40YQn00SnmN0[QN0XO0O30MlN1WQNOj01nm1OU10001000RQ20lN0]oM0lmZm2
20141222201814Mh_1,RQSg14jo12N3N1L4O1O2O0010001O1O010O01O01O00O1O1N2O1O1O2O0O0100O10000O010O001O1O010O10O01O01000O101O0100O1O1001N00011OO0100O000000O10O0100O10000O01000002NO10O00000100O001001O2N101O000O2N0100N2O1O0O100O11N11O01O0000N3M3MVlXR2
20141222201814Mh_2,QlVR38fo13OO010O2L2O10O2N2N2N2N2OOO3O1O2L3O0O11O1O001O000O200N1N3M2O11O1O10N1O0010O1N2O1O10000O10O2O0O1O2O1N4KfUaj0
20141222201814Mh_3,\\g\22mo12TPNMeo1:L2O2001N11N1001O010O0000M3O2O1O2N1O2N0O1IYORQNk0ln15[OSOVRNo0im1ROlQNL4S1nm1YOQRNi0mm1XORRNi0nm1VORRNl0mm1d0O1OK6H7N3M3M5M1N002NL400102N001N2M2N2N4H;HddP`1
20141222201814Mh_4,l_^Y22mo12SO0hQN7Pn1L\QN2O8en1h0O002M20FaQNPO`n1o0bQNPO_n1f0]QN]Omn1b09O101O0O10000O101O00001N101O0000001O0000000O3N1O1O1O2N2L^Q^37[naL4M2O0ADZQN=bn1ASQN49<dn1F\QN:cn1H[QN9en1G[QN9cn1I]QN8an1I_QN7an1H_QN9bn1F]QN<bn1D^QN=an1C^QN`0an1_O_QNb0`n1_O_QNa0bn1_O]QNb0bn1^O]QNc0dn1<001O1O0O10000O1O100MUQNPOln1o0UQNQOln1n0SQNROPo1l0PQNTOPo1l0PQNTOPo1n01N1O010002OO010O0100O2N10O0O1O1ETQN@nn1><O00001O010O010O1000O1O1OOcPNA[o1?fPN@[o1?dPNB]o1`011O0O002N1O1O01O1O00hPN\OTo1d0kPN]OUo1f002O4L001O1O2N1O001O0001OO10000000O100O1O1M3M2O2N2O0O1O101O1O2N1O1O10001N101O001N2O1O1O1N2NT_iX1
20141222201814Mh_5,mgfi22mo18H2O2M10000001103L4L10000O0001O0000102L3M110O0O0O1O12O0O1000O1O2O1N1O2N2N2O1MjViS1
20141222201814Mh_6,hkRm04ho17K4iPNHFJgn17^QNa0an1\OcQNd0ln1011M3O1O20O3L13L3N00O1N2M1O1O1O100O101O0O1O2M2O1O1O100O10000001OO0000O3O00O1NhMFnTN8Sk1ImTN6`m1M5K`m10`RN3N3K4O1O1L2O1O11O0001N1O2OOO11000000101O0O10001O01O1O0O2KhVom2
20141222201814Mh_7,nPgY39ao1:J5L7J5K7J3L6I5L3M3O2N3L^N\RNh0bm1QO]SN6fl1FaSN1fl1KiPWe0
20141222201814Mh_8,ib`T2361\o1:01N2N2N2O1N2O01O00001M2M2M400O100O101O00000O101O00000000001O1O1O003MS]Wi1
20141222201814Mh_9,\o\`13lo13N103L2N11OO1iQNFfl1;YSNGel1;YSNEhl1<USNEll1=RSNBol1`0PSN^ORm1c0lRN]OTm1i0eRNXOZm1l0cRNUO]m1k0aRNUOam1k0[RNXOgm1e0WRN]Olm1`0SRNARn15RRNLQn1KURN6kn1O01001N1O1O1O2M4L_nd]2
20141222201814Mh_10,Xm`]27io13L2M3_PNBUo14lPN=Ro1:O1ON2OO20000O0N110O21M4L5L2N3N2K5N0OgSo`1
20141222201814Mh_11,VQUg11eo30ePN0UO0PQN0co70ooI000O010O0010O00O1O0O10O100010O01O10do30\PN0ooM0iPh00[o[O0_oM0aP20aPZ10\oaN0`00@010`o30`PL000O0lP:0ToE0O11ORPN1jo14\OKZQN5fn1K[QN6cn1J]QN65O`m1K[RN6FLN:an1M]QNa0Qn1VOXRN:Gb0]n1]OeQNc0Tn1ElQNKfn18WQNAPo1?7100O]OgPN?\o110ON3001N2M3Ljk^Q2
20150105104334Ch_1,oYaU28go14N010N2N1O20O3M00O2O0O0O200O3M2N2eRN\OWk1f0_TNCfk17eSN@VO1M;Xm14cSN?^l1@aSNa0_l1@_SN:WOSO^m1c0VSN<Qm1CjRNc0Um1^OgRNe0Zm1^O_RNe0bm1m00J[RNQNcm1m1_RNTN`m1i1dRNWN[m1g1hRNWNZm1g1`0O1ImQN`NSn1^19CeQNRO]n1m0<L2AYQNFjn16a0M5L_ehg1
20150105104334Ch_2,gdVj05jo13aPNIQo1g0L2022N2J5L1O08H3jPNXOkn1X1G4]QNgNYn1b10M10dQN]NXn1h1N102M11OO1O_NPRNN=;bm1GSRNH`0?^m1JjRN5Xm1KhRN4Xm1LoRNMQm13PSNLQm14oRNKSm12nRNMTm1MQSN3_n1O101N20Yn1Nn[]S3
20150105104334Ch_3,R_ZR26jo11N100O10O10O10O11O000N110O100000O2O0O0100O100000000000001N102N01O0001O10O01O2N0010O010O0100O10O010O010O001O002O000000O10O1O0100O01000O0100O02O000O10000O011OO1O001O1O1O101OO12OOO2O1OQQNITn16kQNMSn14lQN0Qn10nQN0Rn10oQN0Qn10nQN0Sn10lQN1Sn10lQN0Un10iQN1Wn1OcQN6^n1J\QN;en1?101N1oNTQNo0nn1000O0101N101N10000O1O2XOmPNa0Zo1N100O2N1000L4O101O01O0001O00001O10ZOlPN?[o1O100D`PN7eo1000O10G[PN6do1J]PN7bo1H_PN7eo11N10111N001O0000001O010O0O01O1O1N2O2N1O2N1OP^Wc1
20150105104334Ch_4,l[kS14jo13L3I7O0L@gPNc0Vo16N3K4L3O1O0_OPOiQN[1Wn15\OiNbRNT1bm1QOXRNn0jm1c0DPNjRNo1Um1VNhRNi1Ym1=2N2O2O1N3M2O4PNVRNb1Vn1L3N2N1OO02O2O7J1O3NJnN[QNR1cn1701IfNcQN\1\n15OBdQNnNO7an1?PRN[OTn16ifZi2
20150105104334Ch_5,hiVa03mo12M7J1O0O11O104K010O01O01O100O0100O00000O101O10O00100O00000000000000O1O1000O10000O10N2O1O2O000000E`PN6fo10O01O000O01O100001O000000000000000O2N2O0OkU[Z3
20150105104334Ch_6,i[ei24jo13N2K4XNHfSN9[l1MQSNa0ol1AhRNf0Wm1]OgRNc0Zm1_OcRN=cm1UOQRN;7>Sn1BkQN<Xn1d02I:I4I8K9E_eXU1
20150105104334Ch_7,ZU_[21no12N100000000000000O2O000001O000010O0001O01O000O2O00001O00000000001O0001O0000000001O00000001O000001O1O0O1000010O0000010O10O10O00001O01O101N1O1O00000O1O2N\jf_1
20150105104334Ch_8,mUcV31no1200O0010O00010O00O2O0000010N100O1010O002N0101N2N0010O010O010O1O100O10O10O100O1O010O010O1O10O01O01O001O01O00O1O10000000O010000O010000O1000O10O100O1O2O0Ocibd0
20150105104334Ch_9,^\ib02ko15N2N1O1O01OO1O0O01011O1N2N3L3M2N2O1N101002O10O1N0O001O1O01N2O0O01M3M2010O1O01\MUOTTN2Y1k0Tj1UOVTN>0I_1e0Tj1h0^TNWN7=Io0_k1P3N101003M0WLaTN]O8V3Wk1]MXUNZ2ej1gM`UNU2^j1jMhUNT2Wj1iMRVNR2ii1`MiTN;f1Q2`i1PNkVNi1Ui1TNSWNh1oh1QNWWNm1_k1O1O2N1N3N3M100O01N1N3NgNSRNa0mm1ZO[RNd0dm1XOfRNb0Po1\OncfX3
20150105104334Ch_10,blPR14lo12L5L2N1N2O0000N2N2O0O0101N2OO1OK6N3O10O1O1O0N20001F91I7O100000000J6O1L4O2O001OEVQN@kn14QQNO]o1OgPNL\o13:NSVUk2
20150105104334Ch_11,\Vcc14ko1100O0_O?1100OO10I7E=O1G8N3N10\OnQNYOml1IoSNn0bl1ZOWSNe0kl1@[RNE4R1cm1e08OI71010O0011WOTRNkN56hm1f0Q1G9M1O10N30O010O1O02L4M3H9J5L4O_OjQNZOVn1b0QRNZOom1e0f0O0L4010O100B@\QN>dn1IXQN7hn1JXQN6hn1a0OZOYQN5gn1DeQN8Yn1IhQN6Wn1JjQN6Un1HnQN8Rn1GoQN8Rn1FQRN8Pn1GRRN5Qn1JPQ[X2
20150105104334Ch_12,kRgn06io14L1O20O0K_PNJbo1641ON110O10O010O10O01O0000O2O000010O001L40000001O10000000OOO3O0O0101010O01NJHdPN8[o1JdPN7[o1JdPN5]o170MaPNE_o1`0O3L2O001N1101OO2N1N10O3^OjPN5Zo1EiPN9`o1O1001O3M2M4M1O00O2O3M1N2N10O01O1O1O1O1O1O1MRlnk2
20150105104334Ch_13,TRoS22mo12O0001O0000O1N110O11O001O0O10000O0010O10O0100O1000O010O010O0100O0100O01O010O0100Ono3ORPL2O1O001O1O00000001OO10010O01N011O0100O1O010O01O1O2N1OPo`g1
20150105104334Ch_14,l^RS21oo10O01000QP20ooM0]Pn00doSO0PPN0QP20PP40PPL0O0PPN0O010O1O00O1010000000PP20ooM010PP20bo50mPF0Qo30`PN0dP60TPV10mncN0\PN000e00Xo10PP20QP40Uog00kPXO0PPN0PPL00000O2SPN0go1211O20O2O1Md_id1
20150105104334Ch_15,Sblh08go13M1O4J6L2O1N0O1O1OO4N4K21O2O1N0001N1OjRN@nj1>oTNIoj17YSNCY13bk1:QSNHZ1Nhk1j0iRNQOY15Sl1h0PTNVOVl1c0lSN^OSl1?QTNEkk19VTNEmk1:n11[SN^Ogi1d0[VN[Oci1e0dUN[OgN0bk1e0eUN[OZk1b0UVN@eLN`k1`0_VN@Xk1<lTNE\OOQj1:fVNFYO0]N1ak18U4N2ObRNKRk14nTNLBOdi12kVN1`m10QRNOQl1O^RN1NN4073Xm1M_RN4HLS15el1KaRN7j0KkNOkm1O`RN59KK1om13WRN3CJVn12XRNN^OO32HN]n12ZRN1]OM31Xn10YRN2]OM114Oem14jRN0DMK3dn12XQNJ1302fn10ZQNM0:Wo1EgPN8_o1GaPN5cn=LhZiR3
20150105104334Ch_16,om\c12mo1101O0000001K4N2O2O0O2O0100O1O10OO2N1O10000001O1N2O2OO01O01O100J_PNL`o14`PNM^o1;O2O0QQN@^n1a0`QNA`n1?_QNAan1a0[QNAen1n0O0000N011O2N1O10001N100O1O11OEoPNGQo17QQNIQo13RQNLSo1NnPN2So1LnPN4_o1O4M[QgX2
20150105104334Ch_17,RUeZ24ko12VPNMco190I]PN2ao1ObPNN^o12cPNM]o13dPNM[o13fPNLZo15ePNK[o15ePNK[o15ePNK\o15_PNK01bo13^PN0bo1O`PNMN0bo14_PNK10ao14]PNL30ao13\PNM30ao13\PNM30ao15_PNKao156O0000YPNLco12601O00100O60E0VP40O0VPJ0ko50QPf00ooC0QPL0RP80noE0noG00000no30QPL0Yjf_1
20150124081954Uh_1,foZh12mo13M1O101O2YPNHbo1;0101N3M1O1O101N10O11O3M100O1N2N2O4K2NmNXQNo0hn1oN[QNP1kn12N03M001N2O01O1O1OO1O101XOoPN=[o10O1O001O0010O0010O01O2N1O00001O1O1O001O0O10000000000001O001O1O0O10001O00001O00000001O010O0010O0001O001O01O0010O00010O00010O00001O00000000001O0001O001O00001O0000000001O00000O10O100N2M3000000O1000000000000001O00000O100O10000O100000O100O010O10O01O0100O100O010O1O10O01O010O10N2O0001O01O0000O1001B@TQN02?jn1CSQNO1?ln1=00001O00M4N1001N2O001O1O1N2M201OO1000001O001N10O200N2KkPN^OVo1?6N300N2O101N1M4NXPci1
20150124081954Uh_2,UXoj15jo12O1O1N0010O1O10YPNIeo1900O2N1O2N2O2M4M3L3M1O3L6Db0D4M3N2MUOTRNkN2i0dm1<aRNKVm17kRNI4UO]l1`0WSNC>0C?3Fel12YSN@f04^OZ1]n1N2J\QNjNen1U1320N1M3J8K;EQf`R2
20150124081954Uh_3,RVgQ13=OQo12jPN3Wo1:<E00N3M3L2O2jRNBgj1?TUNGjj1;kTNAZN5hl1=iTNNTO^OUk1k0cUNGVOCRk1k0cUNB^ODhj1R1dUN[OIAaj1W1cUNWOfk1g0[TNYOgk15VSNFS14hk15XSNEQ13ik1:[SNYOo0<hk1:fTND[k1:hTNDYk1;jTNAYk1=kTN^OXk1b0R201000O10O100O1O1O1N101N2O1000O101N3SMHnUN9oi1LnUN4Pj10oUNOPj1`0bUN_O]j1f0`UNYO`j1j0^UNUOcj1P1UTNfN<:^k1U1hSNlNi0N_k1k1`TNVN^k1l1aTNUN]k1m1bTNTN]k1m1bTNTN]k1\1mSN^Nh06Zk1^1lSNZNl09Wk1_1lSNWNn09Yk1Y1UUNaNTk1Z1mTNfNWk1V1iTNkNak1k0_TNUOck1j0\TNUOek1l0YTNTOik1o0STNoNok1S1PTNiNTl1Z1iSNeNYl1]1dSNbNel1o0^RNQOin1Q112N9G00003NM4L4M4K6J2O1O1N1O100O20O0100O3M6Hkk`h2
20150124081954Uh_4,\glX32lo1=C6K0N2OOO21L5E901010O010O010O10001O010O1O2N2O00001O2M2O1O0O1O10O1000O010010O2N00001O0O5K1O1002O6J00003MO1N2N1O1O2N1O1O5J4KaWUc0
20150124081954Uh_5,hYUW21mo120001N1O1M300O10001O0O3^PNC]o1a0O0000000000000000_OcPN?]o1AcPN?^o11O00100O01O1O10O00O110O001N2O1M300O00010O1O101N3Mgfhe1
20150124081954Uh_6,`kn_11oo12N001O0O2O0010O01O1O01O00001O010O00001O0000001O01O0000000001O0001O0001OO1000001O000000000000000O1000O100000O010O10O010O10O010O01O10O01000000O100000000O1000000O100000O1000000N2000001N100000O2OO10000000O101N2NdT_Y2
20150124081954Uh_7,nYcV23ko13N2O0O0010O00000JZPN4io100O2O00000001O00O2O020Mbo1O`PN00000000000cPN0jn10VQN0ln10a00`P20`oM0]O0VQN0\o11]OOVQN0ln10SQN0nn10Q10nN0RQN1nn3OQQN0_O010N0afZf1
20150124081954Uh_8,]Q]n22mo11O1O2O0O103M0O10O12M2O10O100000O01O1O0102L3O0O3M0O3N010O2O1N001O11OO1O1OWOQQNb0on1ZOWQNd0So1O4ON0O1O1O1O10O1010N0001N4M2N2M10ON3N100O20O0001N2Ohm`m0
20150430082014Th_1,`dli23ko1:G1O1O00000UMDSVN;ni1GnUN:Tj1GjUN8Xj1JeUN5]j1LaUN1dj10YUN0gj13WUNLjj18RUNImj1:PUNGoj1;oTNDQk1?nTN^OTk1d0kTN[OVk1k0cTNUO\k1n0cTNQO\k1Q1cTNPO[k1Q1fTNnNXk18VSN;c1]OYk1N]SNc0\1^Ogk1c0VTN^Olk1LaRNa0c1Dnk1<RTNDnk1=QTNBQl1>mSNCUl1=hSNC]l1;`SNEdl1:YSNFjl1;RSNFQm1>gRNB[m1?cRNA^m1`0`RNA_m1a0_RN^Obm1e0ZRN\Ofm1h0VRNXOkm1h0RRN[Onm1e0oQN[OUn1e0gQN]O\n1S15J1O01N010O00EdQNTO]n1i0g0VOdPN;do1Gn\gR1
20150430082014Th_2,`[mk02lo13N0100MVPN0jo10VPN1ko12O1N2O000O100O10000000000001O0000000000000001O0000000000000000000000000000000000000O1N2N101O1O10NbPNB]o1a0000000O01000O1O010N2O0O2O1OGkPNIUo17kPNHhn1JcQN>FGgn1KcQN=GGfn1McQN<IDfn10`QN<^n1D^QNO6<[n1FRRN5nm1MTRNOmm11URNLkm16o00`PNKTo17hPNLVo16gPNFO4Yo1;gPNEYo1;hPNBYo1<fPNC_o1<21O0010O10O01O1O100O101N100000EKkPN5To1NiPN2Wo10fPN2Yo1:10O100N20000000O101O0O10001O00000000000001O0000000000000O10O10O10001O0000000000O100O10001O000O101O010O001O1O00001N2O001O01O0O2O0O10000000O10001O_PNC_o1=aPNC_o1=aPNC_o1=aPNC_o1=2000O2aPNAZo1d0N101O0O100000000kPNZOPo1l0O1O001O0000000000000O100O1O1O100O100O0100000000000001O5K0O10O1O100O00100O010O10000O10000001N2O1O1O001O000000001O001O001O001N10001O1N2O001O001O1N2O0O1O10000O1O2O0O1000000O100O10O10O1000001O000O2N^fja2
20150430082014Th_3,Snf[35io12K5O0010O00000000100O1O1O001O001O1O10O100O10O010O01O010O1O0GHjPN:Qo1NiPN4Wo1;K4010O1O1O01000KlPN]OTo1b0oPN]OQo1=nPNC20Po1<VQNCkn1<=O7J3LSSWa0
20150430082014Th_4,Vi^b14bo10_PNM07`o17O10O101O001O000100O10O100O001O1O1O001000001N10000000000O11N101N1000001OO0000O1003M2N1JZPN1jo10QVcZ2
20150430082014Th_5,]V[g14ko12N2O0O2O00001O00001O00010O001O00000001O0001O0000000000000000000000O10O10000000O10001O000O1000001N1000000000000000O10001O01O000O1O1N20O2N1N201N100O100O0100000O10O0100O1000O010O010O1000O0100001O00001O000000000O100001O1O1N100000000O100O10O1000O100000O001O100O1O100O010000H`PN0`o1NdPN0\o1OePN0\o1OePN1Wo1MPQN1nn13QQNLon16;2M3fPNEnn1<nPNDL0Vo1=mPNGRo1;mPNDSo1>lPNATo1a051O1O0O1000000000001O01O0001O00000N2O10000000ZOmPN?To1_OnPN`0Ro1_OoPNa0Xo1000N2O1O100001O0]OhPN>Xo1BhPN>Xo1BhPN>Xo1BgPN?Yo1310000O101N1ON3N20O01OO11O0100N1O2O1O00001O1O0O3N1000O2N3M1O1O010O0010O0KgPNEWo1<600001O1O0O2O1O1N2O100TQNYO^n1h0aQNZO]n1g0aQN[O_n1e0`QN\O_n1g0\QN]Ocn1o0100000O010000O1000O101N101N1O2M3M2M3N1O20O0^OPRNVOPn1i0RRNUOPn1h0SRNUOom1i0URNSOnm1k0f0M5K1N2ON^OhPNa0Xo13001O1O2M200O1O1000O01000O10O0100O01O2N1O01N2O1N2O1O100O01O100@dPN;]o1CePN=_o1O1000O010N2N2OO2M3N110OO2O100O01000O01O100O100O1K]PNMco136O1O1Oco=2ZPB2N1O1O2N100O100O10O01O1O1O0O2O1O1O1O010O01O10O01O1O100L400O2O0O2O1M2O2N2O1Nbmn`1
20150430082014Th_6,j^ce01oo1001O1O001O0O2O001O003M1O10O0100O6J2OO01O1O010O01O010O1O001O00000001OO11OO102_OcPN;bo1O1O001O0O101NnKLZXN4eg1M[XN2eg1O\XNOeg10QXNO[h10eWN1[h1NfWN2Ul1OSl;1kSD2N1O2O0O2O1O01O10hPNHgn17WQNNgn11XQN2fn1OXQN3gn1MXQN5fn1MYQN3fn1OYQN1fn11YQNFM1jn1;`QND_n1=b01O107H4M1O0O1O1O00000000000000K5O1O1000O0100CmPNMSo11PQNNPo11PQN0Po10PQN0Qo1OlPNG0:Uo1NkPNH1:Uo1FkPN425Xo1JiPN5Wo1JkPN6To1JlPN6To1JlPN6So1JnPN6Qo1KoPN5Qo1JPQN6Po1JPQN6Po1JPQN6Po1JPQN6Po1JPQN6Qo1IoPN7Qo1IoPN7Qo1JnPN6So1ImPN7So1ImPN6To1JlPN6To1JlPN6To1JlPN6To1JlPN6To1JlPN6To1JmPN5So1KmPN5So1KmPN5So1KmPN5To1JlPN6To1JlPN6To1JlPN6To1JlPN6To1JlPN6To1JlPN6To1JlPN6To1JlPN6To1JlPN6To1JlPN5Uo1KkPN5Uo1KkPN5Uo1KkPN4Vo1LjPN3Wo1MiPN3Uo1OkPNNG0\o14<01O2O00fPNOgn10ZQN0en11WQNNC2Vo1O[QN1en1OZQN2fn1NZQN1hn1NXQN1_ng0OmPZO100jnm1O^QT10io[M0PPB000C0jPN0Vo10=0^P<0boC0000000000001O0010OSPNOoo10O0QP20ooM000000001VPV1OjoiN0000000000000oo30QPL0oo50PPN0QPL000oo;0nedd2
20150430082014Th_7,TPab01lo13J7N3I9K6L0O01O002N2O1N2O10001N3M3M10N1O1O1N3L3M3O2N00XOoPNb0Qo1]OPQNc0Uo12L4M337HM2O02M2O5MOO02L8LO1O3L11OUQNkNjn1U11L32OO2L5JmPNYOSo1d0mPN^ORo1c0mPN^OQo1k0OO2O1O2M102N2O04fPNXOQo1R1I4L9I=D:E2YRNgM`m1]2cRNbMZm1d2dRN^Ma04jk1b2kSN[MJ6cl1Q34K4L3N0O010O0O2M5B<G:aNYRN=om1SO`RNg0`n1K4L3O1O001N5JRkdW3
20150430082014Th_8,hif\15io1016K1N1O1O10001O0010O3N0D_PN8ao13101O00O1N2N11O01O1N4M2N_OiPN;Uo1CnPN<So1CnPN=[o1O1O10001O02M01O6J001N100N3M^Uc`2
20150430082014Th_9,\YWR12io7OVPJ0N110VPd4Ojo[K0moY10PPPO0SPJ0QPL0000000000103LO1O1O1000SPNOlo111O10O010oo10QPN0O0100000O200O10M20`Pj10`oaN0PPD0PP:0PPF0QP20PPN1[fha2
20150430082014Th_10,d^ah22mo12N1O1N101O1O1O1N1O1MEbPN<\o140O01000000010O1000000O1O100O101N1O1O2N1O10O010O10000O1000O0001O0000O10O1O1000O1O1O100OO20O101M4MmbdS1
20150430082014Th_11,PjjY33lo11ZPNN^o12aPNN_o14^PNMco18O10OFFoPN;Zo1010M2O2N101F_OTQNa0nn1@PQN?on1CPQN=Po1EoPN:on1IPQN6Ro1IoPN0MLUo15oPNLYo11kPNKXo13<N01O2M2M4O0O10O11N2N3M100O00K6M2O1O2O1M3M\W]c0
20150430082014Th_12,\^Sh12mo12K310O0O10010O1O1L4O2O0N20O0KcPNG^o18JGQQN8on1IPQN8Po1JmPN6To1KjPN5Xo191O0000O1O10O1O1000O0100O1OKBhPN?To181HkPN@Uo10kPNe0To1200101IkPNBVo17lPNHZo169O2M3MZclT2
20150430082014Th_13,[Vkf13mo12M2O1O1N2O001OH`PN0_o10cPNO]o10ePNO[o11ePNOZo11hPNOWo11iPNOWo11iPNOWo11jPNOVo10jPN0Vo10jPN1Uo1OlPN0To10lPN1To1NlPN2To1OlPN0To10lPN1To1NmPN1So1OmPN1ao100000COkPN1Uo1OkPN1co1O0001O0000000000000000O01000O100000O1COkPN1bo1OE0hPN0do10O0100000F0cPN0^o10bPN0^o10bPN0^o10bPN0^o10bPN1]o1OcPN2\o1NdPN2\o1NdPN2\o1NdPN2eo10010O00FNfPN3Yo1MgPN3bo11O1N2001NHKgPN4co1O2O00000000O10O100O10O1000O100O010O0010O010oo10QPN000TPN0ko11NOUPN0lo121O000O10_O0RQN0nn10RQN0_o100000_O0RQN0on10o00A0000000O010O10O10oo10PP40PP60QPD0ho10VPN0UPN1ho1OZPN000`o11`PNO00^o13bPNNNOco11_PN0M0do11]PN2do150L[PNLfo10ZPN000go1O]PN1co1O\PN1eo1OZPN2eo142OZOKbQN0bn10^Q80YoG0QP40QPJ0lo10TPN1lo11000NWo10jPN010lP40YnK0fQN0Uo1000000000000000000000]o10UQN0^O000O010no10QP20QPL0N11O00ZO0g00oo30`00`oK1N2OM400010\o12aPNO1O10bPb01^o]OO00000001OO00TP>0oo_O0no11O0PP<OPPD20O1O0000TN2eSNN\l10fSN0Yl11fSNO[l10k10010O0110QP40ooKOhoW10noI1WPnNO101000elPe1
20150430082014Th_14,c^]h24ko12OLXPN0fo11\PNNdo11]PN0bo1O_PN0`o10aPN1^o1OcPN0go1000A0aPN1jo11aPNNSo11nPNOSo10YP20hPL0[o50RPL010O01000no30bo?0^PF0L0QPJ0TPL0:0E010G0bPN0]o10ePN0Xo13gPNNVo1592^PNH[o1:bPNF_o1;2M3O1000N2O10O1O002N2N2NfcjR1
20150430082014Th_15,Y^oh23lo1NiR>0ZmA1O1O0GNdPN3[o19O2O1O1N2eM^OVUNb0Tm11VM]OjSN0l1d0gj1\OZUNd0ej1\O\UNd0Yj1\OeSN0R2d0Zj1\OcSN0T2d0Yj1\OoUNd0Qj1\OcSN0T2c0cj1]O\UNd0dj1\O\UNd0Zj1\OdSN0R2c0Zj1^OdSNOR2b0[j1^OdSN0Q2a0\j1_OoUNa0Pj1_OdSN0R2`0Zj1AcSN0R2?[j1AdSNOR2?Zj1BdSN0R2=Zj1CdSN1R2<Yj1CdSN2T2;Wj1BfSN4S2:Uj1ChSN4R29Vj1BiSN5n1=dj1D[UN=cj1D^UN;bj1E^UN<`j1E`UN;`j1CbUN>\j1@gUN`0Yj1\OlUNd0hl1O01000O01O100O0ZM]OPVNd0oi1]OPVNd0Pj1\OoUNe0Pj1\OoUNe0Qj1ZOPVNf0Pj1ZOPVNf0Qj1YOnUNg0fl100O100O10L\OnPNb0on1ARQN=nn1DRQN<mn1ETQN:ln1EUQN;kn1EUQN:ln1FSQN;mn1ESQN;mn1DTQN<ln1CUQN<mn1ATQN?Wo100O0010O001O001N2N2O1O100O10O1N2N2N10100O1MdPNFXo1:gPNFZo1?2N1O2M3N1O3Mhoa0J_P^O2N10O00010O00O1N2O10000O001O010O01O00100O0010O100O010O10001O010O00001O01O000O10001O001N2Odo51[PJ1O001O000O100O0100000O1000000M3O1O1O1O0O10O1N201O000010O100O1O1O001O100O100O1O1O010O100O10AiPN5Wo1JmPN2To1MnPN2Ro1NoPN1Po1OSQNNnn12`00O10000O1O100O1O1O0N3KDdPN>[o14O001N200O1O100OO2M3O2N3M2N2M2O2M3O1MdbXg0
20150601122834Ch_1,[^ok1151bo11]PNOco13[PNNco13\PNNdo12\PNNdo18O000010O01O1O01O100O000010O0100O100O010O0010O01O00000O100O100N200000000000O10001O10O0O11O010O0XPNJfo1:O0O1O00010O000001O001O10O01O1O0100O0O11O00010O01O01O02N001O0000000001O000000001O0O1010O0001O00001O000001O0000000O100000000000000O100000000O1000000O1000000000001N1000000000000000C_PN;co1000NE_PN;`o1F`PN:`o13000001O0O100O101L3N2O101NFmPNIRo18oPNHon18SQNGmn19TQNFln1:TQNEmn1:TQNFln1:UQNDkn1;WQNDjn1<VQNCkn1<UQNEkn1;UQNDln1<TQNDln1;=000O0100O0O2O100000O10O100N2000O10O10000O10O1000000O1000O01000O01000000O0010O010001N1000O10O0N300000000O0101F^PN4bo1L_PN2bo1M_PN3bo1L_PN2bo1N^PN2io1O1Nea\e1
20150601122834Ch_2,jP[e25?0hn18jPNG03Uo1d00N1O21H8N01000O1O00O1000001N2N3M3M3N1N2O1O1O1O00100000O2O1O10OjRNAjj1`0RUNDlMJPm1h0jTNBWk1a0cSNZO47\l1b0ZSN[O46dl1a0jRNRO4<MFOd0Wm1n1201N9hN]RNAem1]10WO[RNVOfm1>\RNlN2g0dm1=`RNAdm14WRNZO6?nm1FTRNKM>Rn1EPRNMN`0Rn1^OWRNNId0Po10O01O0O2O5J4LTlPW1
20150601122834Ch_3,^Pmj03lo1100O100O1M30000O100000001O0O100000000O100010O0000010O1O01000O010O100O001O2M4L^obR3
20150601122834Ch_4,n[cf21oo12M2M3M201O0O1O1O2O0000001O000O011N011O001O000000000000000000O02N1O1O1O1010N10001O010O001O00000000001AfPN6Zo1FkPN9`o1N3L4LlclU1
20150601122834Ch_5,gobT13mo11N2O1O1O1N3M1N3N1L4NLjPNBVo1<61N3O1F]OUQNe0in118N20N30O010O010O1O1O0020O01O2N1O1N2N2N2M7JRQoh2
20150601122834Ch_6,WYg^16ho12N2N2N2N1M300AAVQN10>kn1>1N2M4M3M2M4N1O1O2N000O0110O000N1K51M4O00K51O1AfPN7do1L3NShR_2
20150601122834Ch_7,aVgc11mo13O010O0O10000001O000001O01O01O100O3M10O01O010O01O1O1O1O10O01O10000O101OohnY2
20150602122934Ch_1,XPgn24ko15K4H6N110O7H2M1O11001OO2N2M3M3N2M2O3N1O1003M10O0002M3M2N2O0001O03M10O1O01OO111\OnPN5ao1N0O1000O100000000O1O1M2O1O1000102M1RTNCXh1?cWNG]h18_WNKah14aUN]Oc0b0li1O_UNE`0<Sj1O[UNI=:Yj1MXUNN4<ej1FVUN109mj1GPUN209Rk1DmTN7F;_k1^OiTN9^Oa0kk1\O`TNg1bk1ZN\TNc1hk1_NkSNb1MfM_l1V38M3I8I5L4F:J6ZNURNS1Rn1lNQRN2M6gn1@lQN5Un1Lo00011N2Nmljk0
20150602122934Ch_2,X^QV21TP61ooI0fo15M4O00001O001O22MOE_PN8do1100O010O00000001O01O0001O0000100O1O1O0000O1000000000000001O00O10000001O000001O0001O0000000001O0001O000001O0000001O00010O01O00010O1O001O01O01O01O00001O00001O01O000001O001O0000001O001O001O001O0000010O0002N1O00000000000O1000000000O1000O100000O10000000O10]PNH^o18bPNI]o17bPNJ^o15bPNL^o14bPNL^o13cPNM]o13bPNN^o12bPNN]o12dPNO[o11fPNJL2^o14hPNLXo14fPNOXo11iPNOVo12jPNNVo12jPNNVo13jPNLVo14kPNKUo16:0O2O1M2O10001N1000O0100000O0NLEhPN;Yo16000O100O10000O1O1000000O10000OO2O010O0100O100O10001N1000O10N2O100O0100O1O1N020O10000000000O100MBcPN>^o12O1O010N10O2O01O001O010O010O01O101O0O100O2K4O00001O2O0O3MSbXZ1
20150602122934Ch_3,`mhT22no12N2N1O00001O0001O0000001O001O010O00000000000001O000010O01O01O01O001O010O001O0000001O000100O001O1O0001O01O0000001O00000O20O01O01O010O01O02OO010O0010O0010O00001NkQUf1
20150602122934Ch_4,`ifb21oo12OO1OWo50hPJ3WRN0^k10PTN0hN6Vm1JoSN5fN4Zm1HlSNj0Ul1VOiSNm0Ul1TOhSNm0Zl1SOeSNl0]l1SOdSNk0]l1VOeSNf0\l1[OjSN>Wl1BlSN9Vl1HjSN1[l10gSNJ]l18e11O9G000`QN]Obm1c0]RN^Ofm1N`QN=k0Egm1:ZRNGfm18[RNGfm12`RNNam10aRN0^m10cRNN_m11jWU[1
20150602122934Ch_5,_Tc:1ko1>@8M6G9I6L5K3N100O001O1O3L2N2N2O1O1N1O1O1O1O010O1O01000000O9H2N00O01000O2O0O2N2O2N001O3WRNlM_m1\22L2O3L2N2O1N2PNQRNl1Rn100TNoQNi1Qn1VNnQNl1Sn11N2OO01000O2O1TNmQNg1Xn1O1OO0001[NjQN1NX1dn100O001O1O001O1O1O2L4K4N3M2N2N2N1000O0101O0001O1O01O1O002M2K6M2NahR_3
20150602122934Ch_6,Q\]Q33mo11O1O000O2O01O01O0O101N1N2L4M3O101O01O010O10O0001O100O001O0010O01O00001O1O001O001O1O0N3O1IZPN1bchk0
20150602122934Ch_7,nRmi12no11O1N2O001O00001O001O001O00000O10O1O1O10000001N100O100001O0000001O00000001O01O0001O000000010O01O0000001O001O0000001O000010O01O00010O0001O001O0010O000O101O010O0000010N1O1OhlfP2
20150602122934Ch_8,]PiV11oo12N0O101O001O00010O000O1O1O2O0O2M3N1O2N1N2M300O^OjPN=Vo1AnPN<So1BoPN=Zo1100O0\OBfQN?Xn1BhQN>Xn1BhQN?Wn1BiQN=Wn1CmQN9Tn1FoQN7Rn1GPRN8nn1N1N2OPo9NRQF5K1N10O11O00000O1O100000O1O010O010O01O001N10100O001O10ON3N11O001O1O1N20000ONE`PN;_o11210O2K401O2N1NoP]c2
20150619133554Bh_1,idTT33no10ioW12RPhN3N3M1O2O0O2N101O1O0O10O10O10O01O1O01000O1000001O0O01000O10O10O10O10O1O010O00001N2M2010O00100N2N2O00100010O1O0001O010O1O010O010O0010O00100O00100O1000O10O10000O10000O10000O2O000O10001N10001O00000000001O1O104K5K3M2N000000O1000O10O1000001O000010O0O2O000000O0100O2N10000001]NgQN]1_n1O01O1O1N4M3L9G2N1O00001O00001O1O1O1O1O1O2N1O2O0O100000O100O100O10O10O100O100O10000O1O10000001O001O1O1O1O0_SNdM]k1]2_TNgM`k1[2[TNhMek1Y2XTNiMik1X2RTNlMmk1T31O001O0O100O1O1O010N2O2N1O1O1O1O2N1O3M2N3M3N1N2N101N101OSSNdMVl1Z2fSNkMZl1U2dSNlM^l1S2_SNPNal1P2]SNQNel1n1YSNSNil1k1VSNVNkl1i1TSNXNml1e1USN\Nll1a1WSN]Nkl1a1VSN^Nll1_1WSNVNF1Um1g1VSNWNG0Tm1h1VSNWNF0Wm1g1SSNZNHKYm1h1oRN\NYm1c1d0N2N3N1N3N2N1O1O4L3M6J:E3L4KTUg:
20150619133554Bh_2,`VQR36ho12O4K3O001O0O100O10O1O1O00010O0MNGcPN:]o15O001J51000O1O010O10O1000O10O10O11O001O01O1O001O001O0001O00010O0100000O1O2O0O002N100O00101N10O01O010O010O10O01O1O10O010O001O010OO103N00O011N000001O000O10001O0O100O1O010O100O1O100L4O]iTg0
20150619133554Bh_3,a`lb23go17H602O1O10O001O000001O001O010O100000000fPN\OWo1h0O0O2N100O2OO11N10O10O100O1O1O2O0O2O0O1O01010O0O0001FZQNWOgn1h09O1O011N2O0O10001N4M4L1O00001N1000001O001N3Nh^eX1
20150619133554Bh_4,_mfT15io1200O1hN2]RNN_m1>ZRNBem1e0SRN[Onm1\12O<DYQNkNgn1T12N2H7N1H9DbPN3gR[j2
20150619133554Bh_5,fk^Y23lo12UPNLio16O100OON6M2M1O2O1O1O0O2N2N101O1O1O0002N4L3M2O0O1O1O2N1O0001O0001O1O100O01O000000000000001O01O00000010O00010O10O10O1000000O103M000O1000O1O1O1N2O100O12N1O01N2O0O00001O1N2LQSSa1
20150619133554Bh_6,ibTc15io14M2O1N2O001N101O10O01O0010O0010O010O01O01000O01000000O100O010O1O10O01O10O01O0001O00000000001O0000000000000001O00001O00010O0010O010O0010O01O010O0010O1O0010O010O010O001N101N100O2O000O2O00001O00001O00001O00001O000O2O0O2O000O2O1N10]P41aoK2O1O01O01O01O0000O2N2M3K401O1O1O1O1O1O001iPNZORo1k000O001O0000010O001O010O100O01000O10O100000000O2N1O1O1O10O001O0O2O1N2O001O1O0001O00000O1000000001O00000001O0001O00001O001N2O1O1O001O1O1O001O1O1O1O001O01O001O00001O0O2O000O2O0010O010O10000O01000O100O010O00100O0100O00100O010O1O010O1O010O1O10O0100O1O10000O10O1000O010010O000000000O10001N110O01O2N00O2L4N2N2N101N10O100000O0100O10O010O010O10O01O010O10O01000000O100001ObSNcNXj1]1dUNiN[j1V1aUNoN_j1o0`UNSOaj1k0RUNjNiN=Vl1h0oTNoNhN;Zl1d0lSNiNg0Q1]k15hSNoNi0m0`k12hSNSOe0m0ck10gSNTOd0m0fk1NfSNUOd0n0fk1MeSNUO4I6V1Rl1LaSNWO3K:R1Sl17aSNiN<P1Tl16`SNhN=S1Tl14bSNeN;V1Vl13QTNMPl1E]SN\Ob0P1Sl1A]SN^O`0Q1Ul1]O^SNA=R1Yl1XO[SNF<S1al1jNXSN27U1Sm1kNmRNU1Sm1lNkRNV1Tm1jNlRNV1Sm1kNlRNV1Tm1kNkRNT1Um1mNkRNS1`0gN]k18STNNCc0m0ZOZk17UTNKGa0k0_OTk18[TNGG?k0Eoj18_TNBI`0i0Gnj18`TN@I`0i0Jnj16oTN02KPk15nTNN2OPk13mTNM31Qk12dTN@\O:o05Rk10bTNE[O4R1EoN=Sl14aTNE]O3P1GQOOL<Tl16cTND]O2P1JRO9ok16nTNF2KRO9mk16QUNB11QO6nk15\VNEeM7Pl13[VNCkM8jk13\VNElM6ik13\VNFlM7kk1OlVN1Vi1KlVN4al15J1000O001O1N2O000O1000[OK_QN4dn1L[QN3en1NZQN2gn1NXQN2in1NVQN2jn10TQN0ln11SQNOnn10RQN0nn10SQNOmn11SQNOmn11SQNOmn12RQNNon12PQNNQo12oPNMRo13mPNMTo12mPNMSo13mPNNSo11mPNOSo11mPNOTo10lPN0To10lPN1So1OmPN1So1OmPN1So1OnPN1Ro1NnPN2Ro1OmPN2Ro1NnPN3Ro1LnPN5Qo1KoPN5Ro1KnPN5Qo1KoPN5Ro1JnPN7Qo1JoPN6Qo1IPQN6Qo1JnPN7Qo1JoPN6Qo1IPQN6^o10000O103LSS_b1
20150619133554Bh_7,hdh?7go13N2M6K3F:I6H9G;K2N2N2O1000O001]NQRNR1Pn1lNXRNo0FhNPn15aRNS1Wn1O1N2M4N01N2N1O1O00101N3M001N3N2M2O3LiNkQNj0nm1VOVRNm0cm1SOeRNDBQ1em1YOSSNe0jl1]OYSNa0el1_O_SN>_l1DcSN8^l1GgSN4\l1IiSN4Wl1IRTN0Pl1MVTNOjk10ZTNLjk1Ol]S]3
20150619133554Bh_8,[]bR16io13N1O1N1O2M2N3N3M3M2N2K7N02M2M8I3M1N3N1O2N1O1OoNH[RN8Ym13hRNLWm14lRNJSm17nRNHRm19mRNHml1<TSNDjl1;YSNEel1;]SNE`l1=aSNC_l1<aSND^l1>bSNB[l1`0eSN@Vl1f0jSNZOQl1j0oSNVOQl1c0VTN^Oik1`0YTN@gk1?ZTNAfk1>\TNBck1<`TNBak1>Q2N3L3N2M4L4MkdYj2
20150619133554Bh_9,RSYP14ko12O101O11NM3K401O1N2O1N2N1N2O1O010000O1O1O00010000N2N110K5M2O3N7J2OF_QNTO`n1k0bQNTO^n1l0aQNVO[n1m0bQNUO]n1o0802O0O1O1N2GVQNXOnn1e07N102O00000O^N_O^RN2o0>el1LYSN5gl1JWSN9jl1FTSN;ml1EnRNGXOc0jm1FmRNa0Rm1@mRNa0Sm1^OmRNc0Sm1]OlRNc0Tm1^OkRN<[m1EdRN;[m1GcRN:^m1FaRN:`m1F_RN:bm1E]RN<dm1D\RN8hm1GXRN8im1IURN7mm1IRRN9lm1GTRN8lm1JSRN6lm1LRRN5om1JPRN8nm1JoQN9om1k01K4N21K41L5_OeQN\O\n1<fQNZOO8\n1<RRNYOA1bn1c0h0N2N7H4MUPSj2
20150619133554Bh_10,hdb?=2E\o1b0J5N]OQQN8mn1GVQN:hn1EZQN<dn1BbQN;im1FVRNN4;cm11iRNMUm12oRNNol1LZSN2^n1K2O1O10QP41moK1]N0SSN1kl17PSNFhN0Un1a0R10lPNBSo16WQNIin13\QNL`00ln11000N10PP20TPL0go10XPN1io1320M3N01000O20N4Kjn12\QLMQ11`m14^RN6[m1IcRN;Zm1FcRN>\m1A`RNd0am1[OZRNk0dm1VOYRNn0dm1WOURNn0fm1WOVRNk0jm1VORRNl0c0iNcl1;kRNi0`0nNgl14lRNn03jNK6hm1Q1ZRNjNM7jm1W1WRNiNkm1U1TRNmNlm1S1RRNROkm1b1O01O3N2N2N10N2OHPRN_Nom1a1TRN\Nmm1d1SRN[Nom1g1nQNXNUn1i1O1OYNQRN^1nm1_NXRN^1Xn1M2O0O1O1N4K3YOUQN4nn1H[QNLnn10nQ41bnK1N3VO1XQN7hn1a0XQNoN`n1S1^QNnN`n1T1_QNnN_n1T1_QNmNan1Y12O0N3N2L5K4F9K5N3N1N3N3M42J3M2N1O2N10000000000001O00O100O02O1O2O1O1N01O0O1O010O001O00001O00000001O001O0O010O1O101N1O1O1O101N101MfUaV3
20150619133554Bh_11,`]VR16ho15J5L3M3O1N^OnPN9Po1GSQN8kn1IVQN7hn1JYQN5en1L\QN5bn1K`QN5]n1KeQN6Yn1IjQN6Rn1MQRN2jm11YRNMdm15^RNJ_m18cRNG[m17lRNGRm1;nRNDQm1`0lRN@Sm1c0jRN]OWm1j0bRNVO]m1n0`RNRO`m1o0^RNQObm11nQNi0>VOdm10oQNk0<UOdm11PRNl0:SOfm11PRNm09ROgm1X1XRNhNgm18QRNb08UOgm1N\RNn0LTOgm1N]RNQ1JQOhm1N_RNR1HPOhm1OaRN;A67_OYn18gQN60BVn17oQN6KBUn19SRN3HDTn19XRN0DG<ORm1:PSNNBJ93Sm13VSNN^OK3=Vm1J[SNL\ON1?Wm1E_SNMYON1b0Um1BcSNMWOO1d0ol1DkSNGVO00h0nl1_OVTNIlNm0kl1WOZTNLlNn0fn12O01O001O001N10000O0100O2oPNROnn1R1M2O01O001O1TOUQNa0ln1]OWQN`0mn1\OVQNb0Vo1N3MM2O2O1O2N1O1010O001@gPN9Yo1BlPN?`o1KN001O00001O00100O100O1O1O1O1N3N3L2O1O000001O0O100O1O1ON2O20O101O1N3N2M3N1N4FaPNLRP2:ZO6L4L6H5N10000010O01O010O00XOVQN:in1FYQN:en1F\QN:dn1F\QN;cn1E]QN;dn1E[QN<gn1AYQN`0gn1@XQN`0in1ASQNb0mn18010O2N100O2N010O01O001O0O1000O1O2N102M2O100O1O01O1O1O1O1O1O1O1N101O001O001O1O1O1O0001O00001O0O2O1O1N2O1O1O1O1O0O2O1O001O0010O0010000O6K1O0000O100O1O1O2N20O1O1O2N2N1N2O0O1O100O100O2O0O2O001N10O001O1O1O1N2O1N3N1O100O2O001O1O1O1O00000001N101N0010O01O000000CPQNJPo14TQNJln15VQNJjn16WQNJin14YQNKgn15YQNKhn14YQNLgn12ZQNNfn12[QNMfn12[QNNen12ZQNNfn12[QNNen11[QNOen11\QNNen12ZQNNfn12ZQNOfn11ZQNNfn12ZQNNgn12YQNNgn11YQNOgn12XQNOhn10YQNOhn11XQNOhn11WQNOin11XQNOhn11XQNOhn11XQNOhn11XQNOhn10YQN0gn10YQNOhn10XQN1gn10YQN0gn1OZQN0fn10[QN0dn11[QN0en1O\QN1cn1O^QN0cn10\QN1cn1O^QN0bn10^QN0Yo10ZO0\QN0dn10\QN0dn10\QN0Zo100000[O0ZQN0fn10ZQN0fn10ZQN0fn10ZQN0fn10ZQN0fn10ZQN0fn10ZQN0fn10ZQN0fn10e0000fPN0dn10f00g00cN0f00gPN0cn30]QL0bn10h00f00cN0gP20ePL0en30[QN0eN0e00QP40fPJ0cn30]QL0bn10h00O010O010O00010O000`PN0Po11oPNORo10nPN0Ro10nPN0Ro11>0_PNOTo10lPN0To11kPNOUo11kPNOUo11kPNOUo12jPNNWo11iPN0Vo10jPN0Vo11iPN0Vo10jPN0Wo1OhPN2Xo1OgPN1Yo1OfPN2[o1NdPN0^o10bPNO_o11`PNObo11]PNOco12[PNOeo11[PNOeo152O001O00100O001O001O1NT\mT2
20150620161314Mh_1,W]Qm22mo11O1O100O2O0O1000001N10000O101O00002M3N0000000O010000N2O0000O20O100O001000O10O010O0000O101O01OO11O01O01O01O01O01O001N12ON1J_OkPNd0Vo12001000O01O001N2O1O001O1O1O1O100O0010O010O010O001O100O1O010O100000O10000O10001N100O10O0101O001N101O1O00000001O0000O0100000O101N2N[dnj0
20150620161314Mh_2,Tml[11lo13UPNNho1303YPNIao1=N2M4M4L2N4M2M3N1O3N02O1N10O00POTQNk0mn1SOTQNl0Qo10O001000001O1O0O1O10UOWQN>hn1A[QN`0bn1_O_QNc0`n1\OaQNd0an1XObQNg0kn11O101N1nPNWOln1o000O01O001O3M2N1O2OO01N101001N00O2M2O101M2O100O001O10O000100O010O10O1O010O10O10O10O01N1001O01O0001O001O1O0N3N3L4MoQQ^2
20150620161314Mh_3,dlRd12no12N1NMYPNOgo11YPNOfo12ZPNOdo13\PNLdo14\PNMbo1900O10N1N013N2N1000O001O1O1N2N2001O00001O0000_LHZWN7fh1NVWN2hh10XWN0fh13YWNMdh16\WNKbh16^WNJ`h18`WNH_h1:_WNGah1:^WNFbh1:^WNFbh1;]WNEbh1>\WNBeh1?ZWN_Ohh1c0UWN]Okh1g0QWNYOoh1k0lVNVOUi1m0gVNSOYi1S1`TNhN`15Qj1JUTNe1g1bN\j1]1cUNcN]j1^1bUNbN^j1`1_UN`Ndj11lSNP1[1QOnj1IiSNZ1S1mNVk1GhSN^1o0lN[k1CiSN^1l0POlk1BVSNP1l0^OYl1c0dSN]O_l1d0\SN]Ogl1c0SSNAnl1`0mRNBUm1=fRNPOEc0fm1>cRNF_m1MYRNg0gm1YOZRNe0hm1[OWRNd0lm1f09G3M101N1M3M3K5M4L4J6ClPNIZo13gPNK]o14bPNKco156ITUgV2
20150620161314Mh_4,^_^`21oo11N2O000O2O1O1N2O0O1O1000O001N2O10O0100O010N200000000O10O1000010O000001O0O2O001NWPP10iooN104L1O0O2L3GElPN<So1FkPN<To1EkPN;To1GkPN000Uo18lPNISo16oPNIQo17PQNHQo17oPNIQo17oPNJPo16QQNIPo16PQNJPo16PQNJQo16nPNJRo16nPNJSo16lPNJTo17kPNIVo17iPNIWo18gPNIYo1?1O000000001O01O01O00001O1O1O1O1O001O001O00000001O01O0010O001O10O00001O00010O00001O00010O00010O01O00010O000010O0001O001OC_PN<`o1D`PN<`o1DaPN<^o1DbPN=`o11O1O1N3N3M2M2O001O010O0010O01O00010O\OnPN:Ro1EPQN:Po1FQQN8Po1GQQN9Po1FQQN8Po1GRQNLK7Uo1LUQN3kn1LVQN3kn1KXQN3\o1Nho7OZPH1O0O10O_PNOUo11jPN2To1NlPN2To1NlPN3To1LlPN4To1LlPN4`o110O001N2OXPj00coUO5O100IJaPN9_o15N101O1O2N1O001O0000001O000000O1000001O0000001N10001N1@dPN<\o1CePN=[o1CfPN<Yo1EgPN;Yo1EgPN:`o100O100O2N101N100O100O2OT_co0
20150620161314Mh_5,iU][32mo12N1N2N2O100gPNHin19WQNHin18VQNHjn18VQNIjn16VQNKjn14UQNMkn13UQNNGMmn15[QN6en1I[QN7en1JXQN9gn1GXQN;gn1EYQN;gn1FWQN<in1DUQN=kn11VQN_Oln1?VQN@jn1?XQN@hn1>[QN@gn1>YQNBin1<>00O1O10000O2O1N3M3M\PN3Wo1KjPN6`o10JJaPN7^o16O000100O2O1O1N101O0000010O0001O001O001O0010O000001O001O001O01O001O01O01O0000001O0001O00000001O1O001O0000O10O1O1J6Oei`>
20150620161314Mh_6,d[kg02lo12O2O0O1O1000O0100O10O01O1O100001OO1@GYQN9gn1GXQN:gn1HWQN9in1JSQN6nn1KPQN5Qo1=0O010O2O0O10001O0O100O100O2O0O1O100O10O0O2O01O01O00100O1001N01O1O100O2O1N2N2N1O2N1O1O1N2O1N2N2O0001O0M4ON02N3N2GQQN]O0Non1d0801000O101O001O01N0010O101M201O1O00100O2N10000001O000000000O2N1L4LiPN^OWo1b031O10000O10OO2N1OImPNEPo1=TQN^Oln1c0801O1O01O0O1001N1000000O001O10001O1O001N101O010O10O010000O010000000O10LFbPN:]o1GcPN9\o1HdPN8\o1GePN9[o1FfPN:`o10O10O10O100O10OO200O10O100O1H`PNOao1ObPNO`o10]hdl2
20150620161314Mh_7,Uk`g28go13M2N1O2O1O2N2N1O10000O1000YOkPNa0[o10cPNAYo1c00]OgPN>^o11O0O100O001O001O00001O00O2O2N1O1O001O001O010O010O2O0O100O010O1O10000O02O0O101OO002O0O1O1N`SaT1
20150620161314Mh_8,Vk^g24jo1M4000000010bPN0hoa00go_O0^O0g00aP80[O0noK0PP80PPD0QP2000eo30gPN0doK0fo10cPL0ho11TPN2Uo1MQQN:[o16KOBAYQN`0So10E@WQN?jn1AUQN`0Uo10O2JKjPNKWo13iPNNXo1MlPN3To1IPQN7Po1GQQN9\o10DHoPN8Ro1GnPN8Ro1HoPN8]o1O0010O00010O0010O01O03NMJZPN7ho1OO1001N2N_RkR1
20150620161314Mh_9,akbh21YQR32anoLNWPN3io13OLYPN0go11XPNOgo11YPN0fo160O1O01O01O1NTSaS1
20150620161314Mh_10,Zdfe01oo12M1O2O1O3M1N7J001O1O1O1O1N5L1O1O10O01O01O001O001O4L1O1O00000000O0100000O1001O0O110\OfPN`0`o1N0O4L000100O100N101O0000010O01O000N2O1L\PNKgZ]V3
20150623152934Ch_1,onfd05jo13M5L2N001O01000O02N100O2N100OO2N2O2O1N2OO1000O01OO1L30010001O0001O0O1O2001N1000O1E]OVQNf0dn1>M3O0011O001hNZQNX1gn12L10OO001O0001N2O2O0O1ROZQNa0fn1^O[QNb0fn1\O[QNd0Po12N2M2M3N2O2N2004kNZQNi0mn11004M3L010OO2O1N0001O001O0O2O1O1O1N2O0O10010O0100O1O101N2N101O0O2O2N000O0100001N5K>B2N6J?B1OO0100O2M2O1N3M5MdMgRNL=_1H`Nom1h16HO0O2gQN\NRn1l1M3N2M3M2O0=C2N4L11O1OdNVRN?km1\OZRNc0cn12M000O01O1O1O2N4J5K4Jkh`Q3
20150623152934Ch_2,Y[[h17ho12I6O101O000001O01O0cPN@Zo1a021O0010010N10001N0100O00100O1O1O010O001O001O0010O0001O00001O0000000001OO100O1O0100O1000000O01000000O10O1000000O10000O100O1O0010000O100O10O010O1000O00100O000O1M31O101N2N1O100O0000O2N1O1100O10[OCgQN<Zn1DfQN<[n1^OkQNa0jn1000I_OnPNb0Ro1_OjPNc0Wo121000O_OiPN;Wo1DkPN:Vo1FjPN9Wo1HhPN7Yo171O^OAeQN?Zn1DdQN<[n1F`QN<bn1DYQNH1b0gn1LXQN4hn1MWQN3hn1NYQN1fn10[QNOdn12\QNMen13[QNKfn17YQNHhn18XQN_O10gn1b0XQN]OPo1e0oPN[OPo1f0PQN[Oon1e0QQN[Oon1e0SQNYOln1g070O1O0N4N1K7L6K1O100000K`QNiNan1V1501O00001O000010O10O1N2O1N1O100ONROTQNm0mn1TORQNl0nn1TORQNj0Qo111O1O1O00001O1O0LlPN]OTo1c04OF;1O3N2I6OM3L4O1O2N100O1O001O001O100O010OO100O2O001O0O2O00O02O001J60O10O100N2N1N3O10O10O2O001O001N2N3N1N3Migjh1
20150623152934Ch_3,o^dU21no11O3M1J6FHjPN:To1JjPN6To16lPN_OUo1a03110O10O01N2OGPQNCQo1:;1O001M210O1O1O100O1O0100N1O020O1000001O0O1AaPN=`o1100001N101O00O1O100O100O1O1N3N100001O100O1O1O1O001O1O010O2N102M1N2O0O2O0O101O0O10XPN0ho10PP20ooM1O1O10102M9G3M3ON1003L10O00kPNZOPo1f0oPN[OQo1e0PQNZOPo1f05O1N2O0010O0100O10000O101N10000O1000000100O1O00100O001O100O001O00001O10O101N100O010O102M1O2O0O1O1O2G[PN4io1O1Oh`k`1
20150623152934Ch_4,Rgbi241Nho16N10O100100O102N4NO1N100O1O1OO10OO1N11H8N210O10O00100\PN0Wo10gPN3Wo1NhPN3Wo1NgPN4\o1HePN9ao10O2O00001O01O01O10O100O2O000001N3M2Na0A03K2M2^OmPN4To1FTQN6]o1O0O001O01RVcR1
20150623152934Ch_5,km`g24ko12M3O0O2N1000001N2O7`PNARo1h0O10O0OVQNVO_n1i0`QNZO^n1g0]QNTOO8bn1T100O11N2N00000O1gN[QNW1hn1N2O1ZOWQN4in1H]QN5en1DaQN<Ro1O01000O0100010001N1OO1O1OO11O010O10O010O2N4M1O0101N1N5BbPN0eojT1
20150623152934Ch_6,PddV34ko15K3N001O00O100O2O0O1O2MYPP1MlooN2O1OO10000003M01NYP6OgoI200O00000O1QOLQRN5nm1MQRN4om1MmQN5Sn10_QNHL;en1MZQN?en1>10FjNhQNW1Vn1kNjQNT1Vn1mNhQNY1Sn1<N1N2O00O01N20O100O10O01O0001O00100000000000001O00001O000100O1ZNPRN[1om1fNQRNY1om1=0000000000001O00oQNWNkm1P2O2ZRNlM[m1`2M1O1O1O20O03L4L2N1O1O1O0O1O2OO0BXSNdMhl1Z2[SNeMel1j1WSN[N6Fgl1n1SSN\N[m1KhRNY1M`N33Zm13hRNX1K`Nkm16]RNX1IaNlm15]RNX1hm1eNZRN[1Vn1B^QN\Ocn1a0aQN\Oan1b0bQN[Oan1`0b0I7CU[o`0
20150623152934Ch_7,[nnd22no11O1O1O2N1O00O0100O2N3M1N3N001O1N1N3nN_OcRNa0^m1@aRN`0_m1B_RN?`m1D\RN>cm1GXRN8im1JTRN6mm10iQNXO2b0[n1m020NN201O00O1FeNoQNOL\1Vn1eNnQN[1Un170N4@?M3K<F:F4MeS[X1
20150623152934Ch_8,dPog01oo110O00RP<0ooC2O00NZTZ30hkeL000em30YRL0cRN0lj30mRL1Q2Olj14PV4LoJ0hQL00001hP6OZoI000\PN0G22Nnn11TQNOV13hl13_RNJ[o1000mP60RoI0N2NOO2bh`Q3
20150623152934Ch_9,XkTU26jo12N2O0O1O11O0O11OO0G\PN8do12O2O0000O010O2N101O0O1000000000001O0000O10O10O10O100O0010O001O01O01O0000001O00100O1O100O1O1O1O0000000000N3N001O10O010O0100O0100O010000O01O010O10O1O00IJePN6\o1JdPN6[o1JePN6\o1JdPN6bo1000010O1O1O100O2O1NoScd1
20150623152934Ch_10,[njd22mo12OMVPN1O1fo1N\PN4do1L]PN4bo1L_PN3ao1MaPN0`o1080YPN0]o11bPN0^o1OcPN0]o11cPN0[o10gPNOXo11;00Ooo30L0VPL0iPN0_n10`Q20WoM1ROORQN2b05So10aNIYSN4hl1LVSN2nl1NRSN1Pm1OoRN1kl1OkQN2Z1Ogl14oQNK[12hl12lQNL\11fl1OoQN4[1Nhl1N_SN1Vn12^NMjRN1SO7Un1HeRN2[O1Rn1M^RN4Tn13bQNN`n19VQNDPo16kPNH1013To15QQNKQo1OVS:NbmE0WP:0UPd00boSO0UP40ZoI0SQN0ln30TQL0kn10TQN1kn10TQN0^o1O@0RQN0nn10SQN0mn10RQN0on10QQN0nn10RQN0on10QQN0ao111OO0O0YO0g021NbPN0@2Wo1NkPN303Yo1LfPNNhohT1
20150623152934Ch_11,Ul`_2:6IVo19hPNHXo18hPNGXo18jPNHWo17hPNJZo14dPNM]o1;00O0O2O1N10100002N3M1O2N0001O001000003K5K4HWOQQNS1hn14N2O10O4mNZQNc0U1ZObl1d0ZSN^Ogl1c0USN^Oll1e0oRN\OSm1d0jRN^OWm1i0^RNYOhm1d0mQNQOO?Vn1V12M2O3M7H4L2N3N2L3M4C=K`RW]1
20150913082034Lh_1,UVQa13eo10_PN2`o10]PN1co160010O10O00001O0001N10010O001O00100O1O5K2M3N100O10O100O010O000O100O10001O001O3M1O100O1O1O1O1O1O00001O00100O001O000000000000000000000001O000000001O010O001O0001N101N2M3M3OTi^Y2
20150913082034Lh_2,\TQ[2;bo17K2NOfPN^OXo1d0hPN]Oon1m0N3L3BmNfQN31Q1Qn1b02O3N\OhNcRNW1]m1nN_RNj0gm1d05L3H9D=FYQNSOmn1j07O2Md0[O\m`c1
20150913082034Lh_3,i]iT14ko13M101N1000O10O1EHnPN9Po1LlPN3Uo1OiPN2Wo1;1O1O0010O001O000001O1O001O00010O1O1N2O1O2N000O102M2N2MWbfh2
20150913082034Lh_4,Uam^22mo16J2M2O2N100O01O1010N1001O000K_PNKao1902N2HBjPNa0So17O1O2O0OO002N2O2N2N6K1N100O101N1O010O10000O1O1O100O100O1000O101O1N10001O01O1IZPN1lo1O1Omo30RPLOY_P]1
20150913082034Lh_5,XUof22lo12O2O0O1O101O01O010O1000O100O100O1O1000100O11O0O10000O1N100N2N3LRjnV1
20151003081954Uh_1,^fj^27ho10ZPNJbo1<L6K4M4K3N7I3N1N3N1N100N2N1O\OgQNEYn19jQNGUn12SRNNkm12XRNNem13[RNMdm13^RNO]m1NhRN2Xm1LlRN2Tm1LPSN3nl1NRSN3ll1MVSN3dl10_SN0`l1OcSN0\l1OfSN1Yl1OhSN2Ul1NmSN2Ql1OoSN2Pl1NPTN3ok1LSTN4mk1KTTN5ik1MYTN1ck13^TNM`k14aTNK\N@Qm1e0eTNK[k15gTNHZk17iTNEYk1:iTNEWk1:lTNDTk1;PUNCoj1<SUNFij1;XUNFfj19]UNFcj19^UNFbj1:_UNF`j1:aUNG^j17dUNCbM3jl17gUNI^j10gUNNPUk]1
20151003081954Uh_2,e\_T35io13N2M2N3M2N1O2M2O10O1O2O0001O001O100O100N2O1O1O001O00N12O1OO0011O00O1010OM300001N0100001O000NUOPQNk0on140O00L5OO0J700OL50L4010O000O2O1O000000O101O2N00L401O01O0001N1000O2O1O001O011TOoPNg0Qo1YOPQNf0Qo1ZOnPNf0Ro15O0MSORQNn0nn130O1O1O00O1M3O1N20O10I51N4K7I7J4N2O1N01O1NGhPNMWo12nPNLen10YQN44Lan1`0`QN@]n1a0fQN^OZn1`0iQN@Un1?oQN_OPn1a0a0^OlPNh0Qo16MTOSQNm0gn1RO\QNm0bn1SO`QN7I=bn1BbQNJL4072I^n1;aQN05CXn1`0bQNM6CVn1c0dQNI5FVn1b0fQNF2LUn1?jQN2Wn1MiQN3Wn1NhQN22VOQn1f140O5KGoQNjNlm1V1TRNjNlm1e10K50000O00MUNRRNk1nm14O10O1N101N2N2M3N2N2L4M2N3N1M3O1O1O01001O0O01000O1O2O1N3N1N3M3L4L4M3N2M3NdhR`0
20151003081954Uh_3,e^UY22no12N0O1O2N2N2O2M3N002N1O0dPN^OZo1d01ON200001O00000000O2N101O001O0000O1O10OO3N1MfPN_O[o1a03N100O1O10O010O100000O10001N01O11O0O010OO2000000N101O1O1O1O1B^O^QNb0bn1_OZQNc0gn1^OVQNc0jn1:1N101N011N2N101N3M4K4M3L2N3N2Moa^a1
20151003081954Uh_4,UfRg21no12N3N2L3N6J4M7fPNVOQo1n000O00O1DPQNGPo16SQNInn16TQNBJ3To1;TQNDln1<=M2O2O10ZPNGco1:2O010O001O010O01O001000O10000O10O100O1000O0010O01O100O10O02N0100O11N2MmX[U1
20151015170634Ch_1,VQob05ko10O101N2O000000O10O011YPNHdo1:O010010O1O1O00O2O0N3N100O1O101O1O00001O0O3O0O10O2O0O00010O01O1O1O1O4L1N2O001O00UOSQNd0ln1ZOWQNe0in1ZOYQNf0Ro1O03L2N001O1WQNSO]n1n0aQNUO^n1l0`QNUO_n1W1N2O2N0001bNcQNW1dn10iQNiNcm1W1PRNkN41jm1\1URNfNjm1[1TRNhNkm1X1SRNjNlm1f1O010O001O1O4L1N2O2M2O2bRN`MXm1e2N2O0O01]NkRN<Sm1SOlRNJ40Ma0Sm1CoRNJ3O0JJ`0Tm1LQSNI208:el1LRSNI2O:;cl1KRSNK1Ja0?^l1HQSNO0Ge0a0\l1FoRN2R15Rl1FmRN4U1LWl1NcRN7]o1O10000O2Nem^V3
20151015170634Ch_2,`aPj05jo11O2IJ`PN8^o1KaPN5\o18O00100010O000I7N20001O1O001O10001N2O000000O2O1O1O1N1O2N1M4N1J6O01O0M400O01000N2N20O010O1@E[QN;en1EZQN;gn1FWQN<in1CUQN?kn1;2N100O001000003L2N00000JjPNBVo1=7O101O000O200O00001O0000_PNH[o18cPNJ\o1NdPN300`o181O0I^PN0co1M`PN3_o1LbPN4^o1K`PN8`o1H^PN;ao12000000001O00O1O100O11O1OO001O1O0N3O010O0010O001O0010O010O000O20O1O1O0O2M2O2O001M201N10100O100O100OW`Ym2
20151015170634Ch_3,^lhT24ko13K3N4hPNGdn1;[QNE`n1MWQN>8GLJRm12PTNa0QOFJM1Lgl14VSNMn0a0[OEI8OD[l19aTN5]Og0mk1UOdTN5@h0jk1VO[TN51e0bk1YOYTN3=?Xk1_OYTN3`0a0Tk1?mTNCQk1:RUNZNSO27o0ak1a0iUN]OXj1a0kUNfNaN4jk1T1UVNeNRj1X1]2M10100N2NHnNfQNP1\n1QObQNP1_n1PO^QNP1hn1N5N2EPQNDYo10kPNNZo1MgPN3fo1LeTUi1
20151015170634Ch_4,SZmi01no11O1O1O0FMiPN3Wo1NfPN3[o1NdPN1\o10cPN1]o1ObPN1^o10aPN1_o1O`PN2_o171O1O01O00001N2N2J6O1O1O2O0FWO]QNi0cn1WO\QNj0cn1YOZQNg0kn1VOSQNk0mn1310O1N1100O100O1O1000010O101O1N5K1O3L200O1O1O2O1N2N2O00000000O1O3NO001O1O1O1N2O1N1O2NTf`Q3
20151015170634Ch_5,kf\U14ho15O1O2N5K2N2O5K0O1FZOXQNf0jn1YOSQNi0nn13101O101O1O1OO3N2M4M04M2M01O01N100O1N3N001OOO20mPN]Ojn1`0XQNBgn1=ZQNJen1O\QN1dn1M]QN3cn1M]QN2cn1O]QN2bn1O`QNO^n15`QNOZn13fQNNXn10iQN4Tn1EaQNJ>b0Pn1DTRN>jm1AWRN`0hm1@XRNL^O?Zn1D_RN<`m1CbRN=]m1CjRN8Um1GoQNOb0:im1FZRN:cm1F^RN;am1CaRN>`n11M5L5K3OUOoPNf0Xo1N0O01O100OO2O2N1O2OO1015J0O101O0O3M3LlUae2
20151015170634Ch_6,RQec01mo12N1`PNMUo13kPNMTo14=0O12N\PNMZo12fPNNZo11hPNOVo12jPNNUo11nPNOQo10PQN0on11QQNOon10RQN1ln1OUQN1kn1OVQN1in1OXQN0hn10XQN1gn1OYQN1gn1OZQN1en1O[QN2[o1O000O010OZO0\QN1Yo101O010O1001O0UP6OloK0UoM0eQN0Uo1100WOObQN2]n1NfQN0Vo30ooM0000103on9L[RD0[m10Z10[QN2kNNjo11TPNOho132NdP:OcoG1koM010O10O4OM0O0O1]N0WSN0fl1OkQN0<1a01im14]QNJ`03Wn16hQNKom1LdQN4KMa04Yn1LYQN1=3cn1L\QN5dn1LYQN5in1LmPN;Uo181N3N7J00N2N2N1N2O100O1O1O2N1O2O0003N3OM5K3L2O1fTNnNdg1Q1f31O1[TNlN[h15`TNh0Q3SObh11`TN6M=m2\OPi17UTN=g2\OaM0Xk12gTN`0]2^OeM0ik1a0oVN_OSi1a0lSN@U2OXN0hk1T1kSNoNR2MUj1\1jUNdNWj1\1hUNdNYj1[1hUNeNYj1Y1gUNgN[j1W1hTNiNVl1V1iSNjN[l1S1dSNmNF0lk1P1]TNPOcl1c0gTN]O\j10TUN0nne00^nE0WQD1\o1O02\ONVQN3jn1MUQN3ln1NSQN1Po1NnPN2To1NjPN2Xo1NgPN1Zo1OfPN1Zo1OfPN1Zo1OfPN1Zo1OfPN1eo10oeVR3
20151015170634Ch_7,ZYWi14io12O01O01OO2O10O1O1O1N2N2iNFWRN4^Ob0\n1DfQNg0[n1>2M2M5gNYQN0>c0To1G5L4Ldg\U2
20151015170634Ch_8,hXS`3<co100001O1O0O2O0O1_ND_SN<al1E^SN<al1F^SN:bl1F^SN:bl1F^SN;al1E`SN;al1C_SN>Qn11L4hNKVRNc0hm1o0K5L[NcRNh0\m1WOfRNh0Ym1XOhRNh0Wm1YOiRNh0Wm1XOgRNi0[m1VOdRNj0]m1VOaRNk0ml1aN^SNY2`l1PNYSNo1gl1UNVSNj1jl1lMRSN8Nn1ll1nMWSN^2hl1bMZSN\2hl1cMWSN3Mo1ml1nMUSN20o1kl1oMWSN2Mo1ll1oMTSN`2kl1;0000O01N1N20O0N2O2N2O2MWN[SN<bl1I]SN2fl1b11100O2NMJ260ORObSN_N[l1j1cSNeMN5]l1Y2eSN`M01MM_l1a2eSN`M1Ocl1_2\SNcMNLXm1P2PSNQN\m1h1b0FjQNbNZn1Z1gQNeN\n1a0iQNKJE[o19dPNG^o18bPNG_o1:3M3LniX;
20151015170634Ch_9,[QSc01PP2000O000fo30YPL0ZPN0ho1011M00O10PP20mT<2PkA3M2O101N1O2N1O2O01O1N2N3L3LWP4OkoK0glc1OlSlN2_o_ON[P80lo50^nA0gRN0en1000O000QP20PPN0100000WP:2doENUPN2mo10O111N00O2N51OO00NOQPN2lo110O2N22gNN^QN2ao1O[PN46MTo12ePNO71Ro1ORQN67Gbn19c0K[PNMfo11[PNNlo11O0O1101OSP2O[iVT3
20151015170634Ch_10,R\kZ12mo12FNcPN3\o1NbPN3^o1NaPN2`o170O1001O01N104L0000O1O1O10000O1001N1000001O001O01O010XPNLbo1:O10O0010O1O10O01O2N10O10O1O1O1O001010O1O4K103L2N10O0010O001O1O001O00010O03M0001M20001O00001O000000001O001NUP60loI1N2O001O001O010O010O0010O01O001O00010O01O2IWPN3jo111O0O10000O10hbf]2
20151015170634Ch_11,]bUm16ho13NO1000oMJZTN6ek1LYTN5gk1LXTN4gk1NYTN1gk10XTN0gk12iSNKmN4Ym1<_SNAVO5[m1<]SN@TO8_m10`RNF8LM34b0Ym1DPSNH]O1068<]m1_OZSN6WO>`n1D\QNa0`n1e0JiNeQNo0Wn1nNoQNo0Pn1QOQRNo0om1oNTRNP1lm1oNVRNo0jm1ROWRN<GHRn1LZRN8GJPn1N]RN1IJnm15^1O000Ok^nP2
20151015170634Ch_12,WQYf01lo31`Rd00amYO2NNXPN0ao1O^PN15O]o12ePNNko;0loE01020N0O0SP22noMNO0PP20ooM0100000Zn30eQL0jQ40WnK0UkfV3
20151015170634Ch_13,UWS`02go1?D:WQN]Ogm1l1B6J7K5J4L3M1N5KhMiSNl0Vl1[NhTN`1Pm1aN^QNX1bl1fN\UN^1]j1hNgUNX1Sj1hNSVNY1ii1eN]VNW1Yl1N0O1M3@WQN^OQo1>;J8K`fZ^3
20151015170634Ch_14,[U[k12lo15L2O001O101O01O1O1O010O0O0102OO000O1O0005K1O0O1005J2N3MPjjR2
20151015170634Ch_15,X]iU14lo11N3L200O1O2N0010O01N1OO2M3O1O1O100O2N2N2N\cjh2
20151015170634Ch_16,h[kZ13lo11M0YPNMgo12ZPNNfo11[PN1co1O701O00QP20[PL0Xo10=2XP2N]O0YPN01000PP40VQ\20jn_M00000SPN0ko13O03NO001M200002Nob\`2
20151015170634Ch_17,TWS`0120UP20N0XPN0E060nm30i10oR20QjK0TVN0cj10`RN=[n1CaQN1P13ROLN2go19ZPNEjm10RTN0@0kj10oUN0VO0ej10l31PTNOQl10O0N1B1dPN6Yo18MI:HcPNOfe\^3
20151026171014Mh_1,gcWd23=0on12nPN1Qo10lPN2To10iPN1Vo1=O100000000O10O100000O10O0100000O10O001G]OSQNd0mn18O01O010O010O010MRQNSOnn1n0RQNROmn1n030O1O2O00O010O010O1O001O10O01O0O1001O0010O01O010O0100O0100O010O1O10O01O10001N1O1O1O1N2O1N110O01O00O1O11O000O101O1M3O1O1O00100O1O100O1OO2M201N101000O10O00000OlNXQNS1hn12001O1O000001L3H8N2O2O001O0O100O100O1L5N11O01O00O2N1O1O100OH[NTRNj1km15O2L3L5N2O1O1O1O001O010O10O000O100O2O0O101N2O1N2O1O2N1O2M3M9G6J3J5M4M2N3L5K4L3N3M3N1N2O2Ne`jo0
20151026171014Mh_2,\^_R11go11]PN2ao10]PN1`o1901N10001O1O001000O00001O01O00010O0001N101O00001O1O3M1N2O1OO1000000O100000O11O0O2O000000000O2O000O10M3O10O10O010O01O1N1O1O2O000O2O0O000000101O0M4O0M4I7N2O1M20100O1O1N2M3N2O0O2O1N1O^OlQN[OSn1e0RRNPOH1Un1P1a00300N3L3M3N3N101O0000O01O1O100O11J4001O10OO200O2O1O102M3M6Igdde2
20151026171014Mh_3,a`Ui1;bo14H9J5M3M2N3M2J40010OOL3K8_ObNbRN\1^m1jN]RNU1cm1d0000N2O1GURN\Nmm1b1SO_NnSN[1Wl1hNfSNT1^l1oN`SNn0al1WO\SNe0hl1FjRN<Xm1o07J6O1M3O2L3O2N2L3N3M3N1N4J5M2O1N2O1N2O0O100O2O1N2O00O001001OO110O0001O010O1O1O001O00000000O2O010O000001O000001O0O1O1N3N1N1L6N101O1O101N101O000100O3M8G3N0[OiPNa0\o1N100O10000O10O10O2N10O010O010O10O001O10OO2O100N2O1O0O2O01O01O1O001O]dTn1
20151026171014Mh_4,ggZ^13lo14M1O1O1O1O2M2O1O4L1O1000O100O00100OO10001O01000O1O100O1O101N100012L2O0O010O01O01O101O1OO2O2N2NO010O0010O10O1O1O1N3M1001O011O01N3N0O1J6ISW[]2
20151026171014Mh_5,QiZo21io18M2N2N1N202M10N101O1O100O20O0101N10O10O0100O1O1O3N0O1O001O01N001N10ePNDTo1;kPNGVo1a03\OkPN:\o13M100O2O02N1O001O000O2N1000O2N0O2O1O3M1O3N3MVOlPNg0Xo10O001OO100O020O001OO2O0O1O2N1O3M102M2O15L5KO01N3MO1003L2O2M2O0O101O:E2OnScj0
20151026171014Mh_6,ldXV32no12M2O00000O1001O00O2O000000000O100000N2O100O10000O10001O0001O00000O2O000O1000O1000000001O0O100O1000O010O1000O100O1K41O010O1N10100O10O10O1O00010O010O10O0010O100M3O100O10001Nj[Yd0
20151026171014Mh_7,PXme04jo15K4M2WQNFjm1=oQNIom1:lQNIRn18nQNIR1B^k1f0`SNJ:@L390nj1e0bTNJN02B89Sk1<eTNII74[O<:kj1b0hTNQ1:bNij1a0lTNl0;eNgj1c0kTNh0<iNfj1a0lTNg0=jNfj1`2\UNbMcj1^2\UNcMdj1^2YUNeMgj1\2VUNeMkj1[2TUNeMnj1[2oTNgMPk1UOmTNS4Rk1mKoTNR4Qk1nKPUNR4Pk1mKQUNR4oj1oKQUNP4ej1lKWUN74k3gj1^LWUNa3kj1h01O3gKoTN`3Rk1bLmTN\3Tk1<mTNjKUk1R4QUNkKoj1R4VUNjKmj1T4a0N2M7J2N3aLkSNn2fl1M3M2N2O4L5J9G101N1O1O3L4M2F;M2N2O2M1O2M4L2K6L4M2O001O1O2N2M5M1N100O1O1N3N2NSP>MooA4M101N1O10O0100O10O1O2L4NTglS3
20151026171014Mh_8,Xi`S15ho14N2EKgPN8Wo19M4N2M2N3M2O0O2N1OD_QN]O`n1`0gQN\OZn1b0b0L5M2N2O1O1O11O0O100001N101OO110N11O00O1001O010O01N11O1O1O1O2O1O1N_X]i2
20151026171014Mh_9,XYSf01nQb00kmC0mo[10SPPO0UP@0O011J51O2Ngo5M^om03nPVONooEOQgfT3
20151117212434Ch_1,``of16ho13N2N10001O00001O001O0100O01O100O0011O1N01001N10O1O01N11O0O2O10O0000O010001O00001N10O100000001O00000000000O01000O1000001O2N00000O10O1N12O0000O01O0L50O10O1iPNZORo1k0O1000O10L301O1O1N110O100O0O101O0O1M2YOmNdRNQ1^m1RO_RNn0bm1SO\RNl0em1VOYRNi0im1XOURNh0lm1XOPRNk0Qn1VOlQNk0Un1?1O0O01O10O1O010K5M2L122M_QNgNbn1Y120L21ON3000NN500JdNkQNY1Wn1iNgQNj02PO`n16^QNd0ln1\OUQN:Uo1DlPN;]o1AePN7eo1JWPN0SbhP2
20151117212434Ch_2,TXkg24jo13N001J6K6N4N1N0000O1O001000000O0M2N21001O010O0100O001OO1OO10100000001O01O010OO1O101N1O1001O0O1000001O001O01O0000O1O0000100O10O2M2O20O00O01N2K501O101N1O01O0N10O020000M2N21O10001N10O2N1O1O11O001O1O0000O101O0001O10O001N1000001N1O100O0L5N2O1O1OO11N20O002O0000000000O1O1O1O10O0O010001O1M2L5M3N2O2O001O001O0N2N3M1O1M4N1O2O001N2N2O100O100001N101O1O1N2O2M2O2N2N2M2N3N1O2L3M3N20O010O0001O0O1O2O000O2O0N201O00010O01O01O00001O1O1O1O2N1O2N2N2L4N2M4M6FboZj0
20151117212434Ch_3,ol`a21fo15]PNM[o1`0cPN_OVo1h0L:F210O0KkN_QNV1jn1J4M12N0O2N4L12OVQNlNjn1T1SSNUOPk1`0iTNEZk1;aTNFak1=ZTNCjk1`0mSNA]l1;^SNDgl1;USNEQm1g0]RNXOhm1k0PRNVOTn1Y14L5L3L4cNbQNR1gn1N8H4K3N2000N100010O1O2M1N2M4LXQc[1
20151117212434Ch_4,``Xi2<co12L4O2L4M2kPNYOon1n0N1N2O1M4K3O101M2OQOgQN:Xn1FhQN;Wn1EhQN>Vn1AkQN`0Tn1_OmQNb0Rn1]OoQNc0Qn1]OPRNc0om1]OQRNd0mm1\O[RN=em1A^RN?am1_ObRN0ZO6Rn1KeRNa0Ym1^OhRN1]O2im1MkRNN_O4fm1NlRNL@5cm11mRNGC8_m11_SNO`l12aSNM_l13cSNK\l16gSNGXl1:jSNCWl1=e1N300000O2N101O001O1O00100O1O000J]OoPNc0Qo1^OnPNb0Ro1^OmPNc0So15O2NERQNFnn1:SQNEmn1;TQNCmn1=TQN@nn1a0PQN@Po1a0nPN@Ro1f02O00000001O001N3O0O3M0N3YQNoN]n1Q1cQNQO[n1P1dQNQO6Lhm1g0nQNN7^Ojm1c0RRNN1Amm1a0RRNOOBnm1`0RRN:om1j010001N1EPRNbNTn1[1;N1O1O1O100O2O0O2O0O10000000000001O001O001O001O10iNXQNT1hn1lNYQNT1jn1O00001O00000000000O010O100O2O0000001O1O010O1O10O01O010O01O10OO2O01O1O10O00001O01O0000010O0O110O1N3N001O1O1O001O1N2O0DdPN3]o1LdPN3fo1N1O2NX_ck0
20151117212434Ch_5,g^oP19do16J2M6L4N3JTORQNQ1in1nNXQNU1dn1kN\QNU1bn1lN^QNS1cn1242NO1N2O1O1O1O2O010O0O010O1N2K1300O3M1O1O1M02L5K4N2O1N11O0bN_O`SNb0al1B[SN=hl1ESSN<nl1HlRN9Sm1]OURNi0OOjm1YOXRNe1em1_NZRNb1jm171UNTRNl0OAim1j0]RNQO[m1FbRNY16lNZm1M^RNV1<hNWm1b1b02M2M4H7N20dNaRN5bm1HeRN1^m1MhRNNYm1OnRNLSm11XSNCll1<]1N101N1O10001001N2N10O001O0O10O2M2OO1O2N15L10O001O1N3M4L4LbfVi2
20151117212434Ch_6,iljW32lo13O10000O1O2N1VQN5^m1NWRN<gm1KiQN?Vn1e02O1N0BiQNnNOMZn1l0i0J5BRSSg0
20151117212434Ch_7,lc]V21oo14J3N2M3K5N1O100O2N1O100O1O1LWOPQNj0Po1MPQN\OPo19RQNJNMon18WQNIJNPo17YQNKGMPo18ZQNKhn15YQNKgn15ZQNKen14\QNLdn14\QNLdn14\QNKen15[QNKen14\QNLdn14\QNLdn14[QNMdn13]QNMcn12^QNMbn14^QNLbn13_QNMan12_QNOan10_QN0cn1N_QN1Wo100001M3M201L3N3O0O20O1O1O1O101O00001O1O0O10000I\PN1ao1L`PN40O_o14bPNK_o15`PNL_o14bPNL^o14bPNL^o14`PNO_o190AaPN>]o1CcPN=\o1DdPN<Zo1FfPN:Zo1FfPN8\o1HePN7[o1IfPN6Xo1KiPN5Vo1LiPN4Yo11ePNK[o15ePNL[o1=O0001O2N0000001_ObPN>ao1O3M1O1O1O2N001O0O100MUPN1lo1100O100000000RP<M[oC1ZQN2dn1M]QN3cn1M\QN4Wo11[OKmPN0?5cn1LmPN0?5dn1OZQN4CGnn16^QN6bn1ITQNL6;en1IUQNN4:gn1HTQNO4:gn1HUQNN4:gn1NZQN1fn1e00O1O1O1M3O1O2M8I1O2N2N2N1G[PN6ho1O1O1N11010O0O2No\Z`1
20151204133714Th_1,UVUS23lo1100aPNMPo15nPNLRo15mPNLQo1NfPN67NSo14hPN0Yo1<O0002N1O1O1N2OO11O0O100O100O100000000O1000O1001OO101N10000000000000O1O2O0O10001O1N1O101O0O2O00ci\i1
20151207173614Mh_1,YiRR21jo17M3N4M3L4M2N1M4L3OO12OO2N10N3MO1011O6I01O010006JO1L_QNTOYn1f0gQNWO`n1e0`QN\O7Llm1d0lQNB;1:GXl1m0SSNTO3O19;Kal1d0RSNB02:Kfl19VSNJGC2>60ml1EcSN6_OQ1km1lNWRNV1hm1gNZRN\1lm1cNlQN`1Qn1aNmQNe1Wn17JON[NQRNZ1nm1`N`RNY1Un1O0O9J2K3M20O7IO1N101OQQNQOnn1Q11N2N3N1N2O1O03L2OO10O01O1O100M2N2N2N1O3M2LePWi1
20151207173614Mh_2,XZ_c01no13K8J1N2O1N2N2^O@bQNb0[n1BbQN`0`n1^O`QNb0^n1A`QN?]n1FbQN9^n1I`QN8`n1H`QN7`n1J`QN5^n1NbQN1^n10bQNO_n12_QNNan13_QNKbn16]QNIdn1h01O1A[QNCfn1=\QN@dn1:hQN^O[n1b0a0O2OO1000000000000000000O10O100O1O01000000O2O000001O00000000001O1O1O1O1O2N00100O1O0001O01O1O1N2OahjW3
20151207173614Mh_3,Qn^T21RP20ZN1]1OWR20Un11loKOXP40hoK1M05OM1O1SONjQN2Ro1010UP20loMNUo10kPN010mPii1
20151207173614Mh_4,XVWT11no12N2N2N1O2N100001O100000O1000O00000000@IXQN6hn1JXQN6in1JVQN6jn1IWQN7in1IWQN7in1HXQN9Xo1O000010O0010O01O01O0001N10000O1000000000000000O100O100O100O100O01000O01000O10O100O010000O010000000O01O1O001O1O000010OO1N3N2CAVQNOIa0Qo1AoPNO1d0Po171O1N2O1N3N1M4L4Lfjbe2
20151214171854Bh_1,eP]f13lo12N101N11OO5K100O1O010O1O1O1O1O0O1100N101O1O000O101O0001O10O00O2O000O2M2N200O100001O01O0000O10O100N3N2O1N11O000K6K4N2O01N21O00WO@PRNc0im1FTRN;lm1JoQN6Rn1MjQN2Wn11eQNO[n1j02O1N20O10O1O1M3O2M3N3POQQNi0Uo1N1O3N1N100O001O1O2O0O1O2M3N1O2NURaS2
20151214171854Bh_2,VVWj23io14O1M3N2O00100O2O0O1O00001N20O00001O0010O00O20O001O0000000001O0O2O0010O0000N201000O0000000O01100N01O02ON3N2N2N3M]kVR1
20151214171854Bh_3,TiT[13mo14K1000002N000O11O000010O0O10001O001O00010O010O00100001O00O100O10O010001O001O001N2O00001O4M0O1O1000O101N00000000000O2O0O4MO10O11N2O5J3N1O1001NO27I0O001O001O2N2N001O0001O01N2N4J3O1NPTU_2
20151214171854Bh_4,Pb]m11no11O1ZPNOZo10`PN232[o11cPN2Xo1>0O0001O0O2O010O00010O0100O1O101N011N2N1O002OO01O001O000O1L41O0000O1001O000O2O0O1O1O2M2O010O2OO101O00000O2O00001O000N2001O000001O0O2O\PNFao1=001O1O00000000000OO2KDfPN;Zo1GdPN:\o1410N@dPN`0\o1@dPN?]o1AcPN?\o1BdPN=]o13O000O110N11MePN@\o1?3O001O1O01MCcPN=Vo1EjPN?Wo15O10O10O100O100O0001O0M400O10000O00100O101N1O1O1O1O100O100O100O1O2M2O2Mm^fi1
20151214171854Bh_5,m^[i05Yo1U1dNR1_RNPN]l1W2ZSNQNal1Q3E6J7J3M2N3N2N4L3M3M3N5K01WL`UNU2[j1bMbVNQ2Yi1fMoVN]2oh1ZMXWNS3gj1kL^SNl2il15K6J8G8I6J32J3NN1O100000O10008H4L4K010O2OO2O02N001O1O002M4M4L1OO10O01O100O11O5J3N00001N011O0O1000O1O10O10O01000000O100]MoRNV2Qm1gMRSNY2Zm11N101O001O000010O2O2M1O1O3M5K2N1O5J2O1O0O3M4K4J9H3L4N3K5N1N2O2N1N3N1O2N2McZTo2
20151214171854Bh_6,Q[_Z21no11O1O3N2N1O1O0O101O00010O01O00100O000100O0010O01O0001O0001O000000001O01O00001O00001O1O00001O00O2O0000O10O10000000000O01000O1000O1000O1000000O1000000000O10000000001O00000O1O101N1O1O2Nlni3OVQVL001O1O0000011N1O1O1O10O01O001\PNLZo1?N1O1O00010O01O2O0O1O010O103L101N010001N10O0100O010O1O2O1N0001O001O001O1O1O1O1O1O1O011N1O0O2O2N2N0OhdjW1
20151214171854Bh_7,nVU]141M01eo16[PNIeo1;M2N101O4K2N3M2OO001O001M2O1O1M4N1J600O2O001O010O000O100O010000010O001O01O010O1O010O1000O01000000000O101O1O1OUPf0NmoYO001O02OO010TPf00koYO1O1O0010Ono3N\PJ0`o10^PN3ao1M_PN3eo1200O1N11Oci^\2
20151214171854Bh_8,hfdZ14ko11O2O1N2N100O10001O000O1001O010O010O10O010O100O010O0101N01O10O10O0100O02N0100O0010O1O01FaPN1`o1N`PNOdo1OQY]b2
20151214171854Bh_9,ba[Y11no16K005J100O1O100O100M2010OO2O0010O001O00O2O0J7O01O0O12OO1O1OO01O1O2O0M311M0@dPN?\o112OO1N2M3O11OM31N2N010O2N2O0O20O01NEBWQN?en1FYQN:`n1CZQN60;cn1e0M401O0000O4M4L2N1N2O1O1O1O1@PQNMRo10QQNNQo1ORQNOon1NUQNMe_ja2
20151214171854Bh_10,c]`h0:eo12N2O1N1000000001O01O01OZQNCim1>URNDjm1<RRNInm17QRNIom18oQNIRn17mQNISn17mQNITn16mQNJTn13nQNLRn13oQNNQn1NcQNKONK9dn1LcQNNGN21O8en1FZQN1;g0^n1XO\QN0Oj0cn1WO\QN1Oj0dn1WOZQNQ1fn15O1O001001N010O100iN]QNo0dn1oN^QNP1in1000000XOVQN;in1DYQN;gn1EZQN:fn1F[QN:dn1E]QN;cn1E]QN;cn1D]QN=cn1C\QN?cn1A[QNa0fn1^OXQNd0hn1\OWQNf0hn1ZOWQNg0jn1YOUQNh0jn1XOVQNh0jn1XOVQNi0in1XOVQNh0jn1XOWQNh0in1VOXQNk0gn1UOZQNj0gn1UOYQNl0fn1TO[QNk0en1TO\QNm0cn1SO]QNm0cn1SO]QNm0cn1TO\QNl0dn1TO]QNl0bn1TO^QNl0bn1SO_QNm0an1SO`QNl0`n1TO_QNm0jn1000O100O10000000000001O00010OLQOWQNo0gn1600001O1O1O1O001O00001O00010O0001O010O1O2N2O1N100O100O2N1000O00100O001O1O0000010O00001O010O10O01O10O01O1O001O10O01O1O001O1O001O001O00001O0000001O01O010O0100O02O1OO101N10O01O1O010O00001O0000001O01O0002N3M3M1O100O00000001O010O00010O000000010O01O1000cPNETo1;jPNHTo1f0M012M1O1N100O010O01O10O010O010O010O011O03L4M000O100O1O1O01O01O1N1000gPN^OUo1b0iPN@Vo1e00010O01O000O2O1O001O01O01O00000O2O001O2L2N4F[PN3f]af2
20151214171854Bh_11,k_lk23lo12N1M20001O000O20O01N1O101N1O20000O1000O2O001N1000O11O0O010O1000000O2O000O2M20000Oi`_Q1
20151214171854Bh_12,Qb_m1161ao1O[PN30M`o10bPN32MWo10jPN1SP6OnnM0_QL0Yo30PP20PPN000WoM0`QN1Xo1O00\o10YQL0hn10VQN0kn10TQN0^o10_O1a0O10O0010O0000ZPN1[o1OfPN0Zo10fPN0Zo10fPN0Zo10ePN1[o1OePN1[o1OfPN0Zo10fPN0Yo11gPNOSo10gPN1co12\PNNdo16fPNImn16TQNJmn14UQNLin13YQNNfn11ZQN0en11[QNOfn1O\QNOen11ZQNOgn11YQNOhn11WQNOin11WQNOin11WQNOin11VQN0kn10UQNOkn11c0O01O01O^PN0To10lPN0To10>0000010O0]PN0Wo10hPN0Wo10=0O2N2O0O1NKZPN4eo1NZPN2fo1NZPN2do1L\PN8do102KZPN0;Mnn12iPNOeo11iPNNjn12VQNNjn10fPN0lo10TPN0?0kn11fPNO?0kn10gPN0=0mn10VQN0in10WQN0hn11XQNOhn10YQN0hn10W10hN0d01O10OO2N2cPNKnn15SQNKjn15iPNLho10hP4O^oK000000000O00000M31M210O10O000PP20QPN0O00001AOnPN1Ro10mPN0To10lPN0To10kPN0Vo10jPNOWo11hPN0Wo11iPNOWo11hPNOYo11fPNO[o12bPNO_o11`PNO`o13]PNNco180ONF_PN7do1201N10001O1O00100O10O001000O01O001OLEdPN;\o15M2M3010O10001N101N2O1_OcPN<^o1EaPN:`o130O101O00O10O0100O1000O1O1I_PNMco126O1O100000010N2Ol_Rf1
20151214171854Bh_13,lfdZ11eo14`PNN]o12ePNMZo14gPNLXo13jPNLUo14lPNLTo14lPNMSo12nPNNSo11mPNOSo11nPNNSo11mPNOSo11mPN0Ro1OoPN1`o1OC0lPN0Uo30l00ToM0kPN0bo11BOlPN1bo10AOnPN1`o10QP2OQPN0O010iQN0]l10bSN0^l10j10VRN0bk10_TN0ak10PTN0fN0ll10RSN0]10Xn10TN0eSN0Vn3000^PL0bo1000RP20VP80ioE0eo=1X1OSoE0PPL001ZP6OenI1P11mPNNTo10UO2j0OO0hPNO`n12_QNNan12_QNNbn12]QNNcn14[QNLfn15XQNKin14WQNMkn11TQNOkn12UQNMln13b0O01O120RTY_2
20151214171854Bh_14,bTmX16fo15M3D<J6N1N20O10OK6GSQN]Oon1c06O3N1O1O2N00011N1O1O011O00001N2O2O0OSlVe2
20151214171854Bh_15,_^ZY23lo1100O1000O010O00N3O1N101O1O11O0O20O00000001O01O0000000000O10001N11O00O101N1N3NiaUd1
20151214171854Bh_16,\oTV2210ho17K4N1O10000O111N005LO14KYOkPNf0So14lQNUOQO2nm1l0iRN[OVm1f0fRN^OWm1f0URNoN;?^m1f0bRN[O^m1e0aRN[O`m1b1010O1ROVRNDjm1<XRNjNNf0km18bRNG^m16eRNKXm14kRNKWm1OmRN1Ym1\OUSNd0Wn1MO1000M2N3M302M1O1NbnZg1
20151227133734Ch_1,ZifY23lo12O1O1N1O2N1O2N100O100000010O1O1O001O0010O01O0010N1O101O001O010O001O001O03N0O01JbPNH^o186O001O000010O010O010O100O1O010O1O1O2N2O1N3N1N2N2O0O1O10JmPN]OTo1b050100O10O10002O1N0000000RQN_O\n1T1O1OO010O1O100O1O1O00100O2O001O0101N1N4M2M11O0O1O101N1N2N2N3L3N2O100O100O101N1O1000000O1O10000O10000000001N101O1O00fTNBQg1>lXNGRg19lXNJSg15lXNM[LOSj13_YN1YL1Xj1N]YN4XL0\j1LXYNn0gf1SOVYNP1if1QOTYNT1if1mNTYNU1kf1nNQYNT1of1nNXVN_On1d1jg1oNkUNJU2[1Qh1AeWNh0]h1XO^WNk0dh1UOiVNeNQOe00f0Yj1OXVNjNWOo0;6Zj10QVN1HM[j10kUN]O\ON`08hj1;YUN^ODCf09hj1h0hTN]OR1]OgN1dk1V1_TNXOem1g0YRNVOmm1g0TRNPOVn1m0a0M5J6J5K7FYRe[1
20151227133734Ch_2,fY_R23mo13M100O2N2N4L2N3L4N1N2N3L4L3NQObQN=Ro10000O1000000O1001O2NO2M2K4O001O1O1Oid\k1
20151227133734Ch_3,WaZg14]P82PoI>L3O001SRNBVl1c0`RNTOa0m0ol1c1L21ONmMgRNH0M0O?j0il1YOgRN0Z1f0Xl1VOTTNa0fm12aKBVYNa0bf1F\VNGi1f0fg1E_VNEn1k0[g1AfVNE_2:if14gVNAd24^LKRj1e0eZNC^e1;cZN]OZK2\i1MSWNb0a4@Yd10WWN?jn10kPNDdn1>XQNCin1i0K5O00101M2K5N2OOL4200N3E;XOkQNDXn19n0JWbmU2
20151227133734Ch_4,ebUc22mo12O6J2N4L1O2dPN_OUo1g00O012M101N001O01O0001O00000001O0000^OfPN>Zo1AgPN4N5[o1GgPN4O5Xo1IiPN=Vo1EiPN;Wo1EjPN:Vo1GjPN8Uo1JkPN5Uo1MiPN3Wo19200O1LgPN@11So1`0PQN@Qo1?kPNEUo1;jPNGUo1b01O1O0O10O100001O001O1O3M1N2O001O000ONDbPN<]o1FbPN9_o1400O01000002NO1MBcPN>]o12100O1O10000O010O10000000OO2O10O2OO10000O10O10O010N200O10O1O1O2O0O1IDiPN<Xo16000O100O101O00001N100000001N100O10O0O1010O01000000O10O00IEjPN<Uo1710000O2O01K400O0100O1N2O0O2O010O10O1N101000O100O010O00100O10000MePN@\o1?ePNAZo1`0ePNA[o1b00O1000OO2O001O010O001N200O100O10O010O0100000000O0100000000000000O001O1N110O100O001N110O0100O10O1O001L40O1HgPNIXo17jPNHVo18jPNHVo18kPNFVo1:800000O1000O100O010O10000O100O01O001O10O010O100O010O01O1M2O2O10000000O01O010001O2M1O100O1O1O10004K2OON3N20O100d_Rk0
20151227133734Ch_5,Wmfe13mo11O0010O02O0O3N00001O00000O10000O01O00001O0000010O0100O001O01O00001O01O001N2O2N2M2gPN^ORo1c0lPN_OSo14lPN42HQo1OmPN01;NH\o1`0O0O]OhPN>Uo1APQN?Yo101M2O1O1O001O001O1N2O1O0010O010O01O01O01O001OO1001O000000000000[QWU2
20151227133734Ch_6,cknd11no12O10ONNVPN1ko120O10O011O0000000000O12NO1010O00010O00010O10O01O001O00000010O000010O001O0010O100O10O100000O100O10O0001O001O01O01O0000000001O00000000O100000O100000O1000O10000O1001O01O01O10O00001O0O100000000O2O0000000002N00001O0000001O1O0NTPN1eo1O_PN0L1eo1O_PN3`o1NaPN0aSeS2
20151227133734Ch_7,^WQa06jo11O0G0cPNOjn1M\QN<KFgn1h0XQNYOgn1Q1PRNkNSm1V1jRNmNUm1T1iRNnNVm1S1iRNmNUm1W1hRNkNUm1X1iRNjNUm1W1_RNbN3=Ym1Q1gRNXOXm1i0iRNUOVm1m0iRNSOWm1o0gRNQOXm1R1eRNoNYm1m1O0O2O010N10O1O101O1O1CiRNoMXm1[1aSNbN^l1X1W101O10O2L301O1M3N200000O1O00K6N00110O1000O010O100QOmQN0Tn1NPRN0Pn1ORRN0mm1LZRN1em11aRN^O^O3Pn1?eRNZO_O3nm1?W1001M3N1010O01O0001N111O2N000000000O110OYO]OQRNd0hm1DVRN<im1EWRN;im1FVRN9lm1FSRN:Rn1BkQN`0Xn1^OfQNd0\n1[O^QNj0Qm1YO]TNg0bk1\O\TNd0ck1^O\TNb0ck1_O^TN`0bk1AbTN;]k1FdTN9Zk1IiTN3Wk1OgTN1Yk10fTN0Zk10fTNO\k1OaTN_O_N`0Sm1OcTNJdk15]TNJdk15]TNKbk15`TNJ`k15aTNK^k14eTNKYk13kTNMjj1NTSN6U2Kfj1>^2O01O1O0001O1N10O2O01O001N1001O010O001N2O101N1N2O001001O1O2M2O1O10O01001O03L1O1O001O3M2N3HQPZ12RPfN0O1O2O0O10000001O000001O001O1O1O1O10O0101O0O101N2N2N10O7J0000000O5K1N2NdmbQ3
20151227133734Ch_8,fhRV32no11O01O0001M3oPNNQn14kQN1Sn12hQN1Xn1k02OO4L1O01M5M7G6I5H8KiVeh0
20151227133734Ch_9,eY[R25ko11OKYPN2fo1N]PN0coa00nQ:0ZnUO0O0O2K32Moo1NTPN0jo14TPNMgdXk1
20160116133734Ch_1,]^\Z14go1M[PN6\o1<N5L2N1O1O01O010O100O10O00001O010O01N1O1N3O0N200O1O10003N10O0O1O101N1O2O000O2O0000115[QNTOmm1f0QRN\Oom1f0jQN@Un1V12M3M2N1O003M2N2N1N1O2N2N2O1O2OO01O1O00012M2N2N1N2N2M3LP`m`2
20160116133734Ch_2,ceV[2<bo13N1O1N2O3N3L4L3N20oNRQNo0Po1ROPQNk0Ro1201OO3M3OO1OO2OM22000N1O8lPNnN9NSn1n1H2L2L3M5K4M2N1N2NdMPSNKKO<Q1cl1VO`TNd0^k1ZOmTN`0Qk1^OTUNb0Xm1N1N2M00O10O02N10O20O1O1O1O00O0O3O5H2JjUWa1
20160116133734Ch_3,R[W]17fo14N2N1N2O1O11OO001ON2O2O1O010O01M2O0KBiPN`0nn1=J7O01O1I6K40O20O10ON3O2O10O01J600O2N11N0N201M4O0001O0N2N2M5Llfb_2
20160116133734Ch_4,mmdc03ko13M2N2O1O00N2000KHaPN;^o14M3O00O101O1N2O1O0O10O100O100O1O1O1N101O11O00O101O1N2M200O01L4N1N2100M40O101O0O3N1O2M3L3KSTmX3
20160116133734Ch_5,Uifh17ho12OON4O001O01O0001O2N101OO104M00N2O1N3M013L3N002lPNZOhn1P11lNUQNP1Po1MO12O0N2O001O2O0O3M101N2N2N1K4K6NfUaT2
20160116133734Ch_6,chRT13mo11O00000O101O010O0000000O11O000001O00001O000N3N101N1000000001O0001O001OO10O100O00M30100O10O10000000O10000000O1000000O10O1H^PN2bo1MbPNN_o137O10hWig2
20160116133734Ch_7,d[lh13lo13G>UO]OjQNe0Tn1[OlQNf0Tn1ZOiQNi0Vn1XOeQNm0\n1ROcQNo0bn14HmNeQNQ1en1I7O010I34M301O01O1N3O1N10O2OO100001O001O0001O01O01O00001O0O10000O2O0000001O1O0001O00000000000000O100000O01O1M3N2O1N3N1M`egR2
20160116133734Ch_8,l^Ue03lo13C1cPN2Zo1;O101fPN[O30nn1h0QQNYOnn1h0RQNXOnn1n0O0O2O1O2N000O2N1GlNeQNU1[n19N10001O0001O01O01O011N1O001O2N1O5K2O001N3M2O0QOZQNb0fn1]O\QNb0Ro100O002N1O1O1O001N101O10O01O0000001O0000000100O00O10000O1000000000O101N101N1000000O101O000O10000O10O0100O100O2O0dPN^OZo1d010O01O1O10O01O1O0O101N101N1O2O1N2N1O3Lko30WPL1O001N10O3N0000a`fR3
20160116133734Ch_9,j[nQ23mo11N8H3M5K4L5K2O1O1O001O001O000O101O000O0100000O01000000O100O100O101N100O1O10001O0O1000000O101O0O2O0O2O01O00001O1O0001O01O01O00001O0000010O0001O001O001O0001O000001O0001O01O00000010O0O10000000010O000001N101O001O01O01O00001O000000O1O100O2O0002M3oPNROln1R1M3N1010O010O001O000000001O001N101O1O001O001O001O00000000001O000000010O01O00100O3M1WQNPOan1\1K3`QN`NZn1e1N4L001N2O1O1O2N1O1O1O10O010O001O00001O010O001O100O102M001O1O001N101O1N2O001O1O12NO010O001O001O1O1O1L4O001O0100O1O3N0O010O1O1O1O10O01O100O0001O000O1O2O00100O1O001O10OO2O1O1O001O01O01O00010O01O0010O01O01001N100O00100O1O1O001O01N11O0001O01O010O1O010O101N001O010O00001O01O010O10000O100O0001O1O10O00001O000O2O0O101N101N2N2N2O10O0001O001O001O00001O0KTQNVOln1j0TQNVOln1j0TQNVOmn1n00001O01O0001O1O1N2O1O010O001O01O000O2O00000O2O0O101O001O0001O01O0O100O100N3N100O2O00001O001O1O010O000000000000001O001O1O001O00000O100O1O1O1O2N1O3N1M5La`oS1
20160116133734Ch_10,gg`\31lo15M11O0010O1O0010O10O101O001N100O100OO12N01O011N2N1O10O01O000010O10O0001N100O101M2N101001O001N2O1O1O2N001N101LkWo?
20160116133734Ch_11,P[dg12mo110001N1O3M2M2O2N2N5L2M2O0O2O001N105J2OM201I7\OkPN<Uo1DkPN<Vo1DjPN9Yo1FhPN5]o1LbPN3^o135G]PN5co13001N10nPNNXn1MlQN2Un1KnQN4Po10O001N2WOIiQN7Wn1JgQN7Yn1IgQN6Zn1IhQN6Xn1JgQN7Yn1IgQN7Yn1IgQN7Yn1IhQN6Xn1JhQN5Yn1KhQN4Xn1LhQN4Xn1LhQN4Xn1MgQN3Yn1MhQN1Yn1OgQN1Yn10fQN0Zn10fQN0Zn10fQNO[n12dQNN\n12cQNO]n11cQNO]n11cQNO]n11bQN0^n11aQNO_n11aQNO_n11aQNO`n10`QN0`n11_QNOan12^QNNbn12^QNMcn13^QNLbn14^QNLbn14^QNLbn14^QNLbn14^QNMbn12^QNNbn12^QNNbn12^QNMdn12[QNOfn10ZQN0fn10ZQN0fn10ZQN0gn1NYQN3gn1MXQN4hn1LUQN7kn1ISQN9Yo11N2GDmPN=Xo13M2101O1N101O0O101O001N2N4L10O0100O1O100O1OlPP11SooN100O1O100JL`PN4`o1L_PN5fo10000O1O2NFO<0000000XPN0go12O00000O1001O00[P<0doC2N100O2O1YPNK`o1ObPN7\o1JePN6Xo1KPQN0ln11WQNOgn10^QNO_n10eQN0Xn1OmQNNRn11PRNOom11RRNOmm11Q10SQNOkm11R10TQNOim11S10UQNOgm11YRNOfm11[RNOem11\RNOcm11]RNOcm11]RNObm11^RN0bm10^RNOcm11]RNOcm11]RNOcm10]RN0dm10\RN0dm10\RN0dm10\RN0dm10[RN0fm10ZRN0fm10YRN1gm1OYRN0hm10WRN1im1OWRN0jm11TRN0lm10TRNOnm10QRN1om1OPRN1Qn1OoQN1Qn1OoQN0Sn10lQN0Tn10kQN1Un1OkQN0Vn10jQN0Vn10jQN0Vn10iQN1So10UOOgQN0Zn10eQN1\n1OcQN1Uo11YON`QN3_n1MbQN2^n1NbQN3Uo10100O0000WONdQN2\n1NeQN2To10WONdQN2\n1NdQN2Uo10XONbQN2^n1NbQN3Uo1010WOMcQN4\n1LdQN5[n1KfQN4Zn1LfQN4Zn1LgQN3So101O0000VONfQN3Yn1MgQN3So1010O001UOLhQN4Xn1LiQN4Qo1000010OUOLjQN4Po110O10000O2N^PNO]n10QRN1@2^n1MRRN2^O3_n1KSRN3]O2`n1KTRN3[O2\o1OcPN1^o1OaPN1_o1O`PN2ao1600SODVRN<jm1DWRN;im1EWRN;im1EWRN;im1EXRN:hm1FXRN:gn1000O1O100O0VODRRN<mm1ESRN;mm1EURN9im1HZRNORO4cn1N_RN1am1MbRN2^m1McRN3]m1MdRN2\m1OcRN1]m1OdRN0]m10bRN0_m1OaRN1_m10`RNOam11_RNObm10^RN0bm10^RN0bm10^RN0bm11]RNOcm11]RNOcm12[RNNgm11YRNOgm12XRNNim12VRNNjm12VRNNkm12TRNNmm11SRNOmm12RRNNom11QRNOom12PRNNQn11oQNOQn11oQNOQn11oQNOQn11oQNOQn11oQNOQn12nQNNSn11mQNOTn10lQN0Tn10lQN0Un30kQL0Tn10m10RO0PO0oQN0So10SPN2co12[PNO^n1MnRN0Pm10SSN0jl10c100000hc]c1
20160226151654Bh_1,jZgY17ho12M2O10O01O0K42O10O010000O0O2ONEbPN:]o1HbPN8^o1500O11O00O100O1N10O100O1N30000O00001O1O100O102N0IWfbc2
20160226151654Bh_2,Sknn22no10O2N100O1000010N1000000000000O1000000000000N110O100O100M3O01O1O0100001N101O0O2O0000O101N1N200M4O0O01000ON2001O1N2000001O0O1010O01oPN]Ocn1d0\QN\Odn1d0[QN^Odn1b0\QN^Odn1b0[QN@dn1a0[QN_Oen1b0XQNAhn1?VQNCin1k00O1]OVQNOin1e03L101N100O3MnPNTOSo1k02O0O1N3N1N2O0O3M2E`PN3bo1M]PN2go1KYPN4jo103L`Toj0
20160226151654Bh_3,TX]h22no11N1DMjPN4Uo1NiPN4Vo1MhPN4Xo1LhPN5Wo1LgPN6Xo1LePN5[o1801O0000000001O1O1O101N002N3M10O001O1O000O2O1N11N011O000000000O2N101O0O2O1O1M3N2Nig^T1
20160226151654Bh_4,kclT22lo16KIZPN8do16K5K4I8J5H7L3NUOdQN8Wn1DVRN6gm1DhRN6Vm1GoRN8^n1O01O2M2N11O010N2NaPNA`o1?O11M1N3N2N2N2NkZUi1
20160226151654Bh_5,PcRe23go18L2N3L3000001O01N2O0000LAfPN?Zo14O10000VO_OVRN`0hm1DVRN<im1FVRN:jm1IRRN8nm1KnQN6Rn1MhQN6Yn1g0100O2O000000000kN`QNj0`n1WO`QNh0`n1<00001O1O000001O1O10N100001O001aQNbNXn1`1hQNaNUn1b1jQN^NUn1h1N1000M21O1000O10000O2O01O0000O2O1O010O010O001O4L1O1O2N1N2O1O1O1N2O001O1O1O001O10O00001O1O4K2O10O01O100O010O10O100O001L4O1O10O4M00000O0010O01O2O0O1O2N10O01O2N1nTNbNfL2aj1^1fXNbNiL1_j1^1eXNdNjL0aj1\1cXNPO]g1o0bUN_Ni2d0eg1m0`UNaNj2b0gg1m0^UNbNj2a0jg1S1UXNmNmg1R1RXNnNPh1R1nWNnNSh1S1lWNlNVh1T1gWNnNYh1Z1]UNQNe1e0oh1[1ZUNRNe1d0Qi1\1WUNRNf1c0Ti1e1kVN\NUi1e1^UNcMm0NiNg0lj1i1[UNdMS1b0fi1GRUN^13[NT1a0ki1\OWUNg1F^NV1b0^j1[1aUNeN`j1[1_UNfN`j1Z1`UNfN]j1VO^TNT2T1fN^j1WO_TNQ2S1iNij1R1VUNnNkj1R1SUNoNnj1f0PTNfNQ1c0Qk1e0QTNgNm0d0Sk1d0QTNgNl0c0Uk1g0nSNfNl0?ak1<bSNUON0n0?ek19aSNYOMMm0`0gk1IaSNH000Jk0c0gk1HbSNE02S1?Qn1N3N0O2L4K\XWP1
20160311020654Uh_1,Ubl^11oo12N3M1O00001O010O00105J10O0010O10O0100O010O0001O0001O0006J10O10O000010O01O010O010O01O0100O010O0001O00001O1O010O01O100O0011N10O001O01O00100O001O1O10O0101N01O100O010O010O010O10000O001000O0100000O100O1O1O1OOfPNCSo1>kPNESo1<lPNETo1d0O10O100000000O100O0010O000010O02N010O010O10BkPN0Uo1OlPN0Uo1OlPN0Uo1OkPNHN7Wo10lPNHN7Wo10nPN1Qo1NPQN1Qo1OPQN2on1MQQN4nn1LRQN5mn1LSQN3mn1MSQN4mn1KTQN4ln1LUQN3kn1MUQN3ln1LUQN3ln1KVQN5Zo101O1O011N1O1O1NmZcW2
20160311020654Uh_2,gbml14lo10O2O1N10001N1000001O000002NJIcPN7[o1KfPN4Yo1MgPN3Yo1MgPN3Wo1OiPN1Wo1OhPN2Wo1OiPN1To12kPN0Ro13lPNNSo1`0000000001O1O2N1O1O1O00001O002N1O1O1O01001N0OJEiPN=Uo1DjPN=Uo1DjPN<Vo18O2N1O1O01O01O000000000O2O0000000O10001O00001O0001O001O3L101O001O100O1O1O1O1O4K2O0O10000000000000000000000000000000000000000O10000000000001O00O10O10000000000000000000010N2O1O1O1N3M2O00000000O10O1000O1O001O101OO01O6J3N1N101N100O2Nn\hh1
20160311020654Uh_3,daTT32lo13N10001O2M7H3N101O0O00101O00O1O1JhPNDYo1;gPNDZo1;6010O01O01OO1000^PNE_o1;`PNFao1=O00N21`PNFNMXo1g0O0010O001N100O001O1O1O1O1O1O1O1O10000O1001N10000O1000001O1O2O2M1O10O010O1O00100O00001O0000010O0001O01O0001O1O010O010O100O3M101N001O0010O000O200O1NjPNYOVo1f0jPNZOWo1e030O010O100O20N1O10O2O0O2O0O100O010000O101O1O00O7KN2O1N101N1O001O1O01O01O01000O2O0O1O010N101O1IaPNJ`o157Mg\oa0
20160311020654Uh_4,][bo14ho15N1O2N1O10001O010O2O0O2O1@B\QN=bn1E^QN;an1G_QN9^n1HdQN:Xn1GhQN9Vn1JhQN7Wn1JiQN7Un1JjQN8Tn1JkQN7Sn1KfQN^O1i0Wn15kQNATn1`0oQN^Oom1d0QRN[Onm1g0RRNXOnm1i0PRNXOom1]10O10O2O^NPRNV1nm1iNTRNW1km1iNWRNU1im1kNWRNU1im1lNWRNS1jm1gNRRN02W1mm1gNSRN31T1lm1iNSRN41R1jm1lNVRN11R1em1ROYRNL2Q1cm1XOYRNH3o0dm1D]RN9dm1H^RN4dm1LTRNYO3i0km1LTRN\O0f0nm1MURN[OMg0Pn1MTRN2Rn1NoQN0Rn10nQNOSn11nQNMSn14lQN@K1_n19fQNFMO^n1;dQNF2J\n1`0aQNFjn1;UQNFjn1i0N2000O100000O001N1GmNeQNS1Zn1oNeQNQ1Zn1POfQNP1Yn1ROfQNn0Yn1SOgQNm0Yn1TOfQNk0[n1UOeQNk0[n1VOdQNj0\n1WOcQNi0]n1=1O0010O10O0001N010011O141LO000O1O5K0O100O1O1O1O100O2OO0100O2O00O1O1O2N1oNmQN3Sn1MoQN2Qn1MoQN3Rn1LoQN3Rn1KPRN3Rn1LnQN4Rn1LoQN3Qn1MPRN3Pn1LRRN2nm1N]RNGdm18]RNHcm17]RNLbm1LhQNJg0<_m1HeRN<[m1CcRNa0WO[OPn13hRNn0Rn11N3N2N3NQO^QN`0`n1@aQNf0Yn1XOiQNi0Un1WOlQNi0Tn1UOnQNNIc0_n1XOjQN1Kg0hn1WOYQNj0mn13M3M2O2N1O02QOWQNc0kn1[OWQNc0in1]OXQNb0in1]OWQNb0kn1]OVQNb0kn1^ORQNc0Qo152N1N<E10O00100O1O1O2N1O2O0O102M2N1O1N2O11N2N1O2N1003L1O1O1O1O10O2OO100O2N1O100O011N2OFWQN]Ohn1b0XQN@gn1?XQNChn1l0O006J0010O100OO100O1O1;FO1O1N10001N101O001]QNfN]n1b1M]NjQN[1^n10N2NfNcQNT1\n1kNgQNS1Zn1kNgQNU1bn1N101K4D=O2N10001O000O10000O1000001N2O2M2O2M__k`1
20160311020654Uh_5,Skln24io15N0N3N1O10O0001O0010J`PNL_o14aPNL_o14bPNL^o13cPNL]o14ePNJ\o167O_OLSQN0H3To10QQNOLOSo14oPNNOKfn12`QNa0dn1>O01O1O1N1000001O00000JQQN[OQo1d05FhPNLYo13jPNKVo15lPNIUo17kPNIUo16lPNJSo17nPNGSo18nPNHRo18nPNHRo18nPNIQo16PQNJPo16PQNIQo17=O001N3MSP>0noA1N2O1O1O001O0O0100000001N1010O01O010O00010O01O001O010O010O10O01O010O0100O1O1O2MXP2OjoM1N101O010O01000O101O001N100O01O002M^P:NeoE01OYUUi0
20160311020654Uh_6,ciPS31oo10go50lP\10\o]N1O0UP2Omo30QPL0PPN0RP60noK0YPN0F000O1M1\P40foK31NN1O1N1_P4JfoK3OOiTih0
20160311020654Uh_7,YkPo21PP20O000O000]o?0cP@10001O1TPNMgn10^QN2MNa00[o10O00000O010dU[o0
20160311020654Uh_8,g[]i0:do1102O1O1_PNB_o1?100O2O2M2N000O000100O2N100O1O0001O100O1O0100O100O101M3O0O100M300O001O2N1N3K3O20001O0SQNoNkn1:VQN<jn1BZQN<fn1A]QN?So10O01O1OWO^OVRNa0gm1CXRN<dm1J[RN5dm1N[RN0fm12YRNLim18SRNEom1>nQNAnm1IfQNh0;^Oom1JfQNk09ZOQn1k0oQNPOG1Zn1P1mQNoNK1Vn1S1SRNmNjm1Q1iQNRO2M50nm1X1>E_QNYObn1g0bQNUOQn1NTRNk0Yn1VOeQNk0Ym1UO]SN0ZOi0Ym1XO_SNNWOj0[m1WO_SNOVOh0Xm1XO`RN2R10TOf0[m1XO`RN2o02QOf0gm1VOXSNR1\l1oNoSNP1Ql1ROnSNn0Ql1TOoSNk0Ql1WOnSNi0Ql1[OmSNc0Rl1EgSN;Yl1EgSN^OQOh0Wm1KiSN[OUOg0Qm1NRTN2nk1NQTN3ok1MQTN4nk1LRTN^OmN<Rm14RTN_OPO:ol16QTN@il1<XSNDhl1;YSNEfl1;a1N101O0000001O00O100001N1O1O2Mbgdo2
20160311020654Uh_9,d^dX21oo100000O0bo;0_PD0bP60`oI0O0RP20noM020PP20noM00000O0000001021NO000QOOnQN1Qn1OPRN1om1ORRN1nm1OQRN1Qn1OnQN1Qn1OPRN0Qn10oQN1om1OSRN1nn1000lNOXRN0ln111O10hN0SRN1]OO_n10SRN1@OWo10kPN0do10O51KO010O010`N0mRN0bn10000000iN0^RN0am10`RN0_m10c20fN2O3L10O02OIZPN2^n3O^QNOTP21ioM3M1L4`QNGXm19hRNGYm19bRNK^m15VRN0Rn10mQNKZn15dQNK`n1LQQN2?1fn1NZQN2fn1OYQN0gn11YQNOfn12YQNNgn13YQNLhn14XQNLhn14WQNMin13WQNLkn13UQNMkn13UQNMln13RQNNnn13QQNMPo14mPNNTo11kPNOWo11fPN1Yo1;1O010O1O2O00N1M4N2N1O10O100001N11O001N2O1N1O010N2O2N1L40iPNJdn16SQNKL3Po12QQN7Qo1GnPN;So1CmPN=Uo1_OnPN6L1_o1JgPN2eo1MXP60hoI4N0001N_S^22ZlaM8M4M3N1N2O00O2O2N1O1O10O02M2LiZeZ1
20160311020654Uh_10,mZdQ23lo12O2N010JLaPN2^o1NcPN3\o1LePN4[o1LdPN5Zo1LfPN4Zo1LgPN3co11O2NH]PN3ao1O`PN0_o13_PNMao145LYPN0fo1O\PN0do1O^PN1io1OI0^PN0io10K0ZPN0go14lP^3NVoaL2N001PQNKRn17lQNKSn15mQNKSn16lQNJTn17lQNGUn14TQN1co1MaPN3]o1M;OeRb1O\m]N0RO2l03O000]PNL5OTo10mPN0ao11AOnPN2Qo1NoPN2Po1NQQN3mn1MUQN2jn1NXQN1gn1OZQN1en1O\QN1dn1O]QN1Yo11WONcQN1Vo110O00POOPRN1nm10SRNOmm13QRNMQo11O0120O00O000000O10O010O1100O000O00ln10eR62anGN00O10O010O0000QP20ooM10O10O01012gn;0XQDNUQ>2anA14O1010O010O0001O1O00VPl00loSO000O000O0RP60ooI1O0O100O1O01O\P80goG1M9H1NCePN4`oe0MVP\O6M2N0N1O001N10O1O2N\^_]1
20160312020554Uh_1,[aTi1162^o1:N1001O001O002N2O0O0010O11N01O100O0010O0010O100000000O2N1O100O001O10O10004MN10O2N1O001O01O001O1O100O0100O010O2OO01001O0000O1O001O01000O1O0010O01O100O1O0100O1O100O100O10O01O0100O0000010O0001O01O0100O00010O0O10000000010O01O1O0010O0001O001O1O001O1Nc\So1
20160312020554Uh_2,SlRY37ho11O1ePN8]n1IaQN9[n1KcQN7\n1KbQN5^n1M`QN3`n1b04L2020O1O2O1O1O0UOmNkRN8EIHOem13mRN50HRm15mRN23Hol1:lRNN5Gnl1g0bRNB?Hol1i0`RN_O>E]O3em1j0`RN^O<JTm1i0aRN]O?Eol1n0eRNUOI0Qn1Q1e002M2I8L400N2CfPN4[o1JfPN5\o1IePN6bo11O0010O10O0010O10O101O00001O001O000001N101O00001O00001O1O001O10101N1O10O0O2O0O100O01O1O2M`Uma0
20160312020554Uh_3,`_Pe21no13L6J2O100J6000O101O1O1N10O101L3N2O1O1010N10M300O11O0001O01O2N1O001O2N1O10O0002O0O00ZQNBkm1>TRNDkm1;URNFlm18TRNImm16QRNLnm14RRNMnm14PRNMom16mQNLSn14jQNNVn17^QN1cn1e02N101N5L2N1O3M1N1O0O102M2N2O1O1O10N100O100O2O02N2N1O4H^PNIfo11]_mU1
20160312020554Uh_4,WdVQ11jo17M3N1N2N2N2N1O2O1NElPNMSo10RQNOln10XQNNhn11ZQNOen10]QN0bn1O`QN0`n10`QN1^n10cQNO]n10dQN0\n1OfQN0Yn10hQN1Vn1OlQN0Rn12nQNNPn14RRNJmm16o00O00000O1O1001O001N20O010N110N1O2L31O1O001O010O10000000O1000010O000010O100001O10O2N2OO000001Mc\Yj2
20160312020554Uh_5,db]U21lo10UPN2go15O1O1\PNH`o18`PNH`o18_PNJ4NUo1=hPNGXo1a0O01O00000001N100O1O2N3M2O1O1O1O1O12NO1O001O1O000O2O000O10000000iNZQN92=mn1[OVQNd0So1O1O100O1000O1001O1O00002N00O1UO_OWRNb0hm1EQRN;nm1GPRN:Pn1HnQN8Rn1ImQN7Rn1JfQNENb0\n1JeQN=[n1EcQN;]n1FaQN:`n1c0000O3N0O2OO01O1O1[O[QNNfn1L`QN4_n1KcQN5]n1IeQN7\n1CjQN<mn101O001O1O1O0010O000O100O101N010001O001O2M20O0000000O2O0O1O2N2O1O2N001O01O0O2O1N3M3E\PNO04a\Pc1
20160312020554Uh_6,TcWV21PP60ooK01011NORo90SRH0fM0UQN000WQN0jn;0ooE0UO0fQN0Xn10k01oPNORo10PP20QPN0PP:0dnE0hRN0Xm10VRN0H0Qn10XRN0G0Qn10VRN0K0en10jPN1Ro1OTQN1KO36Xo1LcPNN73Yo1NePNOL3b0Mkm10nQN0H2L1ao1OdPN1^o1O]PNNlo12^ONWQN0:0cm10`1000_QN0Rm12^1O]QNOXm11[1O\QN0dn10[o12XQLNdn11nPN2>Mln10TQN0`n10ZQN0eo10PP20_P60ToG0<000]P40coM0PPN0oo70goG0ZP40PPL0[PN0io;0mo30noA0E0_PN0O040fo133Me\jb1
20160312020554Uh_7,_ZQl04ko12N2O000O2O001N2O00100ODaPN7eo10O01O000000000010O1O01O001O01O010O01O000000O2O1O5K00BaPN;_o1E`PN302do1N]PN1co16]PNF`o1=00O101OO10001O_PNC_o1`0O00JcPNI^o16bPNJ^o1<00000O01001N102N1O00000000000000001N101OZPNKbo1:O10O3L10001OIKdPN4\o1LdPN4[o1MgPN1Yo1OjPNMWo12=O00\PNOYo10hPN0Xo10hPN0do10jo33RPL3N1O1N2O00000002M2IYPN3ko100O01O1N2O0O1000001O0O10000MG^PN:bo120001O00000000000000000000001O1O00001O001O0000001N101O00000000^OjPN:^o1010O01O1O01O000100O001O001O1O1N3M2NXO2f02N001O1000O0100000O1000001O0O2NVeVh2
20160327133714Th_1,ZYQf13mo11O01O1OO1O1O2O0O100O1O100O1N2O1O1O100M3O1O0100O1O0M3O0O21O00100M20100O0010N2O01OO10O20O1N2O001O010O0001O1O1N100010O00001O00O2O1O0O1001O1O001N2O010O00010O01O0O2O000O2O1N101N2O1O001O00000O020O10O1O001O001OM4O0O2O1O1O001HSO]QNl0bn1XO[QNh0fn19O100O10O001O00O101ON2010O01O01N2O010O1O2N1N1O20O100O100O10000O2O3M1N10000O010M21N2O2M1O2O01O0100O100O10O2N2O1O001O0O1N2O2N1O1O2N100O1O1O010O0001O0001O00000001001N101O1O0O1O1O1O1N101O01O00O1N3O1O3M2N1O1N2O001Noj\l1
20160327133714Th_2,`[mW24ko12O2O0N1OJ[PN3eo1M\PN1eo142OMK\PN3do15O1000001O0O100O2O0O001O010OO2O001O001O001O13L010O010O1O0010O10O01000OO1010O001N102N1dLAWWN>ih1BXWN=gh1DYWN=fh1C[WN=dh1C\WN?ch1@^WN`0Ql1O2M2O100O10`LGXWN:^h12_WNO^h14aWNL^h14cWNM[h15dWNK\h16cWNJ\h17dWNI\h18dWNG[h1;eWNE[h1;dWNE]h1:bWNH^h16dWNI]h16cWNK]h13cWNN^h10dWN0\h1NeWN3Zh1MfWN3[h1LfWN4Zh1KfWN6Zh1JeWN7[h1IeWN7\h1HdWN8\h1IcWN6^h1KbWN3`h1M`WN1ah1O`WNOdh1O\WN0eh10ZWNOhh10XWN0hh11WWNNjh12VWNMlh13RWNMoh13PWNMRi13mVNLTi14lVNJXi14hVNKZi15eVNI^i17U301O000010O100O1O01O001O010O02jRNFbj1;\UNFej1;YUNFgj1;XUNDij1>`TNAcN012ll1?[TNBROOdl1`0TTNDZOJdl1c0jSNGml1;oRNFSm1<]RNYOEb0Pn18RRN0Pn1o02M2N3M3N1O3N4K5oN_QN6^o1Hjg^_1
20160327133714Th_3,oZS\21oo10O0]o50cPJ0O011N11N110O00O2O01OiPNOan11g000010SPj01loUONleba1
20160327133714Th_4,R^iP13lo12O0O2O0O2O0O2O000O101N10O01001O1N10O010O0010000O01000O010000O10000O1000O1O001O10000O01000O001N2O001000O01000O10000O100O101O0O101N1O101N2KXPNOmo10O0an=0_QB2O0O1O101N100O1N1O2O1L4M3A_O_QNb0_n1@_QNa0`n1@`QN`0_n1AaQN?^n1C`QN>`n1C_QN=an1C`QN<`n1E_QN<`n1D`QN;`n1EaQN;_n1DbQN<^n1CbQN>^n1AcQN?]n1A\QNJ0g0en1]O[QNMOg0hn1ZOXQN1Nf0kn1XOWQNm0nn11O02N01O000O1000000O1001N2O1O1O1O2O0O100000O0001O01O00001O1O1O1OO1000000000001O1O1N2N2N2O0O100O101O0000000000000000O1000000000000000O10OO01100000000O1000O1000N2000000001O0000O1000O01000O0010O001O1O100O2O0O0100O10000O02O0O1O1O1O100O10000O2O0O`dh`2
20160327133714Th_5,Qmfh04ho18L2N2O1N2N4L3M1OYOmPNM0d0[o1O2N3M2N1N2O1O1O000O0100O010001O0O01O0100O1O1001O2RQNOkm1ORRN2Qn1OkQN0Yn10dQNN`n14e010N1M\P2OgoM0011NkP[T3
20160327133734Ch_1,\Yie12mo12VPNOco161O1O10O010O100O1O1N2O10O10O0100001L3O10O0000001OM30L5O001O010OO2O0010O01O010O00000000N1110O1000M20010O01O01O00010O01O001N2O1N1O11O00001O001O001O010O010O00O1O1010O01N100O1O101O10O0000O2N20O00100O010OO1000001N1O11O0010GYOXQNg0hn19O001O01O000010N1O200O10N1010N110O10O01O1O0M4O100O0100O10001O0000001N2O2M1O1O1ON3O00010M300O1000000O1O010001O001O1N1O1O2O0O1O00100O00100O1O1O10O0100O1O1O00001O00100O010O1O2N1O2N001O1O0100OO2O00001O00O11O001O2O1N2N2N2N2N10ljXl1
20160327133734Ch_2,c[UX24jo1200O1O1O1O0010001N100O2M2O01O1O2N010O001O1O001O0100O2O0O01O0010O0000001SLIPXN8lg1LRXN5mg1LSXN5lg1KTXN5lg1HWXN9hg1C\XN=ck110O010OfLCRWN>kh1EUWN;ih1GWWN9ih1FXWN9ih1EYWN;Vl1O10O100O1\LBfWN=Wh1MdWN3Yh1OgWN1Xh1NiWN2Wh1OhWN1Xh10hWNOWh13iWNLWh15hWNLWh15gWNLYh15gWNKXh15hWNKYh14gWNLYh14gWNMYh11gWN0Yh10hWN0Yh1OfWN2Zh1MfWN3[h1MdWN4\h1KcWN6^h1IbWN8^h1GcWN9^h1FbWN9_h1HaWN6ah1J_WN5ah1M`WNObh11_WNMbh13^WNKfh13YWNMhh12WWNNjh12SWN1nh1OPWN1Qi10mVN0Ui1OmVNOSi11kVNEQM8Vl12hVN1[i1NeVNO^i10bVNO_i12bVNK_i15V310O00010O0101O0O0001O0O10mRNI]j18aUNI_j18^UNKaj17\UNN`j16PUN@_N8dl19iTN@gN3cl1>`TNAoNObl1a0ZTNCUOKcl1c0PTNGel1;WSNFkl1>nRNDRm1=ZRNZO68cm1?URN1mm1n04M3M3M3N101N4bN_QN;28kn1@_QN6mfh_1
20160327133734Ch_3,R[][21no90mo50aoE0TQJ0mn10S10lN0b00no11QPNOhPN0cn10^QN0bn10g000100jo11UPNO_P`0Oao_O000L3leja1
20160327133734Ch_4,ilhh08fo13O10002N001N6I6KYORQN?kn1@XQNa0en1_O]QN`0To1M3M3M2N2O001O00O010O1001O0000O0100O1000O100120M1100N01O1N[QeT3
20160327133734Ch_5,o[mU13lo110000O1J5M4O1O10O1000000O10000001O0O1O1O101N1N2O1O100O1O100O1000001N2O0000O2O1O1OO101O0O1O1001UOoPNO1a0Qo1_OTQN`0Vo10001O01O3M1O2N0O101O0000000010O5J2O0O2O0O1O10000000001N1O11N102N0O10000000000001N1N101O01O10O1000O1000O100000000O1000000000000O100O11N10000O1OO2O1O100N200O100001O0O1000O1LYPNNio11300O101O]dXa2
20160327133734Ch_6,S^oP12jo14O10000O1O100O1000O100000O1N110O10O10O1O010O01000000O101O000O10O1NG]PN9co120O0O20O1IFcPN209\o17ODePNK07[o1NiPN1Wo10hPNOYo12ePNO[o1:10002N00O00100I@nPN?So1AmPN?Zo1AaPN=ao1O2O0O2O0O2O0O2Ndn=OeQ@Mdo14\PNLdo14[PNMeo14ZPNLeo15[PNKeo15210J[PN2do1M]PN3bo1N^PN3`o1N`PN1^o11cPNMho11@OQQN0on10RQN0nn1OSQN1]n13^QNL42]n13^QNL51\n15]QNK70[n16]QNK8O[n18ZQNJ:O[n18[QNI:O[n18[QNI:O[n18[QNI:O[n18[QNI;MZn1;[QNH;MZn1;[QNG<NZn1:ZQNG=OYn16WQNK20?OXn15XQNL10`0NYn13WQNON1c0NXn12VQN2d0LVn19kQNGWn16jQNJVn16jQNIXn15iQNKZn11gQNOYn11gQNOXn11iQN0Un11kQNOTn12lQNOSn11nQNNRn11PRNNPn12PRNNPn12PRNNPn12oQNOQn12nQNNRn13mQNMTn13kQNMUn1OSQN0i01Wn1OjQN0Vn10jQN1Tn1OmQN1Qo1001ZOO[QN2fn1MYQN5en1K[QN5en1K[QN5fn1KYQN5gn1KZQN5en1K^QN2bn1N_QN2`n1NbQN0^n10bQN0Wo10VO0j00000000QP20PPN4dPNLgn10d0010O000`PN0Po10`0000QP40]PJ0To10kPN0Vo10kPN0bo10ao10^P40QPJ0QP40ooK0^PN0So10mPN0To10kPN0Uo10=010^PN0To10lPN0So11mPNOSo10nPN0Ro10nPN0Ro10mPN1So1OmPN1So1OmPN0To10>000]PN0Vo10=0O1^PNOUo11kPNOUo11kPNOUo11<1^PNNUo13<0^PNMWo13:010O10O1O10001O1OYPN0^o1090XPN0`o10`PN0_o11aPNO_o1171[PNN\o11:00000VPNOeo12ZPNOeo11[PNNfo12YPNOgo11YPNOgo12XPNMjo140O101O1N_dn`2
20160405014154Uh_1,o_Sj01oo11O2M2O001BJPQN6Po1LnPN5Qo1NlPN2Wo1MgPN3Yo1NgPN1So1KjPN72NRo18nPNGRo1;lPNFTo1c0O010OWOnPNf0Qo1[OoPNe0ln1\OYQNc0gn1]O\QN?an1@XQN07?an1I]QN7cn1J[QN6fn1KXQN6hn1a00O101O1O3L2O0000O0100O2O0O100O2O0O2O1O1OE@VQN`0in1BWQN<in1FVQN:in1GWQN9in1GWQN8jn1ITQN8ln1HTQN8ln1ITQN6ln1JTQN6mn1JRQN5on1KQQN5mn1MTQN0mn10TQNOkn13VQNKin17XQNGhn1:YQNCin1=<010O1O0001O1O001O00KEgPN;Xo1GfPN9[o16000O10000O01GARQN>in1JWQN3gn1OZQNOfn12[QNMbn15`QNJ]n19cQNF]n1:dQNF\n1:dQNF[n1:fQNE[n1:eQNG[n18fQNHYn19fQNG[n18fQNHYn18hQNGXn1:hQNEWn1<jQNCWn1=iQNBXn1=iQNAXn1?d01O001O02OO1L4N3O0000O001O00001O0O10010000O100O01N11O1O1O101N1O10O000O200O1000O3NO100N2O1O1O1N2O1O2N2N2N2O001O001N2O001N100000O0100O2O0O10O01O2N]cRk2
20160405014154Uh_2,ol`P11no12N1MMXPN5fo14O10O01O01O00001O001O100O0000000000001O0000O10000000O1000O1001O0000001O00O10000010O001O1N1000O2M3O1O1O01O1O1O4LjRgk2
20160405014154Uh_3,cchi15jo14L3O1N4M0O11OO1N103NO6K0N2O010002M2O1OO102N4L10O006I2N2N200O1N3N0O28HO1N4L8H2N12N3L[QNUOWn1l0dQNXO_n1I^QNU1hn1N3N3M2N4K4N1N1O21N00N103OOOO2O2O0fPN^ON0Qo1o0O2M1O00O1O4M3L2M2N2N4L4BbPN2go1OgW_Q2
20160405014154Uh_4,`onZ33lo12O2N1N101N1O2]PNE^o1`0N1O3N0O2M2NWOmPNj0Ro1200O2NO1N3UOSQNb0Wo1N100O10000O2NHDnPN;So1GjPN7Yo1JfPN4]o1LbPN4_o1510000O10O11N1000JFfPN9Po1GmPN132M6To1HlPN012O6To1JkPN502Uo1>100000O1N3OO10001O00000O1O001O2N1M3O2N10000O1O002O0H8N2O2O^Q[`0
20160405014154Uh_5,b\PY13lo12N2O1O101N9H0O2kPNEKJ`n1Z1O000000000O10O01000O001N2lN_QNh0bn1WO_QNh0dn1UO]QNi0fn1VO[QNNKh0Vo1NI[OVQNe0kn1[OTQNe0To1O1O2O1O1O0000K_OjPNb0Vo1^OiPNc0Wo1]OhPNe0Po1_ORQNd0jn1^OTQNe0jn1YOVQNk0fn1TO\QNo0an1:N2O0010O2N12OOO17I1N3M1O0O2N1N2N3O1O00001N3N3M2N1O0O2O00002OO010O2O0O10000000001O00O001O1O010O01O1O00O2O1O00001O1O2N3Lmo55PQHHUn1:hQNJWn15gQNN@Kcn17fQN1FMcn12fQN2HLan13eQN1KL`n13eQN1KL`n14cQN1ML_n14bQN1MM`n14_QN`0an1a0N1O101O1OWOeQN8Rn1nNmQNb06>Pn1_ORRN`0Pn1]OQRNc0Qn1[OoQNd0Tn1YOmQNg0Vn1WOiQNh0Yn1WOgQNh03VOim10TRN0La07_Ojm1OSRNO0a03Acn1=]QNCdn1=\QNAgn1>`0O1M2M3MT`[^2
20160405014154Uh_6,Z_Uk03mo10O01O2OD0hPN0Wo11jPNOUo11kPN3Ro1La000010O1M02OmP\10SocN101MNVPN2mo1O1Ogo10VPN21ORoU2OlPjM32Nea`o2
20160405014154Uh_7,PXcb14jo12O10O1001O1OO22ZPNK[o1=0001O0O1O2O00000000O10O01O10000O102M2O0O1O1O01O10N110O1003M0J51O1KdPNF[o1:gPNDYo1=4G`PN3`o1N`PN2`o1N`PNObo13^PNKco15]PNJ3O[o1<dPND\o1<dPND[o1>cPNC]o1?1O12N10O0000O00O2N2O1O2O0O3N1O1O1N1O10O1001O000O1000010N]hXX2
20160505025554Uh_1,elRX31oo11N2O00013L103[PNF\o1?01O1002N3N10N00001NO`PNC_o1?0010O011N2O00000N2O10O01O00O200O1O1O00010O001O012M10100O0O100O0001O000001O001O1O00001O01O100O1O010O10O00001O001O0000O100000001O01O1O001O1O0O2O1NiQUb0
20160505025554Uh_2,ndb^25jo12N2N100000O10O10O100O10O010O0010O1O100O01O010O001O0010O010O010O10O10O010O101N10O1O01000O10O10O10O100O01000000000001O1O1O001O001O1O0O2O100O1O10AdPN9bo103L2O00O010N1000001O001O1N10001OO110O1O1N101O0001O01O00010O01XQNIem18ZRNIfm17WRNKim16URNKkm17RRNHQn18mQNISn18kQNIVn17bQNO`n13WQN3jn1a02M4M1N2L6H>C_ZoY1
20160505025554Uh_3,YaTU12jo1OXPN4eo15O2N2N0O2O1O4K100O100000O10001O1N100O3N1O001N10000O101O00001O02O0O10O10O0001O010O001O000000000100O001O01O00010O000O]PNGao16bPNK]o13ePNM\o11ePN0[o1OfPN0Zo1OgPN1Yo1O;100WP`0Ono]O1go15O101N20N000O10O2N3M1000001O01O010O2N1O1L[PNKeo17\PNIbo17]PNJbo1;00O0010O1O010O1O1NjPNJdn16XQNNin11VQN1in1OVQN2kn1LUQN6jn1JSQNJK=Ro1ISQNJK=Ro1HTQN:ln1FTQN;kn1CVQN>in1BXQN>hn1BXQN?gn1@ZQN`0fn1_O[QNa0Qo1100M3N2000O2O0O0GhPNLXo18hPNDYo1:iPNEWo1;hPNFXo1b0O0000001N100000001O0000O100ONYOmPNg0Po1YOPQN0Of00ZOPo11RQNf0NYOon12SQNe0NYOon13RQNd0OYOon1m0QQNSOon1o0001O0O1001O01O0O10001O00000O100O1]OkPN;Uo1DmPN;So1EnPN9So1FPQNNO0Ro12c00O10000001O0Og]Y_2
20160505025554Uh_4,cohc02no11N2O000O1O1O2L4O00001O2M1O2ePN^OVo1h0N1N2OO2O1ZOlPN;_o1N2N101O000001O0O10O01N2O1O100000100O01O1O1O3M1N100O01O00010O00100O10000000O10O0001O001O00O1010OO100O100N20OO20O00001O1N3N3Lmo1OVPN10O100OaQeV3
20160513133714Th_1,_Rm:e0Ro1c0PQNQOUn1d1E:L5K4N3M1O1O11O5^McRNU2gm1NN2L36L2N2L6K000O2N3MfQN]NYn1c13M4L4L3N2N12NN2N2O2N1N1O2M3M4M2M2O200O1N1M3N2O1N1OhjPb3
20160513133714Th_2,g]_m23lo16J2N3M1O1O3M2N2N2M200O2O1N2O0M210N2UQNoNgn1V1M3NO_QNfN_n1]11011O0O010O1OdNgQNQ1fn1N3J410M1O4M3ZOePNa0^o1O1CbPN7^o1HbPN8^o1GcPN9^o1GaPN9`o131O001O00000100O002ON1001O1O2N10O010O2N2N1N2O0O2M3KbaXn0
20160513133714Th_3,oibS34S1Ncm13[RN0Zm1:dRNIZm1<ZRN_OB5LIUn1e0[RN_OB6Rn1=YRNMgm15VRNLjm15SRNMnm14oQNMQn1Q100000O0fNlQNf0Xn1YOiQN?`n1WOcQNNNj0kn1VOSQNj0on1WOQQNf0Qo1XOPQN607Xo1EjPN9Uo1IkPN7Vo1GlPN7Vo1HjPN7Wo1IhPN8ao1N01O01O001NfUaj0
20160513133714Th_4,S``l22mo11N3N1O100O2N1O1O1O1O1O101O001N2N2N2N2N101O010O0100O10002N0N3OO01O2M3O001N1O100O010O00000010O10000O4L2O1O1O02NN14M1M4M3HX_eo0
20160513133714Th_5,TcRP152Mdo19N1]PNE00^o1`0O3K]OjPNc0To16N2N2O1O1N101N2O1N2O02OOVOYQN;hn1[ObQNd0nn102M2N100O1001OO0010000O101N2OO10O00000102NO00001O0O2O0O1O2O000001OO10n[_l2
20160513133714Th_6,T`jn01no12O1O1N2N2O1O1O1O1O1O010O10O1O01O010N20O0100O010gRNAPk1>oTNDPk1=Z200O0010O0100O2O1N02N1lQNDfN2cm1;fSNDfN18Oml1<UTNDfN2N8Wm12oSNDjN02`0Vm1LnSNJjN9[m1MjSNJkN69Bjl1=RTN6[O]Ocl1=RTN3]OALOSl1>cTN1@BJOSl1?bTNNCD[l1?RTNLCF[l1?QTNIFGFORl1b0cTNFFIWl1b0RTNDIJUl1c0QTNAol1b0oQN\O619Ocm1i0oQN]Ofn1o00O100O01000002M10O001N4M1N3M2N2O1O1N2O0O2O1N2O1N100000000O101O0MaPNE_o1;aPNE_o1=100O2O1O1O000O101OO2O000O101O00001O0010O0O100003M1O010O0010O01O01O1O10O010O00100O001O100O2N10O01O1O0100O100O3N0O1O0100O010O10O0010O10O1000O0100O10O010O010O01O1O00100O10O100000O2O]PNF^o1?000100N10O00dPN@Xo1e0O1O2N1O1mPNUOPo1n02N0O1O13L10001O2OO2N0001O01O001O00O10O01O01O001O0O100O1VOnPNe0So1[OmPNe0Xo1N1O1O100O2O0O100000001O1O0O2O1O0O1O2N2Ni[Ub2
20160513133714Th_7,Ui``01no12LOWPN0io14O4L012N002N2N2N10O0101O0dPN]OZo1e0O102M1000O1O001O001N1O100O100O010O1N110O1N1100O001OO2M20100M2010O010O0102N2N1OmVo[3
20160513133714Th_8,j_Vl22mo12YPNN^o13`PNO_o1:O1OKaPNGao18`PNH`o166O1O01^PNMWo12kPNMUo12lPNORo11oPNOQo10PQN0Po1OQQN1on1NRQN2^o101O010O1O10QP40PP20ooK0PPN00000N1hQN3gk1LYSN0o08\l1HcSN;[l1EdSN=Zl1GcSN:]l1EbSN=^l1BbSN?mk1_OSSN2o0`0ok1^OQSN2o0a0Ql1]OPSN1P1a0Ql1^OnRN1Q1a0Ql1^OoRN0Q1a0Ql1_OmRN0V1=mk1CmRN1U1<nk1CmRN1U1<nk1CmRN2U1:ok1DlRN2T1:_l1FeRNO2=Zm1F_RNO7:ml1CjRN6MO<8`m1GQRN2?7bm1GmQN2a07dm1GhQN4b06Qm1BPSN>OOSm1CnRN=N1Vm1CjRN;02lm1ORRN2om1MQRN3^m1A_RN=33\m1D^RN:43_m1EURN=91bm1;]RNFcm1:]RNEem19_RNDbm1;]RNDkm16TRNJQn11kQN@H`0]n10jQN@I`0]n1OkQNAH`0_n1LjQN8Yn1CiQN=Xn1@jQN`0on1MJ^OmPNa0Zo1O010O000001O00O11JAiPN?Wo16OO100001OO1N2O1O10000011O0O2N1O10002NO11O00O1N3OfPN[OXo1g01O000LgPN@Yo1c00100000O2O001N1N20O000O3N1O00100O10O0001O1O00000101N6I6K00a\aj0
20160602010754Uh_1,]^gn15fo11[PNNco1801N2O1O4L00001O01O010O1O2OO1O2O0O2O02M00010O1O2N1O00001O1O100O00010O0001O01O000O1010O1N10000O1000000001O0O2O000O10000O1000000O1O10001O001N001OTadl1
20160602010754Uh_2,kdXS16io12M2O2O1N5L5J101O0000O1O10001N1O1O2O01O01O000002N01O01O100O0001O1M2N2O100O1O1O1N3M2M4NS[oi2
20160602010754Uh_3,kQg<2jo1:H2O1O1O001O1O01O000N21O00O0100000O2O000010O01O1N101O1O0100O01O01000000001O10O01O001O2M2O0OlnZ`3
20160602010754Uh_4,`djj12mo12O001O000NLXPN5fo1LZPN4do1L]PN5ao17N101N11O100O001O2O2M0100N2O2N3M00O101O0000O1000O001O1O1O10O100O2N101O1O10O001DdPN3]o1JePN5do1O101N10O100O0001O1MS[]Q2
20160602010754Uh_5,W_Pj02mo12N10000000O0100000001N2O0O2O0O101O0O2O000000000O2O0000000O3N000000000001O010O0IePNI\o15ePNK\o14ePNL[o12fPNN[o10fPN0eo1001O0N2N2O1000000O10001N2O1O001O01O01O0dPNAXo1?fPNBZo1>fPNBZo1>fPNB[o1a000001O0O10000O10000O1000O1000O10000001O010O01O1O10O001O00010O000000000000000000000001N^QNF`m1:_RNGam18_RNJam15^RNLbm13^RNNbm12]RN0cm1N]RN3cm1L]RN6dm1E_RN<an12O001N10001O1O010O1O2N1O000[OYOQRNg0mm1]OQRNc0nm1^OQRNb0om1@PRN`0om1AQRN?om1BPRN>Pn1BoQN?Pn1BPRN>Pn1APRNa0om1_OQRNa0om1^ORRNb0nm1^ORRNc0mm1\OTRNd0lm1\OSRNe0mm1[ORRNf0nm1ZORRNg0mm1XOSRN<CIZn1KSRN:GHXn1MQRN9JIUn1NQRN8LGVn10nQN9MEVn11nQN9bn1E_QN;So1O2O0H]PN3do1K^PN4To1NQQNOM2on13QQNM1Onn15oPNM3Non14mPNO4Mon11lPNM154Mon1OoPNOM55MPo1NnPN82Kon1MoPN73L6NXn1O`QN54M30an10^QN010dn1N[QN111dn10YQNO31dn11XQNN41dn11XQNO4Odn12XQNO4Nfn12VQN0Xo10hPN1Vo1NlPN2mn1MmPN181kn1NmPN182Po1MQQN3^o10010O01FLfPN5Yo1KgPN6`o11O2L3O101O0001O3M1O3M1O000000001O0000O2XOJdQN6\n1KcQN5]n1KcQN6\n1KbQN6^n1JaQN8^n1HZQNa0en1_O[QNa0H]Ojn12]QNi0_n1WOaQNj0^n1UOcQNk0^n1TObQNl0in11O0010O01N1001O000O3N10010OO1O1O1O1O001N2O0`QNoNDO22Sn1Q1URNROGMTn1R1SRNWOmm1j0kQNmN2:Rn1o0lQNROTn1ElQNd1Tn1[NmQNe1Tn1ZNlQNf1Vn1fNlQNj0Tn1UOmQNk0Sn1UOmQNk0Sn1TOnQNl0Rn1TOnQNl0Rn1SOPRNl0Pn1TOPRNl0Pn1SOQRNm0Pn1ROoQNo0Qn1QOoQNo0Qn1QOoQNo0Qn1POPRNP1Qn1oNoQNQ1Qn1oNoQNQ1Rn1nNPRNo0Sn1oNmQNQ1Tn1nNlQNQ1bn1O00O11O101N2N2L3N3N100000001O0O1O2N1N3M4J^^Sd2
20160602010754Uh_6,VfTV12ko14^PN4kn1OTQN4hn1NXQN4dn1N\QN6_n1i0L^OfQNAYn1;lQNGnm19WRNAlm16S1J6O2O2N\Zoh2
20160713133714Th_1,YYSW39co18_PNAUo1g0NOL60N3M1N4K4N102N10O0010OO2O100O1O2O1NL40N201O10O01OL4O2O0101O1N1000O11N2O1N2LM6O1N2H9N3NXile0
20160713133714Th_2,ofhV13lo14M000O111N000O100000001O001O1O1O0O100001O00000000000100O1O10O01O1000O04M001OO1OhPN^ORo1c0kPN@f0Mfm1h0URN_Okm1>TRNElm1:PRNLom1HfQN0:<lm1CkQN18?lm1_OjQN56DLi0Sn1\OlQN8<:nm1FRRN;nm1CTRN>BXOTn18]RNk0GnNVm13aRNNe0o0\OPO13[m12]SNX1dl1fN^SNZ1al1cNbSN^1`m102L_QNdNcn1X1]QNhNfn1X12M3N2M3N2M2O100O2OOO2O1O2N1N2O1O1O1O1O003LRVUd2
20160713133714Th_3,WRmg14ho1401N1O100O00O200O0O2O100O02O2N2M3N1O0O2O00O01001N100001N1010O0010001O3M01O1O00O100O10O01O10fRN1bj1OZUNa0Zj1_OcUNf0[j1[O`UNj0_j1YO[UNP1_j1QO]UNS1bj1nN[UNU1cj1lN[UNW1cj1jN[UNY1dj1iNXUN[1gj1hNQTNWOo0l0ROTO4o0ik1?[TN\O45ak1`1aTNbN_k1Z1hTNcNYk1Y1kTNeNVk1X1oTNeNRk1X1SUNeNnj1X1UUNgNnj1S1XUNjNjj1Q1\UNlNfj1`0kSNYOe15bj1;SVNDni19TVNHmi13UVNOli1HdSNJa2`0kl10O00O2O2L4L4LmP26mnM2YOK`QN4NLVn1OdQNa0MH^n1U11OM7I5J4L4N1L2O2O000O013MO2N1O3WN]RNo0hm1eNdRNW1bn1@9G5KffbQ2
20160713133714Th_4,WfhW24jo14eQNJil17TSNJml18]11O0O1002NO201O0dQNGkNLPn1`0oRNIRm18jRNLUm16[RN]OC13a0Qn12mQN?2nNlm1i17M5J3L7G>E4L6D<K[Xef1
20160713133714Th_5,VRah11no10io10_PL0ao30XPN0oo30\S^15kl]NL60_Pj0OUoUO001O00O10^l32aSL2ZPNNYo1=100O001N2N5H[lVS2
20160713133714Th_6,emho01>4DMVo17nPN0ln19RQN@31\n1d1C6J8H5L6^RNaMXm1e2J8H7K5LhNgSNROTl19eSNeNT1h0Vk1<[UN@dj1=bUNDXj1:oUNDoi1:VVNFgi18]VNHai17bVNI\i15iVNLSi11RWN1jh1H_WN8_h1BhWN?Vh1^OoWN`0Ph1ATXN<jg1GVXN8jg1AeTNOc3l0[g1TOnXNP1Pk1N109E4L3M1OjoPn2
20160713133714Th_7,ahjh12mo1;F1N2O1N2N1O2N2O1N2JVOSQNm0jn17N00100O1O1N20nN^QNIOg0bn1_OgQNJD13<cn1HoQN8om1HSRN7mm1GVRN9in1000O001O5LO2CdPN2fo1O10O01O000000010O000000000000010O000001O0000001O0000001O001N2O2N1O001OO10000O100O101O0O2O0O10000O0000100001N100O1O10O0N201O1O1O10000000O10O010000O1000O01000O1O01000O1O00100O100OfVeo1
20160713133714Th_8,]hTi11no10eo10[PN3SQNMhm15XRNKgm16YQNLco14500010O0000O20O0100N2O12NMgQ6O\nI000[PP20eoQN0lUmR2
20160713133714Th_9,_hdU22no11O101O2M1O1O000000000O10O0100O12N00O2cMFRUN:mj1GSUN9kj1IVUN6jj1KUUN5jj1LWUN3ij10VUNNjj12WUNMij13UUNNlj12UUNMkj14TUNLlj14UUNJlj17TUNGnj19\21dRNEQk16jRNJT23Qk10oRNMm14Uk1OSUNOdMNZm13QUNOeMN]m11nTN2Sk1NlTN2Uk1MeTN1lM5do140L_PNJ^o17cPNI[o18:JWPNNco10fPN0Xo1000bPN3Yo1NQP40dYmf1
20160820233134Lh_1,ecnj02jo16L3N2N101OO3N3N00O10000O10000O2O3M2NO100N1O100000O11O01N2O5K3M1O2O02O1UOjPNj0Uo110O2L6K2O21M3N0O1O0011N1N1O1O2O1O01N01O1O5JdZ[Q3
20160820233134Lh_2,Pg`m23ko14ANkPN5Ro1JkPN<Ro1DnPN?Ro18M20O010O1O1O1O2O0O2N2N100O100000jPNAkn1`0SQNCln1>QQNFln1IUQNh0kn1WOTQNk0Po117G2OfPN]OYo1a0fPN@[o1?ePNA]o1=cPNC^o1`00O00010O10O1O23L000001O000O1O1O0101N000101N01O000O101M2O2N2N1KZPN0go1OYPN3fo15OF[PN8go10[PNKONZo1e0N2OM2O1N2O001N101B`PN9ao1FaPN9`o1G_PN:do10O002M101O1O1O00001O00000001N1000000001O001OO100001O1O10O1O101N0000001O001O0001O0010O1O3NOO2N2KYW_j0
20160820233134Lh_3,e^^T29eo120001N102M101O1O1O2M2N6J2N6J4N3L00O1XO\QN2en1KbQN0_n10g002K5O3Mfami1
20160820233134Lh_4,agT[11no13M2N2M4M2O1O0O2M2O2N1O3N3M2N10O1O001N01I60O1DTQNEmn1:TQNCnn1>SQNAmn1?VQN]Okn1c0:O1N100O10000N2O1O1O3M4LoP`0LVo_O000O2O1O0O2O0O2O00010O001O2N2N0O100000N30NO2N3N101O002M2OlWo_2
20160820233134Lh_5,e^nZ25jo14L2M200O101O002N3L203M00100O06XOePN>`o101O1M4Ld`gc1
20160828133734Ch_1,Ud^k11io1;I3N1O2cPN@Wo1h0M001O100O1O01O0000104K2N102N0O1O010O10O0011N01O0010O10O0O2O100O2O03MO010O010O02O1OO01O110N100O10O010O00101N20O3N0O01N1100OO100001O0010O000O10O1O0O101O1N2O1HWZYo1
20160828133734Ch_2,QaPn14jo13N1O2O0O1O1O2O0N20OO2O1M4K4O2N1O1O100O101O00000OH9O001O0010O010O100O10O010O1O010O1O1O1O1O1O1N2O1O010O1O1O001O10000O1O1000O1000000O10O01O10001O00000000O10000O10000000000000000001O000O1000O1000000O100O2O1O001O1O001N1000O11NR`oj1
20160828133734Ch_3,Zh\U22mo12N100O2O0000OH9O1O010000O100O10O0100000ON`PNF`o1:`PNF`o1:`PNF`o1:`PNF_o1>0O10O0100O1O10000O10O1000000000001O000000000000000000000000000000001O01O00001O0001O0000000000000010O0000000010O001O2N1O000002N1O0000000001O000001O0001O00000000000001O01O0100O01O1O100O00010O0000010O001O1O1O01O0O100O101O0001O001O100O000001N1N201O0O101O0O100O2O0O10dPNHPo18oPNIRo16jPNJL1Yo17iPNHN1Zo17gPNH00Yo10fPN50K11\o15bPNJ14\o11fPN0Zo10fPN1Yo1OgPN1Zo1NfPN2Zo1JcPN046Yo1IiPN8_o1100O1002O01OO01O000000O10000001O001O001O000MEaPN;_o1EbPN:^o1FbPN:^o1FbPN:^o1FbPN:_o1EaPN;bo100001O000O100O1O2O001N1000010O000010O0001O01O01O001O000001O001O010O00001O01O01O01000O010O0100O10O010O01O010O01O010O0010O01O1O01O010O0010O01000O1O100O1O010O0010O010O0010O00010O001O010O1O100O1O01O01O01O10000O2O0O100O00101O2M1O001O01O0000100O2N010O001O00001O0001O01O00001N2O0O2O1O2M101N2NWU[U1
20160828133734Ch_4,cb^S33lo13M7I2N1O100000O01O10O10O01000O01000000O100000O02O0O101N100000O01000O110O00010O1O100O1O10000O100O10000O010O1jPN^Omn1l0N0002N1O002N010O001O1O0000001O1O10O010O1O4M0O1O01O1O01O01000O2RQNWObn1j0ZQNXOgn1T1LM[QNkNfn1T140UQNmNgn1V11O1N4nNUQNi0Qo101N2O002N1O1O1O2OO3M0O110O01O2M2O0O2O0002N00O3N000O1000000O2N100O2O1O3Lh[Yd0
20160828133734Ch_5,i^YQ23io15N1L3N30O1O00N21N100O2N2O010M20000010O1O010O1O000010O10O01O000001O00001N1O1O10000O010000O11O010O000000000001O0O2O000000O1O100O10000O100O100O01O2N2O1O1O2N2Ndchi1
20160828133734Ch_6,Yb]d12lo13K6M3M7I2O1O2N3N2nPNSOkn1W1J1O3N1OO0O3M2N2N1O3M5M0O1O2M4M1O00O2O000001OO1O02N1O1M30001N1O10000N2O2O0O1O2M4MX]\X2
20160828133734Ch_7,XkVU29fo13M2O2O1NO1O1O03L5L21O2N0MePN_O\o1c01O0O2O1OO1O10N3O001OO1`RNEZk1:dTN5Pk1KoTN>ij1BVUN?`NUOik1>eUNP1Wj1QOiUNc0UNXOQl16[UN@POo0F[Onk19YUN_OSO[1ck1XOhTN]OD04W1bk1]OdTNMNa0]OkNPl1k0`TNJ5?]k1GnSNYO9b0?8\OVOhk1l1lTNlN]OYOik1j1gTNnNAXOjk1i1\TNSNFn05VOkk1i1nSNUN2R17nNmk14PTNV1MIXm1\16I4RO\RNZOgm1d0[RNlNUn1U1iQNiNXn1g0gQNYOln1`0d0A9LlRcg1
20160930165914Mh_1,UilQ32mo12O1N2G8O2M3N2O001OO2O001O0O2O000O2O00000010O00O10001O001O0001O01O10O100O000O10O101O0011OO1000O1000002M00100O010001O1N11N010O02B`PN9do1O01O100OI\PN2jo1O2MPVci0
20160930165914Mh_2,bb^m02mo13M2O1N101O1O010O1O1O001O001O100O1O100O100O2O0O1O100O10000O101O000O101O1O0000O1O1O2L3O1O010O10O10000O110O1O0O2OO20O1O2M3M3N1OO100O001O1O001O0000100O1O4M1N10O01000O1O101O1N2O001O1N10000O2N101N2N2O1N1O100O100O010O01O0010O0001O00001O001O1O1O100O2N10O0100O10O01000O101O001N10000O01O010O001O001O001N10100O00100O01000O01000O010O10O0100O010O100000O2O001O00001O1O2M2O2N2N1N2OO10O10O001O1O001O1O1O001O1O001O010O1O0010O01O001O00001O001O1O1O1N3N1O10O01O10O10000O10O10O1000001N1000O1000000000O10000O01000O1O010O100O1000000O10000O10000O010000O10O01O1O001O1O001O0O2O001N2O0O2O1N10100O100O1000O10O1000000O0100O1O010O001O0010O0001O010O00010O0001O0010O00100O00100O001O1O010O00001O010O10O010O001O000O100O2O000O1000000000010O00000000000000000O2O001O001O000O2O000000001O0O101N2O1MeVgZ2
20160930165914Mh_3,bheP23lo11O2O1O0O2O1O00001N101O000O2O0000000O101N1000001N10001O010O001O00100N2O2N1O1O1O01O01O01O01O01O1O010O0001O010O01000O4M1N01O01O00100O000010O000000001O0002N000000000000000000000000001O000000MVQNPOjn1o040001O01O0000N2000001O0000000000000000001O0000000TOnPNj0Ro1VOnPNj0Uo1O1O000O1000000O10O10O100000O010000O100O100O10O010O100O001O100O10O10O100O100O10000000000O10000000O2O000IlPNAUo1?lPN_OUo1`03AePN>\o13O001G^OTQNa0mn1@RQN`0mn1ASQN<Po1EoPN;Qo1FkPN<Vo17O100000000O100000O1000000000000000O1000O10O10O10O100000O01000000000000000000000000000O2O000000000001O000001O000000000000000000O1000O100000000000001O00000O1001O0000000000000000000001O001O001O001N101O00001O0O2O000O101O0O100000000001O00000001O000000000000000000000000001O00001O00001O0O101O0010O02N1O1N2O\WZZ1
20160930165914Mh_4,godP33mo12M2O1O1O1O01O01oPNJWn15gQN1Vn1OhQN4Wn1KiQN6Vn1LhQN5Xn1KYQNL74JHgn1a0]QNGLGhn1f0WQNEjn1j0O01O00000O2O10N2O01N0L211N2O101O1N2O00001O1O101@gPN6\o1FhPN8`o1O3N1Noo`l0
20161015144954Bh_1,Yhbm2=co10M3L3000000M^OiPNb0Vo1^OiPNd0Xo11000O2O1O010O1O010O01O0010000000000000O101O000000010O2O0000000O100000O2O1N002O]OePN`0[o1_OePNb0[o12O1001O0O0O21OO010]OdPN`0_o10000000000OO23NN101aPN@Zo1e0N01O1O1O1N2O1N2N102LUW[m0
20161015144954Bh_2,ZkV]12ho1d0XO>SQNRO\n1\1K4N2J6C<N3M3M2M3O01[OlRNSNK5\m1`1i0N2M4O1N2M3N3N1O1K5H80O01000000L30100100O100O1000000O1O1O01O010O1K5M3O1O1000000O100N201O001N10000000000001O1O3M1O1O002O1N10O1O1001N1000O1O001O1O00001MbPNC]o1<dPND\o1=cPNC]o1`01O100O10O2O000000001O0O100O100O1O101N1O01O0O2O000O10000O01O1O1O100O101O001O01000O5MN2O1N102N1O000O0100O3M4L4L5L2ZQNgN`n1b1eQN^Ni01RO4el1k1ZSNQNd0<Rl1S2`SNPNNBYl1V3fSNjL_l1S3:3TSNjLcl1Y33L4L3M101YN`SNIcl11gSNIZl13kSNJXl1DTSNCj0f0Tl1@bTN;km1B[PNM]R_X2
20161015144954Bh_3,geng01ko18J3N1O2O000010O10O001O2N1O1O10O100000010O1O1N2N1O2N1O2N10O10O01O1O02O001N10O1O100O1N2O1000000O10000000001O0010O0001O1O010O1O001O1fPN\OTo1j000O012NO000002O?A0O:F7H1PRNYNem1S2O1O0001N11O2OYNPSN<Tm1\ORSNb0Xn1O2M1O2M4L2M4IUVSR3
20161015144954Bh_4,mif=9Zo1`0J5K6VQNQO[n1R1eQNnNYn1S1gQNlNYn1[112N4M2NK4K41N3M2N3O1M3M20010O02N1N3N1O2N2N2N10O2O0O1O100000100O1O1O100NK6I62O1O1O1O2O0O200N10OO2I60100WRNTN]m1l1bRNVN^m1j1;7F4O01O1O100FXRN[Nim1m10O2L2M3N2K5M5L4M2M3OL14M3O2N3N1O10O0K6N2I7I7O1N2O1N2M3M30O0L41O1O100O1N2O0100O1O1O001N1O2O100O001O100O1O2L3N3L8G6HX[_Z3
20161019133714Th_1,lfPT22lo14M2O101N1O1O0O2O1O1O00001N2O1O1O1N2O001N2N2O001N2N10001O0O101N101O001N20O0F\QNXOen1g0XQN\Ojn1`0XQN@in1?[QN\Ogn1d0XQN\Oin1d0UQN]Oln1k01N4M2OO11N1001N1O010O1O0000O20OO101N2O1N2N2O1O1O1O10O10000O011O0000000O1000000010O000100OO000100O010O01O00010O0010O001O010ONdPN@\o1`0ePN@Zo1a0ePN@[o1b00O1102N1N1O001O011M3N5SQNQO`n1W11O2K3O:E;G9G2MhVmc1
20161019133714Th_2,Yghf13mo10LNYPN4eo16N1O1O1`RNEYk19hTNIWk19fTNIZk16QTNGSO6jl14QTNITO3jl16PTNHUO3jl17oSNHUO2jl18PTNIoN4ol15QTN=nk1DRTN<mk1FRTN;lk1FTTN:kk1GTTN:kk1HRTN:nk1FQTN:ok1HlSN;Ul1EZSNROI:0Q1ml1DVSNn0jl1ROTSNP1ll1Q10100O0O2M3N2O1O2M2O2MkNiSNeNVl1\1mSNaNRl1_1QTNiMDa0Yl1g1[TN[N`k1f1`TN[N^k1f1bTNZN^k1f1cTNZN[k1e1PTNdMg0d0Yk1h1kTNWNTk1i1mTNWNSk1i1PUNSNPk1m1TUNPNkj1P2YUNfMiN2nk1m1WTNPNZ10dN0ek1o1SVNQNWNOgk1o1TVNQNUN0fk1P2YVNPNhi1P2XVNPNhi1o1U20O1000O010AYRNcNim1]1=N2M2L5N1O2N2O001O1O1JTQNWOln1j0UQNUOkn1k0510N010000O0100000O100000O1001O0O2O00001O0O100O10O0O2O001N1N3N2M2000010N1M4O1O1M201O1O2N1O3N1MeZcQ2
20161019133714Th_3,X`oo03ko12N2O2N2N2N2N2N2O000O1O1O1O1N101N2O001O0O1M4O100O01N3L3O1O1O010M201O1L3N3N2K3010001O00O10O101O2LSanl2
20161019133714Th_4,acZ^22mo1102N2N1O0O1O100O1O10O01000O01000O01000O010000000O1000O1001O0O10O10O10000000O100000001O000O11O0001O000O100010O0O0101O0000000O100O1O100000000010O0000001O0O3N0000001N1000001O2N000001O01OO100001O0O2O1ON200000O1001O0001O00001O010O0000O1000001O001O001]PNI[o18dPNI[o1>0002OO00000000O0100O1000O01000000M300O10000O101O0O10001O000O100O101O0MXPNMio123O10001O00`\WW1
20161019133714Th_5,V`Yj12lo14N0M4O0NG]PN9bo121M2010O1O1N3N1N200O101M2N3N100O000100O001ONZOkPNg0Vo11N3O01O00NVOnPNj0To1000NVOnPNj0To10N1010MnPNXOQo1h0QQNWOon12oPNd01ZOPo12oPNc0Uo1\OlPNc0Vo1301OM2011N00O02O00100000O10O0100O1O100O1O1N2O0010O10O00010O01O10O010N101O001O1K6N1O0N4N1OZaPP2
20161020145454Bh_1,efPa25io13N1N3M3O1HBiPNc0To18M2N01O1O1O1O1O2OO00O101O2N0010O2O0NZOjPNf0So1[OnPNd0Ro1\OoPNd0Vo10N3N1000XOlPNe0So1[OmPNe0To1ZOlPNf0To1[OkPNe0Uo13M[OoPNa0Qo170O1002ON2N101O1O000100O0100O10O10O10O01O0010O10O2O0O1001N010O002O00O102O0O0001N10O100O1O10O01O100010O000001O01O0O101N2O0O1O2O0O12O0N10000000O012M4NO00001O1O2N1O00100O<C1O2N002O2N0O\VmV1
20161020145454Bh_2,S\Yb13lo12O00100O001O001OO100000000O100002O0O000001O00000O10O2O000O100000000O1O011N10O01000O00100O01000O100000O001O1OO10001O00O11O01N11O0010O000010O0010O010O01O00O2N0010000O1000O2O000O100O10000000001OO1N2O20O0J600000O2N101O1O01O1M4N1O1O2Nme^V2
20161020145454Bh_3,S^YZ2170`o19O10O03N0000O2O0O002N1001O1O0O2N001O000001N1010O0000O10O10000N1100O001N\PNHdo1812OO101N1N111O1O0N02O1OMXPN0ho10XPNOio14O01000000000O10O01000O10O01O10O101N100000O1O1O2O1O001Niah`1
20161020145454Bh_4,ifjc11no16TPNJeo1;N1O0O100O1O2OM1200000001M2O002N001O00O210N100000O1O4L10@mPN1So1NoPN0Ro1OoPN1Qo1OPQN1on1NSQN3kn1MVQN3kn1KTQN57IUn1NeQN:5Hbn18[QNFE3nn18^QNKbn1LRQN4;2fn1OZQN1dn10[QN2cn10[QN2dn1ITQNL3a0in1A^QN?Ro1O101N2M1010O0^PNDao1=2N10000O10O2N1O01000O0010O6JoVmW2
20161020145454Bh_5,lhZW36_o1b0H6K<oPNoNZn1^1N1O2j0WO3L3K5K1O2J5MSVig0
20161104133714Th_1,bbPR28fo14L3N2N2O1O0O1010O10O10O1O2N1O2O0O010O010O001O010O010O0100O2WQNAmm1`0RRNBlm1?SRNEim1;WRNFhm1;WRNFim19XRNGim18XRNGhm18XRNHjm16URNLkm14RRNOmm11SRN0mm10RRN2lm1NSRN4lm1MRRN6lm1KRRN7mm1JQRN7nm1KPRN7om1JPRN6om1NmQN4Rn1MlQN4Sn1n0O001O1O1O001O1O10O000O1OWOTN`SNk1`l1WN_SNh1cl1\NQSNIIm1Ym1d0100O001HdRNkM]m1T27O10200O1O1O001O001UNYRNZ1hm1eNZRNZ1gm1dN]RNY1cm1gN_RNW1bm1gN`RNNAW1Pn1iNiRNR1Sn100O010O01000O010L4O1011N3M10O01O01O1O1N101N21O0O01N2M5M5LN10O000001O010O100000O11O0002N0001O00O011OO100001O1O0100OO10O010O3NO001O1O1O101O01O00O1O001O1O001O1O1O0100\PNGao1;2O0O1O1O1O2MaYob1
20161104133714Th_2,eUo`13lo1101O1N110O00000O10100O01O0100O01O0001O0000O10O10001OO10O1000001ON31N1O003M011O1N11O1N1O1O01O011O003M1N0010OO1001OcPN_O[o1d000O3jPNYOM5jn1P1O02M2M2_OPQNOSo1LSQNJehlZ2
20161104133714Th_3,biTT32no12M3N1N0ZPNIbo1<00O10N01O110KEdPN;]o140O100N200O1001O06K`PNIVo16iPNLWo15fPNLZo1=001O0010O1O01O010O1O00101N002N011O0O1O010O1O1O2O0O3OO0O1O1O1O01O0KQVUh0
20161104133714Th_4,nank23lo13M3N00000O0O2M2KDePN>Yo16O2N10O01000O1O00O10010N101ON210O1O1O2M3M5L1O100O2L4O0000h^cQ1
20161104133714Th_5,a`Vf14jo13M4M2OO11O2N0000010O1O1O00001O3N1O05J1O0O020002M2O0000010011L1000001OO10001O0nPNAH2NM^n1>jQNEI7ME^n1?iQN<Un1DjQN`0]1SOPk1<aSNh0W1QOVk1e1dTN`NZk1b1\TNhNdk1]1fSNQNL1Od0^l1IbSNo00I_l1WObSN[2cl1_M^SNc2nl1YMQSNc2jl1ZMWSNl2Sm1RMkRN21\2`m1OOO1002NM3`NdRN:^m1AfRN?Zm1WOPSNn0kl1oNXSNQ1il1jN[SNW1jm1N0kN[QNk0on1M2K5L5L3N001N200O2N2N4IdZoT2
20161104133714Th_6,o\e\18go18[PNA[o1f0L1hPNYOSo1n0L101M2M1N_Oc002O2M2OO1001O2N1O00100N2O02ON3N1O1O2O1Nac^a2
20161104133714Th_7,b`\g13`0N_o10@0oPN1Po1ORQN1_o10ao5ObPL0bPL2\o1NO0co50]PJ0bPN0mn10SQN0oo1:SOF`PN42NMN]n10QRN1HOM37ME0mn11WQNOg00Pn12UQN0o0Nb00aN1nl13aUNLfM1Uo10TQN0lm1OeQN3Z1NVm1OkRN1Vm1OhRN1dn10WPN2ao17SRNNnk1MZRNN`18Yl1GVRN2^18^l1K`SN7al1G_SN:`l1F`SN;`l1DaSN<oi1@TWN1mNb0mi1]OSWN4oNa0lj1AoTN05>Qk1]OjTN74<Rk1\OoTN6K>el1B[SN>fl1BYSN?gl1@YSN>ek1]OVTN55=hk1^OPTN59=cl1D_SN=^l1_OgSNc0Wl1\OjSNe0hm12OO3O01NOWNZOYTNf0gk1ZO\TNc0cm1L^XoT2
20161104133714Th_8,T_]X22no11O0O0VPNNO0eo1:MF^PN;bo1101O001O01O10O00000001O00001O000000O10010N020N2O10O0O10O10O10000O010O10000O10O11N10O10O0100N2O001O1O100O010O100001O0O20O01O000010O0001O001N2G]PN3ho1KXPN2lo1N32L0f``b1
20161111133734Ch_1,PmVS19fo11^PNJXo19gPNIVo1a0N3M2LVORQNj0nn130011O[OVQN2kn1OQQNH0N04on16RQNINM40ln19c00HFePN222OM[o1<32fPNARo1a0kPNBTo1e00O00K23GmPNGSo18oPNGPo19RQNCPo1=8101M20000O1O10LiPN@Xo1?4010N2O01N1M400O00010OO2O1N2O10O0001000M300O10O2O1OO010N10010O01O01000O10HePNJ[o15gPNKYo14iPNKWo14jPNKWo1590100O10O1O1O1001O0000000000010O000010O000001O000O01001O00000000O1O1OOZPNJeo171101O001O0O1O2N101M2J512M1001YOlPN`0^o1K101O1O2O3L1O10O10O1O0O2O1NVUmc2
20161111133734Ch_2,^dRg0112]o10ePN:Zo1600O101N2O0O2N2M3O3M001O001O1O10O000IVQNWOkn1h07O1M3O0L5O101N001O011O1O001O00000001O0O100000O10O100002O0O0010OF_PN5ao1JaPN1M0c[aU3
20161111133734Ch_3,^ffj23ko12O1O001N2O11O001O01O0100O0100O1O0101O010N10N3cPNGon1;oPNFQo1:mPNFVo14oPNKI27O\n1OhQNOFa0Po1_OlPN224O4Zo19101O1O0O4M2N01OO10001N2O00YPNHem12WTN7hk1JYTN4hk1K[TN2fk1MV\[R1
20161111133734Ch_4,TlfS11oo11O001N1LNZPN3do151MZPNJfo144N2O10K1YPNOfo151J5010O0O10OO2HOaPN0bo11\PNOa0O_n16aQNJ`n14aQNL`n12aQNN`n11\QN0@OUo11ZQNO@3Uo1N[QNOB1To10ZQNOB1So1OaQN0_n10]QN0hn10VQN1Yo14AKSQN3on1MPQN3^o101OBNoPN1ao1O@0RQN0ln10VQN0\o30PPN100\OOYQN1gn1OVQN4jn1LVQN3kn1MTQN4ln1LTQN3^o1O1N^O0UQN1]o1O^O0b00PP20PPN0ZP82loENbo11\PNO20ao10`PN0N0ao10bPN0L1io12IMaPN0L2io1OXPNOco1030^PN0ao10`PN0_o10bPN0go1000G0bPN1]o1OcPN1]o1OcPN1]o1OcPN1fo1O10ho10XPN0YPN0go10H080no30UPJ0jo11UPNOko11UPNO50_o11cPNO]o11cPNO]o10]PN040_o10]PN040`o12`PNN`o12`PNN`o12`PNN_o12bPNN^o1140XPN16N[o14fPNL\o11ePNO[o11fPNOYo11gPNOYo11:1O0INaPN2_o10_PN0bo170N2JoPNO_n11cQNO[n10fQN0Zn10fQN1Yn10PQN1`0Oan19b0G`PN0ho110001N4M0]PNI]o167O0100[PNJ_o15`PNLao14^PNLfo11XPN0ho141O00O2O1O0O2O0010O00000000O1OJaPNL_o1570O02O1O00O10N1O10O1O200O03Moni3NSQVL1O1O001O00001O00001N101O002O0O0001O001O01O0000O0010001O001N1O2MQVS\2
20161116222134Lh_1,QeY]13mo11O1N2O2ZPNJ^o1=02M1O1N2O101N1001OO1O1O1OJlPNASo1?mPNCQo1g0O1O10O00100O1000100OO01000O1O1O001O001N101NTOZQN`0fn1_O]QN`0an1@`QNa0_n1^ObQNb0]n1_OcQNb0[n1^OgQNKEd0cn1AhQNKFc0bn1AiQNd0Wn1[OiQNf0Wn1XOjQNj0en100ZOnPN>So1@nPNa0Qo1^OPQNb0Po1_OoPNb0Qo1]OoPNc0Qo1\OPQNe0on1ZORQNf0nn1ZORQNf0So12O0JXOSQNi0mn16O0000001OPOTQNl0mn1SOSQNm0mn1SOSQNm0mn1TORQNl0nn1300010O000000001O01O1N2O3N0O0100010O00O001O1O01O3M00000000001N2O0000000001O1O001O1N10XQNnNcn1Q1]QNPObn1P1]QNQOcn1V1000000O101N100O1010O10OjNcQNi0\n1VOhQNi0Vn1WOlQNk0Qn1TOSRNk0km1TOWRNj0jm1UOXRNj0hm1UOZRNj0fm1VO[RNh0fm1WO\RNh0em1VO^RNh0^n1O100O00105J00004L1O1O2N3L3MTXRY2
20161116222134Lh_2,\YUh15jo12I6O1O1O00100O100O10O001M3O0001N010O20O0100O0000001O001O0010O01O010OO2N1O1O100000001O0001O01O001O001N10O100000000O2O01N1O3M3M[hjS2
20161116222134Lh_3,W^]Y12jo14N2O1O101O1N100001O1O03L1O2G8O010OK6O2O0000O010001O00000O10O1NMdPNF\o19fPNEZo1;6O010O10O01O1O01O00O1100_PNF\o1:bPNH^o1=000000O1000O01O10000O100O1O1O1O0O1010O001O2O0O1O2N100O10000O1O101N10000O10000000O1O00001O10O0100001O0000O1N2O1O1O10000O0100O1N2O100O1O100O0001OO20O001O1O10O01O00100O001O01O100O010O1JaPNJ_o175001N100000O2O10OO1OO2M2O2O1O001000O10001O1O0O2O0O100O01O1001O0000000O01O10O100001O01O00O100000O2O0001O2M2O0001O00001OIEdPN`0\o12000O1N3N101N10NE_PN;ao1E_PN:co110O1O001O1O10000O101O0O2O000O_RNNWk10hTN3am12N101O01O002MianW2
20161116222134Lh_4,b^[S13mo12N1O2M2O3M1O1O0010O01O01O1O3M100O01O10O01O010O00100O0100O10O01O01O01O1O00010N10101N10O001O001O01O1N2O1Nf`Zi2
20161116222134Lh_5,d]_Z11cP21gn1OePN000TPX10kogN1O01O10YoU10gPnN010YPT10foYO0PP^O000\O0XQN0[o110Ono10RPN0Soc10mP`N0PPL0100000kc\]2
20161116222134Lh_6,\^]R11no1101O001O0LM\PN2do1N\PN2do1O[PN2do1N\PN3co1N[PN4co1502O1N01KaPNH`o16bPNI^o16cPNJ_o137O^PNOXo10<000000001O00001O1O3`PNIUo14?M[PNOYo11hPNOXo10<1\PNOWo11jPNOUo11kPNOUo12kPNNUo11kPN0Uo1OlPN0Uo10kPN0To10lPN1To1OlPN1So10lPN1To1OlPN1So1OmPN2Ro1OmPN2So1MnPN2Ro1NnPN2Ro1OmPN2So1NlPN2GL[o12nPN5Ro1JoPN5Qo1LmPN5To1JlPN6Uo1JkPN5Vo1LhPN4Zo1KfPN4[o1KePN5[o1KfPN3[o1MePN3[o1MfPN2do1OHOcPN1^o1O`PN1bo1O]PN0eo10YPN0ho13Ro_22hP`ML^PN5ao1L^PN5^o1LbPNMO7]o1JhPN7Xo1HjPN6Wo1JjPN5Vo1KkPN5Uo1KlPN4To1LmPN3Ro1MoPN2Ro1NnPN2Ro1NnPN2E1Wo1NSQN1E2Yo1MQQN7on1ITQN3ln1MUQN2fn1NmPN1?O]o1O0010N0M0TP60QPJ0^o10nP80UoE0mPN2_o1O110O00DOkPN0bo1000010O10M0VPN1ko12NOVPNOio1OYPN1ko1O1000000000O10O1000000000000000XO0_QN0Xo110O00000010O00000PP20QPN0oo10PPN0co10kPL0bo50QPL00000D0WP:050ioe00^PD0mbl]2
20161219133734Ch_1,Ygnb03ko16K3M3M2O13L100O10O010O01O001000O00001O1O1O0000010O0N4M3N1O100O103M6I>C1dQNcNSn1m1MLO001PRNTNim1U2L3N1N4L2N1008bM`RNj1lm1UNRRNd1Vn14J3N2N4M0O1104KO3M5URNkMgm1V2O0O210NZN^RNl0`m1ROdRNm0\m1POiRNm0Xm1QOkRNn0Wm1mNmRNR1Yn1H3M3M2N1N10O1O10O2N1O101N30N1N01L301O0101N7I0010<D00WOYQN9O]Oan1:aQN>^n1BbQN>_n1AbQN?]n1AbQNJMd0\n1LgQN4Wn1LgQN]O2304Vn1a0VRN_Ojm1a0URN@km18iQNC78Qn12jQNG0:[n1IgQNLM<dn1_OaQN2N>Xo100O1O1000GBnPN`0Po1APQN`0on1_OQQNa0Xo10O0O11O2N2O0O0100O1O1O001O00010O010O1O1O100O1O1O01O9H0000O1N11O1O4M1OO100O10O00000001O00001O010O001O0001O1O1O0001OO1O2N1N4KQQmQ3
20161219133734Ch_2,SnVi02PP2O00\PZ10doeN0PP20\O0WQN0iN0W10iN0c00ePN0\o1000YO0f000000O2O4LO1O1O010O10001O1OUQ\1OkncN0O0L0YPN0iPoQ3
20161219133734Ch_3,^eoh11no11O2O001M3N3M1OO1010010O\PNFbo1=O01O0M^PNHco17_PNHao1931N000O2O1O0002OO1O001M3L3014K1O01NDdPN6[o1JgPN5Yo1KgPN6Yo1JfPN6\o160EcPN4\o19O1O100M\OhPNf0Wo13M2O1O01O101N01O2ON103M3L2O10O0103L1O1O1N2L3O3N2NiY`R2
20161219133734Ch_4,Qeoh11;0Uo13aPNN50LO[o17iPNIZo19ePNG[o19ePNG[o1=2OiPNDln1;UQNFjn19UQNIkn12YQNOgn10ZQN0en10]QN0bn1O_QNM^O3Ro1OdQN1Uo1001LLZPN4fo1NYPN0_o1NjPN4Wo1LjPN2Vo1NjPN2Vo1NjPN2FNko140O0000CMnPN2ao1O00@ORQN0ln11VQNO]o10\o13kP2MVP20XoI1g0OE00000TP40L0]o;0cP@0SP41moKO00O100XPNO_o11`PN0`o12^PNMdo14ZPNLfo11ZPN2fo1M\PN1eo1O52O0010O0010O10Omog22QPXM1DLhPN7Wo1JePN:Zo150101O1gPN_OOMPo1k0oPNUOQo1n00O10O0100XOQQN=on1ATQN>Xo1O0NAD^QN<bn1D^QN;DCln12`QN7GHin11`QN6GIjn11`QN4GJjn12_QN3\o1NiY`m1
20161231223534Lh_1,Qd\S32ko14O100O7J1N2O0O10000001O0O2O01N3N001N10O1O2N1O3M2N0001M2O1001O00010O0010O01O01000O1002N000O01O01N2O010O00001OO1001O00000O1010O001O010OM_OgPNb0Wo1_OiPNa0Xo1^OhPNb0[o11O0O100001O001O100O2O0O2N1O100O1O010O00010OO10000O2O01E^PN7eo11O1O1O100lPNDGOen1<cQNGE0hn19aQNO_n12`QNO_n16[QNLen15XQNOO@an1N_QN\1`n1eN`QNU12kN^n1k0aQND^n1JgQN0L6_n1CkQN5E:Qo1EoPN<Po1EoPN<Qo1BPQN>Po1BPQN>on1ATQN?kn1AUQN?kn1^OXQNc0gn1\OZQNd0Ro100OO101N1010YOkPNb0To1]OnPNb0Yo10I^OnPNb0Ro1^OnPNb0Qo1@mPNa0So170O001O00100O00001O001O000000000001O000010O2O1N1O001O001N101O0000000O101O00000000010O0010O010O1O100O1O010OIbPNL]o13hPNJXo14;NiXe`0
20161231223534Lh_2,j_]a22no10O2O000O100O2GKcPN7]o1511N1OGcPN1]o1OdPN0[o11ePNO[o11ePN0Zo10fPN0[o1:00002N2O00000O2OO2O000O010O0001O0O1N20000001O00001O0000O10010O0000000O1O1000O2N101O00000000C_PN8fo100O10000O2N1O2NT`RZ1
20161231223534Lh_3,QdnS31PP20O101lP>NToA000^oc21dPZM1jo132NZPNN^o16\PNJeo14\PNLdo15[PNKfo172M3LW[og0
20170129133714Th_1,cTi^22lo1:G2M4O1N2OOO101O00O10O3M10001MOmPNYORo1h0nPNYOmm1NUSNl0ll1UOQSNm0gl1\OSSNh0nl1XOPSNj0ol1YOlRNC^OT1fm1A`RNe0`m1^OZRNe0fm1j0O01O2I7HQRNZNRn1e17K4M3M2K6M3L3O2O2N2K4BjPNIN2]o13gPNLelb^1
20170129133714Th_2,akhW32mo1001N2O2O0000000O1O011N1O1O001O1O1O00102L2O101N1O3M2O10O002N10O01N2O1000O02CfPNO_o1LdPN2fo1O4MWTce0
20170313145450Bh_1,eanc26io15J3O1O1N2O1N3N01O01000001O002N01O03M0000010O3M1O02N13ON1N2OO1N012NO1025J00N5L1O1N5L11NO2OO100O1O010000001O1N13L21O00O1N23M0N2kPNYOnn1n000fTNTOZLNoj1Q1ZXN\OfLDoj1W1cUNnNb1<mh1i0VUNVOh16Pi1a1lVNaNSi1a1dVNiNZi1W1dVNlNZi1W1\VNQOei1m0XUNhM3S2fj13WUNjMOX2kj1jMWUNg10g0jj1^MXUNk1Mh0Sk1T2kTNYKPk14TUN[4Zk1M7\N_TN^Nfk1iN_TNi1<\Ogk13hTNJlNPOYl1g0YUN>hj1mNeSN9g1j0Sk1jNPUNQ1Ym1E6JaVaV1
20170313145450Bh_2,lmPn145O\o1a0bPN]O83]n1V1M2O2N1O2O;E0000005J3N1O2M3O05J1N3N2N1N3N2N00O100O001O100O1O01000004K2O1N3N2M101N1000_QNfN[n1d1L000hQN\NSn1i10O1TORRNHjm17YRNJem13^RNNam10`RN1CYO<Oll1>iRND=Q1FSOPm17bSNh0ZOUOSm11eSNX1Zl1hNgSNX1Yl1gNiSN9UO8Sm1\OkSNMQO62a0Rm1XOQTNLoN2N01k0Qm1VOeTNi0[k1WOfTNh0[k1WOjTNe0Uk1[OlTNd0Uk1ZOmTNe0Xm1O1O100O1O100O1O2O000O100O100O100O10O001O00100O101N01O0000000O010000001O00001O0001O0O11O01O01O01O001O01O000000001O01^PNC_o1=21O1O000001O001O001O001N10O2N10DaPN7^o1JcPN5]o1KcPN5]o1KcPN5co10O103M2O0OO101O1100IDgPN>Wo1EgPN;Yo160O1O1KdPNE^o1860000001O1O103MMaPNC`o1;4O0O100000N2N2O01O1O1O1O100000M3M300O101N1O2O0O10000O010O1O00M30100O010O1O0010000O100O002N1M4K5MfmZd1
20170313145450Bh_3,mmlm13io16XPNM^o1NePN1O0Wo1MZQN1]O013hn1L`RNOYm10iRN0Vm10lRN0Rm10oRN0Pm10RSN1ll1O_SN0Tn1000VP20loM0O011O0OO00lM0VTN0lk11RTNOQl10mSN0Qn110O100000PP20PPN1O0TNOhSN0Xl10iSN0Vl10jSN0Vl11jSNOVl11jSNOVl11Q20dQNOYn30]nM0USN0]n11RPN1jo14N2O2NH]PN3lo1L00RPN1jo1OXPNOmo13L3RNJUSN3D0Zn1NQQN0f01Xn1NTQN0e05Ro1LXPN41NNMVm10TUN5lMLZo10jPN0fl1OjUN1Sm10cM0jSN0A0_l1OhRN0l00\O2a0N\l13RTNOhN1k0MUl10QSN3U1MkN7i0IVl10QSN3`1OXONWl11PSN2d11Tl1MXRN2h1Nnk12XRN1l1Ljk1:WTNFhk19ZTNGek19\TNGdk16TU6JXmM0ooM000PPN0O0QP2000PPN1O2N01OO2N0000O1O0O22N0000O1O1OTPf00alRj1
20170313145450Bh_4,Qnlm13no1NYPN0Uo10aP40RPL000QP20QPN0PP20ooM0_P`02bo_OOVP8OhoG000O11O00000010O104XP4K_PT10[oll1
20170313145450Bh_5,lYQe21lo14N5L001O000O1N2000O2MO21E]PN8do12000OO200N11000O100000M201O101OO10O2N010O1000O1O010O010O1O1O0100O010M3ON3O1O1O0100O010O101N2M3O001NnfnV1
20170313145450Bh_6,g`fn13no11_ONgPNO26Wo12ePN0Vo1JiPNb0Vo15O000ON3M3N1O002OOODB[QN=gn1CYQN=gn1C[QN:cn1I\QN7en1JZQN5fn1MWQN5in1MUQN1mn1OnPNG27on16nPND35nn1>PQNBon1h0O10N2N20O01N3M3M1L5N2O0M5I[PNNc`mn1
20170326133730Ch_1,]d\]23ko12L4N1dNHYRN8K2lm1GVRN;I0an1i0M2O3^QNiNO4om19QRNP1gm1nN\RNS1am1nNgRNk0Xm1SOoRNi0ol1SOZSNk0dl1TO_SNKSOO4`0Xm1ElSNHSOb0Po11cPNBUo1e0O9NJ2ON01O4XOoPN:\o12N1OO10O02N3N1N021O0OO10000O011O2NO1O001O0O2O0002N01O10000OO1010O03NO1O10O02NO1O1N2N2L4O0101O100N2O1O2DcYk]1
20170326133730Ch_2,ejXg12mo11O10O0001O00010O10O01O010O1O10O010O10O1000O00100O00100O01N2O001O01O00000O01000000O100000O1O01O10O2O0O2N3NdV[U2
20170326133730Ch_3,RVeg14jo12_PNLTo17ePNOZo1;001O1O1O2N10O01O00O100100000001O000000001O01O1O1O000O2N2O1N1O00MhPN@Xo1>kPNATo1`0lPN@To1`0604K2O00O10M]PNIco164O00O3N3\PND_o1>0101N4L5L00O3M4L100000000O2O3M1O1O1O00001O1O0001O000000O100001O01OO100001OOO10001O1O1O1O2NTjZR2
20170326133730Ch_4,cc\R22ko15M1O1000001O10O1000O000000000001O0001O001N100O002N002O1NEhPN0Wo10kPNOUo1NPQNOPo11V]ak1
20170326133730Ch_5,RhVe18go11gPNJhn15VQN3en1J\QN;`n1CaQNc0Zn1]OcQNl0Wn1UOgQNm0Xn1TOgQN>OEYn1e0mQNYOQn1f0e0G`0HSXQZ2
20170326133730Ch_6,eZVa23mo12M3N1_PNJWo16hPNNUo11jPN1Uo10lPNNSo14lPNLTo15kPNKUo16iPNLWo1a0OO00O1O103kPNTOnn1P1O100O001O1O001OUOZQNIO<gn1J\QNHN>gn1AXQN34MO4M2ln1LaQN1DNM1nn10bQN0GOgn12bQNMH2dn11PRNNPn12PRNOom10RRN0on11O01O0Ocnk11\QTN1O1N2O010000O1OWPNLho14XPNLho14XPNLio13XPNMgo13YPNM<0ln18RQNHnn1:;000O4cPNDPo1f0O1O1O0M3100TOoPNh0Ro1XOoPNf0Ro1ZOnPN:OOSo1GmPN93OQo10RQNJKOTo15YQNKgn14d0KkecX1
20170328014950Uh_1,c_b]24jo14M2N2O1O00001O0O101M2O2O2M3N1O2M4M3L2O01O0000000O2O1O1N2O1O2OO1001O01O01N101N3M10N2O10104L0O000O100O1O010O2OO2O7H2O00O10O101N2OO1O10002N1N1OXOkPNe0Xo12O0002OO1O001O000OO01lPNXOPo1k011O10WOUQN?hn1_OYQNa0hn1]OZQNc0Ro10O001O10O20O1N10000O1O12M2O002N011N09H4MO2MO1000O100010O02N01OO200N1O1O1N101N200O0100001O0O1000O001O1001O00O10000O1O1O02O0O3N1N1O2M2N101Ml[aX1
20170328014950Uh_2,fSW_23lo1100O2N1O101N1100O1O1O01O010O1O1O000000000O2O2M2O0O2O01O1O001N11N1N2O1O0100O1O1L3O2O1000O10000O10O0100O0100O01O1O100O1000O100N200000O001N20O000001O01O1O2N1O101O00001N2N2N2O0OklX[1
20170329014850Uh_1,T^Tg25ho16M2N001O01001O000O3M:F2N101N101N2N11lNUQNQ1nn10O3L6K1O1004K000O104K6J100O6J010O01O001O001001O1OO2O1O1O0100O00010O100OO2N2O1O01O2NO101O03M1O1O00001O1O00O1O1N2N10000100O1O010O100000000O01O1O1010O1O000000101N010O000000001OO1O1N2O2O01O4L00O1O1001YOkPNa0\o1N01O2N<C3L3N2M3O0O1001O1O2O1N16J011NO000iN^QNn0cn1PO_QNo0jn1N10O1O00001000O3N1O1O1WOPQN`0Yo1O0001O00001O1O100O110O1O1O0000N100O1O2N1O2@ePN8]o1GcPN8_o1GaPN8do1O2O0O100ON11N4Nj[Ym0
20170329014850Uh_2,nS_k23mo12OO01N100L5O00O10000O101O0001O00002N001O0010O0000000000000000O101O000000001O100N10000O10000O10000O011N10O01O0O20O001O010O0NO31O1000O0001N2OCBZQN=fn1EXQN;hn1FWQN9kn1CPQNO5=ln1CQQNO2>on1BUQN=Wo10M2100O101O1O10O01N2O10O01001N100001O2N1O1O0M4N2OnlTn0
20170330133710Th_1,mblm12no1000000O42J3N0O101O0000001O00001O0000001O10O0O1010O1O001O0001O0000O3N0000010O0001O001O0010O01O0001O00001O0000100ePNJjn17SQNLmn1d0O2O1O2N01O002OONRQNROmn1Q1N21N9G2M2N3K4IaPNIco1OV\[m1
20170330133710Th_2,j`VU34io14N2N2M3N102M2O1O0O2O1O1N2O0O2000JmPN^ORo1d0oPNZOon1l00O10O5M0O01O0N24L10OO3OKWQNQOjn1n0VQNQOmn1n020101N2000O1O1O000000O00PQNROon1o01O1O0001O010000O1000O010O10000O01000OO3N1N2O101O0001O0O1O010O010O01O1O2OO1000100O000000O11O1O1O1O00002QQNTOen1[1J1O001N11N11N010_QNdN]n1OgQNX1an11O00N[QNiNdn1Z10O2O1O2hNYQNQ1ln103L101O1N2O1O002N1N2O1O001N2N2O11O01M2N2N1O1NmZSb0
20170330133710Th_3,S`Zc13mo10O1QQNNPn13kQN2Tn10hQN3Wn1OfQN2Zn15]QNMcn1f02O1N2N2N1000O1KTOTQNo0in16O1100N1O1J6HQQN[ORo1a0lPN@Zo15iPNK_o14701O1N[`kZ2
20170414151450Bh_1,jb]V23ko13K8J2O2N2O3M000106I1O10O100O00010O100O0010O010O00000001O001O000001OO1001O01O000001N10000001N101O001O001O001O0O2O0O1O2N1N2O2OO20O10000O11O0O1O1001OUORQNd0Wo1ON1O1O1O20O0O2O4J202N0O3L5M0O1N4Ki[jc1
20170414151450Bh_2,hcgX11no110002N1O1O000O2O10O01O00001O00O1000O2O001O001O100O01O01O01O1O001O0000100O0010O100O1O010O00010O010O10O01O00O2O0000O101O00001O001O001O1O001O01N10bPNA\o1>dPNC[o1>dPNC[o1=fPNB[o1=ePNC[o1a010O010O2OO1O001O12OOO010O01O001O01O01ObPN@\o1b000001O01O0001O01O@ePN;bo1N0010O00001O00000000001O000O100000001O00001O01O0001O0000000000001O01O10O000010O01O00001O1ePN^OVo1f000jPNYOSo1g0mPNZOPo1h0oPNZOPo1k01O2O2M10O01MjPNZOWo1e0iPN[OWo1e020hPN[OVo1e0iPN[OWo1e0iPN[OWo13iPN=0AVo11lPN=NBVo10mPN>MBVo10nPN>LAVo11nPN>LAVo11nPN>So1ClPN>To1CkPN=Vo1BjPN?N_OWo10jPNd0Yo11O0001OONgPN_OYo1d0O1O100O1000000000O10001O00001O00001O000000001O001O001O010N2O1O0010O01O000O101O000000000000000O1000000O10000O2O000O10001N101N10XZjW2
20170414151450Bh_3,jidg11no14K101N2O1O1N3O0O00000O1O2O1N1M3N2O1N30O10O010O01N10001N2K5O100L4O1O1N20O1O0002N2N\WgU2
20170414151450Bh_4,lRSa12mo16K0O3N1O100O4M1O1OO1O1O102M1O001O100O1O010O01O00O1000010N100Kjll\2
20170516134450Bh_1,Zbdo15jo13M4M1O1N1O2N101O100O000000010O100SSNBWj1>hUNBXj1?cUND^j1=_UNEaj1<\UNFdj1;ZUNFfj1:ZUNFij18UUNHoj16PUNJQk15nTNLQk16mTNKTk14iTN0Vk11fTN2]k1LaTN5ak1LZTN7gk1GYTN:ik1DUTN?jk1CQTN`0Pl1_OoSNc0Rl1AgSN`0[l1AdSN=]l1F^SN;YOlNZm1i0[SNXO^Ok0NTOZm1a0fRNBe0O[Oi0cm1@[SNEQO?1Mdm1K^SN7oNLQo1?<ZOR[am1
20170516134450Bh_2,]d^R35io1104M0O10001N2JDdPN>Yo1AgPNc0Vo1NkPNDRo1=RQN_Oln1c0VQN\Ojn1d08O2N2O2O0O100O1001OO2N10001O0000O101O0O11O000O2N1O3L3O1N2OQ\kj0
20170626133730Ch_1,fTWh1151ao19J6J211010N1O2N0100O1J6O1@]OfQNa0Yn1CdQN=Un1^OeQN64<Sn10iQN4Vn1NiQN3Un10jQNOUn1o0OQOoQNORn12nQNLSn16lQNJSn18oQNDem1B\RNh03Cam1i0cRNSO`l1MgSNP1KPO[l1GWSNa0=j01kN\l1U2i0M2hM]RNS2im1NHQNcRNl1am1SN`RNj1gn1UNWQNg0To1N2N2N2N1N1N10O02O1O1JPnjT2
20170902231930Lh_1,aPQg13io1=D4YOBhQNa0Un1CgQN?Xn1DdQN;^n1a01O010O3N101O002M2K5M3N10QO^O_RNc0bm1_O\RNa0em1_OYRNa0gm1AWRN?im1CTRN?lm1ARRNa0nm1^OQRNd0om1]OmQNf0Sn1[OiQNg0Yn1YOhQNe0Yn1?2O000K3001FiNmQNW1Tn173O00O2N2O1N2O00O002O1001O00010O0100^NQRNR1Pn1mNRRN7GF1b0Wn1^OSRN:K6cn1G_QN9cn1BaQN;So100O1O4L[RQU2
20170902231930Lh_2,abkY11mo12O1@2nPNNPo14PQNMon13PQNOnn1OjPNL77kn14UQNKjn17RQNMln1d000O2O000OO12M3L3O2O1N1M3M3N2O0001QOgQN6[n1FiQN9Yn1DiQN;^n1]OeQNa0\n1]OfQNb0[n1\OgQNd0Yn1ZOhQNi0gn10N102M1O2O0O1010N2O100O00003M3M2N3M2O00O2O0000O0000O1O2N010O2O0O200O105K1O000N1103L1O0O101O0O100HkPNFTo18oPNGQo17RQNHnn17SQNIln17UQNIjn17XQNHhn18WQNIhn18XQNHhn17XQNJin16UQNKkn15TQNLmn13SQNLon14PQNJSo16lPNGYo18fPNH_o13W]R`2
20170902231930Lh_3,SfXU13ho16N2N2L4N2L4N2M2O1O1O1O1O1N1000N201AQQNKRo13RQNJon11VQNNin11YQNOfn11\QNNbn13`QNKbn13`QNLan11`[Si2
20170926225530Lh_1,jldg04ho16M2M3OO01N10c0]O3L3N1N10100O1N1000O00O202N7H2O2M2N2M4Lf0[O6JmNVSNUOgl1j0]SNWO`l1g0dSNXOYl15hSNnN3m0Sl13eTNSOiN<cl1;XUN]Oij1e0\UNWOcj1j0X21N2N2M3N20OO1N211OK410O010M110100OF:01OO0201M200O10NJ6110000O2N1J7K6N01N0TWgS3
20170926225530Lh_2,oV]g01co90^PF0ko1300001O000000010O00O1010O000001O010O01O01O000000001O000000010O000100O01O00000000O110O00000000000000WPNMfo11[PNOeo11[PNNho104000SihT3
20171018223630Lh_1,[ff_13jo16K7J2M3M3M3N101O1O001000000012M1O1O1O3M10OO100000O100100OO010O000100O1O1001N10100000O2N1O2N2N0010O001N10000O1O100O0000010O10000O101O0O010O101O00000001O0100O001O01O00001O1O1O1O2N0000O1O100O001O0010O01000001O1O0O0100001N1O100O1O01O00001O001N1O2O1N101N1001O100O100O010O1O001O000001O01O00001O01IiPNDVo1<kPNCUo1>lPN@Uo1`0kPN@To1b0jPN_OUo1c0jPN\OWo1f00002O001N2O001O2N001N100002O1O2SOoPNf0Vo10O101M2O02O0O02N3M3M1O1O2O1N2N6I2N1O2O11N00O0100O2M7jN`QN=en1_O^QN>3^Oan1b0_QNC\n1>dQNCZn1?dQNC]n1Y1I12M1N0O1O0O2O1VO]QN3fn1I[QN3MCgn1;ZQN30Ben1o0ZQNROgn1T11N2N0010O01O2N6K0O1OnPNZOkn1e0UQN\Okn1d0VQNZOln1e09O1O00jPN_Oln1k0O01O1O1O2M2O1O2N2M3M5IjQWQ2
20171018223630Lh_2,meV`11oo10000010000000031MlP`10To_N010bPN0hn10WQN1in10UQNOmn12QQNNPo11PQNOQo11oPNOQo10oPN0Qo10aP40O0\PP10UPB0aoYO0N000PP80nP:0Ro]O000RP20noM000PP20ooM0VPV20lQH3]QkR2
20171018223630Lh_3,`hnk22eo17]PNH_o1`0M2M02M300O001O0100O0O2O00OcPNA]o1`002N101O0O2O002O0lPNYOPo1n0oQNROkl1l0SSNWOnl1g0RRNWOj04Rm1Q1eRNROZm1S1`RNnN`m18[RN22Hcm1LcRN>HGgm1IbRN>HI_n15aQNL^n14bQNL_n12cQNO7Bcm1<YRNc0km1XOWRNHBm0Ro1O1N3N0O1O4L3M0O3M3O1O2IkUmP1
20171018223630Lh_4,dXgb12fo18M3N2N101O0O101O10O001000O0100O10O01N1010O00010O101N2O1OOO100L4N2M4FWO\QNl0_n1<O0O2L5B]N\RNd1am1`N^RN`1am1aN^RNo0KZOem1G`RNo0JmNO:hm1I^RNU10mNTm1LQSN0JU15nNol1NSSN[11fNkl11RSNY1bm1iNYRNZ1gm1SOURNe0km1VOURNB0W1km1WOURNj0om1b0OTNRRNj1nm141O1L4OJYNTRN^1Un161O0N3O1DdQNmNcn1Q18N1O100O10O010ON201N2L4O0O2M2O1J42O2O0O010O2N11O010O10O010O01N11O0001O00001O1O100M4KkkbV2
20171021223430Lh_1,Q^il04ko12N4M1N100O001O1O010O10EaPN5`o1J`PN6bo1H]PN9co13O1N10001N1O1O1000N2O1O2N100000000O2N100O0001O010O1O001OO1O1001N1000000010O100O0100O1O010O01O1O1O100O1O1O0000001OO110O01O010O00010O02O0O0000O1O2O1O1OYcbm2
20171021223430Lh_2,Pdf_25co19N2O1O1O1O001O1O0000001N101O001N2O1O0O2O1O00000001O1O100O101O2O0000O0001O00100:D2N1O10O000010000O11O000001O0O2N100O24L0N0101N1O2N1N2O1O07J1N10O2O0010O1O10O1O10004L1N1O01O0O2O0000001O03M1N1YOmPN`0Yo10100007KM1N0O2O1011O11OO2M1O1O000000^OnPN5To1ImPN6^o11O0ePNGon18SQNMhn12ZQNOen10\QN1cn1N_QN1an1N_QN3cn1J\QN8Uo12O2N1O1O0O100N3O002N4M01N1N1N3M3O001N3N1OdPNDUo1;kPNFUo18lPNIUo15kPNLUo13kPNMUo12kPN0Uo1NjPN5Vo1JhPN=To1CjPN`0Uo17O00000O001OO100O1O0010O01O1000000101N001O010O00000001O0O100O1001O0O5L00O2O1O10O101N101N101O002N1OO2N1O001O02M2N2O01O100O1O1O100O1O1O3N1N100O10000100O00O1010O2N0000000001OO2O2M3N4K2O02N2OO2O0O1O110OlNZQNm0ln11O0N2K40QOXQNf0hn1XO\QNg0Po1N00N2O3N1002POUQNf0To100O0O00000000001N3I7M3MXTmn0
20171021223430Lh_3,kda`11no12XPNO_o12^PN4]o1NaPN3\o1;N1K5O100O1O1O20O00@TOhQN0Gn0_n1TOhQNP1Xn1nNaQNO6U1Wn1POfQNS1Xn1nNgQNS1Xn1;O100OQOhQN9Wn1ElQN:Un1DlQN<Un1BmQN=Tn1[OVRNb0dn1010O1LUOQQNk0nn1VORQNk0Qo10002N3M2M1010O03NL^OhPNc0Wo1^OhPNb0Xo14O1O001OZOmPNb0Wo11N20O01O1N2N2N100O100001O3N1N6J1O0000000O2N1O2K6L5L]ZjZ2
20171021223430Lh_4,\]lS21no12N2O3L2O1N4M2M3N1N2N2N100O2M2N2N3M5M1N4L:F1O100O10O1YOlQNBSn1=PRNAPn1>URN^Olm1?ZRN]Ohm1`0\RN]Oem1a0^RN]Ocm1b0`RN[Oam1d0n00000O100N3O0O2O0001O1O1N1O2O1M200O10O10O00100000000000M3M3L4L4OO11O101O1N2O000O10O11O00000001O0O2O0O2O000O100O2N1O1K5000M30O010O1000O1N2N2O1O1000001N101N101O3M1OL400O2O0O1000000000K]PNMco1351WPNKeo1800001JZPN0mo1NO2O0011NNOVPN0io16M2O1N101N1O2N101N2N1O100001N1O1O1N2O1O1O1O1O0001N2O2N1000O1O2N1O2O1N2O0O2NncSa1
20171021223430Lh_5,VVQ\11oo11N=D0010N2O1O1012[PNC`o1?000O1O0O1N2O1O1000000O1O010O00O2O10001OO01000O10001M20O01N10O2O0002LniTa2
20171021223430Lh_6,gcka11oo50QPL0hQ80XnI0ooM000Zo91ePFO10SPN0b00cn10aQN0]n11i001O00UPN2co160O1NZPNKeo15[PNKeo15ZPNLfo161O1O2O0O2O0010023Lj00TO001OO]o30dPL0cZP[2
20171021223430Lh_7,jcX_21ko17L10O2O0000YPN0^o10aPNK40Yo11PQNOon10SQNOmn11TQNOkn11VQNOjn10WQN0hn10XQN0]o10PP40ooK0RP60ooI00000O2O0PONQRN1om1OQRN2nm1NRRN2nm1NRRN2nn1O10001O0101O5LO1N20TOLiQN3Xn1MhQN2Yn1OfQN0\n1OdQN0^n10lQN4jn100N100OiNO_RN1hn100OkN0W10ZQ62dnIO10O0002OO1Po1OSQ20noK0aQf01an]OOooK1OORP20noM010O10O01O002OO0000O01O001001`XSZ1
20171021223430Lh_8,RiPi23jo144ONO1O0001O0O01OO10O000N[oQ1OiPnN0eo10[PN1:OB4M2O200106J000O2OPP20nPL0Ro10PO0P10O100O1O2ONUQ2NhM6QQNN2O1000001O1O1O000000[P>0QP60do]O0gQb05Vn[O0O0O1OO000O2NRTSP1
20171021223430Lh_9,QPgc14jo12O1O1O1O1N2O1HEgPN?Xo1500000O103M3M000O101N10000O10000O1O001N3N[P]Z2
20171027150050Bh_1,[V[W24ho1NYPN5do17L1000O12N30NO0010O1O100O1O010O0000100O10O2OO10O10O0100001O000000O2O00O10001O1O0000O1O101N100O1010O1O1O1OO1O1O101N20O2M100O01000O10100N2OO01O1O001O02N1N1001O01O100001O0000O0100O1O10O1001O001O0O0100O11N100O11O1OO01000O01O00011O0O2O1O0O10O0O2N2O101IZPNO^fj`1
20171027150050Bh_2,baXn15jo13N1O1O5K10O01O0010O1OO11O000001OO101O001O010O01000O11O0O3ON01O002O0O100000OO2O3M01N1015J4M1OOPQNSOmn1n0300O10O000101O01M3N2N122K1OO0CZQNBen1?ZQNCdn1n0O101N5LO2N1N1VO`QN41\OXn1`0fQN20GVn1OPRN2NGM:Vn1DTRN7OHI>cn1EmQN<Sn1AmQNb0hn11O00O5L001O1O01O6_PNA`0MSn1g0iQN_OWn1?hQNCWn1=iQNCWn1>_QNZO5=Xn1;iQNJSn16jQNJYn1o01N11bQN`NXn1c103N0001O1O2N0^NfQN^1[n1bNdQN`1_n14M2L00N2O1N2N2N2N2M4M3N1N2POTQNf0Uo1DjPNJZo13=KhZSj1
20171027150050Bh_3,ofen1=ao13N1E@UQNb0To11N10O01\O\OlQNb0Sn1BkQN?Un1H[QNE7b0_n1K_QN6bn1L[QN4gn1?WQNnNin1Q1300N3O100N2M<\OcPN1VYPP2
20171027150050Bh_4,TWge11oo10O2O00000O2N100O100N2O10000O1O100O10O01O1O10O001O010O010O0100O1O100O100O1O1O100O100O010O010O1O0010O10O0001O00001N110O1O1O001O0010O1O000001O001O10O10O10O01O0001O00000010N100010O100O101N100O100O100O1000O1O00100O1JcPNI]o1OdPNN1OO3\o1OjPNOI2^o1MjPN6`o10000JXPN4go1MZPN0OOgo11]PNOco11]PNOco11]PN0bo10^PN0ao11^PN0bo1O^PN2bo1N^PN2bo1N^PN1co1O\PN2co160000O10O1O1O001O01O010O10000O10000O1000000O10O100O1000000O01000O10O1O1O001O1O10O10O1O010000O100O100O010O1000000O101O000O100000000O1000000O1000000000000KXPN2lo1O001OcQ22ZnM3M2N1^NH]SN7cl1J\SN6dl1J\SN5el1LZSN4fl1MkQNM]15hl10d100000003M1Nij`l1
20171029171010Mh_1,hanb24ko12M9H:F3N2N10N101N01N2O01O2M2MkPNZOWo1c05NO200ePN^OWo1f00000K5N2O[OQQN8Ro1HQQN5Po1JQQN5on1LPQN5NCnn18TQN9kn1>11N01O0O2N3N1N2N2M1010O2O000001O1N101O01M3M3O000010O001O001N101O000O02O010O3hPNXOSo1l0N100O2N1O10O010O100O01O00001O100O010O0001O001O1N2O0IPQN^O1Kkn1h0UQN\OONkn1R10O1N4M1O1O1N2N1010O0O100010O011O000001O0101JnPNHen15YQNNgn12XQN0gn1h0M000QRNgNUm1^1dRNeN\m1\1bRNeN]m1\1bRNeN^m1Z1aRNjN\m1W1cRNjN]m1U1dRNkN]m1S1cRNmN]m1S1bRNoN^m1o0cRNRO]m1m0bRNTO^m1l0aRNVO_m1k0_RNVO`m1l0]RNUOdm1m0YRNTOjm1`110OO105lNPRNMQn11oQNOQn12mQN0Rn1n01O2M3N3L3O0O2O00001O001O0L_QNiNbn1V1^QNjNbn1V1_QNiNbn1V16OO3N0010O9G1N2VOoPNa0Zo1M2N2N2N2O0O2N1002O1OO001O3LkZ_Q1
20171029171010Mh_2,TWg`21no11O100O100O10O10O10000O10O10O10O0100O1O10O10O10O00GJhPN5[o1L_PNO08`o15101N10000O10000O1000O001O1O010O1O10O01O10O01O10O01O1O100OLdPNE]o19ePNE\o1<3010O000000O1O1000O100010O0000O2OOO21O1O2N1O100O1O100O2O0O2N1OcjbY1
20171029171010Mh_3,SlVZ21no110001O000000001O000001O01O00000000000000001O010O00001O1O1O00110O1O01O01O01O01O0001N2N100O10O010O1O010O1O010O1O0010O1O001O0001O0001O010O001O00O100001O1O001N10mRi`1
20171029171010Mh_4,hee^21lo14N201N1O2M2N3M2N6dPNYOTo1m0SQNTO`n1P1ZQNUObn1W1N0O3N1N101N1000O0TOhQN1Xn1EfQNL4<Wn1EXRN9gm1G]RN5dm1L]RNLkm12XRNKim13T1MiZ`_1
20171029171010Mh_5,S]fo05ko10000:\PNCQo1?mPNASo1a0kPN@To1f0001O000001O00100O1O101N2O0010O1O00O0001M2N2M4M2O1O1O2O00mPNI^n17^QNMan15[QNNen1g001OO2O000O100O1O1O5J3O10O2OO1N2N1010N102N2M3N0O204L0O1N1O1M4OO00100gN[QNU1in100O10O10O100O2N101O00O1O1N2N3N100002N0100O2OO00000000O01O00015J23LmN\QNj0dn1TO^QNl0ln10O4QQNSOM0_n1\116J002M2O3L01O01N2N21O1OO4NOO000000]NTRNP1nm1lNVRNLMl0mm1XOURNLOm0Pn1SOoQN02m0om1^OoQNe0Qn1YOnQNj0Rn1UOmQNl0Un1QOkQNP1Vn1mNkQNO4f0Tn1UOkQN15j0Pn1TOkQN08l0lm1TOlQNN;o0an10001ORQNROin1T1O01O01O17I00O0O2NTOTQNd0nn1ZOTQNe0Uo10O01001N10O0010O2O02L1O2O2M3M2N2N4L1O1N2O1NYP42foK3L3M3N2N1O10O2N2M3LbZad2
20171107222630Lh_1,mddT14lo12N001O1O0O6J5L3L3M7J1O0000N2K7JjPN]OXo1b05M3N001O00100O0010O100O2O0O2N100O1000001N3M3M2N5K1N2O1O2N2M3N7H2NkNhQNe0Wn1XOmQNh0Sn1VOnQNk0Qn1TOoQNn0Pn1QOPRNQ19lNol14gRNU14iNUm13eRNX12fNYm1>gRNa0LQO^m1<iRNm0Xm1oNlRNLHa0_m1WOUSN4_Od0[n1ZOiQNb0Yn1]OhQNb0Zn1\OgQNc0mn1N2O1O10N100N3N2N2N]OQQN7mn1DYQN`0Qo12N020O10O0000N200002O2L3M100O1O2O0O3GYPN2YWae2
20171107222630Lh_2,lhbn12no11O001O1O01OdPNNkn11SQN1mn10oPN4Po1MmPN5So1LjPN6Vo1:001O1O010O00001001O0O10]OiPN<^o10O00010O0010O001O000O2O0F_PN5fo101O0O1000001O00011N1O001O01O000O2N1O2O2N0001O001N1O2N1O10O2O1UPNLjo160N1O001O00oo9NRPF4L2O1O0O101N1O1000000000001O0000000001O010O02HEhPN;Wo1FhPN:Xo1FhPN;Wo1FgPN;Yo1601O0000010O01O3L100O1O2AaPN;bo1O01O2O0001O3M1O1O0OJKcPN5^o1M^PN7_o16000O1O4L00000O010O100O2O2N01O2N00O10000000O2O000001O0010O010O000O1MH^PN9`o140000000000000000010O0010O0000C`PN;co11N1O1O1N100O1dPN_OYo1e0O1O000000O10001N100JiPNBXo1>5LaPNFao175O1O101OO2_OJiPN195mn1OSQN1mn10iPNK65Ro12`0OcPNIPo16jPNKNOXo16fPNK011NYo1`0fPN@Xo1b030gPN_OSo1h0oPNWOin1j08NlPNXOQo1h0mPNYOSo1j01O2N1O11N10O1O2N2M2EcPN1go1M^Ugb1
20171107222630Lh_3,QedT13oo1OOOio50WPJ001O01O10O1000000lPN1Xn10bQNO]O0Uo10]QN0hn10UQN0mn11QQNNRo10nPN1Ro1OmPN1So1OmPN2So1NmPN1To1OkPN1Uo1OkPN1Vo1OjPN1G0Yo1OQQN6on1JQQN7]o1O@JUQN2nn1NTQN0ln10UQN0kn10UQN0jn10WQN0in10WQN0in10WQN0in10XQN0^o1000Ro10kPN0]P>1_oA4NK[PN1SQ2OiN210ONiN0_RN0_m10g14[O3NIbPN1`P6ObnK0YQN0hn10WQN0jn10VQN0]o10[O0YQN0]o11O000[O4TQNMin1OjPN1a0Ogn1O[QN0dn10\QN1dn10\QNOen10\QN0dn10[QN0en10[QN1cn10]QN1an1NaQN4\n1MdQN4\n1KdQN5\n1McQN2`n1N\QN7cn1HZQN:fn1EZQN;fn1EYQN;hn1EWQN:kn1GTQN6on1JPQN6So1JdPNO280JVo1d02M2NdPNBWo1d0O01103MO0000000\OkPN<To1@RQNd0Qo12M3N1O2N2N2O103L010O001[QNiN_n1^1OO2N<gNXQN2L7OE\o1;cPNIZo1a0N2N2N4N0N23L1N01O0PQNVO^n13eQNi0JWOjn1P10O2O0101M9F1O1mQNeNcm1\1WRNlNfm1T1WRNROgm1d101O101OO5L2OSRNPNfm1e0ZRN\O3n0gm1AcRN=_m1AeRN;\m1DfRN:]OZOhm10VSNe0RO[Oon1d0PQN\ORo1b0oPN]OUo1?8O1N8H4KnRSa2
20171108222430Lh_1,Ten_14ko14^OLRQN8in1JRQNb0dn1?M3N1O10O1N200O2N2N2O1O001O1O1O01N110O01O1O1O1O1O1O2N3M2N100O101O001O02M3M10O100O1O2N1004NM02O01O0001O001O1N4M0O2O11OlPNYOon1P1MO0lNUQNP1on100N100O12N2O00N01O1000O2O1O4L2OO0O01O6K1N0101O0O2O1O2OO0O1O1O2N1N2M3N101OO100102M2N2N1NhWUY2
20171108222430Lh_2,giZa25ko11ePNKC6kn11_QN5`n1GTQN565fn1FTQN735hn1CVQN9O6kn1_OWQNo0mn1M3O1M3O1O2N1O1M4M2O1O1O010M3010O1O1O10O00001O00001O000000000001O000O10000O1000000O100000K`PNIao174O10001O000001O00000O11O0O2O2L1011OOPP20PPN1SPNOjo140010OO1100N3N001O0O1O2M2N2N3O0O1O00O1001O1000000000AjPN4Vo1InPN6Ro1JoPN5Qo1KPQN5on1KRQN4nn1MRQN2on1MQQN4nn1LSQN3^o1N2NPViW1
20171122022450Uh_1,hU]Q13lo12O00000O110O0001O01O001O1LI]PN8ao1I^PN8bo13O1000O0I_PN1ao1O`PN0`o10`PNOao11`PNN_o13bPNK_o15bPNJ^o16bPNJ^o16bPNJ]o17bPNJ^o17_PNK`o1;0000O1N1N3N20O100O10000000O0100O010O1O001O100O001000O10O0100O010O00001N20O01O1O001O001O001O0010O10O10O010O010O01O0O1010O1O1L30H^OSQNa0on1@oPN?Ro180O0010OO2N1010O000010O01N100010O00100O001N2M2M3O1010O01O00010O0100O010O10O0100O10O0100O10O1O1O1O1000000O1O10000O1001O0O10000O100O1O10000O10000O100000000O10000000000000O100000O100000000000O101O0N2O2O00_PNE]o1?001O00001O000O2O000O100000O2O001O00100O00100O1O0010O00100O10O100000O010O01000O110N01O1O010O10O10000O01O1000000O010O1O10O01O01O1O2N4M2OO3M3M2M1O2O0O1O1O0100O100O1O00100O1O010O10O01O010O01000O010000010O0001N2N102M1O104L1O00001N101VRNlNdl1Y1VSNjNil1V1^RNhN46MN`m1j1`RNWN`m1i1_RNXNbm1f1_RNZNam1e1_RN\Nbm1c1]RN^Ngm1]1YRNdNkm1X1TRNiNmm1U1SRNlNmm1T1RRNlNom1b1100O001O001O2N1O1O3N2M2O1N100O2O1TO_QN5cn1I^QN6dn1H\QN8fn1FZQN:gn1EYQN;hn1DWQN=kn1AUQN?ln1@SQNa0on1]OQQNd0Uo10010O1000O01O01O00001O000001YOjPNb0[o100OO10000O10O010O2O000O2O001O0O2O0O2O0O1O2N1N3N]hZV2
20171122022450Uh_2,kg^a11lo12UPN0go16O1O0O101O0O101OO1000O10O10O010O10O0001O1O10000000O2OO100000O1010N0101N1N2O1O2M200O100O1O1OaXa[2
20171122022450Uh_3,P\iY21oo10N3N1O010O1O10O0010O01O01000O01O1O010000O1000O0100000O00100000O10O11O00O1O01O10O10001N2O1O0O1000O100O10000O10O10O1O1000000O1N2N2NgdRb1
20171122022450Uh_4,fW]l09`o19L4L4L3\QN\Ohm1h0nQNBOFbm1S2L6J2N2M2O0O2O1O1N2O1N3N3L100O2O100O10O10O100O101N1O10O01N[NgSNGVl1:WTNZOhk1f0]TNWOck1g0`TNWOak1h0cTNUO\k1k0gTNROZk1m0jTNoNWk1P1nTNkNRk1T1TUNfNnj1Y1l11OQOkQN4Un1KQRNOPn10URN@B6Yn1:^RNBcm1?o0O0010O10O1O10O0100O10O0100000O0100000O10000O0100O10O01N101GbPN0^o1OdPN0\o10dPN0\o10dPNO]o11cPNO]o10dPN1[o10ePNO[o11ePNO[o11ePN0Zo11ePNO[o11fPNOYo11gPNOYo11hPNNXo12iPNMWo10bPNO80Uo11dPNN80Uo12nPNNRo11oPNOPo12?0`PNNRo11gPNO`o1270000O1000000O010O01M3N10O2M`oY2O`PPN0SPH0aoc01[QZOOXN0hQN1To1O00010OO1O100YONbQN0Wo10010O0010O00010O00010O000O1N0O20N301O00000010O010oo10QPN0oo10QPN00000O0100000O1O1O00100000O01O1000O01001OCMmPN3`o1O10BNnPN2`o10ANPQN2_o1O1000_OOSQN1^o10^OOUQN1kn1OUQN1]o100000]OOWQN1in1OWQN1\o10000000000000O010]OOWQN1in1OWQN1\o10000O10mo90RPF01001SPNOmo10000000000000O01000O0100000QP2000QP20ooK0RP:0noG0PPN0SPN0io10UPN1lo120O0010O0100O011OO0100O01000O010O10O100000O1000O010YPd01io[OOjPT20]ibY2
20171122022450Uh_5,f^nn02no10PP:0noE3M2L5N1N3M3K0jPN_OSo1a051001O00SQN^O]n1c0bQN^O]n1b0a0O101M3N2N101O0O10001O00000001O010_PNJWo18ePNKZo1?O02N0O2N2N0C`PN:^o1HcPN7]o1HdPN9:Ebn13SQN9\o1EePN;`o10N3O000cPNFTo1d00O2N1O1O00001O001O001N2O000000000O101O0O100O10000010O0010O4L001MRaak2
20180507140210Th_1,Rh^j02ko16L4K4L3N2O2N4L3N4K1O0VQNoNen1X1OO1O2N37IN1iN]QNl0nn100OoPNTOnn1n04K3M101O31N2MO0YOnPN?To1_OoPNa0nn1@TQN?Wo10bPN@Zo1c01002OO000N^VSS3
20180726232450Bh_1,_edS32lo14M2\OOQQNKM8Po1c0100O0000102M2O6J4MO1O0O0100O2O001O0010O4K7J1N2OO10001N4M3M10O000O010O01OmPNEdn18ZQNMdn12\QN2KC^n1;fQN6H@dn17bQN?an1^O_QNc0on10N201OXOSQN>mn1@UQN?Uo12fPNARo1l0J02O0ROSQNg0Uo1NN3M21O1[OnPN:So1DoPN<Qo1CPQN<Zo101OO1O2O001N11151J0H^OPQN`0Qo1@PQN>Qo1APQN>Zo1N20000000JEePN>Xo1CgPNf0Vo1010O01O001O2N1O3M10N101O1N100O20010O1N1O00O1N1N3OL^OjPNa0Vo16N2O01001O10O2M1N2N2N2N2N1O2N1O2N2MQV]d0
20180726232450Bh_2,ZobR32mo1101O0O2N1O2YPNI^o10bPN<]o17M4L4K2O1O1O001OO10001O0KRQNXOnn1h0SQNVOon1h0RQNXOnn1h06IjPNBVo16kPNKOO2Nnn17TQNJL12Nnn16ZQNLHNmn16[QNNFMon14]QNNDMPo15\QN2cn1O^QNMen12\QNNdn12]QNJ@1So13_QNL_O0Ro15^QNNcn12]QNMen10\QN0fn1NZQN2Zo1000UONhQN2Wn10cQNO_O1mn12hQNNXn12hQNOWn11iQNOWn11gQNL[O3nn11fQN2\n1LdQN3Vo1O000O20O04MO001O001O0000001JM\PN5co1L[PN5co1K]PN8ao1411N1O2N1O001O0001O001O001O001O1N2O1O1O00001O0O101O01O0000000001O00001O000000O0101O0000000010O001O00001O1O3M001OL^PNJco193M1O0NYPNKgo17001N1NjoVe0
20181012105930Ch_1,]eZd22no10O100N2O1M201N010O2O001O1OO0O102O0O01N200J600H_OnPNf0on1602N2M2OM300O2O1010ODTQNDkn1=VQNBin1>ZQN^Ohn1a0;11N1O100O1O1O1E`PN4ho1MW\eX1
20181012105930Ch_2,Ze`d22io132O1M20O010[PN0Zo10;0]PN0Wo10jPN0To11mPNOQo12nPNORo10mPNObo11EOhPN1Xo1OgPN1do1O10000000PP20ko90VPD0RO0n00cPN5dn1K]QN0[o10ZPN0I0on10bQN0jn30aPN2cPNNkn13`01dPNLkn15TQNKmn11gPN0;Omn11iPN1O04OUo1<hPNC[o1`01M4N1O1O0O\PNHdo1730O2N1HFjPN;To1FkPN;Uo1FjPN3NMYo11fPN3co150F_PN3bo1L`PN2Ro;OPQD2Xo12ePNOZo15cPNJ^o1<00O11O00O10O0000001O10000001N1O2N2O2N00002N1O3N0O2PQNROkn1R103M2M0001QOYQNc0in1ZOZQNKL20a0kn1@eQN:^n1CnQN2Z[oT1
20181012105930Ch_3,`_j[1111jo14O1N1N2O1K5O100O1NM5O1O001O10O1N2O001N2N11O0N3O100O0O2O10O0010O100N20O0100O100O100000O1O101O00010O0010O00001N100000100O01O1O1O1O10O0O1L4NXPNLho1420VPNLho1511]PNKZo16dPNK\o14cPNM]o14bPNL^o15aPNK_o1:10O01O1O010O010N2O1O2N1O101O0000001O000OXao]2
20181030230030Lh_1,ndZg17ho12M2FHhPN;Yo1501O010O01O1O1O2O002N0101N1O10O101O005K00O2O1OO12N0O02O0O10O101N1O1O002OBcPN7]o181NO2N0O2O200N2O02O0N104L0O00001N4M2E`PN1bYoT2
20181030230030Lh_2,T^`c25jo13K4aPNEUo1=fPNJWo1?O1000O01O1000O10OO2N2O2L211N1J5O2O2O1OiboZ1
20190605025430Lh_1,cSYW14jo13O2O0O1O1M2K5N2OO0101M011OO300O00O1O010000O2O1O1O01N1K7L2O2O1O1O100000O01000O1O10O00OLSOXQNm0gn161M2011O00O1ESQN\OUo1c040O2OO01O00O2O2N2O1O00O001N21DePNJ0O`o12dn\d2
20190605025430Lh_2,hPQc08fo15J7K]OfPNf0Uo15L4J6K6K8H8I5K3L2O2NbNaRN?\m1@iRNb0Qm1^ORSNa0ml1^OVSNa0hl1_O\SN`0al1_OcSN`0Yl1AkSN?Tl1nN_TNT1_k1jNdTNV1[k1iNgTNW1Sm10N10000O8IfNkQNf0jn1O3L1O0000OCnPNKQo1594100100001N2N1O000N01O1LIaPN7^o160000N2O1O0H@QQN`0Po18N3O2O0O2N1O1O1NoN[QNj0en1RO^QNo0in10O2OZOZQN3en1J^QN6bn1GbQN8So102N2M4MhlVX3
20190605025430Lh_3,ZPai09fo15_O?N0110N1N1O200N0000OM3011O0O3M2OCQQNKmn15XQNHgn17?1000000M30001O000L4N3O100A[O_QNj0`n1:01O00000LiN`QNX1^n16O01OL4O@mQNXOTn1f0QRNUOnm1k0b00001100020O2Nl0TO_RoR3
20190605025430Lh_4,`SWW18fo1M^PNMao11bPN0]o1OePN0[o10ePN1Yo1OhPN0Xo10iPN0To10nPN0nn1OWQN1gn1O[QN0dn11[QN0dn10]QN0bn11_QNO_n10aQN2^n1NcQN2]n1MbQN5^n1LbQN3_n1M`QN2an1N_QN2an1M`QN3Uo101N20O10N20^O0UQN0kn10VQN0hn10YQN1[o3OQPN000000000oo10oN0RQN000PQN0om11o001OPQN0Pn11o1OoN20NQO0R1000g01\oMOSo10`QN0dn10\QN0cn10_QN0_n11`QNO`n11g0000iPN0_n11`QNO_n14_QNL`n17_QNHbn19]QNGbn1:^QNF\n10XQN9<HXn1a0iQN_OTn1b0nQN]ORn1e0bQN\OJ0O3dn1c0^QNDdn1c064O0HRObQNj0^n1[O`QNc0_n1BaQN:_n1I`QNN0Dan1a0`QNEbm15\RNCc0j0Um1:[RNDfm1[10\OYRNnNhm1Q1\RNlNfm1Q1e002M2N2N3L4JQQNVORo1k01O2JlPN[OXo1c05N3O0O0O0O2O2N1O1O1LgoXb2
20190605025430Lh_5,jPob02ho12`PNNVo14oPNKnn13YQNNbn11kPNNf00[n12jQNNPn14TRNMfm12`RNN[m12kRN1ml1O[SN0^l10jSNMRl13m101N2Ok07`PNISm11mQN0Yo10kPNOm00fn11gNOaRN0`m10_RN1jNOen10aRN4gn1O000OgNOdRN0[m10fRN0Ym11gRN0Wm11iRNOVm11^10ZPN7Qo15mPNDPo11\QN3Xo100O00N1cPNLnn12RQN0nn1KVQN6jn1JVQN6jn1JWQN5jn1KVQN4jn1MVQN2jn10TQN0kn13SQNLnn15QQNKnn16RQNJmn17QQNKnn14SQNNkn11VQNOin1NPQNL75hn10^QNNbn14^QNL`n16`QNJ_n1OSQN0`01[n10UQNOa02Vn17jQNJTn1O\QNO`04Rn1NVRNMWOObn13ZRNNim13YRNLdm17\RNIbm18`RNH^m18cRNH\m18eRNHZm18gRNHXm17gQNKj0M_m19cQNMo0J\m12fQN;n0D[m10hQN;o0EXm11iQN99L3Jjm11jQN96O6Gjm11jQN9338Bjm15iQN`04A9Jhm1h0ZRN[OLMim1e0bRN]OBNmm1b0iRN^O]m1b0i0710O1O2L3N2O1O10O10O01O0BVQNEmn1:VQNAmn1>UQN_Omn1a09O01M4N0M\OlPNc0So15N3N10ZOQQN<on1CSQN<jn1=:DI]O]QN<Wo1G7ORP4NPPL1WOOj01N0jPNO^n11bQNOZn14cQNO`n1N`QNOen10\QN0Yo111OTo10ZQL5[o1LF0nPN0Po11QQNOPo10PQN0hn13nPNM:1gn17YQNJhn11[QN0en1O[QNMkn11VQNOin11WQN0gn11YQNNfn10^QN0Yo11O3fNN_QN20Mg03hm1LcQN5j0Ldm10fRN0Ym11hRNNXm12hRNNXm12Y11_QNMSm13fQNMX10Sm10_11M40KW11SoM0bn1O\RN1jn12iN0]RN0em1N[RN3in100M5O00ZRSS3
20190605025430Lh_6,jcbc13mo17K20O00M1M4O0O103L4N0010N100ZOiPNc0]o1MO00OV[W[2
20190607032610Mh_1,VSSR2<co12K5M4L9H10O1O100O1N20000O001OO1O1N210ON3O01O10O10001M2O1N1O2N011O0O2O00001O0000O1O1000001O00001O0J^OnPNd0Po170O11IVOVQNj0hn18N3M2L400O0N2IEQRNoNPn1T1`0NJ4M5[OcNgRN^1ol1a0bRNUNbm1j1:M3M4M3L3O1N3N3M2N1O2N3N2N1O100O01OO0N3N021O2K5N3L4F:IPQkg1
20190607032610Mh_2,`nTX12lo16WPNK\o1`0L4M2N2WRN[OUl1g0fSN^OXl1c0dSNB[l1>\SNMcl12ZSN1il1@`RNLe0g0ml1XObRN0?j0Pm1TObRN1=m0Rm1POcRN22KJV1dm1iNaRN50Z10dN\m11eRNY1NiNkm1i0n0M3L:E5MURNIRl14PTNLRn11O0ZPN0\o11aPN4\o1901N1O1O1N2O0O2O1O001O1O10O01000O001O2OO01O1O1O1O2N1O01O01O1O1N3N1O000000O100O1000O010O01O001O1O1O1O1O1O1O1O00100O0000000010O100000O10O100O1O1M3O001O100O10O010O00001O1O1O1O1000O01O0000N20L5M201O001O0000000000O1000O10000jHVOX_Ni0g`1\OU_Nd0k`1^OU_N`0k`1BT_N=l`1DU_N:l`1EV_N9k`1EY_N7j`1EQ_NLUI=nn1<O00L41O2N2N2N1N3J6O01N101O0O1O1O1I7O10[KWOTZNi0le1\OnYNd0Sf1_OhYN>^f1C^YN=ef1DYYN7mf1JQYNOWg12gXNM\g12eXNNZg13hXNJYg15RXNNPMJPk18mWN4PMAVk1;hTNDg2e0jh1G^TNFc2g0nh1E\TNEd2h0Qi1ImVN9Ti1FkVN:Wi1EgVN=Yi1CeVN>\i1BcVN>_i1A`VN>bi1D[VN;hi1MnUN1Vj11fUNL_j15_UNJcj16[UNJgj17VUNImj16QUNJQk15nTNKUk14iTNL]k1OaTN2gk1HXSNCK2Of0Qm1WOjRNj02[O2d0Zm12aRN`0^m1P12L3N201N2N2N2M4H8J5H<E:VOQTiZ2
20190607032610Mh_3,bReY11PP20RP20Woe00fPXO10O1001OORP20ooM0UP<0joC1NO20oo30anS40_QhK1OOoP20RoM00000lo50SPJ1no1Oknf^2
20190607032610Mh_4,_nPX13jo15NLZPN2ao1MePNNXo50iRJ3Xk1MmTN2Pk1NVT80QnG0cPN0nn10XQN2DOQo1OTQN070jn10PQN0M021Zo15fPNJ\o13fPNM\o11kP41ZoKNWPN;_o12101N5K005LXPQf2
20200806072410Th_1,_c_P21oo1001O0O101O00000XPNMbo14]PNNWo1OlPNOL41NVo11kPNNN31NVo12jPN4OKWo1c001iPN]Oon1j001O001O1O0001O1O1O0O01O01TORQNf0nn1YOTQNe0mn1[OTQNd0Wo1M1O1O1O3M0O10O010000O010O10000O101O00000O010O1O010O0100O100001N10000000O1000O01001O0O0100O0O20000002N00000O10O100000000000000O10JZPN2fo1NZPN2co1M\PN211co12\PNNdo161000003M00O1O100O100O01N11IIdPN8[o1JbPN7_o15000N11000000001O0O10000O10O1000O00100O01O10O0100O01000000O100000O1N2000O100OO01N210O10O1000O01000000000000O10O1000O1000O0N3O1O10^OJZQN7en1JXQN8gn1JWQN7in1IUQN9kn1GTQN:kn1GUQN9kn1HSQN8mn1>1N100O2O1O001O00001O1]OgPN=Zo1BfPN>[o1AePN>\o1BcPN?]o12001O0000001O0O1N3O1O00001O000O101O0000010O0000000O100000001O00000000O100000O10001O00001O000000000O101Oh]d_1
20201228202510Mh_1,fZc\13ko13N2N2N1O10100O1ePNCPo1`0kPNFRo1;lPNIQo1f0M01O2N3M1O3M4M1N2N1O0010O0000000000000010O0O1O2N1O101N01O0100O1O1O1N2Old^`2
20201228202510Mh_2,U\ia21no12N100O100O2N010O1O0001O01O010N100010O00O1O100O11N11OO20O00100O01O1O0O2O000100OO1010O010O1O1N110O001N2O01O0010O1O01L4N3MYe\Z1
20210101202450Bh_1,abWg23lo12L3]PNLXo1`0N2N2N1O1O1O2N2O002M4M000O1O01O00N2ClNkQNV1Sn1=M1102M3M2L5KIjNnQNR1Rn1XOhQNc0Xn1`03OH9M^OQRN[Oom1f0VRNSOkm1n0c00O1O10N101E;N3N00M4O1O1L4H8000O100N1OM4CmNmQNU1]m1lNnRN^1Pm1ROdRNl0Zm1hNeRN32Q1Zm1YOeRN\OOX1^m1DdRN8_m1HaRN6`m1R11O102N2N2N2N2O1M3UOTRNAnm1>VRN\Onm1c0mQN@Un1Q14N2O00100N2M3N1M2000@POTRNP1mm1oNiQN01n0LROcn1T15OHnNdQNQ1Rn1oNmQN50j0Rn1AnQNAMf0Vn1ISRN7lm1JSRN6mm1JPRN:om1HmQN:Sn1i010O10O0N2K6M3N101O1O1N3EYQNTOmn1j06O1O1O10O01O1N110O002M2K5O2O4M1M_dhP1
20210101202450Bh_2,mboT22mo11O100UPNMho160O2O01O1O0JJaPN7_o1K^PN6co13N20O02N100N2000002N00001O001O000N200N2F]OUQNe0hn1922N1OE]QNYOdn1h0[QNWOfn1i0ZQNWOfn1j0XQNVOin1Q1O2M3N0010O00000N2O10O0001L4O100N2O100000NML81M3O0N4L4DoPNETo17=I]^df1
20210101202450Bh_3,[YUe02mo12O2N001O0N1O1O7\PNKPo1e0D=I5L`NgQN_1Wn17O1101N1N2M3GdQNkNan1k0>M103L2N2N3L8H5M2O1ORglX3
20210127110130Ch_1,a[ha24go1NZPN6co15N1K5N2OJgPNGln1N\QN9KHhn11[QN70Fen14YQN64Ddn17VQN4Vo1:1N2O1O01000O10ODdPN5^o1JbPN5_o1KaPN5`o15001OO1O1001O01O01N10001N2ON2O1O100000O101O001O001OO10000100000O0010O0001O04M0O2M101N1O2NodQZ1
20210127110130Ch_2,eYce22ko14L5M2M2NKbPNL]o138000O101M20O10N0O12O2O10O01N101M2010J6K5001M3M3F\PN5io1Nag\X1
20210127110130Ch_3,[_Ql15Vo1MkPN260K2To1d000O10O001O010N2O1O2N001O001^OfPN=_o10N20O01N101O0112M000O100N2000O10N3N2O1N1KaabQ2
20210127110130Ch_4,[a]l14lo100000PQN2nm1NoQN6Pn1JoQN8Pn1IoQN9Pn1GnQN;kn11L20N3OO2O0002O000L2NJKhPN4Xo1:01O00FiPNKXo14;N3N2O2M`^hQ2
20210219230330Lh_1,Qc[[12co1=J5gPNAnn1b0PQN^Oin1NWQNn0dn18TOjN\RN36Q1EjNim1b0XRNk0km1d02N_OTNPSNk1ol1YNmRNg1Sm1c0N01N21O1O1010M3O1O001O1O0N2E`RNVNbm1i1:00DURNcNlm1]1URN`Nmm1a1RRN^NPn1c1mQN^NTn1f12N2O00O02N100O01N100N2K13O20E_NURNc1im1:00000O0O11001OK50G[RNXNgm1k0[RNEPn1;RRN_ORn1b0oQNUOXn1n0gQNmN[n1W114L4N2OO2N2O1O0O0M31010DbQNWO^n1g0?O001N100N200O1O1O01OKiPNCVo1?17M10O0N3O0O1M31O8H1O1O0100O2N2M2M3O1@iPN7ao1N2N4Mdo=MQPB3fPN<mn1FoPN>nn1;00O1000BRQNIon15UQNFln15b0O11O0AHVQN:gn1JVQN7jn1JUQN5kn1MUQN2jn10VQNNjn15?1N10L13O01000O1O100OO12M2M5N100O1001O1N2O001O2N2N5J4M1N3LaeXZ2
20210219230330Lh_2,b`eP32mo12N2O1O1N1O2M2gNDZRN5I8km1IVRN3L5nm1KPRNm0nm1c001O00100O1002M2N3N0O2N1O00cRNcNXl1]1eSNfNZl1Z1eSNhN[l1LmRNP1g0VOgl1i0YSNWOgl1j0WSNWOjl1h0VSNXOjl1i0TSNXOnl1g0PSNZORm1f0kRN\OVm1d0eRN@\m1?`RNDam1<]RNEdm1<XRNFim1Y1XRNPN^m1P2aRNQN_m1n1aRNSN^m1n1aRNTN]m1LeRNi1M[N]m1LiRNQ2dm1O1N2O1O00001N3N2N3M004L2N1O1O1O4L002N001O1O1O1O2N2N1O010ZOPQN;Po1AUQN=Yo1O0BbPN8`o1FbPN8_o1H`PN8do100O4M`]Xj0
20210219230330Lh_3,U`mR31PP20N2N1N2O000[PNO]o10cPN0NL]o197OcPNHTo17nPNIRo15nPNMao11O1O2011O5LiQV1NjmkN0\PN1e]`j0
20210607142350Bh_1,U\]j1113go17mPNG]O2fn1?ZQN@Oe0]n1i0O2O01O00`0RO`0G:IeclT2
20210627163630Mh_1,ebfZ14ko12O2N3M2N3OO3OON2O001N10001O0001O00000001O000000O10O1O001O0001O001O00100O0001O010O10O0000001O00001LH^PN8do1110O0011N10000O002OO0100000O010O01O01O000010O2N100O1O1N2Oe[Y`2
20210627163630Mh_2,d`al12mo12M20001O00001O00000000O10000001N101M3N101O003`PN@Zo1d00O0000001N010O10000O1000O01000O10O10O00010O10O10000O1000O10000000000001N100O1O101O1O1O1O000O10O1O1O11O00O3N000O101O000O10O00100O1O1C`PN:]o1FePN:[o1JbPN5^o170O102M1D^PN:do10O1O1001O00L4O000100010O01O1M3M3M3Ko_Vl1
20210627163630Mh_3,RgiR23ho1OYPN4bo19J7K3L5M2O1WOPO_RNR1`m1SOYRNP1fm1UOPRNQ1Pn1`000001N1O2G9\OaQNCan1BeQN558Uo1N1000O2O000000O1ODKoPN5Qo1KoPN0KNUo12QQNOKNUo11QQN0I1do1500001O0O002N100O11N1000001N2EIhPN:Xo1611O10O0MjPN_OTo1`0kPNAVo1?iPN@Xo1a0gPN_OO0Xo1f0100O2O1O0O2O0O010O000AbPN=]o13010O4L2OO01O000000_OG[QN8fn1HWQN<in1CVQN>Vo11O001O1006JO2O0O2L3M3N2N100N3N1M4E:L5M2N2O01eNfQNP1jn1K4K4VOPQN30Nho1MoW^f1
20210627163630Mh_4,X_WU19eo1b0_O4cQNZOYm1m0aRNBol1c0nRNFel1`0ZSN^Ocl1f0^SNPOfl1l0eSNnN\l1P1lSNiNVl1T1[1D6O602FTQN_Oon1?91O00M4M2O2O100001O51M3K2N4KXanh2
20210627163630Mh_5,cjlR15ko11N2O1K:E8L3M2M4L8G4NPOkQN8Sn1GQRN7Sn1@SRN>am1_OVRN0?<\l1GRSNK:8a0L[l16eRNG=7Yn14iQNE_n1:g0IYPNMjVmk2
20210627163630Mh_6,mfV]14ko12O001O1O1O2N1O0002OO01I[PN2eo1O\PNNdo12]PNMdo12]PNMco135000010O01O00000SO0jQN0Vn12hQNNWn14hQNLXn15gQNKYn15fQNMYn13gQNMYn13gQNMZn12fQNOYn11fQN0Zn10fQN0Zn11eQNO[n11eQNO\n11dQNMcn1M]QN3dn1L\QN4dn1L]QN3dn1L\QN4dn1L\QN4Xo1O100000O0100OO2O001O1O1O010O1O001IIdPN7]o15010O10O010O00100O000105J4K3M_YQ^2
20210627163630Mh_7,TaSa11no13N2M100O1YPNIeo19O200O2N012M2N0104K2O0O2N101O01O0O100O11O0O000010O1O2M2O101N0010O0001O1O00001O00001O1N101N2ODkPNMUo12mPNNRo12oPNNon13RQNMmn12UQNNin1KQQN075gn1LTQNM66en1NcQN2[n1OeQN2Yn1OgQN1Xn1OiQN1Wn1OiQN1Vn10iQN1Xn1NhQN2Yn1IjQN7nn12O10O0101O04L102N1Hg]RZ2
20210627163630Mh_8,bfQS21ko50[oK1kPNOc00dn10\QN0Ro14hQ2LbnM0TN0fSN0Un10Uoi00XQTO0do10^om02]PROOYPNOeo115000100OcPN0jn11c000O0010001000c00\o1000ooM0RP80ooK0ooK0VX^h1
20210627163630Mh_9,ijnR12fo1ObPN2\o1NePN0Xo10RQN0cn10eQN0Vo10dQN7^l1I]SN<_k1DUTN4M>ok1^O\TN2^O?hm1ARRN;Xn1FXQNON403nn1>71O0I4e0VOUQ81RoG4NO20OOYS_k2
20210701163730Mh_1,VaXa22no12N01OO2IN]PN3co16O001O0010O1O1O2O00O01O100O1O10O100N1N4O1O1N2O1O0001O1N3N0100GDkPN=To1ClPN>So1BmPN>\o1N100O100ON3N20OdPNDWo10gPN=Xo1AjPN`0[o100O1O1O1O00000010O10000O3M01O002N4L1O1OO1001O10O00000O1000001O001O0001O00001O000000O10O2O000001O10O01O1O00100O100O0010O01O0000000O101O0001O1O1N2O001O000000001O1O0010O2O0O001O001O000100O1N20O0100O01O010O10O1O010O0002N001O01O1O1O1O001O001O001O1O001OXPf0OhoYO2O1N2O1O1O0O2O1O010O010O11OO0100N1ODKoPN6Po1KPQN6on1JPQN7Po1IPQN7Qo1FRQN9\o1N100N3Mko1OWPN1XPN0_o1OaPN1T[WQ1
20210701163730Mh_2,jg^c2561Yo10ePN3Yo1NePN5Xo1;O2M4M1O2O02N1UOoPNe0]o1I11N3N10O002O2M1O0O0011M4M2N01110M3K413mQNTOil1n0[RNoNL167em1i1002N9G2oNkQN2Vn1JoQN5Un1CoQN<Qn1CoQN=om1FmQN=Tn1CjQNMK3]n1OfQNL24[n1N`QNN73\n16gQNK^n1FWQN1>;Ro11N10O1N_PNDao1:30]PNF`o1:`PNF`o1;3012NN20O00O15LN2O1O0100N2N010103OM0O0101O00001N2N2N100004K0011M6K^RSW1
20210701163730Mh_3,U\[S14:8in1f0I:[QNiNom1Y1PRNjNnm1X1oQNkNPn1c1b0GI00OO101O2N1O4L20032ZRNSNjl1n1QSNWNWm1_1fRNjNUm1V1dRN[NNa0]m1o1fRNbMRm1\2mRNeMXm1U2jRNiM[m1R2<N3L4M3M2O1M3L3O1ROmQNMQn12XRN@[OOcn1`0l0N3L4Mo`Xj2
20210701163730Mh_4,^_Sg12jo17ZPNI\o1c0I4L5_OTOhQNm0Wn1UOhQNk0Wn1WOgQNj0Xn1ZObQNh0\n1<2O1O1D8N6O2O1O2N101N4M7H2N2NWa\W2
20210701163730Mh_5,`hXR1251`o11^PN2_o19N1O2O1O05L4K101M2N2N0100000001O0000000O1L5N12N0001O0010O1O1O010O1O100O01O010000O1000000O01N110O10O0O2O1O3LgVWj2
20210701163730Mh_6,ejhP31lo14K3D=N2O11O1ZOmPN<\o10200O2O0N4L3MRP21loM3N2O0O2O0O02O0100O1aPNHRo1d0O10O1O10mPN]Ohn1d0UQN_Okn1b0RQN_Omn1m0M5J:DcNiQNX1Vn1hNkQNc0NKUn1AoQN\1om1bNSRNb1Un10O03TOeQNK`n10bQNO`n10]QN2cn1f00ZO]QNNcn12^QNMcn1_O]QN?N:en1`01O001N5C<L10N3K400104K3M2N3FbPNJbo10jRSk0
20210701163730Mh_7,U]W[21oo12M100000O01O100O0010000O10O1O010O10000O01000000000001N100O100O100000000001N02O00O1010O100O020OHYPN6io100000O11N1N1O2NibVa1
20210701163730Mh_8,jjbQ31VQT10mnkN0oo30PPN0WPh02dP\ONSoK001N0N2ko1M\P20noK0O00001HOYPN022io10YRSk0
20210701163730Mh_9,n[kR18mo1LPP<MooC001`QN1gNNTn13WSNMfN0Vn11VSN1ml1NaSN0el10cS:0SnG0QN0gSL1^NOE1bo11cPNOWm10XTNO]N3=Mkl10aTN0fN1_O2eo10bMMWUN2eMN_o14_PNLao11jJ1mZNNSe13kXNMfN0_h14lZNLSe14SYNLYN0bh15]5001cUNJPe15Q[NKod15TZN7PLEki13SZNLRL4BLO7Zj1KTZNNVL<Un3DjaXj2
20210701163730Mh_10,][[T11ko51RPL2M3M101OH]PN3do1M]PN2co1N^PN0co10]PN0bo10_PN0ho10io30XPL0VPN0co11[PN0eo1500K5001000000O101O001O1O1O1O000000001O0000O10000000000O100000OO201OO2O1O100N2MZeng2
20210701163730Mh_11,f^Sb23lo13L3N2M2NL5O010O000ON201O1N21N2M3N1001O100O2N2M3nNE]RN=am1HYRN:gm1JTRN8lm1NfQN9Zn1f00K5N5G<G5CkPNIZo11Vdd[1
20210701163730Mh_12,c^e]24ko12O001O010O001O001O1O1O000000N2O10O100O2O1O001O00010N1000000000O01O10L4O1O100O1O10O001M3O1N2O0O0001O1J7O00O01000O1N2ZOJbQN8^n1K]QN6en1MWQN1kn15PQNHTo14[cZ^1
20210708060030Lh_1,kaZS14lo13M1O2OO1001N2N3N100O2N1N4M]OgPN>^o10O11O0_OdPN<ao100O0001ON2000001O01OO1000002G[PN2ko1NV]_j2
20210708060030Lh_2,oaiQ35jo15L2O0M3M200O2O0O10000001O01O002M2OO10O1O1\OAeQN`0Xn1EeQN=Xn1f0LnNjQNb0Un1\OiQNF2m0Un1]OjQNG0k0Vn1g0000dNlQNm0Un1>010O1O2O1N101O0000000000O1G_NnQNe1Pn142O11O0O1001O1O00001O1OO2OHnQNcNSn1Y1;0O2N02O0O11O0100N2O10OO2H7O2O01N2MJYQNVOgn1l061O2M3K4K300M4O00N301N10O10N2N3O1L301N3K401NKVOVQNi0in1\OSQNe0cn1ZO`QNn0\n1<O10fNbQNS1_n1lNbQNo0cn1QO^QNk0cn1VO^QNj0an1WO_QNj0^n1YO_QNh0`n1<1eN_QNU1gn1NHoNcQNQ1]n18BeNXRN\1hm1>0O2J5M4J5N4O0O1MN2]O?5N21N2OL6K5H8L5G9J7Aod^e0
20210708060030Lh_3,Ye]m11oo13M2N1O00111M1O0_PNIYo18cPNF04]o1?M3N1O10O01NFlPNKTo13nPNMTo10mPN0So1OmPN1To1NlPN3To1HQQN8on1GRQN8[o111O1OO0000001O02N100O001O00100O010O1O001N2OaYho1
20210726041650Uh_1,YYcS13io15M3N2N1O3jPNFan1<[QNJ`n1Q1J3NLdQNdN[n1_11aNbQNb1\n11fQN]NTn1d1mQN\Nmm1l1QRNTNnm1m1QRNTNmm1n1SRNRNlm1o1TRNPNjm1j0WRN;OlNim1h0YRNKNNim18\RND01dm1:`RNALHL:gm1<dRN@JIL:fm1;gRN^O15Wm18eSNDdNLgm1>hSNEaNMgm1=jSND`NOfm1<lSNC_N1dm1<STNCmk1=k1O1000000000000000001O0000000000000000000000000000001O000001O00010O1O001O010O0010O100O1O10O100O001O02O00000O2O0O100O10001N1000O100O103M1N2O1O00000O2N101N10010O0001O00001N101O0O2O1O1O000O1000O01O010O001O00001O010O1N2O1M^efc2
20210726041650Uh_2,lXo_11mo13O0O3N1N2O0O3N000O100000O10000O1000001O0O10000001O00001O0010O01O010O10O10O1000O10O10000O10005L2L11O1O04LO1O22M3M1OO1000001O1ON30O4L4L10OO1O2O00002N02N3M007I1O00O000001O01O3N1N3L;EjdZZ2
20210730044930Lh_1,[bnk11oo16J4YPNI]o1a0KLgPNFVo1c0OO011WOnPNc0O^OTo10iPNc0Zo101O20O00M210000001O0O101O2M2O001O00O1O101N101N1O010O10N2N2O10O6KO02O01O2N1O1N10000010O1gPNCln1<SQNHkn18SQNKkn16TQNJmn16RQNKmn15SQNKmn15RQNMmn1KPQN036mn1HQQN228Ro1HoPN9on1FSQN<^o1K00O10O000001O0000O100000001O010O00000010O001OO1001O2N00O1001OO1N3I7MeYkm1
20210730044930Lh_2,abYi13jo15M3M2N3N1O1O1O1O100O001O001O1O010O1002M100O000000J5001O1O2N101N2O0O10000O0000N0101O101001N10EdPN3[o1LgPN3Xo1NhPN2Xo10fPN1Yo1;O1O100O10000000O010O0100O1O001O010O1O00O1N3O001O100OH]OUQNc0jn1@TQN?mn1BQQN?on181O1NIYOYQN>on1EnPN;Ro1GmPN7To1JlPN2Wo10hPNOUo15lPNITo18mPNFRo1<oPNCPo1>QQN_OPo1b052M4N1O2O000O001O0O1000010O01O10000O10O01O1O01OO20OO11LVOQQNj0Po121O1O1O001O10O1O0010O010O1O001O00000000KYOQQNh0mn160010O0101O0O2O1N100O1O10O100O0_OXOlQNh0`m1ZO_RN1HNLh0im1C]RNGMOMg0fm1G_RNCM0Mg0em1I`RN@O0Jg0gm1K^RN_O1k0^m1IaRN\O1j0^m1L`RNZO3h0]m10_RNXO5e0]m14^RNWO8;am1`0TRNWO<1gm1o0\RNkNim1S1c0IUQNVOln1j0VQNSOln1o0110O00HQO_QNo0`n1SO_QNm0`n1TO`QNd0L^Ocn1OaQNb0M^Ocn10_QNc0hn1^OXQNb0hn1^OWQNc0in1]OVQNd0kn10VQNYOkn1f09M2O100OB_O`QN?Pn1ElQN01:Sn1JgQN071Tn1>g0O010O1O010OF[O[QNb0fn1BXQN8ln1LSQNIhn13ZQN6mn1`0O0O2ZQNSOWn1n0hQNROXn1P1;001OEVQNAjn1;ZQNDgn1:[QNDhn1:YQNDin1;?O1G`PN0ao1McPN0Tn=OaQD6L101O001O0O2O001O1N101N10000O1O1O100O1O010000O1000001O0010O0010O010O1O001O0O2N1O2O5J2N2M10O3O00O10hog04RPXO3N1000O10O1O0O1100O001N2M3O1OVfbc1
20210730044930Lh_3,TfRW33mo11000001O3M002N3M1O1O2O0O010O1O1O01014LM10000EdPN1\o1MfPN3Zo1LgPN5Xo1JhPN6Xo1JiPN5Xo1IiPN8Xo1FhPN:_o1000KGdPN8\o1IcPN8\o1700001N0O20O01N100O2O1O4L10O01OYXie0
20210730044930Lh_4,WYgd23Yo10XQN1en16VQNJjn16VQNKhn19UQNHin1:VQNGhn1=UQNDin1k0L4M2OO2N1YOYQN4jn1J[QNKln14YQNGin18?10L301O100O1001O00000001O00OO200O10O2O0O001O01O010O100O10000O10O101O01O000O10O101OO1000000001O00005\PNHWo1;ePNE[o1a0O010O010O1O1O101N0102N000O1O2O00000110NO1000100O2N1O00001O0O0100O01O01O01O2G^PN2io10O000O100O01O001O1O2MZfnS1
20210730044930Lh_5,YbRg23mo11O1O001O001O001O100O1O1O1O10000O0100O0010O01O2N1O010O00000000010O0000001O00010O0001O01O01O0000100O011N0100O1O010O10O010O0010O0010O01O001O10O01O001O000000O2N1O10000000000010O00000010O000000000000000000O1000000000000O2O00001O001O00VP<0ioC2N10000ONYPNMgo14XPNLio1501HJdPN6\o1KdPN4\o1LdPN4\o1LePN3Zo1NfPN2Zo1NgPN2Xo1NhPN2Xo1MiPN3Xo1LiPN4ao101O10O000001OO10000O10000O1000000XOKeQN4[n1NdQN2\n1OcQN0^n11aQNO_n11g02O8G3M101OO10000O1O1K5O1O1O1O2O0O101O0O1000010O1OVP2NkoM4M1O10O1NQ]il0
20210730044930Lh_6,]j\h12no11M3N2O1O1N3N1O1OO11O12N001N11O0O100O2O01O2O1O00O002OO1M3N1M4MiTcU2
20210730044930Lh_7,^ZWW22lo12O1O1LO[PNOeo1NaPNO_o10bPN0^o10900000oo50oo10PPJ0PPN1010O1O10000000gP>0ZoA0O00001OO0001O01O01O0011Nio11WPN0UPNOio31RPN01Oko=2PPB45JF0ePN0eo10oo10QPN0C0jPN0Uo11jPNOco11COkPN0Vo10iPN0Wo10iPN0Xo10fPN2Yo1OdPNOYo12ePN01N[o13bPN02M]o13aPN5`o141M4N1N3O1M]fTc1
20210811072510Th_1,`l`R14ko12N1M3N4N1N2N002SQN_OWn1d0fQN@HNTn1d0hQNYO7:ILVn1e0lQNUOMd00^OTn1i102N1O5K1OaNVRNg0jm1WOYRNE=:Ym1N]RNC`0>Rm1N[SN2el1M^SN1gl1H[SN8Xn10N100N21N5K1O1O001OO2O1O10O01O01O000O201N01O10O0000O10010O110\PNE`o1:`PNFao19_PNGbo183OWQki2
20210811072510Th_2,[]ko21no11O2OO110MTPN011go1OYPN4go13O3M1N1000O3N0H^PN1PP2NI3N2L3006I1000O2N6K1O1O1N2O1O001O1O2N_OfPN>^o1N1CdPN6\o1IePN7bo12N3M11N1O000O201O0O1O101M3N`all0
20210811072510Th_3,We^R1>_o16H7KFXQNDbn1<eQNAYn1>lQNASn1=PRNCPn1:SRNFnm17TRNJjm14YRNLem13_RNL_m13cRNNZm13Z1Oa1NbN100iY_l2
20210811072510Th_4,YmnR184J[o12cPN2ON]o1OhPN3[o1KjPN1ko1OmoM2ko111NTPNOio14co5NkoKOePNOmPN0PPb10hnaN0f00foM000nPUj2
20211119005210Mh_1,X^Va1160[o1b0K3M3N0lPNXOon1i032O2nPNXOhn1P10001O3MN[QNkN05_n1X15J4L3oNWQNg0So1N10031NOO201M2N01OO2N1N11002N0O13L2OO10100N3N06J0N1O1O01O4LN3O01O1O2L3O2N3LS`[[2
20211224120130Ch_1,UYUU22lo13L4O1O0100O1O2O0O11N2OO0100O2[PNF`o1>0O2N00100O001O1OO10O010O10O001N11N01001OO1N21N100O10O10O0001000001O1O0O02O0OL5001O1O01ECSQN=mn1DQQN=en1E_QN>an1D\QN=en1DYQN<hn1EUQN<ln1;1BTQNBQo1>811O1N6KYhXf1
20211224120130Ch_2,Tcf^2461Yo12ePN2Uo1c0I:LN008G4K1000N1eQN[OVm1l0QRNTO=8^m1l0_RNWOam1g0RRNITn1VOkQNc1^n1G5H9K5VOUQN3bo1I^[Q`1
20211224120130Ch_3,dZaP31mo13K4ON22N01O2O0010O010O00001000O0001O000000O10N2O1N10001O01O0O3MTm1LPSN3N1TQNOd04Xk1OoSN5e0NZk1MnSN:k0DXk10mSN>a0Amk10^SNd0`0ARl1J\SN>GDe07Xl1GSSNa07B98^l1>\SNAL2kl1:[SNF^OD17am1;SSN7Rm1FoRN9Rm1EPSN:Sm1WO\SNe0_e^l0
20211224120130Ch_4,_^Q_21no12O1N2O1O10O01M21O100O010O100O1O10O010O00001O00100O1O2N000001O000010000O010O1001O00O02ZPNGbo1<N100010O001O00000000O1O101O000000001O1O1001OO01O010^OdPN`0]o1001N2O0010O01010N1O1_OcPN=ao1N1F^PN7`o1JaPN5ao1H^PN;co10001O0G\PN6ho1N10000000M4O02N1OKJePN1Zo11ePN0Yo10gPN1Qo1MlPN43OQo1NhPN64JL2Wo19oPNGQo19oPNGRo18oPNGQo19nPNFTo1:lPNFTo17nPNKln1OmPN58Mkn1MmPN68Mkn1MmPN59Non11SQNMmn13?1KJ`PN6_o17N1kPNBdn10SQN?NA71hn1e0WQN[Oin1f0VQNZOjn1f0UQN[Okn1f0RQN\Onn1k0001O0O101N101N11OGlPNGRo1:PQNCQo1=oPNCPo1>oPNBQo1g00O20O002N0000O01000O100000O10000O0100O1000000O1O1000O10O10O10O1O1O1O10000O01000O1O1O1O100O100O0100O0100000000000O100O00000010O01@]OcQNc0]n1]ObQNc0^n1^OaQNb0`n1^O_QNa0cn1_O\QNb0dn1_OYQNb0hn1^OWQNa0jn1@TQNa0mn1@QQN?Qo171M3O1OI]ORQNc0nn152O2O00101N1000000JjPNBUo1>mPN@Qo1c052O0O0ODlPN0To1OPQNMQo12RQNKRo1Oc0N^bVR1
20211224120130Ch_5,oack22lo15L2N1O1O1O1O1K5O1O100O1001O000010O0000000L4000000002N2N1O001O000001O00000L]OkPNc0Uo1^OiPNc0Vo140001O00000000O1000000000000O4M1N1HgPNH[o159O00N3O1000000CHSQN7mn1KRQN0Ro12nPNJSo1945O2OIcPNK\o16ePNJZo16gPNIYo17hPNIWo18iPNGVo1:jPNFVo1;iPNFVo1;hPNFXo1a00O2O0O1O2O0000bPNA[o1b0N2O1000000000000001N101O0O1O1O0O2000O10FcPN0]o10dPN0[o10fPN0Yo11fPNO[o10fPNN[o12fPNL\o10hPNOYo11:1VPN0eo16O00000O0100O010O1N2O1O]o1MgPN0O10O0000XPN47Odn1OSQN56Nfn1ORQN48Men1<YQNDhn1<WQNDin1=VQNCkn1=TQNDln1g01O10O01N3M3N1O2N1000O0100O10OON@gPN`0Yo13010O1K50O010O10O01O10O01O10O01O100O1O10O10000O1O10000O10000O101O00001O0001O01O00001O001N1000000O10O10000000000O1000O01O10O10O1O100N200O100O1000000001O1O01O0000001O000O1O2O0O1O1001O1O1O6J1O1O001O2N4K3M_`Td0
20211224120130Ch_6,hd][21no11O2O1O1O1O10O04L2aPNEVo1c0O1N2O1O100O1O0001O01O00100oPNVOjn1R1N4L000N200O1O2O3N0O01O1J6O1N2O1O001N101O4L2N1O0O2O1O0O1O00N12O001M3NcPNA^o1>22N00O1O110O000000001O0N2N3N100M3NkZh_1
20211224120130Ch_7,S]i_14ko1100YPNLbo14^PNMao13_PNMao14^PNLbo14^PNLbo14_PNKco13]PNNco11]PNNeo11L180O10O01N20O100O1000001O0000000010O000010O000O2O]P`20co_M0O110O0000O100000000000O10000@0PQNOQo11?07OA0\PN022`o1O^PNO13ao1N^PNO04bo1M^PN5co1K\PN6eo111M4NYcfY2
20211224120130Ch_8,o_hi23lo11O10O010001O001O001O01O0001O1O011O0000O1O010O01O10O0000100O001O1O0MWPNOjo10j_oS1
20211224120130Ch_9,l^Ye21no11O010PP60PPJ00000XP80hoG0J0\PNOeo1230UPN0ho105O00jPNO^n10i000010O0QP2000jPL0mn30XPN2ZONZQN2en1N\QN1BOio10O0UO0l00nPN0Tn10mQN0Rn10nQN0Rn10o00nPN0Sn10o00n00RO000Qo30oPL0oo30QPL00000PP60ooM0PP40QPH00000hPN0_n30iPN000oo=0dPL0]oE000oo10jn30VQJ21NM0UQ20kn10RoM0oQL0Tn10h11Rn5OSQJ0010O10010OPP40loK30N3O10O0;2INF0`PN0L0Uo11jPN190Po1NePN0[bXR1
20211231180850Bh_1,mYU[22lo12O10O11N101O00001O000YPNIeo1801O2OO1O10O01O01O0O20O1000MF_PN:bo12ND`PN<`o1101000O100000000O10000O1000O001O01000O1M4M2O1O1O1O11OM[OkPNd0Uo130100O2N1O10CPQNIQo17QQNBM1Ro1<VQNAln1=;02O1OOO2001O0O2O0M301O00000001O001O1O1O2N1O100O1O2M4M2Nigl^1
20211231180850Bh_2,l]Ye24ko15K010M6hPNBhn1?oPNBN5Qo1j0L3M203LOO2O22N0PO[QNc0gn1XO\QNi0ln123L101OkPNVOUo1i0201M1N4L1O2N2O0O2M201N3NOO3NWa`X1
20211231180850Bh_3,gaRX27ho11YPNKbo1?J5K3L3O2M1M2O2N4J4N3`QNdNZn1b1M10SOiQNXO6a0Rn10iQN_Of05am1:hQNA[o1>4O002M2O1N3MR_[f1
20211231180850Bh_4,^hnT1114go14N1OO\PNHdo1;O1N3N1ONbPNC\o1a001O0010]OfPN`0]o101N2O0001N0100O01O0100O01O0000002N1O2N1O00000O02O000HgPNGYo1:7N2O0100001O000000001O1O00001O0O101O0O200N2NSWQg2
20220124155050Bh_1,kcjf12io17N9F4L200O007I3ON10O3N4L001O2N7H21ON13M1N11O2M2O1N1013N1M1N2O1O1N5K5nNWQNe0So1O10O0O2O01O0O010O2N11N2OO02N2O0O1000O002N10O00O2O1O0012NO000O10002N1O2N1O01O00O2O3L2N1O2L4M^YQT2
20220124155050Bh_2,Sf_n11io10XPN5go13N2O1O3M3L2O0O1hPN]ON0Qo1c0RQN@nn1a0oPN[O05Po1i0SQNSOgn1n0WQNSOin1S10O10O1O01O0001O0001O0000100O000O2O0oNSQNo0mn12000000001O1N2SOPQN1Oc0Zo1AgPN5Yo1JhPN6Xo1GlPN8To1GmPN8To1GmPN9]o101GZPN6fo1JZPN5io10001O00000O2O1O000O10^nU31aQjL2\PNNVo12jPNNVo13hPNOWo11hPN1Wo10gPN1Yo11dPN0]o19N201N1001O0O1000dPN_OYo1e0O1O1O01O01O0000001O00010O00000010O001O01O001QQNWOfn1h0ZQNXOgn1g0YQNZOONK2bn1O_QNb06@J5_n1IaQNc00\O2`0[n1@eQNc0M3dn1L\QN5dn1c01O00000iN[QNN0T1en1mN^QNR1bn1nN^QNR1hn1101OO0010O000000000O11O0000000000001O1oNVQNj0Po101N2O1O005J4M003M001N2O1O001NUYTe1
20220124155050Bh_3,maTo02mo11TPN0go15O00100O1O1N2O00E_PN9co11O010OO101O01N20O0010O0O2O01000O0100O10N110O10O10O03N00O1O100000L_PNGao1;2O0101O001O2M2O1O1N2N10O0101O0000IjPNEUo1:mPNETo19mPNGSo18nPNHRo16QQNIon17RQNHnn18SQNFnn1:<0000O1O100O10001O00001N1L40o^ek2
20220124155050Bh_4,a]m\1270]o1;mKF]XN;^g1M^XN4`g1O_XN0`g13_XNMag1EkTN4NJf3=ag12`XNN`g13^XNMcg14\XNLcg15^XNJag18^XNGcg1:\XNFcg1<ZXNFfg1:YXNGfg1:YXNGgg19YXNGgg1:WXNGjg18UXNIkg18UXNFmg19SXNGmg19RXNHng18RXNHog19oWNFRh1:nWNDUh19mWNFTh1;jWNGVh18jWNIUh17kWNIVh16hWNJ[h15dWNL]h13bWNOah1L_WN5ah1J`WN6`h1GcWN8_h1EcWN;]h1BeWN?mk1O2000O1ON201O001NO3O1N11N100OO201N1O002O00000O10O20O10O001O010M1O0N_OBZQN19:`n1L`QN1bn1FTQN846hn1BVQNl0on10K5N01O10N200BQOlQNo0Un1ROiQNn0Wn1SOgQNm0[n1TO`QNn0Vl1POQVNP1Tj1SOmUNk0Rj1WOmUNi0Rj1YOcTNF;Q1Qk1ZOcTNG;l0Uk1]OZTNN?e0Yk1]OWTN0AEd0n0ek1^OeSNC<<EGa0l0jk1_OVTNO]OI<k0Sl1]OfSNB6i0L8[l1\OUTN<\O7bl1[OTTNb1Ql1ZNPTNe1Rm1UNRRNk1Rn1N3L3O100N3N1L7L2M4J7ZOQQN1Uo1HQQN2co1MQfP\2
20220124155050Bh_5,fcjf152MOO11^o1OiPN8To1HUQN1hn1O\QN0^n13dQNM[n14k0MjPNO^n10i0011O00OTQN0im10[RN0am10X100000PP22noMO221MiQ:0`lE2^S8NWnG020O0XO0h00hPN0Yo10TO0k010OhPN0^n10cQN0]n10bQN0^n12`QN0_n10bQN0]n1OeQN1Zn1OeQN2Zn1NhQN1Wn1OkQN0Un10kQN0Un1OlQN1Tn1OlQN0Un10jQN0Vn10jQN0Wn11gQNOZn11k0O00jPN0]n10bQN0_n10`QN0Xo10YO0h00N100001O02fPNNbn13]QNMen13YQNMgn14XQNLin13b00fPNMhn12WQNOin12VQNNjn15RQNKPo15nPNLSo13lPNOVo1OfPN4[o1LbPN6^o16010O2BgPN0gXkS2
20220124155050Bh_6,kchf11SP20noM11OPP20VO0jPN0c00^n15f0M31QQNMQn16mQNJRn17k00101O1O1O00\QNL\m13eRNM[m12gRN1Um1NRSNOjl11WSNOhl10d111012^QNMRm10nRN0Qm10QSN0`n1000O11OQP40noK000PP20VoM0dQN0\n10cQN0]n10cQN0]n10dQN0[n10f10YN0gQN0Zn10eQN0Vo10O112NO1O000000000O01O000000O10000001O0QP6OPPJ1O10O01O1O2N100O00O01001O0O11O010O0D3dPNN^o183N3M1O1N2O2MfPh21XoWM2O1O1O1O1O0100O1O1O2NaXko1
20220328035030Lh_1,lZoa01go1:N2L3J5L5L2N2OO11O1O1N3N1O2N0000N2M31N100010O0O2M3K50001O01O00001O0O11M2J6N3N1O00110O01O1O2N1O001O1O00O10O000O2O1G9L4O1M3L4002N101N2N2N3M3N3K2O1M3M2M4N3M4LdhRY3
20220328035030Lh_2,[eV_22no10O2L4O1O7MN00N1O2N2N2N2N2O0104L1O0N1010O00O001OaPNA^o1a00N2O1O1N2O1O1O1O01O1O1O001O1004N00N1O1OO100O1O010O2O0010O00001O0O2O1N2O0O0100OgPNDon1;nPNJQo15nPNNQo11oPN0Qo1OoPN2Ro1LmPN6Uo1HhPN;Yo16O1O010O11[OhPN>Yo143N1N2N2N1N3M?MC3N10O10001N4JbWQ[1
20220328035030Lh_3,ibnQ14km1OPTN6mk1LoSN:nk1HoSN>jk1GmSN`0Pl1EjSNe0lk1@oSNe0mk1@mSNc0Rl1AiSNa0Wl1BdSN5hl1NQSNOVm1Z15M3O1O02N1O1GiMeRNZ2Ym1_OgRNjNVm1P1RSNoNml10RSNO7Nfl10`TNMak1LeTN4Yk1GnTN9\m11001002N003L2N100N14J:EY\gk2
20220523234912Lh_1,iZoZ29do16L3N3M1O0O1O0O2O010O1N2O010O100O001O1O1O001O001O001O000001O001DUQNAln1>:2N101O1N20O0O01O11O1O00OK24mPNXOon1i022O1O2N1N10N200O100O1N201OO00100O100O11N0O201M200O1001OO2L3000jNJcRN5]m11^RNMdm16XRNJhm19URNGkm1<SRNBnm1a0oQN^OSn1c0lQNZOWn1f0a0N2L3L5K6J5N3N2LhiP_1
20220523234912Lh_2,TYV_11no14M0O101N1O100O1O1O2M2FBQQN`0nn1ClPNa0So1700N2O00001O0O101N100O100O100O01N1O101O01O0010O01000O010O010N2O0O2O001O100O1O0O2N2N2N2N2O1O1O100O10O01000O010O1O1O100O10O010O010O0100O10000O1O010O10O0000010O10O010O100O100O010O100O1O100O10O010O010N101O010O10O10O11N10001N2O1N101N2N101N100O10000O010O010O1O001O1O1O1O1N3M2O1O2O0O2O1O1O101NZOiQNDVn19oQNGom18SRNHlm17VRNJhm16YRNKem14]RNMam13_RNN`m11bRNO]m11cRNO]m10eRN\OD9fm1;fRNZOI9`m1=hRNXOJ;]m1=YSNAgl1>[SNBcl1?^SNAal1?`SN@al1?`SNA_l1>cSNA]l1?dSN@\l1`0eSN@[l1>gSNAZl10[RN5\1JZl10ZRN5_1HZl12WRN5]o1KbPN5`o141O1O1N3M3L]iQU2
20220523234912Lh_3,e\]n21ko15VPNMao1=K30000N30OO100O2O000000100O001O1O002N1O0001N10010N1010O00N2001OO2O000O101O0O1O100O100O100O10O000100O1O1O010O00000100O1O10O10O0O101O0O2O01O010O100O010O01O000O1M3L4O1LWORQNi0mn15O2O0N3KmN\QNR1en1401OO002N1O2N2N2N2O1O1O1N101O1N10N2O10O1O1O2M3O1N4L3L4HjeTj0
20220523234912Lh_4,l_ke23mo12M3N2M2O1N1cPNETo1d001N1N2N^OnPN9So1HmPN7Ro1<1O00001N100010O001O01O1O00O01O01O00100O0010OO110O001O010O01000O010O0O2O0M31O1O1NN21O0100001O010O001N1O101O0O00001O0001000001O1O1O001O001O1O1O1N2O00E\QNYOgn1f090001O1O10O01O1O1O1O2N100O000000LCgPN=Xo1DhPN;Yo1DgPN=]o110O0100L3010O1000001N5L0O2OO1O101N3N1N101O000CEUQN;in1GWQN9in1HVQN8in1IVQN7jn1`0N2L3OiN]QNT1jn1N0O1O101N1O1O101N1YOlPNa0Uo132O2N2N1O2NVOAVRN=km1CURN<lm1DVRN:jm1FWRN8in1O1O001O2N010OVOMjQN2Ro1OO20O2N01WOOcQN0Wo10O010YO0^QN0bn10]QN0dn10[QN1en1O[QN0fn10YQN1gn1OYQN0hn10WQN0jn10VQN0jn10UQN1kn1OUQN0kn10UQN1\o10_OOc00O1aPNOon11PQNOPo11?1aPNNPo11PQNOPo11PQN0Po1OQQN0on11QQNOon10RQN0mn10TQN0ln10SQN0mn11SQNOln11TQNOkn11VQNOjn11WQNOgn12YQNNgn11[QNOen10[QN0en11ZQNOgn10ZQN0en11ZQNOgn11d00dPNOin10c01O000H0^PN3ao151M2M210MZPNOeo115OO20NN0YPN0go10SP20ZQN0^M0YQ40QPL00000O1000O01O1O00NgP60Qo10eeni0
20220523234912Lh_5,jZiZ24lo12J13L3N20cPT10^okN0O010O0PP20PPN00001O0O1M1LM811Oko;0io70TPD1gn[1OYQ\N6Yh`_1
20220523234912Lh_6,c\]n22fo30UP20SPNON0UPL0no;0PPF000RPb00[n]30lRPL0cn10RPN0kN0\RN0gn30oo30TPJ0Ro10kQL0al12WTNNXO0\l18[TNHYO0\l19ZTNGZO0\l1:YTNFcl1;\SNEdl1<[SNDfl1<YSNEXO1el1;STNEWONhl1>PTNEVONjl1<QTNIQOLnl1;QTNKnNJPm1<STNLdNM[m17QTN1Sl1NnSN2Rl1NPTN1Ql1MPTN3Pl1MQTN2ok1OXSNGL9ll1OVSN2GNTm1OUSN7EHVm12USN7DAE0cm17USN8`m1H`RN9_m1FaRN<^m1CcRN>\m1BeRN<[m1EhRN3]m1MfRNOZm12Z11O01OO2O0O010O1O1001O00000O1000O010000000O10000000O10O10O1O2N2N100O2N100O2NWhff0
20220523234912Lh_7,`T[<7io12mPNMTn17hQNH@Nen1>eQNJFFcn1Z1\QNgNan1\1_QNgN[n1]1eQNgNRn1l1G6J1bRNgMSm1e2M3M3N2MoNVSNPOil1l0`SNoN`l1o0eSNmNZl1n0QTNiNRl1W1STNcNok1]1Z1BlQNPOUn1o0=H9J5L6M4M1O2OO1N2O001000100O01O00010O2N1O10001O1Njlf`3
20220523234912Lh_8,Qd\`11no12FNcPN4[o190000000O1O1O100O01O1O00100O100O10000O100O1N20O011O00002M2O0N_PNEbo19_PNGeo13ZPNM20do11\PNOO0jo1120SPNOno1001M211N1O001O001O1O10O01000O01O0001N10O10000010O0001O01N10000O2O3L10k[oZ2
20220621185332Bh_1,]fZg15ho15N1N101O0cJEV[N:fd1MW[N3hd11T[N0ld12R[NNnd13P[NNPe12P[NMQe14nZNLRe15mZNLSe13mZNMSe14lZNKVe15jZNIXe17gZNH\e16dZNJ^e15aZNJae16^ZNJce16\ZNIfe18XZNHie19UZNGle19SZNGne1:PZNFQf1:nYNFSf1;kYNFUf1:jYNFWf1;gYNE[f1:dYNF\f1;bYNG^f1:`YNFaf1:_YNEbf1;]YNEdf1;ZYNFgf1:XYNFif1:VYNFkf1:SYNGnf1:PYNFQg1;mXNESg1;lXNFUg19kXNHUg18iXNIXg17hXNGZg18fXNH[g18dXNH]g18aXNJ`g15_XNLag14]XNMdg14YXNNgg13VXNNkg12TXNMmg14QXNMQh13lWNNVh11iWNNYh12fWNM]h11bWN0^h10bWNNah12^WNMdh13ZWNNgh11XWN0jh1OUWN0mh10QWN0Qi10nVNOSi13kVNLVi15iVNJYi17eVNH\i1:aVNDci1;]VNDfi1:YVNFii1:UVNGmi19PVNGSj17mUNITj16kUNKWj14fUNN[j11dUNO^j11`UN0aj10]UN0ej10ZUN0gj10VUN1lj10PUN2Qk1OlTN2Uk1NiTN2Xk11dTN0]k11`TN0`k11^TN0ek1NXTN3kk1MQTN4Rl1LkSN5Vl1MfSN3\l1NZSN:gl1FWSN:kl16aRNLbm1V13N2N2N1O2M7I4M3L3N4^OaQN[Odn1a0]QN^Okn1;VQNBQo13R\mQ2
20220621185332Bh_2,eg^f01no12N101N1M4N100O10O101OO011O000000000000O2OO11O0100M4N2O10O3L2000O4M1O;FM2N1N2N2M3M3M3M2O2NhWeV3
20220621185332Bh_3,PZQh194MUo1f0I4L2N3M6XQNgN\n1f1J4L3I7L3MQO]RNF`m11SSNHkl13^SN0[l1OkSNMSl13QTNLmk13WTNLek16_TNH^k19dTNGYk18kTNIQk18RUNHjj1:XUNFdj1<_UNC]j1=fUNCXj1;nUNCPj1<SVNDli17YVNNbi11`VNN_i12cVNM]i13dVNL\i14eVNK[i1NSTNCc2?Yi1NUTNAd2`0Wi10STNBf2=Wi17kVNHTi18mVNGSi19mVNHRi17PWNGQi19oVNGPi19RWNFnh1:RWNFnh19SWNHlh17VWNIih15ZWNKeh14\WNLch14_WNKah14aWNK_h14bWNM\h12gWNMXh13iWNNVh12kWNNSh13nWNLRh14nWNMQh11QXN0ng1OSXN2lg1LWXN4gg1MYXN3fg1N[XN1dg1O]XN2bg1N^XN3`g1MbXN3\g1NdXN3Zg1MhXN3Wg1LkXN4Sg1MnXN2Rg1OmXN1Sg1OmXN1Rg1OPYN0Pg1ORYN0mf10TYN0kf10VYN0if10XYN0hf10XYN1ff1O[YN2cf1N_YN2`f1MaYN4]f1LdYN5[f1JfYN6Yf1JiYN5Vf1JlYN3Vf1NkYN1Tf1OmYN1Rf1OPZN2ne1NRZN3ke1OUZN2ie1NXZN3ge1LYZN4he1LWZN5je1IVZN7ke1IUZN7je1IWZN7he1JWZN7he1JXZN6^K^OWj1;\ZN;ce1^OdZNb0]e1]ObZNd0]e1^OaZNc0\e1@dZNb0Ze1^OgZNb0Xe1^OlZN>Te1AP[N;od1FS[N9ld1GW[N8ed1L[[N3dd1O\[N0cd11][NMdd14][NKcd14_[NHcd18c50O100000O1O1N2O2N1O2N2N2NmhZP2
20220621185332Bh_4,Tf\`2;6HUo1b0L30O001O100K5N3M2O1O101O00O01010O000000001O01O01O001N101OM4OM3N200O11O011N1000001O0O2O00010O1N2O000O1O2MR[W\1
20220621185332Bh_5,ag^W34lo110O[P4NhoKO`Pd03]o[O2M3N4M1N1O3N1N2O000O10001N1O4M3oPNVOgn1S1M2N10000012M3M2O0O1N2O1O2N1O2N2VOlPNc0Zo1O1O0O101O0O01000O1O1O001O001O00001OO100O1O1O1N10100000000000000000001N100O1O10000000O100O1O001N2O00100O2N3MmUoa0
20220621185332Bh_6,^bXb11no11O1C0iPN3Qo1a0M3M3M2N4NTObQN9Xn1HmQN6Rn1IPRN6Tn1DQRN:ln1O1O010O01O01N10010N101O0O0100O10O0010O001OOk\a[2
20220621185332Bh_7,[_jo29fo11O2O001O00000O2O0000000000O101O00001O00001O001O1O00100O001O1O100O1N\Pn0OeoQO3N1O1O1O1O100O1O1O100O100O10O10O010O010000O0100O0010O01O10O0100O1O1O1O1O100O100O1O10O10O100O10O01O100O100O10O1000O10O100O10000O0100O010O001O001O0010O00010O1O1O10O000000001O00001O00010O01O01O001O0001O01O00001O01O01O01O01O01O01O1O010O1O1O1O1O1O10O01O001O010O1O010O0010O00000010O0010O0100O0010O010O00010O010O10O1000000O0100O1O001O1O001O100O001O101N100O10000O101OO1000010O001O1O2N1O3M2N000001O09H2N1dQN`NTn1g1000001N20O1N4L001O1O101N100O10000N2O1O001O000O2O1O0O2N1O2O1N2N3N1N2N1N2O2N2M4L9EZZQ>
20220621185332Bh_8,RblS11mo15KNYPNMgo18YPNH[o12ePN>Yo150O200000000O21OO011N00000000O1O1O1O1N2N2N2O1N3M3M2O1O\OZQN0cn1K[QNF;4EKcn1:RRNG\OMcn1;m01000O01O2OO110N2O1M3Mc^Ui2
20220621185332Bh_9,^\Uj26io12N2N1O1O0O010LFbPN;\o1500N2000O1000O1O10001N13MN210O_OiPN:_o1O1O010O0M4O10O01O010O0010N100002N2JidTS1
20220621185332Bh_10,mYmg1114fo1b0B^OPQNOM1ln1MjQN1Qn1OSRNOkm11WRN0fm10]RN0nN1[n10mRNNgN2PP2OOOmM1STNOik10R21001OTQN0UO2]n1NYRN5Pn1KoQN61JRm10mRN1WO3k0Mnl1OoRN2;1^m10dRN1Xm1OmRNNol13TSNMjl11ZSN0dl1Og10N1QRNNok15PTNOkk12VTNOdk10bRNLl10dk15U210O1OJMaPN1ao10]PN0eo1N]PN0jo1OXo50hPN0QPL000dPN0`20Ti10[TN0\o10XSN0WM0Uo10jPN1Zk1ObXN1lg1OXWN0PM2fk1N[WN0PM2Tk1N\XN1`L0So10lPN0To10mPN0Rk1OoTN1R3OnL0Qk10nTN1T3OnL0oj10mTN0Y31kL0on1OQQN1on10PQN0Qo1OPQN0Po10gL0cWN0\h10dWN0[h11eWN0kg1OiTN1^30gg1OlTN1^30eg1OnTN0]31eg1OkXN1Tg1OnXN1Qg1OoTN0a32^g1NQUN0d30\L0_j10eYN0lK0^j10bUN0f30ZL1]j1OhYN0lK1Zj1OeUN0g30[L0Xj10fUN0h31ZLOWj10fUN0k30]g10l30kPN0bo10O0PUN0Rk30PkM0cYN0]k1000O10ObP20_oM0\j10cUN01000VPN1M0c4OYf11VUNOe40Tf12o4N30O1UUN2ce1O`ZN1[e1OiZN0Ue10jUNNi43Ze1MQVN0f42We1Nd5000010ObPN0mn11SQNOmn10TQN0ln10TQN0ln10TQN0ln10SQN1mn1ORQN1on1OoPN1So1OlPN1Uo10iPN1Vo10iPN0Xo11fPN0Zo11dPNO]o12aPNO_o191O00O1000O10001O1N1N20O100O01M300O1001WPNLdo19N10000O2O01O00000O1000O1O100000O2O000O11O001O001O00O10O1O10O101O1O010O01O00100O1O10O0000000O2O00101N2M3Mjhhk1
20220621185332Bh_11,g^Rk03co1NaPN;Yo18N2O0O2L3O2O0O100000O101O001O001O0O1000001O000O2O1O0BfPN6Zo1JgPN4[o1LdPN5[o180001O1O1O1O001O1O1O010O00000010O001O001O0010O0010O000010O002N2OO0O1O2O0N2O1O1O100O2N100O10001O001O105J01003L2LQQP21onoM2O1WPNMco1:N1O1O2N1N2O1N3N5K101N106I2O2M2O2M8J4K1OM2NkQN\NM0Un1`1SRN`NPn1S1jQNmNgn1P16OeQNQOgm1n0f000UOPQNe0c0XOmm1h0SRNYOlm1g0SRN[Olm1f0URNXOkm1i0TRNWOlm1i0URNVOlm1k0RRNUOnm1k0RRNVOPn1g0PRNZOom1f0QRN[Omm1f0SRN[Olm1d0URN[Okm1a0bQN^Od01Sn17ZQNGd01Wn13UQNLe01Wn11SQNNh00Wn12kQNNUn10mQN0Rn10oQN1om1NTRN1on1OQP22XoM0ZQNOPn1OkQN0F0N86HK2]n1NmQN4I6NGM4jn1KVQN1:d0_n1[OeQNe0Zn1\OgQNa0Yn1@jQN<Wn1DmQN7Un1HP10PP2OV^Yi2
20220626185332Bh_1,_gTo01io18N0O2M202N4K3N2OO0100000O1O1N1001O10O010O0001O1O3N0O10000O1O010O1O101O0O2N2YQNoN\n1Q1bQNVO[n1M`QNS1gn11N3IeNcQN\1[n1eNfQN[1OcN]n1a1O010O1O1O2OO12N1OiNjQNc0Un1]OlQNd0Rn1YOQRNg0Pn1UOnQNG1R1Rn1TOlQN0Ol0Un1TOkQN11k0Tn1ROlQN25l0km1ROnQN38MHi0Pn1@ZRNCF02k0nm1_OfRNa0Zm1WOoQN1j0h0]n1M1N2O0O100O100001N0100000000O1O3M1O11O00O1O0O2O]PNEao1<11N101O1O1O1O00001O01O00000001N100000001N100O101N1O2O000O100OJ600O2N2M30OO2N1O3N100OO2O010000O01000O010O100O00O2O0000010O0010O1O2N1O101N3M[Vmf2
20220626185332Bh_2,gffj14ko12O1N2O001O1O1O0011OO1O001O0001N10000001O1O10O00JCiPN>Vo1BjPN>Vo1ChPN=Yo15001O0010O0010O01O01O01O1O010O0001O0001OO10000O10000O2O1O1O001O001O1O00010O1O0010O00001O01O10O0001O01O00010O01O01O010O1000O010000O001000O01000000O100O2OO001O1002M010O011OO01O1O1O10O1O1O01O0011N1O01O00010O01O001O01O010O1O1O10O1N2O12N1O1O2N001N1O1O1O1O10000O1003M5K4L1O1N1O2O0O10O1O00100O10O10O01O101N1O100O010O0000001O00001O1N2N[VYi1
20220626185332Bh_3,f[]`14lo11O1O010O01O000000010O0001O01O0001O00001N100000000000000000001O1O1O00000010O00001O00001O0000010O1O001N100000000000KL]PN5bo1M]PN3co151O00O100N2O010O01N2O1O010O001N0I[PN6eo130O10000O10O1O01000O0O2N20O001N2O0O2M21O001O0100N2O1NodRY2
20220626185332Bh_4,hZQU15ho14M3O00010\PNG`o1=N11O0O1N2OON13H7N2N3O0M01N21O2M3O1OOO2ON31OL3020O10ON21O01O101MIRQNBkn1=ZQNA[n1e0lQNZOmm1j0VRNTOkm1k0f0O1O1O2K5L5L3M2O003KWhdg2
20220626185332Bh_5,Scfi25jo12O1N2N1O1N1001OO01000KEgPN:Yo15HCnPN?So161O100001O10N101000O01O1O1O1O01O0001O2OO01N2O1O1O00100O010O010O011M21N01O1O0000001N3N3Lm\cR1
20220626185332Bh_6,cUiZ21mo13N101O001O0O10000O1000O01O100OO2N2O010O10O010O1O1000O1001N00101O01O00010O001O001O00001O000000010NfjRb1
20220626185332Bh_7,aXgm21no11O10013L1WPNJfo1801O1O00O2N2O00ePNOgn11WQN4EFon16ZQN8fn1JQQN>on191O0010O01O1N1O2O0O0001O01N2NmPN[Onn1f0RQN[Oen1m0YQNUOZn13hQNP1Wn1<01M2001N2ZOeQNVO;0Tn1e0URNXOmm1e0i0N2M3L3N3MQhXo0
20220626185332Bh_8,g[[]3;do13M3N1O2N2N11O1N5M4NN1N010O000001O0000001O0O01001OO3J3O2O1N10011M1O1000N?B3JTcV`0
20220626185332Bh_9,m_YW15jo15K0M3O2O101O001O12CdPN1To1KoPNO15Po1LYQN4Zo1000O1O100001O0O101N1O2N=1@2E;O21N2N000E`PN7eo10O10O1O100O101O0001O000O01001O2M10O1O0010O00100O1OL\PNLdo19O0001O001N1000000O1000000001O10O001O100O0010O01O00000O2O00000000\^nb2
20220626185332Bh_10,QgVk11PP2000PP20oo30PPJ00000SP>0moA0000000QP20QP60QP>0loYO10000O10001O00000000001O01O00000010O0001O01O01O0001O010O0001O01O010O10O100O010O1000O10O1O010O1001O000010N00000010YPf0OgoYO010O100O0_OOSQN2^o10O0001O01OO10@OQQN4]o10O1_OKVQN5[o1O1000\OLZQN4gn1LWQN5jn1KUQN6kn1JWQN5hn1KYQN5Zo1O2NZON]QN2cn1N^QN2`n1NaQN2^n1NcQN2\n1NeQN2Zn1NgQN1Uo1001SONiQN2So1000TO0gQN0Zn14aQNKan18[QNHin15VQNKkn15SQNKnn15QQNLon15PQNJPo17oPNJQo16oPNITo14mPNLSo13mPNNSo11nPNNRo13nPNMQo13PQNMPo13oPNMQo14oPNLPo14PQN4ln1ISQN8mn1HSQN7nn1JPQN6Ro1ImPN7To1IlPN6Uo1JjPN7Wo1GjPN8Wo1HhPN8Xo1HhPN9_o11O3FCkPN>To1BlPN8ao1NLJbPN1do1OZPN2go1NWPN3ko1OeRX21`meM0eo17^PNIXo19fPNJXo1`000O2O01N2O1N2N0O11O4K3O000O10YOlPNa0To1]OoPNa0\o1L1O001N101OIIePN7[o1JfPN4[o1LePN4[o1KfPN5[o1IfPN7ao1010O0010000O000001L3O2NcRYd1
20220626185332Bh_11,l^dT25go14O2O001O0O2N2N2N3fPN_OPo1k0M3N1VQNnNcn1X103L1N3O1N]OeQNTO0:[n1a0mQN\OTn1`0QRN\ORn1`0i0LfPN@\o1a01O010O1000O0100000000O100NaPNC^o1=30000010O000000000O10L`PNHao17_PNJbo19001N200O00000000000G[PN7fo10100IYPN6fo1JZPN6fo13O00001O3NO00^PND`o1>01O1OO11N10000ePN_OWo1b0gPN@Yo1e0N10000O00100O2N6K1N2N1O013L00]OZQNMen11^QNNbn1OcQNN^n11dQNN]n10eQNN\n12iQNHXn18iQNFZn17h001O00000O1L5MWa]d1
20220626185332Bh_12,nbnX11no12O1N1O2O0N200000000O02O0000000000O1O2[PNFbo1:^PNGao1<00000O02O1N101M_OePNb0Yo16M003jPNUOPo1o0N1O101O0O100001N1O102M2O1O0O4M0O10000O101O1O0]OePNa0[o1_OfPN`0^o1O010O00001O000000001O000010O01O1N1001O1O000010O0000001O00010O0000000000100O1O00O11O00010O1O1O10O1O01N1002N0001OO101O01O00001O010O001N2O001O002M\\m^2
20220626185332Bh_13,g[i`11QPb00TP@0do10]PL0bo10^PN0bo10bPn00Zo;0[PjN0PPL0no11PPNOQP20[P40YoM0]PL0YPN0\o10]PN060]o50[PL000YPN0^o10800001O10O\PNOZo10ZP20<0[oM0ZP20WPL0co1060XPN0ao1070YPN0Zo11cPNOeo12YPNO3O`o11\PN030ao13]PNOco17000O100O2M200O3Nod`X2
20220714185352Th_1,l\_R24io12M4K2N401O000O110O0K6N100O2N2N3M2O5K2L3O1O10O000L5M2O1N2O1O1O1O10N1001JSQNXOPo1e0600O10O100O001O00O01N300N1OO30O0011O0OA?O021O0M3F9002N4M2M2N1OO1O1M31OLdNgQN[1Yn1501O2O0100O2O2N1N2N2O1L3N2O02N1001N2J7M5L3NiPN[OQo1e0oPN[OPo1g04OSQN[O`n1f0`QN\O^n1d0bQN^O\n1c0bQN_O\n1S10O1N1O100N2M3O101L301M2N2O1O101N1O2N0M4J7O21NK\PNMeo12Xhbe1
20220714185352Th_2,SiPm2432Zo1`0K3M7I7J4K6J4L3HZNPRNi052gm1LkRNKQm14USNKgl12aSNL]l12hSNNTl11QTNNlk11YTNNdk12aTNK]k15fTNJYk15kTNJSk14QUNLmj13VUNMgj13]UNKbj15`UNK]j15fUNKXj16hUNKUj15nUNKfi1IlSN=`2KYi1f0iVNYOUi1h0lVNXOTi1f0nVNYORi1e0RWNYOoh1c0UWN\Okh1?[WNCch16VTND[36^h16eWNK[h15eWNK[h14fWNLZh14eWNMZh13gWNMYh13gWNMXh14hWNLXh14hWNMWh12kWNMUh13lWNKUh14nWNHZLNhk1:l30000000000O1000O01O1O4I_Y[o0
20220714185352Th_3,ec[Y22mo15K2O1N1O2N1O2O2hPN@ln1b0oPNBPo1g0O101O001O00001O0O2N1N2000000001N2O1YOSQN8mn1HXQN2in1OXQN0gn11ZQNMfn15YQNIhn18YQNDjn1:ZQNBgn1>=O10010O0101NCcPN9]o1FePN9[o1GdPN:\o1FdPN:[o160O01O2M2O0O2O1O001OO1O2O1O10O100O2O0O2O00IlPNAUo1>nPN@Qo1a062N1O1O010O10O1001O001O1O0000N101O0101N1O3M3N1N2O1O000O1O001001N1O1N2O0010L3101N10000O1O101N10000O10000O001O0O200N3N2N1O1N20JAjPN?gn1E_QN`0an1B]QN>cn1D\QN<dn1D\QN;en1E\QN:dn1F^QN7cn1I]QN6dn1KZQN6fn1KXQN5in1a0O001O1N1O02O1O10000O10O1OXOXQN9in1FXQN9hn1GXQN:hn1EWQN<in1EUQN=kn1BVQN?in1AWQN?in1@WQNa0hn1AWQN>jn1BVQN<kn1DWQN9jn1HVQN7jn1IWQN6in1KVQN6in1LUQN4ln1`0O001O1N2N1100000O10O0100O00O100O2O1O1O001O1O1O1O001N1000100O100O1O1O1O1O10O001O0O2O1N101N2O100O00100O001O1O01O00010O0001O0010O000000000O0010O10O2O001O0O2O1O0O1O2HnPN_OTo1?7O2O0O3N1O2N1ORa\V1
20220714185352Th_4,`fV^21mo16L1N100O100O2O000001N100O100O1001O00010O010000O010000O100000O11O00O11OO11O01O01O001O1O3OO1N3L5J_Xg^1
20220714185352Th_5,TX_k01oo11O1N4WPNK`o1?L2K4M2O010OO1O2NN3N20000O1O2N012N1N002N10M3O2^O[QNIen17`00100000O2O0001N2N2O001O010O02J5O1000O10001N110BbPN;_o12O000OF`PNM52_o1NbilP3
20220714185352Th_6,f[^Y1120io14N4]PNHZo18ePNI[o18dPNH\o18bPNJ]o1=O10O1O1O1O10N101N2O001O0L40ON21100O1000O01O1O0O20OO20OIUOVQN10k0jn170000N2O1O1O00000O1OYObQNO^n11eQNL[n14gQNIZn15jQNIVn17lQNA@1fn1>oQN@Qn1`0h00O010O1O1N2O1O001N2N2M3M30N101N3N10MVOPQNi0Po11OWOPQNi0Po130YOPQN`0Po17101N1M30010O2YOiPN`0\o1O2N2J6M3KWPN0]fSa2
20220714185352Th_7,QiPm22412NUo10[QN0`n10cQN4Vn1LQRN3im1M^RN2\m1OhRN1Tm1NRSN1il1O[SN1^l12eSNOTl1OVRNOi052Mkl1OQSN2F15NQm1NSSN200K0nl1NTSN390C0ll1NVSN0c01[O0jl1NWSN1i01UO0hl1NYSN1P10nN1fl1N\SN1T11gN0gl1N^SN1Y1OaN2gl1N^SN1]10]N0gl1O]SN2b1OZN2bl1NaSN0h1OUN3`l1McSN1k10PN2`l1NeSN0m10nM1^l1OgSN0Q2OjM2[l10kSNN[22gi10nSNOS2OhM2hk13QTN0=MS2NhM3`k1MVUN1e1OdM4`l1MmUNOcM4^k1LXUN0j10_M7\k1IYUN0P20YM:\k1FWUN1W2OUM<Pl1EQWNOQM:Yk1FmTN1D1X3NnL9MGek14jWN=Sh1AfWNNlL6J2Vk1HTUN1R3OjL5J5Uk1FUUN1Q3OlLc0lj1]OWUN1R3OkLb0mj1^OVUN1R3OkLb0lj1^OXUN0R30jLb0lj1^OXUN0R30kLb0jj1^OXUN0U30hLc0jj1]OYUN0V30eLd0lj1\OXUN1X30`LONd0Rk1\OXUN1Y3i0_g1VOXUN1`3d0bg1[OaXNe0]g1[OeXN3QL<Yk1AgXNe0Zk10kK[OmXNe0hf1[OdYNe0[f1[OfYNf0lj14K0O00104K2ZQNQOVn1o0dQNWO^n1f0`QN]O`n1S11NgJhNi[NX1Sd1mNQ\Nn0nc1UOS\Ng0nc1YOS\Ne0nc1[OR\Nd0nc1\OS\Nd0mc1\OR\Nd0nc1\OS\Nb0oc1]OS\Nb0nc1]OR\Nb0Pd1YOT\Nf0di1O2WOmPNa0\o1M010O0001O02N02M2OO101N2M201N2O010O000O2N1O1O2O0OSScl0
20220714185352Th_8,n^^n22mo101O02O10ON200000001O000010O0000O1000001N10O01O1O2N101O1O001OO11O01O010O1O1O0O101O0001O01O01O000001O0001O0001O00001O001O010O00002N001M2O2OQP2OPPN2N1O3M010O10O01O0YPNJdo16\PNKco1901O2jPNCen1?XQNChn1=VQNEin1<UQNEkn1=RQNDnn1g0O101O0O2O2N0O2N2O1O0001N12N\O]QNKcn14`QNJ`n16dQNDYn1I`QNb0To150000000M20100K5O101N1000O1001N1N3O0O2O3Lk`ai0
20220714185352Th_9,XbWb14io14N3N3M1O0OBaPN=^o1DbPN<^o13O10O10O1O1NBfPN:Yo17O010O100N101000O0100O2OO01O1O00100O1O0000100O0000O1M202NO2O101O0010O1JoPN\ORo1c0510O1JhPNCYo1<600O1000_PND^o1?M@fPN`0]o1NcPNC[o1<fPNDZo1;hPNDXo1<hPNDWo1>gPNBUo1g0N2O01000000000O010O01O0100O0100O1O2MO2100O1O010O01N2O2O0000000O1O1OEQQNFon1;:1O2M10O2O00O101O0O10001O0O2L2KWOUQNj0ln14100O1O0O2O0O2O1O101N100O100O0010O00M4N2O1001OO0N301N100O01O1O001N1O2O000000001O00010O010O010O100O1000O101N1O0L311O100O100000000O2O0O100O3M]anQ2
20220714185352Th_10,deZP15ko11O1O1O3N1000O02N5K10N100N2O2N1O1O000100O10OO20O012NO10O1O1O1O0003M10002N10M2O2M5KWYQm2
20220714185352Th_11,Qo\`22ko13N4N2M4N0O10O1O2N00O10010O0001D]PN9eo11O001O4L103L2M4M1O01O00001N1HlPNBVo19gPNG`o18310002OO2O1O000O10O0100000N2O0000O3N2OELkPN2Vo1OlPNMon13hPN0bo12^PNOao12_PNN_o1:01N001O00O1MbPNE]o1<41OO1N200O101O01O1O00OGHlPN8To1HkPN9Uo1GkPN9Vo1EiPN=]o10000000O01001O000000L3010O0010OO11O10O01O10000O100O102M1NVRgX1
20220714185352Th_12,nkXP31no132N00O01OfP20Pn30ZQJ002_P`0Nao_O0010OZP:0jo?0koUO0WPN0bo10]PN0do11[PNOeo11ZPN0fo1500000000N10000000O20O01O2N[Sgk0
20220714185352Th_13,gYcP32no110O0001O0O10O1000O10O2Omo7OSPH2N10O01O01O01O010O000000001O001O2N1O1O1ON20O2000O001O000O100O100001O01N2N101O1O100O10[gbk0
20220714185352Th_14,__d^18ho10O2O2M3N1O2N1O001O00100O011N10000O10O0100O0103M10O0O001O000001O1O1O2O0O1001O3M1O1OO01000O002J5N2O1O1002N2N0001O0O1O1N2O2N1N3N_Pj0MaoUO4N2N3N1N2`PNFXo1b0O11OO010O010O10O01O0001O00000000000000001O0000001O001O010O0010O01O01O010O1O101N1O001O1O0010O01O1O1O100O10000O00100O00001O0010O0001O010O0001O001N10001O00001O0000001O00000001O00001O1O1O0010O000000000O100001O000000000000001O000000000000010O00001O00010O002N1N10001O0000O01000O1O2O000000000000O100000001O00001O000000O101O000000001O01O01O00001O00010O0000010O00001O0001O01O01O00001O001O10O01O010O00001O0010O0001O000010O01O01O010O001O01O00001O01O0001O0010O01O010O000010O000001O000010O000010O0001O01O01O0010O01O010O10O01O010O001O010O1O1O1O1O10O01O10O01O010O10O0100O1O10O01000O10O0100O0010O10O100O10000000000O1000O01000O10001N1000O01000O100000000001O100000O0000O100001O00001O001O02O002N0O1O1O1N3N3L8GQZaf1
20220714185352Th_15,Re`_22no10O2O001O100O1O001O1N2O00O1O2O1O001O01000O10O0100O01000O0100O1O002O0O010N3M2O20O00O11O1N3M1N3N2O01N2N2N12N2N0010O12NN01OeYe\1
20220714185352Th_16,Wclk11oo70aPV50do[K0lo[O0PP2000TPh00PoM0lQZO0PoK0RP40PP20onG0TR<0jmC0QRN0Vna00jP@000QP40QP20noI00010000000O0000000mPN0Un10kQN0Un10n00nPN0Sn10mQN1Rn1OoQN1Pn1OPRN2om1NRRN3lm1MTRN6km1JTRN8jn1OSOIQRN6Pn1JoQN6Rn1JmQN6Tn1JkQN5Vn1LhQN5Yn1LeQN5Zn1NbQN4^n12YQN1jn1b00O2N1N2O3M2N010O0000000^OePN?ao1N2M3NO000001N2LkXWe1
20220728185352Th_1,k_dj22ko14WPNKeo19O1K4N3N100N2O1O0OJ43N210O1O00O1L4O101O0N3N20O01O10O1N1O10001O01O001O0010O10O00100000010OO101N1O1O10000O02O002L_PNEbo1:^PNFco1;00000O1000]PNF`o1:`PNFeo16ZPNJfo181O3M2O00XPb0Nio]O1N1001O00000001O1O001O1O1O00O2O01O1O01O0O10[PNK^o16bPNK]o16aPNK_o1;00001O010O00aPNFXo1;fPNG=OZn1`0fQNAZn1>_QNIan19\QNIdn17ZQNJfn1h01O000M5N001N1MPQNUOSo1i04M2O000O10O0100000000_OfPNO18Zo1GgPNO18do1OJIbPN7_o1J`PN5bo1K\PN6do132M2O001N2OP`Ql0
20220728185352Th_2,YdU`221Ono15TPNK41To19gPNG2001Po15mPNO25nn15PQNMon1c0N11OM30O0O1001001O1QORQNj0on1UOQQNk0Po120ROPQNl0Ro10O1O1N110001O01O1N2O001O00000O000100001N1O010O10OM4N2O002O00O1O3K4M6H5N1O3L2O2M3K8Ji[P\1
20220728185352Th_3,Pako24ho17M1O005H@ePNf0Ro1ZOoPN00h0mn1\ORQNf0kn1:0O00O1N2L41OO0N21O1N2ONiN\QNW1en11000OOC`QN]Ocn1a0?O00N200NO3M3N201O1N0O20N2O2O1N2N2N2N11K4MiPN]OYo1b01101O0010O00010O0G91O10O000010O0010O1O1O1O10O000O2O100O02O000000000O0001O1O1O1O1O010O02N00000M310O2N100O2N2Njahi0
20220728185352Th_4,Wn`=7ho12O2N0O1bQNGTm1;cRNDXO3Tn1LjQN9g0GXO;\n1M_RN5_m1M^RN5bm1LURN;km1FSRN<om1ClQNa0Vn1c01O2OO01N2N1N2O2M101N2M3N201OO0100O1O1N101O10O1O1000O01N1@[OcQNh0[n1_O_QNc0`n1=3M3N1N2M4N1O0O2H9M3F;JTRQ_3
20220728185352Th_5,QT_[25ko13L2O2O1M110O30N003L3N000O0010O100O10O001O1N2M^kPc1
20220728185352Th_6,][ob23ko1200O101O1N2O000N3N1O1O2N1O0000M4M1010000O2O00010N1O2NZeX[1
