filament_id,segmentation_rle
20110130110334Ch_1,S_`c21nPh13jnYN5M2gPNGkn1:QQNJnn1e0O01O011N0010O2kPNXOnn1n0O100O006K0O10O100O24K0000O101hN[QNS1jn1O00001OO10003M0001O002OO11OOO2N2N10O010O02N1O2O0O3N00000O100O3OO0O1O10O101N002OO010O0010O010O001O1O1O0010O01O010O00010O010O010O010O010O1O100O0101N1O1O010O01O1N100000O1000100O001O10O010O1O1O10O010O0001OO2O1O3N02N1O0O0100O2O0O01KePNB\o1=5M3N3Ke\cQ1
20110214175414Mh_1,oZfZ22Z3Oekg07ePZO4N2N3N1N2N3L3O1O101N100O2O0QOWOfRNk0Xm1XOeRNi0[m1XObRNj0^m1XO[RNn0dm1WOURNk0jm1g0O001OZOYRNSOgm1k0_RNRO`m1m0dRNQOZm1o0hRNPOXm1o0jRNPOVm1o0lRNPOSm1P1oRNoNQm1P1RSNnNnl1o0VSNoNjl1R1R1O1O0100000O1O0N4D;DiPNMgcma1
20110214175414Mh_2,oWke22j2OYj10fT`14an]NLTo1d0K3N2O0O2M110N1O1OO1N2O11O011O000000000000O1O2M2O2N1O2O0O2O001O001O010O010O1O01000O010O10O0100O01000O10000O100000000O10000001O00000000000001O00000000010O0001O01O01O010O0010O01O010O0010O00100O100O1O1O0010O1O00001O000000O10000O1O2O0O3LRgTQ1
20110214175414Mh_3,SXcf22e2Ofli03RPXONhPN8LIXo1O\QN0an1ObQN0Xo10TO0fQN0Yn10h10TO0O000N1N0oehW1
20110214175414Mh_4,k\d_22d3Oeh10f30fPR24UomM101N2O001O001O001N10001O0010O01O00001O01O00000010O000001O000010O0010001N2O1O0O100fPN]OVo1i0M10O010O100O100O010O010O001O001O1O001N3N1O1O010O00001O01O01O01O010O0010O010O0010O010O10O01000O0100O10O10O10O01000O0001O000001O00O1000001O01O000000010O00001O010O001O011N01000O10O100O2O1N1O10O01O01O010O001O00001O01O01O00001O001O001O00100O1O001O10[PNFco1<OO2O1O1N2MTmk1LRSTN0Uc]Q1
20110329082654Uh_1,o^`R22d3OXic03oR^O5N2M0O2OO2O0O1000O10O01O00000000000O2O0O1O1O1O1O1104L1O1N1000O104kPN7jm1JoQN>om1m0M2N000O10N3jNQRN7Sn1TOaRNh0]n1L4H:Ie^oi1
20110329082654Uh_2,ckf[22cPP14UoQO3N2N2O2N4L00000000O101O0O100001O10O00010O00010O01O00100N2O2N2N0013MO1000O10O2N2O0O2O4K4L100O1000O2O1O01WQNQO]n1Y1100O0O1O2O0O1O2M4\OYQNAL2Vo1MaSY_1
20110329082654Uh_3,oUoT12R4Ogie00RR\Of0VPNAmn1n0I5M3M3M3M4K4L4L3M4M4K2O1O1N01O100ZOaRNlN^m1c0fRNPO84Tm1j0W1111NDaQNZO^n1c0fQN[O[n1b0c0N1O2N1O2O001N2O001O1O1O10O1O1000O2L`i`g2
20110329082654Uh_4,R\__11hPn05PoSO3N2N101O1N101N2O0O2O0O2O0O2O1N3M3M4L1O1O2O0001O2N2N2O1N2O0O101N100O2N1N2O1O0@fPN:Zo1EgPN<Xo1DiPN;^o10100O00010O000O10000000001O000O101O0000000O10000O101N1O2MbbT[2
20110329082654Uh_5,lanW12no1O`PX16ZogN2N2N2O1O000O1000O10001N100000000010O1O1O01O001O1O100O0010O010O1O01O010O01000O010O10O0100O0100O10000O01000O010O1000000O01O010O01O0010O010O0010O00100000O100O1O01O010O0000010O01O0010O001O10O001O0000001O2N1O1N1OVnW1NQ`a]2
20110329082654Uh_6,c]^m02no1ObQZ11]neN3M3M1O2OO01000O01000000O10O10O10O10O10O0100O010O0001O010O1O01O01O010O00100O10O0100O10000000O10000O01000000O1000O01000O01000O0100O10O1000O1000O10O10O10O1000O10000O100O1000O0100O010O010O0100O01000O1000O2O00001O0O2O00002N1O001O0001O0N2O2EcPNOgPZ11ZmiNNUdUh2
20110329082654Uh_7,XVaa22no1OiQT13TnkN2N2N102M101O001O0000010000001OO0100O001O001O2N1O00000000000O100O1O10O010O0001NFlPNKTo15mPNJSo15PQNIPo17<0L400O1O10000001O00000O2O0001O00010O1O000010O01O100O100O0100O100O001N2O100O0010000O100O10O0100O1000000000001N2O1N101N^oS1M^j^T1
20110329082654Uh_8,fdla11ePl01WoUO3N2N10001O0O100001O000010O01O00000001O01O01O000000010O0001O000O10O1000000O010O10O0100O010O00000000000000O011O001O1N1O2O1OU[[Y2
20110329082654Uh_9,cUja133Ol00[1OPkg03`RZO2O1N3N3N2M7J2M3N4QQNUO`n1W1OO101000O4OOOO01O001O001N1O2O2MPOgQN>Wn1AiQN`0Vn1^OoQNa0Sn1ZOPRNe0Sn1UOQRNi0Pn1UOSRNi0cn1O001O1O1N2O3M100O10O01O11O1O1O8IO1N3M2M2O1N4KjgoY2
20110329082654Uh_10,QVaa23c4Nohm10^RTN00000QP20TQN1hN0nN0VRN4gm1KYRN6fm1KXRN7hm1KTRN6nm1KnQN9Pn1FPRN;om1EQRN<nm1DQRN>nm1BRRN>nm1BRRN?mm1BQRN?om1AQRN>Pn1CnQN=Sn1BmQN?Sn1AlQN?Un1@kQN`0Un1AjQN`0Vn1_OjQNa0Vn1_OjQNa0Vn1_OhQNc0Yn1\OdQNg0Qn1YOlQN12f0Rn1ZOkQN04d0dm1YO]RN6IK:d0]m1^O`RN:55[m1B`RN8>MSm1GcRN9`0Mml1JcRN3i0OVm1O^10000O10^O0UQN1\o1O10O0A0QQN0on10QQN0on10RQN0^o1001_OOSQN0^o30PPN0PP2010PPN000oo10lo70TPF0PP20PPN10O10O010O010O0PP20QPN00000000000O010PoW10oj\T1
20110329082654Uh_11,SQeT23S4Nfg10nTP14RooN3N2O1O001O010O1O010O10001O1O2N1N2O100O1N2O0O2O00000011O001N4L3M1O001O0001O00000O11O0O1100O1N4M100O2N01O0010O001OO10[QNYOPn1g0oQNYORn1g0mQNZORn1g0mQNXOUn1h0jQNXOWn1h0`010O1O2N2M5K3L4Lklm0KYRic1
20110329082654Uh_12,e_VW11YQn03inQOMeo1801O00O10000O10O10O10O010O0001OO11OO101O01O000000001O0001O0010O01O01O10O10O0100O10O10001N10000000O10O11N100000O01O1O1O0O2N11N4LS`ic2
20110329082654Uh_13,kTYW21no111OnoU20noiM50O000O10O00O^kje1
20110408083214Th_1,mc`a24c8Nd^10[^f13XjYN3M2O1O001O1O1O2N1N101N2M3N1O2N101N2O1O1N3N1O1N3N1O3N2M100O01007I0000O1O01O7J0O01O0O2O000O102M2N1O1M3GbQNlNbn1Q18O1O1O1O1O1O1O1O1O01O00010O0O1VNVO^TNk0ak1XO]TNg0bk1]O\TNb0dk1@ZTN>ek1G[TN6bk10\TN2`k12_TNN_k15`TNL^k15bTNK]k17_TNLak15ZTNNgk13WTNLjk15VTNJkk17STNInk18QTNHPl18mSNJSl17kSNIVl19gSNHYl19dSNH]l1;_SNF`l1n1M2L4K5L3M4N200000O11OO100O2M2M4I8TM`SNH2i1el1ZNoSN_1am1G8H7H6K4I7M2O2N4LlX]U1
20110408083214Th_2,afVj04i6OQgm09dQTOa0A>B6K3M3N6J2M3L4N2M3LVOgRNSOXm1l0TSNhNll1Y1l0O1OI72MO04O2M2O2M202M3M3M3N1N3O0N2O1O10O001OO01M3O2M3N2N011O0100O2N101O0O2O1O2N1O2O2M2N2O1M3M5Hhnk0KQ[So2
20110408083214Th_3,V_^\12P3ORk??\QB3N3L4M3M3L3N[OZQN4cn1JbQN5\n1HkQN6Sn1JoQN6om1IURN6jm1IYRN6fm1I\RN7bm1I`RN8]m1HfRN:Um1FnRN<nl1CVSN;hl1FYSN:el1G]SN8bl1GaSN8\l1JeSN5Zl1KfSN6Yl1JgSN6Zl1JeSN5]l1IeSN5]l1IfSN1`l1LVbYa2
20110408083214Th_4,\iZW32S3Obk?2WQB2K>C2L5L:E8H8C;M3N2N2M2O02N1O2M4L4F<H6L6L6J8I4J8GmTaf0
20110408083214Th_5,\U_\12l3OUh10ZWj01`lUO4L3M2O2M2O1O002O0O1O0O11O2N1O1OO0101O1O0010O10O10000O2O00000010O0010O01O001O00001O01O0O1000001O000000010O01O01O00000010O1O0O100000O010O10O1000O2O00103F`ok00[kn[2
20110408083214Th_6,P^RR22V3OXjo01fRPO5]o19M3N3M2N2O1O2O0O2O1N2O0010O1O2N100N101O0001OO10O10O010O1O01O0100O2N2O0O100O0100O01000000O100O010O01000O01000O010O1O011N101O001O1O1N100O1O1O2M3M]_[h1
20110408083214Th_7,neXW21aP>9inCHjPN=Wo16OO2O2O001O1O1O0O2O1O1N200O001O010O00010O10O10O010O2N2M[Y]f1
20110408083214Th_8,Qhfm13nPd04en]O:I5K5L4N21N000O12O2ON3N1O02N002N20OgQNPO^m1W1VRNmNlm1V1kQNnN[n1X16J3N1N3M5K3N3L2N2M2N2O01OO11O002O00O1O2M3N2HoTmn1
20110408083214Th_9,o_dQ12d2OYkc01oQ^O5M7JO0000O010O01O01O100O01O100000cQNIQm18lRNLRm17jRNJVm16hRNLXm14gRNMZm12dRN0\m11_RN2cm1OXRN2km1NmQNAJ`0]n1OeQN6`n1b03N2M3N3L3N2M4M3L4M2N2N2M3Lo^Uk2
20110424064534Lh_1,Q^PV14a7Mi`10aYZ11omeN7J6K3M4L3M4M2N5J4N2M5L2M2O002N1O2N2N3N1N4L3N1NeN\RN:em1B`RN>_m1_OfRN?Zm1_OiRNk0ll1RO[SNl0dl1oNaSNP1`l1jNeSNV1em1M4M1N100O1001O0O2N3N0O0010O0101NVO^QN7bn1FbQN;\n1CfQN>Xn1AiQNa0Vn1]OlQNc0Tn1\OnQNc0Rn1[OQRNd0gn1N10001N2O1O001O1O01O010O0010O010O11N10O100O002OO0000O100001O10O100O000O1O1O1O010O0001O001O1O001O0010000O100O00000O100O11O2L5LjiY1G_ha^2
20110424064534Lh_2,giPk12Z4OYg10XUX13ongN4M8H2N3M2O001N2O0010O01O011N2O7H2O1O0O1001O2M2N1O1O1N2O001O001N101N1O2O001N2O1O1O001O1O100O01O010O001O001O010O1O1O100O1O001O01O00010O0100O0100O1014J8I1O0O100[QNoNYn1T1aQNQO^n1Z1N1O1O1O100O010O01O0O2O1O1POgQN6\n1EQRN0Qn1MURNMom1Ofn]1KjXaj1
20110424064534Lh_3,h\Yk02j2Oijm06^RROLdo1;L3N1O2N3M2N1O002N1O10O11O08H1O2N1O1O000O1010O01N11O01N100O01000O100O010O10O100000O01000O0100O010O010O010O1O100O00O2O1O0O2O1O1N4M^nc00RdZn2
20110424064534Lh_4,gXed13^5Ood1OlYX15`kgN4L2O1O1O2N001O0000000000010OO10O0100O001O010O00010O010N10000001O010O1N2O001O10O01O1O100O00001O01O000010O000O1O010000000O2O0O1N200N2O0O2O000000O20O0N1100O1O20OO1O2N101OO1O12O0O1O10O1L4J5N30O2K6K4N5K7E\fdS2
20110424064534Lh_5,e]lg05[6OQdi03\UXO7I4M3M2N5L2N2O001O1O1O10O3MO2O:G4K2N401MO<E1O_QNjNRn1g1M3L0O10001N2N1002M2M2N2aNZRN`0im1YO^RNd0bn1M2N1N2O10O01O102N0000000O0100N1001O2N2O0N2MP]aS3
20110424064534Lh_6,[ebW12bla1OaSbN0M000joi00VPTO0co10;0noM2eQ<N_nC0[P>0R\ec2
20110424064534Lh_7,W`Pi02^3Ohjc04aQ^O6QOJnQN<Rn1D[QNN6c0cn1`05I3N3N2^OkPN3fo1K5L0N20To?1YP@OgPN1W^oT3
20110424064534Lh_8,eaQb12b2OXkQ11SRPO7J8H8H2M3N0O100010O001O010O0100O100O110100O2M2N0O1O1O2O00001O0O010000000000O01000O010O01O100O001O000000000O010O10O0100O1000000O2O0O2N3L3Md\`X2
20110429120534Ch_1,WdVR21fPn03UoSO4L2N2O1O101O0010O2N00100O2OO10000O010O1O1O0O1O02O00002OO00000010O1O000O12OO01O100O00100O2N2L5N0O1OO100O2O2N1N2O001O1O0O100O2OO10000O0100OO3N100O01O01N3N0010O1O3M6IVXeg1
20110429120534Ch_2,]_jm23_4Nnf10^UP17knoN5L4M7I3M2M101N1001N1O2N2O000100O010000001O3M1O010O1O01N1O1O1O1O001O1O00100000O01001O2M200N101O0O101N101N3N2N101OO01O001N1O010O01010O02O7H1O011N2N2M2N100O4M0O1O2N1N2O1N4GW]ek0
20110429120534Ch_3,\cl[21XPh01foYO2M4M3`PNGSo1e0OO0OgPN\OXo1b0jPN_OUo1`06O1O103M1O0100O001O01O002N1O1O10O0100O0010O00001O010O000001O000010O010O100O001O00100O001O01N101O0O1000O01N2000f[[_1
20110429120534Ch_4,^Ycl01eQl01YnUO0O1LOXPN2go15O0O10O01N101O001O001O1N101O1O1000O1000O01000O001O001O001N2N101N3M2O0100N2N101O01O1O1O2O001O00O2O1VOPQNc0Xo1O1O000O5L1O1O^PND`o1:`PNG`o18aPNG`o18403N0OWeZn2
20110429120534Ch_5,kYS]23h5OPim05nPTO4M20000001N2O01O1N2N2O1O0O2OO1000O10000O1O1N2N2M201O1O1O01OEZO\QNe0fn173M30^MZOgUNi0Yj1BaTN@GP1hk1EjSN]O3i1Tl1ZOcSNl0_l1Y13M3L5^Oi0A:QOSRN^OUn19URN_ORn1:VRN[OSn1`0j0K7Jmcj^1
20110429120534Ch_6,ff`P12]4Olg?7]SB5J5N0110100000OO100O1001OO011N7I5K=C5M303J00O9F5Kb0_O3L2M2I6MnUQm2
20110429120534Ch_7,\eRa04Q6N\hi0:SQXO;B9I6K5M2O010O100O1O1O1O0O1N3M1O2M4H6N4M2N2M4J6JUOnRNTOnl1m0WSNQOdl1Q1aSNmN\l1T1hSNjNWl1S1nSNkNQl1U1RTNjNmk1U1VTNjNjk1T1YTNjNgk1a0bSNYOl03ak1`0lSNWOi04Zk1e0aUNVO`j1k0U25O2M3O1NO2H8O0010O0102M5D:M4M2N2O1MaYeZ3
20110429120534Ch_8,[dZ7a04h40iJ11[13O0bN3270M=JNb0HBWb1LjjNNVU1O_=M^Pf01doYO0^VN0Tc11]601NWQ`11en_N830XPNLU8Mj^1<RaN2h^1HUaNc0h^1YOVaNm0i^1oNWaNT1gf15ZGhNbZN3S7X1R^1hNYZNN`04R7Z1T^1dNZZNN`0NW7b1m]1bN]ZNNX8a1[]1`N^ZNOU8c1]]1]N_ZN0S8c1_]1\N_ZN0R8d1`]1\N^ZN0Q8d1b]1\N]ZN0Q8d1b]1]N[ZN0S8c1b]1^NYZN0U8a1c]1_NYZN0S8`1f]1]NZZN1P8b1Vf1N2N2N11OO1O2O1N1N3M2K4@a01O000O1N2O1O1O2N1N20100O1O1O101O0O2O0O2O0O100O2N1O001O01O1O1@?M3O10000O2O0010N2O000O02OO1O10O1000O2O001O10O01OO10O100O10000O10001O11O0O3N2M10001N102L3N2LVnk08^QTOFSQN2en1OfQNMSn10VRN3QOM]n1MhRN6kNKfo125O00cNNnRN2Qm1NPSN1ol11QSNOnl11SSNNml12TSNNkl12VSNNhl13XSNMhl12YSNNgl10Z30]l11gQNO[RN0ek11R22N2cRNKPk16Y202NTRNOok13RTN2ik1LfTNLUk14[21L30101N1_QNMVm13fRNM]m13cRNK_m15bRNI`m12eRNN[m11gRNMZm11iRNMYm12Z1O10TQN2gm1NXRN0km1OURN0UlY20jRhM1io;Ol[SX3
20110429120534Ch_9,_V[d12j2O_la06_P@2N2O0O2O00000O01OO1O1O1M4L3G9O1OM012K41N200OL4K7L301O3L4MUiVY2
20110429120534Ch_10,jdbm21Q20QmS11kPnN3M3N1O001O01O010O1O0100000000O100O2N1O10O001O001O0O2O000O1000000000O1O100O100O1000O1O100000000O100O01O0001O01O010O001O01O01O000E;O2O0010O0N3M2N3L3M4OO2O010O0100O10001N101NlZkk0
20110429120534Ch_11,_bde21o10[lm04`QTO4M4L2N2N2O0001N3N4L10O0000O10O100O2O0O010001N101O00O010O1O0O2N100010O1O2N1O10O0001O000001O01O000O0100000000001O01O0000001O0001O1O0010O01O1O00001O1Nn[gT1
20110429120534Ch_12,]en]11\Pd05]o]O3N001O001O1O0O101N101O00001O0013L3N1N2O0O10O101O00O10000O10O010O101N5L2N0000O2N2N1O1H_PNNkXg^2
20110529063154Uh_1,Vbm]13U5Oae10X5O10oPh22nnWM2O2M2O1N2O1O1N2O001O002N0O2O1O1O0010000O102M2N100O100O1O1000O10O100O100000O100O101OO11OO02O0O010O0010O00010O001O01O01O001O001O1O001O010O1O1O10O010O1000O1000O1001OO10000000O1000O1000O0100O10000000O010000O2OO100O01000O010O0010O10O0100O002O0O00100O10O01O00100O001O010O010O001O010O00010O01O00001O001O00001O00001O001O0O2O00000010O00001O010O0000100O1O010O2N1O10O0100O010O001O10O01O00001O00000000000O2O000000001O000O101O010O001N101O1O1O1O1O1O20OO2N4L00000O1Odkg2O^TXM000j]nm1
20110529063154Uh_2,oajh11oPn04jnSO3N1O101O0O2O2N3M1O00001O1O001N10001O000O100O100O001O1000O010O001O01O010O0010O010O01O10O01000O10O10O100O10000O100O0O2N2K5O2M2I8N1Nh]SR2
20110529063154Uh_3,d_Q\21oo10oPZ12mneN4M3N1N2O0O101N1O2O001N1000001O001O0O2O1O000000001N10000N3K4O2N10001O0000001O01O0001O0000010N101O00O100000O10000000O010000000O10000O1O1O2N100O2O0O10001N1O2O000O2O000O101N10O0100O100O10O01O100O100O1O100O100N200O2N1O1O2M`oY1KSanX1
20110529063154Uh_4,\iRU31oo10ZPn02boQO6K2N101O0000001O0000001O001O1O00001O00000001O000000000O01000O1000000O1O100N2O010O100001O00000000O2O0001O01O001O00001O001O000000000000001O0O1000001O1Ndom0ORWUc0
20110529063154Uh_5,h^WQ23Y60Xc10j\NNVc11Q[X32WkgL:H2N4M1N2O2N001N3N001O1O000000000O1000000000000000000O01000O1O1O1N2M201O1N20OO200O1O10OO2O0N3K410O00100O01O0100000O100O01000O1O1000OO2K5N2N2O1M3N1O2O1O1N200O001000O010O01000O010O1000O010O010000O010O01000O0010O0100O1O0100O0100O10O01O001OO20O00010O0010O010O10O01OO20O10N110O00001O001J53N1N2N100O2N1O2N1O2O0O10001N101N101O1O000000001O0000001O001O00001O0000001O0000001O000O101O0O2O0O010O1O1O1O1O100O010O1O100O010O10O001O0001O0100OO2000OO110O10O01O10O0Xo10aQL0_n11aQNO^n11bQNO_n11aQNO_n11`QNO`n12`QNN`n12_QNNan13_QNMan12_QNNbn12]QNObn12^QNNbn12]QNNcn13]QNLdn14[QNMen13ZQNMgn13YQNMgn13XQNMhn14XQNLhn14VQNMkn13UQNLln14SQNMmn14QQNMon13PQNMQo13nPNMRo15kPNMUo1>1O1O10O01N2O10OO2N0N4O101M3Nnnm2MVQRM000XabW1
20110529063154Uh_6,YYoi11]Ph04]oYO3M2N2O1O1O100O2N5L1N00100O000O100N3N10O01000O1O00100O1O1O1O0O2O1O1O10000O101O0O10001N1O10001O0000001O1O3L2NXfjQ2
20110529063154Uh_7,[i\U31VPl00hoUO010O100001O000000_PN0Ro10?000000000000000000010O000000000ooY10`V[e0
20110529063154Uh_8,QQkW11\P`01mo_OOZo1`0L2N2hPN]Oon1k0O5PQNQOen1U10O1O001O10000001O001O1O1O0010O010O1O0[ObQNH_n16cQNI_n10hQNN\n1IjQN6Ro1M_mhe2
20110529063154Uh_9,YZkn21YPd04ao]O7YPNE]o1b0L3N010O2N01O01iPN[OQo1k0O001O0010O001O00001O00000000001O0O100O1000000O1N3O000O1O2N2O1M202M2M3N4Lodbm0
20110529063154Uh_10,\^Vi22W2Odlo04nPRO4YOMTQNNL9nn1c00000O10O10O10O2O0O2O001O00001O00100O010O10O100O101N2O0O100O1O100O1O010O010O010O10O00010O00001O0O100O2O0O1O2N1O2L3N201N102M6K5K00V`aQ1
20110529063154Uh_11,`fn^11YP>2aoC<G1O1O001N1000O0100000O1001O01O010O2N1O001O000O10000O2O3LRYg^2
20110531070514Th_1,RbSQ23W60\c10f\NNZc10eWT21dnkM7J3N1N3M3M2O1N1O2kPN[Omn1m0O010O01O0010O010O4M000;D1O101N1010O0O010O1O1O2N2N2N2N001O001O0101N10000001OO0010O1O2N001O1O2N001O10O2N101O1O1N0100000O001O00000000001O001O001O1O02O00O01O01O1O0010O001O00000000000001002M100O11OO0010O01O1O1N2O1N101N2N2O0O2004L1N2O4L11OO2M2N4L2N2N002000OO1O0001O0010O00010O01O001O1O2N002N2N000002N2N2O0O10O010000O1O001O1O011N2N100O100O011N00100001N0001O3M1O1N1OiXf`1
20110531070514Th_2,[bXf03h5O[d1OmVZ14jneN2N2N3M2O000O1010O00001O0110O0O10O011OO2O2N2N3L4N2N2N4PQNoNgn1U12O100N2N3M3M0021010N1ON01O000O2N1O2N1N1O2O1N101O1O01O0O1O1O1O1O101O010O100O10O100O2N1O22M0O100O3N5K0O10?@8J0O00OfQN^NXn1`15O0H9M4LlQNPOPn1:P1GfkU10TbSP3
20110531070514Th_3,TWcg02V3Oik90PQH1TPNOho10aP:0boE5L000000000O1000001OO100O10000O1000000000O10000O001O1O001N1O1O2N1J6N2O1N1O1A^O_QNd0dn192N0O02O00O2O3J5F;K4O0O3N3N3M[hTT3
20110531070514Th_4,Vbfn02ehe15iV\N<O000O4M3N0O100O2O101N2N4L4N1N01N1O01005K2L2O1O13N1M11OO10N1000O10001O1O00O0101O7H3M1000O2O0O2N11OO100O100005K1O7I2NO010O2O07I10O0cNmQNk0Un1gN[RNV1Yn100O31N00O1O0O1N100O20O0001O00000O0111N1O10OO2O2N2N1O5LO1O0101O2NO00000O1N3N1M3N3N2M4L2N3N2N1O2N3L;Dfh]1MYnYe2
20110531070514Th_5,naT[22no1OfQd12Xn[N4M1N101O0O010000O1000O100000O1000000000O1N2O001O10000O1000O001O100O10000O10001O000O100000000000000000000O1000000O100000O10000O1O1O1000O10O1dPNFRo1:oPNFPo1:PQNFPo1:mPNFVo1:jPNFVo1:72O0O2O000000O10O011N100O2O000O2N100O101O000O2O000HZOUQNg0in1\OVQNe0hn1:00O00O2O0N3N2O10O10O100000O01O1O0O2M3I7N3N2M2N200O1O1O102Md]iZ1
20110531070514Th_6,hY\o05g4L\f10eUP10VooN10O1001QP2OgR`14\m[N4Yo1<1N10O1001N8H3N0O1N10cNLoRN3Rm1MmRN2Vm1NhRN2Ym1NhRN0Ym10fRN0[m10[1000000000000000PP20PPN1O000O2N1O2WPN0^o172N110O2N100O1O101N1O1Oilm0Mcieh2
20110531070514Th_7,`aV\13j4Nmfa02VT@=C2O01O01001N011N1000O20010NO1O]RNDak1<XTNNek12TTN5mk1JoSN9Rl1HhSN;[l1H\SN8il1LoRN3Vm10eRNN_m14YRNLnm1n05L4M3O2N12N03L4La0]O6J`[o`2
20110531070514Th_8,mbR\21lPP10SoUO0PPL000^oQ10bPnN0oo10QPN0oo10QPN00000000000QP20ooM000i\]`1
20110603123034Ch_1,kahe13i5OYd10l5O`QT24\nkM3M3M2N2N3M2M3M3N2O1N1001O000000000O1000000O1000O1000000000000010O0O10O2O000000001O0000010O1O01O010O01O100000000O11OO1O1O1O10010O01O000O10000O2O1O001O1O0O10001002M1O13L1M3M3N10kPNBfn1>XQNGgn19VQNLhn1f01N2O1O1N1O1O1O001O00101N2N100O2N1000000O100000O02OO1O100O1O10O00001O001O001O1O1O0O2N1O2O0100O00010O00010O010000O01O1000O010O01000O100O10O010O10O2OO100O0O2O01O002N3N0O100O0010O01O002MRkU2NVcQh1
20110603123034Ch_2,[j\d03Q4Nahm03YSTO5K2O1cPNHPo1i0K1O10000010O2N2N2N3M2O0O10O10O0001N6K2M1001N2N2O2O2N2O0O0O010N10100O001O0O2OO010O100O0010O0O2O0O2O10O010O1O100O10000000O1O2N100N103KZRWV3
20110603123034Ch_3,fYXf15\8LR_13o`NMQ_12_8NeQV36VniL2M4M3`PNFVo1c0M3O000O10O100000000O100000000001O001O0001O002N1O1O1O1O10001N0100O001O10O100000O2O0O101N3M100O00O2O0O101O000O2O000O10001O000O1000000O100000O10001O001O0O2O001O001O001O1O0O2O00001O00002OO02O8G20O100O00O01O001O001O001O1N101O1O0010O01O00001O10000O20N0100O010O10RQNSOhn1m0VQNVOin1R1O0O10000O011N0001O1O001O010O1O001O010O01O10O01O00003N2M2O2M10O2O1N3N0O1O2O00WQNoNbn1Y13MOO10000O00100O1O010O00001O00001O00001O1O001O1O100000O3N2NO0010O000100O0010O0100O00100O00100O0010O100O10O010O10O010O01O10O010O01010OO1001N4L3N5J5L5J2O00O00002N0O2O0O2O0O2N2N2O1N3N2M2N3M3J6L4GSjS3D`VlL000ZfSb1
20110603123034Ch_4,R^bg03<OS3O`h10VUj03dnUO4N2M3N2N2O1O001O1O0N3N2M3O2M2O2OO100O1O0O2M2N2N2O100O001OO011N101O1001O0100000000O2O1O0001O0O1O100O101O1O0000O103M001O:XQNoND1Sn1g1010N102M2N3L2M4L4B>F9J7L4Mf_iR3
20110603123034Ch_5,bVYk12RS\1OUmcN3do12N100O10O010000O010O001O1O001O01O0010O00001N10000O1O0O200O00001O001N2J6M11O10O1O1000O02N11O2N2N2N1O2O00O0101O0O100O010O1001OO100O1O2O2M2O2L[Qj0KPoSO1_1OjN0SeRn1
20110603123034Ch_6,]WSU12no1O_RR11fmkN0_o1<N1N201N1N2O1N2N2L3N0200O11O011O010O1O10O001BWQNCjn1:?0001O0001O1O1O1O001O0100O1O100O010001O000O1000000001N101O0001O00000001O000000000010O01O1O1O00000000010O010O010000O01O10O0100O100O2O0O^gnc2
20110603123034Ch_7,aWmR22SRh03fmYO2N2M3M3O1O1O000O0O3M2N11O00100M2OVQN@Yn1>d0O101O2O0O2O0O11OO100001O1O010O0000O00101O001N1000010O1O1O2N2MShVi1
20110603123034Ch_8,[WeR22d3O_ke01gP\O;F8J0M42N000MhPN]OYo1a04M3L4NePNJon16PQNKPo14QQNLnn13UQNKmn11b0O00YOO_10ZO0YO0\QN2Qo5NWPN0no30ioK0\PN000oo10QPN010mo30]PL0Yo10<0ZPL0fo11FOdPN1\o1OePN1[o1OdPN3[o1MdPN4`g^i1
20110603123034Ch_9,WWcT13R4Nhg10\W:2kl7Nko]O4N001O1N3]PNHZo1;cPNF[o1a0MO12L\OlPN20>]o10_O@aQN?^n1AdQN?\n1AeQN>Zn1BgQN=nn1OZODkQN;mn1FaPN4_o1KbPN5]o1KePN4So5Lbo30QQL0QPL010N1aPNOQo10?001_PNOSo10mPN0So10nPN0Qo10PQN0`o10^O0a00cPN0kn10VQN0\o10^O0VQN0jn10UQN1kn1OTQN1mn1OSQN1mn1ORQN2^o1O110O00^OOUQN1]o1O10000000O10O10010O0000000000PP80`gZe2
20110603123034Ch_10,cc`R14W6N\di02WUXO>C20000O010O101N3M2N3L4M>C4L5L3N2MVNTRN`1Xn12O19FO07G010O6J8G3O0000O4L5L2N1N0002N001M3N3L4K3N3M3M1O2LUWei2
20110603123034Ch_11,j^`X21RRf01mm[OO00000000O1ZNO]SN0dl10[SN0fl11e1O10O1000001MN12g`ee1
20110706164014Mh_1,Wnjh22Y3OQja09YR@7K6K4K5L2N4M3M2NjNfQNi0nn1L2M1N3M00000O1O1N2N01O1O2N1O100O10O1N2O0O11O001OO110O1O1O2K[oRT1
20110706164014Mh_2,XXQ[22i2Odle00_P\O8I3N1O001000O0001N1N2O1N20O01OO02N1010O00ON4N1O2O1O01M2010000001O0N3N2O101O0O1000O01000O10O01O1O11N3M3LXgn`1
20110706164014Mh_3,[cbd22]Pf05[o[O3M3N1O2M2O1O13N3L1O10N101O1O00000UQNEQn1:^QN6dn1b00O2N1O1N2O1O1O2I7J7N100O0100000O1O2O0O101N100O1O1OYnk0Ka^SV1
20110706164014Mh_4,mWoX23`4Nlf10^Xl03QlSO2M2G8O011O002N001O10O00001N1O1O1DbPN7]o16O2N1O10O2N10N2N110O@hPN;Yo1BoPN8Qo1GRQN7nn1ISQN6[o110OBJTQN6ln1JSQN8kn1HUQN:in1FXQN1F3on1M\QNOmn10UQN1hn10YQNO\o10[O0ZQN1en1O\QN1bn10]QN1cn1N_QN1`n1OaQN2Vo10XONbQN2]n1OcQN0So11^ON[QN1Yo11_ONVQN1ln1OSQN1kn11VQNNjn10XQN0Xo90RPH1010010CNlPN1Uo1OjPN2Vo1NjPN1Wo1OiPN1bo10EOiPN0Xo10hPN0Wo10jPN0Vo10iPN0Wo10jPN0Ro13oPNMQo12PQNNPo13nPNMUo13hPNN[o11aPN0bo15Xgl`1
20110811121534Ch_1,TdRm04R7Nfa10V]j14iiUN4N1O1O1O1O1O1O001O0001O1O10O10O0100000O100000O10000O0100O0010O01O001O00001O1O10O0100O1000000O1O100O01O1O10O01O1O100O100O2O0O10O10O010O000010O001O0000N2L4N3N0010H80O100O11O00O011O000O011O0O0O2O1000O0001O0O2N2N1N2O02OO110O01O_Oa0E;00O11O1O10001O1O2M2O2M3N1N3L4N2M2N4K3N3L4Genm1Fi]ad2
20110811121534Ch_2,]^kb22R3OlkS10ZQlN:Po1NiPN5Vo1;O2N10O10000O1000O001O0O100O2N110O1O1N2O1N3L3N2O100O010O01O01O01N2O0O10001O0000000O10000O0O2M3N4N2N1000000000O010O1O1000O100O10MUORQNi0Uo1M1O2N1O1O1O1O0O0O5KQaVW1
20110811121534Ch_3,a\`o01oo10`PR14[omN2M3O0O2O1O00000O10000000001O001O1O4L001O000O010000000000010O0010O00001O0000001O001O00000001O001O3M1O1O000012M000O10001N2N2O1N100O100O100O10000O100001O00000100000000O1000O11N101N1O1N2O1Nknm0Ngd_g2
20110811121534Ch_4,kjXj21XQb07_n_O1M3N2N1O10L400O2O1O00001O010O01O10O010O01O010OO01O1O2O000001O1000O0100O1O1O2N1O2NkTaR1
20110811121534Ch_5,Vh\\34W6Ngdi05hTXO4M2O101N1O2M2O2N2bQNYO`m1h0^RN\O`m1d0_RN]Oam1d0]RN]Odm1c0YRN_Okm1>RRNDPn1<kQNITn17hQNLYn1m0TRNgNBLVm1]1SSNmNDHYm1[1PSNYOol1f0lRNASm1>mRNDRm12iRN>Vm1APSN<Pm1AQSNa0ml1[1O1O3L3N3M1ZSNoL[l1]303L01N1N0010O2O1OO1O0O101_MQTNo0Pl1iNkTNb0Xk1QO\UNf0gj1SO`UNj0kl101N101N2N2O2N1L9CUSW?
20110811121534Ch_6,Radn11ePn03VoSO3M2N2M3N2N1O1O1N2O101O0O10001O1O001O1O00[OPQN:Po1FQQN9on1FSQN9mn1GVQN6jn1IXQN6hn1JYQN5hn1IYQN8fn1HZQN8Wo100000001O00000000001O0000001N11O0000001O000010O01O001O001O00001O0O100000000007I2N2Mf]ok1
20110811121534Ch_7,b_bn16\;MoX1N^]^10ln_N0cn10^QN0bn10_QN0_n11aQN0^n1OcQN1]n1OcQN2\n1NeQN1[n1OfQN2So1101O1N1ZOM]QN3cn1N\QN2cn10\QN0i01[l12iRNMi07]l1KiRNOh09`l1FgRN2f0=al1@jRN2c0b0`l1]OmRN2a0c0al1[OnRN3>d0dl1YOnRN4<d0fl1XOnRN4:f0hl1VOnRN64h0nl1SOmRN6Nm0Um1mNmRNi1Sm1WNmRNi1Rm1XNnRNh1Rm1XNnRNi1Qm1WNoRNk1ol1VNPSNl1nl1TNRSNo1ll1PNTSN`2\l1`MdSNc2Yl1^MeSNc2]l1[MdSNd2\l1\MdSNd2^l1ZMbSNg2^l1XMbSNj2]l1UMdSNl2[l1SMeSNn2[l1QMeSNP3[l1oLfSNe0O]1[l1nMeSN5h0f1Ym1M1N1OO104MO3K2N5K9H:F1001N0N6K101N1O2O2N2N3M3M1N>C7J7G21M20104L1M1041M30M0ON01O0oMkRNX1Qn11M2NO3L6J8H4K100O3M3M2N3LSWgi1
20110811121534Ch_8,Yc^U33g4NXj;5gPF5M3L20OO100TODVRN<km1FRRN:nm1HPRN8om1LkQN8Tn1JeQN;[n1I`QN8gm1[OmRNX1Pm1POkRNP1ml1]OnRNd0Qm1@lRN?Tm1CmRN9Tm1LjRNK]m17aRNBem1`0XRN]Olm1Z13M5K5K7I5K1O011N2N4SOYQN;jn1C\\Sh0
20110811121534Ch_9,[^ni02d2OYkc08eQ^O7M5L2O0O1N2O1N2O010O0010O103M1N20O7I000000O1O1O0O10O2O1O2O1OROTQNh0Ro1101ON101N1O2N3N2N1N2O0O1O2N1N4Jd_]R3
20110819131834Ch_1,\jRo13a4Njf10bUX11nngN6L2N2N101N2O1O001O010O01O010O00001O1O01O00001O01O01O0000010O1O1O2N1O1O1O1O1O1O010000000000001O001N102N0O2O0O1O1O2N1O2N002O0001O10O01O101N2N2M3N2O2M1O100O000001O1O1N2O2N1O1O001O01O2M2O0O1O2N1O3L2O2M2N4IYRUi1
20110819131834Ch_2,[ePd05R9Nd]1Oe^X1j0]igNd0B`0Bm0TO7I7I5J6J5K4M3L4N1O1M3N2N1N3N2LmMiUNfNTj1g0VUNZNn0k0ki1i0mVNSORi1k0TWNSOlh1i0[WNTOeh1g0bWNVO_h1f0gWNXOYh1f0lWNWOTh1g0PXNVOQh1j0SXNQOng1m0c3O10001N10001O000000000AYQNEhn1:?00O110O001N10100N11OO2O00O2O001N101O1O00000100N2O1O1N100O2O001O01O01000O02N1O2KVP:4joE1N12M3L^nQ10Y\cR3
20110819131834Ch_3,QcjY12Z3OYi11lUb23Zm]M3N2O0O2N100O101N101N100O100O100O1O100O1O100O2N100O10000O10O0100O1000O0100O10O0100O100O0010O0O2N1O11O010O010O1O10000O010O01O1O010O0O2O000O2OON200011O00O11O01O01O01O001O0010O01O1O010O1O001O0O200O00100O1O010O100O10O0100O0100000O100000000000O0100000000O100000000000001O00001O00001O01O010O000010O0000100O000010O1O010O0000100O00001O001O10O01O001O100O001O2O2M1O2O0O1O2O1N10O01O010O10O01O01O00001O0O2O0N201N1O1O2N2M2O2N2MfnS3IcQlL0o\WS2
20110819131834Ch_4,SchZ12W3O_i10iUb13[m]NM[PN1jo1O10D0fPN1Xo1OjPN0co10B0lPN0bo11@OPQN0`o1010O0000000000000000000PPb00PP^O000oo30PP20QPJ0oo50ho90YP@1O0000000O100O001QOMPRN2Po10O0O10OmmY5NT_aT2
20110819131834Ch_5,ienP32V3OXja05XR@d0^O9I1O3L2O2O2M2N3N1O1NcNjQNS1Tn1hNTRNU1_n1N2M4L3N0O2N1O1N101N2O1N2O000O100O100O00100O001O1N3L4McWmk0
20110819131834Ch_6,SfbS32_Pj05boUOLco1<L5K2O1O1O2N2O0011O0O2N100N2O002N0010O000000011N10O1O1N101O0O1O100O010O1O01O01O100O001O010O010O000000001O001O1O001O1MiWkg0
20110819131834Ch_7,d]ko02d2OVke08lQ\O4L3N001O000010O0O1001N1000O1000O1000001O2N1O2N1O1cQN[O^m1f0]RN^Ocm1f0lQNGTn1R12N3M2N1O1O1N2N1O2M4M3M2M4L4K6J7CXadl2
20110819131834Ch_8,e]WQ12c2OolY10mngN0`11O1]QNNUm13Z13]QNJXm1:T14L3OL3M5M4Kmadl2
20110827141254Bh_1,`efX37a;KeX11[^j10klUNOoPN7kn1c0mPN\Odn1S1K4N3M2N2N3N013N2NO00001N2O4L2M5L2N2N3M200O1O01N102N0O00010OO20O00100O3N11N01N0101N0O3O010M12OO1O1O100O12NO1O2O0O01O000001N2O0101O0O02O1N010011M1001O00100N001O30N1OO010OVQNROcn1W1N1N019G:LK000O1N7I5K101OO00014QRNhNll1_1iRNgNTm1\1iRNeNWm1I_RN_13lNgm1c13N3M4M2M3M10010O2N0O2N3L5K2O2M3N2M3M4MRH]Oj`N9X_1Gi`N6Z_1Hf`N7bg1O1N2Ncic0NmS40dRXO1lo1OUPN0ZPN4eY[;
20110827141254Bh_2,`kZP21jPV21SokM3M3M5L1O0O101O10O0100O1O001O000010O0010O01O1O3M10O2O0O0010O00001O000010O0010O00010O0010O01O010O0000100O0010O1O10O01O000001O00001O0000000O2O0000O1000000O2O0O10000001O00000001O0O1O1N2O10O01000000001O0O100000O100O10000000001O00001O010O01O101N1O100O1O1000O3NO1O010O010O010001N2O0O2N101OO1001O1O3M5J103MO102M102MSQNVOgn1Q11O4K4L2N1N2O2L4M4L4Jllo1KlWQ_1
20110827141254Bh_3,WmPo11YP>1doC2N2O1O1O1O1O00100O100O2O000000O0101O0000O1001N1000010N20O1N100O2M4L3KgQYn1
20110827141254Bh_4,VlnW21^30ciY10nRhN000000000000010aP`10_o_N000`Qd00fn[O0J1N00000O100N1000OO1UQSc1
20110827141254Bh_5,S[R_21cPf02Xo[O3N3M2N2O1N101O01O3M0O000O10100O001O010O010O0100O0100O100O1O1000O100O1O2N1000O1O1N2O2M2Nhd]]1
20110912142254Bh_1,jbd\24o5Mmc11R6OXQX23cngM6L2N2N1O1000000O1000000000000000O110O00000000000010O0010O00010O01O10O1O010O1000O02O000001OO1000000O01O100O10000001N10010O000O10O2O1O00O02O0O2O000000O1O10000000000O010O01O01O010O01O0001O0001O00010O001O10O02N001O1O001O00001O10O001O1O2N002N100O100O1000O10000O100O10000O100000000000000000000O101O000000O101O00000O2O01O001OO1000000001O00000000000000O001O1O2N1O100O1O100O1O1O2N1MUk]2LQUbM0V]cR1
20110912142254Bh_2,V\UR23a6Oib10R\b23]j]M5L2N1O10O01O010O1O001O001O100O01000O010000O01000O1000O01O010O1O010O0010O01O00010O0000001OO2N0O2N2000M4MFIPQN6on1NnPN3So1=O001O010O000O0100001OO100O20ON2O1N20OO1OC>011OO02N1O20O01N10001O001O0O101O1O1M3O1O00001O10O01O100O1O100O1N2O1O2N1N2O1Mfo14cPLM\o1<N2O100N200O101O010O10O0100O1000O10O10000000O101O00001O000O1000000000000000001O000000000000O10001O0O101N1001O00001O001O001N10001N10001O001N10001O0000001O001O001O001O1N3M^n_2NeQ`M0jcl[1
20110912142254Bh_3,Uclf03a5Oid1OnVl03`nSO7J7J7J5J5M4K3N10001O00lNaQNf0_n1UOhQNi0jn1N\OWORRNf0mm1[OVRNc0fn1O000O1O01N11O001O0O1000O01000O1O3M=C3M2N3N0\QNmNYn1^10Oa0@3L206J0O10O20OO1O00O3M4M2M2O01O1N0101N1000O0000000000001OO2O1N1N3M3L]X[S3
20110912142254Bh_4,_XfW23]5OVhc07mQ^O<G7J4M2N101N2L3L5N2^OdN]RN`1[m1f0J7L3O1N3N2M3N2N3O2M7J5K100010N4L4hMaSNf0al1hNSTNR1Vl1_NTTN]1^m1J3M3M4K3N3M1O1O0O2N3M4L5J3M\cid1
20110912142254Bh_5,_bhe13b4Nhf10]Vn17PnQN1O1O2N1O100O2N1O10O01O100O000100O00001O01O00001O010O010O000100O0010O0100O010000O100000001O001O001O1O100O2N3M1N2O1O1O1O1O0O20O101N1O100O1O01O00000O100O10O10002OO02N3N0O2O000O01O100O1O3N0O100O10O101N5L1O2N1N2O0O101N10O0TQNCVn1=hQNFWn19hQNIXn17gQNIZn16eQNLZn15eQNK\n15bQNL^n15_QNN`n12^QN0bn1h0O0100O010O1O1O1O101N1O1O1O1O1O001O1O1O00100O002N1O2N4M0O2O02NO00001O000N4L3M4K^le1NXakj1
20110912142254Bh_6,[`Yf12lQ`03lmA4N1N1O0EHoPN:nn1=O0N3B>0O1O1O1N3O1N2O1M4M2O1O2M2O1O2N1O1O2N100O101N101M4MR_PW2
20110912142254Bh_7,Xh^b21nlg10cSXN0ln10UQN0jn11UQNOkn11c0O01bPNOln10b010O000010O000QP40ooK0000001O000O10000000000kPNN\n12i0001O0010001OO4N1NTP80PP60kP60Qo[O0^mU30R^[Q1
20110912142254Bh_8,Y___15\9Oo\1Ni`d15bh[N5K5L2O3M4L5L2N1O100O1O001O1O01O001O2N1N20O01O010O000000O01001O00100O01O00001O0N202M1N3O1N3L4N5H_ko1OdTPN4K4N1L5M1M6K5J@XQNOen10_QN0^n11cQNN\n12eQNOYn11gQN1Xn1C`QN3:;Rn1B[RN>em1A[RNa0am1_ObRNb0]n11N2N1O1NBYQNGhn14c0N3OO100100O01TRNNkk12TTN3:0oh1MhVN:1KUi1KjVNc0GF\i1GmVNf0CF^i1DPWNg0@F_i1CRWNh0^OF_i1AUWNj0ZOF_i1@YWNl0TOFbi1]O\WNn0POEci1]O_WNn0mNFci1\OaWNo0jNFbi1\OfWNn0gNFTl1:jSNFXl19gSNE[l1?aSNAal1e0WSNZOkl1g0SSNXOol1g0QSNXORm1g0mRNXOUm1j0hRNUOZm1R1^RNmNdm1S1[RNmNfm1S1YRNkNim1U1WRNjNkm1T1ZRNdNkm1Z1>01M2XObQNLbn11eQNEan17i0Kc[jU2
20110912142254Bh_9,lkX`22_3Oci?6dRB:oQNJjk17RTNLmk16QTNKPl16lSNKUl1;dSND`l1=\SNCfl1>WSNBll1d0lRN[OWm1g0eRNYO^m1g0_RNXOdm1h0XRNZOjm1f0nQN@Un1T13N2M1O110N3M2O2N2M1O3M3M4L3L6K4L100N3M6K]QS]1
20110912142254Bh_10,n\a[21oo10\P^10coaN1O10O010000O11O01O01O2O0OQPn00ooQO0oo30QPL0O010PP40PPL00010PP20aPf00^oWO001O0DOiPN2Vo1NjPN2Vo1OiPN2Vo1NjPN3Uo1NjPN2Wo1MiPN3Wo1NhPN2Yo1NePN3[o1ObPN2_o172N4JWbZ^1
20110912142254Bh_11,mlZ`21`Qd00]n]O01000XO5\QNKin12VQNNnn10oPN1`o10OOjom01YPRO30O0M0001\PNOVo15ePNK`o18^QQ]1
20110912142254Bh_12,g`nf05[8NYbo09gTRO61001N102O01001O1002NmPN@en1`0VQN@2Len1l0`QNSO^n1d0YQNB<Jjm17mQN>N@>Lbm1Y1bRNgNXm1[1lRNdNPm1]1h00_RNcN`l1_1bSNaNZl1a1n03mRN\Nlk1d1WTN\Ngk1c1\TN^N`k1`1fTN_NWk1^1oTNbNoj1o0bUNQO[j1j0_2NbSNXOji1h0YVNXOei1g0]VNYOci1f0^VNZObi1e0_VN[Obi1c0_VN]Oai1b0`VN^Oai1a0_VN_OgN1Ti1=WXNCZNOgN061cj1:YXNEbN1Ui17\XNH^N1Xi12_XNNWN0\n102OVO0e10VO0VP80hoG0QP20PPN011\OOUQN0]o110O_O0RQN1_o1OQP<0mW]S3
20110912142254Bh_13,h][S23h4N\f10fX\10[laN1ao1OdPN0Yo10iPN1To1OmPN1Ro1OoPN1Qo1OnPN1Ro1OoPN1_o10BOoPN0ao10O010O0XoY10hPhN000PPN0`PN0Qo10>2O0000001OOM30OiPNLfn13\QNMbn15^QNK]n1:`QNH`n1:]QNGcn1NVQN46MPo10QQNOfn1Ok00oo30QPL000no10RPN0000000PP20PPN00000O10O00fPN0Zo1100nNOVRN0ln11O1O11N10O01O1000mo30SPL00000N1100000000010O0010O00001O00Ya\d1
20111015063134Lh_1,YcPP22W3O_i11X3OjPl20QoSM1YPN1go15N100000001O0000001O0000000000010O0000000000001O000000000001O00001O01O01O00010O01O01O01O010O0010O01O001O100O001O001O10O0100O001O001O0N3O001O1O00010O0001O001O1O010O1O010O00100O1JcPND`o1;4O1O10O010O100[PNFco1<O0010O0100O010O1O2O0O1O00100O00010O000000010O0000000001O0000001O0001O00000001O00000O10000000000000001O0001O0000001O01O01O00000000O1000010O000O100001O01O000000000010O0000001O10O001O01O00010O0000010O0000010O00010O0010O01O010O000001O01O0001O001O1O01O01O01O01O001O01O01O00010O0100O010O01O001O001O1O1O001N104J[ma20gR^M000g\]Z1
20111015063134Lh_2,Qhhk02e01m0NQl10PSV14VoiN7J2O2M101O001N10000O10000000001N1O10010O0001O1O00100MfPN^OZo1f0O000O100O2O0O0N3M3SQNROen1P1XQNSOfn14\QNe0cn1XOaQNg0^n1YOdQNf0]n1VOgQNj0hn1O1O001O1O1O1O010O1O5L1N010O02N01O0O1O101OO2O0BBYQN`0en1ATQNg0Ro10O2O1O000O1O1N200OGTQN_Omn1`0:N2M3O1O10O0100O0001O000001O1N2O001N101O00O1103LXoo0LmPPO000oWYk2
20111015063134Lh_3,oTSj02jPj08knWO4K5L2J\OnPNe0Vo11N2N2N1O1JWOUQNj0in1703M1O1O1N4LZOdQNJ\n13iQNKWn14kQNKUn14mQNKSn14nQNLRn13PRNLRn1KVRN4mm1EWRN;hn1N100010O1O1O001O010O0001O1O1O2O0O00001O000O1O0M^iPR3
20111015063134Lh_4,TUm<272`0N]O1>N^m10_S\10`ncN2M1K50001O0000000000001N4M01O0E_PN7eo10O10O100000O10O1O001O01O1O1O1000O0100O100O100K500O010O01O010O10O10O010O1N2O1O00100O1O001O0010O010O100O10000O1000O10O100O100O101N2O1O0O2O0O10000O10001O0000001OHkPNFTo19mPNHRo17PQNIon11oPNI37mn1OYQN1gn1OYQN2KFdn17cQN2dn1N\QN3bn1N_QNLFNin16bQNJG0fn16mQNJQn17oQNIQn18oQNHPn18PRNHPn19PRNFQn18PRNIom16RRNJnm16RRNJom14RRNLnm13SRNNlm11URNOlm1OVRN0mn110O1O^n]1O_lRW3
20111015063134Lh_5,YbZo22j2OYj10iS`13Po_N001O00001O0010O0001O001O0O20O2OO010O10O010O01O010O001O01O010O0010O000O100000O101O00HJfPN6Yo1KgPN4Zo1MdPN4\o1LdPN4[o1OcPN1]o19N101O100O1O010O100O100O100O1O100O100O10000O2O001O001O101N2N1O1O100O1000O10O01O1O3N0O001O1O001O1O100000000O1O010O1O1O010O001O100O2N1O2O10O00000ePN]OXo1g00N2N3K3I7KUn[1Nh_[d0
20111015063134Lh_6,h`QS22no1OYQV12fniN001O001VPNNdo18N2O00000_PND^o1;cPNE]o1;cPNE\o1=O4O10001O00100O1O000O1000O100000000000O10000O01000O1000000000O100O1O1O2N1000000000010O00000O1O1N2O100O1O01O010O01O10O1000O010000O10O1O10000O100O010O10O00010O1O00000001O001O0010O00010O0010O10O1000O100O2MfoU1Mg_Rb1
20111015063134Lh_7,^iXT12\4Ongk03aSVO5L2N100O5L2M4M001O00O100O102N2M10cPN@Yo1c01O0001O1O002hQN[ORm1g0iRN]OVm1e0fRN[O]m1g0]RNZOem1k0RRNVORn1j0kQNVOYn1h0eQNXO^n1S13N2N3M3O0O41M7H2M05I4M2M4M4K3M4M3L3N1O01O01O0O11N10000000001O001O1O1N101O01N101M3K5MWSWf2
20111015063134Lh_8,\bVR31jP\12SoeNNQP40VPJ0eo30moe00WP\O0PP40\Q`00gnWO0O0QP20ooM000VPP10jooN0QP20ooM00010O00000ao70bPJ0ooM000Vno00\_We0
20111017113714Th_1,e`X\23lR>5_lCe0Ab0@8H7F9G8K5L5K3N3O\NhSN@Yl18[TNXOjk1b0l1N3M2O1N2N2O1O2N2O001O00100O1M4Lf^]a1
20111017113714Th_2,bh`d12Z3OYi10bT^13enaN4M2N2M3L4H9M2N1O3N1O001O100000O3N6K0N4M3M1O1O1OO1000000000001N10O10O10O10O010O0001O0001O0J^OmPNb0Ro17O10000O1000O1O101O0000100O010O010O0001O01O01O0010O1O01O01O0010O010O0010O00001O0001O01O001O010O001O001O00100O1O001O1O001O001O001O100O1O1O00100O1O2MjT[R2
20111017113714Th_3,SQ]i23\5O_hk05mQVO4K5K4M3M3M2N101N2N2N2N2N1O2N2N7oMbNSUN`1lj1gNlTN[1Sk1gNjTN[1Uk1hNgTNZ1Xk1iNdTNZ1Zk1gNcTN\1\k1fNaTN\1_k1eN]TN]1ck1oNoSNT1Pl1nNgSNY1Yl1X1O01N1O1O1O000O2N1N3M3M2L5H7O2^OkRNTN[m1e1d0K4N2N1N2N3N1M3N3N2M3M3N2HUQNWOon1d0;]OgPN9bo1KmmnQ1
20111017113714Th_4,__of22S3Ogi10^Uj1:[mUN3N2N1O101N10000000O01000000O10O1000O10000O100000O010000O10O1O1O00100O01000O100O1O01000O0100O01000O010O100J6N2O100O0100000000O2O000O2O000O10000O10000O100O010O1O10O01O010O0100O0010O100O0010000O01000O01000O01O10O010O00N3O0O100O10000001O00100O10O0100O100O1O0010O01O1O100O2N1O101N100O1O1O1O^oe1KYadj0
20111017113714Th_5,dcZl21oo10bPh13ZoWN2M201N101N2O000O2O00000O100000O1010O00000000001O0000001O000000001O000001O0001O01O000001O01O01O0000001N100000010O00001O0O101O001O000O2O00O10000000O100000001O0O101O00001O0000O1N2O1N2O2O0O1O2O001O001O001O010O01O012M100O1O1O100O0010O010O010O01O01O00001O001O0O101O001N101O1DcPN3^o1JePN5eo1Mhnc1N[Q\N0\\]g0
20111017113714Th_6,_^PU12[P`04]oA7J4N1N1O001O100O2O07I1O100O1O10O100O2N001O0O01O010O1O1O010O001O0N3N5HT`Wh2
20111017113714Th_7,jibb01ePb05To_O3M1O101N10000O10O100000O1000000O10O0010O001O01O01O10O10O01O10O0100000O10O100H_PN0co1McPNN]U[Z3
20111017113714Th_8,i^aj12[P<2`oE3N1O1O1O1O1O2N1O1000001000002N2M4M1N1O1O1007H5J4L3L3Kc_ZS2
20111017113714Th_9,SP]l11dPd06To]O2N200O1O2N1O1O001O000O102M2O2N2N00001N010O1N1N3OL4O2N2O2N2O1O3M1O2N2O1N1O1O2M2NSo\P2
20111017113714Th_10,Yf\a13R6Nhc11T6O`QZ23^neM1O001O2M4L2N2N106J2nPN\Ocn1j0WQN\Odn1Q1O2O0100O000O100000O1000O102N102M2O0O10O1N3N10J\QNnNcn1o0aQNPO_n1n0cQNRO\n1m0fQNSO[n1i0hQNXOXn1c0lQN]OTn1;m0N3MXQNIjm15YRNKfm14T1OWQNNem11\RNOem1O\RN0em10[RN0em10[RN0jn1100QO1P1OkPNOYn13j02gPNKan15^QNKfn12YQNOfn12YQNNhn10YQN0gn10YQNOgn12YQNOfn11ZQNOgn10YQN1fn1OZQN1fn1O[QN1Zo10ZON\QN4bn1M^QN3Xo11YOK_QN6`n1K`QN5`n1J`QN6`n1K`QN5_n1KaQN5_n1KaQN6^n1KaQN6Wn11iQNOWn11jQNOTn12lQNOSn1K[QNNb08Rn1IURN7km1HVRN8jm1HVRN8jm1HVRN8jm1GWRN9im1GWRN8jm1HURN9lm1FSRN:nm1FRRN8Qn1HnQN8Rn1HnQN7Sn1ImQN6Un1JkQN4Wn1LhQN4Xn1LiQN3Xn1MgQN3To1OVONfQN2To1010O0001O010O00001O0001O01O0100O01OVO0dQN0Vo11O0WOOcQN1]n1OcQN2\n1NeQN1[n1OeQN1[n10dQN0]n1OcQN2\n1OcQN1]n1OdQN1\n1OcQN1]n1OcQN1^n1OaQN1_n1OaQN1`n1O_QN1an1O_QN1an10_QNObn11]QNOdn11[QNOfn10ZQNOgn12XQNNin12VQNNkn11UQNOkn12TQNNmn11SQNOnn11a0O01001O0000WkS20hTlM0gY]P2
20111017113714Th_11,^c\l22no1O10aPZ20_oeM0PP:0PPF00000000000000000000000O10000001O00010O000010O00000QP20ooM000000000dP40\oK0\O0d0000ePN0fn10e00fPN0Zo1010WO0`QN0`n10aQN0^n10bQN0^n10bQN1Wo1O00O1000OWO0dQN0\n10dQN0Vo11O000001OTO0hQN1So101O01O010O000O1N100O1001N11O01O1000000000_ONTQN2^o1O_OOSQN1_o1O01^OOcP20PP40QP20ooI0gPL0an50_QJ0Xo1001XOO_QN1an1O_QN1an10^QN1bn1N]QN3Xo10\OM[QN4dn1L\QN4en1LYQN5gn1KYQN6gn1JXQN6in1JkPN334Ro1IhPN651So13jPNO]o16gPNARo1?mPNATo1>lPNBUo1>jPNBVo1>jPNBWo1=iPNDWo1:jPNFWo19iPNGWo18jPNHWo17:N2N2OZng1MiQXN0b\_f0
20111017113714Th_12,ZUod12i2Omjk04SRVO3O2N1O0O2O1O001O010O1O10O0001O01O01O01O0100O0100000O1000000000001O0000001O1N2O1N3M2N3L3N3M3M2N001OPOdQN<\n1BhQN=Xn1AkQN>Tn1AnQN=Sn1APRN=ln1M3M4L2Leh^V2
20111017113714Th_13,\cnk22no1O10ePn50Zo_J0QPB0PP^10QPdN000QP60cPJ0\oM000ZO0lPV10loSO0noE0PP27loMM2NO11N0100^PNNTo13kPNMVo12iPNOXo11gPNOYo12ePNO[o12cPNO^o11aPNO_o191O0001O01O00000014K3N0O10O100O01O000000000O10O100000O10000000000O01O100M3N2O1N2O1O101N2N2MXnY2OkQfM000d\ob0
20111017113714Th_14,kWia21_P:4ZoG4M2N10000oPNLVn14gQN1Wn10ZQND8`0^n1i0O00O1O1O0I8K5G9M3M3N2O2N3Lig`\1
20111017113714Th_15,aTiY34\6OVhe06RQ\O5L3M4L3N2N1N1kMVOTUNk0ij1AVTNITOR1al1AjSNS1Pl1a1O11O0010O10O001N2N1B?N100O0I9G8O2O0010011N2N1O4K4L2O3M3N2N3L4G8L4L4K7@oibb0
20111017113714Th_16,Tmh\12c2Ogj10]TX19mmgN6K2N3M101N1O1O1O10O010N2O000J7N2O001O10O100O100000O11O000000O101O000O010O100O010O10O1O00100O1O0100000000O1000O10O10000O001O1O1O00100O01000O01000O01000O10O010O010N2K5N2O010O000010N2N2N2O1O2O0O2N102M[Rc[2
20111017113714Th_17,RXg[21fP<3SoE4N1O010O100O2O0O2N1O3M5L2M2N2N@SQNOmn1OVQN0in10YQNOgn10ZQN0fn10ZQNOgn11ZQNNfn11[QNOen11\QNNen1O`QNMVf\b1
20111114063134Lh_1,UZ[]23Z6OWc1Og[P24bjoM2O1N100000001O00000000000000000000O010000O1000000O100O1000O100000000O1000O100O10O01O1O1O1N3O00O100000000O1000000000O100O10O10O010O0010000010O1O0O2O00001N100O100000000O10O10O0100O10O0010O1O01O01O1N101O010O1O001O010O00001OO2O1O00000000O1I7H8O100O11O00001N101O001O00001O1O001O0N3O0N3O0O2O0O00M4N10010000O00J61N2M20O2M2L5N11L31M201OHVQN\Okn1a0ZQN^Oen18XQNGVo18802O3L6Kln]10mfhR1
20111114063134Lh_2,^\US12]3OSi10_30oRj11klUN5O1M4N1M2O2O10000NJfPNHZo195011N0HDjPN1O=Uo19O1O1I7K6O0010L3O200O2O0O2O0O100O10O1000HSQN\Onn1c07O2O1O100O10000O1000000000O10O10O10O1M3O10000000001O00000001O0001O000000000000001O0O100000000000000000O100000000O10000O100O100O1O01000O00100O1O00100O00100O01O010O10000O0010O10O0010000O101O0O100O1000000O100000000O101O1O001O0001O01O000O10001O001O0NWoi1NmPVN0bcj^2
20111114063134Lh_3,o[li053O4Oa0O]OO`20oh11eUd11\n[N0^PN9Yo1:L5M1M3N2M2O1O2O0001O1O000001N100O10000001O000000003M2N3M2N4L1O100O101OO10O20O00000O2O12M1N000100010O000O2O000O010O00100O1O100O0001O100O10O10O00001O1O001O002N102O0O1O2O1N00O10O01O1O2N1O001O10O00001O1O010O010O0000O1O1O100O1O1O100O100O101O00000000000O100O101N1O2O001N101Nlla1MYgch2
20111114063134Lh_4,TdZ\22h3O]h11i3O10oRn23ilQM5O1N200O00001O0KEfPN;[o1EePN;Yo161O010O0N3O0M4O01O0010O01O001O1O001O0100O01000O0LbPNH^o17dPNG\o1:5O10O001OO20O010O01O0010O001O010O001O10O010O0100O010O1000O010O010O1O0010O0100O10000O1000O10O1000000O1000000O100000O10000000000O100O100O010O1000000O1000O1000000O10000O1000000O1001O00000000000001O00001O1O1NFM=2N2O1N2O0O2O00001O000O2O001O003M001O001O001O000000001O000010O0001O01O01O0010O01O0000100O100O00010O000010O00010O01O100O1mPNVOon1n0TQNROdn1o0YQNUOfn1S10O10O100O10O010004K12N106JOO11OO23K0100UOYQN<gn1_O_QN`0an1]OaQNc0an1YOeQNe0ln1O000000O02OO03NO02N1O1N2O1O1N2M2N3N2Noli20RSVM0l[Un0
20111114063134Lh_5,bToP36d;M_X11egNM[X11k;OfYd24Sf[M>B5M2N2O1N2O0O110M20O1O10OO3N0O201OO10N3O0O1N2O2M2O100010N110O100N10N30OO1O101OO10O010O2O0M3M3N3O0O11OO02O1N2M3N100N02N102N11O00O1O1000N11001O0O2O001O10N10000001O000N201OO2O1M4M1O1O11O0001ON003M3O1M2O2N110N2O001O01O0010O1O0001ON11N12ON101N200O001O11O0O1O1M4N1O1O2O1N110O1O0001O010O1N2N2O0O2M2N3M3LBMWQNNkn18QQNFQo1<81O3M2N2N100N100O01000O00100O002N0O101O1O1O002N0O2O2N10000O02N100O2N2O1N2O001N2L301N2M4JTZX2D]fgM0O1O1VDNegN3[X1MegN3[X1ObgN2^X1NedN[1bHlNib1IbcN1^I3QO?d1]OYNN`_R=
20111114063134Lh_6,l`hh21oo1000aQ`12\n_N1O1N2N110N101O0010O010O000O02O00O2O01IIdPN7\o170O010O010NbPNB]o1>cPNC]o1=cPNB]o1`00010O01O000O2O0O2O1O10O01000000O10O10O100000000001O00000000000000O100000000000001O00000001O00001O01O0001O01O0000010O0000001O001O00001O00001O01O01O01O0001O000000000000]PNL[o13ePNNZo11fPN1Zo1MgPN3bo15L0O1N2O100O1O100O0100O1O10O0100O100O1000001N1O1O2N2O1NUom1NnPTN0PPN0T_[j0
20111114063134Lh_7,o_TQ15R:Oc[11]dNOc[10adNM_[12X:O1ObR\34[mcL02MVP60koI1O000Roi0NnPVO4N2M>D2NO010O01O01O00000000000O101O0000001O0O2O1O0000000001O1O00010O1O1O2N001O1O2N000O200O001O0001O0O10001N100O10001N101N1000001O001O010O001O000001O00001O001O1O101O0O013L20OO1O0200N010001O001O00001N1O006K3M0O2N2O2MoNaQNe0\n1WOhQNj0Wn1ROlQNn0dn10O00100O1OQO`QN>an1_OaQNb0nn110O10O1O1O1O010O1O1O100011M3N001OO011O01O10O2N3MO001O1O00001O1O0O1O2O1O0O2O1O000000010O00001O00001O000000100O011O0001O1O001OO000100O100O011N011O0O000000O10000000000O1001O000O10000O1000000000010O000010O01O0001000O011OO0010000O2N1001OO110OO1O02O000O1O002OO10O010O02N01O11O1O0001OO1O1O100O01O0010O10O00001O0010O00010O0001O10O1O010O1O1O00002OO01O0000O10000000000000000O10010O2N4L2N00100O100O2O0O2OO00011N002O2M3N1O0O001O10O010O0002N5K100O010O11N0000001O001O001O001O001O000000000010O000001O00001O0010O01O1O1O011OO01O1O00011N011N001O2O0O1N2O`g]5NbXbJ0000001P`ik1
20111114063134Lh_8,TRY_11^Qd00Zn]O7O1DHoPN8Po1MhPN7Xo18N3O1O104K2N2N1O1O1O1O01O010O001N2O0[O[QN0fn1O[QN1en1O[QNOgn11YQNMin12WQNNjn10XQNOjn1NWQN3kn1IVQN7Zo10O01O01O000010O00100O1O1O2MXmX]2
20111114063134Lh_9,^UQY34lo1MhTb10XkcN0PPJ002O001O01000000O100000O000OO11001O100O20O0000010O010N2O1O1N1N3H7O2N2nPN^Oen11XQN8NKjn1K^QN6F1ln1I`QN?`n1AaQN>_n1BdQN;Ro1O1N1OXOIiQN7Un1IlQN7Tn1IlQN5Un1KkQN4Vn1MjQN1Wn10iQNNXn12hQNNYn11hQNOXn11hQNOXn10hQN0Xn10h10SO010ko70UPH0oo30en90]QB0O001000O10O110O9HL5KQoQ1Oek^=
20111114063134Lh_10,]`PY22V3OTla07[P@3M3O1M2O0KAjPN`0ln1CVQNb0in191O000O0N4I700M3N20100O0O2O100O2O001N101O00001O001O1O100O10T_Qd1
20111114063134Lh_11,PdTg22no1OkPV10UoiN001O00100O1O1001N2O1O0000000000000000000000000000000001O0001O01O01OgPN0bn10g01gPNOan11g00000010O0100O0010PP60lP20ToG001RPN0mo13SPNMfo10^PNOjo10O10O100000O104LO5L01O010PP2O10inM0fQ40[oK6LOZPNLh0Oom10ZQN61N]o1MbPN030M1mo1O0000O011OO12NO3OO0`0ORO0[Q\10VkcN0m_oo0
20111122063134Lh_1,^l^h16^<MkV1Ne^X16hmgN9H8I2N3N1000001O1dQNUO`m1n0XRNYOgm1i0TRN[Ojm1`1NO10O11N1O10000O11O1N2N11O00000O101N011N21N01N102M4L1N4M1O1O1O1OSSNlNnj1R1SUNPOlj1P1TUNoNmj1Q1SUNnNnj1R1QUNoNoj1S1oTNmNQk1Y1nSNcN14Rl1]1cSNjN4JU1NZi1n2bVN]MYi1a2dVNgMZi1W2dVNPNQO]O]i1c2aWNmNYOcNRh1^2bXNTOUOeNYh1U2aXNZOPOdNch1o1[XN>ig1_OUXNb0Ph1ZOoWNg0\h1oNcWNP1bh1mN\WNT1hh1iNVWNPNWOR3gi1WOcVNhMIo2gi1YO]VNfMOo2fi1[OXVNhM2l2ki1CUVN<oi1AoUN`0Tj1d23M4L3M2O1N2M5L4K8H9G8`N]TNUNgk1f1`TNTNfk1d1_1H9YOg0I6J7J6I7JZi_1ChZ_m1
20111122063134Lh_2,fcjj03h5O_ia00al=OVTRO10002N1O2N001O00000O11O000001O010O1O001O100O1kSNDdh1<VWNFkL1kk19ZWNEnL0hk1;ZWNDQM0dk1=YWNCSi1=lVNCVi1<jVNDUi1>V3001gSNBmh1?Z3100O1O10O01O0000O10001N2O1O100O01O010O10000O1000O11O3L10000O01O10O0100001N11O00O10O11O001O2N1O2O0O1O1O1O0O11N2N102N2N0O2OhRN[ORN0ml1e0Y201O1O00O1[QNBhm1>SRNHkm1:kQNNVn1m01O10RRNaN[m1]1fRNcNZm1k1700O2N3J6K4L<XOUQNBVo1O^RZ1MUneN1XJO][N0TQmj2
20111122063134Lh_3,Zfna22no1ObPR12YomN5N3M2N2O010O1O11O2M2O0O0010O01O1O000010O0001O00001O0000001O01O001O0001O01O0001O01O01O000010O00001O001O001O000010O010O02O0O100O10O0100O100000O1O2O0O1O100O10O010O0100O01O01O010O1O010O1O001O0O3M\Pn00`mQO0k[gU1
20111122063134Lh_4,hdjV22R40hg1OkTV14VoiN2N2N1O1O1O1O1O2O002M101O1O1O3M3N00O20N001O002N10100001O13OK2N4L1O0O100100O1O1000O001O1O1O4MO0001N1O101N1O001O1O00O1O1O100O1O010O0001O0010O010O010O100O010O10O001O00100O1O010O00100O00101N1O2N^Xka1
20111122063134Lh_5,QjRT32_Pd03[o]O3M3N5K5K2N1O1O102M2N4M2M102N1121L0O001O1O2N2N010O2N0O2O1O2N3M3L2O1N2O1N1O10O1O0100O010O0O2N1NdSYh0
20111122063134Lh_6,TWk`22g3O_h10iVn00mlQO7K3M4L1O1O10O01O00001O01O001O10O01O1O001O10O01O001O010O00010O0001O0O100O101N1O1N3N1O1O1O1N1001O1O1O10000N2O20O01O01O00OG8110001O0100O001O2M2O1O2O0N2O2N101N2M3MZoo0IkinV1
20111122063134Lh_7,[bfR13mo1O1OWQX10ln_O2koWO2E9`PNC^o1`0O1000O1O101O1O0010O10O011N100O10O1O1O010O1O010O1O001O010O001000000O2N102[QN[Oim1P1mQNoNSn1R1lQNnNUn1S1;1O1O01O0O100O100O2O0O1O2N1O2O001N2O1O0O2O010O10O010O001O2OO010000O10O0001O02N100O1O002N1O01000O010000O1000O12N2M1000O010O1O001O1O10O01O0001O01O100O001O100O010O10O1000000000000O10000O100O1000O110002L8I1O000O101N101N111N0O100001N1O2N2N4L2N4L2N2M2N5KWYc`2
20111122063134Lh_8,dbjR12no1OdRP83]moGN2OO0PP20PP80PPL0RP:0noA0ZZYc2
20111122063134Lh_9,hdRV23\4NTg11^4OnPn11ToQNO01O00000001O01RP20noMO1001QPNOmo140NSONjQN5on10VOKjQN2So101N13ON1014L00O113KXo31gPL0O0O1O101N100mPNKZn16fQNKXn16gQNJ\n13dQNM\n14cQNL]n15bQNL]n15bQNK^n19_QNGan18_QNHan18_QNGan1;]QNEdn1;[QNEen1<[QNDdn1>ZQNBfn13PQN59Hhn10SQN65KRo13mPNNSo12lPNNTo12lPNOSo10nPN0Ro1OoPN1Qo1NPQN2Po1NPQN1Po1OQQN0Po1OPQN1Qo1OoPN1Po1OPQN1Qo1NoPN2Qo1OnPN1So1NmPN3So1MmPN2So1NmPN2So1OmPN0To1OlPN2So1OmPN0So10nPN0Ro10nPNORo11nPN0Ro10nPN0Qo10PQNOQo11nPN0Ro1OnPN1Ro10mPN0So10mPN1So1OmPN0To10kPN0Vo10iPN0Wo10jPNOVo12iPNNXo11hPN0Wo11iPNNWo13hPNNWo12iPNOVo12jPNMVo15hPNLXo14gPNMXo15fPNK[o1=O10000000O10000000O10O100000000O2O000O2N2O001O1N2N2NiPNNYo12O001O0100O001Ooo3NRPL2O1O100O10O01O011N001O10O01O1O000000000001O1N2O1N\lk1NgSTN0kPN2^Yo[1
20111122063134Lh_10,Yhhb028OW20Ske06bRZOM80en1;YQNIen18WQNLhn1i0M6K3M1O10O1O1lNcQNa0Uo1J1N1O100O1O1N2O1O1000000O10001O000000O2N001O10O0H`PN0ho1000O1O1O1000O1O1O2N_UeY3
20111122063134Lh_11,dglP33j5NXd10QWR19bnmN5L4E_OlPNh0Po17N1N14MO09G100O2N010N10100O00000001N0100001N10O1001N2OO2^OfPN;[o1501O0O11O1O0O10O2OEiPNLVo13mPNMRo11QQN0ln10YQNNfn10_QNLbn12`QNN_n11bQNO^n10cQN1Vo111O011OQP2O21moK0oo15KOjNK`RN5`m1K`RN4am1M^RN2dm1N[RN1fm11XRNOim12URNNom1NRRN0Po10RO0n00lPN0Xn10gQN0Yn11fQNO\n11bQNO_n13^QNMcn15YQNLin13VQNMkn13SQNNmn13RQNLnn16PQNKPo15oPNKSo14mPNLRo14oPNKRo14nPNMSo12mPNNUo10jPN0Wo1OjPN0Xo1OgPN0do11OOQkW10]]ie0
20111122063134Lh_12,_`^b06h0NgRh01ZlYO2QOMoQN6mm1P1M6K5K2N3kQNXNnm1n1O100O00000O101N1N3N2M2N3I7K4L5@VMdSN\1M3\l15lSNlNH2\l1n0STNmNJMRl1T1XTNmNIKPl1W1ZTNlN^l1U1cSNjN\l1V1gSNhNYl1W1hSNiNWl1X1jSNfNVl1[1kSNcNUl1^1lSN`NUl1`1mSN^NSl1b1U101O1M3N2N2N2M3lNZQNl0hn1SO[QNa0Yo1J`^kY3
20111122063134Lh_13,hajQ15`8Og^1O]aNOc^10g80cT<OYkE3SPNM\mS24aRlM2NM[PNNao1O^PN23Nio;0QPF000000010eo90[PF0O0gVN0bb10]]N0Sc10i50mPN0Ro10?0`PN0Qo10oPN0Po10`00aPN1mn1OTQN0ln10TQN0mn10SQN0ln10TQN0_o11O0]OOVQN1in10WQN1hn1NZQN1en1O\QN2cn1N_QN1_n1Oi00010O0000010O0000000010O0QP20ooM010O010QP20QP60noI0ooM000SP80noI0RP60noG0RP40moK1RP4OcPN0hnM0WQN0]o10UP40SoK0a10VO0XO0aQ80cnI0dPN010O00000011OO10O10aPN0mn10a01QP2OPPN0O01000O11O00O10O01000O01O010UQ8ORO0joG101N9I0N1O5K2N1N001O2N1O1O2XOUOWRNT1bm1lN\RNV1cm1kNZRNX1fm1gNXRN[1hm1hNSRNY1Pn1:4L1O2J:eNXQNQ1Qo1K7J2M4M20M02O2N001N010000O1O10O01000O1O100O10O01O100O11O0O1000O10000O0100O010O0001O001O1O`je2KVbQX2
20111124153054Bh_1,Yd\a13m49mKEoh10\Wl02dnSO:H8J2N1O20OO100100001OO21OO11O0N20O00000O1O1O001O000O10000O100O1000000O1001O1O1O:F3M2N4L1O1001O2N4K6J5K4L1O2OO0001N11O0001O000010O1O0000001O01O0O1N3M7FRki0Oj`SW2
20111124153054Bh_2,kkZf25T;N`Y1NZ]V1:dmiN6L4L3N1000O11O0O02O001OO2O1O00004L:G4M0N21O03N001aSNfNQj1[1gUNlNYj1R1aUNVO]j1j0]UN]Obj1d0ZUN@fj1?VUNGhj18VUNLjj14QUN1oj1NnTN6Qk1LiTN9Vk1JbTN:^k1V2O0O10010O02;D1010O11O0O3MO010O01001N2N3K4N2M2N2N5J3N2M3jMXTNN]l1VOQTNc0km1L5J5K3M3OO00O002M2O001N2O1O2N1N2OafY1Jj]_P1
20111124153054Bh_3,VhTZ11cPP14WoQO9G4M2M4L3N1N3N2N1O1O2N2N101N101O0O2O0102eN[QNT1ln1L3N2M2O1O1O2N1O2N001O1N20OO10O1000O0010O10O001O001O000000001OO010000O10O10O10O001O1O0001O001N2O00101N100O1O3LmUQ`2
20111124153054Bh_4,a^ZV14Y7NXa1On\T19SjkN8I5L3M3N2[NWOoSNk0mk1ZORTNf0mk1\OQTNe0nk1\OQTNe0nk1]OPTNd0nk1^ORTNb0lk1@STNa0lk1@STNa0mk1@PTNb0ok1_OPTNc0ok1^OoSNc0Pl1_OmSNc0Tl1^OhSNd0Xl1^OdSNd0\l1_O\SNf0dl1[100O101OO010N1\Od0M2OK6N200000001N2O1O1000iNiRNGTm17TSNEkl16^SNGal19cSND\l1<hSN@Xl1`0lSN[OUl1e0PTNUORl1k0UTNkNnk1T1^1100000000000101N1O2O1O002N3M10002M3N001OO200N2O1N3M4L3M5K4K4L3N2M5K5K5K5JTmU1O^da`2
20111124153054Bh_5,\bbe15W9OY]1N^9OcQl18UnSN2M4N2M3N1OJfPNHWo1b0O1O1O2O0O1O00010O1O01O10O00010O02OO0010O001O10O0001O01O01O001N2O010O1O1O10O02N1O100O100O10O011N10O11O0O101N110OO20N1100O1O10000002N011M1O1O0O100O10O010O1000000O1000000001O001N111N10OO110O1O2OO02N002N011N111L5M2M100O112M<F2L41OO2OOOM3N2Mg0YO1O2M3O2O0M3N1O1O1N2O0O2N1O2O1N2O0O3KmUYo1
20111124153054Bh_6,_b\l12o3Oog11P4OjP`23To_M1O1N10001O0O2O1O0O2O001N101O001O0O2O0000100O0000010O01O010O00010O0010O01O010O01O01O010O0100O010O0001O10O00011N10O01O010O1O10O0100O0010000O10O11N10001N100O100O0100O10O1O010O100O00100O10O01O01O01O0001O01O0001O0001O00001O0000010O0000000000000001O00000010O01O000010O01O001O00001O010O001O010O000010O010O00010O010O000100O01O01O010O00100O000010O010O01O1O001O0010O01O010O10O01O010O1O1O010O1O1O010O1O100O1O100N2O1O2N2Lgl]2Om`S_1
20111124153054Bh_7,a[kU22lP>0lnC9EHfPN;Yo18M2M3O2N2N2N4L2N3M100O2O100O10O1O1N101O1N2N3UOZQN6kn1@^QN=To1N2N2N2M`bhg1
20111124153054Bh_8,kg`\21ZPj05`oWO1N3N1O1O1O1O001O0010O1O010O1O010O100O1O01000O01000000O100O10000O2OO0101N1O010O010O1O000100O1O100O1O001O100O1O1O1O1N101N2O1NhVg^1
20111124153054Bh_9,hh^n02]3Ofia07dR@9G7J3N1O1N3N1O2N4M3M1N010O1OO1010OO10010O01O1O20O2M5kNZQNe0To1M1N11OO01O01O1O10O02M3L5KfT]n2
20111124153054Bh_10,fgPk21VPb03fo_O6I4M1O2O0O0000010O00000000O1000001O000010O10O0100O01000O01000O10O100O001O001N7I`WkQ1
20111124153054Bh_11,lnjR11nPd02on]O2YOM\QN6bn1K]QN6an1K_QN6`n1J`QN7_n1IaQN8^n1IbQN7]n1IcQN8\n1HdQN9\n1GcQN9]n1GcQN9]n1HbQN8^n1HaQN9`n1G_QN9an1I\QN8dn1JYQN7gn1a00000000000000000O10000000000O10O10001OO10001O00AVQNHjn15[QNIen15_QNIan16bQNH^n15hQNHYn10iQci2
20111124153054Bh_12,caRk15S9Ld]12V900O1OcQX40]nkK0PPL010O100O1dPNNjn11c0000ePNOgn11d01O000gPNNdn12\QNNen12[QNNdn12\QNNen12ZQNNgn11d01ePNNfn12ZQNNgn11e00dPNOgn11YQNOhn11c00ePNOhn11WQNOin11d00cPNOin11d0OdPN0hn11WQNOjn10c010OdPN0hn11c00100O000100O0dPNOin11WQNOjn11b0010O01O01O01O01fPNOcn11g000OgPN0cn30fPN10O10gPN0an10g001000O001QP2OooM010O100O01O010O01O01O01O0010O1O01oPNOQn11o001O01O0001O01O000001OPQN0Pn10P1000QP20ooM0000000QP80oPJ0PoM0QP80RoK0kQJ0Ro1000000000Uo10gQL0To10UO0fQN0Zn10l00j00UO0VO0j00kPN0[n10eQN0Zn10fQN0Zn10fQN0Zn11k0OkPN0[n10j00kPN0Zn10fQN0Zn11fQNOZn11eQNO\n10j00kPN0Zn11eQNO]n30cQL0\n10dQN0]n10i010OiPN0^n10bQN0_n10a10_N0iP20PPN0fPN0Yo10ZO0\QN0dn10\QN1dn1O\QN0dn10\QN0en10ZQN1en1O\QN1cn10\QN0fn1OZQN1en1O[QN1en10ZQN1fn1N[QN2dn1O[QN1fn1OYQN2gn1NXQN2hn1NYQN2gn1NXQN2in1NVQN3jn1MUQN4kn1KVQN4kn1LTQN5ln1KSQN5nn1KRQN4on1LPQN5]o110OO2O001HHfPN8[o1IaPN:6GI4mn18XQN0KCin1<\QN7cn1F^QN;bn1D^QN=bn1B_QN>`n1AcQN=^n1AeQN?Zn1@gQN?[n1]OhQNa0nn1L6GaQ:LfnE4K6L2N2O2NEgPN0Xo10iPN0Vo1OmPNOSo11nPNORo10oPN0Po10QQN0on1ORQN0on1OQQN1on1ORQN1nn1NRQN2nn1NSQN2mn1NRQN2nn1OQQN2_o1OANPQN3on1NPQN2Qo1MPQN2Po1OoPN2Qo1NoPN1Qo10nPN1Ro1OmPN1So1OnPN1Ro1OnPN0Ro11mPNOSo11nPNOQo12oPNMRo13nPNNPo13PQNMon13RQNLon14QQNLon13RQNMmn14SQNLmn14SQNLln14a00dPNLkn13VQNMin14a001OgPNLfn15ZQNKfn14ZQNLfn15c0O1O001000ePNMgn14XQNLin14b00O10O1000000000001O2MXkY31jTdL8U[c[1
20111128175514Mh_1,g_nk11`PP16WoQO3L3O2N100000000000000000000000000000001O00000001O1O001O100O10000O100O10O0100O00100000O010O010O0100O100O010O010O010O1000O10000O0100O011N1O1O1Nl^an1
20111128175514Mh_2,eb`o23mo1O1O\Qn1Q1cmQN4K4N1M5L3M3M3M3N2N1O1NiN^RN4`m1KcRN4\m1KfRN5Xm1JlRN6Rm1IPSN6Pm1ISSN7kl1HWSN7il1G\SN8bl1DcSN;]l1DhSN9Wl1FoSN5Ql1KTTN1kk1OWTNOik11YTNMgk13[TNIgk17Q200001O001O001O1O00001O1O01O01O001O001O1O1O001O1O001O1O000000000001O000000001O1O010O1O011O0O10000O10O100000O0100000O11N1000001O0O101O0O2O1O1O1N110N4N2M2O0001O0O001O1O001N10000O100O2O000010O001O2O4J3N2O0O1OO200O3M4L2N2OO010001O001N1O1O001O4L1O00000000000O2N1O0O2N5K4Jlji10WUVN0[][b0
20111128175514Mh_3,Xfbi24V6N^c1O_W^15enaN4N2M5L2M3O1N2N2O0O101O0O101O010O100O2O0000O0101M200O2N002N100O10O1O1O2N00001O2O4K2N2OOO200N2O001O000000000001O01O01N110O001O00000001N101O001O000010N11OO110N11OO01000000O2O1N100O2OO02N100O01O01O11N1O10O0100O10O010O10O01O1O001O1N2N1N3N2O0O100OkjW1NXUjN0hYgk0
20111128175514Mh_4,`^VR12no1OlPX13nngN5L4N2N1N2O10000O100O01O1O1N2O1O1O1000001O01O1O100O1O0100O010O10000O1000O01000001O0001O000O1000O001000O0100O010O10O1000O10O010O10O01O001O10O01O0010O01O01O01O01O001O001O1O001O1O0010O010O01O1O010O0O2O001O1Nc_oe2
20111128175514Mh_5,mbfP33a4Ojgg09fSXO9nn1b0K3LkN\RN1bm1ObRNO]m1OgRN1Wm1OjRN1Sm1ORSN0ll1OWSN2el1N^SN2Yn11OORNNnSN1Ql1OPTN2nk1NSTN3dl1MeQN2d00Sn1OlQN2kl1M^TN4hm10N200N110N2O1[OH^QN9bn1KZQN5fn1LXQN7gn1IWQN8jn1HRQN;nn1;110N1000001O1O1N2O1O2N0O2N1O2O0N3M5H^Y_k0
20111128175514Mh_6,YgVS32Y3OPjg02bRZO5L3N1N101O1O1O00100O101N01001N101O0001O0010O01O1000O01000000O1O02N01000O10O000010O00100O0001O000000000O100O1O1N3N1O2N1O2NRVUh0
20111128175514Mh_7,d^df21oo10XQb10fn]N3O2M3^PNHWo1;52M3C@VQNb0in1ASQNb0ln1@RQN`0nn1810O10000O010O010O1O001O01000O01O001O1000000000000O10000O10000O10001O0O100000000000000000000001O0000001O001O00100O100O0010O010O000001O0001O000001O01O000000001O01O00000000000000010O00000010O0001O0001O01O01O010O001O0@oPN1Ro1MUQNLmn12UQNMkn13VQNLkn12WQNLkn13UQNLPo1ORQNOon11_oc1O^bal0
20111128175514Mh_8,ScnW32no1O]P\11bocN4M1O00100O010O1O1O0010O0100O100O0100001N1000O0101O000O100O010001N2O000O0100000O10O010O01O01O010O00010O00000001O0000000000000001O000001O000000000000000001O00000010O0001O00100O010O0010O010O10O10O00010O010O00001O001O001O001O1O1O1N3MUnY1Oi^c<
20111128175514Mh_9,k^\b24^6N`eg03iSZO7J6L5K3M2N4L2N3M4I6VOoN\RNX1am1g0K5M1O1N2O1O0O10000O2O00001N10hNPSNAnl19\SNDdl18`SNI_l11hSN0Vl10jSN2Tl1MnSN40TOjj1g0WUN8^OBYk15YUNa1ej1_N[UNb1ej1]N[UNd1fj1ZNZUNg1fj1WN\UNh1fj1UN[UNk1hj1QNYUNo1]l1O100N2O2M3M5K8I3K4M4K5K8F;Fn\]Y1
20111128175514Mh_10,[dTR12d2Oej10WSV11]oiN2O1O1N2O1O1O1O001O01O0000ZQNGem19[RNHem17\RNIcm18\RNHdm18\RNIcm17_RNGam19S100000O100000000O1000O100O100O100000000000001O01O00010O0010O01000O010000O2O1O001N2O001O0O011N13L2O0000000O2OO11001N2N2N1O1O000O0100O2N1O1O1O1N2O001O10O01O00100O1O1N3Nkmo0Mm]Qd2
20111128175514Mh_11,TU_W21WPb00go_O5L1N2O2N0000100O001000O010O010O010O01O0100O100O01O10O01O010O000010O001O001O1O001O001N2O1N3MQjPe1
20111128175514Mh_12,_`jX22_Q<0]nE3N3M2N2N2M2O1O1O0ZO_OlQNc0Tn1_OjQNb0Vn1@eQNb0\n1@`QNb0`n1?0O1N1N201M210O2N2N1O2M5HU_Se1
20111128175514Mh_13,Q]dP16T<L`W12chNM]W10c^f25`mYMO]PNM`o10ePN1eo1OAOPQN0`o12N001O1O1O1O1N2N3M2M3N2N2N2O1O1O0001O1O1O1O10O01O0010O01000O01O1O001O1O1O1O1OCCYQN;hn1EXQN:hn1GXQN7jn1HWQN7jn1IVQN6jn1KUQN5kn1KUQN5kn1LUQN3ln1MTQN2ln1NTQN2ln1OTQN0mn10RQN0nn10SQNOmn12RQNOnn11RQNNnn12SQNMmn14SQNLln15SQNLmn14SQNLln14TQNLmn14SQNLln14UQNLkn14TQNMln12UQNOin11WQN1gn1OZQN1fn1N[QN3dn1M[QN4en1K\QN4dn1L\QN4en1K\QN4en1LZQN5en1K\QN4en1K[QN5fn1KYQN5gn1KZQN5en1K[QN5en1LZQN5en1K[QN5fn1KYQN8en1G[QN9fn1GYQN;en1FZQN<dn1D\QN=dn1C[QN>en1BZQN?fn1@ZQN`0fn1AZQN`0dn1@\QN`0en1@[QN`0en1_O[QNb0en1^OZQNb0gn1^OXQNb0in1]OXQNc0hn1]OWQNd0Qo1101O002M21N2O11N2N2O0N2O1N112M2M3M4L3`RNdNVl1]1hSNfNWl1\1cSNiN[l1Z1PSNZOnl1l103N2N3M4L10N6L0O00100O1N3O0O2M4M2N3L5fMmRN^1mm1M3N3L2O2N5J102M01000100N2O2N00110N03O2L1O1O1O0000O1000000O00100001N2O002NO11O01OO0`0A3M001O00001OO101O01N02N100O2N101N3L2O3L3N1O2M3M102M3N1O3N2O1N10O00O101N3Kmea2NWZ^M001nbo[2
20111128175514Mh_14,Tn`f22c2Odlm06aPTO2N2N2O001O00000000000000000gNFlRN:Sm1IkRN7Um1JiRN7Wm1JhRN6Wm1LhRN4Xm1NfRN2Zm12bRNN]m14bRNL^m15aRNK_m16`RNJ`m18^RNHbm19]RNGcm1:\RNGcm1:[RNGfm19YRNGgm1:XRNFhm1<VRNDkm1=RRNDnm1>PRNBPn1`0lQNBUn1T11N2N2O0O2N2N4K3M4L6L4K3N3M1O1O1O1O1O1O1O1O1N2O1MZPiT1
20111128175514Mh_15,ZbXP35o8Nj]1OV\^1ORmaN100O01OO0010000cN7`RNJ\m1;cRNEZm11lQN2i0MWm1OXRN2a0OTm1N_RN2>Ojm10VRN0mn10oNOSRN0Pn31oPN00ORP20ooM0O000010O0000O2mPNNVn12iQNNWn13gQNOXn12gQN7Qn1InQN<nm1DQRN>om1AoQNi0jm1VOTRNj0ik1TOjUN0\Nk0lk1UOiUN0ZNj0mk1VOYVNk0]l11[MTORVNP1oi1POTVNl0gl1JVMZO_VN?ai1AbVN=^i1CgVN7Zi1IjVN3Ui1MmVN2Si1NnVN0nla00eo_O0O00100001OO10O_Pd00ao[O00001O000ePN0en10[QN0en10[QNOfn11YQN0hn1OXQN0\o1000O1000000UhY10aece0
20111128175514Mh_16,eScg12k2OWj10m2000gPV36mniL7N2O1O001O10O01O001O010O00000010O00100O3M100O2N00100O0010O0001O010O000010O0001O10O0000010O00001O0001O000001O0000100O001O001O1O2N00010O00000000000000000000O1000000000000000000001O0000O01000001O00000000000000000000000O1000O100000O1000000000000O10000000O1000000000001O0000000000001O0000001O0000000000000O100000001O000000001O001O001O1O001O001O000001O000000001O000000000O101O0O101O00001O0000001O000010AaPN;_o1300000010O01O000I`PNO`o1OePNM[o13fPNMZo11hPNNXo12jPNMVo12jPNNVo12jPNOVo10kPN0To11lPNNUo11kPN0To10mPN0So10mPN0So10lPN1So1OnPN1Ro1OmPN1To1NmPN2Ro1OmPN2So1MnPN2So1NlPN3ao10O1BLoPN3Ro1MmPN4Ro1MnPN2So1NlPN2To1NmPN2So1MnPN2Ro1OmPN1To1NmPN1So1OmPN1So10mPNOTo10lPN0bo10koi01kmW2Oenj^1
20111208173814Mh_1,Rddg22Q5Offg05RTZO7J8H5K3N1O1O2O0002N3M1N5L0O2O0O4L1O000000O0100O010100N1010004L1N2N00010O01000O002O3L3M3O1OO2N1N5K3M4K4L2M9GeWUT1
20111208173814Mh_2,gXa_14R6Nfc10]\NOcc10[[X21ijgM3J6N10000O10000O1000000O1000000O100000001N100O10001O000O10000O1O010O100O10O010000O10O10O0100O1O01O010O00000O101O00O10000O010000001O000010O00001O00001O001O0O101O001N1N3N1O101M2O1O10O11O0001O00000000O01000000O2N1O1O2O00000O1000N2O001O01000000000000N2N2M4N010O11O0000001O0001O001O001O01000O010O10000O1O10000O0010000O10O10O1O001O001O1O1O010O1000000O100O10000O1O1O2N100O1O3LnnS2NVQlM0YgTP2
20111208173814Mh_3,VcRP12l3OUh10n30mPh12knWN8M2O1N2O100O2N1O1O10O01O100O0010000O010O10O10000O100O101N1O2O0O100O2N100O0010O010O01O01O010O00010O00010O010O001O010O0010O010O01O100O100O100O2O001N10O0100O010O10O001O1O1O2N1O3M1O1O1O001O010O0010O00010O001O01O01O1O100O1O01O0010O010O010O10O01O01O0100O010O0010O010O010O1O0010O01O1O1O1O010O1O1O1O2N1Oelc1OV`[a2
20111208173814Mh_4,WdPW24i7NX`11l7N`Ql21`nSM2M3N101O1N2O001O1O001N2O0O2O0O3N1O1O001O010O0100O010O01O010O10O010O010O10O100O101O0O2O001O011N2O4LO001OO1000000O100O11OO110OO11N110N11O004M3L2N0001O0001O0010O02OO101N010O02OO01O0O2OO11O0O2O001O0O2OO10O1000000001OO12N001O0000000000000000001OO100000O0100O100O101N1O2O0O1O1O100O1O0010O00010O00010O00001O00001O010O1O001O01O01O0[L^OlWNc0Sh1_OlWN`0Th1@lWN`0Th1BjWN?Vh1AjWN>Wh1DfWN=Yh1DfWN<[h1DeWN;\h1EcWN;^h1EbWN:_h1F`WN:`h1G_WN:bh1E^WN:ch1F\WN:eh1GYWN9hh1GWWN9jh1HUWN8kh1ISWN7oh13eVNNZi14dVNL^i15`VNJ`i17_VNIci17[VNIei17[VNIgi17WVNJhi16YVNIii16VVNJki15UVNKli15TVNJli16TVNJni15RVNJoi16PVNJQj16oUNJQj15oUNKRj15nUNKRj14oUNKRj15mUNKTj14mUNKSj15mUNLSj14mUNKTj15kUNKVj15jUNKUj16jUNKWj14iUNLWj13iUNNWj12iUNOUj11kUN0Vj1OjUN2Uj1NjUN3Vj1MiUN3Wj1NiUN2Wj1NhUN2Yj1NfUN3Zj1NeUN2Zj1OeUN1\j10cUN0]j10bUN1^j1OaUN1`j10^UN0dj15UUNKlj15SUNLnj13QUNMTk1OkTN0Xk1OgTN1[k1MeTN2]k1NbTN2`k1LaTN2ak1N^TN1fk1LZTN2ik1MWTN2lk1MSTN2ok1MQTN2Rl1LnSN3Tl1MkSN3Vl1LjSN3Wl1MiSN2Zl1LeSN4\l1LdSN4^l1IdSN4Un1OXlm2MRTPM000So10PQN0`o1N_n11^QNO<0i[[S1
20111208173814Mh_5,f\bc22f33]h1Mk3OVQ\21jncM1N2O1O000O2O000O2O0O101N100O101O0000001N10001O0000001N1000001O001N100000000000000000O0100000O100O01000000001O01O00001O0010O01O01O010O0010O010O000100O0100O2OO0101O0O001000O010000O01O2O000O100O2O0O1000O01O100O01O0010O010O01O10O010O10O0100001N7I1O101N1O1N2O100O1O1O2N1O1O2N1O1O1O1O001N2O1O001O001O000001O00001O001O1O001O100O10001N11N1lQNdNdm1[1YRNiNfm1Z1TRNiNlm1f10O00100O1O1O001O1O1O1O1N2O1O1O2M3M2O1N3N1N3M3M2N4K4M3M2M3M5E`l]2MkSbM0Zcij0
20111208173814Mh_6,noP_22kPP12onQO4H6N3L30001O0O100000000001OO10010O00001O00000O1001O01O00001O001gQNZOWm1f0fRN]OYm1d0eRN^OZm1c0dRN_O\m1b0aRN_O_m1b0_RN_Oam1c0\RN^Odm1d0YRN]Ogm1d0TRN@lm1[100O000000O2O001N100O1O2O0O1O2M3K4J8M2N3M4TOnPNd0Zo1L3N2N2M3M3N1N`nb[1
20111208173814Mh_7,nTWb22nQj06hmWO6J7J4iPNXOon1j0PQNVOPo1k021O0O100O100O1O1O1N2O1N100O1O1O1N10O10O10O100M3N4N1O1O2O10O01O1O100O001000O0100O1O001O10OO2N2O1N2N2O2M3M2McjXY1
20111208173814Mh_8,hcj`23mPb15kn_N3M2O1O2N1N2O1000O0001O00100N3O0O1O000O1001O000O1000000O100EgPNMZo12hPNMWo13iPNNWo11kPNNVo11jPNNWo12kPNLUo13lPNMTo13lPNMTo13lPNMTo13lPNLUo14kPNLUo13lPNMTo14kPNLUo14kPNLVo13kPNLUo14kPNMTo13mPNLUo12lPNMTo14=N11N011OO020N110O1O0OjPNN`n12g001OgPNObn11]QNOdn11\QNOdn11[QNOgn10e00c00iN0WQN0in10d00O011O000c0OlN0SQN0mn10SQN0mn10SQN0]oi00SPXO0O1O001O002N010O0010O1O1N20hli15`STN2NNXYSU1
20111208173814Mh_9,e^nY14lo1MWV^18`iaN4M3M3M3M3O2M2N2O1O001N2L3001O00000001N10000000O1001OO1O10000N102L210000O100O100O1O001N2_MlNVVNU1ji1lNUVNS1mi1mNSVNP1oi1QOPVNm0Sj1SOmUNk0Tj1VOlUNi0Uj1XOjUNf0Wj1\OhUNc0Yj1]OfUNb0\j1_ObUNa0^j1@aUN`0`j1@_UN?cj1B[UN>fj1BXUN>jj1CSUN>mj1CPUN?Qk1BlTN`0Tk1@jTNa0Wk1_OgTNa0Zk1@dTNa0]k1@_TNb0bk1^O]TNb0ck1_O\TNa0ek1_OYTNb0hk1_OTTNb0nk1^OmSNf0Tl1ZOiSNh0Xl1YOdSNi0]l1XO_SNj0cl1VOTSNQ1nl1o01O2O0O2N1O2N101M2O2O1N1O3N0O3M3M3M1N4M3J7I8G8J9H8Hcm[1JPd[[2
20111208173814Mh_10,Yb\>3a0P1@c04_N6M`k1OT40VQb15\n]N:L5L;F2N2N2N2N2O1O0O10001O000O101O00001O0010O00010O010O100O7eNhQNa0ln1O1000O01000O01O010O0000001O000010O000001O00000000001O0010O01O01000O101O0001N2O1O1O0O10000O100O10000O2O02N1O0O2O000O100O10O01O010O001O0010O000000001O000000001N100O10O10O100O010O10000O100000000O100000000O1000000O10000000O101N1N2N3N1O1O1O2O0O2N101N102LUmk1OnRTN0g]QT3
20111208173814Mh_11,\\Tk14i7OW`11i_NOW`1Om_NOS`10RYV51lniJ1O1O001O001O00000O1000001O000001O00000001O001O002O5J1O1O001O1O1O1O1O001O2N00100O10000O10O10O01O010O01O01O0000001O0000001O0000001O00000000001O0001O01O01O0010O010O01O01O00010O001O0001O01O000000000010O00000000000O10001O0000001O00001O00000000001O0000000000001O0000000000000000001O00001O1O001O001O001O0O1000000000000O100O100O100000O100000000001O00000000000000001O000000000010O000000001O01O0001O00010O010O010O0100000O101O0O1001O0O2O001N10O010O010O0010O0001O00001O00001O00001O00001O00001O00001O01O01O00010O01O01O01O00010O010O0100O0100O0100O0010O01O010O0010O0100O0010000O010O0100O01O10O100000000O2O1O0000O010000000\OWQN0in1d00001O1N4M2N1O1O1O1O10O1OO02O1N100O2O0O100O101N100O101N100000001O00010O16J02M2O0O1O2N1OO02O000000O3N1N10O10O01O1O2N2N1N3M3]OjPN7bo1M3L`iW4NS]fK5mb1Kd600000dciS1
20111208173814Mh_12,ocVf23mo1NTQn11inQN8JHbPN5io111M0L20O0010OnN0RRN1mm1OSRN0Pn10nQN0Ro10TO0eQN0Wo10O0\O0e00bPN0kn12b0O0O0000QP40\PJ0co1010@0o00A004ZOLZQN1en1O\QN0cn10g0000TP40moK0O0hPN0Zo10VP20iN1SRLOhm11WRNOjm12TRNOmm10QRN0Qn13jQNM\n10aQN0bn11YQN0jn10RQN0Qo1OlPN2Vo14aPNLbo17Vnm0Gi[UR1
20111208173814Mh_13,jcS`12]2OSk10nR^14]oaN3M1O1O1O2cPNFPo1g0N1O2M2O001O1O1O1O1O1O2O0000O100O2O10O00O010O10O01O1HTQN[Oln1d0VQNZOjn1e0XQN[Ohn1d0XQN]Ohn1b0XQN_Ogn1a0YQN@gn1?XQNBin1>UQNCkn1>SQNCmn1h01O00O2O0O10001O0000O10000O100000001O0000000000001O000001OZORQN:mn1FTQN:ln1FTQN:ln1=0000001O00000000O10000O10000O1000000001O0O2O1N101N2O1N3N1N4L2O2N1N3N1O1O1O1O1O_ZXW2
20111208173814Mh_14,[\Sj21UPb03fo_O2O1O1O00001O01O01O010O000010O00010O0010O01O01O0100O00100O10O010O01O0010O01O1O001O1NobdR1
20111208173814Mh_15,^bVn04i7OW`10l_NNT`11n7OgQ\33SncL6L3NIaPNO^o1LjPN4So1LoPN4Po1LQQN4^o11O0^OKXQN5gn1K[QN3en1M\QN3cn1M^QN2Yo10YON^QN3an1M`QN2Xo10XONaQN1_n1OaQN2Wo10WONcQN2]n1NcQN1]n1OcQN2]n1NcQN2\n1NeQN1\n1OcQN2]n1NcQN2]n1NcQN1^n1OaQN2_n1NaQN1`n1O_QN2Xo1OZO0\QN0en10ZQN1gn1OXQN0hn11WQN0in10WQNOkn10TQN0ln12RQNNPo11PQNOPo11oPNORo10nPN0So10mPN0So1OmPN1So10mPNOTo10lPN1So10lPN0To10mPNOTo10lPN1So10mPNOTo10lPN0To10lPN1To1OlPN0To10lPN0To10lPN1To1OlPN0To10lPN1So10mPNOSo11mPN0So1OnPN0Ro10nPN1Qo10oPNOQo11oPN0Qo1OPQN0Po11oPN0Po10QQNOPo11oPN1on1ORQN0on1ORQN1mn10SQN0ln10UQN1jn1OVQN2hn1NYQN4en1L[QN4dn1L^QN2cn1N]QN3bn1M_QN2`n1NaQN2_n1N`QN4_n1KbQN6\n1KdQN5\n1JdQN7[n1JeQN5\n1JeQN5[n1LdQN5\n1JdQN6\n1KcQN5]n1LbQN4^n1MaQN3`n1N^QN2cn1N\QN2dn11YQNOin10VQN0jn11UQNOln11SQNOPo1NPQN3Qo1LnPN4So1KnPN4So1LlPN4To1LlPN5To1KlPN4Uo1KkPN5Vo1JjPN7Uo1JkPN5Vo1JjPN6Vo1JkPN5Uo1KkPN5Vo1KiPN6Vo1JkPN5Uo1KlPN4ao1ODMlPN3So1MnPN2`o10CNlPN2To1NlPN3To1MlPN2To1NlPN2To1OlPN1To1NlPN2To1OlPN0To10mPN0So10lPN0To10mPN0Ro10nPN0So10lPN1So1OnPN0Ro11nPNORo10nPN1Qo10oPN0Po10PQN0Qo1OPQN1on10PQN1Po1NQQN2nn1OQQN1Po1NQQN2on1NPQN2Po1OoPN2Qo1MoPN3Qo1NoPN2Qo1MoPN3Qo1NnPN2So1NlPN3To1MkPN4To1MkPN5To1JmPN6Ro1KmPN6So1JlPN7To1IkPN8Uo1HjPN9Uo1IiPN7Xo1IgPN8Yo18O011O0O001O1O1O100O002O0O012M8H10000O01O01O01O01O0100O1012M02OO00O20N010000O0100000001OO3N1OO0100O00100O1O002OO00010O01O11OO0100O010O000010O00000000001O001O00001O001O001O001O1O0010O01000O1O010O01O1O001O1O1O1O2O0O1O2O0O1O1O1O001O1N102Kllk2O]SRM0eo10^PN8Rl9FhSH0b]mY2
20111208173814Mh_16,]\[o11mPh01onYO4N001O1O010O000010O01O1O0O100O101O000O10000_OD^QN<an1F^QN:an1H]QN9cn1G\QN:dn1G[QN9en1HYQN9gn1HXQN8in1JRQN8nn1=1O001O1O1O010O001O1N2O0N3L3O10001O00011N1O3C]PN3abbl1
20111216103234Ch_1,W_`Y13cSb0>gk_O7K5M3M2N3M3L3L5IYOnQNKjm18\RNGXm1a0mRN]Ool1d0VSN[Ofl1d0_SN\OSl1DUSNQ1j0\Oik1R1\TNlN]k1Y1fTNgNUk1Z1oTNfNmj1Z1WUNfNgj1X1]UNhNaj1i0RTNnNa19\j1f0UVNZOji1d0YVN\Oei1`0aVN@]i1?eVNA[i1=hVNCVi1<mVNCRi1<RWNBmh1<YWNAgh1<^WNBbh1<aWND_h1:cWNE^h18eWNG^h15dWNJ_h11dWNMXl1Oi[ec2
20111216103234Ch_2,Tind01dPV12XokN2O1O010O1O2N1O1O001N101N1O1O1O1O1000K4N30O01O1O010O10O1000O001O01O01O100O1000001O000010O01000O01000O104K100O2N010012M1O1OO1000O010O100001O000O01O1O100O1N2OdUmT3
20111216103234Ch_3,XbP[23WTj02bkWO4L3M2O1O010O0000O2O00O011O001O001O1O001OO0010O0O1N3VN_OVTN`0jk1BSTN?nk1CkRN0a0=dl1:XSNHfl1;VSNGjl1<QSNGnl1>kRNESm1^17L3O1O1O2N2M4N1M3M2J7L3M2O101WO^QN4cn1KaQN0cn1LdQNO]n1OhQNMYn10lQNLVn12n0O00n\c`1
20111216103234Ch_4,nc^c12h2O_ka0<VQ@;F7L3L4N2N2O2MVOeQN3Yn1HQRN4nm1JYRN2fm1M^RN1`m1ObRN0^m1OeRN0Zm1MjRN3bn10000O10000O10O010O001000O00010O0001O002OO00001N2NkY_Y2
20111216103234Ch_5,c[Wb21PQ<2lnE3M3M1N3N8G7J3M2N2O1O0O[OWQN6gn1GbQN5]n1JgQN4Wn1MnQN0om10SRN0km10WRN1fm1O]RN0_m12cRNM[m13hRNMWm10mRNOSm10oRN0Qm1NQSN1Pm1MRSN2^n102N2M]bd[1
20111216103234Ch_6,W_f_21Q20lk10\SR11dnmN3L3]PNJYo18gPNGWo1<51N3N1hPN_OPo1d05001N1000000O2N1O1O1O1000O010O10O0100O001O0000O101N10100O100O100O100000000001O1N10001O0O2OoPNVOln1j0TQNVOmn1i0SQNWOmn1i050001O001O01O0001O0001O00O2O001O001O010O0101N001O1O10O01O0000O2O001O10O01N2L4CfPNN`o1OXoW10ja_V1
20111216103234Ch_7,SZVc14X7NZa11[7O1O10jQ\42SncK2N2N101N100O2O0O2N1O2N1O100O2O1O001O001O001O1O000O2O000O1O1O1O1O010O1001O00001O0O101O002N0010O0001O00010O0010O01O010O100O0001O011N3N0O1O010O01O00001O100O000100O100O10O010O01O1O010000O0010O01O10O010O01O001O002O0000000O1000000O010O2O0002M2O2N01N100O00010O1O1O1O1O0010O0001O01O002O0O001000000002N1O0O20O000000O10O01O0010O010O1O011N1O10O001O00010O00001O1O010O1000000O00100O100O1000O010O01O1O1O1O001O1O00001O0001O0000001O0O2O001O001O1O2O0O1O010O0O2O00010O0010O2\OdPN`0`o1O0O0010O00010O100O101O00000O100O2O000O00100O1O2OO02N010O00001O0000001O0001O000001O01O001O010O000000001O0000000010O00010O00000000O100O100000O0100O01000O100O100O100O100O2O0O1O10001N100O10O01000000000O10I7NdjY4MaUfK00000mei^1
20111216103234Ch_8,QZgc01ZPl01coUO3M2O1N2O001O1O0010O01O3L2O1O0010O001O011N4L10O01O010O1O100O001O1O001O01O0000000000001O00O100O001O10O1000000O10O01O1O1O1O10O1000001O5K1O1NWePW3
20111216103234Ch_9,\bV`0451Y1MM0P10[ig01mSZO90101N3N3L5K5K3L6L2O9F5M100jQN`Ngm1Q2L2N1O3L3M3N2O2<\M\RNn1mm1O1N3TOTRN_Oom16XRNJkm1K]RN4jn1O3L010N01O2L201O2N2M2N3O01M2M3L4M21N01000O101O1O100O0100N2N3J[YY[3
20111216103234Ch_10,n^R_22_3Ooh10dUX21gmgMOZPN3eo1M[PN4do1M[PN3eo1M\PN3co1M]PN3do1M\PN3co1M]PN3co1M^PN2bo1N_PN0bo1O80O0PP20Qo90oPD0k00Uo10PPh00To]O0mPH0010O000010O0010O000010O0iPN0^n10bQ20WoM00000000100O1001N010O1000O010O000O100000102M0YOLaQN6_n1J]QN9in1LhPN9Vo1:4K3M3N00O10O001O0000100O100O1O1O0010O01O0010O000010000O100O011N2O1OO0100O001000O10O1000O010O10O02OO1000O101N1N2O1O1N3M2NSmc10nR\N0RaaS1
20111216174914Mh_1,^bh]23W5Ojio02gPRO7I5M2lL_OhVNa0[l11mL_OfVNa0^i1^O_VNc0ai1^O]VNc0bi1@\VN?di1CZVN=fi1EYVN;gi1FWVN:ki1FSVN:ni1IoUN7Qj1JmUN6Uj1KhUN5Yj1LeUN5[j1McUN2^j1O_UN2bj1O]UN1cj11YUNOhj13UUNOkj12SUNNmj14PUNMQk14dSNVOk0f0ck17YSN_Om0:jk1U1fSNmN[l1Y1\SNiNel1X21O002N001O2O0O1N101N2O2N0O2N2N2N2N3M2O2M2N3M3L5K5K4L4M2N2N2N2N1O2N2N2N2N3J7J7G]\m\1
20111216174914Mh_2,nhRg01oo10dPR11ZomN2N2O1N101N10001O00000000000O1000000000001O0O1000000O10O10O100O0100O00100O100O1000O0100000000000O2O00001O01O01O1O1O010O1O10O0100001N1000000000O10O10000000000O100O101N1O100O1O2N1N2O2Lhnm00\XQP3
20111216174914Mh_3,S[Vi12no1OkP^13QoaN5I5L5M2O001N101O00000000000O010000000000000000001O0O1000001O0000000O1000O10001O000O10001O00001O01O01O0010O00100O010O2N2O1N1O101N1O1O1O0010O01O010O01O01O0100O010O100O1O10O01O1O1O1O001O01O01O0010O0001O1O1O1O1O001O2N1N2O3L3N1O4IVcSn1
20111216174914Mh_4,e^d\14j6Ogg=6PQD8M3L3N2N1oNFYRN=ak1YOkUNk1ci1nNQVNW1ji1POPVNT1mi1SOkUNQ1Tj1SOnTNfN:^2ij1V2000O0100O20N2QN[UN`Ngj1Y1bUNdN`j1V1eUNiN]j1P1iUNnNZj1l0lUNROUj1g0RVNXOoi1=^VN@bi13lVNLTi1OSWNOlh1OZWNNeh11_WNMah11cWNM[h14fWNLYh13jWNLUh14oWNIPh16UXNEmg18[XN@ig1:W4FQ`a`2
20111216174914Mh_5,d^jV22V4Oag11W4O1000XQR43dnmK2N2O001O0O2O001O00000000001O000001O00000001O0000001O00000O101O00000O2O0O101N1002O3M0001OO012N0O1O6J2N001O001O001O00]Pn01`oQO4L5M001N101O00000000001O00000O10000000O10000000O10000000O0100000O010000O0100O10000O010O01K4O200O0010O10O1O10O010O0100O1O100O100O1O00100O100O1O10000O10000O01000O10000O01000O01000O0100O10000O1O100O10000O10O100000000000000000000000000O100000000000000000000000000001O00000001O0001O000001O0001O00001O00001N101M4B\QNIXn14jQNMVn11kQN0Un1NlQN4on11O2N1O0010O0100O1O001O01O10O0010O00010O1O1O0010O02N100O01000O2OO100O01O01O100O0010O010O0010O0010O010O0010O010O010O01O0100O010O010O001000O01O010OO2O1O001N4KclY30_SfL00000\akm0
20111216174914Mh_6,ZTaY22f3OVi=8iRD:^PNCQo1i0M3M4cQNnNem1m1I5K5K3M1O1N2O1O010O0001O1N1O101N2N2L4QN_RN=IOdo1@`i\d1
20111216174914Mh_7,a[od22RQ<1fnE`0D2O2N1O1O1O1N100A\O_QNh0_n1>N1O2O000001O000O1^OgQN]OZn1`0lQN\OUn1b0f0M3N2L6GQdnX1
20120107063134Lh_1,WnVh12]Qj04\nWO4L10102M100O2N1O1M3N2O1N2O1O2M2N2M2N3J5G;NWOhQNKVn14oQNKom13URNMim12ZRNOcm1ObRN1[m1MkRN0Tm1NQSN0ml1OVSN1il1NYSN3dl1M^SN4al1IbSN9]l1CfSNb0Wl1YOlSNl0bm101O2N2M3N1O1O000O0O2M2O3M3L3M3LfnhS2
20120107063134Lh_2,Zbf<d1j0`NF6`0HP12X33g^1NlgNLTX10nb`17eh_Nf0\O9bQNlNG6[m1W2I7F:K5L4L4L7I=B4M3M2N2N3L3H8L4N3M2N3M2O1M4M2L3L5NdNYVNaLgi1X3fVNcLZi1W3RWNaLoh1\3l1O002N0O200O001F:N2N3M2O1N2YO]SNPNdl1l1j0L2N4N1O2O00001N1D<N3N1010O0100O1O2N2N1N200O2O01O0010O0010O10M2O2M2O2N1O10100N2O1O0100O1O10O0000010O0O110N101M3O0O110O1O10O010000O1O1O1N2LPP8NTPH4N11MXn]1KnQbN1e]YX3
20120107063134Lh_3,`YTh13d5NPgk01VSVO7L4]PNJTo1f0K2O0O1O1N3N1O2N1N3N2M4K6J5I7J4N3L5M2N3L5L2N3N10lMiSN?Ul1[OUTNc0jk1YO\TNe0dk1YOaTNd0_k1YOgTNc0Yk1ZOkTNf0Uk1WOmTNj0Rk1TOQUNm0mj1ROUUNm0Qm1013L2N0012M00O0000O001O1O1N101N2N2N2M3N2O1N2O1O1N3N2M2MTboR2
20120107063134Lh_4,SeXg12no1O`PP14[ooN8I3N1fPN@Ro1i0N1000O1O4L1O1O1O1O1O1N2O100O10O1001OO101O000O100000O101O1O0O100O0010O2O2M102N1N10O00000000000O100O100N2O1O001O1O100O10O010000O1000O10000000O1O2O0O`n[1Lb\mo1
20120107063134Lh_5,[WXh15U8Lac]10cSRO0cPB020cRN0jj11YUNOcj11bUNOXj13jUNMSj14PVNMki15VVNLgi16UTNODLk0OYk17RTNM6L=OXk1;QTNIb0L30Xk1=QTNEj0OJNZk1`0oSNDR1NAOZk1b0PTNCX1K^OOYk1e0nSNB]1I]O0Vk1f0nSNBa1Hak1f0mRNBd1HYO0Sk1R1gUNnNXk1Q1kTNPOQk1n0UUNQOhj1n0\UNROgi1b0YTN;T2SO^i1h1hVNYNQi1g1TWNXNih1g1ZWNYNdh1X1mTNkNb2M`h1T1SUNnN^2N]h1R1XUNnNhm1R1YUNnNfg1R1[XNnNdg1Q1^XNoNXM0Zi1Q1]ZNoNce1R1[ZNnNge1R1\YNnNTM0bi1R1b4O2O1O10000O100O101O0N3M4L3L3L4L4KUfaR2
20120107063134Lh_6,cXWj12g3O_h10hUX13kmgN4N2N3N3L3N2N2N1O000010O01O100O1O1O00010O1O2N1O1O001O1O1O1O1O2O0O000000000O010O01O1O0L5K4N3N101O10O001O000N11O1MVQN[Oan1c0?O001O1O0O101O01O001M2I8M3O1000O100000O01O1O1O100O1O1O1O1O1O1O1N2O2N100O010O1O10O01O010O2N1O2N1O2LYoU1OXhXk1
20120107063134Lh_7,Ugh[35^9Ok\1NV\b10\m]N5J5L3O2N1N110N011O0O020N1100O010001O1O0O3M102M2O1N3M1O2N1O2N2hUNjNde1W1[ZNjNde1W1ZZNjNee1X1ZZNiNee1X1ZZNiNee1Y1YZNjNde1X1ZZNkNde1U1ZZNlNge1V1TZNmNke1V1QZNlNoe1U1oYNkNRf1V1kYNkNUf1X1hYNiNWf1[1eYNfNZf1\1dYNeN\f1[1bYNgN]f1Y1cYNiN\f1W1lVNRNn1i0Vg1U1iVN]Ng1a0^g1S1iVNgN^17jg1S1eVNmNY13Rh1S1]VNUOX1J\h1c2^WNaMbh1`2XWNdMjh1]2oVNhMQi1d2^VN`Mci1^42N2N001O1O001O001N2O1O2M2O3L5L3L4L2N4K4L5K5H6L5J6J5K7I6L=A8H7K5K4K5ZOi0I5L4SOVlQ1EoTnN002iX[;
20120107063134Lh_8,f_d^12kP<2knE8F9M2O2O1O2O10O1O3N0O3OO<D000O02M3M2N5J6K1N3N1N2Mc^[_2
20120107063134Lh_9,mlba02h2O^l?7`PB4M2N2lNAdRN`0]n11M4M3M2K5N10000O1M3M3N3N2N2O2M2N20kNQRN8om1EZRN5gm1I\RN6dm1I^RN5bm1JbRN2_m1NdRNK`m15U1010O0010O001N2O2NfRa[3
20120107063134Lh_10,]\dX13X6O[c1ObWX14dngN2M5M2N2N3N0000O2O011N1O2O00000O01000O01O000001O1O001O1000O2O1O000O101O100N10000O0100O10O2O2OO13L01O000O1005K1O01O1O01O2O1ON30OO1N2N2O1N00100O01O10CePN4[o19102ON2O0O4MH6H9M3N2OmPNNYn11iQN0Un10lQN0Sn11lQNNVn12iQNOWn13gQNMZn12eQNN^n12aQN0ZO5in1JYRN0gm1OYRN3em1M[RN2jn1OnNOURN1nm1OoQN1Sn1OkQN1Yn10aQN0dn11WQNNmn10QQN0Ro10?01OnjU10dhm\2
20120107063134Lh_11,l]Vh21ZPf01co[O4L1^PNLXo1>00O10000O10000O10000O0100O1O100O2O0O1O101N1000000001O000O2O0000000001N2O2N1O001O00001O2N2NcaQT1
20120107063134Lh_12,cgX\34X6NZc1O\XT10mmkN0102000oo10dPN0[o30^oK0ZQN0Zo10PP20QPN000Zo30ePL0PP2000PPN000O100000010000O10000010dQN1fl1O\SN1al1ObSN0]l10i110OiRN2\j1NcUN3]j1McUN4\j1MbUN4_j1KaUN8]j1HbUN1bM4hl1KVVN3WjW1MgSF0onSO0mlW10QShN001\Xg;
20120107063134Lh_13,_dVg13UQV13knkNNNO^ONUQN5gn1KdQ40SoK0ZO0\QN0dn11[QNOfn11YQNOhn11WQNOin12c0000`PNNPo13oPNMRo13=1`PNLSo14mPNLSo13>0100N_PNOUo10lPN0So10mPN0So10mPN0Ro10oPN1Po1OPQN1Po1OPQN2nn1OQQN2Po1MPQN3Po1NoPN2Ro1NmPN2To1MkPN4To1MlPN3To1MkPN5So1KmPN5So1LmPN4Ro1LPQN3on1NSQN2jn1NWQN4gn1L[QN2en1N\QN1cn1O^QN1bn1O]QN1cn1O]QN2cn1M]QN3cn1M]QN3cn1M]QN4bn1L^QN6`n1J_QN9`n1F`QN;_n1E`QN?]n1AcQNe0Xn1ZOfQNl0Vn1TOiQNP1Tn1POkQNV1\n16J5K3N1[RNgN`l1GnRN[15]Okl1XOQSN[10@nl1UOTSN^2ll1aMVSN^2jl1`MZSN^2el1bMaSNY2Tm1N2O001O1O011N3N1N010O1O0O2O0O2O1M3N1N2N8POaQNCQo14b0LXlQ1L`_go1
20120107063134Lh_14,RclT31oo10YPR11fomN2M101O1O1O1O000010O010O00100O00010O010O010O010O010O01O010O010O00100O010O010O001O01OO2O00001O0O100O001L3001O1000000O101O00001O1N2O1O1O010000O10O1O01O00010O10O01000O1O010O1O001O1O1N3Nlnm0OS^Wb0
20120107063134Lh_15,S]ZY11]Pf01_o[O0gPb1O^o_N0haQd2
20120111191454Bh_1,m]Xj04o2NE2_g1MWWP13`noN3N1N3M5L2L4M3M3N5L2N201N3M1O1001O0O31NOO03O4L5I2N11N01O2N2N2N1O2N001O0O100010O000O10O1O10O000001001O10O0O1O001O100O12M101N3N1O0O11N2O12M10003M2M3N01N2O0N2N2M3M3M5J5LWko0NofYm2
20120111191454Bh_2,^kdU22^Pj0O`oWO2N2O003L3N1O2_QNFXm1<dRNG[m1>iQN@=5im1f0QRN^Onm1d0nQN_ORn1c0iQN@Vn1V1O1O01O001M3M3J6L4K5C=M2O4M1O001O0001O10O010000O100000O101N100O10000O1O002O0O10O01000O010O1O0000100O010O4M0OLaPNFbo186LjRUe1
20120111191454Bh_3,dZRa14[5NTe10_5O_QZ23iocMM^m15^RN5Zm1LfQNNg0:`m1IhQNOf0;`m1O^RN3`m1O]RN4`m10]RN1am1X1O1O2OO010000O1O10O000000001O0O2O002O0O2O001N101O001O1O1O0010O0100O100O10O010000O10O100O312K0O0001O00010O01O100O100O2O0O01O1O010O001O001O100O1O0010O001O010O0001O1N1O1O2O1N101N1O2O0O2N101N101N102M100O3N1O2N1O1O1O1O001O00000000010O01O0001O01O000000010O000100O010O10O001O1O001O1O1O1O1O7QQNmNcn1Z1N1O2N1O2N010O1hQN]NQn1c1nQN^NSn1`1nQN_NTn1_18M3N1O2M2N3N1FZQNXOin1?`0N3N1O2N2O0O1NVb_Q2
20120111191454Bh_4,bbXj23d5Ocd1OhVR18fnmN3M201N10100O0010O0010O2O1O1O0001N10O11O0010O01O01O0000O100O11O2N1O102M1O10O01O011OO2O0O2OO02OO01000O5K4UQNUOXn1Z11O100O010N100011OO10O00100O001OO2N2N2N2N3N2M2O1O1N2N1O2N1O2N2N2N2M4Fckm0O[ZPO0RRSn0
20120111191454Bh_5,b`l]22[Pl02aoUO1N2O00001O0010O000000010O0001O010O10O1000O01O01O010O1O100O100O0010O010O100001O001O00001O3M000O010O10O10111L10001O0O101O0O2N1N2Oonc0K^P\O0V`]\1
20120111191454Bh_6,\bVP24l8MS^10i^b1b0ci]N3M3K5K4@POmQNS1Pn1TOjQNn0Sn1a0N00101M3K5L4oNnMRTNU2IlMYk15fTNV2LiMZk1W3dTNkLZk1V3eTNlLYk1U3fTNmLWk1V3fTNlLXk1o3O1N2M3B_K[UNb4dj1>O01O0100O10gM_UNUO^j12_UN\N`0]1mi1GbUNaN^1i1mh1CcWN=[h1@jWN?Uh1\OdXN2Zg1LmXNORg1ORYN1mf1K[YN1ef1@oYN:Qf1DSZN:ne1EUZN5ne1KT5O0010O000000O10O10O11O00001000O1O2O000O1O2N00100O01O100O0010O10000O2O00100O101MRPd0Ooo[O1001OO100O11O]ng1OX_Ud1
20120111191454Bh_7,lWbS27io100N2N2O1OcRZ72[meH2M200N2O2O1O3M2M3N1N1O10001N2N2O001O0O1000000001O00100O000000001O1O001O0001O010O0001O1O2M101N2O001O00001O100O2O0O1O1O10O034LM1O1O0000001010N002O2L2O1O2N1O1O010O00010O00100O100O1O010O100O1O010O1O100O0010O000100O1O100O2N0100000000000O001O0010O01000000O10O00001O001O1O1O1O00001O004L001O1O2N1O2N10O02N2N3M3M2N1O00O1000000000002N2N1O;E1N100000001O001O010O100O0100O100O00000100O021M1O2N100O0010O01O02N1000O10O0001O010O00100O010O010001N0010O01O010O001O3M1O003M1O1N5L`PNHZo14hPNM[o1MgPN4bo10001O00001N2O;MC9L2N3M4L002O0O010O000102M10O001O001O0000100O1O2N01001O0O10O1O3N0O0010001N101N10O01O10O002N2N2O1O0O01O1O1O00001O0010O10O0100O010O010006KO3M1N3M8H009G00001O1O3M01001N05L3M2O0O10O01000N0110O01000O2O0N101OO0101N1000O01VOQQNa04Ben1=YQNIdn17YQNLgn13WQN0hn10XQN0hn1e00O007I3L3N2M3N002@ePN7fo1JPe]4KW[bK000]SN1Ui1OlVN2Ri1NnVN2Ri3N`SN1O2N00N21O0Thgh0
20120111191454Bh_8,Wen^21oo10bPn02\oQO1N2O1O1O002N1O10O01O01O000O101O0000000O10000O10000O10000O1000000000000O11O00000000000000000000000000000O10O1000O100000O010000O100O00100O001O010O01O100O1N201N1Ofom0OU[oX1
20120111191454Bh_9,kcn\21[Pd02`o]O3M3O2N10O1000O2O1N01001N10000O2OO1003M00011NO100O1O1O1O3M1O1O2N1O01O01O00001O01O001O000001O0O2N2OkZY_1
20120111191454Bh_10,Xfhd05VP>MgoC2N101O010O1O100O1O2O0O2O2N1O100O1O1O10:GN001OO01N2O2M2M4BQYmX3
20120111191454Bh_11,PZhS12]1OB0\mg01bQZO4TQNMem17VRNKim19aQNKL3cn1o00000001O0O101OO01N10001O00N3O1O00lN[QNo0en1PO]QNo0cn1QO]QNP1bn18O1O1N2O1N2N10001N10000000O1O2M6J4L6H6FPQN_ORo1MmPN?3CSo1<nPNCTo1:nPNFRo16`0LPe]h2
20120111191454Bh_12,mafo16a<LfV11mbR2NgimM200OO0010ZQNOTm10PRN4n0Lhn10N100UN0hSNOWl10i10XRN0fk10^TN1_k1OdTN5aj1NdSNMR22^m10O0]LNXWN2\l10Vl1NiSN0go16lo1J^PL0010O01ZUN1[e1NjZN1Re10UWNOV23af1MW[N4fd1L[[N5bd1L`[N5]d1Kc[N6[d1JUWNO\37^e1JRWNOd39Xe1HeVN:V46nd1_OjVN:[4:id1\OkVN6]4d0Ue1ZOdZNP1[e1POiZNn0Ue1QOP[Nl0Pe1SOW[Ng0hd1ZOZ[Nd0ed1\O^[Nc0jJ_O\i1Ml[Nn0Rd1SOo[Nm0Pd1QOR\NP1`i1O00kIQO[]N=nINfh1Eo]N;Pb1EQ^N;oa1DQ^N=oa1CQ^N=ih1O10O20O1N2M5KdP:2ZoE4N1N205KO009F3N1O1O1O001O01O01O0010VP>0moE0loK010O0eeW30^hQa1
20120115063134Lh_1,ZbVR12Y3O[i10[30kPV25oniM2N2O1N101N100O10000O10000000000000000O1000O1000O10000000001O001O0001O00010O00001N110O00100O1O010O002N010O00001O010O001O001O01O0000010O0010O0010O0010O000001O01O00010O01O10O0001O010O10000O2O000O2O0010O000O2O0O100000000O01O10O010O100O010O0100O0010O00000000010O000O1000001O0000001O01O00010O1O10O010O01O0001O00010O000010O010O0100000O010O00O2O1N3M2N[mg1MiRXN0f]g^2
20120115063134Lh_2,XcZe12no1OfPn04WoQO2M2N4M4K:G1O1O2N101N101O2N02PO[QNa0To1M2O000O2N3N00000O2O000000O1O010O01O01O01O010O0100O3N0O10O100O0010O10O0010O01O010O010O000010O10O01O010000O1000O10O001O01O01O0010O0000O5IZmk0Md_aR2
20120115063134Lh_3,SXiQ11oo10YPj03coUO3N1O1O1O1O1O100O0100O1O100O1O0010O1O10O100O10O1O010O10O010O01O01O010O10O01O0000000O1000O010O1O01O10O010O0100O010O0001O1O1O00100000O1000000O101N2N101N_ok0Nahff2
20120115063134Lh_4,]]dl13Z6OWc10PXd15anYN3Xo1>I7K4J7L201N2O101N1O2N1O010O11O1O1O1O2N1N4M1O001N1010O1O0010N1O1O1O1O1O10O10000000000000O2O0O2N2O3L4L2N1O100O1O010000000O010000O010O00100O010O10O000100O011N01000O0100O1000O2O0O1O2O02OO0000O1000001O01O1O1O1O10N11OO2O1O00001N02O2M2N2N01AoPNNRo1IXQN5[o1N1N1OQmW1MhPlNOodYh1
20120115063134Lh_5,fXhg12o2Ooi10fTf10YnYN6E;J3N2L3N3N1O1N2O1O1O00100O100O001O10O01O01O00001N1010O0100O101N1000001O001O00001O010O00001O001O0010O00010O010O01O00010O1O0000100O010O100O1O1O1O1O100O001O10O010000O100O0010O01O00000001O01O01O010O0010O01O01000O10000O1000O100O1000O010O10O01N10001O01O0O101N3M2N2O1N2M3Mhma1Oeiij1
20120115063134Lh_6,^X^f13h4N\f11j400OTQh30lnWL0010OPQ`01on_O010O10O0100O100000O1000000000QONPRN2Pn1NQRN2nm1OQRN1Pn1NPRN2Pn1NPRN2Qn1NnQN2Rn1NnQN2Rn1OmQN1Tn1NlQN2Tn1OlQN0Tn10lQN0Un1OkQN1Un10kQNOVn10jQN0Wn10l00mPN0Wn10hQN0Xn10hQN0Zn50eQL0UO010O010O0QP20ooM000000010O00001]OOVQN0]o110O10O010O000QP20ooM000000010O00010O010O010O010O011OO10000000PP20]oM0UQN0kn10TQN1ln1OTQN0mn10SQN0ln10TQN0ln11TQNOkn11VQNOjn11UQNOkn11VQNOin10XQN0hn10XQN0hn10eP20ooM0cPN0jn10VQN0jn11TQN0mn11PQN0Qo10mPN2So1NlPN2Uo1NiPN3Xo1MePN6Zo1KcPN7^o1600000O0010O01O10O00010O010O00100O1O10O01O00100O0010O0001O0001O01O00001O00001O001O1O2O1N1O002N00001O1O1O100O001O01O001O1O000O101O0001O0000000001O01O0001O1O0010O0002OO02N1O1O00100O001O1O1O1O001O1N101O00001N101O0O100O100O2O001N1O2NWlQ3NlSnL000bgac1
20120115063134Lh_7,lRW?4j6Ofgi02WQXO5M4M2M2O1N1O0O2N102N2O1N2O2M3L4K5J6F:I7L4M300O2N1N1O1N0O1@?L5N2O120O00100O2N101MRNjSN7Sl1GVTN^O_OHXl1i0`TNZO\OKRl1j0mTNnNWO7jk1k0iUNQOVj1o0[22C:3H9M4L4M2N3N2N2M3O1O1O2M2M4J5M3M30nkj[3
20120115063134Lh_8,`ghW34b8Oe^10f8N^RT2;XmkM4K3N1O1O2N1O1O001O001OO10001O001O1O100O1000O100O101N100O2O0O2O1O1N2O3L5K3M3M101N2O0O3N2M4L2O1M3N1N3O0XSNjMfk1X2UTNmMik1[2hSNmMXl1V2_SNoMbl1h2003ZM\SNh1gl1SN]SNm1cl1oM`SNQ2`l1lMeSNR2[l1lMhSNS2Xl1iMmSNU2Pm1D[RN[Nfm1d1ZRN\Nhm1b1XRN_Nim1_1WRNcNim1l1N001O010O2N1N101N100O110lSNcMbj1]2\UNgMbj1Y2[UNjMhj1S2UUNQNlj1MVTN\1l0iNek1T1YTNmNhk1S1UTNoNnk1n0PTNTOQl1j0oSNWOSl1g0lSNZOXl1d0cSN^Odl1?XSNBnl19PSNHWm11hRN0gm1AWRNa0jm1]OURNe0km1ZOTRNh0lm1VOURNk0lm1ROURNo0^n100000001O2OO000O100O100O100O2O1O0O100O001O101O01O1O002O0O1O2N1O2N1N3N1O1N2N2O3L4L4L2N3Nnhi1LVWVN001O0`Xo:
20120115063134Lh_9,eZj`15\9NP]11ScNMm\12a9OeQl34XnSL0N2N2N2N2O10010O02OO001O001O000O101N100O101O0000100000001N0100O1O00011N000010O0002N001N1O2O1O001N101N2N2O1NVP4NmoK2N2N1O1N2O001O1O001O1O00000O2O000O2O010O0001O001O00011N02N010O1O0010O100O2N10O02OO11O01N2O001N010O0100OYUNCke1=UZNCke1=l401O0O2O001N2O002M4KbPX10`ogN1N2O00O4L50K3gPN:Tn1J_QNb0]n1MbQN[O31Yn1a0URN^Ojm1=]RNCam1:cRNF\m15kRNJTm14nRNMQm13PSNMol12SSNOkl11VSNOil12XSNOdl12]SNNbl12`SNM_l13bSNM]l13cSNM^l13bSNM^l12cSNO]l11bSNN`l12_SNNbl12]SNNcl13\SNMdl15ZSNJgl17WSNIjl1:SSNGml19RSNFRm17nRNIVm14hRNNWm12iRNMXm14hRNK[m12fRNNYm12gRNNYm12[111NYQNN_m12`RNN`m13_RNNcm10\RN0dm11[RN0em10[RNOgm1OZRN2em1N[RN2dm1O\RN0em10[RN0em10[RN0em10[RN0dm11\RNNfm11YRNOhm12WRNNhm13WRNMkm13SRNNmm13RRNLnm18nQNHTn1:hQNFYn1;eQNE\n1;cQNE_n1:aQNFbn17]QNJen14ZQNMfn12[QNMgn12YQNOfn11ZQNOfn11ZQNNgn12XQN0gn1OZQN1fn1OZQN0gn10YQN0gn1OYQN1hn1OXQN0hn10XQN1hn1NYQN2fn1OZQN0fn10ZQN0hn1OXQN1gn1OZQN0fn11YQN0gn1OYQN2fn1N[QN1en10[QN0en1O[QN2en1N\QN2bn1N^QN2bn1O^QN1bn1O^QN1an1O_QN1bn1O^QN1bn1O]QN3an1N_QN2an1N_QN2`n1NbQN2]n1NcQN3[n1MfQN4Yn1KiQN4Vn1MjQN4Un1NjQN0Xn1OhQN0Zn1OfQN1Zn1OeQN1\n1OdQN0^n1ObQN2]n1NcQN1]n11bQNO`n1OaQN1^n1OcQN0]n10dQNO\n11j0001O02N1000RP40fPL2[NNeQN1[n1Oai_31YW`LO11Zeef1
20120115063134Lh_10,[`Zb0=g?Ioo0Mhmf1>_aYNb0J7J4M4M3M2M4L3L4L5K4I7J6I7N3M3N2M2O0O1NYOc01O3F;N200001L5B=N30O0O2OOM13K5O2N2000O1N002N3N1O00@`0F61N6O0O3N1N3N2O0O1N3_O`0O2N2O1O1XN[MTVNg2hi1iMjUNY2Qj1oMiUNU2Tj1nMiUNT2Wj1nMdUNU2]j1lM^UNW2cj1b11O2O1N2O1N4M3L3L4M3L4L4L3M4K4L4L5L6J5J5L4M3K5L3M4L4L5L6I9G7I5L3L4L4L4L8DkZUU3
20120115063134Lh_11,RPcc22nP`05inA4L4@FUQN<in1GSQN<kn1=O2O0O1000010O010001N2O0001N10000O01O001O0[OTQN6ln1HYQN5gn1I\QN6dn1H_QN7an1GbQN8_n1FcQN9To1N1O0O3M]ndY1
20120115063134Lh_12,T^j?m2^`0ZMPl01kVOIUi03Pd8`0knG5NMoRN_Oij1>^2M4M5Ee_f20Y`YM?F6K7K2K6K5L3M3N3L3O1O[OZRNROcm1?oRNBol19XSNEgl18]SNIal15cSNK[l14hSNKWl14kSNMQl13STNLjk14YTNMdk11`TNO\k11iTNOoj14UUNKgj13`UNMZj13lUNMRj1NUVN3hi1M[VN2ci1N`VN2^i1NdVN0[i10gVN0Yi1OgVN2bl11VOg0MWORN0gUNOPj11[VN0bi10`VN0`i10\6OgI0YVN1ki1OgUN9ol1HjMO`21N110a2N[D:b_NFUL0^d1b0baN^O`^1g0m^NZO`LOgd1g0h^NYOaL0hd1j0b^NWOic1k0U\NTOiL0id1m0e`NUO]_1k0a`NTOd_1k0Z`NUOh_1k0b]NUObM0nd1k0^]NTOdM2Qe1j0W]NTOXMc0de1;l\NTOVM8df1e0P\NQO]M6of1h0Z]NTOmb1k0Q[NSOoM4Qg1k0l\NSOXc1m0aZNRO^N2Rg1m0\ZNPOeN3Qg1n0]\NROec1o0W\NQOkc1P1R\NQORd1l0m[NTOUd1k0i[NVO\d1f0c[NXObd1g0\[NYOhd1Z1aZNgNee1]1PZNbNUf1e0SVNCe3IZf1=aVNBQ3Oaf19fVNGh20cf15hVNKd20ef14iVNLQONT32Sg14iVNLkNN\31Sg14_ZNLce13\ZNNde13[ZNLhe13VZNMle13SZNMne13PZNMSf14n40hTNKcf13YYNMjf14SYNLQg13`4OWTNNbg12ZXNOjg1OT41jSNO[h10aWN0Vl11aLOQWN0Ti12fVNN_i12[VN0il1OVMOjUN0Yj11bUNObj12ZUNOij10TUN1oj1OmTNOYk11cTN0bk1OZTN0mk10lSN0Zl13]SNNjl11oRNOVm11fRNN_m11]RNOgm11URNOPn10lQN0Xn10o02YPN0ngW2OUkhMOoh01\UlR3
20120115063134Lh_13,a]nl13mo1NRU^20ojaM1Unc0OlQ\O0`nY51Zbmd1
20120218152654Bh_1,[[eS21`Pn01[oSO4O3L3M2O1O1O000O2O1O2N2N2mPNYOin1i0RQN\Okn1o0N1O2N001O1O001O0001O010O001O1O2N3M2N1N2O2N1O0O2O1N2N2N101N101O00001O000010O0000010O1O1O010O00000001O0O2O1O1N3L]cnf1
20120218152654Bh_2,jd\m11]P^13^ocN2N2O1O0O2O001O001O000000001O00O10001O00001O0000100O001O00001O001O01O0001O01O001O0000010O00001O00010O0000010O0010O01O010O0010O0100O00100O10O0100O1O010O1O100O1O00001O00001O0000010O0000010O01O00101N1O2O1N101N1O1O2M3M^nS1Nk\Sh1
20120218152654Bh_3,bZ^e12o3OfhS12WSnN3L3O1O00001O00010O010O0010O10O10O11N101O001O1O1O1N11O01O000010O01N102N00010O0010O001O0O2O00000O101O0O010000000000000001O2M101O0O4M1N2O0000001OO100O1O2N2N1O1O2N1N3N1O3L3Kolm0KghSR2
20120218152654Bh_4,UYhS22]Pn02^oSO4M4K2O1O000000001O00000O101O1O001O001O1O1O001O1O1O1O1O1O100O1O10O10101N01O000000O1000000O100O1O1O1O1O00100O1O010O001O001O00001O1O002M4L6JWemf1
20120218152654Bh_5,[^lk02_3Ooh11`3O10eRn21YmQM3M2N1O2O0O2O0O2N101O000O2O000O2O0000000O1O100O10000O010O1000O01000O01O10O01O01O001O00100O010O10O010000O10O010O100000O010000O1000000O0100000O10O100O01000O100O10O0100O10O010000000O10001N10000O100O100O1O1000O0100O0100O10O0100O00100O100O01000O01000O1000000O010O100O1O100O101O0O10000O1000000O2O0O1O101L300O2O0O2O1O^Pj00SoUO0lPN3Ro1NmPN3Qo10nPN0Ro11mPN0Qo11oPNOQo11nPN0Ro11mPNORo12nPNOQo13lPNNTo13kPNMTo1`00000O10001N10000O100O100O10O0100O1O01O1N110O001O1O1O001O001O10O010O01O0000001O001O010N20O0100O100O1000000000001O0O10001N100O100O2O0O100O2N102KZom2MlPRM000eaQ^2
20120218152654Bh_6,U^bm21oo10dPP13WooN3M3N1N3N2N2O1N101O1O001O001O001O001O001O00001O0000000000000000O1O100O10O0100O1000001O00000001O01O00001O010O001O10O010O10O10O0100O10O10O010000O010O1O10O01O01O1O1N2O3M6I5JgnQ1OWcgi0
20120218152654Bh_7,hXa`21oo10oPP21PooM001N101O1O10O01O00001O01O0001O010O01O010O01O1O010O010O0010O0100O10O01O10O01O010O010O01O00010O00000000000000000000000000000000O0100000O100000O010000O0100000O1000O10O10000O10O1000O100000O1000O100O100O1O10O01O10O01O1O01000O01000O10O0100O1O010O001N01010O01O10O0100O1O100O00100O10O0100000O010000O100O1O00100O1N2N2O010O010O2N101Mfog1N^PXN0XgXQ1
20120218152654Bh_8,P`da14k5Nihg07`mYOI[WN9bh1MZWN4eh11WWN0hh11VWN1ih10VWN1ih10UWN2jh1OUWN2kh1NSWN3mh1OnVN4Ri1LkVN7Ui1JfVN:Zi1GaVN=_i1D]VN?ci1BYVNa0gi1BjTNYO?Y1gj1<kTNMUk1_201O01O001N1O2N1N3K4J7K4N2M4J6K5K6J5M5K5I6I7J:F<E9Co]mZ2
20120218152654Bh_9,TdYW13^40nf1NcUV15iniN3N2N4L3N3L3M3N3L2O1O1O0O2O1O1O001O1O1O002O0O1O2N1O010O00001O1O0002O1O?@100O2O^QNTOom1l0c0O20N1000O01000000000O10O10O10O0100O1001O112L6K2L10O01000O000001O0O10001N1O101N2N1000001O1O00001000lNkQN;Un1ARRN=om1_OURN?jn1K3N3L2O1N2L`lY1Mb_`^2
20120402105814Th_1,babg03o4Nne10gV`18Pn_N6F:J5J6K6K5HcNfQN_1Yn1bNfQN_1^n1dNbQNV1fn1N3M002N9G4L3M1O1N2O0O2N100O1O10O010O1O1O01O0000001O0O2O001O00000100O101N001O01O00001O0000000000O101O0O100O100000000O0100000000O1000000O1O100O100O1O11O1O00101N010]PNDao1?O0O2O1O1O1O2N2N0001O1N101O1N2O4L2M2O00O01001N1000001OO100O2O0O10O1O0001N5IYZgn2
20120402105814Th_2,aRUP23mo1N20aQl12[nSN6I4O0O1N110N1I70001O01O1O4L3M1O0010O010000O1000O100O10000000O100000000000000O1000O10000000000000001O10O000100O1O00001O000000010O001001OO10O1000O0100O100O010O1O1O\QNFbm1;WRNLim13kQNFH=0@Xn1>mQN`0Rn1g01O1O100O001XOgQNGZn18hQNFXn1:iQNEXn19iQNGXn17jQNHWn1MbQNJ89Xn1GWRN7jn1O10000O1O1O2M9MJ2O1O2N1O001O1O001O00010O010O00000000000]PNH^o1=10O001O100O0010O01O0010O002N1O10O00100O0002N3M2N1N3MdiVd1
20120402105814Th_3,jX[V33Y4O`i=3gQD=G9K6K5J3N3M2N3M3N2N2NnNURN3hm1I`RN7\m1GiRN9Sm1GRSN8jl1HZSN8bl1HaSN;Xl1FlSN:Ql1ETTN;kk1@\TN`0cm1N2O1N1O1O000N3M:DgcZg0
20120402105814Th_4,VcXW11oo10WPP11hooN1O1O0O110O001O1O0010O01000O010O00000100O01O010O01O1O001O001O00000000000O0100O0N30O0100O01000O01000O01000O100000O10000000O10O10000000000O10000000001N11O000000001O1O1O001O1N4M]\Sb2
20120402105814Th_5,RZYQ31WPh01foYO5L10O01O10O10O1O1O001O001O00100O01O10O01O0000001N100O010O10000001N100O010O010O1001O0O1000000O10000O010O10O10O001O100O0OieTj0
20120402105814Th_6,VZem22ZPb00ao_O4O1O00100O001O10O100O011N0100O01O11N2O0O2O001OO01000O2O000O11N102N1O3M1N101OO1O3M3M2N2N\dnn0
20120402105814Th_7,XUin01[Qh02`nYO4M1O1O1O001O001O001O100N101N2N1000O2O001O00001O0O2O000001O00100O010000O100O100O1O100O2N10O0100O0100O01O01O010O10O1O2N1Najdl2
20120402105814Th_8,VVWY21lo15N1O0010N1LUP<0fo3O[PF0ooI001O0000ON210XPNNao13^PNNco11\PN0do1O]PN3go12NO2Ld0OnhVd1
20120402105814Th_9,dXok24m7ORaY11mVhN0100N:4B4NJ[PN0do17O001WUNKee15XZNOge11VZN2je1OTZN2ne1NeYNEQL>\j1N]YNISL:bj1J\UNGk3i0mf1\O\UNKc3j0Tg1ZOZUNK`3k0Zg1XOVUNN]3k0_g1VOUUNN[3m0ag1UOTUNOX3m0eg1SOSUN1W3m0eg1ROUUN1T3n0hg1POUUN2R3n0jg1POSUN3P3o0ng1nNRUN3m2Q1Rh1lNPUN3j2V1_h1jN]WNY1[h1dNnTN3e2\1eh1eNWWN]1ah1_NoTN3_2`1ah1]NPUN2_2c1`h1\NPUN1^2d1dh1[NoTN0[2d1ih1[NnTN0X2c1lh1^NlTN0U2a1Ri1^NkTN0P2c1Vi1^NjTNOj1g1_i1YNhTN0a1m1gi1TNgTNOb1m1hi1SNgTN0`1a0VNe0fk1jNdTN0`1`0XNa0Ul1PObUN>^NMVl1DkSN0b1;]k1FQSN0g1O]k11kRN0Yo10hPNOXo10iPN0Wo10=00000cPN6Wo12O3K2N1O001O1O1Rdnn0
20120402164214Mh_1,WYQm22^3OQi10TTj03XoUO3M2O2N2N1O10000001O001N101O0O1O1000O01O10O00100O010O00010O100O101O0O2OO1000O100001O0O100O10O0100000O10O10O2OO10000001O000O2O001O103L2NO1010O01N2N2O1N2N2N2N2LPdPm0
20120402164214Mh_2,`ReS23l4OSf1OP50UQl13fnSN5L2N2M2N2O100O10000001O00000010O0001O01O000000000000000001N10001O000010O0001O0000000000001O01O00010O010O1O100O1O010O00010O100O0100000O100O2O9G1OO02OO10O000100O001O100000O1002N1O1O000O10O10O1000O011O1O0VQNYO[n1j0^QNZOan1S1000000000O12M200N10O101O0O2N100O2N1O1O10O01O01O0000O1O1N2N2O1O1O1O1N10100N200N3N1O1O2N1O1O2O0O2O001N2MZjb`1
20120402164214Mh_3,QbZi04Q6Nhc10U6O\QP26]noM4L3M4GAjPNc0To17O0O1O2O0001O1O1N101N3M4M1O0O1O100O1O10O0100O0010O010O0001O001O01O01O0010O0001O01O0000001O001O001O001O00001O001O000O10000000000O100000O100O10000O100O1000001O0O11O00002O0O1O103L2O001N101O00001N1000000000O100O2N1O2O0O2N2O1O1O000000O10000O10O0100O10000O1001OO1000001O0O100O10O010O010000O01O10000O101O000000jPN\Oon1d0nPN@Po1i00O01O0010O01O01O001N1O2O1N1O2O1O1O1000000O101N2N101M_kQ2Elbgd2
20120402164214Mh_4,kYYZ12no1ORQd15jn[N2M4M4L2N1O2N1O0010O000000000000000000001O0000001O0000010O000000001O0000000001O000O100000000000000O10O10O10O1O010O0010O01O010O01O00O100O110OO100010O00100O1O1000O0100O1O100O100O0010000000000O0100000000O01000O100O10000O10001O000O2O01O0O1McPNC]o1:6N2O1O1O2NieT\2
20120402164214Mh_5,nReT22no1OPQR11QomN0O0]O0VQN0in10XQN0gn11YQNOgn10ZQN0fn10ZQN0fn10ZQNOgn11YQNOhn11WQNOin11d0Oc00_oc00no[O000oo10QPN00000on]40SnV_1
20120402164214Mh_6,]ZmV32d2OXla03nP@5L2O1O010O01O00POIWRN7gm1OURN1km1<gQNEXn1?cQNC\n1R1O001O001N20O01O10000001O1N2O001O0O01O0001O2\OeQN_O]n1H^QN>;H^n14i0O3L2NXdne0
20120405130014Th_1,i^bl01oo1000jP\22SocM2O2N001O1O001N110O001O1O000000000001O000010O001O010O000010O00000001N10001O001O1O0O4M1O001O1O1N1KWORQNj0mn16O000O2O00000000O1000000O2O0O1O2O0O1O2O000000000O1000000000000O100000000O1000000O10000000000O10O01000O010O1000001O00000000000010O0000000000000000001OO101O00000000000000O10000O10000O2N011N1000000011N1O0001O001N100O101O00001O0000001O0000001O010O00010O0001O01O000010O010O01O010O100O00100O001O010O00100Oen[2IbQdM0Waka2
20120405130014Th_2,WTWW32ZPf03`o[O2N2O001O01O0O11O000000001O001O001O0_PNE]o1?0NdPNF42en18VQNH22gn17UQNI21jn1j000101M101N2N101N2N3M2N1K6O1N3N1LPkbe0
20120405130014Th_3,cZcX21oo10cPT14XokN2O1O001O001O0010O010O1O0010O0001O000000000001N100000000000001O000000001O00010N10001O0000010O000001O000000O101O000000000O1O1O1O1O1O100O100J6O100O100000000O0100O2N2YOmPN?[o1N2N1O1O2N1N3M^oS1KVfV^1
20120405130014Th_4,W[^b17c?KaP15_oNKaP13boNL^P12i?O1OST^4:^kaK9^O@XQNi0_n1`0M3M3N0001NWRNdNRm1X1QSNUObl1i0`SN[O]l1a0hSN@Vl1>mSNBRl1<QTNEmk18WTNIgk14bTNH[k17jTNISk1M\SNBc1b0Pk1_OYSN2U2`0Tm1100O1O0O100000O10O02O0O2O1O3OO3N0OO01N1000O01O1O1O1O0010O002O1N2O0O2O1O001O0000000O100O100O0010O010O1O100O1000O1000010O00O02O1O001O01O000O2O0O1O2O0O010O001O0010O01O001O001O0O101O000O2O001O10O01O010O1O010O0001O0O101O00000O2O0000000O1000O100O105K1O1N101O1O1N2O0001O1N2N2N101N1O2O0O10001O0000001O000000000000000000000001N1000001O1O1O1O001O2N100O00100O001O10O01O01O2O1N1O1O1O1O3N1N101N4M1O000O10O10O00001O010O10O2N101N100O1O10000O100O10000O01O1000000O100O100O10000O1000001O001O001O0O100O101O0O100O1000001N100001N2O1O3M4K7J1O002N2N01000O01O000O002M2O1O1N2O1O1O1O001O1O100O001N3M3N3L4KcPNMao13K5M2O101N1O1O2N2N1N3M2O1N2O1O1O1O101N100000O1O2O1N1O1O1O1O10O00001O00000000O1000O10O010O001N2J6M3M3O2M2O1M\ci4Mj\VK00001O0idm\1
20120405130014Th_5,g[Qo22f3Oah10\V\16UmcN3N1O2N3M1O1O1O00100O00O1000000000000O010O01O001M2O100H[OSQNi0kn1600001O0010O10O01N01OMSOVQNl0kn12201O2N100O1O100O10O01O0001O0100O00100O1O100O10O100O0100O1O1O1OG_O[QN9fn1HPQNM69ln1NUQNMnn14SQNInn18<100O1O010O1O010O100O10000O1000001N1000O001O1O2O0O1N2O1O2N2O2LZoW1OReRf0
20120405130014Th_6,Q^oa12`3Omh10bUb16im]N2O1O001O<D2N3M002N10000O100O01O00001O00000O2O000000000000O0100000O01OJWOVQN:Yo16001O100N20000O1000O001O1O1000O0100000O1000O10O100000O10O0100O10000O100000000O0100O10O10O10O10O10O010O1O1N2O0010O001O0100O001O010O1O010O1O1N2O1O0O200O100O1O10O10O0001O1FTQN]Oon1a09N2N2N2M3N2N2O3K_o_10cbRQ2
20120405130014Th_7,^aXn21\Pn04^oSO3M2N2N2O001O1O0010O001O2N1O1O100O10O010O001O10O1O1O001O0100O0010N1011]PNLVo15hPNMWo14gPNNXo1=001O0O10O0101N2N2O1N2O1O0O10000000000000000000001O001O1O3M1N\]_l0
20120512063234Lh_1,i[Wl22Y4O^ia04RR@5L3M2N2N2L4M5J6G7M4J4I8M3K5M4M4K4M3K4001WOgRNhNYm1h0WSNXOil14kSNLVl1MQTN1Qn1N101O0O20N010O01O001003M1O00O1N1O3Ml``P1
20120512063234Lh_2,lg^R33V5N`fm06QTTO7J3N2M101O1O2O1O1O02M20OO1001O1N1002M2O1O000000O2O0000O10000O2O01O001O10N11O01O01O0O1000O2O0010O000001O01O101O1N1O2N3M4L3N411LN1N8H3L4L4KRTWh0
20120512063234Lh_3,oRio04S7Oca1Nj\T21fjiMO\o1a0J4L5K7J3M1O1O0O1O2J5L4K5G8M2O1O1OG;L5N11OO11O01O000]OnQNSOZn1j0?N2O001M3O2O0000000000O100O2O000O2O001O01O100O1O2O0O1O101O0O101O1O0O101O0001N100O100O2O0000000O10O010O01O1O010O010O0100O0000O2N1N200N02N101N11OO3O0O1O100O101O001N200O100O100O00100O10000O1000000O0001O0000101N100O1O100000100O10O010O100O0101O0O2O00O1O1O1N2N2N2O0O3N1N_klc2
20120512063234Lh_4,T\iV22X3O]i11Y3O_RT21_mkM5L2O1N101O00001O00010O0010O0001O00000000000O10000O100O1O10O0100000O1000O100O1O1O1O0010O01OO2N1O1010O0001O001O1O0010O001N10001O10O10O01O1O001N1N3O01O0L5N1010O0001O1N101O10O1O1O1O2O0O100O100O100OO2O10O0010O01O00010O010O100O0100000000000O100O10000O10000000000000000O1000000000000001O001O1O1O1O001O001O0O2O00000O1000010O1O001O00000O010000000000O10000O10000O1O1O1M4L3N2N]oY2JgdfV1
20120512063234Lh_5,P\ah12T4Oeg10QWd14ml[N6M2M3dPNCRo1i0M2M2O1N101N10O10O01O10O0100000001O0010O01O1O0O2N101N100O100O100O1O100O1000000000001O001O001N1000O001O010O10O010O01O1O001N101N2M3M3N110O001O1O010O000010O1O2N1O1O1O1O1O1O1O00001O00000001O0O01O1O1O1O0O01N301OO0100O101O001O000100N1O1N00202M2O1O1O100O2N1N3K^o]1Kkdbj1
20120512063234Lh_6,gVeg15U:N^[11edNM[[11Ucn3OWgQL0PO0PRN0on11ROOlQN1Un1OkQN0Wn10gQN1Yn1OgQN0Zn10eQN1[n1OeQN0\n10cQN0]n11cQNO]n11bQNO_n11`QN0`n10`QNOan11^QN0bn10^QN0bn10^QN0bn10^QN0bn10^QN0bn10^QN0bn10^QN0cn10\QN0dn10\QN0en10ZQN0gn1OYQN1gn10WQN1jn1NVQN2jn1NVQN2in1NWQN2\o1O]OOXQN2hn1NXQN1hn1OYQN0gn11XQN0hn1OYQN1gn1OXQN2[o1O1O0100O10000000O0100O0oNNVRN2ln10lNNYRN2hm1NXRN2fm1OZRN1gm1NYRN2kn10O00001OO11OO10000O11O000000000001O0O0000YO0`QN0an10^QN0bn11]QNOcn11\QNOen10\QN1Yo10XOOcQN1\n1OcQN2\n1NeQN2[n1NeQN2To10VONhQN2Wn1NiQN2Vn1OkQN0Sn12mQNNRn13nQNNlm18TRNFlm1<RRNFlm1;SRNEmm1<QRNFnm19RRNInm17RRNHnm1;oQNEQn1=nQNCRn1>mQNBSn1?lQNASn1a0mQN]OSn1e0lQN[OTn1g0jQNYOVn1h0hQNXOXn1k0cQNWO^n1T10O0O101O02I50O]OkNaRNR1bm1SOXRNl0lm1c01M101NF:O20O2N2L3O1BSRNjNnm1T1?K4J700O1O1000N3O0110O1M3J5O101N11O10N101O1N2N2N2O1N200N1O3L^nU2MQkje1
20120512063234Lh_7,hfnQ33mo1NRRP14fmoN;I4L3O3MDQQNImn15ZQNFfn19]QNGbn18`QNG_n18bQNH_n17f0OO101E;L4N4`QNUOem1m0h0ObQNTOhm1k0XRNUOjm1i0j0M1N6K6L0O4L3L0000fPNNfn10\QN0cn10]QN0cn10]QN0cn10\QN0en10[QN0en10f00dPN0hn10WQN0in10d00000001O01O010OO10O100010O010cPN0gn10YQN0gn10YQN0\o10\O0WQN0in10XQN0]o1010XO0f0000n02RNNQRN0mm10VRN1gm1O]RN8Xm1MiRNMfn1O0000O000O0bSWh0
20120512063234Lh_8,_fhl22i2O^k75`QJ5XQNIam1:\RNIam1b0TRN@jm1[101N2M3N2N11O0gNfRNL\m12kRNFWm19Y1N4KTYoQ1
20120512063234Lh_9,neWQ22c2Ogj10WSb11\o]N6J2N1aPNITo19jPNHVo1a00O10004L10O01O0001O010O00000000001O01O00100O1000O1O2N100O010O01N2O1O00100O01O10O0001O00102M5LO1N1O2N1O2N1O100O10000O110O000001O1_PNB^o1a0PQN_O_n1a0aQN_O_n1a0`QN@`n1`0`QN@an1?_QNAan1`0]QNAcn1?[QNDen1;ZQNFfn1;XQNFhn1:WQNFjn1;TQNFln1:TQNFln1;RQNEnn1g0000000000O100O0100O010O100000000000O2O002N2]OmPN5Vo1GmPN7To1HnPN6So1InPN6To1HmPN7So1JmPN5So1KmPN6^o1000001O010N10001O0O100O1OPni1OT\ba1
20120512063234Lh_10,lR]P14`7Nj`1OW^^11\iaN1O2BNjPN4Yo185K2N0O1O000N3O0O100Oklo00TSRO0RPN0010Omo50QPL0oo10oPJ0Wn30kQL0Un10m0010O10000100O00QP20ooM0QP20PPN0b00]O00000QP80PPL0ooK00000O010XO0_QN0Xo50XoK0bQN0Vo11WOOcQN0]n10cQN1]n1OcQN0]n11bQNO_n10aQN0^n11bQNO\n12g01O011OO110O010O1OmPNN[n13dQNM\n13cQNN\n13cQNM]n14cQNL\n15cQNL]n14cQNK^n16aQNJ_n16aQNIan17]QNJbn18c00jPNGfn18b0OgPNIjn16b0N2M2Oen]10_ndc2
20120512063234Lh_11,XkV^22[Pf03_o[O3M2O1O1O001000O010001O01O00001OO10O100O100O01O01000O10O010000O1O10O10O101N5L3L2O0O010O0102L5L2M4M3LSSm]1
20120512063234Lh_12,VYWi02k2OYl?5dPB5K4M3K5J4N2O000N2N3M2OK50O2ON2100000100OG9N21O0O1N2O02N200O10O10L5L4H7K^fnS3
20120528063154Uh_1,SUQU24lo1NhVR29dhmM=M3K5N1M3J5O2N1O2O10O1O1O1L4O1L4L3O2M201O10N10010OO20O1M201O02O7H[OEQRN0Pn12TRNGnm1;i02O1O0010O001O010OO10001N011O00000001O01O0001OO10000001O01O000010O001O001N10001O1O0010OO20O000001OO11O01O010O0010O010O01000O10O10O10O1000O01000O010O100O001O0010O001O0O2N101O10O01O01O10O010O10O01O1O1O010O100O01O001OO2O0001O2N3L4Lfnk1HdQTN0mjZ]1
20120528063154Uh_2,c\W\12Y3O[i10\Un14jmQN3N1N4M4K2O100O001O000010O0000001N10001O001O001O0010O01O1O10O01O001O1O00001O0001O0000001O000O10001N10001N1000O0O2O0O20O01O1O0100O1O010N2O0O1N200O10O10O10M200100L4N3N1O10010OL5M2O2O1N101O1O001O0O100001O00010O010O1000O01000O100O100O10O10000000001O00001O00001O00001O01O0000001O1OZom1E^dRU2
20120528063154Uh_3,VX_^22U4Ocg10cWX12_lgN5L4K5M1N2O0O2OO10O101OO11N001O01O000O1000O110OO100O11O010O01O010O00100O1O1O010O0001O0100000001O0O2O0O20O01O1O010O1000O01000O01O100O010O1O100O01000000O01000000000000O10000000O100000O0100000000000O10000O10000O002MWg^Y1
20120528063154Uh_4,m_Tn12f3Oah11g3OdQd22Zn[M4L1O100O1O1O001O001O1N101O1O1O010O1N110O1O010O100O010O010O10O10O10O10O10O10000O010O1000000O1000000O1000O10O100000000000000O1000O100001O01O00000000001O001O1O001O1O1O00001O0000001O0000001O0000001O00001O010O0010O100O010O00100O001O010O0001O01O10O010O00010O001O1O010O0010O01O01O010O01O010O010O00100O10O10O1O100O010000O5L1N010O1O00100O1O1O100O2O1N2N1O0000100O0010O01O01O010O010O01O01O01O00010O0001O01O0100O100O1000O010O1O010O001O10O0100O001O1N2O1N3MPm_2NVcQ\1
20120528063154Uh_5,lVmR21XPd02do]O3M10000010O0000000001O010O001O1O10O01000O100O10O0100O1000000O02O001N4M01O0O2N2N2NShji1
20120528063154Uh_6,oSmd02no1OoPP13nnoN3M3M100O101O0O10000O010O1K5N200O100O01O0O2N20O10000O2O000000N2N2KcPNF^o195O11O0001O0010O0001O10O1O10O01O101O0000000000O100O100O100O10O01001OO1100O0O2O1O0O0100O10000O100O1O100O1O1O1O001O0O\nm0MimXR3
20120528063154Uh_7,[cjT12l3OUh11m3OfP\26UocM1N2O1O1O1O00010O01O01O010O10O10O0010O10O10O01aPNCZo1>cPND\o1`0100O100000001N00100002N1N0100O1O10O01O10O01O010O0010O10O1O010O10O0010O010O01O01O01000O01O010O10O001O001O1O01O01O001O001O00010O001O01O010O001O0010O01O00001O01O01O01O00010O0001O01O01O00010O1O001O00010O001O010O001O01O0001O01O000000001O0000010O00001O00010O1O0000100O001O001O001O00001O001O00001O010O03M10O00001O0000000010O0000001O01O000001O010O000001O1O0O2O1N`nQ21joSNMiQJ0e\_Y2
20120528063154Uh_8,`cfn12k3Ohhg01[SZO:F3M5K11O01O0O2N101O001O0O1000100O10O1O101O11N3N000O002N2N101N02N1OO01O1O1O1O7H101N2O2M1O2N1I]PNOeo1N9OXY]m1
20120606063154Uh_1,ng\]13a5Oid1OoXZ1e0jkeN:I6G:K4L5K4L3N1O2M2N3M3OlNdRND[m1;kRNBSm1=SSN_Oll1a0YSN\Oel1c0`SNZO`l1e0bSN[O\l1c0iSN\OUl1c0mSN^OQl1a0RTN_Olk1`0XTN_Oek1b0\TN^Obk1c0`TN\O^k1e0cTN\OZk1e0hTNZOUk1i0kTNWOSk1j0nTNVOoj1m0RUNSOkj1n0VUNROij1n0XUNQOhj1o0ZUNPOdj1Q1^UNmNaj1T1aUNjN_j1V1cUNhN]j1X1U2000000N3K5M3N2O1N2O1N2N110O1O01O010O01000O100010O00010O0100O001O001O0000001O0001O0O10001O001O0O10O10000000O100O1N2N100N3N4M6IknU1L]Y_X2
20120606063154Uh_2,^\go02Z2Olle01eP\O7K4M2M2O001O001O000000001O00000O0]OF_QN=_n1c0M2L40000100O1O10000O1O1O1O2O000O100O100O100O1N2O1O100O101M3N7WOjPN<ao1K3M`bXl2
20120606063154Uh_3,deZ]14U8O__1NW^Z1:ZieNMaQNIRn19XRNGbm18dRNHXm13\10001O1O01URNNhk13P21\RNL_k13V2020[QN5DHdl13gSNNUO0km12oRNOZO05Nil12hSNO@1Xm10WSN0FODOml12hSNO:Olk12hSN0?Ngk12iSNOd0Obk11iSN0mm10RRN0nm10SRNOnm10P10TQN0jm10WRN0^m;0ZQJ0SPL10000O100^N3SSNMil19TSNHil1=USNChl1a0WSN_Ocl1h0\SNXOdl1i0ZSNXOfl1i0YSNWOgl1j0WSNWOGKYl1o0mSNWOol1h0oRNYORm1g0lRNZOUm1f0iRNZOYm1g0dRNYO]m1h0RRNVO52jm1U1RRNkNPn1V1lQNlNUn1_11N101O100O1O100O100O2N1O1H`QNnNan1Q1aQNmN`n1Q1bQNnN_n1Q1bQNnN_n1Q1bQNnN_n1Q1aQNoNan1o0801M4N1N2O1O002N011OO1nPN[Ohn1e0VQN\Okn1d0SQN]Oon1i01O1O1O1O3L3M3N2012O00J6HhlU1Nj]YX2
20120606063154Uh_4,cWWP11oo10bPT12[okN3M2O0O2O0000000O1000000000000O100N200O100O01000O0010O010O10000O100O010O100O100000000000001O01O000001O01O01O001O001O010O00001O01O01O00000001O0000001O00001O00001O00000010O00001O00001O1O001JYPN1ho1MZPN2jo101NYoS10UiRf2
20120606063154Uh_5,gVam22lRj01nlWO5J6H7N1O2ZO@iQNa0Un1EaQNb0Rn1l0M3K5N2N20O010O01O1O10O01O0100O01O1O10O0O2N1G:N200]O[RNkNem1S1e0O1O0O2O1K5L400O2O0001O00100O1000010OO3N1N1O2M2N3L5LQhjm0
20120606063154Uh_6,Zmjf01gPf01Ro[O6N100O101O00O10O100000000000000O100001O000000O10O1000O00001O01000O01000O100O0001O01000O10O2O01N1O1O1K5NbRUU3
20120622063154Uh_1,acVi13c4Nff11e4OPRf25imYM4L4N2N1O1O1O100WOBoQN>Pn1EnQN;Rn1GlQN:Tn1GkQN8Vn1JfQN7[n1JcQN6^n1K`QN6`n1d010000O101N10000O101O00000O101O001O001O001O1O001O1O00001O00001O01O0000O101O000O1000000O2O0000001O001O010O1O100O10O01O010O10O0000100O010O010O01000O0100O01O010O10O001000O010O10O100O010O100000O01001N01000O10O1O10O10O100O000100O00001O10O010O0010O1O0010000O00100O1O010O1O1O100O001O1O1O1O100O1O1O100O1O001O00010O1O001O01O00001O00001O0O2O001O0O2O1O001O001O1O001O001O001N2O1O1O1O001O1O1O1O2N2N2N1O1O1M\l[2NW`ia1
20120622063154Uh_2,hg\d14T7Nba1ObX^15anaN3M5L7J2M2O101M2O1O10;E12M2M3M21OO0O9H2N10O0O0101O000O10O1O100O00002N1O2N100O11M2O1O1O20O0O4L4L1O002N01O0011O11OOO2M2O1O2O1N3M1O001O1O001O0000001O1O10N0010O0000000O01000O0100O10O10O1000O010000O11O0O00100O1O101N2O1N2O2M3MWja1NT^mo1
20120622063154Uh_3,ShVe13[5OPfi00bTXO010100OUQ83UoGMmo50QUkX2
20120622063154Uh_4,_[[e12hPP11RoQO4M3N2O1N2O0000001O001O010O1O00100O001O010O10O01O100O10O10O1000O2O00000O2O1O1OO10001O0O4L102N2M3N3M4L103L3ON5K5J6J3N4K2O002N0O1O2N10O01O1O10000O1N2O001Noli0MfgTS2
20120622063154Uh_5,gm`S36h=LXT11lkNN^_o27[RRM5M2N2O1O1N102N002N2N1O1O1O1O1O1O010O0001N10O1000O10O010N1O2N2N0@`001N1F^NWRNe1dm1<01O010O10O00O20000O00000O2M11N2O0O4ON0AnMmRNX2Pm1:3MG:020O101O10N100000O2O2O0O1N2O1N200O1M4K4L4N3K3N3O0N4L3L3O10O1N3OO00020N2O0O1O102OO0000010N1N22OO001O01O10O10000001O001N20O0001N101N2O10O01N2O001O01O01O1O1O1O001O000O00000O1O1O2O^OWOPRNg0om1CfQN?Zn1c01O11OO01000O2O01O00000O1O0100N2N201O0N3M3O1M4L4M3L4K5J5N2K6Oa[R2KddmM0O1RB0ZkN6mBMia1MXkN6UCIlcf;
20120622063154Uh_6,fbl?6;1ML=1GOY2NZh11o4OWQ^28`naM5K3LAePN`0Zo150O00M[OjPNd0Vo1\OlPNc0Ro1^OoPNb0Po1]ORQNc0Vo10O2O2N0O102N1N2O001O01O0O101N100000001O2N2N005K00000O10O10O10O010O01000O010000O01O010O001O1O010O1O001O00010O0000000001O0O2O00100O00100O0010O010O0010O00000010O0000010O01O100O100000O100O00100O0010O010O001O10O010O010O1O1O10O0100O1O010O0001O01O0001O0O1000001O001O1O010O000010O001O00010O00000000000000000001N1000001O1O0010O01O00001O0O3N1NmkU2N`amm2
20120622063154Uh_7,godT36b;NbX1Ojed2OQf[M001O0O01O000O01000000O100O10O001O1OO0010OZN0^SN0Tl14ZRNNON^o11dRNOck11^TNObk10^TN1bk1O^TN1hm10hM0`TN0ak1O_TN2gm1OiMObTN1^k1ObTN0^k10bTN1em10hMOcTN1fm1OO0O100O0ho5OO0]mK0nUL0nl50PPN0SPN1UMOhUN0Yj10fUN1Rm1010O02O01M0O000PlW2OUThM01000O000010O10O100O010000O01O01O10YQN0^m10Y1000VQN0gn50QPL00000O001O10N10`mi10cRVN0YPS>
20120622063154Uh_8,S\h_23mo100O1O10aQP53ZnoJ3N2N1O5L000O2O1@C[QN=dn1E[QN;en1FZQN;dn1G[QN9en1G[QN9en1HZQN9fn1HWQN9in1HVQN8jn1?01O00001N2O00000000001O0O10O100000000000000000001O0000001O0000000000001O01O0001O00010O000010O0001O001O001N10001O00001O001O010O001O0000001O0001O00000001O00000000000000001O000000000000000000000000000000000001O0000000000001O0000001O01O00000000000000O100000000000O100000000O10000O1000001N100000000O10000O2O000000001O00000000001O000O1000000000000O2O0O100000001O01O10O00010O0001O001O01O000101N3M3M2N3M2N1O2N1O10O01O001O0000000000O1000O010000O1000000O10O1000O100O10000O100000000000000O2O0N201N10001O0000001O010O00010MkPNYO01Ro1f0nPNYO01Ro1e0QQN\Onn1c0RQN_Omn1a0SQN@mn1?SQNBln1=UQNCkn1=UQNDjn1;VQNGjn18VQNHjn18UQNJkn14VQNMjn11WQN0in1NYQN2fn1M[QN4fn1H\QN:To1102M5K4M0O1O0000100O1O1O2O1N1O001O0O101O0000001O01O0001O00000\NiN_TNX1`k1iN`TNV1ak1iN_TNW1bk1hN^TNY1Tm10YMgNgVNY1Yi1gNZUN04X1Zm10001OiNlNbSNT1^l1mNaSNS1_l1oN`SNP1`l1QO_SNo0bl1QO^SNn0cl1TOZSNk0hl1WOUSNi0ll1WOTSNh0ll1YOSSNf0ol1ZOPSNf0Sm1XOmRNf0Tm1ZOlRNf0Um1YOkRN`0ZOYOnm17hRN<am1D_RN:cm1F]RN6gm1JXRN4kk1C]UN8hN4mm1LSRN2om1NQRN0Rn1NoQN0Sn10mQNOTn11kQNNWn12jQNKYn13k00eMLiTN3Wk1MkTN2bm1Obm;OTUJ0[mI1O1001O01N11O0001QMMnUN4Pm10[PNNJ4Wo1OjPN:Uo1900O01BiPNH32Tl1MfVN9SMH32Vo12jPNJ32Uo11[m3MXSL020M1oo1OSPN0PP20noM2N0UP2NnoM0M030TPN0mo10M0111O30lR21ilMOZPN00001ho1ORm90TSL0PPN0lTd00ffWO0lXN0ff10ZUN0o31hf1ORUN0L0]41if10\YN0_f1OPUN0O090I111R1N@1HO:3AOoj1NiTN090H0O041:OD0N032MN23OMN0010O052KO002O00523O00IRk1MPUN130M01O21MOM10O123N41H02450MNO1M00N0:0F00050IYk11hTN0OO0001516OH0O10N;1GOO0N2O26MM0MO21OOO80I1;3DRk10mTN01061JON11OO2ON031MN0011O0123MN002ON000012OOO01O2022KN20N083Hhk11XTNO80I0021NL00081GO01013NN002ON80J0O1131ONOOOW_i>
20120622063154Uh_9,^k\\11jP`07mnA6J1O2N1O2M2N2O1N3M2N3N2N10100O10O01000O2O3L9G2N3L2O2M2IcSYa2
20120707070914Th_1,fWg_12R4Oig11S4O10YS\30elcL4N0O10001N10000O1000O01000000O1000000O101O000000000O01000000O10000O010000000O10O10O10O1000O10O10000O100O011N100O101O001O000O100000000000000O0100L4O1O001O100O10000O010O10O01000O010000O01000O01O100O10O0100O10O010O1000O0100O00100O10O010O1O100O10O01000O0010O10O01O1O1O1000O00100O001000O01O01O01O10O001O010O1O010O1000O10O0100O10O10O1O0100O01O01O010O1M201O1000O1000O0100000000O0100000O100000O10000O010O100O10O01000O10O10O1000000O100000000O10000001O00000001O000000001O0000O01000000000O010000O10O10O00100O010O010O01000O10O10000000000O100O01000O10O10O10O100GbPNO_o109O1OfgVk1
20120707070914Th_2,_hZ\12bP`01ZoA5O0N2M1O2I7K6L2O1O5K1O1001O111OO0000O2O01OO2M4M2OOO2N2O1M3N1O1N2O1O1O1O000O1O2N3NaUa`2
20120707070914Th_3,fXgd01XPj03coWO2O1N3N5L1N104ON0O01O00000001N10001O0O100O10O01O1O1O001O001O00001O000000000000000000O10O1000O1O01O0001K40000001OIHgPN9Wo17010O2O001N8Efoe0KdPZO0ZgbU3
20120707070914Th_4,j]Sh03Q4OTkc06aP^O2O1N2N2N2N2N2M20O1O010G9O11000O2N00O1SN2hSNOYl14bSNM_l18ZSNJgl17VSNIml18oRNHTm1?aRNBbm1?PRNKTn1n05K4J5M4L5I7I`0_O[`RU3
20120707070914Th_5,_bnU12[Pj06]oWO1N3N1O1O1O0100O2N3N00O100002N0000O100O10O01000O010O0100O100aPNHTo1:hPNIXo1?001N101O00001O1O1O1O0O2O1O000O1O1O10O010O010O010O10O100N3NZ\[e2
20120707070914Th_6,bfan12b2Oij10d2000hPP31VooL2O0O3M1O2O1O001O1O3M4M6I1O1O010O00103L00101N01O10O02N10O01000O01O0010O01O1O001O3M1O1O10O01O0000000000000001O0001O000001O0000@gPN9Zo16000000000000000001O000000000000000000000000001O000000000000000000000000O100000000000000000000000O100000001OO010000001O0000001O000O11O01O000000000000000000000000O1000000000000000000000000O100000000000000000000000000000000O1000000O2O000O100O100O1O100O10000O10000O1O1N2O1000000000O10000000001O001O0000100O001O0000000010O0001O001O1O00000000000000000000000001O0000000001OFVO^QNj0an1WO_QNi0an1WO_QNi0an1WO_QNi0an1WO_QNi0an1WO`QNh0`n1XO`QNh0an1WO_QNi0an1VO_QNk0ln10O0001O3M2M3N1O1BdPN5do1O101M2O2NTno2NoQPM000^YRZ1
20120707070914Th_7,Y\e_15\:NP[11SeNMmZ11b:OXXh4?XgWK4M2N2O001N101O00000000000001O000000000000O10O010O1000O01O01000O011N100O1O010O1O10000O1O100N200N20O10O1O10O1001O00O0100O1000000O1000O1O1N1O2O1O1N2O1O10O010000O10001O0O1O10000O1O100O1O100O1O10000O1O01000O100O001O1N2N2O1O1O001O10O0100000000O01O10O01O100O100O1O100O1O10O01O10OO2O1O01O01O10O00010O0010O10O100O010O1O2O000O2O001N100000000O1000000000000000001N101O0000000000000O100O10000O100O1000O1O10OO2O001N1O101O0O110OO1O020O00010O1OO20N11O00O1O2N2L3O2N1O2000O010O01000O0010O0100O01O10O100O0100O10O01N2N101N11O0O100O1N201O001O0000O2O0O101N011O01OO2O1[OZNiRNl1Tm1a0@dMZSN`2dl1>00010N1O2N1O2O1O1O0O110N101O001O1N101O00000O100000001O1O010N110N2O1N2M3N2L3H9N2O0O2O1O1N2N2N2N2O1O1N200O2N2O0O1O2O1N1O2N2N1N3L4DiPNI\o159Mnmk4KYRTK001fch`1
20120707070914Th_8,nbVV11^PX10foQO0O0\P40]oC4NLZPN1ko1O00oo10j[of2
20120710063134Lh_1,ZeTd04Y6NXc11j\NNVc11]6OaS\30\lcL6L3Ic0A3O1M3N2N2L3M3M4L3N3H7O1N2MSO_RN@`m1a0bRN^O\m1b0gRN]ORm1h0SSNTOml1m0VSNoNjl1Q1ZSNjNfl1V1S1L300O20O01K4O2O0O1010ON300N2O001N20O01N2O100O0010O01O10O10O10O010O1O010O01O010O01000O10O10O100000000001O00000000000000001O01O000001O000001O000O2O00001O001O001O001O0102M1O2OO001000O0100O1O10OO2O001O001NfPNImn17RQNJnn16RQNKnn13RQNOnn10RQN1mn1OSQN1nn1MRQN5nn1IRQN8on1FRQN;Yo11N110O1000010N100O1O010O0001O010O1O00001O10O0100O21N0010O000O11N00010O001O0001O10O0100O11N101O1O0O10O21M11O01O00O11N01000O01O1O01O010O01O10O0100O0010O01O010O00010O01O3M10001N01O1N2O001N101O000100O2N2fPN^OSo1i0OO0101N1O2O1O0O0100O0110O0100O0O011N1O3M101N4M1N1O1O01O01O000O2O1O1O7G3NdjQ3O^UnL000fZSd2
20120710063134Lh_2,XcfV11oo10jPl02RoSO4M1O2N101N100O10O10O100O100000000O100O100O100O1O1O2O0O100000001O000001O0O10001O0O2N1N2O2O0010O0010O001O001O0000001O01O01O0100O010O101N1O1O01O1O1O1O1O1N2O1O1O1O2Mnnk0Ol][a2
20120710063134Lh_3,Vjdi13T5N]gi0a0jRXO6J9H6I;F7G?A6L5K6L5J4LgMUSNf1cl1YNfSNc1Wl1\NoSN`1ok1`NUTN^1jk1aNXTN4]O=Zl1^O[TNKIb0lk1B]TND0i0bk1B_TNC3i0]k1DiUN9Vj1GQVN2Pj1MTVN0ki1OYVNNhi1O[VN1ei1M^VN0di1N_VNOci11_VNJdi15T301O00000O1010O00001O1O000001O1O101MkTcR2
20120710063134Lh_4,beZf03`4Nlf11dV`3OmmaL0QPN000O0YO0_Q20cnM0]QN0dn10f00O010O00100O010O10O10O01O010O10O010O01000O10O100000QPl00QPF0Som20Y[Sk2
20120710063134Lh_5,c]kb13m3N\km01cPTO5L2M2O1M4N00100O001O0000O10O1K6L3J6N200O100O1O2N0010O1FZQNZOgn1`0?N200N2O1O2OO100O1O1ON3O1O10000O2O001O0N200O100001O0001O010O01O010O0100O001O101N2N2NhafW2
20120710063134Lh_6,gdom12n1OQl10dRf11ZoYN2[PNNYo14dPNO[o1<N101O001O00010O001O01O000010O0001O10O01O010O0100O0100O100O1O001O0000010O01O001O0000000001O0001O1O1O2N010O1N1000000000O10O10O10O2O00000O10000O01000O1O010O010O1000000O1000000000O010O100O1O010O000010O010O010O0001O010O00100O0O2O001O010O010O1O002N1GfPNK[o149O101O1Neo_1Ng[nd1
20120710063134Lh_7,Xbm^11oo10kPP12RooN101N101N101O00001O01O01O01O00010O01O000000001O000O10000000000O2O000000O1000O100000000O100O001O1O1N101O010N110O10O0100O1000O01000O1M201O1O1O10000O10000J`PNL`o12cPNL^o138Njom0MS^PY2
20120710063134Lh_8,`V[Y12m14nk1KT20bQR24YnmM2N2N2O0O1O2N100O1O100O1000O010O010O10O0100O0IcPNL^o13dPNK]o15dPNI\o186O10O010O100O10O0100000O010O100O10O01O10O010000O0010O01O01O010O01000000O01000O100O0100000O01000O0100O10000O10O10O1000000O100000O10O1000000O100000000O10001O001O0000001O000O1000001O000001O00001O01O01O00010O010O00100O01O01O010O000100O10O0100O01O01O010O001O011N1O0001O00100O010O010O01O010O1O00010O00100O010O00010O000000EcPN3^o1KdPN4\o1LePN2\o1MePN3\o1LePN3[o1LfPN4do1N`n]2MTk`S2
20120730072014Th_1,dSef13d5Ndd11f5O_Qn12_nQN2O1N2N1M4O001O000O2O1O1N2O1N2O1N10001N1000001N100O2N100O2O1N101O0000JVQNVOjn1f0\QNXOdn1g0;O[QNZORn1f0nQNZORn1g0mQNYOTn1g0b01O001O00002N1O00O010000000001O0010O0100O3M11N000010O1O02O00O1000000000001O0O1O2OO0110lQNiN[m1X1g00O`0AO001O010O2N100001O02O0O1O2aNaQNY1fn1N\QNiN\n1]14L300N1N3N\QNlN`n1o0^QNSOdn1U11N1N5LO01O000ROTQNh0To1N2N002N10O001O1O0000000O01O1010O1O101N101N00000O101O00002N2N0003SOSQN`0Yo1N2M5Cfkg1OdTXN0\lfk1
20120730072014Th_2,og\n01S30eja02]R`0NiooN101N10001N100O1O100O1000000O010O00010O00010O0001O010O01O100O10O010O100O0100000000000000O10O1000O1000O10001O00001O0001O0000000000000000000000000010O010000O01O1O0000010O001O100O010O0010O000000100O1O010]QNMWm14gRNNYm12fRNOZm11eRNO[m12dRNN]m12bRNN_m12aRNM`m16iQNF73Qn1:cQNF:1Tn1j0bQNYO^n1U10O2N1N2M3C`0XOgPN9go1I^n_1MjYae2
20120730072014Th_3,P]cm11QQh01lnYO2N101O0000000000000001O00000001O000O1000000O10O1000O10O010O010O10O010O00010O000000001O00010O010O001O001O001O000O10O2M4M2Ojbhm1
20120730072014Th_4,WkVd11Z10Zm10VRT10UokN1O1O000000001O1O001O00001N2O001O001O010O000O1000000O100000O1000000O1000O100000O00100O010000O1N110O01O100O10000O100000O10O1000000O]PNH_o18bPNI]o17cPNI]o16ePNI[o177O1000O10000O1000O010O1000O010O0010000O01000000O1O10O010O100O1000O2O000O100O1O101O0ObTaS2
20120730072014Th_5,hRaf15b;NdX1On]\2OUnaM0go10O010O1O10O11O1O00O1O1O0001UOOfQN0Uo10000010O00100O0001ORP60noI0J026MMWP<OnoC1O02N10O0O0100O100000QP20Po30QQN0RP80SQH0emK0YRN0gm10YRN1kn11jNN\RN3bm1M^RN4`m1LaRN4gn1OO100hNLdRN2fn1001TV83giG2NO3NM111_OLkPN?Qo1:M4M3N2M2QRNiNRm1Z1nRNfNPm1\1oRNfNml1]1SSNcNjl1`1VSN`Njl1`1VSNaN`i10kXN`1fM`NWi10UVN0l2_1jMaN`i1OdXNX1UNiNng1NVXN0e1V1]NlNig1NSXN1a1T1\MlNW11lg10lWNO^1X1TOgNcg11kWN0[1[1ah1eNSVN0[1[1dh1dNQVN1Y1\1gh1cNRUN1h00\1^1kh1iNgUNI\1T1QNmNnj1OlUN0T1S1UNlNok11jUNR1dj1oNZUNh0Qk1WOmTNg0Wk1ZOgTNe0\k1[O`TNd0ek1[OYTNf0hk1ZOVTNf0lk1ZORTNh0Vk1VOoSN3h0h0Zk1UOnSN3f0c0eN_O]m1O^SNN\Oe0N\OWm11oRN]1LcNUm1OlRNa10^N`l1NlSN3A0:l0KRO_l1OlSN3\O2>h0dm1_OXRN?Um1UOWSN;_Oa0]m1TOUSN]1ml1dNTSNY1ml1gNSSNV1ol1kNQSNT1Pm1lNPSNR1Rm1mNoRNn0Um1SOlRNj0Vm1VOjRNg0Ym1YOgRNe0[m1[OgRN`0\m1@fRN:^m1FbRN7bm1H^RN5fm1M]QN1`01Wn17gQNHbn12[QNNln10gPN7`o10gjQ1EfUnN0TmZl1
20120730072014Th_6,\P]Z22no1OcQ>1an;0enUO0]RN2am1O_RN1am1O_RN1am1O^RN2bm1M^RN4fn12O0O2^OHZQN8en1KXQN6hn1JWQN7in1JVQN6jn1KoPNK0;Po11oPNOQo11nPN1kn1CWQNn0hn16O0001O000000000000000001O001O001O2N0001O0000001O0F\QNXOen1g0\QNXOdn1g0^QNWOcn1i0:N2O1M20100000000O1000000000000000000000001N100000O1000000000O100O2N100O1000O10O1O0010O10O10O10O01DDTQN<ln1FoPN=Qo1DlPN>To17010O0O1000000O2O000@kPN4Vo1KmPN3To1KoPN2Ro1NoPN1Ro1MQQN0Qo1OPPb1OUPkY1
20120730072014Th_7,d\a`23j5OWd10m5O_TR27XkmM4L3N3O1N7I101O001O000001O001O2N01IXOTQNh0ln1XOTQNh0ln1XOTQNh0mn1WOSQNi0ln160O01O100O000010O00100O00100O1O1O1O1O1O1N3N2N2N2N2ORQNC[n1:dQNIbm1NcRN7INcm1MdRN3H3bm1KhRN0B9em1HjRNMA<em1GjRNM@=em1HjRNK@>fm1GjRNJ@`0em1HjRNGAb0em1GjRNGAa0em1IiRNH@`0gm1HbRN0E9hm1IaRNOG7im1K^RNh0bm1YO\RNh0dm1\OVRNe0km1g010O0100O1O100O10O10O10O01HoQN`NQn1a1PRN]NQn1b1PRN]NPn1d1PRN[NQn1f1mQN[NSn1h1010`NURNl0im1TOXRNl0gm1TOZRNi0im1VOXRNh0im1XOXRNg0im1YOVRNh0im1YOVRNf0km1\ORRNe0nm1\OoQNf0Qn1]OkQNe0Tn1c01N101N2O3M3N2M2O3L2N2O0O1O1O100O2N1N1N3O00000010N11O1O001O000O1O10000000O1DBVQN?in1;000010001O01OO20O00O100N1O102O0O0O2O010O1N2O01N10101O0O3O00HPQN^OQo1?;@cPN8fo1M3Lonc1NVQ^N0XcjP1
20120730072014Th_8,jW]n13n1OQQT10mlmN2G9O04L^cTP2
20120730072014Th_9,^`ji22ZRh02amYO2N2N1ROKPRN6cm1IiQN8a00em1KgQN6c00em1`0TRN@km1b0SRN_Olm1e0oQN\ORn1Y1O001000N2O1O0O2M2]ObQNE_n19eQND\n12PRNLPn13RRNKnm15URNHim1:YRNEfm1=ZRNAgm1`0bQN]Od02jm1e0h01O0000EnPNGSo18oPNDTo1;9001O1O000000O10100O1K6JP_aR1
20120813063134Lh_1,P`RT14Z8OU_10n`NNR_12^8O1OjQl33SnSL2M3O0O101N100O10000O2O000O1O01000O100O1000O10O1000000001O000O100000000001N10000000000000001O0000001N10001O00001O001O00001O000010O00010O0010O01O0010000O0100000O10O11O03L100O0100O100O20O0000010N101OO20N100O1O101N1O10O0100O01O1O100O1O10O00011N1RQNUOfn1U1M00100O010O1O02N1O1O1O5K6J20NMkPN\OUo1b0lPN^OUo1`0kPNAVo1>jPNAWo1>jPNBWo1=iPNCWo1<kPNCVo1;kPNEVo19kPNGUo18lPNHWo10nPN2^o12O3M2N1O3M2N1ePN_OUo1i0N2M10O1000000O010O100O001O001O00001O0000001O00010O00001O01O02N00010O001O001O001O010O001O010O010O010O000100O010O101O0O10001O000O020OO00101N100O100O10O10O01O10O01O020OO2O0O10O100O2N01000O001O010O0001000`RN^O`k1c0_TN]Obk1c0m1107H010O020OO1O012O0O0O1000O00001O001O0O100010O1O001O000000100O1O1O1N4L8FViW3KRggn1
20120813063134Lh_2,fZe^12^Qj08VnWO9G4M1O1O1O1O100O100O0100N1K6N1O01O1O2N2O1O00000O1O01N20001O1L4N2M3O1O1O1000O01O10O010O100O01O1O1O1O0O2OPeV]2
20120813063134Lh_3,hYcQ22k3OTki07ePXO7J8D8K4M2O2OO1NhNoNfSNn0\l1UObSNg0al1\O]SN=jl1DVSN9ll1HSSN7ol1IPSN6Rm1JnRN5Rm1KoRN3Tm1LlRN1Wm1OhRN1Ym10fRNO[m11eRNO\m10cRN0^m11aRNO`m10_RN1bm1O\RN1em1OZRN1gm10WRN0km1OURN1km10SRN0om1OPRN1Qn10nQNOTn10kQN1Vn1OhQN1Yn10fQN0[n10cQN0^n11`QNObn11\QN0dn11YQN0in11SQN0nn1a02M2O0O1N3O0O1O100O100O1O100O1N3L3M3O1OWeli1
20120813063134Lh_4,Sbm\21\Pf01foYO2eo16O000O100000O100O0100O100O10000O0100000O010O100000000000O101O000001O0000000ON3O1O10O01O100O1O2N1O10h]V_1
20120813063134Lh_5,e^UQ21[Pb04_o_O2N200O1O1O100O3N1O2bPNBUo1f0O01O1N2O000O1O2O00000001O0101N2N10O0100O0O1O010O001O2M3Lf_hk1
20120813063134Lh_6,TUYe23R6Ochc01VQ^O4N3M2N2N1bLJPWN7nh1MnVN4Qi1OmVN1Qi11oVNOoh13QWNMlh17nTN_OV1:ji1<lTNA6D2>lj1`0jTNBE3a0JPk1i0bTN9;oNSk1l0]TN8>lNUk1f2iTN[MWk1m2_TNTMck1d31O1O2M3M4K5K4L;F5I5K8I6J:G2N4L2O3J:UOk0^ORhfW1
20120813063134Lh_7,cgl_11Rmm15gRTNLXPN3mo1N2N00O1000O10O010O10O0000000000]om00]Q80XomN0ooK000YnW60m]mm1
20120813063134Lh_8,jc`Q31oo10hPT13SokN3N2N100O1O1O1O1O100O00100O0100O01000000000000000001O0000001O001O003N0O1O3N0O010O100O10O010O010O0010O001O0010O04L1O0O01O0100001O001O1N2O2J402N1^OdPN>^o12O00100O10O10O010O02O0O2O0O010O001O1O1O2N1O2ManQ1Kk]Qe0
20120813063134Lh_9,kcfQ31oo10lPP10UoQO0no;0^oc00cPnN000000000010OhPN2^n1Nj01O0lPNOYn12gQNNYn11k01O001O0O2O0010O010O001O0001O000000O100O2O00010O01000001N011O0WPNKeo172O1O010O2O3MRoo0OS]Uf0
20120930063534Lh_1,[lja22]4Obhg13jRZN5L3M3N100O1O100O010O1N2O001O00001O01O010O010O01000O10O1000O10001O000O2O00001O001O001O001O00010O1O02O0O100O2O1O0O10O010000O100001N011O1O1N2O001N10O01010OO1001N1000O10O1000O2O000O01000000O2O001O001000O00O10001O1O0O200O1O0O1010OO11O01O1OO2O001O001N3N1N2N1N4M2N2M2MnoTT1
20120930063534Lh_2,milb12`Pb00[o_O9H>D2N2O1O2M2N3N1N2O10O1N:G2O3L2N1O1O001O0O10001O00001O1O00001N1000O11N1O2N3HnSQZ2
20120930063534Lh_3,acfh02T4Oeg10oT\16oncN2O2N2O1O1O1N11O0001O1O001O100O1O1O100O101N1000O010O100O100O1O101N100O1O010O11OO0100O1O10O02O0O101N107H4L3N2M1O2N2OO02O001N3N1N1000O100O101dNgQNm0Po1G2N1N2O0O100O001N100001O01O00001O001O0O2O1O1O001O0100OOmlS1Fm_Ym2
20120930063534Lh_4,VnR\23h7Odco02]TRO8I7J6J5L3L3N2M2O2M2M4M4L4K3M3M2O0O101N2M4MhN]RN8am1EfRN:Vm1FPSN8ll1HYSN`0[l1_OiSNb0Sl1]ORTNb0ik1_O[TNb0_k1^OfTNc0Uk1]OoTNc0kj1_OYUNb0bj1^OaUNc0Yj1@kUN?Pj1BUVN?fi1AcVN:Yi1ERWN6ih1J_WN1_h1KkWN2Rh1KUXN4hg1J]XN5ag1IdXN5[g1IjXN6Sg1IRYN5mf1IWYN6gf1J\YN4df1K_YN4`f1LaYN3^f1NbYN3]f1MdYN2\f1NdYN2\f1NcYN4]f1JcYN7]f1HcYN:]f1^OiYNc0jj11N11O001O2N3M6K3L2N3M1N3Ndkg0OnSS]1
20120930063534Lh_5,]XSn12[Pf03^o[O3O2N10000O1000000O10000000O10001O00O0100000000000000100O0O3N1ePNCPo1i0N00O1O1O1O2N1O1N3M2M3M4L3MoeZn1
20120930063534Lh_6,Rfcd12d2OVke0;hQ\O5M3L2N2O1O1O00100O1O001O1O00010O00010O0010O000100O1O2N2M3N2N2N2N3L2O2O001O0001O0O2O4K5K2N2N2N2N3K5]ORQNLSo1OjX^W2
20120930063534Lh_7,W_Tb22ZQh00bnYO3M3N2O1O00000O0100O001O10O010O001O010O10O010O01O001O1O0O2O0O2M2O2M3O2N101O001O001O00@SQNLnn13TQNLmn12UQNNjn12WQNMin13XQNMhn12XQNOhn10YQNOjn1MXQN3Zo101O100O1O2N00___Y1
20120930063534Lh_8,PWUP32X3O]i10nUT12WmkN4M3N2N2N101N1O1O00000O2O0001O01OO2O0O1000M3001O10O001J5O2N11O010N1O2O1O1O2N1O1O1O00100O01O1O10O01O010O00O2O0O10O1O2N2M200000O11O01O001O1N1O2O1O100O100O100O0010000O100000000O10000001O0000O1O1O1O1O2N_hZh0
20120930063534Lh_9,[khY24c;OcX1OagNOZ__31PUbLO02NO01eNNfRN2Vm1OlRN2bn10\NMZSN4al1LcSN1[l1OhSN2Sn1O00O1O1000100ZPNNRn10PSN`0fl1GYSN8dl1@[RN6o0<`l1^OfRN6R13Wk1FXTN0F5l04ok1HWSN6i01Pk1H_TN0O5c04hj1GfTN214b01aj1LlTNN74<3\j1ISUN09491Vj1MeVN1VO4Pj1HoVN6PO2al10`SN0]l17^SNGdl1?WSN@hl1e0SSN[Okj1KYVNi0iN\Ohj1LeVNh0bNZO[m1d0dRN\O]m1d0aRN\OQn14nQNK`j1NWXN9WMHWn17hQNH[n17cQNJ`n14_QNLbn13]QNMdn12]QNNcn12\QNNdn12\QNNdn11^QNOan10`QN1^n1OdQN1[n1NfQN2Zn1NgQN1To1001O001WOMcQN3_n1N^QN3bn12YQNMkn13QQNMQo13mPNMWo12fPNN\o11bPN0ao1O]PN1do154KXi_1OiV`N1O010O10O0001N2N2NH`PN4^o1KgPN3do1N2O000000oo30oo50QPF010O0010O0100O0100OYO0_QN1an1O_QN1Xo1OYO0`QN0Wo110000000O010O10000000000000000000co70_PN0noI10O010O10O10O100001N020O100O1O0101N0OVP80joG010O100O010O1O20O001N2O0000eP80lnI0oPL0nn11RQNOnn10SQN0mn10b000000RP40oP<1nn_O1O1O1OO0101]OKWQN5kn1KSQN5nn1KPQN6Ro1KkPN5Vo1LhPN4[o1KbPN4fo1OUko2LPUPM1dTQQ1
20120930063534Lh_10,\kP\25S;O`_S1MZUnN0011O10O0010OiQ<0QlI0URJ0O01001N11O00RQNOom13PRNMnm12SRNOkm12o0OZQNNcm15]RNKam15_RNLbm15^RNJcm15]RNKcm16]RNJcm16\RNJcm18R11XQNGim19o00RQNHRn1:lQNEVn1<hQNEXn1;hQNDZn1<cQNERn1g0nQNXORn1j0mQNVOol16]SNf0DTObl1i0cSN3LTO_l1P1_SNM2SO_l1S1ZSNL7QO_l1]2b01O0011MPWNdM_d1Q2j[NPNRLOWg1k1l\NWNRd1c1T\N\Nnc1`1U\N`Nkc1\1Z\NcNgc1Y1c5H:H:CaRk^1
20121024073354Uh_1,TbnY14g6N\b1OXX^13_naN4M2M3N2O0O101cPNBVo1e0O001O000O010O02O1N2N2O00001O000101N3M2O0O2O01N1O2O1O1O10O0100O11N001O11NO10O10000000000000O010O10100O2O0O011N3M9oPNPObn1W12O02M1O1N2N:GO1eNkQNh0jn1N1M201N7I1O0100O110M20O01N1000O1O001N10001N101O0O2M2O1N4K5M4Jgj]1OYcoZ2
20121024073354Uh_2,WeZh21_Pl02]oUO3L5K3O2M2O2N0100O1O1O2N2M2O10O001O01O000100O001O001N1JChPN>Vo18N2O1N2O1O2N1O1O100O1O010O10O10O10O100O100O001O0O100O2O0000001O1000000O1O2N3M1BjPN0do1J^Y]R1
20121024073354Uh_3,X[Sb21`05U5K\ik01cPVOOaPN0ao1;N1N2O1N1O1O100O0010N110N100000O11O1O10000OO2I6L4K5N2N2eMoNaUNW1`j1mNWUNW1jj1lNRUNR1Pk1QOnTNk0Vk1XOgTNe0\k1]ObTN?ak1E[TN8hk1LSTN6mk1OkSN3Vl15PSNjN7X1jl1c10O2O1N3N2M3M5jMgRN]1Tn1I5K6KbbjY1
20121024073354Uh_4,]PWg12^3Ojkm01dPTO3M3N101O001O01O001O010N11O010O0001O000000000000O1000O10O0100000O010O002N010O1O000O2N1O1H9M2N201mNUOPSNj0Rm1WOkRNj0Vm1WOcRNn0^m1_OoQNf0Pn1e00O1L5N101N1WOlQNCYn19i0H8N3M4LQohS2
20121024073354Uh_5,TlVZ12g3Odk=3]PD4N3M2M3O0N2M4L3N3N1O2O0nNWOkRNm0nl1K\RN9bm1S1N200O11N1N3M3M4K6L8[NhQNT1hn1K8G2@PQNMSo1MjR_c2
20121024073354Uh_6,ek^W13l6Oggo05SQRO4L4M3M3L4N2M1O101O101N2M20OO10001O0O2O0O100O1N2MHaQNVO\n1h0mQNSOSn1l0a0VORQNa0on162NM22O1O1O1YOPQN`0Po1^OTQN`0ln1@WQN=hn1DZQN5jn1KYQN3gn1NYQN2dn1O^QN2^n1NfQN1Yn1MjQN4Sn1LPRN3Pn1LQRN4nm1LTRN3jm1OVRN1fm10^RNO_m10eRN0en1O1O10ko30SPL1O0O3O0eNMkRN3bn1O0O1ON2gQ_c2
20121024073354Uh_7,hZg[21oo10YQ^12enaN1N101JL^PN5Zo1LfPN2N2[o15ePNLZo1=000000000000001O0O1000001N101N10001N100O010000000O1000O10O10001N100000001O001O0001O0001O000000000O1000000000JKaPN5^o1MaPN3^o1NbPN2^o1OaPN1^o11aPNO^o1:O10001N1000000H]ORQNe0ln1]ORQNd0mn1^OPQN;5Ckn1l0O101OO10000O1M3O1O101N10000O2O0O2O1O0O101O001N101O2N001O001O0000001O000O101N100O1O2OXo[1NRfZX1
20121024073354Uh_8,gmPo11dPd02Xo]O2N101O001O00000O100O1M4N1O2N101O1O1O0O2O1O10^OjPN9Uo1GlPN:Ro1FoPN:Po1EQQN<nn1CTQN?Vo14L05J1O100O1O2O0O1O1O1O1O002M3MlPcm1
20121024073354Uh_9,k[ci04Y70YI3Tg1L_`NOa_10a`NO__10__P30bhSM3^PJM_o1552O1N1O1O1O1O10000N20000OI80O0010000O2O001N10001O001O00001O0O100O2O0O1000001O01O010N10001O0O1O2N100N200O1O1O01O01O01N1M4L310O02N10001N1O100O10000O1001O0O100O1O1O100O1000000O01000O0100O0001O10O1O00100O101N1O3N0O2N4Jdog01\PXO200O1O1O10O010000O01O01O010O010O1O001O1N101O1G801O0100O010O100O1O101N1O100O1O01H611O0000001N110O010O1000O1000000O1O1O1O1N2O1O0O2O1O001O100O1O1O1O01H601N2N201O10O10000O10000O101N1O100N200O1O10O01O10O0000001K40010OO110N2O1O1N2O1O1N2O1OQO6g04K4L5N1O:E3N1N2O2O1N1000O10O10O2N1O1K5K5O1N2M3N3M2M4N1O3JcnW3IhQhL001Tdf^2
20121024073354Uh_10,m[kR32\RP14\mQO7J1O00001OO100N2O0010O0O1O1O2OO11O1O10O1O002O0N11O1O100O1000O11OO2O0001O01O00001O001O01O01O001O1O010O100O100O010O0100O10O10O1000O101N1O2N1Odcfg0
20121024073354Uh_11,dZ[h01oo10aPj01]oUO2N1O100O1HJfPN6Zo1KePN5[o1KePN5[o1LcPN5]o1MaPN3_o171N2O0O10001O000O100000000000000O010000O10O10O10001O0010O000O1O10001O01O000001O00001O00000000000001O0000001O00000O100000O1000001N3MRelQ3
20121024073354Uh_12,\jhg21^PZ11`ogN1O1O000XPNNbo13\PNOco1700001N10001O00001O00000000001O0001O01O00010O00000000010O000000000000O10000000000O1000O10O10O10000000000O100000O1000000000O1000O1O1O10O0100000O100O01000O01O001O0O2O0002N1O2M3NioQ1NnUkn0
20121024073354Uh_13,mYi\22j72Uh1MTjU40dUjK0`PN0_o11aPNO^o12bPNN_o11aPNO`o10`PN0ho11O1O01N100001O01O0001O0001OO10Omo32QPL0001O010O10O100O01000O1000001N101O1O1O1YTNGeg19ZXNGgg19XXNG^g10nTN9c3G`g10mTN:[o1001eTNEef10ZUN<Po1DPQN>nn1BQQN`0]3@kg10hTNa0o2Bdh1M[TNb0l2Ghh1G\TNb0h2FWi1>cVN_Obi10hSN31M5Om12mj10SSN0g15Yk1LnRNL0Od14fk17jRNC^11ok1:fRNEX10Ul18fRNHS10Xl17hRNIm00[l17jRNJg00_l15nRNK?0I0kk14QTNN3Ool12SSN0FM\m11VSNOjN7X1Hgk11lUNOQm1010O0Pn53TRJ00NO215YPNIakS1OTjbW1
20121125063154Uh_1,Y^SU12no1OdRn04XmQO4J4N1N3O0O10O001N10L5O010O0010O00010O010O01O01N2O000001O0O101O0000O10O010O10010O01O001O01O00O2O000000G900000O200N2O001O1N2O0000001O1O1O1O100O1O100O002O0O1O1O2N3K^ok00\blb2
20121125063154Uh_2,WgPV35`:OgZ1MR`f01ejYO00001_O3oPN6jn1HVQN6ln1IWQN1ln1Oc0OFOePN1Zo11ePN1Yo10gPN1Wo1OjPN0Uo11lPNORo12oPNN]2Ohi13lSNM[24fi1OPTNNW26fi1LmVN5oh1MQWN5mh1HRTNLm2>oh1DWTN7b26Ti1CZTN7c26Si1BZTN3j2:kh1C\TNOm2>]l1N101M20N11OO2mHH[^N8da1H\^N9ca1H]^N8ba1I^^N6ba1L\^N4da1M\^N2da1OZ^N3ea1MZ^N4ga1KX^N6ha1LT^N7ka1IT^N8la1HS^N9ma1GS^N8ma1IT^N6la1JU^N5la1JU^N5la1KU^N3ka1OS^N1na1NR^N2oa1OP^N1oa11P^NNPb13o]NMQb14n]NMRb13n]NMRb13m]NMUb12k]NNUb12j]NOVb12h]NNXb14g]NJZb18d]NG]b19c]NG^b18a]NI^b18`]NJ`b18[]NKgb14Q]N3Qc1Mk\N5Xc1Jf\N6[c1Jd\N6]c1K_\N7cc1H\\N8ec1IX\N8ic1IT\N8mc1HQ\N8Qd1Hm[N9Td1Hj[N7Yd1Ie[N6^d1K`[N3bd1O[[N1gd1OX[N0id11U[N1jd10S[N1md12mZN0Ve10bZN5`e1K[ZN7je1HQZN:Uf1CgYN=]f1D^YN<ff1CWYN=lf1CSYN=of1DnXN:Vg1GhXN6]g1IbXN5bg1K[XN2ig10TXNNPh11oWNNTh11kWNNXh12XWNWOhMf0Tk15lTNUOK6Z1OiN`0[k1R1dUNcNnN;ck1R1VUNCPk1=iTNE[k1<_TNFgk19QTNJSl1o13N2N3L4M;D;F2M3L4K5K7I7I7I6Ia0]OaRea0
20121125063154Uh_3,QV]d22gQP10VnQO10002N00100O010O0000010O000010OO10000000000O10O01O10O010O00100O01O0001O01N1O2N1O1O1CDVQN=hn1HTQN8jn1`0N1001O2N1O2N2AQQNKRo11d0J`iTW1
20121125063154Uh_4,gXag14a7Nh`11Z_NNf`11e7OjTj32UkUL1O6J2N1O2N101O20O1OOO100O11N2OO2O0O100O010O100O101N1001OO001O002OO0001O01O0001O001O000010O01O010O000100O00001O001O000O2O000000001O0000001O001O00010O1O01O010O001O0000000000001O0001O0000000000000O10000000000O10000cQNBWm1?iRNAWm1?iRNAWm1?T11000000000O1000O1000O10001N10000O10000O1O100O10O01O100O001O1O00100O1N2Njo73UPH0N2O1O100O100O1O100O010O1O010O10O01000O01000O01000O10O100O100O10O10O10O10000O01000O10O1O001O1O000010O010O00100O10O010000O010O010O01O1O0O2O0O2M201O00N2ON2M4M3N2I7N11000O2N0101N1N2L5J5L5O0000000000N1M23N2O000000000001N011O01O001N101O1O1O1N10100O1O010O1000OO1010O00N3O1O0010OO2N2MTnk3NQRTL00000YgT^1
20121125063154Uh_5,d]U^22j2OYj10YUX13_mgN1N101O1N200O1O010O10O01000000O10O100O010O0010O10O0010O0O11O0001M2O2N101O1N101O01O00100N20O01O00000100O010O0100000O10O01O0001O100O010O0010O100O1O1O001O10O10O100O00100O1O010O1000O010O010O100O100O100O1O2N100O1O1N2O001N2O1M3O1Oma\Y1
20121125063154Uh_6,[Yon12lQn05kmSO3N4L1O1O1O0100O1O100O10O01O10O100O0O100O10O100O01O01O1O01000000O010O02O001O1O001O01O001O0N3O000001O001O0010O0100O1O1O1O2O0O1O1OXfPl1
20121125063154Uh_7,cQi\22WR<2jkE4bSNL^l15`SNM_l14_SNNal12]SNNdl13YSN0gl12TSN0ll13gRNA_O>km14_RN7am1L[RN5fm1Q120OO1O2O000O1O1M3N3O3M4M5jNVQNk0So1M9FglVa1
20121125063154Uh_8,ZXkg14U8Ma_13_`NMa_12``NN`_12W8O1OcVh60_iYI0PP20PPN0ooM0000010O0000010O0QP20ooM0eo=0[PB0^P<0Uo10\PL0PPJ0[PZ10eocN0ko;0UPB0]om00cPRO0ioS10WPnN0moe00TPXO0ZP>0eoC0PPN010O0A0o00Qo30nPN0A0aoM0?0O1cPNOjn12c0OePNOgn11[QNOcn10_QN0an10f01jPNO]n12aQNN`n13?4N1N34M1J6O2000O01O\QN0en10gN0bRN0_m10_RN1dn15nNJTRN4kn12[OJeQN1`n1O`QN0an10_QN0an10_QN0an10_QN0_n12e00mPNNUo13N0ZOMbQN2Vo1OZOO`QN1`n1O`QN0an10_QN0an10_QN0an10`QN0Vo1110O00000O0100Ono30SPL10O000010O0oo30QPL010O0N2000O1OQoW12nPhN2N1O100O101N1O10000`PNJUo18hPNJXo1?0O100O100O010O1O1O100O10O010000O1000O01000000IaPNM^o13cPNM]o13cPNL^o13cPNM]o13cPNM]o13cPNM]o13cPNM]o13cPNM]o13cPNM]o13cPNM]o13bPNN^o12bPNN^o13aPNM_o1:000000000000010O2N1O001O001O0000001O00001O0001O0000000000O1000000O1000000O1O2O]nm6MfQRI001O0fgbT1
20121125063154Uh_9,a[Ul21]Pj00aoWO2[PNNYo14dPNN\o12bPN0]o12`PN0`o180N2O001O10000O0100O10001N1000001O0O100001O000010O000001O000001O00000O10000O10001O01O1O00001O001O00001O0H`PN0bo1LaPN3go100NicVo0
20121203063334Lh_1,RbUn12Y3O[i10SUZ12UneN3L5J5M2N2N2N2N1O2M201YQNWOTn1j0jQNYOUn1g0jQN\OHFYn1o0nQN^ORn1b0mQN^OSn1d0lQN\OSn1e0kQN^OSn1W1O2O1E:01O1000000O11O000O101O001O001O1O1N102M1O2N1O100N2O1O1O1O1O010O100O010000000O1000000O10O1O0010O0010OO1001O01O010O100O101N1O1O1O2O0O2O00001N2O001O1O1N1O2O0O2O0O2O00000O10001N1O101N1O2N2O2AcPN6go1Kfn[1O[_Zf1
20121203063334Lh_2,cedT23`4Nlf10\UX18mngN3M4N0020O00O100000O11N01001O1O2N2N2N1O1O10O1O01OO10O20O01O01N20OO10001N100000100O0010O2O0O0010O001O1N100O2O01O9G1O100O11M1O1O1O1O001N1O1O2N2N2O00001O001O0001O001O00000O100010O0001O010O10O1O0O3M2N2N3MnVec1
20121203063334Lh_3,^^k[22a3Okh10lUT1<XmkN5L2O2M2O1O2M2O1O2N1N3M2N2O1N2O1O1O1O1O1N1O2O1O00001O001N102N1O2O0O2N10001O1O1O1O1O001O1O001N1O100O10O00000O2N101N1O2N2O1O101O00001O001O001N2O000O1O2O0O100O1O2N100O1O2BbQNVO`n1i0<00O2O1O1ZOUQN4_o1L2O1O4LYnS10YcdZ1
20121203063334Lh_4,nXcP35Z8NT_1OY_\11TicN6J4M2O1N4M1YM^OnUNd0oi1]OQVNd0ai1I_VN8^i1JbVN6]i1KcVN5[i1NQUN[Ob0f0\j13mTN]Od0?_j19gTN[Oi0<`j1>aTNXOm0:bj1c0ZTNVOT16bj1\1]UNeNcj1\1ZUNeNgj1\1VUNfNjj1[1SUNgNmj1Z1QUNgNoj1\1lTNfNTk1]1hTNdNXk1`1bTNbN_k1`1\TNbNdk1b1UTNaNkk1i2100O1O1O1N2O001M3M3]NPTNQOUl1f0XTNSOjk1k0]TNoNek1k0dTNPO^k1n0gTNnNXk1g0XUNUOij1g0^UNUOcj1g0\2N4K6J6Jkne0OWQZO6L1N4K5M1M2O01000001O1O1O1O1O100O2O0O010O1000O1000O10001N2O1O1M4MXP8KmoG2NO]n[1Mjhhd0
20121203063334Lh_5,_]Yd11oo10RQn02PooNOho18L2N1O2O0O2O0000000000O100000000O1000000000O1O00100O00001000O10O01O001O01O0000001O010O001O0010O001O001O10000O100O10000O10000O101O000O1000001N101N102Ldok0OPcRT2
20121203063334Lh_6,WcjP11jPf02Po[O6K4M4M1N10001OO0101O1N2N1N2O1O002O1N2N105L0O001O001O1O0100O001mN]QNh0on1M2O2N2N2N3M2N1O1O1O1O100O2M[[ak2
20121203063334Lh_7,l_XP13j5OWd1O^Y\13\lcN6J7J000O010000O1O0O2OZQNDjm1;VRNGhm19ZRNGdm1:]RNFbm19`RNG^m19cRNIZm18V12O0fQNBQm1?X10hQNAnl1`0Y10O1lQN_Oil1b0Y12N1O2mPN]Ogn1P1M2N3KIcQNSOYn1m0jQNTOPn1m0URNTOTm1KkRNT13ROol10fRNP1=POnl1[1USNdNll1Y1XSNeNgl1[1\SNcNbl1]1bSNaNek11PTN\1Sm1gNjRNY1Vm1iNhRNV1Ym1mNcRNR1`m1PO\RNQ1dm1ROYRNl0km1UOQRNj0Rn1`03M1O2O2M2O1O0O1O2O1N2O1M3O1O1O010O1O100O1O1O1O2N1N2N4L3N3M3M3L5K^nQ1Llaof2
20121203063334Lh_8,\g^l02Y3Ohja0=UR^OInn1f0O2N1O1O1N2N1O2K5L5I6I7L5L3O001O1O0010O000000001O000gNfRNLZm10mRNLSm11USNKjl13^SNH`l17gSND_l1KQ2OPXkP3
20121203063334Lh_9,ighe11ZPl02boUO2O1N102M1010O01O00001O010O00010O0010O010O010O010O010O00100O0100O010O100O100O10O0100O10O10O10000O0101N10O0100O10O10O002OO01O1N2O2N1O1OjVSU2
20121206063154Uh_1,agTR22b2Oekm07`QTO4L2N2O1N2N2O1N2N3M2M4M2N4M4K3N1O0O2O1O001O1O101N2O01\NgQN]1bn1L3M2O0O2N1O1O1O1N2O0O2N2N1O1N2M3N2N2N101O1O1O01O0010O000010O01O1O1N3K_Woh1
20121206063154Uh_2,ai\[32[4O`hi08aRXO<M2N3N01O00001O2O0O11O001O2N3N0O11N01000=B3N0000002N11N2N1O2M3N1O3N4L02N4K13N0N02O1N4NO1N3L2N2M3M3M4K4K^S_`0
20121206063154Uh_3,ZUYh02no1OlQZ13QneN2N1O1O1N2N101O000000O100001O001O100O00100O000100O0010O01O1O10O010O10O0100O100O1O010O1000000O10O01000000O1000O0100O100O1000000000001O1N101N1O1O2O0O101N10000O101O00001O1O1O001O010O1O002N00100O001O1O2N1O1O1O001O1O001O00ZOfQNFZn19hQNFXn19lQNDSn1NhQNK;4mm10iQNK<4km10mQNG;7im11dRNN\m1MoRNLSm12nPZ1MYkVl2
20121206063154Uh_4,hVoU12k2OWj10m2000\QT32ankL2GNbPN2]o1OcPN1[o11ePNO[o11dPN0Zo12fPNNZo13ePNMZo14fPNLYo15fPNLYo16fPNJYo1>10O1O1O10O10000O1000000O100O100000O010000000O1000000O2O000O100000000000000001O0000000000O10000000000O2O0000000000001O0000001O0O10001N100N200001O002O0O00001O00011N003N0O01O01000O0100O2OO0100O00100O10O0100O001O001O00010O000000100O001O100O1O1O010O001O00001O0001O01O000001O01O1O0010O0001O01O00000010O000001O00010O000000010O0000001O000000001O010O000000001O0000001O01O01O0000001O0000O10000001O00000000000000000000000O0100000O01000O10O10O010000O10O0100O001O1O10O01O10O010O01O001O1N2O1O^nU3KPk`P2
20121206063154Uh_5,VhjQ11VPb01go_O3M2O1O0010O0001O000000001O00001O0100O100O0100O001O10O010O1O010O1O10O0100O010O1O1O001O2MRWij2
20121206063154Uh_6,[e^b01oo10WQ^12fnaN1O1N3N1O1O2O001N100O10000O1O100O100O10O1000O10000O10O10O010O10O001O1O01O01O10O0100O10O0100O010O10O10O1000O01000000000000000000001O000000001O00001O0O2O001O000000000O10000001N10000O2O0O10001O0O100000000000O10O100000O0100O010O10O10O10O10O10000O10O01O1O1K]PNLeo125Nho[1OP[SQ3
20121206063154Uh_7,odnd22^3OfiW14eRjN4M3N2N2N2N3N6I2O00O2O00001N2N101O2N1O0010O00010O01O0001O00010OO10O100000O1000O100O010O010O01O1O00001O1O001O0O10001O0010O00000001O01O0000010O1O1O1O010O1O10O01O1000O01000O100O1O1O1O100O1O1N2NYmo0Jo]gQ1
20121206063154Uh_8,R]Wf02fQl0O\nSO0ho16N1O100O10000O100O10O1O010O010000O10000O01001O00000000000O1O01O001O010O10O01O01000O00010O01O10O00010O01O010O00001N10000N2O1O1O01O101N101N2M1F^PN7go1N3Lfog0O\cfR3
20121206063154Uh_9,R`cn03\3O\N1lh10hXNO\N1lh1OeZNO[e11Z5O10fSb44`l[KL^o1>M2N1O2O0O2O001O00001O001O10O01O1O1O010O000010O000010O01O1O1O001O1O00001O001O001O0000001O000000001O000000000000O0100000O010000O010O10000O10000000O010000000000000000000O01000O100O1O1O1O001OO101N11O01O01O10000O10O10O1000000O10O1000000O10O10O1000O10O01O001O1O001O010O0100O10O0100O10O0100O0010O00001O010O0O200O001O001O1N1K6M200O1001O0O100000010O001O010O1000O0100O100O100O100O100O1O100O100O100O10O10O01O0100O010O001O010O00000001O001O1O001N2N2O010O10O10000O1000001N2O1O001O001N101O001O1N10001O00000O1000000000000000000001N1000000000000000O10000000000O010000000000000O1000O10O100O10000O010O10O10O01O1O100O1000O010000000000O10000000000000000000000000001O0000001O0000001O0000000010O00001O01O01O010O010O1O10O10O20O05J2O0O1O1N2I]PNOima4NSR`K0n_ZQ2
20121206063154Uh_10,ndhd22U4Obha10ZS`N00000do?0\P@0O01010bPN0hn10WQN0]o10]O0VQN0in10WQN0in10WQN0jn10c00cPN0in11VQNOkn10UQN1jn1OWQN0in10WQN0in10WQN0in11c00cPNOjn11b00101O00O1000O10O010PP20QP20_P`00`oC0ooG0QP40ooK010000000O01000PP20RP40noI000O2]ONUQN2kn1NTQN3ln1MSQN4mn1LRQN5mn1LRQN6mn1JSQN7ln1ISQN8mn1HRQN9nn1GPQN:Qo1FmPN<So18010O1O100O010O1O010000O010O01O1O1N3M2O2M3Nel[1Jc^co0
20121216154954Bh_1,XgPQ12m3OSh10gTV14SoiN2N2N2O1N3N1O1O1O001O010O001O10O11N10000O2O010O00O10000O101O00000000010O000002N3M2N1O1O1O001O0001O0000001O001O1O1O2N1N2O1O1N100O2N10O01O100O10O01O1O10O10O10O010O0010O1O01O01O00100O001O1O1O1O1O1M`Uag2
20121216154954Bh_2,Vl\b22^P`00^oA8I5L1O2O0O1O2N103[QN\Ofm1i0QRN\Onm1\100O0100O2N1O2O1N2N1O2N1O001O001N2O001N1GVQNZOmn1c0;L4K8FbRkZ1
20121216154954Bh_3,eeVS13T5Nde11V5OQQP21mnoM4L4N0O2O1N101O000O2O0001O000000001O00000000001O01O00001O011N00100O01001N10001N10100O0O100000O02O0O10000O101N01000O10000O100O10O010000O010000O10O01000O010O01000O1000O0100O100000000000O100000000000O1000O10000O10001N102M2O1N2O001N2O00O02OO100O10O10000O0100000O10O10O100O010O100O1O1O10O01O100O001O00100O00100NZVo`2
20121216154954Bh_4,m]^R23d5Ocd10_[NOad11lWR35dmmL4M2M3O0N3O1M3N1O1M4N1O2N1N3N2N1O2N101N100O2N101N2N101O0O2O001N10001O00000O2O000000001N1000000O10000O100O10O10O10O100O1O10O01O1O100O1O1O10000000O1000000000000O10001O000000000000000000000000001O00001O001O00001O00001O00010O001O01O01O00001O01O01O001O001O010O001O00101N011N00100O1O010O1O010O010O100O100O010O10000O010O1O100O0010O010O0001O1O010O1O00100O0000100O010O1O011N011N100O101N1000O0100O11^MSSNm1nl1QNUSNn1ml1kMYSNT2Zm1O2O0O1O100O1O001O001N2O001N1O2O000O2O001N10001N1O2O0O1O101N1O1O2N2O0O2O1M202M2O1N2O1O1M3O3K4AfPN4bkW3KVTjL000SbcW1
20121216154954Bh_5,\j`_34n6Nna1O\Xl0=VnSO7K6K4L4M2N3N2N3L2O2N100000O100O101O01O2N2M3N2N1N100O10O001O101N1O3M2O2M2N10000000O101O2N3M2M2O1O1O1O10O001N101N2N3N3L2N3M3L3N2N2M3M2N2N1O2N3L5I^jk0FoUTO1cUm9
20121216154954Bh_6,knfQ12ZPj04_oWO4M1O1O1O1O00001O001O1O001O1O001O1O10O0100O101N0201M3N10O00006I2O0O010O01O1O010O1O1O001O1O00001O002N1N2O2M3M3Lhoni2
20121216154954Bh_7,Rdon12h3O]h10UU^14`naN3L3N2N2O1N2N1O2N1N2O2M2O2M3N100O2O1N101O1N2O001N2O1O1N10001O1O00SOmQNNRn1ORRN1nm1MTRN3km1KXRN5hm1H\RN7cm1G`RN9`m1EaRN<bn11OO10O010O010O010O1O01O01O001O010O01O00100O001O10O01O10O00010O010O010O00100O010O100O1O010O001O1O010O1O01O01O0001O001O1O1O001O1O001O0O2O1O1O1O001O1O4IPmW1OR_fe1
20121216154954Bh_8,ZYcY33W4O]g1OhWZ15]leN2N2N2N2N2O0N200N3N1N2O001O0010O0010O000010O00001O1O00001O01O010N101M201N10O100O2N10000000001OO101OO02N010N3O0001O010O001O01O01O001O001O0O2O0000001OO010O1O10O100001O00001O001O00010OO101O1O1O1O1O1O1N3M2O2M3N2LcRn0MdnQOOeJ0eXN1[g1ORXN5\LLcbX=
20121216154954Bh_9,X^lP11oo100000nP\31oncL5L2O0O2O00001N100000000O1000000O100000000O10000O100O100O100000000O010000000000000000000000O100000000000000000000O10000000000000001O000000000000001O0001O00000000000O1M3O100O10001N10000000000O1000001O000O100000001O01O000001O000000001O0001O0000000000001O000000000O2O000000000O2O000O101N10000O1O1O2O00000O10001O00000001O000000010O0000O100000000001O000000000000001O000000001O0001O0000000000000001O000001O00000000000000000001N10O10000000000000001O000O1000000000000000000000000000000000000000000000001O0000001O1N6K2M1OQoW4OQQhK000haoV2
20121216154954Bh_10,i_mn14i8OW^1Nh^`10Pj_N0`PN1Zo10iPN0Uo10mPN0Qo10QQN0ln12UQNNhn13ZQNLen14\QNN`n13bQNL]n14dQNL[n13gQNNVn13lQNL\l14[TNO[OMVl1;[TNHALQl1g0UTN\OMMik1k0XTNYO0L_k1U1_TNPO2K[k1[1`TNjN^l1_1]SNcN^l1c1`SN]N]l1i1`SNXN^l1l1_SNUN^l1W2VSNkMil1g2M3M2O2O1N101O1O1O1RUNbLZi1^3iUNkLNGXj1^3gUNoL1CVj1`3gUNoL3BTj1_3gUNRM5_OTj1_3dUNVM7[OTj1_3cUNeLK9>CSj1`3SVNhLKHQj1V3bVNoL^OJoi1P3lVNUMTOLPj1k2QWNXMoNLPj1]2aWNfM_NNoi1V2hWNmMYNLPj1m1QXNVNoMMPj1X1gXNkNYMMPj1U1iXNnNWMNoi1R1lXNQOUMLPj1P1nXNSOSMMPj1k0PYNXOPMNQj1f0QYN]OmLMTj1a0SYNAjLMYj18QYNKfLN`n12aQNM_n13aQNM`n13`QNM_n13aQNM`n13_QNNan11_QNOan12_QNMbn13]QNMdn12\QNNfn11YQNOgn12YQNMhn12XQNOhn11WQNOjn11VQNOkn1OUQN1kn1OUQN2kn1NUQN2jn1NVQN3jn1MVQN3[o1010O10000O0100O100O01[OM\QN2Yo110O10O0100O00YOO_QN2`n1NaQN1_n1OaQN2^n1NbQN2^n1OaQN1`n1N`QN2`n1O_QN1bn1O]QN1cn10\QN0en1O[QN0gn10XQN0in10VQN0kn1OUQN1ln1OSQN0nn10QQN1_o1000000OgX`h1
20121216154954Bh_11,[bmn13i5OYd1OnX`10ml_N0nPf10Vo[N0Un=;WQ@401C;2N3N20001O10001N1O\RN]Omk1b0j1M3L_R6E\ne00coSO0QP200000ooM0QP40ooK0ZPX10gogN00000;0ao31VkU1Obbbe1
20121220110614Th_1,VTk]21aPl03[oUO2M2O0O10001N10001O000O10000O2O000O2O001N100QQN_O_n1a0`QNA^n1`0`QND_n1;aQNH\n19bQNI]n17bQNK]n15bQNL^n15`QNL`n16]QNKbn1i0100O100O2N1O2M3N3N2N2M2O1O1N3N0O2O0O2N1O100O100O1O1O1O2N2Noj^]1
20121220110614Th_2,d^bj21oPb03hn_O:G7L4L1O0O2O0NGRQNFmn1:VQNCjn1<YQNCgn1;\QNCdn1=_QNAan1=a001O1O0O2O101O0O100O02O00O10000000O10001O2O0O01N7Hn`]R1
20121220110614Th_3,UQ[h11TP>4goC3N0O10O100O01000O01000O0100O010O01001N10001O00O2N100O2NPn\U2
20121220110614Th_4,Qflb21bPl01[oUO2O001O0O100000001N100O1LI^PN8bo130O1000O01O1O001O100O10O1000O10000O1000000000000000O101O00001O0000001O01O01O1O1O010O2N010O0100O001O1O1O1N`YQX1
20121220110614Th_5,Y_Wd031S2em1lMX2O100000PQP43knoK2O2O0O101O00000O10000000O010000000000O100000001O0O10O10000000000000000001O0001O000000000000000000000000000000O10000O1O100O1O100YQN_Onm1b0RRN^Onm1b0RRN^Onm1b0RRN^Omm1c0SRN]Omm1c0SRN_Okm1a0VRN_Oim1a0WRN_Oim1a0WRN_Ohm1a0ZRN]Ogm1c0k0000001O0000_QN^Odm1b0[RN_Oem1a0[RN_Ofm1?[RNBdm1>\RNBdm1>\RNBdm1>\RNBdm1=]RNCcm1=]RNCcm1=\RNDdm1<\RNDdm1<\RNDdm1<\RNDdm1<\RNDdm1<]RNCcm1=]RNCcm1=]RNCcm1=]RNCcm1=]RNBdm1>\RNBdm1>\RNBem1=[RNCem1=\RNBdm1>\RNBdm1>\RNBdm1>o000001O001O000O1000000000001O0000000000010O0001O001O1O00001O000010O0000000001O00000000010O00000001O000000000O2O0000001O00000000001N10001O0000001kPN@hn1`0WQNBhn1?VQNCin1n0M0O00010O01O0010O01O1O100O1O1O2N001O1O1N2O1O1O1N2O000O2HgPNFZo1:6O1O10000001O00010O0000000001O00000000000000000000000001O0000000000000000000000000O10000000000000000000000000O10001O00000O101OO10O100000O10O10O100000O0100000O01000000O10O1000O0100000O10O10O100000O1000000000000O100000O1O00100O10O10O10O1000000O10000O100000000O100000000O10000O101N010O100O1O100OnnW40SQhK00000g`d\2
20121220110614Th_6,jXgT14S5Nggc09iR^O=D6J6K6I6J3M3N1M3N2NhNRRN^O4h0hm1JdRN4Ym1LjRN3Qm10RSN0al1;`SNEYl1`0iSNASl1a0nSN@nk1b0STN_Ojk1b0VTN@hk1?XTNDfk1;[TNFek18]TNHbk18_TNGbk17aTNH_k17dTNH[k16kTNEXk17kTNHWk1]OWSNb0e1O[k1NgTN2Yk1JlTN4jj1@ZSN056k19dj1GnUN8Pj1GVVN5hi1J\VN4bi1LaVN4\i1MfVN4Wi1KkVN5Ui1JlVN4Wi1JkVN3el1KmbRh2
20121220110614Th_7,dPm923717N23_Oom10jRd03dn[O;M3dPNCmn1LRQNm0ln15O1N2O00000O1000000001O01O00BYQNCgn1NZQN021cn1O_QNMN3dn1O`QNLN4bn1ObQNLL5bn1NdQNKK7an1OcQNJL7an1OcQNJL7an1OcQNJL7bn1NbQNKM6bn1MmQN3Un1JlQN7on1OO10000O1O2N2O000000O100O1O10O0100O010O1000O10O01000O10O100001O010O1N2O1O1Njng0MfPa_3
20121220110614Th_8,gX_S13Y50Xe1O]5OoQV20koiM0XN0QN0mSN2nk1OUTN0^k1;dTNGVk18PUNGkj12aUNOYm1O1OVOOeQN1Vo100O0000O1kMO[SN0I0fk10hUN2Tk1OlTN5oj1NQUN1mj12kRNIb00l02ek1<Y22oPN@\10hN0lk16dSNJ056Kf10cN1lk13kSN9i1E_NNlk14kSNOW22nMLnk12lSN0\22hMMnk10nSN1a20cMOmk1NPTN3b20bMMSl13]VN0hi1MbSN3h2O\MNok11kSN1m20VMOSl15iVNOoLMZl1NeSN0V39_l1OdLHTWN5lh1LUWN3jh1NWWNOkh10WW<4XlC000O10Jno94SPF2M3O1N3N2M2O000001O000O1000000O100O000010N101O100N11000O10O10001N10000O2O000O10000O10O1000O100O00100O10O10000O10O0100O10O10O10O01O0O20O2O1O000O101O000O101M2Ogcfa2
20121220110614Th_9,RWUo06g;2TX1NlgN2TX1LRhN0nW1OVhNNjW12VhNNjW11S<O10SZR80memG0C0jPN0Vo10jPN1Uo1OkPN1Uo1OkPN1To10lPN1Ro10nPN0Ro10nPN0Ro1OoPN1Po10PQN0Po10PQN0Po10PQN1on1OQQN1on1OQQN1on1OQQN1on1OQQN1on1OQQN1on1OQQN1on1OQQN1on1OQQN1on1OQQN1on1OPQN2Po1NPQN2Po1NPQN2Qo1NnPN1So1OmPN1So1OmPN1So1OlPN2To1NlPN2To1OkPN1Uo1NlPN2To1NkPN3Uo1MkPN2Vo1NjPN2Vo1NjPN2Vo1MkPN2Uo1OjPN2Vo1NjPN2Vo1MkPN2Vo1NjPN2Vo1NjPN2Vo1NiPN3Wo1LjPN4Vo1LjPN4Uo1MkPN2Vo1NiPN3Wo1LjPN4Vo1LjPN3Wo1MiPN3Wo1MiPN3Vo1MkPN2Vo1NiPN3Vo1NjPN2Vo1NjPN2Vo1MjPN4Vo1LjPN4Vo1LjPN4Vo1LjPN4ao1O010000000O0100000O100000O100000000O010000O01000O010O1O10O01O10O10O100OPP20Pog03kPVO5N0N2N110N01010N01O20N01100O0O110N1O200O1O100O01O100O010000O0100O0010000O1N20002K304JfnQ20\QnM0N3N100O1IK`PN7ao1I_PN7_o16N2O010O1O2O000O2O000000000000000000000O1000000000000000000001O00000000000000000O2O000000000O100000000000000000000000000000000O101O00000O1000000O100000000O01000O1O100O1O101K4N20doc01YP\O3O0O10000O1O100O10O10000O10O10000O10O10O010000O10000O0O200O1000OO1100O00100O1O100O0001O10000N200O1N200Nho?1VP@300N2O10000O1000000001O0O10000000000O100000000O01000O1O10O10O0100000000O1O1000O0100O01O10O1O100O011O002M2O0O5K1000O0100O1O01000O01000O1000000000010O00010O000001N101O1N103L3N001O1M202Mfke:M^TZE00001mhZa1
20121229085414Th_1,f\Qo02Z2OUmk03cPTOMfo17O1O1M3N10000000O100O101O1O1O01O1O000O1O1L5N1N2N1001N110N3N1O2O1O1N20O100000O100O1O1O01O01O0000100O1O2O000O1Onbbl2
20121229085414Th_2,kZa`22]2OSk10VTR15RnmN3M3N2000O1O00000001O001N3N000O1O100O00001N2O2N1O000O0L51O1O101O4M1N001N2N101N101O0000000O100O1O10O100O100O001O0O1000O1000O10OO2N2O1O1O2O001O10O1O0O2O1O0O101O100O2N100O1N2O2N1O1O2N2Naok0NbPTO0Ue`W1
20121229085414Th_3,[[an02m3OSh10]WR10blmN1J52KVPN0mo100OF0fPN0Wo10<010000000_PN0So10k00C00000001000O0D0iPN0To30nPL0dn;0kPJ0RP20^PH0Vo10\P20QPN000]PN0Vo10=00000no30QPL0PP40QPL0XPN0_o12`PNN[o1761^PNH\o18cPNI]o1<010002M1O1M11N10_OLVQN5mn1>2O1O0000000O2N3M3M2O10O2O00O1O2N1O2N3L4M2MZcbj2
20121229085414Th_4,\Uk^24l8NR^11PbNNP^10g`T32RhkL7O01N101O2M1O100O100O01O100001Ooo1OQPN0O2O000010O101O000O01O100O1000O10000O010N11BOlPN1Uo1OkPN1To1OmPN0To10lPN0So10nPN0Qo11>00000mo5OTPJ0aPN0nn10a00aPN0_o10no30SPL0O10O10O0no10\O0fPN0PP20dPL0in11c00I8hPNGfn1:=3N2lPNBdn1`0[QN_Oin1`0UQN@ln1`0SQN@nn1;lPNG5NPo19nPNI0NRo18PQNKUo14nPNJRo14=01O1O1OWP:1goE2O10KXPN1io1OWPN1io132M2O\oe03_PZO20N3Lnna04QQ^O2N1O3ZPNJ\o1?O1N00O2O1N101N1O1O1000O01000O100O000L5O1O1O10O01O0100O0O20OO101O0000O100O101N110N001gNAQSN`0Pm1BmRN?Sm1BjRN?Xm1R12O1AnQNmNUn1Q1mQNnNTn1Q1nQNkNUn1U1kQNjNWn1U1;O\QNlN^n1S1_QNnNbn1W11O2G]QNQOen1n08L4L3O1O2M2N3N1N5IVnc2KSR\M1cjbn0
20121229085414Th_5,YXYi21`Pb00^o_O3N1O2O2MO4M1O1O1O100OQP20PPN0oo=0PPB0lo10TPN0Pg^T1
20130104104234Ch_1,oUik12R4Ojhe14nR\N2N1O2N2O00001O0O1000000O10001N100O10001O0000010N101O1O1O2N1002WOjPNc0[o1O000O10O1000000O10O01O1O1O1O010O2O0001N20OO2O001O001O000O001O100O10O1000O1O0010O010O011N100O001O1O0010O01O1O000000001O001O00001O000000001O001002N7I0O1O100O10O100O102M100O1O01O1O1O002N2N1001OO2N2N1N2O2Ldl_1O`mRg1
20130104104234Ch_2,Wf^n22Z4OShm07ZSTO2N2O001O1O1O1O1O10000O1001N02N2M4L7I3L2O100001O2N2N8K1N2M3N00O100O2N10O1O0O1001O:E01O001N2O1O00001N1N3N102O011N1O0002N3M5K4L0010N2O1O001O0O2N3M5K2N1O2N2M4K`lk0L_]ki0
20130104104234Ch_3,^\oi22]3Ooie0<TR\O7J3N3M3M4M2O2N1O000O1N2O2N1O1N10TOcQN7Zn1ImQN1Rn1OSRNNmm10WRNNjm1NYRN2gm1K[RN5fm1F_RN:dn11O1N2N2N000001O0002N3N0O4kPNVOln1o0001MJWO[QNf0gn1XO_QNc0To1I6JSabR1
20130104104234Ch_4,fd^Y23R4Nehe0>gR\O<E8I3M2O1O1O10O00102N1O1O1N3M3M2N2O1002M01O1N1O100O0100O011N2O01O6J10O2M2O1O200O1N104LO2M2N5L4K3L4LTXeb1
20130104104234Ch_5,WcVY21oo10VQR11gnmN3N3M1O1O1N2O1000O0100O01000O010O10O100O01O00100O01000001N1000000010O0O1000001O0000O0100000000O100000O01M3N101O1O1O10000O100001O1O103L2N001O00001O01O01O00000000001N2O1O3M1N2OFNgPN1fnU1Mj]g]1
20130104104234Ch_6,^`i^11oo10hPX19kngN5N2N2N100O2N1O2O00000O010000001O0O2O001N110O010O001O1O0O4M101N1O0001N100O2N2N2N10001N101O1O001O001O0000001O0000000010O001O1OO100000000001O00001O01O0O1000001O000000001O001O001O1O001O000O2O001N101O1N2O001N2N2O1N1OinU1Ok`fV2
20130104104234Ch_7,h^_j12no1OdQ\16UncN3M2N3]OG[QN;dn1a0O3M2N2O0O2O00002N00O2N101N4M3L5L1O001O10O001O0O100001O001O2M2O0O10000000O10000000000O100O10O100O100O2O0O2O000001N010000O0100000000O10000O1O0000001O001O010O01000O0100000O100001N101N10001O001N102L3O1N2N2N1O1NnnY1M_b`j1
20130104104234Ch_8,[PiZ12l3Ohi=8oQD7L3M3N6I`0@5K3K4K4I7J8L6K5M1N[NPSN;Pm1DQSN<Pm1CQSN;Qm1FnRN8Tm1FkRN:Zm1AeRN`0]m1^OcRNb0^m15`RNTObm1g0jRNlN]m1h0U1K7I5K7H\nnb2
20130104104234Ch_9,fbZP12f3Oaj96\QH8G9F9K6I8J7I6KlNYRN5cm1CkRN>ml1AZSNa0_l1_OgSN?Vl1@oSN=Ql1BQTN<ok1DSTN9Pl1DSTN9Ql1CRTN<Pl1_OTTNa0fm10O10N3L6HfZmm2
20130104104234Ch_10,a^k[12no100O10fRl31WmSL4M2NKQP^2NXPfM0ooK010O1O0010O01O01O00010O000000iPNO`n11g0000000000000000jPNO]n11cQNO]n11j0O00jPN0\n10j0001O0jPNO]n11cQNO]n11cQNO]n11cQNO]n12bQNN^n12bQNN^n12bQNN^n12bQNN_n11aQNO_n12`QNN`n12`QNN`n13_QNMan13_QNMan14^QNLbn15]QNKdn14d01O000gPNKgn16XQNJin15WQNKin16UQNKkn15UQNKkn16TQNJln17RQNJnn17QQNHPo18PQNHPo19nPNHRo19lPNHTo19kPNGUo1:iPNGVo1:iPNGVo1b0M3M3M3O0O110O01O1000O01O1000O01O10O01O1O00100O10O0100O100O01000000000000000000O1000000O10O100000O10O10000O10000O10O10O1000O0100O0100O01000O010O010O1M2K6O1O001N1N3L^OdQNH[n17hQNGXn18jQNHVn16mQNIRn1FeQN8;1Qn1F`RN:_m1FdRN8cn1O1O001N10002N00O1O010O1jNL`RN4am1N[RN2gm11URNOlm11SRNOom1OQRN1Qn1NnQN2Tn1MlQN2Tn1NlQN2Un1MlQN1Un1OkQN1Ro1000000O1000O100O01000YOO_QN1an1O_QN1Xo1O10XO0`QN0`n10`QN0`n10`QN0`n10^Q:0ZoE0O0[O0\QN0dn10[QN1en10ZQN0fn10ZQNOgn11YQNOgn11d0OfPN0en11e0000ePNOgn10ZQN0en11[QNOen11[QNOen11[QNOdn12\QNNdn11]QNObn12f000O00iPNOan10_QN0an10_QN1`n1OaQN1Vo110O0100O0100O01000O10000O10O010O010ao?0`P@0O000UPN0fo142Nfnc3N]Q\L00000_aVi1
20130104104234Ch_11,b_Wl03o44`KOci1Lh[N0Xd10i[NOWd10m50_TV42^kiK2N4L2O1O1N10001N2O000O2O0000000O10000000000010O0000000000000001O0001O0000000010O0000000000000000000000000000000000000O1000000O101O000000O100O10000O1000000000000000000000O100000000O10O01000O10OO2O001N1O20O1000000O1000O010O010O1000O01000O001O0010O00010O0010O10O0100000000O1000001N10001O00001O00000000001O01O00000000000000000000O1O00100N2O001O0010O010O001O100O1O010O1O100O2M3N1EePNO^o1M<N2O`o16YPN4M6I3N1O1O001O10O0100O10O100O1O1O1O1000O010O000100O100O1O1O001N2O1O001O100O001O100O^OLZQN4en1NZQN1gn10XQNOhn13WQNLjn14WQNJjn17>2N2OF`PN5^o1JfPN5Xo1KjPN4Vo1KoPN2on1NSQN1ln1OVQN1in1NYQN1fn1O[QN1en1O[QN1[o1O00PP81ooG0000100O010O01O010O001O010OQP20PPd10ooYN0RP>0noA0dm_60jbbn1
20130104104234Ch_12,WQmZ12_P<0]oE11O10Zn^d2
20130110085614Th_1,ofhk03f6O_b1OTZP23_loM6L3QOMmQN7lm1S1^OaNZRNf1cm1>N3L4L2N2O1M3N3NVNoRNf0ol1PO^SN1@5Pm1IcSNME7gl1JgSNCNc0Zl1IfTN6[k1HgTN9Wk1FkTN:Uk1EmTN;Qk1DRUN;nj1DUUN9lj1EVUN;ij1EZUN9ej1G]UN8cj1G_UN8`j1I`UN7_j1IbUN6_j1HcUN8\j1HfUN7Yj1HjUN8Uj1GlUN>oi1_OVVN`0dl111O0010OO011OO10000O1000O10000O010000O1O01O2OO11O1N4L100O1O1O01O0000010O01O010O0001O1O0000000000000O1000O001O000010O1O01O00101N10000010O00001N2O0OO001O01O1O100001O01O1O1O1N201N2N1O01O1O1O1O100O1O1O10000O100O010O001O1O1O001O100O2N1O1O10O01O001Odkc1O^T\N0nXaf2
20130110085614Th_2,\\bS25m8LP^10R^R15iimN2^QNM64Vn1a0eQNCVm1IdRNV2Ym1:M3L6K4M4L4L6J6gSN_Lik1W2cTNkNYk1MdTNROn0m0\j1N_VN0^i11fVNOUi13nVNKoh16TWNIjh18WWNIfh19[WNFch1;_WNmN_M>Pk1e0PXNXOmg1i0UXNYOgg13WUNJU33ag1O_UNMS33\g1JgUN2P36Ug1DSVN2j2:Sg1_OXVN5g2<og1BSXN>lg1BUXN>kg1@WXN`0ek10lJ^OhZNb0Zj13N01O011N1O101O000000O11O000O100O100O1O1O1O1O001O0010O11O1OO010000000O1UQNEPn1;oQNERn1:k0O1M`hm0J\kgd1
20130110085614Th_3,WbZP32no1O[Qf10lnWN:Xo19N3M4L5J4N3M1N2KgN_QN\1^n15F90001O1OTOWRNBgm15PRN@;;dm13TRN_O;>`m1OZRNA7`0_m1MoRN3Pm1NPSNBSO<mm11YSNKmNFem1>eSNGeNKfm18nSNJVl16j1O10O10000000000000001O00010O00001O01O0O1000000000001O010O10O010O1O01O01O01O0010O001O001O0010000O01001N10O10O3N0O2N10O1O0010O011O00000000O20001O0N10000O010O1O1O2O0O01000O0101O00000000O010O[PNIbo1;O1O01O1O00001O001O003M3Lbm]1NaRbN0i]Qd0
20130110085614Th_4,R\kc22\2Oekc03jQ^O2N3M2O1O1O2N1O1N3N2N1O100O2O1O1O1N9I05J4L1N10O1004L0O2O0O1O2OOGcPNO]o10fPNOZo10fPN0\o1NePN1\o1NdPN3do110O01O000010O003L2OmabX1
20130110085614Th_5,gbT_24_6Mmb11`Wh13nnWN3N1O1O2N1O2N11O00000010O0000000O10000100N010002N3L2O1O1O2N02N4MO1O1O1O110N1O0001O1O3N00O0O10O1O1O002N1O100O002N01O010O10O2O03N0OO11O002N4M1N1O2O00O1001000N3M2OO100O2N1010O2N0O1OeQN]OZm1a0eRN_O`m1>R1OO010002O0N1000O100O1O11O2M1O1O2N1O1O0O10O10O2O1N^j_10lbcT1
20130110085614Th_6,WlPb13QTP10kkQO1N2O1O010O100O10O10O1O00001O0010O100000001O01N100O2M2O2N1O001O00000O11O00O01O101O0O1N110OO2O0010O10M201O10O1O01K4200N2O1O1O1O101NfNFoRN:nl1BPRN5o0;Pm1BoQN6h0?Ym1[OoQN8d0?]m1XOPRN;?>fm1DkQNg0Wn1;6N2N3M5L4K4M2L5J6Hmno0E]UiU2
20130110085614Th_7,^jna14l6NRb1O]\:1Wk7O]o]O000H0`PN0_o10aPN0`o10`PN0_o10bPN0^o10b00F1000OF0ePN0[o10ePN0[o10:0\PN0Yo10;1\PNOYo11<O000010YPN0\o10YP20]PL0Wo10k00QO0`00c00^O0lo50^oK0UQ20[O0\o50iPF0Qm35jRL<]RN_OQk1b0lTN_O_NORl1d0WUNB^k1?aTN[OmN0Pl1f0RUNZOfk1g0YTNYOfk1m0UTNSOik1W1[13L5L3M2NKkQNbN]1OUk1Z1ZSNhN5OTn1W1iQNhN61=Onl1U1_RNkN8080fm1b0iQN_O;0G9Zn19QRN^Oan1=e0LiNFoRN3bn1N20QTZ1Oej^U2
20130110085614Th_8,dQ]U11oo10]PZ10boeN101N101O001O001O0000001O00001O001O1O01O01O01O001O010O100O10O01O1O10O0010O01O0010O0001O0001O010O1O01O1O1O0010O001N101O01O10O010O01O0001O0001O1O01O00010O0010O01O01O100O10O00010O00001O000001O0010O00100O1O010O000010O0001O00001O000000001Oklha2
20130110085614Th_9,maki12no1O100000UR`32hm_L2XPN0]o1:HClPN?Po1:0001O0001O1O0000001O000001O00000O1000000000000001O000O1000O10O10000O01000O01O010N2N10010O010O00010O010O01000O10000000O0100O010O0010O10O10O10O10O10000O010O01O010O10O10O1000O01000000O1000000O1000000O10O100O10O100000O10O10O10000000000000000O10000000O101O00000O10000O1000000O100O1000O01O10000O1000000000000O100000000001O0000001O001O00001O0000000010O01O1O001O001O1\OPQN6Po1DVQN<jn1BXQN>Uo100000001OO10000O1O1001O001O00001O0000001O001O000000000000001O000000000001O00000000000000001O000O101O000M3O10000O100O101O0O101O000000001O010O01O001OYQNYOUn1g0jQNZOWn1f0hQNZOXn1f0gQN[OZn1d0`QNZOK4fn1a0^QNDbn1IZQN=3Kcn1G[QN>2Kjn14VQNLjn15TQNLmn13SQNNln12SQNOnn1a01O1O1O2N1O000001O01N101O002N001O002M3N1HaPNMdo1L_PN2ho101Nam[30`RdL00000S^V\1
20130110085614Th_10,_Yo^11oo10VQP13cnoN6L2N2N2O10N101O0N3L301O0010O01O1O10O001O1O000100O00100O01O00001O01O1O010000O0100000O100000O100O1001O01O0001O010O001O01O0100O10000O100O10O10O11O00O0100O10O100O01O100O1O010O10O01O1O1Oono0NdgRX2
20130110085614Th_11,mgdU11VPV11gokN5L1O1OJZPN3jo10O010O00010O000010O01O010O0010O0010O0000000000001O0000001O0001O01O0000000010O00010O00010O001O000O100000O10O100000000000000O1000000O1000000000000001O000000000000001O00010O001O10O01O010O01O1N110O1O0O3MVWcb2
20130110085614Th_12,\YQ_11oo10_QV11`niN2L4O0]OI\QN6Yo1O0001]OJXQN7fn1I\QN6Yo1O3KVO0j00PP20fo=0_PD0doK0\P<0loC0000000oo30PPN0QPN0QP60PPL0jo50\PF0co30XP20WPJ0ho1000PP20PPN0000000O010O2O1O1ELgPN3co11O010O001XPNKdo13501N1O10000001O1\ePZ2
20130206063154Uh_1,XXm`24g6N\b1Oc\\14QjcN5M2O2N1O100O1O100O1O1O100O1000O10O01N1O2N2N110O1O0001O001O010O001O001O001O0O2N2N1M2000O2O10001ON1N3M2O2N11O1O01N1N2O2O1N1N3AnNoQNT1nm1SOmQNn0Qn1>1000OJ8O2M3L3N3O1O1O0O2O010O0O2N2O1O1O101O000O2O001O0O1000000O20O01O1O101N2M3N3M4L2M3Ngn]1NTijS1
20130206063154Uh_2,T_Rl17a?McP1O^b`25Sm_M7I7K5K3N2M2O00000001O0O1O2O0O2O001O1O001O00010O0010O0001O0001O0000000000010O0000100O010O01O1O2O0O001O10O01O0010000000O2O1O2N1O000O11O01O00206H2O1N1O>C7H5M9E5L4K9G3N0000O3N0O1N4M9F=D7H5L4K7I7J3L3N01O011N001O100N3N6J;E2N3M5L1O01O2N2OO1OO101N3N1N4N4K4L10O00001O02k0SO3cRNkMgl1Y2lRNYNjl1d2K3M2N1O2N2N2N000000O1O2M2O1N1O3L3M3aNYSNgN42il1l0d1F:K5K6J7HTf[2GVkab1
20130206063154Uh_3,]b``11UQf02gn[O2O1N110O00010O0000000000000O0100000O010O0010O01O001O010O000O101O01O00N2000O2O0000000000O2O01O00O03N1M3O\]_[2
20130206063154Uh_4,egbl03b4Nhf10gUh12\oUN1kn15PQN0ln15nPNNPo1b0O1L400000010O1O100O102N1N0110O8K0O0O0000O01O001N012M3N1N3N1N3N0O1O001O00001O1O010O001O10O10O0010O10O100O10O010O100O1O100O1O100O01000O1O010O00000O2O001O1N101O1O1O1O0010O2O2N0O1O01O010O01O1O011N5L1N1O100O04J21O0000001O0O01000O100O1O2O0O2O1N3L^l_1MR\gf2
20130206063154Uh_5,V`Zn04S8Oc_1OaYf23bnYM5L5L3M2N2N2N010O01O001O01O00000000O20O0100O10O101O1O1000O1O100O10O00001O1O002O0O10O1O1O010O01O003M5L0O2N1O0O1000O1O100O2O001O000001O0O0100O011N2N2O0100O01N01001O0010OO02`QNWOfm1i0kQNEUn1<gQNHYn1o00103M2M1O101NWNQRNa1Xn10000O101QOfQN5\n1GgQN7]n1BgQN>nn1O2O2M2O0O1O100O001O010O1O0010O010O1000O10O0100O0100O10O01O10O01O10O00O100O100000001O011N10O100O1O1O002N001O00010O010001N3N00O100O2N3L3N2LXiU2MmVjM0j_ia2
20130206063154Uh_6,[dXc23c7Oe`1OmXj11QoSN4[o1:O1O10O11O1N010O01O0000001OO2O000O101O0001O01O010O1O1O1O1O001O001O1O01O1001O0O10O001O1O002M2O001N2O001O001O0001O01O010O100O10O010O2N010O1O012M2N2N2M2O101O1N110O1O1001O1N3N3M001O02O1N000O2N1N2O2OO20O1N3N1N1O1O3O0O02OO0001O01N2M200000iNaQNk0Xo1C1O0O1O10O2OO2N001N100O210N2N2Mhia1GVbWo0
20130206063154Uh_7,YejU11jP^10PPT30Zo]K0Pnm00b\Yb2
20130206063154Uh_8,V[^d13Y4NVhg06XSZO8I2N2N2N3M2O1O2N1O7PQNRO21Sn1c10O2N1O1N1O2O000O2N100O02O1O0O10oNkQN5Un1ESRN:kn1N3OO2N6J1N10O1O5K100O2O0O200OO10001000O1O0O2N3M6IWa]W2
20130206063154Uh_9,Rano01ZPl03boUO100O001a^kn2
20130206063154Uh_10,T`gk21oo10nPl00PoSO3M3N1O1N2O0GFmPN;Ro1IjPN8Uo1:0001O01O00010O01000O1O00010O01O0001O0010O010O2O3L1O00001O01O1O2N001O2O0O2N001O00001N100000000O100O010O0010O1O100O3M100O101O000001O0O2O1N2J6N5K3Mj^Tn0
20130206063154Uh_11,nVo\22o2OXlQ14`PPO6H7N2N2N101N2O0000000OO2N2N101N100O2N1O2N10000O11N001000000000O2O0001O0000010O01O0001O1O1MOO5dPN_OXo1e0O01O001N2O1O1O0O2O1O1O010O1000O1000000O1000000O100001N1O101N2M3Mahl\1
20130206063154Uh_12,`V]b11oo10lPT13onkN4M2N3N4K2O2N0O01000O10000O01000O100O00010O00010O01O010O10O010O010000O101O0O10001N100O10000O100O01000O10000O1000000O10000O10000O100O010O100O10O0100O100O01000O1000O1O01000000O10000O2O0O2NXi^V2
20130206063154Uh_13,]]QQ11oo10YP^12`P`N3Wn1NgQN4Xn1MfQN6^OFgn15iQN9Wn1HhQN8Xn1HhQN8Xn1IfQN8[n1GeQN7_n1EcQN:Ro1O0100000000O100N2O1N2O10001O00100O0000010O000001O000000000O10000O010O10O01O1O001N1O2O1O0100000O010O100O1000O010000000000000O10O1000000000000O0100000000000000O10O100000000O1000O10O10O010O01O01O01O01N1010O1O1O2N2N3LYbTf2
20130206063154Uh_14,bbee11oo10bPj15UoUN5M201N101O2M3N1O1O001O0O2O00001O00000O010000000000O101N1O3M2N1O100O1O100O1000001O000000000000000000001O01O000000001O00001O00001O00001O00100O001O01O01O00100O00010O00000001O0000000000001O0000000O1000000000000000000O100000000O10O10000000O1000O100000O100000O1000000O1000O10OJePNH\o17601O10O01O2O2Maoe1NP^lk1
20130208063134Lh_1,jW_b14c7Nd`10g7O]Vb21ai]M3N1O1O101N1O1O101N101N10000O10O10O1000000O100000000000O2O000000000000O100000000000O10001O00000O100000000000001O000000000000000000O100000000O100O010O1O100O100O01000O10O10O100O010O10O0100O010O10O10O0100O1O100O1O100O010O10O1000O010000O0100O010O000001O0O10001O00001O010N1N3L3N3M2N0OO301N1010O1N1[MVOVVNk0hi1YOVVNg0ki1ZOSVNf0ni1ZOPVNg0Qj1ZOlUNg0Uj1ZOeUNj0\j1VOaUNk0aj1VO\UNk0fj1UOVUNl0lj1VOoTNk0Sk1XOfTNj0\k1XOZTNn0ik1SOhSNX1[l1jN`SNU1cl1nNTSNV1ol1k03M3K5N2M4M7I3N2M2O3L5QOPRNEXn1BSoU20YRjM0Vh`m1
20130208063134Lh_2,l^\`15P9Nh]11[bNMe]12U9OgQ^3OYnaL3N2O0O101O1O0O100O1O2O0O1O1O10001N100001O0000000010O00011N00100O000010O01O00000100O000010O0001O1O001O000010O10O1000O103M001N2O0O101O0O10000O11O00O12M01001N100O2O0O011O00O200O10O2OO00O2O0O110O0O101O000O10O1O01O000010O0010O001O0010O02O0O0100cPNETo1;hPNJVo1b0O1N1O002N001O101N003NO010O11O01N3OOO02O1N2O001OO1VOWQN<Yo1N0O002O0O01000O1O11N10001O0O010000000O10018G1N2O1O00O11O00001O0002O1N2M4N4J10000O1000O10000O10000O1O010O000010O001O000O2O1O1N2O001O1N2O0010O01O010O10O100O001O1O01O01O00010O01O000010O01O1O11N00010O01O0000001O000010O001010N1001O0O1O2O0O1000O1O1O1O004Joii2NeW^M3\\]g1
20130208063134Lh_3,PWon22\4OUg10QXb15Wl]N3L2O1O1O100O1O1O1N10000O10000O10O10O1O0100O2O001O1O001O0000O1O110O0001O100O001O1O0100O001O1N200O1O100O1O1O00N2N2O2N10O100O1O0100O10O2O001O001O1O0O2O0010O0O2N1O1O2O00001O0010O01O0000000O100O110O001000O10O01000O100O010O1O1O1O1O100N2O3MYhng0
20130208063134Lh_4,a^oj03]40Pg1NeWj04flUO7K4L<C3N2M2O1N2M4N1O1000O001O0N3N100O000001O0O10O01M302N101O1LFhQNTOVn1l0mQNSOQn1m0RRNROlm1o0WRNoNhm1P1ZRNPOem1o0e0O2O1O100I7O10000O1O2N2N101N1O2O01O0001O1O1O1O1O1O001O1M4Mk`lo2
20130208063134Lh_5,UhVn02]Pj01_oWO2N1O2O000O1010O0000001O00010O001O01O001O010O1O1000O01000O10O1O010O10O0100O10O1000O010O2O2N0O5L3L3N001O0O1O0010O1O1O3M4L;D4LRVQm2
20130208063134Lh_6,chjg12j2OYj10l20dPd10[o[N2O0O2O001N101O001O0010O01O1O001O010O10O10001N02OO0100O00010O00010O0010O01O100O6J5L2M100O1O1O002N001O1O001O00000001O00001TO]QN9dn1E]QN:Vo1O001O0000001O0000001O0000001O000000000000000000000001O000O101O000O2O001O00000O101O00010O001O10O10O11N001O0000000AaPN<bo100O01N2O1O0100O0100O0100O2O00001O000O2O00000O2O000O2O0O2N2O_Uol1
20130208063134Lh_7,m_nd25f?0ZP1Mbbd23Wm[M;F4M1O2N1O00001O01O01OO20O01O1O0001O000O101O0O3N1O1N101O1O001O01O001O001O001O00100O1O010O20O002M4M1O1O3M6J5K5K7J:E10O1O1N1O1O2O001N2O1O11OOURNYN]m1h1]RN]Nom1e12M1O001O001O1O010003M30ON01N2N10O01O11O0O011O0O010O013M1N1O10O0O101O1N2O1N3N2M3NoSN^Ndi1`1YVNfNfi1Z1TVNZO]i1f0`VNA]i1>`VNF_i1;]VNHdi18WVNLji14nUN3Sj1NcUN;_j1EUUNf0jj1\OoTNi0Qk1ZObTNR1\k1j1001N2O1M4N0O1O1N4N2M3M7ZM\TNb0gk1SOaTNl0kk1bN\TN]1Um1O3M3M2O0O10000O2N3L4M3M9G4L2N1N1O2O4K3M4LjbS2MY]lM0S`Ql0
20130208063134Lh_8,lbQV21oo10cPd12Zo[N1O2N2J6O0O1O100O10000000000000000001O00000000001O00001O001O001O00000000000000000000O10000000001N1000000001O010O00100O1O10O001O0010O01O1O100O1000O010O001O001O00001O001O00001O00000001O00010N100O1O2O0O100O1O1000O01000O100O10001N100O10000O2N101N1O1O2N2MXoe1Oo]l\1
20130208063134Lh_9,XZeQ11ZQh02bnYO2N3N0O100O010O1O1O100O10O0100O10O010O010O00010O0000EKlPN6So1;01N1010O100O00100O100O101O00000000000O100DhPN0Yo1JQQN1ao1MldZj2
20130208063134Lh_10,QPSn12no1O10`Ph12]oWN4L2O1O3]PND\o1d0L1O2N1O1O1O1O010O01O001O1O001O2N1O1O1O1O001O0010O01O0000000000001O000001O1O00101N1O00000000000000O10O100000000001O000O1000000010O000O2O000000000000000000O101O000000001O00001O001O00010O0001O001O01O001O01O01O0100O01O010O0010O01O010O0100O010O101O0000O100O0010O01O1O00010O00010O000N200O2O001O0O2O000O2N2NSni10nQVN0ooXd1
20130208063134Lh_11,jY[S32T50oiQ12ePPO4M4M2O1O2O0O101N01000O00O1001M3M2N3C=N2N11N1O01O1M3N30O000J6L5M2O1N3M2N2N2N11O2N1O3M2M3O1O1O000N2N1O100O1010O100O1O1O1OO1OJ8O1M4N1N3N2N2O1O1O100O1O2N1O1O2N2N4KVe`f0
20130208063134Lh_12,g_^b12]3OSi10YT^12SoaNOUPN0io1OZPN0lo30ooM0RP80noG0YPl30ioUL1gPLO^n10lP20gP40mla30bbUo1
20130208063134Lh_13,fbeS21oo10000000hPj30VoUL1N200oo1MTPN0PP20QPb00PP\O00000000001O00001O001O001O000000000aPNLSo13mPNMSo13mPNMSo13mPNMSo13mPNMTo12lPNNTo11mPNOSo11mPNOSo11mPNOSo11mPNOSo11mPN0So1OnPN0ao1000000001O01O01O0BOnPN1Ro1OmPN1So10lPN0To11lPNOTo10lPN0Uo1OlPN1So1OmPN1bo10AOmPN2ao1O1003MO10^OMVQN2kn1NTQN2ln1NUQN1kn10TQN0mn1OSQN1mn10RQN0nn10RQN0nn11QQNOon11QQNOPo10PQN0Po11oPNOQo11oPNOQo12nPNNRo12nPNNRo12nPNNSo12lPNNTo12lPNOSo11mPNOSo11mPNOSo11nPNNRo12nPNNRo12nPNNRo13nPNLRo13oPNMPo14PQNLPo13QQNMon12`000O10O01O1000cPN0]o1000O100O100^ONVQN1kn10SQN1mn1OSQN1mn1ORQN1nn10RQN0nn10RQN0nn10QQNOQo12mPNNSo13mPNMSo14kPNLVo14iPNLWo15hPNLXo15fPNLZo15cPNM]o1:010O10000O10000O10000000000O010000000000000000000000O100000001O01O0000000000000001O0O1000001O000000001O00000000000000O100000000000001O0O100000000000000000001O0000000000000000000O10000000001O000000001O0000000000000000000O10001O0000000000000010O0000001O00001O001O01O01O0000000000001O001O001ePNBRo1>lPNESo1e00O0001O0000001O0000000001O0000000000000O101@kPN3Uo1ETQN:Yo101O001O1O001O00001O001N2O001O0O^ni30cQVL00000Z]dP1
20130208063134Lh_14,foRk22]hm2OdWTM1N0O10O10O010O010O01OYRN2jM0]m1OeTN1TN1Um1NcTNOnk10PTN0Sl11iSNO[l10aSN1Tn11dNNiRN3_n1OhMNjTN0`k10ZTN1kk1OkSN1dl5OfQL0YU\10ejcN2N1XON_QN2bn1N\QN4bn1M]QN3cn1O\QN2bn13YQNNfn15WQNLin17SQNJTo1?1M1100O3M12WOmPN=\o1O1O1M`Rem0
20130208063134Lh_15,YhT]33n4Nlfm04nSTO8I4M3N2N3M3N2N5K3N0010N3M3N1OO2O1O1O4L5L1O1OOO1O1O11O3N3M0O9F4L2N001N2O001O1O2N001O1O00000O10O10O00001O0001O0001O0000O1000O01000O101M2M4IYlS10mSlN0gWY<
20130208063134Lh_16,lX[i05j:4nY1J[fNOeY1OmcX27PggM5KKePNMWo12PQNKln17=1O0010O101N`QNIZm15Y101O01000OO20O_QNKWm17gRNJXm17hRNHYm18fRNIXm18hRNGYm19gRNHXm18iRNHVm18jRNHVm17kRNIUm17jRNIXm15iRNJXm13kRNMVm12[10N3N2ON_QNOZm10fRNL^m14V102OO10O1000VQNMgm14R10PQNORn11mQNNUn12kQNMUn14kQNLUn14jQNLWn14hQNLYn15eQNKYn19eQNHYn1:gQNEXn1>fQNA\n1?cQNB\n1`0cQN@\n1a0?2K5N3C=L4M3NKiQNeNUn1\16001N2NH:00O10O01O010O01O10N3N1O1N3LON5O2I6100O2N101N101N1001O1FkPNGVo199N110O101O1O2M2N3Mbo9NaPF001O000CNlPN2So1NnPN2Qo1OnPN2Qo1NPQN1Po10PQN0on10RQNOon11PQN0on10RQN0mn11RQNOon10RQNOnn12QQNOnn11RQNOnn11SQNNmn13RQNMnn13RQNNmn12SQNOnn1OSQN1]o1100O100O10O01O100O010O0100O1O100N200O001NF197NNReZj2
20130213063454Uh_1,XXWS22P3Omi10_UV14^miN2N1O2O0O101N10O010000O01000O010O10O01O01O010O00010O0100O0010O010O0100O0010O01O001O001O0O2N10001O0O2O1O001N1O2O0O2M2O1O2O001O00010O01O0O2O1O00100O1O1O00100O1O1O1O100O100O2O0O1O1O1O2N1O1O2M2O5I\oQ1MbhVc1
20130213063454Uh_2,a]d]12]2Obki04kQXO4M4L4K5L1O2N001N2O01O0001O010O100O100O0100000O2O1O00004L000000O1O1O001O001O1O1O1O1O001O1O010O10O01O0100O0100O10O02N1O1O1N2N3L4N5Kd`]]2
20130213063454Uh_3,cVU_13R4Nljo03lPRO3M5_OInPN>ln1>M2O2O1N1O1O2O0O1O1O0O2N2N2M201O1O1M20001N02OO10O1@`0G9L4N2N2M3O00100O01N3O0O100000010O0001O001O10O01O10O01O100O1O2N2N2N3Lfhh[2
20130213063454Uh_4,ePYk13W5O]e10aYb15bk]N3N3L4M2N1O1O10O01O001O100O0O2N1O1O2N1O2N1O1N2O2N1O1O10000O10O10O100O010O1O00001N101O1O001O000100O1O2O001N101O1O0O2O1O1O001O10O01N2K5O0O2N2N2N1O2O1O1O001O1O010O1N110O1O1O1O000000N10010O10001O1O00100O1O10000O10001O000000O1O100O100O2O0O2O1N2M^n^k1
20130310063154Uh_1,R[aa11f30bh10`T\21UocM2O0O2O001O0O10000O100O101N3N2N1O1O001O00001O010O001O1O100O1O002OO02N1O7I10O01O00SOVQNe0in1ZOXQNg0gn1YOZQNg04TOXn14fQNh0cn1WO]QNj0bn1UO_QNk0an1TO`QNl0kn1O011N100001O0O100O0100O2O2NO1kPNWORo1l0000O101O0O001O010O0\OmPN<So1BQQN;Po1BSQN>Xo1O100O1001O00O1O0010O01O00010O010O1O0010O000001O01O00000000001O0000000O2O0000000O1000000000000000000000000000000000000O10000000000O100N2O100O1O2N1000000000O01000000O1O1O1O100O100O10O10O01O1O10O01O1OEZO]QNf0cn1AWQN?hn1<01O000001N1O2N101M3O001O0OKZOTQN`00^Okn14VQN<nn1FSQN7ln1HZQN0ln1Ncdfo1
20130310063154Uh_2,beVl23`6Nlb10kWX18_ngN3L4N2M3M2J5O2O001O11N1011N2OO07I2O1O04MO008G2N111ON102O3L1N3M4M0021OM8I1O21MO1O001O0O2O00001O013M0O0O100O1O1O1O001O01O002N001O0010O4L1O1O001N2O100O1O000001O1O1O1O1O2N00001O1O2O00001O2N4K2O0O01O1O1N4M;CQUQl0
20130310063154Uh_3,^]PU15R9Nd]10^[`10fm_N4N00000O10010N11O01O010N200O01000O1000O10001O000O2OO0O2O100O3M1O100O10000O10000O01000O010O10000001O1N2O1O001O0010O011N1O00001O001M4M3M2O1101N001O0000000015KO1N2OO01O1O00001O00001O001O0010O10OcUN]O]e1c0]XN]OWO5]h1>WXNEWONch1?QXNE[OMeh1`0lWNE^OKgh1c0eWNEAJlh1a0^WNHFGmh1d0VVNZO0>[OAU14\i1i0cUN^O>h0;ROei1c1mUN^O;POji1a1]UNYN0X1<ZOYj1S3_UNVMaj1T41O1O1O1O2GSUNZKPk1d48M4L>A6K7gMjSN:\l1]OkSNROKi0`l1RO`SN`0;@Ka0ahi1YOdiU^2
20130310063154Uh_4,kejl23nPf02hn[ONcPNNYo12jPNORo10RQNOnn10TQN1^o1OPP20SP80ooE0Po10nPN00001ZQNO[m11]12OM00O0RP21bXgP1
20130310063154Uh_5,mRgR11iPh02SoYO2N10000O100000O1O01000O0100O10O01000O1000O010O100O10O0100O1O001O2N1O1N200O100000O110O010@bPN=ao1O01O000`PND[o1a00O010JgPNDYo1<7N2G_PN0ZlPi2
20130310063154Uh_6,Vodk21oo10QQX14ingN3N1O10001N10000000000O100000O100000000O1000O0100O100O1O001000N101O100O1000O10000001O1_PNGYo1a0N101O0000001O0001O00000000O10000OEjPNNVo11lPNNTo12mPNMSo13nPNLQo16nPNJRo16PQNGQo1:oPNEQo1;PQNCQo1=9L`PNH_o18500O1O1O10O10O1000O100O101N100O100O1000O1000O10O100O1O1O1O1O1O100O100O101MbPUl0
20130315063154Uh_1,[]jj25e9L`\11i9OfQn16TnQN2N2M4M3N0O3N001O0O2O1O01O01O001O00010O0001O100O010O001O01O01O1O010O010O001O010O0100O001O100O001O010O10O02N100O1O2N1O10001N1O10001O2N001N100000O001O1000O0100O0100O01001N20OO2O11O0O1O0001O0001OO11O0O10001O0O20OO11O001O1O101N101O0O101O00O10O105K1N3N8H10N1O0O2O1N2N2O1N5N2N0O2N2N20O1N00001OO100O01O3N5K1OO001O0O2N2O002M2N3M2O1N4N0N3N2M201M2O2N1N3M3N0O1O2M3Mlge1KZXZN1O0ebQf0
20130315063154Uh_2,g]Tk24U7N`a10fXb1O`n]N7LI`PN1^o1OdPN1Zo1OhPN1eo1OQP2000XoM0f00gPN0bn70gPJ000oPP10RoQO0PP20ooK010O01000O1000O10O010O01000O11O0000010O01O0001O000000110OO2OO000O10O0000010QP6010ooI1OO01000Oin30aRL0hn10noM000gPP10mo]O0boC0an;0ZQB000_kW20_ThM00001XbUh0
20130315063154Uh_3,Y`Ta11[Pn06]oSO3N1N2O1O0000O10001O00000100O00010O010O1O100O10000O10O101OO1000000O010000O1000O0100000O0100O100O10001N01001N010O10O0001O1O1N2NW^mY2
20130315063154Uh_4,WX^g16\=LPU13RkNLnT12a=O1OfRP57RmoJ4L3YOEgQN<Xn1EfQN<Yn1FdQN<\n1H^QN;`n1H^QN8bn1H]QN9cn1H\QN8dn1H\QN8dn1b001O4M0O1O10gNcQNn0]n1oNfQNP1Zn1POfQNP1en11O001O0001O01O10O01O001O10O01O01O01O001O002N001O1O00010O1O010O0001O01O01O00001O001O01O000000001O000001O00010O00100O010O1O001O2N1O1O0000010O01O0001O01O00100O10O01O10O0011N10O10O1000O2OO1000000O10O16I4M001O1N101O2N1N>B2N01O001O1O1O1O1N1O2N4L2N2O1N101O1O1O1O01O010O01010O00O100001O101M1000001N101O3L2O1N2N1O1001O0O10O01O2N2M4M3M1O2N2N1O1O2N100O1O01O0101N10O01O100O102M10O10O100O1O2N01bQNPOkm1P1PRN[Ojm1f0RRNCgm1?WRNBim1\1N2N1O1O1O2N2M2O100O1O01O001O000O2O1N2O001N3N1N3M2N2O1O000115JO1O10O20O0020M20O0010O0102M0100O001000O14L0YSNSNXk1m1cTNXN^k1g1]TN^Nck1b1ZTN`Ngk1`1WTNbNjk1\1TTNfNok1X1lSNlNTl1U1jSNlNWl1U1dSNnN^l1Y21O1O002N2N1O1O2QN_SN;bl1CaSN;`l1DbSNVO_Oj0Qm1NkSN1Vl1NkSN0Vl10kSNNWl11jSNMXl11iSNN\l1NeSN1]l1LeSN2^l1JgSN0]l1NeSN0\l10fSNL]l12gSNI\l15i1N3Lnfc3OUY\L1O00000iga\1
20130315063154Uh_5,VhZj15Y4LXg11_Uj00nnUO1000O11OO100001OO000O1040G0[PN0o00_m11bQN0m02_m1NeQNOl03_m1NhRN3Wm1MiRN4Um1MkRN4Tm1KmRN7Pm1IRSN9kl1GVSN9il1FXSN;gl1EZSN;Un10aNEZSN;Vn1O1O0100O10O01000000O0hNHiRN8Xm1FhRN:`n10O10O1000O01O010O10O010O01O01O01O01O01O0001O001O00000O2O001O00001O0000000O10O100O10O01O000O100001O00001O0O2O1L3M3K6VO]OQRNh0nm1d000100O1O1O1O2N1N2O0O2O00000O1L5M3O1O2O0O2I6L204L4L4M3K[oW1LgXWj1
20130315063154Uh_6,lefc14Y6NXc1O`Wf01TPXOO^o53YoK2N3N0WNIiSN1YN1jm12TTNKjk18n12M3N2fPNBmn1a0VQN_Oen1f075L2N6J4L6J2OKcQNfN\n1W19N2O11O105LN2N2M2016JN24JN2N2O1O2N2O00011N10O02O2O2L1O002O0O10001O10O2N000OO102N1N10001O1ObN\O`SNb0_l1_ObSNa0]l1_OfSN?Yl1A]RNOS1?_l1B^RN0T1=]l1C`RN0S1=\l1CbRNOS1>Zl1CcRN0S1<[l1CbRN1T1<Zl1CaRN1V1=al1C_SN=al1C_SN>`l1BaSN>^l1BbSN?Vl1@aRN1Y1?lk1AgRNO81U1`0kk1@gRN091T1`0jk1_OjRN090T1a0mk1^OPSN2S1`0lk1^OQSN2S1a0Zl1_OgSN`0Xl1AhSN>nk1_OlRN1W1`0lk1_ObTNa0^k1_ObTNb0\k1^OfTNa0Yk1@gTN?Zk1@hTN?]m10010O00010O1NZNIdSN5\l1HXRNN]16[l1K[RNO\o11fPNOYo12gPNNXo10jPN0Wo1OjPN0Wo10Pmc00`]WS2
20130315063154Uh_7,eVle17m<KmU13VjNLjU13R=N2O_Rn3?QmQL4L4L3N10001N100O2N2O0O2O1O000O101O1O1O001O0000010O001O010O1O010O2N2N10O001O01O001O1005K2_O^QN@an1?`QNAan1<aQND_n1;eQN@\n1?gQN_OZn1`0fQN_O^n1>cQNA^n1>bQNB_n1=c0O2N011N1O10aPNIUo16hPNMXo12hPNNYo1<1O1O001O100O1O010O4L2N2N100O1O10O01O0000001O1O0000QP20QP80`Qj00_noN0foa30QQjM0Xo_N0TP80loG10O010OSP60moI1000O[P80foG0YP<0goC0RP60noI0UP:1joE0VP:OPRL1kmIOTP60PPN1koKO10_m30aRN0]R40Zc[60XZ^I00000000001O00000[i_]1
20130315063154Uh_8,leTb14g6N\b11j6N20gRj18QmUN2N2ON1O2K4N3N]P42coK1O0MNWPN2ho1302O0YNHdSN9]l1GbSN:Qn12O001hNCiRN>]n11O0O10O01N0101DaPN5^n1HhRN5cn1OO1K5O1O11OO1N2O1K50000001O1O2N1O2M2N3N3M1O10001O02O001O01N3M1O1OO010VO0cQN0^n10`QN1_n10aQNOan10_QN0`n12h00N2fPNLdm10iRN4jm1LWRN6gm1JW10[QN0[m10Z10\QN0en10^PN0So10mPN0Ro11?O`PN0Po10QQN0on10`00bPN0mn10a0000dPN0hn11d00dPNOhn10e01iMO\TN1]N0bl1ORUN1\N0Yk1OdWN1SM1Vk10gWNOTMOUk12aTN0k20^MOTk11aTN3n2L\M1Tk10bTN4m2M\MNUk10bTN6o2KZM0Sk1OcTN8P3I[MOQk10dTN9Q3HYMNZk1:^WNHXMOXk1:aWNFoh1;SWNEkh1;WWNEgh1;ZWNEnLOZk1=hWNFjLM_k1=gWNOXh12jWNLVh14kWNJVh15lWNJTh16mWNISh18lWNHTh18lWNHTh18lWNJRh17TVNAO8mi17UVNAN8li17WVNAL8mi17WVNBK7ni18VVNBL6mi19WVN@L7mi1;UVN^O]N0[16Sj1<UVN^O^NOZ18Rj1;UVN_O_NNZ18Sj1;SVN^OaN0X17Tj1;SVN]OcN0V19Sj1;SVN\OdN0V19Tj1:QVN^O4:ji18RVN^O4;ii18RVN\O6=hi17PVN]O7`0fi14RVN[O9b0ei13QVN[O;c0bi12SVN[O<b0ai13SVN[O=8XNLXk1b0RVN[O=6]NJUk1d0QVN\O>5ki1`0fUN\OkNNZ15Vj1b0eUNZOiN1\12Xj1b0cUN[OiN0^12Vj1d0cUNYOiN0`11Uj1f0hUNYO50Tj1g0_WNZO`h1g0`WNYO_h1g0bWNXO^h1i0bWNWO^h1h0]32OO00010O0000001N101O0O101O0O101O001O001O0000001O0010O01O001O001O1O001OeSNFPi1:PWNFQi19oVNGQi19oVNGSi16nVNJSi15\310O0001^SNJYi15Y300101XSNIci17S31VSNIji17UVNHli19PVNIQj17nUNISj18jUNIWj18]UNElM7hl14XUN4kj1LbTNHkN<dl1MZTNf0jk1ZOTTNd0Ql1[OlSNb0[l1]OdSNJVO4]m11\SNJc0Noj15^TNMc0NRk13\TNNb0O\l11cSN0\l11cSNO_l10`SN0al10^SNNdl14ZSNLgl14WSNNhl13WSNLll12SSN0kl12TSNMnl12RSNMQm11oRN0Qm1OnRN1Tm1NhRN6^n1Jlo74UPHLbo51fm_2OQSZM0TZQj1
20130315063154Uh_9,P\]T32a3Okia05[R@6L3N1N2N3kPNEan1o0M101N101N3M102N5K2N3L4M3L3N1O2M2NTOiRNROVm1m0mRNROWm1i0kRNWOVm1e0oRNXOdm13^RNLhm1MZRN3hm1H[RN7gn1O2O0O3LValh0
20130315063154Uh_10,Zch?229a0FB1019Nam10XSX12engN3I7N1N2O1N2O1O001O001O001O000O2O00000000O1O10O01O1O100O0O20O1O00100O1O010O10O10O10O01000000000000O1O1M3O1000000O11OO1000O0NoPNVORo1i02100000000000O1001O01O01O100O000001O000O101O0O2O001O001O001N10000O100O2N1O1N2K6K^oY1O]]eU3
20130328063154Uh_1,gZhl0>6D;0c0O^l10]20ZQl12bnSN5M1N1O2O0O1O2N2O0O2O1N2O1N101O001N2O1O1O001O00001N1000000O0100000O0010O010O10OO20O010O010O1O010O1O001O010O10000O1000000O1000O1O10O0100O1000000000000000001O01O0001O00000000001O00000O10001N1000001O000O101O0000001O00001O00001N2O00001O1O0O2O1O001O10O01O00001O000100O0010O10O01000O1O100O002O1N2N1O2O0O0010O001O001O001N101M2N3N101M3N1O2O1N2N_nm1NdQRN0Yead2
20130328063154Uh_2,fWcd12Y3OYk??_PBc0J6K2N2N2ZOiN_RNY1_m1mNZRNW1dm1d0O0O2O0001O00000000001kN[RNMem10cRNK]m13hRNJXm15lRNGVm17WSN\Oil1d0\SNWOel1g0[1O1M3M3N2N3N1N4L4LdgfX2
20130328063154Uh_3,W_Pa0<S1c0UOSO71e40]b12h`NLV_13]8O1O1OcVb36Si]L7H9K3M3N3K5M1N3L4N1O1O1N3N1O2M2O1O2N1O1O1O0000O100L5N1N3L3K5M3M3M300O1N20000O0O20000O100000O0100O1N20001OO1O100N2O1N2N201O01OO01O100N3O0000000001O00001O00010O0O10010N02N1000ON3000O01000000O1000O02O00001O001OO11O1O0010O010O1000O10O1000O10000O10O1000000000O100O10O01O1O1O1OO20OO01001N1000100O1O100O1O010O1O001O000000000000010N11O000O2000O01O1O010O100O100O10000O1O10000O1000000O101O0O10000O100O2O0O10O10000O101N10001O001O1O1O001O00001O001O0001O01O001O001O010O00010O00010O01O002N00010O100O001O10O0100O1O0100O00010O01000O10O002N1O1O1O1O1N2N3Mhmg3K^RXL001h`Wf2
20130328063154Uh_4,Z_Ze06>O\6N`a11W_NMi`12c7O1O10fRn70YmQH0\O0ZQN0Zo100010YO0eP40O1QPL00000001O00000000l00YN0g10TO000O20O1O01O0010O010O010O010OZOO_QN1an1O^QN1cn1O\QN2dn1N\QN1en1O[QN1en1OZQN2fn1NZQN1gn1OYQN1gn1OYQN1gn1OXQN2hn1NXQN2hn1OWQN0jn10UQN1kn1OUQN1kn1OUQN1kn1OTQN2ln1NTQN1mn1ORQN2nn1OQQN1on1OPQN2Po1NPQN1Qo1NPQN2on1OQQN1on1OQQN2nn1MSQN3mn1MTQN2ln1MUQN4jn1LVQN4jn1LWQN4hn1LXQN4hn1LYQN3gn1MZQN3en1M\QN2dn1N\QN2Zo1O00010O001O0000010O010O010O010O01O01O00010O000000YO0^QN1Xo101O0010YO0\QN0Zo11O0\OOZQN1Zo1010[OOYQN1hn1OWQN2hn1NYQN2gn1NYQN2fn1NZQN2Zo11\OMZQN3Yo11\OL[QN4en1L[QN4dn1L]QN4cn1L\QN4Xo11]OKYQN5gn1LXQN5hn1KWQN5in1LVQN4kn1LTQN5ln1KRQN6nn1KPQN6Qo1KlPN6To1;1O00100O1O10O10O10000O10000101N1O2N0O100O10O010O10O10O020O01O3L3N1O0O2O0O2O0O100000O0010O01O1O1O100O002N1O1O2O0O1O1O101N1O1O1O010O1O010O001O010O10O01O001O1O00100O001O1O001O1O001O000010O0010O0100O10O00100O010O010O000100O1O1O1O1O1O1O1O0010O01O001O010O1O010O100lPN@e0LSm1e0URNBf0KTm1Q1lRNoNTm1Q1lRNoNTm1P1mRNoNTm1Q1kRNoNVm1P1kRNPOTm1Q1lRNnNUm1R1m0O00100000bQNQOkm1m0TRNUOlm1k0RRNVOnm1k0oQNWORn1i0lQNXOUn1k0fQNVOZn1X11O001O001O1O1O1O1N1000:E2O2N3L3M4L5K3L6Jgki3OTTVL85IXn7OkQH00000f`S[2
20130521063134Lh_1,Z^gT12j2OYj10l20dPj11YoUN3O1N3M4L2N101O7I3M2N10O1000001O0O1O2O1O0O2O0O2O1N00100O1O001O001O001O001O0010O1O1O10O01O001O001O000O2O00000O101O0O10001N101O01O101N2O1N1O010O001O00001O0000000001O1O1O1O1O001O1O001N101O1O001O1O0001O01O000000O10000000O100O01000O01O1O0O2O1O1O100O1O0100000O1000O010001N1000001O00001O0O2O000O2O0O2O1N1O101N101N101NZnm1OhQRN0fa^]2
20130521063134Lh_2,bihe22k4O]go13bSRN3N2N2O1N2O1O1N2N2N2O1M200O0010O001N2O11O1O01O010O001O10O11O0O2O00001O0010N2O1N2O0O101N100PQNYOen1g0ZQN[Oen1P1010O00100O101O1O1N3M4L1N4K3NTO@\RN>am1FcRN1`m11W10O2O0O3N1O3M2N1O01N2O7I2N3LYPNOho12O012N0ePNMgn13XQNOhn10WQN2hn1OVQN2kn1NSQN4mn1KRQN6on1JoPN8Ro1FnPN;S1Fal1N\RN<R1Hil1;TSNHjl18fRNCE7dm18cRNFB7jm15aRN9`m1MXRN4hm1OSRN2nm1P11N10001N2O001N2O1M2O2M3M2O2M3N2N2L3O2N1O2N1O2N1O1O101O000000000O2O000000O100000000O11N10000O2O0O101N101N2O1N3JdSen0
20130521063134Lh_3,PYge11PQf01Un[O1VQNOF024Po1g000O11O1O0O1O2O1O1O1O1O1O100O000001O00000000O010O100O1O1O100O1O100O010O10O0O2O0010O010O00100O1N2K5N2OjfXV2
20130521063134Lh_4,hXU\21oo10PQZ11nneN2N2N2O0000000O2O000000O01000000O1000O010O0O2O010O10O10O0100O010O1O00100O01000O0100O1000000O10O100000O10000001O0000000O10001O0000001OO10O100000O01000O010O10O1000O01000O10000O100O100O100O2N100O2O0O100OgoU1OcgdY1
20130521063134Lh_5,PeV\21lPh03onYO1O1O2L3O1O10O100O10O0100O1O01000000O10000O101O0O100O1O2O0O101N001N2O10O010O100O10000O100O1IdPNI\o16800O100O1O2N1O2N1OiZ__1
20130521063134Lh_6,[X[[21oo10[Qn12bnQN2O00NWPNNgo124O1O10000000oo30QPL000oo50ZP20eoG10010O01O10O010F0c00]O090;0F0oo10QPN0oo10QPN0O010oo30foc00ZPH0PPF0WPn00iomN0PPN010O1KO[PN1do10[PN1eo1O[PN1do10[PN1eo1500O100O00100O1O00100N2O01000O10O1O1N2G]PN4do13aPNGYo19fPNHZo17gPNIXo18hPNHXo17iPNIWo17iPNIWo17iPNIWo16jPNJVo16jPNJVo16jPNJVo15kPNKUo15;O101O0O10000O1Ogoo1O[PPN0eg^W1
20130521063134Lh_7,nijf22hPl02SoUOMYPN0lo1000[oQ10dPnN0QP2000cUaV1
20130526063134Lh_1,ohdT12^3OQi10[Th20ToWM3F0_PN2`o1N`PN2`o1M`PN5_o1KaPN5_o1JaPN7_o1HbPN8co1001O00001O0O2O1O001O1O1O1O001O1O00010O10O00100O5K1O1O0010O0001O0010O000001O01O0001O000000000000000000000O10000000O01000000000O10O100000000001O0000001O010O101OO0010XQNFim19WRNIhm16WRNMgm14XRNMgm13YRNMhm13VRNOim11WRNOjm10VRN0jm11URNOlm10TRN1lm1OSRN1nm1OQRN2om1MQRN3Pn1MoQN4Qn1KoQN6Pn1JPRN7Pn1GRRN8om1ESRN<hn10000000001O001O000010O01O001O00001O000000000000000000O0100000O100O01000O1000O0100000O01000O01000O010O010O010O01O00010O0010O010O01O010O0010O01O010O010O00010M2O100_OC^QN?cn1A]QN?an1C^QN=Vn1@hQN52:Vn1BhQN429Wn1CeQN549Vn1DbQN685Wn12iQNNWn12hQN^OH`0`n12hQNOYn1NiQN3Wn1LjQN3Wn1MiQN3Rn1@dQN=;2Pn1BfQN2N4<8om1BhQN1N5;7om1CiQN0N6:6Qn1CgQN0O6:6^n1K`QN5an1K]QN6dn1J[QN6gn1IWQN8jn1HVQN7kn1ITQN8mn1GRQN:nn1ERQN;Po1CPQN>Xo110O010O100O1O1N2L400N4L^P\20TncMMbRN2@12OYm1NWSN1^O0om1OcXeW2
20130526063134Lh_2,TVYP14j6NVb11m6N20dRf22XmYM4Jc0XO;L7WOkN\RN]1\m1eNbRN]1\m1eNaRN_1\m1bNcRN`1NXNUm19mRN_1NYNTm18lRNk1Rm1WNlRNk1Sm1a001N2O00nNXSNTOal1i0cSNVO\l1i0eSNWO]l1f0fSN_N@d0jl1k0hSN^NAf0il1h0oSNXOQl1d0STN[Omk1d0TTN]Olk1`0YTN]Ogk1b0]TN\Obk1d0^TN\Oak1d0aTN\O^k1b0eTN^OZk1b0fTN_OYk1?iTNBVk10YUN0fj1N\UN3bj1LaUN3_j1LcUN3]j1KgUN3Zj1KjUN3Uj1LlUN4Uj1HPVN6nl1000O1000000000001N005K2N010000O10O00000001O10O01O0O2O001O1O001O00001O010O1O101N0010O00000000000000000000001O00001O1O00000000000O100000000O2O000000001O0lPN@hn1`0XQN@gn1a0YQN_Ogn1b0XQN^Ohn1b0XQN^Ohn1b0;1O001O00001O02O000O1O1O010O1O1O1O00001N100000000O1000O01000O100O1O100O001O1O1O100N110O0010O0010O10O1O1O010N110N200O1O100O010O100O1O1O100O1N2NK214O1M3M21O010O100O011N100O100O2O000O10000O1000000O1O10002Ldka2N`T^M1O0liV\2
20130526063134Lh_3,dbn]12i2O[j10_Sb12Vo]N6M8I1O2N1N3O0O12NO101O0O20O10OO2N4L012M2N100O1O1O010012NO0000O010O11B^PN:eo1004LO001O01O01O0001O001O010O0001O01O0001O0000001O01O00001O010O000000001O0000000001O00000O10000000000O10O0100O010O001O1O0010O010O0100O010O100O01000O100O01000O1000000000000001O0000000000000000O1O1O1O3Me[kW2
20130526063134Lh_4,mlVP13`4Nlf10XXh16SlWN2N3M2O2N2K4O001O01O01O00001N1O100001O001O00000O1M2O200O01O100GARQN?nn1900000000001O01O0010O000O10OO2O2N010O10O01O100O110O01O001O0O110N110O010O0100O10O01000O010O01O001N1O200O1000kPN^Oln1b0RQN@on1?PQNBPo1?nPNBSo1e00O2O1O1N10000000O010000O100O10000O2O2N1N1000000O1000000O1000O01O100O1O01O10O1O10O01O010O1NVR]e2
20130526063134Lh_5,[Voh11]Qb01]n_O5M3N1O1HFiPN;Uo1HiPN8Wo18001N2O000010O0O2O001O0010O000KgPNEYo1970001O0O2N10100O010O0100000O101N102L[ijS2
20130526063134Lh_6,SiRP23a6Okca04]U@2N101OO1O0101O3M4L3O2M5J3M3M5mQNXOdl1o0RSNVOll1n0nRNVOf0]OUk1^1oSNZOg0@Wk1X2eTNlM\k1S2`TNPNak1V2STNoMok1P310102N3L3N300M2O1N4M1L3H7eMhSNg0]l1UOoSN6\l1HjSNKbl10fUml1
20130526063134Lh_7,k]kn22no1OhQn00amQO3WQN4gn1NWQN3in1NUQN2kn1OTQN2ln1ORQN1on1OPQN1Qo10mPN1So10kPN0Vo1=0O1000O10O01O100O100O101O01O4L1N2O00001N101N101N1O1M2O2O10O010O100O100O10O0100O001N1I8N1O2O0010001O00000001O1O2N4L4L1O1O1N2O1N2N1OUom0MTc^i0
20130526063134Lh_8,d][f22g3O_h11aWNO_h10mUZ22imeM2O1O001N101O1O0iPNHfn19XQNJfn19UQNIkn17UQNJjn17TQNJln17RQNJnn1d010O0001O1O1O010O10O01O100O101N3N0O1O001O1O0000001O0001O010O1O01O1O1N5L1N2N3M2Nfng22XQXM1O2N2O1N2N10000O100O01000O1JDhPN;Yo116N2N1O2N1O2N2N\P:0eoE4L0000O1O101N100O10O01000oo10QPN0^O0SQN0nn10RQN0nn11PQNOQo11nPN0Ro10kPN2Vo1MiPN5Wo1KhPN5Yo1KgPN4Yo1LgPN3[o1MePN2eo1O100OF0fPN0eo10O10OE0hPN0Wo10iPN1To11mPNNPo14QQNMao10O10O0100001N100000000000]o10fPN1RP8OloG0mn[20RQdM0\bnh0
20130526063134Lh_9,^_Uh21XPd02eo]ONP11RNOnQN3Qn1MoQN3Qn1MoQN3on10O010O02N10co3ORQP10\okN0000000V_jT1
20130526063134Lh_10,lVoW21Y14cmc0NPQ^O2N101O0O2O00000010O00O2O100O1O2N2N001OO100000001O0010O01001O1N10O0100O100O010000O101OO0101O0O3N1O1N2N3M1N2Mmgnc1
20130530133654Bh_1,Vi^W14lo1O1NZQ\27_ncM5M1N101O1O2M?B1O1O1O010O00WOYQN:hn1A\QN?en1^O\QNc0Qo1000O1O1O1O3N0O00001O0100O00101N2N1O1O2N0001O00100O2O0O2N102N2M1O102M;F1N2N2OO01001`NjQNS1bn101O001N3N10O00010000O3M1O2M100O1O000010N100000001O01O001N101O1O001O1O000001O00001O1O001O00000010O00001O001O001O0000001O001O000O101O00001O0000000001O010O0000010O0001O0010O001O010O001O10O00000000010O001O0100O010O2N101N010O1O101N2O1N101N1O010O001O1O000010O000010O100O10O10O10O10O010O1O1O10O01O01O1O1O00001N101N3Lb0]O\j_2KlU`M0jVmU2
20130530133654Bh_2,m_oW12m12MMXj10m30]RP23^moM4M2L4N3M2N3M2N1O2N2O1O1O1O2N2N2N2N1O10O0010O02N1O1O1O0O2O000O101N101O00001O00000O100000000000O1O1O1O1O1O10O1000O10O101O00001N100000O010O1K4N2M4N1O101O0O2N110O010O100001O00000O100O2N100N2O1O0010O01O1O001O1O001O001O0O10001O0001O000001O0010O01O010O10O010OO101N1O2O1O100O10000O0100O1000O01000O100O0100000O10O10O100O100O1O0O2O1O101N2O001N2N1O2O1O2LY_P[2
20130530133654Bh_3,Qm\g22_3Ooh10UVb16Um]N2N2O1O1O1N101O0O2N1O10O010N10000010N101N101OO11O000000010O0001O1O10O01O0001O00100O1O00001O0001O010O1O1O2O0O1O100O1O100O1O0100O0100O100000O1000000O0100000O0100O010O10O010O0100O0100O010O010O1O100O100O1O1O100O10000O100O10O010O010O001O0010O0001O1O0O1O2O001N2O001N2O00001O1O2M_R[n0
20130530133654Bh_4,`clP13_4Omf1O_UV16kniNa0_O6M<D2O04L011N3M2M2N5K7I20OO20O0001O0000000000000O2O00O0100O00O1O2O006K2N0O100O1O1O001O1O001OO0100000000O1001O0YOUQN9mn1CWQN;Xo1O1O0011OO0100O010O1O010O1O10O010O01O01O100000O1000000O2O0000O101N2N1O1O2N1O2M2NgXcg2
20130530133654Bh_5,oVYQ13o5Omd_11nTbN;hPNLTn17gQN7nm1MhQN;Vn1j0N1O7I010O5MN2O9dNmQN7Rn1EVRN8im1FZRN9fm1E]RN9dm1E_RN9bm1F`RN:`m1BeRN=\m1]OiRNa0^n1N2N1O01OO2O01O000O01O010000O0100O11OO10O10001OO11OO001O10O00010O01O10O01O100O0100O100O1O1O1O010O0001N1001O1O10O01O01O001O001O010O10O1O010O2O1N1O011N1O00O2O1N1O2L4M3O2M2NQmU1NVjVd2
20130530133654Bh_6,lbTV21oPn05jnSO3L3N2N2O1N3N1O:F1N2O0JoN]QNQ1^n1:0100O100000O100000000O1O100O1000O01O2K400O1O1O1N2O101O000O2O001O1O1O1O1O1O10O100O0100O2O1O1O1O0016I01N2O1N101N1O3L4M`[]d1
20130530133654Bh_7,hc`P31ZPh03aoYO3N1O1N100000000001O00000001O0O2O00002N100O01O011N1O001000O1O2O0O0010O010O1O0100O01O1O1001O0000OO2O1N1002M3M4MW[Wk0
20130530133654Bh_8,cUUh23[5Ohhg0:^QZO5M3M2O1N2O0O1N00010O2O2N2M2O2M2L5O1N3M5L3L3M3L4L2N2L3N3N1N3MGcRNTNZm1i1?N3N2L2I3HPRNiNom1[182OO5L4M4M2L6A`0GdiTT1
20130530133654Bh_9,R\f[14f6N^b11i6O1O10jQn35PnQL3M2N2L5M2N2N1N3mPNYOhn1T1K3N2N2N3N1N2O1N2O0O100000000001O0000001O001O00001O0000100O001O010O010O001O101N100O3kNbQNc0`n1WOhQNd0ln1N0110N010O1O1O1O1O1O3M1O1O1O002N001O1O2O0O10O1000O01O1O1O1O1O002OO4M0O11OO01O001O1O1O001O10O01O1O1O1O00100O1O01O01O000001O01O0000001O0001O01O1O0010O00000001O000001O00001O001O1O001O1N3N1O00000O100O1O2O00001N3N001O001O1O4K2O1O1O1O1O0O4M1O1O2O3L1O10O10O000001O10O0010O0100O001O1O1O010O001O0001O00001O0000001O001O0010O010O01O1O0010O010O0001O00000O2O0O1O1N200O100O100lNjQN>Vn1BkQN<Vn1CkQN=Un1CkQN=Un1DjQN<Wn1ChQN>Xn1e00O2O00000000001O001O0000001O00001O1N101O002N001O1O2OO01O100O00001O001O1N102N>@4N2N1N2N1O2N1Ogj]3N\UbL00000nc]j1
20130530133654Bh_10,bYag13oR`08elA4M3N2N2O3L5J6\QN]O\m1i1K2jMeMcVN^2Zi1hM_VNZ2bi1jMXVNU2ki1PNnUNn1Wj1TNeUNh1aj1\NYUNf0hk16VSNFTm1^16J5K6K4M6I?aNRRNOjb`V2
20130530133654Bh_11,`YX`11oo1000ePd10Wo[N5N3N1O1O1O001O1O0010O01O01O000001O000O2O00001O00O10O01O1000O0100O100O01000000000000000000000000O101O00000O2O000010O00O2O0000000O1001O00001O102M001O1O010O10O10O010O010O00001O01O000010O0001O0001O000000001O0000001O0000001O000001O001O01O01O00000010O000000000001O00001O00O100O100O101O1O1O001O1N2O1O1Ninc1NZQ\N0`fkR2
20130530133654Bh_12,gch_21\Ql06\nUO2N2O1N2O0O10O001O0000010O01BIRQN8mn1>O10O10O100O2O0O1O2N2N1O2N101O1O@_QNAan1=bQNB_n1<cQNC^n1<cQND]n1:eQND]n1;dQND]n1;eQNB]n1<d001N10001O0O10001O001O00010O0010O10O001O1O1N2O012K[[Y[1
20130530133654Bh_13,XV][11YPh05aoYO3M1O001O01O010O1O010O001O01O010O100O101N2OO10O10000O2O000000001O00O11O100O000000002N0000O4M2M2N3M1NShd`2
20130530133654Bh_14,SWUY31^Pf02^o[O4L2O1O1N2N10000O01O001O100O010000000010O001O1O010O1O1O1O1O1O1O1O10]OjPN;^o100O11O1N1O100O10O2O0O3M3L3M2NigPc0
20130530133654Bh_15,TYV^12_3Ooh11`3O1000lPR50TomJ0O10O0100000O0100aPNOon11QQNOon11PQN0on10RQN0nn10RQN0nn10RQN0nn10RQN0nn10RQN0nn10RQN0nn10RQN0nn10RQN0mn11SQNOmn11SQNOmn11SQNOmn11SQNOmn11SQN0ln1OUQN1kn1OVQN0jn10VQN0in11WQNOin11WQN0hn1OZQN0fn10ZQN0fn10ZQN0fn10[QNOen12ZQNNfn12ZQNOen10]QNOcn11]QNOcn11]QNOcn11]QNOdn10\QN0Zo1000ZO0\QN0dn10\QN0dn10\QN0dn11[QN0en10[QNOin10TQN0^o1000@0PQN1`o1O@0PQN1Po1OPQN0Po10QQN0on10PQN0Po10`01`PNOPo10`010O00`PN0Po11oPNORo10?000QP20ooM0QP60PP20ooG0QP40ooK0QP40ooK000]PN0Vo10^P60ooI0QP80ooG0^Pj00boUO1O000EOgPN1do11ENfPN2Zo1OdPN4[o1LdPN4\o1McPN4\o1MbPN4_o1600010O001O010O010O01O0010O00001O000001O01O01O01O01O01O001O00001O0000001O000000001OjPNIcn17\QNJdn16[QNLen13ZQNOen11[QNOen11ZQN0gn1OYQN1gn1OYQN2fn1NZQN2fn1NZQN3fn1LZQN4fn1MYQN3hn1LXQN5gn1KXQN6in1IWQN7jn1HVQN8jn1HVQN8kn1HSQN9mn1GSQN9mn1HQQN8Po1IoPN7Ro1IlPN8So1JjPN8Vo1900000000000O1000000O10O1000000000O10O10O100000O010000O10000O1000O1000O10000000O10000000O0100000O100000O10O1O1O0010000O10O1000000O101O0O100O10000O1000000O2O000O100000000O101O000O10000O10O10000000000O2O1ZOmPN=So1BPQN<\o1N3M2N0O2O0000001N10001O001O00000000000000O100001O002Memo30\RPL00000lfWd1
20130530133654Bh_16,dohg27T<M`aY1MUjgN=P`NCl_1d0g72]WNZOPJ0mf1g0P_NYOTJ0nf1h0d_NYOa`1f0Z_NZOl`1d0Q_N\OSa1a0m^N_OWa1=j^NB[a19kWNNX6IQb15fWN3X6HUb15`WNMb6Noa13QXN0]5M_c13W60oTNMVf11]UN6g3IXg1a0k3`0C6fTNiNdg1Z1YXNfNgg1\1VXNdNlg1_1nWNbNTh1_1hWNbNZh1a1`WN^Nch1j1SWNVNPi1Q2fVNPN\i1^2SVNbMSj1d2aUN\Mij1f2jTNZMQl1T2fSNmMel1n1TSNTNVm1U25I7E]SNYNfk1V1j1G;F8LnQN@ll18f1IdiZT1
20130530133654Bh_17,PTog24Y7Nbfk0;cQVODnPN:[o1N2N2N1O0010O0O0O10O2O101O001O000100102O01N001O0N00N10PP20E0gPL0So13:OXl9NSTF3N013N2NL4L`iVT1
20130530133654Bh_18,cc\Q12UQj0OTnYO1eQL0Qn1OQQ20aQd10]nYN01000hPN2_n1NcQN1\n1OdQN1[n1OfQN1Zn1OfQN1Uo1O10O01000O10OPO0oQN0Qo10Po10oPN1O10O01010O[PN0Zo12bPNNao163Mlmg0Kh^]h2
20130530133654Bh_19,dcl^22no1OZQV21fniMO_PN0So10mPN1Ro1OoPN1Po10oPN0Ro1OoPN1mn12TQNN_o1000O10000001O00010O1O010O01000O@3mPNNPo15oPNKPo10kPNO41Qo1OXQN1fn1OQQN0N2Qo1NZQN2Sn1NZRN0TO3bn1NjQNON8Xn1I[RN5fm1KgQNO45Un1LgQNO45Un1LgQNO54Un1MYRN3gm1MdQNO93Sn1NdQNO:2Rn1OdQNOUo12jPNNVo12jPNNVo13iPNMXo12hPNNXo12;1O0^PNMWo14:001O00100O1]PNI[o18dPNH]o17dPNI[o1:`PNHWo1OPQN<on1GoPN9Qo1GPQN9nn1HSQN8ln1ITQN6kn1KVQN4jn1LWQN2kn1MVQN2jn1NWQN0kn1OXQNKkn15a0O002NWPR10iomN01O0OfPN1Yo12O1O002N1O1O1O1O001O1N1O2N100O10000000001N2O00001OCiPN1Wo1NkPN1Vo1LlPN4ao100O00001O1N101N2OUne1OX^[S1
20130603063154Uh_1,Z]on13\4NTg10^UP11nnoN6K2N3N1O1O1O3M2N3L3N6J2M4M2N1O1O2N2N1N3N1O2N1O1O1OdNSRNf0mm1XOZRNc0em1\O_RNb0`m1]OdRNb0Zm1^OhRNc0Vm1[OlRNe0Sm1[OnRNe0Rm1YOPSNg0Un11N1O103M1O01O1O1N26LM001O1O0O2O1O1N2O00O010O00001O00O100O10O01O10OO2O1O1N1M4O1N2O2N1O1O2M2ORmo0Mhejh1
20130603063154Uh_2,\W[]22\50jfm02YSTOV1QO;H8I6K3M9I2M2N3M3M2N2N3N101NYNZSN4dl1DjSN8Ul1DUTN7jk1F\TN7ck1GaTN9^k1EfTN9Yk1FjTN:Tk1EPUN9Pk1FSUN9kj1FYUN8gj1G[UN8ej1F]UN:bj1EaUN9`j1EbUN;^j1CeUN;\j1CfUN<\j1AgUN=ol10O01O2N1N20O01O001O001N101N2N101NXdb^1
20130603063154Uh_3,_\lm06V;NZY10kfNMUY11]]\24lmcM3L4M3N1N2O3NO04L3M2N2N101N3M2O1N2N100O2N1O1O1O2O0O100O00100000O1O10O10O0O101O1O0013L021M02O1O10O02N2\O^QNFbn1NiQN3Po13N1O4M0O2N2O01O1O2O0O000001O001N000101N01O1O00101N2OO01O2OO2N001O2N1O102M00100O1O1O1O001O000000000000000000001O1N8I00dP41ZoK7oPNBSn1b0cQN?cm1DVRNb0hm1m0N10000O001O2N100O1O1O1O0010O100O2N3M3N0O3M2O2N1O0O2O2N6J4L0O2N2OO110O000102M3M10O00O2N1000O010O2OO11N010O1001OO101O2O1N1O1O0001OO02N001N3M2O1N2O2M2N3M2N2O1N3M3M5Hof_2J[Y`M1`c]`2
20130603063154Uh_4,geT^21VPj02foWO4M1O1O1O001O0010O01O100O100O010O0100O001O010O001O0000000010O00O11O00000001O0001O0000001O00010O000000010O0001N101O3M2M`YY]1
20130603063154Uh_5,\dlZ11PP61noK00101N010002O1NY[[d2
20130606133454Bh_1,lVYc05V81Y_1Mn`NNmf=0ePD100Sok00hPTO6L4L4M100^NIZSN8Yl1:YSNZOYO=[m1?lRN7Qm1]1N3M3N0M3L3O1G:LTNhSN9Ul1DVTN7hk1J\TN4ak1LeTNO]k10eTNOZk11iTNPOQO<Xl1b0lTNkNRl1S1TTNhNmk1n0f1K5N3N1010000000M1101M3O10010O10001O0O100010O0001N2O000O1O1O10O10O01O001O1O0100O1000001O000000O1O1O1N1N3OO100O2O000000000O10000000001O0001O0O1N2O2N100OO201O1O00100O0100001O001O0010O00001O01N2O2MfnS1EfjTQ3
20130606133454Bh_2,W^So23\Rb04\m_O4L3M3K5I8H6_QNnNnm1X1nQNkNom1X1oQNjNom1X1oQNjNom1d101OROPRNMnm1M\RN1bm1O`RN2\m10dRN2Wm10jRN1Sm11mRN1ol11QSN5gl1MYSN7al1K_SN5_l1M`SN4[l11eSN0Vl1JaSNnN9Y1Tl1E[TN<bk1BUTNSOEZ1Vl1BVTNXOAT1[l1BVTN[O_OR1\l1@WTN^O@n0[l1BVTNAHd0Sl1FYTNEHa0Sl1\OaTN1A?`m1]OeRN?dn1L1N2N2M2Mb]nm0
20130606133454Bh_3,YdP_22no1OiPV11PoiN8N2O1O001O000000O01000O10000000001O001O1O001O010O01O010O010O1O010O0000000000010O00010O010O00010O01000O01000O01O010O000001O0100O010O10O01001N2O1N2O001N101O5K001O0010N2N3N1N3L4M1O1N2O2Lnmk0Nm]QX1
20130606133454Bh_4,[dbl21cPj00QoWO4`PN0]o12`PN0`o180O100O101N10001O0O1000000000O1000000000010O1O0O101O0010O001O001O10O01O0100O01O0000001O00O10001O0001O0010O01O1O005KlZin0
20130606133454Bh_5,YeVV31YP`03boA3L3O1O02OO10O10O1000O10O10O10O011OO10O10000O010001N100001O1O01O1O001N1O2M`Ymf0
20130606133454Bh_6,Pbjf02Q3O\j=7mRB0kn15oPN0on1b000002NO010O3L4K6I5JROdQN`0Xn1]OPRNc0mm1\OWRNb0gm1_OZRN`0fm1_O\RNa0bm1_O`RNb0]m1^OfRNb0Wm1]OlRNd0Qm1[OSSNc0ml1[OVSNd0jl1ZOZSNd0el1\O`SN?`l1AbSN>_l1_OdSN?Rn1M3L4Kh[mV3
20130606133454Bh_7,_^UR12\2OUk10^20gPd21[oYM5eo14M3N1O1O2O0O2O001O01O00100O001O010O10bPNBYo1b010O01O001O000001O010O001O0010O1O00010O001O00010O01O00010O001O001O101N001O00001O010O00001O000O101OO10000@nPN2Ro1MoPN3Qo1MoPN3Qo1LPQN4Po1LPQN4Po1LPQN4on1MQQN3on1MQQN3on1MQQN2on1OQQN1on1OQQN1nn10RQN0nn1OSQN0mn11SQNOln11TQNOln12TQNNkn13TQNNln12TQNMmn13SQNMmn12UQNLln14TQNLkn15UQNKkn14UQNLkn15UQNKjn15WQNJin17WQNIin17WQNIhn18WQNIin16XQNJhn16XQNJhn16XQNJhn15YQNKgn15YQNKgn15YQNKgn14ZQNLfn14ZQNKgn15YQNKhn14XQNKin15WQNKin15WQNJkn15UQNKkn15UQNKkn15UQNJln16TQNJln16TQNJln16TQNJln16TQNJln16SQNKmn15SQNJmn17RQNJnn16RQNJnn16RQNJmn17RQNJnn17PQNKon1d0N100O100O2O00001O1O100O0010O001O1O2N2N3L3N001N101O0000001O001N10001N3M10GCPQN;Po1GPQN7Qo1IoPN6Ro1JPQN4Po1LRQN1Po1ORQNMon13`01N001N1O1O1O1O00100O1000O1000O0100O10001O0O100000001N2OUo]2LoPbM0aaR\2
20130606133454Bh_8,\cf[34V5N^e10YVX13mngN4L3N1O1O1O0O2O0O2M3N5L3M9H4L7I2N2M100O100O2N2N101N100O101N10OHPNaRNP2gm11000O010O10O100000000O02N100N2O1O2N1O1O100011N1N2O011N4L2N02N2N5J2O1N2O00010O6J3M1O0O1O3M2N1O00010O1000O010O01O1O1N3N8G2N1O1O2N1NYMGkUN8Pj1HWVN6ki1JVVN3li1MT3O\PNOZo12ePNN[o14dPNL[o17:M2N`na0NeQ\O1eo1O\PN0do11oQNO^l10h12UPN1O2OL01o02VOL`00RY[;
20130606133454Bh_9,i]\f03_21]NMWm=3gQD4K5[OIYQN=_n1K]QN9_n1f0N3L3N3M^OlQN[OTn1>TRNAmm19YRNFim14\RNKlm1GZRN;en12N0100N020O00101O0000O10O0O2N001N2M^_UW3
20130606133454Bh_10,gcn\22no1OoPl11QoSN2COfPN3Xo1OgPN2Xo1OgPN2Wo10hPN1Wo10hPN1Wo1OiPN1Wo10gPN2Xo1NhPN2Zo1KfPN7bo1000O1O001O10O00001O01OKbPNH_o10iPNOWo10kPN0To10mPNOTo10lPN0To10lP60boI000O010000001O00000000000001O00ho70YPL0ooK0000000QP40ooK0QP2000;0E0E0fPN0Zo10;000ooM000[PN0Zo10g00YO0<0ZPN0Zo10<0ZPN0[o10e00[O0ePN0[o10fPN0fo11@OmPN1bo10O0_OOSQN0_o10113OL010O0QP40ZoK0f0001]PNOSo12jPNNXo11gPNOZo11dPNO_o10`PN0bo10ZPN1RmY1OS_YW1
20130606133454Bh_11,k[cY11_Ph03YoYO4O2N100000O100O0010000O1000O1O1O100O2O000000000O2O00000000000000001O0001O00003M2N1O1O00000000000000000O1000O11N100O1N2O10icha2
20130609133454Bh_1,kbRV33n4NPf10Q50kPn15YooMN_o1;N2O001O001O010O1O01O0100O0100O100O001O001O010O1O1O010O10O01O10O010O01O010O01O0000100O1O101N1O100O1O010000O3N0O10O0010O00001O01O01O001O1O10O0100O01O001O001O001O1O011N1O1O2N100O2N1O10O01O010O0101N01001O000020N10O2N00001OO10O11N010O100O2N1O1O010O10000O100O100O010O010O0100O101N2O0O3N1N100000O101OO1O1O1N2N3K5M]l5HcSP10YPjN000iPN101bm1O\RN23N`m10^RN040]m10^RN07O[m16mQN4MH5N=0cm11kQN02ON=l0C]ZW<
20130609133454Bh_2,fo^a01cPl03WoUO7J3N1O1N2O00001O1O1N101N2N1O2O0O10000O101O0O101O1O100O1O10O010O2N6J00O1000O1000O0010O10O01O010O2O00001O1O1O2N0101N01O1O1O1N2CbPN5jo1KTobY3
20130609133454Bh_3,kedc03e5OZee07hT\O8I3L5L2MVOnPNh0Vo1O200000OO1O01O01N1001O01O02O0O1O100O1O100010001O5J7I:LOL0N11N3fNjQNc0Po1K11O3LO1O1N4L4KcUiX3
20130609133454Bh_4,P``c23n3NPh10kT^14PoaN4M2N2N2N10010O010O1O101O0O3N1OO01001O00010O0000000O10000O10O10O010O1O010O100O10000O11N10O10O10O010O00100O001O1O1O100O010O01000O0100O010O00100O2N3N0O2O001O0O010O102N1N2N10O100O100O1O001O1O00001O001O001O1O100O00100O1O101N1O100O1O1O1N2O1N2O1Nhl[1N[caP1
20130609133454Bh_5,kgjP14\8N[ek0>fRTOC_n1U1I4M2L4M3M2N1OO1O2OO12M2O1N1L4M4L3N1N\NXOXTNi0gk1_OmSNf0Sl1^OiSNb0Xl1@eSNa0[l1B`SN>bl1C]SN<dl1EZSN:hl1HVSN3ml12nRN0Rm1_1N1O3N0O2O10000O10O00010O100O1O2N2L4M3M4J7B=VOnQNAYn12dWoj2
20130609133454Bh_6,T[S]21PQT14jnmN3M2N101O0000000O1000000O2O00O1O010O01N101O1O1O100O1N2N2O1000O02O00001O0O100010O0000000000001N100O100O1O10000O100O100O1O100O10O100O010O010O010O0100O1O1O1O1L4O1N2O1N2O1Odd^\1
20130609133454Bh_7,R^]h01oo10hPR13TomN2N2O1O1N100000000O100000000001O0000000000000000000001O000O1000001O000O01000O001O10O10O1001O0000001O001O001O0O101O00O010O010O100O0100000O010000O01O001O0010O00010O010O1O10OO2O2M2O1Ojom0MXbhn2
20130609133454Bh_8,cVUV11YP<5`oE3N3M;E2N3N0001O0O3NO1000000O100O1O1O^OSQN1mn1NXQNNhn12[QNJgn14c0Ohhng2
20130609133454Bh_9,k_]V21oo10dPT12nnkNOhPN3Wo1OfPN2Yo10ePN2Zo1:0001O00000000000001O001O1O001O00001O0000O10000000000O10000000000010O00001O001O001O001O0010O01O000001O00010O00001O1O001O1O1O001O000000000001O0000001O0000001O0O100O2N101M2N2O2NYoQ1No`\`1
20130609133454Bh_10,mcbe21]me10bR\N0100000000000O10O1000PP2000QP20gPj00XoQO00010RP20noM0O10O00O0100110O00O00O010O010O000000000000000000000000010O000QP4000PPN0ooM0oo1000QPN0O0_mo00haYQ1
20130609133454Bh_11,h^VZ11oo10`Pl03\oSO2M4N0O2O1N101O0000001O00001O0000010O0010O101N10000O100O100O1O1000O010O01O010O0100O101O0O010O0100O010O1O100O100000O1000O01000O010O10O01O100O0010O0100N2OYni0LScY^2
20130609133454Bh_12,\hZR13a4OPia0=mQ@EkPN7mn1G[QN4dn1K`QN2Xo1O2OO0001011VQ8OhnG00000Tm10jRN11O1000aR60ojM0gTJ0ek11U2012NOfVmj2
20130609133454Bh_13,^YmW14c6Ndb10g6O\UV21bjiM2N3I7M3N1O2N3N1O1O001O1O001O01O0O100000001N1000001O00000001O000000000O10O010O010O1O10O01O2O000O10001O001O000O2O00000O10O10000O100O2O0O101O0O10000000O100O100O100O1O1O100O10O001N1O2F9O11O001O0O2O1N1000G9J7M2GkNeQNW1Yn154M202N010O1O1O1ZO^QNNcn1OiQNHWn17i000O101N011N10000000000O0001O001000001N011O000010O01N11O0001O10OO100O11O01O010O01O010O00010O001O002L3N4KZeV[2
20130609133454Bh_14,R]eS23b4Nhf11d400O]Sh30clWL0K52N^P<MfoC000000000000001_OOQQN1_o1000AOoPN1Qo1OoPN1Qo1OoPN1`o1000000000000000000001O01O0000000000AOoPN1`o11ANnPN2`o10CNlPN2To1NlPN2Uo1NkPN1Uo1OkPN1Vo1OiPN1Wo1OiPN2Vo1NjPN2Vo1NkPN1Uo1OkPN1Uo1OkPN1Uo10kPN0To10lPN0To10lPN0To10mPNOSo11nPNOQo11oPNOQo11PQNOon11RQNOmn11a000000000000000001O0000001O0000001O00000bPNLPo15nPNLQo15oPNKQo16lPNLTo14jPNNVo12iPNOWo12gPNOXo1=00O10000O100O100O1O1UOXO]RNj0bm1XO[RNi0em1XOXRNj0hm1WOURNk0jm1WOSRNl0lm1]OiQNe0Vn1^OjQN`0Vn1e000O0100000O01000OO2O10O01CPRNgNRn1Y1;O10OO2O10ON3O1O001O1O1O001O001O0N3O10O01O010O0010O010OO101O001N20O01O001O100O100O10O0100O1O100O010O10000O01000O1000O010000000O100000O10000O01000O100000O1000O10000000000000O1000000O10O10O1000000O010O00010O10O01O010O10O10O100O10O10O1O1O1O00100000000000O10000O10O1000O100O1000O10O1000001N1000000O2O000O101N1O100O2N2N1OUoW3MoPhL000nbVS1
20130609133454Bh_15,YSYP17R>N`S12`lNN`S10elNM[S11[>00Nm[n72RdQH2O0O1O010O1O10O10N2O010O1N2O100N2O100N2O101O0N3N2N2O@mPN3Ro1LPQN5nn1JUQN5kn1E\QN:dn1D_QN<Ro101O2N1O1O001N2O001O0O10O100000O10VONeQN3[n1MeQN3[n1MeQN3Zn1NfQN2Zn1OeQN0\n10dQN0\n10dQN0\n10dQN0[n11fQNNZn12fQNNZn12fQNNZn12fQNNZn12fQNNZn12fQNNZn11gQNNZn12eQNO[n10fQN0Zn10eQN0\n1OeQN1[n1OdQN1]n1ObQN2^n1NbQN2Uo11O1ZOL`QN4`n1L`QN3an1M^QN3cn1M]QN3cn1M]QN3cn1N\QN1en1O[QN1en10ZQN0fn10ZQNOgn11XQN0hn11WQNOjn10VQN0jn10VQNOkn11TQN0ln10TQN0ln1OUQN1jn10VQN0jn10VQN0jn1OWQN1in1OWQN1in1NYQN1gn1OYQN1[o10[OO\QN0dn10\QN0Xo=0]oC0e00dPN0hn10d00cPN0in11VQN0jn10UQN1kn1OUQN1jn10UQN0jn12VQNMbn1;^QNEcn1:^QNF`n1:aQNG]n19eQNF\n10mQN1Po10SONmQN2Sn1NmQN2Tn1NkQN3Sn1NlQN3Sn1OlQN1jm1:TRNHlm17TRNJhm19XRNGem13dRNM]m1LjRN4Sm1LoRN4il1KRRNOW16gl1I^SN8Sn14NOdNFVSN7[n11NIlNNjRN1bn1O12EOfPNO_o14ALZQN4dn1Mg0OC0lPN2`o11NO2N21^o7O`PH1mo30TPL01OO0onS24kPlM7K3O0O2N2O0O100000000O100001O00000000001O000000000O100000000000000O10000O10O10O10000000000O1O0010000O10O01O1O10O00010O100O010O10O10O010O010O01O10O10OO110O1O0O200O1O100O010O010O1O0100O01O010O10O10O0010O10O1O010000000000O1000000O2O000000001O0O1000000O100O010O10O10O0100O00010O1O01O10N2O0100O001O10O10O10O0001O10O1O0100O001O100O00100O000100000O10O2N1O100O0100000O10000O010O01000O010O10O1000O00010O1O00010O00010O0000O20NO0120L200N310L3O110O010O010O1O100O0000100N1O1M310N2M210M2O10010L4M120OO1O1O200N2N200N3M2O100O2O000O1O2N100O2N101M2O2M201M3K40mlc6LWS\I000000000glRc1
20130609133454Bh_16,dfZ\13X6Oiei04fSXO6K5K4L3mNYOiRNS1kl1ROPSNS1ll1YOeRNl0Ym1n001O10000O2O1O00001O0001O1O1[NdRNd0[m1UORSNe0ol1UOZSNF]Od0Po11OO3N0012O0N01O1N2O1N10010O10O2O2N00O2O1N100O10O1O2OO0001O01N100O2N3M3LVTQ_2
20130609133454Bh_17,g^hl21ePd02Wo]O2N2O0O2O0O1O1O1M4O1N101N10001O0N2O1O2O0O10O1000001O00001N2O2M2O001O001N100010O01O1O0O2N2O0O4Ke`co0
20130627063134Lh_1,`YWV22W3O_i10YSf10YQXN4Zm1LPRN109lm1FTRN1O<^n1D]QN0E`0ln1@]QNl0]n1SOdQNQ1cn11SQNnNkn1T1O100VQNkNin1V16I10100O1N2O1O0O2O1N2O1N2O0O1O100O001O100O10O0001O0001O0000001N101O01O001O0000ECSQN=ln1ERQN<mn1ESQN;mn1ESQN<ln1ESQN;mn1ERQN<nn1DRQN<mn1FQQN:Po1;0000O0100O10O100O0100000O10O1000O10O0100O00010O0100O00100O100O10O010O010O0010O01O000N200010O01O010O01O001N2N2O1000O001O001O0O100O1O020O00O2O0N3N2N2N2K5FVf`_1
20130627063134Lh_2,`cRQ21oo10PQl01nnSO2N2O001N100O10000O100000000000001O001O000O2O0000000O10000O0100O1O100O1O10O01000O1O1O1O100O010O1O01O0O110N2O0O2O00010O010O010O1O001O100O100O10000O1O100Njoi0Oi\]g1
20130627063134Lh_3,WdfP13Y3NZi11[3OlPh10ToWN2N2O1O0O100O2N1000000O1000000O100O100O01000000001O1O100O010O0100O1O01O01O1O001O10O01O00000100O2N000001O001O0010O010O1O2N010O010O100O0ePNCTo1=iPNFWo1b00O2O0O01000O1001OO0100O1O010O2N2O03NO001N011OO1100O01O001N4M0O1O1O001O1O00001O0O101O000O101O0O2O00001O00000001O01O000000001O000010O0001O00001O000O2NZmg1Oa^i`2
20130627063134Lh_4,VWko21YPf02co[O2O2M2O1O1O001O01000000O011OO2OO10O00100O0000000000000000001O0010O01O1O1O1O5K1O1O00O01O1L4O00N3M2O2M2N201M4LehPl0
20130627063134Lh_5,]eQP22no1O_Pn03^oQO2N1O3N001O001N10001O1O1O010O2N1001OO0101N100O10O10000O10O01O010O1O001dPN@Vo1f01N00000001O0001O0010O0001O010O001O1O001O10O001O000O2O0000^OhPNN0;co1N1O10O01O001O0000001O0000001N1000PYfi1
20130627063134Lh_6,cXSU13f3O_h1OPWj02hlUO1O0000000O2O01O000O2OO1000000O100O00100O100O100O1O100XMGhUN:nl11O1O0QNFYTN:hk1GVTN:ik1GVTN:hk1HXTN7hk1JWTN6ik1LUTN4kk1NSTN2nk1OQTN1Pl14iSNLWl18eSNI[l18`RNZOP1=`l1`0\SNAel1`0YSNAfl1`0ZSN_Ogl1b0WSN^Ojl1c0TSN^Okl1e0RSN[Ool1f0nRN[OSm1e0lRN\OTm1d0kRN\OVm1N[RN4>NXm1d0fRN]O\m1c0bRN]O_m1c0`RN]Oam1b0_RN_Oam1a0[RNAgm1?SRNEom1U11N2O1N2O2N1O2N1O1N2N3N1M3M4]OXQNHln14a0M4LkfTe2
20130627063134Lh_7,`XWX21fPf02Vo[O1N2O100O1000O010O00010O00010O10O001000O010O10O0100O10O010O0100O01000O10O10O10000000000O10000O100O\gnc1
20130627063134Lh_8,od^U32=0e2OZi10ZTT12VokN2O00000O2N1O2O001O001O01O0001O01O000010O001O001O01O010O010O010O010O0100O010O010O010O100O001O00100O010O1O010O1000000001O1N2O0010O1N1O1O2OO02N0O2O2N101N12O2O1M2N1O1O1O00002N11N0O1O2O0O1000O100O002N2M7JSmY1JT^Y`0
20130627063134Lh_9,Peca12no1O1000aPZ31]oeL1N3O001O000O2O000000001O00000000001O001O002N100O001O0001O010O001O1O001O001O01O0001O000000000000000000001O0000000000000000001O0000000001O0000001O1O1O0000000O10000000000000001O0010O0001O10O01O01O010O000O101O0000001O001O000000000O101O0000000001O00000000000001O01O0001O0000000001O000IFhPN:Wo1GiPN9Wo1GiPN9Vo1HjPN8Vo1GkPN8Wo1GiPN9_o100000000000000O1000O1O1O100000000O01000000000001O000001O0000000000000O10000O1000001N1000AdPN;ao1O002OO01O001O00010O1O1O010O2O0OWPNMfo18O0O2OO_OG[QN:Vo1O@GYQN9hn1GXQN8Yo10_OHYQN7hn1IXQN6AJUo10[QN8en1HZQN9en1G\QN8dn1H\QN9cn1H]QN7cn1I^QN6cn1I]QN7cn1I^QN1@0Ro1OdQN0\n12bQNN_n11aQNO_n11aQNO`n10`QN0`n10h00i00_N0`QN0Xo10YO0_QN0Xo1000YO0^QN0cn30fPN010ePN0dn11[QNOfn10ZQN0fn11YQNOgn12YQNNfn12ZQNNgn11d00fPNOen11[QNOen10kP41noI0eo19OK^PNKdo10cPf00fo]O2kmS3NSRhL000P[Vf1
20130627063134Lh_10,YkRo01]Pd00\o]O2YPN1do1:K2O1O001O10O0GcPN0]o1OcPN1^o19OAcPNO09^o1FgPN9ao100O10O00001O000O2O0O10O01000O1O001O1O1O1O1O010O1000000O100O2OWT_m2
20130627063134Lh_11,h_ge03_23mMME>1FO30J0OYk1NhW60VnG0^m12X101NTP40moK0O20OO11O00O1lPNNZn11eQNO[n12j0000TM0gUN1Vj10lUNORj14nUNLeMNjk17aVNKdMNkk19`VNIdMNlk1<^VNEQj1>mUNBRj1b0kUN^OTj1e0iUN[OVj1i0hUNWOWj1m0fUNSOYj1P1eUNPO[j1Q1cUNoN]j1R1cUNnN\j1T1cUNlNQN0Rl1W1lUNhNQN1Sl1Y1QVNgNPj1\1jUNcNmM0Zl1`1eUNcN[j1_1dUN^N^j1c1o13N1N2O000001O1N100O0100100OO10001O00O2O5J100O1O0100O010O010O13L3N0O1000O0100O100O00100O2O1N1O2O0O2O1N10O01000O01000O10O101O1N1000O010O010O010O0001O001N101O0O2O001O1O010O1O1O1O1O1N2O001O100O3LYlY1LTdjn2
20130702070714Th_1,\ife21oo10ZPn03boQO2O001O1O1O100O01O1O0010O010O010O1O010O10O02OO0010O010O0100O00100O0010O100O001O2N1O1O01O00000000001O000O2O00000O100001O001O000O10001O001N10000O01O1OKEfPN;Wo18O101N02M2O2N2KcPNE_o195Kkom0LRWmQ1
20130702070714Th_2,haVj01oo10aPR12\omN3M2GIfPN8Zo1IePN8Zo1IdPN8\o1HdPN8]o1HaPN9_o1GaPN9co10000O100000000000000O100O1001O001O1O1N101O00000000000O1000001O1O1O1O00001O001OO101O0000001O00000000000O101N100O101O0O10001O000O2O0010O010O010O1O10O00010O1O1O3N1NToQ1LX_il2
20130702070714Th_3,b^]l22e3Oikc00`P^O2M2O1N2O0O10001N2O1O1N101O2N1000O1OO1_O@]QNOKc0hn1`0O0kNUOWSNj0jl1WOUSNh0kl1ZOTSNe0ll1\OSSNc0ol1^OoRNa0Rm1CiRN=Ym1DeRN:^m1LVRN4Pn1j04M5L6J5M5I6K4I6CfPNM`_`P1
20130702070714Th_4,odR_12no1O100000nPd32Po[L0O2O1O0O2O00001O0O2O00000O2O000000000O100000000O2O000000001N100000000O1000O1000000000000O2O000O100O1O2O0000000O101O00000000001O00000000000000001O01O0000000001O0001O0000000000000000000000000000000000000000000O10000000O1000000000000000000000000O10000000000000000001O01O00000000000000001O0001O0000000010O00000001O000000000010O000001O000000O100000000000O10O1000000001O000001O0001O0000000000000000001O00000000001O01O0000001O0000010O001O000010O0001O01O001N1000001O00001O1O01O0000002OO01O001O0010]PNJZo16fPNKYo15gPNKZo15dPNL\o14dPNL]o1;010O000010O01O1O001O00100O00001O0001O01N100000001O00010O0000001O0001O00011OO010O010O010O0001O01O0101N100O010O000001O00001O001N3N1Oimc3K]]ma1
20130702070714Th_5,cXmf12no1OfQl01XnSO4M101N10001O1O000000000001N10010O00000000000000O100O10O10O10000O010O01O010O010O1O010O10O100O010O1O01O010O00001O01M2001O00L4001O001OO1O1O100OO3O0O2M2N3O1N3Meoi0Okg^Q2
20130702070714Th_6,_]WP21V50hfe03jS\O7K5L3M3J5M4PQNWOen1V1L3_QNiNTn1c1O001M2N314LOO10000O2NfNYRN;im1_O]RN?cm1_OaRN>_m1@mRN7Rm1GSSN7ll1FXSN;fl1C]SN=bl1AaSN?^l1_OeSN`0[l1]OhSNd0km1O1O2N0001N2O0000O3N1O2N1O10O0001N3M3M5K00OOW^jk1
20130702070714Th_7,mdb`11oo1000nPV22PoiMO10O01000O001N200000O2O00000O1000_PNOSo11mPNOSo11mPNOSo11mPNOSo10nPN0Ro10nPN0Ro10nPN0Ro10nPN0Ro10nPN0bo30ooM00000PP`00PP@000000000oo10QPN000O0foY50[PfJ00000QP:0ZPd00eoQO0QP20ooM1O10O000000O10O100O10iYSR2
20130702070714Th_8,QYQg11[QT10dnmN01000O00000000000O010_og10UPVO0SP\O0QgbS2
20130702070714Th_9,P]_o14]8NP_10]Z\1OXncN0O1OO01TPN5ao1LaPN4go1O0M[PNNio10O10O01032LO001O0010OeN1cRNOYm17eRNHem11XRNOmm16jQNK\n10bQN0Yo1OZo30gPN0ooM001dPNOdn11\QNOen10e0010O100hPNOan12]QNNdn12g000O1ObP20lnM0PQN1on12nPNORo13kPNNUo16fPNJ\o14dPNM\o11cPN2^o1>JO1101N1O10O0O1N2OjQN^Ool1a0mRNERm1JSRN7i03cn12M4K4N2N2M3O0M3O1O1O1O100O0000O0010OO2O1O1M4N1O2M201M3N3M2O1N2NY]Ri1
20130702070714Th_10,RVkc05h80V^1NPbNNP^11S\V2;YliM=I8H5K5L4L5K3L7H5@VNdRNQ2Xm1?L2N4L3M4L2NSNbSN;]l1AkSN<Sl1C[TN2dk1LcTN0[k10hTNOWk10mTNOQk10UUNMij1_OPTNG]1h0cj1_OQVN`0ni1_OTVNa0li1\OXVNc0ii1YOZVNg0gi1UO\VNj0^l11N11O0002N100O07H20OO100O0101O000O2O000O101OO10O100O2O003M0002N1O1O00001N100O10O100O101O1O0002N0O2OO01O100O1O001O01O01N2O1N2O2L3N2N1M4MXP82hoG000]Ph1NeoWN000UP62foI4M3O002N1O1O0O1O100O101O00000001O00000001O0000O1O2O1N1O2N2N1O101Ndbnn2
20130702070714Th_11,abWT22VQ`01dnAO^PNO\o10:0fP>0[oA0000001N1O0O1OO2N01Vog0OfPXO5V]Pi1
20130702070714Th_12,bVYe03k50jfk03kRVO1mPNJin12dQNOTn11TRNOem10`RN0\m1OiRN0Tm10]10O1lQNOZl11n3OfK0eTN0gm10N20O010N00QN4QRNLbo14ePNMUo11TQN6^n1IoQN2km1NYRN1dm1O`RN1\m1OgRN4`l15\RNH^1Ndk10USNb0bn1^O]QN4Ro1MkPN4Vo1NfPN3\o1N`PN3bo124L4N_hfW3
20130702070714Th_13,_^[P22o3OYio09gRROH1OfP`00[o_O0WP80ioG0O0f^\m1
20130702070714Th_14,hWcS32h2Okla01VP@5N1O2O0O2M2O100O0100O10O00001O1O1M2N20O1O0O3N20ON3O100O100000O1O11O01000O100N011O2KngTi0
20130702070714Th_15,jSUd22kQf01Pn[O3N4L3M3M2N2M1I]OSQNc0ln1_ORQNb0mn1APQN?Qo171O1M3IkPNAXo1<7O10O0K5010O000O11@_O`QNa0`n1CTQNf0kn171O1N10100O1010O1001FRQN^OPo1>SQNAnn1;VQNCkn1<>O0O1O2N1M3O1O2O_kRX1
20130702070714Th_16,QeT`11oo100000dPf40\oYK000oo10QPN000000000000000010O0000QP40VPV80ioeG00000000000O100000000000000000000000001N10000O2O00000O1000O100000001O0O01000O10000OXZen1
20130811121434Ch_1,TTii12no1OaPZ10_oeN2O001N2O1O1O001O1O001O001O010O01O01O0100O01O00010O0000100O0010O01O01O01O01O00001O01O01O001O010O0010O010O010O00010O0000000000O100000001O0001O0000001O00001O001O0000000000010O000001O00010O1O001O0010O01O010O0001O010O1O100O010O1000O0000100O100O101N0010O10O00001O2M3MVn[10gmfi1
20130811121434Ch_2,YcbQ24e70^`1Oe_NO[`1Ol70^Ql23^nSM2N101O0O2O001N10000O2O00001O001O1O2N001O010O1O00000001O01O0100O100O1000O010O010O2N011OO20O00014J11N100O2N002N1O0010O10O100000O010O01O10O01O1O00010O01O010O010O100O1O3N3L1O2N011N0010O00010O0010O02O003L2O0O10O10O05L10O2N0001O1O03OON10O1N102N1O2O0O02O003L5L00000002O1N0O2O00001O011N0100O0000O0100O001O2N1O1O1O100O010O100001N102M110O0O0100O10O100O10O0100O010O0102NO02O001O000O11N01000O01O1O1O1O002N1O001O010O010O010000000O2O00O01O000000001O001N102Laig2MdVXM0g\_Z1
20130811121434Ch_3,o_SQ11]QV11]nkN8XPNG_o1<`PND_o1=11O10O01000000O2O00001OO10000O100N101O1O010O0100000O010000O10O01M201O1O10O100000O10O1O1O010O01O1O1O1O1O0010O1O1000000O101O1N1O1O2O0O10000O10000O0100O0010O010O10O000001O1O3M2Meom0Ma`Rf2
20130811121434Ch_4,gkfU32k3OWh10gTR13QomN5L3N3M3M3L2N2N102M2O10000O0100O2O1O1O0001O00001O0000000O1000O1O100O10000O2O103M0O1O0O10001O1O1O0000000O001O1O1O0O2O010O01O100O2N3M2N100O10001O0O1000O0100O001O00@jPN6Vo1HlPN8Uo1GmPN7To1JiPN7Yo18O0001O002M3EaPNOcl[1LcWe`0
20130811121434Ch_5,\]gm03f4Obh;1eRF0cPN5fm18URNKM8bm1g1I7K5K3M5K4K3O1O[MkSN?ID\l1F`TN4[O2Pn1BXRN;in1O001N1O3Kd^fP3
20130811121434Ch_6,RdnR22b2Oij10WST13ZokN001O1O001N100OL]PNNao12aPNM_o12bPNN^o12800O10000O1000[QP50enoJ0QP2000ooM011N1O4MO2NomU1MR^]b1
20130811121434Ch_7,WZ[Y15h:OWZ11ieNOWZ10leNNTZ10o:O10bX\61[gcI6L0O3M3M2O002N001O00001O000000000000001O00000000000001O00000001O0000000000000O100000000000000000O01000O0100000O1000000O0100000000O10000000000001O00001O0000000001O0000001O000000000O1000000O1000000000000000000000000000000000000000000000O10000000000000O0100000O10000O1000O10O1O100O01000O1000000O1000000O100001O000000000O1O1000O0100000000O101N0100000O1OO20000O0O20000O0010000000O100O01O1000O1O0100O001N1O110O1O01O10O1000O100O100000O10O1O10000O1000000O1O1000000N20O1OO2000O0O1O200N001O200O0O1O200O001O010O1O10000O1O10000O1O10000N20000O100001O0O10000000000O1000000O100O100O1000000O1O01000O001000O0000010O001O010OO11O010O0010O10N101O010O001O100O0000100O0O1010O10O1O01000O0010O100O100O100O01O1000O1O0010000O1O1000O001000O01O010N1O2N110L3O1O110N1O2N020N2N0O120NO11O110OO11O010O0001O10000N1010000O1O00100O100O100O1O1O100O1O1O100O1O1000O0001O10N1O1L320N2N00110O0O1O110NO110010N01OBmNRRNS1om1mNQRNS1nm1?0O1O200O0O10100O0O1O2O100B>H8M301L4N2M203Gima5GfR^J000010Ojom00VPRO1heV\1
20130811121434Ch_8,g_kP12no1ObQ\10[ngN0SPN000QPN000ooa00aP\O0_o1001AOnPN1ao10AOnPN1ao10AOoPN0Ro10?0^PN0So50^PN0PPN0eoS20\PlM000000000oo10\P20WoM0kPL0Uo11<0_PNOUo10kPN0Uo10kPN1To10kPN0Vo10iPN1Vo12gPNNYo14dPNM]o1;O100O10001N1001O010O0O2N2N1O2M3M4L_o[1Om`Rd2
20130811121434Ch_9,jX[b22V3OYl70ToI6^QNJk05hm19kQN0Sn15aQN3\n1k0K4J6G:M2OO2^Oa0[Oe0L4@b0N10gf\\1
20130811121434Ch_10,R[Q`15c9Nb\12^cNNb\11acNM_\12h9O1O^WP60choI0iPN0^n10bQN0^n10bQN0^n10bQN0Wo100000000000000000000000WO0aQN1_n1OaQN1_n1OaQN1_n1OaQN0`n10`QN0`n10`QN0`n10`QN0`n10`QN0Wo110O100000000000oo10QPN00000oo10QPN0To70kPJ0QPN000PP60PPJ0000000kP20Zn?0hPL0RPB0oo10QPN1O01O10000000O1000Omo=0PPF0SPL00010O1O0100000000000000O1000000000kPN0Zn10k00000000iPN0^n10i000000O10OPP20PPN1O0O00011N01O0011O00O0020O01OQ10oM0P10PP20PPN10OPP40O0QPL1oo1OQPN10O100001O0001O000000000000VQ20hn30no90kn11XQ^OOSQN0km10R10TQN0jm10R10000100RQ4OjmK0Y20fM0UQ20SQ<0cno00cnA1eQPO00000020N000O12OO001O020O001O010OPP60QPJ0ilY80WSfG001O0ndl^1
20130825141154Bh_1,e`Zg23c4N`gi02gSXO8I4N2N1O101O0000001N110N2O0000100O00000O10O010O01000000O3O0O2N2O=B3N1OO1O2N1O2N1O2N1O2N4M1O00O1010O00001N02OO1N1O3M2G:GT\QT1
20130825141154Bh_2,__kn04k62aIc0E^O1JYg12QaNOS_10RaNO_gc00ooA0PPL00000do?0]P@0O000Pog02`PXO`0L3M200O1O1N2O100M3O1N101O1O0100000O10O010OO101N11ON3M1N300M3N2O02O0N2O1N201OOO2OO03N0O2N2O2OO02N101O1O0O2N101O1N1O101OO000O1O2N2O1O020N101O1O100O1O10O10O01O001OO10000000001N011O001O01O01O01N101O1O1O0O2O1O1O001O01O0000010O0000010O01O000001O001O001N101O001OO11N110O0010O0010OO11O01O1O100O100O1O1O10000O1O10O01O001N20O000001OO011N10001M2O2M201O0000010O001O001O001O0O020O01N10100O0O2O101N1O1O1O2M3O0O3M101N2N1O2N2N3K]nY20fQfM1``P_2
20130825141154Bh_3,hW]l23c5Nfd10aZV11RkiN3O0O1O2N1O1O1N2O1O0O2N101N2N1000000O1O1O1PO\OdRNe0Ym1C^RNa0am1o0O0O110ML6O1O200O001ROVRNEkm1:m001M3O0010O10O0100000O1000000O1O10001O001O001O000O100O2O001O10O001O0010O1000O010000O1000000001O0O1O2O0O100O11O1O001N101N1O2M2O2N1OonY1O[iXi0
20130825141154Bh_4,dglg02W3O_i10bTP11enoN3N1O1N3M2O1M3M2N3L3N2N2O1O1O0010O1000000O101O010O0100O2N100101N<D00000000001OO101O1O001O0O10O10O3N1O1O000O10000O0010O010O001O0O2N1O2N1O2O1N2N3J6IVV[R3
20130825141154Bh_5,WT_h23R4NYkU12aPlN1O1O1O1O1O1O10O10O10000O010O1000O0100O1O1O100O010O1O1O1O1O1O0O2O0000001OO01A?L30001000O1O1O100NZOQO_RNo0bm1WOWRNi0km1ZOPRNf0Qn1c02M3N2N2M3N2N1O2N1O2M3N2N2O1N2N2M3L5M2N3M3LYok0Khllo0
20130825141154Bh_6,ijfn12no1O^Pn02`oQO2O1O0O2O001O1O001O010O00001O1O010O0100O010000O010000001O1O0010O01O011N01OO20O1N100O10000O100O2O0O100O10O010O00010O01O01O00000001O00O101O00000000000O10000001O000O10100O001O0N4MWnk0ORWkh1
20130825141154Bh_7,U[Qg03]5OQe1O^YX15mkgN10000O101O100O2N002OO010O001O0010O2N101O00O100O0100O1O00001O0010O00010O001O000O1O1O1O01O1O001O1O0O2O0O1K5N3N101O000010O1O0O2OM2M4O1_OUOlQNm0Sn1`00000O01OhNgNPSN67S1jl1@oRNJ6Bkl1c1YSNZNgl1e1\SNXNfl1g1^SNRNel1n1g0N2O3[NPRNU1fn1F9H4K6J8Hlmo0JWgRP3
20130825141154Bh_8,l[P`12kPh05mnYO4L4M3cPNFnn1g0N100O10O100O10O01O001N1O101O001O01L4N110O1O01000O010001O0000000O2O00001N1O2O0O1O2O000O2N3L5EgcQ\2
20130825141154Bh_9,lUoY22d2Oil=4XPD6N200O100N2TOKiQN8Un1k0M201N2N3N100OAnQNROQn1i0XRNTOhm1h0^RNVO`m1i0eRNUOZm1k0hRNTOXm1<PRNISo14a0JhiTd1
20130825141154Bh_10,gljn11oo10[PT11cokN2O1kPNNZn12cQN2\n10_QN4`n1N]QN3dn1OXQN2hn11UQNOmn11PQN0Ro1>1O001O001O1O2O0O1O001N101N1000001N1000001O00000010O00001O01O0001O01O00O2O0000O010000O010O01O001O001O001O001N10001O00010OK501O01O001O100O10O10O10000O1O1O1N3MioS1MeSSh1
20131027185354Bh_1,`cX`03e3Nbh11g3O10iPZ23RoeM3O1N101O1O100O1O3N0O1O10O00000O100O101O010O102NO02OO100000O10O101OO00001O00001O0003N000O01O00mPNJ^n14aQNO^n10bQN1^n1NaQN4^n1LbQN4^n1LaQN5`n1J`QN6an1I_QN7bn1H]QN9cn1G]QN9cn1H[QN9en1G[QN9en1GZQN:gn1EXQN<hn1DXQN<jn1BUQN?ln1@TQN`0ln1@TQN`0ln1@SQNb0ln1_ORQNb0nn1^OQQNc0on1^OoPNc0Qo1600001N10001O00000O1000001O0000001O000000001O001O000000O1O100O01000000001OGiPNJWo12oPNKQo13RQNLon11SQNNon10SQNNPo1OQQ82^oG1N2O2N1N2O003M2N00O101N10000001O002N1O00000001O001O001O001O00000001N100O100O10000000000000000000000001CbPN7]o1GgPN7bo10^PNHZo18fPNH[o18600000O101O0001O01O01O001O0000001N10001O00000001O000001N2ObnQ2O]\[l2
20131027185354Bh_2,]`cc12k1OQne00hPZO2_O2nn1N]QN;cn1GRQNO1<kn1a000OO2N101O00O00M301M3O0000000O2M4M2O2OO1000O10000OO1101O0001N010N20000001N2O1N3M4LS_lX2
20131027185354Bh_3,PaRX22o2Ooi10Q30cPP21\ooM1N2O00001N2O0000000000000000001O000010O0001O000010O01O00001O100O2O0O01O10O01O010O0001O001O001O0000001O11N10O01O010O00100O2O1OO010O01O010O000010O0010O01O0001O000000000000000O2O0000000O10O10000001O000000001O0000001O000100O001O00001O1O000O2M2000D`PN8eo10O0001O01O001O010O001O1O01O00001O001O00001O01O00100O00010O001\PNH_o1=O1O1O1O100O00001O000001N1O100O2N1N2L5N3M2MR]gZ1
20131027185354Bh_4,ncnf22n3OQh10gTV14ToiN3N101O2[PNH\o1k0C00000000O101N1O2M3N2J61OO1O1N30N100O100O10O1102L1O010O010O10O1O1O1O001O010OO2O001O100O01000O100O100O2O001N1000O1O001N20O00001O002O1N2O0oPNZOgn1P104K1000N2O1N2O1N2N1O10001O1O1O00100O01000O011O0O2N101N102M2O0O1O1N3N1O1O100O1N101O1NjlU1M\_om0
20131027185354Bh_5,iTi[31_Pl03]oUO4K2O0010O10O0001O01O0O2O1O0001O001O1O001O0000O100O010O01O010O10O0O2O1O001O1L3100O2O0N3O001000O3N0O01O1N101O010N101O1N2Nfj`?
20131027185354Bh_6,kc\W33mo1ORQf11WoWNO_o11_PN2eo13N1O2O1N3L20000O101N100000001O00101O1O1N101OO1O2O00O0010O100O1000O2O001O0O10O10O0100O1O2OjPN[OQo1e0lPN^OTo1f010000002OOO11N002N1O1O1100O0O0100O01101M2OO1O001O0000O0DlPNMUo12mPNJVo16:3mPNGZn19bQNL\n15bQNM^n19ZQNIfn18XQNHin19VQNFkn1:WQNBmn1<;011O2N3N00O20N3M1O305I1M3M1O10000001N5MOO100O1O1O1O001O0000100O010O002O00O02N1O2N1O1O001O1O101O1OO2000O1O4J3N3ISke0ORUZO0RP`00VP^O2K1]o1NnPN1mn5NaQJ6WZY<
20131027185354Bh_7,lonS21oo10TQZ11kneN1EOdPN3Zo10dPN0\o12bPNN]o15aPNJ`o1;01N2O0O1O1N2O1N101O102N0O2O2M2O@SQNMmn12UQNMjn13WQNMin1OUQNE2;jn1OUQNF22N1ln13WQNK51en12WQNN4OON\n14aQN1?MPn11_QN7=IWn1NZQN:?I[n17eQNI[n16eQNK\n14cQNM]n14ZQNIK4ln12XQN5in1KWQN3kn1MTQN3mn1MSQN3mn1MRQN4mn1LTQN4kn1MUQN2kn1OTQN2kn1OSQN2nn1`0N2000000000O2O1O0O2O1O0O100O2O000GiPNIWo1`01O1O5L1AaPN:co10O1O00001O00O100000O1000OaPNE[o19ePNIZo18fPNHYo17hPNJWo17iPNIWo16jPNIWo17iPNHXo18hPNHXo18iPNFXo1:700O100000000000001N10001N101N2NmnU1NZQaa1
20131027185354Bh_8,W`PV24^8Mo^12RaNNn^11a8OfQ^50[naJ0QP20QP40ooI1O01OPP20ooM0B0_P2000ooM00000000000000000[Ph00eoWO010<0WO0hPN0Xo10<1O0]PNOWo11iPNOWo12;0^PNNVo12=0]PNNWo11<01O]PN0Vo11iPNOWo11iPNOXo10hPN0Xo10gP80[oG0:0E2dPNN[o13ePNM[o12fPNNZo10hPN0foY11WPfNO\o12ePNNZo129100^PNMWo12;O201OSPN18OWo14=M1O01ZPNO\o10:0QP40ooK000000010O000RP40O0]P84^oC2OJZPN1ko1000000OQPb00oo]O0O0_O0SQN1\o11M301\PNKVo1OjPN7OMVo1LhPNc0Xo13O1001N100O002N001O0O`0A01O1O2M2M3N1O1000000O10001O01O0N3O\PNGbo1;1O000005L172E0000000001O0O100000gPNCon1=oPNGon1g0N_OSQND24kn16UQND35gn16WQNE3:`n10_QNF2<[n1MdQNH30H5_n11gQNJSo14nPNLUo10lPN0bo101O000010O0010000aPN0mn10b0000O101N0100ObPNNnn13RQNMon11RQNOmn12RQNOon10RQN2kn1OWQNNin11XQNOhn10XQN0hn11XQNOhn10XQN0in10XQ80[oG000ao10oPL0dPn11mneNOooG0QPH0PPN000O2O000O0010O001O00^OOVQN0jn11UQNOln11SQNOnn11PQN0Po12nPNNTo11kPNOWo10hPN0eo1Ooo10nhi30SWTL1O00000i_]l0
20131027185354Bh_9,`U[e21nQj00PnWO2N1O1]O0UQN1hn14TQNMln14SQNMjn14WQNMhn14XQNKgn15ZQNKdn16^QNHcn17^QNI`n18bQNG^n19bQNG_n18aQNI^n16eQNH[n17hQNFZn19f000O100O1000001O010O00100O010000000000000000jQNJbl16d1010O01O01OO100000O1000001O002N4M:E1000O0DoPNGUo14?L_ok0NUkPT1
20131027185354Bh_10,bUee22803OXPf00`oYO0io141NDNjPN2So1NnPN4Qo1LPQN3nn1NRQN2]o10BMQQN2^o1N3000mo10PP20nPJ0Yn30jQL0im]10ZQdN0PP60\P40ooC0\o11_PN70H`o183N2J^iRV1
20131027223034Lh_1,QdTh22g3O_h10_TZ12WoeN2M3O1N7J2N1O2N0010O01O01N1O1O2O0O2O010O1000O1000000000000O010O010000O0100O1000O01O010O01O01O010O0010000O011N10000O01000O10O010O10O10O1O10O101O2M>C1O0000O10O10O010O001O1O0O101O00001O1O001000000O2N100O1O1O2M2O1O2N1O1O101N100O10O01O2N2M3NlXon0
20131027223034Lh_2,oonT21oo10dP^11ZoaN2O001N10001N1000001O00001O0001O01O000000010O00000001O00001O0000000O101O00hPNKen14[QNNdn12[QN0dn1O]QN1cn1O\QN2dn1N\QN3cn1M\QN4dn1L\QN4dn1L[QN5fn1JZQN6fn1JYQN7Zn1HcQN138Yn1IaQN058Yn1JaQNN59Zn1K^QNM4<^n11_QN1an1O]QN3cn1e000001O0O2O001O1N2O1O1N2O2N1O1N2O1O2N2N1N2O1O1N10000O1000000O100000O100000O100000000O1000000O1000O1000000O1000000000O10000O1O2N1O1O2MTo]1OPQo^1
20131027223034Lh_3,d[mg24lo1MeU^15SjaN7L4J6M3L4L4[OoNhQN18V1km1c0N3K5K4O1O1O2O000O0100O01O00000O2O1N2O1O100O101O1O2O0O10O1O002N001O001N100O1O1O1001O1O1O1O1O1O1O001O0O1000000O0001O000001N010O10001N10001O000O11M1O2O10000oNnRNTORm1j0XSNnNil1P1U1MaNcN`SN5:W1Wl1hNZSN5<R1\l1@`SN`0bl1FWSN7ml1MlRNK_m1Y12M3N2O2N1O2N1O2O1N2N3M2N3M2N2N2N2N3M2M3M4M3K4M4L4K5Jcbnn0
20131027223034Lh_4,[aod12d2OTla04PQ@4N3L3N2N3M5hPNYOmn1Q1L3L3M2O1N2N2N2O1N2O1O1N2OQOTRNLlm13XRNKfm14aRNG^m18fRNFZm18jRNFVm18mRNGSm16QSNIol15TSNIml14WSNKil14YSNJhl15ZSNHhl17a1O2O1N1OV^VX2
20131027223034Lh_5,gcba02a11VO1l0NWj10YXNOgg10QUV24nniM4M2N3N1O0O2O00001O00000000000010O10O10000O11O0O100O2OO02N100O0100O1O100O010O01O010O0010O01O10O0ePNERo1;lPNGTo18kPNKTo1a00O10O0101N0100O1O001O01O0000000000000000001O0000000O100000000O1000000000000000000000000O10000O1O100000000001O001O00100O1O102M2O1O00O1O2N1O1O00001O001O0000010O01O106I1PQNXOfn1S1N10000000O000000O100O01000000O100O10000O1O100O1N2O1N2O1O1N2N201N100O2O0010O01O1O101N2N01O01O10O00000000010O00O101O00000O2M4LXm]2LnRbM0Y\Sm2
20131027223034Lh_6,UZYj01]Pj01`oWO2N2N101N101O00001O00001O00001O1O001O0000O1000O1O100O100O100001O000O2O1N1N201N100O1000000000O10O10O10O0100O100O10O100000001N104K2NaehP3
20131027223034Lh_7,nfbV21oo10\Pl02boSO1N2O0O2O1O001O001O010O000010O0001O00001O001O0000001O000001O001O00010N10001O01O000010O010O001O010O1O1O10O010O100O2O1O1N1O100O10002M10O1O2OO01O1O1O1O010O1O1O1O1O2N002MdWUc1
20131027223034Lh_8,X_ij01i10ilg00\QZO3M1O2O1O001N20O01O1O1O3bPNBNOO1on1o0O0O1O001O00001O000001O3M1O2N1O1O2N2N2N3M2N1O1O1O00100O000010O00000010O1O010O001O001O0O2O0O2O1N\_dP3
20131027223034Lh_9,Pmh`21gPf03Uo[O002N1O00001O0O1000000O100O10O10O0100O010O10O01000O010O1N101O000100O010O01O000100O1O0100000O2N1O2MjR][1
20131027223034Lh_10,lZU]12a2Oll?1fP@0bo1:K4M4M2M2O1O1O101O01O01O1O001O0ONOM15001O1O1000001O001N1O2I6N3O2N1N2O2LidP`2
20131027223034Lh_11,kVW\14T7NYga11^Q`NOO20O10nPNNXn12iQNOVn10kQN1Tn1OmQN0Sn10mQNOSn13l0000O1O1O1O0ONSQNOQn1NTRN1mm1OSRN1mm10RRN1mm10RRN0mm12SRNMmm14SRNLlm15TRNKjm18URNHim1:WRNFgm1=WRNCim1>VRNDYm1OWRNb09E`m1g0^RNZOdm1f0[RNZOem1h0YRNWOim1i0URNXOkm1i0TRNWOlm1k0PRNXOPn1\1N101N10001OO0M2O21O01N2M2J601O2N1O2N2M2N3L4L3O101O1O010000000O001O1N10000000000000O10000O10000N2M201O2N0100O10000O010O2O0O2N3M2N2O1O2N3M3KhnU1HhjVY2
20131110185354Bh_1,iXoS16b<0`V1Mk<NiZT21ldkMa0I3L5N1N2N101O00001O01O1O4L2N2M2N2O1O1O001O001O001O000000O100000000000000O10O00100O11O001O000O10N3N100N1OJO710001N2O0O2O1N2O0N11O10001O001O001N1O1N00O3L4L4L4L4M4L4N1O11N001N2M3L5M0O3O0001N2M120OO020OO2NO30O0001O001O101O100O01N1N1O3L2M3N3F:K5N2ZOfNaRN`1\m1c0[OhMbSNV2`l1nM\SNP2Wl1jMhSN=Mf1ik1e11O21000010OYOh0N11O01O02O00RNfSN7[l1IiSN3Vl1LPTNOnk11ZTNHhk16^TNFak1:cTNB\k1>jTN\OWk1c0QUNVOPk1g0WUNTOlj1c0]2L4K4N3L5IRn]2NURbM0Wg\]2
20131110185354Bh_2,YcXU34R7Nfa1OU]X17iigN3N1N2O10000O100O001O0010O1O00OOM5001O01O1O2N1O1nNNTRN4km1P11O1O1O1O1O1N1O2L3O2N1O1O1O100O1O10N11ON3XOjNgRNU1Zm1oNaRNR1^m1TO]RNl0cm1WOZRNi0gm1f0100O1O2OO02OO00010^O]NfRNd1Zm1b0M11N10011O000O2N100M4L3O2N10000O2O00001M3M3M2N3N2O1N3M200O1O2L3G:N3J5L4M6HhnS1KaQlN000g\ia0
20131110185354Bh_3,\[ei12c4Ogf10e40mSR21lkmM7M201O0O01000000000000000O100O010O001000O01000O0100000O01000O10O0100O001000O010O10O0100O1O001N2M2N3N2O001O01O00001O0O2O1M2N3O1N110O1O10O010O01O10O01O01O01O01O10O0010O0000001M2000001O00010N1001O010O0000000O2O01O00010O0000001O01O01O01O010O10O10O100O01000O10O0100O10000O1000O0100000O10O100O1000000O10O10O10O100000O01O100O10O010O01N101O00000O11O1O100N4LlcRi1
20131110185354Bh_4,bWSb02no1OTQn01\nQO5fPN6So1`0K4M2N2O3M11O<D5J2N2O1N11OO1O10OO100O101N10000O1O1O1O000010O001O1O1O00001OO1000O10000000O1000000000O0100O01O0001OO100O1O1O1O1K5O1O1N2N1_O[OgQNg0Zn1[OcQNe0^n1=1O1N2OAmNSRNR1^n1N3M3F;L4K7Gcok0ORijU3
20131110185354Bh_5,Pkjf22VQd06_n]O<D6J7J6J6K4L4KnNmQN<Pn1DVRN:gm1DcRN6[m1IkRN5Sm1ISSN4ll1KXSN4gl1I]SN6bl1JbSN3]l1LfSN3Yl1LjSN3Ul1LmSN4Sl1JoSN5Rl1IPTN7ok1ISTN6mk1HUTN8jm11O01O00000O1000O1O0001000O0100O01O010O01O1O2N2MgQcU1
20131110185354Bh_6,RYYh01^30Ql_12]PbN1O1O1O100O10O01K5O0O2O00100O010O100O010O10O001O100O00100O1O1N101O0001O100O100O010O0010O0000O2O0O101O0000001N11O01O01O1O001O1O1O1O10001O00000001O001O0000001O10O001O001O10O00010O0001O00001O0000O10000O1O1E;N2O000000O1NO2M3001O1N2O2O0O2M1L6N1O2O4KlRZ1Jl`jk2
20131110185354Bh_7,TWgb11cPj01XoWO4N1O2N101N1O101N100O101N2O001O001O02O7H1O1O001O000000010O0100O01O01O1O10O000010O0001O0001O001O001O1O0010O010O101N100O1O1O1N2O2Mdg\X2
20131110185354Bh_8,[_no13P5Nle11R5O1000PSj33klUL3N1GKePN8Xo1900O100O10000O010O10O0100O00100O10O10O1O0100O0100O01O001N2N101O010O10O01O00001000O100O100O100O100O100O100O10O010O100O010O1O10O0100O10O010O10O10O10O10O01000O001O010O010O00010O010O1O0100O10000O010O10O10O10O0100000O01000O10000O100O1000000O10001O000O2O000O100O1000O1O00100O100O001O100O10000O100O10000O1000000000000000001O00000000001O01O01O00001O01O01O00010O00001O001O01O01O00001O00001O1N101O0000001N2O001O1O2MRRn20nmQM3N1O2N1N2O2N2O0O1O01001N10O01O10O010O010O00100O0001O01O001N10001O000O2O0000001O0010O0010O010O001O001O001N3N1Mb\aX1
20131110185354Bh_9,nUSd21XQl01enUO2O0O2M2O2O001O000000000000000N2N2O101O0001O01N100O1M20000001O1O0O200O001O0O2K401O001O010O10O010O10O01O011N2O0O10O0010O010O01O10O01O100O2N3N2Lgi`V1
20131110185354Bh_10,b_ZQ22_3Ooh11`3OiR^23TmaM3NK[PNOdo10_PN0Vo12RQNOln10WQN0gn1O[QN2cn1O]QN1cn1N^QN2bn1N^QN2an1N`QN1an1O_QN0bn10^QN0an10_QN1an1O_QN0an30_QL0Yo10XO0_10_n70SQf10goQN0oo30PPN000oo10`oa30bPZL010O1ROOkQN2Qo11QOMoQN4nn11O0QOKRRN6nm1JQRN7kn1O2L3OVOOm00oo90QPF000000000000000000000QP80ooG0000000QP20ooM00010O0QP20WoY30hPdL0^`_]1
20131110185354Bh_11,P]il22U4Ocg11V4OcS^22UlaM0]PN1ao18L4N2N2O1N2N101O1N2M201M201N1L40O101N1O2O0O20ON3N101N10000000O1C=1O0O101O1O100O1O100O1O100N2O001M3O100O1O10000O10O01O1N101N2O0010O101N2O1O0O2jPN\Onn1l0OO01000O0100O001O001M30O01O0010O100O10000O1O1O1N2O1O100O1O100O1O1O100O1O1000O10O10000O10000O1000O101O00000000O100O1000000O1000000000000O11O00001O1O1O1O2N010O001O010O010O00001O000000000000001O0000001O001O000001O00001O001O1O0010O01O001O001O1O1O001N3N001O1O001O000000001O00000100OF`PN4ZRV2IcmkM00000O1jKO]XN1cg1OkVN7eNL`j1MjVN7hNK^]f`0
20131110185354Bh_12,Y`iT21hPd04fn]O>N1O2N1000000001N1000000O10001O0O1O2O0O100O100000O10O10000O10O01000O0010O0100O0100O1O1I7O1Nc_dg1
20131217192134Ch_1,ohZ^22X60[dg19RUZN2N1O111O11M01N2N4L6J1O4L21O1N41K10N1000002O1N1N1O1O100O2OO0200N21O000O9H0O101O1N3M011M1O1O11mNYQNj0hn1TOYQNk0So1L1N3N1O1O0O2O001N10000O1O00100O00100O000100O001O2N2O01N01O10O010O02OO100O10O0100O100O01O10O100O100O0010O00001O0O1O2005J1O10O10O0100O0000000000000O1O2O0O2O0000O10O10O01O100N110O001OO2N1O101O1N2N5LZkg1Jn[US1
20131217192134Ch_2,SWmP35[8NR_1Nm_X10ehgN0N2L4N2N2N101O001N101O1O2N2N000N11O0001O100O1O0O10001O101N2N3G;cNmNcSNZ1`k1ISTN<ik1o1N2N2N1OgNiTNjMXk1U2Z1O1O1M2fN^SNVOel1f0\1N101O10OO1K5N2O02N1N3N2OO010O2N2O1O2N1O2N1N3N100000010O0100O1O2N01O00001O1O1O0N3O2M4Lhno0OXjRf0
20131217192134Ch_3,Talb23X4O[g10[4OUQT23hnkM3M1O2N2N1N3M2O1O01000000O10001N100000001O000000001O00001O0001O00010O1O00010O001O1O010O001O010O010O0001O00001O01O01O0000001O01O001O0010O01O100O00010O10O01O010O0010O01O00010O000000000001O000001O0O10001O001O0000000000000000O101O00010O100000O101O1O1O0O10O1O2N1O001O100O01O010O0010O01O1O00100O1O1O2N2N100O2O00000O10011N1O00000001N100000000OTQNPOkn1m0UQNSOPo1g0QQNZOPo1c08N2N3N0O2N2O000O1O4Kklo1MZSPN0l^Ym0
20131217192134Ch_4,Ta\Z14c7Nd`11f7O1ObQ^35XnaL4M2N2N2O001N2O001N2O1O001O001O00000001O00001O001O000010O0010O01O1O00001O00001O010O001O01O01O0001O00001O1N2O001O00001O010O001O10O0010O100O010O0100O010O1O00101N1O100O2N101N2O0O10001OO10O100O10001O001O0O10O00010O000O2O1O1O1O1N101O1O0O2O0000001O000001O10AkPN3To1KoPN4Qo1KPQN5Ro1ETQN:Xo10100O10O100O001O1O1_PNHWo1c0N1O1O1O2O0O01000000O3N0O101N10000O100O100O10O01000O010O11OO100001O00O0100O010O10O0001O00001O0010O01O10O01000O100O102N0O0100000O0100O10O02OO1000O010O0010000O1001N1O01000O1O0100O100O10O01000O0100O2O0O100O000010O000000010O000100O010O10O01O010O00001000O010O100O01O00010O0000000O1000000O1O101N1O2O1Mclk21`P\MMQSH000l^al1
20131217192134Ch_5,bcfW21XPh04boYO9G3N1O001O01O01O0001O001O001O001O000010O0001O010O001000O0010O0000000001O001O10O01O00100O10O001O1O0O101N101N2N2Me[oc1
20131217192134Ch_6,ha\\12no1OjPf10VoYN00001000O0100O010O1jPNN]n13h00lPNM[n13i001OlPNNZn12fQNN[n11eQNO[n12dQNN]n11j0O10oPX10PogN0foW20aQ\N0jn[O00003N0O10O0000O0001O000O001OWog00iPXO1001O000100O111RPNNjo12P\gY2
20131217192134Ch_7,jj^S22TSd06`l]O5K4\OJZQN:dn1a00O1OO1N2mN[OhRNk0Wm1n000101N200O2N2aN[RN?im1[OTSNI\Qij1
20131217192134Ch_8,RYXl12aP<;QoE2N3N2L4L3M4WQNROM0Wn1Q1eQN]OYn1U1001O1O002M2N3M5K2SOcQN4an1ESgUR2
20131217192134Ch_9,Pa^l01gPP17PoQO4L3M1O10000O010OO20O00100O010O010O010O00100O0001O01000O10000000001O001O0O2O1O0000001O00100O0010O01O0001O1O2O0O1O1O2N1O00O100N2N2O1O1O2M2O2N1N^^Qn2
20131217192134Ch_10,ddj_22no1OhP\14SocN3N3M3N1N2O2N1N1000O0100O10O2O0O1O2N1O1O101O001O0L^PNJbo1:001O000001O00000001O00000010O0010O000000010O0000001O00000000000002N00010000O20O0O100O100O10O01001O0000000000O1000000000O100001O00O02O000O101O00OfPNAUo1?hPNDWo1b02O1N1O002N2M2O0O2O2MhmU1Jk]YU1
20131217192134Ch_11,XSg[12S3Omjm04hQTO4G9M3M2O2N010jQNZOQm1f0oRN[OPm1b0SSN@ll1>VSNCil1;YSNEgl19[SNHdl16^SNJal15aSNL^l14bSNL]l14dSNL\l13dSNO[l10fSN0Zl1OgSN0Zl10fSN0[l1NfSN2Zl1LhSN4Xl1KhSN5Yl1JhSN6Yl1IgSN7Zl1HfSN8Pn110000O1O100O10O01O0N2N1O3OO0010OO3N1O010O01O000\OCfQN>Zn1FbQN:^n1d0M32N1N3N2M3M3N3L6]OdPN8]k^_2
20131230192154Bh_1,g[Ue13_5Nnd10TZX10[kgN9J1N101O0O10000O1N2N02OO02OO1O2O001O010O0N2O10M3O2O0010O000OO1OJ8N200O2O000O10O0O2N1O011O10001O001O100O1O001O00100O0010O01O0O2O0O101OO20O0000000000O100L4N2N2M3O1O100N2N2O101N10O1N3N2N2O1O1N2O1OO10000100N3J7M4J\cjR2
20131230192154Bh_2,oUSm22`3O^ki0;dPXO4M2N2N1M4M3N1O1O00HRQN\OQo1c0501N2OO2L4M4M3M3N2O1O1M0100O1O2O11O0100N2O001N2N2M2000O20O000O100N3M201O2N2N1O1N3N2N2N[idn0
20131230192154Bh_3,]Sia12no1OQQP1>^noN7K7iPNUOnn1P1O1N2N10UO[QN<cn1C`QN<_n1CgQN:Xn1EPRN4om1LURN2im1NZRN1em1N^RN1`m1OcRN0\m10fRNOYm10jRNNVm12[110000O010000O10000O10000000O101O0000000000001OO1000010O0000000000010O000100O1O003N1N0100O1O10000002NO10O10O00010O001O0O2L5LPoo0OfmPV2
20131230192154Bh_4,^PeT11nQT12mmmN4J7J3O2O0O2N1M4N1O0O2O10O00000E;0O001000O11O01O010O1N2O1O100O100O0100O0100O0010O0010O01000000000O10000O101OO10O10O1O1O100O1O10O10O01O00100O001O10O0100O010000000001OO101O000O10000O3N_oQ1KXPYb2
20131230192154Bh_5,TUQd12=0Ro1OWR^11XnaN1N100O1000000O10000O10O1000O10000O001N2N101O010K410O10O2O0O`PNC_o1;4O100O101O0O10000000000000O1000O1000O2O00000OO2O1000O010000O0100000O01000O10O100O10O01O10O10O10O1000O01000000O01000O01000O010O010O0100O010O10O01O001N1010O1O010O1O100O001O1O10000O100O100O2NeoW1OYkno1
20131230192154Bh_6,`[^j11oo1000ePT2=nnkM2M2O0O2N101N10O0100O010O0100O010O100O01000O100000O1000O10000O2O0000010O01O10O0100O000010^OhPN:Xo1EiPN<^o1O01O0010O0010O00010O0010O01O010O1O1O1O001O001N100O10O10000GgPNJYo16jPNHVo17:001O01O000000001O00001O\PNGao19300O2OgPNJhn16XQNJhn16WQNKin15WQNKin15VQNLHMln18[QNKIMln18ZQNLln15RQNLnn15PQNLPo14PQNMPo12kPNH07Uo1`00001O00001O01N10001O0O1M3N3M2O10000O100O1O100O1O1000000O10000O100001O00000000001N100001O01O001O001O00000000000001O0000001O000O2O0O2N[c_h1
20131230192154Bh_7,lW]]21iPP10UoQO3N1O1O1O001O001O00O100O10000O100000O10000O010O0100O01000O10O10O10O1O10O01O10O01N1000001O000010O001O0O3L3O1OogT^1
20131230192154Bh_8,jifo02]4OSg10jUl15^nSN3N101N1O1O1O1O1O1O100O1O001OO100N30O01O10O10O1O010O100O1000000O1000000000010O001O00001O01O010O010O010O010O1O10O0000010O001000O011N100O010O105J2O0O002N010O2N1O010O10O3N00O10O0100008IO001O010O2O0O10O001O001O002OO02N0000O102N0000O11O00001O1O001O01O2OOO0010O000001N1O2O0O2O1O1O1O1O2N2M2NbR[e2
20131230192154Bh_9,UZ[e05f71_IKde11hZZ12YneN4]PNMSo1c0J7K5L4M2N3M3M4M3NO01O11N010O10OO9H2M7J2M5MOO10000001O002N2N100OO2O0000O1O1O2O0O2N1O2N1O2N2N1O1O0010O01O1O001O3N2MjNlQNB1f0Rn1F]RN7am1IcRN4]m1KeRN5Zm1JgRN6Xm1KhRN5Xm1KiRN4Wm1NfRN4Ym1MfRN4Zm1LeRN5[m12]RN0cm10ZRN1hm1LXRN5_1ZOZj1`0VTN6_1]OZj1<WTN8^1]O[j1:VTN;^1\O]j17UTN>]1[OYk1f0fTNZO[k1g0dTNXO\k1j0bTNVO^k1j0cTNUO^k1k0dTNQO]k1Q1i10O5K2N6J;Ei0WRN[Mdl1S3N0O100O1OeMYSN_1gl1\NcSN]1_l1bNfSNZ1Zl1dNkSNX1Xl1WN[TNe1Sm1L5K5K8F6K4L8HP_dR3
20131230192154Bh_10,ddbZ22k2OWj10_SV12ZoiN3N2O1N2O001O1O00100000O100O0100O10O010O10O01O0100O100O100O1O010O01O10001O0O2OO101OO0100O11N011OO10000000000O1000O01O0100O0010O0001O0000001O10O0010O0001O0000001O01O000100O001O010O010O1O10O0101N01O100O2O1N0O2O1K\PNLeo126OfmU1Nh]mZ1
20131230192154Bh_11,Xi\o04m7NP`10Q8OcQj20jn_M1coEO^O0UQN0ln10SQN0nn10RQN0mn10b00aPN0mn11RQNOon10RQN0nn10QQN0Po10PQN0Po10oPN0Ro10nPN0Ro10nPN0Ro10?0^PN0To10lPN0To10lPN0To10lPN1So1OmPN1So1OmPN1bo1OB0lPN0To10lPN0Uo10jPN0Vo10jPN0co1000QP20000000PPN00000O00000QP40boK0>0=1TOO>010O0`PN0Po11PQNOon11RQNOnn11a0O10O0hPN0Zo30UoM0cQN0Xo10O1N0100O00VO0eQN0[n10eQN0Vo10TO0fQN1Uo100O11ZO0ZQNOgn10YQN0fn11[QNOdn11\QNOen11[QNOen10]QN0bn10^QN1`n1OaQN0_n11`QNOYo10YO0]QN0Zo10ZO0[QN0[o11ZO0ZQN0fn1OZQN1gn10WQN0jn1OVQN2hn1OXQN1hn1NYQN2gn1N[QN0en10[QN1cn10]QN0cn10\QN1dn1O]QN0cn10]QN0cn10]QN0cn10^QN0bn1O_QN5\n1KdQN6[n1JfQN5So10XOKdQN5]n1LbQN3_n1L`QN5Uo11ZOJaQN6^n1JbQN?Un1AkQNc0Qn1]OoQNe0Pn1[OnQNQ1gm1oNXRNR1im1nNVRNR1[n12O0AlNRRNY1jm1gNURN[1jm1eNURN]1FeNom1NZRNd1fm1\NXRNf1hm1ZNURNi1om1YNQRNb1Xn1M2O4L1O01O01000O1O02hN]QNo0mn1M1O1N1O2O0O1O1O1O1O001O100O2N2N2M3N3L3K`io1MfVPN0hVYa2
20140118180214Mh_1,nd``23RRh0OglYO<mQNMim18SRNKjm18TRNJim1<QRNFnm1b0iQN@Un1V100O2O0O2O1O;RRNRNSm1b2L2N1N10100O10O00011N1YMVSNW2il1gM[SNW2fl1hM[SNc0Je0ml1eN\SN?Oj0dl1gNaSNNA6`0OA316\o101N101N100O1O010O00001O100O1O3M2MQWk[1
20140118180214Mh_2,YnlR12ePf06Qo[O4M3M2O001O1O00100O10001O1UQNARn1b0iQNKmm19lQNHUn1R11O0O2O1N2N100001O1O1N100O100O1O100O10O10O0100O100O2O1N1O0iNlQNb0Vn1ZOZRN8in1N3M2M4LdnVi2
20140118180214Mh_3,i`ll21aPn04YoSO2EKiPN5Wo1KhPN6Wo1KiPN5Wo1LhPN4Xo1LhPN4Xo1LhPN4Xo1MfPN4Zo1MePN2\o19000O2O0M3000001O00001O1O0010O01O00001O00001O01O00000010O000000000001O00100O1O1O001O100O01O010O001O2N4L2M\^Wn0
20140118180214Mh_4,hVa]12no1OTQZ11lneN1O001fPNMA0on13_QNNA1Po10_QN0@0Qo10^QN2@NSo1O\QN4BLco15]PNK]o11cPN6_o16O1O100O2O1N2O1O0O101O000010O00001O001N100O2N1O0010O01OO1001O_OE^QN<^n1K^QN5an1O\QN1cn1g0O0001O100O100O2O0O3M2O1N3N2M5L2N2N001O00001O000001O000001N10001N1O2M3M3NThn[2
20140118180214Mh_5,gnhU33P5Nbgg04VSZO5M2N2K4N3M2O1N3K5L3O3M3M4L3N2M3N3M1O2M3`RNVNfl1k1WSNZNfl1<nRNa0:UOgl17VSNa01[Ogl12\SNb0J@hl1M`SNf0@Bnl1IbSN_1]l1aNcSNa1[l1_NfSNd1Vl1\NiSNh1Tl1YNkSNj1Sl1UNmSNn1Ql1TNkSNn1Ul1UNgSNl1Zl1TNeSNk1\l1YN]SNj1dl1h02^M\SNd1el1YNaSNc1al1YNiSN_1Yl1^NmSN]1Tl1aNnSN]1Tl1aNmSNOXOP1nl1POkSNIIh0`l1^OcTN6gk1H_TNJlk14kQaf0
20140118180214Mh_6,]Woh02l2Odj;5XRF6L3M4M5K3M3UQNVOXn1\1M7J1O0O10000004L2N2M4L6J3N2N1N3M>A7I[fPU3
20140118180214Mh_7,oReP36\;LPY11a;OaY`25Xf_M6L2M4L4M3M2N100O1O1000O010N200N2O1O1O100NeK]O]YNc0cf1]O]YNb0ef1]O[YNc0ff1\OZYNc0Tf1^O^ZNb0be1_O\ZNa0fe1^OYZNc0he1\OWZNd0bj1O110OO0101O01N020O00000O1O2M1001O0011O000O2O00000O2OO2O00000O2O01O0100O10O001O0N201O1N1O1O1O2M2N2O1O001O100N1O101O00010OO3M2O1N3O0O002N001N1O3M101O1O1N2O2M3M3DVn?MUR@7L2M4N0N2M2M2M4L3O10O100L5N1010O0O3N1O2O1N2OASQNMln13UQNMjn13XQNKhn15YQNKen16\QNJdn15]QNJbn17_QNI`n17aQNI_n17aQNH`n17bQNG^n1:cQND^n1;c0101O1O2N2N2N000000001O0001O001O002N101MTnW2_Om]fM0RY10`X_?
20140309170314Mh_1,TRiV24a7Nh`1OPY`16_n_N4L3M3M3N1O1O2N1O00100O010101M2O1N0101OO1O2N1O3M2N3M2N04L4M0O2OO01O100O101N10010O0O10O200N1011O00O11O02M1O02N000010O000001O00100O1O00001O01O1O010O00000010O10O1O01mQNAal1?\SNGcl19XSNJhl18TSNInl18mRNKSm18^RN4bm10URN4mm1n0101M3O1M3N2N2M4L4M3L4M3L6J4L5H7ISk]1JTSS^1
20140309170314Mh_2,[Pag05f:Oh\m00fWTOn0I4M2N2N2N1010O3M2O2NmVNmNYc1R1`\NTO`c1P1X\NROkc1V1h[NkN_d1T1[[NkNPe1o0lZNQOYe1o0bZNTO^e1l0`ZNUObe1k0ZZNWOhe1f0XZN[Oje1c0TZN^One1b0oYN^OTf1d0gYN]O[f1e0`YN\Obf1e0YYN^Ohf1c0TYN]OPg1a0lXNBYg1<[XNKkg13lWN1Yh12^WN1fh12PWN0Ti11fVNN`i13XVNA[j1`0\UNAkj1`0nTNAZk1<aTNDfk1>RTNBRl1d0eSN[O_l1g0YSN[Okl1k12N2M2O2M3M3M4K5F:N8TNgQNa1an1K4L6J:E7FYiPT3
20140309170314Mh_3,T\SQ31ZQT12`nmN4M2O2L3JDfPN>Yo15N2N200O10000O11O00001O0001O00010O000O1O01O010OO2O01000O100O1O1O1O2O000O100O100000O010O100O2N2O0O2O0O2N10OYOlPNc0[o1M2O0O01O000000001O01O010O1O100O1O1O1O100O1O1O2N2N10boo0K_dZf0
20140309170314Mh_4,bmZT32no1O10bPd11\o[N2O001O1O1O010O10O010O01O010O0011N010O1ORQNLPn15nQNNQn11nQN0Sn1OlQN3Tn1OiQN1Wn1OhQN2Yn1NfQN2Zn1OeQN1[n1OdQN2]n1McQN3]n1LdQN4\n1MbQN4^n1LbQN4^n1LbQN5]n1KbQN6^n1JbQN6^n1K`QN6an1I]QN9dn1JVQN8jn1ITQN8mn1HQQN9Po1;001N2O0000002M2O1O1O1O00101N1O1O2N1O00100O1O02O5K00O100O1O00001O00000010O000000000000000000000001O00000001O01O00010O0001O010O001O010O0000010O000000000000000000000000O10O1000000000O1000000000O10000O010L4O10O10O10O100O100N2N2O10001O0O101O000O2O1O0O2O1NQnk1MSRTN0^R]=
20140309170314Mh_5,anjU31oo10gPl10XoUN0QPN0oo30PPN0PPN0`Pd10hoYN2eo132M1O001O00PP:0PPF0SP^10nocN000PPN0O010O000010O000000000000000000000000O01000]nU30RS_;
20140309170314Mh_6,QeZQ21\P<4\oE4N2O2O1N1O1O1N2O10001001M2000O2O0OO1O7J0O3N2M100O2OcYcl1
20140309170314Mh_7,nZcf21aPb02[o_O2ZPNL\o16cPNK\o17cPNI]o18aPNI^o18bPNH]o19cPNF]o1=100100O0100O10000O02O001O1O1O1O10O010O1O011N0000000O101O00000O3F8NedXV1
20140309170314Mh_8,TRoh12fQb0OXn_O1N2O1N2O1O001O0O2O001N101O0N200O1ON3O000O11000000O02O0O02OO1O100O101O1O1O1N3McmnS2
20140309170314Mh_9,\UU]31oo10]Qn02`nQO2N101N100O10000LH`PN8co110O010O10O10O10O10000000001O000001N10001OO101O001O1N101O001O001O01O00001O010O0001O0O100000O01O1O1O001N2L3O2N10000N2O001O10010OBSQNJnn14VQNHmn16VQNEmn17`0IZPN3[oQ1LWkj:
20140309170314Mh_10,eYe]12_40nf10SYNOmf10YXf31VlYL3M2O2N1O100O1O10000O100O1000000O100O10O1000O1O10O10N1100O01O01O10O0100O00100O001O1O1O001O01A>0010O001000O010000O10O1000000000000000O0100000O01000000N200O100N2O1N2O0O2O0O2M3O1O010O010O10O100O10000N200O10O01O10O010O10000O1000000O1000O010O1O010O001KBgPN>Xo16O1O001O10O0100O0100000O10000000O010O10000O010O1O100O1000000O100001O000000001O00001O0000000001O0000000O101O00000O100000000O100000O01000O1000O1000O10000O101O000O101O0O1000000O10000O10O1000001O0O2O001O001O0O2O00001O0O100000O100O100000O100000000O1000000O01000O100000O01000O010000O001000O000010000O0010O10O10O1000O01000000O1000001N101O0O3L4KRoY30\g\e1
20140309170314Mh_11,SWiT31oo10ePP12XooN2N1N3N1O100O00100O010000O1000O0100O10000O01000001O00000O1000000O10001O000O2NEbPN6^o1JcPN5]o1JdPN6]o1IcPN7]o1IdPN6\o1KcPN5]o1KcPN5]o1KcPN5]o1KcPN6\o1JePN4\o1NbPN1_o1OaPN1_o10`PNO`o19`PNB^o1a0O1O1O01O1O1O010O001O00100O1O012N1N100O001O000010O000001O000O2N4LUoQ10ii`b0
20140309170314Mh_12,TUUS32_3Ooh11`3O[R`30emcL0QPL000O10O10O100O100O10O0100O10O10O100000O1OYPNNbo12^PNOao11^PN0bo11]PNOco11]PN0bo10_PNOao11_PNOao11_PNOao11_PNObo10^PN1ao1OaPNO_o11aPNO`o10aPNO_o10900000QP20PPN0O1O010O001O0cPNNmn12`01bPNMmn14RQNMnn12SQNNln15RQNJnn18PQNHQo18oPNHQo18nPNHSo17mPNISo18lPNHTo18lPNITo16lPNJTo17lPNHTo18lPNHTo18lPNHTo18lPNHTo19kPNGUo19kPNGVo18iPNIWo18gPNHZo1;bPNF^o1=2O000O1O100N2MELPQN1Ro11mPNNRo15;2N1O2N10001OEaPN5^o170000O100O0100O01O1000O010O100O00100O100O1000O0100O10O10O1FaPN3_o1LcPN3]o1LdPN3]o1MdPN2\o1MePN2\o1NdPN2eo1O1000000O0100O01000O10000000000001O0O1000O10001O0001O010O10O01O010O00QP20ooM0000000bo10^PN0_PN0Ro10>10O0100O10O001O00dPN0fn13[QNMdn12]1N_mW30lQhL0000000TSN1oL4`l1KfVN4VdX:
20140309170314Mh_13,_[c`12oQX1OPniN0000001AOmPN1ao10AOoPN1`o1O1000XoQ10gPRO0oo50RPF0O010\PN0fn10l03nPNMTn14kQNLUn15kQNKUn14kQNLVn13kQNMUn13kQNMUn13jQNNVn11kQNNVn12jQNNVn12l0O1000000000000000000O10O1mPNOWn11iQNOVn11jQN0Vn10jQN0Vn10jQN0Vn10jQN0Vn10hQN2Xn1NhQN1Zn1NeQN2\n1NdQN0abbY2
20140322200714Mh_1,bTim22n40Pf1OQ50nSP34mkoL2N2O1N2O001N101O00001O0O10O1000O1000O01000000O10O0100O1O010O1O100O100O010O1000O100O10001O00001N1000000O10000O101O000O1000O10O10O10O01O1O010O1O010O10O0100O01O0010O0001O000O11N010O0110OO10000O2N100000000001N100010O000M4L3O1010O00000N200O11OO11O000O1000001O01O00000010O0001O0010O01O100000001N100000000000001O0000000000000O10O10O100O100O100O1000O0100O100O01000O10O10O10000000000O0100000000000000O100000000O10000000000000O10000000000O100000000000001O00000000000000O1000000000O100000O010O010O01O103L6JQS^2OPmaM1ik3OXTL00000^k`<
20140322200714Mh_2,\\Q\11ZPV15_okN2nPNLVn16cQN0\n11aQN1`n11[QN2dn1OYQN3gn1c0000O2O001N3N1O1O1O1O1O1N100O2O0O110O000O2O00000O101O01O00010O001O00010O000000001O001N101O0000000O10001N101O1N3N1N01O1O2N10000O10001O01O01O010O0001O01O1N2N2AoPNMSnS1NUeX[2
20140322200714Mh_3,ePkk14n9Om[1Ne]X11QkoN7RQH4O1N3M3N2O000O1000O011N1O1O1O00100O100O1000O100O01O10O01O01O010O01O0100O1O1000O100O10VWNCQb1=m]NESb1;l]NEUb1;c]NM]b12c]NO]b11b]NO_b12_]NNbb12^]NMcb13]]NLeb14Y]NKjb15T]NLlb15Q]NLRc13j\N0Vc10g\N2Zc1Ob\N3`c1O[\N3fc1MX\N3ic1NV\N1lc1OR\N1oc1OQ\N0Rd1Ok[N3Vd1Mh[N3[d1Lc[N4_d1M][N4ed1KY[N6hd1KV[N5md1IQ[N7Re1IlZN7Ve1IhZN6Ze1KdZN5^e1JbZN5`e1K_ZN4be1M\ZN2ge1NWZN2ke1NTZN1ne10PZNORf10nYN0Sf1OlYN1Uf11hYN0Xf11fYN0Zf11dYN0\f10cYN0^f10YYN8if1HSYN:nf1GoXN9Tg1GjWNBTNg0Uj1GeWNV1_h1kN]WNT1fh1lNYWNR1kh1oNRWNP1Qi1oNnVNl0Xi1UOeVNi0_i1WO`VN6UNZO`k1?ZVN2]j1MaUN1cj1OPUN;Sk1DkTN=Wk1CfTN>]k1_ObTNb0`k1^O^TNa0ek1_OXTNc0jk1\OSTNe0Pl1[OmSNe0Ul1\OhSNe0Yl1\OdSNd0`l1\O]SNc0el1^OXSN`0ll1BmRN?Xm1CbRN;dm1n02O2M3M4M2M4L3L6I8F<Fila1@VScg1
20140322200714Mh_4,[cTU12no1O10lPl13PoSN2N100O001O0fPNJkn17RQNMln13TQNNkn13UQNLkn15UQNJkn16WQNGkn18>10O01O01O010O1O0100O0100000O01000000000000O10000O100000000001O1O1O000001O000010O100O1O010O10O1O0001O00100O001O01O001O1O1O001O1O0010O1O000000000001O000000O10000000000000000001O01O0000010O0010O0001O010O010O010O0100O010O10O1000O01O10O1O100O010002N010N3N002NO1O002N1O1O2N001N4LUne1OmQZN0e\c]2
20140322200714Mh_5,iX]d21_QV14ZnkN3N2O2M1O2O0O101N2O000O10001O001O010O0100O01O0000001O00000O0100000O00001O1O1O1O01001O0000001O010O010O01O100O001O0000000O100O01O001M2O1N3OO110O001O000L5OO101N2N2N2NJVQNZOhn1f0lQNXOdm1f0RRNIkm15XRNKgm13\RNLdm13`RNB[O0Vn1<V1O2M4EioQ1Nig^R1
20140322200714Mh_6,inZU22Z2OYk10QTh13UnWN4N1O1O100O2N1O2O000O2N10001N2O1O1N2O1O0000O100O100O00100O1O10O0100O10O101O000000O0100000O010O1O100O101N1O100O1O0100O010O010O010O0010O01O01O1O010O1O01000O1O100O1O01000O10O10000O1000O0100O10000O100O010O01O00010O10O01O100O10000O01000O10O0100000000000O10010O0O100002M2O000O2N1O2O0Naoc1OiQg\1
20140322200714Mh_7,`efT32f30`h1O[TT15XokN2O1O100O100O0010O0100O1O01000O01O0100O1O010O0010O0010O0100O10O01O0100O100000O011O0O1O1O1O0100O1O1O010O001000000000O20N101O0O0101O000000000001O011N1O2N100O4M000000O0O2O1N2N2N2O1O0O2MRmo0If]Wb0
20140322200714Mh_8,^ZYm11oo10YPP11eooN2O1O2M2O002N00001O000010O01O1O1O001O010O00010O0001O00000000000000000000O2O01O0000000000001O0010O00010O01O00001O01O001O102M001O0001O010O100O1O2N2N001O001O0O2O001O0O1O2N1OddVl1
20140322200714Mh_9,[bV_22Z2Ohlc05hP^O2lNIZRN:dn12O1O1N1QODZRN<fm1FWRN;hm1GWRN9im1HURN8lm1ISRN7nm1JPRN5Qn1LnQN3Tn1LiQN7Wn1JdQN4bn1d010_QNoNSn1Q1lQNoNVn1P1?O00O2N1O2N100O2N1O00oNcQN?]n1@hQN<Xn1CkQN<Tn1CnQN=Rn1APRN>Pn1BPRN?Pn1_ORRNa0mm1^OTRNb0fn1O1O1N3N1O2M4Kn[[]1
20140322200714Mh_10,^dl[12no11M20O2O00000O100O1000fo=0ZPB00000000010O00000QP20ooM0QP20ooM0ZPN0]o50YPL0[PN0[o10:010O01000\PP10kZW_2
20140322200714Mh_11,^QYe12h2Okj75XRJ2N2N1dQNKjl16RSNLnl16nRNLol1:kRNHVm1;\RNOgm13QRNOWn1h07I5J5I7I6K7I_m^Y2
20140322200714Mh_12,iP[o15Q33ai1IWV:1lR>0XjWO1BNmPN3Ro1MmPN3To1MmPN3_o10SIMo]N3nh10001NXIOd]N2Ti100O1O20O0000000WO0cQN0\n10dQN0]n10i00iPN0_n30iPN0O0kki01WTVOOO11OO2OO00QSN6hi1JRVN0Zj10jTNOjN1To1011O00O002O01O10O000OO0WUd10S`Xh1
20140322200714Mh_13,^c\V11lPj02RoWOO0000O010O01O_og00`P@0RPH0O010000000000000000000O10000000000001O00000010O0QP20]P40coI1OO00i[Qe2
20140322200714Mh_14,khPU12`3Ooj?5SQB;G8K3J6N3N2N2M3AmNmQNZ1km1a0M2N3N1O2O00000O0100O01O000O01O0O1[NiRN=\m1]OlRN`0Tm1AnRN<Wm1@kRN<Xm1CkRN7Zm1FoRNOUm1OoW[h2
20140322200714Mh_15,_jRU11oPl05jnUO13N1N1O2O00XTci2
20140322200714Mh_16,QoRV12[P<5]oE7K3L3M2N2N3N3L4M6J11N1001OO10O10O2M2L4N3N2N2N2L:CYolg2
20140403081714Th_1,P`dc25b8Me^11oYd1:]n[N2N2N1O1O1001O1O1N4M00O1O3M1O1O22M0102M02M2O000O110O000O0110OO101O01O00101M20O01OO12O1N2N4L8JN1O11O3L0110O0N4M3M1O1N2O1O1N3N01OO11O00000001O0O100000010OO02O000000O101O000000O1O01O01O010O1O2O0O01000O01000000000O2OO01001N101O0001O11N01000O001O6LO001OO1O1O3O011M0OO2O8H0O0O3ISi]1JXWbN0P`_P1
20140403081714Th_2,^VoQ33b5Ogd10ZZP22XkoM2O1N2O1N2O0O1O001O1O1O100O001000O2N1O1O100O10O010O1O1O0010O10O11O000100O0000000000O0010O0100000O1O1O1O1O1O100O010O1M3O1O2M2O1O2N1O010O001O0001O01O0000100O0O2O00000O1O0000001O1M201O1N200N201O0O100O01O002OO1M201O1O1M300O10O101N10OO3N1N2N2O1O3N1M3N1K6M3O0O2N001O1O10005K2N9B7Mhnc10ljn?
20140403081714Th_3,Vc`Q34]6MQc10dWP13jnoN2M4N1N2O1N1O002N1O2N2N1O101N0O2O1O2O001O00101N001O101N0O2O2O0O2N10N3M1O101N1N2O1O1O0100O10O1O0100O100O10001O0O2O1O2N5K1N200O;E2N000000OSRN\N_m1V2N01NkRNfMdl1_2=O2L`RNgM]m1U2:N1O2O1M2M4L3M4L<B9@SQN_ORo1?9N2N5KikS1HZa]e0
20140403081714Th_4,UZid02Z40Xg10iXNOWg10]40^SZ32`leL0O2O001O0O1000001O00000O10001O000O2O00010O000000001O0010O0000001O01O000000O10000000000000O0100O010O10O0100O010O0010O0O101O0O10001O000000010OO2O10O01O010O0010O0010OO2O0O2N110O0000100O01000O0100O00100O010O10O010O0100O010O10O00001O010O100O0100000O100000001O00000O101O000000001O0000000000001O0001O001O0O101O00001O001O0000000O100000000000000O100000O10O1000000O10O10O10O10O10O10O10O0100O00100O010O1O010O10O10O000100N11O01O001O00100O01000O10000000O1000000000000O1000000O10O1O10OO2O0O2O00100O0100O1O100O100O1O1000O01O10O0001O1O001O2N2N1OkdPg2
20140403081714Th_5,cWQb25X9NX]1O^9OPXZ20mgeM6C;M4M12O101N01O1O000O0001O100O1O10000001O1O000O100O100O100O001O0O2K4M4M2N21O010O001000001O1O000O2O00000O1O100O100O001O100O100O01O1O101M2M3N2O1N110N10001OO11O000001O100N3N1O1O1ON0L6N102N10O11O0O0ZOoN]RNR1cm1TOVRNo0hm1d0O2N2N2]OjM[SNX2dl1kMYSNW2fl1a01O1O10O01O001O_OYMiSNg2Wl1]MbSNb2cl1jN^SNHcl16`SNGal19bSND_l18kSNBTl1>RTN\Onk1b0XTNZOhk1d0^TNVOdk1i0i1O2M3M3N3M2010N10001N1000O10O100000N3O2M3M2O1N2N2N1001O1O100N0100N2O1N20010N2O1O1N4KRgPQ1
20140403081714Th_6,Tafc13c4Nff11e4OkPV22SoiM2YPNL_o18]PNIeo171011OO1O01O10O01O1O000O2O1O1O0100O10000O00100O00001O1O001O01O01O00010O01O0001O01O01O0010O001O010O10O01O0001O00000000001O00001O00010O00000010O002N1O1O10O000010O0001O0000001N10000001O0O101O0001O01O0000000010O01O4M0O2N2N2N01O010O100O10O1000O002OO02O00VQN@Sn1?lQNCTn1<lQNESn1;mQNETn1:kQNISn17mQNJRn17nQNIQn17oQNIRn16nQNKSn13nQNLSn13nQNMRn12nQNNUn1NmQN3Po11N001O01O010O01O0000001O00001O00001O010O000001O001N10001O100O001O1O00000000000O100000O100O010O10O01O0100O0010O0HIhPN7Yo1KePN5[o17100O1N2O1O1O0010O02Od[kl1
20140403081714Th_7,UVaW22^3Omka04^P@3O001O0O100O11O0O0010O0O1O1M3N1O1O3N0L40100O00101OO10O01O03M3N2O01O1OO1M3M3M01K4O02O0002CWQNBkn1;=O3N2L4N2L^idd1
20140403081714Th_8,amZV12o3Ofh;2USF5M3N2O01OO5L0O2N010O1^RNEXk1JPSNa0d1H\k1HoRNc0`1Gbk1a0ZTN^Oik1GkRNf0Y1Cmk1GkRNg0T1DRl1CmRNi0l0GWl1_OSSNg0`0Nll12nRN1Tm10bRN6cm1P14LPRNWNUn1^1mQNcNTn1X1=I7H8M5K4JgP]g2
20140403081714Th_9,mn`S31XQ`03_nA6N2N2O1O1O100O01N3M2O10O0O2J6K4N3O1N1O0001O0NJXOYQNh0fn1[OXQNe0hn191N101F:N2O2N0N3N3M2N2O2KjPai0
20140403081714Th_10,ZP]Z22o3OSk93dPH:J2nMHeRN=n0KZl1f0cSN[O\l1m0[SNVOcl1P1USNTOjl1R2001O2L2^OkRNTNXm1b1h0lNZRNGmm16P1M201NN22D:1Sonc1
20140403081714Th_11,nZ_b23_5Nnd11RZn11bkoMNao172InP20fnM0^QN0dn31ePNO000000onc30oP\L010oo10lo50TQ<0lnC0UPJ0ooM1N20O0O20000O110O01O00010O001O00O01K400ON3OnN0YRNOlm12nQNNVn12fQNO\n12^QN1dn1b03O2N2Mdc^S1
20140403081714Th_12,eaXe1152n1NmkQ20^RnM0So10>1000O^PN0dog00SPb20TPhN0hoQN1ooMO20g\oQ2
20140403081714Th_13,keTj01`Q`05UnA9I6K5K4L4M5K4L3MTOdQN7Yn1FPRN8lm1HXRN7dm1K^RN5\m1NhRN0Vm10PSNLol14VSNIil14[SNKfl12]SNNcl1NaSN1al1KbSN4al1GbSN7Vn1M2OSn9Mc[WS3
20140410195814Mh_1,iPef03b6NShi0<lPXO2O1O1O100O00000000O2O00100OO101N2N2M2N3M2N3N1O2L4L4mMROPUNR1mj1SOjTNS1Tk1SO\TNY1ck1oNTTNR1lk1TOkSNn0Vl1Y12M500O2L4L5M2M3O1O1O2N2N1O1`NiRN8Wm1DRSN7nl1GYSN6el1IbSN3^l1HkSN4Xl1DZTNOfk1KcTN2hm1LgkTU3
20140410195814Mh_2,nUUf03Y50Xe1NlY\12_kcN3L3N1O2N1O2N10001N10O10000O1O100O100O1000000000O10000O1000O10O10O10O010000O1000000000O10O1000000000VNMgSN3Ul14hSNKjk1h0QTNYOlk1n0oSNSOPl1Q1kSNPOTl1T1eSNPO[l1S1`SNPO`l1V1WSNlNil1U2001O01OlM]SNl0dl1oNfSNl0Yl1SOnSNh0Rl1VOWTNc0hk1]O]TN>ck1AbTN<^k1CeTN9\k1GhTN3Zk1MiTNFak1:R201O1O0010000O10O10O010000000000000000010O0000O1000000O100000O010O01000O011O0O2O0O2N2NUiRQ3
20140410195814Mh_3,_R[d12m3Oehg0;RSZO3M2O1000O100O01O1O1O10000O101N010O2OO11OO10O10O00100O1O1O1O10O100N2O1O2M2N3M101N011O01O1O001N00001O2M2M5L6Jej^W2
20140410195814Mh_4,VPa`14]6NPc1OcW^14jnaN3M3N3M3M2N001O0100O1O15KO0O3N0020OO20O002M2O1O1OO2N100O10N2O3M8H2O1O0O_OVQNMjn1d01001O02O1O3K2N3N1O01OCUQNFjn18YQNGjn14XQNMhn11YQNNjn10VQNOln10SQN0nn10b00_PN0on10a0000cPN0^o1000[O0XQN0gn10ZQN0fn10\10ZO0RP20VoM0h00fPN0bn10^QN0an10i00fPN0Yo10YO0h000000O1cPNOhn12XQNNhn11YQN0en11[QNOen1O]QN1bn1O_QN1`n1ObQN1Wo101OO0QP21VjVX2
20140410195814Mh_5,ZWYb12no1ORQ\13kncN2N2O1N101[OF`QN<`n1G]QN:bn1G\QN:dn1HZQN8fn1JVQN9in1?000010O01O1O010O1O10001N104UOlPN`0[o100O0100O010O1O00100O0100O001O00000000000000O01000000O10O0100O10O1000O10000000O10O10000000000000000000O10000O01000O010O1O0010000O010000000000O01000000000O10000O100O1O100O1O2N1N2O1O2N1O1OjghT2
20140410195814Mh_6,db`j11]Pj03^oWO2M200O10000O10000O1000000O101O001O001O01O010O1O1O1O1O1000O0010O01O1O3M2OO01O01O0O100O110O01O0O2O0000001O00O10000O2IcPNH_o15o\mP2
20140410195814Mh_7,nWYb11oo10\PZ13`oeNNYPNOeo10]PN0ao1080fPX30YomL0QPJ0oo70QPH000000000000000000000oo30QPL0oo10QPN0oo10QPN0]o10SQf00`oWO000O010O000\oe10ghnQ2
20140410195814Mh_8,UVUb12Z3OYi10mSb14Zo]N2O2_QNIUm18jRNHVm1;RRNE31lm1;lQNHGN:NUn1l0dQNVO3OYn1k0eQN^O\n1b0fQN\OZn1d0hQNXO[n1g0?000015J6CfPNI]o11fPNOgo1N10O1PQNNRn11nQNOQn12oQNNQn13mQNMUn12kQNNUn16PQNN`0M`n1;`QNDcn1:\QNFfn18[QNHfn17c0N2O1N1O1O010O10QPb00ko;0SPRO0_Pj00jlQ30bl^o1
20140410195814Mh_9,chRn01PQh03knYO2N3N00010O00000000001O00001OO1000O01000O10O01O000000010N101O001N101O01O000O100001N110O0100O1O1O2M3J6MTWmm2
20140420195854Bh_1,VTWR21T20^mi03XPXO2O2N100O1000O010O1O10000O1000O10000O1O10O010O01O10O01O1O001O01O0000O20O0001O0OO20O101O000O001K50O0O2O3N1N4M3L]k^i1
20140420195854Bh_2,XejU12no1ObPV18VoiN3M2O1O2M2O1O2N1O1N101O0010O2N4L4M0O2N1O101O0O11N101N01O01O01O0O101O0000000010O0001O01O010O010O01000O010O100O1O0100O00001O000010O010O010O100O1O0100O01001O000O010O1O10O100O001O1O0001O1O3M1O2M3MjmS10_RjN0VZea2
20140420195854Bh_3,dblc23S4N^he07US\O4M3N1N200O1O100O1000001O0O2O3M01O2N11OO003N2M1O1O0O20OO100O100001O0000001ePNMfn1j0M1O1N3N1O2N0001N2M3M6H<D9F`ZUX1
20140420195854Bh_4,aSke12^30Pi1OXVR13dlmN7jPN2on1a0N1N101N101O00[OeQND]n1;d001N1000100O000010O010O010O010O01O010O10O010O0010O01O00100O100O1O00010O01O001O001O010O001O1O1O001O0010O10O0100O1O1O010O1O0010O01O010O010O10O010O1000000O1010OO104L[oo0LiPPO1\lRR2
20140420195854Bh_5,_`^R36V;M[Y1OW]V12QniN5K4N2O002O002M2M2O1000O5K2O1O01OO1O01O1O101O00O3O0N10010N1O11OO2OO2N101N2OO3OOO1010O4L100O1N2O4L2M1O10O1100O2O1N4M0O3N0N2oUNkNUe1T1iZNoNWe1Q1gZNPO[e1o0cZNQOce1m0YZNSOle1l0PZNTOUf1h0iYNYOYf1e0fYN\O[f1d0_YN@cf1`0YYNBif1?fXNWOhL?ij14YXN;ig1ESXN=ng1FlWN;Zh1NTWN4Pi1MkVN4Yi10]VN0hi10TVNOQj11kUNNZj12aUNOdj13VUNKoj15nTNJVk16gTNH^k18^TNFfk1;VTNERl18_SNgNMR1kl15VSN3ol1[14M2N3ZOeRN`Nam1Z1cRNcNbm1X1h0I9G7J7G;ESiU1Jhfcc0
20140420195854Bh_6,ol`d12P3Omi10bU^15YmaN2O1N2K5M3N2O0O2O00001O0000O001O1O1O10001N10001N100O1O2N10000010O00100O001O010O010O010O0001O000010O0010O0100O010O0001O001O01O0010O010O01000O10000O10O10001O0000O1000000O101O000000000001O00000O101O001O1O001O001O00000000O2O000O2N1O2N1M_PNM\o1MhPN4ao11000OSo_1LSTYo1
20140420195854Bh_7,nW]P32l3OZj;5dQF2N1N200O0`N3nRNMol1:PRNA02:4em1Q1VRNnNkm1d1O10O101O101O2iNYRN2ln17F10N100O2O:E3M1O2MPe`m0
20140420195854Bh_8,dVYj11oo10WQP10inoN000O1O10001O0O100000000O1000O10000000O1000O10O1000O1000000000O100000000O10O100000000O10O1000000O10000O1O10O01O10O01O1O010O0100O01O010O000O2O00O2N10010O01O0100O01O01O1N3M3Nhom0NgiVm1
20140420195854Bh_9,UenP21cPT10[omN3TPNMfo18O00000000000000000O10000000000O10O00100O010O010O0100O010O10O10O10000000O0100000000001O00000010O0010O00010O1000O10O0100000000O100O01O1O010O100O0102N000O1010O00001N1O2N002N1Nhnm0MiRPO1PX]g1
20140420195854Bh_10,R\oZ22[2Olk96RRFMRo1b0N8G6J4M3M3N3M10jNlQN?Un1^OVRN:kn1M1N3M2O2LRbfc1
20140420195854Bh_11,aXe[21oo10_P^12_oaN1O0O10001O0O100000000000001O000O100000000O10000O1000000O10001O00O1000000O1000000000000O1000000O1O010O100O100000O100O100O100000001O001O1O0000001O01O1O1O1O01O00O100000000O1000000000000000O101O0000100O001O01O1O001O1O1O1N2O1O1N_oa1ORh`X1
20140420195854Bh_12,dj^l02\P<8YoE5K3M3N1O2N26I1000O5MN002M3M2N1O2O00O010O2OO1O2N2NmSaQ3
20140514195854Bh_1,aa`a22`PR12[ooN1O2O1N2O0O2O1O1O002N1O1O100O1O10O010O002N0010O0000O1010O000100000000O100O100O10O010O2N2O1N101N10O0100O02O0O1000001N010O010O01O01O001N101O001O101O00000001OO010O1O1O1O1O1N2O^\oW1
20140514195854Bh_2,j[ST32fPh04PPXOLYn17eQNMVn17hQNLSn17mQNIQn18oQNJPn16PRNJom17PRNJPn17nQNJRn17lQNKSn15lQNLTn15iQNMWn14fQNOYn1m0O0100O1O102M3M200O1N2N1O001O0N2M20O0002N101O100O1O00100O1O1O1O001N2O001N2O1O1O2M201Gecfg0
20140514195854Bh_3,Sbjd02j2Ojjm01ZRTO2UPN2_o19O10O01O00000000O010M3O00100001O0001O00000000000O10001O010O1001O1N10001N011O2M4M1N3N002O3L2N4K8I1N2OO00101N4K2O1N2M=D5J4M6Hn[WV3
20140514195854Bh_4,jWYU13X27U1H^gc01VY\ONig15RXNNmg13nWN2Qh10mWN4Ph1MRXN3kg1MYXNOgg12WXNNjg13TXNNlg13SXNLPh16kWNKUh16iWNJYh17cWNK^h16^WNJeh16YWNKgh15XWNKjh16SWNJoh16nVNKTi16eVNN^i12]VN0ei12VVNNPj11lUNOXj10eUN0_j11[UN1hj10SUN0Pk11mTNNVk13gTNM\k11cTNN`k11_TNNdk10\TNOgk11UTN1mk1OPTN1Rl10kSN1Vl12eSNN]l13^SNOel12VSNOml12mRN0Wm10bRN2bm1S14K5M4L3M4K5I7H8I8J:DjdRg2
20140514195854Bh_5,XTmV32no1OcRl06UmSO5L5L2M3N1O001OO1O001001M3O1O010O0100O2O01O001O1N1O10O0101O0O104L2N1N2O0000O00N1010N2N3N101O01F901000O100O1O100O0010O000O10O0OK7001O1M4I6M4M3L4J5M3J:IZom0Lel\a0
20140514195854Bh_6,\bXS23i5OWee07fT\O3N3M2O1O3N01O001OO001O110O100OO2O07H0101N1001O12M20N2O1N2O0O2N03M2O1M3N1O02N100gPNDkn1j00O0O0O0O4L3K5L5K4M3O2KSYgh1
20140514195854Bh_7,USiV33mo1NhSn08PlQOHbPN5Xo1KmPN4bo1O[OMZQN2[o10OO010OO1XONbQN3To1101000000O10O0100O0101O001O1O0O10QONoQN2Po10QONQRN1om1OQRN1on1130gNN^RN1am1O`RN1hn1O0000fN0cRN0\m11dRNOZm11gRN0Xm10iRNOYm10eRN2[m1NcRN3_m1M_RN2cm1N]RN2cm1O\RN1`m13aRNMhn17JO1KfNMPSN3Qm1MoRN2Rm1NmRN2Tm1NkRN2Vm1NjRN0Xm10gRN1Xm1OhRN1Xm10hRNOYm10gRN0kl17oQNKV1Njl1>WSNBhl1?Z11lQN@kl19_1201N2M4K4O2M3N2O0O10J6O1N2N5JRlRc0
20140514195854Bh_8,i`XY21YP>3gPB0gm12URN2jm1OTRN2lm1ORRN2nm11nQNOSn13iQNOXn17_QNJbn19XQNJin1f000010O001O1O1O1O1O1O1N2O1N2M9H2N1O2N2N2MX^_d1
20140514195854Bh_9,m\_U22]3Ohkk01cPVO<H3N3M2N01OO1L4EZO\QNh0an1<CmNmQNT1Sn1POhQNQ1Wn1;11N1O001OO2N3DhQNkN\n1T18N3L4M3ON200001O0O2N2O1O2N101N2N2N1O20O000O100000O2N101N2O0000O101O010O101O01O1N5L2N10OOja`e1
20140514195854Bh_10,WaRQ24R7Oea1N[XP15fnoN9H4M2N1O2O0000O1O10000O2O01O2N2M200O1O01N2M3M2O1O01O16@fPNOXo1OkPN1To1NoPN1ao11O11N0O11O0\OOWQN0in10WQN0in10XQN0gn10ZQN0en12g0N10PQ40nnK010O010VO0f10[N0`QN0bn10^QN0[o11O1ON10QO0n00031N0000O0dPNOfn10e0101hPNOD0]n10]RNOdm11W1OO0nP40onK0oo10Sjk00idmf1
20140514195854Bh_11,][mS32j2O_kk03aQVOMTQN0Yn10bQN0im33iRLMTm12RRNNin13WQNMin12XQNN:0bm11QSNOol11`10fPNOen11\QNOcn11^QN1`n1Ni00cQN0kl10c1000`QN0Um50eRJ0[m11eRNO[m11Z11XQNN`m12^RNNcm12\RNNfm10ZRN0fm11T10N2RQNMnm13o0OSQNNom11P110O100000000OkPN0\n10j00O1iPNO_n11`QNOan11^QNObn11^QNOcn11[QNOfn12YQNNfn13b02fPNKen19ZQNGen1;>2O2iPNAin1a0:2dPNCSo1c01N2OONlPN\OVo1?8M3N2N3M2O2NUdPg0
20140514195854Bh_12,dReT22kQh00RnYO2N2N101O1O1N101O000O010O0100O01O10O01O0O1001OO100001O00O1001O0O11N100O10O01O1000000O001O1O1000O20O0001O001O001N201N1O1O3MhPNLgn12YQNM]o1O20VPN0do10[PN0go13Yl\f1
20140514195854Bh_13,jm`j21RQd01gn]O7N1N10000100O0100O01O001O0O1000000O0100O10O10O001O1O001N101O0O1O1O1O100M2100O2O1M3M3N2N2NPRoQ1
20140514195854Bh_14,Uj\U22[P>2VPBOen16UQN1fn14TQNNln1e0N1O1000O1O2O2M100O1O:G3N0OO100O100O10O10O02N1O2N2L4MZTYh1
20140514195854Bh_15,egPi01YP<3aoE3N3N1O002O11OO000O100O010100O2N000001O1O1O0001N2M4LXWmT3
20140516234034Lh_1,jcTW22ePd01Uo]O6L8H5K5M2O0O04M2M2M201N0011N0O10O1000O20N100001O00O100O1O20O011OO10O3M1O01001N012M2N0O1001N0O2N3M3L3L6JaYmd1
20140516234034Lh_2,YX]k13k5OUd1OP[P13jjoN2M3O2M2O1O001O1N1O2O1O001O00O01000O10001O0001OO1O001O1O0100010N020O0001O00010O00001O0000010O10O00gMASUN=nj1EPUN;Pk1HmTN7Tk1LiTN3Xk11bTN0`k12[TN0ek14UTNMmk15nSNMSl1e0nRNFTm1b11N3M2N2N3M3L5J6J6jNPRNGcn14h0L_fPo1
20140516234034Lh_3,naZ[14k5NTd10o5OVQh12gnWN4L4M5K3N2M2O10O00000000001O000010O100000010O0001OO10010O0O110OO20N01000000O20N10000O0100001N2OO1103L000O100O000001O1O1N101O001O001O1O00001O001O10O01O01O002N001O100O101N0010O001N101O1O000010O01O1O00010O0001O1O2N1N1000000O102OBPQNN3G`n12gQNa0mn1O1020M1O001O0O1000O01000O1000O01O10O010O011O00000000O2OO001O1O000O1003M6I4L4LYYSY2
20140516234034Lh_4,Xgfl22o40^gi02\SXO5L202N115J1N01O0010O1O3M4K4L4K3N2K4M5L6J4M4L4L3M4L4L6JWNkRNk0Qm1POZSNn0dl1POaSNP1\l1nNPTNk0nk1QOXTNo0gk1jN`TNY1Sm13L10O1N3N3L5K4L2M2N101O00010O01002M4L4J5L5IlTon0
20140516234034Lh_5,Xbj[12d3Oeh10\T\12WocNO2O0010oo10RPN0O000QP60RQb00Qo[O0noM0ePP10ZomN00000PP20ooM0oo50QPJ00000000000000000000000QP40PPN10OPPN001VOObQN2Vo10VONfQN1To101O0000VO0cQN1Vo100O100000\ok00dPTO0oo10QPN1O2N1bm]1LY`aX2
20140516234034Lh_6,eVaj21fQl00VnUO3N200O100O1O1O10O0100O010O10O10O10O1O010O010O10O01O010O010O10O0010O01O010O001O00000001OO100000000000O0100000000O0101N102NRifP1
20140516234034Lh_7,W^aR13X61Yc1M`ZR16ZkmNNmPN4on11mPN2on11RQNNin16\QNEcn1<?10101N1jQN[OPm1g0nRN]Ool1c0PSN@ml1`0TSNAkl1=VSNEhl1<XSNDgl1<[SNCdl1=^SNBal1=`1O1N3N100101M2N2O10M4M20001O10000O101N10O01O000010O010O0O100O100O0100O201N1O10O01O00O11O00000000O11N010O10O010000001N101O0010O1O1O1O01O01O10O01O2LSoo0Mlb`d2
20140516234034Lh_8,SQmo13V5N_fo0:oSRO2O3M1O1OO100O100O010000001O0O2O001O0O2O11O01OO100O1O001O010O1O0000000O10000VSNGmi1;iUNMVj14gUNNZj13dUNN[j14bUNM^j14aUNL`j14_UNLbj15[UNLfj15WUNKkj16RUNKoj17mTNJTk18fTNJ\k18]TNKfk17TTNKnk17mSNIYl16USN7Qm1HdRN>dm1i06J6E:I9F:H7G:G:HalRk1
20140516234034Lh_9,WQif21oo10kPn02anQO1QQN1on16hPNMVo1>10O0100O100O100O2O00000000O01O100O1000000O100000001O00000001O000001O0O1000000001O000001O0001O0000000001O000001O001O1O1O0000O2O001N100O2O0O2N2M3NYn\S1
20140516234034Lh_10,`_bm22i2OWk?6eQB9F8M2M2O2M3N1O1O3O0O100O1010O1M2O3M1O00000O11O0006J7I1N1O001N101N2O2M3M[^co0
20140516234034Lh_11,`\od22i2O[j10TUZ14WmeN<N3N1M3N2M3N01000000O2N1O2N2N2O001O1O001O1O010O001O1000O02N1O1O100O1O102M2NYP8OioG1N2O0gPNKgn15iPNL=Ojn1=RQNCmn1>:0O0100OfPNHnn18QQNInn19nPNKQo1b01O1O001N1O100O1O1O100O1O1O000010O00010O00001O1O001N1N2N3O0O2O1O1O1O1N2M3N1010O001O1O1N2M3M3H9N1O1O101M3MobhR1
20140516234034Lh_12,\X_j02kQ`04mmA3M200O1O1O0O002N01O1000000001M2N3L3O0O2N1N1M33K5M4M2N2O0O1O2O1O1O2N2KYghR3
20140516234034Lh_13,P`g^12R3OYl=6\PD3N1YNN_SN3_l12\SN0bl15ZSNJgl18`RND25_m19[RNJNNhm1b13M4L6J7H5L4L4L6J4L3L4M3N101O1N2M4Kb^V_2
20140516234034Lh_14,jRUn22gQP13TnQO0O1O100O100O01000O010O10O0100O0000010O01O01O01O01O000000001O000O1M4N1010O01O10O1000O10000O0010O000000000O1O100O1000001O0O2N2O1O2N1Ofoc0KfmZk0
20140519195834Ch_1,iPmP35m61QJNhf1MQZV12TniN5L3N001O00O0100O1N1O200O100O1000001OO0100000O100001O00O100O001O1O010O1000000001O10O1OXTN0ag1O\XN6dg1IYXN<eg1EVXNc0iLROcj1c0YXNl0bg1[OVXNi0hg1ZORXNh0og1YOnWNg0Th1ZOhWNi0Yh1WOdWNj0^h1UO_WNl0dh1TOXWNn0ih1ROSWNP1oh1ROlVNo0Vi1SOeVNn0^i1QO_VNo0ei1POXVNQ1ji1QOPVNQ1Sj1SOUUN^1mj1h13M4M3L3M5K4L4J6E<J6J6J5J6J6IQ1PO7H>_OmkW1GkSWf0
20140519195834Ch_2,]oX>2]3Ojii05aRXO3O0O2O1O001O1N2O0O2O1O2O001N10010OO11OO11O2N03M4L2M101O0000O3N2N001O3M4L1OO4L5K1O1O2O13L00001O0O10001O01O1N2N2N4L4K3LhmT]3
20140519195834Ch_3,]Smn11aQl01ZnUO3N2O1O100O0100O10O1O00100N101O1O1O10O10000000000O100O100O100O10O10000O10O010O10O00100O00100O01O00010O1O1O0001O00001O00O2O0001O0001O0000001O1O1N2O2NZl`k1
20140519195834Ch_4,TZii23j3NXh10SWX13elgN3N1O2N1O1O001N10100O10O00100O00010O01O01O01O010O1O1O10O010O01O001O00001N1O2O1O1O001O000O2L3M4N2N00O2O0010O0100O100001M2N1O02O0O101O2O1N2O2M2N2O1O1N2O1N3M2O3L5IXoo0Mkffm0
20140519195834Ch_5,Vih?2n1O]lm02aQTO1O10O1OUP20koM5L00001O00001O010O1O01O01O1O00010O0010O101O1O0000O10O011O0O02O000000000O01000O0100O10000O001O1O0101OO1O010O0100O0010O010O1O001NXUkZ3
20140519195834Ch_6,_XWg01i10\l10WSR12^nmN300O1O010O10OO2O0O2OO11O0001O01O010O01O100O01000000010O0000100O01O010O1O1O101N1O010O001O10O000001OO2O001O0000000001N1000O1O1O2O0O10O10O0100O1O100O2O0O2O1N0100O011N010O10O1N101O1N1N3M20KnPN]ORo1c04O201N2N2O1N3J6MgoU1LPhfn2
20140519195834Ch_7,edVd21dPd03Wo]O2M2O2N000000010O01000O2O0100000O100O10001O10O00000001O01O1O01O00002N0O2O0O100O1O11N2N6H4L7KfYWX1
20140519195834Ch_8,]dTU32k2OWkk02iQVO3M2O1N200N11OO1O1O2O0100000O100002N10000001O00000001O1N1O02M2dPNCTo1=jPNFTo1;kPNEVo1d00O0O2N00XQN^OSn1b0kQN_OUn1a0jQNAVn1?hQNBYn1=fQND\n1;cQNDan1:]QNGdn19ZQNHhn17VQNJkn17RQNJon1d00O2N1O1O002N002N1O001O1O2M3M3M2N2N2Knme00i][d0
20140519195834Ch_9,[Ymh23a2NiM2G260LMS10ii1OVYT11gkkN4L201O0O100O10O2O0O1O1O1O010OOL[PN1ko3O_o;0`PD0`PN0Qo10nPN0B0O010O000PP20QPN000oo30^oM0UQL0kn10b00dPN0[o50QPN0PP40UoK0gQL0Yn10gQN0Xn10jQN0Ro110O10N1N0mNO[RN0jn10mN0S10VQN0gm10T10TQN0im10WRN0gm12YRNNfm13R1O00\QNN^m11bRN0]m12bRNN]m13bRNM_m13aRNL`m15_RNKbm16]RNJdm16ZRNJim15S1O0OnPNMXn12l0O001O0010`PN0_m]10ehTm0
20140519195834Ch_10,[gnb21ZPP12aoQO3N10001O010O001O10O00000001O00O100O100O10O1000000001O01O01O0000000010O00001O00010O1O1O00100O001O101N3aPNAXo1d0O1000O100O10000O10O0001O00001O1N1O2M4LToo0IjY_U1
20140519195834Ch_11,SnTd12eQ85kmI;QOBTRNb0km1@oQNd0Rn1]OgQNg0\n1WOaQNm0hn11O1O^O\QNKan13fQNJWn16oQNGmm1<VRNBim1=[RN@em1?n000O2AaPN6XQcZ2
20140519195834Ch_12,giha11WPf04co[O1O2O0^PNLXo14gPNNXo12gPNOYo12fPNNZo12ePN0Zo1;000001O01O1O1O0O1000001O0000000O10000O1O1O1O010O10O101N1O1100O2N2OO01O1N2OjUeZ2
20140519195834Ch_13,UjRT11`Pb02Xo_O7M2N10010O001O0000000O10000000001O00O1000O010002M2O0O1000000O100O10O010O01O1O1O1O1ObUeh2
20140519195834Ch_14,iilS11nPd01mn]O3NNZPNOao10:O`Pj00Po_O0`PF1SP2OooM0O00000PP40PPL000oo1000QPN0000000bUeh2
20140519195834Ch_15,RZYf03`4Oeg;1fSF3lRNMZj11\SN9]1Lbk1;[TNL\k1=]TNCak1b0VSNSOh0<ok1`201N2O100O00O10001O2M3POR1J6L5L7H3UOZQN6kn1D]QN4hn1H^QN2RcjW3
20140519195834Ch_16,h]mk12d3Oeh10f30jRn14PmQN3N2N2N100O10001N1000001N10000O1O100O100O10000O100O1O00101N10000O010M3N2000O10O010O010O10O010000O10O01000O0100000O0K6O1O001000O010O100O10O10O2O1O00000O0100O010O10O10O0100O01O001H8N10100O0010O000010O010O10O100O010O100O1O0100O010O001O001O001N110O010O010O0100O1O100O0dQN_OYm1c0gRN^OXm1b0hRN^OXm1a0T10O0100O100O1O01000O010O010O010O010O101O0O100O100O1O1O1N3L_ok1MgPTN0Xbde1
20140519195834Ch_17,SmPd12]3Olk95\PHMbPNOio1OO0TO0gQN0So1020]o36hoKJ\QN1jn1OVQN0gn32UPN`0M3O1O2jPNXOSo1l0OL5GcR[Z2
20140520200054Bh_1,kRi\22e2OdlQ13aPPO4L4M2N101O0O100000000O01000O0010O01O01O01O01O000O101O01O000010O0010O1O10O010O000001O0001OO2O001O00001O0001O0O2O0000000000001O01O01O010O001O001O1O1O1O1O1O1O2M2OglR]1
20140520200054Bh_2,gmnP23T4Ncig07oQZO3M2N2O1O000000000O2YON\QN5cn1e0O1O1O2O2N3M4M1O100O^NcRNa0_n1O2O0O011O01O1N101M2O2N010O0001O1N4M2N2N1N1O2N1O3L3N2NjnTk1
20140520200054Bh_3,`WUR22S4Oojm05ePTO6L3M1O100O1000N101O001O10O01000O010O0100O010O0100O010O010O1O10O01O001O00001O001O000000001N1O1XOGgQN<Sn1k0K5O1O1O02N1O1O1N2O1M4N2N4J5VO]QN3]o1ITgjh1
20140520200054Bh_4,TX[l04a7Nh`10T^j12^iUN2C3cPNO[o1;O1jN]OPSNb0il1<aRNEXm1e0cRN\O\m1h0aRNXO^m1k0_RNVO_m1f1B=N3M3K4O2N1I70O1kNU1N3O0O0O210O0\Od0O2N2M3N2J6J7L3O2N2M3N101N2O100O1O10O00100O010O10O01O010O001O1O00010O00001O01000O0100000O1000000O10000000O2O00000010O000000001O00O10000000010O00001O010O010O10O00010O0010O0001O01O00010O001O010O000100O00000000000000O10000O0010O00010O01O010O0010O000O101N1O0110N2O1O2Mkni1J]QVN0lgje2
20140520200054Bh_5,c^oU22d2Oej10jTd12hm[N2N3N1O100O2N10000O10000000000O10000000O1000O100000O1000O100000O10O10O0100O100O10O1000O10O100O010O10O01O010O01O001O1O0O2O1N1010O010O01000O011N10000O10000000000O1000O100000O1O010O001000O010O1O10O0100O0010O0010N11OO1O2O00100O01000O0100O1000000O100000000O1000001O000O101O000O2O1N2N2N2N4Le`Z_1
20140520200054Bh_6,Undc03f4N`f10hU\11kncN8L3M3M2O1N3N1O2O3M1OO02O00O100O100O101N103M3M0O1O100O10001N10O100O010O010O10O0001O010O10O02O1N3M1000000O02O0O1O100O01000001OO010000O101N100O100O010O100O10O02O0O10O10000000O100O101N2O0000001O02N100O2M3N1M3N2M2O2N1O000O4K[lW1IiU[Q3
20140520200054Bh_7,TZ]o23h4O[f1OZX`15[l_N5K4L4M2N2N2O01O100O2O1N2N2N1O100O1O010O0001O00000000001O00000O2O00000O2O0O2N1O10O01\MAfUN?Zj1CdUN>[j1DcUN=]j1DbUN;^j1F`UN<`j1D_UN=aj1C^UN=dj1A\UN`0dj1_O\UNb0ej1\OZUNf0gj1WO[UNh0ml12O0001O01O1O00001O0010O10O1O001O000O2M2N2O1O10000O100O001O1O100O1O101O0001O00001O00001N101O001N101O1O1O1O1O1O1O1O1O1N2O2L3M4L3Madbg0
20140520200054Bh_8,mbTk24f6N^b1OPXZ11hneN3N2N3N2M3N2N0O2O02O0O001O0010O00100O001O1O010O01O010O00010O11N105J2N1O1O10O0100O001O0010O01O1O001O010O01O010O00010O001O1O010O100O010O02O001O2M3N3M5K2M3N01OO2O4L3M2M2O2N1QSNYNak1k1ZTNYNdk1j1XTNXNfk1k1XTNUNgk1l1XTNTNik1l1VTNTNjk1:kSN?<SOlk19nSNb07QOok19PTNc0Rm1XOTSNc0nl1[OVSNa0ol1YO[SN=Uj_1_Oda]j0
20140520200054Bh_9,Vhlg02[Ph03_oYO6J3M3N2N1O2O000000000102N0O1O00001OO01O010O10000O010000O100O1O0010O01O000010O001O0O10001N10000O10O02N1O1N3M4KaVkS3
20140520200054Bh_10,obRj24c6Ndb10g6OaQl20nmSM0c00aPN0ln10TQN0ln11SQN0mn1OSQN1mn10SQNOnn10RQN1mn1OTQN1kn10UQNOln10TQN0ln10UQN0jn10WQN0hn10XQN0in10WQN0\o1000^o10UQL0]o1010O11O032MO0O0QP40ooK0PP2000PPN0O010PP2000PP20PPN0ooM0QP80PPJ00000QPN0O1001006K02L`NMRSN2`n1N^n10TSL0jl10d1000kQN0Yl10mQ40URL2aKNbTN2gm10N1O0]N5PSNKkl1;SSNFil1`0TSNAZl1LnRN9KMh00_l1JlRN453<1dl1JeRN3>8ONnl11VSNo0jl1oNYSNP1hl1lN]SNQ1mm1M1N2O1N2O1N2N1O1O2N1O100O1O1O100O0100O1O00010O1O001O1O010O1O00100O1000O000010O01O1O0001O000000O100O1000O01000O01O1O100O001O10001O000O2O0O2N1O2N2L5KUkY20oakc0
20140520200054Bh_11,hV[^11[Pd03go[O4^o19N3M2O2M101O0000O100O1O1O001O1O100N2O1O1O2O0O10000001O01O00001O00001O00101N2N101Mgh\^2
20140520200054Bh_12,Vnlc02l3OUh10fTV10WoiN0000010oo10QPN01000O10O1000000000SP40RQR10knkN0QP20PPL1O10OO0000000O01O0001[OOZQN0gn10XQN0]o100000`o?0`PB0QP40ooK000QP20ooK00000[mi10^TgQ3
20140520200054Bh_13,hhVh01ZPf01eo[O010O0000O10001000O0VPd00ko]O0ooM000TV_U3
20140520200054Bh_14,XcRk23U4Nbg10QUV11UoiN3M2NMZPNNfo10]PN0ao10aPN0^o1OePN0Zo10ZP20QPN0WPR10YP\10dokM0moG0PPN0QP40ooK0VPb00jo_O0ooM01000O100011N00km]10l^Yj0
20140520200054Bh_15,Qi^h01XPf00go[O5L0001N2N1O010ORP60ZVkU3
20140520200054Bh_16,[g^b22^PR16YooN4L3M2O001O1O0000001O01O0000010O0001O00010O00010O10O10000O1010O0000O11O1N3N2N1N01O010O10O01O1O1O0O2O000000000001O010O1O1O2O1O1O00O10000O101N1O102L9G4LPnk0LjZmU1
20140526195834Ch_1,WZQV24j8NV^11laNNT^11n8O[Wn23`hQM5L2M201N110N10100O010O1O1O1O100N200N2O1O001N101O1O0O2O0O2O100O0000000O10F[QNZOdn1e0=N0011N02ON020M2O2O1000001OO2N2O0N3O1O0O1000O11OO100@?101O1O10O01O100O100L4M2O20N11O000001N11OO11OO110O001O000001O0010OO2O010O010O0100O10O0010O1O0100O01000O1O0100000O1000001N101O00001O1N101O0O1O10000O10000O10000O100O100O01O0000O10000O2O0001O010N020N100O10000O1000O02O00001OO110O1O0010OO200O00000010O0000000001OO010000000O1O1O1O101N011O010N1O2O0O200OO200O10O0100N200O10OO20OO200N20OO2O1O1O1N200NfnQ3NWgjQ1
20140526195834Ch_2,mfhk23R4Nhg11T4OhPh13UoWN2O1N3N100O100O1O100O10O2O01O00002M10O10O02OO02O000O10000001O4L000000001O0O01000O100001N3OO00010N110O1O0000O100O10O011OO10O01O10O01O100O10O01000O0010O1O01000O0100O001O1O01O1O0100O10O01O0000010O000010O001O10O00010O000000000000O10000000000000O2O000O101N10000O0100O10O10O1000O10O100O10O01O1O001O100N101O1O1O1N2NZmi1LlRVN0SYef0
20140526195834Ch_3,hdRU11WQV19\nkN5M2M4N2M2N101N1O2O0O1O2O0O100O1O100O100O^O\QNJdn13aQNJ`n14dQNJ\n15h0O010O01000O01O1N2N2O010O100O01O100O100001O000000001O0010N100O1O2O0O11O00002N1O10O01N2O1O1O1N1000000001N2O001N2O2M3M2O1M3N3L`ZYd2
20140526195834Ch_4,\Rcn13n4Ooe1OhVT11QnkN;J4N1N2N101OO2O0N2O1O1O1O1000010N10001O1O100O1000000000010O00000001O001O01O0001O010O001O100O0010O10O2O00010O2O0O10OO2O4K2O0O10O10010O010O0100O2O3M1[QNTOQn1o0fQNYOYn1]1J01001O3M00O001O0O3M6J7I6I2N3M3N;D6ImiVj1
20140526195834Ch_5,XnTU11oo10aP^13[oaN2O2N1O1N2O0010O01N10001O0002O0O1000O0100O010O00010O01O010O001O00001O01O00000000O10O10O10O010000001O001O101N001O00000010O0000000000001O001O1O001O001O01O01O10O01O010O1O1O010O01O00001O01O01O01O00001O00000000001O0000001O0000EePN1\o1MfPN2Zo1MhPN3Wo1MiPN3Xo1KjPN3Wo1MjPN2Wo1LjPN4bo1O1O1ORPga2
20140526195834Ch_6,hVaY11\Qn07enQOI`o1>N2O1O1N10M3K500000001N101N10100O001000O0100000O0100O10O1000000O100O10O10O1O100O0010O0100O1O00100O10000000O100O1000O10001O01O001O0O2O1N2O1N2Maoi0OjiZ_2
20140526195834Ch_7,gQin15\9NP]1NZ[^11WnaN000000000aPNOPo11PQNOon12QQNNPo11QQNOnn12PQNOQo10oPNOSo10mPN0To10>0\Pb00do]O1O100O3N1N001O01O0011N01O1O1O[UNN\e12bZN3\e1LdZN6Ze1JgZN5Ze1JiZN5We1JiZN6We1KgZN6Ye1KeZN7[e1IcZN7`e1H]ZN:Qe1DbVN2Y4=ie1BUZN`0We1@bVN1U4?Ze1_OcVN3P4?\e1_OhVN0i3b0^e1^OkVNOf3e0^e1\OlVN0e3e0^e1ZOnVN0d3f0_e1ZOlVN1e3d0_e1\OlVNOf3d0`e1\OkVN0d3a0de1@gVNOf3<he1DcVN0i32je1N\VN0Wo10TO0fQN0Wo10QO0QQ40noM0ooM000RP20jQL1Rn1000O1O0000OkNO\RN1in100OWkW10TSkg1
20140526195834Ch_8,hYeR31bPn02[oSO1N100O1O100O1O100O1O001O1000O001000000O100000000O010000O2O000O1000000000O1000001O01O0100O00100O0100O0100O10O10O001O10O02M102O1N1N`eXh0
20140526195834Ch_9,`hhc11[QP14^nQO2L4M3M3O1O010O01O0O1O1000000000000001O1O1000O10000O10000O100N2O0010O100O010O100O010O10O0100O2O000000010O01000O0100O10O101N100O01O001O1N2N6IhViV2
20140526195834Ch_10,RWSQ31aQb02Zn_O4L2O1O100O001O0O1N2O001000N2O2N0002O0010O01O01O0O10001O001O01O00001O1O0011M2O2M2N3Mchdk0
20140526195834Ch_11,hXS]12jQd05nm]O2M2N101O1O0O001O2O01O0101O0O1N3M10N011O01ON3M3N2N101O100O100000000000O1001O0O2O1O1O003Knf^_2
20140526195834Ch_12,bXQS11oo10_PT11`okN2M101O00001O000O100000001N0100000O100O1000O01000O001O10O0100001N1000001O01O00010O011N1O010O00001O0000010O0000O100000000000000000O1001OO10O100000010O0000000001O000000001O1O001N2O1OkfPf2
20140526195834Ch_13,kUWi11bQj00ZnWO3O1O1O100O1O10O01O1O010O0001OO20O0001O0000010O0001O01N100O1001O0001O01O010O010O10O01O0100O001O1O010O01O1000O0100O1O1N2O1N3LniPR2
20140526195834Ch_14,WZ_d12j2OYj10l20QQn12lnQN2N1O100O2N1O2N4L2N101N1O100O1O1000O1O0M4O1O010O10O1000O1000000O01000000000000001O010O1O0010O01O01O01O000000010O000000000000O1000000000000000000000000O100000000O10001O000000000000000O100000000O2O001O1O1O002N00001O00000O10001N10000000VOPQNc0Ro1\OoPNd0Qo1ZOQQNe0Vo1O001O01VQN_OSn1b0kQN@Tn1a0jQN@Vn1d0fQN]OZn1d0cQN^O]n1c0`QN^O`n1R10O1gN^QNR1cn160O1O1O1O101N101O4nN\QN>Uo1O0O1O10000O2O0O1O001O001O1O001N102M\c\o1
20140526195834Ch_15,]Vem02Z2OQm;5]PF4M1O1O1O101N1O1O0N1000ON2M3N3OO2N2O1O2OOO4K5M4K[i\P3
20140629195814Mh_1,^n`Q26b?NbP1OdoNNm\W3:mRjL5M1N3bQN]Oaj18QWN>ji1JPVN9ni1KnUN7Pj1KoUN6oi1NmUN7oi1K^UN[OhN^1Xk1YOkUNZ1Sj1hNjUN\1Tj1fNhUN]1Wj1cNgUN_1Zj1bNbUN`1^j1aN`UN_1aj1dNZUN^1fj1hNRUNY1oj1hNnTNY1Sk1iNfTNY1]k1b14K4lNXTNlMlk1o1]TNkMek1o1eTNjM_k1R2gTNgM]k1W2W1M2M4O1M2O2M3M3O0N3N3M2L4SOnQNGXn16j0LPP2A`PN4M2N2O0O200O1O001O000O110M2O100O101O0O1N3M20001O0001O1N110N2N100O2N11OO1000O020N10O10O10000O100O2N2O0O2N1N1O2O1O00010O0101O0O101N101O2N1O1O1O1O1O2O^LG]WN8ah1N\WN1ch12\WNMdh14\WNLch16\WNIch1:\WNFch1;]WNEbh1<^WNCbh1>^WNBbh1>]WNBdh1?[WNAfh1>ZWNAgh1`0XWN_Oih1b0WWN\Ojh1d0VWN\Okh1e0RWN[Ooh1f0PWNYORi1g0mVNXOUi1h0jVNXOVi1i0hVNWOZi1h0fVNXO[i1h0cVNYO^i1f0aVN[O`i1e0^VN\Obi1d0]VN]Oci1c0]VN]Oci1d0[VN^Odi1b0[VN_Oei1b0YVN_Ogi1a0XVNAgi1?YVNAgi1`0WVN@ki1b0RVN^Ooi1c0nUN]OTj1e0iUNZOZj1e0eUN[O\j1e0bUN[Oaj1e0]UN[Odj1e0ZUN[Ohj1R1iTNoNXk1T1bTNnN^k1S1`TNnNak1U1[TNkNhk1W1QTNkNQl1X1hSNkNXl1W1_SNoNbl1Q1[SNQOel1V21M4M3L4J4N2M4M3L3N102M4M>A9G5J4M3J6K6J9Doja1L[U^N00000joi00hQQ\1
20140629195814Mh_2,mSUU31hPn05onSO4M2N1N3N1fPN@Vo1<hPND]o1;5O1N101O00100O010O100000000O010000O1000001O1O001O01O011O0O10O10O10O1O10000O10O1O0010O01O2OO01O10O010O1O001O01O0010O01O1000000N102MRkZe0
20140629195814Mh_3,an`Z12`4OajQ16ePPO5L3N0O2O0O2O0O1O100O00L5O2O0O2O10O000O2O0001N100O100001K401O00O2O0O2O00001O00O10N1001O1O100O1O1OO110N20001O000001O000000O20N10001N100M300O100000O101N2O2N100O1O100O2K\ok0J]R[]2
20140629195814Mh_4,VaUm11oo10ZPT14aokN2O1O001N1000001O0000001O001O00000000000001O001O001O010O000001O01O00001O0000010O001O0002\PNH]o1=01O00001O1O00001O01O010O6K0O1O01O01O000000000000000000001O00000O10001O0000001O001N101O000OPoS1Nm_bi1
20140707023654Uh_1,oo`>2`3Omh10YTb17on]N5L3O1N200O2O9JON12N0N11O013L2N0O2O01O1O1OO010001N3N001O0O0100O10O010O1O100O001O10O0000010O001O00001O010O01O001O1N10001O000010O1O2N1O001O1O0O11O0000000000000001O0000001O1O0000000O100O1O100O1000O10O100O1O010O0100O010O0001O01O001N1O2M2N3O001O1NC\OaQNd0`n1\O`QNc0on1N3N1N2NLHePN2_o10bPNKSna10iQcT3
20140707023654Uh_2,keff25o7LdfQ14VQPO4K4K4M3N10001O1O1O01O01O01O0O2O000001O000001O1O1O01N1M3O1N20O00SO@\RN`0bm1HXRN9lj1YO^WNg1bh1\NZWNe1fh1^NUWNc1mh1^NPWNa1Si1`NjVN_1Yi1bNdVN\1`i1eN]VNZ1fi1gNWVNX1li1iNoUNW1Uj1jNgUNo0bj1RO[UNi0mj1XOPUNb0Xk1@eTN?^k1A_TN?dk1CWTN=lk1EnSN9Xl1KaSN5cl1NWSN0ml16jRNJYm19`RNIbm1Y13L4M3L5I7G7H8J6I7I7JVXST1
20140707023654Uh_3,RYiR13`3N`ig06fRZO5N1O3N2N1OO1001O01O000O100000000O010O0100O10O0010O1hQN@nl1a0PSN@Pm1a0nRNARm1`0kRNAUm1`0hRNCXm1=fRND[m1<dRND\m1>aRNC_m1=`RNE`m1;^RNFbm1:]RNGcm1:ZRNHgm18URNKlm14QRNNPn1Q11M3N1N3M3M3L4N2N1O2N2M4M2M4M5J6JPelh2
20140707023654Uh_4,cgbm23`Ph0<QoYO2M3O00000000O010O2O000O2O0O10000O1000O10O10O110O2M3OO000010O2N2N10O10000O11O3mPNC[n1S1O001OO1O2M3L5L6I<C5KQQd0FcSUm0
20140707023654Uh_5,Zgl\21oo10WQl02`nSO9J5M3N010O10O100O100O1O1O101N1O101N100000O100O010O100O100O10O001O0010O1O10O1001O0O10O0100O10000O2O0000001N100O100O20O02O1O23M0N2N0O1O2N001O2N3M3M2N2N\W[]1
20140707023654Uh_6,ZZgc16d;N^X10fgNNZX10l;OmYh20PfWM6N0M4O1N1N201N1O2N2O001O1O001O001O001O00000O1O100OJQQN\OPo1c07O1O002O0O1O1O1O1O10000O10O100O1001O0O2O0O2O1N2N0O1N12N200O1YPNKbo1;ON3O1N11N2N3M101M2O2O0O1O1O2O001O1N2O0000O2OO10000O01000000000000000O10000000000000000O1O100N2O1O1N3OO10O001O01N200O000010OO2O10O1000O001O010M3O0O1O\MWOTVNi0`i1G]VN8bi1MZVN2hi1OVVN2gi12WVNMji15SVNMbi1\O[TNi0R2Kai1c0\VN]Obi1k0WVNVOhi1m0WVNSOfi1P1XVNQOdi1T1[VNlNci1W1]VNiN\i1^1dVNaNZi1a1fVN`NWi1c1hVN^NVi1d1iVN]NUi1e1kVNZNTi1g1lVNZNSi1f1mVNYNSi1i1lVNXNTi1h1lVNWNTi1k0_UNQO\13Ti11`UNE75T14Vi10bUNE76P15Vi1OjUN]O73[OL^1d0Wi1OjVN]OfNMY1g0Vi1NjWN@]Na0ii1NiWNE]N<ji1OiWNF]N:ii10lWNE\N:gi12oWNB[N:hi13nWNCZN9gi15QXN_O[N9fi17\YNEdf1;^YNCaf1=bYN@`f1?`400O1O200M201O001O001O1000O1N200O2M2N2O0O2O00O11OO101OO11N1001O01O0000001N2N20ON2EePN0]o10fPNL\o12_ng2NmQXM001eenh1
20140707023654Uh_7,kU[V32o3O`ja06WQ@4N2M3O2N101N2M5L2M4L3L2N2M3N2M3M2K6L4N1O3M2O100O00O0POiRNYOWm1e0nRNXOnl1k0VSNQOll1m0V1M2O2N1O2N1N3L5JWidf0
20140707023654Uh_8,Rj^^22no1OfPT10YokN6K5K4L3M4M2O1N100010O105J01O010O01N2O10O010O0001O001O000O101N1000000O10000O010O010O1O010O0010O00010O01O0010O1O01O000001O00010O0000001O0000000O100000O001000O10O0101N10000O1000000O100O001M3O10O010O0O2O6H5LRnW1JTXYW1
20140707023654Uh_9,RTYb22]2O\lc08jP^O8J4K5L3N2N3M2N2N3N0N3NSOmQN1Pn1OSRNOlm10XRNNgm12[RNMdm13_RNK`m15cRNH]m18eRNF[m1:V100O00100O00100O100O100O10001O010O2N100O[kbZ1
20140707023654Uh_10,Z[o^13`4Nlf10YXX16RlgN2N3N1O2N10000O100O01O1O01O01O10O0100O1O100O010O01O100O2N1O1O10O1O001O1O1O1O01O010O010O10O01O100O001O00000O1O1O1N2M3O101OO00001N2M2O110O01O1N101N2N1O3L3O1O2N101O10O01O01O0O1N2O2E;K5M3N2L7JXoQ1Nce`W2
20140707023654Uh_11,`\Qo21iPb03Qo_O4N2M2O001N3N1O1N2O1O1N2000O01O0O2O2M1O1N3M2O001N1010O100O100O1QOYQNe0fn1ZO]QNd0dn1ZO`QNc0Po1N2N2M3N5Jcblm0
20140707023654Uh_12,dnnl21^Qf06Yn[O2O2M2O1O1N2O0001O0O2O0O1O10O011N1O2O000010O0O101O001O001O0010O01O001O00010O0001O01O002N1N3NRQ]o0
20140707023654Uh_13,keZ]24P8Mk_12R8NkUP30ZjQM0PP20ZoK0WQN1hn10XQNOhn11XQN0gn11YQNNfn13ZQNMfn13ZQNMen15ZQNKfn15ZQNKfn16YQNJhn15d0NcPNMmn12SQNNmn13QQNMPo13PQNMPo13PQNMQo12oPNNQo12nPNOQo12oPNNQo12oPNMRo13mPNNSo11nPNNSo12lPNOSo11nPNNSo12lPNNUo12jPNOUo11lPNNUo12jPNN50`n12[QNO4Obn12ZQNNVo12jPNNL0Ro12RQNOJ1To10RQNOH2Vo1ORQN6nn1KQQN5on1KQQN1HLYo13oPN0To10mPNNTo12lPNNUo12jPNNVo12jPNMXo12hPNNXo12;0^PNNVo12jPNNVo13<O^PNNVo12jPNNVo12jPNNVo12<0_PNNTo12lPNNTo12lPNNSo13=O1000O10O10000O01_PNNTo11mPNOSo11>O10`PN0on11QQNOon10RQN0nn10RQN0nn10RQN0nn10RQN0_o1000O1000000O010O1N2O1M3FHjPN:Wo171O0O2G8M]PP16\ooN5N100N2OKhPNEWo198N2M3N2O2O00001O0010O00010O001gPNObn11^QNOcn10]QN0cn10f00000010O1O1N1O00N20nN8nQNGSn1=jQNCUn1b0a0DoPN1ln1L\QN9Zn1Fo000O2OhQ21VnM000O1QLN[VN0ZO7Pn1Mlm9MgRF0WQ6OdnI0O0N3K4K6L5J6J5LUO_QNa0[n1]OoQN?kn1FUm[2K^]Uo0
20140707023654Uh_14,nj`i01XPj05aoWO2O1N3N2N100O001O001N101O01O00001O01O01N10010O000000000O100000001O01O100O1O010O2OO03M1O001O000O10O10000000001O0O2O1N2N2N3N6HYTgQ3
20140707023654Uh_15,bolZ12f3OUi?`0bRB4M3N3N1O3L6K1N2N2QRNnNml1S1oRNPOQm1V1\RNcN4;`m1l11O1N1O01N2O1M3N1O0001N1M3L4^NbRN>cm1AaRN:bm1DeRN2am1K]1Kkodb2
20140707023654Uh_16,b[en12g3OTkS15lPnNL221O101O00100O110Ooo10QPN010`om00gog01gPZN0001O01O100O01OXPN2_o1NaPN4^o1L`PN5ao123M4Laok0OQeli1
20140707023654Uh_17,m[Qa23R4Ogjc05lP^O6K2M2\Oa0201O2O1001OO10000000O1O1mQNPOVm1R1gRNROUm1Q1hRNROVm1Q1gRNPOWm1U1cRNmN]m1k1O0000kNdRNH]m16iRNEWm18PSNDPm19XSN_Oll1?[1O1O2N2O2M3L`cT\1
20140707023654Uh_18,k[m_22Z4Omje04`P\O4N2O1O1O01O01O01OO010O100O2N1O1OFjPNMTo12RQNKhn19ZQNGXn1d0jQN\OUn11\RN2dm1M\RN4dm1L[RN5fm1KYRN5hm1KXRN5hm1KYRN3in101O1NQO0P11O0O1000O100O100000oo10QPN00010000010RP40QPL1WcR\1
20140707023654Uh_19,YfXY13V5O_e1OUWR18kmmN4M2N2N2O1N2O00001N1000001O0001N100O1001O000010O0000O1O1N2O1N3M2N2O2L3N3K5N1O5K7I2O2M4M2N2^RNoMQm1b2N2O001O0O101N6K3LWNbSN3[l1LjSN3Tl1KPTN3Pl1KXTNOjk1NZTNORl1DYTN1ik1N]TNJek16`TNBck1>P2000000001N100O2O0O102M010O00000000O10001O1LhWU`2
20140710020754Uh_1,RX]T23i4OYgm08aSTO7I4N2L5O0O1O20O2N102M100O1O1N1O101O0000000000001N1000000O10O1O10O10O02OO01O1001O1N0010O10O010O010O1gQNCnl1=oRNFPm1;nRNGQm19lRNJTm16kRNKUm15hRNNXm13cRN0_m10]RN2dm10VRN3lm1o01O2M3M4M2M4L4L5K6I6K6IPeVf1
20140710020754Uh_2,YgP_22V3Oai10_Ub15bm]N4M2N1N3N001N10001N1O2N1O01O1O1000O00100O0101M2O1000010O0100O001O1N3N1G9O1000O1000001O001N3N2N2N2N1O1O10O01O0100O100O1O10001N2N100O1000O010O100003L3N4K2O0O1O1O0000010O0000000N3N1O1O1O101OO100O100O100O1O100O1N2N2O2O0O1O1O2O0O101N100O2N1O2E:O2O001O0O2O1O1N3L^na1M^ZQT1
20140710020754Uh_3,\_YU11aQn00\nSO4L3N2N1N2N2O1O1O01O1N1O2O001O0001O0000001O0001OO101N1N3M2O2OO2N101O1O010O10000000000O10001O00000O11O1O1N101O01O000001O001O0001N3N2M5L1N20WPNJfo16201Nm_Ve2
20140710020754Uh_4,jUSR14j5Oihi0;TPXOCoQNb0lm1FiQNb0Tn1BgQNa0Yn1c0O100000O0O001O0DeQNUOZn1j0>O100O1NO02O2O1O2N2OXO^OTRNa0lm1EmQN=Rn1h00001O1O2N2O03N6I2M01NN2H:M2L4N3O00002N2M017IWiPj2
20140710020754Uh_5,`_Ue23n4NPf11TYh13YkWN4fPN2Xo1<O2O0O2OO100N3O0O00100O1000000000\N\OlSNd0Sl1\OnSNd0gm110OXN\OTTNe0kk1[OUTNf0ik1ZOXTNf0hk1ZOXTNf0gk1[OYTNe0am1001O000O100O100O10O10O1O100O001O1O1O100O10O010O00100O1O0O200N2O010O1O000010O010O0100O0010O01O01O01O0001O01O01O001O010O00010O010O000100O010O010O001O1N1000O010N2O2I6001O000000001O0000O001O1M3L4O100001O1N1M4O0J6O1M3O101O1N2O2K5N3KUo[1LRQfN0PPN0``^n0
20140710020754Uh_6,Z]hV12V3OTj?4`RB5K5K4L4N1N4L9H0O5L4L111N0O13M10N100000O01N0100jNbQNh0_n1SOhQNi0jn1N2N1O1O2O0O2M2N2N3L3N3MZ`[f2
20140710020754Uh_7,hYe^23^6Oob10a6O\UV22ajiM4M2N2M3O1N1O100O10000000000000O010O100O0100000O010000O01O1000O010000O0100O0001O0010O0010O01O001O1O10O01O000O2O1O1M2M4O0O2N2O001N10100O00000000O0O20N1O2O101O000O110O1O001O01O0O110O0001O00001O001O10O010O100O10O010O1N1O2N1010O00010O010FcQNPO^n1m0;O2N2O1N2O001O00001N1000000O2OO11N001O00100O001O100O100000O100O10000O100OO2L5N201O1N2N2N3Koo;2lnk1MYQhM0XflQ1
20140710020754Uh_8,S^PW12W2OZl?7SQB4M56I004L4L1O`P<1`oCO00QP20_nM0_11O1VPNNdo16WQf0KV_ce2
20140710020754Uh_9,V\[j12gQ>7mmC5L4M3L4M2M4L3M4M2M2N\OdQNHZn17lQNFRn1:PRNGmm19VRNFim18ZRNGem1:]RNEbm1:aRND^m1<hRN^OWm1c0R1O2N2N2N201N01002N104JZcXS2
20140710020754Uh_10,Q^Q`21oPn04jnSOOZPNMdo12`PNN]o12ePNNYo12:O11N11O100O100000001O0000no=0cP@0_o10no50l`l\1
20140710020754Uh_11,TYWi13^6Oob1Of[^10njaN000YO1[QN0_n11eQNOVn13lQNMQn13SRNLjm14YRNMdm12`RNM]m14eRNLYm13iRNMVm12VRN5HIQn11VRN<FCRn11XRN>Rn1BnQNa0Pn1_OnQN6DO]n1JPRN3OMmm12SRN0bn10^QN0bn1O_QN0bn10]QN0dn11ZQNOgn12WQNNkn12SQNNnn13RQNMnn14PQNLRo12oPNOPo11PQN0Po11nPNOSo11mPNNSo17gPNKYo1<101N2O1O001OO1N2N101OO20O1O10001O01O100O100O010O101O0O100O1000O101O00O010O1O0010O01O01O00001N2O0010N101O1N2O00O2O00100N100O2O000O2OO01O001O1O1N1O3OO101N2N3L3N2N01O0onY1C\h\k1
20140828080414Th_1,__V>_2X1UNU8AfX13akNI_T13i=MZRR26ammM3M5L3N2M4M3jPNBdn1S1J6K1O3M1O5M4K001O0O2N2N0O101O105K8G7Je0[O4K1001N100O1001N00O2O000O11O5L2L2O1O00000O00]MYTNn0gk1nN`TNo0`k1nNhTNnNZOi1nk1VOZUNb0dj1\ObUNc0]j1ZOhUNd0Wj1[OlUNd0Sj1[OoUNd0Pj1\OQVNd0ni1\OTVNc0li1\OUVNe0ji1YOYVNf0gi1YOZVNi0ei1UO\VNn0ai1QOaVNQ1\i1mNgVNR1Zi1lNgVNS1[i1kNfVNT1[i1jNgVNU1Zi1iNhVNW1Yi1gNiVNW1Yi1eNjVN[1Wi1bNkVN^1kk11O2N2N2O0O2O0O100010aNoQNm0Pn1nNZRNo0cm1nNcRNP1\m1mNoRNm0Sn100O02O1O000000O10N11OO2O0001O0O1001O00O100O1000O1O1O10O00001O1O0O101O0000001O010O1O0001O010O10O01O0101O1N3N4K2O1O00O200O0010N0100O10O10O10O01O10O1000O1O01O01O10O0100000O100O010O1000000004MN4L1N2N2N3M_d[2Ii[dM1``[Q3
20140828080414Th_2,V^ja24^6Nnb1OPXR17[nmN3N1O1N2N101N2O1N1O2O0N3N1O1O100O1O1010O01O1O100:G0N1001O1O1N3N1O20O10O2OO0O1O5L1O1O00O0O100PQNXOgn1S1cRNoNek1T1VTNoNjk1R1RTNQOnk1P1oSNQORl1Q1iSNQOYl1n0fSNSOZl1m0cSNUO^l1l0^SNVObl1o0WSNSOil1R1QSNoNol1S1nRNnNTm1Q1iRNROZm1k0cRNWOam1b12M2O1N4M>B2N5K3M001O0011N2N1O0001O1O1M5K4H6M5L<E4Kn\cW1
20140828080414Th_3,SUg^24^:MoZ13QeNMoZ11a:OdTf01_n]OOmlK1001OWQ`13`n_N6N2N20000O2O001N10000O1O100000000000000000000N200O1O100N2O1O0O20OO2000O00010O000100OO101O000001O00010O1O001000O1000O0010O10OO20O000100000O1O100000O10001O00O10000000000O1O1N2O1O001O00001N11OO10000O1O1O110N2O00010N11O1O000O200N2N1O100O1O1O1O0020N0K502K4C=010O1O1N200M3M4I7J5M30OO11N001K3111OO11N11O1O00010OO1O1O1O1O01O1ON1011N1011OO01N2N1O1J602OO11N11O1O000000O01O001K4O2I7H8L311OO01000L3O10NH:O2O1O100000001N201I7L5L2O:CohVQ1
20140828080414Th_4,]n`Q12l2Ojkg08PQZO5`PNHPo1g0M1O1O01N1O1O101O01O01O00000O100O01000O01O0O1]OZOmQNg0Rn1]OjQNc0Wn1_OfQNb0Zn1@cQN`0]n1`0L6O000N22N3M2N0010O1O2N0N13L4M3M3^O[QNEjn13`QNFjn10ZQej2
20140828080414Th_5,jTWk01oo10_Ph10`oWN1O2O0O2O000O2O1O1O0010O01O0000001O000001O001O000000001O00001O1O0001O0001O000000000000001O01O00010O0000001O001O0000001O0000010O00003M001O10O1O1O000O101O0000000O1001O00000000000000001O000001O0000001O01O1O0010O0001O000000001O00000000000O4M001O0O2O1O010O]OgPN`0]o1O1O1O000O101O01O01M2O10FGnPN7^o10001O1O1O001O00gne1M\QZN0Vkjg2
20140828080414Th_6,fS[^33a4Okgg07TSZO7N10010001O01O1O1O2O002N201M3YQNDcm1l1A11N3M3O02L01hM[RNR2nm1KZ1gN4L2M2N2N2N0010O01O01O000000000000000O2N001O1O1O0O1O2O1O01O2O0O1O1O2N1O1N3Lelg0Mko\;
20140828080414Th_7,j]bb16R<KUZm00aYTO9K4O1O1N1N3M2O2O000O2M200O1010O01O1O0O2O010O000000001O0`WN[Ofa1d0Y^ND`a1<`^NG\a1;d^NFZa1:f^NG[a19c^NG^a1:eYN[Oo2:\c1d0fXN2c3[Ohc1b2V\N]Mkc1f2P\NZMSd1f2j[N\MWd1e2d[N^M]d1e2^[N[Med1h2T[NZMod1d2P[N\MRe1b2mZN`MTe1^2iZNeMYe1Z2aZNkM`e1CcXNg0g1Jfe1[OkXNi0[1Oje1UOPYNQ1l0LTf1QOTYNb1NEPg1gNVYNf1AF[g1bNXYNU2jNZOQh1_N[YN`4jf1\K\YN_4jf1ZK[YN`4Yi1J6I7Hb0A`0@4L2N3N002N2N3M4PN\RNZ1Yn1L3M3M3M3M5GfYkW2
20140828080414Th_8,XceU21b10amg02iPZO6I2N3N1O101N2O1O10O01N_OiPN?Ro1AoPNa0nn1@QQNa0nn1@RQNa0ln1@SQNa0mn1^OTQNb0kn1^OUQNc0kn1\OVQNe0hn1\OWQNe0hn1]OWQNc0in1:0O101N101N100O2O3M1O2N2M202M2O0O1O000O10_PNC_o1<bPND^o1<4O0O2Ok[bf1
20140828080414Th_9,TlTm11oo1000kQR20UnmM1O000M0VPN0io11XPNNho12XPNNgo133000O100O100N2O1O10000O10000O00100000O100O100O100O00100O1O100000O010000000O1000O10000000O010O100O100M3O1O100O010O1O1O001N110O10O010O0LcPNF^o19cPNF]o1:dPNF\o19ePNF\o1:5O010O10O01O10O010O010O0100O10O10O100000O100O1000000000000O100000O100000000O1000001O0001O0001O]PNJ\o1=01O101N10O1O010O1O1O1O1O010O00001000O01000O1O010O10O10O01O10O0001O010O001O1O010O0003M0010O0001KCfPN<Xo1FhPN;Wo1FiPN9Xo1IfPN6Zo1JfPN6Zo1801O000fPN\OXo1f00000001LhPN^OXo1b030001O0JcPNI^o14ePNK[o13hPNLYo11=N1000hnY2OUU__1
20140828080414Th_10,oY]U11WPf03eo[O3M4NOO010000O2O0O1000O01O00010O0001O01O0000010O0000010O00001O000001O0000000000000O010O1O1O0001O01LI^PN7[o1KgPN8Zo161O1N3N2E]PN4_e\f2
20140828080414Th_11,_\dc19e?L^SU1Ll\lN1O0O1O1O10000O2O0O001020O1N2O0O10O100hSNKeh15^WNK`h15^WNK@0Pf13^ZNMA0Tf13YZNMmh13RWNMf00Sd12eXNl0k4ROab11`XN>IEa3Lge12lVN4;Mj20hMMff11[XN3f0LX21YNO`f11WXN2l0Nm10Rg1OSVN3U42le1KmUN1\6OQi31RPNO01N2`LNTWN1\i10TVN1Pj1NlUN3Tj1NjUN3Wj1NgUN3bM2Vl1IXVNh0ji1WOTVNn0]l1<D5J3M4L2N[NmQN^1Rn1_NTRN_1Wn10O1002M<F:G0OO003M01M2M4M2O001O1N201O0000100O1O101O1M^Rb0HQnI0XSkT2
20140828080414Th_12,WlPR21oo10[Pj30eoUL000oo70QPH00000000000QP20ooM0jP^10WoaN000PP20moa10SP\N0N1jnQ2OPUWa1
20140828080414Th_13,``b>c0P2@^NNX<6XS12hoNJXP11n?OlTl4OakSKO\QN1el11i1NN10OO010^QN0Qm10a10^QN2an1O20bn=O\QB0O0iQ60YnI0O000010ObN5gRNL]m13`RNLdm11ZRN0fm16V1JnPNORn12mQNOTn1OnQN2Pn1NQRN2mm1OSRN0om1OQRN2mm1OSRN1mm1ORRN2mm1OSRN0mm1OTRN2km1OTRN0nm1NTRN2km1NURN1nn10oNORRN0om10PRN1Pn1OPRN1Pn1OQ1000oPN0Qn10oQN0Qn10nQN0Sn10mQN0Rn11o0O00QP20PP20PPL0O0QP20lPN0SO00000QP20ToM0fQN0Uo110O0010PP2000SoM0iQN0Vn12iQNNVn14hQNL]n12aQNN`n15[QNKkn11TQNOln12SQNNnn11RQNOmn11c00bPNOjn11VQNOjn11e0O`PN0_o1000PP21ooMO10O010PP21ooM0\OOXQN0]o10O1O01000O0100000O010O100O1\OMZQN3fn1MZQN4dn1M\QN5bn1K^QN7_n1JeQN1\n10bQN1_n11]QNOfn1OXQN3hn1MVQN5jn1KTQN7nn1HoPN:Qo1;01O3N00N4L0O7J2M3MfP8J`oG2O004L1O0bPN1kn10PQN8kn1c0L1O3M100008G10O1O010O1O100O15L0N4NOO2O0O2O0O2N2O0O10O1N100O1O1OO11O01M3O2M3N2N2N3KVcS3KR]lL1__el2
20140907195814Mh_1,Z[QV12c4O\hm03SRTO1_QN6]n1M\QN9bn1e0M3M3N2M5L3M2N2N2N1O2O0O2N2O1NXNYRNY1fm1cNcRNZ1\m1bNiRN]1Qn1L1000O01O002N002N1O1O0O2O001OO11O1O1O1N4M4L2M3M2O0O100O2O0O10000O02O00O1O1O100O1O1O1O0Ol`nd2
20140907195814Mh_2,ScnU35W8M[_10S_P17mhoN6M3N3M3N1N1O1O1N2O1M2O1N3O1O1O10O01OO1OOO2N1M4L302O1O1O2O1M2O20O4L1O1O0VL[OYXNg0fg1_OTXNa0lg1BQXN?og1CnWN=Qh1HjWN9Wh1HfWN9[h1H`WN;bh1E[WN<gh1BYWN3Si1LnVN3Ti1KSVNH_N<`k1LoUNL^N7ek1LmUN0YN6kk1IkUNo0Xj1POgUNP1Zj1QOcUNo0`j1PO_UNP1bj1oN^UNQ1cj1oN\UNQ1ej1oNZUNP1hj1POWUNP1jj1RORUNm0Qk1SOdTNCoN[1_l1SO]TNX1dk1iNYTNW1jk1iNmSN]1Vl1dNdSN^1_l1dN\SN]1el1m02N3M3M4L2N3I6J7E?H7I5\O]QNCSo1I[no0OY_oa0
20140907195814Mh_3,kP_U34h9Oo]k03QXVO2N2N200O10001O102M0O1O3M23O0O00O1N2O01N3M2O0O10O1O00001O1O1O1O2YVN@kc1a0l[NFUd19f[NL[d14a[NNbd18T[NHQe18gZNL\e12^ZN2fe1MVZN4me1LoYN3Wf1KgYN3^f1L`YN3df1L[YN3hf1LVYN3nf1LPYN4Sg1KjXN6Yg1HeXN9]g1F`XN;dg1DZXN<ig1CTXN=og1CdWNg0`h1YO[WNi0gh1XOVWNg0nh1YOnVNh0Ti1[OgVNe0\i1^OkTN_Oj0S1]j1FZTNBS1h0gj1;UUNDoj1<dTNaN_OQ1Sl1>XTNJPl19iSNE\l1l15J6J6K8H9H7F8K7I?A4K6IfjPe0
20140907195814Mh_4,\cRX34RQZ11nngNMAOmPN1Po10RQNOln30eP20PP60noE010O0_PN0h20Si10f3000_PN0fP25eNNZPNNOOZoQ11PPPO6fPNK[ZSd0
20140907195814Mh_5,`]e]23]5NRe11_500O`TP41ZkoK8M2O1N2N4M0O100O1O10O01O1000000O10000O10O10O10O1O01000O01000O1000O1000O1000O100O010O1N10001OO101O010O00100O010O1000O01000000O01000O10O01O1O100O101N1O100O1O101N100O2N100O2N2O000O2O0O2NRPh03koWO101O001O0O101O000O10001N100O1O10000O10000O10O010000O100O1O100O1O1O001_O\OdQNf0Zn1^ObQNd0]n1?10O010O010000O010O100O100O100O1O1O1O1A?L4N3N100O101O000000001O00000O101O1Nfo?O[P@1O1O1O101O0O1O10000O100O101N1O2O0O2N100O100M3N2O001O00100O0001O010O001O1O1O1O1N1O2N200O1O0O2O1O00000010O10O0100O100000O0100O1O1N200O100O100O100000000O1000O10O100000O010O1O1O1O1GfPNK[o13;NVo[3LoPdL000`bnh0
20140907195814Mh_6,jo^_12no1OiQP13TnoN3N4K2O0O10000O1O010O001O0100O0100O01000O0100O1O1O1O100O100O10O10O010O0100O010O00100O001O010O001O0O2N2N10000010O00001N1O1O00100000001O001O1O100O100O1O1O100O2N2Nbok0NgPaX2
20140907195814Mh_7,^\WX23i7OY`11g_NOY`10l7OWVT56bikJ3O0N2O2O0O1O1O1O101O0O1O1O2O1N3M3N0O10000O1O1O100O100O1000O1000O100000000O010000O100O1O100O1O010O100O100O1O1O1O1O1M3N200N2O100O10O10O010CcPN7eo1N1N2O1O3L10Roc10mPbN0QPJ0oo1000ooM10O10jP20VoM0010O01O010O010O01000O0100000O01000O010O1O0010O010O01O01O01O10O001O00001O000010oom0OQPRO31M010O00QP20ooM0go10YPN0:0F0E0ZP20PPN0PP20QPN0oo10QPN0oo1000QPN0O010O00010mo30RPL0O000SPV14goiN111010O001O10000O100000000O010O10O0N21O2O000Oao9NaPF0PP40oo10QPL0PPN010no30QPL00010N101NOfPd0O]o[O00001O000O2N1O11O01O0O100000N2M3OQP40PP60QPF0A0nPN0ao10_O0?0110O10O010ePN0en10\QN0dn10\QN0dn10\QN0cn11]QNObn12^QNNbn11_QNO`n12f01iPNM`n14`QNL_n14bQNL^n14g00O1kPNK^n15g00kPNK^n16aQNJ`n16_QNJan17^QNIcn17TQNLKNPo17SQN2nn1OPQN1Qo1?O0001O1O001O1O001O10000O01000O0010O0100O000O2O00000100O0100000000000001O0O2N100O2O2M2N3JcVd40ai[K000O10000O100000NTPN0mn13lQNMXO0Ph10T^N1kIk01TO<5dg1KS^NU1VJQOgg1Jc^N4]I10N>1bg1L`^N0`I8OL1M>OA1Rh10a^N7]IOc0IQ[Td0
20140925195834Ch_1,WV]m06_<MlXU1;VZlN6K2M4M2N6K5K3L3N102M4L2N4M3K4M8H2N2N1O011N3L103M1O2N:E6K2N4lWNfLYc1_3]\NfLcc1`3T\NbLmc1a3m[NbLUd1_3g[N`L[d1b3a[N^Lbd1c3Z[N]Lhd1e3S[N\Lod11kWNU3P3jLXe1NmWNY3c2kLae1MoWNW3\2mLge1KPXNV3U2PMne1HoWNX3P2PMRf1HPXNW3l1QMWf1FPXNa3[1jLif1BoWNd3j0VMXg1UOQXNd3a0YMcg1oNQXNh35ZMSi1d2gVN[M^i1f2QVN`LEk0]k1]38G;E<D7I5J6L4K5J6K4J7K3M4N1L300O2N1O2O1N2O011O4N3K4K3M3M3J5J6J6IUaVl2
20140925195834Ch_2,ZhTn04lo1O1O1O^Ql34^nSL3N001O1O1N7J1O1O1O001O0O100000O100O1O00100000000O2O00000000001O00000000000010O00001O000010O010O10O0101O00O010O001O010O001O0010O0100O010O2N1O101N100O00100O2N1N101N2O001bQNnNkm1T1`01O1O1O000OO2O1M3M3M3O1N1010000001O001O1N2O00001O001O1O00100O00100O01O010O002OO1000O2O1VOSQN=Zo1OO010000000001OO010O01O000100O0010001N11OO10O1O0001O1O001O001O1O1O2N10O010O01001OO1001O000O200O1O1O001O002N1O01O001O001N2O0O1O2N1O102M1O1O00000O1000O100010O02O1N102O1N002N1N100O10000O11N010O001O010O1O10O0100O0101O1N2O000O10O0100O1O010O10O010O100O010O1O01O010O0010O01O0100O1000O00010O000001O000000001O000000001O0000O10O10000000O10O1000O0100O10O0100000O010O2N101N3N1N`jQ3CnUnL0moi00iWYU2
20140925195834Ch_3,giV]24lo1N2O10]R`33`m_L0O1O101N1O1O101N10O10O10O0100O00100O1N10100O10000ZOChQN=Xn1EgQN;Xn1HfQN8Yn1KdQN6Zn1h00100O100001O0O10000O2O1O2M101N3N0O2O1N101O000000001N10000000001O000001O000001O0000001O00001O0O101O00001O0O2O001O000010O0000001O00010O0010O1O0001O00010O001oPN@`n1a0_QN_Obn1`0]QNCan1=_QNCan1=_QNDan1;_QNEan1<^QNEbn1:^QNFbn1:^QNFbn1:^QNGbn18^QNIan17_QNIbn17^QNIan17_QNIan17_QNIbn16_QNJan15_QNKan15_QNL`n14`QNLan13_QNMan13_QNN`n12`QNNan11_QN0`n10`QN1_n1OaQN2_n1LbQN5^n1JbQN6^n1IcQN8]n1GcQN9]n1GcQN9^n1FbQN:^n1FbQN:_n1E`QN<an1C_QN=an1C_QN<bn1D^QN<bn1E]QN:dn1F[QN;en1FZQN9hn1FXQN:hn1FXQN:hn1GVQN;jn1DVQN<jn1DVQN<jn1DVQN=jn1AXQN>hn1BXQN>in1@XQN`0Uo10O000000000001O00001O00001O00010O1O00001O010O0010O010O1O01O11N00010O10000O1000O01000O02OO0100O1O0010O000010O0001O001O00100O0010O01O00010O0000000000000001O00010O010O10O01O010O01O1O000010O001O0010O0100O001O010O1O010O1O0110N101OO0010O11OO1O6K0O1O2L\kW3MiThL000YVWj0
20140925195834Ch_4,ZV_m12V5Oae11ZXh23hlWM5YPNJ\o1a0K4N3K4L3N1N3N3M2N2N2N100O2O0O101N]OgQNBXn1<lQNBSn1>QRN@nm1>YRN^Oem1c0\RN\Odm1c0^RN\Oam1d0aRN[O_m1d0bRN\O]m1e0eRNYO[m1f0iRNVOWm1j0jRNVOUm1k0P1O010O10O10O1000O101N10000000O010O10O01N20O01O001O010O001L4O1O01lPN[Omn1e0SQN[Omn1d0800000`QN\Ocm1e0\RN\Odm1d0\RN]Ocm1c0\RN^Ocm1c0[RN_Oem1a0ZRN_Ogm1a0YRN_Ofm1b0YRN\Ojm1d0i0O00100O1O001O1I601000O01000M201O10O0100O010000O010O01000O0100O010O10O100O100O0010oRND^j1;aUNI]j17bUNNZj11gUNOYj11fUN0Zj1OfUN3Xj1NhUN2Xj1NgUN3Yj1LhUN4Xj1LhUN4Xj1KhUN5Xj1LhUN4Xj1LhUN3Yj1MfUN4Zj1KgUN5Xj1LgUN4Zj1LeUN5[j1JeUN7Zj1JeUN7[j1IdUN8\j1HaUN;_j1D_UN>bj1B\UN`0cj1AZUNb0fj1^OWUNd0jj1\OUUNe0jj1[OVUNd0lj1\ORUN4XNMil1OoTN3ZNMfl11nTN3]NJgl13kTN3`NHfl14jTN5_NGgl14jTN4aNGfl14iTN4aNHhl14fTN4`NJjl13eTN2cNJil13dTN2eNJhl14bTN0jNHgl18_TNNTl11lSNNVl12hSNNZl12eSNN[l12eSNN\l12cSNN^l12aSNO_l11aSNN`l11aSNMal13_SNLbl14_SNHcl19b1001O00001O1O00001OO100O1O101N1O1000O1000O1000O0010O10O2O0O1O10001O1O00001O01O001O00100O1O100N100O2O1NehRb1
20140925195834Ch_5,VmTa04X6Nlfg0>ZRZO4L4L4J5D=K5K5K7I7I7XOg0F8L3L4N4L3M4L3N2M3N2N2OfL^TNVOi0n1gj1hNkUNV1Sj1bNXVN\1ii1VNeVNi1\i1SNgVNn1fk1001N000O1O2O01O1O1XO\RNROem1j0`RNRObm1m0aRNPOam1n0aRNPObm1o0h0O31OO1M3M3M5K3N1N3L[njZ3
20140925195834Ch_6,Y\]V21bnS16TQnN5L7OOM2N2O1N1O0_OYOiQN<bn1D^QN8en1H[QN7gn1IYQN6hn1JWQN6Zo1NALVQN3jn1MVQN3jn1MWQN2in1NXQN2en10\QN0bn11_QNN`n11cQNO[n10gQN1Xn1NjQN2Ro10O010N1_ONSQN3nn1OQQNNQo13=M4O^O0TQN0mn10RQN1nn1ORQN1nn1OQQN1Po1OoPN2Qo1NmPN4So1MkPN3Vo1MiPN4Vo1LjPN4Wo1LiPN3Xo1MhPN2Yo1NgPN3Xo1MiPN2Wo1OhPN0Yo11ePN1Zo10ePN0[o12aPN0_o18000O11O0O20O0O2O001O001O1O10O01O1O1N2O1O01O10001N20O0O2OO01O100O102L[om00mhVa1
20140925195834Ch_7,dXSh1150do90VPN0g12WnI4K2O0O1O1O1N2N1000100O1O010O000001O1N1100O00010O010O1O1N200OIgPNJXo15jPNIVo16mPNIRo17<0O010O0001O01O00000O2N1O1000OfQNDSm1<X101N2O0N4MRgbS2
20140925195834Ch_8,\^in13mo1N[S^15alaN3L5AKkPN;hn1e0L2O2N2N3N4K2O2M3N1O2N101N4L1NoN^RNFbm18bRNG\m16jRNHUm14QSNKnl14VSNBnl1?XSNZOkl1d0X101K5O1O2N101O100O1O0000001O01O01O1O01000O1000000O10O01O010O10O10O0100O2N1N2O1N2O1000000000O2O001N2OO100O10O0100O100O1O100O010O000100O00100O001O0N3O1O1O1O010O0010O000001O00001O1O2M20UoY1Kdbde1
20140925195834Ch_9,PlfZ22aRh00_kYO2iSNOUl14hSNNVl15gSNMXl15eSNM[l14dSNL\l15bSNK_l16`SNJ`l16`SNIcl15]SNKel13ZSNMjl1NXSN2Zn11O100O00100O10O01O01O00000001O000O10O100000000O01010O0000000000O2O001O0O1L4G9O1O2O0001O1O1[ORQN7on1Ff003KaSg`1
20140925195834Ch_10,QYY\12no1OXQV13eniN1G:O1O010O01O1O10O01O001O1OPOFWRN0VO:cn1GVRNOWO;cn1FXRN:im1GVRN8km1HURN7kn1OKHbPN8do1O^OI[QN7fn1IZQN6gn1JXQN6hn1KWQN5mn1JPQN7\o101O0000000000O2O000O2O000O10000O10000O100O1OO101O0N2O110O000O10000010O01N11O0010O01N101O0000001O0000000001O0O2O1O1O1O1O3Mgom0OUQPO0[el[2
20140925195834Ch_11,a^]h12_Qf02\n[O2N2M3M2O1O2N1O2N3M2O0O2N1O001O010O0010O01O01O0BnPNIYo14;O1O01O00001O001O000O101O1O1O0001O1N2O1N101N201N1O1O1MVabS2
20140925195834Ch_12,\YoY32T2Oek10fRR17WomN4M4L3N1O1N11O001O1O001O10O100O01O1O01O0000001O000O10000O100O10000O101O0O100000001O000010O1O3N0O100O5K101N2O0O1O001O0010O01O010O10O010O100O10O0010O10O1000O10000O010O010O0001O1N3M[no0L^hT=
20140925195834Ch_13,mif]22g4O_f11h4OWRT30\mSN0gomN0fPJ0O1000O1010N110O1011N1O000010O101OO102OlPb00RoE0PPH00000PPh00PPXO00000oo30QPL0000000bPN0ln10TQN0mn10RQN1mn1OSQN1mn1OSQN2ln1NTQN2\o12O0ALRQN5\o1000010OQOKSRN5ln1000001O0001OLXPN0ho10XPN0ho1O50VPN0do10YO0jQN0So10TO0hQN0Yn50lPN0RP:0moC0QP20ooM00010O10O010O010O0100UPNOeo11[PNOeo11[PNOeo11\PNOco11]PNOdo10]PN0b00Wn11VQNOc00Wn11VQN0b0OYn10VQN0bo11]PN0co1O]PN1co1O]PN1co10[PN13N[o11bPN1fo1OXPN1h0NWn15k0O1No0NTO00000_O0a00QP20RP:0[PH0C0PPN0QP20noK0D0jP20jo?0jo_O0ooM000PP2000ooM1O01O000000PP40QPN1noM010O000001O0000Rl[40aXbK1if1Od40SV]l0
20140925195834Ch_14,SlXR21XQh02dnYO2O1N10O0100O0O101N110O1O001O1O000O10000001O0000000000N20001O010O100O2O00001O0000CePN4\o1KgPN3Xo1NhPN3Wo1OfPN2Zo1:1N102AdPN6^o1GdPN8Wo1HoPN6hRki1
20140925195834Ch_15,Wi\`05j:1QZ1L[cd1Okg[N3M2N3O00MVM1WSNJU23[j1O\VNN^i11jVNORi11QWN0ih11[WN0bh10bWNOZh12iWNOgg13cTN0j3L`g1>cXNB[g1>gXNBVg1>mXNARg1?PYNAof19kTNI_o14ePNKj02VONiP4OQoM0O010O10O00O0Zk53eTJ0RVN2ah1KfRN9nNH[o1a0M2mN\OiRNb0Ym1^OfRN>`m1CaRN6em1JZRN2km1NRRN2Qn1NlQN2Vn1OgQN1\n11_QNOdn11ZQN0gn1OWQN4hn1MTQN6ln1>1O3J6I7Jkki0MZTVO3N01NgN1dRNNUm1>fRNATm1f0Q12hQN[OTm1e0kRN^ORm1c0nRN]ORm1c0PSN[OPm1e0RSNZOnl1d0X1N1O3L:Fko7J\PH4L4L2N1O2O001O1O1OO2OO10O2O1N1O1O100O11O0004G^n[10aXST3
20140925195834Ch_16,b_ma22o3Oog10Q40kPj12QoUN4N3K4N1N2M201N2O1O1O21O2M2N0010001M100000O103M00O102M1O001O0010O001O1O011N0104K1O00001O0004L1O1O000000O1000000000001O010O0010O01O000010O00000000001O101N3M10O00001O01O01O1O00001O00000000000000O2O1O0O101O00001O000001O2N1O1O11N3M1O2N001O0001O01O00001O1O001O001O0001O10O011oPNSOln1P1002M3N2N1O1O1O001O001O001O1O1O2N1O1O2D]PN5jo1Mile1M[SZN0^`^P1
20140925195834Ch_17,k^mQ21oo10TQj10knWN000PPN0O1N1010O2O1000001O00010O01O1OO010O2ObPN0kn10VQN0jn10VQN0]o1000000000O10O0000PP20PPN0PP20PPN0mo10ao;0bPB0000001O01O100001WPNOao1175K01Mgog0Mcabf1
20141009195814Mh_1,mbjS15n:NlY11WfNMiY12S;NQRf3;dmYL5K4I\OnPNf0on1\OoPNj0kn1a0E2N02bNaQNX1cn101O010O010O0001O3M7I010O02O0O4M;D4M2N0O20OO2N2O2O0N10000O0100O010010N1O1O20OO010000O1O1O00000000000001O000010O001O001O001O00101N5K2O1N2N00101N010O100O2O1O0OWOZQN9fn1D]QN=an1B`QN`0_n1^OcQNb0\n1^OdQNd0\n1WOgQNm0dn1:F2O1O10OO01O200N02O101N000O01O1O0000002N002N3M5K2N002N01000O003N0O1O011OO10000O2O00001N1100O0O1O2O0O1O1O20O8G11O2O5J2OO05NM01O1O0O2O000O10000O01001O0O0010000O1O10001N002O01O0O1000001N1O1O1O2OO01O10O000001O1O00001O00000100O011N1O1O100O1O010O001O01O0001O0100O01O0002N100O01O01O1O001O000001O010O01O002N01O1O1O00000001O1O001O001O00001O01O1O001000lPN\Ojn1d0VQN]Oin1e0VQNZOjn1h06000010O0000]OYOlQNh0fn1O10000000000O100000000O2O;D2N2N1Oef[3M_YdL00000S][R2
20141009195814Mh_2,XjXU22no1O10_Pj13^oUN1O1O2N3N0O1^PNF\o1b0N0O10O10O11N002OO01O000000010O01O00EcPN4]o1IfPN7Yo1HhPN9_o1100O010O1O0000000001O001000O100O010O100O01O010O1O100000O4M0O101N10000O0100O101N2O0O2O1O0O100O00100O000010O000001O01O0000000000000000000000000O010000000000000000O100000000O0100000O10O10000O10O10O100O1O0O200N11OO20O010O1O100O2M200N200N3NVne1NmQZN0hUi]1
20141009195814Mh_3,iXoZ13mo1NPU^1=bjaN8H4M100100O00100O1O0000O100O1O1N2N3N2O0O1N2N2O1N2M3O010OO3G8@a0N1O101000N100O1000O1O1O2N100O10O100O0101O00000001O01O01O10O1O0100O10O0010O100N101O0O101N1O100000O2OO0100O10O10O02N00000001O1O001O2O0O10001N10100O0101N2O00O1O100N2O1O2LXfV\2
20141009195814Mh_4,i]kP21b40ch]24dRdM4N4K5L5L<C1O2O1O01O1O1oNTQNR1ln1O0O0000O01000:E2N100O1O100O101O1N100O1O1O10O01O0001O000000000O1000000O10001O000O10001O00000000000000000000000000000000O10O1000O100000O100000000000000O0100O010O010O10O010O0100O010O010O01O010O0010O0001O00001O00010O00010O0001O010O001O1O1O00001O01O001O001O1O1O1O001O001N11OO100001O00001O00001O0O11O000001O0000O20OO110O1O1O0@\OfQNd0Zn1]OeQNb0[n1@cQN`0]n1BbQN>^n1BbQN<`n1D_QN<bn1F\QN9en1IXQN6jn1>2N3M2BnPNLTo14lPNKUo15jPNKYo1<4L2N2N5K2NPoo1KVQPN00000Wb\^1
20141009195814Mh_5,^WgX11oo10YP`10fo_N8I2N00100O001O002bPNCVo1c0001O3M1O1O00010O000000001O0000000010O01O001O10O0001O001O010O000000000000001O0000O10000000000000O1000O1000O0100O10O010O00010O01O01O10O010000O01000O10000O1000000000000000000001O00000001O000001O001O0O101O000O10000O100O1O1O10O010L301O100O100O100O1O2N1OZhV]2
20141009195814Mh_6,^gje23b5Odii0OiPXO1M2L4K6L3N2N1O101O0O10001M3L4N1N2L3LJ82OO200OO11K31N201L1jNTO`SNj0bl1YO[SNf0gl1\OVSNc0ml1^OQSN=Um1FfRN:\m1HPRNF7c0jm11SRNOPn11nQNOSn12kQNOUn1m01O3L6J3N2M3M3N2N1O2N2O0O2N2N2N3L3I7LUWgU1
20141009195814Mh_7,]\kP24S6Mec11V6OXTd20kk[M0QP20noM0lom00VPTO0ooM0PP20ooM00000PP20ooM0000000000000oo50aPL0oN0aPN0bP20_o70ooE0000000000000000000oo10QPN0oo30QPL000PP<0noK0Uom00lPjN000oo10fPL0gn10d00O1010O1O01O000010O100O1000O10O0010O0`P40aoK00000oo10QPN0O10O01WOObQN0Wo11OO10XO0h00PP20PPN00001N1hPNNcn12e0000O101BMmPN4Ro10jPN1Wo11fPNNZo1=OOZQN_OPn1b0PRN^Onm1c0SRN]Olm1c0URN]Okm1b0URN_Ojm11bQN:d0Djm13cQN8b0Ekm13eQN6`0Glm12fQN6>Hlm12fQN6<Inm12fQN4<Jom12gQN29KRn13gQNO6NUn13YRNNhm12VRNNlm13QRNMQn13aQNML1dn12`QNMK1fn12_QNLK1hn15dQNK]n18_QNHbn19\QNGen1:YQNGhn1<SQNDon1<oPNDSo1d0000O2O0O2O2M5J4JkmY2M\RfM0ccd]1
20141009195814Mh_8,fPkX22bQl04RmUOM^RN7^m1K`RN6`m1K^RN6am1M\RN3em1OXRN2gm11URN0lm14PRNKQn18kQNGWn1;gQNDZn1=dQNC]n1?`QNAbn1`0ZQNBfn1l01O1O001O1nNXQNj0in1TOZQNj0Po1M2N2O1N1O1O00101O0O100O10000O10O10O01O010000O100O1000O1L3N300000O010O1O1O100O1O2N2I6NhnZb1
20141009195814Mh_9,e\[i22WRR1OhmoN0J3XPNMgo17O1O01O010O1O00@KWQN4jn1MTQN3ln1MUQN1mn1NSQN2nn1MRQN1^o11^PN1Uo1NjPN4`o11N2L4L3O100O1000O10001O001O002N1O1O1O00N2N2O1O00100N2O1O2N1N2O1O01O2N101O1O1O1O1O1N2N2O1O1MPcbQ1
20141009195814Mh_10,UQUg27m?Llo01XPON]\S31[SnL:H5L3M4K3RQNVOdn1R101O010O10O0@XQNJhn16YQNHhn17XQNJ1Cbn1c0\QNJ2Dbn1b0[QNJ1Gdn1l0]QNVOan1k0^QNWOan1S11N3K4L4N2O`QNSOom1k0RRNUOom1j0QRNWOom1h0PRNYOQn1f0oQNZORn1e0nQN\OQn1e0nQN[OSn1d0mQN\OTn1d0kQN\OVn1c0jQN]OWn1d0gQN]OZn1b0eQN^O\n1b0cQN^O^n1b0aQN_O_n1`0aQN@_n1>cQNB^n1;dQNE]n19dQNG\n18dQNI]n15dQNJ]n16cQNI_n14cQNL]n13dQNL\n14fQNJ\n14eQNMYn12iQNMVn14kQNKVn14jQNMPn19oQNGjm1b0TRN^Olm1c0TRN^Obm1l0]RNTO_m1Q1`RNPO^m1R1aRNoN\m1T1cRNmNZm1V1eRNlNYm1U1eRNmNYm1U1eRNlNYm1W1fRNhNZm1Z1eRNdN]m1]1`RNdN`m1i14N30OO2O11N0002OO1O010O0O101O1O00001OO1O11M010100M3N3O1M3L5N1O1N3O2K5M2L4MEVOfQNb0Xn1IgQN0\n14dQNKXn19hQNFWn1=iQNBWn1?iQN@Un1b0mQN[OSn1f0PRNVOQn1k0PRNSOnm1P1?2N2M2O100000O1N3N1N2N200OO100O00_O]QNIdn17]QNHbn18aQND`n1<dQN@]n1`0a0000000001O000000001OO100000O101N1ZRN\OPl1e0d12M2O101N1O2N01O0L4O3O0O100100O2M3O0N11OO0O110BXOcQNj0\n1<101O0G9O1O2M3O1O1O0010O1O1O1O10O2O1N2N3M1O00O10O1N2O2OO0011O6I5K4M`\`20ac_M0j_O1[POO`nke0
20141009195814Mh_11,elh[21QP>0ooG0ooK000PPl00ooC0QP@000oo30`ok00_PRO0oS[`1
20141009195814Mh_12,nSeo23c5Oed1OPZ`14ak_NO10000O1010O11O00010O00O1O1N010O02NgPN0gn10YQN0fn10ZQN0hn1NXQN2in1NWQN1jn1OVQN1\o1OZo90gPF0]og00bPXO0go_10XP`N2000O10001Oeoi00ZPVO100O101O0O2N2O1O101N101O0O0100O100O101N1O1O101MTo[1MSmfd0
20141009195814Mh_13,TRiV12oQ`09bmA5H8K5L5J6K4NO01O2O1N3N1N3NPOjQN8Un1EPRNFK8Tn10URNDM9lm12[RNBL;hm12mRNLSm14PSNIPm17RSNFol1:\1O001N1010O00001O01O101M5J]m`f2
20141104195854Bh_1,VnhX35`:OgZ1MPdn01RfQO6QQNMhn1i0K4O1O1O00001N10001N00100O1G:O1N20O000N3M3O1N2N2O010000O2O000000O0O1IM901YNfNjTNZ1Vk1jNcSN0?V1mk1IhSN4]l12\SNKgl1d1M5M3M2N2O2O11O0N3N2O1H8]Od0F9XOh0M4M2N2O1O1N2N2L2O11M30N2O101O1O1O2M3N3L3LTP4LZPm`0
20141104195854Bh_2,Vifb23X4N_hc06hR^O:N3M5L4O0O3M1N1O1N2O101OnNZQNj0mn12N101020N3M10M4M2M3M2N201OlNeQNb0Yn1\OlQNc0Rn1[ORRNe0lm1YOXRNf0cn1N101O1O2N1M3N1N2O0O010O001G\PN4ko1LUSiY1
20141104195854Bh_3,VQSl03^5NWgk00gSTO1Qo1k0D7I4L6nNoNeRNEL^1]m1n0N3N2O1O2N3N2N2M1000O0O3N1O1O2N2N2O1hMVSNW1lm1N1O2O001Nb0_O4K2N1O011N1N1O2O0O100000O10O1O10O100O1O101O0001N2M3N2M200O002LVjTo2
20141104195854Bh_4,a]_d23`4ObjU11RQjNOao15]PNKao18^PNHbo1822N3N0O1oNE]RN:cm1H[RN9dm1H\RN7em1JYRN7gm1JXRN6hm1KVRN5jm1LURN4lm1MRRN4nm1LQRN4Pn1MnQN4Rn1MlQN3Un1NiQN3Vn1OhQN1Xn11eQN1[n12aQNN_n1j0000O10O11N01N2N1N3L4O107I0000O100O100O1O1O104K1OkN_NmRNOk0b1Wl1gNgSNX1Zl1hNeSNY1\l1gNaSNZ1`l1gN^SNZ1al1gN_SNX1cl1gN]SNX1dl1hN]SNU1el1lN[SNQ1hl1nNXSN<]OH]m1LVSN:@F^m1OSSN9AAbm16nRNLZO0Xn16ZRNC@1dn1<jQNE[n1=bQND^n1=`QNE_n1?[QNCen1k0101O01O1O100O1000O001O1O5K2M2O1N2M2L4N3M2N3MRahT1
20141104195854Bh_5,_WYl13a7Nj`10P^P12diYO0loE2N2N2O1N2O2M2N3N1O1O001O10O010N2LkPN@Ro1>;N0O1000O0O2O0100O2N10O000lQNFbl1;_SNE`l1;b101O010O100O001O01O001O1N1O101N1GFlPN;Qo1:N3001O2^OmPN3`o1000O0VN1eSN0\l1h12O0N3N2O000O1M3_Oa0N1D`QNZO`n1b0`0O1O11OO10001N2011NN2O2N1O2O0O2O0O100001O00001O000O11O00001O000010O1O1000O2O00O010O001N1O20O00001O001O1O010N200O1O1N3N1OO1001O001O\gdi1
20141104195854Bh_6,miTR33nPb00kn_O=E>Bb0_O2O1O010<E;D4L2N010O03O21M0N11N20N7I1011M5M2L11O0010002L3M1O0002O0OO2O1N2N3M5IiQcj0
20141104195854Bh_7,n[^\22ePh03onYO9M1O2O0O3M2O1N1O2N4N0O100O10O100O2O1N1O010O1O100O3M1O10gPNAon1a0nPN@So1f0000O2O1O1O001O0O2O1O1O1O1O1O2N001N10010O010O2O1M3MabY_1
20141104195854Bh_8,jZ[S21b72XgW20PQjM3K6M2N2O1O1O1M3N1O2O100O100001N10000O1O1N2O1O1O1O10O010O0O2O001O10O0001M200N1100000OO3O0001OO10M3L4M301O0010O1O1O1O1O010O1O1O1O01J5O1O1J5001O2N1000000E[QNYOhn1d0614N2O0001O101O0O200O1O1O2OO01O001OO100L3I70O2ON3O1O00N3O101O1O1O0OO00O03O1IiPNDYo1<33O000O10O101O100000O10O1O100O1O1O01O010O010O1000O010000O010O10O1O100O010O2N102Ljno1K]QPN0Ve^^1
20141104195854Bh_9,Q[]X12[2OWme03XP\O2O1N2M3M3O1N010O1M3O1O2O0010O0J7M2O2O1O1O0010O0010O0001O0010O10O001N200O0N2O2O00000000O2N1O2O001O2N2N2Nbdbc2
20141104195854Bh_10,VcXi06T:M_[11edNM[[12Z:OiRd30Xm[L3M3XPN2Xo1=N1O:F1O2N1O11OO2N2O3MO002N001O00101N1O101N1O1O10O10O01O101N002OO0001O0100O1O2N1O4L6J1O0O101O1O1O1O0001O10O0002OO000000010O01O00001O1O1O1O010O000001O0O101O1N101N101O001N10010O00001O001O010O10O00001O010O0001O01O01O01O10O0010O1O000010O01O010O010O100O2N1O010O01O000O101N101O002L201O1N2N3NTP2OloM2N2O0O001000000000000001O\PNK]o16`PNMbo181N2N00000000O00010O10000O11ObPNISo17mPNISo19iPNIXo17gPNHZo1>1O2N2N2O10^PNE^o1`0OO2O00015LM2OO02OOO2O1O0M4O1O002OO203L1O1O00O110N011OO10O10002N1N2O2N1N100O101O1N201N0102N0O3N00O3PQNXOcn1T1N10N11O01N1O1O2M2O2N4L2N6^OlPNKVo10nPNObo101Mcgg20`XXM0joc00o\k^2
20141104195854Bh_11,eebk03]7OQa11P_NNPa10eYh30mm[L0ooK0oo70QP20iPj40WokJ0bo30jPJ1co10EOgPN0[o10cPN2]o1NaPN3_o1O_PN1bo18OI^PNNbo11`PNO`o1ObPN0^o10bPN0^o1ObPN2fo100000000003M1O1GIgPN4KLgo11\PNO\o11=2O1N02N1O000O[PN0[o10ePN1[o1OePN1eo1000000000[PNO[o12dPNN^o11aPNO`o11^PNOfo70TPJ012QPNO]o1Ob00`PN0on11`000006JO1KYPN0io?OSPB01001aRj10amUNORP41loK1N0O1O000O01N2Ohik20d`c]2
20141120195834Ch_1,m\gP13Z5OWe10oYd1O]k[N3L5M1N2O1O1O1O1O1O1O1O1O01N1000100O01000O001O00001O0010O00O110O0001O010O1O001O010N1N2O1O10O10N1100O01O1M201000000O01000000000000O20O01O101O0O10000001N1N2O2N1O1N3N1N2O1M3N2O1O2N1O100O0OJ6000000M3L40O20001O00O100O1N3M200O2O1O1O2N2N1O2O000O200O002M5JPbfe2
20141120195834Ch_2,RcXZ23a5Oid10Y[NOgd10hVh20knWM5L3N0O2O0O2O00001N100000000000000000001O000000010O0010O01O010O1O0100000O100001O000100O1O100O2O1M20O003L101N1000O101O10O01N11O2OO1O2O1N0000O101N1O002O0O1O010O1000001O000000001O0000O101O000O10000000O10000O001000000O100O1000O10O01O0010O001O010O001O1O01O01O01O001O01O000010O01O10O0010O01O001O01O01O000010O0001N101N1010O0001O01O001O001O0000001O000000000000O1000000O2O00O10000000000O10000O101N100O2N1O2N1O2MemW2McPnM0mQJ0n\aS1
20141120195834Ch_3,WUkf12a2Okko03^QRO3K5DIjPN:Uo19O1000O1O1O2M2M3O1N2O1O100O10000O100010O000010O000001O0010O0010O0100000O1O01000O010O10O01O10O02O0O100O105J3N1N10000O2O5K3L2OO2OO01O2N2M4L3N6I:DUnk0LklbQ2
20141120195834Ch_4,bXeV215?^o?EYPBNSPd1NPP\N3M1N2O001O100O1O1O0010O01O01O010O10O01O100O000010O0010O000100O01O010O000010O01O01O01O01O0010O000001O01O0001O01O01O0001O01O000010O0001O1O1O0010O0001O001O00000000000001O000O100O1000000O1000O100000O10O10O1000O100000O0100000000000000000000001O0000000O1000000000000000000000000000000000000000O1000000000000O1000000O1000001O001O000dPNBVo1>iPNCXo1=gPNCYo1=gPNCYo1=gPNCYo1>ePNC[o1=ePNB]o1<4O1O2H^PN0QfX\1
20141120195834Ch_5,jcXR13T5Nde11V500O10RQn30QooK2fo17N1N2_PND\o1b0N1O1O0000000001O00000000001O00010O0001O01O0010O01O1O010O1O010O12M3M100O2O0O10000O1000O001O001O001O000O2O00001O0O10000001O000001O0001O00000001O000000000001O000000010O00001O0001O000000001O000001O01O01O1O001O001O1O00000001O00O10O10000O10000O1000001O00000001O0000001O01O000001O01O00000001O010O000010O0010O02N10O01O00100O1O10O10O0100O001O010O1O01O100O00010O0001O01O01O00100O001O0010O01O010O1O000010O01O01O001O001N100O2O1N101N10010O00001O0000010O01O00100O0010O0010O0011N100O0010O0010000O1O001O01O0000001O001O01O01O001O0010O01O010O01000O0010O001O01O01O1O0000001O01O00001O0001O01O0001O0001O01O0000001O01O01O0001O010O0000001O00001O1O0010O01O010O00oke3IXTZL00000V\YQ2
20141120195834Ch_6,VZo\22dRT1OYmmN2M3N2O1O1O1O001N101O000000O001O10O0101O00000000010O00001O000001O0001O01O0O1000010O00000O1001O00000000000001O01O0001N10000000001O0001O0100O010O10O100O2N2N1O100O2N1N3M`oo00TQnN0fdd[1
20141120195834Ch_7,`i\o11gPl01VoUO3M2N1O2N1O1O1O1ICkPN=To1800O010000000001O000100O0100O1000O100O001O0001O000000001N100O101N1O1O2N100O101N100O01000O1000O100001N101N103KlUek1
20141120195834Ch_8,XhZ_25^9Ld^]16dWdN4M3O2M2N101O01O00000100O001O1O100O010000000001O01O01N110N101O001OO2O01N110O0O20OO2O01O002N2N3M3L4Nh0hQNbN[l1b22N2M3M3MjSNhMfj1V2VUNQNjj1l1jTNbNUk1^1eTNhN\k1V1bTNmN_k1S1^TNPOck1o0ZTNROkk1k0QTNXOil1d15L0N2O1N200O5J4N0O1\NgRN=Ym1XOUSNd0ml1VO[SNe0Un1L3L4L3L3LloTZ1
20141120195834Ch_9,fmfP21\Qf03Zn[O9K201N2O0O1O100O1N2N2N10O1N10N1200O10M40O010000000000O10000001O0001O0001O00O1000N0O3L4N2N2N2M3M5LQR_k1
20141120195834Ch_10,eflY32Z3OYi10dUP13dmoN2O1N2O1O001N1GFkPN<Qo1;hN\OlRNm0Tm1SOjRNo0Um1SOgRNP1Ym1POeRNR1Zm1POcRNQ1]m1POaRNR1^m1QO^RNP1bm1f0100O02O001N3O0O1O10N1N2J7M3N1A`0K5N3L3N2N2N1N3N1O101N101N1000001O000001O010O001O00100O01O1O001O1O001O1O1O100O010O10000O010O010O1O1O002N1N3MYno0OT[_=
20141120195834Ch_11,khd_24Q6Nhc1OaX^30hmeL0PPN0_o10hP60QPL0RT][1
20141120195834Ch_12,^dTa05k6NUcm09cUTO5L2N1O1O0100O010OO10O2N101N2O001O1001O0O1O010O1O100010000O10000N3O1N>B3N1007G3M1O2N11O31OM5N10NO6WQNWOlm1i1IN1N3N2L4Mg0XO4K4K5J:CQVSZ3
20141120195834Ch_13,ocgZ22_3Ooh10mTZ14_neN2O1N3M2O1O1N2O1O1N3N1O1O1N2O0O2O0O2FSO^QNo0^n1<N2O1O1O2M2O1O2O0O1O10O101N1O2O0O11O0O1O1OoNjQN]OOf0Wn1JURN4jm1KXRN5gm1KZRN5dm1L]RN3cm1M]RN4cm1L]RN3cm1N\RN3dm1L]RN3em1LZRN4im1JVRN6lm1HURN7lm1ISRN7om1GQRN:Qn1BoQN?in10N2O1N2O1O10001O0O101O000000000O11O0O101O004LmNVORSNh0kl1^OSSNa0kl1CSSN=ll1ETSN:kl1HTSN8kl1IVSN6il1KXSN4gl1M[SN0fl10]SNLcl14e100O010O10O001O0001O100O100AaPN=bo1N3M3LZoU1Lm\hZ1
20141120195834Ch_14,ZYoW33X60ngc14`Q^Na0@3M3M3N2O0O1O100O010O101O10O11OO2N1O1O1O1O00001O00000O10O10O10O10O0100O01O010O0010dNUObSNk0^l1XO_SNh0al1ZO^SNe0bl1]O\SNc0el1_OXSNa0il1ATSN?ml1CoRN>Rm1ClRN=Tm1GgRN;Xm1JbRN8^m1T110O10O11O00O1000O01M2N201N010O100000I6QOoMlSNX2Sl1kMhSNW2Xl1lMaSNX2`l1c02N1O4K6J4N2L2O2N2M2N2N3M1O2N2N1000O1O1N3M21ObTNkMSi1U2lVNkMTi1T2lVNlMWi1S2]2M1O1O1N2O1O0O1O2N1TOVRNBlm1;ZRN@hm1>P1M4LWTNDUh15lWNLSl12OMWPNOjo12100O00kn3O[Sf0O\kUO1eNOcWNc0[LD0I15OO0L121NN52L3ON001U`b=
20141120195834Ch_15,gb_i22a2OTlg09nPZO6K3N101O0O2O1N2O1O1N3N0O2O1N2N1N3M2N3L4L4N2N2O000000O100O1O100O1N2K5O1O1N2M3M3O1O1O1O00001YOUQN9jn1FZQN7hn1GZQN7hn1G[QN5Zo1N4JX\`R1
20141220201934Ch_1,ooVl04lo1MhQb14Un]N2N2O1O1O1O1O100O100O0010O1O1O0O110O10O01000O10000000000O101O1O100O010O10O10O01000000010O01O000000002OO1]TNE^g1<_XNEbg1<[XNFeg1;XXNFig1;UXNElg1;RXNFog1<lWNFVh1:gWNE]h1<^WNDeh1=XWNCjh1>SWNBPi1>mVNCSi1`0iVN@Xi1a0fVN@Yi1b0fVN^OXi1f0fVNZO[i1e0dVN\O^i1c0bVN]O`i1a0_VN_Oci1`0]VN_Oei1?\VN@hi1=WVNCki1;UVNEmi19SVNHni16RVNIPj17oUNISj16lUNKTj15kUNKWj16fUNKZj16dUNJ_j15^UNLcj16ZUNIhj17VUNInj16oTNJTk16hTNLYk16cTNJ_k16_TNJdk16YTNKhk16UTNJnk15PTNLQl14lSNMUl14gSNO[l11XSN9jl1HRSN:Pm1EnRN;Um1EiRN;Xm1FfRN9]m1H`RN7cm1I[RN5im1NQRNNUn1k05J5M3N3M3M2M5L3L4L6J6I[kY1IPUYh2
20141220201934Ch_2,ZXSo02k3OWh10nVP14iloN2N3N2O2M101O1O10O001N1O100N1001O01O1O010O1O01O010O0O2M20001O10O001O001N10O010N2O10O01O1N2O01O00001O1O101N1O2O00000001O1O1OO10O100001O0001O000O1O001O1O01O2O0N2O2N3K`ok0K_hhh2
20141220201934Ch_3,mmjQ11oo10ZQn03cnQO2M101O00000O101O0000O0100000O01000O01000000O1O10O010O01O0100O1O00100O1000O100O010O0010O010O010O0010000O10O10O1000000O10O10O010O01N101O001N1O2O0010O101M2O1N2N3Mgok0MaRWf2
20141220201934Ch_4,_e`[13V5N^fa09kS@HdPN=Yo1CfPN?]o12O01O002N1N2OO0100O1O10N2O010O2N102VRN3[k1MbTN9]k1G_TN<ak1EUTNb0mk1_OdSNn0^l1SOZSNS1gl1mNQSN[1nl1l00mNUSNoNml1h0_SNROcl1c0jSNXOYl1c0g1J8H9AcXga2
20141220201934Ch_5,ml`X32h2OZla0<XP@>^O=J6F90O101N3M2I7J7N100O100O000O01O1O101O0101GTQN[Onn1d08O00114K10O001O1N1N11O0O2N3K5HXR[d0
20141220201934Ch_6,lRcj12m3O]i=`0RRD4L3M3L4M3N3N3L9H4L5K5M4MVN[RNY1dm1aNbRNd1km15I3N`NZRNc0Xm1ROgRN7:`0nl1]OiRNM?b0jl1[OoSN`0nk1EUTN6\hdS2
20141220201934Ch_7,g^T`12m3OSh11n3ORQd28gn[M001O001N100O2N100O10001N101O00001O0O2O1O000000000O100O10000000O1000000O1000000O100O100O10000000000O10000001O000O1000001O001O000010O0001O01O100O1O001O00100O1O00010O0001O1O001O100O0010O01O100O2N011lPNZOjn1P1N101N01O001N2N101O1N2O1N2N101N2N2N2N2O001N2O001N101O010O010O0100000000O1O2N1O7I4L100O1O100O00001O10O00001O10O01O001O2O3M2N000O101O0O1O010O1O1000O1O01O001O01O01O00001O001O1O1O1O1O000001O0000O10001G[PN4cl[2LZSfM0YaWn1
20141220201934Ch_8,mohc22`P<6VoE5M2O1O2O5J5L2L200N4M103O110O05KO2OM3M2M2L4L7H9E]mXZ1
20141220201934Ch_9,nSY\21?3mn1M\QT14onkNL[PN5do15N2O1O001O0001O010O0010O1O000100O103L0010O10O010O010O01O01O0010O0001O000010O0000000000000O10000O01000000O1000O1000O1O1O00010O010O01O1N1L5N1M4N10000N21N101N3M2H8N2Niok0M^l\[1
20141220201934Ch_10,Y^V_14j6NVb11m6O1OYQn40hnQK0O10O010O1000000000000000hPN0`n10`QN0`n10h00g00YO0O010O10O10000000O100000ORP80ooG0RP80UPR11ioeN00000O10O01000O101OO8JJ\PNNlo10oo;0ooC000O100O0UOOhQN2So10O001ZOM^QN4cn1L[QN5fn1KYQN4Zo10_OLUQN5ln1KSQN5mn1KSQN4on1LoPN5^o10DKmPN5So1KnPN5Ro1KmPN8Po1HQQN7Po1IoPN8]o11BGRQN9nn1GRQN8on1HQQN:ln1GTQN8ln1HUQN8kn1GWQN8hn1HYQN9en1GbQN2[o3NQoM0iQN0Uo30PoM0n00oPN0Rn10nQN0Ro10PP20ooM00000QP20QoM0lQN0Ro1000UO0m02N1M12NgPNNdn11\QNOdn12f0OdPNOhn11WQNOjn10WQN0in10VQN1in10VQN0kn10UQN0kn10UQN0jn10WQNOjn10VQN1in10VQN0kn1OUQN1kn10TQN0ln10UQN0kn1OUQN2jn1OUQN1ln1NTQN2ln1NTQN3kn1NTQN2ln1NTQN2mn1NRQN2on1NPQN3Po1MoPN3Ro1MmPN6Po1KoPN5Qo1KoPN7Po1HPQN:nn1FSQN:mn1ESQN;mn1ESQN<ln1DSQN>ln1BTQN>Wo12D@lPN14c0nn190100N011O0O0010O01001OO01O10O1000011NO204OK2O00000O020O0001O000O3N001N010O001O01O00101N1O1O0100O3M1O1O1O001O0O2O1O000O2O001O0000100O00001O1N2N3M3L_j[3MfUdL000ga_h1
20141220201934Ch_11,X[ed11lPl09hnUO3N1O2N2O1O2N001O1N3N001HWOVQNj0jn16O1N2O1001O00100O1O1N1O1O100O1O1O010O1O10000O1O1O100O100O1O2N100O1000O1O1O10O100M3H9N2N2MYdhV2
20141220201934Ch_12,TVeY21ZP`06^oA5K4N1O2O01N2O1O0000O1O010O00010OO2O0O1000001N001O00100O1O1O00001O2NYhdc1
20141220201934Ch_13,hY[d12a3Okh10jUn07]mQO7aPNBVo1<8O101O00100000O1001N2O1O0IZPN3jP>MQnI0RQJ000PQN0om11o0100PQNNel10iSN3AMgl12fSN0Xm12fRNNZm14dRNLFNjl17_SNK]m18`RNH`m19_RNGam1:^RNFcm1:\RNFem19[RNGem1:ZRNFgm1;WRNEjm1=TRNBlm1>TRNBmm1>SRNBlm1?TRN@lm1b0RRN^Oom1b0PRN^OPn1c0f01O010O2N001O1O2N100O1O0O100000O2N1O1N2G;J4N4LUoo0NWglS2
20141220201934Ch_14,\_ff12V3Oai10kTV22]niM001M3O0N001O1N101OO1O1I\PN0PoS1OlPnN010O10O0100O00010O01O01O000100O00QP40PPN0PQj20onSM010O1bm[1ORcgm1
20141220201934Ch_15,XPQl03V50^e1NlVb10\n]N4M2NK^PN0`o10bPN0]o1OePN0[o10fPN0Yo10hPN0Wo10jPN0co10ao10>0oo50no?0fPB0mnE0cP40`PL0_O0^O0T10^O0_O0cP20^PL0on10a00000011^PNOQo10^Q<0\nC0f00j00]N0bQN0Yo10PO0kQN1Qn10QRN0Qo1OlN0VRN0lm10SRN0om10oQN0Qo10O1VOOdQN0^n10`QN0bn10\10ln50_PJ020mlll2
20141222201814Mh_1,QPSf13i4NZf10hUV16kniN5M1O2O100O2O00000000000000O100O1O2O00001OO10000O100O00100O010O100O10O010000O100010OO20O001000O1O1000O10O0001N010O100O100O100O10O100000000O01O0100O01001N102O0O2N101N1O10O001N2O001N10001OO11O000O2N1N3M3LWlS1IQTmo1
20141222201814Mh_2,PjfQ32]2OWmc00YP^O3L3O1N2O00001N2N2N1O100O101N2O0010N101N100O10001O001O0O100001O00O10O100O1O010O101OO10000O100O2N4L4KdU_j0
20141222201814Mh_3,bZS\22fQh03QnYO6M2N100O2O000001O01O000000001N3N0O2O1N2N1N4M2N3M2N2N3M1O1O0O1ON2J7O1000N2L4O10010000O100O1N2N2N4J7Imdn_1
20141222201814Mh_4,h]PW23g4N^f11i4O_Q`2=Tn_M1M4_O^OaQNc0_n1]OaQNc0en1]OTQNd0To100000000000000O10010O00001O00001O0O101O100O001O1O002N1O002N011O001N2N001O1O1O41J5K101O0010O01O01OO2O001O000O2O1O001O10O010O00010O001O001O00001O002M101O1N3LdP68UoI2N3N1O0O2N2F@PQNb0on18N2O101N10000000100O001O0010O0000000O10000O1O101N1O100O2O00000O1000000O2O00001O00000O2O0O100O2O001O00000010O01O010O010O01O10O001000O10001N1O1O00100O1O1N3N1O1O1O00100O001O000000000O100000O100O1O10OO2O1O0O2N2O1M3O1N2O1O2N1O101N101N101N2O1Omlc2JYS\M0XbUV1
20141222201814Mh_5,lkT]21`Q<5XnE3M3N1@KRQN7nn1>O1O000O1O01O01O1OO101N3M4M2O2N2O0O2M3LhSm`1
20141222201814Mh_6,cgZi21\P`05\oA3O2M2O001O3M2O4K2O10O2N00001O001O1O1O1N101O0O1000O1O1000O100O2N2N1O2O0N3NkViS1
20141222201814Mh_7,ReRi23P5Nifc09kS^O5`QN9^l1L_SNMUOB]m1`0]SNLYODYm1a0^SNJ[OCXm1c0^SNG\OFUm1d0^SNF]OFVm1d0]SNEQm1=nRNBSm1`0jRN@Vm1e0eRN\OZm1n0[RNSOem1e1N3N3jRNlMZl1U2fSNkMZl1f1WSN_N?LYl1d1[SN_N;MZl1c1^SN^N80Zl1_1aSNaN40\l1]1cSNbN00`l1Z1dSNeNK1il1o0aSNoND3Vm13XTNL^m1NSQN1nn1OQQN1Po1OPQN0Po11PQNOon11RQNOmn11TQNOkn12UQNOjn11UQNOln11TQNOmn10RQN0Po10nPN0To10jPN0co10fVoS1
20141222201814Mh_8,kkll01ZPb08]o_O3^PNJRo1e0O0000111N5KO2O0N3M1O1N2N3M2N2O0OO11O001N10001O1O100O10000O010OO2O10O2O1N2L\SQP3
20141222201814Mh_9,VP]Y32V3OSj9?URH7K6K3L5K4L7J8G3M3M4M3L2OOOaN]RNb0dm1YOUSN3jl1L\SNOel1NaSNO`l1MjSNJ_kTe0
20141222201814Mh_10,emRm11YQn02cnSO2N1O100O00100O1O1O1O100O10000000001O00001N2O01O00000000000001O0O1O10O01OO2N1O2OO10O1001O0N3J5O20O1O100O1O1O1O1M4I7JTRYn1
20141222201814Mh_11,Yh\l04Q6Mic10[Zn05hkQOO\P2LgoM3N1112KmN0SRN1mm10R10nPNORn13n0OO1O101gPNKcn16[QNKen16ZQNIgn17XQNIjn14WQNMin13VQNMkn12UQNMmn13QQNNPo11PQNOPo11PQNOQo11nPN0Ro10mPN0To10lPNOVo10iPN1Wo1OiPN1Wo1OiPN1Wo1OhPN2Um1c0nSNZOnN2Sm1i0kSNVOQO1Rm1R1fSNlNZO2nl1U1fSNiN]O1ll1Y1fSNfN]O1ll1[1gSNeN\OOkl1_1iSNcNal1]1_SNdNVONTm1Z1kSNkNXl1m0`1O1O2OO1O0O10M4N2N2N102N00100000O1O01000001000O1O2O0000O2N2N2M3L4IRok0IRYQl2
20150105104334Ch_1,\YQU23\4Nnga00bS@8J3N2N100010O1O01N1000O100100_RNC]k1=[TNKdk16XTNNfk14fSNATOd0Wm1KbSN`0^l1A`SN`0al1_O]SNa0el1_OWSNa0ml1@nRNb0Tm1_O_RN_OMX1fm1l02M2O2M2O2M2O1M3B>L3N3N101M4J7XOmejg1
20150105104334Ch_2,P^PQ23mo1NmPn17nnQN1O1O001O000000000O100O100000001O001O001O1O010O1O001O2OO01O01O10O1000O0100O1000O0010O0100O100O100O1O01000O010O10O01O10O10O11N2O1N10O10O01O1O1O100OmQNDdl1;[SNEel1=YSNChl1=^100O100O]QNBdm1?VRNHhm18WRNJim16VRNJjm17URNIkm17TRNJlm17RRNJRn13mQNMTn13gQNBE<fn1l00O2N101O1O1O1O0O2O0O2O0O2O1O1N3N1N2O0O2N100O100000000001O01O1O1O100000004L001OO10004MN01O010O10010N10O100O2O0O002N1O1O1N2NW^_c1
20150105104334Ch_3,Zdhi02k3OTi?2dRBNaPN<Yo18N6L10M4L4M18G:F8G:G2ON20N3M2O2N0O100O[NURNV1jm1jNXRNS1im1mNmRN<Um1DlRN:Vm1ElRN8Um1IlRN4Um1KlRN4Vm1GnRN8]n1001O10001OO2N3IeX]S3
20150105104334Ch_4,bXmR12R40Rke06cP\O1O1O1O2N1L5M1O1O1M4N2M4M2M3J6C<PO\NeSNd1[l1_NcSN_1^l1cNlRNP2Um1<2N101O1O1O1O2N2N3M3N4nMVRNe1Wn1K5K8H002SOYQN>jn1_OVQNb0nn16O2N3M2M4L3F:N2O1O08nNPRNDTn1MZRNO^cZi2
20150105104334Ch_5,jnfb14[8NSfU14XQlN9H3M4G8F:M3K5J5O2N01NoN]NhSNT1fl1YO`RND3W1^m1n01G43O110O11O1O1QOhRNVOYm1d0U1L3ON012N1100N110OO3L3L5J6L4NDkQNPOTn1o0>O1N20N1N2O2O1O20O01010O1O0O20OBYQNChn17c0M4M3M3N2O1O010O1001N2\PNK[o1671O0001O000001O010O001O0100O1O1Mfnm0MeRkT2
20150105104334Ch_6,aiZ`01i00ZO1Uom02cPTO7J2M10000010O1D^PN9eo1O1O010O0010000O01O01O00000001O01O001O00000001O00000O10000000O0100O1N3N100O1001O1O4M0O0O100000000000000O1000000000000O2O1NjU[Z3
20150105104334Ch_7,eVma04Z1O>0P21gjm02ZQTO3N2N2N10O0N2NJIcPN8_o150001O1N2N2M3N1O1N2O1O0201O02NO000O01O01O0000O1N101N20O01O1aMVOhUNk0Sj1MXUN5^j1:eTNjN@W1hk1<WTN8fk1R20100OYL_TNP3ak1iLmTNQ3Rk1oLTUNl2lj1RM\UNh2fj1RMbUNi2ok1L6K5J4L4M1N2N1O1O1O1O1O10O1O1O0O11aNURNg0lm1SO_RNg0Uo1WO5L^jk0NonjV3
20150105104334Ch_8,gUiU31S10hm10[Ql02goSO010O001O00001O0001O01O00001O01O01O1O002O0O001O010O0010O010O100O010O100O100O010O0010O01O1O010O01O0000000000001OO01000O0100O010O100O010O1O0010O010O010O010O001O1O1O101Mlinc0
20150105104334Ch_9,lT[Z21oo10_PP13]ooN2N1XPNJeo190N[PNIdo17]PNIao192100000000001O00001O001O010O0001O00000010O00000000001O0001O01N100010O0000001O0000001O010O000000001O01O0010O010O10O0010O000010O00010O0O100O2O0O2OZjb_1
20150105104334Ch_10,aYYi22UR<4cmE2O2M2M3`NHUSN;jl1HiRNc0Wm1_OcRNe0]m1^O_RNa0gm1_OURN>om1DlQN<Xn1c04K5J6K5K4K;_OdeVU1
20150105104334Ch_11,diXQ12e3Oakc06bP^O2N101N2O1N1O001O0O10N2O0000N201O000J50101O10O10O01M2O10OONO5101N01ON3N2O1O1O11O100N4EjPNFYo16RVYk2
20150105104334Ch_12,lPiR21T11nn[10loeN0O1O1O1O100000000000000000O10O10O0100O1000O0100O00100O01O010O01O10OO1010O0100O010O0001O01O1O1O01N011N01010O0010O00010ON3O100O1O1O2Njog0O[oRf1
20150105104334Ch_13,PRkm02]10HOTl10bSn02QoQO2O0O100O010O10O0100O100O001O0001O000010O0100O01O1001O00010O01O001O0000010O2O00001N000000002N1O2N1O10001O002M1000O2O3\OfPN:ao1001O3M1O2N2M2O01O1O2N1N100O2OO101OO1M4M1O2O2MPllk2
20150124081954Uh_1,lkje13\7NTa10[[b21Pl]M6M1N4L3M4M1QN\O^TNi0\k1\OaTNg0]k1ZO`TNi0]k1YOaTNj0\k1ZO`TNj0\k1YOaTNl0[k1UOeTNn0Wk1TOgTNo0Vk1ROjTNP1Tk1QOWUNd0hj1\OZUNc0fj1\OhSN@Z1U1mj1ZOhSNC]1R1jj1ZOiSND^1R1ij1ZOgSNDb1R1gj1@\UN?ej1^O^UNb0`j1^ObUNa0_j1WOjUNh0Vj1TOnUNk0el1O1N201O0O00002N0O4M3M1OO010O1O010O01O1O1O1O1O00001O001O00001O000000001OO101O001O0O2O00001O0000001O000001O00100O001O10O01O001O01O00010O010O010O0001O01O01O00001O0001O1O1O01O0000000000000000O10000O100O1O1O1O10000O1000000000000000O100O100O100O100O1000000O10O10O1000O00100O010O0100O010O00100O0010O000O101N1000000010O01L3M4K40000000010O00O110N2N2N2O1N2O1N2O101M200N3M3Keke2LgXod1
20150124081954Uh_2,Xf`X32h2OUkg07hQZO5M1N11O001O0100O1000001O2N1O1O100O101O1O001O0O1000O110O0O1010O0000000001O002M20N102O1OO001O010O1N2O2M2O2M2N3M1MbWUc0
20150124081954Uh_3,gnle13R4Nhg11TU`2OUP^N1lnQOO21O0OO11O011NO2O0000O11OSo30oPN1moM003O10N1M010OTP:0dPZ10YocN0ooG0QP20ooM000QP40ooK00010O00010O010O010O00000\oS30dPlL000oo10QPN0O10O0010O010O01000no70bPH0oN0_P20bPN0]o50RPJ0Po10PQN1O3WPNLao163L5OO1O1TQNMkm14Q100O00SQNMom12RRNNnm12PRNNSn11kQNOWn11gQN0Zn10eQNO]n11aQNOan11g000000010O0001\PNNXo11ePN1mme2NTSSe1
20150124081954Uh_4,SUWj13]6OUfm00[STO2N1N2O1O2N2N101N2N2O1N3M4\NWOjSNo0Ql1SOlSNP1Rl1ROdRN7h0l0al1AUSNm0bl1WOUSNP1il1T12NO2O3M5J3M5J`0@4L`McTN`0[k1[OPUNa0mj1[O_UN?`j1YOmUNc0Rj1[OUVNa0ji1]O]VN>bi1BdVN9]i1FgVN6Xi1HnVN4Si1ISWN3nh1KYWNOhh10^WNGgh17a302M3M3N1OninQ2
20150124081954Uh_5,XPgP16g;OQa[16RTdN0bm18TRNOgm1X1kM[NiUNi1Rj1^NhUNf1Rj1bNgUNb1Vj1cNaUNe1[j1aN_UNb1]j1hN[UNY1bj1POVUNQ1ij1S201OO2kNnTN]MRk1`2hUNeL\j1Z3V1L4aMSTNg0Ql1WO^TN9ek1FbTN1`k1OeTNK]k15fTND]k1<T20O01O1O100O001O[MAjUN`0Uj1BjUN=Vj1FhUN:Vj1IhUN7Xj1MeUN3Yj11eUNOZj14dUNNYj18bUNH\j1>`UNB`j1a0]UN@`j1d0^UN[Obj1i0[UNWOej1l0XUNTOhj1n0WUNQOij1P1VUNoNkj1S1RUNnNnj1R1RUNmNoj1S1QUNmNoj1S1QUNlNPk1S1PUNnNPk1Q1QUNnNQk1Q1oTNnNTk1o0lTNQOVk1n0jTNQOYk1l0hTNRO]k1l0bTNROak1n0^TNPOek1Q1ZTNiNlk1X1]1211O1O4L000OO001O1M4M3M2M5L2M3N2M102L3O1N3L5L7Gjkdh2
20150124081954Uh_6,oPmm22[Pj00aoWO3O1N2O1O1N2O1000O010000O10O12M101N3M2OO01O0100001O00O1000O010O10001N20O000000O01OO101O02N1O001O1O1^OhPN9`o1O1O00010O00001N2O1Njm^m0
20150124081954Uh_7,eV[j13b4NZhg01QSZOOUPN1go10[PNOdo11]PNObo10`PN1^o1OcPN1go1O10O010000002O103OM03N52G2NQP20PPN0iP64WoIL`m1<lQNNoPNFfn1>aQNCTn1b0PRN^Oom15bQNKd0OUn11oQNOSo10SQ20gnM1WOOcQN1bn10UQN3Ue\R2
20150124081954Uh_8,kXSU21`Qn04PnSONfPN5Wo1NdPN6[o19N2O0O100O100O010O1O0100O0InPNARo1>90O010O001O1O010O1000O10O2O00000000O1000000O10000O010O1O010N1010O010O0001O001O1O0O2O10O0100O00101N1O2Njfde1
20150124081954Uh_9,Ukd^11YP^14bocN1N101O001O00010O01O10O01O001O000010O000000010O0000001O01O0000000010O0000000000000O10000000000O0100000O1000O010O010O10O010O01000O0100O10O100000O100000000O0100000O100000O100000000O1000000000000O10O10000O1O1O2NkoS1ORUQW2
20150124081954Uh_10,_QoR12]3OYjg04SRZO4M1O2M3NGdPN0Zo11hPNNVo13mPNLQo13RQNOjn11ZQNMcn13aQNN[n12hQNOTn11RRNLkm13[RNLbm14aRNK\m14Y1O0100000000000000O101O2O0O2O2NM4IZQf0NPoYO0SP20VP<0goA0O4QPNMakfh2
20150124081954Uh_11,QYcU21QQX20nnSN0me\g1
20150124081954Uh_12,^ijZ16Y:MU[13kdNMU[11odNMQ[12_:O1OTPX30mogL000000000TR\10mmcN1N01O01O10O00GOcPN1\o11dPNOZo12fPNOXo13gPNMXo14hPNMVo15iPNLUo15kPNKUo15kPNKUo16kPNJTo16lPNJTo16lPNKSo15mPNKSo15mPNKUo14kPNKUo15kPNKVo14jPNLWo13iPNMWo13jPNLVo14jPNLVo15iPNKWo15iPNLVo14jPNLVo14jPNLVo14jPNLVo15jPNJUo17kPNIUo17kPNIUo17kPNIUo17kPNITo18lPNHTo18lPNHTo18lPNHUo16lPNJTo16lPNJTo16lPNJUo15kPNLTo14lPNLTo14lPNMSo12mPNOSo11mPNOTo10lPN0To10lPN0Uo1NlPN2To1NlPN2To1NkPN3Uo1LlPN3Uo1MjPN4Vo1KkPN5Uo1KjPN6Vo1JjPN6Vo1IjPN8Vo1HjPN8Vo1GjPN9Vo1HjPN8Vo1HjPN8Vo1GjPN9Wo1GiPN8Xo1HgPN8Zo1HfPN7bo1O1N2O00100O1O10O1000O10O101O0000001O1O001O1O00000_SNOSi11lVN2Ri1MnVN5Qi1JPWN6]l10O10000O101O00001N4M3L2O1O0O2O001O0001O001O010O1O1O2OO0100O11OO20OO11N001O1OElPNKSo13RQNKnn14SQNMkn12YQNMen12^QNN`n11dQNNZn12gQNOXn1NmQNOSn10PRN0nm1NURN3ln12O2ON2N1O1O2NO12OeN0dRN0en1110eNOdRN2gn1NO2hNN_RN1am11^RNOcm11\RNOcm13\RNNdm12[RNNem14YRNLjm12URNNlm10URN0km11TRNNnm11RRNOom10PRN1Qn1NoQN1Sn10kQNOWn13fQNM[n14bQNM^n12cQNM]n14h00000O1000gPNMdn12\QNNen13YQNMhn13WQNMjn12VQNNkn11UQNOkn12TQNNln12TQNNmn12RQNNon11QQNOon11QQNOon12PQNNPo12PQNNQo11oPNOQo11oPNOQo11oPNOQo12nPNNRo11oPN0Po10QQNOon11QQN0mn11TQNNln12TQNNln11VQNOin11WQN0hn10XQN0hn10YQNOgn11YQNOgn11YQNOgn11d00fPNOen11[QNOfn10ZQN0fn10ZQN0gn10d0001dPNOhn11c0010cPNOin12VQNNkn11UQNOln11a0001bPNNln12b0OcPNOkn11UQNOln11a00010O10O00010O01O01`PNOon11QQNOon11QQNOon12PQNOon11QQNOPo10QQNOon11`000010O0000000000000000OcPN0ln10TQN0ln10TQN0jn11WQNOin11WQNOin10XQN0gn10ZQN0en10\QN0Zo10YO0^QN0bn10^QN0an10`QN0`n10`QN0`n10`QN0`n10`QN0`n10h000000000000fPN0dn10\QN0cn11\QNOen11[QNOen11ZQN0fn10ZQNOgn11XQN0hn10XQN0hn10XQN0gn10ZQN0fn10YQN0hn10XQN0hn10XQNOin10WQN1in1OWQN1hn1OYQN1fn10YQN0hn1OYQN0hn10XQN0[o110O010O]O0WQN1in1OWQN0jn10UQN1jn1OVQN1jn10VQNOkn10UQN1jn10VQNOjn11VQNOjn12UQNNjn12WQNNhn13YQNMfn13c0OhPNNen12[QNNen12d00hPNNcn12]QNNbn14]QNLbn15_QNK^n13fQNMVo30PPN00010N11O0000oo10PPN100O001O0010O2OO11OO100FNfPN2^o15bo3LbPL200O100000Ngi_4L_V`K00001O0bVod1
20150430082014Th_1,b`Vi23l4ORjg02kPZO:oLDnUN>Rj1CkUN?ni1HQVN9mi1HSVN8ni1GRVN9oi1HoUN7Sj1IkUN7Wj1JgUN5\j1KbUN3aj1N]UN1fj10WUNOkj14RUNKPk15nTNLRk16lTNJTk18jTNHWk1:gTNEYk1`0cTN^O_k1d0_TN[Ock1d0\TN\Oik1`0XTN^Ojk1`0VTN@kk1?UTNAmk1=STNCnk1=QTNCPl1=oSNCRl1=lSNDUl1<jSNDWl1<hSNDZl1<cSNE_l1;^SNFel19XSNHjl19SSNFol1=lRNDVm1=gRNB[m1?cRN@^m1a0`RN@am1b0[RN^Ogm1d0TRN^Olm1e0PRN\ORn1d0jQN]OYn1T12N4L1N100N1N4K4N`0_Oj\iR1
20150430082014Th_2,bXYo02no1O10WQh21YnWM2kPNOUo12jPNNUo13jPNNUo14iPNMWo16dPNL[o1=0000O100001O00000O101O00001O0O101O00001O001O003MO10000LFaPN;_o1F`PN:`o13O100000000000000001O2N001O0000001O000000000000000001O00000O101O00000O10000000000000000000000O2O001O1N10001O0O1mPN[Okn1e0TQN]Okn1d0SQN^Oln1b0SQN_Omn1j00000O2O0000000O1000O01O100O1O100O010000000O1000O1ROXQNM1?hn1AaQN?_n1AbQN>^n1AcQN>^n1AdQN>\n1BdQN>\n1BeQN=[n1EdQN9]n1IaQN7^n1IdQN6\n1JdQN5]n1KcQN5]n1JdQN6[n1KeQN5[n1JfQN6Zn1IgQN7Yn1IgQN7Xn1IiQN7Wn1IiQN7Wn1HjQN8Vn1HiQN8Yn1FhQN:Xn1FhQN:Yn1EfQN<on1000JFePN;Zo160000O100000O101O00000O101O000O101O000O10000O10000O100O100O10000O100O100O1000001N100O10001NPoW2O`hT]2
20150430082014Th_3,dhba11ZPh00coYO3N3M3ZPNH`o1=O0001O000010O00100O0100O00100O00100O1O10000O100O1000000O0102N1O000O0100O10O000000O2O2M2NXVcZ2
20150430082014Th_4,WXkh02S4Ogg11T4O10ZSX33clgL1N1O10001N1000000000000000000000000O10000000000000001O000000000000O100000000O0100O1N20O0100O1000000O0100000O1000O10O10O01O01GbPNO_o1OdPN0\n;M\QF3L3N100O1O1O1M201O10O0010O01O010O01O1O1N1N300OKgPNEXo1MjPN9OJWo1MkPN8NKVo1MmPN7NL]o12dPNNSo1MSQN0L3eo100O\ON\QN2Yo10000O\OO[QN1en1O[QN1en1O[QN0fn10YQN1[o10]OOWQN1in1OWQN1in1OWQN1in10VQN0jn10UQN1kn1OUQN1kn10TQN0ln10TQN0ln10TQN0ln11SQNOmn11SQNOmn12RQNNnn12RQNNnn15oPNKQo14PQNLPo14PQNLon15QQNKon11gPNN;1nn11hPNM:2nn11UQNOkn10VQN0jn10VQN0jn10VQN0jn10VQN0jn10VQN0jn10VQN0jn10VQN0jn10VQNOkn11UQNOkn12TQNNln14RQNLnn14RQNLnn15QQNKPo14PQNKQo15oPNKQo15oPNKRo15mPNKSo15mPNKSo15mPNKTo14lPNLTo14lPNMTo12lPNNTo12lPNNTo12lPNNUo11kPNOUo11lPNNTo12lPNNTo12lPNNTo12lPNNTo11mPNOSo11nPNOQo11oPNOQo11oPNOQo11oPNOQo10PQN0Po10PQN0Po10PQN0Po10PQN0Po10PQN0Po10PQN0Po10PQN0Po10PQN0Po10PQN0Po10PQN1on1OQQN1on1OQQN5jn1KXQN4hn1LXQN5gn1KZQN4fn1L[QN3dn1M]QN3cn1M]QN3cn1M^QN3an1M_QN6]n1JdQN6\n1JdQN5]n1KdQN3]n1McQN2^n1Nj0000oo10QPN00000O01000O0mo?0TP@0VQ40lmK1TQN1Yo1NgPN;Yo1EgPN<Xo1DgPN=>CXn10YQN?>AYn10YQN?Xo1BhPN?Wo1AkPN>9A\n11]QN<7C\n10]QN?6A]n10]QN?5A_n10\QN?5A^n11\QN?6@^n10]QN`05@^n10\QNa06_O^n10[QNb07^O^n10[QNb0Wo1100O10OQQN]O_n10WQNd0:\O_n10WQNd0:\O_n11VQNb0<]O^n1f0bQNZO^n1f0bQNZO_n1?WQNB;O^n1>hQNB[n1;eQNE]n19f0N3N001OiPNLcn13]QNMcn14\QNLen13[QNMen13e0OePNNhn12XQNNhn13WQNMjn12b00cPNNmn11SQNOnn11`001O_PN0`o50no70RPH0PPN000`n]30aQ`L0igd^2
20150430082014Th_5,an^a05b8Nd^1NVZV16ZniN7L6J2M101O02O000O2O010N2O1O2N1O1O01N002N100O3N000O20O01O10001N30OO0O3O0N101O0O2N10O100O1O001O2N001O0001O2O00O1O1010O6J3M0O5K4L8I4NO3=@6J0O12M1O12N02K;E2M9D8I7J5K4K5M3M2M2O1O2KQkdW3
20150430082014Th_6,[lnZ31gQf05Rn[O1L4O1O10O001O01O00000010O1O001O001O001O0100O100O010O01OO2O1N1FJkPN7So1;M4O01O001O10O010OL5O1N2K5O2N1O4LXSWa0
20150430082014Th_7,j[gg22W30TlQ14\PPO4N1N101O1O1O0O2N10O01001O010O010O10O010O0100O1O100O1O1O1O100O010000O10O10O000000000O100O100000O1000N1N3N2O1O01O1O1O001OO10010000O100O2N2N2N2LicfR1
20150430082014Th_8,Q]og21]Qj00VnC2XPD01O100O10010O10TbVV1
20150430082014Th_9,XiR\11`Pd03Yo]O5L4N0O2O000O1000100O1O0102M101O00O1O1O001O1N2O3L2O1N2O1N\OQQN9nn1GUQN8jn1GXQN9gn1F[QN:dn1F]QN;an1DaQN<^n1DdQN;[n1DgQN;Yn1DjQN;Un1EmQN:Rn1EPRN9Qn1FQRN8ln1O2M3N]Ua`2
20150430082014Th_10,hPga13mo100O1O10gUV54UjiJ0N2O2O1O001O000O110O00001O1O00001O000000001O000000000000000000000000000O100000O1000000O1000000000000000O10000000000000001O0000O10000O10O01000O10O10O10000O01000O010000O010O10O1000O10O10000000000O1000000000000000000000O101O00000000000O10000O10000O100O100O0100000O101O1N2O001N1O2Nco51ZPJ4N2N3M2O0N201N1O2O000O101O000000000000000001O001O0000000000001O00000000001OO1000O10000O1000O100O01O1000O01O000010O01O000O10100O2M4Kioa0NZP^O2N3N1N200O1M3O1N10100O1N110O00100O010O1000000O10005J3N001O1O0O2O000O2O0ON3J5O200O0O2N2O1O100N2O0O2O1N200N200N110O100O001O010O100O0O2O010O100O1O010O10O001O0010O10O1O01000O010O10O01O01000O001O001O100O0010O100O100Ocok0LbPTO0N4M1O2N1O2O0O001O1N1O20000N2O001O1000O010O0O2O100O001O10O0100O10O10O10000000O000O200O001O1O010O10O010000000O101O0000001O00000000000O010O100O100O1O1O2N1O101N3Mlng5LUQRK0TPVO0XofW1
20150430082014Th_11,dTi;8R3K\No0U1ZObMH7W2HiM89gb1Ko_NK\No0U1ZObMH7W2HiM89gb1H^iN2bV1MciNO]V1OgiNOYV10RgX53gegJ0O4N0O2O1OO1000O2N02O0O11N001O10O000000010O00001N1000000O1O0O200O1O1O0100O001N101N2N2O00100O0010001N1O10O0100O10O1000O10001O000O2O001O0001O0001O001N2O1O101N1O100O001O1O10O1O1O10O00000002O0O1O2N1O1O00001O001O00O1O1O010L4N2O010O1O1O1O010N1N102N100N11@`0010NO3O0O1N3M3N4KRo5LPQJ6N1M2fPNHmn18RQNMin14VQNOhn11YQNOgn11YQNOen12[QNOdn11]QN0an10aQNO_n1OcQN2\n1NfQN2Wn1MmQN2Rn1LTRNOmm10TRNNnm12RRNNnm1NVRN0SmS1MkQnN51NJM^PN3`o1MaPN3^o1McPN3\o1NdPN2\o1NePN1[o1NfPN2Zo1NfPN2Zo1NfPN2Zo1NfPN2Zo1NfPN3Yo1MgPN3Yo1MgPN3Xo1NhPN2Xo1NhPN2Xo1NhPN2Xo1NhPN2Xo1NhPN1Yo1OgPN1Yo1NhPN2Xo1NhPN2Xo1NhPN2Xo1NhPN3Wo1MiPN3Wo1MiPN3Wo1MiPN3Wo1MiPN3Wo1MjPN2Vo1NjPN2Vo1NjPN2Vo1NjPN2Vo1NjPN2Vo1NjPN2Vo1NjPN2Vo1NiPN2Xo1NhPN2Xo1NhPN2Wo1OiPN1Wo1OiPN1Vo10iPN0Xo1OiPN1Vo10jPNOWo10jPN0co10BOlPN1bo10BOmPN1ao100O10A0nPN0`o11000OYnW11QRfNOZo13gPNMWo14jPNLTo15<McPNNPo13QQNMon12?1O0cPNMon13QQNMnn13RQNMon13PQNMPo13QQNMon13PQNNPo11QQNOon10RQN0ln11UQNOin11XQN0\o10[ON\QN2bn1O_QN1`n1OaQN1_n1OaQN1_n1NbQN2]n1OcQN1]n1NdQN2[n1OeQN0\n10cQN1]n1NdQN1]n1OcQN1]n1OcQN1]n1ObQN2^n1NbQN2^n1NbQN1_n1O`QN2`n1N`QN2`n1O_QN1an1O_QN0cn1O]QN1cn1O]QN1cn1O]QN1cn1O]QN1cn1O]QN1cn1O]QN1cn1O]QN1cn1O]QN2bn1N^QN2bn1N^QN2bn1N^QN2bn1N^QN2bn1N^QN2bn1N^QN2bn1N^QN2Xo10000000YON`QN2`n1N`QN2`n1N`QN2`n1N`QN1Xo100O10O10O10000000O0100000000000ojg80QUXG010O0joe00VPZO00001O0\kV`2
20150430082014Th_12,VRQc13_5Nnd11a500O10UTR40kkmK000O100000O11O00000001O000000000000000000000000000000000000000000nok10RPTN0?0mnk00SQVO0`o30QPJ0ooQ10QPnN000no?0doI0^PF0oo30QPL0O101O1ZPNM]o14bPNL^o1471YPNKao15^PNLbo15\PNKeo181OIJePN4]o1NaPN1`o1O^PN2co1M]PN2fo131NCJRQN6\o1O2O^OLXQN3\o1N10\OOYQN0\o10_oa10QQhN0mn10cPD0O010N10010N110O01O00`PNOSo11>0O2\PNNXo14cPNN^o191O1N101O0O1N2001OKZPN2do1N^PN2ao1MbPN2]o1NdPN2eo1O10DOiPN1co1000O010^OOUQN0kn10VQN0\o11\OOYQN1fn1OZQN2Zo1O\OO[QN1Yo11[ON\QN2Yo100000ZON^QN2Xo11O14LQo=0oQF0inK40O3NVOOlP60QPJ00000O01000000000O10O10O1000O[PN0[o11dPNO]o1091ZPNO]o1190YPNO^o11aPN0`o10_PN1`o1OaPN1_o1O`PN1ao1O_PN1`o10_PN0bo10]PN1bo1O_PN0ao11^PN0ao11_PNO`o11`PNO`o11aPNO^o11bPNO_o10bPN0^o10aPN1^o10bPNO_o10bPNO_o10aPN1^o10bPNO_o11aPNO_o10aPN1^o10bPN0^o1OcPN1\o10cPN0]o10dPN0[o10ePN0\o10dPN0[o11ePNN[o12ePNN\o11ePNOZo11fPNOZo11gPNOXo11iPNNXo12hPNNWo12iPNNXo11iPNOWo11hPNOXo12hPNNXo12gPNOYo11gPNNZo12ePNO[o1;0O10OO2O1N3Kmlnc1
20150430082014Th_13,Z\Yg12c2Oilg08YPZO2O1N2O1O001O0000O1O0011O1N11O000M4O00000001M20001O0000O2O0100O1O00000L4N1O2O100001O001N2K5J7M3NXclT2
20150430082014Th_14,WQQe13]6OQc11_6O1ORU\60njeI0QPN0no90PP20aP<0aoWO0000000hmW80UR^H0SPZO0oo1000QPN0UQN1in11kNN]RN1in1OjN0VQ60PPN0QPL0_P40_oM00010lnS30TQPM1PPJ2L11OM4O1N200OG_PN5`o1L`PN4_o1KePN3Zo1MgPN3Xo1MjPN2Vo1MkPN2Uo1NmPN1So1OmPN1Ro1OnPN1Ro1OoPN1Po1OQQN1^o1010000O10O100000O010O01N100fTn4NSeUK0SUe\1
20150430082014Th_15,mmb_21oo10_PZ12^oeN1O2O0O101O001O001O00001O001N101O0O2O01O100O001O00010O1O000010O00000O2O00002N1O01O0001O0000O10000O10001O1O00001O00001O0000000001O00001O01O000001O0000001O00000000001O00001O000000000000000000000000EaPN5^o1KdPN4Zo1MhPN2Wo1NjPN3Uo1KnPN4Ro1LnPN4Qo1MoPN3Qo1MPQN3on1MQQN3Po1KRQN5mn1JUQN5\o1O1OoPQX1
20150601122834Ch_1,l]Yi11oo100000fPb21Xo]M101N1L5O001O000010O01O0010O00010O00010O010O001O001O00001O001O00000O100000000001O000000001O00001O101N1O001O01O01O01O00001O010O1O0010O01O01O01O01O01O00010O01O00010O0000000000000001O000000001O01O00000001O000000000001O000000000000000O1000000000000O1000000O1000000O100000000000O10O100000O10O1000O0100O1O1N10100O10O001O010O1O010O100O01000O100O01000O1O010O100O0010000O10O010000O10O1000O010000O1000O10O1000O10O10O1000O0100000O10O1000000O100O1000000O10001O0O101N101Nbo]2O`PbM000Tblb1
20150601122834Ch_2,lofd23RQj07anWO7J6K4I6N1O10O00O10O101N1N3N3N1O2N1O2N1O1O1O1O011OO10001O1O101fRNAnj1f0fSN\O\OL=6bl1d0_SNEJKhl1b0YSNGIKPm1Y21N2N2N5K3M3M2N2N3M6I6K3_NlQNP1hn1J5J4L1O2N2N3LYlPW1
20150601122834Ch_3,Zobc23l5Oodm04oTTO3L5L5K101O2N0O1O2OOO101O3M2N7JA`QN^O^n1?iQN_OVn1>PRN@om1>URNAlm18ZRNHem17\RNIem15U1OVQNLgm13YRNMhm11X2Oln10ooM100100O1000000000000010_O0QQN0`o100100000O\O0YQN3dn3MdSN0WJ0m20hR60kjI0fTN0\k10bTN0`k10^TN0ek10XTN0km1010iN0^RN0gm11SRNOnn10ekZW1
20150601122834Ch_4,]WU^11V20\ma04VP@3N2O1N10O01O2N10O10O1N2N2O11M201O00M2N3L]OmPNb0Ro15110O1O1O1O1O1N10001O2N2N2L4MVhn^2
20150601122834Ch_5,moXj01bPd00\o]O2M3O0O1O1N2O100O01000O1000000O100O1O11O00010O010O01O01000O0100O10000O100O2N1O1OCIQQN7nn1KRQN4mn1NSQN1mn1NUQN1kn1OVQNOln1NWQN0enVR3
20150601122834Ch_6,Tod`23mo1NnPb34Wo[L0ao1<L5KAlPN3So1MPQN1on1NVQNOjn10[QNLen13\QNMen12\QNOcn10_QNO`n11`QNO`n10aQN0Yo10TO0dQN0Vo12O11O050K0O10000ORP40M0PPL0O010O1O01O010O1000000000010O11O011ZONZQN2en1N\QN1dn1O\QN5e0K[m14RRN3ZO1hm1HSSN3FNF2LOem1NVSN1@O43DMYm11`SN0YO0>4ol1K[20O20OeRNOej14VUNLoj12o4NaM0jm10[RN2iQNNRn10mo50RPJ00000O0PkY10nU[T1
20150601122834Ch_7,WnPT11]Qb06[n_O2O001O1N101N1N2N1O100O100O2O1M2M4KN40102O0010O01O1N10002O1O0O10100O1O1N2O3L3LVQmh2
20150601122834Ch_8,iZSe21oo10VQ^11hnaN4L1N3N2N1M4N1O1001O00000000000001O000000001O000O10000O100O1O100O100000000000001O000000000000001N100O101O0N2001O0000O100O1O01O100O1O0M40000O1O1O1O01000O100O10O100O010O1000O100O100O1O2N1O1000001O001O00001O10O01O1O100O2N10O01M4M]dVR1
20150602122934Ch_1,anlm24^8Om^1NZZP19lmoN8L2K6M3M2O1OO1O2N2N2N2N2N2N2N2011M200O1O2M3M10001O10O00010000O010O03N2M7I001O1O000000O100N2N1VTN@Th1`0hWNHTh19iWNIVh18iWNJWh16gWNLXh15gWNLYh14eWNN[h13cWNO\h12eUNA=?Pj10`UNF9=Yj1M[UNK5;bj1IWUN118ij1HSUN316mj1GoTN704Rk1ElTN:G9_k1]OgTNR2[k1PN_TNR2ck1T12M3K5N4K4M4K4L4K4I8I8Be0B:eNQRN4Vn1HT1Mjlnk0
20150602122934Ch_2,`]gS22no1OUQj24hnUM1O2N010O1O001O01O00000000000001O01O00001O000001O00000001O00000000000000000001O0001O00000000010O000000000001O0000010O000000010O00010O0001O01O01O000010O000010O0001O00001O01O01O00001O001O000010O01O00000010O00001O00001O000000000O10000000000000O10O100000O10O10000000000O100O010000O100O010O100O100O100O10000O01000O10O0100O0O2O1O0100O10O10O100O01000O10000000O10O10O10O01000O100O100O010O10000O1000O010O10O01O010O10O0100O1000O0100O10O0100O010O00O20O000010O0000010O1O1IbPNK_o148NSbhZ1
20150602122934Ch_3,ZmlS21VPn01hoSO2N1N2O001O0000000010O00001O010O1O00001O01O00000010O01O000010O0001O01O01O00001O01O0001O0001O000010O01O0000001O01O0001O000010O00010O010O010O10O001O01O01O001O0O3NhQSf1
20150602122934Ch_4,UhTb22d3OYi?2nRB30O00000000[RNN[k13bTN2[k10PTN0lN3Tm1LoSN7eN1[m1HnSNk0Rl1UOlSNl0Ul1TOjSNl0Vl1UOgSNm0Yl1TOdSNn0\l1SOaSNo0`l1PO^SNQ1dl1oNXSNS1il1nNUSNS1kl1oNQSNR1Qm1oNkRNR1Wm1oNcRNS1`m1a05G:O101N1EhQNlNYn1Q1kQNmNWn1o0lQNPOVn1n0lQNPOVn1m0`0HPQN]OSo11SQN0Wo1NPWU[1
20150602122934Ch_5,_[cP31`Ph02loWONQo17kPNKUo18hPNHXo19hPNFXo1;7O01O01O00O1000ON3N200N200O10010O00010O01O1O1O1O01O001O010O000001O010O1O1O100O1O002M4M3L2Occ`k0
20150619133554Bh_1,ha^Q36]<NlV10XiNNhV12c<MPSl33nlSL4M1N4M1O100O2N101N100O10O0100O100O1O101O00000O2OO10O100O10O010O10O1O001O000O10100N01010000O10O01O1O2O0000000010O0100O01O0010O1O0100O010O00100O01000O010O2N010O10O11O0O0100001O0O2N2O10OO10010OO1O02O010O1O4M5I2N6L2MO10O0002O000O00101O000010O002N00001O0001N0101O00O110O00O2O011N0O102M4M;D01O00000001O001O001O1O1O2O1N1O2O1OO100O100O1000O0011N1001OO101N001O20N011O00001O111L2N111N1_SN\Mck1d2YTNaMfk1^3O010N2O01O00001O0O100O002O0O101N011O01O1oI]Ld_Nd3X`1\Lj_Ne3Zf1:E1N03NOO101N2N3M101N2O0O2N2O1N2N1O2N3M2O3L3M2N3M3N1N3N2M4gN_RNLbm11aRNN`m1OdRNNfm1YOSRN3>?lm1]OVRNc0lm1ZOURNd0hn1K2N2L3O2MQm3JXSL4L2O01LSo5Oaja1MaVXN00001O001ZQN2mNNSn11d1000_\N1QW1OmbNMXJ1I3Ic06YO_36d_10i\NNM1O0^1L[O0ZOW2M`15gLl1HZa1L[`NNjL1Bi52ZJNK_10la14W`NNkL2BX6US]7
20150619133554Bh_2,YUcP31oo10WQ\15bncN4L4M101N101N100O100O01O0O1O1N02O1I710O010O10O1000O0100000000O100000000O10000001O01O01O0010O010O01000O100O2OO10O1O100O2N10O01000O010O010O00010O01O10O01O01O01O01O00001O1O00001O0O1000000O1O100O100O010000O100O00100O1O1M3N2O1O1N2O1N2O1O2Nii`f0
20150619133554Bh_3,i_Pb22_Pn03ZoSO8H3N2O1O1O0000100O00001O2O0O100O2O00000O101O1N10000O10O0100O1O100O1O100O1O10000O100O010O01N1N3N1N2O2N1O1O2N101O1N2O1N2O1N101N2O0O2N2N2Nk^gX1
20150619133554Bh_4,m_d_17]?NjP12VoNNjP10[oNMeP11f?O1OYSf42flYK0O3N1N3N2N1O2N1O001O1O1O1O1O0O100000000000000O1000001O0000001O00001O010O1O010O000010O0100O010O1O010O10O1O010N10001O1O0O2O001O1O0000001O00001O0001O0001O001O000000001O000O1010O010O002O2M3NO10O1O00010O1O100O1O100O00100O1O010O1O0001O01O00000001O0000010O000010O0001000O101O1N101N1O010O1O001O10O01O0001O100O1O1O0000000000010O0001O00000010O01O1O1O001O1O1O1O1O001O001O1O1O1O1O001O0001O001N101O00001O001O1O010O10O01O0101O000O1000O000100O010O0100O00010O010O10O010O010O010000O100O00001O100O10O100O0100000001O010OO011O2OO01O00001N01001N2O1N101N1O00100O10O0100O1O01000O100O2O0O100O0010001O001O1O2M011O1O2dRNVN0Nbk1n1WTN]NOJjk1h1QTN\Ook1[21OO02N101N1O1O100O002N101N2O100010M04N1N3M2N100O1OO03N1108H001O00hLbSNj2\l1VMdSNj2ll1N4L>B3L3N5J8IO03N3M2M3N1O0O10O0001O010O1O2O0O1O00100O2N100O001O00010O00100O0010O00010O1O010O100O0010O00100O0100O01O10O1000O010O001O001N2O2N4M1N003N1O1O0O2N1N2N101N2N1O1NRcS5MS]lJ1R`k[1
20150619133554Bh_5,ck`T13[2NQm95QoG7aRNL]m18`RNH_m1<]RNEcm1>XRNBim1d0mQN@Vn1T17J4M1O1L2N2L3J7L5BeSUj2
20150619133554Bh_6,VkbX22no1OPRn50PnQJ0Snk00hV]_1
20150619133554Bh_7,inZo03^5Ood1OPZT15YkkN6L201N2O1N101N100O1O0010O01O01O01O1O100N101O1N1O2N2O1O100O000O2O001O01O0O2M2O1N10kNWOVSNh0jl1[OXRNJg0j0Rm1BlRN>Tm1CkRN>Rm1TOYRN?c0=Sm1HlRN8Vm1HiRN8Wm1IhRN7Ym1HgRN9Ym1GgRN8Zm1GfRN:Zm1FfRN9Zm1GfRN8\m1HcRN7^m1JaRN5am1K^RN4cm1M]RN1em1N[RN2fm1NZRN1fm10YRNOim10XRNOhm11XRNNjm12URNNkm13TRNMlm14RRNMmm15QRNLom14QRNLom15oQNLQn14oQNJRn17nQNFTn1<kQNCVn1=jQNBWn1=kQNBTn1>oQN\OTn1e0oQNTOUn1j0b0M3N2N3N2N4L2M4JYPQj2
20150619133554Bh_8,Wbh=7n0c0n6ZOU^1Ol9N`Rn1:UmQN8G6F:H8H8K5N1N3O0O001000O0101O0O10ZNXRNS1]n100N1O1O00O01002N1O3M2N1O0204LOO0121M1O1N2O3M0O2O2NO2O1NZRNcNjl1\1QSNhNPm1X1mRNjNTm1X1aRNoNdm1e11N3N3L5K1O2N2O0O11O001O1002M3L3O0N3O0N3M2O0O2N2N3M2N2N4M0O2OO020N105J1O0001O10000001N01M3N3M1O2O2OO11OO21N01O001O000O11O000O20OO1000000O0110O000011N000O001O00010O0000010O1O000O2O00000O2O001N1O1O2N2O0O1000001O1OhgQ2NSfUR3
20150619133554Bh_9,`^VU14T:Oa[11_dNOa[11adNM_[11Y:OPR^54kmaJ4M2O0O2N1O2O1O0O100O101N1000001O001O0000100O1O1O000O3N2N1O1O1O00001O001O0000001O000000000001O0O10001O001O00001O1O1O1O00002N001O10O1O01O02O3M2M1O010010OO201M01101O000O0O011N1000O02N0100000O3O1M0011N1O1N102N1O1O1000O01O100O1000O01O11OO200OO0200OO0100O0000010O01O000001O10000O001O100O100O001O0010O1O01O1O1000O1O02BlPNLTo14lPNNSo10PQNNQo11PQNOPo1OSQN0ln10VQNNjn12WQNNin11YQNNgn11ZQNNfn12ZQNOfn10[QN0dn10]QNOdn10]QNOcn11^QNOan11`QNNan11_QNObn1O_QN1an1O_QN1an1O_QN1an1O_QN1an1O_QN1an1O_QN1an1O_QN1an1O_QN1Xo1000001O01O0001O00010O00RP40O0PPN0^oU10cPTO0bPB0hn10XQN0hn10YQN0[o1001[OOYQN1gn1OYQN1gn10XQN0hn10XQN0hn10XQN0in1OWQN1in1OWQN1in10VQN1jn1NVQN2jn1NUQN4jn1LVQN4jn1MVQN2jn1NVQN4in1LWQN4hn1LXQN5hn1JZQN5en1L]QN2bn1NaQNO_n12`QNO_n12aQNN_n11bQNN_n11aQN0^n10bQN0^n11bQNN^n12cQNN\n12eQNN[n12eQNNZn12gQNNYn11hQNOWn12k00nPNNWn11jQNOUn12kQNNUn11lQNOSn11mQNOSn12n0O0000PQNORn11mQNOTn10n000000oPN0Rn10nQN0Rn11mQNOTn10lQN1Sn1OmQN1Sn1OnQN0Sn10lQN0Tn10lQN0Tn10lQN1Tn1OlQN1Sn1OmQN1Qo11RONmQN2Sn1NmQN2Qo10QONPRN0Pn11o00SQNOlm11R1O00TQN0hm11S10001O0001O0001O10O11OO1O10O1O00S10mN0RP<0knE0gRV20ifc70cWTF0000001O0`aWd1
20150619133554Bh_10,gZTR13l3Nkjc03QQ^O6K5K4M3M3N2M4L3M2O2M3N1N2O1O2OVOfQNNYn1OnQNNQn11SRNNlm11VRNNim12YRNMdm15^RNJ`m17bRNI[m18gRNGXm18jRNIRm18QSNGml1:TSNGjl18XSNHfl18\SNHbl18`SNH]l1:dSNE[l1=dSNDYl1>hSNBUl1`0lSN_OSl1a0oSN^OPl1?TTNBkk1:[TNDek1;\TNEdk1;]TNDck1;`TNCak1<R2O2N1N2N4Lfd[j2
20150620161314Mh_1,VljZ12]3OSi10[TP12onoN6K6J3N3M4L4M2M3N2N2N100O101O01O1O2N2N1N2O01O02N01002N1M2001N1N10000O2PQNSOjn1R100O0100O001O1O1O2N1O2N1O1O1O1N101O1O0O2O0O100O2O0O100O010O10O0100O0010O010O1O01000O010O010O0001O001O1O1N2N3KRnS1OmUQ\2
20150620161314Mh_2,oZgk21VRd12fm]N2N2N101N2O0O100O2O00002M2O000000O010O1O010O10O0010O1O010O010O010O10O1O010O00001O000010O00010O00001O0001O01O01O0O2N1O10010O01O001O1O1O00100O001O001O01O01O010O010O01O10O0100O010O100000O10O1000O10000O010000O010001N013M1O2N0001O000O10O01K401000O1O1O2N2Nao[1Hieng0
20150620161314Mh_3,c^R[22no1O1000jPl33SoSL2N001N1000000O10000000000O10001N10000O101O000O101O00000O100000000000000000O10000000O100000O1000000O10O1000000010O000001O000010O000001O0000000010O000000000001O0000000000000000001O0O10000001O0001O0001O00000000001O0010O0001O01O01O00001O000O2O000000010O00001O01O0001O01O01O00001O00001O01O0001O000010O001O10O01O01O00010O01O001O100O1O003M1O002N1O2N001O00010O0000000010O000000001O001]OjPN:Vo1DmPN;\o101O0000001O00100O1O1O10O01O001O01O01O0000000000001O00000001O00001O1O4L001O001O001O001O1N101O001O0000000000001O000000O10000000000O100000000O100000000O100BfPN5\o1IfPN5[o1JfPN6co1N1O101N1OknW3NUPnL0SQJ00000]akk0
20150620161314Mh_4,QWab03d5Ocd11f5N20fTb25Tk]M2O0O1O100O100O101N10001N100O10O10O10O10O010000O100O101O00000000001O0O2O000000000O10000O10000O0100O01000O10O010000O1O100O0010O01O001N2N2O0010000O0100O010O100O1O010O1O1O010O01O0010O010000O010O10000O100O001N2O1O1O1O001O001N10010O0O02OO1ON3L301O11OOO200O100000M3O0100O2O001O001O100O100O1000000O01O100O100O100O010O100O10O10O0100O0O02J400101O0N201N0011OO01000O01O100N3O001O001O010O10O010000O01000O10O1001O0O10000O10001N1000000O10001N10001N1O2Nnne2OSj^g2
20150620161314Mh_5,\gPb14d30iNOWg1Na[T12gjkN3N1O1eNIkRN8^n10gNHjRN9^n101O00000010O00001O000O10O01000O10O100O00O2N1010O1O010O1O010^LG\WN:ch1I[WN7eh1KXWN6gh1LXWN4gh1NXWN2hh1OWWN1hh10WWN1hh10XWN0gh11YWNOgh12XWNNgh13YWNMfh14ZWNLdh17[WNIdh18\WNHdh19ZWNHfh19YWNGfh1<XWNDhh1>VWNBjh1a0SWN_Omh1d0PWN\OPi1f0nVNZOSi1h0jVNXOVi1l0fVNTOZi1Q1aVNnNai1V1ZVNjNgi1X1UVNiNmi1\1lUNdNVj1\1hUNcN[j1\1cUNeN]j1]1`UNdNaj1]1[UNeNfj1\1XUNcNkj1^1QUNcNQk1]1lTNcNWk1]1fTNdN\k1DeSN^1k0oNPl1m0lSNUO]l1f0^SN\Oel1c0VSN^Ool1a0kRNCWm1`14N1N3M2N3M3M4K5K4J5K6K5K;WOhPN1eTSW2
20150620161314Mh_6,YUQZ31h10^l10YRV13\oiN1O2M2O1O1O100hPNFin1<VQNEin1;WQNEjn1:VQNGin19WQNGin19VQNHkn17UQNJjn16UQN0gn1OXQN3gn1NVQN5in1KTQN9ln1=0010OGUQN]Okn1b0WQN]Ojn1b0VQN^Ojn1`0YQN^Oin1`0XQN_Oin1`0XQN@in1>=00O2O0O10001NbPNKTo14jPNNXo10gPN1\o1LcPN5_o15000O10O1000O101N10000O2O00000001O001O01O01O0010O0010O01O011OO01O01O0O100000000010O000001O01O1O00100O1O001O000O2O1N2MgnQ10Rl\<
20150620161314Mh_7,X]bX13j5OWd10m500OVQZ30ineL3N2N1O2O0O2N1O12OO00001O001O001O001O1O011N10O0100O01O10O0010O001O001O00010O001000000O0010O00010O00000001O000000000O1000000O1000000000001O001O12M0010000O001O1O0010O01O001O000010O000010O00011N1O001000O00100O001O1O1O100O001O1O01O01O02N1O101N1O01O0000001O0010O01O0010O00010O000000001O00000000001O000000000O101O00004L2OO0100000O010O1000O1O1O011O0O1O001O00000000000000O1000000O100O101O000O2O001O00001O001O00001O00001O000010O100O1O1000O10O10O00010O000101N010O0010O001O00001O00010O0100O2O1N10002[QNXOmm1i0PRNXOPn1l0kQNVOUn1n0dQNTO\n1X11O010O0010O10O0100O0000010O0002O0O1O2N3M1O1O2N1O1O1N2O2TOTQN?Xo1O1N2O1O7GWkY3MnTfL000hbgn1
20150620161314Mh_8,i`^l12g>3[R1MemN3[R1MimNOWR12k>O1OXR^47bmaK1N2O000O11N2O1O0001O1O002N1O000000000000001O000000001O00001O1O001O001O00000102N000O10O00010O001O1O001O00000O2O001O1O1O001O1N200O001O00001O10O00001O00001N101N101N1O1O101N100O1O10000O100000000010O00000000000000001O00001O001O010O0000001O010O000010O00000010O001O001O00010O0000001O00001O0000000010O000001O010O0010O0001O01000O10O01O00010O100O2N3M4L012N1000O01O01N00100O10O01O0001O0000010O010O10O000100O01O001O00001O1O1O010O1O01O01O10O010O1O001O01O010O100O0100O01O10O10000O01O00010001O5K1N2OO001000O10O10O10O001O100O1O010O10O01O10O01O10001N001000000001O7I9F010O100O1O10O10O01O2N1O1O10O01O00001O1O1O100O01O00100O10000O7J1N003N001OOiRN`Nnk1a1lSNgNRl1X1iSNnNVl1R1hSNQOWl1o0iSNQOXl1n0bSNXO_l1g0_SN\O`l1d0^SN^Ohl1=VSNDSm13lRNOVm1[OeRN03f0[m1X1hRNbMnl1^2RSNbMQm1\2kRNkMTm1b23LN2O2M101N002N\MTSNT2ml1eMZSN[2Vm100O000O101N1SN`RNV1dm1gNbRNQ1dm1lNbRNm0]n1K3L4K401L4K5LiQNK\n14N3M1O3N0O2N2O2M2O2N2N1O010O101O10O0000O01O3N1O2N001O0O00001O1O001O010O000010O000001O10O01O2N1000000O11N0100019E3N3M000O0101N2O2M6J2N1N101O1O001O1O3KicW4J_\hK00000PP80PPL0PPL1V_on0
20150623152934Ch_1,Umjb07j;0nW1M[hNMeW10W^n15fmQN7M1010O1010OO110OO2N2N010O0cVNBXc1?h\NAXc1>i\NAWc1?U60001O00000000aVNB\c1>d\NC[c1=e\NC[c1=U60O001O1O0010O00O2O000O100000001O1O101N>C1O0002jNYQNm0nn100O10O01O0101O0000001O002O02N3M0O2O3NO2M101OO0101N1N1001O1O002M102N001N1O2OO2OO21N002O2L201O2NO0110O1N020N10O11O1M6TQNTOZn1[1N7I<E2M1O10000O0O3N2M3N5oRNVMbl17QTNm1Vm1K3K001O0001O5K5MO8I0M3000N3OM2O1Ob0]O3N1N2N2N1O3M3L4M4J5Lmeo1H\ZPN0kR]o2
20150623152934Ch_2,QWWe13k5OUd11l[NNTd10o50VTR37akmL3N101O001N2O00100O1O011N102N1N1O01O10O01O1O010O10O01O00001O1O00001O00001O000000001O0000O1000O10O10O100000O1000O10O1000000O10O10O10000O010O1000000O01000O010O01000O01O01O010O0O10001O000O110N10000O2O010N11OL5N1N3O1O100O10O01O1O01O000000001O000000000L5M2N210O00001O010O0010N110O01OO2O0O2O0O101O1O10000O10000000000000000001O000O10000N200O1O1O1O0010N11O1O001N100O10O100N2N200O20ON30OO200O00001O010O00010O010OO20O0001O001O010O1O001O1O1O1O1O1O00100O1O1O100O101N1O100O2N101N2O1N2O1M4Mine20XQZM000ohde1
20150623152934Ch_3,U]TT22b2Oij10d20VQf15cnYN3N2N2N3M2N1O1O1O001O00O10OO2001O010O10O0100O010O01O1O100O2O000O100000001O000O1001O00000000001O00001O00010O010O010O1000O100O010O100O010O10O010O01O1O10O01O01O010O2N2O0O100O100O01O01O01O0000000O100000O10O10000000000O10001O0001O000010O01O010O00100O001O010O0100000O010O10O10O0100O2N1O1O2O0O2O0O100O001N4Mlme1LXRZN0kbg^1
20150623152934Ch_4,Zknc22e3OekS11dPnN1O010O0O2N100O1O1O1N2O1N2O2M1POB]RNa0`m1C]RN>bm1E\RN<cm1FZRN;fm1HWRN9hm1JTRN7lm1LoQN5Rn1k00N3O0010M2O2J5O02N2N3M3E;L5L4M3L5K9FmSYX1
20150623152934Ch_5,Qkb^23\4NWhk03XSVO5K2HIdPN8[o17O11O100001N001O00001O010001N2O1N0010O1O101N4M1M4D`0K2M1nNaN_SNa1_l1_NaSNb1^l1^NbSNc1]l1]NdSNa0SO>Yn1@lQN=Un1AmQN>Zn1YOhQNh0<\Ojl1InRNo0N\Ohm1g0oQN]OTn1V11O2N2M4L3M2M3N2M3M3K6_OnPNKaQY]1
20150623152934Ch_6,SkPT21oo10[PT12aokN4N10O02O0O100O2O1O01O0000O010O10O1000O01000000000000O1000000O1000O01O10O010O01O01O00010O0010O01O010O010O001O000000000000O1000O0100O0100O0100O010O10O10O10O010O010O010O01O010O100O100O1OmSmd1
20150623152934Ch_7,Tn^g22jPh05nnYO2N2CFQQN<nn1EPQN<on1EPQN<Ro1FhPN=Wo17O000O010001O00001O2N2O1N1O100000O01000100O01O01N010O10O10O10O10001O3M2N10N2O2N3L3L4LoodT1
20150623152934Ch_8,^fXi23S4N[hc05\S^O3L4M3M4M1O0101O0N3N10O01N101N2O1N11O00O0001O1O1O1O10001N1001O01O00002O0O010O02O0100O1O3L>C03M1N2M3M4YOkPN;`o1M2M4LTVeR1
20150623152934Ch_9,fPSg21Vmc02eR^O4M101O1O0010;D3N1N11IjPNBUo1=lPNCTo1;mPNFTo1:nPN@Wo1=:L3M2M3N\Pd0Ofo[O0SP60noI0_PN0Ro50^PN0PPN0O01000O010000000RP20cPL0in30dPN1N12N10gobT1
20150623152934Ch_10,]bhT33^5Ood10SWd14Xn[N8I3N0O2N2N1I7N2O10000000O2O0O1010O001O1N10]OTQN3ln1LUQN4jn1LVQN5jn1JVQN8hn1IWQN8hn1HXQN9hn1GWQN:hn1EYQN;gn1DZQN=dn1D\QN>bn1A_QN`0`n1@`QNa0_n1_OaQNb0^n1^ObQNc0]n1^ObQNb0]n1@bQNa0^n1_OaQNb0^n1`0102M1O3M1UOXQN<hn1CZQN=dn1D]QN<an1D`QN<_n1EaQN;^n1G`QN:`n1c00000O10000O2N1N3N2O1N2O1O1N101O0O010O10O10O010O010O1O10000000001O00001O0000100O01O01O010O10O10O100O204K1O1O<D1O1O2O0001O0001N1O1O1N010O3NO1JQSNWMQm1h2401N2O2bMhRNP2Ym1mMlRNa1JeNlm1W1b0M2N2M3N2\O]QNFhn10bQNJ`ke1MnS\N00001b]W?
20150623152934Ch_11,^bXX33\5OSe1OaVR20nnoM0QPN0O010mo[10TPhN010QP20TQX10cPbN0UN2_NNRSN3]n11N100^O1RQN0hn1:RQNH[o182GdPNJjo1OjkQ10VTnN1a]g?
20150913082034Lh_1,`QeZ22g3O[k;;^PF5M3M10OL5M3N2N2D<L4N2YOcNkRN\1Vm1mNaRNP1dm1a05M3G9E;J6M2O3M3M6\OPQNMjl`c1
20150913082034Lh_2,dUS`11YPR13cooN2N1O4L1O001O0000001O001O010O0010O01O5K4M0O1O1O0010O010O001O1O000000001O00001O7I1O100O001O001O0000000001O01O0010O0001O0000000000000001O0000010O0000001O000001O001O0O3N1N2KWi^Y2
20150913082034Lh_3,V`U^21nPj02enWONbPN;Wo1IePN:Yo171O010N2O1O001O0000O101O0K^OkPNc0Ro18N100O1O100O1O01O1O1N2N3N2O3L3M101N1O10O10O100000O0100O1000O10000O101O001N10000001O2N6J3JU_T]1
20150913082034Lh_4,T]ST11cPb00[o_O5K4M3L2O000O10O10N1J7O100001O0010O010O00010O01O0000001O0000001O1O1N2O002N0O2O0O2O3IYbdh2
20150913082034Lh_5,\Tc[12no1O10kPd14Po[N2O1O0N3L3001O0010O01O100O10O0100O010O0010O01000O01O01O010O10O010O010000O010O00010O00001O01O0010O01O0010O010O00100O1O00G`PN3`o1LbPN3]o1MdPN3\o1LhPN0Xo10iPN0co10QP40ooK10O010O0010O010O10O\P:0eoE0O0QP20ooM000000000000000000000]O2TQNNmn12RQNNon12`000O100O^PN0Uo10jPN0Vo10jPN0Vo10jPN0co1000QP40ooK0eo50gP40doE0QP60coI0<000]PN0Vo10jPN0Vo10=0QP40PPN001ooM0O1SPN1ho122NUiZY2
20150913082034Lh_6,mT[f21ZP`01boA3O1N1000000O2O00000010O01000O010000O101O002M111N02O0O001O1O1N1O2N1NRjnV1
20151003081954Uh_1,\dV^22\4OWig0:oQZO6J6K5K4M5K3M2N3M3L2N2N2O100N2NQOVRNMhm12\RNMbm13aRNL^m12eRNM[m12gRNOVm10lRN0Sm10PSNNnl13TSNNil12YSNNel12]SNNbl11`SNO^l11dSNOZl11hSN0Ul11mSNNQl12QTNNnk12RTNOkk12WTNNhk12YTNNek13\TNMbk14_TNL`k14bTNJ^k15dTNK[k15fTNJZk15iTNIWk17jTNHVk17lTNHTk17nTNIQk16RUNHnj18SUNHlj18VUNFjj19YUNDhj1;`2O1M3M5IjZi]1
20151003081954Uh_2,mUgR35P9Mi]11T9NdVT28SikM4L3N3M2N2N2O1O1N2O1O001O001O0O01000000000O0002OO010O10O10O10O10O1010N100000000000O1N10O10O0200O0O20O01000O0101O0000000000O2O000O2O000O1010O000010O01O01O1O1O1O100O1O10O100O0100O1O10O1O1O1N2N2O1M3M3O1N2O1O1O0N3ON011O1000000O1M2L5O1O1O2N101N10001N3O0O2O1N2O2M1O2O000O10000O1O0001N2O001O1O1O0O2O1O1N101N1N3N101N10001O1N101N2O001N3N4K6J6IdUj1M\lUN0VN000jF1XbN2h]1NXSY>
20151003081954Uh_3,]]eX22no1OZQn03knoNOao1<L2N2N1000000O100000000O010O10000O100000000000O10001N10000O1O1O1O100O100O10000O010O1000O10O010O0100O00100O1N2O0010ON3M2N3O10O010O100O1O100O2M3N3KWbda1
20151003081954Uh_4,gebf21\Pf06[o[O5J8K3M9H1O00O001K5E<N1O1O001O010000O010O10O1O010O010O01O0100O01000O01000O01000O010O0100000O100O1O1O101M3MlX[U1
20151003081954Uh_5,eXmS33`4Okf1OnW^10elaN0jno10UQPN0fo90boo00PPV10Uh^a0
20151015170634Ch_1,oe^T13o4Nne10nUn05mnQO5M3M3N001O1N2N11N2N2ON1O2N2O1O1O2N50OOO00O1O000000O011N100O14L00105J000O0000XOWQN:hn1EZQN>an1AaQN`0^n1_OdQNa0[n1]OlQNb0om1^OTRNa0km1^OWRNa0jm1]OWRNe0gm1[O[RNd0dm1\OaRN`0^m1@eRN>[m1@hRN`0Vm1_OnRNa0Yn1O0000O003L5K24MO00O10O10O001O002O0O11O1O02M3N001N101N3M1N3Llkm0L[^]c2
20151015170634Ch_2,TPia03j4NXf10oUX14ingN2N2O000O10000O101O0O2O01O1O1O0001N2O0O100O1O10001N101O00001O2N1O01O100O01O010O1O1O1O2N1O2N1O1O010OTORQNg0nn1VOVQNi0Qo1O1002M100O1O101N1O1O1O10005L00OkQNjN^m1W1_RNmN`m1T1^RNmNam1\1TRNhNjm1Y1TRNiNlm1f1O10O000100O0O2O1O2N1O1OhM]RNS2bm1lM_RNU2`m1lM`RNU2^m1kMcRNX2Ym1iMhRN7Mc1Zm1VNiRN5Ok00BYm1]OgRN439LO54]m1AfRN<GM<2em12nQNL`01am1?bRN_O_m12PRNJf02[m12PRNKj0OWm16oQNJVo15kPNJVo15kPNIWo16:O2NhmU1KZRQT3
20151015170634Ch_3,]_bh0260`o1O\R`10em_N2ZPN3co16L4N2O1O001O000000J6O2O1N2O010O2N1000000000O101O0O2N1O1O1O1N200L4O01O001O01000O001O0010O0100O0100O1O2O0O1000100O100O00001OIkPNBVo1=kPNCUo1=lPNBUo1=7000kPNChn1<WQNEjn1:TQNHln19RQNHon17oPNKQo1b01N101O1O2N2N0010O000001O0000000000000O10O010000O10O001O10OO1010O01O000010N10001OO2O0O11O100O001O1O1N1O2O001N1O2O001O1O100O1O1O2NV`Um2
20151015170634Ch_4,biVT23i5Neg?0SRB4dPN1Wo1`0K;F3N4I:H=]NSN\TNX2Wk1nMbTNY2Yk1mMaTNV2]k1lM_TNX2_k1kM]TNX2bk1lMVTN[2gk1Q1O1OO1eM[TNVOK1kk1e0bTNlNO8dk1g0RVNdNSj1W1]2M3M2L5N2O01O2N100001O8H;E5IgTSi1
20151015170634Ch_5,_XQi01bQn00\nSO2N1O00100N20O01O1O010L3O1O10001N101G801O100O101N100O1O001O10O0100O10O10000O1010O01O2WOPQN?Zo1N00001O00000010O01O1O101O1O00000O11N01O00100O1O1N2O1N2OSf`Q3
20151015170634Ch_6,jnl`07Y:<kGC_`10`jNN`U1OZ=NYR`20gm_M2_PNNSo13mPNMRo13=101O1bPNJTo13kPNNUo11kPN0So11nPNNRo11PQNNon13QQNMnn13SQNMmn13SQNMln13UQNNjn11WQN0hn10XQN0hn10YQNOgn10ZQN0fn10[QN0dn10\QN1cn1O]QN3an1M`QN2`n1NbQN1^n1NcQN1f31Vf1NTVN2f32lf1NVYN1jf1NlWN0TN2ni1OZYN1ff1N[YN2df1Nh40000O110O00SP60moI1O001N2OO3N0001O00010O2N1O1O2N05K1O0O1O23YPNMco10^PN0Vo11m0OB0O002OO11N3N3M4M2M1O0O002O02OO0UOCQRN`0jm1DSRN>Pn1BlQNa0Vn1\OiQNe0Xn1YOfQNh0[n1XOcQNi0^n1YO^QNh0dn1:1OO1010N3N2N00010N20O0O114J1001O01110NO1O1N11OfTNiNkg1Y1nWNjNSh1[1fWNbN`h17aTNm0;SOk1Iki1e1Z2O0O10O01O1O0OhSN`NRj1^1nUNbNSj1]1mUNcNTj1[1Z2O3M3L4K\SNRO\j1i0gUNWO[j1e0gUN[O^m1010oo30QPN0ooM10ORP20ooM0YO3c03OO2NfPNMhn13WQNMin13WQNMjn12VQNOjn10VQN0jn11VQNNkn11UQN0kn10TQN0mn10RQN1mn10SQN0on1OPQN0Ro10mPN0So10mPN1Ro1OnPN1Ro1OmPN2So1NnPN0Ro10nPN1Ro1OmPN2Ro1NnPN2So1NmPN1So10lPN0Uo10jPN0Wo10gPN1Zo1OePN1\o1ObPN1`o1O_PN0co161LWf\Q3
20151015170634Ch_7,Z[QZ11\Pn02`oSO1]PNMXo1591N3OO03M1O1O00O10001O0000000O1000010O0001O01O010O03N1N100O10000O010O010O10O01O100O1O001O1O2O00O2O4K101N2O1O0O0010O01O1O001O02N0001O00000O1O2N2O1O1O00UcT`2
20151015170634Ch_8,V[cY12bP^1O_oeN1ooMOO0TP80loG000C0jPN0co100000O100001O0000QP40PPN0RPN0doa00ZP@0PP20ooK000ePN0`o90PPb01loUOOO0000001O0O1O00100KM]PN3co1N\PN2eo1M[PN3eo1400000000010O01O010O010O00010O001O010O10O01O01O0001O0010O001O1O1O1N2Njbn]2
20151015170634Ch_9,T_gl13_4Oaga00nS@1O>C1`RNA[k1a0SSN_Om04Pl1Q1jSNQOVl1o0iSNQOYl1P1dSNQO]l1P1_SNQOal1S1ZSNnNfl1U1USNnNjl1S1kRNWOVm1i112O0OfMTSNd1hl1XN\SNi1^m1O0O0000O01O0^OSRNQOPn1j0XRNnNlm1`0S1GjPNGYo16gPNLYo11U_lP2
20151026171014Mh_1,P^ma23S70da1O_^NOega22gP`M1bPN3\o19O1O101N100O100O010O1O1O1N2O1N1O2O001O001O010O01O01O010O001O10O1O01O01O010O00001O0010O0010O01O000100O010O01O01O01O0100O01O1O010O00100O010O0O2O010O001O0000001O001O0001O010O00100O100O001O10O0010O01N1010O01O010O00001OO2O10O00000000000N2O2N1O1O1000010O01O1O1O1O1O0O11N0101N10001N1001O01O0100O1O1O001O01O0001O000001O00O10O1O100O10O010N1O2O1O01N2O1M4N1O2O1N2N2M3N2O1N2M3N3N5Jdnk1LbQTN000Pbfm0
20151026171014Mh_2,\ZkP13n4Ooe1OSYd10mk[N3L4K4N3O001O1O102M00000001O01O00O2O0000001N101O001O2N1O1N1000000O10000000O010000000O101O0O10000O0100O010O01000O0100N101N1O2O00001O00O0010O1O1O1O2L301L4N2M3L301N2O1N2O1N2N1OAeQN]OYn1c0kQN[OTn1e0oQNXOPn1g0TRNWOlm1h0e0N3O1O00O0101O1O1O10000000O001O01O1O01O010000O10000O2N2O1O2N1O2M7IRo]1Mgfdb2
20151026171014Mh_3,VZWg14g7N\`10V^j17WiUN:J4K5L3O1M3N1L4O1O0O2N2L3[OfNdRN]1Zm1lN\RNV1dm1b01O002N0O3M2J6N2D<M3O0N3I6N20O1N111L2O3O0001O1O2O0O2N1O2O0O2O001N100O2O1O00000000O10000001O00100O001O001O00001OO11OO1000100N1001O00000000O1O10001O0O2O0O2O10001O0100O2N1O1O1O1O1N101N100O100O1O100O1O100O010O01O1O0100O010O100O1O010O1O1O001O00001O001N2Nenc1NYgfj1
20151026171014Mh_4,lgXn23W5N^e10WVX18ingN4M2N100O10O101O001O10O100000O010O01O101N101N010O100O2O0O2O01O1O1O00O1000001O01O1O0O1O100O1000O10000O101N2O3M02O0O0000O10001O1O00001O1N2N2O2M6ZQNjNVn1X1eQNlNZn1^101O5LO4L7H2N2NlQNgNdm1U1e0O1O2N3M3M2O1O0O2O002OO10N1O1O2M3N2M3N2L3NnPR1NmimNO]]gh0
20151026171014Mh_5,XglR12d2Odlc06^P^O5G8M3M2M3N3M2N2N2O0O2N2N2O01A>N2M3N2O2M2O1O101O000000000O10001O1O001O1O01O00010000O2N1O1M4OZXai2
20151026171014Mh_6,QdXU31oo10lPn03PoQO101N1000000000000O10000000000000O01000O10000O1000000000000000000000000000O100000000000000O10000O10O010O1000O10O01O1O01O00001O01O00100O01O01000O10O0100O10O01O1N2N20iok0NYPTO0o[_c0
20151026171014Mh_7,Rfl\12n3OQh10kTl06nnSO4J`0B3M3N3M100O2O001N100000000108HO01O2M10O001N1000TOTQNd0ln1ZOVQNg0hn1YOYQNg0fn1ZOZQNg0dn1ZO\QNg0cn1XO^QNh0bn1XO_QNh0mn11N011O0O1O11O001O3L2O0O101O0O2N1O100001N2O000O1000O100O010O10O00000001000O10O2O1N1N3M5HlVY]2
20151026171014Mh_8,aUcd05V7N\a1NmYX15XmgN7J4L4M2QTN[O_h1g0^WN\O_h1h0lTNWOg17Zi1e0mTNXOe16Yi1g0PUNUOc18Zi1e0SUNSO0Oi0;Qj1f0UUNROM2i09Rj1f0VUNQOK3j09Tj1e0UUNPOK5j07Tj1X2jUNjMVj1U2jUNlMUj1U2hUNmMXj1T2fUNnMYj1R2gUNnMWj1U2gUNmMUj1V2jUNlMSj1W2kUNjMUj1V2iUNlMWj1T2bUNRN`j1m1]UNUNej1k1XUNXNgj1h1XUNXNjj1h1UUNWNmj1\32M4J5L4N3N2M2O3L2O2O1N2N4L3M5K`0@4M3L5L3L2N6I4M3M2M5J4K5M3M3O1M2M4M3L3N2O2N1O2M201N1O2N2N2N1N3N2N1O2N2M4LQgPU3
20151026171014Mh_9,Rg^]12h2OklQ50[PPK0M2gVY]2
20151026171014Mh_10,UQkd07T<N\W1MZdZ16kgeNN_PNNQo1OSQN30Nln1;VQNEam1M\SN>SOG\m1KdSN=ROMRm1FoSN;QOK3K[l10cTN8POK5M61Rk1OWWN1cM1Vk10VWN1_M2hj1`0jWN^O[M2^i10UWNg0S2VOWM5`i15jVNg0_2QORM6ei1j1\YN`Ncf1_1`YN`N`f1_1cYN_N\f1c1dYN[NZf1i1fYNPNRNH]f1j2`[N[MUNLXf1m2c[NTMXNMTf1Q3d[NQMXNNSf1T3e[NmLWNOSf1W3P52VXNgLkb1\3o\NeLTc1\3h\NdLZc1^3d\NbL]c1`3`42nWN]Lec1c3\42jWN[Lmc1e3R\N[Loc1f3U4100O3N1O3M>A3N2N3M2OoNYUNfLhj1T3aUNlL]j1P3hUNnLZj1l2mUNQMZj1d2mUNXM[j1[2kUNfMVj1Q2QVNnM\j1b1gUN^N_j1X1eUNhNaj1P1aUNPOdj1g0`UNYOgj11hUNNUm11O1O0VQNMgm13S11O0O2QQNJRn16g06N1VQNCPn1?nQNARn1a0f01N11EjPNKXo1OnPNOffZU3
20151117212434Ch_1,f\[e13X5N\e10WYd12ok[N5M2N2O1N2O1O001O100O001O10O01O01O2N10000O1000O00010O1O000010O0O1000001O000O10000000O10000000000000000O0100000O2O001N101O0O010O01O1O0100O001O101N1O100O2O0O1O010N2O001O1O001N2O001O001N100M21O001O10O0DlNnQNU1om1QOlQNQ1Tn1ROiQNn0Vn1>0O01O1O01O0O2M2NO22M3O0OM40O1O20O01O1O1O1O2L4G9K6D<N2M4L2Oon[1NTQdN0ZcRo1
20151117212434Ch_2,\nZe25T;N`Y10dfNNmbS32fQnL3O1M2O0O1O2N2O1O001O001O001O10OO10O10001OO1001O0O101O000O11N000O21OO1O02O0000010O0O11O1O00000O110N02O01N011O00O1O2N0L5N3N2NWoo02hPPO1N2N2O1O001O001N1001OO20O00010N20O0O020N0100000O02N000100O0001O01OO20M3N3N010M2O020M3N2O1O2M200O2N1O1N2O1O1O2N010O2N2O001N110ON20O101N002O0O1O100O11O00O1O11OO00100O1OO210N002O1N1O2O1M2O1O2O1OO11O00O11O000O20N0101O00001O10O0001O010O1O100O1N2O1O2O0N3N1O2N3L2O4Komc2E^R\M1cQcg0
20151117212434Ch_3,\kj`23V5Njfe0=\S\O;H8J3M1O1O00O2N2N3O0001N2O3M3M2N2SSNPOfj1R1VUNQOkj1P1PUNRObk1?YTNCkk1>oSNBWl1=bSNEcl1:XSNGll1f0`RN\Oem1\14L4M4L4K5L4M6H6K5L3M1O2N1O100O1N3N2L3LWQe[1
20151117212434Ch_4,j^Vg22^3OQi10`30hQn15QnQN3L6L3M<E2M2N2N2L4M3M2O2O0O3M2O1O1N2O001O0OlNSRN8lm1FYRN7fm1I\RN6dm1J]RN6bm1I`RN7^m1JdRN@C9im17QSNGnl1:TSNCll1>VSN_Okl1a0WSN\Oil1e0X11O1O1M201O101O001O001O1O001O001O0O2O00001O00001O001O1O000010O01O0000001N1000001O1O001O001O001O001O0001O000O101N1O1O1O100O2N1000000O2O0O100010O0000001O00001O000010O1O0001O01O0000001O0O1000000O2O001O001O00100O00010O1O00100O01O100O1O10O00001O000010O01N2O2N2N1O1O2N1N2O1O4K2O1O2M2MRnm1LTRRN0Vaki0
20151117212434Ch_5,SXoo04Z8OmeS11`QnN9I7J5K5L2N1N01O10001O00100O1000O10O0000000O1O0001O100O1N0001O1O1N2O1O10M20020O0O2K5YOg0N2O1O0O2M3K3O3NG]RNYNam1h191M4M21O1N3N1nN`RNFam17jRN_OXm1=W1K6N1O1O100O2O0011N1O1O00O100O100001O2OO0O1O1O0O2O3Lhnm0J^i^g2
20151117212434Ch_6,YldW32h2Omj72URJ6N00O02O1QQN2hm10SRN6^OCVn1`0mQN2N_OSn1e11N101N1O1N3XOQRNWOTn1a0k0JnRQg0
20151117212434Ch_7,iZSP13V5O]im0:oPTOJbPN2Yo1JPQN3mn1LZQN1]o1Ogl[2>PTPNBVoC0E2dPNOZo1;O10O0O1O0O2O2MELQQN3Uo194LXdnj2
20151117212434Ch_8,YbeT22S2Ogk10hSf11ZnYN6I4N2N1N3N1O2N1O1O100O1O100O001O1000O0DoPNKQo14PQNLPo13QQNMon12RQNNmn13TQNLln14TQNKmn14TQNLln14TQNLln14TQNLln14TQNLln13UQNMkn13UQNMkn14SQNMmn14QQNMon14oPNMQo1`01000000O1000000O10O1000O100O10O10O10000O1000O010000000O100O100O10000O01000O1000000000000000O10001O0000000000000O1000O100000000000000O10001N100O1O100O1O10000O101O0O2OO0100000O10O10O100O1N2O1O1O1N2O2N1N2]OkPNNM9eo1N2N3LVoe1Od^Z]1
20151204133714Th_1,lUkQ21nPn02knSO5N101]OIZQN8fn1IXQN8gn1JXQN6hn1KVQN6jn1KUQN5jn1LVQN4jn1MTQN4ln1MSQN3nn1>10001N102N1N2O001N2N1O2N1O100O100O10000O100000000000O2O001O00000000O100000O10000001O0000000000000000O1000000000O100O1N2O2N1Ogi`h1
20151207173614Mh_1,jg\Q25S9MV_o0:XWRO7J5L4M2N10000000001O1N106J2N1O1N5L3N7I4L5L7H5L1gRNdMhl1l2O01N211N2N2N114K8L0L2L2N1QNcRNW1Vn1N5J6K3OO1M20O0O1010O01O001O1O0O1010N11N01OO3M2N3M2N3K5L5IbP[i1
20151207173614Mh_2,dkVS23f4Nigc04WS^ON_PN1jo1O00O0aP8NdoG40MOOO000SP40moK0aP<0_oC1O00Oloi00TPVO2O2UPNMdo153N_PWi1
20151207173614Mh_3,YWac02jQj00RnWO3M2N2O100O1O1O001O0O2O001O0000001O000000O1000O10O10000O10O10000000000O10000010O001O010O1O1O1O1O1O10O0100O1O00100O1O1O]hlW3
20151207173614Mh_4,RUcS11RQX16fniN4K3O2N001O02OO01O100O001O001O01O01O010O0001O01O000001O0000000O10O1000000000000O10000O1000O0100O10O10O10O10O10O01000O0100O010O0100O00100O001O001O001N1O2O1M2M4O0O2O0002N1O1O1N3L3L7JeoQ1KakXc2
20151207173614Mh_5,oVkb03l3OYkm04bPTO5K4M2N3N001O1_OA`QN?^n1[O[QN:0=jn1;1O1O1OFQOeQNn0[n1ROfQNl0[n1TOfQNk0Yn1VOgQNi0Zn1WOgQNg0Zn1YOfQN9GMen1IfQN5jn1KVQN4kn1LVQN2kn1NUQN2kn1NUQN2jn1OVQN1jn1OWQNOjn11VQNOjn11VQNOjn11VQNOjn11UQN0kn10UQN0kn10UQNOln10UQN0kn10TQN1ln1OTQN1ln1OTQN1ln1OSQN1mn10SQN0mn1OTQN0mn10SQN0mn10SQN0mn10SQN0ln11TQNOln11TQNOln10UQN1jn1OVQN1\o101O^O0UQN0]o1000_o70PQF0To10kPN0Vo10iPN0Xo10g00YO0<0O1[PNO[o10ePN0[o11ePNO[o11dPNO]o119013YhjW3
20151207173614Mh_6,bS_a04]70n`1Nc7OdUd21Yj[M0110O00100000000O0100mPN2Tn1OhQN2[n1NdQN1^n1OaQN0an10_QNOan12_QNMcn11^QNObn11]QN0bn11^QNNcn12]QNNcn12]QNNcn12]QNNcn12]QNNcn12\QNNdn13\QNMdn13\QNMen12[QNNdn13\QNMdn13[QNNen11\QNNen12ZQNOfn11ZQNOfn11ZQNNgn12YQNNgn11ZQNOfn11ZQN0en10\QNOen10[QN0en11ZQN0en10[QN0en10[QN0en11ZQNOgn11XQNOhn11XQNOin11VQNNkn13TQNMmn13RQNMnn13`0000aPNMPo14oPNLRo14<0bPNLRo14mPNLSo14=0O010O1_PNLVo14iPNLXo15ePNL[o1=0O1O1O1O1O2M2O1N2O1O`P>0_oA2O2N1O1N2O1N101O001O01O01O010O01O01O01O01N101O1O001O1O1O1N101O1O1N1O2N2N2O1N101O001N101O0O2O0O2N100O1O10O001N2N2N101O1000010O1O01I60100O0010O01O0010O00010O001O000010O00000000TOaQN9_n1]OaQNN5a0\n1\OcQN33>en1A\QN=To1O3MPnS2Dkn`l2
20151207173614Mh_7,ihnQ22\P>4]oCN3N2O10TP80loG1O1N101O1O1O12M3N01O1000MUPN0TP6OkoK001O1O3bUgk1
20151214171854Bh_1,hlTe13g4N^f10gXZ13okeN2N3M3M1O1O1O010O1O1O010O1O01O00001O001O001O000001N1000000O101N1N2O1000000000001OO11O000O1O2N101O0000O1O1N2O0O2O01O010N20000XOEkQN<Tn1HhQN9Yn1f00O2N2O001O1O1N2O1N3M2O2M3N1O2N100O1O100O1O1O1O2N2N2M3N2M5KlnS1O_TUQ2
20151214171854Bh_2,\hVZ12[4OWg10VUR14RomN3M3M10001O00001O00001O01O0001O010O1O010O1O100000O1000O100O1000001O0O2O001O1O002M3O0O010O1000O100N2O00001O1O00001O1OO102N2M2O2N0010O101O1O0O1O1N200O1O1O1N2O1O1N100O2N2M4M2LRTU_2
20151214171854Bh_3,[T_i21gQj06PnWO2O1O1O010O1O10O01O001O10OO2O00010OO1001OO2O010O01OO10O101O01N1001O000000O2O01O000001OO101O0010O001N1O2N1N3N\kXR1
20151214171854Bh_4,f`ak12no1OYQn13onoM1Yo1>M1O2N1O2O001O000010O0010O01O1O101N001O1O1O001O1O0010OO101O000O10000000O100O010M3O1O1O100O1000000000000000O1000000000000000000000000000O100O100O100O1000O1000O0100O100O10O010O010O00010O01O001O0001O0O1O2O00010O010O100O0010O001O1N2O00100O100O010O100O1O1O100N200N3O0O1O1O1O1O1O2Ncoc1Nj_\f1
20151214171854Bh_5,b_Qk12a3Okh11b3OXRV30jmkL0PPN00001OO0100000O10O10O010O0010O0000000O1000O10O001`n3OaQL0QRN0om1000oo=0jog10VPjM0PP20PPN000[O0[QN0Zo11ZOO]QN0cn10]QN1Xo101O000010O10O1000O010O00000O100001O0010O0PP20oo10QPL0`o10PQL0Ro10nPN0Ro10lPN1Uo10jPN0Uo11jPNOWo11hPNOYo11fPNOZo12ePNN\o12cPNO\o12cPNN^o13`PNM`o191O00000001N101O001O0010O01O00100O0010O0001O010O0001LcPNE]o1>10O10O100O100O100O1O10000O01O1O010002M2O1G^PN0nnY20lPhM0^`Xd1
20151214171854Bh_6,gYSX22W2O_k10Y20YQ\21fncM3L2O1O001O00001O001O010O0010O01O1O010O00010O00010O0000000010O000000001O01O0001O000000000000000000000O0100000000O1000O01000000O01000O1000O10O1000O0100000000O0100000000O10O1000O1000O1000O010000O10000O100O10O0100O10000000O1000000000000000000000O100000O2O000000000O10000000001O000O2O1O1O0O2O1M3N2OWoa01gP^O2O0]PNNXo12hPN0Vo11hPN1Vo10hPN3Wo1NgPN3Yo1MfPN5Yo190001O01O0001O000100O100O100O1O2O001O0O100O10O010O0100O00010O010O001O001O1O1O2N1O1N1LWPN0_n_20^QbM0YfhU1
20151214171854Bh_7,W^cX13R4OTko03cPRO4L3N1O1O1O1O010O001O0aNASRNOX1`0fl1A\SN?Rn11iN_OnRNa0Xn10O1^N^OfSNc0Zl1^OaSNg0jm1100hNWOZSNi0gl1WOXSNj0nm101O0O2O1N1N3N1O1O100O2O01O0000000N2N2O01O1O1O2O001O000010O001O0[OL^QN6_n1f001O10O100O2O2M3M2O2L3F;L5Jh`na2
20151214171854Bh_8,bUm[12no1O^QX15\ngN3N3M3M2N5K2N1O2N1O0010O0O1K6M1O3N1O10N200001O001O1O001O00010O001O001O00010N20O010000O10O1000000000000000100O010O01O001O000010O001O01O01O10O01O1O1O1O1O2OO01O00010O00010O0010O1O001O010O1O1O1O1O0O2O1N4LnnW1NckjY2
20151214171854Bh_9,`[Tc0n2e0^M]OEf31\d13gXNNVO81FW60ka12i7O1O`P`00ao_O1RQb21kn]M000O10O`PN1Ro1OlPN6Qo1IPQN9nn1GRQN:mn1FSQN<ln1CRQN`0Vo12O0O2M3O1N2O0O3M2O1O1N3N1O1O2N1O;FO01003NOO100001O0O1000O11O0O01000O10O010O01O00100O00100O002OO01O02OO1O10O10O010O0002N00100O100O1O101N010O1O2O0O10O0100O010O001000O0001O10O000001O0000001O000000001O0001O01O00001O1O1O001O1O1O1O001O1O000010O01O000010O001O010O00010O1O010O1O011N100O2O000O010O01O01O01O010O00100O10O0100O10O01O001O010O001O1O0000100O000010O01O0010O0001O01000O010O10000O011N0010O01O1O00100O0010O0001O010O00100O1O00101OO001O010O100O002OO0010O2O0O10O1000O0100000O10003M1O0O10O010O10O010O010O01O100O00101N100O100O10O010O02OO01O100O1O001O1O1O001O1N3N1O1O002OO02N0O2O1N1N_ig30SkU_2
20151214171854Bh_10,l^Vk21oPd04jn]O2O1N2N101O0O2O01OO2K4L50O00100O101N01000O100O101O000O100000000O10001O00001N101N1N3O1Mi`]Q1
20151214171854Bh_11,fnTU22_3Ogie08_R\O4M1O1O10O1O010O00100001O1O100O103L5L1jQN[Onl1j0hRN\OWm1g0cRN]O\m1i0\RNYOdm1j0VRNZOim1^1100O0001O01O01N1O1O1OXNeRNm0Ym1oNVSNi0hl1VO`SNd0`l1[OgSN?Yl1@lSN<Rl1FQTN7ok1HSTN7mk1HVTN6jk1H[TN4dk1N^TNO\l\g1
20151214171854Bh_12,kYSd21WPj00hoWO00000QP20ooM000TQj10lnUN000ko51QeTX1
20151214171854Bh_13,`[Wg06c5K\Kn0f0ROkN1D89La06gb1GbhNNj_;2mSF1O01O001N\oS17UPlN:]K>^XNKTg1i0`XN[ORg1k1QXN[NYNmNQi1Q3_XNXN_NgNkh1b4XWNlLMbN51Ph1b6kWN\I36lg1d6oWNWI29kg1c6QXNUI39jg1e6^XN\I_g1f6`XNZI`g1h6`XNnHD1lg1R7`XNmHENlg1W7^XNjHhg1W7cXNhHRg1Y7lXNiHSg1Y7kXNjHSg1U7mXNmHHKif1X7XYNfHF;3Njf1R7]YNfHD=1Lof1R7ZYNgIgf1X6XYNhIjf1X6lXNeH7Q1nf1Y6lXNgH5o0Qg1X6jXNkH3m0Tg1W6kXNjH3m0Tg1X6SYNgIof1W6RYNhITg1HkXNW50PKbh1i4^WNVKfh1f4PWN`J6g0lh1h4oVNaJ4g0nh1h4YWNUKih1l4WWNPKlh1Q5TWNjJPi1W5PWNhJQi1W5oVNhJRi1Y5nVNgJRi1Y5nVNfJRi1[5bVN^J56Yi1\5cVN]J48Xi1\5PWNcJoh1^5PWNbJPi1_5dVN[J55Wi1a5dVNYJ65Vi1d5cVNWJ84Ti1e5dVNYJ72Ti1f5gVNVJ45Ui1d5hVNWJ34Ui1f5gVNWJ42Vi1g5eVNXJ51Xi1e5cVNYJ52Zi1d5aVNYJ71\i1c5]VN\JSj1a5mUN`JVj1]5iUNdJWj1\5iUNcJ]j1W5dUNiJ\j1W5dUNiJ]j1V5bUNlJ\j1U5cUNkJ^j1T5cUNlJ]j1T5cUNkJ_j1T5aUNlJ_j1T5aUNlJ_j1S5aUNmJ`j1R5`UNnJ`j1S5`UNlJ`j1U5`UNkJ`j1T5aUNlJ`j1S5_UNmJaj1S5`UNmJbj1Q58N2N2O000O2O0O2N4L5L4K103M7H8I2M5L2NmLcLdYN[3[f1dLiYNY3li1C4L;F2MeRNcMYm12bRNQ24nMfm1j1YRNWNQn1_1oQNbNQn1]1oQNdNSn1Y1mQNgNXn1LkQNo0MVOan1h0`QNXO`n1h0`QNXOan1g0`QNWO`n1i0aQNUOan1k0_QNUO`n1l09100O100VQNROan1o0^QNRObn1n0]QNSOcn1n0\QNROdn1T110000000O10O10000O1O100O100O2HUQNXOln1f0WQNXOkn1`0?L5K5KUfo1MQZPN1_dRl2
20151214171854Bh_14,VebY14T8Nb_10lYR1OXnmN:I3M3N2O1O0O2O01O000010O010O10O001O0011N1[RN[Onk1f0oSN[ORl1g0jSN[OUl1h0fSNZO[l1g0XSN[OTO0em1f0RSNFol1;mRNHRm19lRNHUm18kRNGWm18gRNJXm16hRNJYm16fRNJZm18eRNH[m18dRNI\m16dRNK4VOel1Q1SSNL_m18ZRNKfm1f0\RNfNem1X1^RNgNbm1W1aRNgN`m1V1dRNiN\m1T1hRNkN1Idl1U1aSNROTm1f0TSNYODJel1h0lSN[Okl1b0XSN]O^ONel1a0oSNAll18WSNHan101O0O11O010RP2OooM00000jPN0Yn11k001O10O10ORP20ooM0oo10PPN0[Q`00enA0TP60moK0ooK0ohQ10jaY]2
20151214171854Bh_15,[fTZ11_Pd01Wo]O0hP\2ObocM0O110hX_b2
20151214171854Bh_16,n]hX21aPb05Vo_O4N2O0O1MDaPN=\o1500O10O100KePND\o1;4010000O110O0000000000000000000000000O100000O100001N4ImaUd1
20151214171854Bh_17,nVYi12no1OkQl01SnSO3N2N1O10000O01000O100O1O010O1O001O001O001O01O010O00001O0010OO200O00100O0100O1O1]OF^QN;cn1FXQN>hn1CUQN?kn1;O010000O1O100O100O2O000O1O1O1O100O1L4N2N10100O101O0O101N101M3Mboi0OciXo1
20151214171854Bh_18,jWci11lPf00VoYO0ho10[PN0co1060PP20QPN0joa00UP^O000PPd10hgVQ2
20151214171854Bh_19,PWem23e5OViY16kPhN3M3L4M2L4N2N2O1N1O2O1O1O01O00000O11N010000O1O1O0N2001O101N002O0O1N1000001J5O2O1O101O0O1000O100O2OO10010O1O1O1O100O01FbQNQO_n1m0eQNnN^n1R1701O000N2J6N2O0O2O0100O0001O10000001O010O0001O001O1N1O1O1O1O2N2O4KRoS1IWjhh0
20151227133734Ch_1,PgXU26l<NnU11VjNLjU11ich03od3NYTTO7J;JN5I1M`P4HjoK1O1O00O2OPP21noM10O001O10Uo30iPL5K3O1O1O1O1O01O0101O0O1O1O1O0O2O1N200O01O00O100N2OK600O10000000001O00010O000001O0001O00010O000010O0001O010O001O000O101O001O0000100O100O02O000O1O010O1O002N002N101N101N1O0100O001O100O1O011O0001O1O001O1OO11Ob0^O000O0100O1O1O001O100O11O001O010O2M9H1OO2OOO3N1N2M3N3M102M201N002N011N1O2N101O0O010O2O0O011N10000000010OlTNBef1>YYNDgf1<UYNHkf17TYNLlf13RYNOYLISj18`YN3XLKUj12bYN5ULL[j1N\YNm0ef1SOWYNQ1hf1POQYNW1mf1jNQYNY1of1gNeVN_OV1Q2Sh1bNbVN@V1R2Yh1`N[VNAW1T2^h1\NXVNBW1U2bh1\NmUNFo0_2Ti1dNbVNd1_i1[N\VNj1gi1TNVVNn1ki1RNSVNo1Pj1oMnUNQ2Wj1lM`UNY2ej1N[UNaMnj1\2UUN[MVk1b2lTNUM]k1Y2]TN]Mel1S2[SNjMVm1S2`0J5I9G6L7@?J8GYig2DWWXM1O0PYcX1
20151227133734Ch_2,\_g_22no100O10_SZ33]leL3M3M3O1N2O1O0O10O01O00010O0001O00001O0001O0000000OEcPN5]o17O1O0100O1O1O100000001O00bPNBZo1c0O01O01O0001O001O001O00001O0O2O001N10O100O01000000O01N11000O0100O01000O10O0100O10000O100000O010000O10O0010O10O1O001O10000O100O1O0N210O10O10000000000O10000O100O10000O100O0100O010000O10O10O010OO101N101LLhPNFYo1;510O01000O10O1000000O010O1O10O01O1O010O01O10000O010O100O010O1000O01O01000O00100O10O01O01000O1000O01000O01000000000000O01000O0100O10000O010O000100O1O01N1O2OHcPNN]o13dPNL[o156110O101N1000000O10O1000O010000O1O1000O0100O000100O0010O0010O00100O010O1000O010O10O10O010O1O10OO2O1N101O1O01Too2LPQPM0PP60PPJ000dTN2ZWPh0
20151227133734Ch_3,TQmf01iP\10VoeN2M1O2M3I5O100000100O01000000000000O10000000001O002O1OO100O1O1O000010O001O001O1O1O001O00000000O1O00001L31000000O1000001O0O2O0000000O1000001O0O110O0001O010O1O010O1O4M0O1O1aPNA[o1c0O1N101O01^OjPN9Uo1EnPN:]o10000O1N4M1O1O00001O00000OhnQ1M\QnN00000lnho2
20151227133734Ch_4,olRe11ZPl03aoUO3N2O1N1O1000O1000O10O010O1O10O01O0001O010O10O01O01O01O01O010O01O1O101N100bPNCZo1;dPNG\o19cPNG^o1>0OYO@oQN`0kn1M1O101N1O1O10O010O01O1N2O010O0010O10O00001O01O01O000000001N[ni0OhTiS2
20151227133734Ch_5,UYmQ22h2Okj?7TRB4N0000O02N3N2N1O2N20OO1O101O02M20OO10O010001N100O2O1N2M3N0O0100O0001O1N2Nlm;LTi\j1
20151227133734Ch_6,mSY`02g3O_h10eVR13olmN4L3N3L2N2O1N101O00O10O0kPN_Omn1c0RQN^Omn1j00N20O200O1O10000O1O0O200O0001O00KROYQNo0en17L3100O101N10O010O1O1O1O010OBdQNZO[n1g0fQNYOVn1a0hQNZO35Sn1`0lQN[O33Pn1b0nQN[O23om1b0_RN]Oam1a0bRN_O\m1>iRN@Wm1?U1O2M210N01O1O2O000100O10000001O00000000000010O000O101O0O2O1O010O00100000O010000O1N3M3Lln]1N[m^U3
20160116133734Ch_1,_]^Y12]3OSi10\Tl04inSO7J7M3M3N10O010N2O1O0N3M2O2O001O0001O1O100O1O01O00001O10000001N010O2O1N2O000O10001O1032KZQNZOPn1f0hQNBXn1S11O0O2N1N2O2M3N2M3N1O1O1O1O10O01O100O1O100O101N2O0O1O1K6Lm_k`2
20160116133734Ch_2,cXa\12^Rf03Zm[O5L3N1O1O1O10O001O0000001O01O010M2O0N3G9L4N3N01M3M2N2O2N1O2M3000001O0O1010O01O10O000O200000O100N2N2N5Klf`_2
20160116133734Ch_3,YdfZ24X7Nbbe0;gU\O5K4M6K5J3N20001O1O2O00O110O3L2N2N1O11O0O01l0SO9H1N2N3L2N2007H7Jh0WO6J6L1M2M3M2N1O0000O101N20O000O2O0N3N3K7HeUYa1
20160116133734Ch_4,\kRc02X117NSne01ZP\O2M4M110O00100O0010O000OO2N200O10000O10O0100O1O10O01O1O100O100O2O1O0O2N1O01M2O100010000000101O1N2O1M5KRToX3
20160116133734Ch_5,chng12d2OWke02PR\O5L2N2N101O0010O0101N1O2O000001O10O100O0O2O1O2N0010102M0OO100O101O1N2O1O001N2O4L000O2O0O100O1O1N3N0O10WUST2
20160116133734Ch_6,RhZS11bPl01ZoUO2O2O001O001O01O0001O0000000000010O00001O001O0O10001O000O2O001O0O2O00001N01O000JfPNF\o18610O10O010000O10O01000O1000O0O2O10O0100O100O100OiWeg2
20160116133734Ch_7,PZPh12aQP18PnQO7K4J5M3N2N100000K5O10OOJ4401O011N1O1O1O100O10000000000000001O01O01O01O01O0O2O1O1O0O2O00000000000000O2O00O10O100O01O0000001O1O1O0O2N101M3L5Mdog00^foP2
20160116133734Ch_8,f]ec02V2OWN0ll10`Sl13^oQNMZo1b0ePNAkn1m0M3M2O1N101N100O2M20010O000010O000000010O1O001O004M1N2N100O101N?A100O1O0010O01O0000010O000010O00001O0000000O10000O01000O100001N1000000000000000000000O10001O00000O1000001O0O10001O0O1000000000000001O00O1000O10O100O0100O010O1O2O0O100O2O0O1O101O0O100O10001O00000O2O00000O2O0O100O2O0O4MYng10Qdjm2
20160116133734Ch_9,]Zjl12h60\b10d]N0\b10j600O10]Qf44^nYK3M4L6J4L3N1O002M2O1O1N101O00000O101O00000000O10000000O10O100000000O101O0O10000O100000000O100000001O000010O00000001O00000001O000001O00010O0001O01O01O0000001O01O01O00010O1O0010O000001O00010O00001O00100O1O2N2O0O1O00001O0001O0000000010O000001O01O0000000001O001O00001O0000001O000000001O01O0000001O01O01O00001O1O1O5L0O2N1O001O2N2N2O1N002N2N001O2N1O1O100O2N00100O01O000010O01O001O1O1O010O1O10O01O1O001O0000100O1O001O1O10000O1O101N2N1O2O0O002O000000000O001000O00001O001O001O000001O0O101O00001O001O001O0000001O00000001O01O00010O000010O0010001N1O00010O100O00100O1O01O01O010O1O010O1O01O0100O1000O010O1O100O100O01O0010O0001O00001O0001O001O00001O000O2O1N101O0O2N1O1O2O001N10001N10000O2O0000001O0001O00001O001O002O2M1O00010O0001O00001O001N2O001O001N2O00001N101N101O000O2N101N101N100O2O1O1N4KPkS4LVUlK000000001beWQ1
20160116133734Ch_10,lgdl01oo10bQl15XnSN100O100O1O010O1O1O1O100O1O10O01O1O100O010M3N20000000O1000O0100O1N20O01O010O00100O1M20100O1000000000O1000O0100000000O10O10000000000000O100O100O100O10N2O10001N100000000O2O0000000J\PN0do1N^PN2bo1M`PN2`o1N`PN2`o1NaPN1_o1OaPN1ho1O00H0`PN0`o10`PN0`o10aP80goG0H0800000O100000O010000000O100000oo10QPN000O0010O00]PN3To1NjPNO[o10;0ZPN0\o1090[PN0\o10dPN0\o10dPN0\o10cPN1]o1OcPN0]o10cPN1]o1OcPN1]o1OcPN1fo1OG0dPN032jn1NRQN142Po1OQQN1gn1MRQN0:4cn1LdQN5an1KYQN5Yo12UOIiQN8Un1IlQN6Tn1JlQN7Sn1InQN6Rn1JoQN5Po1Link1N[QTN0TXce2
20160226151654Bh_1,dbbT22W3Ofj=6hQD;G5K6I6K5J6K3M5L4MhNYRN8em1FdRN6Zm1HlRN5Tm1IoRN7Qm1DSSN>Xn10OO1010OO2N1O100O1N2O1O1N4LjZUi1
20160226151654Bh_2,PjTn21oo10RQT12lnkN1N10001N10001O000O1000000O100O10O010O01M20100O010O10O100000000O10000001O0O100O2O001N100O2N1O2N2O1N2N2O001O1O1N2O001O00@XQNIgn16ZQNJfn15\QNJdn16\QNKcn15^QNJbn16^QNKan15`QNJ`n16`QNK`n14aQNL^n15aQNK_n15aQNL^n14cQNL]n1M[QNH9;\n1E\QNO<OD>dn1AnQNd0gn10010O0000001O0O2O1O1N3N2M2N3LcnS1MbWeh0
20160226151654Bh_3,n_Pc25S:Nb[1OY]V23jliM5L2O2M3N1O1O100N20000O1O100N2O1M3K4M4N2O0O2O1O01000O010O10000000000000001O001O001O001O0O2N2O1N2O1N1O100O100000O100O100000000O2O010O1O001O2OO01O1O2N1O1O1O1O1O1O1N101O1O001O000010O1O001O1O002N1000O01000O10O02N011OO20OO201M101N01000O2N011O1N3M3N2N0O2N2hTNVNVh1m1eWNYNWh1j1eWN]NVh1f1eWN^NXh1d1fWN]NZh1d1cWN^N]h1g1\WN[Ndh1f1ZWNZNgh1i1UWNXNjh1j1TWNVNnh1k1oVNUNQi1n1lVNRNVi1W2^VNkMbi1X2ZVNhMgi1Y2WVNhMii1X2UVNiMmi1W2QVNjMoi1V2PVNkMPj1U2oUNkMSj1T2kUNnMVj1P2jUNQNZj1k1eUNUNaj1e1`UN[Nej1_1[UNaNij1[1WUNeNkj1Y1UUNgNnj1U1TUNjNmj1U1TUNiNQk1S1PUNlNRk1R1oTNlNTk1R1mTNkNXk1R1iTNjN\k1R1hTNjN]k1Q1eTNnN_k1k0fTNRO^k1k0eTNPOck1g0Q2J;F3L2N^ji1FPfcl0
20160226151654Bh_4,gYQY11TQd06cn]O3N1N3N100O1OO2N100O11O0010O1O0O20O001N2O010O100O1O00O1M30000O2O00100O10O10000001N2N1NQfbc2
20160226151654Bh_5,^Wkg21WPf03PPZO2Wo11ePN2Yo1<O1O010O00001O01O00010O001N2O00100O1O2N101N0100O001O0O2O000O10000000000001N100O2N2N2O2M2Llg`T1
20160226151654Bh_6,_`Pc23P6Okc1OeXR24XmmM3ML`PNO]o10hPNNWo11kPNOUo10mPN0Qn96VRFJ\n19d02lPNE^n1`0_QNA`n1b0^QN]Ocn1e0;2mPNYOin1i063MM3K5L4N2O2M2O1O10000O100O10001O00000000bQNKQm15]10cQNKol15^100000O100O01O100O10O02N100O1000000000000000000010hQNO_l11i10O10OhQNObl11]SNOdl12d101000100O001O00ZP\10focN0O011OO02OO02OO11OO100O01000O0010O10O000100O0001O0010O0100000O11N11OO11O0000001O01O01O103O2N2OO2L2O0N12N04L01O010000O03M210Tkm1KlTRN0a_[n0
20160226151654Bh_7,h`Pc22[4OWg10fVn14amQN2MM_PNN_o10dPN0go1O01O01O000000_N4[1M4O01OOePZ40_ogK0PPN0VQ60nmU10lPdN000PP20PPN0O010O0010O0010O00010O0010O0100O10O11O000000000001OO110O01OO2O3O13N3NN01NN1O102\lm1KeSRN0X_kn0
20160311020654Uh_1,ca`]12k3OWh10cTh12WoWN3N1O3M100O1O1O1O100O100O0100O001O10O02N1O100O10O0010O0010O01O010O010O0100O001O00010O000010O010O001O10O00100O010O010O1O001O100O1O010O010O10O10O0100O0100O0100O01000O0010O0010000O0100O0100O10O0100O100aPNDYo1c0OO10O10000000O01O010O010O010O1O10000O01O010O1O1O1O010AiPN3Wo1LlPN2Uo1LmPN4So1KnPN4So1JPQN4Qo1KPQN4_o1O1O0O2Odlk10iaWT2
20160311020654Uh_2,iaWk11oo10RQR23jnmM1O2M200O100GLePN5Yo1;N1O1O1O1O100O1000000000000001O010O1O1O2O0O1O1O10O01O010O0100fPN^OUo1f000000000O100O100000000O2O0000000O1000001O0001O0000001O2N1O00001O00001O001O1O001O1O2N0O2O000O101O0000000000000000000000000000001O000O10000000O1000000000000O10000000001O1O001O001N2O1O1N101O0O1000000O10O10O1O001O010O00010O01BnPNMSo1ORQNOon10SQNMon12SQNLnn13`0O101NWok1NS_ld1
20160311020654Uh_3,h`bR32_3Ooh10^Tl12lnSN7L3N2O00O10O0100O10001N1000001O00001O01O00000dPNIon18nPNLPo15mPNNSo1?02N00000000O1O1O1O1O001O1O1O1O100O1O10000O1001N100000001O3M1O100O100O01O010O001O010O001O01O010O010O000010O01O010O1O010O2N100O1O1O10O0000001O010O1O0010000O02OO00100O2O00O101N100O010O10O100000O110O2N01O1O0O2N100O2N00100O001O002O0O1O1O1O12M01O1O001IaPNJ`o15aPNK`o13bPNKkle10oR\N001ZPN3_^U`0
20160311020654Uh_4,dXPl15S:Ld[13]dNMc[12V:N\RR34`mmL4`PNIQo1h0L0O3N000O2O0O2O1O3M1O2M3FgNeQN^1Rn1`0K3L3N3N10gM\RNV2hm1OO2N001O1O0O2O0O2O001O1O001O00000001N010O10000N200O1O1M4N1N2M3O1L5N1N2O2O0O2N1O101O000000000000O1O10002N0O3N1O1O1O01O1O1N2O0010O001O11O10N2O3M2N10N00200N11N002O0O011N20OO0011N002N1O10000O101O1cNoQNh0Qn1VOQRNj0Pn1QOURNn0lm1nNXRNP1\n102OO0WQNSOan1W1OO3N000001N011N00101O0O5K3O0OO3N4MO02N00O2N1O1O1O18G2N1O2N1N4M1O2N1O002O0O11OO20N10001OO12M2O1N1001N1O2OO0100O0101N102M010O1O100O101N2N011OO02N1O2O1O010O101N1O011N010O001O00O11O02N1O2OO0O011O010OO011O0131KO2OOO100O2M4K4M3M2N3N2N10000O2O1N1O1O1O3N1N2O1N3NRhm2JTXXM0PPJ001[g_]1
20160311020654Uh_5,hh\m22P3Omi10]U^14^maN5M1O2N1O001O1O1O1O1O1O010O0OIhPNIXo18hPNGXo1970HCnPN>nn1InPN7Qo1<K4M20110000O1O2O0O100O1ISQN\Onn1b08IiPNDZo1;50100O010O10000000000000001N10001O00000001O001O1O001O01O01N1001N100000001O010O010O000010O001O01O010O0100O100O010O1000000O010O100001N100O010001N3N1O0O10O100001OO10O10O2O4L2OO0002MYUUi0
20160311020654Uh_6,\W_h03e5Oad1O^ZX11YkgN3N2M3N0O2N001O100O1O0010O001O0010O010O010O1O1O100O2O0O100O1O001O2N1N2K5N3N1L4M301N101O1O000N3M2M3O00ZOPRN]OPn1c0TRNYOlm1h0XRNPOkm1P1b0001POVOhRNj0Ym1[OaRNf0_m1_OYRNd0hm1_OSRNb0mm1h01O001OBYNbRNi1^m1=O000010O10O0N3N101O010OiNfRNJZm14kRNHUm16QSNFPm14XSNJhl1OnSN@Tl1?g1O2N1O100O2N1O101N10001O001O0O10000O1O2N2LonU1MkiTm2
20160311020654Uh_7,hhXn22j2Oble01_P^OOSPN00000jo=0VPB0mo30SPL00000YP60goI0gn?0YQB0PP20PPN0QPN000O1001O0000jVom0
20160311020654Uh_8,g`eT11aPj01[oWO3N10001O0O100000O010000000O01O1O1O01000O11O0000000000O10001O000000000000O101N1O100O1000000O10O10000O10O10O100O0100O10000O1O100N2OU_\f2
20160311020654Uh_9,cY``12]3OSi11^3O1000dRb31Xm]L5N0O2O0O101N1O100O100O100O010O100O1O100O00100O1O0O200O001000O010000O1O001O2N1O10000O010O1000O100O10O10O100N110N2O10O01000O10000000000O10O001O01O00000100O10O01O1O100O10O100000000000000000000000000000000000000000000000O01000000O10O10O1000000O1000O1000000001O001O00001N10001O001O000O1000000000000O10O100000O100000001O000000001N10000000001O0O1000001O00VOZQN:fn1D^QN0IOin1OoQNMQn13oQNMQn12RRNLnm14RRNLnm14RRNLnm13TRNLlm14TRNLlm13VRNMim13R1000000Ogoe2N\PZM001O0dQNOil11WSNOil12VSNNjl12VSNNjl12b10O100000O1O1000000O100000000100O100O001O01O002OXP:OhoE011N20O0O0010O010O002OO0002OO02N100O1000001N2O001`PNFXo1:dPNG^o1=1O1N2O1O2N1N3N1NSnc3NPR\L00000]fcd1
20160312020554Uh_1,]^Td22R3Oii10VTl09bnSO3O2M2L5N10O100000O10000O1O010O101N101N2O1N2O00O1O1O101O0O2O1O1N2O1O1O^QN^Ogm1a0XRNAgm1`0XRN@im1?WRNCim1;WRNEjm1;URNFkm19VRNGjm19URNGlm19SRNHmm18RRNHPn1:lQNGSn1=hQNEXn1<fQNEZn1<bQNG]n1n01O2O1N1O101O2N2N2M2N2N1O1N2O1N2O10O01O000000000O2O5B`PN1jo1Lbmi0OTd[T1
20160312020554Uh_2,n`Xg12no1OfPd12Xo[N3M1O1O1O1O1000010O01O0001O011N010O10O0100O1O01O001000O101N10000O0010O010O01001O1O1O0O1O1O10O0010O01O010O011O0O0100O1O1001N100000O001O00100O100O010O010O010O10O010O10O010000O1O010O01O1O0000010O01O0010O01O010O000000001O01O00001O010O001O001O001O1O001O0O2Nam[1OaRdN0R_am1
20160312020554Uh_3,eaoS22\2OUk10ZS^10RoaN4M2N2cPNInn19hPNH15Uo1a001O00001O001N101O0O2O1N2O1N2O1O001O1O1O00100O001O00001O000O1000000O100000SO`QN:_n1FbQN9_n1GaQN9^n1HbQN8^n1e00O01000O100RO`QN<`n1@dQN`0\n1_OeQNa0Zn1@fQN?[n1BdQN>\n1CcQN>[n1CdQN>\n1CcQN=]n1b0100000000O2O1N101O0O101N1O2O1N3N;E1O001O001O1O100O0000O100O100O10000000O100000000001O001O00101N2lPNWOmn1j0QQNWOon1j0PQNVOPo1i0QQNWOon1i040001N2O1N2O3M;D[n_1KV`j_1
20160312020554Uh_4,QiPX33f4O_f1OaXP15akoNNVQN>]n1G^QN<`n1F_QN;_n1I]QN8an1e0O0O01N2M2O00110L[ORO`RNl0am1WO]RNg0dm1]OTRNb0Rn1@lQN>Vn1e0001000O00N010G;M3L4J7N3M2O1O2O1N101N1000O01000O10O10O2O0001O0001O00000001O000O2O000000100O10O01001O01O1N3N1O0O100NcUSb0
20160312020554Uh_5,QZoi02no1O10_PP22^ooM2O0O2N101N2O1O001O1030M0O1O00000010O0010O00010O00001O0100O4L001O0001O000001O001O00001O001O001O1O10O0001O000001O00000010O01O0001O010O00001O0000010OO10001O0000000000000000001O001O0O1000000000000000001O000O1000001O0000001O00001O00000000O100000000000000000000000000O10001O00010N101O00001O000000001O0O100000BfPN7Xo1IjPN6Vo1IlPN6To1JmPN6Ro1IoPN8Po1HQQN7nn1JRQN6nn1JRQN7ln1JUQN5kn1JVQN6in1KXQN4hn1LXQN4gn1MZQN2fn1NZQN2en1O\QN0dn10\QN0cn10_QNO`n12`QNN`n12aQNM_n13bQNL]n14dQNL\n14dQNL\n14eQNK[n14gQNKXn16hQNIYn17hQNHXn18h000O100O2O1N3MTeVh2
20160312020554Uh_6,^bZP12c2O]lm06gPTO4M2N2N2N2N2O1N2O1N10@PQN1nn1NVQN1in1NYQN1gn1N[QN2dn1M^QN2an1O`QN0`n10aQNO_n11bQNN]n12eQNMZn13hQNLWn14i0101O1O0000000O1001O0010OO2O0001O001N1N3O0001O00100O010O10000000O11O01O0010O01000O10O02N2N5Jh\_j2
20160312020554Uh_7,mQe=2P3Omi10mTX16nmgN5K2N1O2AEVQN<gn1IVQN8_n1_OcQNS1[n1:OO1L400001O1O1O1000dN_QNY1an1fNaQNY1^n1hNcQNX1\n1hNdQNX1\n1gNfQNY1Yn1gNgQNY1an10O000010O100O010O0001O000O10000O10000000000000O2O0O100000O1002OO01iN\QNP1kn101oNRQNm0Uo1K1O010O001000O010O01000O01000O0100O010O00100O2N1O1O010O001O001N1000001O00010O10O01N1O2O1N2N3N1NdmW1OaPeW3
20160327133714Th_1,QTUd13T6Ndc11V6O\UV20djiM1O1O2O0O10O01O1O1O1O1O1M3N01MaPNG]o1:40O110O1O010O001O10O010O010O01O01O0O11OO100O101O010O01O001O1O01O01O0000001N11OO2O000010O1O010O001O0000100OO110N100O20O01N10001O001O0001O00001O0100O01O001O1000O01O010O0100O01O01O01O01O01O100O001O1O00000001O01O01000O010000O010O010N101O001O1O010O0010O00010OO1O101O1N2N2L4M3O1N200O10O100O10000O1O1O1O1O1O100O1O1O1O00100O010O1O0000100O0010000O1O101O0O1O1O1N200O1O001O001N2N4LlnW2LYmXh1
20160327133714Th_2,WUiV24Z7NVa10f]f13ciYN2O1N201N100O100O100O10O001O001O00001O00010O10O100O1000O00100O0010O010O001O1O001O100O100000O0100000O10O010O100O001O000YLDkWN<Th1GkWN8Uh1IjWN8Th1KjWN5Vh1MhWN4Wh1LiWN4Wh1MhWN4Xh1KhWN5Xh1LgWN5Yh1JgWN6Yh1KgWN5Yh1JgWN7Yh1HgWN8Zh1HfWN8Zh1HeWN8\h1IcWN6^h1JbWN6_h1K`WN3bh1M]WN2dh1N]WN1eh1NZWN2gh1NYWN0ih1OXWN0hh11WWNNjh13UWNMlh12TWNMmh13SWNKPi15oVNJSi15mVNJTi16lVNHWi17jVNEZi1:W30O10O01O101N1000O000100O001O2O1O2M2O1O0O2O003L:G6]QNiNom1d11N2N2M3N1O4L6J<D6K6J5K6Mdla1JXnR\1
20160327133714Th_3,aYYW22no1OoQT12nmkNO2O10nni30RQVL0O100000001O01O010O1000010O01O00100O0001O00\PNN[o11dPNO]o11bPNO_o11_PN0co10YPN2ho121O2M^oQ1OTgZ_1
20160327133714Th_4,hUc[22_3Oeio00jRRO0O1100O010O1000000000QP20PPN0iPd20gP\M0oL2mRNNVm15dRNKam1<SRNETo1O1000\gZ_1
20160327133714Th_5,nZgT11oo10mPb15fn]N9N100O100O100O1000000O10001N100O100O100O1000000O10001O001O0000O2O0010O02N1O1O1O1O001O00000O101O00000000000001N1001O0001001O0O1O001O0000001O0001O010O0O101O00000000000000O100O10O00000100O1000O010000000O010000000O10000O010O100O1O0100O1O2N2N101N1O1O2O00003MWo]1Nmed^2
20160327133714Th_6,^Zin03[4NVg11]4O10eSb22Xl]M1O1O1O1O1O1O010O100O100O10O10O100000O1000O01000O1000O0100O01000O0O110M3O1O010O10O010O100O100O10000O100O1O100O1O2N2NCMPQN0Ro10>2N100YOKbQN6\n1McQN3]n1McQN2\n13aQNM^n15aQNJ`n16aQNH_n19d0000N3O0N2O1O@iPN9`o1O0000000000000000000O100O2O0O10000001O00000000000001O001O0O10O100001O00WOMeQN3[n1NdQN3]n1LbQN4^n1MaQN4_n1L`QN4an1K_QN5bn1K]QN5Wo1000O2O00001O0000000001O0001O00O2O1O1O000O100000000O11O01O00ANQQN1on1OQQN1_o101O000000oo70`oI0QQL0Po10o00@00010O01000O01000oo30QPL00001@OoPN1`o10@OQQN0Po10PQN0on10QQN1nn10RQN0mn10TQNOln12TQNNln11a00dPNOkn11b00bPNOmn11RQNOon12oPNOQo12mPNNTo12lPNNTo13jPNMWo13hPNNWo13hPNNXo13gPNMYo13gPNLYo15gPNKYo18dPNH\o1=100O1O2N100O2N100O2N100O101N2Omng2OffP[2
20160327133714Th_7,gZSS12no1O_QV21`niM1M4MOZPNLfo12]PNNao13_PNMao117010O0O2O1IL`PN4bo15OO2O1O0K6O10O0100O010O1000O10O1000O010oo1000QPj00_PX10aoWN0PPD00000000000000000oo10QPN0no70RPH0oo70hoW10XPbN0QPN00000`PN0Po10oPN0Ro11lPNOUo11=0]PNOWo12gPNN[o11ePNO[o11dPNO]o12aPNO`o10`PNOao11^PN0bo10^PNOco12[PNOfo11YPNNho151N2OWoQ2NkPnM0YeV^2
20160327133734Ch_1,QTic13V6O_c10c\NO]c10f[Z20cjeM2M200O1O100O1O010O1O101M2M210N00N2020N11O010O0001O000010O10O000010O000O011O00000010O010N1100O00010O01O00001N1O110N100010O10O000100O0000100O00O110N1000001O0O2O000000001O1O00010O000100O1O1O10O01O1O010O01O00001O0000100O0001O1O3N0N20L4O000100O1O10000O100O10O10OO2O1O0O10100O0000100O01O1O1OM3O101N100O2O1L7K2O1O1O10O1000000N3O0O1O1O1O1O1O1O1O100O010O10O0100O001O1O10O1O0010O010O100O2OO01O1O1O100O00010O1O01OO2O01O01O1O1O2N2N2M2O2Mon[2NUQdM0okji1
20160327133734Ch_2,gYoV21mQX10PniN3M2O1O1O100O01000O010O010O010O01000O0010O001O0100O010O10O010O010O010O01O100O010O0010O010O0100000O10O10O10O10O0100O1O1O00001O0O101O001N100010O01O1N100100O1O2N2O002N1O1N10O10O100O1O100O1N2O1O3Liefa1
20160327133734Ch_3,iZST12no1OWQf10jnYN1N2M2F:O1O1000000O100O100O01001N1000000O011N100O10000O10000000001O1O000001O001N101O1O2N1O1O00G^OUQNa0Uo100O101O00000000O10000O101O00101N2OO5K001O1O000000000000000001O001O0O101O00000000O10000O010N101O1000O010000O100000O1000000N2dPN@Vo1b0jPN^OUo1c04O0100O10000000O10O0101N1O100O10000000000O1O100O2N1N201N1O100O2O001NYoc1OPfb]2
20160327133734Ch_4,VUaV23mo1OgW:O[hE0hnS10ZQjN0io11ZPNOdo10^PN0ao10`PN0^o11cPNO\o11ePNO[o11ePNO[o10ePN0[o11ePNO[o11ePNO[o10ePN1Zo10fPN0Yo10gPN0Zo10fPN0Zo1OfPN1Zo10fPNO[o10ePN1[o1OePN0\o109000O20O\PNOZo12ePNN\o11ePNOZo12:O\PNO[o11ePNOZo11gPNOYo11fPN0Zo1OgPN0Yo11fPNO[o10:1[PNO[o10:1[PNOZo11gPNOWo12<0O0_PNNUo13;0`PNMTo13<1`PNLTo13<1`PNLTo13mPNMRo14nPNLRo14=0`PNLTo14lPNLUo12<1_PNMUo13kPNMUo12=0^PNNVo11kPNOTo12lPNNTo11mPNOYk16lWNKah18]WNHch1:\WNEdh1<_31N1]TNBeg1`0l31O1O0_TN^Oeg1a0\XN_Oeg1`0n3O^TNAdg1?]XNAcg1>P400O]TNCeg1>o3O01XTNBmg1>QXNBPh1?oWNARh1?mWNATh1?g302MPTND]h1<c30`SNE\i1:cVNG]i1:bVNF^i1:bVNF^i1:bVNF_i19bVNF_i1:`VNFai19_VNGbi18QVNIgMNYl18oUNK]j16aUNK`j15^UNKcj17[UNGhj18XUNGij1<]21N01O01O01O0001mRNCaj1`0[UNDcj1=[UNCej1>[UNAfj1a0WUN]Okj1f0RUNYOPk1g0WTN\O_l1d0]SN_Ocl1c0`RNWO:;Wm1a0[RNZO77^m1a0XRN]O43fm1d11N2M3M2O2M3L4M5L9Ga0^O8Gggb_1
20160327133734Ch_5,gUoZ22]4OPhS10`SnN10O1000_PT20mQ`N5]m[O3NJ`PNO]o12fPNMcn10iQN0I1]n1OiQN0L0_o10do=0nnA0Rjh_1
20160327133734Ch_6,[lZh02g1O]O0\la02aR^O1fo16O4N0N4L7I3M4LSOWQNd0To1O1O1N3M3M2O1O1O000000O010001O00O1000O0011O3M2M201bPN@Xo1d01O2M2N1N3N1N2M4N1O1O00XQWT3
20160405014154Uh_1,`[og03[50Te1O_5ObTn12\kQN4L1O2O0O100N2L4N2M3O1O1O10O010000O0100O10O1N1O2O0010O100O101O000O100O10O01O100O1O01001N100OL_OlPN`0Qo1CoPN<Qo1FmPN;So1801000O1000O010O000OGQQNDon1<:010O0001O01O01O0O2O010O0010O10O10O1000O100O101O0O1000\OFbQN9]n1KaQN5]n1NaQN3^n1NbQN1\n13cQNM\n14cQNM\n14dQNK[n17eQNH[n18fQNHYn19gQNFYn1;gQNDZn1;gQNDYn1=hQN@Yn1?d01O0O101N2O100O1O1O01N101N10001O0010O010O01000O1O10O010O01O010O010O00100O010O010000O100O100O1O101N100O2O000O2O001N10001O000O101N1O100O1O101LonQ20TQnM0`dlh2
20160405014154Uh_2,dllo01UPh00ioYO9YPNHVo1b0O000001N1O1N3N2N101N20O01O00001O000000O10000000000O1000000000000001O000001O0000000001O00000000000000010NPSmk2
20160405014154Uh_3,UWaa11oo10hPP17PooN100O2aPNFVo1:iPNIUo18iPNJVo17gPNKYo1>0000001O0000000000000O10000O100O101O0O100O1O10O01O0010O001O1N1001O0001O01O0100O010O0100000O1000001OO1000O0100O1O2O0O101O1N10001O001N10001O001O0O2Naom0O\iZV2
20160405014154Uh_4,][bW14a5Nhd10mWh1;YmWN5@`0N1O1O0010O10O01OIRO\QNP1bn1710O01N2nN[QNi0fn1UO[QNj0gn1TO[QNj0fn1VOZQNi0gn1XOWQNh0in171O00100O010001O001N1O2O2M1O3M100O2O01O01O100O100O13M6I2N1N2M3N2N2N2N101O2N2M2O1O1N2O001O1000O101OO1000O0100000O2OO01000O001O10O000001O010O10O100O110O2M3N1kPN@fn1n000O4L10O01O001O1O2N002O2M205N0L0002bNlQNk0Wn1lNoQNT1_n1O0N4N2N5K102OO2M02M3M2N4L3M3Make1H[igZ2
20160405014154Uh_5,TnTZ31\Qn02`nSO4L6J2N1O2N1O101N1N2O1O2N1O1O000O11N2UOPQNe0Xo1M4K2M3O2O00HIgPN7Yo1KePN5[o1LcPN5]o1LbPN4_o160O1000000000000001O0O100OLdPNF\o186001O1O1O1O100M3O010O01O01O01N1O101O100O100O1O2M1O3JbQ_`0
20160405014154Uh_6,ldbk13`P`05XoA3M5K2N1O3N3jPN^Ohn1n0OO2O1O101M3N2O3L2N2O1N1O1001N1O6J8I2N2N1O0000O4L5J6J4K4J5LSXcQ2
20160405014154Uh_7,[U]_12no1ORSZ30ileL52N2M[P20goM000000000000000oo10QPN0[o10YQL0hn10XQN0hn10WQN0jn10VQN0jn11UQNOkn11TQNOmn11SQNOmn11RQNOon11PQNOQo11oPNOQo10oPN1Po10oPN0Ro1OnPN2Qo1OoPN1Po1OPQN1Qo1NPQN2_o1O0001O0001O0000100O0100O1000O1000000OQP20oo10PPN0PPN0B0nPN0Ro10mPN1So1OmPN0So12lPNNTo13jPNNVo12jPNMVo14jPNLVo15iPNKVo16jPNJVo17hPNIYo17gPNIYo17gPNIXo19gPNGYo19gPNGYo1:fPNFZo1:ePNG[o1:cPNF^o1>O10O1000000000O10000O10O0100O_OdPN`0\o12O010000O100000001O0O10O100000O010000O1O1N3M2O10000O10O100O100O2O00000O10O010000O1000O010O1O1O100O0100O10O01O1O1000O0100O100O001O1O1O0O2O010O01ICfPN10=Zo15100O0010O010O01O01O10O1000000O1000000000O1000000000000001N1000000000001O0000001O000001O0000O10000000001O001O4L1N3N002Mmnk2OjkTi1
20160505025554Uh_1,[lZW32^2OQk10PSP13YooN7M2N3N10OO1O200O02N0000000O0100O101O1O0O10O01O0010O001O001O1O010O010O002O1N10010N10000O000001O01O001O001O001O010O01O10O01O10O001O00001O00000001O00001O0001O000010O01O0O2N2O2MRno0NfUo?
20160505025554Uh_2,icn\22no1OVQ`1=]n_N2O3L2NKhPNEWo1:kPNFTo1:mPNDTo1;80100O1O010O10O01O001O00100O00010O0100O00010O010O010O01000O10O100O01000O10O10000O01000O01000000O02O00001O1O00001O001O1O1O100O1O1000O5L1N101N1O10O0000000000001O1O000001O100O001O00010O00010O01O00101N1O100hPNIfn17WQNMgn16UQNMjn1f0OO1O1O2M3M2N3M3K=@Xn]10U^mV1
20160505025554Uh_3,Ynfb01YQV13cnkN1N1N2O2M201N101O0O2O0O2O2N1O2N00O2O0O3^OePN;`o101O0001O0O10000O100O10000O2O01O01O01O001N2O1O1O00O01O010O010O0100000O01000O00001O00000001O000O1O1O1O1O1N20000O01O1O1O1O2M3N3N3Kfoo0NVRgT3
20160505025554Uh_4,]`dR12Y3O[i10[30hPZ26QoeM2N3N2M2O1O1O1N2O1N1000000000000000O3N1O1O001O1N101O00001O000010O100O010O01O010O0010O0001O0000010O01O1O10O0001O010O1O000010O01O01O001N101O001O00010O0001O100O100O1O1O00001O000000010O0001O100O001O1000O010O0010O0000kPNGdn19XQNKgn15TQN0mn1ORQN2nn1`0010O00010O000001O0001O0TORQNg0So100000000O2O00000O1000000000000000O10000O100O100O1O100O100O10000O2O00000001O000000001O00000O2O000O2N101N1]OlPN9Uo1Fd0NQnY2OdaQ[2
20160505025554Uh_5,o[fi12no1OUQb13_n]N:N2O2M101O1O1O0100M3M2O2O1O1O1O01000O01000O10000000000000001O0000001O0001O1O002O1O0O00100O00101O1N2O1O1OO10O00000001O010O1O2O0O10O010O0010O0100O00010O001O001O100O1O00001O01O1O001O1O10O0100O010001N1ePN^OWo1f0O1O010O00000000O2N3L3I7N2N3N2MWn_1NmeYj1
20160513133714Th_1,Q_^l04c6Ndb11^]NNbb10h60VQh22gnWM3M3N002N1O002N010O001O1O001O011O0O100O010O01O1O1O100O1000O12O0O00O101O1N1O2N100O2O0O2O0O2O1O1O1N011N0101N1O1O100O1O002N001N101O1O001O1O001O0000001O0O101O0000001O0O2O00001N10000000O10001O1O0010O01O001O1O002N010O010O010O01O0100O010O0010O0100O00100O010O010O1001N10000O100O0100O01000O0100O11N001000O10O00010000O0010O01O100O10O10O2O00000O1O10O11OO4M1N01000100OO3M2O00001N0115I14M1M03OO011N2NO02N010O100O1O1O1O01O00000O1O1O101O0001OO100O1O2O000O101O00001N101O1O2M3Ndja2JbU^M000o`[_2
20160513133714Th_2,f\kl22Z2OZli06RQXO5L4L5L2N2M3N100O2N1O1O1O1O1O1O101O0O2O00101O0O01O001O4L3M6K002M6J100O1O3N0O1O001O000010O00010O1O0010O01O01O001O2N2N1O1N4L]a^n0
20160513133714Th_3,Y_Rl21T20]lg04XQZO3N2M3M3N10001N101O0O2O0O2N100O11O010O1O100O101N1O10O02M201N1O2O0O100O10O1O10O0100O100O102M2O1O01O1O0O2N2N1N4L4JT_co0
20160513133714Th_4,Pb\o02e2Ojkg02WQZO<F7L4M3N1N2N2O1O1O1N101N1O2M3N13M010O1O2SOZQNE1c0Zo1N2O0000001N100O101O0O1000O01O00010O00100O001O001O0000001O001O0O4Lj[]l2
20160513133714Th_5,nPo93;O05KM1OMO17LI30M00b01_O;k0NUOXke04aTZOM?112Xm1T1dRNTOUm1P2K3M2N3N2O0O101O0005L5J2N2OO12O0O2N2O0N4M2N1M3N4K4L3L4M5K5K3M3N1O1N2O1O0O2O0O2O0N3O0O1O2N1O3M1O2M2NhjRb3
20160513133714Th_6,fhR`01WPd03eo]O1O6I2O1O1O1O100O1O2O001O3N1NO010O1O1O001O1O0O2O0O10O001N10O2O1O1O1O1O10OO2O0O101O010O0001O0100O2O2N3KnVQ\3
20160513133714Th_7,ZijR32iQh03PnYO3N2N100K5M201_OB_QN?`n1B_QN?an1A]QNa0cn1_O\QNa0en1_OYQNb0hn1]OXQNb0kn1\OUQNa0Wo1L4O100O1O1O1O10O01000O010O000O1N20000001O00000100O101M2N1OKiPNDWo1;7000001N3Mfo?IYWUh0
20160513133714Th_8,f^jj23d5Ndd11lVj15cnUNO3N100O1O1010O10O01O10O100O002Oj00VO10O01O010WOOaQN1`n1O`QN1`n10^QN1bn1O]QN1dn1O\QN1dn1N\QN2en1OXQN3hn1MXQN2kn1MSQN4\o10CLoPN3Ro1MmPN4So1LmPN3So1NlPN3To1MlPN2Uo1MlPN3So1MnPN2Ro1OmPN2So1MnPN3Ro1MnPN4Po1LQQN5nn1KRQN7kn1IVQN8in1HYQN8dn1H^QN7an1J`QN=Xn1ChQN=Xn1DgQN=Xn1DgQN;[n1DdQN=]n1CaQN?_n1A_QN`0an1@]QNb0dn1_OXQNc0in1^OQQNf0on18O2NO0O2O\QNQOVn1o0iQNROWn1n0hQNROYn1m0fQNTO[n1k0dQNWO[n1j0dQNUO^n1j0bQNVO`n1h0_QNZObn1e0]QN[Ofn1d0YQN[Okn1b0SQN@nn1h02OO1000O001O001O000O2O00001O01O0101O0010O0000001N10001N0100O2O0O2O0O10001O00O10O2O0O10000O010O0001O0001O0010O000010O00000O3N1Meke1BkTZN00000Zagh0
20160602010754Uh_1,n]om11YPn03boSO7J2M2O1O0010O010O011O000101N1O0000O100O1O00100O1O1O010O001O01O000001O0001O0000000000000O10000O1001O00000000000O100000000O2O000O1O2N2N2NRahl1
20160602010754Uh_2,\dZR11_Pd01^o]O4L2O2M2O1N1O2N2gPN_OQo1b0mPN@Qo1h00O01000001O00000000O2O0O2O1N1O2O001O01O00101N0001O00001N1O1O10O1000O10000N3H9KU[mi2
20160602010754Uh_3,ncTj11aPf01\o[O2N2N1O2M2O2N101N101O001O100O01O1O10cPN@Zo1>ePNFXo1a0100O0000001O00001N001O100O0010O01O10O1O100O1O2N2O0O2O0O2NDnPNLRo11RQNOln10WQN0hn1N[QN1en1O\QN1cn1O^QN1an1N`QN3^n1NcQN1^n1NbQN2^n1MdQN2\n1NeQN1\n1MfQN1[n1OgQNNTZ[Q2
20160602010754Uh_4,Q^Xf05T5Lbe12W5O1O10XQ^33cnaL3M4N0O2O0O2O1N1O3N001N2O1N2O000O2O1O3L3N2N001O001O000000O100O00100000001O000000001O00001O001O1O0000001O00001N101O1O1O0000001O010O000000001O001O000O2O00000O10001O000001O001O0010O00001O00010O000002N2OO02N001O010O000010O00000010O001O010O100000<FiNXQNQ1ln1O1000O001O00010O000001O1O1O1O00001N2O001O00001N1000001O00001N100000001O000000000000000000000001O00010O001O01O100O1O010O1O01O0001O01YQN_Onm1`0QRNBnm1>QRNBPn1>PRNBPn1?oQNARn1>mQNBTn1?kQN@Wn1?hQNBXn1?gQN@[n1?cQNC]n1=bQND_n1<_QNEan1;^QNFcn19ZQNJgn16WQNKin15TQNNmn1b0001O00001O00000000000O10001O01O2N100O0010O0001O1O1O010O1O001O1O1O1O100O1O010O2OO0010O01O1O1O1O1O001O000000000000001N1000000O100O101N100O2O0O2N100O2O0O2O1N2N2DdPN1_o1Iglc30gS\L000oa[`2
20160602010754Uh_5,i`XW12gQP2OXnQN10O00000000000000000000000000oo30QPL0ln;0PR40To_O0O1O001J55Kl]Sd2
20160602010754Uh_6,cPQ<1XQf05]n[O7L2O1O1O1O100O010O0000N2O10000O100O100O10010O00001O1O01O010O01O010O01000O2O0000001N2NRo``3
20160602010754Uh_7,`]bd11oo10jPV11SoiN4N001N2O001O010O001[PNI_o1=O001N110OO10000000000O1000O01O1O1N1O2O100O10O10O1000000000O10O1000000O100000O1K5N2001O1O1N4M000001N100000O0100000O010000O0100O01O0100O010O10000O10000000000O100000001N101N1O2MTbmS2
20160713133714Th_1,YV_V32l3OVkc06cP^O7J6J2M4L21N2O1M2M4O1O1O10O10O1O01O001O2N00O10O2O001O001OO2N101O001000O100O1O2O1OO0N4M3N1N4IYine0
20160713133714Th_2,RfjU13l4OSf1OlUR16nnmN1N2O1N10001O00001O001O00001O000001O000001O00100O1O00101N010O101O1O2M4M3L3O<C3M2N3M3M2O01O1O01O01[NQRNX1]n110M1N20OO3M2N2O0N3N1O1N101N100O0O2O1O2N1O001O2N1O2N1N3MSlo0IS^Qb2
20160713133714Th_3,dgjg12i2O[j10jSn0:enQO4M3M2M3N3M2N2O1M3N2N2N101O1O1N102KdNbQN]1`n100ROfQN7Yn1EPRN7Pn1GRRN8nm1GTRN9lm1DWRN<hn1N0100001N1O2O1N1O100O00100O01O01O001O0000000000010O0001O000000001N101O00001O1O000O1000O101O0O102L3N3MVV[R2
20160713133714Th_4,heZW22`P>2[oC3N2N1O2O0SRNJnk18oSNJPl17nSNJSl17jSNJWl17eSNJ^l16^SNLcl16WSNLll17mRNKUm15gRNM[m15_RNMbm17URNLnm1R11O3L4K6J5J8F9DiXgf1
20160713133714Th_5,agln06a:Mi`k0c0dSVOh0^O=E8I6I7J6I7I6K5L4K6K4K4MjMjTNGSk12[UNJaj15iUNGSj18TVNEii1:]VND_i1<fVNDTi1=RWNBfh1a0_WN@[h1?kWN@Qh1?TXNAhg1>^XN@`g1>eXNBWg1>nXNBnf1>WYNDbf1<bYNFWf1;mYNEoe1;UZNChe1=]ZNA`e1>gZN_OUe1b0R[NXOjd1j0^[NnN_d1X1o44O1010N2M3L5I6L4N3N010O1O2N2O1O2M2N3M4JjVgl2
20160713133714Th_6,TPWf16];MmX1Og]^12fmaN6J6O03N0O000O1O1O1O1N2O1NRP:NQPF3L5L2O2N1N2O001N10001O1O00100O10O20O01N100O100O01O01000nRNG[j19aUN9Rj1FkUN`0Sj1AiUNd0Uj1\OhUNg0Xj1[OcUNi0\j1XO`UNk0`j1UO\UNP1dj1POYUNS1ej1nNXUNW1gj1jNUUNY1jj1DVTN`0kk1k1N20`NUTNiNjk1R1aTNhN`k1R1nTNeNRk1Y1PUNgNQk1U1RUNjNPk1Q1VUNmNlj1n0XUNQOjj1i0[UNVOej1f0_UNYObj1c0dUN[O\j1?jUNBVj14SVNLoi1NUVN3li1EYVN<fl1O1O2N1N3N11O1bPNBXo1f0L5L4L?@5L3N7G6K4L2M2N2N2M201OO101O2M2N3RNhRNo0]n1G8I5J3M3L4Lff\Q2
20160713133714Th_7,bjTo04`6NWfa07dR@I[QN9[o1H3N_ne0m0POSOiUXO0Ti11PWNOkh12XWNNdh13_WNM]h15d33N2000O4LQP2MZTim2
20160713133714Th_8,bgVg12no1OnQb20XngM0`o10\PD01000O00000PP20PPN0O00010O010O00000XP20A0WPN0XPN0`o108000YP20^oM0YPn01XPPO0^o11`PN0`o12]PNOco1610O100000O10O100000O010O10O01O1O010O100O010000O010O10O10O10O10O10O01O010N2N1O1O2O10OO2O00010O0O100O0N20M5IbPNKao1NZo_1NaYkk1
20160713133714Th_9,Rn^e17l`00jm0KaROOZP[2:Q^fM=`PNAjn1n0K3N1O1001O1O1O`QNhNZn1V1eQNkN\n1T1bQNnN_n1Y15K1O00100FXQN[Ohn1c0[QN\Ofn1`0_QN_O`n1?bQNA^n1>dQN@^n1>cQNB_n1:cQNF^n18bQNH`n16aQNJ_n14bQNL_n13aQNN^n12cQNM^n12cQNO[n11eQNO\n10eQN0Zn11fQNN[n11fQNOZn11eQN0Zn12fQNM\n11dQNO\n12bQNO^n11bQNN`n11_QN0`n11`QNNan12^QNNcn11^QNOan11_QN0an10_QN0an10_QN2_n1MaQN5^n1KaQN8_n1FbQN<[n1DeQN=Zn1ChQN=Un1DlQN;`0C]l12SSN=:Ahl12nRN[1Tm1dNmRNY1Vm1hNkRNT1Wm1lNfSN4^l1Mj1O20cRN2ej1NVUN=dj1DVUNj0bj1UO\UNm0dj1TOXUNo0ij1QORUNU1nj1kNmTNY1Tk1gNfTN^1Zk1aNbTNc1_k1\N]TNj1ak1VNYTNP2hk1PNnSNk1AWNbl1OgSNj1KWNbl1M[SNm18UNcl17VSNO]1JTn11O20O01cPNKkn16VQNJhn17YQNKB?\n1HZRN;^m1FgRN;Sm1FQSN:jl1GeSNMWl13nSNNmk12VTN0dk12cTNJWk17oTNGkj1<YUNCaj1`0aUN_O\j1b0fUN_OQj1g0QVNZOji1h0XVNXOdi1i0^VNWOai1j0`VNUO^i1m0aVNTO^i1m0bVNVOZi1l0eVNVOYi1l0dVNZOYi1CaTNc0T21ni1GTTNMo0>mj1h0jTNZOYk1MlSNGd0=Pm1\OjRNg0Xm1WOeRNk0]m1TO_RNo0am1RO[RNP1em1f04M001O22N2M1O1N004N:E00N2N2N1O1N2N2O1O2M2O1N2N200L3O4K3M5J5K9G=\O]SZ2Mf[eM1Vcml1
20160713133714Th_10,ceXV22`3O]iY10RSjN:foML_PNJ`o159M1O\PNOYo11<0]PNOVo10hR40ek30iRF3^O3^o11TQNI\m10fSN0[l10m10cQN0gl10TSN0Rm10hRN0bn11M0M1ZXgf1
20160820233134Lh_1,ob^j02]130LQle07XR\O3O1O1O1001O0001O01O00O101O2N2N00O1N100O11O0010O01O1N4N2M100102N02M0005K1N1O13N1O0O1O0010O2N1N2N10001N1O002M3MfZ[Q3
20160820233134Lh_2,jenk22l3OUh10PUb15fn]N5K4K5N2M3O000O10000001O000100O1O1O100O1002N1O3M1O01OO100O100O100O0100O10O101O2N0O100O10O010O010O10O010000O1O010O010O100O100O10001O2N01O000O1O1O1O1O1O1O1O100O010O01O00000010O0000001O001O00001O0001O10O0001O10O0100O01O010O00001O001O1O01O010O10O01OO2O1MPm]1I_]ag0
20160820233134Lh_3,o]TT22dP<2VoE4M2O0O101N1O1N4N3O2K4L5L2M4M2N2M2O00YO^QNObn1OeQNMZn11TRNBnm19o0O1O3Mfaki1
20160820233134Lh_4,dfTZ12P2Omk10RSP14inoN4M4M2N1O1O100O101N101O1O00000O10O10N1O1OH90010000000000000O10O1kPNAin1>WQNGen18\QNIcn15_QNKan14_QNNan10_QN2an1L^QN7bn1G_QN9So12O001O00000010O2O0O1O0001N1000000010O01O1O001O0000O011O001N2O1N2N2N2O2M2O2Manm0NnZm]2
20160820233134Lh_5,TiPU31kVoj0
20160828133734Ch_1,Wc`j12_30nh1OYTn06QoQO6K4L7J2N1O2O0O010O10O1O2N3M2O0O2O001N00100O100O1O010O01O010O001O010000001N001000O011O0O10000000O0100O10O101N10001OO20O01O0001O01O00000000001O00000O1O1O1N2O1O1O4KmYYo1
20160828133734Ch_2,\_\l12no1OhQZ14TneN3M2N2N2N101N2N2N100O1O1O100N2O001O1O1O001O1O1O1O100O1O00F[QNYOgn1f0900O2O0010OO200O010O10O1000O1O010O1O1O010O1N20O01O1O0010000O1O01000O010O10O100O01000000000O1000000000O10000O10000000000001O00000O1000000000O101O000O2O0O2O1N2N_o_1NXaWh1
20160828133734Ch_3,ifRQ23m4NRf11o400O10aQ\40]ncK2N2L4N2O100O1N110O1000O01000000O10000O100O1000000O100000000000000O10O100000000O10000000000000000O100001O00000001O0001O00000000010O0000001O0001O0001O0010O00010O010O00001O00010O0000010O00001O010O00001O010O01O010O001O010O0001O01O01O01O00000010O0000001O00001O00000000010O0000010O0001O01O001O010O00100O2O0O1O001O010O010O010001N1O010O0000010O000001O01O0000001O01O01O00000010O00000001O0000000000001N10001O0000001O00000010O0001O01O000010O0001O010O001O00010O000010O010O010O10O01O010O10O010O01O02OO01O010O0010O01O01O010O0010O01O0100O0010O01O10O010O01O010O0010O010O0100O010O1O1O01O01O0010O012N1N2N010O010O014K10O002N001O1O000010O0001N101O001O000010O01O00001O010O1O1N2O0O2Ookk3LUTTL000WY]Q1
20160828133734Ch_4,halQ32S3Ogi10RTb13on]N7H2O2N1O1O1O10O010O01000O010O10000O1000O010000O101O0O1000O1000000000010O1O100O100O00100O10000O010O10003fPN\OPo1k0000O1O010O1O1O001O1O010O1O001O10O01O1000O100O100O0010O0100O101N101N6K000O0100O1O1O1O0O20O00O2O0001O01O2N2N1O001O010[OiPN?]o1O1O1O1O1O001O1O001O1O001N2NamW1McRhN00000X^Qc0
20160828133734Ch_5,P\[P22Y3O[i10PVn06RmQO4L201N10000001O0O2O0O2O0000001O01O0010O01O01O01O10O010O0000000001O000O1O100O100000O10000O1001O0001OO11O000000000000O100O1000O1001OO2O001O1N2O2M2O_oi0LfdXh1
20160828133734Ch_6,famc12\Pd07Yo]O8I7J4K2O2N1O9H1N001000O001N1O2N2O2M2O2N2N1O2N1O0000000001O01O0O101M2O1O2O0O0010O1001M5L[]dX2
20160828133734Ch_7,UlRa12]3Oik;2QQDNXo1`0N2O100O0]N]OiSNd0Sl1JbSN8\l10]SNNfl14VSNKnl18lRNGWm1?_RNCem1Y14M4K5M6J3L7I5K5J5K5K6IQRQ]2
20160828133734Ch_8,dkhe01jP>4PoC1O2O0O010000000O100O1O1O0000O100O100010O00000N2001O1O002O0O1N2NWTgW3
20160828133734Ch_9,ki\T23d6OQdi03oTXO:DBjPNf0Xo100O1O0001N2O2N20O1O1N2O1O1O1O1O0000001N11O00OXRNMdk13VTN8ek1HYTN`0ak1A\TNd0`k1]O^TNk0QOfNkk1a0QUNP1jNeNRl1=RUN[1lj1iNPUNX1oj1mNhTNX1Xk1lN[TN0K2jk1[1\TNaNfk1]1\TNaNek1_1[TNaNfk1^1XTNbNkk1^1kSNjNYl1[25L4K:E:G4K6E:I`NWNUUNd1mj1\NVUNU1Tm1[Oh0@VSag1
20160828133734Ch_10,bjZU23i5Neeg00kVL1jm]O2O4MK2210OLWN0e11MOQ15lNO\PNOPm1M\UN1hn7O`kM2^SLOoo1OmoM0^Q20ZPcg1
20160930165914Mh_1,`hPQ32cPn01YoSO3I6L4N3L3O001N1001N100O2O0O100O100000001O001O00001O0O2O010O00100O01O01O01O00000001O011OO10000O101N100O1O0010000001N10000O100O3N0O10O0001O1N3Iink00lXgg0
20160930165914Mh_2,l`jh06Y:MU[13kdNMU[11odNMQ[12_:O1OjQb41Un]K3M1O3M102N001O100O002N100O002O0O101N2N0010000O10O11N10001O0010O0O010O1O100O1O1O10001N1O10O11OO101O0O2N01001N3N3M1N2OO1O1O10O01O1O100O1O1O2N002OO10O10O100O101O1N3N2N0O2OO10O1O10000O2N4L3N0O10O01O10O1O00001O0010O0001O1O00001O101N1O1O00001O100O10O01O10O11N0010O10001N01000O000100O00010O1O1O10O0100O01O0100O011OO001000O001000O010000000O11OO11OO2OO11OO1O010001O2M8I1N010O10O1O002N001O010O00100O001O1O010O1O001O1O001O1O002N1O10O01O1O001O1O01000O010000O10000O10001OO020N0100000000O1000O01O10000O1O1O01O10000O02OO11N100000000O1000O001O1N101O1N1O2O1O0O2N2O001O001O1O011N010O10O10O11OO10O10000O1O10O0100O00000010O010O0000001O010O00001O10O1O00100O010O1O001O10O0100O1O10O1O0000001N101O0O100000001O0000000000000000001O000000001O1O0000001N10000O2O000N3NagQ4LdXnK00001O0T_eV2
20160930165914Mh_3,Ygml12l2OUj10n200000ZQT43cnkK1N2N101O0O2O1N10001O0O2O1O001O1O1O001O1O1O100O00100O1O010O00010O0001O01O001O10O01O00100O1O2OO01O01O01O000001O01O000001O0000001O0001O00000001O000O100000000000000000000000000000000000000000000000001O000000000000000000000000000O10000000O1000O10O1000O10O10O1000O10O100000O0100000O0100000O10O10000000O10000000000000O10O1000000000O100O1HlPNDSo1<oPNBRo1>oPNAQo1>QQN@Po1`070100000O1G@RQN?nn1CPQN>Po1DnPN<Qo1FmPN;So1900O10000000000O100000O0100O100000O01000O10O010000000000O10000000000000000000000000000000000000000000000000O1000000000000O100000O10000000O1000000000000000000000000000000001O00000000000000001O0001O0000000000000001O000000000000000000000000001O0001O01O0000000001O01O0000001O010O2N2N001O001O00000000000O101O002N001N101O001N^QNEcm19]RNGdm17]RNIdm16[RNKfm13[RNLmn1000]me30cRZL0000000000000\QN1Wm1O]1000gXdT1
20160930165914Mh_4,ZoVP31]Pb00`o_O6L1RQNLmm16PRNMPn13nQNOQn11mQN2Sn1MlQN4Un1LjQN5Vn1JjQN6Wn1JhQN6Yn1JfQN5[n1LdQN3]n1NaQN3_n1O^QN2bn11YQN1gn1e00O00001O000001OO1O1OM12N2O2O1O1L3L5O01O2O0O100000AjPN3Wo1LlPN2To1MnPN2So1LPQN1So1LkP]l0
20160930165914Mh_5,l[Qi01oo10jPb10Po]N<J4cPNAQo1i0M100000001O0001O0O10001O0O2L3M4N100000001O000001O001N101O0000001O000000001O101N001O000000000001O01O00000000001O00000O2O000O100O010O10000O010O1000O01000O1O001O1O1K5L4M30OO2O100O010O01000O01O100O1000O1000O1000000000000000O1000000O2O0O1O1O1O1O2N1O10hcZm2
20160930165914Mh_6,j`Sm11W20`k10PTh12UnWN2N2O000O2O00001O0000000O100000O01000O10O10O100000O01000O10O010O01O010O01000O01O10O0100O010O010O01000O010O1000O0O101O001O0010O0100O001O1O10000O01000O10O10O10O0100O001O1O1O01000O10O10000000000O2O00O2O000O10000000000O10O1000000000O10000O1000000000000000000001O3M2M3M3M3M1M\ok1MP`fd1
20161015144954Bh_1,Ug^l22no1OYQP12bnoN8H5L3O1O001N100000O002O0000001O0010O01O10O1000000000000000010O001O0100000000O2O00000001N10O11O001N01000000O10O0100O10000O2OO11OO1001OO101O000O10O1O1O1O1O2M2O4KoV[m0
20161015144954Bh_2,YgfZ14Y7MYa11\7OnSZ27^lcMJfn1R1I>B5K3@`0K5N1O1M4M2O10O0O2VOQSN[NXm1b1c0M5L3N2M3M4M2N1O2M3L301N2O0O2O101O000100O100O100O10O01O01O1O1O1N1O2O1O1O10000O1000001O01O0000001O0000000000001O00010O010O2O0O2O0O100O02N001O1N101O001O0010O2O0000001O0001OO10O010001N010O01O010O00001O00001O00001O00000000000010O1O10O10O101N101O1O00001O00000O3N4K6K2N8iRNiNTk1\1ZSNeNo02gk1e1VTN\Nlk1d1oSN`N_OA[l1]2dSNUNO@]l1\31N2O1N2N3N3L2N2N2N2]N^SNDcl13gSNKZl1CoRNHm0b0Wl1A[TN;hk1A_TN6gP]X2
20161015144954Bh_3,jcnf04X7NZa1OoXR1;ommN8J3M4M2O1O1O1O011O0001O1O1O1N201N1O2N1O1N1O1O2N1O1000O1O100O001001N100O10O010O1O10O0100000O10O10001O001O100O001O1O010O1N104M2M010O0100O01O3M?B1N5K7I3M6J3M1O10O002O1N3YNdRNc0dm1oNhRNk0Zn1L3N2L4M4L4JSVSR3
20161015144954Bh_4,nbTT11bPl08ToUO3iPNEC0jn1a0aQND]n1?`QNB_n1a0^QN@bn1n01N200O10000000O02O00000001O001O01O010O001O00100N101O001O1O100O0O2O00001O00001O001N101N10001N2O0O2N1O2N2O1N2N3MP\Ug2
20161015144954Bh_5,_^\W22]2OSk10_20SQn24^nQMLiPN6Uo1MdPNOO5\o1;N3N100O101N1000000O100000O2O00000001O01O000000O1000000000000O100000000000000O101O0000000O2O0000001O0000001O0000010O0000000000001O0001O0010O0001O00010O1O000O2O00000O1000000O2O000O1000000O100000001O00O10000001O000O100001O00O1000000000000000000O100010O000001O0000001O000001O01O000000010O01O001O00001O01O01O00001O001O001O0001O0000001O0000010O0000001O01O0000000010O00001O00001O1O0O3N001O2N1O1O1O1N2M3Lcnc2OaQ\M0aaSV1
20161019133714Th_1,iedR22]4OSg10aU^12jnaN5L2M4M2N3N1N2O001O1O1O001O1N101O001O1O000000000000000000000000O100O2O001O010O1001O000001N2O000O10O100O10O00001O010N101O001O1O1O1O100001O0O10O1000000O1000O1000000000000000000O1000O010O010O1O00010O010O001000O01000O2O0O2OO100000O11O03M2oPNXOen1j0VQNXOkn1m02O2N1N3M2N5K;CjVkc1
20161019133714Th_2,ZdTe13_6Olei13eTVN3SO6nm14SRNi0im1j0N2M6J2O2M2N1O100O1O10000O10000O100O100O1O1O1O2N1O1O1N3N1O1N3N1N3M3N1N3OoNmSNUNRl1h1VTNTNik1k1[TNSNdk1m1_TNPNbk1o1aTNnM_k1Q2fTNkMZk1U2Y1O0O100O2N101N101O00001O1N100_O_RNcNcm1Y1c0N3M3N1O2N1O2O1M3N200O1O010O100O00100000O2O000000001N10000O2O00000O10O010N2O000N3O0O2O1O0O200N2O2M2O1N3M3M3M4Lkn[10m\on1
20161019133714Th_3,c^]o02dQd00Vn]O6L5L1O1O1O2O0O100O1O001O1N101N2O0O100O010O110O01N2O1N101O1N2O001O0O2N1O100O10000001O000001O1O2M2N4LQahl2
20161019133714Th_4,ib\\21oo1000lPn12PoQN3M3N100N2O1O100O100O001O1O000100O0100000O10000O100000000O1000000O10000000000000000000O100000001O000000000000001O0000000000000O101O000000000000000000000000001O0000000001O0000000001O000000000001O1O001O001O0000001O0000001O0001O000010O04L1O0010O000000000000000000000000000000O1000O10000O100O101N10000O101O0O101N10001N1O[o[2JlPdM0W]QU1
20161019133714Th_5,Y^]h12no1OQRV13kmiN4M4L1N200O1O100O010O10O010O01B@[QN`0en1BYQN>gn1DWQN=in1FRQN;nn1<0O100O0010000000O1000O100O1O100O10O1000O100000O1000O10000O00100O1O001N101M201O0010O1O10000O01000O1000O10O1000O10O01O01O01O010O010O010O010N2O1O1N2M4M2O1NcoQ1LZbPn1
20161019133714Th_6,Yj\U32V4Oah=;fRD;J4M2O1N2O2N3M3N101N1102OO1Ok0SO2O0O03L8H4L5L4L2L5L5L6I5K3L5K3IfRUh0
20161020145454Bh_1,]e^_22k4OWf10RV`17_n_N7L3M3M3N2O2N2N001O010O01O00001O1O000001O0O3N101N1O2N01O01O0001O0000001O001O001O001O1O1O001O0000100O100O1O01000O10O10O100O100O1O10O10000O100O11O00001O000000O010000O101N0011O01O01O000010O00000001N101O0000001O000O2O003L3N00000001O0O3N1O1N102M2N3M3M5K4Lok]1Jj^ST1
20161020145454Bh_2,bYQa12Y3O[i10mUX12\mgN1O1O002M3N000000000O1001O0001O000001O0000000O10000000O2O0000000O10O010000O100O01O10O010O0100O10O10O01O001O0O11O01O0001O000010O0001O01O01O01O0010O0001O0O10001O0O10O10000O100O1O001O100O10O2L3001O1O001OO01O11O0001O00O21O1N3HboU1NTgTT2
20161020145454Bh_3,n][Y21oo10]Pl00^oSO7M2O2N2N010O01O2O1O0001O00001N010O01O00000001O00000000O01O100O10O010O1O010O1O010O100O1O001O001000O01000O01000O10000O10O10O100000O100O1000O11N1O1O1O1O2Ojaj`1
20161020145454Bh_4,ZfZc12Y3Ooig05aRZO2O1N101N4M1O2O1N1000000O1O00100O1O010000000O101N2OO11N01\OnPN9Ro1CSQN<Zo1N2O0O1O010003L>B2O04K3N1N2N2N2N10001O1N10000001OO010O101N1O2N2NnVoW2
20161020145454Bh_5,UhnV32ZP:OioE>\o16K6XQNZOlm1n0iQNVOVn1[100O1O10Od0\O7I4L4L4L3M3MoUgg0
20161020145454Bh_6,P]Qk21WPh01foYO4M2N1O1O1O001O0010O00000000O0100000000O10O10001O00001O000O1000000000O001O1O1000001O00001O1O001N2O1O001O001N10dbfP1
20161104133714Th_1,]aho13k5OUd1OVWR25bnmM4M2N2N2N1O2O1O001O001O010O01O100O002OO010O10O1O1O010O10O011N1O10O10O010O11N]QN_Ogm1a0WRNChm1=VRNEjm1;TRNHjm19TRNJkm15TRNMkm14RRN0lm12QRN0nm11PRN1om11nQN0Rn11lQN1Sn1o0N101O00100O1O1O2N0010O0O1O1O2N2N1O1O2O0O0GlQNfNTn1[181N2M3003M4L2N2N2N2O0O1O1O1O1O010O01O00100O010O011N2O000001O100O1O2M101N100010N11O000O101O002M100O10O10O100O11N02OO2O01O010O000000001O0000002N00000000O010O100O01O100O001000000O2N001O1O1O001N20000O3N1N1N]lg1NjSVN0]n5O`QL0c^Ua1
20161104133714Th_2,SUQ`12_Pn01]oSO3M2O1O00000000001O0010O01O10O10O000010O00000O100000000O010000000001O100O00101OO02O0001O0O010O1001N101O0O1O2N010O102M3N<D2N01N100O2O0O4XOPQN7go1EihdZ2
20161104133714Th_3,kh^S31fPl06RoUO3L2O1O2O0O00O10001O01O10O010000000001cPNETo1;iPNHXo1?1O1N2O0010O00010O00010O010O01O2N10000O1O10O10O1O100000O010O10O01O0000O2M200L5M2OPVig0
20161104133714Th_4,a`^k21\Qb03^n_O5L10000O1O1N1O2J6N2O1O1O001O0M3O11N1000N3O0O03O0O101N1O2M3N2N2O1NLAjPN>]o1N1O2N3M1Ok^_Q1
20161104133714Th_5,b^aW21oo10aPP19TooN3N2O1O0O2O010O0001O001O01O00000000000000001O1O0000000000O010O10O0100O1O010O1000000O10O10000O1O10O0100O1000000O010000000010O01O1O001O1jPNZOPo1f0PQNZOPo1g0410O000@iPN7Wo1GnPN6Ro1HQQN6Qo1HQQN7]o1N3MWom0M[b^`1
20161104133714Th_6,n^Ze16_:NhZ1MY\P16XnoN4M1N3N01O0000O2O3M1O2N2N0103M1N010002M20OO2O1OO020O001O1O1O03M3lPN[Ogn1Q1N4L5L2N0O5K6K1O3PSNRNfk1X2dSNVNZl1k21M51O3MOZTNfLXO4fj1Q3oUNoLWO5nj1g2iUNTMWO9Tk1_2cUNXMXO<Vk1[2jUNhMVj1W2iUNkMWj1T2hUNnMWj1X2cUNhM^j1Z2^UNgMbj1Y2\UNhMfj1V2XUNlMjj1]OXUNd1MPOPl1m0nSNTOUl1i0jSNXOZl1d0fSN\O^l1?bSNBal1;aSNCal19bSNFal15bSNJ`l10fSNN[l1GPTN8Ql1CTTN=mk1\OYTNb0em1M4L3L5H_XmT2
20161104133714Th_7,U_Xe14i7MY`10ZYn01`nQO6JIaPN4[o1LiPN2Vo1NkPN2So1NPQN1on1OQQN1on10PQN0Qo1OoPN1Qo1OoPN1Po1ORQN1mn1Ob000000QP20PPN3M1OO101O0O11OO01000O20O02O0000RP4000noK0O0000100SSN0RMO_l12iUNOlMOll13i23M5O1O1<C01WP6OdoI010O00100\PN1To1:6JbQ4KhnK001O0O00001O6INiik0I[gWS2
20161104133714Th_8,eajg13m4Nofe07oS\O12K3MhQ26omM4L3IJlPNMin1OQQNOb00hmo0NdQRO002WPNO^o17hQ8HcnG0N2O1_PNNQo14mPNMSo13kPNNWo1<1N8FeZkT2
20161111133734Ch_1,YijQ13g4N^f10aX\17PlcN3N2M4M4L1NDjPN2Vo1MnPN0Qo1OUQNLkn14?1O2OO00K232N2O2dPNASo1a0lPNARo1`0oPN^OPo1d0PQN\Onn1f0411HlPNDSo1<6200O1O2O000O1001N1L4000010O000N3O0O11O10OO2N110O0010O010O1001N2O00000O01O0N3O00010O10O10O10O10IePNI[o15gPNKXo15jPNJVo15lPNITo18:O01O010O1001O0001O0]RNG_k19T20001O00000010O000001O00000O01000000O001O1O1O1000001N2O0O1N2O1L4N2O100O100000O2O0]OnPN7_o1Lonk1HSXg`2
20161111133734Ch_2,iijR11l20nkU20kQjM0Xo50nng00RQTO0c00^o10QPN0O100O0101OPP80ooG0N2^ONbP<0RPH0WP60joM0ioa00^og20PWY_2
20161116222134Lh_1,]di[12T40dg1OQUh1:knWN3L4N1O001O1O001O1O3M2N1O2N1O2N010O010000000000O1000O100O001O0000001O0O3N1OQO[QNc0dn1]O_QNb0`n1]OcQNb0[n1^OfQNb0Yn1^OkQN`0Tn1@mQN?Sn1@PRN?om1@SRN`0lm1^OXRNa0dn1O0010O001O0O2O000O2N100O10000O101O0O10000O10001O0O2O000000001O1O1O2N1000O010O1000O10O10O01O01O1O001O000O1001O00001O001N2O1O001O1O10O010O4L100O13L1O2O2M2O0O1O1O2O000000001N2N1O2N003N1N2N1O1O1N1Oglm1IaSRN0c[XW2
20161116222134Lh_2,[WWg12PRn0OjmSO8J3O1O100O1O10O00100O001O001O00O2O00001O100O0O11O01O001O001O01O01O01O0N3N10000O1000010O00010O001O00001OO100000000O1001O002M2N3NYhhS2
20161116222134Lh_3,`[oW12X3O]i10PVl13UmSN3O0O1O2N1L4K3002O01000O1000000O100O1N2N2O01O0010O0100O010O01O0010O0001O01000O1000O10000O10001N1O10001N1O10O01O001O10O100O100O100O1000000O100O101O0O100000O10O10O10O01O010O1000O1000O100O1O100O1O1000O00100O1O00100O10O01O1O01O010O001O001O1O010O001N101O01O001O1O001N20O0100O100O101N2O2M3LLOcog10dPXN0`dT[2
20161116222134Lh_4,Z^iR11XPd01fo]O2M4M2N3L2O1O1O00010O0001O101N100O10O001O000010O10O10O100O1O10O0001O01O01O00001O010O1O10O01O0000100N2N2Nf`Xi2
20161116222134Lh_5,\[]W12_3Ooh11`3OdRf21YmYMO\Pf00foYO1O01OQP2000mo90SPF0PPN000PP40QPL0000000000000QP60no30PPJ0PPN00000QPN0^om00_P@0PPJ0QPN0oo=0WP<0kooN000no11RPNO0010O10O0100O010HO`PN1`o12\PN0co1610O10O010O100O10000O100O10000O10O101O000O1000O0100000000O1000O1000000000000000010O000000001O00000000O0100O100O2N\oS2MhPlM0ddXW2
20161116222134Lh_6,bVWg12]3ORlo00`PRO1O00O1000oo10PPN0ao10?0=0coM0PP20aoM0oPN0ao10_o10^P20dPJ0[o=0ooI1coIOQQN0]o50SPL000oo30coM0>0oo10ooM0RPN000O10O01010O11O0ZPNN^o13`PNMbo163Long0NdjRR2
20161219133734Ch_1,_ef`06_;KkX12c;NjQT26PnkM5L3N2N13NO00O001O01O1O0100000O002N1O0000001O2N1O1O2N1O1O2N8H1O3N5K2Nf0]OL4NO1O9F4L3M5K1O1O1O10]MZSNn1]m11N1N5ZRNfM\m1_200001N1233I01O003L23L00O00000SNkRNm0Wm1mNoRNQ1Rn108F7J3M1N10O01O1O2N2N2O0O10kTN_Ojf1`0WYN_Oif1b0[4O10O100O1gPN^ORo1i00O0010OK6M2O2N2OQQNJTn16mQNHUn18^QNGQo18kPNKVo1?`QN@bm1>[RNGgm1EfQN<`03om1IQRN9om1FQRN;jn10O1O2O001N2O2N100OVOoPNf0Vo1O1O1O1O2N0002O1O0O1O0000000100O0100O002O0O1O0010O<FO00O01O0100O1O02O00000O00O101O01O001O002M2O0001O1N101O100O0O100O100O4KPQmQ3
20161219133734Ch_2,idSh11dPn02WoSO5L2O1N2N1O1O100000001O001O0000O2N100O1001O0O101O001O1O1M3O1O1O00010O10O1O10O0LZOoPNf0Po1ZOPQNf0Po1ZOQQNf0To1100O1O1O1N101O0011N3N00O0100O3M2N10O0100O3M2N1O1O1N3M2N3LUPNOno10eY\R2
20161219133734Ch_3,emZh01kPX20hnmN0\PlN7IN2O1O00100O2O1OUQ^10knaN0O0H0`PN1bo13QQkQ3
20161231223534Lh_1,]c`Q33n4NPf10Q50lPR27lnmM3L3O100000O11N011N2O1N100O0100O1O1O2N01O0001O0001O00010O010O01O10O10O010000O1000O01O010O001O000010O0001O0000000000010O0000100O0010O001O001O001O10O0100O100O100O00100O010O10O01O0010O100O1O1000O010O01O1lPNCdn1>YQNDgn1;YQNFfn1:ZQNHen17[QN2^n1KcQN6To10O1O1O1O001O010O00000100O0010O10O100O0010O00000000O100000001O01O01O000001O01O0001O01O01000O0010O01O001O00001O00000O2O000000001O1O010O0010O100O01O1O1NPlm1IXTRN00001OOd\e>
20161231223534Lh_2,X_m_21oo10dPn02YoQO2O0O1O101N1O101O001O1O000O00000M310O1000000000001O00010000000010O0000O10001O0O01O0MePNA[o1>4O1O100000000O1000000000O2O0000O1000O100O1O2O000O2O1O1O0O200OO1O2G9N2N2N3M\oo0N_alW1
20161231223534Lh_3,ncRV23\4NTg10dUP1a0XnoN5H7L3N2N1O10O101O001O0001N100O2N1O3M4M3M1O10O4L4L3L3O1O1N0100O1O2N3L3M2N2O2I6M3O1N2O1N3M2O2M3N3L4M2N100O1000gMhRNi1Xm1VNkRNh1Um1VNoRNg1Um1SNoRNl1em1N5J3N2N02OO0O1O2N2N4K100O010O1O1O1O1[OYQN0in1L\QN1hn1KZQN4hn1I]QN1oko0La_ia1
20161231223534Lh_4,hcdR32U2Ock10fRn06YoQOM400O2001O1001O2M_oY50aPfJ0X\Wf0
20170129133714Th_1,SR[^22_3O`ka02SQ^OOdo1>H4N1O00O10000000O100O1N2O1O2N1O1kNVOQSNl0nl1YOmRNi0Qm1ZOlRNg0Tm1_OdRNc0\m1Q1OO1N2L4L4M4N1N3N2M3N2L3N3N101M4J5L5I6Iam^^1
20170129133714Th_2,cdZj23j4NZgc0f0PS^O9K3M3M3N1N2O2N1O2N101N2O2N2N4Lc0]O6I4L200O0O2O1NUM]SN[2al1eMoSNk1Rl1RNSTNl1Sm1N2M3M3M4L4M1N3M3M7H7I8G6LaWaR1
20170129133714Th_3,bjVW31lPf04mn[O3N2O0O101N10000O2O1N1O101N1N3N1O1O1O1O1O1O2O0O10O10000010O0001O00000000O1O1O1000_OSQNOln1HaQN5_n1IdQN6[n1KfQN3[n1MhQNOYn10l001O0OWUod0
20170129133714Th_4,jcPh23i5NaeQ1;WTPO3N2O10O010O001O0100000000000001N3O2M2O3M5K2N100O2O2M1O0100UOnQNFRn13WRNJkm12S1N\Q40hnM0ooM0O10003N0020:5B\P:OaoE1ON01000O0001O0001OVWoR1
20170313145450Bh_1,alPk15o7Mk_11X`NNh_11T8OfQf25RnYM<G9E8H6M1N3O?@002N4L103L2N102N1N10O4M2M4M1N5K4M1O0O10O01O10O01O2O0O3N10O01O10OO2N1O2M2O002M2N101MjQNSO^m1k0^RN]O`m1b0`RN@^m1?cRNGXm17iRN4ml1JTSN7kl1HVSN=fl1@]SNj0Xl1VOiSNj0Wl1TOmSNk0Rl1TOQTNj0ok1TOSTNk0ok1SOUTNj0kk1UOZTNf0gk1XO[TNg0ek1YO\TNf0ek1XO]TNg0ck1XO_TNh0bk1TOaTNk0\m1O2M2OO02N100O101O0O2O0O011N10O01O10O02OO1O101OO010O000000000O10001O000010O001O001O01O00010O0001O000001O000000001O00000000001O0O101O001O0O101O0O1O100O1O3Mjoi00WPVO4L1N2O1O0O3N2O0O1O0000O100O10O100O010O100O100O010O1O100O2N1O102M100O01O010000O00100O01N2O0N3O1O1O100O10O01O2N1N3NTji2FWVVM1^Sca1
20170313145450Bh_2,i_Pc25d;O[ZW12jYjN5K2N3N2N3M2O1OO11O002O2M100N020O01O10002M3OO100O01M201OO1O1O3M10O2M101O2N001O000O001O01O2O00000010000O2O1N3N2M2O1N2N2N>B7Ib0kSNoMVi1U2`VNSN^i1W2cUN`N[j1e3N1N4M10OO3OO101N1O110N0_NXUNjMij1h1iUNSNZj1b1QVNZNWj1Y1QVNbNYj1R1mUNjNkj1<aUNTOTNIgl1f0ak[1ZOkgeS1
20170313145450Bh_3,mXYd21mPj03mnWO4N1N100O100O100O01O10O0010O10O1O010O100O1000O10O01N200O10O01O10O10O1000O010O010O1O001O10O100O001O010O1O10000O1O100O1OmfTW1
20170313145450Bh_4,h^Vn12kQd05km]O4H7N3N1O0001O0O2N1O1O1O1O10CESQN>kn1<00O100N11010O0010O1O1O1O1O1N2O1N2L4M3M2O3L3Nm`gn1
20170313145450Bh_5,Smll12oPn01gnSO:I0gPNFRo18<0XQNGkm16\RNIam14W100O11O01O1O1O10O01O1000O0gP<0ZoC1O01OO001000O0101O002O03L10O1O0UP4OXPl00dooN1O000O010O0YPNO_o13]PNNdo171NQPem1
20170326133730Ch_1,ga^\21X62QfQ11]SPO7VO2\QN2an1i0L4M3aQNbNXn1n1F3K7K0OYNdRNm0Zm1POnRNm0Pm1nNZSNo0el1mNaSN6TO<Yo1LdPNARo1h0O121ON0O001N30O11M1N3N1N3M2O00010O2N00O1O001O3OO000O1N100O2O01O10O0100000O0000101O0000O001N1O1N2O1O1N2002M3N2M7ISYo]1
20170326133730Ch_2,WiXf11]Qn02_nSO1O100O100O001O01O010O010O01O10O0100O0100O01000O010O1O010O01O001O001O0000000O10O1000000000O1000O002O1O1N3MbV]U2
20170326133730Ch_3,ZU_f11UQT10hnmN2D0gPN1Wo12fPN0mn1KXQNb0gn1_OXQNb0hn1^OXQNb0hn1^OWQNb0jn1^OVQNa0kn1@TQN?nn1@RQN>Qo1FiPN;Xo151O1O2N1O101O0O2O0000010O000100O00000O2O0O1O10O001O01001N2O1O00000001O0O1O100O11O1001N00000000O100O101O001O1O001O0000001O1O00000010O000O1000000000000N2N200O101OKdPNF\o19ePNG[o17hPNHXo179O1O1OboQ1LYkPP2
20170326133730Ch_4,Vch\23`4NSi_10_RbN1SPN2co1O]PNNlo10030M00O0PP20WoM0cQN0`n30oP40VPH0bo30eo10ZPL0TP>0SP<0QYS^1
20170326133730Ch_5,XclQ21ZP`05^oA3N1O01O100000010O11OO000000001O0001O10O000000O1OO00100O1O2O0O2O1Oe\_k1
20170328014950Uh_1,W^d[24l6NRb10P7O]Qj15]nUN3M4M2N3N001N1O101N2O1N3N1O2N002N2N1O1O0001O001O001O1O00101N1O11OO11O10O0O2O0O1O1002N2N1O0001OO1001O0O02O01O3L2O1N100O100O011O0O02OO1011N010OO1000000101N10O000002NO20O0003M0O10000O20O10O01O000000000O20OO2O000001:F00N6LN11N100O3ON100000O10O11N1O1O2N001O1O0100000O10001O00000O1000O10O2OO01O010O001N3N2LYji1KnUVN0iaoV1
20170328014950Uh_2,jR_^21oo10lPn02QoQO2N2N2O001O010O010O1O10O000010O001O1O00001O0000000O10000N2O00100O0100O100M2O2O1000O0100O010O10O1O010O100O001000O10O10O10O010O1O010O010O010O01O100O10000O101N1O1O2N2Nfom0NcmZY1
20170328014950Uh_3,\cXS12W2Omk93fQH4N1O2N3N<C4L2O1N2N3N3M2M2O0O11N7J3KAPOaRN;iYWk2
20170329014850Uh_1,g\Ve25Q9Nf]10V9OeQX23WngM4M6K4L6J2N3M2N1O1O2N1100O00O20OO304OMO00N3N1O2M4L5K2O0O000100O1O100000O0102N3M0002N001O1O0010O1O011NO10001O0001O01O10OO100O10000002M0010O001O0010O02OO10O1000O10O101O100O00010N102OO00001O00001O2OO01O00001N101O101M1010O1O11N004M3L1O001N1O1O1O13M2M2O1O1O2N3O0O10N000000O010O001O1O1O1O1O2N1O1O010O0010O0100O11O00O10100N1O101N2M101M3N3K[hk10hWTN00001O0Ycgk0
20170329014850Uh_2,eRaj21oo10TQT11SoiNO`o1:O1O00000000000010O0000010O01O01O01O0001O000001O0O10001O000000001O0000001O0O10O1000O1000O0100O001O0001O00010O01O01OO2O010O1O01O0O2O0O2O00001O00000000000O101O100O001O1O1O0010001O00001M3LRmZn0
20170330133710Th_1,ab`m12^Pl02]oUO2N2O0O101O001O00000000001O001O0010O01O00001O0000001O1O00010O0010O001O001O10O01O001O01O0010O01O1iPNBjn1l0O0O3N001N10001O000O11O000O2M4M?@6Ig[]m1
20170330133710Th_2,R_\S34k6NTb10fXh12RnWN7K6K3N3M2M3N101N2N2N2N1O101O1N2N2O001O1O001O000100O2O000O101O1O001O000O200O001O1O0O1O100O001O100O010O10000000O01O10O10O01000O100000O1000O001O10O10O0101N3O1N2N1N110O1N20000O010O101N2N101N1N200O00100O1O0nN]NgSNc1Vl1`NPSNMa0b1_l1bNmRNMe0a1^l1iNbSNW1]l1kNbSNU1]l1nNbSNR1[l1POdSNR1Wl1SOiSNm0Ul1mNRTNT1mk1kNUTNT1kk1lNUTNU1jk1iNXTNW1mk1\N[TNc1Rm101N2O1O2M4M3L2O2M5LRKPOnZNl0Wj1M2M2M4M3L4Khj3JaUL00100O0001O1OZog00ePXO00001O0n`i`0
20170330133710Th_3,Y_lb12jP>0RoC6iPNNWn16eQNLYn18cQNI]n1:\QNJdn1i000O10O100O11N1O1M3L4O1OO1O3L3M3O1N2G8N3M3L5G8M3O\`iZ2
20170414151450Bh_1,SbYU22j2OYj10aSR12WomN4M6I3O3L2N1011N1O010O2N2OO0100O010O0100O10O010O000001O0010O0000000000000001O0000000000001O001O1O001N101O001O0O100O2N1O2O0O101O00100000O2O001O00105KO00000O11O002N3L102M101N2O1N1O100O1O1O002M110OgmQ1K[`Va1
20170414151450Bh_2,Sc]T12_3Ooh11`3O10ePj32YoUL1N1O2O1O0O101O00001O00001O00001O00001O00001O0000001O010O00010O0001O000010O01O00010O10O010O10O001O01O01O01O010O010O00010O000010O0001O001O0000100O001O00010O001O01O010O01O100O2O000O0100O10O01O1O0010O01O01O01O0010O0001O010O00100O00100O000010O00000000001O0001O0001O00001O000001O01O000000010O00001O001O01O01O001O00001O101N100O10O010O010O1O01O01O1O01O00010O0001O0001O01O0000000001O0000000000000001O000000001O010O00001O000000001O0000001O000010O00000001O00001O000000001O0000000000000O10001O000O1000001N100O2O000O101N2O0O[m]3Ne_`P2
20170414151450Bh_3,Whff12eQf06Qn[O2O1O1N101O00O100001N110O000O101O0O1O1O1O1M3N200001O0010O01O001O1N1O2O1O1N101O0O2N101N2O2N^WgU2
20170414151450Bh_4,fRg`11VP>4doC3N1O1O1O1O102M8IO1N2O1N2O2N100O1O1O10O01O010O000000000000002Mdlj\2
20170516134450Bh_1,]aRo13jPf05ln[O4N1N2N2O1O00100O1O10O00010O01O100nRNB`j1?\UNDej1;YUNGhj19VUNIjj17TUNJmj16QUNKPk15nTNLSk14kTNMVk12gTN1Zk1NcTN6^k1J_TN7bk1I[TN:fk1EXTN<ik1ESTN>nk1AnSNd0Rl1]OeSNj0\l1XO]SNl0dl1]OkRNk0Tm1P12O2N1N3L3mNPSNQOTm1h0USNROol1f0]1G;BX\]m1
20170516134450Bh_2,]clQ31QQb01kn_O4M2N1O1]OG_QN9an1I\QN8dn1JYQN8fn1JVQN8jn1>2N1N1O2O1O1O2O0N2O100O1O1O100O1000000000O1O2M2001O0000001N3M6IU\oj0
20170626133730Ch_1,PPcg13c5Nbie00]P\O>J5O1N11O000O1O0100N2N200O2A\O]QNh0Wn1e0N3O1O1O0100000fN^NWTNa1hk1fNSTNY1mk1mNjSNW1Vl1QO[SNU1fl1Q12D<D<M3M3M5L4M4Mn0RO3M2M1O2O0N3L6JgmlT2
20170902231930Lh_1,ckle13fTT1;hjmN5N1N2O1C@XQNa0fn1>O0OO2O002O0O100N3M2M3O10O001O001N10010N2O01O001O00O02N10H\OVQNe0Un1k01000O2N2N2O1O1OO1O3M20001O0010000O01009YNbQN:4=Ro1N2O0O101N1O4L5IZRmT2
20170902231930Lh_2,a`eX12f3Oah10WUX15XngN5M3dPNCQo1j0L2N2N1O2O0O1O001N3N2N2N3N1M2N2O1O1O100O11O002jNfQNc0\n1WOhQNi0hn1O100O010O01O001O0010O000010O0100O2N1O2O0O1000O010O01O10O0010O01O001O1O1O2O0O2OO10O01O100O1O00001O00010OO101O001O00O100000001O100O1O2M4L:F5K2Me\h_2
20170902231930Lh_3,kdlT12VQ<1dnE7J2O2N1O1N3N3L3M3M3M3N2N100O000O01ZOYQN3in1KZQN2hn1K\QN3dn1L^QN3bn1L`QN3`n1MbQN2]n1OcQN1]n1OdQNO^n1NeQN1[n1LkQNOQYQi2
20170926225530Lh_1,VhPg04j6O\go07\QRO6J5L3L4J5N3N1H9N001O0001OO3O5J4M2L3O1M3M9H9G4LTORSNkNkl1=ZSNVO0<cl1<cSNSON`0\l1;aTNE]k1;PUNZOmj1g0[UNQOej1P1T21N2N101O00N1O1002N11000O010N11OOJ8M3N1001O0100O100N0O4L301N2N3MQok0BYYWR3
20171018223630Lh_1,_dX]16m9Ko[13SdNMm[11o[Z20PneM8I5K4L4M2M202M102OO010000105J2NO02O0O2O00O011OO020O0O1000O11OO01O1O00100O1O0011O4M2OO1N1N20000O01N11OO2N2O00O000001O10O0001000001O0O11OO10001O0001O00001O1OO0101O1O01OO201N01000O0O11N2N001O0010O001000O110N1000001N011N2O0O0001O1O00001O000O2N2O00001N2O000010O0000100O100O00000000O100O101O0010O001O010O100O003N5K1O0O110N3OOO2O1O01O201N3NN020N2N01O00010008G2YQNlN]n1\11OO11O000001N200N111N3NN002K6J7J`0^O6M2N3M2LYh_2Ibcen1
20171018223630Lh_2,Qdf\16X<MWW11mhNMSW11_<O[Rj20imSM2PP2N@0mPN1ln10XQN0]o1OVO0cQN0Vo10TO0jQN0Ro11Qo1OoQL0Pn10QRN1nm1ORRN1on10POOQRN0Un10eQN0Zn13dQNM^n10bQN0_n11`QNOXo11YO0]QNOdn11\QNOdn10\QN0en10f00ePN0dn10^QN0an11h0OePN0dn11\QNOen10[QN0fn30dPN01000PP20ooM1000ObPN0mn10TQN2in1Ne010100N12N1O00jP`00VoE0WP80hoA0SP40RoK0f10Vo10VoM0a10Yo10ooM0QP20\O0gP20loK0cPN0hn11d0O000000QP2000SP60moG000j01VOOTo10kPN0QP20PPN0O0QP20ooM0QP20gPL0an10]Q40fnK0XQN0hn10XQN0\o10]O0W10\O010QP20no70PPF0O010]O0VQN0jn10VQN0jn11b00dPNOin11d0O010O01ePNOfn10ZQN8^n1HeQN6Zn1KkQN1Tn1OmQNOTn11lQN0Sn1OnQN1Rn10nQN0Qn1ORRN1lm10SRN1lm1NVRN1im10XRNOim10WRN1hm10WRN0on10nNOQRN0Sn10kQN1Qo11RONmQN2Ro1N00PO0oQN0Qo101003lNMRSb01Pn]O117PNGiSN6Xl1JfSN7Qn11L4_NDYSNa0Pn14kNE]RN`0mm1WOPRNm0nm1SOPRNo0Qn1QOlQNT1Qn1lNkQNY1Wn184K4K2O000O1O01000O2001OOO1O02O0O1O2N4MO03N001N1O2O0010N2O1O000O0001O1O1O3L9F8Jfja2ORV\MO^i;Nmamm1
20171018223630Lh_3,lVWb11^Qd02]n]O5J4N1N2O1O1O100O10O1000O10O10O01O0O20O01N11O010O1O010N2O0O10000O1O0O0200O10100O2O0O2O1N3M4KdhVZ2
20171018223630Lh_4,Qg^k23Z4N[he08PS\O3N2N1O10O10O010O1O10O01O1O2O1O001O001O2O7J2hQNUOUm1R1YRNZOem1b1N1000O2O:F4L2N12N5K1OO2N1N5Kf0ZO1O2M3M3L4L3N3JjUmP1
20171021223430Lh_1,b\ik02no1ObQn01]nQO5K3M100O10O0100O02O001O00O2O00001N10000000O1O100O1O100000O1000O001O0001O001O001O0001OO1001O00O11O010O0010O00100O010O010O01O100O2N000010O0000001O01O010O0010O01000O10O100N2Mioo0Njcdk2
20171021223430Lh_2,haR\25`;0fX1N_gNOaX1Om]b3;am]L1N2M5M0O3M10001O0O2O2M101N3N00001N101O0000000010O01O122K11N3OO01N14M2M4L0002M100O000010000O1O20O01N2O001N101N11O00010OO003M001O1000O10O11O2O00O15J00110OO1O6J001O10OO12NO02O1O0013L3L1O3N00001OO11OO0001O00103L1O00O1000O0OhPNDPo1:QQNGon17RQNJon1OVQN1eo95boG2N2N3N1O1N3N1O1O1O0000010O10O002N00010N2O001O1O1015J02MSUN]O]f1d0bYN\O_f1g0^46IO001OO00001OO0100O010O01O10000O1O10000001O001O0001O001O00010N100000000001O0002OO10O03NO12M2OO20O00O11O00O10O00100O01O10O010O010O0001O2N2N100O100O2O0O20OO0200O1O100O0001O00O101O0O2O5J32NN1O02OO0014M1N01WQNTOZn1n0cQNRO]n1n0bQNRO_n1n0<MZRNVOVl1i0lSNVOWl1e0c101N2N3N2N5J3N1M]fW2NgYhM0koi00UPVO1W^Yl0
20171021223430Lh_3,XciZ12X3O]i10fTh12anWN2O10O1Oho;NXPD4M1O1O2O0O10O01000010O10O01O01O1O1O2N2N1OiPN2]n1MbQN7Ro11N010O01000000O100000O10001N1O10O0010O01O10O1O100O1O1O1O1O1O1O1N2O1M3N110O1O1O100O100M3O2N2N2N1O1M3H9O00mNkQN;Zn1_OiQN`0Wn1^OkQNa0Wn1ZOnQNd0hn110O00O1O00000001O000001O1O0O2O001N3N2N001O00001O1O00000001O001O002N002O3L8H2N0O1O2N2N2M7Ggmc1NW_bW2
20171021223430Lh_4,Z[^Q22no1O10RR`21km_M4L7J4L2N3M3M2O1M3M2O2N1O3M3N3L5K5L1O0O10O1000O01YOkQNBVn1;oQNCQn1<SRN@nm1>VRN@jm1>ZRN_Ogm1`0[RN^Ofm1`0]RN^Odm1b0m0O1O0O20000O1001O0O100O2O0O1O100000O01000O10O0100O1N2O1N2N200O1O1O1000000O10000000000000O10001O0O10000O100O1O1O1O010O0010O010O00100O1O1O001O1O1O1000O010000000O100O100000000001O00000000O100O10001O10O102M01O1O1O000O101N101O001O00O10000O1O1O1O1O1O100O001O0100O10O10000O1N3N2O2KocWa1
20171021223430Lh_5,hb^^23T5Oce1OcVT12_nkN6HJkPNNTo12mPNNQo12QQNNnn10b00O0mQn10UnQN0O010O00000jn70YQJ0ooM0YP>0foA0R10kM2RRNNPn10PRN0Po10So10m11QnMOoQN1Pn1ORRN0mm11S1OoPN0foi00TXQZ1
20171021223430Lh_6,jU_[11fPd03on]O8K5N1O0102N21N2OO1OO11N0O2N1O1O1O1O10000O00100OO1O2O10O0100O1O010000O1O10O01O010O0O2O1NniRa2
20171027150050Bh_1,`UQV23`4Nlf10]U`15Qo_N5J4N0O001O0010O0010O010O0010O101N010O10O011OO02OO2O0001O001N10000O02OO11O000000O1O100O2O0001O001O001OO011O000001O00000000O11N10000O1O00100O010O01O10O0100O1001OO01O10000O01000O1000000000000000000O1O1000O1000O01O0101N1O10O1O100O10O1O1O0O2N4KXl[10Znn]1
20171027150050Bh_2,aT_c12Z3OYi11[3OeR\21YmcM3M3N2O0O100O2N1O2O0O100O2N1O100O1O01000O10O000O2N2O001O01O00100O1O010O010O010O010O010O00010OO101O0010O010O01O10O01O0O1010O0001O01000O010O010O10O001O010O0001O001O10O0010O10O1000O1O100N2O0M5M20TPZ1OloeN2N2O0O1000O01000O0100O100O100O1000000O010O10O1000O1000O1000O100O010O100O00100O10O10O1000O10000O01000O10000O10000000000O1000000O1000000O2O000O10001N10001O0O1000O1001N]o]20dPbM0_khj1
20171027150050Bh_3,_`jl14j6NVb1OVXd17an[N3M1O2O2M2O001OO100000001O001O010O010O010O1000O100000000O1O02O00O10O1001O2M2O2N2M101N01O1O010O010O010O1000O10002M2O0O100O201N1101O1NO1O1O00101O00O000O2O2M2O1O10O011N1000O01`QNWOgm1i0PRN@om1Y110O1O1O0000O2O0O102M11O1O1O10N1O1N3N002M3M3M4L8H5K3M7Gkj]1FSeWg1
20171027150050Bh_4,eeWn12YQ<1anE=E2O0O1O1O2O0ZO_OlQNb0Rn1AdQNI1f0\n1K`QN5an1e00N2O1M3M3O0O2M3N2N2N2N3M4J9GlYho1
20171027150050Bh_5,Xabm11\Pl02_oUO4NL4O1ObP:0XPb14VoSNN0O^ok0OcPTO0010O010O02O011Y][m1
20171027150050Bh_6,SgXS21dne02[Q\OO0O`Ph02`oWO2L00O00^NNXSN1il1OWSN0il13TSNLll18Z15K6K9G6J@c0L8Fe[Sj1
20171027150050Bh_7,X\[m22`Pj02WPVO9Pn1JlQN9Sn1GlQN<Sn1EiQN>Xn1@gQNb0Zn1]O\QNl0en17100O2OO0O1O2O01O00001O000O101N01OO1O1O2N1O2O0010O00H8N200O10000001000O1O1N2N3M2N2L^cjn0
20171029171010Mh_1,^`Ta23k5NVd11m5OhQR26ommM5M2N2O000O02O00000100O101N2N100J6O1O2O011N1O2OO010O001O0O2O0O1O1O1O2O0O101O00001O000000O2O001O010O0001O001O00000000001O01O2N4L2O0O2O0O100000O10O010O000000010O000001O001O0O2N2O10mPNXOln1o01N1O002M101N101N2O000002O0O02O001N1010O1O`0A0O1N201M1O101oQNcN[m1_1bRNeN[m1\1cRNfN]m1Z1aRNiN]m1W1cRNkN\m1U1bRNmN^m1R1bRNnN^m1Q1cRNPO]m1n0cRNTO]m1k0bRNVO_m1i0aRNXO_m1h0_RNYObm1f0^RN[Obm1e0\RN\Ofm1c0XRN_Ohm1\12OO100O01oMURNk1Rn1N1M2O2N2N2N2N1O2O001N100O2O1O1O010O22M2O0O00O;hNSQNg0Wo1L1N2O1N2M200O2O10O1000O1O3LkZaQ1
20171029171010Mh_2,oTc_22TRT10hmmN2O100O1O100O10O10O100000O0100O010O1O010O10O010O010O01O0001O010O01O1O010O10O01N101O010O10O01O010O01OO20N1000001O010O0010O001O0001O00O010000001O01O0001O0O10O2O001O100O100O1O100O2O0O2Nboo0MTSnN0me`X1
20171029171010Mh_3,ikXY21YPn00foSO1N101O000O101O0001O01O000000001O01O00000001O00001O010O001O1O10001O001O00010O01O000O1O3N0O1O01000O0100O1O010O1O010O0001O001O0000010O001O000001O000001O1N101O0OnRi`1
20171029171010Mh_4,][`m0:P;KaY1OifNMWY11\]X26imgM7I4N1N2N1O2O001O1O1O002N1O2N2O10O1N1O1O1O00001N1O2N1N200O3M11gPN@Qo1l0K3M14M0N2O000O1O2N1O3M10000002N2N3N000O1O1N2O2N0O3N3M1OO01001N002O0O2OO11N01000O100000O01000O2O1N1O2N10O2O01OO101O00010N1000002M2O1O4L2N20O000O01OZQNZOQn1f0iQNESn1<eQNMXn1P1O1N4L1O2OO11N2O2O1NO100N2O3M1N2\NoQNW1Qn1dNRRN]1Un15M4NO118]NdQNn0kn1M1O001O00000100N30O01002M1N100O2N1O0100N110OO2OO02O0O2N4L27IN3M1N2O=ASiY20SWdM1i00\k5MiSL0cdQc2
20171029171010Mh_5,jdY^22]2OQl=1[QD7N3M1O3M1N5K4L4M1N;F2M2O1N101N10O0100O2O0O1OjNoQN>Qn1BWRN6jm1IXRN1mm1NURN1km1OURN1km1NVRN1lm1NSRN1Sn1JmQN6Po1GPZX_1
20171029171010Mh_6,nalQ12Tn]2OgPfM0YRL0gm10T111ORP80loG1O10010O21N1O1O10aQf10_nYN0RP20noM0_li00eegf2
20171107222630Lh_1,mchS13a5Oid1OiVT14fnkNb0]O8J2N1O2O0O02O0O2M3K6K4N2N2O1O10O01O0100O100O2O1N1O100O11OO2O3L2N2N3M3M2N001O2M5L5KhNhQNi0Vn1WOlQNi0Sn1VOnQNk0Rn1SOoQNn0Pn1QORRNo0mm1QOSRNP17mNol12lRNKKm06YOSm1OXSNj0_OXOZm1M^SNg0SO]Oam1IdSNP1hm1N2M4L2O1O2O001O0000O2N2N2M3N]ORQN6ln1GYQN9en1C_QN`0^n1^OdQNc0ln12O0010O0000O1100O3L2O1N1O020O0O2LbkQ1Fm`Yc2
20171107222630Lh_2,`hXl12no1O10`P`22^o_M0aPNNPo13hPN5Vo1MhPN5Wo1:001O0010O001O010O0010O0100O10]OiPN;_o10O10O001O1O00001O000010O0001O00000010O000000010N1000001O1O011N0001O00010O010OO2O1O1O0001O1O001O000000000000001O01O1O1O00001O0O0100O10O1000O100001O0O2O1N10001N101O00001O00001O000001O00000O10000000000O11O0000001O1O001O000O101O00O2YOoPN=[o1N1000000000O101O0010O00001O001O00000001O0000000000000O10000000001O01O01O0000001O002N1O1O00000010O02OO10O0001O00000O2O0O1O2N1O1O2IdPNH\o169N2N10Tn_2MoQ`M0`Wea1
20171108222430Lh_1,lb^^13]6OQc1OXX^17bn_N1ln12QQN4in1g0J4L3N2M2N2O1N2O0O2O0O2O100000cNVRNd0lm1VO[RNg0_n101O10O01O1O001O1O1O2N011O0O1O100000000010N1O11O0O2O00001O03NO0001O001O0O3N1O1O0O1010=C01N3N0O3M0O2001N001OO100O11O00O3N1O2O1M100O2O2N1OO10001O001O1O00O1O1O1O1N2N3N0O2O001O2N4K4Mbj[1Ocb]V2
20171108222430Lh_2,UiP`21oo10bQV10WniN7M4CEPQN>ln1IPQN8on1=O1000L310N2N2O1N2N2O2M200O010O101O0001O01O00001O000O2O000001O000000000O10000O1000000O010000O1O1O010O1001O0O100O10000001O001O001N1000000000000000001O01O0O2O0O1N2M4N100O10O01O001O010O11O00000CfPN4Zo1KiPN3Wo1KmPN3So1LnPN5Qo1KPQN4Po1LRQN2on1LSQN3]o101NUoW1OhWYU1
20171122022450Uh_1,Tgl`11hPd01So]O6L2N1O2O0O100O1000O10O100O01O01O001O0000001O10O010001O0000000001O00000O100O1O100O1O1N3N2N2NcXa[2
20171122022450Uh_2,eQYn04a7Og`11Y_NOg`10\_NNd`11f7O10mST52PlkJ3L2O2M2O1N2O100O00100O0100O010000O010O10O0100N101O001O00001O001O001O0010O010O10O0100O010O010O10O01O001O000N2MKAPQN=Ro1FkPN9Vo18000010O0010O0010O00010O000001O0O1O2N2O00001O000000100O01O010O010O010O01O0100O0100O01000O010000000000O0100000000O1000O1000O0100O10000O10000O100000000O100000000O10000000000O10000000O100000000O101O000001O01O01O01O0000001O00010O0000010O01O010O00001O010O001O01O010O010O100O010O1O100O1O10O10O0100O100O010O010O010O1000O01O10O01000O010011N2N2O001M101O1N2O00O010O1O1O100O001O10O0100O010O10O1000O01000000O0101O00000001N101O2M2O2M101N;F001O001O1O01N101N3N0O2O1N10000000000O101O000001O4M2M2O1O0002M1N2OO010O010O10O100O1O1000O10O010O01O01O01O01O001O001O1O1O1O1N101O1O1O1N2O001O001N2O1O0O2O0O2O0O2O1M4L4KRj]4ORVbK0[n`Q2
20171122022450Uh_3,T[oX21jPn02RoSO1O1O1O100O01O010O00010O0100O010O01000000O010O1000O01000O10O10O10000O01000O10000O100O101O000O100000O100000O01000000O10000O1L4O1OgdPb1
20171122022450Uh_4,]Uoe21\Pj00boWO3M101O000O20O00000000010O01O00001O00010O1O001O010O100O010O10O010O01O1000O010000O100O011OO01O101N101N102N0O3N01N2OhPNZOWo1c0iPN]O]o1<dPNDdo13Ui\U1
20171122022450Uh_5,WQkf05Q:Oe[11[dNOe[10_dNMa[12W:O1O[VV52_iiJ<G4N0N4L5mQN^O`l1f0oRNKml1;gRNOUm1`1N2O0N2O1O2M2O1O2O0O1N3N1O1O1O10000O1O1O1O1OBaSN]M_l1c2aSN]M_l1e2_SN[M_l1S30YNPTN@ok1?VTN^Ohk1b0\TN[Oek1d0^TNZObk1f0^TNZOak1f0cTNVO]k1i0hTNSOXk1m0kTNoNVk1Q1PUNdNUk1\1g1QOmQN2Tn1NlQN2Sn1LWRNLim14\RNFem19aRNAam1>P101O10O10O1O00100O10O10O10O01O10000000O0100O1000O100000O100000000000001O00001O0000001O1N10001N1O2N]ni5NdQVJ1O01O10no30RPL000koc00TPD0RPH000A0mPN0bo100000000000O10000AOoPN0Ro10nPN0Ro10mPN1So1OmPN0To10lPN0bo10A0nPN0Ro10mPN1ao10AOoPN1Po1OQQN1on1OQQN1on1OQQN1nn1OSQN1mn1OSQN1ln10TQN0ln1OUQN1kn1OUQN1kn1OUQN1kn1OUQN1kn1OUQN1jn1OWQN1in1OWQN1in1OWQN1in1OWQN1hn10XQN0hn1OYQN1gn1OYQN1gn1OYQN1gn1OYQN1gn1OYQN1gn1OYQN1[o1O1000[O0ZQN0fn10YQN0hn10XQN0hn10XQN0\o1000O100^OOUQN1kn1OUQN1kn1OUQN1kn1OVQN1in1OWQN1jn1OUQN2jn1NWQN1\o10^OOUQN1kn1OUQN1kn1OUQN1kn1OUQN1ln1OSQN1mn1OSQN2ln1NUQN1ln1OSQN1mn1OSQN2ln1NTQN2ln1NUQN1ln1OSQN1mn1OTQN0^o11^OOTQN0ln10TQN1kn1OUQN2jn1NWQN1in1OWQN1jn1OVQN0jn10VQN1in1OXQN0\o11O01O]O0VQN1in1OXQN1[o10^OOVQN0kn10TQN0_o10]O0TQN0mn10RQN0on10QQN0on10PQN0Qo10nPN0So10mPN0Ro10oPN0Po11oPNORo10oPN0Qo10?010`00oN0QQN0nn10RQN0on10Q10oN0QQN0on30RQL0mn10RQN0nn10bP20QP20`PJ0_o10_o10aPN0jP20YO0TP>0onA0c10`n30^QH0Yo30PPN000WO0i00gPN0Yo10000001N01O11O000010O010NYP60ioI0QkW70mThH001O0injS2
20171122022450Uh_6,c]\n01oo10RQn03fnQO6L4J7H7N1O10O0O2M3N101O00100O2O0O101O00001O000010O001O4L101O1N100000O2N1O1O1O10O0101N01O101N100O01O1O010O00001O01O01O1O000000001O00000O2O00000O2O001N2O3L2Ndnm0Mmcei2
20180507140210Th_1,VgPj03_3Ncia0;`R@7J3N3M1O3M3M2O2M2N2O2N00O111N200O2O1N1O0O2N2O0O10010O001N0010O01O0O2O2M4K7FWVoR3
20180507140210Th_2,_^dQ22\2Oale09eP\O=D5M2N100O2N100N2O100O0O20O01O1O0001OI70N3I7J6N2O001O1O1O10000000000000000000001O001M3A_akj1
20180726232450Bh_1,ennP31oo10fPd12Wo[N101N4ZPNH]o1?M3K5N2N2O001O1O001O0000000001O00001O01O01O0ZORQN:nn1ETQN:ln1EVQN:jn1EWQN;jn1CXQN<Vo101O00000O010001O00000001O01O00000001OO10001O000001O0000O2O00001O001O1O010O1O1O000001O001O001O001O001O1O1N2O1O00001O0000010O00001O0001O0001O000000000001O01O01O000000000KHcPN8\o1IcPN7\o1IfPN7Yo1IgPN8Xo1HhPN8Xo1GjPN8Uo1HmPN7So1HnPN8]o101O00001O00001N1LVPN2Vnc1NSSka0
20180726232450Bh_2,RdlQ34Z7NVa10g>Olbc15fU\N2N2L3N2N3O00000010O1010O1O0000O100O101O1O0002O1O6J0O02N1O0000000002N1O000O1iPN_Oon1l0N00O3O0O3L2N2O0O4L2M1005L1N1O02N001O1N2O2M2O001OO02O1N010O20O2N4K1O0001O0101N2O10004KO11O00001O00010O0002O0O10O00000010O01000O0O1O001O00O10000100O010O10000O2M101O1N2O002M2N4Lnic1LWV\N0n[cb0
20181012105930Ch_1,Xcjc22^2OWme00XP\O2N2L4O1N10000O100000000O01O10O1O1O1L4O1O1M3N3O0O100N11000001O1K4O2O00100O1O100O1O100O2M5JZ\cX1
20181012105930Ch_2,Z^bZ11]10Tm10eRT12fnkN2N2N1O2M2M3N101O1O01O0N3O001O010O01O10O10O01O0O10N3O01O00001O010O1O1O10O01O1O100O1O10O1O100001O0001O001O10O000001O10O0100cPNESo1<lPNETo1:lPNFTo1;jPNGUo1:jPNFVo1;gPNGYo1`01N1O10000HdPNL]o13cPNM]o1;001O000O1O001O10O010000O1O1O1O1O100O101O000O101O000OboU1MXb][2
20181012105930Ch_3,ianb23U4Nbg10eW`10al_N5ML300O10O10O_PN0bo11BOlPN1Ro11nPN0Qo10oPN0Qo1OoPN2Qo1NnPN1To1OlPN0Uo1OlPN0To10mPN0on13>M30fPN0fn10[QN0an11bQNO\n11i01O0100N2000m00SO0UO0cQN0an30g00QPN000O100O100N2N3O3L5K0O10O1001O0N3O100O10O1O1O001O01O001N1OO110O101O00010O100O010O100O0010000000O2O0O2O1O4K2O101N2N1O2N2O1O0O10O1O002N1WOXQN2on1JVQNNRna1Mi_iQ1
20181030230030Lh_1,fc^f12VQl06_nUO3N2JFdPN<Zo16N101O00001O0001000002O0010O00O100O2O101N2OO0000000001O00000001O000000O2OO1O101N1O1O2N2O0O2OO10002N2M1O1O2N2M3N4KmYkT2
20190605025430Lh_1,Vona03n4Ooe1OfVn0;nmQO8H6J4M4K6J6L4K4M4L4L4L3N1N3N4K[NfRNh0Xm1WOlRNh0Rm1VOSSNh0nl1TOVSNl0il1ROZSNn0fl1nN^SNR1im10001000OO100012:B3N0N3N1M2L3O0O2O1000001O1O001O0O001O0001O101N10O01N101O1O2O2N2N100O2O00O2O2N4K2N1O100N3N2M3Mnkk0LQU[V3
20190605025430Lh_2,dPYV12nRR12lloN4N2M1O1O1M3O1N10000O0001O10001O0000O11O0001O01O01N1O2M3N2O00100O100O010O010O0O10O1O010O1O10000O2N1M3100O10O010O0001O000M4N101N1M4L21N4J6L4N3L3N4L7HSog0O\P]b2
20190605025430Lh_3,Qlbh03Z5Oaim06jPTO7H5M2O10O100O1O10O00O010001O1O1N2M3NIPQNBnn1<;0001O0O100000O1O1O1N201N2M2D=N2O1O0O1O1N3O010O0O1O10AiQNXOVn1h0`000101O1001M3L6L7GPog0_OcUYQ3
20190605025430Lh_4,[k\a05^9Nl\10c9NoVX21TigM110N00N1010VP60bnM0XQL000[QN0Xm11b17LIN0N3M2O0O01N2OdPNMkn13UQNNjn12VQNOin11WQNOdj1OoXN3\LNdj12nXN1]LMej13mXN0^LMej12nXN2\LLfj12nXN2[LLhj10nXN4ZLLmn15RQNKnn15RQNLmn14TQNKln15UQNKjn16WQNIgn18ZQNHen19ZQNHen18\QNHbn18_QNI_n18bQNI\n17eQNIZn17hQNHWn19kQNFTn1:nQNFom1;RRNDmm1>SRNBkm1?k01N2O2N3M5J3N1KK6N3O1OO01110O101O1N2O001O01O001N1@PQN1Qo1<3M20001O0O0100O02OO1M2O2M2NWOXQN`0gn1@`QN:`n1DeQN8So1N2OYOKdQN5]n1KcQN4]n1MbQN4^n1LaQN4`n1L`QN3`n1M`QN3`n1M_QN3bn1L_QN4Vo1N3O1OYO0_P60WPJ0O1K6O0001O00O0001O0OoPNLYn17e01UQNHom19SRNGjm10cRN0Um52WQL6N20O3O010O1N2N2OYQNNbm12^RNMdm12\RNNdm12U101O2O10anU20SVcn2
20190605025430Lh_5,lmnU14k6NTb1OP]^10PjaN1@0nPNOPo11SQNOkn12VQNNin11XQN0fn11ZQNOen12[QNNfn10ZQN0fn10ZQN1fn1OYQN1hn1OXQN1hn1OXQN1in1OVQN1in10WQN0jn1OVQN0kn1OVQN1in11VQNOkn10UQNOln11b0O01O0O0000O1010kPN0[n10j01O0100O010O01N10O10O1nPNNWn11k01O1nPNMXn13hQNMYn12gQNNYn12fQNN[n13cQNM_n12^QN0cn10^QNNdn12\QNNcn12^QNNbn12]QNObn11_QNNan13^QNMbn13^QNNan12`QNM_n14aQNL_n14aQNM\n12hQNMXn12iQNNUn14lQNLPn16QRNJkm17YRNIem15]RNKbm17o06J6L4N3YQNVORn1m0lQNSOTn1Q1hQNoNYm14VSNU1YOgN_m1`0oRNf0Um1_O_RNg0dm1h02O2N2_Oa0N3N2O001O2M2N2N4L2N3N3N2N3M1N3M2N2N4Kko\b2
20190605025430Lh_6,hoRV13f4OYjW10UQhN0co1OaPN1\o10fPNOYo10iPN0Uo10l00B0Zo_10fP`N0jo?0SPB0QPN01000no10QPN0no10knc01RQZO20O21N1`QNMXm1OhRN1cn102001O00O02I5N3N101ONF5;K[o`c2
20190607032610Mh_1,jmbP24k6NTb1O[\\1;VjcN6L3M2O2N2nPNVOln1n0002O0O1O1000000O10O01OO11O001O0010O1O0100O001N2OO01O101O001N10000000O10001N020O0O110O000N2N3O0O2N2L3N3N1H8O2M00J51N20101N02M2LYOQOgRNm0[m1ZO[RNf0im1e03O2L3N3N2M3O0O2N2N2O2N1O0010O0000O2K5N2N2N4L3M3MhnW1CmSYe1
20190607032610Mh_2,fgdV16R=OaU10cjNM]U10Rhl22ReSM8K4L4L3N2N2N100O2O1O1O100O0001O10O0100O1O2N011N1O2N001O1O1O1O1O1O0000000O10O1O1000O01O1O010O1O1O1O1O0010O0010O010O0100O1O2O0O0010O0001O1O1O1O1O1O1O1O10O001O000010O10O01O1O010N1O20O010O10OO101I6N3N100O2N10000O1O110N11N11kH[Oo^Nd0Qa1]Oo^Nb0Ra1^Oo^Na0Qa1_OP_N>Ra1AP_N=Zh1N2OGDoPN:on1;0011O2N2O0O1N2N2N200O11OO02K4N101O_KVOoYNh0Sf1[OkYNd0Tf1@jYN6fKEcj16gYN0df11\YNKgf15b41O10000cPNIk28eh1<VWNJih17RWNNmh11PWN2Pi1NmVN5Si1KlVN6Ui1IjVN8Vi1HgVN;Yi1FeVN:\i1H`VN9ai1OUVN2li12oUNMSj16hUNKYj16eUNJ\j17bUNH`j1:]UNFdj1>WUNAlj1d0lTN\OWk1g0dTNYO_k1g0_TNYOck1h0YTNXOjk1g0TTNYOnk1i0mSNWOXl1l0_SNVOdl1Q25J4N2L5M1M5K3M4M3L3L5F:H8I;_Ob0BXk]2GXUbM1YXSX2
20190607032610Mh_3,VPQX12X3O]i10_U`15em_NM[PN0lo1N[o_40dP`K000O0O11O00000100O001000O010O\PNOZo12:O\PNO[o119001\PNNZo10gPN0Yo10hPN0co10oo30YoK1f00lPNO[n12eQNN[n12eQNOZn10gQN0Xn10iQN0Wn11iQNOWn1OjQN1Vn10hQN1Yn1NhQN1Yn1OfQN1[n1OdQN1^n1Oj00dPN0Qnc10TQm[2
20190607032610Mh_4,cmdW12a3Odi=7aRD4M4L3N2M3M3WRN[OSl1g0iSN\OUl1h0fSNYO\l1g0bSNYO_l1h0^SNZObl1h0ZSNZOfl1h0VSNZOkl1l0lRNVO]m1g0WRN^OPn1U14L6I4L5L2N2N2M2O1O1O1N3N3K?A^PQf2
20190607032610Mh_5,nfZk11oo10hPT15QokN2O1O1O1O1O1O1O001N1O20O010O10O01O101O0O2O00001O000001O000001O0001O000000000000000001O001O10O01O010O0010O0010O01O1O10O000100O0100O1000O00001O01O0000000000000O10001O0O2OVXSn1
20200806072410Th_1,mbeo11oo10cPj00\oUO2O1N10000O1ZPNL`o14_PNM`o14_PNLao1901N2L5O1ePN@To1f001O00001O10O3M2N1N2O1O2N1N1000010O1O1O001O00O02N010O100N200O10000000O0100O010O0100O010O100000001O001O0000O1O101N100O2O0O2M^oo00g]bh1
20201228202510Mh_1,cZm`21_Qf00^n[O4OO10O0O101N100O10O0100O0010O01O010O000O20O00O101N1O10O2O0001O01O1O010N10001O0010O10O000010O00100N1010O01O010O01O100O1O1M4MUe^Z1
20201228202510Mh_2,iYQ\11kPd04ln]O9ZPND\o1c0M1M4N1O3O2M2O1N2N10O1O2N3M4M2M2N3N1N3M4M0O001O0000000000O10O10000O010O01O0010O001O1O1N3Lod\`2
20201228202510Mh_3,_ZU\11bPj10aoWN0M0PP20ooM00000\PN0Xo10hPN0Xo10hPN0do10O1DOiPN0Xo10hPN0Xo10gPN0SdTa2
20201228202510Mh_4,Vn^i21TPf05eo[O2O1O1O00000000O1O100000001N01001O01O010O01O01O00010O10O010O100O100O00001O01O0O1000O2O2MZQQS1
20201228202510Mh_5,hXQ\12Y3Omic04UT\OLTm16Z12cPNKkn17QQN6en1JXQN5ln1>1O02N1012M6[OjPNMO0mo1MWQ4NnmK0o00g00aN0g00O1O3L100O000001O00001O000O2O0000000O[P40eoK00000O0hd^`2
20210101202450Bh_1,hYQf25^:OkZ1OYcd19of[N6K5K2N2N2N2N3N1M3M2N2L3L5N1002N0N02N1O0010N10N4L2110M3H8O10001N1N3L4K40N200O1M4L300001O000OO1O2IhNfQNZ1Vn1:N0Aa0M2O11O0O2N3M3N2N2N2M3L4M4K5K4O1000O10N2N1O2N2N1O10O100O1N3L3K5N3M1N4OO0100000O1N2O1N3M3O0O1O2O1N2N2N2N1O2N110N200O1O1O1N2N2M4L4M4LadjP1
20210101202450Bh_2,ZaUT21bQn02YnSO4L3N4M1M3M2O2O1N2N2O1N1N2O10O10000O100O10000O0100O1O1O1L5L3O1O2O1O1O00001O0001O01O00000000O100O1O1O1O0O2O1O010O01O0N3O1N2O00J8L3L5K5C<K6LZ^`f1
20210101202450Bh_3,VWWk22WRl07\mUO5M4M2N10O0100O2O0MZOlPNf0Po18N1001O0O100O1O100O01O010O100O2N100O2N1O2N1O000OO2O1N1O11O000N2N2M21O201K4N3M4N1O2N2M3N4K4M4K4KogVP1
20210101202450Bh_4,k`cc13_5Nnd12`5O1O10kRn35PmQL0O2O1N3N2N1O1N101O1O1N101O1O1O002N001O001O1O0010O10O001O010O001O011N1O010O0010O01O10O000001O10O00010O0010O000010O0001O001O001O001O1N101O01O00001O00000001O000000001O00010O0001O10O01O010O0010O01O001O001O010O0000100O1O100O2OO01O1O1O010O10O010O01O1O001O001O0O10001O01O0001O001N2O1O001N101O1N2O1O002L3N2N2NVnS3NcQlL;M2O2N1N201iPN]Onn1e0mPN@Qo1i0O0OTOSQNg0mn1WOWQNg0Ro1O3MA]ObQNa0]n1_OfQN`0mn101O1O1O1O1O00000O01000OQOFYRN;fm1FZRN:em1GZRN:em1G[RN9dm1H\RN7dm1J[RN7em1H\RN8bm1J^RN6am1J`RN6`m1IaRN7^m1IcRN7\m1FiRN9_n1O101O1O1O00001O0O10bNKQSN5ol1KRSN4ml1MSSN2nl1NRSN2nl1NRSN2nl1NRSN2ml1ORSN1ol1OQSN1ol1OPSN2Pm1NoRN2Rm1NmRN2Sm1OlRN2Tm1MkRN4Vm1LiRN5Wm1KhRN5Ym1JhRN5Ym1KfRN5[m1JfRN6Ym1JgRN5cn1O1O1M20J5O1N2NJN9N3OO4N4J6Llna3OWQ^L00000U_`b1
20210127110130Ch_1,[Zj`21UQn05anSOL[PN5do15N1K5N2O1OJhPNEYo197000IEkPN9Wo1HfPN8[o162N1O2O1N100O100O010000O10000O1001O2N1O00000O010000O1000000000O01O100O1001O011O00O10O010O100O1O100N2O0O2NYoo0O^fQX1
20210127110130Ch_2,T^[k11b10Sna02VP@3M2K5O1O100O10N2O10O01O0O100O10O10001FFlPN;To1GjPN:Vo1710O02O0O2O0O101N100002N001O001O13L7B\PN1k`bQ2
20210219230330Lh_1,gWmX16W=LZU11Vh\28ZeaMIXo1h0D;E8G8M2O1N200M4M3@?O000O2O00100010O1000O01N100M4M2A?M4K5O100000001O0O010O1OO1O2N0N3O0N20OK6M21O0100N30N01N3M1002hN]RNOhm12YRNEom1;QRN^OTn1e0kQNVOXn1n0fQNmN]n1U114N3OO101O1M2M2N4OOO3J6N20001N1O2O0O2N11MO200J5111N0100O11O0000001O2N6J3M1OO3M3N1O2]OiPN9co1J5K[oc01eP\O4[PNLZo1=O0108G4JUo33^QJ0hn12TQN2in11VQN0hn12WQNOgn13XQNNfn13ZQNMen15[QNJen17\QNGcn1:`02N1N2O002O0000000O01NN4N2O20O0100O1000010O01O001O2N3M4L3L3M2M4KVZZ2K`Q\U2
20210219230330Lh_2,W^ij23U5Oae1O]Vl11jnSN1O2N2M3M2O2N2O0101N1O000102M1O010O1O00101N0001N10010O00001O010O001O010000O01O001O002N4K2O1O01O1OL4NjP>OWoA4M3M101N101N101M3AA[QN?mm1AYRN6F;Pn1DURNm0jm1UOSRNm0lm1e0O0000001O002OO2O002M2N2N1O2O0O2N8I1N1O10O11O1O1O0000O010O1N2N2NPO\QNg0bn1YOaQNe0_n1ZOcQNf0=UOWm15^RNf07[OXm1NcRNf03@Ym1HfRNg0OEkm1<SRNGlm1;nQNIRn1R12O0O2O1N3N1N100O3M101N1O1O002N1O1N2O3N0O109G2N2M2N1O1N2O1O1O3L4Ldke1O^TZN0iaZh0
20210219230330Lh_3,W^oo23U5N[f_10_TbN000QP20PPN1iPf0OZQ^O2hmK4N001ZOIbQN6_n1J`QN6To12N1@GXQN;\m1EaSN0RO;\m1EcSN0oN?\m1AfSN0jN;LIXo15nPNJlm1MhRN0WO89Jgm1OhRN0UO7`0Jam1OkRN8GG^m12mRN1IMXm14jSNLVl16g1J`PN1bQ4OWN0PP20PP20gnK0YQN0`^Tk0
20210219230330Lh_4,cYcb12cQf03Wn[OM20ZPNO]nU10ZQF0SPVO2ZP8OloE1`o162O2N0O2N_ehY2
20210607142350Bh_1,c[Qj12`P:5XoG5K6hPNG^n1U1H3M2N1000O10000BfQNlNO5\n14hQN0Po1MedhT2
20210607142350Bh_2,ndYb11gPd00To]O<F3O000O1000O10O100L4O2O00000O101N10000O2O001O010O001O1O10O000001O00001O0O10_OSQN0ln1NXQN0hn1M\QN2dn1KaQN3`n1HeQN6Vo1M2MmYVZ2
20210627163630Mh_1,[blY12no1O_Pj02^oUO5L4M4M0O2O01O1O0O101O1O000010O0000O10000001OO1O1O010O001O0100O001O10O010O0010O01O0001O00010O00000010O1O0100O010O10O1O010O0100O10O010O000000100O1O1O2N1O1NRni0Nf_c^2
20210627163630Mh_2,Ve]Q22c30fh1O`U\17dmcN>K4L5L2N3L4YOmN[RNV1dm1d0O1000O1O1O2N2N3L8G5If0^O0000000O100O1000000000001O0O10O10O10N1N3N2O1N201N1000002N010O10O1O010O1O10001O2M2O1O0O1O2O0O00100O010O10O01O01O01O0001O011O0O2O0O1O100O1N2N1O1O2N1O1O1M4M2J6N2O1003M3M4TOUQN:do1E2KWmU1Lj]Pd1
20210627163630Mh_3,e_Qk11kPb17kn_N4J4O2O1O0000001O000001O00000001O00001O10O01O001O00000001O0O10O1000O10000000O01000O0100O010O100O1O100000O10000001O000O2O0O2O001N100000000O100000O1000001O000O101O0000O010O100O1O100O0010O10O1000O10000O1O1N2N2O010O100O1001O000O2N5HQ`Vl1
20210627163630Mh_4,`]gT12Y3Oek=5WQBKnn1Q1I2O001O2M3L3M2N2N2O1N3L4MVO\RN^Ocm1a0bRNZO^m1=oRN_ORm1`0W1O1M3N3O100O001O000N2N4LSbnh2
20210627163630Mh_5,e`]`12no1OaPl00^oSO4M3M2O2N3M3N0O1O1004K2O010N101O0O10O0100O1000O100O2N101N00100O001O01O01O00001O0O2O001O1N2O001N2OAmPN2Ro1MPQN2Po1MSQN2kn1NWQN1hn1N[QN2cn1JbQN6^n1IcQN8[n1IeQN7[n1IeQN7[n1HfQN8Zn1GgQN9on11O1O1O1O1O1000001004K2N2M6K]]nY2
20210701163730Mh_1,\`R_22h4O]f11i4OmPX21QogM4L3N2N2O10O1O0010O01O001O1O10O010O10O01O1O1O200O1O010O00O2O1O010O02N01O000O0010001N2O1OZPNL^o1<01O000O000O24L1O0O10O1O1O001O01O1O1O100O1O00001O000001N1000001O000010O00001O0000000O100001O10O0001O0010O01O010O00100O1O00001O00001O001O01N2O001N101O00000O2O01O01O010O0100O010O0010O01O01O1O10O010O010O01O010O10O010O001O002N10O001O1O001O001O010O0100O100O100O0001O001O0001O0100O010O010000O1O1O01O1O1O2Mj[YR1
20210701163730Mh_2,U[_R15V6Lgdi0`0[TXO<H8I7ZQNmNUn1a1O8I13L5L0O00O2O2N1O2N3M2N8LMeRNjMml1Q2nRNZNSm1_1iRNgNWm1P21N3M5K3K4M3M4L4K4E;J5I7J5N2O2N2N3M3L6In`Tj2
20210701163730Mh_3,P^ef12\2Obl=a0_PD2N2O1N2N2N1N2CWOaQNk0\n1=O1000G8L5L4N201M3F:O1O1O1O10^PNH^o14iaZW2
20210701163730Mh_4,ShXQ11^Ph01ZoYO>G3N0O2O1O1O001O010O10O101M3N3L4K3N10001O0001O0O100O1O10010O01O10O10O010O001O0010O00100O10O01000O100O0010O10O1O1O001N2NhVUj2
20210701163730Mh_5,_gjb22X40Sha02`S@4M2N1N2O2M4N1N1001O100010N20O00O2O03M1O2N0012M2M0010101N2N004N1M1N3N24J1M2M8E7J\UQZ1
20210701163730Mh_6,e\YZ21fPj01UoWO3N2O1O010O01O00001O01O01000O01000O0100O10O10O1000O1000000O100O10O100000000001O000000001O010O1O10F\PN7go1002NO10O01O100N2O1O1NhbRa1
20210701163730Mh_7,ZiRP33m4Nmfk03PTVO;E4O00O2O1O03NO2O0O100O00O101O01N100O100011N1O1aPNDWo1c0O0100011hPN^Omn1l0O1O6XQNiNYn1a10O10O1O3N0O01O2M4M1O1O1O00121M1M2J5O001O11O01O0O2O1O4K5K2L6K7GeRoj0
20210701163730Mh_8,of^b24`7Oi`1NmX^10bocN0ao30ioI0O0000000^O0RQN0nn11a00O00010gPNOan12g00O100^QN4oNN`m1NTSNMWOk0gm1WOSSNn0nl1QOUSNl0ll1TOVSNj0nl1XOlRNg0Xm1WOeRNj0]m1UO`RNm0bm1WOSRNm0Qn1ROiQNO1f0Wn1ClQN<Un1CkQN=Zn1_OhQNOD8fn1EQRN:ln1O02N1O0O10O1O1O000011O000001O13L1OO101N1002M2O0001O2N20OO0O0100100O1O2M1O1000O3N0O03LfjS1K]]iT1
20210701163730Mh_9,[Z]S11RQj02inWO2O1O1O1O1N101N1001O000N2O1000001O010O01O0K6O0100O010O2O00001N10001O1O001O000000001OO100000000000000O1N10100001O1O1O2M2NYeng2
20210701163730Mh_10,\Z_R13T7Ojg7O]l94TT@?KOURNBYl1=dSNAmNO[m1`0VTN@jk1?o1N13N3?]OO00O100000PRN1mk1OVTN0om11km10iTLO^M0Rm11VUNOSN1bl15n2M1M1011VR2OemM001N2YNMXSN;kl1EoRN>Tn16PO\O_RNi0Zn1_OoPN4So1Eg000O10O1HO`PN2lP80inI4N1O2N2O0O2O0001O001Mi_Vi2
20210701163730Mh_11,Wb`c21\20Vk10oRV20^oiM0N2]PNNWo13:0101O_PNNUo11=01O^PN0Uo30jP:0coC000io_10XP`N0PP20]P60boG0RP80TPR20kogM000ooM010O0QP2000S\YS1
20210708060030Lh_1,dalR11XP`03coA4M1O10001N101O1O2N1O1O02O1O0O1O2N0O1000000N101O001O00001O0001O01O0NX]]j2
20210708060030Lh_2,SZWP34]90n\1Naaf15lgYN2O001O1N1O1M3O100O010N1010OO2N1J6M4L4O1N2O2G9M2O1O1O0010O10O1O10O10O10000O1O1O1N100O110OO00101OO11O000O1000O01M3M3N1O200O11O01O010O000O10000M2O11O00011N010N101N1O2OO1M4O10O0101OO02O0O11OO1N20O0O003N001O0001N1010OO101M1L4020O0N3F8101N102O1N2N101N0O10@QOoQNP1Qn1>1M4M3K6J6K6J[X\1\O]hcN100O1[\nc0
20210708060030Lh_3,PeQm12YPb03bo_O1O3M2N1\PNJ\o1>O1O2N1N2O1O1O1O1O1O0OBSQNLln13WQNLin12XQNNon1ITQN7[o10000O1O0000001O010O1O001O10O010O10O1O1N102MbYho1
20210726041650Uh_1,oWWR12Z3OYi10dTb16`n]N4I8lPN_Oan1V1H6L4J7J4M3N1N2O1O000O2O0000gN^RN4bm1IeRN^OI5am1;[SNCel1<\SNDdl1;_SNCal1;bSND^l1;dSND\l1;fSNDZl1;gSNEYl1:iSNDXl1<iSNCWl1<g10O1001O0O1000000000000000000000000001O000001O0001O0010O000010O1O010O010O0100O01000O10O10O10O1000O10O1000O100000O1000000O10001O0O10000O10001O001O1O001O00101N2N010OO101N1O1O2N2N2N1O1O2M2O1O1O1O1O0O_m[1KhjZa2
20210726041650Uh_2,PXo^13m3NRh10iTT13SokN3M2N2O1N100O10000000010O00000001O0001O0000010O000010O01O010O010O01000O0100000O101O001O1O2N00010O1O1O2N1O2N0010O00002O0O1O2M20O01O1O0O2O00000100O0O4N2M1O00000000O101N2N2N3L5JodXZ2
20210726041650Uh_3,WahR11V20bk10W20nPT25knkM4M2O1N2O2M1O2O1O0O2O1O1O1O001O1O0O2O1O001O001O001O000O1N2O1O100O101O0000000000000O2O00000000001O0000000001O000000O100000000O10000000000000000000000000000000O10O10000000000000O1000001N1000000O101O000O10000000001O0O1000001O000O101O00000000001O000000001O0001O01O0000001O0000001O000000010O0000010O01O010O1O001O01O01O002O0O00O2O001O1O1O1N2O1N2O1N2O1O1N3M2J7LenW2LZ`W[2
20210726041650Uh_4,]bfQ13Z4N_ia08ZQ@NSQNc0km1ESRNo0jm1f0M2N2O1O1OoM[RNi1cm1;O1O1O1000O10001O1ZNaRNh0`m1POPSNh0Qm1POZSNk0Tn1K2N2M2M2O1O0O2O001N101N2M5JSZak2
20210726041650Uh_5,nVkf06W:1U[1Jj_R1>emkNK]i1`0WVNFci1e0RVN@ji1k0lUNYOPj1^1XUNfNdj1b1VUN`NZj1S2`UNPNZj1Y2aUNiM[j1Q4G8K5K6L3M5L2O2N2M20OO110OO1O1O000O1G9PLUVN4MCoi1:ZVNMMChi1a0bVNDLEci1i0dVN^OND[i1R1iVNWO1AUi1[1lVNQO3@oh1b1nVNnN8XOkh1k1PWNjNdj1T1_UNjNbj1S1bUNkN_j1Q1gUNlNZj1R1jUNkNWj1m0SVNPOni1i0\VNTOdi1h0dVNRO^i1j0kVNnNXi1o0n2O002O0O1O1O100000100O010001O1O1O4L4M0N3OO1N2N2M4K6I6I`f`S3
20210726041650Uh_6,XWmf04c6Ocb1Ni[n0;ajQOEoPN2Xk31TTN2O02MXPn02goQO1N3M2K6mPN@`n1o01O2M3M3N2L4M4L3N3O1O1O1O1O1O00kSNM^h12cWN2^LO`k1OSXN;ng1DSXN<lg1CUXN=kg1DVXN:jg1FXXN8ig1GZXN5gg1KW40QP40PPL0bPj00_oUO2N107IKdmm0K[k^Q3
20210726041650Uh_7,``jn04`6Njb11X]NNhb10e60cSn2>lkQM=C7H7HFhQNXOPn1:nQNDc0Kem13SS4ORlKNeTN3Xk1NiTN3Tk1NnTN2Pk1NQUN2nj1NSUN3jj1NWUN2hj1NYUN3dj1O\UN2bj1O]UN1bj11^UN0`j11`UNN`j14_UNL_j17kSNFh04[k18eSN4h0Bck1=]SN<k0VOgk1n1TTNPNlk1T2RTNjMnk1Z2oSNeMRl1]2kSNdMTl1^2kSNaMUl1a2d01O2NTOnRNkNQm1R1VSNlNhl1R1]SNlNal1S1cSNmN[l1R1hSNnNVl1P1oSNQOmk1n0UTNPOkk1o0[TNkNgk1S1]TNiNdk1V1c101O0000AmNRRNS1nm1oNPRNQ1Un1:3M2O1N2N3M1O2N2M201N2N2N2N101N2N101O1N101N101O0O2N1O100000000000001O000000000000001O0O100O1O101N1O100O10000O10000000000OdNOkRN1Um1OkRN1bn10000O10bN0lRN0Tm10lRN0Tm10lRN0Tm10lRN0Tm10lRN0Tm10lRN0Tm10lRN0Tm10lRN0Tm10lRN0Tm10^100000]QN0Vm10jRN0Um10lRN0Tm10lRN0Tm10lRN0Tm10lRN0Tm10lRN0Tm10lRN0Tm10lRN0Tm10kRN1Um1OkRN0cn1000dN0gRN1Ym1OgRN0Zm10fRN0Zm10fRN0Zm10eRN1en1OhN0bRN0^m10bRN0^m10aRN1_m1OaRN1_m1OaRN0`m10`RN0`m10`RN0`m10`RN0am10W10VQN0dm10\RN0dm10\RN0dm10\RN0dm11[RNOfm10ZRN0fm10YRN0hm10XRN0hm11WRNOim11WRNOim11WRNOim11S100001SQNNkm11URNOkm11URNOkm11URNOkm11URNOlm11SRN0lm10TRN0lm10URNOkm11URNOkm12TRNNlm12TRNNmm11SRNOmm11SRNOmm12RRNNnm12RRNOmm11SRNOmm11SRNOmm12RRNNnm12RRNNnm12RRNNnm12RRNOnm10SRNOmm12RRNNnm12RRNNnm12RRNOmm11TRNOlm11SRN0lm10URNOkm11URNOkm12URNNjm12WRNNim11WRN0hm10YRNOhm10XRN2fm1OYRN1gm1OZRN1em1O[RN2em1M]RN2bm1O^RN0cm1O]RN1dm1N[RN3em1NZRN2gm1MYRN3hm1MWRN3jm1MURN2nm1MQRN2Pn1OnQN1Un1NjQN1Xn1OfQN1\n1OcQN0_n10_QN0glW30bRjL0`_k\2
20210726041650Uh_8,jWgo03S4Nfg11U400O10_Qf33\nYL4M2MIcPN1Vo12nPNOkn10]QNN`n12e00200N3N1010O0100000O0100000nPN5om1KnQN4nn11YOKfQN4\n1LcQN4^n1L`QN3cn1M\QN4dn1L[QN4fn1LYQN4hn1LWQN4jn1LVQN3kn1MTQN4ln1LTQN4\o1O10@MSQN3mn1MRQN3on1MQQN3on1MQQN3on1MQQN3on1MQQN3on1MQQN3^o100000000O1000001O00000000010O001O01O0010O10O010O0@ORQN1^o11_ONSQN1mn10RQN1nn1NSQN2mn1NSQN2ln1OSQN2ln1OTQN0mn1OTQN1kn10TQN3jn1MVQN2jn1NWQN2in1NWQN2in1NVQN8en1H[QN8en1G\QN8dn1I\QN7dn1I[QN8dn1I\QN7dn1I\QN7cn1J]QN6cn1I^QN7cn1H]QN8bn1I^QN7bn1I^QN7an1I`QN7an1H_QN9`n1GaQN9]n1HcQN8]n1GdQN9\n1GdQN9\n1GdQN9[n1GfQN9Zn1GfQN9Zn1GgQN9Wn1HiQN7Xn1IiQN6Vn1KkQN4Un1LkQN5Tn1KmQN5Qn1LoQN5Pn1KQRN4om1MRRN1om1NSRN1km10URN0lm10TRNOkm12TRNOmm10SRN0mm11QRNOPn11oQN0Qn10nQN0Un1OiQN2Vn10hQN1Yn1OeQN1[n10dQN0^n1OaQN2_n1O^QN2dn1M[QN3en1NZQN2gn1NXQN2in1NVQN3jn1MUQN3kn1MTQN4mn1?10O01O00001O00010O001O00000000001O000000001O00001O001O010O001O0000010O0010O01O1O01O01O00010O00001O0000001O0000001O000000000O2O001O00001N101O00001N1000001N101O001MYn_1OaQnN0YPB100O1O2O0O1O1O100O100O2O000O3N1N2OO1O001O2M1O4L3MXni4NkQVK000Vh\V2
20210730044930Lh_1,laTe22no1O10_Pn11`oQN1N2O1O1O1N102N1O1O10O10O100O01O010O1O011N1O1O010O00001O01O00000001O00010O00010O01O0000100O0010O00010O010000O01O010O010O00010O0010O01O10O01O0010O00000O101O01O00000000001O0001O0000000000000000000000000000O100001O01O000000010O01O000010O0001O0010O000010O0001O01O01O01O00010O0000001O00000000000000000000O1000O10000O1DIoPN6Ro1KlPN6Po1?O0010O1M3N2N2O1O1O0O2O2EbPNOco1N80ono10QQPN0T^gk0
20210730044930Lh_2,_WYc22e2Ocj10lS\14[oaNNin15TQNNin14VQNMhn16VQNKhn17VQNKhn19TQNIin1h0L4N200O010O01VObQNDL5cn15lQNITn17oQNGQn15TRNImm16URNHkm18o0O100000000000000O10000O100O0100O100N20O100O10O010000O1000000001O0O100000O10000000000001O101_PNIUo1:gPNHXo1`0010O01O10000O1O10O1000001N100O1001O2N01N10010O00100O2N1N1000000O10000O1O3N4L0001N1000O1O1N2MmmS1NhjjQ1
20210730044930Lh_3,Vb\k12\Pj07YoWO4N3N1N100O2O000001O0O2O000O100O2O2N1N1001O00O10O100O100O100O10O001O100O02O2N2N1O01O2N0O100O1O2O0O100O100O1N101Nh[WP2
20210730044930Lh_4,RjPh11ZP>2boC3M101O1O1O2N1O01O011N1010O001O0010O01O001O001O1O01N102L3MkTeU2
20210730044930Lh_5,dYcf15T;0^Y1NgfNOYY1O]dh25hfWM6L3N1O1O2M2O001O1O002O1O10O0O100O001O000O10001O0O1M3M3O1O010O1O1O1O1O1LRP4NRPL3N2O0O2N1O1M3M3N2O001O1O00010O00001O01O0001O1O1O0000100O0000001O1O0O1O20OO1O0N03L3M30000101O0O1O101N101O001O100N10010O0000010OO110O1O00100O00100O0O11OO200O0O110O001O00001000OO1100OO2O00010O0O101ON2O2N01001O10O1O10000O10O11OO100O1O100jN^OmRNc0ol1ElRN<Sm1ElRN<Rm1HlRN8Rm1KlRN5Tm12eRNN[m15cRNH`m19_RN\Olm1e0WRNROnm1P1`000O1O2N1O100O1N2N2O1N2OO0O1100O010O011OO2K3N3O2I5M20Ab0O0000FYOZQNh0dn164OC69J7O2M2LZnW2YOmhRe1
20210730044930Lh_6,aajj13e5Oad1OdVT12RokN:GLfPNHTo16PQNJnn16?0O001iPNJen13]QNLdn13\QNMdn13\QNMen12[QNNen13e0OdPNNin13c0O00bPNNnn11a00`PNOQo11nPNORo13lPNMVo12hPN0Xo1OhPN2Wo1NjPN1Vo1OjPN0Wo10hPN1Xo1OhPN1Xo1NiPN2Vo1OjPN1Uo1OlPN1To1OlPN1So1OnPN1Ro1OnPN1Qo1OPQN0Qo10nPN0So1OmPN1To1OkPN1Vo1OjPN1Uo10jPN0Wo1OkPN0Uo10mPN2on1NSQN2kn1NVQN1jn1OVQN1kn1OTQN1mn10QQN0Po1OoPN2Qo1NoPN2Qo1NnPN7nn1IQQN9GJQo1MWQNc0fn1]OYQNf0Po11DYO[QNg0fn1YOZQNg0fn1YOYQNh0gn1XOWQNi0Po11N2L51N2O1N5L2N3L3M010O0O101OO1001O001O000010OO100010O001O1O000000O100O1O2L5KXkS1OZcck1
20210730044930Lh_7,QYkU21oo10\QZ12_neN3N2O1O2O00000000O10O1000000O100O100O1O2N1O101N100000000001O001O1002N000000O0010O01O000O101N2N1O010O100N200N200O10O10O0100O1O1N2N2O100O10O01O0010O01O01O001O010N1O011O001N2O1O00100O1O00010O000100N20O10O100O01O100O1O3MeoS1M^gb_1
20210730044930Lh_8,kVod17V>MYS11llNLTS12^>O1O\\l40UcmK1_PVO00000`PN0on11PQNOQo11nPN0Ro1OoPNORo12mPNNTo12kPNNVo12iPNNWo13;0O1YPNN_o1901OI`PN0^o10ePNOZo11hPNMWo15iPNKWo14kPNKSo16nPNJQo16PQNJon14TQNLkn12XQNNgn11[QNOdn11\QN0dn1O]QN0cn10^QNObn11^QN0bn1O^QN1bn10^QNOcn10]QN1Xo101O0000010O1000O0010O10O001O01O10O00010O000VnQ10cQB0WP^O0QPN0O01000O0nPN0Qo30UoM0m00O0lPN0Yn10hQN0Xn10gQN0Yn10gQN0Zn10eQN0[n10eQN0[n10eQN1[n1OeQN1Zn10fQNO[n10dQN1\n1OeQN0\n10b10_N0aQN0_n10aQN0Xo10WO0aQN0_n10`QN1`n1O`QN1`n10_QN1_n1NcQN2Vo1OO1001O10O0010O10O10O10WOOcQN1Vo10000O10QN4jSNLRl11]RNOYQ<0RnE8NKcn7MjQH0PP40PPL000O1O1OOhP4OZoK0O10001nN4PRNJnm15URNLim13ZRNMcm15_RNJ^m13gRNMYm10iRN0^n16jNJ\1000J2o00SO1H8KF`00O1M3ZOe02N1O2N202L3LRoa0E\Q^O1O100O001O1O1N2O00001O0DFRQN:Zo10CFTQN:kn1FVQN:in1GWQN8jn1GWQN9hn1GZQN8Wo1000]OH_QN6Vo10000000[OJ`QN6`n1J`QN5bn1K]QN5cn1K]QN5cn1L\QN4dn1M\QN3cn1N_QNOan12_QNMan14_QNKbn15d010O100O01O0001O01O1O00O101O00_PNMUo13kPNMUo13iPNOWo11iPNOWo11hPN0Yo1OgPN2Wo1NjPN3Uo1MjPN6To1ImPN9Po1HPQN8on1HRQN8mn1HTQN7ln1HVQN8in1GYQN8gn1HZQN6hn1JXQN5hn1KYQN3hn1NWQN2in1NXQN1hn1OXQN2gn1NZQN1fn10YQN1fn1O[QN0en10[QN0en11ZQN0fn1OZQN1fn10YQN0gn10ZQNOgn11WQN0in10VQN0ln1NUQN2ln1NSQN3mn1LSQN4nn1LPQN5Qo1KnPN4To1LkPN5Uo1JkPN6Vo1JjPN5Wo1KhPN5Yo1KfPN6ao110O01O2O0GGkPN9^o10EGnPN:Qo1GoPN9Qo1FPQN9Qo1GoPN9Po1GPQN9Po1HoPN8Ro1HnPN8Ro1HmPN9So1GlPN9Uo1IhPN8Xo172N1O2O0O2N2O0O2N1O2O1M]mo4OfRPK00000Uil[1
20210730044930Lh_9,oaje21oo10\PT10cokN2O1OMVPN1ho10YPNOgo10[PN0do10]PN0bo10_PN0`o10aPN0go111Oeo70\QT30oneL0ooM000QP40ooK000QP20ooM000000000000000`nm10a_[o0
20210730044930Lh_10,ie\P21PP20ZPd00fo[O0iYgn1
20210730044930Lh_11,fe\V32\Pd02_o]O2O2N101N3N010O1O4L1O100O100O2N010O1O5K02M3N00000000000O1O1O2N100O1O10000O001O001O001O001O2N1O2O0O1O2N1OUXee0
20210730044930Lh_12,TUUf16Y`0OSo00QQOM]\Y30\SfL0^o1OhPN0Uo10nPN1on1ORQN2ln1NUQN1in11YQNNfn11\QNOcn11]QN0an11`QNN`n12aQNN^n12cQNN\n12eQNOZn11gQNOYn10n0OgmU50TRPK0SQJ0on10PPN00010O000oo30O0Ro50nPN0RPH010O10O0010O000oo10PPN0010O011O00100000lPN0Xn10l0000kPN0Uo100000oo10QPN000O100000O0000amS10_RlN0N1O20ON4LKSP2ORPN1N21100RQN4jm1MVRNOlm13TRNJmm18SRNHkm11`QNOe00jm10_RN0bm10^RN1gn1NC:6N2KVOMRRN2Pn1OmQN2Sn1OkQN1Vn1OiQN0Zn10dQN0^n10j011NkiS2OnU\N1i`^OOgi_f1
20210811072510Th_1,[k`Q12Z4O\hi00WSXO2J<I3L5L4M4L1O1[QNPOWn1R1dQNUOZn1]1K2M3N2N4M1N1O4M1O1O1O010OlN`RNH`m14jRNEWm18mRNFSm19PSNFPm19QSNGPm15RSNKol10USNOPm1FWSN9Zn1O1N1N100001O1O100O01O001O0000100O010O01O00010O1O10O1O2M200NVQki2
20210811072510Th_2,SmbR12SQj0OSo]O0koI0mnQ21PQnM0`RQj2
20210811072510Th_3,cmfR11cPd00UQQl2
20210811072510Th_4,\lRR12Q3OQki04nQXOM00000ORRil2
20211119005210Mh_1,^]f`12a3O_ig05iRZO4aQNJml19oRNJol1:kRNIUm1<eRNE[m1`0_RN@cm1f0TRNYOQn1h0iQNYO[n1T13N4L4L5K2N2N201O1N1O101N10OO2N2O0O10001O0010N20O00001O1O01O001O01N001O001O002Lk_a[2
20211224120130Ch_1,_bZ^22`3Obi94gRH;F5L4L3M5K20O9G4MeQN@Tm1`0hRNBYm1>eRNEZm1;cRNG_m19]RNJem18nQN1Vn1j03J4K5L4K6He0\O^[o_1
20211224120130Ch_2,VWcT22n20okm03oPTO1N011N2N100O002N101N11N010O100O001O00O0100O10O001O000000000O1O2N0100O10O100O010O100001O00000O1O10O10O11N10000O1BBYQN`0gn1BVQN`0jn1ATQN>nn191O0O2HmPN@Wo1=7O3K\hXf1
20211224120130Ch_3,P]e\22`3Omh11TUh2O]nWM2O1O10O01O011O0O10O000001O001O001O1O0010O010O010O010O010O0100O10000O00100O0010O010O0001O00001O0O100000010O10O10O2O0O0100O1003L1O00100O1O02N001O2N1O1O2N00100O0000001O0001O0001O0000000000000000001O000000000001O000000000]OF_QN;`n1G_QN8`n1J_QN7`n1K^QN6an1K^QN5cn1L\QN4dn1L[QN5fn1JZQN5gn1KXQN6hn1KVQN6jn1LSQN5nn1>0O100000000000O10[OPQN:Po1ERQN:nn1FRQN:on1FoPN;Qo1:000O1000O01000000O10O10YOnPN?So1AmPN?So170O100O1000000O2O001N1000O01O01OO200O100O100O00100O010O10O010O10O0100O100O100O010O0O20O000001B[O`QNe0an1[O_QNd0an1^O\QNc0en1]OZQNc0gn1]OXQNd0gn1]OYQNb0hn1^OWQNb0jn1_OSQNb0nn171O001N10K50O1O2O1N2N200000OIlPNDTo1;nPNCRo1>oPNAPo1`080O10BjPN2Xo1KkPN2Vo1Mkog2Oechl0
20211224120130Ch_4,]deZ21YPn03coSO1N3N1O2O1N1`PNKTo1`001O1O010O1O10O00000001O9F102N1O000O10000O2O001O10N1O2N2O1N2O1N2M201N2O101N001O000O10O0001O0010000O10001O001N2O001N101O001N2N2M2O4KfZj_1
20211224120130Ch_5,`[mf24l70P`1OT`NNl_11R800OQSn31olQL2N0^S:3]lE3M2EJkPN7To1;00O1O10001O0O101O000[MTOVVNl0hi1UOXVNl0gi1TOZVNl0di1UO]VNl0ai1TO`VNl0Rh1ROdVN1[1m0Ph1SOdVN0]1m0ng1TOeVNO]1m0ng1SOfVN0\1m0Xl101O00001SOnPNj0Uo1O1O1O0001O000O1O100O10000O1000000000000000O2O000O2O0O100O2N1HiPNFXo199N1O1O1Oao9KcPF5K2O2O1N2O2N001O00000000001N1000001O000000000000000000O10000O100O100O100BaPN9eo1O1N1O2N3Mgo71WPH3O0O1O0^PNJ\o15ePNLho100OQoc01kP\O4H7N2O1jPNCin1>VQNBin1?VQNAkn1?UQN@kn1b09010O00000000000O01O100O001O00001O010O01O01O010O01O10OdLAXWN`0hh1_OXWNb0hh1^OXWNb0hh1^OWWNc0Rl12N10OO2000000000O100O1N2O1O101O0012M000000000002M101O0O101O000O100000000O10000O01000O10O1O001N1O2O1O1O1O10000O100010O3M0001O00000O2J5O2N1O1O1O1O1O1OCTQNHln14\QNHdn17^QNHbn17`QNH`n17bQNG_n17f0O1N2N20O01O00COlPN1Uo1OjPN2Uo1NkPN2Vo1NjPN2Vo1MiPN4Xo1KhPN6^o13O1O100O100000O001O100O0010YQNFhm19XRNHgm19YRNGgm18YRNIfm18ZRNHem19ZRNGgm18XRNJgm17WRNJjm16URNJkm17TRNIlm18SRNImm17SRNGnm1:QRNFPn19PRNGPn1:oQNFRn1:lQNHSn19lQNFVn1:iQNFXn1:hQNEXn1<gQNDZn1<fQNDZn1<fQNDZn1<eQND[n1=dQNC]n1=bQNC^n1>bQNA_n1?`QNA`n1?aQN@`n1`0_QNA`n1`0`QN_O`n1a0`QN@_n1a0aQN^O^n1c0bQN^O\n1d0cQN]O[n1d0eQN\OZn1f0eQN[OZn1e0gQNZOXn1g0hQNYOXn1g0hQNYOXn1g0iQNXOXn1h0gQNWOZn1i0gQNVOZn1j0eQNVO\n1i0=0100O0O2O1OTQNZO`n1e0aQN[O`n1=eQND`n14cQNLXo11O0N3KK\PN7bo14O2M2ROA[RNa0em1@oQN1G`0Zn1@eQN>0OZn17jQNHVn15nQNJSn1NURN1mn100N`PNF^o18cPNJ\o15ePNMXo13iPNMWo13hPNNXo12fPN0Zo1;01ePN]OWo1g0O1O0001O0N2N2N3H7N3N2MimW1N[RhN001O0000000000001O0000000`dV;
20211231180850Bh_1,gW[Z22SRT10immN4M101N2N1000000O1000O0100O0010O01000O01O010O001000O010O1000O0100O10O10O10O1O010O1O001O1O1O1O1O1O001O001O1O001O0000L5N1O1O101O00O01001M20001O000001O010O0O2O1O1N3N1O1O1N2O2Mbok0NkhX]1
20211231180850Bh_2,Y]_d21kQb00jl_O8]RNH^m1=Q13N1O2N1N8WQNUOom1S1iQNlNXn1U197I0O02N100001O010000O2fN^QNS1in1N2O001N3N0O2N2N2M2O0O2O1N102M1N4M3L4NTa\X1
20211231180850Bh_3,d`fW22QQ<OjnE<F6K5K5K3K5M2N2N3M2L3O1O1O101OO1TOTRNDlm1:YRNCgm1:^RNCcm19eRNB[m1=T1O2N3N3JR_Yf1
20211231180850Bh_4,Ph`T11[Ph08[oYO3M3N1N2O100O10O11O01O1N11O00000O0100000O1O101N2N1O00000O10000000000O100000O010O100O100000001O000N3N2O1O2M2N2FcPNO_VYg2
20211231180850Bh_5,^SoS22TRb04nm]OKbo1;M3N2O000001O0001O001O001O1O2N3M2N100O0000J_O\OSRN`0Pn1CmQN<Vn1EhQN;Yn1EfQN:\n1H`QN9`n1KZQN6hn1`01N11O0001N101M3N2M4J7GXllh1
20220124155050Bh_1,^V][14b8Oe^1Oj[f1OhlYN:H6M2N2N2M3O0O100]TN[Ojg1f0UXN[Okg1f0SXN[Omg1e0RXN\Ong1d0RXN\Ong1d0RXN]Omg1c0SXN]Ong1a0QXNAog1?RXN@ng1`0RXN@og1?PXNBPh1>PXNBPh1=PXNDPh1<PXNDQh1:oWNGRh17oWNIRh15nWNKTh13lWNNXh1KkWN4Pl10010OVKHmYN9Qf1JmYN7Qf1MmYN2Sf1OlYN2Tf1NlYN1Uf1NkYN3Tf1NjYN3Wf1MgYN4Yf1LfYN5Zf1LdYN6\f1IcYN8]f1IbYN7_f1H`YN9af1F_YN:cf1D]YN<ef1BZYN?hf1@VYNa0lf1^OnXNh0Ug1TOiXNm0Tk11000000000O11O00001M101N1L3101N1N4M2O1O2O0O1O1000010O00010O0O10[MWOUVNg0ji1_OSVN?ni1CQVN<oi1FoUN9Rj1JkUN6Vj1KfUN6[j1LaUN5aj1K^UN4dj1MRTNB9b0gk1MkSNJ89ok1NfSNO43Yl1NaSNY1dl1fNTSN^1ol1aNnRNb1Sm1]NoRN`1Sm1^NnRNa1Xm1VNlRNj1gm1L4L5K5K4K6F<CifT\2
20220124155050Bh_2,nbhe13c4NcgS14cSnN7I5L5L2N3M3M4M001N3N2N011N102N10O000O1000O2OO10O010O0101N2N2N3L4M5K1O1O001O1O001O0O1000000000O10O10O10O1O10O010O0001O0100O0010O010O01O01O1O01O0001O000O102N1O1N2M5I]lU1Oj`_Q2
20220124155050Bh_3,ebnd13R6Ogc10U6OWRZ20mmeM3MN01fNOdRN2Zm1MgRN4Wm1MkRN3Rm1NoRN1Pm11oRNNTm10lRNOVm10iRN1Xm1NhRN2Xm1NhRN2en1OO10O0010O10O0OhN0aRN0`m11^RNOem11WRN0mm1OPRN1Tn10gQN0[n1OdQN1\n10cQN0^n1ObQN2]n1ObQN0_n11`QN0`n1O`QN0an11^QNObn11]QN0cn10]QN0dn1O\QN1cn10]QN0cn10]QN0cn10]QN0cn1O^QN1bn1O]QN2cn1N]QN2cn1M^QN2cn1N\QN3cn1N\QN2en1N[QN2en1M[QN3fn1MZQN3en1M[QN3en1M[QN4en1LZQN4Zo1O]OMZQN3Yo1010O010O010O1O1O100O1O1O002M101O1O1N3L2I]OmPNh0So13O02OO0100O0010O01O1O001O1O1O001O101N2M3N2N1O1N2O001O1N2N1ORP>0ooA3M000O2O001O2M101O1O1O1N2O1O000001O0O101N1O101N2N1O103K^Xio1
20220124155050Bh_4,Pece12e2Ocj10g2000cQd30knYL4on1OnPN3Po1NoPN4nn1`00001N1000000O2O0000000000000000000O10000000000000O1000O10000000O100000O100000O0100O10000O100000O100000O100000O10000O10O1000O010000O100O1O010O1O100O1O0010000O1000O100000O10000001O0000000000001O000001O0000010O0000O10000000000000000000000O100000000O10000000000O10000O1O100O100O1O10O010000O10O10000000000O10000000000O3N0000001O000000000000000000000000000000000O10000000000000000O10O010000O10001N100O1000000O10000O100000000O1000000000001O0eQNfNPn1[1nQNfNRn1[1kQNhNTn1Y1kQNgNUn1Z1iQNgNWn1a100010O00000001O01O000000001O000000001O000000001O000000001O001O1O001O001O002M2fN^QN21j0Po1N3L2]OhPN<ao1M1N3N1N4MPnc3LTR\L000P[da1
20220124155050Bh_5,a`fm01oo10^QR13]nmN2O1N2L5M2KCfPN=Zo15O1N2O10000O1O010O10O010O010O1O1O10O0100O100O100O1000O0100O01000O100O10000O10O10O100O1000O10000O100O01000O10000000O100O1O100O101N10O10O2O0O101N1O2N101N2Maoo0OQ`ii2
20220124155050Bh_6,jSaP11\P<5\oE5M3M3M2O2M3hPNAin1l0O2O1N1O3N0O11O0O2N001O2M2M4M4[OPQN2Uo1GRQNOIO^jdm2
20220328035030Lh_1,aVm`03g21AO_h1N^Yl05ckSO4M3L4L2L5L2N3M3M2O1O001O1O1O2N1O1O00J6O0011O01O1M2M5M102O0O100000000O1N2N2O1O1O1O10000010N2O001O100O1O000O100N101O1O2K3N3N2O100001O1O1N2O2N2N2N1O1N2N4L3M3M4K`hRY3
20220328035030Lh_2,h_ZQ13m4NSia06go_O0RTN4ik12RTN3kk1OQTN4nk1NnSN5Pl1MmSN6Rl1KjSN:Sl1IhSN;Vl1IdSN8^l1K[SN4il11oRN1Sm1\1201O2O001000O10OO3NlNhRN_OWm1<RSNBll16^SNIdl1@STN>im1O0000010001O1O0O1O01O1N4K6KZ\ek2
20220328035030Lh_3,kofb12`Q<1SnE=I4N2L3HYOSQNm0gn19N200O100O100000000001kNbQNf0Po1L2N2M3N1O1O2N2LmnX[2
20220328035030Lh_4,mdd^22dPn05RoSO7K3M3N2N2N1O10001O01O2N2M2O1O0O1O100O10000O100O1O2OO100000000O10001O000000000000000000O02O0000010N2O1O001O000O1000O011N1O1O1N2O2N1N3N2N2M]XQ\1
20220328035030Lh_5,hd^^22Y40UhQ15XSPOLaPN0[o1NlPN1Po1OSQN0`o10YO0\QN0bn10`QN0^n10cQN0\n10eQN0[n10eQN0[n10fQN0Yn10gQN0Zn10eQN0\n11bQNO`n11]QN0en1OZQN0hn10WQN0\o11O01O_O0RQN1_o1O@0QQN0_o10A0oPN0Qo10nPN0So10lPN0Vo10iPN0Vo10>000O100O010_PNORo11?01O0000_PN0Qo10oPN0Qo10oPN0ao10@0`0000TP80d00XoG1O3M4K2O0O1O1O2M2O1O1N101H\ORQNe0nn1\OoPNe0Ro14101N2O1N3M1N3N2M4Kelk0Jk^cY1
20220523234912Lh_1,oT_Y24X7OYa1NX]`1:ji_N5L4L2N1N2O1O1O100O00100O0010O00010O0001O0O2O1O0000000000O1O1M3O2OO100000000000000000O010O1O10O2O001O0O000001000O01O0100O10OO20O01O01O1O101N100O10O01O100OoNARRNL5d0fm13SRN0lm1Q1000001000O1O10O01O1O2M2M3O1M3L4I7M3N2N3M202O0O2O0O2O0O100O101L6KinY1GclT[1
20220523234912Lh_2,gUR]161KT40]g11\4O`SV21^liM3N1N2O1O2N2O0O3M1M4L4L3O101N100O100O100O100O10O010O00010O00010O1O0100O010O01O1O1O001N10100O1O010O1N2O1O0O2O1N2O1N2O10O01O10O00100O010O1O10O010000O10O010000O1O1000O0001O010O0010O0100O1O100O100O100O10O0100O100O10O01000O010O1O00100O01000000O2O0O2O001N100O2N10O0100O010O10O01O100O1O1O2N1O101N1O2N1O2O1N2O2N1N2O1O1OUOoQNHPn16TRNIkm16XRNIgm16[RNJdm15^RNKam15_RNL`m13cRNK]m15dRNJ\m15nRNBSm1=QSN^OPm1a0USNZOmN1jm1e0]SN\Obl1d0_SN]O`l1a0bSN_O]l1a0dSN]O^l1a0cSN_O^l1`0bSN_O`l1`0b1M2N2O2M3L3NknU2NXQjM0YjoR2
20220523234912Lh_3,oViY23n4NkiW17lPjNJfPNOVo10=00000no10QP20QPL00010O0PP20PPN00001O000000O1000Rmm40dTRK1ceX^1
20220523234912Lh_4,WYUc24Y8MY_11i`NOW_10n^Z3=QieL5K2O0O10001O0000001O00001N1O100O001O1O001N110O00100O010N11O010O010O0010O0000000O1000N3O001O00001O0O20NO3OO100O100O010O0100000000000010O0000O11O0N200N3O001O1O10O010O01O0001O0000000000010O0100O10O0100O1O010O00100O10O010O1O001O100O1O1O1O1O100O100N110D;N2N30O0001O00010O01O001O1O100N2O100O1O100O100O10001N10000O10000O10000O2N10000O100O100O100O100O10O0100O010O1OO1100O010O01O010O010O1O001O001O01O0001O01O0001O001L3O1M3O1N20001M102L201N1100O2O0N3O1N20ON300N2O1O001O0O2O001O1N102L3N3K7JfnQ3LZhRd0
20220523234912Lh_5,iYSm22no1OfR^10ZmaN000O11O010O010O100000lPZ10ToeN000O010O010O010O010O010O010lo70SoU20kocM0YRL0jm10R10RQN0nm10Q10O1000O01O010O001001N02O001O3YPNJ_o194H_oW1Oofbg0
20220523234912Lh_6,`]mo11\Pb04]o_O3N4L2O2O0O2O2N0O10O010O100O1N101O1O001O1O010O10O2OO10001O01O2N2N0001O0O2N2N2M5IUanl1
20220523234912Lh_7,[dSb21^Pj02ioUOOZo1`0L2M3O1O1N1001000O100O10O10O2N001N2O1O1000O10O000010O01O0001O001O1O0O2O001N1O2N1O2N1O2O0O1O101N10000O100O101N1N3M3N1MlZZY1
20220523234912Lh_8,VZSY11jPd00Ro]O4M6K2N2O1O1O01O100O1O1O1O10O010O00100O010O10O0010O0101N1O1O000000O0\OL^QN4_n13\QNNcn16YQNJgn1:TQNHkn1g0O0100O1O100VOYQN9in1E\QN2jn1MWfXc2
20220523234912Lh_9,Uc`_11iPP15onQO3M3O0O100O01N1O20O001O001O001O100O100O1O100O10O01000O100000001O011N6K00O10O01O100O00100O0010O010O00100O0000001O0000O100O10001N1NBbPN>^o112O2D`PN4ao1JaPN5go1M2Oj[oZ2
20220621185332Bh_1,f_Tf15R8Nd_1OP_Z14SieN2N2O0O2N100aJ0mZN1Re13kZNMUe15iZNJXe17fZNI[e18eZNG\e18dZNG^e19aZNG`e19_ZNFbe1:^ZNFce1:\ZNFee1;YZNDhe1<YZNChe1=WZNCje1>TZNBme1>RZNBoe1>PZNBQf1>nYNBTf1>jYNBWf1>iYNAWf1`0hYN_OZf1a0eYN@[f1`0dYN@]f1`0bYN@_f1a0^YN@df1?[YNAff1?XYNBif1>VYNBkf1?RYNBof1>PYNBQg1>mXNCTg1=kXNDUg1;jXNFVg1;iXNFXg18hXNHYg18fXNIZg16eXNK]g14bXNM^g13`XNNag12^XNObg12[XNOfg13VXNNkg13SXNLog14oWNMRh13mWNLUh13jWNMXh13gWNL\h13cWNL`h13^WNMch14\WNLeh13[WNLgh14WWNLkh13TWNNmh12RWNMPi14mVNLUi15iVNJXi18fVNG\i19cVNE`i1:`VNEbi1;\VNEfi1:YVNGhi19VVNGli19SVNFPj18oUNISj16jUNLWj14gUNL[j14dUNL]j14`UNMbj13]UNLej14YUNMhj13UUNNmj12QUNOPk11nTNOSk13jTNNXk11eTN1\k1ObTN1`k10]TN1dk10WTN1lk1OQTN2Rl1NjSN4Xl1LbSN6al1LYSN6il1_12O1N3M2N2N1O2N3M3M3M3M4K4M4K8_OTQN@So17a0IXka1KZecn1
20220621185332Bh_2,TgPf01_Pd03\o]O2M3M2O10O100N2O1000O10000001O000001O00100O1O2N2O02OOO2000O2N104L1O0OO101M2O0O2O1N2N1N4LhWaV3
20220621185332Bh_3,kgdW32Z3OYi10PTn05VoQO6J5L7I2N2N101N10001O2M9I2N00O010O1O1O1N2O100O1N102M2O2N1O3M004K2N101N2O0O10O11O0O0010O0001O00001OO100O010O100O1000000000O100000O010O10O0100O100O010O0100O0O2N2O1N2O1N3Mkmo0N^Zm?
20220621185332Bh_4,g`Pb12Q3OVk=0aQDa0C6K5J5L4L4LYOeQNNXn10oQNMom12WRNLgm13\RNMbm12bRNN[m11hRNOWm1OlRN1Sm1MQSN2ol1LSSN4nl1HVSN8Yn101O00001O0000O10O00100O001O2Mi\a[2
20220621185332Bh_5,`df_22dQf07Pn[O8H5L2N1O1001N1J6O1N3N1O10000O10001O000001N11O00000001O0000000000000001O010O10O01000000O1000001O0O2O1N1NR[Y\1
20220621185332Bh_6,bUaf14f8N^^10]]^10lk_N1in1k0G6L6K9G6J5I6L4L2N3NgNhRNNTm10USNLhl1OdSNNYl10mSNMRl12RTNMjk15ZTNIdk16aTNG]k1:eTNFWk1<lTNCRk1=QUNBlj1`0UUNAhj1>[UNCbj1<aUNE\j18hUNIWj13nUNMPj13SVNLli13XVNJgi17ZVNIei18\VNFdi1;\VNEbi1=^VNCai1<bVNB^i1>dVN_O]i1`0fVN^OZi1b0hVN\OWi1d0kVNZOVi1f0R3O001O1O1O00001O1O0O2O00001OYTNBng1=RXNEmg1:TXNGkg18VXNIig16XXNKgg14ZXNMdg14\XNMcg13]XNMbg13_XNMag13`XNM^g13dXNL[g15eXNMYg12iXN1Rg10nXN1Pg1ORYN0mf11TYNNkf12WYNMif12YYNLgf13[YNLff13[YNLef15\YNJdf15^YNJaf17_YNJ_f16bYNL\f13eYNNZf11gYNOXf11iYNOWf10jYN0Uf10lYN0Tf1OmYN1Rf1OoYN2oe1NRZN3me1LSZN5le1KUZN7he1JWZN7he1IYZN7fe1IYZN9fe1HZZN8fe1IXZN8fe1JYZN7ge1HZZN8ee1IZZN8fe1F[ZN;de1E[ZN=de1C]ZN=ae1E_ZN;`e1FaZN9_e1FdZN8[e1IkZN0Ue10P[NKPe16T[NEld1<[51O1O01O100O101O000N2N3LPifP2
20220621185332Bh_7,e]Xk25Q:Nf[11]dNMc[11W:00OiQT4:lmkK2O2O0O2N101N2O0O101O0000000O10000001O00010O010O00010O0010O01O00001O1O01O0100O1O0010O1O02N010O1O1O0100O01O0011OO01O10O11N10O02OO11OO10O0100O1000O01000O10O01O010O010O10O11N1O001O10000O00100O100O010O002OO0100O011OO00100000O01O10O10O10O1O01O10O1O0000010O10O000001O00000010O01O000000001O00010O01O01O00001O01O001O0001O001O01O001O0001O00001O001O010O10O01O001O1O010O00100O10O0002OO001O0100O00010O1O1O00010O10O01O10O000100O010O011N100O0011OO100O010O100O0010000O10000O020N200N2O1O3M2M200N210N1O100N203K10001N200N10100O105J1N3O1O011L2O0000O11O00O1O2000N002O1N013M1N1ObMQSNk1Rg1fMh^N<[Jk1mf1iMi^N9_Jk1hf1lMi^N8aJk1el1UN]SNi1df1oMj^N6dJj1cl1TN_SNk1`m1I4N2N2M3MYNcNQUNX1Qk1hNoTNV1Sk1jNmTNQ1Yk1oNlTNg0Xk1ZO[UNNkj11b201000O110N1001O1OiP23RoM5K:IMRie0@^WZO0foU10gShN0Vi10eVN3^i1M[TN2LNUO060L0=2AO020N44Sm1MRSNN51B00024NK0062KOOO020N53KO0O1ORm10USN0N21OIO110001ON0030M21O0O21NO31L10O3Ool10nRN033NO>OG08OG1L60IO040Um11kQ43QQJLM0O05071GOf23eMME2=e0@B062DTh11mWNLO0c00^O0g21WM2NM40M31OO111NL0i01;3mNe01^k1NiSN0c01^O279IG1N<1e0Ooj1OSTN0`00]O400N60J0O=Oe01nWS:
20220621185332Bh_8,Ra^S12h2Omjc07QR^O>D1O1O100O1001O10001N1O01O0000000O1O1O1O1N2N2N3N1N3M2O1N4L3MVOcQN4[n1ImQN4Pn1KVRN3hm1L]RN1bm1NbRN0]m10fRNNXm13kRNJUm17nRNBVm1=V10100O2M3Kb^Si2
20220621185332Bh_9,ifVV33a4Njf10^UV14PoiN:HKaPNNOJYo17gPN5Xo1<M3N001N11N2O0O2O1O1O1O0010O00AlPN2Ro1MTQNOln1OYQN0en1ObQNM]n11j0ORQ60PoI2O42K0OUP<0ioC0RP40noM0RO0S1000oo10moK0O0_PN0Qo10aP20ooM0>0SO0_P4000;0doK00000`o=0`PB0>0SO0nPN0ao10@0oPN1Po1OQQN0Po10PQN0`o1000O10O0010O0O000^l[10k\_?
20220621185332Bh_10,j\bf01c00K8i5Jhi1NUji2;]UVM4K5M3O1M3N2O1N1O2N2O0O2N2O001N101O0O100O100O1000O100O100O10000O2O000O2O0O101O001N101O00001N101O001O0O101O01O00010O001O010O001O00010O000010O0001O0001O001O010O00001O00001O0O101O0O2O001N100O2N100O2O0O2N101N101M^Rl2HQnQM0do1:L101N101O002N@cPN>\o15N1O2N1O1O3N1N4M2N[OZQNOfn1NhQNGXn18iQNHWn17jQNIVn16kQNKVn13jQNNUn11lQNOTn11lQN1Rn10mQN0Sn11mQNMUn13kQNMTn15jQNLVn14iQNNUn12lQNNSn12mQN0Qn10oQN0Pn11PRNNQn12oQNNQn11PRNNQn11PRNOPn10QRN0om1ORRN0nm1OTRN1km1NWRN1im1NZRN1fm1N[RN1em1N^RN0jn10Zo51`PJ8I65KO01O2ISjo2NRVPM0Vc]f2
20220621185332Bh_11,\Uae15o8Mk]11XbNNh]11n^d2O[j[M0jn99ePF9D0SQN@en1`0bQN_O^m1OlRNa0K@Qn1<URNFfm19`RNG\m18iRNFUm15SSNKjl15XSNLfl12^SNM_l15bSNK[l16fSNKUl18mSNGok1=QTNDmk1;VTNFgk18R2M4LeRNLQk12QUNNoj10SUN0kj10WUN1]m10WMObUN0Wm11N1O4L1O0001O11N10O11N1O10000_LF[WN:ch1F^WN5aLNbo11`PNNao11`PNN`o12aPNNgk1OjWN2`LNYk10kTN0]32`LN]o1190[PNO\o10dPN0\o11dPNO\o11cPNO]o11ePNOmj10TYN2ck1O10O10000gKNbXN2]g1NdXN2oKN^o13aPNOSk1NPYN4lKN_o11bPNO]o11ePNM[o13fPNM`j10PZN2`KNZo12fPNN_j10RZN2_KOYo11gPN0\j1NVZN2^K0[j1NWZN3_KOUo11lPNOVj1N[ZN2`K1Sj1MhUN0^42iKOnn11SQNOWj1OoYN2jKOVj1OQZN0kK0Uj10PZN0kK0^o10000000ZJ0\[N0cd10^[N0ad10`[N0Xj1000UJ0f[N0Yd10g[N1Xd1O_[N0gJ1ji1Ob[N2_J0mi1Og[N4Zd1Km50PP20bPL0nn10RQN0nn10QQN1nn10RQN0nn11QQNOon11QQNNPo12nPN0Ro10lPN1Uo10gPN3Yo19010N20000O100O2O1N1O2N2N1OQP^2NnoaM5M3N10010O0000001O00001O011N001O000100O1O2M3K[n]2L`lnf1
20220621185332Bh_12,S[ei21[Qb03_n_O5K2O1N100O100K5O1O100000000O101O0001O1O0N4M2O2N1O100O1O010O001O01O01O010O00002N1OedTS1
20220621185332Bh_13,_Tcf01oo10\PP12aooN2N2YPNKao1;_PNFYo1b0O3M5K1O012M1O0010O01O100O01O1O001O001N101M201N101O0O101O000O2O00001O1O001N101O0000010O001N2O000000000000000001O0000001O00001O000000001O1003L2N00100O1O1O1O10OO200O1NVjjR3
20220621185332Bh_14,Ua_i12no1ObQV14YniN3N1N2K6N1O2O1O0000000010O0001O01O0000000000000000O10000O010O1O0MZOnPNf0Qo14100O010O100O10O010O0100O1000O01000O010O100O1O010O1O100O0100000O100O1O1O101O0O10O1O001O100O1O100O1O00010O100O10001N101N2N2M5L3M1N2N3M1O^oS1O`_`l1
20220626185332Bh_1,^ffm03X5N\e11Z5OQQf13knYN9I2M2O1N2O1O010O1O001O1O010O100O100O01000O10001O1O1O001001OO104J6K2N1N1O101N2O0O2O0O10002M102M0100O10OdNlQNm0Un1iNVRNV1_n1K5K1O001O2N1N3N001N100O100O1O2O0000O100000O100O00100O0001O100O001O1O1O001O00000000001O00000O10000O100O100O01000O01O001N10001O1N101O001N2O001O010O0100O010O0100O010O1O0010O01O00010O001O1M5Milc1M[S\N0bY]e2
20220626185332Bh_2,lebh12[4OWg11\4OoPT21PokM2O2M2N2O001O1N101O00000O101O0000001N10001O0001O0001O0000001O0001O01O0010O0001O000000000001O00001O00001O001O001O1O001O001O01O010O01O00010O00010O0010O000010O0010O010O10O10O10O10O10O01O10O10O10000O10000O10O10O1000O01000O0100O1O10O010O0010O10O001000O000001O01O01O0010O100O10O010O100001O2N1O1O0O2O0O10000O01100O01N2O3M1O0O100O101N1000O010O01O10O01O001O1O2N1O3M1O1O00001O0O1OYlU20hSjM0TZUg1
20220626185332Bh_3,jZc_11oo10PQT12mnkN101O001O001O0000001O00001O000000001O0000001O001O00001O00000001O00010O00001O00001O00001O0000000O1000O100O100O100O1O001O01O001O010O001O010N110O0010O0100O01O001O1O001O01O001O100N1O2O0000010N1NjoQ1NaenV2
20220626185332Bh_4,PW[T13f4N[je01hP\O7M2N3N1O2N0000O1O1O01N001N2L4M4K4N2ON1O1O2O0101N10O101N1N2000O2M200O2O1O1N2O1GLhQNSOVn1l0?O2N3O0O2N2N3M3M2N3M3MVhdg2
20220626185332Bh_5,RU[Z21`Pd02[o]O3N101N10000O10O10O1O100O01O001O00100O01O010000O10000000O1001O01O00000010O001O00010O001O1O1NdjRb1
20220626185332Bh_6,^W[m22SQf02fn[O6M1O1O000001OhPNIhn16UQNOin11VQN1in1d00O01OO2O0O2O0O2O00000O100O01O010N1^O^OcQNf0]n1]O^QNe0bn1=O1O10O0M4K6I7K4N3N1N3N2L4M5LngTo0
20220626185332Bh_7,f_^b22no1OQQf13lnYN5L1O1N100O100O10O1000O10001O0O1000000000001O00001O000010O01O1O1O1O1O1O1O1O2OO01O1O00001O01O01O01O10O0010O0100O1000O001O00101N3OO011N100O10O00001N1O1N2O001O2N100O2N100O100O2N10TQNHom17oQNLQn13nQNOSn10jQN2Vn1NiQN3Wn1NfQN4Zn1MdQN3^n1N^QN4bn1M[QN4fn1b02O0O1O2O0O101O0O1010O01O001O001O001O00100O1O001O1O1O2N001O10O10O10O010O01O1O1O0010O02M101O001O2Ndlg1KkcQo0
20220626185332Bh_8,m]ZS22no1OoPX15kngN3N2N1O2N2N3M4L5K3N1N2O2M1O2O1N01N1M4J6H8N2O1O010O100O01000O10000O100000000000000000000000000001O0000010N10010O1O0010O01O00001O000010O01O1O00100O100O1O00100O1O01000O1O010O2O0O1O3M100O2N1O2N10O00000]O_QNGbn16dQNE^n18fQNF[n18hQNEZn19h0N1OSo[1IXcka1
20220626185332Bh_9,ja^T12W2O_k10Y20\PP20dooM0000000TP81koG1O1O1O2N2N1O1O001O2N1O2OO00001O0010O1O1O1O1O100O1O10O01O00010O0000010O00000001O0000000001O000001O0001O0000001O00001O10OO2O001O0001O0001O0001O000O2O0000001O0000001N2O010O001O001O001O001O001O001O00001O00000010O000001O01O0001O01O01O000010O00010O01O010O000010O01O00010O001O00001O0000001O00001O01O0100N1O2NXnc1OjQ\N0V^a]2
20220626185332Bh_10,Wchi22oo1000O00O10O010O000]oc10ZQTO0Zo[O0PPL0h\kR1
20220626185332Bh_11,Q_YV12V3Oai10nSR16RomN4M5L2M2O1O1N2O1NXOmPNf0bo1E0O2O0000O11O0000000O1002N3M1O0O02O00001OO1000O100O1003M1O00O10O01001O00O1O010O1O0100O00010O01O0O101O0000001O0000000001O01O01O0001O010O01O01O001O001N1010O00O3M\mQ1Nfcf`2
20220626185332Bh_12,]Z__11oo10cQj10^nYN0PP40PPL0ooK0QP20PP2000ooK0000000PPl00PPTO000000000E0ZP20ZP60foG0mo70RPJ0oo50ioI0cPL0]o10c00Wo?0`P@0O001O000YPNOao1071WPNOco10[PN3do141O1000O0100O001O1O_oW1MXfnU2
20220626185332Bh_13,QeVg15S:Nb[11adNM_[12X:O1ORRh30PnYL0PPN0O000000100O0000100O00100O00000001O0000010O0001O010O01O00001O000000000000[OO[QN1Zo100O]O0XQN0hn10XQN0jn70dPN0>0RoK0lPN0co30bo10]PL0^PN0To10?0=0Uo10]PN010O0000010O010\QR30cnmL0100001OO0010O10000110O00XOOh00gPN1Yo1OVO0cQN0\n10eQN0[n10eQN0Zn11fQN0Yn1OgQN1Zn1OgQN1Xn10hQNOXn11l01jPNN]n11bQNO^n14_QNLan15^QNKdn13[QNNen12[QNNen12ZQNNgn12YQNNhn12VQNOjn11VQNNkn12UQNNkn11UQNOkn12UQNNjn12VQNOjn11UQNOkn12UQNOin11WQN3fn1MYQN4gn1KYQN6hn1IWQN:gn1FXQN:in1GUQN:mn1DRQN>mn1DPQN=Po1CoPN?Po1AoPNa0Po1^OPQNd0nn1\ORQNd0on1\OPQNe0Po1ZOoPNg0Qo1YOnPNh0Ro1301O101O1O2NO02N013M1O00001N0100O1O1001O000O100O2O5J2N2OO10O01O10002OOO10002OOO100OfQNjNjm1V1TRNmNmm1R1QRNQOnm1o0QRNRORn1`1L20O20N0001N30OnNPRN2om1IWRN7hm1F[RN<cm1A_RN`0am1]ObRNc0]m1\OdRNd0dm1QO^RNR1Wn10000001O001O1O1O000020N103M0O1O1O4L2M2O7I1N2O0N4L3N2MhgQ4M]XnK000oZi_1
20220626185332Bh_14,Yb^W11oo10UQf30PnYL0fQN0Zn10fQN0Zn10k00QP20ooM0j00]N0bQN0^n10bQN0^n10bQN0_n30hPN0000010ePN0en10ZQN0gn30e00RP80noG000PP20ooK0QP40ooK000QP20ooM0QP4000k\]a2
20220714185352Th_1,lVQQ24f6N^b10\\d19Qj[N3O101N2O1K401N101N2O0O2O1N2O1O1O1O0O010000O1O1O100O1O01O01O1M2O3N10O010O10O01O00000N201O0001N2O2N101O0O1O001000O01O1O0010O0100N2O001OO020O001O1O11O0001O01OO10001O0001O0000000010O1O1O1O1O001O010O2N1O1O001O00O2O0O2N2O0O1O101O1O1O0O2N0N4M4KQo[1MZjlb1
20220714185352Th_2,j]oU24_7Ok`10X_NNh`11d7OmU\38jicL2O3M2N4M4K3N0O2O000O100O2O0O1O10000O100000O100O1O001O1O0O2N2M201M3O1O0010O01000O010O001O1O001O00001oLZOgVNg0Xl10001O01O001O00100O10O00000010O00010O010000000000O010O100O01000000O10000O2O000O10000O1000O100O01000O1000O0100O100O01000O100O100O10O01O100O100N20OO200O1O1O00100O001O010O01O01OO110O00010O01O010O010O10O10O100O01O010O00000ADZQN=en1FYQN:gn1HWQN9hn1ITQN9ln1IRQN8ln1>010OO2O1O010O1O100O0100O00000O200O0O2O1O001O1O001O010N110O1O1O00100O1O0000010OO200N10100N20O01O1O001O0010O010O01O001O00010O00000010OO02OO1001O0O2O0O2O010N100O2O0N2O001L5O1K5N2MnnQ3I\QnL0VbXS1
20220714185352Th_3,eeTl24o5N_gi02WRXO?C8I7L4L6J3L5L3L3I8K4MgNlRNLQm12VSNLfl11bSNM\l10jSNORl12RTNMkk12ZTNLdk14aTNJ]k16fTNIXk16kTNITk15QUNJlj16WUNJfj16]UNJaj15bUNK[j15hUNKUj16mUNJii1GjSNa0^2I`i1c0aVN^OZi1e0hVNZOWi1e0kVNZOVi1d0lVN\OSi1a0QWN^Ooh1?UWNAkh19\WNEdh18`WNG`h16cWNK]h14dWNM[h12fWNOYh11gWNOXh12hWNNXh12gWNOYh11hWNNXh11iWNOWh11kWNLUh14nWNGUh19i300001O001N1000O1000O02M3L4L_YWo0
20220714185352Th_4,RfZ]21ePh01WoYO4H6N20O001N20O10O010000001O0O1000000001O01O001000O0100O0101OO10O1000000000001O00002OO01O3M01O2N1N3M6H`Xe^1
20220714185352Th_5,PVkj02Q3OYlg00`PZO8I7K3M3L3O1O00O1O100O01N20000O100O2N1O100O01O002M2F:N2O1O1001N11O001N1O10000001O1O1O10O0100000010O0200O0GbPNMihRQ3
20220714185352Th_6,VeXk26S9N`]1NX]b13Yl[N0Yo1N<ORQNOTn10SRN0im10[RN1_m10gRNOTm11oRN0ll10YSN0`l13cSNMWl15lSNKQl11WTNNfk11^TN0_k1OXSNc0L]Ojl10XSN5D08Kam16_RNNNLgl11YSN1>0AN\m10ZSN1YOOYm11cSNORO1Xm1OkSN1kNOQo11nPNOSo10lPN1al1OdUN1jM0Vo1OjPN1Vo1OjPN1Vo1OjPN1il1OWUN0PN1Tl1OaVN0[M1ik10nSN1_3O\h1ORXN1`k1OmPN2Zk1N[UN0b10hM5Yk1K_XN6_g1JZUN0Y27Wi1JlVN7Xh1HSUN2i28dh1G`WN<Zh1DjWN`0cg1_OUUN0[3a0_g1_OUUN0^3`0]g1@dXN0`L`0hn1@XQN?Uo1001fK@RYNb0lf1^OSYNe0Wg1[OVXN0_Lj0Ro125KO001N10001N3N11O0O01O0100000000:FN4N1N2M10O0100O1O1O100O1O3M6J1O2N10O02O0O1O01O01O1N3M2MYhm2NkWRM1iZWj0
20220714185352Th_7,fX`X13f3N`h10gVP16lloN1N1O2O2M1O2O0O010O10O01O001O000O1O0N3O2O100O0010O01O0010O01N1N201N1O2N1O2O000O10O01000B_QN\Ocn1c0=O1N3N10010O01O1O0O2O1O1N101N2N101OO2O1O1O1N1O2O1O10O0001O1O100O100O2N2N1N3N3K[oo0MUho^2
20220714185352Th_8,d]g_12i50Zd1OaZ^24VkaM4L3M2O1N1O100O100O1O1O1N2O1O001O1O0010O01O1O100O001O010O1O0010O010O01O00000000O2N1O011N1000O1001O000O2O001O010O010O01O10OO10001O010O10O1000O0100O010O0100O0100O1O010O001O1O100O1O010O010OO20O00001N10001OO1010O01O00000O10000000O10O101O0000001O0001O00001O001O1O100O0O2O2M2O1N2O10O010O001O001O001O001N101N101O10O01O00100O00010O10O10O1000O100O10O0100N2O001N200O100O1O100O1O101M3NQoW2MSQhM0\bbo1
20220714185352Th_9,V^Rm22no1OhP`13Vo_N0O2N100O10001O0O1000001O0000000O100O10000O101O1O000000000010O001O1O001O00001O00010O0000010O000001O0001O00001O0100O0010O001O100O010O00000001O01O010O01O2O0O2kPNDbn1>[QNCfn1=WQNFhn1;VQNFjn1<TQNDln1h01O00O101O00001N101N101O000O1000_O]QNEcn1:>3O1010O001O0O10M3001O2N101N100O2N2N3N3M1N3LUoW1LQQhN000jaUh0
20220714185352Th_10,ZmV_22W3O_i10QUV10UniN6K5M2N1O010O01O00010O0100O010O2N2OO02N1O3M1O2N1O0000O100O000F:O002O0O2O0O010O0100001O000100O1O0001O00O110O1O00100O00001O01O001O001O1O100O10000001O00000O100O010O10000O010000O010N20O010O010O01O010O100O1O100O002N`oU1K\S]V1
20220714185352Th_11,[edo01ZPd03ao]O3M2O1O101N2O001O101N2OO0O2N1O1O1O1O1O010O0100O1O10000000O10O0100O10O100O100000O1O1N3MZYol2
20220714185352Th_12,nkVP32QP2O00gP:1UoE2N13MiNO_RN1bm12gQf0NloCOeoE000O0QP20ooM1ZPNO[o13bPNN^o13_PNNco17001O0000000O10000O10O100000000O000010O0010O01O2M4MXSek0
20220714185352Th_13,gdn^21\Pj01aoWO4M1N2O001O1N10000001N101O0010O010000O010O001000O010O10O02O0O10O02N1O100O100O02O1O1N1O2OO101O000010O2N1O0OkYk\1
20220714185352Th_14,j]ZY15n9Nl[12TdNNl[11WdNMi[11T:00OhQV59omiJ3M3N2N001O002N01O11N11OO101N020N01010OO0100O01O001O002N011O0O011OO00101OO100O10O02N001O101O0O011N2O2NO04L2L`PP16[ooN3M5K5L2M101O001O001O00010O01O00010O001O000000000000001O00000000001O10O01O10O00010O010O00100O1O1O1O1O010O00100O1O011N01O0100O100O1O001O010O002N01O001O0000001O001O0000001O00001O0000000001O0001O0001O001O000000001O00001O000000000000000000001O000001O01O00000010O0001O00001O000O100000000000000000000000000000000000000000000000000001O00000000001O010O000000010O001O0001O00000010O0000000000010O01O01O01O001O010O0000100O0000001O10O00010O0001O010O00010O010O0000001O010O010O00001O0010O001O0001O000010O001O010O01O000001O10O01O10O010O0001O10O1O02N002N00010O1O010O001O00100O1O01000O1O10O0100O10O10O10O010O0010O11OO10000O10O0020OO100000O10O02N101OO011OO11OO0010100O1O100N100O001101N01N3N8G5J]hc4MgW\K00001O0Vbab1
20220714185352Th_15,Q_l\15a:MgZ13YeNMgZ11\eNNdZ10Q]T63amkIN]PNO_o10800010O00100jPNO]n11i00kPNO[n11fQNOYn11gQNOYn11gQNOYn12j00mPNNXn13gQNMZn12fQNN[n11fQNOYn12fQNN[n11eQNO\n11cQNO]n11cQNO]n11cQNO]n11cQNO]n11cQNO]n11cQNO^n10bQN0^n10bQN0^n11aQNO_n11aQNO`n10`QN0`n10`QN0`n10`QN0`n10`QN0an10^QN0bn11g0O01fPNOen10e00fPN0dn10\QN0en10[10eN0[QN0Zo1010YO0aQ80VoI0PPN00000O0TO0jQ20SoM00000QO0mQN0Ro30PPN0O10O01QP4OooK000000000Qo30PQ20ooI0QP20ooM0QP<0ooC0mPN0Vn10m0000oP40QoK0So_10mP`N0000000000000T10lN000000000000000lnS10TQlN000TQN0ln10000000nn10RQN0RP:0PQD0lm10TRN0Poc00no]O0RP80PPN0ooM0QP40QP40ooK0PP20hnM0VQH0ZQ40^m10aRH0^m10bRN0^m10[Q:0ooG0XQL0hn90gnG0a20_M0`RN0am10XQ20WQN0hN000jN0V10RP20TQL0dm10\RN0em11YRNOhm10XRN0mn50mnM0RQN0SQN0km10TRN0nn10QP20onM0PRN1Po1OQo10oQL0Qn10nQN1Rn1OnQN0Rn10nQN0Sn10mQN0Sn10lQN1Sn10mQN0Sn1OnQN0Sn10lQN2Rn1OnQN0Sn1OmQN2Rn1OnQN1Rn1NnQN2Rn1NoQN2Pn1OoQN1Rn1OoQN0Qn10nQN1Qn10oQN0Rn1OnQN1Qn10nQN1Rn1OnQN2Qn1MoQN4Qn1KQRN4om1MPRN3om1MRRN3mm1NSRN1mm10SRNOnm11QRN0om10QRN0om1OQRN1Pn10nQN2Rn1MnQN2Sn1OlQN2Sn1MmQN3Sn1NnQN1Sn1NlQN3Sn1NnQN0Rn11mQNOTn10lQN2Sn1NmQN1Tn10lQN0Tn10kQN0Un11jQNOVn12jQNOUn11iQN0Xn1OhQN2Wn1NhQN3Xn1LhQN5Xn1KiQN4Vn1NkQNOVn11jQNOWn11gQN2Wn10gQN1Xn17_QNJbn19XQNKfn1k0M4K3OO1OO02N200N2001O3MO1O1N2OO04M3M2N3N2OO5K0O00O101VOWQN:hn1FXQN:Xo1O10O11N0O3M2M4Jmgi4NcbTKO][11Y:00001n`Q`1
20220728185352Th_1,P^Ri22l2OUj10iTd14nm[N4L4M3M2O1O1OJgPNGVo1;52O1O2O0000KhPNBYo1>5O000O2O1O0010O01O01N101OO11O0001O001O10O0100O01000000000001N1000O10000000001O001O000000010O0101O00O001O001O1O0O2IaP22coM1N2O1O1O1O2O3L1O001O00001O01O01O00010O01O10O01000O01000O001O001O100hPN@nn1b0mPNBSo1f001N3N00O1O1N1O2N2O0O10000O2O000O01001N101O0O4M4K2N2O0OPnk1KVdgh0
20220728185352Th_2,bc[_22ePj01ToWOh0[O9H2M2O00000O1000O001N200010O01O1O001O00O020O001O001O1O000000000O01O100O10O100O001O1O00100O0100N3M2N3N1O2N1O2M4L4M3L4K6Kf[n[1
20220728185352Th_3,`]]n21c40ZjY16iPhN4M3N2N2N1O2M3M3N1N2O1O2N1O1O1O0O11O0O11O01O0000000N2H7001O10O1O0O2O00M31O1N3O0O10O2N101N01O1O1O1O1000001O00010O0O1N3N1O2N1010O010O000100O10O00010N11O01O10O2OO01000O100O001O0010O01O10O001O00001O2N100O2O1MZoS1L\c`g0
20220728185352Th_4,ZebX31mPj03onWO2M3N1N101O000O1O100002N1O001O0O10O01000O010O010O10O01O10O0100O001H8O000100O10O010000001O2M1000O1O2O2M2O00O010O0O11CdPN5\o1KfPN2\o1MfPN0ToQ1NZ[g`0
20220728185352Th_5,Thfb02l2Olka07[P@MVQN<[n1E`QNT1Wn1=N1N1N4L3O1O01O1O1O1N2O2N2M5L2N1O2N100O1O2N3M3L4N1M3J5N3M2K6K4MTVaZ3
20220728185352Th_6,bZ]b21kP>1XoAOdo18O01000O10000O100O1N2O1O1O1O100O1O00N3N1N2O10001N101O1O1M3NYeV[1
