image_id,file_name,md5_hash,timestamp_prefix,group_id
040301-20140609195854Bh,20140609195854Bh.jpeg,d75d44566b64e67f8bbf745252eff854,20140609195854,20140609195854
050103-20111116063134Lh,20111116063134Lh.jpeg,a3823785b18524b142587f569d54e6ca,20111116063134,20111116063134
050102-20111116063134Lh,20111116063134Lh.jpeg,a3823785b18524b142587f569d54e6ca,20111116063134,20111116063134
050101-20111116063134Lh,20111116063134Lh.jpeg,a3823785b18524b142587f569d54e6ca,20111116063134,20111116063134
030101-20130725122934Ch,20130725122934Ch.jpeg,2cc4cbf430ff7780936a771848c897dd,20130725122934,20130725122934
010102-20141027025054Uh,20141027025054Uh.jpeg,402d30e3e30bd9d95782adaf79ec4953,20141027025054,20141027025054
010101-20141027025054Uh,20141027025054Uh.jpeg,402d30e3e30bd9d95782adaf79ec4953,20141027025054,20141027025054
010101-20160714235434Lh,20160714235434Lh.jpeg,90f4955379e4cefbcd4f73b43cb59b26,20160714235434,20160714235434
010102-20160714235434Lh,20160714235434Lh.jpeg,90f4955379e4cefbcd4f73b43cb59b26,20160714235434,20160714235434
020101-20170411013550Uh,20170411013550Uh.jpeg,6f6e9bfe561aaefa5bfa66ba45734bd1,20170411013550,20170411013550
010201-20131224192154Bh,20131224192154Bh.jpeg,2c49c57bcb3cc7eed5f6163b4078c5ec,20131224192154,20131224192154
020403-20180318232230Lh,20180318232230Lh.jpeg,c0289507ef09ecc28e12d5a70affdc01,20180318232230,20180318232230
020401-20180318232230Lh,20180318232230Lh.jpeg,c0289507ef09ecc28e12d5a70affdc01,20180318232230,20180318232230
040201-20130306172214Mh,20130306172214Mh.jpeg,7ff860e971dbf38e28311ed4ca02ff13,20130306172214,20130306172214
050302-20130808140054Bh,20130808140054Bh.jpeg,738d6f9f0f26b1aef220e7ad06bad3c0,20130808140054,20130808140054
010102-20160703133714Th,20160703133714Th.jpeg,58be134fe9b52f4edb2e96c89fbfebb6,20160703133714,20160703133714
010101-20160703133714Th,20160703133714Th.jpeg,58be134fe9b52f4edb2e96c89fbfebb6,20160703133714,20160703133714
010103-20160703133714Th,20160703133714Th.jpeg,58be134fe9b52f4edb2e96c89fbfebb6,20160703133714,20160703133714
050302-20190317145150Bh,20190317145150Bh.jpeg,60f60b9e77cd75c2940a81c4315e6c7d,20190317145150,20190317145150
010403-20190412025430Lh,20190412025430Lh.jpeg,6211720d2a2fd43ba09eee03d2d5c123,20190412025430,20190412025430
010401-20190412025430Lh,20190412025430Lh.jpeg,6211720d2a2fd43ba09eee03d2d5c123,20190412025430,20190412025430
010402-20190412025430Lh,20190412025430Lh.jpeg,6211720d2a2fd43ba09eee03d2d5c123,20190412025430,20190412025430
040102-20160302133734Ch,20160302133734Ch.jpeg,904a96e85a766bfa0ace95dc4a9d1ea1,20160302133734,20160302133734
010202-20170719235330Lh,20170719235330Lh.jpeg,5c93eee3a09c96fe80d123990189ea1f,20170719235330,20170719235330
010102-20171027223030Lh,20171027223030Lh.jpeg,e411f592000e720f8a9ca0929acc6326,20171027223030,20171027223030
010101-20171027223030Lh,20171027223030Lh.jpeg,e411f592000e720f8a9ca0929acc6326,20171027223030,20171027223030
030101-20151013144654Bh,20151013144654Bh.jpeg,8ba1ed11d2e48226ac0f5df4f9bbf7f4,20151013144654,20151013144654
010403-20131007075314Th,20131007075314Th.jpeg,4e0648b8e337faada88985cccfaa2d6d,20131007075314,20131007075314
010402-20131007075314Th,20131007075314Th.jpeg,4e0648b8e337faada88985cccfaa2d6d,20131007075314,20131007075314
010401-20131007075314Th,20131007075314Th.jpeg,4e0648b8e337faada88985cccfaa2d6d,20131007075314,20131007075314
020401-20170425133730Ch,20170425133730Ch.jpeg,30dc967cf2c6ce29e9ea8969a25c44cf,20170425133730,20170425133730
020403-20170425133730Ch,20170425133730Ch.jpeg,30dc967cf2c6ce29e9ea8969a25c44cf,20170425133730,20170425133730
030302-20110603163414Mh,20110603163414Mh.jpeg,92f121206ec7d0709d0b3db612259222,20110603163414,20110603163414
030101-20160411134234Ch,20160411134234Ch.jpeg,294555e9fef8a224676071fa7a7606d0,20160411134234,20160411134234
020403-20110510063134Lh,20110510063134Lh.jpeg,f4195dce6c2e2bb571c33e2bda1a0c9a,20110510063134,20110510063134
020401-20110510063134Lh,20110510063134Lh.jpeg,f4195dce6c2e2bb571c33e2bda1a0c9a,20110510063134,20110510063134
010202-20140428233234Lh,20140428233234Lh.jpeg,6e9fbf57af1f36173c400b3db641550b,20140428233234,20140428233234
060102-20150207084414Th,20150207084414Th.jpeg,10a95321b99dc71b211bbf33e7173e22,20150207084414,20150207084414
040401-20151107133734Ch,20151107133734Ch.jpeg,f34db82ed32e3b947756939f32fd1f3a,20151107133734,20151107133734
040401-20220618185332Bh,20220618185332Bh.jpeg,513607ac23ed64716fdd61df225bc4ec,20220618185332,20220618185332
040102-20141007224934Lh,20141007224934Lh.jpeg,4dfd8cf84428d45b0fd0dcdf4337f08b,20141007224934,20141007224934
040401-20211119103130Ch,20211119103130Ch.jpeg,77b5ce0fdab7a6a7afba5cc26bde087a,20211119103130,20211119103130
040301-20180109223930Lh,20180109223930Lh.jpeg,195e5b274195032de1443ca913cdc658,20180109223930,20180109223930
010101-20130425135954Bh,20130425135954Bh.jpeg,29c2cefa32a60c7ddc38f44851a15125,20130425135954,20130425135954
010102-20130425135954Bh,20130425135954Bh.jpeg,29c2cefa32a60c7ddc38f44851a15125,20130425135954,20130425135954
020401-20120223063154Uh,20120223063154Uh.jpeg,a4ebf00b3abcb0830c02034ba20cf533,20120223063154,20120223063154
020403-20120223063154Uh,20120223063154Uh.jpeg,a4ebf00b3abcb0830c02034ba20cf533,20120223063154,20120223063154
030101-20210103223630Lh,20210103223630Lh.jpeg,59a1f1631a6cc5875f0976294314b5b0,20210103223630,20210103223630
040301-20130109130334Ch,20130109130334Ch.jpeg,bf84d18ea93d48ea8126187d6720cc69,20130109130334,20130109130334
040301-20130304170614Mh,20130304170614Mh.jpeg,e946b9d83effca9b946d3edc720aa14d,20130304170614,20130304170614
010301-20160315133714Th,20160315133714Th.jpeg,5e12964997e46ec786f664051f0a6cdf,20160315133714,20160315133714
010302-20160315133714Th,20160315133714Th.jpeg,5e12964997e46ec786f664051f0a6cdf,20160315133714,20160315133714
030302-20150625082014Th,20150625082014Th.jpeg,53022801abdaae32f0a341982111b4a8,20150625082014,20150625082014
010402-20120424072414Th,20120424072414Th.jpeg,9f77b23dd0084ab916f431381ae8d8de,20120424072414,20120424072414
010401-20120424072414Th,20120424072414Th.jpeg,9f77b23dd0084ab916f431381ae8d8de,20120424072414,20120424072414
010403-20120424072414Th,20120424072414Th.jpeg,9f77b23dd0084ab916f431381ae8d8de,20120424072414,20120424072414
010401-20160213153054Bh,20160213153054Bh.jpeg,612a9f03e94c602bd2ebbeb60bd8e65a,20160213153054,20160213153054
010403-20160213153054Bh,20160213153054Bh.jpeg,612a9f03e94c602bd2ebbeb60bd8e65a,20160213153054,20160213153054
010402-20160213153054Bh,20160213153054Bh.jpeg,612a9f03e94c602bd2ebbeb60bd8e65a,20160213153054,20160213153054
010403-20140216230134Lh,20140216230134Lh.jpeg,3aa06aeb450b20aaf4366d96703ac63c,20140216230134,20140216230134
010402-20140216230134Lh,20140216230134Lh.jpeg,3aa06aeb450b20aaf4366d96703ac63c,20140216230134,20140216230134
010401-20140216230134Lh,20140216230134Lh.jpeg,3aa06aeb450b20aaf4366d96703ac63c,20140216230134,20140216230134
010201-20150819082014Th,20150819082014Th.jpeg,95ac54cd9acc62d784cd274c6144096f,20150819082014,20150819082014
010203-20150819082014Th,20150819082014Th.jpeg,95ac54cd9acc62d784cd274c6144096f,20150819082014,20150819082014
010202-20150819082014Th,20150819082014Th.jpeg,95ac54cd9acc62d784cd274c6144096f,20150819082014,20150819082014
030101-20150615133554Bh,20150615133554Bh.jpeg,cdcbcaa7ad62d7f4ebcbace0056e3b49,20150615133554,20150615133554
010102-20120427063154Uh,20120427063154Uh.jpeg,732f47782c719ad8b3b63f1d55998ecb,20120427063154,20120427063154
010101-20120427063154Uh,20120427063154Uh.jpeg,732f47782c719ad8b3b63f1d55998ecb,20120427063154,20120427063154
010203-20170327143550Bh,20170327143550Bh.jpeg,9f3234f9eba98aae3ae59051645a19c8,20170327143550,20170327143550
010202-20170327143550Bh,20170327143550Bh.jpeg,9f3234f9eba98aae3ae59051645a19c8,20170327143550,20170327143550
010101-20170107133714Th,20170107133714Th.jpeg,41ab3edad0476d4ff74d53e9d119eec3,20170107133714,20170107133714
020101-20150630083214Th,20150630083214Th.jpeg,cb5069771f4f4fdbdef460641728ccd1,20150630083214,20150630083214
050102-20141214201834Ch,20141214201834Ch.jpeg,2735f974a2f5d5964a19005d0c172df0,20141214201834,20141214201834
050101-20141214201834Ch,20141214201834Ch.jpeg,2735f974a2f5d5964a19005d0c172df0,20141214201834,20141214201834
050103-20141214201834Ch,20141214201834Ch.jpeg,2735f974a2f5d5964a19005d0c172df0,20141214201834,20141214201834
040301-20151226133734Ch,20151226133734Ch.jpeg,37456d08a4385a6fdc2361e382866916,20151226133734,20151226133734
010102-20131016185334Ch,20131016185334Ch.jpeg,f08fe83a91149879794ed94b03903fc3,20131016185334,20131016185334
010101-20131016185334Ch,20131016185334Ch.jpeg,f08fe83a91149879794ed94b03903fc3,20131016185334,20131016185334
010103-20131016185334Ch,20131016185334Ch.jpeg,f08fe83a91149879794ed94b03903fc3,20131016185334,20131016185334
030302-20120103104134Ch,20120103104134Ch.jpeg,1fac33921f9d4690e0d07b4ad54b2c50,20120103104134,20120103104134
030302-20150302082034Lh,20150302082034Lh.jpeg,4a649b9c7ee9bf71705959d7525802b5,20150302082034,20150302082034
010203-20161110151454Bh,20161110151454Bh.jpeg,1eef912485eb9e7f90e629823b68cca1,20161110151454,20161110151454
010202-20161110151454Bh,20161110151454Bh.jpeg,1eef912485eb9e7f90e629823b68cca1,20161110151454,20161110151454
030302-20141009023454Uh,20141009023454Uh.jpeg,b1b590a8be1ea0685d9bd50b1cc631e5,20141009023454,20141009023454
060102-20170809164910Mh,20170809164910Mh.jpeg,90b90bb097b0eec224c0cafa2ea0a617,20170809164910,20170809164910
010102-20141210201814Mh,20141210201814Mh.jpeg,51c830e4863d5330869a0ffc4ed57017,20141210201814,20141210201814
010101-20141210201814Mh,20141210201814Mh.jpeg,51c830e4863d5330869a0ffc4ed57017,20141210201814,20141210201814
010401-20170119031254Uh,20170119031254Uh.jpeg,67762d8d52c863ba8531f8ff25431bc1,20170119031254,20170119031254
010403-20170119031254Uh,20170119031254Uh.jpeg,67762d8d52c863ba8531f8ff25431bc1,20170119031254,20170119031254
010402-20170119031254Uh,20170119031254Uh.jpeg,67762d8d52c863ba8531f8ff25431bc1,20170119031254,20170119031254
050202-20160928143554Bh,20160928143554Bh.jpeg,a01a70744a1324e460a81f82981021e7,20160928143554,20160928143554
050201-20160928143554Bh,20160928143554Bh.jpeg,a01a70744a1324e460a81f82981021e7,20160928143554,20160928143554
040302-20120914063134Lh,20120914063134Lh.jpeg,2e7d78f1f87d08c2e4fc3126276fb689,20120914063134,20120914063134
040301-20120914063134Lh,20120914063134Lh.jpeg,2e7d78f1f87d08c2e4fc3126276fb689,20120914063134,20120914063134
010403-20110410141654Bh,20110410141654Bh.jpeg,65a9eeec5c265f19b656850cdf12d875,20110410141654,20110410141654
010401-20110410141654Bh,20110410141654Bh.jpeg,65a9eeec5c265f19b656850cdf12d875,20110410141654,20110410141654
010402-20110410141654Bh,20110410141654Bh.jpeg,65a9eeec5c265f19b656850cdf12d875,20110410141654,20110410141654
020101-20170801164710Mh,20170801164710Mh.jpeg,6f4e9d3383624f6fb964562dba8aaa80,20170801164710,20170801164710
020101-20140430071914Th,20140430071914Th.jpeg,b2051cd9c3d3e05ed0552bd082c92ae6,20140430071914,20140430071914
050101-20170117175014Mh,20170117175014Mh.jpeg,cce8701b7b5bc41ffdb3e31c2ad2bbbc,20170117175014,20170117175014
050102-20170117175014Mh,20170117175014Mh.jpeg,cce8701b7b5bc41ffdb3e31c2ad2bbbc,20170117175014,20170117175014
050103-20170117175014Mh,20170117175014Mh.jpeg,cce8701b7b5bc41ffdb3e31c2ad2bbbc,20170117175014,20170117175014
030401-20140922195854Bh,20140922195854Bh.jpeg,1c597df02b1f5ea10c21aef899b056e2,20140922195854,20140922195854
010202-20210201020330Lh,20210201020330Lh.jpeg,4a6d2d0f5c6618a7a8162eba02a13e6d,20210201020330,20210201020330
010201-20210201020330Lh,20210201020330Lh.jpeg,4a6d2d0f5c6618a7a8162eba02a13e6d,20210201020330,20210201020330
010203-20210201020330Lh,20210201020330Lh.jpeg,4a6d2d0f5c6618a7a8162eba02a13e6d,20210201020330,20210201020330
030302-20131113185414Mh,20131113185414Mh.jpeg,eca809b3b4b04fb2f380774627cd7b14,20131113185414,20131113185414
040401-20121018063134Lh,20121018063134Lh.jpeg,6ccae409aa8ed4c49a03bc596a0b5368,20121018063134,20121018063134
040102-20130214111534Ch,20130214111534Ch.jpeg,1d5b3edfb0e9bd0830e18deeef6f0191,20130214111534,20130214111534
010203-20161231133734Ch,20161231133734Ch.jpeg,cbb91edb709fb551cd672dd777352536,20161231133734,20161231133734
010202-20161231133734Ch,20161231133734Ch.jpeg,cbb91edb709fb551cd672dd777352536,20161231133734,20161231133734
060102-20180827232530Lh,20180827232530Lh.jpeg,5b8b9caf7bcfd48456f8c694702c70a2,20180827232530,20180827232530
010101-20110327143554Bh,20110327143554Bh.jpeg,493be7cab9ca9caa5dc9f8846a2c775c,20110327143554,20110327143554
010102-20110327143554Bh,20110327143554Bh.jpeg,493be7cab9ca9caa5dc9f8846a2c775c,20110327143554,20110327143554
030101-20140719071414Th,20140719071414Th.jpeg,48f112b76c076077e857162df38fec19,20140719071414,20140719071414
020403-20130110104734Ch,20130110104734Ch.jpeg,ffcc548e1e99217d61bc5600c02ef452,20130110104734,20130110104734
020401-20130110104734Ch,20130110104734Ch.jpeg,ffcc548e1e99217d61bc5600c02ef452,20130110104734,20130110104734
040401-20121021145454Bh,20121021145454Bh.jpeg,fced51eabfbfe252b7e33811547828bf,20121021145454,20121021145454
040402-20190805054730Lh,20190805054730Lh.jpeg,5277d7c4dca1ee670acfcfdef0a2c64b,20190805054730,20190805054730
060102-20201228202430Ch,20201228202430Ch.jpeg,37ca41763963e216a4df36488d34c53b,20201228202430,20201228202430
040301-20120414175914Mh,20120414175914Mh.jpeg,26bbc85a199c3afa8270b5b4c8b38096,20120414175914,20120414175914
050102-20110429135554Bh,20110429135554Bh.jpeg,38142051c98a3c6dcab5f1570f813802,20110429135554,20110429135554
050103-20110429135554Bh,20110429135554Bh.jpeg,38142051c98a3c6dcab5f1570f813802,20110429135554,20110429135554
050101-20110429135554Bh,20110429135554Bh.jpeg,38142051c98a3c6dcab5f1570f813802,20110429135554,20110429135554
030302-20110530122834Ch,20110530122834Ch.jpeg,c7675ff6aa4f11ef8816c1ad1a4d3768,20110530122834,20110530122834
010403-20130517063134Lh,20130517063134Lh.jpeg,285d88cdffaabe3b3ffb2bf4c6700b2c,20130517063134,20130517063134
010402-20130517063134Lh,20130517063134Lh.jpeg,285d88cdffaabe3b3ffb2bf4c6700b2c,20130517063134,20130517063134
010401-20130517063134Lh,20130517063134Lh.jpeg,285d88cdffaabe3b3ffb2bf4c6700b2c,20130517063134,20130517063134
010102-20170418013450Uh,20170418013450Uh.jpeg,5bd9e4aa039025a2b833d50f1e2beee4,20170418013450,20170418013450
010101-20170418013450Uh,20170418013450Uh.jpeg,5bd9e4aa039025a2b833d50f1e2beee4,20170418013450,20170418013450
010103-20170418013450Uh,20170418013450Uh.jpeg,5bd9e4aa039025a2b833d50f1e2beee4,20170418013450,20170418013450
030302-20150718082014Th,20150718082014Th.jpeg,92220afd623fe09550b8c95c3f782fd1,20150718082014,20150718082014
010301-20190609123330Ch,20190609123330Ch.jpeg,a880a06ae717b49f385cc64097078f48,20190609123330,20190609123330
010302-20190609123330Ch,20190609123330Ch.jpeg,a880a06ae717b49f385cc64097078f48,20190609123330,20190609123330
030101-20130926060834Lh,20130926060834Lh.jpeg,7a4859bd2ffb8492b21a44a5bc9740a2,20130926060834,20130926060834
030101-20170427154550Bh,20170427154550Bh.jpeg,ec71952aa4ca5fd09bc0b6afcc2d28d2,20170427154550,20170427154550
010403-20220721185332Bh,20220721185332Bh.jpeg,7bb66372522605a8501635000e357a5b,20220721185332,20220721185332
010401-20220721185332Bh,20220721185332Bh.jpeg,7bb66372522605a8501635000e357a5b,20220721185332,20220721185332
010402-20220721185332Bh,20220721185332Bh.jpeg,7bb66372522605a8501635000e357a5b,20220721185332,20220721185332
020401-20171007133710Th,20171007133710Th.jpeg,9fc30aac8fce7609d9d59dd2f015b8be,20171007133710,20171007133710
010102-20111027145954Bh,20111027145954Bh.jpeg,c5b65bea08cfddb123176358d5212406,20111027145954,20111027145954
010103-20111027145954Bh,20111027145954Bh.jpeg,c5b65bea08cfddb123176358d5212406,20111027145954,20111027145954
010101-20111027145954Bh,20111027145954Bh.jpeg,c5b65bea08cfddb123176358d5212406,20111027145954,20111027145954
010403-20121009165914Mh,20121009165914Mh.jpeg,909b718cf63ab714d498a9cfa269330f,20121009165914,20121009165914
010402-20121009165914Mh,20121009165914Mh.jpeg,909b718cf63ab714d498a9cfa269330f,20121009165914,20121009165914
010303-20170415145450Bh,20170415145450Bh.jpeg,221d2a7d9cea6c79641c14bf471d5b75,20170415145450,20170415145450
050303-20150305081954Uh,20150305081954Uh.jpeg,4d1a0b29235e5c4c0044097695923365,20150305081954,20150305081954
040201-20120725122934Ch,20120725122934Ch.jpeg,d7c23415109d67554dbe73b1645121b7,20120725122934,20120725122934
040201-20171114133730Ch,20171114133730Ch.jpeg,e03cb2b825fe02afb461bff0ab14041c,20171114133730,20171114133730
020403-20140212024554Uh,20140212024554Uh.jpeg,17ad72f57435b1f22b9f25110f30045b,20140212024554,20140212024554
020401-20140212024554Uh,20140212024554Uh.jpeg,17ad72f57435b1f22b9f25110f30045b,20140212024554,20140212024554
010201-20170726235030Lh,20170726235030Lh.jpeg,325e6d78dd571f29dd52e716620fd9f4,20170726235030,20170726235030
010202-20170726235030Lh,20170726235030Lh.jpeg,325e6d78dd571f29dd52e716620fd9f4,20170726235030,20170726235030
010203-20170726235030Lh,20170726235030Lh.jpeg,325e6d78dd571f29dd52e716620fd9f4,20170726235030,20170726235030
050202-20110425063154Uh,20110425063154Uh.jpeg,1ee0221ff55041b0bdaeb7609565a688,20110425063154,20110425063154
010101-20160401170314Mh,20160401170314Mh.jpeg,9321e23c05e478b19ab0ff9172799324,20160401170314,20160401170314
010103-20160401170314Mh,20160401170314Mh.jpeg,9321e23c05e478b19ab0ff9172799324,20160401170314,20160401170314
010102-20160401170314Mh,20160401170314Mh.jpeg,9321e23c05e478b19ab0ff9172799324,20160401170314,20160401170314
050103-20181101230010Mh,20181101230010Mh.jpeg,5f68ca40445fef867ab8c6ce932cc5c3,20181101230010,20181101230010
050101-20181101230010Mh,20181101230010Mh.jpeg,5f68ca40445fef867ab8c6ce932cc5c3,20181101230010,20181101230010
050102-20170609133710Th,20170609133710Th.jpeg,a3379aaaa0ead8e9af35bc4233839076,20170609133710,20170609133710
050103-20170609133710Th,20170609133710Th.jpeg,a3379aaaa0ead8e9af35bc4233839076,20170609133710,20170609133710
050101-20170609133710Th,20170609133710Th.jpeg,a3379aaaa0ead8e9af35bc4233839076,20170609133710,20170609133710
040201-20140903073614Th,20140903073614Th.jpeg,ee4e385512478291148416d69f54622e,20140903073614,20140903073614
050102-20160101133714Th,20160101133714Th.jpeg,3c008f8f8f0a7e60d99c08e1bad71134,20160101133714,20160101133714
050101-20160101133714Th,20160101133714Th.jpeg,3c008f8f8f0a7e60d99c08e1bad71134,20160101133714,20160101133714
050103-20160101133714Th,20160101133714Th.jpeg,3c008f8f8f0a7e60d99c08e1bad71134,20160101133714,20160101133714
010101-20140513012554Uh,20140513012554Uh.jpeg,6d6d1e09a85a58cfb38aa78648c59184,20140513012554,20140513012554
010102-20140513012554Uh,20140513012554Uh.jpeg,6d6d1e09a85a58cfb38aa78648c59184,20140513012554,20140513012554
050202-20140908231334Lh,20140908231334Lh.jpeg,01705ac1a584abf839213b25b4076db1,20140908231334,20140908231334
010202-20170329133730Ch,20170329133730Ch.jpeg,1f90c4b859629b0f8cb43fc6b698defb,20170329133730,20170329133730
010203-20170329133730Ch,20170329133730Ch.jpeg,1f90c4b859629b0f8cb43fc6b698defb,20170329133730,20170329133730
020101-20220718185352Mh,20220718185352Mh.jpeg,b623921fadf6859289f1e0ef99fa790e,20220718185352,20220718185352
010401-20111009110234Ch,20111009110234Ch.jpeg,10d85fa34a91f7505242bf11d20a406b,20111009110234,20111009110234
010402-20111009110234Ch,20111009110234Ch.jpeg,10d85fa34a91f7505242bf11d20a406b,20111009110234,20111009110234
010403-20111009110234Ch,20111009110234Ch.jpeg,10d85fa34a91f7505242bf11d20a406b,20111009110234,20111009110234
020401-20141225024354Uh,20141225024354Uh.jpeg,5c34ffdb2a5844d1110fcad55a50b33d,20141225024354,20141225024354
020403-20141225024354Uh,20141225024354Uh.jpeg,5c34ffdb2a5844d1110fcad55a50b33d,20141225024354,20141225024354
010201-20120729122634Ch,20120729122634Ch.jpeg,4681857a9d323f74c43ccb6da275d142,20120729122634,20120729122634
010202-20120729122634Ch,20120729122634Ch.jpeg,4681857a9d323f74c43ccb6da275d142,20120729122634,20120729122634
010203-20120729122634Ch,20120729122634Ch.jpeg,4681857a9d323f74c43ccb6da275d142,20120729122634,20120729122634
040102-20140603070414Th,20140603070414Th.jpeg,fcd8b50289e3e3f025b1a973b4f19591,20140603070414,20140603070414
010403-20171007133730Ch,20171007133730Ch.jpeg,dbbd5f54f90ad8ba1f2edcf40508441f,20171007133730,20171007133730
010402-20171007133730Ch,20171007133730Ch.jpeg,dbbd5f54f90ad8ba1f2edcf40508441f,20171007133730,20171007133730
030401-20140401014754Uh,20140401014754Uh.jpeg,b22a44f689c34a29766dc699029c4f0c,20140401014754,20140401014754
030403-20140401014754Uh,20140401014754Uh.jpeg,b22a44f689c34a29766dc699029c4f0c,20140401014754,20140401014754
030101-20150501120634Ch,20150501120634Ch.jpeg,0fbb4b6ae1f367a9a72e8744902ec89e,20150501120634,20150501120634
010103-20140509195814Mh,20140509195814Mh.jpeg,e513c9a9558f2643d8ebecfcbc48f21a,20140509195814,20140509195814
010102-20140509195814Mh,20140509195814Mh.jpeg,e513c9a9558f2643d8ebecfcbc48f21a,20140509195814,20140509195814
010101-20140509195814Mh,20140509195814Mh.jpeg,e513c9a9558f2643d8ebecfcbc48f21a,20140509195814,20140509195814
010102-20150518145654Bh,20150518145654Bh.jpeg,f77ef039a5c9e393c6a6e14d8107a7a5,20150518145654,20150518145654
010101-20150518145654Bh,20150518145654Bh.jpeg,f77ef039a5c9e393c6a6e14d8107a7a5,20150518145654,20150518145654
010102-20151122172614Mh,20151122172614Mh.jpeg,a2e0be44455f5b45e797e27d8d1edadd,20151122172614,20151122172614
010103-20151122172614Mh,20151122172614Mh.jpeg,a2e0be44455f5b45e797e27d8d1edadd,20151122172614,20151122172614
010101-20151122172614Mh,20151122172614Mh.jpeg,a2e0be44455f5b45e797e27d8d1edadd,20151122172614,20151122172614
020401-20130219063134Lh,20130219063134Lh.jpeg,00e9ae576168b7040883afeb52b16871,20130219063134,20130219063134
020403-20130219063134Lh,20130219063134Lh.jpeg,00e9ae576168b7040883afeb52b16871,20130219063134,20130219063134
020101-20170701235630Lh,20170701235630Lh.jpeg,40a038f3849be0a3e7d5d012ac5433a7,20170701235630,20170701235630
040401-20141010195834Ch,20141010195834Ch.jpeg,07c8622ae15b7444f2a0a9eab15757af,20141010195834,20141010195834
050102-20150731082034Lh,20150731082034Lh.jpeg,cd4a3e61ae47c0ced6ca3c42d39c5390,20150731082034,20150731082034
050101-20150731082034Lh,20150731082034Lh.jpeg,cd4a3e61ae47c0ced6ca3c42d39c5390,20150731082034,20150731082034
050103-20150731082034Lh,20150731082034Lh.jpeg,cd4a3e61ae47c0ced6ca3c42d39c5390,20150731082034,20150731082034
050103-20121007131134Ch,20121007131134Ch.jpeg,f541f585da7643d3c0a8f143e08337af,20121007131134,20121007131134
050101-20121007131134Ch,20121007131134Ch.jpeg,f541f585da7643d3c0a8f143e08337af,20121007131134,20121007131134
030101-20150203084714Th,20150203084714Th.jpeg,940412865852efa50211c030c685ec18,20150203084714,20150203084714
050101-20111218085014Th,20111218085014Th.jpeg,afd124814bec0a33818449d7514de060,20111218085014,20111218085014
050103-20111218085014Th,20111218085014Th.jpeg,afd124814bec0a33818449d7514de060,20111218085014,20111218085014
050102-20111218085014Th,20111218085014Th.jpeg,afd124814bec0a33818449d7514de060,20111218085014,20111218085014
020101-20110619063134Lh,20110619063134Lh.jpeg,58c4b3447c1b549c63aaf9ef77b4c3f9,20110619063134,20110619063134
020401-20170417014150Uh,20170417014150Uh.jpeg,b2d04d7cd3f6a37e395e97ec38a1445e,20170417014150,20170417014150
020403-20170417014150Uh,20170417014150Uh.jpeg,b2d04d7cd3f6a37e395e97ec38a1445e,20170417014150,20170417014150
040201-20171014133730Ch,20171014133730Ch.jpeg,6cec83573c8c91dbb11fa90ee61c2875,20171014133730,20171014133730
010403-20141006224634Lh,20141006224634Lh.jpeg,6eeccf8f2f7c1abc97cba42352405025,20141006224634,20141006224634
010402-20141006224634Lh,20141006224634Lh.jpeg,6eeccf8f2f7c1abc97cba42352405025,20141006224634,20141006224634
010401-20141006224634Lh,20141006224634Lh.jpeg,6eeccf8f2f7c1abc97cba42352405025,20141006224634,20141006224634
030101-20150130084914Th,20150130084914Th.jpeg,14d2e66906b485c3fef9abd36b940d6c,20150130084914,20150130084914
050302-20181102104630Ch,20181102104630Ch.jpeg,8880d9825c029646df0f016083b3dfd8,20181102104630,20181102104630
030302-20170408133710Th,20170408133710Th.jpeg,312fc8faff5eb700d591688a68f81215,20170408133710,20170408133710
010101-20131025185414Mh,20131025185414Mh.jpeg,3327fec7a7cda59cb07d6910cda94fbb,20131025185414,20131025185414
010102-20131025185414Mh,20131025185414Mh.jpeg,3327fec7a7cda59cb07d6910cda94fbb,20131025185414,20131025185414
060403-20120814140454Bh,20120814140454Bh.jpeg,ac9353469e6c1281cd37e5e6d66592a1,20120814140454,20120814140454
020403-20111112193254Bh,20111112193254Bh.jpeg,320a785b4901a35c2cb20c57f339ddcf,20111112193254,20111112193254
020401-20111112193254Bh,20111112193254Bh.jpeg,320a785b4901a35c2cb20c57f339ddcf,20111112193254,20111112193254
010102-20140127180134Ch,20140127180134Ch.jpeg,b94b8591d73f324a4d1e769db16a0461,20140127180134,20140127180134
010101-20140127180134Ch,20140127180134Ch.jpeg,b94b8591d73f324a4d1e769db16a0461,20140127180134,20140127180134
020403-20220122085210Th,20220122085210Th.jpeg,925870cc8bbc33c71db962726437ac29,20220122085210,20220122085210
020401-20220122085210Th,20220122085210Th.jpeg,925870cc8bbc33c71db962726437ac29,20220122085210,20220122085210
010103-20160320133714Th,20160320133714Th.jpeg,8159792e8c6e34ccc93c095303c2fe62,20160320133714,20160320133714
010102-20160320133714Th,20160320133714Th.jpeg,8159792e8c6e34ccc93c095303c2fe62,20160320133714,20160320133714
010101-20160320133714Th,20160320133714Th.jpeg,8159792e8c6e34ccc93c095303c2fe62,20160320133714,20160320133714
040102-20150315082034Lh,20150315082034Lh.jpeg,3f64a9171efc0a3256e74ea60cad1a80,20150315082034,20150315082034
030101-20140323020654Uh,20140323020654Uh.jpeg,8c9c94937ce8b2063d305552553b1c8e,20140323020654,20140323020654
010402-20140509071314Th,20140509071314Th.jpeg,30239d33819672a96bb87d28e40e11a0,20140509071314,20140509071314
010403-20140509071314Th,20140509071314Th.jpeg,30239d33819672a96bb87d28e40e11a0,20140509071314,20140509071314
010401-20140509071314Th,20140509071314Th.jpeg,30239d33819672a96bb87d28e40e11a0,20140509071314,20140509071314
060403-20110615133454Bh,20110615133454Bh.jpeg,212e6a818afcacc62aa3109b040e659b,20110615133454,20110615133454
010101-20150527161214Mh,20150527161214Mh.jpeg,7b99a49b20fe38f4bbf97a2c44dff9da,20150527161214,20150527161214
010102-20150527161214Mh,20150527161214Mh.jpeg,7b99a49b20fe38f4bbf97a2c44dff9da,20150527161214,20150527161214
010101-20160606163514Mh,20160606163514Mh.jpeg,1faaa5abe0d565aa3816b1e3a4ac5602,20160606163514,20160606163514
010102-20160606163514Mh,20160606163514Mh.jpeg,1faaa5abe0d565aa3816b1e3a4ac5602,20160606163514,20160606163514
010101-20140604195854Bh,20140604195854Bh.jpeg,f0988cee6397d09195b2274cc44731a3,20140604195854,20140604195854
010103-20140604195854Bh,20140604195854Bh.jpeg,f0988cee6397d09195b2274cc44731a3,20140604195854,20140604195854
010102-20140604195854Bh,20140604195854Bh.jpeg,f0988cee6397d09195b2274cc44731a3,20140604195854,20140604195854
040401-20160327170714Mh,20160327170714Mh.jpeg,e230baa654a2b67a8418f5614d3404af,20160327170714,20160327170714
010203-20211225025850Uh,20211225025850Uh.jpeg,062c97a36fb1298fd00a19721d2d18f3,20211225025850,20211225025850
010201-20211225025850Uh,20211225025850Uh.jpeg,062c97a36fb1298fd00a19721d2d18f3,20211225025850,20211225025850
010202-20211225025850Uh,20211225025850Uh.jpeg,062c97a36fb1298fd00a19721d2d18f3,20211225025850,20211225025850
040102-20141024195834Ch,20141024195834Ch.jpeg,09efbdc524be3c99ceb803a4b96ad556,20141024195834,20141024195834
060403-20130327175114Mh,20130327175114Mh.jpeg,e16e8574f29b67740a5608386645cc80,20130327175114,20130327175114
010101-20211016145050Bh,20211016145050Bh.jpeg,85b6583b2ab8e8f91ab39e3dda59490a,20211016145050,20211016145050
030101-20160831133714Th,20160831133714Th.jpeg,bcb468d2082dbe3b6e20ea8ade2134dd,20160831133714,20160831133714
040401-20210616142650Bh,20210616142650Bh.jpeg,f2dc3f3e9073332583d360934619eabf,20210616142650,20210616142650
040402-20210616142650Bh,20210616142650Bh.jpeg,f2dc3f3e9073332583d360934619eabf,20210616142650,20210616142650
040301-20140817195834Ch,20140817195834Ch.jpeg,939dbfb4b5d50aba8dee579bc376ea53,20140817195834,20140817195834
040401-20160629133714Th,20160629133714Th.jpeg,0b5c260d59aba41e756b1b5cd7b3a859,20160629133714,20160629133714
030403-20180506140230Ch,20180506140230Ch.jpeg,8f45905fee663f73475a6057f38baace,20180506140230,20180506140230
040401-20150324145954Bh,20150324145954Bh.jpeg,cc62794601b6b812855defaeda37861f,20150324145954,20150324145954
030302-20110421164914Mh,20110421164914Mh.jpeg,fdfcdfe423abb7c76be5b78ef90405d5,20110421164914,20110421164914
060403-20140927014554Uh,20140927014554Uh.jpeg,6d2d9eec82474578bf1b31bdb244c46c,20140927014554,20140927014554
030302-20140523195814Mh,20140523195814Mh.jpeg,a13e1947919f16e82bc322228fe157e7,20140523195814,20140523195814
050103-20110727063234Lh,20110727063234Lh.jpeg,d243d10f1a0a3931e54d0fc7cdc0e132,20110727063234,20110727063234
050101-20110727063234Lh,20110727063234Lh.jpeg,d243d10f1a0a3931e54d0fc7cdc0e132,20110727063234,20110727063234
050102-20110727063234Lh,20110727063234Lh.jpeg,d243d10f1a0a3931e54d0fc7cdc0e132,20110727063234,20110727063234
020103-20150330081954Uh,20150330081954Uh.jpeg,527cdc20259725115fe196eb9ebc02e6,20150330081954,20150330081954
020101-20150330081954Uh,20150330081954Uh.jpeg,527cdc20259725115fe196eb9ebc02e6,20150330081954,20150330081954
020401-20160501143154Bh,20160501143154Bh.jpeg,c21716dd6219dc74fa53c038834175ad,20160501143154,20160501143154
020403-20160501143154Bh,20160501143154Bh.jpeg,c21716dd6219dc74fa53c038834175ad,20160501143154,20160501143154
050102-20170728150230Ch,20170728150230Ch.jpeg,95cecf6e853cf729dcbc783ea3c6f0d5,20170728150230,20170728150230
050103-20170728150230Ch,20170728150230Ch.jpeg,95cecf6e853cf729dcbc783ea3c6f0d5,20170728150230,20170728150230
050101-20170728150230Ch,20170728150230Ch.jpeg,95cecf6e853cf729dcbc783ea3c6f0d5,20170728150230,20170728150230
040302-20210329015250Uh,20210329015250Uh.jpeg,1cbb2222f83321eae15845031da9d456,20210329015250,20210329015250
040301-20130828141354Bh,20130828141354Bh.jpeg,41ca5410d092f7b47b3da806350cd179,20130828141354,20130828141354
040303-20130828141354Bh,20130828141354Bh.jpeg,41ca5410d092f7b47b3da806350cd179,20130828141354,20130828141354
010301-20110213093414Th,20110213093414Th.jpeg,e97e4c73489710c9454f74737c432baf,20110213093414,20110213093414
010302-20110213093414Th,20110213093414Th.jpeg,e97e4c73489710c9454f74737c432baf,20110213093414,20110213093414
040401-20110312082634Lh,20110312082634Lh.jpeg,c79a2c5601094b9c4d2186b93b6e8ba3,20110312082634,20110312082634
020101-20210812044930Lh,20210812044930Lh.jpeg,608ed62785e8fea6df05b9600cd47ded,20210812044930,20210812044930
010401-20160810234034Lh,20160810234034Lh.jpeg,0d1c319bf4883fa9490221a65d335051,20160810234034,20160810234034
010402-20160810234034Lh,20160810234034Lh.jpeg,0d1c319bf4883fa9490221a65d335051,20160810234034,20160810234034
010403-20160810234034Lh,20160810234034Lh.jpeg,0d1c319bf4883fa9490221a65d335051,20160810234034,20160810234034
010102-20110220082634Lh,20110220082634Lh.jpeg,19e6e0e0cb43cb25d588ed2238ac6eed,20110220082634,20110220082634
010101-20110220082634Lh,20110220082634Lh.jpeg,19e6e0e0cb43cb25d588ed2238ac6eed,20110220082634,20110220082634
060403-20130601063154Uh,20130601063154Uh.jpeg,84f6c0ee3d7405eca581aa2ff2c6ae6e,20130601063154,20130601063154
010101-20150112081954Uh,20150112081954Uh.jpeg,d0a780e8fa3056fc8fc088e52ba6a839,20150112081954,20150112081954
010103-20150112081954Uh,20150112081954Uh.jpeg,d0a780e8fa3056fc8fc088e52ba6a839,20150112081954,20150112081954
010102-20150112081954Uh,20150112081954Uh.jpeg,d0a780e8fa3056fc8fc088e52ba6a839,20150112081954,20150112081954
060102-20210721123430Ch,20210721123430Ch.jpeg,6f250b41384ca6c57abf722584c62ed8,20210721123430,20210721123430
030101-20160317232434Lh,20160317232434Lh.jpeg,0c3456c5f1d843be483611b39748bdf5,20160317232434,20160317232434
050303-20110810063134Lh,20110810063134Lh.jpeg,1f2fb51a42f43baa5ae8c864771a47a7,20110810063134,20110810063134
020101-20131116185334Ch,20131116185334Ch.jpeg,21823d92ade4cf152d53053b091516c7,20131116185334,20131116185334
020101-20200105073250Uh,20200105073250Uh.jpeg,3cb3a02bc2bfeaf5b99435ad22f1b443,20200105073250,20200105073250
030101-20130201084914Th,20130201084914Th.jpeg,efe702263c66d501288e9f390abe570d,20130201084914,20130201084914
020101-20121022145554Bh,20121022145554Bh.jpeg,8c18b665f59e5dfab42cbdeb3dda6391,20121022145554,20121022145554
020401-20130314165714Mh,20130314165714Mh.jpeg,5b59c1c75e1a7173c04bfa9376bff3d4,20130314165714,20130314165714
020403-20130314165714Mh,20130314165714Mh.jpeg,5b59c1c75e1a7173c04bfa9376bff3d4,20130314165714,20130314165714
060403-20181014105830Ch,20181014105830Ch.jpeg,a2136decd743fd5de9ace318ea897cb4,20181014105830,20181014105830
060403-20180923112330Ch,20180923112330Ch.jpeg,1bd5e094b650ce5af83f88852d90f563,20180923112330,20180923112330
030302-20171025133730Ch,20171025133730Ch.jpeg,0051dee2809f0ae8ad362871fb494f32,20171025133730,20171025133730
030302-20130609173414Mh,20130609173414Mh.jpeg,6ccb3035c641f8fdb9dcae64c1ecf785,20130609173414,20130609173414
040401-20160619133714Th,20160619133714Th.jpeg,607bfac4fcafd63d148b06d79ed1854f,20160619133714,20160619133714
040401-20150830084134Lh,20150830084134Lh.jpeg,8116140df312e4f5bc9526f707f9954e,20150830084134,20150830084134
020101-20190927165910Mh,20190927165910Mh.jpeg,3eda053a48468047790c3dbc2b98aa26,20190927165910,20190927165910
030302-20151128222134Lh,20151128222134Lh.jpeg,402b49d8eae7fbd035f6a997d4ac470a,20151128222134,20151128222134
050101-20110502063154Uh,20110502063154Uh.jpeg,b96e475e63d116cd2fb0f71378efb3cd,20110502063154,20110502063154
050102-20110502063154Uh,20110502063154Uh.jpeg,b96e475e63d116cd2fb0f71378efb3cd,20110502063154,20110502063154
050103-20110502063154Uh,20110502063154Uh.jpeg,b96e475e63d116cd2fb0f71378efb3cd,20110502063154,20110502063154
050202-20150926111934Ch,20150926111934Ch.jpeg,e2feff90f622778175b97e1508cddb5e,20150926111934,20150926111934
030302-20131030185354Bh,20131030185354Bh.jpeg,b842e243e4c4949106864139a56f47b4,20131030185354,20131030185354
010102-20141027224834Lh,20141027224834Lh.jpeg,e3f9a8c5d4945fb81b8c6f571243f1a0,20141027224834,20141027224834
010101-20141027224834Lh,20141027224834Lh.jpeg,e3f9a8c5d4945fb81b8c6f571243f1a0,20141027224834,20141027224834
010402-20121218063534Lh,20121218063534Lh.jpeg,f69ee3fd184e652c50fef3f030ff3fd3,20121218063534,20121218063534
010403-20121218063534Lh,20121218063534Lh.jpeg,f69ee3fd184e652c50fef3f030ff3fd3,20121218063534,20121218063534
010401-20121218063534Lh,20121218063534Lh.jpeg,f69ee3fd184e652c50fef3f030ff3fd3,20121218063534,20121218063534
010403-20140205180154Bh,20140205180154Bh.jpeg,030b270a2ee6802e24a12f865c5cb349,20140205180154,20140205180154
010401-20140205180154Bh,20140205180154Bh.jpeg,030b270a2ee6802e24a12f865c5cb349,20140205180154,20140205180154
010402-20140205180154Bh,20140205180154Bh.jpeg,030b270a2ee6802e24a12f865c5cb349,20140205180154,20140205180154
010102-20150531082034Lh,20150531082034Lh.jpeg,9ce03a656a1439fea44e3f05332460d6,20150531082034,20150531082034
010101-20150531082034Lh,20150531082034Lh.jpeg,9ce03a656a1439fea44e3f05332460d6,20150531082034,20150531082034
010203-20210621133650Bh,20210621133650Bh.jpeg,d0b034a6cf89befc591b34d7e197df15,20210621133650,20210621133650
050102-20150116082034Lh,20150116082034Lh.jpeg,4914d2e952a3af4f0b7838be75b9cad8,20150116082034,20150116082034
050103-20150116082034Lh,20150116082034Lh.jpeg,4914d2e952a3af4f0b7838be75b9cad8,20150116082034,20150116082034
050101-20150116082034Lh,20150116082034Lh.jpeg,4914d2e952a3af4f0b7838be75b9cad8,20150116082034,20150116082034
040102-20210731074710Th,20210731074710Th.jpeg,741372317a7cdb3a320b835f1b777bc6,20210731074710,20210731074710
040302-20140807195854Bh,20140807195854Bh.jpeg,5549e9fd085bc2c12ec6dd528d0b7a61,20140807195854,20140807195854
040301-20140807195854Bh,20140807195854Bh.jpeg,5549e9fd085bc2c12ec6dd528d0b7a61,20140807195854,20140807195854
030403-20170423014350Uh,20170423014350Uh.jpeg,f9a5ca0eac5bc62b5427a96d9caae572,20170423014350,20170423014350
010202-20171004143950Bh,20171004143950Bh.jpeg,7bb484cbb8c368bb92ea0e545c890d9e,20171004143950,20171004143950
010203-20171004143950Bh,20171004143950Bh.jpeg,7bb484cbb8c368bb92ea0e545c890d9e,20171004143950,20171004143950
050202-20140128174554Bh,20140128174554Bh.jpeg,82f291f9a976f8d761b3efdb64df04a6,20140128174554,20140128174554
040102-20110525063154Uh,20110525063154Uh.jpeg,98ebbd5422a6a93654f68d43622c0de8,20110525063154,20110525063154
020401-20120814163114Mh,20120814163114Mh.jpeg,bf99cd63df861cd69eb104e756e892f8,20120814163114,20120814163114
020403-20120814163114Mh,20120814163114Mh.jpeg,bf99cd63df861cd69eb104e756e892f8,20120814163114,20120814163114
010102-20190626025430Lh,20190626025430Lh.jpeg,0b7c4908ffb3c09e1631835224c67173,20190626025430,20190626025430
010103-20190626025430Lh,20190626025430Lh.jpeg,0b7c4908ffb3c09e1631835224c67173,20190626025430,20190626025430
010101-20190626025430Lh,20190626025430Lh.jpeg,0b7c4908ffb3c09e1631835224c67173,20190626025430,20190626025430
040102-20120726071914Th,20120726071914Th.jpeg,26419239397d9b993fe84a92cf5326e4,20120726071914,20120726071914
010303-20210624133950Bh,20210624133950Bh.jpeg,4ccd74597b6db4c83a7d750b5422009c,20210624133950,20210624133950
010302-20210624133950Bh,20210624133950Bh.jpeg,4ccd74597b6db4c83a7d750b5422009c,20210624133950,20210624133950
040401-20131019080114Th,20131019080114Th.jpeg,b4afbbd1cb2d5b4c7a4487d7e1fccae9,20131019080114,20131019080114
040201-20140601195814Mh,20140601195814Mh.jpeg,22ca1cfa4355708415281f5c3671d3a1,20140601195814,20140601195814
050303-20160925225634Lh,20160925225634Lh.jpeg,5698926151fb2761cb5293eaf8d1ef86,20160925225634,20160925225634
020101-20140525070514Th,20140525070514Th.jpeg,f84ba754e92f331724286a968f079e4e,20140525070514,20140525070514
060102-20170316133730Ch,20170316133730Ch.jpeg,1a88149ae2ae5ed37a59c56f8d1e6ab1,20170316133730,20170316133730
050202-20151116224034Lh,20151116224034Lh.jpeg,2097f8c92e862189ae887db61d1b2a4c,20151116224034,20151116224034
040201-20140821195834Ch,20140821195834Ch.jpeg,9c5d245cc71a566df40e4a5e8a506411,20140821195834,20140821195834
010203-20140409081614Th,20140409081614Th.jpeg,f5980822c50371b60473bc9a42076dba,20140409081614,20140409081614
010101-20110625163814Mh,20110625163814Mh.jpeg,3650cfa3e3783689b61c2c503747b561,20110625163814,20110625163814
040401-20131115185414Mh,20131115185414Mh.jpeg,6f1170c30e5d52fc48a469b3909b479e,20131115185414,20131115185414
020403-20131101222734Lh,20131101222734Lh.jpeg,707dea40ef4349703b5a2e54e7b28c30,20131101222734,20131101222734
020401-20131101222734Lh,20131101222734Lh.jpeg,707dea40ef4349703b5a2e54e7b28c30,20131101222734,20131101222734
010103-20140112180134Ch,20140112180134Ch.jpeg,7ef30a4cc966ab4a29069be797d1977c,20140112180134,20140112180134
010102-20140112180134Ch,20140112180134Ch.jpeg,7ef30a4cc966ab4a29069be797d1977c,20140112180134,20140112180134
060403-20120829063134Lh,20120829063134Lh.jpeg,7f6f2ec70dcf49aba0dfbd5ac0d7409d,20120829063134,20120829063134
010203-20120910074014Th,20120910074014Th.jpeg,0312f2c15482d476962d02a451180bae,20120910074014,20120910074014
010202-20120910074014Th,20120910074014Th.jpeg,0312f2c15482d476962d02a451180bae,20120910074014,20120910074014
010201-20120910074014Th,20120910074014Th.jpeg,0312f2c15482d476962d02a451180bae,20120910074014,20120910074014
020403-20150617161314Mh,20150617161314Mh.jpeg,74476e8d908b7557449a81ea771966fc,20150617161314,20150617161314
020401-20150617161314Mh,20150617161314Mh.jpeg,74476e8d908b7557449a81ea771966fc,20150617161314,20150617161314
040301-20131113004514Mh,20131113004514Mh.jpeg,0338d15a1a913a6842311a34351bde03,20131113004514,20131113004514
010203-20160223173514Mh,20160223173514Mh.jpeg,2c750fdfe9769a69d07260c99d4613eb,20160223173514,20160223173514
010202-20160223173514Mh,20160223173514Mh.jpeg,2c750fdfe9769a69d07260c99d4613eb,20160223173514,20160223173514
040102-20140312025454Uh,20140312025454Uh.jpeg,ba687d7ed6014dbcaaddcfaa3f0f2ed5,20140312025454,20140312025454
040301-20130211063134Lh,20130211063134Lh.jpeg,e34f252e35b976295d0ae5e347a133f8,20130211063134,20130211063134
010403-20120913165314Mh,20120913165314Mh.jpeg,18ea4ae7f58270d4f41cf3c202b781b1,20120913165314,20120913165314
010401-20120913165314Mh,20120913165314Mh.jpeg,18ea4ae7f58270d4f41cf3c202b781b1,20120913165314,20120913165314
010402-20120913165314Mh,20120913165314Mh.jpeg,18ea4ae7f58270d4f41cf3c202b781b1,20120913165314,20120913165314
010401-20150825082034Lh,20150825082034Lh.jpeg,2fb33c57dec4d499c754f6d9d7c0f8a1,20150825082034,20150825082034
010403-20150825082034Lh,20150825082034Lh.jpeg,2fb33c57dec4d499c754f6d9d7c0f8a1,20150825082034,20150825082034
010402-20150825082034Lh,20150825082034Lh.jpeg,2fb33c57dec4d499c754f6d9d7c0f8a1,20150825082034,20150825082034
050103-20130719140154Bh,20130719140154Bh.jpeg,28840908af95674e7b0f1b5cd373d83d,20130719140154,20130719140154
050102-20130719140154Bh,20130719140154Bh.jpeg,28840908af95674e7b0f1b5cd373d83d,20130719140154,20130719140154
050101-20130719140154Bh,20130719140154Bh.jpeg,28840908af95674e7b0f1b5cd373d83d,20130719140154,20130719140154
040301-20150222112034Ch,20150222112034Ch.jpeg,b20acd3b8116a070a73293f545878a01,20150222112034,20150222112034
010201-20130717123434Ch,20130717123434Ch.jpeg,22679ca08c6c57e0ca8bbe4edad447f0,20130717123434,20130717123434
010102-20170218173710Mh,20170218173710Mh.jpeg,5c5c71fca6e0166f70573b1c92d13a39,20170218173710,20170218173710
010101-20170218173710Mh,20170218173710Mh.jpeg,5c5c71fca6e0166f70573b1c92d13a39,20170218173710,20170218173710
040401-20120414115434Ch,20120414115434Ch.jpeg,5094be98e1f31cf9310a105f30dce2c2,20120414115434,20120414115434
030302-20140725195814Mh,20140725195814Mh.jpeg,9282869deb67d45072e81554fc5d41b5,20140725195814,20140725195814
010401-20170804140650Bh,20170804140650Bh.jpeg,3b5e81c9858934c6289771a399a76d4d,20170804140650,20170804140650
010403-20170804140650Bh,20170804140650Bh.jpeg,3b5e81c9858934c6289771a399a76d4d,20170804140650,20170804140650
010402-20170804140650Bh,20170804140650Bh.jpeg,3b5e81c9858934c6289771a399a76d4d,20170804140650,20170804140650
050202-20160720133734Ch,20160720133734Ch.jpeg,9c7311f410eaeeaaba4673f4f41e6db4,20160720133734,20160720133734
010402-20110128174814Mh,20110128174814Mh.jpeg,9d2d5b4010609e1a73a8356d64509e0d,20110128174814,20110128174814
010401-20110128174814Mh,20110128174814Mh.jpeg,9d2d5b4010609e1a73a8356d64509e0d,20110128174814,20110128174814
010403-20110128174814Mh,20110128174814Mh.jpeg,9d2d5b4010609e1a73a8356d64509e0d,20110128174814,20110128174814
010301-20120803102114Th,20120803102114Th.jpeg,7445e64092f68f5644f28a6ec364678c,20120803102114,20120803102114
010302-20120803102114Th,20120803102114Th.jpeg,7445e64092f68f5644f28a6ec364678c,20120803102114,20120803102114
040401-20120421063154Uh,20120421063154Uh.jpeg,564c8f18e3c75c6fa25b0dee6beebd3d,20120421063154,20120421063154
010401-20150125172714Mh,20150125172714Mh.jpeg,36d40f8fdbb6a281a5e3c3266ce54347,20150125172714,20150125172714
010403-20150125172714Mh,20150125172714Mh.jpeg,36d40f8fdbb6a281a5e3c3266ce54347,20150125172714,20150125172714
010402-20150125172714Mh,20150125172714Mh.jpeg,36d40f8fdbb6a281a5e3c3266ce54347,20150125172714,20150125172714
040201-20130116172814Mh,20130116172814Mh.jpeg,b76afbbc6a907a2f280f17a37f181f43,20130116172814,20130116172814
040401-20130824060834Lh,20130824060834Lh.jpeg,3300e5dfad22dc177cdf5a73738a3cde,20130824060834,20130824060834
040401-20131108045254Uh,20131108045254Uh.jpeg,3c147e4bc5cc803258dde200c832c88c,20131108045254,20131108045254
030101-20121118092514Th,20121118092514Th.jpeg,9adb2eb2a4f5b1496fabe73dc05cfd7b,20121118092514,20121118092514
010202-20141012015654Uh,20141012015654Uh.jpeg,c81a72218297393536f76ee69afaccb1,20141012015654,20141012015654
010201-20141012015654Uh,20141012015654Uh.jpeg,c81a72218297393536f76ee69afaccb1,20141012015654,20141012015654
010203-20141012015654Uh,20141012015654Uh.jpeg,c81a72218297393536f76ee69afaccb1,20141012015654,20141012015654
020101-20160309172214Mh,20160309172214Mh.jpeg,24381765bf87a42d35a659637755b0df,20160309172214,20160309172214
040301-20170122034654Uh,20170122034654Uh.jpeg,f6e15a44e9f2b2df8f13aafc354603a2,20170122034654,20170122034654
050202-20120127085214Th,20120127085214Th.jpeg,4cfef17bd54360190726bd786b97136d,20120127085214,20120127085214
010102-20120330063134Lh,20120330063134Lh.jpeg,539c65d402895d24b81d8e1df46034c4,20120330063134,20120330063134
010101-20120330063134Lh,20120330063134Lh.jpeg,539c65d402895d24b81d8e1df46034c4,20120330063134,20120330063134
040401-20111025080614Th,20111025080614Th.jpeg,a3e8b3e413e7066c4a547cc51c9f1ccb,20111025080614,20111025080614
010101-20171008144250Bh,20171008144250Bh.jpeg,309d763c3b54bd5c8b096137121b1d4c,20171008144250,20171008144250
010102-20171008144250Bh,20171008144250Bh.jpeg,309d763c3b54bd5c8b096137121b1d4c,20171008144250,20171008144250
010203-20211229120210Th,20211229120210Th.jpeg,63ea1d1b59ac30ceacb0a98b8ea51a70,20211229120210,20211229120210
010403-20110306082634Lh,20110306082634Lh.jpeg,3f12ac608d53810a94a442aafa9746e1,20110306082634,20110306082634
010401-20110306082634Lh,20110306082634Lh.jpeg,3f12ac608d53810a94a442aafa9746e1,20110306082634,20110306082634
010402-20110306082634Lh,20110306082634Lh.jpeg,3f12ac608d53810a94a442aafa9746e1,20110306082634,20110306082634
060403-20160110133714Th,20160110133714Th.jpeg,7cd6330f7bba8aa14c4684fc5e03cecb,20160110133714,20160110133714
050103-20120810121634Ch,20120810121634Ch.jpeg,5192dbe08a00a6462184de46689234a4,20120810121634,20120810121634
050101-20120810121634Ch,20120810121634Ch.jpeg,5192dbe08a00a6462184de46689234a4,20120810121634,20120810121634
060102-20130419070254Uh,20130419070254Uh.jpeg,17e2277c691ac648c54953f3cdb6a7da,20130419070254,20130419070254
010402-20120802090314Th,20120802090314Th.jpeg,22a40e26b40ff88b4a190e5c7815a14a,20120802090314,20120802090314
010403-20120802090314Th,20120802090314Th.jpeg,22a40e26b40ff88b4a190e5c7815a14a,20120802090314,20120802090314
010401-20120802090314Th,20120802090314Th.jpeg,22a40e26b40ff88b4a190e5c7815a14a,20120802090314,20120802090314
030302-20170619012150Uh,20170619012150Uh.jpeg,6f02229c030edeaf8e0c054703186230,20170619012150,20170619012150
060403-20140411013854Uh,20140411013854Uh.jpeg,6984a6220a67f7df053050d22a4e03fc,20140411013854,20140411013854
060403-20141225172214Mh,20141225172214Mh.jpeg,3968eeb32468bce540d30f73f93050a8,20141225172214,20141225172214
040201-20160808133714Th,20160808133714Th.jpeg,79efe3d68c235a1a463b681fa2b8f5b7,20160808133714,20160808133714
060403-20110523063154Uh,20110523063154Uh.jpeg,6832bbd2e46524bf0233a2625354afc1,20110523063154,20110523063154
010403-20170927143450Bh,20170927143450Bh.jpeg,3744940ba5c9864aa0f14e8bcfe105f6,20170927143450,20170927143450
010402-20170927143450Bh,20170927143450Bh.jpeg,3744940ba5c9864aa0f14e8bcfe105f6,20170927143450,20170927143450
010401-20170927143450Bh,20170927143450Bh.jpeg,3744940ba5c9864aa0f14e8bcfe105f6,20170927143450,20170927143450
060102-20170217165250Bh,20170217165250Bh.jpeg,a4d3f1a6e69d565692eb10199ad4a60c,20170217165250,20170217165250
020101-20120330063154Uh,20120330063154Uh.jpeg,d90e1b79e495b7e7ed976213f972ca02,20120330063154,20120330063154
010101-20131006075314Th,20131006075314Th.jpeg,54d25bc603c2cac3b3101c17c167fbb4,20131006075314,20131006075314
010102-20131006075314Th,20131006075314Th.jpeg,54d25bc603c2cac3b3101c17c167fbb4,20131006075314,20131006075314
030302-20131109190514Mh,20131109190514Mh.jpeg,d32b918869ff6cc31747507ffa581929,20131109190514,20131109190514
020201-20110520063154Uh,20110520063154Uh.jpeg,f710e05f9c3fd3e471647171ffb1f2fe,20110520063154,20110520063154
040401-20160927133734Ch,20160927133734Ch.jpeg,3f22e267df6cb600a4d3379f01283a1e,20160927133734,20160927133734
020403-20120331142954Bh,20120331142954Bh.jpeg,beab3aa4849dada098504c35b8c994d7,20120331142954,20120331142954
020401-20120331142954Bh,20120331142954Bh.jpeg,beab3aa4849dada098504c35b8c994d7,20120331142954,20120331142954
050102-20160310133734Ch,20160310133734Ch.jpeg,18472ce353d66a946b76ab8ad8aeea17,20160310133734,20160310133734
050103-20160310133734Ch,20160310133734Ch.jpeg,18472ce353d66a946b76ab8ad8aeea17,20160310133734,20160310133734
050101-20160310133734Ch,20160310133734Ch.jpeg,18472ce353d66a946b76ab8ad8aeea17,20160310133734,20160310133734
030302-20160627133734Ch,20160627133734Ch.jpeg,7f556aa0cf723f58ff894ab189fd9fad,20160627133734,20160627133734
010102-20140312081114Th,20140312081114Th.jpeg,6f688d9d5544cc8914dfa486b0fa16d8,20140312081114,20140312081114
010101-20140312081114Th,20140312081114Th.jpeg,6f688d9d5544cc8914dfa486b0fa16d8,20140312081114,20140312081114
010402-20150228082414Th,20150228082414Th.jpeg,fb23899ffe9f8dc1bd1812ebcc564374,20150228082414,20150228082414
010403-20150228082414Th,20150228082414Th.jpeg,fb23899ffe9f8dc1bd1812ebcc564374,20150228082414,20150228082414
010401-20150228082414Th,20150228082414Th.jpeg,fb23899ffe9f8dc1bd1812ebcc564374,20150228082414,20150228082414
020401-20120217181154Bh,20120217181154Bh.jpeg,7dd6b413aa2615dd628bb2b9def99f0f,20120217181154,20120217181154
020403-20120217181154Bh,20120217181154Bh.jpeg,7dd6b413aa2615dd628bb2b9def99f0f,20120217181154,20120217181154
030302-20120227161654Bh,20120227161654Bh.jpeg,9fa4a2dbc0668d5b22da402b49b294ab,20120227161654,20120227161654
010301-20181024232430Lh,20181024232430Lh.jpeg,7e931f61c4390184e04e2b56f7f8b678,20181024232430,20181024232430
010202-20130903141654Bh,20130903141654Bh.jpeg,3714efe82aef6a945073ad2380f3b5b8,20130903141654,20130903141654
010203-20130903141654Bh,20130903141654Bh.jpeg,3714efe82aef6a945073ad2380f3b5b8,20130903141654,20130903141654
020401-20140806195834Ch,20140806195834Ch.jpeg,ae7ac17a9e308512bbe165bf28661d97,20140806195834,20140806195834
020403-20140806195834Ch,20140806195834Ch.jpeg,ae7ac17a9e308512bbe165bf28661d97,20140806195834,20140806195834
010203-20220710085152Th,20220710085152Th.jpeg,8194618731d4beb411c6df4e588a117a,20220710085152,20220710085152
060403-20150113155654Bh,20150113155654Bh.jpeg,38825defc4d8e5fd3b80cf5aa97c7789,20150113155654,20150113155654
040401-20170310173450Bh,20170310173450Bh.jpeg,d0dc48edc5b5e9336d260ec208401446,20170310173450,20170310173450
030302-20171121222130Lh,20171121222130Lh.jpeg,7f30fc271477ce0186b69f5b16ac36ca,20171121222130,20171121222130
010402-20120610175114Mh,20120610175114Mh.jpeg,e838e22611fc210024fd7515a5fb69c3,20120610175114,20120610175114
010401-20120610175114Mh,20120610175114Mh.jpeg,e838e22611fc210024fd7515a5fb69c3,20120610175114,20120610175114
010403-20120610175114Mh,20120610175114Mh.jpeg,e838e22611fc210024fd7515a5fb69c3,20120610175114,20120610175114
030302-20161108021454Uh,20161108021454Uh.jpeg,f9704488fcee95a4f2af352c4fbaa075,20161108021454,20161108021454
050101-20150113105034Ch,20150113105034Ch.jpeg,a46ede1751feccfe2dbe851b9badcce3,20150113105034,20150113105034
050103-20150113105034Ch,20150113105034Ch.jpeg,a46ede1751feccfe2dbe851b9badcce3,20150113105034,20150113105034
050102-20150113105034Ch,20150113105034Ch.jpeg,a46ede1751feccfe2dbe851b9badcce3,20150113105034,20150113105034
010202-20110823120334Ch,20110823120334Ch.jpeg,7440f7a3c2ac48253548061e9b066f33,20110823120334,20110823120334
010203-20110823120334Ch,20110823120334Ch.jpeg,7440f7a3c2ac48253548061e9b066f33,20110823120334,20110823120334
010201-20110823120334Ch,20110823120334Ch.jpeg,7440f7a3c2ac48253548061e9b066f33,20110823120334,20110823120334
040401-20130901073614Th,20130901073614Th.jpeg,6b4f5221a1944c4abf07fba9e1d07e0b,20130901073614,20130901073614
030101-20160103133734Ch,20160103133734Ch.jpeg,d644da0c0e375ef73fea5143a7639d4b,20160103133734,20160103133734
010101-20140813064254Uh,20140813064254Uh.jpeg,7e6bb2a2f73e0f9aba2a988a56060641,20140813064254,20140813064254
010102-20140813064254Uh,20140813064254Uh.jpeg,7e6bb2a2f73e0f9aba2a988a56060641,20140813064254,20140813064254
050103-20220328143550Bh,20220328143550Bh.jpeg,a467bb09c6665905e0f438f185142c92,20220328143550,20220328143550
050101-20220328143550Bh,20220328143550Bh.jpeg,a467bb09c6665905e0f438f185142c92,20220328143550,20220328143550
050102-20220328143550Bh,20220328143550Bh.jpeg,a467bb09c6665905e0f438f185142c92,20220328143550,20220328143550
060102-20220724185352Mh,20220724185352Mh.jpeg,48ebe1836cbb763c26bb20703077c5f7,20220724185352,20220724185352
060403-20130212153254Bh,20130212153254Bh.jpeg,c9c33de55f0bc3fb5f2a3f32bc96e4c2,20130212153254,20130212153254
010403-20130429063154Uh,20130429063154Uh.jpeg,1f8973e02ae1641314422bd61126b949,20130429063154,20130429063154
010402-20130429063154Uh,20130429063154Uh.jpeg,1f8973e02ae1641314422bd61126b949,20130429063154,20130429063154
010202-20140918195854Bh,20140918195854Bh.jpeg,b716543f42911cee39d721646ae261c4,20140918195854,20140918195854
050202-20171005144050Bh,20171005144050Bh.jpeg,5ae82c123a718ae5722d72814ee1f29b,20171005144050,20171005144050
040401-20171115222230Lh,20171115222230Lh.jpeg,7f7d9aa853e10187552b581842898387,20171115222230,20171115222230
040402-20171115222230Lh,20171115222230Lh.jpeg,7f7d9aa853e10187552b581842898387,20171115222230,20171115222230
060403-20110621063134Lh,20110621063134Lh.jpeg,72224edbe63aa9dc51cb57cf0f2018b3,20110621063134,20110621063134
040102-20160129225334Lh,20160129225334Lh.jpeg,417db334301ed144be792fc53e578411,20160129225334,20160129225334
040102-20130921060834Lh,20130921060834Lh.jpeg,be3d7269425aec0c6ea627ec820d66d3,20130921060834,20130921060834
010101-20120215153654Bh,20120215153654Bh.jpeg,e3ba1f3f77dbe73c15ed353d30f5c26f,20120215153654,20120215153654
010102-20120215153654Bh,20120215153654Bh.jpeg,e3ba1f3f77dbe73c15ed353d30f5c26f,20120215153654,20120215153654
010403-20150221155154Bh,20150221155154Bh.jpeg,d565d82a5b3a0c7f401aef00028cdb39,20150221155154,20150221155154
010401-20150221155154Bh,20150221155154Bh.jpeg,d565d82a5b3a0c7f401aef00028cdb39,20150221155154,20150221155154
010402-20150221155154Bh,20150221155154Bh.jpeg,d565d82a5b3a0c7f401aef00028cdb39,20150221155154,20150221155154
060102-20161023133814Th,20161023133814Th.jpeg,b3bc9000661520f0e902950a8e3d4e11,20161023133814,20161023133814
030101-20160408232234Lh,20160408232234Lh.jpeg,50bb6c52c0b5e61e1b73bd67efaf4c09,20160408232234,20160408232234
040102-20160604163414Mh,20160604163414Mh.jpeg,7f686eb8317001a0186bdb936a0fb124,20160604163414,20160604163414
010302-20130809072814Th,20130809072814Th.jpeg,258118d94af894b31a9b32875ce9f6e6,20130809072814,20130809072814
020403-20121114172254Bh,20121114172254Bh.jpeg,8e4b9eedd52c9796d0d729dbfc803681,20121114172254,20121114172254
020401-20121114172254Bh,20121114172254Bh.jpeg,8e4b9eedd52c9796d0d729dbfc803681,20121114172254,20121114172254
030101-20190925165810Mh,20190925165810Mh.jpeg,ec3e4e902a94434ce445500dc84fed6c,20190925165810,20190925165810
040102-20110511063154Uh,20110511063154Uh.jpeg,ae45cbeee92e074526f3c4843584416d,20110511063154,20110511063154
060403-20160804133734Ch,20160804133734Ch.jpeg,ea0737b96cd6ef60b49d39b2c572d7d8,20160804133734,20160804133734
040301-20120217063154Uh,20120217063154Uh.jpeg,cd6d3a1c6475d39d54c7c7d8508d4b8a,20120217063154,20120217063154
060102-20110326170914Mh,20110326170914Mh.jpeg,31280bb6f1ac2c46a0152a26ea419fb0,20110326170914,20110326170914
040301-20140701195814Mh,20140701195814Mh.jpeg,a401828751b20b5692b44b3331099d58,20140701195814,20140701195814
010401-20141106195854Bh,20141106195854Bh.jpeg,9cb90bc1d9ffdc4b79b2fd7304a77b4b,20141106195854,20141106195854
010402-20141106195854Bh,20141106195854Bh.jpeg,9cb90bc1d9ffdc4b79b2fd7304a77b4b,20141106195854,20141106195854
010403-20141106195854Bh,20141106195854Bh.jpeg,9cb90bc1d9ffdc4b79b2fd7304a77b4b,20141106195854,20141106195854
030401-20111214132434Ch,20111214132434Ch.jpeg,f236dde3e658188b5ab670f41c37298b,20111214132434,20111214132434
030403-20111214132434Ch,20111214132434Ch.jpeg,f236dde3e658188b5ab670f41c37298b,20111214132434,20111214132434
050302-20120113104834Ch,20120113104834Ch.jpeg,fee2e537bef386614502cd699ff4398a,20120113104834,20120113104834
050303-20120113104834Ch,20120113104834Ch.jpeg,fee2e537bef386614502cd699ff4398a,20120113104834,20120113104834
030101-20141013195854Bh,20141013195854Bh.jpeg,f8d60f35288b7cc1805f12190dff530c,20141013195854,20141013195854
010401-20120131063154Uh,20120131063154Uh.jpeg,c194afa469c2fb5132b98df003298ff3,20120131063154,20120131063154
010402-20120131063154Uh,20120131063154Uh.jpeg,c194afa469c2fb5132b98df003298ff3,20120131063154,20120131063154
010403-20120131063154Uh,20120131063154Uh.jpeg,c194afa469c2fb5132b98df003298ff3,20120131063154,20120131063154
040401-20150314081954Uh,20150314081954Uh.jpeg,2e0a741ab18700e9f0095468f1d3e19b,20150314081954,20150314081954
010401-20120723095014Th,20120723095014Th.jpeg,ca1a59c7d6371a15094829361cd60b97,20120723095014,20120723095014
010402-20120723095014Th,20120723095014Th.jpeg,ca1a59c7d6371a15094829361cd60b97,20120723095014,20120723095014
010403-20120723095014Th,20120723095014Th.jpeg,ca1a59c7d6371a15094829361cd60b97,20120723095014,20120723095014
060102-20130423072414Th,20130423072414Th.jpeg,111108005774936ac6987317e735bf5d,20130423072414,20130423072414
010403-20120404063154Uh,20120404063154Uh.jpeg,27798faf6bd41be7f2bfeb04df55f023,20120404063154,20120404063154
010402-20120404063154Uh,20120404063154Uh.jpeg,27798faf6bd41be7f2bfeb04df55f023,20120404063154,20120404063154
010401-20120404063154Uh,20120404063154Uh.jpeg,27798faf6bd41be7f2bfeb04df55f023,20120404063154,20120404063154
020101-20110526122534Ch,20110526122534Ch.jpeg,8a7135b8df808f6003c60312ae395c59,20110526122534,20110526122534
010102-20111029063154Uh,20111029063154Uh.jpeg,28567e9765000c27dcd874db9d2c032d,20111029063154,20111029063154
010101-20111029063154Uh,20111029063154Uh.jpeg,28567e9765000c27dcd874db9d2c032d,20111029063154,20111029063154
010402-20160229151254Bh,20160229151254Bh.jpeg,6bbc2859c1b159f9924042e5776d2070,20160229151254,20160229151254
010403-20160229151254Bh,20160229151254Bh.jpeg,6bbc2859c1b159f9924042e5776d2070,20160229151254,20160229151254
010401-20160229151254Bh,20160229151254Bh.jpeg,6bbc2859c1b159f9924042e5776d2070,20160229151254,20160229151254
010401-20140413195914Mh,20140413195914Mh.jpeg,71b1c37bd027da5db11b56532a34504f,20140413195914,20140413195914
010403-20140413195914Mh,20140413195914Mh.jpeg,71b1c37bd027da5db11b56532a34504f,20140413195914,20140413195914
020403-20150610082014Th,20150610082014Th.jpeg,882aa343cc2231dcb2c3f58cc103b721,20150610082014,20150610082014
020401-20150610082014Th,20150610082014Th.jpeg,882aa343cc2231dcb2c3f58cc103b721,20150610082014,20150610082014
020101-20150820152254Bh,20150820152254Bh.jpeg,6c88c04df77708860326d66bf66f70d3,20150820152254,20150820152254
040401-20170805133710Th,20170805133710Th.jpeg,1f7b3d37d40c136f50d0254027aad92f,20170805133710,20170805133710
030302-20190629163710Mh,20190629163710Mh.jpeg,710761b806f25190c0a28c170d34b4f7,20190629163710,20190629163710
040401-20120627162114Mh,20120627162114Mh.jpeg,41a6fdfaac4ce9c8663582188e885627,20120627162114,20120627162114
030101-20140816072814Th,20140816072814Th.jpeg,e7c40f81ff3a89eb951e4bb75d50cfbe,20140816072814,20140816072814
040201-20190704123830Ch,20190704123830Ch.jpeg,aff2666860b83bb771df62eefdfd8c5a,20190704123830,20190704123830
040102-20140802072114Th,20140802072114Th.jpeg,29b90bff29cf7e2313bad98cc22ad19f,20140802072114,20140802072114
010201-20141016022554Uh,20141016022554Uh.jpeg,976747ad17c1663b981655c734997d76,20141016022554,20141016022554
010202-20141016022554Uh,20141016022554Uh.jpeg,976747ad17c1663b981655c734997d76,20141016022554,20141016022554
010203-20141016022554Uh,20141016022554Uh.jpeg,976747ad17c1663b981655c734997d76,20141016022554,20141016022554
020401-20171106171510Mh,20171106171510Mh.jpeg,f6fc079224df3a22a9e1c37b042cb640,20171106171510,20171106171510
020403-20171106171510Mh,20171106171510Mh.jpeg,f6fc079224df3a22a9e1c37b042cb640,20171106171510,20171106171510
060403-20120509163414Mh,20120509163414Mh.jpeg,c5e6dd0c21a7bc790e426a0d33739796,20120509163414,20120509163414
010101-20140321195814Mh,20140321195814Mh.jpeg,a08590cda771b691465bafd1e01925aa,20140321195814,20140321195814
010102-20140321195814Mh,20140321195814Mh.jpeg,a08590cda771b691465bafd1e01925aa,20140321195814,20140321195814
050202-20130616070414Th,20130616070414Th.jpeg,1b480e2cd14b1c11bb57a9440611a684,20130616070414,20130616070414
050101-20121027165114Mh,20121027165114Mh.jpeg,c232d956b5390c408b23b79d1abf218c,20121027165114,20121027165114
050103-20121027165114Mh,20121027165114Mh.jpeg,c232d956b5390c408b23b79d1abf218c,20121027165114,20121027165114
050102-20121027165114Mh,20121027165114Mh.jpeg,c232d956b5390c408b23b79d1abf218c,20121027165114,20121027165114
040301-20120430063154Uh,20120430063154Uh.jpeg,bf42041150a337f4f08996fa1acae6b5,20120430063154,20120430063154
010402-20150625082034Lh,20150625082034Lh.jpeg,48cf2be9d073b5fb3ab60ae499a44166,20150625082034,20150625082034
010401-20150625082034Lh,20150625082034Lh.jpeg,48cf2be9d073b5fb3ab60ae499a44166,20150625082034,20150625082034
010403-20150625082034Lh,20150625082034Lh.jpeg,48cf2be9d073b5fb3ab60ae499a44166,20150625082034,20150625082034
050202-20131013185334Ch,20131013185334Ch.jpeg,52b8cf55cf06a925177f1e2899ac4071,20131013185334,20131013185334
010402-20220418020950Uh,20220418020950Uh.jpeg,f50f80000e47a74ee6aa3d182886066c,20220418020950,20220418020950
010401-20171029150150Bh,20171029150150Bh.jpeg,c1c2f248549d0c62de4c37de8ab519ac,20171029150150,20171029150150
010403-20171029150150Bh,20171029150150Bh.jpeg,c1c2f248549d0c62de4c37de8ab519ac,20171029150150,20171029150150
010402-20171029150150Bh,20171029150150Bh.jpeg,c1c2f248549d0c62de4c37de8ab519ac,20171029150150,20171029150150
010403-20121129063154Uh,20121129063154Uh.jpeg,c08166fff7e71d6cad80d07461205105,20121129063154,20121129063154
010402-20121129063154Uh,20121129063154Uh.jpeg,c08166fff7e71d6cad80d07461205105,20121129063154,20121129063154
010401-20121129063154Uh,20121129063154Uh.jpeg,c08166fff7e71d6cad80d07461205105,20121129063154,20121129063154
010202-20140615195854Bh,20140615195854Bh.jpeg,c72178bead185fde54eb22511df249f2,20140615195854,20140615195854
020401-20160402025254Uh,20160402025254Uh.jpeg,91ae773a46c16a980a36599eb2f94c94,20160402025254,20160402025254
020403-20160402025254Uh,20160402025254Uh.jpeg,91ae773a46c16a980a36599eb2f94c94,20160402025254,20160402025254
050102-20130630070714Th,20130630070714Th.jpeg,c28f7816b893d8a52216ac85d107808c,20130630070714,20130630070714
050103-20130630070714Th,20130630070714Th.jpeg,c28f7816b893d8a52216ac85d107808c,20130630070714,20130630070714
050101-20130630070714Th,20130630070714Th.jpeg,c28f7816b893d8a52216ac85d107808c,20130630070714,20130630070714
030302-20120424120134Ch,20120424120134Ch.jpeg,c5ebd29fd1a2e21dd9109cb473ccb37e,20120424120134,20120424120134
010301-20121027063134Lh,20121027063134Lh.jpeg,4de84cfba8929d9f2c4cfc0bf5b9ea3c,20121027063134,20121027063134
010302-20121027063134Lh,20121027063134Lh.jpeg,4de84cfba8929d9f2c4cfc0bf5b9ea3c,20121027063134,20121027063134
010301-20180805232510Mh,20180805232510Mh.jpeg,0bcf9af318d69914624efb3aa5f8d5ec,20180805232510,20180805232510
010302-20180805232510Mh,20180805232510Mh.jpeg,0bcf9af318d69914624efb3aa5f8d5ec,20180805232510,20180805232510
050302-20170102024454Uh,20170102024454Uh.jpeg,08b4f0ad3c0ee6b2d1598c8a006208ca,20170102024454,20170102024454
010102-20171011170310Mh,20171011170310Mh.jpeg,4833ab8a981a78e5a5a0593e19a3149d,20171011170310,20171011170310
010101-20171011170310Mh,20171011170310Mh.jpeg,4833ab8a981a78e5a5a0593e19a3149d,20171011170310,20171011170310
010103-20171011170310Mh,20171011170310Mh.jpeg,4833ab8a981a78e5a5a0593e19a3149d,20171011170310,20171011170310
060102-20151228024254Uh,20151228024254Uh.jpeg,823fe2548f752d2464509922b0f269fc,20151228024254,20151228024254
020101-20130405114734Ch,20130405114734Ch.jpeg,c2d0482a85af4525192fde47a2b1f93d,20130405114734,20130405114734
040102-20120427162614Mh,20120427162614Mh.jpeg,a437f7f6d90bf8a77d08a54133b1ce65,20120427162614,20120427162614
010402-20110803164914Mh,20110803164914Mh.jpeg,4fc9c4314e1449d801471a3c2b53d173,20110803164914,20110803164914
010401-20110803164914Mh,20110803164914Mh.jpeg,4fc9c4314e1449d801471a3c2b53d173,20110803164914,20110803164914
010403-20110803164914Mh,20110803164914Mh.jpeg,4fc9c4314e1449d801471a3c2b53d173,20110803164914,20110803164914
040301-20131130192134Ch,20131130192134Ch.jpeg,4a0ffa05c9856766705d9f99431916e8,20131130192134,20131130192134
010102-20150626161514Mh,20150626161514Mh.jpeg,72e561a1620455d276d69072ae7640bf,20150626161514,20150626161514
010101-20150626161514Mh,20150626161514Mh.jpeg,72e561a1620455d276d69072ae7640bf,20150626161514,20150626161514
030101-20161116133714Th,20161116133714Th.jpeg,b98c8544a9ee96fbcc6e434f0d39c4bc,20161116133714,20161116133714
040401-20140522070614Th,20140522070614Th.jpeg,47f390bc608cbe1dc356ef2c6b2e416e,20140522070614,20140522070614
040102-20131201192134Ch,20131201192134Ch.jpeg,e6573419d43b6adf1786797de05095b5,20131201192134,20131201192134
010403-20160403170114Mh,20160403170114Mh.jpeg,60a6d3d6bdc8db3c512447ad02aa1003,20160403170114,20160403170114
010402-20160403170114Mh,20160403170114Mh.jpeg,60a6d3d6bdc8db3c512447ad02aa1003,20160403170114,20160403170114
010401-20160403170114Mh,20160403170114Mh.jpeg,60a6d3d6bdc8db3c512447ad02aa1003,20160403170114,20160403170114
020403-20141105195814Mh,20141105195814Mh.jpeg,ac5ab15fcf4ec6600d40909dc75c827b,20141105195814,20141105195814
020401-20141105195814Mh,20141105195814Mh.jpeg,ac5ab15fcf4ec6600d40909dc75c827b,20141105195814,20141105195814
060403-20141026024454Uh,20141026024454Uh.jpeg,e79d7c6e2ac68587d8efe893c99fb798,20141026024454,20141026024454
020403-20171025223130Lh,20171025223130Lh.jpeg,e0932740fbd6128ce31e972880776789,20171025223130,20171025223130
020401-20171025223130Lh,20171025223130Lh.jpeg,e0932740fbd6128ce31e972880776789,20171025223130,20171025223130
060403-20131207084214Th,20131207084214Th.jpeg,a7ea6dc6b3b203b0fd30770eaf30facb,20131207084214,20131207084214
010403-20150427162314Mh,20150427162314Mh.jpeg,c003fc4357451b1be638ab0385fc0e00,20150427162314,20150427162314
010402-20150427162314Mh,20150427162314Mh.jpeg,c003fc4357451b1be638ab0385fc0e00,20150427162314,20150427162314
010401-20150427162314Mh,20150427162314Mh.jpeg,c003fc4357451b1be638ab0385fc0e00,20150427162314,20150427162314
020101-20130609123334Ch,20130609123334Ch.jpeg,a1aa84543fd6494cbbbda01d41fbe154,20130609123334,20130609123334
040301-20130502063134Lh,20130502063134Lh.jpeg,d2f797d20101ea8dd6349f72e6beafdc,20130502063134,20130502063134
050202-20170322015550Uh,20170322015550Uh.jpeg,a1e6b4ee46161d7f011a8d5fbec59df0,20170322015550,20170322015550
040301-20140904195814Mh,20140904195814Mh.jpeg,8caee39f99bb6bfe6a8b51a6eed7b5ba,20140904195814,20140904195814
060403-20160530234734Lh,20160530234734Lh.jpeg,c184deda68eaaa8446972d9cddcda978,20160530234734,20160530234734
020101-20201022223330Lh,20201022223330Lh.jpeg,2cb65cc0ff3ce572c7b10d83ef591140,20201022223330,20201022223330
040301-20120223152054Bh,20120223152054Bh.jpeg,debab4cbaabc5b8b9796b8fa1c7e28f1,20120223152054,20120223152054
040301-20111206102934Ch,20111206102934Ch.jpeg,c151d421ff989984ff1fb1daaf7b8359,20111206102934,20111206102934
010203-20130810121534Ch,20130810121534Ch.jpeg,d2a1fb01e7e1833dccfe4214392e030a,20130810121534,20130810121534
010202-20121006063534Lh,20121006063534Lh.jpeg,a1d671ab429976f6219e39364d8b2789,20121006063534,20121006063534
010201-20121006063534Lh,20121006063534Lh.jpeg,a1d671ab429976f6219e39364d8b2789,20121006063534,20121006063534
010202-20190611032810Mh,20190611032810Mh.jpeg,26497ce65d21ed966b3b9dc23d1347e0,20190611032810,20190611032810
010201-20190611032810Mh,20190611032810Mh.jpeg,26497ce65d21ed966b3b9dc23d1347e0,20190611032810,20190611032810
010203-20190611032810Mh,20190611032810Mh.jpeg,26497ce65d21ed966b3b9dc23d1347e0,20190611032810,20190611032810
060403-20130411115134Ch,20130411115134Ch.jpeg,a4ae1b6b213d3269e61c6c9410c8cf1c,20130411115134,20130411115134
010402-20130925143254Bh,20130925143254Bh.jpeg,3e523bf13931add904115f7696d7fbff,20130925143254,20130925143254
010403-20130925143254Bh,20130925143254Bh.jpeg,3e523bf13931add904115f7696d7fbff,20130925143254,20130925143254
010401-20130925143254Bh,20130925143254Bh.jpeg,3e523bf13931add904115f7696d7fbff,20130925143254,20130925143254
030401-20211231223430Lh,20211231223430Lh.jpeg,155ce29f2355f11c3e93db025d71f768,20211231223430,20211231223430
030403-20211231223430Lh,20211231223430Lh.jpeg,155ce29f2355f11c3e93db025d71f768,20211231223430,20211231223430
010101-20120603123034Ch,20120603123034Ch.jpeg,f5c8e33f2bc7189b797f3e5ecb3a64ac,20120603123034,20120603123034
010102-20120603123034Ch,20120603123034Ch.jpeg,f5c8e33f2bc7189b797f3e5ecb3a64ac,20120603123034,20120603123034
010103-20120603123034Ch,20120603123034Ch.jpeg,f5c8e33f2bc7189b797f3e5ecb3a64ac,20120603123034,20120603123034
010101-20190602025430Lh,20190602025430Lh.jpeg,b7c0ff17d8c2658be958d52e3e732be6,20190602025430,20190602025430
010102-20190602025430Lh,20190602025430Lh.jpeg,b7c0ff17d8c2658be958d52e3e732be6,20190602025430,20190602025430
050202-20120730135454Bh,20120730135454Bh.jpeg,9d2cff13339d36da40063af1adf39901,20120730135454,20120730135454
030401-20151224133734Ch,20151224133734Ch.jpeg,93354f58f323fa8fdaa11b76e0d13af3,20151224133734,20151224133734
040401-20180712123630Ch,20180712123630Ch.jpeg,b5ad34182f2d771bc04860a1894931e1,20180712123630,20180712123630
030302-20140726071814Th,20140726071814Th.jpeg,f6684f306f589d0cb84a3536f08268ce,20140726071814,20140726071814
010101-20200116073250Uh,20200116073250Uh.jpeg,91449f1a6d551f367c9e1632843ea7d1,20200116073250,20200116073250
060403-20150417082314Th,20150417082314Th.jpeg,ea540d24087a7e248e9ec405a6782a9d,20150417082314,20150417082314
010101-20130811140254Bh,20130811140254Bh.jpeg,2913b5823c328c0a3d71aa3b950748e4,20130811140254,20130811140254
010102-20130811140254Bh,20130811140254Bh.jpeg,2913b5823c328c0a3d71aa3b950748e4,20130811140254,20130811140254
010301-20160401133734Ch,20160401133734Ch.jpeg,f33926fa5eeaf21e8ed1ff8c15a3a176,20160401133734,20160401133734
030302-20120306063154Uh,20120306063154Uh.jpeg,9fc49edf20abcf6eedae73d62d12f181,20120306063154,20120306063154
040401-20151219133734Ch,20151219133734Ch.jpeg,d89f30445c580910eeb01cd12b6d5ac2,20151219133734,20151219133734
060403-20110221173814Mh,20110221173814Mh.jpeg,d6fac90796db04fa6500ca8197a2eaa2,20110221173814,20110221173814
010101-20161222133714Th,20161222133714Th.jpeg,288bd1d60703ad8df8fae8196fb8112e,20161222133714,20161222133714
010102-20161222133714Th,20161222133714Th.jpeg,288bd1d60703ad8df8fae8196fb8112e,20161222133714,20161222133714
010202-20180112130330Ch,20180112130330Ch.jpeg,591969490953314d17e2567d8de027ce,20180112130330,20180112130330
010203-20180112130330Ch,20180112130330Ch.jpeg,591969490953314d17e2567d8de027ce,20180112130330,20180112130330
050202-20160430133734Ch,20160430133734Ch.jpeg,bce81d41a9b66e3ef1e41d24dfd2bbe3,20160430133734,20160430133734
020101-20160518011654Uh,20160518011654Uh.jpeg,7b753b9d814da84ff7a23f1253b251aa,20160518011654,20160518011654
030401-20130407063154Uh,20130407063154Uh.jpeg,4ae7293112f432b10c573418376c6997,20130407063154,20130407063154
030403-20130407063154Uh,20130407063154Uh.jpeg,4ae7293112f432b10c573418376c6997,20130407063154,20130407063154
010402-20131107043054Uh,20131107043054Uh.jpeg,556bded633a2c6b5d8f284cf4f96cb40,20131107043054,20131107043054
010401-20131107043054Uh,20131107043054Uh.jpeg,556bded633a2c6b5d8f284cf4f96cb40,20131107043054,20131107043054
010403-20131107043054Uh,20131107043054Uh.jpeg,556bded633a2c6b5d8f284cf4f96cb40,20131107043054,20131107043054
050103-20140710083214Th,20140710083214Th.jpeg,de185a6e7715c0d45fe83c26df3522fe,20140710083214,20140710083214
050101-20140710083214Th,20140710083214Th.jpeg,de185a6e7715c0d45fe83c26df3522fe,20140710083214,20140710083214
050102-20140710083214Th,20140710083214Th.jpeg,de185a6e7715c0d45fe83c26df3522fe,20140710083214,20140710083214
040102-20140607195854Bh,20140607195854Bh.jpeg,9c7a5048d171de16a6452057013d06a8,20140607195854,20140607195854
010203-20140531195834Ch,20140531195834Ch.jpeg,ebb6cc4d7a73e1c126ec127590ed1ebd,20140531195834,20140531195834
010202-20140531195834Ch,20140531195834Ch.jpeg,ebb6cc4d7a73e1c126ec127590ed1ebd,20140531195834,20140531195834
040401-20110509121334Ch,20110509121334Ch.jpeg,c17107e757bf9fff55cf2e00f11b51cd,20110509121334,20110509121334
010102-20171101133730Ch,20171101133730Ch.jpeg,205218db13a4ab5ea78e7c069cd5a4e3,20171101133730,20171101133730
010101-20171101133730Ch,20171101133730Ch.jpeg,205218db13a4ab5ea78e7c069cd5a4e3,20171101133730,20171101133730
010103-20171101133730Ch,20171101133730Ch.jpeg,205218db13a4ab5ea78e7c069cd5a4e3,20171101133730,20171101133730
010303-20160204133734Ch,20160204133734Ch.jpeg,1bd0c4a734d12386ea5a903fb004f75d,20160204133734,20160204133734
010302-20160204133734Ch,20160204133734Ch.jpeg,1bd0c4a734d12386ea5a903fb004f75d,20160204133734,20160204133734
010202-20121024164714Mh,20121024164714Mh.jpeg,3f82d10eed5fd79a99b85fa8d509000d,20121024164714,20121024164714
040301-20111208063134Lh,20111208063134Lh.jpeg,bdd55191d552f396590c4667e1351a64,20111208063134,20111208063134
010302-20131125192154Bh,20131125192154Bh.jpeg,07f18532410d7a99dd84f28037f3efc0,20131125192154,20131125192154
060102-20150323172814Mh,20150323172814Mh.jpeg,d0a3eb894417f0800699ef1926f254a3,20150323172814,20150323172814
010203-20170222133710Th,20170222133710Th.jpeg,920536fcbbe43e87a1d31bbfcd978d12,20170222133710,20170222133710
010202-20170222133710Th,20170222133710Th.jpeg,920536fcbbe43e87a1d31bbfcd978d12,20170222133710,20170222133710
060403-20120114063154Uh,20120114063154Uh.jpeg,8eb33c297c19154ec8c3769e08669ed7,20120114063154,20120114063154
030302-20141025031154Uh,20141025031154Uh.jpeg,a153f70a8cc24f31d4b0629262b03df8,20141025031154,20141025031154
010101-20181023232430Lh,20181023232430Lh.jpeg,d0ef46633de4693b15de335c637f0c65,20181023232430,20181023232430
040401-20120803164614Mh,20120803164614Mh.jpeg,97ea620ca3cb0230782e22b3cefbf829,20120803164614,20120803164614
020101-20180925000030Lh,20180925000030Lh.jpeg,2e917c88b6adba5b9ee808f7aea17eda,20180925000030,20180925000030
030401-20150727082014Th,20150727082014Th.jpeg,76d1ddbeb2760d9955b93ad77b847218,20150727082014,20150727082014
030403-20150727082014Th,20150727082014Th.jpeg,76d1ddbeb2760d9955b93ad77b847218,20150727082014,20150727082014
050102-20120110155754Bh,20120110155754Bh.jpeg,936e07d184efa877b6d779040f4f9cce,20120110155754,20120110155754
050101-20120110155754Bh,20120110155754Bh.jpeg,936e07d184efa877b6d779040f4f9cce,20120110155754,20120110155754
050103-20120110155754Bh,20120110155754Bh.jpeg,936e07d184efa877b6d779040f4f9cce,20120110155754,20120110155754
040102-20180710031950Uh,20180710031950Uh.jpeg,12c24a70a72abcdcf980900e25eae8a6,20180710031950,20180710031950
010203-20170310133730Ch,20170310133730Ch.jpeg,1353a613a279e681599ddb65287cabcc,20170310133730,20170310133730
030302-20120928063134Lh,20120928063134Lh.jpeg,dfc6221d2b4e454ac34e7f099de670a4,20120928063134,20120928063134
010401-20210223222830Ch,20210223222830Ch.jpeg,3197ec0d67bc45f84c232a3254797690,20210223222830,20210223222830
010402-20210223222830Ch,20210223222830Ch.jpeg,3197ec0d67bc45f84c232a3254797690,20210223222830,20210223222830
010403-20210223222830Ch,20210223222830Ch.jpeg,3197ec0d67bc45f84c232a3254797690,20210223222830,20210223222830
040301-20140213024554Uh,20140213024554Uh.jpeg,cd4844bb931682f83b6f52f89994049c,20140213024554,20140213024554
030302-20140615195814Mh,20140615195814Mh.jpeg,4198c96e424fe1202692fb4aefab1233,20140615195814,20140615195814
040301-20190701123830Ch,20190701123830Ch.jpeg,8de1a403b274bc31a92e9a2cb1850fa0,20190701123830,20190701123830
040302-20190701123830Ch,20190701123830Ch.jpeg,8de1a403b274bc31a92e9a2cb1850fa0,20190701123830,20190701123830
030101-20120323144054Bh,20120323144054Bh.jpeg,f0759827d962ef4586816f2ab4ba1818,20120323144054,20120323144054
020403-20141013195834Ch,20141013195834Ch.jpeg,17f387f2c26e68e499edf721c2af69d8,20141013195834,20141013195834
020401-20141013195834Ch,20141013195834Ch.jpeg,17f387f2c26e68e499edf721c2af69d8,20141013195834,20141013195834
050101-20150421140454Bh,20150421140454Bh.jpeg,c3bfa7b9100b39875c8e5c634c915862,20150421140454,20150421140454
050103-20150421140454Bh,20150421140454Bh.jpeg,c3bfa7b9100b39875c8e5c634c915862,20150421140454,20150421140454
050102-20150421140454Bh,20150421140454Bh.jpeg,c3bfa7b9100b39875c8e5c634c915862,20150421140454,20150421140454
010202-20140414020354Uh,20140414020354Uh.jpeg,4da5a3ff6528d1945a1bb17aad2dcccb,20140414020354,20140414020354
010201-20140414020354Uh,20140414020354Uh.jpeg,4da5a3ff6528d1945a1bb17aad2dcccb,20140414020354,20140414020354
020403-20131206084114Th,20131206084114Th.jpeg,fe9e8b6b4474e7e81c691ff9a2b059ee,20131206084114,20131206084114
020401-20131206084114Th,20131206084114Th.jpeg,fe9e8b6b4474e7e81c691ff9a2b059ee,20131206084114,20131206084114
010403-20160215133734Ch,20160215133734Ch.jpeg,dde33f0fd692184c3cc0f1db8b126098,20160215133734,20160215133734
010401-20160215133734Ch,20160215133734Ch.jpeg,dde33f0fd692184c3cc0f1db8b126098,20160215133734,20160215133734
010402-20160215133734Ch,20160215133734Ch.jpeg,dde33f0fd692184c3cc0f1db8b126098,20160215133734,20160215133734
010103-20121109103634Ch,20121109103634Ch.jpeg,2f24dc787c1e96ed3c17ad9ddb8b3bd0,20121109103634,20121109103634
010101-20121109103634Ch,20121109103634Ch.jpeg,2f24dc787c1e96ed3c17ad9ddb8b3bd0,20121109103634,20121109103634
010102-20121109103634Ch,20121109103634Ch.jpeg,2f24dc787c1e96ed3c17ad9ddb8b3bd0,20121109103634,20121109103634
040102-20140607112354Uh,20140607112354Uh.jpeg,075d9e1d5f3e11a2a6dfbaabae8863df,20140607112354,20140607112354
010101-20161224024154Uh,20161224024154Uh.jpeg,1df020b712c2435d710fb6e38e561672,20161224024154,20161224024154
010102-20161224024154Uh,20161224024154Uh.jpeg,1df020b712c2435d710fb6e38e561672,20161224024154,20161224024154
010103-20161224024154Uh,20161224024154Uh.jpeg,1df020b712c2435d710fb6e38e561672,20161224024154,20161224024154
050103-20140414195834Ch,20140414195834Ch.jpeg,61b3661da1b5b02e0a8018dd5ee93e19,20140414195834,20140414195834
050101-20140414195834Ch,20140414195834Ch.jpeg,61b3661da1b5b02e0a8018dd5ee93e19,20140414195834,20140414195834
050102-20140414195834Ch,20140414195834Ch.jpeg,61b3661da1b5b02e0a8018dd5ee93e19,20140414195834,20140414195834
030403-20111115063134Lh,20111115063134Lh.jpeg,f7e55494c2512ee8878f38ccb5b9489d,20111115063134,20111115063134
010401-20110215083814Th,20110215083814Th.jpeg,2723734bd368a267ae8e25e03a25fb0b,20110215083814,20110215083814
010402-20110215083814Th,20110215083814Th.jpeg,2723734bd368a267ae8e25e03a25fb0b,20110215083814,20110215083814
010403-20110215083814Th,20110215083814Th.jpeg,2723734bd368a267ae8e25e03a25fb0b,20110215083814,20110215083814
010402-20121113103634Ch,20121113103634Ch.jpeg,cf33e72d9ebf6490ed65feb4518b6c98,20121113103634,20121113103634
010403-20121113103634Ch,20121113103634Ch.jpeg,cf33e72d9ebf6490ed65feb4518b6c98,20121113103634,20121113103634
010401-20121113103634Ch,20121113103634Ch.jpeg,cf33e72d9ebf6490ed65feb4518b6c98,20121113103634,20121113103634
050101-20111114082314Th,20111114082314Th.jpeg,ac78ab205ebbf07a415f8b342c9e9f32,20111114082314,20111114082314
050103-20111114082314Th,20111114082314Th.jpeg,ac78ab205ebbf07a415f8b342c9e9f32,20111114082314,20111114082314
050102-20111114082314Th,20111114082314Th.jpeg,ac78ab205ebbf07a415f8b342c9e9f32,20111114082314,20111114082314
030101-20140720195834Ch,20140720195834Ch.jpeg,71d86bd9c45bd46b2eb42c5e699773e0,20140720195834,20140720195834
040401-20140709195814Mh,20140709195814Mh.jpeg,e046f44133c6d6d896dedcc83205dfcf,20140709195814,20140709195814
060102-20151019223534Lh,20151019223534Lh.jpeg,c8d22cfea30eb80cc20b1dcb55003bcc,20151019223534,20151019223534
010402-20120205172414Mh,20120205172414Mh.jpeg,8cb1c47be84dc2b91ab754cd1ff6eb8d,20120205172414,20120205172414
010403-20120205172414Mh,20120205172414Mh.jpeg,8cb1c47be84dc2b91ab754cd1ff6eb8d,20120205172414,20120205172414
010401-20120205172414Mh,20120205172414Mh.jpeg,8cb1c47be84dc2b91ab754cd1ff6eb8d,20120205172414,20120205172414
010401-20111011112054Uh,20111011112054Uh.jpeg,8aff91684a49329196d54df6321fb101,20111011112054,20111011112054
040301-20140508195834Ch,20140508195834Ch.jpeg,1fa8e692dfd6ff35d8f59816e9cd5f52,20140508195834,20140508195834
040302-20140508195834Ch,20140508195834Ch.jpeg,1fa8e692dfd6ff35d8f59816e9cd5f52,20140508195834,20140508195834
010102-20131017185334Ch,20131017185334Ch.jpeg,d2dcbb3512bc9e608a63ec3fc4565487,20131017185334,20131017185334
010101-20131017185334Ch,20131017185334Ch.jpeg,d2dcbb3512bc9e608a63ec3fc4565487,20131017185334,20131017185334
060403-20121030150354Bh,20121030150354Bh.jpeg,d68fa7919e51c2d96c14179de7686089,20121030150354,20121030150354
060403-20130707134154Bh,20130707134154Bh.jpeg,397ef649e24667b5ef728711e1dd301e,20130707134154,20130707134154
030101-20160127225034Lh,20160127225034Lh.jpeg,fd0b0262ba8033799556af12cecbb93d,20160127225034,20160127225034
050102-20120811121434Ch,20120811121434Ch.jpeg,b2d8b8fc7c7c94e96069dd3369afcf5c,20120811121434,20120811121434
050103-20120811121434Ch,20120811121434Ch.jpeg,b2d8b8fc7c7c94e96069dd3369afcf5c,20120811121434,20120811121434
050101-20120811121434Ch,20120811121434Ch.jpeg,b2d8b8fc7c7c94e96069dd3369afcf5c,20120811121434,20120811121434
030101-20110617063134Lh,20110617063134Lh.jpeg,cf7b62cad71210d8761798fc921232bd,20110617063134,20110617063134
020101-20131204192154Bh,20131204192154Bh.jpeg,9a31cdccf8602d2e5707187040460365,20131204192154,20131204192154
040201-20210728164530Mh,20210728164530Mh.jpeg,b395af8ae2113279f5f00a5695ae2757,20210728164530,20210728164530
010202-20140111224134Lh,20140111224134Lh.jpeg,31e0d63145a0086890318e7cb61a0d7d,20140111224134,20140111224134
060403-20150527082014Th,20150527082014Th.jpeg,ea8b6e0d54ff34298fa88fee69d31745,20150527082014,20150527082014
060403-20120813164714Mh,20120813164714Mh.jpeg,4bbb2058e72bd5b491a032cf2273b74e,20120813164714,20120813164714
050101-20110322005814Mh,20110322005814Mh.jpeg,a2d5480b365b58238e4d7e776661bc3c,20110322005814,20110322005814
050102-20110322005814Mh,20110322005814Mh.jpeg,a2d5480b365b58238e4d7e776661bc3c,20110322005814,20110322005814
050103-20110322005814Mh,20110322005814Mh.jpeg,a2d5480b365b58238e4d7e776661bc3c,20110322005814,20110322005814
050303-20141001195834Ch,20141001195834Ch.jpeg,55854251d992118653c61c48deea3dfc,20141001195834,20141001195834
060403-20140705035754Uh,20140705035754Uh.jpeg,f3a6c5644178b8430ffe95e755976f66,20140705035754,20140705035754
050102-20120816072814Th,20120816072814Th.jpeg,4fb12b1520640a3178bbc721c6a2d80a,20120816072814,20120816072814
050101-20120816072814Th,20120816072814Th.jpeg,4fb12b1520640a3178bbc721c6a2d80a,20120816072814,20120816072814
050103-20120816072814Th,20120816072814Th.jpeg,4fb12b1520640a3178bbc721c6a2d80a,20120816072814,20120816072814
010401-20120519070814Th,20120519070814Th.jpeg,15dc1626fd09c10b693139d49b8c7114,20120519070814,20120519070814
010403-20120519070814Th,20120519070814Th.jpeg,15dc1626fd09c10b693139d49b8c7114,20120519070814,20120519070814
010402-20120519070814Th,20120519070814Th.jpeg,15dc1626fd09c10b693139d49b8c7114,20120519070814,20120519070814
020101-20161013133734Ch,20161013133734Ch.jpeg,17f8886be334eac23634bfdc447a5cc9,20161013133734,20161013133734
040401-20180714000010Mh,20180714000010Mh.jpeg,a275228e43335b885086196d6f04072b,20180714000010,20180714000010
010403-20210626060050Uh,20210626060050Uh.jpeg,06679d56c7bf3f4ae7bf907bee2eca03,20210626060050,20210626060050
020401-20150720082014Th,20150720082014Th.jpeg,3ae25cf0c91093809308244557ce2eaf,20150720082014,20150720082014
020403-20150720082014Th,20150720082014Th.jpeg,3ae25cf0c91093809308244557ce2eaf,20150720082014,20150720082014
030101-20160516012454Uh,20160516012454Uh.jpeg,ac26d0c9234e33182d30e3ce4cf0d577,20160516012454,20160516012454
010402-20130813060834Lh,20130813060834Lh.jpeg,ac2bfd4686d2e64dc0732a7570478965,20130813060834,20130813060834
010401-20130813060834Lh,20130813060834Lh.jpeg,ac2bfd4686d2e64dc0732a7570478965,20130813060834,20130813060834
010403-20130813060834Lh,20130813060834Lh.jpeg,ac2bfd4686d2e64dc0732a7570478965,20130813060834,20130813060834
040301-20120901114934Ch,20120901114934Ch.jpeg,abb4e6bbe4560f8a527d87dbbb070768,20120901114934,20120901114934
060102-20140818195814Mh,20140818195814Mh.jpeg,4fc01f8cee267ce72c5256736d4a030b,20140818195814,20140818195814
060403-20110313082654Uh,20110313082654Uh.jpeg,55ce97ce90818f7c0b5240cb189c5f66,20110313082654,20110313082654
030101-20130615002434Lh,20130615002434Lh.jpeg,427538ba6782140cbf72b96aa805b3ce,20130615002434,20130615002434
030101-20110923112234Ch,20110923112234Ch.jpeg,f55ad26d946d6e70306105b7eb9099e9,20110923112234,20110923112234
010203-20161105222634Lh,20161105222634Lh.jpeg,30c0b06d001c8c0d2d79ff4a23626eba,20161105222634,20161105222634
060102-20140122180214Mh,20140122180214Mh.jpeg,49d1c2ce0e38b43ed3a985afeb559230,20140122180214,20140122180214
010402-20141016195834Ch,20141016195834Ch.jpeg,c05ba565dc50debce852e4eccea29252,20141016195834,20141016195834
010401-20141016195834Ch,20141016195834Ch.jpeg,c05ba565dc50debce852e4eccea29252,20141016195834,20141016195834
010403-20141016195834Ch,20141016195834Ch.jpeg,c05ba565dc50debce852e4eccea29252,20141016195834,20141016195834
050103-20110517164514Mh,20110517164514Mh.jpeg,a79ba0136a4d0cc9e805128ac467b6b7,20110517164514,20110517164514
050102-20110517164514Mh,20110517164514Mh.jpeg,a79ba0136a4d0cc9e805128ac467b6b7,20110517164514,20110517164514
050101-20110517164514Mh,20110517164514Mh.jpeg,a79ba0136a4d0cc9e805128ac467b6b7,20110517164514,20110517164514
010101-20180318020350Uh,20180318020350Uh.jpeg,bc5f2500c238d20c3d9288757556f33b,20180318020350,20180318020350
010102-20180318020350Uh,20180318020350Uh.jpeg,bc5f2500c238d20c3d9288757556f33b,20180318020350,20180318020350
010103-20180318020350Uh,20180318020350Uh.jpeg,bc5f2500c238d20c3d9288757556f33b,20180318020350,20180318020350
060403-20110123174914Mh,20110123174914Mh.jpeg,044fa81e051b0f0a17d7a975ed5ac50f,20110123174914,20110123174914
040201-20130716162214Mh,20130716162214Mh.jpeg,d7ec61831a9eb22d3741ed5bb2fc1287,20130716162214,20130716162214
030101-20150719182314Mh,20150719182314Mh.jpeg,18623e14b04da12a38616413955904ff,20150719182314,20150719182314
040303-20140218230234Lh,20140218230234Lh.jpeg,6c27363bbffde115e3132c727d0e4345,20140218230234,20140218230234
040301-20140218230234Lh,20140218230234Lh.jpeg,6c27363bbffde115e3132c727d0e4345,20140218230234,20140218230234
060403-20130628063134Lh,20130628063134Lh.jpeg,c712933cb1da0d37d43a09032f05fa81,20130628063134,20130628063134
050102-20130107174854Bh,20130107174854Bh.jpeg,52c8464b0897a53e18d8e8f5cd5b9dda,20130107174854,20130107174854
050103-20130107174854Bh,20130107174854Bh.jpeg,52c8464b0897a53e18d8e8f5cd5b9dda,20130107174854,20130107174854
050101-20130107174854Bh,20130107174854Bh.jpeg,52c8464b0897a53e18d8e8f5cd5b9dda,20130107174854,20130107174854
060102-20190322144450Bh,20190322144450Bh.jpeg,e6032ad54e576a34eaf5728a51aae8e7,20190322144450,20190322144450
040102-20151118172314Mh,20151118172314Mh.jpeg,608373531c74cfef365447c834608aa3,20151118172314,20151118172314
040102-20161217133734Ch,20161217133734Ch.jpeg,ea4f0d6931379b54a41215d9496f6dd1,20161217133734,20161217133734
030101-20131031185614Mh,20131031185614Mh.jpeg,7f19e8d7a46cc5f57b2106ffefb7f1f3,20131031185614,20131031185614
020401-20110815140454Bh,20110815140454Bh.jpeg,eb2d69e31833fce37e079117dc037aa2,20110815140454,20110815140454
020403-20110815140454Bh,20110815140454Bh.jpeg,eb2d69e31833fce37e079117dc037aa2,20110815140454,20110815140454
050103-20170827165310Mh,20170827165310Mh.jpeg,ada2df15bd757283733e8e87710b9742,20170827165310,20170827165310
050101-20170827165310Mh,20170827165310Mh.jpeg,ada2df15bd757283733e8e87710b9742,20170827165310,20170827165310
050102-20170827165310Mh,20170827165310Mh.jpeg,ada2df15bd757283733e8e87710b9742,20170827165310,20170827165310
010101-20160226173214Mh,20160226173214Mh.jpeg,a6e74cc9664f3e4b622f96946993812a,20160226173214,20160226173214
010102-20160226173214Mh,20160226173214Mh.jpeg,a6e74cc9664f3e4b622f96946993812a,20160226173214,20160226173214
010101-20110114105034Ch,20110114105034Ch.jpeg,92d1625d8dd0ad23d23d06c536d30b89,20110114105034,20110114105034
010103-20110114105034Ch,20110114105034Ch.jpeg,92d1625d8dd0ad23d23d06c536d30b89,20110114105034,20110114105034
030302-20110325171014Mh,20110325171014Mh.jpeg,8ca638a2a1370593679f64134d350a18,20110325171014,20110325171014
040102-20171011224130Lh,20171011224130Lh.jpeg,d25d9148908fb7af82c43b15d89599b2,20171011224130,20171011224130
060403-20140814195854Bh,20140814195854Bh.jpeg,fe2ef96cef484071718b4c1e6d2d248b,20140814195854,20140814195854
040102-20161201160954Bh,20161201160954Bh.jpeg,3bfa2da713a88f96babb5902725d0d1a,20161201160954,20161201160954
010402-20150423120034Ch,20150423120034Ch.jpeg,43b7b0dc1293420d6f05985c3dd7f571,20150423120034,20150423120034
010401-20150423120034Ch,20150423120034Ch.jpeg,43b7b0dc1293420d6f05985c3dd7f571,20150423120034,20150423120034
010403-20150423120034Ch,20150423120034Ch.jpeg,43b7b0dc1293420d6f05985c3dd7f571,20150423120034,20150423120034
030101-20110601063134Lh,20110601063134Lh.jpeg,1cff4c3fbab1e3b03a60aee323af7ddc,20110601063134,20110601063134
020101-20110406082634Lh,20110406082634Lh.jpeg,df09b2d40aefefe30de1b18e1a018ffa,20110406082634,20110406082634
060403-20160107133714Th,20160107133714Th.jpeg,1ebfde8502571587dc08dcc0abdb48e6,20160107133714,20160107133714
010201-20170502233130Lh,20170502233130Lh.jpeg,10618b41de3b7b24a82b467382a30c4c,20170502233130,20170502233130
010203-20170502233130Lh,20170502233130Lh.jpeg,10618b41de3b7b24a82b467382a30c4c,20170502233130,20170502233130
010202-20170502233130Lh,20170502233130Lh.jpeg,10618b41de3b7b24a82b467382a30c4c,20170502233130,20170502233130
030101-20141116222234Lh,20141116222234Lh.jpeg,0ab0222e56e73323d727f468b6252b6c,20141116222234,20141116222234
050303-20190926165810Mh,20190926165810Mh.jpeg,06b09574c052e0bc2945b4484453f14a,20190926165810,20190926165810
050302-20190926165810Mh,20190926165810Mh.jpeg,06b09574c052e0bc2945b4484453f14a,20190926165810,20190926165810
040401-20150627133754Bh,20150627133754Bh.jpeg,63a58273f34ab6ac2dde99ab4d62df85,20150627133754,20150627133754
040201-20130404063134Lh,20130404063134Lh.jpeg,c234c677f42a16f8e7fb2dc6bd282706,20130404063134,20130404063134
020401-20150706083014Th,20150706083014Th.jpeg,2d9c670e14cda9cdab418e329f46f84f,20150706083014,20150706083014
020403-20150706083014Th,20150706083014Th.jpeg,2d9c670e14cda9cdab418e329f46f84f,20150706083014,20150706083014
030302-20140921195854Bh,20140921195854Bh.jpeg,0ffb30b7643136c9a311e1c7503f94af,20140921195854,20140921195854
060403-20131028190734Ch,20131028190734Ch.jpeg,9d4d5f06ea542105d7b78fb10ad70604,20131028190734,20131028190734
040401-20140116180214Mh,20140116180214Mh.jpeg,ab61736cdf509077a295a4f5cfaa1b17,20140116180214,20140116180214
040201-20210620163530Mh,20210620163530Mh.jpeg,f50c4618d40bddd5896e8a01f980e8aa,20210620163530,20210620163530
060102-20180924112030Ch,20180924112030Ch.jpeg,b233129c83d8a63f114e6335b26b8fee,20180924112030,20180924112030
060102-20210329114430Ch,20210329114430Ch.jpeg,4b2f6dae90f798b3e10773d820569f9e,20210329114430,20210329114430
010302-20111223085314Th,20111223085314Th.jpeg,1b83850945985c443f0ec41f40206af7,20111223085314,20111223085314
010301-20151119133734Ch,20151119133734Ch.jpeg,30b8575ea65af1d76c66a3497126a26b,20151119133734,20151119133734
010302-20151119133734Ch,20151119133734Ch.jpeg,30b8575ea65af1d76c66a3497126a26b,20151119133734,20151119133734
020403-20120403164114Mh,20120403164114Mh.jpeg,ecee0ecb345757b05220955a7468ec63,20120403164114,20120403164114
020401-20120403164114Mh,20120403164114Mh.jpeg,ecee0ecb345757b05220955a7468ec63,20120403164114,20120403164114
040201-20130611063154Uh,20130611063154Uh.jpeg,b7841276626c3941f948de3118aec9db,20130611063154,20130611063154
040301-20210626133950Bh,20210626133950Bh.jpeg,28d049bc027dd5b076967b6bb2fffceb,20210626133950,20210626133950
040303-20210626133950Bh,20210626133950Bh.jpeg,28d049bc027dd5b076967b6bb2fffceb,20210626133950,20210626133950
010401-20111229063154Uh,20111229063154Uh.jpeg,f5237c699f83785ec66b8607a6c060f2,20111229063154,20111229063154
010402-20111229063154Uh,20111229063154Uh.jpeg,f5237c699f83785ec66b8607a6c060f2,20111229063154,20111229063154
010403-20111229063154Uh,20111229063154Uh.jpeg,f5237c699f83785ec66b8607a6c060f2,20111229063154,20111229063154
040102-20120116063254Uh,20120116063254Uh.jpeg,dcf7a71b395bf6962e550f9ecbba8599,20120116063254,20120116063254
010103-20210222222850Bh,20210222222850Bh.jpeg,c8fab9c5c4faa162f1ed9ca1932cab04,20210222222850,20210222222850
010101-20210222222850Bh,20210222222850Bh.jpeg,c8fab9c5c4faa162f1ed9ca1932cab04,20210222222850,20210222222850
040301-20120328164614Mh,20120328164614Mh.jpeg,262fbdddca0bfba3b5c6865a39ca1324,20120328164614,20120328164614
010402-20111222063154Uh,20111222063154Uh.jpeg,dfbcd54c5d9f83328cba5fc8a46c2836,20111222063154,20111222063154
010403-20111222063154Uh,20111222063154Uh.jpeg,dfbcd54c5d9f83328cba5fc8a46c2836,20111222063154,20111222063154
010401-20111222063154Uh,20111222063154Uh.jpeg,dfbcd54c5d9f83328cba5fc8a46c2836,20111222063154,20111222063154
040301-20130913142354Bh,20130913142354Bh.jpeg,f90195fb39f72fa9a751acbdd579a518,20130913142354,20130913142354
020401-20110205082634Lh,20110205082634Lh.jpeg,43ac17e31091f76b9e4a1845d1702651,20110205082634,20110205082634
020403-20110205082634Lh,20110205082634Lh.jpeg,43ac17e31091f76b9e4a1845d1702651,20110205082634,20110205082634
020403-20130923060834Lh,20130923060834Lh.jpeg,8c6df7b1b9733be0e54edadc3e2d0540,20130923060834,20130923060834
020401-20130923060834Lh,20130923060834Lh.jpeg,8c6df7b1b9733be0e54edadc3e2d0540,20130923060834,20130923060834
020101-20161109171714Mh,20161109171714Mh.jpeg,bb541d83c7cc8476b7020a7b20934428,20161109171714,20161109171714
040102-20161223133734Ch,20161223133734Ch.jpeg,daa755d966c8d78227978b59552fd192,20161223133734,20161223133734
030101-20130805135854Bh,20130805135854Bh.jpeg,ab04230fd20164919ace43fe51407536,20130805135854,20130805135854
040201-20140420085614Th,20140420085614Th.jpeg,763111941df3cd036fa170c3c7e3a311,20140420085614,20140420085614
010103-20180825205030Ch,20180825205030Ch.jpeg,1a59e3fc1005d83fafa7a5b124aee1f6,20180825205030,20180825205030
010101-20180825205030Ch,20180825205030Ch.jpeg,1a59e3fc1005d83fafa7a5b124aee1f6,20180825205030,20180825205030
010102-20180825205030Ch,20180825205030Ch.jpeg,1a59e3fc1005d83fafa7a5b124aee1f6,20180825205030,20180825205030
010102-20151117172314Mh,20151117172314Mh.jpeg,621e401d586b08e56b63b7d6acb8b538,20151117172314,20151117172314
010103-20151117172314Mh,20151117172314Mh.jpeg,621e401d586b08e56b63b7d6acb8b538,20151117172314,20151117172314
010101-20151117172314Mh,20151117172314Mh.jpeg,621e401d586b08e56b63b7d6acb8b538,20151117172314,20151117172314
050101-20140210180154Bh,20140210180154Bh.jpeg,e76219cbe56eddf7438282552ebd1c11,20140210180154,20140210180154
050103-20140210180154Bh,20140210180154Bh.jpeg,e76219cbe56eddf7438282552ebd1c11,20140210180154,20140210180154
050102-20140210180154Bh,20140210180154Bh.jpeg,e76219cbe56eddf7438282552ebd1c11,20140210180154,20140210180154
020101-20200619123010Th,20200619123010Th.jpeg,bb9a26a4d606735886561d473d6196bd,20200619123010,20200619123010
040401-20150916055454Uh,20150916055454Uh.jpeg,9e8057bf9d0e20f822e63bdab3e21100,20150916055454,20150916055454
050303-20150620082014Th,20150620082014Th.jpeg,4e9fbf07cbcd951714910627de1da417,20150620082014,20150620082014
040201-20160215175514Mh,20160215175514Mh.jpeg,fde30ab931330d90860bc5b64d4bb79e,20160215175514,20160215175514
010101-20110918112834Ch,20110918112834Ch.jpeg,3e323eccbae21a2de3cb2703855537ea,20110918112834,20110918112834
010102-20110918112834Ch,20110918112834Ch.jpeg,3e323eccbae21a2de3cb2703855537ea,20110918112834,20110918112834
010403-20111215063134Lh,20111215063134Lh.jpeg,94aa2fa5d13b7daac361f1ffdddf3499,20111215063134,20111215063134
010401-20111215063134Lh,20111215063134Lh.jpeg,94aa2fa5d13b7daac361f1ffdddf3499,20111215063134,20111215063134
010402-20111215063134Lh,20111215063134Lh.jpeg,94aa2fa5d13b7daac361f1ffdddf3499,20111215063134,20111215063134
010202-20220617185352Mh,20220617185352Mh.jpeg,cea9719b3ad222c21342216edc7172c8,20220617185352,20220617185352
050302-20110211084114Th,20110211084114Th.jpeg,b34ebaacdfc76a5887c71f5571d375a8,20110211084114,20110211084114
010103-20110914063134Lh,20110914063134Lh.jpeg,4169e7299ad2ea6b03ef272acb629ddd,20110914063134,20110914063134
010101-20110914063134Lh,20110914063134Lh.jpeg,4169e7299ad2ea6b03ef272acb629ddd,20110914063134,20110914063134
010102-20110914063134Lh,20110914063134Lh.jpeg,4169e7299ad2ea6b03ef272acb629ddd,20110914063134,20110914063134
030302-20151011144554Bh,20151011144554Bh.jpeg,59722a1631bc172acf06f41b93ccce80,20151011144554,20151011144554
050102-20141216222634Lh,20141216222634Lh.jpeg,e0a2b1605afcacc700147e8a8a4a54b4,20141216222634,20141216222634
050103-20141216222634Lh,20141216222634Lh.jpeg,e0a2b1605afcacc700147e8a8a4a54b4,20141216222634,20141216222634
050101-20141216222634Lh,20141216222634Lh.jpeg,e0a2b1605afcacc700147e8a8a4a54b4,20141216222634,20141216222634
010203-20130919060834Lh,20130919060834Lh.jpeg,f40e3f6900d2986bba659b6b3b9e30d5,20130919060834,20130919060834
030101-20120313063154Uh,20120313063154Uh.jpeg,ba4fb0d6e5963a0886d0bcb19a352f60,20120313063154,20120313063154
040102-20171109023950Uh,20171109023950Uh.jpeg,fbfb61e8bfc7c1026d389815c586d94d,20171109023950,20171109023950
030302-20160125154854Bh,20160125154854Bh.jpeg,37f74bfddbd7a32385cb150c62cae6e3,20160125154854,20160125154854
030101-20130225171214Mh,20130225171214Mh.jpeg,5bdff38b61c79fe7dc16b52afa019af5,20130225171214,20130225171214
020101-20151212171154Bh,20151212171154Bh.jpeg,599433108a8d9b02ddf11545a6550d9c,20151212171154,20151212171154
030403-20121108155954Bh,20121108155954Bh.jpeg,822de83a4ddcc049d80028e7ecdaca96,20121108155954,20121108155954
030101-20130510134654Bh,20130510134654Bh.jpeg,f464a42175aff33cb686800387821a3f,20130510134654,20130510134654
060403-20180301050430Lh,20180301050430Lh.jpeg,2b2754061134f54d1d18501728c7e1a0,20180301050430,20180301050430
010101-20150806082034Lh,20150806082034Lh.jpeg,4d50cf5a8b7c3c47e597a7e9c1068815,20150806082034,20150806082034
010102-20150806082034Lh,20150806082034Lh.jpeg,4d50cf5a8b7c3c47e597a7e9c1068815,20150806082034,20150806082034
010403-20210817165030Mh,20210817165030Mh.jpeg,a789b6a754c391646a5d88d5d22ded5e,20210817165030,20210817165030
010402-20210817165030Mh,20210817165030Mh.jpeg,a789b6a754c391646a5d88d5d22ded5e,20210817165030,20210817165030
010401-20210817165030Mh,20210817165030Mh.jpeg,a789b6a754c391646a5d88d5d22ded5e,20210817165030,20210817165030
040201-20111019063154Uh,20111019063154Uh.jpeg,0457c043a8b019fdd9e0db58c3799497,20111019063154,20111019063154
020101-20110521063134Lh,20110521063134Lh.jpeg,bb478ad014f6aa4ab3b92f6dbbb9169a,20110521063134,20110521063134
050103-20220622205632Bh,20220622205632Bh.jpeg,732b43b2184d463c8df6e4123679cdb1,20220622205632,20220622205632
050102-20220622205632Bh,20220622205632Bh.jpeg,732b43b2184d463c8df6e4123679cdb1,20220622205632,20220622205632
050101-20220622205632Bh,20220622205632Bh.jpeg,732b43b2184d463c8df6e4123679cdb1,20220622205632,20220622205632
010101-20120206063134Lh,20120206063134Lh.jpeg,825974fb5cde256cf299b2831d858fb4,20120206063134,20120206063134
010102-20120206063134Lh,20120206063134Lh.jpeg,825974fb5cde256cf299b2831d858fb4,20120206063134,20120206063134
040401-20140716195854Bh,20140716195854Bh.jpeg,78cacd259403440f8029ba18f06b0040,20140716195854,20140716195854
050102-20130218220314Mh,20130218220314Mh.jpeg,12b7ff94ffb488286204000bf1e23391,20130218220314,20130218220314
050103-20130218220314Mh,20130218220314Mh.jpeg,12b7ff94ffb488286204000bf1e23391,20130218220314,20130218220314
050101-20130218220314Mh,20130218220314Mh.jpeg,12b7ff94ffb488286204000bf1e23391,20130218220314,20130218220314
040102-20200806053830Lh,20200806053830Lh.jpeg,d78e0b173b6ffd6c8ec2eb723deab1b4,20200806053830,20200806053830
010102-20170103030554Uh,20170103030554Uh.jpeg,72c7bb872ce114a4db8328002658455f,20170103030554,20170103030554
010101-20170103030554Uh,20170103030554Uh.jpeg,72c7bb872ce114a4db8328002658455f,20170103030554,20170103030554
010103-20170103030554Uh,20170103030554Uh.jpeg,72c7bb872ce114a4db8328002658455f,20170103030554,20170103030554
030403-20120907141954Bh,20120907141954Bh.jpeg,52e2705af348bddba5f1176a0158e993,20120907141954,20120907141954
020401-20111018063134Lh,20111018063134Lh.jpeg,bc08205319d1f2a28897dac6696d1687,20111018063134,20111018063134
020403-20111018063134Lh,20111018063134Lh.jpeg,bc08205319d1f2a28897dac6696d1687,20111018063134,20111018063134
050202-20150621161314Mh,20150621161314Mh.jpeg,0801535ec5bf4456d01bc8b0602a8972,20150621161314,20150621161314
040102-20161002225034Lh,20161002225034Lh.jpeg,b489f8e4c4aad42049a01b231f362148,20161002225034,20161002225034
050302-20170503013050Uh,20170503013050Uh.jpeg,0f119b15647f82c6ee4d8ecb2540ece9,20170503013050,20170503013050
030302-20170323041730Lh,20170323041730Lh.jpeg,c6009d53999eec87e6068a945d789c0c,20170323041730,20170323041730
010403-20150614162514Mh,20150614162514Mh.jpeg,48cb3f44d28857454033311c1f7cf727,20150614162514,20150614162514
010402-20150614162514Mh,20150614162514Mh.jpeg,48cb3f44d28857454033311c1f7cf727,20150614162514,20150614162514
010401-20150614162514Mh,20150614162514Mh.jpeg,48cb3f44d28857454033311c1f7cf727,20150614162514,20150614162514
040102-20150225171114Mh,20150225171114Mh.jpeg,3dcaf6de9454945ba667425513c6f2c1,20150225171114,20150225171114
020403-20171022170710Mh,20171022170710Mh.jpeg,4ef6a998d6222634b31421eb931f1b78,20171022170710,20171022170710
020401-20171022170710Mh,20171022170710Mh.jpeg,4ef6a998d6222634b31421eb931f1b78,20171022170710,20171022170710
020401-20110707074514Th,20110707074514Th.jpeg,ac05e1dffcba9667ca8115c74bb12316,20110707074514,20110707074514
020403-20110707074514Th,20110707074514Th.jpeg,ac05e1dffcba9667ca8115c74bb12316,20110707074514,20110707074514
010402-20131027025654Uh,20131027025654Uh.jpeg,438bd4daca9f70dba76a25e3e37e0b0f,20131027025654,20131027025654
010401-20131027025654Uh,20131027025654Uh.jpeg,438bd4daca9f70dba76a25e3e37e0b0f,20131027025654,20131027025654
010403-20131027025654Uh,20131027025654Uh.jpeg,438bd4daca9f70dba76a25e3e37e0b0f,20131027025654,20131027025654
040102-20211229120130Ch,20211229120130Ch.jpeg,71f4d2d1e07befd544129f56ed703c98,20211229120130,20211229120130
060403-20151116201114Mh,20151116201114Mh.jpeg,7669d816ceb8ae1aad73aacc984c164c,20151116201114,20151116201114
060403-20170125133734Ch,20170125133734Ch.jpeg,39c900357914983b392fdae63f67ca76,20170125133734,20170125133734
050202-20121219063154Uh,20121219063154Uh.jpeg,3860cfc6cfcfabdb7870cd3ac0ca5741,20121219063154,20121219063154
010102-20130903060834Lh,20130903060834Lh.jpeg,68cfcb589e0d641b9a17440de3746688,20130903060834,20130903060834
010101-20130903060834Lh,20130903060834Lh.jpeg,68cfcb589e0d641b9a17440de3746688,20130903060834,20130903060834
040401-20170806133710Th,20170806133710Th.jpeg,364b10df0258b411fb81823da5f3b885,20170806133710,20170806133710
050202-20120523163014Mh,20120523163014Mh.jpeg,ac625021b5e790310b19647001a1c42b,20120523163014,20120523163014
050202-20150327145114Th,20150327145114Th.jpeg,45d9d8ac4ce2fd359e9cf58829ae1db4,20150327145114,20150327145114
010302-20151213023454Uh,20151213023454Uh.jpeg,1b1e3fa689c5bb8589d97e879b51cbdc,20151213023454,20151213023454
030302-20161210133714Th,20161210133714Th.jpeg,bc3032b7ea34d9c4b88b79e9cf249ddb,20161210133714,20161210133714
010203-20130807073114Th,20130807073114Th.jpeg,4575d5418c2d3c7253a75c3d9cd4d49a,20130807073114,20130807073114
010202-20130807073114Th,20130807073114Th.jpeg,4575d5418c2d3c7253a75c3d9cd4d49a,20130807073114,20130807073114
010101-20141129222134Lh,20141129222134Lh.jpeg,d85e48d75418c5a42576e03eb2bdc4b3,20141129222134,20141129222134
010102-20141129222134Lh,20141129222134Lh.jpeg,d85e48d75418c5a42576e03eb2bdc4b3,20141129222134,20141129222134
050103-20171115170950Bh,20171115170950Bh.jpeg,f459391530b08a212913d99d69d51641,20171115170950,20171115170950
050101-20171115170950Bh,20171115170950Bh.jpeg,f459391530b08a212913d99d69d51641,20171115170950,20171115170950
010301-20140605195854Bh,20140605195854Bh.jpeg,f9f974a1ca625a3ff60a9a42cd0325d0,20140605195854,20140605195854
010302-20140605195854Bh,20140605195854Bh.jpeg,f9f974a1ca625a3ff60a9a42cd0325d0,20140605195854,20140605195854
040401-20110119082634Lh,20110119082634Lh.jpeg,d04b0a138ef51b75b5b20e0cfa697af0,20110119082634,20110119082634
050103-20180801232450Bh,20180801232450Bh.jpeg,df7708b11dbf7348aaa6c31dfb2dc977,20180801232450,20180801232450
030302-20120712123634Ch,20120712123634Ch.jpeg,bf19e13092ba17b3b61eaf7e0a95f31a,20120712123634,20120712123634
010402-20160920230134Lh,20160920230134Lh.jpeg,684b04bc66349c4d68b1a9590b76b8a6,20160920230134,20160920230134
010403-20160920230134Lh,20160920230134Lh.jpeg,684b04bc66349c4d68b1a9590b76b8a6,20160920230134,20160920230134
010401-20160920230134Lh,20160920230134Lh.jpeg,684b04bc66349c4d68b1a9590b76b8a6,20160920230134,20160920230134
050103-20180202130330Ch,20180202130330Ch.jpeg,92d9564d851d32917ee90896823722b7,20180202130330,20180202130330
050102-20180202130330Ch,20180202130330Ch.jpeg,92d9564d851d32917ee90896823722b7,20180202130330,20180202130330
050101-20180202130330Ch,20180202130330Ch.jpeg,92d9564d851d32917ee90896823722b7,20180202130330,20180202130330
040102-20121207103034Ch,20121207103034Ch.jpeg,7731389faff71b86b16988ae7132714f,20121207103034,20121207103034
010401-20150308081954Uh,20150308081954Uh.jpeg,348511c1bc61d5e6715a17567b4b344a,20150308081954,20150308081954
010402-20150308081954Uh,20150308081954Uh.jpeg,348511c1bc61d5e6715a17567b4b344a,20150308081954,20150308081954
010403-20150308081954Uh,20150308081954Uh.jpeg,348511c1bc61d5e6715a17567b4b344a,20150308081954,20150308081954
060102-20160724135554Bh,20160724135554Bh.jpeg,95871cddee7cd39facb8262c20a05812,20160724135554,20160724135554
050102-20160617133654Bh,20160617133654Bh.jpeg,7230cf947bd27ea5a01da7908afffbd6,20160617133654,20160617133654
050103-20160617133654Bh,20160617133654Bh.jpeg,7230cf947bd27ea5a01da7908afffbd6,20160617133654,20160617133654
050101-20160617133654Bh,20160617133654Bh.jpeg,7230cf947bd27ea5a01da7908afffbd6,20160617133654,20160617133654
050101-20120720085114Th,20120720085114Th.jpeg,d3c8558a832f72ef69c805498ae99868,20120720085114,20120720085114
050102-20120720085114Th,20120720085114Th.jpeg,d3c8558a832f72ef69c805498ae99868,20120720085114,20120720085114
050103-20120720085114Th,20120720085114Th.jpeg,d3c8558a832f72ef69c805498ae99868,20120720085114,20120720085114
010403-20130221063134Lh,20130221063134Lh.jpeg,b8f9a2b999402227eb1c0a95211cbe7b,20130221063134,20130221063134
010401-20130221063134Lh,20130221063134Lh.jpeg,b8f9a2b999402227eb1c0a95211cbe7b,20130221063134,20130221063134
010402-20130221063134Lh,20130221063134Lh.jpeg,b8f9a2b999402227eb1c0a95211cbe7b,20130221063134,20130221063134
040302-20220104043050Uh,20220104043050Uh.jpeg,b0f9b11de59d8791dceea2fab9f19adb,20220104043050,20220104043050
010403-20110301082654Uh,20110301082654Uh.jpeg,cfb8a7f92c9a6807e39d4609235aece7,20110301082654,20110301082654
010401-20110301082654Uh,20110301082654Uh.jpeg,cfb8a7f92c9a6807e39d4609235aece7,20110301082654,20110301082654
010402-20110301082654Uh,20110301082654Uh.jpeg,cfb8a7f92c9a6807e39d4609235aece7,20110301082654,20110301082654
020101-20151106171514Mh,20151106171514Mh.jpeg,09894540c6e183872b8fe42dc2b2dc8f,20151106171514,20151106171514
020401-20110616133454Bh,20110616133454Bh.jpeg,ed8ee4cb4e3e4c97db4906c7480f7e71,20110616133454,20110616133454
020403-20110616133454Bh,20110616133454Bh.jpeg,ed8ee4cb4e3e4c97db4906c7480f7e71,20110616133454,20110616133454
030302-20160510163914Mh,20160510163914Mh.jpeg,d849d08a40bef00ca59f1977b97cb001,20160510163914,20160510163914
040301-20151128133734Ch,20151128133734Ch.jpeg,25763790360dd20e1647a12c258c5aa1,20151128133734,20151128133734
040302-20151128133734Ch,20151128133734Ch.jpeg,25763790360dd20e1647a12c258c5aa1,20151128133734,20151128133734
010203-20141022223334Lh,20141022223334Lh.jpeg,6cb2ce914947024a449940fb0a708637,20141022223334,20141022223334
010403-20110923165814Mh,20110923165814Mh.jpeg,567e0ed023f3accbfd8c7e0fc38a0994,20110923165814,20110923165814
010401-20110923165814Mh,20110923165814Mh.jpeg,567e0ed023f3accbfd8c7e0fc38a0994,20110923165814,20110923165814
010402-20110923165814Mh,20110923165814Mh.jpeg,567e0ed023f3accbfd8c7e0fc38a0994,20110923165814,20110923165814
040102-20130326063134Lh,20130326063134Lh.jpeg,a4cf798f98dede7dd957b5381157ad1d,20130326063134,20130326063134
010203-20180804234530Lh,20180804234530Lh.jpeg,c3d7894d433cba72452bbf890e66e820,20180804234530,20180804234530
010201-20180804234530Lh,20180804234530Lh.jpeg,c3d7894d433cba72452bbf890e66e820,20180804234530,20180804234530
010202-20180804234530Lh,20180804234530Lh.jpeg,c3d7894d433cba72452bbf890e66e820,20180804234530,20180804234530
030101-20160726135354Bh,20160726135354Bh.jpeg,ceb12f07beef66c2e2dfce8ba4ab7757,20160726135354,20160726135354
020101-20120827085114Th,20120827085114Th.jpeg,069e2f63274e69ea56bde7d0074e8d34,20120827085114,20120827085114
030401-20170925225630Lh,20170925225630Lh.jpeg,0eb3100f9096097642dd296815403dc1,20170925225630,20170925225630
030101-20120403083114Th,20120403083114Th.jpeg,0fdf8d19e01b7fa0c408ce8ff6c61c04,20120403083114,20120403083114
040201-20210814044930Lh,20210814044930Lh.jpeg,41846ac277cc35504cf851356716e436,20210814044930,20210814044930
040102-20170702133730Ch,20170702133730Ch.jpeg,17acd75ca8829ae8ad8b519b9f59a836,20170702133730,20170702133730
030101-20160609133654Bh,20160609133654Bh.jpeg,3654893f7db8f94ba29623509fbec8a2,20160609133654,20160609133654
020401-20200114073230Lh,20200114073230Lh.jpeg,4b9b987f262b45a7a5a9c9d8e8312194,20200114073230,20200114073230
020403-20200114073230Lh,20200114073230Lh.jpeg,4b9b987f262b45a7a5a9c9d8e8312194,20200114073230,20200114073230
030302-20130324015554Uh,20130324015554Uh.jpeg,20809d7433ce70c2f062c15342b4d692,20130324015554,20130324015554
010401-20120104063134Lh,20120104063134Lh.jpeg,f36efd7ebd0a7d894fd93fa19dd53ade,20120104063134,20120104063134
010403-20120104063134Lh,20120104063134Lh.jpeg,f36efd7ebd0a7d894fd93fa19dd53ade,20120104063134,20120104063134
050102-20131229112414Th,20131229112414Th.jpeg,ee6908a480c2a0d7be6c61f87eae509a,20131229112414,20131229112414
050101-20131229112414Th,20131229112414Th.jpeg,ee6908a480c2a0d7be6c61f87eae509a,20131229112414,20131229112414
050103-20131229112414Th,20131229112414Th.jpeg,ee6908a480c2a0d7be6c61f87eae509a,20131229112414,20131229112414
030302-20140712195854Bh,20140712195854Bh.jpeg,a913af6b613764aea7404a3827c2c39a,20140712195854,20140712195854
040401-20110728084714Th,20110728084714Th.jpeg,5de3b884bcfdae51436a6a0ebaa126da,20110728084714,20110728084714
040102-20111214063134Lh,20111214063134Lh.jpeg,449afda84598c8a442621c2d6d451ccb,20111214063134,20111214063134
030101-20110623063134Lh,20110623063134Lh.jpeg,0fce952dd9676b79d7a221c791180ccf,20110623063134,20110623063134
040102-20150119082034Lh,20150119082034Lh.jpeg,2356295d13856a16dd8d490addec62f5,20150119082034,20150119082034
050202-20140803234534Lh,20140803234534Lh.jpeg,ecf973ba6b5f73338d0e39b92420c050,20140803234534,20140803234534
010401-20161205133714Th,20161205133714Th.jpeg,3b81721cb32dea60e2791da77bcdfb42,20161205133714,20161205133714
010403-20161205133714Th,20161205133714Th.jpeg,3b81721cb32dea60e2791da77bcdfb42,20161205133714,20161205133714
010402-20161205133714Th,20161205133714Th.jpeg,3b81721cb32dea60e2791da77bcdfb42,20161205133714,20161205133714
010202-20140225163314Th,20140225163314Th.jpeg,cf704a1a4924e069fe7fb6da03198d89,20140225163314,20140225163314
010201-20140225163314Th,20140225163314Th.jpeg,cf704a1a4924e069fe7fb6da03198d89,20140225163314,20140225163314
010202-20141004075414Th,20141004075414Th.jpeg,67ed1b848fb426ba8af6cb56477e8d2c,20141004075414,20141004075414
010203-20141004075414Th,20141004075414Th.jpeg,67ed1b848fb426ba8af6cb56477e8d2c,20141004075414,20141004075414
040302-20210331231510Mh,20210331231510Mh.jpeg,d703be9659991e5990bd3cfede124db4,20210331231510,20210331231510
040301-20210331231510Mh,20210331231510Mh.jpeg,d703be9659991e5990bd3cfede124db4,20210331231510,20210331231510
040301-20111201063154Uh,20111201063154Uh.jpeg,49094b9b48811f07d78f2e42e2acbbb5,20111201063154,20111201063154
010201-20120917142654Bh,20120917142654Bh.jpeg,59f74793d2dc1dda4dce6b6b5faf3897,20120917142654,20120917142654
010203-20120917142654Bh,20120917142654Bh.jpeg,59f74793d2dc1dda4dce6b6b5faf3897,20120917142654,20120917142654
010202-20120917142654Bh,20120917142654Bh.jpeg,59f74793d2dc1dda4dce6b6b5faf3897,20120917142654,20120917142654
030403-20140723071614Th,20140723071614Th.jpeg,6781bd59554ef1d02f6818b40575f9d0,20140723071614,20140723071614
020403-20160628152654Bh,20160628152654Bh.jpeg,a910c4a3ab076af79727b3087508a67e,20160628152654,20160628152654
020401-20160628152654Bh,20160628152654Bh.jpeg,a910c4a3ab076af79727b3087508a67e,20160628152654,20160628152654
050103-20130305112734Ch,20130305112734Ch.jpeg,102cf7fb01d55ce5104dd4832a044e41,20130305112734,20130305112734
050101-20130305112734Ch,20130305112734Ch.jpeg,102cf7fb01d55ce5104dd4832a044e41,20130305112734,20130305112734
050102-20130305112734Ch,20130305112734Ch.jpeg,102cf7fb01d55ce5104dd4832a044e41,20130305112734,20130305112734
050101-20150216171714Mh,20150216171714Mh.jpeg,f5799a55973d05739954fdca06540b26,20150216171714,20150216171714
050103-20150216171714Mh,20150216171714Mh.jpeg,f5799a55973d05739954fdca06540b26,20150216171714,20150216171714
050102-20150216171714Mh,20150216171714Mh.jpeg,f5799a55973d05739954fdca06540b26,20150216171714,20150216171714
010403-20160225173314Mh,20160225173314Mh.jpeg,4f3acec1bdf0cffa0af73884b5a1b17f,20160225173314,20160225173314
010401-20160225173314Mh,20160225173314Mh.jpeg,4f3acec1bdf0cffa0af73884b5a1b17f,20160225173314,20160225173314
010402-20160225173314Mh,20160225173314Mh.jpeg,4f3acec1bdf0cffa0af73884b5a1b17f,20160225173314,20160225173314
020101-20160201025254Uh,20160201025254Uh.jpeg,152f099ab0bb1017a74efabcbb384d14,20160201025254,20160201025254
020401-20120318063154Uh,20120318063154Uh.jpeg,5297f2589393098edd5e69ebf44ea119,20120318063154,20120318063154
020403-20120318063154Uh,20120318063154Uh.jpeg,5297f2589393098edd5e69ebf44ea119,20120318063154,20120318063154
010102-20161129022454Uh,20161129022454Uh.jpeg,9dfcf3ba90de4d27c182730f224b87b1,20161129022454,20161129022454
010101-20161129022454Uh,20161129022454Uh.jpeg,9dfcf3ba90de4d27c182730f224b87b1,20161129022454,20161129022454
050303-20121208171514Mh,20121208171514Mh.jpeg,6d196c6cbadbca258288a323b892d657,20121208171514,20121208171514
010203-20170106133714Th,20170106133714Th.jpeg,f0f9cc6cf558793719c7ad7967cb993c,20170106133714,20170106133714
040201-20130705161714Mh,20130705161714Mh.jpeg,27619cf7f516ed96411a09319e74a343,20130705161714,20130705161714
060102-20130222082914Th,20130222082914Th.jpeg,9feb4e638cd1515dda9bd57a1a176448,20130222082914,20130222082914
040401-20150629161614Mh,20150629161614Mh.jpeg,fadcce934f9a69a22162cd037b113e20,20150629161614,20150629161614
060403-20160925165814Mh,20160925165814Mh.jpeg,d0e9e328ff5c0be1eeb059b0dd3af0db,20160925165814,20160925165814
010102-20131128192214Mh,20131128192214Mh.jpeg,3414241d2258311ac0b67e015085e292,20131128192214,20131128192214
010101-20131128192214Mh,20131128192214Mh.jpeg,3414241d2258311ac0b67e015085e292,20131128192214,20131128192214
010402-20180306081810Th,20180306081810Th.jpeg,79ab1fd6bf576222bba55d0813f01b17,20180306081810,20180306081810
010401-20180306081810Th,20180306081810Th.jpeg,79ab1fd6bf576222bba55d0813f01b17,20180306081810,20180306081810
010403-20180306081810Th,20180306081810Th.jpeg,79ab1fd6bf576222bba55d0813f01b17,20180306081810,20180306081810
040102-20110824141054Bh,20110824141054Bh.jpeg,5dc8999b9c26a39dad357636493882ea,20110824141054,20110824141054
010101-20180309000910Mh,20180309000910Mh.jpeg,250dfcdfc93c7975b1feb49318a41d29,20180309000910,20180309000910
010103-20180309000910Mh,20180309000910Mh.jpeg,250dfcdfc93c7975b1feb49318a41d29,20180309000910,20180309000910
010201-20110724164614Mh,20110724164614Mh.jpeg,d0df25e084633cc440e8a3826edd64ee,20110724164614,20110724164614
030101-20110902073614Th,20110902073614Th.jpeg,56cd9e599c57f55a27974fb97e6838f8,20110902073614,20110902073614
010102-20110203082634Lh,20110203082634Lh.jpeg,e6dbfe1cb806f32370bf8e0569ef9222,20110203082634,20110203082634
010101-20110203082634Lh,20110203082634Lh.jpeg,e6dbfe1cb806f32370bf8e0569ef9222,20110203082634,20110203082634
010103-20110203082634Lh,20110203082634Lh.jpeg,e6dbfe1cb806f32370bf8e0569ef9222,20110203082634,20110203082634
030101-20210815140550Bh,20210815140550Bh.jpeg,297f04f4cc615838caf63ed14400b9ff,20210815140550,20210815140550
040301-20161012133734Ch,20161012133734Ch.jpeg,387c5a4a96ff91754d5ad7cbff3392ec,20161012133734,20161012133734
010203-20130208063154Uh,20130208063154Uh.jpeg,e395300a227437f5400c923eea6abb95,20130208063154,20130208063154
050303-20151209201754Bh,20151209201754Bh.jpeg,70160780934c52c91bff47648de48dd6,20151209201754,20151209201754
050202-20160326143654Bh,20160326143654Bh.jpeg,dbd1652939eccb7fcd44684807c797cc,20160326143654,20160326143654
020401-20110324082614Th,20110324082614Th.jpeg,e0d1d30adb193f23583f5d60fc892234,20110324082614,20110324082614
020403-20110324082614Th,20110324082614Th.jpeg,e0d1d30adb193f23583f5d60fc892234,20110324082614,20110324082614
050101-20131225065154Uh,20131225065154Uh.jpeg,d168dedaf6741d5afb79dd98da65d1fa,20131225065154,20131225065154
050103-20131225065154Uh,20131225065154Uh.jpeg,d168dedaf6741d5afb79dd98da65d1fa,20131225065154,20131225065154
050102-20131225065154Uh,20131225065154Uh.jpeg,d168dedaf6741d5afb79dd98da65d1fa,20131225065154,20131225065154
010302-20170831170750Bh,20170831170750Bh.jpeg,57450b44dc0dc2025c0f58be20885449,20170831170750,20170831170750
010303-20170831170750Bh,20170831170750Bh.jpeg,57450b44dc0dc2025c0f58be20885449,20170831170750,20170831170750
030101-20130111104734Ch,20130111104734Ch.jpeg,19132ee794f21413700c87e46973bf86,20130111104734,20130111104734
010403-20130319144654Bh,20130319144654Bh.jpeg,1b5ffb162273b5a21f117275c2540193,20130319144654,20130319144654
010402-20130319144654Bh,20130319144654Bh.jpeg,1b5ffb162273b5a21f117275c2540193,20130319144654,20130319144654
010401-20130319144654Bh,20130319144654Bh.jpeg,1b5ffb162273b5a21f117275c2540193,20130319144654,20130319144654
050202-20120213063134Lh,20120213063134Lh.jpeg,3ea4c6961579bbf7793ef6a1327e1155,20120213063134,20120213063134
010403-20141112195854Bh,20141112195854Bh.jpeg,6b20a9f225653ee8ea87de11f641d5f1,20141112195854,20141112195854
010401-20141112195854Bh,20141112195854Bh.jpeg,6b20a9f225653ee8ea87de11f641d5f1,20141112195854,20141112195854
010402-20141112195854Bh,20141112195854Bh.jpeg,6b20a9f225653ee8ea87de11f641d5f1,20141112195854,20141112195854
010203-20150716162114Mh,20150716162114Mh.jpeg,a48f6c64c2957f7acecf89faf8f240d4,20150716162114,20150716162114
010202-20150716162114Mh,20150716162114Mh.jpeg,a48f6c64c2957f7acecf89faf8f240d4,20150716162114,20150716162114
060403-20141012195854Bh,20141012195854Bh.jpeg,6cb73412e355b86cd9ad1e598a3aa716,20141012195854,20141012195854
010102-20200110073230Lh,20200110073230Lh.jpeg,3da256da1584a4223f37db460d6e5483,20200110073230,20200110073230
010103-20200110073230Lh,20200110073230Lh.jpeg,3da256da1584a4223f37db460d6e5483,20200110073230,20200110073230
010101-20200110073230Lh,20200110073230Lh.jpeg,3da256da1584a4223f37db460d6e5483,20200110073230,20200110073230
030403-20210810121630Ch,20210810121630Ch.jpeg,a13ae2b02d983686012415833ed14a7b,20210810121630,20210810121630
020101-20131020080114Th,20131020080114Th.jpeg,60942ce5b90fa2c4a2355d1dcf34ae73,20131020080114,20131020080114
030302-20121026063134Lh,20121026063134Lh.jpeg,bb31797d91309fc97ff73c9217c4226f,20121026063134,20121026063134
020101-20170722235230Lh,20170722235230Lh.jpeg,a0c8215d15ac06b1e71aab8afd80003b,20170722235230,20170722235230
050102-20171123222130Lh,20171123222130Lh.jpeg,c42aea9de4cd2a70a47390cc3c1d5df3,20171123222130,20171123222130
050103-20171123222130Lh,20171123222130Lh.jpeg,c42aea9de4cd2a70a47390cc3c1d5df3,20171123222130,20171123222130
050101-20171123222130Lh,20171123222130Lh.jpeg,c42aea9de4cd2a70a47390cc3c1d5df3,20171123222130,20171123222130
020101-20140908175354Bh,20140908175354Bh.jpeg,6a87363687d52d5494d398c39d797a51,20140908175354,20140908175354
010103-20160526011254Uh,20160526011254Uh.jpeg,fba0e4f55ec38b874f4dd69208ee80e0,20160526011254,20160526011254
010101-20160526011254Uh,20160526011254Uh.jpeg,fba0e4f55ec38b874f4dd69208ee80e0,20160526011254,20160526011254
010102-20160526011254Uh,20160526011254Uh.jpeg,fba0e4f55ec38b874f4dd69208ee80e0,20160526011254,20160526011254
050202-20150913082014Th,20150913082014Th.jpeg,42b19dc0123b622915465818251a4d84,20150913082014,20150913082014
010202-20171103222630Lh,20171103222630Lh.jpeg,06eaf9382b9ee00b0ac6c4d99546828a,20171103222630,20171103222630
010201-20171103222630Lh,20171103222630Lh.jpeg,06eaf9382b9ee00b0ac6c4d99546828a,20171103222630,20171103222630
050103-20120715123434Ch,20120715123434Ch.jpeg,230ccb93d78a4d56858ef06d581ea85a,20120715123434,20120715123434
050101-20120715123434Ch,20120715123434Ch.jpeg,230ccb93d78a4d56858ef06d581ea85a,20120715123434,20120715123434
050102-20120715123434Ch,20120715123434Ch.jpeg,230ccb93d78a4d56858ef06d581ea85a,20120715123434,20120715123434
040401-20151128133714Th,20151128133714Th.jpeg,b73047c692dd5d7acc2fe262eb21d430,20151128133714,20151128133714
040301-20150222090014Th,20150222090014Th.jpeg,6f4fad4d6b21312ac7848d4fba00b9bb,20150222090014,20150222090014
050202-20161229133734Ch,20161229133734Ch.jpeg,96fca011a285b5b1af868ec835efcd87,20161229133734,20161229133734
020401-20120225172914Mh,20120225172914Mh.jpeg,723c2ee852e6d9371f701f0fb94f6cd4,20120225172914,20120225172914
020403-20120225172914Mh,20120225172914Mh.jpeg,723c2ee852e6d9371f701f0fb94f6cd4,20120225172914,20120225172914
040301-20120218173614Mh,20120218173614Mh.jpeg,dcc2667e4eae45795ed932c3957a39cc,20120218173614,20120218173614
010103-20150927111834Ch,20150927111834Ch.jpeg,31146c00d7eba8d124f06caf909e97be,20150927111834,20150927111834
010101-20150927111834Ch,20150927111834Ch.jpeg,31146c00d7eba8d124f06caf909e97be,20150927111834,20150927111834
010102-20150927111834Ch,20150927111834Ch.jpeg,31146c00d7eba8d124f06caf909e97be,20150927111834,20150927111834
050102-20110826074214Th,20110826074214Th.jpeg,cd52fe83b1c530b96e1b3bca7c3d38a6,20110826074214,20110826074214
050103-20110826074214Th,20110826074214Th.jpeg,cd52fe83b1c530b96e1b3bca7c3d38a6,20110826074214,20110826074214
050101-20110826074214Th,20110826074214Th.jpeg,cd52fe83b1c530b96e1b3bca7c3d38a6,20110826074214,20110826074214
010401-20150325015554Uh,20150325015554Uh.jpeg,567db5907c73e272e9425cbcd53a3579,20150325015554,20150325015554
010402-20150325015554Uh,20150325015554Uh.jpeg,567db5907c73e272e9425cbcd53a3579,20150325015554,20150325015554
010403-20150325015554Uh,20150325015554Uh.jpeg,567db5907c73e272e9425cbcd53a3579,20150325015554,20150325015554
030302-20111107063154Uh,20111107063154Uh.jpeg,00aa84dac28a59510b50d57884d9d7bc,20111107063154,20111107063154
010402-20201227202710Mh,20201227202710Mh.jpeg,5e2577c4150a5b0e85ee179a3f4fd727,20201227202710,20201227202710
010403-20201227202710Mh,20201227202710Mh.jpeg,5e2577c4150a5b0e85ee179a3f4fd727,20201227202710,20201227202710
010401-20201227202710Mh,20201227202710Mh.jpeg,5e2577c4150a5b0e85ee179a3f4fd727,20201227202710,20201227202710
040102-20171123133730Ch,20171123133730Ch.jpeg,b8b70ea2d9aa2e4a8a80b4b8f5a8731d,20171123133730,20171123133730
010403-20130303063154Uh,20130303063154Uh.jpeg,267dd1ce4e3a2eee255752f91bb9a44f,20130303063154,20130303063154
010401-20130303063154Uh,20130303063154Uh.jpeg,267dd1ce4e3a2eee255752f91bb9a44f,20130303063154,20130303063154
010402-20130303063154Uh,20130303063154Uh.jpeg,267dd1ce4e3a2eee255752f91bb9a44f,20130303063154,20130303063154
040301-20110711071214Th,20110711071214Th.jpeg,a951f091320701312890e05276f91c6b,20110711071214,20110711071214
040302-20110711071214Th,20110711071214Th.jpeg,a951f091320701312890e05276f91c6b,20110711071214,20110711071214
020101-20130303063134Lh,20130303063134Lh.jpeg,b51978226e802927c2b875ea4490de43,20130303063134,20130303063134
010401-20131011195414Mh,20131011195414Mh.jpeg,1dfbda8a368eaf9279656b647ca27f59,20131011195414,20131011195414
010403-20131011195414Mh,20131011195414Mh.jpeg,1dfbda8a368eaf9279656b647ca27f59,20131011195414,20131011195414
010402-20131011195414Mh,20131011195414Mh.jpeg,1dfbda8a368eaf9279656b647ca27f59,20131011195414,20131011195414
010402-20140406195854Bh,20140406195854Bh.jpeg,ad92eb5eed9092559ca1ddc99b330dd3,20140406195854,20140406195854
010403-20140406195854Bh,20140406195854Bh.jpeg,ad92eb5eed9092559ca1ddc99b330dd3,20140406195854,20140406195854
010401-20140406195854Bh,20140406195854Bh.jpeg,ad92eb5eed9092559ca1ddc99b330dd3,20140406195854,20140406195854
040301-20170612135150Bh,20170612135150Bh.jpeg,b954b671e58ba335715bc744b251319c,20170612135150,20170612135150
030101-20110317082654Uh,20110317082654Uh.jpeg,9605b3092f64bcf4a7c39434b719d38c,20110317082654,20110317082654
060403-20150409081954Uh,20150409081954Uh.jpeg,517b4d4d3a9e174abc2c1273f809112b,20150409081954,20150409081954
010102-20131109222434Lh,20131109222434Lh.jpeg,76a76e7a3b68e83e9d5b2ec13e4eaed7,20131109222434,20131109222434
010101-20131109222434Lh,20131109222434Lh.jpeg,76a76e7a3b68e83e9d5b2ec13e4eaed7,20131109222434,20131109222434
010402-20160430133714Th,20160430133714Th.jpeg,07839a8b3ae125eb840d196d53aaa6a4,20160430133714,20160430133714
010403-20160430133714Th,20160430133714Th.jpeg,07839a8b3ae125eb840d196d53aaa6a4,20160430133714,20160430133714
030101-20110109104734Ch,20110109104734Ch.jpeg,c0c38b3ef2fad6d00d467fdeceb4d4e4,20110109104734,20110109104734
030101-20150919165814Mh,20150919165814Mh.jpeg,b5e1ce5436a4f53171e66615bac46889,20150919165814,20150919165814
050303-20151105133734Ch,20151105133734Ch.jpeg,be009b50a9eb881d6e8a581c4251ca42,20151105133734,20151105133734
010402-20120703070814Th,20120703070814Th.jpeg,832146750d7142a0e94d136f22779407,20120703070814,20120703070814
010403-20120703070814Th,20120703070814Th.jpeg,832146750d7142a0e94d136f22779407,20120703070814,20120703070814
010401-20120703070814Th,20120703070814Th.jpeg,832146750d7142a0e94d136f22779407,20120703070814,20120703070814
030302-20140501195814Mh,20140501195814Mh.jpeg,673331abc908bbd8b6a0e980a8947951,20140501195814,20140501195814
030101-20171005133730Ch,20171005133730Ch.jpeg,f9ffcd83b0563b1871366a4b465601a0,20171005133730,20171005133730
060403-20211222120130Ch,20211222120130Ch.jpeg,b92d756687f4226653324db528d21e15,20211222120130,20211222120130
010303-20180926014350Uh,20180926014350Uh.jpeg,4672b24ce7eb9da5f56a4bed028e634c,20180926014350,20180926014350
010302-20180926014350Uh,20180926014350Uh.jpeg,4672b24ce7eb9da5f56a4bed028e634c,20180926014350,20180926014350
030302-20170417232530Lh,20170417232530Lh.jpeg,935e9b7f847836885db927dce6aa3fcb,20170417232530,20170417232530
040102-20220803074752Th,20220803074752Th.jpeg,65d9b9a1712a14e59576cbcebd8c5d3d,20220803074752,20220803074752
020101-20130905073714Th,20130905073714Th.jpeg,626c870c10b483e27e8dd932dc297929,20130905073714,20130905073714
060102-20160809164914Mh,20160809164914Mh.jpeg,ce768655ca46661315b3825462c162cd,20160809164914,20160809164914
060403-20111226155454Bh,20111226155454Bh.jpeg,34c5d135ff4ab77b88ee500507b92c9c,20111226155454,20111226155454
